<programme channel="145" start="20221119015500 +0000" stop="20221119030000 +0000" catchup-id="899087079"><title>Sunshine Tour: PGA Championship Hoogtepunten</title><date></date><icon src="https://images.tv.kpn.com/epg/p9ARfv3LjH7PP9Cnam9C9CsTDhlDGWeArYdl3vbDuIEK5yw/1920x1080.jpg?blurred=false"></icon><desc>De hoogtepunten van de PGA Championship, gespeeld in de Sunshine Tour.</desc><category></category></programme><programme channel="145" start="20221119030000 +0000" stop="20221119060000 +0000" catchup-id="899087082"><title>European Tour: DP World Tour Championship - Dag 2 (herhaling)</title><date></date><icon src="https://images.tv.kpn.com/epg/JgNOu9CEdWRgeBQWRt3dF829ARgXzbhM9Cvs9BrYJ9A9AYOAQ/1920x1080.jpg?blurred=false"></icon><desc>Herhaling van de tweede dag van het DP World Tour Championship, het eindtoernooi van de European Tour, gespeeld op Jumeirah Golf Estates, in Dubai, Verenigde Arabische Emiraten.</desc><category></category></programme><programme channel="145" start="20221119060000 +0000" stop="20221119070000 +0000" catchup-id="899087085"><title>PGA Tour Champions: Charles Schwab Cup Championship (hoogtepunten)</title><date></date><icon src="https://images.tv.kpn.com/epg/p9ARfv3LjH7PP9Cnam9C9CsTDhlDGWeArYdl3vbDuIEK5yw/1920x1080.jpg?blurred=false"></icon><desc>Hoogtepunten van de PGA Tour Champions van afgelopen weekend.</desc><category></category></programme><programme channel="145" start="20221119070000 +0000" stop="20221119130500 +0000" catchup-id="899087088"><title>European Tour: DP World Tour Championship - Dag 3</title><date></date><icon src="https://images.tv.kpn.com/epg/JgNOu9CEdWRgeBQWRt3dF829ARgXzbhM9Cvs9BrYJ9A9AYOAQ/1920x1080.jpg?blurred=false"></icon><desc>Verslag van de derde dag van het DP World Tour Championship, het eindtoernooi van de European Tour, gespeeld op Jumeirah Golf Estates, in Dubai, Verenigde Arabische Emiraten.</desc><category></category></programme><programme channel="145" start="20221119130500 +0000" stop="20221119140000 +0000" catchup-id="899087091"><title>Golf: International Series Egypte (Hoogtepunten)</title><date></date><icon src="https://images.tv.kpn.com/epg/PWBOxckH26ph0JYmP00UJfZjYEWjYzcy5ZTSZfiV3cU/1920x1080.jpg?blurred=false"></icon><desc>Alle hoogtepunten de International Series Egypte, gespeeld in de Asian Tour.</desc><category></category></programme><programme channel="145" start="20221119140000 +0000" stop="20221119150500 +0000" catchup-id="899087094"><title>Golf: Cadence Bank Houston Open (Hoogtepunten)</title><date></date><icon src="https://images.tv.kpn.com/epg/lA1Vv0f9BUfkLYH0lUYX9A2p3i0OLJRmNz0u6zBzU0sbE/1920x1080.jpg?blurred=false"></icon><desc>Alle hoogtepunten de Cadence Bank Houston Open, gespeeld in de PGA Tour.</desc><category></category></programme><programme channel="145" start="20221119150500 +0000" stop="20221119163500 +0000" catchup-id="899087097"><title>LPGA: Pelican Woman's Championship Hoogtepunten</title><date></date><icon src="https://images.tv.kpn.com/epg/p9ARfv3LjH7PP9Cnam9C9CsTDhlDGWeArYdl3vbDuIEK5yw/1920x1080.jpg?blurred=false"></icon><desc>Verslag van de vierde dag van het Pelican Woman's Championship, gespeeld in de LPGA.</desc><category></category></programme><programme channel="145" start="20221119163500 +0000" stop="20221119170500 +0000" catchup-id="899087100"><title>European Tour: Nedbank Golf Challenge (hoogtepunten)</title><date></date><icon src="https://images.tv.kpn.com/epg/JgNOu9CEdWRgeBQWRt3dF829ARgXzbhM9Cvs9BrYJ9A9AYOAQ/1920x1080.jpg?blurred=false"></icon><desc>Hoogtepunten van de Nedbank Golf Challenge, gespeeld in de European Tour van 2022.</desc><category></category></programme><programme channel="145" start="20221119170500 +0000" stop="20221119180000 +0000" catchup-id="899087103"><title>Sunshine Tour: PGA Championship Hoogtepunten</title><date></date><icon src="https://images.tv.kpn.com/epg/p9ARfv3LjH7PP9Cnam9C9CsTDhlDGWeArYdl3vbDuIEK5yw/1920x1080.jpg?blurred=false"></icon><desc>De hoogtepunten van de PGA Championship, gespeeld in de Sunshine Tour.</desc><category></category></programme><programme channel="145" start="20221119180000 +0000" stop="20221119190000 +0000" catchup-id="899087106"><title>Golf: International Series Egypte (Hoogtepunten)</title><date></date><icon src="https://images.tv.kpn.com/epg/PWBOxckH26ph0JYmP00UJfZjYEWjYzcy5ZTSZfiV3cU/1920x1080.jpg?blurred=false"></icon><desc>Alle hoogtepunten de International Series Egypte, gespeeld in de Asian Tour.</desc><category></category></programme><programme channel="145" start="20221119190000 +0000" stop="20221119220000 +0000" catchup-id="899087109"><title>European Tour: DP World Tour Championship - Dag 3 (herhaling)</title><date></date><icon src="https://images.tv.kpn.com/epg/JgNOu9CEdWRgeBQWRt3dF829ARgXzbhM9Cvs9BrYJ9A9AYOAQ/1920x1080.jpg?blurred=false"></icon><desc>Herhaling van de derde dag van het DP World Tour Championship, het eindtoernooi van de European Tour, gespeeld op Jumeirah Golf Estates, in Dubai, Verenigde Arabische Emiraten.</desc><category></category></programme><programme channel="145" start="20221119220000 +0000" stop="20221119223500 +0000" catchup-id="899087112"><title>Pga Tour - The Cut</title><date></date><icon src="https://images.tv.kpn.com/epg/9BpwUuqN49Bd8hzPEL42dx7dXtxhMs0CVH33BR0Bmi3ho/1920x1080.jpg?blurred=false"></icon><desc>Golfmagazine met het laatste nieuws en achtergronden uit de US PGA Tour.</desc><category></category></programme><programme channel="145" start="20221119223500 +0000" stop="20221119230500 +0000" catchup-id="899087115"><title>European Tour: Nedbank Golf Challenge (hoogtepunten)</title><date></date><icon src="https://images.tv.kpn.com/epg/JgNOu9CEdWRgeBQWRt3dF829ARgXzbhM9Cvs9BrYJ9A9AYOAQ/1920x1080.jpg?blurred=false"></icon><desc>Hoogtepunten van de Nedbank Golf Challenge, gespeeld in de European Tour van 2022.</desc><category></category></programme><programme channel="145" start="20221119230500 +0000" stop="20221120020500 +0000" catchup-id="899131107"><title>European Tour: DP World Tour Championship - Dag 3 (herhaling)</title><date></date><icon src="https://images.tv.kpn.com/epg/JgNOu9CEdWRgeBQWRt3dF829ARgXzbhM9Cvs9BrYJ9A9AYOAQ/1920x1080.jpg?blurred=false"></icon><desc>Herhaling van de derde dag van het DP World Tour Championship, het eindtoernooi van de European Tour, gespeeld op Jumeirah Golf Estates, in Dubai, Verenigde Arabische Emiraten.</desc><category></category></programme><programme channel="145" start="20221120020500 +0000" stop="20221120030000 +0000" catchup-id="899131110"><title>Golf: International Series Egypte (Hoogtepunten)</title><date></date><icon src="https://images.tv.kpn.com/epg/PWBOxckH26ph0JYmP00UJfZjYEWjYzcy5ZTSZfiV3cU/1920x1080.jpg?blurred=false"></icon><desc>Alle hoogtepunten de International Series Egypte, gespeeld in de Asian Tour.</desc><category></category></programme><programme channel="145" start="20221120030000 +0000" stop="20221120060000 +0000" catchup-id="899131113"><title>European Tour: DP World Tour Championship - Dag 3 (herhaling)</title><date></date><icon src="https://images.tv.kpn.com/epg/JgNOu9CEdWRgeBQWRt3dF829ARgXzbhM9Cvs9BrYJ9A9AYOAQ/1920x1080.jpg?blurred=false"></icon><desc>Herhaling van de derde dag van het DP World Tour Championship, het eindtoernooi van de European Tour, gespeeld op Jumeirah Golf Estates, in Dubai, Verenigde Arabische Emiraten.</desc><category></category></programme><programme channel="145" start="20221120060000 +0000" stop="20221120063000 +0000" catchup-id="899131116"><title>Pga Tour - The Cut</title><date></date><icon src="https://images.tv.kpn.com/epg/9BpwUuqN49Bd8hzPEL42dx7dXtxhMs0CVH33BR0Bmi3ho/1920x1080.jpg?blurred=false"></icon><desc>Golfmagazine met het laatste nieuws en achtergronden uit de US PGA Tour.</desc><category></category></programme><programme channel="145" start="20221120063000 +0000" stop="20221120123500 +0000" catchup-id="899131119"><title>European Tour: DP World Tour Championship - Dag 4</title><date></date><icon src="https://images.tv.kpn.com/epg/JgNOu9CEdWRgeBQWRt3dF829ARgXzbhM9Cvs9BrYJ9A9AYOAQ/1920x1080.jpg?blurred=false"></icon><desc>Verslag van de vierde en beslissende dag van het DP World Tour Championship, het eindtoernooi van de European Tour, gespeeld op Jumeirah Golf Estates, in Dubai, Verenigde Arabische Emiraten.</desc><category></category></programme><programme channel="145" start="20221120123500 +0000" stop="20221120140500 +0000" catchup-id="899131122"><title>LPGA: Pelican Woman's Championship Hoogtepunten</title><date></date><icon src="https://images.tv.kpn.com/epg/p9ARfv3LjH7PP9Cnam9C9CsTDhlDGWeArYdl3vbDuIEK5yw/1920x1080.jpg?blurred=false"></icon><desc>Verslag van de vierde dag van het Pelican Woman's Championship, gespeeld in de LPGA.</desc><category></category></programme><programme channel="145" start="20221120140500 +0000" stop="20221120150000 +0000" catchup-id="899131125"><title>Golf: International Series Egypte (Hoogtepunten)</title><date></date><icon src="https://images.tv.kpn.com/epg/PWBOxckH26ph0JYmP00UJfZjYEWjYzcy5ZTSZfiV3cU/1920x1080.jpg?blurred=false"></icon><desc>Alle hoogtepunten de International Series Egypte, gespeeld in de Asian Tour.</desc><category></category></programme><programme channel="145" start="20221120150000 +0000" stop="20221120160000 +0000" catchup-id="899131128"><title>Sunshine Tour: PGA Championship Hoogtepunten</title><date></date><icon src="https://images.tv.kpn.com/epg/p9ARfv3LjH7PP9Cnam9C9CsTDhlDGWeArYdl3vbDuIEK5yw/1920x1080.jpg?blurred=false"></icon><desc>De hoogtepunten van de PGA Championship, gespeeld in de Sunshine Tour.</desc><category></category></programme><programme channel="145" start="20221120160000 +0000" stop="20221120170000 +0000" catchup-id="899131131"><title>Golf: Cadence Bank Houston Open (Hoogtepunten)</title><date></date><icon src="https://images.tv.kpn.com/epg/lA1Vv0f9BUfkLYH0lUYX9A2p3i0OLJRmNz0u6zBzU0sbE/1920x1080.jpg?blurred=false"></icon><desc>Alle hoogtepunten de Cadence Bank Houston Open, gespeeld in de PGA Tour.</desc><category></category></programme><programme channel="145" start="20221120170000 +0000" stop="20221120180500 +0000" catchup-id="899131134"><title>The FedExCup Official Film</title><date></date><icon src="https://images.tv.kpn.com/epg/I6ugCBpT9BeP3U8q9CW8Z6JZKt3hfPfOLvwfm8tEbGg30/1920x1080.jpg?blurred=false"></icon><desc>Hoogtepunten van de FedEx Cup Playoffs, gespeeld in de PGA Tour van 2022.</desc><category></category></programme><programme channel="145" start="20221120180500 +0000" stop="20221120183000 +0000" catchup-id="899131137"><title>Pga Tour - The Cut</title><date></date><icon src="https://images.tv.kpn.com/epg/9BpwUuqN49Bd8hzPEL42dx7dXtxhMs0CVH33BR0Bmi3ho/1920x1080.jpg?blurred=false"></icon><desc>Golfmagazine met het laatste nieuws en achtergronden uit de US PGA Tour.</desc><category></category></programme><programme channel="145" start="20221120183000 +0000" stop="20221120190000 +0000" catchup-id="899131140"><title>European Tour: Nedbank Golf Challenge (hoogtepunten)</title><date></date><icon src="https://images.tv.kpn.com/epg/JgNOu9CEdWRgeBQWRt3dF829ARgXzbhM9Cvs9BrYJ9A9AYOAQ/1920x1080.jpg?blurred=false"></icon><desc>Hoogtepunten van de Nedbank Golf Challenge, gespeeld in de European Tour van 2022.</desc><category></category></programme><programme channel="145" start="20221120190000 +0000" stop="20221120220000 +0000" catchup-id="899131143"><title>European Tour: DP World Tour Championship - Dag 4 (herhaling)</title><date></date><icon src="https://images.tv.kpn.com/epg/JgNOu9CEdWRgeBQWRt3dF829ARgXzbhM9Cvs9BrYJ9A9AYOAQ/1920x1080.jpg?blurred=false"></icon><desc>Herhaling van de vierde en beslissende dag van het DP World Tour Championship, het eindtoernooi van de European Tour, gespeeld op Jumeirah Golf Estates, in Dubai, Verenigde Arabische Emiraten.</desc><category></category></programme><programme channel="145" start="20221120220000 +0000" stop="20221120230500 +0000" catchup-id="899131146"><title>Sunshine Tour: PGA Championship Hoogtepunten</title><date></date><icon src="https://images.tv.kpn.com/epg/p9ARfv3LjH7PP9Cnam9C9CsTDhlDGWeArYdl3vbDuIEK5yw/1920x1080.jpg?blurred=false"></icon><desc>De hoogtepunten van de PGA Championship, gespeeld in de Sunshine Tour.</desc><category></category></programme><programme channel="145" start="20221120230500 +0000" stop="20221121020500 +0000" catchup-id="899172687"><title>European Tour: DP World Tour Championship - Dag 4 (herhaling)</title><date></date><icon src="https://images.tv.kpn.com/epg/JgNOu9CEdWRgeBQWRt3dF829ARgXzbhM9Cvs9BrYJ9A9AYOAQ/1920x1080.jpg?blurred=false"></icon><desc>Herhaling van de vierde en beslissende dag van het DP World Tour Championship, het eindtoernooi van de European Tour, gespeeld op Jumeirah Golf Estates, in Dubai, Verenigde Arabische Emiraten.</desc><category></category></programme><programme channel="145" start="20221121020500 +0000" stop="20221121022500 +0000" catchup-id="899172690"><title>Pga Tour - The Cut</title><date></date><icon src="https://images.tv.kpn.com/epg/9BpwUuqN49Bd8hzPEL42dx7dXtxhMs0CVH33BR0Bmi3ho/1920x1080.jpg?blurred=false"></icon><desc>Golfmagazine met het laatste nieuws en achtergronden uit de US PGA Tour.</desc><category></category></programme><programme channel="145" start="20221121022500 +0000" stop="20221121025000 +0000" catchup-id="899172693"><title>European Tour: Nedbank Golf Challenge (hoogtepunten)</title><date></date><icon src="https://images.tv.kpn.com/epg/JgNOu9CEdWRgeBQWRt3dF829ARgXzbhM9Cvs9BrYJ9A9AYOAQ/1920x1080.jpg?blurred=false"></icon><desc>Hoogtepunten van de Nedbank Golf Challenge, gespeeld in de European Tour van 2022.</desc><category></category></programme><programme channel="145" start="20221121025000 +0000" stop="20221121060000 +0000" catchup-id="899172696"><title>European Tour: DP World Tour Championship - Dag 4 (herhaling)</title><date></date><icon src="https://images.tv.kpn.com/epg/JgNOu9CEdWRgeBQWRt3dF829ARgXzbhM9Cvs9BrYJ9A9AYOAQ/1920x1080.jpg?blurred=false"></icon><desc>Herhaling van de vierde en beslissende dag van het DP World Tour Championship, het eindtoernooi van de European Tour, gespeeld op Jumeirah Golf Estates, in Dubai, Verenigde Arabische Emiraten.</desc><category></category></programme><programme channel="145" start="20221121060000 +0000" stop="20221121090000 +0000" catchup-id="899172699"><title>European Tour: DP World Tour Championship - Dag 3 (herhaling)</title><date></date><icon src="https://images.tv.kpn.com/epg/JgNOu9CEdWRgeBQWRt3dF829ARgXzbhM9Cvs9BrYJ9A9AYOAQ/1920x1080.jpg?blurred=false"></icon><desc>Herhaling van de derde dag van het DP World Tour Championship, het eindtoernooi van de European Tour, gespeeld op Jumeirah Golf Estates, in Dubai, Verenigde Arabische Emiraten.</desc><category></category></programme><programme channel="145" start="20221121090000 +0000" stop="20221121100500 +0000" catchup-id="899172702"><title>Sunshine Tour: PGA Championship Hoogtepunten</title><date></date><icon src="https://images.tv.kpn.com/epg/p9ARfv3LjH7PP9Cnam9C9CsTDhlDGWeArYdl3vbDuIEK5yw/1920x1080.jpg?blurred=false"></icon><desc>De hoogtepunten van de PGA Championship, gespeeld in de Sunshine Tour.</desc><category></category></programme><programme channel="145" start="20221121100500 +0000" stop="20221121110000 +0000" catchup-id="899172705"><title>Golf: International Series Egypte (Hoogtepunten)</title><date></date><icon src="https://images.tv.kpn.com/epg/PWBOxckH26ph0JYmP00UJfZjYEWjYzcy5ZTSZfiV3cU/1920x1080.jpg?blurred=false"></icon><desc>Alle hoogtepunten de International Series Egypte, gespeeld in de Asian Tour.</desc><category></category></programme><programme channel="145" start="20221121110000 +0000" stop="20221121140000 +0000" catchup-id="899172708"><title>European Tour: DP World Tour Championship - Dag 3 (herhaling)</title><date></date><icon src="https://images.tv.kpn.com/epg/JgNOu9CEdWRgeBQWRt3dF829ARgXzbhM9Cvs9BrYJ9A9AYOAQ/1920x1080.jpg?blurred=false"></icon><desc>Herhaling van de derde dag van het DP World Tour Championship, het eindtoernooi van de European Tour, gespeeld op Jumeirah Golf Estates, in Dubai, Verenigde Arabische Emiraten.</desc><category></category></programme><programme channel="145" start="20221121140000 +0000" stop="20221121170000 +0000" catchup-id="899172711"><title>European Tour: DP World Tour Championship - Dag 4 (herhaling)</title><date></date><icon src="https://images.tv.kpn.com/epg/JgNOu9CEdWRgeBQWRt3dF829ARgXzbhM9Cvs9BrYJ9A9AYOAQ/1920x1080.jpg?blurred=false"></icon><desc>Herhaling van de vierde en beslissende dag van het DP World Tour Championship, het eindtoernooi van de European Tour, gespeeld op Jumeirah Golf Estates, in Dubai, Verenigde Arabische Emiraten.</desc><category></category></programme><programme channel="145" start="20221121170000 +0000" stop="20221121173000 +0000" catchup-id="899172714"><title>Pga Tour - The Cut</title><date></date><icon src="https://images.tv.kpn.com/epg/9BpwUuqN49Bd8hzPEL42dx7dXtxhMs0CVH33BR0Bmi3ho/1920x1080.jpg?blurred=false"></icon><desc>Golfmagazine met het laatste nieuws en achtergronden uit de US PGA Tour.</desc><category></category></programme><programme channel="145" start="20221121173000 +0000" stop="20221121182500 +0000" catchup-id="899172717"><title>Golf: Cadence Bank Houston Open (Hoogtepunten)</title><date></date><icon src="https://images.tv.kpn.com/epg/lA1Vv0f9BUfkLYH0lUYX9A2p3i0OLJRmNz0u6zBzU0sbE/1920x1080.jpg?blurred=false"></icon><desc>Alle hoogtepunten de Cadence Bank Houston Open, gespeeld in de PGA Tour.</desc><category></category></programme><programme channel="145" start="20221121182500 +0000" stop="20221121200500 +0000" catchup-id="899172720"><title>LPGA: CME Group Tour Championship Hoogtepunten</title><date></date><icon src="https://images.tv.kpn.com/epg/p9ARfv3LjH7PP9Cnam9C9CsTDhlDGWeArYdl3vbDuIEK5yw/1920x1080.jpg?blurred=false"></icon><desc>Verslag van de vierde dag van het CME Group Tour Championship, gespeeld in de LPGA.</desc><category></category></programme><programme channel="145" start="20221121200500 +0000" stop="20221121220500 +0000" catchup-id="899172723"><title>European Tour: DP World Tour Championship - Dag 4 (samenvatting)</title><date></date><icon src="https://images.tv.kpn.com/epg/JgNOu9CEdWRgeBQWRt3dF829ARgXzbhM9Cvs9BrYJ9A9AYOAQ/1920x1080.jpg?blurred=false"></icon><desc>Samenvatting van de vierde en beslissende dag van het DP World Tour Championship, het eindtoernooi van de European Tour, gespeeld op Jumeirah Golf Estates, in Dubai, Verenigde Arabische Emiraten.</desc><category></category></programme><programme channel="145" start="20221121220500 +0000" stop="20221121230000 +0000" catchup-id="899172726"><title>The FedExCup Official Film</title><date></date><icon src="https://images.tv.kpn.com/epg/I6ugCBpT9BeP3U8q9CW8Z6JZKt3hfPfOLvwfm8tEbGg30/1920x1080.jpg?blurred=false"></icon><desc>Hoogtepunten van de FedEx Cup Playoffs, gespeeld in de PGA Tour van 2022.</desc><category></category></programme><programme channel="145" start="20221121230000 +0000" stop="20221122020000 +0000" catchup-id="899216262"><title>European Tour: DP World Tour Championship - Dag 3 (herhaling)</title><date></date><icon src="https://images.tv.kpn.com/epg/JgNOu9CEdWRgeBQWRt3dF829ARgXzbhM9Cvs9BrYJ9A9AYOAQ/1920x1080.jpg?blurred=false"></icon><desc>Herhaling van de derde dag van het DP World Tour Championship, het eindtoernooi van de European Tour, gespeeld op Jumeirah Golf Estates, in Dubai, Verenigde Arabische Emiraten.</desc><category></category></programme><programme channel="145" start="20221122020000 +0000" stop="20221122030000 +0000" catchup-id="899216265"><title>Golf: Cadence Bank Houston Open (Hoogtepunten)</title><date></date><icon src="https://images.tv.kpn.com/epg/lA1Vv0f9BUfkLYH0lUYX9A2p3i0OLJRmNz0u6zBzU0sbE/1920x1080.jpg?blurred=false"></icon><desc>Alle hoogtepunten de Cadence Bank Houston Open, gespeeld in de PGA Tour.</desc><category></category></programme><programme channel="145" start="20221122030000 +0000" stop="20221122060000 +0000" catchup-id="899216268"><title>European Tour: DP World Tour Championship - Dag 3 (herhaling)</title><date></date><icon src="https://images.tv.kpn.com/epg/JgNOu9CEdWRgeBQWRt3dF829ARgXzbhM9Cvs9BrYJ9A9AYOAQ/1920x1080.jpg?blurred=false"></icon><desc>Herhaling van de derde dag van het DP World Tour Championship, het eindtoernooi van de European Tour, gespeeld op Jumeirah Golf Estates, in Dubai, Verenigde Arabische Emiraten.</desc><category></category></programme><programme channel="145" start="20221122060000 +0000" stop="20221122070500 +0000" catchup-id="899216271"><title>PGA Tour Champions: Charles Schwab Cup Championship (hoogtepunten)</title><date></date><icon src="https://images.tv.kpn.com/epg/p9ARfv3LjH7PP9Cnam9C9CsTDhlDGWeArYdl3vbDuIEK5yw/1920x1080.jpg?blurred=false"></icon><desc>Hoogtepunten van de PGA Tour Champions van afgelopen weekend.</desc><category></category></programme><programme channel="145" start="20221122070500 +0000" stop="20221122090500 +0000" catchup-id="899216274"><title>European Tour: DP World Tour Championship - Dag 4 (samenvatting)</title><date></date><icon src="https://images.tv.kpn.com/epg/JgNOu9CEdWRgeBQWRt3dF829ARgXzbhM9Cvs9BrYJ9A9AYOAQ/1920x1080.jpg?blurred=false"></icon><desc>Samenvatting van de vierde en beslissende dag van het DP World Tour Championship, het eindtoernooi van de European Tour, gespeeld op Jumeirah Golf Estates, in Dubai, Verenigde Arabische Emiraten.</desc><category></category></programme><programme channel="145" start="20221122090500 +0000" stop="20221122100000 +0000" catchup-id="899216277"><title>The FedExCup Official Film</title><date></date><icon src="https://images.tv.kpn.com/epg/I6ugCBpT9BeP3U8q9CW8Z6JZKt3hfPfOLvwfm8tEbGg30/1920x1080.jpg?blurred=false"></icon><desc>Hoogtepunten van de FedEx Cup Playoffs, gespeeld in de PGA Tour van 2022.</desc><category></category></programme><programme channel="145" start="20221122100000 +0000" stop="20221122103500 +0000" catchup-id="899216280"><title>Pga Tour - The Cut</title><date></date><icon src="https://images.tv.kpn.com/epg/9BpwUuqN49Bd8hzPEL42dx7dXtxhMs0CVH33BR0Bmi3ho/1920x1080.jpg?blurred=false"></icon><desc>Golfmagazine met het laatste nieuws en achtergronden uit de US PGA Tour.</desc><category></category></programme><programme channel="145" start="20221122103500 +0000" stop="20221122120500 +0000" catchup-id="899216283"><title>LPGA: CME Group Tour Championship Hoogtepunten</title><date></date><icon src="https://images.tv.kpn.com/epg/p9ARfv3LjH7PP9Cnam9C9CsTDhlDGWeArYdl3vbDuIEK5yw/1920x1080.jpg?blurred=false"></icon><desc>Verslag van de vierde dag van het CME Group Tour Championship, gespeeld in de LPGA.</desc><category></category></programme><programme channel="145" start="20221122120500 +0000" stop="20221122150500 +0000" catchup-id="899216286"><title>European Tour: DP World Tour Championship - Dag 3 (herhaling)</title><date></date><icon src="https://images.tv.kpn.com/epg/JgNOu9CEdWRgeBQWRt3dF829ARgXzbhM9Cvs9BrYJ9A9AYOAQ/1920x1080.jpg?blurred=false"></icon><desc>Herhaling van de derde dag van het DP World Tour Championship, het eindtoernooi van de European Tour, gespeeld op Jumeirah Golf Estates, in Dubai, Verenigde Arabische Emiraten.</desc><category></category></programme><programme channel="145" start="20221122150500 +0000" stop="20221122180500 +0000" catchup-id="899216289"><title>European Tour: DP World Tour Championship - Dag 4 (herhaling)</title><date></date><icon src="https://images.tv.kpn.com/epg/JgNOu9CEdWRgeBQWRt3dF829ARgXzbhM9Cvs9BrYJ9A9AYOAQ/1920x1080.jpg?blurred=false"></icon><desc>Herhaling van de vierde en beslissende dag van het DP World Tour Championship, het eindtoernooi van de European Tour, gespeeld op Jumeirah Golf Estates, in Dubai, Verenigde Arabische Emiraten.</desc><category></category></programme><programme channel="145" start="20221122180500 +0000" stop="20221122190000 +0000" catchup-id="899216292"><title>The FedExCup Official Film</title><date></date><icon src="https://images.tv.kpn.com/epg/I6ugCBpT9BeP3U8q9CW8Z6JZKt3hfPfOLvwfm8tEbGg30/1920x1080.jpg?blurred=false"></icon><desc>Hoogtepunten van de FedEx Cup Playoffs, gespeeld in de PGA Tour van 2022.</desc><category></category></programme><programme channel="145" start="20221122190000 +0000" stop="20221122200500 +0000" catchup-id="899216295"><title>Golf: Cadence Bank Houston Open (Hoogtepunten)</title><date></date><icon src="https://images.tv.kpn.com/epg/lA1Vv0f9BUfkLYH0lUYX9A2p3i0OLJRmNz0u6zBzU0sbE/1920x1080.jpg?blurred=false"></icon><desc>Alle hoogtepunten de Cadence Bank Houston Open, gespeeld in de PGA Tour.</desc><category></category></programme><programme channel="145" start="20221122200500 +0000" stop="20221122210000 +0000" catchup-id="899216298"><title>Sunshine Tour: PGA Championship Hoogtepunten</title><date></date><icon src="https://images.tv.kpn.com/epg/p9ARfv3LjH7PP9Cnam9C9CsTDhlDGWeArYdl3vbDuIEK5yw/1920x1080.jpg?blurred=false"></icon><desc>De hoogtepunten van de PGA Championship, gespeeld in de Sunshine Tour.</desc><category></category></programme><programme channel="145" start="20221122210000 +0000" stop="20221122213500 +0000" catchup-id="899216301"><title>Pga Tour - The Cut</title><date></date><icon src="https://images.tv.kpn.com/epg/9BpwUuqN49Bd8hzPEL42dx7dXtxhMs0CVH33BR0Bmi3ho/1920x1080.jpg?blurred=false"></icon><desc>Golfmagazine met het laatste nieuws en achtergronden uit de US PGA Tour.</desc><category></category></programme><programme channel="145" start="20221122213500 +0000" stop="20221122220500 +0000" catchup-id="899216304"><title>European Tour: Nedbank Golf Challenge (hoogtepunten)</title><date></date><icon src="https://images.tv.kpn.com/epg/JgNOu9CEdWRgeBQWRt3dF829ARgXzbhM9Cvs9BrYJ9A9AYOAQ/1920x1080.jpg?blurred=false"></icon><desc>Hoogtepunten van de Nedbank Golf Challenge, gespeeld in de European Tour van 2022.</desc><category></category></programme><programme channel="145" start="20221122220500 +0000" stop="20221122230000 +0000" catchup-id="899216307"><title>Golf: Cadence Bank Houston Open (Hoogtepunten)</title><date></date><icon src="https://images.tv.kpn.com/epg/lA1Vv0f9BUfkLYH0lUYX9A2p3i0OLJRmNz0u6zBzU0sbE/1920x1080.jpg?blurred=false"></icon><desc>Alle hoogtepunten de Cadence Bank Houston Open, gespeeld in de PGA Tour.</desc><category></category></programme><programme channel="145" start="20221122230000 +0000" stop="20221123020000 +0000" catchup-id="899261463"><title>European Tour: DP World Tour Championship - Dag 4 (herhaling)</title><date></date><icon src="https://images.tv.kpn.com/epg/JgNOu9CEdWRgeBQWRt3dF829ARgXzbhM9Cvs9BrYJ9A9AYOAQ/1920x1080.jpg?blurred=false"></icon><desc>Herhaling van de vierde en beslissende dag van het DP World Tour Championship, het eindtoernooi van de European Tour, gespeeld op Jumeirah Golf Estates, in Dubai, Verenigde Arabische Emiraten.</desc><category></category></programme><programme channel="145" start="20221123020000 +0000" stop="20221123030000 +0000" catchup-id="899261466"><title>Golf: International Series Egypte (Hoogtepunten)</title><date></date><icon src="https://images.tv.kpn.com/epg/PWBOxckH26ph0JYmP00UJfZjYEWjYzcy5ZTSZfiV3cU/1920x1080.jpg?blurred=false"></icon><desc>Alle hoogtepunten de International Series Egypte, gespeeld in de Asian Tour.</desc><category></category></programme><programme channel="145" start="20221123030000 +0000" stop="20221123060000 +0000" catchup-id="899261472"><title>European Tour: DP World Tour Championship - Dag 4 (herhaling)</title><date></date><icon src="https://images.tv.kpn.com/epg/JgNOu9CEdWRgeBQWRt3dF829ARgXzbhM9Cvs9BrYJ9A9AYOAQ/1920x1080.jpg?blurred=false"></icon><desc>Herhaling van de vierde en beslissende dag van het DP World Tour Championship, het eindtoernooi van de European Tour, gespeeld op Jumeirah Golf Estates, in Dubai, Verenigde Arabische Emiraten.</desc><category></category></programme><programme channel="145" start="20221123060000 +0000" stop="20221123070500 +0000" catchup-id="899261478"><title>Golf: Cadence Bank Houston Open (Hoogtepunten)</title><date></date><icon src="https://images.tv.kpn.com/epg/lA1Vv0f9BUfkLYH0lUYX9A2p3i0OLJRmNz0u6zBzU0sbE/1920x1080.jpg?blurred=false"></icon><desc>Alle hoogtepunten de Cadence Bank Houston Open, gespeeld in de PGA Tour.</desc><category></category></programme><programme channel="145" start="20221123070500 +0000" stop="20221123080000 +0000" catchup-id="899261484"><title>Sunshine Tour: PGA Championship Hoogtepunten</title><date></date><icon src="https://images.tv.kpn.com/epg/p9ARfv3LjH7PP9Cnam9C9CsTDhlDGWeArYdl3vbDuIEK5yw/1920x1080.jpg?blurred=false"></icon><desc>De hoogtepunten van de PGA Championship, gespeeld in de Sunshine Tour.</desc><category></category></programme><programme channel="145" start="20221123080000 +0000" stop="20221123082500 +0000" catchup-id="899261490"><title>Pga Tour - The Cut</title><date></date><icon src="https://images.tv.kpn.com/epg/9BpwUuqN49Bd8hzPEL42dx7dXtxhMs0CVH33BR0Bmi3ho/1920x1080.jpg?blurred=false"></icon><desc>Golfmagazine met het laatste nieuws en achtergronden uit de US PGA Tour.</desc><category></category></programme><programme channel="145" start="20221123082500 +0000" stop="20221123100000 +0000" catchup-id="899261499"><title>LPGA: CME Group Tour Championship Hoogtepunten</title><date></date><icon src="https://images.tv.kpn.com/epg/p9ARfv3LjH7PP9Cnam9C9CsTDhlDGWeArYdl3vbDuIEK5yw/1920x1080.jpg?blurred=false"></icon><desc>Verslag van de vierde dag van het CME Group Tour Championship, gespeeld in de LPGA.</desc><category></category></programme><programme channel="145" start="20221123100000 +0000" stop="20221123130000 +0000" catchup-id="899261505"><title>European Tour: DP World Tour Championship - Dag 3 (herhaling)</title><date></date><icon src="https://images.tv.kpn.com/epg/JgNOu9CEdWRgeBQWRt3dF829ARgXzbhM9Cvs9BrYJ9A9AYOAQ/1920x1080.jpg?blurred=false"></icon><desc>Herhaling van de derde dag van het DP World Tour Championship, het eindtoernooi van de European Tour, gespeeld op Jumeirah Golf Estates, in Dubai, Verenigde Arabische Emiraten.</desc><category></category></programme><programme channel="145" start="20221123130000 +0000" stop="20221123160000 +0000" catchup-id="899261514"><title>European Tour: DP World Tour Championship - Dag 4 (herhaling)</title><date></date><icon src="https://images.tv.kpn.com/epg/JgNOu9CEdWRgeBQWRt3dF829ARgXzbhM9Cvs9BrYJ9A9AYOAQ/1920x1080.jpg?blurred=false"></icon><desc>Herhaling van de vierde en beslissende dag van het DP World Tour Championship, het eindtoernooi van de European Tour, gespeeld op Jumeirah Golf Estates, in Dubai, Verenigde Arabische Emiraten.</desc><category></category></programme><programme channel="145" start="20221123160000 +0000" stop="20221123163500 +0000" catchup-id="899261520"><title>Pga Tour - The Cut</title><date></date><icon src="https://images.tv.kpn.com/epg/9BpwUuqN49Bd8hzPEL42dx7dXtxhMs0CVH33BR0Bmi3ho/1920x1080.jpg?blurred=false"></icon><desc>Golfmagazine met het laatste nieuws en achtergronden uit de US PGA Tour.</desc><category></category></programme><programme channel="145" start="20221123163500 +0000" stop="20221123170500 +0000" catchup-id="899261526"><title>European Tour: DP World Tour Championship (hoogtepunten)</title><date></date><icon src="https://images.tv.kpn.com/epg/JgNOu9CEdWRgeBQWRt3dF829ARgXzbhM9Cvs9BrYJ9A9AYOAQ/1920x1080.jpg?blurred=false"></icon><desc>Hoogtepunten van de DP World Tour Championship, gespeeld in de European Tour van 2022.</desc><category></category></programme><programme channel="145" start="20221123170500 +0000" stop="20221123180000 +0000" catchup-id="899261529"><title>Golf: The RSM Classic (Hoogtepunten)</title><date></date><icon src="https://images.tv.kpn.com/epg/I6ugCBpT9BeP3U8q9CW8Z6JZKt3hfPfOLvwfm8tEbGg30/1920x1080.jpg?blurred=false"></icon><desc>Alle hoogtepunten de The RSM Classic, gespeeld in de PGA Tour.</desc><category></category></programme><programme channel="145" start="20221123180000 +0000" stop="20221123193000 +0000" catchup-id="899261535"><title>LPGA: CME Group Tour Championship Hoogtepunten</title><date></date><icon src="https://images.tv.kpn.com/epg/p9ARfv3LjH7PP9Cnam9C9CsTDhlDGWeArYdl3vbDuIEK5yw/1920x1080.jpg?blurred=false"></icon><desc>Verslag van de vierde dag van het CME Group Tour Championship, gespeeld in de LPGA.</desc><category></category></programme><programme channel="145" start="20221123193000 +0000" stop="20221123200000 +0000" catchup-id="899261541"><title>Pga Tour - The Cut</title><date></date><icon src="https://images.tv.kpn.com/epg/9BpwUuqN49Bd8hzPEL42dx7dXtxhMs0CVH33BR0Bmi3ho/1920x1080.jpg?blurred=false"></icon><desc>Golfmagazine met het laatste nieuws en achtergronden uit de US PGA Tour.</desc><category></category></programme><programme channel="145" start="20221123200000 +0000" stop="20221123203000 +0000" catchup-id="899261544"><title>European Tour: DP World Tour Championship (hoogtepunten)</title><date></date><icon src="https://images.tv.kpn.com/epg/JgNOu9CEdWRgeBQWRt3dF829ARgXzbhM9Cvs9BrYJ9A9AYOAQ/1920x1080.jpg?blurred=false"></icon><desc>Hoogtepunten van de DP World Tour Championship, gespeeld in de European Tour van 2022.</desc><category></category></programme><programme channel="145" start="20221123203000 +0000" stop="20221123212500 +0000" catchup-id="899261550"><title>Presidents Cup 2022 (Official Film)</title><date></date><icon src="https://images.tv.kpn.com/epg/I6ugCBpT9BeP3U8q9CW8Z6JZKt3hfPfOLvwfm8tEbGg30/1920x1080.jpg?blurred=false"></icon><desc>Alle hoogtepunten van de Presidents Cup 2022, gespeeld op donderdag 22 tot en met zondag 29 september 2022 op de de Quail Hollow Golf Club in Charlotte, Verenigde Staten. In the Presidents Cup namen de 12 beste golfers uit Amerika het opnemen tegen de 12 beste Internationale golfers.</desc><category></category></programme><programme channel="145" start="20221123212500 +0000" stop="20221124003500 +0000" catchup-id="899261556"><title>European Tour: DP World Tour Championship - Dag 4 (herhaling)</title><date></date><icon src="https://images.tv.kpn.com/epg/JgNOu9CEdWRgeBQWRt3dF829ARgXzbhM9Cvs9BrYJ9A9AYOAQ/1920x1080.jpg?blurred=false"></icon><desc>Herhaling van de vierde en beslissende dag van het DP World Tour Championship, het eindtoernooi van de European Tour, gespeeld op Jumeirah Golf Estates, in Dubai, Verenigde Arabische Emiraten.</desc><category></category></programme><programme channel="145" start="20221124003500 +0000" stop="20221124010000 +0000" catchup-id="899308338"><title>Pga Tour - The Cut</title><date></date><icon src="https://images.tv.kpn.com/epg/9BpwUuqN49Bd8hzPEL42dx7dXtxhMs0CVH33BR0Bmi3ho/1920x1080.jpg?blurred=false"></icon><desc>Golfmagazine met het laatste nieuws en achtergronden uit de US PGA Tour.</desc><category></category></programme><programme channel="145" start="20221124010000 +0000" stop="20221124013500 +0000" catchup-id="899308341"><title>European Tour: DP World Tour Championship (hoogtepunten)</title><date></date><icon src="https://images.tv.kpn.com/epg/JgNOu9CEdWRgeBQWRt3dF829ARgXzbhM9Cvs9BrYJ9A9AYOAQ/1920x1080.jpg?blurred=false"></icon><desc>Hoogtepunten van de DP World Tour Championship, gespeeld in de European Tour van 2022.</desc><category></category></programme><programme channel="145" start="20221124013500 +0000" stop="20221124023000 +0000" catchup-id="899308344"><title>Golf: The RSM Classic (Hoogtepunten)</title><date></date><icon src="https://images.tv.kpn.com/epg/I6ugCBpT9BeP3U8q9CW8Z6JZKt3hfPfOLvwfm8tEbGg30/1920x1080.jpg?blurred=false"></icon><desc>Alle hoogtepunten de The RSM Classic, gespeeld in de PGA Tour.</desc><category></category></programme><programme channel="145" start="20221124023000 +0000" stop="20221124060000 +0000" catchup-id="899308347"><title>European Tour: Fortinet Australian PGA Championship - Dag 1</title><date></date><icon src="https://images.tv.kpn.com/epg/JgNOu9CEdWRgeBQWRt3dF829ARgXzbhM9Cvs9BrYJ9A9AYOAQ/1920x1080.jpg?blurred=false"></icon><desc>Verslag van de eerste dag van de Fortinet Australian PGA Championship, gespeeld op de Royal Queensland Golf Club, Brisbane, Queensland, Australië.</desc><category></category></programme><programme channel="145" start="20221124060000 +0000" stop="20221124063500 +0000" catchup-id="899308350"><title>Pga Tour - The Cut</title><date></date><icon src="https://images.tv.kpn.com/epg/9BpwUuqN49Bd8hzPEL42dx7dXtxhMs0CVH33BR0Bmi3ho/1920x1080.jpg?blurred=false"></icon><desc>Golfmagazine met het laatste nieuws en achtergronden uit de US PGA Tour.</desc><category></category></programme><programme channel="145" start="20221124063500 +0000" stop="20221124070500 +0000" catchup-id="899308353"><title>European Tour: DP World Tour Championship (hoogtepunten)</title><date></date><icon src="https://images.tv.kpn.com/epg/JgNOu9CEdWRgeBQWRt3dF829ARgXzbhM9Cvs9BrYJ9A9AYOAQ/1920x1080.jpg?blurred=false"></icon><desc>Hoogtepunten van de DP World Tour Championship, gespeeld in de European Tour van 2022.</desc><category></category></programme><programme channel="145" start="20221124070500 +0000" stop="20221124080000 +0000" catchup-id="899308356"><title>Golf: The RSM Classic (Hoogtepunten)</title><date></date><icon src="https://images.tv.kpn.com/epg/I6ugCBpT9BeP3U8q9CW8Z6JZKt3hfPfOLvwfm8tEbGg30/1920x1080.jpg?blurred=false"></icon><desc>Alle hoogtepunten de The RSM Classic, gespeeld in de PGA Tour.</desc><category></category></programme><programme channel="145" start="20221124080000 +0000" stop="20221124093500 +0000" catchup-id="899308359"><title>LPGA: CME Group Tour Championship Hoogtepunten</title><date></date><icon src="https://images.tv.kpn.com/epg/p9ARfv3LjH7PP9Cnam9C9CsTDhlDGWeArYdl3vbDuIEK5yw/1920x1080.jpg?blurred=false"></icon><desc>Verslag van de vierde dag van het CME Group Tour Championship, gespeeld in de LPGA.</desc><category></category></programme><programme channel="145" start="20221124093500 +0000" stop="20221124100000 +0000" catchup-id="899308362"><title>Pga Tour - The Cut</title><date></date><icon src="https://images.tv.kpn.com/epg/9BpwUuqN49Bd8hzPEL42dx7dXtxhMs0CVH33BR0Bmi3ho/1920x1080.jpg?blurred=false"></icon><desc>Golfmagazine met het laatste nieuws en achtergronden uit de US PGA Tour.</desc><category></category></programme><programme channel="145" start="20221124100000 +0000" stop="20221124150500 +0000" catchup-id="899308365"><title>European Tour: Joburg Open - Dag 1</title><date></date><icon src="https://images.tv.kpn.com/epg/JgNOu9CEdWRgeBQWRt3dF829ARgXzbhM9Cvs9BrYJ9A9AYOAQ/1920x1080.jpg?blurred=false"></icon><desc>Verslag van de eerste dag van de Joburg Open, gespeeld op de Randpark Golf Club, Johannesburg.</desc><category></category></programme><programme channel="145" start="20221124150500 +0000" stop="20221124180500 +0000" catchup-id="899308368"><title>European Tour: Fortinet Australian PGA Championship - Dag 1 (herhaling)</title><date></date><icon src="https://images.tv.kpn.com/epg/JgNOu9CEdWRgeBQWRt3dF829ARgXzbhM9Cvs9BrYJ9A9AYOAQ/1920x1080.jpg?blurred=false"></icon><desc>Herhaling van de eerste dag van de Fortinet Australian PGA Championship, gespeeld op de Royal Queensland Golf Club, Brisbane, Queensland, Australië.</desc><category></category></programme><programme channel="145" start="20221124180500 +0000" stop="20221124183000 +0000" catchup-id="899308371"><title>Pga Tour - The Cut</title><date></date><icon src="https://images.tv.kpn.com/epg/9BpwUuqN49Bd8hzPEL42dx7dXtxhMs0CVH33BR0Bmi3ho/1920x1080.jpg?blurred=false"></icon><desc>Golfmagazine met het laatste nieuws en achtergronden uit de US PGA Tour.</desc><category></category></programme><programme channel="145" start="20221124183000 +0000" stop="20221124190000 +0000" catchup-id="899308374"><title>European Tour: DP World Tour Championship (hoogtepunten)</title><date></date><icon src="https://images.tv.kpn.com/epg/JgNOu9CEdWRgeBQWRt3dF829ARgXzbhM9Cvs9BrYJ9A9AYOAQ/1920x1080.jpg?blurred=false"></icon><desc>Hoogtepunten van de DP World Tour Championship, gespeeld in de European Tour van 2022.</desc><category></category></programme><programme channel="145" start="20221124190000 +0000" stop="20221124200000 +0000" catchup-id="899308377"><title>Golf: The RSM Classic (Hoogtepunten)</title><date></date><icon src="https://images.tv.kpn.com/epg/I6ugCBpT9BeP3U8q9CW8Z6JZKt3hfPfOLvwfm8tEbGg30/1920x1080.jpg?blurred=false"></icon><desc>Alle hoogtepunten de The RSM Classic, gespeeld in de PGA Tour.</desc><category></category></programme><programme channel="145" start="20221124200000 +0000" stop="20221124202500 +0000" catchup-id="899308380"><title>Pga Tour - The Cut</title><date></date><icon src="https://images.tv.kpn.com/epg/9BpwUuqN49Bd8hzPEL42dx7dXtxhMs0CVH33BR0Bmi3ho/1920x1080.jpg?blurred=false"></icon><desc>Golfmagazine met het laatste nieuws en achtergronden uit de US PGA Tour.</desc><category></category></programme><programme channel="145" start="20221124202500 +0000" stop="20221124233000 +0000" catchup-id="899308383"><title>European Tour: Joburg Open - Dag 1 (herhaling)</title><date></date><icon src="https://images.tv.kpn.com/epg/JgNOu9CEdWRgeBQWRt3dF829ARgXzbhM9Cvs9BrYJ9A9AYOAQ/1920x1080.jpg?blurred=false"></icon><desc>Herhaling van de eerste dag van de Joburg Open, gespeeld op de Randpark Golf Club, Johannesburg.</desc><category></category></programme><programme channel="145" start="20221124233000 +0000" stop="20221125023000 +0000" catchup-id="899358294"><title>European Tour: Fortinet Australian PGA Championship - Dag 1 (herhaling)</title><date></date><icon src="https://images.tv.kpn.com/epg/JgNOu9CEdWRgeBQWRt3dF829ARgXzbhM9Cvs9BrYJ9A9AYOAQ/1920x1080.jpg?blurred=false"></icon><desc>Herhaling van de eerste dag van de Fortinet Australian PGA Championship, gespeeld op de Royal Queensland Golf Club, Brisbane, Queensland, Australië.</desc><category></category></programme><programme channel="145" start="20221125023000 +0000" stop="20221125060000 +0000" catchup-id="899358297"><title>European Tour: Fortinet Australian PGA Championship - Dag 2</title><date></date><icon src="https://images.tv.kpn.com/epg/JgNOu9CEdWRgeBQWRt3dF829ARgXzbhM9Cvs9BrYJ9A9AYOAQ/1920x1080.jpg?blurred=false"></icon><desc>Verslag van de tweede dag van de Fortinet Australian PGA Championship, gespeeld op de Royal Queensland Golf Club, Brisbane, Queensland, Australië.</desc><category></category></programme><programme channel="145" start="20221125060000 +0000" stop="20221125065500 +0000" catchup-id="899358300"><title>Golf: The RSM Classic (Hoogtepunten)</title><date></date><icon src="https://images.tv.kpn.com/epg/I6ugCBpT9BeP3U8q9CW8Z6JZKt3hfPfOLvwfm8tEbGg30/1920x1080.jpg?blurred=false"></icon><desc>Alle hoogtepunten de The RSM Classic, gespeeld in de PGA Tour.</desc><category></category></programme><programme channel="145" start="20221125065500 +0000" stop="20221125100000 +0000" catchup-id="899358303"><title>European Tour: Joburg Open - Dag 1 (herhaling)</title><date></date><icon src="https://images.tv.kpn.com/epg/JgNOu9CEdWRgeBQWRt3dF829ARgXzbhM9Cvs9BrYJ9A9AYOAQ/1920x1080.jpg?blurred=false"></icon><desc>Herhaling van de eerste dag van de Joburg Open, gespeeld op de Randpark Golf Club, Johannesburg.</desc><category></category></programme><programme channel="145" start="20221125100000 +0000" stop="20221125150000 +0000" catchup-id="899358306"><title>European Tour: Joburg Open - Dag 2</title><date></date><icon src="https://images.tv.kpn.com/epg/JgNOu9CEdWRgeBQWRt3dF829ARgXzbhM9Cvs9BrYJ9A9AYOAQ/1920x1080.jpg?blurred=false"></icon><desc>Verslag van de tweede dag van de Joburg Open, gespeeld op de Randpark Golf Club, Johannesburg.</desc><category></category></programme><programme channel="145" start="20221125150000 +0000" stop="20221125180500 +0000" catchup-id="899358309"><title>European Tour: Fortinet Australian PGA Championship - Dag 2 (herhaling)</title><date></date><icon src="https://images.tv.kpn.com/epg/JgNOu9CEdWRgeBQWRt3dF829ARgXzbhM9Cvs9BrYJ9A9AYOAQ/1920x1080.jpg?blurred=false"></icon><desc>Herhaling van de tweede dag van de Fortinet Australian PGA Championship, gespeeld op de Royal Queensland Golf Club, Brisbane, Queensland, Australië.</desc><category></category></programme><programme channel="145" start="20221125180500 +0000" stop="20221125190000 +0000" catchup-id="899358312"><title>Golf: The RSM Classic (Hoogtepunten)</title><date></date><icon src="https://images.tv.kpn.com/epg/I6ugCBpT9BeP3U8q9CW8Z6JZKt3hfPfOLvwfm8tEbGg30/1920x1080.jpg?blurred=false"></icon><desc>Alle hoogtepunten de The RSM Classic, gespeeld in de PGA Tour.</desc><category></category></programme><programme channel="145" start="20221125190000 +0000" stop="20221125203000 +0000" catchup-id="899358315"><title>LPGA: CME Group Tour Championship Hoogtepunten</title><date></date><icon src="https://images.tv.kpn.com/epg/p9ARfv3LjH7PP9Cnam9C9CsTDhlDGWeArYdl3vbDuIEK5yw/1920x1080.jpg?blurred=false"></icon><desc>Verslag van de vierde dag van het CME Group Tour Championship, gespeeld in de LPGA.</desc><category></category></programme><programme channel="145" start="20221125203000 +0000" stop="20221125233000 +0000" catchup-id="899358318"><title>European Tour: Joburg Open - Dag 2 (herhaling)</title><date></date><icon src="https://images.tv.kpn.com/epg/JgNOu9CEdWRgeBQWRt3dF829ARgXzbhM9Cvs9BrYJ9A9AYOAQ/1920x1080.jpg?blurred=false"></icon><desc>Herhaling van de tweede dag van de Joburg Open, gespeeld op de Randpark Golf Club, Johannesburg.</desc><category></category></programme><programme channel="145" start="20221125233000 +0000" stop="20221126023000 +0000" catchup-id="899401395"><title>European Tour: Fortinet Australian PGA Championship - Dag 2 (herhaling)</title><date></date><icon src="https://images.tv.kpn.com/epg/JgNOu9CEdWRgeBQWRt3dF829ARgXzbhM9Cvs9BrYJ9A9AYOAQ/1920x1080.jpg?blurred=false"></icon><desc>Herhaling van de tweede dag van de Fortinet Australian PGA Championship, gespeeld op de Royal Queensland Golf Club, Brisbane, Queensland, Australië.</desc><category></category></programme><programme channel="145" start="20221126023000 +0000" stop="20221126060000 +0000" catchup-id="899401398"><title>European Tour: Fortinet Australian PGA Championship - Dag 3</title><date></date><icon src="https://images.tv.kpn.com/epg/JgNOu9CEdWRgeBQWRt3dF829ARgXzbhM9Cvs9BrYJ9A9AYOAQ/1920x1080.jpg?blurred=false"></icon><desc>Verslag van de derde dag van de Fortinet Australian PGA Championship, gespeeld op de Royal Queensland Golf Club, Brisbane, Queensland, Australië.</desc><category></category></programme><programme channel="145" start="20221126060000 +0000" stop="20221126065500 +0000" catchup-id="899401401"><title>Presidents Cup 2022 (Official Film)</title><date></date><icon src="https://images.tv.kpn.com/epg/I6ugCBpT9BeP3U8q9CW8Z6JZKt3hfPfOLvwfm8tEbGg30/1920x1080.jpg?blurred=false"></icon><desc>Alle hoogtepunten van de Presidents Cup 2022, gespeeld op donderdag 22 tot en met zondag 29 september 2022 op de de Quail Hollow Golf Club in Charlotte, Verenigde Staten. In the Presidents Cup namen de 12 beste golfers uit Amerika het opnemen tegen de 12 beste Internationale golfers.</desc><category></category></programme><programme channel="145" start="20221126065500 +0000" stop="20221126100000 +0000" catchup-id="899401404"><title>European Tour: Joburg Open - Dag 2 (herhaling)</title><date></date><icon src="https://images.tv.kpn.com/epg/JgNOu9CEdWRgeBQWRt3dF829ARgXzbhM9Cvs9BrYJ9A9AYOAQ/1920x1080.jpg?blurred=false"></icon><desc>Herhaling van de tweede dag van de Joburg Open, gespeeld op de Randpark Golf Club, Johannesburg.</desc><category></category></programme><programme channel="145" start="20221126100000 +0000" stop="20221126143500 +0000" catchup-id="899401407"><title>European Tour: Joburg Open - Dag 3</title><date></date><icon src="https://images.tv.kpn.com/epg/JgNOu9CEdWRgeBQWRt3dF829ARgXzbhM9Cvs9BrYJ9A9AYOAQ/1920x1080.jpg?blurred=false"></icon><desc>Verslag van de derde dag van de Joburg Open, gespeeld op de Randpark Golf Club, Johannesburg.</desc><category></category></programme><programme channel="145" start="20221126143500 +0000" stop="20221126160500 +0000" catchup-id="899401410"><title>LPGA: CME Group Tour Championship Hoogtepunten</title><date></date><icon src="https://images.tv.kpn.com/epg/p9ARfv3LjH7PP9Cnam9C9CsTDhlDGWeArYdl3vbDuIEK5yw/1920x1080.jpg?blurred=false"></icon><desc>Verslag van de vierde dag van het CME Group Tour Championship, gespeeld in de LPGA.</desc><category></category></programme><programme channel="145" start="20221126160500 +0000" stop="20221126163000 +0000" catchup-id="899401413"><title>Pga Tour - The Cut</title><date></date><icon src="https://images.tv.kpn.com/epg/9BpwUuqN49Bd8hzPEL42dx7dXtxhMs0CVH33BR0Bmi3ho/1920x1080.jpg?blurred=false"></icon><desc>Golfmagazine met het laatste nieuws en achtergronden uit de US PGA Tour.</desc><category></category></programme><programme channel="145" start="20221126163000 +0000" stop="20221126173500 +0000" catchup-id="899401419"><title>The FedExCup Official Film</title><date></date><icon src="https://images.tv.kpn.com/epg/I6ugCBpT9BeP3U8q9CW8Z6JZKt3hfPfOLvwfm8tEbGg30/1920x1080.jpg?blurred=false"></icon><desc>Hoogtepunten van de FedEx Cup Playoffs, gespeeld in de PGA Tour van 2022.</desc><category></category></programme><programme channel="145" start="20221126173500 +0000" stop="20221126183000 +0000" catchup-id="899401422"><title>Presidents Cup 2022 (Official Film)</title><date></date><icon src="https://images.tv.kpn.com/epg/I6ugCBpT9BeP3U8q9CW8Z6JZKt3hfPfOLvwfm8tEbGg30/1920x1080.jpg?blurred=false"></icon><desc>Alle hoogtepunten van de Presidents Cup 2022, gespeeld op donderdag 22 tot en met zondag 29 september 2022 op de de Quail Hollow Golf Club in Charlotte, Verenigde Staten. In the Presidents Cup namen de 12 beste golfers uit Amerika het opnemen tegen de 12 beste Internationale golfers.</desc><category></category></programme><programme channel="145" start="20221126183000 +0000" stop="20221126193500 +0000" catchup-id="899401425"><title>Sunshine Tour: PGA Championship Hoogtepunten</title><date></date><icon src="https://images.tv.kpn.com/epg/p9ARfv3LjH7PP9Cnam9C9CsTDhlDGWeArYdl3vbDuIEK5yw/1920x1080.jpg?blurred=false"></icon><desc>De hoogtepunten van de PGA Championship, gespeeld in de Sunshine Tour.</desc><category></category></programme><programme channel="145" start="20221126193500 +0000" stop="20221126203000 +0000" catchup-id="899401428"><title>Golf: The RSM Classic (Hoogtepunten)</title><date></date><icon src="https://images.tv.kpn.com/epg/I6ugCBpT9BeP3U8q9CW8Z6JZKt3hfPfOLvwfm8tEbGg30/1920x1080.jpg?blurred=false"></icon><desc>Alle hoogtepunten de The RSM Classic, gespeeld in de PGA Tour.</desc><category></category></programme><programme channel="145" start="20221126203000 +0000" stop="20221126233000 +0000" catchup-id="899401431"><title>European Tour: Joburg Open - Dag 3 (herhaling)</title><date></date><icon src="https://images.tv.kpn.com/epg/JgNOu9CEdWRgeBQWRt3dF829ARgXzbhM9Cvs9BrYJ9A9AYOAQ/1920x1080.jpg?blurred=false"></icon><desc>Herhaling van de derde dag van de Joburg Open, gespeeld op de Randpark Golf Club, Johannesburg.</desc><category></category></programme><programme channel="145" start="20221126233000 +0000" stop="20221127023000 +0000" catchup-id="899444154"><title>European Tour: Fortinet Australian PGA Championship - Dag 3 (herhaling)</title><date></date><icon src="https://images.tv.kpn.com/epg/JgNOu9CEdWRgeBQWRt3dF829ARgXzbhM9Cvs9BrYJ9A9AYOAQ/1920x1080.jpg?blurred=false"></icon><desc>Herhaling van de derde dag van de Fortinet Australian PGA Championship, gespeeld op de Royal Queensland Golf Club, Brisbane, Queensland, Australië.</desc><category></category></programme><programme channel="145" start="20221127023000 +0000" stop="20221127060000 +0000" catchup-id="899444157"><title>European Tour: Fortinet Australian PGA Championship - Dag 4</title><date></date><icon src="https://images.tv.kpn.com/epg/JgNOu9CEdWRgeBQWRt3dF829ARgXzbhM9Cvs9BrYJ9A9AYOAQ/1920x1080.jpg?blurred=false"></icon><desc>Verslag van de laatste en beslissende dag van de Fortinet Australian PGA Championship, gespeeld op de Royal Queensland Golf Club, Brisbane, Queensland, Australië.</desc><category></category></programme><programme channel="145" start="20221127060000 +0000" stop="20221127070000 +0000" catchup-id="899444160"><title>The FedExCup Official Film</title><date></date><icon src="https://images.tv.kpn.com/epg/I6ugCBpT9BeP3U8q9CW8Z6JZKt3hfPfOLvwfm8tEbGg30/1920x1080.jpg?blurred=false"></icon><desc>Hoogtepunten van de FedEx Cup Playoffs, gespeeld in de PGA Tour van 2022.</desc><category></category></programme><programme channel="145" start="20221127070000 +0000" stop="20221127100000 +0000" catchup-id="899444163"><title>European Tour: Joburg Open - Dag 3 (herhaling)</title><date></date><icon src="https://images.tv.kpn.com/epg/JgNOu9CEdWRgeBQWRt3dF829ARgXzbhM9Cvs9BrYJ9A9AYOAQ/1920x1080.jpg?blurred=false"></icon><desc>Herhaling van de derde dag van de Joburg Open, gespeeld op de Randpark Golf Club, Johannesburg.</desc><category></category></programme><programme channel="145" start="20221127100000 +0000" stop="20221127143500 +0000" catchup-id="899444166"><title>European Tour: Joburg Open - Dag 4</title><date></date><icon src="https://images.tv.kpn.com/epg/JgNOu9CEdWRgeBQWRt3dF829ARgXzbhM9Cvs9BrYJ9A9AYOAQ/1920x1080.jpg?blurred=false"></icon><desc>Verslag van de laatste en beslissende dag van de Joburg Open, gespeeld op de Randpark Golf Club, Johannesburg.</desc><category></category></programme><programme channel="145" start="20221127143500 +0000" stop="20221127153000 +0000" catchup-id="899444172"><title>Sunshine Tour: PGA Championship Hoogtepunten</title><date></date><icon src="https://images.tv.kpn.com/epg/p9ARfv3LjH7PP9Cnam9C9CsTDhlDGWeArYdl3vbDuIEK5yw/1920x1080.jpg?blurred=false"></icon><desc>De hoogtepunten van de PGA Championship, gespeeld in de Sunshine Tour.</desc><category></category></programme><programme channel="145" start="20221127153000 +0000" stop="20221127163000 +0000" catchup-id="899444175"><title>Presidents Cup 2022 (Official Film)</title><date></date><icon src="https://images.tv.kpn.com/epg/I6ugCBpT9BeP3U8q9CW8Z6JZKt3hfPfOLvwfm8tEbGg30/1920x1080.jpg?blurred=false"></icon><desc>Alle hoogtepunten van de Presidents Cup 2022, gespeeld op donderdag 22 tot en met zondag 29 september 2022 op de de Quail Hollow Golf Club in Charlotte, Verenigde Staten. In the Presidents Cup namen de 12 beste golfers uit Amerika het opnemen tegen de 12 beste Internationale golfers.</desc><category></category></programme><programme channel="145" start="20221127163000 +0000" stop="20221127170500 +0000" catchup-id="899444178"><title>Pga Tour - The Cut</title><date></date><icon src="https://images.tv.kpn.com/epg/9BpwUuqN49Bd8hzPEL42dx7dXtxhMs0CVH33BR0Bmi3ho/1920x1080.jpg?blurred=false"></icon><desc>Golfmagazine met het laatste nieuws en achtergronden uit de US PGA Tour.</desc><category></category></programme><programme channel="145" start="20221127170500 +0000" stop="20221127183500 +0000" catchup-id="899444181"><title>LPGA: CME Group Tour Championship Hoogtepunten</title><date></date><icon src="https://images.tv.kpn.com/epg/p9ARfv3LjH7PP9Cnam9C9CsTDhlDGWeArYdl3vbDuIEK5yw/1920x1080.jpg?blurred=false"></icon><desc>Verslag van de vierde dag van het CME Group Tour Championship, gespeeld in de LPGA.</desc><category></category></programme><programme channel="145" start="20221127183500 +0000" stop="20221127193000 +0000" catchup-id="899444184"><title>The FedExCup Official Film</title><date></date><icon src="https://images.tv.kpn.com/epg/I6ugCBpT9BeP3U8q9CW8Z6JZKt3hfPfOLvwfm8tEbGg30/1920x1080.jpg?blurred=false"></icon><desc>Hoogtepunten van de FedEx Cup Playoffs, gespeeld in de PGA Tour van 2022.</desc><category></category></programme><programme channel="145" start="20221127193000 +0000" stop="20221127203000 +0000" catchup-id="899444187"><title>Presidents Cup 2022 (Official Film)</title><date></date><icon src="https://images.tv.kpn.com/epg/I6ugCBpT9BeP3U8q9CW8Z6JZKt3hfPfOLvwfm8tEbGg30/1920x1080.jpg?blurred=false"></icon><desc>Alle hoogtepunten van de Presidents Cup 2022, gespeeld op donderdag 22 tot en met zondag 29 september 2022 op de de Quail Hollow Golf Club in Charlotte, Verenigde Staten. In the Presidents Cup namen de 12 beste golfers uit Amerika het opnemen tegen de 12 beste Internationale golfers.</desc><category></category></programme><programme channel="145" start="20221127203000 +0000" stop="20221127233000 +0000" catchup-id="899444190"><title>European Tour: Joburg Open - Dag 4 (herhaling)</title><date></date><icon src="https://images.tv.kpn.com/epg/JgNOu9CEdWRgeBQWRt3dF829ARgXzbhM9Cvs9BrYJ9A9AYOAQ/1920x1080.jpg?blurred=false"></icon><desc>Herhaling van de laatste en beslissende dag van de Joburg Open, gespeeld op de Randpark Golf Club, Johannesburg.</desc><category></category></programme><programme channel="145" start="20221127233000 +0000" stop="20221128023000 +0000" catchup-id="899485410"><title>European Tour: Fortinet Australian PGA Championship - Dag 4 (herhaling)</title><date></date><icon src="https://images.tv.kpn.com/epg/JgNOu9CEdWRgeBQWRt3dF829ARgXzbhM9Cvs9BrYJ9A9AYOAQ/1920x1080.jpg?blurred=false"></icon><desc>Herhaling van de laatste en beslissende dag van de Fortinet Australian PGA Championship, gespeeld op de Royal Queensland Golf Club, Brisbane, Queensland, Australië.</desc><category></category></programme><programme channel="145" start="20221128023000 +0000" stop="20221128040000 +0000" catchup-id="899485422"><title>LPGA: CME Group Tour Championship Hoogtepunten</title><date></date><icon src="https://images.tv.kpn.com/epg/p9ARfv3LjH7PP9Cnam9C9CsTDhlDGWeArYdl3vbDuIEK5yw/1920x1080.jpg?blurred=false"></icon><desc>Verslag van de vierde dag van het CME Group Tour Championship, gespeeld in de LPGA.</desc><category></category></programme><programme channel="145" start="20221128040000 +0000" stop="20221128050000 +0000" catchup-id="899485431"><title>Presidents Cup 2022 (Official Film)</title><date></date><icon src="https://images.tv.kpn.com/epg/I6ugCBpT9BeP3U8q9CW8Z6JZKt3hfPfOLvwfm8tEbGg30/1920x1080.jpg?blurred=false"></icon><desc>Alle hoogtepunten van de Presidents Cup 2022, gespeeld op donderdag 22 tot en met zondag 29 september 2022 op de de Quail Hollow Golf Club in Charlotte, Verenigde Staten. In the Presidents Cup namen de 12 beste golfers uit Amerika het opnemen tegen de 12 beste Internationale golfers.</desc><category></category></programme><programme channel="145" start="20221128050000 +0000" stop="20221128060000 +0000" catchup-id="899485440"><title>Sunshine Tour: PGA Championship Hoogtepunten</title><date></date><icon src="https://images.tv.kpn.com/epg/p9ARfv3LjH7PP9Cnam9C9CsTDhlDGWeArYdl3vbDuIEK5yw/1920x1080.jpg?blurred=false"></icon><desc>De hoogtepunten van de PGA Championship, gespeeld in de Sunshine Tour.</desc><category></category></programme><programme channel="145" start="20221128060000 +0000" stop="20221128090000 +0000" catchup-id="899485449"><title>European Tour: Joburg Open - Dag 4 (herhaling)</title><date></date><icon src="https://images.tv.kpn.com/epg/JgNOu9CEdWRgeBQWRt3dF829ARgXzbhM9Cvs9BrYJ9A9AYOAQ/1920x1080.jpg?blurred=false"></icon><desc>Herhaling van de laatste en beslissende dag van de Joburg Open, gespeeld op de Randpark Golf Club, Johannesburg.</desc><category></category></programme><programme channel="145" start="20221128090000 +0000" stop="20221128100500 +0000" catchup-id="899485452"><title>The FedExCup Official Film</title><date></date><icon src="https://images.tv.kpn.com/epg/I6ugCBpT9BeP3U8q9CW8Z6JZKt3hfPfOLvwfm8tEbGg30/1920x1080.jpg?blurred=false"></icon><desc>Hoogtepunten van de FedEx Cup Playoffs, gespeeld in de PGA Tour van 2022.</desc><category></category></programme><programme channel="145" start="20221128100500 +0000" stop="20221128110000 +0000" catchup-id="899485461"><title>Presidents Cup 2022 (Official Film)</title><date></date><icon src="https://images.tv.kpn.com/epg/I6ugCBpT9BeP3U8q9CW8Z6JZKt3hfPfOLvwfm8tEbGg30/1920x1080.jpg?blurred=false"></icon><desc>Alle hoogtepunten van de Presidents Cup 2022, gespeeld op donderdag 22 tot en met zondag 29 september 2022 op de de Quail Hollow Golf Club in Charlotte, Verenigde Staten. In the Presidents Cup namen de 12 beste golfers uit Amerika het opnemen tegen de 12 beste Internationale golfers.</desc><category></category></programme><programme channel="145" start="20221128110000 +0000" stop="20221128140000 +0000" catchup-id="899485467"><title>European Tour: Joburg Open - Dag 4 (herhaling)</title><date></date><icon src="https://images.tv.kpn.com/epg/JgNOu9CEdWRgeBQWRt3dF829ARgXzbhM9Cvs9BrYJ9A9AYOAQ/1920x1080.jpg?blurred=false"></icon><desc>Herhaling van de laatste en beslissende dag van de Joburg Open, gespeeld op de Randpark Golf Club, Johannesburg.</desc><category></category></programme><programme channel="145" start="20221128140000 +0000" stop="20221128170000 +0000" catchup-id="899485473"><title>European Tour: Fortinet Australian PGA Championship - Dag 4 (herhaling)</title><date></date><icon src="https://images.tv.kpn.com/epg/JgNOu9CEdWRgeBQWRt3dF829ARgXzbhM9Cvs9BrYJ9A9AYOAQ/1920x1080.jpg?blurred=false"></icon><desc>Herhaling van de laatste en beslissende dag van de Fortinet Australian PGA Championship, gespeeld op de Royal Queensland Golf Club, Brisbane, Queensland, Australië.</desc><category></category></programme><programme channel="145" start="20221128170000 +0000" stop="20221128180000 +0000" catchup-id="899485482"><title>Presidents Cup 2022 (Official Film)</title><date></date><icon src="https://images.tv.kpn.com/epg/I6ugCBpT9BeP3U8q9CW8Z6JZKt3hfPfOLvwfm8tEbGg30/1920x1080.jpg?blurred=false"></icon><desc>Alle hoogtepunten van de Presidents Cup 2022, gespeeld op donderdag 22 tot en met zondag 29 september 2022 op de de Quail Hollow Golf Club in Charlotte, Verenigde Staten. In the Presidents Cup namen de 12 beste golfers uit Amerika het opnemen tegen de 12 beste Internationale golfers.</desc><category></category></programme><programme channel="145" start="20221128180000 +0000" stop="20221128190500 +0000" catchup-id="899485488"><title>The FedExCup Official Film</title><date></date><icon src="https://images.tv.kpn.com/epg/I6ugCBpT9BeP3U8q9CW8Z6JZKt3hfPfOLvwfm8tEbGg30/1920x1080.jpg?blurred=false"></icon><desc>Hoogtepunten van de FedEx Cup Playoffs, gespeeld in de PGA Tour van 2022.</desc><category></category></programme><programme channel="145" start="20221128190500 +0000" stop="20221128200000 +0000" catchup-id="899485491"><title>Golf: The RSM Classic (Hoogtepunten)</title><date></date><icon src="https://images.tv.kpn.com/epg/I6ugCBpT9BeP3U8q9CW8Z6JZKt3hfPfOLvwfm8tEbGg30/1920x1080.jpg?blurred=false"></icon><desc>Alle hoogtepunten de The RSM Classic, gespeeld in de PGA Tour.</desc><category></category></programme><programme channel="145" start="20221128200000 +0000" stop="20221128220000 +0000" catchup-id="899485494"><title>European Tour: Joburg Open - Dag 4 (samenvatting)</title><date></date><icon src="https://images.tv.kpn.com/epg/JgNOu9CEdWRgeBQWRt3dF829ARgXzbhM9Cvs9BrYJ9A9AYOAQ/1920x1080.jpg?blurred=false"></icon><desc>Samenvatting van de laatste en beslissende dag van de Joburg Open, gespeeld op de Randpark Golf Club, Johannesburg.</desc><category></category></programme><programme channel="145" start="20221128220000 +0000" stop="20221128230500 +0000" catchup-id="899485497"><title>Sunshine Tour: PGA Championship Hoogtepunten</title><date></date><icon src="https://images.tv.kpn.com/epg/p9ARfv3LjH7PP9Cnam9C9CsTDhlDGWeArYdl3vbDuIEK5yw/1920x1080.jpg?blurred=false"></icon><desc>De hoogtepunten van de PGA Championship, gespeeld in de Sunshine Tour.</desc><category></category></programme><programme channel="145" start="20221128230500 +0000" stop="20221129020500 +0000" catchup-id="899527668"><title>European Tour: Fortinet Australian PGA Championship - Dag 3 (herhaling)</title><date></date><icon src="https://images.tv.kpn.com/epg/JgNOu9CEdWRgeBQWRt3dF829ARgXzbhM9Cvs9BrYJ9A9AYOAQ/1920x1080.jpg?blurred=false"></icon><desc>Herhaling van de derde dag van de Fortinet Australian PGA Championship, gespeeld op de Royal Queensland Golf Club, Brisbane, Queensland, Australië.</desc><category></category></programme><programme channel="145" start="20221129020500 +0000" stop="20221129030000 +0000" catchup-id="899527674"><title>Golf: The RSM Classic (Hoogtepunten)</title><date></date><icon src="https://images.tv.kpn.com/epg/I6ugCBpT9BeP3U8q9CW8Z6JZKt3hfPfOLvwfm8tEbGg30/1920x1080.jpg?blurred=false"></icon><desc>Alle hoogtepunten de The RSM Classic, gespeeld in de PGA Tour.</desc><category></category></programme><programme channel="145" start="20221129030000 +0000" stop="20221129060000 +0000" catchup-id="899527680"><title>European Tour: Joburg Open - Dag 3 (herhaling)</title><date></date><icon src="https://images.tv.kpn.com/epg/JgNOu9CEdWRgeBQWRt3dF829ARgXzbhM9Cvs9BrYJ9A9AYOAQ/1920x1080.jpg?blurred=false"></icon><desc>Herhaling van de derde dag van de Joburg Open, gespeeld op de Randpark Golf Club, Johannesburg.</desc><category></category></programme><programme channel="145" start="20221129060000 +0000" stop="20221129070000 +0000" catchup-id="899527686"><title>Golf: The RSM Classic (Hoogtepunten)</title><date></date><icon src="https://images.tv.kpn.com/epg/I6ugCBpT9BeP3U8q9CW8Z6JZKt3hfPfOLvwfm8tEbGg30/1920x1080.jpg?blurred=false"></icon><desc>Alle hoogtepunten de The RSM Classic, gespeeld in de PGA Tour.</desc><category></category></programme><programme channel="145" start="20221129070000 +0000" stop="20221129090000 +0000" catchup-id="899527692"><title>European Tour: Joburg Open - Dag 4 (samenvatting)</title><date></date><icon src="https://images.tv.kpn.com/epg/JgNOu9CEdWRgeBQWRt3dF829ARgXzbhM9Cvs9BrYJ9A9AYOAQ/1920x1080.jpg?blurred=false"></icon><desc>Samenvatting van de laatste en beslissende dag van de Joburg Open, gespeeld op de Randpark Golf Club, Johannesburg.</desc><category></category></programme><programme channel="145" start="20221129090000 +0000" stop="20221129100500 +0000" catchup-id="899527695"><title>Presidents Cup 2022 (Official Film)</title><date></date><icon src="https://images.tv.kpn.com/epg/I6ugCBpT9BeP3U8q9CW8Z6JZKt3hfPfOLvwfm8tEbGg30/1920x1080.jpg?blurred=false"></icon><desc>Alle hoogtepunten van de Presidents Cup 2022, gespeeld op donderdag 22 tot en met zondag 29 september 2022 op de de Quail Hollow Golf Club in Charlotte, Verenigde Staten. In the Presidents Cup namen de 12 beste golfers uit Amerika het opnemen tegen de 12 beste Internationale golfers.</desc><category></category></programme><programme channel="145" start="20221129100500 +0000" stop="20221129110000 +0000" catchup-id="899527698"><title>Golf: The RSM Classic (Hoogtepunten)</title><date></date><icon src="https://images.tv.kpn.com/epg/I6ugCBpT9BeP3U8q9CW8Z6JZKt3hfPfOLvwfm8tEbGg30/1920x1080.jpg?blurred=false"></icon><desc>Alle hoogtepunten de The RSM Classic, gespeeld in de PGA Tour.</desc><category></category></programme><programme channel="145" start="20221129110000 +0000" stop="20221129113500 +0000" catchup-id="899527701"><title>Pga Tour - The Cut</title><date></date><icon src="https://images.tv.kpn.com/epg/9BpwUuqN49Bd8hzPEL42dx7dXtxhMs0CVH33BR0Bmi3ho/1920x1080.jpg?blurred=false"></icon><desc>Golfmagazine met het laatste nieuws en achtergronden uit de US PGA Tour.</desc><category></category></programme><programme channel="145" start="20221129113500 +0000" stop="20221129120000 +0000" catchup-id="899527704"><title>European Tour: DP World Tour Championship (hoogtepunten)</title><date></date><icon src="https://images.tv.kpn.com/epg/JgNOu9CEdWRgeBQWRt3dF829ARgXzbhM9Cvs9BrYJ9A9AYOAQ/1920x1080.jpg?blurred=false"></icon><desc>Hoogtepunten van de DP World Tour Championship, gespeeld in de European Tour van 2022.</desc><category></category></programme><programme channel="145" start="20221129120000 +0000" stop="20221129150000 +0000" catchup-id="899527707"><title>European Tour: Joburg Open - Dag 3 (herhaling)</title><date></date><icon src="https://images.tv.kpn.com/epg/JgNOu9CEdWRgeBQWRt3dF829ARgXzbhM9Cvs9BrYJ9A9AYOAQ/1920x1080.jpg?blurred=false"></icon><desc>Herhaling van de derde dag van de Joburg Open, gespeeld op de Randpark Golf Club, Johannesburg.</desc><category></category></programme><programme channel="145" start="20221129150000 +0000" stop="20221129180500 +0000" catchup-id="899527710"><title>European Tour: Joburg Open - Dag 4 (herhaling)</title><date></date><icon src="https://images.tv.kpn.com/epg/JgNOu9CEdWRgeBQWRt3dF829ARgXzbhM9Cvs9BrYJ9A9AYOAQ/1920x1080.jpg?blurred=false"></icon><desc>Herhaling van de laatste en beslissende dag van de Joburg Open, gespeeld op de Randpark Golf Club, Johannesburg.</desc><category></category></programme><programme channel="145" start="20221129180500 +0000" stop="20221129190000 +0000" catchup-id="899527713"><title>Presidents Cup 2022 (Official Film)</title><date></date><icon src="https://images.tv.kpn.com/epg/I6ugCBpT9BeP3U8q9CW8Z6JZKt3hfPfOLvwfm8tEbGg30/1920x1080.jpg?blurred=false"></icon><desc>Alle hoogtepunten van de Presidents Cup 2022, gespeeld op donderdag 22 tot en met zondag 29 september 2022 op de de Quail Hollow Golf Club in Charlotte, Verenigde Staten. In the Presidents Cup namen de 12 beste golfers uit Amerika het opnemen tegen de 12 beste Internationale golfers.</desc><category></category></programme><programme channel="145" start="20221129190000 +0000" stop="20221129193000 +0000" catchup-id="899527716"><title>Pga Tour - The Cut</title><date></date><icon src="https://images.tv.kpn.com/epg/9BpwUuqN49Bd8hzPEL42dx7dXtxhMs0CVH33BR0Bmi3ho/1920x1080.jpg?blurred=false"></icon><desc>Golfmagazine met het laatste nieuws en achtergronden uit de US PGA Tour.</desc><category></category></programme><programme channel="145" start="20221129193000 +0000" stop="20221129203500 +0000" catchup-id="899527719"><title>The FedExCup Official Film</title><date></date><icon src="https://images.tv.kpn.com/epg/I6ugCBpT9BeP3U8q9CW8Z6JZKt3hfPfOLvwfm8tEbGg30/1920x1080.jpg?blurred=false"></icon><desc>Hoogtepunten van de FedEx Cup Playoffs, gespeeld in de PGA Tour van 2022.</desc><category></category></programme><programme channel="145" start="20221129203500 +0000" stop="20221129210000 +0000" catchup-id="899527722"><title>European Tour: DP World Tour Championship (hoogtepunten)</title><date></date><icon src="https://images.tv.kpn.com/epg/JgNOu9CEdWRgeBQWRt3dF829ARgXzbhM9Cvs9BrYJ9A9AYOAQ/1920x1080.jpg?blurred=false"></icon><desc>Hoogtepunten van de DP World Tour Championship, gespeeld in de European Tour van 2022.</desc><category></category></programme><programme channel="145" start="20221129210000 +0000" stop="20221129220000 +0000" catchup-id="899527725"><title>Golf: The RSM Classic (Hoogtepunten)</title><date></date><icon src="https://images.tv.kpn.com/epg/I6ugCBpT9BeP3U8q9CW8Z6JZKt3hfPfOLvwfm8tEbGg30/1920x1080.jpg?blurred=false"></icon><desc>Alle hoogtepunten de The RSM Classic, gespeeld in de PGA Tour.</desc><category></category></programme><programme channel="145" start="20221129220000 +0000" stop="20221129230500 +0000" catchup-id="899527728"><title>Presidents Cup 2022 (Official Film)</title><date></date><icon src="https://images.tv.kpn.com/epg/I6ugCBpT9BeP3U8q9CW8Z6JZKt3hfPfOLvwfm8tEbGg30/1920x1080.jpg?blurred=false"></icon><desc>Alle hoogtepunten van de Presidents Cup 2022, gespeeld op donderdag 22 tot en met zondag 29 september 2022 op de de Quail Hollow Golf Club in Charlotte, Verenigde Staten. In the Presidents Cup namen de 12 beste golfers uit Amerika het opnemen tegen de 12 beste Internationale golfers.</desc><category></category></programme><programme channel="145" start="20221129230500 +0000" stop="20221130020500 +0000" catchup-id="899573919"><title>European Tour: Fortinet Australian PGA Championship - Dag 4 (herhaling)</title><date></date><icon src="https://images.tv.kpn.com/epg/JgNOu9CEdWRgeBQWRt3dF829ARgXzbhM9Cvs9BrYJ9A9AYOAQ/1920x1080.jpg?blurred=false"></icon><desc>Herhaling van de laatste en beslissende dag van de Fortinet Australian PGA Championship, gespeeld op de Royal Queensland Golf Club, Brisbane, Queensland, Australië.</desc><category></category></programme><programme channel="145" start="20221130020500 +0000" stop="20221130030000 +0000" catchup-id="899573922"><title>Sunshine Tour: PGA Championship Hoogtepunten</title><date></date><icon src="https://images.tv.kpn.com/epg/p9ARfv3LjH7PP9Cnam9C9CsTDhlDGWeArYdl3vbDuIEK5yw/1920x1080.jpg?blurred=false"></icon><desc>De hoogtepunten van de PGA Championship, gespeeld in de Sunshine Tour.</desc><category></category></programme><programme channel="145" start="20221130030000 +0000" stop="20221130060000 +0000" catchup-id="899573925"><title>European Tour: Joburg Open - Dag 4 (herhaling)</title><date></date><icon src="https://images.tv.kpn.com/epg/JgNOu9CEdWRgeBQWRt3dF829ARgXzbhM9Cvs9BrYJ9A9AYOAQ/1920x1080.jpg?blurred=false"></icon><desc>Herhaling van de laatste en beslissende dag van de Joburg Open, gespeeld op de Randpark Golf Club, Johannesburg.</desc><category></category></programme><programme channel="145" start="20221130060000 +0000" stop="20221130070000 +0000" catchup-id="899573928"><title>The FedExCup Official Film</title><date></date><icon src="https://images.tv.kpn.com/epg/I6ugCBpT9BeP3U8q9CW8Z6JZKt3hfPfOLvwfm8tEbGg30/1920x1080.jpg?blurred=false"></icon><desc>Hoogtepunten van de FedEx Cup Playoffs, gespeeld in de PGA Tour van 2022.</desc><category></category></programme><programme channel="145" start="20221130070000 +0000" stop="20221130083000 +0000" catchup-id="899573934"><title>LPGA: CME Group Tour Championship Hoogtepunten</title><date></date><icon src="https://images.tv.kpn.com/epg/p9ARfv3LjH7PP9Cnam9C9CsTDhlDGWeArYdl3vbDuIEK5yw/1920x1080.jpg?blurred=false"></icon><desc>Verslag van de vierde dag van het CME Group Tour Championship, gespeeld in de LPGA.</desc><category></category></programme><programme channel="145" start="20221130083000 +0000" stop="20221130090000 +0000" catchup-id="899573943"><title>Pga Tour - The Cut</title><date></date><icon src="https://images.tv.kpn.com/epg/9BpwUuqN49Bd8hzPEL42dx7dXtxhMs0CVH33BR0Bmi3ho/1920x1080.jpg?blurred=false"></icon><desc>Golfmagazine met het laatste nieuws en achtergronden uit de US PGA Tour.</desc><category></category></programme><programme channel="145" start="20221130090000 +0000" stop="20221130100000 +0000" catchup-id="899573949"><title>Sunshine Tour: PGA Championship Hoogtepunten</title><date></date><icon src="https://images.tv.kpn.com/epg/p9ARfv3LjH7PP9Cnam9C9CsTDhlDGWeArYdl3vbDuIEK5yw/1920x1080.jpg?blurred=false"></icon><desc>De hoogtepunten van de PGA Championship, gespeeld in de Sunshine Tour.</desc><category></category></programme><programme channel="145" start="20221130100000 +0000" stop="20221130130000 +0000" catchup-id="899573955"><title>European Tour: Fortinet Australian PGA Championship - Dag 3 (herhaling)</title><date></date><icon src="https://images.tv.kpn.com/epg/JgNOu9CEdWRgeBQWRt3dF829ARgXzbhM9Cvs9BrYJ9A9AYOAQ/1920x1080.jpg?blurred=false"></icon><desc>Herhaling van de derde dag van de Fortinet Australian PGA Championship, gespeeld op de Royal Queensland Golf Club, Brisbane, Queensland, Australië.</desc><category></category></programme><programme channel="145" start="20221130130000 +0000" stop="20221130160000 +0000" catchup-id="899573961"><title>European Tour: Fortinet Australian PGA Championship - Dag 4 (herhaling)</title><date></date><icon src="https://images.tv.kpn.com/epg/JgNOu9CEdWRgeBQWRt3dF829ARgXzbhM9Cvs9BrYJ9A9AYOAQ/1920x1080.jpg?blurred=false"></icon><desc>Herhaling van de laatste en beslissende dag van de Fortinet Australian PGA Championship, gespeeld op de Royal Queensland Golf Club, Brisbane, Queensland, Australië.</desc><category></category></programme><programme channel="145" start="20221130160000 +0000" stop="20221130163000 +0000" catchup-id="899573967"><title>Pga Tour - The Cut</title><date></date><icon src="https://images.tv.kpn.com/epg/9BpwUuqN49Bd8hzPEL42dx7dXtxhMs0CVH33BR0Bmi3ho/1920x1080.jpg?blurred=false"></icon><desc>Golfmagazine met het laatste nieuws en achtergronden uit de US PGA Tour.</desc><category></category></programme><programme channel="145" start="20221130163000 +0000" stop="20221130170000 +0000" catchup-id="899573970"><title>European Tour: Joburg Open (hoogtepunten)</title><date></date><icon src="https://images.tv.kpn.com/epg/JgNOu9CEdWRgeBQWRt3dF829ARgXzbhM9Cvs9BrYJ9A9AYOAQ/1920x1080.jpg?blurred=false"></icon><desc>Hoogtepunten van de Joburg Open, gespeeld in de European Tour van 2023.</desc><category></category></programme><programme channel="145" start="20221130170000 +0000" stop="20221130180000 +0000" catchup-id="899618547"><title>European Tour: G4D Tour Series Finale (samenvatting)</title><date></date><icon src="https://images.tv.kpn.com/epg/JgNOu9CEdWRgeBQWRt3dF829ARgXzbhM9Cvs9BrYJ9A9AYOAQ/1920x1080.jpg?blurred=false"></icon><desc>Hoogtepunten van de G4D Tour Series Finale in de DP World Tour Championship, waarbij de top 8 golfers op de wereldranglijst voor golfers met een handicap strijden om de ultieme prijs in golf voor gehandicapten de Tour Championship.</desc><category></category></programme><programme channel="145" start="20221130180000 +0000" stop="20221130190000 +0000" catchup-id="899618550"><title>Golf: Selangor Masters (Hoogtepunten)</title><date></date><icon src="https://images.tv.kpn.com/epg/lA1Vv0f9BUfkLYH0lUYX9A2p3i0OLJRmNz0u6zBzU0sbE/1920x1080.jpg?blurred=false"></icon><desc>Alle hoogtepunten de Selangor Masters, gespeeld in de Asian Tour.</desc><category></category></programme><programme channel="145" start="20221130190000 +0000" stop="20221130193000 +0000" catchup-id="899618556"><title>The Hero Challenge - Backboard Challenge</title><date></date><icon src="https://images.tv.kpn.com/epg/p9ARfv3LjH7PP9Cnam9C9CsTDhlDGWeArYdl3vbDuIEK5yw/1920x1080.jpg?blurred=false"></icon><desc>In The Hero Challange nemen bekende golf professionals het onderling tegen elkaar op in een Golf Challenge.</desc><category></category></programme><programme channel="145" start="20221130193000 +0000" stop="20221130200000 +0000" catchup-id="899573982"><title>European Tour: Joburg Open (hoogtepunten)</title><date></date><icon src="https://images.tv.kpn.com/epg/JgNOu9CEdWRgeBQWRt3dF829ARgXzbhM9Cvs9BrYJ9A9AYOAQ/1920x1080.jpg?blurred=false"></icon><desc>Hoogtepunten van de Joburg Open, gespeeld in de European Tour van 2023.</desc><category></category></programme><programme channel="145" start="20221130200000 +0000" stop="20221130210000 +0000" catchup-id="899573985"><title>Presidents Cup 2022 (Official Film)</title><date></date><icon src="https://images.tv.kpn.com/epg/I6ugCBpT9BeP3U8q9CW8Z6JZKt3hfPfOLvwfm8tEbGg30/1920x1080.jpg?blurred=false"></icon><desc>Alle hoogtepunten van de Presidents Cup 2022, gespeeld op donderdag 22 tot en met zondag 29 september 2022 op de de Quail Hollow Golf Club in Charlotte, Verenigde Staten. In the Presidents Cup namen de 12 beste golfers uit Amerika het opnemen tegen de 12 beste Internationale golfers.</desc><category></category></programme><programme channel="145" start="20221130210000 +0000" stop="20221130213000 +0000" catchup-id="899573988"><title>European Tour: Joburg Open (hoogtepunten)</title><date></date><icon src="https://images.tv.kpn.com/epg/JgNOu9CEdWRgeBQWRt3dF829ARgXzbhM9Cvs9BrYJ9A9AYOAQ/1920x1080.jpg?blurred=false"></icon><desc>Hoogtepunten van de Joburg Open, gespeeld in de European Tour van 2023.</desc><category></category></programme><programme channel="145" start="20221130213000 +0000" stop="20221130223000 +0000" catchup-id="899573991"><title>The FedExCup Official Film</title><date></date><icon src="https://images.tv.kpn.com/epg/I6ugCBpT9BeP3U8q9CW8Z6JZKt3hfPfOLvwfm8tEbGg30/1920x1080.jpg?blurred=false"></icon><desc>Hoogtepunten van de FedEx Cup Playoffs, gespeeld in de PGA Tour van 2022.</desc><category></category></programme><programme channel="145" start="20221130223000 +0000" stop="20221130230000 +0000" catchup-id="899573994"><title>Pga Tour - The Cut</title><date></date><icon src="https://images.tv.kpn.com/epg/9BpwUuqN49Bd8hzPEL42dx7dXtxhMs0CVH33BR0Bmi3ho/1920x1080.jpg?blurred=false"></icon><desc>Golfmagazine met het laatste nieuws en achtergronden uit de US PGA Tour.</desc><category></category></programme><programme channel="145" start="20221130230000 +0000" stop="20221130233000 +0000" catchup-id="899618568"><title>European Tour: Joburg Open (hoogtepunten)</title><date></date><icon src="https://images.tv.kpn.com/epg/JgNOu9CEdWRgeBQWRt3dF829ARgXzbhM9Cvs9BrYJ9A9AYOAQ/1920x1080.jpg?blurred=false"></icon><desc>Hoogtepunten van de Joburg Open, gespeeld in de European Tour van 2023.</desc><category></category></programme><programme channel="145" start="20221130233000 +0000" stop="20221201003000 +0000" catchup-id="899618574"><title>Golf: Selangor Masters (Hoogtepunten)</title><date></date><icon src="https://images.tv.kpn.com/epg/I6ugCBpT9BeP3U8q9CW8Z6JZKt3hfPfOLvwfm8tEbGg30/1920x1080.jpg?blurred=false"></icon><desc>Alle hoogtepunten de Selangor Masters, gespeeld in de Asian Tour.</desc><category></category></programme><programme channel="145" start="20221201003000 +0000" stop="20221201010000 +0000" catchup-id="899618580"><title>Pga Tour - The Cut</title><date></date><icon src="https://images.tv.kpn.com/epg/9BpwUuqN49Bd8hzPEL42dx7dXtxhMs0CVH33BR0Bmi3ho/1920x1080.jpg?blurred=false"></icon><desc>Golfmagazine met het laatste nieuws en achtergronden uit de US PGA Tour.</desc><category></category></programme><programme channel="145" start="20221201010000 +0000" stop="20221201060000 +0000" catchup-id="899618586"><title>European Tour: ISPS Handa Australian Open - Dag 1</title><date></date><icon src="https://images.tv.kpn.com/epg/JgNOu9CEdWRgeBQWRt3dF829ARgXzbhM9Cvs9BrYJ9A9AYOAQ/1920x1080.jpg?blurred=false"></icon><desc>Verslag van de eerste dag van de ISPS Handa Australian Open, gespeeld op de The Victoria Golf Club &amp; Kingston Heath Golf Club, Melbourne, Victoria, Australië.</desc><category></category></programme><programme channel="145" start="20221201060000 +0000" stop="20221201090000 +0000" catchup-id="899618592"><title>European Tour: Fortinet Australian PGA Championship - Dag 4 (herhaling)</title><date></date><icon src="https://images.tv.kpn.com/epg/JgNOu9CEdWRgeBQWRt3dF829ARgXzbhM9Cvs9BrYJ9A9AYOAQ/1920x1080.jpg?blurred=false"></icon><desc>Herhaling van de laatste en beslissende dag van de Fortinet Australian PGA Championship, gespeeld op de Royal Queensland Golf Club, Brisbane, Queensland, Australië.</desc><category></category></programme><programme channel="145" start="20221201090000 +0000" stop="20221201093000 +0000" catchup-id="899618598"><title>European Tour: Joburg Open (hoogtepunten)</title><date></date><icon src="https://images.tv.kpn.com/epg/JgNOu9CEdWRgeBQWRt3dF829ARgXzbhM9Cvs9BrYJ9A9AYOAQ/1920x1080.jpg?blurred=false"></icon><desc>Hoogtepunten van de Joburg Open, gespeeld in de European Tour van 2023.</desc><category></category></programme><programme channel="145" start="20221201093000 +0000" stop="20221201100000 +0000" catchup-id="899618604"><title>Pga Tour - The Cut</title><date></date><icon src="https://images.tv.kpn.com/epg/9BpwUuqN49Bd8hzPEL42dx7dXtxhMs0CVH33BR0Bmi3ho/1920x1080.jpg?blurred=false"></icon><desc>Golfmagazine met het laatste nieuws en achtergronden uit de US PGA Tour.</desc><category></category></programme><programme channel="145" start="20221201100000 +0000" stop="20221201150000 +0000" catchup-id="899618610"><title>European Tour: Investec South African Open - Dag 1</title><date></date><icon src="https://images.tv.kpn.com/epg/JgNOu9CEdWRgeBQWRt3dF829ARgXzbhM9Cvs9BrYJ9A9AYOAQ/1920x1080.jpg?blurred=false"></icon><desc>Verslag van de eerste dag van de Investec South African Open, gespeeld op de Blair Atholl Golf Estate, Centurion, Zuid-Afrika</desc><category></category></programme><programme channel="145" start="20221201150000 +0000" stop="20221201153000 +0000" catchup-id="899618619"><title>The Hero Challenge - Backboard Challenge</title><date></date><icon src="https://images.tv.kpn.com/epg/p9ARfv3LjH7PP9Cnam9C9CsTDhlDGWeArYdl3vbDuIEK5yw/1920x1080.jpg?blurred=false"></icon><desc>In The Hero Challange nemen bekende golf professionals het onderling tegen elkaar op in een Golf Challenge.</desc><category></category></programme><programme channel="145" start="20221201153000 +0000" stop="20221201160000 +0000" catchup-id="899618625"><title>European Tour: Joburg Open (hoogtepunten)</title><date></date><icon src="https://images.tv.kpn.com/epg/JgNOu9CEdWRgeBQWRt3dF829ARgXzbhM9Cvs9BrYJ9A9AYOAQ/1920x1080.jpg?blurred=false"></icon><desc>Hoogtepunten van de Joburg Open, gespeeld in de European Tour van 2023.</desc><category></category></programme><programme channel="145" start="20221201160000 +0000" stop="20221201170000 +0000" catchup-id="899618631"><title>The FedExCup Official Film</title><date></date><icon src="https://images.tv.kpn.com/epg/I6ugCBpT9BeP3U8q9CW8Z6JZKt3hfPfOLvwfm8tEbGg30/1920x1080.jpg?blurred=false"></icon><desc>Hoogtepunten van de FedEx Cup Playoffs, gespeeld in de PGA Tour van 2022.</desc><category></category></programme><programme channel="145" start="20221201170000 +0000" stop="20221201173000 +0000" catchup-id="899618634"><title>Pga Tour - The Cut</title><date></date><icon src="https://images.tv.kpn.com/epg/9BpwUuqN49Bd8hzPEL42dx7dXtxhMs0CVH33BR0Bmi3ho/1920x1080.jpg?blurred=false"></icon><desc>Golfmagazine met het laatste nieuws en achtergronden uit de US PGA Tour.</desc><category></category></programme><programme channel="145" start="20221201173000 +0000" stop="20221201180000 +0000" catchup-id="899618637"><title>European Tour: Joburg Open (hoogtepunten)</title><date></date><icon src="https://images.tv.kpn.com/epg/JgNOu9CEdWRgeBQWRt3dF829ARgXzbhM9Cvs9BrYJ9A9AYOAQ/1920x1080.jpg?blurred=false"></icon><desc>Hoogtepunten van de Joburg Open, gespeeld in de European Tour van 2023.</desc><category></category></programme><programme channel="145" start="20221201180000 +0000" stop="20221201190000 +0000" catchup-id="899618640"><title>The FedExCup Official Film</title><date></date><icon src="https://images.tv.kpn.com/epg/I6ugCBpT9BeP3U8q9CW8Z6JZKt3hfPfOLvwfm8tEbGg30/1920x1080.jpg?blurred=false"></icon><desc>Hoogtepunten van de FedEx Cup Playoffs, gespeeld in de PGA Tour van 2022.</desc><category></category></programme><programme channel="145" start="20221201190000 +0000" stop="20221201230000 +0000" catchup-id="899618643"><title>Golf: Hero World Challenge</title><date></date><icon src="https://images.tv.kpn.com/epg/p9ARfv3LjH7PP9Cnam9C9CsTDhlDGWeArYdl3vbDuIEK5yw/1920x1080.jpg?blurred=false"></icon><desc>Verslag van de eerste dag van de Hero World Challenge, gespeeld op de Albany Golf Club in New Providence, Bahama's.</desc><category></category></programme><programme channel="145" start="20221201230000 +0000" stop="20221202010000 +0000" catchup-id="899664963"><title>European Tour: Joburg Open - Dag 4 (samenvatting)</title><date></date><icon src="https://images.tv.kpn.com/epg/JgNOu9CEdWRgeBQWRt3dF829ARgXzbhM9Cvs9BrYJ9A9AYOAQ/1920x1080.jpg?blurred=false"></icon><desc>Samenvatting van de laatste en beslissende dag van de Joburg Open, gespeeld op de Randpark Golf Club, Johannesburg.</desc><category></category></programme><programme channel="145" start="20221202010000 +0000" stop="20221202060000 +0000" catchup-id="899664969"><title>European Tour: ISPS Handa Australian Open - Dag 2</title><date></date><icon src="https://images.tv.kpn.com/epg/JgNOu9CEdWRgeBQWRt3dF829ARgXzbhM9Cvs9BrYJ9A9AYOAQ/1920x1080.jpg?blurred=false"></icon><desc>Verslag van de tweede dag van de ISPS Handa Australian Open, gespeeld op de The Victoria Golf Club &amp; Kingston Heath Golf Club, Melbourne, Victoria, Australië.</desc><category></category></programme><programme channel="145" start="20221202060000 +0000" stop="20221202070000 +0000" catchup-id="899664975"><title>European Tour: G4D Tour Series Finale (samenvatting)</title><date></date><icon src="https://images.tv.kpn.com/epg/JgNOu9CEdWRgeBQWRt3dF829ARgXzbhM9Cvs9BrYJ9A9AYOAQ/1920x1080.jpg?blurred=false"></icon><desc>Hoogtepunten van de G4D Tour Series Finale in de DP World Tour Championship, waarbij de top 8 golfers op de wereldranglijst voor golfers met een handicap strijden om de ultieme prijs in golf voor gehandicapten de Tour Championship.</desc><category></category></programme><programme channel="145" start="20221202070000 +0000" stop="20221202100000 +0000" catchup-id="899664981"><title>European Tour: Investec South African Open - Dag 1 (herhaling)</title><date></date><icon src="https://images.tv.kpn.com/epg/JgNOu9CEdWRgeBQWRt3dF829ARgXzbhM9Cvs9BrYJ9A9AYOAQ/1920x1080.jpg?blurred=false"></icon><desc>Herhaling van de eerste dag van de Investec South African Open, gespeeld op de Blair Atholl Golf Estate, Centurion, Zuid-Afrika</desc><category></category></programme><programme channel="145" start="20221202100000 +0000" stop="20221202150000 +0000" catchup-id="899664987"><title>European Tour: Investec South African Open - Dag 2</title><date></date><icon src="https://images.tv.kpn.com/epg/JgNOu9CEdWRgeBQWRt3dF829ARgXzbhM9Cvs9BrYJ9A9AYOAQ/1920x1080.jpg?blurred=false"></icon><desc>Verslag van de tweede dag van de Investec South African Open, gespeeld op de Blair Atholl Golf Estate, Centurion, Zuid-Afrika</desc><category></category></programme><programme channel="145" start="20221202150000 +0000" stop="20221202153000 +0000" catchup-id="899664993"><title>European Tour: Joburg Open (hoogtepunten)</title><date></date><icon src="https://images.tv.kpn.com/epg/JgNOu9CEdWRgeBQWRt3dF829ARgXzbhM9Cvs9BrYJ9A9AYOAQ/1920x1080.jpg?blurred=false"></icon><desc>Hoogtepunten van de Joburg Open, gespeeld in de European Tour van 2023.</desc><category></category></programme><programme channel="145" start="20221202153000 +0000" stop="20221202160000 +0000" catchup-id="899664999"><title>Pga Tour - The Cut</title><date></date><icon src="https://images.tv.kpn.com/epg/9BpwUuqN49Bd8hzPEL42dx7dXtxhMs0CVH33BR0Bmi3ho/1920x1080.jpg?blurred=false"></icon><desc>Golfmagazine met het laatste nieuws en achtergronden uit de US PGA Tour.</desc><category></category></programme><programme channel="145" start="20221202160000 +0000" stop="20221202190000 +0000" catchup-id="899665005"><title>Golf: Hero World Challenge (herhaling)</title><date></date><icon src="https://images.tv.kpn.com/epg/887tABxGwRCU9C9A0Zi4VKHMIrHC0TxBwIEUKgDbZvPcU/1920x1080.jpg?blurred=false"></icon><desc>Herhaling van de eerste dag van de Hero World Challenge, gespeeld op de Albany Golf Club in New Providence, Bahama's.</desc><category></category></programme><programme channel="145" start="20221202190000 +0000" stop="20221202230000 +0000" catchup-id="899665011"><title>Golf: Hero World Challenge</title><date></date><icon src="https://images.tv.kpn.com/epg/p9ARfv3LjH7PP9Cnam9C9CsTDhlDGWeArYdl3vbDuIEK5yw/1920x1080.jpg?blurred=false"></icon><desc>Verslag van de tweede dag van de Hero World Challenge, gespeeld op de Albany Golf Club in New Providence, Bahama's.</desc><category></category></programme><programme channel="145" start="20221202230000 +0000" stop="20221202233000 +0000" catchup-id="899708301"><title>Pga Tour - The Cut</title><date></date><icon src="https://images.tv.kpn.com/epg/9BpwUuqN49Bd8hzPEL42dx7dXtxhMs0CVH33BR0Bmi3ho/1920x1080.jpg?blurred=false"></icon><desc>Golfmagazine met het laatste nieuws en achtergronden uit de US PGA Tour.</desc><category></category></programme><programme channel="145" start="20221202233000 +0000" stop="20221203000000 +0000" catchup-id="899708304"><title>The Hero Challenge - Backboard Challenge</title><date></date><icon src="https://images.tv.kpn.com/epg/p9ARfv3LjH7PP9Cnam9C9CsTDhlDGWeArYdl3vbDuIEK5yw/1920x1080.jpg?blurred=false"></icon><desc>In The Hero Challange nemen bekende golf professionals het onderling tegen elkaar op in een Golf Challenge.</desc><category></category></programme><programme channel="145" start="20221203000000 +0000" stop="20221203030000 +0000" catchup-id="899708307"><title>European Tour: ISPS Handa Australian Open - Dag 2 (herhaling)</title><date></date><icon src="https://images.tv.kpn.com/epg/JgNOu9CEdWRgeBQWRt3dF829ARgXzbhM9Cvs9BrYJ9A9AYOAQ/1920x1080.jpg?blurred=false"></icon><desc>Herhaling van de tweede dag van de ISPS Handa Australian Open, gespeeld op de The Victoria Golf Club &amp; Kingston Heath Golf Club, Melbourne, Victoria, Australië.</desc><category></category></programme><programme channel="145" start="20221203030000 +0000" stop="20221203060000 +0000" catchup-id="899708310"><title>European Tour: ISPS Handa Australian Open - Dag 3</title><date></date><icon src="https://images.tv.kpn.com/epg/JgNOu9CEdWRgeBQWRt3dF829ARgXzbhM9Cvs9BrYJ9A9AYOAQ/1920x1080.jpg?blurred=false"></icon><desc>Verslag van de derde dag van de ISPS Handa Australian Open, gespeeld op de The Victoria Golf Club &amp; Kingston Heath Golf Club, Melbourne, Victoria, Australië.</desc><category></category></programme><programme channel="145" start="20221203060000 +0000" stop="20221203080000 +0000" catchup-id="899708313"><title>Programmabeschrijving niet beschikbaar</title><date></date><icon src="https://images.tv.kpn.com/epg/enghYmnlANFueqtbSClcq3ME9AdjQEgX06b4yGh3I6tI/1920x1080.jpg?blurred=false"></icon><desc>Programmabeschrijving niet beschikbaar</desc><category></category></programme><programme channel="145" start="20221203080000 +0000" stop="20221203083000 +0000" catchup-id="899708316"><title>The Hero Challenge - Backboard Challenge</title><date></date><icon src="https://images.tv.kpn.com/epg/p9ARfv3LjH7PP9Cnam9C9CsTDhlDGWeArYdl3vbDuIEK5yw/1920x1080.jpg?blurred=false"></icon><desc>In The Hero Challange nemen bekende golf professionals het onderling tegen elkaar op in een Golf Challenge.</desc><category></category></programme><programme channel="145" start="20221203083000 +0000" stop="20221203093000 +0000" catchup-id="899708319"><title>Golf: Selangor Masters (Hoogtepunten)</title><date></date><icon src="https://images.tv.kpn.com/epg/I6ugCBpT9BeP3U8q9CW8Z6JZKt3hfPfOLvwfm8tEbGg30/1920x1080.jpg?blurred=false"></icon><desc>Alle hoogtepunten de Selangor Masters, gespeeld in de Asian Tour.</desc><category></category></programme><programme channel="145" start="20221203093000 +0000" stop="20221203143000 +0000" catchup-id="899708322"><title>European Tour: Investec South African Open - Dag 3</title><date></date><icon src="https://images.tv.kpn.com/epg/JgNOu9CEdWRgeBQWRt3dF829ARgXzbhM9Cvs9BrYJ9A9AYOAQ/1920x1080.jpg?blurred=false"></icon><desc>Verslag van de derde dag van de Investec South African Open, gespeeld op de Blair Atholl Golf Estate, Centurion, Zuid-Afrika</desc><category></category></programme><programme channel="145" start="20221203143000 +0000" stop="20221203150000 +0000" catchup-id="899708325"><title>The Hero Challenge - Backboard Challenge</title><date></date><icon src="https://images.tv.kpn.com/epg/p9ARfv3LjH7PP9Cnam9C9CsTDhlDGWeArYdl3vbDuIEK5yw/1920x1080.jpg?blurred=false"></icon><desc>In The Hero Challange nemen bekende golf professionals het onderling tegen elkaar op in een Golf Challenge.</desc><category></category></programme><programme channel="145" start="20221203150000 +0000" stop="20221203160000 +0000" catchup-id="899708328"><title>Golf: Selangor Masters (Hoogtepunten)</title><date></date><icon src="https://images.tv.kpn.com/epg/I6ugCBpT9BeP3U8q9CW8Z6JZKt3hfPfOLvwfm8tEbGg30/1920x1080.jpg?blurred=false"></icon><desc>Alle hoogtepunten de Selangor Masters, gespeeld in de Asian Tour.</desc><category></category></programme><programme channel="145" start="20221203160000 +0000" stop="20221203190000 +0000" catchup-id="899708331"><title>Golf: Hero World Challenge (herhaling)</title><date></date><icon src="https://images.tv.kpn.com/epg/887tABxGwRCU9C9A0Zi4VKHMIrHC0TxBwIEUKgDbZvPcU/1920x1080.jpg?blurred=false"></icon><desc>Herhaling van de tweede dag van de Hero World Challenge, gespeeld op de Albany Golf Club in New Providence, Bahama's.</desc><category></category></programme>