<programme channel="161" start="20221119000000 +0000" stop="20221119030000 +0000" catchup-id="899087046"><title>Heropanti 2</title><date></date><icon src="https://images.tv.kpn.com/epg/13YaSo1V9AkC3ZQ0apFQIYHj2NwDeC7RcL29BJ3XerXF0/1920x1080.jpg?blurred=false"></icon><desc>Programmabeschrijving niet beschikbaar</desc><category></category></programme><programme channel="161" start="20221119030000 +0000" stop="20221119060000 +0000" catchup-id="899087049"><title>Dil Dhadakne Do</title><date></date><icon src="https://images.tv.kpn.com/epg/ipZ8kUXgET8qA81GFZwEcvAXDK8JEVnoIEotCBdEeT8/1920x1080.jpg?blurred=false"></icon><desc>Programmabeschrijving niet beschikbaar</desc><category></category></programme><programme channel="161" start="20221119060000 +0000" stop="20221119090000 +0000" catchup-id="899087052"><title>Qayamat Se Qayamat Tak</title><date></date><icon src="https://images.tv.kpn.com/epg/ipZ8kUXgET8qA81GFZwEcvAXDK8JEVnoIEotCBdEeT8/1920x1080.jpg?blurred=false"></icon><desc>Programmabeschrijving niet beschikbaar</desc><category></category></programme><programme channel="161" start="20221119090000 +0000" stop="20221119120000 +0000" catchup-id="899087055"><title>No Entry</title><date></date><icon src="https://images.tv.kpn.com/epg/ipZ8kUXgET8qA81GFZwEcvAXDK8JEVnoIEotCBdEeT8/1920x1080.jpg?blurred=false"></icon><desc>Programmabeschrijving niet beschikbaar</desc><category></category></programme><programme channel="161" start="20221119120000 +0000" stop="20221119150000 +0000" catchup-id="899087058"><title>Coolie</title><date></date><icon src="https://images.tv.kpn.com/epg/OLqYeGH7HPSPSoRrWorwkhcAxus6z1cbeiR9AxA9BD9ARc/1920x1080.jpg?blurred=false"></icon><desc>Programmabeschrijving niet beschikbaar</desc><category></category></programme><programme channel="161" start="20221119150000 +0000" stop="20221119180000 +0000" catchup-id="899087061"><title>Don-the Chase Begins Again</title><date></date><icon src="https://images.tv.kpn.com/epg/13YaSo1V9AkC3ZQ0apFQIYHj2NwDeC7RcL29BJ3XerXF0/1920x1080.jpg?blurred=false"></icon><desc>Programmabeschrijving niet beschikbaar</desc><category></category></programme><programme channel="161" start="20221119180000 +0000" stop="20221119210000 +0000" catchup-id="899087064"><title>Rrr</title><date></date><icon src="https://images.tv.kpn.com/epg/ipZ8kUXgET8qA81GFZwEcvAXDK8JEVnoIEotCBdEeT8/1920x1080.jpg?blurred=false"></icon><desc>Programmabeschrijving niet beschikbaar</desc><category></category></programme><programme channel="161" start="20221119210000 +0000" stop="20221120000000 +0000" catchup-id="899087067"><title>Qayamat Se Qayamat Tak</title><date></date><icon src="https://images.tv.kpn.com/epg/13YaSo1V9AkC3ZQ0apFQIYHj2NwDeC7RcL29BJ3XerXF0/1920x1080.jpg?blurred=false"></icon><desc>Programmabeschrijving niet beschikbaar</desc><category></category></programme><programme channel="161" start="20221120000000 +0000" stop="20221120030000 +0000" catchup-id="899130849"><title>Middle Class Love</title><date></date><icon src="https://images.tv.kpn.com/epg/13YaSo1V9AkC3ZQ0apFQIYHj2NwDeC7RcL29BJ3XerXF0/1920x1080.jpg?blurred=false"></icon><desc>Programmabeschrijving niet beschikbaar</desc><category></category></programme><programme channel="161" start="20221120030000 +0000" stop="20221120060000 +0000" catchup-id="899130855"><title>Manmarziyaan</title><date></date><icon src="https://images.tv.kpn.com/epg/13YaSo1V9AkC3ZQ0apFQIYHj2NwDeC7RcL29BJ3XerXF0/1920x1080.jpg?blurred=false"></icon><desc>Programmabeschrijving niet beschikbaar</desc><category></category></programme><programme channel="161" start="20221120060000 +0000" stop="20221120090000 +0000" catchup-id="899130861"><title>Tere Naam</title><date></date><icon src="https://images.tv.kpn.com/epg/tQRQpLgtNTO0v1am66A13jss5dasIDqtVPHIX1I1FR8/1920x1080.jpg?blurred=false"></icon><desc>Programmabeschrijving niet beschikbaar</desc><category></category></programme><programme channel="161" start="20221120090000 +0000" stop="20221120120000 +0000" catchup-id="899130864"><title>Double Dhamaal</title><date></date><icon src="https://images.tv.kpn.com/epg/ipZ8kUXgET8qA81GFZwEcvAXDK8JEVnoIEotCBdEeT8/1920x1080.jpg?blurred=false"></icon><desc>Programmabeschrijving niet beschikbaar</desc><category></category></programme><programme channel="161" start="20221120120000 +0000" stop="20221120150000 +0000" catchup-id="899130867"><title>Baaghi: Rebels In Love</title><date></date><icon src="https://images.tv.kpn.com/epg/13YaSo1V9AkC3ZQ0apFQIYHj2NwDeC7RcL29BJ3XerXF0/1920x1080.jpg?blurred=false"></icon><desc>Programmabeschrijving niet beschikbaar</desc><category></category></programme><programme channel="161" start="20221120150000 +0000" stop="20221120180000 +0000" catchup-id="899130870"><title>Guru</title><date></date><icon src="https://images.tv.kpn.com/epg/OLqYeGH7HPSPSoRrWorwkhcAxus6z1cbeiR9AxA9BD9ARc/1920x1080.jpg?blurred=false"></icon><desc>Programmabeschrijving niet beschikbaar</desc><category></category></programme><programme channel="161" start="20221120180000 +0000" stop="20221120210000 +0000" catchup-id="899130873"><title>Loveshhuda</title><date></date><icon src="https://images.tv.kpn.com/epg/tQRQpLgtNTO0v1am66A13jss5dasIDqtVPHIX1I1FR8/1920x1080.jpg?blurred=false"></icon><desc>Programmabeschrijving niet beschikbaar</desc><category></category></programme><programme channel="161" start="20221120210000 +0000" stop="20221121000000 +0000" catchup-id="899130876"><title>Phool Aur Kante</title><date></date><icon src="https://images.tv.kpn.com/epg/OLqYeGH7HPSPSoRrWorwkhcAxus6z1cbeiR9AxA9BD9ARc/1920x1080.jpg?blurred=false"></icon><desc>Programmabeschrijving niet beschikbaar</desc><category></category></programme><programme channel="161" start="20221121000000 +0000" stop="20221121030000 +0000" catchup-id="899172663"><title>Bharat</title><date></date><icon src="https://images.tv.kpn.com/epg/13YaSo1V9AkC3ZQ0apFQIYHj2NwDeC7RcL29BJ3XerXF0/1920x1080.jpg?blurred=false"></icon><desc>Programmabeschrijving niet beschikbaar</desc><category></category></programme><programme channel="161" start="20221121030000 +0000" stop="20221121060000 +0000" catchup-id="899172666"><title>Waqt -race Against Time</title><date></date><icon src="https://images.tv.kpn.com/epg/13YaSo1V9AkC3ZQ0apFQIYHj2NwDeC7RcL29BJ3XerXF0/1920x1080.jpg?blurred=false"></icon><desc>Programmabeschrijving niet beschikbaar</desc><category></category></programme><programme channel="161" start="20221121060000 +0000" stop="20221121090000 +0000" catchup-id="899172669"><title>Raaste Ka Pathar</title><date></date><icon src="https://images.tv.kpn.com/epg/OLqYeGH7HPSPSoRrWorwkhcAxus6z1cbeiR9AxA9BD9ARc/1920x1080.jpg?blurred=false"></icon><desc>Programmabeschrijving niet beschikbaar</desc><category></category></programme><programme channel="161" start="20221121090000 +0000" stop="20221121120000 +0000" catchup-id="899172672"><title>Baazigar</title><date></date><icon src="https://images.tv.kpn.com/epg/13YaSo1V9AkC3ZQ0apFQIYHj2NwDeC7RcL29BJ3XerXF0/1920x1080.jpg?blurred=false"></icon><desc>Programmabeschrijving niet beschikbaar</desc><category></category></programme><programme channel="161" start="20221121120000 +0000" stop="20221121150000 +0000" catchup-id="899172675"><title>Saagar</title><date></date><icon src="https://images.tv.kpn.com/epg/ipZ8kUXgET8qA81GFZwEcvAXDK8JEVnoIEotCBdEeT8/1920x1080.jpg?blurred=false"></icon><desc>Programmabeschrijving niet beschikbaar</desc><category></category></programme><programme channel="161" start="20221121150000 +0000" stop="20221121180000 +0000" catchup-id="899172678"><title>Hamara Dil Aapke Paas Hai</title><date></date><icon src="https://images.tv.kpn.com/epg/13YaSo1V9AkC3ZQ0apFQIYHj2NwDeC7RcL29BJ3XerXF0/1920x1080.jpg?blurred=false"></icon><desc>Programmabeschrijving niet beschikbaar</desc><category></category></programme><programme channel="161" start="20221121180000 +0000" stop="20221121210000 +0000" catchup-id="899172681"><title>Uri - The Surgical Strike</title><date></date><icon src="https://images.tv.kpn.com/epg/13YaSo1V9AkC3ZQ0apFQIYHj2NwDeC7RcL29BJ3XerXF0/1920x1080.jpg?blurred=false"></icon><desc>Programmabeschrijving niet beschikbaar</desc><category></category></programme><programme channel="161" start="20221121210000 +0000" stop="20221122000000 +0000" catchup-id="899172684"><title>Mukkabaaz</title><date></date><icon src="https://images.tv.kpn.com/epg/ipZ8kUXgET8qA81GFZwEcvAXDK8JEVnoIEotCBdEeT8/1920x1080.jpg?blurred=false"></icon><desc>Programmabeschrijving niet beschikbaar</desc><category></category></programme><programme channel="161" start="20221122000000 +0000" stop="20221122030000 +0000" catchup-id="899216310"><title>Behan Hogi Teri</title><date></date><icon src="https://images.tv.kpn.com/epg/tQRQpLgtNTO0v1am66A13jss5dasIDqtVPHIX1I1FR8/1920x1080.jpg?blurred=false"></icon><desc>Programmabeschrijving niet beschikbaar</desc><category></category></programme><programme channel="161" start="20221122030000 +0000" stop="20221122060000 +0000" catchup-id="899216313"><title>Baar Baar Dekho</title><date></date><icon src="https://images.tv.kpn.com/epg/ipZ8kUXgET8qA81GFZwEcvAXDK8JEVnoIEotCBdEeT8/1920x1080.jpg?blurred=false"></icon><desc>Programmabeschrijving niet beschikbaar</desc><category></category></programme><programme channel="161" start="20221122060000 +0000" stop="20221122090000 +0000" catchup-id="899216316"><title>Anjaan Raahen</title><date></date><icon src="https://images.tv.kpn.com/epg/OLqYeGH7HPSPSoRrWorwkhcAxus6z1cbeiR9AxA9BD9ARc/1920x1080.jpg?blurred=false"></icon><desc>Programmabeschrijving niet beschikbaar</desc><category></category></programme><programme channel="161" start="20221122090000 +0000" stop="20221122120000 +0000" catchup-id="899216319"><title>Balle Balle Amritsar To La</title><date></date><icon src="https://images.tv.kpn.com/epg/OLqYeGH7HPSPSoRrWorwkhcAxus6z1cbeiR9AxA9BD9ARc/1920x1080.jpg?blurred=false"></icon><desc>Programmabeschrijving niet beschikbaar</desc><category></category></programme><programme channel="161" start="20221122120000 +0000" stop="20221122150000 +0000" catchup-id="899216322"><title>Main Tera Hero</title><date></date><icon src="https://images.tv.kpn.com/epg/tQRQpLgtNTO0v1am66A13jss5dasIDqtVPHIX1I1FR8/1920x1080.jpg?blurred=false"></icon><desc>Programmabeschrijving niet beschikbaar</desc><category></category></programme><programme channel="161" start="20221122150000 +0000" stop="20221122180000 +0000" catchup-id="899216325"><title>Company</title><date></date><icon src="https://images.tv.kpn.com/epg/OLqYeGH7HPSPSoRrWorwkhcAxus6z1cbeiR9AxA9BD9ARc/1920x1080.jpg?blurred=false"></icon><desc>Programmabeschrijving niet beschikbaar</desc><category></category></programme><programme channel="161" start="20221122180000 +0000" stop="20221122210000 +0000" catchup-id="899216328"><title>Suraj Pe Mangal Bhari</title><date></date><icon src="https://images.tv.kpn.com/epg/ipZ8kUXgET8qA81GFZwEcvAXDK8JEVnoIEotCBdEeT8/1920x1080.jpg?blurred=false"></icon><desc>Programmabeschrijving niet beschikbaar</desc><category></category></programme><programme channel="161" start="20221122210000 +0000" stop="20221123000000 +0000" catchup-id="899216331"><title>Sanam Teri Kasam</title><date></date><icon src="https://images.tv.kpn.com/epg/13YaSo1V9AkC3ZQ0apFQIYHj2NwDeC7RcL29BJ3XerXF0/1920x1080.jpg?blurred=false"></icon><desc>Programmabeschrijving niet beschikbaar</desc><category></category></programme><programme channel="161" start="20221123000000 +0000" stop="20221123030000 +0000" catchup-id="899261373"><title>Ram Teri Ganga Maili</title><date></date><icon src="https://images.tv.kpn.com/epg/ipZ8kUXgET8qA81GFZwEcvAXDK8JEVnoIEotCBdEeT8/1920x1080.jpg?blurred=false"></icon><desc>Programmabeschrijving niet beschikbaar</desc><category></category></programme><programme channel="161" start="20221123030000 +0000" stop="20221123060000 +0000" catchup-id="899261379"><title>Baaghi: Rebels In Love</title><date></date><icon src="https://images.tv.kpn.com/epg/tQRQpLgtNTO0v1am66A13jss5dasIDqtVPHIX1I1FR8/1920x1080.jpg?blurred=false"></icon><desc>Programmabeschrijving niet beschikbaar</desc><category></category></programme><programme channel="161" start="20221123060000 +0000" stop="20221123090000 +0000" catchup-id="899261388"><title>Tamacha</title><date></date><icon src="https://images.tv.kpn.com/epg/13YaSo1V9AkC3ZQ0apFQIYHj2NwDeC7RcL29BJ3XerXF0/1920x1080.jpg?blurred=false"></icon><desc>Programmabeschrijving niet beschikbaar</desc><category></category></programme><programme channel="161" start="20221123090000 +0000" stop="20221123120000 +0000" catchup-id="899261394"><title>Baazi</title><date></date><icon src="https://images.tv.kpn.com/epg/ipZ8kUXgET8qA81GFZwEcvAXDK8JEVnoIEotCBdEeT8/1920x1080.jpg?blurred=false"></icon><desc>Programmabeschrijving niet beschikbaar</desc><category></category></programme><programme channel="161" start="20221123120000 +0000" stop="20221123150000 +0000" catchup-id="899261400"><title>Prem Deewane</title><date></date><icon src="https://images.tv.kpn.com/epg/13YaSo1V9AkC3ZQ0apFQIYHj2NwDeC7RcL29BJ3XerXF0/1920x1080.jpg?blurred=false"></icon><desc>Programmabeschrijving niet beschikbaar</desc><category></category></programme><programme channel="161" start="20221123150000 +0000" stop="20221123180000 +0000" catchup-id="899261409"><title>Rock On !!</title><date></date><icon src="https://images.tv.kpn.com/epg/OLqYeGH7HPSPSoRrWorwkhcAxus6z1cbeiR9AxA9BD9ARc/1920x1080.jpg?blurred=false"></icon><desc>Programmabeschrijving niet beschikbaar</desc><category></category></programme><programme channel="161" start="20221123180000 +0000" stop="20221123210000 +0000" catchup-id="899261418"><title>Secret Superstar</title><date></date><icon src="https://images.tv.kpn.com/epg/13YaSo1V9AkC3ZQ0apFQIYHj2NwDeC7RcL29BJ3XerXF0/1920x1080.jpg?blurred=false"></icon><desc>Programmabeschrijving niet beschikbaar</desc><category></category></programme><programme channel="161" start="20221123210000 +0000" stop="20221124000000 +0000" catchup-id="899261424"><title>Socha Na Tha</title><date></date><icon src="https://images.tv.kpn.com/epg/ipZ8kUXgET8qA81GFZwEcvAXDK8JEVnoIEotCBdEeT8/1920x1080.jpg?blurred=false"></icon><desc>Programmabeschrijving niet beschikbaar</desc><category></category></programme><programme channel="161" start="20221124000000 +0000" stop="20221124030000 +0000" catchup-id="899308305"><title>Radhe : Your Most Wanted Bhai</title><date></date><icon src="https://images.tv.kpn.com/epg/tQRQpLgtNTO0v1am66A13jss5dasIDqtVPHIX1I1FR8/1920x1080.jpg?blurred=false"></icon><desc>Programmabeschrijving niet beschikbaar</desc><category></category></programme><programme channel="161" start="20221124030000 +0000" stop="20221124060000 +0000" catchup-id="899308308"><title>Naseeb</title><date></date><icon src="https://images.tv.kpn.com/epg/OLqYeGH7HPSPSoRrWorwkhcAxus6z1cbeiR9AxA9BD9ARc/1920x1080.jpg?blurred=false"></icon><desc>Programmabeschrijving niet beschikbaar</desc><category></category></programme><programme channel="161" start="20221124060000 +0000" stop="20221124090000 +0000" catchup-id="899308317"><title>Love In Tokyo</title><date></date><icon src="https://images.tv.kpn.com/epg/tQRQpLgtNTO0v1am66A13jss5dasIDqtVPHIX1I1FR8/1920x1080.jpg?blurred=false"></icon><desc>Programmabeschrijving niet beschikbaar</desc><category></category></programme><programme channel="161" start="20221124090000 +0000" stop="20221124120000 +0000" catchup-id="899308323"><title>The Hero: Love Story Of A Spy</title><date></date><icon src="https://images.tv.kpn.com/epg/tQRQpLgtNTO0v1am66A13jss5dasIDqtVPHIX1I1FR8/1920x1080.jpg?blurred=false"></icon><desc>Programmabeschrijving niet beschikbaar</desc><category></category></programme><programme channel="161" start="20221124120000 +0000" stop="20221124150000 +0000" catchup-id="899308326"><title>Aakhri Raasta</title><date></date><icon src="https://images.tv.kpn.com/epg/tQRQpLgtNTO0v1am66A13jss5dasIDqtVPHIX1I1FR8/1920x1080.jpg?blurred=false"></icon><desc>Programmabeschrijving niet beschikbaar</desc><category></category></programme><programme channel="161" start="20221124150000 +0000" stop="20221124180000 +0000" catchup-id="899308329"><title>Partner</title><date></date><icon src="https://images.tv.kpn.com/epg/tQRQpLgtNTO0v1am66A13jss5dasIDqtVPHIX1I1FR8/1920x1080.jpg?blurred=false"></icon><desc>Programmabeschrijving niet beschikbaar</desc><category></category></programme><programme channel="161" start="20221124180000 +0000" stop="20221124210000 +0000" catchup-id="899308332"><title>Agent Vinod</title><date></date><icon src="https://images.tv.kpn.com/epg/ipZ8kUXgET8qA81GFZwEcvAXDK8JEVnoIEotCBdEeT8/1920x1080.jpg?blurred=false"></icon><desc>Programmabeschrijving niet beschikbaar</desc><category></category></programme><programme channel="161" start="20221124210000 +0000" stop="20221125000000 +0000" catchup-id="899308335"><title>Race 3</title><date></date><icon src="https://images.tv.kpn.com/epg/tQRQpLgtNTO0v1am66A13jss5dasIDqtVPHIX1I1FR8/1920x1080.jpg?blurred=false"></icon><desc>Programmabeschrijving niet beschikbaar</desc><category></category></programme><programme channel="161" start="20221125000000 +0000" stop="20221125030000 +0000" catchup-id="899358033"><title>Sajan Chale Sasural</title><date></date><icon src="https://images.tv.kpn.com/epg/ipZ8kUXgET8qA81GFZwEcvAXDK8JEVnoIEotCBdEeT8/1920x1080.jpg?blurred=false"></icon><desc>Programmabeschrijving niet beschikbaar</desc><category></category></programme><programme channel="161" start="20221125030000 +0000" stop="20221125060000 +0000" catchup-id="899358039"><title>Happy Bhaag Jaayegi</title><date></date><icon src="https://images.tv.kpn.com/epg/OLqYeGH7HPSPSoRrWorwkhcAxus6z1cbeiR9AxA9BD9ARc/1920x1080.jpg?blurred=false"></icon><desc>Programmabeschrijving niet beschikbaar</desc><category></category></programme><programme channel="161" start="20221125060000 +0000" stop="20221125090000 +0000" catchup-id="899358045"><title>Pyar Ka Mausam</title><date></date><icon src="https://images.tv.kpn.com/epg/tQRQpLgtNTO0v1am66A13jss5dasIDqtVPHIX1I1FR8/1920x1080.jpg?blurred=false"></icon><desc>Programmabeschrijving niet beschikbaar</desc><category></category></programme><programme channel="161" start="20221125090000 +0000" stop="20221125120000 +0000" catchup-id="899358051"><title>Ramaiya Vastavaiya</title><date></date><icon src="https://images.tv.kpn.com/epg/13YaSo1V9AkC3ZQ0apFQIYHj2NwDeC7RcL29BJ3XerXF0/1920x1080.jpg?blurred=false"></icon><desc>Programmabeschrijving niet beschikbaar</desc><category></category></programme><programme channel="161" start="20221125120000 +0000" stop="20221125150000 +0000" catchup-id="899358057"><title>Gadar-ek Prem Katha</title><date></date><icon src="https://images.tv.kpn.com/epg/ipZ8kUXgET8qA81GFZwEcvAXDK8JEVnoIEotCBdEeT8/1920x1080.jpg?blurred=false"></icon><desc>Programmabeschrijving niet beschikbaar</desc><category></category></programme><programme channel="161" start="20221125150000 +0000" stop="20221125180000 +0000" catchup-id="899358063"><title>Swades</title><date></date><icon src="https://images.tv.kpn.com/epg/13YaSo1V9AkC3ZQ0apFQIYHj2NwDeC7RcL29BJ3XerXF0/1920x1080.jpg?blurred=false"></icon><desc>Programmabeschrijving niet beschikbaar</desc><category></category></programme><programme channel="161" start="20221125180000 +0000" stop="20221125210000 +0000" catchup-id="899358069"><title>Coolie No 1</title><date></date><icon src="https://images.tv.kpn.com/epg/tQRQpLgtNTO0v1am66A13jss5dasIDqtVPHIX1I1FR8/1920x1080.jpg?blurred=false"></icon><desc>Programmabeschrijving niet beschikbaar</desc><category></category></programme><programme channel="161" start="20221125210000 +0000" stop="20221126000000 +0000" catchup-id="899358075"><title>Tanu Weds Manu Returns</title><date></date><icon src="https://images.tv.kpn.com/epg/13YaSo1V9AkC3ZQ0apFQIYHj2NwDeC7RcL29BJ3XerXF0/1920x1080.jpg?blurred=false"></icon><desc>Programmabeschrijving niet beschikbaar</desc><category></category></programme><programme channel="161" start="20221126000000 +0000" stop="20221126030000 +0000" catchup-id="899401278"><title>Rrr</title><date></date><icon src="https://images.tv.kpn.com/epg/tQRQpLgtNTO0v1am66A13jss5dasIDqtVPHIX1I1FR8/1920x1080.jpg?blurred=false"></icon><desc>Programmabeschrijving niet beschikbaar</desc><category></category></programme><programme channel="161" start="20221126030000 +0000" stop="20221126060000 +0000" catchup-id="899401281"><title>Qayamat Se Qayamat Tak</title><date></date><icon src="https://images.tv.kpn.com/epg/tQRQpLgtNTO0v1am66A13jss5dasIDqtVPHIX1I1FR8/1920x1080.jpg?blurred=false"></icon><desc>Programmabeschrijving niet beschikbaar</desc><category></category></programme><programme channel="161" start="20221126060000 +0000" stop="20221126090000 +0000" catchup-id="899401284"><title>Hum Kisise Kum Nahin</title><date></date><icon src="https://images.tv.kpn.com/epg/OLqYeGH7HPSPSoRrWorwkhcAxus6z1cbeiR9AxA9BD9ARc/1920x1080.jpg?blurred=false"></icon><desc>Programmabeschrijving niet beschikbaar</desc><category></category></programme><programme channel="161" start="20221126090000 +0000" stop="20221126120000 +0000" catchup-id="899401287"><title>Phata Poster Nikla Hero</title><date></date><icon src="https://images.tv.kpn.com/epg/tQRQpLgtNTO0v1am66A13jss5dasIDqtVPHIX1I1FR8/1920x1080.jpg?blurred=false"></icon><desc>Programmabeschrijving niet beschikbaar</desc><category></category></programme><programme channel="161" start="20221126120000 +0000" stop="20221126150000 +0000" catchup-id="899401290"><title>Raees</title><date></date><icon src="https://images.tv.kpn.com/epg/OLqYeGH7HPSPSoRrWorwkhcAxus6z1cbeiR9AxA9BD9ARc/1920x1080.jpg?blurred=false"></icon><desc>Programmabeschrijving niet beschikbaar</desc><category></category></programme><programme channel="161" start="20221126150000 +0000" stop="20221126180000 +0000" catchup-id="899401293"><title>Ab Tumhare Hawale Watan Saathiyo</title><date></date><icon src="https://images.tv.kpn.com/epg/ipZ8kUXgET8qA81GFZwEcvAXDK8JEVnoIEotCBdEeT8/1920x1080.jpg?blurred=false"></icon><desc>Programmabeschrijving niet beschikbaar</desc><category></category></programme><programme channel="161" start="20221126180000 +0000" stop="20221126210000 +0000" catchup-id="899401296"><title>Gangubai Kathaiwadi</title><date></date><icon src="https://images.tv.kpn.com/epg/tQRQpLgtNTO0v1am66A13jss5dasIDqtVPHIX1I1FR8/1920x1080.jpg?blurred=false"></icon><desc>Programmabeschrijving niet beschikbaar</desc><category></category></programme><programme channel="161" start="20221126210000 +0000" stop="20221127000000 +0000" catchup-id="899401299"><title>English Vinglish</title><date></date><icon src="https://images.tv.kpn.com/epg/ipZ8kUXgET8qA81GFZwEcvAXDK8JEVnoIEotCBdEeT8/1920x1080.jpg?blurred=false"></icon><desc>Programmabeschrijving niet beschikbaar</desc><category></category></programme><programme channel="161" start="20221127000000 +0000" stop="20221127030000 +0000" catchup-id="899443677"><title>Loveshhuda</title><date></date><icon src="https://images.tv.kpn.com/epg/13YaSo1V9AkC3ZQ0apFQIYHj2NwDeC7RcL29BJ3XerXF0/1920x1080.jpg?blurred=false"></icon><desc>Programmabeschrijving niet beschikbaar</desc><category></category></programme><programme channel="161" start="20221127030000 +0000" stop="20221127060000 +0000" catchup-id="899443680"><title>Phool Aur Kante</title><date></date><icon src="https://images.tv.kpn.com/epg/tQRQpLgtNTO0v1am66A13jss5dasIDqtVPHIX1I1FR8/1920x1080.jpg?blurred=false"></icon><desc>Programmabeschrijving niet beschikbaar</desc><category></category></programme><programme channel="161" start="20221127060000 +0000" stop="20221127090000 +0000" catchup-id="899443683"><title>Boond Jo Ban Gayi Moti</title><date></date><icon src="https://images.tv.kpn.com/epg/13YaSo1V9AkC3ZQ0apFQIYHj2NwDeC7RcL29BJ3XerXF0/1920x1080.jpg?blurred=false"></icon><desc>Programmabeschrijving niet beschikbaar</desc><category></category></programme><programme channel="161" start="20221127090000 +0000" stop="20221127120000 +0000" catchup-id="899443686"><title>Ghayal</title><date></date><icon src="https://images.tv.kpn.com/epg/ipZ8kUXgET8qA81GFZwEcvAXDK8JEVnoIEotCBdEeT8/1920x1080.jpg?blurred=false"></icon><desc>Programmabeschrijving niet beschikbaar</desc><category></category></programme><programme channel="161" start="20221127120000 +0000" stop="20221127150000 +0000" catchup-id="899443689"><title>Yamla Pagla Deewana 2</title><date></date><icon src="https://images.tv.kpn.com/epg/tQRQpLgtNTO0v1am66A13jss5dasIDqtVPHIX1I1FR8/1920x1080.jpg?blurred=false"></icon><desc>Programmabeschrijving niet beschikbaar</desc><category></category></programme><programme channel="161" start="20221127150000 +0000" stop="20221127180000 +0000" catchup-id="899443692"><title>Satyagraha</title><date></date><icon src="https://images.tv.kpn.com/epg/OLqYeGH7HPSPSoRrWorwkhcAxus6z1cbeiR9AxA9BD9ARc/1920x1080.jpg?blurred=false"></icon><desc>Programmabeschrijving niet beschikbaar</desc><category></category></programme><programme channel="161" start="20221127180000 +0000" stop="20221127210000 +0000" catchup-id="899443695"><title>Darlings</title><date></date><icon src="https://images.tv.kpn.com/epg/ipZ8kUXgET8qA81GFZwEcvAXDK8JEVnoIEotCBdEeT8/1920x1080.jpg?blurred=false"></icon><desc>Programmabeschrijving niet beschikbaar</desc><category></category></programme><programme channel="161" start="20221127210000 +0000" stop="20221128000000 +0000" catchup-id="899443698"><title>Raazi</title><date></date><icon src="https://images.tv.kpn.com/epg/DmKP9BbAk57OpRET5qYACngFI9AgaaEr3b5bZHgi1VWgs/1920x1080.jpg?blurred=false"></icon><desc>Programmabeschrijving niet beschikbaar</desc><category></category></programme><programme channel="161" start="20221128000000 +0000" stop="20221128030000 +0000" catchup-id="899484960"><title>Uri - The Surgical Strike</title><date></date><icon src="https://images.tv.kpn.com/epg/OLqYeGH7HPSPSoRrWorwkhcAxus6z1cbeiR9AxA9BD9ARc/1920x1080.jpg?blurred=false"></icon><desc>Programmabeschrijving niet beschikbaar</desc><category></category></programme><programme channel="161" start="20221128030000 +0000" stop="20221128060000 +0000" catchup-id="899484966"><title>Mukkabaaz</title><date></date><icon src="https://images.tv.kpn.com/epg/13YaSo1V9AkC3ZQ0apFQIYHj2NwDeC7RcL29BJ3XerXF0/1920x1080.jpg?blurred=false"></icon><desc>Programmabeschrijving niet beschikbaar</desc><category></category></programme><programme channel="161" start="20221128060000 +0000" stop="20221128090000 +0000" catchup-id="899484975"><title>Teesri Manzil</title><date></date><icon src="https://images.tv.kpn.com/epg/tQRQpLgtNTO0v1am66A13jss5dasIDqtVPHIX1I1FR8/1920x1080.jpg?blurred=false"></icon><desc>Programmabeschrijving niet beschikbaar</desc><category></category></programme><programme channel="161" start="20221128090000 +0000" stop="20221128120000 +0000" catchup-id="899484984"><title>Koi Mere Dil Se Poochhe</title><date></date><icon src="https://images.tv.kpn.com/epg/13YaSo1V9AkC3ZQ0apFQIYHj2NwDeC7RcL29BJ3XerXF0/1920x1080.jpg?blurred=false"></icon><desc>Programmabeschrijving niet beschikbaar</desc><category></category></programme><programme channel="161" start="20221128120000 +0000" stop="20221128150000 +0000" catchup-id="899484993"><title>Partner</title><date></date><icon src="https://images.tv.kpn.com/epg/tQRQpLgtNTO0v1am66A13jss5dasIDqtVPHIX1I1FR8/1920x1080.jpg?blurred=false"></icon><desc>Programmabeschrijving niet beschikbaar</desc><category></category></programme><programme channel="161" start="20221128150000 +0000" stop="20221128180000 +0000" catchup-id="899485002"><title>Haider</title><date></date><icon src="https://images.tv.kpn.com/epg/tQRQpLgtNTO0v1am66A13jss5dasIDqtVPHIX1I1FR8/1920x1080.jpg?blurred=false"></icon><desc>Programmabeschrijving niet beschikbaar</desc><category></category></programme><programme channel="161" start="20221128180000 +0000" stop="20221128210000 +0000" catchup-id="899485014"><title>Veere Di Wedding</title><date></date><icon src="https://images.tv.kpn.com/epg/OLqYeGH7HPSPSoRrWorwkhcAxus6z1cbeiR9AxA9BD9ARc/1920x1080.jpg?blurred=false"></icon><desc>Programmabeschrijving niet beschikbaar</desc><category></category></programme><programme channel="161" start="20221128210000 +0000" stop="20221129000000 +0000" catchup-id="899485020"><title>Ittefaq</title><date></date><icon src="https://images.tv.kpn.com/epg/tQRQpLgtNTO0v1am66A13jss5dasIDqtVPHIX1I1FR8/1920x1080.jpg?blurred=false"></icon><desc>Programmabeschrijving niet beschikbaar</desc><category></category></programme><programme channel="161" start="20221129000000 +0000" stop="20221129030000 +0000" catchup-id="899527206"><title>Suraj Pe Mangal Bhari</title><date></date><icon src="https://images.tv.kpn.com/epg/OLqYeGH7HPSPSoRrWorwkhcAxus6z1cbeiR9AxA9BD9ARc/1920x1080.jpg?blurred=false"></icon><desc>Programmabeschrijving niet beschikbaar</desc><category></category></programme><programme channel="161" start="20221129030000 +0000" stop="20221129060000 +0000" catchup-id="899527209"><title>Sanam Teri Kasam</title><date></date><icon src="https://images.tv.kpn.com/epg/tQRQpLgtNTO0v1am66A13jss5dasIDqtVPHIX1I1FR8/1920x1080.jpg?blurred=false"></icon><desc>Programmabeschrijving niet beschikbaar</desc><category></category></programme><programme channel="161" start="20221129060000 +0000" stop="20221129090000 +0000" catchup-id="899527212"><title>Don</title><date></date><icon src="https://images.tv.kpn.com/epg/tQRQpLgtNTO0v1am66A13jss5dasIDqtVPHIX1I1FR8/1920x1080.jpg?blurred=false"></icon><desc>Programmabeschrijving niet beschikbaar</desc><category></category></programme><programme channel="161" start="20221129090000 +0000" stop="20221129120000 +0000" catchup-id="899527215"><title>Aashiq</title><date></date><icon src="https://images.tv.kpn.com/epg/13YaSo1V9AkC3ZQ0apFQIYHj2NwDeC7RcL29BJ3XerXF0/1920x1080.jpg?blurred=false"></icon><desc>Programmabeschrijving niet beschikbaar</desc><category></category></programme><programme channel="161" start="20221129120000 +0000" stop="20221129150000 +0000" catchup-id="899527218"><title>Dillagi</title><date></date><icon src="https://images.tv.kpn.com/epg/13YaSo1V9AkC3ZQ0apFQIYHj2NwDeC7RcL29BJ3XerXF0/1920x1080.jpg?blurred=false"></icon><desc>Programmabeschrijving niet beschikbaar</desc><category></category></programme><programme channel="161" start="20221129150000 +0000" stop="20221129180000 +0000" catchup-id="899527221"><title>Bharat</title><date></date><icon src="https://images.tv.kpn.com/epg/OLqYeGH7HPSPSoRrWorwkhcAxus6z1cbeiR9AxA9BD9ARc/1920x1080.jpg?blurred=false"></icon><desc>Programmabeschrijving niet beschikbaar</desc><category></category></programme><programme channel="161" start="20221129180000 +0000" stop="20221129210000 +0000" catchup-id="899527224"><title>Sankat City</title><date></date><icon src="https://images.tv.kpn.com/epg/OLqYeGH7HPSPSoRrWorwkhcAxus6z1cbeiR9AxA9BD9ARc/1920x1080.jpg?blurred=false"></icon><desc>Programmabeschrijving niet beschikbaar</desc><category></category></programme><programme channel="161" start="20221129210000 +0000" stop="20221130000000 +0000" catchup-id="899527227"><title>Gadar-ek Prem Katha</title><date></date><icon src="https://images.tv.kpn.com/epg/ipZ8kUXgET8qA81GFZwEcvAXDK8JEVnoIEotCBdEeT8/1920x1080.jpg?blurred=false"></icon><desc>Programmabeschrijving niet beschikbaar</desc><category></category></programme><programme channel="161" start="20221130000000 +0000" stop="20221130030000 +0000" catchup-id="899573538"><title>Secret Superstar</title><date></date><icon src="https://images.tv.kpn.com/epg/tQRQpLgtNTO0v1am66A13jss5dasIDqtVPHIX1I1FR8/1920x1080.jpg?blurred=false"></icon><desc>Programmabeschrijving niet beschikbaar</desc><category></category></programme><programme channel="161" start="20221130030000 +0000" stop="20221130060000 +0000" catchup-id="899573544"><title>Socha Na Tha</title><date></date><icon src="https://images.tv.kpn.com/epg/ipZ8kUXgET8qA81GFZwEcvAXDK8JEVnoIEotCBdEeT8/1920x1080.jpg?blurred=false"></icon><desc>Programmabeschrijving niet beschikbaar</desc><category></category></programme><programme channel="161" start="20221130060000 +0000" stop="20221130090000 +0000" catchup-id="899573550"><title>Karz</title><date></date><icon src="https://images.tv.kpn.com/epg/OLqYeGH7HPSPSoRrWorwkhcAxus6z1cbeiR9AxA9BD9ARc/1920x1080.jpg?blurred=false"></icon><desc>Programmabeschrijving niet beschikbaar</desc><category></category></programme><programme channel="161" start="20221130090000 +0000" stop="20221130120000 +0000" catchup-id="899573559"><title>Yuvvraaj</title><date></date><icon src="https://images.tv.kpn.com/epg/tQRQpLgtNTO0v1am66A13jss5dasIDqtVPHIX1I1FR8/1920x1080.jpg?blurred=false"></icon><desc>Programmabeschrijving niet beschikbaar</desc><category></category></programme><programme channel="161" start="20221130120000 +0000" stop="20221130150000 +0000" catchup-id="899573565"><title>Anari No 1</title><date></date><icon src="https://images.tv.kpn.com/epg/ipZ8kUXgET8qA81GFZwEcvAXDK8JEVnoIEotCBdEeT8/1920x1080.jpg?blurred=false"></icon><desc>Programmabeschrijving niet beschikbaar</desc><category></category></programme><programme channel="161" start="20221130150000 +0000" stop="20221130180000 +0000" catchup-id="899573574"><title>Khoobsurat</title><date></date><icon src="https://images.tv.kpn.com/epg/13YaSo1V9AkC3ZQ0apFQIYHj2NwDeC7RcL29BJ3XerXF0/1920x1080.jpg?blurred=false"></icon><desc>Programmabeschrijving niet beschikbaar</desc><category></category></programme><programme channel="161" start="20221130180000 +0000" stop="20221130210000 +0000" catchup-id="899573580"><title>Simmba</title><date></date><icon src="https://images.tv.kpn.com/epg/tQRQpLgtNTO0v1am66A13jss5dasIDqtVPHIX1I1FR8/1920x1080.jpg?blurred=false"></icon><desc>Programmabeschrijving niet beschikbaar</desc><category></category></programme><programme channel="161" start="20221130210000 +0000" stop="20221201000000 +0000" catchup-id="899573586"><title>Shaadi Mein Zaroor Aana</title><date></date><icon src="https://images.tv.kpn.com/epg/tQRQpLgtNTO0v1am66A13jss5dasIDqtVPHIX1I1FR8/1920x1080.jpg?blurred=false"></icon><desc>Programmabeschrijving niet beschikbaar</desc><category></category></programme><programme channel="161" start="20221201000000 +0000" stop="20221201030000 +0000" catchup-id="899664444"><title>Agent Vinod</title><date></date><icon src="https://images.tv.kpn.com/epg/13YaSo1V9AkC3ZQ0apFQIYHj2NwDeC7RcL29BJ3XerXF0/1920x1080.jpg?blurred=false"></icon><desc>Programmabeschrijving niet beschikbaar</desc><category></category></programme><programme channel="161" start="20221201030000 +0000" stop="20221201060000 +0000" catchup-id="899664447"><title>Race 3</title><date></date><icon src="https://images.tv.kpn.com/epg/tQRQpLgtNTO0v1am66A13jss5dasIDqtVPHIX1I1FR8/1920x1080.jpg?blurred=false"></icon><desc>Programmabeschrijving niet beschikbaar</desc><category></category></programme><programme channel="161" start="20221201060000 +0000" stop="20221201090000 +0000" catchup-id="899664450"><title>Himmat</title><date></date><icon src="https://images.tv.kpn.com/epg/ipZ8kUXgET8qA81GFZwEcvAXDK8JEVnoIEotCBdEeT8/1920x1080.jpg?blurred=false"></icon><desc>Programmabeschrijving niet beschikbaar</desc><category></category></programme><programme channel="161" start="20221201090000 +0000" stop="20221201120000 +0000" catchup-id="899664453"><title>No Entry</title><date></date><icon src="https://images.tv.kpn.com/epg/13YaSo1V9AkC3ZQ0apFQIYHj2NwDeC7RcL29BJ3XerXF0/1920x1080.jpg?blurred=false"></icon><desc>Programmabeschrijving niet beschikbaar</desc><category></category></programme><programme channel="161" start="20221201120000 +0000" stop="20221201150000 +0000" catchup-id="899664456"><title>Thanedaar</title><date></date><icon src="https://images.tv.kpn.com/epg/tQRQpLgtNTO0v1am66A13jss5dasIDqtVPHIX1I1FR8/1920x1080.jpg?blurred=false"></icon><desc>Programmabeschrijving niet beschikbaar</desc><category></category></programme><programme channel="161" start="20221201150000 +0000" stop="20221201180000 +0000" catchup-id="899664459"><title>Dangal</title><date></date><icon src="https://images.tv.kpn.com/epg/OLqYeGH7HPSPSoRrWorwkhcAxus6z1cbeiR9AxA9BD9ARc/1920x1080.jpg?blurred=false"></icon><desc>Programmabeschrijving niet beschikbaar</desc><category></category></programme><programme channel="161" start="20221201180000 +0000" stop="20221201210000 +0000" catchup-id="899664462"><title>Jawani Janeman</title><date></date><icon src="https://images.tv.kpn.com/epg/tQRQpLgtNTO0v1am66A13jss5dasIDqtVPHIX1I1FR8/1920x1080.jpg?blurred=false"></icon><desc>Programmabeschrijving niet beschikbaar</desc><category></category></programme><programme channel="161" start="20221201210000 +0000" stop="20221202000000 +0000" catchup-id="899664465"><title>Gold</title><date></date><icon src="https://images.tv.kpn.com/epg/ipZ8kUXgET8qA81GFZwEcvAXDK8JEVnoIEotCBdEeT8/1920x1080.jpg?blurred=false"></icon><desc>Programmabeschrijving niet beschikbaar</desc><category></category></programme><programme channel="161" start="20221202000000 +0000" stop="20221202030000 +0000" catchup-id="899664471"><title>Coolie No 1</title><date></date><icon src="https://images.tv.kpn.com/epg/tQRQpLgtNTO0v1am66A13jss5dasIDqtVPHIX1I1FR8/1920x1080.jpg?blurred=false"></icon><desc>Programmabeschrijving niet beschikbaar</desc><category></category></programme><programme channel="161" start="20221202030000 +0000" stop="20221202060000 +0000" catchup-id="899664474"><title>Tanu Weds Manu Returns</title><date></date><icon src="https://images.tv.kpn.com/epg/13YaSo1V9AkC3ZQ0apFQIYHj2NwDeC7RcL29BJ3XerXF0/1920x1080.jpg?blurred=false"></icon><desc>Programmabeschrijving niet beschikbaar</desc><category></category></programme><programme channel="161" start="20221202060000 +0000" stop="20221202090000 +0000" catchup-id="899664477"><title>Mausam</title><date></date><icon src="https://images.tv.kpn.com/epg/13YaSo1V9AkC3ZQ0apFQIYHj2NwDeC7RcL29BJ3XerXF0/1920x1080.jpg?blurred=false"></icon><desc>Programmabeschrijving niet beschikbaar</desc><category></category></programme><programme channel="161" start="20221202090000 +0000" stop="20221202120000 +0000" catchup-id="899664480"><title>Genius</title><date></date><icon src="https://images.tv.kpn.com/epg/OLqYeGH7HPSPSoRrWorwkhcAxus6z1cbeiR9AxA9BD9ARc/1920x1080.jpg?blurred=false"></icon><desc>Programmabeschrijving niet beschikbaar</desc><category></category></programme><programme channel="161" start="20221202120000 +0000" stop="20221202150000 +0000" catchup-id="899664483"><title>Satyagraha</title><date></date><icon src="https://images.tv.kpn.com/epg/13YaSo1V9AkC3ZQ0apFQIYHj2NwDeC7RcL29BJ3XerXF0/1920x1080.jpg?blurred=false"></icon><desc>Programmabeschrijving niet beschikbaar</desc><category></category></programme><programme channel="161" start="20221202150000 +0000" stop="20221202180000 +0000" catchup-id="899664486"><title>Tanu Weds Manu Returns</title><date></date><icon src="https://images.tv.kpn.com/epg/13YaSo1V9AkC3ZQ0apFQIYHj2NwDeC7RcL29BJ3XerXF0/1920x1080.jpg?blurred=false"></icon><desc>Programmabeschrijving niet beschikbaar</desc><category></category></programme><programme channel="161" start="20221202180000 +0000" stop="20221202210000 +0000" catchup-id="899664489"><title>Golmaal -fun Unlimited</title><date></date><icon src="https://images.tv.kpn.com/epg/tQRQpLgtNTO0v1am66A13jss5dasIDqtVPHIX1I1FR8/1920x1080.jpg?blurred=false"></icon><desc>Programmabeschrijving niet beschikbaar</desc><category></category></programme><programme channel="161" start="20221202210000 +0000" stop="20221203000000 +0000" catchup-id="899664492"><title>14 Phere</title><date></date><icon src="https://images.tv.kpn.com/epg/tQRQpLgtNTO0v1am66A13jss5dasIDqtVPHIX1I1FR8/1920x1080.jpg?blurred=false"></icon><desc>Programmabeschrijving niet beschikbaar</desc><category></category></programme><programme channel="161" start="20221203000000 +0000" stop="20221203030000 +0000" catchup-id="899707431"><title>Gangubai Kathaiwadi</title><date></date><icon src="https://images.tv.kpn.com/epg/OLqYeGH7HPSPSoRrWorwkhcAxus6z1cbeiR9AxA9BD9ARc/1920x1080.jpg?blurred=false"></icon><desc>Programmabeschrijving niet beschikbaar</desc><category></category></programme><programme channel="161" start="20221203030000 +0000" stop="20221203060000 +0000" catchup-id="899707434"><title>English Vinglish</title><date></date><icon src="https://images.tv.kpn.com/epg/ipZ8kUXgET8qA81GFZwEcvAXDK8JEVnoIEotCBdEeT8/1920x1080.jpg?blurred=false"></icon><desc>Programmabeschrijving niet beschikbaar</desc><category></category></programme><programme channel="161" start="20221203060000 +0000" stop="20221203090000 +0000" catchup-id="899707437"><title>Anjaam</title><date></date><icon src="https://images.tv.kpn.com/epg/tQRQpLgtNTO0v1am66A13jss5dasIDqtVPHIX1I1FR8/1920x1080.jpg?blurred=false"></icon><desc>Programmabeschrijving niet beschikbaar</desc><category></category></programme><programme channel="161" start="20221203090000 +0000" stop="20221203120000 +0000" catchup-id="899707440"><title>Yaara</title><date></date><icon src="https://images.tv.kpn.com/epg/ipZ8kUXgET8qA81GFZwEcvAXDK8JEVnoIEotCBdEeT8/1920x1080.jpg?blurred=false"></icon><desc>Programmabeschrijving niet beschikbaar</desc><category></category></programme><programme channel="161" start="20221203120000 +0000" stop="20221203150000 +0000" catchup-id="899707443"><title>Qayamat Se Qayamat Tak</title><date></date><icon src="https://images.tv.kpn.com/epg/13YaSo1V9AkC3ZQ0apFQIYHj2NwDeC7RcL29BJ3XerXF0/1920x1080.jpg?blurred=false"></icon><desc>Programmabeschrijving niet beschikbaar</desc><category></category></programme><programme channel="161" start="20221203150000 +0000" stop="20221203180000 +0000" catchup-id="899707446"><title>Mom</title><date></date><icon src="https://images.tv.kpn.com/epg/tQRQpLgtNTO0v1am66A13jss5dasIDqtVPHIX1I1FR8/1920x1080.jpg?blurred=false"></icon><desc>Programmabeschrijving niet beschikbaar</desc><category></category></programme><programme channel="161" start="20221203180000 +0000" stop="20221203210000 +0000" catchup-id="899707449"><title>Forensic - Vikrant Massey</title><date></date><icon src="https://images.tv.kpn.com/epg/ipZ8kUXgET8qA81GFZwEcvAXDK8JEVnoIEotCBdEeT8/1920x1080.jpg?blurred=false"></icon><desc>Programmabeschrijving niet beschikbaar</desc><category></category></programme>