<programme channel="164" start="20221118231500 +0000" stop="20221119015500 +0000" catchup-id="899087802"><title>Not Out</title><date></date><icon src="https://images.tv.kpn.com/epg/13YaSo1V9AkC3ZQ0apFQIYHj2NwDeC7RcL29BJ3XerXF0/1920x1080.jpg?blurred=false"></icon><desc>A woman who hails from a middle-class family background aims to excel in the competitive world of cricket with the help of her supportive father.</desc><category></category></programme><programme channel="164" start="20221119015500 +0000" stop="20221119034900 +0000" catchup-id="899087805"><title>Lanka</title><date></date><icon src="https://images.tv.kpn.com/epg/tQRQpLgtNTO0v1am66A13jss5dasIDqtVPHIX1I1FR8/1920x1080.jpg?blurred=false"></icon><desc>Jaswant, an influential gangster, loves his mistress but keeps her captive and refuses to marry her. However, his most-trusted protege decides to go against him and plans to free her.</desc><category></category></programme><programme channel="164" start="20221119034900 +0000" stop="20221119051100 +0000" catchup-id="899087811"><title>Ashwamedham</title><date></date><icon src="https://images.tv.kpn.com/epg/ipZ8kUXgET8qA81GFZwEcvAXDK8JEVnoIEotCBdEeT8/1920x1080.jpg?blurred=false"></icon><desc>Dhruva an undercover agent is on a mission to catch the culprits, who intend to loot the National treasure by using professional hackers.</desc><category></category></programme><programme channel="164" start="20221119051100 +0000" stop="20221119080000 +0000" catchup-id="899087814"><title>Raju Chacha</title><date></date><icon src="https://images.tv.kpn.com/epg/ipZ8kUXgET8qA81GFZwEcvAXDK8JEVnoIEotCBdEeT8/1920x1080.jpg?blurred=false"></icon><desc>Raju is hired to pose as uncle to three orphaned kids in order to usurp their inheritance. But he changes his mind after falling in love with their governess and decides to fight the greedy relatives.</desc><category></category></programme><programme channel="164" start="20221119080000 +0000" stop="20221119080800 +0000" catchup-id="899087817"><title>Extraa Shots Kabir Singh</title><date></date><icon src="https://images.tv.kpn.com/epg/13YaSo1V9AkC3ZQ0apFQIYHj2NwDeC7RcL29BJ3XerXF0/1920x1080.jpg?blurred=false"></icon><desc>Watch behind the scenes and meet the cast and crew of the movie.</desc><category></category></programme><programme channel="164" start="20221119080800 +0000" stop="20221119112200 +0000" catchup-id="899087820"><title>PK</title><date></date><icon src="https://images.tv.kpn.com/epg/13YaSo1V9AkC3ZQ0apFQIYHj2NwDeC7RcL29BJ3XerXF0/1920x1080.jpg?blurred=false"></icon><desc>An innocent alien lands on Earth but loses his communication device. He meets Jaggu, a heartbroken reporter, and tries to find his device. With time, he raises many thought-provoking questions.</desc><category></category></programme><programme channel="164" start="20221119112200 +0000" stop="20221119140000 +0000" catchup-id="899087823"><title>Sui Dhaaga</title><date></date><icon src="https://images.tv.kpn.com/epg/OLqYeGH7HPSPSoRrWorwkhcAxus6z1cbeiR9AxA9BD9ARc/1920x1080.jpg?blurred=false"></icon><desc>An unemployed small-town man defies all odds and naysayers and starts his own garment business.</desc><category></category></programme><programme channel="164" start="20221119140000 +0000" stop="20221119172900 +0000" catchup-id="899087826"><title>Fanaa</title><date></date><icon src="https://images.tv.kpn.com/epg/ipZ8kUXgET8qA81GFZwEcvAXDK8JEVnoIEotCBdEeT8/1920x1080.jpg?blurred=false"></icon><desc>Set in Delhi and the Kashmir Valley, a blind woman falls in love with a rakish tour guide who hides a terrible secret...</desc><category></category></programme><programme channel="164" start="20221119172900 +0000" stop="20221119210100 +0000" catchup-id="899087829"><title>Jhund</title><date></date><icon src="https://images.tv.kpn.com/epg/OLqYeGH7HPSPSoRrWorwkhcAxus6z1cbeiR9AxA9BD9ARc/1920x1080.jpg?blurred=false"></icon><desc>A retired sports teacher who founded an NGO called Slum Soccer. He managed to rehabilitate street kids by keeping them off drugs and crime by turning them into soccer players and building a whole team</desc><category></category></programme><programme channel="164" start="20221119210100 +0000" stop="20221119235100 +0000" catchup-id="899087835"><title>Ek Tha Tiger</title><date></date><icon src="https://images.tv.kpn.com/epg/13YaSo1V9AkC3ZQ0apFQIYHj2NwDeC7RcL29BJ3XerXF0/1920x1080.jpg?blurred=false"></icon><desc>India's secret agent Tiger (Salman Khan) is hired on a government mission and falls in love with the enemy (Katrina Kaif). Will their love be accepted or fight their own beliefs to be together?</desc><category></category></programme><programme channel="164" start="20221119235100 +0000" stop="20221120015400 +0000" catchup-id="899131746"><title>Game Over</title><date></date><icon src="https://images.tv.kpn.com/epg/ipZ8kUXgET8qA81GFZwEcvAXDK8JEVnoIEotCBdEeT8/1920x1080.jpg?blurred=false"></icon><desc>Swapna, a game designer, has post-traumatic stress disorder and a chronic fear of the dark. Her life turns upside down after a serial killer enters her house and creates havoc.</desc><category></category></programme><programme channel="164" start="20221120015400 +0000" stop="20221120045300 +0000" catchup-id="899131752"><title>Yeh Jo Mohabbat Hai</title><date></date><icon src="https://images.tv.kpn.com/epg/13YaSo1V9AkC3ZQ0apFQIYHj2NwDeC7RcL29BJ3XerXF0/1920x1080.jpg?blurred=false"></icon><desc>Karishma and Karan meet after many years and fall in love with each other. Things take an ugly turn when he discovers her family background and starts avoiding her.</desc><category></category></programme><programme channel="164" start="20221120045300 +0000" stop="20221120052900 +0000" catchup-id="899131758"><title>Extraa Shots Ludo</title><date></date><icon src="https://images.tv.kpn.com/epg/13YaSo1V9AkC3ZQ0apFQIYHj2NwDeC7RcL29BJ3XerXF0/1920x1080.jpg?blurred=false"></icon><desc>Watch behind the scenes and meet the cast and crew of the movie.</desc><category></category></programme><programme channel="164" start="20221120052900 +0000" stop="20221120080000 +0000" catchup-id="899131761"><title>Love Break Up Zindagi</title><date></date><icon src="https://images.tv.kpn.com/epg/ipZ8kUXgET8qA81GFZwEcvAXDK8JEVnoIEotCBdEeT8/1920x1080.jpg?blurred=false"></icon><desc>A couple and many of their friends experience changes and challenges in their respective lives after attending a wedding.</desc><category></category></programme><programme channel="164" start="20221120080000 +0000" stop="20221120083700 +0000" catchup-id="899131767"><title>The Making Of Piku</title><date></date><icon src="https://images.tv.kpn.com/epg/OLqYeGH7HPSPSoRrWorwkhcAxus6z1cbeiR9AxA9BD9ARc/1920x1080.jpg?blurred=false"></icon><desc>Watch behind the scenes and meet the cast and crew of the movie.</desc><category></category></programme><programme channel="164" start="20221120083700 +0000" stop="20221120085100 +0000" catchup-id="899131773"><title>The Making Of Hichki</title><date></date><icon src="https://images.tv.kpn.com/epg/tQRQpLgtNTO0v1am66A13jss5dasIDqtVPHIX1I1FR8/1920x1080.jpg?blurred=false"></icon><desc>Watch behind the scenes and meet the cast and crew of the movie.</desc><category></category></programme><programme channel="164" start="20221120085100 +0000" stop="20221120085600 +0000" catchup-id="899262531"><title>The Making Of Sonu Ke Tittu Ki Sweety</title><date></date><icon src="https://images.tv.kpn.com/epg/13YaSo1V9AkC3ZQ0apFQIYHj2NwDeC7RcL29BJ3XerXF0/1920x1080.jpg?blurred=false"></icon><desc>Watch behind the scenes and meet the cast and crew of the movie.</desc><category></category></programme><programme channel="164" start="20221120085600 +0000" stop="20221120112900 +0000" catchup-id="899262534"><title>Shikara</title><date></date><icon src="https://images.tv.kpn.com/epg/OLqYeGH7HPSPSoRrWorwkhcAxus6z1cbeiR9AxA9BD9ARc/1920x1080.jpg?blurred=false"></icon><desc>This story is about mass evacuation of Kashmiri Pandits in 1990, the story traces the life of newlyweds, who flee their homeland and take refuge at a camp in Jammu, with a promise to return home</desc><category></category></programme><programme channel="164" start="20221120112900 +0000" stop="20221120143200 +0000" catchup-id="899131782"><title>TUMHARI SULU</title><date></date><icon src="https://images.tv.kpn.com/epg/ipZ8kUXgET8qA81GFZwEcvAXDK8JEVnoIEotCBdEeT8/1920x1080.jpg?blurred=false"></icon><desc>Vidya Balan (Sulu) essays the role of a beautiful, enthusiastic Mumbai housewife whose routine life changes when she unexpectedly lands herself with the job of a night RJ on a leading radio station.</desc><category></category></programme><programme channel="164" start="20221120143200 +0000" stop="20221120172700 +0000" catchup-id="899131791"><title>Chehre</title><date></date><icon src="https://images.tv.kpn.com/epg/ipZ8kUXgET8qA81GFZwEcvAXDK8JEVnoIEotCBdEeT8/1920x1080.jpg?blurred=false"></icon><desc>An 80-year-old man with a penchant for real life games in a story about rights and wrongs.</desc><category></category></programme><programme channel="164" start="20221120172700 +0000" stop="20221120195900 +0000" catchup-id="899131797"><title>Bell Bottom</title><date></date><icon src="https://images.tv.kpn.com/epg/tQRQpLgtNTO0v1am66A13jss5dasIDqtVPHIX1I1FR8/1920x1080.jpg?blurred=false"></icon><desc>An undercover agent code-named Bellbottom embarks on a covert mission to free 210 hostages held by hijackers.</desc><category></category></programme><programme channel="164" start="20221120195900 +0000" stop="20221120222400 +0000" catchup-id="899131803"><title>Chandigarh Kare Aashiqui</title><date></date><icon src="https://images.tv.kpn.com/epg/tQRQpLgtNTO0v1am66A13jss5dasIDqtVPHIX1I1FR8/1920x1080.jpg?blurred=false"></icon><desc>Manu, a bodybuilder from Chandigarh, India, falls in love with Maanvi, a Zumba teacher. All seems well until a revelation causes turmoil in their love story.</desc><category></category></programme><programme channel="164" start="20221120222400 +0000" stop="20221121004800 +0000" catchup-id="899131812"><title>Vijetha</title><date></date><icon src="https://images.tv.kpn.com/epg/ipZ8kUXgET8qA81GFZwEcvAXDK8JEVnoIEotCBdEeT8/1920x1080.jpg?blurred=false"></icon><desc>Ram, a careless youth, grows up oblivious to the sacrifices his father makes in order to fulfil all his desires. However, a major incident motivates him to change his ways.</desc><category></category></programme><programme channel="164" start="20221121004800 +0000" stop="20221121033300 +0000" catchup-id="899173815"><title>Policewala Dabang</title><date></date><icon src="https://images.tv.kpn.com/epg/ipZ8kUXgET8qA81GFZwEcvAXDK8JEVnoIEotCBdEeT8/1920x1080.jpg?blurred=false"></icon><desc>A police officer faces challenges from his family, gangsters and politicians and what happens in the end forms the crux of the story.</desc><category></category></programme><programme channel="164" start="20221121033300 +0000" stop="20221121040100 +0000" catchup-id="899173818"><title>The Making- Tiger Zinda Hai</title><date></date><icon src="https://images.tv.kpn.com/epg/13YaSo1V9AkC3ZQ0apFQIYHj2NwDeC7RcL29BJ3XerXF0/1920x1080.jpg?blurred=false"></icon><desc>Watch behind the scenes and meet the cast and crew of the movie.</desc><category></category></programme><programme channel="164" start="20221121040100 +0000" stop="20221121054500 +0000" catchup-id="899173821"><title>Nawabzaade</title><date></date><icon src="https://images.tv.kpn.com/epg/ipZ8kUXgET8qA81GFZwEcvAXDK8JEVnoIEotCBdEeT8/1920x1080.jpg?blurred=false"></icon><desc>When three best friends fall in love with the same girl, their friendship is challenged. However, they soon realize that there is more to her than her looks.</desc><category></category></programme><programme channel="164" start="20221121054500 +0000" stop="20221121080000 +0000" catchup-id="899173824"><title>Ladies Vs Ricky Bahl</title><date></date><icon src="https://images.tv.kpn.com/epg/tQRQpLgtNTO0v1am66A13jss5dasIDqtVPHIX1I1FR8/1920x1080.jpg?blurred=false"></icon><desc>It is a story about a con-man who earns his bread and butter by conning women but at the end gets conned himself.</desc><category></category></programme><programme channel="164" start="20221121080000 +0000" stop="20221121082700 +0000" catchup-id="899309283"><title>Extraa Shots Gulabo Sitabo</title><date></date><icon src="https://images.tv.kpn.com/epg/ipZ8kUXgET8qA81GFZwEcvAXDK8JEVnoIEotCBdEeT8/1920x1080.jpg?blurred=false"></icon><desc>Watch behind the scenes and meet the cast and crew of the movie.</desc><category></category></programme><programme channel="164" start="20221121082700 +0000" stop="20221121084700 +0000" catchup-id="899309286"><title>Extraa Shots Shakuntala Devi</title><date></date><icon src="https://images.tv.kpn.com/epg/OLqYeGH7HPSPSoRrWorwkhcAxus6z1cbeiR9AxA9BD9ARc/1920x1080.jpg?blurred=false"></icon><desc>Watch behind the scenes and meet the cast and crew of the movie.</desc><category></category></programme><programme channel="164" start="20221121084700 +0000" stop="20221121111200 +0000" catchup-id="899309289"><title>Madam Geeta Rani</title><date></date><icon src="https://images.tv.kpn.com/epg/13YaSo1V9AkC3ZQ0apFQIYHj2NwDeC7RcL29BJ3XerXF0/1920x1080.jpg?blurred=false"></icon><desc>Geetha Rani implements different plans to reform an undisciplined government school. However, she faces numerous challenges in her way, including a corrupt MLA.</desc><category></category></programme><programme channel="164" start="20221121111200 +0000" stop="20221121141600 +0000" catchup-id="899309292"><title>Rocket Singh</title><date></date><icon src="https://images.tv.kpn.com/epg/tQRQpLgtNTO0v1am66A13jss5dasIDqtVPHIX1I1FR8/1920x1080.jpg?blurred=false"></icon><desc>Harpreet Singh Bedi is trying to pave a way for his future, only things never quite turn out as planned.</desc><category></category></programme><programme channel="164" start="20221121141600 +0000" stop="20221121173000 +0000" catchup-id="899309295"><title>Bahubali 2 The Conclusion</title><date></date><icon src="https://images.tv.kpn.com/epg/ipZ8kUXgET8qA81GFZwEcvAXDK8JEVnoIEotCBdEeT8/1920x1080.jpg?blurred=false"></icon><desc>The story continues in this sequel as Bahubali's son Shiva (Prabhas), seeks revenge after learning about the reason behind his father's death</desc><category></category></programme><programme channel="164" start="20221121173000 +0000" stop="20221121203800 +0000" catchup-id="899309298"><title>Dhoom 2</title><date></date><icon src="https://images.tv.kpn.com/epg/OLqYeGH7HPSPSoRrWorwkhcAxus6z1cbeiR9AxA9BD9ARc/1920x1080.jpg?blurred=false"></icon><desc>Abhishek Bachchan and Uday Chopra return, this time on the trail of International thief Hrithik Roshan. Star studded sequel also starring Aishwarya Rai and Bipasha Basu.</desc><category></category></programme><programme channel="164" start="20221121203800 +0000" stop="20221121224800 +0000" catchup-id="899173842"><title>Dial 100</title><date></date><icon src="https://images.tv.kpn.com/epg/OLqYeGH7HPSPSoRrWorwkhcAxus6z1cbeiR9AxA9BD9ARc/1920x1080.jpg?blurred=false"></icon><desc>Police officer Nikhil gets a call from a woman who wants to end her life. as he tries to save her, Nikhil has no idea that it will lead endangering his own family as dark truths</desc><category></category></programme><programme channel="164" start="20221121224800 +0000" stop="20221122010300 +0000" catchup-id="899173845"><title>Dybbuk</title><date></date><icon src="https://images.tv.kpn.com/epg/13YaSo1V9AkC3ZQ0apFQIYHj2NwDeC7RcL29BJ3XerXF0/1920x1080.jpg?blurred=false"></icon><desc>When a newly married woman brings an antique Jewish box into her home, she and her husband start experiencing paranormal events.</desc><category></category></programme><programme channel="164" start="20221122010300 +0000" stop="20221122031300 +0000" catchup-id="899309301"><title>Aaviri</title><date></date><icon src="https://images.tv.kpn.com/epg/ipZ8kUXgET8qA81GFZwEcvAXDK8JEVnoIEotCBdEeT8/1920x1080.jpg?blurred=false"></icon><desc>After losing their first child in an accident, a couple moves to a palatial home, where their young daughter comes under the spell of an eerie spirit.</desc><category></category></programme><programme channel="164" start="20221122031300 +0000" stop="20221122053000 +0000" catchup-id="899309304"><title>Amar Akbhar Anthoni</title><date></date><icon src="https://images.tv.kpn.com/epg/13YaSo1V9AkC3ZQ0apFQIYHj2NwDeC7RcL29BJ3XerXF0/1920x1080.jpg?blurred=false"></icon><desc>Amar, a man with dissociative identity disorder, sets out to seek revenge against people who murdered his family and meets his childhood love, Aishwarya, who suffers from the same disorder.</desc><category></category></programme><programme channel="164" start="20221122053000 +0000" stop="20221122053500 +0000" catchup-id="899309307"><title>The Making Of Sonu Ke Tittu Ki Sweety</title><date></date><icon src="https://images.tv.kpn.com/epg/OLqYeGH7HPSPSoRrWorwkhcAxus6z1cbeiR9AxA9BD9ARc/1920x1080.jpg?blurred=false"></icon><desc>Watch behind the scenes and meet the cast and crew of the movie.</desc><category></category></programme><programme channel="164" start="20221122053500 +0000" stop="20221122071500 +0000" catchup-id="899309310"><title>Maari</title><date></date><icon src="https://images.tv.kpn.com/epg/13YaSo1V9AkC3ZQ0apFQIYHj2NwDeC7RcL29BJ3XerXF0/1920x1080.jpg?blurred=false"></icon><desc>Maari, a fun-loving rowdy, creates many enemies in his area due to his arrogant but righteous behaviour. Beeja, a dreaded gangster, vows to seek revenge against Maari for killing his brother.</desc><category></category></programme><programme channel="164" start="20221122071500 +0000" stop="20221122073700 +0000" catchup-id="899217177"><title>The Making Of Piku</title><date></date><icon src="https://images.tv.kpn.com/epg/13YaSo1V9AkC3ZQ0apFQIYHj2NwDeC7RcL29BJ3XerXF0/1920x1080.jpg?blurred=false"></icon><desc>Watch behind the scenes and meet the cast and crew of the movie.</desc><category></category></programme><programme channel="164" start="20221122073700 +0000" stop="20221122090700 +0000" catchup-id="899309313"><title>Rowdy</title><date></date><icon src="https://images.tv.kpn.com/epg/ipZ8kUXgET8qA81GFZwEcvAXDK8JEVnoIEotCBdEeT8/1920x1080.jpg?blurred=false"></icon><desc>Krishna, the son of a political don, after losing his mother, swears to seek revenge on all the culprits who are responsible for her death, which also includes his own elder brother, Bhushan.</desc><category></category></programme><programme channel="164" start="20221122090700 +0000" stop="20221122115000 +0000" catchup-id="899217180"><title>Bell Bottom</title><date></date><icon src="https://images.tv.kpn.com/epg/OLqYeGH7HPSPSoRrWorwkhcAxus6z1cbeiR9AxA9BD9ARc/1920x1080.jpg?blurred=false"></icon><desc>An undercover agent code-named Bellbottom embarks on a covert mission to free 210 hostages held by hijackers.</desc><category></category></programme><programme channel="164" start="20221122115000 +0000" stop="20221122143700 +0000" catchup-id="899309319"><title>Jhoom Barabar Jhoom</title><date></date><icon src="https://images.tv.kpn.com/epg/13YaSo1V9AkC3ZQ0apFQIYHj2NwDeC7RcL29BJ3XerXF0/1920x1080.jpg?blurred=false"></icon><desc>A man and a woman, engaged to marry different people, spend a couple of hours chatting together at a train station only to fall for each other.</desc><category></category></programme><programme channel="164" start="20221122143700 +0000" stop="20221122172900 +0000" catchup-id="899217189"><title>Sherni</title><date></date><icon src="https://images.tv.kpn.com/epg/13YaSo1V9AkC3ZQ0apFQIYHj2NwDeC7RcL29BJ3XerXF0/1920x1080.jpg?blurred=false"></icon><desc>An upright Forest Officer who strives for balance in a world of man-animal conflict while she also seeks her true calling in a hostile environment.</desc><category></category></programme><programme channel="164" start="20221122172900 +0000" stop="20221122201500 +0000" catchup-id="899217195"><title>Sonu Ke Titu Ki Sweety</title><date></date><icon src="https://images.tv.kpn.com/epg/tQRQpLgtNTO0v1am66A13jss5dasIDqtVPHIX1I1FR8/1920x1080.jpg?blurred=false"></icon><desc>Titu is going to marry a perfect woman named Sweety. Titu's best-friend Sonu doubts Sweety's character and tries to break the marriage while Sweety tries to do opposite and it creates romantic comedy.</desc><category></category></programme><programme channel="164" start="20221122201500 +0000" stop="20221122225700 +0000" catchup-id="899217198"><title>Bhool Bhulaiyaa 2</title><date></date><icon src="https://images.tv.kpn.com/epg/OLqYeGH7HPSPSoRrWorwkhcAxus6z1cbeiR9AxA9BD9ARc/1920x1080.jpg?blurred=false"></icon><desc>When strangers Reet and Ruhan cross paths, their journey leads to an abandoned mansion and a dreaded spirit who has been trapped for 18 years.</desc><category></category></programme><programme channel="164" start="20221122225700 +0000" stop="20221123011800 +0000" catchup-id="899217204"><title>Aisi Deewangi</title><date></date><icon src="https://images.tv.kpn.com/epg/13YaSo1V9AkC3ZQ0apFQIYHj2NwDeC7RcL29BJ3XerXF0/1920x1080.jpg?blurred=false"></icon><desc>Murugaiyan, a goat shepherd, comes across a female thief, Pechi, who steals goats for livelihood. He falls in love with her but his mother Veerayi opposes their relationship.</desc><category></category></programme><programme channel="164" start="20221123011800 +0000" stop="20221123035400 +0000" catchup-id="899262537"><title>Rakhwala Pyar Ka</title><date></date><icon src="https://images.tv.kpn.com/epg/13YaSo1V9AkC3ZQ0apFQIYHj2NwDeC7RcL29BJ3XerXF0/1920x1080.jpg?blurred=false"></icon><desc>Ramana, a ventriloquist, falls in love with Pooja, the daughter of a rich factionist, while on tour in Europe. When she is forced to marry against her wish, Ramana and her uncle decide to rescue her.</desc><category></category></programme><programme channel="164" start="20221123035400 +0000" stop="20221123055500 +0000" catchup-id="899262540"><title>No Parking</title><date></date><icon src="https://images.tv.kpn.com/epg/13YaSo1V9AkC3ZQ0apFQIYHj2NwDeC7RcL29BJ3XerXF0/1920x1080.jpg?blurred=false"></icon><desc>Arun is an architect who falls in love with his co-worker. Things go haywire when he parks his bike in a &quot;No Parking&quot; zone. This takes him on a roller coaster ride full of lies and deceit.</desc><category></category></programme><programme channel="164" start="20221123055500 +0000" stop="20221123060200 +0000" catchup-id="899262543"><title>The Making Of Hichki</title><date></date><icon src="https://images.tv.kpn.com/epg/tQRQpLgtNTO0v1am66A13jss5dasIDqtVPHIX1I1FR8/1920x1080.jpg?blurred=false"></icon><desc>Watch behind the scenes and meet the cast and crew of the movie.</desc><category></category></programme><programme channel="164" start="20221123060200 +0000" stop="20221123080000 +0000" catchup-id="899262546"><title>Sui Dhaaga</title><date></date><icon src="https://images.tv.kpn.com/epg/tQRQpLgtNTO0v1am66A13jss5dasIDqtVPHIX1I1FR8/1920x1080.jpg?blurred=false"></icon><desc>An unemployed small-town man defies all odds and naysayers and starts his own garment business.</desc><category></category></programme><programme channel="164" start="20221123080000 +0000" stop="20221123080600 +0000" catchup-id="899262549"><title>Extraa Shots Malang</title><date></date><icon src="https://images.tv.kpn.com/epg/13YaSo1V9AkC3ZQ0apFQIYHj2NwDeC7RcL29BJ3XerXF0/1920x1080.jpg?blurred=false"></icon><desc>Watch behind the scenes and meet the cast and crew of the movie.</desc><category></category></programme><programme channel="164" start="20221123080600 +0000" stop="20221123084300 +0000" catchup-id="899262552"><title>The Making Of Bewakoofiyan</title><date></date><icon src="https://images.tv.kpn.com/epg/OLqYeGH7HPSPSoRrWorwkhcAxus6z1cbeiR9AxA9BD9ARc/1920x1080.jpg?blurred=false"></icon><desc>Watch behind the scenes and meet the cast and crew of the movie.</desc><category></category></programme><programme channel="164" start="20221123084300 +0000" stop="20221123114700 +0000" catchup-id="899262555"><title>Street Dancer</title><date></date><icon src="https://images.tv.kpn.com/epg/ipZ8kUXgET8qA81GFZwEcvAXDK8JEVnoIEotCBdEeT8/1920x1080.jpg?blurred=false"></icon><desc>Two rival dance groups from India and Pakistan compete against each other whenever they meet somewhere in London, from a café to the street itself.</desc><category></category></programme><programme channel="164" start="20221123114700 +0000" stop="20221123140900 +0000" catchup-id="899262558"><title>Karwaan</title><date></date><icon src="https://images.tv.kpn.com/epg/OLqYeGH7HPSPSoRrWorwkhcAxus6z1cbeiR9AxA9BD9ARc/1920x1080.jpg?blurred=false"></icon><desc>Two friends and a chirpy teenager take a road trip from Bangalore to Kochi.</desc><category></category></programme><programme channel="164" start="20221123140900 +0000" stop="20221123172800 +0000" catchup-id="899309334"><title>Har Dil Jo Pyar Karega</title><date></date><icon src="https://images.tv.kpn.com/epg/OLqYeGH7HPSPSoRrWorwkhcAxus6z1cbeiR9AxA9BD9ARc/1920x1080.jpg?blurred=false"></icon><desc>Raj, Pooja and Jhanvi are in a complicated love triangle. Pooja and Jhanvi love Raj. Raj loves Jhanvi but is misunderstood as Pooja's husband by their family. How will the confusion clear off?</desc><category></category></programme><programme channel="164" start="20221123172800 +0000" stop="20221123203600 +0000" catchup-id="899309337"><title>Chak De India</title><date></date><icon src="https://images.tv.kpn.com/epg/ipZ8kUXgET8qA81GFZwEcvAXDK8JEVnoIEotCBdEeT8/1920x1080.jpg?blurred=false"></icon><desc>The story of a hockey player who returns to the game as a coach of a women's hockey team.</desc><category></category></programme><programme channel="164" start="20221123203600 +0000" stop="20221123234400 +0000" catchup-id="899309343"><title>SALAAM NAMASTE</title><date></date><icon src="https://images.tv.kpn.com/epg/ipZ8kUXgET8qA81GFZwEcvAXDK8JEVnoIEotCBdEeT8/1920x1080.jpg?blurred=false"></icon><desc>Salaam Namaste is about two Indians who have left their houses to make a life on their own.</desc><category></category></programme><programme channel="164" start="20221123234400 +0000" stop="20221124021100 +0000" catchup-id="899309349"><title>Laddu Babu</title><date></date><icon src="https://images.tv.kpn.com/epg/OLqYeGH7HPSPSoRrWorwkhcAxus6z1cbeiR9AxA9BD9ARc/1920x1080.jpg?blurred=false"></icon><desc>A young, handsome man becomes extremely obese after a mosquito, laden with an unusual virus, bites him. Soon, he sets out on a pursuit of a girl who will love and accept him for who he is.</desc><category></category></programme><programme channel="164" start="20221124021100 +0000" stop="20221124045900 +0000" catchup-id="899309361"><title>Oh My Kadavule</title><date></date><icon src="https://images.tv.kpn.com/epg/tQRQpLgtNTO0v1am66A13jss5dasIDqtVPHIX1I1FR8/1920x1080.jpg?blurred=false"></icon><desc>When you think marrying your best friend means a 'happily ever-after' but it turns out to be just the reverse</desc><category></category></programme><programme channel="164" start="20221124045900 +0000" stop="20221124050800 +0000" catchup-id="899309370"><title>The Making Bhoomi</title><date></date><icon src="https://images.tv.kpn.com/epg/ipZ8kUXgET8qA81GFZwEcvAXDK8JEVnoIEotCBdEeT8/1920x1080.jpg?blurred=false"></icon><desc>Watch behind the scenes and meet the cast and crew of the movie.</desc><category></category></programme><programme channel="164" start="20221124050800 +0000" stop="20221124052300 +0000" catchup-id="899309379"><title>The Making: Katti Batti</title><date></date><icon src="https://images.tv.kpn.com/epg/ipZ8kUXgET8qA81GFZwEcvAXDK8JEVnoIEotCBdEeT8/1920x1080.jpg?blurred=false"></icon><desc>Watch behind the scenes and meet the cast and crew of the movie.</desc><category></category></programme><programme channel="164" start="20221124052300 +0000" stop="20221124054500 +0000" catchup-id="899309388"><title>The Making Of Piku</title><date></date><icon src="https://images.tv.kpn.com/epg/13YaSo1V9AkC3ZQ0apFQIYHj2NwDeC7RcL29BJ3XerXF0/1920x1080.jpg?blurred=false"></icon><desc>Watch behind the scenes and meet the cast and crew of the movie.</desc><category></category></programme><programme channel="164" start="20221124054500 +0000" stop="20221124080000 +0000" catchup-id="899309397"><title>TUMHARI SULU</title><date></date><icon src="https://images.tv.kpn.com/epg/tQRQpLgtNTO0v1am66A13jss5dasIDqtVPHIX1I1FR8/1920x1080.jpg?blurred=false"></icon><desc>Vidya Balan (Sulu) essays the role of a beautiful, enthusiastic Mumbai housewife whose routine life changes when she unexpectedly lands herself with the job of a night RJ on a leading radio station.</desc><category></category></programme><programme channel="164" start="20221124080000 +0000" stop="20221124101000 +0000" catchup-id="899528070"><title>Wife Of Ram</title><date></date><icon src="https://images.tv.kpn.com/epg/tQRQpLgtNTO0v1am66A13jss5dasIDqtVPHIX1I1FR8/1920x1080.jpg?blurred=false"></icon><desc>Deeksha, a courageous lady, sets out on a journey to seek justice for all the women battling against the outrageous behaviour of others in modern society.</desc><category></category></programme><programme channel="164" start="20221124101000 +0000" stop="20221124122600 +0000" catchup-id="899309412"><title>Bank Chor</title><date></date><icon src="https://images.tv.kpn.com/epg/tQRQpLgtNTO0v1am66A13jss5dasIDqtVPHIX1I1FR8/1920x1080.jpg?blurred=false"></icon><desc>Bank Chor is the story of 3 people trying to rob a bank who pick the worst day possible when everything that can go wrong and how they are inadvertently caught in the crossfire.</desc><category></category></programme><programme channel="164" start="20221124122600 +0000" stop="20221124145800 +0000" catchup-id="899309427"><title>Nehlle Pe Dehlla</title><date></date><icon src="https://images.tv.kpn.com/epg/tQRQpLgtNTO0v1am66A13jss5dasIDqtVPHIX1I1FR8/1920x1080.jpg?blurred=false"></icon><desc>Two small-time crooks, Jimmy and Johny, blackmail hotel manager Balram Sahni aka Ballu in order to get a huge sum of money. But their plan goes haywire when Ballu is mysteriously murdered.</desc><category></category></programme><programme channel="164" start="20221124145800 +0000" stop="20221124172900 +0000" catchup-id="899309433"><title>Prassthanam</title><date></date><icon src="https://images.tv.kpn.com/epg/tQRQpLgtNTO0v1am66A13jss5dasIDqtVPHIX1I1FR8/1920x1080.jpg?blurred=false"></icon><desc>A rural politician marries a widow with kids and gains a respectable position. He trusts his stepson more than his own in political matters; thus upsetting his son beyond limits.</desc><category></category></programme><programme channel="164" start="20221124172900 +0000" stop="20221124202400 +0000" catchup-id="899528073"><title>Saajan Chale Sasural</title><date></date><icon src="https://images.tv.kpn.com/epg/ipZ8kUXgET8qA81GFZwEcvAXDK8JEVnoIEotCBdEeT8/1920x1080.jpg?blurred=false"></icon><desc>A village-based singer attempts to find love and fame in the big city.</desc><category></category></programme><programme channel="164" start="20221124202400 +0000" stop="20221124230800 +0000" catchup-id="899309445"><title>TE3N</title><date></date><icon src="https://images.tv.kpn.com/epg/13YaSo1V9AkC3ZQ0apFQIYHj2NwDeC7RcL29BJ3XerXF0/1920x1080.jpg?blurred=false"></icon><desc>A man searches for clues related to the abduction and murder of his granddaughter, while a cop and a priest investigate a new kidnapping that bears similarities to that unsolved case.</desc><category></category></programme><programme channel="164" start="20221124230800 +0000" stop="20221125013800 +0000" catchup-id="899309457"><title>Dwaraka</title><date></date><icon src="https://images.tv.kpn.com/epg/13YaSo1V9AkC3ZQ0apFQIYHj2NwDeC7RcL29BJ3XerXF0/1920x1080.jpg?blurred=false"></icon><desc>Erra Srinu is a thief who is mistaken for a holy man and is forced to keep up the pretence as Krishnananda Swami. He, later, falls in love with Vasudha and decides to change his ways for her.</desc><category></category></programme><programme channel="164" start="20221125013800 +0000" stop="20221125035300 +0000" catchup-id="899359041"><title>Seeru</title><date></date><icon src="https://images.tv.kpn.com/epg/13YaSo1V9AkC3ZQ0apFQIYHj2NwDeC7RcL29BJ3XerXF0/1920x1080.jpg?blurred=false"></icon><desc>A guy from a small-town takes on a ruthless criminal lawyer for his friend and sister(s).</desc><category></category></programme><programme channel="164" start="20221125035300 +0000" stop="20221125044700 +0000" catchup-id="899359044"><title>Extraa Shots Ludo</title><date></date><icon src="https://images.tv.kpn.com/epg/13YaSo1V9AkC3ZQ0apFQIYHj2NwDeC7RcL29BJ3XerXF0/1920x1080.jpg?blurred=false"></icon><desc>Watch behind the scenes and meet the cast and crew of the movie.</desc><category></category></programme><programme channel="164" start="20221125044700 +0000" stop="20221125051000 +0000" catchup-id="899359047"><title>The Making: Sultan</title><date></date><icon src="https://images.tv.kpn.com/epg/ipZ8kUXgET8qA81GFZwEcvAXDK8JEVnoIEotCBdEeT8/1920x1080.jpg?blurred=false"></icon><desc>Watch behind the scenes and meet the cast and crew of the movie.</desc><category></category></programme><programme channel="164" start="20221125051000 +0000" stop="20221125080000 +0000" catchup-id="899359050"><title>Raju Chacha</title><date></date><icon src="https://images.tv.kpn.com/epg/13YaSo1V9AkC3ZQ0apFQIYHj2NwDeC7RcL29BJ3XerXF0/1920x1080.jpg?blurred=false"></icon><desc>Raju is hired to pose as uncle to three orphaned kids in order to usurp their inheritance. But he changes his mind after falling in love with their governess and decides to fight the greedy relatives.</desc><category></category></programme><programme channel="164" start="20221125080000 +0000" stop="20221125083700 +0000" catchup-id="899359053"><title>The Making Of Bewakoofiyan</title><date></date><icon src="https://images.tv.kpn.com/epg/tQRQpLgtNTO0v1am66A13jss5dasIDqtVPHIX1I1FR8/1920x1080.jpg?blurred=false"></icon><desc>Watch behind the scenes and meet the cast and crew of the movie.</desc><category></category></programme><programme channel="164" start="20221125083700 +0000" stop="20221125084300 +0000" catchup-id="899359056"><title>The Making Of Hichki</title><date></date><icon src="https://images.tv.kpn.com/epg/13YaSo1V9AkC3ZQ0apFQIYHj2NwDeC7RcL29BJ3XerXF0/1920x1080.jpg?blurred=false"></icon><desc>Watch behind the scenes and meet the cast and crew of the movie.</desc><category></category></programme><programme channel="164" start="20221125084300 +0000" stop="20221125115100 +0000" catchup-id="899359059"><title>Lage Raho Munna Bhai</title><date></date><icon src="https://images.tv.kpn.com/epg/OLqYeGH7HPSPSoRrWorwkhcAxus6z1cbeiR9AxA9BD9ARc/1920x1080.jpg?blurred=false"></icon><desc>The spirit of Gandhi comes to life in the sequel to Munna Bhai.</desc><category></category></programme><programme channel="164" start="20221125115100 +0000" stop="20221125145200 +0000" catchup-id="899359062"><title>Sardar Ka Grandson</title><date></date><icon src="https://images.tv.kpn.com/epg/13YaSo1V9AkC3ZQ0apFQIYHj2NwDeC7RcL29BJ3XerXF0/1920x1080.jpg?blurred=false"></icon><desc>A devoted grandson embarks on a complicated and comic journey to fulfill his ailing grandmother's last wish.</desc><category></category></programme><programme channel="164" start="20221125145200 +0000" stop="20221125172900 +0000" catchup-id="899359065"><title>Gulabo Sitabo</title><date></date><icon src="https://images.tv.kpn.com/epg/13YaSo1V9AkC3ZQ0apFQIYHj2NwDeC7RcL29BJ3XerXF0/1920x1080.jpg?blurred=false"></icon><desc>Two scheming men get caught up in a game of one-up-manship, each one attracting other members to their clan and each one with an agenda of his own.</desc><category></category></programme><programme channel="164" start="20221125172900 +0000" stop="20221125210000 +0000" catchup-id="899359068"><title>Kabir Singh</title><date></date><icon src="https://images.tv.kpn.com/epg/ipZ8kUXgET8qA81GFZwEcvAXDK8JEVnoIEotCBdEeT8/1920x1080.jpg?blurred=false"></icon><desc>Kabir Singh, a senior medical student, is heartbroken when his girlfriend is forced to marry another man. Already struggling with anger issues, he falls into a self-destructive spiral</desc><category></category></programme><programme channel="164" start="20221125210000 +0000" stop="20221126000700 +0000" catchup-id="899359071"><title>Satya</title><date></date><icon src="https://images.tv.kpn.com/epg/tQRQpLgtNTO0v1am66A13jss5dasIDqtVPHIX1I1FR8/1920x1080.jpg?blurred=false"></icon><desc>An innocent man is embroiled in underworld after being falsely charged and sets out to punish the perpetrators who subjected his life to misery.</desc><category></category></programme><programme channel="164" start="20221126000700 +0000" stop="20221126030500 +0000" catchup-id="899402112"><title>Ek Hazaaron Mein... Meri Behna Hai</title><date></date><icon src="https://images.tv.kpn.com/epg/OLqYeGH7HPSPSoRrWorwkhcAxus6z1cbeiR9AxA9BD9ARc/1920x1080.jpg?blurred=false"></icon><desc>A brother who dotes on his sister is forced into a situation where he has to get her married to a ruffian with whom he is at loggerheads. Can their relationship survive?</desc><category></category></programme><programme channel="164" start="20221126030500 +0000" stop="20221126051000 +0000" catchup-id="899402115"><title>Comali</title><date></date><icon src="https://images.tv.kpn.com/epg/tQRQpLgtNTO0v1am66A13jss5dasIDqtVPHIX1I1FR8/1920x1080.jpg?blurred=false"></icon><desc>Ravi awakens from a prolonged coma to learn that he is in his 30s and has missed 16 years of his life. Soon, he struggles to cope with the modern world and its innovations.</desc><category></category></programme><programme channel="164" start="20221126051000 +0000" stop="20221126052400 +0000" catchup-id="899402118"><title>The Making - Sui Dhaaga</title><date></date><icon src="https://images.tv.kpn.com/epg/tQRQpLgtNTO0v1am66A13jss5dasIDqtVPHIX1I1FR8/1920x1080.jpg?blurred=false"></icon><desc>Watch behind the scenes and meet the cast and crew of the movie.</desc><category></category></programme><programme channel="164" start="20221126052400 +0000" stop="20221126080000 +0000" catchup-id="899402121"><title>Ramji Londonwaley</title><date></date><icon src="https://images.tv.kpn.com/epg/ipZ8kUXgET8qA81GFZwEcvAXDK8JEVnoIEotCBdEeT8/1920x1080.jpg?blurred=false"></icon><desc>This is the story about Ramji, who is a skilled cook and flies to London to try his luck in work. It is the story about his journey and life in London.</desc><category></category></programme><programme channel="164" start="20221126080000 +0000" stop="20221126082800 +0000" catchup-id="899665446"><title>Extraa Shots Gulabo Sitabo</title><date></date><icon src="https://images.tv.kpn.com/epg/13YaSo1V9AkC3ZQ0apFQIYHj2NwDeC7RcL29BJ3XerXF0/1920x1080.jpg?blurred=false"></icon><desc>Watch behind the scenes and meet the cast and crew of the movie.</desc><category></category></programme><programme channel="164" start="20221126082800 +0000" stop="20221126084700 +0000" catchup-id="899402124"><title>The Making Of Mubarakan</title><date></date><icon src="https://images.tv.kpn.com/epg/13YaSo1V9AkC3ZQ0apFQIYHj2NwDeC7RcL29BJ3XerXF0/1920x1080.jpg?blurred=false"></icon><desc>Watch behind the scenes and meet the cast and crew of the movie.</desc><category></category></programme><programme channel="164" start="20221126084700 +0000" stop="20221126115200 +0000" catchup-id="899402127"><title>Aaja Nachle</title><date></date><icon src="https://images.tv.kpn.com/epg/OLqYeGH7HPSPSoRrWorwkhcAxus6z1cbeiR9AxA9BD9ARc/1920x1080.jpg?blurred=false"></icon><desc>A New York dance instructor returns to her home village in India after 11 years to find that the arts centre where she learned her craft is to be demolished and replaced with a shopping mall.</desc><category></category></programme><programme channel="164" start="20221126115200 +0000" stop="20221126143600 +0000" catchup-id="899665449"><title>Bhool Bhulaiyaa 2</title><date></date><icon src="https://images.tv.kpn.com/epg/13YaSo1V9AkC3ZQ0apFQIYHj2NwDeC7RcL29BJ3XerXF0/1920x1080.jpg?blurred=false"></icon><desc>When strangers Reet and Ruhan cross paths, their journey leads to an abandoned mansion and a dreaded spirit who has been trapped for 18 years.</desc><category></category></programme><programme channel="164" start="20221126143600 +0000" stop="20221126173000 +0000" catchup-id="899402133"><title>Laaga Chunari Main Daag</title><date></date><icon src="https://images.tv.kpn.com/epg/ipZ8kUXgET8qA81GFZwEcvAXDK8JEVnoIEotCBdEeT8/1920x1080.jpg?blurred=false"></icon><desc>A woman sacrifices her own happiness and reputation to financially support her family by working as a call girl.</desc><category></category></programme><programme channel="164" start="20221126173000 +0000" stop="20221126200100 +0000" catchup-id="899574297"><title>Jalsa</title><date></date><icon src="https://images.tv.kpn.com/epg/13YaSo1V9AkC3ZQ0apFQIYHj2NwDeC7RcL29BJ3XerXF0/1920x1080.jpg?blurred=false"></icon><desc>It tells the story of a celebrated journalist and her cook and their conflict.</desc><category></category></programme><programme channel="164" start="20221126200100 +0000" stop="20221126223100 +0000" catchup-id="899665452"><title>Bell Bottom</title><date></date><icon src="https://images.tv.kpn.com/epg/OLqYeGH7HPSPSoRrWorwkhcAxus6z1cbeiR9AxA9BD9ARc/1920x1080.jpg?blurred=false"></icon><desc>An undercover agent code-named Bellbottom embarks on a covert mission to free 210 hostages held by hijackers.</desc><category></category></programme><programme channel="164" start="20221126223100 +0000" stop="20221127010200 +0000" catchup-id="899444682"><title>Danny</title><date></date><icon src="https://images.tv.kpn.com/epg/tQRQpLgtNTO0v1am66A13jss5dasIDqtVPHIX1I1FR8/1920x1080.jpg?blurred=false"></icon><desc>A Police inspector Kunthavai picks up a complex murder case for investigation, she takes the help of Danny, a smart police dog, to unearth a gang of dangerous criminals involved in serial killing.</desc><category></category></programme><programme channel="164" start="20221127010200 +0000" stop="20221127032700 +0000" catchup-id="899444685"><title>Rebel Raja</title><date></date><icon src="https://images.tv.kpn.com/epg/13YaSo1V9AkC3ZQ0apFQIYHj2NwDeC7RcL29BJ3XerXF0/1920x1080.jpg?blurred=false"></icon><desc>Vishnu, the owner of a greeting card company, falls in love with Keerthi who is overprotective. However, her peculiar nature creates a rift between the two of them.</desc><category></category></programme><programme channel="164" start="20221127032700 +0000" stop="20221127035300 +0000" catchup-id="899665455"><title>The Making: Saala Khadoos</title><date></date><icon src="https://images.tv.kpn.com/epg/13YaSo1V9AkC3ZQ0apFQIYHj2NwDeC7RcL29BJ3XerXF0/1920x1080.jpg?blurred=false"></icon><desc>Watch behind the scenes and meet the cast and crew of the movie.</desc><category></category></programme><programme channel="164" start="20221127035300 +0000" stop="20221127041800 +0000" catchup-id="899574303"><title>The Making: Sultan</title><date></date><icon src="https://images.tv.kpn.com/epg/13YaSo1V9AkC3ZQ0apFQIYHj2NwDeC7RcL29BJ3XerXF0/1920x1080.jpg?blurred=false"></icon><desc>Watch behind the scenes and meet the cast and crew of the movie.</desc><category></category></programme><programme channel="164" start="20221127041800 +0000" stop="20221127061000 +0000" catchup-id="899574306"><title>Run Raja Run</title><date></date><icon src="https://images.tv.kpn.com/epg/tQRQpLgtNTO0v1am66A13jss5dasIDqtVPHIX1I1FR8/1920x1080.jpg?blurred=false"></icon><desc>Raja, son of a vegetable vendor, is a simple man. His girlfriends dump him because of his honesty. However, things take a turn when he meets his true love Priya, the daughter of a police commissioner.</desc><category></category></programme><programme channel="164" start="20221127061000 +0000" stop="20221127080000 +0000" catchup-id="899444691"><title>Karwaan</title><date></date><icon src="https://images.tv.kpn.com/epg/ipZ8kUXgET8qA81GFZwEcvAXDK8JEVnoIEotCBdEeT8/1920x1080.jpg?blurred=false"></icon><desc>Two friends and a chirpy teenager take a road trip from Bangalore to Kochi.</desc><category></category></programme><programme channel="164" start="20221127080000 +0000" stop="20221127082100 +0000" catchup-id="899444694"><title>Extraa Shots Shakuntala Devi</title><date></date><icon src="https://images.tv.kpn.com/epg/ipZ8kUXgET8qA81GFZwEcvAXDK8JEVnoIEotCBdEeT8/1920x1080.jpg?blurred=false"></icon><desc>Watch behind the scenes and meet the cast and crew of the movie.</desc><category></category></programme><programme channel="164" start="20221127082100 +0000" stop="20221127105600 +0000" catchup-id="899444697"><title>Prassthanam</title><date></date><icon src="https://images.tv.kpn.com/epg/ipZ8kUXgET8qA81GFZwEcvAXDK8JEVnoIEotCBdEeT8/1920x1080.jpg?blurred=false"></icon><desc>A rural politician marries a widow with kids and gains a respectable position. He trusts his stepson more than his own in political matters; thus upsetting his son beyond limits.</desc><category></category></programme><programme channel="164" start="20221127105600 +0000" stop="20221127142000 +0000" catchup-id="899444700"><title>Virasat</title><date></date><icon src="https://images.tv.kpn.com/epg/ipZ8kUXgET8qA81GFZwEcvAXDK8JEVnoIEotCBdEeT8/1920x1080.jpg?blurred=false"></icon><desc>Watch award-winning performances by Anil Kapoor and Tabu in this story of a dutiful son who sacrifices all his happiness to live his father's dream of developing his native village.</desc><category></category></programme><programme channel="164" start="20221127142000 +0000" stop="20221127172800 +0000" catchup-id="899444703"><title>Paagalpanti</title><date></date><icon src="https://images.tv.kpn.com/epg/tQRQpLgtNTO0v1am66A13jss5dasIDqtVPHIX1I1FR8/1920x1080.jpg?blurred=false"></icon><desc>A tourist group from India sets out on a vacation to only have their trip to turn into a patriotic mission. Will it end well for them?</desc><category></category></programme><programme channel="164" start="20221127172800 +0000" stop="20221127200200 +0000" catchup-id="899444706"><title>Piku</title><date></date><icon src="https://images.tv.kpn.com/epg/13YaSo1V9AkC3ZQ0apFQIYHj2NwDeC7RcL29BJ3XerXF0/1920x1080.jpg?blurred=false"></icon><desc>Critically acclaimed comedy about the relationship between a daughter (Deepika Padukone) and her aging father (Amitabh Bachchan), whose eccentricities drive everyone crazy.</desc><category></category></programme><programme channel="164" start="20221127200200 +0000" stop="20221127224500 +0000" catchup-id="899665458"><title>Anek - 2022</title><date></date><icon src="https://images.tv.kpn.com/epg/ipZ8kUXgET8qA81GFZwEcvAXDK8JEVnoIEotCBdEeT8/1920x1080.jpg?blurred=false"></icon><desc>Joshua, a covert officer sent to handle peace talks in a disturbed Northeast India, runs into Aido, an aspiring boxer who is racially abused but still dreams of winning the gold medal for her country.</desc><category></category></programme><programme channel="164" start="20221127224500 +0000" stop="20221128012400 +0000" catchup-id="899485929"><title>Hitech Khiladi</title><date></date><icon src="https://images.tv.kpn.com/epg/tQRQpLgtNTO0v1am66A13jss5dasIDqtVPHIX1I1FR8/1920x1080.jpg?blurred=false"></icon><desc>Ravi, a waiter in New York, lies to his mother that he works as a software engineer. When the truth about his profession is revealed, his mother and his wife-to-be are left disheartened.</desc><category></category></programme><programme channel="164" start="20221128012400 +0000" stop="20221128035700 +0000" catchup-id="899485935"><title>Colour Photo</title><date></date><icon src="https://images.tv.kpn.com/epg/tQRQpLgtNTO0v1am66A13jss5dasIDqtVPHIX1I1FR8/1920x1080.jpg?blurred=false"></icon><desc>Jayakrishna and Deepthi are engineering students whose backgrounds differ greatly from each other. However, circumstances bring them together and make them fall in love.</desc><category></category></programme><programme channel="164" start="20221128035700 +0000" stop="20221128055300 +0000" catchup-id="899665461"><title>Srinivasa Kalyanam</title><date></date><icon src="https://images.tv.kpn.com/epg/13YaSo1V9AkC3ZQ0apFQIYHj2NwDeC7RcL29BJ3XerXF0/1920x1080.jpg?blurred=false"></icon><desc>Srinivas, a simple man, falls in love with Sridevi and they decide to marry each other. However, problems arise in the form of the difference of opinion between Srinivas and her father.</desc><category></category></programme><programme channel="164" start="20221128055300 +0000" stop="20221128080000 +0000" catchup-id="899485947"><title>World Famous Lover</title><date></date><icon src="https://images.tv.kpn.com/epg/13YaSo1V9AkC3ZQ0apFQIYHj2NwDeC7RcL29BJ3XerXF0/1920x1080.jpg?blurred=false"></icon><desc>Four love stories: Seenayya and Suvarna, a middle-class couple in a small town; Gautham, a boy romancing in Paris with Iza, Union Leader Srinu in love with his boss lady, and a first college romance.</desc><category></category></programme><programme channel="164" start="20221128080000 +0000" stop="20221128082100 +0000" catchup-id="899574309"><title>The Making Of Hichki</title><date></date><icon src="https://images.tv.kpn.com/epg/tQRQpLgtNTO0v1am66A13jss5dasIDqtVPHIX1I1FR8/1920x1080.jpg?blurred=false"></icon><desc>Watch behind the scenes and meet the cast and crew of the movie.</desc><category></category></programme><programme channel="164" start="20221128082100 +0000" stop="20221128084900 +0000" catchup-id="899574312"><title>Extraa Shots Gulabo Sitabo</title><date></date><icon src="https://images.tv.kpn.com/epg/OLqYeGH7HPSPSoRrWorwkhcAxus6z1cbeiR9AxA9BD9ARc/1920x1080.jpg?blurred=false"></icon><desc>Watch behind the scenes and meet the cast and crew of the movie.</desc><category></category></programme><programme channel="164" start="20221128084900 +0000" stop="20221128110400 +0000" catchup-id="899574315"><title>Sabhapathy</title><date></date><icon src="https://images.tv.kpn.com/epg/OLqYeGH7HPSPSoRrWorwkhcAxus6z1cbeiR9AxA9BD9ARc/1920x1080.jpg?blurred=false"></icon><desc>Sabhaapathy, a man with a speech impairment, desperately looks for a job to earn a living. One day, his life turns upside down as he ends up with a corrupt politician's suitcase filled with money.</desc><category></category></programme><programme channel="164" start="20221128110400 +0000" stop="20221128143200 +0000" catchup-id="899485950"><title>Kabir Singh</title><date></date><icon src="https://images.tv.kpn.com/epg/ipZ8kUXgET8qA81GFZwEcvAXDK8JEVnoIEotCBdEeT8/1920x1080.jpg?blurred=false"></icon><desc>Kabir Singh, a senior medical student, is heartbroken when his girlfriend is forced to marry another man. Already struggling with anger issues, he falls into a self-destructive spiral</desc><category></category></programme><programme channel="164" start="20221128143200 +0000" stop="20221128172800 +0000" catchup-id="899485956"><title>Thugs Of Hindostan</title><date></date><icon src="https://images.tv.kpn.com/epg/13YaSo1V9AkC3ZQ0apFQIYHj2NwDeC7RcL29BJ3XerXF0/1920x1080.jpg?blurred=false"></icon><desc>A story about one man's love for his nation and another's love for power. An epic adventure filled with edge-of-the-seat thrills and war on the seas.</desc><category></category></programme><programme channel="164" start="20221128172800 +0000" stop="20221128210000 +0000" catchup-id="899574318"><title>Sultan</title><date></date><icon src="https://images.tv.kpn.com/epg/ipZ8kUXgET8qA81GFZwEcvAXDK8JEVnoIEotCBdEeT8/1920x1080.jpg?blurred=false"></icon><desc>Salman Khan stars as the wrestler looking for a comeback with the help of Anushka Sharma. Classic box office topping underdog tale.</desc><category></category></programme><programme channel="164" start="20221128210000 +0000" stop="20221128234400 +0000" catchup-id="899574321"><title>Ek Tha Tiger</title><date></date><icon src="https://images.tv.kpn.com/epg/13YaSo1V9AkC3ZQ0apFQIYHj2NwDeC7RcL29BJ3XerXF0/1920x1080.jpg?blurred=false"></icon><desc>India's secret agent Tiger (Salman Khan) is hired on a government mission and falls in love with the enemy (Katrina Kaif). Will their love be accepted or fight their own beliefs to be together?</desc><category></category></programme><programme channel="164" start="20221128234400 +0000" stop="20221129014900 +0000" catchup-id="899574324"><title>Voter</title><date></date><icon src="https://images.tv.kpn.com/epg/13YaSo1V9AkC3ZQ0apFQIYHj2NwDeC7RcL29BJ3XerXF0/1920x1080.jpg?blurred=false"></icon><desc>An NRI who returns to India to cast his vote. When challenged by the woman he loves, to make a politician fulfill his promises if he wants to win her over, he sets off on a path to change the system.</desc><category></category></programme><programme channel="164" start="20221129014900 +0000" stop="20221129035500 +0000" catchup-id="899574327"><title>Dashing Hero</title><date></date><icon src="https://images.tv.kpn.com/epg/tQRQpLgtNTO0v1am66A13jss5dasIDqtVPHIX1I1FR8/1920x1080.jpg?blurred=false"></icon><desc>A revenue inspector falls in love with a girl but faces problems due to his cowardliness. He is compelled to find a way to prove himself to her father, who wants her to marry a brave man.</desc><category></category></programme><programme channel="164" start="20221129035500 +0000" stop="20221129053600 +0000" catchup-id="899574330"><title>Teraa Surroor</title><date></date><icon src="https://images.tv.kpn.com/epg/tQRQpLgtNTO0v1am66A13jss5dasIDqtVPHIX1I1FR8/1920x1080.jpg?blurred=false"></icon><desc>Himesh Reshammiya is on a mission to save his lady love who is falsely accused of drug smuggling and to find the man responsible. Action drama sequel to Aap Kaa Surroor.</desc><category></category></programme><programme channel="164" start="20221129053600 +0000" stop="20221129054100 +0000" catchup-id="899574333"><title>The Making Of Sonu Ke Tittu Ki Sweety</title><date></date><icon src="https://images.tv.kpn.com/epg/ipZ8kUXgET8qA81GFZwEcvAXDK8JEVnoIEotCBdEeT8/1920x1080.jpg?blurred=false"></icon><desc>Watch behind the scenes and meet the cast and crew of the movie.</desc><category></category></programme><programme channel="164" start="20221129054100 +0000" stop="20221129080000 +0000" catchup-id="899574336"><title>Lage Raho Munna Bhai</title><date></date><icon src="https://images.tv.kpn.com/epg/tQRQpLgtNTO0v1am66A13jss5dasIDqtVPHIX1I1FR8/1920x1080.jpg?blurred=false"></icon><desc>The spirit of Gandhi comes to life in the sequel to Munna Bhai.</desc><category></category></programme><programme channel="164" start="20221129080000 +0000" stop="20221129080500 +0000" catchup-id="899708490"><title>The Making Mubarakan</title><date></date><icon src="https://images.tv.kpn.com/epg/ipZ8kUXgET8qA81GFZwEcvAXDK8JEVnoIEotCBdEeT8/1920x1080.jpg?blurred=false"></icon><desc>Watch behind the scenes and meet the cast and crew of the movie.</desc><category></category></programme><programme channel="164" start="20221129080500 +0000" stop="20221129084300 +0000" catchup-id="899574339"><title>The Making Of Piku</title><date></date><icon src="https://images.tv.kpn.com/epg/tQRQpLgtNTO0v1am66A13jss5dasIDqtVPHIX1I1FR8/1920x1080.jpg?blurred=false"></icon><desc>Watch behind the scenes and meet the cast and crew of the movie.</desc><category></category></programme><programme channel="164" start="20221129084300 +0000" stop="20221129112900 +0000" catchup-id="899574342"><title>Agent Sai</title><date></date><icon src="https://images.tv.kpn.com/epg/tQRQpLgtNTO0v1am66A13jss5dasIDqtVPHIX1I1FR8/1920x1080.jpg?blurred=false"></icon><desc>Agent Sai Srinivasa Athreya is an authentic humorous investigative thriller revolving around the adventures of a detective based out of Nellore.</desc><category></category></programme><programme channel="164" start="20221129112900 +0000" stop="20221129150300 +0000" catchup-id="899574345"><title>Sultan</title><date></date><icon src="https://images.tv.kpn.com/epg/ipZ8kUXgET8qA81GFZwEcvAXDK8JEVnoIEotCBdEeT8/1920x1080.jpg?blurred=false"></icon><desc>Salman Khan stars as the wrestler looking for a comeback with the help of Anushka Sharma. Classic box office topping underdog tale.</desc><category></category></programme><programme channel="164" start="20221129150300 +0000" stop="20221129172900 +0000" catchup-id="899528088"><title>Time To Dance</title><date></date><icon src="https://images.tv.kpn.com/epg/tQRQpLgtNTO0v1am66A13jss5dasIDqtVPHIX1I1FR8/1920x1080.jpg?blurred=false"></icon><desc>When a ballroom dancer's shot at a crucial tournament is jeopardized, a street dancer must face his own painful past and step up as her new partner.</desc><category></category></programme><programme channel="164" start="20221129172900 +0000" stop="20221129195200 +0000" catchup-id="899528094"><title>Marjaavan</title><date></date><icon src="https://images.tv.kpn.com/epg/ipZ8kUXgET8qA81GFZwEcvAXDK8JEVnoIEotCBdEeT8/1920x1080.jpg?blurred=false"></icon><desc>Young couple Raghu and Zoya enjoy their lives together until a vertically challenged gang leader with harmful intentions turns their world upside down.</desc><category></category></programme><programme channel="164" start="20221129195200 +0000" stop="20221129222900 +0000" catchup-id="899708493"><title>Phantom</title><date></date><icon src="https://images.tv.kpn.com/epg/OLqYeGH7HPSPSoRrWorwkhcAxus6z1cbeiR9AxA9BD9ARc/1920x1080.jpg?blurred=false"></icon><desc>Action thriller starring Saif Ali Khan as a disgraced soldier carrying out an assassination in order to to restore his honour. Based on the book Mumbai Avengers: Aftermath of the 26/11 Attacks.</desc><category></category></programme><programme channel="164" start="20221129222900 +0000" stop="20221130012000 +0000" catchup-id="899574351"><title>Jannat</title><date></date><icon src="https://images.tv.kpn.com/epg/13YaSo1V9AkC3ZQ0apFQIYHj2NwDeC7RcL29BJ3XerXF0/1920x1080.jpg?blurred=false"></icon><desc>A gambler turns into a cricket bookie banking on his sixth sense for the game. But his urge to make quick money pushes him into match fixing and he loses control of his life and love.</desc><category></category></programme><programme channel="164" start="20221130012000 +0000" stop="20221130031000 +0000" catchup-id="899708496"><title>Srivalli</title><date></date><icon src="https://images.tv.kpn.com/epg/13YaSo1V9AkC3ZQ0apFQIYHj2NwDeC7RcL29BJ3XerXF0/1920x1080.jpg?blurred=false"></icon><desc>Srivalli, the daughter of a scientist, relocates to India with her father and brother. However, her life turns upside down after she volunteers for a dangerous scientific experiment.</desc><category></category></programme><programme channel="164" start="20221130031000 +0000" stop="20221130044200 +0000" catchup-id="899574354"><title>Biskut</title><date></date><icon src="https://images.tv.kpn.com/epg/ipZ8kUXgET8qA81GFZwEcvAXDK8JEVnoIEotCBdEeT8/1920x1080.jpg?blurred=false"></icon><desc>The story revolves around 3 generations where the three individuals played by Santhanam and they have no relation to each other. The mysteries and correction of mistakes in the past forms the story.</desc><category></category></programme><programme channel="164" start="20221130044200 +0000" stop="20221130054000 +0000" catchup-id="899574357"><title>Extraa Shots Ludo</title><date></date><icon src="https://images.tv.kpn.com/epg/tQRQpLgtNTO0v1am66A13jss5dasIDqtVPHIX1I1FR8/1920x1080.jpg?blurred=false"></icon><desc>Watch behind the scenes and meet the cast and crew of the movie.</desc><category></category></programme><programme channel="164" start="20221130054000 +0000" stop="20221130055600 +0000" catchup-id="899708499"><title>Extraaa Storiez: Bhool Bhulaiyaa 2</title><date></date><icon src="https://images.tv.kpn.com/epg/OLqYeGH7HPSPSoRrWorwkhcAxus6z1cbeiR9AxA9BD9ARc/1920x1080.jpg?blurred=false"></icon><desc>Watch behind the scenes and meet the cast and crew of the movie.</desc><category></category></programme><programme channel="164" start="20221130055600 +0000" stop="20221130080000 +0000" catchup-id="899574369"><title>Aaja Nachle</title><date></date><icon src="https://images.tv.kpn.com/epg/tQRQpLgtNTO0v1am66A13jss5dasIDqtVPHIX1I1FR8/1920x1080.jpg?blurred=false"></icon><desc>A New York dance instructor returns to her home village in India after 11 years to find that the arts centre where she learned her craft is to be demolished and replaced with a shopping mall.</desc><category></category></programme><programme channel="164" start="20221130080000 +0000" stop="20221130085600 +0000" catchup-id="899574375"><title>The Making Of Fan</title><date></date><icon src="https://images.tv.kpn.com/epg/ipZ8kUXgET8qA81GFZwEcvAXDK8JEVnoIEotCBdEeT8/1920x1080.jpg?blurred=false"></icon><desc>Watch behind the scenes and meet the cast and crew of the movie.</desc><category></category></programme><programme channel="164" start="20221130085600 +0000" stop="20221130090100 +0000" catchup-id="899574381"><title>The Making Of Sonu Ke Tittu Ki Sweety</title><date></date><icon src="https://images.tv.kpn.com/epg/tQRQpLgtNTO0v1am66A13jss5dasIDqtVPHIX1I1FR8/1920x1080.jpg?blurred=false"></icon><desc>Watch behind the scenes and meet the cast and crew of the movie.</desc><category></category></programme><programme channel="164" start="20221130090100 +0000" stop="20221130113000 +0000" catchup-id="899574387"><title>Piku</title><date></date><icon src="https://images.tv.kpn.com/epg/13YaSo1V9AkC3ZQ0apFQIYHj2NwDeC7RcL29BJ3XerXF0/1920x1080.jpg?blurred=false"></icon><desc>Critically acclaimed comedy about the relationship between a daughter (Deepika Padukone) and her aging father (Amitabh Bachchan), whose eccentricities drive everyone crazy.</desc><category></category></programme><programme channel="164" start="20221130113000 +0000" stop="20221130144600 +0000" catchup-id="899574393"><title>Rocket Singh</title><date></date><icon src="https://images.tv.kpn.com/epg/OLqYeGH7HPSPSoRrWorwkhcAxus6z1cbeiR9AxA9BD9ARc/1920x1080.jpg?blurred=false"></icon><desc>Harpreet Singh Bedi is trying to pave a way for his future, only things never quite turn out as planned.</desc><category></category></programme><programme channel="164" start="20221130144600 +0000" stop="20221130173000 +0000" catchup-id="899574399"><title>Fanney Khan</title><date></date><icon src="https://images.tv.kpn.com/epg/ipZ8kUXgET8qA81GFZwEcvAXDK8JEVnoIEotCBdEeT8/1920x1080.jpg?blurred=false"></icon><desc>Fanney Khan is inspired by a Dutch film, Everybody's Famous. With a dream in his eyes and a tune in his heart</desc><category></category></programme><programme channel="164" start="20221130173000 +0000" stop="20221130204400 +0000" catchup-id="899574405"><title>Mujhse Shaadi Karogi</title><date></date><icon src="https://images.tv.kpn.com/epg/tQRQpLgtNTO0v1am66A13jss5dasIDqtVPHIX1I1FR8/1920x1080.jpg?blurred=false"></icon><desc>Sameer, fast at losing his temper is re-located to Goa where he falls in love with Rani. But Sameer's new roommate Sunny, has some plans of his own.</desc><category></category></programme><programme channel="164" start="20221130204400 +0000" stop="20221130211400 +0000" catchup-id="899574411"><title>Jhund</title><date></date><icon src="https://images.tv.kpn.com/epg/OLqYeGH7HPSPSoRrWorwkhcAxus6z1cbeiR9AxA9BD9ARc/1920x1080.jpg?blurred=false"></icon><desc>A retired sports teacher who founded an NGO called Slum Soccer. He managed to rehabilitate street kids by keeping them off drugs and crime by turning them into soccer players and building a whole team</desc><category></category></programme><programme channel="164" start="20221130211400 +0000" stop="20221130230000 +0000" catchup-id="899708502"><title>Programmabeschrijving niet beschikbaar</title><date></date><icon src="https://images.tv.kpn.com/epg/tQRQpLgtNTO0v1am66A13jss5dasIDqtVPHIX1I1FR8/1920x1080.jpg?blurred=false"></icon><desc>Programmabeschrijving niet beschikbaar</desc><category></category></programme><programme channel="164" start="20221130230000 +0000" stop="20221130233000 +0000" catchup-id="899619123"><title>K.g.f: Chapter 2</title><date></date><icon src="https://images.tv.kpn.com/epg/13YaSo1V9AkC3ZQ0apFQIYHj2NwDeC7RcL29BJ3XerXF0/1920x1080.jpg?blurred=false"></icon><desc>Rocky takes control of the Kolar Gold Fields and his newfound power makes the government as well as his enemies jittery. However, he still has to confront Ramika, Adheera and Inayat</desc><category></category></programme><programme channel="164" start="20221130233000 +0000" stop="20221201000700 +0000" catchup-id="899708505"><title>Programmabeschrijving niet beschikbaar</title><date></date><icon src="https://images.tv.kpn.com/epg/OLqYeGH7HPSPSoRrWorwkhcAxus6z1cbeiR9AxA9BD9ARc/1920x1080.jpg?blurred=false"></icon><desc>Programmabeschrijving niet beschikbaar</desc><category></category></programme><programme channel="164" start="20221201000700 +0000" stop="20221201031500 +0000" catchup-id="899619129"><title>Mohabat Ke Dushman</title><date></date><icon src="https://images.tv.kpn.com/epg/OLqYeGH7HPSPSoRrWorwkhcAxus6z1cbeiR9AxA9BD9ARc/1920x1080.jpg?blurred=false"></icon><desc>The beauty of Shamajaan is appreciated by many and out of which Shahbaaz Khan, a notorious man, desires to make her one of his wives. When she refuses, he kills her father.</desc><category></category></programme><programme channel="164" start="20221201031500 +0000" stop="20221201052600 +0000" catchup-id="899619132"><title>Har Din Diwali</title><date></date><icon src="https://images.tv.kpn.com/epg/13YaSo1V9AkC3ZQ0apFQIYHj2NwDeC7RcL29BJ3XerXF0/1920x1080.jpg?blurred=false"></icon><desc>A grandson, Sai, wishes to make the last few weeks for his dying grandfather, Raghu Ramayya, a time to remember. Since most of Raghu's children are too busy to visit him, Sai's gesture comforts him.</desc><category></category></programme><programme channel="164" start="20221201052600 +0000" stop="20221201055000 +0000" catchup-id="899619135"><title>The Making Of Bewakoofiyan</title><date></date><icon src="https://images.tv.kpn.com/epg/tQRQpLgtNTO0v1am66A13jss5dasIDqtVPHIX1I1FR8/1920x1080.jpg?blurred=false"></icon><desc>Watch behind the scenes and meet the cast and crew of the movie.</desc><category></category></programme><programme channel="164" start="20221201055000 +0000" stop="20221201060400 +0000" catchup-id="899619138"><title>The Making Of Mubarakan</title><date></date><icon src="https://images.tv.kpn.com/epg/tQRQpLgtNTO0v1am66A13jss5dasIDqtVPHIX1I1FR8/1920x1080.jpg?blurred=false"></icon><desc>Watch behind the scenes and meet the cast and crew of the movie.</desc><category></category></programme><programme channel="164" start="20221201060400 +0000" stop="20221201080000 +0000" catchup-id="899619141"><title>Prassthanam</title><date></date><icon src="https://images.tv.kpn.com/epg/tQRQpLgtNTO0v1am66A13jss5dasIDqtVPHIX1I1FR8/1920x1080.jpg?blurred=false"></icon><desc>A rural politician marries a widow with kids and gains a respectable position. He trusts his stepson more than his own in political matters; thus upsetting his son beyond limits.</desc><category></category></programme><programme channel="164" start="20221201080000 +0000" stop="20221201082000 +0000" catchup-id="899619144"><title>Extraa Shots Shakuntala Devi</title><date></date><icon src="https://images.tv.kpn.com/epg/ipZ8kUXgET8qA81GFZwEcvAXDK8JEVnoIEotCBdEeT8/1920x1080.jpg?blurred=false"></icon><desc>Watch behind the scenes and meet the cast and crew of the movie.</desc><category></category></programme><programme channel="164" start="20221201082000 +0000" stop="20221201095600 +0000" catchup-id="899619150"><title>Rowdy</title><date></date><icon src="https://images.tv.kpn.com/epg/OLqYeGH7HPSPSoRrWorwkhcAxus6z1cbeiR9AxA9BD9ARc/1920x1080.jpg?blurred=false"></icon><desc>Krishna, the son of a political don, after losing his mother, swears to seek revenge on all the culprits who are responsible for her death, which also includes his own elder brother, Bhushan.</desc><category></category></programme><programme channel="164" start="20221201095600 +0000" stop="20221201122300 +0000" catchup-id="899619156"><title>Marjaavan</title><date></date><icon src="https://images.tv.kpn.com/epg/OLqYeGH7HPSPSoRrWorwkhcAxus6z1cbeiR9AxA9BD9ARc/1920x1080.jpg?blurred=false"></icon><desc>Young couple Raghu and Zoya enjoy their lives together until a vertically challenged gang leader with harmful intentions turns their world upside down.</desc><category></category></programme><programme channel="164" start="20221201122300 +0000" stop="20221201151800 +0000" catchup-id="899619162"><title>Pyaar Impossible</title><date></date><icon src="https://images.tv.kpn.com/epg/tQRQpLgtNTO0v1am66A13jss5dasIDqtVPHIX1I1FR8/1920x1080.jpg?blurred=false"></icon><desc>The first time around, Abhay was too geeky for Alisha, the girl he secretly loved. Seven years later, she is a single mother and he is forced to become her kids' nanny. Will cupid succeed this time?</desc><category></category></programme><programme channel="164" start="20221201151800 +0000" stop="20221201172900 +0000" catchup-id="899619174"><title>Arjun Patiala</title><date></date><icon src="https://images.tv.kpn.com/epg/OLqYeGH7HPSPSoRrWorwkhcAxus6z1cbeiR9AxA9BD9ARc/1920x1080.jpg?blurred=false"></icon><desc>Arjun Patiala is a quirky small-town cop, who is fond of women and even more fond of his drinks. His original and unusual ideas help reduce crime rate in the town.</desc><category></category></programme><programme channel="164" start="20221201172900 +0000" stop="20221201195700 +0000" catchup-id="899619177"><title>Hichki</title><date></date><icon src="https://images.tv.kpn.com/epg/tQRQpLgtNTO0v1am66A13jss5dasIDqtVPHIX1I1FR8/1920x1080.jpg?blurred=false"></icon><desc>After numerous rejections, a woman who has Tourette's syndrome lands a job as a teacher at an elite school. She tries to do whatever she can to make her troublemaking students realize their potential.</desc><category></category></programme><programme channel="164" start="20221201195700 +0000" stop="20221201215300 +0000" catchup-id="899619186"><title>Ab Tak Chhappan 2</title><date></date><icon src="https://images.tv.kpn.com/epg/OLqYeGH7HPSPSoRrWorwkhcAxus6z1cbeiR9AxA9BD9ARc/1920x1080.jpg?blurred=false"></icon><desc>Sadhu Agashe, a retired encounter specialist, faces a series of challenges after he returns to Mumbai to solve various criminal cases growing in the city.</desc><category></category></programme><programme channel="164" start="20221201215300 +0000" stop="20221202000900 +0000" catchup-id="899619195"><title>Saala Khadoos</title><date></date><icon src="https://images.tv.kpn.com/epg/ipZ8kUXgET8qA81GFZwEcvAXDK8JEVnoIEotCBdEeT8/1920x1080.jpg?blurred=false"></icon><desc>The story of a former boxer who quits boxing following a fallout with the authorities but goes on to coach a fisherwoman to fulfill his dream through her. Starring Madhavan.</desc><category></category></programme><programme channel="164" start="20221202000900 +0000" stop="20221202030400 +0000" catchup-id="899665470"><title>Kaithi</title><date></date><icon src="https://images.tv.kpn.com/epg/tQRQpLgtNTO0v1am66A13jss5dasIDqtVPHIX1I1FR8/1920x1080.jpg?blurred=false"></icon><desc>Dilli, an ex-convict, endeavours to meet his daughter for the first time after leaving prison. However, his attempts are interrupted due to a drug raid planned by Inspector Bejoy.</desc><category></category></programme><programme channel="164" start="20221202030400 +0000" stop="20221202051400 +0000" catchup-id="899665473"><title>Be Shakal</title><date></date><icon src="https://images.tv.kpn.com/epg/13YaSo1V9AkC3ZQ0apFQIYHj2NwDeC7RcL29BJ3XerXF0/1920x1080.jpg?blurred=false"></icon><desc>A woman who doesn't like harming even an ant is possessed with the ghost of the man who loves her, which wants to take revenge on the corrupt men who murdered him.</desc><category></category></programme><programme channel="164" start="20221202051400 +0000" stop="20221202052800 +0000" catchup-id="899665476"><title>The Making - Hichki</title><date></date><icon src="https://images.tv.kpn.com/epg/13YaSo1V9AkC3ZQ0apFQIYHj2NwDeC7RcL29BJ3XerXF0/1920x1080.jpg?blurred=false"></icon><desc>Watch behind the scenes and meet the cast and crew of the movie.</desc><category></category></programme><programme channel="164" start="20221202052800 +0000" stop="20221202055100 +0000" catchup-id="899665479"><title>Extraa Shots Gulabo Sitabo</title><date></date><icon src="https://images.tv.kpn.com/epg/ipZ8kUXgET8qA81GFZwEcvAXDK8JEVnoIEotCBdEeT8/1920x1080.jpg?blurred=false"></icon><desc>Watch behind the scenes and meet the cast and crew of the movie.</desc><category></category></programme><programme channel="164" start="20221202055100 +0000" stop="20221202080000 +0000" catchup-id="899665482"><title>Thugs Of Hindostan</title><date></date><icon src="https://images.tv.kpn.com/epg/tQRQpLgtNTO0v1am66A13jss5dasIDqtVPHIX1I1FR8/1920x1080.jpg?blurred=false"></icon><desc>A story about one man's love for his nation and another's love for power. An epic adventure filled with edge-of-the-seat thrills and war on the seas.</desc><category></category></programme><programme channel="164" start="20221202080000 +0000" stop="20221202082800 +0000" catchup-id="899665485"><title>Extraa Shots Gulabo Sitabo</title><date></date><icon src="https://images.tv.kpn.com/epg/13YaSo1V9AkC3ZQ0apFQIYHj2NwDeC7RcL29BJ3XerXF0/1920x1080.jpg?blurred=false"></icon><desc>Watch behind the scenes and meet the cast and crew of the movie.</desc><category></category></programme><programme channel="164" start="20221202082800 +0000" stop="20221202085800 +0000" catchup-id="899665488"><title>The Making Of Piku</title><date></date><icon src="https://images.tv.kpn.com/epg/ipZ8kUXgET8qA81GFZwEcvAXDK8JEVnoIEotCBdEeT8/1920x1080.jpg?blurred=false"></icon><desc>Watch behind the scenes and meet the cast and crew of the movie.</desc><category></category></programme><programme channel="164" start="20221202085800 +0000" stop="20221202090400 +0000" catchup-id="899665491"><title>The Making Of Mubarakan</title><date></date><icon src="https://images.tv.kpn.com/epg/OLqYeGH7HPSPSoRrWorwkhcAxus6z1cbeiR9AxA9BD9ARc/1920x1080.jpg?blurred=false"></icon><desc>Watch behind the scenes and meet the cast and crew of the movie.</desc><category></category></programme><programme channel="164" start="20221202090400 +0000" stop="20221202121800 +0000" catchup-id="899665494"><title>Mujhse Shaadi Karogi</title><date></date><icon src="https://images.tv.kpn.com/epg/ipZ8kUXgET8qA81GFZwEcvAXDK8JEVnoIEotCBdEeT8/1920x1080.jpg?blurred=false"></icon><desc>Sameer, fast at losing his temper is re-located to Goa where he falls in love with Rani. But Sameer's new roommate Sunny, has some plans of his own.</desc><category></category></programme><programme channel="164" start="20221202121800 +0000" stop="20221202142900 +0000" catchup-id="899665497"><title>Maari</title><date></date><icon src="https://images.tv.kpn.com/epg/tQRQpLgtNTO0v1am66A13jss5dasIDqtVPHIX1I1FR8/1920x1080.jpg?blurred=false"></icon><desc>Maari, a fun-loving rowdy, creates many enemies in his area due to his arrogant but righteous behaviour. Beeja, a dreaded gangster, vows to seek revenge against Maari for killing his brother.</desc><category></category></programme><programme channel="164" start="20221202142900 +0000" stop="20221202173000 +0000" catchup-id="899665500"><title>All The Best: Fun Begins</title><date></date><icon src="https://images.tv.kpn.com/epg/ipZ8kUXgET8qA81GFZwEcvAXDK8JEVnoIEotCBdEeT8/1920x1080.jpg?blurred=false"></icon><desc>The unexpected arrival of his elder NRI brother and assorted characters complicates the life of a Goan male.</desc><category></category></programme><programme channel="164" start="20221202173000 +0000" stop="20221202210000 +0000" catchup-id="899665503"><title>Fanaa</title><date></date><icon src="https://images.tv.kpn.com/epg/13YaSo1V9AkC3ZQ0apFQIYHj2NwDeC7RcL29BJ3XerXF0/1920x1080.jpg?blurred=false"></icon><desc>Set in Delhi and the Kashmir Valley, a blind woman falls in love with a rakish tour guide who hides a terrible secret...</desc><category></category></programme><programme channel="164" start="20221202210000 +0000" stop="20221202232500 +0000" catchup-id="899665506"><title>Section 375</title><date></date><icon src="https://images.tv.kpn.com/epg/13YaSo1V9AkC3ZQ0apFQIYHj2NwDeC7RcL29BJ3XerXF0/1920x1080.jpg?blurred=false"></icon><desc>A filmmaker stands trial when a costume assistant on his movie accuses him of rape.</desc><category></category></programme><programme channel="164" start="20221202232500 +0000" stop="20221203015300 +0000" catchup-id="899708508"><title>1920 Evil Returns</title><date></date><icon src="https://images.tv.kpn.com/epg/tQRQpLgtNTO0v1am66A13jss5dasIDqtVPHIX1I1FR8/1920x1080.jpg?blurred=false"></icon><desc>This story revolves around a famous poet who meets a woman who is in trouble. To treat her, he takes her to Shimla in a hospital, but soon that woman gets possessed by devil and goes out of control.</desc><category></category></programme><programme channel="164" start="20221203015300 +0000" stop="20221203042400 +0000" catchup-id="899708511"><title>Thadaka 2</title><date></date><icon src="https://images.tv.kpn.com/epg/tQRQpLgtNTO0v1am66A13jss5dasIDqtVPHIX1I1FR8/1920x1080.jpg?blurred=false"></icon><desc>Chaithu and Anu fall in love but they are faced with the problem of convincing Anu's mother, Shailaja Reddy, a domineering woman who is determined to find a doctor as her son-in-law.</desc><category></category></programme><programme channel="164" start="20221203042400 +0000" stop="20221203043100 +0000" catchup-id="899708514"><title>The Making: Abcd 2</title><date></date><icon src="https://images.tv.kpn.com/epg/OLqYeGH7HPSPSoRrWorwkhcAxus6z1cbeiR9AxA9BD9ARc/1920x1080.jpg?blurred=false"></icon><desc>Watch behind the scenes and meet the cast and crew of the movie.</desc><category></category></programme><programme channel="164" start="20221203043100 +0000" stop="20221203051100 +0000" catchup-id="899708517"><title>The Making Of Fan</title><date></date><icon src="https://images.tv.kpn.com/epg/OLqYeGH7HPSPSoRrWorwkhcAxus6z1cbeiR9AxA9BD9ARc/1920x1080.jpg?blurred=false"></icon><desc>Watch behind the scenes and meet the cast and crew of the movie.</desc><category></category></programme><programme channel="164" start="20221203051100 +0000" stop="20221203070000 +0000" catchup-id="899708520"><title>Time To Dance</title><date></date><icon src="https://images.tv.kpn.com/epg/tQRQpLgtNTO0v1am66A13jss5dasIDqtVPHIX1I1FR8/1920x1080.jpg?blurred=false"></icon><desc>When a ballroom dancer's shot at a crucial tournament is jeopardized, a street dancer must face his own painful past and step up as her new partner.</desc><category></category></programme><programme channel="164" start="20221203070000 +0000" stop="20221203070800 +0000" catchup-id="899708523"><title>The Making: Tumhari Sulu</title><date></date><icon src="https://images.tv.kpn.com/epg/OLqYeGH7HPSPSoRrWorwkhcAxus6z1cbeiR9AxA9BD9ARc/1920x1080.jpg?blurred=false"></icon><desc>Watch behind the scenes and meet the cast and crew of the movie.</desc><category></category></programme><programme channel="164" start="20221203070800 +0000" stop="20221203071900 +0000" catchup-id="899708526"><title>The Making Of Mubarakan</title><date></date><icon src="https://images.tv.kpn.com/epg/OLqYeGH7HPSPSoRrWorwkhcAxus6z1cbeiR9AxA9BD9ARc/1920x1080.jpg?blurred=false"></icon><desc>Watch behind the scenes and meet the cast and crew of the movie.</desc><category></category></programme><programme channel="164" start="20221203071900 +0000" stop="20221203085500 +0000" catchup-id="899708529"><title>Ashwamedham</title><date></date><icon src="https://images.tv.kpn.com/epg/ipZ8kUXgET8qA81GFZwEcvAXDK8JEVnoIEotCBdEeT8/1920x1080.jpg?blurred=false"></icon><desc>Dhruva an undercover agent is on a mission to catch the culprits, who intend to loot the National treasure by using professional hackers.</desc><category></category></programme><programme channel="164" start="20221203085500 +0000" stop="20221203110500 +0000" catchup-id="899708532"><title>Mere Dad Ki Maruti</title><date></date><icon src="https://images.tv.kpn.com/epg/OLqYeGH7HPSPSoRrWorwkhcAxus6z1cbeiR9AxA9BD9ARc/1920x1080.jpg?blurred=false"></icon><desc>A father buys his daughter a car as a wedding present, but her younger brother steals it before the Big Day and inadvertently allows it to be stolen.</desc><category></category></programme><programme channel="164" start="20221203110500 +0000" stop="20221203135100 +0000" catchup-id="899708535"><title>Jhoom Barabar Jhoom</title><date></date><icon src="https://images.tv.kpn.com/epg/tQRQpLgtNTO0v1am66A13jss5dasIDqtVPHIX1I1FR8/1920x1080.jpg?blurred=false"></icon><desc>A man and a woman, engaged to marry different people, spend a couple of hours chatting together at a train station only to fall for each other.</desc><category></category></programme><programme channel="164" start="20221203135100 +0000" stop="20221203172800 +0000" catchup-id="899708538"><title>Jab Tak Hai Jaan</title><date></date><icon src="https://images.tv.kpn.com/epg/OLqYeGH7HPSPSoRrWorwkhcAxus6z1cbeiR9AxA9BD9ARc/1920x1080.jpg?blurred=false"></icon><desc>An emotionally damaged Shahrukh Khan tries to forget the past so he can find true love in Yash Chopra's final film before his death. Also starring Katrina Kaif and Anushka Sharma.</desc><category></category></programme><programme channel="164" start="20221203172800 +0000" stop="20221203200000 +0000" catchup-id="899708541"><title>Malaal</title><date></date><icon src="https://images.tv.kpn.com/epg/OLqYeGH7HPSPSoRrWorwkhcAxus6z1cbeiR9AxA9BD9ARc/1920x1080.jpg?blurred=false"></icon><desc>Two very different people from contrasting backgrounds experience the innocence of love.</desc><category></category></programme><programme channel="164" start="20221203200000 +0000" stop="20221203222400 +0000" catchup-id="899708544"><title>Hit- The First Case</title><date></date><icon src="https://images.tv.kpn.com/epg/OLqYeGH7HPSPSoRrWorwkhcAxus6z1cbeiR9AxA9BD9ARc/1920x1080.jpg?blurred=false"></icon><desc>A brilliant but troubled police inspector sets out to solve a confounding case, all while fighting to gain clarity into his troubled past.</desc><category></category></programme>