<programme channel="190" start="20221118230000 +0000" stop="20221119000000 +0000" catchup-id="899090532"><title>Party Time</title><date></date><icon src="https://images.tv.kpn.com/epg/GGKl5oPisC7UxgHynjXthIy39CJRRse3anrgha1F1Fl8/1920x1080.jpg?blurred=false"></icon><desc>Met Party Time op XITE kom jij in de stemming voor ieder feestje!</desc><category></category></programme><programme channel="190" start="20221119000000 +0000" stop="20221119040000 +0000" catchup-id="899090535"><title>All Night</title><date></date><icon src="https://images.tv.kpn.com/epg/gi0NJ9BuAHSY9C5YNibgbTb9BNRYC9AQtqfLexKUMNC4rOg/1920x1080.jpg?blurred=false"></icon><desc>Geen zin om te slapen? Op XITE zie je All Night de grootste hits en beste classics.</desc><category></category></programme><programme channel="190" start="20221119040000 +0000" stop="20221119060000 +0000" catchup-id="899090538"><title>Early Birds</title><date></date><icon src="https://images.tv.kpn.com/epg/7yEjLMIiMD8DttHgC9CDQRZKSbT467qBzuASYbHj2thE/1920x1080.jpg?blurred=false"></icon><desc>Of je nu vroeg uit de veren bent of tot in de late uurtjes doorgaat; Early Birds helpt je door beide momenten heen.</desc><category></category></programme><programme channel="190" start="20221119060000 +0000" stop="20221119090000 +0000" catchup-id="899090541"><title>Weekend Hits</title><date></date><icon src="https://images.tv.kpn.com/epg/UoV9COHgU5PFuQ2fRLUmfyU5LwKbuuY0rIBGHoIHcRF0/1920x1080.jpg?blurred=false"></icon><desc>Weekend Hits! XITE serveert niet alleen de nieuwste hits, maar ook de beste videoclips van de afgelopen jaren.</desc><category></category></programme><programme channel="190" start="20221119090000 +0000" stop="20221119110000 +0000" catchup-id="899090544"><title>Lazy Saturday</title><date></date><icon src="https://images.tv.kpn.com/epg/NUbpVCruOdtQVOMzOiOZ1GuvGTH2psYD9CyebS3uFMcM/1920x1080.jpg?blurred=false"></icon><desc>Voor als je het liever rustig aan doet op de zaterdagochtend.</desc><category></category></programme><programme channel="190" start="20221119110000 +0000" stop="20221119130000 +0000" catchup-id="899090547"><title>Hits Now</title><date></date><icon src="https://images.tv.kpn.com/epg/ABO079A9CwdNJ7PUkgUSw223sfyaPqt8JtLTLyHu9Ab0Jg/1920x1080.jpg?blurred=false"></icon><desc>Check de populairste muziekvideo's van dit moment in Hits Now.</desc><category></category></programme><programme channel="190" start="20221119130000 +0000" stop="20221119150000 +0000" catchup-id="899090550"><title>Autumn Vibes</title><date></date><icon src="https://images.tv.kpn.com/epg/7zTJuqNiuf0UxArQblXYkwTOCh9CC3G5BLPaGAvmzOyI/1920x1080.jpg?blurred=false"></icon><desc>Het is alweer herfst! XITE houdt je dit seizoen graag warm met de meest toffe en sfeervolle clips in ‘Autumn Vibes’.</desc><category></category></programme><programme channel="190" start="20221119150000 +0000" stop="20221119163000 +0000" catchup-id="899090553"><title>90s Icons Top 20</title><date></date><icon src="https://images.tv.kpn.com/epg/0MrNueXLF3bfpO8hJFx7x9B1I2MVInEEk3c4oi8s9Ablc/1920x1080.jpg?blurred=false"></icon><desc>Elke zaterdagmiddag kun jij om 4 uur bij XITE terecht voor een speciale chartshow. Verwacht 20 videoclips, die elke week in een ander thema zijn! Met deze week: 90s Icons Top 20!</desc><category></category></programme><programme channel="190" start="20221119163000 +0000" stop="20221119173000 +0000" catchup-id="899090556"><title>Nederpop</title><date></date><icon src="https://images.tv.kpn.com/epg/S14L3DBlyB816C7xbSSa7WdGqLK5pVE6F533Sb59BzC4/1920x1080.jpg?blurred=false"></icon><desc>Het beste van eigen bodem door de jaren heen. Van Acda &amp; De Munnik tot Suzan &amp; Freek.</desc><category></category></programme><programme channel="190" start="20221119173000 +0000" stop="20221119190000 +0000" catchup-id="899090559"><title>Dinner Time</title><date></date><icon src="https://images.tv.kpn.com/epg/Q5UZ9BINd5u59AHa9CVZgoBHfN2Sca2AoZzuk9A3179CksyY/1920x1080.jpg?blurred=false"></icon><desc>Met het bord op schoot of gezellig aan tafel. Geniet van de lekkerste hits in Dinner Time.</desc><category></category></programme><programme channel="190" start="20221119190000 +0000" stop="20221119200000 +0000" catchup-id="899090562"><title>Sing-Along Saturday</title><date></date><icon src="https://images.tv.kpn.com/epg/Hvt0X6tVksqzHGdzwTyDmEGXeHVmKbWkuKmLCANTQc8/1920x1080.jpg?blurred=false"></icon><desc>Zing de longen uit je lijf met de heerlijkste meezingers tijdens de Sing-Along Saturday!</desc><category></category></programme><programme channel="190" start="20221119200000 +0000" stop="20221119210000 +0000" catchup-id="899090565"><title>Huisfeestje</title><date></date><icon src="https://images.tv.kpn.com/epg/9Ct32wOWnzSBw69BK9CoZOtr9CBKAgeLOcIPBATrRWBw4SY/1920x1080.jpg?blurred=false"></icon><desc>Maak XITE de DJ van je huisfeestje met deze mix van energieke &amp; uplifting muziek.</desc><category></category></programme><programme channel="190" start="20221119210000 +0000" stop="20221119230000 +0000" catchup-id="899090568"><title>Party Time</title><date></date><icon src="https://images.tv.kpn.com/epg/GGKl5oPisC7UxgHynjXthIy39CJRRse3anrgha1F1Fl8/1920x1080.jpg?blurred=false"></icon><desc>Met Party Time op XITE kom jij in de stemming voor ieder feestje!</desc><category></category></programme><programme channel="190" start="20221119230000 +0000" stop="20221120000000 +0000" catchup-id="899133867"><title>Down &amp; Dirrty</title><date></date><icon src="https://images.tv.kpn.com/epg/sL7YJkWc1jw7uWo7V7ZuZGEzDa74QdBihLvSOOzXCl8/1920x1080.jpg?blurred=false"></icon><desc>Waarschuwing, dit programma heeft geen filter! Twerk onbeschaamd de nacht door op de video's van o.a. Cardi B &amp; Sean Paul.</desc><category></category></programme><programme channel="190" start="20221120000000 +0000" stop="20221120040000 +0000" catchup-id="899133870"><title>All Night</title><date></date><icon src="https://images.tv.kpn.com/epg/gi0NJ9BuAHSY9C5YNibgbTb9BNRYC9AQtqfLexKUMNC4rOg/1920x1080.jpg?blurred=false"></icon><desc>Geen zin om te slapen? Op XITE zie je All Night de grootste hits en beste classics.</desc><category></category></programme><programme channel="190" start="20221120040000 +0000" stop="20221120060000 +0000" catchup-id="899133873"><title>Early Birds</title><date></date><icon src="https://images.tv.kpn.com/epg/7yEjLMIiMD8DttHgC9CDQRZKSbT467qBzuASYbHj2thE/1920x1080.jpg?blurred=false"></icon><desc>Of je nu vroeg uit de veren bent of tot in de late uurtjes doorgaat; Early Birds helpt je door beide momenten heen.</desc><category></category></programme><programme channel="190" start="20221120060000 +0000" stop="20221120090000 +0000" catchup-id="899133876"><title>Weekend Hits</title><date></date><icon src="https://images.tv.kpn.com/epg/UoV9COHgU5PFuQ2fRLUmfyU5LwKbuuY0rIBGHoIHcRF0/1920x1080.jpg?blurred=false"></icon><desc>Weekend Hits! XITE serveert niet alleen de nieuwste hits, maar ook de beste videoclips van de afgelopen jaren.</desc><category></category></programme><programme channel="190" start="20221120090000 +0000" stop="20221120120000 +0000" catchup-id="899133879"><title>Sunday Chill</title><date></date><icon src="https://images.tv.kpn.com/epg/5PCzaUN9CiELs13yhN7uocZlUKqoO4PyXhgNcNfWGkhQ/1920x1080.jpg?blurred=false"></icon><desc>Pak je moment en kom tot rust met deze chille muziekvideo's.</desc><category></category></programme><programme channel="190" start="20221120120000 +0000" stop="20221120130000 +0000" catchup-id="899133882"><title>Local Heroes</title><date></date><icon src="https://images.tv.kpn.com/epg/ql9AdgXT6SSv404x3XANPuQEMn9BzJ2ikqLgbPfjNYK4A/1920x1080.jpg?blurred=false"></icon><desc>Support your local! Maak kennis met de beste muziek van eigen bodem.</desc><category></category></programme><programme channel="190" start="20221120130000 +0000" stop="20221120143000 +0000" catchup-id="899133885"><title>XITE Top 20</title><date></date><icon src="https://images.tv.kpn.com/epg/9BrN0yPBEIiJ9Ch5bIzGPeTOJgEXPj8S9Cp4ihlH8HeXvA/1920x1080.jpg?blurred=false"></icon><desc>In de XITE Top 20 check je de allerbeste muziekvideo's van dit moment.</desc><category></category></programme><programme channel="190" start="20221120143000 +0000" stop="20221120163000 +0000" catchup-id="899133888"><title>We Love Music Videos</title><date></date><icon src="https://images.tv.kpn.com/epg/5J4fprcgENT9Andbb9BEhGFTqdik01u66Zs5ALKwthj9BU/1920x1080.jpg?blurred=false"></icon><desc>&quot;We Love Music Videos!&quot; Muziekvideo's die je sowieso 1 keer gezien moet hebben.</desc><category></category></programme><programme channel="190" start="20221120163000 +0000" stop="20221120173000 +0000" catchup-id="899133891"><title>Country Today</title><date></date><icon src="https://images.tv.kpn.com/epg/ACfmakOfQyRF9CvSm4RlekztDvKKiESPhQIoxhGEQAc8/1920x1080.jpg?blurred=false"></icon><desc>Een selectie van populaire country-muziek van dit moment met o.a. Dan + Shay, Kane Brown &amp; Maren Morris.</desc><category></category></programme><programme channel="190" start="20221120173000 +0000" stop="20221120190000 +0000" catchup-id="899133894"><title>Dinner Time</title><date></date><icon src="https://images.tv.kpn.com/epg/Q5UZ9BINd5u59AHa9CVZgoBHfN2Sca2AoZzuk9A3179CksyY/1920x1080.jpg?blurred=false"></icon><desc>Met het bord op schoot of gezellig aan tafel. Geniet van de lekkerste hits in Dinner Time.</desc><category></category></programme><programme channel="190" start="20221120190000 +0000" stop="20221120200000 +0000" catchup-id="899133897"><title>R&amp;B Feels</title><date></date><icon src="https://images.tv.kpn.com/epg/Fp9AtnnTn6O7uJNiBDjyBFYV71zsSPhtaRUFWKP0meVk/1920x1080.jpg?blurred=false"></icon><desc>Van sensueel tot sentimenteel. Vibe out met r&amp;b video’s van dit moment.</desc><category></category></programme><programme channel="190" start="20221120200000 +0000" stop="20221120210000 +0000" catchup-id="899133900"><title>R&amp;B Classics</title><date></date><icon src="https://images.tv.kpn.com/epg/edrR5STMsSN9CBnOIBvPyU1weIi7GHIDPq0eIGfUsppA/1920x1080.jpg?blurred=false"></icon><desc>Throw it back! Deze mix van old school R&amp;B jams uit de 80s, 90s en 00s zitten vol met nostalgie.</desc><category></category></programme><programme channel="190" start="20221120210000 +0000" stop="20221120220000 +0000" catchup-id="899133903"><title>Laidback Acoustic</title><date></date><icon src="https://images.tv.kpn.com/epg/u9C6yLsKosnK4t9Cw4DHosTvvrjbavYryw2OCpwg7eMjw/1920x1080.jpg?blurred=false"></icon><desc>Rustgevende akoestische popmuziek, perfect voor op jouw zondagavond.</desc><category></category></programme><programme channel="190" start="20221120220000 +0000" stop="20221120230000 +0000" catchup-id="899133906"><title>Golden Oldies</title><date></date><icon src="https://images.tv.kpn.com/epg/n69A7lVb9CexN2QOERlrJj00qz4CCK3fHeev5fcWkWfSk/1920x1080.jpg?blurred=false"></icon><desc>De grondleggers van de moderne popmuziek uit de 60s en 70s met o.a. The Beatles, ABBA &amp; Jimi Hendrix.</desc><category></category></programme><programme channel="190" start="20221120230000 +0000" stop="20221121040000 +0000" catchup-id="899176101"><title>All Night</title><date></date><icon src="https://images.tv.kpn.com/epg/gi0NJ9BuAHSY9C5YNibgbTb9BNRYC9AQtqfLexKUMNC4rOg/1920x1080.jpg?blurred=false"></icon><desc>Geen zin om te slapen? Op XITE zie je All Night de grootste hits en beste classics.</desc><category></category></programme><programme channel="190" start="20221121040000 +0000" stop="20221121060000 +0000" catchup-id="899176104"><title>Early Birds</title><date></date><icon src="https://images.tv.kpn.com/epg/7yEjLMIiMD8DttHgC9CDQRZKSbT467qBzuASYbHj2thE/1920x1080.jpg?blurred=false"></icon><desc>Of je nu vroeg uit de veren bent of tot in de late uurtjes doorgaat; Early Birds helpt je door beide momenten heen.</desc><category></category></programme><programme channel="190" start="20221121060000 +0000" stop="20221121090000 +0000" catchup-id="899176107"><title>Morning Motivation</title><date></date><icon src="https://images.tv.kpn.com/epg/cglIevc9CAzB5RHxbIqTI9Czzr8Hct0vCOnQOwJO80a6U/1920x1080.jpg?blurred=false"></icon><desc>Moeite met opstaan? Geen probleem! Morning Motivation sleept je door die lastige ochtend heen.</desc><category></category></programme><programme channel="190" start="20221121090000 +0000" stop="20221121110000 +0000" catchup-id="899176110"><title>Hits Now</title><date></date><icon src="https://images.tv.kpn.com/epg/ABO079A9CwdNJ7PUkgUSw223sfyaPqt8JtLTLyHu9Ab0Jg/1920x1080.jpg?blurred=false"></icon><desc>Check de populairste muziekvideo's van dit moment in Hits Now.</desc><category></category></programme><programme channel="190" start="20221121110000 +0000" stop="20221121130000 +0000" catchup-id="899176113"><title>The Lunch Box</title><date></date><icon src="https://images.tv.kpn.com/epg/WUKWMLflTBtuctaqZhba7n0tOjNTMrSaMgCRI89BMHT8/1920x1080.jpg?blurred=false"></icon><desc>Neem een pauze met deze smakelijke mix van hits en classics.</desc><category></category></programme><programme channel="190" start="20221121130000 +0000" stop="20221121150000 +0000" catchup-id="899176116"><title>Hits Now</title><date></date><icon src="https://images.tv.kpn.com/epg/ABO079A9CwdNJ7PUkgUSw223sfyaPqt8JtLTLyHu9Ab0Jg/1920x1080.jpg?blurred=false"></icon><desc>Check de populairste muziekvideo's van dit moment in Hits Now.</desc><category></category></programme><programme channel="190" start="20221121150000 +0000" stop="20221121151500 +0000" catchup-id="899176119"><title>4 at 4: Beyoncé</title><date></date><icon src="https://images.tv.kpn.com/epg/3VCCqBf65IGxpn35PcibpJeBvvvL76dkVPt46ch0jFo/1920x1080.jpg?blurred=false"></icon><desc>Elke dag om 16.00u zie je 4 videoclips met 1 thema!</desc><category></category></programme><programme channel="190" start="20221121151500 +0000" stop="20221121160000 +0000" catchup-id="899176122"><title>We Love Music Videos</title><date></date><icon src="https://images.tv.kpn.com/epg/5J4fprcgENT9Andbb9BEhGFTqdik01u66Zs5ALKwthj9BU/1920x1080.jpg?blurred=false"></icon><desc>&quot;We Love Music Videos!&quot; Muziekvideo's die je sowieso 1 keer gezien moet hebben.</desc><category></category></programme><programme channel="190" start="20221121160000 +0000" stop="20221121162000 +0000" catchup-id="899176125"><title>Trending 5</title><date></date><icon src="https://images.tv.kpn.com/epg/2B0rcNHIEwY6wpMNBg218ERGQziXIVU9AC8F9CjgI2PHg/1920x1080.jpg?blurred=false"></icon><desc>Elke doordeweekse dag zie je hier de 5 meest trending video's van het moment.</desc><category></category></programme><programme channel="190" start="20221121162000 +0000" stop="20221121173000 +0000" catchup-id="899176128"><title>We Love Music Videos</title><date></date><icon src="https://images.tv.kpn.com/epg/5J4fprcgENT9Andbb9BEhGFTqdik01u66Zs5ALKwthj9BU/1920x1080.jpg?blurred=false"></icon><desc>&quot;We Love Music Videos!&quot; Muziekvideo's die je sowieso 1 keer gezien moet hebben.</desc><category></category></programme><programme channel="190" start="20221121173000 +0000" stop="20221121190000 +0000" catchup-id="899176131"><title>Dinner Time</title><date></date><icon src="https://images.tv.kpn.com/epg/Q5UZ9BINd5u59AHa9CVZgoBHfN2Sca2AoZzuk9A3179CksyY/1920x1080.jpg?blurred=false"></icon><desc>Met het bord op schoot of gezellig aan tafel. Geniet van de lekkerste hits in Dinner Time.</desc><category></category></programme><programme channel="190" start="20221121190000 +0000" stop="20221121210000 +0000" catchup-id="899176134"><title>80s Flashback</title><date></date><icon src="https://images.tv.kpn.com/epg/kMrVY0zlMH7A7jrlEsOx9Ag9B1UAYxFYQEfgZYsmJMw9AI/1920x1080.jpg?blurred=false"></icon><desc>Ga terug naar de tijd van synthesizers, neonkleuren en heel veel haarlak.</desc><category></category></programme><programme channel="190" start="20221121210000 +0000" stop="20221121220000 +0000" catchup-id="899176137"><title>Indie Wave</title><date></date><icon src="https://images.tv.kpn.com/epg/bbI4E9Adz7OuvXtFkt7Dc1HXKP8GPNnHCXHJaayLkmOQ/1920x1080.jpg?blurred=false"></icon><desc>De grootste indie-classics gemixt met de beste en nieuwste ontdekkingen.</desc><category></category></programme><programme channel="190" start="20221121220000 +0000" stop="20221122040000 +0000" catchup-id="899176140"><title>All Night</title><date></date><icon src="https://images.tv.kpn.com/epg/gi0NJ9BuAHSY9C5YNibgbTb9BNRYC9AQtqfLexKUMNC4rOg/1920x1080.jpg?blurred=false"></icon><desc>Geen zin om te slapen? Op XITE zie je All Night de grootste hits en beste classics.</desc><category></category></programme><programme channel="190" start="20221122040000 +0000" stop="20221122060000 +0000" catchup-id="899219766"><title>Early Birds</title><date></date><icon src="https://images.tv.kpn.com/epg/7yEjLMIiMD8DttHgC9CDQRZKSbT467qBzuASYbHj2thE/1920x1080.jpg?blurred=false"></icon><desc>Of je nu vroeg uit de veren bent of tot in de late uurtjes doorgaat; Early Birds helpt je door beide momenten heen.</desc><category></category></programme><programme channel="190" start="20221122060000 +0000" stop="20221122090000 +0000" catchup-id="899219769"><title>Morning Motivation</title><date></date><icon src="https://images.tv.kpn.com/epg/cglIevc9CAzB5RHxbIqTI9Czzr8Hct0vCOnQOwJO80a6U/1920x1080.jpg?blurred=false"></icon><desc>Moeite met opstaan? Geen probleem! Morning Motivation sleept je door die lastige ochtend heen.</desc><category></category></programme><programme channel="190" start="20221122090000 +0000" stop="20221122110000 +0000" catchup-id="899219772"><title>Hits Now</title><date></date><icon src="https://images.tv.kpn.com/epg/ABO079A9CwdNJ7PUkgUSw223sfyaPqt8JtLTLyHu9Ab0Jg/1920x1080.jpg?blurred=false"></icon><desc>Check de populairste muziekvideo's van dit moment in Hits Now.</desc><category></category></programme><programme channel="190" start="20221122110000 +0000" stop="20221122130000 +0000" catchup-id="899219775"><title>The Lunch Box</title><date></date><icon src="https://images.tv.kpn.com/epg/WUKWMLflTBtuctaqZhba7n0tOjNTMrSaMgCRI89BMHT8/1920x1080.jpg?blurred=false"></icon><desc>Neem een pauze met deze smakelijke mix van hits en classics.</desc><category></category></programme><programme channel="190" start="20221122130000 +0000" stop="20221122150000 +0000" catchup-id="899219778"><title>Hits Now</title><date></date><icon src="https://images.tv.kpn.com/epg/ABO079A9CwdNJ7PUkgUSw223sfyaPqt8JtLTLyHu9Ab0Jg/1920x1080.jpg?blurred=false"></icon><desc>Check de populairste muziekvideo's van dit moment in Hits Now.</desc><category></category></programme><programme channel="190" start="20221122150000 +0000" stop="20221122151500 +0000" catchup-id="899219781"><title>4 at 4: Britney Spears</title><date></date><icon src="https://images.tv.kpn.com/epg/3VCCqBf65IGxpn35PcibpJeBvvvL76dkVPt46ch0jFo/1920x1080.jpg?blurred=false"></icon><desc>Elke dag om 16.00u zie je 4 videoclips met 1 thema!</desc><category></category></programme><programme channel="190" start="20221122151500 +0000" stop="20221122160000 +0000" catchup-id="899219784"><title>We Love Music Videos</title><date></date><icon src="https://images.tv.kpn.com/epg/5J4fprcgENT9Andbb9BEhGFTqdik01u66Zs5ALKwthj9BU/1920x1080.jpg?blurred=false"></icon><desc>&quot;We Love Music Videos!&quot; Muziekvideo's die je sowieso 1 keer gezien moet hebben.</desc><category></category></programme><programme channel="190" start="20221122160000 +0000" stop="20221122162000 +0000" catchup-id="899219787"><title>Trending 5</title><date></date><icon src="https://images.tv.kpn.com/epg/2B0rcNHIEwY6wpMNBg218ERGQziXIVU9AC8F9CjgI2PHg/1920x1080.jpg?blurred=false"></icon><desc>Elke doordeweekse dag zie je hier de 5 meest trending video's van het moment.</desc><category></category></programme><programme channel="190" start="20221122162000 +0000" stop="20221122173000 +0000" catchup-id="899219790"><title>We Love Music Videos</title><date></date><icon src="https://images.tv.kpn.com/epg/5J4fprcgENT9Andbb9BEhGFTqdik01u66Zs5ALKwthj9BU/1920x1080.jpg?blurred=false"></icon><desc>&quot;We Love Music Videos!&quot; Muziekvideo's die je sowieso 1 keer gezien moet hebben.</desc><category></category></programme><programme channel="190" start="20221122173000 +0000" stop="20221122190000 +0000" catchup-id="899219793"><title>Dinner Time</title><date></date><icon src="https://images.tv.kpn.com/epg/Q5UZ9BINd5u59AHa9CVZgoBHfN2Sca2AoZzuk9A3179CksyY/1920x1080.jpg?blurred=false"></icon><desc>Met het bord op schoot of gezellig aan tafel. Geniet van de lekkerste hits in Dinner Time.</desc><category></category></programme><programme channel="190" start="20221122190000 +0000" stop="20221122210000 +0000" catchup-id="899219796"><title>Back 2 The 90s</title><date></date><icon src="https://images.tv.kpn.com/epg/YvTWCKCOGT8BfQntuciE8pYBKYG2teqNIRVxn1L0XvY/1920x1080.jpg?blurred=false"></icon><desc>Van plateauzolen tot tuinbroeken en van de Spice Girls tot Nirvana.</desc><category></category></programme><programme channel="190" start="20221122210000 +0000" stop="20221122220000 +0000" catchup-id="899219799"><title>Rap NL</title><date></date><icon src="https://images.tv.kpn.com/epg/3Py5zs24HqedMRWVj4sXdsgHiEeKn7oXpQvz9ADmfgBU/1920x1080.jpg?blurred=false"></icon><desc>De beste hiphop van eigen bodem.</desc><category></category></programme><programme channel="190" start="20221122220000 +0000" stop="20221123040000 +0000" catchup-id="899219802"><title>All Night</title><date></date><icon src="https://images.tv.kpn.com/epg/gi0NJ9BuAHSY9C5YNibgbTb9BNRYC9AQtqfLexKUMNC4rOg/1920x1080.jpg?blurred=false"></icon><desc>Geen zin om te slapen? Op XITE zie je All Night de grootste hits en beste classics.</desc><category></category></programme><programme channel="190" start="20221123040000 +0000" stop="20221123060000 +0000" catchup-id="899264976"><title>Early Birds</title><date></date><icon src="https://images.tv.kpn.com/epg/7yEjLMIiMD8DttHgC9CDQRZKSbT467qBzuASYbHj2thE/1920x1080.jpg?blurred=false"></icon><desc>Of je nu vroeg uit de veren bent of tot in de late uurtjes doorgaat; Early Birds helpt je door beide momenten heen.</desc><category></category></programme><programme channel="190" start="20221123060000 +0000" stop="20221123090000 +0000" catchup-id="899264979"><title>Morning Motivation</title><date></date><icon src="https://images.tv.kpn.com/epg/cglIevc9CAzB5RHxbIqTI9Czzr8Hct0vCOnQOwJO80a6U/1920x1080.jpg?blurred=false"></icon><desc>Moeite met opstaan? Geen probleem! Morning Motivation sleept je door die lastige ochtend heen.</desc><category></category></programme><programme channel="190" start="20221123090000 +0000" stop="20221123110000 +0000" catchup-id="899264982"><title>Hits Now</title><date></date><icon src="https://images.tv.kpn.com/epg/ABO079A9CwdNJ7PUkgUSw223sfyaPqt8JtLTLyHu9Ab0Jg/1920x1080.jpg?blurred=false"></icon><desc>Check de populairste muziekvideo's van dit moment in Hits Now.</desc><category></category></programme><programme channel="190" start="20221123110000 +0000" stop="20221123130000 +0000" catchup-id="899264985"><title>The Lunch Box</title><date></date><icon src="https://images.tv.kpn.com/epg/WUKWMLflTBtuctaqZhba7n0tOjNTMrSaMgCRI89BMHT8/1920x1080.jpg?blurred=false"></icon><desc>Neem een pauze met deze smakelijke mix van hits en classics.</desc><category></category></programme><programme channel="190" start="20221123130000 +0000" stop="20221123150000 +0000" catchup-id="899264988"><title>Hits Now</title><date></date><icon src="https://images.tv.kpn.com/epg/ABO079A9CwdNJ7PUkgUSw223sfyaPqt8JtLTLyHu9Ab0Jg/1920x1080.jpg?blurred=false"></icon><desc>Check de populairste muziekvideo's van dit moment in Hits Now.</desc><category></category></programme><programme channel="190" start="20221123150000 +0000" stop="20221123151500 +0000" catchup-id="899264991"><title>4 at 4: Justin Timberlake</title><date></date><icon src="https://images.tv.kpn.com/epg/3VCCqBf65IGxpn35PcibpJeBvvvL76dkVPt46ch0jFo/1920x1080.jpg?blurred=false"></icon><desc>Elke dag om 16.00u zie je 4 videoclips met 1 thema!</desc><category></category></programme><programme channel="190" start="20221123151500 +0000" stop="20221123160000 +0000" catchup-id="899264994"><title>We Love Music Videos</title><date></date><icon src="https://images.tv.kpn.com/epg/5J4fprcgENT9Andbb9BEhGFTqdik01u66Zs5ALKwthj9BU/1920x1080.jpg?blurred=false"></icon><desc>&quot;We Love Music Videos!&quot; Muziekvideo's die je sowieso 1 keer gezien moet hebben.</desc><category></category></programme><programme channel="190" start="20221123160000 +0000" stop="20221123162000 +0000" catchup-id="899264997"><title>Trending 5</title><date></date><icon src="https://images.tv.kpn.com/epg/2B0rcNHIEwY6wpMNBg218ERGQziXIVU9AC8F9CjgI2PHg/1920x1080.jpg?blurred=false"></icon><desc>Elke doordeweekse dag zie je hier de 5 meest trending video's van het moment.</desc><category></category></programme><programme channel="190" start="20221123162000 +0000" stop="20221123173000 +0000" catchup-id="899265000"><title>We Love Music Videos</title><date></date><icon src="https://images.tv.kpn.com/epg/5J4fprcgENT9Andbb9BEhGFTqdik01u66Zs5ALKwthj9BU/1920x1080.jpg?blurred=false"></icon><desc>&quot;We Love Music Videos!&quot; Muziekvideo's die je sowieso 1 keer gezien moet hebben.</desc><category></category></programme><programme channel="190" start="20221123173000 +0000" stop="20221123190000 +0000" catchup-id="899265003"><title>Dinner Time</title><date></date><icon src="https://images.tv.kpn.com/epg/Q5UZ9BINd5u59AHa9CVZgoBHfN2Sca2AoZzuk9A3179CksyY/1920x1080.jpg?blurred=false"></icon><desc>Met het bord op schoot of gezellig aan tafel. Geniet van de lekkerste hits in Dinner Time.</desc><category></category></programme><programme channel="190" start="20221123190000 +0000" stop="20221123210000 +0000" catchup-id="899265006"><title>00s Heroes</title><date></date><icon src="https://images.tv.kpn.com/epg/iVqCwlgi9AoFUewzuHS9AOm82huKNTgf32mwg8lbNXJ9Bg/1920x1080.jpg?blurred=false"></icon><desc>Alles wat ooit op je mp3-speler stond. De ultieme mixtape van de zeroes.</desc><category></category></programme><programme channel="190" start="20221123210000 +0000" stop="20221123220000 +0000" catchup-id="899265009"><title>Rock On</title><date></date><icon src="https://images.tv.kpn.com/epg/XrcLqW9AxZViKR9AVwNTQw9A0odtMzvVZr6y9AwEzWGdAIo/1920x1080.jpg?blurred=false"></icon><desc>Ontdek de rockmuziek van nu. Een mix van rock &amp; alternative.</desc><category></category></programme><programme channel="190" start="20221123220000 +0000" stop="20221123230000 +0000" catchup-id="899265012"><title>Metal Madness</title><date></date><icon src="https://images.tv.kpn.com/epg/j4CbQyOISt4PD6QatronCe6JQZrlTN6BYnduPo1KqqM/1920x1080.jpg?blurred=false"></icon><desc>Hoe harder, hoe beter! Niets is te gek in Metal Madness op de woensdagavond.</desc><category></category></programme><programme channel="190" start="20221123230000 +0000" stop="20221124040000 +0000" catchup-id="899312157"><title>All Night</title><date></date><icon src="https://images.tv.kpn.com/epg/gi0NJ9BuAHSY9C5YNibgbTb9BNRYC9AQtqfLexKUMNC4rOg/1920x1080.jpg?blurred=false"></icon><desc>Geen zin om te slapen? Op XITE zie je All Night de grootste hits en beste classics.</desc><category></category></programme><programme channel="190" start="20221124040000 +0000" stop="20221124060000 +0000" catchup-id="899312160"><title>Early Birds</title><date></date><icon src="https://images.tv.kpn.com/epg/7yEjLMIiMD8DttHgC9CDQRZKSbT467qBzuASYbHj2thE/1920x1080.jpg?blurred=false"></icon><desc>Of je nu vroeg uit de veren bent of tot in de late uurtjes doorgaat; Early Birds helpt je door beide momenten heen.</desc><category></category></programme><programme channel="190" start="20221124060000 +0000" stop="20221124090000 +0000" catchup-id="899312163"><title>Morning Motivation</title><date></date><icon src="https://images.tv.kpn.com/epg/cglIevc9CAzB5RHxbIqTI9Czzr8Hct0vCOnQOwJO80a6U/1920x1080.jpg?blurred=false"></icon><desc>Moeite met opstaan? Geen probleem! Morning Motivation sleept je door die lastige ochtend heen.</desc><category></category></programme><programme channel="190" start="20221124090000 +0000" stop="20221124110000 +0000" catchup-id="899312166"><title>Hits Now</title><date></date><icon src="https://images.tv.kpn.com/epg/ABO079A9CwdNJ7PUkgUSw223sfyaPqt8JtLTLyHu9Ab0Jg/1920x1080.jpg?blurred=false"></icon><desc>Check de populairste muziekvideo's van dit moment in Hits Now.</desc><category></category></programme><programme channel="190" start="20221124110000 +0000" stop="20221124130000 +0000" catchup-id="899312169"><title>The Lunch Box</title><date></date><icon src="https://images.tv.kpn.com/epg/WUKWMLflTBtuctaqZhba7n0tOjNTMrSaMgCRI89BMHT8/1920x1080.jpg?blurred=false"></icon><desc>Neem een pauze met deze smakelijke mix van hits en classics.</desc><category></category></programme><programme channel="190" start="20221124130000 +0000" stop="20221124150000 +0000" catchup-id="899312172"><title>Hits Now</title><date></date><icon src="https://images.tv.kpn.com/epg/ABO079A9CwdNJ7PUkgUSw223sfyaPqt8JtLTLyHu9Ab0Jg/1920x1080.jpg?blurred=false"></icon><desc>Check de populairste muziekvideo's van dit moment in Hits Now.</desc><category></category></programme><programme channel="190" start="20221124150000 +0000" stop="20221124151500 +0000" catchup-id="899312175"><title>4 at 4: Rihanna</title><date></date><icon src="https://images.tv.kpn.com/epg/3VCCqBf65IGxpn35PcibpJeBvvvL76dkVPt46ch0jFo/1920x1080.jpg?blurred=false"></icon><desc>Elke dag om 16.00u zie je 4 videoclips met 1 thema!</desc><category></category></programme><programme channel="190" start="20221124151500 +0000" stop="20221124160000 +0000" catchup-id="899312178"><title>We Love Music Videos</title><date></date><icon src="https://images.tv.kpn.com/epg/5J4fprcgENT9Andbb9BEhGFTqdik01u66Zs5ALKwthj9BU/1920x1080.jpg?blurred=false"></icon><desc>&quot;We Love Music Videos!&quot; Muziekvideo's die je sowieso 1 keer gezien moet hebben.</desc><category></category></programme><programme channel="190" start="20221124160000 +0000" stop="20221124162000 +0000" catchup-id="899312181"><title>Trending 5</title><date></date><icon src="https://images.tv.kpn.com/epg/2B0rcNHIEwY6wpMNBg218ERGQziXIVU9AC8F9CjgI2PHg/1920x1080.jpg?blurred=false"></icon><desc>Elke doordeweekse dag zie je hier de 5 meest trending video's van het moment.</desc><category></category></programme><programme channel="190" start="20221124162000 +0000" stop="20221124173000 +0000" catchup-id="899312184"><title>We Love Music Videos</title><date></date><icon src="https://images.tv.kpn.com/epg/5J4fprcgENT9Andbb9BEhGFTqdik01u66Zs5ALKwthj9BU/1920x1080.jpg?blurred=false"></icon><desc>&quot;We Love Music Videos!&quot; Muziekvideo's die je sowieso 1 keer gezien moet hebben.</desc><category></category></programme><programme channel="190" start="20221124173000 +0000" stop="20221124190000 +0000" catchup-id="899312187"><title>Dinner Time</title><date></date><icon src="https://images.tv.kpn.com/epg/Q5UZ9BINd5u59AHa9CVZgoBHfN2Sca2AoZzuk9A3179CksyY/1920x1080.jpg?blurred=false"></icon><desc>Met het bord op schoot of gezellig aan tafel. Geniet van de lekkerste hits in Dinner Time.</desc><category></category></programme><programme channel="190" start="20221124190000 +0000" stop="20221124193000 +0000" catchup-id="899312190"><title>Release Recap</title><date></date><icon src="https://images.tv.kpn.com/epg/B0QXi8yrDz9Bri4HY7OV3Mb7zDsM9Bb39AykkL9BowMHWOE/1920x1080.jpg?blurred=false"></icon><desc>De releases van vorige week gemist? No worries! In Release Recap zetten we ze allemaal weer voor je op een rijtje.</desc><category></category></programme><programme channel="190" start="20221124193000 +0000" stop="20221124220000 +0000" catchup-id="899312193"><title>Throwback Thursday</title><date></date><icon src="https://images.tv.kpn.com/epg/NQej9CVoOPqSEZjBGSiOJN3h9ACb5Ew9CXqaUI136fD0dI/1920x1080.jpg?blurred=false"></icon><desc>Waan jezelf een ware tijdreiziger met deze mix van classics uit verschillende decennia.</desc><category></category></programme><programme channel="190" start="20221124220000 +0000" stop="20221124230000 +0000" catchup-id="899312196"><title>Het jaar is..</title><date></date><icon src="https://images.tv.kpn.com/epg/rMxmRbyuTK9A1y8kCFul9A9BgFjSEDk3W6acFJGLJE3CHc/1920x1080.jpg?blurred=false"></icon><desc>Laat XITE je meenemen op een reis terug in de tijd. In 'Het jaar is..' staat elke week een ander jaar centraal en zie je de beste muziekvideo’s van dat jaar!</desc><category></category></programme><programme channel="190" start="20221124230000 +0000" stop="20221125040000 +0000" catchup-id="899362068"><title>All Night</title><date></date><icon src="https://images.tv.kpn.com/epg/gi0NJ9BuAHSY9C5YNibgbTb9BNRYC9AQtqfLexKUMNC4rOg/1920x1080.jpg?blurred=false"></icon><desc>Geen zin om te slapen? Op XITE zie je All Night de grootste hits en beste classics.</desc><category></category></programme><programme channel="190" start="20221125040000 +0000" stop="20221125060000 +0000" catchup-id="899362071"><title>Early Birds</title><date></date><icon src="https://images.tv.kpn.com/epg/7yEjLMIiMD8DttHgC9CDQRZKSbT467qBzuASYbHj2thE/1920x1080.jpg?blurred=false"></icon><desc>Of je nu vroeg uit de veren bent of tot in de late uurtjes doorgaat; Early Birds helpt je door beide momenten heen.</desc><category></category></programme><programme channel="190" start="20221125060000 +0000" stop="20221125090000 +0000" catchup-id="899362074"><title>Morning Motivation</title><date></date><icon src="https://images.tv.kpn.com/epg/cglIevc9CAzB5RHxbIqTI9Czzr8Hct0vCOnQOwJO80a6U/1920x1080.jpg?blurred=false"></icon><desc>Moeite met opstaan? Geen probleem! Morning Motivation sleept je door die lastige ochtend heen.</desc><category></category></programme><programme channel="190" start="20221125090000 +0000" stop="20221125110000 +0000" catchup-id="899362077"><title>Hits Now</title><date></date><icon src="https://images.tv.kpn.com/epg/ABO079A9CwdNJ7PUkgUSw223sfyaPqt8JtLTLyHu9Ab0Jg/1920x1080.jpg?blurred=false"></icon><desc>Check de populairste muziekvideo's van dit moment in Hits Now.</desc><category></category></programme><programme channel="190" start="20221125110000 +0000" stop="20221125130000 +0000" catchup-id="899362080"><title>The Lunch Box</title><date></date><icon src="https://images.tv.kpn.com/epg/WUKWMLflTBtuctaqZhba7n0tOjNTMrSaMgCRI89BMHT8/1920x1080.jpg?blurred=false"></icon><desc>Neem een pauze met deze smakelijke mix van hits en classics.</desc><category></category></programme><programme channel="190" start="20221125130000 +0000" stop="20221125150000 +0000" catchup-id="899362083"><title>Hits Now</title><date></date><icon src="https://images.tv.kpn.com/epg/ABO079A9CwdNJ7PUkgUSw223sfyaPqt8JtLTLyHu9Ab0Jg/1920x1080.jpg?blurred=false"></icon><desc>Check de populairste muziekvideo's van dit moment in Hits Now.</desc><category></category></programme><programme channel="190" start="20221125150000 +0000" stop="20221125151500 +0000" catchup-id="899362086"><title>4 at 4: Coldplay</title><date></date><icon src="https://images.tv.kpn.com/epg/3VCCqBf65IGxpn35PcibpJeBvvvL76dkVPt46ch0jFo/1920x1080.jpg?blurred=false"></icon><desc>Elke dag om 16.00u zie je 4 videoclips met 1 thema!</desc><category></category></programme><programme channel="190" start="20221125151500 +0000" stop="20221125160000 +0000" catchup-id="899362089"><title>We Love Music Videos</title><date></date><icon src="https://images.tv.kpn.com/epg/5J4fprcgENT9Andbb9BEhGFTqdik01u66Zs5ALKwthj9BU/1920x1080.jpg?blurred=false"></icon><desc>&quot;We Love Music Videos!&quot; Muziekvideo's die je sowieso 1 keer gezien moet hebben.</desc><category></category></programme><programme channel="190" start="20221125160000 +0000" stop="20221125162000 +0000" catchup-id="899362092"><title>Trending 5</title><date></date><icon src="https://images.tv.kpn.com/epg/2B0rcNHIEwY6wpMNBg218ERGQziXIVU9AC8F9CjgI2PHg/1920x1080.jpg?blurred=false"></icon><desc>Elke doordeweekse dag zie je hier de 5 meest trending video's van het moment.</desc><category></category></programme><programme channel="190" start="20221125162000 +0000" stop="20221125173000 +0000" catchup-id="899362095"><title>We Love Music Videos</title><date></date><icon src="https://images.tv.kpn.com/epg/5J4fprcgENT9Andbb9BEhGFTqdik01u66Zs5ALKwthj9BU/1920x1080.jpg?blurred=false"></icon><desc>&quot;We Love Music Videos!&quot; Muziekvideo's die je sowieso 1 keer gezien moet hebben.</desc><category></category></programme><programme channel="190" start="20221125173000 +0000" stop="20221125190000 +0000" catchup-id="899362098"><title>XITE Top 20</title><date></date><icon src="https://images.tv.kpn.com/epg/9BrN0yPBEIiJ9Ch5bIzGPeTOJgEXPj8S9Cp4ihlH8HeXvA/1920x1080.jpg?blurred=false"></icon><desc>In de XITE Top 20 check je de allerbeste muziekvideo's van dit moment.</desc><category></category></programme><programme channel="190" start="20221125190000 +0000" stop="20221125193000 +0000" catchup-id="899362101"><title>Fresh Friday</title><date></date><icon src="https://images.tv.kpn.com/epg/rD69AeNLcBVjcsS61yDjEDDj3qJ8F5qCHYAZxbOaDAc8/1920x1080.jpg?blurred=false"></icon><desc>Vers van de pers: iedere vrijdag de allernieuwste muziekvideos van dit moment.</desc><category></category></programme><programme channel="190" start="20221125193000 +0000" stop="20221125203000 +0000" catchup-id="899362104"><title>Siempre Latino</title><date></date><icon src="https://images.tv.kpn.com/epg/AU9BHiTHVzx8jXvSXAezR8eduMql14pzvi9BgSINUqxj4/1920x1080.jpg?blurred=false"></icon><desc>Geniet van de populairste latin en reggaeton muziekvideo's met o.a. Daddy Yankee, Maluma &amp; Karol G.</desc><category></category></programme><programme channel="190" start="20221125203000 +0000" stop="20221125220000 +0000" catchup-id="899362107"><title>Pre-Party</title><date></date><icon src="https://images.tv.kpn.com/epg/7Kg9ClJGMjIJreTYlqDtdnhQuSvOkG7dLWoeXsDZwvSg/1920x1080.jpg?blurred=false"></icon><desc>Kom in de juiste mood voor het weekend of bereid je voor op jouw stapavond met de XITE pre-party.</desc><category></category></programme><programme channel="190" start="20221125220000 +0000" stop="20221125230000 +0000" catchup-id="899362110"><title>All Out Dance</title><date></date><icon src="https://images.tv.kpn.com/epg/9CSaSVQVDXEgRiRz4U9BpMofPBFXlYOqaPqaJa9CrR9AYS4/1920x1080.jpg?blurred=false"></icon><desc>Maak van je huiskamer een club met deze selectie van de nieuwste dance hits.</desc><category></category></programme><programme channel="190" start="20221125230000 +0000" stop="20221126000000 +0000" catchup-id="899404848"><title>Party Time</title><date></date><icon src="https://images.tv.kpn.com/epg/GGKl5oPisC7UxgHynjXthIy39CJRRse3anrgha1F1Fl8/1920x1080.jpg?blurred=false"></icon><desc>Met Party Time op XITE kom jij in de stemming voor ieder feestje!</desc><category></category></programme><programme channel="190" start="20221126000000 +0000" stop="20221126040000 +0000" catchup-id="899404851"><title>All Night</title><date></date><icon src="https://images.tv.kpn.com/epg/gi0NJ9BuAHSY9C5YNibgbTb9BNRYC9AQtqfLexKUMNC4rOg/1920x1080.jpg?blurred=false"></icon><desc>Geen zin om te slapen? Op XITE zie je All Night de grootste hits en beste classics.</desc><category></category></programme><programme channel="190" start="20221126040000 +0000" stop="20221126060000 +0000" catchup-id="899404854"><title>Early Birds</title><date></date><icon src="https://images.tv.kpn.com/epg/7yEjLMIiMD8DttHgC9CDQRZKSbT467qBzuASYbHj2thE/1920x1080.jpg?blurred=false"></icon><desc>Of je nu vroeg uit de veren bent of tot in de late uurtjes doorgaat; Early Birds helpt je door beide momenten heen.</desc><category></category></programme><programme channel="190" start="20221126060000 +0000" stop="20221126090000 +0000" catchup-id="899404857"><title>Weekend Hits</title><date></date><icon src="https://images.tv.kpn.com/epg/UoV9COHgU5PFuQ2fRLUmfyU5LwKbuuY0rIBGHoIHcRF0/1920x1080.jpg?blurred=false"></icon><desc>Weekend Hits! XITE serveert niet alleen de nieuwste hits, maar ook de beste videoclips van de afgelopen jaren.</desc><category></category></programme><programme channel="190" start="20221126090000 +0000" stop="20221126110000 +0000" catchup-id="899404860"><title>Lazy Saturday</title><date></date><icon src="https://images.tv.kpn.com/epg/NUbpVCruOdtQVOMzOiOZ1GuvGTH2psYD9CyebS3uFMcM/1920x1080.jpg?blurred=false"></icon><desc>Voor als je het liever rustig aan doet op de zaterdagochtend.</desc><category></category></programme><programme channel="190" start="20221126110000 +0000" stop="20221126130000 +0000" catchup-id="899404863"><title>Hits Now</title><date></date><icon src="https://images.tv.kpn.com/epg/ABO079A9CwdNJ7PUkgUSw223sfyaPqt8JtLTLyHu9Ab0Jg/1920x1080.jpg?blurred=false"></icon><desc>Check de populairste muziekvideo's van dit moment in Hits Now.</desc><category></category></programme><programme channel="190" start="20221126130000 +0000" stop="20221126150000 +0000" catchup-id="899404866"><title>Autumn Vibes</title><date></date><icon src="https://images.tv.kpn.com/epg/7zTJuqNiuf0UxArQblXYkwTOCh9CC3G5BLPaGAvmzOyI/1920x1080.jpg?blurred=false"></icon><desc>Het is alweer herfst! XITE houdt je dit seizoen graag warm met de meest toffe en sfeervolle clips in ‘Autumn Vibes’.</desc><category></category></programme><programme channel="190" start="20221126150000 +0000" stop="20221126163000 +0000" catchup-id="899404869"><title>00s Icons Top 20</title><date></date><icon src="https://images.tv.kpn.com/epg/9Be9CCbV30pgZKnNIp7JqiLlr5fdF0zm55l71IV5sQ8ZQ/1920x1080.jpg?blurred=false"></icon><desc>Elke zaterdagmiddag kun jij om 4 uur bij XITE terecht voor een speciale chartshow. Verwacht 20 videoclips, die elke week in een ander thema zijn! Met deze week: 00s Icons Top 20!</desc><category></category></programme><programme channel="190" start="20221126163000 +0000" stop="20221126173000 +0000" catchup-id="899404872"><title>Nederpop</title><date></date><icon src="https://images.tv.kpn.com/epg/S14L3DBlyB816C7xbSSa7WdGqLK5pVE6F533Sb59BzC4/1920x1080.jpg?blurred=false"></icon><desc>Het beste van eigen bodem door de jaren heen. Van Acda &amp; De Munnik tot Suzan &amp; Freek.</desc><category></category></programme><programme channel="190" start="20221126173000 +0000" stop="20221126190000 +0000" catchup-id="899404875"><title>Dinner Time</title><date></date><icon src="https://images.tv.kpn.com/epg/Q5UZ9BINd5u59AHa9CVZgoBHfN2Sca2AoZzuk9A3179CksyY/1920x1080.jpg?blurred=false"></icon><desc>Met het bord op schoot of gezellig aan tafel. Geniet van de lekkerste hits in Dinner Time.</desc><category></category></programme><programme channel="190" start="20221126190000 +0000" stop="20221126200000 +0000" catchup-id="899404878"><title>Sing-Along Saturday</title><date></date><icon src="https://images.tv.kpn.com/epg/Hvt0X6tVksqzHGdzwTyDmEGXeHVmKbWkuKmLCANTQc8/1920x1080.jpg?blurred=false"></icon><desc>Zing de longen uit je lijf met de heerlijkste meezingers tijdens de Sing-Along Saturday!</desc><category></category></programme><programme channel="190" start="20221126200000 +0000" stop="20221126210000 +0000" catchup-id="899404881"><title>Huisfeestje</title><date></date><icon src="https://images.tv.kpn.com/epg/9Ct32wOWnzSBw69BK9CoZOtr9CBKAgeLOcIPBATrRWBw4SY/1920x1080.jpg?blurred=false"></icon><desc>Maak XITE de DJ van je huisfeestje met deze mix van energieke &amp; uplifting muziek.</desc><category></category></programme><programme channel="190" start="20221126210000 +0000" stop="20221126230000 +0000" catchup-id="899404884"><title>Party Time</title><date></date><icon src="https://images.tv.kpn.com/epg/GGKl5oPisC7UxgHynjXthIy39CJRRse3anrgha1F1Fl8/1920x1080.jpg?blurred=false"></icon><desc>Met Party Time op XITE kom jij in de stemming voor ieder feestje!</desc><category></category></programme><programme channel="190" start="20221126230000 +0000" stop="20221127000000 +0000" catchup-id="899447391"><title>Down &amp; Dirrty</title><date></date><icon src="https://images.tv.kpn.com/epg/sL7YJkWc1jw7uWo7V7ZuZGEzDa74QdBihLvSOOzXCl8/1920x1080.jpg?blurred=false"></icon><desc>Waarschuwing, dit programma heeft geen filter! Twerk onbeschaamd de nacht door op de video's van o.a. Cardi B &amp; Sean Paul.</desc><category></category></programme><programme channel="190" start="20221127000000 +0000" stop="20221127040000 +0000" catchup-id="899447397"><title>All Night</title><date></date><icon src="https://images.tv.kpn.com/epg/gi0NJ9BuAHSY9C5YNibgbTb9BNRYC9AQtqfLexKUMNC4rOg/1920x1080.jpg?blurred=false"></icon><desc>Geen zin om te slapen? Op XITE zie je All Night de grootste hits en beste classics.</desc><category></category></programme><programme channel="190" start="20221127040000 +0000" stop="20221127060000 +0000" catchup-id="899447406"><title>Early Birds</title><date></date><icon src="https://images.tv.kpn.com/epg/7yEjLMIiMD8DttHgC9CDQRZKSbT467qBzuASYbHj2thE/1920x1080.jpg?blurred=false"></icon><desc>Of je nu vroeg uit de veren bent of tot in de late uurtjes doorgaat; Early Birds helpt je door beide momenten heen.</desc><category></category></programme><programme channel="190" start="20221127060000 +0000" stop="20221127090000 +0000" catchup-id="899447412"><title>Weekend Hits</title><date></date><icon src="https://images.tv.kpn.com/epg/UoV9COHgU5PFuQ2fRLUmfyU5LwKbuuY0rIBGHoIHcRF0/1920x1080.jpg?blurred=false"></icon><desc>Weekend Hits! XITE serveert niet alleen de nieuwste hits, maar ook de beste videoclips van de afgelopen jaren.</desc><category></category></programme><programme channel="190" start="20221127090000 +0000" stop="20221127120000 +0000" catchup-id="899447418"><title>Sunday Chill</title><date></date><icon src="https://images.tv.kpn.com/epg/5PCzaUN9CiELs13yhN7uocZlUKqoO4PyXhgNcNfWGkhQ/1920x1080.jpg?blurred=false"></icon><desc>Pak je moment en kom tot rust met deze chille muziekvideo's.</desc><category></category></programme><programme channel="190" start="20221127120000 +0000" stop="20221127130000 +0000" catchup-id="899447424"><title>Local Heroes</title><date></date><icon src="https://images.tv.kpn.com/epg/ql9AdgXT6SSv404x3XANPuQEMn9BzJ2ikqLgbPfjNYK4A/1920x1080.jpg?blurred=false"></icon><desc>Support your local! Maak kennis met de beste muziek van eigen bodem.</desc><category></category></programme><programme channel="190" start="20221127130000 +0000" stop="20221127143000 +0000" catchup-id="899447433"><title>XITE Top 20</title><date></date><icon src="https://images.tv.kpn.com/epg/9BrN0yPBEIiJ9Ch5bIzGPeTOJgEXPj8S9Cp4ihlH8HeXvA/1920x1080.jpg?blurred=false"></icon><desc>In de XITE Top 20 check je de allerbeste muziekvideo's van dit moment.</desc><category></category></programme><programme channel="190" start="20221127143000 +0000" stop="20221127163000 +0000" catchup-id="899447439"><title>We Love Music Videos</title><date></date><icon src="https://images.tv.kpn.com/epg/5J4fprcgENT9Andbb9BEhGFTqdik01u66Zs5ALKwthj9BU/1920x1080.jpg?blurred=false"></icon><desc>&quot;We Love Music Videos!&quot; Muziekvideo's die je sowieso 1 keer gezien moet hebben.</desc><category></category></programme><programme channel="190" start="20221127163000 +0000" stop="20221127173000 +0000" catchup-id="899447445"><title>Country Today</title><date></date><icon src="https://images.tv.kpn.com/epg/ACfmakOfQyRF9CvSm4RlekztDvKKiESPhQIoxhGEQAc8/1920x1080.jpg?blurred=false"></icon><desc>Een selectie van populaire country-muziek van dit moment met o.a. Dan + Shay, Kane Brown &amp; Maren Morris.</desc><category></category></programme><programme channel="190" start="20221127173000 +0000" stop="20221127190000 +0000" catchup-id="899447451"><title>Dinner Time</title><date></date><icon src="https://images.tv.kpn.com/epg/Q5UZ9BINd5u59AHa9CVZgoBHfN2Sca2AoZzuk9A3179CksyY/1920x1080.jpg?blurred=false"></icon><desc>Met het bord op schoot of gezellig aan tafel. Geniet van de lekkerste hits in Dinner Time.</desc><category></category></programme><programme channel="190" start="20221127190000 +0000" stop="20221127200000 +0000" catchup-id="899447457"><title>R&amp;B Feels</title><date></date><icon src="https://images.tv.kpn.com/epg/Fp9AtnnTn6O7uJNiBDjyBFYV71zsSPhtaRUFWKP0meVk/1920x1080.jpg?blurred=false"></icon><desc>Van sensueel tot sentimenteel. Vibe out met r&amp;b video’s van dit moment.</desc><category></category></programme><programme channel="190" start="20221127200000 +0000" stop="20221127210000 +0000" catchup-id="899447460"><title>R&amp;B Classics</title><date></date><icon src="https://images.tv.kpn.com/epg/edrR5STMsSN9CBnOIBvPyU1weIi7GHIDPq0eIGfUsppA/1920x1080.jpg?blurred=false"></icon><desc>Throw it back! Deze mix van old school R&amp;B jams uit de 80s, 90s en 00s zitten vol met nostalgie.</desc><category></category></programme><programme channel="190" start="20221127210000 +0000" stop="20221127220000 +0000" catchup-id="899447466"><title>Laidback Acoustic</title><date></date><icon src="https://images.tv.kpn.com/epg/u9C6yLsKosnK4t9Cw4DHosTvvrjbavYryw2OCpwg7eMjw/1920x1080.jpg?blurred=false"></icon><desc>Rustgevende akoestische popmuziek, perfect voor op jouw zondagavond.</desc><category></category></programme><programme channel="190" start="20221127220000 +0000" stop="20221127230000 +0000" catchup-id="899447472"><title>Golden Oldies</title><date></date><icon src="https://images.tv.kpn.com/epg/n69A7lVb9CexN2QOERlrJj00qz4CCK3fHeev5fcWkWfSk/1920x1080.jpg?blurred=false"></icon><desc>De grondleggers van de moderne popmuziek uit de 60s en 70s met o.a. The Beatles, ABBA &amp; Jimi Hendrix.</desc><category></category></programme><programme channel="190" start="20221127230000 +0000" stop="20221128050000 +0000" catchup-id="899488617"><title>All Night</title><date></date><icon src="https://images.tv.kpn.com/epg/gi0NJ9BuAHSY9C5YNibgbTb9BNRYC9AQtqfLexKUMNC4rOg/1920x1080.jpg?blurred=false"></icon><desc>Geen zin om te slapen? Op XITE zie je All Night de grootste hits en beste classics.</desc><category></category></programme><programme channel="190" start="20221128050000 +0000" stop="20221128070000 +0000" catchup-id="899488620"><title>Early Birds</title><date></date><icon src="https://images.tv.kpn.com/epg/7yEjLMIiMD8DttHgC9CDQRZKSbT467qBzuASYbHj2thE/1920x1080.jpg?blurred=false"></icon><desc>Of je nu vroeg uit de veren bent of tot in de late uurtjes doorgaat; Early Birds helpt je door beide momenten heen.</desc><category></category></programme><programme channel="190" start="20221128070000 +0000" stop="20221128100000 +0000" catchup-id="899488623"><title>Morning Motivation</title><date></date><icon src="https://images.tv.kpn.com/epg/cglIevc9CAzB5RHxbIqTI9Czzr8Hct0vCOnQOwJO80a6U/1920x1080.jpg?blurred=false"></icon><desc>Moeite met opstaan? Geen probleem! Morning Motivation sleept je door die lastige ochtend heen.</desc><category></category></programme><programme channel="190" start="20221128100000 +0000" stop="20221128120000 +0000" catchup-id="899488626"><title>Hits Now</title><date></date><icon src="https://images.tv.kpn.com/epg/ABO079A9CwdNJ7PUkgUSw223sfyaPqt8JtLTLyHu9Ab0Jg/1920x1080.jpg?blurred=false"></icon><desc>Check de populairste muziekvideo's van dit moment in Hits Now.</desc><category></category></programme><programme channel="190" start="20221128120000 +0000" stop="20221128140000 +0000" catchup-id="899488629"><title>The Lunch Box</title><date></date><icon src="https://images.tv.kpn.com/epg/WUKWMLflTBtuctaqZhba7n0tOjNTMrSaMgCRI89BMHT8/1920x1080.jpg?blurred=false"></icon><desc>Neem een pauze met deze smakelijke mix van hits en classics.</desc><category></category></programme><programme channel="190" start="20221128140000 +0000" stop="20221128160000 +0000" catchup-id="899488632"><title>Hits Now</title><date></date><icon src="https://images.tv.kpn.com/epg/ABO079A9CwdNJ7PUkgUSw223sfyaPqt8JtLTLyHu9Ab0Jg/1920x1080.jpg?blurred=false"></icon><desc>Check de populairste muziekvideo's van dit moment in Hits Now.</desc><category></category></programme><programme channel="190" start="20221128160000 +0000" stop="20221128161500 +0000" catchup-id="899488635"><title>4 at 4: Avril Lavigne</title><date></date><icon src="https://images.tv.kpn.com/epg/3VCCqBf65IGxpn35PcibpJeBvvvL76dkVPt46ch0jFo/1920x1080.jpg?blurred=false"></icon><desc>Elke dag om 16.00u zie je 4 videoclips met 1 thema!</desc><category></category></programme><programme channel="190" start="20221128161500 +0000" stop="20221128170000 +0000" catchup-id="899488638"><title>We Love Music Videos</title><date></date><icon src="https://images.tv.kpn.com/epg/5J4fprcgENT9Andbb9BEhGFTqdik01u66Zs5ALKwthj9BU/1920x1080.jpg?blurred=false"></icon><desc>&quot;We Love Music Videos!&quot; Muziekvideo's die je sowieso 1 keer gezien moet hebben.</desc><category></category></programme><programme channel="190" start="20221128170000 +0000" stop="20221128172000 +0000" catchup-id="899488641"><title>Trending 5</title><date></date><icon src="https://images.tv.kpn.com/epg/2B0rcNHIEwY6wpMNBg218ERGQziXIVU9AC8F9CjgI2PHg/1920x1080.jpg?blurred=false"></icon><desc>Elke doordeweekse dag zie je hier de 5 meest trending video's van het moment.</desc><category></category></programme><programme channel="190" start="20221128172000 +0000" stop="20221128173000 +0000" catchup-id="899488644"><title>We Love Music Videos</title><date></date><icon src="https://images.tv.kpn.com/epg/5J4fprcgENT9Andbb9BEhGFTqdik01u66Zs5ALKwthj9BU/1920x1080.jpg?blurred=false"></icon><desc>&quot;We Love Music Videos!&quot; Muziekvideo's die je sowieso 1 keer gezien moet hebben.</desc><category></category></programme><programme channel="190" start="20221128173000 +0000" stop="20221128183000 +0000" catchup-id="899488647"><title>Artists To Watch</title><date></date><icon src="https://images.tv.kpn.com/epg/GLiu4wtVJwQ3wvZhlRabgxJkKgDHNx2vjaprNYYSzGs/1920x1080.jpg?blurred=false"></icon><desc>Wil jij altijd up to date zijn van de nieuwste artiesten? Check dé rising stars van het moment in ‘Artists to Watch’.</desc><category></category></programme><programme channel="190" start="20221128183000 +0000" stop="20221128200000 +0000" catchup-id="899488650"><title>Dinner Time</title><date></date><icon src="https://images.tv.kpn.com/epg/Q5UZ9BINd5u59AHa9CVZgoBHfN2Sca2AoZzuk9A3179CksyY/1920x1080.jpg?blurred=false"></icon><desc>Met het bord op schoot of gezellig aan tafel. Geniet van de lekkerste hits in Dinner Time.</desc><category></category></programme><programme channel="190" start="20221128200000 +0000" stop="20221128220000 +0000" catchup-id="899488653"><title>80s Flashback</title><date></date><icon src="https://images.tv.kpn.com/epg/kMrVY0zlMH7A7jrlEsOx9Ag9B1UAYxFYQEfgZYsmJMw9AI/1920x1080.jpg?blurred=false"></icon><desc>Ga terug naar de tijd van synthesizers, neonkleuren en heel veel haarlak.</desc><category></category></programme><programme channel="190" start="20221128220000 +0000" stop="20221128230000 +0000" catchup-id="899488656"><title>Indie Wave</title><date></date><icon src="https://images.tv.kpn.com/epg/bbI4E9Adz7OuvXtFkt7Dc1HXKP8GPNnHCXHJaayLkmOQ/1920x1080.jpg?blurred=false"></icon><desc>De grootste indie-classics gemixt met de beste en nieuwste ontdekkingen.</desc><category></category></programme><programme channel="190" start="20221128230000 +0000" stop="20221129050000 +0000" catchup-id="899531361"><title>All Night</title><date></date><icon src="https://images.tv.kpn.com/epg/gi0NJ9BuAHSY9C5YNibgbTb9BNRYC9AQtqfLexKUMNC4rOg/1920x1080.jpg?blurred=false"></icon><desc>Geen zin om te slapen? Op XITE zie je All Night de grootste hits en beste classics.</desc><category></category></programme><programme channel="190" start="20221129050000 +0000" stop="20221129070000 +0000" catchup-id="899531364"><title>Early Birds</title><date></date><icon src="https://images.tv.kpn.com/epg/7yEjLMIiMD8DttHgC9CDQRZKSbT467qBzuASYbHj2thE/1920x1080.jpg?blurred=false"></icon><desc>Of je nu vroeg uit de veren bent of tot in de late uurtjes doorgaat; Early Birds helpt je door beide momenten heen.</desc><category></category></programme><programme channel="190" start="20221129070000 +0000" stop="20221129100000 +0000" catchup-id="899531367"><title>Morning Motivation</title><date></date><icon src="https://images.tv.kpn.com/epg/cglIevc9CAzB5RHxbIqTI9Czzr8Hct0vCOnQOwJO80a6U/1920x1080.jpg?blurred=false"></icon><desc>Moeite met opstaan? Geen probleem! Morning Motivation sleept je door die lastige ochtend heen.</desc><category></category></programme><programme channel="190" start="20221129100000 +0000" stop="20221129120000 +0000" catchup-id="899531370"><title>Hits Now</title><date></date><icon src="https://images.tv.kpn.com/epg/ABO079A9CwdNJ7PUkgUSw223sfyaPqt8JtLTLyHu9Ab0Jg/1920x1080.jpg?blurred=false"></icon><desc>Check de populairste muziekvideo's van dit moment in Hits Now.</desc><category></category></programme><programme channel="190" start="20221129120000 +0000" stop="20221129140000 +0000" catchup-id="899531373"><title>The Lunch Box</title><date></date><icon src="https://images.tv.kpn.com/epg/WUKWMLflTBtuctaqZhba7n0tOjNTMrSaMgCRI89BMHT8/1920x1080.jpg?blurred=false"></icon><desc>Neem een pauze met deze smakelijke mix van hits en classics.</desc><category></category></programme><programme channel="190" start="20221129140000 +0000" stop="20221129160000 +0000" catchup-id="899531376"><title>Hits Now</title><date></date><icon src="https://images.tv.kpn.com/epg/ABO079A9CwdNJ7PUkgUSw223sfyaPqt8JtLTLyHu9Ab0Jg/1920x1080.jpg?blurred=false"></icon><desc>Check de populairste muziekvideo's van dit moment in Hits Now.</desc><category></category></programme><programme channel="190" start="20221129160000 +0000" stop="20221129161500 +0000" catchup-id="899531379"><title>4 at 4: Adele</title><date></date><icon src="https://images.tv.kpn.com/epg/3VCCqBf65IGxpn35PcibpJeBvvvL76dkVPt46ch0jFo/1920x1080.jpg?blurred=false"></icon><desc>Elke dag om 16.00u zie je 4 videoclips met 1 thema!</desc><category></category></programme><programme channel="190" start="20221129161500 +0000" stop="20221129170000 +0000" catchup-id="899531382"><title>We Love Music Videos</title><date></date><icon src="https://images.tv.kpn.com/epg/5J4fprcgENT9Andbb9BEhGFTqdik01u66Zs5ALKwthj9BU/1920x1080.jpg?blurred=false"></icon><desc>&quot;We Love Music Videos!&quot; Muziekvideo's die je sowieso 1 keer gezien moet hebben.</desc><category></category></programme><programme channel="190" start="20221129170000 +0000" stop="20221129172000 +0000" catchup-id="899531385"><title>Trending 5</title><date></date><icon src="https://images.tv.kpn.com/epg/2B0rcNHIEwY6wpMNBg218ERGQziXIVU9AC8F9CjgI2PHg/1920x1080.jpg?blurred=false"></icon><desc>Elke doordeweekse dag zie je hier de 5 meest trending video's van het moment.</desc><category></category></programme><programme channel="190" start="20221129172000 +0000" stop="20221129183000 +0000" catchup-id="899531388"><title>We Love Music Videos</title><date></date><icon src="https://images.tv.kpn.com/epg/5J4fprcgENT9Andbb9BEhGFTqdik01u66Zs5ALKwthj9BU/1920x1080.jpg?blurred=false"></icon><desc>&quot;We Love Music Videos!&quot; Muziekvideo's die je sowieso 1 keer gezien moet hebben.</desc><category></category></programme><programme channel="190" start="20221129183000 +0000" stop="20221129200000 +0000" catchup-id="899531391"><title>Dinner Time</title><date></date><icon src="https://images.tv.kpn.com/epg/Q5UZ9BINd5u59AHa9CVZgoBHfN2Sca2AoZzuk9A3179CksyY/1920x1080.jpg?blurred=false"></icon><desc>Met het bord op schoot of gezellig aan tafel. Geniet van de lekkerste hits in Dinner Time.</desc><category></category></programme><programme channel="190" start="20221129200000 +0000" stop="20221129220000 +0000" catchup-id="899531394"><title>Back 2 The 90s</title><date></date><icon src="https://images.tv.kpn.com/epg/YvTWCKCOGT8BfQntuciE8pYBKYG2teqNIRVxn1L0XvY/1920x1080.jpg?blurred=false"></icon><desc>Van plateauzolen tot tuinbroeken en van de Spice Girls tot Nirvana.</desc><category></category></programme><programme channel="190" start="20221129220000 +0000" stop="20221129230000 +0000" catchup-id="899531397"><title>Rap NL</title><date></date><icon src="https://images.tv.kpn.com/epg/3Py5zs24HqedMRWVj4sXdsgHiEeKn7oXpQvz9ADmfgBU/1920x1080.jpg?blurred=false"></icon><desc>De beste hiphop van eigen bodem.</desc><category></category></programme><programme channel="190" start="20221129230000 +0000" stop="20221130050000 +0000" catchup-id="899577792"><title>All Night</title><date></date><icon src="https://images.tv.kpn.com/epg/gi0NJ9BuAHSY9C5YNibgbTb9BNRYC9AQtqfLexKUMNC4rOg/1920x1080.jpg?blurred=false"></icon><desc>Geen zin om te slapen? Op XITE zie je All Night de grootste hits en beste classics.</desc><category></category></programme><programme channel="190" start="20221130050000 +0000" stop="20221130070000 +0000" catchup-id="899577795"><title>Early Birds</title><date></date><icon src="https://images.tv.kpn.com/epg/7yEjLMIiMD8DttHgC9CDQRZKSbT467qBzuASYbHj2thE/1920x1080.jpg?blurred=false"></icon><desc>Of je nu vroeg uit de veren bent of tot in de late uurtjes doorgaat; Early Birds helpt je door beide momenten heen.</desc><category></category></programme><programme channel="190" start="20221130070000 +0000" stop="20221130100000 +0000" catchup-id="899577798"><title>Morning Motivation</title><date></date><icon src="https://images.tv.kpn.com/epg/cglIevc9CAzB5RHxbIqTI9Czzr8Hct0vCOnQOwJO80a6U/1920x1080.jpg?blurred=false"></icon><desc>Moeite met opstaan? Geen probleem! Morning Motivation sleept je door die lastige ochtend heen.</desc><category></category></programme><programme channel="190" start="20221130100000 +0000" stop="20221130120000 +0000" catchup-id="899577801"><title>Hits Now</title><date></date><icon src="https://images.tv.kpn.com/epg/ABO079A9CwdNJ7PUkgUSw223sfyaPqt8JtLTLyHu9Ab0Jg/1920x1080.jpg?blurred=false"></icon><desc>Check de populairste muziekvideo's van dit moment in Hits Now.</desc><category></category></programme><programme channel="190" start="20221130120000 +0000" stop="20221130140000 +0000" catchup-id="899577804"><title>The Lunch Box</title><date></date><icon src="https://images.tv.kpn.com/epg/WUKWMLflTBtuctaqZhba7n0tOjNTMrSaMgCRI89BMHT8/1920x1080.jpg?blurred=false"></icon><desc>Neem een pauze met deze smakelijke mix van hits en classics.</desc><category></category></programme><programme channel="190" start="20221130140000 +0000" stop="20221130160000 +0000" catchup-id="899577807"><title>Hits Now</title><date></date><icon src="https://images.tv.kpn.com/epg/ABO079A9CwdNJ7PUkgUSw223sfyaPqt8JtLTLyHu9Ab0Jg/1920x1080.jpg?blurred=false"></icon><desc>Check de populairste muziekvideo's van dit moment in Hits Now.</desc><category></category></programme><programme channel="190" start="20221130160000 +0000" stop="20221130172000 +0000" catchup-id="899577810"><title>4 at 4: RONDÉ</title><date></date><icon src="https://images.tv.kpn.com/epg/3VCCqBf65IGxpn35PcibpJeBvvvL76dkVPt46ch0jFo/1920x1080.jpg?blurred=false"></icon><desc>Elke dag om 16.00u zie je 4 videoclips met 1 thema!</desc><category></category></programme><programme channel="190" start="20221130172000 +0000" stop="20221130183000 +0000" catchup-id="899577813"><title>We Love Music Videos</title><date></date><icon src="https://images.tv.kpn.com/epg/5J4fprcgENT9Andbb9BEhGFTqdik01u66Zs5ALKwthj9BU/1920x1080.jpg?blurred=false"></icon><desc>&quot;We Love Music Videos!&quot; Muziekvideo's die je sowieso 1 keer gezien moet hebben.</desc><category></category></programme><programme channel="190" start="20221130183000 +0000" stop="20221130200000 +0000" catchup-id="899577816"><title>Dinner Time</title><date></date><icon src="https://images.tv.kpn.com/epg/Q5UZ9BINd5u59AHa9CVZgoBHfN2Sca2AoZzuk9A3179CksyY/1920x1080.jpg?blurred=false"></icon><desc>Met het bord op schoot of gezellig aan tafel. Geniet van de lekkerste hits in Dinner Time.</desc><category></category></programme><programme channel="190" start="20221130200000 +0000" stop="20221130220000 +0000" catchup-id="899577819"><title>00s Heroes</title><date></date><icon src="https://images.tv.kpn.com/epg/iVqCwlgi9AoFUewzuHS9AOm82huKNTgf32mwg8lbNXJ9Bg/1920x1080.jpg?blurred=false"></icon><desc>Alles wat ooit op je mp3-speler stond. De ultieme mixtape van de zeroes.</desc><category></category></programme><programme channel="190" start="20221130220000 +0000" stop="20221130230000 +0000" catchup-id="899577822"><title>Rock On</title><date></date><icon src="https://images.tv.kpn.com/epg/XrcLqW9AxZViKR9AVwNTQw9A0odtMzvVZr6y9AwEzWGdAIo/1920x1080.jpg?blurred=false"></icon><desc>Ontdek de rockmuziek van nu. Een mix van rock &amp; alternative.</desc><category></category></programme><programme channel="190" start="20221130230000 +0000" stop="20221201000000 +0000" catchup-id="899622582"><title>Metal Madness</title><date></date><icon src="https://images.tv.kpn.com/epg/j4CbQyOISt4PD6QatronCe6JQZrlTN6BYnduPo1KqqM/1920x1080.jpg?blurred=false"></icon><desc>Hoe harder, hoe beter! Niets is te gek in Metal Madness op de woensdagavond.</desc><category></category></programme><programme channel="190" start="20221201000000 +0000" stop="20221201050000 +0000" catchup-id="899622585"><title>All Night</title><date></date><icon src="https://images.tv.kpn.com/epg/gi0NJ9BuAHSY9C5YNibgbTb9BNRYC9AQtqfLexKUMNC4rOg/1920x1080.jpg?blurred=false"></icon><desc>Geen zin om te slapen? Op XITE zie je All Night de grootste hits en beste classics.</desc><category></category></programme><programme channel="190" start="20221201050000 +0000" stop="20221201070000 +0000" catchup-id="899622588"><title>Early Birds</title><date></date><icon src="https://images.tv.kpn.com/epg/7yEjLMIiMD8DttHgC9CDQRZKSbT467qBzuASYbHj2thE/1920x1080.jpg?blurred=false"></icon><desc>Of je nu vroeg uit de veren bent of tot in de late uurtjes doorgaat; Early Birds helpt je door beide momenten heen.</desc><category></category></programme><programme channel="190" start="20221201070000 +0000" stop="20221201100000 +0000" catchup-id="899622591"><title>Morning Motivation</title><date></date><icon src="https://images.tv.kpn.com/epg/cglIevc9CAzB5RHxbIqTI9Czzr8Hct0vCOnQOwJO80a6U/1920x1080.jpg?blurred=false"></icon><desc>Moeite met opstaan? Geen probleem! Morning Motivation sleept je door die lastige ochtend heen.</desc><category></category></programme><programme channel="190" start="20221201100000 +0000" stop="20221201120000 +0000" catchup-id="899622594"><title>Hits Now</title><date></date><icon src="https://images.tv.kpn.com/epg/ABO079A9CwdNJ7PUkgUSw223sfyaPqt8JtLTLyHu9Ab0Jg/1920x1080.jpg?blurred=false"></icon><desc>Check de populairste muziekvideo's van dit moment in Hits Now.</desc><category></category></programme><programme channel="190" start="20221201120000 +0000" stop="20221201140000 +0000" catchup-id="899622597"><title>The Lunch Box</title><date></date><icon src="https://images.tv.kpn.com/epg/WUKWMLflTBtuctaqZhba7n0tOjNTMrSaMgCRI89BMHT8/1920x1080.jpg?blurred=false"></icon><desc>Neem een pauze met deze smakelijke mix van hits en classics.</desc><category></category></programme><programme channel="190" start="20221201140000 +0000" stop="20221201160000 +0000" catchup-id="899622600"><title>Hits Now</title><date></date><icon src="https://images.tv.kpn.com/epg/ABO079A9CwdNJ7PUkgUSw223sfyaPqt8JtLTLyHu9Ab0Jg/1920x1080.jpg?blurred=false"></icon><desc>Check de populairste muziekvideo's van dit moment in Hits Now.</desc><category></category></programme><programme channel="190" start="20221201160000 +0000" stop="20221201161500 +0000" catchup-id="899622603"><title>4 at 4: Meghan Trainor</title><date></date><icon src="https://images.tv.kpn.com/epg/3VCCqBf65IGxpn35PcibpJeBvvvL76dkVPt46ch0jFo/1920x1080.jpg?blurred=false"></icon><desc>Elke dag om 16.00u zie je 4 videoclips met 1 thema!</desc><category></category></programme><programme channel="190" start="20221201161500 +0000" stop="20221201170000 +0000" catchup-id="899622606"><title>We Love Music Videos</title><date></date><icon src="https://images.tv.kpn.com/epg/5J4fprcgENT9Andbb9BEhGFTqdik01u66Zs5ALKwthj9BU/1920x1080.jpg?blurred=false"></icon><desc>&quot;We Love Music Videos!&quot; Muziekvideo's die je sowieso 1 keer gezien moet hebben.</desc><category></category></programme><programme channel="190" start="20221201170000 +0000" stop="20221201172000 +0000" catchup-id="899622612"><title>Trending 5</title><date></date><icon src="https://images.tv.kpn.com/epg/2B0rcNHIEwY6wpMNBg218ERGQziXIVU9AC8F9CjgI2PHg/1920x1080.jpg?blurred=false"></icon><desc>Elke doordeweekse dag zie je hier de 5 meest trending video's van het moment.</desc><category></category></programme><programme channel="190" start="20221201172000 +0000" stop="20221201183000 +0000" catchup-id="899622615"><title>We Love Music Videos</title><date></date><icon src="https://images.tv.kpn.com/epg/5J4fprcgENT9Andbb9BEhGFTqdik01u66Zs5ALKwthj9BU/1920x1080.jpg?blurred=false"></icon><desc>&quot;We Love Music Videos!&quot; Muziekvideo's die je sowieso 1 keer gezien moet hebben.</desc><category></category></programme><programme channel="190" start="20221201183000 +0000" stop="20221201200000 +0000" catchup-id="899622618"><title>Dinner Time</title><date></date><icon src="https://images.tv.kpn.com/epg/Q5UZ9BINd5u59AHa9CVZgoBHfN2Sca2AoZzuk9A3179CksyY/1920x1080.jpg?blurred=false"></icon><desc>Met het bord op schoot of gezellig aan tafel. Geniet van de lekkerste hits in Dinner Time.</desc><category></category></programme><programme channel="190" start="20221201200000 +0000" stop="20221201203000 +0000" catchup-id="899622621"><title>Release Recap</title><date></date><icon src="https://images.tv.kpn.com/epg/B0QXi8yrDz9Bri4HY7OV3Mb7zDsM9Bb39AykkL9BowMHWOE/1920x1080.jpg?blurred=false"></icon><desc>De releases van vorige week gemist? No worries! In Release Recap zetten we ze allemaal weer voor je op een rijtje.</desc><category></category></programme><programme channel="190" start="20221201203000 +0000" stop="20221201230000 +0000" catchup-id="899622624"><title>Throwback Thursday</title><date></date><icon src="https://images.tv.kpn.com/epg/NQej9CVoOPqSEZjBGSiOJN3h9ACb5Ew9CXqaUI136fD0dI/1920x1080.jpg?blurred=false"></icon><desc>Waan jezelf een ware tijdreiziger met deze mix van classics uit verschillende decennia.</desc><category></category></programme><programme channel="190" start="20221201230000 +0000" stop="20221202000000 +0000" catchup-id="899669346"><title>Het jaar is..</title><date></date><icon src="https://images.tv.kpn.com/epg/rMxmRbyuTK9A1y8kCFul9A9BgFjSEDk3W6acFJGLJE3CHc/1920x1080.jpg?blurred=false"></icon><desc>Laat XITE je meenemen op een reis terug in de tijd. In 'Het jaar is..' staat elke week een ander jaar centraal en zie je de beste muziekvideo’s van dat jaar!</desc><category></category></programme><programme channel="190" start="20221202000000 +0000" stop="20221202050000 +0000" catchup-id="899669352"><title>All Night</title><date></date><icon src="https://images.tv.kpn.com/epg/gi0NJ9BuAHSY9C5YNibgbTb9BNRYC9AQtqfLexKUMNC4rOg/1920x1080.jpg?blurred=false"></icon><desc>Geen zin om te slapen? Op XITE zie je All Night de grootste hits en beste classics.</desc><category></category></programme><programme channel="190" start="20221202050000 +0000" stop="20221202070000 +0000" catchup-id="899669364"><title>Early Birds</title><date></date><icon src="https://images.tv.kpn.com/epg/7yEjLMIiMD8DttHgC9CDQRZKSbT467qBzuASYbHj2thE/1920x1080.jpg?blurred=false"></icon><desc>Of je nu vroeg uit de veren bent of tot in de late uurtjes doorgaat; Early Birds helpt je door beide momenten heen.</desc><category></category></programme><programme channel="190" start="20221202070000 +0000" stop="20221202100000 +0000" catchup-id="899669370"><title>Morning Motivation</title><date></date><icon src="https://images.tv.kpn.com/epg/cglIevc9CAzB5RHxbIqTI9Czzr8Hct0vCOnQOwJO80a6U/1920x1080.jpg?blurred=false"></icon><desc>Moeite met opstaan? Geen probleem! Morning Motivation sleept je door die lastige ochtend heen.</desc><category></category></programme><programme channel="190" start="20221202100000 +0000" stop="20221202120000 +0000" catchup-id="899669376"><title>Hits Now</title><date></date><icon src="https://images.tv.kpn.com/epg/ABO079A9CwdNJ7PUkgUSw223sfyaPqt8JtLTLyHu9Ab0Jg/1920x1080.jpg?blurred=false"></icon><desc>Check de populairste muziekvideo's van dit moment in Hits Now.</desc><category></category></programme><programme channel="190" start="20221202120000 +0000" stop="20221202140000 +0000" catchup-id="899669382"><title>The Lunch Box</title><date></date><icon src="https://images.tv.kpn.com/epg/WUKWMLflTBtuctaqZhba7n0tOjNTMrSaMgCRI89BMHT8/1920x1080.jpg?blurred=false"></icon><desc>Neem een pauze met deze smakelijke mix van hits en classics.</desc><category></category></programme><programme channel="190" start="20221202140000 +0000" stop="20221202160000 +0000" catchup-id="899669388"><title>Hits Now</title><date></date><icon src="https://images.tv.kpn.com/epg/ABO079A9CwdNJ7PUkgUSw223sfyaPqt8JtLTLyHu9Ab0Jg/1920x1080.jpg?blurred=false"></icon><desc>Check de populairste muziekvideo's van dit moment in Hits Now.</desc><category></category></programme><programme channel="190" start="20221202160000 +0000" stop="20221202161500 +0000" catchup-id="899669394"><title>4 at 4: Marshmello</title><date></date><icon src="https://images.tv.kpn.com/epg/3VCCqBf65IGxpn35PcibpJeBvvvL76dkVPt46ch0jFo/1920x1080.jpg?blurred=false"></icon><desc>Elke dag om 16.00u zie je 4 videoclips met 1 thema!</desc><category></category></programme><programme channel="190" start="20221202161500 +0000" stop="20221202170000 +0000" catchup-id="899669400"><title>We Love Music Videos</title><date></date><icon src="https://images.tv.kpn.com/epg/5J4fprcgENT9Andbb9BEhGFTqdik01u66Zs5ALKwthj9BU/1920x1080.jpg?blurred=false"></icon><desc>&quot;We Love Music Videos!&quot; Muziekvideo's die je sowieso 1 keer gezien moet hebben.</desc><category></category></programme><programme channel="190" start="20221202170000 +0000" stop="20221202172000 +0000" catchup-id="899669406"><title>Trending 5</title><date></date><icon src="https://images.tv.kpn.com/epg/2B0rcNHIEwY6wpMNBg218ERGQziXIVU9AC8F9CjgI2PHg/1920x1080.jpg?blurred=false"></icon><desc>Elke doordeweekse dag zie je hier de 5 meest trending video's van het moment.</desc><category></category></programme><programme channel="190" start="20221202172000 +0000" stop="20221202183000 +0000" catchup-id="899669412"><title>We Love Music Videos</title><date></date><icon src="https://images.tv.kpn.com/epg/5J4fprcgENT9Andbb9BEhGFTqdik01u66Zs5ALKwthj9BU/1920x1080.jpg?blurred=false"></icon><desc>&quot;We Love Music Videos!&quot; Muziekvideo's die je sowieso 1 keer gezien moet hebben.</desc><category></category></programme><programme channel="190" start="20221202183000 +0000" stop="20221202200000 +0000" catchup-id="899669418"><title>XITE Top 20</title><date></date><icon src="https://images.tv.kpn.com/epg/9BrN0yPBEIiJ9Ch5bIzGPeTOJgEXPj8S9Cp4ihlH8HeXvA/1920x1080.jpg?blurred=false"></icon><desc>In de XITE Top 20 check je de allerbeste muziekvideo's van dit moment.</desc><category></category></programme><programme channel="190" start="20221202200000 +0000" stop="20221202203000 +0000" catchup-id="899669424"><title>Fresh Friday</title><date></date><icon src="https://images.tv.kpn.com/epg/rD69AeNLcBVjcsS61yDjEDDj3qJ8F5qCHYAZxbOaDAc8/1920x1080.jpg?blurred=false"></icon><desc>Vers van de pers: iedere vrijdag de allernieuwste muziekvideos van dit moment.</desc><category></category></programme><programme channel="190" start="20221202203000 +0000" stop="20221202213000 +0000" catchup-id="899669430"><title>Siempre Latino</title><date></date><icon src="https://images.tv.kpn.com/epg/AU9BHiTHVzx8jXvSXAezR8eduMql14pzvi9BgSINUqxj4/1920x1080.jpg?blurred=false"></icon><desc>Geniet van de populairste latin en reggaeton muziekvideo's met o.a. Daddy Yankee, Maluma &amp; Karol G.</desc><category></category></programme><programme channel="190" start="20221202213000 +0000" stop="20221202230000 +0000" catchup-id="899669436"><title>Pre-Party</title><date></date><icon src="https://images.tv.kpn.com/epg/7Kg9ClJGMjIJreTYlqDtdnhQuSvOkG7dLWoeXsDZwvSg/1920x1080.jpg?blurred=false"></icon><desc>Kom in de juiste mood voor het weekend of bereid je voor op jouw stapavond met de XITE pre-party.</desc><category></category></programme><programme channel="190" start="20221202230000 +0000" stop="20221203000000 +0000" catchup-id="899712144"><title>All Out Dance</title><date></date><icon src="https://images.tv.kpn.com/epg/9CSaSVQVDXEgRiRz4U9BpMofPBFXlYOqaPqaJa9CrR9AYS4/1920x1080.jpg?blurred=false"></icon><desc>Maak van je huiskamer een club met deze selectie van de nieuwste dance hits.</desc><category></category></programme><programme channel="190" start="20221203000000 +0000" stop="20221203010000 +0000" catchup-id="899712150"><title>Party Time</title><date></date><icon src="https://images.tv.kpn.com/epg/GGKl5oPisC7UxgHynjXthIy39CJRRse3anrgha1F1Fl8/1920x1080.jpg?blurred=false"></icon><desc>Met Party Time op XITE kom jij in de stemming voor ieder feestje!</desc><category></category></programme><programme channel="190" start="20221203010000 +0000" stop="20221203050000 +0000" catchup-id="899712156"><title>All Night</title><date></date><icon src="https://images.tv.kpn.com/epg/gi0NJ9BuAHSY9C5YNibgbTb9BNRYC9AQtqfLexKUMNC4rOg/1920x1080.jpg?blurred=false"></icon><desc>Geen zin om te slapen? Op XITE zie je All Night de grootste hits en beste classics.</desc><category></category></programme><programme channel="190" start="20221203050000 +0000" stop="20221203070000 +0000" catchup-id="899712162"><title>Early Birds</title><date></date><icon src="https://images.tv.kpn.com/epg/7yEjLMIiMD8DttHgC9CDQRZKSbT467qBzuASYbHj2thE/1920x1080.jpg?blurred=false"></icon><desc>Of je nu vroeg uit de veren bent of tot in de late uurtjes doorgaat; Early Birds helpt je door beide momenten heen.</desc><category></category></programme><programme channel="190" start="20221203070000 +0000" stop="20221203100000 +0000" catchup-id="899712165"><title>Weekend Hits</title><date></date><icon src="https://images.tv.kpn.com/epg/UoV9COHgU5PFuQ2fRLUmfyU5LwKbuuY0rIBGHoIHcRF0/1920x1080.jpg?blurred=false"></icon><desc>Weekend Hits! XITE serveert niet alleen de nieuwste hits, maar ook de beste videoclips van de afgelopen jaren.</desc><category></category></programme><programme channel="190" start="20221203100000 +0000" stop="20221203120000 +0000" catchup-id="899712171"><title>Lazy Saturday</title><date></date><icon src="https://images.tv.kpn.com/epg/NUbpVCruOdtQVOMzOiOZ1GuvGTH2psYD9CyebS3uFMcM/1920x1080.jpg?blurred=false"></icon><desc>Voor als je het liever rustig aan doet op de zaterdagochtend.</desc><category></category></programme><programme channel="190" start="20221203120000 +0000" stop="20221203140000 +0000" catchup-id="899712174"><title>Hits Now</title><date></date><icon src="https://images.tv.kpn.com/epg/ABO079A9CwdNJ7PUkgUSw223sfyaPqt8JtLTLyHu9Ab0Jg/1920x1080.jpg?blurred=false"></icon><desc>Check de populairste muziekvideo's van dit moment in Hits Now.</desc><category></category></programme><programme channel="190" start="20221203140000 +0000" stop="20221203160000 +0000" catchup-id="899712180"><title>Winter Vibes</title><date></date><icon src="https://images.tv.kpn.com/epg/ecm59AblkOelfcfGTK8i09BA3bIg4p4ikZ0pU9AyAOsGe4/1920x1080.jpg?blurred=false"></icon><desc>Het is winter! XITE houd je dit koude seizoen graag warm met de meest sfeervolle clips in ‘Winter Vibes’.</desc><category></category></programme><programme channel="190" start="20221203160000 +0000" stop="20221203173000 +0000" catchup-id="899712183"><title>Countdown to Christmas</title><date></date><icon src="https://images.tv.kpn.com/epg/GCC1D0mqH36ACmfbvaGfR7UmoOCoLxTCfQBO2A5UXjw/1920x1080.jpg?blurred=false"></icon><desc>Pak de kerstversieringen maar weer uit de kast! Met Countdown to Christmas kom jij vast weer in de juiste stemming voor de feestdagen.</desc><category></category></programme><programme channel="190" start="20221203173000 +0000" stop="20221203183000 +0000" catchup-id="899712186"><title>Nederpop</title><date></date><icon src="https://images.tv.kpn.com/epg/S14L3DBlyB816C7xbSSa7WdGqLK5pVE6F533Sb59BzC4/1920x1080.jpg?blurred=false"></icon><desc>Het beste van eigen bodem door de jaren heen. Van Acda &amp; De Munnik tot Suzan &amp; Freek.</desc><category></category></programme><programme channel="190" start="20221203183000 +0000" stop="20221203200000 +0000" catchup-id="899712189"><title>Dinner Time</title><date></date><icon src="https://images.tv.kpn.com/epg/Q5UZ9BINd5u59AHa9CVZgoBHfN2Sca2AoZzuk9A3179CksyY/1920x1080.jpg?blurred=false"></icon><desc>Met het bord op schoot of gezellig aan tafel. Geniet van de lekkerste hits in Dinner Time.</desc><category></category></programme><programme channel="190" start="20221203200000 +0000" stop="20221203210000 +0000" catchup-id="899712192"><title>Sing-Along Saturday</title><date></date><icon src="https://images.tv.kpn.com/epg/Hvt0X6tVksqzHGdzwTyDmEGXeHVmKbWkuKmLCANTQc8/1920x1080.jpg?blurred=false"></icon><desc>Zing de longen uit je lijf met de heerlijkste meezingers tijdens de Sing-Along Saturday!</desc><category></category></programme><programme channel="190" start="20221203210000 +0000" stop="20221203220000 +0000" catchup-id="899712195"><title>Huisfeestje</title><date></date><icon src="https://images.tv.kpn.com/epg/9Ct32wOWnzSBw69BK9CoZOtr9CBKAgeLOcIPBATrRWBw4SY/1920x1080.jpg?blurred=false"></icon><desc>Maak XITE de DJ van je huisfeestje met deze mix van energieke &amp; uplifting muziek.</desc><category></category></programme>