<programme channel="191" start="20221118230000 +0000" stop="20221119000000 +0000" catchup-id="899088339"><title>Latin Lounge</title><date></date><icon src="https://images.tv.kpn.com/epg/default/1920x1080.jpg?blurred=false"></icon><desc>Programmabeschrijving niet beschikbaar</desc><category></category></programme><programme channel="191" start="20221119000000 +0000" stop="20221119010000 +0000" catchup-id="899088342"><title>Gerard &amp; Wijngaarden</title><date></date><icon src="https://images.tv.kpn.com/epg/default/1920x1080.jpg?blurred=false"></icon><desc>Programmabeschrijving niet beschikbaar</desc><category></category></programme><programme channel="191" start="20221119010000 +0000" stop="20221119050000 +0000" catchup-id="899088345"><title>Tele Curacao</title><date></date><icon src="https://images.tv.kpn.com/epg/default/1920x1080.jpg?blurred=false"></icon><desc>Programmabeschrijving niet beschikbaar</desc><category></category></programme><programme channel="191" start="20221119050000 +0000" stop="20221119070000 +0000" catchup-id="899088348"><title>Konsierto</title><date></date><icon src="https://images.tv.kpn.com/epg/default/1920x1080.jpg?blurred=false"></icon><desc>Programmabeschrijving niet beschikbaar</desc><category></category></programme><programme channel="191" start="20221119070000 +0000" stop="20221119080000 +0000" catchup-id="899088351"><title>Bam</title><date></date><icon src="https://images.tv.kpn.com/epg/default/1920x1080.jpg?blurred=false"></icon><desc>Programmabeschrijving niet beschikbaar</desc><category></category></programme><programme channel="191" start="20221119080000 +0000" stop="20221119090000 +0000" catchup-id="899088354"><title>Hptv</title><date></date><icon src="https://images.tv.kpn.com/epg/default/1920x1080.jpg?blurred=false"></icon><desc>Programmabeschrijving niet beschikbaar</desc><category></category></programme><programme channel="191" start="20221119090000 +0000" stop="20221119100000 +0000" catchup-id="899088357"><title>Punto Final</title><date></date><icon src="https://images.tv.kpn.com/epg/default/1920x1080.jpg?blurred=false"></icon><desc>Programmabeschrijving niet beschikbaar</desc><category></category></programme><programme channel="191" start="20221119100000 +0000" stop="20221119110000 +0000" catchup-id="899088360"><title>Herhaling Nieuws Aruba</title><date></date><icon src="https://images.tv.kpn.com/epg/default/1920x1080.jpg?blurred=false"></icon><desc>Programmabeschrijving niet beschikbaar</desc><category></category></programme><programme channel="191" start="20221119110000 +0000" stop="20221119113000 +0000" catchup-id="899088363"><title>Metabolismo</title><date></date><icon src="https://images.tv.kpn.com/epg/default/1920x1080.jpg?blurred=false"></icon><desc>Programmabeschrijving niet beschikbaar</desc><category></category></programme><programme channel="191" start="20221119113000 +0000" stop="20221119143000 +0000" catchup-id="899088366"><title>Belleza Y Maquina</title><date></date><icon src="https://images.tv.kpn.com/epg/default/1920x1080.jpg?blurred=false"></icon><desc>Programmabeschrijving niet beschikbaar</desc><category></category></programme><programme channel="191" start="20221119143000 +0000" stop="20221119160000 +0000" catchup-id="899088369"><title>Jolly Zone</title><date></date><icon src="https://images.tv.kpn.com/epg/default/1920x1080.jpg?blurred=false"></icon><desc>Programmabeschrijving niet beschikbaar</desc><category></category></programme><programme channel="191" start="20221119160000 +0000" stop="20221119180000 +0000" catchup-id="899088372"><title>A Te Zet</title><date></date><icon src="https://images.tv.kpn.com/epg/default/1920x1080.jpg?blurred=false"></icon><desc>Programmabeschrijving niet beschikbaar</desc><category></category></programme><programme channel="191" start="20221119180000 +0000" stop="20221119190000 +0000" catchup-id="899088375"><title>Herensia</title><date></date><icon src="https://images.tv.kpn.com/epg/default/1920x1080.jpg?blurred=false"></icon><desc>Programmabeschrijving niet beschikbaar</desc><category></category></programme><programme channel="191" start="20221119190000 +0000" stop="20221119200000 +0000" catchup-id="899088378"><title>Resumen Trai Merdia</title><date></date><icon src="https://images.tv.kpn.com/epg/default/1920x1080.jpg?blurred=false"></icon><desc>Programmabeschrijving niet beschikbaar</desc><category></category></programme><programme channel="191" start="20221119200000 +0000" stop="20221119210000 +0000" catchup-id="899088381"><title>Eldred &amp; Da Silva</title><date></date><icon src="https://images.tv.kpn.com/epg/default/1920x1080.jpg?blurred=false"></icon><desc>Programmabeschrijving niet beschikbaar</desc><category></category></programme><programme channel="191" start="20221119210000 +0000" stop="20221119220000 +0000" catchup-id="899088384"><title>Nieuws Aruba</title><date></date><icon src="https://images.tv.kpn.com/epg/default/1920x1080.jpg?blurred=false"></icon><desc>Programmabeschrijving niet beschikbaar</desc><category></category></programme><programme channel="191" start="20221119220000 +0000" stop="20221119230000 +0000" catchup-id="899088387"><title>Nieuws Suriname</title><date></date><icon src="https://images.tv.kpn.com/epg/default/1920x1080.jpg?blurred=false"></icon><desc>Programmabeschrijving niet beschikbaar</desc><category></category></programme><programme channel="191" start="20221119230000 +0000" stop="20221120010000 +0000" catchup-id="899132115"><title>Puurban</title><date></date><icon src="https://images.tv.kpn.com/epg/default/1920x1080.jpg?blurred=false"></icon><desc>Programmabeschrijving niet beschikbaar</desc><category></category></programme><programme channel="191" start="20221120010000 +0000" stop="20221120050000 +0000" catchup-id="899132118"><title>Tele Curacao</title><date></date><icon src="https://images.tv.kpn.com/epg/default/1920x1080.jpg?blurred=false"></icon><desc>Programmabeschrijving niet beschikbaar</desc><category></category></programme><programme channel="191" start="20221120050000 +0000" stop="20221120070000 +0000" catchup-id="899132121"><title>Konsierto</title><date></date><icon src="https://images.tv.kpn.com/epg/default/1920x1080.jpg?blurred=false"></icon><desc>Programmabeschrijving niet beschikbaar</desc><category></category></programme><programme channel="191" start="20221120070000 +0000" stop="20221120080000 +0000" catchup-id="899132124"><title>Bhes</title><date></date><icon src="https://images.tv.kpn.com/epg/default/1920x1080.jpg?blurred=false"></icon><desc>Programmabeschrijving niet beschikbaar</desc><category></category></programme><programme channel="191" start="20221120080000 +0000" stop="20221120090000 +0000" catchup-id="899132127"><title>Muhe</title><date></date><icon src="https://images.tv.kpn.com/epg/default/1920x1080.jpg?blurred=false"></icon><desc>Programmabeschrijving niet beschikbaar</desc><category></category></programme><programme channel="191" start="20221120090000 +0000" stop="20221120100000 +0000" catchup-id="899132130"><title>Lupe</title><date></date><icon src="https://images.tv.kpn.com/epg/default/1920x1080.jpg?blurred=false"></icon><desc>Programmabeschrijving niet beschikbaar</desc><category></category></programme><programme channel="191" start="20221120100000 +0000" stop="20221120110000 +0000" catchup-id="899132136"><title>Resumen Moru Bondia</title><date></date><icon src="https://images.tv.kpn.com/epg/default/1920x1080.jpg?blurred=false"></icon><desc>Programmabeschrijving niet beschikbaar</desc><category></category></programme><programme channel="191" start="20221120110000 +0000" stop="20221120130000 +0000" catchup-id="899132139"><title>Neetje &amp; Pieter</title><date></date><icon src="https://images.tv.kpn.com/epg/default/1920x1080.jpg?blurred=false"></icon><desc>Programmabeschrijving niet beschikbaar</desc><category></category></programme><programme channel="191" start="20221120130000 +0000" stop="20221120140000 +0000" catchup-id="899132142"><title>Santu Sacrifisio Di Misa</title><date></date><icon src="https://images.tv.kpn.com/epg/default/1920x1080.jpg?blurred=false"></icon><desc>Programmabeschrijving niet beschikbaar</desc><category></category></programme><programme channel="191" start="20221120140000 +0000" stop="20221120150000 +0000" catchup-id="899132145"><title>Gospel Music</title><date></date><icon src="https://images.tv.kpn.com/epg/HGO9CMBHlFgHBPyxL6qY2fMPkCTq7Y4i5Ht8b4O32ymw/1920x1080.jpg?blurred=false"></icon><desc>Programmabeschrijving niet beschikbaar</desc><category></category></programme><programme channel="191" start="20221120150000 +0000" stop="20221120170000 +0000" catchup-id="899132148"><title>Herensia</title><date></date><icon src="https://images.tv.kpn.com/epg/default/1920x1080.jpg?blurred=false"></icon><desc>Programmabeschrijving niet beschikbaar</desc><category></category></programme><programme channel="191" start="20221120170000 +0000" stop="20221120180000 +0000" catchup-id="899132154"><title>Youth</title><date></date><icon src="https://images.tv.kpn.com/epg/default/1920x1080.jpg?blurred=false"></icon><desc>Programmabeschrijving niet beschikbaar</desc><category></category></programme><programme channel="191" start="20221120180000 +0000" stop="20221120210000 +0000" catchup-id="899132160"><title>Show Musikal</title><date></date><icon src="https://images.tv.kpn.com/epg/default/1920x1080.jpg?blurred=false"></icon><desc>Programmabeschrijving niet beschikbaar</desc><category></category></programme><programme channel="191" start="20221120210000 +0000" stop="20221120220000 +0000" catchup-id="899132166"><title>Home Team</title><date></date><icon src="https://images.tv.kpn.com/epg/default/1920x1080.jpg?blurred=false"></icon><desc>Programmabeschrijving niet beschikbaar</desc><category></category></programme><programme channel="191" start="20221120220000 +0000" stop="20221120223000 +0000" catchup-id="899132172"><title>Nieuws Aruba</title><date></date><icon src="https://images.tv.kpn.com/epg/default/1920x1080.jpg?blurred=false"></icon><desc>Programmabeschrijving niet beschikbaar</desc><category></category></programme><programme channel="191" start="20221120223000 +0000" stop="20221120230000 +0000" catchup-id="899132178"><title>Wega Di Number Korsou</title><date></date><icon src="https://images.tv.kpn.com/epg/default/1920x1080.jpg?blurred=false"></icon><desc>Programmabeschrijving niet beschikbaar</desc><category></category></programme><programme channel="191" start="20221120230000 +0000" stop="20221121000000 +0000" catchup-id="899173854"><title>Bam</title><date></date><icon src="https://images.tv.kpn.com/epg/default/1920x1080.jpg?blurred=false"></icon><desc>Programmabeschrijving niet beschikbaar</desc><category></category></programme><programme channel="191" start="20221121000000 +0000" stop="20221121050000 +0000" catchup-id="899173857"><title>Tele Curacao</title><date></date><icon src="https://images.tv.kpn.com/epg/default/1920x1080.jpg?blurred=false"></icon><desc>Programmabeschrijving niet beschikbaar</desc><category></category></programme><programme channel="191" start="20221121050000 +0000" stop="20221121070000 +0000" catchup-id="899173860"><title>Tcfm</title><date></date><icon src="https://images.tv.kpn.com/epg/default/1920x1080.jpg?blurred=false"></icon><desc>Programmabeschrijving niet beschikbaar</desc><category></category></programme><programme channel="191" start="20221121070000 +0000" stop="20221121080000 +0000" catchup-id="899173863"><title>Herensia</title><date></date><icon src="https://images.tv.kpn.com/epg/default/1920x1080.jpg?blurred=false"></icon><desc>Programmabeschrijving niet beschikbaar</desc><category></category></programme><programme channel="191" start="20221121080000 +0000" stop="20221121090000 +0000" catchup-id="899173866"><title>Bonochi Korsou</title><date></date><icon src="https://images.tv.kpn.com/epg/default/1920x1080.jpg?blurred=false"></icon><desc>Programmabeschrijving niet beschikbaar</desc><category></category></programme><programme channel="191" start="20221121090000 +0000" stop="20221121100000 +0000" catchup-id="899173869"><title>Punto Final</title><date></date><icon src="https://images.tv.kpn.com/epg/default/1920x1080.jpg?blurred=false"></icon><desc>Programmabeschrijving niet beschikbaar</desc><category></category></programme><programme channel="191" start="20221121100000 +0000" stop="20221121110000 +0000" catchup-id="899173872"><title>Desiree</title><date></date><icon src="https://images.tv.kpn.com/epg/default/1920x1080.jpg?blurred=false"></icon><desc>Programmabeschrijving niet beschikbaar</desc><category></category></programme><programme channel="191" start="20221121110000 +0000" stop="20221121113000 +0000" catchup-id="899173875"><title>Music Varia</title><date></date><icon src="https://images.tv.kpn.com/epg/default/1920x1080.jpg?blurred=false"></icon><desc>Programmabeschrijving niet beschikbaar</desc><category></category></programme><programme channel="191" start="20221121113000 +0000" stop="20221121143000 +0000" catchup-id="899173878"><title>Moru Bondia</title><date></date><icon src="https://images.tv.kpn.com/epg/default/1920x1080.jpg?blurred=false"></icon><desc>Programmabeschrijving niet beschikbaar</desc><category></category></programme><programme channel="191" start="20221121143000 +0000" stop="20221121160000 +0000" catchup-id="899173881"><title>Mainta</title><date></date><icon src="https://images.tv.kpn.com/epg/default/1920x1080.jpg?blurred=false"></icon><desc>Programmabeschrijving niet beschikbaar</desc><category></category></programme><programme channel="191" start="20221121160000 +0000" stop="20221121170000 +0000" catchup-id="899173884"><title>Dune Un Chens</title><date></date><icon src="https://images.tv.kpn.com/epg/default/1920x1080.jpg?blurred=false"></icon><desc>Programmabeschrijving niet beschikbaar</desc><category></category></programme><programme channel="191" start="20221121170000 +0000" stop="20221121173000 +0000" catchup-id="899173887"><title>Nieuws Curacao</title><date></date><icon src="https://images.tv.kpn.com/epg/default/1920x1080.jpg?blurred=false"></icon><desc>Programmabeschrijving niet beschikbaar</desc><category></category></programme><programme channel="191" start="20221121173000 +0000" stop="20221121200000 +0000" catchup-id="899173890"><title>Bo Trai Merdia</title><date></date><icon src="https://images.tv.kpn.com/epg/default/1920x1080.jpg?blurred=false"></icon><desc>Programmabeschrijving niet beschikbaar</desc><category></category></programme><programme channel="191" start="20221121200000 +0000" stop="20221121210000 +0000" catchup-id="899173893"><title>We Talk</title><date></date><icon src="https://images.tv.kpn.com/epg/default/1920x1080.jpg?blurred=false"></icon><desc>Programmabeschrijving niet beschikbaar</desc><category></category></programme><programme channel="191" start="20221121210000 +0000" stop="20221121220000 +0000" catchup-id="899173896"><title>Nieuws Aruba</title><date></date><icon src="https://images.tv.kpn.com/epg/default/1920x1080.jpg?blurred=false"></icon><desc>Programmabeschrijving niet beschikbaar</desc><category></category></programme><programme channel="191" start="20221121220000 +0000" stop="20221121230000 +0000" catchup-id="899173899"><title>Nieuws Suriname</title><date></date><icon src="https://images.tv.kpn.com/epg/default/1920x1080.jpg?blurred=false"></icon><desc>Programmabeschrijving niet beschikbaar</desc><category></category></programme><programme channel="191" start="20221121230000 +0000" stop="20221122000000 +0000" catchup-id="899217396"><title>Punto Final</title><date></date><icon src="https://images.tv.kpn.com/epg/default/1920x1080.jpg?blurred=false"></icon><desc>Programmabeschrijving niet beschikbaar</desc><category></category></programme><programme channel="191" start="20221122000000 +0000" stop="20221122010000 +0000" catchup-id="899217399"><title>Nahason</title><date></date><icon src="https://images.tv.kpn.com/epg/default/1920x1080.jpg?blurred=false"></icon><desc>Programmabeschrijving niet beschikbaar</desc><category></category></programme><programme channel="191" start="20221122010000 +0000" stop="20221122050000 +0000" catchup-id="899217402"><title>Tele Curacao</title><date></date><icon src="https://images.tv.kpn.com/epg/default/1920x1080.jpg?blurred=false"></icon><desc>Programmabeschrijving niet beschikbaar</desc><category></category></programme><programme channel="191" start="20221122050000 +0000" stop="20221122070000 +0000" catchup-id="899217405"><title>Tcfm</title><date></date><icon src="https://images.tv.kpn.com/epg/default/1920x1080.jpg?blurred=false"></icon><desc>Programmabeschrijving niet beschikbaar</desc><category></category></programme><programme channel="191" start="20221122070000 +0000" stop="20221122080000 +0000" catchup-id="899217408"><title>Herhaling Nieuws Curacao</title><date></date><icon src="https://images.tv.kpn.com/epg/default/1920x1080.jpg?blurred=false"></icon><desc>Programmabeschrijving niet beschikbaar</desc><category></category></programme><programme channel="191" start="20221122080000 +0000" stop="20221122090000 +0000" catchup-id="899217411"><title>Bonochi Korsou</title><date></date><icon src="https://images.tv.kpn.com/epg/default/1920x1080.jpg?blurred=false"></icon><desc>Programmabeschrijving niet beschikbaar</desc><category></category></programme><programme channel="191" start="20221122090000 +0000" stop="20221122100000 +0000" catchup-id="899217414"><title>Punto Final</title><date></date><icon src="https://images.tv.kpn.com/epg/default/1920x1080.jpg?blurred=false"></icon><desc>Programmabeschrijving niet beschikbaar</desc><category></category></programme><programme channel="191" start="20221122100000 +0000" stop="20221122110000 +0000" catchup-id="899217417"><title>Desiree</title><date></date><icon src="https://images.tv.kpn.com/epg/default/1920x1080.jpg?blurred=false"></icon><desc>Programmabeschrijving niet beschikbaar</desc><category></category></programme><programme channel="191" start="20221122110000 +0000" stop="20221122113000 +0000" catchup-id="899217420"><title>Music Varia</title><date></date><icon src="https://images.tv.kpn.com/epg/default/1920x1080.jpg?blurred=false"></icon><desc>Programmabeschrijving niet beschikbaar</desc><category></category></programme><programme channel="191" start="20221122113000 +0000" stop="20221122143000 +0000" catchup-id="899217423"><title>Moru Bondia</title><date></date><icon src="https://images.tv.kpn.com/epg/default/1920x1080.jpg?blurred=false"></icon><desc>Programmabeschrijving niet beschikbaar</desc><category></category></programme><programme channel="191" start="20221122143000 +0000" stop="20221122160000 +0000" catchup-id="899217426"><title>Mainta</title><date></date><icon src="https://images.tv.kpn.com/epg/default/1920x1080.jpg?blurred=false"></icon><desc>Programmabeschrijving niet beschikbaar</desc><category></category></programme><programme channel="191" start="20221122160000 +0000" stop="20221122170000 +0000" catchup-id="899217429"><title>Dune Un Chens</title><date></date><icon src="https://images.tv.kpn.com/epg/default/1920x1080.jpg?blurred=false"></icon><desc>Programmabeschrijving niet beschikbaar</desc><category></category></programme><programme channel="191" start="20221122170000 +0000" stop="20221122173000 +0000" catchup-id="899217432"><title>Nieuws Curacao</title><date></date><icon src="https://images.tv.kpn.com/epg/default/1920x1080.jpg?blurred=false"></icon><desc>Programmabeschrijving niet beschikbaar</desc><category></category></programme><programme channel="191" start="20221122173000 +0000" stop="20221122200000 +0000" catchup-id="899217435"><title>Bo Trai Merdia</title><date></date><icon src="https://images.tv.kpn.com/epg/default/1920x1080.jpg?blurred=false"></icon><desc>Programmabeschrijving niet beschikbaar</desc><category></category></programme><programme channel="191" start="20221122200000 +0000" stop="20221122210000 +0000" catchup-id="899217438"><title>We Talk</title><date></date><icon src="https://images.tv.kpn.com/epg/default/1920x1080.jpg?blurred=false"></icon><desc>Programmabeschrijving niet beschikbaar</desc><category></category></programme><programme channel="191" start="20221122210000 +0000" stop="20221122220000 +0000" catchup-id="899217441"><title>Nieuws Aruba</title><date></date><icon src="https://images.tv.kpn.com/epg/default/1920x1080.jpg?blurred=false"></icon><desc>Programmabeschrijving niet beschikbaar</desc><category></category></programme><programme channel="191" start="20221122220000 +0000" stop="20221122230000 +0000" catchup-id="899217444"><title>Nieuws Suriname</title><date></date><icon src="https://images.tv.kpn.com/epg/default/1920x1080.jpg?blurred=false"></icon><desc>Programmabeschrijving niet beschikbaar</desc><category></category></programme><programme channel="191" start="20221122230000 +0000" stop="20221123000000 +0000" catchup-id="899262669"><title>Punto Final</title><date></date><icon src="https://images.tv.kpn.com/epg/default/1920x1080.jpg?blurred=false"></icon><desc>Programmabeschrijving niet beschikbaar</desc><category></category></programme><programme channel="191" start="20221123000000 +0000" stop="20221123010000 +0000" catchup-id="899262672"><title>Vvrp Ta Informa</title><date></date><icon src="https://images.tv.kpn.com/epg/default/1920x1080.jpg?blurred=false"></icon><desc>Programmabeschrijving niet beschikbaar</desc><category></category></programme><programme channel="191" start="20221123010000 +0000" stop="20221123050000 +0000" catchup-id="899262675"><title>Tele Curacao</title><date></date><icon src="https://images.tv.kpn.com/epg/default/1920x1080.jpg?blurred=false"></icon><desc>Programmabeschrijving niet beschikbaar</desc><category></category></programme><programme channel="191" start="20221123050000 +0000" stop="20221123070000 +0000" catchup-id="899262678"><title>Tcfm</title><date></date><icon src="https://images.tv.kpn.com/epg/default/1920x1080.jpg?blurred=false"></icon><desc>Programmabeschrijving niet beschikbaar</desc><category></category></programme><programme channel="191" start="20221123070000 +0000" stop="20221123080000 +0000" catchup-id="899262681"><title>Herhaling Nieuws Curacao</title><date></date><icon src="https://images.tv.kpn.com/epg/default/1920x1080.jpg?blurred=false"></icon><desc>Programmabeschrijving niet beschikbaar</desc><category></category></programme><programme channel="191" start="20221123080000 +0000" stop="20221123090000 +0000" catchup-id="899262684"><title>Bonochi Korsou</title><date></date><icon src="https://images.tv.kpn.com/epg/default/1920x1080.jpg?blurred=false"></icon><desc>Programmabeschrijving niet beschikbaar</desc><category></category></programme><programme channel="191" start="20221123090000 +0000" stop="20221123100000 +0000" catchup-id="899262687"><title>Punto Final</title><date></date><icon src="https://images.tv.kpn.com/epg/default/1920x1080.jpg?blurred=false"></icon><desc>Programmabeschrijving niet beschikbaar</desc><category></category></programme><programme channel="191" start="20221123100000 +0000" stop="20221123110000 +0000" catchup-id="899262690"><title>Harhaling Nieuws Aruba</title><date></date><icon src="https://images.tv.kpn.com/epg/default/1920x1080.jpg?blurred=false"></icon><desc>Programmabeschrijving niet beschikbaar</desc><category></category></programme><programme channel="191" start="20221123110000 +0000" stop="20221123113000 +0000" catchup-id="899262693"><title>Music Varia</title><date></date><icon src="https://images.tv.kpn.com/epg/default/1920x1080.jpg?blurred=false"></icon><desc>Programmabeschrijving niet beschikbaar</desc><category></category></programme><programme channel="191" start="20221123113000 +0000" stop="20221123143000 +0000" catchup-id="899262696"><title>Moru Bondia</title><date></date><icon src="https://images.tv.kpn.com/epg/default/1920x1080.jpg?blurred=false"></icon><desc>Programmabeschrijving niet beschikbaar</desc><category></category></programme><programme channel="191" start="20221123143000 +0000" stop="20221123160000 +0000" catchup-id="899262699"><title>Mainta</title><date></date><icon src="https://images.tv.kpn.com/epg/default/1920x1080.jpg?blurred=false"></icon><desc>Programmabeschrijving niet beschikbaar</desc><category></category></programme><programme channel="191" start="20221123160000 +0000" stop="20221123170000 +0000" catchup-id="899262702"><title>Dune Un Chens</title><date></date><icon src="https://images.tv.kpn.com/epg/default/1920x1080.jpg?blurred=false"></icon><desc>Programmabeschrijving niet beschikbaar</desc><category></category></programme><programme channel="191" start="20221123170000 +0000" stop="20221123173000 +0000" catchup-id="899262705"><title>Nieuws Curacao</title><date></date><icon src="https://images.tv.kpn.com/epg/default/1920x1080.jpg?blurred=false"></icon><desc>Programmabeschrijving niet beschikbaar</desc><category></category></programme><programme channel="191" start="20221123173000 +0000" stop="20221123200000 +0000" catchup-id="899262708"><title>Bo Trai Merdia</title><date></date><icon src="https://images.tv.kpn.com/epg/default/1920x1080.jpg?blurred=false"></icon><desc>Programmabeschrijving niet beschikbaar</desc><category></category></programme><programme channel="191" start="20221123200000 +0000" stop="20221123210000 +0000" catchup-id="899262711"><title>We Talk</title><date></date><icon src="https://images.tv.kpn.com/epg/default/1920x1080.jpg?blurred=false"></icon><desc>Programmabeschrijving niet beschikbaar</desc><category></category></programme><programme channel="191" start="20221123210000 +0000" stop="20221123220000 +0000" catchup-id="899262714"><title>Nieuws Aruba</title><date></date><icon src="https://images.tv.kpn.com/epg/default/1920x1080.jpg?blurred=false"></icon><desc>Programmabeschrijving niet beschikbaar</desc><category></category></programme><programme channel="191" start="20221123220000 +0000" stop="20221123230000 +0000" catchup-id="899262717"><title>Nieuws Suriname</title><date></date><icon src="https://images.tv.kpn.com/epg/default/1920x1080.jpg?blurred=false"></icon><desc>Programmabeschrijving niet beschikbaar</desc><category></category></programme><programme channel="191" start="20221123230000 +0000" stop="20221124000000 +0000" catchup-id="899309742"><title>Punto Final</title><date></date><icon src="https://images.tv.kpn.com/epg/default/1920x1080.jpg?blurred=false"></icon><desc>Programmabeschrijving niet beschikbaar</desc><category></category></programme><programme channel="191" start="20221124000000 +0000" stop="20221124010000 +0000" catchup-id="899309745"><title>Caribbean Vibration</title><date></date><icon src="https://images.tv.kpn.com/epg/default/1920x1080.jpg?blurred=false"></icon><desc>Programmabeschrijving niet beschikbaar</desc><category></category></programme><programme channel="191" start="20221124010000 +0000" stop="20221124050000 +0000" catchup-id="899309748"><title>Tele Curacao</title><date></date><icon src="https://images.tv.kpn.com/epg/default/1920x1080.jpg?blurred=false"></icon><desc>Programmabeschrijving niet beschikbaar</desc><category></category></programme><programme channel="191" start="20221124050000 +0000" stop="20221124070000 +0000" catchup-id="899309751"><title>Tcfm</title><date></date><icon src="https://images.tv.kpn.com/epg/default/1920x1080.jpg?blurred=false"></icon><desc>Programmabeschrijving niet beschikbaar</desc><category></category></programme><programme channel="191" start="20221124070000 +0000" stop="20221124080000 +0000" catchup-id="899309754"><title>Herhaling Nieuws Curacao</title><date></date><icon src="https://images.tv.kpn.com/epg/default/1920x1080.jpg?blurred=false"></icon><desc>Programmabeschrijving niet beschikbaar</desc><category></category></programme><programme channel="191" start="20221124080000 +0000" stop="20221124090000 +0000" catchup-id="899309757"><title>Bonochi Korsou</title><date></date><icon src="https://images.tv.kpn.com/epg/default/1920x1080.jpg?blurred=false"></icon><desc>Programmabeschrijving niet beschikbaar</desc><category></category></programme><programme channel="191" start="20221124090000 +0000" stop="20221124100000 +0000" catchup-id="899309760"><title>Punto Final</title><date></date><icon src="https://images.tv.kpn.com/epg/default/1920x1080.jpg?blurred=false"></icon><desc>Programmabeschrijving niet beschikbaar</desc><category></category></programme><programme channel="191" start="20221124100000 +0000" stop="20221124110000 +0000" catchup-id="899309763"><title>Desiree</title><date></date><icon src="https://images.tv.kpn.com/epg/default/1920x1080.jpg?blurred=false"></icon><desc>Programmabeschrijving niet beschikbaar</desc><category></category></programme><programme channel="191" start="20221124110000 +0000" stop="20221124113000 +0000" catchup-id="899309766"><title>Music Varia</title><date></date><icon src="https://images.tv.kpn.com/epg/default/1920x1080.jpg?blurred=false"></icon><desc>Programmabeschrijving niet beschikbaar</desc><category></category></programme><programme channel="191" start="20221124113000 +0000" stop="20221124143000 +0000" catchup-id="899309769"><title>Moru Bondia</title><date></date><icon src="https://images.tv.kpn.com/epg/default/1920x1080.jpg?blurred=false"></icon><desc>Programmabeschrijving niet beschikbaar</desc><category></category></programme><programme channel="191" start="20221124143000 +0000" stop="20221124160000 +0000" catchup-id="899309772"><title>Mainta</title><date></date><icon src="https://images.tv.kpn.com/epg/default/1920x1080.jpg?blurred=false"></icon><desc>Programmabeschrijving niet beschikbaar</desc><category></category></programme><programme channel="191" start="20221124160000 +0000" stop="20221124170000 +0000" catchup-id="899309775"><title>Dune Un Chens</title><date></date><icon src="https://images.tv.kpn.com/epg/default/1920x1080.jpg?blurred=false"></icon><desc>Programmabeschrijving niet beschikbaar</desc><category></category></programme><programme channel="191" start="20221124170000 +0000" stop="20221124173000 +0000" catchup-id="899309778"><title>Nieuws Curacao</title><date></date><icon src="https://images.tv.kpn.com/epg/default/1920x1080.jpg?blurred=false"></icon><desc>Programmabeschrijving niet beschikbaar</desc><category></category></programme><programme channel="191" start="20221124173000 +0000" stop="20221124200000 +0000" catchup-id="899309781"><title>Bo Trai Merdia</title><date></date><icon src="https://images.tv.kpn.com/epg/default/1920x1080.jpg?blurred=false"></icon><desc>Programmabeschrijving niet beschikbaar</desc><category></category></programme><programme channel="191" start="20221124200000 +0000" stop="20221124210000 +0000" catchup-id="899309784"><title>We Talk</title><date></date><icon src="https://images.tv.kpn.com/epg/default/1920x1080.jpg?blurred=false"></icon><desc>Programmabeschrijving niet beschikbaar</desc><category></category></programme><programme channel="191" start="20221124210000 +0000" stop="20221124220000 +0000" catchup-id="899309787"><title>Nieuws Aruba</title><date></date><icon src="https://images.tv.kpn.com/epg/default/1920x1080.jpg?blurred=false"></icon><desc>Programmabeschrijving niet beschikbaar</desc><category></category></programme><programme channel="191" start="20221124220000 +0000" stop="20221124230000 +0000" catchup-id="899309790"><title>Nieuws Suriname</title><date></date><icon src="https://images.tv.kpn.com/epg/default/1920x1080.jpg?blurred=false"></icon><desc>Programmabeschrijving niet beschikbaar</desc><category></category></programme><programme channel="191" start="20221124230000 +0000" stop="20221125000000 +0000" catchup-id="899359440"><title>Punto Final</title><date></date><icon src="https://images.tv.kpn.com/epg/default/1920x1080.jpg?blurred=false"></icon><desc>Programmabeschrijving niet beschikbaar</desc><category></category></programme><programme channel="191" start="20221125000000 +0000" stop="20221125010000 +0000" catchup-id="899359446"><title>Gerard &amp; Wijngaarden</title><date></date><icon src="https://images.tv.kpn.com/epg/default/1920x1080.jpg?blurred=false"></icon><desc>Programmabeschrijving niet beschikbaar</desc><category></category></programme><programme channel="191" start="20221125010000 +0000" stop="20221125050000 +0000" catchup-id="899359452"><title>Tele Curacao</title><date></date><icon src="https://images.tv.kpn.com/epg/default/1920x1080.jpg?blurred=false"></icon><desc>Programmabeschrijving niet beschikbaar</desc><category></category></programme><programme channel="191" start="20221125050000 +0000" stop="20221125070000 +0000" catchup-id="899359458"><title>Tcfm</title><date></date><icon src="https://images.tv.kpn.com/epg/default/1920x1080.jpg?blurred=false"></icon><desc>Programmabeschrijving niet beschikbaar</desc><category></category></programme><programme channel="191" start="20221125070000 +0000" stop="20221125080000 +0000" catchup-id="899359467"><title>Herhaling Nieuws Curacao</title><date></date><icon src="https://images.tv.kpn.com/epg/default/1920x1080.jpg?blurred=false"></icon><desc>Programmabeschrijving niet beschikbaar</desc><category></category></programme><programme channel="191" start="20221125080000 +0000" stop="20221125090000 +0000" catchup-id="899359473"><title>Bonochi Korsou</title><date></date><icon src="https://images.tv.kpn.com/epg/default/1920x1080.jpg?blurred=false"></icon><desc>Programmabeschrijving niet beschikbaar</desc><category></category></programme><programme channel="191" start="20221125090000 +0000" stop="20221125100000 +0000" catchup-id="899359476"><title>Punto Final</title><date></date><icon src="https://images.tv.kpn.com/epg/default/1920x1080.jpg?blurred=false"></icon><desc>Programmabeschrijving niet beschikbaar</desc><category></category></programme><programme channel="191" start="20221125100000 +0000" stop="20221125110000 +0000" catchup-id="899359479"><title>Desiree</title><date></date><icon src="https://images.tv.kpn.com/epg/default/1920x1080.jpg?blurred=false"></icon><desc>Programmabeschrijving niet beschikbaar</desc><category></category></programme><programme channel="191" start="20221125110000 +0000" stop="20221125113000 +0000" catchup-id="899359482"><title>Music Varia</title><date></date><icon src="https://images.tv.kpn.com/epg/default/1920x1080.jpg?blurred=false"></icon><desc>Programmabeschrijving niet beschikbaar</desc><category></category></programme><programme channel="191" start="20221125113000 +0000" stop="20221125143000 +0000" catchup-id="899359485"><title>Moru Bondia</title><date></date><icon src="https://images.tv.kpn.com/epg/default/1920x1080.jpg?blurred=false"></icon><desc>Programmabeschrijving niet beschikbaar</desc><category></category></programme><programme channel="191" start="20221125143000 +0000" stop="20221125160000 +0000" catchup-id="899359488"><title>Mainta</title><date></date><icon src="https://images.tv.kpn.com/epg/default/1920x1080.jpg?blurred=false"></icon><desc>Programmabeschrijving niet beschikbaar</desc><category></category></programme><programme channel="191" start="20221125160000 +0000" stop="20221125170000 +0000" catchup-id="899359491"><title>Dune Un Chens</title><date></date><icon src="https://images.tv.kpn.com/epg/default/1920x1080.jpg?blurred=false"></icon><desc>Programmabeschrijving niet beschikbaar</desc><category></category></programme><programme channel="191" start="20221125170000 +0000" stop="20221125173000 +0000" catchup-id="899359494"><title>Nieuws Curacao</title><date></date><icon src="https://images.tv.kpn.com/epg/default/1920x1080.jpg?blurred=false"></icon><desc>Programmabeschrijving niet beschikbaar</desc><category></category></programme><programme channel="191" start="20221125173000 +0000" stop="20221125200000 +0000" catchup-id="899359497"><title>Bo Trai Merdia</title><date></date><icon src="https://images.tv.kpn.com/epg/default/1920x1080.jpg?blurred=false"></icon><desc>Programmabeschrijving niet beschikbaar</desc><category></category></programme><programme channel="191" start="20221125200000 +0000" stop="20221125210000 +0000" catchup-id="899359500"><title>We Talk</title><date></date><icon src="https://images.tv.kpn.com/epg/default/1920x1080.jpg?blurred=false"></icon><desc>Programmabeschrijving niet beschikbaar</desc><category></category></programme><programme channel="191" start="20221125210000 +0000" stop="20221125220000 +0000" catchup-id="899359503"><title>Nieuws Aruba</title><date></date><icon src="https://images.tv.kpn.com/epg/default/1920x1080.jpg?blurred=false"></icon><desc>Programmabeschrijving niet beschikbaar</desc><category></category></programme><programme channel="191" start="20221125220000 +0000" stop="20221125230000 +0000" catchup-id="899359506"><title>Nieuws Suriname</title><date></date><icon src="https://images.tv.kpn.com/epg/default/1920x1080.jpg?blurred=false"></icon><desc>Programmabeschrijving niet beschikbaar</desc><category></category></programme><programme channel="191" start="20221125230000 +0000" stop="20221126000000 +0000" catchup-id="899402424"><title>Latin Lounge</title><date></date><icon src="https://images.tv.kpn.com/epg/default/1920x1080.jpg?blurred=false"></icon><desc>Programmabeschrijving niet beschikbaar</desc><category></category></programme><programme channel="191" start="20221126000000 +0000" stop="20221126010000 +0000" catchup-id="899402427"><title>Gerard &amp; Wijngaarden</title><date></date><icon src="https://images.tv.kpn.com/epg/default/1920x1080.jpg?blurred=false"></icon><desc>Programmabeschrijving niet beschikbaar</desc><category></category></programme><programme channel="191" start="20221126010000 +0000" stop="20221126050000 +0000" catchup-id="899402430"><title>Tele Curacao</title><date></date><icon src="https://images.tv.kpn.com/epg/default/1920x1080.jpg?blurred=false"></icon><desc>Programmabeschrijving niet beschikbaar</desc><category></category></programme><programme channel="191" start="20221126050000 +0000" stop="20221126070000 +0000" catchup-id="899402433"><title>Konsierto</title><date></date><icon src="https://images.tv.kpn.com/epg/default/1920x1080.jpg?blurred=false"></icon><desc>Programmabeschrijving niet beschikbaar</desc><category></category></programme><programme channel="191" start="20221126070000 +0000" stop="20221126080000 +0000" catchup-id="899402436"><title>Bam</title><date></date><icon src="https://images.tv.kpn.com/epg/default/1920x1080.jpg?blurred=false"></icon><desc>Programmabeschrijving niet beschikbaar</desc><category></category></programme><programme channel="191" start="20221126080000 +0000" stop="20221126090000 +0000" catchup-id="899402439"><title>Hptv</title><date></date><icon src="https://images.tv.kpn.com/epg/default/1920x1080.jpg?blurred=false"></icon><desc>Programmabeschrijving niet beschikbaar</desc><category></category></programme><programme channel="191" start="20221126090000 +0000" stop="20221126100000 +0000" catchup-id="899402442"><title>Punto Final</title><date></date><icon src="https://images.tv.kpn.com/epg/default/1920x1080.jpg?blurred=false"></icon><desc>Programmabeschrijving niet beschikbaar</desc><category></category></programme><programme channel="191" start="20221126100000 +0000" stop="20221126110000 +0000" catchup-id="899402445"><title>Herhaling Nieuws Aruba</title><date></date><icon src="https://images.tv.kpn.com/epg/default/1920x1080.jpg?blurred=false"></icon><desc>Programmabeschrijving niet beschikbaar</desc><category></category></programme><programme channel="191" start="20221126110000 +0000" stop="20221126113000 +0000" catchup-id="899402448"><title>Metabolismo</title><date></date><icon src="https://images.tv.kpn.com/epg/default/1920x1080.jpg?blurred=false"></icon><desc>Programmabeschrijving niet beschikbaar</desc><category></category></programme><programme channel="191" start="20221126113000 +0000" stop="20221126143000 +0000" catchup-id="899402451"><title>Belleza Y Maquina</title><date></date><icon src="https://images.tv.kpn.com/epg/default/1920x1080.jpg?blurred=false"></icon><desc>Programmabeschrijving niet beschikbaar</desc><category></category></programme><programme channel="191" start="20221126143000 +0000" stop="20221126160000 +0000" catchup-id="899402454"><title>Jolly Zone</title><date></date><icon src="https://images.tv.kpn.com/epg/default/1920x1080.jpg?blurred=false"></icon><desc>Programmabeschrijving niet beschikbaar</desc><category></category></programme><programme channel="191" start="20221126160000 +0000" stop="20221126180000 +0000" catchup-id="899402457"><title>A Te Zet</title><date></date><icon src="https://images.tv.kpn.com/epg/default/1920x1080.jpg?blurred=false"></icon><desc>Programmabeschrijving niet beschikbaar</desc><category></category></programme><programme channel="191" start="20221126180000 +0000" stop="20221126190000 +0000" catchup-id="899402460"><title>Herensia</title><date></date><icon src="https://images.tv.kpn.com/epg/default/1920x1080.jpg?blurred=false"></icon><desc>Programmabeschrijving niet beschikbaar</desc><category></category></programme><programme channel="191" start="20221126190000 +0000" stop="20221126200000 +0000" catchup-id="899402463"><title>Resumen Trai Merdia</title><date></date><icon src="https://images.tv.kpn.com/epg/default/1920x1080.jpg?blurred=false"></icon><desc>Programmabeschrijving niet beschikbaar</desc><category></category></programme><programme channel="191" start="20221126200000 +0000" stop="20221126210000 +0000" catchup-id="899402466"><title>Eldred &amp; Da Silva</title><date></date><icon src="https://images.tv.kpn.com/epg/default/1920x1080.jpg?blurred=false"></icon><desc>Programmabeschrijving niet beschikbaar</desc><category></category></programme><programme channel="191" start="20221126210000 +0000" stop="20221126220000 +0000" catchup-id="899402469"><title>Nieuws Aruba</title><date></date><icon src="https://images.tv.kpn.com/epg/default/1920x1080.jpg?blurred=false"></icon><desc>Programmabeschrijving niet beschikbaar</desc><category></category></programme><programme channel="191" start="20221126220000 +0000" stop="20221126230000 +0000" catchup-id="899402472"><title>Nieuws Suriname</title><date></date><icon src="https://images.tv.kpn.com/epg/default/1920x1080.jpg?blurred=false"></icon><desc>Programmabeschrijving niet beschikbaar</desc><category></category></programme><programme channel="191" start="20221126230000 +0000" stop="20221127010000 +0000" catchup-id="899444931"><title>Puurban</title><date></date><icon src="https://images.tv.kpn.com/epg/default/1920x1080.jpg?blurred=false"></icon><desc>Programmabeschrijving niet beschikbaar</desc><category></category></programme><programme channel="191" start="20221127010000 +0000" stop="20221127050000 +0000" catchup-id="899444937"><title>Tele Curacao</title><date></date><icon src="https://images.tv.kpn.com/epg/default/1920x1080.jpg?blurred=false"></icon><desc>Programmabeschrijving niet beschikbaar</desc><category></category></programme><programme channel="191" start="20221127050000 +0000" stop="20221127070000 +0000" catchup-id="899444943"><title>Konsierto</title><date></date><icon src="https://images.tv.kpn.com/epg/default/1920x1080.jpg?blurred=false"></icon><desc>Programmabeschrijving niet beschikbaar</desc><category></category></programme><programme channel="191" start="20221127070000 +0000" stop="20221127080000 +0000" catchup-id="899444949"><title>Bhes</title><date></date><icon src="https://images.tv.kpn.com/epg/default/1920x1080.jpg?blurred=false"></icon><desc>Programmabeschrijving niet beschikbaar</desc><category></category></programme><programme channel="191" start="20221127080000 +0000" stop="20221127090000 +0000" catchup-id="899444955"><title>Muhe</title><date></date><icon src="https://images.tv.kpn.com/epg/default/1920x1080.jpg?blurred=false"></icon><desc>Programmabeschrijving niet beschikbaar</desc><category></category></programme><programme channel="191" start="20221127090000 +0000" stop="20221127100000 +0000" catchup-id="899444961"><title>Lupe</title><date></date><icon src="https://images.tv.kpn.com/epg/default/1920x1080.jpg?blurred=false"></icon><desc>Programmabeschrijving niet beschikbaar</desc><category></category></programme><programme channel="191" start="20221127100000 +0000" stop="20221127110000 +0000" catchup-id="899444967"><title>Resumen Moru Bondia</title><date></date><icon src="https://images.tv.kpn.com/epg/default/1920x1080.jpg?blurred=false"></icon><desc>Programmabeschrijving niet beschikbaar</desc><category></category></programme><programme channel="191" start="20221127110000 +0000" stop="20221127130000 +0000" catchup-id="899444973"><title>Neetje &amp; Pieter</title><date></date><icon src="https://images.tv.kpn.com/epg/default/1920x1080.jpg?blurred=false"></icon><desc>Programmabeschrijving niet beschikbaar</desc><category></category></programme><programme channel="191" start="20221127130000 +0000" stop="20221127140000 +0000" catchup-id="899444979"><title>Santu Sacrifisio Di Misa</title><date></date><icon src="https://images.tv.kpn.com/epg/default/1920x1080.jpg?blurred=false"></icon><desc>Programmabeschrijving niet beschikbaar</desc><category></category></programme><programme channel="191" start="20221127140000 +0000" stop="20221127150000 +0000" catchup-id="899444985"><title>Gospel Music</title><date></date><icon src="https://images.tv.kpn.com/epg/HGO9CMBHlFgHBPyxL6qY2fMPkCTq7Y4i5Ht8b4O32ymw/1920x1080.jpg?blurred=false"></icon><desc>Programmabeschrijving niet beschikbaar</desc><category></category></programme><programme channel="191" start="20221127150000 +0000" stop="20221127170000 +0000" catchup-id="899444991"><title>Herensia</title><date></date><icon src="https://images.tv.kpn.com/epg/default/1920x1080.jpg?blurred=false"></icon><desc>Programmabeschrijving niet beschikbaar</desc><category></category></programme><programme channel="191" start="20221127170000 +0000" stop="20221127180000 +0000" catchup-id="899445000"><title>Youth</title><date></date><icon src="https://images.tv.kpn.com/epg/default/1920x1080.jpg?blurred=false"></icon><desc>Programmabeschrijving niet beschikbaar</desc><category></category></programme><programme channel="191" start="20221127180000 +0000" stop="20221127210000 +0000" catchup-id="899445006"><title>Show Musikal</title><date></date><icon src="https://images.tv.kpn.com/epg/default/1920x1080.jpg?blurred=false"></icon><desc>Programmabeschrijving niet beschikbaar</desc><category></category></programme><programme channel="191" start="20221127210000 +0000" stop="20221127220000 +0000" catchup-id="899445009"><title>Home Team</title><date></date><icon src="https://images.tv.kpn.com/epg/default/1920x1080.jpg?blurred=false"></icon><desc>Programmabeschrijving niet beschikbaar</desc><category></category></programme><programme channel="191" start="20221127220000 +0000" stop="20221127223000 +0000" catchup-id="899445018"><title>Nieuws Aruba</title><date></date><icon src="https://images.tv.kpn.com/epg/default/1920x1080.jpg?blurred=false"></icon><desc>Programmabeschrijving niet beschikbaar</desc><category></category></programme><programme channel="191" start="20221127223000 +0000" stop="20221127230000 +0000" catchup-id="899445024"><title>Wega Di Number Korsou</title><date></date><icon src="https://images.tv.kpn.com/epg/default/1920x1080.jpg?blurred=false"></icon><desc>Programmabeschrijving niet beschikbaar</desc><category></category></programme><programme channel="191" start="20221127230000 +0000" stop="20221128000000 +0000" catchup-id="899486013"><title>Bam</title><date></date><icon src="https://images.tv.kpn.com/epg/default/1920x1080.jpg?blurred=false"></icon><desc>Programmabeschrijving niet beschikbaar</desc><category></category></programme><programme channel="191" start="20221128000000 +0000" stop="20221128050000 +0000" catchup-id="899486016"><title>Tele Curacao</title><date></date><icon src="https://images.tv.kpn.com/epg/default/1920x1080.jpg?blurred=false"></icon><desc>Programmabeschrijving niet beschikbaar</desc><category></category></programme><programme channel="191" start="20221128050000 +0000" stop="20221128070000 +0000" catchup-id="899486019"><title>Tcfm</title><date></date><icon src="https://images.tv.kpn.com/epg/default/1920x1080.jpg?blurred=false"></icon><desc>Programmabeschrijving niet beschikbaar</desc><category></category></programme><programme channel="191" start="20221128070000 +0000" stop="20221128080000 +0000" catchup-id="899486022"><title>Herensia</title><date></date><icon src="https://images.tv.kpn.com/epg/default/1920x1080.jpg?blurred=false"></icon><desc>Programmabeschrijving niet beschikbaar</desc><category></category></programme><programme channel="191" start="20221128080000 +0000" stop="20221128090000 +0000" catchup-id="899486025"><title>Bonochi Korsou</title><date></date><icon src="https://images.tv.kpn.com/epg/default/1920x1080.jpg?blurred=false"></icon><desc>Programmabeschrijving niet beschikbaar</desc><category></category></programme><programme channel="191" start="20221128090000 +0000" stop="20221128100000 +0000" catchup-id="899486028"><title>Punto Final</title><date></date><icon src="https://images.tv.kpn.com/epg/default/1920x1080.jpg?blurred=false"></icon><desc>Programmabeschrijving niet beschikbaar</desc><category></category></programme><programme channel="191" start="20221128100000 +0000" stop="20221128110000 +0000" catchup-id="899486031"><title>Desiree</title><date></date><icon src="https://images.tv.kpn.com/epg/default/1920x1080.jpg?blurred=false"></icon><desc>Programmabeschrijving niet beschikbaar</desc><category></category></programme><programme channel="191" start="20221128110000 +0000" stop="20221128113000 +0000" catchup-id="899486034"><title>Music Varia</title><date></date><icon src="https://images.tv.kpn.com/epg/default/1920x1080.jpg?blurred=false"></icon><desc>Programmabeschrijving niet beschikbaar</desc><category></category></programme><programme channel="191" start="20221128113000 +0000" stop="20221128143000 +0000" catchup-id="899486037"><title>Moru Bondia</title><date></date><icon src="https://images.tv.kpn.com/epg/default/1920x1080.jpg?blurred=false"></icon><desc>Programmabeschrijving niet beschikbaar</desc><category></category></programme><programme channel="191" start="20221128143000 +0000" stop="20221128160000 +0000" catchup-id="899486040"><title>Mainta</title><date></date><icon src="https://images.tv.kpn.com/epg/default/1920x1080.jpg?blurred=false"></icon><desc>Programmabeschrijving niet beschikbaar</desc><category></category></programme><programme channel="191" start="20221128160000 +0000" stop="20221128170000 +0000" catchup-id="899486043"><title>Dune Un Chens</title><date></date><icon src="https://images.tv.kpn.com/epg/default/1920x1080.jpg?blurred=false"></icon><desc>Programmabeschrijving niet beschikbaar</desc><category></category></programme><programme channel="191" start="20221128170000 +0000" stop="20221128173000 +0000" catchup-id="899486046"><title>Nieuws Curacao</title><date></date><icon src="https://images.tv.kpn.com/epg/default/1920x1080.jpg?blurred=false"></icon><desc>Programmabeschrijving niet beschikbaar</desc><category></category></programme><programme channel="191" start="20221128173000 +0000" stop="20221128200000 +0000" catchup-id="899486049"><title>Bo Trai Merdia</title><date></date><icon src="https://images.tv.kpn.com/epg/default/1920x1080.jpg?blurred=false"></icon><desc>Programmabeschrijving niet beschikbaar</desc><category></category></programme><programme channel="191" start="20221128200000 +0000" stop="20221128210000 +0000" catchup-id="899486052"><title>We Talk</title><date></date><icon src="https://images.tv.kpn.com/epg/default/1920x1080.jpg?blurred=false"></icon><desc>Programmabeschrijving niet beschikbaar</desc><category></category></programme><programme channel="191" start="20221128210000 +0000" stop="20221128220000 +0000" catchup-id="899486055"><title>Nieuws Aruba</title><date></date><icon src="https://images.tv.kpn.com/epg/default/1920x1080.jpg?blurred=false"></icon><desc>Programmabeschrijving niet beschikbaar</desc><category></category></programme><programme channel="191" start="20221128220000 +0000" stop="20221128230000 +0000" catchup-id="899486058"><title>Nieuws Suriname</title><date></date><icon src="https://images.tv.kpn.com/epg/default/1920x1080.jpg?blurred=false"></icon><desc>Programmabeschrijving niet beschikbaar</desc><category></category></programme><programme channel="191" start="20221128230000 +0000" stop="20221129000000 +0000" catchup-id="899528406"><title>Punto Final</title><date></date><icon src="https://images.tv.kpn.com/epg/default/1920x1080.jpg?blurred=false"></icon><desc>Programmabeschrijving niet beschikbaar</desc><category></category></programme><programme channel="191" start="20221129000000 +0000" stop="20221129010000 +0000" catchup-id="899528409"><title>Nahason</title><date></date><icon src="https://images.tv.kpn.com/epg/default/1920x1080.jpg?blurred=false"></icon><desc>Programmabeschrijving niet beschikbaar</desc><category></category></programme><programme channel="191" start="20221129010000 +0000" stop="20221129050000 +0000" catchup-id="899528412"><title>Tele Curacao</title><date></date><icon src="https://images.tv.kpn.com/epg/default/1920x1080.jpg?blurred=false"></icon><desc>Programmabeschrijving niet beschikbaar</desc><category></category></programme><programme channel="191" start="20221129050000 +0000" stop="20221129070000 +0000" catchup-id="899528415"><title>Tcfm</title><date></date><icon src="https://images.tv.kpn.com/epg/default/1920x1080.jpg?blurred=false"></icon><desc>Programmabeschrijving niet beschikbaar</desc><category></category></programme><programme channel="191" start="20221129070000 +0000" stop="20221129080000 +0000" catchup-id="899528418"><title>Herhaling Nieuws Curacao</title><date></date><icon src="https://images.tv.kpn.com/epg/default/1920x1080.jpg?blurred=false"></icon><desc>Programmabeschrijving niet beschikbaar</desc><category></category></programme><programme channel="191" start="20221129080000 +0000" stop="20221129090000 +0000" catchup-id="899528421"><title>Bonochi Korsou</title><date></date><icon src="https://images.tv.kpn.com/epg/default/1920x1080.jpg?blurred=false"></icon><desc>Programmabeschrijving niet beschikbaar</desc><category></category></programme><programme channel="191" start="20221129090000 +0000" stop="20221129100000 +0000" catchup-id="899528424"><title>Punto Final</title><date></date><icon src="https://images.tv.kpn.com/epg/default/1920x1080.jpg?blurred=false"></icon><desc>Programmabeschrijving niet beschikbaar</desc><category></category></programme><programme channel="191" start="20221129100000 +0000" stop="20221129110000 +0000" catchup-id="899528427"><title>Desiree</title><date></date><icon src="https://images.tv.kpn.com/epg/default/1920x1080.jpg?blurred=false"></icon><desc>Programmabeschrijving niet beschikbaar</desc><category></category></programme><programme channel="191" start="20221129110000 +0000" stop="20221129113000 +0000" catchup-id="899528430"><title>Music Varia</title><date></date><icon src="https://images.tv.kpn.com/epg/default/1920x1080.jpg?blurred=false"></icon><desc>Programmabeschrijving niet beschikbaar</desc><category></category></programme><programme channel="191" start="20221129113000 +0000" stop="20221129143000 +0000" catchup-id="899528433"><title>Moru Bondia</title><date></date><icon src="https://images.tv.kpn.com/epg/default/1920x1080.jpg?blurred=false"></icon><desc>Programmabeschrijving niet beschikbaar</desc><category></category></programme><programme channel="191" start="20221129143000 +0000" stop="20221129160000 +0000" catchup-id="899528436"><title>Mainta</title><date></date><icon src="https://images.tv.kpn.com/epg/default/1920x1080.jpg?blurred=false"></icon><desc>Programmabeschrijving niet beschikbaar</desc><category></category></programme><programme channel="191" start="20221129160000 +0000" stop="20221129170000 +0000" catchup-id="899528439"><title>Dune Un Chens</title><date></date><icon src="https://images.tv.kpn.com/epg/default/1920x1080.jpg?blurred=false"></icon><desc>Programmabeschrijving niet beschikbaar</desc><category></category></programme><programme channel="191" start="20221129170000 +0000" stop="20221129173000 +0000" catchup-id="899528442"><title>Nieuws Curacao</title><date></date><icon src="https://images.tv.kpn.com/epg/default/1920x1080.jpg?blurred=false"></icon><desc>Programmabeschrijving niet beschikbaar</desc><category></category></programme><programme channel="191" start="20221129173000 +0000" stop="20221129200000 +0000" catchup-id="899528445"><title>Bo Trai Merdia</title><date></date><icon src="https://images.tv.kpn.com/epg/default/1920x1080.jpg?blurred=false"></icon><desc>Programmabeschrijving niet beschikbaar</desc><category></category></programme><programme channel="191" start="20221129200000 +0000" stop="20221129210000 +0000" catchup-id="899528448"><title>We Talk</title><date></date><icon src="https://images.tv.kpn.com/epg/default/1920x1080.jpg?blurred=false"></icon><desc>Programmabeschrijving niet beschikbaar</desc><category></category></programme><programme channel="191" start="20221129210000 +0000" stop="20221129220000 +0000" catchup-id="899528451"><title>Nieuws Aruba</title><date></date><icon src="https://images.tv.kpn.com/epg/default/1920x1080.jpg?blurred=false"></icon><desc>Programmabeschrijving niet beschikbaar</desc><category></category></programme><programme channel="191" start="20221129220000 +0000" stop="20221129230000 +0000" catchup-id="899528454"><title>Nieuws Suriname</title><date></date><icon src="https://images.tv.kpn.com/epg/default/1920x1080.jpg?blurred=false"></icon><desc>Programmabeschrijving niet beschikbaar</desc><category></category></programme><programme channel="191" start="20221129230000 +0000" stop="20221130000000 +0000" catchup-id="899574726"><title>Punto Final</title><date></date><icon src="https://images.tv.kpn.com/epg/default/1920x1080.jpg?blurred=false"></icon><desc>Programmabeschrijving niet beschikbaar</desc><category></category></programme><programme channel="191" start="20221130000000 +0000" stop="20221130010000 +0000" catchup-id="899574729"><title>Vvrp Ta Informa</title><date></date><icon src="https://images.tv.kpn.com/epg/default/1920x1080.jpg?blurred=false"></icon><desc>Programmabeschrijving niet beschikbaar</desc><category></category></programme><programme channel="191" start="20221130010000 +0000" stop="20221130050000 +0000" catchup-id="899574732"><title>Tele Curacao</title><date></date><icon src="https://images.tv.kpn.com/epg/default/1920x1080.jpg?blurred=false"></icon><desc>Programmabeschrijving niet beschikbaar</desc><category></category></programme><programme channel="191" start="20221130050000 +0000" stop="20221130070000 +0000" catchup-id="899574735"><title>Tcfm</title><date></date><icon src="https://images.tv.kpn.com/epg/default/1920x1080.jpg?blurred=false"></icon><desc>Programmabeschrijving niet beschikbaar</desc><category></category></programme><programme channel="191" start="20221130070000 +0000" stop="20221130080000 +0000" catchup-id="899574738"><title>Herhaling Nieuws Curacao</title><date></date><icon src="https://images.tv.kpn.com/epg/default/1920x1080.jpg?blurred=false"></icon><desc>Programmabeschrijving niet beschikbaar</desc><category></category></programme><programme channel="191" start="20221130080000 +0000" stop="20221130090000 +0000" catchup-id="899574741"><title>Bonochi Korsou</title><date></date><icon src="https://images.tv.kpn.com/epg/default/1920x1080.jpg?blurred=false"></icon><desc>Programmabeschrijving niet beschikbaar</desc><category></category></programme><programme channel="191" start="20221130090000 +0000" stop="20221130100000 +0000" catchup-id="899574744"><title>Punto Final</title><date></date><icon src="https://images.tv.kpn.com/epg/default/1920x1080.jpg?blurred=false"></icon><desc>Programmabeschrijving niet beschikbaar</desc><category></category></programme><programme channel="191" start="20221130100000 +0000" stop="20221130110000 +0000" catchup-id="899574747"><title>Harhaling Nieuws Aruba</title><date></date><icon src="https://images.tv.kpn.com/epg/default/1920x1080.jpg?blurred=false"></icon><desc>Programmabeschrijving niet beschikbaar</desc><category></category></programme><programme channel="191" start="20221130110000 +0000" stop="20221130113000 +0000" catchup-id="899574750"><title>Music Varia</title><date></date><icon src="https://images.tv.kpn.com/epg/default/1920x1080.jpg?blurred=false"></icon><desc>Programmabeschrijving niet beschikbaar</desc><category></category></programme><programme channel="191" start="20221130113000 +0000" stop="20221130143000 +0000" catchup-id="899574753"><title>Moru Bondia</title><date></date><icon src="https://images.tv.kpn.com/epg/default/1920x1080.jpg?blurred=false"></icon><desc>Programmabeschrijving niet beschikbaar</desc><category></category></programme><programme channel="191" start="20221130143000 +0000" stop="20221130160000 +0000" catchup-id="899574756"><title>Mainta</title><date></date><icon src="https://images.tv.kpn.com/epg/default/1920x1080.jpg?blurred=false"></icon><desc>Programmabeschrijving niet beschikbaar</desc><category></category></programme><programme channel="191" start="20221130160000 +0000" stop="20221130170000 +0000" catchup-id="899574759"><title>Dune Un Chens</title><date></date><icon src="https://images.tv.kpn.com/epg/default/1920x1080.jpg?blurred=false"></icon><desc>Programmabeschrijving niet beschikbaar</desc><category></category></programme><programme channel="191" start="20221130170000 +0000" stop="20221130173000 +0000" catchup-id="899574762"><title>Nieuws Curacao</title><date></date><icon src="https://images.tv.kpn.com/epg/default/1920x1080.jpg?blurred=false"></icon><desc>Programmabeschrijving niet beschikbaar</desc><category></category></programme><programme channel="191" start="20221130173000 +0000" stop="20221130200000 +0000" catchup-id="899574765"><title>Bo Trai Merdia</title><date></date><icon src="https://images.tv.kpn.com/epg/default/1920x1080.jpg?blurred=false"></icon><desc>Programmabeschrijving niet beschikbaar</desc><category></category></programme><programme channel="191" start="20221130200000 +0000" stop="20221130210000 +0000" catchup-id="899574768"><title>We Talk</title><date></date><icon src="https://images.tv.kpn.com/epg/default/1920x1080.jpg?blurred=false"></icon><desc>Programmabeschrijving niet beschikbaar</desc><category></category></programme><programme channel="191" start="20221130210000 +0000" stop="20221130220000 +0000" catchup-id="899574771"><title>Nieuws Aruba</title><date></date><icon src="https://images.tv.kpn.com/epg/default/1920x1080.jpg?blurred=false"></icon><desc>Programmabeschrijving niet beschikbaar</desc><category></category></programme><programme channel="191" start="20221130220000 +0000" stop="20221130230000 +0000" catchup-id="899574774"><title>Nieuws Suriname</title><date></date><icon src="https://images.tv.kpn.com/epg/default/1920x1080.jpg?blurred=false"></icon><desc>Programmabeschrijving niet beschikbaar</desc><category></category></programme><programme channel="191" start="20221130230000 +0000" stop="20221201000000 +0000" catchup-id="899619471"><title>Punto Final</title><date></date><icon src="https://images.tv.kpn.com/epg/default/1920x1080.jpg?blurred=false"></icon><desc>Programmabeschrijving niet beschikbaar</desc><category></category></programme><programme channel="191" start="20221201000000 +0000" stop="20221201010000 +0000" catchup-id="899619477"><title>Caribbean Vibration</title><date></date><icon src="https://images.tv.kpn.com/epg/default/1920x1080.jpg?blurred=false"></icon><desc>Programmabeschrijving niet beschikbaar</desc><category></category></programme><programme channel="191" start="20221201010000 +0000" stop="20221201050000 +0000" catchup-id="899619483"><title>Tele Curacao</title><date></date><icon src="https://images.tv.kpn.com/epg/default/1920x1080.jpg?blurred=false"></icon><desc>Programmabeschrijving niet beschikbaar</desc><category></category></programme><programme channel="191" start="20221201050000 +0000" stop="20221201070000 +0000" catchup-id="899619489"><title>Tcfm</title><date></date><icon src="https://images.tv.kpn.com/epg/default/1920x1080.jpg?blurred=false"></icon><desc>Programmabeschrijving niet beschikbaar</desc><category></category></programme><programme channel="191" start="20221201070000 +0000" stop="20221201080000 +0000" catchup-id="899619495"><title>Herhaling Nieuws Curacao</title><date></date><icon src="https://images.tv.kpn.com/epg/default/1920x1080.jpg?blurred=false"></icon><desc>Programmabeschrijving niet beschikbaar</desc><category></category></programme><programme channel="191" start="20221201080000 +0000" stop="20221201090000 +0000" catchup-id="899619498"><title>Bonochi Korsou</title><date></date><icon src="https://images.tv.kpn.com/epg/default/1920x1080.jpg?blurred=false"></icon><desc>Programmabeschrijving niet beschikbaar</desc><category></category></programme><programme channel="191" start="20221201090000 +0000" stop="20221201100000 +0000" catchup-id="899619504"><title>Punto Final</title><date></date><icon src="https://images.tv.kpn.com/epg/default/1920x1080.jpg?blurred=false"></icon><desc>Programmabeschrijving niet beschikbaar</desc><category></category></programme><programme channel="191" start="20221201100000 +0000" stop="20221201110000 +0000" catchup-id="899619513"><title>Desiree</title><date></date><icon src="https://images.tv.kpn.com/epg/default/1920x1080.jpg?blurred=false"></icon><desc>Programmabeschrijving niet beschikbaar</desc><category></category></programme><programme channel="191" start="20221201110000 +0000" stop="20221201113000 +0000" catchup-id="899619519"><title>Music Varia</title><date></date><icon src="https://images.tv.kpn.com/epg/default/1920x1080.jpg?blurred=false"></icon><desc>Programmabeschrijving niet beschikbaar</desc><category></category></programme><programme channel="191" start="20221201113000 +0000" stop="20221201143000 +0000" catchup-id="899619525"><title>Moru Bondia</title><date></date><icon src="https://images.tv.kpn.com/epg/default/1920x1080.jpg?blurred=false"></icon><desc>Programmabeschrijving niet beschikbaar</desc><category></category></programme><programme channel="191" start="20221201143000 +0000" stop="20221201160000 +0000" catchup-id="899619531"><title>Mainta</title><date></date><icon src="https://images.tv.kpn.com/epg/default/1920x1080.jpg?blurred=false"></icon><desc>Programmabeschrijving niet beschikbaar</desc><category></category></programme><programme channel="191" start="20221201160000 +0000" stop="20221201170000 +0000" catchup-id="899619537"><title>Dune Un Chens</title><date></date><icon src="https://images.tv.kpn.com/epg/default/1920x1080.jpg?blurred=false"></icon><desc>Programmabeschrijving niet beschikbaar</desc><category></category></programme><programme channel="191" start="20221201170000 +0000" stop="20221201173000 +0000" catchup-id="899619543"><title>Nieuws Curacao</title><date></date><icon src="https://images.tv.kpn.com/epg/default/1920x1080.jpg?blurred=false"></icon><desc>Programmabeschrijving niet beschikbaar</desc><category></category></programme><programme channel="191" start="20221201173000 +0000" stop="20221201200000 +0000" catchup-id="899619549"><title>Bo Trai Merdia</title><date></date><icon src="https://images.tv.kpn.com/epg/default/1920x1080.jpg?blurred=false"></icon><desc>Programmabeschrijving niet beschikbaar</desc><category></category></programme><programme channel="191" start="20221201200000 +0000" stop="20221201210000 +0000" catchup-id="899619552"><title>We Talk</title><date></date><icon src="https://images.tv.kpn.com/epg/default/1920x1080.jpg?blurred=false"></icon><desc>Programmabeschrijving niet beschikbaar</desc><category></category></programme><programme channel="191" start="20221201210000 +0000" stop="20221201220000 +0000" catchup-id="899619561"><title>Nieuws Aruba</title><date></date><icon src="https://images.tv.kpn.com/epg/default/1920x1080.jpg?blurred=false"></icon><desc>Programmabeschrijving niet beschikbaar</desc><category></category></programme><programme channel="191" start="20221201220000 +0000" stop="20221201230000 +0000" catchup-id="899619567"><title>Nieuws Suriname</title><date></date><icon src="https://images.tv.kpn.com/epg/default/1920x1080.jpg?blurred=false"></icon><desc>Programmabeschrijving niet beschikbaar</desc><category></category></programme><programme channel="191" start="20221201230000 +0000" stop="20221202000000 +0000" catchup-id="899665743"><title>Punto Final</title><date></date><icon src="https://images.tv.kpn.com/epg/default/1920x1080.jpg?blurred=false"></icon><desc>Programmabeschrijving niet beschikbaar</desc><category></category></programme><programme channel="191" start="20221202000000 +0000" stop="20221202010000 +0000" catchup-id="899665746"><title>Gerard &amp; Wijngaarden</title><date></date><icon src="https://images.tv.kpn.com/epg/default/1920x1080.jpg?blurred=false"></icon><desc>Programmabeschrijving niet beschikbaar</desc><category></category></programme><programme channel="191" start="20221202010000 +0000" stop="20221202050000 +0000" catchup-id="899665749"><title>Tele Curacao</title><date></date><icon src="https://images.tv.kpn.com/epg/default/1920x1080.jpg?blurred=false"></icon><desc>Programmabeschrijving niet beschikbaar</desc><category></category></programme><programme channel="191" start="20221202050000 +0000" stop="20221202070000 +0000" catchup-id="899665752"><title>Tcfm</title><date></date><icon src="https://images.tv.kpn.com/epg/default/1920x1080.jpg?blurred=false"></icon><desc>Programmabeschrijving niet beschikbaar</desc><category></category></programme><programme channel="191" start="20221202070000 +0000" stop="20221202080000 +0000" catchup-id="899665755"><title>Herhaling Nieuws Curacao</title><date></date><icon src="https://images.tv.kpn.com/epg/default/1920x1080.jpg?blurred=false"></icon><desc>Programmabeschrijving niet beschikbaar</desc><category></category></programme><programme channel="191" start="20221202080000 +0000" stop="20221202090000 +0000" catchup-id="899665758"><title>Bonochi Korsou</title><date></date><icon src="https://images.tv.kpn.com/epg/default/1920x1080.jpg?blurred=false"></icon><desc>Programmabeschrijving niet beschikbaar</desc><category></category></programme><programme channel="191" start="20221202090000 +0000" stop="20221202100000 +0000" catchup-id="899665761"><title>Punto Final</title><date></date><icon src="https://images.tv.kpn.com/epg/default/1920x1080.jpg?blurred=false"></icon><desc>Programmabeschrijving niet beschikbaar</desc><category></category></programme><programme channel="191" start="20221202100000 +0000" stop="20221202110000 +0000" catchup-id="899665764"><title>Desiree</title><date></date><icon src="https://images.tv.kpn.com/epg/default/1920x1080.jpg?blurred=false"></icon><desc>Programmabeschrijving niet beschikbaar</desc><category></category></programme><programme channel="191" start="20221202110000 +0000" stop="20221202113000 +0000" catchup-id="899665767"><title>Music Varia</title><date></date><icon src="https://images.tv.kpn.com/epg/default/1920x1080.jpg?blurred=false"></icon><desc>Programmabeschrijving niet beschikbaar</desc><category></category></programme><programme channel="191" start="20221202113000 +0000" stop="20221202143000 +0000" catchup-id="899665770"><title>Moru Bondia</title><date></date><icon src="https://images.tv.kpn.com/epg/default/1920x1080.jpg?blurred=false"></icon><desc>Programmabeschrijving niet beschikbaar</desc><category></category></programme><programme channel="191" start="20221202143000 +0000" stop="20221202160000 +0000" catchup-id="899665773"><title>Mainta</title><date></date><icon src="https://images.tv.kpn.com/epg/default/1920x1080.jpg?blurred=false"></icon><desc>Programmabeschrijving niet beschikbaar</desc><category></category></programme><programme channel="191" start="20221202160000 +0000" stop="20221202170000 +0000" catchup-id="899665776"><title>Dune Un Chens</title><date></date><icon src="https://images.tv.kpn.com/epg/default/1920x1080.jpg?blurred=false"></icon><desc>Programmabeschrijving niet beschikbaar</desc><category></category></programme><programme channel="191" start="20221202170000 +0000" stop="20221202173000 +0000" catchup-id="899665779"><title>Nieuws Curacao</title><date></date><icon src="https://images.tv.kpn.com/epg/default/1920x1080.jpg?blurred=false"></icon><desc>Programmabeschrijving niet beschikbaar</desc><category></category></programme><programme channel="191" start="20221202173000 +0000" stop="20221202200000 +0000" catchup-id="899665782"><title>Bo Trai Merdia</title><date></date><icon src="https://images.tv.kpn.com/epg/default/1920x1080.jpg?blurred=false"></icon><desc>Programmabeschrijving niet beschikbaar</desc><category></category></programme><programme channel="191" start="20221202200000 +0000" stop="20221202210000 +0000" catchup-id="899665785"><title>We Talk</title><date></date><icon src="https://images.tv.kpn.com/epg/default/1920x1080.jpg?blurred=false"></icon><desc>Programmabeschrijving niet beschikbaar</desc><category></category></programme><programme channel="191" start="20221202210000 +0000" stop="20221202220000 +0000" catchup-id="899665788"><title>Nieuws Aruba</title><date></date><icon src="https://images.tv.kpn.com/epg/default/1920x1080.jpg?blurred=false"></icon><desc>Programmabeschrijving niet beschikbaar</desc><category></category></programme><programme channel="191" start="20221202220000 +0000" stop="20221202230000 +0000" catchup-id="899665791"><title>Nieuws Suriname</title><date></date><icon src="https://images.tv.kpn.com/epg/default/1920x1080.jpg?blurred=false"></icon><desc>Programmabeschrijving niet beschikbaar</desc><category></category></programme><programme channel="191" start="20221202230000 +0000" stop="20221203000000 +0000" catchup-id="899708787"><title>Latin Lounge</title><date></date><icon src="https://images.tv.kpn.com/epg/default/1920x1080.jpg?blurred=false"></icon><desc>Programmabeschrijving niet beschikbaar</desc><category></category></programme><programme channel="191" start="20221203000000 +0000" stop="20221203010000 +0000" catchup-id="899708790"><title>Gerard &amp; Wijngaarden</title><date></date><icon src="https://images.tv.kpn.com/epg/default/1920x1080.jpg?blurred=false"></icon><desc>Programmabeschrijving niet beschikbaar</desc><category></category></programme><programme channel="191" start="20221203010000 +0000" stop="20221203050000 +0000" catchup-id="899708793"><title>Tele Curacao</title><date></date><icon src="https://images.tv.kpn.com/epg/default/1920x1080.jpg?blurred=false"></icon><desc>Programmabeschrijving niet beschikbaar</desc><category></category></programme><programme channel="191" start="20221203050000 +0000" stop="20221203070000 +0000" catchup-id="899708796"><title>Konsierto</title><date></date><icon src="https://images.tv.kpn.com/epg/default/1920x1080.jpg?blurred=false"></icon><desc>Programmabeschrijving niet beschikbaar</desc><category></category></programme><programme channel="191" start="20221203070000 +0000" stop="20221203080000 +0000" catchup-id="899708799"><title>Bam</title><date></date><icon src="https://images.tv.kpn.com/epg/default/1920x1080.jpg?blurred=false"></icon><desc>Programmabeschrijving niet beschikbaar</desc><category></category></programme><programme channel="191" start="20221203080000 +0000" stop="20221203090000 +0000" catchup-id="899708802"><title>Hptv</title><date></date><icon src="https://images.tv.kpn.com/epg/default/1920x1080.jpg?blurred=false"></icon><desc>Programmabeschrijving niet beschikbaar</desc><category></category></programme><programme channel="191" start="20221203090000 +0000" stop="20221203100000 +0000" catchup-id="899708805"><title>Punto Final</title><date></date><icon src="https://images.tv.kpn.com/epg/default/1920x1080.jpg?blurred=false"></icon><desc>Programmabeschrijving niet beschikbaar</desc><category></category></programme><programme channel="191" start="20221203100000 +0000" stop="20221203110000 +0000" catchup-id="899708808"><title>Herhaling Nieuws Aruba</title><date></date><icon src="https://images.tv.kpn.com/epg/default/1920x1080.jpg?blurred=false"></icon><desc>Programmabeschrijving niet beschikbaar</desc><category></category></programme><programme channel="191" start="20221203110000 +0000" stop="20221203113000 +0000" catchup-id="899708811"><title>Metabolismo</title><date></date><icon src="https://images.tv.kpn.com/epg/default/1920x1080.jpg?blurred=false"></icon><desc>Programmabeschrijving niet beschikbaar</desc><category></category></programme><programme channel="191" start="20221203113000 +0000" stop="20221203143000 +0000" catchup-id="899708814"><title>Belleza Y Maquina</title><date></date><icon src="https://images.tv.kpn.com/epg/default/1920x1080.jpg?blurred=false"></icon><desc>Programmabeschrijving niet beschikbaar</desc><category></category></programme><programme channel="191" start="20221203143000 +0000" stop="20221203160000 +0000" catchup-id="899708817"><title>Jolly Zone</title><date></date><icon src="https://images.tv.kpn.com/epg/default/1920x1080.jpg?blurred=false"></icon><desc>Programmabeschrijving niet beschikbaar</desc><category></category></programme><programme channel="191" start="20221203160000 +0000" stop="20221203180000 +0000" catchup-id="899708820"><title>A Te Zet</title><date></date><icon src="https://images.tv.kpn.com/epg/default/1920x1080.jpg?blurred=false"></icon><desc>Programmabeschrijving niet beschikbaar</desc><category></category></programme><programme channel="191" start="20221203180000 +0000" stop="20221203190000 +0000" catchup-id="899708823"><title>Herensia</title><date></date><icon src="https://images.tv.kpn.com/epg/default/1920x1080.jpg?blurred=false"></icon><desc>Programmabeschrijving niet beschikbaar</desc><category></category></programme><programme channel="191" start="20221203190000 +0000" stop="20221203200000 +0000" catchup-id="899708826"><title>Resumen Trai Merdia</title><date></date><icon src="https://images.tv.kpn.com/epg/default/1920x1080.jpg?blurred=false"></icon><desc>Programmabeschrijving niet beschikbaar</desc><category></category></programme><programme channel="191" start="20221203200000 +0000" stop="20221203210000 +0000" catchup-id="899708829"><title>Eldred &amp; Da Silva</title><date></date><icon src="https://images.tv.kpn.com/epg/default/1920x1080.jpg?blurred=false"></icon><desc>Programmabeschrijving niet beschikbaar</desc><category></category></programme><programme channel="191" start="20221203210000 +0000" stop="20221203220000 +0000" catchup-id="899708832"><title>Nieuws Aruba</title><date></date><icon src="https://images.tv.kpn.com/epg/default/1920x1080.jpg?blurred=false"></icon><desc>Programmabeschrijving niet beschikbaar</desc><category></category></programme>