<programme channel="103" start="20221118230000 +0000" stop="20221119010000 +0000" catchup-id="899080650"><title>Haagse politiek</title><date></date><icon src="https://images.tv.kpn.com/epg/8mP3F2F79AlClT1ZB1upDncdjrnwB1DVleC1p79BKLAmk/1920x1080.jpg?blurred=false"></icon><desc>Themazender van de NPO. De zender belicht dagelijks ontwikkelingen in de landelijke politiek inclusief liveverslag van debatten in de Tweede Kamer en andere politieke gebeurtenissen.</desc><category></category></programme><programme channel="103" start="20221119010000 +0000" stop="20221119030000 +0000" catchup-id="899080653"><title>Haagse politiek</title><date></date><icon src="https://images.tv.kpn.com/epg/8mP3F2F79AlClT1ZB1upDncdjrnwB1DVleC1p79BKLAmk/1920x1080.jpg?blurred=false"></icon><desc>Themazender van de NPO. De zender belicht dagelijks ontwikkelingen in de landelijke politiek inclusief liveverslag van debatten in de Tweede Kamer en andere politieke gebeurtenissen.</desc><category></category></programme><programme channel="103" start="20221119030000 +0000" stop="20221119050000 +0000" catchup-id="899080656"><title>Haagse politiek</title><date></date><icon src="https://images.tv.kpn.com/epg/8mP3F2F79AlClT1ZB1upDncdjrnwB1DVleC1p79BKLAmk/1920x1080.jpg?blurred=false"></icon><desc>Themazender van de NPO. De zender belicht dagelijks ontwikkelingen in de landelijke politiek inclusief liveverslag van debatten in de Tweede Kamer en andere politieke gebeurtenissen.</desc><category></category></programme><programme channel="103" start="20221119050000 +0000" stop="20221119070000 +0000" catchup-id="899080659"><title>Haagse politiek</title><date></date><icon src="https://images.tv.kpn.com/epg/8mP3F2F79AlClT1ZB1upDncdjrnwB1DVleC1p79BKLAmk/1920x1080.jpg?blurred=false"></icon><desc>Themazender van de NPO. De zender belicht dagelijks ontwikkelingen in de landelijke politiek inclusief liveverslag van debatten in de Tweede Kamer en andere politieke gebeurtenissen.</desc><category></category></programme><programme channel="103" start="20221119070000 +0000" stop="20221119090000 +0000" catchup-id="899080662"><title>Haagse politiek</title><date></date><icon src="https://images.tv.kpn.com/epg/8mP3F2F79AlClT1ZB1upDncdjrnwB1DVleC1p79BKLAmk/1920x1080.jpg?blurred=false"></icon><desc>Themazender van de NPO. De zender belicht dagelijks ontwikkelingen in de landelijke politiek inclusief liveverslag van debatten in de Tweede Kamer en andere politieke gebeurtenissen.</desc><category></category></programme><programme channel="103" start="20221119090000 +0000" stop="20221119110000 +0000" catchup-id="899080665"><title>Haagse politiek</title><date></date><icon src="https://images.tv.kpn.com/epg/8mP3F2F79AlClT1ZB1upDncdjrnwB1DVleC1p79BKLAmk/1920x1080.jpg?blurred=false"></icon><desc>Themazender van de NPO. De zender belicht dagelijks ontwikkelingen in de landelijke politiek inclusief liveverslag van debatten in de Tweede Kamer en andere politieke gebeurtenissen.</desc><category></category></programme><programme channel="103" start="20221119110000 +0000" stop="20221119130000 +0000" catchup-id="899080668"><title>Haagse politiek</title><date></date><icon src="https://images.tv.kpn.com/epg/8mP3F2F79AlClT1ZB1upDncdjrnwB1DVleC1p79BKLAmk/1920x1080.jpg?blurred=false"></icon><desc>Themazender van de NPO. De zender belicht dagelijks ontwikkelingen in de landelijke politiek inclusief liveverslag van debatten in de Tweede Kamer en andere politieke gebeurtenissen.</desc><category></category></programme><programme channel="103" start="20221119130000 +0000" stop="20221119150000 +0000" catchup-id="899080671"><title>Haagse politiek</title><date></date><icon src="https://images.tv.kpn.com/epg/8mP3F2F79AlClT1ZB1upDncdjrnwB1DVleC1p79BKLAmk/1920x1080.jpg?blurred=false"></icon><desc>Themazender van de NPO. De zender belicht dagelijks ontwikkelingen in de landelijke politiek inclusief liveverslag van debatten in de Tweede Kamer en andere politieke gebeurtenissen.</desc><category></category></programme><programme channel="103" start="20221119150000 +0000" stop="20221119170000 +0000" catchup-id="899080674"><title>Haagse politiek</title><date></date><icon src="https://images.tv.kpn.com/epg/8mP3F2F79AlClT1ZB1upDncdjrnwB1DVleC1p79BKLAmk/1920x1080.jpg?blurred=false"></icon><desc>Themazender van de NPO. De zender belicht dagelijks ontwikkelingen in de landelijke politiek inclusief liveverslag van debatten in de Tweede Kamer en andere politieke gebeurtenissen.</desc><category></category></programme><programme channel="103" start="20221119170000 +0000" stop="20221119180000 +0000" catchup-id="899080677"><title>Haagse politiek</title><date></date><icon src="https://images.tv.kpn.com/epg/8mP3F2F79AlClT1ZB1upDncdjrnwB1DVleC1p79BKLAmk/1920x1080.jpg?blurred=false"></icon><desc>Themazender van de NPO. De zender belicht dagelijks ontwikkelingen in de landelijke politiek inclusief liveverslag van debatten in de Tweede Kamer en andere politieke gebeurtenissen.</desc><category></category></programme><programme channel="103" start="20221119180000 +0000" stop="20221119190000 +0000" catchup-id="899080680"><title>Haagse politiek</title><date></date><icon src="https://images.tv.kpn.com/epg/8mP3F2F79AlClT1ZB1upDncdjrnwB1DVleC1p79BKLAmk/1920x1080.jpg?blurred=false"></icon><desc>Themazender van de NPO. De zender belicht dagelijks ontwikkelingen in de landelijke politiek inclusief liveverslag van debatten in de Tweede Kamer en andere politieke gebeurtenissen.</desc><category></category></programme><programme channel="103" start="20221119190000 +0000" stop="20221119210000 +0000" catchup-id="899080683"><title>Haagse politiek</title><date></date><icon src="https://images.tv.kpn.com/epg/8mP3F2F79AlClT1ZB1upDncdjrnwB1DVleC1p79BKLAmk/1920x1080.jpg?blurred=false"></icon><desc>Themazender van de NPO. De zender belicht dagelijks ontwikkelingen in de landelijke politiek inclusief liveverslag van debatten in de Tweede Kamer en andere politieke gebeurtenissen.</desc><category></category></programme><programme channel="103" start="20221119210000 +0000" stop="20221119230000 +0000" catchup-id="899080686"><title>Haagse politiek</title><date></date><icon src="https://images.tv.kpn.com/epg/8mP3F2F79AlClT1ZB1upDncdjrnwB1DVleC1p79BKLAmk/1920x1080.jpg?blurred=false"></icon><desc>Themazender van de NPO. De zender belicht dagelijks ontwikkelingen in de landelijke politiek inclusief liveverslag van debatten in de Tweede Kamer en andere politieke gebeurtenissen.</desc><category></category></programme><programme channel="103" start="20221119230000 +0000" stop="20221120010000 +0000" catchup-id="899125617"><title>Haagse politiek</title><date></date><icon src="https://images.tv.kpn.com/epg/8mP3F2F79AlClT1ZB1upDncdjrnwB1DVleC1p79BKLAmk/1920x1080.jpg?blurred=false"></icon><desc>Themazender van de NPO. De zender belicht dagelijks ontwikkelingen in de landelijke politiek inclusief liveverslag van debatten in de Tweede Kamer en andere politieke gebeurtenissen.</desc><category></category></programme><programme channel="103" start="20221120010000 +0000" stop="20221120030000 +0000" catchup-id="899125620"><title>Haagse politiek</title><date></date><icon src="https://images.tv.kpn.com/epg/8mP3F2F79AlClT1ZB1upDncdjrnwB1DVleC1p79BKLAmk/1920x1080.jpg?blurred=false"></icon><desc>Themazender van de NPO. De zender belicht dagelijks ontwikkelingen in de landelijke politiek inclusief liveverslag van debatten in de Tweede Kamer en andere politieke gebeurtenissen.</desc><category></category></programme><programme channel="103" start="20221120030000 +0000" stop="20221120050000 +0000" catchup-id="899125623"><title>Haagse politiek</title><date></date><icon src="https://images.tv.kpn.com/epg/8mP3F2F79AlClT1ZB1upDncdjrnwB1DVleC1p79BKLAmk/1920x1080.jpg?blurred=false"></icon><desc>Themazender van de NPO. De zender belicht dagelijks ontwikkelingen in de landelijke politiek inclusief liveverslag van debatten in de Tweede Kamer en andere politieke gebeurtenissen.</desc><category></category></programme><programme channel="103" start="20221120050000 +0000" stop="20221120070000 +0000" catchup-id="899125626"><title>Haagse politiek</title><date></date><icon src="https://images.tv.kpn.com/epg/8mP3F2F79AlClT1ZB1upDncdjrnwB1DVleC1p79BKLAmk/1920x1080.jpg?blurred=false"></icon><desc>Themazender van de NPO. De zender belicht dagelijks ontwikkelingen in de landelijke politiek inclusief liveverslag van debatten in de Tweede Kamer en andere politieke gebeurtenissen.</desc><category></category></programme><programme channel="103" start="20221120070000 +0000" stop="20221120090000 +0000" catchup-id="899125629"><title>Haagse politiek</title><date></date><icon src="https://images.tv.kpn.com/epg/8mP3F2F79AlClT1ZB1upDncdjrnwB1DVleC1p79BKLAmk/1920x1080.jpg?blurred=false"></icon><desc>Themazender van de NPO. De zender belicht dagelijks ontwikkelingen in de landelijke politiek inclusief liveverslag van debatten in de Tweede Kamer en andere politieke gebeurtenissen.</desc><category></category></programme><programme channel="103" start="20221120090000 +0000" stop="20221120110000 +0000" catchup-id="899125632"><title>Haagse politiek</title><date></date><icon src="https://images.tv.kpn.com/epg/8mP3F2F79AlClT1ZB1upDncdjrnwB1DVleC1p79BKLAmk/1920x1080.jpg?blurred=false"></icon><desc>Themazender van de NPO. De zender belicht dagelijks ontwikkelingen in de landelijke politiek inclusief liveverslag van debatten in de Tweede Kamer en andere politieke gebeurtenissen.</desc><category></category></programme><programme channel="103" start="20221120110000 +0000" stop="20221120130000 +0000" catchup-id="899125635"><title>Haagse politiek</title><date></date><icon src="https://images.tv.kpn.com/epg/8mP3F2F79AlClT1ZB1upDncdjrnwB1DVleC1p79BKLAmk/1920x1080.jpg?blurred=false"></icon><desc>Themazender van de NPO. De zender belicht dagelijks ontwikkelingen in de landelijke politiek inclusief liveverslag van debatten in de Tweede Kamer en andere politieke gebeurtenissen.</desc><category></category></programme><programme channel="103" start="20221120130000 +0000" stop="20221120150000 +0000" catchup-id="899125638"><title>Haagse politiek</title><date></date><icon src="https://images.tv.kpn.com/epg/8mP3F2F79AlClT1ZB1upDncdjrnwB1DVleC1p79BKLAmk/1920x1080.jpg?blurred=false"></icon><desc>Themazender van de NPO. De zender belicht dagelijks ontwikkelingen in de landelijke politiek inclusief liveverslag van debatten in de Tweede Kamer en andere politieke gebeurtenissen.</desc><category></category></programme><programme channel="103" start="20221120150000 +0000" stop="20221120170000 +0000" catchup-id="899125641"><title>Haagse politiek</title><date></date><icon src="https://images.tv.kpn.com/epg/8mP3F2F79AlClT1ZB1upDncdjrnwB1DVleC1p79BKLAmk/1920x1080.jpg?blurred=false"></icon><desc>Themazender van de NPO. De zender belicht dagelijks ontwikkelingen in de landelijke politiek inclusief liveverslag van debatten in de Tweede Kamer en andere politieke gebeurtenissen.</desc><category></category></programme><programme channel="103" start="20221120170000 +0000" stop="20221120180000 +0000" catchup-id="899125644"><title>Haagse politiek</title><date></date><icon src="https://images.tv.kpn.com/epg/8mP3F2F79AlClT1ZB1upDncdjrnwB1DVleC1p79BKLAmk/1920x1080.jpg?blurred=false"></icon><desc>Themazender van de NPO. De zender belicht dagelijks ontwikkelingen in de landelijke politiek inclusief liveverslag van debatten in de Tweede Kamer en andere politieke gebeurtenissen.</desc><category></category></programme><programme channel="103" start="20221120180000 +0000" stop="20221120190000 +0000" catchup-id="899125647"><title>Haagse politiek</title><date></date><icon src="https://images.tv.kpn.com/epg/8mP3F2F79AlClT1ZB1upDncdjrnwB1DVleC1p79BKLAmk/1920x1080.jpg?blurred=false"></icon><desc>Themazender van de NPO. De zender belicht dagelijks ontwikkelingen in de landelijke politiek inclusief liveverslag van debatten in de Tweede Kamer en andere politieke gebeurtenissen.</desc><category></category></programme><programme channel="103" start="20221120190000 +0000" stop="20221120210000 +0000" catchup-id="899125650"><title>Haagse politiek</title><date></date><icon src="https://images.tv.kpn.com/epg/8mP3F2F79AlClT1ZB1upDncdjrnwB1DVleC1p79BKLAmk/1920x1080.jpg?blurred=false"></icon><desc>Themazender van de NPO. De zender belicht dagelijks ontwikkelingen in de landelijke politiek inclusief liveverslag van debatten in de Tweede Kamer en andere politieke gebeurtenissen.</desc><category></category></programme><programme channel="103" start="20221120210000 +0000" stop="20221120230000 +0000" catchup-id="899125653"><title>Haagse politiek</title><date></date><icon src="https://images.tv.kpn.com/epg/8mP3F2F79AlClT1ZB1upDncdjrnwB1DVleC1p79BKLAmk/1920x1080.jpg?blurred=false"></icon><desc>Themazender van de NPO. De zender belicht dagelijks ontwikkelingen in de landelijke politiek inclusief liveverslag van debatten in de Tweede Kamer en andere politieke gebeurtenissen.</desc><category></category></programme><programme channel="103" start="20221120230000 +0000" stop="20221121010000 +0000" catchup-id="899166393"><title>Haagse politiek</title><date></date><icon src="https://images.tv.kpn.com/epg/8mP3F2F79AlClT1ZB1upDncdjrnwB1DVleC1p79BKLAmk/1920x1080.jpg?blurred=false"></icon><desc>Themazender van de NPO. De zender belicht dagelijks ontwikkelingen in de landelijke politiek inclusief liveverslag van debatten in de Tweede Kamer en andere politieke gebeurtenissen.</desc><category></category></programme><programme channel="103" start="20221121010000 +0000" stop="20221121030000 +0000" catchup-id="899166399"><title>Haagse politiek</title><date></date><icon src="https://images.tv.kpn.com/epg/8mP3F2F79AlClT1ZB1upDncdjrnwB1DVleC1p79BKLAmk/1920x1080.jpg?blurred=false"></icon><desc>Themazender van de NPO. De zender belicht dagelijks ontwikkelingen in de landelijke politiek inclusief liveverslag van debatten in de Tweede Kamer en andere politieke gebeurtenissen.</desc><category></category></programme><programme channel="103" start="20221121030000 +0000" stop="20221121050000 +0000" catchup-id="899166405"><title>Haagse politiek</title><date></date><icon src="https://images.tv.kpn.com/epg/8mP3F2F79AlClT1ZB1upDncdjrnwB1DVleC1p79BKLAmk/1920x1080.jpg?blurred=false"></icon><desc>Themazender van de NPO. De zender belicht dagelijks ontwikkelingen in de landelijke politiek inclusief liveverslag van debatten in de Tweede Kamer en andere politieke gebeurtenissen.</desc><category></category></programme><programme channel="103" start="20221121050000 +0000" stop="20221121070000 +0000" catchup-id="899166411"><title>Haagse politiek</title><date></date><icon src="https://images.tv.kpn.com/epg/8mP3F2F79AlClT1ZB1upDncdjrnwB1DVleC1p79BKLAmk/1920x1080.jpg?blurred=false"></icon><desc>Themazender van de NPO. De zender belicht dagelijks ontwikkelingen in de landelijke politiek inclusief liveverslag van debatten in de Tweede Kamer en andere politieke gebeurtenissen.</desc><category></category></programme><programme channel="103" start="20221121070000 +0000" stop="20221121090000 +0000" catchup-id="899166417"><title>Haagse politiek</title><date></date><icon src="https://images.tv.kpn.com/epg/8mP3F2F79AlClT1ZB1upDncdjrnwB1DVleC1p79BKLAmk/1920x1080.jpg?blurred=false"></icon><desc>Themazender van de NPO. De zender belicht dagelijks ontwikkelingen in de landelijke politiek inclusief liveverslag van debatten in de Tweede Kamer en andere politieke gebeurtenissen.</desc><category></category></programme><programme channel="103" start="20221121090000 +0000" stop="20221121110000 +0000" catchup-id="899166423"><title>Haagse politiek</title><date></date><icon src="https://images.tv.kpn.com/epg/8mP3F2F79AlClT1ZB1upDncdjrnwB1DVleC1p79BKLAmk/1920x1080.jpg?blurred=false"></icon><desc>Themazender van de NPO. De zender belicht dagelijks ontwikkelingen in de landelijke politiek inclusief liveverslag van debatten in de Tweede Kamer en andere politieke gebeurtenissen.</desc><category></category></programme><programme channel="103" start="20221121110000 +0000" stop="20221121130000 +0000" catchup-id="899166429"><title>Haagse politiek</title><date></date><icon src="https://images.tv.kpn.com/epg/8mP3F2F79AlClT1ZB1upDncdjrnwB1DVleC1p79BKLAmk/1920x1080.jpg?blurred=false"></icon><desc>Themazender van de NPO. De zender belicht dagelijks ontwikkelingen in de landelijke politiek inclusief liveverslag van debatten in de Tweede Kamer en andere politieke gebeurtenissen.</desc><category></category></programme><programme channel="103" start="20221121130000 +0000" stop="20221121150000 +0000" catchup-id="899166435"><title>Haagse politiek</title><date></date><icon src="https://images.tv.kpn.com/epg/8mP3F2F79AlClT1ZB1upDncdjrnwB1DVleC1p79BKLAmk/1920x1080.jpg?blurred=false"></icon><desc>Themazender van de NPO. De zender belicht dagelijks ontwikkelingen in de landelijke politiek inclusief liveverslag van debatten in de Tweede Kamer en andere politieke gebeurtenissen.</desc><category></category></programme><programme channel="103" start="20221121150000 +0000" stop="20221121170000 +0000" catchup-id="899166441"><title>Haagse politiek</title><date></date><icon src="https://images.tv.kpn.com/epg/8mP3F2F79AlClT1ZB1upDncdjrnwB1DVleC1p79BKLAmk/1920x1080.jpg?blurred=false"></icon><desc>Themazender van de NPO. De zender belicht dagelijks ontwikkelingen in de landelijke politiek inclusief liveverslag van debatten in de Tweede Kamer en andere politieke gebeurtenissen.</desc><category></category></programme><programme channel="103" start="20221121170000 +0000" stop="20221121180000 +0000" catchup-id="899166447"><title>Haagse politiek</title><date></date><icon src="https://images.tv.kpn.com/epg/8mP3F2F79AlClT1ZB1upDncdjrnwB1DVleC1p79BKLAmk/1920x1080.jpg?blurred=false"></icon><desc>Themazender van de NPO. De zender belicht dagelijks ontwikkelingen in de landelijke politiek inclusief liveverslag van debatten in de Tweede Kamer en andere politieke gebeurtenissen.</desc><category></category></programme><programme channel="103" start="20221121180000 +0000" stop="20221121190000 +0000" catchup-id="899166453"><title>Haagse politiek</title><date></date><icon src="https://images.tv.kpn.com/epg/8mP3F2F79AlClT1ZB1upDncdjrnwB1DVleC1p79BKLAmk/1920x1080.jpg?blurred=false"></icon><desc>Themazender van de NPO. De zender belicht dagelijks ontwikkelingen in de landelijke politiek inclusief liveverslag van debatten in de Tweede Kamer en andere politieke gebeurtenissen.</desc><category></category></programme><programme channel="103" start="20221121190000 +0000" stop="20221121210000 +0000" catchup-id="899166459"><title>Haagse politiek</title><date></date><icon src="https://images.tv.kpn.com/epg/8mP3F2F79AlClT1ZB1upDncdjrnwB1DVleC1p79BKLAmk/1920x1080.jpg?blurred=false"></icon><desc>Themazender van de NPO. De zender belicht dagelijks ontwikkelingen in de landelijke politiek inclusief liveverslag van debatten in de Tweede Kamer en andere politieke gebeurtenissen.</desc><category></category></programme><programme channel="103" start="20221121210000 +0000" stop="20221121230000 +0000" catchup-id="899166465"><title>Haagse politiek</title><date></date><icon src="https://images.tv.kpn.com/epg/8mP3F2F79AlClT1ZB1upDncdjrnwB1DVleC1p79BKLAmk/1920x1080.jpg?blurred=false"></icon><desc>Themazender van de NPO. De zender belicht dagelijks ontwikkelingen in de landelijke politiek inclusief liveverslag van debatten in de Tweede Kamer en andere politieke gebeurtenissen.</desc><category></category></programme><programme channel="103" start="20221121230000 +0000" stop="20221122010000 +0000" catchup-id="899210106"><title>Haagse politiek</title><date></date><icon src="https://images.tv.kpn.com/epg/8mP3F2F79AlClT1ZB1upDncdjrnwB1DVleC1p79BKLAmk/1920x1080.jpg?blurred=false"></icon><desc>Themazender van de NPO. De zender belicht dagelijks ontwikkelingen in de landelijke politiek inclusief liveverslag van debatten in de Tweede Kamer en andere politieke gebeurtenissen.</desc><category></category></programme><programme channel="103" start="20221122010000 +0000" stop="20221122030000 +0000" catchup-id="899210109"><title>Haagse politiek</title><date></date><icon src="https://images.tv.kpn.com/epg/8mP3F2F79AlClT1ZB1upDncdjrnwB1DVleC1p79BKLAmk/1920x1080.jpg?blurred=false"></icon><desc>Themazender van de NPO. De zender belicht dagelijks ontwikkelingen in de landelijke politiek inclusief liveverslag van debatten in de Tweede Kamer en andere politieke gebeurtenissen.</desc><category></category></programme><programme channel="103" start="20221122030000 +0000" stop="20221122050000 +0000" catchup-id="899210112"><title>Haagse politiek</title><date></date><icon src="https://images.tv.kpn.com/epg/8mP3F2F79AlClT1ZB1upDncdjrnwB1DVleC1p79BKLAmk/1920x1080.jpg?blurred=false"></icon><desc>Themazender van de NPO. De zender belicht dagelijks ontwikkelingen in de landelijke politiek inclusief liveverslag van debatten in de Tweede Kamer en andere politieke gebeurtenissen.</desc><category></category></programme><programme channel="103" start="20221122050000 +0000" stop="20221122070000 +0000" catchup-id="899210115"><title>Haagse politiek</title><date></date><icon src="https://images.tv.kpn.com/epg/8mP3F2F79AlClT1ZB1upDncdjrnwB1DVleC1p79BKLAmk/1920x1080.jpg?blurred=false"></icon><desc>Themazender van de NPO. De zender belicht dagelijks ontwikkelingen in de landelijke politiek inclusief liveverslag van debatten in de Tweede Kamer en andere politieke gebeurtenissen.</desc><category></category></programme><programme channel="103" start="20221122070000 +0000" stop="20221122090000 +0000" catchup-id="899210118"><title>Haagse politiek</title><date></date><icon src="https://images.tv.kpn.com/epg/8mP3F2F79AlClT1ZB1upDncdjrnwB1DVleC1p79BKLAmk/1920x1080.jpg?blurred=false"></icon><desc>Themazender van de NPO. De zender belicht dagelijks ontwikkelingen in de landelijke politiek inclusief liveverslag van debatten in de Tweede Kamer en andere politieke gebeurtenissen.</desc><category></category></programme><programme channel="103" start="20221122090000 +0000" stop="20221122110000 +0000" catchup-id="899210124"><title>Haagse politiek</title><date></date><icon src="https://images.tv.kpn.com/epg/8mP3F2F79AlClT1ZB1upDncdjrnwB1DVleC1p79BKLAmk/1920x1080.jpg?blurred=false"></icon><desc>Themazender van de NPO. De zender belicht dagelijks ontwikkelingen in de landelijke politiek inclusief liveverslag van debatten in de Tweede Kamer en andere politieke gebeurtenissen.</desc><category></category></programme><programme channel="103" start="20221122110000 +0000" stop="20221122130000 +0000" catchup-id="899210130"><title>Haagse politiek</title><date></date><icon src="https://images.tv.kpn.com/epg/8mP3F2F79AlClT1ZB1upDncdjrnwB1DVleC1p79BKLAmk/1920x1080.jpg?blurred=false"></icon><desc>Themazender van de NPO. De zender belicht dagelijks ontwikkelingen in de landelijke politiek inclusief liveverslag van debatten in de Tweede Kamer en andere politieke gebeurtenissen.</desc><category></category></programme><programme channel="103" start="20221122130000 +0000" stop="20221122150000 +0000" catchup-id="899210136"><title>Haagse politiek</title><date></date><icon src="https://images.tv.kpn.com/epg/8mP3F2F79AlClT1ZB1upDncdjrnwB1DVleC1p79BKLAmk/1920x1080.jpg?blurred=false"></icon><desc>Themazender van de NPO. De zender belicht dagelijks ontwikkelingen in de landelijke politiek inclusief liveverslag van debatten in de Tweede Kamer en andere politieke gebeurtenissen.</desc><category></category></programme><programme channel="103" start="20221122150000 +0000" stop="20221122170000 +0000" catchup-id="899210142"><title>Haagse politiek</title><date></date><icon src="https://images.tv.kpn.com/epg/8mP3F2F79AlClT1ZB1upDncdjrnwB1DVleC1p79BKLAmk/1920x1080.jpg?blurred=false"></icon><desc>Themazender van de NPO. De zender belicht dagelijks ontwikkelingen in de landelijke politiek inclusief liveverslag van debatten in de Tweede Kamer en andere politieke gebeurtenissen.</desc><category></category></programme><programme channel="103" start="20221122170000 +0000" stop="20221122180000 +0000" catchup-id="899210148"><title>Haagse politiek</title><date></date><icon src="https://images.tv.kpn.com/epg/8mP3F2F79AlClT1ZB1upDncdjrnwB1DVleC1p79BKLAmk/1920x1080.jpg?blurred=false"></icon><desc>Themazender van de NPO. De zender belicht dagelijks ontwikkelingen in de landelijke politiek inclusief liveverslag van debatten in de Tweede Kamer en andere politieke gebeurtenissen.</desc><category></category></programme><programme channel="103" start="20221122180000 +0000" stop="20221122190000 +0000" catchup-id="899210154"><title>Haagse politiek</title><date></date><icon src="https://images.tv.kpn.com/epg/8mP3F2F79AlClT1ZB1upDncdjrnwB1DVleC1p79BKLAmk/1920x1080.jpg?blurred=false"></icon><desc>Themazender van de NPO. De zender belicht dagelijks ontwikkelingen in de landelijke politiek inclusief liveverslag van debatten in de Tweede Kamer en andere politieke gebeurtenissen.</desc><category></category></programme><programme channel="103" start="20221122190000 +0000" stop="20221122210000 +0000" catchup-id="899210160"><title>Haagse politiek</title><date></date><icon src="https://images.tv.kpn.com/epg/8mP3F2F79AlClT1ZB1upDncdjrnwB1DVleC1p79BKLAmk/1920x1080.jpg?blurred=false"></icon><desc>Themazender van de NPO. De zender belicht dagelijks ontwikkelingen in de landelijke politiek inclusief liveverslag van debatten in de Tweede Kamer en andere politieke gebeurtenissen.</desc><category></category></programme><programme channel="103" start="20221122210000 +0000" stop="20221122230000 +0000" catchup-id="899210166"><title>Haagse politiek</title><date></date><icon src="https://images.tv.kpn.com/epg/8mP3F2F79AlClT1ZB1upDncdjrnwB1DVleC1p79BKLAmk/1920x1080.jpg?blurred=false"></icon><desc>Themazender van de NPO. De zender belicht dagelijks ontwikkelingen in de landelijke politiek inclusief liveverslag van debatten in de Tweede Kamer en andere politieke gebeurtenissen.</desc><category></category></programme><programme channel="103" start="20221122230000 +0000" stop="20221123010000 +0000" catchup-id="899255241"><title>Haagse politiek</title><date></date><icon src="https://images.tv.kpn.com/epg/8mP3F2F79AlClT1ZB1upDncdjrnwB1DVleC1p79BKLAmk/1920x1080.jpg?blurred=false"></icon><desc>Themazender van de NPO. De zender belicht dagelijks ontwikkelingen in de landelijke politiek inclusief liveverslag van debatten in de Tweede Kamer en andere politieke gebeurtenissen.</desc><category></category></programme><programme channel="103" start="20221123010000 +0000" stop="20221123030000 +0000" catchup-id="899255244"><title>Haagse politiek</title><date></date><icon src="https://images.tv.kpn.com/epg/8mP3F2F79AlClT1ZB1upDncdjrnwB1DVleC1p79BKLAmk/1920x1080.jpg?blurred=false"></icon><desc>Themazender van de NPO. De zender belicht dagelijks ontwikkelingen in de landelijke politiek inclusief liveverslag van debatten in de Tweede Kamer en andere politieke gebeurtenissen.</desc><category></category></programme><programme channel="103" start="20221123030000 +0000" stop="20221123050000 +0000" catchup-id="899255247"><title>Haagse politiek</title><date></date><icon src="https://images.tv.kpn.com/epg/8mP3F2F79AlClT1ZB1upDncdjrnwB1DVleC1p79BKLAmk/1920x1080.jpg?blurred=false"></icon><desc>Themazender van de NPO. De zender belicht dagelijks ontwikkelingen in de landelijke politiek inclusief liveverslag van debatten in de Tweede Kamer en andere politieke gebeurtenissen.</desc><category></category></programme><programme channel="103" start="20221123050000 +0000" stop="20221123070000 +0000" catchup-id="899255250"><title>Haagse politiek</title><date></date><icon src="https://images.tv.kpn.com/epg/8mP3F2F79AlClT1ZB1upDncdjrnwB1DVleC1p79BKLAmk/1920x1080.jpg?blurred=false"></icon><desc>Themazender van de NPO. De zender belicht dagelijks ontwikkelingen in de landelijke politiek inclusief liveverslag van debatten in de Tweede Kamer en andere politieke gebeurtenissen.</desc><category></category></programme><programme channel="103" start="20221123070000 +0000" stop="20221123090000 +0000" catchup-id="899255253"><title>Haagse politiek</title><date></date><icon src="https://images.tv.kpn.com/epg/8mP3F2F79AlClT1ZB1upDncdjrnwB1DVleC1p79BKLAmk/1920x1080.jpg?blurred=false"></icon><desc>Themazender van de NPO. De zender belicht dagelijks ontwikkelingen in de landelijke politiek inclusief liveverslag van debatten in de Tweede Kamer en andere politieke gebeurtenissen.</desc><category></category></programme><programme channel="103" start="20221123090000 +0000" stop="20221123110000 +0000" catchup-id="899255256"><title>Haagse politiek</title><date></date><icon src="https://images.tv.kpn.com/epg/8mP3F2F79AlClT1ZB1upDncdjrnwB1DVleC1p79BKLAmk/1920x1080.jpg?blurred=false"></icon><desc>Themazender van de NPO. De zender belicht dagelijks ontwikkelingen in de landelijke politiek inclusief liveverslag van debatten in de Tweede Kamer en andere politieke gebeurtenissen.</desc><category></category></programme><programme channel="103" start="20221123110000 +0000" stop="20221123130000 +0000" catchup-id="899255259"><title>Haagse politiek</title><date></date><icon src="https://images.tv.kpn.com/epg/8mP3F2F79AlClT1ZB1upDncdjrnwB1DVleC1p79BKLAmk/1920x1080.jpg?blurred=false"></icon><desc>Themazender van de NPO. De zender belicht dagelijks ontwikkelingen in de landelijke politiek inclusief liveverslag van debatten in de Tweede Kamer en andere politieke gebeurtenissen.</desc><category></category></programme><programme channel="103" start="20221123130000 +0000" stop="20221123150000 +0000" catchup-id="899255262"><title>Haagse politiek</title><date></date><icon src="https://images.tv.kpn.com/epg/8mP3F2F79AlClT1ZB1upDncdjrnwB1DVleC1p79BKLAmk/1920x1080.jpg?blurred=false"></icon><desc>Themazender van de NPO. De zender belicht dagelijks ontwikkelingen in de landelijke politiek inclusief liveverslag van debatten in de Tweede Kamer en andere politieke gebeurtenissen.</desc><category></category></programme><programme channel="103" start="20221123150000 +0000" stop="20221123170000 +0000" catchup-id="899255265"><title>Haagse politiek</title><date></date><icon src="https://images.tv.kpn.com/epg/8mP3F2F79AlClT1ZB1upDncdjrnwB1DVleC1p79BKLAmk/1920x1080.jpg?blurred=false"></icon><desc>Themazender van de NPO. De zender belicht dagelijks ontwikkelingen in de landelijke politiek inclusief liveverslag van debatten in de Tweede Kamer en andere politieke gebeurtenissen.</desc><category></category></programme><programme channel="103" start="20221123170000 +0000" stop="20221123180000 +0000" catchup-id="899255268"><title>Haagse politiek</title><date></date><icon src="https://images.tv.kpn.com/epg/8mP3F2F79AlClT1ZB1upDncdjrnwB1DVleC1p79BKLAmk/1920x1080.jpg?blurred=false"></icon><desc>Themazender van de NPO. De zender belicht dagelijks ontwikkelingen in de landelijke politiek inclusief liveverslag van debatten in de Tweede Kamer en andere politieke gebeurtenissen.</desc><category></category></programme><programme channel="103" start="20221123180000 +0000" stop="20221123190000 +0000" catchup-id="899255271"><title>Haagse politiek</title><date></date><icon src="https://images.tv.kpn.com/epg/8mP3F2F79AlClT1ZB1upDncdjrnwB1DVleC1p79BKLAmk/1920x1080.jpg?blurred=false"></icon><desc>Themazender van de NPO. De zender belicht dagelijks ontwikkelingen in de landelijke politiek inclusief liveverslag van debatten in de Tweede Kamer en andere politieke gebeurtenissen.</desc><category></category></programme><programme channel="103" start="20221123190000 +0000" stop="20221123210000 +0000" catchup-id="899255274"><title>Haagse politiek</title><date></date><icon src="https://images.tv.kpn.com/epg/8mP3F2F79AlClT1ZB1upDncdjrnwB1DVleC1p79BKLAmk/1920x1080.jpg?blurred=false"></icon><desc>Themazender van de NPO. De zender belicht dagelijks ontwikkelingen in de landelijke politiek inclusief liveverslag van debatten in de Tweede Kamer en andere politieke gebeurtenissen.</desc><category></category></programme><programme channel="103" start="20221123210000 +0000" stop="20221123230000 +0000" catchup-id="899255277"><title>Haagse politiek</title><date></date><icon src="https://images.tv.kpn.com/epg/8mP3F2F79AlClT1ZB1upDncdjrnwB1DVleC1p79BKLAmk/1920x1080.jpg?blurred=false"></icon><desc>Themazender van de NPO. De zender belicht dagelijks ontwikkelingen in de landelijke politiek inclusief liveverslag van debatten in de Tweede Kamer en andere politieke gebeurtenissen.</desc><category></category></programme><programme channel="103" start="20221123230000 +0000" stop="20221124010000 +0000" catchup-id="899302059"><title>Haagse politiek</title><date></date><icon src="https://images.tv.kpn.com/epg/8mP3F2F79AlClT1ZB1upDncdjrnwB1DVleC1p79BKLAmk/1920x1080.jpg?blurred=false"></icon><desc>Themazender van de NPO. De zender belicht dagelijks ontwikkelingen in de landelijke politiek inclusief liveverslag van debatten in de Tweede Kamer en andere politieke gebeurtenissen.</desc><category></category></programme><programme channel="103" start="20221124010000 +0000" stop="20221124030000 +0000" catchup-id="899302065"><title>Haagse politiek</title><date></date><icon src="https://images.tv.kpn.com/epg/8mP3F2F79AlClT1ZB1upDncdjrnwB1DVleC1p79BKLAmk/1920x1080.jpg?blurred=false"></icon><desc>Themazender van de NPO. De zender belicht dagelijks ontwikkelingen in de landelijke politiek inclusief liveverslag van debatten in de Tweede Kamer en andere politieke gebeurtenissen.</desc><category></category></programme><programme channel="103" start="20221124030000 +0000" stop="20221124050000 +0000" catchup-id="899302071"><title>Haagse politiek</title><date></date><icon src="https://images.tv.kpn.com/epg/8mP3F2F79AlClT1ZB1upDncdjrnwB1DVleC1p79BKLAmk/1920x1080.jpg?blurred=false"></icon><desc>Themazender van de NPO. De zender belicht dagelijks ontwikkelingen in de landelijke politiek inclusief liveverslag van debatten in de Tweede Kamer en andere politieke gebeurtenissen.</desc><category></category></programme><programme channel="103" start="20221124050000 +0000" stop="20221124070000 +0000" catchup-id="899302074"><title>Haagse politiek</title><date></date><icon src="https://images.tv.kpn.com/epg/8mP3F2F79AlClT1ZB1upDncdjrnwB1DVleC1p79BKLAmk/1920x1080.jpg?blurred=false"></icon><desc>Themazender van de NPO. De zender belicht dagelijks ontwikkelingen in de landelijke politiek inclusief liveverslag van debatten in de Tweede Kamer en andere politieke gebeurtenissen.</desc><category></category></programme><programme channel="103" start="20221124070000 +0000" stop="20221124090000 +0000" catchup-id="899302080"><title>Haagse politiek</title><date></date><icon src="https://images.tv.kpn.com/epg/8mP3F2F79AlClT1ZB1upDncdjrnwB1DVleC1p79BKLAmk/1920x1080.jpg?blurred=false"></icon><desc>Themazender van de NPO. De zender belicht dagelijks ontwikkelingen in de landelijke politiek inclusief liveverslag van debatten in de Tweede Kamer en andere politieke gebeurtenissen.</desc><category></category></programme><programme channel="103" start="20221124090000 +0000" stop="20221124110000 +0000" catchup-id="899302086"><title>Haagse politiek</title><date></date><icon src="https://images.tv.kpn.com/epg/8mP3F2F79AlClT1ZB1upDncdjrnwB1DVleC1p79BKLAmk/1920x1080.jpg?blurred=false"></icon><desc>Themazender van de NPO. De zender belicht dagelijks ontwikkelingen in de landelijke politiek inclusief liveverslag van debatten in de Tweede Kamer en andere politieke gebeurtenissen.</desc><category></category></programme><programme channel="103" start="20221124110000 +0000" stop="20221124130000 +0000" catchup-id="899302092"><title>Haagse politiek</title><date></date><icon src="https://images.tv.kpn.com/epg/8mP3F2F79AlClT1ZB1upDncdjrnwB1DVleC1p79BKLAmk/1920x1080.jpg?blurred=false"></icon><desc>Themazender van de NPO. De zender belicht dagelijks ontwikkelingen in de landelijke politiek inclusief liveverslag van debatten in de Tweede Kamer en andere politieke gebeurtenissen.</desc><category></category></programme><programme channel="103" start="20221124130000 +0000" stop="20221124150000 +0000" catchup-id="899302095"><title>Haagse politiek</title><date></date><icon src="https://images.tv.kpn.com/epg/8mP3F2F79AlClT1ZB1upDncdjrnwB1DVleC1p79BKLAmk/1920x1080.jpg?blurred=false"></icon><desc>Themazender van de NPO. De zender belicht dagelijks ontwikkelingen in de landelijke politiek inclusief liveverslag van debatten in de Tweede Kamer en andere politieke gebeurtenissen.</desc><category></category></programme><programme channel="103" start="20221124150000 +0000" stop="20221124170000 +0000" catchup-id="899302101"><title>Haagse politiek</title><date></date><icon src="https://images.tv.kpn.com/epg/8mP3F2F79AlClT1ZB1upDncdjrnwB1DVleC1p79BKLAmk/1920x1080.jpg?blurred=false"></icon><desc>Themazender van de NPO. De zender belicht dagelijks ontwikkelingen in de landelijke politiek inclusief liveverslag van debatten in de Tweede Kamer en andere politieke gebeurtenissen.</desc><category></category></programme><programme channel="103" start="20221124170000 +0000" stop="20221124180000 +0000" catchup-id="899302107"><title>Haagse politiek</title><date></date><icon src="https://images.tv.kpn.com/epg/8mP3F2F79AlClT1ZB1upDncdjrnwB1DVleC1p79BKLAmk/1920x1080.jpg?blurred=false"></icon><desc>Themazender van de NPO. De zender belicht dagelijks ontwikkelingen in de landelijke politiek inclusief liveverslag van debatten in de Tweede Kamer en andere politieke gebeurtenissen.</desc><category></category></programme><programme channel="103" start="20221124180000 +0000" stop="20221124190000 +0000" catchup-id="899302113"><title>Haagse politiek</title><date></date><icon src="https://images.tv.kpn.com/epg/8mP3F2F79AlClT1ZB1upDncdjrnwB1DVleC1p79BKLAmk/1920x1080.jpg?blurred=false"></icon><desc>Themazender van de NPO. De zender belicht dagelijks ontwikkelingen in de landelijke politiek inclusief liveverslag van debatten in de Tweede Kamer en andere politieke gebeurtenissen.</desc><category></category></programme><programme channel="103" start="20221124190000 +0000" stop="20221124210000 +0000" catchup-id="899302119"><title>Haagse politiek</title><date></date><icon src="https://images.tv.kpn.com/epg/8mP3F2F79AlClT1ZB1upDncdjrnwB1DVleC1p79BKLAmk/1920x1080.jpg?blurred=false"></icon><desc>Themazender van de NPO. De zender belicht dagelijks ontwikkelingen in de landelijke politiek inclusief liveverslag van debatten in de Tweede Kamer en andere politieke gebeurtenissen.</desc><category></category></programme><programme channel="103" start="20221124210000 +0000" stop="20221124230000 +0000" catchup-id="899302125"><title>Haagse politiek</title><date></date><icon src="https://images.tv.kpn.com/epg/8mP3F2F79AlClT1ZB1upDncdjrnwB1DVleC1p79BKLAmk/1920x1080.jpg?blurred=false"></icon><desc>Themazender van de NPO. De zender belicht dagelijks ontwikkelingen in de landelijke politiek inclusief liveverslag van debatten in de Tweede Kamer en andere politieke gebeurtenissen.</desc><category></category></programme><programme channel="103" start="20221124230000 +0000" stop="20221125010000 +0000" catchup-id="899351955"><title>Haagse politiek</title><date></date><icon src="https://images.tv.kpn.com/epg/8mP3F2F79AlClT1ZB1upDncdjrnwB1DVleC1p79BKLAmk/1920x1080.jpg?blurred=false"></icon><desc>Themazender van de NPO. De zender belicht dagelijks ontwikkelingen in de landelijke politiek inclusief liveverslag van debatten in de Tweede Kamer en andere politieke gebeurtenissen.</desc><category></category></programme><programme channel="103" start="20221125010000 +0000" stop="20221125030000 +0000" catchup-id="899351958"><title>Haagse politiek</title><date></date><icon src="https://images.tv.kpn.com/epg/8mP3F2F79AlClT1ZB1upDncdjrnwB1DVleC1p79BKLAmk/1920x1080.jpg?blurred=false"></icon><desc>Themazender van de NPO. De zender belicht dagelijks ontwikkelingen in de landelijke politiek inclusief liveverslag van debatten in de Tweede Kamer en andere politieke gebeurtenissen.</desc><category></category></programme><programme channel="103" start="20221125030000 +0000" stop="20221125050000 +0000" catchup-id="899351961"><title>Haagse politiek</title><date></date><icon src="https://images.tv.kpn.com/epg/8mP3F2F79AlClT1ZB1upDncdjrnwB1DVleC1p79BKLAmk/1920x1080.jpg?blurred=false"></icon><desc>Themazender van de NPO. De zender belicht dagelijks ontwikkelingen in de landelijke politiek inclusief liveverslag van debatten in de Tweede Kamer en andere politieke gebeurtenissen.</desc><category></category></programme><programme channel="103" start="20221125050000 +0000" stop="20221125070000 +0000" catchup-id="899351964"><title>Haagse politiek</title><date></date><icon src="https://images.tv.kpn.com/epg/8mP3F2F79AlClT1ZB1upDncdjrnwB1DVleC1p79BKLAmk/1920x1080.jpg?blurred=false"></icon><desc>Themazender van de NPO. De zender belicht dagelijks ontwikkelingen in de landelijke politiek inclusief liveverslag van debatten in de Tweede Kamer en andere politieke gebeurtenissen.</desc><category></category></programme><programme channel="103" start="20221125070000 +0000" stop="20221125090000 +0000" catchup-id="899351967"><title>Haagse politiek</title><date></date><icon src="https://images.tv.kpn.com/epg/8mP3F2F79AlClT1ZB1upDncdjrnwB1DVleC1p79BKLAmk/1920x1080.jpg?blurred=false"></icon><desc>Themazender van de NPO. De zender belicht dagelijks ontwikkelingen in de landelijke politiek inclusief liveverslag van debatten in de Tweede Kamer en andere politieke gebeurtenissen.</desc><category></category></programme><programme channel="103" start="20221125090000 +0000" stop="20221125110000 +0000" catchup-id="899351970"><title>Haagse politiek</title><date></date><icon src="https://images.tv.kpn.com/epg/8mP3F2F79AlClT1ZB1upDncdjrnwB1DVleC1p79BKLAmk/1920x1080.jpg?blurred=false"></icon><desc>Themazender van de NPO. De zender belicht dagelijks ontwikkelingen in de landelijke politiek inclusief liveverslag van debatten in de Tweede Kamer en andere politieke gebeurtenissen.</desc><category></category></programme><programme channel="103" start="20221125110000 +0000" stop="20221125130000 +0000" catchup-id="899351973"><title>Haagse politiek</title><date></date><icon src="https://images.tv.kpn.com/epg/8mP3F2F79AlClT1ZB1upDncdjrnwB1DVleC1p79BKLAmk/1920x1080.jpg?blurred=false"></icon><desc>Themazender van de NPO. De zender belicht dagelijks ontwikkelingen in de landelijke politiek inclusief liveverslag van debatten in de Tweede Kamer en andere politieke gebeurtenissen.</desc><category></category></programme><programme channel="103" start="20221125130000 +0000" stop="20221125150000 +0000" catchup-id="899351976"><title>Haagse politiek</title><date></date><icon src="https://images.tv.kpn.com/epg/8mP3F2F79AlClT1ZB1upDncdjrnwB1DVleC1p79BKLAmk/1920x1080.jpg?blurred=false"></icon><desc>Themazender van de NPO. De zender belicht dagelijks ontwikkelingen in de landelijke politiek inclusief liveverslag van debatten in de Tweede Kamer en andere politieke gebeurtenissen.</desc><category></category></programme><programme channel="103" start="20221125150000 +0000" stop="20221125170000 +0000" catchup-id="899351979"><title>Haagse politiek</title><date></date><icon src="https://images.tv.kpn.com/epg/8mP3F2F79AlClT1ZB1upDncdjrnwB1DVleC1p79BKLAmk/1920x1080.jpg?blurred=false"></icon><desc>Themazender van de NPO. De zender belicht dagelijks ontwikkelingen in de landelijke politiek inclusief liveverslag van debatten in de Tweede Kamer en andere politieke gebeurtenissen.</desc><category></category></programme><programme channel="103" start="20221125170000 +0000" stop="20221125180000 +0000" catchup-id="899351982"><title>Haagse politiek</title><date></date><icon src="https://images.tv.kpn.com/epg/8mP3F2F79AlClT1ZB1upDncdjrnwB1DVleC1p79BKLAmk/1920x1080.jpg?blurred=false"></icon><desc>Themazender van de NPO. De zender belicht dagelijks ontwikkelingen in de landelijke politiek inclusief liveverslag van debatten in de Tweede Kamer en andere politieke gebeurtenissen.</desc><category></category></programme><programme channel="103" start="20221125180000 +0000" stop="20221125190000 +0000" catchup-id="899351985"><title>Haagse politiek</title><date></date><icon src="https://images.tv.kpn.com/epg/8mP3F2F79AlClT1ZB1upDncdjrnwB1DVleC1p79BKLAmk/1920x1080.jpg?blurred=false"></icon><desc>Themazender van de NPO. De zender belicht dagelijks ontwikkelingen in de landelijke politiek inclusief liveverslag van debatten in de Tweede Kamer en andere politieke gebeurtenissen.</desc><category></category></programme><programme channel="103" start="20221125190000 +0000" stop="20221125210000 +0000" catchup-id="899351988"><title>Haagse politiek</title><date></date><icon src="https://images.tv.kpn.com/epg/8mP3F2F79AlClT1ZB1upDncdjrnwB1DVleC1p79BKLAmk/1920x1080.jpg?blurred=false"></icon><desc>Themazender van de NPO. De zender belicht dagelijks ontwikkelingen in de landelijke politiek inclusief liveverslag van debatten in de Tweede Kamer en andere politieke gebeurtenissen.</desc><category></category></programme><programme channel="103" start="20221125210000 +0000" stop="20221125230000 +0000" catchup-id="899351991"><title>Haagse politiek</title><date></date><icon src="https://images.tv.kpn.com/epg/8mP3F2F79AlClT1ZB1upDncdjrnwB1DVleC1p79BKLAmk/1920x1080.jpg?blurred=false"></icon><desc>Themazender van de NPO. De zender belicht dagelijks ontwikkelingen in de landelijke politiek inclusief liveverslag van debatten in de Tweede Kamer en andere politieke gebeurtenissen.</desc><category></category></programme><programme channel="103" start="20221125230000 +0000" stop="20221126010000 +0000" catchup-id="899395188"><title>Haagse politiek</title><date></date><icon src="https://images.tv.kpn.com/epg/8mP3F2F79AlClT1ZB1upDncdjrnwB1DVleC1p79BKLAmk/1920x1080.jpg?blurred=false"></icon><desc>Themazender van de NPO. De zender belicht dagelijks ontwikkelingen in de landelijke politiek inclusief liveverslag van debatten in de Tweede Kamer en andere politieke gebeurtenissen.</desc><category></category></programme><programme channel="103" start="20221126010000 +0000" stop="20221126030000 +0000" catchup-id="899395191"><title>Haagse politiek</title><date></date><icon src="https://images.tv.kpn.com/epg/8mP3F2F79AlClT1ZB1upDncdjrnwB1DVleC1p79BKLAmk/1920x1080.jpg?blurred=false"></icon><desc>Themazender van de NPO. De zender belicht dagelijks ontwikkelingen in de landelijke politiek inclusief liveverslag van debatten in de Tweede Kamer en andere politieke gebeurtenissen.</desc><category></category></programme><programme channel="103" start="20221126030000 +0000" stop="20221126050000 +0000" catchup-id="899395194"><title>Haagse politiek</title><date></date><icon src="https://images.tv.kpn.com/epg/8mP3F2F79AlClT1ZB1upDncdjrnwB1DVleC1p79BKLAmk/1920x1080.jpg?blurred=false"></icon><desc>Themazender van de NPO. De zender belicht dagelijks ontwikkelingen in de landelijke politiek inclusief liveverslag van debatten in de Tweede Kamer en andere politieke gebeurtenissen.</desc><category></category></programme><programme channel="103" start="20221126050000 +0000" stop="20221126070000 +0000" catchup-id="899395197"><title>Haagse politiek</title><date></date><icon src="https://images.tv.kpn.com/epg/8mP3F2F79AlClT1ZB1upDncdjrnwB1DVleC1p79BKLAmk/1920x1080.jpg?blurred=false"></icon><desc>Themazender van de NPO. De zender belicht dagelijks ontwikkelingen in de landelijke politiek inclusief liveverslag van debatten in de Tweede Kamer en andere politieke gebeurtenissen.</desc><category></category></programme><programme channel="103" start="20221126070000 +0000" stop="20221126090000 +0000" catchup-id="899395200"><title>Haagse politiek</title><date></date><icon src="https://images.tv.kpn.com/epg/8mP3F2F79AlClT1ZB1upDncdjrnwB1DVleC1p79BKLAmk/1920x1080.jpg?blurred=false"></icon><desc>Themazender van de NPO. De zender belicht dagelijks ontwikkelingen in de landelijke politiek inclusief liveverslag van debatten in de Tweede Kamer en andere politieke gebeurtenissen.</desc><category></category></programme><programme channel="103" start="20221126090000 +0000" stop="20221126110000 +0000" catchup-id="899395203"><title>Haagse politiek</title><date></date><icon src="https://images.tv.kpn.com/epg/8mP3F2F79AlClT1ZB1upDncdjrnwB1DVleC1p79BKLAmk/1920x1080.jpg?blurred=false"></icon><desc>Themazender van de NPO. De zender belicht dagelijks ontwikkelingen in de landelijke politiek inclusief liveverslag van debatten in de Tweede Kamer en andere politieke gebeurtenissen.</desc><category></category></programme><programme channel="103" start="20221126110000 +0000" stop="20221126130000 +0000" catchup-id="899395206"><title>Haagse politiek</title><date></date><icon src="https://images.tv.kpn.com/epg/8mP3F2F79AlClT1ZB1upDncdjrnwB1DVleC1p79BKLAmk/1920x1080.jpg?blurred=false"></icon><desc>Themazender van de NPO. De zender belicht dagelijks ontwikkelingen in de landelijke politiek inclusief liveverslag van debatten in de Tweede Kamer en andere politieke gebeurtenissen.</desc><category></category></programme><programme channel="103" start="20221126130000 +0000" stop="20221126150000 +0000" catchup-id="899395209"><title>Haagse politiek</title><date></date><icon src="https://images.tv.kpn.com/epg/8mP3F2F79AlClT1ZB1upDncdjrnwB1DVleC1p79BKLAmk/1920x1080.jpg?blurred=false"></icon><desc>Themazender van de NPO. De zender belicht dagelijks ontwikkelingen in de landelijke politiek inclusief liveverslag van debatten in de Tweede Kamer en andere politieke gebeurtenissen.</desc><category></category></programme><programme channel="103" start="20221126150000 +0000" stop="20221126170000 +0000" catchup-id="899395212"><title>Haagse politiek</title><date></date><icon src="https://images.tv.kpn.com/epg/8mP3F2F79AlClT1ZB1upDncdjrnwB1DVleC1p79BKLAmk/1920x1080.jpg?blurred=false"></icon><desc>Themazender van de NPO. De zender belicht dagelijks ontwikkelingen in de landelijke politiek inclusief liveverslag van debatten in de Tweede Kamer en andere politieke gebeurtenissen.</desc><category></category></programme><programme channel="103" start="20221126170000 +0000" stop="20221126180000 +0000" catchup-id="899395215"><title>Haagse politiek</title><date></date><icon src="https://images.tv.kpn.com/epg/8mP3F2F79AlClT1ZB1upDncdjrnwB1DVleC1p79BKLAmk/1920x1080.jpg?blurred=false"></icon><desc>Themazender van de NPO. De zender belicht dagelijks ontwikkelingen in de landelijke politiek inclusief liveverslag van debatten in de Tweede Kamer en andere politieke gebeurtenissen.</desc><category></category></programme><programme channel="103" start="20221126180000 +0000" stop="20221126190000 +0000" catchup-id="899395218"><title>Haagse politiek</title><date></date><icon src="https://images.tv.kpn.com/epg/8mP3F2F79AlClT1ZB1upDncdjrnwB1DVleC1p79BKLAmk/1920x1080.jpg?blurred=false"></icon><desc>Themazender van de NPO. De zender belicht dagelijks ontwikkelingen in de landelijke politiek inclusief liveverslag van debatten in de Tweede Kamer en andere politieke gebeurtenissen.</desc><category></category></programme><programme channel="103" start="20221126190000 +0000" stop="20221126210000 +0000" catchup-id="899395221"><title>Haagse politiek</title><date></date><icon src="https://images.tv.kpn.com/epg/8mP3F2F79AlClT1ZB1upDncdjrnwB1DVleC1p79BKLAmk/1920x1080.jpg?blurred=false"></icon><desc>Themazender van de NPO. De zender belicht dagelijks ontwikkelingen in de landelijke politiek inclusief liveverslag van debatten in de Tweede Kamer en andere politieke gebeurtenissen.</desc><category></category></programme><programme channel="103" start="20221126210000 +0000" stop="20221126230000 +0000" catchup-id="899395224"><title>Haagse politiek</title><date></date><icon src="https://images.tv.kpn.com/epg/8mP3F2F79AlClT1ZB1upDncdjrnwB1DVleC1p79BKLAmk/1920x1080.jpg?blurred=false"></icon><desc>Themazender van de NPO. De zender belicht dagelijks ontwikkelingen in de landelijke politiek inclusief liveverslag van debatten in de Tweede Kamer en andere politieke gebeurtenissen.</desc><category></category></programme><programme channel="103" start="20221126230000 +0000" stop="20221127010000 +0000" catchup-id="899438457"><title>Haagse politiek</title><date></date><icon src="https://images.tv.kpn.com/epg/8mP3F2F79AlClT1ZB1upDncdjrnwB1DVleC1p79BKLAmk/1920x1080.jpg?blurred=false"></icon><desc>Themazender van de NPO. De zender belicht dagelijks ontwikkelingen in de landelijke politiek inclusief liveverslag van debatten in de Tweede Kamer en andere politieke gebeurtenissen.</desc><category></category></programme><programme channel="103" start="20221127010000 +0000" stop="20221127030000 +0000" catchup-id="899438460"><title>Haagse politiek</title><date></date><icon src="https://images.tv.kpn.com/epg/8mP3F2F79AlClT1ZB1upDncdjrnwB1DVleC1p79BKLAmk/1920x1080.jpg?blurred=false"></icon><desc>Themazender van de NPO. De zender belicht dagelijks ontwikkelingen in de landelijke politiek inclusief liveverslag van debatten in de Tweede Kamer en andere politieke gebeurtenissen.</desc><category></category></programme><programme channel="103" start="20221127030000 +0000" stop="20221127050000 +0000" catchup-id="899438463"><title>Haagse politiek</title><date></date><icon src="https://images.tv.kpn.com/epg/8mP3F2F79AlClT1ZB1upDncdjrnwB1DVleC1p79BKLAmk/1920x1080.jpg?blurred=false"></icon><desc>Themazender van de NPO. De zender belicht dagelijks ontwikkelingen in de landelijke politiek inclusief liveverslag van debatten in de Tweede Kamer en andere politieke gebeurtenissen.</desc><category></category></programme><programme channel="103" start="20221127050000 +0000" stop="20221127070000 +0000" catchup-id="899438466"><title>Haagse politiek</title><date></date><icon src="https://images.tv.kpn.com/epg/8mP3F2F79AlClT1ZB1upDncdjrnwB1DVleC1p79BKLAmk/1920x1080.jpg?blurred=false"></icon><desc>Themazender van de NPO. De zender belicht dagelijks ontwikkelingen in de landelijke politiek inclusief liveverslag van debatten in de Tweede Kamer en andere politieke gebeurtenissen.</desc><category></category></programme><programme channel="103" start="20221127070000 +0000" stop="20221127090000 +0000" catchup-id="899438469"><title>Haagse politiek</title><date></date><icon src="https://images.tv.kpn.com/epg/8mP3F2F79AlClT1ZB1upDncdjrnwB1DVleC1p79BKLAmk/1920x1080.jpg?blurred=false"></icon><desc>Themazender van de NPO. De zender belicht dagelijks ontwikkelingen in de landelijke politiek inclusief liveverslag van debatten in de Tweede Kamer en andere politieke gebeurtenissen.</desc><category></category></programme><programme channel="103" start="20221127090000 +0000" stop="20221127110000 +0000" catchup-id="899438472"><title>Haagse politiek</title><date></date><icon src="https://images.tv.kpn.com/epg/8mP3F2F79AlClT1ZB1upDncdjrnwB1DVleC1p79BKLAmk/1920x1080.jpg?blurred=false"></icon><desc>Themazender van de NPO. De zender belicht dagelijks ontwikkelingen in de landelijke politiek inclusief liveverslag van debatten in de Tweede Kamer en andere politieke gebeurtenissen.</desc><category></category></programme><programme channel="103" start="20221127110000 +0000" stop="20221127130000 +0000" catchup-id="899438475"><title>Haagse politiek</title><date></date><icon src="https://images.tv.kpn.com/epg/8mP3F2F79AlClT1ZB1upDncdjrnwB1DVleC1p79BKLAmk/1920x1080.jpg?blurred=false"></icon><desc>Themazender van de NPO. De zender belicht dagelijks ontwikkelingen in de landelijke politiek inclusief liveverslag van debatten in de Tweede Kamer en andere politieke gebeurtenissen.</desc><category></category></programme><programme channel="103" start="20221127130000 +0000" stop="20221127150000 +0000" catchup-id="899438478"><title>Haagse politiek</title><date></date><icon src="https://images.tv.kpn.com/epg/8mP3F2F79AlClT1ZB1upDncdjrnwB1DVleC1p79BKLAmk/1920x1080.jpg?blurred=false"></icon><desc>Themazender van de NPO. De zender belicht dagelijks ontwikkelingen in de landelijke politiek inclusief liveverslag van debatten in de Tweede Kamer en andere politieke gebeurtenissen.</desc><category></category></programme><programme channel="103" start="20221127150000 +0000" stop="20221127170000 +0000" catchup-id="899438481"><title>Haagse politiek</title><date></date><icon src="https://images.tv.kpn.com/epg/8mP3F2F79AlClT1ZB1upDncdjrnwB1DVleC1p79BKLAmk/1920x1080.jpg?blurred=false"></icon><desc>Themazender van de NPO. De zender belicht dagelijks ontwikkelingen in de landelijke politiek inclusief liveverslag van debatten in de Tweede Kamer en andere politieke gebeurtenissen.</desc><category></category></programme><programme channel="103" start="20221127170000 +0000" stop="20221127180000 +0000" catchup-id="899438484"><title>Haagse politiek</title><date></date><icon src="https://images.tv.kpn.com/epg/8mP3F2F79AlClT1ZB1upDncdjrnwB1DVleC1p79BKLAmk/1920x1080.jpg?blurred=false"></icon><desc>Themazender van de NPO. De zender belicht dagelijks ontwikkelingen in de landelijke politiek inclusief liveverslag van debatten in de Tweede Kamer en andere politieke gebeurtenissen.</desc><category></category></programme><programme channel="103" start="20221127180000 +0000" stop="20221127190000 +0000" catchup-id="899438487"><title>Haagse politiek</title><date></date><icon src="https://images.tv.kpn.com/epg/8mP3F2F79AlClT1ZB1upDncdjrnwB1DVleC1p79BKLAmk/1920x1080.jpg?blurred=false"></icon><desc>Themazender van de NPO. De zender belicht dagelijks ontwikkelingen in de landelijke politiek inclusief liveverslag van debatten in de Tweede Kamer en andere politieke gebeurtenissen.</desc><category></category></programme><programme channel="103" start="20221127190000 +0000" stop="20221127210000 +0000" catchup-id="899438490"><title>Haagse politiek</title><date></date><icon src="https://images.tv.kpn.com/epg/8mP3F2F79AlClT1ZB1upDncdjrnwB1DVleC1p79BKLAmk/1920x1080.jpg?blurred=false"></icon><desc>Themazender van de NPO. De zender belicht dagelijks ontwikkelingen in de landelijke politiek inclusief liveverslag van debatten in de Tweede Kamer en andere politieke gebeurtenissen.</desc><category></category></programme><programme channel="103" start="20221127210000 +0000" stop="20221127230000 +0000" catchup-id="899438493"><title>Haagse politiek</title><date></date><icon src="https://images.tv.kpn.com/epg/8mP3F2F79AlClT1ZB1upDncdjrnwB1DVleC1p79BKLAmk/1920x1080.jpg?blurred=false"></icon><desc>Themazender van de NPO. De zender belicht dagelijks ontwikkelingen in de landelijke politiek inclusief liveverslag van debatten in de Tweede Kamer en andere politieke gebeurtenissen.</desc><category></category></programme><programme channel="103" start="20221127230000 +0000" stop="20221128010000 +0000" catchup-id="899479281"><title>Haagse politiek</title><date></date><icon src="https://images.tv.kpn.com/epg/8mP3F2F79AlClT1ZB1upDncdjrnwB1DVleC1p79BKLAmk/1920x1080.jpg?blurred=false"></icon><desc>Themazender van de NPO. De zender belicht dagelijks ontwikkelingen in de landelijke politiek inclusief liveverslag van debatten in de Tweede Kamer en andere politieke gebeurtenissen.</desc><category></category></programme><programme channel="103" start="20221128010000 +0000" stop="20221128030000 +0000" catchup-id="899479284"><title>Haagse politiek</title><date></date><icon src="https://images.tv.kpn.com/epg/8mP3F2F79AlClT1ZB1upDncdjrnwB1DVleC1p79BKLAmk/1920x1080.jpg?blurred=false"></icon><desc>Themazender van de NPO. De zender belicht dagelijks ontwikkelingen in de landelijke politiek inclusief liveverslag van debatten in de Tweede Kamer en andere politieke gebeurtenissen.</desc><category></category></programme><programme channel="103" start="20221128030000 +0000" stop="20221128050000 +0000" catchup-id="899479287"><title>Haagse politiek</title><date></date><icon src="https://images.tv.kpn.com/epg/8mP3F2F79AlClT1ZB1upDncdjrnwB1DVleC1p79BKLAmk/1920x1080.jpg?blurred=false"></icon><desc>Themazender van de NPO. De zender belicht dagelijks ontwikkelingen in de landelijke politiek inclusief liveverslag van debatten in de Tweede Kamer en andere politieke gebeurtenissen.</desc><category></category></programme><programme channel="103" start="20221128050000 +0000" stop="20221128070000 +0000" catchup-id="899479290"><title>Haagse politiek</title><date></date><icon src="https://images.tv.kpn.com/epg/8mP3F2F79AlClT1ZB1upDncdjrnwB1DVleC1p79BKLAmk/1920x1080.jpg?blurred=false"></icon><desc>Themazender van de NPO. De zender belicht dagelijks ontwikkelingen in de landelijke politiek inclusief liveverslag van debatten in de Tweede Kamer en andere politieke gebeurtenissen.</desc><category></category></programme><programme channel="103" start="20221128070000 +0000" stop="20221128090000 +0000" catchup-id="899479293"><title>Haagse politiek</title><date></date><icon src="https://images.tv.kpn.com/epg/8mP3F2F79AlClT1ZB1upDncdjrnwB1DVleC1p79BKLAmk/1920x1080.jpg?blurred=false"></icon><desc>Themazender van de NPO. De zender belicht dagelijks ontwikkelingen in de landelijke politiek inclusief liveverslag van debatten in de Tweede Kamer en andere politieke gebeurtenissen.</desc><category></category></programme><programme channel="103" start="20221128090000 +0000" stop="20221128110000 +0000" catchup-id="899479296"><title>Haagse politiek</title><date></date><icon src="https://images.tv.kpn.com/epg/8mP3F2F79AlClT1ZB1upDncdjrnwB1DVleC1p79BKLAmk/1920x1080.jpg?blurred=false"></icon><desc>Themazender van de NPO. De zender belicht dagelijks ontwikkelingen in de landelijke politiek inclusief liveverslag van debatten in de Tweede Kamer en andere politieke gebeurtenissen.</desc><category></category></programme><programme channel="103" start="20221128110000 +0000" stop="20221128130000 +0000" catchup-id="899479299"><title>Haagse politiek</title><date></date><icon src="https://images.tv.kpn.com/epg/8mP3F2F79AlClT1ZB1upDncdjrnwB1DVleC1p79BKLAmk/1920x1080.jpg?blurred=false"></icon><desc>Themazender van de NPO. De zender belicht dagelijks ontwikkelingen in de landelijke politiek inclusief liveverslag van debatten in de Tweede Kamer en andere politieke gebeurtenissen.</desc><category></category></programme><programme channel="103" start="20221128130000 +0000" stop="20221128150000 +0000" catchup-id="899479302"><title>Haagse politiek</title><date></date><icon src="https://images.tv.kpn.com/epg/8mP3F2F79AlClT1ZB1upDncdjrnwB1DVleC1p79BKLAmk/1920x1080.jpg?blurred=false"></icon><desc>Themazender van de NPO. De zender belicht dagelijks ontwikkelingen in de landelijke politiek inclusief liveverslag van debatten in de Tweede Kamer en andere politieke gebeurtenissen.</desc><category></category></programme><programme channel="103" start="20221128150000 +0000" stop="20221128170000 +0000" catchup-id="899479305"><title>Haagse politiek</title><date></date><icon src="https://images.tv.kpn.com/epg/8mP3F2F79AlClT1ZB1upDncdjrnwB1DVleC1p79BKLAmk/1920x1080.jpg?blurred=false"></icon><desc>Themazender van de NPO. De zender belicht dagelijks ontwikkelingen in de landelijke politiek inclusief liveverslag van debatten in de Tweede Kamer en andere politieke gebeurtenissen.</desc><category></category></programme><programme channel="103" start="20221128170000 +0000" stop="20221128180000 +0000" catchup-id="899479308"><title>Haagse politiek</title><date></date><icon src="https://images.tv.kpn.com/epg/8mP3F2F79AlClT1ZB1upDncdjrnwB1DVleC1p79BKLAmk/1920x1080.jpg?blurred=false"></icon><desc>Themazender van de NPO. De zender belicht dagelijks ontwikkelingen in de landelijke politiek inclusief liveverslag van debatten in de Tweede Kamer en andere politieke gebeurtenissen.</desc><category></category></programme><programme channel="103" start="20221128180000 +0000" stop="20221128190000 +0000" catchup-id="899479311"><title>Haagse politiek</title><date></date><icon src="https://images.tv.kpn.com/epg/8mP3F2F79AlClT1ZB1upDncdjrnwB1DVleC1p79BKLAmk/1920x1080.jpg?blurred=false"></icon><desc>Themazender van de NPO. De zender belicht dagelijks ontwikkelingen in de landelijke politiek inclusief liveverslag van debatten in de Tweede Kamer en andere politieke gebeurtenissen.</desc><category></category></programme><programme channel="103" start="20221128190000 +0000" stop="20221128210000 +0000" catchup-id="899479314"><title>Haagse politiek</title><date></date><icon src="https://images.tv.kpn.com/epg/8mP3F2F79AlClT1ZB1upDncdjrnwB1DVleC1p79BKLAmk/1920x1080.jpg?blurred=false"></icon><desc>Themazender van de NPO. De zender belicht dagelijks ontwikkelingen in de landelijke politiek inclusief liveverslag van debatten in de Tweede Kamer en andere politieke gebeurtenissen.</desc><category></category></programme><programme channel="103" start="20221128210000 +0000" stop="20221128230000 +0000" catchup-id="899479317"><title>Haagse politiek</title><date></date><icon src="https://images.tv.kpn.com/epg/8mP3F2F79AlClT1ZB1upDncdjrnwB1DVleC1p79BKLAmk/1920x1080.jpg?blurred=false"></icon><desc>Themazender van de NPO. De zender belicht dagelijks ontwikkelingen in de landelijke politiek inclusief liveverslag van debatten in de Tweede Kamer en andere politieke gebeurtenissen.</desc><category></category></programme><programme channel="103" start="20221128230000 +0000" stop="20221129010000 +0000" catchup-id="899520777"><title>Haagse politiek</title><date></date><icon src="https://images.tv.kpn.com/epg/8mP3F2F79AlClT1ZB1upDncdjrnwB1DVleC1p79BKLAmk/1920x1080.jpg?blurred=false"></icon><desc>Themazender van de NPO. De zender belicht dagelijks ontwikkelingen in de landelijke politiek inclusief liveverslag van debatten in de Tweede Kamer en andere politieke gebeurtenissen.</desc><category></category></programme><programme channel="103" start="20221129010000 +0000" stop="20221129030000 +0000" catchup-id="899520780"><title>Haagse politiek</title><date></date><icon src="https://images.tv.kpn.com/epg/8mP3F2F79AlClT1ZB1upDncdjrnwB1DVleC1p79BKLAmk/1920x1080.jpg?blurred=false"></icon><desc>Themazender van de NPO. De zender belicht dagelijks ontwikkelingen in de landelijke politiek inclusief liveverslag van debatten in de Tweede Kamer en andere politieke gebeurtenissen.</desc><category></category></programme><programme channel="103" start="20221129030000 +0000" stop="20221129050000 +0000" catchup-id="899520783"><title>Haagse politiek</title><date></date><icon src="https://images.tv.kpn.com/epg/8mP3F2F79AlClT1ZB1upDncdjrnwB1DVleC1p79BKLAmk/1920x1080.jpg?blurred=false"></icon><desc>Themazender van de NPO. De zender belicht dagelijks ontwikkelingen in de landelijke politiek inclusief liveverslag van debatten in de Tweede Kamer en andere politieke gebeurtenissen.</desc><category></category></programme><programme channel="103" start="20221129050000 +0000" stop="20221129070000 +0000" catchup-id="899520786"><title>Haagse politiek</title><date></date><icon src="https://images.tv.kpn.com/epg/8mP3F2F79AlClT1ZB1upDncdjrnwB1DVleC1p79BKLAmk/1920x1080.jpg?blurred=false"></icon><desc>Themazender van de NPO. De zender belicht dagelijks ontwikkelingen in de landelijke politiek inclusief liveverslag van debatten in de Tweede Kamer en andere politieke gebeurtenissen.</desc><category></category></programme><programme channel="103" start="20221129070000 +0000" stop="20221129090000 +0000" catchup-id="899520789"><title>Haagse politiek</title><date></date><icon src="https://images.tv.kpn.com/epg/8mP3F2F79AlClT1ZB1upDncdjrnwB1DVleC1p79BKLAmk/1920x1080.jpg?blurred=false"></icon><desc>Themazender van de NPO. De zender belicht dagelijks ontwikkelingen in de landelijke politiek inclusief liveverslag van debatten in de Tweede Kamer en andere politieke gebeurtenissen.</desc><category></category></programme><programme channel="103" start="20221129090000 +0000" stop="20221129110000 +0000" catchup-id="899520792"><title>Haagse politiek</title><date></date><icon src="https://images.tv.kpn.com/epg/8mP3F2F79AlClT1ZB1upDncdjrnwB1DVleC1p79BKLAmk/1920x1080.jpg?blurred=false"></icon><desc>Themazender van de NPO. De zender belicht dagelijks ontwikkelingen in de landelijke politiek inclusief liveverslag van debatten in de Tweede Kamer en andere politieke gebeurtenissen.</desc><category></category></programme><programme channel="103" start="20221129110000 +0000" stop="20221129130000 +0000" catchup-id="899520795"><title>Haagse politiek</title><date></date><icon src="https://images.tv.kpn.com/epg/8mP3F2F79AlClT1ZB1upDncdjrnwB1DVleC1p79BKLAmk/1920x1080.jpg?blurred=false"></icon><desc>Themazender van de NPO. De zender belicht dagelijks ontwikkelingen in de landelijke politiek inclusief liveverslag van debatten in de Tweede Kamer en andere politieke gebeurtenissen.</desc><category></category></programme><programme channel="103" start="20221129130000 +0000" stop="20221129150000 +0000" catchup-id="899520798"><title>Haagse politiek</title><date></date><icon src="https://images.tv.kpn.com/epg/8mP3F2F79AlClT1ZB1upDncdjrnwB1DVleC1p79BKLAmk/1920x1080.jpg?blurred=false"></icon><desc>Themazender van de NPO. De zender belicht dagelijks ontwikkelingen in de landelijke politiek inclusief liveverslag van debatten in de Tweede Kamer en andere politieke gebeurtenissen.</desc><category></category></programme><programme channel="103" start="20221129150000 +0000" stop="20221129170000 +0000" catchup-id="899520801"><title>Haagse politiek</title><date></date><icon src="https://images.tv.kpn.com/epg/8mP3F2F79AlClT1ZB1upDncdjrnwB1DVleC1p79BKLAmk/1920x1080.jpg?blurred=false"></icon><desc>Themazender van de NPO. De zender belicht dagelijks ontwikkelingen in de landelijke politiek inclusief liveverslag van debatten in de Tweede Kamer en andere politieke gebeurtenissen.</desc><category></category></programme><programme channel="103" start="20221129170000 +0000" stop="20221129180000 +0000" catchup-id="899520804"><title>Haagse politiek</title><date></date><icon src="https://images.tv.kpn.com/epg/8mP3F2F79AlClT1ZB1upDncdjrnwB1DVleC1p79BKLAmk/1920x1080.jpg?blurred=false"></icon><desc>Themazender van de NPO. De zender belicht dagelijks ontwikkelingen in de landelijke politiek inclusief liveverslag van debatten in de Tweede Kamer en andere politieke gebeurtenissen.</desc><category></category></programme><programme channel="103" start="20221129180000 +0000" stop="20221129190000 +0000" catchup-id="899520807"><title>Haagse politiek</title><date></date><icon src="https://images.tv.kpn.com/epg/8mP3F2F79AlClT1ZB1upDncdjrnwB1DVleC1p79BKLAmk/1920x1080.jpg?blurred=false"></icon><desc>Themazender van de NPO. De zender belicht dagelijks ontwikkelingen in de landelijke politiek inclusief liveverslag van debatten in de Tweede Kamer en andere politieke gebeurtenissen.</desc><category></category></programme><programme channel="103" start="20221129190000 +0000" stop="20221129210000 +0000" catchup-id="899520810"><title>Haagse politiek</title><date></date><icon src="https://images.tv.kpn.com/epg/8mP3F2F79AlClT1ZB1upDncdjrnwB1DVleC1p79BKLAmk/1920x1080.jpg?blurred=false"></icon><desc>Themazender van de NPO. De zender belicht dagelijks ontwikkelingen in de landelijke politiek inclusief liveverslag van debatten in de Tweede Kamer en andere politieke gebeurtenissen.</desc><category></category></programme><programme channel="103" start="20221129210000 +0000" stop="20221129230000 +0000" catchup-id="899520813"><title>Haagse politiek</title><date></date><icon src="https://images.tv.kpn.com/epg/8mP3F2F79AlClT1ZB1upDncdjrnwB1DVleC1p79BKLAmk/1920x1080.jpg?blurred=false"></icon><desc>Themazender van de NPO. De zender belicht dagelijks ontwikkelingen in de landelijke politiek inclusief liveverslag van debatten in de Tweede Kamer en andere politieke gebeurtenissen.</desc><category></category></programme><programme channel="103" start="20221129230000 +0000" stop="20221130010000 +0000" catchup-id="899567517"><title>Haagse politiek</title><date></date><icon src="https://images.tv.kpn.com/epg/8mP3F2F79AlClT1ZB1upDncdjrnwB1DVleC1p79BKLAmk/1920x1080.jpg?blurred=false"></icon><desc>Themazender van de NPO. De zender belicht dagelijks ontwikkelingen in de landelijke politiek inclusief liveverslag van debatten in de Tweede Kamer en andere politieke gebeurtenissen.</desc><category></category></programme><programme channel="103" start="20221130010000 +0000" stop="20221130030000 +0000" catchup-id="899567520"><title>Haagse politiek</title><date></date><icon src="https://images.tv.kpn.com/epg/8mP3F2F79AlClT1ZB1upDncdjrnwB1DVleC1p79BKLAmk/1920x1080.jpg?blurred=false"></icon><desc>Themazender van de NPO. De zender belicht dagelijks ontwikkelingen in de landelijke politiek inclusief liveverslag van debatten in de Tweede Kamer en andere politieke gebeurtenissen.</desc><category></category></programme><programme channel="103" start="20221130030000 +0000" stop="20221130050000 +0000" catchup-id="899567523"><title>Haagse politiek</title><date></date><icon src="https://images.tv.kpn.com/epg/8mP3F2F79AlClT1ZB1upDncdjrnwB1DVleC1p79BKLAmk/1920x1080.jpg?blurred=false"></icon><desc>Themazender van de NPO. De zender belicht dagelijks ontwikkelingen in de landelijke politiek inclusief liveverslag van debatten in de Tweede Kamer en andere politieke gebeurtenissen.</desc><category></category></programme><programme channel="103" start="20221130050000 +0000" stop="20221130070000 +0000" catchup-id="899567526"><title>Haagse politiek</title><date></date><icon src="https://images.tv.kpn.com/epg/8mP3F2F79AlClT1ZB1upDncdjrnwB1DVleC1p79BKLAmk/1920x1080.jpg?blurred=false"></icon><desc>Themazender van de NPO. De zender belicht dagelijks ontwikkelingen in de landelijke politiek inclusief liveverslag van debatten in de Tweede Kamer en andere politieke gebeurtenissen.</desc><category></category></programme><programme channel="103" start="20221130070000 +0000" stop="20221130090000 +0000" catchup-id="899567529"><title>Haagse politiek</title><date></date><icon src="https://images.tv.kpn.com/epg/8mP3F2F79AlClT1ZB1upDncdjrnwB1DVleC1p79BKLAmk/1920x1080.jpg?blurred=false"></icon><desc>Themazender van de NPO. De zender belicht dagelijks ontwikkelingen in de landelijke politiek inclusief liveverslag van debatten in de Tweede Kamer en andere politieke gebeurtenissen.</desc><category></category></programme><programme channel="103" start="20221130090000 +0000" stop="20221130110000 +0000" catchup-id="899567532"><title>Haagse politiek</title><date></date><icon src="https://images.tv.kpn.com/epg/8mP3F2F79AlClT1ZB1upDncdjrnwB1DVleC1p79BKLAmk/1920x1080.jpg?blurred=false"></icon><desc>Themazender van de NPO. De zender belicht dagelijks ontwikkelingen in de landelijke politiek inclusief liveverslag van debatten in de Tweede Kamer en andere politieke gebeurtenissen.</desc><category></category></programme><programme channel="103" start="20221130110000 +0000" stop="20221130130000 +0000" catchup-id="899567535"><title>Haagse politiek</title><date></date><icon src="https://images.tv.kpn.com/epg/8mP3F2F79AlClT1ZB1upDncdjrnwB1DVleC1p79BKLAmk/1920x1080.jpg?blurred=false"></icon><desc>Themazender van de NPO. De zender belicht dagelijks ontwikkelingen in de landelijke politiek inclusief liveverslag van debatten in de Tweede Kamer en andere politieke gebeurtenissen.</desc><category></category></programme><programme channel="103" start="20221130130000 +0000" stop="20221130150000 +0000" catchup-id="899567538"><title>Haagse politiek</title><date></date><icon src="https://images.tv.kpn.com/epg/8mP3F2F79AlClT1ZB1upDncdjrnwB1DVleC1p79BKLAmk/1920x1080.jpg?blurred=false"></icon><desc>Themazender van de NPO. De zender belicht dagelijks ontwikkelingen in de landelijke politiek inclusief liveverslag van debatten in de Tweede Kamer en andere politieke gebeurtenissen.</desc><category></category></programme><programme channel="103" start="20221130150000 +0000" stop="20221130170000 +0000" catchup-id="899567541"><title>Haagse politiek</title><date></date><icon src="https://images.tv.kpn.com/epg/8mP3F2F79AlClT1ZB1upDncdjrnwB1DVleC1p79BKLAmk/1920x1080.jpg?blurred=false"></icon><desc>Themazender van de NPO. De zender belicht dagelijks ontwikkelingen in de landelijke politiek inclusief liveverslag van debatten in de Tweede Kamer en andere politieke gebeurtenissen.</desc><category></category></programme><programme channel="103" start="20221130170000 +0000" stop="20221130180000 +0000" catchup-id="899567544"><title>Haagse politiek</title><date></date><icon src="https://images.tv.kpn.com/epg/8mP3F2F79AlClT1ZB1upDncdjrnwB1DVleC1p79BKLAmk/1920x1080.jpg?blurred=false"></icon><desc>Themazender van de NPO. De zender belicht dagelijks ontwikkelingen in de landelijke politiek inclusief liveverslag van debatten in de Tweede Kamer en andere politieke gebeurtenissen.</desc><category></category></programme><programme channel="103" start="20221130180000 +0000" stop="20221130190000 +0000" catchup-id="899567547"><title>Haagse politiek</title><date></date><icon src="https://images.tv.kpn.com/epg/8mP3F2F79AlClT1ZB1upDncdjrnwB1DVleC1p79BKLAmk/1920x1080.jpg?blurred=false"></icon><desc>Themazender van de NPO. De zender belicht dagelijks ontwikkelingen in de landelijke politiek inclusief liveverslag van debatten in de Tweede Kamer en andere politieke gebeurtenissen.</desc><category></category></programme><programme channel="103" start="20221130190000 +0000" stop="20221130210000 +0000" catchup-id="899567550"><title>Haagse politiek</title><date></date><icon src="https://images.tv.kpn.com/epg/8mP3F2F79AlClT1ZB1upDncdjrnwB1DVleC1p79BKLAmk/1920x1080.jpg?blurred=false"></icon><desc>Themazender van de NPO. De zender belicht dagelijks ontwikkelingen in de landelijke politiek inclusief liveverslag van debatten in de Tweede Kamer en andere politieke gebeurtenissen.</desc><category></category></programme><programme channel="103" start="20221130210000 +0000" stop="20221130230000 +0000" catchup-id="899567556"><title>Haagse politiek</title><date></date><icon src="https://images.tv.kpn.com/epg/8mP3F2F79AlClT1ZB1upDncdjrnwB1DVleC1p79BKLAmk/1920x1080.jpg?blurred=false"></icon><desc>Themazender van de NPO. De zender belicht dagelijks ontwikkelingen in de landelijke politiek inclusief liveverslag van debatten in de Tweede Kamer en andere politieke gebeurtenissen.</desc><category></category></programme><programme channel="103" start="20221130230000 +0000" stop="20221201010000 +0000" catchup-id="899612316"><title>Haagse politiek</title><date></date><icon src="https://images.tv.kpn.com/epg/8mP3F2F79AlClT1ZB1upDncdjrnwB1DVleC1p79BKLAmk/1920x1080.jpg?blurred=false"></icon><desc>Themazender van de NPO. De zender belicht dagelijks ontwikkelingen in de landelijke politiek inclusief liveverslag van debatten in de Tweede Kamer en andere politieke gebeurtenissen.</desc><category></category></programme><programme channel="103" start="20221201010000 +0000" stop="20221201030000 +0000" catchup-id="899612319"><title>Haagse politiek</title><date></date><icon src="https://images.tv.kpn.com/epg/8mP3F2F79AlClT1ZB1upDncdjrnwB1DVleC1p79BKLAmk/1920x1080.jpg?blurred=false"></icon><desc>Themazender van de NPO. De zender belicht dagelijks ontwikkelingen in de landelijke politiek inclusief liveverslag van debatten in de Tweede Kamer en andere politieke gebeurtenissen.</desc><category></category></programme><programme channel="103" start="20221201030000 +0000" stop="20221201050000 +0000" catchup-id="899612322"><title>Haagse politiek</title><date></date><icon src="https://images.tv.kpn.com/epg/8mP3F2F79AlClT1ZB1upDncdjrnwB1DVleC1p79BKLAmk/1920x1080.jpg?blurred=false"></icon><desc>Themazender van de NPO. De zender belicht dagelijks ontwikkelingen in de landelijke politiek inclusief liveverslag van debatten in de Tweede Kamer en andere politieke gebeurtenissen.</desc><category></category></programme><programme channel="103" start="20221201050000 +0000" stop="20221201070000 +0000" catchup-id="899612325"><title>Haagse politiek</title><date></date><icon src="https://images.tv.kpn.com/epg/8mP3F2F79AlClT1ZB1upDncdjrnwB1DVleC1p79BKLAmk/1920x1080.jpg?blurred=false"></icon><desc>Themazender van de NPO. De zender belicht dagelijks ontwikkelingen in de landelijke politiek inclusief liveverslag van debatten in de Tweede Kamer en andere politieke gebeurtenissen.</desc><category></category></programme><programme channel="103" start="20221201070000 +0000" stop="20221201090000 +0000" catchup-id="899612328"><title>Haagse politiek</title><date></date><icon src="https://images.tv.kpn.com/epg/8mP3F2F79AlClT1ZB1upDncdjrnwB1DVleC1p79BKLAmk/1920x1080.jpg?blurred=false"></icon><desc>Themazender van de NPO. De zender belicht dagelijks ontwikkelingen in de landelijke politiek inclusief liveverslag van debatten in de Tweede Kamer en andere politieke gebeurtenissen.</desc><category></category></programme><programme channel="103" start="20221201090000 +0000" stop="20221201110000 +0000" catchup-id="899612331"><title>Haagse politiek</title><date></date><icon src="https://images.tv.kpn.com/epg/8mP3F2F79AlClT1ZB1upDncdjrnwB1DVleC1p79BKLAmk/1920x1080.jpg?blurred=false"></icon><desc>Themazender van de NPO. De zender belicht dagelijks ontwikkelingen in de landelijke politiek inclusief liveverslag van debatten in de Tweede Kamer en andere politieke gebeurtenissen.</desc><category></category></programme><programme channel="103" start="20221201110000 +0000" stop="20221201130000 +0000" catchup-id="899612334"><title>Haagse politiek</title><date></date><icon src="https://images.tv.kpn.com/epg/8mP3F2F79AlClT1ZB1upDncdjrnwB1DVleC1p79BKLAmk/1920x1080.jpg?blurred=false"></icon><desc>Themazender van de NPO. De zender belicht dagelijks ontwikkelingen in de landelijke politiek inclusief liveverslag van debatten in de Tweede Kamer en andere politieke gebeurtenissen.</desc><category></category></programme><programme channel="103" start="20221201130000 +0000" stop="20221201150000 +0000" catchup-id="899612337"><title>Haagse politiek</title><date></date><icon src="https://images.tv.kpn.com/epg/8mP3F2F79AlClT1ZB1upDncdjrnwB1DVleC1p79BKLAmk/1920x1080.jpg?blurred=false"></icon><desc>Themazender van de NPO. De zender belicht dagelijks ontwikkelingen in de landelijke politiek inclusief liveverslag van debatten in de Tweede Kamer en andere politieke gebeurtenissen.</desc><category></category></programme><programme channel="103" start="20221201150000 +0000" stop="20221201170000 +0000" catchup-id="899612340"><title>Haagse politiek</title><date></date><icon src="https://images.tv.kpn.com/epg/8mP3F2F79AlClT1ZB1upDncdjrnwB1DVleC1p79BKLAmk/1920x1080.jpg?blurred=false"></icon><desc>Themazender van de NPO. De zender belicht dagelijks ontwikkelingen in de landelijke politiek inclusief liveverslag van debatten in de Tweede Kamer en andere politieke gebeurtenissen.</desc><category></category></programme><programme channel="103" start="20221201170000 +0000" stop="20221201180000 +0000" catchup-id="899612343"><title>Haagse politiek</title><date></date><icon src="https://images.tv.kpn.com/epg/8mP3F2F79AlClT1ZB1upDncdjrnwB1DVleC1p79BKLAmk/1920x1080.jpg?blurred=false"></icon><desc>Themazender van de NPO. De zender belicht dagelijks ontwikkelingen in de landelijke politiek inclusief liveverslag van debatten in de Tweede Kamer en andere politieke gebeurtenissen.</desc><category></category></programme><programme channel="103" start="20221201180000 +0000" stop="20221201190000 +0000" catchup-id="899612346"><title>Haagse politiek</title><date></date><icon src="https://images.tv.kpn.com/epg/8mP3F2F79AlClT1ZB1upDncdjrnwB1DVleC1p79BKLAmk/1920x1080.jpg?blurred=false"></icon><desc>Themazender van de NPO. De zender belicht dagelijks ontwikkelingen in de landelijke politiek inclusief liveverslag van debatten in de Tweede Kamer en andere politieke gebeurtenissen.</desc><category></category></programme><programme channel="103" start="20221201190000 +0000" stop="20221201210000 +0000" catchup-id="899612349"><title>Haagse politiek</title><date></date><icon src="https://images.tv.kpn.com/epg/8mP3F2F79AlClT1ZB1upDncdjrnwB1DVleC1p79BKLAmk/1920x1080.jpg?blurred=false"></icon><desc>Themazender van de NPO. De zender belicht dagelijks ontwikkelingen in de landelijke politiek inclusief liveverslag van debatten in de Tweede Kamer en andere politieke gebeurtenissen.</desc><category></category></programme><programme channel="103" start="20221201210000 +0000" stop="20221201230000 +0000" catchup-id="899612352"><title>Haagse politiek</title><date></date><icon src="https://images.tv.kpn.com/epg/8mP3F2F79AlClT1ZB1upDncdjrnwB1DVleC1p79BKLAmk/1920x1080.jpg?blurred=false"></icon><desc>Themazender van de NPO. De zender belicht dagelijks ontwikkelingen in de landelijke politiek inclusief liveverslag van debatten in de Tweede Kamer en andere politieke gebeurtenissen.</desc><category></category></programme><programme channel="103" start="20221201230000 +0000" stop="20221202010000 +0000" catchup-id="899658774"><title>Haagse politiek</title><date></date><icon src="https://images.tv.kpn.com/epg/8mP3F2F79AlClT1ZB1upDncdjrnwB1DVleC1p79BKLAmk/1920x1080.jpg?blurred=false"></icon><desc>Themazender van de NPO. De zender belicht dagelijks ontwikkelingen in de landelijke politiek inclusief liveverslag van debatten in de Tweede Kamer en andere politieke gebeurtenissen.</desc><category></category></programme><programme channel="103" start="20221202010000 +0000" stop="20221202030000 +0000" catchup-id="899658777"><title>Haagse politiek</title><date></date><icon src="https://images.tv.kpn.com/epg/8mP3F2F79AlClT1ZB1upDncdjrnwB1DVleC1p79BKLAmk/1920x1080.jpg?blurred=false"></icon><desc>Themazender van de NPO. De zender belicht dagelijks ontwikkelingen in de landelijke politiek inclusief liveverslag van debatten in de Tweede Kamer en andere politieke gebeurtenissen.</desc><category></category></programme><programme channel="103" start="20221202030000 +0000" stop="20221202050000 +0000" catchup-id="899658780"><title>Haagse politiek</title><date></date><icon src="https://images.tv.kpn.com/epg/8mP3F2F79AlClT1ZB1upDncdjrnwB1DVleC1p79BKLAmk/1920x1080.jpg?blurred=false"></icon><desc>Themazender van de NPO. De zender belicht dagelijks ontwikkelingen in de landelijke politiek inclusief liveverslag van debatten in de Tweede Kamer en andere politieke gebeurtenissen.</desc><category></category></programme><programme channel="103" start="20221202050000 +0000" stop="20221202070000 +0000" catchup-id="899658783"><title>Haagse politiek</title><date></date><icon src="https://images.tv.kpn.com/epg/8mP3F2F79AlClT1ZB1upDncdjrnwB1DVleC1p79BKLAmk/1920x1080.jpg?blurred=false"></icon><desc>Themazender van de NPO. De zender belicht dagelijks ontwikkelingen in de landelijke politiek inclusief liveverslag van debatten in de Tweede Kamer en andere politieke gebeurtenissen.</desc><category></category></programme><programme channel="103" start="20221202070000 +0000" stop="20221202090000 +0000" catchup-id="899658786"><title>Haagse politiek</title><date></date><icon src="https://images.tv.kpn.com/epg/8mP3F2F79AlClT1ZB1upDncdjrnwB1DVleC1p79BKLAmk/1920x1080.jpg?blurred=false"></icon><desc>Themazender van de NPO. De zender belicht dagelijks ontwikkelingen in de landelijke politiek inclusief liveverslag van debatten in de Tweede Kamer en andere politieke gebeurtenissen.</desc><category></category></programme><programme channel="103" start="20221202090000 +0000" stop="20221202110000 +0000" catchup-id="899658789"><title>Haagse politiek</title><date></date><icon src="https://images.tv.kpn.com/epg/8mP3F2F79AlClT1ZB1upDncdjrnwB1DVleC1p79BKLAmk/1920x1080.jpg?blurred=false"></icon><desc>Themazender van de NPO. De zender belicht dagelijks ontwikkelingen in de landelijke politiek inclusief liveverslag van debatten in de Tweede Kamer en andere politieke gebeurtenissen.</desc><category></category></programme><programme channel="103" start="20221202110000 +0000" stop="20221202130000 +0000" catchup-id="899658792"><title>Haagse politiek</title><date></date><icon src="https://images.tv.kpn.com/epg/8mP3F2F79AlClT1ZB1upDncdjrnwB1DVleC1p79BKLAmk/1920x1080.jpg?blurred=false"></icon><desc>Themazender van de NPO. De zender belicht dagelijks ontwikkelingen in de landelijke politiek inclusief liveverslag van debatten in de Tweede Kamer en andere politieke gebeurtenissen.</desc><category></category></programme><programme channel="103" start="20221202130000 +0000" stop="20221202150000 +0000" catchup-id="899658795"><title>Haagse politiek</title><date></date><icon src="https://images.tv.kpn.com/epg/8mP3F2F79AlClT1ZB1upDncdjrnwB1DVleC1p79BKLAmk/1920x1080.jpg?blurred=false"></icon><desc>Themazender van de NPO. De zender belicht dagelijks ontwikkelingen in de landelijke politiek inclusief liveverslag van debatten in de Tweede Kamer en andere politieke gebeurtenissen.</desc><category></category></programme><programme channel="103" start="20221202150000 +0000" stop="20221202170000 +0000" catchup-id="899658798"><title>Haagse politiek</title><date></date><icon src="https://images.tv.kpn.com/epg/8mP3F2F79AlClT1ZB1upDncdjrnwB1DVleC1p79BKLAmk/1920x1080.jpg?blurred=false"></icon><desc>Themazender van de NPO. De zender belicht dagelijks ontwikkelingen in de landelijke politiek inclusief liveverslag van debatten in de Tweede Kamer en andere politieke gebeurtenissen.</desc><category></category></programme><programme channel="103" start="20221202170000 +0000" stop="20221202180000 +0000" catchup-id="899658801"><title>Haagse politiek</title><date></date><icon src="https://images.tv.kpn.com/epg/8mP3F2F79AlClT1ZB1upDncdjrnwB1DVleC1p79BKLAmk/1920x1080.jpg?blurred=false"></icon><desc>Themazender van de NPO. De zender belicht dagelijks ontwikkelingen in de landelijke politiek inclusief liveverslag van debatten in de Tweede Kamer en andere politieke gebeurtenissen.</desc><category></category></programme><programme channel="103" start="20221202180000 +0000" stop="20221202190000 +0000" catchup-id="899658804"><title>Haagse politiek</title><date></date><icon src="https://images.tv.kpn.com/epg/8mP3F2F79AlClT1ZB1upDncdjrnwB1DVleC1p79BKLAmk/1920x1080.jpg?blurred=false"></icon><desc>Themazender van de NPO. De zender belicht dagelijks ontwikkelingen in de landelijke politiek inclusief liveverslag van debatten in de Tweede Kamer en andere politieke gebeurtenissen.</desc><category></category></programme><programme channel="103" start="20221202190000 +0000" stop="20221202210000 +0000" catchup-id="899658807"><title>Haagse politiek</title><date></date><icon src="https://images.tv.kpn.com/epg/8mP3F2F79AlClT1ZB1upDncdjrnwB1DVleC1p79BKLAmk/1920x1080.jpg?blurred=false"></icon><desc>Themazender van de NPO. De zender belicht dagelijks ontwikkelingen in de landelijke politiek inclusief liveverslag van debatten in de Tweede Kamer en andere politieke gebeurtenissen.</desc><category></category></programme><programme channel="103" start="20221202210000 +0000" stop="20221202230000 +0000" catchup-id="899658810"><title>Haagse politiek</title><date></date><icon src="https://images.tv.kpn.com/epg/8mP3F2F79AlClT1ZB1upDncdjrnwB1DVleC1p79BKLAmk/1920x1080.jpg?blurred=false"></icon><desc>Themazender van de NPO. De zender belicht dagelijks ontwikkelingen in de landelijke politiek inclusief liveverslag van debatten in de Tweede Kamer en andere politieke gebeurtenissen.</desc><category></category></programme><programme channel="103" start="20221202230000 +0000" stop="20221203010000 +0000" catchup-id="899701815"><title>Haagse politiek</title><date></date><icon src="https://images.tv.kpn.com/epg/8mP3F2F79AlClT1ZB1upDncdjrnwB1DVleC1p79BKLAmk/1920x1080.jpg?blurred=false"></icon><desc>Themazender van de NPO. De zender belicht dagelijks ontwikkelingen in de landelijke politiek inclusief liveverslag van debatten in de Tweede Kamer en andere politieke gebeurtenissen.</desc><category></category></programme><programme channel="103" start="20221203010000 +0000" stop="20221203030000 +0000" catchup-id="899701818"><title>Haagse politiek</title><date></date><icon src="https://images.tv.kpn.com/epg/8mP3F2F79AlClT1ZB1upDncdjrnwB1DVleC1p79BKLAmk/1920x1080.jpg?blurred=false"></icon><desc>Themazender van de NPO. De zender belicht dagelijks ontwikkelingen in de landelijke politiek inclusief liveverslag van debatten in de Tweede Kamer en andere politieke gebeurtenissen.</desc><category></category></programme><programme channel="103" start="20221203030000 +0000" stop="20221203050000 +0000" catchup-id="899701821"><title>Haagse politiek</title><date></date><icon src="https://images.tv.kpn.com/epg/8mP3F2F79AlClT1ZB1upDncdjrnwB1DVleC1p79BKLAmk/1920x1080.jpg?blurred=false"></icon><desc>Themazender van de NPO. De zender belicht dagelijks ontwikkelingen in de landelijke politiek inclusief liveverslag van debatten in de Tweede Kamer en andere politieke gebeurtenissen.</desc><category></category></programme><programme channel="103" start="20221203050000 +0000" stop="20221203070000 +0000" catchup-id="899701824"><title>Haagse politiek</title><date></date><icon src="https://images.tv.kpn.com/epg/8mP3F2F79AlClT1ZB1upDncdjrnwB1DVleC1p79BKLAmk/1920x1080.jpg?blurred=false"></icon><desc>Themazender van de NPO. De zender belicht dagelijks ontwikkelingen in de landelijke politiek inclusief liveverslag van debatten in de Tweede Kamer en andere politieke gebeurtenissen.</desc><category></category></programme><programme channel="103" start="20221203070000 +0000" stop="20221203090000 +0000" catchup-id="899701827"><title>Haagse politiek</title><date></date><icon src="https://images.tv.kpn.com/epg/8mP3F2F79AlClT1ZB1upDncdjrnwB1DVleC1p79BKLAmk/1920x1080.jpg?blurred=false"></icon><desc>Themazender van de NPO. De zender belicht dagelijks ontwikkelingen in de landelijke politiek inclusief liveverslag van debatten in de Tweede Kamer en andere politieke gebeurtenissen.</desc><category></category></programme><programme channel="103" start="20221203090000 +0000" stop="20221203110000 +0000" catchup-id="899701830"><title>Haagse politiek</title><date></date><icon src="https://images.tv.kpn.com/epg/8mP3F2F79AlClT1ZB1upDncdjrnwB1DVleC1p79BKLAmk/1920x1080.jpg?blurred=false"></icon><desc>Themazender van de NPO. De zender belicht dagelijks ontwikkelingen in de landelijke politiek inclusief liveverslag van debatten in de Tweede Kamer en andere politieke gebeurtenissen.</desc><category></category></programme><programme channel="103" start="20221203110000 +0000" stop="20221203130000 +0000" catchup-id="899701833"><title>Haagse politiek</title><date></date><icon src="https://images.tv.kpn.com/epg/8mP3F2F79AlClT1ZB1upDncdjrnwB1DVleC1p79BKLAmk/1920x1080.jpg?blurred=false"></icon><desc>Themazender van de NPO. De zender belicht dagelijks ontwikkelingen in de landelijke politiek inclusief liveverslag van debatten in de Tweede Kamer en andere politieke gebeurtenissen.</desc><category></category></programme><programme channel="103" start="20221203130000 +0000" stop="20221203150000 +0000" catchup-id="899701836"><title>Haagse politiek</title><date></date><icon src="https://images.tv.kpn.com/epg/8mP3F2F79AlClT1ZB1upDncdjrnwB1DVleC1p79BKLAmk/1920x1080.jpg?blurred=false"></icon><desc>Themazender van de NPO. De zender belicht dagelijks ontwikkelingen in de landelijke politiek inclusief liveverslag van debatten in de Tweede Kamer en andere politieke gebeurtenissen.</desc><category></category></programme><programme channel="103" start="20221203150000 +0000" stop="20221203170000 +0000" catchup-id="899701839"><title>Haagse politiek</title><date></date><icon src="https://images.tv.kpn.com/epg/8mP3F2F79AlClT1ZB1upDncdjrnwB1DVleC1p79BKLAmk/1920x1080.jpg?blurred=false"></icon><desc>Themazender van de NPO. De zender belicht dagelijks ontwikkelingen in de landelijke politiek inclusief liveverslag van debatten in de Tweede Kamer en andere politieke gebeurtenissen.</desc><category></category></programme><programme channel="103" start="20221203170000 +0000" stop="20221203180000 +0000" catchup-id="899701842"><title>Haagse politiek</title><date></date><icon src="https://images.tv.kpn.com/epg/8mP3F2F79AlClT1ZB1upDncdjrnwB1DVleC1p79BKLAmk/1920x1080.jpg?blurred=false"></icon><desc>Themazender van de NPO. De zender belicht dagelijks ontwikkelingen in de landelijke politiek inclusief liveverslag van debatten in de Tweede Kamer en andere politieke gebeurtenissen.</desc><category></category></programme><programme channel="103" start="20221203180000 +0000" stop="20221203190000 +0000" catchup-id="899701845"><title>Haagse politiek</title><date></date><icon src="https://images.tv.kpn.com/epg/8mP3F2F79AlClT1ZB1upDncdjrnwB1DVleC1p79BKLAmk/1920x1080.jpg?blurred=false"></icon><desc>Themazender van de NPO. De zender belicht dagelijks ontwikkelingen in de landelijke politiek inclusief liveverslag van debatten in de Tweede Kamer en andere politieke gebeurtenissen.</desc><category></category></programme><programme channel="103" start="20221203190000 +0000" stop="20221203210000 +0000" catchup-id="899701848"><title>Haagse politiek</title><date></date><icon src="https://images.tv.kpn.com/epg/8mP3F2F79AlClT1ZB1upDncdjrnwB1DVleC1p79BKLAmk/1920x1080.jpg?blurred=false"></icon><desc>Themazender van de NPO. De zender belicht dagelijks ontwikkelingen in de landelijke politiek inclusief liveverslag van debatten in de Tweede Kamer en andere politieke gebeurtenissen.</desc><category></category></programme>