<programme channel="137" start="20221118230000 +0000" stop="20221119040000 +0000" catchup-id="899082654"><title>Feest in de tent</title><date></date><icon src="https://images.tv.kpn.com/epg/L3bcxCTL7g74ocIGYu5w5YC6pP6MEB34hyGZqUiD0ko/1920x1080.jpg?blurred=false"></icon><desc>Waar is dat feestje? Hier is dat feestje! De gezelligste clips zie je elk weekend bij TV Oranje.</desc><category></category></programme><programme channel="137" start="20221119040000 +0000" stop="20221119060000 +0000" catchup-id="899082660"><title>De laatste ronde</title><date></date><icon src="https://images.tv.kpn.com/epg/L3bcxCTL7g74ocIGYu5w5YC6pP6MEB34hyGZqUiD0ko/1920x1080.jpg?blurred=false"></icon><desc>Wie trekt er aan de bel en geeft het laatste rondje? TV Oranje gaat in elk geval door tot het einde.</desc><category></category></programme><programme channel="137" start="20221119060000 +0000" stop="20221119070000 +0000" catchup-id="899082669"><title>Kinderclips</title><date></date><icon src="https://images.tv.kpn.com/epg/EOj5sQAp9CFfgFHabtdubH1beT9CQrEX6i0v8PR9AU15mI/1920x1080.jpg?blurred=false"></icon><desc>De leukste kinderclips zie je bij TV Oranje. Zing je mee?</desc><category></category></programme><programme channel="137" start="20221119070000 +0000" stop="20221119090000 +0000" catchup-id="899082675"><title>Wakker in het weekend</title><date></date><icon src="https://images.tv.kpn.com/epg/L3bcxCTL7g74ocIGYu5w5YC6pP6MEB34hyGZqUiD0ko/1920x1080.jpg?blurred=false"></icon><desc>Ook voor de vroege vogels heeft TV Oranje volop clips van eigen bodem.</desc><category></category></programme><programme channel="137" start="20221119090000 +0000" stop="20221119110000 +0000" catchup-id="899082681"><title>Hit Explosie</title><date></date><icon src="https://images.tv.kpn.com/epg/L3bcxCTL7g74ocIGYu5w5YC6pP6MEB34hyGZqUiD0ko/1920x1080.jpg?blurred=false"></icon><desc>Een explosie van Nederlandse knallers: de nieuwste clips van eigen bodem zie je in de Hit Explosie op TV Oranje.</desc><category></category></programme><programme channel="137" start="20221119110000 +0000" stop="20221119130000 +0000" catchup-id="899082687"><title>Weekendpauze</title><date></date><icon src="https://images.tv.kpn.com/epg/L3bcxCTL7g74ocIGYu5w5YC6pP6MEB34hyGZqUiD0ko/1920x1080.jpg?blurred=false"></icon><desc>Even helemaal niks anders doen dan genieten van de leukste clips van eigen bodem!</desc><category></category></programme><programme channel="137" start="20221119130000 +0000" stop="20221119150000 +0000" catchup-id="899082693"><title>Groeten uit Holland</title><date></date><icon src="https://images.tv.kpn.com/epg/L3bcxCTL7g74ocIGYu5w5YC6pP6MEB34hyGZqUiD0ko/1920x1080.jpg?blurred=false"></icon><desc>Een muzikale ansichtkaart met de leukste clips van eigen bodem.</desc><category></category></programme><programme channel="137" start="20221119150000 +0000" stop="20221119163000 +0000" catchup-id="899082702"><title>Oranje Top 30</title><date></date><icon src="https://images.tv.kpn.com/epg/bWZl9ACunbi2y8aDVg9Bkr2NcjKFsW8MUvvBn3PTZaaak/1920x1080.jpg?blurred=false"></icon><desc>De 30 populairste nummers van eigen bodem, gebaseerd op gegevens van de media, handel en industrie. Kijk voor de gehele lijst op oranjetop30.nl.</desc><category></category></programme><programme channel="137" start="20221119163000 +0000" stop="20221119170000 +0000" catchup-id="899082708"><title>TV Oranje live</title><date></date><icon src="https://images.tv.kpn.com/epg/L3bcxCTL7g74ocIGYu5w5YC6pP6MEB34hyGZqUiD0ko/1920x1080.jpg?blurred=false"></icon><desc>De beste live optredens van jouw favoriete Nederlandse artiesten.</desc><category></category></programme><programme channel="137" start="20221119170000 +0000" stop="20221119180000 +0000" catchup-id="899082714"><title>Verzoekparade</title><date></date><icon src="https://images.tv.kpn.com/epg/GEis1GLqMC9BMJHL01mlyF0TBKCh9A9BN7yVUMUEkdWPWs/1920x1080.jpg?blurred=false"></icon><desc>De meest aangevraagde clips van vandaag. Breng je stem uit via verzoekparade.nl en zie jouw favoriete clip morgen bij TV Oranje!</desc><category></category></programme><programme channel="137" start="20221119180000 +0000" stop="20221119190000 +0000" catchup-id="899082720"><title>TV Oranje klassiekers</title><date></date><icon src="https://images.tv.kpn.com/epg/L3bcxCTL7g74ocIGYu5w5YC6pP6MEB34hyGZqUiD0ko/1920x1080.jpg?blurred=false"></icon><desc>Een selectie van Hollandse hits van weleer uit de archieven van TV Oranje.</desc><category></category></programme><programme channel="137" start="20221119190000 +0000" stop="20221119200000 +0000" catchup-id="899082723"><title>Het uur van...</title><date></date><icon src="https://images.tv.kpn.com/epg/jee9CHLOREMmWBC4k8FA6SavQN9BOUHFIcJoARkuZVqY4/1920x1080.jpg?blurred=false"></icon><desc>Elke zaterdag zie je tussen 19:00 en 20:00 uur op TV Oranje een uur lang non-stop je favoriete artiest.</desc><category></category></programme><programme channel="137" start="20221119200000 +0000" stop="20221119230000 +0000" catchup-id="899082732"><title>Borreltijd</title><date></date><icon src="https://images.tv.kpn.com/epg/L3bcxCTL7g74ocIGYu5w5YC6pP6MEB34hyGZqUiD0ko/1920x1080.jpg?blurred=false"></icon><desc>Jouw uitgaansavond begint met deze feestelijke clips, die borrelen van energie.</desc><category></category></programme><programme channel="137" start="20221119230000 +0000" stop="20221120040000 +0000" catchup-id="899126679"><title>Feest in de tent</title><date></date><icon src="https://images.tv.kpn.com/epg/L3bcxCTL7g74ocIGYu5w5YC6pP6MEB34hyGZqUiD0ko/1920x1080.jpg?blurred=false"></icon><desc>Waar is dat feestje? Hier is dat feestje! De gezelligste clips zie je elk weekend bij TV Oranje.</desc><category></category></programme><programme channel="137" start="20221120040000 +0000" stop="20221120060000 +0000" catchup-id="899126682"><title>De laatste ronde</title><date></date><icon src="https://images.tv.kpn.com/epg/L3bcxCTL7g74ocIGYu5w5YC6pP6MEB34hyGZqUiD0ko/1920x1080.jpg?blurred=false"></icon><desc>Wie trekt er aan de bel en geeft het laatste rondje? TV Oranje gaat in elk geval door tot het einde.</desc><category></category></programme><programme channel="137" start="20221120060000 +0000" stop="20221120070000 +0000" catchup-id="899126685"><title>Kinderclips</title><date></date><icon src="https://images.tv.kpn.com/epg/EOj5sQAp9CFfgFHabtdubH1beT9CQrEX6i0v8PR9AU15mI/1920x1080.jpg?blurred=false"></icon><desc>De leukste kinderclips zie je bij TV Oranje. Zing je mee?</desc><category></category></programme><programme channel="137" start="20221120070000 +0000" stop="20221120090000 +0000" catchup-id="899126688"><title>Wakker in het weekend</title><date></date><icon src="https://images.tv.kpn.com/epg/L3bcxCTL7g74ocIGYu5w5YC6pP6MEB34hyGZqUiD0ko/1920x1080.jpg?blurred=false"></icon><desc>Ook voor de vroege vogels heeft TV Oranje volop clips van eigen bodem.</desc><category></category></programme><programme channel="137" start="20221120090000 +0000" stop="20221120100000 +0000" catchup-id="899126691"><title>TV Oranje klassiekers</title><date></date><icon src="https://images.tv.kpn.com/epg/L3bcxCTL7g74ocIGYu5w5YC6pP6MEB34hyGZqUiD0ko/1920x1080.jpg?blurred=false"></icon><desc>Een selectie van Hollandse hits van weleer uit de archieven van TV Oranje.</desc><category></category></programme><programme channel="137" start="20221120100000 +0000" stop="20221120110000 +0000" catchup-id="899126694"><title>Oranje Top 30</title><date></date><icon src="https://images.tv.kpn.com/epg/bWZl9ACunbi2y8aDVg9Bkr2NcjKFsW8MUvvBn3PTZaaak/1920x1080.jpg?blurred=false"></icon><desc>De 30 populairste nummers van eigen bodem, gebaseerd op gegevens van de media, handel en industrie. Kijk voor de gehele lijst op oranjetop30.nl.</desc><category></category></programme><programme channel="137" start="20221120110000 +0000" stop="20221120130000 +0000" catchup-id="899126697"><title>Weekendpauze</title><date></date><icon src="https://images.tv.kpn.com/epg/L3bcxCTL7g74ocIGYu5w5YC6pP6MEB34hyGZqUiD0ko/1920x1080.jpg?blurred=false"></icon><desc>Even helemaal niks anders doen dan genieten van de leukste clips van eigen bodem!</desc><category></category></programme><programme channel="137" start="20221120130000 +0000" stop="20221120150000 +0000" catchup-id="899126700"><title>Groeten uit Holland</title><date></date><icon src="https://images.tv.kpn.com/epg/L3bcxCTL7g74ocIGYu5w5YC6pP6MEB34hyGZqUiD0ko/1920x1080.jpg?blurred=false"></icon><desc>Een muzikale ansichtkaart met de leukste clips van eigen bodem.</desc><category></category></programme><programme channel="137" start="20221120150000 +0000" stop="20221120170000 +0000" catchup-id="899126703"><title>SchlagerTV</title><date></date><icon src="https://images.tv.kpn.com/epg/L3bcxCTL7g74ocIGYu5w5YC6pP6MEB34hyGZqUiD0ko/1920x1080.jpg?blurred=false"></icon><desc>De gezelligste Duitstalige muziek van onze zusterzender SchlagerTV zie je elke zondag twee uur lang bij TV Oranje!</desc><category></category></programme><programme channel="137" start="20221120170000 +0000" stop="20221120180000 +0000" catchup-id="899126706"><title>Verzoekparade</title><date></date><icon src="https://images.tv.kpn.com/epg/GEis1GLqMC9BMJHL01mlyF0TBKCh9A9BN7yVUMUEkdWPWs/1920x1080.jpg?blurred=false"></icon><desc>De meest aangevraagde clips van vandaag. Breng je stem uit via verzoekparade.nl en zie jouw favoriete clip morgen bij TV Oranje!</desc><category></category></programme><programme channel="137" start="20221120180000 +0000" stop="20221120210000 +0000" catchup-id="899126709"><title>Hollandse Hits</title><date></date><icon src="https://images.tv.kpn.com/epg/L3bcxCTL7g74ocIGYu5w5YC6pP6MEB34hyGZqUiD0ko/1920x1080.jpg?blurred=false"></icon><desc>Een heerlijke mix met Hollandse Hits van toen en nu.</desc><category></category></programme><programme channel="137" start="20221120210000 +0000" stop="20221120230000 +0000" catchup-id="899126712"><title>Voor het slapen</title><date></date><icon src="https://images.tv.kpn.com/epg/kwUWV3Y9BZ6CNam6Vl5pKKYcahvhwkoXQg9ARZHgTvPKc/1920x1080.jpg?blurred=false"></icon><desc>Nog even een paar clips van eigen bodem en dan naar bed.</desc><category></category></programme><programme channel="137" start="20221120230000 +0000" stop="20221121040000 +0000" catchup-id="899168013"><title>TV Oranje Nonstop</title><date></date><icon src="https://images.tv.kpn.com/epg/L3bcxCTL7g74ocIGYu5w5YC6pP6MEB34hyGZqUiD0ko/1920x1080.jpg?blurred=false"></icon><desc>Non-stop de beste muziek van eigen bodem.</desc><category></category></programme><programme channel="137" start="20221121040000 +0000" stop="20221121060000 +0000" catchup-id="899168016"><title>Wakker worden</title><date></date><icon src="https://images.tv.kpn.com/epg/L3bcxCTL7g74ocIGYu5w5YC6pP6MEB34hyGZqUiD0ko/1920x1080.jpg?blurred=false"></icon><desc>Opstaan met je favoriete artiesten en de beste hits van eigen bodem.</desc><category></category></programme><programme channel="137" start="20221121060000 +0000" stop="20221121070000 +0000" catchup-id="899168019"><title>Kinderclips</title><date></date><icon src="https://images.tv.kpn.com/epg/EOj5sQAp9CFfgFHabtdubH1beT9CQrEX6i0v8PR9AU15mI/1920x1080.jpg?blurred=false"></icon><desc>De leukste kinderclips zie je bij TV Oranje. Zing je mee?</desc><category></category></programme><programme channel="137" start="20221121070000 +0000" stop="20221121090000 +0000" catchup-id="899168022"><title>Koffieclips</title><date></date><icon src="https://images.tv.kpn.com/epg/L3bcxCTL7g74ocIGYu5w5YC6pP6MEB34hyGZqUiD0ko/1920x1080.jpg?blurred=false"></icon><desc>Lekkere muziek van eigen bodem voor bij de koffie.</desc><category></category></programme><programme channel="137" start="20221121090000 +0000" stop="20221121110000 +0000" catchup-id="899168025"><title>Aan het werk</title><date></date><icon src="https://images.tv.kpn.com/epg/L3bcxCTL7g74ocIGYu5w5YC6pP6MEB34hyGZqUiD0ko/1920x1080.jpg?blurred=false"></icon><desc>Lekker aan de slag met muziek van eigen bodem.</desc><category></category></programme><programme channel="137" start="20221121110000 +0000" stop="20221121130000 +0000" catchup-id="899168028"><title>Middagpauze</title><date></date><icon src="https://images.tv.kpn.com/epg/L3bcxCTL7g74ocIGYu5w5YC6pP6MEB34hyGZqUiD0ko/1920x1080.jpg?blurred=false"></icon><desc>TV Oranje maakt jouw lunchpauze compleet met smakelijke muziek van eigen bodem.</desc><category></category></programme><programme channel="137" start="20221121130000 +0000" stop="20221121150000 +0000" catchup-id="899168031"><title>Heel Hollands</title><date></date><icon src="https://images.tv.kpn.com/epg/IBySfqv9C0HDiGjx9BSUHe9BVsgfekQPiPZ3LwPF14wHDk/1920x1080.jpg?blurred=false"></icon><desc>Alleen maar muziek van eigen bodem, daarvoor moet je natuurlijk bij TV Oranje zijn!</desc><category></category></programme><programme channel="137" start="20221121150000 +0000" stop="20221121170000 +0000" catchup-id="899168034"><title>Tijd voor thuis</title><date></date><icon src="https://images.tv.kpn.com/epg/09AiCzfGfPNfyhWjQpFX9BGldgrx9CAOQ2DFJ9CB6qZ0430/1920x1080.jpg?blurred=false"></icon><desc>Voel je helemaal thuis met deze heerlijke muziek van eigen bodem.</desc><category></category></programme><programme channel="137" start="20221121170000 +0000" stop="20221121180000 +0000" catchup-id="899168037"><title>Verzoekparade</title><date></date><icon src="https://images.tv.kpn.com/epg/GEis1GLqMC9BMJHL01mlyF0TBKCh9A9BN7yVUMUEkdWPWs/1920x1080.jpg?blurred=false"></icon><desc>De meest aangevraagde clips van vandaag. Breng je stem uit via verzoekparade.nl en zie jouw favoriete clip morgen bij TV Oranje!</desc><category></category></programme><programme channel="137" start="20221121180000 +0000" stop="20221121210000 +0000" catchup-id="899168040"><title>Hollandse Hits</title><date></date><icon src="https://images.tv.kpn.com/epg/L3bcxCTL7g74ocIGYu5w5YC6pP6MEB34hyGZqUiD0ko/1920x1080.jpg?blurred=false"></icon><desc>Een heerlijke mix met Hollandse Hits van toen en nu.</desc><category></category></programme><programme channel="137" start="20221121210000 +0000" stop="20221121230000 +0000" catchup-id="899168043"><title>Voor het slapen</title><date></date><icon src="https://images.tv.kpn.com/epg/kwUWV3Y9BZ6CNam6Vl5pKKYcahvhwkoXQg9ARZHgTvPKc/1920x1080.jpg?blurred=false"></icon><desc>Nog even een paar clips van eigen bodem en dan naar bed.</desc><category></category></programme><programme channel="137" start="20221121230000 +0000" stop="20221122040000 +0000" catchup-id="899211714"><title>TV Oranje Nonstop</title><date></date><icon src="https://images.tv.kpn.com/epg/L3bcxCTL7g74ocIGYu5w5YC6pP6MEB34hyGZqUiD0ko/1920x1080.jpg?blurred=false"></icon><desc>Non-stop de beste muziek van eigen bodem.</desc><category></category></programme><programme channel="137" start="20221122040000 +0000" stop="20221122060000 +0000" catchup-id="899211717"><title>Wakker worden</title><date></date><icon src="https://images.tv.kpn.com/epg/L3bcxCTL7g74ocIGYu5w5YC6pP6MEB34hyGZqUiD0ko/1920x1080.jpg?blurred=false"></icon><desc>Opstaan met je favoriete artiesten en de beste hits van eigen bodem.</desc><category></category></programme><programme channel="137" start="20221122060000 +0000" stop="20221122070000 +0000" catchup-id="899211720"><title>Kinderclips</title><date></date><icon src="https://images.tv.kpn.com/epg/EOj5sQAp9CFfgFHabtdubH1beT9CQrEX6i0v8PR9AU15mI/1920x1080.jpg?blurred=false"></icon><desc>De leukste kinderclips zie je bij TV Oranje. Zing je mee?</desc><category></category></programme><programme channel="137" start="20221122070000 +0000" stop="20221122090000 +0000" catchup-id="899211723"><title>Koffieclips</title><date></date><icon src="https://images.tv.kpn.com/epg/L3bcxCTL7g74ocIGYu5w5YC6pP6MEB34hyGZqUiD0ko/1920x1080.jpg?blurred=false"></icon><desc>Lekkere muziek van eigen bodem voor bij de koffie.</desc><category></category></programme><programme channel="137" start="20221122090000 +0000" stop="20221122110000 +0000" catchup-id="899211726"><title>Aan het werk</title><date></date><icon src="https://images.tv.kpn.com/epg/L3bcxCTL7g74ocIGYu5w5YC6pP6MEB34hyGZqUiD0ko/1920x1080.jpg?blurred=false"></icon><desc>Lekker aan de slag met muziek van eigen bodem.</desc><category></category></programme><programme channel="137" start="20221122110000 +0000" stop="20221122130000 +0000" catchup-id="899211729"><title>Middagpauze</title><date></date><icon src="https://images.tv.kpn.com/epg/L3bcxCTL7g74ocIGYu5w5YC6pP6MEB34hyGZqUiD0ko/1920x1080.jpg?blurred=false"></icon><desc>TV Oranje maakt jouw lunchpauze compleet met smakelijke muziek van eigen bodem.</desc><category></category></programme><programme channel="137" start="20221122130000 +0000" stop="20221122150000 +0000" catchup-id="899211732"><title>Heel Hollands</title><date></date><icon src="https://images.tv.kpn.com/epg/IBySfqv9C0HDiGjx9BSUHe9BVsgfekQPiPZ3LwPF14wHDk/1920x1080.jpg?blurred=false"></icon><desc>Alleen maar muziek van eigen bodem, daarvoor moet je natuurlijk bij TV Oranje zijn!</desc><category></category></programme><programme channel="137" start="20221122150000 +0000" stop="20221122170000 +0000" catchup-id="899211735"><title>Tijd voor thuis</title><date></date><icon src="https://images.tv.kpn.com/epg/09AiCzfGfPNfyhWjQpFX9BGldgrx9CAOQ2DFJ9CB6qZ0430/1920x1080.jpg?blurred=false"></icon><desc>Voel je helemaal thuis met deze heerlijke muziek van eigen bodem.</desc><category></category></programme><programme channel="137" start="20221122170000 +0000" stop="20221122180000 +0000" catchup-id="899211738"><title>Verzoekparade</title><date></date><icon src="https://images.tv.kpn.com/epg/GEis1GLqMC9BMJHL01mlyF0TBKCh9A9BN7yVUMUEkdWPWs/1920x1080.jpg?blurred=false"></icon><desc>De meest aangevraagde clips van vandaag. Breng je stem uit via verzoekparade.nl en zie jouw favoriete clip morgen bij TV Oranje!</desc><category></category></programme><programme channel="137" start="20221122180000 +0000" stop="20221122210000 +0000" catchup-id="899211741"><title>Hollandse Hits</title><date></date><icon src="https://images.tv.kpn.com/epg/L3bcxCTL7g74ocIGYu5w5YC6pP6MEB34hyGZqUiD0ko/1920x1080.jpg?blurred=false"></icon><desc>Een heerlijke mix met Hollandse Hits van toen en nu.</desc><category></category></programme><programme channel="137" start="20221122210000 +0000" stop="20221122230000 +0000" catchup-id="899211744"><title>Voor het slapen</title><date></date><icon src="https://images.tv.kpn.com/epg/kwUWV3Y9BZ6CNam6Vl5pKKYcahvhwkoXQg9ARZHgTvPKc/1920x1080.jpg?blurred=false"></icon><desc>Nog even een paar clips van eigen bodem en dan naar bed.</desc><category></category></programme><programme channel="137" start="20221122230000 +0000" stop="20221123040000 +0000" catchup-id="899256852"><title>TV Oranje Nonstop</title><date></date><icon src="https://images.tv.kpn.com/epg/L3bcxCTL7g74ocIGYu5w5YC6pP6MEB34hyGZqUiD0ko/1920x1080.jpg?blurred=false"></icon><desc>Non-stop de beste muziek van eigen bodem.</desc><category></category></programme><programme channel="137" start="20221123040000 +0000" stop="20221123060000 +0000" catchup-id="899256855"><title>Wakker worden</title><date></date><icon src="https://images.tv.kpn.com/epg/L3bcxCTL7g74ocIGYu5w5YC6pP6MEB34hyGZqUiD0ko/1920x1080.jpg?blurred=false"></icon><desc>Opstaan met je favoriete artiesten en de beste hits van eigen bodem.</desc><category></category></programme><programme channel="137" start="20221123060000 +0000" stop="20221123070000 +0000" catchup-id="899256858"><title>Kinderclips</title><date></date><icon src="https://images.tv.kpn.com/epg/EOj5sQAp9CFfgFHabtdubH1beT9CQrEX6i0v8PR9AU15mI/1920x1080.jpg?blurred=false"></icon><desc>De leukste kinderclips zie je bij TV Oranje. Zing je mee?</desc><category></category></programme><programme channel="137" start="20221123070000 +0000" stop="20221123090000 +0000" catchup-id="899256861"><title>Koffieclips</title><date></date><icon src="https://images.tv.kpn.com/epg/L3bcxCTL7g74ocIGYu5w5YC6pP6MEB34hyGZqUiD0ko/1920x1080.jpg?blurred=false"></icon><desc>Lekkere muziek van eigen bodem voor bij de koffie.</desc><category></category></programme><programme channel="137" start="20221123090000 +0000" stop="20221123110000 +0000" catchup-id="899256864"><title>Aan het werk</title><date></date><icon src="https://images.tv.kpn.com/epg/L3bcxCTL7g74ocIGYu5w5YC6pP6MEB34hyGZqUiD0ko/1920x1080.jpg?blurred=false"></icon><desc>Lekker aan de slag met muziek van eigen bodem.</desc><category></category></programme><programme channel="137" start="20221123110000 +0000" stop="20221123130000 +0000" catchup-id="899256867"><title>Middagpauze</title><date></date><icon src="https://images.tv.kpn.com/epg/L3bcxCTL7g74ocIGYu5w5YC6pP6MEB34hyGZqUiD0ko/1920x1080.jpg?blurred=false"></icon><desc>TV Oranje maakt jouw lunchpauze compleet met smakelijke muziek van eigen bodem.</desc><category></category></programme><programme channel="137" start="20221123130000 +0000" stop="20221123150000 +0000" catchup-id="899256870"><title>Heel Hollands</title><date></date><icon src="https://images.tv.kpn.com/epg/IBySfqv9C0HDiGjx9BSUHe9BVsgfekQPiPZ3LwPF14wHDk/1920x1080.jpg?blurred=false"></icon><desc>Alleen maar muziek van eigen bodem, daarvoor moet je natuurlijk bij TV Oranje zijn!</desc><category></category></programme><programme channel="137" start="20221123150000 +0000" stop="20221123170000 +0000" catchup-id="899256873"><title>Tijd voor thuis</title><date></date><icon src="https://images.tv.kpn.com/epg/09AiCzfGfPNfyhWjQpFX9BGldgrx9CAOQ2DFJ9CB6qZ0430/1920x1080.jpg?blurred=false"></icon><desc>Voel je helemaal thuis met deze heerlijke muziek van eigen bodem.</desc><category></category></programme><programme channel="137" start="20221123170000 +0000" stop="20221123180000 +0000" catchup-id="899256876"><title>Verzoekparade</title><date></date><icon src="https://images.tv.kpn.com/epg/GEis1GLqMC9BMJHL01mlyF0TBKCh9A9BN7yVUMUEkdWPWs/1920x1080.jpg?blurred=false"></icon><desc>De meest aangevraagde clips van vandaag. Breng je stem uit via verzoekparade.nl en zie jouw favoriete clip morgen bij TV Oranje!</desc><category></category></programme><programme channel="137" start="20221123180000 +0000" stop="20221123210000 +0000" catchup-id="899256879"><title>Hollandse Hits</title><date></date><icon src="https://images.tv.kpn.com/epg/L3bcxCTL7g74ocIGYu5w5YC6pP6MEB34hyGZqUiD0ko/1920x1080.jpg?blurred=false"></icon><desc>Een heerlijke mix met Hollandse Hits van toen en nu.</desc><category></category></programme><programme channel="137" start="20221123210000 +0000" stop="20221123230000 +0000" catchup-id="899256882"><title>Voor het slapen</title><date></date><icon src="https://images.tv.kpn.com/epg/kwUWV3Y9BZ6CNam6Vl5pKKYcahvhwkoXQg9ARZHgTvPKc/1920x1080.jpg?blurred=false"></icon><desc>Nog even een paar clips van eigen bodem en dan naar bed.</desc><category></category></programme><programme channel="137" start="20221123230000 +0000" stop="20221124040000 +0000" catchup-id="899303691"><title>TV Oranje Nonstop</title><date></date><icon src="https://images.tv.kpn.com/epg/L3bcxCTL7g74ocIGYu5w5YC6pP6MEB34hyGZqUiD0ko/1920x1080.jpg?blurred=false"></icon><desc>Non-stop de beste muziek van eigen bodem.</desc><category></category></programme><programme channel="137" start="20221124040000 +0000" stop="20221124060000 +0000" catchup-id="899303694"><title>Wakker worden</title><date></date><icon src="https://images.tv.kpn.com/epg/L3bcxCTL7g74ocIGYu5w5YC6pP6MEB34hyGZqUiD0ko/1920x1080.jpg?blurred=false"></icon><desc>Opstaan met je favoriete artiesten en de beste hits van eigen bodem.</desc><category></category></programme><programme channel="137" start="20221124060000 +0000" stop="20221124070000 +0000" catchup-id="899303697"><title>Kinderclips</title><date></date><icon src="https://images.tv.kpn.com/epg/EOj5sQAp9CFfgFHabtdubH1beT9CQrEX6i0v8PR9AU15mI/1920x1080.jpg?blurred=false"></icon><desc>De leukste kinderclips zie je bij TV Oranje. Zing je mee?</desc><category></category></programme><programme channel="137" start="20221124070000 +0000" stop="20221124090000 +0000" catchup-id="899303700"><title>Koffieclips</title><date></date><icon src="https://images.tv.kpn.com/epg/L3bcxCTL7g74ocIGYu5w5YC6pP6MEB34hyGZqUiD0ko/1920x1080.jpg?blurred=false"></icon><desc>Lekkere muziek van eigen bodem voor bij de koffie.</desc><category></category></programme><programme channel="137" start="20221124090000 +0000" stop="20221124110000 +0000" catchup-id="899303703"><title>Aan het werk</title><date></date><icon src="https://images.tv.kpn.com/epg/L3bcxCTL7g74ocIGYu5w5YC6pP6MEB34hyGZqUiD0ko/1920x1080.jpg?blurred=false"></icon><desc>Lekker aan de slag met muziek van eigen bodem.</desc><category></category></programme><programme channel="137" start="20221124110000 +0000" stop="20221124130000 +0000" catchup-id="899303706"><title>Middagpauze</title><date></date><icon src="https://images.tv.kpn.com/epg/L3bcxCTL7g74ocIGYu5w5YC6pP6MEB34hyGZqUiD0ko/1920x1080.jpg?blurred=false"></icon><desc>TV Oranje maakt jouw lunchpauze compleet met smakelijke muziek van eigen bodem.</desc><category></category></programme><programme channel="137" start="20221124130000 +0000" stop="20221124150000 +0000" catchup-id="899303709"><title>Heel Hollands</title><date></date><icon src="https://images.tv.kpn.com/epg/IBySfqv9C0HDiGjx9BSUHe9BVsgfekQPiPZ3LwPF14wHDk/1920x1080.jpg?blurred=false"></icon><desc>Alleen maar muziek van eigen bodem, daarvoor moet je natuurlijk bij TV Oranje zijn!</desc><category></category></programme><programme channel="137" start="20221124150000 +0000" stop="20221124170000 +0000" catchup-id="899303712"><title>Tijd voor thuis</title><date></date><icon src="https://images.tv.kpn.com/epg/09AiCzfGfPNfyhWjQpFX9BGldgrx9CAOQ2DFJ9CB6qZ0430/1920x1080.jpg?blurred=false"></icon><desc>Voel je helemaal thuis met deze heerlijke muziek van eigen bodem.</desc><category></category></programme><programme channel="137" start="20221124170000 +0000" stop="20221124180000 +0000" catchup-id="899303715"><title>Verzoekparade</title><date></date><icon src="https://images.tv.kpn.com/epg/GEis1GLqMC9BMJHL01mlyF0TBKCh9A9BN7yVUMUEkdWPWs/1920x1080.jpg?blurred=false"></icon><desc>De meest aangevraagde clips van vandaag. Breng je stem uit via verzoekparade.nl en zie jouw favoriete clip morgen bij TV Oranje!</desc><category></category></programme><programme channel="137" start="20221124180000 +0000" stop="20221124210000 +0000" catchup-id="899303718"><title>Hollandse Hits</title><date></date><icon src="https://images.tv.kpn.com/epg/L3bcxCTL7g74ocIGYu5w5YC6pP6MEB34hyGZqUiD0ko/1920x1080.jpg?blurred=false"></icon><desc>Een heerlijke mix met Hollandse Hits van toen en nu.</desc><category></category></programme><programme channel="137" start="20221124210000 +0000" stop="20221124230000 +0000" catchup-id="899303721"><title>Voor het slapen</title><date></date><icon src="https://images.tv.kpn.com/epg/kwUWV3Y9BZ6CNam6Vl5pKKYcahvhwkoXQg9ARZHgTvPKc/1920x1080.jpg?blurred=false"></icon><desc>Nog even een paar clips van eigen bodem en dan naar bed.</desc><category></category></programme><programme channel="137" start="20221124230000 +0000" stop="20221125040000 +0000" catchup-id="899353641"><title>TV Oranje Nonstop</title><date></date><icon src="https://images.tv.kpn.com/epg/L3bcxCTL7g74ocIGYu5w5YC6pP6MEB34hyGZqUiD0ko/1920x1080.jpg?blurred=false"></icon><desc>Non-stop de beste muziek van eigen bodem.</desc><category></category></programme><programme channel="137" start="20221125040000 +0000" stop="20221125060000 +0000" catchup-id="899353647"><title>Wakker worden</title><date></date><icon src="https://images.tv.kpn.com/epg/L3bcxCTL7g74ocIGYu5w5YC6pP6MEB34hyGZqUiD0ko/1920x1080.jpg?blurred=false"></icon><desc>Opstaan met je favoriete artiesten en de beste hits van eigen bodem.</desc><category></category></programme><programme channel="137" start="20221125060000 +0000" stop="20221125070000 +0000" catchup-id="899353656"><title>Kinderclips</title><date></date><icon src="https://images.tv.kpn.com/epg/EOj5sQAp9CFfgFHabtdubH1beT9CQrEX6i0v8PR9AU15mI/1920x1080.jpg?blurred=false"></icon><desc>De leukste kinderclips zie je bij TV Oranje. Zing je mee?</desc><category></category></programme><programme channel="137" start="20221125070000 +0000" stop="20221125090000 +0000" catchup-id="899353662"><title>Koffieclips</title><date></date><icon src="https://images.tv.kpn.com/epg/L3bcxCTL7g74ocIGYu5w5YC6pP6MEB34hyGZqUiD0ko/1920x1080.jpg?blurred=false"></icon><desc>Lekkere muziek van eigen bodem voor bij de koffie.</desc><category></category></programme><programme channel="137" start="20221125090000 +0000" stop="20221125110000 +0000" catchup-id="899353668"><title>Aan het werk</title><date></date><icon src="https://images.tv.kpn.com/epg/L3bcxCTL7g74ocIGYu5w5YC6pP6MEB34hyGZqUiD0ko/1920x1080.jpg?blurred=false"></icon><desc>Lekker aan de slag met muziek van eigen bodem.</desc><category></category></programme><programme channel="137" start="20221125110000 +0000" stop="20221125130000 +0000" catchup-id="899353674"><title>Middagpauze</title><date></date><icon src="https://images.tv.kpn.com/epg/L3bcxCTL7g74ocIGYu5w5YC6pP6MEB34hyGZqUiD0ko/1920x1080.jpg?blurred=false"></icon><desc>TV Oranje maakt jouw lunchpauze compleet met smakelijke muziek van eigen bodem.</desc><category></category></programme><programme channel="137" start="20221125130000 +0000" stop="20221125150000 +0000" catchup-id="899353680"><title>Heel Hollands</title><date></date><icon src="https://images.tv.kpn.com/epg/IBySfqv9C0HDiGjx9BSUHe9BVsgfekQPiPZ3LwPF14wHDk/1920x1080.jpg?blurred=false"></icon><desc>Alleen maar muziek van eigen bodem, daarvoor moet je natuurlijk bij TV Oranje zijn!</desc><category></category></programme><programme channel="137" start="20221125150000 +0000" stop="20221125170000 +0000" catchup-id="899353689"><title>Tijd voor thuis</title><date></date><icon src="https://images.tv.kpn.com/epg/09AiCzfGfPNfyhWjQpFX9BGldgrx9CAOQ2DFJ9CB6qZ0430/1920x1080.jpg?blurred=false"></icon><desc>Voel je helemaal thuis met deze heerlijke muziek van eigen bodem.</desc><category></category></programme><programme channel="137" start="20221125170000 +0000" stop="20221125180000 +0000" catchup-id="899353695"><title>Verzoekparade</title><date></date><icon src="https://images.tv.kpn.com/epg/GEis1GLqMC9BMJHL01mlyF0TBKCh9A9BN7yVUMUEkdWPWs/1920x1080.jpg?blurred=false"></icon><desc>De meest aangevraagde clips van vandaag. Breng je stem uit via verzoekparade.nl en zie jouw favoriete clip morgen bij TV Oranje!</desc><category></category></programme><programme channel="137" start="20221125180000 +0000" stop="20221125190000 +0000" catchup-id="899353704"><title>TV Oranje live</title><date></date><icon src="https://images.tv.kpn.com/epg/L3bcxCTL7g74ocIGYu5w5YC6pP6MEB34hyGZqUiD0ko/1920x1080.jpg?blurred=false"></icon><desc>De beste live optredens van jouw favoriete Nederlandse artiesten.</desc><category></category></programme><programme channel="137" start="20221125190000 +0000" stop="20221125200000 +0000" catchup-id="899353710"><title>Oranje Top 30</title><date></date><icon src="https://images.tv.kpn.com/epg/bWZl9ACunbi2y8aDVg9Bkr2NcjKFsW8MUvvBn3PTZaaak/1920x1080.jpg?blurred=false"></icon><desc>De 30 populairste nummers van eigen bodem, gebaseerd op gegevens van de media, handel en industrie. Kijk voor de gehele lijst op oranjetop30.nl.</desc><category></category></programme><programme channel="137" start="20221125200000 +0000" stop="20221125230000 +0000" catchup-id="899353719"><title>Borreltijd</title><date></date><icon src="https://images.tv.kpn.com/epg/L3bcxCTL7g74ocIGYu5w5YC6pP6MEB34hyGZqUiD0ko/1920x1080.jpg?blurred=false"></icon><desc>Jouw uitgaansavond begint met deze feestelijke clips, die borrelen van energie.</desc><category></category></programme><programme channel="137" start="20221125230000 +0000" stop="20221126040000 +0000" catchup-id="899396895"><title>Feest in de tent</title><date></date><icon src="https://images.tv.kpn.com/epg/L3bcxCTL7g74ocIGYu5w5YC6pP6MEB34hyGZqUiD0ko/1920x1080.jpg?blurred=false"></icon><desc>Waar is dat feestje? Hier is dat feestje! De gezelligste clips zie je elk weekend bij TV Oranje.</desc><category></category></programme><programme channel="137" start="20221126040000 +0000" stop="20221126060000 +0000" catchup-id="899396898"><title>De laatste ronde</title><date></date><icon src="https://images.tv.kpn.com/epg/L3bcxCTL7g74ocIGYu5w5YC6pP6MEB34hyGZqUiD0ko/1920x1080.jpg?blurred=false"></icon><desc>Wie trekt er aan de bel en geeft het laatste rondje? TV Oranje gaat in elk geval door tot het einde.</desc><category></category></programme><programme channel="137" start="20221126060000 +0000" stop="20221126070000 +0000" catchup-id="899396901"><title>Kinderclips</title><date></date><icon src="https://images.tv.kpn.com/epg/EOj5sQAp9CFfgFHabtdubH1beT9CQrEX6i0v8PR9AU15mI/1920x1080.jpg?blurred=false"></icon><desc>De leukste kinderclips zie je bij TV Oranje. Zing je mee?</desc><category></category></programme><programme channel="137" start="20221126070000 +0000" stop="20221126090000 +0000" catchup-id="899396904"><title>Wakker in het weekend</title><date></date><icon src="https://images.tv.kpn.com/epg/L3bcxCTL7g74ocIGYu5w5YC6pP6MEB34hyGZqUiD0ko/1920x1080.jpg?blurred=false"></icon><desc>Ook voor de vroege vogels heeft TV Oranje volop clips van eigen bodem.</desc><category></category></programme><programme channel="137" start="20221126090000 +0000" stop="20221126110000 +0000" catchup-id="899396907"><title>Hit Explosie</title><date></date><icon src="https://images.tv.kpn.com/epg/L3bcxCTL7g74ocIGYu5w5YC6pP6MEB34hyGZqUiD0ko/1920x1080.jpg?blurred=false"></icon><desc>Een explosie van Nederlandse knallers: de nieuwste clips van eigen bodem zie je in de Hit Explosie op TV Oranje.</desc><category></category></programme><programme channel="137" start="20221126110000 +0000" stop="20221126130000 +0000" catchup-id="899396910"><title>Weekendpauze</title><date></date><icon src="https://images.tv.kpn.com/epg/L3bcxCTL7g74ocIGYu5w5YC6pP6MEB34hyGZqUiD0ko/1920x1080.jpg?blurred=false"></icon><desc>Even helemaal niks anders doen dan genieten van de leukste clips van eigen bodem!</desc><category></category></programme><programme channel="137" start="20221126130000 +0000" stop="20221126150000 +0000" catchup-id="899396916"><title>Groeten uit Holland</title><date></date><icon src="https://images.tv.kpn.com/epg/L3bcxCTL7g74ocIGYu5w5YC6pP6MEB34hyGZqUiD0ko/1920x1080.jpg?blurred=false"></icon><desc>Een muzikale ansichtkaart met de leukste clips van eigen bodem.</desc><category></category></programme><programme channel="137" start="20221126150000 +0000" stop="20221126163000 +0000" catchup-id="899396919"><title>Oranje Top 30</title><date></date><icon src="https://images.tv.kpn.com/epg/bWZl9ACunbi2y8aDVg9Bkr2NcjKFsW8MUvvBn3PTZaaak/1920x1080.jpg?blurred=false"></icon><desc>De 30 populairste nummers van eigen bodem, gebaseerd op gegevens van de media, handel en industrie. Kijk voor de gehele lijst op oranjetop30.nl.</desc><category></category></programme><programme channel="137" start="20221126163000 +0000" stop="20221126170000 +0000" catchup-id="899396925"><title>TV Oranje live</title><date></date><icon src="https://images.tv.kpn.com/epg/L3bcxCTL7g74ocIGYu5w5YC6pP6MEB34hyGZqUiD0ko/1920x1080.jpg?blurred=false"></icon><desc>De beste live optredens van jouw favoriete Nederlandse artiesten.</desc><category></category></programme><programme channel="137" start="20221126170000 +0000" stop="20221126180000 +0000" catchup-id="899396931"><title>Verzoekparade</title><date></date><icon src="https://images.tv.kpn.com/epg/GEis1GLqMC9BMJHL01mlyF0TBKCh9A9BN7yVUMUEkdWPWs/1920x1080.jpg?blurred=false"></icon><desc>De meest aangevraagde clips van vandaag. Breng je stem uit via verzoekparade.nl en zie jouw favoriete clip morgen bij TV Oranje!</desc><category></category></programme><programme channel="137" start="20221126180000 +0000" stop="20221126190000 +0000" catchup-id="899396937"><title>TV Oranje klassiekers</title><date></date><icon src="https://images.tv.kpn.com/epg/L3bcxCTL7g74ocIGYu5w5YC6pP6MEB34hyGZqUiD0ko/1920x1080.jpg?blurred=false"></icon><desc>Een selectie van Hollandse hits van weleer uit de archieven van TV Oranje.</desc><category></category></programme><programme channel="137" start="20221126190000 +0000" stop="20221126200000 +0000" catchup-id="899396940"><title>Het uur van...</title><date></date><icon src="https://images.tv.kpn.com/epg/jee9CHLOREMmWBC4k8FA6SavQN9BOUHFIcJoARkuZVqY4/1920x1080.jpg?blurred=false"></icon><desc>Elke zaterdag zie je tussen 19:00 en 20:00 uur op TV Oranje een uur lang non-stop je favoriete artiest.</desc><category></category></programme><programme channel="137" start="20221126200000 +0000" stop="20221126230000 +0000" catchup-id="899396946"><title>Borreltijd</title><date></date><icon src="https://images.tv.kpn.com/epg/L3bcxCTL7g74ocIGYu5w5YC6pP6MEB34hyGZqUiD0ko/1920x1080.jpg?blurred=false"></icon><desc>Jouw uitgaansavond begint met deze feestelijke clips, die borrelen van energie.</desc><category></category></programme><programme channel="137" start="20221126230000 +0000" stop="20221127040000 +0000" catchup-id="899439726"><title>Feest in de tent</title><date></date><icon src="https://images.tv.kpn.com/epg/L3bcxCTL7g74ocIGYu5w5YC6pP6MEB34hyGZqUiD0ko/1920x1080.jpg?blurred=false"></icon><desc>Waar is dat feestje? Hier is dat feestje! De gezelligste clips zie je elk weekend bij TV Oranje.</desc><category></category></programme><programme channel="137" start="20221127040000 +0000" stop="20221127060000 +0000" catchup-id="899439729"><title>De laatste ronde</title><date></date><icon src="https://images.tv.kpn.com/epg/L3bcxCTL7g74ocIGYu5w5YC6pP6MEB34hyGZqUiD0ko/1920x1080.jpg?blurred=false"></icon><desc>Wie trekt er aan de bel en geeft het laatste rondje? TV Oranje gaat in elk geval door tot het einde.</desc><category></category></programme><programme channel="137" start="20221127060000 +0000" stop="20221127070000 +0000" catchup-id="899439732"><title>Kinderclips</title><date></date><icon src="https://images.tv.kpn.com/epg/EOj5sQAp9CFfgFHabtdubH1beT9CQrEX6i0v8PR9AU15mI/1920x1080.jpg?blurred=false"></icon><desc>De leukste kinderclips zie je bij TV Oranje. Zing je mee?</desc><category></category></programme><programme channel="137" start="20221127070000 +0000" stop="20221127090000 +0000" catchup-id="899439735"><title>Wakker in het weekend</title><date></date><icon src="https://images.tv.kpn.com/epg/L3bcxCTL7g74ocIGYu5w5YC6pP6MEB34hyGZqUiD0ko/1920x1080.jpg?blurred=false"></icon><desc>Ook voor de vroege vogels heeft TV Oranje volop clips van eigen bodem.</desc><category></category></programme><programme channel="137" start="20221127090000 +0000" stop="20221127100000 +0000" catchup-id="899439738"><title>TV Oranje klassiekers</title><date></date><icon src="https://images.tv.kpn.com/epg/L3bcxCTL7g74ocIGYu5w5YC6pP6MEB34hyGZqUiD0ko/1920x1080.jpg?blurred=false"></icon><desc>Een selectie van Hollandse hits van weleer uit de archieven van TV Oranje.</desc><category></category></programme><programme channel="137" start="20221127100000 +0000" stop="20221127110000 +0000" catchup-id="899439741"><title>Oranje Top 30</title><date></date><icon src="https://images.tv.kpn.com/epg/bWZl9ACunbi2y8aDVg9Bkr2NcjKFsW8MUvvBn3PTZaaak/1920x1080.jpg?blurred=false"></icon><desc>De 30 populairste nummers van eigen bodem, gebaseerd op gegevens van de media, handel en industrie. Kijk voor de gehele lijst op oranjetop30.nl.</desc><category></category></programme><programme channel="137" start="20221127110000 +0000" stop="20221127130000 +0000" catchup-id="899439744"><title>Weekendpauze</title><date></date><icon src="https://images.tv.kpn.com/epg/L3bcxCTL7g74ocIGYu5w5YC6pP6MEB34hyGZqUiD0ko/1920x1080.jpg?blurred=false"></icon><desc>Even helemaal niks anders doen dan genieten van de leukste clips van eigen bodem!</desc><category></category></programme><programme channel="137" start="20221127130000 +0000" stop="20221127150000 +0000" catchup-id="899439747"><title>Groeten uit Holland</title><date></date><icon src="https://images.tv.kpn.com/epg/L3bcxCTL7g74ocIGYu5w5YC6pP6MEB34hyGZqUiD0ko/1920x1080.jpg?blurred=false"></icon><desc>Een muzikale ansichtkaart met de leukste clips van eigen bodem.</desc><category></category></programme><programme channel="137" start="20221127150000 +0000" stop="20221127170000 +0000" catchup-id="899439750"><title>SchlagerTV</title><date></date><icon src="https://images.tv.kpn.com/epg/L3bcxCTL7g74ocIGYu5w5YC6pP6MEB34hyGZqUiD0ko/1920x1080.jpg?blurred=false"></icon><desc>De gezelligste Duitstalige muziek van onze zusterzender SchlagerTV zie je elke zondag twee uur lang bij TV Oranje!</desc><category></category></programme><programme channel="137" start="20221127170000 +0000" stop="20221127180000 +0000" catchup-id="899439753"><title>Verzoekparade</title><date></date><icon src="https://images.tv.kpn.com/epg/GEis1GLqMC9BMJHL01mlyF0TBKCh9A9BN7yVUMUEkdWPWs/1920x1080.jpg?blurred=false"></icon><desc>De meest aangevraagde clips van vandaag. Breng je stem uit via verzoekparade.nl en zie jouw favoriete clip morgen bij TV Oranje!</desc><category></category></programme><programme channel="137" start="20221127180000 +0000" stop="20221127210000 +0000" catchup-id="899439756"><title>Hollandse Hits</title><date></date><icon src="https://images.tv.kpn.com/epg/L3bcxCTL7g74ocIGYu5w5YC6pP6MEB34hyGZqUiD0ko/1920x1080.jpg?blurred=false"></icon><desc>Een heerlijke mix met Hollandse Hits van toen en nu.</desc><category></category></programme><programme channel="137" start="20221127210000 +0000" stop="20221127230000 +0000" catchup-id="899439759"><title>Voor het slapen</title><date></date><icon src="https://images.tv.kpn.com/epg/kwUWV3Y9BZ6CNam6Vl5pKKYcahvhwkoXQg9ARZHgTvPKc/1920x1080.jpg?blurred=false"></icon><desc>Nog even een paar clips van eigen bodem en dan naar bed.</desc><category></category></programme><programme channel="137" start="20221127230000 +0000" stop="20221128040000 +0000" catchup-id="899480679"><title>TV Oranje Nonstop</title><date></date><icon src="https://images.tv.kpn.com/epg/L3bcxCTL7g74ocIGYu5w5YC6pP6MEB34hyGZqUiD0ko/1920x1080.jpg?blurred=false"></icon><desc>Non-stop de beste muziek van eigen bodem.</desc><category></category></programme><programme channel="137" start="20221128040000 +0000" stop="20221128060000 +0000" catchup-id="899480682"><title>Wakker worden</title><date></date><icon src="https://images.tv.kpn.com/epg/L3bcxCTL7g74ocIGYu5w5YC6pP6MEB34hyGZqUiD0ko/1920x1080.jpg?blurred=false"></icon><desc>Opstaan met je favoriete artiesten en de beste hits van eigen bodem.</desc><category></category></programme><programme channel="137" start="20221128060000 +0000" stop="20221128070000 +0000" catchup-id="899480685"><title>Kinderclips</title><date></date><icon src="https://images.tv.kpn.com/epg/EOj5sQAp9CFfgFHabtdubH1beT9CQrEX6i0v8PR9AU15mI/1920x1080.jpg?blurred=false"></icon><desc>De leukste kinderclips zie je bij TV Oranje. Zing je mee?</desc><category></category></programme><programme channel="137" start="20221128070000 +0000" stop="20221128090000 +0000" catchup-id="899480688"><title>Koffieclips</title><date></date><icon src="https://images.tv.kpn.com/epg/L3bcxCTL7g74ocIGYu5w5YC6pP6MEB34hyGZqUiD0ko/1920x1080.jpg?blurred=false"></icon><desc>Lekkere muziek van eigen bodem voor bij de koffie.</desc><category></category></programme><programme channel="137" start="20221128090000 +0000" stop="20221128110000 +0000" catchup-id="899480691"><title>Aan het werk</title><date></date><icon src="https://images.tv.kpn.com/epg/L3bcxCTL7g74ocIGYu5w5YC6pP6MEB34hyGZqUiD0ko/1920x1080.jpg?blurred=false"></icon><desc>Lekker aan de slag met muziek van eigen bodem.</desc><category></category></programme><programme channel="137" start="20221128110000 +0000" stop="20221128130000 +0000" catchup-id="899480694"><title>Middagpauze</title><date></date><icon src="https://images.tv.kpn.com/epg/L3bcxCTL7g74ocIGYu5w5YC6pP6MEB34hyGZqUiD0ko/1920x1080.jpg?blurred=false"></icon><desc>TV Oranje maakt jouw lunchpauze compleet met smakelijke muziek van eigen bodem.</desc><category></category></programme><programme channel="137" start="20221128130000 +0000" stop="20221128150000 +0000" catchup-id="899480697"><title>Heel Hollands</title><date></date><icon src="https://images.tv.kpn.com/epg/IBySfqv9C0HDiGjx9BSUHe9BVsgfekQPiPZ3LwPF14wHDk/1920x1080.jpg?blurred=false"></icon><desc>Alleen maar muziek van eigen bodem, daarvoor moet je natuurlijk bij TV Oranje zijn!</desc><category></category></programme><programme channel="137" start="20221128150000 +0000" stop="20221128170000 +0000" catchup-id="899480700"><title>Tijd voor thuis</title><date></date><icon src="https://images.tv.kpn.com/epg/09AiCzfGfPNfyhWjQpFX9BGldgrx9CAOQ2DFJ9CB6qZ0430/1920x1080.jpg?blurred=false"></icon><desc>Voel je helemaal thuis met deze heerlijke muziek van eigen bodem.</desc><category></category></programme><programme channel="137" start="20221128170000 +0000" stop="20221128180000 +0000" catchup-id="899480703"><title>Verzoekparade</title><date></date><icon src="https://images.tv.kpn.com/epg/GEis1GLqMC9BMJHL01mlyF0TBKCh9A9BN7yVUMUEkdWPWs/1920x1080.jpg?blurred=false"></icon><desc>De meest aangevraagde clips van vandaag. Breng je stem uit via verzoekparade.nl en zie jouw favoriete clip morgen bij TV Oranje!</desc><category></category></programme><programme channel="137" start="20221128180000 +0000" stop="20221128210000 +0000" catchup-id="899480706"><title>Hollandse Hits</title><date></date><icon src="https://images.tv.kpn.com/epg/L3bcxCTL7g74ocIGYu5w5YC6pP6MEB34hyGZqUiD0ko/1920x1080.jpg?blurred=false"></icon><desc>Een heerlijke mix met Hollandse Hits van toen en nu.</desc><category></category></programme><programme channel="137" start="20221128210000 +0000" stop="20221128230000 +0000" catchup-id="899480709"><title>Voor het slapen</title><date></date><icon src="https://images.tv.kpn.com/epg/kwUWV3Y9BZ6CNam6Vl5pKKYcahvhwkoXQg9ARZHgTvPKc/1920x1080.jpg?blurred=false"></icon><desc>Nog even een paar clips van eigen bodem en dan naar bed.</desc><category></category></programme><programme channel="137" start="20221128230000 +0000" stop="20221129040000 +0000" catchup-id="899523072"><title>TV Oranje Nonstop</title><date></date><icon src="https://images.tv.kpn.com/epg/L3bcxCTL7g74ocIGYu5w5YC6pP6MEB34hyGZqUiD0ko/1920x1080.jpg?blurred=false"></icon><desc>Non-stop de beste muziek van eigen bodem.</desc><category></category></programme><programme channel="137" start="20221129040000 +0000" stop="20221129060000 +0000" catchup-id="899523075"><title>Wakker worden</title><date></date><icon src="https://images.tv.kpn.com/epg/L3bcxCTL7g74ocIGYu5w5YC6pP6MEB34hyGZqUiD0ko/1920x1080.jpg?blurred=false"></icon><desc>Opstaan met je favoriete artiesten en de beste hits van eigen bodem.</desc><category></category></programme><programme channel="137" start="20221129060000 +0000" stop="20221129070000 +0000" catchup-id="899523078"><title>Kinderclips</title><date></date><icon src="https://images.tv.kpn.com/epg/EOj5sQAp9CFfgFHabtdubH1beT9CQrEX6i0v8PR9AU15mI/1920x1080.jpg?blurred=false"></icon><desc>De leukste kinderclips zie je bij TV Oranje. Zing je mee?</desc><category></category></programme><programme channel="137" start="20221129070000 +0000" stop="20221129090000 +0000" catchup-id="899523081"><title>Koffieclips</title><date></date><icon src="https://images.tv.kpn.com/epg/L3bcxCTL7g74ocIGYu5w5YC6pP6MEB34hyGZqUiD0ko/1920x1080.jpg?blurred=false"></icon><desc>Lekkere muziek van eigen bodem voor bij de koffie.</desc><category></category></programme><programme channel="137" start="20221129090000 +0000" stop="20221129110000 +0000" catchup-id="899523084"><title>Aan het werk</title><date></date><icon src="https://images.tv.kpn.com/epg/L3bcxCTL7g74ocIGYu5w5YC6pP6MEB34hyGZqUiD0ko/1920x1080.jpg?blurred=false"></icon><desc>Lekker aan de slag met muziek van eigen bodem.</desc><category></category></programme><programme channel="137" start="20221129110000 +0000" stop="20221129130000 +0000" catchup-id="899523087"><title>Middagpauze</title><date></date><icon src="https://images.tv.kpn.com/epg/L3bcxCTL7g74ocIGYu5w5YC6pP6MEB34hyGZqUiD0ko/1920x1080.jpg?blurred=false"></icon><desc>TV Oranje maakt jouw lunchpauze compleet met smakelijke muziek van eigen bodem.</desc><category></category></programme><programme channel="137" start="20221129130000 +0000" stop="20221129150000 +0000" catchup-id="899523090"><title>Heel Hollands</title><date></date><icon src="https://images.tv.kpn.com/epg/IBySfqv9C0HDiGjx9BSUHe9BVsgfekQPiPZ3LwPF14wHDk/1920x1080.jpg?blurred=false"></icon><desc>Alleen maar muziek van eigen bodem, daarvoor moet je natuurlijk bij TV Oranje zijn!</desc><category></category></programme><programme channel="137" start="20221129150000 +0000" stop="20221129170000 +0000" catchup-id="899523093"><title>Tijd voor thuis</title><date></date><icon src="https://images.tv.kpn.com/epg/09AiCzfGfPNfyhWjQpFX9BGldgrx9CAOQ2DFJ9CB6qZ0430/1920x1080.jpg?blurred=false"></icon><desc>Voel je helemaal thuis met deze heerlijke muziek van eigen bodem.</desc><category></category></programme><programme channel="137" start="20221129170000 +0000" stop="20221129180000 +0000" catchup-id="899523096"><title>Verzoekparade</title><date></date><icon src="https://images.tv.kpn.com/epg/GEis1GLqMC9BMJHL01mlyF0TBKCh9A9BN7yVUMUEkdWPWs/1920x1080.jpg?blurred=false"></icon><desc>De meest aangevraagde clips van vandaag. Breng je stem uit via verzoekparade.nl en zie jouw favoriete clip morgen bij TV Oranje!</desc><category></category></programme><programme channel="137" start="20221129180000 +0000" stop="20221129210000 +0000" catchup-id="899523099"><title>Hollandse Hits</title><date></date><icon src="https://images.tv.kpn.com/epg/L3bcxCTL7g74ocIGYu5w5YC6pP6MEB34hyGZqUiD0ko/1920x1080.jpg?blurred=false"></icon><desc>Een heerlijke mix met Hollandse Hits van toen en nu.</desc><category></category></programme><programme channel="137" start="20221129210000 +0000" stop="20221129230000 +0000" catchup-id="899523102"><title>Voor het slapen</title><date></date><icon src="https://images.tv.kpn.com/epg/kwUWV3Y9BZ6CNam6Vl5pKKYcahvhwkoXQg9ARZHgTvPKc/1920x1080.jpg?blurred=false"></icon><desc>Nog even een paar clips van eigen bodem en dan naar bed.</desc><category></category></programme><programme channel="137" start="20221129230000 +0000" stop="20221130040000 +0000" catchup-id="899569317"><title>TV Oranje Nonstop</title><date></date><icon src="https://images.tv.kpn.com/epg/L3bcxCTL7g74ocIGYu5w5YC6pP6MEB34hyGZqUiD0ko/1920x1080.jpg?blurred=false"></icon><desc>Non-stop de beste muziek van eigen bodem.</desc><category></category></programme><programme channel="137" start="20221130040000 +0000" stop="20221130060000 +0000" catchup-id="899569320"><title>Wakker worden</title><date></date><icon src="https://images.tv.kpn.com/epg/L3bcxCTL7g74ocIGYu5w5YC6pP6MEB34hyGZqUiD0ko/1920x1080.jpg?blurred=false"></icon><desc>Opstaan met je favoriete artiesten en de beste hits van eigen bodem.</desc><category></category></programme><programme channel="137" start="20221130060000 +0000" stop="20221130070000 +0000" catchup-id="899569323"><title>Kinderclips</title><date></date><icon src="https://images.tv.kpn.com/epg/EOj5sQAp9CFfgFHabtdubH1beT9CQrEX6i0v8PR9AU15mI/1920x1080.jpg?blurred=false"></icon><desc>De leukste kinderclips zie je bij TV Oranje. Zing je mee?</desc><category></category></programme><programme channel="137" start="20221130070000 +0000" stop="20221130090000 +0000" catchup-id="899569326"><title>Koffieclips</title><date></date><icon src="https://images.tv.kpn.com/epg/L3bcxCTL7g74ocIGYu5w5YC6pP6MEB34hyGZqUiD0ko/1920x1080.jpg?blurred=false"></icon><desc>Lekkere muziek van eigen bodem voor bij de koffie.</desc><category></category></programme><programme channel="137" start="20221130090000 +0000" stop="20221130110000 +0000" catchup-id="899569329"><title>Aan het werk</title><date></date><icon src="https://images.tv.kpn.com/epg/L3bcxCTL7g74ocIGYu5w5YC6pP6MEB34hyGZqUiD0ko/1920x1080.jpg?blurred=false"></icon><desc>Lekker aan de slag met muziek van eigen bodem.</desc><category></category></programme><programme channel="137" start="20221130110000 +0000" stop="20221130130000 +0000" catchup-id="899569332"><title>Middagpauze</title><date></date><icon src="https://images.tv.kpn.com/epg/L3bcxCTL7g74ocIGYu5w5YC6pP6MEB34hyGZqUiD0ko/1920x1080.jpg?blurred=false"></icon><desc>TV Oranje maakt jouw lunchpauze compleet met smakelijke muziek van eigen bodem.</desc><category></category></programme><programme channel="137" start="20221130130000 +0000" stop="20221130150000 +0000" catchup-id="899569335"><title>Heel Hollands</title><date></date><icon src="https://images.tv.kpn.com/epg/IBySfqv9C0HDiGjx9BSUHe9BVsgfekQPiPZ3LwPF14wHDk/1920x1080.jpg?blurred=false"></icon><desc>Alleen maar muziek van eigen bodem, daarvoor moet je natuurlijk bij TV Oranje zijn!</desc><category></category></programme><programme channel="137" start="20221130150000 +0000" stop="20221130170000 +0000" catchup-id="899569338"><title>Tijd voor thuis</title><date></date><icon src="https://images.tv.kpn.com/epg/09AiCzfGfPNfyhWjQpFX9BGldgrx9CAOQ2DFJ9CB6qZ0430/1920x1080.jpg?blurred=false"></icon><desc>Voel je helemaal thuis met deze heerlijke muziek van eigen bodem.</desc><category></category></programme><programme channel="137" start="20221130170000 +0000" stop="20221130180000 +0000" catchup-id="899569341"><title>Verzoekparade</title><date></date><icon src="https://images.tv.kpn.com/epg/GEis1GLqMC9BMJHL01mlyF0TBKCh9A9BN7yVUMUEkdWPWs/1920x1080.jpg?blurred=false"></icon><desc>De meest aangevraagde clips van vandaag. Breng je stem uit via verzoekparade.nl en zie jouw favoriete clip morgen bij TV Oranje!</desc><category></category></programme><programme channel="137" start="20221130180000 +0000" stop="20221130210000 +0000" catchup-id="899569344"><title>Hollandse Hits</title><date></date><icon src="https://images.tv.kpn.com/epg/L3bcxCTL7g74ocIGYu5w5YC6pP6MEB34hyGZqUiD0ko/1920x1080.jpg?blurred=false"></icon><desc>Een heerlijke mix met Hollandse Hits van toen en nu.</desc><category></category></programme><programme channel="137" start="20221130210000 +0000" stop="20221130230000 +0000" catchup-id="899569350"><title>Voor het slapen</title><date></date><icon src="https://images.tv.kpn.com/epg/kwUWV3Y9BZ6CNam6Vl5pKKYcahvhwkoXQg9ARZHgTvPKc/1920x1080.jpg?blurred=false"></icon><desc>Nog even een paar clips van eigen bodem en dan naar bed.</desc><category></category></programme><programme channel="137" start="20221130230000 +0000" stop="20221201040000 +0000" catchup-id="899613939"><title>TV Oranje Nonstop</title><date></date><icon src="https://images.tv.kpn.com/epg/L3bcxCTL7g74ocIGYu5w5YC6pP6MEB34hyGZqUiD0ko/1920x1080.jpg?blurred=false"></icon><desc>Non-stop de beste muziek van eigen bodem.</desc><category></category></programme><programme channel="137" start="20221201040000 +0000" stop="20221201060000 +0000" catchup-id="899613942"><title>Wakker worden</title><date></date><icon src="https://images.tv.kpn.com/epg/L3bcxCTL7g74ocIGYu5w5YC6pP6MEB34hyGZqUiD0ko/1920x1080.jpg?blurred=false"></icon><desc>Opstaan met je favoriete artiesten en de beste hits van eigen bodem.</desc><category></category></programme><programme channel="137" start="20221201060000 +0000" stop="20221201070000 +0000" catchup-id="899613945"><title>Kinderclips</title><date></date><icon src="https://images.tv.kpn.com/epg/EOj5sQAp9CFfgFHabtdubH1beT9CQrEX6i0v8PR9AU15mI/1920x1080.jpg?blurred=false"></icon><desc>De leukste kinderclips zie je bij TV Oranje. Zing je mee?</desc><category></category></programme><programme channel="137" start="20221201070000 +0000" stop="20221201090000 +0000" catchup-id="899613948"><title>Koffieclips</title><date></date><icon src="https://images.tv.kpn.com/epg/L3bcxCTL7g74ocIGYu5w5YC6pP6MEB34hyGZqUiD0ko/1920x1080.jpg?blurred=false"></icon><desc>Lekkere muziek van eigen bodem voor bij de koffie.</desc><category></category></programme><programme channel="137" start="20221201090000 +0000" stop="20221201110000 +0000" catchup-id="899613951"><title>Aan het werk</title><date></date><icon src="https://images.tv.kpn.com/epg/L3bcxCTL7g74ocIGYu5w5YC6pP6MEB34hyGZqUiD0ko/1920x1080.jpg?blurred=false"></icon><desc>Lekker aan de slag met muziek van eigen bodem.</desc><category></category></programme><programme channel="137" start="20221201110000 +0000" stop="20221201130000 +0000" catchup-id="899613954"><title>Middagpauze</title><date></date><icon src="https://images.tv.kpn.com/epg/L3bcxCTL7g74ocIGYu5w5YC6pP6MEB34hyGZqUiD0ko/1920x1080.jpg?blurred=false"></icon><desc>TV Oranje maakt jouw lunchpauze compleet met smakelijke muziek van eigen bodem.</desc><category></category></programme><programme channel="137" start="20221201130000 +0000" stop="20221201150000 +0000" catchup-id="899613957"><title>Heel Hollands</title><date></date><icon src="https://images.tv.kpn.com/epg/IBySfqv9C0HDiGjx9BSUHe9BVsgfekQPiPZ3LwPF14wHDk/1920x1080.jpg?blurred=false"></icon><desc>Alleen maar muziek van eigen bodem, daarvoor moet je natuurlijk bij TV Oranje zijn!</desc><category></category></programme><programme channel="137" start="20221201150000 +0000" stop="20221201170000 +0000" catchup-id="899613960"><title>Tijd voor thuis</title><date></date><icon src="https://images.tv.kpn.com/epg/09AiCzfGfPNfyhWjQpFX9BGldgrx9CAOQ2DFJ9CB6qZ0430/1920x1080.jpg?blurred=false"></icon><desc>Voel je helemaal thuis met deze heerlijke muziek van eigen bodem.</desc><category></category></programme><programme channel="137" start="20221201170000 +0000" stop="20221201180000 +0000" catchup-id="899613963"><title>Verzoekparade</title><date></date><icon src="https://images.tv.kpn.com/epg/GEis1GLqMC9BMJHL01mlyF0TBKCh9A9BN7yVUMUEkdWPWs/1920x1080.jpg?blurred=false"></icon><desc>De meest aangevraagde clips van vandaag. Breng je stem uit via verzoekparade.nl en zie jouw favoriete clip morgen bij TV Oranje!</desc><category></category></programme><programme channel="137" start="20221201180000 +0000" stop="20221201210000 +0000" catchup-id="899613966"><title>Hollandse Hits</title><date></date><icon src="https://images.tv.kpn.com/epg/L3bcxCTL7g74ocIGYu5w5YC6pP6MEB34hyGZqUiD0ko/1920x1080.jpg?blurred=false"></icon><desc>Een heerlijke mix met Hollandse Hits van toen en nu.</desc><category></category></programme><programme channel="137" start="20221201210000 +0000" stop="20221201230000 +0000" catchup-id="899613969"><title>Voor het slapen</title><date></date><icon src="https://images.tv.kpn.com/epg/kwUWV3Y9BZ6CNam6Vl5pKKYcahvhwkoXQg9ARZHgTvPKc/1920x1080.jpg?blurred=false"></icon><desc>Nog even een paar clips van eigen bodem en dan naar bed.</desc><category></category></programme><programme channel="137" start="20221201230000 +0000" stop="20221202040000 +0000" catchup-id="899660250"><title>TV Oranje Nonstop</title><date></date><icon src="https://images.tv.kpn.com/epg/L3bcxCTL7g74ocIGYu5w5YC6pP6MEB34hyGZqUiD0ko/1920x1080.jpg?blurred=false"></icon><desc>Non-stop de beste muziek van eigen bodem.</desc><category></category></programme><programme channel="137" start="20221202040000 +0000" stop="20221202060000 +0000" catchup-id="899660256"><title>Wakker worden</title><date></date><icon src="https://images.tv.kpn.com/epg/L3bcxCTL7g74ocIGYu5w5YC6pP6MEB34hyGZqUiD0ko/1920x1080.jpg?blurred=false"></icon><desc>Opstaan met je favoriete artiesten en de beste hits van eigen bodem.</desc><category></category></programme><programme channel="137" start="20221202060000 +0000" stop="20221202070000 +0000" catchup-id="899660262"><title>Kinderclips</title><date></date><icon src="https://images.tv.kpn.com/epg/EOj5sQAp9CFfgFHabtdubH1beT9CQrEX6i0v8PR9AU15mI/1920x1080.jpg?blurred=false"></icon><desc>De leukste kinderclips zie je bij TV Oranje. Zing je mee?</desc><category></category></programme><programme channel="137" start="20221202070000 +0000" stop="20221202090000 +0000" catchup-id="899660268"><title>Koffieclips</title><date></date><icon src="https://images.tv.kpn.com/epg/L3bcxCTL7g74ocIGYu5w5YC6pP6MEB34hyGZqUiD0ko/1920x1080.jpg?blurred=false"></icon><desc>Lekkere muziek van eigen bodem voor bij de koffie.</desc><category></category></programme><programme channel="137" start="20221202090000 +0000" stop="20221202110000 +0000" catchup-id="899660274"><title>Aan het werk</title><date></date><icon src="https://images.tv.kpn.com/epg/L3bcxCTL7g74ocIGYu5w5YC6pP6MEB34hyGZqUiD0ko/1920x1080.jpg?blurred=false"></icon><desc>Lekker aan de slag met muziek van eigen bodem.</desc><category></category></programme><programme channel="137" start="20221202110000 +0000" stop="20221202130000 +0000" catchup-id="899660280"><title>Middagpauze</title><date></date><icon src="https://images.tv.kpn.com/epg/L3bcxCTL7g74ocIGYu5w5YC6pP6MEB34hyGZqUiD0ko/1920x1080.jpg?blurred=false"></icon><desc>TV Oranje maakt jouw lunchpauze compleet met smakelijke muziek van eigen bodem.</desc><category></category></programme><programme channel="137" start="20221202130000 +0000" stop="20221202150000 +0000" catchup-id="899660289"><title>Heel Hollands</title><date></date><icon src="https://images.tv.kpn.com/epg/IBySfqv9C0HDiGjx9BSUHe9BVsgfekQPiPZ3LwPF14wHDk/1920x1080.jpg?blurred=false"></icon><desc>Alleen maar muziek van eigen bodem, daarvoor moet je natuurlijk bij TV Oranje zijn!</desc><category></category></programme><programme channel="137" start="20221202150000 +0000" stop="20221202170000 +0000" catchup-id="899660292"><title>Tijd voor thuis</title><date></date><icon src="https://images.tv.kpn.com/epg/09AiCzfGfPNfyhWjQpFX9BGldgrx9CAOQ2DFJ9CB6qZ0430/1920x1080.jpg?blurred=false"></icon><desc>Voel je helemaal thuis met deze heerlijke muziek van eigen bodem.</desc><category></category></programme><programme channel="137" start="20221202170000 +0000" stop="20221202180000 +0000" catchup-id="899660298"><title>Verzoekparade</title><date></date><icon src="https://images.tv.kpn.com/epg/GEis1GLqMC9BMJHL01mlyF0TBKCh9A9BN7yVUMUEkdWPWs/1920x1080.jpg?blurred=false"></icon><desc>De meest aangevraagde clips van vandaag. Breng je stem uit via verzoekparade.nl en zie jouw favoriete clip morgen bij TV Oranje!</desc><category></category></programme><programme channel="137" start="20221202180000 +0000" stop="20221202190000 +0000" catchup-id="899660304"><title>TV Oranje live</title><date></date><icon src="https://images.tv.kpn.com/epg/L3bcxCTL7g74ocIGYu5w5YC6pP6MEB34hyGZqUiD0ko/1920x1080.jpg?blurred=false"></icon><desc>De beste live optredens van jouw favoriete Nederlandse artiesten.</desc><category></category></programme><programme channel="137" start="20221202190000 +0000" stop="20221202200000 +0000" catchup-id="899660310"><title>Oranje Top 30</title><date></date><icon src="https://images.tv.kpn.com/epg/bWZl9ACunbi2y8aDVg9Bkr2NcjKFsW8MUvvBn3PTZaaak/1920x1080.jpg?blurred=false"></icon><desc>De 30 populairste nummers van eigen bodem, gebaseerd op gegevens van de media, handel en industrie. Kijk voor de gehele lijst op oranjetop30.nl.</desc><category></category></programme><programme channel="137" start="20221202200000 +0000" stop="20221202230000 +0000" catchup-id="899660316"><title>Borreltijd</title><date></date><icon src="https://images.tv.kpn.com/epg/L3bcxCTL7g74ocIGYu5w5YC6pP6MEB34hyGZqUiD0ko/1920x1080.jpg?blurred=false"></icon><desc>Jouw uitgaansavond begint met deze feestelijke clips, die borrelen van energie.</desc><category></category></programme><programme channel="137" start="20221202230000 +0000" stop="20221203040000 +0000" catchup-id="899703177"><title>Feest in de tent</title><date></date><icon src="https://images.tv.kpn.com/epg/L3bcxCTL7g74ocIGYu5w5YC6pP6MEB34hyGZqUiD0ko/1920x1080.jpg?blurred=false"></icon><desc>Waar is dat feestje? Hier is dat feestje! De gezelligste clips zie je elk weekend bij TV Oranje.</desc><category></category></programme><programme channel="137" start="20221203040000 +0000" stop="20221203060000 +0000" catchup-id="899703183"><title>De laatste ronde</title><date></date><icon src="https://images.tv.kpn.com/epg/L3bcxCTL7g74ocIGYu5w5YC6pP6MEB34hyGZqUiD0ko/1920x1080.jpg?blurred=false"></icon><desc>Wie trekt er aan de bel en geeft het laatste rondje? TV Oranje gaat in elk geval door tot het einde.</desc><category></category></programme><programme channel="137" start="20221203060000 +0000" stop="20221203070000 +0000" catchup-id="899703186"><title>Kinderclips</title><date></date><icon src="https://images.tv.kpn.com/epg/EOj5sQAp9CFfgFHabtdubH1beT9CQrEX6i0v8PR9AU15mI/1920x1080.jpg?blurred=false"></icon><desc>De leukste kinderclips zie je bij TV Oranje. Zing je mee?</desc><category></category></programme><programme channel="137" start="20221203070000 +0000" stop="20221203090000 +0000" catchup-id="899703192"><title>Wakker in het weekend</title><date></date><icon src="https://images.tv.kpn.com/epg/L3bcxCTL7g74ocIGYu5w5YC6pP6MEB34hyGZqUiD0ko/1920x1080.jpg?blurred=false"></icon><desc>Ook voor de vroege vogels heeft TV Oranje volop clips van eigen bodem.</desc><category></category></programme><programme channel="137" start="20221203090000 +0000" stop="20221203110000 +0000" catchup-id="899703195"><title>Hit Explosie</title><date></date><icon src="https://images.tv.kpn.com/epg/L3bcxCTL7g74ocIGYu5w5YC6pP6MEB34hyGZqUiD0ko/1920x1080.jpg?blurred=false"></icon><desc>Een explosie van Nederlandse knallers: de nieuwste clips van eigen bodem zie je in de Hit Explosie op TV Oranje.</desc><category></category></programme><programme channel="137" start="20221203110000 +0000" stop="20221203130000 +0000" catchup-id="899703198"><title>Weekendpauze</title><date></date><icon src="https://images.tv.kpn.com/epg/L3bcxCTL7g74ocIGYu5w5YC6pP6MEB34hyGZqUiD0ko/1920x1080.jpg?blurred=false"></icon><desc>Even helemaal niks anders doen dan genieten van de leukste clips van eigen bodem!</desc><category></category></programme><programme channel="137" start="20221203130000 +0000" stop="20221203150000 +0000" catchup-id="899703204"><title>Groeten uit Holland</title><date></date><icon src="https://images.tv.kpn.com/epg/L3bcxCTL7g74ocIGYu5w5YC6pP6MEB34hyGZqUiD0ko/1920x1080.jpg?blurred=false"></icon><desc>Een muzikale ansichtkaart met de leukste clips van eigen bodem.</desc><category></category></programme><programme channel="137" start="20221203150000 +0000" stop="20221203163000 +0000" catchup-id="899703207"><title>Oranje Top 30</title><date></date><icon src="https://images.tv.kpn.com/epg/bWZl9ACunbi2y8aDVg9Bkr2NcjKFsW8MUvvBn3PTZaaak/1920x1080.jpg?blurred=false"></icon><desc>De 30 populairste nummers van eigen bodem, gebaseerd op gegevens van de media, handel en industrie. Kijk voor de gehele lijst op oranjetop30.nl.</desc><category></category></programme><programme channel="137" start="20221203163000 +0000" stop="20221203170000 +0000" catchup-id="899703213"><title>TV Oranje live</title><date></date><icon src="https://images.tv.kpn.com/epg/L3bcxCTL7g74ocIGYu5w5YC6pP6MEB34hyGZqUiD0ko/1920x1080.jpg?blurred=false"></icon><desc>De beste live optredens van jouw favoriete Nederlandse artiesten.</desc><category></category></programme><programme channel="137" start="20221203170000 +0000" stop="20221203180000 +0000" catchup-id="899703216"><title>Verzoekparade</title><date></date><icon src="https://images.tv.kpn.com/epg/GEis1GLqMC9BMJHL01mlyF0TBKCh9A9BN7yVUMUEkdWPWs/1920x1080.jpg?blurred=false"></icon><desc>De meest aangevraagde clips van vandaag. Breng je stem uit via verzoekparade.nl en zie jouw favoriete clip morgen bij TV Oranje!</desc><category></category></programme><programme channel="137" start="20221203180000 +0000" stop="20221203190000 +0000" catchup-id="899703219"><title>TV Oranje klassiekers</title><date></date><icon src="https://images.tv.kpn.com/epg/L3bcxCTL7g74ocIGYu5w5YC6pP6MEB34hyGZqUiD0ko/1920x1080.jpg?blurred=false"></icon><desc>Een selectie van Hollandse hits van weleer uit de archieven van TV Oranje.</desc><category></category></programme><programme channel="137" start="20221203190000 +0000" stop="20221203200000 +0000" catchup-id="899703222"><title>Het uur van...</title><date></date><icon src="https://images.tv.kpn.com/epg/jee9CHLOREMmWBC4k8FA6SavQN9BOUHFIcJoARkuZVqY4/1920x1080.jpg?blurred=false"></icon><desc>Elke zaterdag zie je tussen 19:00 en 20:00 uur op TV Oranje een uur lang non-stop je favoriete artiest.</desc><category></category></programme>