<programme channel="136" start="20221119020000 +0000" stop="20221119030000 +0000" catchup-id="899083458"><title>... So 80s!</title><date></date><icon src="https://images.tv.kpn.com/epg/VQZyvY9ACCS5eB9CJMp2EpXV1j42pasQY3MugdH5TxPz4/1920x1080.jpg?blurred=false"></icon><desc>Get ready because we're bringing you nothing but classic hits and iconic anthems from the 80s!</desc><category></category></programme><programme channel="136" start="20221119030000 +0000" stop="20221119070000 +0000" catchup-id="899083461"><title>Non-Stop 80s Hits!</title><date></date><icon src="https://images.tv.kpn.com/epg/PSfKMEuFywb9B5hTpECZ9C7PvxG8iMdQ9BPf3xJbudI3us/1920x1080.jpg?blurred=false"></icon><desc>We got hits... We got hits from the 80s. And guess what? They don't stop! You're welcome!</desc><category></category></programme><programme channel="136" start="20221119070000 +0000" stop="20221119105900 +0000" catchup-id="899083467"><title>Gold! Greatest Hits Of The 80s</title><date></date><icon src="https://images.tv.kpn.com/epg/yZJCbdbpg2QvOTfLyL44vgteYww1nw2wxhuxR8tMx60/1920x1080.jpg?blurred=false"></icon><desc>Pencil us in because we've organised the greatest hits of the '80s for you...you're welcome!</desc><category></category></programme><programme channel="136" start="20221119105900 +0000" stop="20221119150000 +0000" catchup-id="899083473"><title>I Want My MTV 80s!</title><date></date><icon src="https://images.tv.kpn.com/epg/OcPLvsvi0Reh9BdmoELXdaGl9AzW8MwfEe8mxyzWSA9CEU/1920x1080.jpg?blurred=false"></icon><desc>It's non-stop nostalgia right here at MTV 80s - and that's what we want, right now!</desc><category></category></programme><programme channel="136" start="20221119150000 +0000" stop="20221119165900 +0000" catchup-id="899083479"><title>Forever 80s</title><date></date><icon src="https://images.tv.kpn.com/epg/VQZyvY9ACCS5eB9CJMp2EpXV1j42pasQY3MugdH5TxPz4/1920x1080.jpg?blurred=false"></icon><desc>Check out all of the best hits from one of the biggest decades in music!</desc><category></category></programme><programme channel="136" start="20221119165900 +0000" stop="20221119202600 +0000" catchup-id="899083488"><title>80s School Of Rock: The Boys!</title><date></date><icon src="https://images.tv.kpn.com/epg/jee9CHLOREMmWBC4k8FA6SavQN9BOUHFIcJoARkuZVqY4/1920x1080.jpg?blurred=false"></icon><desc>Welcome to the 80s School Of Rock, where we bring you some of the loudest and most rockin' hits from the 80s boys!</desc><category></category></programme><programme channel="136" start="20221119202600 +0000" stop="20221120015900 +0000" catchup-id="899083494"><title>... So 80s!</title><date></date><icon src="https://images.tv.kpn.com/epg/qKSx5qRInSdGGi9C2XuVfXp37zPdwY8sslkdMikvV4zY/1920x1080.jpg?blurred=false"></icon><desc>Get ready because we're bringing you nothing but classic hits and iconic anthems from the 80s!</desc><category></category></programme><programme channel="136" start="20221120015900 +0000" stop="20221120030000 +0000" catchup-id="899126961"><title>... So 80s!</title><date></date><icon src="https://images.tv.kpn.com/epg/OcPLvsvi0Reh9BdmoELXdaGl9AzW8MwfEe8mxyzWSA9CEU/1920x1080.jpg?blurred=false"></icon><desc>Get ready because we're bringing you nothing but classic hits and iconic anthems from the 80s!</desc><category></category></programme><programme channel="136" start="20221120030000 +0000" stop="20221120070000 +0000" catchup-id="899126964"><title>Non-Stop 80s Hits!</title><date></date><icon src="https://images.tv.kpn.com/epg/VQZyvY9ACCS5eB9CJMp2EpXV1j42pasQY3MugdH5TxPz4/1920x1080.jpg?blurred=false"></icon><desc>We got hits... We got hits from the 80s. And guess what? They don't stop! You're welcome!</desc><category></category></programme><programme channel="136" start="20221120070000 +0000" stop="20221120102700 +0000" catchup-id="899126970"><title>80s School Of Rock: The Boys!</title><date></date><icon src="https://images.tv.kpn.com/epg/jee9CHLOREMmWBC4k8FA6SavQN9BOUHFIcJoARkuZVqY4/1920x1080.jpg?blurred=false"></icon><desc>Welcome to the 80s School Of Rock, where we bring you some of the loudest and most rockin' hits from the 80s boys!</desc><category></category></programme><programme channel="136" start="20221120102700 +0000" stop="20221120150000 +0000" catchup-id="899126976"><title>I Want My MTV 80s!</title><date></date><icon src="https://images.tv.kpn.com/epg/dg4vH9CXjf1wPsvXg4L7Idb9Bbhcreumlj9AUADPjxh9Bng/1920x1080.jpg?blurred=false"></icon><desc>It's non-stop nostalgia right here at MTV 80s - and that's what we want, right now!</desc><category></category></programme><programme channel="136" start="20221120150000 +0000" stop="20221120170000 +0000" catchup-id="899126982"><title>Forever 80s</title><date></date><icon src="https://images.tv.kpn.com/epg/qKSx5qRInSdGGi9C2XuVfXp37zPdwY8sslkdMikvV4zY/1920x1080.jpg?blurred=false"></icon><desc>Check out all of the best hits from one of the biggest decades in music!</desc><category></category></programme><programme channel="136" start="20221120170000 +0000" stop="20221120195900 +0000" catchup-id="899126985"><title>80s Power Ballad Heaven!</title><date></date><icon src="https://images.tv.kpn.com/epg/PSfKMEuFywb9B5hTpECZ9C7PvxG8iMdQ9BPf3xJbudI3us/1920x1080.jpg?blurred=false"></icon><desc>We've selected some of the most iconic 80s power ballads ever recorded to play for you right now on MTV 80s!</desc><category></category></programme><programme channel="136" start="20221120195900 +0000" stop="20221121010000 +0000" catchup-id="899126988"><title>... So 80s!</title><date></date><icon src="https://images.tv.kpn.com/epg/jee9CHLOREMmWBC4k8FA6SavQN9BOUHFIcJoARkuZVqY4/1920x1080.jpg?blurred=false"></icon><desc>Get ready because we're bringing you nothing but classic hits and iconic anthems from the 80s!</desc><category></category></programme><programme channel="136" start="20221121010000 +0000" stop="20221121030000 +0000" catchup-id="899168046"><title>... So 80s!</title><date></date><icon src="https://images.tv.kpn.com/epg/dg4vH9CXjf1wPsvXg4L7Idb9Bbhcreumlj9AUADPjxh9Bng/1920x1080.jpg?blurred=false"></icon><desc>Get ready because we're bringing you nothing but classic hits and iconic anthems from the 80s!</desc><category></category></programme><programme channel="136" start="20221121030000 +0000" stop="20221121065900 +0000" catchup-id="899168049"><title>Non-Stop 80s Hits!</title><date></date><icon src="https://images.tv.kpn.com/epg/jee9CHLOREMmWBC4k8FA6SavQN9BOUHFIcJoARkuZVqY4/1920x1080.jpg?blurred=false"></icon><desc>We got hits... We got hits from the 80s. And guess what? They don't stop! You're welcome!</desc><category></category></programme><programme channel="136" start="20221121065900 +0000" stop="20221121105900 +0000" catchup-id="899168052"><title>Gold! Greatest Hits Of The 80s</title><date></date><icon src="https://images.tv.kpn.com/epg/OcPLvsvi0Reh9BdmoELXdaGl9AzW8MwfEe8mxyzWSA9CEU/1920x1080.jpg?blurred=false"></icon><desc>Pencil us in because we've organised the greatest hits of the '80s for you...you're welcome!</desc><category></category></programme><programme channel="136" start="20221121105900 +0000" stop="20221121145900 +0000" catchup-id="899168055"><title>I Want My MTV 80s!</title><date></date><icon src="https://images.tv.kpn.com/epg/OcPLvsvi0Reh9BdmoELXdaGl9AzW8MwfEe8mxyzWSA9CEU/1920x1080.jpg?blurred=false"></icon><desc>It's non-stop nostalgia right here at MTV 80s - and that's what we want, right now!</desc><category></category></programme><programme channel="136" start="20221121145900 +0000" stop="20221121170000 +0000" catchup-id="899168058"><title>Forever 80s</title><date></date><icon src="https://images.tv.kpn.com/epg/OcPLvsvi0Reh9BdmoELXdaGl9AzW8MwfEe8mxyzWSA9CEU/1920x1080.jpg?blurred=false"></icon><desc>Check out all of the best hits from one of the biggest decades in music!</desc><category></category></programme><programme channel="136" start="20221121170000 +0000" stop="20221121185900 +0000" catchup-id="899168061"><title>Who's That 80s Girl?</title><date></date><icon src="https://images.tv.kpn.com/epg/yZJCbdbpg2QvOTfLyL44vgteYww1nw2wxhuxR8tMx60/1920x1080.jpg?blurred=false"></icon><desc>Check out all of the greatest hits from our favourite girls of the 80s!</desc><category></category></programme><programme channel="136" start="20221121185900 +0000" stop="20221121195900 +0000" catchup-id="899168064"><title>Greatest 80s Rock: Play It Loud!</title><date></date><icon src="https://images.tv.kpn.com/epg/VQZyvY9ACCS5eB9CJMp2EpXV1j42pasQY3MugdH5TxPz4/1920x1080.jpg?blurred=false"></icon><desc>Hard! Alternative! Heavy! Post-punk! Metal! Indie! Goth! Call it what you want, but turn up the volume as we delve into the decade's best rock tracks in all their incarnations, right here on MTV80s!</desc><category></category></programme><programme channel="136" start="20221121195900 +0000" stop="20221122010000 +0000" catchup-id="899168067"><title>... So 80s!</title><date></date><icon src="https://images.tv.kpn.com/epg/jee9CHLOREMmWBC4k8FA6SavQN9BOUHFIcJoARkuZVqY4/1920x1080.jpg?blurred=false"></icon><desc>Get ready because we're bringing you nothing but classic hits and iconic anthems from the 80s!</desc><category></category></programme><programme channel="136" start="20221122010000 +0000" stop="20221122030000 +0000" catchup-id="899212368"><title>... So 80s!</title><date></date><icon src="https://images.tv.kpn.com/epg/PSfKMEuFywb9B5hTpECZ9C7PvxG8iMdQ9BPf3xJbudI3us/1920x1080.jpg?blurred=false"></icon><desc>Get ready because we're bringing you nothing but classic hits and iconic anthems from the 80s!</desc><category></category></programme><programme channel="136" start="20221122030000 +0000" stop="20221122065900 +0000" catchup-id="899212374"><title>Non-Stop 80s Hits!</title><date></date><icon src="https://images.tv.kpn.com/epg/yZJCbdbpg2QvOTfLyL44vgteYww1nw2wxhuxR8tMx60/1920x1080.jpg?blurred=false"></icon><desc>We got hits... We got hits from the 80s. And guess what? They don't stop! You're welcome!</desc><category></category></programme><programme channel="136" start="20221122065900 +0000" stop="20221122110000 +0000" catchup-id="899212377"><title>Gold! Greatest Hits Of The 80s</title><date></date><icon src="https://images.tv.kpn.com/epg/OcPLvsvi0Reh9BdmoELXdaGl9AzW8MwfEe8mxyzWSA9CEU/1920x1080.jpg?blurred=false"></icon><desc>Pencil us in because we've organised the greatest hits of the '80s for you...you're welcome!</desc><category></category></programme><programme channel="136" start="20221122110000 +0000" stop="20221122145900 +0000" catchup-id="899212380"><title>I Want My MTV 80s!</title><date></date><icon src="https://images.tv.kpn.com/epg/OcPLvsvi0Reh9BdmoELXdaGl9AzW8MwfEe8mxyzWSA9CEU/1920x1080.jpg?blurred=false"></icon><desc>It's non-stop nostalgia right here at MTV 80s - and that's what we want, right now!</desc><category></category></programme><programme channel="136" start="20221122145900 +0000" stop="20221122170000 +0000" catchup-id="899212383"><title>Forever 80s</title><date></date><icon src="https://images.tv.kpn.com/epg/OcPLvsvi0Reh9BdmoELXdaGl9AzW8MwfEe8mxyzWSA9CEU/1920x1080.jpg?blurred=false"></icon><desc>Check out all of the best hits from one of the biggest decades in music!</desc><category></category></programme><programme channel="136" start="20221122170000 +0000" stop="20221122190000 +0000" catchup-id="899212386"><title>Electric 80s!</title><date></date><icon src="https://images.tv.kpn.com/epg/VQZyvY9ACCS5eB9CJMp2EpXV1j42pasQY3MugdH5TxPz4/1920x1080.jpg?blurred=false"></icon><desc>Tune in as we play all of the biggest electronic and synth pop hits from the 80s!</desc><category></category></programme><programme channel="136" start="20221122190000 +0000" stop="20221122195900 +0000" catchup-id="899212389"><title>Greatest 80s Rock: Play It Loud!</title><date></date><icon src="https://images.tv.kpn.com/epg/jee9CHLOREMmWBC4k8FA6SavQN9BOUHFIcJoARkuZVqY4/1920x1080.jpg?blurred=false"></icon><desc>Hard! Alternative! Heavy! Post-punk! Metal! Indie! Goth! Call it what you want, but turn up the volume as we delve into the decade's best rock tracks in all their incarnations, right here on MTV80s!</desc><category></category></programme><programme channel="136" start="20221122195900 +0000" stop="20221123005900 +0000" catchup-id="899212392"><title>... So 80s!</title><date></date><icon src="https://images.tv.kpn.com/epg/PSfKMEuFywb9B5hTpECZ9C7PvxG8iMdQ9BPf3xJbudI3us/1920x1080.jpg?blurred=false"></icon><desc>Get ready because we're bringing you nothing but classic hits and iconic anthems from the 80s!</desc><category></category></programme><programme channel="136" start="20221123005900 +0000" stop="20221123030000 +0000" catchup-id="899257572"><title>... So 80s!</title><date></date><icon src="https://images.tv.kpn.com/epg/qKSx5qRInSdGGi9C2XuVfXp37zPdwY8sslkdMikvV4zY/1920x1080.jpg?blurred=false"></icon><desc>Get ready because we're bringing you nothing but classic hits and iconic anthems from the 80s!</desc><category></category></programme><programme channel="136" start="20221123030000 +0000" stop="20221123070000 +0000" catchup-id="899257578"><title>Non-Stop 80s Hits!</title><date></date><icon src="https://images.tv.kpn.com/epg/qKSx5qRInSdGGi9C2XuVfXp37zPdwY8sslkdMikvV4zY/1920x1080.jpg?blurred=false"></icon><desc>We got hits... We got hits from the 80s. And guess what? They don't stop! You're welcome!</desc><category></category></programme><programme channel="136" start="20221123070000 +0000" stop="20221123110100 +0000" catchup-id="899257587"><title>Gold! Greatest Hits Of The 80s</title><date></date><icon src="https://images.tv.kpn.com/epg/dg4vH9CXjf1wPsvXg4L7Idb9Bbhcreumlj9AUADPjxh9Bng/1920x1080.jpg?blurred=false"></icon><desc>Pencil us in because we've organised the greatest hits of the '80s for you...you're welcome!</desc><category></category></programme><programme channel="136" start="20221123110100 +0000" stop="20221123143400 +0000" catchup-id="899257593"><title>Top Hits Of 1984!</title><date></date><icon src="https://images.tv.kpn.com/epg/yZJCbdbpg2QvOTfLyL44vgteYww1nw2wxhuxR8tMx60/1920x1080.jpg?blurred=false"></icon><desc>We're counting down 50 of the biggest hits from another great year of the 80s! These are the top hits of 1984!</desc><category></category></programme><programme channel="136" start="20221123143400 +0000" stop="20221123165900 +0000" catchup-id="899257602"><title>Forever 80s</title><date></date><icon src="https://images.tv.kpn.com/epg/PSfKMEuFywb9B5hTpECZ9C7PvxG8iMdQ9BPf3xJbudI3us/1920x1080.jpg?blurred=false"></icon><desc>Check out all of the best hits from one of the biggest decades in music!</desc><category></category></programme><programme channel="136" start="20221123165900 +0000" stop="20221123190000 +0000" catchup-id="899257608"><title>The Power Of Love!</title><date></date><icon src="https://images.tv.kpn.com/epg/VQZyvY9ACCS5eB9CJMp2EpXV1j42pasQY3MugdH5TxPz4/1920x1080.jpg?blurred=false"></icon><desc>The power of love is strong here at MTV which is why we've put all of the best 80s love songs together in one playlist!</desc><category></category></programme><programme channel="136" start="20221123190000 +0000" stop="20221123200000 +0000" catchup-id="899257614"><title>Greatest 80s Rock: Play It Loud!</title><date></date><icon src="https://images.tv.kpn.com/epg/jee9CHLOREMmWBC4k8FA6SavQN9BOUHFIcJoARkuZVqY4/1920x1080.jpg?blurred=false"></icon><desc>Hard! Alternative! Heavy! Post-punk! Metal! Indie! Goth! Call it what you want, but turn up the volume as we delve into the decade's best rock tracks in all their incarnations, right here on MTV80s!</desc><category></category></programme><programme channel="136" start="20221123200000 +0000" stop="20221124005900 +0000" catchup-id="899257617"><title>... So 80s!</title><date></date><icon src="https://images.tv.kpn.com/epg/dg4vH9CXjf1wPsvXg4L7Idb9Bbhcreumlj9AUADPjxh9Bng/1920x1080.jpg?blurred=false"></icon><desc>Get ready because we're bringing you nothing but classic hits and iconic anthems from the 80s!</desc><category></category></programme><programme channel="136" start="20221124005900 +0000" stop="20221124030000 +0000" catchup-id="899304270"><title>... So 80s!</title><date></date><icon src="https://images.tv.kpn.com/epg/dg4vH9CXjf1wPsvXg4L7Idb9Bbhcreumlj9AUADPjxh9Bng/1920x1080.jpg?blurred=false"></icon><desc>Get ready because we're bringing you nothing but classic hits and iconic anthems from the 80s!</desc><category></category></programme><programme channel="136" start="20221124030000 +0000" stop="20221124065900 +0000" catchup-id="899304276"><title>Non-Stop 80s Hits!</title><date></date><icon src="https://images.tv.kpn.com/epg/qKSx5qRInSdGGi9C2XuVfXp37zPdwY8sslkdMikvV4zY/1920x1080.jpg?blurred=false"></icon><desc>We got hits... We got hits from the 80s. And guess what? They don't stop! You're welcome!</desc><category></category></programme><programme channel="136" start="20221124065900 +0000" stop="20221124110000 +0000" catchup-id="899304282"><title>Gold! Greatest Hits Of The 80s</title><date></date><icon src="https://images.tv.kpn.com/epg/PSfKMEuFywb9B5hTpECZ9C7PvxG8iMdQ9BPf3xJbudI3us/1920x1080.jpg?blurred=false"></icon><desc>Pencil us in because we've organised the greatest hits of the '80s for you...you're welcome!</desc><category></category></programme><programme channel="136" start="20221124110000 +0000" stop="20221124150000 +0000" catchup-id="899304288"><title>I Want My MTV 80s!</title><date></date><icon src="https://images.tv.kpn.com/epg/dg4vH9CXjf1wPsvXg4L7Idb9Bbhcreumlj9AUADPjxh9Bng/1920x1080.jpg?blurred=false"></icon><desc>It's non-stop nostalgia right here at MTV 80s - and that's what we want, right now!</desc><category></category></programme><programme channel="136" start="20221124150000 +0000" stop="20221124165900 +0000" catchup-id="899304294"><title>Forever 80s</title><date></date><icon src="https://images.tv.kpn.com/epg/dg4vH9CXjf1wPsvXg4L7Idb9Bbhcreumlj9AUADPjxh9Bng/1920x1080.jpg?blurred=false"></icon><desc>Check out all of the best hits from one of the biggest decades in music!</desc><category></category></programme><programme channel="136" start="20221124165900 +0000" stop="20221124190000 +0000" catchup-id="899304300"><title>Wild Boys Of The 80s!</title><date></date><icon src="https://images.tv.kpn.com/epg/jee9CHLOREMmWBC4k8FA6SavQN9BOUHFIcJoARkuZVqY4/1920x1080.jpg?blurred=false"></icon><desc>These boys were born to be wild in the 80s! Check out all of their huge hits and iconic anthems right here!</desc><category></category></programme><programme channel="136" start="20221124190000 +0000" stop="20221124195900 +0000" catchup-id="899304306"><title>Greatest 80s Rock: Play It Loud!</title><date></date><icon src="https://images.tv.kpn.com/epg/qKSx5qRInSdGGi9C2XuVfXp37zPdwY8sslkdMikvV4zY/1920x1080.jpg?blurred=false"></icon><desc>Hard! Alternative! Heavy! Post-punk! Metal! Indie! Goth! Call it what you want, but turn up the volume as we delve into the decade's best rock tracks in all their incarnations, right here on MTV80s!</desc><category></category></programme><programme channel="136" start="20221124195900 +0000" stop="20221125005900 +0000" catchup-id="899304309"><title>... So 80s!</title><date></date><icon src="https://images.tv.kpn.com/epg/qKSx5qRInSdGGi9C2XuVfXp37zPdwY8sslkdMikvV4zY/1920x1080.jpg?blurred=false"></icon><desc>Get ready because we're bringing you nothing but classic hits and iconic anthems from the 80s!</desc><category></category></programme><programme channel="136" start="20221125005900 +0000" stop="20221125030000 +0000" catchup-id="899354769"><title>... So 80s!</title><date></date><icon src="https://images.tv.kpn.com/epg/yZJCbdbpg2QvOTfLyL44vgteYww1nw2wxhuxR8tMx60/1920x1080.jpg?blurred=false"></icon><desc>Get ready because we're bringing you nothing but classic hits and iconic anthems from the 80s!</desc><category></category></programme><programme channel="136" start="20221125030000 +0000" stop="20221125070000 +0000" catchup-id="899354772"><title>Non-Stop 80s Hits!</title><date></date><icon src="https://images.tv.kpn.com/epg/qKSx5qRInSdGGi9C2XuVfXp37zPdwY8sslkdMikvV4zY/1920x1080.jpg?blurred=false"></icon><desc>We got hits... We got hits from the 80s. And guess what? They don't stop! You're welcome!</desc><category></category></programme><programme channel="136" start="20221125070000 +0000" stop="20221125110100 +0000" catchup-id="899354775"><title>Gold! Greatest Hits Of The 80s</title><date></date><icon src="https://images.tv.kpn.com/epg/jee9CHLOREMmWBC4k8FA6SavQN9BOUHFIcJoARkuZVqY4/1920x1080.jpg?blurred=false"></icon><desc>Pencil us in because we've organised the greatest hits of the '80s for you...you're welcome!</desc><category></category></programme><programme channel="136" start="20221125110100 +0000" stop="20221125150000 +0000" catchup-id="899354778"><title>I Want My MTV 80s!</title><date></date><icon src="https://images.tv.kpn.com/epg/qKSx5qRInSdGGi9C2XuVfXp37zPdwY8sslkdMikvV4zY/1920x1080.jpg?blurred=false"></icon><desc>It's non-stop nostalgia right here at MTV 80s - and that's what we want, right now!</desc><category></category></programme><programme channel="136" start="20221125150000 +0000" stop="20221125200100 +0000" catchup-id="899354781"><title>Pump Up The 80s Party!</title><date></date><icon src="https://images.tv.kpn.com/epg/OcPLvsvi0Reh9BdmoELXdaGl9AzW8MwfEe8mxyzWSA9CEU/1920x1080.jpg?blurred=false"></icon><desc>We've chosen all of the best 80s hits to go into one epic 80s party playlist. So pump up the volume and get ready to dance with some classic 80s tunes!</desc><category></category></programme><programme channel="136" start="20221125200100 +0000" stop="20221125210000 +0000" catchup-id="899354784"><title>Pump Up The 80s Party!</title><date></date><icon src="https://images.tv.kpn.com/epg/OcPLvsvi0Reh9BdmoELXdaGl9AzW8MwfEe8mxyzWSA9CEU/1920x1080.jpg?blurred=false"></icon><desc>We've chosen all of the best 80s hits to go into one epic 80s party playlist. So pump up the volume and get ready to dance with some classic 80s tunes!</desc><category></category></programme><programme channel="136" start="20221125210000 +0000" stop="20221126020000 +0000" catchup-id="899354787"><title>... So 80s!</title><date></date><icon src="https://images.tv.kpn.com/epg/PSfKMEuFywb9B5hTpECZ9C7PvxG8iMdQ9BPf3xJbudI3us/1920x1080.jpg?blurred=false"></icon><desc>Get ready because we're bringing you nothing but classic hits and iconic anthems from the 80s!</desc><category></category></programme><programme channel="136" start="20221126020000 +0000" stop="20221126030000 +0000" catchup-id="899397567"><title>... So 80s!</title><date></date><icon src="https://images.tv.kpn.com/epg/dg4vH9CXjf1wPsvXg4L7Idb9Bbhcreumlj9AUADPjxh9Bng/1920x1080.jpg?blurred=false"></icon><desc>Get ready because we're bringing you nothing but classic hits and iconic anthems from the 80s!</desc><category></category></programme><programme channel="136" start="20221126030000 +0000" stop="20221126065900 +0000" catchup-id="899397570"><title>Non-Stop 80s Hits!</title><date></date><icon src="https://images.tv.kpn.com/epg/qKSx5qRInSdGGi9C2XuVfXp37zPdwY8sslkdMikvV4zY/1920x1080.jpg?blurred=false"></icon><desc>We got hits... We got hits from the 80s. And guess what? They don't stop! You're welcome!</desc><category></category></programme><programme channel="136" start="20221126065900 +0000" stop="20221126105900 +0000" catchup-id="899397573"><title>Gold! Greatest Hits Of The 80s</title><date></date><icon src="https://images.tv.kpn.com/epg/jee9CHLOREMmWBC4k8FA6SavQN9BOUHFIcJoARkuZVqY4/1920x1080.jpg?blurred=false"></icon><desc>Pencil us in because we've organised the greatest hits of the '80s for you...you're welcome!</desc><category></category></programme><programme channel="136" start="20221126105900 +0000" stop="20221126145900 +0000" catchup-id="899397576"><title>I Want My MTV 80s!</title><date></date><icon src="https://images.tv.kpn.com/epg/VQZyvY9ACCS5eB9CJMp2EpXV1j42pasQY3MugdH5TxPz4/1920x1080.jpg?blurred=false"></icon><desc>It's non-stop nostalgia right here at MTV 80s - and that's what we want, right now!</desc><category></category></programme><programme channel="136" start="20221126145900 +0000" stop="20221126170000 +0000" catchup-id="899397579"><title>Forever 80s</title><date></date><icon src="https://images.tv.kpn.com/epg/PSfKMEuFywb9B5hTpECZ9C7PvxG8iMdQ9BPf3xJbudI3us/1920x1080.jpg?blurred=false"></icon><desc>Check out all of the best hits from one of the biggest decades in music!</desc><category></category></programme><programme channel="136" start="20221126170000 +0000" stop="20221126202200 +0000" catchup-id="899397582"><title>Boys Boys Boys: 50 Pop Hits!</title><date></date><icon src="https://images.tv.kpn.com/epg/qKSx5qRInSdGGi9C2XuVfXp37zPdwY8sslkdMikvV4zY/1920x1080.jpg?blurred=false"></icon><desc>We're bringing you 50 pop hits from the 80s boys we all know and love!</desc><category></category></programme><programme channel="136" start="20221126202200 +0000" stop="20221127020100 +0000" catchup-id="899397585"><title>... So 80s!</title><date></date><icon src="https://images.tv.kpn.com/epg/PSfKMEuFywb9B5hTpECZ9C7PvxG8iMdQ9BPf3xJbudI3us/1920x1080.jpg?blurred=false"></icon><desc>Get ready because we're bringing you nothing but classic hits and iconic anthems from the 80s!</desc><category></category></programme><programme channel="136" start="20221127020100 +0000" stop="20221127030000 +0000" catchup-id="899440845"><title>... So 80s!</title><date></date><icon src="https://images.tv.kpn.com/epg/PSfKMEuFywb9B5hTpECZ9C7PvxG8iMdQ9BPf3xJbudI3us/1920x1080.jpg?blurred=false"></icon><desc>Get ready because we're bringing you nothing but classic hits and iconic anthems from the 80s!</desc><category></category></programme><programme channel="136" start="20221127030000 +0000" stop="20221127065900 +0000" catchup-id="899440851"><title>Non-Stop 80s Hits!</title><date></date><icon src="https://images.tv.kpn.com/epg/yZJCbdbpg2QvOTfLyL44vgteYww1nw2wxhuxR8tMx60/1920x1080.jpg?blurred=false"></icon><desc>We got hits... We got hits from the 80s. And guess what? They don't stop! You're welcome!</desc><category></category></programme><programme channel="136" start="20221127065900 +0000" stop="20221127102900 +0000" catchup-id="899440857"><title>Boys Boys Boys: 50 Pop Hits!</title><date></date><icon src="https://images.tv.kpn.com/epg/yZJCbdbpg2QvOTfLyL44vgteYww1nw2wxhuxR8tMx60/1920x1080.jpg?blurred=false"></icon><desc>We're bringing you 50 pop hits from the 80s boys we all know and love!</desc><category></category></programme><programme channel="136" start="20221127102900 +0000" stop="20221127145900 +0000" catchup-id="899440863"><title>I Want My MTV 80s!</title><date></date><icon src="https://images.tv.kpn.com/epg/dg4vH9CXjf1wPsvXg4L7Idb9Bbhcreumlj9AUADPjxh9Bng/1920x1080.jpg?blurred=false"></icon><desc>It's non-stop nostalgia right here at MTV 80s - and that's what we want, right now!</desc><category></category></programme><programme channel="136" start="20221127145900 +0000" stop="20221127170000 +0000" catchup-id="899440869"><title>Forever 80s</title><date></date><icon src="https://images.tv.kpn.com/epg/yZJCbdbpg2QvOTfLyL44vgteYww1nw2wxhuxR8tMx60/1920x1080.jpg?blurred=false"></icon><desc>Check out all of the best hits from one of the biggest decades in music!</desc><category></category></programme><programme channel="136" start="20221127170000 +0000" stop="20221127200100 +0000" catchup-id="899440872"><title>80s Power Ballad Heaven!</title><date></date><icon src="https://images.tv.kpn.com/epg/qKSx5qRInSdGGi9C2XuVfXp37zPdwY8sslkdMikvV4zY/1920x1080.jpg?blurred=false"></icon><desc>We've selected some of the most iconic 80s power ballads ever recorded to play for you right now on MTV 80s!</desc><category></category></programme><programme channel="136" start="20221127200100 +0000" stop="20221128005900 +0000" catchup-id="899440881"><title>... So 80s!</title><date></date><icon src="https://images.tv.kpn.com/epg/yZJCbdbpg2QvOTfLyL44vgteYww1nw2wxhuxR8tMx60/1920x1080.jpg?blurred=false"></icon><desc>Get ready because we're bringing you nothing but classic hits and iconic anthems from the 80s!</desc><category></category></programme><programme channel="136" start="20221128005900 +0000" stop="20221128030000 +0000" catchup-id="899481921"><title>... So 80s!</title><date></date><icon src="https://images.tv.kpn.com/epg/VQZyvY9ACCS5eB9CJMp2EpXV1j42pasQY3MugdH5TxPz4/1920x1080.jpg?blurred=false"></icon><desc>Get ready because we're bringing you nothing but classic hits and iconic anthems from the 80s!</desc><category></category></programme><programme channel="136" start="20221128030000 +0000" stop="20221128065900 +0000" catchup-id="899481927"><title>Non-Stop 80s Hits!</title><date></date><icon src="https://images.tv.kpn.com/epg/PSfKMEuFywb9B5hTpECZ9C7PvxG8iMdQ9BPf3xJbudI3us/1920x1080.jpg?blurred=false"></icon><desc>We got hits... We got hits from the 80s. And guess what? They don't stop! You're welcome!</desc><category></category></programme><programme channel="136" start="20221128065900 +0000" stop="20221128110000 +0000" catchup-id="899481933"><title>Gold! Greatest Hits Of The 80s</title><date></date><icon src="https://images.tv.kpn.com/epg/OcPLvsvi0Reh9BdmoELXdaGl9AzW8MwfEe8mxyzWSA9CEU/1920x1080.jpg?blurred=false"></icon><desc>Pencil us in because we've organised the greatest hits of the '80s for you...you're welcome!</desc><category></category></programme><programme channel="136" start="20221128110000 +0000" stop="20221128150000 +0000" catchup-id="899481939"><title>I Want My MTV 80s!</title><date></date><icon src="https://images.tv.kpn.com/epg/PSfKMEuFywb9B5hTpECZ9C7PvxG8iMdQ9BPf3xJbudI3us/1920x1080.jpg?blurred=false"></icon><desc>It's non-stop nostalgia right here at MTV 80s - and that's what we want, right now!</desc><category></category></programme><programme channel="136" start="20221128150000 +0000" stop="20221128170000 +0000" catchup-id="899481945"><title>Forever 80s</title><date></date><icon src="https://images.tv.kpn.com/epg/OcPLvsvi0Reh9BdmoELXdaGl9AzW8MwfEe8mxyzWSA9CEU/1920x1080.jpg?blurred=false"></icon><desc>Check out all of the best hits from one of the biggest decades in music!</desc><category></category></programme><programme channel="136" start="20221128170000 +0000" stop="20221128190000 +0000" catchup-id="899481951"><title>Who's That 80s Girl?</title><date></date><icon src="https://images.tv.kpn.com/epg/PSfKMEuFywb9B5hTpECZ9C7PvxG8iMdQ9BPf3xJbudI3us/1920x1080.jpg?blurred=false"></icon><desc>Check out all of the greatest hits from our favourite girls of the 80s!</desc><category></category></programme><programme channel="136" start="20221128190000 +0000" stop="20221128200000 +0000" catchup-id="899481957"><title>Greatest 80s Rock: Play It Loud!</title><date></date><icon src="https://images.tv.kpn.com/epg/jee9CHLOREMmWBC4k8FA6SavQN9BOUHFIcJoARkuZVqY4/1920x1080.jpg?blurred=false"></icon><desc>Hard! Alternative! Heavy! Post-punk! Metal! Indie! Goth! Call it what you want, but turn up the volume as we delve into the decade's best rock tracks in all their incarnations, right here on MTV80s!</desc><category></category></programme><programme channel="136" start="20221128200000 +0000" stop="20221129010000 +0000" catchup-id="899481963"><title>... So 80s!</title><date></date><icon src="https://images.tv.kpn.com/epg/PSfKMEuFywb9B5hTpECZ9C7PvxG8iMdQ9BPf3xJbudI3us/1920x1080.jpg?blurred=false"></icon><desc>Get ready because we're bringing you nothing but classic hits and iconic anthems from the 80s!</desc><category></category></programme><programme channel="136" start="20221129010000 +0000" stop="20221129030000 +0000" catchup-id="899524260"><title>... So 80s!</title><date></date><icon src="https://images.tv.kpn.com/epg/yZJCbdbpg2QvOTfLyL44vgteYww1nw2wxhuxR8tMx60/1920x1080.jpg?blurred=false"></icon><desc>Get ready because we're bringing you nothing but classic hits and iconic anthems from the 80s!</desc><category></category></programme><programme channel="136" start="20221129030000 +0000" stop="20221129070000 +0000" catchup-id="899524266"><title>Non-Stop 80s Hits!</title><date></date><icon src="https://images.tv.kpn.com/epg/PSfKMEuFywb9B5hTpECZ9C7PvxG8iMdQ9BPf3xJbudI3us/1920x1080.jpg?blurred=false"></icon><desc>We got hits... We got hits from the 80s. And guess what? They don't stop! You're welcome!</desc><category></category></programme><programme channel="136" start="20221129070000 +0000" stop="20221129110000 +0000" catchup-id="899524272"><title>Gold! Greatest Hits Of The 80s</title><date></date><icon src="https://images.tv.kpn.com/epg/dg4vH9CXjf1wPsvXg4L7Idb9Bbhcreumlj9AUADPjxh9Bng/1920x1080.jpg?blurred=false"></icon><desc>Pencil us in because we've organised the greatest hits of the '80s for you...you're welcome!</desc><category></category></programme><programme channel="136" start="20221129110000 +0000" stop="20221129150000 +0000" catchup-id="899524278"><title>I Want My MTV 80s!</title><date></date><icon src="https://images.tv.kpn.com/epg/PSfKMEuFywb9B5hTpECZ9C7PvxG8iMdQ9BPf3xJbudI3us/1920x1080.jpg?blurred=false"></icon><desc>It's non-stop nostalgia right here at MTV 80s - and that's what we want, right now!</desc><category></category></programme><programme channel="136" start="20221129150000 +0000" stop="20221129170000 +0000" catchup-id="899524287"><title>Forever 80s</title><date></date><icon src="https://images.tv.kpn.com/epg/yZJCbdbpg2QvOTfLyL44vgteYww1nw2wxhuxR8tMx60/1920x1080.jpg?blurred=false"></icon><desc>Check out all of the best hits from one of the biggest decades in music!</desc><category></category></programme><programme channel="136" start="20221129170000 +0000" stop="20221129190000 +0000" catchup-id="899524293"><title>Electric 80s!</title><date></date><icon src="https://images.tv.kpn.com/epg/yZJCbdbpg2QvOTfLyL44vgteYww1nw2wxhuxR8tMx60/1920x1080.jpg?blurred=false"></icon><desc>Tune in as we play all of the biggest electronic and synth pop hits from the 80s!</desc><category></category></programme><programme channel="136" start="20221129190000 +0000" stop="20221129200000 +0000" catchup-id="899524299"><title>Greatest 80s Rock: Play It Loud!</title><date></date><icon src="https://images.tv.kpn.com/epg/PSfKMEuFywb9B5hTpECZ9C7PvxG8iMdQ9BPf3xJbudI3us/1920x1080.jpg?blurred=false"></icon><desc>Hard! Alternative! Heavy! Post-punk! Metal! Indie! Goth! Call it what you want, but turn up the volume as we delve into the decade's best rock tracks in all their incarnations, right here on MTV80s!</desc><category></category></programme><programme channel="136" start="20221129200000 +0000" stop="20221130010000 +0000" catchup-id="899524302"><title>... So 80s!</title><date></date><icon src="https://images.tv.kpn.com/epg/dg4vH9CXjf1wPsvXg4L7Idb9Bbhcreumlj9AUADPjxh9Bng/1920x1080.jpg?blurred=false"></icon><desc>Get ready because we're bringing you nothing but classic hits and iconic anthems from the 80s!</desc><category></category></programme><programme channel="136" start="20221130010000 +0000" stop="20221130030000 +0000" catchup-id="899570718"><title>... So 80s!</title><date></date><icon src="https://images.tv.kpn.com/epg/dg4vH9CXjf1wPsvXg4L7Idb9Bbhcreumlj9AUADPjxh9Bng/1920x1080.jpg?blurred=false"></icon><desc>Get ready because we're bringing you nothing but classic hits and iconic anthems from the 80s!</desc><category></category></programme><programme channel="136" start="20221130030000 +0000" stop="20221130070000 +0000" catchup-id="899570721"><title>Non-Stop 80s Hits!</title><date></date><icon src="https://images.tv.kpn.com/epg/dg4vH9CXjf1wPsvXg4L7Idb9Bbhcreumlj9AUADPjxh9Bng/1920x1080.jpg?blurred=false"></icon><desc>We got hits... We got hits from the 80s. And guess what? They don't stop! You're welcome!</desc><category></category></programme><programme channel="136" start="20221130070000 +0000" stop="20221130110000 +0000" catchup-id="899570727"><title>Gold! Greatest Hits Of The 80s</title><date></date><icon src="https://images.tv.kpn.com/epg/PSfKMEuFywb9B5hTpECZ9C7PvxG8iMdQ9BPf3xJbudI3us/1920x1080.jpg?blurred=false"></icon><desc>Pencil us in because we've organised the greatest hits of the '80s for you...you're welcome!</desc><category></category></programme><programme channel="136" start="20221130110000 +0000" stop="20221130150000 +0000" catchup-id="899570733"><title>Top Hits Of 1987!</title><date></date><icon src="https://images.tv.kpn.com/epg/yZJCbdbpg2QvOTfLyL44vgteYww1nw2wxhuxR8tMx60/1920x1080.jpg?blurred=false"></icon><desc>We're counting down 50 of the biggest hits from another great year of the 80s! These are the top hits of 1987!</desc><category></category></programme><programme channel="136" start="20221130150000 +0000" stop="20221130170000 +0000" catchup-id="899570736"><title>Forever 80s</title><date></date><icon src="https://images.tv.kpn.com/epg/dg4vH9CXjf1wPsvXg4L7Idb9Bbhcreumlj9AUADPjxh9Bng/1920x1080.jpg?blurred=false"></icon><desc>Check out all of the best hits from one of the biggest decades in music!</desc><category></category></programme><programme channel="136" start="20221130170000 +0000" stop="20221130190000 +0000" catchup-id="899570742"><title>The Power Of Love!</title><date></date><icon src="https://images.tv.kpn.com/epg/dg4vH9CXjf1wPsvXg4L7Idb9Bbhcreumlj9AUADPjxh9Bng/1920x1080.jpg?blurred=false"></icon><desc>The power of love is strong here at MTV which is why we've put all of the best 80s love songs together in one playlist!</desc><category></category></programme><programme channel="136" start="20221130190000 +0000" stop="20221130200000 +0000" catchup-id="899570751"><title>Greatest 80s Rock: Play It Loud!</title><date></date><icon src="https://images.tv.kpn.com/epg/jee9CHLOREMmWBC4k8FA6SavQN9BOUHFIcJoARkuZVqY4/1920x1080.jpg?blurred=false"></icon><desc>Hard! Alternative! Heavy! Post-punk! Metal! Indie! Goth! Call it what you want, but turn up the volume as we delve into the decade's best rock tracks in all their incarnations, right here on MTV80s!</desc><category></category></programme><programme channel="136" start="20221130200000 +0000" stop="20221201010000 +0000" catchup-id="899570754"><title>... So 80s!</title><date></date><icon src="https://images.tv.kpn.com/epg/yZJCbdbpg2QvOTfLyL44vgteYww1nw2wxhuxR8tMx60/1920x1080.jpg?blurred=false"></icon><desc>Get ready because we're bringing you nothing but classic hits and iconic anthems from the 80s!</desc><category></category></programme><programme channel="136" start="20221201010000 +0000" stop="20221201030000 +0000" catchup-id="899615514"><title>... So 80s!</title><date></date><icon src="https://images.tv.kpn.com/epg/jee9CHLOREMmWBC4k8FA6SavQN9BOUHFIcJoARkuZVqY4/1920x1080.jpg?blurred=false"></icon><desc>Get ready because we're bringing you nothing but classic hits and iconic anthems from the 80s!</desc><category></category></programme><programme channel="136" start="20221201030000 +0000" stop="20221201070000 +0000" catchup-id="899615517"><title>Non-Stop 80s Hits!</title><date></date><icon src="https://images.tv.kpn.com/epg/VQZyvY9ACCS5eB9CJMp2EpXV1j42pasQY3MugdH5TxPz4/1920x1080.jpg?blurred=false"></icon><desc>We got hits... We got hits from the 80s. And guess what? They don't stop! You're welcome!</desc><category></category></programme><programme channel="136" start="20221201070000 +0000" stop="20221201110000 +0000" catchup-id="899615520"><title>Gold! Greatest Hits Of The 80s</title><date></date><icon src="https://images.tv.kpn.com/epg/qKSx5qRInSdGGi9C2XuVfXp37zPdwY8sslkdMikvV4zY/1920x1080.jpg?blurred=false"></icon><desc>Pencil us in because we've organised the greatest hits of the '80s for you...you're welcome!</desc><category></category></programme><programme channel="136" start="20221201110000 +0000" stop="20221201150000 +0000" catchup-id="899615523"><title>I Want My MTV 80s!</title><date></date><icon src="https://images.tv.kpn.com/epg/VQZyvY9ACCS5eB9CJMp2EpXV1j42pasQY3MugdH5TxPz4/1920x1080.jpg?blurred=false"></icon><desc>It's non-stop nostalgia right here at MTV 80s - and that's what we want, right now!</desc><category></category></programme><programme channel="136" start="20221201150000 +0000" stop="20221201170000 +0000" catchup-id="899615526"><title>Forever 80s</title><date></date><icon src="https://images.tv.kpn.com/epg/OcPLvsvi0Reh9BdmoELXdaGl9AzW8MwfEe8mxyzWSA9CEU/1920x1080.jpg?blurred=false"></icon><desc>Check out all of the best hits from one of the biggest decades in music!</desc><category></category></programme><programme channel="136" start="20221201170000 +0000" stop="20221201190000 +0000" catchup-id="899615529"><title>Wild Boys Of The 80s!</title><date></date><icon src="https://images.tv.kpn.com/epg/OcPLvsvi0Reh9BdmoELXdaGl9AzW8MwfEe8mxyzWSA9CEU/1920x1080.jpg?blurred=false"></icon><desc>These boys were born to be wild in the 80s! Check out all of their huge hits and iconic anthems right here!</desc><category></category></programme><programme channel="136" start="20221201190000 +0000" stop="20221201200000 +0000" catchup-id="899615532"><title>Greatest 80s Rock: Play It Loud!</title><date></date><icon src="https://images.tv.kpn.com/epg/PSfKMEuFywb9B5hTpECZ9C7PvxG8iMdQ9BPf3xJbudI3us/1920x1080.jpg?blurred=false"></icon><desc>Hard! Alternative! Heavy! Post-punk! Metal! Indie! Goth! Call it what you want, but turn up the volume as we delve into the decade's best rock tracks in all their incarnations, right here on MTV80s!</desc><category></category></programme><programme channel="136" start="20221201200000 +0000" stop="20221202010000 +0000" catchup-id="899615535"><title>... So 80s!</title><date></date><icon src="https://images.tv.kpn.com/epg/qKSx5qRInSdGGi9C2XuVfXp37zPdwY8sslkdMikvV4zY/1920x1080.jpg?blurred=false"></icon><desc>Get ready because we're bringing you nothing but classic hits and iconic anthems from the 80s!</desc><category></category></programme><programme channel="136" start="20221202010000 +0000" stop="20221202030000 +0000" catchup-id="899661861"><title>... So 80s!</title><date></date><icon src="https://images.tv.kpn.com/epg/VQZyvY9ACCS5eB9CJMp2EpXV1j42pasQY3MugdH5TxPz4/1920x1080.jpg?blurred=false"></icon><desc>Get ready because we're bringing you nothing but classic hits and iconic anthems from the 80s!</desc><category></category></programme><programme channel="136" start="20221202030000 +0000" stop="20221202070000 +0000" catchup-id="899661864"><title>Non-Stop 80s Hits!</title><date></date><icon src="https://images.tv.kpn.com/epg/yZJCbdbpg2QvOTfLyL44vgteYww1nw2wxhuxR8tMx60/1920x1080.jpg?blurred=false"></icon><desc>We got hits... We got hits from the 80s. And guess what? They don't stop! You're welcome!</desc><category></category></programme><programme channel="136" start="20221202070000 +0000" stop="20221202110000 +0000" catchup-id="899661867"><title>Gold! Greatest Hits Of The 80s</title><date></date><icon src="https://images.tv.kpn.com/epg/jee9CHLOREMmWBC4k8FA6SavQN9BOUHFIcJoARkuZVqY4/1920x1080.jpg?blurred=false"></icon><desc>Pencil us in because we've organised the greatest hits of the '80s for you...you're welcome!</desc><category></category></programme><programme channel="136" start="20221202110000 +0000" stop="20221202150000 +0000" catchup-id="899661870"><title>I Want My MTV 80s!</title><date></date><icon src="https://images.tv.kpn.com/epg/qKSx5qRInSdGGi9C2XuVfXp37zPdwY8sslkdMikvV4zY/1920x1080.jpg?blurred=false"></icon><desc>It's non-stop nostalgia right here at MTV 80s - and that's what we want, right now!</desc><category></category></programme><programme channel="136" start="20221202150000 +0000" stop="20221202200000 +0000" catchup-id="899661873"><title>Pump Up The 80s Party!</title><date></date><icon src="https://images.tv.kpn.com/epg/PSfKMEuFywb9B5hTpECZ9C7PvxG8iMdQ9BPf3xJbudI3us/1920x1080.jpg?blurred=false"></icon><desc>We've chosen all of the best 80s hits to go into one epic 80s party playlist. So pump up the volume and get ready to dance with some classic 80s tunes!</desc><category></category></programme><programme channel="136" start="20221202200000 +0000" stop="20221202210000 +0000" catchup-id="899661876"><title>Pump Up The 80s Party!</title><date></date><icon src="https://images.tv.kpn.com/epg/PSfKMEuFywb9B5hTpECZ9C7PvxG8iMdQ9BPf3xJbudI3us/1920x1080.jpg?blurred=false"></icon><desc>We've chosen all of the best 80s hits to go into one epic 80s party playlist. So pump up the volume and get ready to dance with some classic 80s tunes!</desc><category></category></programme><programme channel="136" start="20221202210000 +0000" stop="20221203020000 +0000" catchup-id="899661879"><title>... So 80s!</title><date></date><icon src="https://images.tv.kpn.com/epg/OcPLvsvi0Reh9BdmoELXdaGl9AzW8MwfEe8mxyzWSA9CEU/1920x1080.jpg?blurred=false"></icon><desc>Get ready because we're bringing you nothing but classic hits and iconic anthems from the 80s!</desc><category></category></programme><programme channel="136" start="20221203020000 +0000" stop="20221203030000 +0000" catchup-id="899704551"><title>... So 80s!</title><date></date><icon src="https://images.tv.kpn.com/epg/OcPLvsvi0Reh9BdmoELXdaGl9AzW8MwfEe8mxyzWSA9CEU/1920x1080.jpg?blurred=false"></icon><desc>Get ready because we're bringing you nothing but classic hits and iconic anthems from the 80s!</desc><category></category></programme><programme channel="136" start="20221203030000 +0000" stop="20221203070000 +0000" catchup-id="899704557"><title>Non-Stop 80s Hits!</title><date></date><icon src="https://images.tv.kpn.com/epg/qKSx5qRInSdGGi9C2XuVfXp37zPdwY8sslkdMikvV4zY/1920x1080.jpg?blurred=false"></icon><desc>We got hits... We got hits from the 80s. And guess what? They don't stop! You're welcome!</desc><category></category></programme><programme channel="136" start="20221203070000 +0000" stop="20221203110000 +0000" catchup-id="899704563"><title>Gold! Greatest Hits Of The 80s</title><date></date><icon src="https://images.tv.kpn.com/epg/jee9CHLOREMmWBC4k8FA6SavQN9BOUHFIcJoARkuZVqY4/1920x1080.jpg?blurred=false"></icon><desc>Pencil us in because we've organised the greatest hits of the '80s for you...you're welcome!</desc><category></category></programme><programme channel="136" start="20221203110000 +0000" stop="20221203150000 +0000" catchup-id="899704569"><title>I Want My MTV 80s!</title><date></date><icon src="https://images.tv.kpn.com/epg/OcPLvsvi0Reh9BdmoELXdaGl9AzW8MwfEe8mxyzWSA9CEU/1920x1080.jpg?blurred=false"></icon><desc>It's non-stop nostalgia right here at MTV 80s - and that's what we want, right now!</desc><category></category></programme><programme channel="136" start="20221203150000 +0000" stop="20221203170000 +0000" catchup-id="899704575"><title>Forever 80s</title><date></date><icon src="https://images.tv.kpn.com/epg/dg4vH9CXjf1wPsvXg4L7Idb9Bbhcreumlj9AUADPjxh9Bng/1920x1080.jpg?blurred=false"></icon><desc>Check out all of the best hits from one of the biggest decades in music!</desc><category></category></programme><programme channel="136" start="20221203170000 +0000" stop="20221203210000 +0000" catchup-id="899704581"><title>Top 50 Feelgood 80s Anthems!</title><date></date><icon src="https://images.tv.kpn.com/epg/jee9CHLOREMmWBC4k8FA6SavQN9BOUHFIcJoARkuZVqY4/1920x1080.jpg?blurred=false"></icon><desc>We're sending out a feel good hug of 80s music, join us as we countdown the greatest 80s Feel Good Anthems!</desc><category></category></programme>