<programme channel="2475" start="20221118230000 +0000" stop="20221119230000 +0000" catchup-id="899156577"><title>Let's make it happen!</title><date></date><icon src="https://images.tv.kpn.com/epg/misc-2021_EVENT/1920x1080.jpg?blurred=false"></icon><desc>Kijk Dinsdag 8 december TDO LIVE.</desc><category></category></programme><programme channel="2475" start="20221119230000 +0000" stop="20221120230000 +0000" catchup-id="899199555"><title>Let's make it happen!</title><date></date><icon src="https://images.tv.kpn.com/epg/misc-2021_EVENT/1920x1080.jpg?blurred=false"></icon><desc>Kijk Dinsdag 8 december TDO LIVE.</desc><category></category></programme><programme channel="2475" start="20221120230000 +0000" stop="20221121230000 +0000" catchup-id="899243997"><title>Let's make it happen!</title><date></date><icon src="https://images.tv.kpn.com/epg/misc-2021_EVENT/1920x1080.jpg?blurred=false"></icon><desc>Kijk Dinsdag 8 december TDO LIVE.</desc><category></category></programme><programme channel="2475" start="20221121230000 +0000" stop="20221122230000 +0000" catchup-id="899288568"><title>Let's make it happen!</title><date></date><icon src="https://images.tv.kpn.com/epg/misc-2021_EVENT/1920x1080.jpg?blurred=false"></icon><desc>Kijk Dinsdag 8 december TDO LIVE.</desc><category></category></programme><programme channel="2475" start="20221122230000 +0000" stop="20221123230000 +0000" catchup-id="899335389"><title>Let's make it happen!</title><date></date><icon src="https://images.tv.kpn.com/epg/misc-2021_EVENT/1920x1080.jpg?blurred=false"></icon><desc>Kijk Dinsdag 8 december TDO LIVE.</desc><category></category></programme><programme channel="2475" start="20221123230000 +0000" stop="20221124230000 +0000" catchup-id="899385597"><title>Let's make it happen!</title><date></date><icon src="https://images.tv.kpn.com/epg/misc-2021_EVENT/1920x1080.jpg?blurred=false"></icon><desc>Kijk Dinsdag 8 december TDO LIVE.</desc><category></category></programme><programme channel="2475" start="20221124230000 +0000" stop="20221125230000 +0000" catchup-id="899429067"><title>Let's make it happen!</title><date></date><icon src="https://images.tv.kpn.com/epg/misc-2021_EVENT/1920x1080.jpg?blurred=false"></icon><desc>Kijk Dinsdag 8 december TDO LIVE.</desc><category></category></programme><programme channel="2475" start="20221125230000 +0000" stop="20221126230000 +0000" catchup-id="899469894"><title>Let's make it happen!</title><date></date><icon src="https://images.tv.kpn.com/epg/misc-2021_EVENT/1920x1080.jpg?blurred=false"></icon><desc>Kijk Dinsdag 8 december TDO LIVE.</desc><category></category></programme><programme channel="2475" start="20221126230000 +0000" stop="20221127230000 +0000" catchup-id="899510637"><title>Let's make it happen!</title><date></date><icon src="https://images.tv.kpn.com/epg/misc-2021_EVENT/1920x1080.jpg?blurred=false"></icon><desc>Kijk Dinsdag 8 december TDO LIVE.</desc><category></category></programme><programme channel="2475" start="20221127230000 +0000" stop="20221128230000 +0000" catchup-id="899557530"><title>Let's make it happen!</title><date></date><icon src="https://images.tv.kpn.com/epg/misc-2021_EVENT/1920x1080.jpg?blurred=false"></icon><desc>Kijk Dinsdag 8 december TDO LIVE.</desc><category></category></programme><programme channel="2475" start="20221128230000 +0000" stop="20221129230000 +0000" catchup-id="899601582"><title>Let's make it happen!</title><date></date><icon src="https://images.tv.kpn.com/epg/misc-2021_EVENT/1920x1080.jpg?blurred=false"></icon><desc>Kijk Dinsdag 8 december TDO LIVE.</desc><category></category></programme><programme channel="2475" start="20221129230000 +0000" stop="20221130230000 +0000" catchup-id="899649213"><title>Let's make it happen!</title><date></date><icon src="https://images.tv.kpn.com/epg/misc-2021_EVENT/1920x1080.jpg?blurred=false"></icon><desc>Kijk Dinsdag 8 december TDO LIVE.</desc><category></category></programme><programme channel="2475" start="20221130230000 +0000" stop="20221201230000 +0000" catchup-id="899692587"><title>Let's make it happen!</title><date></date><icon src="https://images.tv.kpn.com/epg/misc-2021_EVENT/1920x1080.jpg?blurred=false"></icon><desc>Kijk Dinsdag 8 december TDO LIVE.</desc><category></category></programme><programme channel="2475" start="20221201230000 +0000" stop="20221202230000 +0000" catchup-id="899734719"><title>Let's make it happen!</title><date></date><icon src="https://images.tv.kpn.com/epg/misc-2021_EVENT/1920x1080.jpg?blurred=false"></icon><desc>Kijk Dinsdag 8 december TDO LIVE.</desc><category></category></programme>