<programme channel="2476" start="20221118230000 +0000" stop="20221119230000 +0000" catchup-id="899152344"><title>Let's make it happen!</title><date></date><icon src="https://images.tv.kpn.com/epg/misc-2021_EVENT/1920x1080.jpg?blurred=false"></icon><desc>Tuesday the 8th of December, TDO Live.</desc><category></category></programme><programme channel="2476" start="20221119230000 +0000" stop="20221120230000 +0000" catchup-id="899194629"><title>Let's make it happen!</title><date></date><icon src="https://images.tv.kpn.com/epg/misc-2021_EVENT/1920x1080.jpg?blurred=false"></icon><desc>Tuesday the 8th of December, TDO Live.</desc><category></category></programme><programme channel="2476" start="20221120230000 +0000" stop="20221121230000 +0000" catchup-id="899238885"><title>Let's make it happen!</title><date></date><icon src="https://images.tv.kpn.com/epg/misc-2021_EVENT/1920x1080.jpg?blurred=false"></icon><desc>Tuesday the 8th of December, TDO Live.</desc><category></category></programme><programme channel="2476" start="20221121230000 +0000" stop="20221122230000 +0000" catchup-id="899283588"><title>Let's make it happen!</title><date></date><icon src="https://images.tv.kpn.com/epg/misc-2021_EVENT/1920x1080.jpg?blurred=false"></icon><desc>Tuesday the 8th of December, TDO Live.</desc><category></category></programme><programme channel="2476" start="20221122230000 +0000" stop="20221123230000 +0000" catchup-id="899330625"><title>Let's make it happen!</title><date></date><icon src="https://images.tv.kpn.com/epg/misc-2021_EVENT/1920x1080.jpg?blurred=false"></icon><desc>Tuesday the 8th of December, TDO Live.</desc><category></category></programme><programme channel="2476" start="20221123230000 +0000" stop="20221124230000 +0000" catchup-id="899380842"><title>Let's make it happen!</title><date></date><icon src="https://images.tv.kpn.com/epg/misc-2021_EVENT/1920x1080.jpg?blurred=false"></icon><desc>Tuesday the 8th of December, TDO Live.</desc><category></category></programme><programme channel="2476" start="20221124230000 +0000" stop="20221125230000 +0000" catchup-id="899423337"><title>Let's make it happen!</title><date></date><icon src="https://images.tv.kpn.com/epg/misc-2021_EVENT/1920x1080.jpg?blurred=false"></icon><desc>Tuesday the 8th of December, TDO Live.</desc><category></category></programme><programme channel="2476" start="20221125230000 +0000" stop="20221126230000 +0000" catchup-id="899465751"><title>Let's make it happen!</title><date></date><icon src="https://images.tv.kpn.com/epg/misc-2021_EVENT/1920x1080.jpg?blurred=false"></icon><desc>Tuesday the 8th of December, TDO Live.</desc><category></category></programme><programme channel="2476" start="20221126230000 +0000" stop="20221127230000 +0000" catchup-id="899506437"><title>Let's make it happen!</title><date></date><icon src="https://images.tv.kpn.com/epg/misc-2021_EVENT/1920x1080.jpg?blurred=false"></icon><desc>Tuesday the 8th of December, TDO Live.</desc><category></category></programme><programme channel="2476" start="20221127230000 +0000" stop="20221128230000 +0000" catchup-id="899552607"><title>Let's make it happen!</title><date></date><icon src="https://images.tv.kpn.com/epg/misc-2021_EVENT/1920x1080.jpg?blurred=false"></icon><desc>Tuesday the 8th of December, TDO Live.</desc><category></category></programme><programme channel="2476" start="20221128230000 +0000" stop="20221129230000 +0000" catchup-id="899596794"><title>Let's make it happen!</title><date></date><icon src="https://images.tv.kpn.com/epg/misc-2021_EVENT/1920x1080.jpg?blurred=false"></icon><desc>Tuesday the 8th of December, TDO Live.</desc><category></category></programme><programme channel="2476" start="20221129230000 +0000" stop="20221130230000 +0000" catchup-id="899642343"><title>Let's make it happen!</title><date></date><icon src="https://images.tv.kpn.com/epg/misc-2021_EVENT/1920x1080.jpg?blurred=false"></icon><desc>Tuesday the 8th of December, TDO Live.</desc><category></category></programme><programme channel="2476" start="20221130230000 +0000" stop="20221201230000 +0000" catchup-id="899687886"><title>Let's make it happen!</title><date></date><icon src="https://images.tv.kpn.com/epg/misc-2021_EVENT/1920x1080.jpg?blurred=false"></icon><desc>Tuesday the 8th of December, TDO Live.</desc><category></category></programme><programme channel="2476" start="20221201230000 +0000" stop="20221202230000 +0000" catchup-id="899730474"><title>Let's make it happen!</title><date></date><icon src="https://images.tv.kpn.com/epg/misc-2021_EVENT/1920x1080.jpg?blurred=false"></icon><desc>Tuesday the 8th of December, TDO Live.</desc><category></category></programme>