<programme channel="259" start="20221118234000 +0000" stop="20221119032500 +0000" catchup-id="899096364"><title>Nayak: The Real Hero</title><date></date><icon src="https://images.tv.kpn.com/epg/ipZ8kUXgET8qA81GFZwEcvAXDK8JEVnoIEotCBdEeT8/1920x1080.jpg?blurred=false"></icon><desc>A common man is challenged by the CM to run the state for a day. His governance is such a success that the people force him into joining politics. Release Year: 2001 Director: S. Shankar</desc><category></category></programme><programme channel="259" start="20221119032500 +0000" stop="20221119060000 +0000" catchup-id="899096367"><title>Chal Chala Chal</title><date></date><icon src="https://images.tv.kpn.com/epg/tQRQpLgtNTO0v1am66A13jss5dasIDqtVPHIX1I1FR8/1920x1080.jpg?blurred=false"></icon><desc>2009 Comedy story of a simpleton, Deepak Govinda, gets into business with a ramshackle bus. Alas, the fates, his family and even his love interest, Payal Reema Sen, conspire against him. Release Year: 2009 Director: Santosh Sivan</desc><category></category></programme><programme channel="259" start="20221119060000 +0000" stop="20221119075500 +0000" catchup-id="899096370"><title>Dolly Ki Doli</title><date></date><icon src="https://images.tv.kpn.com/epg/ipZ8kUXgET8qA81GFZwEcvAXDK8JEVnoIEotCBdEeT8/1920x1080.jpg?blurred=false"></icon><desc>Dolly Sonam Kapoor, who cons rich men into marrying her and then abandons them. Robin Pulkit Samrat, a cop, teams up with two of her victims in a bid to nab her. Release Year: 2015 Director: Abhishek Dogra</desc><category></category></programme><programme channel="259" start="20221119075500 +0000" stop="20221119103500 +0000" catchup-id="899096373"><title>Aunty No. 1</title><date></date><icon src="https://images.tv.kpn.com/epg/tQRQpLgtNTO0v1am66A13jss5dasIDqtVPHIX1I1FR8/1920x1080.jpg?blurred=false"></icon><desc>When Gopi is asked to pretend to his friend Aunt, he doesn't realize the mess he will get into when the real Aunt shows up.</desc><category></category></programme><programme channel="259" start="20221119103500 +0000" stop="20221119133000 +0000" catchup-id="899096376"><title>Bol Bachchan</title><date></date><icon src="https://images.tv.kpn.com/epg/OLqYeGH7HPSPSoRrWorwkhcAxus6z1cbeiR9AxA9BD9ARc/1920x1080.jpg?blurred=false"></icon><desc>Bol Bachchan</desc><category></category></programme><programme channel="259" start="20221119133000 +0000" stop="20221119135000 +0000" catchup-id="899096379"><title>Vivo Live Pro Kabaddi Pre Match</title><date></date><icon src="https://images.tv.kpn.com/epg/OLqYeGH7HPSPSoRrWorwkhcAxus6z1cbeiR9AxA9BD9ARc/1920x1080.jpg?blurred=false"></icon><desc>Vivo Live Pro Kabaddi Pre Match</desc><category></category></programme><programme channel="259" start="20221119135000 +0000" stop="20221119150000 +0000" catchup-id="899096382"><title>Vivo Live Pro Kabaddi UP V JAI</title><date></date><icon src="https://images.tv.kpn.com/epg/tQRQpLgtNTO0v1am66A13jss5dasIDqtVPHIX1I1FR8/1920x1080.jpg?blurred=false"></icon><desc>Vivo Live Pro Kabaddi UP V JAI</desc><category></category></programme><programme channel="259" start="20221119150000 +0000" stop="20221119160000 +0000" catchup-id="899096385"><title>Vivo Live Pro Kabaddi HYD V MUM</title><date></date><icon src="https://images.tv.kpn.com/epg/13YaSo1V9AkC3ZQ0apFQIYHj2NwDeC7RcL29BJ3XerXF0/1920x1080.jpg?blurred=false"></icon><desc>Vivo Live Pro Kabaddi HYD V MUM</desc><category></category></programme><programme channel="259" start="20221119160000 +0000" stop="20221119170000 +0000" catchup-id="899096388"><title>Vivo Live Pro Kabaddi DEL V PAR</title><date></date><icon src="https://images.tv.kpn.com/epg/tQRQpLgtNTO0v1am66A13jss5dasIDqtVPHIX1I1FR8/1920x1080.jpg?blurred=false"></icon><desc>Vivo Live Pro Kabaddi DEL V PAR</desc><category></category></programme><programme channel="259" start="20221119170000 +0000" stop="20221119172000 +0000" catchup-id="899096391"><title>Vivo Live Pro Kabaddi Post Match</title><date></date><icon src="https://images.tv.kpn.com/epg/OLqYeGH7HPSPSoRrWorwkhcAxus6z1cbeiR9AxA9BD9ARc/1920x1080.jpg?blurred=false"></icon><desc>Vivo Live Pro Kabaddi Post Match</desc><category></category></programme><programme channel="259" start="20221119172000 +0000" stop="20221119210000 +0000" catchup-id="899096397"><title>Dulhan Hum Le Jayenge</title><date></date><icon src="https://images.tv.kpn.com/epg/tQRQpLgtNTO0v1am66A13jss5dasIDqtVPHIX1I1FR8/1920x1080.jpg?blurred=false"></icon><desc>Sapna and Raja meet while touring Europe and fall in love. Raja sets out to impress all three of her uncles and marry her with their consent. Release Year: 2000 Director: David Dhawan</desc><category></category></programme><programme channel="259" start="20221119210000 +0000" stop="20221119233500 +0000" catchup-id="899096400"><title>Tadap</title><date></date><icon src="https://images.tv.kpn.com/epg/13YaSo1V9AkC3ZQ0apFQIYHj2NwDeC7RcL29BJ3XerXF0/1920x1080.jpg?blurred=false"></icon><desc>Ishana and Ramisa share a passionate relationship, but everything changes between them when Ramisa's father learns about their secret affair.</desc><category></category></programme><programme channel="259" start="20221119233500 +0000" stop="20221120021000 +0000" catchup-id="899139714"><title>Baaghi 3</title><date></date><icon src="https://images.tv.kpn.com/epg/13YaSo1V9AkC3ZQ0apFQIYHj2NwDeC7RcL29BJ3XerXF0/1920x1080.jpg?blurred=false"></icon><desc>Ronnie, a young man, shares a deep bond with Vikram, his elder brother and a policeman. When Vikram gets kidnapped in Syria while on a mission, Ronnie sets out to rescue him.</desc><category></category></programme><programme channel="259" start="20221120021000 +0000" stop="20221120042500 +0000" catchup-id="899139717"><title>Dum Maaro Dum (2011)</title><date></date><icon src="https://images.tv.kpn.com/epg/ipZ8kUXgET8qA81GFZwEcvAXDK8JEVnoIEotCBdEeT8/1920x1080.jpg?blurred=false"></icon><desc>ACP Vishnu is sent on a mission to investigate and clean the underbelly of Goa. During his investigation, he uncovers a huge racket and discovers the involvement of various politicians.</desc><category></category></programme><programme channel="259" start="20221120042500 +0000" stop="20221120060000 +0000" catchup-id="899270463"><title>D-Underworld (2005)</title><date></date><icon src="https://images.tv.kpn.com/epg/tQRQpLgtNTO0v1am66A13jss5dasIDqtVPHIX1I1FR8/1920x1080.jpg?blurred=false"></icon><desc>in this gangster flick, Deshu, a witness to murder, is trapped between the police and the criminal gang. The movie narrates his struggle to take over the gang and crown himself underworld king.</desc><category></category></programme><programme channel="259" start="20221120060000 +0000" stop="20221120070000 +0000" catchup-id="899139723"><title>Koffee With Karan S06</title><date></date><icon src="https://images.tv.kpn.com/epg/13YaSo1V9AkC3ZQ0apFQIYHj2NwDeC7RcL29BJ3XerXF0/1920x1080.jpg?blurred=false"></icon><desc>Karan Johar gets up close and personal with various celebrities and discusses their lives.</desc><category></category></programme><programme channel="259" start="20221120070000 +0000" stop="20221120094500 +0000" catchup-id="899139726"><title>Hadh Kar Di Aapne</title><date></date><icon src="https://images.tv.kpn.com/epg/tQRQpLgtNTO0v1am66A13jss5dasIDqtVPHIX1I1FR8/1920x1080.jpg?blurred=false"></icon><desc>Raj's obsessive pursuit comes in the way of getting his lady, but he manages to pursue his dreams and come up a winner. Release Year: 2000 Director: Manoj Agrawal</desc><category></category></programme><programme channel="259" start="20221120094500 +0000" stop="20221120133000 +0000" catchup-id="899139729"><title>Lamhe</title><date></date><icon src="https://images.tv.kpn.com/epg/OLqYeGH7HPSPSoRrWorwkhcAxus6z1cbeiR9AxA9BD9ARc/1920x1080.jpg?blurred=false"></icon><desc>Viren falls for Pallavi, but she marries Siddharth. The couple dies, leaving behind their daughter, who grows up to look just like her mother and falls in love with Viren. Release Year: 1991 Director: Yash Chopra Awards: Filmfare Awards- Best Film, Best ActreSS- SriDevi, Best Comedian- Anupam Kher, Best Story, Best Dialogue.</desc><category></category></programme><programme channel="259" start="20221120133000 +0000" stop="20221120135000 +0000" catchup-id="899139732"><title>Vivo Live Pro Kabaddi Pre Match</title><date></date><icon src="https://images.tv.kpn.com/epg/OLqYeGH7HPSPSoRrWorwkhcAxus6z1cbeiR9AxA9BD9ARc/1920x1080.jpg?blurred=false"></icon><desc>Vivo Live Pro Kabaddi Pre Match</desc><category></category></programme><programme channel="259" start="20221120135000 +0000" stop="20221120150000 +0000" catchup-id="899139735"><title>Vivo Live Pro Kabaddi HAR V DEL</title><date></date><icon src="https://images.tv.kpn.com/epg/13YaSo1V9AkC3ZQ0apFQIYHj2NwDeC7RcL29BJ3XerXF0/1920x1080.jpg?blurred=false"></icon><desc>Vivo Live Pro Kabaddi HAR V DEL</desc><category></category></programme><programme channel="259" start="20221120150000 +0000" stop="20221120160000 +0000" catchup-id="899139738"><title>Vivo Live Pro Kabaddi BLR V PUN</title><date></date><icon src="https://images.tv.kpn.com/epg/ipZ8kUXgET8qA81GFZwEcvAXDK8JEVnoIEotCBdEeT8/1920x1080.jpg?blurred=false"></icon><desc>Vivo Live Pro Kabaddi BLR V PUN</desc><category></category></programme><programme channel="259" start="20221120160000 +0000" stop="20221120162000 +0000" catchup-id="899139741"><title>Vivo Live Pro Kabaddi Post Match</title><date></date><icon src="https://images.tv.kpn.com/epg/ipZ8kUXgET8qA81GFZwEcvAXDK8JEVnoIEotCBdEeT8/1920x1080.jpg?blurred=false"></icon><desc>Vivo Live Pro Kabaddi Post Match</desc><category></category></programme><programme channel="259" start="20221120162000 +0000" stop="20221120172000 +0000" catchup-id="899139744"><title>Koffee With Karan S06</title><date></date><icon src="https://images.tv.kpn.com/epg/ipZ8kUXgET8qA81GFZwEcvAXDK8JEVnoIEotCBdEeT8/1920x1080.jpg?blurred=false"></icon><desc>Karan is back with the sixth season of Koffee With Karan. Alia and Deepika grace the couch in the season opener and discuss their beaus, spill some beans and talk about their guilty pleasures.</desc><category></category></programme><programme channel="259" start="20221120172000 +0000" stop="20221120210000 +0000" catchup-id="899139747"><title>Dil To Pagal Hai</title><date></date><icon src="https://images.tv.kpn.com/epg/tQRQpLgtNTO0v1am66A13jss5dasIDqtVPHIX1I1FR8/1920x1080.jpg?blurred=false"></icon><desc>Rahul, dancer-director of a dance troupe, is attracted to Pooja. His best friend Nisha is secretly in love with him. Release Year: 1997 Director: Yash Chopra Awards: Filmfare Awards- Best Film, Best Actor- Shah Rukh khan, best actreSSw- Madhuri Dixit, best ActreSS in a Supporting role- Karisma Kapoor, Best Music director- Uttam Singh, Best Dialogue, Best Art direction. Silver Lotus Awards- best supporting ActreSS- Karisma Kapoor.</desc><category></category></programme><programme channel="259" start="20221120210000 +0000" stop="20221121003000 +0000" catchup-id="899139750"><title>Vikram: Hitlist</title><date></date><icon src="https://images.tv.kpn.com/epg/tQRQpLgtNTO0v1am66A13jss5dasIDqtVPHIX1I1FR8/1920x1080.jpg?blurred=false"></icon><desc>A special agent investigates a murder committed by a masked group of serial killers. However, a tangled maze of clues soon leads him to the drug kingpin of Chennai.</desc><category></category></programme><programme channel="259" start="20221121003000 +0000" stop="20221121034000 +0000" catchup-id="899182194"><title>Pyar To Hona Hi Tha</title><date></date><icon src="https://images.tv.kpn.com/epg/13YaSo1V9AkC3ZQ0apFQIYHj2NwDeC7RcL29BJ3XerXF0/1920x1080.jpg?blurred=false"></icon><desc>Sanjana loves Rahul, but Rahul treats Sanjana as a friend. He is attracted to Nisha, and announces that he will be marrying her soon.</desc><category></category></programme><programme channel="259" start="20221121034000 +0000" stop="20221121060000 +0000" catchup-id="899182200"><title>Prague</title><date></date><icon src="https://images.tv.kpn.com/epg/ipZ8kUXgET8qA81GFZwEcvAXDK8JEVnoIEotCBdEeT8/1920x1080.jpg?blurred=false"></icon><desc>Chandan falls in love with Elena. Despite his love for her, he struggles to deal with his past and tries to overcome his growing insecurities. Release Year: 2013 Director: Ashish R. Shukla</desc><category></category></programme><programme channel="259" start="20221121060000 +0000" stop="20221121070500 +0000" catchup-id="899182206"><title>Koffee With Karan S06</title><date></date><icon src="https://images.tv.kpn.com/epg/13YaSo1V9AkC3ZQ0apFQIYHj2NwDeC7RcL29BJ3XerXF0/1920x1080.jpg?blurred=false"></icon><desc>Noted for its fresh and witty appeal, the show is hosted by Karan Johar where celebrities are interviewed in the show's trademark informal style.</desc><category></category></programme><programme channel="259" start="20221121070500 +0000" stop="20221121095000 +0000" catchup-id="899182212"><title>Hadh Kar Di Aapne</title><date></date><icon src="https://images.tv.kpn.com/epg/OLqYeGH7HPSPSoRrWorwkhcAxus6z1cbeiR9AxA9BD9ARc/1920x1080.jpg?blurred=false"></icon><desc>Raj's obsessive pursuit comes in the way of getting his lady, but he manages to pursue his dreams and come up a winner. Release Year: 2000 Director: Manoj Agrawal</desc><category></category></programme><programme channel="259" start="20221121095000 +0000" stop="20221121133000 +0000" catchup-id="899182218"><title>MS Dhoni - The Untold Story</title><date></date><icon src="https://images.tv.kpn.com/epg/13YaSo1V9AkC3ZQ0apFQIYHj2NwDeC7RcL29BJ3XerXF0/1920x1080.jpg?blurred=false"></icon><desc>M S Dhoni, a boy from Ranchi, aspires to play cricket for India. Though he initially tries to please his father by working for the Indian Railways, he ultimately decides to chase his dreams.</desc><category></category></programme><programme channel="259" start="20221121133000 +0000" stop="20221121135000 +0000" catchup-id="899182224"><title>Vivo Live Pro Kabaddi Pre Match</title><date></date><icon src="https://images.tv.kpn.com/epg/tQRQpLgtNTO0v1am66A13jss5dasIDqtVPHIX1I1FR8/1920x1080.jpg?blurred=false"></icon><desc>Vivo Live Pro Kabaddi Pre Match</desc><category></category></programme><programme channel="259" start="20221121135000 +0000" stop="20221121150000 +0000" catchup-id="899270466"><title>Vivo Live Pro Kabaddi CHE V KOL</title><date></date><icon src="https://images.tv.kpn.com/epg/tQRQpLgtNTO0v1am66A13jss5dasIDqtVPHIX1I1FR8/1920x1080.jpg?blurred=false"></icon><desc>Vivo Live Pro Kabaddi CHE V KOL</desc><category></category></programme><programme channel="259" start="20221121150000 +0000" stop="20221121160000 +0000" catchup-id="899270469"><title>Vivo Live Pro Kabaddi UP V GUJ</title><date></date><icon src="https://images.tv.kpn.com/epg/OLqYeGH7HPSPSoRrWorwkhcAxus6z1cbeiR9AxA9BD9ARc/1920x1080.jpg?blurred=false"></icon><desc>Vivo Live Pro Kabaddi UP V GUJ</desc><category></category></programme><programme channel="259" start="20221121160000 +0000" stop="20221121162000 +0000" catchup-id="899182242"><title>Vivo Live Pro Kabaddi Post Match</title><date></date><icon src="https://images.tv.kpn.com/epg/13YaSo1V9AkC3ZQ0apFQIYHj2NwDeC7RcL29BJ3XerXF0/1920x1080.jpg?blurred=false"></icon><desc>Vivo Live Pro Kabaddi Post Match</desc><category></category></programme><programme channel="259" start="20221121162000 +0000" stop="20221121183500 +0000" catchup-id="899182248"><title>Jolly LLB</title><date></date><icon src="https://images.tv.kpn.com/epg/ipZ8kUXgET8qA81GFZwEcvAXDK8JEVnoIEotCBdEeT8/1920x1080.jpg?blurred=false"></icon><desc>Jolly Arshad Warsi, a lawyer who wants to make it big in life like his idol Irani. But he ends up filing a Public Interest Litigation PIL against his own idol. Release Year: 2013 Director: Subhash Kapoor</desc><category></category></programme><programme channel="259" start="20221121183500 +0000" stop="20221121210000 +0000" catchup-id="899182254"><title>Dhoom</title><date></date><icon src="https://images.tv.kpn.com/epg/ipZ8kUXgET8qA81GFZwEcvAXDK8JEVnoIEotCBdEeT8/1920x1080.jpg?blurred=false"></icon><desc>Dhoom</desc><category></category></programme><programme channel="259" start="20221121210000 +0000" stop="20221121234000 +0000" catchup-id="899182260"><title>Talvar</title><date></date><icon src="https://images.tv.kpn.com/epg/tQRQpLgtNTO0v1am66A13jss5dasIDqtVPHIX1I1FR8/1920x1080.jpg?blurred=false"></icon><desc>An experienced investigator confronts several conflicting theories about the perpetrators of a violent double homicide. Release Year: 2015 Director: Meghna Gulzar</desc><category></category></programme><programme channel="259" start="20221121234000 +0000" stop="20221122022000 +0000" catchup-id="899225211"><title>Creature (2014)</title><date></date><icon src="https://images.tv.kpn.com/epg/ipZ8kUXgET8qA81GFZwEcvAXDK8JEVnoIEotCBdEeT8/1920x1080.jpg?blurred=false"></icon><desc>Ahana is the owner of a new hotel in the hills. She meets Kunal at the launch party and they fall in love. But, they are soon terrorised by a dinosaur-like creature that begins to kill the residents.</desc><category></category></programme><programme channel="259" start="20221122022000 +0000" stop="20221122045500 +0000" catchup-id="899225214"><title>C Kkompany</title><date></date><icon src="https://images.tv.kpn.com/epg/ipZ8kUXgET8qA81GFZwEcvAXDK8JEVnoIEotCBdEeT8/1920x1080.jpg?blurred=false"></icon><desc>2008 Comedy film revolves around three friends who on their luck men adapt an idea of extortion, only to find themselves in deep trouble. It stars Tusshar Kapoor, Raima, Rajpal Yadav and Anupam Kher. Release Year: 2008 Director: Sachin Yardi</desc><category></category></programme><programme channel="259" start="20221122045500 +0000" stop="20221122060000 +0000" catchup-id="899225220"><title>Koffee With Karan S06</title><date></date><icon src="https://images.tv.kpn.com/epg/13YaSo1V9AkC3ZQ0apFQIYHj2NwDeC7RcL29BJ3XerXF0/1920x1080.jpg?blurred=false"></icon><desc>Noted for its fresh and witty appeal, the show is hosted by Karan Johar where celebrities are interviewed in the show's trademark informal style.</desc><category></category></programme><programme channel="259" start="20221122060000 +0000" stop="20221122072500 +0000" catchup-id="899225223"><title>Bal Ganesh 3</title><date></date><icon src="https://images.tv.kpn.com/epg/13YaSo1V9AkC3ZQ0apFQIYHj2NwDeC7RcL29BJ3XerXF0/1920x1080.jpg?blurred=false"></icon><desc>A movie filled with action and thriller three times more this time! Watch our dear Bal Ganesh fight with the evil monsters and save the earth.</desc><category></category></programme><programme channel="259" start="20221122072500 +0000" stop="20221122105000 +0000" catchup-id="899225226"><title>Kabhi Kabhie</title><date></date><icon src="https://images.tv.kpn.com/epg/ipZ8kUXgET8qA81GFZwEcvAXDK8JEVnoIEotCBdEeT8/1920x1080.jpg?blurred=false"></icon><desc>Amit and Pooja love each other but their parents are against their relationship. They decide to marry as per their parents' wishes. Things take a turn when they meet again after many years. Release Year: 1976 Director: Yash Chopra Awards: Best Music Director: Khayyam, Best Lyricist: Sahir Ludhianvi, Best Playback Singer - Male: Mukesh, Best Screenplay: Sagar Sarhadi Filmfare Awards</desc><category></category></programme><programme channel="259" start="20221122105000 +0000" stop="20221122133000 +0000" catchup-id="899225229"><title>Jatt &amp; Juliet</title><date></date><icon src="https://images.tv.kpn.com/epg/13YaSo1V9AkC3ZQ0apFQIYHj2NwDeC7RcL29BJ3XerXF0/1920x1080.jpg?blurred=false"></icon><desc>Fateh Singh, who wants to marry a Canadian, meets Pooja, who wants to study in Canada. Though they don't get along initially, they soon find themselves drawn to each other.</desc><category></category></programme><programme channel="259" start="20221122133000 +0000" stop="20221122135000 +0000" catchup-id="899225232"><title>Vivo Live Pro Kabaddi Pre Match</title><date></date><icon src="https://images.tv.kpn.com/epg/OLqYeGH7HPSPSoRrWorwkhcAxus6z1cbeiR9AxA9BD9ARc/1920x1080.jpg?blurred=false"></icon><desc>Vivo Live Pro Kabaddi Pre Match</desc><category></category></programme><programme channel="259" start="20221122135000 +0000" stop="20221122150000 +0000" catchup-id="899270472"><title>Vivo Live Pro Kabaddi MUM V CHE</title><date></date><icon src="https://images.tv.kpn.com/epg/OLqYeGH7HPSPSoRrWorwkhcAxus6z1cbeiR9AxA9BD9ARc/1920x1080.jpg?blurred=false"></icon><desc>Vivo Live Pro Kabaddi MUM V CHE</desc><category></category></programme><programme channel="259" start="20221122150000 +0000" stop="20221122160000 +0000" catchup-id="899270475"><title>Vivo Live Pro Kabaddi HYD V PAT</title><date></date><icon src="https://images.tv.kpn.com/epg/ipZ8kUXgET8qA81GFZwEcvAXDK8JEVnoIEotCBdEeT8/1920x1080.jpg?blurred=false"></icon><desc>Vivo Live Pro Kabaddi HYD V PAT</desc><category></category></programme><programme channel="259" start="20221122160000 +0000" stop="20221122162000 +0000" catchup-id="899225241"><title>Vivo Live Pro Kabaddi Post Match</title><date></date><icon src="https://images.tv.kpn.com/epg/13YaSo1V9AkC3ZQ0apFQIYHj2NwDeC7RcL29BJ3XerXF0/1920x1080.jpg?blurred=false"></icon><desc>Vivo Live Pro Kabaddi Post Match</desc><category></category></programme><programme channel="259" start="20221122162000 +0000" stop="20221122172500 +0000" catchup-id="899225244"><title>Vivo Pro Kabaddi League JAI V MUM</title><date></date><icon src="https://images.tv.kpn.com/epg/ipZ8kUXgET8qA81GFZwEcvAXDK8JEVnoIEotCBdEeT8/1920x1080.jpg?blurred=false"></icon><desc>Vivo Pro Kabaddi League JAI V MUM</desc><category></category></programme><programme channel="259" start="20221122172500 +0000" stop="20221122210000 +0000" catchup-id="899225247"><title>Chandni</title><date></date><icon src="https://images.tv.kpn.com/epg/OLqYeGH7HPSPSoRrWorwkhcAxus6z1cbeiR9AxA9BD9ARc/1920x1080.jpg?blurred=false"></icon><desc>Chandni's fiance, Rohit, is paralysed in an accident and she is forced to relocate to Mumbai where her boss, Lalit, falls for her. However, she faces a dilemma when Rohit returns and woos her too. Release Year: 1989 Director: Yash Chopra Awards: Filmfare Awards- Best Cinematographer- Manmohan Singh</desc><category></category></programme><programme channel="259" start="20221122210000 +0000" stop="20221122231000 +0000" catchup-id="899225250"><title>Mardaani 2</title><date></date><icon src="https://images.tv.kpn.com/epg/ipZ8kUXgET8qA81GFZwEcvAXDK8JEVnoIEotCBdEeT8/1920x1080.jpg?blurred=false"></icon><desc>Shivani Shivaji Roy locks horns with the devil incarnate, a young and remorseless serial killer who is raping and murdering young women.</desc><category></category></programme><programme channel="259" start="20221122231000 +0000" stop="20221123022000 +0000" catchup-id="899270478"><title>Darbar</title><date></date><icon src="https://images.tv.kpn.com/epg/OLqYeGH7HPSPSoRrWorwkhcAxus6z1cbeiR9AxA9BD9ARc/1920x1080.jpg?blurred=false"></icon><desc>A police officer on a chase to hunt down a dreaded gangster for fulfilling his own secret agenda.</desc><category></category></programme><programme channel="259" start="20221123022000 +0000" stop="20221123044500 +0000" catchup-id="899270481"><title>Chal Chala Chal</title><date></date><icon src="https://images.tv.kpn.com/epg/OLqYeGH7HPSPSoRrWorwkhcAxus6z1cbeiR9AxA9BD9ARc/1920x1080.jpg?blurred=false"></icon><desc>2009 Comedy story of a simpleton, Deepak Govinda, gets into business with a ramshackle bus. Alas, the fates, his family and even his love interest, Payal Reema Sen, conspire against him. Release Year: 2009 Director: Santosh Sivan</desc><category></category></programme><programme channel="259" start="20221123044500 +0000" stop="20221123060000 +0000" catchup-id="899270484"><title>Bal Ganesh 3</title><date></date><icon src="https://images.tv.kpn.com/epg/OLqYeGH7HPSPSoRrWorwkhcAxus6z1cbeiR9AxA9BD9ARc/1920x1080.jpg?blurred=false"></icon><desc>A movie filled with action and thriller three times more this time! Watch our dear Bal Ganesh fight with the evil monsters and save the earth.</desc><category></category></programme><programme channel="259" start="20221123060000 +0000" stop="20221123095000 +0000" catchup-id="899270487"><title>Waqt</title><date></date><icon src="https://images.tv.kpn.com/epg/13YaSo1V9AkC3ZQ0apFQIYHj2NwDeC7RcL29BJ3XerXF0/1920x1080.jpg?blurred=false"></icon><desc>An earthquake tears a businessman's family apart. Years later, they reunite in a courtroom trial where the father meets his sons under unprecedented circumstances. Release Year: 1965 Director: Yash Chopra</desc><category></category></programme><programme channel="259" start="20221123095000 +0000" stop="20221123133000 +0000" catchup-id="899270490"><title>Baghban</title><date></date><icon src="https://images.tv.kpn.com/epg/ipZ8kUXgET8qA81GFZwEcvAXDK8JEVnoIEotCBdEeT8/1920x1080.jpg?blurred=false"></icon><desc>Story of an elderly couple who are thought of as a burden by their children. How do they retain their dignity? Release Year: 2003 Director: Ravi Chopra Awards: Screen Weekly Awards- Jodi no.1- Amitabh Bachchan and Hema Malini, Best Actor- Amitabh Bachchan , Best ActreSS- Hema Malini. Zee Cine Awards- Best Sound Re-recording.</desc><category></category></programme><programme channel="259" start="20221123133000 +0000" stop="20221123135000 +0000" catchup-id="899270493"><title>Vivo Live Pro Kabaddi Pre Match</title><date></date><icon src="https://images.tv.kpn.com/epg/OLqYeGH7HPSPSoRrWorwkhcAxus6z1cbeiR9AxA9BD9ARc/1920x1080.jpg?blurred=false"></icon><desc>Vivo Live Pro Kabaddi Pre Match</desc><category></category></programme><programme channel="259" start="20221123135000 +0000" stop="20221123150000 +0000" catchup-id="899270496"><title>Vivo Live Pro Kabaddi JAI V PUN</title><date></date><icon src="https://images.tv.kpn.com/epg/ipZ8kUXgET8qA81GFZwEcvAXDK8JEVnoIEotCBdEeT8/1920x1080.jpg?blurred=false"></icon><desc>Vivo Live Pro Kabaddi JAI V PUN</desc><category></category></programme><programme channel="259" start="20221123150000 +0000" stop="20221123160000 +0000" catchup-id="899270499"><title>Vivo Live Pro Kabaddi KOL V BLR</title><date></date><icon src="https://images.tv.kpn.com/epg/ipZ8kUXgET8qA81GFZwEcvAXDK8JEVnoIEotCBdEeT8/1920x1080.jpg?blurred=false"></icon><desc>Vivo Live Pro Kabaddi KOL V BLR</desc><category></category></programme><programme channel="259" start="20221123160000 +0000" stop="20221123162000 +0000" catchup-id="899270502"><title>Vivo Live Pro Kabaddi Post Match</title><date></date><icon src="https://images.tv.kpn.com/epg/ipZ8kUXgET8qA81GFZwEcvAXDK8JEVnoIEotCBdEeT8/1920x1080.jpg?blurred=false"></icon><desc>Vivo Live Pro Kabaddi Post Match</desc><category></category></programme><programme channel="259" start="20221123162000 +0000" stop="20221123164500 +0000" catchup-id="899270505"><title>Chalo Jeete Hain</title><date></date><icon src="https://images.tv.kpn.com/epg/OLqYeGH7HPSPSoRrWorwkhcAxus6z1cbeiR9AxA9BD9ARc/1920x1080.jpg?blurred=false"></icon><desc>An impressionable boy is struck hard by Swami Vivekananda's quote, 'Wahi jeete hain, jo doosro ke liye jeete hain.' On the quest for purpose of life, he tries to pursue what he can do for others.</desc><category></category></programme><programme channel="259" start="20221123164500 +0000" stop="20221123210000 +0000" catchup-id="899270508"><title>Mohabbatein</title><date></date><icon src="https://images.tv.kpn.com/epg/OLqYeGH7HPSPSoRrWorwkhcAxus6z1cbeiR9AxA9BD9ARc/1920x1080.jpg?blurred=false"></icon><desc>Mohabbatein</desc><category></category></programme><programme channel="259" start="20221123210000 +0000" stop="20221123232500 +0000" catchup-id="899270511"><title>Neerja</title><date></date><icon src="https://images.tv.kpn.com/epg/13YaSo1V9AkC3ZQ0apFQIYHj2NwDeC7RcL29BJ3XerXF0/1920x1080.jpg?blurred=false"></icon><desc>Neerja is a story of the courageous Neerja Bhanot, who sacrificed her life while protecting the lives of 359 passengers on the flight in 1986. Release Year: 2016 Director: Ram Madhvani</desc><category></category></programme><programme channel="259" start="20221123232500 +0000" stop="20221124022500 +0000" catchup-id="899317227"><title>Kaala Karikalan</title><date></date><icon src="https://images.tv.kpn.com/epg/tQRQpLgtNTO0v1am66A13jss5dasIDqtVPHIX1I1FR8/1920x1080.jpg?blurred=false"></icon><desc>Karikaalan, a resident of Dharavi, unites the people living in his area to stand up against Hari Bhau, a ruthless politician, who dreams of taking over their land.</desc><category></category></programme><programme channel="259" start="20221124022500 +0000" stop="20221124043500 +0000" catchup-id="899317233"><title>Chhapaak</title><date></date><icon src="https://images.tv.kpn.com/epg/13YaSo1V9AkC3ZQ0apFQIYHj2NwDeC7RcL29BJ3XerXF0/1920x1080.jpg?blurred=false"></icon><desc>A young woman tries to rebuild her life after a man throws acid in her face on a public street in New Delhi in 2005.</desc><category></category></programme><programme channel="259" start="20221124043500 +0000" stop="20221124060000 +0000" catchup-id="899582826"><title>Bal Ganesh 3</title><date></date><icon src="https://images.tv.kpn.com/epg/OLqYeGH7HPSPSoRrWorwkhcAxus6z1cbeiR9AxA9BD9ARc/1920x1080.jpg?blurred=false"></icon><desc>A movie filled with action and thriller three times more this time! Watch our dear Bal Ganesh fight with the evil monsters and save the earth.</desc><category></category></programme><programme channel="259" start="20221124060000 +0000" stop="20221124090500 +0000" catchup-id="899317248"><title>Pyar Hua Chori Chori (1991)</title><date></date><icon src="https://images.tv.kpn.com/epg/OLqYeGH7HPSPSoRrWorwkhcAxus6z1cbeiR9AxA9BD9ARc/1920x1080.jpg?blurred=false"></icon><desc>A simple man named Vijay is hired by a lawyer to act as the husband of Radha, a spoiled girl from a rich family. However, a dark secret from Vijay's past soon puts him in prison.</desc><category></category></programme><programme channel="259" start="20221124090500 +0000" stop="20221124121000 +0000" catchup-id="899317254"><title>Kya Kool Hai Hum</title><date></date><icon src="https://images.tv.kpn.com/epg/ipZ8kUXgET8qA81GFZwEcvAXDK8JEVnoIEotCBdEeT8/1920x1080.jpg?blurred=false"></icon><desc>Rahul and Karan's dream turns into nightmare when one is accused of being a serial killer and the other romances his boss' ex-girlfriend.</desc><category></category></programme><programme channel="259" start="20221124121000 +0000" stop="20221124145500 +0000" catchup-id="899317266"><title>Hero No. 1</title><date></date><icon src="https://images.tv.kpn.com/epg/13YaSo1V9AkC3ZQ0apFQIYHj2NwDeC7RcL29BJ3XerXF0/1920x1080.jpg?blurred=false"></icon><desc>1997/Comedy Wealthy Rajesh Govinda loves Dinanath's granddaughter Meena Karishma Kapoor. Due to a family feud he cannot marry her and decides to enter Meena's house as a servant to win approval. Release Year: 1997 Director: David Dhawan</desc><category></category></programme><programme channel="259" start="20221124145500 +0000" stop="20221124172000 +0000" catchup-id="899317275"><title>Sarkar Raj</title><date></date><icon src="https://images.tv.kpn.com/epg/OLqYeGH7HPSPSoRrWorwkhcAxus6z1cbeiR9AxA9BD9ARc/1920x1080.jpg?blurred=false"></icon><desc>Maharashtra's most powerful family faces conflict when Vishnu departs, never to return. The evil forces gang up to bring down the regime of Sarkar. Release Year: 2008 Director: Ram Gopal Varma</desc><category></category></programme><programme channel="259" start="20221124172000 +0000" stop="20221124210000 +0000" catchup-id="899317290"><title>Dil To Pagal Hai</title><date></date><icon src="https://images.tv.kpn.com/epg/13YaSo1V9AkC3ZQ0apFQIYHj2NwDeC7RcL29BJ3XerXF0/1920x1080.jpg?blurred=false"></icon><desc>Rahul, dancer-director of a dance troupe, is attracted to Pooja. His best friend Nisha is secretly in love with him. Release Year: 1997 Director: Yash Chopra Awards: Filmfare Awards- Best Film, Best Actor- Shah Rukh khan, best actreSSw- Madhuri Dixit, best ActreSS in a Supporting role- Karisma Kapoor, Best Music director- Uttam Singh, Best Dialogue, Best Art direction. Silver Lotus Awards- best supporting ActreSS- Karisma Kapoor.</desc><category></category></programme><programme channel="259" start="20221124210000 +0000" stop="20221124234000 +0000" catchup-id="899317299"><title>Pink</title><date></date><icon src="https://images.tv.kpn.com/epg/OLqYeGH7HPSPSoRrWorwkhcAxus6z1cbeiR9AxA9BD9ARc/1920x1080.jpg?blurred=false"></icon><desc>2016 Courtroom drama. When three young women Taapsee, Kirti and Andrea are involved in a crime, then a retired lawyer Amitabh Bachchan steps forward to help them clear their names. Release Year: 2016 Director: Aniruddha Roy Chowdhury</desc><category></category></programme><programme channel="259" start="20221124234000 +0000" stop="20221125024500 +0000" catchup-id="899367378"><title>Housefull 2</title><date></date><icon src="https://images.tv.kpn.com/epg/ipZ8kUXgET8qA81GFZwEcvAXDK8JEVnoIEotCBdEeT8/1920x1080.jpg?blurred=false"></icon><desc>Four men Akshay, John, Ritesh and Shreyas, who help each other to fool their prospective father-in-laws creating a cascade of confusion and mayhem. Film also stars Asin and Jacquiline. Release Year: 2012 Director: Sajid Khan Awards: Zee Cine Awards- Power Club - Box Office Award- Sajid Khan. Stardust Awards- Star of the Year - Male- Akshay Kumar, People's Choice Awards- Favorite Comedy Movie, Favorite Comedy Movie Star</desc><category></category></programme><programme channel="259" start="20221125024500 +0000" stop="20221125053000 +0000" catchup-id="899367381"><title>Dhol</title><date></date><icon src="https://images.tv.kpn.com/epg/13YaSo1V9AkC3ZQ0apFQIYHj2NwDeC7RcL29BJ3XerXF0/1920x1080.jpg?blurred=false"></icon><desc>Four friends set out in their individual plans to marry wealthy Ritu Tanushree. Their plan however goes horribly wrong after they get embroiled with a notorious criminal. Release Year: 2007 Director: Priyadarshan</desc><category></category></programme><programme channel="259" start="20221125053000 +0000" stop="20221125060000 +0000" catchup-id="899367387"><title>Chalo Jeete Hai</title><date></date><icon src="https://images.tv.kpn.com/epg/13YaSo1V9AkC3ZQ0apFQIYHj2NwDeC7RcL29BJ3XerXF0/1920x1080.jpg?blurred=false"></icon><desc>An impressionable young boy, Naru's pursuit of the meaning of life by doing the most he can for others. This film is inspired by true life events from Indian PM Modi's life.</desc><category></category></programme><programme channel="259" start="20221125060000 +0000" stop="20221125083500 +0000" catchup-id="899367390"><title>Club 60</title><date></date><icon src="https://images.tv.kpn.com/epg/13YaSo1V9AkC3ZQ0apFQIYHj2NwDeC7RcL29BJ3XerXF0/1920x1080.jpg?blurred=false"></icon><desc>A neurosurgeon and his wife move to Mumbai after losing their son. The doctor is soon invited to join a club run by a few senior, flamboyant men. Release Year: 2013 Director: Sanjay Tripathy Awards: Most Entertaining Actor in a Social - Drama Film : Sarika BIG Star Entertainment Awards; Best Ensemble Cast Screen Weekly Awards</desc><category></category></programme><programme channel="259" start="20221125083500 +0000" stop="20221125105500 +0000" catchup-id="899367393"><title>Pyaar Ke Side Effects</title><date></date><icon src="https://images.tv.kpn.com/epg/tQRQpLgtNTO0v1am66A13jss5dasIDqtVPHIX1I1FR8/1920x1080.jpg?blurred=false"></icon><desc>A romantic comedy where two strangers meet and disappear, only to unite months later in the most unexpected way. Release Year: 2006 Director: Saket Chaudhary Awards: World Fest-Houston International Film Festival- Remi Award for Creative Excellence</desc><category></category></programme><programme channel="259" start="20221125105500 +0000" stop="20221125133000 +0000" catchup-id="899367396"><title>Legend Of Michel Mishra</title><date></date><icon src="https://images.tv.kpn.com/epg/tQRQpLgtNTO0v1am66A13jss5dasIDqtVPHIX1I1FR8/1920x1080.jpg?blurred=false"></icon><desc>As a child, Bhaiyyaji, a Bihari tailor-turned-kidnapper, falls in love with Varsa. When she moves to Mumbai to become an actress, he tries to discard his criminal image.</desc><category></category></programme><programme channel="259" start="20221125133000 +0000" stop="20221125135000 +0000" catchup-id="899367399"><title>Vivo Live Pro Kabaddi Pre Match</title><date></date><icon src="https://images.tv.kpn.com/epg/tQRQpLgtNTO0v1am66A13jss5dasIDqtVPHIX1I1FR8/1920x1080.jpg?blurred=false"></icon><desc>Vivo Live Pro Kabaddi Pre Match</desc><category></category></programme><programme channel="259" start="20221125135000 +0000" stop="20221125150000 +0000" catchup-id="899367402"><title>Vivo Live Pro Kabaddi GUJ V DEL</title><date></date><icon src="https://images.tv.kpn.com/epg/OLqYeGH7HPSPSoRrWorwkhcAxus6z1cbeiR9AxA9BD9ARc/1920x1080.jpg?blurred=false"></icon><desc>Vivo Live Pro Kabaddi GUJ V DEL</desc><category></category></programme><programme channel="259" start="20221125150000 +0000" stop="20221125160000 +0000" catchup-id="899367405"><title>Vivo Live Pro Kabaddi JAI V CHE</title><date></date><icon src="https://images.tv.kpn.com/epg/OLqYeGH7HPSPSoRrWorwkhcAxus6z1cbeiR9AxA9BD9ARc/1920x1080.jpg?blurred=false"></icon><desc>Vivo Live Pro Kabaddi JAI V CHE</desc><category></category></programme><programme channel="259" start="20221125160000 +0000" stop="20221125170000 +0000" catchup-id="899367408"><title>Vivo Live Pro Kabaddi HAR V PAT</title><date></date><icon src="https://images.tv.kpn.com/epg/OLqYeGH7HPSPSoRrWorwkhcAxus6z1cbeiR9AxA9BD9ARc/1920x1080.jpg?blurred=false"></icon><desc>Vivo Live Pro Kabaddi HAR V PAT</desc><category></category></programme><programme channel="259" start="20221125170000 +0000" stop="20221125172000 +0000" catchup-id="899367411"><title>Vivo Live Pro Kabaddi Post Match</title><date></date><icon src="https://images.tv.kpn.com/epg/ipZ8kUXgET8qA81GFZwEcvAXDK8JEVnoIEotCBdEeT8/1920x1080.jpg?blurred=false"></icon><desc>Vivo Live Pro Kabaddi Post Match</desc><category></category></programme><programme channel="259" start="20221125172000 +0000" stop="20221125181000 +0000" catchup-id="899367414"><title>Vivo Pro Kabaddi League DEL V UP</title><date></date><icon src="https://images.tv.kpn.com/epg/ipZ8kUXgET8qA81GFZwEcvAXDK8JEVnoIEotCBdEeT8/1920x1080.jpg?blurred=false"></icon><desc>Vivo Pro Kabaddi League DEL V UP</desc><category></category></programme><programme channel="259" start="20221125181000 +0000" stop="20221125210000 +0000" catchup-id="899367417"><title>Gunday (2014)</title><date></date><icon src="https://images.tv.kpn.com/epg/tQRQpLgtNTO0v1am66A13jss5dasIDqtVPHIX1I1FR8/1920x1080.jpg?blurred=false"></icon><desc>Bikram and Bala aspire to take over the coal mafia. However, they fall in love with the same woman, which leads to a rift forming between the two.</desc><category></category></programme><programme channel="259" start="20221125210000 +0000" stop="20221125233500 +0000" catchup-id="899367420"><title>Helicopter Eela</title><date></date><icon src="https://images.tv.kpn.com/epg/tQRQpLgtNTO0v1am66A13jss5dasIDqtVPHIX1I1FR8/1920x1080.jpg?blurred=false"></icon><desc>An aspiring singer and single mother, Eela gives up her dream for her son. Years later, when she joins him in college to make-up for what's lost, she smothers him with attention he doesn't crave for.</desc><category></category></programme><programme channel="259" start="20221125233500 +0000" stop="20221126022000 +0000" catchup-id="899409798"><title>Fukrey</title><date></date><icon src="https://images.tv.kpn.com/epg/13YaSo1V9AkC3ZQ0apFQIYHj2NwDeC7RcL29BJ3XerXF0/1920x1080.jpg?blurred=false"></icon><desc>4 college friends come across an array of colourful characters, from a tough-talking Punjabi female don to a jugaad baaz college watchman. Release Year: 2013 Director: Mrigdeep Singh Lamba Awards: Best Performance in a Comic Role Varun Sharma Tied with Arshad Warsi for Jolly LLB 2013.Best Dialogue Vipul Vig Mrigdeep Singh Lamba</desc><category></category></programme><programme channel="259" start="20221126022000 +0000" stop="20221126042500 +0000" catchup-id="899409804"><title>Contract</title><date></date><icon src="https://images.tv.kpn.com/epg/OLqYeGH7HPSPSoRrWorwkhcAxus6z1cbeiR9AxA9BD9ARc/1920x1080.jpg?blurred=false"></icon><desc>An ex-commando man, Aman, loses his wife and daughter in a terrorist attack. A top undercover cop then collaborates with Aman against terrorism. Release Year: 2008 Director: Ram Gopal Varma</desc><category></category></programme><programme channel="259" start="20221126042500 +0000" stop="20221126060000 +0000" catchup-id="899716266"><title>Mantra</title><date></date><icon src="https://images.tv.kpn.com/epg/ipZ8kUXgET8qA81GFZwEcvAXDK8JEVnoIEotCBdEeT8/1920x1080.jpg?blurred=false"></icon><desc>Story of a businessman Kapil Kapoor Rajat Kapoor in the backdrop of changing India in the first decade of the new millennium. The film also stars Kalki Koechlin. Release Year: 2017 Director: Nicholas Kharkongor</desc><category></category></programme><programme channel="259" start="20221126060000 +0000" stop="20221126075500 +0000" catchup-id="899409816"><title>O Teri</title><date></date><icon src="https://images.tv.kpn.com/epg/ipZ8kUXgET8qA81GFZwEcvAXDK8JEVnoIEotCBdEeT8/1920x1080.jpg?blurred=false"></icon><desc>While searching for a story to prove a point, two TV reporters discover a corpse in their car!</desc><category></category></programme><programme channel="259" start="20221126075500 +0000" stop="20221126103500 +0000" catchup-id="899409822"><title>Just Married</title><date></date><icon src="https://images.tv.kpn.com/epg/OLqYeGH7HPSPSoRrWorwkhcAxus6z1cbeiR9AxA9BD9ARc/1920x1080.jpg?blurred=false"></icon><desc>A newly-wed couple face and try to overcome many hurdles amidst the obvious awkwardness and newness. Release Year: 2007 Director: Meghna Gulzar</desc><category></category></programme><programme channel="259" start="20221126103500 +0000" stop="20221126133000 +0000" catchup-id="899409828"><title>Bol Bachchan</title><date></date><icon src="https://images.tv.kpn.com/epg/13YaSo1V9AkC3ZQ0apFQIYHj2NwDeC7RcL29BJ3XerXF0/1920x1080.jpg?blurred=false"></icon><desc>Bol Bachchan</desc><category></category></programme><programme channel="259" start="20221126133000 +0000" stop="20221126135000 +0000" catchup-id="899409837"><title>Vivo Live Pro Kabaddi Pre Match</title><date></date><icon src="https://images.tv.kpn.com/epg/13YaSo1V9AkC3ZQ0apFQIYHj2NwDeC7RcL29BJ3XerXF0/1920x1080.jpg?blurred=false"></icon><desc>Vivo Live Pro Kabaddi Pre Match</desc><category></category></programme><programme channel="259" start="20221126135000 +0000" stop="20221126150000 +0000" catchup-id="899716269"><title>Vivo Pro Kabaddi League Live MUM V KOL</title><date></date><icon src="https://images.tv.kpn.com/epg/OLqYeGH7HPSPSoRrWorwkhcAxus6z1cbeiR9AxA9BD9ARc/1920x1080.jpg?blurred=false"></icon><desc>Vivo Pro Kabaddi League Live MUM V KOL</desc><category></category></programme><programme channel="259" start="20221126150000 +0000" stop="20221126160000 +0000" catchup-id="899716272"><title>Vivo Pro Kabaddi League Live PUN V HYD</title><date></date><icon src="https://images.tv.kpn.com/epg/13YaSo1V9AkC3ZQ0apFQIYHj2NwDeC7RcL29BJ3XerXF0/1920x1080.jpg?blurred=false"></icon><desc>Vivo Pro Kabaddi League Live PUN V HYD</desc><category></category></programme><programme channel="259" start="20221126160000 +0000" stop="20221126170000 +0000" catchup-id="899409852"><title>Vivo Live Pro Kabaddi UP V PAT</title><date></date><icon src="https://images.tv.kpn.com/epg/OLqYeGH7HPSPSoRrWorwkhcAxus6z1cbeiR9AxA9BD9ARc/1920x1080.jpg?blurred=false"></icon><desc>Vivo Live Pro Kabaddi UP V PAT</desc><category></category></programme><programme channel="259" start="20221126170000 +0000" stop="20221126172000 +0000" catchup-id="899409858"><title>Vivo Live Pro Kabaddi Post Match</title><date></date><icon src="https://images.tv.kpn.com/epg/ipZ8kUXgET8qA81GFZwEcvAXDK8JEVnoIEotCBdEeT8/1920x1080.jpg?blurred=false"></icon><desc>Vivo Live Pro Kabaddi Post Match</desc><category></category></programme><programme channel="259" start="20221126172000 +0000" stop="20221126210000 +0000" catchup-id="899409870"><title>Dhoom 3</title><date></date><icon src="https://images.tv.kpn.com/epg/ipZ8kUXgET8qA81GFZwEcvAXDK8JEVnoIEotCBdEeT8/1920x1080.jpg?blurred=false"></icon><desc>Sahir, a circus entertainer, robs a bank in Chicago in order to avenge his father's death. His troubles increase when inspector Jai and Ali suspect him. Release Year: 2013</desc><category></category></programme><programme channel="259" start="20221126210000 +0000" stop="20221127000000 +0000" catchup-id="899716275"><title>Vikrant Rona</title><date></date><icon src="https://images.tv.kpn.com/epg/13YaSo1V9AkC3ZQ0apFQIYHj2NwDeC7RcL29BJ3XerXF0/1920x1080.jpg?blurred=false"></icon><desc>Almost half a century ago, a remote village in the middle of a tropical rainforest starts witnessing a series of unexplainable events which they attribute to the supernatural.</desc><category></category></programme><programme channel="259" start="20221127000000 +0000" stop="20221127024300 +0000" catchup-id="899452653"><title>Murder 3</title><date></date><icon src="https://images.tv.kpn.com/epg/OLqYeGH7HPSPSoRrWorwkhcAxus6z1cbeiR9AxA9BD9ARc/1920x1080.jpg?blurred=false"></icon><desc>Nisha unearths secrets about the disappearance of Vikram's ex girlfriend soon after moving into his old palatial house. Release Year: 2013 Director: Vishesh Bhatt</desc><category></category></programme><programme channel="259" start="20221127024300 +0000" stop="20221127060000 +0000" catchup-id="899452656"><title>David</title><date></date><icon src="https://images.tv.kpn.com/epg/tQRQpLgtNTO0v1am66A13jss5dasIDqtVPHIX1I1FR8/1920x1080.jpg?blurred=false"></icon><desc>Three different men named David, who are about to take a step which is going to change their lives forever. It stars Vikram, Neil Nitin Mukesh and Tabu. Release Year: 2013 Director: Bejoy Nambiar</desc><category></category></programme><programme channel="259" start="20221127060000 +0000" stop="20221127075000 +0000" catchup-id="899452665"><title>Traffic</title><date></date><icon src="https://images.tv.kpn.com/epg/OLqYeGH7HPSPSoRrWorwkhcAxus6z1cbeiR9AxA9BD9ARc/1920x1080.jpg?blurred=false"></icon><desc>A thriller based various real incidents that happened at a crowded traffic junction in Kochi. Inspired from the real events that happened in Chennai. Release Year: 2016 Director: Rajesh Pillai</desc><category></category></programme><programme channel="259" start="20221127075000 +0000" stop="20221127105500 +0000" catchup-id="899452668"><title>Raja Babu (1994)</title><date></date><icon src="https://images.tv.kpn.com/epg/tQRQpLgtNTO0v1am66A13jss5dasIDqtVPHIX1I1FR8/1920x1080.jpg?blurred=false"></icon><desc>Raja, an orphan, is adopted by a rich village couple. Later, he falls in love with a city girl. But she walks out on him on after learning that he is not as sophisticated as he portrays himself to be.</desc><category></category></programme><programme channel="259" start="20221127105500 +0000" stop="20221127133000 +0000" catchup-id="899452674"><title>Lootcase</title><date></date><icon src="https://images.tv.kpn.com/epg/13YaSo1V9AkC3ZQ0apFQIYHj2NwDeC7RcL29BJ3XerXF0/1920x1080.jpg?blurred=false"></icon><desc>What will you do if you find a bag full of cash? Nandan Kumar faces a similar dilemma when a bag triggers a chain of chaos in his life.</desc><category></category></programme><programme channel="259" start="20221127133000 +0000" stop="20221127135000 +0000" catchup-id="899452680"><title>Vivo Live Pro Kabaddi Pre Match</title><date></date><icon src="https://images.tv.kpn.com/epg/tQRQpLgtNTO0v1am66A13jss5dasIDqtVPHIX1I1FR8/1920x1080.jpg?blurred=false"></icon><desc>Vivo Live Pro Kabaddi Pre Match</desc><category></category></programme><programme channel="259" start="20221127135000 +0000" stop="20221127150000 +0000" catchup-id="899716278"><title>Vivo Pro Kabaddi League Live CHE V GUJ</title><date></date><icon src="https://images.tv.kpn.com/epg/tQRQpLgtNTO0v1am66A13jss5dasIDqtVPHIX1I1FR8/1920x1080.jpg?blurred=false"></icon><desc>Vivo Pro Kabaddi League Live CHE V GUJ</desc><category></category></programme><programme channel="259" start="20221127150000 +0000" stop="20221127160000 +0000" catchup-id="899716281"><title>Vivo Pro Kabaddi League Live DEL V BLR</title><date></date><icon src="https://images.tv.kpn.com/epg/OLqYeGH7HPSPSoRrWorwkhcAxus6z1cbeiR9AxA9BD9ARc/1920x1080.jpg?blurred=false"></icon><desc>Vivo Pro Kabaddi League Live DEL V BLR</desc><category></category></programme><programme channel="259" start="20221127160000 +0000" stop="20221127162000 +0000" catchup-id="899452701"><title>Vivo Live Pro Kabaddi Post Match</title><date></date><icon src="https://images.tv.kpn.com/epg/OLqYeGH7HPSPSoRrWorwkhcAxus6z1cbeiR9AxA9BD9ARc/1920x1080.jpg?blurred=false"></icon><desc>Vivo Live Pro Kabaddi Post Match</desc><category></category></programme><programme channel="259" start="20221127162000 +0000" stop="20221127181500 +0000" catchup-id="899452707"><title>Dolly Ki Doli</title><date></date><icon src="https://images.tv.kpn.com/epg/tQRQpLgtNTO0v1am66A13jss5dasIDqtVPHIX1I1FR8/1920x1080.jpg?blurred=false"></icon><desc>Dolly Sonam Kapoor, who cons rich men into marrying her and then abandons them. Robin Pulkit Samrat, a cop, teams up with two of her victims in a bid to nab her. Release Year: 2015 Director: Abhishek Dogra</desc><category></category></programme><programme channel="259" start="20221127181500 +0000" stop="20221127210000 +0000" catchup-id="899452710"><title>Dulhan Hum Le Jayenge</title><date></date><icon src="https://images.tv.kpn.com/epg/OLqYeGH7HPSPSoRrWorwkhcAxus6z1cbeiR9AxA9BD9ARc/1920x1080.jpg?blurred=false"></icon><desc>Sapna and Raja meet while touring Europe and fall in love. Raja sets out to impress all three of her uncles and marry her with their consent. Release Year: 2000 Director: David Dhawan</desc><category></category></programme><programme channel="259" start="20221127210000 +0000" stop="20221127231600 +0000" catchup-id="899452719"><title>Mardaani</title><date></date><icon src="https://images.tv.kpn.com/epg/13YaSo1V9AkC3ZQ0apFQIYHj2NwDeC7RcL29BJ3XerXF0/1920x1080.jpg?blurred=false"></icon><desc>Shivani Shivaji Roy locks horns with the devil incarnate, a young and remorseless serial killer who is raping and murdering young women. Release Year: 2014 Director: Pradeep Sarkar Awards: Stardust Awards: Best ActreSS in a Thriller or Action: Rani Mukherji.Filmfare Awards: Best Sound Design.</desc><category></category></programme><programme channel="259" start="20221127231600 +0000" stop="20221128014200 +0000" catchup-id="899493345"><title>Dabangg</title><date></date><icon src="https://images.tv.kpn.com/epg/tQRQpLgtNTO0v1am66A13jss5dasIDqtVPHIX1I1FR8/1920x1080.jpg?blurred=false"></icon><desc>Chulbul Pandey is a fearless, sometimes crooked, cop who has a troubled relationship with his step-father and step-brother. Release Year: 2010 Director: Abhinav Kashyap Awards: Best Screenplay: Abhinav Kashyap, Dilip Shukla, Best Action: Fefsi Vijayan, Best Choreography: Farah Khan, Best Sound Re-Recording: Leslie Fernandes Awards of the International Indian Film Academy</desc><category></category></programme><programme channel="259" start="20221128014200 +0000" stop="20221128035500 +0000" catchup-id="899716284"><title>Programmabeschrijving niet beschikbaar</title><date></date><icon src="https://images.tv.kpn.com/epg/tQRQpLgtNTO0v1am66A13jss5dasIDqtVPHIX1I1FR8/1920x1080.jpg?blurred=false"></icon><desc>Programmabeschrijving niet beschikbaar</desc><category></category></programme><programme channel="259" start="20221128035500 +0000" stop="20221128060000 +0000" catchup-id="899493351"><title>Dum Maaro Dum (2011)</title><date></date><icon src="https://images.tv.kpn.com/epg/13YaSo1V9AkC3ZQ0apFQIYHj2NwDeC7RcL29BJ3XerXF0/1920x1080.jpg?blurred=false"></icon><desc>ACP Vishnu is sent on a mission to investigate and clean the underbelly of Goa. During his investigation, he uncovers a huge racket and discovers the involvement of various politicians.</desc><category></category></programme><programme channel="259" start="20221128060000 +0000" stop="20221128081500 +0000" catchup-id="899493354"><title>Traffic</title><date></date><icon src="https://images.tv.kpn.com/epg/tQRQpLgtNTO0v1am66A13jss5dasIDqtVPHIX1I1FR8/1920x1080.jpg?blurred=false"></icon><desc>A thriller based various real incidents that happened at a crowded traffic junction in Kochi. Inspired from the real events that happened in Chennai. Release Year: 2016 Director: Rajesh Pillai</desc><category></category></programme><programme channel="259" start="20221128081500 +0000" stop="20221128111000 +0000" catchup-id="899493357"><title>Patiala House</title><date></date><icon src="https://images.tv.kpn.com/epg/ipZ8kUXgET8qA81GFZwEcvAXDK8JEVnoIEotCBdEeT8/1920x1080.jpg?blurred=false"></icon><desc>A victim Rishi Kapoor of British racial violence and profiling prevents his son Akshay Kumar from playing cricket for an English team. The film also stars Anushka Sharma. Release Year: 2011 Director: Nikhil Advani</desc><category></category></programme><programme channel="259" start="20221128111000 +0000" stop="20221128133000 +0000" catchup-id="899493360"><title>Dabangg</title><date></date><icon src="https://images.tv.kpn.com/epg/13YaSo1V9AkC3ZQ0apFQIYHj2NwDeC7RcL29BJ3XerXF0/1920x1080.jpg?blurred=false"></icon><desc>Chulbul Pandey is a fearless, sometimes crooked, cop who has a troubled relationship with his step-father and step-brother. Release Year: 2010 Director: Abhinav Kashyap Awards: Best Screenplay: Abhinav Kashyap, Dilip Shukla, Best Action: Fefsi Vijayan, Best Choreography: Farah Khan, Best Sound Re-Recording: Leslie Fernandes Awards of the International Indian Film Academy</desc><category></category></programme><programme channel="259" start="20221128133000 +0000" stop="20221128135000 +0000" catchup-id="899493363"><title>Vivo Live Pro Kabaddi Pre Match</title><date></date><icon src="https://images.tv.kpn.com/epg/OLqYeGH7HPSPSoRrWorwkhcAxus6z1cbeiR9AxA9BD9ARc/1920x1080.jpg?blurred=false"></icon><desc>Vivo Live Pro Kabaddi Pre Match</desc><category></category></programme><programme channel="259" start="20221128135000 +0000" stop="20221128150000 +0000" catchup-id="899716287"><title>Vivo Pro Kabaddi League Live UP V KOL</title><date></date><icon src="https://images.tv.kpn.com/epg/tQRQpLgtNTO0v1am66A13jss5dasIDqtVPHIX1I1FR8/1920x1080.jpg?blurred=false"></icon><desc>Vivo Pro Kabaddi League Live UP V KOL</desc><category></category></programme><programme channel="259" start="20221128150000 +0000" stop="20221128160000 +0000" catchup-id="899716290"><title>Vivo Pro Kabaddi League Live TEL V JAI</title><date></date><icon src="https://images.tv.kpn.com/epg/OLqYeGH7HPSPSoRrWorwkhcAxus6z1cbeiR9AxA9BD9ARc/1920x1080.jpg?blurred=false"></icon><desc>Vivo Pro Kabaddi League Live TEL V JAI</desc><category></category></programme><programme channel="259" start="20221128160000 +0000" stop="20221128162000 +0000" catchup-id="899493372"><title>Vivo Live Pro Kabaddi Post Match</title><date></date><icon src="https://images.tv.kpn.com/epg/OLqYeGH7HPSPSoRrWorwkhcAxus6z1cbeiR9AxA9BD9ARc/1920x1080.jpg?blurred=false"></icon><desc>Vivo Live Pro Kabaddi Post Match</desc><category></category></programme><programme channel="259" start="20221128162000 +0000" stop="20221128175000 +0000" catchup-id="899628024"><title>Koffee With Karan S06</title><date></date><icon src="https://images.tv.kpn.com/epg/OLqYeGH7HPSPSoRrWorwkhcAxus6z1cbeiR9AxA9BD9ARc/1920x1080.jpg?blurred=false"></icon><desc>Karan is back with the sixth season of Koffee With Karan. Alia and Deepika grace the couch in the season opener and discuss their beaus, spill some beans and talk about their guilty pleasures.</desc><category></category></programme><programme channel="259" start="20221128175000 +0000" stop="20221128210000 +0000" catchup-id="899493378"><title>Mere Yaar Ki Shaadi Hai</title><date></date><icon src="https://images.tv.kpn.com/epg/OLqYeGH7HPSPSoRrWorwkhcAxus6z1cbeiR9AxA9BD9ARc/1920x1080.jpg?blurred=false"></icon><desc>Sanjay and Anjali don't realise their feelings for each other until Anjali gets betrothed to Rohit. Release Year: 2002 Director: Sanjay Gadhvi</desc><category></category></programme><programme channel="259" start="20221128210000 +0000" stop="20221128234500 +0000" catchup-id="899493381"><title>Detective Byomkesh Bakshy!</title><date></date><icon src="https://images.tv.kpn.com/epg/13YaSo1V9AkC3ZQ0apFQIYHj2NwDeC7RcL29BJ3XerXF0/1920x1080.jpg?blurred=false"></icon><desc>Detective Byomkesh Bakshy!</desc><category></category></programme><programme channel="259" start="20221128234500 +0000" stop="20221129021500 +0000" catchup-id="899536410"><title>Singham Returns</title><date></date><icon src="https://images.tv.kpn.com/epg/tQRQpLgtNTO0v1am66A13jss5dasIDqtVPHIX1I1FR8/1920x1080.jpg?blurred=false"></icon><desc>Owing to the wrongdoings similar to black money, an honest police officer returns as the Deputy Commissioner of Police to wipe out injustice. Release Year: 2014 Director: Rohit Shetty Awards: Box Office India Day One Star Box Office India Awards</desc><category></category></programme><programme channel="259" start="20221129021500 +0000" stop="20221129050500 +0000" catchup-id="899536416"><title>Drishyam</title><date></date><icon src="https://images.tv.kpn.com/epg/ipZ8kUXgET8qA81GFZwEcvAXDK8JEVnoIEotCBdEeT8/1920x1080.jpg?blurred=false"></icon><desc>Desperate measures are taken by a man who tries to save his family from the dark side of the law, after they commit an unexpected crime. Release Year: 2015 Director: Nishikant Kamat</desc><category></category></programme><programme channel="259" start="20221129050500 +0000" stop="20221129060000 +0000" catchup-id="899536419"><title>Koffee With Karan S06</title><date></date><icon src="https://images.tv.kpn.com/epg/OLqYeGH7HPSPSoRrWorwkhcAxus6z1cbeiR9AxA9BD9ARc/1920x1080.jpg?blurred=false"></icon><desc>Karan is back with the sixth season of Koffee With Karan. Alia and Deepika grace the couch in the season opener and discuss their beaus, spill some beans and talk about their guilty pleasures.</desc><category></category></programme><programme channel="259" start="20221129060000 +0000" stop="20221129075500 +0000" catchup-id="899536428"><title>Moh Maya Money</title><date></date><icon src="https://images.tv.kpn.com/epg/13YaSo1V9AkC3ZQ0apFQIYHj2NwDeC7RcL29BJ3XerXF0/1920x1080.jpg?blurred=false"></icon><desc>Things don't work out as planned when a young real-estate broker tries to skim money from a multinational company.</desc><category></category></programme><programme channel="259" start="20221129075500 +0000" stop="20221129103000 +0000" catchup-id="899536434"><title>Namkeen</title><date></date><icon src="https://images.tv.kpn.com/epg/tQRQpLgtNTO0v1am66A13jss5dasIDqtVPHIX1I1FR8/1920x1080.jpg?blurred=false"></icon><desc>Jugni is a folk theatre dancer who lives with her three daughters in a remote village in Himachal Pradesh. Their lives change when Gerulal, a truck driver, begins living with them as a tenant. Release Year: 1982 Director: Gulzar</desc><category></category></programme><programme channel="259" start="20221129103000 +0000" stop="20221129133000 +0000" catchup-id="899536440"><title>Life Mein Kabhie Kabhie</title><date></date><icon src="https://images.tv.kpn.com/epg/OLqYeGH7HPSPSoRrWorwkhcAxus6z1cbeiR9AxA9BD9ARc/1920x1080.jpg?blurred=false"></icon><desc>On graduation day, Manish, Rajeev, Jai, Monica and Ishita get drunk and wonder which one of them would find real happiness in life. They decide to meet after five years in order to know the truth.</desc><category></category></programme><programme channel="259" start="20221129133000 +0000" stop="20221129135000 +0000" catchup-id="899536446"><title>Vivo Live Pro Kabaddi Pre Match</title><date></date><icon src="https://images.tv.kpn.com/epg/tQRQpLgtNTO0v1am66A13jss5dasIDqtVPHIX1I1FR8/1920x1080.jpg?blurred=false"></icon><desc>Vivo Live Pro Kabaddi Pre Match</desc><category></category></programme><programme channel="259" start="20221129135000 +0000" stop="20221129150000 +0000" catchup-id="899716293"><title>Vivo Pro Kabaddi League Live PUN V GUJ</title><date></date><icon src="https://images.tv.kpn.com/epg/ipZ8kUXgET8qA81GFZwEcvAXDK8JEVnoIEotCBdEeT8/1920x1080.jpg?blurred=false"></icon><desc>Vivo Pro Kabaddi League Live PUN V GUJ</desc><category></category></programme><programme channel="259" start="20221129150000 +0000" stop="20221129160000 +0000" catchup-id="899716296"><title>Vivo Pro Kabaddi League Live HAR V MUM</title><date></date><icon src="https://images.tv.kpn.com/epg/tQRQpLgtNTO0v1am66A13jss5dasIDqtVPHIX1I1FR8/1920x1080.jpg?blurred=false"></icon><desc>Vivo Pro Kabaddi League Live HAR V MUM</desc><category></category></programme><programme channel="259" start="20221129160000 +0000" stop="20221129162000 +0000" catchup-id="899536464"><title>Vivo Live Pro Kabaddi Post Match</title><date></date><icon src="https://images.tv.kpn.com/epg/ipZ8kUXgET8qA81GFZwEcvAXDK8JEVnoIEotCBdEeT8/1920x1080.jpg?blurred=false"></icon><desc>Vivo Live Pro Kabaddi Post Match</desc><category></category></programme><programme channel="259" start="20221129162000 +0000" stop="20221129184000 +0000" catchup-id="899536470"><title>Veerey ki Wedding</title><date></date><icon src="https://images.tv.kpn.com/epg/13YaSo1V9AkC3ZQ0apFQIYHj2NwDeC7RcL29BJ3XerXF0/1920x1080.jpg?blurred=false"></icon><desc>Veer and Geet fall in love with each other and want to get married. However, they face an obstacle after Geet's peace-loving father sees Veer getting involved in a fight to protect a girl.</desc><category></category></programme><programme channel="259" start="20221129184000 +0000" stop="20221129210000 +0000" catchup-id="899536476"><title>A Gentleman - Sundar, Susheel, Risky</title><date></date><icon src="https://images.tv.kpn.com/epg/tQRQpLgtNTO0v1am66A13jss5dasIDqtVPHIX1I1FR8/1920x1080.jpg?blurred=false"></icon><desc>Gaurav, a simple hard working guy for a white collar job visits Mumbai for a meeting where his doppelganger is about to bring chaos in his life.</desc><category></category></programme><programme channel="259" start="20221129210000 +0000" stop="20221130001000 +0000" catchup-id="899536485"><title>Sanju</title><date></date><icon src="https://images.tv.kpn.com/epg/tQRQpLgtNTO0v1am66A13jss5dasIDqtVPHIX1I1FR8/1920x1080.jpg?blurred=false"></icon><desc>Sanjay Dutt, an actor from the Bollywood film industry, struggles with the legacy that is handed down to him from his parents, along with his personal dilemmas and vices. Release Year: 2018</desc><category></category></programme><programme channel="259" start="20221130001000 +0000" stop="20221130023500 +0000" catchup-id="899582832"><title>Dhoom</title><date></date><icon src="https://images.tv.kpn.com/epg/ipZ8kUXgET8qA81GFZwEcvAXDK8JEVnoIEotCBdEeT8/1920x1080.jpg?blurred=false"></icon><desc>Dhoom</desc><category></category></programme><programme channel="259" start="20221130023500 +0000" stop="20221130050500 +0000" catchup-id="899582835"><title>Dongri Ka Raja</title><date></date><icon src="https://images.tv.kpn.com/epg/tQRQpLgtNTO0v1am66A13jss5dasIDqtVPHIX1I1FR8/1920x1080.jpg?blurred=false"></icon><desc>2016 Action film is set against the backdrop of the Dongri underworld and weaves a gripping tale with a twist. It stars Ronit Roy, Gashmeer Mahajani, Ashmit Patel, Reecha Sinha and Ashwini Kalsekar.</desc><category></category></programme><programme channel="259" start="20221130050500 +0000" stop="20221130060000 +0000" catchup-id="899582838"><title>Koffee With Karan S06</title><date></date><icon src="https://images.tv.kpn.com/epg/ipZ8kUXgET8qA81GFZwEcvAXDK8JEVnoIEotCBdEeT8/1920x1080.jpg?blurred=false"></icon><desc>Karan Johar gets up close and personal with various celebrities and discusses their lives.</desc><category></category></programme><programme channel="259" start="20221130060000 +0000" stop="20221130084000 +0000" catchup-id="899582844"><title>Namak Haraam</title><date></date><icon src="https://images.tv.kpn.com/epg/OLqYeGH7HPSPSoRrWorwkhcAxus6z1cbeiR9AxA9BD9ARc/1920x1080.jpg?blurred=false"></icon><desc>Two friends unite to seek revenge from a union leader. But a difference in perspective force them to confront the true nature of their friendship. Release Year: 1973 Director: Hrishikesh Mukherjee</desc><category></category></programme><programme channel="259" start="20221130084000 +0000" stop="20221130110500 +0000" catchup-id="899582847"><title>Kyaa Super Kool Hain Hum</title><date></date><icon src="https://images.tv.kpn.com/epg/tQRQpLgtNTO0v1am66A13jss5dasIDqtVPHIX1I1FR8/1920x1080.jpg?blurred=false"></icon><desc>Adi and Sid follow Simran and Anu to Goa, where the girls are visiting Anu's mentally unstable father. A series of incidents involving a fake godman and a dog lead the duo into many adventures. Release Year: 2012 Director: Sachin Yardi</desc><category></category></programme><programme channel="259" start="20221130110500 +0000" stop="20221130133000 +0000" catchup-id="899582850"><title>Dishoom</title><date></date><icon src="https://images.tv.kpn.com/epg/13YaSo1V9AkC3ZQ0apFQIYHj2NwDeC7RcL29BJ3XerXF0/1920x1080.jpg?blurred=false"></icon><desc>Two cops, Kabir John Abraham and Junaid Varun Dhawan, go on a mission to rescue Viraj Saqib Saleem, a top cricketer, who has been kidnapped by Wagah Akshaye Khanna, a bookie. Release Year: 2016</desc><category></category></programme><programme channel="259" start="20221130133000 +0000" stop="20221130135000 +0000" catchup-id="899582853"><title>Vivo Live Pro Kabaddi Pre Match</title><date></date><icon src="https://images.tv.kpn.com/epg/13YaSo1V9AkC3ZQ0apFQIYHj2NwDeC7RcL29BJ3XerXF0/1920x1080.jpg?blurred=false"></icon><desc>Vivo Live Pro Kabaddi Pre Match</desc><category></category></programme><programme channel="259" start="20221130135000 +0000" stop="20221130150000 +0000" catchup-id="899716299"><title>Vivo Pro Kabaddi League Live BLR V JAI</title><date></date><icon src="https://images.tv.kpn.com/epg/13YaSo1V9AkC3ZQ0apFQIYHj2NwDeC7RcL29BJ3XerXF0/1920x1080.jpg?blurred=false"></icon><desc>Vivo Pro Kabaddi League Live BLR V JAI</desc><category></category></programme><programme channel="259" start="20221130150000 +0000" stop="20221130160000 +0000" catchup-id="899716302"><title>Vivo Pro Kabaddi League Live DEL V CHE</title><date></date><icon src="https://images.tv.kpn.com/epg/OLqYeGH7HPSPSoRrWorwkhcAxus6z1cbeiR9AxA9BD9ARc/1920x1080.jpg?blurred=false"></icon><desc>Vivo Pro Kabaddi League Live DEL V CHE</desc><category></category></programme><programme channel="259" start="20221130160000 +0000" stop="20221130162000 +0000" catchup-id="899582865"><title>Vivo Live Pro Kabaddi Post Match</title><date></date><icon src="https://images.tv.kpn.com/epg/OLqYeGH7HPSPSoRrWorwkhcAxus6z1cbeiR9AxA9BD9ARc/1920x1080.jpg?blurred=false"></icon><desc>Vivo Live Pro Kabaddi Post Match</desc><category></category></programme><programme channel="259" start="20221130162000 +0000" stop="20221130174000 +0000" catchup-id="899582868"><title>Bal Ganesh 3</title><date></date><icon src="https://images.tv.kpn.com/epg/OLqYeGH7HPSPSoRrWorwkhcAxus6z1cbeiR9AxA9BD9ARc/1920x1080.jpg?blurred=false"></icon><desc>A movie filled with action and thriller three times more this time! Watch our dear Bal Ganesh fight with the evil monsters and save the earth.</desc><category></category></programme><programme channel="259" start="20221130174000 +0000" stop="20221130210000 +0000" catchup-id="899582871"><title>Baabul</title><date></date><icon src="https://images.tv.kpn.com/epg/OLqYeGH7HPSPSoRrWorwkhcAxus6z1cbeiR9AxA9BD9ARc/1920x1080.jpg?blurred=false"></icon><desc>After his son's death, Balraj tries to get Millie, his daughter-in-law, to marry Rajat, her childhood friend. However, Millie's reluctance and opposition from his family members obstruct his plan. Release Year: 2006 Director: Ravi Chopra</desc><category></category></programme><programme channel="259" start="20221130210000 +0000" stop="20221130235000 +0000" catchup-id="899582874"><title>Shiddat</title><date></date><icon src="https://images.tv.kpn.com/epg/ipZ8kUXgET8qA81GFZwEcvAXDK8JEVnoIEotCBdEeT8/1920x1080.jpg?blurred=false"></icon><desc>After falling madly in love, a man tries to convey his feelings. However, the object of his affections is betrothed to another and asks him to prove his love.</desc><category></category></programme><programme channel="259" start="20221130235000 +0000" stop="20221201023000 +0000" catchup-id="899628027"><title>Kabali</title><date></date><icon src="https://images.tv.kpn.com/epg/OLqYeGH7HPSPSoRrWorwkhcAxus6z1cbeiR9AxA9BD9ARc/1920x1080.jpg?blurred=false"></icon><desc>The story depicts the eternal victory of good over evil. The protagonist fights to bring justice to the people who suffer. Release Year: 2016 Director: Pa. Ranjith</desc><category></category></programme><programme channel="259" start="20221201023000 +0000" stop="20221201044500 +0000" catchup-id="899628030"><title>Do Knot Disturb</title><date></date><icon src="https://images.tv.kpn.com/epg/13YaSo1V9AkC3ZQ0apFQIYHj2NwDeC7RcL29BJ3XerXF0/1920x1080.jpg?blurred=false"></icon><desc>Kiran suspects her husband Raj of having an affair with Dolly and hires a detective. Raj, in turn, hires a waiter to pretend to be Dolly's boyfriend. Dolly is also being stalked by a jealous lover. Release Year: 2009 Director: David Dhawan</desc><category></category></programme><programme channel="259" start="20221201044500 +0000" stop="20221201060000 +0000" catchup-id="899628033"><title>Bal Ganesh 3</title><date></date><icon src="https://images.tv.kpn.com/epg/ipZ8kUXgET8qA81GFZwEcvAXDK8JEVnoIEotCBdEeT8/1920x1080.jpg?blurred=false"></icon><desc>A movie filled with action and thriller three times more this time! Watch our dear Bal Ganesh fight with the evil monsters and save the earth.</desc><category></category></programme><programme channel="259" start="20221201060000 +0000" stop="20221201085500 +0000" catchup-id="899628036"><title>Road To Sangam - Let's Re-Unite</title><date></date><icon src="https://images.tv.kpn.com/epg/13YaSo1V9AkC3ZQ0apFQIYHj2NwDeC7RcL29BJ3XerXF0/1920x1080.jpg?blurred=false"></icon><desc>A determined mechanic attempts to repair an antique truck to transport the last remains of Mahatma Gandhi in modern day India.</desc><category></category></programme><programme channel="259" start="20221201085500 +0000" stop="20221201105500 +0000" catchup-id="899628039"><title>O Teri</title><date></date><icon src="https://images.tv.kpn.com/epg/13YaSo1V9AkC3ZQ0apFQIYHj2NwDeC7RcL29BJ3XerXF0/1920x1080.jpg?blurred=false"></icon><desc>While searching for a story to prove a point, two TV reporters discover a corpse in their car! Release Year: 2014 Director: Umesh Bist</desc><category></category></programme><programme channel="259" start="20221201105500 +0000" stop="20221201134000 +0000" catchup-id="899716305"><title>Tum Mile</title><date></date><icon src="https://images.tv.kpn.com/epg/tQRQpLgtNTO0v1am66A13jss5dasIDqtVPHIX1I1FR8/1920x1080.jpg?blurred=false"></icon><desc>2009 Disaster-Romance drama. It is a love story set against the backdrop of the infamous July 2005 Mumbai floods. The film stars Emraan Hashmi, Soha Ali Khan, VJ Mantra and Sachin Khedekar. Release Year: 2009 Director: Kunal Deshmukh</desc><category></category></programme><programme channel="259" start="20221201134000 +0000" stop="20221201163000 +0000" catchup-id="899628045"><title>Chhichhore</title><date></date><icon src="https://images.tv.kpn.com/epg/tQRQpLgtNTO0v1am66A13jss5dasIDqtVPHIX1I1FR8/1920x1080.jpg?blurred=false"></icon><desc>Divided by time, united by a tragic incident. In a bittersweet reunion, seven middle-aged friends take a walk down the memory lane at the least expected place.</desc><category></category></programme><programme channel="259" start="20221201163000 +0000" stop="20221201182000 +0000" catchup-id="899628048"><title>I Am Kalam (2011)</title><date></date><icon src="https://images.tv.kpn.com/epg/ipZ8kUXgET8qA81GFZwEcvAXDK8JEVnoIEotCBdEeT8/1920x1080.jpg?blurred=false"></icon><desc>A poor boy derives inspiration from the former President of India, A. P. J. Abdul Kalam. He then decides to change his name to Kalam and harbours a dream of meeting the visionary.</desc><category></category></programme><programme channel="259" start="20221201182000 +0000" stop="20221201210000 +0000" catchup-id="899628051"><title>Jolly LLB 2</title><date></date><icon src="https://images.tv.kpn.com/epg/13YaSo1V9AkC3ZQ0apFQIYHj2NwDeC7RcL29BJ3XerXF0/1920x1080.jpg?blurred=false"></icon><desc>A blunt, compassionate, struggling lawyer moves from Kanpur to Lucknow to pursue his dream of making it big-time. Release Year: 2017 Director: Subhash Kapoor</desc><category></category></programme><programme channel="259" start="20221201210000 +0000" stop="20221201232500 +0000" catchup-id="899628054"><title>Dhoom</title><date></date><icon src="https://images.tv.kpn.com/epg/ipZ8kUXgET8qA81GFZwEcvAXDK8JEVnoIEotCBdEeT8/1920x1080.jpg?blurred=false"></icon><desc>Dhoom</desc><category></category></programme><programme channel="259" start="20221201232500 +0000" stop="20221202021000 +0000" catchup-id="899673759"><title>Kaabil</title><date></date><icon src="https://images.tv.kpn.com/epg/tQRQpLgtNTO0v1am66A13jss5dasIDqtVPHIX1I1FR8/1920x1080.jpg?blurred=false"></icon><desc>This is the story of a blind couple who lived, laughed and loved just like everyone in this world. Until one day, a terrible tragedy struck. Release Year: 2017 Director: Sanjay Gupta</desc><category></category></programme><programme channel="259" start="20221202021000 +0000" stop="20221202042000 +0000" catchup-id="899673762"><title>Kaalakaandi</title><date></date><icon src="https://images.tv.kpn.com/epg/13YaSo1V9AkC3ZQ0apFQIYHj2NwDeC7RcL29BJ3XerXF0/1920x1080.jpg?blurred=false"></icon><desc>The story of a cancer patient, who decides to live his life to the fullest. It stars Saif Ali Khan, Sobhita Dhulipala, Akshay Oberoi, Isha Talwar and Kunaal Roy Kapur.</desc><category></category></programme><programme channel="259" start="20221202042000 +0000" stop="20221202060000 +0000" catchup-id="899716308"><title>Mantra</title><date></date><icon src="https://images.tv.kpn.com/epg/tQRQpLgtNTO0v1am66A13jss5dasIDqtVPHIX1I1FR8/1920x1080.jpg?blurred=false"></icon><desc>Story of a businessman Kapil Kapoor Rajat Kapoor in the backdrop of changing India in the first decade of the new millennium. The film also stars Kalki Koechlin. Release Year: 2017 Director: Nicholas Kharkongor</desc><category></category></programme><programme channel="259" start="20221202060000 +0000" stop="20221202080500 +0000" catchup-id="899716311"><title>Traffic</title><date></date><icon src="https://images.tv.kpn.com/epg/13YaSo1V9AkC3ZQ0apFQIYHj2NwDeC7RcL29BJ3XerXF0/1920x1080.jpg?blurred=false"></icon><desc>A thriller based various real incidents that happened at a crowded traffic junction in Kochi. Inspired from the real events that happened in Chennai. Release Year: 2016 Director: Rajesh Pillai</desc><category></category></programme><programme channel="259" start="20221202080500 +0000" stop="20221202104500 +0000" catchup-id="899673771"><title>Aisha</title><date></date><icon src="https://images.tv.kpn.com/epg/OLqYeGH7HPSPSoRrWorwkhcAxus6z1cbeiR9AxA9BD9ARc/1920x1080.jpg?blurred=false"></icon><desc>Aisha is a jet setter who tries her hand at match making. It takes a couple of disasters before she comes to her senses. Release Year: 2010 Director: Rajshree Ojha</desc><category></category></programme><programme channel="259" start="20221202104500 +0000" stop="20221202133000 +0000" catchup-id="899716314"><title>Amazon Obhijaan</title><date></date><icon src="https://images.tv.kpn.com/epg/tQRQpLgtNTO0v1am66A13jss5dasIDqtVPHIX1I1FR8/1920x1080.jpg?blurred=false"></icon><desc>Shankar, an adventurer who along with a lady and her father, travels the Amazon in search of the City of Gold, El dorado. It stars Dev and Svetlana Gulakova.</desc><category></category></programme><programme channel="259" start="20221202133000 +0000" stop="20221202135000 +0000" catchup-id="899716317"><title>Vivo Live Pro Kabaddi Pre Match</title><date></date><icon src="https://images.tv.kpn.com/epg/ipZ8kUXgET8qA81GFZwEcvAXDK8JEVnoIEotCBdEeT8/1920x1080.jpg?blurred=false"></icon><desc>Vivo Live Pro Kabaddi Pre Match</desc><category></category></programme><programme channel="259" start="20221202135000 +0000" stop="20221202150000 +0000" catchup-id="899716320"><title>Vivo Live Pro Kabaddi UP V MUM</title><date></date><icon src="https://images.tv.kpn.com/epg/OLqYeGH7HPSPSoRrWorwkhcAxus6z1cbeiR9AxA9BD9ARc/1920x1080.jpg?blurred=false"></icon><desc>Vivo Live Pro Kabaddi UP V MUM</desc><category></category></programme><programme channel="259" start="20221202150000 +0000" stop="20221202160000 +0000" catchup-id="899716323"><title>Vivo Live Pro Kabaddi PAT V GUJ</title><date></date><icon src="https://images.tv.kpn.com/epg/ipZ8kUXgET8qA81GFZwEcvAXDK8JEVnoIEotCBdEeT8/1920x1080.jpg?blurred=false"></icon><desc>Vivo Live Pro Kabaddi PAT V GUJ</desc><category></category></programme><programme channel="259" start="20221202160000 +0000" stop="20221202170000 +0000" catchup-id="899716326"><title>Vivo Live Pro Kabaddi HAR V KOL</title><date></date><icon src="https://images.tv.kpn.com/epg/tQRQpLgtNTO0v1am66A13jss5dasIDqtVPHIX1I1FR8/1920x1080.jpg?blurred=false"></icon><desc>Vivo Live Pro Kabaddi HAR V KOL</desc><category></category></programme><programme channel="259" start="20221202170000 +0000" stop="20221202172000 +0000" catchup-id="899716329"><title>Vivo Live Pro Kabaddi Post Match</title><date></date><icon src="https://images.tv.kpn.com/epg/13YaSo1V9AkC3ZQ0apFQIYHj2NwDeC7RcL29BJ3XerXF0/1920x1080.jpg?blurred=false"></icon><desc>Vivo Live Pro Kabaddi Post Match</desc><category></category></programme><programme channel="259" start="20221202172000 +0000" stop="20221202173000 +0000" catchup-id="899716332"><title>Fillers</title><date></date><icon src="https://images.tv.kpn.com/epg/13YaSo1V9AkC3ZQ0apFQIYHj2NwDeC7RcL29BJ3XerXF0/1920x1080.jpg?blurred=false"></icon><desc>Filler segment.</desc><category></category></programme><programme channel="259" start="20221202173000 +0000" stop="20221202210000 +0000" catchup-id="899673780"><title>Bhool Bhulaiyaa</title><date></date><icon src="https://images.tv.kpn.com/epg/13YaSo1V9AkC3ZQ0apFQIYHj2NwDeC7RcL29BJ3XerXF0/1920x1080.jpg?blurred=false"></icon><desc>An NRI couple decide to stay in his ancestral home. Inexplicable occurrences cause him to call a psychiatrist to solve the mystery. Release Year: 2007 Director: Nupur Asthana</desc><category></category></programme><programme channel="259" start="20221202210000 +0000" stop="20221203002500 +0000" catchup-id="899673786"><title>Dhoom 3</title><date></date><icon src="https://images.tv.kpn.com/epg/13YaSo1V9AkC3ZQ0apFQIYHj2NwDeC7RcL29BJ3XerXF0/1920x1080.jpg?blurred=false"></icon><desc>Sahir, a circus entertainer, robs a bank in Chicago in order to avenge his father's death. His troubles increase when inspector Jai and Ali suspect him. Release Year: 2013</desc><category></category></programme><programme channel="259" start="20221203002500 +0000" stop="20221203033500 +0000" catchup-id="899716335"><title>Aiyaary</title><date></date><icon src="https://images.tv.kpn.com/epg/tQRQpLgtNTO0v1am66A13jss5dasIDqtVPHIX1I1FR8/1920x1080.jpg?blurred=false"></icon><desc>An Indian Army officer is compelled to chase down his protege when the latter turns rogue and threatens to disrupt the country's government and army. Release Year: 2018</desc><category></category></programme><programme channel="259" start="20221203033500 +0000" stop="20221203060000 +0000" catchup-id="899716338"><title>Indias Most Wanted</title><date></date><icon src="https://images.tv.kpn.com/epg/OLqYeGH7HPSPSoRrWorwkhcAxus6z1cbeiR9AxA9BD9ARc/1920x1080.jpg?blurred=false"></icon><desc>Five ordinary men, one global terrorist, witness India's biggest manhunt operation in this film inspired by true events.</desc><category></category></programme><programme channel="259" start="20221203060000 +0000" stop="20221203075000 +0000" catchup-id="899716341"><title>Blood Money</title><date></date><icon src="https://images.tv.kpn.com/epg/ipZ8kUXgET8qA81GFZwEcvAXDK8JEVnoIEotCBdEeT8/1920x1080.jpg?blurred=false"></icon><desc>Kunal marries Aarzoo and they migrate to SA when he gets a job at a diamond trading firm. He gets involved in the illegal activities of the company.</desc><category></category></programme><programme channel="259" start="20221203075000 +0000" stop="20221203105500 +0000" catchup-id="899716344"><title>Taqdeerwala</title><date></date><icon src="https://images.tv.kpn.com/epg/13YaSo1V9AkC3ZQ0apFQIYHj2NwDeC7RcL29BJ3XerXF0/1920x1080.jpg?blurred=false"></icon><desc>Yamraj and his assistant, Chitragupt come down to Earth to search for the book 'Bhavishya Vani' that they misplaced. Release Year: 1995 Director: K. Muralimohana Rao Awards: Best Perfomance in a Comic Role: Kader Khan Screen Weekly awards</desc><category></category></programme><programme channel="259" start="20221203105500 +0000" stop="20221203133000 +0000" catchup-id="899716347"><title>Tubelight</title><date></date><icon src="https://images.tv.kpn.com/epg/OLqYeGH7HPSPSoRrWorwkhcAxus6z1cbeiR9AxA9BD9ARc/1920x1080.jpg?blurred=false"></icon><desc>A small town in the hills of northern India, and tells the story of Laxman's Salman Khan love for his brother Bharat Sohail Khan and his unshakeable belief in himself. Release Year: 2017 Director: Kabir Khan</desc><category></category></programme><programme channel="259" start="20221203133000 +0000" stop="20221203135000 +0000" catchup-id="899716350"><title>Vivo Live Pro Kabaddi Pre Match</title><date></date><icon src="https://images.tv.kpn.com/epg/OLqYeGH7HPSPSoRrWorwkhcAxus6z1cbeiR9AxA9BD9ARc/1920x1080.jpg?blurred=false"></icon><desc>Vivo Live Pro Kabaddi Pre Match</desc><category></category></programme><programme channel="259" start="20221203135000 +0000" stop="20221203150000 +0000" catchup-id="899716353"><title>Vivo Live Pro Kabaddi DEL V PUN</title><date></date><icon src="https://images.tv.kpn.com/epg/13YaSo1V9AkC3ZQ0apFQIYHj2NwDeC7RcL29BJ3XerXF0/1920x1080.jpg?blurred=false"></icon><desc>Vivo Live Pro Kabaddi DEL V PUN</desc><category></category></programme><programme channel="259" start="20221203150000 +0000" stop="20221203160000 +0000" catchup-id="899716356"><title>Vivo Live Pro Kabaddi HYD V CHE</title><date></date><icon src="https://images.tv.kpn.com/epg/ipZ8kUXgET8qA81GFZwEcvAXDK8JEVnoIEotCBdEeT8/1920x1080.jpg?blurred=false"></icon><desc>Vivo Live Pro Kabaddi HYD V CHE</desc><category></category></programme><programme channel="259" start="20221203160000 +0000" stop="20221203170000 +0000" catchup-id="899716359"><title>Vivo Live Pro Kabaddi JAI V KOL</title><date></date><icon src="https://images.tv.kpn.com/epg/13YaSo1V9AkC3ZQ0apFQIYHj2NwDeC7RcL29BJ3XerXF0/1920x1080.jpg?blurred=false"></icon><desc>Vivo Live Pro Kabaddi JAI V KOL</desc><category></category></programme><programme channel="259" start="20221203170000 +0000" stop="20221203172000 +0000" catchup-id="899716362"><title>Vivo Live Pro Kabaddi Post Match</title><date></date><icon src="https://images.tv.kpn.com/epg/ipZ8kUXgET8qA81GFZwEcvAXDK8JEVnoIEotCBdEeT8/1920x1080.jpg?blurred=false"></icon><desc>Vivo Live Pro Kabaddi Post Match</desc><category></category></programme><programme channel="259" start="20221203172000 +0000" stop="20221203173000 +0000" catchup-id="899716365"><title>Fillers</title><date></date><icon src="https://images.tv.kpn.com/epg/13YaSo1V9AkC3ZQ0apFQIYHj2NwDeC7RcL29BJ3XerXF0/1920x1080.jpg?blurred=false"></icon><desc>Filler segment.</desc><category></category></programme><programme channel="259" start="20221203173000 +0000" stop="20221203210000 +0000" catchup-id="899716368"><title>Dil To Pagal Hai</title><date></date><icon src="https://images.tv.kpn.com/epg/OLqYeGH7HPSPSoRrWorwkhcAxus6z1cbeiR9AxA9BD9ARc/1920x1080.jpg?blurred=false"></icon><desc>Rahul, dancer-director of a dance troupe, is attracted to Pooja. His best friend Nisha is secretly in love with him. Release Year: 1997 Director: Yash Chopra Awards: Filmfare Awards- Best Film, Best Actor- Shah Rukh khan, best actreSSw- Madhuri Dixit, best ActreSS in a Supporting role- Karisma Kapoor, Best Music director- Uttam Singh, Best Dialogue, Best Art direction. Silver Lotus Awards- best supporting ActreSS- Karisma Kapoor.</desc><category></category></programme>