<programme channel="2670" start="20221118230000 +0000" stop="20221119060000 +0000" catchup-id="899108133"><title>100% Muzieknacht</title><date></date><icon src="https://images.tv.kpn.com/epg/qKSx5qRInSdGGi9C2XuVfXp37zPdwY8sslkdMikvV4zY/1920x1080.jpg?blurred=false"></icon><desc>De beste muziek van Nederland bekijk je op 100% NL TV! Met een gevarieerd aanbod zie je de nieuwste hits van Davina Michelle, Suzan &amp; Freek en Nielson. Maar ook de klassiekers van Marco Borsato, De Kast, André Hazes sr. en Acda en De Munnik voorbijkomen. Geniet 7 dagen per week en 24 uur per dag van de lekkerste liedjes die Nederland te bieden heeft op 100% NL TV.</desc><category></category></programme><programme channel="2670" start="20221119060000 +0000" stop="20221119090000 +0000" catchup-id="899108136"><title>100% Ochtendshow</title><date></date><icon src="https://images.tv.kpn.com/epg/dg4vH9CXjf1wPsvXg4L7Idb9Bbhcreumlj9AUADPjxh9Bng/1920x1080.jpg?blurred=false"></icon><desc>De beste muziek van Nederland bekijk je op 100% NL TV! Met een gevarieerd aanbod zie je de nieuwste hits van Davina Michelle, Suzan &amp; Freek en Nielson. Maar ook de klassiekers van Marco Borsato, De Kast, André Hazes sr. en Acda en De Munnik voorbijkomen. Geniet 7 dagen per week en 24 uur per dag van de lekkerste liedjes die Nederland te bieden heeft op 100% NL TV.</desc><category></category></programme><programme channel="2670" start="20221119090000 +0000" stop="20221119110000 +0000" catchup-id="899108139"><title>100% VIP Ochtend</title><date></date><icon src="https://images.tv.kpn.com/epg/jee9CHLOREMmWBC4k8FA6SavQN9BOUHFIcJoARkuZVqY4/1920x1080.jpg?blurred=false"></icon><desc>De beste muziek van Nederland bekijk je op 100% NL TV! Met een gevarieerd aanbod zie je de nieuwste hits van Davina Michelle, Suzan &amp; Freek en Nielson. Maar ook de klassiekers van Marco Borsato, De Kast, André Hazes sr. en Acda en De Munnik voorbijkomen. Geniet 7 dagen per week en 24 uur per dag van de lekkerste liedjes die Nederland te bieden heeft op 100% NL TV.</desc><category></category></programme><programme channel="2670" start="20221119110000 +0000" stop="20221119150000 +0000" catchup-id="899108142"><title>100% Muziek</title><date></date><icon src="https://images.tv.kpn.com/epg/OcPLvsvi0Reh9BdmoELXdaGl9AzW8MwfEe8mxyzWSA9CEU/1920x1080.jpg?blurred=false"></icon><desc>De beste muziek van Nederland bekijk je op 100% NL TV! Met een gevarieerd aanbod zie je de nieuwste hits van Davina Michelle, Suzan &amp; Freek en Nielson. Maar ook de klassiekers van Marco Borsato, De Kast, André Hazes sr. en Acda en De Munnik voorbijkomen. Geniet 7 dagen per week en 24 uur per dag van de lekkerste liedjes die Nederland te bieden heeft op 100% NL TV.</desc><category></category></programme><programme channel="2670" start="20221119150000 +0000" stop="20221119180000 +0000" catchup-id="899108145"><title>100% De week van 100% NL</title><date></date><icon src="https://images.tv.kpn.com/epg/qKSx5qRInSdGGi9C2XuVfXp37zPdwY8sslkdMikvV4zY/1920x1080.jpg?blurred=false"></icon><desc>De beste muziek van Nederland bekijk je op 100% NL TV! Met een gevarieerd aanbod zie je de nieuwste hits van Davina Michelle, Suzan &amp; Freek en Nielson. Maar ook de klassiekers van Marco Borsato, De Kast, André Hazes sr. en Acda en De Munnik voorbijkomen. Geniet 7 dagen per week en 24 uur per dag van de lekkerste liedjes die Nederland te bieden heeft op 100% NL TV.</desc><category></category></programme><programme channel="2670" start="20221119180000 +0000" stop="20221119210000 +0000" catchup-id="899108148"><title>100% De muziek van Nederland</title><date></date><icon src="https://images.tv.kpn.com/epg/PSfKMEuFywb9B5hTpECZ9C7PvxG8iMdQ9BPf3xJbudI3us/1920x1080.jpg?blurred=false"></icon><desc>De beste muziek van Nederland bekijk je op 100% NL TV! Met een gevarieerd aanbod zie je de nieuwste hits van Davina Michelle, Suzan &amp; Freek en Nielson. Maar ook de klassiekers van Marco Borsato, De Kast, André Hazes sr. en Acda en De Munnik voorbijkomen. Geniet 7 dagen per week en 24 uur per dag van de lekkerste liedjes die Nederland te bieden heeft op 100% NL TV.</desc><category></category></programme><programme channel="2670" start="20221119210000 +0000" stop="20221119230000 +0000" catchup-id="899108151"><title>100% Relax</title><date></date><icon src="https://images.tv.kpn.com/epg/jee9CHLOREMmWBC4k8FA6SavQN9BOUHFIcJoARkuZVqY4/1920x1080.jpg?blurred=false"></icon><desc>De beste muziek van Nederland bekijk je op 100% NL TV! Met een gevarieerd aanbod zie je de nieuwste hits van Davina Michelle, Suzan &amp; Freek en Nielson. Maar ook de klassiekers van Marco Borsato, De Kast, André Hazes sr. en Acda en De Munnik voorbijkomen. Geniet 7 dagen per week en 24 uur per dag van de lekkerste liedjes die Nederland te bieden heeft op 100% NL TV.</desc><category></category></programme><programme channel="2670" start="20221119230000 +0000" stop="20221120060000 +0000" catchup-id="899150232"><title>100% Muzieknacht</title><date></date><icon src="https://images.tv.kpn.com/epg/yZJCbdbpg2QvOTfLyL44vgteYww1nw2wxhuxR8tMx60/1920x1080.jpg?blurred=false"></icon><desc>De beste muziek van Nederland bekijk je op 100% NL TV! Met een gevarieerd aanbod zie je de nieuwste hits van Davina Michelle, Suzan &amp; Freek en Nielson. Maar ook de klassiekers van Marco Borsato, De Kast, André Hazes sr. en Acda en De Munnik voorbijkomen. Geniet 7 dagen per week en 24 uur per dag van de lekkerste liedjes die Nederland te bieden heeft op 100% NL TV.</desc><category></category></programme><programme channel="2670" start="20221120060000 +0000" stop="20221120090000 +0000" catchup-id="899150241"><title>100% Ochtendshow</title><date></date><icon src="https://images.tv.kpn.com/epg/OcPLvsvi0Reh9BdmoELXdaGl9AzW8MwfEe8mxyzWSA9CEU/1920x1080.jpg?blurred=false"></icon><desc>De beste muziek van Nederland bekijk je op 100% NL TV! Met een gevarieerd aanbod zie je de nieuwste hits van Davina Michelle, Suzan &amp; Freek en Nielson. Maar ook de klassiekers van Marco Borsato, De Kast, André Hazes sr. en Acda en De Munnik voorbijkomen. Geniet 7 dagen per week en 24 uur per dag van de lekkerste liedjes die Nederland te bieden heeft op 100% NL TV.</desc><category></category></programme><programme channel="2670" start="20221120090000 +0000" stop="20221120110000 +0000" catchup-id="899150253"><title>100% VIP Ochtend</title><date></date><icon src="https://images.tv.kpn.com/epg/VQZyvY9ACCS5eB9CJMp2EpXV1j42pasQY3MugdH5TxPz4/1920x1080.jpg?blurred=false"></icon><desc>De beste muziek van Nederland bekijk je op 100% NL TV! Met een gevarieerd aanbod zie je de nieuwste hits van Davina Michelle, Suzan &amp; Freek en Nielson. Maar ook de klassiekers van Marco Borsato, De Kast, André Hazes sr. en Acda en De Munnik voorbijkomen. Geniet 7 dagen per week en 24 uur per dag van de lekkerste liedjes die Nederland te bieden heeft op 100% NL TV.</desc><category></category></programme><programme channel="2670" start="20221120110000 +0000" stop="20221120150000 +0000" catchup-id="899150262"><title>100% Muziek</title><date></date><icon src="https://images.tv.kpn.com/epg/VQZyvY9ACCS5eB9CJMp2EpXV1j42pasQY3MugdH5TxPz4/1920x1080.jpg?blurred=false"></icon><desc>De beste muziek van Nederland bekijk je op 100% NL TV! Met een gevarieerd aanbod zie je de nieuwste hits van Davina Michelle, Suzan &amp; Freek en Nielson. Maar ook de klassiekers van Marco Borsato, De Kast, André Hazes sr. en Acda en De Munnik voorbijkomen. Geniet 7 dagen per week en 24 uur per dag van de lekkerste liedjes die Nederland te bieden heeft op 100% NL TV.</desc><category></category></programme><programme channel="2670" start="20221120150000 +0000" stop="20221120180000 +0000" catchup-id="899150271"><title>100% De week van 100% NL</title><date></date><icon src="https://images.tv.kpn.com/epg/jee9CHLOREMmWBC4k8FA6SavQN9BOUHFIcJoARkuZVqY4/1920x1080.jpg?blurred=false"></icon><desc>De beste muziek van Nederland bekijk je op 100% NL TV! Met een gevarieerd aanbod zie je de nieuwste hits van Davina Michelle, Suzan &amp; Freek en Nielson. Maar ook de klassiekers van Marco Borsato, De Kast, André Hazes sr. en Acda en De Munnik voorbijkomen. Geniet 7 dagen per week en 24 uur per dag van de lekkerste liedjes die Nederland te bieden heeft op 100% NL TV.</desc><category></category></programme><programme channel="2670" start="20221120180000 +0000" stop="20221120210000 +0000" catchup-id="899150283"><title>100% De muziek van Nederland</title><date></date><icon src="https://images.tv.kpn.com/epg/OcPLvsvi0Reh9BdmoELXdaGl9AzW8MwfEe8mxyzWSA9CEU/1920x1080.jpg?blurred=false"></icon><desc>De beste muziek van Nederland bekijk je op 100% NL TV! Met een gevarieerd aanbod zie je de nieuwste hits van Davina Michelle, Suzan &amp; Freek en Nielson. Maar ook de klassiekers van Marco Borsato, De Kast, André Hazes sr. en Acda en De Munnik voorbijkomen. Geniet 7 dagen per week en 24 uur per dag van de lekkerste liedjes die Nederland te bieden heeft op 100% NL TV.</desc><category></category></programme><programme channel="2670" start="20221120210000 +0000" stop="20221120230000 +0000" catchup-id="899150289"><title>100% Relax</title><date></date><icon src="https://images.tv.kpn.com/epg/dg4vH9CXjf1wPsvXg4L7Idb9Bbhcreumlj9AUADPjxh9Bng/1920x1080.jpg?blurred=false"></icon><desc>De beste muziek van Nederland bekijk je op 100% NL TV! Met een gevarieerd aanbod zie je de nieuwste hits van Davina Michelle, Suzan &amp; Freek en Nielson. Maar ook de klassiekers van Marco Borsato, De Kast, André Hazes sr. en Acda en De Munnik voorbijkomen. Geniet 7 dagen per week en 24 uur per dag van de lekkerste liedjes die Nederland te bieden heeft op 100% NL TV.</desc><category></category></programme><programme channel="2670" start="20221120230000 +0000" stop="20221121060000 +0000" catchup-id="899192649"><title>100% Muzieknacht</title><date></date><icon src="https://images.tv.kpn.com/epg/OcPLvsvi0Reh9BdmoELXdaGl9AzW8MwfEe8mxyzWSA9CEU/1920x1080.jpg?blurred=false"></icon><desc>De beste muziek van Nederland bekijk je op 100% NL TV! Met een gevarieerd aanbod zie je de nieuwste hits van Davina Michelle, Suzan &amp; Freek en Nielson. Maar ook de klassiekers van Marco Borsato, De Kast, André Hazes sr. en Acda en De Munnik voorbijkomen. Geniet 7 dagen per week en 24 uur per dag van de lekkerste liedjes die Nederland te bieden heeft op 100% NL TV.</desc><category></category></programme><programme channel="2670" start="20221121060000 +0000" stop="20221121090000 +0000" catchup-id="899192655"><title>100% Ochtendshow</title><date></date><icon src="https://images.tv.kpn.com/epg/PSfKMEuFywb9B5hTpECZ9C7PvxG8iMdQ9BPf3xJbudI3us/1920x1080.jpg?blurred=false"></icon><desc>De beste muziek van Nederland bekijk je op 100% NL TV! Met een gevarieerd aanbod zie je de nieuwste hits van Davina Michelle, Suzan &amp; Freek en Nielson. Maar ook de klassiekers van Marco Borsato, De Kast, André Hazes sr. en Acda en De Munnik voorbijkomen. Geniet 7 dagen per week en 24 uur per dag van de lekkerste liedjes die Nederland te bieden heeft op 100% NL TV.</desc><category></category></programme><programme channel="2670" start="20221121090000 +0000" stop="20221121110000 +0000" catchup-id="899192661"><title>100% VIP Ochtend</title><date></date><icon src="https://images.tv.kpn.com/epg/dg4vH9CXjf1wPsvXg4L7Idb9Bbhcreumlj9AUADPjxh9Bng/1920x1080.jpg?blurred=false"></icon><desc>De beste muziek van Nederland bekijk je op 100% NL TV! Met een gevarieerd aanbod zie je de nieuwste hits van Davina Michelle, Suzan &amp; Freek en Nielson. Maar ook de klassiekers van Marco Borsato, De Kast, André Hazes sr. en Acda en De Munnik voorbijkomen. Geniet 7 dagen per week en 24 uur per dag van de lekkerste liedjes die Nederland te bieden heeft op 100% NL TV.</desc><category></category></programme><programme channel="2670" start="20221121110000 +0000" stop="20221121150000 +0000" catchup-id="899192670"><title>100% Muziek</title><date></date><icon src="https://images.tv.kpn.com/epg/dg4vH9CXjf1wPsvXg4L7Idb9Bbhcreumlj9AUADPjxh9Bng/1920x1080.jpg?blurred=false"></icon><desc>De beste muziek van Nederland bekijk je op 100% NL TV! Met een gevarieerd aanbod zie je de nieuwste hits van Davina Michelle, Suzan &amp; Freek en Nielson. Maar ook de klassiekers van Marco Borsato, De Kast, André Hazes sr. en Acda en De Munnik voorbijkomen. Geniet 7 dagen per week en 24 uur per dag van de lekkerste liedjes die Nederland te bieden heeft op 100% NL TV.</desc><category></category></programme><programme channel="2670" start="20221121150000 +0000" stop="20221121180000 +0000" catchup-id="899192676"><title>100% De week van 100% NL</title><date></date><icon src="https://images.tv.kpn.com/epg/jee9CHLOREMmWBC4k8FA6SavQN9BOUHFIcJoARkuZVqY4/1920x1080.jpg?blurred=false"></icon><desc>De beste muziek van Nederland bekijk je op 100% NL TV! Met een gevarieerd aanbod zie je de nieuwste hits van Davina Michelle, Suzan &amp; Freek en Nielson. Maar ook de klassiekers van Marco Borsato, De Kast, André Hazes sr. en Acda en De Munnik voorbijkomen. Geniet 7 dagen per week en 24 uur per dag van de lekkerste liedjes die Nederland te bieden heeft op 100% NL TV.</desc><category></category></programme><programme channel="2670" start="20221121180000 +0000" stop="20221121210000 +0000" catchup-id="899192682"><title>100% De muziek van Nederland</title><date></date><icon src="https://images.tv.kpn.com/epg/dg4vH9CXjf1wPsvXg4L7Idb9Bbhcreumlj9AUADPjxh9Bng/1920x1080.jpg?blurred=false"></icon><desc>De beste muziek van Nederland bekijk je op 100% NL TV! Met een gevarieerd aanbod zie je de nieuwste hits van Davina Michelle, Suzan &amp; Freek en Nielson. Maar ook de klassiekers van Marco Borsato, De Kast, André Hazes sr. en Acda en De Munnik voorbijkomen. Geniet 7 dagen per week en 24 uur per dag van de lekkerste liedjes die Nederland te bieden heeft op 100% NL TV.</desc><category></category></programme><programme channel="2670" start="20221121210000 +0000" stop="20221121230000 +0000" catchup-id="899192688"><title>100% Relax</title><date></date><icon src="https://images.tv.kpn.com/epg/yZJCbdbpg2QvOTfLyL44vgteYww1nw2wxhuxR8tMx60/1920x1080.jpg?blurred=false"></icon><desc>De beste muziek van Nederland bekijk je op 100% NL TV! Met een gevarieerd aanbod zie je de nieuwste hits van Davina Michelle, Suzan &amp; Freek en Nielson. Maar ook de klassiekers van Marco Borsato, De Kast, André Hazes sr. en Acda en De Munnik voorbijkomen. Geniet 7 dagen per week en 24 uur per dag van de lekkerste liedjes die Nederland te bieden heeft op 100% NL TV.</desc><category></category></programme><programme channel="2670" start="20221121230000 +0000" stop="20221122060000 +0000" catchup-id="899237691"><title>100% Muzieknacht</title><date></date><icon src="https://images.tv.kpn.com/epg/OcPLvsvi0Reh9BdmoELXdaGl9AzW8MwfEe8mxyzWSA9CEU/1920x1080.jpg?blurred=false"></icon><desc>De beste muziek van Nederland bekijk je op 100% NL TV! Met een gevarieerd aanbod zie je de nieuwste hits van Davina Michelle, Suzan &amp; Freek en Nielson. Maar ook de klassiekers van Marco Borsato, De Kast, André Hazes sr. en Acda en De Munnik voorbijkomen. Geniet 7 dagen per week en 24 uur per dag van de lekkerste liedjes die Nederland te bieden heeft op 100% NL TV.</desc><category></category></programme><programme channel="2670" start="20221122060000 +0000" stop="20221122090000 +0000" catchup-id="899237694"><title>100% Ochtendshow</title><date></date><icon src="https://images.tv.kpn.com/epg/yZJCbdbpg2QvOTfLyL44vgteYww1nw2wxhuxR8tMx60/1920x1080.jpg?blurred=false"></icon><desc>De beste muziek van Nederland bekijk je op 100% NL TV! Met een gevarieerd aanbod zie je de nieuwste hits van Davina Michelle, Suzan &amp; Freek en Nielson. Maar ook de klassiekers van Marco Borsato, De Kast, André Hazes sr. en Acda en De Munnik voorbijkomen. Geniet 7 dagen per week en 24 uur per dag van de lekkerste liedjes die Nederland te bieden heeft op 100% NL TV.</desc><category></category></programme><programme channel="2670" start="20221122090000 +0000" stop="20221122110000 +0000" catchup-id="899237697"><title>100% VIP Ochtend</title><date></date><icon src="https://images.tv.kpn.com/epg/VQZyvY9ACCS5eB9CJMp2EpXV1j42pasQY3MugdH5TxPz4/1920x1080.jpg?blurred=false"></icon><desc>De beste muziek van Nederland bekijk je op 100% NL TV! Met een gevarieerd aanbod zie je de nieuwste hits van Davina Michelle, Suzan &amp; Freek en Nielson. Maar ook de klassiekers van Marco Borsato, De Kast, André Hazes sr. en Acda en De Munnik voorbijkomen. Geniet 7 dagen per week en 24 uur per dag van de lekkerste liedjes die Nederland te bieden heeft op 100% NL TV.</desc><category></category></programme><programme channel="2670" start="20221122110000 +0000" stop="20221122150000 +0000" catchup-id="899237700"><title>100% Muziek</title><date></date><icon src="https://images.tv.kpn.com/epg/OcPLvsvi0Reh9BdmoELXdaGl9AzW8MwfEe8mxyzWSA9CEU/1920x1080.jpg?blurred=false"></icon><desc>De beste muziek van Nederland bekijk je op 100% NL TV! Met een gevarieerd aanbod zie je de nieuwste hits van Davina Michelle, Suzan &amp; Freek en Nielson. Maar ook de klassiekers van Marco Borsato, De Kast, André Hazes sr. en Acda en De Munnik voorbijkomen. Geniet 7 dagen per week en 24 uur per dag van de lekkerste liedjes die Nederland te bieden heeft op 100% NL TV.</desc><category></category></programme><programme channel="2670" start="20221122150000 +0000" stop="20221122180000 +0000" catchup-id="899237703"><title>100% De week van 100% NL</title><date></date><icon src="https://images.tv.kpn.com/epg/jee9CHLOREMmWBC4k8FA6SavQN9BOUHFIcJoARkuZVqY4/1920x1080.jpg?blurred=false"></icon><desc>De beste muziek van Nederland bekijk je op 100% NL TV! Met een gevarieerd aanbod zie je de nieuwste hits van Davina Michelle, Suzan &amp; Freek en Nielson. Maar ook de klassiekers van Marco Borsato, De Kast, André Hazes sr. en Acda en De Munnik voorbijkomen. Geniet 7 dagen per week en 24 uur per dag van de lekkerste liedjes die Nederland te bieden heeft op 100% NL TV.</desc><category></category></programme><programme channel="2670" start="20221122180000 +0000" stop="20221122210000 +0000" catchup-id="899237706"><title>100% De muziek van Nederland</title><date></date><icon src="https://images.tv.kpn.com/epg/PSfKMEuFywb9B5hTpECZ9C7PvxG8iMdQ9BPf3xJbudI3us/1920x1080.jpg?blurred=false"></icon><desc>De beste muziek van Nederland bekijk je op 100% NL TV! Met een gevarieerd aanbod zie je de nieuwste hits van Davina Michelle, Suzan &amp; Freek en Nielson. Maar ook de klassiekers van Marco Borsato, De Kast, André Hazes sr. en Acda en De Munnik voorbijkomen. Geniet 7 dagen per week en 24 uur per dag van de lekkerste liedjes die Nederland te bieden heeft op 100% NL TV.</desc><category></category></programme><programme channel="2670" start="20221122210000 +0000" stop="20221122230000 +0000" catchup-id="899237709"><title>100% Relax</title><date></date><icon src="https://images.tv.kpn.com/epg/VQZyvY9ACCS5eB9CJMp2EpXV1j42pasQY3MugdH5TxPz4/1920x1080.jpg?blurred=false"></icon><desc>De beste muziek van Nederland bekijk je op 100% NL TV! Met een gevarieerd aanbod zie je de nieuwste hits van Davina Michelle, Suzan &amp; Freek en Nielson. Maar ook de klassiekers van Marco Borsato, De Kast, André Hazes sr. en Acda en De Munnik voorbijkomen. Geniet 7 dagen per week en 24 uur per dag van de lekkerste liedjes die Nederland te bieden heeft op 100% NL TV.</desc><category></category></programme><programme channel="2670" start="20221122230000 +0000" stop="20221123060000 +0000" catchup-id="899282103"><title>100% Muzieknacht</title><date></date><icon src="https://images.tv.kpn.com/epg/qKSx5qRInSdGGi9C2XuVfXp37zPdwY8sslkdMikvV4zY/1920x1080.jpg?blurred=false"></icon><desc>De beste muziek van Nederland bekijk je op 100% NL TV! Met een gevarieerd aanbod zie je de nieuwste hits van Davina Michelle, Suzan &amp; Freek en Nielson. Maar ook de klassiekers van Marco Borsato, De Kast, André Hazes sr. en Acda en De Munnik voorbijkomen. Geniet 7 dagen per week en 24 uur per dag van de lekkerste liedjes die Nederland te bieden heeft op 100% NL TV.</desc><category></category></programme><programme channel="2670" start="20221123060000 +0000" stop="20221123090000 +0000" catchup-id="899282106"><title>100% Ochtendshow</title><date></date><icon src="https://images.tv.kpn.com/epg/VQZyvY9ACCS5eB9CJMp2EpXV1j42pasQY3MugdH5TxPz4/1920x1080.jpg?blurred=false"></icon><desc>De beste muziek van Nederland bekijk je op 100% NL TV! Met een gevarieerd aanbod zie je de nieuwste hits van Davina Michelle, Suzan &amp; Freek en Nielson. Maar ook de klassiekers van Marco Borsato, De Kast, André Hazes sr. en Acda en De Munnik voorbijkomen. Geniet 7 dagen per week en 24 uur per dag van de lekkerste liedjes die Nederland te bieden heeft op 100% NL TV.</desc><category></category></programme><programme channel="2670" start="20221123090000 +0000" stop="20221123110000 +0000" catchup-id="899282109"><title>100% VIP Ochtend</title><date></date><icon src="https://images.tv.kpn.com/epg/dg4vH9CXjf1wPsvXg4L7Idb9Bbhcreumlj9AUADPjxh9Bng/1920x1080.jpg?blurred=false"></icon><desc>De beste muziek van Nederland bekijk je op 100% NL TV! Met een gevarieerd aanbod zie je de nieuwste hits van Davina Michelle, Suzan &amp; Freek en Nielson. Maar ook de klassiekers van Marco Borsato, De Kast, André Hazes sr. en Acda en De Munnik voorbijkomen. Geniet 7 dagen per week en 24 uur per dag van de lekkerste liedjes die Nederland te bieden heeft op 100% NL TV.</desc><category></category></programme><programme channel="2670" start="20221123110000 +0000" stop="20221123150000 +0000" catchup-id="899282112"><title>100% Muziek</title><date></date><icon src="https://images.tv.kpn.com/epg/dg4vH9CXjf1wPsvXg4L7Idb9Bbhcreumlj9AUADPjxh9Bng/1920x1080.jpg?blurred=false"></icon><desc>De beste muziek van Nederland bekijk je op 100% NL TV! Met een gevarieerd aanbod zie je de nieuwste hits van Davina Michelle, Suzan &amp; Freek en Nielson. Maar ook de klassiekers van Marco Borsato, De Kast, André Hazes sr. en Acda en De Munnik voorbijkomen. Geniet 7 dagen per week en 24 uur per dag van de lekkerste liedjes die Nederland te bieden heeft op 100% NL TV.</desc><category></category></programme><programme channel="2670" start="20221123150000 +0000" stop="20221123180000 +0000" catchup-id="899282115"><title>100% De week van 100% NL</title><date></date><icon src="https://images.tv.kpn.com/epg/VQZyvY9ACCS5eB9CJMp2EpXV1j42pasQY3MugdH5TxPz4/1920x1080.jpg?blurred=false"></icon><desc>De beste muziek van Nederland bekijk je op 100% NL TV! Met een gevarieerd aanbod zie je de nieuwste hits van Davina Michelle, Suzan &amp; Freek en Nielson. Maar ook de klassiekers van Marco Borsato, De Kast, André Hazes sr. en Acda en De Munnik voorbijkomen. Geniet 7 dagen per week en 24 uur per dag van de lekkerste liedjes die Nederland te bieden heeft op 100% NL TV.</desc><category></category></programme><programme channel="2670" start="20221123180000 +0000" stop="20221123210000 +0000" catchup-id="899282118"><title>100% De muziek van Nederland</title><date></date><icon src="https://images.tv.kpn.com/epg/jee9CHLOREMmWBC4k8FA6SavQN9BOUHFIcJoARkuZVqY4/1920x1080.jpg?blurred=false"></icon><desc>De beste muziek van Nederland bekijk je op 100% NL TV! Met een gevarieerd aanbod zie je de nieuwste hits van Davina Michelle, Suzan &amp; Freek en Nielson. Maar ook de klassiekers van Marco Borsato, De Kast, André Hazes sr. en Acda en De Munnik voorbijkomen. Geniet 7 dagen per week en 24 uur per dag van de lekkerste liedjes die Nederland te bieden heeft op 100% NL TV.</desc><category></category></programme><programme channel="2670" start="20221123210000 +0000" stop="20221123230000 +0000" catchup-id="899282121"><title>100% Relax</title><date></date><icon src="https://images.tv.kpn.com/epg/qKSx5qRInSdGGi9C2XuVfXp37zPdwY8sslkdMikvV4zY/1920x1080.jpg?blurred=false"></icon><desc>De beste muziek van Nederland bekijk je op 100% NL TV! Met een gevarieerd aanbod zie je de nieuwste hits van Davina Michelle, Suzan &amp; Freek en Nielson. Maar ook de klassiekers van Marco Borsato, De Kast, André Hazes sr. en Acda en De Munnik voorbijkomen. Geniet 7 dagen per week en 24 uur per dag van de lekkerste liedjes die Nederland te bieden heeft op 100% NL TV.</desc><category></category></programme><programme channel="2670" start="20221123230000 +0000" stop="20221124060000 +0000" catchup-id="899328972"><title>100% Muzieknacht</title><date></date><icon src="https://images.tv.kpn.com/epg/PSfKMEuFywb9B5hTpECZ9C7PvxG8iMdQ9BPf3xJbudI3us/1920x1080.jpg?blurred=false"></icon><desc>De beste muziek van Nederland bekijk je op 100% NL TV! Met een gevarieerd aanbod zie je de nieuwste hits van Davina Michelle, Suzan &amp; Freek en Nielson. Maar ook de klassiekers van Marco Borsato, De Kast, André Hazes sr. en Acda en De Munnik voorbijkomen. Geniet 7 dagen per week en 24 uur per dag van de lekkerste liedjes die Nederland te bieden heeft op 100% NL TV.</desc><category></category></programme><programme channel="2670" start="20221124060000 +0000" stop="20221124090000 +0000" catchup-id="899328975"><title>100% Ochtendshow</title><date></date><icon src="https://images.tv.kpn.com/epg/VQZyvY9ACCS5eB9CJMp2EpXV1j42pasQY3MugdH5TxPz4/1920x1080.jpg?blurred=false"></icon><desc>De beste muziek van Nederland bekijk je op 100% NL TV! Met een gevarieerd aanbod zie je de nieuwste hits van Davina Michelle, Suzan &amp; Freek en Nielson. Maar ook de klassiekers van Marco Borsato, De Kast, André Hazes sr. en Acda en De Munnik voorbijkomen. Geniet 7 dagen per week en 24 uur per dag van de lekkerste liedjes die Nederland te bieden heeft op 100% NL TV.</desc><category></category></programme><programme channel="2670" start="20221124090000 +0000" stop="20221124110000 +0000" catchup-id="899328978"><title>100% VIP Ochtend</title><date></date><icon src="https://images.tv.kpn.com/epg/jee9CHLOREMmWBC4k8FA6SavQN9BOUHFIcJoARkuZVqY4/1920x1080.jpg?blurred=false"></icon><desc>De beste muziek van Nederland bekijk je op 100% NL TV! Met een gevarieerd aanbod zie je de nieuwste hits van Davina Michelle, Suzan &amp; Freek en Nielson. Maar ook de klassiekers van Marco Borsato, De Kast, André Hazes sr. en Acda en De Munnik voorbijkomen. Geniet 7 dagen per week en 24 uur per dag van de lekkerste liedjes die Nederland te bieden heeft op 100% NL TV.</desc><category></category></programme><programme channel="2670" start="20221124110000 +0000" stop="20221124150000 +0000" catchup-id="899328981"><title>100% Muziek</title><date></date><icon src="https://images.tv.kpn.com/epg/yZJCbdbpg2QvOTfLyL44vgteYww1nw2wxhuxR8tMx60/1920x1080.jpg?blurred=false"></icon><desc>De beste muziek van Nederland bekijk je op 100% NL TV! Met een gevarieerd aanbod zie je de nieuwste hits van Davina Michelle, Suzan &amp; Freek en Nielson. Maar ook de klassiekers van Marco Borsato, De Kast, André Hazes sr. en Acda en De Munnik voorbijkomen. Geniet 7 dagen per week en 24 uur per dag van de lekkerste liedjes die Nederland te bieden heeft op 100% NL TV.</desc><category></category></programme><programme channel="2670" start="20221124150000 +0000" stop="20221124180000 +0000" catchup-id="899328984"><title>100% De week van 100% NL</title><date></date><icon src="https://images.tv.kpn.com/epg/jee9CHLOREMmWBC4k8FA6SavQN9BOUHFIcJoARkuZVqY4/1920x1080.jpg?blurred=false"></icon><desc>De beste muziek van Nederland bekijk je op 100% NL TV! Met een gevarieerd aanbod zie je de nieuwste hits van Davina Michelle, Suzan &amp; Freek en Nielson. Maar ook de klassiekers van Marco Borsato, De Kast, André Hazes sr. en Acda en De Munnik voorbijkomen. Geniet 7 dagen per week en 24 uur per dag van de lekkerste liedjes die Nederland te bieden heeft op 100% NL TV.</desc><category></category></programme><programme channel="2670" start="20221124180000 +0000" stop="20221124210000 +0000" catchup-id="899328987"><title>100% De muziek van Nederland</title><date></date><icon src="https://images.tv.kpn.com/epg/dg4vH9CXjf1wPsvXg4L7Idb9Bbhcreumlj9AUADPjxh9Bng/1920x1080.jpg?blurred=false"></icon><desc>De beste muziek van Nederland bekijk je op 100% NL TV! Met een gevarieerd aanbod zie je de nieuwste hits van Davina Michelle, Suzan &amp; Freek en Nielson. Maar ook de klassiekers van Marco Borsato, De Kast, André Hazes sr. en Acda en De Munnik voorbijkomen. Geniet 7 dagen per week en 24 uur per dag van de lekkerste liedjes die Nederland te bieden heeft op 100% NL TV.</desc><category></category></programme><programme channel="2670" start="20221124210000 +0000" stop="20221124230000 +0000" catchup-id="899328990"><title>100% Relax</title><date></date><icon src="https://images.tv.kpn.com/epg/jee9CHLOREMmWBC4k8FA6SavQN9BOUHFIcJoARkuZVqY4/1920x1080.jpg?blurred=false"></icon><desc>De beste muziek van Nederland bekijk je op 100% NL TV! Met een gevarieerd aanbod zie je de nieuwste hits van Davina Michelle, Suzan &amp; Freek en Nielson. Maar ook de klassiekers van Marco Borsato, De Kast, André Hazes sr. en Acda en De Munnik voorbijkomen. Geniet 7 dagen per week en 24 uur per dag van de lekkerste liedjes die Nederland te bieden heeft op 100% NL TV.</desc><category></category></programme><programme channel="2670" start="20221124230000 +0000" stop="20221125060000 +0000" catchup-id="899379450"><title>100% Muzieknacht</title><date></date><icon src="https://images.tv.kpn.com/epg/qKSx5qRInSdGGi9C2XuVfXp37zPdwY8sslkdMikvV4zY/1920x1080.jpg?blurred=false"></icon><desc>De beste muziek van Nederland bekijk je op 100% NL TV! Met een gevarieerd aanbod zie je de nieuwste hits van Davina Michelle, Suzan &amp; Freek en Nielson. Maar ook de klassiekers van Marco Borsato, De Kast, André Hazes sr. en Acda en De Munnik voorbijkomen. Geniet 7 dagen per week en 24 uur per dag van de lekkerste liedjes die Nederland te bieden heeft op 100% NL TV.</desc><category></category></programme><programme channel="2670" start="20221125060000 +0000" stop="20221125090000 +0000" catchup-id="899379456"><title>100% Ochtendshow</title><date></date><icon src="https://images.tv.kpn.com/epg/yZJCbdbpg2QvOTfLyL44vgteYww1nw2wxhuxR8tMx60/1920x1080.jpg?blurred=false"></icon><desc>De beste muziek van Nederland bekijk je op 100% NL TV! Met een gevarieerd aanbod zie je de nieuwste hits van Davina Michelle, Suzan &amp; Freek en Nielson. Maar ook de klassiekers van Marco Borsato, De Kast, André Hazes sr. en Acda en De Munnik voorbijkomen. Geniet 7 dagen per week en 24 uur per dag van de lekkerste liedjes die Nederland te bieden heeft op 100% NL TV.</desc><category></category></programme><programme channel="2670" start="20221125090000 +0000" stop="20221125110000 +0000" catchup-id="899379462"><title>100% VIP Ochtend</title><date></date><icon src="https://images.tv.kpn.com/epg/jee9CHLOREMmWBC4k8FA6SavQN9BOUHFIcJoARkuZVqY4/1920x1080.jpg?blurred=false"></icon><desc>De beste muziek van Nederland bekijk je op 100% NL TV! Met een gevarieerd aanbod zie je de nieuwste hits van Davina Michelle, Suzan &amp; Freek en Nielson. Maar ook de klassiekers van Marco Borsato, De Kast, André Hazes sr. en Acda en De Munnik voorbijkomen. Geniet 7 dagen per week en 24 uur per dag van de lekkerste liedjes die Nederland te bieden heeft op 100% NL TV.</desc><category></category></programme><programme channel="2670" start="20221125110000 +0000" stop="20221125150000 +0000" catchup-id="899379468"><title>100% Muziek</title><date></date><icon src="https://images.tv.kpn.com/epg/PSfKMEuFywb9B5hTpECZ9C7PvxG8iMdQ9BPf3xJbudI3us/1920x1080.jpg?blurred=false"></icon><desc>De beste muziek van Nederland bekijk je op 100% NL TV! Met een gevarieerd aanbod zie je de nieuwste hits van Davina Michelle, Suzan &amp; Freek en Nielson. Maar ook de klassiekers van Marco Borsato, De Kast, André Hazes sr. en Acda en De Munnik voorbijkomen. Geniet 7 dagen per week en 24 uur per dag van de lekkerste liedjes die Nederland te bieden heeft op 100% NL TV.</desc><category></category></programme><programme channel="2670" start="20221125150000 +0000" stop="20221125180000 +0000" catchup-id="899379474"><title>100% De week van 100% NL</title><date></date><icon src="https://images.tv.kpn.com/epg/jee9CHLOREMmWBC4k8FA6SavQN9BOUHFIcJoARkuZVqY4/1920x1080.jpg?blurred=false"></icon><desc>De beste muziek van Nederland bekijk je op 100% NL TV! Met een gevarieerd aanbod zie je de nieuwste hits van Davina Michelle, Suzan &amp; Freek en Nielson. Maar ook de klassiekers van Marco Borsato, De Kast, André Hazes sr. en Acda en De Munnik voorbijkomen. Geniet 7 dagen per week en 24 uur per dag van de lekkerste liedjes die Nederland te bieden heeft op 100% NL TV.</desc><category></category></programme><programme channel="2670" start="20221125180000 +0000" stop="20221125210000 +0000" catchup-id="899379480"><title>100% De muziek van Nederland</title><date></date><icon src="https://images.tv.kpn.com/epg/VQZyvY9ACCS5eB9CJMp2EpXV1j42pasQY3MugdH5TxPz4/1920x1080.jpg?blurred=false"></icon><desc>De beste muziek van Nederland bekijk je op 100% NL TV! Met een gevarieerd aanbod zie je de nieuwste hits van Davina Michelle, Suzan &amp; Freek en Nielson. Maar ook de klassiekers van Marco Borsato, De Kast, André Hazes sr. en Acda en De Munnik voorbijkomen. Geniet 7 dagen per week en 24 uur per dag van de lekkerste liedjes die Nederland te bieden heeft op 100% NL TV.</desc><category></category></programme><programme channel="2670" start="20221125210000 +0000" stop="20221125230000 +0000" catchup-id="899379486"><title>100% Relax</title><date></date><icon src="https://images.tv.kpn.com/epg/qKSx5qRInSdGGi9C2XuVfXp37zPdwY8sslkdMikvV4zY/1920x1080.jpg?blurred=false"></icon><desc>De beste muziek van Nederland bekijk je op 100% NL TV! Met een gevarieerd aanbod zie je de nieuwste hits van Davina Michelle, Suzan &amp; Freek en Nielson. Maar ook de klassiekers van Marco Borsato, De Kast, André Hazes sr. en Acda en De Munnik voorbijkomen. Geniet 7 dagen per week en 24 uur per dag van de lekkerste liedjes die Nederland te bieden heeft op 100% NL TV.</desc><category></category></programme><programme channel="2670" start="20221125230000 +0000" stop="20221126060000 +0000" catchup-id="899421774"><title>100% Muzieknacht</title><date></date><icon src="https://images.tv.kpn.com/epg/dg4vH9CXjf1wPsvXg4L7Idb9Bbhcreumlj9AUADPjxh9Bng/1920x1080.jpg?blurred=false"></icon><desc>De beste muziek van Nederland bekijk je op 100% NL TV! Met een gevarieerd aanbod zie je de nieuwste hits van Davina Michelle, Suzan &amp; Freek en Nielson. Maar ook de klassiekers van Marco Borsato, De Kast, André Hazes sr. en Acda en De Munnik voorbijkomen. Geniet 7 dagen per week en 24 uur per dag van de lekkerste liedjes die Nederland te bieden heeft op 100% NL TV.</desc><category></category></programme><programme channel="2670" start="20221126060000 +0000" stop="20221126090000 +0000" catchup-id="899421777"><title>100% Ochtendshow</title><date></date><icon src="https://images.tv.kpn.com/epg/jee9CHLOREMmWBC4k8FA6SavQN9BOUHFIcJoARkuZVqY4/1920x1080.jpg?blurred=false"></icon><desc>De beste muziek van Nederland bekijk je op 100% NL TV! Met een gevarieerd aanbod zie je de nieuwste hits van Davina Michelle, Suzan &amp; Freek en Nielson. Maar ook de klassiekers van Marco Borsato, De Kast, André Hazes sr. en Acda en De Munnik voorbijkomen. Geniet 7 dagen per week en 24 uur per dag van de lekkerste liedjes die Nederland te bieden heeft op 100% NL TV.</desc><category></category></programme><programme channel="2670" start="20221126090000 +0000" stop="20221126110000 +0000" catchup-id="899421780"><title>100% VIP Ochtend</title><date></date><icon src="https://images.tv.kpn.com/epg/OcPLvsvi0Reh9BdmoELXdaGl9AzW8MwfEe8mxyzWSA9CEU/1920x1080.jpg?blurred=false"></icon><desc>De beste muziek van Nederland bekijk je op 100% NL TV! Met een gevarieerd aanbod zie je de nieuwste hits van Davina Michelle, Suzan &amp; Freek en Nielson. Maar ook de klassiekers van Marco Borsato, De Kast, André Hazes sr. en Acda en De Munnik voorbijkomen. Geniet 7 dagen per week en 24 uur per dag van de lekkerste liedjes die Nederland te bieden heeft op 100% NL TV.</desc><category></category></programme><programme channel="2670" start="20221126110000 +0000" stop="20221126150000 +0000" catchup-id="899421783"><title>100% Muziek</title><date></date><icon src="https://images.tv.kpn.com/epg/jee9CHLOREMmWBC4k8FA6SavQN9BOUHFIcJoARkuZVqY4/1920x1080.jpg?blurred=false"></icon><desc>De beste muziek van Nederland bekijk je op 100% NL TV! Met een gevarieerd aanbod zie je de nieuwste hits van Davina Michelle, Suzan &amp; Freek en Nielson. Maar ook de klassiekers van Marco Borsato, De Kast, André Hazes sr. en Acda en De Munnik voorbijkomen. Geniet 7 dagen per week en 24 uur per dag van de lekkerste liedjes die Nederland te bieden heeft op 100% NL TV.</desc><category></category></programme><programme channel="2670" start="20221126150000 +0000" stop="20221126180000 +0000" catchup-id="899421786"><title>100% De week van 100% NL</title><date></date><icon src="https://images.tv.kpn.com/epg/OcPLvsvi0Reh9BdmoELXdaGl9AzW8MwfEe8mxyzWSA9CEU/1920x1080.jpg?blurred=false"></icon><desc>De beste muziek van Nederland bekijk je op 100% NL TV! Met een gevarieerd aanbod zie je de nieuwste hits van Davina Michelle, Suzan &amp; Freek en Nielson. Maar ook de klassiekers van Marco Borsato, De Kast, André Hazes sr. en Acda en De Munnik voorbijkomen. Geniet 7 dagen per week en 24 uur per dag van de lekkerste liedjes die Nederland te bieden heeft op 100% NL TV.</desc><category></category></programme><programme channel="2670" start="20221126180000 +0000" stop="20221126210000 +0000" catchup-id="899421789"><title>100% De muziek van Nederland</title><date></date><icon src="https://images.tv.kpn.com/epg/jee9CHLOREMmWBC4k8FA6SavQN9BOUHFIcJoARkuZVqY4/1920x1080.jpg?blurred=false"></icon><desc>De beste muziek van Nederland bekijk je op 100% NL TV! Met een gevarieerd aanbod zie je de nieuwste hits van Davina Michelle, Suzan &amp; Freek en Nielson. Maar ook de klassiekers van Marco Borsato, De Kast, André Hazes sr. en Acda en De Munnik voorbijkomen. Geniet 7 dagen per week en 24 uur per dag van de lekkerste liedjes die Nederland te bieden heeft op 100% NL TV.</desc><category></category></programme><programme channel="2670" start="20221126210000 +0000" stop="20221126230000 +0000" catchup-id="899421792"><title>100% Relax</title><date></date><icon src="https://images.tv.kpn.com/epg/OcPLvsvi0Reh9BdmoELXdaGl9AzW8MwfEe8mxyzWSA9CEU/1920x1080.jpg?blurred=false"></icon><desc>De beste muziek van Nederland bekijk je op 100% NL TV! Met een gevarieerd aanbod zie je de nieuwste hits van Davina Michelle, Suzan &amp; Freek en Nielson. Maar ook de klassiekers van Marco Borsato, De Kast, André Hazes sr. en Acda en De Munnik voorbijkomen. Geniet 7 dagen per week en 24 uur per dag van de lekkerste liedjes die Nederland te bieden heeft op 100% NL TV.</desc><category></category></programme><programme channel="2670" start="20221126230000 +0000" stop="20221127060000 +0000" catchup-id="899463747"><title>100% Muzieknacht</title><date></date><icon src="https://images.tv.kpn.com/epg/OcPLvsvi0Reh9BdmoELXdaGl9AzW8MwfEe8mxyzWSA9CEU/1920x1080.jpg?blurred=false"></icon><desc>De beste muziek van Nederland bekijk je op 100% NL TV! Met een gevarieerd aanbod zie je de nieuwste hits van Davina Michelle, Suzan &amp; Freek en Nielson. Maar ook de klassiekers van Marco Borsato, De Kast, André Hazes sr. en Acda en De Munnik voorbijkomen. Geniet 7 dagen per week en 24 uur per dag van de lekkerste liedjes die Nederland te bieden heeft op 100% NL TV.</desc><category></category></programme><programme channel="2670" start="20221127060000 +0000" stop="20221127090000 +0000" catchup-id="899463750"><title>100% Ochtendshow</title><date></date><icon src="https://images.tv.kpn.com/epg/PSfKMEuFywb9B5hTpECZ9C7PvxG8iMdQ9BPf3xJbudI3us/1920x1080.jpg?blurred=false"></icon><desc>De beste muziek van Nederland bekijk je op 100% NL TV! Met een gevarieerd aanbod zie je de nieuwste hits van Davina Michelle, Suzan &amp; Freek en Nielson. Maar ook de klassiekers van Marco Borsato, De Kast, André Hazes sr. en Acda en De Munnik voorbijkomen. Geniet 7 dagen per week en 24 uur per dag van de lekkerste liedjes die Nederland te bieden heeft op 100% NL TV.</desc><category></category></programme><programme channel="2670" start="20221127090000 +0000" stop="20221127110000 +0000" catchup-id="899463753"><title>100% VIP Ochtend</title><date></date><icon src="https://images.tv.kpn.com/epg/VQZyvY9ACCS5eB9CJMp2EpXV1j42pasQY3MugdH5TxPz4/1920x1080.jpg?blurred=false"></icon><desc>De beste muziek van Nederland bekijk je op 100% NL TV! Met een gevarieerd aanbod zie je de nieuwste hits van Davina Michelle, Suzan &amp; Freek en Nielson. Maar ook de klassiekers van Marco Borsato, De Kast, André Hazes sr. en Acda en De Munnik voorbijkomen. Geniet 7 dagen per week en 24 uur per dag van de lekkerste liedjes die Nederland te bieden heeft op 100% NL TV.</desc><category></category></programme><programme channel="2670" start="20221127110000 +0000" stop="20221127150000 +0000" catchup-id="899463756"><title>100% Muziek</title><date></date><icon src="https://images.tv.kpn.com/epg/dg4vH9CXjf1wPsvXg4L7Idb9Bbhcreumlj9AUADPjxh9Bng/1920x1080.jpg?blurred=false"></icon><desc>De beste muziek van Nederland bekijk je op 100% NL TV! Met een gevarieerd aanbod zie je de nieuwste hits van Davina Michelle, Suzan &amp; Freek en Nielson. Maar ook de klassiekers van Marco Borsato, De Kast, André Hazes sr. en Acda en De Munnik voorbijkomen. Geniet 7 dagen per week en 24 uur per dag van de lekkerste liedjes die Nederland te bieden heeft op 100% NL TV.</desc><category></category></programme><programme channel="2670" start="20221127150000 +0000" stop="20221127180000 +0000" catchup-id="899463759"><title>100% De week van 100% NL</title><date></date><icon src="https://images.tv.kpn.com/epg/dg4vH9CXjf1wPsvXg4L7Idb9Bbhcreumlj9AUADPjxh9Bng/1920x1080.jpg?blurred=false"></icon><desc>De beste muziek van Nederland bekijk je op 100% NL TV! Met een gevarieerd aanbod zie je de nieuwste hits van Davina Michelle, Suzan &amp; Freek en Nielson. Maar ook de klassiekers van Marco Borsato, De Kast, André Hazes sr. en Acda en De Munnik voorbijkomen. Geniet 7 dagen per week en 24 uur per dag van de lekkerste liedjes die Nederland te bieden heeft op 100% NL TV.</desc><category></category></programme><programme channel="2670" start="20221127180000 +0000" stop="20221127210000 +0000" catchup-id="899463762"><title>100% De muziek van Nederland</title><date></date><icon src="https://images.tv.kpn.com/epg/PSfKMEuFywb9B5hTpECZ9C7PvxG8iMdQ9BPf3xJbudI3us/1920x1080.jpg?blurred=false"></icon><desc>De beste muziek van Nederland bekijk je op 100% NL TV! Met een gevarieerd aanbod zie je de nieuwste hits van Davina Michelle, Suzan &amp; Freek en Nielson. Maar ook de klassiekers van Marco Borsato, De Kast, André Hazes sr. en Acda en De Munnik voorbijkomen. Geniet 7 dagen per week en 24 uur per dag van de lekkerste liedjes die Nederland te bieden heeft op 100% NL TV.</desc><category></category></programme><programme channel="2670" start="20221127210000 +0000" stop="20221127230000 +0000" catchup-id="899463765"><title>100% Relax</title><date></date><icon src="https://images.tv.kpn.com/epg/qKSx5qRInSdGGi9C2XuVfXp37zPdwY8sslkdMikvV4zY/1920x1080.jpg?blurred=false"></icon><desc>De beste muziek van Nederland bekijk je op 100% NL TV! Met een gevarieerd aanbod zie je de nieuwste hits van Davina Michelle, Suzan &amp; Freek en Nielson. Maar ook de klassiekers van Marco Borsato, De Kast, André Hazes sr. en Acda en De Munnik voorbijkomen. Geniet 7 dagen per week en 24 uur per dag van de lekkerste liedjes die Nederland te bieden heeft op 100% NL TV.</desc><category></category></programme><programme channel="2670" start="20221127230000 +0000" stop="20221128060000 +0000" catchup-id="899504661"><title>100% Muzieknacht</title><date></date><icon src="https://images.tv.kpn.com/epg/VQZyvY9ACCS5eB9CJMp2EpXV1j42pasQY3MugdH5TxPz4/1920x1080.jpg?blurred=false"></icon><desc>De beste muziek van Nederland bekijk je op 100% NL TV! Met een gevarieerd aanbod zie je de nieuwste hits van Davina Michelle, Suzan &amp; Freek en Nielson. Maar ook de klassiekers van Marco Borsato, De Kast, André Hazes sr. en Acda en De Munnik voorbijkomen. Geniet 7 dagen per week en 24 uur per dag van de lekkerste liedjes die Nederland te bieden heeft op 100% NL TV.</desc><category></category></programme><programme channel="2670" start="20221128060000 +0000" stop="20221128090000 +0000" catchup-id="899504667"><title>100% Ochtendshow</title><date></date><icon src="https://images.tv.kpn.com/epg/jee9CHLOREMmWBC4k8FA6SavQN9BOUHFIcJoARkuZVqY4/1920x1080.jpg?blurred=false"></icon><desc>De beste muziek van Nederland bekijk je op 100% NL TV! Met een gevarieerd aanbod zie je de nieuwste hits van Davina Michelle, Suzan &amp; Freek en Nielson. Maar ook de klassiekers van Marco Borsato, De Kast, André Hazes sr. en Acda en De Munnik voorbijkomen. Geniet 7 dagen per week en 24 uur per dag van de lekkerste liedjes die Nederland te bieden heeft op 100% NL TV.</desc><category></category></programme><programme channel="2670" start="20221128090000 +0000" stop="20221128110000 +0000" catchup-id="899504673"><title>100% VIP Ochtend</title><date></date><icon src="https://images.tv.kpn.com/epg/jee9CHLOREMmWBC4k8FA6SavQN9BOUHFIcJoARkuZVqY4/1920x1080.jpg?blurred=false"></icon><desc>De beste muziek van Nederland bekijk je op 100% NL TV! Met een gevarieerd aanbod zie je de nieuwste hits van Davina Michelle, Suzan &amp; Freek en Nielson. Maar ook de klassiekers van Marco Borsato, De Kast, André Hazes sr. en Acda en De Munnik voorbijkomen. Geniet 7 dagen per week en 24 uur per dag van de lekkerste liedjes die Nederland te bieden heeft op 100% NL TV.</desc><category></category></programme><programme channel="2670" start="20221128110000 +0000" stop="20221128150000 +0000" catchup-id="899504679"><title>100% Muziek</title><date></date><icon src="https://images.tv.kpn.com/epg/VQZyvY9ACCS5eB9CJMp2EpXV1j42pasQY3MugdH5TxPz4/1920x1080.jpg?blurred=false"></icon><desc>De beste muziek van Nederland bekijk je op 100% NL TV! Met een gevarieerd aanbod zie je de nieuwste hits van Davina Michelle, Suzan &amp; Freek en Nielson. Maar ook de klassiekers van Marco Borsato, De Kast, André Hazes sr. en Acda en De Munnik voorbijkomen. Geniet 7 dagen per week en 24 uur per dag van de lekkerste liedjes die Nederland te bieden heeft op 100% NL TV.</desc><category></category></programme><programme channel="2670" start="20221128150000 +0000" stop="20221128180000 +0000" catchup-id="899504682"><title>100% De week van 100% NL</title><date></date><icon src="https://images.tv.kpn.com/epg/PSfKMEuFywb9B5hTpECZ9C7PvxG8iMdQ9BPf3xJbudI3us/1920x1080.jpg?blurred=false"></icon><desc>De beste muziek van Nederland bekijk je op 100% NL TV! Met een gevarieerd aanbod zie je de nieuwste hits van Davina Michelle, Suzan &amp; Freek en Nielson. Maar ook de klassiekers van Marco Borsato, De Kast, André Hazes sr. en Acda en De Munnik voorbijkomen. Geniet 7 dagen per week en 24 uur per dag van de lekkerste liedjes die Nederland te bieden heeft op 100% NL TV.</desc><category></category></programme><programme channel="2670" start="20221128180000 +0000" stop="20221128210000 +0000" catchup-id="899504685"><title>100% De muziek van Nederland</title><date></date><icon src="https://images.tv.kpn.com/epg/qKSx5qRInSdGGi9C2XuVfXp37zPdwY8sslkdMikvV4zY/1920x1080.jpg?blurred=false"></icon><desc>De beste muziek van Nederland bekijk je op 100% NL TV! Met een gevarieerd aanbod zie je de nieuwste hits van Davina Michelle, Suzan &amp; Freek en Nielson. Maar ook de klassiekers van Marco Borsato, De Kast, André Hazes sr. en Acda en De Munnik voorbijkomen. Geniet 7 dagen per week en 24 uur per dag van de lekkerste liedjes die Nederland te bieden heeft op 100% NL TV.</desc><category></category></programme><programme channel="2670" start="20221128210000 +0000" stop="20221128230000 +0000" catchup-id="899504688"><title>100% Relax</title><date></date><icon src="https://images.tv.kpn.com/epg/qKSx5qRInSdGGi9C2XuVfXp37zPdwY8sslkdMikvV4zY/1920x1080.jpg?blurred=false"></icon><desc>De beste muziek van Nederland bekijk je op 100% NL TV! Met een gevarieerd aanbod zie je de nieuwste hits van Davina Michelle, Suzan &amp; Freek en Nielson. Maar ook de klassiekers van Marco Borsato, De Kast, André Hazes sr. en Acda en De Munnik voorbijkomen. Geniet 7 dagen per week en 24 uur per dag van de lekkerste liedjes die Nederland te bieden heeft op 100% NL TV.</desc><category></category></programme><programme channel="2670" start="20221128230000 +0000" stop="20221129060000 +0000" catchup-id="899550537"><title>100% Muzieknacht</title><date></date><icon src="https://images.tv.kpn.com/epg/qKSx5qRInSdGGi9C2XuVfXp37zPdwY8sslkdMikvV4zY/1920x1080.jpg?blurred=false"></icon><desc>De beste muziek van Nederland bekijk je op 100% NL TV! Met een gevarieerd aanbod zie je de nieuwste hits van Davina Michelle, Suzan &amp; Freek en Nielson. Maar ook de klassiekers van Marco Borsato, De Kast, André Hazes sr. en Acda en De Munnik voorbijkomen. Geniet 7 dagen per week en 24 uur per dag van de lekkerste liedjes die Nederland te bieden heeft op 100% NL TV.</desc><category></category></programme><programme channel="2670" start="20221129060000 +0000" stop="20221129090000 +0000" catchup-id="899550540"><title>100% Ochtendshow</title><date></date><icon src="https://images.tv.kpn.com/epg/dg4vH9CXjf1wPsvXg4L7Idb9Bbhcreumlj9AUADPjxh9Bng/1920x1080.jpg?blurred=false"></icon><desc>De beste muziek van Nederland bekijk je op 100% NL TV! Met een gevarieerd aanbod zie je de nieuwste hits van Davina Michelle, Suzan &amp; Freek en Nielson. Maar ook de klassiekers van Marco Borsato, De Kast, André Hazes sr. en Acda en De Munnik voorbijkomen. Geniet 7 dagen per week en 24 uur per dag van de lekkerste liedjes die Nederland te bieden heeft op 100% NL TV.</desc><category></category></programme><programme channel="2670" start="20221129090000 +0000" stop="20221129110000 +0000" catchup-id="899550543"><title>100% VIP Ochtend</title><date></date><icon src="https://images.tv.kpn.com/epg/qKSx5qRInSdGGi9C2XuVfXp37zPdwY8sslkdMikvV4zY/1920x1080.jpg?blurred=false"></icon><desc>De beste muziek van Nederland bekijk je op 100% NL TV! Met een gevarieerd aanbod zie je de nieuwste hits van Davina Michelle, Suzan &amp; Freek en Nielson. Maar ook de klassiekers van Marco Borsato, De Kast, André Hazes sr. en Acda en De Munnik voorbijkomen. Geniet 7 dagen per week en 24 uur per dag van de lekkerste liedjes die Nederland te bieden heeft op 100% NL TV.</desc><category></category></programme><programme channel="2670" start="20221129110000 +0000" stop="20221129150000 +0000" catchup-id="899550546"><title>100% Muziek</title><date></date><icon src="https://images.tv.kpn.com/epg/VQZyvY9ACCS5eB9CJMp2EpXV1j42pasQY3MugdH5TxPz4/1920x1080.jpg?blurred=false"></icon><desc>De beste muziek van Nederland bekijk je op 100% NL TV! Met een gevarieerd aanbod zie je de nieuwste hits van Davina Michelle, Suzan &amp; Freek en Nielson. Maar ook de klassiekers van Marco Borsato, De Kast, André Hazes sr. en Acda en De Munnik voorbijkomen. Geniet 7 dagen per week en 24 uur per dag van de lekkerste liedjes die Nederland te bieden heeft op 100% NL TV.</desc><category></category></programme><programme channel="2670" start="20221129150000 +0000" stop="20221129180000 +0000" catchup-id="899550549"><title>100% De week van 100% NL</title><date></date><icon src="https://images.tv.kpn.com/epg/qKSx5qRInSdGGi9C2XuVfXp37zPdwY8sslkdMikvV4zY/1920x1080.jpg?blurred=false"></icon><desc>De beste muziek van Nederland bekijk je op 100% NL TV! Met een gevarieerd aanbod zie je de nieuwste hits van Davina Michelle, Suzan &amp; Freek en Nielson. Maar ook de klassiekers van Marco Borsato, De Kast, André Hazes sr. en Acda en De Munnik voorbijkomen. Geniet 7 dagen per week en 24 uur per dag van de lekkerste liedjes die Nederland te bieden heeft op 100% NL TV.</desc><category></category></programme><programme channel="2670" start="20221129180000 +0000" stop="20221129210000 +0000" catchup-id="899550552"><title>100% De muziek van Nederland</title><date></date><icon src="https://images.tv.kpn.com/epg/PSfKMEuFywb9B5hTpECZ9C7PvxG8iMdQ9BPf3xJbudI3us/1920x1080.jpg?blurred=false"></icon><desc>De beste muziek van Nederland bekijk je op 100% NL TV! Met een gevarieerd aanbod zie je de nieuwste hits van Davina Michelle, Suzan &amp; Freek en Nielson. Maar ook de klassiekers van Marco Borsato, De Kast, André Hazes sr. en Acda en De Munnik voorbijkomen. Geniet 7 dagen per week en 24 uur per dag van de lekkerste liedjes die Nederland te bieden heeft op 100% NL TV.</desc><category></category></programme><programme channel="2670" start="20221129210000 +0000" stop="20221129230000 +0000" catchup-id="899550555"><title>100% Relax</title><date></date><icon src="https://images.tv.kpn.com/epg/qKSx5qRInSdGGi9C2XuVfXp37zPdwY8sslkdMikvV4zY/1920x1080.jpg?blurred=false"></icon><desc>De beste muziek van Nederland bekijk je op 100% NL TV! Met een gevarieerd aanbod zie je de nieuwste hits van Davina Michelle, Suzan &amp; Freek en Nielson. Maar ook de klassiekers van Marco Borsato, De Kast, André Hazes sr. en Acda en De Munnik voorbijkomen. Geniet 7 dagen per week en 24 uur per dag van de lekkerste liedjes die Nederland te bieden heeft op 100% NL TV.</desc><category></category></programme><programme channel="2670" start="20221129230000 +0000" stop="20221130060000 +0000" catchup-id="899595000"><title>100% Muzieknacht</title><date></date><icon src="https://images.tv.kpn.com/epg/jee9CHLOREMmWBC4k8FA6SavQN9BOUHFIcJoARkuZVqY4/1920x1080.jpg?blurred=false"></icon><desc>De beste muziek van Nederland bekijk je op 100% NL TV! Met een gevarieerd aanbod zie je de nieuwste hits van Davina Michelle, Suzan &amp; Freek en Nielson. Maar ook de klassiekers van Marco Borsato, De Kast, André Hazes sr. en Acda en De Munnik voorbijkomen. Geniet 7 dagen per week en 24 uur per dag van de lekkerste liedjes die Nederland te bieden heeft op 100% NL TV.</desc><category></category></programme><programme channel="2670" start="20221130060000 +0000" stop="20221130090000 +0000" catchup-id="899595003"><title>100% Ochtendshow</title><date></date><icon src="https://images.tv.kpn.com/epg/qKSx5qRInSdGGi9C2XuVfXp37zPdwY8sslkdMikvV4zY/1920x1080.jpg?blurred=false"></icon><desc>De beste muziek van Nederland bekijk je op 100% NL TV! Met een gevarieerd aanbod zie je de nieuwste hits van Davina Michelle, Suzan &amp; Freek en Nielson. Maar ook de klassiekers van Marco Borsato, De Kast, André Hazes sr. en Acda en De Munnik voorbijkomen. Geniet 7 dagen per week en 24 uur per dag van de lekkerste liedjes die Nederland te bieden heeft op 100% NL TV.</desc><category></category></programme><programme channel="2670" start="20221130090000 +0000" stop="20221130110000 +0000" catchup-id="899595006"><title>100% VIP Ochtend</title><date></date><icon src="https://images.tv.kpn.com/epg/yZJCbdbpg2QvOTfLyL44vgteYww1nw2wxhuxR8tMx60/1920x1080.jpg?blurred=false"></icon><desc>De beste muziek van Nederland bekijk je op 100% NL TV! Met een gevarieerd aanbod zie je de nieuwste hits van Davina Michelle, Suzan &amp; Freek en Nielson. Maar ook de klassiekers van Marco Borsato, De Kast, André Hazes sr. en Acda en De Munnik voorbijkomen. Geniet 7 dagen per week en 24 uur per dag van de lekkerste liedjes die Nederland te bieden heeft op 100% NL TV.</desc><category></category></programme><programme channel="2670" start="20221130110000 +0000" stop="20221130150000 +0000" catchup-id="899595009"><title>100% Muziek</title><date></date><icon src="https://images.tv.kpn.com/epg/jee9CHLOREMmWBC4k8FA6SavQN9BOUHFIcJoARkuZVqY4/1920x1080.jpg?blurred=false"></icon><desc>De beste muziek van Nederland bekijk je op 100% NL TV! Met een gevarieerd aanbod zie je de nieuwste hits van Davina Michelle, Suzan &amp; Freek en Nielson. Maar ook de klassiekers van Marco Borsato, De Kast, André Hazes sr. en Acda en De Munnik voorbijkomen. Geniet 7 dagen per week en 24 uur per dag van de lekkerste liedjes die Nederland te bieden heeft op 100% NL TV.</desc><category></category></programme><programme channel="2670" start="20221130150000 +0000" stop="20221130180000 +0000" catchup-id="899595012"><title>100% De week van 100% NL</title><date></date><icon src="https://images.tv.kpn.com/epg/jee9CHLOREMmWBC4k8FA6SavQN9BOUHFIcJoARkuZVqY4/1920x1080.jpg?blurred=false"></icon><desc>De beste muziek van Nederland bekijk je op 100% NL TV! Met een gevarieerd aanbod zie je de nieuwste hits van Davina Michelle, Suzan &amp; Freek en Nielson. Maar ook de klassiekers van Marco Borsato, De Kast, André Hazes sr. en Acda en De Munnik voorbijkomen. Geniet 7 dagen per week en 24 uur per dag van de lekkerste liedjes die Nederland te bieden heeft op 100% NL TV.</desc><category></category></programme><programme channel="2670" start="20221130180000 +0000" stop="20221130210000 +0000" catchup-id="899595015"><title>100% De muziek van Nederland</title><date></date><icon src="https://images.tv.kpn.com/epg/VQZyvY9ACCS5eB9CJMp2EpXV1j42pasQY3MugdH5TxPz4/1920x1080.jpg?blurred=false"></icon><desc>De beste muziek van Nederland bekijk je op 100% NL TV! Met een gevarieerd aanbod zie je de nieuwste hits van Davina Michelle, Suzan &amp; Freek en Nielson. Maar ook de klassiekers van Marco Borsato, De Kast, André Hazes sr. en Acda en De Munnik voorbijkomen. Geniet 7 dagen per week en 24 uur per dag van de lekkerste liedjes die Nederland te bieden heeft op 100% NL TV.</desc><category></category></programme><programme channel="2670" start="20221130210000 +0000" stop="20221130230000 +0000" catchup-id="899595018"><title>100% Relax</title><date></date><icon src="https://images.tv.kpn.com/epg/qKSx5qRInSdGGi9C2XuVfXp37zPdwY8sslkdMikvV4zY/1920x1080.jpg?blurred=false"></icon><desc>De beste muziek van Nederland bekijk je op 100% NL TV! Met een gevarieerd aanbod zie je de nieuwste hits van Davina Michelle, Suzan &amp; Freek en Nielson. Maar ook de klassiekers van Marco Borsato, De Kast, André Hazes sr. en Acda en De Munnik voorbijkomen. Geniet 7 dagen per week en 24 uur per dag van de lekkerste liedjes die Nederland te bieden heeft op 100% NL TV.</desc><category></category></programme><programme channel="2670" start="20221130230000 +0000" stop="20221201060000 +0000" catchup-id="899640486"><title>100% Muzieknacht</title><date></date><icon src="https://images.tv.kpn.com/epg/OcPLvsvi0Reh9BdmoELXdaGl9AzW8MwfEe8mxyzWSA9CEU/1920x1080.jpg?blurred=false"></icon><desc>De beste muziek van Nederland bekijk je op 100% NL TV! Met een gevarieerd aanbod zie je de nieuwste hits van Davina Michelle, Suzan &amp; Freek en Nielson. Maar ook de klassiekers van Marco Borsato, De Kast, André Hazes sr. en Acda en De Munnik voorbijkomen. Geniet 7 dagen per week en 24 uur per dag van de lekkerste liedjes die Nederland te bieden heeft op 100% NL TV.</desc><category></category></programme><programme channel="2670" start="20221201060000 +0000" stop="20221201090000 +0000" catchup-id="899640489"><title>100% Ochtendshow</title><date></date><icon src="https://images.tv.kpn.com/epg/jee9CHLOREMmWBC4k8FA6SavQN9BOUHFIcJoARkuZVqY4/1920x1080.jpg?blurred=false"></icon><desc>De beste muziek van Nederland bekijk je op 100% NL TV! Met een gevarieerd aanbod zie je de nieuwste hits van Davina Michelle, Suzan &amp; Freek en Nielson. Maar ook de klassiekers van Marco Borsato, De Kast, André Hazes sr. en Acda en De Munnik voorbijkomen. Geniet 7 dagen per week en 24 uur per dag van de lekkerste liedjes die Nederland te bieden heeft op 100% NL TV.</desc><category></category></programme><programme channel="2670" start="20221201090000 +0000" stop="20221201110000 +0000" catchup-id="899640492"><title>100% VIP Ochtend</title><date></date><icon src="https://images.tv.kpn.com/epg/OcPLvsvi0Reh9BdmoELXdaGl9AzW8MwfEe8mxyzWSA9CEU/1920x1080.jpg?blurred=false"></icon><desc>De beste muziek van Nederland bekijk je op 100% NL TV! Met een gevarieerd aanbod zie je de nieuwste hits van Davina Michelle, Suzan &amp; Freek en Nielson. Maar ook de klassiekers van Marco Borsato, De Kast, André Hazes sr. en Acda en De Munnik voorbijkomen. Geniet 7 dagen per week en 24 uur per dag van de lekkerste liedjes die Nederland te bieden heeft op 100% NL TV.</desc><category></category></programme><programme channel="2670" start="20221201110000 +0000" stop="20221201150000 +0000" catchup-id="899640495"><title>100% Muziek</title><date></date><icon src="https://images.tv.kpn.com/epg/jee9CHLOREMmWBC4k8FA6SavQN9BOUHFIcJoARkuZVqY4/1920x1080.jpg?blurred=false"></icon><desc>De beste muziek van Nederland bekijk je op 100% NL TV! Met een gevarieerd aanbod zie je de nieuwste hits van Davina Michelle, Suzan &amp; Freek en Nielson. Maar ook de klassiekers van Marco Borsato, De Kast, André Hazes sr. en Acda en De Munnik voorbijkomen. Geniet 7 dagen per week en 24 uur per dag van de lekkerste liedjes die Nederland te bieden heeft op 100% NL TV.</desc><category></category></programme><programme channel="2670" start="20221201150000 +0000" stop="20221201180000 +0000" catchup-id="899640498"><title>100% De week van 100% NL</title><date></date><icon src="https://images.tv.kpn.com/epg/qKSx5qRInSdGGi9C2XuVfXp37zPdwY8sslkdMikvV4zY/1920x1080.jpg?blurred=false"></icon><desc>De beste muziek van Nederland bekijk je op 100% NL TV! Met een gevarieerd aanbod zie je de nieuwste hits van Davina Michelle, Suzan &amp; Freek en Nielson. Maar ook de klassiekers van Marco Borsato, De Kast, André Hazes sr. en Acda en De Munnik voorbijkomen. Geniet 7 dagen per week en 24 uur per dag van de lekkerste liedjes die Nederland te bieden heeft op 100% NL TV.</desc><category></category></programme><programme channel="2670" start="20221201180000 +0000" stop="20221201210000 +0000" catchup-id="899640501"><title>100% De muziek van Nederland</title><date></date><icon src="https://images.tv.kpn.com/epg/OcPLvsvi0Reh9BdmoELXdaGl9AzW8MwfEe8mxyzWSA9CEU/1920x1080.jpg?blurred=false"></icon><desc>De beste muziek van Nederland bekijk je op 100% NL TV! Met een gevarieerd aanbod zie je de nieuwste hits van Davina Michelle, Suzan &amp; Freek en Nielson. Maar ook de klassiekers van Marco Borsato, De Kast, André Hazes sr. en Acda en De Munnik voorbijkomen. Geniet 7 dagen per week en 24 uur per dag van de lekkerste liedjes die Nederland te bieden heeft op 100% NL TV.</desc><category></category></programme><programme channel="2670" start="20221201210000 +0000" stop="20221201230000 +0000" catchup-id="899640504"><title>100% Relax</title><date></date><icon src="https://images.tv.kpn.com/epg/dg4vH9CXjf1wPsvXg4L7Idb9Bbhcreumlj9AUADPjxh9Bng/1920x1080.jpg?blurred=false"></icon><desc>De beste muziek van Nederland bekijk je op 100% NL TV! Met een gevarieerd aanbod zie je de nieuwste hits van Davina Michelle, Suzan &amp; Freek en Nielson. Maar ook de klassiekers van Marco Borsato, De Kast, André Hazes sr. en Acda en De Munnik voorbijkomen. Geniet 7 dagen per week en 24 uur per dag van de lekkerste liedjes die Nederland te bieden heeft op 100% NL TV.</desc><category></category></programme><programme channel="2670" start="20221201230000 +0000" stop="20221202060000 +0000" catchup-id="899686587"><title>100% Muzieknacht</title><date></date><icon src="https://images.tv.kpn.com/epg/VQZyvY9ACCS5eB9CJMp2EpXV1j42pasQY3MugdH5TxPz4/1920x1080.jpg?blurred=false"></icon><desc>De beste muziek van Nederland bekijk je op 100% NL TV! Met een gevarieerd aanbod zie je de nieuwste hits van Davina Michelle, Suzan &amp; Freek en Nielson. Maar ook de klassiekers van Marco Borsato, De Kast, André Hazes sr. en Acda en De Munnik voorbijkomen. Geniet 7 dagen per week en 24 uur per dag van de lekkerste liedjes die Nederland te bieden heeft op 100% NL TV.</desc><category></category></programme><programme channel="2670" start="20221202060000 +0000" stop="20221202090000 +0000" catchup-id="899686590"><title>100% Ochtendshow</title><date></date><icon src="https://images.tv.kpn.com/epg/qKSx5qRInSdGGi9C2XuVfXp37zPdwY8sslkdMikvV4zY/1920x1080.jpg?blurred=false"></icon><desc>De beste muziek van Nederland bekijk je op 100% NL TV! Met een gevarieerd aanbod zie je de nieuwste hits van Davina Michelle, Suzan &amp; Freek en Nielson. Maar ook de klassiekers van Marco Borsato, De Kast, André Hazes sr. en Acda en De Munnik voorbijkomen. Geniet 7 dagen per week en 24 uur per dag van de lekkerste liedjes die Nederland te bieden heeft op 100% NL TV.</desc><category></category></programme><programme channel="2670" start="20221202090000 +0000" stop="20221202110000 +0000" catchup-id="899686593"><title>100% VIP Ochtend</title><date></date><icon src="https://images.tv.kpn.com/epg/OcPLvsvi0Reh9BdmoELXdaGl9AzW8MwfEe8mxyzWSA9CEU/1920x1080.jpg?blurred=false"></icon><desc>De beste muziek van Nederland bekijk je op 100% NL TV! Met een gevarieerd aanbod zie je de nieuwste hits van Davina Michelle, Suzan &amp; Freek en Nielson. Maar ook de klassiekers van Marco Borsato, De Kast, André Hazes sr. en Acda en De Munnik voorbijkomen. Geniet 7 dagen per week en 24 uur per dag van de lekkerste liedjes die Nederland te bieden heeft op 100% NL TV.</desc><category></category></programme><programme channel="2670" start="20221202110000 +0000" stop="20221202150000 +0000" catchup-id="899686596"><title>100% Muziek</title><date></date><icon src="https://images.tv.kpn.com/epg/OcPLvsvi0Reh9BdmoELXdaGl9AzW8MwfEe8mxyzWSA9CEU/1920x1080.jpg?blurred=false"></icon><desc>De beste muziek van Nederland bekijk je op 100% NL TV! Met een gevarieerd aanbod zie je de nieuwste hits van Davina Michelle, Suzan &amp; Freek en Nielson. Maar ook de klassiekers van Marco Borsato, De Kast, André Hazes sr. en Acda en De Munnik voorbijkomen. Geniet 7 dagen per week en 24 uur per dag van de lekkerste liedjes die Nederland te bieden heeft op 100% NL TV.</desc><category></category></programme><programme channel="2670" start="20221202150000 +0000" stop="20221202180000 +0000" catchup-id="899686599"><title>100% De week van 100% NL</title><date></date><icon src="https://images.tv.kpn.com/epg/dg4vH9CXjf1wPsvXg4L7Idb9Bbhcreumlj9AUADPjxh9Bng/1920x1080.jpg?blurred=false"></icon><desc>De beste muziek van Nederland bekijk je op 100% NL TV! Met een gevarieerd aanbod zie je de nieuwste hits van Davina Michelle, Suzan &amp; Freek en Nielson. Maar ook de klassiekers van Marco Borsato, De Kast, André Hazes sr. en Acda en De Munnik voorbijkomen. Geniet 7 dagen per week en 24 uur per dag van de lekkerste liedjes die Nederland te bieden heeft op 100% NL TV.</desc><category></category></programme><programme channel="2670" start="20221202180000 +0000" stop="20221202210000 +0000" catchup-id="899686602"><title>100% De muziek van Nederland</title><date></date><icon src="https://images.tv.kpn.com/epg/dg4vH9CXjf1wPsvXg4L7Idb9Bbhcreumlj9AUADPjxh9Bng/1920x1080.jpg?blurred=false"></icon><desc>De beste muziek van Nederland bekijk je op 100% NL TV! Met een gevarieerd aanbod zie je de nieuwste hits van Davina Michelle, Suzan &amp; Freek en Nielson. Maar ook de klassiekers van Marco Borsato, De Kast, André Hazes sr. en Acda en De Munnik voorbijkomen. Geniet 7 dagen per week en 24 uur per dag van de lekkerste liedjes die Nederland te bieden heeft op 100% NL TV.</desc><category></category></programme><programme channel="2670" start="20221202210000 +0000" stop="20221202230000 +0000" catchup-id="899686605"><title>100% Relax</title><date></date><icon src="https://images.tv.kpn.com/epg/OcPLvsvi0Reh9BdmoELXdaGl9AzW8MwfEe8mxyzWSA9CEU/1920x1080.jpg?blurred=false"></icon><desc>De beste muziek van Nederland bekijk je op 100% NL TV! Met een gevarieerd aanbod zie je de nieuwste hits van Davina Michelle, Suzan &amp; Freek en Nielson. Maar ook de klassiekers van Marco Borsato, De Kast, André Hazes sr. en Acda en De Munnik voorbijkomen. Geniet 7 dagen per week en 24 uur per dag van de lekkerste liedjes die Nederland te bieden heeft op 100% NL TV.</desc><category></category></programme><programme channel="2670" start="20221202230000 +0000" stop="20221203060000 +0000" catchup-id="899729328"><title>100% Muzieknacht</title><date></date><icon src="https://images.tv.kpn.com/epg/dg4vH9CXjf1wPsvXg4L7Idb9Bbhcreumlj9AUADPjxh9Bng/1920x1080.jpg?blurred=false"></icon><desc>De beste muziek van Nederland bekijk je op 100% NL TV! Met een gevarieerd aanbod zie je de nieuwste hits van Davina Michelle, Suzan &amp; Freek en Nielson. Maar ook de klassiekers van Marco Borsato, De Kast, André Hazes sr. en Acda en De Munnik voorbijkomen. Geniet 7 dagen per week en 24 uur per dag van de lekkerste liedjes die Nederland te bieden heeft op 100% NL TV.</desc><category></category></programme><programme channel="2670" start="20221203060000 +0000" stop="20221203090000 +0000" catchup-id="899729331"><title>100% Ochtendshow</title><date></date><icon src="https://images.tv.kpn.com/epg/VQZyvY9ACCS5eB9CJMp2EpXV1j42pasQY3MugdH5TxPz4/1920x1080.jpg?blurred=false"></icon><desc>De beste muziek van Nederland bekijk je op 100% NL TV! Met een gevarieerd aanbod zie je de nieuwste hits van Davina Michelle, Suzan &amp; Freek en Nielson. Maar ook de klassiekers van Marco Borsato, De Kast, André Hazes sr. en Acda en De Munnik voorbijkomen. Geniet 7 dagen per week en 24 uur per dag van de lekkerste liedjes die Nederland te bieden heeft op 100% NL TV.</desc><category></category></programme><programme channel="2670" start="20221203090000 +0000" stop="20221203110000 +0000" catchup-id="899729334"><title>100% VIP Ochtend</title><date></date><icon src="https://images.tv.kpn.com/epg/qKSx5qRInSdGGi9C2XuVfXp37zPdwY8sslkdMikvV4zY/1920x1080.jpg?blurred=false"></icon><desc>De beste muziek van Nederland bekijk je op 100% NL TV! Met een gevarieerd aanbod zie je de nieuwste hits van Davina Michelle, Suzan &amp; Freek en Nielson. Maar ook de klassiekers van Marco Borsato, De Kast, André Hazes sr. en Acda en De Munnik voorbijkomen. Geniet 7 dagen per week en 24 uur per dag van de lekkerste liedjes die Nederland te bieden heeft op 100% NL TV.</desc><category></category></programme><programme channel="2670" start="20221203110000 +0000" stop="20221203150000 +0000" catchup-id="899729337"><title>100% Muziek</title><date></date><icon src="https://images.tv.kpn.com/epg/PSfKMEuFywb9B5hTpECZ9C7PvxG8iMdQ9BPf3xJbudI3us/1920x1080.jpg?blurred=false"></icon><desc>De beste muziek van Nederland bekijk je op 100% NL TV! Met een gevarieerd aanbod zie je de nieuwste hits van Davina Michelle, Suzan &amp; Freek en Nielson. Maar ook de klassiekers van Marco Borsato, De Kast, André Hazes sr. en Acda en De Munnik voorbijkomen. Geniet 7 dagen per week en 24 uur per dag van de lekkerste liedjes die Nederland te bieden heeft op 100% NL TV.</desc><category></category></programme><programme channel="2670" start="20221203150000 +0000" stop="20221203180000 +0000" catchup-id="899729340"><title>100% De week van 100% NL</title><date></date><icon src="https://images.tv.kpn.com/epg/PSfKMEuFywb9B5hTpECZ9C7PvxG8iMdQ9BPf3xJbudI3us/1920x1080.jpg?blurred=false"></icon><desc>De beste muziek van Nederland bekijk je op 100% NL TV! Met een gevarieerd aanbod zie je de nieuwste hits van Davina Michelle, Suzan &amp; Freek en Nielson. Maar ook de klassiekers van Marco Borsato, De Kast, André Hazes sr. en Acda en De Munnik voorbijkomen. Geniet 7 dagen per week en 24 uur per dag van de lekkerste liedjes die Nederland te bieden heeft op 100% NL TV.</desc><category></category></programme><programme channel="2670" start="20221203180000 +0000" stop="20221203210000 +0000" catchup-id="899729343"><title>100% De muziek van Nederland</title><date></date><icon src="https://images.tv.kpn.com/epg/PSfKMEuFywb9B5hTpECZ9C7PvxG8iMdQ9BPf3xJbudI3us/1920x1080.jpg?blurred=false"></icon><desc>De beste muziek van Nederland bekijk je op 100% NL TV! Met een gevarieerd aanbod zie je de nieuwste hits van Davina Michelle, Suzan &amp; Freek en Nielson. Maar ook de klassiekers van Marco Borsato, De Kast, André Hazes sr. en Acda en De Munnik voorbijkomen. Geniet 7 dagen per week en 24 uur per dag van de lekkerste liedjes die Nederland te bieden heeft op 100% NL TV.</desc><category></category></programme>