<programme channel="27" start="20221118233200 +0000" stop="20221119003100 +0000" catchup-id="899073321"><title>ER</title><date></date><icon src="https://images.tv.kpn.com/epg/TvUM5kW8HBOiUI9AAahX9AA9AHAh8Vu7KKdHK0woKJSLFc/1920x1080.jpg?blurred=false"></icon><desc>Amerikaanse dramaserie over het persoonlijke en professionele leven van het medisch personeel van het County General Hospital in Chicago.</desc><category></category></programme><programme channel="27" start="20221119003100 +0000" stop="20221119010100 +0000" catchup-id="899073324"><title>Teleshop 8: Mediashop</title><date></date><icon src="https://images.tv.kpn.com/epg/S8s9Ck5mc6gxV5Hd1OMzg9AwuzKhJ4KibICwpNYIgGOeY/1920x1080.jpg?blurred=false"></icon><desc>Homeshopping</desc><category></category></programme><programme channel="27" start="20221119010100 +0000" stop="20221119052100 +0000" catchup-id="899073327"><title>Teleshop 8: Mediashop</title><date></date><icon src="https://images.tv.kpn.com/epg/S8s9Ck5mc6gxV5Hd1OMzg9AwuzKhJ4KibICwpNYIgGOeY/1920x1080.jpg?blurred=false"></icon><desc>Homeshopping</desc><category></category></programme><programme channel="27" start="20221119052100 +0000" stop="20221119155100 +0000" catchup-id="899073330"><title>Teleshop 8: Mediashop</title><date></date><icon src="https://images.tv.kpn.com/epg/S8s9Ck5mc6gxV5Hd1OMzg9AwuzKhJ4KibICwpNYIgGOeY/1920x1080.jpg?blurred=false"></icon><desc>Homeshopping</desc><category></category></programme><programme channel="27" start="20221119155100 +0000" stop="20221119165000 +0000" catchup-id="899073333"><title>Murder, She Wrote</title><date></date><icon src="https://images.tv.kpn.com/epg/nc79A4zYa6fGa0q4lTqRQrPp2UHXoxwyY9CU7OsxuPJqQ/1920x1080.jpg?blurred=false"></icon><desc>Een visser uit Cabot Cove wordt beschuldigd van de moord op een gangster uit Chicago. Jessica probeert zijn naam te zuiveren.</desc><category></category></programme><programme channel="27" start="20221119165000 +0000" stop="20221119175300 +0000" catchup-id="899073336"><title>Kopen Zonder Kijken België</title><date></date><icon src="https://images.tv.kpn.com/epg/drvgqpcb9A9BjqpYZSUTUqFj4FQ778QzYfLUDZ19A5px3A/1920x1080.jpg?blurred=false"></icon><desc>Woonprogramma waarin woningzoekenden de zoektocht naar een nieuwe koopwoning volledig uit handen geven.</desc><category></category></programme><programme channel="27" start="20221119175300 +0000" stop="20221119190000 +0000" catchup-id="899073339"><title>Kopen Zonder Kijken België</title><date></date><icon src="https://images.tv.kpn.com/epg/UkrW1gV9AlWCmlJFH39A9AJMix9B1UUtVBVS52oSEDrU354/1920x1080.jpg?blurred=false"></icon><desc>Woonprogramma waarin woningzoekenden de zoektocht naar een nieuwe koopwoning volledig uit handen geven.</desc><category></category></programme><programme channel="27" start="20221119190000 +0000" stop="20221119195700 +0000" catchup-id="899073342"><title>CSI: New York</title><date></date><icon src="https://images.tv.kpn.com/epg/Eu6t3OhmtYq1eI9Cp2Fi9C6QXcqi0qjJsg8zSS3wDKElM/1920x1080.jpg?blurred=false"></icon><desc>In een steegje wordt een dode man gevonden die twee jaar eerder afkickte van zijn heroïneverslaving. Hij blijkt een levensverzekering te hebben van 2 miljoen dollar. Later is er een tweede slachtoffer. Het team onderzoekt of er een link is tussen de twee dode mannen.</desc><category></category></programme><programme channel="27" start="20221119195700 +0000" stop="20221119205300 +0000" catchup-id="899073345"><title>CSI: New York</title><date></date><icon src="https://images.tv.kpn.com/epg/ivIcmMfWuSjn54Qw4G79AgqyfIM1aoM9CRiRy8GfCNdNo/1920x1080.jpg?blurred=false"></icon><desc>Dankzij Stella wordt een moordverdachte op borgtocht vrijgelaten. Tijdens het sporenonderzoek ontdekte Stella namelijk dat de officier van justitie had geknoeid met de plaats delict.</desc><category></category></programme><programme channel="27" start="20221119205300 +0000" stop="20221119215000 +0000" catchup-id="899073348"><title>CSI: New York</title><date></date><icon src="https://images.tv.kpn.com/epg/Eu6t3OhmtYq1eI9Cp2Fi9C6QXcqi0qjJsg8zSS3wDKElM/1920x1080.jpg?blurred=false"></icon><desc>Een vrouwelijk model wordt dood gevonden in de kleedkamer van een sportclub. Aan het CSI-team de taak om uit te zoeken wie haar vijanden waren.</desc><category></category></programme><programme channel="27" start="20221119215000 +0000" stop="20221119224400 +0000" catchup-id="899073354"><title>CSI: New York</title><date></date><icon src="https://images.tv.kpn.com/epg/Eu6t3OhmtYq1eI9Cp2Fi9C6QXcqi0qjJsg8zSS3wDKElM/1920x1080.jpg?blurred=false"></icon><desc>Het CSI-team belandt in de duistere wereld van het vampirisme als een jonge vrouw dood wordt aangetroffen in Central Park. Ze mist een deel van haar oor en heeft een flinke wond in haar hals.</desc><category></category></programme><programme channel="27" start="20221119224400 +0000" stop="20221119233100 +0000" catchup-id="899073360"><title>CSI: New York</title><date></date><icon src="https://images.tv.kpn.com/epg/Eu6t3OhmtYq1eI9Cp2Fi9C6QXcqi0qjJsg8zSS3wDKElM/1920x1080.jpg?blurred=false"></icon><desc>Twee dagen voor een Grand Prix-race vindt een showrit plaats. De auto van een legendarische coureur vliegt in brand en hij crasht tegen een muur. De wagen was gesaboteerd. Wilde de concurrentie hem uit de weg ruimen?</desc><category></category></programme><programme channel="27" start="20221119233100 +0000" stop="20221120000700 +0000" catchup-id="899118672"><title>'Allo 'Allo!</title><date></date><icon src="https://images.tv.kpn.com/epg/LXZ0P5mcU6Xrf38GkUYb0DmwDjixNIRB9B7mvpWtgF9Bg/1920x1080.jpg?blurred=false"></icon><desc>Britse sitcom over het leven van de Franse café-eigenaar René Artois tijdens de Tweede Wereldoorlog. René wringt zich in allerlei bochten om zowel de Duitse militairen als het Franse verzet te vriend te houden.</desc><category></category></programme><programme channel="27" start="20221120000700 +0000" stop="20221120020500 +0000" catchup-id="899118675"><title>Labor Day</title><date></date><icon src="https://images.tv.kpn.com/epg/y4MprdYGXDjXYZEacengr39AjxcuNO4KphsnfJzt8Ao0/1920x1080.jpg?blurred=false"></icon><desc>De depressieve Adele en haar 13-jarige zoontje worden aangesproken door een gewonde man, Frank. Hij blijkt een ontsnapte gevangene te zijn en dwingt Adele om hem mee naar huis te nemen en te verzorgen. Frank en Adele raken in gesprek en vertellen elkaar hun levensverhaal. In het weekend dat ze samen zijn, lijkt er iets moois op te bloeien. Maar de politie is nog steeds op zoek naar Frank, dus wat voor toekomst hebben ze?</desc><category></category></programme><programme channel="27" start="20221120020500 +0000" stop="20221120053500 +0000" catchup-id="899118678"><title>Teleshop 8: Mediashop</title><date></date><icon src="https://images.tv.kpn.com/epg/S8s9Ck5mc6gxV5Hd1OMzg9AwuzKhJ4KibICwpNYIgGOeY/1920x1080.jpg?blurred=false"></icon><desc>Homeshopping</desc><category></category></programme><programme channel="27" start="20221120053500 +0000" stop="20221120160500 +0000" catchup-id="899118681"><title>Teleshop 8: Mediashop</title><date></date><icon src="https://images.tv.kpn.com/epg/S8s9Ck5mc6gxV5Hd1OMzg9AwuzKhJ4KibICwpNYIgGOeY/1920x1080.jpg?blurred=false"></icon><desc>Homeshopping</desc><category></category></programme><programme channel="27" start="20221120160500 +0000" stop="20221120170400 +0000" catchup-id="899118684"><title>Murder, She Wrote</title><date></date><icon src="https://images.tv.kpn.com/epg/nc79A4zYa6fGa0q4lTqRQrPp2UHXoxwyY9CU7OsxuPJqQ/1920x1080.jpg?blurred=false"></icon><desc>De uitgever van Jessica's laatste boek is van een hoog gebouw gesprongen. De politie denkt dat het om zelfmoord gaat, maar Jessica gelooft er niks van en gaat op zoek naar de waarheid.</desc><category></category></programme><programme channel="27" start="20221120170400 +0000" stop="20221120180200 +0000" catchup-id="899118687"><title>Verbouwen Of Verkopen</title><date></date><icon src="https://images.tv.kpn.com/epg/MhQYAgnfWw59BjzGVeNUy9AQm7f6kYkzyyI9AwWSvzzgBQ/1920x1080.jpg?blurred=false"></icon><desc>Huiseigenaren die hun woning ontgroeid zijn, roepen de hulp in van David Visentin en Hilary Farr. Visentin gaat op huizenjacht, terwijl Farr de oude woning een make-over geeft. Houden ze hun huis, of verkopen ze het?</desc><category></category></programme><programme channel="27" start="20221120180200 +0000" stop="20221120190000 +0000" catchup-id="899118690"><title>Verbouwen Of Verkopen</title><date></date><icon src="https://images.tv.kpn.com/epg/MhQYAgnfWw59BjzGVeNUy9AQm7f6kYkzyyI9AwWSvzzgBQ/1920x1080.jpg?blurred=false"></icon><desc>Huiseigenaren die hun woning ontgroeid zijn, roepen de hulp in van David Visentin en Hilary Farr. Visentin gaat op huizenjacht, terwijl Farr de oude woning een make-over geeft. Houden ze hun huis, of verkopen ze het?</desc><category></category></programme><programme channel="27" start="20221120190000 +0000" stop="20221120195700 +0000" catchup-id="899118693"><title>Crime Scene Investigation</title><date></date><icon src="https://images.tv.kpn.com/epg/nzPNxmmGMX9BzJFz4XwqVb2EpZvYDG9AacB9CU9CZt5uGOo/1920x1080.jpg?blurred=false"></icon><desc>De CSI-collega's arriveren goedgehumeurd bij hun favoriete restaurant om daar samen te gaan eten. In plaats van een rustige, gezellige avond met elkaar te hebben, moeten ze meteen weer aan het werk. In het restaurant heeft namelijk een gruwelijk tafereel plaatsgevonden met als resultaat acht doden. Sara richt zich gelijk op een verdachte, terwijl de rest van het team alle feiten probeert vast te leggen.</desc><category></category></programme><programme channel="27" start="20221120195700 +0000" stop="20221120205400 +0000" catchup-id="899118696"><title>Crime Scene Investigation</title><date></date><icon src="https://images.tv.kpn.com/epg/NXRidWtB6KpscJqaxiUx9COx5AzKTOszH4ly4WkREinM/1920x1080.jpg?blurred=false"></icon><desc>Tijdens een groot dancefeest in de woestijn wordt een jonge vrouw doodgeschoten. Het CSI-team gaat op zoek naar aanwijzingen en naar haar vermiste vriendin.</desc><category></category></programme><programme channel="27" start="20221120205400 +0000" stop="20221120215100 +0000" catchup-id="899118699"><title>Crime Scene Investigation</title><date></date><icon src="https://images.tv.kpn.com/epg/nzPNxmmGMX9BzJFz4XwqVb2EpZvYDG9AacB9CU9CZt5uGOo/1920x1080.jpg?blurred=false"></icon><desc>Een beroemde muziekhistorica wordt dood in een piano gevonden. Greg Sanders is behoorlijk van slag, omdat de omgekomen vrouw een bekende van hem is.</desc><category></category></programme><programme channel="27" start="20221120215100 +0000" stop="20221120224800 +0000" catchup-id="899118702"><title>Crime Scene Investigation</title><date></date><icon src="https://images.tv.kpn.com/epg/nzPNxmmGMX9BzJFz4XwqVb2EpZvYDG9AacB9CU9CZt5uGOo/1920x1080.jpg?blurred=false"></icon><desc>Het team onderzoekt een zaak waarbij een politiehond zijn baasje zou hebben doodgebeten. Na enig onderzoek wordt die theorie al snel weerlegd. Finlay en Morgan verdiepen zich in een zaak waarbij een bekende echtscheidingsadvocaat is vermoord. Hij had veel vijanden.</desc><category></category></programme><programme channel="27" start="20221120224800 +0000" stop="20221120234600 +0000" catchup-id="899118705"><title>Crime Scene Investigation</title><date></date><icon src="https://images.tv.kpn.com/epg/C3syKla09CBM9AGdroFBwNF1EhCLsN2qFgaYOQoWD25BQ/1920x1080.jpg?blurred=false"></icon><desc>D.B. Russell raakt betrokken bij het onderzoek naar de dood van een basketbalcoach. Deze zaak raakt hem persoonlijk, want de man was de coach van zijn zoontje.</desc><category></category></programme><programme channel="27" start="20221120234600 +0000" stop="20221121010100 +0000" catchup-id="899159973"><title>Teleshop 8: Mediashop</title><date></date><icon src="https://images.tv.kpn.com/epg/S8s9Ck5mc6gxV5Hd1OMzg9AwuzKhJ4KibICwpNYIgGOeY/1920x1080.jpg?blurred=false"></icon><desc>Homeshopping</desc><category></category></programme><programme channel="27" start="20221121010100 +0000" stop="20221121013100 +0000" catchup-id="899159976"><title>Teleshop 8: Mediashop</title><date></date><icon src="https://images.tv.kpn.com/epg/S8s9Ck5mc6gxV5Hd1OMzg9AwuzKhJ4KibICwpNYIgGOeY/1920x1080.jpg?blurred=false"></icon><desc>Homeshopping</desc><category></category></programme><programme channel="27" start="20221121013100 +0000" stop="20221121053600 +0000" catchup-id="899388165"><title>Homeshopping</title><date></date><icon src="https://images.tv.kpn.com/epg/S8s9Ck5mc6gxV5Hd1OMzg9AwuzKhJ4KibICwpNYIgGOeY/1920x1080.jpg?blurred=false"></icon><desc>Homeshopping</desc><category></category></programme><programme channel="27" start="20221121053600 +0000" stop="20221121160600 +0000" catchup-id="899159979"><title>Teleshop 8: Mediashop</title><date></date><icon src="https://images.tv.kpn.com/epg/S8s9Ck5mc6gxV5Hd1OMzg9AwuzKhJ4KibICwpNYIgGOeY/1920x1080.jpg?blurred=false"></icon><desc>Homeshopping</desc><category></category></programme><programme channel="27" start="20221121160600 +0000" stop="20221121170400 +0000" catchup-id="899159982"><title>Murder, She Wrote</title><date></date><icon src="https://images.tv.kpn.com/epg/ZCRVtv0EybCyJRo0SN5mAtKFgcMgvWgQUbZdhV9AjTc8/1920x1080.jpg?blurred=false"></icon><desc>Een veelbelovende leerling uit Jessica's schrijfklasje wordt verdacht van de moord op zijn stiefvader. Er zijn infraroodopnames gemaakt die zijn schuld lijken aan te tonen.</desc><category></category></programme><programme channel="27" start="20221121170400 +0000" stop="20221121173300 +0000" catchup-id="899159985"><title>The Bold And The Beautiful</title><date></date><icon src="https://images.tv.kpn.com/epg/0C3ix6IGlK9AnnGAhLSjTngnBeI8wjKZvTt2arkXjpzg/1920x1080.jpg?blurred=false"></icon><desc>Er wordt een onverwacht huwelijksaanzoek gedaan. Taylor heeft een romantisch cadeau voor Ridge. Bill droomt van een toekomst met Brooke.</desc><category></category></programme><programme channel="27" start="20221121173300 +0000" stop="20221121182900 +0000" catchup-id="899159988"><title>ER</title><date></date><icon src="https://images.tv.kpn.com/epg/RmFzgB1SyH9CtqOIxbft46Rem4UMMYbhRFW8i6JbNR4U/1920x1080.jpg?blurred=false"></icon><desc>Amerikaanse dramaserie over het persoonlijke en professionele leven van het medisch personeel van het County General Hospital in Chicago.</desc><category></category></programme><programme channel="27" start="20221121182900 +0000" stop="20221121192700 +0000" catchup-id="899159991"><title>ER</title><date></date><icon src="https://images.tv.kpn.com/epg/RmFzgB1SyH9CtqOIxbft46Rem4UMMYbhRFW8i6JbNR4U/1920x1080.jpg?blurred=false"></icon><desc>Amerikaanse dramaserie over het persoonlijke en professionele leven van het medisch personeel van het County General Hospital in Chicago.</desc><category></category></programme><programme channel="27" start="20221121192700 +0000" stop="20221121211400 +0000" catchup-id="899159994"><title>Countdown To Christmas: Welcome To Christmas</title><date></date><icon src="https://images.tv.kpn.com/epg/vUtX8lOPhFRGA4EbEA9Bbsqdm70y1PRd0j6SKoxdUODo/1920x1080.jpg?blurred=false"></icon><desc>Projectontwikkelaar Madison heeft de taak om een locatie te vinden voor een nieuw skigebied. Ze heeft al een plek in gedachten, maar ​​haar baas vraagt haar om een ​​reis naar het stadje Christmas in Colorado te maken om te kijken wat ze te bieden hebben. Madison heeft haar twijfels, maar de gemeenschap, kerstsfeer en charmante sheriff weten haar steeds meer te overtuigen.</desc><category></category></programme><programme channel="27" start="20221121211400 +0000" stop="20221121230600 +0000" catchup-id="899159997"><title>Countdown To Christmas: One Snowy Christmas</title><date></date><icon src="https://images.tv.kpn.com/epg/HXdqRv00FkVFlMZc1CMEtlDyWpA6CzVUInz5s0Uer44/1920x1080.jpg?blurred=false"></icon><desc>Advocate Kelly reist af naar Vermont om kerst te vieren met haar familie. Haar moeder runt een oud pension, dat nodig opgeknapt moet worden. Bij toeval maakt Kelly kennis met de knappe aannemer Forrest. Hij helpt met klussen en er ontstaat iets tussen Kelly en hem. Maar als er een bod wordt gedaan op het pension, verliest Kelly haar vertrouwen in hem.</desc><category></category></programme><programme channel="27" start="20221121230600 +0000" stop="20221122000600 +0000" catchup-id="899202855"><title>ER</title><date></date><icon src="https://images.tv.kpn.com/epg/RmFzgB1SyH9CtqOIxbft46Rem4UMMYbhRFW8i6JbNR4U/1920x1080.jpg?blurred=false"></icon><desc>Amerikaanse dramaserie over het persoonlijke en professionele leven van het medisch personeel van het County General Hospital in Chicago.</desc><category></category></programme><programme channel="27" start="20221122000600 +0000" stop="20221122010600 +0000" catchup-id="899202861"><title>Teleshop 8: Mediashop</title><date></date><icon src="https://images.tv.kpn.com/epg/S8s9Ck5mc6gxV5Hd1OMzg9AwuzKhJ4KibICwpNYIgGOeY/1920x1080.jpg?blurred=false"></icon><desc>Homeshopping</desc><category></category></programme><programme channel="27" start="20221122010600 +0000" stop="20221122053600 +0000" catchup-id="899202867"><title>Teleshop 8: Mediashop</title><date></date><icon src="https://images.tv.kpn.com/epg/S8s9Ck5mc6gxV5Hd1OMzg9AwuzKhJ4KibICwpNYIgGOeY/1920x1080.jpg?blurred=false"></icon><desc>Homeshopping</desc><category></category></programme><programme channel="27" start="20221122053600 +0000" stop="20221122153600 +0000" catchup-id="899202876"><title>Teleshop 8: Mediashop</title><date></date><icon src="https://images.tv.kpn.com/epg/S8s9Ck5mc6gxV5Hd1OMzg9AwuzKhJ4KibICwpNYIgGOeY/1920x1080.jpg?blurred=false"></icon><desc>Homeshopping</desc><category></category></programme><programme channel="27" start="20221122153600 +0000" stop="20221122160500 +0000" catchup-id="899202882"><title>Goede Tijden, Slechte Tijden</title><date></date><icon src="https://images.tv.kpn.com/epg/Eljp9BOAnR2xYTdWVlZCZmZGbTCbFjdazPSGTSqmznxc/1920x1080.jpg?blurred=false"></icon><desc>Linda maakt haar onzekerheid bespreekbaar met Luuk. Nola heeft het naar haar zin op het slaapfeestje van Chanel. Ze geniet van haar nieuwe vriendinnen en vergeet daardoor even de bemoeienissen van haar ouders.</desc><category></category></programme><programme channel="27" start="20221122160500 +0000" stop="20221122170400 +0000" catchup-id="899202885"><title>Murder, She Wrote</title><date></date><icon src="https://images.tv.kpn.com/epg/nc79A4zYa6fGa0q4lTqRQrPp2UHXoxwyY9CU7OsxuPJqQ/1920x1080.jpg?blurred=false"></icon><desc>Jessica is in New York. Haar vriend Floyd Larkin heeft het druk met een moord die is gepleegd in zijn warenhuis. Hij vertelt Jessica dat hij van plan is zijn winkel te verkopen aan een concurrerende keten. Als de eigenaar van die keten wordt vermoord, is er geen gebrek aan verdachten.</desc><category></category></programme><programme channel="27" start="20221122170400 +0000" stop="20221122173300 +0000" catchup-id="899202888"><title>The Bold And The Beautiful</title><date></date><icon src="https://images.tv.kpn.com/epg/3p9C59AYsQIErBe4KA52OopICpNNJ7yY0X2Lu3oZOf4qI/1920x1080.jpg?blurred=false"></icon><desc>Liam en Brooke maken zich zorgen; ze denken dat Thomas probeert Hope te manipuleren. Ondertussen vertelt Thomas aan Steffy dat hij zich volledig focust op Hope en haar kledinglijn.</desc><category></category></programme><programme channel="27" start="20221122173300 +0000" stop="20221122183100 +0000" catchup-id="899202891"><title>ER</title><date></date><icon src="https://images.tv.kpn.com/epg/RmFzgB1SyH9CtqOIxbft46Rem4UMMYbhRFW8i6JbNR4U/1920x1080.jpg?blurred=false"></icon><desc>Amerikaanse dramaserie over het persoonlijke en professionele leven van het medisch personeel van het County General Hospital in Chicago.</desc><category></category></programme><programme channel="27" start="20221122183100 +0000" stop="20221122192900 +0000" catchup-id="899202894"><title>ER</title><date></date><icon src="https://images.tv.kpn.com/epg/TvUM5kW8HBOiUI9AAahX9AA9AHAh8Vu7KKdHK0woKJSLFc/1920x1080.jpg?blurred=false"></icon><desc>Amerikaanse dramaserie over het persoonlijke en professionele leven van het medisch personeel van het County General Hospital in Chicago.</desc><category></category></programme><programme channel="27" start="20221122192900 +0000" stop="20221122212400 +0000" catchup-id="899202897"><title>Countdown To Christmas: Christmas On My Mind</title><date></date><icon src="https://images.tv.kpn.com/epg/2kdJKGXCPqaKBu9Bkix1s9AlQFZv0aJ0kXUDZSggYDTpU/1920x1080.jpg?blurred=false"></icon><desc>De afgelopen twee jaar is Lucy's leven compleet veranderd. Na het overlijden van haar tante werd ze aangesteld als directeur van het kunstfonds en Lucy verloofde zich ook nog eens met haar CFO, Brad. Dan slaat het noodlot toe: aan de vooravond van hun huwelijk glijdt ze uit op straat en als ze weer wakker wordt in het ziekenhuis kan ze zich nog maar weinig herinneren. Ze wil zo snel mogelijk Zach laten weten dat het goed met haar gaat, maar wie is Zach?</desc><category></category></programme><programme channel="27" start="20221122212400 +0000" stop="20221122231000 +0000" catchup-id="899202900"><title>Countdown To Christmas: A Christmas To Savour</title><date></date><icon src="https://images.tv.kpn.com/epg/4sQ2pSd8cEGRb7kDpeKR0RxasubnMAakCAzASzO4Sik/1920x1080.jpg?blurred=false"></icon><desc>Chef-kok Scarlett runt met haar beste vriendin een restaurant. Om inspiratie op te doen voor de feestdagen, wordt Scarlett naar een kookcursus gestuurd. Daar komt ze een oude rivaal tegen. Scarlett krijgt het ultieme kerstgevoel als er gevoelens tussen hen opbloeien.</desc><category></category></programme><programme channel="27" start="20221122231000 +0000" stop="20221123001000 +0000" catchup-id="899247993"><title>ER</title><date></date><icon src="https://images.tv.kpn.com/epg/RmFzgB1SyH9CtqOIxbft46Rem4UMMYbhRFW8i6JbNR4U/1920x1080.jpg?blurred=false"></icon><desc>Amerikaanse dramaserie over het persoonlijke en professionele leven van het medisch personeel van het County General Hospital in Chicago.</desc><category></category></programme><programme channel="27" start="20221123001000 +0000" stop="20221123011000 +0000" catchup-id="899247996"><title>Teleshop 8: Mediashop</title><date></date><icon src="https://images.tv.kpn.com/epg/S8s9Ck5mc6gxV5Hd1OMzg9AwuzKhJ4KibICwpNYIgGOeY/1920x1080.jpg?blurred=false"></icon><desc>Homeshopping</desc><category></category></programme><programme channel="27" start="20221123011000 +0000" stop="20221123014500 +0000" catchup-id="899247999"><title>Teleshop 8: Mediashop</title><date></date><icon src="https://images.tv.kpn.com/epg/S8s9Ck5mc6gxV5Hd1OMzg9AwuzKhJ4KibICwpNYIgGOeY/1920x1080.jpg?blurred=false"></icon><desc>Homeshopping</desc><category></category></programme><programme channel="27" start="20221123014500 +0000" stop="20221123053500 +0000" catchup-id="899513427"><title>Homeshopping</title><date></date><icon src="https://images.tv.kpn.com/epg/S8s9Ck5mc6gxV5Hd1OMzg9AwuzKhJ4KibICwpNYIgGOeY/1920x1080.jpg?blurred=false"></icon><desc>Homeshopping</desc><category></category></programme><programme channel="27" start="20221123053500 +0000" stop="20221123153500 +0000" catchup-id="899248002"><title>Teleshop 8: Mediashop</title><date></date><icon src="https://images.tv.kpn.com/epg/S8s9Ck5mc6gxV5Hd1OMzg9AwuzKhJ4KibICwpNYIgGOeY/1920x1080.jpg?blurred=false"></icon><desc>Homeshopping</desc><category></category></programme><programme channel="27" start="20221123153500 +0000" stop="20221123160400 +0000" catchup-id="899248005"><title>Goede Tijden, Slechte Tijden</title><date></date><icon src="https://images.tv.kpn.com/epg/Eljp9BOAnR2xYTdWVlZCZmZGbTCbFjdazPSGTSqmznxc/1920x1080.jpg?blurred=false"></icon><desc>Laura zoekt afleiding in haar werk en is verbaasd als ze hoort van de ruzie tussen Shanti en Saskia. Ze biedt haar hulp aan om de ruzie te sussen. Stefano blijft het Daan moeilijk maken in het Veilinghuis, maar werkt zichzelf hierdoor in de nesten.</desc><category></category></programme><programme channel="27" start="20221123160400 +0000" stop="20221123170300 +0000" catchup-id="899248008"><title>Murder, She Wrote</title><date></date><icon src="https://images.tv.kpn.com/epg/nc79A4zYa6fGa0q4lTqRQrPp2UHXoxwyY9CU7OsxuPJqQ/1920x1080.jpg?blurred=false"></icon><desc>Dr. Seth Hazlett is spoorloos verdwenen. In zijn kantoor worden bloedvlekken aangetroffen. Jessica wil weten wat er is gebeurd en gaat naar hem op zoek.</desc><category></category></programme><programme channel="27" start="20221123170300 +0000" stop="20221123173200 +0000" catchup-id="899248011"><title>The Bold And The Beautiful</title><date></date><icon src="https://images.tv.kpn.com/epg/3p9C59AYsQIErBe4KA52OopICpNNJ7yY0X2Lu3oZOf4qI/1920x1080.jpg?blurred=false"></icon><desc>Brooke heeft een woordenwisseling met Steffy over Taylor en Ridge. Hope wordt geconfronteerd met een herinnering uit haar verleden. Liam vraagt Douglas om weer bij hem en Hope te komen wonen.</desc><category></category></programme><programme channel="27" start="20221123173200 +0000" stop="20221123183000 +0000" catchup-id="899248014"><title>ER</title><date></date><icon src="https://images.tv.kpn.com/epg/RmFzgB1SyH9CtqOIxbft46Rem4UMMYbhRFW8i6JbNR4U/1920x1080.jpg?blurred=false"></icon><desc>Amerikaanse dramaserie over het persoonlijke en professionele leven van het medisch personeel van het County General Hospital in Chicago.</desc><category></category></programme><programme channel="27" start="20221123183000 +0000" stop="20221123192800 +0000" catchup-id="899248017"><title>ER</title><date></date><icon src="https://images.tv.kpn.com/epg/RmFzgB1SyH9CtqOIxbft46Rem4UMMYbhRFW8i6JbNR4U/1920x1080.jpg?blurred=false"></icon><desc>Amerikaanse dramaserie over het persoonlijke en professionele leven van het medisch personeel van het County General Hospital in Chicago.</desc><category></category></programme><programme channel="27" start="20221123192800 +0000" stop="20221123211300 +0000" catchup-id="899248020"><title>Countdown To Christmas: Deliver By Christmas</title><date></date><icon src="https://images.tv.kpn.com/epg/7nfU0NOW9BzOEJ27NRzqCtk9B3zwLqExv4d4uvq4BTlWE/1920x1080.jpg?blurred=false"></icon><desc>Bakker Molly en weduwnaar Josh ontmoeten elkaar als ze allebei dezelfde kerstboom willen kopen. Er is duidelijk een wederzijdse aantrekkingskracht, maar desondanks vervolgen ze ieder hun eigen weg. Molly blijft aan Josh denken, maar ze is ook erg gecharmeerd van een mysterieuze klant met wie ze alleen via de e-mail en telefoon contact heeft gehad. Ze beseft niet dat Josh de mysterieuze klant is.</desc><category></category></programme><programme channel="27" start="20221123211300 +0000" stop="20221123230700 +0000" catchup-id="899248023"><title>Countdown To Christmas: A Cape Cod Christmas</title><date></date><icon src="https://images.tv.kpn.com/epg/dzWfr0JvUeNYMF9BGBTUs4AKFVM0ge2M8lkiKj0L9BU9CM/1920x1080.jpg?blurred=false"></icon><desc>Margot organiseert een kerstdiner met haar broers en zussen in hun familiehuis voordat dit verkocht wordt. Margot wil dit niet. Als ze jeugdliefde Chris tegen het lijf loopt, probeert hij de broers en zussen op andere gedachten te brengen.</desc><category></category></programme><programme channel="27" start="20221123230700 +0000" stop="20221124000700 +0000" catchup-id="899294778"><title>ER</title><date></date><icon src="https://images.tv.kpn.com/epg/RmFzgB1SyH9CtqOIxbft46Rem4UMMYbhRFW8i6JbNR4U/1920x1080.jpg?blurred=false"></icon><desc>Amerikaanse dramaserie over het persoonlijke en professionele leven van het medisch personeel van het County General Hospital in Chicago.</desc><category></category></programme><programme channel="27" start="20221124000700 +0000" stop="20221124010700 +0000" catchup-id="899294781"><title>Teleshop 8: Mediashop</title><date></date><icon src="https://images.tv.kpn.com/epg/S8s9Ck5mc6gxV5Hd1OMzg9AwuzKhJ4KibICwpNYIgGOeY/1920x1080.jpg?blurred=false"></icon><desc>Homeshopping</desc><category></category></programme><programme channel="27" start="20221124010700 +0000" stop="20221124052700 +0000" catchup-id="899294784"><title>Teleshop 8: Mediashop</title><date></date><icon src="https://images.tv.kpn.com/epg/S8s9Ck5mc6gxV5Hd1OMzg9AwuzKhJ4KibICwpNYIgGOeY/1920x1080.jpg?blurred=false"></icon><desc>Homeshopping</desc><category></category></programme><programme channel="27" start="20221124052700 +0000" stop="20221124153000 +0000" catchup-id="899294787"><title>Teleshop 8: Mediashop</title><date></date><icon src="https://images.tv.kpn.com/epg/S8s9Ck5mc6gxV5Hd1OMzg9AwuzKhJ4KibICwpNYIgGOeY/1920x1080.jpg?blurred=false"></icon><desc>Homeshopping</desc><category></category></programme><programme channel="27" start="20221124153000 +0000" stop="20221124160000 +0000" catchup-id="899294790"><title>Goede Tijden, Slechte Tijden</title><date></date><icon src="https://images.tv.kpn.com/epg/Eljp9BOAnR2xYTdWVlZCZmZGbTCbFjdazPSGTSqmznxc/1920x1080.jpg?blurred=false"></icon><desc>Cato is verrast als Daan haar bedankt voor haar hulp bij het zoeken naar een nieuwe liefde, maar raakt hierdoor in verwarring wat betreft haar eigen liefdesleven. Luuk biedt aan om even achter de bar van de Koning te helpen. Hoe gaat hij dat ervan afbrengen?</desc><category></category></programme><programme channel="27" start="20221124160000 +0000" stop="20221124170000 +0000" catchup-id="899294793"><title>Murder, She Wrote</title><date></date><icon src="https://images.tv.kpn.com/epg/ZCRVtv0EybCyJRo0SN5mAtKFgcMgvWgQUbZdhV9AjTc8/1920x1080.jpg?blurred=false"></icon><desc>Jessica is op bezoek bij een vriend in Texas. Ze helpt de eigenaar van een klein transportbedrijf, wiens zoon wordt verdacht van de moord op de ex-man van zijn vriendin.</desc><category></category></programme><programme channel="27" start="20221124170000 +0000" stop="20221124172900 +0000" catchup-id="899294796"><title>The Bold And The Beautiful</title><date></date><icon src="https://images.tv.kpn.com/epg/0C3ix6IGlK9AnnGAhLSjTngnBeI8wjKZvTt2arkXjpzg/1920x1080.jpg?blurred=false"></icon><desc>Liam neemt Douglas mee naar Forrester Creations en is van streek als hij de innige samenwerking ziet tussen Thomas en Hope. Sheila is jaloers nadat Deacon bij Brooke is geweest.</desc><category></category></programme><programme channel="27" start="20221124172900 +0000" stop="20221124182900 +0000" catchup-id="899294799"><title>ER</title><date></date><icon src="https://images.tv.kpn.com/epg/RmFzgB1SyH9CtqOIxbft46Rem4UMMYbhRFW8i6JbNR4U/1920x1080.jpg?blurred=false"></icon><desc>Amerikaanse dramaserie over het persoonlijke en professionele leven van het medisch personeel van het County General Hospital in Chicago.</desc><category></category></programme><programme channel="27" start="20221124182900 +0000" stop="20221124192800 +0000" catchup-id="899294802"><title>ER</title><date></date><icon src="https://images.tv.kpn.com/epg/RmFzgB1SyH9CtqOIxbft46Rem4UMMYbhRFW8i6JbNR4U/1920x1080.jpg?blurred=false"></icon><desc>Amerikaanse dramaserie over het persoonlijke en professionele leven van het medisch personeel van het County General Hospital in Chicago.</desc><category></category></programme><programme channel="27" start="20221124192800 +0000" stop="20221124211400 +0000" catchup-id="899294805"><title>Countdown To Christmas: Cross Country Christmas</title><date></date><icon src="https://images.tv.kpn.com/epg/W7OojlpEZMLmbvREs1T0FkF9BBjOU9AaSScitaRgUvq7I/1920x1080.jpg?blurred=false"></icon><desc>Voormalige klasgenoten Lina en Max reizen tijdens de kerstvakantie naar huis in hetzelfde vliegtuig. Door een storm moet er een noodlanding gemaakt worden. Lina en Max zullen met tegenzin moeten samenwerken om op tijd thuis te komen voor Kerstmis. Ze gebruiken voor hun lange trip elk voertuig dat op hun pad komt. Alleen blijkt samenwerken niet zo makkelijk.</desc><category></category></programme><programme channel="27" start="20221124211400 +0000" stop="20221124230500 +0000" catchup-id="899294808"><title>Countdown To Christmas: Spotlight On Christmas</title><date></date><icon src="https://images.tv.kpn.com/epg/6JpeO9CY0pqr5BpJsXAnbV9CF7DYA5z6WL7v3fNQRteH0/1920x1080.jpg?blurred=false"></icon><desc>Hollywoodactrice Olivia wordt twee weken voor kerst gedumpt door haar vriend. Ze heeft geen zin in paparazzi en wijkt uit naar haar geboortedorp. Daar wordt ze geconfronteerd met haar familie, een nieuwe vlam en een journalist die haar gevolgd is. Olivia realiseert zich steeds meer dat ze verlangt naar een plek waar ze zichzelf kan zijn...</desc><category></category></programme><programme channel="27" start="20221124230500 +0000" stop="20221125000700 +0000" catchup-id="899344410"><title>ER</title><date></date><icon src="https://images.tv.kpn.com/epg/RmFzgB1SyH9CtqOIxbft46Rem4UMMYbhRFW8i6JbNR4U/1920x1080.jpg?blurred=false"></icon><desc>Amerikaanse dramaserie over het persoonlijke en professionele leven van het medisch personeel van het County General Hospital in Chicago.</desc><category></category></programme><programme channel="27" start="20221125000700 +0000" stop="20221125010700 +0000" catchup-id="899344413"><title>Teleshop 8: Mediashop</title><date></date><icon src="https://images.tv.kpn.com/epg/S8s9Ck5mc6gxV5Hd1OMzg9AwuzKhJ4KibICwpNYIgGOeY/1920x1080.jpg?blurred=false"></icon><desc>Homeshopping</desc><category></category></programme><programme channel="27" start="20221125010700 +0000" stop="20221125030000 +0000" catchup-id="899344416"><title>Teleshop 8: Mediashop</title><date></date><icon src="https://images.tv.kpn.com/epg/S8s9Ck5mc6gxV5Hd1OMzg9AwuzKhJ4KibICwpNYIgGOeY/1920x1080.jpg?blurred=false"></icon><desc>Homeshopping</desc><category></category></programme><programme channel="27" start="20221125030000 +0000" stop="20221125053200 +0000" catchup-id="899651649"><title>Homeshopping</title><date></date><icon src="https://images.tv.kpn.com/epg/S8s9Ck5mc6gxV5Hd1OMzg9AwuzKhJ4KibICwpNYIgGOeY/1920x1080.jpg?blurred=false"></icon><desc>Homeshopping</desc><category></category></programme><programme channel="27" start="20221125053200 +0000" stop="20221125153200 +0000" catchup-id="899344419"><title>Teleshop 8: Mediashop</title><date></date><icon src="https://images.tv.kpn.com/epg/S8s9Ck5mc6gxV5Hd1OMzg9AwuzKhJ4KibICwpNYIgGOeY/1920x1080.jpg?blurred=false"></icon><desc>Homeshopping</desc><category></category></programme><programme channel="27" start="20221125153200 +0000" stop="20221125160200 +0000" catchup-id="899344422"><title>Goede Tijden, Slechte Tijden</title><date></date><icon src="https://images.tv.kpn.com/epg/6Rj8PPGDPe6iGvDWZB6ct6pEPspN5YIyuHcvhSBOEO8/1920x1080.jpg?blurred=false"></icon><desc>Ludo raakt geëmotioneerd als hij ziet dat Nola in orde is, Nina is ontroerd als ze haar vader van deze kant ziet. Rik is jarig! Stefano en Daan schuiven de problemen die ze op het werk hebben even aan de kant en verrassen hem met een bezoek.</desc><category></category></programme><programme channel="27" start="20221125160200 +0000" stop="20221125170300 +0000" catchup-id="899344425"><title>Murder, She Wrote</title><date></date><icon src="https://images.tv.kpn.com/epg/nc79A4zYa6fGa0q4lTqRQrPp2UHXoxwyY9CU7OsxuPJqQ/1920x1080.jpg?blurred=false"></icon><desc>Een onschuldige man is opgepakt voor de moord op een legendarische maestro. Jessica gaat op zoek naar het motief voor de moord én de echte dader.</desc><category></category></programme><programme channel="27" start="20221125170300 +0000" stop="20221125173200 +0000" catchup-id="899344428"><title>The Bold And The Beautiful</title><date></date><icon src="https://images.tv.kpn.com/epg/0C3ix6IGlK9AnnGAhLSjTngnBeI8wjKZvTt2arkXjpzg/1920x1080.jpg?blurred=false"></icon><desc>Thomas en Hope groeien dichter naar elkaar toe terwijl ze werken aan de nieuwe collectie van Hope For The Future. Liam uit hierover zijn zorgen, tot ergernis van Hope.</desc><category></category></programme><programme channel="27" start="20221125173200 +0000" stop="20221125183000 +0000" catchup-id="899344431"><title>ER</title><date></date><icon src="https://images.tv.kpn.com/epg/TvUM5kW8HBOiUI9AAahX9AA9AHAh8Vu7KKdHK0woKJSLFc/1920x1080.jpg?blurred=false"></icon><desc>Amerikaanse dramaserie over het persoonlijke en professionele leven van het medisch personeel van het County General Hospital in Chicago.</desc><category></category></programme><programme channel="27" start="20221125183000 +0000" stop="20221125192700 +0000" catchup-id="899344434"><title>ER</title><date></date><icon src="https://images.tv.kpn.com/epg/TvUM5kW8HBOiUI9AAahX9AA9AHAh8Vu7KKdHK0woKJSLFc/1920x1080.jpg?blurred=false"></icon><desc>Amerikaanse dramaserie over het persoonlijke en professionele leven van het medisch personeel van het County General Hospital in Chicago.</desc><category></category></programme><programme channel="27" start="20221125192700 +0000" stop="20221125211200 +0000" catchup-id="899344437"><title>Countdown To Christmas: Fixing Up Christmas</title><date></date><icon src="https://images.tv.kpn.com/epg/j4wlSYiUeghDCfbRglpRPwJLT7sxD645HxK8GCTY5Mw/1920x1080.jpg?blurred=false"></icon><desc>Eventplanner Holly moet een spetterend kerstfeest organiseren voor een groot architectenbureau. Het bedrijf hoopt hiermee de burgemeester over te halen een project goed te keuren. Holly moet samenwerken met de zoon van de baas, en die heeft hele andere ideeën bij 'het perfecte kerstfeest'.</desc><category></category></programme><programme channel="27" start="20221125211200 +0000" stop="20221125230700 +0000" catchup-id="899344440"><title>Countdown To Christmas: A Veteran's Christmas</title><date></date><icon src="https://images.tv.kpn.com/epg/ffih28IJOkXo9B6j9Cv8DOUacKhO5N8tvEyc2yH2wN3DM/1920x1080.jpg?blurred=false"></icon><desc>Grace is afgezwaaid bij de marine en is vlak voor kerst op weg naar een nieuwe toekomst in Cincinnati. Ze krijgt autopech, maar gelukkig komt ze rechter Joe tegen. Grace mag in zijn gasthuis verblijven. Grace wordt verwelkomd door de familie van Joe en doet al snel mee aan alle kerstactiviteiten. Ze wordt verliefd op Joe, maar is bang dat hij nog gevoelens heeft voor zijn ex, Marnie.</desc><category></category></programme><programme channel="27" start="20221125230700 +0000" stop="20221126000800 +0000" catchup-id="899388168"><title>Murder, She Wrote</title><date></date><icon src="https://images.tv.kpn.com/epg/nc79A4zYa6fGa0q4lTqRQrPp2UHXoxwyY9CU7OsxuPJqQ/1920x1080.jpg?blurred=false"></icon><desc>Een reizend circus doet Cabot Cove aan. De komst valt samen met een serie inbraken. Als de eigenaar van het circus wordt vermoord, krijgen twee medewerkers de schuld.</desc><category></category></programme><programme channel="27" start="20221126000800 +0000" stop="20221126010800 +0000" catchup-id="899388171"><title>Teleshop 8: Mediashop</title><date></date><icon src="https://images.tv.kpn.com/epg/S8s9Ck5mc6gxV5Hd1OMzg9AwuzKhJ4KibICwpNYIgGOeY/1920x1080.jpg?blurred=false"></icon><desc>Homeshopping</desc><category></category></programme><programme channel="27" start="20221126010800 +0000" stop="20221126014300 +0000" catchup-id="899388174"><title>Teleshop 8: Mediashop</title><date></date><icon src="https://images.tv.kpn.com/epg/S8s9Ck5mc6gxV5Hd1OMzg9AwuzKhJ4KibICwpNYIgGOeY/1920x1080.jpg?blurred=false"></icon><desc>Homeshopping</desc><category></category></programme><programme channel="27" start="20221126014300 +0000" stop="20221126053300 +0000" catchup-id="899651652"><title>Homeshopping</title><date></date><icon src="https://images.tv.kpn.com/epg/S8s9Ck5mc6gxV5Hd1OMzg9AwuzKhJ4KibICwpNYIgGOeY/1920x1080.jpg?blurred=false"></icon><desc>Homeshopping</desc><category></category></programme><programme channel="27" start="20221126053300 +0000" stop="20221126160300 +0000" catchup-id="899388177"><title>Teleshop 8: Mediashop</title><date></date><icon src="https://images.tv.kpn.com/epg/S8s9Ck5mc6gxV5Hd1OMzg9AwuzKhJ4KibICwpNYIgGOeY/1920x1080.jpg?blurred=false"></icon><desc>Homeshopping</desc><category></category></programme><programme channel="27" start="20221126160300 +0000" stop="20221126170400 +0000" catchup-id="899388180"><title>Murder, She Wrote</title><date></date><icon src="https://images.tv.kpn.com/epg/ZCRVtv0EybCyJRo0SN5mAtKFgcMgvWgQUbZdhV9AjTc8/1920x1080.jpg?blurred=false"></icon><desc>Jessica is op vakantie in Amsterdam als een bevriende schrijver wordt ontvoerd. Vervolgens raakt ze betrokken in de duistere wereld van diamantsmokkel.</desc><category></category></programme><programme channel="27" start="20221126170400 +0000" stop="20221126185900 +0000" catchup-id="899388183"><title>Countdown To Christmas: A Sweet Christmas Romance</title><date></date><icon src="https://images.tv.kpn.com/epg/fw571lPmNj3e6FwwInmlvM4dKsnKousaDUYycNcyu6k/1920x1080.jpg?blurred=false"></icon><desc>Holly ontdekt dat de eigenaresse van de favoriete bakkerij uit haar jeugd met pensioen gaat. Ze hoopt met een bakwedstrijd rond de kerstdagen een waardige opvolger te vinden. Holly besluit mee te doen, net als de plaatselijke patissier Brad. Terwijl de strijd tussen de deelnemers aanwakkert, groeien Holly en Brad steeds dichter naar elkaar toe.</desc><category></category></programme><programme channel="27" start="20221126185900 +0000" stop="20221126204400 +0000" catchup-id="899388186"><title>Countdown To Christmas: Romance At Reindeer Lodge</title><date></date><icon src="https://images.tv.kpn.com/epg/wGOy1fO059AVUk3mfDN0sSA0r2SAIjt8b39CWPEJFpV8g/1920x1080.jpg?blurred=false"></icon><desc>Molly denkt een vakantie naar het Caribische Jamaica te hebben gewonnen, maar het gaat om Jamaica in het ijskoude New England. Vluchten terug zijn er voorlopig niet. Samen met medepassagier Jared dompelt ze zich onder in de kerstsfeer.</desc><category></category></programme><programme channel="27" start="20221126204400 +0000" stop="20221126223700 +0000" catchup-id="899388189"><title>Countdown To Christmas: A Christmas Family Reunion</title><date></date><icon src="https://images.tv.kpn.com/epg/nr5x9AIhCcuSWvcCWr57iN9B9ARF5Rvg5RPIEiS5dSDKkQ/1920x1080.jpg?blurred=false"></icon><desc>De pas ontslagen eventplanner Amy wordt door popster Tiffanie ingehuurd om een familiereünie te organiseren. Tiffanies neefje, fotograaf Calvin, helpt ook mee. Amy wordt verliefd op hem en samen proberen ze de beste familiereünie ooit te realiseren.</desc><category></category></programme><programme channel="27" start="20221126223700 +0000" stop="20221127002600 +0000" catchup-id="899388192"><title>Countdown To Christmas: The Christmas Temp</title><date></date><icon src="https://images.tv.kpn.com/epg/082OVfnLkytXrkJgDvSGBcIOyxzof316Xgxn9BkJ8Z6Y/1920x1080.jpg?blurred=false"></icon><desc>Hazel heeft moeite om de eindjes aan elkaar te knopen. Ze vindt een uitzendbureau dat bedrijven invallers levert tijdens de feestdagen en hoopt rond kerst veel uren te kunnen werken. Maar dat valt nog niet mee als ze verliefd wordt op de knappe HR-manager.</desc><category></category></programme><programme channel="27" start="20221127002600 +0000" stop="20221127011100 +0000" catchup-id="899431524"><title>Teleshop 8: Mediashop</title><date></date><icon src="https://images.tv.kpn.com/epg/S8s9Ck5mc6gxV5Hd1OMzg9AwuzKhJ4KibICwpNYIgGOeY/1920x1080.jpg?blurred=false"></icon><desc>Homeshopping</desc><category></category></programme><programme channel="27" start="20221127011100 +0000" stop="20221127053600 +0000" catchup-id="899431527"><title>Teleshop 8: Mediashop</title><date></date><icon src="https://images.tv.kpn.com/epg/S8s9Ck5mc6gxV5Hd1OMzg9AwuzKhJ4KibICwpNYIgGOeY/1920x1080.jpg?blurred=false"></icon><desc>Homeshopping</desc><category></category></programme><programme channel="27" start="20221127053600 +0000" stop="20221127160600 +0000" catchup-id="899431530"><title>Teleshop 8: Mediashop</title><date></date><icon src="https://images.tv.kpn.com/epg/S8s9Ck5mc6gxV5Hd1OMzg9AwuzKhJ4KibICwpNYIgGOeY/1920x1080.jpg?blurred=false"></icon><desc>Homeshopping</desc><category></category></programme><programme channel="27" start="20221127160600 +0000" stop="20221127171300 +0000" catchup-id="899431533"><title>Murder, She Wrote</title><date></date><icon src="https://images.tv.kpn.com/epg/ZCRVtv0EybCyJRo0SN5mAtKFgcMgvWgQUbZdhV9AjTc8/1920x1080.jpg?blurred=false"></icon><desc>Voor een nieuw boek doet Jessica onderzoek in een dierentuin in Californië. Daar wordt een moord gepleegd met een zwarte mamba in de hoofdrol.</desc><category></category></programme><programme channel="27" start="20221127171300 +0000" stop="20221127190000 +0000" catchup-id="899431536"><title>Countdown To Christmas: Entertaining Christmas</title><date></date><icon src="https://images.tv.kpn.com/epg/MEUd5z3JY8DUC9A9BejyBgIJjO035tIf9AtLvSFpMQV1z4/1920x1080.jpg?blurred=false"></icon><desc>Candace heeft nooit kunnen voldoen aan de verwachtingen van haar moeder, een succesvolle schrijfster van kookboeken en tv-persoonlijkheid. Deze kerst krijgt Candace de mogelijkheid om haar moeder trots te maken als ze haar plaats inneemt om een feest te organiseren.</desc><category></category></programme><programme channel="27" start="20221127190000 +0000" stop="20221127204600 +0000" catchup-id="899431539"><title>Countdown To Christmas: If I Only Had Christmas</title><date></date><icon src="https://images.tv.kpn.com/epg/y8jjOcaDxE6fRnULQmOlngUQ9AvvmNLxkCyIU2Sq4Yeg/1920x1080.jpg?blurred=false"></icon><desc>Darcy werkt voor een groot PR-bureau en ze is gek op kerstmis. Voor een groot bedrijf mag ze een kerst-liefdadigheidsevenement organiseren. Het enige nadeel is dat ze samen moet werken met Glenn, de vicepresident van het bedrijf, die behoorlijk knorrig kan zijn. Als ze elkaar beter leren kennen, beseffen ze dat ze veel met elkaar gemeen hebben, maar een geheim van Glenn staat de opbloeiende romance in de weg.</desc><category></category></programme><programme channel="27" start="20221127204600 +0000" stop="20221127224000 +0000" catchup-id="899431542"><title>Countdown To Christmas: Project Christmas Wish</title><date></date><icon src="https://images.tv.kpn.com/epg/xHgdPceCWcJdlAaQIRynCZYjWJWf9B0Y9AlnHXXMpPdeo/1920x1080.jpg?blurred=false"></icon><desc>Lucy werkt in een speelgoedwinkel en speelt al jaren voor kerstman. Als kerstman laat ze de wensen van de hele buurt uitkomen. Ook dit jaar kondigt ze bij het lokale radiostation aan dat inwoners hun wensen kunnen insturen. Het jonge meisje Max en haar vader, een weduwnaar, horen het bericht en Max doet haar grootste wens: een kerst zoals vroeger, toen haar moeder nog leefde. Dan merkt Lucy dat onverwachts haar eigen wensen uitkomen in het leven én in de liefde.</desc><category></category></programme><programme channel="27" start="20221127224000 +0000" stop="20221128003600 +0000" catchup-id="899431545"><title>Countdown To Christmas: Christmas On The River</title><date></date><icon src="https://images.tv.kpn.com/epg/cel4ey0ihi9BvvdghYtmoVNJbcx1xDqu9AoVOAzC8ZPd8/1920x1080.jpg?blurred=false"></icon><desc>Advocate Sarah gaat tijdens de kerstdagen naar haar geboortedorp in Louisiana. In het dorp wordt een groot feest georganiseerd. Tijdens de voorbereidingen wordt de band tussen Sarah, haar moeder en oma versterkt én hangt er liefde in de lucht.</desc><category></category></programme><programme channel="27" start="20221128003600 +0000" stop="20221128010600 +0000" catchup-id="899472723"><title>Teleshop 8: Mediashop</title><date></date><icon src="https://images.tv.kpn.com/epg/S8s9Ck5mc6gxV5Hd1OMzg9AwuzKhJ4KibICwpNYIgGOeY/1920x1080.jpg?blurred=false"></icon><desc>Homeshopping</desc><category></category></programme><programme channel="27" start="20221128010600 +0000" stop="20221128053100 +0000" catchup-id="899472726"><title>Teleshop 8: Mediashop</title><date></date><icon src="https://images.tv.kpn.com/epg/S8s9Ck5mc6gxV5Hd1OMzg9AwuzKhJ4KibICwpNYIgGOeY/1920x1080.jpg?blurred=false"></icon><desc>Homeshopping</desc><category></category></programme><programme channel="27" start="20221128053100 +0000" stop="20221128160500 +0000" catchup-id="899472729"><title>Teleshop 8: Mediashop</title><date></date><icon src="https://images.tv.kpn.com/epg/S8s9Ck5mc6gxV5Hd1OMzg9AwuzKhJ4KibICwpNYIgGOeY/1920x1080.jpg?blurred=false"></icon><desc>Homeshopping</desc><category></category></programme><programme channel="27" start="20221128160500 +0000" stop="20221128170500 +0000" catchup-id="899472732"><title>Murder, She Wrote</title><date></date><icon src="https://images.tv.kpn.com/epg/nc79A4zYa6fGa0q4lTqRQrPp2UHXoxwyY9CU7OsxuPJqQ/1920x1080.jpg?blurred=false"></icon><desc>Jessica ontdekt bij toeval een brief van George Washington. De vondst leidt tot een held die van zijn voetsstuk valt en de moord op een regisseur.</desc><category></category></programme><programme channel="27" start="20221128170500 +0000" stop="20221128173000 +0000" catchup-id="899472735"><title>The Bold And The Beautiful</title><date></date><icon src="https://images.tv.kpn.com/epg/3p9C59AYsQIErBe4KA52OopICpNNJ7yY0X2Lu3oZOf4qI/1920x1080.jpg?blurred=false"></icon><desc>Sheila trekt haar hele trukendoos open voor een speciale Halloween-aflevering.</desc><category></category></programme><programme channel="27" start="20221128173000 +0000" stop="20221128183000 +0000" catchup-id="899472738"><title>ER</title><date></date><icon src="https://images.tv.kpn.com/epg/RmFzgB1SyH9CtqOIxbft46Rem4UMMYbhRFW8i6JbNR4U/1920x1080.jpg?blurred=false"></icon><desc>Amerikaanse dramaserie over het persoonlijke en professionele leven van het medisch personeel van het County General Hospital in Chicago.</desc><category></category></programme><programme channel="27" start="20221128183000 +0000" stop="20221128192500 +0000" catchup-id="899472741"><title>ER</title><date></date><icon src="https://images.tv.kpn.com/epg/RmFzgB1SyH9CtqOIxbft46Rem4UMMYbhRFW8i6JbNR4U/1920x1080.jpg?blurred=false"></icon><desc>Amerikaanse dramaserie over het persoonlijke en professionele leven van het medisch personeel van het County General Hospital in Chicago.</desc><category></category></programme><programme channel="27" start="20221128192500 +0000" stop="20221128211000 +0000" catchup-id="899472744"><title>Countdown To Christmas: Swept Up By Christmas</title><date></date><icon src="https://images.tv.kpn.com/epg/AXIYvFrfWFPoYuuFdEJQUrk85Cg11bjmJ6Ii9AJ0zFaY/1920x1080.jpg?blurred=false"></icon><desc>Antiekexpert Gwen is gevraagd de inboedel van een rijke weduwnaar te taxeren. De oude man heeft ook een schoonmaakbedrijf ingehuurd. De eigenaar daarvan, Reed, ligt voortdurend overhoop met Gwen. Toch proberen ze samen het kerstgevoel terug te brengen in de villa van de weduwnaar.</desc><category></category></programme><programme channel="27" start="20221128211000 +0000" stop="20221128231000 +0000" catchup-id="899472747"><title>Countdown To Christmas: Two Turtle Doves</title><date></date><icon src="https://images.tv.kpn.com/epg/Vs2RNdNAZ1CXlQqBPV9BX0IubgVbDoaDTJWV2Dfywokk/1920x1080.jpg?blurred=false"></icon><desc>Sharon werkt als wetenschapper in New York, maar keert tijdens de kerstdagen terug naar haar geboorteplaats. Eerder dat jaar overleed haar oma, en Sharon erft haar huis. Ze moet dan wel eerst een opdracht uitvoeren, om zo te ontdekken of ze New York achter zich wil laten en in het huis wil gaan wonen. Sharon krijgt daarbij hulp van de buurman en zijn dochtertje.</desc><category></category></programme><programme channel="27" start="20221128231000 +0000" stop="20221129000900 +0000" catchup-id="899513430"><title>ER</title><date></date><icon src="https://images.tv.kpn.com/epg/RmFzgB1SyH9CtqOIxbft46Rem4UMMYbhRFW8i6JbNR4U/1920x1080.jpg?blurred=false"></icon><desc>Amerikaanse dramaserie over het persoonlijke en professionele leven van het medisch personeel van het County General Hospital in Chicago.</desc><category></category></programme><programme channel="27" start="20221129000900 +0000" stop="20221129010100 +0000" catchup-id="899513433"><title>Teleshop 8: Mediashop</title><date></date><icon src="https://images.tv.kpn.com/epg/S8s9Ck5mc6gxV5Hd1OMzg9AwuzKhJ4KibICwpNYIgGOeY/1920x1080.jpg?blurred=false"></icon><desc>Homeshopping</desc><category></category></programme><programme channel="27" start="20221129010100 +0000" stop="20221129053000 +0000" catchup-id="899513436"><title>Teleshop 8: Mediashop</title><date></date><icon src="https://images.tv.kpn.com/epg/S8s9Ck5mc6gxV5Hd1OMzg9AwuzKhJ4KibICwpNYIgGOeY/1920x1080.jpg?blurred=false"></icon><desc>Homeshopping</desc><category></category></programme><programme channel="27" start="20221129053000 +0000" stop="20221129153500 +0000" catchup-id="899513439"><title>Teleshop 8: Mediashop</title><date></date><icon src="https://images.tv.kpn.com/epg/S8s9Ck5mc6gxV5Hd1OMzg9AwuzKhJ4KibICwpNYIgGOeY/1920x1080.jpg?blurred=false"></icon><desc>Homeshopping</desc><category></category></programme><programme channel="27" start="20221129153500 +0000" stop="20221129160500 +0000" catchup-id="899513442"><title>Goede Tijden, Slechte Tijden</title><date></date><icon src="https://images.tv.kpn.com/epg/Eljp9BOAnR2xYTdWVlZCZmZGbTCbFjdazPSGTSqmznxc/1920x1080.jpg?blurred=false"></icon><desc>Nola mag thuis verder herstellen, maar dat valt niet mee. Stefano is tevreden als hij weer een klik heeft met Ludo. Ondertussen raken Cato en Daan ook steeds beter bevriend. En gaat het Linda dan eindelijk lukken om Luuk te veroveren?</desc><category></category></programme><programme channel="27" start="20221129160500 +0000" stop="20221129170500 +0000" catchup-id="899513445"><title>Murder, She Wrote</title><date></date><icon src="https://images.tv.kpn.com/epg/nc79A4zYa6fGa0q4lTqRQrPp2UHXoxwyY9CU7OsxuPJqQ/1920x1080.jpg?blurred=false"></icon><desc>Jessica is op vakantie in Honolulu. Er ontstaat chaos als de zoon van de gastheer plotseling verdwijnt, tijdens een verkiezingscampagne voor de senaat.</desc><category></category></programme><programme channel="27" start="20221129170500 +0000" stop="20221129173000 +0000" catchup-id="899513448"><title>The Bold And The Beautiful</title><date></date><icon src="https://images.tv.kpn.com/epg/3p9C59AYsQIErBe4KA52OopICpNNJ7yY0X2Lu3oZOf4qI/1920x1080.jpg?blurred=false"></icon><desc>Iedereen bereidt zich voor op de presentatie van de Hope For The Future-collectie. Liam zit in tweestrijd: moet hij blijven voor Hope of weggaan vanwege Thomas?</desc><category></category></programme><programme channel="27" start="20221129173000 +0000" stop="20221129183000 +0000" catchup-id="899513451"><title>ER</title><date></date><icon src="https://images.tv.kpn.com/epg/TvUM5kW8HBOiUI9AAahX9AA9AHAh8Vu7KKdHK0woKJSLFc/1920x1080.jpg?blurred=false"></icon><desc>Amerikaanse dramaserie over het persoonlijke en professionele leven van het medisch personeel van het County General Hospital in Chicago.</desc><category></category></programme><programme channel="27" start="20221129183000 +0000" stop="20221129192500 +0000" catchup-id="899513454"><title>ER</title><date></date><icon src="https://images.tv.kpn.com/epg/RmFzgB1SyH9CtqOIxbft46Rem4UMMYbhRFW8i6JbNR4U/1920x1080.jpg?blurred=false"></icon><desc>Amerikaanse dramaserie over het persoonlijke en professionele leven van het medisch personeel van het County General Hospital in Chicago.</desc><category></category></programme><programme channel="27" start="20221129192500 +0000" stop="20221129211000 +0000" catchup-id="899513457"><title>Countdown To Christmas: Christmas At Castle Hart</title><date></date><icon src="https://images.tv.kpn.com/epg/1ywymIkc4p9C0Aix8rIW649CR277BfibqLXqcRnfWQrhc/1920x1080.jpg?blurred=false"></icon><desc>Zussen Brooke en Margot zijn onverwacht werkloos met de feestdagen. Ze besluiten hun spaargeld te gebruiken om zich in Ierland te verdiepen in hun afkomst. Daar ontmoeten ze de charmante Aiden Hart, graaf van Glaslough. Door een leugentje regelt Margot een klus voor hun als evenementenplanners voor het kerstgala in zijn kasteel. Brooke stemt met tegenzin in. Terwijl ze werken in zijn kasteel, bloeit er iets op tussen Aiden en Brooke.</desc><category></category></programme><programme channel="27" start="20221129211000 +0000" stop="20221129230000 +0000" catchup-id="899513460"><title>Countdown To Christmas: One Royal Holiday</title><date></date><icon src="https://images.tv.kpn.com/epg/jcB7X9AcWMeg9AVvEzo9ACWI6yaU1arid9BVWO6fueNf0V0/1920x1080.jpg?blurred=false"></icon><desc>Tijdens een sneeuwstorm biedt Anna Jordan onderdak aan een gestrande moeder en zoon. Het blijken koningin Gabriella en prins James van de koninklijke familie van Galwick te zijn. Anna zorgt dat de twee in het hotel van haar vader mogen slapen en ze laat prins James zien hoe ze kerst vieren in haar geboorteplaats. James heeft daar eigenlijk helemaal geen zin in, maar beetje bij beetje weet Anna zijn hart te ontdooien.</desc><category></category></programme><programme channel="27" start="20221129230000 +0000" stop="20221129235500 +0000" catchup-id="899560191"><title>ER</title><date></date><icon src="https://images.tv.kpn.com/epg/TvUM5kW8HBOiUI9AAahX9AA9AHAh8Vu7KKdHK0woKJSLFc/1920x1080.jpg?blurred=false"></icon><desc>Amerikaanse dramaserie over het persoonlijke en professionele leven van het medisch personeel van het County General Hospital in Chicago.</desc><category></category></programme><programme channel="27" start="20221129235500 +0000" stop="20221130010100 +0000" catchup-id="899560194"><title>Teleshop 8: Mediashop</title><date></date><icon src="https://images.tv.kpn.com/epg/S8s9Ck5mc6gxV5Hd1OMzg9AwuzKhJ4KibICwpNYIgGOeY/1920x1080.jpg?blurred=false"></icon><desc>Homeshopping</desc><category></category></programme><programme channel="27" start="20221130010100 +0000" stop="20221130053000 +0000" catchup-id="899560197"><title>Teleshop 8: Mediashop</title><date></date><icon src="https://images.tv.kpn.com/epg/S8s9Ck5mc6gxV5Hd1OMzg9AwuzKhJ4KibICwpNYIgGOeY/1920x1080.jpg?blurred=false"></icon><desc>Homeshopping</desc><category></category></programme><programme channel="27" start="20221130053000 +0000" stop="20221130153500 +0000" catchup-id="899560200"><title>Teleshop 8: Mediashop</title><date></date><icon src="https://images.tv.kpn.com/epg/S8s9Ck5mc6gxV5Hd1OMzg9AwuzKhJ4KibICwpNYIgGOeY/1920x1080.jpg?blurred=false"></icon><desc>Homeshopping</desc><category></category></programme><programme channel="27" start="20221130153500 +0000" stop="20221130160500 +0000" catchup-id="899560203"><title>Goede Tijden, Slechte Tijden</title><date></date><icon src="https://images.tv.kpn.com/epg/Eljp9BOAnR2xYTdWVlZCZmZGbTCbFjdazPSGTSqmznxc/1920x1080.jpg?blurred=false"></icon><desc>De Verduyn-kinderen hebben het druk: Demi is van plan om wat extra's te verdienen en gaat op zoek naar meer oppaskinderen. Ondertussen is Steef van plan om ook dit jaar gewoon Sinterklaas te vieren. Merel mag stage lopen op het politiebureau van Meerdijk en ontmoet haar stagebegeleider.</desc><category></category></programme><programme channel="27" start="20221130160500 +0000" stop="20221130170500 +0000" catchup-id="899560206"><title>Murder, She Wrote</title><date></date><icon src="https://images.tv.kpn.com/epg/ZCRVtv0EybCyJRo0SN5mAtKFgcMgvWgQUbZdhV9AjTc8/1920x1080.jpg?blurred=false"></icon><desc>Een gestoorde schutter heeft het voorzien op de columniste van een krant.</desc><category></category></programme><programme channel="27" start="20221130170500 +0000" stop="20221130173000 +0000" catchup-id="899560209"><title>The Bold And The Beautiful</title><date></date><icon src="https://images.tv.kpn.com/epg/3p9C59AYsQIErBe4KA52OopICpNNJ7yY0X2Lu3oZOf4qI/1920x1080.jpg?blurred=false"></icon><desc>De modeshow is in volle gang. Wyatt en Bill geven Liam wijze raad, terwijl Hope met Thomas in de spotlights staat.</desc><category></category></programme><programme channel="27" start="20221130173000 +0000" stop="20221130183000 +0000" catchup-id="899560212"><title>ER</title><date></date><icon src="https://images.tv.kpn.com/epg/RmFzgB1SyH9CtqOIxbft46Rem4UMMYbhRFW8i6JbNR4U/1920x1080.jpg?blurred=false"></icon><desc>Amerikaanse dramaserie over het persoonlijke en professionele leven van het medisch personeel van het County General Hospital in Chicago.</desc><category></category></programme><programme channel="27" start="20221130183000 +0000" stop="20221130192500 +0000" catchup-id="899560215"><title>ER</title><date></date><icon src="https://images.tv.kpn.com/epg/RmFzgB1SyH9CtqOIxbft46Rem4UMMYbhRFW8i6JbNR4U/1920x1080.jpg?blurred=false"></icon><desc>Amerikaanse dramaserie over het persoonlijke en professionele leven van het medisch personeel van het County General Hospital in Chicago.</desc><category></category></programme><programme channel="27" start="20221130192500 +0000" stop="20221130212000 +0000" catchup-id="899560218"><title>Countdown To Christmas: Good Morning Christmas!</title><date></date><icon src="https://images.tv.kpn.com/epg/aJOcLYT0I3xI7K07rQ9APPcghs4xu8yW7au4uYMfJUJ0/1920x1080.jpg?blurred=false"></icon><desc>Melissa en Brian presenteren de ochtendshow Bright &amp; Merry. Voor de camera vormen ze een perfect duo, maar achter de schermen is dat wel anders. Het helpt ook niet dat Brian stiekem besluit ontslag te nemen en Melissa zo opzadelt met een probleem. Hun producer besluit de show te stoppen, maar eerst moeten de twee nog kerstprogramma's maken. Nu het einde van hun samenwerking nadert, komen er plots veel gevoelens om de hoek kijken.</desc><category></category></programme><programme channel="27" start="20221130212000 +0000" stop="20221130230500 +0000" catchup-id="899560221"><title>Countdown To Christmas: Christmas Made To Order</title><date></date><icon src="https://images.tv.kpn.com/epg/SBEZ3nBqnZyUFvggk6vsxhg6QX38akK4eQbKX1zhfUU/1920x1080.jpg?blurred=false"></icon><desc>Architect Steven heeft zijn familie uitgenodigd voor kerst, maar weet niet goed hoe hij alles moet regelen. Daarom huurt hij feestdagenexpert Gretchen in. Zij zorgt voor de ultieme kerstsfeer in huize Steven en er springt een vonk over tussen de twee. Als Gretchen een belangrijke kans krijgt, moeten ze beslissen wat écht belangrijk is in het leven.</desc><category></category></programme><programme channel="27" start="20221130230500 +0000" stop="20221201000000 +0000" catchup-id="899604243"><title>ER</title><date></date><icon src="https://images.tv.kpn.com/epg/RmFzgB1SyH9CtqOIxbft46Rem4UMMYbhRFW8i6JbNR4U/1920x1080.jpg?blurred=false"></icon><desc>Amerikaanse dramaserie over het persoonlijke en professionele leven van het medisch personeel van het County General Hospital in Chicago.</desc><category></category></programme><programme channel="27" start="20221201000000 +0000" stop="20221201010100 +0000" catchup-id="899604246"><title>Teleshop 8: Mediashop</title><date></date><icon src="https://images.tv.kpn.com/epg/S8s9Ck5mc6gxV5Hd1OMzg9AwuzKhJ4KibICwpNYIgGOeY/1920x1080.jpg?blurred=false"></icon><desc>Homeshopping</desc><category></category></programme><programme channel="27" start="20221201010100 +0000" stop="20221201053000 +0000" catchup-id="899604249"><title>Teleshop 8: Mediashop</title><date></date><icon src="https://images.tv.kpn.com/epg/S8s9Ck5mc6gxV5Hd1OMzg9AwuzKhJ4KibICwpNYIgGOeY/1920x1080.jpg?blurred=false"></icon><desc>Homeshopping</desc><category></category></programme><programme channel="27" start="20221201053000 +0000" stop="20221201153500 +0000" catchup-id="899604252"><title>Teleshop 8: Mediashop</title><date></date><icon src="https://images.tv.kpn.com/epg/S8s9Ck5mc6gxV5Hd1OMzg9AwuzKhJ4KibICwpNYIgGOeY/1920x1080.jpg?blurred=false"></icon><desc>Homeshopping</desc><category></category></programme><programme channel="27" start="20221201153500 +0000" stop="20221201160500 +0000" catchup-id="899604255"><title>Goede Tijden, Slechte Tijden</title><date></date><icon src="https://images.tv.kpn.com/epg/Eljp9BOAnR2xYTdWVlZCZmZGbTCbFjdazPSGTSqmznxc/1920x1080.jpg?blurred=false"></icon><desc>Merel roept de hulp in van de al veel te drukke Steef om een enorme blunder op te lossen. Rik raakt geëmotioneerd als Laura stelt dat liefde soms niet genoeg is om pijn te kunnen verzachten. Shanti trekt het werk in de Koning niet meer en vertrekt.</desc><category></category></programme><programme channel="27" start="20221201160500 +0000" stop="20221201170500 +0000" catchup-id="899604258"><title>Murder, She Wrote</title><date></date><icon src="https://images.tv.kpn.com/epg/ZCRVtv0EybCyJRo0SN5mAtKFgcMgvWgQUbZdhV9AjTc8/1920x1080.jpg?blurred=false"></icon><desc>Jessica ontdekt dat haar buren onbedoeld zijn aangesloten op een beveiligingssysteem en is getuige van een moord.</desc><category></category></programme><programme channel="27" start="20221201170500 +0000" stop="20221201173000 +0000" catchup-id="899604261"><title>The Bold And The Beautiful</title><date></date><icon src="https://images.tv.kpn.com/epg/3p9C59AYsQIErBe4KA52OopICpNNJ7yY0X2Lu3oZOf4qI/1920x1080.jpg?blurred=false"></icon><desc>Na de modeshow brengt Eric een toost uit op het succes van Hope en Thomas. Ondertussen is Liam bang dat hij Hope kwijt is. Thomas, Hopen en Douglas beleven samen een mooi moment.</desc><category></category></programme><programme channel="27" start="20221201173000 +0000" stop="20221201183000 +0000" catchup-id="899604264"><title>ER</title><date></date><icon src="https://images.tv.kpn.com/epg/RmFzgB1SyH9CtqOIxbft46Rem4UMMYbhRFW8i6JbNR4U/1920x1080.jpg?blurred=false"></icon><desc>Amerikaanse dramaserie over het persoonlijke en professionele leven van het medisch personeel van het County General Hospital in Chicago.</desc><category></category></programme><programme channel="27" start="20221201183000 +0000" stop="20221201192500 +0000" catchup-id="899604267"><title>ER</title><date></date><icon src="https://images.tv.kpn.com/epg/TvUM5kW8HBOiUI9AAahX9AA9AHAh8Vu7KKdHK0woKJSLFc/1920x1080.jpg?blurred=false"></icon><desc>Amerikaanse dramaserie over het persoonlijke en professionele leven van het medisch personeel van het County General Hospital in Chicago.</desc><category></category></programme><programme channel="27" start="20221201192500 +0000" stop="20221201211000 +0000" catchup-id="899604270"><title>Countdown To Christmas: Unlocking Christmas</title><date></date><icon src="https://images.tv.kpn.com/epg/UIPHvAultCj4WYrkLUHe1Vwgw9BaAVWUZStrJep5lFPg/1920x1080.jpg?blurred=false"></icon><desc>Kate is net begonnen aan een medische specialisatie in een ziekenhuis. Kevin keert terug naar huis nadat hij bij de luchtmacht heeft gediend. Hun levens staan in het teken van het helpen van anderen. Als ze allebei een mysterieuze sleutel en een raadsel ontvangen, is dat het begin van een gezamenlijk kerstavontuur dat hen leert dat ze ook hulp mogen ontvangen.</desc><category></category></programme><programme channel="27" start="20221201211000 +0000" stop="20221201230000 +0000" catchup-id="899604273"><title>Countdown To Christmas: My Christmas Love</title><date></date><icon src="https://images.tv.kpn.com/epg/xd9AzkPuzPYJ89C8XysU5UMke7a1uxZNLbeTUISMJzlyw/1920x1080.jpg?blurred=false"></icon><desc>Cynthia is dol op romantiek, maar wordt vlak voor kerst gedumpt. Haar zus staat op het punt te gaan trouwen en Cynthia besluit haar goede vriend Liam mee te nemen naar de bruiloft. Daar wordt ze verrast met allerlei cadeautjes. Cynthia denkt dat deze attente Kerstman de ware is, maar wie is hij?</desc><category></category></programme><programme channel="27" start="20221201230000 +0000" stop="20221201235500 +0000" catchup-id="899651655"><title>ER</title><date></date><icon src="https://images.tv.kpn.com/epg/RmFzgB1SyH9CtqOIxbft46Rem4UMMYbhRFW8i6JbNR4U/1920x1080.jpg?blurred=false"></icon><desc>Amerikaanse dramaserie over het persoonlijke en professionele leven van het medisch personeel van het County General Hospital in Chicago.</desc><category></category></programme><programme channel="27" start="20221201235500 +0000" stop="20221202010100 +0000" catchup-id="899651658"><title>Teleshop 8: Mediashop</title><date></date><icon src="https://images.tv.kpn.com/epg/S8s9Ck5mc6gxV5Hd1OMzg9AwuzKhJ4KibICwpNYIgGOeY/1920x1080.jpg?blurred=false"></icon><desc>Homeshopping</desc><category></category></programme><programme channel="27" start="20221202010100 +0000" stop="20221202053000 +0000" catchup-id="899651661"><title>Teleshop 8: Mediashop</title><date></date><icon src="https://images.tv.kpn.com/epg/S8s9Ck5mc6gxV5Hd1OMzg9AwuzKhJ4KibICwpNYIgGOeY/1920x1080.jpg?blurred=false"></icon><desc>Homeshopping</desc><category></category></programme><programme channel="27" start="20221202053000 +0000" stop="20221202153500 +0000" catchup-id="899651664"><title>Teleshop 8: Mediashop</title><date></date><icon src="https://images.tv.kpn.com/epg/S8s9Ck5mc6gxV5Hd1OMzg9AwuzKhJ4KibICwpNYIgGOeY/1920x1080.jpg?blurred=false"></icon><desc>Homeshopping</desc><category></category></programme><programme channel="27" start="20221202153500 +0000" stop="20221202160500 +0000" catchup-id="899651667"><title>Goede Tijden, Slechte Tijden</title><date></date><icon src="https://images.tv.kpn.com/epg/Eljp9BOAnR2xYTdWVlZCZmZGbTCbFjdazPSGTSqmznxc/1920x1080.jpg?blurred=false"></icon><desc>Ludo schrikt van het nieuws van Nina en Bing en neemt direct de touwtjes in handen. Daan krijgt een nieuwe baan aangeboden en zal moeten nadenken over zijn toekomst. Rik zet een grote stap in zijn rouwproces.</desc><category></category></programme><programme channel="27" start="20221202160500 +0000" stop="20221202170500 +0000" catchup-id="899651670"><title>Murder, She Wrote</title><date></date><icon src="https://images.tv.kpn.com/epg/ZCRVtv0EybCyJRo0SN5mAtKFgcMgvWgQUbZdhV9AjTc8/1920x1080.jpg?blurred=false"></icon><desc>Jessica voelt zich verantwoordelijk nadat ze een koppel heeft geholpen om samen weg te lopen, en een van hen om het leven komt.</desc><category></category></programme><programme channel="27" start="20221202170500 +0000" stop="20221202173000 +0000" catchup-id="899651673"><title>The Bold And The Beautiful</title><date></date><icon src="https://images.tv.kpn.com/epg/0C3ix6IGlK9AnnGAhLSjTngnBeI8wjKZvTt2arkXjpzg/1920x1080.jpg?blurred=false"></icon><desc>Bill haalt herinneringen op met Brooke. Deacon verrast Sheila met een romantische date bij Il Giardino. Hope en Thomas delen een onverwacht moment na de succesvolle modeshow.</desc><category></category></programme><programme channel="27" start="20221202173000 +0000" stop="20221202183000 +0000" catchup-id="899651676"><title>ER</title><date></date><icon src="https://images.tv.kpn.com/epg/RmFzgB1SyH9CtqOIxbft46Rem4UMMYbhRFW8i6JbNR4U/1920x1080.jpg?blurred=false"></icon><desc>Amerikaanse dramaserie over het persoonlijke en professionele leven van het medisch personeel van het County General Hospital in Chicago.</desc><category></category></programme><programme channel="27" start="20221202183000 +0000" stop="20221202192500 +0000" catchup-id="899651679"><title>ER</title><date></date><icon src="https://images.tv.kpn.com/epg/RmFzgB1SyH9CtqOIxbft46Rem4UMMYbhRFW8i6JbNR4U/1920x1080.jpg?blurred=false"></icon><desc>Amerikaanse dramaserie over het persoonlijke en professionele leven van het medisch personeel van het County General Hospital in Chicago.</desc><category></category></programme><programme channel="27" start="20221202192500 +0000" stop="20221202211000 +0000" catchup-id="899651682"><title>Countdown To Christmas: The Christmas Bow</title><date></date><icon src="https://images.tv.kpn.com/epg/8SzEjte73hjfa4ujf3i6EBDd1Tl0UDsTER9C4TGDi5WI/1920x1080.jpg?blurred=false"></icon><desc>Haar hele leven lang droomt Kate al van een carrière als violist bij het Rocky Mountain Philharmonic. Maar de droom dreigt in duigen te vallen door een ongeluk. Met de kerst gaat Kate naar haar ouderlijk huis en begint met fysiotherapie. Haar therapeut is Patrick, een vriend van vroeger. Niet veel later ontstaat er een romance, maar dan hoort Kate dat Patrick bij Artsen zonder Grenzen gaat werken in Soedan.</desc><category></category></programme><programme channel="27" start="20221202211000 +0000" stop="20221202230000 +0000" catchup-id="899651685"><title>Countdown To Christmas: Chateau Christmas</title><date></date><icon src="https://images.tv.kpn.com/epg/SPXHuGXAunTpPt9Cq2sDwOiMPco4Ex1YvQQK8euQAfH8/1920x1080.jpg?blurred=false"></icon><desc>Als Margots familie haar vraagt de Kerst op een romantisch kasteel te komen vieren, grijpt ze de uitnodiging met beide handen aan. De beroemde pianiste heeft een druk leven en is hard toe aan wat ontspanning. Maar eenmaal op het kasteel loopt het toch iets anders dan Margot had bedacht. Ze loopt haar oud-geliefde Jackson tegen het lijf. En als uitgerekend Jackson haar vraagt om op te treden, zit Margot met haar handen in het haar.</desc><category></category></programme><programme channel="27" start="20221202230000 +0000" stop="20221202235500 +0000" catchup-id="899694732"><title>ER</title><date></date><icon src="https://images.tv.kpn.com/epg/RmFzgB1SyH9CtqOIxbft46Rem4UMMYbhRFW8i6JbNR4U/1920x1080.jpg?blurred=false"></icon><desc>Amerikaanse dramaserie over het persoonlijke en professionele leven van het medisch personeel van het County General Hospital in Chicago.</desc><category></category></programme><programme channel="27" start="20221202235500 +0000" stop="20221203010100 +0000" catchup-id="899694735"><title>Teleshop 8: Mediashop</title><date></date><icon src="https://images.tv.kpn.com/epg/S8s9Ck5mc6gxV5Hd1OMzg9AwuzKhJ4KibICwpNYIgGOeY/1920x1080.jpg?blurred=false"></icon><desc>Homeshopping</desc><category></category></programme><programme channel="27" start="20221203010100 +0000" stop="20221203053000 +0000" catchup-id="899694738"><title>Teleshop 8: Mediashop</title><date></date><icon src="https://images.tv.kpn.com/epg/S8s9Ck5mc6gxV5Hd1OMzg9AwuzKhJ4KibICwpNYIgGOeY/1920x1080.jpg?blurred=false"></icon><desc>Homeshopping</desc><category></category></programme><programme channel="27" start="20221203053000 +0000" stop="20221203160000 +0000" catchup-id="899694741"><title>Teleshop 8: Mediashop</title><date></date><icon src="https://images.tv.kpn.com/epg/S8s9Ck5mc6gxV5Hd1OMzg9AwuzKhJ4KibICwpNYIgGOeY/1920x1080.jpg?blurred=false"></icon><desc>Homeshopping</desc><category></category></programme><programme channel="27" start="20221203160000 +0000" stop="20221203171000 +0000" catchup-id="899694744"><title>Murder, She Wrote</title><date></date><icon src="https://images.tv.kpn.com/epg/ZCRVtv0EybCyJRo0SN5mAtKFgcMgvWgQUbZdhV9AjTc8/1920x1080.jpg?blurred=false"></icon><desc>De zoon van een wijnboer en zijn rivaal komen op mysterieuze wijze om het leven. Jessica betreedt een wereld vol hebzucht en bedrog.</desc><category></category></programme><programme channel="27" start="20221203171000 +0000" stop="20221203190000 +0000" catchup-id="899694747"><title>Countdown To Christmas: Magical Christmas Shoes</title><date></date><icon src="https://images.tv.kpn.com/epg/Ts5e5mx8U55BRS3MmjppECKAakSN5azPq9BWm3NjhPNI/1920x1080.jpg?blurred=false"></icon><desc>De sceptische Kayla maakt opnieuw kennis met de kerstgedachte dankzij de hulp van een paar betoverde schoenen. En misschien komt de liefde ook weer op haar pad!</desc><category></category></programme><programme channel="27" start="20221203190000 +0000" stop="20221203204500 +0000" catchup-id="899694750"><title>Countdown To Christmas: Magic Stocking</title><date></date><icon src="https://images.tv.kpn.com/epg/CGftPQgUlVF0Yz19AbLUR9BTrmRKduVrcsFhJdeRI7hAc/1920x1080.jpg?blurred=false"></icon><desc>Lindsey rouwt om de dood van haar man. Als haar dochter Hannah op een kerstmarkt een traditionele kerstsok koopt, blijkt die magische krachten te hebben. Lindseys geloof in het leven keert terug en ook de liefde krijgt weer een kans als ze een knappe kunstenaar ontmoet.</desc><category></category></programme><programme channel="27" start="20221203204500 +0000" stop="20221203224500 +0000" catchup-id="899694753"><title>Countdown To Christmas: Mrs. Miracle</title><date></date><icon src="https://images.tv.kpn.com/epg/9BZFUiYVuvUgD9ANkbPE9B76vXIV6eifAQfOw55gCZJ9AJw/1920x1080.jpg?blurred=false"></icon><desc>Weduwnaar Seth Webster, vader van twee onstuimige jongens, vindt eindelijk een nanny die zijn kinderen de baas kan. En ze blijkt ook nog een goede koppelaarster te zijn.</desc><category></category></programme>