<programme channel="290" start="20221118233000 +0000" stop="20221119013000 +0000" catchup-id="899232066"><title>Zuhal Topal'la Yemekteyiz</title><date></date><icon src="https://images.tv.kpn.com/epg/YbTF5xMu0VQBVlM9BbqovKvm23kfo9CW50WeX6d578iW4/1920x1080.jpg?blurred=false"></icon><desc>Zuhal Topal ile Yemekteyiz hafta içi her gün saat TV8'de.</desc><category></category></programme><programme channel="290" start="20221119013000 +0000" stop="20221119023000 +0000" catchup-id="899102298"><title>Doya Doya Moda</title><date></date><icon src="https://images.tv.kpn.com/epg/64hZRAvTvfmpsRLPNPeRAoa4zy59BpudVcm36CY8PAJY/1920x1080.jpg?blurred=false"></icon><desc>Hafta içi her gün TV8 ekranlarında izleyici ile buluşacak olan “Doya Doya Moda’” da kilolu ve büyük bedene sahip 7 kadın, moda alanında kendini en iyi ifade eden yarışmacı olabilmek için yarışacak. “Doya Doya Moda” nın jüri üyeleri; Gülşah Saraçoğlu, Banu Noyan, Kemal Doğulu ve Uğurkan Erez.</desc><category></category></programme><programme channel="290" start="20221119023000 +0000" stop="20221119030000 +0000" catchup-id="899102295"><title>Canım Annem</title><date></date><icon src="https://images.tv.kpn.com/epg/MWFTT5G9BBJP5adzH9B9C7D3DYleCmIcgUhNqsKdX2L6jY/1920x1080.jpg?blurred=false"></icon><desc>Zeynep, tehlikeli bir kalp rahatsızlığı olan güzeller güzeli bir kızdır. Hastalığı yüzünden annesi Cemre'nin bir araba kazasında öldüğünü ona söylemezler. Bunun yerine babası Murat, Zeynep kalp ameliyatı olacak yaşa gelene kadar, annesi Cemre’nin yerine geçecek bir benzerini tutar.</desc><category></category></programme><programme channel="290" start="20221119030000 +0000" stop="20221119041500 +0000" catchup-id="899232069"><title>Tuzak</title><date></date><icon src="https://images.tv.kpn.com/epg/default/1920x1080.jpg?blurred=false"></icon><desc>Programmabeschrijving niet beschikbaar</desc><category></category></programme><programme channel="290" start="20221119041500 +0000" stop="20221119043000 +0000" catchup-id="899232072"><title>Süper 1 Takım</title><date></date><icon src="https://images.tv.kpn.com/epg/iEgOtzl5aLrqI15PgxZZLmmU9BH2Y0M9Bs4JQ59CFu1mmc/1920x1080.jpg?blurred=false"></icon><desc>ir kasabada doğup büyüyen Birce ile şehirde yetişmiş, teknoloji bağımlısı bir çocuk olan Birol‘un hayatlarının bir çiftlikte kesişmesini konu alan çocuk dizisi rengarenk karakterleriyle beğeni topladı. Dünyaya kötülük salan İkiyüzlü’nün ordusunu durdurmak üzere süper güçlere sahip bir ekip oluşturan ikili; bu ilginç ekipte birer ayı, robot ve tavukla beraber dünyayı savunmak üzere kolları sıvıyor.</desc><category></category></programme><programme channel="290" start="20221119043000 +0000" stop="20221119060000 +0000" catchup-id="899232075"><title>Türkiye'nin Doktorları</title><date></date><icon src="https://images.tv.kpn.com/epg/default/1920x1080.jpg?blurred=false"></icon><desc>Programmabeschrijving niet beschikbaar</desc><category></category></programme><programme channel="290" start="20221119060000 +0000" stop="20221119070000 +0000" catchup-id="899232078"><title>Bir Yemek Olsan</title><date></date><icon src="https://images.tv.kpn.com/epg/X9CNUkCcJVUylAHmbOqheQ5G0ntIpHQJCH9CKCDQDb8q4/1920x1080.jpg?blurred=false"></icon><desc>Her hafta mutfakta birbirinden ünlü konukları ağırlayan Şef Türev Uludağ, uzman psikoterapist tarafından bir tipoloji çıkarıyor ve ünlü konuğunun hangi yemek olduğunu bulmaya çalışıyor. Bu yolculukta ona işinin ehli olan araştırmacı Mehmet Yıldırım eşlik ediyor.</desc><category></category></programme><programme channel="290" start="20221119070000 +0000" stop="20221119100000 +0000" catchup-id="899232081"><title>Gazete Magazin</title><date></date><icon src="https://images.tv.kpn.com/epg/9ApOxE55deKDx5kZhzddYTX3777JHrqBs5AKnsoIHXaM/1920x1080.jpg?blurred=false"></icon><desc>En sıcak magazin haberleri, aşklar, kaçamaklar, açılışlar, davetler, özel röportajlar ve magazin dünyasından en özel haberler ile Gazete Magazin ekranlara geliyor...</desc><category></category></programme><programme channel="290" start="20221119100000 +0000" stop="20221119111500 +0000" catchup-id="899232084"><title>Kadere Karşı</title><date></date><icon src="https://images.tv.kpn.com/epg/default/1920x1080.jpg?blurred=false"></icon><desc>Programmabeschrijving niet beschikbaar</desc><category></category></programme><programme channel="290" start="20221119111500 +0000" stop="20221119141500 +0000" catchup-id="899232087"><title>Pişirde Görelim</title><date></date><icon src="https://images.tv.kpn.com/epg/default/1920x1080.jpg?blurred=false"></icon><desc>Programmabeschrijving niet beschikbaar</desc><category></category></programme><programme channel="290" start="20221119141500 +0000" stop="20221119170000 +0000" catchup-id="899232090"><title>Tuzak</title><date></date><icon src="https://images.tv.kpn.com/epg/default/1920x1080.jpg?blurred=false"></icon><desc>Programmabeschrijving niet beschikbaar</desc><category></category></programme><programme channel="290" start="20221119170000 +0000" stop="20221119211500 +0000" catchup-id="899102322"><title>Masterchef Türkiye</title><date></date><icon src="https://images.tv.kpn.com/epg/75et89CRjp5yBPzlFVp5JsjcHCqaq5wS6MECtFjJ29CZY/1920x1080.jpg?blurred=false"></icon><desc>Binlerce başvuru arasından seçilen adaylar mutfakta tüm hünerlerini ortaya koyup ana kadroya kalmak için yarışacak. Bakalım hangi yarışmacılar şeflerin beğenisini kazanacak? Uzun maratonun sonunda yalnızca bir kişi Türkiye'nin yeni Masterchef'i olma gururunu yaşayacak ve büyük ödülün de sahibi olacak.</desc><category></category></programme><programme channel="290" start="20221119211500 +0000" stop="20221120003000 +0000" catchup-id="899232093"><title>Tuzak</title><date></date><icon src="https://images.tv.kpn.com/epg/default/1920x1080.jpg?blurred=false"></icon><desc>Programmabeschrijving niet beschikbaar</desc><category></category></programme><programme channel="290" start="20221120003000 +0000" stop="20221120014500 +0000" catchup-id="899232096"><title>Kadere Karşı</title><date></date><icon src="https://images.tv.kpn.com/epg/default/1920x1080.jpg?blurred=false"></icon><desc>Programmabeschrijving niet beschikbaar</desc><category></category></programme><programme channel="290" start="20221120014500 +0000" stop="20221120023000 +0000" catchup-id="899232099"><title>Bilginiz Olsun</title><date></date><icon src="https://images.tv.kpn.com/epg/sVR2LHbt3KZ9BpUuSFLFNX5rK8mn7WP9BPOYCuVsOazmY/1920x1080.jpg?blurred=false"></icon><desc>Bilginiz Olsun TV8 Int'te.</desc><category></category></programme><programme channel="290" start="20221120023000 +0000" stop="20221120030000 +0000" catchup-id="899232102"><title>Tuzak</title><date></date><icon src="https://images.tv.kpn.com/epg/default/1920x1080.jpg?blurred=false"></icon><desc>Programmabeschrijving niet beschikbaar</desc><category></category></programme><programme channel="290" start="20221120030000 +0000" stop="20221120041500 +0000" catchup-id="899232105"><title>Tuzak</title><date></date><icon src="https://images.tv.kpn.com/epg/default/1920x1080.jpg?blurred=false"></icon><desc>Programmabeschrijving niet beschikbaar</desc><category></category></programme><programme channel="290" start="20221120041500 +0000" stop="20221120043000 +0000" catchup-id="899232108"><title>Süper 1 Takım</title><date></date><icon src="https://images.tv.kpn.com/epg/iEgOtzl5aLrqI15PgxZZLmmU9BH2Y0M9Bs4JQ59CFu1mmc/1920x1080.jpg?blurred=false"></icon><desc>ir kasabada doğup büyüyen Birce ile şehirde yetişmiş, teknoloji bağımlısı bir çocuk olan Birol‘un hayatlarının bir çiftlikte kesişmesini konu alan çocuk dizisi rengarenk karakterleriyle beğeni topladı. Dünyaya kötülük salan İkiyüzlü’nün ordusunu durdurmak üzere süper güçlere sahip bir ekip oluşturan ikili; bu ilginç ekipte birer ayı, robot ve tavukla beraber dünyayı savunmak üzere kolları sıvıyor.</desc><category></category></programme><programme channel="290" start="20221120043000 +0000" stop="20221120060000 +0000" catchup-id="899232111"><title>Türkiye'nin Doktorları</title><date></date><icon src="https://images.tv.kpn.com/epg/default/1920x1080.jpg?blurred=false"></icon><desc>Programmabeschrijving niet beschikbaar</desc><category></category></programme><programme channel="290" start="20221120060000 +0000" stop="20221120070000 +0000" catchup-id="899144964"><title>Bir Yemek Olsan</title><date></date><icon src="https://images.tv.kpn.com/epg/X9CNUkCcJVUylAHmbOqheQ5G0ntIpHQJCH9CKCDQDb8q4/1920x1080.jpg?blurred=false"></icon><desc>Her hafta mutfakta birbirinden ünlü konukları ağırlayan Şef Türev Uludağ, uzman psikoterapist tarafından bir tipoloji çıkarıyor ve ünlü konuğunun hangi yemek olduğunu bulmaya çalışıyor. Bu yolculukta ona işinin ehli olan araştırmacı Mehmet Yıldırım eşlik ediyor.</desc><category></category></programme><programme channel="290" start="20221120070000 +0000" stop="20221120100000 +0000" catchup-id="899232114"><title>Gazete Magazin</title><date></date><icon src="https://images.tv.kpn.com/epg/9ApOxE55deKDx5kZhzddYTX3777JHrqBs5AKnsoIHXaM/1920x1080.jpg?blurred=false"></icon><desc>En sıcak magazin haberleri, aşklar, kaçamaklar, açılışlar, davetler, özel röportajlar ve magazin dünyasından en özel haberler ile Gazete Magazin ekranlara geliyor...</desc><category></category></programme><programme channel="290" start="20221120100000 +0000" stop="20221120111500 +0000" catchup-id="899232117"><title>Kadere Karşı</title><date></date><icon src="https://images.tv.kpn.com/epg/default/1920x1080.jpg?blurred=false"></icon><desc>Programmabeschrijving niet beschikbaar</desc><category></category></programme><programme channel="290" start="20221120111500 +0000" stop="20221120141500 +0000" catchup-id="899232120"><title>Pişirde Görelim</title><date></date><icon src="https://images.tv.kpn.com/epg/default/1920x1080.jpg?blurred=false"></icon><desc>Programmabeschrijving niet beschikbaar</desc><category></category></programme><programme channel="290" start="20221120141500 +0000" stop="20221120170000 +0000" catchup-id="899232123"><title>Tuzak</title><date></date><icon src="https://images.tv.kpn.com/epg/default/1920x1080.jpg?blurred=false"></icon><desc>Programmabeschrijving niet beschikbaar</desc><category></category></programme><programme channel="290" start="20221120170000 +0000" stop="20221120211500 +0000" catchup-id="899144979"><title>Masterchef Türkiye</title><date></date><icon src="https://images.tv.kpn.com/epg/75et89CRjp5yBPzlFVp5JsjcHCqaq5wS6MECtFjJ29CZY/1920x1080.jpg?blurred=false"></icon><desc>Binlerce başvuru arasından seçilen adaylar mutfakta tüm hünerlerini ortaya koyup ana kadroya kalmak için yarışacak. Bakalım hangi yarışmacılar şeflerin beğenisini kazanacak? Uzun maratonun sonunda yalnızca bir kişi Türkiye'nin yeni Masterchef'i olma gururunu yaşayacak ve büyük ödülün de sahibi olacak.</desc><category></category></programme><programme channel="290" start="20221120211500 +0000" stop="20221121003000 +0000" catchup-id="899232126"><title>Tuzak</title><date></date><icon src="https://images.tv.kpn.com/epg/default/1920x1080.jpg?blurred=false"></icon><desc>Programmabeschrijving niet beschikbaar</desc><category></category></programme><programme channel="290" start="20221121003000 +0000" stop="20221121014500 +0000" catchup-id="899232129"><title>Kadere Karşı</title><date></date><icon src="https://images.tv.kpn.com/epg/default/1920x1080.jpg?blurred=false"></icon><desc>Programmabeschrijving niet beschikbaar</desc><category></category></programme><programme channel="290" start="20221121014500 +0000" stop="20221121023000 +0000" catchup-id="899187510"><title>Bilginiz Olsun</title><date></date><icon src="https://images.tv.kpn.com/epg/sVR2LHbt3KZ9BpUuSFLFNX5rK8mn7WP9BPOYCuVsOazmY/1920x1080.jpg?blurred=false"></icon><desc>Bilginiz Olsun TV8 Int'te.</desc><category></category></programme><programme channel="290" start="20221121023000 +0000" stop="20221121041500 +0000" catchup-id="899232132"><title>Tuzak</title><date></date><icon src="https://images.tv.kpn.com/epg/default/1920x1080.jpg?blurred=false"></icon><desc>Programmabeschrijving niet beschikbaar</desc><category></category></programme><programme channel="290" start="20221121041500 +0000" stop="20221121054500 +0000" catchup-id="899232135"><title>8'de Sağlık</title><date></date><icon src="https://images.tv.kpn.com/epg/AX9AwWQTul62ea8ZmAR69A9Ao3uIXTzYQndfcEXHBO9AQGE/1920x1080.jpg?blurred=false"></icon><desc>Aylin Çetinkaya ile Ümit Erdim'in sunduğu 8'de Sağlık hafta içi her sabah TV8 ekranlarında...</desc><category></category></programme><programme channel="290" start="20221121054500 +0000" stop="20221121073000 +0000" catchup-id="899232138"><title>Müge ve Gülşen'le 2. Sayfa</title><date></date><icon src="https://images.tv.kpn.com/epg/64DJ0WrVgcE8khon9BGoRUUVkdTlqYbeC9B6qTWnx9B3J4/1920x1080.jpg?blurred=false"></icon><desc>Müge Dağıstanlı ve Gülşen Yüksel’in sunumuyla “Müge ve Gülşen’le 2. Sayfa” şimdi TV8’de.</desc><category></category></programme><programme channel="290" start="20221121073000 +0000" stop="20221121094500 +0000" catchup-id="899232141"><title>Doya Doya Moda</title><date></date><icon src="https://images.tv.kpn.com/epg/64hZRAvTvfmpsRLPNPeRAoa4zy59BpudVcm36CY8PAJY/1920x1080.jpg?blurred=false"></icon><desc>Hafta içi her gün TV8 ekranlarında izleyici ile buluşacak olan “Doya Doya Moda’” da kilolu ve büyük bedene sahip 7 kadın, moda alanında kendini en iyi ifade eden yarışmacı olabilmek için yarışacak. “Doya Doya Moda” nın jüri üyeleri; Gülşah Saraçoğlu, Banu Noyan, Kemal Doğulu ve Uğurkan Erez.</desc><category></category></programme><programme channel="290" start="20221121094500 +0000" stop="20221121110000 +0000" catchup-id="899232144"><title>Canım Annem</title><date></date><icon src="https://images.tv.kpn.com/epg/MWFTT5G9BBJP5adzH9B9C7D3DYleCmIcgUhNqsKdX2L6jY/1920x1080.jpg?blurred=false"></icon><desc>Zeynep, tehlikeli bir kalp rahatsızlığı olan güzeller güzeli bir kızdır. Hastalığı yüzünden annesi Cemre'nin bir araba kazasında öldüğünü ona söylemezler. Bunun yerine babası Murat, Zeynep kalp ameliyatı olacak yaşa gelene kadar, annesi Cemre’nin yerine geçecek bir benzerini tutar.</desc><category></category></programme><programme channel="290" start="20221121110000 +0000" stop="20221121120000 +0000" catchup-id="899232147"><title>Yazgı</title><date></date><icon src="https://images.tv.kpn.com/epg/default/1920x1080.jpg?blurred=false"></icon><desc>Programmabeschrijving niet beschikbaar</desc><category></category></programme><programme channel="290" start="20221121120000 +0000" stop="20221121130000 +0000" catchup-id="899232150"><title>Kadere Karşı</title><date></date><icon src="https://images.tv.kpn.com/epg/default/1920x1080.jpg?blurred=false"></icon><desc>Programmabeschrijving niet beschikbaar</desc><category></category></programme><programme channel="290" start="20221121130000 +0000" stop="20221121170000 +0000" catchup-id="899232153"><title>Zuhal Topal'la Yemekteyiz</title><date></date><icon src="https://images.tv.kpn.com/epg/YbTF5xMu0VQBVlM9BbqovKvm23kfo9CW50WeX6d578iW4/1920x1080.jpg?blurred=false"></icon><desc>Zuhal Topal ile Yemekteyiz hafta içi her gün saat TV8'de.</desc><category></category></programme><programme channel="290" start="20221121170000 +0000" stop="20221121211500 +0000" catchup-id="899187534"><title>Masterchef Türkiye</title><date></date><icon src="https://images.tv.kpn.com/epg/75et89CRjp5yBPzlFVp5JsjcHCqaq5wS6MECtFjJ29CZY/1920x1080.jpg?blurred=false"></icon><desc>Binlerce başvuru arasından seçilen adaylar mutfakta tüm hünerlerini ortaya koyup ana kadroya kalmak için yarışacak. Bakalım hangi yarışmacılar şeflerin beğenisini kazanacak? Uzun maratonun sonunda yalnızca bir kişi Türkiye'nin yeni Masterchef'i olma gururunu yaşayacak ve büyük ödülün de sahibi olacak.</desc><category></category></programme><programme channel="290" start="20221121211500 +0000" stop="20221121233000 +0000" catchup-id="899232156"><title>Tuzak</title><date></date><icon src="https://images.tv.kpn.com/epg/default/1920x1080.jpg?blurred=false"></icon><desc>Programmabeschrijving niet beschikbaar</desc><category></category></programme><programme channel="290" start="20221121233000 +0000" stop="20221122013000 +0000" catchup-id="899232159"><title>Zuhal Topal'la Yemekteyiz</title><date></date><icon src="https://images.tv.kpn.com/epg/YbTF5xMu0VQBVlM9BbqovKvm23kfo9CW50WeX6d578iW4/1920x1080.jpg?blurred=false"></icon><desc>Zuhal Topal ile Yemekteyiz hafta içi her gün saat TV8'de.</desc><category></category></programme><programme channel="290" start="20221122013000 +0000" stop="20221122030000 +0000" catchup-id="899232162"><title>Doya Doya Moda</title><date></date><icon src="https://images.tv.kpn.com/epg/64hZRAvTvfmpsRLPNPeRAoa4zy59BpudVcm36CY8PAJY/1920x1080.jpg?blurred=false"></icon><desc>Hafta içi her gün TV8 ekranlarında izleyici ile buluşacak olan “Doya Doya Moda’” da kilolu ve büyük bedene sahip 7 kadın, moda alanında kendini en iyi ifade eden yarışmacı olabilmek için yarışacak. “Doya Doya Moda” nın jüri üyeleri; Gülşah Saraçoğlu, Banu Noyan, Kemal Doğulu ve Uğurkan Erez.</desc><category></category></programme><programme channel="290" start="20221122030000 +0000" stop="20221122041500 +0000" catchup-id="899232165"><title>Canım Annem</title><date></date><icon src="https://images.tv.kpn.com/epg/MWFTT5G9BBJP5adzH9B9C7D3DYleCmIcgUhNqsKdX2L6jY/1920x1080.jpg?blurred=false"></icon><desc>Zeynep, tehlikeli bir kalp rahatsızlığı olan güzeller güzeli bir kızdır. Hastalığı yüzünden annesi Cemre'nin bir araba kazasında öldüğünü ona söylemezler. Bunun yerine babası Murat, Zeynep kalp ameliyatı olacak yaşa gelene kadar, annesi Cemre’nin yerine geçecek bir benzerini tutar.</desc><category></category></programme><programme channel="290" start="20221122041500 +0000" stop="20221122054500 +0000" catchup-id="899232168"><title>8'de Sağlık</title><date></date><icon src="https://images.tv.kpn.com/epg/AX9AwWQTul62ea8ZmAR69A9Ao3uIXTzYQndfcEXHBO9AQGE/1920x1080.jpg?blurred=false"></icon><desc>Aylin Çetinkaya ile Ümit Erdim'in sunduğu 8'de Sağlık hafta içi her sabah TV8 ekranlarında...</desc><category></category></programme><programme channel="290" start="20221122054500 +0000" stop="20221122073000 +0000" catchup-id="899232171"><title>Müge ve Gülşen'le 2. Sayfa</title><date></date><icon src="https://images.tv.kpn.com/epg/64DJ0WrVgcE8khon9BGoRUUVkdTlqYbeC9B6qTWnx9B3J4/1920x1080.jpg?blurred=false"></icon><desc>Müge Dağıstanlı ve Gülşen Yüksel’in sunumuyla “Müge ve Gülşen’le 2. Sayfa” şimdi TV8’de.</desc><category></category></programme><programme channel="290" start="20221122073000 +0000" stop="20221122094500 +0000" catchup-id="899232174"><title>Doya Doya Moda</title><date></date><icon src="https://images.tv.kpn.com/epg/64hZRAvTvfmpsRLPNPeRAoa4zy59BpudVcm36CY8PAJY/1920x1080.jpg?blurred=false"></icon><desc>Hafta içi her gün TV8 ekranlarında izleyici ile buluşacak olan “Doya Doya Moda’” da kilolu ve büyük bedene sahip 7 kadın, moda alanında kendini en iyi ifade eden yarışmacı olabilmek için yarışacak. “Doya Doya Moda” nın jüri üyeleri; Gülşah Saraçoğlu, Banu Noyan, Kemal Doğulu ve Uğurkan Erez.</desc><category></category></programme><programme channel="290" start="20221122094500 +0000" stop="20221122110000 +0000" catchup-id="899232177"><title>Canım Annem</title><date></date><icon src="https://images.tv.kpn.com/epg/MWFTT5G9BBJP5adzH9B9C7D3DYleCmIcgUhNqsKdX2L6jY/1920x1080.jpg?blurred=false"></icon><desc>Zeynep, tehlikeli bir kalp rahatsızlığı olan güzeller güzeli bir kızdır. Hastalığı yüzünden annesi Cemre'nin bir araba kazasında öldüğünü ona söylemezler. Bunun yerine babası Murat, Zeynep kalp ameliyatı olacak yaşa gelene kadar, annesi Cemre’nin yerine geçecek bir benzerini tutar.</desc><category></category></programme><programme channel="290" start="20221122110000 +0000" stop="20221122120000 +0000" catchup-id="899232180"><title>Yazgı</title><date></date><icon src="https://images.tv.kpn.com/epg/default/1920x1080.jpg?blurred=false"></icon><desc>Programmabeschrijving niet beschikbaar</desc><category></category></programme><programme channel="290" start="20221122120000 +0000" stop="20221122130000 +0000" catchup-id="899232183"><title>Kadere Karşı</title><date></date><icon src="https://images.tv.kpn.com/epg/default/1920x1080.jpg?blurred=false"></icon><desc>Programmabeschrijving niet beschikbaar</desc><category></category></programme><programme channel="290" start="20221122130000 +0000" stop="20221122170000 +0000" catchup-id="899232186"><title>Zuhal Topal'la Yemekteyiz</title><date></date><icon src="https://images.tv.kpn.com/epg/YbTF5xMu0VQBVlM9BbqovKvm23kfo9CW50WeX6d578iW4/1920x1080.jpg?blurred=false"></icon><desc>Zuhal Topal ile Yemekteyiz hafta içi her gün saat TV8'de.</desc><category></category></programme><programme channel="290" start="20221122170000 +0000" stop="20221122211500 +0000" catchup-id="899232189"><title>Masterchef Türkiye</title><date></date><icon src="https://images.tv.kpn.com/epg/wHM1qNOU85DaLk9AzjUhORP14KTNU79Ar9BlyyXIKr6Jso/1920x1080.jpg?blurred=false"></icon><desc>Masterchef Türkiye; yeteneklerini sergileyecek Masterchef adaylarını bekliyor! Ancak bu mutfağa girebilmek o kadar kolay olmayacak. Binlerce başvuru arasından seçilen adaylar mutfakta tüm hünerlerini ortaya koyup zorlu aşamaları geçmek için kıyasıya yarışacak. İşler, bu mutfağa girmekle de bitmiyor. Bu mutfakta kalmak da bu mutfağa girmek kadar zor. Bakalım kimler bu yetenekli yarışmacılardan biri olacak? Masterchef adaylarına yemek pişirme sanatını en iyi şekilde anlatacak olan şeflerimiz ise; Mehmet Yalçınkaya, Somer Sivrioğlu ve Danilo Zanna. Tek tek jüri karşısına çıkacak olan yarışmacılar, yemeklerini beğendirebilmek için tüm hünerlerini sergileyecek. Jürinin beğenisini kazanan yarışmacılar Masterchef Türkiye’ye kaldığı yerden devam etme şansını yakalayacak. Kimler bu mutfakta kalmayı başaracak?</desc><category></category></programme><programme channel="290" start="20221122211500 +0000" stop="20221122233000 +0000" catchup-id="899232192"><title>Tuzak</title><date></date><icon src="https://images.tv.kpn.com/epg/default/1920x1080.jpg?blurred=false"></icon><desc>Programmabeschrijving niet beschikbaar</desc><category></category></programme><programme channel="290" start="20221122233000 +0000" stop="20221123013000 +0000" catchup-id="899276619"><title>Zuhal Topal'la Yemekteyiz</title><date></date><icon src="https://images.tv.kpn.com/epg/YbTF5xMu0VQBVlM9BbqovKvm23kfo9CW50WeX6d578iW4/1920x1080.jpg?blurred=false"></icon><desc>Zuhal Topal ile Yemekteyiz hafta içi her gün saat TV8'de.</desc><category></category></programme><programme channel="290" start="20221123013000 +0000" stop="20221123030000 +0000" catchup-id="899276622"><title>Doya Doya Moda</title><date></date><icon src="https://images.tv.kpn.com/epg/64hZRAvTvfmpsRLPNPeRAoa4zy59BpudVcm36CY8PAJY/1920x1080.jpg?blurred=false"></icon><desc>Hafta içi her gün TV8 ekranlarında izleyici ile buluşacak olan “Doya Doya Moda’” da kilolu ve büyük bedene sahip 7 kadın, moda alanında kendini en iyi ifade eden yarışmacı olabilmek için yarışacak. “Doya Doya Moda” nın jüri üyeleri; Gülşah Saraçoğlu, Banu Noyan, Kemal Doğulu ve Uğurkan Erez.</desc><category></category></programme><programme channel="290" start="20221123030000 +0000" stop="20221123041500 +0000" catchup-id="899276625"><title>Canım Annem</title><date></date><icon src="https://images.tv.kpn.com/epg/MWFTT5G9BBJP5adzH9B9C7D3DYleCmIcgUhNqsKdX2L6jY/1920x1080.jpg?blurred=false"></icon><desc>Zeynep, tehlikeli bir kalp rahatsızlığı olan güzeller güzeli bir kızdır. Hastalığı yüzünden annesi Cemre'nin bir araba kazasında öldüğünü ona söylemezler. Bunun yerine babası Murat, Zeynep kalp ameliyatı olacak yaşa gelene kadar, annesi Cemre’nin yerine geçecek bir benzerini tutar.</desc><category></category></programme><programme channel="290" start="20221123041500 +0000" stop="20221123054500 +0000" catchup-id="899276628"><title>8'de Sağlık</title><date></date><icon src="https://images.tv.kpn.com/epg/AX9AwWQTul62ea8ZmAR69A9Ao3uIXTzYQndfcEXHBO9AQGE/1920x1080.jpg?blurred=false"></icon><desc>Aylin Çetinkaya ile Ümit Erdim'in sunduğu 8'de Sağlık hafta içi her sabah TV8 ekranlarında...</desc><category></category></programme><programme channel="290" start="20221123054500 +0000" stop="20221123073000 +0000" catchup-id="899276634"><title>Müge ve Gülşen'le 2. Sayfa</title><date></date><icon src="https://images.tv.kpn.com/epg/64DJ0WrVgcE8khon9BGoRUUVkdTlqYbeC9B6qTWnx9B3J4/1920x1080.jpg?blurred=false"></icon><desc>Müge Dağıstanlı ve Gülşen Yüksel’in sunumuyla “Müge ve Gülşen’le 2. Sayfa” şimdi TV8’de.</desc><category></category></programme><programme channel="290" start="20221123073000 +0000" stop="20221123094500 +0000" catchup-id="899276640"><title>Doya Doya Moda</title><date></date><icon src="https://images.tv.kpn.com/epg/64hZRAvTvfmpsRLPNPeRAoa4zy59BpudVcm36CY8PAJY/1920x1080.jpg?blurred=false"></icon><desc>Hafta içi her gün TV8 ekranlarında izleyici ile buluşacak olan “Doya Doya Moda’” da kilolu ve büyük bedene sahip 7 kadın, moda alanında kendini en iyi ifade eden yarışmacı olabilmek için yarışacak. “Doya Doya Moda” nın jüri üyeleri; Gülşah Saraçoğlu, Banu Noyan, Kemal Doğulu ve Uğurkan Erez.</desc><category></category></programme><programme channel="290" start="20221123094500 +0000" stop="20221123110000 +0000" catchup-id="899276646"><title>Canım Annem</title><date></date><icon src="https://images.tv.kpn.com/epg/MWFTT5G9BBJP5adzH9B9C7D3DYleCmIcgUhNqsKdX2L6jY/1920x1080.jpg?blurred=false"></icon><desc>Zeynep, tehlikeli bir kalp rahatsızlığı olan güzeller güzeli bir kızdır. Hastalığı yüzünden annesi Cemre'nin bir araba kazasında öldüğünü ona söylemezler. Bunun yerine babası Murat, Zeynep kalp ameliyatı olacak yaşa gelene kadar, annesi Cemre’nin yerine geçecek bir benzerini tutar.</desc><category></category></programme><programme channel="290" start="20221123110000 +0000" stop="20221123120000 +0000" catchup-id="899276652"><title>Yazgı</title><date></date><icon src="https://images.tv.kpn.com/epg/default/1920x1080.jpg?blurred=false"></icon><desc>Programmabeschrijving niet beschikbaar</desc><category></category></programme><programme channel="290" start="20221123120000 +0000" stop="20221123130000 +0000" catchup-id="899276658"><title>Kadere Karşı</title><date></date><icon src="https://images.tv.kpn.com/epg/default/1920x1080.jpg?blurred=false"></icon><desc>Programmabeschrijving niet beschikbaar</desc><category></category></programme><programme channel="290" start="20221123130000 +0000" stop="20221123170000 +0000" catchup-id="899276667"><title>Zuhal Topal'la Yemekteyiz</title><date></date><icon src="https://images.tv.kpn.com/epg/YbTF5xMu0VQBVlM9BbqovKvm23kfo9CW50WeX6d578iW4/1920x1080.jpg?blurred=false"></icon><desc>Zuhal Topal ile Yemekteyiz hafta içi her gün saat TV8'de.</desc><category></category></programme><programme channel="290" start="20221123170000 +0000" stop="20221123211500 +0000" catchup-id="899276670"><title>Tuzak</title><date></date><icon src="https://images.tv.kpn.com/epg/default/1920x1080.jpg?blurred=false"></icon><desc>Programmabeschrijving niet beschikbaar</desc><category></category></programme><programme channel="290" start="20221123211500 +0000" stop="20221123233000 +0000" catchup-id="899276676"><title>Tuzak</title><date></date><icon src="https://images.tv.kpn.com/epg/default/1920x1080.jpg?blurred=false"></icon><desc>Programmabeschrijving niet beschikbaar</desc><category></category></programme><programme channel="290" start="20221123233000 +0000" stop="20221124013000 +0000" catchup-id="899323812"><title>Zuhal Topal'la Yemekteyiz</title><date></date><icon src="https://images.tv.kpn.com/epg/YbTF5xMu0VQBVlM9BbqovKvm23kfo9CW50WeX6d578iW4/1920x1080.jpg?blurred=false"></icon><desc>Zuhal Topal ile Yemekteyiz hafta içi her gün saat TV8'de.</desc><category></category></programme><programme channel="290" start="20221124013000 +0000" stop="20221124030000 +0000" catchup-id="899323815"><title>Doya Doya Moda</title><date></date><icon src="https://images.tv.kpn.com/epg/64hZRAvTvfmpsRLPNPeRAoa4zy59BpudVcm36CY8PAJY/1920x1080.jpg?blurred=false"></icon><desc>Hafta içi her gün TV8 ekranlarında izleyici ile buluşacak olan “Doya Doya Moda’” da kilolu ve büyük bedene sahip 7 kadın, moda alanında kendini en iyi ifade eden yarışmacı olabilmek için yarışacak. “Doya Doya Moda” nın jüri üyeleri; Gülşah Saraçoğlu, Banu Noyan, Kemal Doğulu ve Uğurkan Erez.</desc><category></category></programme><programme channel="290" start="20221124030000 +0000" stop="20221124041500 +0000" catchup-id="899323818"><title>Canım Annem</title><date></date><icon src="https://images.tv.kpn.com/epg/MWFTT5G9BBJP5adzH9B9C7D3DYleCmIcgUhNqsKdX2L6jY/1920x1080.jpg?blurred=false"></icon><desc>Zeynep, tehlikeli bir kalp rahatsızlığı olan güzeller güzeli bir kızdır. Hastalığı yüzünden annesi Cemre'nin bir araba kazasında öldüğünü ona söylemezler. Bunun yerine babası Murat, Zeynep kalp ameliyatı olacak yaşa gelene kadar, annesi Cemre’nin yerine geçecek bir benzerini tutar.</desc><category></category></programme><programme channel="290" start="20221124041500 +0000" stop="20221124054500 +0000" catchup-id="899323821"><title>8'de Sağlık</title><date></date><icon src="https://images.tv.kpn.com/epg/AX9AwWQTul62ea8ZmAR69A9Ao3uIXTzYQndfcEXHBO9AQGE/1920x1080.jpg?blurred=false"></icon><desc>Aylin Çetinkaya ile Ümit Erdim'in sunduğu 8'de Sağlık hafta içi her sabah TV8 ekranlarında...</desc><category></category></programme><programme channel="290" start="20221124054500 +0000" stop="20221124073000 +0000" catchup-id="899323824"><title>Müge ve Gülşen'le 2. Sayfa</title><date></date><icon src="https://images.tv.kpn.com/epg/64DJ0WrVgcE8khon9BGoRUUVkdTlqYbeC9B6qTWnx9B3J4/1920x1080.jpg?blurred=false"></icon><desc>Müge Dağıstanlı ve Gülşen Yüksel’in sunumuyla “Müge ve Gülşen’le 2. Sayfa” şimdi TV8’de.</desc><category></category></programme><programme channel="290" start="20221124073000 +0000" stop="20221124094500 +0000" catchup-id="899323827"><title>Doya Doya Moda</title><date></date><icon src="https://images.tv.kpn.com/epg/64hZRAvTvfmpsRLPNPeRAoa4zy59BpudVcm36CY8PAJY/1920x1080.jpg?blurred=false"></icon><desc>Hafta içi her gün TV8 ekranlarında izleyici ile buluşacak olan “Doya Doya Moda’” da kilolu ve büyük bedene sahip 7 kadın, moda alanında kendini en iyi ifade eden yarışmacı olabilmek için yarışacak. “Doya Doya Moda” nın jüri üyeleri; Gülşah Saraçoğlu, Banu Noyan, Kemal Doğulu ve Uğurkan Erez.</desc><category></category></programme><programme channel="290" start="20221124094500 +0000" stop="20221124110000 +0000" catchup-id="899323830"><title>Canım Annem</title><date></date><icon src="https://images.tv.kpn.com/epg/MWFTT5G9BBJP5adzH9B9C7D3DYleCmIcgUhNqsKdX2L6jY/1920x1080.jpg?blurred=false"></icon><desc>Zeynep, tehlikeli bir kalp rahatsızlığı olan güzeller güzeli bir kızdır. Hastalığı yüzünden annesi Cemre'nin bir araba kazasında öldüğünü ona söylemezler. Bunun yerine babası Murat, Zeynep kalp ameliyatı olacak yaşa gelene kadar, annesi Cemre’nin yerine geçecek bir benzerini tutar.</desc><category></category></programme><programme channel="290" start="20221124110000 +0000" stop="20221124120000 +0000" catchup-id="899323833"><title>Yazgı</title><date></date><icon src="https://images.tv.kpn.com/epg/default/1920x1080.jpg?blurred=false"></icon><desc>Programmabeschrijving niet beschikbaar</desc><category></category></programme><programme channel="290" start="20221124120000 +0000" stop="20221124130000 +0000" catchup-id="899323836"><title>Kadere Karşı</title><date></date><icon src="https://images.tv.kpn.com/epg/default/1920x1080.jpg?blurred=false"></icon><desc>Programmabeschrijving niet beschikbaar</desc><category></category></programme><programme channel="290" start="20221124130000 +0000" stop="20221124170000 +0000" catchup-id="899323839"><title>Zuhal Topal'la Yemekteyiz</title><date></date><icon src="https://images.tv.kpn.com/epg/YbTF5xMu0VQBVlM9BbqovKvm23kfo9CW50WeX6d578iW4/1920x1080.jpg?blurred=false"></icon><desc>Zuhal Topal ile Yemekteyiz hafta içi her gün saat TV8'de.</desc><category></category></programme><programme channel="290" start="20221124170000 +0000" stop="20221124211500 +0000" catchup-id="899323842"><title>Masterchef Türkiye</title><date></date><icon src="https://images.tv.kpn.com/epg/wHM1qNOU85DaLk9AzjUhORP14KTNU79Ar9BlyyXIKr6Jso/1920x1080.jpg?blurred=false"></icon><desc>Masterchef Türkiye; yeteneklerini sergileyecek Masterchef adaylarını bekliyor! Ancak bu mutfağa girebilmek o kadar kolay olmayacak. Binlerce başvuru arasından seçilen adaylar mutfakta tüm hünerlerini ortaya koyup zorlu aşamaları geçmek için kıyasıya yarışacak. İşler, bu mutfağa girmekle de bitmiyor. Bu mutfakta kalmak da bu mutfağa girmek kadar zor. Bakalım kimler bu yetenekli yarışmacılardan biri olacak? Masterchef adaylarına yemek pişirme sanatını en iyi şekilde anlatacak olan şeflerimiz ise; Mehmet Yalçınkaya, Somer Sivrioğlu ve Danilo Zanna. Tek tek jüri karşısına çıkacak olan yarışmacılar, yemeklerini beğendirebilmek için tüm hünerlerini sergileyecek. Jürinin beğenisini kazanan yarışmacılar Masterchef Türkiye’ye kaldığı yerden devam etme şansını yakalayacak. Kimler bu mutfakta kalmayı başaracak?</desc><category></category></programme><programme channel="290" start="20221124211500 +0000" stop="20221124233000 +0000" catchup-id="899323845"><title>Tuzak</title><date></date><icon src="https://images.tv.kpn.com/epg/default/1920x1080.jpg?blurred=false"></icon><desc>Programmabeschrijving niet beschikbaar</desc><category></category></programme><programme channel="290" start="20221124233000 +0000" stop="20221125013000 +0000" catchup-id="899374080"><title>Zuhal Topal'la Yemekteyiz</title><date></date><icon src="https://images.tv.kpn.com/epg/YbTF5xMu0VQBVlM9BbqovKvm23kfo9CW50WeX6d578iW4/1920x1080.jpg?blurred=false"></icon><desc>Zuhal Topal ile Yemekteyiz hafta içi her gün saat TV8'de.</desc><category></category></programme><programme channel="290" start="20221125013000 +0000" stop="20221125030000 +0000" catchup-id="899374083"><title>Doya Doya Moda</title><date></date><icon src="https://images.tv.kpn.com/epg/64hZRAvTvfmpsRLPNPeRAoa4zy59BpudVcm36CY8PAJY/1920x1080.jpg?blurred=false"></icon><desc>Hafta içi her gün TV8 ekranlarında izleyici ile buluşacak olan “Doya Doya Moda’” da kilolu ve büyük bedene sahip 7 kadın, moda alanında kendini en iyi ifade eden yarışmacı olabilmek için yarışacak. “Doya Doya Moda” nın jüri üyeleri; Gülşah Saraçoğlu, Banu Noyan, Kemal Doğulu ve Uğurkan Erez.</desc><category></category></programme><programme channel="290" start="20221125030000 +0000" stop="20221125041500 +0000" catchup-id="899374086"><title>Canım Annem</title><date></date><icon src="https://images.tv.kpn.com/epg/MWFTT5G9BBJP5adzH9B9C7D3DYleCmIcgUhNqsKdX2L6jY/1920x1080.jpg?blurred=false"></icon><desc>Zeynep, tehlikeli bir kalp rahatsızlığı olan güzeller güzeli bir kızdır. Hastalığı yüzünden annesi Cemre'nin bir araba kazasında öldüğünü ona söylemezler. Bunun yerine babası Murat, Zeynep kalp ameliyatı olacak yaşa gelene kadar, annesi Cemre’nin yerine geçecek bir benzerini tutar.</desc><category></category></programme><programme channel="290" start="20221125041500 +0000" stop="20221125054500 +0000" catchup-id="899374089"><title>8'de Sağlık</title><date></date><icon src="https://images.tv.kpn.com/epg/AX9AwWQTul62ea8ZmAR69A9Ao3uIXTzYQndfcEXHBO9AQGE/1920x1080.jpg?blurred=false"></icon><desc>Aylin Çetinkaya ile Ümit Erdim'in sunduğu 8'de Sağlık hafta içi her sabah TV8 ekranlarında...</desc><category></category></programme><programme channel="290" start="20221125054500 +0000" stop="20221125073000 +0000" catchup-id="899374092"><title>Müge ve Gülşen'le 2. Sayfa</title><date></date><icon src="https://images.tv.kpn.com/epg/64DJ0WrVgcE8khon9BGoRUUVkdTlqYbeC9B6qTWnx9B3J4/1920x1080.jpg?blurred=false"></icon><desc>Müge Dağıstanlı ve Gülşen Yüksel’in sunumuyla “Müge ve Gülşen’le 2. Sayfa” şimdi TV8’de.</desc><category></category></programme><programme channel="290" start="20221125073000 +0000" stop="20221125094500 +0000" catchup-id="899374095"><title>Doya Doya Moda</title><date></date><icon src="https://images.tv.kpn.com/epg/64hZRAvTvfmpsRLPNPeRAoa4zy59BpudVcm36CY8PAJY/1920x1080.jpg?blurred=false"></icon><desc>Hafta içi her gün TV8 ekranlarında izleyici ile buluşacak olan “Doya Doya Moda’” da kilolu ve büyük bedene sahip 7 kadın, moda alanında kendini en iyi ifade eden yarışmacı olabilmek için yarışacak. “Doya Doya Moda” nın jüri üyeleri; Gülşah Saraçoğlu, Banu Noyan, Kemal Doğulu ve Uğurkan Erez.</desc><category></category></programme><programme channel="290" start="20221125094500 +0000" stop="20221125110000 +0000" catchup-id="899374098"><title>Canım Annem</title><date></date><icon src="https://images.tv.kpn.com/epg/MWFTT5G9BBJP5adzH9B9C7D3DYleCmIcgUhNqsKdX2L6jY/1920x1080.jpg?blurred=false"></icon><desc>Zeynep, tehlikeli bir kalp rahatsızlığı olan güzeller güzeli bir kızdır. Hastalığı yüzünden annesi Cemre'nin bir araba kazasında öldüğünü ona söylemezler. Bunun yerine babası Murat, Zeynep kalp ameliyatı olacak yaşa gelene kadar, annesi Cemre’nin yerine geçecek bir benzerini tutar.</desc><category></category></programme><programme channel="290" start="20221125110000 +0000" stop="20221125120000 +0000" catchup-id="899374101"><title>Yazgı</title><date></date><icon src="https://images.tv.kpn.com/epg/default/1920x1080.jpg?blurred=false"></icon><desc>Programmabeschrijving niet beschikbaar</desc><category></category></programme><programme channel="290" start="20221125120000 +0000" stop="20221125130000 +0000" catchup-id="899374104"><title>Kadere Karşı</title><date></date><icon src="https://images.tv.kpn.com/epg/default/1920x1080.jpg?blurred=false"></icon><desc>Programmabeschrijving niet beschikbaar</desc><category></category></programme><programme channel="290" start="20221125130000 +0000" stop="20221125170000 +0000" catchup-id="899374107"><title>Zuhal Topal'la Yemekteyiz</title><date></date><icon src="https://images.tv.kpn.com/epg/YbTF5xMu0VQBVlM9BbqovKvm23kfo9CW50WeX6d578iW4/1920x1080.jpg?blurred=false"></icon><desc>Zuhal Topal ile Yemekteyiz hafta içi her gün saat TV8'de.</desc><category></category></programme><programme channel="290" start="20221125170000 +0000" stop="20221125211500 +0000" catchup-id="899374110"><title>Masterchef Türkiye</title><date></date><icon src="https://images.tv.kpn.com/epg/wHM1qNOU85DaLk9AzjUhORP14KTNU79Ar9BlyyXIKr6Jso/1920x1080.jpg?blurred=false"></icon><desc>Masterchef Türkiye; yeteneklerini sergileyecek Masterchef adaylarını bekliyor! Ancak bu mutfağa girebilmek o kadar kolay olmayacak. Binlerce başvuru arasından seçilen adaylar mutfakta tüm hünerlerini ortaya koyup zorlu aşamaları geçmek için kıyasıya yarışacak. İşler, bu mutfağa girmekle de bitmiyor. Bu mutfakta kalmak da bu mutfağa girmek kadar zor. Bakalım kimler bu yetenekli yarışmacılardan biri olacak? Masterchef adaylarına yemek pişirme sanatını en iyi şekilde anlatacak olan şeflerimiz ise; Mehmet Yalçınkaya, Somer Sivrioğlu ve Danilo Zanna. Tek tek jüri karşısına çıkacak olan yarışmacılar, yemeklerini beğendirebilmek için tüm hünerlerini sergileyecek. Jürinin beğenisini kazanan yarışmacılar Masterchef Türkiye’ye kaldığı yerden devam etme şansını yakalayacak. Kimler bu mutfakta kalmayı başaracak?</desc><category></category></programme><programme channel="290" start="20221125211500 +0000" stop="20221125233000 +0000" catchup-id="899374113"><title>Tuzak</title><date></date><icon src="https://images.tv.kpn.com/epg/default/1920x1080.jpg?blurred=false"></icon><desc>Programmabeschrijving niet beschikbaar</desc><category></category></programme><programme channel="290" start="20221125233000 +0000" stop="20221126013000 +0000" catchup-id="899416674"><title>Zuhal Topal'la Yemekteyiz</title><date></date><icon src="https://images.tv.kpn.com/epg/YbTF5xMu0VQBVlM9BbqovKvm23kfo9CW50WeX6d578iW4/1920x1080.jpg?blurred=false"></icon><desc>Zuhal Topal ile Yemekteyiz hafta içi her gün saat TV8'de.</desc><category></category></programme><programme channel="290" start="20221126013000 +0000" stop="20221126023000 +0000" catchup-id="899416677"><title>Doya Doya Moda</title><date></date><icon src="https://images.tv.kpn.com/epg/64hZRAvTvfmpsRLPNPeRAoa4zy59BpudVcm36CY8PAJY/1920x1080.jpg?blurred=false"></icon><desc>Hafta içi her gün TV8 ekranlarında izleyici ile buluşacak olan “Doya Doya Moda’” da kilolu ve büyük bedene sahip 7 kadın, moda alanında kendini en iyi ifade eden yarışmacı olabilmek için yarışacak. “Doya Doya Moda” nın jüri üyeleri; Gülşah Saraçoğlu, Banu Noyan, Kemal Doğulu ve Uğurkan Erez.</desc><category></category></programme><programme channel="290" start="20221126023000 +0000" stop="20221126030000 +0000" catchup-id="899416680"><title>Canım Annem</title><date></date><icon src="https://images.tv.kpn.com/epg/MWFTT5G9BBJP5adzH9B9C7D3DYleCmIcgUhNqsKdX2L6jY/1920x1080.jpg?blurred=false"></icon><desc>Zeynep, tehlikeli bir kalp rahatsızlığı olan güzeller güzeli bir kızdır. Hastalığı yüzünden annesi Cemre'nin bir araba kazasında öldüğünü ona söylemezler. Bunun yerine babası Murat, Zeynep kalp ameliyatı olacak yaşa gelene kadar, annesi Cemre’nin yerine geçecek bir benzerini tutar.</desc><category></category></programme><programme channel="290" start="20221126030000 +0000" stop="20221126041500 +0000" catchup-id="899416683"><title>Tuzak</title><date></date><icon src="https://images.tv.kpn.com/epg/default/1920x1080.jpg?blurred=false"></icon><desc>Programmabeschrijving niet beschikbaar</desc><category></category></programme><programme channel="290" start="20221126041500 +0000" stop="20221126043000 +0000" catchup-id="899416686"><title>Süper 1 Takım</title><date></date><icon src="https://images.tv.kpn.com/epg/iEgOtzl5aLrqI15PgxZZLmmU9BH2Y0M9Bs4JQ59CFu1mmc/1920x1080.jpg?blurred=false"></icon><desc>ir kasabada doğup büyüyen Birce ile şehirde yetişmiş, teknoloji bağımlısı bir çocuk olan Birol‘un hayatlarının bir çiftlikte kesişmesini konu alan çocuk dizisi rengarenk karakterleriyle beğeni topladı. Dünyaya kötülük salan İkiyüzlü’nün ordusunu durdurmak üzere süper güçlere sahip bir ekip oluşturan ikili; bu ilginç ekipte birer ayı, robot ve tavukla beraber dünyayı savunmak üzere kolları sıvıyor.</desc><category></category></programme><programme channel="290" start="20221126043000 +0000" stop="20221126060000 +0000" catchup-id="899416689"><title>Türkiye'nin Doktorları</title><date></date><icon src="https://images.tv.kpn.com/epg/default/1920x1080.jpg?blurred=false"></icon><desc>Programmabeschrijving niet beschikbaar</desc><category></category></programme><programme channel="290" start="20221126060000 +0000" stop="20221126070000 +0000" catchup-id="899416692"><title>Bir Yemek Olsan</title><date></date><icon src="https://images.tv.kpn.com/epg/X9CNUkCcJVUylAHmbOqheQ5G0ntIpHQJCH9CKCDQDb8q4/1920x1080.jpg?blurred=false"></icon><desc>Her hafta mutfakta birbirinden ünlü konukları ağırlayan Şef Türev Uludağ, uzman psikoterapist tarafından bir tipoloji çıkarıyor ve ünlü konuğunun hangi yemek olduğunu bulmaya çalışıyor. Bu yolculukta ona işinin ehli olan araştırmacı Mehmet Yıldırım eşlik ediyor.</desc><category></category></programme><programme channel="290" start="20221126070000 +0000" stop="20221126100000 +0000" catchup-id="899416695"><title>Gazete Magazin</title><date></date><icon src="https://images.tv.kpn.com/epg/9ApOxE55deKDx5kZhzddYTX3777JHrqBs5AKnsoIHXaM/1920x1080.jpg?blurred=false"></icon><desc>En sıcak magazin haberleri, aşklar, kaçamaklar, açılışlar, davetler, özel röportajlar ve magazin dünyasından en özel haberler ile Gazete Magazin ekranlara geliyor...</desc><category></category></programme><programme channel="290" start="20221126100000 +0000" stop="20221126111500 +0000" catchup-id="899416698"><title>Kadere Karşı</title><date></date><icon src="https://images.tv.kpn.com/epg/default/1920x1080.jpg?blurred=false"></icon><desc>Programmabeschrijving niet beschikbaar</desc><category></category></programme><programme channel="290" start="20221126111500 +0000" stop="20221126141500 +0000" catchup-id="899416701"><title>Pişirde Görelim</title><date></date><icon src="https://images.tv.kpn.com/epg/default/1920x1080.jpg?blurred=false"></icon><desc>Programmabeschrijving niet beschikbaar</desc><category></category></programme><programme channel="290" start="20221126141500 +0000" stop="20221126170000 +0000" catchup-id="899416704"><title>Tuzak</title><date></date><icon src="https://images.tv.kpn.com/epg/default/1920x1080.jpg?blurred=false"></icon><desc>Programmabeschrijving niet beschikbaar</desc><category></category></programme><programme channel="290" start="20221126170000 +0000" stop="20221126211500 +0000" catchup-id="899416707"><title>Masterchef Türkiye</title><date></date><icon src="https://images.tv.kpn.com/epg/wHM1qNOU85DaLk9AzjUhORP14KTNU79Ar9BlyyXIKr6Jso/1920x1080.jpg?blurred=false"></icon><desc>Masterchef Türkiye; yeteneklerini sergileyecek Masterchef adaylarını bekliyor! Ancak bu mutfağa girebilmek o kadar kolay olmayacak. Binlerce başvuru arasından seçilen adaylar mutfakta tüm hünerlerini ortaya koyup zorlu aşamaları geçmek için kıyasıya yarışacak. İşler, bu mutfağa girmekle de bitmiyor. Bu mutfakta kalmak da bu mutfağa girmek kadar zor. Bakalım kimler bu yetenekli yarışmacılardan biri olacak? Masterchef adaylarına yemek pişirme sanatını en iyi şekilde anlatacak olan şeflerimiz ise; Mehmet Yalçınkaya, Somer Sivrioğlu ve Danilo Zanna. Tek tek jüri karşısına çıkacak olan yarışmacılar, yemeklerini beğendirebilmek için tüm hünerlerini sergileyecek. Jürinin beğenisini kazanan yarışmacılar Masterchef Türkiye’ye kaldığı yerden devam etme şansını yakalayacak. Kimler bu mutfakta kalmayı başaracak?</desc><category></category></programme><programme channel="290" start="20221126211500 +0000" stop="20221127003000 +0000" catchup-id="899416710"><title>Tuzak</title><date></date><icon src="https://images.tv.kpn.com/epg/default/1920x1080.jpg?blurred=false"></icon><desc>Programmabeschrijving niet beschikbaar</desc><category></category></programme><programme channel="290" start="20221127003000 +0000" stop="20221127014500 +0000" catchup-id="899458776"><title>Kadere Karşı</title><date></date><icon src="https://images.tv.kpn.com/epg/default/1920x1080.jpg?blurred=false"></icon><desc>Programmabeschrijving niet beschikbaar</desc><category></category></programme><programme channel="290" start="20221127014500 +0000" stop="20221127023000 +0000" catchup-id="899458782"><title>Bilginiz Olsun</title><date></date><icon src="https://images.tv.kpn.com/epg/sVR2LHbt3KZ9BpUuSFLFNX5rK8mn7WP9BPOYCuVsOazmY/1920x1080.jpg?blurred=false"></icon><desc>Bilginiz Olsun TV8 Int'te.</desc><category></category></programme><programme channel="290" start="20221127023000 +0000" stop="20221127030000 +0000" catchup-id="899458791"><title>Tuzak</title><date></date><icon src="https://images.tv.kpn.com/epg/default/1920x1080.jpg?blurred=false"></icon><desc>Programmabeschrijving niet beschikbaar</desc><category></category></programme><programme channel="290" start="20221127030000 +0000" stop="20221127041500 +0000" catchup-id="899458797"><title>Tuzak</title><date></date><icon src="https://images.tv.kpn.com/epg/default/1920x1080.jpg?blurred=false"></icon><desc>Programmabeschrijving niet beschikbaar</desc><category></category></programme><programme channel="290" start="20221127041500 +0000" stop="20221127043000 +0000" catchup-id="899458800"><title>Süper 1 Takım</title><date></date><icon src="https://images.tv.kpn.com/epg/iEgOtzl5aLrqI15PgxZZLmmU9BH2Y0M9Bs4JQ59CFu1mmc/1920x1080.jpg?blurred=false"></icon><desc>ir kasabada doğup büyüyen Birce ile şehirde yetişmiş, teknoloji bağımlısı bir çocuk olan Birol‘un hayatlarının bir çiftlikte kesişmesini konu alan çocuk dizisi rengarenk karakterleriyle beğeni topladı. Dünyaya kötülük salan İkiyüzlü’nün ordusunu durdurmak üzere süper güçlere sahip bir ekip oluşturan ikili; bu ilginç ekipte birer ayı, robot ve tavukla beraber dünyayı savunmak üzere kolları sıvıyor.</desc><category></category></programme><programme channel="290" start="20221127043000 +0000" stop="20221127060000 +0000" catchup-id="899458803"><title>Türkiye'nin Doktorları</title><date></date><icon src="https://images.tv.kpn.com/epg/default/1920x1080.jpg?blurred=false"></icon><desc>Programmabeschrijving niet beschikbaar</desc><category></category></programme><programme channel="290" start="20221127060000 +0000" stop="20221127070000 +0000" catchup-id="899458809"><title>Bir Yemek Olsan</title><date></date><icon src="https://images.tv.kpn.com/epg/X9CNUkCcJVUylAHmbOqheQ5G0ntIpHQJCH9CKCDQDb8q4/1920x1080.jpg?blurred=false"></icon><desc>Her hafta mutfakta birbirinden ünlü konukları ağırlayan Şef Türev Uludağ, uzman psikoterapist tarafından bir tipoloji çıkarıyor ve ünlü konuğunun hangi yemek olduğunu bulmaya çalışıyor. Bu yolculukta ona işinin ehli olan araştırmacı Mehmet Yıldırım eşlik ediyor.</desc><category></category></programme><programme channel="290" start="20221127070000 +0000" stop="20221127100000 +0000" catchup-id="899458815"><title>Gazete Magazin</title><date></date><icon src="https://images.tv.kpn.com/epg/9ApOxE55deKDx5kZhzddYTX3777JHrqBs5AKnsoIHXaM/1920x1080.jpg?blurred=false"></icon><desc>En sıcak magazin haberleri, aşklar, kaçamaklar, açılışlar, davetler, özel röportajlar ve magazin dünyasından en özel haberler ile Gazete Magazin ekranlara geliyor...</desc><category></category></programme><programme channel="290" start="20221127100000 +0000" stop="20221127111500 +0000" catchup-id="899458821"><title>Kadere Karşı</title><date></date><icon src="https://images.tv.kpn.com/epg/default/1920x1080.jpg?blurred=false"></icon><desc>Programmabeschrijving niet beschikbaar</desc><category></category></programme><programme channel="290" start="20221127111500 +0000" stop="20221127141500 +0000" catchup-id="899458824"><title>Pişirde Görelim</title><date></date><icon src="https://images.tv.kpn.com/epg/default/1920x1080.jpg?blurred=false"></icon><desc>Programmabeschrijving niet beschikbaar</desc><category></category></programme><programme channel="290" start="20221127141500 +0000" stop="20221127170000 +0000" catchup-id="899458827"><title>Tuzak</title><date></date><icon src="https://images.tv.kpn.com/epg/default/1920x1080.jpg?blurred=false"></icon><desc>Programmabeschrijving niet beschikbaar</desc><category></category></programme><programme channel="290" start="20221127170000 +0000" stop="20221127211500 +0000" catchup-id="899458830"><title>Masterchef Türkiye</title><date></date><icon src="https://images.tv.kpn.com/epg/wHM1qNOU85DaLk9AzjUhORP14KTNU79Ar9BlyyXIKr6Jso/1920x1080.jpg?blurred=false"></icon><desc>Masterchef Türkiye; yeteneklerini sergileyecek Masterchef adaylarını bekliyor! Ancak bu mutfağa girebilmek o kadar kolay olmayacak. Binlerce başvuru arasından seçilen adaylar mutfakta tüm hünerlerini ortaya koyup zorlu aşamaları geçmek için kıyasıya yarışacak. İşler, bu mutfağa girmekle de bitmiyor. Bu mutfakta kalmak da bu mutfağa girmek kadar zor. Bakalım kimler bu yetenekli yarışmacılardan biri olacak? Masterchef adaylarına yemek pişirme sanatını en iyi şekilde anlatacak olan şeflerimiz ise; Mehmet Yalçınkaya, Somer Sivrioğlu ve Danilo Zanna. Tek tek jüri karşısına çıkacak olan yarışmacılar, yemeklerini beğendirebilmek için tüm hünerlerini sergileyecek. Jürinin beğenisini kazanan yarışmacılar Masterchef Türkiye’ye kaldığı yerden devam etme şansını yakalayacak. Kimler bu mutfakta kalmayı başaracak?</desc><category></category></programme><programme channel="290" start="20221127211500 +0000" stop="20221128003000 +0000" catchup-id="899458833"><title>Tuzak</title><date></date><icon src="https://images.tv.kpn.com/epg/default/1920x1080.jpg?blurred=false"></icon><desc>Programmabeschrijving niet beschikbaar</desc><category></category></programme><programme channel="290" start="20221128003000 +0000" stop="20221128014500 +0000" catchup-id="899499804"><title>Kadere Karşı</title><date></date><icon src="https://images.tv.kpn.com/epg/default/1920x1080.jpg?blurred=false"></icon><desc>Programmabeschrijving niet beschikbaar</desc><category></category></programme><programme channel="290" start="20221128014500 +0000" stop="20221128023000 +0000" catchup-id="899499810"><title>Bilginiz Olsun</title><date></date><icon src="https://images.tv.kpn.com/epg/sVR2LHbt3KZ9BpUuSFLFNX5rK8mn7WP9BPOYCuVsOazmY/1920x1080.jpg?blurred=false"></icon><desc>Bilginiz Olsun TV8 Int'te.</desc><category></category></programme><programme channel="290" start="20221128023000 +0000" stop="20221128030000 +0000" catchup-id="899499816"><title>Tuzak</title><date></date><icon src="https://images.tv.kpn.com/epg/default/1920x1080.jpg?blurred=false"></icon><desc>Programmabeschrijving niet beschikbaar</desc><category></category></programme><programme channel="290" start="20221128030000 +0000" stop="20221128041500 +0000" catchup-id="899724036"><title>Programmabeschrijving niet beschikbaar</title><date></date><icon src="https://images.tv.kpn.com/epg/default/1920x1080.jpg?blurred=false"></icon><desc>Programmabeschrijving niet beschikbaar</desc><category></category></programme><programme channel="290" start="20221128041500 +0000" stop="20221128054500 +0000" catchup-id="899589525"><title>8'de Sağlık</title><date></date><icon src="https://images.tv.kpn.com/epg/AX9AwWQTul62ea8ZmAR69A9Ao3uIXTzYQndfcEXHBO9AQGE/1920x1080.jpg?blurred=false"></icon><desc>Aylin Çetinkaya ile Ümit Erdim'in sunduğu 8'de Sağlık hafta içi her sabah TV8 ekranlarında...</desc><category></category></programme><programme channel="290" start="20221128054500 +0000" stop="20221128073000 +0000" catchup-id="899589528"><title>Müge ve Gülşen'le 2. Sayfa</title><date></date><icon src="https://images.tv.kpn.com/epg/64DJ0WrVgcE8khon9BGoRUUVkdTlqYbeC9B6qTWnx9B3J4/1920x1080.jpg?blurred=false"></icon><desc>Müge Dağıstanlı ve Gülşen Yüksel’in sunumuyla “Müge ve Gülşen’le 2. Sayfa” şimdi TV8’de.</desc><category></category></programme><programme channel="290" start="20221128073000 +0000" stop="20221128094500 +0000" catchup-id="899589531"><title>Doya Doya Moda</title><date></date><icon src="https://images.tv.kpn.com/epg/64hZRAvTvfmpsRLPNPeRAoa4zy59BpudVcm36CY8PAJY/1920x1080.jpg?blurred=false"></icon><desc>Hafta içi her gün TV8 ekranlarında izleyici ile buluşacak olan “Doya Doya Moda’” da kilolu ve büyük bedene sahip 7 kadın, moda alanında kendini en iyi ifade eden yarışmacı olabilmek için yarışacak. “Doya Doya Moda” nın jüri üyeleri; Gülşah Saraçoğlu, Banu Noyan, Kemal Doğulu ve Uğurkan Erez.</desc><category></category></programme><programme channel="290" start="20221128094500 +0000" stop="20221128110000 +0000" catchup-id="899589534"><title>Canım Annem</title><date></date><icon src="https://images.tv.kpn.com/epg/MWFTT5G9BBJP5adzH9B9C7D3DYleCmIcgUhNqsKdX2L6jY/1920x1080.jpg?blurred=false"></icon><desc>Zeynep, tehlikeli bir kalp rahatsızlığı olan güzeller güzeli bir kızdır. Hastalığı yüzünden annesi Cemre'nin bir araba kazasında öldüğünü ona söylemezler. Bunun yerine babası Murat, Zeynep kalp ameliyatı olacak yaşa gelene kadar, annesi Cemre’nin yerine geçecek bir benzerini tutar.</desc><category></category></programme><programme channel="290" start="20221128110000 +0000" stop="20221128120000 +0000" catchup-id="899589537"><title>Yazgı</title><date></date><icon src="https://images.tv.kpn.com/epg/default/1920x1080.jpg?blurred=false"></icon><desc>Programmabeschrijving niet beschikbaar</desc><category></category></programme><programme channel="290" start="20221128120000 +0000" stop="20221128130000 +0000" catchup-id="899589540"><title>Kadere Karşı</title><date></date><icon src="https://images.tv.kpn.com/epg/default/1920x1080.jpg?blurred=false"></icon><desc>Programmabeschrijving niet beschikbaar</desc><category></category></programme><programme channel="290" start="20221128130000 +0000" stop="20221128170000 +0000" catchup-id="899589543"><title>Zuhal Topal'la Yemekteyiz</title><date></date><icon src="https://images.tv.kpn.com/epg/YbTF5xMu0VQBVlM9BbqovKvm23kfo9CW50WeX6d578iW4/1920x1080.jpg?blurred=false"></icon><desc>Zuhal Topal ile Yemekteyiz hafta içi her gün saat TV8'de.</desc><category></category></programme><programme channel="290" start="20221128170000 +0000" stop="20221128211500 +0000" catchup-id="899589546"><title>Masterchef Türkiye</title><date></date><icon src="https://images.tv.kpn.com/epg/wHM1qNOU85DaLk9AzjUhORP14KTNU79Ar9BlyyXIKr6Jso/1920x1080.jpg?blurred=false"></icon><desc>Masterchef Türkiye; yeteneklerini sergileyecek Masterchef adaylarını bekliyor! Ancak bu mutfağa girebilmek o kadar kolay olmayacak. Binlerce başvuru arasından seçilen adaylar mutfakta tüm hünerlerini ortaya koyup zorlu aşamaları geçmek için kıyasıya yarışacak. İşler, bu mutfağa girmekle de bitmiyor. Bu mutfakta kalmak da bu mutfağa girmek kadar zor. Bakalım kimler bu yetenekli yarışmacılardan biri olacak? Masterchef adaylarına yemek pişirme sanatını en iyi şekilde anlatacak olan şeflerimiz ise; Mehmet Yalçınkaya, Somer Sivrioğlu ve Danilo Zanna. Tek tek jüri karşısına çıkacak olan yarışmacılar, yemeklerini beğendirebilmek için tüm hünerlerini sergileyecek. Jürinin beğenisini kazanan yarışmacılar Masterchef Türkiye’ye kaldığı yerden devam etme şansını yakalayacak. Kimler bu mutfakta kalmayı başaracak?</desc><category></category></programme><programme channel="290" start="20221128211500 +0000" stop="20221128233000 +0000" catchup-id="899589549"><title>Tuzak</title><date></date><icon src="https://images.tv.kpn.com/epg/default/1920x1080.jpg?blurred=false"></icon><desc>Programmabeschrijving niet beschikbaar</desc><category></category></programme><programme channel="290" start="20221128233000 +0000" stop="20221129013000 +0000" catchup-id="899589552"><title>Zuhal Topal'la Yemekteyiz</title><date></date><icon src="https://images.tv.kpn.com/epg/YbTF5xMu0VQBVlM9BbqovKvm23kfo9CW50WeX6d578iW4/1920x1080.jpg?blurred=false"></icon><desc>Zuhal Topal ile Yemekteyiz hafta içi her gün saat TV8'de.</desc><category></category></programme><programme channel="290" start="20221129013000 +0000" stop="20221129030000 +0000" catchup-id="899589555"><title>Doya Doya Moda</title><date></date><icon src="https://images.tv.kpn.com/epg/64hZRAvTvfmpsRLPNPeRAoa4zy59BpudVcm36CY8PAJY/1920x1080.jpg?blurred=false"></icon><desc>Hafta içi her gün TV8 ekranlarında izleyici ile buluşacak olan “Doya Doya Moda’” da kilolu ve büyük bedene sahip 7 kadın, moda alanında kendini en iyi ifade eden yarışmacı olabilmek için yarışacak. “Doya Doya Moda” nın jüri üyeleri; Gülşah Saraçoğlu, Banu Noyan, Kemal Doğulu ve Uğurkan Erez.</desc><category></category></programme><programme channel="290" start="20221129030000 +0000" stop="20221129041500 +0000" catchup-id="899589558"><title>Canım Annem</title><date></date><icon src="https://images.tv.kpn.com/epg/MWFTT5G9BBJP5adzH9B9C7D3DYleCmIcgUhNqsKdX2L6jY/1920x1080.jpg?blurred=false"></icon><desc>Zeynep, tehlikeli bir kalp rahatsızlığı olan güzeller güzeli bir kızdır. Hastalığı yüzünden annesi Cemre'nin bir araba kazasında öldüğünü ona söylemezler. Bunun yerine babası Murat, Zeynep kalp ameliyatı olacak yaşa gelene kadar, annesi Cemre’nin yerine geçecek bir benzerini tutar.</desc><category></category></programme><programme channel="290" start="20221129041500 +0000" stop="20221129054500 +0000" catchup-id="899589561"><title>8'de Sağlık</title><date></date><icon src="https://images.tv.kpn.com/epg/AX9AwWQTul62ea8ZmAR69A9Ao3uIXTzYQndfcEXHBO9AQGE/1920x1080.jpg?blurred=false"></icon><desc>Aylin Çetinkaya ile Ümit Erdim'in sunduğu 8'de Sağlık hafta içi her sabah TV8 ekranlarında...</desc><category></category></programme><programme channel="290" start="20221129054500 +0000" stop="20221129073000 +0000" catchup-id="899589564"><title>Müge ve Gülşen'le 2. Sayfa</title><date></date><icon src="https://images.tv.kpn.com/epg/64DJ0WrVgcE8khon9BGoRUUVkdTlqYbeC9B6qTWnx9B3J4/1920x1080.jpg?blurred=false"></icon><desc>Müge Dağıstanlı ve Gülşen Yüksel’in sunumuyla “Müge ve Gülşen’le 2. Sayfa” şimdi TV8’de.</desc><category></category></programme><programme channel="290" start="20221129073000 +0000" stop="20221129094500 +0000" catchup-id="899589567"><title>Doya Doya Moda</title><date></date><icon src="https://images.tv.kpn.com/epg/64hZRAvTvfmpsRLPNPeRAoa4zy59BpudVcm36CY8PAJY/1920x1080.jpg?blurred=false"></icon><desc>Hafta içi her gün TV8 ekranlarında izleyici ile buluşacak olan “Doya Doya Moda’” da kilolu ve büyük bedene sahip 7 kadın, moda alanında kendini en iyi ifade eden yarışmacı olabilmek için yarışacak. “Doya Doya Moda” nın jüri üyeleri; Gülşah Saraçoğlu, Banu Noyan, Kemal Doğulu ve Uğurkan Erez.</desc><category></category></programme><programme channel="290" start="20221129094500 +0000" stop="20221129110000 +0000" catchup-id="899589570"><title>Canım Annem</title><date></date><icon src="https://images.tv.kpn.com/epg/MWFTT5G9BBJP5adzH9B9C7D3DYleCmIcgUhNqsKdX2L6jY/1920x1080.jpg?blurred=false"></icon><desc>Zeynep, tehlikeli bir kalp rahatsızlığı olan güzeller güzeli bir kızdır. Hastalığı yüzünden annesi Cemre'nin bir araba kazasında öldüğünü ona söylemezler. Bunun yerine babası Murat, Zeynep kalp ameliyatı olacak yaşa gelene kadar, annesi Cemre’nin yerine geçecek bir benzerini tutar.</desc><category></category></programme><programme channel="290" start="20221129110000 +0000" stop="20221129120000 +0000" catchup-id="899589573"><title>Yazgı</title><date></date><icon src="https://images.tv.kpn.com/epg/default/1920x1080.jpg?blurred=false"></icon><desc>Programmabeschrijving niet beschikbaar</desc><category></category></programme><programme channel="290" start="20221129120000 +0000" stop="20221129130000 +0000" catchup-id="899589576"><title>Kadere Karşı</title><date></date><icon src="https://images.tv.kpn.com/epg/default/1920x1080.jpg?blurred=false"></icon><desc>Programmabeschrijving niet beschikbaar</desc><category></category></programme><programme channel="290" start="20221129130000 +0000" stop="20221129170000 +0000" catchup-id="899589579"><title>Zuhal Topal'la Yemekteyiz</title><date></date><icon src="https://images.tv.kpn.com/epg/YbTF5xMu0VQBVlM9BbqovKvm23kfo9CW50WeX6d578iW4/1920x1080.jpg?blurred=false"></icon><desc>Zuhal Topal ile Yemekteyiz hafta içi her gün saat TV8'de.</desc><category></category></programme><programme channel="290" start="20221129170000 +0000" stop="20221129211500 +0000" catchup-id="899589582"><title>Masterchef Türkiye</title><date></date><icon src="https://images.tv.kpn.com/epg/wHM1qNOU85DaLk9AzjUhORP14KTNU79Ar9BlyyXIKr6Jso/1920x1080.jpg?blurred=false"></icon><desc>Masterchef Türkiye; yeteneklerini sergileyecek Masterchef adaylarını bekliyor! Ancak bu mutfağa girebilmek o kadar kolay olmayacak. Binlerce başvuru arasından seçilen adaylar mutfakta tüm hünerlerini ortaya koyup zorlu aşamaları geçmek için kıyasıya yarışacak. İşler, bu mutfağa girmekle de bitmiyor. Bu mutfakta kalmak da bu mutfağa girmek kadar zor. Bakalım kimler bu yetenekli yarışmacılardan biri olacak? Masterchef adaylarına yemek pişirme sanatını en iyi şekilde anlatacak olan şeflerimiz ise; Mehmet Yalçınkaya, Somer Sivrioğlu ve Danilo Zanna. Tek tek jüri karşısına çıkacak olan yarışmacılar, yemeklerini beğendirebilmek için tüm hünerlerini sergileyecek. Jürinin beğenisini kazanan yarışmacılar Masterchef Türkiye’ye kaldığı yerden devam etme şansını yakalayacak. Kimler bu mutfakta kalmayı başaracak?</desc><category></category></programme><programme channel="290" start="20221129211500 +0000" stop="20221129233000 +0000" catchup-id="899589585"><title>Tuzak</title><date></date><icon src="https://images.tv.kpn.com/epg/default/1920x1080.jpg?blurred=false"></icon><desc>Programmabeschrijving niet beschikbaar</desc><category></category></programme><programme channel="290" start="20221129233000 +0000" stop="20221130013000 +0000" catchup-id="899589588"><title>Zuhal Topal'la Yemekteyiz</title><date></date><icon src="https://images.tv.kpn.com/epg/YbTF5xMu0VQBVlM9BbqovKvm23kfo9CW50WeX6d578iW4/1920x1080.jpg?blurred=false"></icon><desc>Zuhal Topal ile Yemekteyiz hafta içi her gün saat TV8'de.</desc><category></category></programme><programme channel="290" start="20221130013000 +0000" stop="20221130030000 +0000" catchup-id="899589591"><title>Doya Doya Moda</title><date></date><icon src="https://images.tv.kpn.com/epg/64hZRAvTvfmpsRLPNPeRAoa4zy59BpudVcm36CY8PAJY/1920x1080.jpg?blurred=false"></icon><desc>Hafta içi her gün TV8 ekranlarında izleyici ile buluşacak olan “Doya Doya Moda’” da kilolu ve büyük bedene sahip 7 kadın, moda alanında kendini en iyi ifade eden yarışmacı olabilmek için yarışacak. “Doya Doya Moda” nın jüri üyeleri; Gülşah Saraçoğlu, Banu Noyan, Kemal Doğulu ve Uğurkan Erez.</desc><category></category></programme><programme channel="290" start="20221130030000 +0000" stop="20221130041500 +0000" catchup-id="899589594"><title>Canım Annem</title><date></date><icon src="https://images.tv.kpn.com/epg/MWFTT5G9BBJP5adzH9B9C7D3DYleCmIcgUhNqsKdX2L6jY/1920x1080.jpg?blurred=false"></icon><desc>Zeynep, tehlikeli bir kalp rahatsızlığı olan güzeller güzeli bir kızdır. Hastalığı yüzünden annesi Cemre'nin bir araba kazasında öldüğünü ona söylemezler. Bunun yerine babası Murat, Zeynep kalp ameliyatı olacak yaşa gelene kadar, annesi Cemre’nin yerine geçecek bir benzerini tutar.</desc><category></category></programme><programme channel="290" start="20221130041500 +0000" stop="20221130054500 +0000" catchup-id="899589597"><title>8'de Sağlık</title><date></date><icon src="https://images.tv.kpn.com/epg/AX9AwWQTul62ea8ZmAR69A9Ao3uIXTzYQndfcEXHBO9AQGE/1920x1080.jpg?blurred=false"></icon><desc>Aylin Çetinkaya ile Ümit Erdim'in sunduğu 8'de Sağlık hafta içi her sabah TV8 ekranlarında...</desc><category></category></programme><programme channel="290" start="20221130054500 +0000" stop="20221130073000 +0000" catchup-id="899589600"><title>Müge ve Gülşen'le 2. Sayfa</title><date></date><icon src="https://images.tv.kpn.com/epg/64DJ0WrVgcE8khon9BGoRUUVkdTlqYbeC9B6qTWnx9B3J4/1920x1080.jpg?blurred=false"></icon><desc>Müge Dağıstanlı ve Gülşen Yüksel’in sunumuyla “Müge ve Gülşen’le 2. Sayfa” şimdi TV8’de.</desc><category></category></programme><programme channel="290" start="20221130073000 +0000" stop="20221130094500 +0000" catchup-id="899589603"><title>Doya Doya Moda</title><date></date><icon src="https://images.tv.kpn.com/epg/64hZRAvTvfmpsRLPNPeRAoa4zy59BpudVcm36CY8PAJY/1920x1080.jpg?blurred=false"></icon><desc>Hafta içi her gün TV8 ekranlarında izleyici ile buluşacak olan “Doya Doya Moda’” da kilolu ve büyük bedene sahip 7 kadın, moda alanında kendini en iyi ifade eden yarışmacı olabilmek için yarışacak. “Doya Doya Moda” nın jüri üyeleri; Gülşah Saraçoğlu, Banu Noyan, Kemal Doğulu ve Uğurkan Erez.</desc><category></category></programme><programme channel="290" start="20221130094500 +0000" stop="20221130110000 +0000" catchup-id="899589606"><title>Canım Annem</title><date></date><icon src="https://images.tv.kpn.com/epg/MWFTT5G9BBJP5adzH9B9C7D3DYleCmIcgUhNqsKdX2L6jY/1920x1080.jpg?blurred=false"></icon><desc>Zeynep, tehlikeli bir kalp rahatsızlığı olan güzeller güzeli bir kızdır. Hastalığı yüzünden annesi Cemre'nin bir araba kazasında öldüğünü ona söylemezler. Bunun yerine babası Murat, Zeynep kalp ameliyatı olacak yaşa gelene kadar, annesi Cemre’nin yerine geçecek bir benzerini tutar.</desc><category></category></programme><programme channel="290" start="20221130110000 +0000" stop="20221130120000 +0000" catchup-id="899589609"><title>Yazgı</title><date></date><icon src="https://images.tv.kpn.com/epg/default/1920x1080.jpg?blurred=false"></icon><desc>Programmabeschrijving niet beschikbaar</desc><category></category></programme><programme channel="290" start="20221130120000 +0000" stop="20221130130000 +0000" catchup-id="899589612"><title>Kadere Karşı</title><date></date><icon src="https://images.tv.kpn.com/epg/default/1920x1080.jpg?blurred=false"></icon><desc>Programmabeschrijving niet beschikbaar</desc><category></category></programme><programme channel="290" start="20221130130000 +0000" stop="20221130170000 +0000" catchup-id="899589615"><title>Zuhal Topal'la Yemekteyiz</title><date></date><icon src="https://images.tv.kpn.com/epg/YbTF5xMu0VQBVlM9BbqovKvm23kfo9CW50WeX6d578iW4/1920x1080.jpg?blurred=false"></icon><desc>Zuhal Topal ile Yemekteyiz hafta içi her gün saat TV8'de.</desc><category></category></programme><programme channel="290" start="20221130170000 +0000" stop="20221130211500 +0000" catchup-id="899589618"><title>Tuzak</title><date></date><icon src="https://images.tv.kpn.com/epg/default/1920x1080.jpg?blurred=false"></icon><desc>Programmabeschrijving niet beschikbaar</desc><category></category></programme><programme channel="290" start="20221130211500 +0000" stop="20221130233000 +0000" catchup-id="899589621"><title>Tuzak</title><date></date><icon src="https://images.tv.kpn.com/epg/default/1920x1080.jpg?blurred=false"></icon><desc>Programmabeschrijving niet beschikbaar</desc><category></category></programme><programme channel="290" start="20221130233000 +0000" stop="20221201013000 +0000" catchup-id="899635470"><title>Zuhal Topal'la Yemekteyiz</title><date></date><icon src="https://images.tv.kpn.com/epg/YbTF5xMu0VQBVlM9BbqovKvm23kfo9CW50WeX6d578iW4/1920x1080.jpg?blurred=false"></icon><desc>Zuhal Topal ile Yemekteyiz hafta içi her gün saat TV8'de.</desc><category></category></programme><programme channel="290" start="20221201013000 +0000" stop="20221201030000 +0000" catchup-id="899635473"><title>Doya Doya Moda</title><date></date><icon src="https://images.tv.kpn.com/epg/64hZRAvTvfmpsRLPNPeRAoa4zy59BpudVcm36CY8PAJY/1920x1080.jpg?blurred=false"></icon><desc>Hafta içi her gün TV8 ekranlarında izleyici ile buluşacak olan “Doya Doya Moda’” da kilolu ve büyük bedene sahip 7 kadın, moda alanında kendini en iyi ifade eden yarışmacı olabilmek için yarışacak. “Doya Doya Moda” nın jüri üyeleri; Gülşah Saraçoğlu, Banu Noyan, Kemal Doğulu ve Uğurkan Erez.</desc><category></category></programme><programme channel="290" start="20221201030000 +0000" stop="20221201041500 +0000" catchup-id="899635476"><title>Canım Annem</title><date></date><icon src="https://images.tv.kpn.com/epg/MWFTT5G9BBJP5adzH9B9C7D3DYleCmIcgUhNqsKdX2L6jY/1920x1080.jpg?blurred=false"></icon><desc>Zeynep, tehlikeli bir kalp rahatsızlığı olan güzeller güzeli bir kızdır. Hastalığı yüzünden annesi Cemre'nin bir araba kazasında öldüğünü ona söylemezler. Bunun yerine babası Murat, Zeynep kalp ameliyatı olacak yaşa gelene kadar, annesi Cemre’nin yerine geçecek bir benzerini tutar.</desc><category></category></programme><programme channel="290" start="20221201041500 +0000" stop="20221201054500 +0000" catchup-id="899635479"><title>8'de Sağlık</title><date></date><icon src="https://images.tv.kpn.com/epg/AX9AwWQTul62ea8ZmAR69A9Ao3uIXTzYQndfcEXHBO9AQGE/1920x1080.jpg?blurred=false"></icon><desc>Aylin Çetinkaya ile Ümit Erdim'in sunduğu 8'de Sağlık hafta içi her sabah TV8 ekranlarında...</desc><category></category></programme><programme channel="290" start="20221201054500 +0000" stop="20221201073000 +0000" catchup-id="899635482"><title>Müge ve Gülşen'le 2. Sayfa</title><date></date><icon src="https://images.tv.kpn.com/epg/64DJ0WrVgcE8khon9BGoRUUVkdTlqYbeC9B6qTWnx9B3J4/1920x1080.jpg?blurred=false"></icon><desc>Müge Dağıstanlı ve Gülşen Yüksel’in sunumuyla “Müge ve Gülşen’le 2. Sayfa” şimdi TV8’de.</desc><category></category></programme><programme channel="290" start="20221201073000 +0000" stop="20221201094500 +0000" catchup-id="899635485"><title>Doya Doya Moda</title><date></date><icon src="https://images.tv.kpn.com/epg/64hZRAvTvfmpsRLPNPeRAoa4zy59BpudVcm36CY8PAJY/1920x1080.jpg?blurred=false"></icon><desc>Hafta içi her gün TV8 ekranlarında izleyici ile buluşacak olan “Doya Doya Moda’” da kilolu ve büyük bedene sahip 7 kadın, moda alanında kendini en iyi ifade eden yarışmacı olabilmek için yarışacak. “Doya Doya Moda” nın jüri üyeleri; Gülşah Saraçoğlu, Banu Noyan, Kemal Doğulu ve Uğurkan Erez.</desc><category></category></programme><programme channel="290" start="20221201094500 +0000" stop="20221201110000 +0000" catchup-id="899635488"><title>Canım Annem</title><date></date><icon src="https://images.tv.kpn.com/epg/MWFTT5G9BBJP5adzH9B9C7D3DYleCmIcgUhNqsKdX2L6jY/1920x1080.jpg?blurred=false"></icon><desc>Zeynep, tehlikeli bir kalp rahatsızlığı olan güzeller güzeli bir kızdır. Hastalığı yüzünden annesi Cemre'nin bir araba kazasında öldüğünü ona söylemezler. Bunun yerine babası Murat, Zeynep kalp ameliyatı olacak yaşa gelene kadar, annesi Cemre’nin yerine geçecek bir benzerini tutar.</desc><category></category></programme><programme channel="290" start="20221201110000 +0000" stop="20221201120000 +0000" catchup-id="899635491"><title>Yazgı</title><date></date><icon src="https://images.tv.kpn.com/epg/default/1920x1080.jpg?blurred=false"></icon><desc>Programmabeschrijving niet beschikbaar</desc><category></category></programme><programme channel="290" start="20221201120000 +0000" stop="20221201130000 +0000" catchup-id="899635494"><title>Kadere Karşı</title><date></date><icon src="https://images.tv.kpn.com/epg/default/1920x1080.jpg?blurred=false"></icon><desc>Programmabeschrijving niet beschikbaar</desc><category></category></programme><programme channel="290" start="20221201130000 +0000" stop="20221201170000 +0000" catchup-id="899635497"><title>Zuhal Topal'la Yemekteyiz</title><date></date><icon src="https://images.tv.kpn.com/epg/YbTF5xMu0VQBVlM9BbqovKvm23kfo9CW50WeX6d578iW4/1920x1080.jpg?blurred=false"></icon><desc>Zuhal Topal ile Yemekteyiz hafta içi her gün saat TV8'de.</desc><category></category></programme><programme channel="290" start="20221201170000 +0000" stop="20221201211500 +0000" catchup-id="899635500"><title>Masterchef Türkiye</title><date></date><icon src="https://images.tv.kpn.com/epg/wHM1qNOU85DaLk9AzjUhORP14KTNU79Ar9BlyyXIKr6Jso/1920x1080.jpg?blurred=false"></icon><desc>Masterchef Türkiye; yeteneklerini sergileyecek Masterchef adaylarını bekliyor! Ancak bu mutfağa girebilmek o kadar kolay olmayacak. Binlerce başvuru arasından seçilen adaylar mutfakta tüm hünerlerini ortaya koyup zorlu aşamaları geçmek için kıyasıya yarışacak. İşler, bu mutfağa girmekle de bitmiyor. Bu mutfakta kalmak da bu mutfağa girmek kadar zor. Bakalım kimler bu yetenekli yarışmacılardan biri olacak? Masterchef adaylarına yemek pişirme sanatını en iyi şekilde anlatacak olan şeflerimiz ise; Mehmet Yalçınkaya, Somer Sivrioğlu ve Danilo Zanna. Tek tek jüri karşısına çıkacak olan yarışmacılar, yemeklerini beğendirebilmek için tüm hünerlerini sergileyecek. Jürinin beğenisini kazanan yarışmacılar Masterchef Türkiye’ye kaldığı yerden devam etme şansını yakalayacak. Kimler bu mutfakta kalmayı başaracak?</desc><category></category></programme><programme channel="290" start="20221201211500 +0000" stop="20221201233000 +0000" catchup-id="899635503"><title>Tuzak</title><date></date><icon src="https://images.tv.kpn.com/epg/default/1920x1080.jpg?blurred=false"></icon><desc>Programmabeschrijving niet beschikbaar</desc><category></category></programme><programme channel="290" start="20221201233000 +0000" stop="20221202013000 +0000" catchup-id="899681190"><title>Zuhal Topal'la Yemekteyiz</title><date></date><icon src="https://images.tv.kpn.com/epg/YbTF5xMu0VQBVlM9BbqovKvm23kfo9CW50WeX6d578iW4/1920x1080.jpg?blurred=false"></icon><desc>Zuhal Topal ile Yemekteyiz hafta içi her gün saat TV8'de.</desc><category></category></programme><programme channel="290" start="20221202013000 +0000" stop="20221202030000 +0000" catchup-id="899681193"><title>Doya Doya Moda</title><date></date><icon src="https://images.tv.kpn.com/epg/64hZRAvTvfmpsRLPNPeRAoa4zy59BpudVcm36CY8PAJY/1920x1080.jpg?blurred=false"></icon><desc>Hafta içi her gün TV8 ekranlarında izleyici ile buluşacak olan “Doya Doya Moda’” da kilolu ve büyük bedene sahip 7 kadın, moda alanında kendini en iyi ifade eden yarışmacı olabilmek için yarışacak. “Doya Doya Moda” nın jüri üyeleri; Gülşah Saraçoğlu, Banu Noyan, Kemal Doğulu ve Uğurkan Erez.</desc><category></category></programme><programme channel="290" start="20221202030000 +0000" stop="20221202041500 +0000" catchup-id="899681199"><title>Canım Annem</title><date></date><icon src="https://images.tv.kpn.com/epg/MWFTT5G9BBJP5adzH9B9C7D3DYleCmIcgUhNqsKdX2L6jY/1920x1080.jpg?blurred=false"></icon><desc>Zeynep, tehlikeli bir kalp rahatsızlığı olan güzeller güzeli bir kızdır. Hastalığı yüzünden annesi Cemre'nin bir araba kazasında öldüğünü ona söylemezler. Bunun yerine babası Murat, Zeynep kalp ameliyatı olacak yaşa gelene kadar, annesi Cemre’nin yerine geçecek bir benzerini tutar.</desc><category></category></programme><programme channel="290" start="20221202041500 +0000" stop="20221202054500 +0000" catchup-id="899681202"><title>8'de Sağlık</title><date></date><icon src="https://images.tv.kpn.com/epg/AX9AwWQTul62ea8ZmAR69A9Ao3uIXTzYQndfcEXHBO9AQGE/1920x1080.jpg?blurred=false"></icon><desc>Aylin Çetinkaya ile Ümit Erdim'in sunduğu 8'de Sağlık hafta içi her sabah TV8 ekranlarında...</desc><category></category></programme><programme channel="290" start="20221202054500 +0000" stop="20221202073000 +0000" catchup-id="899681205"><title>Müge ve Gülşen'le 2. Sayfa</title><date></date><icon src="https://images.tv.kpn.com/epg/64DJ0WrVgcE8khon9BGoRUUVkdTlqYbeC9B6qTWnx9B3J4/1920x1080.jpg?blurred=false"></icon><desc>Müge Dağıstanlı ve Gülşen Yüksel’in sunumuyla “Müge ve Gülşen’le 2. Sayfa” şimdi TV8’de.</desc><category></category></programme><programme channel="290" start="20221202073000 +0000" stop="20221202094500 +0000" catchup-id="899681208"><title>Doya Doya Moda</title><date></date><icon src="https://images.tv.kpn.com/epg/64hZRAvTvfmpsRLPNPeRAoa4zy59BpudVcm36CY8PAJY/1920x1080.jpg?blurred=false"></icon><desc>Hafta içi her gün TV8 ekranlarında izleyici ile buluşacak olan “Doya Doya Moda’” da kilolu ve büyük bedene sahip 7 kadın, moda alanında kendini en iyi ifade eden yarışmacı olabilmek için yarışacak. “Doya Doya Moda” nın jüri üyeleri; Gülşah Saraçoğlu, Banu Noyan, Kemal Doğulu ve Uğurkan Erez.</desc><category></category></programme><programme channel="290" start="20221202094500 +0000" stop="20221202110000 +0000" catchup-id="899681211"><title>Canım Annem</title><date></date><icon src="https://images.tv.kpn.com/epg/MWFTT5G9BBJP5adzH9B9C7D3DYleCmIcgUhNqsKdX2L6jY/1920x1080.jpg?blurred=false"></icon><desc>Zeynep, tehlikeli bir kalp rahatsızlığı olan güzeller güzeli bir kızdır. Hastalığı yüzünden annesi Cemre'nin bir araba kazasında öldüğünü ona söylemezler. Bunun yerine babası Murat, Zeynep kalp ameliyatı olacak yaşa gelene kadar, annesi Cemre’nin yerine geçecek bir benzerini tutar.</desc><category></category></programme><programme channel="290" start="20221202110000 +0000" stop="20221202120000 +0000" catchup-id="899681214"><title>Yazgı</title><date></date><icon src="https://images.tv.kpn.com/epg/default/1920x1080.jpg?blurred=false"></icon><desc>Programmabeschrijving niet beschikbaar</desc><category></category></programme><programme channel="290" start="20221202120000 +0000" stop="20221202130000 +0000" catchup-id="899681217"><title>Kadere Karşı</title><date></date><icon src="https://images.tv.kpn.com/epg/default/1920x1080.jpg?blurred=false"></icon><desc>Programmabeschrijving niet beschikbaar</desc><category></category></programme><programme channel="290" start="20221202130000 +0000" stop="20221202170000 +0000" catchup-id="899681220"><title>Zuhal Topal'la Yemekteyiz</title><date></date><icon src="https://images.tv.kpn.com/epg/YbTF5xMu0VQBVlM9BbqovKvm23kfo9CW50WeX6d578iW4/1920x1080.jpg?blurred=false"></icon><desc>Zuhal Topal ile Yemekteyiz hafta içi her gün saat TV8'de.</desc><category></category></programme><programme channel="290" start="20221202170000 +0000" stop="20221202211500 +0000" catchup-id="899681223"><title>Masterchef Türkiye</title><date></date><icon src="https://images.tv.kpn.com/epg/wHM1qNOU85DaLk9AzjUhORP14KTNU79Ar9BlyyXIKr6Jso/1920x1080.jpg?blurred=false"></icon><desc>Masterchef Türkiye; yeteneklerini sergileyecek Masterchef adaylarını bekliyor! Ancak bu mutfağa girebilmek o kadar kolay olmayacak. Binlerce başvuru arasından seçilen adaylar mutfakta tüm hünerlerini ortaya koyup zorlu aşamaları geçmek için kıyasıya yarışacak. İşler, bu mutfağa girmekle de bitmiyor. Bu mutfakta kalmak da bu mutfağa girmek kadar zor. Bakalım kimler bu yetenekli yarışmacılardan biri olacak? Masterchef adaylarına yemek pişirme sanatını en iyi şekilde anlatacak olan şeflerimiz ise; Mehmet Yalçınkaya, Somer Sivrioğlu ve Danilo Zanna. Tek tek jüri karşısına çıkacak olan yarışmacılar, yemeklerini beğendirebilmek için tüm hünerlerini sergileyecek. Jürinin beğenisini kazanan yarışmacılar Masterchef Türkiye’ye kaldığı yerden devam etme şansını yakalayacak. Kimler bu mutfakta kalmayı başaracak?</desc><category></category></programme><programme channel="290" start="20221202211500 +0000" stop="20221202233000 +0000" catchup-id="899681226"><title>Tuzak</title><date></date><icon src="https://images.tv.kpn.com/epg/default/1920x1080.jpg?blurred=false"></icon><desc>Programmabeschrijving niet beschikbaar</desc><category></category></programme><programme channel="290" start="20221202233000 +0000" stop="20221203013000 +0000" catchup-id="899724114"><title>Zuhal Topal'la Yemekteyiz</title><date></date><icon src="https://images.tv.kpn.com/epg/YbTF5xMu0VQBVlM9BbqovKvm23kfo9CW50WeX6d578iW4/1920x1080.jpg?blurred=false"></icon><desc>Zuhal Topal ile Yemekteyiz hafta içi her gün saat TV8'de.</desc><category></category></programme><programme channel="290" start="20221203013000 +0000" stop="20221203023000 +0000" catchup-id="899724123"><title>Doya Doya Moda</title><date></date><icon src="https://images.tv.kpn.com/epg/64hZRAvTvfmpsRLPNPeRAoa4zy59BpudVcm36CY8PAJY/1920x1080.jpg?blurred=false"></icon><desc>Hafta içi her gün TV8 ekranlarında izleyici ile buluşacak olan “Doya Doya Moda’” da kilolu ve büyük bedene sahip 7 kadın, moda alanında kendini en iyi ifade eden yarışmacı olabilmek için yarışacak. “Doya Doya Moda” nın jüri üyeleri; Gülşah Saraçoğlu, Banu Noyan, Kemal Doğulu ve Uğurkan Erez.</desc><category></category></programme><programme channel="290" start="20221203023000 +0000" stop="20221203030000 +0000" catchup-id="899724129"><title>Canım Annem</title><date></date><icon src="https://images.tv.kpn.com/epg/MWFTT5G9BBJP5adzH9B9C7D3DYleCmIcgUhNqsKdX2L6jY/1920x1080.jpg?blurred=false"></icon><desc>Zeynep, tehlikeli bir kalp rahatsızlığı olan güzeller güzeli bir kızdır. Hastalığı yüzünden annesi Cemre'nin bir araba kazasında öldüğünü ona söylemezler. Bunun yerine babası Murat, Zeynep kalp ameliyatı olacak yaşa gelene kadar, annesi Cemre’nin yerine geçecek bir benzerini tutar.</desc><category></category></programme><programme channel="290" start="20221203030000 +0000" stop="20221203041500 +0000" catchup-id="899724132"><title>Tuzak</title><date></date><icon src="https://images.tv.kpn.com/epg/default/1920x1080.jpg?blurred=false"></icon><desc>Programmabeschrijving niet beschikbaar</desc><category></category></programme><programme channel="290" start="20221203041500 +0000" stop="20221203043000 +0000" catchup-id="899724135"><title>Süper 1 Takım</title><date></date><icon src="https://images.tv.kpn.com/epg/iEgOtzl5aLrqI15PgxZZLmmU9BH2Y0M9Bs4JQ59CFu1mmc/1920x1080.jpg?blurred=false"></icon><desc>ir kasabada doğup büyüyen Birce ile şehirde yetişmiş, teknoloji bağımlısı bir çocuk olan Birol‘un hayatlarının bir çiftlikte kesişmesini konu alan çocuk dizisi rengarenk karakterleriyle beğeni topladı. Dünyaya kötülük salan İkiyüzlü’nün ordusunu durdurmak üzere süper güçlere sahip bir ekip oluşturan ikili; bu ilginç ekipte birer ayı, robot ve tavukla beraber dünyayı savunmak üzere kolları sıvıyor.</desc><category></category></programme><programme channel="290" start="20221203043000 +0000" stop="20221203060000 +0000" catchup-id="899724138"><title>Türkiye'nin Doktorları</title><date></date><icon src="https://images.tv.kpn.com/epg/default/1920x1080.jpg?blurred=false"></icon><desc>Programmabeschrijving niet beschikbaar</desc><category></category></programme><programme channel="290" start="20221203060000 +0000" stop="20221203070000 +0000" catchup-id="899724141"><title>Bir Yemek Olsan</title><date></date><icon src="https://images.tv.kpn.com/epg/X9CNUkCcJVUylAHmbOqheQ5G0ntIpHQJCH9CKCDQDb8q4/1920x1080.jpg?blurred=false"></icon><desc>Her hafta mutfakta birbirinden ünlü konukları ağırlayan Şef Türev Uludağ, uzman psikoterapist tarafından bir tipoloji çıkarıyor ve ünlü konuğunun hangi yemek olduğunu bulmaya çalışıyor. Bu yolculukta ona işinin ehli olan araştırmacı Mehmet Yıldırım eşlik ediyor.</desc><category></category></programme><programme channel="290" start="20221203070000 +0000" stop="20221203100000 +0000" catchup-id="899724144"><title>Gazete Magazin</title><date></date><icon src="https://images.tv.kpn.com/epg/9ApOxE55deKDx5kZhzddYTX3777JHrqBs5AKnsoIHXaM/1920x1080.jpg?blurred=false"></icon><desc>En sıcak magazin haberleri, aşklar, kaçamaklar, açılışlar, davetler, özel röportajlar ve magazin dünyasından en özel haberler ile Gazete Magazin ekranlara geliyor...</desc><category></category></programme><programme channel="290" start="20221203100000 +0000" stop="20221203111500 +0000" catchup-id="899724147"><title>Kadere Karşı</title><date></date><icon src="https://images.tv.kpn.com/epg/default/1920x1080.jpg?blurred=false"></icon><desc>Programmabeschrijving niet beschikbaar</desc><category></category></programme><programme channel="290" start="20221203111500 +0000" stop="20221203141500 +0000" catchup-id="899724150"><title>Pişirde Görelim</title><date></date><icon src="https://images.tv.kpn.com/epg/default/1920x1080.jpg?blurred=false"></icon><desc>Programmabeschrijving niet beschikbaar</desc><category></category></programme><programme channel="290" start="20221203141500 +0000" stop="20221203170000 +0000" catchup-id="899724153"><title>Tuzak</title><date></date><icon src="https://images.tv.kpn.com/epg/default/1920x1080.jpg?blurred=false"></icon><desc>Programmabeschrijving niet beschikbaar</desc><category></category></programme><programme channel="290" start="20221203170000 +0000" stop="20221203211500 +0000" catchup-id="899724156"><title>Masterchef Türkiye</title><date></date><icon src="https://images.tv.kpn.com/epg/wHM1qNOU85DaLk9AzjUhORP14KTNU79Ar9BlyyXIKr6Jso/1920x1080.jpg?blurred=false"></icon><desc>Masterchef Türkiye; yeteneklerini sergileyecek Masterchef adaylarını bekliyor! Ancak bu mutfağa girebilmek o kadar kolay olmayacak. Binlerce başvuru arasından seçilen adaylar mutfakta tüm hünerlerini ortaya koyup zorlu aşamaları geçmek için kıyasıya yarışacak. İşler, bu mutfağa girmekle de bitmiyor. Bu mutfakta kalmak da bu mutfağa girmek kadar zor. Bakalım kimler bu yetenekli yarışmacılardan biri olacak? Masterchef adaylarına yemek pişirme sanatını en iyi şekilde anlatacak olan şeflerimiz ise; Mehmet Yalçınkaya, Somer Sivrioğlu ve Danilo Zanna. Tek tek jüri karşısına çıkacak olan yarışmacılar, yemeklerini beğendirebilmek için tüm hünerlerini sergileyecek. Jürinin beğenisini kazanan yarışmacılar Masterchef Türkiye’ye kaldığı yerden devam etme şansını yakalayacak. Kimler bu mutfakta kalmayı başaracak?</desc><category></category></programme>