<programme channel="292" start="20221118230000 +0000" stop="20221119050000 +0000" catchup-id="899099850"><title>Nick Music</title><date></date><icon src="https://images.tv.kpn.com/epg/3LuKGKDMRZXqLgmKzNFB9CNXlOqVAb9Cban3BWO7eOq9BE/1920x1080.jpg?blurred=false"></icon><desc>De leukste videoclips van de grootste artiesten, 24 uur per dag op Nick Music!</desc><category></category></programme><programme channel="292" start="20221119050000 +0000" stop="20221119110000 +0000" catchup-id="899099853"><title>Nick Music</title><date></date><icon src="https://images.tv.kpn.com/epg/XG3XVccTu9CGdQ8J29CksEWL9BsGBPkblbrAN0KdSiN5bs/1920x1080.jpg?blurred=false"></icon><desc>De leukste videoclips van de grootste artiesten, 24 uur per dag op Nick Music!</desc><category></category></programme><programme channel="292" start="20221119110000 +0000" stop="20221119170000 +0000" catchup-id="899099856"><title>Nick Music</title><date></date><icon src="https://images.tv.kpn.com/epg/3LuKGKDMRZXqLgmKzNFB9CNXlOqVAb9Cban3BWO7eOq9BE/1920x1080.jpg?blurred=false"></icon><desc>De leukste videoclips van de grootste artiesten, 24 uur per dag op Nick Music!</desc><category></category></programme><programme channel="292" start="20221119170000 +0000" stop="20221119230000 +0000" catchup-id="899099859"><title>Nick Music</title><date></date><icon src="https://images.tv.kpn.com/epg/XG3XVccTu9CGdQ8J29CksEWL9BsGBPkblbrAN0KdSiN5bs/1920x1080.jpg?blurred=false"></icon><desc>De leukste videoclips van de grootste artiesten, 24 uur per dag op Nick Music!</desc><category></category></programme><programme channel="292" start="20221119230000 +0000" stop="20221120050000 +0000" catchup-id="899142645"><title>Nick Music</title><date></date><icon src="https://images.tv.kpn.com/epg/3LuKGKDMRZXqLgmKzNFB9CNXlOqVAb9Cban3BWO7eOq9BE/1920x1080.jpg?blurred=false"></icon><desc>De leukste videoclips van de grootste artiesten, 24 uur per dag op Nick Music!</desc><category></category></programme><programme channel="292" start="20221120050000 +0000" stop="20221120110000 +0000" catchup-id="899142651"><title>Nick Music</title><date></date><icon src="https://images.tv.kpn.com/epg/XG3XVccTu9CGdQ8J29CksEWL9BsGBPkblbrAN0KdSiN5bs/1920x1080.jpg?blurred=false"></icon><desc>De leukste videoclips van de grootste artiesten, 24 uur per dag op Nick Music!</desc><category></category></programme><programme channel="292" start="20221120110000 +0000" stop="20221120170000 +0000" catchup-id="899142657"><title>Nick Music</title><date></date><icon src="https://images.tv.kpn.com/epg/3LuKGKDMRZXqLgmKzNFB9CNXlOqVAb9Cban3BWO7eOq9BE/1920x1080.jpg?blurred=false"></icon><desc>De leukste videoclips van de grootste artiesten, 24 uur per dag op Nick Music!</desc><category></category></programme><programme channel="292" start="20221120170000 +0000" stop="20221120230000 +0000" catchup-id="899142663"><title>Nick Music</title><date></date><icon src="https://images.tv.kpn.com/epg/XG3XVccTu9CGdQ8J29CksEWL9BsGBPkblbrAN0KdSiN5bs/1920x1080.jpg?blurred=false"></icon><desc>De leukste videoclips van de grootste artiesten, 24 uur per dag op Nick Music!</desc><category></category></programme><programme channel="292" start="20221120230000 +0000" stop="20221121050000 +0000" catchup-id="899185080"><title>Nick Music</title><date></date><icon src="https://images.tv.kpn.com/epg/3LuKGKDMRZXqLgmKzNFB9CNXlOqVAb9Cban3BWO7eOq9BE/1920x1080.jpg?blurred=false"></icon><desc>De leukste videoclips van de grootste artiesten, 24 uur per dag op Nick Music!</desc><category></category></programme><programme channel="292" start="20221121050000 +0000" stop="20221121110000 +0000" catchup-id="899185086"><title>Nick Music</title><date></date><icon src="https://images.tv.kpn.com/epg/XG3XVccTu9CGdQ8J29CksEWL9BsGBPkblbrAN0KdSiN5bs/1920x1080.jpg?blurred=false"></icon><desc>De leukste videoclips van de grootste artiesten, 24 uur per dag op Nick Music!</desc><category></category></programme><programme channel="292" start="20221121110000 +0000" stop="20221121170000 +0000" catchup-id="899185089"><title>Nick Music</title><date></date><icon src="https://images.tv.kpn.com/epg/3LuKGKDMRZXqLgmKzNFB9CNXlOqVAb9Cban3BWO7eOq9BE/1920x1080.jpg?blurred=false"></icon><desc>De leukste videoclips van de grootste artiesten, 24 uur per dag op Nick Music!</desc><category></category></programme><programme channel="292" start="20221121170000 +0000" stop="20221121230000 +0000" catchup-id="899185092"><title>Nick Music</title><date></date><icon src="https://images.tv.kpn.com/epg/XG3XVccTu9CGdQ8J29CksEWL9BsGBPkblbrAN0KdSiN5bs/1920x1080.jpg?blurred=false"></icon><desc>De leukste videoclips van de grootste artiesten, 24 uur per dag op Nick Music!</desc><category></category></programme><programme channel="292" start="20221121230000 +0000" stop="20221122050000 +0000" catchup-id="899229021"><title>Nick Music</title><date></date><icon src="https://images.tv.kpn.com/epg/3LuKGKDMRZXqLgmKzNFB9CNXlOqVAb9Cban3BWO7eOq9BE/1920x1080.jpg?blurred=false"></icon><desc>De leukste videoclips van de grootste artiesten, 24 uur per dag op Nick Music!</desc><category></category></programme><programme channel="292" start="20221122050000 +0000" stop="20221122110000 +0000" catchup-id="899229024"><title>Nick Music</title><date></date><icon src="https://images.tv.kpn.com/epg/XG3XVccTu9CGdQ8J29CksEWL9BsGBPkblbrAN0KdSiN5bs/1920x1080.jpg?blurred=false"></icon><desc>De leukste videoclips van de grootste artiesten, 24 uur per dag op Nick Music!</desc><category></category></programme><programme channel="292" start="20221122110000 +0000" stop="20221122170000 +0000" catchup-id="899229027"><title>Nick Music</title><date></date><icon src="https://images.tv.kpn.com/epg/3LuKGKDMRZXqLgmKzNFB9CNXlOqVAb9Cban3BWO7eOq9BE/1920x1080.jpg?blurred=false"></icon><desc>De leukste videoclips van de grootste artiesten, 24 uur per dag op Nick Music!</desc><category></category></programme><programme channel="292" start="20221122170000 +0000" stop="20221122230000 +0000" catchup-id="899229030"><title>Nick Music</title><date></date><icon src="https://images.tv.kpn.com/epg/XG3XVccTu9CGdQ8J29CksEWL9BsGBPkblbrAN0KdSiN5bs/1920x1080.jpg?blurred=false"></icon><desc>De leukste videoclips van de grootste artiesten, 24 uur per dag op Nick Music!</desc><category></category></programme><programme channel="292" start="20221122230000 +0000" stop="20221123050000 +0000" catchup-id="899273565"><title>Nick Music</title><date></date><icon src="https://images.tv.kpn.com/epg/3LuKGKDMRZXqLgmKzNFB9CNXlOqVAb9Cban3BWO7eOq9BE/1920x1080.jpg?blurred=false"></icon><desc>De leukste videoclips van de grootste artiesten, 24 uur per dag op Nick Music!</desc><category></category></programme><programme channel="292" start="20221123050000 +0000" stop="20221123110000 +0000" catchup-id="899273568"><title>Nick Music</title><date></date><icon src="https://images.tv.kpn.com/epg/XG3XVccTu9CGdQ8J29CksEWL9BsGBPkblbrAN0KdSiN5bs/1920x1080.jpg?blurred=false"></icon><desc>De leukste videoclips van de grootste artiesten, 24 uur per dag op Nick Music!</desc><category></category></programme><programme channel="292" start="20221123110000 +0000" stop="20221123170000 +0000" catchup-id="899273571"><title>Nick Music</title><date></date><icon src="https://images.tv.kpn.com/epg/3LuKGKDMRZXqLgmKzNFB9CNXlOqVAb9Cban3BWO7eOq9BE/1920x1080.jpg?blurred=false"></icon><desc>De leukste videoclips van de grootste artiesten, 24 uur per dag op Nick Music!</desc><category></category></programme><programme channel="292" start="20221123170000 +0000" stop="20221123230000 +0000" catchup-id="899273574"><title>Nick Music</title><date></date><icon src="https://images.tv.kpn.com/epg/XG3XVccTu9CGdQ8J29CksEWL9BsGBPkblbrAN0KdSiN5bs/1920x1080.jpg?blurred=false"></icon><desc>De leukste videoclips van de grootste artiesten, 24 uur per dag op Nick Music!</desc><category></category></programme><programme channel="292" start="20221123230000 +0000" stop="20221124050000 +0000" catchup-id="899320482"><title>Nick Music</title><date></date><icon src="https://images.tv.kpn.com/epg/3LuKGKDMRZXqLgmKzNFB9CNXlOqVAb9Cban3BWO7eOq9BE/1920x1080.jpg?blurred=false"></icon><desc>De leukste videoclips van de grootste artiesten, 24 uur per dag op Nick Music!</desc><category></category></programme><programme channel="292" start="20221124050000 +0000" stop="20221124110000 +0000" catchup-id="899320485"><title>Nick Music</title><date></date><icon src="https://images.tv.kpn.com/epg/XG3XVccTu9CGdQ8J29CksEWL9BsGBPkblbrAN0KdSiN5bs/1920x1080.jpg?blurred=false"></icon><desc>De leukste videoclips van de grootste artiesten, 24 uur per dag op Nick Music!</desc><category></category></programme><programme channel="292" start="20221124110000 +0000" stop="20221124170000 +0000" catchup-id="899320488"><title>Nick Music</title><date></date><icon src="https://images.tv.kpn.com/epg/3LuKGKDMRZXqLgmKzNFB9CNXlOqVAb9Cban3BWO7eOq9BE/1920x1080.jpg?blurred=false"></icon><desc>De leukste videoclips van de grootste artiesten, 24 uur per dag op Nick Music!</desc><category></category></programme><programme channel="292" start="20221124170000 +0000" stop="20221124230000 +0000" catchup-id="899320491"><title>Nick Music</title><date></date><icon src="https://images.tv.kpn.com/epg/XG3XVccTu9CGdQ8J29CksEWL9BsGBPkblbrAN0KdSiN5bs/1920x1080.jpg?blurred=false"></icon><desc>De leukste videoclips van de grootste artiesten, 24 uur per dag op Nick Music!</desc><category></category></programme><programme channel="292" start="20221124230000 +0000" stop="20221125050000 +0000" catchup-id="899371002"><title>Nick Music</title><date></date><icon src="https://images.tv.kpn.com/epg/3LuKGKDMRZXqLgmKzNFB9CNXlOqVAb9Cban3BWO7eOq9BE/1920x1080.jpg?blurred=false"></icon><desc>De leukste videoclips van de grootste artiesten, 24 uur per dag op Nick Music!</desc><category></category></programme><programme channel="292" start="20221125050000 +0000" stop="20221125110000 +0000" catchup-id="899371008"><title>Nick Music</title><date></date><icon src="https://images.tv.kpn.com/epg/XG3XVccTu9CGdQ8J29CksEWL9BsGBPkblbrAN0KdSiN5bs/1920x1080.jpg?blurred=false"></icon><desc>De leukste videoclips van de grootste artiesten, 24 uur per dag op Nick Music!</desc><category></category></programme><programme channel="292" start="20221125110000 +0000" stop="20221125170000 +0000" catchup-id="899371011"><title>Nick Music</title><date></date><icon src="https://images.tv.kpn.com/epg/3LuKGKDMRZXqLgmKzNFB9CNXlOqVAb9Cban3BWO7eOq9BE/1920x1080.jpg?blurred=false"></icon><desc>De leukste videoclips van de grootste artiesten, 24 uur per dag op Nick Music!</desc><category></category></programme><programme channel="292" start="20221125170000 +0000" stop="20221125230000 +0000" catchup-id="899371014"><title>Nick Music</title><date></date><icon src="https://images.tv.kpn.com/epg/XG3XVccTu9CGdQ8J29CksEWL9BsGBPkblbrAN0KdSiN5bs/1920x1080.jpg?blurred=false"></icon><desc>De leukste videoclips van de grootste artiesten, 24 uur per dag op Nick Music!</desc><category></category></programme><programme channel="292" start="20221125230000 +0000" stop="20221126050000 +0000" catchup-id="899413566"><title>Nick Music</title><date></date><icon src="https://images.tv.kpn.com/epg/3LuKGKDMRZXqLgmKzNFB9CNXlOqVAb9Cban3BWO7eOq9BE/1920x1080.jpg?blurred=false"></icon><desc>De leukste videoclips van de grootste artiesten, 24 uur per dag op Nick Music!</desc><category></category></programme><programme channel="292" start="20221126050000 +0000" stop="20221126110000 +0000" catchup-id="899413575"><title>Nick Music</title><date></date><icon src="https://images.tv.kpn.com/epg/XG3XVccTu9CGdQ8J29CksEWL9BsGBPkblbrAN0KdSiN5bs/1920x1080.jpg?blurred=false"></icon><desc>De leukste videoclips van de grootste artiesten, 24 uur per dag op Nick Music!</desc><category></category></programme><programme channel="292" start="20221126110000 +0000" stop="20221126170000 +0000" catchup-id="899413581"><title>Nick Music</title><date></date><icon src="https://images.tv.kpn.com/epg/3LuKGKDMRZXqLgmKzNFB9CNXlOqVAb9Cban3BWO7eOq9BE/1920x1080.jpg?blurred=false"></icon><desc>De leukste videoclips van de grootste artiesten, 24 uur per dag op Nick Music!</desc><category></category></programme><programme channel="292" start="20221126170000 +0000" stop="20221126230000 +0000" catchup-id="899413590"><title>Nick Music</title><date></date><icon src="https://images.tv.kpn.com/epg/XG3XVccTu9CGdQ8J29CksEWL9BsGBPkblbrAN0KdSiN5bs/1920x1080.jpg?blurred=false"></icon><desc>De leukste videoclips van de grootste artiesten, 24 uur per dag op Nick Music!</desc><category></category></programme><programme channel="292" start="20221126230000 +0000" stop="20221127050000 +0000" catchup-id="899456193"><title>Nick Music</title><date></date><icon src="https://images.tv.kpn.com/epg/3LuKGKDMRZXqLgmKzNFB9CNXlOqVAb9Cban3BWO7eOq9BE/1920x1080.jpg?blurred=false"></icon><desc>De leukste videoclips van de grootste artiesten, 24 uur per dag op Nick Music!</desc><category></category></programme><programme channel="292" start="20221127050000 +0000" stop="20221127110000 +0000" catchup-id="899456196"><title>Nick Music</title><date></date><icon src="https://images.tv.kpn.com/epg/XG3XVccTu9CGdQ8J29CksEWL9BsGBPkblbrAN0KdSiN5bs/1920x1080.jpg?blurred=false"></icon><desc>De leukste videoclips van de grootste artiesten, 24 uur per dag op Nick Music!</desc><category></category></programme><programme channel="292" start="20221127110000 +0000" stop="20221127170000 +0000" catchup-id="899456199"><title>Nick Music</title><date></date><icon src="https://images.tv.kpn.com/epg/3LuKGKDMRZXqLgmKzNFB9CNXlOqVAb9Cban3BWO7eOq9BE/1920x1080.jpg?blurred=false"></icon><desc>De leukste videoclips van de grootste artiesten, 24 uur per dag op Nick Music!</desc><category></category></programme><programme channel="292" start="20221127170000 +0000" stop="20221127230000 +0000" catchup-id="899456202"><title>Nick Music</title><date></date><icon src="https://images.tv.kpn.com/epg/XG3XVccTu9CGdQ8J29CksEWL9BsGBPkblbrAN0KdSiN5bs/1920x1080.jpg?blurred=false"></icon><desc>De leukste videoclips van de grootste artiesten, 24 uur per dag op Nick Music!</desc><category></category></programme><programme channel="292" start="20221127230000 +0000" stop="20221128050000 +0000" catchup-id="899497131"><title>Nick Music</title><date></date><icon src="https://images.tv.kpn.com/epg/3LuKGKDMRZXqLgmKzNFB9CNXlOqVAb9Cban3BWO7eOq9BE/1920x1080.jpg?blurred=false"></icon><desc>De leukste videoclips van de grootste artiesten, 24 uur per dag op Nick Music!</desc><category></category></programme><programme channel="292" start="20221128050000 +0000" stop="20221128110000 +0000" catchup-id="899497134"><title>Nick Music</title><date></date><icon src="https://images.tv.kpn.com/epg/XG3XVccTu9CGdQ8J29CksEWL9BsGBPkblbrAN0KdSiN5bs/1920x1080.jpg?blurred=false"></icon><desc>De leukste videoclips van de grootste artiesten, 24 uur per dag op Nick Music!</desc><category></category></programme><programme channel="292" start="20221128110000 +0000" stop="20221128170000 +0000" catchup-id="899497137"><title>Nick Music</title><date></date><icon src="https://images.tv.kpn.com/epg/3LuKGKDMRZXqLgmKzNFB9CNXlOqVAb9Cban3BWO7eOq9BE/1920x1080.jpg?blurred=false"></icon><desc>De leukste videoclips van de grootste artiesten, 24 uur per dag op Nick Music!</desc><category></category></programme><programme channel="292" start="20221128170000 +0000" stop="20221128230000 +0000" catchup-id="899497140"><title>Nick Music</title><date></date><icon src="https://images.tv.kpn.com/epg/XG3XVccTu9CGdQ8J29CksEWL9BsGBPkblbrAN0KdSiN5bs/1920x1080.jpg?blurred=false"></icon><desc>De leukste videoclips van de grootste artiesten, 24 uur per dag op Nick Music!</desc><category></category></programme><programme channel="292" start="20221128230000 +0000" stop="20221129050000 +0000" catchup-id="899540259"><title>Nick Music</title><date></date><icon src="https://images.tv.kpn.com/epg/3LuKGKDMRZXqLgmKzNFB9CNXlOqVAb9Cban3BWO7eOq9BE/1920x1080.jpg?blurred=false"></icon><desc>De leukste videoclips van de grootste artiesten, 24 uur per dag op Nick Music!</desc><category></category></programme><programme channel="292" start="20221129050000 +0000" stop="20221129110000 +0000" catchup-id="899540262"><title>Nick Music</title><date></date><icon src="https://images.tv.kpn.com/epg/XG3XVccTu9CGdQ8J29CksEWL9BsGBPkblbrAN0KdSiN5bs/1920x1080.jpg?blurred=false"></icon><desc>De leukste videoclips van de grootste artiesten, 24 uur per dag op Nick Music!</desc><category></category></programme><programme channel="292" start="20221129110000 +0000" stop="20221129170000 +0000" catchup-id="899540265"><title>Nick Music</title><date></date><icon src="https://images.tv.kpn.com/epg/3LuKGKDMRZXqLgmKzNFB9CNXlOqVAb9Cban3BWO7eOq9BE/1920x1080.jpg?blurred=false"></icon><desc>De leukste videoclips van de grootste artiesten, 24 uur per dag op Nick Music!</desc><category></category></programme><programme channel="292" start="20221129170000 +0000" stop="20221129230000 +0000" catchup-id="899540268"><title>Nick Music</title><date></date><icon src="https://images.tv.kpn.com/epg/XG3XVccTu9CGdQ8J29CksEWL9BsGBPkblbrAN0KdSiN5bs/1920x1080.jpg?blurred=false"></icon><desc>De leukste videoclips van de grootste artiesten, 24 uur per dag op Nick Music!</desc><category></category></programme><programme channel="292" start="20221129230000 +0000" stop="20221130050000 +0000" catchup-id="899586552"><title>Nick Music</title><date></date><icon src="https://images.tv.kpn.com/epg/3LuKGKDMRZXqLgmKzNFB9CNXlOqVAb9Cban3BWO7eOq9BE/1920x1080.jpg?blurred=false"></icon><desc>De leukste videoclips van de grootste artiesten, 24 uur per dag op Nick Music!</desc><category></category></programme><programme channel="292" start="20221130050000 +0000" stop="20221130110000 +0000" catchup-id="899586555"><title>Nick Music</title><date></date><icon src="https://images.tv.kpn.com/epg/XG3XVccTu9CGdQ8J29CksEWL9BsGBPkblbrAN0KdSiN5bs/1920x1080.jpg?blurred=false"></icon><desc>De leukste videoclips van de grootste artiesten, 24 uur per dag op Nick Music!</desc><category></category></programme><programme channel="292" start="20221130110000 +0000" stop="20221130170000 +0000" catchup-id="899586558"><title>Nick Music</title><date></date><icon src="https://images.tv.kpn.com/epg/3LuKGKDMRZXqLgmKzNFB9CNXlOqVAb9Cban3BWO7eOq9BE/1920x1080.jpg?blurred=false"></icon><desc>De leukste videoclips van de grootste artiesten, 24 uur per dag op Nick Music!</desc><category></category></programme><programme channel="292" start="20221130170000 +0000" stop="20221130230000 +0000" catchup-id="899586561"><title>Nick Music</title><date></date><icon src="https://images.tv.kpn.com/epg/XG3XVccTu9CGdQ8J29CksEWL9BsGBPkblbrAN0KdSiN5bs/1920x1080.jpg?blurred=false"></icon><desc>De leukste videoclips van de grootste artiesten, 24 uur per dag op Nick Music!</desc><category></category></programme><programme channel="292" start="20221130230000 +0000" stop="20221201050000 +0000" catchup-id="899632059"><title>Nick Music</title><date></date><icon src="https://images.tv.kpn.com/epg/3LuKGKDMRZXqLgmKzNFB9CNXlOqVAb9Cban3BWO7eOq9BE/1920x1080.jpg?blurred=false"></icon><desc>De leukste videoclips van de grootste artiesten, 24 uur per dag op Nick Music!</desc><category></category></programme><programme channel="292" start="20221201050000 +0000" stop="20221201110000 +0000" catchup-id="899632062"><title>Nick Music</title><date></date><icon src="https://images.tv.kpn.com/epg/XG3XVccTu9CGdQ8J29CksEWL9BsGBPkblbrAN0KdSiN5bs/1920x1080.jpg?blurred=false"></icon><desc>De leukste videoclips van de grootste artiesten, 24 uur per dag op Nick Music!</desc><category></category></programme><programme channel="292" start="20221201110000 +0000" stop="20221201170000 +0000" catchup-id="899632065"><title>Nick Music</title><date></date><icon src="https://images.tv.kpn.com/epg/3LuKGKDMRZXqLgmKzNFB9CNXlOqVAb9Cban3BWO7eOq9BE/1920x1080.jpg?blurred=false"></icon><desc>De leukste videoclips van de grootste artiesten, 24 uur per dag op Nick Music!</desc><category></category></programme><programme channel="292" start="20221201170000 +0000" stop="20221201230000 +0000" catchup-id="899632068"><title>Nick Music</title><date></date><icon src="https://images.tv.kpn.com/epg/XG3XVccTu9CGdQ8J29CksEWL9BsGBPkblbrAN0KdSiN5bs/1920x1080.jpg?blurred=false"></icon><desc>De leukste videoclips van de grootste artiesten, 24 uur per dag op Nick Music!</desc><category></category></programme><programme channel="292" start="20221201230000 +0000" stop="20221202050000 +0000" catchup-id="899677314"><title>Nick Music</title><date></date><icon src="https://images.tv.kpn.com/epg/3LuKGKDMRZXqLgmKzNFB9CNXlOqVAb9Cban3BWO7eOq9BE/1920x1080.jpg?blurred=false"></icon><desc>De leukste videoclips van de grootste artiesten, 24 uur per dag op Nick Music!</desc><category></category></programme><programme channel="292" start="20221202050000 +0000" stop="20221202110000 +0000" catchup-id="899677317"><title>Nick Music</title><date></date><icon src="https://images.tv.kpn.com/epg/XG3XVccTu9CGdQ8J29CksEWL9BsGBPkblbrAN0KdSiN5bs/1920x1080.jpg?blurred=false"></icon><desc>De leukste videoclips van de grootste artiesten, 24 uur per dag op Nick Music!</desc><category></category></programme><programme channel="292" start="20221202110000 +0000" stop="20221202170000 +0000" catchup-id="899677320"><title>Nick Music</title><date></date><icon src="https://images.tv.kpn.com/epg/3LuKGKDMRZXqLgmKzNFB9CNXlOqVAb9Cban3BWO7eOq9BE/1920x1080.jpg?blurred=false"></icon><desc>De leukste videoclips van de grootste artiesten, 24 uur per dag op Nick Music!</desc><category></category></programme><programme channel="292" start="20221202170000 +0000" stop="20221202230000 +0000" catchup-id="899677323"><title>Nick Music</title><date></date><icon src="https://images.tv.kpn.com/epg/XG3XVccTu9CGdQ8J29CksEWL9BsGBPkblbrAN0KdSiN5bs/1920x1080.jpg?blurred=false"></icon><desc>De leukste videoclips van de grootste artiesten, 24 uur per dag op Nick Music!</desc><category></category></programme><programme channel="292" start="20221202230000 +0000" stop="20221203050000 +0000" catchup-id="899720877"><title>Nick Music</title><date></date><icon src="https://images.tv.kpn.com/epg/3LuKGKDMRZXqLgmKzNFB9CNXlOqVAb9Cban3BWO7eOq9BE/1920x1080.jpg?blurred=false"></icon><desc>De leukste videoclips van de grootste artiesten, 24 uur per dag op Nick Music!</desc><category></category></programme><programme channel="292" start="20221203050000 +0000" stop="20221203110000 +0000" catchup-id="899720883"><title>Nick Music</title><date></date><icon src="https://images.tv.kpn.com/epg/XG3XVccTu9CGdQ8J29CksEWL9BsGBPkblbrAN0KdSiN5bs/1920x1080.jpg?blurred=false"></icon><desc>De leukste videoclips van de grootste artiesten, 24 uur per dag op Nick Music!</desc><category></category></programme><programme channel="292" start="20221203110000 +0000" stop="20221203170000 +0000" catchup-id="899720892"><title>Nick Music</title><date></date><icon src="https://images.tv.kpn.com/epg/3LuKGKDMRZXqLgmKzNFB9CNXlOqVAb9Cban3BWO7eOq9BE/1920x1080.jpg?blurred=false"></icon><desc>De leukste videoclips van de grootste artiesten, 24 uur per dag op Nick Music!</desc><category></category></programme>