<programme channel="2105" start="20221118230000 +0000" stop="20221119230000 +0000" catchup-id="899154846"><title>Programmabeschrijving niet beschikbaar</title><date></date><icon src="https://images.tv.kpn.com/epg/default/1920x1080.jpg?blurred=false"></icon><desc>Programmabeschrijving niet beschikbaar</desc><category></category></programme><programme channel="2105" start="20221119230000 +0000" stop="20221120230000 +0000" catchup-id="899197197"><title>Programmabeschrijving niet beschikbaar</title><date></date><icon src="https://images.tv.kpn.com/epg/default/1920x1080.jpg?blurred=false"></icon><desc>Programmabeschrijving niet beschikbaar</desc><category></category></programme><programme channel="2105" start="20221120230000 +0000" stop="20221121230000 +0000" catchup-id="899242176"><title>Programmabeschrijving niet beschikbaar</title><date></date><icon src="https://images.tv.kpn.com/epg/default/1920x1080.jpg?blurred=false"></icon><desc>Programmabeschrijving niet beschikbaar</desc><category></category></programme><programme channel="2105" start="20221121230000 +0000" stop="20221122230000 +0000" catchup-id="899286675"><title>Programmabeschrijving niet beschikbaar</title><date></date><icon src="https://images.tv.kpn.com/epg/default/1920x1080.jpg?blurred=false"></icon><desc>Programmabeschrijving niet beschikbaar</desc><category></category></programme><programme channel="2105" start="20221122230000 +0000" stop="20221123230000 +0000" catchup-id="899333625"><title>Programmabeschrijving niet beschikbaar</title><date></date><icon src="https://images.tv.kpn.com/epg/default/1920x1080.jpg?blurred=false"></icon><desc>Programmabeschrijving niet beschikbaar</desc><category></category></programme><programme channel="2105" start="20221123230000 +0000" stop="20221124230000 +0000" catchup-id="899383965"><title>Programmabeschrijving niet beschikbaar</title><date></date><icon src="https://images.tv.kpn.com/epg/default/1920x1080.jpg?blurred=false"></icon><desc>Programmabeschrijving niet beschikbaar</desc><category></category></programme><programme channel="2105" start="20221124230000 +0000" stop="20221125230000 +0000" catchup-id="899427465"><title>Programmabeschrijving niet beschikbaar</title><date></date><icon src="https://images.tv.kpn.com/epg/default/1920x1080.jpg?blurred=false"></icon><desc>Programmabeschrijving niet beschikbaar</desc><category></category></programme><programme channel="2105" start="20221125230000 +0000" stop="20221126230000 +0000" catchup-id="899468448"><title>Programmabeschrijving niet beschikbaar</title><date></date><icon src="https://images.tv.kpn.com/epg/default/1920x1080.jpg?blurred=false"></icon><desc>Programmabeschrijving niet beschikbaar</desc><category></category></programme><programme channel="2105" start="20221126230000 +0000" stop="20221127230000 +0000" catchup-id="899509248"><title>Programmabeschrijving niet beschikbaar</title><date></date><icon src="https://images.tv.kpn.com/epg/default/1920x1080.jpg?blurred=false"></icon><desc>Programmabeschrijving niet beschikbaar</desc><category></category></programme><programme channel="2105" start="20221127230000 +0000" stop="20221128230000 +0000" catchup-id="899555715"><title>Programmabeschrijving niet beschikbaar</title><date></date><icon src="https://images.tv.kpn.com/epg/default/1920x1080.jpg?blurred=false"></icon><desc>Programmabeschrijving niet beschikbaar</desc><category></category></programme><programme channel="2105" start="20221128230000 +0000" stop="20221129230000 +0000" catchup-id="899599911"><title>Programmabeschrijving niet beschikbaar</title><date></date><icon src="https://images.tv.kpn.com/epg/default/1920x1080.jpg?blurred=false"></icon><desc>Programmabeschrijving niet beschikbaar</desc><category></category></programme><programme channel="2105" start="20221129230000 +0000" stop="20221130230000 +0000" catchup-id="899647293"><title>Programmabeschrijving niet beschikbaar</title><date></date><icon src="https://images.tv.kpn.com/epg/default/1920x1080.jpg?blurred=false"></icon><desc>Programmabeschrijving niet beschikbaar</desc><category></category></programme><programme channel="2105" start="20221130230000 +0000" stop="20221201230000 +0000" catchup-id="899690820"><title>Programmabeschrijving niet beschikbaar</title><date></date><icon src="https://images.tv.kpn.com/epg/default/1920x1080.jpg?blurred=false"></icon><desc>Programmabeschrijving niet beschikbaar</desc><category></category></programme><programme channel="2105" start="20221201230000 +0000" stop="20221202230000 +0000" catchup-id="899732925"><title>Programmabeschrijving niet beschikbaar</title><date></date><icon src="https://images.tv.kpn.com/epg/default/1920x1080.jpg?blurred=false"></icon><desc>Programmabeschrijving niet beschikbaar</desc><category></category></programme>