<programme channel="2211" start="20221118230000 +0000" stop="20221119230000 +0000" catchup-id="899131149"><title>Programmabeschrijving niet beschikbaar</title><date></date><icon src="https://images.tv.kpn.com/epg/default/1920x1080.jpg?blurred=false"></icon><desc>Programmabeschrijving niet beschikbaar</desc><category></category></programme><programme channel="2211" start="20221119230000 +0000" stop="20221120230000 +0000" catchup-id="899173071"><title>Programmabeschrijving niet beschikbaar</title><date></date><icon src="https://images.tv.kpn.com/epg/default/1920x1080.jpg?blurred=false"></icon><desc>Programmabeschrijving niet beschikbaar</desc><category></category></programme><programme channel="2211" start="20221120230000 +0000" stop="20221121230000 +0000" catchup-id="899216538"><title>Programmabeschrijving niet beschikbaar</title><date></date><icon src="https://images.tv.kpn.com/epg/default/1920x1080.jpg?blurred=false"></icon><desc>Programmabeschrijving niet beschikbaar</desc><category></category></programme><programme channel="2211" start="20221121230000 +0000" stop="20221122230000 +0000" catchup-id="899261673"><title>Programmabeschrijving niet beschikbaar</title><date></date><icon src="https://images.tv.kpn.com/epg/default/1920x1080.jpg?blurred=false"></icon><desc>Programmabeschrijving niet beschikbaar</desc><category></category></programme><programme channel="2211" start="20221122230000 +0000" stop="20221123230000 +0000" catchup-id="899308887"><title>Programmabeschrijving niet beschikbaar</title><date></date><icon src="https://images.tv.kpn.com/epg/default/1920x1080.jpg?blurred=false"></icon><desc>Programmabeschrijving niet beschikbaar</desc><category></category></programme><programme channel="2211" start="20221123230000 +0000" stop="20221124230000 +0000" catchup-id="899358696"><title>Programmabeschrijving niet beschikbaar</title><date></date><icon src="https://images.tv.kpn.com/epg/default/1920x1080.jpg?blurred=false"></icon><desc>Programmabeschrijving niet beschikbaar</desc><category></category></programme><programme channel="2211" start="20221124230000 +0000" stop="20221125230000 +0000" catchup-id="899401662"><title>Programmabeschrijving niet beschikbaar</title><date></date><icon src="https://images.tv.kpn.com/epg/default/1920x1080.jpg?blurred=false"></icon><desc>Programmabeschrijving niet beschikbaar</desc><category></category></programme><programme channel="2211" start="20221125230000 +0000" stop="20221126230000 +0000" catchup-id="899444037"><title>Programmabeschrijving niet beschikbaar</title><date></date><icon src="https://images.tv.kpn.com/epg/default/1920x1080.jpg?blurred=false"></icon><desc>Programmabeschrijving niet beschikbaar</desc><category></category></programme><programme channel="2211" start="20221126230000 +0000" stop="20221127230000 +0000" catchup-id="899485500"><title>Programmabeschrijving niet beschikbaar</title><date></date><icon src="https://images.tv.kpn.com/epg/default/1920x1080.jpg?blurred=false"></icon><desc>Programmabeschrijving niet beschikbaar</desc><category></category></programme><programme channel="2211" start="20221127230000 +0000" stop="20221128230000 +0000" catchup-id="899527899"><title>Programmabeschrijving niet beschikbaar</title><date></date><icon src="https://images.tv.kpn.com/epg/default/1920x1080.jpg?blurred=false"></icon><desc>Programmabeschrijving niet beschikbaar</desc><category></category></programme><programme channel="2211" start="20221128230000 +0000" stop="20221129230000 +0000" catchup-id="899574114"><title>Programmabeschrijving niet beschikbaar</title><date></date><icon src="https://images.tv.kpn.com/epg/default/1920x1080.jpg?blurred=false"></icon><desc>Programmabeschrijving niet beschikbaar</desc><category></category></programme><programme channel="2211" start="20221129230000 +0000" stop="20221130230000 +0000" catchup-id="899619114"><title>Programmabeschrijving niet beschikbaar</title><date></date><icon src="https://images.tv.kpn.com/epg/default/1920x1080.jpg?blurred=false"></icon><desc>Programmabeschrijving niet beschikbaar</desc><category></category></programme><programme channel="2211" start="20221130230000 +0000" stop="20221201230000 +0000" catchup-id="899665323"><title>Programmabeschrijving niet beschikbaar</title><date></date><icon src="https://images.tv.kpn.com/epg/default/1920x1080.jpg?blurred=false"></icon><desc>Programmabeschrijving niet beschikbaar</desc><category></category></programme><programme channel="2211" start="20221201230000 +0000" stop="20221202230000 +0000" catchup-id="899708199"><title>Programmabeschrijving niet beschikbaar</title><date></date><icon src="https://images.tv.kpn.com/epg/default/1920x1080.jpg?blurred=false"></icon><desc>Programmabeschrijving niet beschikbaar</desc><category></category></programme>