<programme channel="2212" start="20221118230000 +0000" stop="20221119230000 +0000" catchup-id="899154030"><title>Programmabeschrijving niet beschikbaar</title><date></date><icon src="https://images.tv.kpn.com/epg/default/1920x1080.jpg?blurred=false"></icon><desc>Programmabeschrijving niet beschikbaar</desc><category></category></programme><programme channel="2212" start="20221119230000 +0000" stop="20221120230000 +0000" catchup-id="899196465"><title>Programmabeschrijving niet beschikbaar</title><date></date><icon src="https://images.tv.kpn.com/epg/default/1920x1080.jpg?blurred=false"></icon><desc>Programmabeschrijving niet beschikbaar</desc><category></category></programme><programme channel="2212" start="20221120230000 +0000" stop="20221121230000 +0000" catchup-id="899241270"><title>Programmabeschrijving niet beschikbaar</title><date></date><icon src="https://images.tv.kpn.com/epg/default/1920x1080.jpg?blurred=false"></icon><desc>Programmabeschrijving niet beschikbaar</desc><category></category></programme><programme channel="2212" start="20221121230000 +0000" stop="20221122230000 +0000" catchup-id="899285796"><title>Programmabeschrijving niet beschikbaar</title><date></date><icon src="https://images.tv.kpn.com/epg/default/1920x1080.jpg?blurred=false"></icon><desc>Programmabeschrijving niet beschikbaar</desc><category></category></programme><programme channel="2212" start="20221122230000 +0000" stop="20221123230000 +0000" catchup-id="899332716"><title>Programmabeschrijving niet beschikbaar</title><date></date><icon src="https://images.tv.kpn.com/epg/default/1920x1080.jpg?blurred=false"></icon><desc>Programmabeschrijving niet beschikbaar</desc><category></category></programme><programme channel="2212" start="20221123230000 +0000" stop="20221124230000 +0000" catchup-id="899382759"><title>Programmabeschrijving niet beschikbaar</title><date></date><icon src="https://images.tv.kpn.com/epg/default/1920x1080.jpg?blurred=false"></icon><desc>Programmabeschrijving niet beschikbaar</desc><category></category></programme><programme channel="2212" start="20221124230000 +0000" stop="20221125230000 +0000" catchup-id="899425947"><title>Programmabeschrijving niet beschikbaar</title><date></date><icon src="https://images.tv.kpn.com/epg/default/1920x1080.jpg?blurred=false"></icon><desc>Programmabeschrijving niet beschikbaar</desc><category></category></programme><programme channel="2212" start="20221125230000 +0000" stop="20221126230000 +0000" catchup-id="899467119"><title>Programmabeschrijving niet beschikbaar</title><date></date><icon src="https://images.tv.kpn.com/epg/default/1920x1080.jpg?blurred=false"></icon><desc>Programmabeschrijving niet beschikbaar</desc><category></category></programme><programme channel="2212" start="20221126230000 +0000" stop="20221127230000 +0000" catchup-id="899507859"><title>Programmabeschrijving niet beschikbaar</title><date></date><icon src="https://images.tv.kpn.com/epg/default/1920x1080.jpg?blurred=false"></icon><desc>Programmabeschrijving niet beschikbaar</desc><category></category></programme><programme channel="2212" start="20221127230000 +0000" stop="20221128230000 +0000" catchup-id="899554260"><title>Programmabeschrijving niet beschikbaar</title><date></date><icon src="https://images.tv.kpn.com/epg/default/1920x1080.jpg?blurred=false"></icon><desc>Programmabeschrijving niet beschikbaar</desc><category></category></programme><programme channel="2212" start="20221128230000 +0000" stop="20221129230000 +0000" catchup-id="899598432"><title>Programmabeschrijving niet beschikbaar</title><date></date><icon src="https://images.tv.kpn.com/epg/default/1920x1080.jpg?blurred=false"></icon><desc>Programmabeschrijving niet beschikbaar</desc><category></category></programme><programme channel="2212" start="20221129230000 +0000" stop="20221130230000 +0000" catchup-id="899644056"><title>Programmabeschrijving niet beschikbaar</title><date></date><icon src="https://images.tv.kpn.com/epg/default/1920x1080.jpg?blurred=false"></icon><desc>Programmabeschrijving niet beschikbaar</desc><category></category></programme><programme channel="2212" start="20221130230000 +0000" stop="20221201230000 +0000" catchup-id="899689674"><title>Programmabeschrijving niet beschikbaar</title><date></date><icon src="https://images.tv.kpn.com/epg/default/1920x1080.jpg?blurred=false"></icon><desc>Programmabeschrijving niet beschikbaar</desc><category></category></programme><programme channel="2212" start="20221201230000 +0000" stop="20221202230000 +0000" catchup-id="899732058"><title>Programmabeschrijving niet beschikbaar</title><date></date><icon src="https://images.tv.kpn.com/epg/default/1920x1080.jpg?blurred=false"></icon><desc>Programmabeschrijving niet beschikbaar</desc><category></category></programme>