<programme channel="3044" start="20221119013000 +0000" stop="20221119033000 +0000" catchup-id="899110674"><title>Best of SafariLIVE</title><date></date><icon src="https://images.tv.kpn.com/epg/XVkhpFBurZctABt2rqWS5Q6K8xdk3ZyrVTrQ9AyYJm5c/1920x1080.jpg?blurred=false"></icon><desc>The absolute best in LIVE Safari, filmed over the last 5 years. Filled with iconic wildlife and unique, serendipitous moments in the African bush, this show is not to be missed.</desc><category></category></programme><programme channel="3044" start="20221119033000 +0000" stop="20221119063000 +0000" catchup-id="899110677"><title>Saturday SafariLIVE Sunrise</title><date></date><icon src="https://images.tv.kpn.com/epg/3UkMtYbaCv39B7ZtcJHC1Wr3Msud1zhJNuspqUmf6Aiw/1920x1080.jpg?blurred=false"></icon><desc>Jump on board a real LIVE safari from Africa as the sun is rising. Follow and interact with the real life stories of some of Africa’s most iconic animals.</desc><category></category></programme><programme channel="3044" start="20221119063000 +0000" stop="20221119123000 +0000" catchup-id="899110680"><title>Escape to Nature</title><date></date><icon src="https://images.tv.kpn.com/epg/zXr4jkKtYGDA6JRkvZP719BU23g0itx438mF4hNGY9BSU/1920x1080.jpg?blurred=false"></icon><desc>A relaxing show that allows you to escape to nature by immersing yourself in the sights and sounds of the wilderness.</desc><category></category></programme><programme channel="3044" start="20221119123000 +0000" stop="20221119133000 +0000" catchup-id="899110683"><title>Penguin Beach</title><date></date><icon src="https://images.tv.kpn.com/epg/MSH5bfdwNINL7OOmal8KaPNl1YlJKhDKA0Fw9BYMcvis/1920x1080.jpg?blurred=false"></icon><desc>A real-time look at the unfolding story of a group of wild penguins who live on a beach in South Africa. Completely LIVE, you can interact with an expert to find out more.</desc><category></category></programme><programme channel="3044" start="20221119133000 +0000" stop="20221119173000 +0000" catchup-id="899110686"><title>Saturday SafariLIVE Sunset</title><date></date><icon src="https://images.tv.kpn.com/epg/8DRF9CrIQM1Oy61w9BpDGBwVSU0IpsjIE83ucnnc8DotA/1920x1080.jpg?blurred=false"></icon><desc>Join an safari LIVE and ask the guide questions in real time. As the sun goes down the wild cats wake up and go on the hunt. All completely LIVE and unscripted.</desc><category></category></programme><programme channel="3044" start="20221119173000 +0000" stop="20221119203000 +0000" catchup-id="899110689"><title>Saturday SafariLIVE Sunrise REPEAT</title><date></date><icon src="https://images.tv.kpn.com/epg/3UkMtYbaCv39B7ZtcJHC1Wr3Msud1zhJNuspqUmf6Aiw/1920x1080.jpg?blurred=false"></icon><desc>If you missed the LIVE show then catch up with your sunrise safari here.</desc><category></category></programme><programme channel="3044" start="20221119203000 +0000" stop="20221119213000 +0000" catchup-id="899110692"><title>Penguin Beach REPEAT</title><date></date><icon src="https://images.tv.kpn.com/epg/1RqVTi05oqunqesfM3Q2DB88oRlTwR9CCwpjKaDTL9Ckw/1920x1080.jpg?blurred=false"></icon><desc>If you missed the LIVE show then catch up here with the unfolding story of a group of penguins who live on a beach in South Africa</desc><category></category></programme><programme channel="3044" start="20221119213000 +0000" stop="20221120013000 +0000" catchup-id="899110695"><title>Saturday SafariLIVE Sunset REPEAT</title><date></date><icon src="https://images.tv.kpn.com/epg/8DRF9CrIQM1Oy61w9BpDGBwVSU0IpsjIE83ucnnc8DotA/1920x1080.jpg?blurred=false"></icon><desc>If you missed the LIVE show then catch up with your sunset safari here.</desc><category></category></programme><programme channel="3044" start="20221120013000 +0000" stop="20221120033000 +0000" catchup-id="899152389"><title>Best of SafariLIVE</title><date></date><icon src="https://images.tv.kpn.com/epg/XVkhpFBurZctABt2rqWS5Q6K8xdk3ZyrVTrQ9AyYJm5c/1920x1080.jpg?blurred=false"></icon><desc>The absolute best in LIVE Safari, filmed over the last 5 years. Filled with iconic wildlife and unique, serendipitous moments in the African bush, this show is not to be missed.</desc><category></category></programme><programme channel="3044" start="20221120033000 +0000" stop="20221120063000 +0000" catchup-id="899152392"><title>Sunday SafariLIVE Sunrise</title><date></date><icon src="https://images.tv.kpn.com/epg/3UkMtYbaCv39B7ZtcJHC1Wr3Msud1zhJNuspqUmf6Aiw/1920x1080.jpg?blurred=false"></icon><desc>Jump on board a real LIVE safari from Africa as the sun is rising. Follow and interact with the real life stories of some of Africa’s most iconic animals.</desc><category></category></programme><programme channel="3044" start="20221120063000 +0000" stop="20221120123000 +0000" catchup-id="899152395"><title>Escape to Nature</title><date></date><icon src="https://images.tv.kpn.com/epg/zXr4jkKtYGDA6JRkvZP719BU23g0itx438mF4hNGY9BSU/1920x1080.jpg?blurred=false"></icon><desc>A relaxing show that allows you to escape to nature by immersing yourself in the sights and sounds of the wilderness.</desc><category></category></programme><programme channel="3044" start="20221120123000 +0000" stop="20221120133000 +0000" catchup-id="899152398"><title>Penguin Beach</title><date></date><icon src="https://images.tv.kpn.com/epg/MSH5bfdwNINL7OOmal8KaPNl1YlJKhDKA0Fw9BYMcvis/1920x1080.jpg?blurred=false"></icon><desc>A real-time look at the unfolding story of a group of wild penguins who live on a beach in South Africa. Completely LIVE, you can interact with an expert to find out more.</desc><category></category></programme><programme channel="3044" start="20221120133000 +0000" stop="20221120173000 +0000" catchup-id="899152401"><title>Sunday SafariLIVE Sunset</title><date></date><icon src="https://images.tv.kpn.com/epg/8DRF9CrIQM1Oy61w9BpDGBwVSU0IpsjIE83ucnnc8DotA/1920x1080.jpg?blurred=false"></icon><desc>Join an safari LIVE and ask the guide questions in real time. As the sun goes down the wild cats wake up and go on the hunt. All completely LIVE and unscripted.</desc><category></category></programme><programme channel="3044" start="20221120173000 +0000" stop="20221120203000 +0000" catchup-id="899152404"><title>Sunday SafariLIVE Sunrise REPEAT</title><date></date><icon src="https://images.tv.kpn.com/epg/3UkMtYbaCv39B7ZtcJHC1Wr3Msud1zhJNuspqUmf6Aiw/1920x1080.jpg?blurred=false"></icon><desc>If you missed the LIVE show then catch up with your sunrise safari here.</desc><category></category></programme><programme channel="3044" start="20221120203000 +0000" stop="20221120213000 +0000" catchup-id="899152407"><title>Penguin Beach REPEAT</title><date></date><icon src="https://images.tv.kpn.com/epg/1RqVTi05oqunqesfM3Q2DB88oRlTwR9CCwpjKaDTL9Ckw/1920x1080.jpg?blurred=false"></icon><desc>If you missed the LIVE show then catch up here with the unfolding story of a group of penguins who live on a beach in South Africa</desc><category></category></programme><programme channel="3044" start="20221120213000 +0000" stop="20221121013000 +0000" catchup-id="899152410"><title>Sunday SafariLIVE Sunset REPEAT</title><date></date><icon src="https://images.tv.kpn.com/epg/8DRF9CrIQM1Oy61w9BpDGBwVSU0IpsjIE83ucnnc8DotA/1920x1080.jpg?blurred=false"></icon><desc>If you missed the LIVE show then catch up with your sunset safari here.</desc><category></category></programme><programme channel="3044" start="20221121013000 +0000" stop="20221121033000 +0000" catchup-id="899195694"><title>Best of SafariLIVE</title><date></date><icon src="https://images.tv.kpn.com/epg/XVkhpFBurZctABt2rqWS5Q6K8xdk3ZyrVTrQ9AyYJm5c/1920x1080.jpg?blurred=false"></icon><desc>The absolute best in LIVE Safari, filmed over the last 5 years. Filled with iconic wildlife and unique, serendipitous moments in the African bush, this show is not to be missed.</desc><category></category></programme><programme channel="3044" start="20221121033000 +0000" stop="20221121063000 +0000" catchup-id="899195700"><title>Monday SafariLIVE Sunrise</title><date></date><icon src="https://images.tv.kpn.com/epg/3UkMtYbaCv39B7ZtcJHC1Wr3Msud1zhJNuspqUmf6Aiw/1920x1080.jpg?blurred=false"></icon><desc>Jump on board a real LIVE safari from Africa as the sun is rising. Follow and interact with the real life stories of some of Africa’s most iconic animals.</desc><category></category></programme><programme channel="3044" start="20221121063000 +0000" stop="20221121123000 +0000" catchup-id="899195706"><title>Escape to Nature</title><date></date><icon src="https://images.tv.kpn.com/epg/zXr4jkKtYGDA6JRkvZP719BU23g0itx438mF4hNGY9BSU/1920x1080.jpg?blurred=false"></icon><desc>A relaxing show that allows you to escape to nature by immersing yourself in the sights and sounds of the wilderness.</desc><category></category></programme><programme channel="3044" start="20221121123000 +0000" stop="20221121133000 +0000" catchup-id="899195712"><title>Penguin Beach</title><date></date><icon src="https://images.tv.kpn.com/epg/MSH5bfdwNINL7OOmal8KaPNl1YlJKhDKA0Fw9BYMcvis/1920x1080.jpg?blurred=false"></icon><desc>A real-time look at the unfolding story of a group of wild penguins who live on a beach in South Africa. Completely LIVE, you can interact with an expert to find out more.</desc><category></category></programme><programme channel="3044" start="20221121133000 +0000" stop="20221121173000 +0000" catchup-id="899195718"><title>Monday SafariLIVE Sunset</title><date></date><icon src="https://images.tv.kpn.com/epg/8DRF9CrIQM1Oy61w9BpDGBwVSU0IpsjIE83ucnnc8DotA/1920x1080.jpg?blurred=false"></icon><desc>Join an safari LIVE and ask the guide questions in real time. As the sun goes down the wild cats wake up and go on the hunt. All completely LIVE and unscripted.</desc><category></category></programme><programme channel="3044" start="20221121173000 +0000" stop="20221121203000 +0000" catchup-id="899195724"><title>Monday SafariLIVE Sunrise REPEAT</title><date></date><icon src="https://images.tv.kpn.com/epg/3UkMtYbaCv39B7ZtcJHC1Wr3Msud1zhJNuspqUmf6Aiw/1920x1080.jpg?blurred=false"></icon><desc>If you missed the LIVE show then catch up with your sunrise safari here.</desc><category></category></programme><programme channel="3044" start="20221121203000 +0000" stop="20221121213000 +0000" catchup-id="899195730"><title>Penguin Beach REPEAT</title><date></date><icon src="https://images.tv.kpn.com/epg/1RqVTi05oqunqesfM3Q2DB88oRlTwR9CCwpjKaDTL9Ckw/1920x1080.jpg?blurred=false"></icon><desc>If you missed the LIVE show then catch up here with the unfolding story of a group of penguins who live on a beach in South Africa</desc><category></category></programme><programme channel="3044" start="20221121213000 +0000" stop="20221122013000 +0000" catchup-id="899195736"><title>Monday SafariLIVE Sunset REPEAT</title><date></date><icon src="https://images.tv.kpn.com/epg/8DRF9CrIQM1Oy61w9BpDGBwVSU0IpsjIE83ucnnc8DotA/1920x1080.jpg?blurred=false"></icon><desc>If you missed the LIVE show then catch up with your sunset safari here.</desc><category></category></programme><programme channel="3044" start="20221122013000 +0000" stop="20221122033000 +0000" catchup-id="899240385"><title>Best of SafariLIVE</title><date></date><icon src="https://images.tv.kpn.com/epg/XVkhpFBurZctABt2rqWS5Q6K8xdk3ZyrVTrQ9AyYJm5c/1920x1080.jpg?blurred=false"></icon><desc>The absolute best in LIVE Safari, filmed over the last 5 years. Filled with iconic wildlife and unique, serendipitous moments in the African bush, this show is not to be missed.</desc><category></category></programme><programme channel="3044" start="20221122033000 +0000" stop="20221122063000 +0000" catchup-id="899240388"><title>Tuesday SafariLIVE Sunrise</title><date></date><icon src="https://images.tv.kpn.com/epg/3UkMtYbaCv39B7ZtcJHC1Wr3Msud1zhJNuspqUmf6Aiw/1920x1080.jpg?blurred=false"></icon><desc>Jump on board a real LIVE safari from Africa as the sun is rising. Follow and interact with the real life stories of some of Africa’s most iconic animals.</desc><category></category></programme><programme channel="3044" start="20221122063000 +0000" stop="20221122123000 +0000" catchup-id="899240391"><title>Escape to Nature</title><date></date><icon src="https://images.tv.kpn.com/epg/zXr4jkKtYGDA6JRkvZP719BU23g0itx438mF4hNGY9BSU/1920x1080.jpg?blurred=false"></icon><desc>A relaxing show that allows you to escape to nature by immersing yourself in the sights and sounds of the wilderness.</desc><category></category></programme><programme channel="3044" start="20221122123000 +0000" stop="20221122133000 +0000" catchup-id="899240394"><title>Penguin Beach</title><date></date><icon src="https://images.tv.kpn.com/epg/MSH5bfdwNINL7OOmal8KaPNl1YlJKhDKA0Fw9BYMcvis/1920x1080.jpg?blurred=false"></icon><desc>A real-time look at the unfolding story of a group of wild penguins who live on a beach in South Africa. Completely LIVE, you can interact with an expert to find out more.</desc><category></category></programme><programme channel="3044" start="20221122133000 +0000" stop="20221122173000 +0000" catchup-id="899240397"><title>Tuesday SafariLIVE Sunset</title><date></date><icon src="https://images.tv.kpn.com/epg/8DRF9CrIQM1Oy61w9BpDGBwVSU0IpsjIE83ucnnc8DotA/1920x1080.jpg?blurred=false"></icon><desc>Join an safari LIVE and ask the guide questions in real time. As the sun goes down the wild cats wake up and go on the hunt. All completely LIVE and unscripted.</desc><category></category></programme><programme channel="3044" start="20221122173000 +0000" stop="20221122203000 +0000" catchup-id="899240400"><title>Tuesday SafariLIVE Sunrise REPEAT</title><date></date><icon src="https://images.tv.kpn.com/epg/3UkMtYbaCv39B7ZtcJHC1Wr3Msud1zhJNuspqUmf6Aiw/1920x1080.jpg?blurred=false"></icon><desc>If you missed the LIVE show then catch up with your sunrise safari here.</desc><category></category></programme><programme channel="3044" start="20221122203000 +0000" stop="20221122213000 +0000" catchup-id="899240403"><title>Penguin Beach REPEAT</title><date></date><icon src="https://images.tv.kpn.com/epg/1RqVTi05oqunqesfM3Q2DB88oRlTwR9CCwpjKaDTL9Ckw/1920x1080.jpg?blurred=false"></icon><desc>If you missed the LIVE show then catch up here with the unfolding story of a group of penguins who live on a beach in South Africa</desc><category></category></programme><programme channel="3044" start="20221122213000 +0000" stop="20221123013000 +0000" catchup-id="899240406"><title>Tuesday SafariLIVE Sunset REPEAT</title><date></date><icon src="https://images.tv.kpn.com/epg/8DRF9CrIQM1Oy61w9BpDGBwVSU0IpsjIE83ucnnc8DotA/1920x1080.jpg?blurred=false"></icon><desc>If you missed the LIVE show then catch up with your sunset safari here.</desc><category></category></programme><programme channel="3044" start="20221123013000 +0000" stop="20221123033000 +0000" catchup-id="899284914"><title>Best of SafariLIVE</title><date></date><icon src="https://images.tv.kpn.com/epg/XVkhpFBurZctABt2rqWS5Q6K8xdk3ZyrVTrQ9AyYJm5c/1920x1080.jpg?blurred=false"></icon><desc>The absolute best in LIVE Safari, filmed over the last 5 years. Filled with iconic wildlife and unique, serendipitous moments in the African bush, this show is not to be missed.</desc><category></category></programme><programme channel="3044" start="20221123033000 +0000" stop="20221123063000 +0000" catchup-id="899284920"><title>Wednesday SafariLIVE Sunrise</title><date></date><icon src="https://images.tv.kpn.com/epg/3UkMtYbaCv39B7ZtcJHC1Wr3Msud1zhJNuspqUmf6Aiw/1920x1080.jpg?blurred=false"></icon><desc>Jump on board a real LIVE safari from Africa as the sun is rising. Follow and interact with the real life stories of some of Africa’s most iconic animals.</desc><category></category></programme><programme channel="3044" start="20221123063000 +0000" stop="20221123123000 +0000" catchup-id="899284923"><title>Escape to Nature</title><date></date><icon src="https://images.tv.kpn.com/epg/zXr4jkKtYGDA6JRkvZP719BU23g0itx438mF4hNGY9BSU/1920x1080.jpg?blurred=false"></icon><desc>A relaxing show that allows you to escape to nature by immersing yourself in the sights and sounds of the wilderness.</desc><category></category></programme><programme channel="3044" start="20221123123000 +0000" stop="20221123133000 +0000" catchup-id="899284929"><title>Penguin Beach</title><date></date><icon src="https://images.tv.kpn.com/epg/MSH5bfdwNINL7OOmal8KaPNl1YlJKhDKA0Fw9BYMcvis/1920x1080.jpg?blurred=false"></icon><desc>A real-time look at the unfolding story of a group of wild penguins who live on a beach in South Africa. Completely LIVE, you can interact with an expert to find out more.</desc><category></category></programme><programme channel="3044" start="20221123133000 +0000" stop="20221123173000 +0000" catchup-id="899284935"><title>Wednesday SafariLIVE Sunset</title><date></date><icon src="https://images.tv.kpn.com/epg/8DRF9CrIQM1Oy61w9BpDGBwVSU0IpsjIE83ucnnc8DotA/1920x1080.jpg?blurred=false"></icon><desc>Join an safari LIVE and ask the guide questions in real time. As the sun goes down the wild cats wake up and go on the hunt. All completely LIVE and unscripted.</desc><category></category></programme><programme channel="3044" start="20221123173000 +0000" stop="20221123203000 +0000" catchup-id="899284941"><title>Wednesday SafariLIVE Sunrise REPEAT</title><date></date><icon src="https://images.tv.kpn.com/epg/3UkMtYbaCv39B7ZtcJHC1Wr3Msud1zhJNuspqUmf6Aiw/1920x1080.jpg?blurred=false"></icon><desc>If you missed the LIVE show then catch up with your sunrise safari here.</desc><category></category></programme><programme channel="3044" start="20221123203000 +0000" stop="20221123213000 +0000" catchup-id="899284947"><title>Penguin Beach REPEAT</title><date></date><icon src="https://images.tv.kpn.com/epg/1RqVTi05oqunqesfM3Q2DB88oRlTwR9CCwpjKaDTL9Ckw/1920x1080.jpg?blurred=false"></icon><desc>If you missed the LIVE show then catch up here with the unfolding story of a group of penguins who live on a beach in South Africa</desc><category></category></programme><programme channel="3044" start="20221123213000 +0000" stop="20221124013000 +0000" catchup-id="899284956"><title>Wednesday SafariLIVE Sunset REPEAT</title><date></date><icon src="https://images.tv.kpn.com/epg/8DRF9CrIQM1Oy61w9BpDGBwVSU0IpsjIE83ucnnc8DotA/1920x1080.jpg?blurred=false"></icon><desc>If you missed the LIVE show then catch up with your sunset safari here.</desc><category></category></programme><programme channel="3044" start="20221124013000 +0000" stop="20221124033000 +0000" catchup-id="899331159"><title>Best of SafariLIVE</title><date></date><icon src="https://images.tv.kpn.com/epg/XVkhpFBurZctABt2rqWS5Q6K8xdk3ZyrVTrQ9AyYJm5c/1920x1080.jpg?blurred=false"></icon><desc>The absolute best in LIVE Safari, filmed over the last 5 years. Filled with iconic wildlife and unique, serendipitous moments in the African bush, this show is not to be missed.</desc><category></category></programme><programme channel="3044" start="20221124033000 +0000" stop="20221124063000 +0000" catchup-id="899331162"><title>Thursday SafariLIVE Sunrise</title><date></date><icon src="https://images.tv.kpn.com/epg/3UkMtYbaCv39B7ZtcJHC1Wr3Msud1zhJNuspqUmf6Aiw/1920x1080.jpg?blurred=false"></icon><desc>Jump on board a real LIVE safari from Africa as the sun is rising. Follow and interact with the real life stories of some of Africa’s most iconic animals.</desc><category></category></programme><programme channel="3044" start="20221124063000 +0000" stop="20221124123000 +0000" catchup-id="899331168"><title>Escape to Nature</title><date></date><icon src="https://images.tv.kpn.com/epg/zXr4jkKtYGDA6JRkvZP719BU23g0itx438mF4hNGY9BSU/1920x1080.jpg?blurred=false"></icon><desc>A relaxing show that allows you to escape to nature by immersing yourself in the sights and sounds of the wilderness.</desc><category></category></programme><programme channel="3044" start="20221124123000 +0000" stop="20221124133000 +0000" catchup-id="899331174"><title>Penguin Beach</title><date></date><icon src="https://images.tv.kpn.com/epg/MSH5bfdwNINL7OOmal8KaPNl1YlJKhDKA0Fw9BYMcvis/1920x1080.jpg?blurred=false"></icon><desc>A real-time look at the unfolding story of a group of wild penguins who live on a beach in South Africa. Completely LIVE, you can interact with an expert to find out more.</desc><category></category></programme><programme channel="3044" start="20221124133000 +0000" stop="20221124173000 +0000" catchup-id="899331177"><title>Thursday SafariLIVE Sunset</title><date></date><icon src="https://images.tv.kpn.com/epg/8DRF9CrIQM1Oy61w9BpDGBwVSU0IpsjIE83ucnnc8DotA/1920x1080.jpg?blurred=false"></icon><desc>Join an safari LIVE and ask the guide questions in real time. As the sun goes down the wild cats wake up and go on the hunt. All completely LIVE and unscripted.</desc><category></category></programme><programme channel="3044" start="20221124173000 +0000" stop="20221124203000 +0000" catchup-id="899331180"><title>Thursday SafariLIVE Sunrise REPEAT</title><date></date><icon src="https://images.tv.kpn.com/epg/3UkMtYbaCv39B7ZtcJHC1Wr3Msud1zhJNuspqUmf6Aiw/1920x1080.jpg?blurred=false"></icon><desc>If you missed the LIVE show then catch up with your sunrise safari here.</desc><category></category></programme><programme channel="3044" start="20221124203000 +0000" stop="20221124213000 +0000" catchup-id="899331183"><title>Penguin Beach REPEAT</title><date></date><icon src="https://images.tv.kpn.com/epg/1RqVTi05oqunqesfM3Q2DB88oRlTwR9CCwpjKaDTL9Ckw/1920x1080.jpg?blurred=false"></icon><desc>If you missed the LIVE show then catch up here with the unfolding story of a group of penguins who live on a beach in South Africa</desc><category></category></programme><programme channel="3044" start="20221124213000 +0000" stop="20221125013000 +0000" catchup-id="899331186"><title>Thursday SafariLIVE Sunset REPEAT</title><date></date><icon src="https://images.tv.kpn.com/epg/8DRF9CrIQM1Oy61w9BpDGBwVSU0IpsjIE83ucnnc8DotA/1920x1080.jpg?blurred=false"></icon><desc>If you missed the LIVE show then catch up with your sunset safari here.</desc><category></category></programme><programme channel="3044" start="20221125013000 +0000" stop="20221125033000 +0000" catchup-id="899381121"><title>Best of SafariLIVE</title><date></date><icon src="https://images.tv.kpn.com/epg/XVkhpFBurZctABt2rqWS5Q6K8xdk3ZyrVTrQ9AyYJm5c/1920x1080.jpg?blurred=false"></icon><desc>The absolute best in LIVE Safari, filmed over the last 5 years. Filled with iconic wildlife and unique, serendipitous moments in the African bush, this show is not to be missed.</desc><category></category></programme><programme channel="3044" start="20221125033000 +0000" stop="20221125063000 +0000" catchup-id="899381124"><title>Friday SafariLIVE Sunrise</title><date></date><icon src="https://images.tv.kpn.com/epg/3UkMtYbaCv39B7ZtcJHC1Wr3Msud1zhJNuspqUmf6Aiw/1920x1080.jpg?blurred=false"></icon><desc>Jump on board a real LIVE safari from Africa as the sun is rising. Follow and interact with the real life stories of some of Africa’s most iconic animals.</desc><category></category></programme><programme channel="3044" start="20221125063000 +0000" stop="20221125123000 +0000" catchup-id="899381127"><title>Escape to Nature</title><date></date><icon src="https://images.tv.kpn.com/epg/zXr4jkKtYGDA6JRkvZP719BU23g0itx438mF4hNGY9BSU/1920x1080.jpg?blurred=false"></icon><desc>A relaxing show that allows you to escape to nature by immersing yourself in the sights and sounds of the wilderness.</desc><category></category></programme><programme channel="3044" start="20221125123000 +0000" stop="20221125133000 +0000" catchup-id="899381130"><title>Penguin Beach</title><date></date><icon src="https://images.tv.kpn.com/epg/MSH5bfdwNINL7OOmal8KaPNl1YlJKhDKA0Fw9BYMcvis/1920x1080.jpg?blurred=false"></icon><desc>A real-time look at the unfolding story of a group of wild penguins who live on a beach in South Africa. Completely LIVE, you can interact with an expert to find out more.</desc><category></category></programme><programme channel="3044" start="20221125133000 +0000" stop="20221125173000 +0000" catchup-id="899381133"><title>Friday SafariLIVE Sunset</title><date></date><icon src="https://images.tv.kpn.com/epg/8DRF9CrIQM1Oy61w9BpDGBwVSU0IpsjIE83ucnnc8DotA/1920x1080.jpg?blurred=false"></icon><desc>Join an safari LIVE and ask the guide questions in real time. As the sun goes down the wild cats wake up and go on the hunt. All completely LIVE and unscripted.</desc><category></category></programme><programme channel="3044" start="20221125173000 +0000" stop="20221125203000 +0000" catchup-id="899381136"><title>Friday SafariLIVE Sunrise REPEAT</title><date></date><icon src="https://images.tv.kpn.com/epg/3UkMtYbaCv39B7ZtcJHC1Wr3Msud1zhJNuspqUmf6Aiw/1920x1080.jpg?blurred=false"></icon><desc>If you missed the LIVE show then catch up with your sunrise safari here.</desc><category></category></programme><programme channel="3044" start="20221125203000 +0000" stop="20221125213000 +0000" catchup-id="899381139"><title>Penguin Beach REPEAT</title><date></date><icon src="https://images.tv.kpn.com/epg/1RqVTi05oqunqesfM3Q2DB88oRlTwR9CCwpjKaDTL9Ckw/1920x1080.jpg?blurred=false"></icon><desc>If you missed the LIVE show then catch up here with the unfolding story of a group of penguins who live on a beach in South Africa</desc><category></category></programme><programme channel="3044" start="20221125213000 +0000" stop="20221126013000 +0000" catchup-id="899381142"><title>Friday SafariLIVE Sunset REPEAT</title><date></date><icon src="https://images.tv.kpn.com/epg/8DRF9CrIQM1Oy61w9BpDGBwVSU0IpsjIE83ucnnc8DotA/1920x1080.jpg?blurred=false"></icon><desc>If you missed the LIVE show then catch up with your sunset safari here.</desc><category></category></programme><programme channel="3044" start="20221126013000 +0000" stop="20221126033000 +0000" catchup-id="899423499"><title>Best of SafariLIVE</title><date></date><icon src="https://images.tv.kpn.com/epg/XVkhpFBurZctABt2rqWS5Q6K8xdk3ZyrVTrQ9AyYJm5c/1920x1080.jpg?blurred=false"></icon><desc>The absolute best in LIVE Safari, filmed over the last 5 years. Filled with iconic wildlife and unique, serendipitous moments in the African bush, this show is not to be missed.</desc><category></category></programme><programme channel="3044" start="20221126033000 +0000" stop="20221126063000 +0000" catchup-id="899423502"><title>Saturday SafariLIVE Sunrise</title><date></date><icon src="https://images.tv.kpn.com/epg/3UkMtYbaCv39B7ZtcJHC1Wr3Msud1zhJNuspqUmf6Aiw/1920x1080.jpg?blurred=false"></icon><desc>Jump on board a real LIVE safari from Africa as the sun is rising. Follow and interact with the real life stories of some of Africa’s most iconic animals.</desc><category></category></programme><programme channel="3044" start="20221126063000 +0000" stop="20221126123000 +0000" catchup-id="899423505"><title>Escape to Nature</title><date></date><icon src="https://images.tv.kpn.com/epg/zXr4jkKtYGDA6JRkvZP719BU23g0itx438mF4hNGY9BSU/1920x1080.jpg?blurred=false"></icon><desc>A relaxing show that allows you to escape to nature by immersing yourself in the sights and sounds of the wilderness.</desc><category></category></programme><programme channel="3044" start="20221126123000 +0000" stop="20221126133000 +0000" catchup-id="899423508"><title>Penguin Beach</title><date></date><icon src="https://images.tv.kpn.com/epg/MSH5bfdwNINL7OOmal8KaPNl1YlJKhDKA0Fw9BYMcvis/1920x1080.jpg?blurred=false"></icon><desc>A real-time look at the unfolding story of a group of wild penguins who live on a beach in South Africa. Completely LIVE, you can interact with an expert to find out more.</desc><category></category></programme><programme channel="3044" start="20221126133000 +0000" stop="20221126173000 +0000" catchup-id="899423511"><title>Saturday SafariLIVE Sunset</title><date></date><icon src="https://images.tv.kpn.com/epg/8DRF9CrIQM1Oy61w9BpDGBwVSU0IpsjIE83ucnnc8DotA/1920x1080.jpg?blurred=false"></icon><desc>Join an safari LIVE and ask the guide questions in real time. As the sun goes down the wild cats wake up and go on the hunt. All completely LIVE and unscripted.</desc><category></category></programme><programme channel="3044" start="20221126173000 +0000" stop="20221126203000 +0000" catchup-id="899423514"><title>Saturday SafariLIVE Sunrise REPEAT</title><date></date><icon src="https://images.tv.kpn.com/epg/3UkMtYbaCv39B7ZtcJHC1Wr3Msud1zhJNuspqUmf6Aiw/1920x1080.jpg?blurred=false"></icon><desc>If you missed the LIVE show then catch up with your sunrise safari here.</desc><category></category></programme><programme channel="3044" start="20221126203000 +0000" stop="20221126213000 +0000" catchup-id="899423517"><title>Penguin Beach REPEAT</title><date></date><icon src="https://images.tv.kpn.com/epg/1RqVTi05oqunqesfM3Q2DB88oRlTwR9CCwpjKaDTL9Ckw/1920x1080.jpg?blurred=false"></icon><desc>If you missed the LIVE show then catch up here with the unfolding story of a group of penguins who live on a beach in South Africa</desc><category></category></programme><programme channel="3044" start="20221126213000 +0000" stop="20221127013000 +0000" catchup-id="899423520"><title>Saturday SafariLIVE Sunset REPEAT</title><date></date><icon src="https://images.tv.kpn.com/epg/8DRF9CrIQM1Oy61w9BpDGBwVSU0IpsjIE83ucnnc8DotA/1920x1080.jpg?blurred=false"></icon><desc>If you missed the LIVE show then catch up with your sunset safari here.</desc><category></category></programme><programme channel="3044" start="20221127013000 +0000" stop="20221127033000 +0000" catchup-id="899465430"><title>Best of SafariLIVE</title><date></date><icon src="https://images.tv.kpn.com/epg/XVkhpFBurZctABt2rqWS5Q6K8xdk3ZyrVTrQ9AyYJm5c/1920x1080.jpg?blurred=false"></icon><desc>The absolute best in LIVE Safari, filmed over the last 5 years. Filled with iconic wildlife and unique, serendipitous moments in the African bush, this show is not to be missed.</desc><category></category></programme><programme channel="3044" start="20221127033000 +0000" stop="20221127063000 +0000" catchup-id="899465433"><title>Sunday SafariLIVE Sunrise</title><date></date><icon src="https://images.tv.kpn.com/epg/3UkMtYbaCv39B7ZtcJHC1Wr3Msud1zhJNuspqUmf6Aiw/1920x1080.jpg?blurred=false"></icon><desc>Jump on board a real LIVE safari from Africa as the sun is rising. Follow and interact with the real life stories of some of Africa’s most iconic animals.</desc><category></category></programme><programme channel="3044" start="20221127063000 +0000" stop="20221127123000 +0000" catchup-id="899465436"><title>Escape to Nature</title><date></date><icon src="https://images.tv.kpn.com/epg/zXr4jkKtYGDA6JRkvZP719BU23g0itx438mF4hNGY9BSU/1920x1080.jpg?blurred=false"></icon><desc>A relaxing show that allows you to escape to nature by immersing yourself in the sights and sounds of the wilderness.</desc><category></category></programme><programme channel="3044" start="20221127123000 +0000" stop="20221127133000 +0000" catchup-id="899465439"><title>Penguin Beach</title><date></date><icon src="https://images.tv.kpn.com/epg/MSH5bfdwNINL7OOmal8KaPNl1YlJKhDKA0Fw9BYMcvis/1920x1080.jpg?blurred=false"></icon><desc>A real-time look at the unfolding story of a group of wild penguins who live on a beach in South Africa. Completely LIVE, you can interact with an expert to find out more.</desc><category></category></programme><programme channel="3044" start="20221127133000 +0000" stop="20221127173000 +0000" catchup-id="899465442"><title>Sunday SafariLIVE Sunset</title><date></date><icon src="https://images.tv.kpn.com/epg/8DRF9CrIQM1Oy61w9BpDGBwVSU0IpsjIE83ucnnc8DotA/1920x1080.jpg?blurred=false"></icon><desc>Join an safari LIVE and ask the guide questions in real time. As the sun goes down the wild cats wake up and go on the hunt. All completely LIVE and unscripted.</desc><category></category></programme><programme channel="3044" start="20221127173000 +0000" stop="20221127203000 +0000" catchup-id="899465445"><title>Sunday SafariLIVE Sunrise REPEAT</title><date></date><icon src="https://images.tv.kpn.com/epg/3UkMtYbaCv39B7ZtcJHC1Wr3Msud1zhJNuspqUmf6Aiw/1920x1080.jpg?blurred=false"></icon><desc>If you missed the LIVE show then catch up with your sunrise safari here.</desc><category></category></programme><programme channel="3044" start="20221127203000 +0000" stop="20221127213000 +0000" catchup-id="899465448"><title>Penguin Beach REPEAT</title><date></date><icon src="https://images.tv.kpn.com/epg/1RqVTi05oqunqesfM3Q2DB88oRlTwR9CCwpjKaDTL9Ckw/1920x1080.jpg?blurred=false"></icon><desc>If you missed the LIVE show then catch up here with the unfolding story of a group of penguins who live on a beach in South Africa</desc><category></category></programme><programme channel="3044" start="20221127213000 +0000" stop="20221128013000 +0000" catchup-id="899465451"><title>Sunday SafariLIVE Sunset REPEAT</title><date></date><icon src="https://images.tv.kpn.com/epg/8DRF9CrIQM1Oy61w9BpDGBwVSU0IpsjIE83ucnnc8DotA/1920x1080.jpg?blurred=false"></icon><desc>If you missed the LIVE show then catch up with your sunset safari here.</desc><category></category></programme><programme channel="3044" start="20221128013000 +0000" stop="20221128033000 +0000" catchup-id="899506443"><title>Best of SafariLIVE</title><date></date><icon src="https://images.tv.kpn.com/epg/XVkhpFBurZctABt2rqWS5Q6K8xdk3ZyrVTrQ9AyYJm5c/1920x1080.jpg?blurred=false"></icon><desc>The absolute best in LIVE Safari, filmed over the last 5 years. Filled with iconic wildlife and unique, serendipitous moments in the African bush, this show is not to be missed.</desc><category></category></programme><programme channel="3044" start="20221128033000 +0000" stop="20221128063000 +0000" catchup-id="899506446"><title>Monday SafariLIVE Sunrise</title><date></date><icon src="https://images.tv.kpn.com/epg/3UkMtYbaCv39B7ZtcJHC1Wr3Msud1zhJNuspqUmf6Aiw/1920x1080.jpg?blurred=false"></icon><desc>Jump on board a real LIVE safari from Africa as the sun is rising. Follow and interact with the real life stories of some of Africa’s most iconic animals.</desc><category></category></programme><programme channel="3044" start="20221128063000 +0000" stop="20221128123000 +0000" catchup-id="899506449"><title>Escape to Nature</title><date></date><icon src="https://images.tv.kpn.com/epg/zXr4jkKtYGDA6JRkvZP719BU23g0itx438mF4hNGY9BSU/1920x1080.jpg?blurred=false"></icon><desc>A relaxing show that allows you to escape to nature by immersing yourself in the sights and sounds of the wilderness.</desc><category></category></programme><programme channel="3044" start="20221128123000 +0000" stop="20221128133000 +0000" catchup-id="899506452"><title>Penguin Beach</title><date></date><icon src="https://images.tv.kpn.com/epg/MSH5bfdwNINL7OOmal8KaPNl1YlJKhDKA0Fw9BYMcvis/1920x1080.jpg?blurred=false"></icon><desc>A real-time look at the unfolding story of a group of wild penguins who live on a beach in South Africa. Completely LIVE, you can interact with an expert to find out more.</desc><category></category></programme><programme channel="3044" start="20221128133000 +0000" stop="20221128173000 +0000" catchup-id="899506455"><title>Monday SafariLIVE Sunset</title><date></date><icon src="https://images.tv.kpn.com/epg/8DRF9CrIQM1Oy61w9BpDGBwVSU0IpsjIE83ucnnc8DotA/1920x1080.jpg?blurred=false"></icon><desc>Join an safari LIVE and ask the guide questions in real time. As the sun goes down the wild cats wake up and go on the hunt. All completely LIVE and unscripted.</desc><category></category></programme><programme channel="3044" start="20221128173000 +0000" stop="20221128203000 +0000" catchup-id="899506458"><title>Monday SafariLIVE Sunrise REPEAT</title><date></date><icon src="https://images.tv.kpn.com/epg/3UkMtYbaCv39B7ZtcJHC1Wr3Msud1zhJNuspqUmf6Aiw/1920x1080.jpg?blurred=false"></icon><desc>If you missed the LIVE show then catch up with your sunrise safari here.</desc><category></category></programme><programme channel="3044" start="20221128203000 +0000" stop="20221128213000 +0000" catchup-id="899506461"><title>Penguin Beach REPEAT</title><date></date><icon src="https://images.tv.kpn.com/epg/1RqVTi05oqunqesfM3Q2DB88oRlTwR9CCwpjKaDTL9Ckw/1920x1080.jpg?blurred=false"></icon><desc>If you missed the LIVE show then catch up here with the unfolding story of a group of penguins who live on a beach in South Africa</desc><category></category></programme><programme channel="3044" start="20221128213000 +0000" stop="20221129013000 +0000" catchup-id="899506464"><title>Monday SafariLIVE Sunset REPEAT</title><date></date><icon src="https://images.tv.kpn.com/epg/8DRF9CrIQM1Oy61w9BpDGBwVSU0IpsjIE83ucnnc8DotA/1920x1080.jpg?blurred=false"></icon><desc>If you missed the LIVE show then catch up with your sunset safari here.</desc><category></category></programme><programme channel="3044" start="20221129013000 +0000" stop="20221129033000 +0000" catchup-id="899552613"><title>Best of SafariLIVE</title><date></date><icon src="https://images.tv.kpn.com/epg/XVkhpFBurZctABt2rqWS5Q6K8xdk3ZyrVTrQ9AyYJm5c/1920x1080.jpg?blurred=false"></icon><desc>The absolute best in LIVE Safari, filmed over the last 5 years. Filled with iconic wildlife and unique, serendipitous moments in the African bush, this show is not to be missed.</desc><category></category></programme><programme channel="3044" start="20221129033000 +0000" stop="20221129063000 +0000" catchup-id="899552616"><title>Tuesday SafariLIVE Sunrise</title><date></date><icon src="https://images.tv.kpn.com/epg/3UkMtYbaCv39B7ZtcJHC1Wr3Msud1zhJNuspqUmf6Aiw/1920x1080.jpg?blurred=false"></icon><desc>Jump on board a real LIVE safari from Africa as the sun is rising. Follow and interact with the real life stories of some of Africa’s most iconic animals.</desc><category></category></programme><programme channel="3044" start="20221129063000 +0000" stop="20221129123000 +0000" catchup-id="899552619"><title>Escape to Nature</title><date></date><icon src="https://images.tv.kpn.com/epg/zXr4jkKtYGDA6JRkvZP719BU23g0itx438mF4hNGY9BSU/1920x1080.jpg?blurred=false"></icon><desc>A relaxing show that allows you to escape to nature by immersing yourself in the sights and sounds of the wilderness.</desc><category></category></programme><programme channel="3044" start="20221129123000 +0000" stop="20221129133000 +0000" catchup-id="899552622"><title>Penguin Beach</title><date></date><icon src="https://images.tv.kpn.com/epg/MSH5bfdwNINL7OOmal8KaPNl1YlJKhDKA0Fw9BYMcvis/1920x1080.jpg?blurred=false"></icon><desc>A real-time look at the unfolding story of a group of wild penguins who live on a beach in South Africa. Completely LIVE, you can interact with an expert to find out more.</desc><category></category></programme><programme channel="3044" start="20221129133000 +0000" stop="20221129173000 +0000" catchup-id="899552625"><title>Tuesday SafariLIVE Sunset</title><date></date><icon src="https://images.tv.kpn.com/epg/8DRF9CrIQM1Oy61w9BpDGBwVSU0IpsjIE83ucnnc8DotA/1920x1080.jpg?blurred=false"></icon><desc>Join an safari LIVE and ask the guide questions in real time. As the sun goes down the wild cats wake up and go on the hunt. All completely LIVE and unscripted.</desc><category></category></programme><programme channel="3044" start="20221129173000 +0000" stop="20221129203000 +0000" catchup-id="899552628"><title>Tuesday SafariLIVE Sunrise REPEAT</title><date></date><icon src="https://images.tv.kpn.com/epg/3UkMtYbaCv39B7ZtcJHC1Wr3Msud1zhJNuspqUmf6Aiw/1920x1080.jpg?blurred=false"></icon><desc>If you missed the LIVE show then catch up with your sunrise safari here.</desc><category></category></programme><programme channel="3044" start="20221129203000 +0000" stop="20221129213000 +0000" catchup-id="899552631"><title>Penguin Beach REPEAT</title><date></date><icon src="https://images.tv.kpn.com/epg/1RqVTi05oqunqesfM3Q2DB88oRlTwR9CCwpjKaDTL9Ckw/1920x1080.jpg?blurred=false"></icon><desc>If you missed the LIVE show then catch up here with the unfolding story of a group of penguins who live on a beach in South Africa</desc><category></category></programme><programme channel="3044" start="20221129213000 +0000" stop="20221130013000 +0000" catchup-id="899552634"><title>Tuesday SafariLIVE Sunset REPEAT</title><date></date><icon src="https://images.tv.kpn.com/epg/8DRF9CrIQM1Oy61w9BpDGBwVSU0IpsjIE83ucnnc8DotA/1920x1080.jpg?blurred=false"></icon><desc>If you missed the LIVE show then catch up with your sunset safari here.</desc><category></category></programme><programme channel="3044" start="20221130013000 +0000" stop="20221130033000 +0000" catchup-id="899596815"><title>Best of SafariLIVE</title><date></date><icon src="https://images.tv.kpn.com/epg/XVkhpFBurZctABt2rqWS5Q6K8xdk3ZyrVTrQ9AyYJm5c/1920x1080.jpg?blurred=false"></icon><desc>The absolute best in LIVE Safari, filmed over the last 5 years. Filled with iconic wildlife and unique, serendipitous moments in the African bush, this show is not to be missed.</desc><category></category></programme><programme channel="3044" start="20221130033000 +0000" stop="20221130063000 +0000" catchup-id="899596818"><title>Wednesday SafariLIVE Sunrise</title><date></date><icon src="https://images.tv.kpn.com/epg/3UkMtYbaCv39B7ZtcJHC1Wr3Msud1zhJNuspqUmf6Aiw/1920x1080.jpg?blurred=false"></icon><desc>Jump on board a real LIVE safari from Africa as the sun is rising. Follow and interact with the real life stories of some of Africa’s most iconic animals.</desc><category></category></programme><programme channel="3044" start="20221130063000 +0000" stop="20221130123000 +0000" catchup-id="899596821"><title>Escape to Nature</title><date></date><icon src="https://images.tv.kpn.com/epg/zXr4jkKtYGDA6JRkvZP719BU23g0itx438mF4hNGY9BSU/1920x1080.jpg?blurred=false"></icon><desc>A relaxing show that allows you to escape to nature by immersing yourself in the sights and sounds of the wilderness.</desc><category></category></programme><programme channel="3044" start="20221130123000 +0000" stop="20221130133000 +0000" catchup-id="899596824"><title>Penguin Beach</title><date></date><icon src="https://images.tv.kpn.com/epg/MSH5bfdwNINL7OOmal8KaPNl1YlJKhDKA0Fw9BYMcvis/1920x1080.jpg?blurred=false"></icon><desc>A real-time look at the unfolding story of a group of wild penguins who live on a beach in South Africa. Completely LIVE, you can interact with an expert to find out more.</desc><category></category></programme><programme channel="3044" start="20221130133000 +0000" stop="20221130173000 +0000" catchup-id="899596827"><title>Wednesday SafariLIVE Sunset</title><date></date><icon src="https://images.tv.kpn.com/epg/8DRF9CrIQM1Oy61w9BpDGBwVSU0IpsjIE83ucnnc8DotA/1920x1080.jpg?blurred=false"></icon><desc>Join an safari LIVE and ask the guide questions in real time. As the sun goes down the wild cats wake up and go on the hunt. All completely LIVE and unscripted.</desc><category></category></programme><programme channel="3044" start="20221130173000 +0000" stop="20221130203000 +0000" catchup-id="899596830"><title>Wednesday SafariLIVE Sunrise REPEAT</title><date></date><icon src="https://images.tv.kpn.com/epg/3UkMtYbaCv39B7ZtcJHC1Wr3Msud1zhJNuspqUmf6Aiw/1920x1080.jpg?blurred=false"></icon><desc>If you missed the LIVE show then catch up with your sunrise safari here.</desc><category></category></programme><programme channel="3044" start="20221130203000 +0000" stop="20221130213000 +0000" catchup-id="899596833"><title>Penguin Beach REPEAT</title><date></date><icon src="https://images.tv.kpn.com/epg/1RqVTi05oqunqesfM3Q2DB88oRlTwR9CCwpjKaDTL9Ckw/1920x1080.jpg?blurred=false"></icon><desc>If you missed the LIVE show then catch up here with the unfolding story of a group of penguins who live on a beach in South Africa</desc><category></category></programme><programme channel="3044" start="20221130213000 +0000" stop="20221201013000 +0000" catchup-id="899596836"><title>Wednesday SafariLIVE Sunset REPEAT</title><date></date><icon src="https://images.tv.kpn.com/epg/8DRF9CrIQM1Oy61w9BpDGBwVSU0IpsjIE83ucnnc8DotA/1920x1080.jpg?blurred=false"></icon><desc>If you missed the LIVE show then catch up with your sunset safari here.</desc><category></category></programme><programme channel="3044" start="20221201013000 +0000" stop="20221201023000 +0000" catchup-id="899642253"><title>The Wild Show</title><date></date><icon src="https://images.tv.kpn.com/epg/YByUc5A9CRlFRBYmEvGuoIZF4ST0NC5XAuH6sIoCLRRM/1920x1080.jpg?blurred=false"></icon><desc>Join host and expert naturalist James Hendry as he takes us on a journey into the wild looking at the best WildEarth animal encounters from over the years.</desc><category></category></programme><programme channel="3044" start="20221201023000 +0000" stop="20221201033000 +0000" catchup-id="899642256"><title>Best of SafariLIVE</title><date></date><icon src="https://images.tv.kpn.com/epg/XVkhpFBurZctABt2rqWS5Q6K8xdk3ZyrVTrQ9AyYJm5c/1920x1080.jpg?blurred=false"></icon><desc>The absolute best in LIVE Safari, filmed over the last 5 years. Filled with iconic wildlife and unique, serendipitous moments in the African bush, this show is not to be missed.</desc><category></category></programme><programme channel="3044" start="20221201033000 +0000" stop="20221201063000 +0000" catchup-id="899642259"><title>Thursday SafariLIVE Sunrise</title><date></date><icon src="https://images.tv.kpn.com/epg/3UkMtYbaCv39B7ZtcJHC1Wr3Msud1zhJNuspqUmf6Aiw/1920x1080.jpg?blurred=false"></icon><desc>Jump on board a real LIVE safari from Africa as the sun is rising. Follow and interact with the real life stories of some of Africa’s most iconic animals.</desc><category></category></programme><programme channel="3044" start="20221201063000 +0000" stop="20221201123000 +0000" catchup-id="899642262"><title>Escape to Nature</title><date></date><icon src="https://images.tv.kpn.com/epg/zXr4jkKtYGDA6JRkvZP719BU23g0itx438mF4hNGY9BSU/1920x1080.jpg?blurred=false"></icon><desc>A relaxing show that allows you to escape to nature by immersing yourself in the sights and sounds of the wilderness.</desc><category></category></programme><programme channel="3044" start="20221201123000 +0000" stop="20221201133000 +0000" catchup-id="899642265"><title>Penguin Beach</title><date></date><icon src="https://images.tv.kpn.com/epg/MSH5bfdwNINL7OOmal8KaPNl1YlJKhDKA0Fw9BYMcvis/1920x1080.jpg?blurred=false"></icon><desc>A real-time look at the unfolding story of a group of wild penguins who live on a beach in South Africa. Completely LIVE, you can interact with an expert to find out more.</desc><category></category></programme><programme channel="3044" start="20221201133000 +0000" stop="20221201173000 +0000" catchup-id="899642268"><title>Thursday SafariLIVE Sunset</title><date></date><icon src="https://images.tv.kpn.com/epg/8DRF9CrIQM1Oy61w9BpDGBwVSU0IpsjIE83ucnnc8DotA/1920x1080.jpg?blurred=false"></icon><desc>Join an safari LIVE and ask the guide questions in real time. As the sun goes down the wild cats wake up and go on the hunt. All completely LIVE and unscripted.</desc><category></category></programme><programme channel="3044" start="20221201173000 +0000" stop="20221201183000 +0000" catchup-id="899642271"><title>The Wild Show</title><date></date><icon src="https://images.tv.kpn.com/epg/YByUc5A9CRlFRBYmEvGuoIZF4ST0NC5XAuH6sIoCLRRM/1920x1080.jpg?blurred=false"></icon><desc>Join host and expert naturalist James Hendry as he takes us on a journey into the wild looking at the best WildEarth animal encounters for on over the years. (Repeat)</desc><category></category></programme><programme channel="3044" start="20221201183000 +0000" stop="20221201213000 +0000" catchup-id="899642277"><title>Thursday SafariLIVE Sunrise REPEAT</title><date></date><icon src="https://images.tv.kpn.com/epg/3UkMtYbaCv39B7ZtcJHC1Wr3Msud1zhJNuspqUmf6Aiw/1920x1080.jpg?blurred=false"></icon><desc>If you missed the LIVE show then catch up with your sunrise safari here.</desc><category></category></programme><programme channel="3044" start="20221201213000 +0000" stop="20221202013000 +0000" catchup-id="899642280"><title>Thursday SafariLIVE Sunset REPEAT</title><date></date><icon src="https://images.tv.kpn.com/epg/8DRF9CrIQM1Oy61w9BpDGBwVSU0IpsjIE83ucnnc8DotA/1920x1080.jpg?blurred=false"></icon><desc>If you missed the LIVE show then catch up with your sunset safari here.</desc><category></category></programme><programme channel="3044" start="20221202013000 +0000" stop="20221202023000 +0000" catchup-id="899688099"><title>The Wild Show</title><date></date><icon src="https://images.tv.kpn.com/epg/YByUc5A9CRlFRBYmEvGuoIZF4ST0NC5XAuH6sIoCLRRM/1920x1080.jpg?blurred=false"></icon><desc>Join host and expert naturalist James Hendry as he takes us on a journey into the wild looking at the best WildEarth animal encounters from over the years.</desc><category></category></programme><programme channel="3044" start="20221202023000 +0000" stop="20221202033000 +0000" catchup-id="899688102"><title>Best of SafariLIVE</title><date></date><icon src="https://images.tv.kpn.com/epg/XVkhpFBurZctABt2rqWS5Q6K8xdk3ZyrVTrQ9AyYJm5c/1920x1080.jpg?blurred=false"></icon><desc>The absolute best in LIVE Safari, filmed over the last 5 years. Filled with iconic wildlife and unique, serendipitous moments in the African bush, this show is not to be missed.</desc><category></category></programme><programme channel="3044" start="20221202033000 +0000" stop="20221202063000 +0000" catchup-id="899688105"><title>Friday SafariLIVE Sunrise</title><date></date><icon src="https://images.tv.kpn.com/epg/3UkMtYbaCv39B7ZtcJHC1Wr3Msud1zhJNuspqUmf6Aiw/1920x1080.jpg?blurred=false"></icon><desc>Jump on board a real LIVE safari from Africa as the sun is rising. Follow and interact with the real life stories of some of Africa’s most iconic animals.</desc><category></category></programme><programme channel="3044" start="20221202063000 +0000" stop="20221202123000 +0000" catchup-id="899688108"><title>Escape to Nature</title><date></date><icon src="https://images.tv.kpn.com/epg/zXr4jkKtYGDA6JRkvZP719BU23g0itx438mF4hNGY9BSU/1920x1080.jpg?blurred=false"></icon><desc>A relaxing show that allows you to escape to nature by immersing yourself in the sights and sounds of the wilderness.</desc><category></category></programme><programme channel="3044" start="20221202123000 +0000" stop="20221202133000 +0000" catchup-id="899688111"><title>Penguin Beach</title><date></date><icon src="https://images.tv.kpn.com/epg/MSH5bfdwNINL7OOmal8KaPNl1YlJKhDKA0Fw9BYMcvis/1920x1080.jpg?blurred=false"></icon><desc>A real-time look at the unfolding story of a group of wild penguins who live on a beach in South Africa. Completely LIVE, you can interact with an expert to find out more.</desc><category></category></programme><programme channel="3044" start="20221202133000 +0000" stop="20221202173000 +0000" catchup-id="899688114"><title>Friday SafariLIVE Sunset</title><date></date><icon src="https://images.tv.kpn.com/epg/8DRF9CrIQM1Oy61w9BpDGBwVSU0IpsjIE83ucnnc8DotA/1920x1080.jpg?blurred=false"></icon><desc>Join an safari LIVE and ask the guide questions in real time. As the sun goes down the wild cats wake up and go on the hunt. All completely LIVE and unscripted.</desc><category></category></programme><programme channel="3044" start="20221202173000 +0000" stop="20221202183000 +0000" catchup-id="899688117"><title>The Wild Show</title><date></date><icon src="https://images.tv.kpn.com/epg/YByUc5A9CRlFRBYmEvGuoIZF4ST0NC5XAuH6sIoCLRRM/1920x1080.jpg?blurred=false"></icon><desc>Join host and expert naturalist James Hendry as he takes us on a journey into the wild looking at the best WildEarth animal encounters for on over the years. (Repeat)</desc><category></category></programme><programme channel="3044" start="20221202183000 +0000" stop="20221202213000 +0000" catchup-id="899688120"><title>Friday SafariLIVE Sunrise REPEAT</title><date></date><icon src="https://images.tv.kpn.com/epg/3UkMtYbaCv39B7ZtcJHC1Wr3Msud1zhJNuspqUmf6Aiw/1920x1080.jpg?blurred=false"></icon><desc>If you missed the LIVE show then catch up with your sunrise safari here.</desc><category></category></programme><programme channel="3044" start="20221202213000 +0000" stop="20221203013000 +0000" catchup-id="899688123"><title>Friday SafariLIVE Sunset REPEAT</title><date></date><icon src="https://images.tv.kpn.com/epg/8DRF9CrIQM1Oy61w9BpDGBwVSU0IpsjIE83ucnnc8DotA/1920x1080.jpg?blurred=false"></icon><desc>If you missed the LIVE show then catch up with your sunset safari here.</desc><category></category></programme><programme channel="3044" start="20221203013000 +0000" stop="20221203023000 +0000" catchup-id="899730396"><title>The Wild Show</title><date></date><icon src="https://images.tv.kpn.com/epg/YByUc5A9CRlFRBYmEvGuoIZF4ST0NC5XAuH6sIoCLRRM/1920x1080.jpg?blurred=false"></icon><desc>Join host and expert naturalist James Hendry as he takes us on a journey into the wild looking at the best WildEarth animal encounters from over the years.</desc><category></category></programme><programme channel="3044" start="20221203023000 +0000" stop="20221203033000 +0000" catchup-id="899730399"><title>Best of SafariLIVE</title><date></date><icon src="https://images.tv.kpn.com/epg/XVkhpFBurZctABt2rqWS5Q6K8xdk3ZyrVTrQ9AyYJm5c/1920x1080.jpg?blurred=false"></icon><desc>The absolute best in LIVE Safari, filmed over the last 5 years. Filled with iconic wildlife and unique, serendipitous moments in the African bush, this show is not to be missed.</desc><category></category></programme><programme channel="3044" start="20221203033000 +0000" stop="20221203063000 +0000" catchup-id="899730402"><title>Saturday SafariLIVE Sunrise</title><date></date><icon src="https://images.tv.kpn.com/epg/3UkMtYbaCv39B7ZtcJHC1Wr3Msud1zhJNuspqUmf6Aiw/1920x1080.jpg?blurred=false"></icon><desc>Jump on board a real LIVE safari from Africa as the sun is rising. Follow and interact with the real life stories of some of Africa’s most iconic animals.</desc><category></category></programme><programme channel="3044" start="20221203063000 +0000" stop="20221203123000 +0000" catchup-id="899730405"><title>Escape to Nature</title><date></date><icon src="https://images.tv.kpn.com/epg/zXr4jkKtYGDA6JRkvZP719BU23g0itx438mF4hNGY9BSU/1920x1080.jpg?blurred=false"></icon><desc>A relaxing show that allows you to escape to nature by immersing yourself in the sights and sounds of the wilderness.</desc><category></category></programme><programme channel="3044" start="20221203123000 +0000" stop="20221203133000 +0000" catchup-id="899730408"><title>Penguin Beach</title><date></date><icon src="https://images.tv.kpn.com/epg/MSH5bfdwNINL7OOmal8KaPNl1YlJKhDKA0Fw9BYMcvis/1920x1080.jpg?blurred=false"></icon><desc>A real-time look at the unfolding story of a group of wild penguins who live on a beach in South Africa. Completely LIVE, you can interact with an expert to find out more.</desc><category></category></programme><programme channel="3044" start="20221203133000 +0000" stop="20221203173000 +0000" catchup-id="899730411"><title>Saturday SafariLIVE Sunset</title><date></date><icon src="https://images.tv.kpn.com/epg/8DRF9CrIQM1Oy61w9BpDGBwVSU0IpsjIE83ucnnc8DotA/1920x1080.jpg?blurred=false"></icon><desc>Join an safari LIVE and ask the guide questions in real time. As the sun goes down the wild cats wake up and go on the hunt. All completely LIVE and unscripted.</desc><category></category></programme><programme channel="3044" start="20221203173000 +0000" stop="20221203183000 +0000" catchup-id="899730414"><title>The Wild Show</title><date></date><icon src="https://images.tv.kpn.com/epg/YByUc5A9CRlFRBYmEvGuoIZF4ST0NC5XAuH6sIoCLRRM/1920x1080.jpg?blurred=false"></icon><desc>Join host and expert naturalist James Hendry as he takes us on a journey into the wild looking at the best WildEarth animal encounters for on over the years. (Repeat)</desc><category></category></programme><programme channel="3044" start="20221203183000 +0000" stop="20221203213000 +0000" catchup-id="899730417"><title>Saturday SafariLIVE Sunrise REPEAT</title><date></date><icon src="https://images.tv.kpn.com/epg/3UkMtYbaCv39B7ZtcJHC1Wr3Msud1zhJNuspqUmf6Aiw/1920x1080.jpg?blurred=false"></icon><desc>If you missed the LIVE show then catch up with your sunrise safari here.</desc><category></category></programme>