<programme channel="3268" start="20221118230000 +0000" stop="20221119050000 +0000" catchup-id="899154006"><title>Zendpauze</title><date></date><icon src="https://images.tv.kpn.com/epg/1ea8JAFvDqu2MlW9BFC7j2LGHpyIAF17IQKVS0G7nZXU/1920x1080.jpg?blurred=false"></icon><desc>Zendpauze</desc><category></category></programme><programme channel="3268" start="20221119050000 +0000" stop="20221119102000 +0000" catchup-id="899196393"><title>Zendpauze</title><date></date><icon src="https://images.tv.kpn.com/epg/1ea8JAFvDqu2MlW9BFC7j2LGHpyIAF17IQKVS0G7nZXU/1920x1080.jpg?blurred=false"></icon><desc>Zendpauze</desc><category></category></programme><programme channel="3268" start="20221119102000 +0000" stop="20221119113500 +0000" catchup-id="899196396"><title>Formule 1 - Vrije Training 3</title><date></date><icon src="https://images.tv.kpn.com/epg/XqSLzm29C41K9ASycNaTZHnuKRtQDxLjMdlJT9ADdW0ju4/1920x1080.jpg?blurred=false"></icon><desc>Het F1-seizoen is bijna afgelopen en op het Yas Marina Circuit wordt de laatste race verreden. Nu wacht de laatste van drie trainingen, waarin de beste coureurs van de motorsport het circuit van 5,68 km met 16 bochten leren kennen.</desc><category></category></programme><programme channel="3268" start="20221119113500 +0000" stop="20221119132500 +0000" catchup-id="899196399"><title>Zendpauze</title><date></date><icon src="https://images.tv.kpn.com/epg/1ea8JAFvDqu2MlW9BFC7j2LGHpyIAF17IQKVS0G7nZXU/1920x1080.jpg?blurred=false"></icon><desc>Zendpauze</desc><category></category></programme><programme channel="3268" start="20221119132500 +0000" stop="20221119154000 +0000" catchup-id="899196402"><title>Formule 1 - Kwalificatie</title><date></date><icon src="https://images.tv.kpn.com/epg/XqSLzm29C41K9ASycNaTZHnuKRtQDxLjMdlJT9ADdW0ju4/1920x1080.jpg?blurred=false"></icon><desc>De laatste Grand Prix van het jaar wordt zoals altijd verreden in Abu Dhabi, waar op het Yas Marina Circuit de laatste kwalificatie van F1-seizoen 2022 plaatsvindt. Bekijk hoe de startplekken verdeeld worden voor de GP van Abu Dhabi.</desc><category></category></programme><programme channel="3268" start="20221119154000 +0000" stop="20221119230000 +0000" catchup-id="899196405"><title>Zendpauze</title><date></date><icon src="https://images.tv.kpn.com/epg/1ea8JAFvDqu2MlW9BFC7j2LGHpyIAF17IQKVS0G7nZXU/1920x1080.jpg?blurred=false"></icon><desc>Zendpauze</desc><category></category></programme><programme channel="3268" start="20221119230000 +0000" stop="20221120050000 +0000" catchup-id="899196408"><title>Zendpauze</title><date></date><icon src="https://images.tv.kpn.com/epg/1ea8JAFvDqu2MlW9BFC7j2LGHpyIAF17IQKVS0G7nZXU/1920x1080.jpg?blurred=false"></icon><desc>Zendpauze</desc><category></category></programme><programme channel="3268" start="20221120050000 +0000" stop="20221120110000 +0000" catchup-id="899240931"><title>Zendpauze</title><date></date><icon src="https://images.tv.kpn.com/epg/1ea8JAFvDqu2MlW9BFC7j2LGHpyIAF17IQKVS0G7nZXU/1920x1080.jpg?blurred=false"></icon><desc>Zendpauze</desc><category></category></programme><programme channel="3268" start="20221120110000 +0000" stop="20221120115500 +0000" catchup-id="899240934"><title>Zendpauze</title><date></date><icon src="https://images.tv.kpn.com/epg/1ea8JAFvDqu2MlW9BFC7j2LGHpyIAF17IQKVS0G7nZXU/1920x1080.jpg?blurred=false"></icon><desc>Zendpauze</desc><category></category></programme><programme channel="3268" start="20221120115500 +0000" stop="20221120154000 +0000" catchup-id="899240937"><title>Formule 1 - Race</title><date></date><icon src="https://images.tv.kpn.com/epg/j9ArPIgW9AyFDMjkxS3v0ac10hAdIr6fcNE72G7pzkBrg/1920x1080.jpg?blurred=false"></icon><desc>Alle ogen zijn gericht op het Yas Marina Circuit in Abu Dhabi, als het F1-seizoen wordt afgesloten. Volg wereldkampioen Max Verstappen, de Deen Kevin Magnussen en alle anderen, voor het racevuurwerk tijdens de Grand Prix van Abu Dhabi!</desc><category></category></programme><programme channel="3268" start="20221120154000 +0000" stop="20221120230000 +0000" catchup-id="899240940"><title>Zendpauze</title><date></date><icon src="https://images.tv.kpn.com/epg/1ea8JAFvDqu2MlW9BFC7j2LGHpyIAF17IQKVS0G7nZXU/1920x1080.jpg?blurred=false"></icon><desc>Zendpauze</desc><category></category></programme><programme channel="3268" start="20221120230000 +0000" stop="20221121050000 +0000" catchup-id="899240943"><title>Zendpauze</title><date></date><icon src="https://images.tv.kpn.com/epg/1ea8JAFvDqu2MlW9BFC7j2LGHpyIAF17IQKVS0G7nZXU/1920x1080.jpg?blurred=false"></icon><desc>Zendpauze</desc><category></category></programme><programme channel="3268" start="20221121050000 +0000" stop="20221121110000 +0000" catchup-id="899285763"><title>Zendpauze</title><date></date><icon src="https://images.tv.kpn.com/epg/1ea8JAFvDqu2MlW9BFC7j2LGHpyIAF17IQKVS0G7nZXU/1920x1080.jpg?blurred=false"></icon><desc>Zendpauze</desc><category></category></programme><programme channel="3268" start="20221121110000 +0000" stop="20221121170000 +0000" catchup-id="899285766"><title>Zendpauze</title><date></date><icon src="https://images.tv.kpn.com/epg/1ea8JAFvDqu2MlW9BFC7j2LGHpyIAF17IQKVS0G7nZXU/1920x1080.jpg?blurred=false"></icon><desc>Zendpauze</desc><category></category></programme><programme channel="3268" start="20221121170000 +0000" stop="20221121230000 +0000" catchup-id="899285769"><title>Zendpauze</title><date></date><icon src="https://images.tv.kpn.com/epg/1ea8JAFvDqu2MlW9BFC7j2LGHpyIAF17IQKVS0G7nZXU/1920x1080.jpg?blurred=false"></icon><desc>Zendpauze</desc><category></category></programme><programme channel="3268" start="20221121230000 +0000" stop="20221122050000 +0000" catchup-id="899285772"><title>Zendpauze</title><date></date><icon src="https://images.tv.kpn.com/epg/1ea8JAFvDqu2MlW9BFC7j2LGHpyIAF17IQKVS0G7nZXU/1920x1080.jpg?blurred=false"></icon><desc>Zendpauze</desc><category></category></programme><programme channel="3268" start="20221122050000 +0000" stop="20221122110000 +0000" catchup-id="899332683"><title>Zendpauze</title><date></date><icon src="https://images.tv.kpn.com/epg/1ea8JAFvDqu2MlW9BFC7j2LGHpyIAF17IQKVS0G7nZXU/1920x1080.jpg?blurred=false"></icon><desc>Zendpauze</desc><category></category></programme><programme channel="3268" start="20221122110000 +0000" stop="20221122170000 +0000" catchup-id="899332686"><title>Zendpauze</title><date></date><icon src="https://images.tv.kpn.com/epg/1ea8JAFvDqu2MlW9BFC7j2LGHpyIAF17IQKVS0G7nZXU/1920x1080.jpg?blurred=false"></icon><desc>Zendpauze</desc><category></category></programme><programme channel="3268" start="20221122170000 +0000" stop="20221122230000 +0000" catchup-id="899332689"><title>Zendpauze</title><date></date><icon src="https://images.tv.kpn.com/epg/1ea8JAFvDqu2MlW9BFC7j2LGHpyIAF17IQKVS0G7nZXU/1920x1080.jpg?blurred=false"></icon><desc>Zendpauze</desc><category></category></programme><programme channel="3268" start="20221122230000 +0000" stop="20221123050000 +0000" catchup-id="899332692"><title>Zendpauze</title><date></date><icon src="https://images.tv.kpn.com/epg/1ea8JAFvDqu2MlW9BFC7j2LGHpyIAF17IQKVS0G7nZXU/1920x1080.jpg?blurred=false"></icon><desc>Zendpauze</desc><category></category></programme><programme channel="3268" start="20221123050000 +0000" stop="20221123110000 +0000" catchup-id="899382714"><title>Zendpauze</title><date></date><icon src="https://images.tv.kpn.com/epg/1ea8JAFvDqu2MlW9BFC7j2LGHpyIAF17IQKVS0G7nZXU/1920x1080.jpg?blurred=false"></icon><desc>Zendpauze</desc><category></category></programme><programme channel="3268" start="20221123110000 +0000" stop="20221123170000 +0000" catchup-id="899382717"><title>Zendpauze</title><date></date><icon src="https://images.tv.kpn.com/epg/1ea8JAFvDqu2MlW9BFC7j2LGHpyIAF17IQKVS0G7nZXU/1920x1080.jpg?blurred=false"></icon><desc>Zendpauze</desc><category></category></programme><programme channel="3268" start="20221123170000 +0000" stop="20221123230000 +0000" catchup-id="899382720"><title>Zendpauze</title><date></date><icon src="https://images.tv.kpn.com/epg/1ea8JAFvDqu2MlW9BFC7j2LGHpyIAF17IQKVS0G7nZXU/1920x1080.jpg?blurred=false"></icon><desc>Zendpauze</desc><category></category></programme><programme channel="3268" start="20221123230000 +0000" stop="20221124050000 +0000" catchup-id="899382723"><title>Zendpauze</title><date></date><icon src="https://images.tv.kpn.com/epg/1ea8JAFvDqu2MlW9BFC7j2LGHpyIAF17IQKVS0G7nZXU/1920x1080.jpg?blurred=false"></icon><desc>Zendpauze</desc><category></category></programme><programme channel="3268" start="20221124050000 +0000" stop="20221124110000 +0000" catchup-id="899425422"><title>Zendpauze</title><date></date><icon src="https://images.tv.kpn.com/epg/1ea8JAFvDqu2MlW9BFC7j2LGHpyIAF17IQKVS0G7nZXU/1920x1080.jpg?blurred=false"></icon><desc>Zendpauze</desc><category></category></programme><programme channel="3268" start="20221124110000 +0000" stop="20221124170000 +0000" catchup-id="899425425"><title>Zendpauze</title><date></date><icon src="https://images.tv.kpn.com/epg/1ea8JAFvDqu2MlW9BFC7j2LGHpyIAF17IQKVS0G7nZXU/1920x1080.jpg?blurred=false"></icon><desc>Zendpauze</desc><category></category></programme><programme channel="3268" start="20221124170000 +0000" stop="20221124230000 +0000" catchup-id="899425431"><title>Zendpauze</title><date></date><icon src="https://images.tv.kpn.com/epg/1ea8JAFvDqu2MlW9BFC7j2LGHpyIAF17IQKVS0G7nZXU/1920x1080.jpg?blurred=false"></icon><desc>Zendpauze</desc><category></category></programme><programme channel="3268" start="20221124230000 +0000" stop="20221125050000 +0000" catchup-id="899425434"><title>Zendpauze</title><date></date><icon src="https://images.tv.kpn.com/epg/1ea8JAFvDqu2MlW9BFC7j2LGHpyIAF17IQKVS0G7nZXU/1920x1080.jpg?blurred=false"></icon><desc>Zendpauze</desc><category></category></programme><programme channel="3268" start="20221125050000 +0000" stop="20221125110000 +0000" catchup-id="899467029"><title>Zendpauze</title><date></date><icon src="https://images.tv.kpn.com/epg/1ea8JAFvDqu2MlW9BFC7j2LGHpyIAF17IQKVS0G7nZXU/1920x1080.jpg?blurred=false"></icon><desc>Zendpauze</desc><category></category></programme><programme channel="3268" start="20221125110000 +0000" stop="20221125170000 +0000" catchup-id="899467032"><title>Zendpauze</title><date></date><icon src="https://images.tv.kpn.com/epg/1ea8JAFvDqu2MlW9BFC7j2LGHpyIAF17IQKVS0G7nZXU/1920x1080.jpg?blurred=false"></icon><desc>Zendpauze</desc><category></category></programme><programme channel="3268" start="20221125170000 +0000" stop="20221125230000 +0000" catchup-id="899467035"><title>Zendpauze</title><date></date><icon src="https://images.tv.kpn.com/epg/1ea8JAFvDqu2MlW9BFC7j2LGHpyIAF17IQKVS0G7nZXU/1920x1080.jpg?blurred=false"></icon><desc>Zendpauze</desc><category></category></programme><programme channel="3268" start="20221125230000 +0000" stop="20221126050000 +0000" catchup-id="899467038"><title>Zendpauze</title><date></date><icon src="https://images.tv.kpn.com/epg/1ea8JAFvDqu2MlW9BFC7j2LGHpyIAF17IQKVS0G7nZXU/1920x1080.jpg?blurred=false"></icon><desc>Zendpauze</desc><category></category></programme><programme channel="3268" start="20221126050000 +0000" stop="20221126110000 +0000" catchup-id="899507817"><title>Zendpauze</title><date></date><icon src="https://images.tv.kpn.com/epg/1ea8JAFvDqu2MlW9BFC7j2LGHpyIAF17IQKVS0G7nZXU/1920x1080.jpg?blurred=false"></icon><desc>Zendpauze</desc><category></category></programme><programme channel="3268" start="20221126110000 +0000" stop="20221126170000 +0000" catchup-id="899507820"><title>Zendpauze</title><date></date><icon src="https://images.tv.kpn.com/epg/1ea8JAFvDqu2MlW9BFC7j2LGHpyIAF17IQKVS0G7nZXU/1920x1080.jpg?blurred=false"></icon><desc>Zendpauze</desc><category></category></programme><programme channel="3268" start="20221126170000 +0000" stop="20221126230000 +0000" catchup-id="899507823"><title>Zendpauze</title><date></date><icon src="https://images.tv.kpn.com/epg/1ea8JAFvDqu2MlW9BFC7j2LGHpyIAF17IQKVS0G7nZXU/1920x1080.jpg?blurred=false"></icon><desc>Zendpauze</desc><category></category></programme><programme channel="3268" start="20221126230000 +0000" stop="20221127050000 +0000" catchup-id="899507826"><title>Zendpauze</title><date></date><icon src="https://images.tv.kpn.com/epg/1ea8JAFvDqu2MlW9BFC7j2LGHpyIAF17IQKVS0G7nZXU/1920x1080.jpg?blurred=false"></icon><desc>Zendpauze</desc><category></category></programme><programme channel="3268" start="20221127050000 +0000" stop="20221127110000 +0000" catchup-id="899554224"><title>Zendpauze</title><date></date><icon src="https://images.tv.kpn.com/epg/1ea8JAFvDqu2MlW9BFC7j2LGHpyIAF17IQKVS0G7nZXU/1920x1080.jpg?blurred=false"></icon><desc>Zendpauze</desc><category></category></programme><programme channel="3268" start="20221127110000 +0000" stop="20221127170000 +0000" catchup-id="899554227"><title>Zendpauze</title><date></date><icon src="https://images.tv.kpn.com/epg/1ea8JAFvDqu2MlW9BFC7j2LGHpyIAF17IQKVS0G7nZXU/1920x1080.jpg?blurred=false"></icon><desc>Zendpauze</desc><category></category></programme><programme channel="3268" start="20221127170000 +0000" stop="20221127230000 +0000" catchup-id="899554230"><title>Zendpauze</title><date></date><icon src="https://images.tv.kpn.com/epg/1ea8JAFvDqu2MlW9BFC7j2LGHpyIAF17IQKVS0G7nZXU/1920x1080.jpg?blurred=false"></icon><desc>Zendpauze</desc><category></category></programme><programme channel="3268" start="20221127230000 +0000" stop="20221128050000 +0000" catchup-id="899554233"><title>Zendpauze</title><date></date><icon src="https://images.tv.kpn.com/epg/1ea8JAFvDqu2MlW9BFC7j2LGHpyIAF17IQKVS0G7nZXU/1920x1080.jpg?blurred=false"></icon><desc>Zendpauze</desc><category></category></programme><programme channel="3268" start="20221128050000 +0000" stop="20221128110000 +0000" catchup-id="899598399"><title>Zendpauze</title><date></date><icon src="https://images.tv.kpn.com/epg/1ea8JAFvDqu2MlW9BFC7j2LGHpyIAF17IQKVS0G7nZXU/1920x1080.jpg?blurred=false"></icon><desc>Zendpauze</desc><category></category></programme><programme channel="3268" start="20221128110000 +0000" stop="20221128170000 +0000" catchup-id="899598402"><title>Zendpauze</title><date></date><icon src="https://images.tv.kpn.com/epg/1ea8JAFvDqu2MlW9BFC7j2LGHpyIAF17IQKVS0G7nZXU/1920x1080.jpg?blurred=false"></icon><desc>Zendpauze</desc><category></category></programme><programme channel="3268" start="20221128170000 +0000" stop="20221128230000 +0000" catchup-id="899598405"><title>Zendpauze</title><date></date><icon src="https://images.tv.kpn.com/epg/1ea8JAFvDqu2MlW9BFC7j2LGHpyIAF17IQKVS0G7nZXU/1920x1080.jpg?blurred=false"></icon><desc>Zendpauze</desc><category></category></programme><programme channel="3268" start="20221128230000 +0000" stop="20221129050000 +0000" catchup-id="899598408"><title>Zendpauze</title><date></date><icon src="https://images.tv.kpn.com/epg/1ea8JAFvDqu2MlW9BFC7j2LGHpyIAF17IQKVS0G7nZXU/1920x1080.jpg?blurred=false"></icon><desc>Zendpauze</desc><category></category></programme><programme channel="3268" start="20221129050000 +0000" stop="20221129110000 +0000" catchup-id="899643981"><title>Zendpauze</title><date></date><icon src="https://images.tv.kpn.com/epg/1ea8JAFvDqu2MlW9BFC7j2LGHpyIAF17IQKVS0G7nZXU/1920x1080.jpg?blurred=false"></icon><desc>Zendpauze</desc><category></category></programme><programme channel="3268" start="20221129110000 +0000" stop="20221129170000 +0000" catchup-id="899643984"><title>Zendpauze</title><date></date><icon src="https://images.tv.kpn.com/epg/1ea8JAFvDqu2MlW9BFC7j2LGHpyIAF17IQKVS0G7nZXU/1920x1080.jpg?blurred=false"></icon><desc>Zendpauze</desc><category></category></programme><programme channel="3268" start="20221129170000 +0000" stop="20221129230000 +0000" catchup-id="899643987"><title>Zendpauze</title><date></date><icon src="https://images.tv.kpn.com/epg/1ea8JAFvDqu2MlW9BFC7j2LGHpyIAF17IQKVS0G7nZXU/1920x1080.jpg?blurred=false"></icon><desc>Zendpauze</desc><category></category></programme><programme channel="3268" start="20221129230000 +0000" stop="20221130050000 +0000" catchup-id="899643990"><title>Zendpauze</title><date></date><icon src="https://images.tv.kpn.com/epg/1ea8JAFvDqu2MlW9BFC7j2LGHpyIAF17IQKVS0G7nZXU/1920x1080.jpg?blurred=false"></icon><desc>Zendpauze</desc><category></category></programme><programme channel="3268" start="20221130050000 +0000" stop="20221130110000 +0000" catchup-id="899689641"><title>Zendpauze</title><date></date><icon src="https://images.tv.kpn.com/epg/1ea8JAFvDqu2MlW9BFC7j2LGHpyIAF17IQKVS0G7nZXU/1920x1080.jpg?blurred=false"></icon><desc>Zendpauze</desc><category></category></programme><programme channel="3268" start="20221130110000 +0000" stop="20221130170000 +0000" catchup-id="899689644"><title>Zendpauze</title><date></date><icon src="https://images.tv.kpn.com/epg/1ea8JAFvDqu2MlW9BFC7j2LGHpyIAF17IQKVS0G7nZXU/1920x1080.jpg?blurred=false"></icon><desc>Zendpauze</desc><category></category></programme><programme channel="3268" start="20221130170000 +0000" stop="20221130230000 +0000" catchup-id="899689647"><title>Zendpauze</title><date></date><icon src="https://images.tv.kpn.com/epg/1ea8JAFvDqu2MlW9BFC7j2LGHpyIAF17IQKVS0G7nZXU/1920x1080.jpg?blurred=false"></icon><desc>Zendpauze</desc><category></category></programme><programme channel="3268" start="20221130230000 +0000" stop="20221201050000 +0000" catchup-id="899689650"><title>Zendpauze</title><date></date><icon src="https://images.tv.kpn.com/epg/1ea8JAFvDqu2MlW9BFC7j2LGHpyIAF17IQKVS0G7nZXU/1920x1080.jpg?blurred=false"></icon><desc>Zendpauze</desc><category></category></programme><programme channel="3268" start="20221201050000 +0000" stop="20221201110000 +0000" catchup-id="899732025"><title>Zendpauze</title><date></date><icon src="https://images.tv.kpn.com/epg/1ea8JAFvDqu2MlW9BFC7j2LGHpyIAF17IQKVS0G7nZXU/1920x1080.jpg?blurred=false"></icon><desc>Zendpauze</desc><category></category></programme><programme channel="3268" start="20221201110000 +0000" stop="20221201170000 +0000" catchup-id="899732028"><title>Zendpauze</title><date></date><icon src="https://images.tv.kpn.com/epg/1ea8JAFvDqu2MlW9BFC7j2LGHpyIAF17IQKVS0G7nZXU/1920x1080.jpg?blurred=false"></icon><desc>Zendpauze</desc><category></category></programme><programme channel="3268" start="20221201170000 +0000" stop="20221201230000 +0000" catchup-id="899732031"><title>Zendpauze</title><date></date><icon src="https://images.tv.kpn.com/epg/1ea8JAFvDqu2MlW9BFC7j2LGHpyIAF17IQKVS0G7nZXU/1920x1080.jpg?blurred=false"></icon><desc>Zendpauze</desc><category></category></programme><programme channel="3268" start="20221201230000 +0000" stop="20221202050000 +0000" catchup-id="899732034"><title>Zendpauze</title><date></date><icon src="https://images.tv.kpn.com/epg/1ea8JAFvDqu2MlW9BFC7j2LGHpyIAF17IQKVS0G7nZXU/1920x1080.jpg?blurred=false"></icon><desc>Zendpauze</desc><category></category></programme><programme channel="3268" start="20221202050000 +0000" stop="20221202230000 +0000" catchup-id="899732037"><title>Formula 1® bij Viaplay</title><date></date><icon src="https://images.tv.kpn.com/epg/misc-0225_VIAPLAY/1920x1080.jpg?blurred=false"></icon><desc>Kijk tijdelijk live Formule 1 op zaterdag en zondag op Viaplay Xtra</desc><category></category></programme>