{"1251421065":{"id":"1251421065","media_id":"","title":"Building Alaska","first":"B","description":"Drie mannen bouwen ieder eigenhandig een blokhut op een afgelegen locatie in Alaska. De blokhutten moeten klaar zijn voordat de winter invalt.","duration":"0","type":"show","seasons":"","icon":"https:\/\/t-mobiletv.nl:443\/CPS\/images\/universal\/film\/poster\/202207\/20220728\/52\/202207281905147158ie.jpg","category":"Documentaire","vidcollection":"","ord":"46","datum":"20201229"},"1268686284":{"id":"1268686284","media_id":"","title":"Celebrity Iou Joyride","first":"C","description":"Ant en Cristy helpen Tony Hawk die zijn officemanager wil verrassen met de ultieme kampeerervaring. Ze rusten een vintage VW-kampeerbus uit met allerlei moderne voorzieningen.","duration":"0","type":"show","seasons":"","icon":"https:\/\/t-mobiletv.nl:443\/CPS\/images\/universal\/film\/poster\/202209\/20220908\/79\/20220908130514712nf4.jpg","category":"Documentaire","vidcollection":"","ord":"8","datum":"20220527"},"1251417943":{"id":"1251417943","media_id":"","title":"Citizen P.I.","first":"C","description":"In Malibu Creek State Park wordt een kamperende jonge vader in zijn tent doodgeschoten. Journalist CeCe Woods ontdekt vervolgens een reeks andere niet-aangegeven beschietingen.","duration":"0","type":"show","seasons":"","icon":"https:\/\/t-mobiletv.nl:443\/CPS\/images\/universal\/film\/poster\/202207\/20220728\/93\/20220728180515514eae.jpg","category":"Documentaire","vidcollection":"","ord":"4","datum":"20211229"},"1251421066":{"id":"1251421066","media_id":"","title":"Code Of The Wild","first":"C","description":"Chris en Casey gaan in het hart van Alaska op zoek naar sporen van een vliegtuig dat 47 jaar geleden neerstortte met twee politici aan boord. Kunnen ze het oude mysterie oplossen?","duration":"0","type":"show","seasons":"","icon":"https:\/\/t-mobiletv.nl:443\/CPS\/images\/universal\/film\/poster\/202207\/20220728\/33\/20220728190515515dwy.jpg","category":"Documentaire","vidcollection":"","ord":"47","datum":"20201018"},"1251418831":{"id":"1251418831","media_id":"","title":"Crime Scene Confidential","first":"C","description":"Forensisch onderzoeker Alina Burroughs kijkt terug op een van haar beruchtste zaken, de tragische dood van de 2-jarige Caylee Anthony, en vertelt de onbekende kant van het verhaal.","duration":"0","type":"show","seasons":"","icon":"https:\/\/t-mobiletv.nl:443\/CPS\/images\/universal\/film\/poster\/202207\/20220728\/21\/202207281805147109g7.jpg","category":"Documentaire","vidcollection":"","ord":"3","datum":"20220420"},"1268687723":{"id":"1268687723","media_id":"","title":"Dirty Jobs","first":"D","description":"Mike Rowe gaat in Georgia samen met vissers aan de slag om kwallen te oogsten voor consumptie. Daarna helpt hij bij het aanbrengen van een epoxyvloer in een restaurant.","duration":"0","type":"show","seasons":"","icon":"https:\/\/t-mobiletv.nl:443\/CPS\/images\/universal\/film\/poster\/202209\/20220908\/88\/20220908150514722ubd.jpg","category":"Documentaire","vidcollection":"","ord":"10","datum":"20220225"},"1268686285":{"id":"1268686285","media_id":"","title":"Disappeared","first":"D","description":"De 18-jarige Zoe Campos verdwijnt plotseling nadat ze een avond thuis films heeft gekeken. Rechercheurs doorzoeken haar Facebook-pagina naar aanwijzingen.","duration":"0","type":"show","seasons":"","icon":"https:\/\/t-mobiletv.nl:443\/CPS\/images\/universal\/film\/poster\/202209\/20220908\/82\/20220908130514711njq.jpg","category":"Documentaire","vidcollection":"","ord":"13","datum":"20210126"},"1283132452":{"id":"1283132452","media_id":"","title":"Evan Goes Wild","first":"E","description":"Evan is op een Tahitiaans eiland waar hij met bultruggen zwemt. Hij helpt ook bij het verzamelen van DNA-materiaal van citroenhaaien en redt kittens die op straat zijn gedumpt.","duration":"0","type":"show","seasons":"","icon":"https:\/\/t-mobiletv.nl:443\/CPS\/images\/universal\/film\/poster\/202210\/20221013\/65\/20221013220515518ms6.jpg","category":"Documentaire","vidcollection":"","ord":"4","datum":"20201124"},"1268687549":{"id":"1268687549","media_id":"","title":"Gold Divers","first":"G","description":"Vanwege de zomerhitte moeten de mijnwerkers nieuwe strategie\u00ebn bedenken. Shawn is in een juridische strijd verwikkeld en Emily en de Kelly's willen hun activiteiten uitbreiden.","duration":"0","type":"show","seasons":"","icon":"https:\/\/t-mobiletv.nl:443\/CPS\/images\/universal\/film\/poster\/202209\/20220908\/37\/202209081405147109ju.jpg","category":"Documentaire","vidcollection":"","ord":"9","datum":"20201011"},"1251397898":{"id":"1251397898","media_id":"","title":"Gold Rush: Dave Turin's Lost Mine","first":"G","description":"Uitgerust met een nieuwe wasinstallatie gaat team Turin aan het werk in een mijn in Colorado. Maar het project komt in gevaar door ongewenste aandacht van de lokale gemeenschap.","duration":"0","type":"show","seasons":"","icon":"https:\/\/t-mobiletv.nl:443\/CPS\/images\/universal\/film\/poster\/202207\/20220728\/47\/20220728170515516lzz.jpg","category":"Documentaire","vidcollection":"","ord":"45","datum":"20210816"},"1283132478":{"id":"1283132478","media_id":"","title":"Hot & Heavy","first":"H","description":"Het is spannend om een relatie met iemand te hebben, maar ook uitdagend. Wat gebeurt er als een van de partners aan extreem overgewicht lijdt en de ander zeer aantrekkelijk is?","duration":"0","type":"show","seasons":"","icon":"https:\/\/t-mobiletv.nl:443\/CPS\/images\/universal\/film\/poster\/202210\/20221013\/57\/20221013220514720wcr.jpg","category":"Documentaire","vidcollection":"","ord":"6","datum":"20201109"},"1268686283":{"id":"1268686283","media_id":"","title":"Hunt For The Chicago Strangler, The","first":"H","description":"Het grote aantal onopgeloste moorden op vooral zwarte vrouwen in Chicago leidt tot onrust. De politie zegt de moorden te onderzoeken, maar er lijken duistere zaken te gebeuren.","duration":"0","type":"show","seasons":"","icon":"https:\/\/t-mobiletv.nl:443\/CPS\/images\/universal\/film\/poster\/202209\/20220908\/34\/202209081305155119ev.jpg","category":"Documentaire","vidcollection":"","ord":"14","datum":"20220531"},"1268687724":{"id":"1268687724","media_id":"","title":"I Am Jazz","first":"I","description":"Jazz wil een actiever sociaal leven en besluit te gaan daten. Maar ze verbergt een duister geheim voor haar familie. Dat kan haar nog lelijk opbreken.","duration":"0","type":"show","seasons":"","icon":"https:\/\/t-mobiletv.nl:443\/CPS\/images\/universal\/film\/poster\/202209\/20220908\/12\/20220908150514724aml.jpg","category":"Documentaire","vidcollection":"","ord":"11","datum":"20201115"},"1251421064":{"id":"1251421064","media_id":"","title":"I Love a Mama's Boy","first":"I","description":"Vrouwen die daten met een moederskindje ondervinden dat de moeder van hun vriend soms zo overheersend is dat het lijkt alsof ze een driehoeksverhouding hebben!","duration":"0","type":"show","seasons":"","icon":"https:\/\/t-mobiletv.nl:443\/CPS\/images\/universal\/film\/poster\/202207\/20220728\/26\/20220728190515516e26.jpg","category":"Documentaire","vidcollection":"","ord":"1","datum":"20211111"},"1283129199":{"id":"1283129199","media_id":"","title":"Kevin Hart's Muscle Car Crew","first":"K","description":"Kevin Hart en zijn Plastic Cup Boyz willen van hun passie voor auto's hun werk maken, maar daarvoor hebben ze een gedegen kennis van auto's en de autocultuur nodig.","duration":"0","type":"show","seasons":"","icon":"https:\/\/t-mobiletv.nl:443\/CPS\/images\/universal\/film\/poster\/202210\/20221013\/26\/20221013210519707qy6.jpg","category":"Documentaire","vidcollection":"","ord":"1","datum":"20220701"},"1251418832":{"id":"1251418832","media_id":"","title":"Kids Baking Championship","first":"K","description":"De bakkers moeten twee overheerlijke meesterwerken afleveren voor de verkoop. Tijdens de wedstrijd geven Duff en Valerie de kinderen nog een verrassingsopdracht.","duration":"0","type":"show","seasons":"","icon":"https:\/\/t-mobiletv.nl:443\/CPS\/images\/universal\/film\/poster\/202207\/20220728\/52\/202207281805147475kj.jpg","category":"Documentaire","vidcollection":"","ord":"50","datum":"20210101"},"1283132479":{"id":"1283132479","media_id":"","title":"Life at Vet University","first":"L","description":"Het studiejaar is in volle gang en over een paar maanden zullen de studenten afstuderen. Ze staan onder grote druk omdat ze ook nog moeten slagen voor hun laatste stage.","duration":"0","type":"show","seasons":"","icon":"https:\/\/t-mobiletv.nl:443\/CPS\/images\/universal\/film\/poster\/202210\/20221013\/77\/20221013220514728gwr.jpg","category":"Documentaire","vidcollection":"","ord":"3","datum":"20210130"},"1251418833":{"id":"1251418833","media_id":"","title":"My Fat Pet","first":"M","description":"Travis moet alle zeilen bijzetten om een kat van elf kilo te helpen. Het dier misdraagt zich als er niet 24 uur per dag eten voor hem klaarstaat.","duration":"0","type":"show","seasons":"","icon":"https:\/\/t-mobiletv.nl:443\/CPS\/images\/universal\/film\/poster\/202207\/20220728\/15\/20220728180514710yk7.jpg","category":"Documentaire","vidcollection":"","ord":"48","datum":"20220308"},"1283128413":{"id":"1283128413","media_id":"","title":"Outback Opal Hunters","first":"O","description":"De toekomst van de Young Guns is onzeker wanneer James gewond raakt. De Bushmen vinden opaal bij de grens van hun concessie en de Cheals worden gehinderd door zware regenval.","duration":"0","type":"show","seasons":"","icon":"https:\/\/t-mobiletv.nl:443\/CPS\/images\/universal\/film\/poster\/202210\/20221013\/75\/20221013210520524hhe.jpg","category":"Documentaire","vidcollection":"","ord":"2","datum":"20221007"},"1251421063":{"id":"1251421063","media_id":"","title":"Predator At Large","first":"P","description":"Een kind wordt ontvoerd tijdens het spelen met een vriend voor hun rustige appartementencomplex. De politie moet duizenden sporen uitzoeken om de waarheid te achterhalen.","duration":"0","type":"show","seasons":"","icon":"https:\/\/t-mobiletv.nl:443\/CPS\/images\/universal\/film\/poster\/202207\/20220728\/28\/20220728190514716qbl.jpg","category":"Documentaire","vidcollection":"","ord":"5","datum":"20210510"},"1251400278":{"id":"1251400278","media_id":"","title":"Reasonable Doubt","first":"R","description":"Veteraan Tim Wright zit in de gevangenis voor de moord op de ex van zijn vriendin, maar volgens zijn familie is hij onschuldig. Ze vragen onderzoekers om de zaak te heropenen.","duration":"0","type":"show","seasons":"","icon":"https:\/\/t-mobiletv.nl:443\/CPS\/images\/universal\/film\/poster\/202207\/20220728\/79\/20220728170514710ccm.jpg","category":"Documentaire","vidcollection":"","ord":"2","datum":"20220131"},"1268687665":{"id":"1268687665","media_id":"","title":"Rock The Block","first":"R","description":"Drew Scott trapt de wedstrijd af door de designers ieder een master suite toe te wijzen. En vastgoedexpert Tarek El Moussa kiest de winnaar van de week.","duration":"0","type":"show","seasons":"","icon":"https:\/\/t-mobiletv.nl:443\/CPS\/images\/universal\/film\/poster\/202209\/20220908\/94\/20220908150515518jls.jpg","category":"Documentaire","vidcollection":"","ord":"12","datum":"20201111"},"1283132451":{"id":"1283132451","media_id":"","title":"The Blended Bunch","first":"T","description":"In een stadje in Utah vormen Erica en Spencer Shemwell met hun elf kinderen een hedendaagse 'Brady Bunch'. Maar het samenvoegen van twee gezinnen verloopt niet altijd vlekkeloos!","duration":"0","type":"show","seasons":"","icon":"https:\/\/t-mobiletv.nl:443\/CPS\/images\/universal\/film\/poster\/202210\/20221013\/58\/20221013220515519e9w.jpg","category":"Documentaire","vidcollection":"","ord":"5","datum":"20220309"},"1251417942":{"id":"1251417942","media_id":"","title":"Too Large","first":"T","description":"Meghan kampt met gezondheidsproblemen en hoopt samen met haar beste vriendin Vanessa, die eveneens obesitas heeft, een gewichtsverminderende operatie te ondergaan.","duration":"0","type":"show","seasons":"","icon":"https:\/\/t-mobiletv.nl:443\/CPS\/images\/universal\/film\/poster\/202207\/20220728\/4\/20220728180515516iis.jpg","category":"Documentaire","vidcollection":"","ord":"49","datum":"20220117"},"1283129198":{"id":"1283129198","media_id":"","title":"Who Killed Biggie and Tupac?","first":"W","description":"Na 25 jaar van controverses en speculaties blijft nog altijd de vraag wie Biggie en Tupac heeft vermoord. Een nieuwe kijk op de twee schietincidenten biedt antwoorden.","duration":"0","type":"show","seasons":"","icon":"https:\/\/t-mobiletv.nl:443\/CPS\/images\/universal\/film\/poster\/202210\/20221013\/62\/202210132105197114kj.jpg","category":"Documentaire","vidcollection":"","ord":"7","datum":"20220907"}}