{"result":{"retMsg":"QueryEpisodes success.","retCode":"000000000"},"total":"10","episodes":[{"VOD":{"isSubscribed":"0","extensionFields":[],"price":"-1","ID":"1067822253","contentType":"VIDEO_VOD","bizDomains":["2"],"clipNumbers":[{"values":["0"],"key":"WONDERFULMOMENTS"},{"values":["0"],"key":"WONDERFULCLIPS"},{"values":["0"],"key":"ACTORSEGMENTS"}],"name":"Second Chance","code":"EHD_296468G","customFields":[{"values":["2022-02-28T00:00:00"],"key":"Licensing_Window_End"}],"cpId":"310303","mediaFiles":[{"preview":"0","isDownload":"0","code":"EHD_296468G_dash","customFields":[],"maxBitrate":"4.398","bitrate":"4398","userGroupIds":["-1"],"elapseTime":"2648","multiBitrates":[],"extensionFields":[],"formatOf3D":"1","encrypt":"1","uploadType":"0","definition":"1","ID":"1067822254","dimension":"2","videoCodec":"H.264","bizDomains":["2"],"CGMSA":"0","fps":"30.0","macrovision":"0","mediaHDRType":"0","isVRContent":"0","supportTerminals":[],"fileSize":"1455738000","analogOutputEnable":"1","HDCPEnable":"0","fileFormat":"4"}],"custContentType":"1","preRelease":"0","averageScore":"0.0","areaCodes":["21"],"picture":{"hcsSlaveAddrs":[],"drafts":["https:\/\/t-mobiletv.nl:443\/CPS\/images\/universal\/film\/poster\/202110\/20211013\/93\/202110131959038805a4.jpg"],"extensionFields":[],"stills":["https:\/\/t-mobiletv.nl:443\/CPS\/images\/universal\/film\/poster\/202110\/20211013\/16\/20211013195903880zbe.jpg"],"others":[]}},"sitcomNO":"1"},{"VOD":{"isSubscribed":"0","extensionFields":[],"price":"-1","ID":"1067855476","contentType":"VIDEO_VOD","bizDomains":["2"],"clipNumbers":[{"values":["0"],"key":"WONDERFULMOMENTS"},{"values":["0"],"key":"WONDERFULCLIPS"},{"values":["0"],"key":"ACTORSEGMENTS"}],"name":"Plus-One","code":"EHD_296469G","customFields":[{"values":["2022-02-28T00:00:00"],"key":"Licensing_Window_End"}],"cpId":"310303","mediaFiles":[{"preview":"0","isDownload":"0","code":"EHD_296469G_dash","customFields":[],"maxBitrate":"4.398","bitrate":"4398","userGroupIds":["-1"],"elapseTime":"2635","multiBitrates":[],"extensionFields":[],"formatOf3D":"1","encrypt":"1","uploadType":"0","definition":"1","ID":"1067855477","dimension":"2","videoCodec":"H.264","bizDomains":["2"],"CGMSA":"0","fps":"30.0","macrovision":"0","mediaHDRType":"0","isVRContent":"0","supportTerminals":[],"fileSize":"1448591250","analogOutputEnable":"1","HDCPEnable":"0","fileFormat":"4"}],"custContentType":"1","preRelease":"0","averageScore":"0.0","areaCodes":["21"],"picture":{"hcsSlaveAddrs":[],"drafts":["https:\/\/t-mobiletv.nl:443\/CPS\/images\/universal\/film\/poster\/202110\/20211013\/37\/20211013215905812vg4.jpg"],"extensionFields":[],"stills":["https:\/\/t-mobiletv.nl:443\/CPS\/images\/universal\/film\/poster\/202110\/20211013\/96\/20211013215905812sv8.jpg"],"others":[]}},"sitcomNO":"2"},{"VOD":{"isSubscribed":"0","extensionFields":[],"price":"-1","ID":"1067855479","contentType":"VIDEO_VOD","bizDomains":["2"],"clipNumbers":[{"values":["0"],"key":"WONDERFULMOMENTS"},{"values":["0"],"key":"WONDERFULCLIPS"},{"values":["0"],"key":"ACTORSEGMENTS"}],"name":"Unmasked","code":"EHD_296470F","customFields":[{"values":["2022-02-28T00:00:00"],"key":"Licensing_Window_End"}],"cpId":"310303","mediaFiles":[{"preview":"0","isDownload":"0","code":"EHD_296470F_dash","customFields":[],"maxBitrate":"4.398","bitrate":"4398","userGroupIds":["-1"],"elapseTime":"2656","multiBitrates":[],"extensionFields":[],"formatOf3D":"1","encrypt":"1","uploadType":"0","definition":"1","ID":"1067855480","dimension":"2","videoCodec":"H.264","bizDomains":["2"],"CGMSA":"0","fps":"30.0","macrovision":"0","mediaHDRType":"0","isVRContent":"0","supportTerminals":[],"fileSize":"1460136000","analogOutputEnable":"1","HDCPEnable":"0","fileFormat":"4"}],"custContentType":"1","preRelease":"0","averageScore":"0.0","areaCodes":["21"],"picture":{"hcsSlaveAddrs":[],"drafts":["https:\/\/t-mobiletv.nl:443\/CPS\/images\/universal\/film\/poster\/202110\/20211013\/83\/20211013223414774iq8.jpg"],"extensionFields":[],"stills":["https:\/\/t-mobiletv.nl:443\/CPS\/images\/universal\/film\/poster\/202110\/20211013\/64\/20211013223414774sub.jpg"],"others":[]}},"sitcomNO":"3"},{"VOD":{"isSubscribed":"0","extensionFields":[],"price":"-1","ID":"1067821372","contentType":"VIDEO_VOD","bizDomains":["2"],"clipNumbers":[{"values":["0"],"key":"WONDERFULMOMENTS"},{"values":["0"],"key":"WONDERFULCLIPS"},{"values":["0"],"key":"ACTORSEGMENTS"}],"name":"Ghost From The Past","code":"EHD_296471F","customFields":[{"values":["2022-02-28T00:00:00"],"key":"Licensing_Window_End"}],"cpId":"310303","mediaFiles":[{"preview":"0","isDownload":"0","code":"EHD_296471F_dash","customFields":[],"maxBitrate":"4.398","bitrate":"4398","userGroupIds":["-1"],"elapseTime":"2650","multiBitrates":[],"extensionFields":[],"formatOf3D":"1","encrypt":"1","uploadType":"0","definition":"1","ID":"1067821373","dimension":"2","videoCodec":"H.264","bizDomains":["2"],"CGMSA":"0","fps":"30.0","macrovision":"0","mediaHDRType":"0","isVRContent":"0","supportTerminals":[],"fileSize":"1456837500","analogOutputEnable":"1","HDCPEnable":"0","fileFormat":"4"}],"custContentType":"1","preRelease":"0","averageScore":"0.0","areaCodes":["21"],"picture":{"hcsSlaveAddrs":[],"drafts":["https:\/\/t-mobiletv.nl:443\/CPS\/images\/universal\/film\/poster\/202110\/20211013\/65\/20211013195748052l42.jpg"],"extensionFields":[],"stills":["https:\/\/t-mobiletv.nl:443\/CPS\/images\/universal\/film\/poster\/202110\/20211013\/96\/20211013195748052xxq.jpg"],"others":[]}},"sitcomNO":"4"},{"VOD":{"isSubscribed":"0","extensionFields":[],"price":"-1","ID":"1067855473","contentType":"VIDEO_VOD","bizDomains":["2"],"clipNumbers":[{"values":["0"],"key":"WONDERFULMOMENTS"},{"values":["0"],"key":"WONDERFULCLIPS"},{"values":["0"],"key":"ACTORSEGMENTS"}],"name":"It Was All Of Them","code":"EHD_296472G","customFields":[{"values":["2022-02-28T00:00:00"],"key":"Licensing_Window_End"}],"cpId":"310303","mediaFiles":[{"preview":"0","isDownload":"0","code":"EHD_296472G_dash","customFields":[],"maxBitrate":"4.398","bitrate":"4398","userGroupIds":["-1"],"elapseTime":"2625","multiBitrates":[],"extensionFields":[],"formatOf3D":"1","encrypt":"1","uploadType":"0","definition":"1","ID":"1067855474","dimension":"2","videoCodec":"H.264","bizDomains":["2"],"CGMSA":"0","fps":"30.0","macrovision":"0","mediaHDRType":"0","isVRContent":"0","supportTerminals":[],"fileSize":"1443093750","analogOutputEnable":"1","HDCPEnable":"0","fileFormat":"4"}],"custContentType":"1","preRelease":"0","averageScore":"0.0","areaCodes":["21"],"picture":{"hcsSlaveAddrs":[],"drafts":["https:\/\/t-mobiletv.nl:443\/CPS\/images\/universal\/film\/poster\/202110\/20211013\/36\/202110132230454487wt.jpg"],"extensionFields":[],"stills":["https:\/\/t-mobiletv.nl:443\/CPS\/images\/universal\/film\/poster\/202110\/20211013\/20\/20211013223045448c9h.jpg"],"others":[]}},"sitcomNO":"5"},{"VOD":{"isSubscribed":"0","extensionFields":[],"price":"-1","ID":"1069363588","contentType":"VIDEO_VOD","bizDomains":["2"],"clipNumbers":[{"values":["0"],"key":"WONDERFULMOMENTS"},{"values":["0"],"key":"WONDERFULCLIPS"},{"values":["0"],"key":"ACTORSEGMENTS"}],"name":"Nothing Can Stop Us","code":"EHD_296473G","customFields":[{"values":["2022-02-28T00:00:00"],"key":"Licensing_Window_End"}],"cpId":"310303","mediaFiles":[{"preview":"0","isDownload":"0","code":"EHD_296473G_dash","customFields":[],"maxBitrate":"4.398","bitrate":"4398","userGroupIds":["-1"],"elapseTime":"2650","multiBitrates":[],"extensionFields":[],"formatOf3D":"1","encrypt":"1","uploadType":"0","definition":"1","ID":"1069363589","dimension":"2","videoCodec":"H.264","bizDomains":["2"],"CGMSA":"0","fps":"30.0","macrovision":"0","mediaHDRType":"0","isVRContent":"0","supportTerminals":[],"fileSize":"1456837500","analogOutputEnable":"1","HDCPEnable":"0","fileFormat":"4"}],"custContentType":"1","preRelease":"0","averageScore":"0.0","areaCodes":["21"],"picture":{"hcsSlaveAddrs":[],"drafts":["https:\/\/t-mobiletv.nl:443\/CPS\/images\/universal\/film\/poster\/202110\/20211016\/52\/20211016005507267ela.jpg"],"extensionFields":[],"stills":["https:\/\/t-mobiletv.nl:443\/CPS\/images\/universal\/film\/poster\/202110\/20211016\/66\/20211016005507267t1n.jpg"],"others":[]}},"sitcomNO":"6"},{"VOD":{"isSubscribed":"0","extensionFields":[],"price":"-1","ID":"1067855467","contentType":"VIDEO_VOD","bizDomains":["2"],"clipNumbers":[{"values":["0"],"key":"WONDERFULMOMENTS"},{"values":["0"],"key":"WONDERFULCLIPS"},{"values":["0"],"key":"ACTORSEGMENTS"}],"name":"Everyone's Favorite Uncle","code":"EHD_296474G","customFields":[{"values":["2022-02-28T00:00:00"],"key":"Licensing_Window_End"}],"cpId":"310303","mediaFiles":[{"preview":"0","isDownload":"0","code":"EHD_296474G_dash","customFields":[],"maxBitrate":"4.398","bitrate":"4398","userGroupIds":["-1"],"elapseTime":"2635","multiBitrates":[],"extensionFields":[],"formatOf3D":"1","encrypt":"1","uploadType":"0","definition":"1","ID":"1067855468","dimension":"2","videoCodec":"H.264","bizDomains":["2"],"CGMSA":"0","fps":"30.0","macrovision":"0","mediaHDRType":"0","isVRContent":"0","supportTerminals":[],"fileSize":"1448591250","analogOutputEnable":"1","HDCPEnable":"0","fileFormat":"4"}],"custContentType":"1","preRelease":"0","averageScore":"0.0","areaCodes":["21"],"picture":{"hcsSlaveAddrs":[],"drafts":["https:\/\/t-mobiletv.nl:443\/CPS\/images\/universal\/film\/poster\/202110\/20211013\/97\/20211013210751535k7d.jpg"],"extensionFields":[],"stills":["https:\/\/t-mobiletv.nl:443\/CPS\/images\/universal\/film\/poster\/202110\/20211013\/60\/20211013210751535miv.jpg"],"others":[]}},"sitcomNO":"7"},{"VOD":{"isSubscribed":"0","extensionFields":[],"price":"-1","ID":"1067859413","contentType":"VIDEO_VOD","bizDomains":["2"],"clipNumbers":[{"values":["0"],"key":"WONDERFULMOMENTS"},{"values":["0"],"key":"WONDERFULCLIPS"},{"values":["0"],"key":"ACTORSEGMENTS"}],"name":"Out Of His Shell","code":"EHD_296475G","customFields":[{"values":["2022-02-28T00:00:00"],"key":"Licensing_Window_End"}],"cpId":"310303","mediaFiles":[{"preview":"0","isDownload":"0","code":"EHD_296475G_dash","customFields":[],"maxBitrate":"4.398","bitrate":"4398","userGroupIds":["-1"],"elapseTime":"2632","multiBitrates":[],"extensionFields":[],"formatOf3D":"1","encrypt":"1","uploadType":"0","definition":"1","ID":"1067859414","dimension":"2","videoCodec":"H.264","bizDomains":["2"],"CGMSA":"0","fps":"30.0","macrovision":"0","mediaHDRType":"0","isVRContent":"0","supportTerminals":[],"fileSize":"1446942000","analogOutputEnable":"1","HDCPEnable":"0","fileFormat":"4"}],"custContentType":"1","preRelease":"0","averageScore":"0.0","areaCodes":["21"],"picture":{"hcsSlaveAddrs":[],"drafts":["https:\/\/t-mobiletv.nl:443\/CPS\/images\/universal\/film\/poster\/202110\/20211013\/64\/2021101321585911958q.jpg"],"extensionFields":[],"stills":["https:\/\/t-mobiletv.nl:443\/CPS\/images\/universal\/film\/poster\/202110\/20211013\/30\/202110132158591196ep.jpg"],"others":[]}},"sitcomNO":"8"},{"VOD":{"isSubscribed":"0","extensionFields":[],"price":"-1","ID":"1069371651","contentType":"VIDEO_VOD","bizDomains":["2"],"clipNumbers":[{"values":["0"],"key":"WONDERFULMOMENTS"},{"values":["0"],"key":"WONDERFULCLIPS"},{"values":["0"],"key":"ACTORSEGMENTS"}],"name":"Life in Florida","code":"EHD_296476G","customFields":[{"values":["2022-02-28T00:00:00"],"key":"Licensing_Window_End"}],"cpId":"310303","mediaFiles":[{"preview":"0","isDownload":"0","code":"EHD_296476G_dash","customFields":[],"maxBitrate":"4.398","bitrate":"4398","userGroupIds":["-1"],"elapseTime":"2650","multiBitrates":[],"extensionFields":[],"formatOf3D":"1","encrypt":"1","uploadType":"0","definition":"1","ID":"1069371652","dimension":"2","videoCodec":"H.264","bizDomains":["2"],"CGMSA":"0","fps":"30.0","macrovision":"0","mediaHDRType":"0","isVRContent":"0","supportTerminals":[],"fileSize":"1456837500","analogOutputEnable":"1","HDCPEnable":"0","fileFormat":"4"}],"custContentType":"1","preRelease":"0","averageScore":"0.0","areaCodes":["21"],"picture":{"hcsSlaveAddrs":[],"drafts":["https:\/\/t-mobiletv.nl:443\/CPS\/images\/universal\/film\/poster\/202110\/20211016\/8\/20211016005307235vim.jpg"],"extensionFields":[],"stills":["https:\/\/t-mobiletv.nl:443\/CPS\/images\/universal\/film\/poster\/202110\/20211016\/11\/202110160053072356ab.jpg"],"others":[]}},"sitcomNO":"9"},{"VOD":{"isSubscribed":"0","extensionFields":[],"price":"-1","ID":"1067859422","contentType":"VIDEO_VOD","bizDomains":["2"],"clipNumbers":[{"values":["0"],"key":"WONDERFULMOMENTS"},{"values":["0"],"key":"WONDERFULCLIPS"},{"values":["0"],"key":"ACTORSEGMENTS"}],"name":"Hoop Dreams","code":"EHD_296477G","customFields":[{"values":["2022-02-28T00:00:00"],"key":"Licensing_Window_End"}],"cpId":"310303","mediaFiles":[{"preview":"0","isDownload":"0","code":"EHD_296477G_dash","customFields":[],"maxBitrate":"4.398","bitrate":"4398","userGroupIds":["-1"],"elapseTime":"2662","multiBitrates":[],"extensionFields":[],"formatOf3D":"1","encrypt":"1","uploadType":"0","definition":"1","ID":"1067859423","dimension":"2","videoCodec":"H.264","bizDomains":["2"],"CGMSA":"0","fps":"30.0","macrovision":"0","mediaHDRType":"0","isVRContent":"0","supportTerminals":[],"fileSize":"1463434500","analogOutputEnable":"1","HDCPEnable":"0","fileFormat":"4"}],"custContentType":"1","preRelease":"0","averageScore":"0.0","areaCodes":["21"],"picture":{"hcsSlaveAddrs":[],"drafts":["https:\/\/t-mobiletv.nl:443\/CPS\/images\/universal\/film\/poster\/202110\/20211013\/24\/20211013223214922x51.jpg"],"extensionFields":[],"stills":["https:\/\/t-mobiletv.nl:443\/CPS\/images\/universal\/film\/poster\/202110\/20211013\/20\/20211013223214922gc9.jpg"],"others":[]}},"sitcomNO":"10"}]}