{"result":{"retMsg":"QueryEpisodes success.","retCode":"000000000"},"total":"1","episodes":[{"VOD":{"isSubscribed":"0","extensionFields":[],"price":"-1","ID":"1067859406","contentType":"VIDEO_VOD","bizDomains":["2"],"clipNumbers":[{"values":["0"],"key":"WONDERFULMOMENTS"},{"values":["0"],"key":"WONDERFULCLIPS"},{"values":["0"],"key":"ACTORSEGMENTS"}],"name":"Wheeler Dealers","maxSitcomNO":"16","code":"25323116","customFields":[{"values":["a,g"],"key":"advisories"}],"cpId":"310303","preRelease":"0","averageScore":"8.0","areaCodes":["21"],"picture":{"hcsSlaveAddrs":[],"posters":["https:\/\/t-mobiletv.nl:443\/CPS\/images\/universal\/film\/poster\/202110\/20211028\/91\/20211028111558755om3.jpg"],"drafts":["https:\/\/t-mobiletv.nl:443\/CPS\/images\/universal\/film\/poster\/202110\/20211013\/56\/202110131925154758uu.jpg"],"extensionFields":[],"stills":["https:\/\/t-mobiletv.nl:443\/CPS\/images\/universal\/film\/poster\/202110\/20211013\/62\/202110131925154754q8.jpg"],"others":[]}},"sitcomNO":"16"}]}