{"result":{"retMsg":"QueryEpisodes success.","retCode":"000000000"},"total":"1","episodes":[{"VOD":{"isSubscribed":"0","extensionFields":[],"price":"-1","ID":"1009931605","contentType":"VIDEO_VOD","bizDomains":["2"],"clipNumbers":[{"values":["0"],"key":"WONDERFULMOMENTS"},{"values":["0"],"key":"WONDERFULCLIPS"},{"values":["0"],"key":"ACTORSEGMENTS"}],"name":"sMothered","maxSitcomNO":"10","code":"2532522","customFields":[{"values":["a,g"],"key":"advisories"}],"cpId":"310303","preRelease":"0","averageScore":"6.5","areaCodes":["21"],"picture":{"hcsSlaveAddrs":[],"posters":["https:\/\/t-mobiletv.nl:443\/CPS\/images\/universal\/film\/poster\/202108\/20210803\/66\/20210803152515140106.jpg"],"icons":["https:\/\/t-mobiletv.nl:443\/CPS\/images\/universal\/film\/poster\/202108\/20210803\/69\/20210803152515140ykn.png"],"ads":["https:\/\/t-mobiletv.nl:443\/CPS\/images\/universal\/film\/poster\/202108\/20210803\/50\/20210803152515140w1f.jpg"],"extensionFields":[],"others":[]}},"sitcomNO":"2"}]}