{"result":{"retMsg":"QueryEpisodes success.","retCode":"000000000"},"total":"1","episodes":[{"VOD":{"isSubscribed":"0","extensionFields":[],"price":"-1","ID":"1107440617","contentType":"VIDEO_VOD","bizDomains":["2"],"clipNumbers":[{"values":["0"],"key":"WONDERFULMOMENTS"},{"values":["0"],"key":"WONDERFULCLIPS"},{"values":["0"],"key":"ACTORSEGMENTS"}],"name":"Gold Rush: White Water","maxSitcomNO":"15","code":"2547384","cpId":"310303","customFields":[{"values":["a,g"],"key":"advisories"}],"preRelease":"0","averageScore":"10","areaCodes":["21"],"picture":{"hcsSlaveAddrs":[],"posters":["https:\/\/t-mobiletv.nl:443\/CPS\/images\/universal\/film\/poster\/202112\/20211215\/46\/20211215132513244xna.jpg"],"drafts":["https:\/\/t-mobiletv.nl:443\/CPS\/images\/universal\/film\/poster\/202112\/20211215\/3\/20211215132513243sf9.jpg"],"extensionFields":[],"stills":["https:\/\/t-mobiletv.nl:443\/CPS\/images\/universal\/film\/poster\/202112\/20211215\/78\/20211215132513244w9l.jpg"],"others":[]}},"sitcomNO":"4"}]}