{"result":{"retMsg":"QueryEpisodes success.","retCode":"000000000"},"total":"1","episodes":[{"VOD":{"isSubscribed":"0","extensionFields":[],"price":"-1","ID":"376465078","contentType":"VIDEO_VOD","bizDomains":["2"],"clipNumbers":[{"values":["0"],"key":"WONDERFULMOMENTS"},{"values":["0"],"key":"WONDERFULCLIPS"},{"values":["0"],"key":"ACTORSEGMENTS"}],"name":"Reasonable Doubt","maxSitcomNO":"10","code":"2336932","customFields":[{"values":["a,g"],"key":"advisories"}],"cpId":"310303","preRelease":"0","averageScore":"5.7","areaCodes":["21"],"picture":{"hcsSlaveAddrs":[],"posters":["https:\/\/t-mobiletv.nl:443\/CPS\/images\/universal\/film\/poster\/202001\/20200113\/20200113102522685wqu.jpg"],"icons":["https:\/\/t-mobiletv.nl:443\/CPS\/images\/universal\/film\/poster\/202001\/20200113\/20200113102522685fqr.png"],"ads":["https:\/\/t-mobiletv.nl:443\/CPS\/images\/universal\/film\/poster\/202001\/20200113\/20200113102522685nn2.jpg"],"extensionFields":[],"others":[]}},"sitcomNO":"2"}]}