{"result":{"retMsg":"QueryEpisodes success.","retCode":"000000000"},"total":"10","episodes":[{"VOD":{"isSubscribed":"0","extensionFields":[],"price":"-1","ID":"1009935189","contentType":"VIDEO_VOD","bizDomains":["2"],"clipNumbers":[{"values":["0"],"key":"WONDERFULMOMENTS"},{"values":["0"],"key":"WONDERFULCLIPS"},{"values":["0"],"key":"ACTORSEGMENTS"}],"name":"What Mom Wants, Mom Gets","code":"EHD_296538G","customFields":[{"values":["2021-12-31T00:00:00"],"key":"Licensing_Window_End"}],"cpId":"310303","mediaFiles":[{"preview":"0","isDownload":"0","code":"EHD_296538G_dash","customFields":[],"maxBitrate":"4.398","bitrate":"4398","userGroupIds":["-1"],"elapseTime":"2650","multiBitrates":[],"extensionFields":[],"formatOf3D":"1","encrypt":"1","uploadType":"0","definition":"1","ID":"1009935190","dimension":"2","videoCodec":"H.264","bizDomains":["2"],"CGMSA":"0","fps":"30.0","macrovision":"0","mediaHDRType":"0","isVRContent":"0","supportTerminals":[],"fileSize":"1456837500","analogOutputEnable":"1","HDCPEnable":"0","fileFormat":"4"}],"custContentType":"1","preRelease":"0","averageScore":"0.0","areaCodes":["21"],"picture":{"hcsSlaveAddrs":[],"posters":["https:\/\/t-mobiletv.nl:443\/CPS\/images\/universal\/film\/poster\/202108\/20210803\/64\/20210803181940703qdp.jpg"],"icons":["https:\/\/t-mobiletv.nl:443\/CPS\/images\/universal\/film\/poster\/202108\/20210803\/30\/2021080318194070398j.png"],"extensionFields":[],"backgrounds":["https:\/\/t-mobiletv.nl:443\/CPS\/images\/universal\/film\/poster\/202108\/20210803\/52\/202108031819407034rn.jpg"],"others":[]}},"sitcomNO":"1"},{"VOD":{"isSubscribed":"0","extensionFields":[],"price":"-1","ID":"1009931645","contentType":"VIDEO_VOD","bizDomains":["2"],"clipNumbers":[{"values":["0"],"key":"WONDERFULMOMENTS"},{"values":["0"],"key":"WONDERFULCLIPS"},{"values":["0"],"key":"ACTORSEGMENTS"}],"name":"If Mom Can Do It, I Can Too","code":"EHD_296539G","customFields":[{"values":["2021-12-31T00:00:00"],"key":"Licensing_Window_End"}],"cpId":"310303","mediaFiles":[{"preview":"0","isDownload":"0","code":"EHD_296539G_dash","customFields":[],"maxBitrate":"4.398","bitrate":"4398","userGroupIds":["-1"],"elapseTime":"2633","multiBitrates":[],"extensionFields":[],"formatOf3D":"1","encrypt":"1","uploadType":"0","definition":"1","ID":"1009931646","dimension":"2","videoCodec":"H.264","bizDomains":["2"],"CGMSA":"0","fps":"30.0","macrovision":"0","mediaHDRType":"0","isVRContent":"0","supportTerminals":[],"fileSize":"1447491750","analogOutputEnable":"1","HDCPEnable":"0","fileFormat":"4"}],"custContentType":"1","preRelease":"0","averageScore":"0.0","areaCodes":["21"],"picture":{"hcsSlaveAddrs":[],"posters":["https:\/\/t-mobiletv.nl:443\/CPS\/images\/universal\/film\/poster\/202108\/20210803\/92\/202108032210008149hk.jpg"],"icons":["https:\/\/t-mobiletv.nl:443\/CPS\/images\/universal\/film\/poster\/202108\/20210803\/17\/20210803221000814kwa.png"],"extensionFields":[],"backgrounds":["https:\/\/t-mobiletv.nl:443\/CPS\/images\/universal\/film\/poster\/202108\/20210803\/84\/20210803221000814bfd.jpg"],"others":[]}},"sitcomNO":"2"},{"VOD":{"isSubscribed":"0","extensionFields":[],"price":"-1","ID":"1009935207","contentType":"VIDEO_VOD","bizDomains":["2"],"clipNumbers":[{"values":["0"],"key":"WONDERFULMOMENTS"},{"values":["0"],"key":"WONDERFULCLIPS"},{"values":["0"],"key":"ACTORSEGMENTS"}],"name":"Date Night For Three","code":"EHD_296540G","customFields":[{"values":["2021-12-31T00:00:00"],"key":"Licensing_Window_End"}],"cpId":"310303","mediaFiles":[{"preview":"0","isDownload":"0","code":"EHD_296540G_dash","customFields":[],"maxBitrate":"4.398","bitrate":"4398","userGroupIds":["-1"],"elapseTime":"2639","multiBitrates":[],"extensionFields":[],"formatOf3D":"1","encrypt":"1","uploadType":"0","definition":"1","ID":"1009935208","dimension":"2","videoCodec":"H.264","bizDomains":["2"],"CGMSA":"0","fps":"30.0","macrovision":"0","mediaHDRType":"0","isVRContent":"0","supportTerminals":[],"fileSize":"1450790250","analogOutputEnable":"1","HDCPEnable":"0","fileFormat":"4"}],"custContentType":"1","preRelease":"0","averageScore":"0.0","areaCodes":["21"],"picture":{"hcsSlaveAddrs":[],"posters":["https:\/\/t-mobiletv.nl:443\/CPS\/images\/universal\/film\/poster\/202108\/20210803\/17\/20210803234551126k6f.jpg"],"icons":["https:\/\/t-mobiletv.nl:443\/CPS\/images\/universal\/film\/poster\/202108\/20210803\/15\/20210803234551126gkb.png"],"extensionFields":[],"backgrounds":["https:\/\/t-mobiletv.nl:443\/CPS\/images\/universal\/film\/poster\/202108\/20210803\/33\/20210803234551126m5k.jpg"],"others":[]}},"sitcomNO":"3"},{"VOD":{"isSubscribed":"0","extensionFields":[],"price":"-1","ID":"1009935195","contentType":"VIDEO_VOD","bizDomains":["2"],"clipNumbers":[{"values":["0"],"key":"WONDERFULMOMENTS"},{"values":["0"],"key":"WONDERFULCLIPS"},{"values":["0"],"key":"ACTORSEGMENTS"}],"name":"My Gift To You","code":"EHD_296541G","customFields":[{"values":["2021-12-31T00:00:00"],"key":"Licensing_Window_End"}],"cpId":"310303","mediaFiles":[{"preview":"0","isDownload":"0","code":"EHD_296541G_dash","customFields":[],"maxBitrate":"4.398","bitrate":"4398","userGroupIds":["-1"],"elapseTime":"2658","multiBitrates":[],"extensionFields":[],"formatOf3D":"1","encrypt":"1","uploadType":"0","definition":"1","ID":"1009935196","dimension":"2","videoCodec":"H.264","bizDomains":["2"],"CGMSA":"0","fps":"30.0","macrovision":"0","mediaHDRType":"0","isVRContent":"0","supportTerminals":[],"fileSize":"1461235500","analogOutputEnable":"1","HDCPEnable":"0","fileFormat":"4"}],"custContentType":"1","preRelease":"0","averageScore":"0.0","areaCodes":["21"],"picture":{"hcsSlaveAddrs":[],"posters":["https:\/\/t-mobiletv.nl:443\/CPS\/images\/universal\/film\/poster\/202108\/20210803\/39\/20210803174959054vtr.jpg"],"icons":["https:\/\/t-mobiletv.nl:443\/CPS\/images\/universal\/film\/poster\/202108\/20210803\/3\/20210803174959054dzi.png"],"extensionFields":[],"backgrounds":["https:\/\/t-mobiletv.nl:443\/CPS\/images\/universal\/film\/poster\/202108\/20210803\/47\/20210803174959054ayl.jpg"],"others":[]}},"sitcomNO":"4"},{"VOD":{"isSubscribed":"0","extensionFields":[],"price":"-1","ID":"1009935231","contentType":"VIDEO_VOD","bizDomains":["2"],"clipNumbers":[{"values":["0"],"key":"WONDERFULMOMENTS"},{"values":["0"],"key":"WONDERFULCLIPS"},{"values":["0"],"key":"ACTORSEGMENTS"}],"name":"The Truth Hurts","code":"EHD_296542G","customFields":[{"values":["2021-12-31T00:00:00"],"key":"Licensing_Window_End"}],"cpId":"310303","mediaFiles":[{"preview":"0","isDownload":"0","code":"EHD_296542G_dash","customFields":[],"maxBitrate":"4.398","bitrate":"4398","userGroupIds":["-1"],"elapseTime":"2655","multiBitrates":[],"extensionFields":[],"formatOf3D":"1","encrypt":"1","uploadType":"0","definition":"1","ID":"1009935232","dimension":"2","videoCodec":"H.264","bizDomains":["2"],"CGMSA":"0","fps":"30.0","macrovision":"0","mediaHDRType":"0","isVRContent":"0","supportTerminals":[],"fileSize":"1459586250","analogOutputEnable":"1","HDCPEnable":"0","fileFormat":"4"}],"custContentType":"1","preRelease":"0","averageScore":"0.0","areaCodes":["21"],"picture":{"hcsSlaveAddrs":[],"posters":["https:\/\/t-mobiletv.nl:443\/CPS\/images\/universal\/film\/poster\/202108\/20210803\/86\/202108032239301601cs.jpg"],"icons":["https:\/\/t-mobiletv.nl:443\/CPS\/images\/universal\/film\/poster\/202108\/20210803\/44\/20210803223930161kto.png"],"extensionFields":[],"backgrounds":["https:\/\/t-mobiletv.nl:443\/CPS\/images\/universal\/film\/poster\/202108\/20210803\/46\/20210803223930160ix0.jpg"],"others":[]}},"sitcomNO":"5"},{"VOD":{"isSubscribed":"0","extensionFields":[],"price":"-1","ID":"1009935216","contentType":"VIDEO_VOD","bizDomains":["2"],"clipNumbers":[{"values":["0"],"key":"WONDERFULMOMENTS"},{"values":["0"],"key":"WONDERFULCLIPS"},{"values":["0"],"key":"ACTORSEGMENTS"}],"name":"Drive You Crazy","code":"EHD_296543G","customFields":[{"values":["2021-12-31T00:00:00"],"key":"Licensing_Window_End"}],"cpId":"310303","mediaFiles":[{"preview":"0","isDownload":"0","code":"EHD_296543G_dash","customFields":[],"maxBitrate":"4.398","bitrate":"4398","userGroupIds":["-1"],"elapseTime":"2660","multiBitrates":[],"extensionFields":[],"formatOf3D":"1","encrypt":"1","uploadType":"0","definition":"1","ID":"1009935217","dimension":"2","videoCodec":"H.264","bizDomains":["2"],"CGMSA":"0","fps":"30.0","macrovision":"0","mediaHDRType":"0","isVRContent":"0","supportTerminals":[],"fileSize":"1462335000","analogOutputEnable":"1","HDCPEnable":"0","fileFormat":"4"}],"custContentType":"1","preRelease":"0","averageScore":"0.0","areaCodes":["21"],"picture":{"hcsSlaveAddrs":[],"posters":["https:\/\/t-mobiletv.nl:443\/CPS\/images\/universal\/film\/poster\/202108\/20210803\/98\/202108032335062836lo.jpg"],"icons":["https:\/\/t-mobiletv.nl:443\/CPS\/images\/universal\/film\/poster\/202108\/20210803\/42\/20210803233506283hx9.png"],"extensionFields":[],"backgrounds":["https:\/\/t-mobiletv.nl:443\/CPS\/images\/universal\/film\/poster\/202108\/20210803\/70\/20210803233506283g3y.jpg"],"others":[]}},"sitcomNO":"6"},{"VOD":{"isSubscribed":"0","extensionFields":[],"price":"-1","ID":"1009935192","contentType":"VIDEO_VOD","bizDomains":["2"],"clipNumbers":[{"values":["0"],"key":"WONDERFULMOMENTS"},{"values":["0"],"key":"WONDERFULCLIPS"},{"values":["0"],"key":"ACTORSEGMENTS"}],"name":"The Secret Is Out","code":"EHD_296544G","customFields":[{"values":["2021-12-31T00:00:00"],"key":"Licensing_Window_End"}],"cpId":"310303","mediaFiles":[{"preview":"0","isDownload":"0","code":"EHD_296544G_dash","customFields":[],"maxBitrate":"4.398","bitrate":"4398","userGroupIds":["-1"],"elapseTime":"2648","multiBitrates":[],"extensionFields":[],"formatOf3D":"1","encrypt":"1","uploadType":"0","definition":"1","ID":"1009935193","dimension":"2","videoCodec":"H.264","bizDomains":["2"],"CGMSA":"0","fps":"30.0","macrovision":"0","mediaHDRType":"0","isVRContent":"0","supportTerminals":[],"fileSize":"1455738000","analogOutputEnable":"1","HDCPEnable":"0","fileFormat":"4"}],"custContentType":"1","preRelease":"0","averageScore":"0.0","areaCodes":["21"],"picture":{"hcsSlaveAddrs":[],"posters":["https:\/\/t-mobiletv.nl:443\/CPS\/images\/universal\/film\/poster\/202108\/20210803\/39\/20210803172725870y5p.jpg"],"icons":["https:\/\/t-mobiletv.nl:443\/CPS\/images\/universal\/film\/poster\/202108\/20210803\/65\/2021080317272587177w.png"],"extensionFields":[],"backgrounds":["https:\/\/t-mobiletv.nl:443\/CPS\/images\/universal\/film\/poster\/202108\/20210803\/36\/20210803172725870alg.jpg"],"others":[]}},"sitcomNO":"7"},{"VOD":{"isSubscribed":"0","extensionFields":[],"price":"-1","ID":"1009935238","contentType":"VIDEO_VOD","bizDomains":["2"],"clipNumbers":[{"values":["0"],"key":"WONDERFULMOMENTS"},{"values":["0"],"key":"WONDERFULCLIPS"},{"values":["0"],"key":"ACTORSEGMENTS"}],"name":"She's My World","code":"EHD_296545G","customFields":[{"values":["2021-12-31T00:00:00"],"key":"Licensing_Window_End"}],"cpId":"310303","mediaFiles":[{"preview":"0","isDownload":"0","code":"EHD_296545G_dash","customFields":[],"maxBitrate":"4.398","bitrate":"4398","userGroupIds":["-1"],"elapseTime":"2655","multiBitrates":[],"extensionFields":[],"formatOf3D":"1","encrypt":"1","uploadType":"0","definition":"1","ID":"1009935239","dimension":"2","videoCodec":"H.264","bizDomains":["2"],"CGMSA":"0","fps":"30.0","macrovision":"0","mediaHDRType":"0","isVRContent":"0","supportTerminals":[],"fileSize":"1459586250","analogOutputEnable":"1","HDCPEnable":"0","fileFormat":"4"}],"custContentType":"1","preRelease":"0","averageScore":"0.0","areaCodes":["21"],"picture":{"hcsSlaveAddrs":[],"posters":["https:\/\/t-mobiletv.nl:443\/CPS\/images\/universal\/film\/poster\/202108\/20210803\/87\/202108032224318105t9.jpg"],"icons":["https:\/\/t-mobiletv.nl:443\/CPS\/images\/universal\/film\/poster\/202108\/20210803\/66\/2021080322243181079f.png"],"extensionFields":[],"backgrounds":["https:\/\/t-mobiletv.nl:443\/CPS\/images\/universal\/film\/poster\/202108\/20210803\/47\/20210803222431810nz2.jpg"],"others":[]}},"sitcomNO":"8"},{"VOD":{"isSubscribed":"0","extensionFields":[],"price":"-1","ID":"1009931618","contentType":"VIDEO_VOD","bizDomains":["2"],"clipNumbers":[{"values":["0"],"key":"WONDERFULMOMENTS"},{"values":["0"],"key":"WONDERFULCLIPS"},{"values":["0"],"key":"ACTORSEGMENTS"}],"name":"Always Watching You","code":"EHD_296546G","customFields":[{"values":["2021-12-31T00:00:00"],"key":"Licensing_Window_End"}],"cpId":"310303","mediaFiles":[{"preview":"0","isDownload":"0","code":"EHD_296546G_dash","customFields":[],"maxBitrate":"4.398","bitrate":"4398","userGroupIds":["-1"],"elapseTime":"2662","multiBitrates":[],"extensionFields":[],"formatOf3D":"1","encrypt":"1","uploadType":"0","definition":"1","ID":"1009931619","dimension":"2","videoCodec":"H.264","bizDomains":["2"],"CGMSA":"0","fps":"30.0","macrovision":"0","mediaHDRType":"0","isVRContent":"0","supportTerminals":[],"fileSize":"1463434500","analogOutputEnable":"1","HDCPEnable":"0","fileFormat":"4"}],"custContentType":"1","preRelease":"0","averageScore":"0.0","areaCodes":["21"],"picture":{"hcsSlaveAddrs":[],"posters":["https:\/\/t-mobiletv.nl:443\/CPS\/images\/universal\/film\/poster\/202108\/20210803\/95\/20210803175151569xtw.jpg"],"icons":["https:\/\/t-mobiletv.nl:443\/CPS\/images\/universal\/film\/poster\/202108\/20210803\/7\/20210803175151569bwy.png"],"extensionFields":[],"backgrounds":["https:\/\/t-mobiletv.nl:443\/CPS\/images\/universal\/film\/poster\/202108\/20210803\/58\/20210803175151569n5s.jpg"],"others":[]}},"sitcomNO":"9"},{"VOD":{"isSubscribed":"0","extensionFields":[],"price":"-1","ID":"1009935219","contentType":"VIDEO_VOD","bizDomains":["2"],"clipNumbers":[{"values":["0"],"key":"WONDERFULMOMENTS"},{"values":["0"],"key":"WONDERFULCLIPS"},{"values":["0"],"key":"ACTORSEGMENTS"}],"name":"Anything For You","code":"EHD_296547G","customFields":[{"values":["2021-12-31T00:00:00"],"key":"Licensing_Window_End"}],"cpId":"310303","mediaFiles":[{"preview":"0","isDownload":"0","code":"EHD_296547G_dash","customFields":[],"maxBitrate":"4.398","bitrate":"4398","userGroupIds":["-1"],"elapseTime":"2653","multiBitrates":[],"extensionFields":[],"formatOf3D":"1","encrypt":"1","uploadType":"0","definition":"1","ID":"1009935220","dimension":"2","videoCodec":"H.264","bizDomains":["2"],"CGMSA":"0","fps":"30.0","macrovision":"0","mediaHDRType":"0","isVRContent":"0","supportTerminals":[],"fileSize":"1458486750","analogOutputEnable":"1","HDCPEnable":"0","fileFormat":"4"}],"custContentType":"1","preRelease":"0","averageScore":"0.0","areaCodes":["21"],"picture":{"hcsSlaveAddrs":[],"posters":["https:\/\/t-mobiletv.nl:443\/CPS\/images\/universal\/film\/poster\/202108\/20210803\/60\/20210803234522958b3w.jpg"],"icons":["https:\/\/t-mobiletv.nl:443\/CPS\/images\/universal\/film\/poster\/202108\/20210803\/83\/20210803234522958tfv.png"],"extensionFields":[],"backgrounds":["https:\/\/t-mobiletv.nl:443\/CPS\/images\/universal\/film\/poster\/202108\/20210803\/21\/20210803234522958zxf.jpg"],"others":[]}},"sitcomNO":"10"}]}