{"result":{"retMsg":"QueryEpisodes success.","retCode":"000000000"},"total":"1","episodes":[{"VOD":{"isSubscribed":"0","extensionFields":[],"price":"-1","ID":"1043998053","contentType":"VIDEO_VOD","bizDomains":["2"],"clipNumbers":[{"values":["0"],"key":"WONDERFULMOMENTS"},{"values":["0"],"key":"WONDERFULCLIPS"},{"values":["0"],"key":"ACTORSEGMENTS"}],"name":"Gold Rush","maxSitcomNO":"21","code":"25328021","customFields":[{"values":["a,g"],"key":"advisories"}],"cpId":"310303","preRelease":"0","averageScore":"7.8","areaCodes":["21"],"picture":{"hcsSlaveAddrs":[],"posters":["https:\/\/t-mobiletv.nl:443\/CPS\/images\/universal\/film\/poster\/202110\/20211028\/70\/20211028100525474s0q.jpg"],"drafts":["https:\/\/t-mobiletv.nl:443\/CPS\/images\/universal\/film\/poster\/202109\/20210910\/81\/20210910182512430dcw.jpg"],"extensionFields":[],"stills":["https:\/\/t-mobiletv.nl:443\/CPS\/images\/universal\/film\/poster\/202109\/20210910\/84\/20210910182512430c9a.jpg"],"others":[]}},"sitcomNO":"21"}]}