{"result":{"retMsg":"QueryEpisodes success.","retCode":"000000000"},"total":"1","episodes":[{"VOD":{"isSubscribed":"0","extensionFields":[],"price":"-1","ID":"1067822252","contentType":"VIDEO_VOD","bizDomains":["2"],"clipNumbers":[{"values":["0"],"key":"WONDERFULMOMENTS"},{"values":["0"],"key":"WONDERFULCLIPS"},{"values":["0"],"key":"ACTORSEGMENTS"}],"name":"American Monster","maxSitcomNO":"10","code":"2532346","customFields":[{"values":["a,g"],"key":"advisories"}],"cpId":"310303","preRelease":"0","averageScore":"10","areaCodes":["21"],"picture":{"hcsSlaveAddrs":[],"posters":["https:\/\/t-mobiletv.nl:443\/CPS\/images\/universal\/film\/poster\/202110\/20211028\/19\/20211028111718755wpx.jpg"],"drafts":["https:\/\/t-mobiletv.nl:443\/CPS\/images\/universal\/film\/poster\/202110\/20211013\/22\/20211013182515474s0g.jpg"],"extensionFields":[],"stills":["https:\/\/t-mobiletv.nl:443\/CPS\/images\/universal\/film\/poster\/202110\/20211013\/92\/20211013182515474dgn.jpg"],"others":[]}},"sitcomNO":"6"}]}