[{"id":"1cHOdRcGX0KCAhHYK_qKog","type":"Vod","title":"MINDF*CK Oudejaarsspecial 2021","subtitle":"","description":"AVROTROS - In deze speciale, extra feestelijke aflevering demonstreert illusionist Victor Mids illusies op de ijsbaan, test hij het evenwichtsorgaan van nietsvermoedende deelnemers terwijl ze een dienblad champagne vasthouden en heeft hij voor influencers Bas Smit en Nicolette van Dam een groot, onverklaarbaar be\u00efnvloeddings-experiment voorbereid. Dit wil je niet missen!","formattedEpisodeNumbering":"S2021:A7","formattedDate":"Vr 31 dec. 2021","formattedDateShort":"Dec. 2021","formattedTime":"21:40","formattedDuration":"40m","formattedAvailabilityWindow":null,"formattedAvailabilityWindowShort":null,"image":{"portraitUrl":null,"landscapeUrl":"https:\/\/images.nlziet.nl\/metadataimportimages\/source\/803B006A8BCF4E46A5135A8FFB7D6762C9CF0995FF661FE3A2768B4215C25FF9.jpg"},"logo":{"normalUrl":"https:\/\/cdn.nlziet.nl\/static\/assets\/contentproviders\/npo.png","darkUrl":"https:\/\/cdn.nlziet.nl\/static\/assets\/contentproviders\/dark\/npo.png","flatUrl":"https:\/\/cdn.nlziet.nl\/static\/assets\/contentproviders\/flat\/npo.png"},"tags":[],"seriesId":"5YVRWE5oukq6DpIhNyw3_g"},{"id":"L8Fz1_WqAESPLkWKrqll1A","type":"Vod","title":"MINDF*CK","subtitle":"","description":"AVROTROS - Illusionist Victor Mids demonstreert hoe makkelijk je iets over het hoofd kunt zien en hij hypnotiseert iemand in een wassenbeeldenmuseum. Deze knallende seizoensfinale is met dj-duo Sunnery James en Ryan Marciano.","formattedEpisodeNumbering":"S2021:A6","formattedDate":"Za 11 dec. 2021","formattedDateShort":"Dec. 2021","formattedTime":"20:30","formattedDuration":"46m","formattedAvailabilityWindow":null,"formattedAvailabilityWindowShort":null,"image":{"portraitUrl":null,"landscapeUrl":"https:\/\/images.nlziet.nl\/metadataimportimages\/source\/19A34B04747FEA3D6DD15A8222E57E1E38F6300B0B367BCA1FEFC5AB1A660821.jpg"},"logo":{"normalUrl":"https:\/\/cdn.nlziet.nl\/static\/assets\/contentproviders\/npo.png","darkUrl":"https:\/\/cdn.nlziet.nl\/static\/assets\/contentproviders\/dark\/npo.png","flatUrl":"https:\/\/cdn.nlziet.nl\/static\/assets\/contentproviders\/flat\/npo.png"},"tags":[],"seriesId":"5YVRWE5oukq6DpIhNyw3_g"},{"id":"KhaCtbPQD0u3vM_dEE8uwg","type":"Vod","title":"MINDF*CK","subtitle":"","description":"AVROTROS - Victor Mids reist door heel Nederland. Van het hoge noorden (tot aan het waddeneiland Terschelling aan toe) tot en met het verre zuiden (bijvoorbeeld Maastricht en Roermond) schotelt hij de mensen trucs en illusies voor.","formattedEpisodeNumbering":"S2021:A5","formattedDate":"Za 4 dec. 2021","formattedDateShort":"Dec. 2021","formattedTime":"20:35","formattedDuration":"45m","formattedAvailabilityWindow":null,"formattedAvailabilityWindowShort":null,"image":{"portraitUrl":null,"landscapeUrl":"https:\/\/images.nlziet.nl\/metadataimportimages\/source\/EBB4140F2AABDAE1299B01A82AB55D53F717E97D498748E3E12510D02D122D4C.jpg"},"logo":{"normalUrl":"https:\/\/cdn.nlziet.nl\/static\/assets\/contentproviders\/npo.png","darkUrl":"https:\/\/cdn.nlziet.nl\/static\/assets\/contentproviders\/dark\/npo.png","flatUrl":"https:\/\/cdn.nlziet.nl\/static\/assets\/contentproviders\/flat\/npo.png"},"tags":[],"seriesId":"5YVRWE5oukq6DpIhNyw3_g"},{"id":"EDD9g634706AlYQ_Mn16vQ","type":"Vod","title":"MINDF*CK","subtitle":"","description":"AVROTROS - Victor Mids reist door heel Nederland. Van het hoge noorden (tot aan het waddeneiland Terschelling aan toe) tot en met het verre zuiden (bijvoorbeeld Maastricht en Roermond) schotelt hij de mensen trucs en illusies voor.","formattedEpisodeNumbering":"S2021:A4","formattedDate":"Za 27 nov. 2021","formattedDateShort":"Nov. 2021","formattedTime":"20:35","formattedDuration":"46m","formattedAvailabilityWindow":null,"formattedAvailabilityWindowShort":null,"image":{"portraitUrl":null,"landscapeUrl":"https:\/\/images.nlziet.nl\/metadataimportimages\/source\/0902739F121C0DE5684592B04F509244280D8EA60ADD9FC23555851E627964CA.jpg"},"logo":{"normalUrl":"https:\/\/cdn.nlziet.nl\/static\/assets\/contentproviders\/npo.png","darkUrl":"https:\/\/cdn.nlziet.nl\/static\/assets\/contentproviders\/dark\/npo.png","flatUrl":"https:\/\/cdn.nlziet.nl\/static\/assets\/contentproviders\/flat\/npo.png"},"tags":[],"seriesId":"5YVRWE5oukq6DpIhNyw3_g"},{"id":"7HFwyRvhuU6wlTkSE1vdnw","type":"Vod","title":"MINDF*CK","subtitle":"","description":"AVROTROS - Illusionist Victor Mids bezoekt het Kr\u00f6ller-M\u00fcller museum voor een onverklaarbare illusie over abstracte kunst. Hij probeert via de televisie jouw gedachten te lezen en hij laat zich handboeien en opsluiten door cabaretier Najib Amhali.","formattedEpisodeNumbering":"S2021:A3","formattedDate":"Za 20 nov. 2021","formattedDateShort":"Nov. 2021","formattedTime":"20:35","formattedDuration":"47m","formattedAvailabilityWindow":null,"formattedAvailabilityWindowShort":null,"image":{"portraitUrl":null,"landscapeUrl":"https:\/\/images.nlziet.nl\/metadataimportimages\/source\/F63503C33DAC6FD196CB36F065C3BBB1EF4E52A902E208152705B95FE5D18A36.jpg"},"logo":{"normalUrl":"https:\/\/cdn.nlziet.nl\/static\/assets\/contentproviders\/npo.png","darkUrl":"https:\/\/cdn.nlziet.nl\/static\/assets\/contentproviders\/dark\/npo.png","flatUrl":"https:\/\/cdn.nlziet.nl\/static\/assets\/contentproviders\/flat\/npo.png"},"tags":[],"seriesId":"5YVRWE5oukq6DpIhNyw3_g"},{"id":"Vq6Dln4VYUaBOZ_ZSydgqA","type":"Vod","title":"MINDF*CK","subtitle":"","description":"AVROTROS - In deze aflevering laat illusionist Victor Mids iemand de hoofdstad van Nederland vergeten, onderzoekt hij de kracht van kuddegedrag en toont hij zijn ware gezicht aan Nikkie de Jager.","formattedEpisodeNumbering":"S2021:A2","formattedDate":"Za 6 nov. 2021","formattedDateShort":"Nov. 2021","formattedTime":"20:35","formattedDuration":"47m","formattedAvailabilityWindow":null,"formattedAvailabilityWindowShort":null,"image":{"portraitUrl":null,"landscapeUrl":"https:\/\/images.nlziet.nl\/metadataimportimages\/source\/A1887BFC08E556E19A49CA1EFF4E8B1E0633BBDA03DE55F6ED9718844E0A8824.jpg"},"logo":{"normalUrl":"https:\/\/cdn.nlziet.nl\/static\/assets\/contentproviders\/npo.png","darkUrl":"https:\/\/cdn.nlziet.nl\/static\/assets\/contentproviders\/dark\/npo.png","flatUrl":"https:\/\/cdn.nlziet.nl\/static\/assets\/contentproviders\/flat\/npo.png"},"tags":[],"seriesId":"5YVRWE5oukq6DpIhNyw3_g"},{"id":"RJSEy-F3xk6yTF_3KwvnZw","type":"Vod","title":"MINDF*CK","subtitle":"","description":"AVROTROS - Victor Mids reist door heel Nederland. Van het hoge noorden (tot aan het waddeneiland Terschelling aan toe) tot en met het verre zuiden (bijvoorbeeld Maastricht en Roermond) schotelt hij de mensen trucs en illusies voor.","formattedEpisodeNumbering":"S2021:A1","formattedDate":"Za 30 okt. 2021","formattedDateShort":"Okt. 2021","formattedTime":"20:30","formattedDuration":"47m","formattedAvailabilityWindow":null,"formattedAvailabilityWindowShort":null,"image":{"portraitUrl":null,"landscapeUrl":"https:\/\/images.nlziet.nl\/metadataimportimages\/source\/9828CDF57099354E4FCC86FB3ECD81FF639D61D6148898A849B965F53832C927.jpg"},"logo":{"normalUrl":"https:\/\/cdn.nlziet.nl\/static\/assets\/contentproviders\/npo.png","darkUrl":"https:\/\/cdn.nlziet.nl\/static\/assets\/contentproviders\/dark\/npo.png","flatUrl":"https:\/\/cdn.nlziet.nl\/static\/assets\/contentproviders\/flat\/npo.png"},"tags":[],"seriesId":"5YVRWE5oukq6DpIhNyw3_g"}]