[{"id":"vs1aS0uga0yMBzfOD5xPaQ","type":"Vod","title":"Judas","subtitle":"Afl. 6: Gevangen","description":"RTL7 - Nu Willem onverwacht is opgepakt, moeten Astrid en Sonja een beslissing nemen over hun kluisverklaringen. Durven ze het aan om die openbaar te maken? Ze weten zeker dat hun leven nooit meer hetzelfde zal zijn als hun broer ontdekt dat zijn eigen zussen hem hebben verraden.","formattedEpisodeNumbering":"S1:A6","formattedDate":"Zo 12 dec. 2021","formattedDateShort":"Dec. 2021","formattedTime":"23:50","formattedDuration":"45m","formattedAvailabilityWindow":null,"formattedAvailabilityWindowShort":null,"image":{"portraitUrl":null,"landscapeUrl":"https:\/\/images.nlziet.nl\/metadataimportimages\/source\/766F09BE4C86B1655A876102746D4B1B970333E20FF491F3F6613F005F5F1A0F.jpg"},"logo":{"normalUrl":"https:\/\/cdn.nlziet.nl\/static\/assets\/contentproviders\/rtl.png","darkUrl":"https:\/\/cdn.nlziet.nl\/static\/assets\/contentproviders\/dark\/rtl.png","flatUrl":"https:\/\/cdn.nlziet.nl\/static\/assets\/contentproviders\/flat\/rtl.png"},"tags":[],"seriesId":"7fpwnViUPEO3hzu7-Xnpzw"},{"id":"MCUKNOxA4EeqrRrzpxyNNQ","type":"Vod","title":"Judas","subtitle":"Afl. 5: Musketiers","description":"RTL7 - Sonja duikt onder, omdat de bedreigingen van Willem steeds serieuzer worden. Justitie heeft na een jaar nog steeds niets gedaan met hun kluisverklaringen. Astrid en Sonja besluiten daarom hoog spel te spelen. Een onverwacht bondgenootschap geeft hun nieuwe moed.","formattedEpisodeNumbering":"S1:A5","formattedDate":"Zo 12 dec. 2021","formattedDateShort":"Dec. 2021","formattedTime":"22:55","formattedDuration":"42m","formattedAvailabilityWindow":null,"formattedAvailabilityWindowShort":null,"image":{"portraitUrl":null,"landscapeUrl":"https:\/\/images.nlziet.nl\/metadataimportimages\/source\/08BDCC290302B41890BF3EFB12F94BA5725B183A45A8BC8CBDFAFB60A8687664.jpg"},"logo":{"normalUrl":"https:\/\/cdn.nlziet.nl\/static\/assets\/contentproviders\/rtl.png","darkUrl":"https:\/\/cdn.nlziet.nl\/static\/assets\/contentproviders\/dark\/rtl.png","flatUrl":"https:\/\/cdn.nlziet.nl\/static\/assets\/contentproviders\/flat\/rtl.png"},"tags":[],"seriesId":"7fpwnViUPEO3hzu7-Xnpzw"},{"id":"4OnrriYM2UeFcbMwLgOnXw","type":"Vod","title":"Judas","subtitle":"Afl. 4: Familie","description":"RTL7 - Willem heeft Peter R. de Vries bedreigd en het is aan Astrid om dit probleem op te lossen. Het brengt Astrid terug naar haar jeugd in de jaren zeventig. In het gezin waarin ze samen met Willem opgroeide, waren geweld en bedreigingen dagelijkse kost, en werd de kiem gelegd voor hun gecompliceerde relatie.","formattedEpisodeNumbering":"S1:A4","formattedDate":"Zo 12 dec. 2021","formattedDateShort":"Dec. 2021","formattedTime":"21:55","formattedDuration":"43m","formattedAvailabilityWindow":null,"formattedAvailabilityWindowShort":null,"image":{"portraitUrl":null,"landscapeUrl":"https:\/\/images.nlziet.nl\/metadataimportimages\/source\/1DBCFB86A0D04FD57A47D5301D8EC586D6D72E048D6458532FF8A54928FE4834.jpg"},"logo":{"normalUrl":"https:\/\/cdn.nlziet.nl\/static\/assets\/contentproviders\/rtl.png","darkUrl":"https:\/\/cdn.nlziet.nl\/static\/assets\/contentproviders\/dark\/rtl.png","flatUrl":"https:\/\/cdn.nlziet.nl\/static\/assets\/contentproviders\/flat\/rtl.png"},"tags":[],"seriesId":"7fpwnViUPEO3hzu7-Xnpzw"},{"id":"WmDnOqKdhEK8lMhNkFJpAA","type":"Vod","title":"Judas","subtitle":"Afl. 3: Respect","description":"RTL7 - Astrid en Sonja moeten kluisverklaringen afleggen. Daardoor zullen ze twee dagen onbereikbaar zijn. Ze vrezen wat Willem gaat denken als hij zijn beide zussen niet kan bereiken. Ook in de jaren tachtig was hij al zo controlerend. Toen beraamde hij samen met Cor van Hout de ontvoering op Alfred Heineken, en maakte daarmee de familie Holleeder in een klap wereldberoemd.","formattedEpisodeNumbering":"S1:A3","formattedDate":"Zo 12 dec. 2021","formattedDateShort":"Dec. 2021","formattedTime":"00:05","formattedDuration":"42m","formattedAvailabilityWindow":null,"formattedAvailabilityWindowShort":null,"image":{"portraitUrl":null,"landscapeUrl":"https:\/\/images.nlziet.nl\/metadataimportimages\/source\/1B41402A08F25B61592F371C550B73327757A74F585AC8D208F99A59E921C2F8.jpg"},"logo":{"normalUrl":"https:\/\/cdn.nlziet.nl\/static\/assets\/contentproviders\/rtl.png","darkUrl":"https:\/\/cdn.nlziet.nl\/static\/assets\/contentproviders\/dark\/rtl.png","flatUrl":"https:\/\/cdn.nlziet.nl\/static\/assets\/contentproviders\/flat\/rtl.png"},"tags":[],"seriesId":"7fpwnViUPEO3hzu7-Xnpzw"},{"id":"MEjx0tjspkefSYK0ACHjWw","type":"Vod","title":"Judas","subtitle":"Afl. 2: Controle","description":"RTL7 - Terwijl Astrid Holleeder voor het eerst verklaringen aflegt tegen haar broer Willem, besluit ze ook om de gesprekken met Willem stiekem op te nemen. Dat is gevaarlijk, want als Willem haar betrapt, is ze haar leven niet meer zeker.","formattedEpisodeNumbering":"S1:A2","formattedDate":"Za 11 dec. 2021","formattedDateShort":"Dec. 2021","formattedTime":"23:00","formattedDuration":"47m","formattedAvailabilityWindow":null,"formattedAvailabilityWindowShort":null,"image":{"portraitUrl":null,"landscapeUrl":"https:\/\/images.nlziet.nl\/metadataimportimages\/source\/BA624D3A674BD04C6C3F04397C84B967369022A3D6D6DEA9BBAD0A3C8DBC2BC6.jpg"},"logo":{"normalUrl":"https:\/\/cdn.nlziet.nl\/static\/assets\/contentproviders\/rtl.png","darkUrl":"https:\/\/cdn.nlziet.nl\/static\/assets\/contentproviders\/dark\/rtl.png","flatUrl":"https:\/\/cdn.nlziet.nl\/static\/assets\/contentproviders\/flat\/rtl.png"},"tags":[],"seriesId":"7fpwnViUPEO3hzu7-Xnpzw"},{"id":"T0kqmnWGwkC2gjfhTz5Mog","type":"Vod","title":"Judas","subtitle":"Afl. 1: Verraad","description":"RTL7 - Nederlandse dramaserie waarin het leven van Astrid Holleeder centraal staat. Al op jonge leeftijd blijkt dat zij anders is dan haar volkse broer en zus, Willem en Sonja. Astrid probeert zich te ontwikkelen om weg te komen van haar gewelddadige vader. Maar iedere keer wordt ze weer opgeslokt door haar familie, en in het bijzonder haar criminele broer Willem. Uiteindelijk leidt dit tot het pijnlijke, maar noodzakelijke verraad van Willem aan Justitie.","formattedEpisodeNumbering":"S1:A1","formattedDate":"Za 11 dec. 2021","formattedDateShort":"Dec. 2021","formattedTime":"21:55","formattedDuration":"48m","formattedAvailabilityWindow":null,"formattedAvailabilityWindowShort":null,"image":{"portraitUrl":null,"landscapeUrl":"https:\/\/images.nlziet.nl\/metadataimportimages\/source\/AE61D65F1DC86AF2492C21BE86EE5798C5549DBA12E43D95E03C03BCFDD2009A.jpg"},"logo":{"normalUrl":"https:\/\/cdn.nlziet.nl\/static\/assets\/contentproviders\/rtl.png","darkUrl":"https:\/\/cdn.nlziet.nl\/static\/assets\/contentproviders\/dark\/rtl.png","flatUrl":"https:\/\/cdn.nlziet.nl\/static\/assets\/contentproviders\/flat\/rtl.png"},"tags":[],"seriesId":"7fpwnViUPEO3hzu7-Xnpzw"}]