[{"id":"BoVrDT2bBkCyx6MGv7iKZg","type":"Vod","title":"Zappsport","subtitle":"Battle Stuntskaten","description":"AVROTROS - Kindersportprogramma waarin alle takken van sport voorbijkomen. In het wekelijkse onderdeel 'The Battle' strijden de jongens tegen de meiden in een bepaalde sport. Ron Boszhard staat in dit onderdeel tegenover teamcaptain Britt Dekker. Kinderen met een sportprobleem krijgen hulp van een beroemde topsporter in de Hellup, de vetste trucs worden uitgelegd in 'The Move' en er zijn regelmatig specials te zien rondom grote sporttoernooien.","formattedEpisodeNumbering":null,"formattedDate":"Eergisteren","formattedDateShort":"Eergisteren","formattedTime":"08:45","formattedDuration":"15m","formattedAvailabilityWindow":null,"formattedAvailabilityWindowShort":null,"image":{"portraitUrl":null,"landscapeUrl":"https:\/\/images.nlziet.nl\/metadataimportimages\/source\/25C9FA507F9C40A64117B6CFB385866F63BC538D6E487CEDF31A4D5802681BBF.jpg"},"logo":{"normalUrl":"https:\/\/cdn.nlziet.nl\/static\/assets\/contentproviders\/npo.png","darkUrl":"https:\/\/cdn.nlziet.nl\/static\/assets\/contentproviders\/dark\/npo.png","flatUrl":"https:\/\/cdn.nlziet.nl\/static\/assets\/contentproviders\/flat\/npo.png"},"tags":[],"seriesId":"7QrOqPrilEGeM3pgWB1w1A"},{"id":"voc6QvUUSUG3mAlB_2X73Q","type":"Vod","title":"Zappsport","subtitle":"Battle - Kickboksen","description":"AVROTROS - In een nieuwe Zappsport \u2013 The Battle draait alles om de vraag: zijn de jongens of de meiden het beste in kickboksen? De teams van Ron Boszhard en Britt Dekker leren alles over de sport van top-kickboksers Redouan Amrhar en Germaine de Randamie. Boer Ayoub is een van de tegenstanders tijdens de Battle.","formattedEpisodeNumbering":null,"formattedDate":"Za 15 jan.","formattedDateShort":"Za 15 jan.","formattedTime":"08:45","formattedDuration":"15m","formattedAvailabilityWindow":null,"formattedAvailabilityWindowShort":null,"image":{"portraitUrl":null,"landscapeUrl":"https:\/\/images.nlziet.nl\/metadataimportimages\/source\/495C4B0DCC9C5A314A9F331DD30382AA011B071245154449E3486A349942470A.jpg"},"logo":{"normalUrl":"https:\/\/cdn.nlziet.nl\/static\/assets\/contentproviders\/npo.png","darkUrl":"https:\/\/cdn.nlziet.nl\/static\/assets\/contentproviders\/dark\/npo.png","flatUrl":"https:\/\/cdn.nlziet.nl\/static\/assets\/contentproviders\/flat\/npo.png"},"tags":[],"seriesId":"7QrOqPrilEGeM3pgWB1w1A"}]