[{"id":"0X7tbEu4MkCke-nT9ym9sQ","type":"Vod","title":"NOS Nieuwjaarsconcert","subtitle":"NOS Nieuwjaarsconcert","description":"NOS - Rechtstreeks verslag van het traditionele Nieuwjaarsconcert door de Wiener Philharmoniker o.l.v. dirigent Riccardo Muti.","formattedEpisodeNumbering":null,"formattedDate":"Vr 1 jan. 2021","formattedDateShort":"Jan. 2021","formattedTime":"11:15","formattedDuration":"2u 33m","formattedAvailabilityWindow":null,"formattedAvailabilityWindowShort":null,"image":{"portraitUrl":null,"landscapeUrl":"https:\/\/images.nlziet.nl\/metadataimportimages\/source\/F4A3D00711C077A8C71A2EBB39BD1252D6326D04ABC75902AEEED3392C05E225.jpg"},"logo":{"normalUrl":"https:\/\/cdn.nlziet.nl\/static\/assets\/contentproviders\/npo.png","darkUrl":"https:\/\/cdn.nlziet.nl\/static\/assets\/contentproviders\/dark\/npo.png","flatUrl":"https:\/\/cdn.nlziet.nl\/static\/assets\/contentproviders\/flat\/npo.png"},"tags":[],"seriesId":"4gdnC7XKyU-bZf159tXAVw"}]