[{"id":"ZvrzXqmPkkO9n2md_SEfRw","type":"Vod","title":"Zappsport","subtitle":"Zappsport","description":"TROS, NPO Zapp - Sportmagazine voor de jeugd. In The Battle strijden de jongens tegen de meisjes in een bepaalde sport. Kinderen met een sportprobleem worden in de 'Hellup' geholpen door een beroemde topsporter. De reportage doet verslag van jonge talenten die met een belangrijk toernooi nummer \u00e9\u00e9n hopen te worden. De vetste trucks worden uitgelegd in 'The Move' waarin kids laten zien wat ze kunnen. Rondom grote sporttoernooien zijn er ook regelmatig specials te zien...","formattedEpisodeNumbering":null,"formattedDate":"Zo 16 dec. 2012","formattedDateShort":"Dec. 2012","formattedTime":"08:40","formattedDuration":"20m","formattedAvailabilityWindow":null,"formattedAvailabilityWindowShort":null,"image":{"portraitUrl":null,"landscapeUrl":"https:\/\/images.nlziet.nl\/metadataimportimages\/source\/B7E2423C07359C2BD82B385C85D3FB8E207B9A166B18A81987CB9A9EB49E303D.jpg"},"logo":{"normalUrl":"https:\/\/cdn.nlziet.nl\/static\/assets\/contentproviders\/npo.png","darkUrl":"https:\/\/cdn.nlziet.nl\/static\/assets\/contentproviders\/dark\/npo.png","flatUrl":"https:\/\/cdn.nlziet.nl\/static\/assets\/contentproviders\/flat\/npo.png"},"tags":[],"seriesId":"7QrOqPrilEGeM3pgWB1w1A"},{"id":"UTtOEmHZw0KSb_F2ny9dYQ","type":"Vod","title":"Zappsport","subtitle":"Zappsport","description":"TROS, NPO Zapp - Sportmagazine voor de jeugd. In The Battle strijden de jongens tegen de meisjes in een bepaalde sport. Kinderen met een sportprobleem worden in de 'Hellup' geholpen door een beroemde topsporter. De reportage doet verslag van jonge talenten die met een belangrijk toernooi nummer \u00e9\u00e9n hopen te worden. De vetste trucks worden uitgelegd in 'The Move' waarin kids laten zien wat ze kunnen. Rondom grote sporttoernooien zijn er ook regelmatig specials te zien...","formattedEpisodeNumbering":null,"formattedDate":"Za 15 dec. 2012","formattedDateShort":"Dec. 2012","formattedTime":"08:55","formattedDuration":"20m","formattedAvailabilityWindow":null,"formattedAvailabilityWindowShort":null,"image":{"portraitUrl":null,"landscapeUrl":"https:\/\/images.nlziet.nl\/metadataimportimages\/source\/5AF5A9FF2786A689857C148011AF524C6E4955FF5BFDE5C7CCCD14C63E21BC39.jpg"},"logo":{"normalUrl":"https:\/\/cdn.nlziet.nl\/static\/assets\/contentproviders\/npo.png","darkUrl":"https:\/\/cdn.nlziet.nl\/static\/assets\/contentproviders\/dark\/npo.png","flatUrl":"https:\/\/cdn.nlziet.nl\/static\/assets\/contentproviders\/flat\/npo.png"},"tags":[],"seriesId":"7QrOqPrilEGeM3pgWB1w1A"},{"id":"X8jWuT9vvkSkei497zZlSA","type":"Vod","title":"Zappsport","subtitle":"Zappsport","description":"TROS, NPO Zapp - Sportmagazine voor de jeugd. In The Battle strijden de jongens tegen de meisjes in een bepaalde sport. Kinderen met een sportprobleem worden in de 'Hellup' geholpen door een beroemde topsporter. De reportage doet verslag van jonge talenten die met een belangrijk toernooi nummer \u00e9\u00e9n hopen te worden. De vetste trucks worden uitgelegd in 'The Move' waarin kids laten zien wat ze kunnen. Rondom grote sporttoernooien zijn er ook regelmatig specials te zien...","formattedEpisodeNumbering":null,"formattedDate":"Zo 9 dec. 2012","formattedDateShort":"Dec. 2012","formattedTime":"08:40","formattedDuration":"20m","formattedAvailabilityWindow":null,"formattedAvailabilityWindowShort":null,"image":{"portraitUrl":null,"landscapeUrl":"https:\/\/images.nlziet.nl\/metadataimportimages\/source\/ECCDD96DDF8CBA9E0B5E432AE297D95A6D980A398D3D71E6ED3405CB410E2184.jpg"},"logo":{"normalUrl":"https:\/\/cdn.nlziet.nl\/static\/assets\/contentproviders\/npo.png","darkUrl":"https:\/\/cdn.nlziet.nl\/static\/assets\/contentproviders\/dark\/npo.png","flatUrl":"https:\/\/cdn.nlziet.nl\/static\/assets\/contentproviders\/flat\/npo.png"},"tags":[],"seriesId":"7QrOqPrilEGeM3pgWB1w1A"},{"id":"4547212FwE6Uso7yxKldqQ","type":"Vod","title":"Zappsport","subtitle":"Zappsport","description":"TROS, NPO Zapp - Sportmagazine voor de jeugd. In The Battle strijden de jongens tegen de meisjes in een bepaalde sport. Kinderen met een sportprobleem worden in de 'Hellup' geholpen door een beroemde topsporter. De reportage doet verslag van jonge talenten die met een belangrijk toernooi nummer \u00e9\u00e9n hopen te worden. De vetste trucks worden uitgelegd in 'The Move' waarin kids laten zien wat ze kunnen. Rondom grote sporttoernooien zijn er ook regelmatig specials te zien...","formattedEpisodeNumbering":null,"formattedDate":"Za 8 dec. 2012","formattedDateShort":"Dec. 2012","formattedTime":"08:55","formattedDuration":"15m","formattedAvailabilityWindow":null,"formattedAvailabilityWindowShort":null,"image":{"portraitUrl":null,"landscapeUrl":"https:\/\/images.nlziet.nl\/metadataimportimages\/source\/851A9551518374C3424E757DD339D46C106CCFA9D9ED2C2F382561C86B9D8D0D.jpg"},"logo":{"normalUrl":"https:\/\/cdn.nlziet.nl\/static\/assets\/contentproviders\/npo.png","darkUrl":"https:\/\/cdn.nlziet.nl\/static\/assets\/contentproviders\/dark\/npo.png","flatUrl":"https:\/\/cdn.nlziet.nl\/static\/assets\/contentproviders\/flat\/npo.png"},"tags":[],"seriesId":"7QrOqPrilEGeM3pgWB1w1A"},{"id":"HyTV5boC1ES-0EoHPb3UdQ","type":"Vod","title":"Zappsport","subtitle":"Zappsport","description":"TROS, NPO Zapp - Sportmagazine voor de jeugd. In The Battle strijden de jongens tegen de meisjes in een bepaalde sport. Kinderen met een sportprobleem worden in de 'Hellup' geholpen door een beroemde topsporter. De reportage doet verslag van jonge talenten die met een belangrijk toernooi nummer \u00e9\u00e9n hopen te worden. De vetste trucks worden uitgelegd in 'The Move' waarin kids laten zien wat ze kunnen. Rondom grote sporttoernooien zijn er ook regelmatig specials te zien...","formattedEpisodeNumbering":null,"formattedDate":"Zo 2 dec. 2012","formattedDateShort":"Dec. 2012","formattedTime":"08:40","formattedDuration":"20m","formattedAvailabilityWindow":null,"formattedAvailabilityWindowShort":null,"image":{"portraitUrl":null,"landscapeUrl":"https:\/\/images.nlziet.nl\/metadataimportimages\/source\/FAD15396E5533A52FBA549B54999C0BE65ED38B25AAA875C6F58A14CED75649C.jpg"},"logo":{"normalUrl":"https:\/\/cdn.nlziet.nl\/static\/assets\/contentproviders\/npo.png","darkUrl":"https:\/\/cdn.nlziet.nl\/static\/assets\/contentproviders\/dark\/npo.png","flatUrl":"https:\/\/cdn.nlziet.nl\/static\/assets\/contentproviders\/flat\/npo.png"},"tags":[],"seriesId":"7QrOqPrilEGeM3pgWB1w1A"},{"id":"Um2Cukb-3EmDyHjvJYQvtQ","type":"Vod","title":"Zappsport","subtitle":"Battle Huppieten","description":"TROS, NPO Zapp - Sportmagazine voor de jeugd. In The Battle strijden de jongens tegen de meisjes in een bepaalde sport. Kinderen met een sportprobleem worden in de 'Hellup' geholpen door een beroemde topsporter. De reportage doet verslag van jonge talenten die met een belangrijk toernooi nummer \u00e9\u00e9n hopen te worden. De vetste trucks worden uitgelegd in 'The Move' waarin kids laten zien wat ze kunnen. Rondom grote sporttoernooien zijn er ook regelmatig specials te zien...","formattedEpisodeNumbering":null,"formattedDate":"Za 1 dec. 2012","formattedDateShort":"Dec. 2012","formattedTime":"08:55","formattedDuration":"15m","formattedAvailabilityWindow":null,"formattedAvailabilityWindowShort":null,"image":{"portraitUrl":null,"landscapeUrl":"https:\/\/images.nlziet.nl\/metadataimportimages\/source\/5A3E86FAA9253674DB5015DE481C72D0817E3BED3FA5D572123AAD1AE3B21B78.jpg"},"logo":{"normalUrl":"https:\/\/cdn.nlziet.nl\/static\/assets\/contentproviders\/npo.png","darkUrl":"https:\/\/cdn.nlziet.nl\/static\/assets\/contentproviders\/dark\/npo.png","flatUrl":"https:\/\/cdn.nlziet.nl\/static\/assets\/contentproviders\/flat\/npo.png"},"tags":[],"seriesId":"7QrOqPrilEGeM3pgWB1w1A"},{"id":"q_CKc23XPU6rjIhOktEq2Q","type":"Vod","title":"Zappsport","subtitle":"Zappsport","description":"TROS, NPO Zapp - Sportmagazine voor de jeugd. In The Battle strijden de jongens tegen de meisjes in een bepaalde sport. Kinderen met een sportprobleem worden in de 'Hellup' geholpen door een beroemde topsporter. De reportage doet verslag van jonge talenten die met een belangrijk toernooi nummer \u00e9\u00e9n hopen te worden. De vetste trucks worden uitgelegd in 'The Move' waarin kids laten zien wat ze kunnen. Rondom grote sporttoernooien zijn er ook regelmatig specials te zien...","formattedEpisodeNumbering":null,"formattedDate":"Zo 25 nov. 2012","formattedDateShort":"Nov. 2012","formattedTime":"08:40","formattedDuration":"20m","formattedAvailabilityWindow":null,"formattedAvailabilityWindowShort":null,"image":{"portraitUrl":null,"landscapeUrl":"https:\/\/images.nlziet.nl\/metadataimportimages\/source\/0D649E1545BE00EBAA8A7C3F820FAD86DE9391266402BF8B40D68846051465A8.jpg"},"logo":{"normalUrl":"https:\/\/cdn.nlziet.nl\/static\/assets\/contentproviders\/npo.png","darkUrl":"https:\/\/cdn.nlziet.nl\/static\/assets\/contentproviders\/dark\/npo.png","flatUrl":"https:\/\/cdn.nlziet.nl\/static\/assets\/contentproviders\/flat\/npo.png"},"tags":[],"seriesId":"7QrOqPrilEGeM3pgWB1w1A"},{"id":"2ZrSRYsm1UWwb-ONYZx06w","type":"Vod","title":"Zappsport","subtitle":"Zappsport","description":"TROS, NPO Zapp - Sportmagazine voor de jeugd. In The Battle strijden de jongens tegen de meisjes in een bepaalde sport. Kinderen met een sportprobleem worden in de 'Hellup' geholpen door een beroemde topsporter. De reportage doet verslag van jonge talenten die met een belangrijk toernooi nummer \u00e9\u00e9n hopen te worden. De vetste trucks worden uitgelegd in 'The Move' waarin kids laten zien wat ze kunnen. Rondom grote sporttoernooien zijn er ook regelmatig specials te zien...","formattedEpisodeNumbering":null,"formattedDate":"Za 24 nov. 2012","formattedDateShort":"Nov. 2012","formattedTime":"08:55","formattedDuration":"15m","formattedAvailabilityWindow":null,"formattedAvailabilityWindowShort":null,"image":{"portraitUrl":null,"landscapeUrl":"https:\/\/images.nlziet.nl\/metadataimportimages\/source\/AEAEB769C4E1766C337E47CC65F5EF4A22ED57AABF78B4AFFB8461E8F8B46C8A.jpg"},"logo":{"normalUrl":"https:\/\/cdn.nlziet.nl\/static\/assets\/contentproviders\/npo.png","darkUrl":"https:\/\/cdn.nlziet.nl\/static\/assets\/contentproviders\/dark\/npo.png","flatUrl":"https:\/\/cdn.nlziet.nl\/static\/assets\/contentproviders\/flat\/npo.png"},"tags":[],"seriesId":"7QrOqPrilEGeM3pgWB1w1A"},{"id":"Fpgx1SaEHUezvJwESAWS-Q","type":"Vod","title":"Zappsport","subtitle":"Zappsport","description":"TROS, NPO Zapp - Sportmagazine voor de jeugd. In The Battle strijden de jongens tegen de meisjes in een bepaalde sport. Kinderen met een sportprobleem worden in de 'Hellup' geholpen door een beroemde topsporter. De reportage doet verslag van jonge talenten die met een belangrijk toernooi nummer \u00e9\u00e9n hopen te worden. De vetste trucks worden uitgelegd in 'The Move' waarin kids laten zien wat ze kunnen. Rondom grote sporttoernooien zijn er ook regelmatig specials te zien...","formattedEpisodeNumbering":null,"formattedDate":"Zo 18 nov. 2012","formattedDateShort":"Nov. 2012","formattedTime":"08:40","formattedDuration":"20m","formattedAvailabilityWindow":null,"formattedAvailabilityWindowShort":null,"image":{"portraitUrl":null,"landscapeUrl":"https:\/\/images.nlziet.nl\/metadataimportimages\/source\/117A903D30E539A5DE3285446BC29D77396935E1388A37D5E1814B8D6B1BEABB.jpg"},"logo":{"normalUrl":"https:\/\/cdn.nlziet.nl\/static\/assets\/contentproviders\/npo.png","darkUrl":"https:\/\/cdn.nlziet.nl\/static\/assets\/contentproviders\/dark\/npo.png","flatUrl":"https:\/\/cdn.nlziet.nl\/static\/assets\/contentproviders\/flat\/npo.png"},"tags":[],"seriesId":"7QrOqPrilEGeM3pgWB1w1A"},{"id":"YMtTn9wLJUuQw-03f-G_cw","type":"Vod","title":"Zappsport","subtitle":"Zappsport","description":"TROS, NPO Zapp - Sportmagazine voor de jeugd. In The Battle strijden de jongens tegen de meisjes in een bepaalde sport. Kinderen met een sportprobleem worden in de 'Hellup' geholpen door een beroemde topsporter. De reportage doet verslag van jonge talenten die met een belangrijk toernooi nummer \u00e9\u00e9n hopen te worden. De vetste trucks worden uitgelegd in 'The Move' waarin kids laten zien wat ze kunnen. Rondom grote sporttoernooien zijn er ook regelmatig specials te zien...","formattedEpisodeNumbering":null,"formattedDate":"Za 17 nov. 2012","formattedDateShort":"Nov. 2012","formattedTime":"09:00","formattedDuration":"15m","formattedAvailabilityWindow":null,"formattedAvailabilityWindowShort":null,"image":{"portraitUrl":null,"landscapeUrl":"https:\/\/images.nlziet.nl\/metadataimportimages\/source\/579A60D9E62A69B832830B28A87192A5C874C6C30906F5D82B1E3C0D36D74C1D.jpg"},"logo":{"normalUrl":"https:\/\/cdn.nlziet.nl\/static\/assets\/contentproviders\/npo.png","darkUrl":"https:\/\/cdn.nlziet.nl\/static\/assets\/contentproviders\/dark\/npo.png","flatUrl":"https:\/\/cdn.nlziet.nl\/static\/assets\/contentproviders\/flat\/npo.png"},"tags":[],"seriesId":"7QrOqPrilEGeM3pgWB1w1A"},{"id":"w3TBBp-rdEeGb10Qc6sEuw","type":"Vod","title":"Zappsport","subtitle":"Zappsport","description":"TROS, NPO Zapp - Sportmagazine voor de jeugd. In The Battle strijden de jongens tegen de meisjes in een bepaalde sport. Kinderen met een sportprobleem worden in de 'Hellup' geholpen door een beroemde topsporter. De reportage doet verslag van jonge talenten die met een belangrijk toernooi nummer \u00e9\u00e9n hopen te worden. De vetste trucks worden uitgelegd in 'The Move' waarin kids laten zien wat ze kunnen. Rondom grote sporttoernooien zijn er ook regelmatig specials te zien...","formattedEpisodeNumbering":null,"formattedDate":"Zo 11 nov. 2012","formattedDateShort":"Nov. 2012","formattedTime":"08:40","formattedDuration":"20m","formattedAvailabilityWindow":null,"formattedAvailabilityWindowShort":null,"image":{"portraitUrl":null,"landscapeUrl":"https:\/\/images.nlziet.nl\/metadataimportimages\/source\/0C7FAE152A67761B311E706C85840383B54318B3E1D32954D8BAED17DDE3EF61.jpg"},"logo":{"normalUrl":"https:\/\/cdn.nlziet.nl\/static\/assets\/contentproviders\/npo.png","darkUrl":"https:\/\/cdn.nlziet.nl\/static\/assets\/contentproviders\/dark\/npo.png","flatUrl":"https:\/\/cdn.nlziet.nl\/static\/assets\/contentproviders\/flat\/npo.png"},"tags":[],"seriesId":"7QrOqPrilEGeM3pgWB1w1A"},{"id":"75cWSNnGuk2igbjV1NHt8A","type":"Vod","title":"Zappsport","subtitle":"Zappsport","description":"TROS, NPO Zapp - Sportmagazine voor de jeugd. In The Battle strijden de jongens tegen de meisjes in een bepaalde sport. Kinderen met een sportprobleem worden in de 'Hellup' geholpen door een beroemde topsporter. De reportage doet verslag van jonge talenten die met een belangrijk toernooi nummer \u00e9\u00e9n hopen te worden. De vetste trucks worden uitgelegd in 'The Move' waarin kids laten zien wat ze kunnen. Rondom grote sporttoernooien zijn er ook regelmatig specials te zien...","formattedEpisodeNumbering":null,"formattedDate":"Za 10 nov. 2012","formattedDateShort":"Nov. 2012","formattedTime":"08:55","formattedDuration":"15m","formattedAvailabilityWindow":null,"formattedAvailabilityWindowShort":null,"image":{"portraitUrl":null,"landscapeUrl":"https:\/\/images.nlziet.nl\/metadataimportimages\/source\/83841E370DF894F713EBCA0D1E2D102E501D89D1ACB91044EEEA1AA17275FB1B.jpg"},"logo":{"normalUrl":"https:\/\/cdn.nlziet.nl\/static\/assets\/contentproviders\/npo.png","darkUrl":"https:\/\/cdn.nlziet.nl\/static\/assets\/contentproviders\/dark\/npo.png","flatUrl":"https:\/\/cdn.nlziet.nl\/static\/assets\/contentproviders\/flat\/npo.png"},"tags":[],"seriesId":"7QrOqPrilEGeM3pgWB1w1A"},{"id":"vg5xM8pZpUyCMVKxD3bDFw","type":"Vod","title":"Zappsport","subtitle":"Zappsport","description":"TROS, NPO Zapp - Sportmagazine voor de jeugd. In The Battle strijden de jongens tegen de meisjes in een bepaalde sport. Kinderen met een sportprobleem worden in de 'Hellup' geholpen door een beroemde topsporter. De reportage doet verslag van jonge talenten die met een belangrijk toernooi nummer \u00e9\u00e9n hopen te worden. De vetste trucks worden uitgelegd in 'The Move' waarin kids laten zien wat ze kunnen. Rondom grote sporttoernooien zijn er ook regelmatig specials te zien...","formattedEpisodeNumbering":null,"formattedDate":"Zo 4 nov. 2012","formattedDateShort":"Nov. 2012","formattedTime":"08:40","formattedDuration":"20m","formattedAvailabilityWindow":null,"formattedAvailabilityWindowShort":null,"image":{"portraitUrl":null,"landscapeUrl":"https:\/\/images.nlziet.nl\/metadataimportimages\/source\/9B71E1480A3050E9244BE726B843B64623B0AFDC1387E564EF1BBC9DBFE6C2F9.jpg"},"logo":{"normalUrl":"https:\/\/cdn.nlziet.nl\/static\/assets\/contentproviders\/npo.png","darkUrl":"https:\/\/cdn.nlziet.nl\/static\/assets\/contentproviders\/dark\/npo.png","flatUrl":"https:\/\/cdn.nlziet.nl\/static\/assets\/contentproviders\/flat\/npo.png"},"tags":[],"seriesId":"7QrOqPrilEGeM3pgWB1w1A"},{"id":"vm0cZoyaB02SeOTOlVbUjA","type":"Vod","title":"Zappsport","subtitle":"Zappsport","description":"TROS, NPO Zapp - Sportmagazine voor de jeugd. In The Battle strijden de jongens tegen de meisjes in een bepaalde sport. Kinderen met een sportprobleem worden in de 'Hellup' geholpen door een beroemde topsporter. De reportage doet verslag van jonge talenten die met een belangrijk toernooi nummer \u00e9\u00e9n hopen te worden. De vetste trucks worden uitgelegd in 'The Move' waarin kids laten zien wat ze kunnen. Rondom grote sporttoernooien zijn er ook regelmatig specials te zien...","formattedEpisodeNumbering":null,"formattedDate":"Za 3 nov. 2012","formattedDateShort":"Nov. 2012","formattedTime":"08:55","formattedDuration":"15m","formattedAvailabilityWindow":null,"formattedAvailabilityWindowShort":null,"image":{"portraitUrl":null,"landscapeUrl":"https:\/\/images.nlziet.nl\/metadataimportimages\/source\/494649998881BCECC7B84CCDC2FB2ABFB329C3DAF071A2906216F9BAC5BEE3BD.jpg"},"logo":{"normalUrl":"https:\/\/cdn.nlziet.nl\/static\/assets\/contentproviders\/npo.png","darkUrl":"https:\/\/cdn.nlziet.nl\/static\/assets\/contentproviders\/dark\/npo.png","flatUrl":"https:\/\/cdn.nlziet.nl\/static\/assets\/contentproviders\/flat\/npo.png"},"tags":[],"seriesId":"7QrOqPrilEGeM3pgWB1w1A"},{"id":"BXv20S9kgkWaCKBar-j99Q","type":"Vod","title":"Zappsport","subtitle":"Zappsport","description":"TROS, NPO Zapp - Sportmagazine voor de jeugd. In The Battle strijden de jongens tegen de meisjes in een bepaalde sport. Kinderen met een sportprobleem worden in de 'Hellup' geholpen door een beroemde topsporter. De reportage doet verslag van jonge talenten die met een belangrijk toernooi nummer \u00e9\u00e9n hopen te worden. De vetste trucks worden uitgelegd in 'The Move' waarin kids laten zien wat ze kunnen. Rondom grote sporttoernooien zijn er ook regelmatig specials te zien...","formattedEpisodeNumbering":null,"formattedDate":"Zo 28 okt. 2012","formattedDateShort":"Okt. 2012","formattedTime":"08:40","formattedDuration":"20m","formattedAvailabilityWindow":null,"formattedAvailabilityWindowShort":null,"image":{"portraitUrl":null,"landscapeUrl":"https:\/\/images.nlziet.nl\/metadataimportimages\/source\/EE1EEBC8DE06449A1CD23AD20E7065C0EA162662F0FF94E9D2BA1A1F65642A94.jpg"},"logo":{"normalUrl":"https:\/\/cdn.nlziet.nl\/static\/assets\/contentproviders\/npo.png","darkUrl":"https:\/\/cdn.nlziet.nl\/static\/assets\/contentproviders\/dark\/npo.png","flatUrl":"https:\/\/cdn.nlziet.nl\/static\/assets\/contentproviders\/flat\/npo.png"},"tags":[],"seriesId":"7QrOqPrilEGeM3pgWB1w1A"},{"id":"5w78_PogQEqsACkAOZUtoA","type":"Vod","title":"Zappsport","subtitle":"Zappsport","description":"TROS, NPO Zapp - Sportmagazine voor de jeugd. In The Battle strijden de jongens tegen de meisjes in een bepaalde sport. Kinderen met een sportprobleem worden in de 'Hellup' geholpen door een beroemde topsporter. De reportage doet verslag van jonge talenten die met een belangrijk toernooi nummer \u00e9\u00e9n hopen te worden. De vetste trucks worden uitgelegd in 'The Move' waarin kids laten zien wat ze kunnen. Rondom grote sporttoernooien zijn er ook regelmatig specials te zien...","formattedEpisodeNumbering":null,"formattedDate":"Za 27 okt. 2012","formattedDateShort":"Okt. 2012","formattedTime":"08:55","formattedDuration":"15m","formattedAvailabilityWindow":null,"formattedAvailabilityWindowShort":null,"image":{"portraitUrl":null,"landscapeUrl":"https:\/\/images.nlziet.nl\/metadataimportimages\/source\/9107B967245FA80185565142852AA980EF0A619E218A18B2FF53E032EE8C8987.jpg"},"logo":{"normalUrl":"https:\/\/cdn.nlziet.nl\/static\/assets\/contentproviders\/npo.png","darkUrl":"https:\/\/cdn.nlziet.nl\/static\/assets\/contentproviders\/dark\/npo.png","flatUrl":"https:\/\/cdn.nlziet.nl\/static\/assets\/contentproviders\/flat\/npo.png"},"tags":[],"seriesId":"7QrOqPrilEGeM3pgWB1w1A"},{"id":"3b_LIYIoREi5zr08osSaOA","type":"Vod","title":"Zappsport","subtitle":"Zappsport","description":"TROS, NPO Zapp - Sportmagazine voor de jeugd. In The Battle strijden de jongens tegen de meisjes in een bepaalde sport. Kinderen met een sportprobleem worden in de 'Hellup' geholpen door een beroemde topsporter. De reportage doet verslag van jonge talenten die met een belangrijk toernooi nummer \u00e9\u00e9n hopen te worden. De vetste trucks worden uitgelegd in 'The Move' waarin kids laten zien wat ze kunnen. Rondom grote sporttoernooien zijn er ook regelmatig specials te zien...","formattedEpisodeNumbering":null,"formattedDate":"Zo 21 okt. 2012","formattedDateShort":"Okt. 2012","formattedTime":"08:40","formattedDuration":"20m","formattedAvailabilityWindow":null,"formattedAvailabilityWindowShort":null,"image":{"portraitUrl":null,"landscapeUrl":"https:\/\/images.nlziet.nl\/metadataimportimages\/source\/102ACBD36625F47C0736D8E2F481E13B4CB89E203D5B90F10D0267BC04596C7C.jpg"},"logo":{"normalUrl":"https:\/\/cdn.nlziet.nl\/static\/assets\/contentproviders\/npo.png","darkUrl":"https:\/\/cdn.nlziet.nl\/static\/assets\/contentproviders\/dark\/npo.png","flatUrl":"https:\/\/cdn.nlziet.nl\/static\/assets\/contentproviders\/flat\/npo.png"},"tags":[],"seriesId":"7QrOqPrilEGeM3pgWB1w1A"},{"id":"kmuf2tIDrEeAdZS7u5R3Ig","type":"Vod","title":"Zappsport","subtitle":"Zappsport","description":"TROS, NPO Zapp - Sportmagazine voor de jeugd. In The Battle strijden de jongens tegen de meisjes in een bepaalde sport. Kinderen met een sportprobleem worden in de 'Hellup' geholpen door een beroemde topsporter. De reportage doet verslag van jonge talenten die met een belangrijk toernooi nummer \u00e9\u00e9n hopen te worden. De vetste trucks worden uitgelegd in 'The Move' waarin kids laten zien wat ze kunnen. Rondom grote sporttoernooien zijn er ook regelmatig specials te zien...","formattedEpisodeNumbering":null,"formattedDate":"Za 20 okt. 2012","formattedDateShort":"Okt. 2012","formattedTime":"08:55","formattedDuration":"15m","formattedAvailabilityWindow":null,"formattedAvailabilityWindowShort":null,"image":{"portraitUrl":null,"landscapeUrl":"https:\/\/images.nlziet.nl\/metadataimportimages\/source\/EF6BD0CBC8CDC87CEC75879F4263D214D5088C01F6A38CBD753FE9A5A3F11671.jpg"},"logo":{"normalUrl":"https:\/\/cdn.nlziet.nl\/static\/assets\/contentproviders\/npo.png","darkUrl":"https:\/\/cdn.nlziet.nl\/static\/assets\/contentproviders\/dark\/npo.png","flatUrl":"https:\/\/cdn.nlziet.nl\/static\/assets\/contentproviders\/flat\/npo.png"},"tags":[],"seriesId":"7QrOqPrilEGeM3pgWB1w1A"},{"id":"lPb-fR1GdEK7sfERXd5vzQ","type":"Vod","title":"Zappsport","subtitle":"Zappsport","description":"TROS, NPO Zapp - Sportmagazine voor de jeugd. In The Battle strijden de jongens tegen de meisjes in een bepaalde sport. Kinderen met een sportprobleem worden in de 'Hellup' geholpen door een beroemde topsporter. De reportage doet verslag van jonge talenten die met een belangrijk toernooi nummer \u00e9\u00e9n hopen te worden. De vetste trucks worden uitgelegd in 'The Move' waarin kids laten zien wat ze kunnen. Rondom grote sporttoernooien zijn er ook regelmatig specials te zien...","formattedEpisodeNumbering":null,"formattedDate":"Zo 14 okt. 2012","formattedDateShort":"Okt. 2012","formattedTime":"08:40","formattedDuration":"15m","formattedAvailabilityWindow":null,"formattedAvailabilityWindowShort":null,"image":{"portraitUrl":null,"landscapeUrl":"https:\/\/images.nlziet.nl\/metadataimportimages\/source\/05DBACBE88D705F2405BB3CF232A821BB69559402F16195E940F321679869533.jpg"},"logo":{"normalUrl":"https:\/\/cdn.nlziet.nl\/static\/assets\/contentproviders\/npo.png","darkUrl":"https:\/\/cdn.nlziet.nl\/static\/assets\/contentproviders\/dark\/npo.png","flatUrl":"https:\/\/cdn.nlziet.nl\/static\/assets\/contentproviders\/flat\/npo.png"},"tags":[],"seriesId":"7QrOqPrilEGeM3pgWB1w1A"},{"id":"A1UvyaAEM0OiZJY0CNx-IQ","type":"Vod","title":"Zappsport","subtitle":"Zappsport","description":"TROS, NPO Zapp - Sportmagazine voor de jeugd. In The Battle strijden de jongens tegen de meisjes in een bepaalde sport. Kinderen met een sportprobleem worden in de 'Hellup' geholpen door een beroemde topsporter. De reportage doet verslag van jonge talenten die met een belangrijk toernooi nummer \u00e9\u00e9n hopen te worden. De vetste trucks worden uitgelegd in 'The Move' waarin kids laten zien wat ze kunnen. Rondom grote sporttoernooien zijn er ook regelmatig specials te zien...","formattedEpisodeNumbering":null,"formattedDate":"Za 13 okt. 2012","formattedDateShort":"Okt. 2012","formattedTime":"08:55","formattedDuration":"15m","formattedAvailabilityWindow":null,"formattedAvailabilityWindowShort":null,"image":{"portraitUrl":null,"landscapeUrl":"https:\/\/images.nlziet.nl\/metadataimportimages\/source\/8BEC1859DE8BA273225FABA93EC5770A00838EF75655220E370F4388633AA3EA.jpg"},"logo":{"normalUrl":"https:\/\/cdn.nlziet.nl\/static\/assets\/contentproviders\/npo.png","darkUrl":"https:\/\/cdn.nlziet.nl\/static\/assets\/contentproviders\/dark\/npo.png","flatUrl":"https:\/\/cdn.nlziet.nl\/static\/assets\/contentproviders\/flat\/npo.png"},"tags":[],"seriesId":"7QrOqPrilEGeM3pgWB1w1A"},{"id":"IUjAjduKaUeOrMVUBfYEHQ","type":"Vod","title":"Zappsport","subtitle":"Zappsport","description":"TROS, NPO Zapp - Sportmagazine voor de jeugd. In The Battle strijden de jongens tegen de meisjes in een bepaalde sport. Kinderen met een sportprobleem worden in de 'Hellup' geholpen door een beroemde topsporter. De reportage doet verslag van jonge talenten die met een belangrijk toernooi nummer \u00e9\u00e9n hopen te worden. De vetste trucks worden uitgelegd in 'The Move' waarin kids laten zien wat ze kunnen. Rondom grote sporttoernooien zijn er ook regelmatig specials te zien...","formattedEpisodeNumbering":null,"formattedDate":"Zo 7 okt. 2012","formattedDateShort":"Okt. 2012","formattedTime":"08:40","formattedDuration":"15m","formattedAvailabilityWindow":null,"formattedAvailabilityWindowShort":null,"image":{"portraitUrl":null,"landscapeUrl":"https:\/\/images.nlziet.nl\/metadataimportimages\/source\/DFF6C2C843AEA5A3D16140A0609225044A7EFD30E662658CAF6B72483219CFC9.jpg"},"logo":{"normalUrl":"https:\/\/cdn.nlziet.nl\/static\/assets\/contentproviders\/npo.png","darkUrl":"https:\/\/cdn.nlziet.nl\/static\/assets\/contentproviders\/dark\/npo.png","flatUrl":"https:\/\/cdn.nlziet.nl\/static\/assets\/contentproviders\/flat\/npo.png"},"tags":[],"seriesId":"7QrOqPrilEGeM3pgWB1w1A"},{"id":"1xXVFwbVwkmEPSsOjBN8RA","type":"Vod","title":"Zappsport","subtitle":"Zappsport","description":"TROS, NPO Zapp - Sportmagazine voor de jeugd. In The Battle strijden de jongens tegen de meisjes in een bepaalde sport. Kinderen met een sportprobleem worden in de 'Hellup' geholpen door een beroemde topsporter. De reportage doet verslag van jonge talenten die met een belangrijk toernooi nummer \u00e9\u00e9n hopen te worden. De vetste trucks worden uitgelegd in 'The Move' waarin kids laten zien wat ze kunnen. Rondom grote sporttoernooien zijn er ook regelmatig specials te zien...","formattedEpisodeNumbering":null,"formattedDate":"Za 6 okt. 2012","formattedDateShort":"Okt. 2012","formattedTime":"08:55","formattedDuration":"15m","formattedAvailabilityWindow":null,"formattedAvailabilityWindowShort":null,"image":{"portraitUrl":null,"landscapeUrl":"https:\/\/images.nlziet.nl\/metadataimportimages\/source\/96021B7E3F2C0B735C9B37CA42CB7364B0E3D2E3D8ED652112302AE78A50486E.jpg"},"logo":{"normalUrl":"https:\/\/cdn.nlziet.nl\/static\/assets\/contentproviders\/npo.png","darkUrl":"https:\/\/cdn.nlziet.nl\/static\/assets\/contentproviders\/dark\/npo.png","flatUrl":"https:\/\/cdn.nlziet.nl\/static\/assets\/contentproviders\/flat\/npo.png"},"tags":[],"seriesId":"7QrOqPrilEGeM3pgWB1w1A"},{"id":"Cx-9uhmCSkCv_T46TuJNpQ","type":"Vod","title":"Zappsport","subtitle":"Z@ppSport","description":"TROS, NPO Zapp - Sportmagazine voor de jeugd. Kinderen met een sportprobleem worden geholpen door een beroemde topsporter. In de reportage doen jonge talenten verslag van een belangrijk toernooi waar ze hopen nummer \u00e9\u00e9n te worden. De coolste tricks worden uitgelegd in The Move. Kids die een bijzondere sport doen, laten zien wat ze kunnen. Verder zijn er kortlopende series, zoals de Multisportkampsoap. Hierin zijn de belevenissen te volgen van een groep eigenwijze vrienden die op zomerkamp gaan.","formattedEpisodeNumbering":null,"formattedDate":"Zo 30 sep. 2012","formattedDateShort":"Sep. 2012","formattedTime":"08:40","formattedDuration":"15m","formattedAvailabilityWindow":null,"formattedAvailabilityWindowShort":null,"image":{"portraitUrl":null,"landscapeUrl":"https:\/\/images.nlziet.nl\/metadataimportimages\/source\/E6E403E4CC2E9001911DBAFEB1EBA539E2A98E2080D1EB40460C4688DE0F978F.jpg"},"logo":{"normalUrl":"https:\/\/cdn.nlziet.nl\/static\/assets\/contentproviders\/npo.png","darkUrl":"https:\/\/cdn.nlziet.nl\/static\/assets\/contentproviders\/dark\/npo.png","flatUrl":"https:\/\/cdn.nlziet.nl\/static\/assets\/contentproviders\/flat\/npo.png"},"tags":[],"seriesId":"7QrOqPrilEGeM3pgWB1w1A"},{"id":"dANLdbHox0C7Uyli769IYQ","type":"Vod","title":"Zappsport","subtitle":"Z@ppSport","description":"TROS, NPO Zapp - Sportmagazine voor de jeugd. Kinderen met een sportprobleem worden geholpen door een beroemde topsporter. In de reportage doen jonge talenten verslag van een belangrijk toernooi waar ze hopen nummer \u00e9\u00e9n te worden. De coolste tricks worden uitgelegd in The Move. Kids die een bijzondere sport doen, laten zien wat ze kunnen. Verder zijn er kortlopende series, zoals de Multisportkampsoap. Hierin zijn de belevenissen te volgen van een groep eigenwijze vrienden die op zomerkamp gaan.","formattedEpisodeNumbering":null,"formattedDate":"Za 29 sep. 2012","formattedDateShort":"Sep. 2012","formattedTime":"08:55","formattedDuration":"15m","formattedAvailabilityWindow":null,"formattedAvailabilityWindowShort":null,"image":{"portraitUrl":null,"landscapeUrl":"https:\/\/images.nlziet.nl\/metadataimportimages\/source\/2BD9B62CA25AE7A0CD38548016BF35363C9A56BD3E34FC2A1EE6F883CFE1EC40.jpg"},"logo":{"normalUrl":"https:\/\/cdn.nlziet.nl\/static\/assets\/contentproviders\/npo.png","darkUrl":"https:\/\/cdn.nlziet.nl\/static\/assets\/contentproviders\/dark\/npo.png","flatUrl":"https:\/\/cdn.nlziet.nl\/static\/assets\/contentproviders\/flat\/npo.png"},"tags":[],"seriesId":"7QrOqPrilEGeM3pgWB1w1A"},{"id":"iUkVLcMgFE-jKU5TYQ-y2A","type":"Vod","title":"Zappsport","subtitle":"Z@ppSport","description":"TROS, NPO Zapp - Sportmagazine voor de jeugd. Kinderen met een sportprobleem worden geholpen door een beroemde topsporter. In de reportage doen jonge talenten verslag van een belangrijk toernooi waar ze hopen nummer \u00e9\u00e9n te worden. De coolste tricks worden uitgelegd in The Move. Kids die een bijzondere sport doen, laten zien wat ze kunnen. Verder zijn er kortlopende series, zoals de Multisportkampsoap. Hierin zijn de belevenissen te volgen van een groep eigenwijze vrienden die op zomerkamp gaan.","formattedEpisodeNumbering":null,"formattedDate":"Zo 23 sep. 2012","formattedDateShort":"Sep. 2012","formattedTime":"08:40","formattedDuration":"15m","formattedAvailabilityWindow":null,"formattedAvailabilityWindowShort":null,"image":{"portraitUrl":null,"landscapeUrl":"https:\/\/images.nlziet.nl\/metadataimportimages\/source\/D95A8C3E5074E5C71E5DD706D49736C3D9BC31411931410780D2C70357A79F67.jpg"},"logo":{"normalUrl":"https:\/\/cdn.nlziet.nl\/static\/assets\/contentproviders\/npo.png","darkUrl":"https:\/\/cdn.nlziet.nl\/static\/assets\/contentproviders\/dark\/npo.png","flatUrl":"https:\/\/cdn.nlziet.nl\/static\/assets\/contentproviders\/flat\/npo.png"},"tags":[],"seriesId":"7QrOqPrilEGeM3pgWB1w1A"},{"id":"iKvNTbbaSEC-cgyIWYL6CA","type":"Vod","title":"Zappsport","subtitle":"Z@ppSport","description":"TROS, NPO Zapp - Sportmagazine voor de jeugd. Kinderen met een sportprobleem worden geholpen door een beroemde topsporter. In de reportage doen jonge talenten verslag van een belangrijk toernooi waar ze hopen nummer \u00e9\u00e9n te worden. De coolste tricks worden uitgelegd in The Move. Kids die een bijzondere sport doen, laten zien wat ze kunnen. Verder zijn er kortlopende series, zoals de Multisportkampsoap. Hierin zijn de belevenissen te volgen van een groep eigenwijze vrienden die op zomerkamp gaan.","formattedEpisodeNumbering":null,"formattedDate":"Za 22 sep. 2012","formattedDateShort":"Sep. 2012","formattedTime":"08:50","formattedDuration":"15m","formattedAvailabilityWindow":null,"formattedAvailabilityWindowShort":null,"image":{"portraitUrl":null,"landscapeUrl":"https:\/\/images.nlziet.nl\/metadataimportimages\/source\/A0177F155D8F7C19F600ACF56E75B0608A424710C5AB25C657BF449A7AEC0FCE.jpg"},"logo":{"normalUrl":"https:\/\/cdn.nlziet.nl\/static\/assets\/contentproviders\/npo.png","darkUrl":"https:\/\/cdn.nlziet.nl\/static\/assets\/contentproviders\/dark\/npo.png","flatUrl":"https:\/\/cdn.nlziet.nl\/static\/assets\/contentproviders\/flat\/npo.png"},"tags":[],"seriesId":"7QrOqPrilEGeM3pgWB1w1A"},{"id":"sYuvquF850iNRUu1--szPQ","type":"Vod","title":"Zappsport","subtitle":"Z@ppSport","description":"TROS, NPO Zapp - Sportmagazine voor de jeugd. Kinderen met een sportprobleem worden geholpen door een beroemde topsporter. In de reportage doen jonge talenten verslag van een belangrijk toernooi waar ze hopen nummer \u00e9\u00e9n te worden. De coolste tricks worden uitgelegd in The Move. Kids die een bijzondere sport doen, laten zien wat ze kunnen. Verder zijn er kortlopende series, zoals de Multisportkampsoap. Hierin zijn de belevenissen te volgen van een groep eigenwijze vrienden die op zomerkamp gaan.","formattedEpisodeNumbering":null,"formattedDate":"Zo 16 sep. 2012","formattedDateShort":"Sep. 2012","formattedTime":"08:40","formattedDuration":"20m","formattedAvailabilityWindow":null,"formattedAvailabilityWindowShort":null,"image":{"portraitUrl":null,"landscapeUrl":"https:\/\/images.nlziet.nl\/metadataimportimages\/source\/3C76A41F362A745BFA993382E229B00EB6B89A37CFD90DF917C166CFF39DB491.jpg"},"logo":{"normalUrl":"https:\/\/cdn.nlziet.nl\/static\/assets\/contentproviders\/npo.png","darkUrl":"https:\/\/cdn.nlziet.nl\/static\/assets\/contentproviders\/dark\/npo.png","flatUrl":"https:\/\/cdn.nlziet.nl\/static\/assets\/contentproviders\/flat\/npo.png"},"tags":[],"seriesId":"7QrOqPrilEGeM3pgWB1w1A"},{"id":"0GAQgtTaUkStd4Fo3ofpxw","type":"Vod","title":"Zappsport","subtitle":"Z@ppSport","description":"TROS, NPO Zapp - Sportmagazine voor de jeugd. Kinderen met een sportprobleem worden geholpen door een beroemde topsporter. In de reportage doen jonge talenten verslag van een belangrijk toernooi waar ze hopen nummer \u00e9\u00e9n te worden. De coolste tricks worden uitgelegd in The Move. Kids die een bijzondere sport doen, laten zien wat ze kunnen. Verder zijn er kortlopende series, zoals de Multisportkampsoap. Hierin zijn de belevenissen te volgen van een groep eigenwijze vrienden die op zomerkamp gaan.","formattedEpisodeNumbering":null,"formattedDate":"Za 15 sep. 2012","formattedDateShort":"Sep. 2012","formattedTime":"08:40","formattedDuration":"20m","formattedAvailabilityWindow":null,"formattedAvailabilityWindowShort":null,"image":{"portraitUrl":null,"landscapeUrl":"https:\/\/images.nlziet.nl\/metadataimportimages\/source\/9890D68A2622A42D896B9B4645AA0F91D759727878673AF8BBF179CB29780069.jpg"},"logo":{"normalUrl":"https:\/\/cdn.nlziet.nl\/static\/assets\/contentproviders\/npo.png","darkUrl":"https:\/\/cdn.nlziet.nl\/static\/assets\/contentproviders\/dark\/npo.png","flatUrl":"https:\/\/cdn.nlziet.nl\/static\/assets\/contentproviders\/flat\/npo.png"},"tags":[],"seriesId":"7QrOqPrilEGeM3pgWB1w1A"},{"id":"AqbJdN3vt06BRgimQWXE3g","type":"Vod","title":"Zappsport","subtitle":"Z@ppSport","description":"TROS, NPO Zapp - Sportmagazine voor de jeugd. Kinderen met een sportprobleem worden geholpen door een beroemde topsporter. In de reportage doen jonge talenten verslag van een belangrijk toernooi waar ze hopen nummer \u00e9\u00e9n te worden. De coolste tricks worden uitgelegd in The Move. Kids die een bijzondere sport doen, laten zien wat ze kunnen. Verder zijn er kortlopende series, zoals de Multisportkampsoap. Hierin zijn de belevenissen te volgen van een groep eigenwijze vrienden die op zomerkamp gaan.","formattedEpisodeNumbering":null,"formattedDate":"Zo 9 sep. 2012","formattedDateShort":"Sep. 2012","formattedTime":"08:40","formattedDuration":"15m","formattedAvailabilityWindow":null,"formattedAvailabilityWindowShort":null,"image":{"portraitUrl":null,"landscapeUrl":"https:\/\/images.nlziet.nl\/metadataimportimages\/source\/5A7570109F3F417FB7D8B09EC51180ECEAA44D8783F2CD32D453145630C6E485.jpg"},"logo":{"normalUrl":"https:\/\/cdn.nlziet.nl\/static\/assets\/contentproviders\/npo.png","darkUrl":"https:\/\/cdn.nlziet.nl\/static\/assets\/contentproviders\/dark\/npo.png","flatUrl":"https:\/\/cdn.nlziet.nl\/static\/assets\/contentproviders\/flat\/npo.png"},"tags":[],"seriesId":"7QrOqPrilEGeM3pgWB1w1A"},{"id":"L9yl9M5C1USJrS6bkBpjQg","type":"Vod","title":"Zappsport","subtitle":"Z@ppSport","description":"TROS, NPO Zapp - Sportmagazine voor de jeugd. Kinderen met een sportprobleem worden geholpen door een beroemde topsporter. In de reportage doen jonge talenten verslag van een belangrijk toernooi waar ze hopen nummer \u00e9\u00e9n te worden. De coolste tricks worden uitgelegd in The Move. Kids die een bijzondere sport doen, laten zien wat ze kunnen. Verder zijn er kortlopende series, zoals de Multisportkampsoap. Hierin zijn de belevenissen te volgen van een groep eigenwijze vrienden die op zomerkamp gaan.","formattedEpisodeNumbering":null,"formattedDate":"Za 8 sep. 2012","formattedDateShort":"Sep. 2012","formattedTime":"08:45","formattedDuration":"15m","formattedAvailabilityWindow":null,"formattedAvailabilityWindowShort":null,"image":{"portraitUrl":null,"landscapeUrl":"https:\/\/images.nlziet.nl\/metadataimportimages\/source\/1EDD072376FC812B27CE3AA87EFCD34E2D3E2835477297AE9006E65DAA2EAC98.jpg"},"logo":{"normalUrl":"https:\/\/cdn.nlziet.nl\/static\/assets\/contentproviders\/npo.png","darkUrl":"https:\/\/cdn.nlziet.nl\/static\/assets\/contentproviders\/dark\/npo.png","flatUrl":"https:\/\/cdn.nlziet.nl\/static\/assets\/contentproviders\/flat\/npo.png"},"tags":[],"seriesId":"7QrOqPrilEGeM3pgWB1w1A"},{"id":"pl4LIZvZBk2gquHYoh90Vw","type":"Vod","title":"Zappsport","subtitle":"Z@ppSport","description":"TROS, NPO Zapp - Sportmagazine voor de jeugd. Kinderen met een sportprobleem worden geholpen door een beroemde topsporter. In de reportage doen jonge talenten verslag van een belangrijk toernooi waar ze hopen nummer \u00e9\u00e9n te worden. De coolste tricks worden uitgelegd in The Move. Kids die een bijzondere sport doen, laten zien wat ze kunnen. Verder zijn er kortlopende series, zoals de Multisportkampsoap. Hierin zijn de belevenissen te volgen van een groep eigenwijze vrienden die op zomerkamp gaan.","formattedEpisodeNumbering":null,"formattedDate":"Zo 1 jul. 2012","formattedDateShort":"Jul. 2012","formattedTime":"08:40","formattedDuration":"20m","formattedAvailabilityWindow":null,"formattedAvailabilityWindowShort":null,"image":{"portraitUrl":null,"landscapeUrl":"https:\/\/images.nlziet.nl\/metadataimportimages\/source\/8DE074B47C0ABEB5BC35752C1893ED89226E9EBDD08ED024C6FEDD5D4F41D47E.jpg"},"logo":{"normalUrl":"https:\/\/cdn.nlziet.nl\/static\/assets\/contentproviders\/npo.png","darkUrl":"https:\/\/cdn.nlziet.nl\/static\/assets\/contentproviders\/dark\/npo.png","flatUrl":"https:\/\/cdn.nlziet.nl\/static\/assets\/contentproviders\/flat\/npo.png"},"tags":[],"seriesId":"7QrOqPrilEGeM3pgWB1w1A"},{"id":"dDUvgM9Vs0Wmu38_6tyMCg","type":"Vod","title":"Zappsport","subtitle":"Z@ppSport","description":"TROS, NPO Zapp - Sportmagazine voor de jeugd. Kinderen met een sportprobleem worden geholpen door een beroemde topsporter. In de reportage doen jonge talenten verslag van een belangrijk toernooi waar ze hopen nummer \u00e9\u00e9n te worden. De coolste tricks worden uitgelegd in The Move. Kids die een bijzondere sport doen, laten zien wat ze kunnen. Verder zijn er kortlopende series, zoals de Multisportkampsoap. Hierin zijn de belevenissen te volgen van een groep eigenwijze vrienden die op zomerkamp gaan.","formattedEpisodeNumbering":null,"formattedDate":"Za 30 jun. 2012","formattedDateShort":"Jun. 2012","formattedTime":"08:40","formattedDuration":"20m","formattedAvailabilityWindow":null,"formattedAvailabilityWindowShort":null,"image":{"portraitUrl":null,"landscapeUrl":"https:\/\/images.nlziet.nl\/metadataimportimages\/source\/F065365333DEEBE5F1916508363D4288299862391C3008BAE176EE4FC8A33E9B.jpg"},"logo":{"normalUrl":"https:\/\/cdn.nlziet.nl\/static\/assets\/contentproviders\/npo.png","darkUrl":"https:\/\/cdn.nlziet.nl\/static\/assets\/contentproviders\/dark\/npo.png","flatUrl":"https:\/\/cdn.nlziet.nl\/static\/assets\/contentproviders\/flat\/npo.png"},"tags":[],"seriesId":"7QrOqPrilEGeM3pgWB1w1A"},{"id":"s_p3dsoSZ0mX_HwnvCXfKg","type":"Vod","title":"Zappsport","subtitle":"Z@ppSport EK Voetbal","description":"TROS, NPO Zapp - Vanuit Polen en Oekra\u00efne wordt het Nederlands elftal op de voet gevolgd. Welke voetballer van de selectie heeft volgens Rafael van der Vaart de ergste stinkvoeten? Welke Oranjeheld wint het spectaculaire spelersspel? Baltovenaar Soufiane Touzani daagt Robin van Persie uit voor een paar vette moves en Bert van Marwijk geeft tips aan de miljoenen bondscoaches thuis op de bank. Dit en nog veel meer.","formattedEpisodeNumbering":null,"formattedDate":"Za 16 jun. 2012","formattedDateShort":"Jun. 2012","formattedTime":"15:10","formattedDuration":"5m","formattedAvailabilityWindow":null,"formattedAvailabilityWindowShort":null,"image":{"portraitUrl":null,"landscapeUrl":"https:\/\/images.nlziet.nl\/metadataimportimages\/source\/95C388D5CC9FCCCADAC77C967ADF9C1539025E17870B9131CC461DE40E82DD80.jpg"},"logo":{"normalUrl":"https:\/\/cdn.nlziet.nl\/static\/assets\/contentproviders\/npo.png","darkUrl":"https:\/\/cdn.nlziet.nl\/static\/assets\/contentproviders\/dark\/npo.png","flatUrl":"https:\/\/cdn.nlziet.nl\/static\/assets\/contentproviders\/flat\/npo.png"},"tags":[],"seriesId":"7QrOqPrilEGeM3pgWB1w1A"}]