[{"id":"nEOv-rFehESI-61TeqbUpw","type":"Vod","title":"DREAM SCHOOL","subtitle":"","description":"NTR - Lucia Rijker en Eric van 't Zelfde maken met de leerlingen de balans op. Wat heeft 'Dream school' ze geleerd? En uiteraard wordt de rap- en dansclip gepresenteerd.","formattedEpisodeNumbering":"S5:A12","formattedDate":"Ma 6 dec. 2021","formattedDateShort":"Dec. 2021","formattedTime":"21:30","formattedDuration":"1u 9m","formattedAvailabilityWindow":null,"formattedAvailabilityWindowShort":null,"image":{"portraitUrl":null,"landscapeUrl":"https:\/\/images.nlziet.nl\/metadataimportimages\/source\/6DF26D061F0E427D3D36C15236DB9EEA404536ECA01FA7F30503CD20D9F8A593.jpg"},"logo":{"normalUrl":"https:\/\/cdn.nlziet.nl\/static\/assets\/contentproviders\/npo.png","darkUrl":"https:\/\/cdn.nlziet.nl\/static\/assets\/contentproviders\/dark\/npo.png","flatUrl":"https:\/\/cdn.nlziet.nl\/static\/assets\/contentproviders\/flat\/npo.png"},"tags":[],"seriesId":"4m5opRLDFkeeqa97TACkAg"},{"id":"jSQejgAHeEqlyJzNrxK1hA","type":"Vod","title":"DREAM SCHOOL","subtitle":"","description":"NTR - Gastdocenten zijn politicus Rob Jetten en fotograaf Patrick van der Jagt. Lucia Rijker doet een heftige oefening met de leerlingen.","formattedEpisodeNumbering":"S5:A11","formattedDate":"Ma 29 nov. 2021","formattedDateShort":"Nov. 2021","formattedTime":"21:35","formattedDuration":"59m","formattedAvailabilityWindow":null,"formattedAvailabilityWindowShort":null,"image":{"portraitUrl":null,"landscapeUrl":"https:\/\/images.nlziet.nl\/metadataimportimages\/source\/7CD7323F540F05056782C02AD65C0F9F2032F339C1829E906C2D30B5F89A2761.jpg"},"logo":{"normalUrl":"https:\/\/cdn.nlziet.nl\/static\/assets\/contentproviders\/npo.png","darkUrl":"https:\/\/cdn.nlziet.nl\/static\/assets\/contentproviders\/dark\/npo.png","flatUrl":"https:\/\/cdn.nlziet.nl\/static\/assets\/contentproviders\/flat\/npo.png"},"tags":[],"seriesId":"4m5opRLDFkeeqa97TACkAg"},{"id":"Rm0IC0dwRU685JD_qM0L0g","type":"Vod","title":"DREAM SCHOOL","subtitle":"","description":"NTR - Kunstenaar Lita Cabellut komt nog \u00e9\u00e9n keer lesgeven. Wat valt er nog toe te voegen aan de kunstwerken van de leerlingen? Het idee van Lita verbijstert de leerlingen. Gaan ze er in mee? Ook voor de dansclip moet nog flink wat werk verzet worden en dus gaan Vincent Vianen en Juvat Westendorp nogmaals alles op alles zetten met de klas. En daar is wederom politiehond Bumper, natuurlijk met zijn baasje Stephan Verwegen en een collega van Stephan. En ook Bumper heeft een collega mee: politiehond Shooter. De klas kan zich opmaken voor een grensverleggende oefening. Daarvoor moeten ze zich hullen in zogenaamde 'bijtpakken'.","formattedEpisodeNumbering":"S5:A10","formattedDate":"Ma 22 nov. 2021","formattedDateShort":"Nov. 2021","formattedTime":"21:30","formattedDuration":"59m","formattedAvailabilityWindow":null,"formattedAvailabilityWindowShort":null,"image":{"portraitUrl":null,"landscapeUrl":"https:\/\/images.nlziet.nl\/metadataimportimages\/source\/6D454D3F349150730B553C13F7CBF4582C7D53B0236A53FC05035105E2CB4DD0.jpg"},"logo":{"normalUrl":"https:\/\/cdn.nlziet.nl\/static\/assets\/contentproviders\/npo.png","darkUrl":"https:\/\/cdn.nlziet.nl\/static\/assets\/contentproviders\/dark\/npo.png","flatUrl":"https:\/\/cdn.nlziet.nl\/static\/assets\/contentproviders\/flat\/npo.png"},"tags":[],"seriesId":"4m5opRLDFkeeqa97TACkAg"},{"id":"Qefchf2s8ky7ZjrhAwxg2g","type":"Vod","title":"DREAM SCHOOL","subtitle":"","description":"NTR - De acteerles van Rick Paul van Mulligen boort bij sommige leerlingen onvermoede talenten aan. Een nieuw gezicht: Vincent Vianen maakt naast zijn carri\u00e8re als danser en choreograaf ook naam als filmmaker. Juvat Westendorp en Willie Wartaal hebben hem gevraagd om de clip te schieten die ze met de leerlingen gaan maken. Vincents bijdrage geeft de track vleugels. In de sportles van de volgende ochtend wil Lucia iets delen met de groep. Haar boodschap zet de groep op scherp. Natacha Harlequin is er voor haar tweede les. Zij heeft een opvallende transformatie ondergaan die niemand ontgaat. Heeft ze daar misschien een bedoeling mee?","formattedEpisodeNumbering":"S5:A9","formattedDate":"Ma 15 nov. 2021","formattedDateShort":"Nov. 2021","formattedTime":"21:30","formattedDuration":"57m","formattedAvailabilityWindow":null,"formattedAvailabilityWindowShort":null,"image":{"portraitUrl":null,"landscapeUrl":"https:\/\/images.nlziet.nl\/metadataimportimages\/source\/55AB598D04B13E45434DE31780A9EB459DD26606CC635FE936A7880E77955E7F.jpg"},"logo":{"normalUrl":"https:\/\/cdn.nlziet.nl\/static\/assets\/contentproviders\/npo.png","darkUrl":"https:\/\/cdn.nlziet.nl\/static\/assets\/contentproviders\/dark\/npo.png","flatUrl":"https:\/\/cdn.nlziet.nl\/static\/assets\/contentproviders\/flat\/npo.png"},"tags":[],"seriesId":"4m5opRLDFkeeqa97TACkAg"},{"id":"Hw0sE3E6qEWbDRyvqcCv0g","type":"Vod","title":"DREAM SCHOOL","subtitle":"","description":"NTR - Milouska Meulens doet in haar tweede les een moeilijke oefening met de leerlingen over 'jezelf bloot durven geven'. Daarvoor moet je vooral leren omgaan met oordelen van anderen en dat valt menigeen zwaar. Ook Rick Paul van Mulligen is er voor zijn tweede les, die in het teken staat van het stemmetje in je hoofd dat zegt 'ik kan het niet'. De tweede les van Piet Hein Eek is voor Nina bijna niet vol te houden door alle prikkels in het lokaal. Lucia probeert haar te helpen, maar dat laat Nina maar mondjesmaat toe. Intussen tobt Rebecca met de aansporing van Eric om minder \"onzichtbaar\" te zijn en voelt Teun zich niet begrepen door Lucia.","formattedEpisodeNumbering":"S5:A8","formattedDate":"Ma 8 nov. 2021","formattedDateShort":"Nov. 2021","formattedTime":"21:30","formattedDuration":"59m","formattedAvailabilityWindow":null,"formattedAvailabilityWindowShort":null,"image":{"portraitUrl":null,"landscapeUrl":"https:\/\/images.nlziet.nl\/metadataimportimages\/source\/E2440ACFD7752044687316EF1D567A8A12B0360E0502DE932CED1197560AB085.jpg"},"logo":{"normalUrl":"https:\/\/cdn.nlziet.nl\/static\/assets\/contentproviders\/npo.png","darkUrl":"https:\/\/cdn.nlziet.nl\/static\/assets\/contentproviders\/dark\/npo.png","flatUrl":"https:\/\/cdn.nlziet.nl\/static\/assets\/contentproviders\/flat\/npo.png"},"tags":[],"seriesId":"4m5opRLDFkeeqa97TACkAg"},{"id":"SzdsInMs7EOimp6zbXKOTA","type":"Vod","title":"DREAM SCHOOL","subtitle":"","description":"NTR - Lucia Rijker en Eric van 't Zelfde evalueren met de groep hun deelname tot nu toe en dat zorgt voor wrevel bij Valentina en Rebecca. Jaimie blijkt erg te worstelen met haar eigen gedrag. Nazmiye Oral geeft haar tweede les. Ze is verrast over het niveau van de teksten die de jongeren hebben geschreven voor haar huiswerkopdracht 'geef woorden aan dat waar je tot nu toe geen woorden voor had'. Het voordragen daarvan en dus het uitspreken van dingen die nog niet eerder gezegd zijn, maakt veel los. Willie Wartaal en Juvat Westendorp zijn terug voor de track die ze met de groep gaan maken. De overstap van Nazmiye's les naar die van Willie en Juvat blijkt erg groot.","formattedEpisodeNumbering":"S5:A7","formattedDate":"Ma 1 nov. 2021","formattedDateShort":"Nov. 2021","formattedTime":"21:35","formattedDuration":"1u 0m","formattedAvailabilityWindow":null,"formattedAvailabilityWindowShort":null,"image":{"portraitUrl":null,"landscapeUrl":"https:\/\/images.nlziet.nl\/metadataimportimages\/source\/0C8D60782E3C065ED8FCD72C36BF0972B436B1E6146707AC2E7D67162E125D7C.jpg"},"logo":{"normalUrl":"https:\/\/cdn.nlziet.nl\/static\/assets\/contentproviders\/npo.png","darkUrl":"https:\/\/cdn.nlziet.nl\/static\/assets\/contentproviders\/dark\/npo.png","flatUrl":"https:\/\/cdn.nlziet.nl\/static\/assets\/contentproviders\/flat\/npo.png"},"tags":[],"seriesId":"4m5opRLDFkeeqa97TACkAg"},{"id":"BCdodrp8_kGQr_8SF4aMXQ","type":"Vod","title":"DREAM SCHOOL","subtitle":"","description":"NTR - De les van straatfotograaf en ex-verslaafde Patrick van der Jagt geeft Kevin de moed iets te doen waar hij al heel lang tegen opzag. De acteerles van Rick Paul van Mulligen, waarbij de leerlingen elkaars verhaal moeten spelen, geeft de klas vleugels. En door de boodschap van psycholoog Thijs Launspach over het mechanisme van stress durft Sawant iets te onderzoeken wat hij tot nu afwees. De dag kan niet meer stuk als de bekende YouTuber Kaj Gorgels arriveert, maar zijn les over het nut van relativeren valt niet bij iedereen in goede aarde. En als cardioloog Janneke Wittekoek gezond gaat koken met de groep is het geklaag niet van de lucht.","formattedEpisodeNumbering":"S5:A6","formattedDate":"Ma 25 okt. 2021","formattedDateShort":"Okt. 2021","formattedTime":"21:20","formattedDuration":"1u 0m","formattedAvailabilityWindow":null,"formattedAvailabilityWindowShort":null,"image":{"portraitUrl":null,"landscapeUrl":"https:\/\/images.nlziet.nl\/metadataimportimages\/source\/0D18F65FF63E93356BE0E1A2B65FBC339B1E6ED8389A93F57C35F07A64768253.jpg"},"logo":{"normalUrl":"https:\/\/cdn.nlziet.nl\/static\/assets\/contentproviders\/npo.png","darkUrl":"https:\/\/cdn.nlziet.nl\/static\/assets\/contentproviders\/dark\/npo.png","flatUrl":"https:\/\/cdn.nlziet.nl\/static\/assets\/contentproviders\/flat\/npo.png"},"tags":[],"seriesId":"4m5opRLDFkeeqa97TACkAg"},{"id":"7vT3mAWgiU2QXkxqKmK54w","type":"Vod","title":"DREAM SCHOOL","subtitle":"","description":"NTR - Fotograaf Patrick van der Jagt vertelt hoe hij na decennialang verslaafd te zijn geweest het juiste pad vond. Zijn boodschap: het is nooit te laat om een wending aan je leven te geven. De jongeren moeten daarna van hem in duo's een emotie fotograferen, met verrassende resultaten tot gevolg. Dat alles laat onverlet dat het inmiddels aan het rommelen is in de groep. Ergernissen beginnen op te spelen, maar hoe maak je die op een goede manier bespreekbaar? De les van strafpleiter Natacha Harlequin en de tweede les van Lita Cabellut bieden afleiding \u00e9n sturing. De les van Natacha over bewuste en onbewuste keuzes maakt op \u00e9\u00e9n leerling grote indruk.","formattedEpisodeNumbering":"S5:A5","formattedDate":"Ma 18 okt. 2021","formattedDateShort":"Okt. 2021","formattedTime":"21:20","formattedDuration":"1u 0m","formattedAvailabilityWindow":null,"formattedAvailabilityWindowShort":null,"image":{"portraitUrl":null,"landscapeUrl":"https:\/\/images.nlziet.nl\/metadataimportimages\/source\/F894431D9B4F93B773FDA2C365CF2F105E6B7B5B13790AD5C76CF725713245D5.jpg"},"logo":{"normalUrl":"https:\/\/cdn.nlziet.nl\/static\/assets\/contentproviders\/npo.png","darkUrl":"https:\/\/cdn.nlziet.nl\/static\/assets\/contentproviders\/dark\/npo.png","flatUrl":"https:\/\/cdn.nlziet.nl\/static\/assets\/contentproviders\/flat\/npo.png"},"tags":[],"seriesId":"4m5opRLDFkeeqa97TACkAg"},{"id":"vKAcIVtoiEywkR04pF9ZIg","type":"Vod","title":"DREAM SCHOOL","subtitle":"","description":"NTR - Milouska Meulens deelt een aantal gebeurtenissen uit haar verleden, iets wat ze v\u00f3\u00f3r 'Dream school' nog nooit publiekelijk heeft gedaan. Jarenlang heeft ze zich ervoor geschaamd. Ze vraagt de leerlingen twee dingen op te schrijven waarvoor zij zich schamen. Die opdracht maakt veel los. Eric is blij verrast over hoe de leerlingen tot nu met elkaar omgaan, maar bij de volgende les blijkt dat dat wat voorbarig is. De beroemdste politiehond van Nederland, Bumper, is te gast met zijn baasje Stephan Verwegen. Die heeft een opdracht bedacht waarvoor de leerlingen nauw met elkaar moeten samenwerken. En dat stelt de saamhorigheid behoorlijk op de proef.","formattedEpisodeNumbering":"S5:A4","formattedDate":"Ma 4 okt. 2021","formattedDateShort":"Okt. 2021","formattedTime":"21:20","formattedDuration":"56m","formattedAvailabilityWindow":null,"formattedAvailabilityWindowShort":null,"image":{"portraitUrl":null,"landscapeUrl":"https:\/\/images.nlziet.nl\/metadataimportimages\/source\/2171803E50AAF36CBAE122406975BE46155EF2746D1CB42816C0D67D78D36B3C.jpg"},"logo":{"normalUrl":"https:\/\/cdn.nlziet.nl\/static\/assets\/contentproviders\/npo.png","darkUrl":"https:\/\/cdn.nlziet.nl\/static\/assets\/contentproviders\/dark\/npo.png","flatUrl":"https:\/\/cdn.nlziet.nl\/static\/assets\/contentproviders\/flat\/npo.png"},"tags":[],"seriesId":"4m5opRLDFkeeqa97TACkAg"},{"id":"-CHl1vA8REOKKWXjnV1k4g","type":"Vod","title":"DREAM SCHOOL","subtitle":"","description":"NTR - Rapper Willie Wartaal wil de kids leren hun ervaringen om te zetten in een track. Eric en Lucia kijken bewonderend toe hoe hij ze inspireert en ze zelfs zover krijgt om met zijn partner in crime, choreograaf Juvat Westendorp, danspassen in te studeren. E\u00e9n opmerking van Willie baart ze zorgen. Wat hij over stiefouders zegt, kan wel eens verkeerd vallen bij sommigen. Lucia en Eric besluiten hem aan te spreken en wat volgt is niet alleen belangrijk voor de leerlingen, maar ook voor Willie zelf. Nog meer spannende lessen zijn op komst: van basketballer Chatilla van Grinsven over teamgeest en presentator\/schrijver Milouska Meulens over schaamte.","formattedEpisodeNumbering":"S5:A3","formattedDate":"Ma 27 sep. 2021","formattedDateShort":"Sep. 2021","formattedTime":"21:20","formattedDuration":"58m","formattedAvailabilityWindow":null,"formattedAvailabilityWindowShort":null,"image":{"portraitUrl":null,"landscapeUrl":"https:\/\/images.nlziet.nl\/metadataimportimages\/source\/13A8B6CD9C7F3F434C346581C37DA0727D5EB6159CBC6BD597C9543DB034FAA6.jpg"},"logo":{"normalUrl":"https:\/\/cdn.nlziet.nl\/static\/assets\/contentproviders\/npo.png","darkUrl":"https:\/\/cdn.nlziet.nl\/static\/assets\/contentproviders\/dark\/npo.png","flatUrl":"https:\/\/cdn.nlziet.nl\/static\/assets\/contentproviders\/flat\/npo.png"},"tags":[],"seriesId":"4m5opRLDFkeeqa97TACkAg"},{"id":"Nsud5dFjH0-eYV91TXulUA","type":"Vod","title":"DREAM SCHOOL","subtitle":"","description":"NTR - Acteur en schrijver Nazmiye Oral komt lesgeven. Toen zij zo jong was als de leerlingen zat ze ook vast in een realiteit die ze niet wilde. De stappen die ze nam om eruit te komen, zijn de bron van veel van haar werk. Het verhaal van Nazmiye zorgt voor veel tranen, en de overgang naar de les van de idealistische ontwerper Piet Hein Eek is dan ook best groot. De leerlingen moeten een meubel op schaal maken, maar hoe doe je dat? Het geduld van Piet Hein doet wonderen. Sterrenkundige Vincent Icke wil de jongeren daarna bewust maken van onze verbinding met het heelal. Daarmee oogst hij fascinatie, maar bij sommigen ook weerstand.","formattedEpisodeNumbering":"S5:A2","formattedDate":"Ma 20 sep. 2021","formattedDateShort":"Sep. 2021","formattedTime":"21:15","formattedDuration":"56m","formattedAvailabilityWindow":null,"formattedAvailabilityWindowShort":null,"image":{"portraitUrl":null,"landscapeUrl":"https:\/\/images.nlziet.nl\/metadataimportimages\/source\/B7D9BC271A864A43581020998F21DA97748C7C9EDDFBBB130D9EFCD192FB13F4.jpg"},"logo":{"normalUrl":"https:\/\/cdn.nlziet.nl\/static\/assets\/contentproviders\/npo.png","darkUrl":"https:\/\/cdn.nlziet.nl\/static\/assets\/contentproviders\/dark\/npo.png","flatUrl":"https:\/\/cdn.nlziet.nl\/static\/assets\/contentproviders\/flat\/npo.png"},"tags":[],"seriesId":"4m5opRLDFkeeqa97TACkAg"},{"id":"Agn8a-aSt0atEhFMpEko8Q","type":"Vod","title":"DREAM SCHOOL","subtitle":"","description":"NTR - Bokslegende Lucia Rijker en rector Eric van 't Zelfde proberen jongeren die zijn vastgelopen in het reguliere onderwijs weer in beweging te krijgen. Hiervoor trekken ze uitzonderlijke docenten aan. De leerlingen krijgen les van Lita Cabellut, Janneke Wittekoek en Nazmiye Oral.","formattedEpisodeNumbering":"S5:A1","formattedDate":"Ma 13 sep. 2021","formattedDateShort":"Sep. 2021","formattedTime":"21:15","formattedDuration":"1u 1m","formattedAvailabilityWindow":null,"formattedAvailabilityWindowShort":null,"image":{"portraitUrl":null,"landscapeUrl":"https:\/\/images.nlziet.nl\/metadataimportimages\/source\/3AF4354976D54CBECB8EFCC83EE37ABF063091728B81745A2EF7F5572CEB8B46.jpg"},"logo":{"normalUrl":"https:\/\/cdn.nlziet.nl\/static\/assets\/contentproviders\/npo.png","darkUrl":"https:\/\/cdn.nlziet.nl\/static\/assets\/contentproviders\/dark\/npo.png","flatUrl":"https:\/\/cdn.nlziet.nl\/static\/assets\/contentproviders\/flat\/npo.png"},"tags":[],"seriesId":"4m5opRLDFkeeqa97TACkAg"}]