[{"id":"B3hH_C894kCv0EcmdCEIYA","type":"Vod","title":"24 Uur In De E.R.","subtitle":"Afl. 25","description":"RTL5 - Realityserie over de eerstehulpafdeling van St. George's Hospital in Zuid-Londen, een van de grootste ziekenhuizen van Groot-Brittanni\u00eb. De artsen en hulpbehoevende pati\u00ebnten worden 24 uur per dag van dichtbij gevolgd.","formattedEpisodeNumbering":null,"formattedDate":"Ma 4 jul.","formattedDateShort":"Ma 4 jul.","formattedTime":"22:00","formattedDuration":"44m","formattedAvailabilityWindow":"Vandaag nog beschikbaar","formattedAvailabilityWindowShort":"Nog 1 d. beschikbaar","image":{"portraitUrl":null,"landscapeUrl":"https:\/\/images.nlziet.nl\/metadataimportimages\/source\/522987A5C5BC0EFA5595A6164277618ADBA3C44CEBD7C752DCE90994EC750BA7.jpg"},"logo":{"normalUrl":"https:\/\/cdn.nlziet.nl\/static\/assets\/contentproviders\/rtl.png","darkUrl":"https:\/\/cdn.nlziet.nl\/static\/assets\/contentproviders\/dark\/rtl.png","flatUrl":"https:\/\/cdn.nlziet.nl\/static\/assets\/contentproviders\/flat\/rtl.png"},"tags":[],"seriesId":"6xFPBKN0Xk-0sU6crWAQ3A"}]