[{"id":"cQRfaQtZ40mkHB_jozYjkw","type":"Vod","title":"NOS Journaal: 9 mei speech Poetin met gebarentaal","subtitle":"NOS Journaal: 9 mei speech Poetin met gebarentaal","description":"NOS - Met het laatste nieuws, gebeurtenissen van nationaal en internationaal belang en de weersverwachting, live vertaald door een gebarentolk.","formattedEpisodeNumbering":null,"formattedDate":"Ma 9 mei.","formattedDateShort":"Ma 9 mei.","formattedTime":"09:30","formattedDuration":"8m","formattedAvailabilityWindow":null,"formattedAvailabilityWindowShort":null,"image":{"portraitUrl":null,"landscapeUrl":"https:\/\/images.nlziet.nl\/metadataimportimages\/source\/1E89F2ADD59F461E8A04BC611054BFDCD8206E7800B4F80FB8B618D757041E11.jpg"},"logo":{"normalUrl":"https:\/\/cdn.nlziet.nl\/static\/assets\/contentproviders\/npo.png","darkUrl":"https:\/\/cdn.nlziet.nl\/static\/assets\/contentproviders\/dark\/npo.png","flatUrl":"https:\/\/cdn.nlziet.nl\/static\/assets\/contentproviders\/flat\/npo.png"},"tags":[],"seriesId":"6pbrb5qCSEmKJooY61Bb_Q"}]