[{"id":"OuQjVt7iFEKUFo6z55Xofw","type":"Vod","title":"HLF8","subtitle":"Aflevering 65","description":"Met in deze uitzending:\n\n* Frits Barend, Victoria Koblenko, Ronald Molendijk en Mona Keijzer nemen de week \u00e9n de wedstrijd van het Nederlands elftal op het WK door.\n* Luna en zangeres Stefanie over het Junior Eurovisie Songfestival.\n* Dries Roelvink maakte een selectie van de meest opvallende WK-fragmenten.","formattedEpisodeNumbering":null,"formattedDate":"Gisteren","formattedDateShort":"Gisteren","formattedTime":"19:34","formattedDuration":"46m","formattedAvailabilityWindow":null,"formattedAvailabilityWindowShort":null,"image":{"portraitUrl":null,"landscapeUrl":"https:\/\/images.nlziet.nl\/metadataimportimages\/source\/4635E4177BE53A7A82284E9CDB477BFDB0833324C09BD56A7778B1DC9071EDBF.jpg"},"logo":{"normalUrl":"https:\/\/cdn.nlziet.nl\/static\/assets\/contentproviders\/sbs.png","darkUrl":"https:\/\/cdn.nlziet.nl\/static\/assets\/contentproviders\/dark\/sbs.png","flatUrl":"https:\/\/cdn.nlziet.nl\/static\/assets\/contentproviders\/flat\/sbs.png"},"tags":["NewEpisode"],"seriesId":"4vJtYddbpUuwgA3jBVgYaw"},{"id":"cR0-qnenZ0yP3SDdqL8jFg","type":"Vod","title":"HLF8","subtitle":"Aflevering 64","description":"Met in deze uitzending:\n\n* Kris Kross Amsterdam staat in de lijst 'meest succesvolle artiesten van dit decennium'.\n* Dries Roelvink vertelt meer over het WK voetbal in Qatar.\n* Nadia Moussiad over een ontroerende campagne over vluchtelingen.\n* Gijs Staverman over de comeback van Adele.\n* En verder aan tafel Heleen van Royen en Catherine Keyl.","formattedEpisodeNumbering":null,"formattedDate":"Eergisteren","formattedDateShort":"Eergisteren","formattedTime":"19:33","formattedDuration":"48m","formattedAvailabilityWindow":null,"formattedAvailabilityWindowShort":null,"image":{"portraitUrl":null,"landscapeUrl":"https:\/\/images.nlziet.nl\/metadataimportimages\/source\/F6CDBCFFE265C6D9E62E5CB94FB98F249EA3FE16E168596FEDCDE00AF5B9338C.jpg"},"logo":{"normalUrl":"https:\/\/cdn.nlziet.nl\/static\/assets\/contentproviders\/sbs.png","darkUrl":"https:\/\/cdn.nlziet.nl\/static\/assets\/contentproviders\/dark\/sbs.png","flatUrl":"https:\/\/cdn.nlziet.nl\/static\/assets\/contentproviders\/flat\/sbs.png"},"tags":["NewEpisode"],"seriesId":"4vJtYddbpUuwgA3jBVgYaw"},{"id":"qqzy9jWWokuPbaD1y7N-RA","type":"Vod","title":"HLF8","subtitle":"Aflevering 63","description":"Met in deze uitzending:\n\n* Erik Luiten heeft het over de stopbonus bij boeren.\n\n* Dries Roelvink over de meest spraakmakende WK-fragmenten.\n\n* Ook Merel Ek, Maxim Hartman, Jan Vlug en Yesim Candan schuiven aan tafel aan om te praten over reclame van kinky teddyberen en de meefietslijn.","formattedEpisodeNumbering":null,"formattedDate":"Wo 23 nov.","formattedDateShort":"Wo 23 nov.","formattedTime":"19:33","formattedDuration":"47m","formattedAvailabilityWindow":null,"formattedAvailabilityWindowShort":null,"image":{"portraitUrl":null,"landscapeUrl":"https:\/\/images.nlziet.nl\/metadataimportimages\/source\/161B7D18C15949130F4355645BF8540BBA71CCDED1D99D7BDA81CBC56CC108E3.jpg"},"logo":{"normalUrl":"https:\/\/cdn.nlziet.nl\/static\/assets\/contentproviders\/sbs.png","darkUrl":"https:\/\/cdn.nlziet.nl\/static\/assets\/contentproviders\/dark\/sbs.png","flatUrl":"https:\/\/cdn.nlziet.nl\/static\/assets\/contentproviders\/flat\/sbs.png"},"tags":[],"seriesId":"4vJtYddbpUuwgA3jBVgYaw"},{"id":"Sql2WdfsYUCgZU0M93GbXw","type":"Vod","title":"HLF8","subtitle":"Aflevering 62","description":"Met in deze uitzending:\n\n* Albert Verlinde vertelt over de terugkeer van de 'Grease'-musical.\n\n* Sam Hagens en Fred Teeven schuiven aan om het over politiek te hebben.\n\n* Dries Roelvink over de meest spraakmakende WK-fragmenten.\n\n* Jack van Gelder en Fidan Ekiz buigen zich over het vertrek van Frans Klein en een boze Sylvana Simons.","formattedEpisodeNumbering":null,"formattedDate":"Di 22 nov.","formattedDateShort":"Di 22 nov.","formattedTime":"19:33","formattedDuration":"47m","formattedAvailabilityWindow":null,"formattedAvailabilityWindowShort":null,"image":{"portraitUrl":null,"landscapeUrl":"https:\/\/images.nlziet.nl\/metadataimportimages\/source\/AA68720C766ABDB9F5291E74C76D8875FFAAC07710EDCFAC4C8063A046EA62E7.jpg"},"logo":{"normalUrl":"https:\/\/cdn.nlziet.nl\/static\/assets\/contentproviders\/sbs.png","darkUrl":"https:\/\/cdn.nlziet.nl\/static\/assets\/contentproviders\/dark\/sbs.png","flatUrl":"https:\/\/cdn.nlziet.nl\/static\/assets\/contentproviders\/flat\/sbs.png"},"tags":[],"seriesId":"4vJtYddbpUuwgA3jBVgYaw"},{"id":"rf8188MYC0GdAeIq8WZ4lg","type":"Vod","title":"HLF8","subtitle":"Aflevering 61","description":"Met in deze uitzending:\n* Aad de Mos en Aletha Leidelmeijer praten over de wedstrijd van Oranje.\n\n* Allard Kalff bespreekt de laatste zege van Max Verstappen van dit seizoen.\n\n* Dries Roelvink vertelt meer over het WK voetbal in Qatar.\n\n* Saskia Geraerts, dominee Gremdaat, Filemon Wesselink en Roos Schlikker buigen zich over de vraag of Matthijs van Nieuwkerk kan terugkeren op tv of niet.","formattedEpisodeNumbering":null,"formattedDate":"Ma 21 nov.","formattedDateShort":"Ma 21 nov.","formattedTime":"19:33","formattedDuration":"47m","formattedAvailabilityWindow":null,"formattedAvailabilityWindowShort":null,"image":{"portraitUrl":null,"landscapeUrl":"https:\/\/images.nlziet.nl\/metadataimportimages\/source\/E4481259F7757D80504FCB72E53BA38FDCDFC864806349E42D73B57CE005582B.jpg"},"logo":{"normalUrl":"https:\/\/cdn.nlziet.nl\/static\/assets\/contentproviders\/sbs.png","darkUrl":"https:\/\/cdn.nlziet.nl\/static\/assets\/contentproviders\/dark\/sbs.png","flatUrl":"https:\/\/cdn.nlziet.nl\/static\/assets\/contentproviders\/flat\/sbs.png"},"tags":[],"seriesId":"4vJtYddbpUuwgA3jBVgYaw"},{"id":"Zq4dgVXOYE224mrfdrOtjQ","type":"Vod","title":"HLF8","subtitle":"Aflevering 60","description":"Met in deze uitzending:\n* Jan Slagter, Jack van Gelder, Patty Brard en Qucee praten over onder meer het WK in Qatar, talkshows en Wereld toilet dag.\n\n* Joris Peters en Saskia Geraerts bespreken de Mallorca-zaak.\n\n* BENR treedt op.","formattedEpisodeNumbering":null,"formattedDate":"Vr 18 nov.","formattedDateShort":"Vr 18 nov.","formattedTime":"19:34","formattedDuration":"46m","formattedAvailabilityWindow":null,"formattedAvailabilityWindowShort":null,"image":{"portraitUrl":null,"landscapeUrl":"https:\/\/images.nlziet.nl\/metadataimportimages\/source\/86935CB7643D526DA1207C6975B174BDB5BFB105E59BF9FD8F56318C2383AEE7.jpg"},"logo":{"normalUrl":"https:\/\/cdn.nlziet.nl\/static\/assets\/contentproviders\/sbs.png","darkUrl":"https:\/\/cdn.nlziet.nl\/static\/assets\/contentproviders\/dark\/sbs.png","flatUrl":"https:\/\/cdn.nlziet.nl\/static\/assets\/contentproviders\/flat\/sbs.png"},"tags":[],"seriesId":"4vJtYddbpUuwgA3jBVgYaw"},{"id":"Iy6jpZHZk0Cj4m_6D3SClg","type":"Vod","title":"HLF8","subtitle":"Aflevering 59","description":"Met in deze uitzending:\n\n* Wierd Duk over de uitspraak tegen verdachten van het neerhalen van vlucht MH17.\n\n* Diederik Gommers bespreekt dat het duizend dagen geleden is dat Nederland werd getroffen door de corona-uitbraak.\n\n* Francis van Broekhuizen, Merel Ek, Frans Duijts over o.a. Thijs R\u00f6mer, Twitter en De Toppers.","formattedEpisodeNumbering":null,"formattedDate":"Do 17 nov.","formattedDateShort":"Do 17 nov.","formattedTime":"19:34","formattedDuration":"47m","formattedAvailabilityWindow":null,"formattedAvailabilityWindowShort":null,"image":{"portraitUrl":null,"landscapeUrl":"https:\/\/images.nlziet.nl\/metadataimportimages\/source\/76CA62B2AB8EA9F8DDDD455D237159F4345C8A6C84F14E3033FC2D54083F379F.jpg"},"logo":{"normalUrl":"https:\/\/cdn.nlziet.nl\/static\/assets\/contentproviders\/sbs.png","darkUrl":"https:\/\/cdn.nlziet.nl\/static\/assets\/contentproviders\/dark\/sbs.png","flatUrl":"https:\/\/cdn.nlziet.nl\/static\/assets\/contentproviders\/flat\/sbs.png"},"tags":[],"seriesId":"4vJtYddbpUuwgA3jBVgYaw"},{"id":"amF7bZZ_eU-BQNrZySqHzQ","type":"Vod","title":"HLF8","subtitle":"Aflevering 58","description":"Met in deze uitzending:\n* De bedreiging van journalisten en advocaten is een groot probleem volgens advocaat Jan Vlug. \n* Jan Versteegh vindt het vaderschap soms doodvermoeiend. \n* Verder aan tafel: Frits Barend, Yesim Candan en Bobbi Eden praten over Oranje, sperma \u00e9n de Hand van God.","formattedEpisodeNumbering":null,"formattedDate":"Wo 16 nov.","formattedDateShort":"Wo 16 nov.","formattedTime":"19:32","formattedDuration":"48m","formattedAvailabilityWindow":null,"formattedAvailabilityWindowShort":null,"image":{"portraitUrl":null,"landscapeUrl":"https:\/\/images.nlziet.nl\/metadataimportimages\/source\/B60DA9B03D5082395572ABED927F4060EAA88BD4706E0F90AF69BAB05082ADB6.jpg"},"logo":{"normalUrl":"https:\/\/cdn.nlziet.nl\/static\/assets\/contentproviders\/sbs.png","darkUrl":"https:\/\/cdn.nlziet.nl\/static\/assets\/contentproviders\/dark\/sbs.png","flatUrl":"https:\/\/cdn.nlziet.nl\/static\/assets\/contentproviders\/flat\/sbs.png"},"tags":[],"seriesId":"4vJtYddbpUuwgA3jBVgYaw"},{"id":"XUdEza6vm02w5UvtpF7f-g","type":"Vod","title":"HLF8","subtitle":"Aflevering 57","description":"Met in deze uitzending:\n* Yeliz \u00c7i\u00e7ek over het nieuwe boek van Michelle Obama over angsten. \n* Lilian Marijnissen over mensen met verward gedrag en hoe ermee om te gaan. \n* Verder te gast: Rutger Castricum, Fidan Ekiz en Tina Nijkamp over o.a. reality datingprogramma's \u00e9n er zijn vandaag acht miljard mensen op de wereld!","formattedEpisodeNumbering":null,"formattedDate":"Di 15 nov.","formattedDateShort":"Di 15 nov.","formattedTime":"19:33","formattedDuration":"48m","formattedAvailabilityWindow":null,"formattedAvailabilityWindowShort":null,"image":{"portraitUrl":null,"landscapeUrl":"https:\/\/images.nlziet.nl\/metadataimportimages\/source\/18399334269D0229A70EDB6B4693B14746E6C683A2118D85DF4D1BA6880063A0.jpg"},"logo":{"normalUrl":"https:\/\/cdn.nlziet.nl\/static\/assets\/contentproviders\/sbs.png","darkUrl":"https:\/\/cdn.nlziet.nl\/static\/assets\/contentproviders\/dark\/sbs.png","flatUrl":"https:\/\/cdn.nlziet.nl\/static\/assets\/contentproviders\/flat\/sbs.png"},"tags":[],"seriesId":"4vJtYddbpUuwgA3jBVgYaw"},{"id":"51ezbvlXUUOignufV6R5qQ","type":"Vod","title":"HLF8","subtitle":"Aflevering 56","description":"Met in deze uitzending:\n\n* Nil\u00fcfer G\u00fcndogan over de uitspraken van FVD-er Gideon van Meijeren.\n* Sander Lantinga over de muziek Top 1000 Allertijden.\n* Dominee Gremdaat sluit de maandag af.\n* En verder aan tafel: Jack van Gelder, Mona Keijzer, Heleen van Royen en Diana Kuip.","formattedEpisodeNumbering":null,"formattedDate":"Ma 14 nov.","formattedDateShort":"Ma 14 nov.","formattedTime":"19:34","formattedDuration":"47m","formattedAvailabilityWindow":null,"formattedAvailabilityWindowShort":null,"image":{"portraitUrl":null,"landscapeUrl":"https:\/\/images.nlziet.nl\/metadataimportimages\/source\/0635AED086C682895A9E7B524023FF9C57CE1106017A1DAAF6D967399414E949.jpg"},"logo":{"normalUrl":"https:\/\/cdn.nlziet.nl\/static\/assets\/contentproviders\/sbs.png","darkUrl":"https:\/\/cdn.nlziet.nl\/static\/assets\/contentproviders\/dark\/sbs.png","flatUrl":"https:\/\/cdn.nlziet.nl\/static\/assets\/contentproviders\/flat\/sbs.png"},"tags":[],"seriesId":"4vJtYddbpUuwgA3jBVgYaw"},{"id":"WhKP-TfAvUW51WRxiGC-qQ","type":"Vod","title":"HLF8","subtitle":"Aflevering 55","description":"Livetalkshow. De presentator ontvangt aan tafel een aantal gasten om de dag door te nemen.","formattedEpisodeNumbering":null,"formattedDate":"Vr 11 nov.","formattedDateShort":"Vr 11 nov.","formattedTime":"19:33","formattedDuration":"48m","formattedAvailabilityWindow":null,"formattedAvailabilityWindowShort":null,"image":{"portraitUrl":null,"landscapeUrl":"https:\/\/images.nlziet.nl\/metadataimportimages\/source\/8C0A4A27C4B03DB7784EEDB5F8187A8D11752F55E7B6C1378A10187C53A97A10.jpg"},"logo":{"normalUrl":"https:\/\/cdn.nlziet.nl\/static\/assets\/contentproviders\/sbs.png","darkUrl":"https:\/\/cdn.nlziet.nl\/static\/assets\/contentproviders\/dark\/sbs.png","flatUrl":"https:\/\/cdn.nlziet.nl\/static\/assets\/contentproviders\/flat\/sbs.png"},"tags":[],"seriesId":"4vJtYddbpUuwgA3jBVgYaw"},{"id":"05gdiV43a0eVbKE63KFRXQ","type":"Vod","title":"HLF8","subtitle":"Aflevering 54","description":"Met in deze uitzending:\n* Iris Enthoven vertelt over haar deelname aan 'Kamp van Koningsbrugge'.\n\n* Maarten van Ooijen bespreekt de onmisbaarheid van mantelzorgers.\n\n* Verder aan tafel: Frits Huffnagel, Raymond Mens en Filemon Wesselink.","formattedEpisodeNumbering":null,"formattedDate":"Do 10 nov.","formattedDateShort":"Do 10 nov.","formattedTime":"19:33","formattedDuration":"47m","formattedAvailabilityWindow":null,"formattedAvailabilityWindowShort":null,"image":{"portraitUrl":null,"landscapeUrl":"https:\/\/images.nlziet.nl\/metadataimportimages\/source\/620FDD025B125C5932DEC676776727EE591EFC712FED8F4DE2814D6DFD1596EB.jpg"},"logo":{"normalUrl":"https:\/\/cdn.nlziet.nl\/static\/assets\/contentproviders\/sbs.png","darkUrl":"https:\/\/cdn.nlziet.nl\/static\/assets\/contentproviders\/dark\/sbs.png","flatUrl":"https:\/\/cdn.nlziet.nl\/static\/assets\/contentproviders\/flat\/sbs.png"},"tags":[],"seriesId":"4vJtYddbpUuwgA3jBVgYaw"},{"id":"hCpNfa45cEmVXEidU75riw","type":"Vod","title":"HLF8","subtitle":"Aflevering 53","description":"Met in deze uitzending:\u2028\u2028\n\n* Rutger Castricum, Martijn Fischer, Stella Bergsma, Sandra Schuurhof en Sofie van den Enk over de midterms, The Crown en betere seks na je 50e.","formattedEpisodeNumbering":null,"formattedDate":"Wo 9 nov.","formattedDateShort":"Wo 9 nov.","formattedTime":"19:34","formattedDuration":"45m","formattedAvailabilityWindow":null,"formattedAvailabilityWindowShort":null,"image":{"portraitUrl":null,"landscapeUrl":"https:\/\/images.nlziet.nl\/metadataimportimages\/source\/EF79C71A78A99A322626603FE1893FC65B8393DD090932A352AC6522DA922C4D.jpg"},"logo":{"normalUrl":"https:\/\/cdn.nlziet.nl\/static\/assets\/contentproviders\/sbs.png","darkUrl":"https:\/\/cdn.nlziet.nl\/static\/assets\/contentproviders\/dark\/sbs.png","flatUrl":"https:\/\/cdn.nlziet.nl\/static\/assets\/contentproviders\/flat\/sbs.png"},"tags":[],"seriesId":"4vJtYddbpUuwgA3jBVgYaw"},{"id":"YaORt80w3EW4zEkFPKQ3fg","type":"Vod","title":"HLF8","subtitle":"Aflevering 52","description":"Met in deze uitzending:\n\n* Dave Maasland over waarom Twitter aangeklaagd wordt.\n* Martin Koolhoven over het nieuwe seizoen van 'De kijk van Koolhoven'.\n* Verder aan tafel: Merel Ek, Fred Teven, Mischa Blok en Jan Slagter.","formattedEpisodeNumbering":null,"formattedDate":"Di 8 nov.","formattedDateShort":"Di 8 nov.","formattedTime":"19:34","formattedDuration":"47m","formattedAvailabilityWindow":null,"formattedAvailabilityWindowShort":null,"image":{"portraitUrl":null,"landscapeUrl":"https:\/\/images.nlziet.nl\/metadataimportimages\/source\/5DEBFFA201A10E3A1718CD9A75788C315B0A81CF6C58A59F4FE3ECD363EA161B.jpg"},"logo":{"normalUrl":"https:\/\/cdn.nlziet.nl\/static\/assets\/contentproviders\/sbs.png","darkUrl":"https:\/\/cdn.nlziet.nl\/static\/assets\/contentproviders\/dark\/sbs.png","flatUrl":"https:\/\/cdn.nlziet.nl\/static\/assets\/contentproviders\/flat\/sbs.png"},"tags":[],"seriesId":"4vJtYddbpUuwgA3jBVgYaw"},{"id":"eWWclccLBkmlAcI3Hl2VzQ","type":"Vod","title":"HLF8","subtitle":"Aflevering 51","description":"Met in deze uitzending:\n\n* Marthe van der Pol over de dag van misofonie.\n\n* Saskia Noort over haar onderscheiding van het boek 'Stromboli'.\n\n* Verder aan tafel: Jack van Gelderen, Sam Hagens, Chatilla van Grinsven en Mona Keijzer.","formattedEpisodeNumbering":null,"formattedDate":"Ma 7 nov.","formattedDateShort":"Ma 7 nov.","formattedTime":"19:32","formattedDuration":"49m","formattedAvailabilityWindow":null,"formattedAvailabilityWindowShort":null,"image":{"portraitUrl":null,"landscapeUrl":"https:\/\/images.nlziet.nl\/metadataimportimages\/source\/E02E957580A181C01D74E87F8A76D811C735104B4AA75E30532657EBAF78B5D4.jpg"},"logo":{"normalUrl":"https:\/\/cdn.nlziet.nl\/static\/assets\/contentproviders\/sbs.png","darkUrl":"https:\/\/cdn.nlziet.nl\/static\/assets\/contentproviders\/dark\/sbs.png","flatUrl":"https:\/\/cdn.nlziet.nl\/static\/assets\/contentproviders\/flat\/sbs.png"},"tags":[],"seriesId":"4vJtYddbpUuwgA3jBVgYaw"},{"id":"sNzR8sCuS0KD06sxoaHigw","type":"Vod","title":"HLF8","subtitle":"Aflevering 50","description":"Met in deze uitzending:\n\n* We vieren dertig jaar Aladdin met de geest uit de fles Pierre Bokma.\n* Noa Vahle praat ons bij over het sportweekend.\n* En muziek van BENR.","formattedEpisodeNumbering":null,"formattedDate":"Vr 4 nov.","formattedDateShort":"Vr 4 nov.","formattedTime":"19:35","formattedDuration":"46m","formattedAvailabilityWindow":null,"formattedAvailabilityWindowShort":null,"image":{"portraitUrl":null,"landscapeUrl":"https:\/\/images.nlziet.nl\/metadataimportimages\/source\/11A42756CC4DA6A5CFDF7838C3CEBFD992CF7BEBFDB5B64673780A63D4132354.jpg"},"logo":{"normalUrl":"https:\/\/cdn.nlziet.nl\/static\/assets\/contentproviders\/sbs.png","darkUrl":"https:\/\/cdn.nlziet.nl\/static\/assets\/contentproviders\/dark\/sbs.png","flatUrl":"https:\/\/cdn.nlziet.nl\/static\/assets\/contentproviders\/flat\/sbs.png"},"tags":[],"seriesId":"4vJtYddbpUuwgA3jBVgYaw"},{"id":"QgyGBgKimE-FRy5_be7Ygw","type":"Vod","title":"HLF8","subtitle":"Aflevering 49","description":"Met in deze uitzending: \n\nWat speelt er in politiek Den Haag? Welke rapper krijgt een plekje in Rock and Roll Hall of Fame? En hoe staat het ervoor met de rechtszaak over de moord op Peter R. de Vries?\n\nDe gasten zijn Merel Ek, Brainpower, Jeroen van Inkel en Tina Nijkamp.","formattedEpisodeNumbering":null,"formattedDate":"Do 3 nov.","formattedDateShort":"Do 3 nov.","formattedTime":"19:33","formattedDuration":"47m","formattedAvailabilityWindow":null,"formattedAvailabilityWindowShort":null,"image":{"portraitUrl":null,"landscapeUrl":"https:\/\/images.nlziet.nl\/metadataimportimages\/source\/DE766B6CADDBB1466D6CD93FF3A8E2CDF4D82A4B0B59C75822752B7B5E7A7309.jpg"},"logo":{"normalUrl":"https:\/\/cdn.nlziet.nl\/static\/assets\/contentproviders\/sbs.png","darkUrl":"https:\/\/cdn.nlziet.nl\/static\/assets\/contentproviders\/dark\/sbs.png","flatUrl":"https:\/\/cdn.nlziet.nl\/static\/assets\/contentproviders\/flat\/sbs.png"},"tags":[],"seriesId":"4vJtYddbpUuwgA3jBVgYaw"},{"id":"1xtQzs4CRk2pmflq9C6oqQ","type":"Vod","title":"HLF8","subtitle":"Aflevering 48","description":"Met in deze uitzending:\u2028\n\n* Kluun, over zijn nieuwe boek met daarin een hoofdrol voor pubers\n\u2028*Sandra Schuurhof\u00a0over het staatsbezoek van ons koningspaar aan Griekenland\u2028\n* En verder aan tafel:\u00a0Stella Bergsma, Wendy van Dijk, Sam Hagens\u00a0en\u00a0Edsilia Rombley.","formattedEpisodeNumbering":null,"formattedDate":"Wo 2 nov.","formattedDateShort":"Wo 2 nov.","formattedTime":"19:38","formattedDuration":"43m","formattedAvailabilityWindow":null,"formattedAvailabilityWindowShort":null,"image":{"portraitUrl":null,"landscapeUrl":"https:\/\/images.nlziet.nl\/metadataimportimages\/source\/3C0A7B80F84E2C9CED3BDCEE6C41B4493B4947192144DBB93F3AB7D5CA7E276D.jpg"},"logo":{"normalUrl":"https:\/\/cdn.nlziet.nl\/static\/assets\/contentproviders\/sbs.png","darkUrl":"https:\/\/cdn.nlziet.nl\/static\/assets\/contentproviders\/dark\/sbs.png","flatUrl":"https:\/\/cdn.nlziet.nl\/static\/assets\/contentproviders\/flat\/sbs.png"},"tags":[],"seriesId":"4vJtYddbpUuwgA3jBVgYaw"},{"id":"VrIxF6zaLE-W5XNebKZkRA","type":"Vod","title":"HLF8","subtitle":"Aflevering 47","description":"Met in deze uitzending: \n\n* Frits Huffnagel over de Nederlandse inzending van het Eurovisie Songfestival: Dion Cooper en Mia Nicolai\n\n* De Sekszusjes staan in het theater met de voorstelling Ongelikt\n\n* Verder aan tafel: Britt Dekker, Herman Brusselmans, Rutger Castricum en Jan Slagter.","formattedEpisodeNumbering":null,"formattedDate":"Di 1 nov.","formattedDateShort":"Di 1 nov.","formattedTime":"19:33","formattedDuration":"47m","formattedAvailabilityWindow":null,"formattedAvailabilityWindowShort":null,"image":{"portraitUrl":null,"landscapeUrl":"https:\/\/images.nlziet.nl\/metadataimportimages\/source\/BD667E5E4A294A0EFD6948D15DE7D820A4BF8E8385028CB4415716C8B26A8E7A.jpg"},"logo":{"normalUrl":"https:\/\/cdn.nlziet.nl\/static\/assets\/contentproviders\/sbs.png","darkUrl":"https:\/\/cdn.nlziet.nl\/static\/assets\/contentproviders\/dark\/sbs.png","flatUrl":"https:\/\/cdn.nlziet.nl\/static\/assets\/contentproviders\/flat\/sbs.png"},"tags":[],"seriesId":"4vJtYddbpUuwgA3jBVgYaw"},{"id":"MSssK6rWXkGAM0mpMJ4BqA","type":"Vod","title":"HLF8","subtitle":"Aflevering 46","description":"Met in deze uitzending:\n* Nick Schilder is \u00e9\u00e9n van de gezichten van het nieuwe programma 'De wereld van morgen'.\n\n* Pia Douwes maakt haar comeback in de musical 'The Prom'.\n\n* Allard Kalff vertelt over de overwinning van Max Verstappen.\n\n* Dominee Gremdaat heeft het laatste woord\u2026\n\n* Verder aan tafel: Sander Lantinga, Leontien van Moorsel, Jack van Gelder en Wierd Duk.","formattedEpisodeNumbering":null,"formattedDate":"Ma 31 okt.","formattedDateShort":"Ma 31 okt.","formattedTime":"19:32","formattedDuration":"50m","formattedAvailabilityWindow":null,"formattedAvailabilityWindowShort":null,"image":{"portraitUrl":null,"landscapeUrl":"https:\/\/images.nlziet.nl\/metadataimportimages\/source\/5727E5CCC441265C6B9F7A76CB6674AD6E4CE393CC67E84D67CE14197478B499.jpg"},"logo":{"normalUrl":"https:\/\/cdn.nlziet.nl\/static\/assets\/contentproviders\/sbs.png","darkUrl":"https:\/\/cdn.nlziet.nl\/static\/assets\/contentproviders\/dark\/sbs.png","flatUrl":"https:\/\/cdn.nlziet.nl\/static\/assets\/contentproviders\/flat\/sbs.png"},"tags":[],"seriesId":"4vJtYddbpUuwgA3jBVgYaw"},{"id":"cwFTe06bikSbtOFXl_Ag2g","type":"Vod","title":"HLF8","subtitle":"Aflevering 45","description":"Met in deze uitzending: \n* Frits Wester, over zijn verrassende deelname aan Secret Duets\n* Ridouan Taghi is vandaag gehoord in de zaak tegen zijn neef Youssef T. \n* En verder aan tafel: Martijn Fisher, Raymond Mens, Bridget Maasland en Yesim Candan.","formattedEpisodeNumbering":null,"formattedDate":"Vr 28 okt.","formattedDateShort":"Vr 28 okt.","formattedTime":"19:33","formattedDuration":"46m","formattedAvailabilityWindow":null,"formattedAvailabilityWindowShort":null,"image":{"portraitUrl":null,"landscapeUrl":"https:\/\/images.nlziet.nl\/metadataimportimages\/source\/171338218BF285DC0DB58E2F00411C8EDF5C7BE50C88AEFC4091F32C9625DA40.jpg"},"logo":{"normalUrl":"https:\/\/cdn.nlziet.nl\/static\/assets\/contentproviders\/sbs.png","darkUrl":"https:\/\/cdn.nlziet.nl\/static\/assets\/contentproviders\/dark\/sbs.png","flatUrl":"https:\/\/cdn.nlziet.nl\/static\/assets\/contentproviders\/flat\/sbs.png"},"tags":[],"seriesId":"4vJtYddbpUuwgA3jBVgYaw"},{"id":"boL0RgwxZUaKxa4S74EwZw","type":"Vod","title":"HLF8","subtitle":"Aflevering 44","description":"Met in deze uitzending:\n\n* Kees van der Spek over 'Oplichters aangepakt'.\n* Jordi Huinre en Andres Donker over het warme oktoberweer.\n* En verder: Debbie Gerritsen, Boris van der Ham, Ronald Molendijk en Filemon Weeselink","formattedEpisodeNumbering":null,"formattedDate":"Do 27 okt.","formattedDateShort":"Do 27 okt.","formattedTime":"19:33","formattedDuration":"48m","formattedAvailabilityWindow":null,"formattedAvailabilityWindowShort":null,"image":{"portraitUrl":null,"landscapeUrl":"https:\/\/images.nlziet.nl\/metadataimportimages\/source\/1B480CFB984B1468D1C727907100A800DB60E58289815E392E00462032875477.jpg"},"logo":{"normalUrl":"https:\/\/cdn.nlziet.nl\/static\/assets\/contentproviders\/sbs.png","darkUrl":"https:\/\/cdn.nlziet.nl\/static\/assets\/contentproviders\/dark\/sbs.png","flatUrl":"https:\/\/cdn.nlziet.nl\/static\/assets\/contentproviders\/flat\/sbs.png"},"tags":[],"seriesId":"4vJtYddbpUuwgA3jBVgYaw"},{"id":"yXrlnrM3j0ujnAlVjBdz9g","type":"Vod","title":"HLF8","subtitle":"Aflevering 43","description":"Met in deze uitzending:\n* Victor Schildkam en Natacha Harlequin over de rechtzaak tegen Glennis Grace\n\n* Bobbi Eden over deelname aan speciale Halloween-editie 'De Verraders'\n\n* Ook te gast Jan de Hoop, Mona Keizer, John van Zweden en Jorgen Raymann.","formattedEpisodeNumbering":null,"formattedDate":"Wo 26 okt.","formattedDateShort":"Wo 26 okt.","formattedTime":"19:34","formattedDuration":"48m","formattedAvailabilityWindow":null,"formattedAvailabilityWindowShort":null,"image":{"portraitUrl":null,"landscapeUrl":"https:\/\/images.nlziet.nl\/metadataimportimages\/source\/A52A6627ACC9DFF10A87D23F881A9A34147B109E12D708C41B8DA2405DE81788.jpg"},"logo":{"normalUrl":"https:\/\/cdn.nlziet.nl\/static\/assets\/contentproviders\/sbs.png","darkUrl":"https:\/\/cdn.nlziet.nl\/static\/assets\/contentproviders\/dark\/sbs.png","flatUrl":"https:\/\/cdn.nlziet.nl\/static\/assets\/contentproviders\/flat\/sbs.png"},"tags":[],"seriesId":"4vJtYddbpUuwgA3jBVgYaw"},{"id":"vkVUTQ-jFk6NfT2RfmQGwQ","type":"Vod","title":"HLF8","subtitle":"Aflevering 42","description":"Livetalkshow. De presentator ontvangt aan tafel een aantal gasten om de dag door te nemen.","formattedEpisodeNumbering":null,"formattedDate":"Di 25 okt.","formattedDateShort":"Di 25 okt.","formattedTime":"19:34","formattedDuration":"48m","formattedAvailabilityWindow":null,"formattedAvailabilityWindowShort":null,"image":{"portraitUrl":null,"landscapeUrl":"https:\/\/images.nlziet.nl\/metadataimportimages\/source\/1D28801811804E8FCDCF1787F6896BA4FFD5451221F85E6F8E88498758E63F36.jpg"},"logo":{"normalUrl":"https:\/\/cdn.nlziet.nl\/static\/assets\/contentproviders\/sbs.png","darkUrl":"https:\/\/cdn.nlziet.nl\/static\/assets\/contentproviders\/dark\/sbs.png","flatUrl":"https:\/\/cdn.nlziet.nl\/static\/assets\/contentproviders\/flat\/sbs.png"},"tags":[],"seriesId":"4vJtYddbpUuwgA3jBVgYaw"},{"id":"RoCGiTe1IEu7KT4szlOaPQ","type":"Vod","title":"HLF8","subtitle":"Aflevering 41","description":"Met in deze uitzending:\n* Lilian Marijnissen viert de vijftigste verjaardag van haar politieke partij de SP.\n\n* Chantal van der Putten praat over de mensenrechtenschending rond het WK in Qatar.\n\n* Ook schuiven vier stamgasten aan: Jack van Gelder, Tom Coronel, Sam Hagens en Roos Schlikker.","formattedEpisodeNumbering":null,"formattedDate":"Ma 24 okt.","formattedDateShort":"Ma 24 okt.","formattedTime":"19:34","formattedDuration":"47m","formattedAvailabilityWindow":null,"formattedAvailabilityWindowShort":null,"image":{"portraitUrl":null,"landscapeUrl":"https:\/\/images.nlziet.nl\/metadataimportimages\/source\/ED0F6C32C0FF20E713C65B6E070D9DEF828C5A03939EE2A2EF3ECEA3104B2F27.jpg"},"logo":{"normalUrl":"https:\/\/cdn.nlziet.nl\/static\/assets\/contentproviders\/sbs.png","darkUrl":"https:\/\/cdn.nlziet.nl\/static\/assets\/contentproviders\/dark\/sbs.png","flatUrl":"https:\/\/cdn.nlziet.nl\/static\/assets\/contentproviders\/flat\/sbs.png"},"tags":[],"seriesId":"4vJtYddbpUuwgA3jBVgYaw"},{"id":"cuKyYvhpPUig4EdhcwRBuQ","type":"Vod","title":"HLF8","subtitle":"Aflevering 40","description":"* We bespreken de media met Sylvana IJsselmuiden en Thomas van Luyn\n\n* Oud-wielrenner Michael Boogerd bokst binnenkort tegen danscoach Dan Karat . Wie gaat dat winnen?\n\n* Ronald Molendijk is wingman\n\n* De muzikale gast van de avond is Benr.","formattedEpisodeNumbering":null,"formattedDate":"Vr 21 okt.","formattedDateShort":"Vr 21 okt.","formattedTime":"19:34","formattedDuration":"46m","formattedAvailabilityWindow":null,"formattedAvailabilityWindowShort":null,"image":{"portraitUrl":null,"landscapeUrl":"https:\/\/images.nlziet.nl\/metadataimportimages\/source\/7EB6BBF1A093EE29B5A8C336FE5697BDE8F8B199E6DB1D2F29A9C67BBD235B1A.jpg"},"logo":{"normalUrl":"https:\/\/cdn.nlziet.nl\/static\/assets\/contentproviders\/sbs.png","darkUrl":"https:\/\/cdn.nlziet.nl\/static\/assets\/contentproviders\/dark\/sbs.png","flatUrl":"https:\/\/cdn.nlziet.nl\/static\/assets\/contentproviders\/flat\/sbs.png"},"tags":[],"seriesId":"4vJtYddbpUuwgA3jBVgYaw"},{"id":"ypxhel9PsEmZvelAmoVLSg","type":"Vod","title":"HLF8","subtitle":"Aflevering 39","description":"Met in deze uitzending:\n* Frans Duijts is vanavond de wingman\n\n* Minister Dijkgraaf en Eric van \u2019t Zelfde over het Middelbaar Beroepsonderwijs. Het MBO moet beter betaald en gewaardeerd worden volgens hen.\n\n* Eva Simons, die binnenkort te zien is in het nieuwe seizoen van 'Secret Duets', zit vanavond met Gijs Staverman bij 'HLF8'. Ze hebben het over het laatste muzieknieuws.\n\n* Frits Barend over de nieuwe documentaire van Andr\u00e9 Hazes.","formattedEpisodeNumbering":null,"formattedDate":"Do 20 okt.","formattedDateShort":"Do 20 okt.","formattedTime":"19:34","formattedDuration":"46m","formattedAvailabilityWindow":null,"formattedAvailabilityWindowShort":null,"image":{"portraitUrl":null,"landscapeUrl":"https:\/\/images.nlziet.nl\/metadataimportimages\/source\/47313D54B5E00BE1E2EAE3698C7D5609DB47A774B97DB2A47A8D3C59F51BA22A.jpg"},"logo":{"normalUrl":"https:\/\/cdn.nlziet.nl\/static\/assets\/contentproviders\/sbs.png","darkUrl":"https:\/\/cdn.nlziet.nl\/static\/assets\/contentproviders\/dark\/sbs.png","flatUrl":"https:\/\/cdn.nlziet.nl\/static\/assets\/contentproviders\/flat\/sbs.png"},"tags":[],"seriesId":"4vJtYddbpUuwgA3jBVgYaw"},{"id":"sZvLIUmFlk2aiRUHRdSy7g","type":"Vod","title":"HLF8","subtitle":"Aflevering 38","description":"Met in deze uitzending:\n\n* Yesim Candan is vanavond de wingman\n\n* Bert Nijeboer is vrijwilliger bij Search and Rescue Nederland (SAR) en vertelt over de zoektocht naar de 10-jarige Hebe\n\n* Saskia Belleman en Sebas Diekstra bespreken het laatste nieuws rondom misdaad\n\n* Maarten en Tooske Ragas over het tv-programma Restaurant Misverstand.","formattedEpisodeNumbering":null,"formattedDate":"Wo 19 okt.","formattedDateShort":"Wo 19 okt.","formattedTime":"19:35","formattedDuration":"46m","formattedAvailabilityWindow":null,"formattedAvailabilityWindowShort":null,"image":{"portraitUrl":null,"landscapeUrl":"https:\/\/images.nlziet.nl\/metadataimportimages\/source\/1F9B3BACF09F329D40F58DCA407443EF0761CA22320B06086B6EE5A50D8E23F4.jpg"},"logo":{"normalUrl":"https:\/\/cdn.nlziet.nl\/static\/assets\/contentproviders\/sbs.png","darkUrl":"https:\/\/cdn.nlziet.nl\/static\/assets\/contentproviders\/dark\/sbs.png","flatUrl":"https:\/\/cdn.nlziet.nl\/static\/assets\/contentproviders\/flat\/sbs.png"},"tags":[],"seriesId":"4vJtYddbpUuwgA3jBVgYaw"},{"id":"dLGU_VkqvEyqH4bdNZBm2Q","type":"Vod","title":"HLF8","subtitle":"Aflevering 37","description":"Met in deze uitzending:\n* Catherine Keyl is de wingman van vanavond\n* Erik Scherder en Lucas & Steve over de invloed van dansen op je brein\n* Sam Hagens, Frits Huffnagel en Rutger Castricum bespreken de politiek\n*  Dave Maasland bespreekt cyberveiligheid van Nederlanders.","formattedEpisodeNumbering":null,"formattedDate":"Di 18 okt.","formattedDateShort":"Di 18 okt.","formattedTime":"19:35","formattedDuration":"46m","formattedAvailabilityWindow":null,"formattedAvailabilityWindowShort":null,"image":{"portraitUrl":null,"landscapeUrl":"https:\/\/images.nlziet.nl\/metadataimportimages\/source\/9F07C0C2679F227F25B1E0B5CB428F397E9696F2341D583B5005CA5341D18DF7.jpg"},"logo":{"normalUrl":"https:\/\/cdn.nlziet.nl\/static\/assets\/contentproviders\/sbs.png","darkUrl":"https:\/\/cdn.nlziet.nl\/static\/assets\/contentproviders\/dark\/sbs.png","flatUrl":"https:\/\/cdn.nlziet.nl\/static\/assets\/contentproviders\/flat\/sbs.png"},"tags":[],"seriesId":"4vJtYddbpUuwgA3jBVgYaw"},{"id":"k5PL01kYd0uRbFc17oIWoQ","type":"Vod","title":"HLF8","subtitle":"Aflevering 36","description":"Met in deze uitzending:\n\n* Jack van Gelder is de wingman van presentator H\u00e9l\u00e8ne Hendriks.\n* Chantal van der Putten en Lammert de Bruin over het (niet) dragen van de One Love-aanvoerdersband in de Eredivisie.\n* Gregory Sedoc en Anouar Diba bespreken het afgelopen sportweekend.\n* Bente Fokkens en Maik de Boer zijn in de race om de winst van 'Het Perfecte Plaatje'.","formattedEpisodeNumbering":null,"formattedDate":"Ma 17 okt.","formattedDateShort":"Ma 17 okt.","formattedTime":"19:33","formattedDuration":"47m","formattedAvailabilityWindow":null,"formattedAvailabilityWindowShort":null,"image":{"portraitUrl":null,"landscapeUrl":"https:\/\/images.nlziet.nl\/metadataimportimages\/source\/E3641A52E13B33D6F7B25C26514C65676CBE3852DFEC7104766D08E040A0C20B.jpg"},"logo":{"normalUrl":"https:\/\/cdn.nlziet.nl\/static\/assets\/contentproviders\/sbs.png","darkUrl":"https:\/\/cdn.nlziet.nl\/static\/assets\/contentproviders\/dark\/sbs.png","flatUrl":"https:\/\/cdn.nlziet.nl\/static\/assets\/contentproviders\/flat\/sbs.png"},"tags":[],"seriesId":"4vJtYddbpUuwgA3jBVgYaw"},{"id":"5w9-O-cNrUeZzjDTziNKKA","type":"Vod","title":"HLF8","subtitle":"Aflevering 35","description":"Met in deze uitzending:\n* Ronald Molendijk is de wingman van presentatrice Leonie ter Braak.\n\n* Lucia Rijker vertelt meer over de film 'The Woman King'.\n\n* Patrick Martens en Bert van der Veer praten over de rel rondom tv-programma 'Spoorloos'.","formattedEpisodeNumbering":null,"formattedDate":"Vr 14 okt.","formattedDateShort":"Vr 14 okt.","formattedTime":"19:34","formattedDuration":"46m","formattedAvailabilityWindow":null,"formattedAvailabilityWindowShort":null,"image":{"portraitUrl":null,"landscapeUrl":"https:\/\/images.nlziet.nl\/metadataimportimages\/source\/2627DE35D88E80D553623A46F0EEE4A3B039F84AFF656061422CB3FAA57473FB.jpg"},"logo":{"normalUrl":"https:\/\/cdn.nlziet.nl\/static\/assets\/contentproviders\/sbs.png","darkUrl":"https:\/\/cdn.nlziet.nl\/static\/assets\/contentproviders\/dark\/sbs.png","flatUrl":"https:\/\/cdn.nlziet.nl\/static\/assets\/contentproviders\/flat\/sbs.png"},"tags":[],"seriesId":"4vJtYddbpUuwgA3jBVgYaw"},{"id":"vO6h3dXpbkq1sTUx8OSlNQ","type":"Vod","title":"HLF8","subtitle":"Aflevering 34","description":"Met in deze uitzending:\n\n* Antoinnette Scheulderman is de wingman\n\n* Maarten van Rossum is genomineerd voor twee BNR Dutch Podcast Awards\n\n* Diggy Dex en Jeroen van Inkel bespreken het laatste muzieknieuws\n\n* Ook zal HLF8 het hebben over het laatste nieuws over de moord op Peter R. de Vries.","formattedEpisodeNumbering":null,"formattedDate":"Do 13 okt.","formattedDateShort":"Do 13 okt.","formattedTime":"19:33","formattedDuration":"48m","formattedAvailabilityWindow":null,"formattedAvailabilityWindowShort":null,"image":{"portraitUrl":null,"landscapeUrl":"https:\/\/images.nlziet.nl\/metadataimportimages\/source\/40AF5D7397281ED9A453896592DF9BA28054EB0A8D0037DAFB3793DD513EFF68.jpg"},"logo":{"normalUrl":"https:\/\/cdn.nlziet.nl\/static\/assets\/contentproviders\/sbs.png","darkUrl":"https:\/\/cdn.nlziet.nl\/static\/assets\/contentproviders\/dark\/sbs.png","flatUrl":"https:\/\/cdn.nlziet.nl\/static\/assets\/contentproviders\/flat\/sbs.png"},"tags":[],"seriesId":"4vJtYddbpUuwgA3jBVgYaw"},{"id":"KPjMzgjdEUqCw08mkWISpA","type":"Vod","title":"HLF8","subtitle":"Aflevering 33","description":"Met in deze uitzending:\n\n* Rutger Castricum is de wingman.\n\n* Lisa Westerveld en Inge de Jager vertellen met twee oud pleegkinderen over de misstanden in Jeugddorp de Glind.\n\n* Cees van Kempen en Marjoke Oenema over het toenemende aantal wolven in ons land.\n\n* Wendy van Dijk en Annemiek Kuijer over stichting Make a Wish die deze week 33 jaar bestaat.","formattedEpisodeNumbering":null,"formattedDate":"Wo 12 okt.","formattedDateShort":"Wo 12 okt.","formattedTime":"19:36","formattedDuration":"46m","formattedAvailabilityWindow":null,"formattedAvailabilityWindowShort":null,"image":{"portraitUrl":null,"landscapeUrl":"https:\/\/images.nlziet.nl\/metadataimportimages\/source\/7CE0477BD391CB23A068CE418C362D6DCF22CB8E2EC43E5149BFC80D89EDC05C.jpg"},"logo":{"normalUrl":"https:\/\/cdn.nlziet.nl\/static\/assets\/contentproviders\/sbs.png","darkUrl":"https:\/\/cdn.nlziet.nl\/static\/assets\/contentproviders\/dark\/sbs.png","flatUrl":"https:\/\/cdn.nlziet.nl\/static\/assets\/contentproviders\/flat\/sbs.png"},"tags":[],"seriesId":"4vJtYddbpUuwgA3jBVgYaw"},{"id":"hOoPBDNtYkeiBs21lrEDoA","type":"Vod","title":"HLF8","subtitle":"Aflevering 32","description":"Met in deze uitzending:\n\n* Yesim Candan is de wingman van vanavond\n\n* Herman Brusselmans brengt autobiografische boek over zijn jeugd uit\n\n* Chatilla van Grunsven, Jessica Jane Hunze en Lucille Werner over coming out day\n\n* Charlotte Nijs, Henk Krol en Lilian Marijnissen bespreken de politieke week.","formattedEpisodeNumbering":null,"formattedDate":"Di 11 okt.","formattedDateShort":"Di 11 okt.","formattedTime":"19:34","formattedDuration":"47m","formattedAvailabilityWindow":null,"formattedAvailabilityWindowShort":null,"image":{"portraitUrl":null,"landscapeUrl":"https:\/\/images.nlziet.nl\/metadataimportimages\/source\/5112013A1ABDC908807D2409EC42749DD5C846710EE5A41C9E935DF23E1D54C5.jpg"},"logo":{"normalUrl":"https:\/\/cdn.nlziet.nl\/static\/assets\/contentproviders\/sbs.png","darkUrl":"https:\/\/cdn.nlziet.nl\/static\/assets\/contentproviders\/dark\/sbs.png","flatUrl":"https:\/\/cdn.nlziet.nl\/static\/assets\/contentproviders\/flat\/sbs.png"},"tags":[],"seriesId":"4vJtYddbpUuwgA3jBVgYaw"},{"id":"iFvxkoLOFEWDe6njZ40LYg","type":"Vod","title":"HLF8","subtitle":"Aflevering 31","description":"Met in deze uitzending:\n* Jack van Gelder is de wingman van presentatrice H\u00e9l\u00e8ne Hendriks.\n\n* Katryna en Wierd Duk vertellen over de nieuwe aanvallen van Poetin in Oekra\u00efne.\n\n* Allard Kalff, Thom Harinck en Steijn Schothorst bespreken het spectaculaire sportweekend.\n\n* Rob Mollien en Emiel Lensen doen een goocheltruc met H\u00e9l\u00e8ne.","formattedEpisodeNumbering":null,"formattedDate":"Ma 10 okt.","formattedDateShort":"Ma 10 okt.","formattedTime":"19:34","formattedDuration":"47m","formattedAvailabilityWindow":null,"formattedAvailabilityWindowShort":null,"image":{"portraitUrl":null,"landscapeUrl":"https:\/\/images.nlziet.nl\/metadataimportimages\/source\/38E7BAC63CCFAFAC72F55F595C272F44EC9FE521D168A9026692DF3D0826CA88.jpg"},"logo":{"normalUrl":"https:\/\/cdn.nlziet.nl\/static\/assets\/contentproviders\/sbs.png","darkUrl":"https:\/\/cdn.nlziet.nl\/static\/assets\/contentproviders\/dark\/sbs.png","flatUrl":"https:\/\/cdn.nlziet.nl\/static\/assets\/contentproviders\/flat\/sbs.png"},"tags":[],"seriesId":"4vJtYddbpUuwgA3jBVgYaw"},{"id":"VIG5gpbpVk6ptrcYkArsbA","type":"Vod","title":"HLF8","subtitle":"Aflevering 30","description":"Met in deze uitzending:\n\n* Goedele Liekens is de \u2018wingman\u2019 van presentatrice Leonie ter Braak.\n\n* Tim Eshuis en Ruth van Holst vertellen over de gevolgen van gokreclames.\n\n* Filemon Wesselink en Maik de Boer bespreken de hoogtepunten van het Gouden Televizier-Ring Gala.\n\n* Blanks en Ferdi Bolland zingen samen een bijzonder duet.","formattedEpisodeNumbering":null,"formattedDate":"Vr 7 okt.","formattedDateShort":"Vr 7 okt.","formattedTime":"19:34","formattedDuration":"45m","formattedAvailabilityWindow":null,"formattedAvailabilityWindowShort":null,"image":{"portraitUrl":null,"landscapeUrl":"https:\/\/images.nlziet.nl\/metadataimportimages\/source\/7CEA0108A6C5E272CD8ED21510E17247D11DD7EAC8896C9F15B4789DA11A1BDB.jpg"},"logo":{"normalUrl":"https:\/\/cdn.nlziet.nl\/static\/assets\/contentproviders\/sbs.png","darkUrl":"https:\/\/cdn.nlziet.nl\/static\/assets\/contentproviders\/dark\/sbs.png","flatUrl":"https:\/\/cdn.nlziet.nl\/static\/assets\/contentproviders\/flat\/sbs.png"},"tags":[],"seriesId":"4vJtYddbpUuwgA3jBVgYaw"},{"id":"7-h3qfm0NEi13YbMUf9p5A","type":"Vod","title":"HLF8","subtitle":"Aflevering 29","description":"Met in deze uitzending:\n\n* Ronald Molendijk is de wingman van presentatrice Leonie ter Braak.\n\n* Francis van Broekhuizen en Frans Duijts bespreken het laatste muzieknieuws.\n\n* Zestig jaar James Bond wordt gevierd met Ren\u00e9 Mioch.","formattedEpisodeNumbering":null,"formattedDate":"Do 6 okt.","formattedDateShort":"Do 6 okt.","formattedTime":"19:34","formattedDuration":"47m","formattedAvailabilityWindow":null,"formattedAvailabilityWindowShort":null,"image":{"portraitUrl":null,"landscapeUrl":"https:\/\/images.nlziet.nl\/metadataimportimages\/source\/0CAC4AEE223254D4B1D03AC14B51D45A1F32D372F9483DF5F774DB08A689133B.jpg"},"logo":{"normalUrl":"https:\/\/cdn.nlziet.nl\/static\/assets\/contentproviders\/sbs.png","darkUrl":"https:\/\/cdn.nlziet.nl\/static\/assets\/contentproviders\/dark\/sbs.png","flatUrl":"https:\/\/cdn.nlziet.nl\/static\/assets\/contentproviders\/flat\/sbs.png"},"tags":[],"seriesId":"4vJtYddbpUuwgA3jBVgYaw"},{"id":"McFTG89KkU6rYIdaDfTbIg","type":"Vod","title":"HLF8","subtitle":"Aflevering 28","description":"Met in deze uitzending:\n\n* Rutger Castricum is vanavond de wingman\n\n* Charlotte Nijs, Boer Jan en Erik Luiten over Remkes en het langverwachte stikstofrapport\n\n* Durk van Tuinen en Mona Keizer luiden de noodklok voor de problemen in de visserij\n\n* Ellen van Dijk, Thomas Dekker en Rutger Castricum over wielrennerdroom van Rutger. Hij ging de uitdaging aan om wielrenner te worden","formattedEpisodeNumbering":null,"formattedDate":"Wo 5 okt.","formattedDateShort":"Wo 5 okt.","formattedTime":"19:34","formattedDuration":"47m","formattedAvailabilityWindow":null,"formattedAvailabilityWindowShort":null,"image":{"portraitUrl":null,"landscapeUrl":"https:\/\/images.nlziet.nl\/metadataimportimages\/source\/24C72925CBC47B8B67B630719868F1C108D49AEB91B1F35E89A45D2D98B5000A.jpg"},"logo":{"normalUrl":"https:\/\/cdn.nlziet.nl\/static\/assets\/contentproviders\/sbs.png","darkUrl":"https:\/\/cdn.nlziet.nl\/static\/assets\/contentproviders\/dark\/sbs.png","flatUrl":"https:\/\/cdn.nlziet.nl\/static\/assets\/contentproviders\/flat\/sbs.png"},"tags":[],"seriesId":"4vJtYddbpUuwgA3jBVgYaw"},{"id":"m1A_9Bk1IEiEVbQQygJ2Tw","type":"Vod","title":"HLF8","subtitle":"Aflevering 27","description":"Met in deze uitzending:\n\n* Britt Dekker is wingman.\n* Sam Hagens, Fred Teeven en Nil\u00fcfer G\u00fcndo\u011fan bespreken de politieke week.\n* Floris G\u00f6bel neemt bijzondere huisdieren mee.\n* Maarten Kolsloot vertelt over de eerste dag in de rechtzaak tegen Mallorca-verdachten.","formattedEpisodeNumbering":null,"formattedDate":"Di 4 okt.","formattedDateShort":"Di 4 okt.","formattedTime":"19:34","formattedDuration":"35m","formattedAvailabilityWindow":null,"formattedAvailabilityWindowShort":null,"image":{"portraitUrl":null,"landscapeUrl":"https:\/\/images.nlziet.nl\/metadataimportimages\/source\/3C06445DF3FFFB2568E148B2A29DF4A9114872A3E30CB1EDC802C60F6A24CB52.jpg"},"logo":{"normalUrl":"https:\/\/cdn.nlziet.nl\/static\/assets\/contentproviders\/sbs.png","darkUrl":"https:\/\/cdn.nlziet.nl\/static\/assets\/contentproviders\/dark\/sbs.png","flatUrl":"https:\/\/cdn.nlziet.nl\/static\/assets\/contentproviders\/flat\/sbs.png"},"tags":[],"seriesId":"4vJtYddbpUuwgA3jBVgYaw"},{"id":"tl34nnxNOkSv4tCSxDTmpQ","type":"Vod","title":"HLF8","subtitle":"Aflevering 26","description":"Met in deze uitzending:\n\n* Jack van Gelder is de wingman van presentatrice H\u00e9l\u00e8ne Hendriks.\n\n* Els van Driel en Ivy Davelaar vertellen over de heftige gevolgen van de Bijlmerramp.\n\n* Steijn Schothorst en Tom Coronel bespreken afgelopen sportweekend.","formattedEpisodeNumbering":null,"formattedDate":"Ma 3 okt.","formattedDateShort":"Ma 3 okt.","formattedTime":"19:33","formattedDuration":"48m","formattedAvailabilityWindow":null,"formattedAvailabilityWindowShort":null,"image":{"portraitUrl":null,"landscapeUrl":"https:\/\/images.nlziet.nl\/metadataimportimages\/source\/D982F514EF382CB53093B0EE0D93993362D7D71BFFC35CCB44E6F1CBB4E837CD.jpg"},"logo":{"normalUrl":"https:\/\/cdn.nlziet.nl\/static\/assets\/contentproviders\/sbs.png","darkUrl":"https:\/\/cdn.nlziet.nl\/static\/assets\/contentproviders\/dark\/sbs.png","flatUrl":"https:\/\/cdn.nlziet.nl\/static\/assets\/contentproviders\/flat\/sbs.png"},"tags":[],"seriesId":"4vJtYddbpUuwgA3jBVgYaw"},{"id":"_tMSM39O9kmNEGvuNvZuLQ","type":"Vod","title":"HLF8","subtitle":"Aflevering 25","description":"Met in deze uitzending:\n\n* Fidan Ekiz is de \u2018wingman\u2019 van presentatrice Leonie ter Braak.\n* Carolien Spoor en Roeland Fernhout vertellen meer over de nieuwe serie FIVE LIVE met Linda de Mol.\n* Wierd Duk en Robert van de Roer praten over de annexatie van de bezette regio\u2019s door Poetin.\n* Ronald Molendijk en Moise Trustfull bespreken de mediaweek.","formattedEpisodeNumbering":null,"formattedDate":"Vr 30 sep.","formattedDateShort":"Vr 30 sep.","formattedTime":"19:35","formattedDuration":"47m","formattedAvailabilityWindow":null,"formattedAvailabilityWindowShort":null,"image":{"portraitUrl":null,"landscapeUrl":"https:\/\/images.nlziet.nl\/metadataimportimages\/source\/DF6A8895107D27EA9C9063A541268F3D3252075470BA996D566EA4E8F8098ECF.jpg"},"logo":{"normalUrl":"https:\/\/cdn.nlziet.nl\/static\/assets\/contentproviders\/sbs.png","darkUrl":"https:\/\/cdn.nlziet.nl\/static\/assets\/contentproviders\/dark\/sbs.png","flatUrl":"https:\/\/cdn.nlziet.nl\/static\/assets\/contentproviders\/flat\/sbs.png"},"tags":[],"seriesId":"4vJtYddbpUuwgA3jBVgYaw"},{"id":"WfwdAdAsRUaGKXGabwJgFQ","type":"Vod","title":"HLF8","subtitle":"Aflevering 24","description":"Met in deze uitzending:\n\n* Yesim Candan is vanavond de wingman\n* Tanja Jess en Lisa van Ginniken vinden dat de transgenderwet aangepast moet worden\n* Tim Akkerman en Gijs Staverman bespreken het laatste muzieknieuws\n* Britt Jongejan en Froukje de Both over de week tegen pesten en delen hun eigen ervaringen.","formattedEpisodeNumbering":null,"formattedDate":"Do 29 sep.","formattedDateShort":"Do 29 sep.","formattedTime":"19:35","formattedDuration":"45m","formattedAvailabilityWindow":null,"formattedAvailabilityWindowShort":null,"image":{"portraitUrl":null,"landscapeUrl":"https:\/\/images.nlziet.nl\/metadataimportimages\/source\/D95F53163E6128720D8C38FE759CDAB6789976BA59505BA31C019D97765FF5C1.jpg"},"logo":{"normalUrl":"https:\/\/cdn.nlziet.nl\/static\/assets\/contentproviders\/sbs.png","darkUrl":"https:\/\/cdn.nlziet.nl\/static\/assets\/contentproviders\/dark\/sbs.png","flatUrl":"https:\/\/cdn.nlziet.nl\/static\/assets\/contentproviders\/flat\/sbs.png"},"tags":[],"seriesId":"4vJtYddbpUuwgA3jBVgYaw"},{"id":"lvqrQxjukkKN4tb9uLZuVA","type":"Vod","title":"HLF8","subtitle":"Aflevering 23","description":"Met in deze uitzending:\n\n* Rutger Castricum is de wingman\n\n* Kunnen moeders een rol spelen in de krappe arbeidsmarkt? Liesbeth Staats is te gast.\n\n* Thomas van Luyn en Remko Vrijdag over de nieuwe musical 'Sjakie en de chocoladefabriek'.\n\n* Gerrit en Gerben over de vogelgriep die heerst bij kippen van pluimveehouders.","formattedEpisodeNumbering":null,"formattedDate":"Wo 28 sep.","formattedDateShort":"Wo 28 sep.","formattedTime":"19:35","formattedDuration":"46m","formattedAvailabilityWindow":null,"formattedAvailabilityWindowShort":null,"image":{"portraitUrl":null,"landscapeUrl":"https:\/\/images.nlziet.nl\/metadataimportimages\/source\/7CF04AB45C2DDF6AE595961A60C0A110830BDA30849A7AC6C2D34003F2905FD1.jpg"},"logo":{"normalUrl":"https:\/\/cdn.nlziet.nl\/static\/assets\/contentproviders\/sbs.png","darkUrl":"https:\/\/cdn.nlziet.nl\/static\/assets\/contentproviders\/dark\/sbs.png","flatUrl":"https:\/\/cdn.nlziet.nl\/static\/assets\/contentproviders\/flat\/sbs.png"},"tags":[],"seriesId":"4vJtYddbpUuwgA3jBVgYaw"},{"id":"suQ9eikE1kS86f3tziAmaQ","type":"Vod","title":"HLF8","subtitle":"Aflevering 22","description":"Livetalkshow. De presentator ontvangt aan tafel een aantal gasten om de dag door te nemen.","formattedEpisodeNumbering":null,"formattedDate":"Di 27 sep.","formattedDateShort":"Di 27 sep.","formattedTime":"19:34","formattedDuration":"47m","formattedAvailabilityWindow":null,"formattedAvailabilityWindowShort":null,"image":{"portraitUrl":null,"landscapeUrl":"https:\/\/images.nlziet.nl\/metadataimportimages\/source\/353DD8157F9367BF60762ACCF2F94924BFE258988960FBF30657C01E341C4E1E.jpg"},"logo":{"normalUrl":"https:\/\/cdn.nlziet.nl\/static\/assets\/contentproviders\/sbs.png","darkUrl":"https:\/\/cdn.nlziet.nl\/static\/assets\/contentproviders\/dark\/sbs.png","flatUrl":"https:\/\/cdn.nlziet.nl\/static\/assets\/contentproviders\/flat\/sbs.png"},"tags":[],"seriesId":"4vJtYddbpUuwgA3jBVgYaw"},{"id":"0603ILwYAE6DZhD7_BtImw","type":"Vod","title":"HLF8","subtitle":"Aflevering 21","description":"Met in deze uitzending:\n\n* Leontien van Moorsel en Hedwiges Maduro praten over de sportprestaties van afgelopen weekend.\n\n* Martijn Fischer en Bobby Boermans vertellen hoe het is om een Gouden Kalf te winnen.","formattedEpisodeNumbering":null,"formattedDate":"Ma 26 sep.","formattedDateShort":"Ma 26 sep.","formattedTime":"19:34","formattedDuration":"45m","formattedAvailabilityWindow":null,"formattedAvailabilityWindowShort":null,"image":{"portraitUrl":null,"landscapeUrl":"https:\/\/images.nlziet.nl\/metadataimportimages\/source\/459354265014B449B0926FC97ADA53AF1A883F4304266DB1DBF2BE085620D8F4.jpg"},"logo":{"normalUrl":"https:\/\/cdn.nlziet.nl\/static\/assets\/contentproviders\/sbs.png","darkUrl":"https:\/\/cdn.nlziet.nl\/static\/assets\/contentproviders\/dark\/sbs.png","flatUrl":"https:\/\/cdn.nlziet.nl\/static\/assets\/contentproviders\/flat\/sbs.png"},"tags":[],"seriesId":"4vJtYddbpUuwgA3jBVgYaw"},{"id":"-4G5lSSe80qYZEkpLqIKaA","type":"Vod","title":"HLF8","subtitle":"Aflevering 20","description":"Met in deze uitzending:\n\n* Debby Gerritsen is wingman.\n* Rene Mioch en Bridget Maasland vertellen over de nieuwe film over Marilyn Monroe.\n* BENR treedt op.\n* Roos Schlikker en Fidan Ekiz nemen de mediaweek door.\n* Ramon Meijerink en Bart Kemp over de rellende boeren die vandaag veroordeeld werden door de rechter.","formattedEpisodeNumbering":null,"formattedDate":"Vr 23 sep.","formattedDateShort":"Vr 23 sep.","formattedTime":"19:34","formattedDuration":"45m","formattedAvailabilityWindow":null,"formattedAvailabilityWindowShort":null,"image":{"portraitUrl":null,"landscapeUrl":"https:\/\/images.nlziet.nl\/metadataimportimages\/source\/8CEFFC6ACD41C8C701D164E0A9CF016D4F5475EE8EDF1618AA2E917A7884283F.jpg"},"logo":{"normalUrl":"https:\/\/cdn.nlziet.nl\/static\/assets\/contentproviders\/sbs.png","darkUrl":"https:\/\/cdn.nlziet.nl\/static\/assets\/contentproviders\/dark\/sbs.png","flatUrl":"https:\/\/cdn.nlziet.nl\/static\/assets\/contentproviders\/flat\/sbs.png"},"tags":[],"seriesId":"4vJtYddbpUuwgA3jBVgYaw"},{"id":"TPVZHcZVAEu1XVtmcL9nJQ","type":"Vod","title":"HLF8","subtitle":"Aflevering 19","description":"Met in deze uitzending:\n\n* Merel Ek en Mona Keizer over het politieke circus van afgelopen week\n\n* Glen Faria en Bente over het meest opmerkelijke muzieknieuws.\n\n* Ronald Molendijk is vanavond wingman.\n\n* Jan van Halst en Robert Maaskant over de voetbalwedstrijd Nederland \u2013 Polen vanavond.","formattedEpisodeNumbering":null,"formattedDate":"Do 22 sep.","formattedDateShort":"Do 22 sep.","formattedTime":"19:35","formattedDuration":"46m","formattedAvailabilityWindow":null,"formattedAvailabilityWindowShort":null,"image":{"portraitUrl":null,"landscapeUrl":"https:\/\/images.nlziet.nl\/metadataimportimages\/source\/72A47F0DD2B5E42881389A4285B305CC1DD1934DC04EEF508B9590E1867C9800.jpg"},"logo":{"normalUrl":"https:\/\/cdn.nlziet.nl\/static\/assets\/contentproviders\/sbs.png","darkUrl":"https:\/\/cdn.nlziet.nl\/static\/assets\/contentproviders\/dark\/sbs.png","flatUrl":"https:\/\/cdn.nlziet.nl\/static\/assets\/contentproviders\/flat\/sbs.png"},"tags":[],"seriesId":"4vJtYddbpUuwgA3jBVgYaw"},{"id":"JdEqdpDn8UayuAH1FwYvDA","type":"Vod","title":"HLF8","subtitle":"Aflevering 18","description":"SBS6 - Met in deze uitzending:\n\n* Robert Doornbos en Chantal Bles vragen aandacht voor kinderkanker.\n\n* Hans Jaap Melissen en Wierd Duk over de toespraak van Poetin.\n\n* Nucha Tomas Jamba, Nikita van Collenburg en Roy de Haas over pandjeshuizen, die steeds populairder worden.","formattedEpisodeNumbering":null,"formattedDate":"Wo 21 sep.","formattedDateShort":"Wo 21 sep.","formattedTime":"19:34","formattedDuration":"46m","formattedAvailabilityWindow":null,"formattedAvailabilityWindowShort":null,"image":{"portraitUrl":null,"landscapeUrl":"https:\/\/images.nlziet.nl\/metadataimportimages\/source\/0F289E9F5026E00C852EA084AF8239EE0611D857E0F011E8C7C2B4014C6884ED.jpg"},"logo":{"normalUrl":"https:\/\/cdn.nlziet.nl\/static\/assets\/contentproviders\/sbs.png","darkUrl":"https:\/\/cdn.nlziet.nl\/static\/assets\/contentproviders\/dark\/sbs.png","flatUrl":"https:\/\/cdn.nlziet.nl\/static\/assets\/contentproviders\/flat\/sbs.png"},"tags":[],"seriesId":"4vJtYddbpUuwgA3jBVgYaw"},{"id":"0XLhgCzcvkuz7sCdo3grnA","type":"Vod","title":"HLF8","subtitle":"Aflevering 17","description":"SBS6 - Met in deze uitzending:\n\n* Anne Kuik, Frits Huffnagel, Sam Hagens en Maik de Boer over Prinsjesdag 2022.\n\n* Hoe is het om als topsporter om te gaan met mentale problemen? Joost Luiten heeft het erover.\n\n* Corne Wegerif en Arend Kisteman namens de bakkersbranche over steunpakketten en energieprijzen voor bakkers.\n\n* Yesim Candan is de wingwoman.","formattedEpisodeNumbering":null,"formattedDate":"Di 20 sep.","formattedDateShort":"Di 20 sep.","formattedTime":"19:34","formattedDuration":"47m","formattedAvailabilityWindow":null,"formattedAvailabilityWindowShort":null,"image":{"portraitUrl":null,"landscapeUrl":"https:\/\/images.nlziet.nl\/metadataimportimages\/source\/88C91C4ACBAC70A1E9C857303C529C91D8CFE875D2AB36DC343ED0A3767D5E9E.jpg"},"logo":{"normalUrl":"https:\/\/cdn.nlziet.nl\/static\/assets\/contentproviders\/sbs.png","darkUrl":"https:\/\/cdn.nlziet.nl\/static\/assets\/contentproviders\/dark\/sbs.png","flatUrl":"https:\/\/cdn.nlziet.nl\/static\/assets\/contentproviders\/flat\/sbs.png"},"tags":[],"seriesId":"4vJtYddbpUuwgA3jBVgYaw"},{"id":"rf2lNbJvWUarOJv5RjMAIw","type":"Vod","title":"HLF8","subtitle":"Aflevering 16","description":"SBS6 - Met in deze uitzending:\n\n* Jack van Gelder is wingman.\n* Een nabeschouwing van de begrafenis van The Queen met Sandra Schuurhof.\n* Gregory Sedoc en Paul Haarhuis bespreken het sportweekend.\n* Stefano Keizers over zijn nieuwe programma 'Ik Ga Stuk!'\n* Dennis van Aarssen treedt op.","formattedEpisodeNumbering":null,"formattedDate":"Ma 19 sep.","formattedDateShort":"Ma 19 sep.","formattedTime":"19:34","formattedDuration":"47m","formattedAvailabilityWindow":null,"formattedAvailabilityWindowShort":null,"image":{"portraitUrl":null,"landscapeUrl":"https:\/\/images.nlziet.nl\/metadataimportimages\/source\/0E0B9B4C36CF341048378D65D3E7F9F90848B9E5B681EDCB1CECA4308DFC2898.jpg"},"logo":{"normalUrl":"https:\/\/cdn.nlziet.nl\/static\/assets\/contentproviders\/sbs.png","darkUrl":"https:\/\/cdn.nlziet.nl\/static\/assets\/contentproviders\/dark\/sbs.png","flatUrl":"https:\/\/cdn.nlziet.nl\/static\/assets\/contentproviders\/flat\/sbs.png"},"tags":[],"seriesId":"4vJtYddbpUuwgA3jBVgYaw"},{"id":"kGC0vVGa80-JRVJsEu_k6g","type":"Vod","title":"HLF8","subtitle":"Aflevering 15","description":"SBS6 - Met in deze uitzending:\n* Britt Dekker is vanavond de wingman\n\n* Justine Marcella over de massale rouw de afgelopen week om Queen Elizabeth\n\n* Mo\u00efse Trustfull en Maxim Hartman nemen de mediaweek door\n\n* Kim Feenstra bespreekt haar documentaire over de falende Jeugdzorg. Bekijk hieronder de trailer van de docu Taken - Kinderen van de Staat","formattedEpisodeNumbering":null,"formattedDate":"Vr 16 sep.","formattedDateShort":"Vr 16 sep.","formattedTime":"19:34","formattedDuration":"46m","formattedAvailabilityWindow":null,"formattedAvailabilityWindowShort":null,"image":{"portraitUrl":null,"landscapeUrl":"https:\/\/images.nlziet.nl\/metadataimportimages\/source\/F5DC023994519FA3FB5E0BA8D37735E84BF2D7683F030D7A97295E670EC07054.jpg"},"logo":{"normalUrl":"https:\/\/cdn.nlziet.nl\/static\/assets\/contentproviders\/sbs.png","darkUrl":"https:\/\/cdn.nlziet.nl\/static\/assets\/contentproviders\/dark\/sbs.png","flatUrl":"https:\/\/cdn.nlziet.nl\/static\/assets\/contentproviders\/flat\/sbs.png"},"tags":[],"seriesId":"4vJtYddbpUuwgA3jBVgYaw"},{"id":"SwbP3R9Vx0W7fm_ranE4pg","type":"Vod","title":"HLF8","subtitle":"Aflevering 14","description":"SBS6 - Met in deze uitzending:\n\n* Menno Swart over het vertrek van Schiphol-baas Dick Benschop.\n\n* Door de energiecrisis kloppen 'werkende armen' aan bij schuldhulpverleners, Marjolein Moorman en Nadja Jungmann zijn te gast en bespreken dit onderwerp.\n\n* Wordt 'Urk!' een van de drie kanshebbers voor de Gouden Televizier-ring? De 'Urk!'-sterren Greetje en Teun F\u00f6hn zijn te gast.\n\n* Gijs Staverman en Jaap Reesema vieren de muziek.\n\n* Goedele Liekens is de wingwoman van de avond.","formattedEpisodeNumbering":null,"formattedDate":"Do 15 sep.","formattedDateShort":"Do 15 sep.","formattedTime":"19:34","formattedDuration":"47m","formattedAvailabilityWindow":null,"formattedAvailabilityWindowShort":null,"image":{"portraitUrl":null,"landscapeUrl":"https:\/\/images.nlziet.nl\/metadataimportimages\/source\/419E3D509E8E86FBC0E7DCF84DD0DE0C46A9AEAF5B0A2DD383FA2E89280CBF58.jpg"},"logo":{"normalUrl":"https:\/\/cdn.nlziet.nl\/static\/assets\/contentproviders\/sbs.png","darkUrl":"https:\/\/cdn.nlziet.nl\/static\/assets\/contentproviders\/dark\/sbs.png","flatUrl":"https:\/\/cdn.nlziet.nl\/static\/assets\/contentproviders\/flat\/sbs.png"},"tags":[],"seriesId":"4vJtYddbpUuwgA3jBVgYaw"},{"id":"85msALhxfESju4Iarkhztg","type":"Vod","title":"HLF8","subtitle":"Aflevering 13","description":"SBS6 - Livetalkshow. De presentator ontvangt aan tafel een aantal gasten om de dag door te nemen.","formattedEpisodeNumbering":null,"formattedDate":"Wo 14 sep.","formattedDateShort":"Wo 14 sep.","formattedTime":"19:35","formattedDuration":"45m","formattedAvailabilityWindow":null,"formattedAvailabilityWindowShort":null,"image":{"portraitUrl":null,"landscapeUrl":"https:\/\/images.nlziet.nl\/metadataimportimages\/source\/818A73C1518FCFEDA55CFB6D7119C81663DDC9F0EDA654E83FE01A4564570AFB.jpg"},"logo":{"normalUrl":"https:\/\/cdn.nlziet.nl\/static\/assets\/contentproviders\/sbs.png","darkUrl":"https:\/\/cdn.nlziet.nl\/static\/assets\/contentproviders\/dark\/sbs.png","flatUrl":"https:\/\/cdn.nlziet.nl\/static\/assets\/contentproviders\/flat\/sbs.png"},"tags":[],"seriesId":"4vJtYddbpUuwgA3jBVgYaw"},{"id":"6o00JxBYa0mchjbosSyPtQ","type":"Vod","title":"HLF8","subtitle":"Aflevering 12","description":"SBS6 - Met in deze uitzending:\n\n* Merel Ek, Daphne Lodder en Wybren van Haga over woke-isme en Prinsjesdag.\n\n* De inval van de FIOD bij Jumbo-topman Frits van Eerd.\n\n* Yesim Candan is vanavond de wingwoman.\n\n* Dokter Felicia beantwoordt gezondheidsvragen.","formattedEpisodeNumbering":null,"formattedDate":"Di 13 sep.","formattedDateShort":"Di 13 sep.","formattedTime":"19:35","formattedDuration":"45m","formattedAvailabilityWindow":null,"formattedAvailabilityWindowShort":null,"image":{"portraitUrl":null,"landscapeUrl":"https:\/\/images.nlziet.nl\/metadataimportimages\/source\/2234AE9536D137883502E9E1E60597EF28C94E7BB2C3E7BC9555ED5DFFC55145.jpg"},"logo":{"normalUrl":"https:\/\/cdn.nlziet.nl\/static\/assets\/contentproviders\/sbs.png","darkUrl":"https:\/\/cdn.nlziet.nl\/static\/assets\/contentproviders\/dark\/sbs.png","flatUrl":"https:\/\/cdn.nlziet.nl\/static\/assets\/contentproviders\/flat\/sbs.png"},"tags":[],"seriesId":"4vJtYddbpUuwgA3jBVgYaw"},{"id":"1wJrMtipjE6m2PqPVWz1og","type":"Vod","title":"HLF8","subtitle":"Aflevering 11","description":"SBS6 - Met in deze uitzending:\n\n* Jack van Gelder is wingman.\n* Tinder bestaat tien jaar en in 'HLF8' zijn meerdere koppels te gast die hun geluk hebben te danken aan de populaire app.\n* Tino Martin vertelt over zijn nieuwe theatertour en treedt op.\n* Tom Coronel, Steijn Schothorst en Thomas Dekker bespreken het afgelopen sportweekend.","formattedEpisodeNumbering":null,"formattedDate":"Ma 12 sep.","formattedDateShort":"Ma 12 sep.","formattedTime":"19:35","formattedDuration":"46m","formattedAvailabilityWindow":null,"formattedAvailabilityWindowShort":null,"image":{"portraitUrl":null,"landscapeUrl":"https:\/\/images.nlziet.nl\/metadataimportimages\/source\/A9EB666C93C6C4A2E6DCDA853AF5EA27499E20D569D5DC82A01C841054F66D38.jpg"},"logo":{"normalUrl":"https:\/\/cdn.nlziet.nl\/static\/assets\/contentproviders\/sbs.png","darkUrl":"https:\/\/cdn.nlziet.nl\/static\/assets\/contentproviders\/dark\/sbs.png","flatUrl":"https:\/\/cdn.nlziet.nl\/static\/assets\/contentproviders\/flat\/sbs.png"},"tags":[],"seriesId":"4vJtYddbpUuwgA3jBVgYaw"},{"id":"CjdRuVe4rEOA8tIeGxMtUQ","type":"Vod","title":"HLF8","subtitle":"Aflevering 10","description":"SBS6 - Met in deze uitzending:\n* Antoinnette Scheulderman is vanavond wingman van Leonie Ter Braak.\n* Bram van Dijk vertelt je alles over de nieuwe iPhone.\n* Sandra Schuurhof en Justine Marcella blikken vooruit op de begrafenis van Queen Elizabeth II en het koningschap van Charles III.","formattedEpisodeNumbering":null,"formattedDate":"Vr 9 sep.","formattedDateShort":"Vr 9 sep.","formattedTime":"19:33","formattedDuration":"48m","formattedAvailabilityWindow":null,"formattedAvailabilityWindowShort":null,"image":{"portraitUrl":null,"landscapeUrl":"https:\/\/images.nlziet.nl\/metadataimportimages\/source\/1354328EA92F6A72E0A1DA8E6F9B0EEF3AED6D72F92421343E8437188FA29923.jpg"},"logo":{"normalUrl":"https:\/\/cdn.nlziet.nl\/static\/assets\/contentproviders\/sbs.png","darkUrl":"https:\/\/cdn.nlziet.nl\/static\/assets\/contentproviders\/dark\/sbs.png","flatUrl":"https:\/\/cdn.nlziet.nl\/static\/assets\/contentproviders\/flat\/sbs.png"},"tags":[],"seriesId":"4vJtYddbpUuwgA3jBVgYaw"},{"id":"w1RklYXazECwFbSWSkdPTw","type":"Vod","title":"HLF8","subtitle":"Aflevering 9","description":"SBS6 - Met in deze uitzending:\n\n* Jack van Gelder is de wingman.\n\n* Mart Hoogkamer en Jeroen van Inkel bespreken het muzieknieuws.\n\n* Anita Witzier vraagt aandacht voor de laaggeletterdheid onder ouders.\n\n* Het overlijden van Queen Elizabeth.","formattedEpisodeNumbering":null,"formattedDate":"Do 8 sep.","formattedDateShort":"Do 8 sep.","formattedTime":"19:35","formattedDuration":"47m","formattedAvailabilityWindow":null,"formattedAvailabilityWindowShort":null,"image":{"portraitUrl":null,"landscapeUrl":"https:\/\/images.nlziet.nl\/metadataimportimages\/source\/9E4A48DAC4CCA617D57347A3EFDF2A102B33108C043A0BAC8FC656A113BA489E.jpg"},"logo":{"normalUrl":"https:\/\/cdn.nlziet.nl\/static\/assets\/contentproviders\/sbs.png","darkUrl":"https:\/\/cdn.nlziet.nl\/static\/assets\/contentproviders\/dark\/sbs.png","flatUrl":"https:\/\/cdn.nlziet.nl\/static\/assets\/contentproviders\/flat\/sbs.png"},"tags":[],"seriesId":"4vJtYddbpUuwgA3jBVgYaw"},{"id":"eTBPpvGmtUK0qw6j9WRK5Q","type":"Vod","title":"HLF8","subtitle":"Aflevering 8","description":"SBS6 - Met in deze uitzending: \n\n* Rutger Castricum is Wingman.\n* Ronnie Brouwer en Amara Onwuka over wijn uit Nederland.\n* Lilian Marijnissen over sportclubs in de problemen door hoge energieprijzen.\n* Ali Boussaboun en Kees Jansma blikken vooruit op de Europa Legue-wedstrijden.","formattedEpisodeNumbering":null,"formattedDate":"Wo 7 sep.","formattedDateShort":"Wo 7 sep.","formattedTime":"19:35","formattedDuration":"46m","formattedAvailabilityWindow":null,"formattedAvailabilityWindowShort":null,"image":{"portraitUrl":null,"landscapeUrl":"https:\/\/images.nlziet.nl\/metadataimportimages\/source\/C7C2B8B5359E1859D85E13FE865F5956932C1F5080C7BF704DDDE63C5358EAD0.jpg"},"logo":{"normalUrl":"https:\/\/cdn.nlziet.nl\/static\/assets\/contentproviders\/sbs.png","darkUrl":"https:\/\/cdn.nlziet.nl\/static\/assets\/contentproviders\/dark\/sbs.png","flatUrl":"https:\/\/cdn.nlziet.nl\/static\/assets\/contentproviders\/flat\/sbs.png"},"tags":[],"seriesId":"4vJtYddbpUuwgA3jBVgYaw"},{"id":"-Y5TzgYJqkKGvnMzcMd_TA","type":"Vod","title":"HLF8","subtitle":"Aflevering 7","description":"SBS6 - Met in deze uitzending: \n\n* Suze van Kleef en Anouk Hoogendijk over de Oranje leeuwinnen\n* Sam Hagens, Boris van der Ham en Caroline van der Plas over de onrustige start van het parlementaire jaar.\n* Henny Huisman is openhartiger dan ooit over zijn theatervoorstelling\n* Yesim Candan is wingman","formattedEpisodeNumbering":null,"formattedDate":"Di 6 sep.","formattedDateShort":"Di 6 sep.","formattedTime":"19:34","formattedDuration":"48m","formattedAvailabilityWindow":null,"formattedAvailabilityWindowShort":null,"image":{"portraitUrl":null,"landscapeUrl":"https:\/\/images.nlziet.nl\/metadataimportimages\/source\/2376956E1C335FDDDCFA427F19D59D2CB2223E694EF38B6EF0794AB53C5F8A26.jpg"},"logo":{"normalUrl":"https:\/\/cdn.nlziet.nl\/static\/assets\/contentproviders\/sbs.png","darkUrl":"https:\/\/cdn.nlziet.nl\/static\/assets\/contentproviders\/dark\/sbs.png","flatUrl":"https:\/\/cdn.nlziet.nl\/static\/assets\/contentproviders\/flat\/sbs.png"},"tags":[],"seriesId":"4vJtYddbpUuwgA3jBVgYaw"},{"id":"uHT7_Dv8HEKqMlrOmi_wkw","type":"Vod","title":"HLF8","subtitle":"Aflevering 6","description":"SBS6 - Met in deze uitzending: \n* Thomas Dekker, Tom Coronel en Steijn Schothorst blikken terug op het sportweekend\n* Frank Dane komt terug bij Radio 538\n* Dominee Gremdaat opent de week op zijn eigen wijze\n* Bakkers Arend, Remy en Corne komen in actie tegen de hoge energieprijzen\n* Anouk Hoogendijk is wingman","formattedEpisodeNumbering":null,"formattedDate":"Ma 5 sep.","formattedDateShort":"Ma 5 sep.","formattedTime":"19:35","formattedDuration":"46m","formattedAvailabilityWindow":null,"formattedAvailabilityWindowShort":null,"image":{"portraitUrl":null,"landscapeUrl":"https:\/\/images.nlziet.nl\/metadataimportimages\/source\/672C9FD78D7627AE8ADE202E8BD19777AEEDA4AAA1B18A35A15417E4553D1E7C.jpg"},"logo":{"normalUrl":"https:\/\/cdn.nlziet.nl\/static\/assets\/contentproviders\/sbs.png","darkUrl":"https:\/\/cdn.nlziet.nl\/static\/assets\/contentproviders\/dark\/sbs.png","flatUrl":"https:\/\/cdn.nlziet.nl\/static\/assets\/contentproviders\/flat\/sbs.png"},"tags":[],"seriesId":"4vJtYddbpUuwgA3jBVgYaw"},{"id":"ZDkiGj5NY0Cv654TOaF4jg","type":"Vod","title":"HLF8","subtitle":"Aflevering 5","description":"SBS6 - Met in deze uitzending:\n* Antoinnette Scheulderman is de \u2018wingman\u2019 van presentatrice Leonie ter Braak.\n\n* Antoinnette Scheulderman, Anna Nooshin en Arno Kantelberg nemen de media-week door.\n\n* Tom Coronel en Sylvana IJsselmuiden praten over de grand prix van Zandvoort.\n\n* Pauline Dekker, Mijntje Kleijnen en Arno Kantelberg bespreken de schadelijkheid van roken en e-smoking.","formattedEpisodeNumbering":null,"formattedDate":"Vr 2 sep.","formattedDateShort":"Vr 2 sep.","formattedTime":"19:34","formattedDuration":"47m","formattedAvailabilityWindow":null,"formattedAvailabilityWindowShort":null,"image":{"portraitUrl":null,"landscapeUrl":"https:\/\/images.nlziet.nl\/metadataimportimages\/source\/CC86DB00396134A8A11023A80916B91E59FC8A1DF38C8B121D0F86BBDDA9215E.jpg"},"logo":{"normalUrl":"https:\/\/cdn.nlziet.nl\/static\/assets\/contentproviders\/sbs.png","darkUrl":"https:\/\/cdn.nlziet.nl\/static\/assets\/contentproviders\/dark\/sbs.png","flatUrl":"https:\/\/cdn.nlziet.nl\/static\/assets\/contentproviders\/flat\/sbs.png"},"tags":[],"seriesId":"4vJtYddbpUuwgA3jBVgYaw"},{"id":"_RsV0Ge8dEaj-gTmFtkBcA","type":"Vod","title":"HLF8","subtitle":"Aflevering 4","description":"SBS6 - Met in deze uitzending:\n* Heleen van Royen is vanavond de wingman.\n\n* Gerard Ekdom en Bente vertellen over het meest opvallende muzieknieuws\n\n* Rob Kemps komt langs om te praten over zijn eigen festival Total Loss in Best. Ruim twee jaar nadat Rob zijn eigen festival had aangekondigd, komt zijn droom na enig uitstel vanwege corona volgend weekend dan eindelijk uit. Ook vertelt hij over zijn presentatieklus bij 'Ik Hou Van Holland'.","formattedEpisodeNumbering":null,"formattedDate":"Do 1 sep.","formattedDateShort":"Do 1 sep.","formattedTime":"19:34","formattedDuration":"47m","formattedAvailabilityWindow":null,"formattedAvailabilityWindowShort":null,"image":{"portraitUrl":null,"landscapeUrl":"https:\/\/images.nlziet.nl\/metadataimportimages\/source\/0B3AF60A0D051328701F4F3E37E291D5F5DB1B37F1D48C9C1B05634BE736627A.jpg"},"logo":{"normalUrl":"https:\/\/cdn.nlziet.nl\/static\/assets\/contentproviders\/sbs.png","darkUrl":"https:\/\/cdn.nlziet.nl\/static\/assets\/contentproviders\/dark\/sbs.png","flatUrl":"https:\/\/cdn.nlziet.nl\/static\/assets\/contentproviders\/flat\/sbs.png"},"tags":[],"seriesId":"4vJtYddbpUuwgA3jBVgYaw"},{"id":"TMt_RFHcfUiFuoYqtTrqUQ","type":"Vod","title":"HLF8","subtitle":"Aflevering 3","description":"SBS6 - Livetalkshow. De presentator ontvangt aan tafel een aantal gasten om de dag door te nemen.","formattedEpisodeNumbering":null,"formattedDate":"Wo 31 aug.","formattedDateShort":"Wo 31 aug.","formattedTime":"19:33","formattedDuration":"48m","formattedAvailabilityWindow":null,"formattedAvailabilityWindowShort":null,"image":{"portraitUrl":null,"landscapeUrl":"https:\/\/images.nlziet.nl\/metadataimportimages\/source\/F5D99D1917F96D9A1C49D22D80D254397E3E127E7C55753261CDB5E0EC7C632E.jpg"},"logo":{"normalUrl":"https:\/\/cdn.nlziet.nl\/static\/assets\/contentproviders\/sbs.png","darkUrl":"https:\/\/cdn.nlziet.nl\/static\/assets\/contentproviders\/dark\/sbs.png","flatUrl":"https:\/\/cdn.nlziet.nl\/static\/assets\/contentproviders\/flat\/sbs.png"},"tags":[],"seriesId":"4vJtYddbpUuwgA3jBVgYaw"},{"id":"dCed0fViXU6OGoy85BA82Q","type":"Vod","title":"HLF8","subtitle":"Aflevering 2","description":"SBS6 - Met in deze uitzending:\n* Britt Dekker is vanavond de wingman van H\u00e9l\u00e8ne Hendriks.\n\n* Nick, Dyon en Sander de Kramer zijn te gast en hebben het over de toename van gehoorschade en tinnitus, ook wel oorsuizen.","formattedEpisodeNumbering":null,"formattedDate":"Di 30 aug.","formattedDateShort":"Di 30 aug.","formattedTime":"19:33","formattedDuration":"46m","formattedAvailabilityWindow":null,"formattedAvailabilityWindowShort":null,"image":{"portraitUrl":null,"landscapeUrl":"https:\/\/images.nlziet.nl\/metadataimportimages\/source\/CDFBC4975E68F5BD8B2430DF31F8D25E81F3BCD521FBF762505458903B75C6A8.jpg"},"logo":{"normalUrl":"https:\/\/cdn.nlziet.nl\/static\/assets\/contentproviders\/sbs.png","darkUrl":"https:\/\/cdn.nlziet.nl\/static\/assets\/contentproviders\/dark\/sbs.png","flatUrl":"https:\/\/cdn.nlziet.nl\/static\/assets\/contentproviders\/flat\/sbs.png"},"tags":[],"seriesId":"4vJtYddbpUuwgA3jBVgYaw"},{"id":"elJnViU0A0mQ7pSFBtF7YA","type":"Vod","title":"HLF8","subtitle":"Aflevering 1","description":"SBS6 - Met in deze uitzending:\n* Jack van Gelder is de wingman van presentatrice H\u00e9l\u00e8ne Hendriks.\n\n* Pieter Omtzigt en Sam Hagens vertellen meer over de situatie in Ter Apel, waar honderden vluchtelingen al dagen buiten moeten slapen onder erbarmelijke omstandigheden.\n\n* John van Lottum en Allard Kalff bespreken het sportweekend: Formule 1 en US Open\n\n* Kandidaten Gerry, Gert-Jan en Babette vertellen over hun deelname aan het nieuwe programma 'Een Jaar Van Je Leven'.","formattedEpisodeNumbering":null,"formattedDate":"Ma 29 aug.","formattedDateShort":"Ma 29 aug.","formattedTime":"19:34","formattedDuration":"47m","formattedAvailabilityWindow":null,"formattedAvailabilityWindowShort":null,"image":{"portraitUrl":null,"landscapeUrl":"https:\/\/images.nlziet.nl\/metadataimportimages\/source\/A3601B1629E24B694CAA9557B530DD958AC5FC221870E2FEFB4FA35D288246A3.jpg"},"logo":{"normalUrl":"https:\/\/cdn.nlziet.nl\/static\/assets\/contentproviders\/sbs.png","darkUrl":"https:\/\/cdn.nlziet.nl\/static\/assets\/contentproviders\/dark\/sbs.png","flatUrl":"https:\/\/cdn.nlziet.nl\/static\/assets\/contentproviders\/flat\/sbs.png"},"tags":[],"seriesId":"4vJtYddbpUuwgA3jBVgYaw"}]