[{"id":"x7VPhQQ-MkWFJn5duccB2Q","type":"Vod","title":"NOS Kamerdebat","subtitle":"NOS Kamerdebat","description":"NOS - NOS Kamerdebat over Teevendeal.","formattedEpisodeNumbering":null,"formattedDate":"Wo 16 dec. 2015","formattedDateShort":"Dec. 2015","formattedTime":"14:10","formattedDuration":"2u 42m","formattedAvailabilityWindow":null,"formattedAvailabilityWindowShort":null,"image":{"portraitUrl":null,"landscapeUrl":"https:\/\/images.nlziet.nl\/metadataimportimages\/source\/EAF2389F9FCB1F238F139BD4C8F618C3E7113999DBDC45FA9F16087ABF1A4F4B.jpg"},"logo":{"normalUrl":"https:\/\/cdn.nlziet.nl\/static\/assets\/contentproviders\/npo.png","darkUrl":"https:\/\/cdn.nlziet.nl\/static\/assets\/contentproviders\/dark\/npo.png","flatUrl":"https:\/\/cdn.nlziet.nl\/static\/assets\/contentproviders\/flat\/npo.png"},"tags":[],"seriesId":"7w7QGJy-_kmjD1dwmjwvsA"}]