[{"id":"bNh0H6W5GUWJpesz4Ce8EQ","type":"Vod","title":"Brainwash","subtitle":"Damiaan Denys: Waarde van angst","description":"HUMAN - Volgens psychiater en filosoof Damiaan Denys zijn we bang. Bang voor zeldzame ziektes en aanslagen. Bang voor het leven. In Brainwash Talks onderzoekt hij onze grootste angsten. Stine Jensen en Jan Jaap van der Wal nodigden tijdens Brainwash Festivals een mix aan (inter)nationale filosofen, wetenschappers, schrijvers en stand-upcomedians uit.","formattedEpisodeNumbering":null,"formattedDate":"Zo 12 mrt. 2017","formattedDateShort":"Mrt. 2017","formattedTime":"16:10","formattedDuration":"12m","formattedAvailabilityWindow":null,"formattedAvailabilityWindowShort":null,"image":{"portraitUrl":null,"landscapeUrl":"https:\/\/images.nlziet.nl\/metadataimportimages\/source\/A2A1133EAE7FC362B6AD55303C84A5C9EC613051196D703778820C13D10A6657.jpg"},"logo":{"normalUrl":"https:\/\/cdn.nlziet.nl\/static\/assets\/contentproviders\/npo.png","darkUrl":"https:\/\/cdn.nlziet.nl\/static\/assets\/contentproviders\/dark\/npo.png","flatUrl":"https:\/\/cdn.nlziet.nl\/static\/assets\/contentproviders\/flat\/npo.png"},"tags":[],"seriesId":"6t7SFiAmnEOB-25LX_yXzg"},{"id":"TT0EIB-NAUuRdzml9RIe8A","type":"Vod","title":"Brainwash","subtitle":"Julian Baggini: Waarde van Eten","description":"HUMAN - Filosoof Julian Baggini duikt in \u00e9\u00e9n van onze meest basale levensbehoeften, namelijk eten. Wat zegt ons voedsel, onze manier van consumeren over ons? In Brainwash Talks gaat hij op zoek naar een recept.","formattedEpisodeNumbering":null,"formattedDate":"Zo 5 mrt. 2017","formattedDateShort":"Mrt. 2017","formattedTime":"16:05","formattedDuration":"12m","formattedAvailabilityWindow":null,"formattedAvailabilityWindowShort":null,"image":{"portraitUrl":null,"landscapeUrl":"https:\/\/images.nlziet.nl\/metadataimportimages\/source\/E97D9C4FA7017B22AEA9F13593BA09EBDBBE2661AFE6A6FAB5D1E62C0525C549.jpg"},"logo":{"normalUrl":"https:\/\/cdn.nlziet.nl\/static\/assets\/contentproviders\/npo.png","darkUrl":"https:\/\/cdn.nlziet.nl\/static\/assets\/contentproviders\/dark\/npo.png","flatUrl":"https:\/\/cdn.nlziet.nl\/static\/assets\/contentproviders\/flat\/npo.png"},"tags":[],"seriesId":"6t7SFiAmnEOB-25LX_yXzg"},{"id":"K147IFOT5Eayr_uqnjJnlA","type":"Vod","title":"Brainwash","subtitle":"Daan Roovers: Waarde van Opvoeding","description":"HUMAN - Filosoof Daan Roovers worstelt met de opvoeding van haar twee kinderen. 'Waartoe voeden we op?'","formattedEpisodeNumbering":null,"formattedDate":"Zo 26 feb. 2017","formattedDateShort":"Feb. 2017","formattedTime":"16:05","formattedDuration":"11m","formattedAvailabilityWindow":null,"formattedAvailabilityWindowShort":null,"image":{"portraitUrl":null,"landscapeUrl":"https:\/\/images.nlziet.nl\/metadataimportimages\/source\/FDD463216317DA8BD44F34FE6FA96DFF8773A6CA98DB08F0C7A60D221B159A14.jpg"},"logo":{"normalUrl":"https:\/\/cdn.nlziet.nl\/static\/assets\/contentproviders\/npo.png","darkUrl":"https:\/\/cdn.nlziet.nl\/static\/assets\/contentproviders\/dark\/npo.png","flatUrl":"https:\/\/cdn.nlziet.nl\/static\/assets\/contentproviders\/flat\/npo.png"},"tags":[],"seriesId":"6t7SFiAmnEOB-25LX_yXzg"},{"id":"xNsgVdlK3kKtq8lqinjbjA","type":"Vod","title":"Brainwash","subtitle":"Nienke Wijnants: Waarde van Zingeving","description":"HUMAN - Volgens psycholoog Nienke Wijnants verkeren we in een existenti\u00eble crisis: waar willen we heen met onze levens, nu er zoveel te kiezen is?","formattedEpisodeNumbering":null,"formattedDate":"Zo 12 feb. 2017","formattedDateShort":"Feb. 2017","formattedTime":"16:05","formattedDuration":"12m","formattedAvailabilityWindow":null,"formattedAvailabilityWindowShort":null,"image":{"portraitUrl":null,"landscapeUrl":"https:\/\/images.nlziet.nl\/metadataimportimages\/source\/8D94DDEB0F7B389C00C469C98652535BF8E96885F8044B1A2296E6DBA6FF34D6.jpg"},"logo":{"normalUrl":"https:\/\/cdn.nlziet.nl\/static\/assets\/contentproviders\/npo.png","darkUrl":"https:\/\/cdn.nlziet.nl\/static\/assets\/contentproviders\/dark\/npo.png","flatUrl":"https:\/\/cdn.nlziet.nl\/static\/assets\/contentproviders\/flat\/npo.png"},"tags":[],"seriesId":"6t7SFiAmnEOB-25LX_yXzg"},{"id":"--yJ2hJxCUOG5bfzFKSxPg","type":"Vod","title":"Brainwash","subtitle":"Hans Sibbel: Waarde van Idee\u00ebn","description":"HUMAN - Volgens cabaretier Hans Sibbel zijn we doorgeslagen individualisten, allen op ons eigen eilandje. Hoe komen we daar weer vanaf?","formattedEpisodeNumbering":null,"formattedDate":"Zo 5 feb. 2017","formattedDateShort":"Feb. 2017","formattedTime":"16:05","formattedDuration":"10m","formattedAvailabilityWindow":null,"formattedAvailabilityWindowShort":null,"image":{"portraitUrl":null,"landscapeUrl":"https:\/\/images.nlziet.nl\/metadataimportimages\/source\/843EBB368AB8D2EC7F1ED3C2853624DF080FF160B1125A52D77F0369DA59836C.jpg"},"logo":{"normalUrl":"https:\/\/cdn.nlziet.nl\/static\/assets\/contentproviders\/npo.png","darkUrl":"https:\/\/cdn.nlziet.nl\/static\/assets\/contentproviders\/dark\/npo.png","flatUrl":"https:\/\/cdn.nlziet.nl\/static\/assets\/contentproviders\/flat\/npo.png"},"tags":[],"seriesId":"6t7SFiAmnEOB-25LX_yXzg"}]