[{"id":"BKziRhZUDE-kYze7UAQqLQ","type":"Vod","title":"Slava Oekra\u00efne","subtitle":"Slava Oekra\u00efne","description":"BNNVARA - Na de invasie van Rusland in Oekra\u00efne zijn er veel vluchtelingen naar Nederland gekomen. Vluchtelingen met verschillende verhalen en omstandigheden worden voor deze serie gevolgd.","formattedEpisodeNumbering":null,"formattedDate":"Ma 19 sep.","formattedDateShort":"Ma 19 sep.","formattedTime":"20:25","formattedDuration":"55m","formattedAvailabilityWindow":null,"formattedAvailabilityWindowShort":null,"image":{"portraitUrl":null,"landscapeUrl":"https:\/\/images.nlziet.nl\/metadataimportimages\/source\/115BC5688EDCA2B4EBCADF50F86DF46BDF98504DCA2E80BB54CBD86624C4A9D4.jpg"},"logo":{"normalUrl":"https:\/\/cdn.nlziet.nl\/static\/assets\/contentproviders\/npo.png","darkUrl":"https:\/\/cdn.nlziet.nl\/static\/assets\/contentproviders\/dark\/npo.png","flatUrl":"https:\/\/cdn.nlziet.nl\/static\/assets\/contentproviders\/flat\/npo.png"},"tags":[],"seriesId":"465xAqZBJkuCAWte76nMNg"}]