[{"id":"LbVNRLRB8kGjpJh-bfL1XA","type":"Vod","title":"NOS WK-kwalificatie Voetbal","subtitle":"NOS WK-kwalificatie Voetbal Nederland - Zweden 1ste helft","description":"NOS - Rechtstreeks verslag van de eerste helft van de WK-kwalificatiewedstrijd Nederland - Zweden in Amsterdam ArenA.","formattedEpisodeNumbering":null,"formattedDate":"Di 10 okt. 2017","formattedDateShort":"Okt. 2017","formattedTime":"20:35","formattedDuration":"56m","formattedAvailabilityWindow":null,"formattedAvailabilityWindowShort":null,"image":{"portraitUrl":null,"landscapeUrl":"https:\/\/images.nlziet.nl\/metadataimportimages\/source\/50267660C32B610D8922A9E23AAFBAFDF2560B50A1B4B0552B2320B9AA6AF540.jpg"},"logo":{"normalUrl":"https:\/\/cdn.nlziet.nl\/static\/assets\/contentproviders\/npo.png","darkUrl":"https:\/\/cdn.nlziet.nl\/static\/assets\/contentproviders\/dark\/npo.png","flatUrl":"https:\/\/cdn.nlziet.nl\/static\/assets\/contentproviders\/flat\/npo.png"},"tags":[],"seriesId":"5Ys7Jwg3_EKAiS07ctyJhw"},{"id":"JOxTqrQ1Q0aJKSW8M98BFQ","type":"Vod","title":"NOS WK-kwalificatie Voetbal","subtitle":"Wit-Rusland - Nederland 1ste helft","description":"NOS - Rechtstreeks verslag van de eerste helft van de WK-kwalificatiewedstrijd Wit-Rusland - Nederland in de Borisov Arena.","formattedEpisodeNumbering":null,"formattedDate":"Za 7 okt. 2017","formattedDateShort":"Okt. 2017","formattedTime":"20:25","formattedDuration":"1u 4m","formattedAvailabilityWindow":null,"formattedAvailabilityWindowShort":null,"image":{"portraitUrl":null,"landscapeUrl":"https:\/\/images.nlziet.nl\/metadataimportimages\/source\/49BFCBCF6104C037F8FC6CB6BC0B7BAD3E9C26E556836B6DBA0C2B8AFBA1177C.jpg"},"logo":{"normalUrl":"https:\/\/cdn.nlziet.nl\/static\/assets\/contentproviders\/npo.png","darkUrl":"https:\/\/cdn.nlziet.nl\/static\/assets\/contentproviders\/dark\/npo.png","flatUrl":"https:\/\/cdn.nlziet.nl\/static\/assets\/contentproviders\/flat\/npo.png"},"tags":[],"seriesId":"5Ys7Jwg3_EKAiS07ctyJhw"},{"id":"a6jq0o4OIEK9l7Wp9TXWlg","type":"Vod","title":"NOS WK-kwalificatie Voetbal","subtitle":"NOS WK-kwalificatie Voetbal Nederland - Bulgarij\u00eb 1ste helft","description":"NOS - Rechtstreeks verslag van de eerste helft van de WK-kwalificatiewedstrijd Nederland - Bulgarij\u00eb in Amsterdam ArenA, Amsterdam.","formattedEpisodeNumbering":null,"formattedDate":"Zo 3 sep. 2017","formattedDateShort":"Sep. 2017","formattedTime":"17:55","formattedDuration":"53m","formattedAvailabilityWindow":null,"formattedAvailabilityWindowShort":null,"image":{"portraitUrl":null,"landscapeUrl":"https:\/\/images.nlziet.nl\/metadataimportimages\/source\/D8A5D94F6284788CE8023B07561E2AF9D84F4572A7923EC461C0CA371C71AA0E.jpg"},"logo":{"normalUrl":"https:\/\/cdn.nlziet.nl\/static\/assets\/contentproviders\/npo.png","darkUrl":"https:\/\/cdn.nlziet.nl\/static\/assets\/contentproviders\/dark\/npo.png","flatUrl":"https:\/\/cdn.nlziet.nl\/static\/assets\/contentproviders\/flat\/npo.png"},"tags":[],"seriesId":"5Ys7Jwg3_EKAiS07ctyJhw"},{"id":"9MkZrfgbNEy1_Y8m7N883A","type":"Vod","title":"NOS WK-kwalificatie Voetbal","subtitle":"NOS WK-kwalificatie Voetbal Frankrijk - Nederland 1ste helft","description":"NOS - Rechtstreeks verslag van de eerste helft van de WK-kwalificatiewedstrijd Frankrijk - Nederland in Stade de France, Paris Saint-Denis.","formattedEpisodeNumbering":null,"formattedDate":"Do 31 aug. 2017","formattedDateShort":"Aug. 2017","formattedTime":"20:40","formattedDuration":"52m","formattedAvailabilityWindow":null,"formattedAvailabilityWindowShort":null,"image":{"portraitUrl":null,"landscapeUrl":"https:\/\/images.nlziet.nl\/metadataimportimages\/source\/58E1D65C8D8D49938F2B3CBCDF3990BDD5D343F759270F177BBF28E3468433F2.jpg"},"logo":{"normalUrl":"https:\/\/cdn.nlziet.nl\/static\/assets\/contentproviders\/npo.png","darkUrl":"https:\/\/cdn.nlziet.nl\/static\/assets\/contentproviders\/dark\/npo.png","flatUrl":"https:\/\/cdn.nlziet.nl\/static\/assets\/contentproviders\/flat\/npo.png"},"tags":[],"seriesId":"5Ys7Jwg3_EKAiS07ctyJhw"},{"id":"JDqS6M4-h0S7l5KdwO2_7w","type":"Vod","title":"NOS WK-kwalificatie Voetbal","subtitle":"NOS WK-kwalificatie Voetbal Nederland - Luxemburg 1ste helft","description":"NOS - Rechtstreeks verslag van de eerste helft van de WK-kwalificatiewedstrijd Nederland - Luxemburg in De Kuip, Rotterdam.","formattedEpisodeNumbering":null,"formattedDate":"Vr 9 jun. 2017","formattedDateShort":"Jun. 2017","formattedTime":"20:40","formattedDuration":"55m","formattedAvailabilityWindow":null,"formattedAvailabilityWindowShort":null,"image":{"portraitUrl":null,"landscapeUrl":"https:\/\/images.nlziet.nl\/metadataimportimages\/source\/3078789ED4A8EBEF59DE0A74F82E7A1C1119BFD6ACC9BD6B9911F3318B431691.jpg"},"logo":{"normalUrl":"https:\/\/cdn.nlziet.nl\/static\/assets\/contentproviders\/npo.png","darkUrl":"https:\/\/cdn.nlziet.nl\/static\/assets\/contentproviders\/dark\/npo.png","flatUrl":"https:\/\/cdn.nlziet.nl\/static\/assets\/contentproviders\/flat\/npo.png"},"tags":[],"seriesId":"5Ys7Jwg3_EKAiS07ctyJhw"},{"id":"GLxA8TxGoUWiY1wgivlvTw","type":"Vod","title":"NOS WK-kwalificatie Voetbal","subtitle":"Bulgarije - Nederland 1ste helft","description":"NOS - Rechtstreeks verslag van de eerste helft van de WK-kwalificatiewedstrijd Bulgarije - Nederland in het Natsionalen Stadion Vasil Levski.","formattedEpisodeNumbering":null,"formattedDate":"Za 25 mrt. 2017","formattedDateShort":"Mrt. 2017","formattedTime":"20:25","formattedDuration":"1u 4m","formattedAvailabilityWindow":null,"formattedAvailabilityWindowShort":null,"image":{"portraitUrl":null,"landscapeUrl":"https:\/\/images.nlziet.nl\/metadataimportimages\/source\/13EF8274B99729C79225EB6B047AB2C79B128CB17AC6B704B495311FDD753BFE.jpg"},"logo":{"normalUrl":"https:\/\/cdn.nlziet.nl\/static\/assets\/contentproviders\/npo.png","darkUrl":"https:\/\/cdn.nlziet.nl\/static\/assets\/contentproviders\/dark\/npo.png","flatUrl":"https:\/\/cdn.nlziet.nl\/static\/assets\/contentproviders\/flat\/npo.png"},"tags":[],"seriesId":"5Ys7Jwg3_EKAiS07ctyJhw"}]