[{"id":"mHACUR1CSE23BB3P0706Cw","type":"Vod","title":"De proefkeuken","subtitle":"Aansteker","description":"VPRO - Pieter Hulst en Willem Voogd besluiten zelf een aansteker te bouwen. Ze leren vuur maken van bushcrafter Brambo, halen vuursteen in een vuursteenmijn en ondertussen produceert Willem superdarmgas.","formattedEpisodeNumbering":"S6:A7","formattedDate":"Zo 27 okt. 2019","formattedDateShort":"Okt. 2019","formattedTime":"09:25","formattedDuration":"24m","formattedAvailabilityWindow":null,"formattedAvailabilityWindowShort":null,"image":{"portraitUrl":null,"landscapeUrl":"https:\/\/images.nlziet.nl\/metadataimportimages\/source\/67FD5FCDA9FB95BB259CAC9A96FD25F31BBC28FFD91D33A11128AC01C585D47F.jpg"},"logo":{"normalUrl":"https:\/\/cdn.nlziet.nl\/static\/assets\/contentproviders\/npo.png","darkUrl":"https:\/\/cdn.nlziet.nl\/static\/assets\/contentproviders\/dark\/npo.png","flatUrl":"https:\/\/cdn.nlziet.nl\/static\/assets\/contentproviders\/flat\/npo.png"},"tags":[],"seriesId":"7prtXvf9wkyY3ry-8KQESg"},{"id":"jl_9p7gDxUODf8fWzn8jaw","type":"Vod","title":"De proefkeuken","subtitle":"Wc-pot","description":"VPRO - Willem Voogd en Pieter Hulst willen een wc-pot maken. Moet lukken. Pieter haalt Duitse klei en test internationale drollen in de wc-fabriek. Willem maakt een ingenieuze wc-bril en een kleioven. Heerlijk kakken!","formattedEpisodeNumbering":"S6:A6","formattedDate":"Zo 20 okt. 2019","formattedDateShort":"Okt. 2019","formattedTime":"09:25","formattedDuration":"24m","formattedAvailabilityWindow":null,"formattedAvailabilityWindowShort":null,"image":{"portraitUrl":null,"landscapeUrl":"https:\/\/images.nlziet.nl\/metadataimportimages\/source\/FD3B027441424ED27639A65734C086BBDB714AAC6266A0172BCE9D4B5030FF93.jpg"},"logo":{"normalUrl":"https:\/\/cdn.nlziet.nl\/static\/assets\/contentproviders\/npo.png","darkUrl":"https:\/\/cdn.nlziet.nl\/static\/assets\/contentproviders\/dark\/npo.png","flatUrl":"https:\/\/cdn.nlziet.nl\/static\/assets\/contentproviders\/flat\/npo.png"},"tags":[],"seriesId":"7prtXvf9wkyY3ry-8KQESg"},{"id":"UozjYDOLwUeQOyxBXY0iwg","type":"Vod","title":"De proefkeuken","subtitle":"Zappelin","description":"VPRO - Pieter Hulst en Willem Voogd willen een pak hagelslag bezorgen in Engeland. Hoe maak je zo'n vliegmachine? Met een drone, huishoudfolie en helium. Pieter leert hoe een propeller werkt en dat helium heel licht is.","formattedEpisodeNumbering":"S6:A5","formattedDate":"Zo 13 okt. 2019","formattedDateShort":"Okt. 2019","formattedTime":"09:30","formattedDuration":"25m","formattedAvailabilityWindow":null,"formattedAvailabilityWindowShort":null,"image":{"portraitUrl":null,"landscapeUrl":"https:\/\/images.nlziet.nl\/metadataimportimages\/source\/199E32A75C6F4FE6F36B0076709A3FD49AFF947A4E32F9F6344497F5BA58E3D6.jpg"},"logo":{"normalUrl":"https:\/\/cdn.nlziet.nl\/static\/assets\/contentproviders\/npo.png","darkUrl":"https:\/\/cdn.nlziet.nl\/static\/assets\/contentproviders\/dark\/npo.png","flatUrl":"https:\/\/cdn.nlziet.nl\/static\/assets\/contentproviders\/flat\/npo.png"},"tags":[],"seriesId":"7prtXvf9wkyY3ry-8KQESg"},{"id":"xDPi555cakWTsL7CTLv4Gw","type":"Vod","title":"De proefkeuken","subtitle":"Loempia","description":"VPRO - Pieter en Willem trekken alles uit de kast om een loempiawedstrijd te winnen. Pieter staat in een Nederlandse sawa en discussieert over pekingeend. Willem maakt eigenhandig rijstvellen en frituurt in een wok. Wat vindt jurylid Pierre Wind van het resultaat?","formattedEpisodeNumbering":"S6:A4","formattedDate":"Zo 6 okt. 2019","formattedDateShort":"Okt. 2019","formattedTime":"09:25","formattedDuration":"25m","formattedAvailabilityWindow":null,"formattedAvailabilityWindowShort":null,"image":{"portraitUrl":null,"landscapeUrl":"https:\/\/images.nlziet.nl\/metadataimportimages\/source\/00643F6503420199636E6FB30A9CE5DA6609C6783F10AA70B1BD09AC32EE31C0.jpg"},"logo":{"normalUrl":"https:\/\/cdn.nlziet.nl\/static\/assets\/contentproviders\/npo.png","darkUrl":"https:\/\/cdn.nlziet.nl\/static\/assets\/contentproviders\/dark\/npo.png","flatUrl":"https:\/\/cdn.nlziet.nl\/static\/assets\/contentproviders\/flat\/npo.png"},"tags":[],"seriesId":"7prtXvf9wkyY3ry-8KQESg"},{"id":"B1PudF91LkygjfUbmNy-cQ","type":"Vod","title":"De proefkeuken","subtitle":"Piramide","description":"VPRO - Willems overleden kat verdient een goddelijk graf: een piramide. De kat moet goed bewaard blijven dus Pieter krijgt een lesje taxidermie. Bouwstenen voor de piramide halen ze in een enorme kalksteengroeve. Als Pieter in het Rijksmuseum van Oudheden hoort dat piramides vaak geplunderd werden, besluiten de jongens slimme boobytraps te bouwen.","formattedEpisodeNumbering":"S6:A3","formattedDate":"Zo 29 sep. 2019","formattedDateShort":"Sep. 2019","formattedTime":"09:25","formattedDuration":"24m","formattedAvailabilityWindow":null,"formattedAvailabilityWindowShort":null,"image":{"portraitUrl":null,"landscapeUrl":"https:\/\/images.nlziet.nl\/metadataimportimages\/source\/8E04172098334980887925A815A125138032C4BC07DAC15AAC0951416CBC380D.jpg"},"logo":{"normalUrl":"https:\/\/cdn.nlziet.nl\/static\/assets\/contentproviders\/npo.png","darkUrl":"https:\/\/cdn.nlziet.nl\/static\/assets\/contentproviders\/dark\/npo.png","flatUrl":"https:\/\/cdn.nlziet.nl\/static\/assets\/contentproviders\/flat\/npo.png"},"tags":[],"seriesId":"7prtXvf9wkyY3ry-8KQESg"},{"id":"1FKeP0lU90SUncNA036uUQ","type":"Vod","title":"De proefkeuken","subtitle":"Piramide","description":"VPRO - Willems overleden kat verdient een goddelijk graf: een piramide. De kat moet goed bewaard blijven dus Pieter krijgt een lesje taxidermie. Bouwstenen voor de piramide halen ze in een enorme kalksteengroeve. Als Pieter in het Rijksmuseum van Oudheden hoort dat piramides vaak geplunderd werden, besluiten de jongens slimme boobytraps te bouwen.","formattedEpisodeNumbering":"S6:A3","formattedDate":"Vr 27 dec. 2019","formattedDateShort":"Dec. 2019","formattedTime":"17:45","formattedDuration":"24m","formattedAvailabilityWindow":null,"formattedAvailabilityWindowShort":null,"image":{"portraitUrl":null,"landscapeUrl":"https:\/\/images.nlziet.nl\/metadataimportimages\/source\/7E080B3D429C5F68C8F4B9E609A95602394DC6CB80C1DB85168B7485BC905BF6.jpg"},"logo":{"normalUrl":"https:\/\/cdn.nlziet.nl\/static\/assets\/contentproviders\/npo.png","darkUrl":"https:\/\/cdn.nlziet.nl\/static\/assets\/contentproviders\/dark\/npo.png","flatUrl":"https:\/\/cdn.nlziet.nl\/static\/assets\/contentproviders\/flat\/npo.png"},"tags":[],"seriesId":"7prtXvf9wkyY3ry-8KQESg"},{"id":"j7bQZ460uk-llzScrCmCGg","type":"Vod","title":"De proefkeuken","subtitle":"Bitterbal","description":"VPRO - Willem Voogd heeft trek in een goedgevulde bitterbal. Pieter Hulst gaat op pad. Hij ontmoet een kalverboer, ontdekt het beste mosterdzaad en Alain Caron blijkt goddelijke bouillon te hebben. De krokante korst komt uit de beschuitbakkerij!","formattedEpisodeNumbering":"S6:A2","formattedDate":"Zo 22 sep. 2019","formattedDateShort":"Sep. 2019","formattedTime":"09:25","formattedDuration":"25m","formattedAvailabilityWindow":null,"formattedAvailabilityWindowShort":null,"image":{"portraitUrl":null,"landscapeUrl":"https:\/\/images.nlziet.nl\/metadataimportimages\/source\/544B3C9B0C335CC79CD90EAF8D2871C7B093CF02178D1A69FE0D98AB859D91E1.jpg"},"logo":{"normalUrl":"https:\/\/cdn.nlziet.nl\/static\/assets\/contentproviders\/npo.png","darkUrl":"https:\/\/cdn.nlziet.nl\/static\/assets\/contentproviders\/dark\/npo.png","flatUrl":"https:\/\/cdn.nlziet.nl\/static\/assets\/contentproviders\/flat\/npo.png"},"tags":[],"seriesId":"7prtXvf9wkyY3ry-8KQESg"},{"id":"HbAe6x-JCUu-18ZiHP1SNg","type":"Vod","title":"De proefkeuken","subtitle":"Tattoo","description":"VPRO - Pieter Hulst zit in de gevangenis en ontmoet daar iemand die hem inspireert een tatoeage te nemen. Willem Voogd en hij verzamelen alles wat je daarvoor nodig hebt: een cactusprikker, inkt, inspiratie. Ze maken zelfs een tatoe\u00ebermachine met vers getrokken koperdraad. Ze vergeten alleen nog iets: hygi\u00ebne.","formattedEpisodeNumbering":"S6:A1","formattedDate":"Zo 15 sep. 2019","formattedDateShort":"Sep. 2019","formattedTime":"09:25","formattedDuration":"25m","formattedAvailabilityWindow":null,"formattedAvailabilityWindowShort":null,"image":{"portraitUrl":null,"landscapeUrl":"https:\/\/images.nlziet.nl\/metadataimportimages\/source\/E94ED05FE7669277CC7E4A7FD56BC5BBC7339337623CF0AB4A200C984699BB54.jpg"},"logo":{"normalUrl":"https:\/\/cdn.nlziet.nl\/static\/assets\/contentproviders\/npo.png","darkUrl":"https:\/\/cdn.nlziet.nl\/static\/assets\/contentproviders\/dark\/npo.png","flatUrl":"https:\/\/cdn.nlziet.nl\/static\/assets\/contentproviders\/flat\/npo.png"},"tags":[],"seriesId":"7prtXvf9wkyY3ry-8KQESg"}]