[{"id":"ydaBNMI7jU6OK3wei9QLlA","type":"Vod","title":"Ambulance UK","subtitle":"Afl. 6","description":"Britse realityserie over een Engelse ambulancedienst. Zowel de medewerkers van de hectische meldkamer als de ambulancediensten op straat worden op de voet gevolgd.","formattedEpisodeNumbering":null,"formattedDate":"Ma 24 okt.","formattedDateShort":"Ma 24 okt.","formattedTime":"23:00","formattedDuration":"56m","formattedAvailabilityWindow":"Nog 1 dag beschikbaar","formattedAvailabilityWindowShort":"Nog 1 d. beschikbaar","image":{"portraitUrl":null,"landscapeUrl":"https:\/\/images.nlziet.nl\/metadataimportimages\/source\/F02B68CBE2D547403DBC70E33C1707D3A43DE34281332B03CA7AA908843ACE57.jpg"},"logo":{"normalUrl":"https:\/\/cdn.nlziet.nl\/static\/assets\/contentproviders\/rtl.png","darkUrl":"https:\/\/cdn.nlziet.nl\/static\/assets\/contentproviders\/dark\/rtl.png","flatUrl":"https:\/\/cdn.nlziet.nl\/static\/assets\/contentproviders\/flat\/rtl.png"},"tags":[],"seriesId":"6xUGPtvFHE2E7juM6r4QgQ"}]