[{"id":"iJKENBpcLkyLswiPMd9a7Q","type":"Vod","title":"Evenblij","subtitle":"Je papa is je vader niet","description":"VARA - Frank Evenblij vertelt het verhaal van zijn beste vriend Daan, die hij al kent sinds de middelbare school. Daan van Rijssel werd in augustus 1979 geboren als kind van een anonieme spermadonor, maar heeft nooit de behoefte gehad te weten wie zijn biologische vader is. Frank daarentegen had een buitengewoon sterke band met zijn vader tot zijn zestiende levensjaar, toen deze plotseling overleed. Over de betekenis en het belang van de genetische vader-zoon relatie hebben Frank en Daan daarom in hun jeugd eindeloos gediscussieerd. Om ervan af te zijn verzon Daan al op jonge leeftijd dat Huub van de Lubbe, de zanger van De Dijk, zijn vader was. Een onschuldig gegeven dat onverhoeds uitgroeit tot een groot en substantieel thema in zijn leven.","formattedEpisodeNumbering":null,"formattedDate":"Do 6 jun. 2013","formattedDateShort":"Jun. 2013","formattedTime":"21:48","formattedDuration":"45m","formattedAvailabilityWindow":null,"formattedAvailabilityWindowShort":null,"image":{"portraitUrl":null,"landscapeUrl":"https:\/\/images.nlziet.nl\/metadataimportimages\/source\/3B1D715F2007347BF63D6A7DA7389CD77510D039031D82701E7EC08F33A57F92.jpg"},"logo":{"normalUrl":"https:\/\/cdn.nlziet.nl\/static\/assets\/contentproviders\/npo.png","darkUrl":"https:\/\/cdn.nlziet.nl\/static\/assets\/contentproviders\/dark\/npo.png","flatUrl":"https:\/\/cdn.nlziet.nl\/static\/assets\/contentproviders\/flat\/npo.png"},"tags":[],"seriesId":"85Wn5bmJCU6rzgmD6oEP-w"}]