[{"id":"hZnnhAIzUEWtw3TVpKGoaQ","type":"Vod","title":"Zappsport","subtitle":"Zappsport","description":null,"formattedEpisodeNumbering":null,"formattedDate":"Za 2 aug. 2014","formattedDateShort":"Aug. 2014","formattedTime":"08:43","formattedDuration":"16m","formattedAvailabilityWindow":null,"formattedAvailabilityWindowShort":null,"image":{"portraitUrl":null,"landscapeUrl":"https:\/\/images.nlziet.nl\/metadataimportimages\/source\/2F93C98F7C6A7CB51274096B8B0391E01B35A2279E09D1F4725A387E835D3A27.jpg"},"logo":{"normalUrl":"https:\/\/cdn.nlziet.nl\/static\/assets\/contentproviders\/npo.png","darkUrl":"https:\/\/cdn.nlziet.nl\/static\/assets\/contentproviders\/dark\/npo.png","flatUrl":"https:\/\/cdn.nlziet.nl\/static\/assets\/contentproviders\/flat\/npo.png"},"tags":[],"seriesId":"7QrOqPrilEGeM3pgWB1w1A"},{"id":"hqU8TmnK3UCAgqvpxp4yWA","type":"Vod","title":"Zappsport","subtitle":"Zappsport","description":"TROS - Vijf kinderen gaan een uitdaging aan: de 2,5 km Kidsrun van de Marathon van Rotterdam uitlopen. Op Sportcentrum Papendal trainen zij hiervoor onder begeleiding van een professionele coach. En dat is niet makkelijk als je weinig sport of sporten gewoon niet leuk vindt! Of de kinderen van het Zappsport Running Team ook allemaal over de finishlijn komen bij de Marathon van Rotterdam, valt nog niet te voorspellen.","formattedEpisodeNumbering":null,"formattedDate":"Wo 9 apr. 2014","formattedDateShort":"Apr. 2014","formattedTime":"14:13","formattedDuration":"12m","formattedAvailabilityWindow":null,"formattedAvailabilityWindowShort":null,"image":{"portraitUrl":null,"landscapeUrl":"https:\/\/images.nlziet.nl\/metadataimportimages\/source\/054F0151DEE2E0114A1CBA940AC8F728B0ADD902E7C72C8F727CC61A40AF3487.jpg"},"logo":{"normalUrl":"https:\/\/cdn.nlziet.nl\/static\/assets\/contentproviders\/npo.png","darkUrl":"https:\/\/cdn.nlziet.nl\/static\/assets\/contentproviders\/dark\/npo.png","flatUrl":"https:\/\/cdn.nlziet.nl\/static\/assets\/contentproviders\/flat\/npo.png"},"tags":[],"seriesId":"7QrOqPrilEGeM3pgWB1w1A"},{"id":"LqYvhOFqJUGFDoZyK8zYWQ","type":"Vod","title":"Zappsport","subtitle":"Zappsport","description":"TROS - Kindersportprogramma waarin alle takken van sport voorbijkomen. In het onderdeel The Battle strijden de jongens tegen de meiden in een bepaalde sport. Ron staat in dit onderdeel tegenover de bloedfanatieke 'teamcaptain' Britt Dekker. Kinderen met een sportprobleem krijgen hulp van een beroemde topsporter in de Hellup en er zijn regelmatig specials te zien rondom grote sporttoernooien.","formattedEpisodeNumbering":null,"formattedDate":"Zo 1 dec. 2013","formattedDateShort":"Dec. 2013","formattedTime":"17:03","formattedDuration":"19m","formattedAvailabilityWindow":null,"formattedAvailabilityWindowShort":null,"image":{"portraitUrl":null,"landscapeUrl":"https:\/\/images.nlziet.nl\/metadataimportimages\/source\/EF41EF55038D46CE085405C683022287A4B05D1801273FB0761E5426619DAE2F.jpg"},"logo":{"normalUrl":"https:\/\/cdn.nlziet.nl\/static\/assets\/contentproviders\/npo.png","darkUrl":"https:\/\/cdn.nlziet.nl\/static\/assets\/contentproviders\/dark\/npo.png","flatUrl":"https:\/\/cdn.nlziet.nl\/static\/assets\/contentproviders\/flat\/npo.png"},"tags":[],"seriesId":"7QrOqPrilEGeM3pgWB1w1A"},{"id":"5SUue_z4VEmq-NlWSHQl7g","type":"Vod","title":"Zappsport","subtitle":"Hellup roeien","description":"TROS - Sportmagazine voor de jeugd. In The Battle strijden de jongens tegen de meisjes in een bepaalde sport. Kinderen met een sportprobleem worden in de Hellup geholpen door een beroemde topsporter. De reportage doet verslag van jonge talenten die met een belangrijk toernooi nummer \u00e9\u00e9n hopen te worden. De vetste trucs worden uitgelegd in The Move waarin kids laten zien wat ze kunnen. Rondom grote sporttoernooien zijn er ook regelmatig specials te zien.","formattedEpisodeNumbering":null,"formattedDate":"Zo 8 sep. 2013","formattedDateShort":"Sep. 2013","formattedTime":"08:40","formattedDuration":"20m","formattedAvailabilityWindow":null,"formattedAvailabilityWindowShort":null,"image":{"portraitUrl":null,"landscapeUrl":"https:\/\/images.nlziet.nl\/metadataimportimages\/source\/F83397ED9D17CA1EFB549A6E1388C8577D1F4C5BC8A172D2DB721A2B02EEFB73.jpg"},"logo":{"normalUrl":"https:\/\/cdn.nlziet.nl\/static\/assets\/contentproviders\/npo.png","darkUrl":"https:\/\/cdn.nlziet.nl\/static\/assets\/contentproviders\/dark\/npo.png","flatUrl":"https:\/\/cdn.nlziet.nl\/static\/assets\/contentproviders\/flat\/npo.png"},"tags":[],"seriesId":"7QrOqPrilEGeM3pgWB1w1A"},{"id":"6Dsht40fVkewZ9oF0IbDsg","type":"Vod","title":"Zappsport","subtitle":"Boerenbattle","description":"TROS - Sportmagazine voor de jeugd. In The Battle strijden de jongens tegen de meisjes in een bepaalde sport. Kinderen met een sportprobleem worden in de Hellup geholpen door een beroemde topsporter. De reportage doet verslag van jonge talenten die met een belangrijk toernooi nummer \u00e9\u00e9n hopen te worden. De vetste trucs worden uitgelegd in The Move waarin kids laten zien wat ze kunnen. Rondom grote sporttoernooien zijn er regelmatig specials te zien.","formattedEpisodeNumbering":null,"formattedDate":"Za 7 sep. 2013","formattedDateShort":"Sep. 2013","formattedTime":"08:40","formattedDuration":"20m","formattedAvailabilityWindow":null,"formattedAvailabilityWindowShort":null,"image":{"portraitUrl":null,"landscapeUrl":"https:\/\/images.nlziet.nl\/metadataimportimages\/source\/925847E9E2A64AD1F986D139C12F02FEFF1965F082177CD43BEE9C03D368BD32.jpg"},"logo":{"normalUrl":"https:\/\/cdn.nlziet.nl\/static\/assets\/contentproviders\/npo.png","darkUrl":"https:\/\/cdn.nlziet.nl\/static\/assets\/contentproviders\/dark\/npo.png","flatUrl":"https:\/\/cdn.nlziet.nl\/static\/assets\/contentproviders\/flat\/npo.png"},"tags":[],"seriesId":"7QrOqPrilEGeM3pgWB1w1A"},{"id":"H1H6C4qDmESdoZhBudftww","type":"Vod","title":"Zappsport","subtitle":"Special Nationale Ballet","description":"TROS - Sportmagazine voor de jeugd. In The Battle strijden de jongens tegen de meisjes in een bepaalde sport. Kinderen met een sportprobleem worden in de Hellup geholpen door een beroemde topsporter. De reportage doet verslag van jonge talenten die met een belangrijk toernooi nummer \u00e9\u00e9n hopen te worden. De vetste trucs worden uitgelegd in The Move waarin kids laten zien wat ze kunnen. Rondom grote sporttoernooien zijn er regelmatig specials te zien.","formattedEpisodeNumbering":null,"formattedDate":"Zo 1 sep. 2013","formattedDateShort":"Sep. 2013","formattedTime":"08:40","formattedDuration":"20m","formattedAvailabilityWindow":null,"formattedAvailabilityWindowShort":null,"image":{"portraitUrl":null,"landscapeUrl":"https:\/\/images.nlziet.nl\/metadataimportimages\/source\/8379151B9F07715F84F94A14D53DA7038A867003F68C015586AFD48B73139965.jpg"},"logo":{"normalUrl":"https:\/\/cdn.nlziet.nl\/static\/assets\/contentproviders\/npo.png","darkUrl":"https:\/\/cdn.nlziet.nl\/static\/assets\/contentproviders\/dark\/npo.png","flatUrl":"https:\/\/cdn.nlziet.nl\/static\/assets\/contentproviders\/flat\/npo.png"},"tags":[],"seriesId":"7QrOqPrilEGeM3pgWB1w1A"},{"id":"N7h87DrEDEiiLKgI2uJjzw","type":"Vod","title":"Zappsport","subtitle":"Battle freerun","description":"TROS - Sportmagazine voor de jeugd. In The Battle strijden de jongens tegen de meisjes in een bepaalde sport. Kinderen met een sportprobleem worden in de Hellup geholpen door een beroemde topsporter. De reportage doet verslag van jonge talenten die met een belangrijk toernooi nummer \u00e9\u00e9n hopen te worden. De vetste trucs worden uitgelegd in The Move waarin kids laten zien wat ze kunnen. Rondom grote sporttoernooien zijn er regelmatig specials te zien.","formattedEpisodeNumbering":null,"formattedDate":"Za 31 aug. 2013","formattedDateShort":"Aug. 2013","formattedTime":"08:39","formattedDuration":"25m","formattedAvailabilityWindow":null,"formattedAvailabilityWindowShort":null,"image":{"portraitUrl":null,"landscapeUrl":"https:\/\/images.nlziet.nl\/metadataimportimages\/source\/56BD8A9F784A4119C64E299FAD0C54D66EE3787570BD607FB8899CD8CF95701E.jpg"},"logo":{"normalUrl":"https:\/\/cdn.nlziet.nl\/static\/assets\/contentproviders\/npo.png","darkUrl":"https:\/\/cdn.nlziet.nl\/static\/assets\/contentproviders\/dark\/npo.png","flatUrl":"https:\/\/cdn.nlziet.nl\/static\/assets\/contentproviders\/flat\/npo.png"},"tags":[],"seriesId":"7QrOqPrilEGeM3pgWB1w1A"},{"id":"-tCFHqXVbEOqbctTymxK1g","type":"Vod","title":"Zappsport","subtitle":"Hellup roeien","description":"TROS - Sportmagazine voor de jeugd. In The Battle strijden de jongens tegen de meisjes in een bepaalde sport. Kinderen met een sportprobleem worden in de Hellup geholpen door een beroemde topsporter. De reportage doet verslag van jonge talenten die met een belangrijk toernooi nummer \u00e9\u00e9n hopen te worden. De vetste trucs worden uitgelegd in The Move waarin kids laten zien wat ze kunnen. Rondom grote sporttoernooien zijn er ook regelmatig specials te zien.","formattedEpisodeNumbering":null,"formattedDate":"Zo 25 aug. 2013","formattedDateShort":"Aug. 2013","formattedTime":"08:35","formattedDuration":"25m","formattedAvailabilityWindow":null,"formattedAvailabilityWindowShort":null,"image":{"portraitUrl":null,"landscapeUrl":"https:\/\/images.nlziet.nl\/metadataimportimages\/source\/E72B2907FEF4233BED65DB11925B106463023E97D6C561E4BBD445C2814F599C.jpg"},"logo":{"normalUrl":"https:\/\/cdn.nlziet.nl\/static\/assets\/contentproviders\/npo.png","darkUrl":"https:\/\/cdn.nlziet.nl\/static\/assets\/contentproviders\/dark\/npo.png","flatUrl":"https:\/\/cdn.nlziet.nl\/static\/assets\/contentproviders\/flat\/npo.png"},"tags":[],"seriesId":"7QrOqPrilEGeM3pgWB1w1A"},{"id":"IXCYMe4jy0WBGlqhgR9FJg","type":"Vod","title":"Zappsport","subtitle":"Battle indoor beachvolleybal","description":"TROS - Sportmagazine voor de jeugd. In The Battle strijden de jongens tegen de meisjes in een bepaalde sport. Kinderen met een sportprobleem worden in de Hellup geholpen door een beroemde topsporter. De reportage doet verslag van jonge talenten die met een belangrijk toernooi nummer \u00e9\u00e9n hopen te worden. De vetste trucs worden uitgelegd in The Move waarin kids laten zien wat ze kunnen. Rondom grote sporttoernooien zijn er ook regelmatig specials te zien.","formattedEpisodeNumbering":null,"formattedDate":"Za 24 aug. 2013","formattedDateShort":"Aug. 2013","formattedTime":"08:35","formattedDuration":"25m","formattedAvailabilityWindow":null,"formattedAvailabilityWindowShort":null,"image":{"portraitUrl":null,"landscapeUrl":"https:\/\/images.nlziet.nl\/metadataimportimages\/source\/0B6CC959E0586DE0C8BE3C9378BA0A35FE8783DFE5A579DB26C44BBFF9B5E85D.jpg"},"logo":{"normalUrl":"https:\/\/cdn.nlziet.nl\/static\/assets\/contentproviders\/npo.png","darkUrl":"https:\/\/cdn.nlziet.nl\/static\/assets\/contentproviders\/dark\/npo.png","flatUrl":"https:\/\/cdn.nlziet.nl\/static\/assets\/contentproviders\/flat\/npo.png"},"tags":[],"seriesId":"7QrOqPrilEGeM3pgWB1w1A"},{"id":"j4HYapgQuku2VfXjsIyBJw","type":"Vod","title":"Zappsport","subtitle":"Zappsport zomercompilatie","description":"TROS - Sportmagazine voor de jeugd. In The Battle strijden de jongens tegen de meisjes in een bepaalde sport. Kinderen met een sportprobleem worden in de Hellup geholpen door een beroemde topsporter. De reportage doet verslag van jonge talenten die met een belangrijk toernooi nummer \u00e9\u00e9n hopen te worden. De vetste trucs worden uitgelegd in The Move waarin kids laten zien wat ze kunnen. Rondom grote sporttoernooien zijn er regelmatig specials te zien.","formattedEpisodeNumbering":null,"formattedDate":"Zo 18 aug. 2013","formattedDateShort":"Aug. 2013","formattedTime":"17:00","formattedDuration":"25m","formattedAvailabilityWindow":null,"formattedAvailabilityWindowShort":null,"image":{"portraitUrl":null,"landscapeUrl":"https:\/\/images.nlziet.nl\/metadataimportimages\/source\/082B073EBC8A6DDED52BE2D6869E53A851751B61DFF450E1140A0ED34BBE9DF9.jpg"},"logo":{"normalUrl":"https:\/\/cdn.nlziet.nl\/static\/assets\/contentproviders\/npo.png","darkUrl":"https:\/\/cdn.nlziet.nl\/static\/assets\/contentproviders\/dark\/npo.png","flatUrl":"https:\/\/cdn.nlziet.nl\/static\/assets\/contentproviders\/flat\/npo.png"},"tags":[],"seriesId":"7QrOqPrilEGeM3pgWB1w1A"},{"id":"330-hxlxLUmafolwTBeczA","type":"Vod","title":"Zappsport","subtitle":"Hellup Manon Flier\/KLM Open","description":"TROS - Sportmagazine voor de jeugd. In The Battle strijden de jongens tegen de meisjes in een bepaalde sport. Kinderen met een sportprobleem worden in de 'Hellup' geholpen door een beroemde topsporter. De reportage doet verslag van jonge talenten die met een belangrijk toernooi nummer \u00e9\u00e9n hopen te worden. De vetste trucks worden uitgelegd in 'The Move' waarin kids laten zien wat ze kunnen. Rondom grote sporttoernooien zijn er ook regelmatig specials te zien...","formattedEpisodeNumbering":null,"formattedDate":"Zo 18 aug. 2013","formattedDateShort":"Aug. 2013","formattedTime":"08:40","formattedDuration":"20m","formattedAvailabilityWindow":null,"formattedAvailabilityWindowShort":null,"image":{"portraitUrl":null,"landscapeUrl":"https:\/\/images.nlziet.nl\/metadataimportimages\/source\/040CB98003C440B6A4DCA8C688CAF9B848800BCC970D090082A365EED257000A.jpg"},"logo":{"normalUrl":"https:\/\/cdn.nlziet.nl\/static\/assets\/contentproviders\/npo.png","darkUrl":"https:\/\/cdn.nlziet.nl\/static\/assets\/contentproviders\/dark\/npo.png","flatUrl":"https:\/\/cdn.nlziet.nl\/static\/assets\/contentproviders\/flat\/npo.png"},"tags":[],"seriesId":"7QrOqPrilEGeM3pgWB1w1A"},{"id":"tYFmG2Z6QEeBS9DUhcrPIg","type":"Vod","title":"Zappsport","subtitle":"Battle bubblevoetbal","description":"TROS - Sportmagazine voor de jeugd. In The Battle strijden de jongens tegen de meisjes in een bepaalde sport. Kinderen met een sportprobleem worden in de Hellup geholpen door een beroemde topsporter. De reportage doet verslag van jonge talenten die met een belangrijk toernooi nummer \u00e9\u00e9n hopen te worden. De vetste trucs worden uitgelegd in The Move waarin kids laten zien wat ze kunnen. Rondom grote sporttoernooien zijn er ook regelmatig specials te zien.","formattedEpisodeNumbering":null,"formattedDate":"Za 17 aug. 2013","formattedDateShort":"Aug. 2013","formattedTime":"08:35","formattedDuration":"20m","formattedAvailabilityWindow":null,"formattedAvailabilityWindowShort":null,"image":{"portraitUrl":null,"landscapeUrl":"https:\/\/images.nlziet.nl\/metadataimportimages\/source\/242AFA175DD18C00EE3272BB51099044E86A1817CAEE7998B8AC18CA3010D271.jpg"},"logo":{"normalUrl":"https:\/\/cdn.nlziet.nl\/static\/assets\/contentproviders\/npo.png","darkUrl":"https:\/\/cdn.nlziet.nl\/static\/assets\/contentproviders\/dark\/npo.png","flatUrl":"https:\/\/cdn.nlziet.nl\/static\/assets\/contentproviders\/flat\/npo.png"},"tags":[],"seriesId":"7QrOqPrilEGeM3pgWB1w1A"},{"id":"E6ZdlHSs1k-e0c9tTa1vVw","type":"Vod","title":"Zappsport","subtitle":"Zappsport zomercompilatie","description":"TROS - Sportmagazine voor de jeugd. In The Battle strijden de jongens tegen de meisjes in een bepaalde sport. Kinderen met een sportprobleem worden in de Hellup geholpen door een beroemde topsporter. De reportage doet verslag van jonge talenten die met een belangrijk toernooi nummer \u00e9\u00e9n hopen te worden. De vetste trucs worden uitgelegd in The Move waarin kids laten zien wat ze kunnen. Rondom grote sporttoernooien zijn er regelmatig specials te zien.","formattedEpisodeNumbering":null,"formattedDate":"Zo 11 aug. 2013","formattedDateShort":"Aug. 2013","formattedTime":"17:10","formattedDuration":"25m","formattedAvailabilityWindow":null,"formattedAvailabilityWindowShort":null,"image":{"portraitUrl":null,"landscapeUrl":"https:\/\/images.nlziet.nl\/metadataimportimages\/source\/E064867EEF8806D29B7FDC14898A5E9585FAD93157688CF699D0B72818A0B801.jpg"},"logo":{"normalUrl":"https:\/\/cdn.nlziet.nl\/static\/assets\/contentproviders\/npo.png","darkUrl":"https:\/\/cdn.nlziet.nl\/static\/assets\/contentproviders\/dark\/npo.png","flatUrl":"https:\/\/cdn.nlziet.nl\/static\/assets\/contentproviders\/flat\/npo.png"},"tags":[],"seriesId":"7QrOqPrilEGeM3pgWB1w1A"},{"id":"cL-vBgExoESL2ow0xTDMyA","type":"Vod","title":"Zappsport","subtitle":"Atletiekspecial","description":"TROS - Sportmagazine voor de jeugd. In The Battle strijden de jongens tegen de meisjes in een bepaalde sport. Kinderen met een sportprobleem worden in de Hellup geholpen door een beroemde topsporter. De reportage doet verslag van jonge talenten die met een belangrijk toernooi nummer \u00e9\u00e9n hopen te worden. De vetste trucs worden uitgelegd in The Move waarin kids laten zien wat ze kunnen. Rondom grote sporttoernooien zijn er regelmatig specials te zien.","formattedEpisodeNumbering":null,"formattedDate":"Zo 11 aug. 2013","formattedDateShort":"Aug. 2013","formattedTime":"08:40","formattedDuration":"20m","formattedAvailabilityWindow":null,"formattedAvailabilityWindowShort":null,"image":{"portraitUrl":null,"landscapeUrl":"https:\/\/images.nlziet.nl\/metadataimportimages\/source\/53A53ECF6E22F634062FBBBC0BC5FFA58AEC8A4E03E6185828209951C807F630.jpg"},"logo":{"normalUrl":"https:\/\/cdn.nlziet.nl\/static\/assets\/contentproviders\/npo.png","darkUrl":"https:\/\/cdn.nlziet.nl\/static\/assets\/contentproviders\/dark\/npo.png","flatUrl":"https:\/\/cdn.nlziet.nl\/static\/assets\/contentproviders\/flat\/npo.png"},"tags":[],"seriesId":"7QrOqPrilEGeM3pgWB1w1A"},{"id":"gcOv8XisCU-ExFbUIh9uJg","type":"Vod","title":"Zappsport","subtitle":"Battle bounz","description":"TROS - Sportmagazine voor de jeugd. In The Battle strijden de jongens tegen de meisjes in een bepaalde sport. Kinderen met een sportprobleem worden in de Hellup geholpen door een beroemde topsporter. De reportage doet verslag van jonge talenten die met een belangrijk toernooi nummer \u00e9\u00e9n hopen te worden. De vetste trucs worden uitgelegd in The Move waarin kids laten zien wat ze kunnen. Rondom grote sporttoernooien zijn er regelmatig specials te zien.","formattedEpisodeNumbering":null,"formattedDate":"Za 10 aug. 2013","formattedDateShort":"Aug. 2013","formattedTime":"08:40","formattedDuration":"20m","formattedAvailabilityWindow":null,"formattedAvailabilityWindowShort":null,"image":{"portraitUrl":null,"landscapeUrl":"https:\/\/images.nlziet.nl\/metadataimportimages\/source\/DC5E4A048EAB4F8BFF285939D5D72883A6EA33CAEFCF3680F0BC0D7F791E9583.jpg"},"logo":{"normalUrl":"https:\/\/cdn.nlziet.nl\/static\/assets\/contentproviders\/npo.png","darkUrl":"https:\/\/cdn.nlziet.nl\/static\/assets\/contentproviders\/dark\/npo.png","flatUrl":"https:\/\/cdn.nlziet.nl\/static\/assets\/contentproviders\/flat\/npo.png"},"tags":[],"seriesId":"7QrOqPrilEGeM3pgWB1w1A"},{"id":"kU1hFhuyH02vbNTUfxITfg","type":"Vod","title":"Zappsport","subtitle":"Zappsport zomercompilatie","description":"TROS - Sportmagazine voor de jeugd. In The Battle strijden de jongens tegen de meisjes in een bepaalde sport. Kinderen met een sportprobleem worden in de Hellup geholpen door een beroemde topsporter. De reportage doet verslag van jonge talenten die met een belangrijk toernooi nummer \u00e9\u00e9n hopen te worden. De vetste trucs worden uitgelegd in The Move waarin kids laten zien wat ze kunnen. Rondom grote sporttoernooien zijn er regelmatig specials te zien.","formattedEpisodeNumbering":null,"formattedDate":"Zo 4 aug. 2013","formattedDateShort":"Aug. 2013","formattedTime":"17:00","formattedDuration":"25m","formattedAvailabilityWindow":null,"formattedAvailabilityWindowShort":null,"image":{"portraitUrl":null,"landscapeUrl":"https:\/\/images.nlziet.nl\/metadataimportimages\/source\/619296183F2BC2D623C9FAA5497F131427FF64FEFEEAAFB7A95F339E463BFCCA.jpg"},"logo":{"normalUrl":"https:\/\/cdn.nlziet.nl\/static\/assets\/contentproviders\/npo.png","darkUrl":"https:\/\/cdn.nlziet.nl\/static\/assets\/contentproviders\/dark\/npo.png","flatUrl":"https:\/\/cdn.nlziet.nl\/static\/assets\/contentproviders\/flat\/npo.png"},"tags":[],"seriesId":"7QrOqPrilEGeM3pgWB1w1A"},{"id":"2wB3qwQ_60m4yiyPZpeePQ","type":"Vod","title":"Zappsport","subtitle":"Special supercar challenge","description":"TROS - Sportmagazine voor de jeugd. In The Battle strijden de jongens tegen de meisjes in een bepaalde sport. Kinderen met een sportprobleem worden in de Hellup geholpen door een beroemde topsporter. De reportage doet verslag van jonge talenten die met een belangrijk toernooi nummer \u00e9\u00e9n hopen te worden. De vetste trucs worden uitgelegd in The Move waarin kids laten zien wat ze kunnen. Rondom grote sporttoernooien zijn er regelmatig specials te zien.","formattedEpisodeNumbering":null,"formattedDate":"Zo 4 aug. 2013","formattedDateShort":"Aug. 2013","formattedTime":"08:40","formattedDuration":"20m","formattedAvailabilityWindow":null,"formattedAvailabilityWindowShort":null,"image":{"portraitUrl":null,"landscapeUrl":"https:\/\/images.nlziet.nl\/metadataimportimages\/source\/6ACABA80677D5EEC923673E0464CD988F44451BC614F10B9BD6DE542361636A3.jpg"},"logo":{"normalUrl":"https:\/\/cdn.nlziet.nl\/static\/assets\/contentproviders\/npo.png","darkUrl":"https:\/\/cdn.nlziet.nl\/static\/assets\/contentproviders\/dark\/npo.png","flatUrl":"https:\/\/cdn.nlziet.nl\/static\/assets\/contentproviders\/flat\/npo.png"},"tags":[],"seriesId":"7QrOqPrilEGeM3pgWB1w1A"},{"id":"64-NK74kdkaZ2kK78GVPBQ","type":"Vod","title":"Zappsport","subtitle":"Battle windsurfen","description":"TROS - Sportmagazine voor de jeugd. In The Battle strijden de jongens tegen de meisjes in een bepaalde sport. Kinderen met een sportprobleem worden in de Hellup geholpen door een beroemde topsporter. De reportage doet verslag van jonge talenten die met een belangrijk toernooi nummer \u00e9\u00e9n hopen te worden. De vetste trucs worden uitgelegd in The Move waarin kids laten zien wat ze kunnen. Rondom grote sporttoernooien zijn er regelmatig specials te zien.","formattedEpisodeNumbering":null,"formattedDate":"Za 3 aug. 2013","formattedDateShort":"Aug. 2013","formattedTime":"08:40","formattedDuration":"20m","formattedAvailabilityWindow":null,"formattedAvailabilityWindowShort":null,"image":{"portraitUrl":null,"landscapeUrl":"https:\/\/images.nlziet.nl\/metadataimportimages\/source\/1D087AB9F64289C994292748FF32A0D982DCE520DE3A252158C7C9F3E7000D14.jpg"},"logo":{"normalUrl":"https:\/\/cdn.nlziet.nl\/static\/assets\/contentproviders\/npo.png","darkUrl":"https:\/\/cdn.nlziet.nl\/static\/assets\/contentproviders\/dark\/npo.png","flatUrl":"https:\/\/cdn.nlziet.nl\/static\/assets\/contentproviders\/flat\/npo.png"},"tags":[],"seriesId":"7QrOqPrilEGeM3pgWB1w1A"},{"id":"KSjsVDEc0UurVHAdTx24gA","type":"Vod","title":"Zappsport","subtitle":"Zappsport zomercompilatie","description":"TROS - Sportmagazine voor de jeugd. In The Battle strijden de jongens tegen de meisjes in een bepaalde sport. Kinderen met een sportprobleem worden in de Hellup geholpen door een beroemde topsporter. De reportage doet verslag van jonge talenten die met een belangrijk toernooi nummer \u00e9\u00e9n hopen te worden. De vetste trucs worden uitgelegd in The Move waarin kids laten zien wat ze kunnen. Rondom grote sporttoernooien zijn er regelmatig specials te zien.","formattedEpisodeNumbering":null,"formattedDate":"Zo 28 jul. 2013","formattedDateShort":"Jul. 2013","formattedTime":"16:55","formattedDuration":"25m","formattedAvailabilityWindow":null,"formattedAvailabilityWindowShort":null,"image":{"portraitUrl":null,"landscapeUrl":"https:\/\/images.nlziet.nl\/metadataimportimages\/source\/57A5E21C38FD087BC057649FE18BFD405212744857F9D1F4627E9879C45004CA.jpg"},"logo":{"normalUrl":"https:\/\/cdn.nlziet.nl\/static\/assets\/contentproviders\/npo.png","darkUrl":"https:\/\/cdn.nlziet.nl\/static\/assets\/contentproviders\/dark\/npo.png","flatUrl":"https:\/\/cdn.nlziet.nl\/static\/assets\/contentproviders\/flat\/npo.png"},"tags":[],"seriesId":"7QrOqPrilEGeM3pgWB1w1A"},{"id":"NNxTzZU3tUu23s0poR_ghg","type":"Vod","title":"Zappsport","subtitle":"Hellup eventing","description":"TROS - Sportmagazine voor de jeugd. In The Battle strijden de jongens tegen de meisjes in een bepaalde sport. Kinderen met een sportprobleem worden in de Hellup geholpen door een beroemde topsporter. De reportage doet verslag van jonge talenten die met een belangrijk toernooi nummer \u00e9\u00e9n hopen te worden. De vetste trucs worden uitgelegd in The Move waarin kids laten zien wat ze kunnen. Rondom grote sporttoernooien zijn er regelmatig specials te zien.","formattedEpisodeNumbering":null,"formattedDate":"Zo 28 jul. 2013","formattedDateShort":"Jul. 2013","formattedTime":"08:40","formattedDuration":"20m","formattedAvailabilityWindow":null,"formattedAvailabilityWindowShort":null,"image":{"portraitUrl":null,"landscapeUrl":"https:\/\/images.nlziet.nl\/metadataimportimages\/source\/A6A2ADF80916F254F36123DF8309983BB0F063F5F5B5FD46265B5D2F849D0682.jpg"},"logo":{"normalUrl":"https:\/\/cdn.nlziet.nl\/static\/assets\/contentproviders\/npo.png","darkUrl":"https:\/\/cdn.nlziet.nl\/static\/assets\/contentproviders\/dark\/npo.png","flatUrl":"https:\/\/cdn.nlziet.nl\/static\/assets\/contentproviders\/flat\/npo.png"},"tags":[],"seriesId":"7QrOqPrilEGeM3pgWB1w1A"},{"id":"IHh9Tp0IAUmtVUKGLAK8qA","type":"Vod","title":"Zappsport","subtitle":"Battle beachlacrosse","description":"TROS - Sportmagazine voor de jeugd. In The Battle strijden de jongens tegen de meisjes in een bepaalde sport. Kinderen met een sportprobleem worden in de Hellup geholpen door een beroemde topsporter. De reportage doet verslag van jonge talenten die met een belangrijk toernooi nummer \u00e9\u00e9n hopen te worden. De vetste trucs worden uitgelegd in The Move waarin kids laten zien wat ze kunnen. Rondom grote sporttoernooien zijn er ook regelmatig specials te zien.","formattedEpisodeNumbering":null,"formattedDate":"Za 27 jul. 2013","formattedDateShort":"Jul. 2013","formattedTime":"08:40","formattedDuration":"20m","formattedAvailabilityWindow":null,"formattedAvailabilityWindowShort":null,"image":{"portraitUrl":null,"landscapeUrl":"https:\/\/images.nlziet.nl\/metadataimportimages\/source\/8BBC8F3D5FAAAE7B3B429EF7E61B1F23FB077F69474D92E4147D33D8E4C87479.jpg"},"logo":{"normalUrl":"https:\/\/cdn.nlziet.nl\/static\/assets\/contentproviders\/npo.png","darkUrl":"https:\/\/cdn.nlziet.nl\/static\/assets\/contentproviders\/dark\/npo.png","flatUrl":"https:\/\/cdn.nlziet.nl\/static\/assets\/contentproviders\/flat\/npo.png"},"tags":[],"seriesId":"7QrOqPrilEGeM3pgWB1w1A"},{"id":"sQgwnHYegEWF_1ouVYkuiQ","type":"Vod","title":"Zappsport","subtitle":"Zappsport zomercompilatie","description":"TROS - Sportmagazine voor de jeugd. In The Battle strijden de jongens tegen de meisjes in een bepaalde sport. Kinderen met een sportprobleem worden in de Hellup geholpen door een beroemde topsporter. De reportage doet verslag van jonge talenten die met een belangrijk toernooi nummer \u00e9\u00e9n hopen te worden. De vetste trucs worden uitgelegd in The Move waarin kids laten zien wat ze kunnen. Rondom grote sporttoernooien zijn er regelmatig specials te zien.","formattedEpisodeNumbering":null,"formattedDate":"Zo 21 jul. 2013","formattedDateShort":"Jul. 2013","formattedTime":"16:58","formattedDuration":"25m","formattedAvailabilityWindow":null,"formattedAvailabilityWindowShort":null,"image":{"portraitUrl":null,"landscapeUrl":"https:\/\/images.nlziet.nl\/metadataimportimages\/source\/CBD280C397EF5BB9BEB43AE286E38BE28A5FE75DCF5B5F86145B40E25E0DDBF5.jpg"},"logo":{"normalUrl":"https:\/\/cdn.nlziet.nl\/static\/assets\/contentproviders\/npo.png","darkUrl":"https:\/\/cdn.nlziet.nl\/static\/assets\/contentproviders\/dark\/npo.png","flatUrl":"https:\/\/cdn.nlziet.nl\/static\/assets\/contentproviders\/flat\/npo.png"},"tags":[],"seriesId":"7QrOqPrilEGeM3pgWB1w1A"},{"id":"e1F7w93U00yykgYaBgLXog","type":"Vod","title":"Zappsport","subtitle":"Hellup hockey","description":"TROS - Sportmagazine voor de jeugd. In The Battle strijden de jongens tegen de meisjes in een bepaalde sport. Kinderen met een sportprobleem worden in de 'Hellup' geholpen door een beroemde topsporter. De reportage doet verslag van jonge talenten die met een belangrijk toernooi nummer \u00e9\u00e9n hopen te worden. De vetste trucs worden uitgelegd in The Move waarin kids laten zien wat ze kunnen. Rondom grote sporttoernooien zijn er regelmatig specials te zien.","formattedEpisodeNumbering":null,"formattedDate":"Zo 21 jul. 2013","formattedDateShort":"Jul. 2013","formattedTime":"08:40","formattedDuration":"20m","formattedAvailabilityWindow":null,"formattedAvailabilityWindowShort":null,"image":{"portraitUrl":null,"landscapeUrl":"https:\/\/images.nlziet.nl\/metadataimportimages\/source\/34B6290228BF65DD3906AC34423EF592AE59DFE6659428503A3B0A739DF6C79F.jpg"},"logo":{"normalUrl":"https:\/\/cdn.nlziet.nl\/static\/assets\/contentproviders\/npo.png","darkUrl":"https:\/\/cdn.nlziet.nl\/static\/assets\/contentproviders\/dark\/npo.png","flatUrl":"https:\/\/cdn.nlziet.nl\/static\/assets\/contentproviders\/flat\/npo.png"},"tags":[],"seriesId":"7QrOqPrilEGeM3pgWB1w1A"},{"id":"kwmF34XzAEeF2Mh88sXM0A","type":"Vod","title":"Zappsport","subtitle":"Battle streetbasketball","description":"TROS - Sportmagazine voor de jeugd. In The Battle strijden de jongens tegen de meisjes in een bepaalde sport. Kinderen met een sportprobleem worden in de 'Hellup' geholpen door een beroemde topsporter. De reportage doet verslag van jonge talenten die met een belangrijk toernooi nummer \u00e9\u00e9n hopen te worden. De vetste trucs worden uitgelegd in The Move waarin kids laten zien wat ze kunnen. Rondom grote sporttoernooien zijn er regelmatig specials te zien.","formattedEpisodeNumbering":null,"formattedDate":"Za 20 jul. 2013","formattedDateShort":"Jul. 2013","formattedTime":"08:40","formattedDuration":"20m","formattedAvailabilityWindow":null,"formattedAvailabilityWindowShort":null,"image":{"portraitUrl":null,"landscapeUrl":"https:\/\/images.nlziet.nl\/metadataimportimages\/source\/678BAD13C77F1F07C417970CE1C8300C282687FFD9253A506250139CC2C26A98.jpg"},"logo":{"normalUrl":"https:\/\/cdn.nlziet.nl\/static\/assets\/contentproviders\/npo.png","darkUrl":"https:\/\/cdn.nlziet.nl\/static\/assets\/contentproviders\/dark\/npo.png","flatUrl":"https:\/\/cdn.nlziet.nl\/static\/assets\/contentproviders\/flat\/npo.png"},"tags":[],"seriesId":"7QrOqPrilEGeM3pgWB1w1A"},{"id":"Moxkof3_H06APpfYesw3jg","type":"Vod","title":"Zappsport","subtitle":"Compilatie","description":"TROS - Sportmagazine voor de jeugd. In The Battle strijden de jongens tegen de meisjes in een bepaalde sport. Kinderen met een sportprobleem worden in de Hellup geholpen door een beroemde topsporter. De reportage doet verslag van jonge talenten die met een belangrijk toernooi nummer \u00e9\u00e9n hopen te worden. De vetste trucs worden uitgelegd in The Move waarin kids laten zien wat ze kunnen. Rondom grote sporttoernooien zijn er ook regelmatig specials te zien.","formattedEpisodeNumbering":null,"formattedDate":"Zo 14 jul. 2013","formattedDateShort":"Jul. 2013","formattedTime":"17:10","formattedDuration":"30m","formattedAvailabilityWindow":null,"formattedAvailabilityWindowShort":null,"image":{"portraitUrl":null,"landscapeUrl":"https:\/\/images.nlziet.nl\/metadataimportimages\/source\/EFA6B78693D1031DED9C5AF6304980D2160570EC1154238FCD365CADAB8208E7.jpg"},"logo":{"normalUrl":"https:\/\/cdn.nlziet.nl\/static\/assets\/contentproviders\/npo.png","darkUrl":"https:\/\/cdn.nlziet.nl\/static\/assets\/contentproviders\/dark\/npo.png","flatUrl":"https:\/\/cdn.nlziet.nl\/static\/assets\/contentproviders\/flat\/npo.png"},"tags":[],"seriesId":"7QrOqPrilEGeM3pgWB1w1A"},{"id":"KKVoDTJtUUCxFNlqnDYuAA","type":"Vod","title":"Zappsport","subtitle":"Battle honkbal","description":"TROS - Sportmagazine voor de jeugd. In The Battle strijden de jongens tegen de meisjes in een bepaalde sport. Kinderen met een sportprobleem worden in de 'Hellup' geholpen door een beroemde topsporter. De reportage doet verslag van jonge talenten die met een belangrijk toernooi nummer \u00e9\u00e9n hopen te worden. De vetste trucks worden uitgelegd in The Move waarin kids laten zien wat ze kunnen. Rondom grote sporttoernooien zijn er regelmatig specials te zien.","formattedEpisodeNumbering":null,"formattedDate":"Za 13 jul. 2013","formattedDateShort":"Jul. 2013","formattedTime":"08:40","formattedDuration":"20m","formattedAvailabilityWindow":null,"formattedAvailabilityWindowShort":null,"image":{"portraitUrl":null,"landscapeUrl":"https:\/\/images.nlziet.nl\/metadataimportimages\/source\/AE86A3D82F44DB71BC9A1D4F43A90C298E4DB81CC225BB81F2E20B6A1538A0BE.jpg"},"logo":{"normalUrl":"https:\/\/cdn.nlziet.nl\/static\/assets\/contentproviders\/npo.png","darkUrl":"https:\/\/cdn.nlziet.nl\/static\/assets\/contentproviders\/dark\/npo.png","flatUrl":"https:\/\/cdn.nlziet.nl\/static\/assets\/contentproviders\/flat\/npo.png"},"tags":[],"seriesId":"7QrOqPrilEGeM3pgWB1w1A"},{"id":"0kJEkl0eCEGMC7b5vNk0lQ","type":"Vod","title":"Zappsport","subtitle":"Compilatie","description":"TROS - Sportmagazine voor de jeugd. In The Battle strijden de jongens tegen de meisjes in een bepaalde sport. Kinderen met een sportprobleem worden in de Hellup geholpen door een beroemde topsporter. De reportage doet verslag van jonge talenten die met een belangrijk toernooi nummer \u00e9\u00e9n hopen te worden. De vetste trucs worden uitgelegd in The Move waarin kids laten zien wat ze kunnen. Rondom grote sporttoernooien zijn er ook regelmatig specials te zien.","formattedEpisodeNumbering":null,"formattedDate":"Zo 7 jul. 2013","formattedDateShort":"Jul. 2013","formattedTime":"16:50","formattedDuration":"30m","formattedAvailabilityWindow":null,"formattedAvailabilityWindowShort":null,"image":{"portraitUrl":null,"landscapeUrl":"https:\/\/images.nlziet.nl\/metadataimportimages\/source\/55A0CCA00575B44BD81003D7DC4A7FEFB027CD761926F2381031AB02FC694B92.jpg"},"logo":{"normalUrl":"https:\/\/cdn.nlziet.nl\/static\/assets\/contentproviders\/npo.png","darkUrl":"https:\/\/cdn.nlziet.nl\/static\/assets\/contentproviders\/dark\/npo.png","flatUrl":"https:\/\/cdn.nlziet.nl\/static\/assets\/contentproviders\/flat\/npo.png"},"tags":[],"seriesId":"7QrOqPrilEGeM3pgWB1w1A"},{"id":"Vpc5-VsTjEG1JRCw2uvf-A","type":"Vod","title":"Zappsport","subtitle":"Zappsport","description":"TROS - Sportmagazine voor de jeugd. In The Battle strijden de jongens tegen de meisjes in een bepaalde sport. Kinderen met een sportprobleem worden in de 'Hellup' geholpen door een beroemde topsporter. De reportage doet verslag van jonge talenten die met een belangrijk toernooi nummer \u00e9\u00e9n hopen te worden. De vetste trucks worden uitgelegd in 'The Move' waarin kids laten zien wat ze kunnen. Rondom grote sporttoernooien zijn er ook regelmatig specials te zien...","formattedEpisodeNumbering":null,"formattedDate":"Zo 7 jul. 2013","formattedDateShort":"Jul. 2013","formattedTime":"08:40","formattedDuration":"20m","formattedAvailabilityWindow":null,"formattedAvailabilityWindowShort":null,"image":{"portraitUrl":null,"landscapeUrl":"https:\/\/images.nlziet.nl\/metadataimportimages\/source\/6ABA77A2C86220F7A3581904E7DEE463CE4FA1B059834F562D0C7CC02834A97D.jpg"},"logo":{"normalUrl":"https:\/\/cdn.nlziet.nl\/static\/assets\/contentproviders\/npo.png","darkUrl":"https:\/\/cdn.nlziet.nl\/static\/assets\/contentproviders\/dark\/npo.png","flatUrl":"https:\/\/cdn.nlziet.nl\/static\/assets\/contentproviders\/flat\/npo.png"},"tags":[],"seriesId":"7QrOqPrilEGeM3pgWB1w1A"},{"id":"8zx_PvJUwEWlYnwf7RNj6Q","type":"Vod","title":"Zappsport","subtitle":"Battle drakenboot","description":"TROS - Sportmagazine voor de jeugd. In The Battle strijden de jongens tegen de meisjes in een bepaalde sport. Kinderen met een sportprobleem worden in de 'Hellup' geholpen door een beroemde topsporter. De reportage doet verslag van jonge talenten die met een belangrijk toernooi nummer \u00e9\u00e9n hopen te worden. De vetste trucks worden uitgelegd in 'The Move' waarin kids laten zien wat ze kunnen. Rondom grote sporttoernooien zijn er ook regelmatig specials te zien...","formattedEpisodeNumbering":null,"formattedDate":"Za 6 jul. 2013","formattedDateShort":"Jul. 2013","formattedTime":"08:40","formattedDuration":"20m","formattedAvailabilityWindow":null,"formattedAvailabilityWindowShort":null,"image":{"portraitUrl":null,"landscapeUrl":"https:\/\/images.nlziet.nl\/metadataimportimages\/source\/534593CFAEE80657FA964A1E4DEE1F6C288D2823673A6841DD0E0EA37B8C4755.jpg"},"logo":{"normalUrl":"https:\/\/cdn.nlziet.nl\/static\/assets\/contentproviders\/npo.png","darkUrl":"https:\/\/cdn.nlziet.nl\/static\/assets\/contentproviders\/dark\/npo.png","flatUrl":"https:\/\/cdn.nlziet.nl\/static\/assets\/contentproviders\/flat\/npo.png"},"tags":[],"seriesId":"7QrOqPrilEGeM3pgWB1w1A"},{"id":"-6j2qrv9Bk-YIvthPutzMw","type":"Vod","title":"Zappsport","subtitle":"Zomercompilatie","description":"TROS - ZappSport zomercompilatie.","formattedEpisodeNumbering":null,"formattedDate":"Zo 30 jun. 2013","formattedDateShort":"Jun. 2013","formattedTime":"17:22","formattedDuration":"20m","formattedAvailabilityWindow":null,"formattedAvailabilityWindowShort":null,"image":{"portraitUrl":null,"landscapeUrl":"https:\/\/images.nlziet.nl\/metadataimportimages\/source\/FAAF3FC3A0310CE1D0CA0D5571B7D33AF37D1988D72DA828EC25536F12C0A4C5.jpg"},"logo":{"normalUrl":"https:\/\/cdn.nlziet.nl\/static\/assets\/contentproviders\/npo.png","darkUrl":"https:\/\/cdn.nlziet.nl\/static\/assets\/contentproviders\/dark\/npo.png","flatUrl":"https:\/\/cdn.nlziet.nl\/static\/assets\/contentproviders\/flat\/npo.png"},"tags":[],"seriesId":"7QrOqPrilEGeM3pgWB1w1A"},{"id":"B16dyDX9ikCfJfx8LQLEKQ","type":"Vod","title":"Zappsport","subtitle":"Running team; run in Leiden","description":"TROS - Sportmagazine voor de jeugd. In The Battle strijden de jongens tegen de meisjes in een bepaalde sport. Kinderen met een sportprobleem worden in de 'Hellup' geholpen door een beroemde topsporter. De reportage doet verslag van jonge talenten die met een belangrijk toernooi nummer \u00e9\u00e9n hopen te worden. De vetste trucks worden uitgelegd in 'The Move' waarin kids laten zien wat ze kunnen. Rondom grote sporttoernooien zijn er ook regelmatig specials te zien...","formattedEpisodeNumbering":null,"formattedDate":"Zo 30 jun. 2013","formattedDateShort":"Jun. 2013","formattedTime":"08:40","formattedDuration":"20m","formattedAvailabilityWindow":null,"formattedAvailabilityWindowShort":null,"image":{"portraitUrl":null,"landscapeUrl":"https:\/\/images.nlziet.nl\/metadataimportimages\/source\/0C049E994B75513B360BD127E39F21AA1FC9E0EB08198ED354C8B83F4A930E19.jpg"},"logo":{"normalUrl":"https:\/\/cdn.nlziet.nl\/static\/assets\/contentproviders\/npo.png","darkUrl":"https:\/\/cdn.nlziet.nl\/static\/assets\/contentproviders\/dark\/npo.png","flatUrl":"https:\/\/cdn.nlziet.nl\/static\/assets\/contentproviders\/flat\/npo.png"},"tags":[],"seriesId":"7QrOqPrilEGeM3pgWB1w1A"},{"id":"_5kXv2jPrkenc0khlDztRA","type":"Vod","title":"Zappsport","subtitle":"Battle quadrijden","description":"TROS - Sportmagazine voor de jeugd. In The Battle strijden de jongens tegen de meisjes in een bepaalde sport. Kinderen met een sportprobleem worden in de 'Hellup' geholpen door een beroemde topsporter. De reportage doet verslag van jonge talenten die met een belangrijk toernooi nummer \u00e9\u00e9n hopen te worden. De vetste trucks worden uitgelegd in 'The Move' waarin kids laten zien wat ze kunnen. Rondom grote sporttoernooien zijn er ook regelmatig specials te zien...","formattedEpisodeNumbering":null,"formattedDate":"Za 29 jun. 2013","formattedDateShort":"Jun. 2013","formattedTime":"08:40","formattedDuration":"20m","formattedAvailabilityWindow":null,"formattedAvailabilityWindowShort":null,"image":{"portraitUrl":null,"landscapeUrl":"https:\/\/images.nlziet.nl\/metadataimportimages\/source\/CE4EBCF30AA532B40EA51753DEADD811EFDA0E022605E8D17FBF219BFACB3F11.jpg"},"logo":{"normalUrl":"https:\/\/cdn.nlziet.nl\/static\/assets\/contentproviders\/npo.png","darkUrl":"https:\/\/cdn.nlziet.nl\/static\/assets\/contentproviders\/dark\/npo.png","flatUrl":"https:\/\/cdn.nlziet.nl\/static\/assets\/contentproviders\/flat\/npo.png"},"tags":[],"seriesId":"7QrOqPrilEGeM3pgWB1w1A"}]