[{"id":"SBtF7eAg_EyPwZe_igYTqg","type":"Vod","title":"Border Security: Canada","subtitle":"Aflevering 20","description":"In Toronto slaagt een student niet voor zijn douane-examen.","formattedEpisodeNumbering":null,"formattedDate":"Za 26 jun. 2021","formattedDateShort":"Jun. 2021","formattedTime":"19:30","formattedDuration":"21m","formattedAvailabilityWindow":null,"formattedAvailabilityWindowShort":null,"image":{"portraitUrl":null,"landscapeUrl":"https:\/\/images.nlziet.nl\/metadataimportimages\/source\/373984934BC7D85CB48F995D132D2A625F488553DEB186B71468D8B5139E11A8.jpg"},"logo":{"normalUrl":"https:\/\/cdn.nlziet.nl\/static\/assets\/contentproviders\/sbs.png","darkUrl":"https:\/\/cdn.nlziet.nl\/static\/assets\/contentproviders\/dark\/sbs.png","flatUrl":"https:\/\/cdn.nlziet.nl\/static\/assets\/contentproviders\/flat\/sbs.png"},"tags":[],"seriesId":"6EBfsFV_3EqMK8x9C1vHew"},{"id":"K6MjUiY-SUCQo5BFMn7xcA","type":"Vod","title":"Border Security: Canada","subtitle":"Aflevering 19","description":"In Vancouver keert een reiziger terug van een romantisch afspraakje met een verrassing in haar bagage.","formattedEpisodeNumbering":null,"formattedDate":"Za 26 jun. 2021","formattedDateShort":"Jun. 2021","formattedTime":"19:01","formattedDuration":"21m","formattedAvailabilityWindow":null,"formattedAvailabilityWindowShort":null,"image":{"portraitUrl":null,"landscapeUrl":"https:\/\/images.nlziet.nl\/metadataimportimages\/source\/1E5D91BFA344C9FDF4952F08E88EFB730080EF4B6200C0B552FE33DF1A26BA71.jpg"},"logo":{"normalUrl":"https:\/\/cdn.nlziet.nl\/static\/assets\/contentproviders\/sbs.png","darkUrl":"https:\/\/cdn.nlziet.nl\/static\/assets\/contentproviders\/dark\/sbs.png","flatUrl":"https:\/\/cdn.nlziet.nl\/static\/assets\/contentproviders\/flat\/sbs.png"},"tags":[],"seriesId":"6EBfsFV_3EqMK8x9C1vHew"},{"id":"NIcM7aJ8s0mvKNBEmjfhvQ","type":"Vod","title":"Border Security: Canada","subtitle":"Aflevering 18","description":"Agenten pikken een uitgaande zeecontainer op weg naar Azi\u00eb eruit. Een Tunesische Canadees keert terug na een familiebezoek in Afrika, terwijl een drietal Amerikanen juist aankomt om hun familie te bezoeken.","formattedEpisodeNumbering":null,"formattedDate":"Za 19 jun. 2021","formattedDateShort":"Jun. 2021","formattedTime":"19:30","formattedDuration":"21m","formattedAvailabilityWindow":"Nog 3 dagen beschikbaar","formattedAvailabilityWindowShort":"Nog 3 d. beschikbaar","image":{"portraitUrl":null,"landscapeUrl":"https:\/\/images.nlziet.nl\/metadataimportimages\/source\/0AFC191F862D03E428F96BA8DF09F7981C0260B9624FF29EE6D2678A164333CE.jpg"},"logo":{"normalUrl":"https:\/\/cdn.nlziet.nl\/static\/assets\/contentproviders\/sbs.png","darkUrl":"https:\/\/cdn.nlziet.nl\/static\/assets\/contentproviders\/dark\/sbs.png","flatUrl":"https:\/\/cdn.nlziet.nl\/static\/assets\/contentproviders\/flat\/sbs.png"},"tags":[],"seriesId":"6EBfsFV_3EqMK8x9C1vHew"},{"id":"mGvPEwX5P0O3IScRd3n0iA","type":"Vod","title":"Border Security: Canada","subtitle":"Aflevering 17","description":"Een Amerikaan die op doorreis is, wordt in Canada aangehouden. Iemand importeert een motorfiets gekocht in de Verenigde Staten. Een Canadees die terugkeert uit het Verenigd Koninkrijk is zijn bagage kwijtgeraakt.","formattedEpisodeNumbering":null,"formattedDate":"Za 19 jun. 2021","formattedDateShort":"Jun. 2021","formattedTime":"19:00","formattedDuration":"21m","formattedAvailabilityWindow":"Nog 3 dagen beschikbaar","formattedAvailabilityWindowShort":"Nog 3 d. beschikbaar","image":{"portraitUrl":"https:\/\/images.nlziet.nl\/metadataimportimages\/source\/1517AC417AD4758FDAB16BEB05CC77A0C85B610D2DFE674F7167512665865E86.jpg","landscapeUrl":"https:\/\/images.nlziet.nl\/metadataimportimages\/source\/47B4F3DFEE8ABDAD1294A9F529C2FB4ED329E52B8895B894FDF0707E518CE36D.jpg"},"logo":{"normalUrl":"https:\/\/cdn.nlziet.nl\/static\/assets\/contentproviders\/sbs.png","darkUrl":"https:\/\/cdn.nlziet.nl\/static\/assets\/contentproviders\/dark\/sbs.png","flatUrl":"https:\/\/cdn.nlziet.nl\/static\/assets\/contentproviders\/flat\/sbs.png"},"tags":[],"seriesId":"6EBfsFV_3EqMK8x9C1vHew"},{"id":"ybau9urh2UucZ2kpwLHf6Q","type":"Vod","title":"Border Security: Canada","subtitle":"Aflevering 12","description":"Een declaratie van veertig dollar doen alarmbellen rinkelen. Agenten houden zich bezig met terugkerende feestgangers, terwijl een Amerikaanse reiziger op de harde manier erachter komt dat eerlijkheid het langst duurt. Agenten inspecteren een tijdschrift uit China.","formattedEpisodeNumbering":null,"formattedDate":"Za 5 jun. 2021","formattedDateShort":"Jun. 2021","formattedTime":"18:30","formattedDuration":"21m","formattedAvailabilityWindow":null,"formattedAvailabilityWindowShort":null,"image":{"portraitUrl":"https:\/\/images.nlziet.nl\/metadataimportimages\/source\/61F0CAD9757A62A27E62D03DA72F1698A59FE2139756154C3B60B6F8A02ED32F.jpg","landscapeUrl":"https:\/\/images.nlziet.nl\/metadataimportimages\/source\/C49ABBA6694B39A5809F724CEF3876A5148C821A88ED6C08F0F1F38D777814A1.jpg"},"logo":{"normalUrl":"https:\/\/cdn.nlziet.nl\/static\/assets\/contentproviders\/sbs.png","darkUrl":"https:\/\/cdn.nlziet.nl\/static\/assets\/contentproviders\/dark\/sbs.png","flatUrl":"https:\/\/cdn.nlziet.nl\/static\/assets\/contentproviders\/flat\/sbs.png"},"tags":[],"seriesId":"6EBfsFV_3EqMK8x9C1vHew"},{"id":"WnYl36IIpEm4QWfCfwNy-w","type":"Vod","title":"Border Security: Canada","subtitle":"Aflevering 11","description":"De persoonlijke bezittingen van een zakenvrouw wekken argwaan. Het bemanningslid van een vrachtschip wordt betrapt op het verbergen van voorwerpen en de camper van een poppenspeler wordt doorzocht.","formattedEpisodeNumbering":null,"formattedDate":"Za 5 jun. 2021","formattedDateShort":"Jun. 2021","formattedTime":"18:00","formattedDuration":"21m","formattedAvailabilityWindow":null,"formattedAvailabilityWindowShort":null,"image":{"portraitUrl":null,"landscapeUrl":"https:\/\/images.nlziet.nl\/metadataimportimages\/source\/F2D255E1EA1BC36A7E60684400C60CF4AE9A4B8721C8C405C2DC4F6AB1E8A18F.jpg"},"logo":{"normalUrl":"https:\/\/cdn.nlziet.nl\/static\/assets\/contentproviders\/sbs.png","darkUrl":"https:\/\/cdn.nlziet.nl\/static\/assets\/contentproviders\/dark\/sbs.png","flatUrl":"https:\/\/cdn.nlziet.nl\/static\/assets\/contentproviders\/flat\/sbs.png"},"tags":[],"seriesId":"6EBfsFV_3EqMK8x9C1vHew"},{"id":"V5DVDc0giU27CwogXnppZA","type":"Vod","title":"Border Security: Canada","subtitle":"Aflevering 10","description":"Agenten ontdekken het strafblad van een reiziger en een passagier is niet zeker van de inhoud van zijn bagage.","formattedEpisodeNumbering":null,"formattedDate":"Za 29 mei. 2021","formattedDateShort":"Mei. 2021","formattedTime":"19:30","formattedDuration":"21m","formattedAvailabilityWindow":null,"formattedAvailabilityWindowShort":null,"image":{"portraitUrl":"https:\/\/images.nlziet.nl\/metadataimportimages\/source\/715EC8C8939EE4FB336B82192F9E10A61118587C739F00EAB304008BFD7A0364.jpg","landscapeUrl":"https:\/\/images.nlziet.nl\/metadataimportimages\/source\/46D87C42AD922C44CE9979D2B75E7BCF200754A8D97406C422F587CF9ACB9D92.jpg"},"logo":{"normalUrl":"https:\/\/cdn.nlziet.nl\/static\/assets\/contentproviders\/sbs.png","darkUrl":"https:\/\/cdn.nlziet.nl\/static\/assets\/contentproviders\/dark\/sbs.png","flatUrl":"https:\/\/cdn.nlziet.nl\/static\/assets\/contentproviders\/flat\/sbs.png"},"tags":[],"seriesId":"6EBfsFV_3EqMK8x9C1vHew"},{"id":"T0qI73gKjEKFs5XPW5fJ1g","type":"Vod","title":"Border Security: Canada","subtitle":"Aflevering 9","description":"Een chef-kok heeft weinig geld en geen retourticket. Verkeerde serienummers zitten in een zending van wapens. De last-minute boeking van een reisagent doet alarmbellen rinkelen en een booteigenaar meldt zich niet bij de Canadese grensdienst.","formattedEpisodeNumbering":null,"formattedDate":"Za 29 mei. 2021","formattedDateShort":"Mei. 2021","formattedTime":"19:00","formattedDuration":"21m","formattedAvailabilityWindow":null,"formattedAvailabilityWindowShort":null,"image":{"portraitUrl":"https:\/\/images.nlziet.nl\/metadataimportimages\/source\/EE2AD52D1874E0C1C59E80548A85176B022D4BD6C12D21E76BF100DBBCC52F49.jpg","landscapeUrl":"https:\/\/images.nlziet.nl\/metadataimportimages\/source\/6FE75F397149F4900527FA03CBAA28B776C2F49E9D05CA1F7C69ADDAA2AEB03C.jpg"},"logo":{"normalUrl":"https:\/\/cdn.nlziet.nl\/static\/assets\/contentproviders\/sbs.png","darkUrl":"https:\/\/cdn.nlziet.nl\/static\/assets\/contentproviders\/dark\/sbs.png","flatUrl":"https:\/\/cdn.nlziet.nl\/static\/assets\/contentproviders\/flat\/sbs.png"},"tags":[],"seriesId":"6EBfsFV_3EqMK8x9C1vHew"},{"id":"lCaPRwu_p06VStTg7hrF0w","type":"Vod","title":"Border Security: Canada","subtitle":"Aflevering 8","description":"Agenten ondervragen een nerveuze reiziger. Reizigers uit Hongarije hebben enkele niet-aangegeven metgezellen.","formattedEpisodeNumbering":null,"formattedDate":"Za 29 mei. 2021","formattedDateShort":"Mei. 2021","formattedTime":"18:30","formattedDuration":"21m","formattedAvailabilityWindow":null,"formattedAvailabilityWindowShort":null,"image":{"portraitUrl":"https:\/\/images.nlziet.nl\/metadataimportimages\/source\/9A8E3CE6DE04D1D7E3CD472881F6DB9D5E373364C72F6788FB85DD2D267DB1AE.jpg","landscapeUrl":"https:\/\/images.nlziet.nl\/metadataimportimages\/source\/99C2B8D1F26AEB2176527E47DC282F19D64AC30A4621441278466AA418FD3D5D.jpg"},"logo":{"normalUrl":"https:\/\/cdn.nlziet.nl\/static\/assets\/contentproviders\/sbs.png","darkUrl":"https:\/\/cdn.nlziet.nl\/static\/assets\/contentproviders\/dark\/sbs.png","flatUrl":"https:\/\/cdn.nlziet.nl\/static\/assets\/contentproviders\/flat\/sbs.png"},"tags":[],"seriesId":"6EBfsFV_3EqMK8x9C1vHew"},{"id":"ph21FJgny0aEjDdlF3XHDw","type":"Vod","title":"Border Security: Canada","subtitle":"Aflevering 7","description":"Een bulkvrachtschip wordt doorzocht op smokkelwaar. Enkele grote postzendingen worden grondig ge\u00efnspecteerd. Twee Mexicaanse broers die op vakantie zijn, worden voor binnenkomst ondervraagd.","formattedEpisodeNumbering":null,"formattedDate":"Za 29 mei. 2021","formattedDateShort":"Mei. 2021","formattedTime":"18:01","formattedDuration":"21m","formattedAvailabilityWindow":null,"formattedAvailabilityWindowShort":null,"image":{"portraitUrl":"https:\/\/images.nlziet.nl\/metadataimportimages\/source\/438519860DD4540B6ABB723553CB277C4B113BECD58FAB5DD2DFCE990A3123D6.jpg","landscapeUrl":"https:\/\/images.nlziet.nl\/metadataimportimages\/source\/58D9A63343576B2DA6F56EABCFAE8AC227D70E9FC0222877DFCE3BFF8C2E6149.jpg"},"logo":{"normalUrl":"https:\/\/cdn.nlziet.nl\/static\/assets\/contentproviders\/sbs.png","darkUrl":"https:\/\/cdn.nlziet.nl\/static\/assets\/contentproviders\/dark\/sbs.png","flatUrl":"https:\/\/cdn.nlziet.nl\/static\/assets\/contentproviders\/flat\/sbs.png"},"tags":[],"seriesId":"6EBfsFV_3EqMK8x9C1vHew"}]