[{"id":"btMvMgbsG0GIO7pFlYET5w","type":"Vod","title":"NOS WK-kwalificatie Voetbal (v) Nederland - Belarus voorbeschouwing en eerste helft","subtitle":"NOS WK-kwalificatie Voetbal (v) Nederland - Belarus voorbeschouwing en eerste helft","description":"NOS - Rechtstreeks verslag van de voorbeschouwing en eerste helft van de WK-kwalificatiewedstrijd Nederland - Belarus (v). Het duel wordt zonder publiek en zonder volksliederen gespeeld.","formattedEpisodeNumbering":null,"formattedDate":"Di 28 jun.","formattedDateShort":"Di 28 jun.","formattedTime":"20:25","formattedDuration":"1u 4m","formattedAvailabilityWindow":null,"formattedAvailabilityWindowShort":null,"image":{"portraitUrl":null,"landscapeUrl":"https:\/\/images.nlziet.nl\/metadataimportimages\/source\/15EB8CDB3A031FD32356B7639685AD0F321CD6AF7CDCD4B42C3DEF853208E952.jpg"},"logo":{"normalUrl":"https:\/\/cdn.nlziet.nl\/static\/assets\/contentproviders\/npo.png","darkUrl":"https:\/\/cdn.nlziet.nl\/static\/assets\/contentproviders\/dark\/npo.png","flatUrl":"https:\/\/cdn.nlziet.nl\/static\/assets\/contentproviders\/flat\/npo.png"},"tags":[],"seriesId":"5Ys7Jwg3_EKAiS07ctyJhw"},{"id":"f7nKnAzoAUWrVGluFIRjWQ","type":"Vod","title":"NOS WK-kwalificatie Voetbal (v) Nederland - Cyprus voorbeschouwing en eerste helft","subtitle":"NOS WK-kwalificatie Voetbal (v) Nederland - Cyprus voorbeschouwing en eerste helft","description":"NOS - Rechtstreeks verslag van de voorbeschouwing en eerste helft van de WK-kwalificatiewedstrijd Nederland - Cyprus (v).","formattedEpisodeNumbering":null,"formattedDate":"Vr 8 apr.","formattedDateShort":"Vr 8 apr.","formattedTime":"20:20","formattedDuration":"1u 12m","formattedAvailabilityWindow":null,"formattedAvailabilityWindowShort":null,"image":{"portraitUrl":null,"landscapeUrl":"https:\/\/images.nlziet.nl\/metadataimportimages\/source\/8D6B37465E6D89621F46A3385DFCFCE98DB51FCC9E5D70CE4DACF3C8E8674058.jpg"},"logo":{"normalUrl":"https:\/\/cdn.nlziet.nl\/static\/assets\/contentproviders\/npo.png","darkUrl":"https:\/\/cdn.nlziet.nl\/static\/assets\/contentproviders\/dark\/npo.png","flatUrl":"https:\/\/cdn.nlziet.nl\/static\/assets\/contentproviders\/flat\/npo.png"},"tags":[],"seriesId":"5Ys7Jwg3_EKAiS07ctyJhw"}]