[{"id":"DEfM5uFqmE-Jyw1QN2u0wg","type":"Vod","title":"Opium","subtitle":"Opium","description":"AVRO - Culturele live talkshow met commentaar op het actuele culturele nieuws en bijzondere gasten uit de wereld van theater, film en literatuur en aandacht voor beeldende kunst en live jazz.","formattedEpisodeNumbering":null,"formattedDate":"Za 27 apr. 2013","formattedDateShort":"Apr. 2013","formattedTime":"22:40","formattedDuration":"45m","formattedAvailabilityWindow":null,"formattedAvailabilityWindowShort":null,"image":{"portraitUrl":null,"landscapeUrl":"https:\/\/images.nlziet.nl\/metadataimportimages\/source\/9F901BA0284B73390FAB16A17C5BE9DD6C95C8CFBF52F725FF8B7704FF735A22.jpg"},"logo":{"normalUrl":"https:\/\/cdn.nlziet.nl\/static\/assets\/contentproviders\/npo.png","darkUrl":"https:\/\/cdn.nlziet.nl\/static\/assets\/contentproviders\/dark\/npo.png","flatUrl":"https:\/\/cdn.nlziet.nl\/static\/assets\/contentproviders\/flat\/npo.png"},"tags":[],"seriesId":"7oS5hd32DEWWXbtt1fB8bA"},{"id":"_B4EdL4wvkijqPYU84n8Gg","type":"Vod","title":"Opium","subtitle":"Opium","description":"AVRO - Culturele live talkshow met commentaar op het actuele culturele nieuws en bijzondere gasten uit de wereld van theater, film en literatuur en aandacht voor beeldende kunst en live jazz.","formattedEpisodeNumbering":null,"formattedDate":"Za 20 apr. 2013","formattedDateShort":"Apr. 2013","formattedTime":"22:40","formattedDuration":"38m","formattedAvailabilityWindow":null,"formattedAvailabilityWindowShort":null,"image":{"portraitUrl":null,"landscapeUrl":"https:\/\/images.nlziet.nl\/metadataimportimages\/source\/D5560E6072FC40A131F5DE5F1E683E5E3C308E0BE77CA431A6F82F36187FFEA7.jpg"},"logo":{"normalUrl":"https:\/\/cdn.nlziet.nl\/static\/assets\/contentproviders\/npo.png","darkUrl":"https:\/\/cdn.nlziet.nl\/static\/assets\/contentproviders\/dark\/npo.png","flatUrl":"https:\/\/cdn.nlziet.nl\/static\/assets\/contentproviders\/flat\/npo.png"},"tags":[],"seriesId":"7oS5hd32DEWWXbtt1fB8bA"},{"id":"jtUNZsuy0kSdqP_aNxWI5g","type":"Vod","title":"Opium","subtitle":"Opium","description":"AVRO - Cornald Maas ontvangt gasten uit de wereld van kunst en cultuur in de Escape in Amsterdam. Met een prominente gast die in een verrassende reportage verslag doet van zijn of haar bezoek aan een cultureel evenement. Afwisselend bespreken Maria Goos, Jasper Krabb\u00e9 of John Buijsman hun keuze uit de cultuuragenda.","formattedEpisodeNumbering":null,"formattedDate":"Za 13 apr. 2013","formattedDateShort":"Apr. 2013","formattedTime":"22:38","formattedDuration":"40m","formattedAvailabilityWindow":null,"formattedAvailabilityWindowShort":null,"image":{"portraitUrl":null,"landscapeUrl":"https:\/\/images.nlziet.nl\/metadataimportimages\/source\/0AA251E030E1393173BAF4613DBA91D48CE69C1B113D091F72197EA6093086F4.jpg"},"logo":{"normalUrl":"https:\/\/cdn.nlziet.nl\/static\/assets\/contentproviders\/npo.png","darkUrl":"https:\/\/cdn.nlziet.nl\/static\/assets\/contentproviders\/dark\/npo.png","flatUrl":"https:\/\/cdn.nlziet.nl\/static\/assets\/contentproviders\/flat\/npo.png"},"tags":[],"seriesId":"7oS5hd32DEWWXbtt1fB8bA"},{"id":"-AZpJWNGEUu9UpzRW03Usw","type":"Vod","title":"Opium","subtitle":"Special Remco Campert","description":"AVRO - Cornald Maas praat met de 'laatste grote schrijver' van Nederland, Remco Campert. Nog steeds een inspiratiebron voor jonge en oudere lezers. Waaronder vrienden, collega's en bewonderaars als Kees van Kooten en Jan Mulder.","formattedEpisodeNumbering":null,"formattedDate":"Do 11 apr. 2013","formattedDateShort":"Apr. 2013","formattedTime":"00:15","formattedDuration":"40m","formattedAvailabilityWindow":null,"formattedAvailabilityWindowShort":null,"image":{"portraitUrl":null,"landscapeUrl":"https:\/\/images.nlziet.nl\/metadataimportimages\/source\/E7A5747C36287FFAC1415D3F60DCBE1466B00AFB8064FE1CE0EE22876E4A476E.jpg"},"logo":{"normalUrl":"https:\/\/cdn.nlziet.nl\/static\/assets\/contentproviders\/npo.png","darkUrl":"https:\/\/cdn.nlziet.nl\/static\/assets\/contentproviders\/dark\/npo.png","flatUrl":"https:\/\/cdn.nlziet.nl\/static\/assets\/contentproviders\/flat\/npo.png"},"tags":[],"seriesId":"7oS5hd32DEWWXbtt1fB8bA"},{"id":"BiEb1YSKREOooA9RZxPPhw","type":"Vod","title":"Opium","subtitle":"Opium","description":"AVRO - Culturele live talkshow met commentaar op het actuele culturele nieuws en bijzondere gasten uit de wereld van theater, film en literatuur en aandacht voor beeldende kunst en live jazz.","formattedEpisodeNumbering":null,"formattedDate":"Za 23 mrt. 2013","formattedDateShort":"Mrt. 2013","formattedTime":"22:39","formattedDuration":"40m","formattedAvailabilityWindow":null,"formattedAvailabilityWindowShort":null,"image":{"portraitUrl":null,"landscapeUrl":"https:\/\/images.nlziet.nl\/metadataimportimages\/source\/35F92112065EF66E132F0CA5EBF3D71D4DE2DE154069B0CCF2DB26510319635F.jpg"},"logo":{"normalUrl":"https:\/\/cdn.nlziet.nl\/static\/assets\/contentproviders\/npo.png","darkUrl":"https:\/\/cdn.nlziet.nl\/static\/assets\/contentproviders\/dark\/npo.png","flatUrl":"https:\/\/cdn.nlziet.nl\/static\/assets\/contentproviders\/flat\/npo.png"},"tags":[],"seriesId":"7oS5hd32DEWWXbtt1fB8bA"},{"id":"Ek8WhiV-Nk-Yn3NCGAvH5Q","type":"Vod","title":"Opium","subtitle":"Opium","description":"AVRO - Culturele live talkshow met commentaar op het actuele culturele nieuws en bijzondere gasten uit de wereld van theater, film en literatuur en aandacht voor beeldende kunst en live jazz.","formattedEpisodeNumbering":null,"formattedDate":"Za 16 mrt. 2013","formattedDateShort":"Mrt. 2013","formattedTime":"22:40","formattedDuration":"36m","formattedAvailabilityWindow":null,"formattedAvailabilityWindowShort":null,"image":{"portraitUrl":null,"landscapeUrl":"https:\/\/images.nlziet.nl\/metadataimportimages\/source\/FFE62E8A1FE01ECD4272390B6C3752A0D2B5F74EDBF4387368E4749C5EEC1352.jpg"},"logo":{"normalUrl":"https:\/\/cdn.nlziet.nl\/static\/assets\/contentproviders\/npo.png","darkUrl":"https:\/\/cdn.nlziet.nl\/static\/assets\/contentproviders\/dark\/npo.png","flatUrl":"https:\/\/cdn.nlziet.nl\/static\/assets\/contentproviders\/flat\/npo.png"},"tags":[],"seriesId":"7oS5hd32DEWWXbtt1fB8bA"},{"id":"t1PPXczTgUyiGx9o3_yIvg","type":"Vod","title":"Opium","subtitle":"Opium","description":"AVRO - Culturele live talkshow met commentaar op het actuele culturele nieuws en bijzondere gasten uit de wereld van theater, film en literatuur en aandacht voor beeldende kunst en live jazz.","formattedEpisodeNumbering":null,"formattedDate":"Za 9 mrt. 2013","formattedDateShort":"Mrt. 2013","formattedTime":"22:35","formattedDuration":"36m","formattedAvailabilityWindow":null,"formattedAvailabilityWindowShort":null,"image":{"portraitUrl":null,"landscapeUrl":"https:\/\/images.nlziet.nl\/metadataimportimages\/source\/72AA229D8C81B5871BEADBC4B5FC1AFEC77A3194FBFB2B0CC3B26B49B6A43E2B.jpg"},"logo":{"normalUrl":"https:\/\/cdn.nlziet.nl\/static\/assets\/contentproviders\/npo.png","darkUrl":"https:\/\/cdn.nlziet.nl\/static\/assets\/contentproviders\/dark\/npo.png","flatUrl":"https:\/\/cdn.nlziet.nl\/static\/assets\/contentproviders\/flat\/npo.png"},"tags":[],"seriesId":"7oS5hd32DEWWXbtt1fB8bA"},{"id":"GLZS4bRhhUCDgYUF2HJXyA","type":"Vod","title":"Opium","subtitle":"Opium","description":"AVRO - Culturele live talkshow met commentaar op het actuele culturele nieuws en bijzondere gasten uit de wereld van theater, film en literatuur en aandacht voor beeldende kunst en live jazz.","formattedEpisodeNumbering":null,"formattedDate":"Za 2 mrt. 2013","formattedDateShort":"Mrt. 2013","formattedTime":"22:35","formattedDuration":"40m","formattedAvailabilityWindow":null,"formattedAvailabilityWindowShort":null,"image":{"portraitUrl":null,"landscapeUrl":"https:\/\/images.nlziet.nl\/metadataimportimages\/source\/8E1A65CF0EC76614591ECF2F6B67559CE4001D1048C2BEA2F99EF61A24F796A4.jpg"},"logo":{"normalUrl":"https:\/\/cdn.nlziet.nl\/static\/assets\/contentproviders\/npo.png","darkUrl":"https:\/\/cdn.nlziet.nl\/static\/assets\/contentproviders\/dark\/npo.png","flatUrl":"https:\/\/cdn.nlziet.nl\/static\/assets\/contentproviders\/flat\/npo.png"},"tags":[],"seriesId":"7oS5hd32DEWWXbtt1fB8bA"},{"id":"LRxrlaGBwUqhwwSL6-KlJg","type":"Vod","title":"Opium","subtitle":"Opium","description":"AVRO - Waar moet je heen en wat mag je beslist niet missen? Live vanuit het DeLaMar Theater in Amsterdam praat Cornald Maas je iedere zaterdag bij over de actuele gebeurtenissen in de wereld van kunst en cultuur.","formattedEpisodeNumbering":null,"formattedDate":"Za 23 feb. 2013","formattedDateShort":"Feb. 2013","formattedTime":"22:38","formattedDuration":"40m","formattedAvailabilityWindow":null,"formattedAvailabilityWindowShort":null,"image":{"portraitUrl":null,"landscapeUrl":"https:\/\/images.nlziet.nl\/metadataimportimages\/source\/1EEF11C4462EBDF9F9F02D4C4CE65B202312378C7379D6219F75C009C58BDEE2.jpg"},"logo":{"normalUrl":"https:\/\/cdn.nlziet.nl\/static\/assets\/contentproviders\/npo.png","darkUrl":"https:\/\/cdn.nlziet.nl\/static\/assets\/contentproviders\/dark\/npo.png","flatUrl":"https:\/\/cdn.nlziet.nl\/static\/assets\/contentproviders\/flat\/npo.png"},"tags":[],"seriesId":"7oS5hd32DEWWXbtt1fB8bA"},{"id":"gzonIDnoWEKkPQ1S8KRNSw","type":"Vod","title":"Opium","subtitle":"Opium","description":"AVRO - Andr\u00e9 van Duin brak ooit door in de AVRO talentenjacht Nieuwe Oogst en veroverde in de ruim 40 jaar daarna heel Nederland. Cornald Maas spreekt vrienden, collega's en vakgenoten over het vakmanschap van de grootste komiek van Nederland. Met aandacht voor ondermeer zijn radio- en televisiewerk, zijn liedteksten en de theaterrevue's. Met natuurlijk veel beelden van zijn grote successen!","formattedEpisodeNumbering":null,"formattedDate":"Za 16 feb. 2013","formattedDateShort":"Feb. 2013","formattedTime":"22:39","formattedDuration":"40m","formattedAvailabilityWindow":null,"formattedAvailabilityWindowShort":null,"image":{"portraitUrl":null,"landscapeUrl":"https:\/\/images.nlziet.nl\/metadataimportimages\/source\/CBF0E82E498DF643F6A84729CF035C4F988818DEA2F195AE6DCA9C5244141A16.jpg"},"logo":{"normalUrl":"https:\/\/cdn.nlziet.nl\/static\/assets\/contentproviders\/npo.png","darkUrl":"https:\/\/cdn.nlziet.nl\/static\/assets\/contentproviders\/dark\/npo.png","flatUrl":"https:\/\/cdn.nlziet.nl\/static\/assets\/contentproviders\/flat\/npo.png"},"tags":[],"seriesId":"7oS5hd32DEWWXbtt1fB8bA"},{"id":"k_KX1XAIk0OO_7Z2rzPV6g","type":"Vod","title":"Opium","subtitle":"Special Andr\u00e9 van Duin","description":"AVRO - Andr\u00e9 van Duin brak ooit door in de AVRO talentenjacht Nieuwe Oogst en veroverde in de ruim 40 jaar daarna heel Nederland. Cornald Maas spreekt vrienden, collega's en vakgenoten over het vakmanschap van de grootste komiek van Nederland. Met aandacht voor ondermeer zijn radio- en televisiewerk, zijn liedteksten en de theaterrevue's. Met natuurlijk veel beelden van zijn grote successen!","formattedEpisodeNumbering":null,"formattedDate":"Za 9 feb. 2013","formattedDateShort":"Feb. 2013","formattedTime":"22:39","formattedDuration":"40m","formattedAvailabilityWindow":null,"formattedAvailabilityWindowShort":null,"image":{"portraitUrl":null,"landscapeUrl":"https:\/\/images.nlziet.nl\/metadataimportimages\/source\/EED85FA12CD037BB70C2BF177E2BA55C675F4CB3E0F2EF61C41E2C371B82B6B8.jpg"},"logo":{"normalUrl":"https:\/\/cdn.nlziet.nl\/static\/assets\/contentproviders\/npo.png","darkUrl":"https:\/\/cdn.nlziet.nl\/static\/assets\/contentproviders\/dark\/npo.png","flatUrl":"https:\/\/cdn.nlziet.nl\/static\/assets\/contentproviders\/flat\/npo.png"},"tags":[],"seriesId":"7oS5hd32DEWWXbtt1fB8bA"},{"id":"bSc0TZ5YvE6WFalYZddbTA","type":"Vod","title":"Opium","subtitle":"Opium","description":"AVRO - Cornald Maas ontvangt gasten uit de wereld van kunst en cultuur in de Escape in Amsterdam. Met een prominente gast die in een verrassende reportage verslag doet van zijn of haar bezoek aan een cultureel evenement. Afwisselend bespreken Maria Goos, Jasper Krabb\u00e9 of John Buijsman hun keuze uit de cultuuragenda.","formattedEpisodeNumbering":null,"formattedDate":"Za 2 feb. 2013","formattedDateShort":"Feb. 2013","formattedTime":"22:39","formattedDuration":"45m","formattedAvailabilityWindow":null,"formattedAvailabilityWindowShort":null,"image":{"portraitUrl":null,"landscapeUrl":"https:\/\/images.nlziet.nl\/metadataimportimages\/source\/275FBDE8D4A7D19A909276A21B074A3561C273B9DDDF12E5FADCF8027356DBB4.jpg"},"logo":{"normalUrl":"https:\/\/cdn.nlziet.nl\/static\/assets\/contentproviders\/npo.png","darkUrl":"https:\/\/cdn.nlziet.nl\/static\/assets\/contentproviders\/dark\/npo.png","flatUrl":"https:\/\/cdn.nlziet.nl\/static\/assets\/contentproviders\/flat\/npo.png"},"tags":[],"seriesId":"7oS5hd32DEWWXbtt1fB8bA"},{"id":"-c22Df12kU-lCNebiSP-IA","type":"Vod","title":"Opium","subtitle":"Opium","description":"AVRO - Culturele live talkshow van Cornald Maas met commentaar op het actuele culturele nieuws en bijzondere gasten uit de wereld van theater, film en literatuur en aandacht voor beeldende kunst en live jazz.","formattedEpisodeNumbering":null,"formattedDate":"Vr 1 feb. 2013","formattedDateShort":"Feb. 2013","formattedTime":"11:52","formattedDuration":"35m","formattedAvailabilityWindow":null,"formattedAvailabilityWindowShort":null,"image":{"portraitUrl":null,"landscapeUrl":"https:\/\/images.nlziet.nl\/metadataimportimages\/source\/81C2CDCA330897F4067DA54F093943C0AA6D19F02D0F9C759BD57859A90BE683.jpg"},"logo":{"normalUrl":"https:\/\/cdn.nlziet.nl\/static\/assets\/contentproviders\/npo.png","darkUrl":"https:\/\/cdn.nlziet.nl\/static\/assets\/contentproviders\/dark\/npo.png","flatUrl":"https:\/\/cdn.nlziet.nl\/static\/assets\/contentproviders\/flat\/npo.png"},"tags":[],"seriesId":"7oS5hd32DEWWXbtt1fB8bA"},{"id":"iOCIicZRzUGsM6F9Co6IGQ","type":"Vod","title":"Opium","subtitle":"Opium","description":"AVRO - Cornald Maas ontvangt gasten uit de wereld van kunst en cultuur in de Escape in Amsterdam. Met een prominente gast die in een verrassende reportage verslag doet van zijn of haar bezoek aan een cultureel evenement. Afwisselend bespreken Maria Goos, Jasper Krabb\u00e9 of John Buijsman hun keuze uit de cultuuragenda.","formattedEpisodeNumbering":null,"formattedDate":"Za 26 jan. 2013","formattedDateShort":"Jan. 2013","formattedTime":"22:40","formattedDuration":"45m","formattedAvailabilityWindow":null,"formattedAvailabilityWindowShort":null,"image":{"portraitUrl":null,"landscapeUrl":"https:\/\/images.nlziet.nl\/metadataimportimages\/source\/395F89CA0CAF95EB794BCDEA71D52D6F3C3D79CAB053870A80EFA580D5742D0E.jpg"},"logo":{"normalUrl":"https:\/\/cdn.nlziet.nl\/static\/assets\/contentproviders\/npo.png","darkUrl":"https:\/\/cdn.nlziet.nl\/static\/assets\/contentproviders\/dark\/npo.png","flatUrl":"https:\/\/cdn.nlziet.nl\/static\/assets\/contentproviders\/flat\/npo.png"},"tags":[],"seriesId":"7oS5hd32DEWWXbtt1fB8bA"},{"id":"sUbuUY1eeU6pl2y4vePlPw","type":"Vod","title":"Opium","subtitle":"Opium","description":"AVRO - Culturele live talkshow met commentaar op het actuele culturele nieuws en bijzondere gasten uit de wereld van theater, film en literatuur en aandacht voor beeldende kunst en live jazz.","formattedEpisodeNumbering":null,"formattedDate":"Za 19 jan. 2013","formattedDateShort":"Jan. 2013","formattedTime":"22:41","formattedDuration":"45m","formattedAvailabilityWindow":null,"formattedAvailabilityWindowShort":null,"image":{"portraitUrl":null,"landscapeUrl":"https:\/\/images.nlziet.nl\/metadataimportimages\/source\/E6FFC805815E185A1DF7A0BF640BC113D1A845760F3C10F7134ABAEB2A9C671A.jpg"},"logo":{"normalUrl":"https:\/\/cdn.nlziet.nl\/static\/assets\/contentproviders\/npo.png","darkUrl":"https:\/\/cdn.nlziet.nl\/static\/assets\/contentproviders\/dark\/npo.png","flatUrl":"https:\/\/cdn.nlziet.nl\/static\/assets\/contentproviders\/flat\/npo.png"},"tags":[],"seriesId":"7oS5hd32DEWWXbtt1fB8bA"},{"id":"fZwjbj5aDkG-_Le5oGM8xQ","type":"Vod","title":"Opium","subtitle":"Opium special: Adele Bloemendaal","description":"AVRO - Hommage aan theatercoryfee Ad\u00e8le Bloemendaal. Cornald Maas ontmoet oud-collega's en vrienden van Ad\u00e8le Bloemendaal en schetst een portret van een (vak)vrouw wiens leven en carri\u00e8re de nodige ups en downs heeft gekend met uniek beeldmateriaal.","formattedEpisodeNumbering":null,"formattedDate":"Do 10 jan. 2013","formattedDateShort":"Jan. 2013","formattedTime":"00:10","formattedDuration":"29m","formattedAvailabilityWindow":null,"formattedAvailabilityWindowShort":null,"image":{"portraitUrl":null,"landscapeUrl":"https:\/\/images.nlziet.nl\/metadataimportimages\/source\/CF39D5150E369BB29BF9FB497E62A2F196E45BDD797DB66ED32E0B15C7293C82.jpg"},"logo":{"normalUrl":"https:\/\/cdn.nlziet.nl\/static\/assets\/contentproviders\/npo.png","darkUrl":"https:\/\/cdn.nlziet.nl\/static\/assets\/contentproviders\/dark\/npo.png","flatUrl":"https:\/\/cdn.nlziet.nl\/static\/assets\/contentproviders\/flat\/npo.png"},"tags":[],"seriesId":"7oS5hd32DEWWXbtt1fB8bA"},{"id":"dRa0DavejUqhunZ0xugEmQ","type":"Vod","title":"Opium","subtitle":"Opium special: Kitty Courbois","description":"AVRO - Kitty Courbois behoort tot de topactrices van Nederland. Ze speelde in talloze films en tv-series en schittert nog steeds op de planken. In november start zij met een literaire theaterproductie Courbois, parels van po\u00ebzie. Cornald Maas spreekt met de 75-jarige actrice, vrienden en collega's over haar roemrijke loopbaan en leven.","formattedEpisodeNumbering":null,"formattedDate":"Vr 4 jan. 2013","formattedDateShort":"Jan. 2013","formattedTime":"11:50","formattedDuration":"35m","formattedAvailabilityWindow":null,"formattedAvailabilityWindowShort":null,"image":{"portraitUrl":null,"landscapeUrl":"https:\/\/images.nlziet.nl\/metadataimportimages\/source\/9E046EBEF795D1A659C06A831B46E96000A93D47690A268AD5F9AD5657989373.jpg"},"logo":{"normalUrl":"https:\/\/cdn.nlziet.nl\/static\/assets\/contentproviders\/npo.png","darkUrl":"https:\/\/cdn.nlziet.nl\/static\/assets\/contentproviders\/dark\/npo.png","flatUrl":"https:\/\/cdn.nlziet.nl\/static\/assets\/contentproviders\/flat\/npo.png"},"tags":[],"seriesId":"7oS5hd32DEWWXbtt1fB8bA"}]