[{"id":"rwxjG5RcnUyFre6wdTU0JA","type":"Vod","title":"Zappsport","subtitle":"Zappsport compilatie","description":null,"formattedEpisodeNumbering":null,"formattedDate":"Zo 5 okt. 2014","formattedDateShort":"Okt. 2014","formattedTime":"17:04","formattedDuration":"24m","formattedAvailabilityWindow":null,"formattedAvailabilityWindowShort":null,"image":{"portraitUrl":null,"landscapeUrl":"https:\/\/images.nlziet.nl\/metadataimportimages\/source\/30CCD01810C5608D45C9893080347969EA73FAB22A0CD6FBDD14C1CDCBF1C20D.jpg"},"logo":{"normalUrl":"https:\/\/cdn.nlziet.nl\/static\/assets\/contentproviders\/npo.png","darkUrl":"https:\/\/cdn.nlziet.nl\/static\/assets\/contentproviders\/dark\/npo.png","flatUrl":"https:\/\/cdn.nlziet.nl\/static\/assets\/contentproviders\/flat\/npo.png"},"tags":[],"seriesId":"7QrOqPrilEGeM3pgWB1w1A"},{"id":"B-Xk-dWriUy0rWApn64qXA","type":"Vod","title":"Zappsport","subtitle":"Zappsport compilatie","description":null,"formattedEpisodeNumbering":null,"formattedDate":"Zo 28 sep. 2014","formattedDateShort":"Sep. 2014","formattedTime":"17:14","formattedDuration":"24m","formattedAvailabilityWindow":null,"formattedAvailabilityWindowShort":null,"image":{"portraitUrl":null,"landscapeUrl":"https:\/\/images.nlziet.nl\/metadataimportimages\/source\/3FEAFB4EA7739E81FB0A12E37692A445C983C61E0DF5FAAAD7BFF101035C52EE.jpg"},"logo":{"normalUrl":"https:\/\/cdn.nlziet.nl\/static\/assets\/contentproviders\/npo.png","darkUrl":"https:\/\/cdn.nlziet.nl\/static\/assets\/contentproviders\/dark\/npo.png","flatUrl":"https:\/\/cdn.nlziet.nl\/static\/assets\/contentproviders\/flat\/npo.png"},"tags":[],"seriesId":"7QrOqPrilEGeM3pgWB1w1A"},{"id":"IetiicHEPUaYzuUyAn5Icg","type":"Vod","title":"Zappsport","subtitle":"Zappsport compilatie","description":null,"formattedEpisodeNumbering":null,"formattedDate":"Zo 21 sep. 2014","formattedDateShort":"Sep. 2014","formattedTime":"17:14","formattedDuration":"25m","formattedAvailabilityWindow":null,"formattedAvailabilityWindowShort":null,"image":{"portraitUrl":null,"landscapeUrl":"https:\/\/images.nlziet.nl\/metadataimportimages\/source\/B4069141059CE91C7F1239E5D6F96B4B948708845C8D62F0EDA6D1310A0D1984.jpg"},"logo":{"normalUrl":"https:\/\/cdn.nlziet.nl\/static\/assets\/contentproviders\/npo.png","darkUrl":"https:\/\/cdn.nlziet.nl\/static\/assets\/contentproviders\/dark\/npo.png","flatUrl":"https:\/\/cdn.nlziet.nl\/static\/assets\/contentproviders\/flat\/npo.png"},"tags":[],"seriesId":"7QrOqPrilEGeM3pgWB1w1A"},{"id":"qANDncewxEaQHSlhBpf0mA","type":"Vod","title":"Zappsport","subtitle":"Zappsport compilatie","description":null,"formattedEpisodeNumbering":null,"formattedDate":"Zo 14 sep. 2014","formattedDateShort":"Sep. 2014","formattedTime":"17:19","formattedDuration":"25m","formattedAvailabilityWindow":null,"formattedAvailabilityWindowShort":null,"image":{"portraitUrl":null,"landscapeUrl":"https:\/\/images.nlziet.nl\/metadataimportimages\/source\/F543AEF849927335ACB6C81E6B272050CF287DBEF4000EAAD70DDC1EB0ED77C9.jpg"},"logo":{"normalUrl":"https:\/\/cdn.nlziet.nl\/static\/assets\/contentproviders\/npo.png","darkUrl":"https:\/\/cdn.nlziet.nl\/static\/assets\/contentproviders\/dark\/npo.png","flatUrl":"https:\/\/cdn.nlziet.nl\/static\/assets\/contentproviders\/flat\/npo.png"},"tags":[],"seriesId":"7QrOqPrilEGeM3pgWB1w1A"},{"id":"kdIh2L0eIky1lXk1tZVP7Q","type":"Vod","title":"Zappsport","subtitle":"Zappsport compilatie","description":"AVROTROS - Kindersportprogramma waarin allle takken van sport voorbij komen. Zo krijgen kinderen met een sportprobleem hulp van een beroemde topsporter in de 'Hellup', worden de vetste trucs uitgelegd in 'The Move' en zijn er regelmatig specials te zien rondom grote sporttoernooien. In het wekelijkse onderdeel 'The Battle' strijden de jongens tegen de meiden in een bepaalde sport. Ron staat in dit onderdeel tegenover de bloedfanatieke 'teamcaptain' Naomi van As.","formattedEpisodeNumbering":null,"formattedDate":"Zo 7 sep. 2014","formattedDateShort":"Sep. 2014","formattedTime":"17:14","formattedDuration":"24m","formattedAvailabilityWindow":null,"formattedAvailabilityWindowShort":null,"image":{"portraitUrl":null,"landscapeUrl":"https:\/\/images.nlziet.nl\/metadataimportimages\/source\/F57C25486890120E9E9E2A8803D8FDA6D26E2E3E8FA14DCCC397930A2EA10EC5.jpg"},"logo":{"normalUrl":"https:\/\/cdn.nlziet.nl\/static\/assets\/contentproviders\/npo.png","darkUrl":"https:\/\/cdn.nlziet.nl\/static\/assets\/contentproviders\/dark\/npo.png","flatUrl":"https:\/\/cdn.nlziet.nl\/static\/assets\/contentproviders\/flat\/npo.png"},"tags":[],"seriesId":"7QrOqPrilEGeM3pgWB1w1A"},{"id":"LIHoblRD_USnrilhmaeIQw","type":"Vod","title":"Zappsport","subtitle":"Zappsport WK compilatie","description":"TROS - Oranjekoorts in WK Zappsport. Altijd al een originele 'Robben' aan de muur willen hebben? Kan van Persie vissen? Alles waarvan je niet wist dat je het wilde weten over het Nederlands Elftal. Terwijl Ron Boszhard in Brazili\u00eb het Nederlands Elftal op de voet volgt, zoekt sidekick Sascha Visser het Oranje-gevoel in eigen land op.","formattedEpisodeNumbering":null,"formattedDate":"Zo 8 jun. 2014","formattedDateShort":"Jun. 2014","formattedTime":"17:15","formattedDuration":"26m","formattedAvailabilityWindow":null,"formattedAvailabilityWindowShort":null,"image":{"portraitUrl":null,"landscapeUrl":"https:\/\/images.nlziet.nl\/metadataimportimages\/source\/3030B2F1BFCABBF297723B4ECC243C69FF9B65742973FFFF95518726EADFA27F.jpg"},"logo":{"normalUrl":"https:\/\/cdn.nlziet.nl\/static\/assets\/contentproviders\/npo.png","darkUrl":"https:\/\/cdn.nlziet.nl\/static\/assets\/contentproviders\/dark\/npo.png","flatUrl":"https:\/\/cdn.nlziet.nl\/static\/assets\/contentproviders\/flat\/npo.png"},"tags":[],"seriesId":"7QrOqPrilEGeM3pgWB1w1A"}]