[{"id":"-7L4EcI-skCpgLUVCTHRyQ","type":"Vod","title":"Zappsport","subtitle":"Z@ppSport","description":"TROS - Kindersportprogramma waarin alle takken van sport voorbijkomen. In het onderdeel The Battle strijden de jongens tegen de meiden in een bepaalde sport. Ron staat in dit onderdeel tegenover de bloedfanatieke 'teamcaptain' Britt Dekker. Kinderen met een sportprobleem krijgen hulp van een beroemde topsporter in de Hellup en er zijn regelmatig specials te zien rondom grote sporttoernooien.","formattedEpisodeNumbering":null,"formattedDate":"Za 12 jan. 2008","formattedDateShort":"Jan. 2008","formattedTime":"17:15","formattedDuration":"30m","formattedAvailabilityWindow":null,"formattedAvailabilityWindowShort":null,"image":{"portraitUrl":null,"landscapeUrl":"https:\/\/images.nlziet.nl\/metadataimportimages\/source\/76A5BAF5BB8570AD4AFD5C0D9D931F94506306A13562C7A61D53B0513AF683DE.jpg"},"logo":{"normalUrl":"https:\/\/cdn.nlziet.nl\/static\/assets\/contentproviders\/npo.png","darkUrl":"https:\/\/cdn.nlziet.nl\/static\/assets\/contentproviders\/dark\/npo.png","flatUrl":"https:\/\/cdn.nlziet.nl\/static\/assets\/contentproviders\/flat\/npo.png"},"tags":[],"seriesId":"7QrOqPrilEGeM3pgWB1w1A"},{"id":"8aW_NamOhUaJu2NaM2XMRA","type":"Vod","title":"Zappsport","subtitle":"Z@ppSport","description":"TROS - Kindersportprogramma waarin alle takken van sport voorbijkomen. In het onderdeel The Battle strijden de jongens tegen de meiden in een bepaalde sport. Ron staat in dit onderdeel tegenover de bloedfanatieke 'teamcaptain' Britt Dekker. Kinderen met een sportprobleem krijgen hulp van een beroemde topsporter in de Hellup en er zijn regelmatig specials te zien rondom grote sporttoernooien.","formattedEpisodeNumbering":null,"formattedDate":"Zo 6 jan. 2008","formattedDateShort":"Jan. 2008","formattedTime":"08:50","formattedDuration":"20m","formattedAvailabilityWindow":null,"formattedAvailabilityWindowShort":null,"image":{"portraitUrl":null,"landscapeUrl":"https:\/\/images.nlziet.nl\/metadataimportimages\/source\/76A5BAF5BB8570AD4AFD5C0D9D931F94506306A13562C7A61D53B0513AF683DE.jpg"},"logo":{"normalUrl":"https:\/\/cdn.nlziet.nl\/static\/assets\/contentproviders\/npo.png","darkUrl":"https:\/\/cdn.nlziet.nl\/static\/assets\/contentproviders\/dark\/npo.png","flatUrl":"https:\/\/cdn.nlziet.nl\/static\/assets\/contentproviders\/flat\/npo.png"},"tags":[],"seriesId":"7QrOqPrilEGeM3pgWB1w1A"},{"id":"KWOXL9_nT0St-ymW4T61vQ","type":"Vod","title":"Zappsport","subtitle":"Z@ppSport","description":"TROS - Kindersportprogramma waarin alle takken van sport voorbijkomen. In het onderdeel The Battle strijden de jongens tegen de meiden in een bepaalde sport. Ron staat in dit onderdeel tegenover de bloedfanatieke 'teamcaptain' Britt Dekker. Kinderen met een sportprobleem krijgen hulp van een beroemde topsporter in de Hellup en er zijn regelmatig specials te zien rondom grote sporttoernooien.","formattedEpisodeNumbering":null,"formattedDate":"Za 5 jan. 2008","formattedDateShort":"Jan. 2008","formattedTime":"17:15","formattedDuration":"28m","formattedAvailabilityWindow":null,"formattedAvailabilityWindowShort":null,"image":{"portraitUrl":null,"landscapeUrl":"https:\/\/images.nlziet.nl\/metadataimportimages\/source\/76A5BAF5BB8570AD4AFD5C0D9D931F94506306A13562C7A61D53B0513AF683DE.jpg"},"logo":{"normalUrl":"https:\/\/cdn.nlziet.nl\/static\/assets\/contentproviders\/npo.png","darkUrl":"https:\/\/cdn.nlziet.nl\/static\/assets\/contentproviders\/dark\/npo.png","flatUrl":"https:\/\/cdn.nlziet.nl\/static\/assets\/contentproviders\/flat\/npo.png"},"tags":[],"seriesId":"7QrOqPrilEGeM3pgWB1w1A"},{"id":"Gdvs8LIbvEON7fyuQJYnzA","type":"Vod","title":"Zappsport","subtitle":"Z@ppSport","description":"TROS - Kindersportprogramma waarin alle takken van sport voorbijkomen. In het onderdeel The Battle strijden de jongens tegen de meiden in een bepaalde sport. Ron staat in dit onderdeel tegenover de bloedfanatieke 'teamcaptain' Britt Dekker. Kinderen met een sportprobleem krijgen hulp van een beroemde topsporter in de Hellup en er zijn regelmatig specials te zien rondom grote sporttoernooien.","formattedEpisodeNumbering":null,"formattedDate":"Za 5 jan. 2008","formattedDateShort":"Jan. 2008","formattedTime":"08:45","formattedDuration":"20m","formattedAvailabilityWindow":null,"formattedAvailabilityWindowShort":null,"image":{"portraitUrl":null,"landscapeUrl":"https:\/\/images.nlziet.nl\/metadataimportimages\/source\/76A5BAF5BB8570AD4AFD5C0D9D931F94506306A13562C7A61D53B0513AF683DE.jpg"},"logo":{"normalUrl":"https:\/\/cdn.nlziet.nl\/static\/assets\/contentproviders\/npo.png","darkUrl":"https:\/\/cdn.nlziet.nl\/static\/assets\/contentproviders\/dark\/npo.png","flatUrl":"https:\/\/cdn.nlziet.nl\/static\/assets\/contentproviders\/flat\/npo.png"},"tags":[],"seriesId":"7QrOqPrilEGeM3pgWB1w1A"},{"id":"xC0Kwp-IvU6XuCq-g6ns4A","type":"Vod","title":"Zappsport","subtitle":"Z@ppSport","description":"TROS - Kindersportprogramma waarin alle takken van sport voorbijkomen. In het onderdeel The Battle strijden de jongens tegen de meiden in een bepaalde sport. Ron staat in dit onderdeel tegenover de bloedfanatieke 'teamcaptain' Britt Dekker. Kinderen met een sportprobleem krijgen hulp van een beroemde topsporter in de Hellup en er zijn regelmatig specials te zien rondom grote sporttoernooien.","formattedEpisodeNumbering":null,"formattedDate":"Za 29 dec. 2007","formattedDateShort":"Dec. 2007","formattedTime":"08:45","formattedDuration":"20m","formattedAvailabilityWindow":null,"formattedAvailabilityWindowShort":null,"image":{"portraitUrl":null,"landscapeUrl":"https:\/\/images.nlziet.nl\/metadataimportimages\/source\/76A5BAF5BB8570AD4AFD5C0D9D931F94506306A13562C7A61D53B0513AF683DE.jpg"},"logo":{"normalUrl":"https:\/\/cdn.nlziet.nl\/static\/assets\/contentproviders\/npo.png","darkUrl":"https:\/\/cdn.nlziet.nl\/static\/assets\/contentproviders\/dark\/npo.png","flatUrl":"https:\/\/cdn.nlziet.nl\/static\/assets\/contentproviders\/flat\/npo.png"},"tags":[],"seriesId":"7QrOqPrilEGeM3pgWB1w1A"},{"id":"FCECNU1j4EmtWXcTvNuUDA","type":"Vod","title":"Zappsport","subtitle":"Z@ppSport","description":"TROS - Kindersportprogramma waarin alle takken van sport voorbijkomen. In het onderdeel The Battle strijden de jongens tegen de meiden in een bepaalde sport. Ron staat in dit onderdeel tegenover de bloedfanatieke 'teamcaptain' Britt Dekker. Kinderen met een sportprobleem krijgen hulp van een beroemde topsporter in de Hellup en er zijn regelmatig specials te zien rondom grote sporttoernooien.","formattedEpisodeNumbering":null,"formattedDate":"Za 22 dec. 2007","formattedDateShort":"Dec. 2007","formattedTime":"17:20","formattedDuration":"25m","formattedAvailabilityWindow":null,"formattedAvailabilityWindowShort":null,"image":{"portraitUrl":null,"landscapeUrl":"https:\/\/images.nlziet.nl\/metadataimportimages\/source\/76A5BAF5BB8570AD4AFD5C0D9D931F94506306A13562C7A61D53B0513AF683DE.jpg"},"logo":{"normalUrl":"https:\/\/cdn.nlziet.nl\/static\/assets\/contentproviders\/npo.png","darkUrl":"https:\/\/cdn.nlziet.nl\/static\/assets\/contentproviders\/dark\/npo.png","flatUrl":"https:\/\/cdn.nlziet.nl\/static\/assets\/contentproviders\/flat\/npo.png"},"tags":[],"seriesId":"7QrOqPrilEGeM3pgWB1w1A"},{"id":"uFa91xSL0k2t6Fez9MyAXw","type":"Vod","title":"Zappsport","subtitle":"Z@ppSport","description":"TROS - Kindersportprogramma waarin alle takken van sport voorbijkomen. In het onderdeel The Battle strijden de jongens tegen de meiden in een bepaalde sport. Ron staat in dit onderdeel tegenover de bloedfanatieke 'teamcaptain' Britt Dekker. Kinderen met een sportprobleem krijgen hulp van een beroemde topsporter in de Hellup en er zijn regelmatig specials te zien rondom grote sporttoernooien.","formattedEpisodeNumbering":null,"formattedDate":"Za 15 dec. 2007","formattedDateShort":"Dec. 2007","formattedTime":"17:20","formattedDuration":"30m","formattedAvailabilityWindow":null,"formattedAvailabilityWindowShort":null,"image":{"portraitUrl":null,"landscapeUrl":"https:\/\/images.nlziet.nl\/metadataimportimages\/source\/76A5BAF5BB8570AD4AFD5C0D9D931F94506306A13562C7A61D53B0513AF683DE.jpg"},"logo":{"normalUrl":"https:\/\/cdn.nlziet.nl\/static\/assets\/contentproviders\/npo.png","darkUrl":"https:\/\/cdn.nlziet.nl\/static\/assets\/contentproviders\/dark\/npo.png","flatUrl":"https:\/\/cdn.nlziet.nl\/static\/assets\/contentproviders\/flat\/npo.png"},"tags":[],"seriesId":"7QrOqPrilEGeM3pgWB1w1A"},{"id":"yOffjKi6CUuVYZ_cErRXDQ","type":"Vod","title":"Zappsport","subtitle":"Z@ppSport","description":"TROS - Kindersportprogramma waarin alle takken van sport voorbijkomen. In het onderdeel The Battle strijden de jongens tegen de meiden in een bepaalde sport. Ron staat in dit onderdeel tegenover de bloedfanatieke 'teamcaptain' Britt Dekker. Kinderen met een sportprobleem krijgen hulp van een beroemde topsporter in de Hellup en er zijn regelmatig specials te zien rondom grote sporttoernooien.","formattedEpisodeNumbering":null,"formattedDate":"Za 8 dec. 2007","formattedDateShort":"Dec. 2007","formattedTime":"17:20","formattedDuration":"25m","formattedAvailabilityWindow":null,"formattedAvailabilityWindowShort":null,"image":{"portraitUrl":null,"landscapeUrl":"https:\/\/images.nlziet.nl\/metadataimportimages\/source\/76A5BAF5BB8570AD4AFD5C0D9D931F94506306A13562C7A61D53B0513AF683DE.jpg"},"logo":{"normalUrl":"https:\/\/cdn.nlziet.nl\/static\/assets\/contentproviders\/npo.png","darkUrl":"https:\/\/cdn.nlziet.nl\/static\/assets\/contentproviders\/dark\/npo.png","flatUrl":"https:\/\/cdn.nlziet.nl\/static\/assets\/contentproviders\/flat\/npo.png"},"tags":[],"seriesId":"7QrOqPrilEGeM3pgWB1w1A"},{"id":"4DdkSPQiPEGiPZXaWEGwUw","type":"Vod","title":"Zappsport","subtitle":"Z@ppSport","description":"TROS - Kindersportprogramma waarin alle takken van sport voorbijkomen. In het onderdeel The Battle strijden de jongens tegen de meiden in een bepaalde sport. Ron staat in dit onderdeel tegenover de bloedfanatieke 'teamcaptain' Britt Dekker. Kinderen met een sportprobleem krijgen hulp van een beroemde topsporter in de Hellup en er zijn regelmatig specials te zien rondom grote sporttoernooien.","formattedEpisodeNumbering":null,"formattedDate":"Za 1 dec. 2007","formattedDateShort":"Dec. 2007","formattedTime":"17:10","formattedDuration":"28m","formattedAvailabilityWindow":null,"formattedAvailabilityWindowShort":null,"image":{"portraitUrl":null,"landscapeUrl":"https:\/\/images.nlziet.nl\/metadataimportimages\/source\/76A5BAF5BB8570AD4AFD5C0D9D931F94506306A13562C7A61D53B0513AF683DE.jpg"},"logo":{"normalUrl":"https:\/\/cdn.nlziet.nl\/static\/assets\/contentproviders\/npo.png","darkUrl":"https:\/\/cdn.nlziet.nl\/static\/assets\/contentproviders\/dark\/npo.png","flatUrl":"https:\/\/cdn.nlziet.nl\/static\/assets\/contentproviders\/flat\/npo.png"},"tags":[],"seriesId":"7QrOqPrilEGeM3pgWB1w1A"},{"id":"9l-ZrnqyHEmBThbAV9xZcg","type":"Vod","title":"Zappsport","subtitle":"Z@ppSport","description":"TROS - Kindersportprogramma waarin alle takken van sport voorbijkomen. In het onderdeel The Battle strijden de jongens tegen de meiden in een bepaalde sport. Ron staat in dit onderdeel tegenover de bloedfanatieke 'teamcaptain' Britt Dekker. Kinderen met een sportprobleem krijgen hulp van een beroemde topsporter in de Hellup en er zijn regelmatig specials te zien rondom grote sporttoernooien.","formattedEpisodeNumbering":null,"formattedDate":"Za 24 nov. 2007","formattedDateShort":"Nov. 2007","formattedTime":"17:10","formattedDuration":"25m","formattedAvailabilityWindow":null,"formattedAvailabilityWindowShort":null,"image":{"portraitUrl":null,"landscapeUrl":"https:\/\/images.nlziet.nl\/metadataimportimages\/source\/76A5BAF5BB8570AD4AFD5C0D9D931F94506306A13562C7A61D53B0513AF683DE.jpg"},"logo":{"normalUrl":"https:\/\/cdn.nlziet.nl\/static\/assets\/contentproviders\/npo.png","darkUrl":"https:\/\/cdn.nlziet.nl\/static\/assets\/contentproviders\/dark\/npo.png","flatUrl":"https:\/\/cdn.nlziet.nl\/static\/assets\/contentproviders\/flat\/npo.png"},"tags":[],"seriesId":"7QrOqPrilEGeM3pgWB1w1A"},{"id":"tAKh4HCYgkWdldHsC_K2VQ","type":"Vod","title":"Zappsport","subtitle":"Z@ppSport","description":"TROS - Kindersportprogramma waarin alle takken van sport voorbijkomen. In het onderdeel The Battle strijden de jongens tegen de meiden in een bepaalde sport. Ron staat in dit onderdeel tegenover de bloedfanatieke 'teamcaptain' Britt Dekker. Kinderen met een sportprobleem krijgen hulp van een beroemde topsporter in de Hellup en er zijn regelmatig specials te zien rondom grote sporttoernooien.","formattedEpisodeNumbering":null,"formattedDate":"Za 17 nov. 2007","formattedDateShort":"Nov. 2007","formattedTime":"17:10","formattedDuration":"25m","formattedAvailabilityWindow":null,"formattedAvailabilityWindowShort":null,"image":{"portraitUrl":null,"landscapeUrl":"https:\/\/images.nlziet.nl\/metadataimportimages\/source\/76A5BAF5BB8570AD4AFD5C0D9D931F94506306A13562C7A61D53B0513AF683DE.jpg"},"logo":{"normalUrl":"https:\/\/cdn.nlziet.nl\/static\/assets\/contentproviders\/npo.png","darkUrl":"https:\/\/cdn.nlziet.nl\/static\/assets\/contentproviders\/dark\/npo.png","flatUrl":"https:\/\/cdn.nlziet.nl\/static\/assets\/contentproviders\/flat\/npo.png"},"tags":[],"seriesId":"7QrOqPrilEGeM3pgWB1w1A"},{"id":"2Q3I85wvpEerKHCPGCsflA","type":"Vod","title":"Zappsport","subtitle":"Z@ppSport","description":"TROS - Ron Boszhard is te gast bij turners van sportvereniging Spirit uit Driebergen. Verder in deze uitzending: -Repo. Z@ppSport staat langs de lijn bij de finale van de Moves and Skills Nationale Techniek Kampioenschappen. Jong voetbaltalent laat zien hoe goed ze zijn in hun techniek en oefenvormen. Er staat heel wat op het spel: de beste deelnemers mogen twee dagen bij Manchester United meetrainen met hun leeftijdgenoten! -Een-(t)weetje. Heeft hij wel eens in eigen doel geschoten? En waarom speelt hij niet meer voor het Nederlandse elftal? Ron stelt deze en andere vragen aan PSV-er Jan Kromkamp in een supersnel interview! -Kwizzz. Dit keer kun je een wel heel coole prijs in onze kwizzz winnen: het voetbalshirt van Jan Kromkamp met zijn handtekening! -Zeilkamp Friesland. Een reallife soap waarin acht helden op kamp gaan in Friesland. In deze laatste aflevering zorgen de jongens voor een knallend afscheid! -Move. Een voetbalmove van Menno: De Dubbele Schaar!","formattedEpisodeNumbering":null,"formattedDate":"Za 10 nov. 2007","formattedDateShort":"Nov. 2007","formattedTime":"17:20","formattedDuration":"30m","formattedAvailabilityWindow":null,"formattedAvailabilityWindowShort":null,"image":{"portraitUrl":null,"landscapeUrl":"https:\/\/images.nlziet.nl\/metadataimportimages\/source\/76A5BAF5BB8570AD4AFD5C0D9D931F94506306A13562C7A61D53B0513AF683DE.jpg"},"logo":{"normalUrl":"https:\/\/cdn.nlziet.nl\/static\/assets\/contentproviders\/npo.png","darkUrl":"https:\/\/cdn.nlziet.nl\/static\/assets\/contentproviders\/dark\/npo.png","flatUrl":"https:\/\/cdn.nlziet.nl\/static\/assets\/contentproviders\/flat\/npo.png"},"tags":[],"seriesId":"7QrOqPrilEGeM3pgWB1w1A"},{"id":"WBi4KCv7fUaJNIGd5ccEdw","type":"Vod","title":"Zappsport","subtitle":"Z@ppSport","description":"TROS - Kindersportprogramma waarin alle takken van sport voorbijkomen. In het onderdeel The Battle strijden de jongens tegen de meiden in een bepaalde sport. Ron staat in dit onderdeel tegenover de bloedfanatieke 'teamcaptain' Britt Dekker. Kinderen met een sportprobleem krijgen hulp van een beroemde topsporter in de Hellup en er zijn regelmatig specials te zien rondom grote sporttoernooien.","formattedEpisodeNumbering":null,"formattedDate":"Za 3 nov. 2007","formattedDateShort":"Nov. 2007","formattedTime":"17:15","formattedDuration":"30m","formattedAvailabilityWindow":null,"formattedAvailabilityWindowShort":null,"image":{"portraitUrl":null,"landscapeUrl":"https:\/\/images.nlziet.nl\/metadataimportimages\/source\/76A5BAF5BB8570AD4AFD5C0D9D931F94506306A13562C7A61D53B0513AF683DE.jpg"},"logo":{"normalUrl":"https:\/\/cdn.nlziet.nl\/static\/assets\/contentproviders\/npo.png","darkUrl":"https:\/\/cdn.nlziet.nl\/static\/assets\/contentproviders\/dark\/npo.png","flatUrl":"https:\/\/cdn.nlziet.nl\/static\/assets\/contentproviders\/flat\/npo.png"},"tags":[],"seriesId":"7QrOqPrilEGeM3pgWB1w1A"},{"id":"ReDOLwO4PEqOyPX7ZAsyjg","type":"Vod","title":"Zappsport","subtitle":"Z@ppSport","description":"TROS - Ron Boszhard is op bezoek bij basketbalvereniging Das uit Delft. Verder in het enige echte sportmagazine voor de jeugd: -Een-(t)Weetje. Dit keer stelt Ron de vragen waar het om draait aan wielrenster Mirjam Melchers. Ze won twee keer de Ronde van Vlaanderen en heeft diverse Nederlandse titels op haar naam staan. Even zag het ernaar uit dat ze misschien niet meer kon fietsen, maar ze vecht zich terug naar de top! Maar hoe slaat ze zich door dit interview heen? -Repo. Een blik achter de schermen bij de Internationale Rolschaats Manifestatie. Daar treden de beste rolschaatsers uit Denemarken, Belgi\u00eb, Itali\u00eb, Duitsland en Nederland op. De twaalfjarige Deane van EWK De Molenstad uit Winschoten showt ook haar kunsten voor de internationale jury \u00e9n voor Z@ppsport. -Zeilkamp Friesland. Een reallife soap waarin acht helden op kamp gaan in Friesland. Vandaag maken de kids een tocht naar Koudum. De meiden zijn in het geheim druk met een verrassing voor de jongens. Nou ja, verrassing.... -Move. Een voetbal-move van Brahim: de opwipper.","formattedEpisodeNumbering":null,"formattedDate":"Za 27 okt. 2007","formattedDateShort":"Okt. 2007","formattedTime":"17:15","formattedDuration":"28m","formattedAvailabilityWindow":null,"formattedAvailabilityWindowShort":null,"image":{"portraitUrl":null,"landscapeUrl":"https:\/\/images.nlziet.nl\/metadataimportimages\/source\/76A5BAF5BB8570AD4AFD5C0D9D931F94506306A13562C7A61D53B0513AF683DE.jpg"},"logo":{"normalUrl":"https:\/\/cdn.nlziet.nl\/static\/assets\/contentproviders\/npo.png","darkUrl":"https:\/\/cdn.nlziet.nl\/static\/assets\/contentproviders\/dark\/npo.png","flatUrl":"https:\/\/cdn.nlziet.nl\/static\/assets\/contentproviders\/flat\/npo.png"},"tags":[],"seriesId":"7QrOqPrilEGeM3pgWB1w1A"},{"id":"9q8wtOI5WEWiZ6m56DVY6A","type":"Vod","title":"Zappsport","subtitle":"Z@ppSport","description":"TROS - Kindersportprogramma waarin alle takken van sport voorbijkomen. In het onderdeel The Battle strijden de jongens tegen de meiden in een bepaalde sport. Ron staat in dit onderdeel tegenover de bloedfanatieke 'teamcaptain' Britt Dekker. Kinderen met een sportprobleem krijgen hulp van een beroemde topsporter in de Hellup en er zijn regelmatig specials te zien rondom grote sporttoernooien.","formattedEpisodeNumbering":null,"formattedDate":"Za 20 okt. 2007","formattedDateShort":"Okt. 2007","formattedTime":"17:15","formattedDuration":"30m","formattedAvailabilityWindow":null,"formattedAvailabilityWindowShort":null,"image":{"portraitUrl":null,"landscapeUrl":"https:\/\/images.nlziet.nl\/metadataimportimages\/source\/76A5BAF5BB8570AD4AFD5C0D9D931F94506306A13562C7A61D53B0513AF683DE.jpg"},"logo":{"normalUrl":"https:\/\/cdn.nlziet.nl\/static\/assets\/contentproviders\/npo.png","darkUrl":"https:\/\/cdn.nlziet.nl\/static\/assets\/contentproviders\/dark\/npo.png","flatUrl":"https:\/\/cdn.nlziet.nl\/static\/assets\/contentproviders\/flat\/npo.png"},"tags":[],"seriesId":"7QrOqPrilEGeM3pgWB1w1A"},{"id":"xDdGoV2FZ0Gys130O6C8-A","type":"Vod","title":"Zappsport","subtitle":"Z@ppSport","description":"TROS - Hoogtepunten.","formattedEpisodeNumbering":null,"formattedDate":"Za 13 okt. 2007","formattedDateShort":"Okt. 2007","formattedTime":"17:15","formattedDuration":"30m","formattedAvailabilityWindow":null,"formattedAvailabilityWindowShort":null,"image":{"portraitUrl":null,"landscapeUrl":"https:\/\/images.nlziet.nl\/metadataimportimages\/source\/76A5BAF5BB8570AD4AFD5C0D9D931F94506306A13562C7A61D53B0513AF683DE.jpg"},"logo":{"normalUrl":"https:\/\/cdn.nlziet.nl\/static\/assets\/contentproviders\/npo.png","darkUrl":"https:\/\/cdn.nlziet.nl\/static\/assets\/contentproviders\/dark\/npo.png","flatUrl":"https:\/\/cdn.nlziet.nl\/static\/assets\/contentproviders\/flat\/npo.png"},"tags":[],"seriesId":"7QrOqPrilEGeM3pgWB1w1A"},{"id":"A2MO43yfC0KgLV9JsA03oA","type":"Vod","title":"Zappsport","subtitle":"Compilatie.","description":"TROS - Afl.: Compilatie.","formattedEpisodeNumbering":null,"formattedDate":"Za 6 okt. 2007","formattedDateShort":"Okt. 2007","formattedTime":"17:15","formattedDuration":"30m","formattedAvailabilityWindow":null,"formattedAvailabilityWindowShort":null,"image":{"portraitUrl":null,"landscapeUrl":"https:\/\/images.nlziet.nl\/metadataimportimages\/source\/76A5BAF5BB8570AD4AFD5C0D9D931F94506306A13562C7A61D53B0513AF683DE.jpg"},"logo":{"normalUrl":"https:\/\/cdn.nlziet.nl\/static\/assets\/contentproviders\/npo.png","darkUrl":"https:\/\/cdn.nlziet.nl\/static\/assets\/contentproviders\/dark\/npo.png","flatUrl":"https:\/\/cdn.nlziet.nl\/static\/assets\/contentproviders\/flat\/npo.png"},"tags":[],"seriesId":"7QrOqPrilEGeM3pgWB1w1A"},{"id":"DvHXk2_cW0yIzSUfd98r3A","type":"Vod","title":"Zappsport","subtitle":"Compilatie.","description":"TROS - Afl.: Compilatie.","formattedEpisodeNumbering":null,"formattedDate":"Za 29 sep. 2007","formattedDateShort":"Sep. 2007","formattedTime":"17:15","formattedDuration":"30m","formattedAvailabilityWindow":null,"formattedAvailabilityWindowShort":null,"image":{"portraitUrl":null,"landscapeUrl":"https:\/\/images.nlziet.nl\/metadataimportimages\/source\/76A5BAF5BB8570AD4AFD5C0D9D931F94506306A13562C7A61D53B0513AF683DE.jpg"},"logo":{"normalUrl":"https:\/\/cdn.nlziet.nl\/static\/assets\/contentproviders\/npo.png","darkUrl":"https:\/\/cdn.nlziet.nl\/static\/assets\/contentproviders\/dark\/npo.png","flatUrl":"https:\/\/cdn.nlziet.nl\/static\/assets\/contentproviders\/flat\/npo.png"},"tags":[],"seriesId":"7QrOqPrilEGeM3pgWB1w1A"},{"id":"KWYW-Elcn06oequHeeH6zA","type":"Vod","title":"Zappsport","subtitle":"Compilatie.","description":"TROS - Kindersportprogramma waarin alle takken van sport voorbijkomen. In het onderdeel The Battle strijden de jongens tegen de meiden in een bepaalde sport. Ron staat in dit onderdeel tegenover de bloedfanatieke 'teamcaptain' Britt Dekker. Kinderen met een sportprobleem krijgen hulp van een beroemde topsporter in de Hellup en er zijn regelmatig specials te zien rondom grote sporttoernooien.","formattedEpisodeNumbering":null,"formattedDate":"Za 30 jun. 2007","formattedDateShort":"Jun. 2007","formattedTime":"17:20","formattedDuration":"25m","formattedAvailabilityWindow":null,"formattedAvailabilityWindowShort":null,"image":{"portraitUrl":null,"landscapeUrl":"https:\/\/images.nlziet.nl\/metadataimportimages\/source\/76A5BAF5BB8570AD4AFD5C0D9D931F94506306A13562C7A61D53B0513AF683DE.jpg"},"logo":{"normalUrl":"https:\/\/cdn.nlziet.nl\/static\/assets\/contentproviders\/npo.png","darkUrl":"https:\/\/cdn.nlziet.nl\/static\/assets\/contentproviders\/dark\/npo.png","flatUrl":"https:\/\/cdn.nlziet.nl\/static\/assets\/contentproviders\/flat\/npo.png"},"tags":[],"seriesId":"7QrOqPrilEGeM3pgWB1w1A"},{"id":"5zRWZHy-LUGIDTBbLePr4A","type":"Vod","title":"Zappsport","subtitle":"Compilatie.","description":"TROS - Afl.: Compilatie.","formattedEpisodeNumbering":null,"formattedDate":"Za 23 jun. 2007","formattedDateShort":"Jun. 2007","formattedTime":"17:15","formattedDuration":"30m","formattedAvailabilityWindow":null,"formattedAvailabilityWindowShort":null,"image":{"portraitUrl":null,"landscapeUrl":"https:\/\/images.nlziet.nl\/metadataimportimages\/source\/76A5BAF5BB8570AD4AFD5C0D9D931F94506306A13562C7A61D53B0513AF683DE.jpg"},"logo":{"normalUrl":"https:\/\/cdn.nlziet.nl\/static\/assets\/contentproviders\/npo.png","darkUrl":"https:\/\/cdn.nlziet.nl\/static\/assets\/contentproviders\/dark\/npo.png","flatUrl":"https:\/\/cdn.nlziet.nl\/static\/assets\/contentproviders\/flat\/npo.png"},"tags":[],"seriesId":"7QrOqPrilEGeM3pgWB1w1A"},{"id":"lUZEMkO0f0yBG-f_dualzA","type":"Vod","title":"Zappsport","subtitle":"Compilatie.","description":"TROS - Afl.: Compilatie.","formattedEpisodeNumbering":null,"formattedDate":"Za 16 jun. 2007","formattedDateShort":"Jun. 2007","formattedTime":"17:20","formattedDuration":"25m","formattedAvailabilityWindow":null,"formattedAvailabilityWindowShort":null,"image":{"portraitUrl":null,"landscapeUrl":"https:\/\/images.nlziet.nl\/metadataimportimages\/source\/76A5BAF5BB8570AD4AFD5C0D9D931F94506306A13562C7A61D53B0513AF683DE.jpg"},"logo":{"normalUrl":"https:\/\/cdn.nlziet.nl\/static\/assets\/contentproviders\/npo.png","darkUrl":"https:\/\/cdn.nlziet.nl\/static\/assets\/contentproviders\/dark\/npo.png","flatUrl":"https:\/\/cdn.nlziet.nl\/static\/assets\/contentproviders\/flat\/npo.png"},"tags":[],"seriesId":"7QrOqPrilEGeM3pgWB1w1A"},{"id":"zSZK7rD8zkGFdv3ZTo7isA","type":"Vod","title":"Zappsport","subtitle":"Compilatie.","description":"TROS - Afl.: Compilatie.","formattedEpisodeNumbering":null,"formattedDate":"Za 9 jun. 2007","formattedDateShort":"Jun. 2007","formattedTime":"17:15","formattedDuration":"28m","formattedAvailabilityWindow":null,"formattedAvailabilityWindowShort":null,"image":{"portraitUrl":null,"landscapeUrl":"https:\/\/images.nlziet.nl\/metadataimportimages\/source\/76A5BAF5BB8570AD4AFD5C0D9D931F94506306A13562C7A61D53B0513AF683DE.jpg"},"logo":{"normalUrl":"https:\/\/cdn.nlziet.nl\/static\/assets\/contentproviders\/npo.png","darkUrl":"https:\/\/cdn.nlziet.nl\/static\/assets\/contentproviders\/dark\/npo.png","flatUrl":"https:\/\/cdn.nlziet.nl\/static\/assets\/contentproviders\/flat\/npo.png"},"tags":[],"seriesId":"7QrOqPrilEGeM3pgWB1w1A"},{"id":"GSok_A0AA02AteKc1J-7EA","type":"Vod","title":"Zappsport","subtitle":"Compilatie.","description":"TROS - Afl.: Compilatie.","formattedEpisodeNumbering":null,"formattedDate":"Za 2 jun. 2007","formattedDateShort":"Jun. 2007","formattedTime":"17:15","formattedDuration":"28m","formattedAvailabilityWindow":null,"formattedAvailabilityWindowShort":null,"image":{"portraitUrl":null,"landscapeUrl":"https:\/\/images.nlziet.nl\/metadataimportimages\/source\/76A5BAF5BB8570AD4AFD5C0D9D931F94506306A13562C7A61D53B0513AF683DE.jpg"},"logo":{"normalUrl":"https:\/\/cdn.nlziet.nl\/static\/assets\/contentproviders\/npo.png","darkUrl":"https:\/\/cdn.nlziet.nl\/static\/assets\/contentproviders\/dark\/npo.png","flatUrl":"https:\/\/cdn.nlziet.nl\/static\/assets\/contentproviders\/flat\/npo.png"},"tags":[],"seriesId":"7QrOqPrilEGeM3pgWB1w1A"},{"id":"Nuwn7A_GM02kUOldH-QIjg","type":"Vod","title":"Zappsport","subtitle":"Compilatie.","description":"TROS - Afl.: Compilatie.","formattedEpisodeNumbering":null,"formattedDate":"Za 26 mei. 2007","formattedDateShort":"Mei. 2007","formattedTime":"17:20","formattedDuration":"25m","formattedAvailabilityWindow":null,"formattedAvailabilityWindowShort":null,"image":{"portraitUrl":null,"landscapeUrl":"https:\/\/images.nlziet.nl\/metadataimportimages\/source\/76A5BAF5BB8570AD4AFD5C0D9D931F94506306A13562C7A61D53B0513AF683DE.jpg"},"logo":{"normalUrl":"https:\/\/cdn.nlziet.nl\/static\/assets\/contentproviders\/npo.png","darkUrl":"https:\/\/cdn.nlziet.nl\/static\/assets\/contentproviders\/dark\/npo.png","flatUrl":"https:\/\/cdn.nlziet.nl\/static\/assets\/contentproviders\/flat\/npo.png"},"tags":[],"seriesId":"7QrOqPrilEGeM3pgWB1w1A"},{"id":"p-Uz5aqwnE6pBSwPj8yhfg","type":"Vod","title":"Zappsport","subtitle":"Compilatie.","description":"TROS - Afl.: Compilatie.","formattedEpisodeNumbering":null,"formattedDate":"Za 19 mei. 2007","formattedDateShort":"Mei. 2007","formattedTime":"17:20","formattedDuration":"25m","formattedAvailabilityWindow":null,"formattedAvailabilityWindowShort":null,"image":{"portraitUrl":null,"landscapeUrl":"https:\/\/images.nlziet.nl\/metadataimportimages\/source\/76A5BAF5BB8570AD4AFD5C0D9D931F94506306A13562C7A61D53B0513AF683DE.jpg"},"logo":{"normalUrl":"https:\/\/cdn.nlziet.nl\/static\/assets\/contentproviders\/npo.png","darkUrl":"https:\/\/cdn.nlziet.nl\/static\/assets\/contentproviders\/dark\/npo.png","flatUrl":"https:\/\/cdn.nlziet.nl\/static\/assets\/contentproviders\/flat\/npo.png"},"tags":[],"seriesId":"7QrOqPrilEGeM3pgWB1w1A"},{"id":"RdJia7R-TEOy1K2blIoAXA","type":"Vod","title":"Zappsport","subtitle":"Compilatie.","description":"TROS - Hoogtepunten. Presentatie: Ron Boszhard.","formattedEpisodeNumbering":null,"formattedDate":"Za 12 mei. 2007","formattedDateShort":"Mei. 2007","formattedTime":"17:15","formattedDuration":"30m","formattedAvailabilityWindow":null,"formattedAvailabilityWindowShort":null,"image":{"portraitUrl":null,"landscapeUrl":"https:\/\/images.nlziet.nl\/metadataimportimages\/source\/76A5BAF5BB8570AD4AFD5C0D9D931F94506306A13562C7A61D53B0513AF683DE.jpg"},"logo":{"normalUrl":"https:\/\/cdn.nlziet.nl\/static\/assets\/contentproviders\/npo.png","darkUrl":"https:\/\/cdn.nlziet.nl\/static\/assets\/contentproviders\/dark\/npo.png","flatUrl":"https:\/\/cdn.nlziet.nl\/static\/assets\/contentproviders\/flat\/npo.png"},"tags":[],"seriesId":"7QrOqPrilEGeM3pgWB1w1A"},{"id":"HS5yoRhApkeqQ9rEUtU5CA","type":"Vod","title":"Zappsport","subtitle":"Compilatie.","description":"TROS - Afl.: Compilatie.","formattedEpisodeNumbering":null,"formattedDate":"Za 5 mei. 2007","formattedDateShort":"Mei. 2007","formattedTime":"17:20","formattedDuration":"25m","formattedAvailabilityWindow":null,"formattedAvailabilityWindowShort":null,"image":{"portraitUrl":null,"landscapeUrl":"https:\/\/images.nlziet.nl\/metadataimportimages\/source\/76A5BAF5BB8570AD4AFD5C0D9D931F94506306A13562C7A61D53B0513AF683DE.jpg"},"logo":{"normalUrl":"https:\/\/cdn.nlziet.nl\/static\/assets\/contentproviders\/npo.png","darkUrl":"https:\/\/cdn.nlziet.nl\/static\/assets\/contentproviders\/dark\/npo.png","flatUrl":"https:\/\/cdn.nlziet.nl\/static\/assets\/contentproviders\/flat\/npo.png"},"tags":[],"seriesId":"7QrOqPrilEGeM3pgWB1w1A"},{"id":"pdrMyn9CxUGMed3-8J1Zpg","type":"Vod","title":"Zappsport","subtitle":"Compilatie.","description":"TROS - Afl.: Compilatie.","formattedEpisodeNumbering":null,"formattedDate":"Za 21 apr. 2007","formattedDateShort":"Apr. 2007","formattedTime":"17:20","formattedDuration":"25m","formattedAvailabilityWindow":null,"formattedAvailabilityWindowShort":null,"image":{"portraitUrl":null,"landscapeUrl":"https:\/\/images.nlziet.nl\/metadataimportimages\/source\/76A5BAF5BB8570AD4AFD5C0D9D931F94506306A13562C7A61D53B0513AF683DE.jpg"},"logo":{"normalUrl":"https:\/\/cdn.nlziet.nl\/static\/assets\/contentproviders\/npo.png","darkUrl":"https:\/\/cdn.nlziet.nl\/static\/assets\/contentproviders\/dark\/npo.png","flatUrl":"https:\/\/cdn.nlziet.nl\/static\/assets\/contentproviders\/flat\/npo.png"},"tags":[],"seriesId":"7QrOqPrilEGeM3pgWB1w1A"},{"id":"0kboGsQ68UioEX1VSOsahQ","type":"Vod","title":"Zappsport","subtitle":"Compilatie (13).","description":"TROS - Afl.: Compilatie (13).","formattedEpisodeNumbering":null,"formattedDate":"Za 14 apr. 2007","formattedDateShort":"Apr. 2007","formattedTime":"17:15","formattedDuration":"30m","formattedAvailabilityWindow":null,"formattedAvailabilityWindowShort":null,"image":{"portraitUrl":null,"landscapeUrl":"https:\/\/images.nlziet.nl\/metadataimportimages\/source\/76A5BAF5BB8570AD4AFD5C0D9D931F94506306A13562C7A61D53B0513AF683DE.jpg"},"logo":{"normalUrl":"https:\/\/cdn.nlziet.nl\/static\/assets\/contentproviders\/npo.png","darkUrl":"https:\/\/cdn.nlziet.nl\/static\/assets\/contentproviders\/dark\/npo.png","flatUrl":"https:\/\/cdn.nlziet.nl\/static\/assets\/contentproviders\/flat\/npo.png"},"tags":[],"seriesId":"7QrOqPrilEGeM3pgWB1w1A"},{"id":"WWCg2ug8lUCx9q1olbkKfw","type":"Vod","title":"Zappsport","subtitle":"Z@ppSport","description":"TROS - Voormalig top-tennisser Richard Krajicek. -Zijn jongens beter in rope skipping dan meisjes? Onder aanvoering van Ron Boszhard en Angela Esajas krijgen twee teams van drie coole boys en drie sportieve girls een training. Wie het beste is in touwtje springen wordt bepaald tijdens een spannende wedstrijd. -Repo: Nederlands Jeugdkampioenschap Alpineski\u00ebn. Bij het NJK Alpineski\u00ebn komt er geen sneeuw aan te pas! Er wordt geskied over een baan van kunststof die met water is besprenkeld. Dat is superglad! We volgen de tienjarige Bente van Heteren. Bij allerlei wedstrijden haalde ze al de eerste plaats, maar schrijft ze ook dit kampioenschap op haar naam? -1-(t)weetje. Voormalig top-tennisser Richard Krajicek is nu de baas van het ABN AMRO toernooi. Ron slaat een aantal pittige vragen om z'n oren. -Move. Probeer 't zelf maar eens: de Roundabout, een voetbalmove van Brahim!","formattedEpisodeNumbering":null,"formattedDate":"Za 7 apr. 2007","formattedDateShort":"Apr. 2007","formattedTime":"17:15","formattedDuration":"28m","formattedAvailabilityWindow":null,"formattedAvailabilityWindowShort":null,"image":{"portraitUrl":null,"landscapeUrl":"https:\/\/images.nlziet.nl\/metadataimportimages\/source\/76A5BAF5BB8570AD4AFD5C0D9D931F94506306A13562C7A61D53B0513AF683DE.jpg"},"logo":{"normalUrl":"https:\/\/cdn.nlziet.nl\/static\/assets\/contentproviders\/npo.png","darkUrl":"https:\/\/cdn.nlziet.nl\/static\/assets\/contentproviders\/dark\/npo.png","flatUrl":"https:\/\/cdn.nlziet.nl\/static\/assets\/contentproviders\/flat\/npo.png"},"tags":[],"seriesId":"7QrOqPrilEGeM3pgWB1w1A"},{"id":"qGIgv8mY2kSVd0lbT0r7Ng","type":"Vod","title":"Zappsport","subtitle":"Compilatie.","description":"TROS - Afl.: Compilatie.","formattedEpisodeNumbering":null,"formattedDate":"Za 31 mrt. 2007","formattedDateShort":"Mrt. 2007","formattedTime":"17:15","formattedDuration":"28m","formattedAvailabilityWindow":null,"formattedAvailabilityWindowShort":null,"image":{"portraitUrl":null,"landscapeUrl":"https:\/\/images.nlziet.nl\/metadataimportimages\/source\/76A5BAF5BB8570AD4AFD5C0D9D931F94506306A13562C7A61D53B0513AF683DE.jpg"},"logo":{"normalUrl":"https:\/\/cdn.nlziet.nl\/static\/assets\/contentproviders\/npo.png","darkUrl":"https:\/\/cdn.nlziet.nl\/static\/assets\/contentproviders\/dark\/npo.png","flatUrl":"https:\/\/cdn.nlziet.nl\/static\/assets\/contentproviders\/flat\/npo.png"},"tags":[],"seriesId":"7QrOqPrilEGeM3pgWB1w1A"},{"id":"fw7OV0RkL0aEPgejrj5Kyg","type":"Vod","title":"Zappsport","subtitle":"Compilatie (10).","description":"TROS - Afl.: Compilatie (10).","formattedEpisodeNumbering":null,"formattedDate":"Za 24 mrt. 2007","formattedDateShort":"Mrt. 2007","formattedTime":"17:17","formattedDuration":"26m","formattedAvailabilityWindow":null,"formattedAvailabilityWindowShort":null,"image":{"portraitUrl":null,"landscapeUrl":"https:\/\/images.nlziet.nl\/metadataimportimages\/source\/76A5BAF5BB8570AD4AFD5C0D9D931F94506306A13562C7A61D53B0513AF683DE.jpg"},"logo":{"normalUrl":"https:\/\/cdn.nlziet.nl\/static\/assets\/contentproviders\/npo.png","darkUrl":"https:\/\/cdn.nlziet.nl\/static\/assets\/contentproviders\/dark\/npo.png","flatUrl":"https:\/\/cdn.nlziet.nl\/static\/assets\/contentproviders\/flat\/npo.png"},"tags":[],"seriesId":"7QrOqPrilEGeM3pgWB1w1A"},{"id":"YyOZjkHGT0aQsRv4Y27gMg","type":"Vod","title":"Zappsport","subtitle":"Compilatie (9).","description":"TROS - Afl.: Compilatie (9).","formattedEpisodeNumbering":null,"formattedDate":"Za 17 mrt. 2007","formattedDateShort":"Mrt. 2007","formattedTime":"17:18","formattedDuration":"27m","formattedAvailabilityWindow":null,"formattedAvailabilityWindowShort":null,"image":{"portraitUrl":null,"landscapeUrl":"https:\/\/images.nlziet.nl\/metadataimportimages\/source\/76A5BAF5BB8570AD4AFD5C0D9D931F94506306A13562C7A61D53B0513AF683DE.jpg"},"logo":{"normalUrl":"https:\/\/cdn.nlziet.nl\/static\/assets\/contentproviders\/npo.png","darkUrl":"https:\/\/cdn.nlziet.nl\/static\/assets\/contentproviders\/dark\/npo.png","flatUrl":"https:\/\/cdn.nlziet.nl\/static\/assets\/contentproviders\/flat\/npo.png"},"tags":[],"seriesId":"7QrOqPrilEGeM3pgWB1w1A"},{"id":"QTpTeDhPxkSiNt4N1bNb3A","type":"Vod","title":"Zappsport","subtitle":"Compilatie (8).","description":"TROS - Afl.: Compilatie (8).","formattedEpisodeNumbering":null,"formattedDate":"Za 10 mrt. 2007","formattedDateShort":"Mrt. 2007","formattedTime":"17:15","formattedDuration":"30m","formattedAvailabilityWindow":null,"formattedAvailabilityWindowShort":null,"image":{"portraitUrl":null,"landscapeUrl":"https:\/\/images.nlziet.nl\/metadataimportimages\/source\/76A5BAF5BB8570AD4AFD5C0D9D931F94506306A13562C7A61D53B0513AF683DE.jpg"},"logo":{"normalUrl":"https:\/\/cdn.nlziet.nl\/static\/assets\/contentproviders\/npo.png","darkUrl":"https:\/\/cdn.nlziet.nl\/static\/assets\/contentproviders\/dark\/npo.png","flatUrl":"https:\/\/cdn.nlziet.nl\/static\/assets\/contentproviders\/flat\/npo.png"},"tags":[],"seriesId":"7QrOqPrilEGeM3pgWB1w1A"},{"id":"57cKLxDLBkuCCo_35zFo0w","type":"Vod","title":"Zappsport","subtitle":"Compilatie.","description":"TROS - Afl.: Compilatie.","formattedEpisodeNumbering":null,"formattedDate":"Za 3 mrt. 2007","formattedDateShort":"Mrt. 2007","formattedTime":"17:18","formattedDuration":"27m","formattedAvailabilityWindow":null,"formattedAvailabilityWindowShort":null,"image":{"portraitUrl":null,"landscapeUrl":"https:\/\/images.nlziet.nl\/metadataimportimages\/source\/76A5BAF5BB8570AD4AFD5C0D9D931F94506306A13562C7A61D53B0513AF683DE.jpg"},"logo":{"normalUrl":"https:\/\/cdn.nlziet.nl\/static\/assets\/contentproviders\/npo.png","darkUrl":"https:\/\/cdn.nlziet.nl\/static\/assets\/contentproviders\/dark\/npo.png","flatUrl":"https:\/\/cdn.nlziet.nl\/static\/assets\/contentproviders\/flat\/npo.png"},"tags":[],"seriesId":"7QrOqPrilEGeM3pgWB1w1A"},{"id":"u_5q2eUVrECfddyTobqSzw","type":"Vod","title":"Zappsport","subtitle":"Z@ppSport","description":"TROS - Kindersportprogramma waarin alle takken van sport voorbijkomen. In het onderdeel The Battle strijden de jongens tegen de meiden in een bepaalde sport. Ron staat in dit onderdeel tegenover de bloedfanatieke 'teamcaptain' Britt Dekker. Kinderen met een sportprobleem krijgen hulp van een beroemde topsporter in de Hellup en er zijn regelmatig specials te zien rondom grote sporttoernooien.","formattedEpisodeNumbering":null,"formattedDate":"Za 24 feb. 2007","formattedDateShort":"Feb. 2007","formattedTime":"17:15","formattedDuration":"25m","formattedAvailabilityWindow":null,"formattedAvailabilityWindowShort":null,"image":{"portraitUrl":null,"landscapeUrl":"https:\/\/images.nlziet.nl\/metadataimportimages\/source\/76A5BAF5BB8570AD4AFD5C0D9D931F94506306A13562C7A61D53B0513AF683DE.jpg"},"logo":{"normalUrl":"https:\/\/cdn.nlziet.nl\/static\/assets\/contentproviders\/npo.png","darkUrl":"https:\/\/cdn.nlziet.nl\/static\/assets\/contentproviders\/dark\/npo.png","flatUrl":"https:\/\/cdn.nlziet.nl\/static\/assets\/contentproviders\/flat\/npo.png"},"tags":[],"seriesId":"7QrOqPrilEGeM3pgWB1w1A"},{"id":"3J4_Mco0Rk28IIQgzb633A","type":"Vod","title":"Zappsport","subtitle":"Z@ppSport","description":"TROS - Ron Boszhard presenteert het programma samen met een aantal Kung Fu-fighters van Allied Chinese Martial Art School uit Leiden. En dit zit erin: -1-(T)Weetje. Heeft hij weleens iets gestolen? Waarom trilt hij zo als hij in de ringen hangt? De vragen van Ron zijn niet mis, de antwoorden van topturner Yuri van Gelder al helemaal niet! -Battle: Sschaatsen. Kunnen jongens beter schaatsen dan meiden? Onder aanvoering van Ron en Angela krijgen twee teams van drie jongens en drie meisjes een training van voormalig schaatster Annemarie Thomas. Wie het snelst is, wordt bepaald in een spannende wedstrijd. -Repo: Sorttrack. Bij shorttrack wordt er hardgereden op een ijshockeybaan. Er starten vier tot zes schaatsers tegelijk, degene die als eerste eindigt is de winnaar. Z@PPSPORT volgt de twaalfjarige Itzhak de Laat, een van de jonge topshorttrackers van Nederland. Tijdens de Shorttrack Friesland Cup moet hij het opnemen tegen internationaal schaatstalent, hoe gaat hem dat af? -Move. Sarah laat je de Spaanse Hang zien, een turnmove! -Flash. Z@ppSport is bij jeugdevenementen in het land. Met dit keer: sportieve squashers en bijzondere brillen op het Squash Jeugdcircuit!","formattedEpisodeNumbering":null,"formattedDate":"Za 17 feb. 2007","formattedDateShort":"Feb. 2007","formattedTime":"17:10","formattedDuration":"30m","formattedAvailabilityWindow":null,"formattedAvailabilityWindowShort":null,"image":{"portraitUrl":null,"landscapeUrl":"https:\/\/images.nlziet.nl\/metadataimportimages\/source\/76A5BAF5BB8570AD4AFD5C0D9D931F94506306A13562C7A61D53B0513AF683DE.jpg"},"logo":{"normalUrl":"https:\/\/cdn.nlziet.nl\/static\/assets\/contentproviders\/npo.png","darkUrl":"https:\/\/cdn.nlziet.nl\/static\/assets\/contentproviders\/dark\/npo.png","flatUrl":"https:\/\/cdn.nlziet.nl\/static\/assets\/contentproviders\/flat\/npo.png"},"tags":[],"seriesId":"7QrOqPrilEGeM3pgWB1w1A"},{"id":"GYt8r5prm0qVwKyTM3-82Q","type":"Vod","title":"Zappsport","subtitle":"Z@ppSport compilatie","description":"TROS - Kindersportprogramma waarin alle takken van sport voorbijkomen. In het onderdeel The Battle strijden de jongens tegen de meiden in een bepaalde sport. Ron staat in dit onderdeel tegenover de bloedfanatieke 'teamcaptain' Britt Dekker. Kinderen met een sportprobleem krijgen hulp van een beroemde topsporter in de Hellup en er zijn regelmatig specials te zien rondom grote sporttoernooien.","formattedEpisodeNumbering":null,"formattedDate":"Za 10 feb. 2007","formattedDateShort":"Feb. 2007","formattedTime":"17:15","formattedDuration":"28m","formattedAvailabilityWindow":null,"formattedAvailabilityWindowShort":null,"image":{"portraitUrl":null,"landscapeUrl":"https:\/\/images.nlziet.nl\/metadataimportimages\/source\/76A5BAF5BB8570AD4AFD5C0D9D931F94506306A13562C7A61D53B0513AF683DE.jpg"},"logo":{"normalUrl":"https:\/\/cdn.nlziet.nl\/static\/assets\/contentproviders\/npo.png","darkUrl":"https:\/\/cdn.nlziet.nl\/static\/assets\/contentproviders\/dark\/npo.png","flatUrl":"https:\/\/cdn.nlziet.nl\/static\/assets\/contentproviders\/flat\/npo.png"},"tags":[],"seriesId":"7QrOqPrilEGeM3pgWB1w1A"},{"id":"5thokGaTA0OZ6z-QL5BBEQ","type":"Vod","title":"Zappsport","subtitle":"Z@ppSport compilatie","description":"TROS - Kindersportprogramma waarin alle takken van sport voorbijkomen. In het onderdeel The Battle strijden de jongens tegen de meiden in een bepaalde sport. Ron staat in dit onderdeel tegenover de bloedfanatieke 'teamcaptain' Britt Dekker. Kinderen met een sportprobleem krijgen hulp van een beroemde topsporter in de Hellup en er zijn regelmatig specials te zien rondom grote sporttoernooien.","formattedEpisodeNumbering":null,"formattedDate":"Za 3 feb. 2007","formattedDateShort":"Feb. 2007","formattedTime":"17:15","formattedDuration":"28m","formattedAvailabilityWindow":null,"formattedAvailabilityWindowShort":null,"image":{"portraitUrl":null,"landscapeUrl":"https:\/\/images.nlziet.nl\/metadataimportimages\/source\/76A5BAF5BB8570AD4AFD5C0D9D931F94506306A13562C7A61D53B0513AF683DE.jpg"},"logo":{"normalUrl":"https:\/\/cdn.nlziet.nl\/static\/assets\/contentproviders\/npo.png","darkUrl":"https:\/\/cdn.nlziet.nl\/static\/assets\/contentproviders\/dark\/npo.png","flatUrl":"https:\/\/cdn.nlziet.nl\/static\/assets\/contentproviders\/flat\/npo.png"},"tags":[],"seriesId":"7QrOqPrilEGeM3pgWB1w1A"},{"id":"zujtbxAZwEW7PhQoxS7NZg","type":"Vod","title":"Zappsport","subtitle":"Compilatie.","description":"TROS - Afl.: Compilatie.","formattedEpisodeNumbering":null,"formattedDate":"Za 27 jan. 2007","formattedDateShort":"Jan. 2007","formattedTime":"17:15","formattedDuration":"30m","formattedAvailabilityWindow":null,"formattedAvailabilityWindowShort":null,"image":{"portraitUrl":null,"landscapeUrl":"https:\/\/images.nlziet.nl\/metadataimportimages\/source\/76A5BAF5BB8570AD4AFD5C0D9D931F94506306A13562C7A61D53B0513AF683DE.jpg"},"logo":{"normalUrl":"https:\/\/cdn.nlziet.nl\/static\/assets\/contentproviders\/npo.png","darkUrl":"https:\/\/cdn.nlziet.nl\/static\/assets\/contentproviders\/dark\/npo.png","flatUrl":"https:\/\/cdn.nlziet.nl\/static\/assets\/contentproviders\/flat\/npo.png"},"tags":[],"seriesId":"7QrOqPrilEGeM3pgWB1w1A"},{"id":"snBHl48aDEe1XU-HSH2Xwg","type":"Vod","title":"Zappsport","subtitle":"Z@ppSport compilatie","description":"TROS - Kindersportprogramma waarin alle takken van sport voorbijkomen. In het onderdeel The Battle strijden de jongens tegen de meiden in een bepaalde sport. Ron staat in dit onderdeel tegenover de bloedfanatieke 'teamcaptain' Britt Dekker. Kinderen met een sportprobleem krijgen hulp van een beroemde topsporter in de Hellup en er zijn regelmatig specials te zien rondom grote sporttoernooien.","formattedEpisodeNumbering":null,"formattedDate":"Za 20 jan. 2007","formattedDateShort":"Jan. 2007","formattedTime":"17:13","formattedDuration":"27m","formattedAvailabilityWindow":null,"formattedAvailabilityWindowShort":null,"image":{"portraitUrl":null,"landscapeUrl":"https:\/\/images.nlziet.nl\/metadataimportimages\/source\/76A5BAF5BB8570AD4AFD5C0D9D931F94506306A13562C7A61D53B0513AF683DE.jpg"},"logo":{"normalUrl":"https:\/\/cdn.nlziet.nl\/static\/assets\/contentproviders\/npo.png","darkUrl":"https:\/\/cdn.nlziet.nl\/static\/assets\/contentproviders\/dark\/npo.png","flatUrl":"https:\/\/cdn.nlziet.nl\/static\/assets\/contentproviders\/flat\/npo.png"},"tags":[],"seriesId":"7QrOqPrilEGeM3pgWB1w1A"}]