[{"id":"rgE67N1SrkqxOSyDpuINQw","type":"Vod","title":"Carnaval","subtitle":"Carnaval 2016","description":"MAX - Ook dit jaar kunt u weer genieten van beelden van de Brabantse carnavalsfestiviteiten. Jan Slagter en Pauline Spiering bezoeken carnavalsoptochten in o.a. Eindhoven, Tilburg en Den Bosch. U ziet de carnavalsgekte in de straten, met verschillende interviews en een carnavalvierend Brabant. In Lampegat (Eindhoven), zitten alle prominenten en feestvierders er weer klaar voor. Ook in Roosendaal, Oldenzaal en Tilburg is het weer groot feest en in Oeteldonk (Den Bosch) sluiten we carnaval 2016 feestelijk af!","formattedEpisodeNumbering":null,"formattedDate":"Di 9 feb. 2016","formattedDateShort":"Feb. 2016","formattedTime":"15:45","formattedDuration":"44m","formattedAvailabilityWindow":null,"formattedAvailabilityWindowShort":null,"image":{"portraitUrl":null,"landscapeUrl":"https:\/\/images.nlziet.nl\/metadataimportimages\/source\/5E7427DB579E111738A553674819311DB8A5B2BA42EF2EFCC1A4E07C22787FDB.jpg"},"logo":{"normalUrl":"https:\/\/cdn.nlziet.nl\/static\/assets\/contentproviders\/npo.png","darkUrl":"https:\/\/cdn.nlziet.nl\/static\/assets\/contentproviders\/dark\/npo.png","flatUrl":"https:\/\/cdn.nlziet.nl\/static\/assets\/contentproviders\/flat\/npo.png"},"tags":[],"seriesId":"6rOWu2X2KkaPYUaLCJzg_w"},{"id":"0S_mAR5Ack6OGPF3VCp8Pw","type":"Vod","title":"Carnaval","subtitle":"Carnaval 2015","description":null,"formattedEpisodeNumbering":null,"formattedDate":"Di 17 feb. 2015","formattedDateShort":"Feb. 2015","formattedTime":"16:39","formattedDuration":"50m","formattedAvailabilityWindow":null,"formattedAvailabilityWindowShort":null,"image":{"portraitUrl":null,"landscapeUrl":"https:\/\/images.nlziet.nl\/metadataimportimages\/source\/28332962B97E6B4C8AEDA6807DC5DAE725DDF2232772612DF17DA310C1268F9E.jpg"},"logo":{"normalUrl":"https:\/\/cdn.nlziet.nl\/static\/assets\/contentproviders\/npo.png","darkUrl":"https:\/\/cdn.nlziet.nl\/static\/assets\/contentproviders\/dark\/npo.png","flatUrl":"https:\/\/cdn.nlziet.nl\/static\/assets\/contentproviders\/flat\/npo.png"},"tags":[],"seriesId":"6rOWu2X2KkaPYUaLCJzg_w"},{"id":"cOOZVQX6e0GEQCP1RXF-lA","type":"Vod","title":"Carnaval","subtitle":"Carnaval 2014","description":"MAX - Hoogtepunten van de carnavalsfestiviteiten. Jan Slagter gaat dit jaar niet alleen naar Brabant, hij brengt ook een bezoekje aan de feestvierders boven de rivieren. Alle prominenten en feestvierders zitten er in Lampegat (Eindhoven) weer klaar voor. En in Zwammegat (Standdaarbuiten) zijn de straten 's avonds weer prachtig verlicht tijdens de lichtjesoptocht. Ook in Kruikenstad (Tilburg) is het weer \u00e9\u00e9n groot feest. In Boeskoolstad (Oldenzaal) proeft Jan Slagter van het Overijsselse carnavalsgedruis. En in Oeteldonk (Den Bosch) spreekt Jan Slagter met de doorgewinterde carnavalsvierders en sluiten we de carnaval feestelijk af!","formattedEpisodeNumbering":null,"formattedDate":"Di 4 mrt. 2014","formattedDateShort":"Mrt. 2014","formattedTime":"16:25","formattedDuration":"55m","formattedAvailabilityWindow":null,"formattedAvailabilityWindowShort":null,"image":{"portraitUrl":null,"landscapeUrl":"https:\/\/images.nlziet.nl\/metadataimportimages\/source\/75A0CB1BF2DCBC530B4D8FDC46B7294A7333B9CA19CC287B88775334D916F78F.jpg"},"logo":{"normalUrl":"https:\/\/cdn.nlziet.nl\/static\/assets\/contentproviders\/npo.png","darkUrl":"https:\/\/cdn.nlziet.nl\/static\/assets\/contentproviders\/dark\/npo.png","flatUrl":"https:\/\/cdn.nlziet.nl\/static\/assets\/contentproviders\/flat\/npo.png"},"tags":[],"seriesId":"6rOWu2X2KkaPYUaLCJzg_w"},{"id":"eWGlAIu2UEG1kRPLSgNCcA","type":"Vod","title":"Carnaval","subtitle":"Carnaval 2013","description":"MAX - Op 18, 19 en 20 februari registreren de camera's beelden van de Brabantse carnavalsfestiviteiten. De beelden vari\u00ebren van de carnavalsgekte in de straten tot interviews met carnaval vierend Brabant.","formattedEpisodeNumbering":null,"formattedDate":"Di 12 feb. 2013","formattedDateShort":"Feb. 2013","formattedTime":"16:30","formattedDuration":"55m","formattedAvailabilityWindow":null,"formattedAvailabilityWindowShort":null,"image":{"portraitUrl":null,"landscapeUrl":"https:\/\/images.nlziet.nl\/metadataimportimages\/source\/FE4626534C7E595B07C1BDF298BC9111F2AAA4E2051D43379686E49B0DD20044.jpg"},"logo":{"normalUrl":"https:\/\/cdn.nlziet.nl\/static\/assets\/contentproviders\/npo.png","darkUrl":"https:\/\/cdn.nlziet.nl\/static\/assets\/contentproviders\/dark\/npo.png","flatUrl":"https:\/\/cdn.nlziet.nl\/static\/assets\/contentproviders\/flat\/npo.png"},"tags":[],"seriesId":"6rOWu2X2KkaPYUaLCJzg_w"}]