[{"id":"QvCKD6XK7USlWdM9sYN1XQ","type":"Vod","title":"Koken met konijnen","subtitle":"Beesten & baas zonder huis","description":"VPRO - Diederik Kreike en Ayrton Fraenk verwennen niet alleen huisdieren, ook de baasjes snoepen mee! Ze koken voor baas en beest de meest uitzinnige lekkernijen, die de kijker thuis kan namaken. Daarnaast is er tijd voor lekkere liedjes, machtige make-overs en andere heerlijke verwenmomenten.","formattedEpisodeNumbering":null,"formattedDate":"Zo 13 dec. 2020","formattedDateShort":"Dec. 2020","formattedTime":"09:50","formattedDuration":"15m","formattedAvailabilityWindow":null,"formattedAvailabilityWindowShort":null,"image":{"portraitUrl":null,"landscapeUrl":"https:\/\/images.nlziet.nl\/metadataimportimages\/source\/B5BD525D69F1C4B7B031E730EB6265FE2046A2EE18291F5B1A74AB5C5CC66585.jpg"},"logo":{"normalUrl":"https:\/\/cdn.nlziet.nl\/static\/assets\/contentproviders\/npo.png","darkUrl":"https:\/\/cdn.nlziet.nl\/static\/assets\/contentproviders\/dark\/npo.png","flatUrl":"https:\/\/cdn.nlziet.nl\/static\/assets\/contentproviders\/flat\/npo.png"},"tags":[],"seriesId":"8NtFjwbuoUeB_gbFbdmPSw"},{"id":"3dcU7eJT2kqRxDdvzyFgxA","type":"Vod","title":"Koken met konijnen","subtitle":"Huisdieren met een handicap","description":"VPRO - Hoe ga je nou om met een dier met een handicap? Aai gewoon maar lekker, ze zijn als alle andere dieren! Mikey is een blinde hond en hij is vooral stapeldol op knuffelen en lekker eten. Nou dat komt voor de bakker met overheerlijke Say-Cheese-Cakes!","formattedEpisodeNumbering":null,"formattedDate":"Zo 6 dec. 2020","formattedDateShort":"Dec. 2020","formattedTime":"09:50","formattedDuration":"14m","formattedAvailabilityWindow":null,"formattedAvailabilityWindowShort":null,"image":{"portraitUrl":null,"landscapeUrl":"https:\/\/images.nlziet.nl\/metadataimportimages\/source\/D97AB9E7BA8BFB94015EB9477D6A159567ECA668E3D02300B42561F7B8F553C0.jpg"},"logo":{"normalUrl":"https:\/\/cdn.nlziet.nl\/static\/assets\/contentproviders\/npo.png","darkUrl":"https:\/\/cdn.nlziet.nl\/static\/assets\/contentproviders\/dark\/npo.png","flatUrl":"https:\/\/cdn.nlziet.nl\/static\/assets\/contentproviders\/flat\/npo.png"},"tags":[],"seriesId":"8NtFjwbuoUeB_gbFbdmPSw"},{"id":"fwrj3wjCak6_V0E7BoWZ7Q","type":"Vod","title":"Koken met konijnen","subtitle":"De konijnendubbeldate","description":"VPRO - Sami had twee konijnen, maar Pip liep weg en toen was Woezel alleen.","formattedEpisodeNumbering":null,"formattedDate":"Zo 29 nov. 2020","formattedDateShort":"Nov. 2020","formattedTime":"09:50","formattedDuration":"15m","formattedAvailabilityWindow":null,"formattedAvailabilityWindowShort":null,"image":{"portraitUrl":null,"landscapeUrl":"https:\/\/images.nlziet.nl\/metadataimportimages\/source\/27251A38A6C8CAFF4D0F22C89C956612A881C48746F81E0FFD83345421D32625.jpg"},"logo":{"normalUrl":"https:\/\/cdn.nlziet.nl\/static\/assets\/contentproviders\/npo.png","darkUrl":"https:\/\/cdn.nlziet.nl\/static\/assets\/contentproviders\/dark\/npo.png","flatUrl":"https:\/\/cdn.nlziet.nl\/static\/assets\/contentproviders\/flat\/npo.png"},"tags":[],"seriesId":"8NtFjwbuoUeB_gbFbdmPSw"},{"id":"1WaQUilS8Um-SNpxGa9QhQ","type":"Vod","title":"Koken met konijnen","subtitle":"Verhuizende pony's","description":"VPRO - Julia's pony's moesten een paar keer verhuizen en hun vrienden achterlaten \u00e9n weer nieuwe maken. Dat is niet altijd makkelijk en daarom verdienen ze wat lekkers. Met Hoe-maak-je-vrienden-tips voor alle beesten en bazen en een smakelijke taart voor alle vrienden: Clafoutis-pour-tous-les-amies.","formattedEpisodeNumbering":null,"formattedDate":"Zo 22 nov. 2020","formattedDateShort":"Nov. 2020","formattedTime":"09:50","formattedDuration":"15m","formattedAvailabilityWindow":null,"formattedAvailabilityWindowShort":null,"image":{"portraitUrl":null,"landscapeUrl":"https:\/\/images.nlziet.nl\/metadataimportimages\/source\/E172419CE1A3530D423483EC01082358F53C29D418CAC4B0D8137E5F65DF9206.jpg"},"logo":{"normalUrl":"https:\/\/cdn.nlziet.nl\/static\/assets\/contentproviders\/npo.png","darkUrl":"https:\/\/cdn.nlziet.nl\/static\/assets\/contentproviders\/dark\/npo.png","flatUrl":"https:\/\/cdn.nlziet.nl\/static\/assets\/contentproviders\/flat\/npo.png"},"tags":[],"seriesId":"8NtFjwbuoUeB_gbFbdmPSw"},{"id":"P8Uza2Hs9EWgZpJvb-HdXQ","type":"Vod","title":"Koken met konijnen","subtitle":"Bye bye bunnies","description":"VPRO - De drie konijnenvrouwtjes van Jet bleken niet allemaal vrouwtjes en toen had ze ineens veertien konijnen. Bonuspapa-konijn Snuffie heeft zo goed voor de konijnenbaby's gezorgd dat Jet hem extra wil verwennen. Diederik en Ayrton maken overheerlijke Bunny-bonbons en brengen al zingend de laatste drie babykonijntjes naar hun nieuwe thuis: Bye bye bunnie bye bye!","formattedEpisodeNumbering":null,"formattedDate":"Zo 15 nov. 2020","formattedDateShort":"Nov. 2020","formattedTime":"09:45","formattedDuration":"15m","formattedAvailabilityWindow":null,"formattedAvailabilityWindowShort":null,"image":{"portraitUrl":null,"landscapeUrl":"https:\/\/images.nlziet.nl\/metadataimportimages\/source\/EA73229E82271B2818C7A49F48ABFA9B8795460369EE4D93745D0577983A3930.jpg"},"logo":{"normalUrl":"https:\/\/cdn.nlziet.nl\/static\/assets\/contentproviders\/npo.png","darkUrl":"https:\/\/cdn.nlziet.nl\/static\/assets\/contentproviders\/dark\/npo.png","flatUrl":"https:\/\/cdn.nlziet.nl\/static\/assets\/contentproviders\/flat\/npo.png"},"tags":[],"seriesId":"8NtFjwbuoUeB_gbFbdmPSw"},{"id":"l_Q0cg2m0k6IhA34BFaOFg","type":"Vod","title":"Koken met konijnen","subtitle":"De grote beest & baas make-over","description":"VPRO - Daan is dol op hond Willem en bedankt hem met een relax & beautydag. Daan mag zelf ook blijven relaxen, omdat hij altijd klaar staat voor zijn gehandicapte broertje. En dus relaxen zowel baas als beest, krijgen ze een make-over en een PBFF-pizza party.","formattedEpisodeNumbering":null,"formattedDate":"Zo 8 nov. 2020","formattedDateShort":"Nov. 2020","formattedTime":"10:05","formattedDuration":"15m","formattedAvailabilityWindow":null,"formattedAvailabilityWindowShort":null,"image":{"portraitUrl":null,"landscapeUrl":"https:\/\/images.nlziet.nl\/metadataimportimages\/source\/EB9B7B23D29A0AB9DC05900FC7DB7D571A1855F33A68E682F81E7DD55604D8DC.jpg"},"logo":{"normalUrl":"https:\/\/cdn.nlziet.nl\/static\/assets\/contentproviders\/npo.png","darkUrl":"https:\/\/cdn.nlziet.nl\/static\/assets\/contentproviders\/dark\/npo.png","flatUrl":"https:\/\/cdn.nlziet.nl\/static\/assets\/contentproviders\/flat\/npo.png"},"tags":[],"seriesId":"8NtFjwbuoUeB_gbFbdmPSw"},{"id":"kgj9hV9_dEKyhPVLcTCaaQ","type":"Vod","title":"Koken met konijnen","subtitle":"Daisy en Dizzy de baardagame","description":"VPRO - Baardagaam Dizzy knapt steeds uit haar velletje, omdat ze groeit. Dat is niet altijd prettig en dus wil baasje Daisy haar verwennen met sushi-out-of-the-box. En het terrarium krijgt ook meteen een machtige make-over.","formattedEpisodeNumbering":null,"formattedDate":"Zo 1 nov. 2020","formattedDateShort":"Nov. 2020","formattedTime":"10:05","formattedDuration":"15m","formattedAvailabilityWindow":null,"formattedAvailabilityWindowShort":null,"image":{"portraitUrl":null,"landscapeUrl":"https:\/\/images.nlziet.nl\/metadataimportimages\/source\/ACB762D4ADE76AB9FF63249801453F82046216F86532F6F2662100E511B7E656.jpg"},"logo":{"normalUrl":"https:\/\/cdn.nlziet.nl\/static\/assets\/contentproviders\/npo.png","darkUrl":"https:\/\/cdn.nlziet.nl\/static\/assets\/contentproviders\/dark\/npo.png","flatUrl":"https:\/\/cdn.nlziet.nl\/static\/assets\/contentproviders\/flat\/npo.png"},"tags":[],"seriesId":"8NtFjwbuoUeB_gbFbdmPSw"},{"id":"8fMP_TXLvU6mULUAz99Gow","type":"Vod","title":"Koken met konijnen","subtitle":"De troostcavia's","description":"VPRO - Diederik Kreike en Ayrton Fraenk verwennen niet alleen huisdieren, ook de baasjes snoepen mee! Ze koken voor baas en beest de meest uitzinnige lekkernijen, die de kijker thuis kan namaken. Daarnaast is er tijd voor lekkere liedjes, machtige make-overs en andere heerlijke verwenmomenten.","formattedEpisodeNumbering":null,"formattedDate":"Zo 25 okt. 2020","formattedDateShort":"Okt. 2020","formattedTime":"10:10","formattedDuration":"14m","formattedAvailabilityWindow":null,"formattedAvailabilityWindowShort":null,"image":{"portraitUrl":null,"landscapeUrl":"https:\/\/images.nlziet.nl\/metadataimportimages\/source\/6B6F2EE3049DDF6AD11134A441E02073AB2FA194710AA99D890C3568C00334C3.jpg"},"logo":{"normalUrl":"https:\/\/cdn.nlziet.nl\/static\/assets\/contentproviders\/npo.png","darkUrl":"https:\/\/cdn.nlziet.nl\/static\/assets\/contentproviders\/dark\/npo.png","flatUrl":"https:\/\/cdn.nlziet.nl\/static\/assets\/contentproviders\/flat\/npo.png"},"tags":[],"seriesId":"8NtFjwbuoUeB_gbFbdmPSw"}]