[{"id":"Aatdi072L0uIno5CFgn8Yw","type":"Vod","title":"Steenrijk, straatarm","subtitle":"Aflevering 10","description":"Wat gebeurt er als rijke- en arme gezinnen een week ruilen van huis, budget en dus leven? In het nieuwe seizoen van de reality serie Steenrijk, Straatarm gaan rijk \u00e9n arm deze confrontatie opnieuw aan. Grote vraag daarbij is: in hoeverre wordt het familiegeluk be\u00efnvloed wanneer de huishoudpot en de woonomstandigheden ineens drastisch veranderen? Deze week ruilt het societykoppel Marjan Strijbosch en Gerhard Lankamp uit Eindhoven voor een week met de familie Gadir uit Etten-Leur. Marjan vergaarde haar miljoenen met het mode-imperium 'Jaguar Mode'. Samen met echtgenoot Gerard Lankamp woont ze in het hoogste appartement van Eindhoven met uitzicht op het PSV-stadion. Het ultraluxe appartement is geheel in de stijl waar Marjan zelf zo van houdt: stijlvol en over de top. De weelde waarmee Marjan en Gerhard zich zo graag omringen, is in het huis van de familie Gadir ver te zoeken. Het gezin kwam in de schuldsanering terecht toen ze hun huis moesten verkopen met een restschuld.","formattedEpisodeNumbering":null,"formattedDate":"Di 5 jun. 2018","formattedDateShort":"Jun. 2018","formattedTime":"20:29","formattedDuration":"41m","formattedAvailabilityWindow":null,"formattedAvailabilityWindowShort":null,"image":{"portraitUrl":null,"landscapeUrl":"https:\/\/images.nlziet.nl\/metadataimportimages\/source\/8614A520C0D510080593C520A46DEC24C682BC7B8A16126EFDD8543AC40382DC.jpg"},"logo":{"normalUrl":"https:\/\/cdn.nlziet.nl\/static\/assets\/contentproviders\/sbs.png","darkUrl":"https:\/\/cdn.nlziet.nl\/static\/assets\/contentproviders\/dark\/sbs.png","flatUrl":"https:\/\/cdn.nlziet.nl\/static\/assets\/contentproviders\/flat\/sbs.png"},"tags":[],"seriesId":"6g186RhGL0ennx2vCJvE-g"},{"id":"hyLCfVzohEmrFMMntA9yOw","type":"Vod","title":"Steenrijk, straatarm","subtitle":"Aflevering 9","description":"Wat gebeurt er als rijke- en arme gezinnen een week ruilen van huis, budget en dus leven? In het nieuwe seizoen van de reality serie Steenrijk, Straatarm gaan rijk \u00e9n arm deze confrontatie opnieuw aan. Grote vraag daarbij is: in hoeverre wordt het familiegeluk be\u00efnvloed wanneer de huishoudpot en de woonomstandigheden ineens drastisch veranderen? John Beerens vergaarde al knippend zijn miljoenen. Zo heeft hij de grootste online hair & beautystore in Europa. John runt de zaak samen met Josephine, met wie hij dit jaar trouwde en waarmee hij een zoontje heeft. Het leven van de familie Beerens staat in schril contrast met dat van alleenstaande moeder Medsi Richardson en haar drie dochters. Het gezin woont in een kleine huurwoning en is afhankelijk van de voedselbank. Wat doet het met het familiegeluk van gezin Beerens wanneer zij hun vrijstaande villa verruilen voor een sociale huurwoning? En hoe zal Medsi reageren als ze erachter komt dat haar weekbudget verveertigvoudigd is?","formattedEpisodeNumbering":null,"formattedDate":"Di 29 mei. 2018","formattedDateShort":"Mei. 2018","formattedTime":"20:31","formattedDuration":"41m","formattedAvailabilityWindow":null,"formattedAvailabilityWindowShort":null,"image":{"portraitUrl":null,"landscapeUrl":"https:\/\/images.nlziet.nl\/metadataimportimages\/source\/7754578BD0B23F00BF79C0AD1244DFA95F4D0AAAE9BB4C78B5B9CF20F4DEBED8.jpg"},"logo":{"normalUrl":"https:\/\/cdn.nlziet.nl\/static\/assets\/contentproviders\/sbs.png","darkUrl":"https:\/\/cdn.nlziet.nl\/static\/assets\/contentproviders\/dark\/sbs.png","flatUrl":"https:\/\/cdn.nlziet.nl\/static\/assets\/contentproviders\/flat\/sbs.png"},"tags":[],"seriesId":"6g186RhGL0ennx2vCJvE-g"},{"id":"nuK4rWsQxUWEr9wCaYEI5A","type":"Vod","title":"Steenrijk, straatarm","subtitle":"Aflevering 8","description":"Wat gebeurt er als rijke- en arme gezinnen een week ruilen van huis, budget en dus leven? In het nieuwe seizoen van de reality serie Steenrijk, Straatarm gaan rijk \u00e9n arm deze confrontatie opnieuw aan. Grote vraag daarbij is: in hoeverre wordt het familiegeluk be\u00efnvloed wanneer de huishoudpot en de woonomstandigheden ineens drastisch veranderen? Rijkdom van geest staat centraal in het leven van beeldhouwer P\u00e9p\u00e9 Gr\u00e9goire en zijn vrouw Marlin. Hun prachtige villa midden in het Gooise Laren is gestyled door Marlin, die van huis uit interieur ontwerpster is. De familie Hovestad woont in een huurwoning in Hillegom. Vader Marco werkt als chauffeur, moeder Petra is werkzoekend. Ondanks dat ze uit de schuldsanering zijn, hangt er een financi\u00eble grauwsluier over het gezin heen. Gaat het de Gregoires lukken rond te komen van dit bedrag? En kunnen de Hovestads wennen aan het chique \u00e9n artistieke leven in hun Larense villa?","formattedEpisodeNumbering":null,"formattedDate":"Di 22 mei. 2018","formattedDateShort":"Mei. 2018","formattedTime":"20:28","formattedDuration":"42m","formattedAvailabilityWindow":null,"formattedAvailabilityWindowShort":null,"image":{"portraitUrl":null,"landscapeUrl":"https:\/\/images.nlziet.nl\/metadataimportimages\/source\/37CF07B8AB4D8A050C64A699FABCDEF4515D9DE996C56FFB50FA0A7F5F442458.jpg"},"logo":{"normalUrl":"https:\/\/cdn.nlziet.nl\/static\/assets\/contentproviders\/sbs.png","darkUrl":"https:\/\/cdn.nlziet.nl\/static\/assets\/contentproviders\/dark\/sbs.png","flatUrl":"https:\/\/cdn.nlziet.nl\/static\/assets\/contentproviders\/flat\/sbs.png"},"tags":[],"seriesId":"6g186RhGL0ennx2vCJvE-g"},{"id":"FB366lfg2kKR1lCm1eU-MQ","type":"Vod","title":"Steenrijk, straatarm","subtitle":"Aflevering 7","description":"Wat gebeurt er als rijke- en arme gezinnen een week ruilen van huis, budget en dus leven? In het nieuwe seizoen van de reality serie Steenrijk, Straatarm gaan rijk \u00e9n arm deze confrontatie opnieuw aan. Grote vraag daarbij is: in hoeverre wordt het familiegeluk be\u00efnvloed wanneer de huishoudpot en de woonomstandigheden ineens drastisch veranderen? Het nieuwe seizoen trapt af met de meest spraakmakende \u00e9n bijzondere momenten uit het eerste seizoen. In Steenrijk, straatarm: de hoogtepunten, blikken we, samen met de rijk- en arme families, individueel terug op deze indringende \u00e9n emotionele momenten. Hoe hebben zij de ruil van hun leven ervaren?","formattedEpisodeNumbering":null,"formattedDate":"Wo 6 dec. 2017","formattedDateShort":"Dec. 2017","formattedTime":"20:29","formattedDuration":"42m","formattedAvailabilityWindow":null,"formattedAvailabilityWindowShort":null,"image":{"portraitUrl":null,"landscapeUrl":"https:\/\/images.nlziet.nl\/metadataimportimages\/source\/EEA219462C246D82AA91DEF080C526DE095AA819D4460FD0D6453824844B91AB.jpg"},"logo":{"normalUrl":"https:\/\/cdn.nlziet.nl\/static\/assets\/contentproviders\/sbs.png","darkUrl":"https:\/\/cdn.nlziet.nl\/static\/assets\/contentproviders\/dark\/sbs.png","flatUrl":"https:\/\/cdn.nlziet.nl\/static\/assets\/contentproviders\/flat\/sbs.png"},"tags":[],"seriesId":"6g186RhGL0ennx2vCJvE-g"},{"id":"IbMnOiqrUkyQLrE3oxEVsg","type":"Vod","title":"Steenrijk, straatarm","subtitle":"Aflevering 6","description":"In Steenrijk, Straatarm ruilen twee families met een volledig tegengesteld welstandniveau een week lang van huis, budget en dagelijks leven. Maakt geld werkelijk gelukkig? Aan het einde van de week wordt duidelijk hoeveel ze achteraf, ondanks hun verschillende financiele omstandigheden, toch gemeen hebben. En of geld inderdaad het verschil kan maken. De extravagante levensgenieters Rogier en Frank wonen, met hun zo geliefde hond \u2018Coco\u2019, in een prachtige villa in Saint Tropez. Ze leiden daar een high class leven en zijn dol op champagne. Alleenstaande moeder Sabine woont met haar twee puberzonen en haar 4-jarige dochtertje in een portiekflat in Beverwijk. Zij moet elke week puzzelen om rond te komen, laat staan dat er geld over is voor uitjes of een vakantie. Hoe zal de familie Grob reageren wanneer zij in de luxe villa in Saint Tropez terecht komen? Hoe gaan Frank en Rogier zich redden als ze niet meer elke dag uiteten kunnen?","formattedEpisodeNumbering":null,"formattedDate":"Di 17 jul. 2018","formattedDateShort":"Jul. 2018","formattedTime":"20:31","formattedDuration":"44m","formattedAvailabilityWindow":null,"formattedAvailabilityWindowShort":null,"image":{"portraitUrl":null,"landscapeUrl":"https:\/\/images.nlziet.nl\/metadataimportimages\/source\/AC4A87684FCBABA8E8DAC63258527D6A8061775DED797F5361AD0E906D8A0F67.jpg"},"logo":{"normalUrl":"https:\/\/cdn.nlziet.nl\/static\/assets\/contentproviders\/sbs.png","darkUrl":"https:\/\/cdn.nlziet.nl\/static\/assets\/contentproviders\/dark\/sbs.png","flatUrl":"https:\/\/cdn.nlziet.nl\/static\/assets\/contentproviders\/flat\/sbs.png"},"tags":[],"seriesId":"6g186RhGL0ennx2vCJvE-g"},{"id":"t1Fjf8LI9UCcHKTJrzsJTw","type":"Vod","title":"Steenrijk, straatarm","subtitle":"Aflevering 5","description":"In Steenrijk, Straatarm ruilen twee families met een volledig tegengesteld welstandniveau een week lang van huis, budget en dagelijks leven. Maakt geld werkelijk gelukkig? Aan het einde van de week wordt duidelijk hoeveel ze achteraf, ondanks hun verschillende financiele omstandigheden, toch gemeen hebben. En of geld inderdaad het verschil kan maken. De alleenstaande vader, Sander Groet, heeft van zijn hobby zijn werk gemaakt en is eigenaar van diverse bekende clubs en festivals in Nederland. Samen met zijn zoontje Silven leidt hij een onbezorgd leven in een penthouse aan het IJ in Amsterdam. Sharon en Daniel wonen met hun drie kinderen in een sociale huurwoning in de volksbuurt van Amsterdam. Ondanks dat zij maar 70 euro per week te besteden hebben, proberen ze er wel altijd het beste van te maken. In hoeverre wordt het vrije leven van Sander en Silven beperkt door het kleine budget? En hoe zal de familie Vreeken reageren als ze erachter komen dat hun budget vertienvoudigd is?","formattedEpisodeNumbering":null,"formattedDate":"Di 10 jul. 2018","formattedDateShort":"Jul. 2018","formattedTime":"20:32","formattedDuration":"44m","formattedAvailabilityWindow":null,"formattedAvailabilityWindowShort":null,"image":{"portraitUrl":null,"landscapeUrl":"https:\/\/images.nlziet.nl\/metadataimportimages\/source\/9224D1BEA514E9D2F946FE8206724A628586253AC3F2E63CCADD500B11756B2F.jpg"},"logo":{"normalUrl":"https:\/\/cdn.nlziet.nl\/static\/assets\/contentproviders\/sbs.png","darkUrl":"https:\/\/cdn.nlziet.nl\/static\/assets\/contentproviders\/dark\/sbs.png","flatUrl":"https:\/\/cdn.nlziet.nl\/static\/assets\/contentproviders\/flat\/sbs.png"},"tags":[],"seriesId":"6g186RhGL0ennx2vCJvE-g"},{"id":"SZky1k6fuEGYc1hrxJaTPA","type":"Vod","title":"Steenrijk, straatarm","subtitle":"Aflevering 4","description":"In Steenrijk, Straatarm ruilen twee families met een volledig tegengesteld welstandniveau een week lang van huis, budget en dagelijks leven. Maakt geld werkelijk gelukkig? Aan het einde van de week wordt duidelijk hoeveel ze achteraf, ondanks hun verschillende financiele omstandigheden, toch gemeen hebben. En of geld inderdaad het verschil kan maken. Samen met hun 3 kinderen wonen Louis en Anita in een prachtige villa midden in de bossen van Baarn en hebben alles wat hun hartje begeert. Frank en Petra zijn ook heel gelukkig, maar hebben het niet zo breed. Zij moeten elke maand opnieuw alle eindjes aan elkaar knopen om rond te komen. Wat doet het met het familiegeluk van het gezin Kinsbergen wanneer zij ieder dubbeltje moeten omdraaien en hun vrijstaande villa verruilen voor een flat? En hoe zal de zal de familie Welsing de rijkdom ervaren waarin ze terecht komen? Zal het zorgen voor meer geluk?","formattedEpisodeNumbering":null,"formattedDate":"Di 3 jul. 2018","formattedDateShort":"Jul. 2018","formattedTime":"20:31","formattedDuration":"44m","formattedAvailabilityWindow":null,"formattedAvailabilityWindowShort":null,"image":{"portraitUrl":null,"landscapeUrl":"https:\/\/images.nlziet.nl\/metadataimportimages\/source\/50C22EA7DEC579BAF413DD97C69B5379E37AFAB7CA82E0F9F4A9CCD6E026F465.jpg"},"logo":{"normalUrl":"https:\/\/cdn.nlziet.nl\/static\/assets\/contentproviders\/sbs.png","darkUrl":"https:\/\/cdn.nlziet.nl\/static\/assets\/contentproviders\/dark\/sbs.png","flatUrl":"https:\/\/cdn.nlziet.nl\/static\/assets\/contentproviders\/flat\/sbs.png"},"tags":[],"seriesId":"6g186RhGL0ennx2vCJvE-g"},{"id":"tyMNRc23DUi1XknqW1m72w","type":"Vod","title":"Steenrijk, straatarm","subtitle":"Aflevering 3","description":"In Steenrijk, Straatarm ruilen twee families met een volledig tegengesteld welstandniveau een week lang van huis, budget en dagelijks leven. Maakt geld werkelijk gelukkig? Aan het einde van de week wordt duidelijk hoeveel ze achteraf, ondanks hun verschillende financiele omstandigheden, toch gemeen hebben. En of geld inderdaad het verschil kan maken. Deze week ruilt het welgestelde gezin Van Binsbergen voor een week met het arme gezin Pureveen. Bart Willem en Roos hebben samen met hun drie kinderen een welvarend leven. De oudste zoon Damian heeft zijn eigen DJ studio aan huis en ook de jongste kinderen komen niets tekort. Bij de familie Pureveen ligt dat net iets anders. Wilco werkt overdag zeven dagen per week en Sonja zorgt voor de twee kinderen en werkt s \u2019avonds. Hoe zal het voor Sonja en Wilco zijn om een weekbudget te hebben waar zij normaal gesproken een maand voor moeten werken? En zal Roos ondanks haar smetvrees deze ruil van huis en budget aan kunnen?","formattedEpisodeNumbering":null,"formattedDate":"Di 26 jun. 2018","formattedDateShort":"Jun. 2018","formattedTime":"20:32","formattedDuration":"41m","formattedAvailabilityWindow":null,"formattedAvailabilityWindowShort":null,"image":{"portraitUrl":null,"landscapeUrl":"https:\/\/images.nlziet.nl\/metadataimportimages\/source\/7A645F7D127450C5CC91BDDF4035F852B8D9962BDD661657AC6D0110DF2064F4.jpg"},"logo":{"normalUrl":"https:\/\/cdn.nlziet.nl\/static\/assets\/contentproviders\/sbs.png","darkUrl":"https:\/\/cdn.nlziet.nl\/static\/assets\/contentproviders\/dark\/sbs.png","flatUrl":"https:\/\/cdn.nlziet.nl\/static\/assets\/contentproviders\/flat\/sbs.png"},"tags":[],"seriesId":"6g186RhGL0ennx2vCJvE-g"},{"id":"gbwo-ZNqP0eiBIYWxYxL_Q","type":"Vod","title":"Steenrijk, straatarm","subtitle":"Aflevering 2","description":"In Steenrijk, Straatarm ruilen twee families met een volledig tegengesteld welstandniveau een week lang van huis, budget en dagelijks leven. Maakt geld werkelijk gelukkig? Aan het einde van de week wordt duidelijk hoeveel ze achteraf, ondanks hun verschillende financiele omstandigheden, toch gemeen hebben. En of geld inderdaad het verschil kan maken. De rijke familie Van den Berge woont in een prachtig landhuis bezit een kasteel en buitenhuis. De familie Bomhof leeft in een krappe sociale huurwoning waar ze met 90 euro per week de eindjes aan elkaar moeten knopen. Hoe beleven de twee gezinnen de nieuwe leefomgeving en het andere weekbudget? En wat doet dat met hun geluksgevoel?","formattedEpisodeNumbering":null,"formattedDate":"Di 19 jun. 2018","formattedDateShort":"Jun. 2018","formattedTime":"20:29","formattedDuration":"44m","formattedAvailabilityWindow":null,"formattedAvailabilityWindowShort":null,"image":{"portraitUrl":null,"landscapeUrl":"https:\/\/images.nlziet.nl\/metadataimportimages\/source\/E53A3F100C01C2BD05AD45BBB386BFA6755DBE7CE5BF0C66B6928354B91BE03F.jpg"},"logo":{"normalUrl":"https:\/\/cdn.nlziet.nl\/static\/assets\/contentproviders\/sbs.png","darkUrl":"https:\/\/cdn.nlziet.nl\/static\/assets\/contentproviders\/dark\/sbs.png","flatUrl":"https:\/\/cdn.nlziet.nl\/static\/assets\/contentproviders\/flat\/sbs.png"},"tags":[],"seriesId":"6g186RhGL0ennx2vCJvE-g"},{"id":"sEMdh5s9gkm9XfPclyEhew","type":"Vod","title":"Steenrijk, straatarm","subtitle":"Aflevering 1","description":"In Steenrijk, Straatarm ruilen twee families met een volledig tegengesteld welstandniveau een week lang van huis, budget en dagelijks leven. Maakt geld werkelijk gelukkig? Aan het einde van de week wordt duidelijk hoeveel ze achteraf, ondanks hun verschillende financiele omstandigheden, toch gemeen hebben. En of geld inderdaad het verschil kan maken. Deze week ruilt de rijke familie Azimi een week lang met het arme gezin Rijkens. Salar Azimi was ooit vluchteling, maar nu is hij miljonair. Samen met zijn vrouw Annika en twee dochters wonen zij in een kasteel waar goud de boventoon voert.  Daarbij hoort een wagenpark met een Lamborghini en een aantal Mercedessen. Marijke en Leo Rijkens hebben drie kinderen en komen rond met hulp van de voedselbank. Kunnen zij wennen aan het leven in een kasteel?  En zal de familie Azimi champagne en kaviaar voor een week kunnen inwisselen voor het eten van de voedselbank?","formattedEpisodeNumbering":null,"formattedDate":"Di 12 jun. 2018","formattedDateShort":"Jun. 2018","formattedTime":"20:31","formattedDuration":"46m","formattedAvailabilityWindow":null,"formattedAvailabilityWindowShort":null,"image":{"portraitUrl":null,"landscapeUrl":"https:\/\/images.nlziet.nl\/metadataimportimages\/source\/C689F00C25BB6A6666E4BF26DB33180716ED452D5182FBC16373DD52F9F2319D.jpg"},"logo":{"normalUrl":"https:\/\/cdn.nlziet.nl\/static\/assets\/contentproviders\/sbs.png","darkUrl":"https:\/\/cdn.nlziet.nl\/static\/assets\/contentproviders\/dark\/sbs.png","flatUrl":"https:\/\/cdn.nlziet.nl\/static\/assets\/contentproviders\/flat\/sbs.png"},"tags":[],"seriesId":"6g186RhGL0ennx2vCJvE-g"}]