[{"id":"0CtagA_ex06t93h_UgXoAA","type":"Vod","title":"Big Brother De Finale","subtitle":"Afl. 82","description":"RTL5 - Realityshow waarin een groep mensen die elkaar niet kennen honderd dagen lang in het Big Brother-huis gaat wonen. Ze worden 24\/7 door camera's gevolgd. Ze kunnen niet anders dan zichzelf zijn, zonder filters en social media. Wat is perceptie en wat is realiteit? En wie gaat er met het prijzengeld vandoor dat ze bij elkaar verzamelen door diverse en uiteenlopende opdrachten?","formattedEpisodeNumbering":"S1:A82","formattedDate":"Do 8 apr. 2021","formattedDateShort":"Apr. 2021","formattedTime":"21:30","formattedDuration":"1u 8m","formattedAvailabilityWindow":"Vandaag nog beschikbaar","formattedAvailabilityWindowShort":"Nog 1 d. beschikbaar","image":{"portraitUrl":null,"landscapeUrl":"https:\/\/images.nlziet.nl\/metadataimportimages\/source\/570FFA4D57130996B1A2D3078A313AF3E4F00DA022E28F31818A1D0DD3DA2A8A.jpg"},"logo":{"normalUrl":"https:\/\/cdn.nlziet.nl\/static\/assets\/contentproviders\/rtl.png","darkUrl":"https:\/\/cdn.nlziet.nl\/static\/assets\/contentproviders\/dark\/rtl.png","flatUrl":"https:\/\/cdn.nlziet.nl\/static\/assets\/contentproviders\/flat\/rtl.png"},"tags":[],"seriesId":"84R-oTmba0CD9vRhy2-iAA"}]