[{"id":"jFNUkuVIU0693N47PxwG4g","type":"Vod","title":"EO Metterdaad","subtitle":"Metterdaad","description":"EO - Metterdaad helpt mensen in armoede of onrechtvaardige omstandigheden te overleven en hun leven weer op te bouwen. Via televisie en radio werft Metterdaad geld voor hulpverleningsprojecten wereldwijd.","formattedEpisodeNumbering":null,"formattedDate":"Wo 21 dec. 2016","formattedDateShort":"Dec. 2016","formattedTime":"13:55","formattedDuration":"0m","formattedAvailabilityWindow":null,"formattedAvailabilityWindowShort":null,"image":{"portraitUrl":null,"landscapeUrl":"https:\/\/images.nlziet.nl\/metadataimportimages\/source\/2D06D45A2C31A0278CA7D2DE762BC9191C5DA2D684090DB8A8AFAC62400313C8.jpg"},"logo":{"normalUrl":"https:\/\/cdn.nlziet.nl\/static\/assets\/contentproviders\/npo.png","darkUrl":"https:\/\/cdn.nlziet.nl\/static\/assets\/contentproviders\/dark\/npo.png","flatUrl":"https:\/\/cdn.nlziet.nl\/static\/assets\/contentproviders\/flat\/npo.png"},"tags":[],"seriesId":"67IaRe4ka0e8Pr-f7Cjp1w"},{"id":"MhB6dcid4kaNL13GMSTxRw","type":"Vod","title":"EO Metterdaad","subtitle":"Kenia","description":"EO - Nog steeds overlijden veel mensen aan de gevolgen van aids. Ook ouders van jonge kinderen sterven en laten hun kinderen als wezen achter. Hulporganisatie Christ's Hope helpt deze kinderen in zogeheten Care Points. Presentator Andries Knevel is voor Metterdaad in Kenia en laat zien wat de organisatie doet om deze kinderen te helpen.","formattedEpisodeNumbering":null,"formattedDate":"Zo 4 dec. 2016","formattedDateShort":"Dec. 2016","formattedTime":"10:05","formattedDuration":"7m","formattedAvailabilityWindow":null,"formattedAvailabilityWindowShort":null,"image":{"portraitUrl":null,"landscapeUrl":"https:\/\/images.nlziet.nl\/metadataimportimages\/source\/C9687ED3AF124467B7F95199E32F9AE57F4CD0C60275503ADBD0C0E665E1C35A.jpg"},"logo":{"normalUrl":"https:\/\/cdn.nlziet.nl\/static\/assets\/contentproviders\/npo.png","darkUrl":"https:\/\/cdn.nlziet.nl\/static\/assets\/contentproviders\/dark\/npo.png","flatUrl":"https:\/\/cdn.nlziet.nl\/static\/assets\/contentproviders\/flat\/npo.png"},"tags":[],"seriesId":"67IaRe4ka0e8Pr-f7Cjp1w"},{"id":"EYD7gJgs4U2cUOqsFoCPDw","type":"Vod","title":"EO Metterdaad","subtitle":"Ghana","description":"EO - Metterdaad helpt mensen in armoede of onrechtvaardige omstandigheden te overleven en hun leven weer op te bouwen. Via televisie en radio werft Metterdaad geld voor hulpverleningsprojecten wereldwijd.","formattedEpisodeNumbering":null,"formattedDate":"Ma 5 sep. 2016","formattedDateShort":"Sep. 2016","formattedTime":"16:40","formattedDuration":"15m","formattedAvailabilityWindow":null,"formattedAvailabilityWindowShort":null,"image":{"portraitUrl":null,"landscapeUrl":"https:\/\/images.nlziet.nl\/metadataimportimages\/source\/DDF6B5EE1A465558D4ED7CAC942321D60816ACF1F4BDF35E370048A32070EA4C.jpg"},"logo":{"normalUrl":"https:\/\/cdn.nlziet.nl\/static\/assets\/contentproviders\/npo.png","darkUrl":"https:\/\/cdn.nlziet.nl\/static\/assets\/contentproviders\/dark\/npo.png","flatUrl":"https:\/\/cdn.nlziet.nl\/static\/assets\/contentproviders\/flat\/npo.png"},"tags":[],"seriesId":"67IaRe4ka0e8Pr-f7Cjp1w"},{"id":"Hi-Ep4eXB0COkBa3VvFmKQ","type":"Vod","title":"EO Metterdaad","subtitle":"Zimbabwe","description":"EO - El Ni\u00f1o betekent lieftallig 'het kerstkindje'. Maar deze extreme weersverandering zorgt in Afrika voor grote problemen. Andries Knevel reisde voor Metterdaad naar het zuiden van Zimbabwe, waar hongersnood is uitgebroken door de enorme droogte die El Nino met zich mee brengt. Noodhulp is van levensbelang.","formattedEpisodeNumbering":null,"formattedDate":"Zo 1 mei. 2016","formattedDateShort":"Mei. 2016","formattedTime":"10:05","formattedDuration":"7m","formattedAvailabilityWindow":null,"formattedAvailabilityWindowShort":null,"image":{"portraitUrl":null,"landscapeUrl":"https:\/\/images.nlziet.nl\/metadataimportimages\/source\/5BD36C60D04E5E74F1C963D8FDCE5526D9BE35299AD301A42CB82C02D6D7EFF4.jpg"},"logo":{"normalUrl":"https:\/\/cdn.nlziet.nl\/static\/assets\/contentproviders\/npo.png","darkUrl":"https:\/\/cdn.nlziet.nl\/static\/assets\/contentproviders\/dark\/npo.png","flatUrl":"https:\/\/cdn.nlziet.nl\/static\/assets\/contentproviders\/flat\/npo.png"},"tags":[],"seriesId":"67IaRe4ka0e8Pr-f7Cjp1w"},{"id":"TNwKTk9xkU6og2qBdyFt8A","type":"Vod","title":"EO Metterdaad","subtitle":"Cambodja","description":"EO - De situatie van de 32-jarige Sam Oeurn Phan uit Cambodja is niet om over naar huis te schrijven. Ze is alleen met drie jonge kinderen, haar moeder is overleden en in Toul Sambo, waar ze wonen, is geen werk. Ze zoekt op straat naar plastic om geld te verdienen en dit doet ze met een grote glimlach. De bandleden van Trinity zijn als ambassadeurs van hulporganisatie TEAR in Cambodja. Ze ontmoeten daar Sam.","formattedEpisodeNumbering":null,"formattedDate":"Zo 10 apr. 2016","formattedDateShort":"Apr. 2016","formattedTime":"10:05","formattedDuration":"7m","formattedAvailabilityWindow":null,"formattedAvailabilityWindowShort":null,"image":{"portraitUrl":null,"landscapeUrl":"https:\/\/images.nlziet.nl\/metadataimportimages\/source\/A84B306108DB1CB13240E3D580F2E57EE6E1027D45B219B4C363ED5314971AB9.jpg"},"logo":{"normalUrl":"https:\/\/cdn.nlziet.nl\/static\/assets\/contentproviders\/npo.png","darkUrl":"https:\/\/cdn.nlziet.nl\/static\/assets\/contentproviders\/dark\/npo.png","flatUrl":"https:\/\/cdn.nlziet.nl\/static\/assets\/contentproviders\/flat\/npo.png"},"tags":[],"seriesId":"67IaRe4ka0e8Pr-f7Cjp1w"},{"id":"wthUlk4T70OwJr7lWj4Utw","type":"Vod","title":"EO Metterdaad","subtitle":"Cambodja","description":"EO - Op geen enkele kaart is het te vinden, Toul Sambo in Cambodja. Op deze plek heeft de regering veertig arme families geplaatst die besmet waren met het hiv-virus. Vandaag de dag is het een kleine gemeenschap die gebukt gaat onder grote werkloosheid, armoede en slechte hygi\u00ebne. De band Trinity is ambassadeur van hulporganisatie TEAR en is afgereisd naar het zonnige Cambodja om met eigen ogen te zien wat TEAR doet om de mensen in Toul Sambo te helpen.","formattedEpisodeNumbering":null,"formattedDate":"Zo 3 apr. 2016","formattedDateShort":"Apr. 2016","formattedTime":"11:05","formattedDuration":"7m","formattedAvailabilityWindow":null,"formattedAvailabilityWindowShort":null,"image":{"portraitUrl":null,"landscapeUrl":"https:\/\/images.nlziet.nl\/metadataimportimages\/source\/ADDD270E2EE6B57C7D780B2253103519E4E095DB7BEF2839BA6CB0B19BFAC875.jpg"},"logo":{"normalUrl":"https:\/\/cdn.nlziet.nl\/static\/assets\/contentproviders\/npo.png","darkUrl":"https:\/\/cdn.nlziet.nl\/static\/assets\/contentproviders\/dark\/npo.png","flatUrl":"https:\/\/cdn.nlziet.nl\/static\/assets\/contentproviders\/flat\/npo.png"},"tags":[],"seriesId":"67IaRe4ka0e8Pr-f7Cjp1w"},{"id":"4DDfCIasv0Gp4zJHP8nEfw","type":"Vod","title":"EO Metterdaad","subtitle":"Guatamala","description":"EO - Analfabetisme is in Guatemala een groot probleem. Zestig procent van de bevolking kan niet lezen en schrijven. Hella van der Wijst ziet hoe een school in de gevaarlijkste wijk van Guatemala-Stad het verschil probeert te maken in een omgeving vol armoede, geweld en drugs.","formattedEpisodeNumbering":null,"formattedDate":"Zo 27 mrt. 2016","formattedDateShort":"Mrt. 2016","formattedTime":"10:00","formattedDuration":"7m","formattedAvailabilityWindow":null,"formattedAvailabilityWindowShort":null,"image":{"portraitUrl":null,"landscapeUrl":"https:\/\/images.nlziet.nl\/metadataimportimages\/source\/2B592D04C0FE977A2E5F3EE9D57869BF60DA10AA434CBF145D2133D51A0390AB.jpg"},"logo":{"normalUrl":"https:\/\/cdn.nlziet.nl\/static\/assets\/contentproviders\/npo.png","darkUrl":"https:\/\/cdn.nlziet.nl\/static\/assets\/contentproviders\/dark\/npo.png","flatUrl":"https:\/\/cdn.nlziet.nl\/static\/assets\/contentproviders\/flat\/npo.png"},"tags":[],"seriesId":"67IaRe4ka0e8Pr-f7Cjp1w"},{"id":"KfRZ97739kqy3rj78PLokA","type":"Vod","title":"EO Metterdaad","subtitle":"Guatamala","description":"EO - Jose loopt al vijftien jaar elke dag naar de grootste vuilnisbelt van Guatemala. Daar zoekt hij naar allerlei dingen die hij kan verkopen. Zo kan hij voor zijn drie kleine kinderen zorgen. Zijn vrouw is bij hem weggelopen en hij staat er nu alleen voor.","formattedEpisodeNumbering":null,"formattedDate":"Zo 20 mrt. 2016","formattedDateShort":"Mrt. 2016","formattedTime":"10:05","formattedDuration":"6m","formattedAvailabilityWindow":null,"formattedAvailabilityWindowShort":null,"image":{"portraitUrl":null,"landscapeUrl":"https:\/\/images.nlziet.nl\/metadataimportimages\/source\/510A83D3145842EDCC9F112AA48C93228B9FD269B6CC9B7F9320752A8B5366A1.jpg"},"logo":{"normalUrl":"https:\/\/cdn.nlziet.nl\/static\/assets\/contentproviders\/npo.png","darkUrl":"https:\/\/cdn.nlziet.nl\/static\/assets\/contentproviders\/dark\/npo.png","flatUrl":"https:\/\/cdn.nlziet.nl\/static\/assets\/contentproviders\/flat\/npo.png"},"tags":[],"seriesId":"67IaRe4ka0e8Pr-f7Cjp1w"},{"id":"v4S9oYyX-Eq-aYKPIz6fgA","type":"Vod","title":"EO Metterdaad","subtitle":"Guatamala","description":"EO - Het is pijnlijk om te zien hoe generatie op generatie soms gevangen kan blijven in een uitzichtloze situatie. Hella van der Wijst ontmoet in Guatemala-Stad de twee\u00ebntwintigjarige Fredy die, toen hij drie jaar oud was, op straat belandde. Nu leven zijn twee jonge kinderen hier, omdat zijn vrouw nog niet zonder de drugs en haar vrienden van de straat kan.","formattedEpisodeNumbering":null,"formattedDate":"Zo 13 mrt. 2016","formattedDateShort":"Mrt. 2016","formattedTime":"10:05","formattedDuration":"6m","formattedAvailabilityWindow":null,"formattedAvailabilityWindowShort":null,"image":{"portraitUrl":null,"landscapeUrl":"https:\/\/images.nlziet.nl\/metadataimportimages\/source\/57A42DC954CF208880E1A8226AF4C051044B1755F81AFEFA12AE74C2C9FD186D.jpg"},"logo":{"normalUrl":"https:\/\/cdn.nlziet.nl\/static\/assets\/contentproviders\/npo.png","darkUrl":"https:\/\/cdn.nlziet.nl\/static\/assets\/contentproviders\/dark\/npo.png","flatUrl":"https:\/\/cdn.nlziet.nl\/static\/assets\/contentproviders\/flat\/npo.png"},"tags":[],"seriesId":"67IaRe4ka0e8Pr-f7Cjp1w"},{"id":"WAhGIQ64bUeTeiBgP8FNLQ","type":"Vod","title":"EO Metterdaad","subtitle":"Guatamala","description":"EO - In Guatemala-Stad valt de schemering in. In de donkere straten van een van de gevaarlijkste wijken van de stad staan op verschillende plekken groepen jongeren. De meesten van hen leven hier, dakloos en verslaafd aan lijm. Hella van der Wijst is in Guatemala en bezoekt deze straten met hulpverlener Gary de Le\u00f3n.","formattedEpisodeNumbering":null,"formattedDate":"Zo 6 mrt. 2016","formattedDateShort":"Mrt. 2016","formattedTime":"10:05","formattedDuration":"7m","formattedAvailabilityWindow":null,"formattedAvailabilityWindowShort":null,"image":{"portraitUrl":null,"landscapeUrl":"https:\/\/images.nlziet.nl\/metadataimportimages\/source\/58E74760D059983975975A093A110F7D7016E9F9EA99A7A0693A9D3B9F75B0A1.jpg"},"logo":{"normalUrl":"https:\/\/cdn.nlziet.nl\/static\/assets\/contentproviders\/npo.png","darkUrl":"https:\/\/cdn.nlziet.nl\/static\/assets\/contentproviders\/dark\/npo.png","flatUrl":"https:\/\/cdn.nlziet.nl\/static\/assets\/contentproviders\/flat\/npo.png"},"tags":[],"seriesId":"67IaRe4ka0e8Pr-f7Cjp1w"},{"id":"hEn8oV3LQE2QAJ5MU2w6tg","type":"Vod","title":"EO Metterdaad","subtitle":"Madagaskar","description":"EO - Je kunt het je bijna niet voorstellen, maar in Madagaskar zijn de mensen dolblij als ze naar de tandarts mogen. De pijn die ze nu voelen is erger dan de pijn van de behandeling en daarom staan sommigen zelfs dagen in de rij om op de tandartsstoel bij Mercy Ships te mogen plaatsnemen.","formattedEpisodeNumbering":null,"formattedDate":"Zo 28 feb. 2016","formattedDateShort":"Feb. 2016","formattedTime":"10:05","formattedDuration":"7m","formattedAvailabilityWindow":null,"formattedAvailabilityWindowShort":null,"image":{"portraitUrl":null,"landscapeUrl":"https:\/\/images.nlziet.nl\/metadataimportimages\/source\/E3A4EDD5D9486363373381056EFC88514AB0C67C1E1687252C91522684B8AD08.jpg"},"logo":{"normalUrl":"https:\/\/cdn.nlziet.nl\/static\/assets\/contentproviders\/npo.png","darkUrl":"https:\/\/cdn.nlziet.nl\/static\/assets\/contentproviders\/dark\/npo.png","flatUrl":"https:\/\/cdn.nlziet.nl\/static\/assets\/contentproviders\/flat\/npo.png"},"tags":[],"seriesId":"67IaRe4ka0e8Pr-f7Cjp1w"},{"id":"yo_OJgMfnUSU1-Jrb5h3Dg","type":"Vod","title":"EO Metterdaad","subtitle":"Madagaskar","description":"EO - Terwijl Andries Knevel meeloopt met een medisch team van Mercy Ships in Madagaskar, ontmoet hij daar de elfjarige Victorien. Een jongetje van het platteland met een tumor in zijn gezicht, die zich in \u00e9\u00e9n jaar tijd razendsnel heeft ontwikkeld. Het schip van Mercy Ships ligt steeds een klein jaar in \u00e9\u00e9n land en kan op deze manier hulp bieden aan mensen als Victorien over de hele wereld. Andries blijft even stil staan voor aantal foto's van pati\u00ebnten die door Mercy Ships zijn geholpen. 'Dit zijn dingen die je in Nederland nooit ziet: tumoren die helemaal doorgroeien, omdat ze niet naar een ziekenhuis kunnen. Dan komt het schip van Mercy Ships aan en de dokters en verpleegkundigen screenen de dorpen en dit type mensen wordt hier dan uitgenodigd. Zij krijgen gezondheid en waardigheid terug.'","formattedEpisodeNumbering":null,"formattedDate":"Zo 21 feb. 2016","formattedDateShort":"Feb. 2016","formattedTime":"10:05","formattedDuration":"7m","formattedAvailabilityWindow":null,"formattedAvailabilityWindowShort":null,"image":{"portraitUrl":null,"landscapeUrl":"https:\/\/images.nlziet.nl\/metadataimportimages\/source\/426B57CA39DC0C5F5C5D3CE311D598AC5BA8CD8602201C13133A9D5CA8ABAE5E.jpg"},"logo":{"normalUrl":"https:\/\/cdn.nlziet.nl\/static\/assets\/contentproviders\/npo.png","darkUrl":"https:\/\/cdn.nlziet.nl\/static\/assets\/contentproviders\/dark\/npo.png","flatUrl":"https:\/\/cdn.nlziet.nl\/static\/assets\/contentproviders\/flat\/npo.png"},"tags":[],"seriesId":"67IaRe4ka0e8Pr-f7Cjp1w"},{"id":"AyyPXTM3mEOS11Y_4oAoww","type":"Vod","title":"EO Metterdaad","subtitle":"Madagaskar","description":"EO - Voor een op de vijfhonderd kinderen die worden geboren in Madagaskar doet elke stap die ze zetten pijn. Zij worden namelijk geboren met een klompvoetje. Mercy Ships probeert zoveel mogelijk van deze kinderen een medische behandeling te geven. Andries Knevel is in Madagaskar om te kijken hoe het team van Mercy Ships te werk gaat. Daar spreekt hij in de behandeltent met fysiotherapeut Dean Hufstedler over zijn motivatie voor zijn werk bij Mercy Ships: 'Ik doe dit omdat ik mij geroepen voel door God om Zijn kleine mensen te helpen. Iemand moet dit kind helpen. Waarom ik niet?'","formattedEpisodeNumbering":null,"formattedDate":"Zo 14 feb. 2016","formattedDateShort":"Feb. 2016","formattedTime":"10:05","formattedDuration":"7m","formattedAvailabilityWindow":null,"formattedAvailabilityWindowShort":null,"image":{"portraitUrl":null,"landscapeUrl":"https:\/\/images.nlziet.nl\/metadataimportimages\/source\/FF6266807FA4BEC9AC0B2E873C122E5418930872C94E2AE5FF47DD40B57DF183.jpg"},"logo":{"normalUrl":"https:\/\/cdn.nlziet.nl\/static\/assets\/contentproviders\/npo.png","darkUrl":"https:\/\/cdn.nlziet.nl\/static\/assets\/contentproviders\/dark\/npo.png","flatUrl":"https:\/\/cdn.nlziet.nl\/static\/assets\/contentproviders\/flat\/npo.png"},"tags":[],"seriesId":"67IaRe4ka0e8Pr-f7Cjp1w"},{"id":"ed8FL7LKZUiJ3twwm9d6Tg","type":"Vod","title":"EO Metterdaad","subtitle":"Madagaskar","description":"EO - De achttienjarige Tocline uit Madagaskar is verlaten door haar familie en volgens haar dorp rust er een vloek op haar. De reden daarvoor is een groot gezwel op haar gezicht dat vier jaar geleden begon met een klein bultje. Nu krijgt ze eindelijk een medische behandeling. Andries Knevel is afgereisd naar Madagaskar. Hij ontmoet daar Tocline bij het grootste particuliere ziekenhuisschip ter wereld van Mercy Ships.","formattedEpisodeNumbering":null,"formattedDate":"Zo 7 feb. 2016","formattedDateShort":"Feb. 2016","formattedTime":"10:05","formattedDuration":"7m","formattedAvailabilityWindow":null,"formattedAvailabilityWindowShort":null,"image":{"portraitUrl":null,"landscapeUrl":"https:\/\/images.nlziet.nl\/metadataimportimages\/source\/ACDD02DD773C031C7C4481E396331C7F9303A8C5F13BD80236A0783208958315.jpg"},"logo":{"normalUrl":"https:\/\/cdn.nlziet.nl\/static\/assets\/contentproviders\/npo.png","darkUrl":"https:\/\/cdn.nlziet.nl\/static\/assets\/contentproviders\/dark\/npo.png","flatUrl":"https:\/\/cdn.nlziet.nl\/static\/assets\/contentproviders\/flat\/npo.png"},"tags":[],"seriesId":"67IaRe4ka0e8Pr-f7Cjp1w"},{"id":"-8Fiir9Bo0yjkGfb9OevSg","type":"Vod","title":"EO Metterdaad","subtitle":"Libanon","description":"EO - Hoewel we in Europa vooral kijken naar de vluchtelingen die onze landen bereiken, wordt het grootste deel van de vluchtelingen nog steeds opgevangen in de buurlanden. Zoals in Libanon. De steden en dorpen hier in de Bekaa-vallei zijn overbevolkt geraakt door de toestroom van Syrische vluchtelingen. Een verdrievoudiging van het inwoneraantal is geen uitzondering. In Anjar, grenzend aan de Syrische grens, wonen een kleine 20.000 Syrische vluchtelingen op een bevolking van 3.500 mensen. Dat heeft een enorme impact op de toch vaak al schamele voorzingen. Water, elektriciteit, voedsel; aan alles is gebrek. Dat geldt niet alleen voor de vluchtelingen, maar ook voor de arme bevolking zelf. Gelukkig is er steeds meer oog voor dit probleem en wordt er met man en macht gewerkt om te zorgen voor voldoende en schoon water voor iedereen. Om te laten zien dat de Libanese bevolking over een lange adem beschikt, ook als het gaat om hun gastvrijheid, koken lokale inwoners en vluchtelingen met elkaar voor de mensen die het echt nodig hebben.","formattedEpisodeNumbering":null,"formattedDate":"Zo 31 jan. 2016","formattedDateShort":"Jan. 2016","formattedTime":"10:05","formattedDuration":"7m","formattedAvailabilityWindow":null,"formattedAvailabilityWindowShort":null,"image":{"portraitUrl":null,"landscapeUrl":"https:\/\/images.nlziet.nl\/metadataimportimages\/source\/B255A5679555E835ABE0B6B6EED3D6EC9FAECB5D97E27BD82B1EA30A04B65DC2.jpg"},"logo":{"normalUrl":"https:\/\/cdn.nlziet.nl\/static\/assets\/contentproviders\/npo.png","darkUrl":"https:\/\/cdn.nlziet.nl\/static\/assets\/contentproviders\/dark\/npo.png","flatUrl":"https:\/\/cdn.nlziet.nl\/static\/assets\/contentproviders\/flat\/npo.png"},"tags":[],"seriesId":"67IaRe4ka0e8Pr-f7Cjp1w"},{"id":"k7S3e-ywgE-F0AifjAqUlA","type":"Vod","title":"EO Metterdaad","subtitle":"Libanon","description":"EO - Zo midden in de winter hebben de barre leefomstandigheden, de kou en de stress hun weerslag op de conditie van de vluchtelingen uit Syri\u00eb. Vaak wonen ze hier al meer dan drie jaar in de Bekaa-vallei, net over de grens met Syri\u00eb. De gevolgen van het langdurige verblijf zijn het eerst te zien bij de kinderen; verschillende ziektes en zelfs ondervoeding komt hier steeds vaker voor.","formattedEpisodeNumbering":null,"formattedDate":"Zo 24 jan. 2016","formattedDateShort":"Jan. 2016","formattedTime":"10:05","formattedDuration":"7m","formattedAvailabilityWindow":null,"formattedAvailabilityWindowShort":null,"image":{"portraitUrl":null,"landscapeUrl":"https:\/\/images.nlziet.nl\/metadataimportimages\/source\/07542D60A493AFE3CC993D4A3E635468DCCF7AD7FB117652E7A2969F5C587496.jpg"},"logo":{"normalUrl":"https:\/\/cdn.nlziet.nl\/static\/assets\/contentproviders\/npo.png","darkUrl":"https:\/\/cdn.nlziet.nl\/static\/assets\/contentproviders\/dark\/npo.png","flatUrl":"https:\/\/cdn.nlziet.nl\/static\/assets\/contentproviders\/flat\/npo.png"},"tags":[],"seriesId":"67IaRe4ka0e8Pr-f7Cjp1w"},{"id":"zJ0290vPnEmnaYZHLdPsYg","type":"Vod","title":"EO Metterdaad","subtitle":"Libanon","description":"EO - Door de oorlog in Syri\u00eb zijn ruim vier miljoen Syri\u00ebrs naar andere landen gevlucht. Ook onder de bootvluchtelingen bevinden zich veel Syri\u00ebrs, die wanhopig de EU proberen te bereiken. Maar hoezeer de enorme aantallen vluchtelingen ons ook overweldigden, de meeste vluchtelingen worden nog altijd in de buurlanden van Syri\u00eb opgevangen. Daarom voert Metterdaad de komende weken actie voor opvang in de regio.","formattedEpisodeNumbering":null,"formattedDate":"Zo 17 jan. 2016","formattedDateShort":"Jan. 2016","formattedTime":"10:05","formattedDuration":"7m","formattedAvailabilityWindow":null,"formattedAvailabilityWindowShort":null,"image":{"portraitUrl":null,"landscapeUrl":"https:\/\/images.nlziet.nl\/metadataimportimages\/source\/762DB9ACB7823A4B199EBB81D015E42C9C038FEDCA3B00E6C18C6B4F5F40EC0B.jpg"},"logo":{"normalUrl":"https:\/\/cdn.nlziet.nl\/static\/assets\/contentproviders\/npo.png","darkUrl":"https:\/\/cdn.nlziet.nl\/static\/assets\/contentproviders\/dark\/npo.png","flatUrl":"https:\/\/cdn.nlziet.nl\/static\/assets\/contentproviders\/flat\/npo.png"},"tags":[],"seriesId":"67IaRe4ka0e8Pr-f7Cjp1w"},{"id":"uaL7Ea6kTUOLGIhtqJ331g","type":"Vod","title":"EO Metterdaad","subtitle":"Metterdaad","description":"EO - Andries Knevel is in Moldavi\u00eb en ontmoet daar Maxim. Sinds een aantal jaar woont de dertienjarige Maxim met zijn zusje en nichtje van zes jaar bij zijn grootouders. Een aantal jaar geleden is zijn moeder overleden, zijn vader was toen al vertrokken bij het gezin. Op dat moment draagt Maxim de verantwoordelijkheid over het hele huishouden en zijn neefje en nichtje. Gelukkig is er de plaatselijke priester die een oogje in het zeil houdt. Hij haalt Maxim en vergelijkbare jongeren regelmatig bij elkaar in de kerk. Dit is niet alleen heel gezellig, maar ook heel nuttig. Doordat deze jongeren vaak uit gebroken gezinnen komen, kennen ze niet altijd een goede opvoeding. De priester spant zich dan ook in om hun leven in een goede richting te duwen.","formattedEpisodeNumbering":null,"formattedDate":"Zo 10 jan. 2016","formattedDateShort":"Jan. 2016","formattedTime":"10:05","formattedDuration":"7m","formattedAvailabilityWindow":null,"formattedAvailabilityWindowShort":null,"image":{"portraitUrl":null,"landscapeUrl":"https:\/\/images.nlziet.nl\/metadataimportimages\/source\/18564118F5950E52DABE0AAB704BFB37A6A52FE954FD1582E9B360CB10606F53.jpg"},"logo":{"normalUrl":"https:\/\/cdn.nlziet.nl\/static\/assets\/contentproviders\/npo.png","darkUrl":"https:\/\/cdn.nlziet.nl\/static\/assets\/contentproviders\/dark\/npo.png","flatUrl":"https:\/\/cdn.nlziet.nl\/static\/assets\/contentproviders\/flat\/npo.png"},"tags":[],"seriesId":"67IaRe4ka0e8Pr-f7Cjp1w"},{"id":"B0GwC2wEWUeLjfxTlAvzBQ","type":"Vod","title":"EO Metterdaad","subtitle":"Metterdaad","description":"EO - Bij een lokale kerkelijke gemeente in Moldavi\u00eb ontmoet Andries de tweeling Victorina en Ionella. Samen met andere jongeren bezorgen ze voedselpakketten bij ouderen thuis. Daarnaast helpen de jongeren deze oude mensen met klusjes als vegen, schilderen, houthakken en water putten. De tweeling doet de afwas bij een oudere dame die hun hulp hard nodig heeft. Maar de tweeling heeft het zelf ook zwaar.","formattedEpisodeNumbering":null,"formattedDate":"Vr 1 jan. 2016","formattedDateShort":"Jan. 2016","formattedTime":"09:55","formattedDuration":"7m","formattedAvailabilityWindow":null,"formattedAvailabilityWindowShort":null,"image":{"portraitUrl":null,"landscapeUrl":"https:\/\/images.nlziet.nl\/metadataimportimages\/source\/2BB9529F28F323AFE5E2D19CBFC0E44A41E3048E1F53ABD5A1576D75339ECBE8.jpg"},"logo":{"normalUrl":"https:\/\/cdn.nlziet.nl\/static\/assets\/contentproviders\/npo.png","darkUrl":"https:\/\/cdn.nlziet.nl\/static\/assets\/contentproviders\/dark\/npo.png","flatUrl":"https:\/\/cdn.nlziet.nl\/static\/assets\/contentproviders\/flat\/npo.png"},"tags":[],"seriesId":"67IaRe4ka0e8Pr-f7Cjp1w"}]