[{"id":"GuUhNSTkkkCcFTeQaIHyLQ","type":"Vod","title":"Natuur Op Z: Earth - The Nature Of Our Planet","subtitle":"Afl. 3: Water","description":"RTLZ - Oceanen zijn de drijvende kracht achter verschillende weersverschijnselen en ze vormen een habitat voor een ontelbaar aantal levensvormen. Enkele van de belangrijkste zijn microscopisch kleine planten en bacteri\u00ebn. Fytoplankton is de grootste primaire producent van zuurstof op aarde. Het is de voedselbron van zo\u00f6plankton en van veel hogere dieren. Algen zijn dan weer mooi om naar te kijken, maar dodelijk voor veel andere soorten. De constante cyclus die de oceanen kennen staat onder invloed van de maan. Eb en vloed zorgen voor het bestaan van kustlijnen, waar sommige van de meest unieke wezens hun habitat hebben.","formattedEpisodeNumbering":"S1:A3","formattedDate":"Ma 19 jul. 2021","formattedDateShort":"Jul. 2021","formattedTime":"22:25","formattedDuration":"49m","formattedAvailabilityWindow":null,"formattedAvailabilityWindowShort":null,"image":{"portraitUrl":null,"landscapeUrl":"https:\/\/images.nlziet.nl\/metadataimportimages\/source\/04CDBA6C86B731443186780305B72BED0216736B0E2FD40A46837BC33B497A83.jpg"},"logo":{"normalUrl":"https:\/\/cdn.nlziet.nl\/static\/assets\/contentproviders\/rtl.png","darkUrl":"https:\/\/cdn.nlziet.nl\/static\/assets\/contentproviders\/dark\/rtl.png","flatUrl":"https:\/\/cdn.nlziet.nl\/static\/assets\/contentproviders\/flat\/rtl.png"},"tags":[],"seriesId":"5rGOowY-GkON4trd8O4neQ"},{"id":"UYntDKwBdUaqbfkumwI7fw","type":"Vod","title":"Natuur Op Z: Earth - The Nature Of Our Planet","subtitle":"Afl. 2: Land","description":"RTLZ - Land is onderhevig aan constante veranderingen, onder meer door vulkanen en de platentektoniek, die leidt tot aardbevingen en tsunami's. Paradoxaal genoeg zorgen die destructieve veranderingen ook voor nieuw leven. Vulkaanuitbarstingen doen nieuwe eilanden ontstaan, zaden worden via de wind vervoerd, insecten, vogels en andere dieren volgen. Bovendien maakt ook de mens handig gebruik van de grondstoffen en de natuurlijke hulpbronnen die het land te bieden heeft. Het land herbergt zo een onzichtbare schat die alle organismen op de planeet ten goede komt.","formattedEpisodeNumbering":"S1:A2","formattedDate":"Ma 19 jul. 2021","formattedDateShort":"Jul. 2021","formattedTime":"21:30","formattedDuration":"41m","formattedAvailabilityWindow":null,"formattedAvailabilityWindowShort":null,"image":{"portraitUrl":null,"landscapeUrl":"https:\/\/images.nlziet.nl\/metadataimportimages\/source\/F928EB7FB89E5E8170FD36C0BDA77240BCE2893B98E5C62FAA1C1C459E4DAF5E.jpg"},"logo":{"normalUrl":"https:\/\/cdn.nlziet.nl\/static\/assets\/contentproviders\/rtl.png","darkUrl":"https:\/\/cdn.nlziet.nl\/static\/assets\/contentproviders\/dark\/rtl.png","flatUrl":"https:\/\/cdn.nlziet.nl\/static\/assets\/contentproviders\/flat\/rtl.png"},"tags":[],"seriesId":"5rGOowY-GkON4trd8O4neQ"},{"id":"3nWHUJUDaEKPH5XdmHwcew","type":"Vod","title":"Natuur Op Z: Earth - The Nature Of Our Planet","subtitle":"Afl. 1: Air","description":"RTLZ - Lucht is dan wel onzichtbaar, maar iedereen weet dat zuurstof van onmiskenbaar groot belang is voor elke vorm van leven. Maar er is ook de atmosfeer, onze beschermlaag tegen extreme temperaturen en buitenaardse gevaren zoals meteoren of uv-stralen. In die atmosfeer leven niet enkel vogels, maar ook recenter ontdekte levensvormen. De atmosfeer is daarnaast ook een communicatiemiddel, want ze transporteert geluiden. Toch is er ook een keerzijde: de drukverschillen en extreme temperaturen in de luchtlaag zorgen voor tornado's, die sporen van grote vernieling achterlaten.","formattedEpisodeNumbering":"S1:A1","formattedDate":"Ma 19 jul. 2021","formattedDateShort":"Jul. 2021","formattedTime":"20:30","formattedDuration":"39m","formattedAvailabilityWindow":null,"formattedAvailabilityWindowShort":null,"image":{"portraitUrl":null,"landscapeUrl":"https:\/\/images.nlziet.nl\/metadataimportimages\/source\/380DCC7E30C9308A612A86D83A9F2DE2FCBF97B8C056F5A061FD09EE09DE9A5B.jpg"},"logo":{"normalUrl":"https:\/\/cdn.nlziet.nl\/static\/assets\/contentproviders\/rtl.png","darkUrl":"https:\/\/cdn.nlziet.nl\/static\/assets\/contentproviders\/dark\/rtl.png","flatUrl":"https:\/\/cdn.nlziet.nl\/static\/assets\/contentproviders\/flat\/rtl.png"},"tags":[],"seriesId":"5rGOowY-GkON4trd8O4neQ"}]