[{"id":"TrESRVXAY0aA1YJqAPoyJg","type":"Vod","title":"Steenrijk, straatarm","subtitle":"Aflevering 20","description":"Deze week verruilen Henk en Sanne hun gloednieuwe villa in Zeist met de sociale huurwoning van de familie Leerentveld uit Bakkenveen. Hoe bevalt het samenwonen voor Henk en Sanne in een kleine woning? En hoe gaat de familie Leerentveld reageren als ze horen dat ze ruilen met een bekende volkszanger?","formattedEpisodeNumbering":null,"formattedDate":"Di 29 okt. 2019","formattedDateShort":"Okt. 2019","formattedTime":"20:29","formattedDuration":"40m","formattedAvailabilityWindow":null,"formattedAvailabilityWindowShort":null,"image":{"portraitUrl":"https:\/\/images.nlziet.nl\/metadataimportimages\/source\/7718F90A678DD60F570674F616ABE88339701EA583028FFF1D06446B15669738.jpg","landscapeUrl":"https:\/\/images.nlziet.nl\/metadataimportimages\/source\/AE02E6107EBBCD1F968C6FC399F06CC4280BB5A4271A8C1CBBDFFB55654AD2DF.jpg"},"logo":{"normalUrl":"https:\/\/cdn.nlziet.nl\/static\/assets\/contentproviders\/sbs.png","darkUrl":"https:\/\/cdn.nlziet.nl\/static\/assets\/contentproviders\/dark\/sbs.png","flatUrl":"https:\/\/cdn.nlziet.nl\/static\/assets\/contentproviders\/flat\/sbs.png"},"tags":[],"seriesId":"6g186RhGL0ennx2vCJvE-g"},{"id":"K0rUljptKUqEJwgJ16QVMg","type":"Vod","title":"Steenrijk, straatarm","subtitle":"Aflevering 19","description":"Deze week ruilt de rijke familie Halm uit het Franse Lainsecq met de arme familie Hogenberg uit Huizen. Gaat de familie Halm de rust en ruimte uit Frankrijk missen? En hoe reageert de familie Hogenberg als ze horen dat ze voor het eerst met elkaar naar het buitenland gaan?","formattedEpisodeNumbering":null,"formattedDate":"Di 22 okt. 2019","formattedDateShort":"Okt. 2019","formattedTime":"20:29","formattedDuration":"40m","formattedAvailabilityWindow":null,"formattedAvailabilityWindowShort":null,"image":{"portraitUrl":"https:\/\/images.nlziet.nl\/metadataimportimages\/source\/7718F90A678DD60F570674F616ABE88339701EA583028FFF1D06446B15669738.jpg","landscapeUrl":"https:\/\/images.nlziet.nl\/metadataimportimages\/source\/68074C3B463BDF15D6D73BB0F3B802A1B7395F4EB94EB58CABBFF41DB951BA23.jpg"},"logo":{"normalUrl":"https:\/\/cdn.nlziet.nl\/static\/assets\/contentproviders\/sbs.png","darkUrl":"https:\/\/cdn.nlziet.nl\/static\/assets\/contentproviders\/dark\/sbs.png","flatUrl":"https:\/\/cdn.nlziet.nl\/static\/assets\/contentproviders\/flat\/sbs.png"},"tags":[],"seriesId":"6g186RhGL0ennx2vCJvE-g"},{"id":"3Won0crtvESXVoEykQyCbQ","type":"Vod","title":"Steenrijk, straatarm","subtitle":"Aflevering 18","description":"SBS6 - Twee families met een volledig tegengesteld inkomen ruilen een week lang van huis, budget en dagelijks leven. Maakt geld werkelijk gelukkig? Aan het einde van de week wordt duidelijk hoeveel ze achteraf, ondanks hun verschillende financi\u00eble omstandigheden, toch gemeen hebben. En of geld inderdaad het verschil kan maken.","formattedEpisodeNumbering":null,"formattedDate":"Di 15 okt. 2019","formattedDateShort":"Okt. 2019","formattedTime":"20:29","formattedDuration":"42m","formattedAvailabilityWindow":null,"formattedAvailabilityWindowShort":null,"image":{"portraitUrl":"https:\/\/images.nlziet.nl\/metadataimportimages\/source\/B68ABD3BEB437835CD9FCD6E4351DF763681919FF1EAA8CC4597E4372E5BE119.jpg","landscapeUrl":"https:\/\/images.nlziet.nl\/metadataimportimages\/source\/DB0FC01AD51FD51212091BDA35D02760109CD4F08D0A7253B39B32D6D0FC27B5.jpg"},"logo":{"normalUrl":"https:\/\/cdn.nlziet.nl\/static\/assets\/contentproviders\/sbs.png","darkUrl":"https:\/\/cdn.nlziet.nl\/static\/assets\/contentproviders\/dark\/sbs.png","flatUrl":"https:\/\/cdn.nlziet.nl\/static\/assets\/contentproviders\/flat\/sbs.png"},"tags":[],"seriesId":"6g186RhGL0ennx2vCJvE-g"},{"id":"5AOiowKqpE-MctGMfT98WA","type":"Vod","title":"Steenrijk, straatarm","subtitle":"Aflevering 17","description":"SBS6 - Deze week verruilt de familie Rouw hun vrijstaande woning met de gezellige flat van familie Zark. Hoe gaat familie Rouw reageren als ze hun vrijstaande villa inruilen voor een flat? En gaat Dani\u00ebl iets opsteken van de ondernemersgeest van Vasco?","formattedEpisodeNumbering":null,"formattedDate":"Di 8 okt. 2019","formattedDateShort":"Okt. 2019","formattedTime":"20:31","formattedDuration":"42m","formattedAvailabilityWindow":null,"formattedAvailabilityWindowShort":null,"image":{"portraitUrl":null,"landscapeUrl":"https:\/\/images.nlziet.nl\/metadataimportimages\/source\/0A17E055AB5EF98C4772477BF7DE71DF6B09A51C6FEC23B72AE8746C447A1E76.jpg"},"logo":{"normalUrl":"https:\/\/cdn.nlziet.nl\/static\/assets\/contentproviders\/sbs.png","darkUrl":"https:\/\/cdn.nlziet.nl\/static\/assets\/contentproviders\/dark\/sbs.png","flatUrl":"https:\/\/cdn.nlziet.nl\/static\/assets\/contentproviders\/flat\/sbs.png"},"tags":[],"seriesId":"6g186RhGL0ennx2vCJvE-g"},{"id":"UOYY-y3jQ0-NYiLRnmNSUg","type":"Vod","title":"Steenrijk, straatarm","subtitle":"Aflevering 16","description":"SBS6 - Twee families met een volledig tegengesteld inkomen ruilen een week lang van huis, budget en dagelijks leven. Maakt geld werkelijk gelukkig? Aan het einde van de week wordt duidelijk hoeveel ze achteraf, ondanks hun verschillende financi\u00eble omstandigheden, toch gemeen hebben. En of geld inderdaad het verschil kan maken.","formattedEpisodeNumbering":null,"formattedDate":"Di 1 okt. 2019","formattedDateShort":"Okt. 2019","formattedTime":"20:29","formattedDuration":"43m","formattedAvailabilityWindow":null,"formattedAvailabilityWindowShort":null,"image":{"portraitUrl":null,"landscapeUrl":"https:\/\/images.nlziet.nl\/metadataimportimages\/source\/8BC4F8264EABC0A078D0EC9DD1873294EC1B94CAC5D13CD99338EE451474BC8B.jpg"},"logo":{"normalUrl":"https:\/\/cdn.nlziet.nl\/static\/assets\/contentproviders\/sbs.png","darkUrl":"https:\/\/cdn.nlziet.nl\/static\/assets\/contentproviders\/dark\/sbs.png","flatUrl":"https:\/\/cdn.nlziet.nl\/static\/assets\/contentproviders\/flat\/sbs.png"},"tags":[],"seriesId":"6g186RhGL0ennx2vCJvE-g"},{"id":"DgEqukeTTUuaY6-M2YuDfw","type":"Vod","title":"Steenrijk, straatarm","subtitle":"Aflevering 15","description":"SBS6 - Levensgenieters Eric en Marion Wijnen uit het Franse Crestet ruilen met de minder welgestelde familie Kreutz uit Zaandam.","formattedEpisodeNumbering":null,"formattedDate":"Di 24 sep. 2019","formattedDateShort":"Sep. 2019","formattedTime":"20:29","formattedDuration":"41m","formattedAvailabilityWindow":null,"formattedAvailabilityWindowShort":null,"image":{"portraitUrl":null,"landscapeUrl":"https:\/\/images.nlziet.nl\/metadataimportimages\/source\/8BC4F8264EABC0A078D0EC9DD1873294EC1B94CAC5D13CD99338EE451474BC8B.jpg"},"logo":{"normalUrl":"https:\/\/cdn.nlziet.nl\/static\/assets\/contentproviders\/sbs.png","darkUrl":"https:\/\/cdn.nlziet.nl\/static\/assets\/contentproviders\/dark\/sbs.png","flatUrl":"https:\/\/cdn.nlziet.nl\/static\/assets\/contentproviders\/flat\/sbs.png"},"tags":[],"seriesId":"6g186RhGL0ennx2vCJvE-g"},{"id":"WrUMwL8Q10q70ECLyTsKQA","type":"Vod","title":"Steenrijk, straatarm","subtitle":"Aflevering 14","description":"SBS6 - Deze week verruilen de schoenenontwerpster Zeynep Dag en haar personal assistent hun suite in Parijs voor de sociale huurwoning van de familie Nieuweboer uit Den Helder.","formattedEpisodeNumbering":null,"formattedDate":"Di 17 sep. 2019","formattedDateShort":"Sep. 2019","formattedTime":"20:31","formattedDuration":"42m","formattedAvailabilityWindow":null,"formattedAvailabilityWindowShort":null,"image":{"portraitUrl":null,"landscapeUrl":"https:\/\/images.nlziet.nl\/metadataimportimages\/source\/52F7599D17BA43909B6EEA004B85572417072FA71ED3607460461D826177B1CA.jpg"},"logo":{"normalUrl":"https:\/\/cdn.nlziet.nl\/static\/assets\/contentproviders\/sbs.png","darkUrl":"https:\/\/cdn.nlziet.nl\/static\/assets\/contentproviders\/dark\/sbs.png","flatUrl":"https:\/\/cdn.nlziet.nl\/static\/assets\/contentproviders\/flat\/sbs.png"},"tags":[],"seriesId":"6g186RhGL0ennx2vCJvE-g"},{"id":"10iwUnTJ0kKRlbWLc4zvMg","type":"Vod","title":"Steenrijk, straatarm","subtitle":"Aflevering 13","description":"SBS6 - Hoe gaat back to basic de familie Neve bevallen? En hoe gaat de familie Kant reageren op het kapitale onderkomen in het chique Sas van Gent?","formattedEpisodeNumbering":null,"formattedDate":"Di 10 sep. 2019","formattedDateShort":"Sep. 2019","formattedTime":"20:32","formattedDuration":"0m","formattedAvailabilityWindow":null,"formattedAvailabilityWindowShort":null,"image":{"portraitUrl":null,"landscapeUrl":"https:\/\/images.nlziet.nl\/metadataimportimages\/source\/39B96AF55B506DCAFC2FB5514BFA0F8BFACD0B2086DFBA9407044B0ADA05B7EB.jpg"},"logo":{"normalUrl":"https:\/\/cdn.nlziet.nl\/static\/assets\/contentproviders\/sbs.png","darkUrl":"https:\/\/cdn.nlziet.nl\/static\/assets\/contentproviders\/dark\/sbs.png","flatUrl":"https:\/\/cdn.nlziet.nl\/static\/assets\/contentproviders\/flat\/sbs.png"},"tags":[],"seriesId":"6g186RhGL0ennx2vCJvE-g"},{"id":"QpUxe-yj_kilYZThQpj38Q","type":"Vod","title":"Steenrijk, straatarm","subtitle":"Aflevering 12","description":"SBS6 - Deze keer ruilen Pervin en Martijn met alleenstaande moeder Miranda en haar drie kinderen. Pervin en Martijn zullen hun luxe huis in Istanboel en fijne appartement de P.C. Hooftstraat van Breda omruilen voor een minimalistisch bestaan in Dordrecht. De familie van Swerus krijgt daarentegen een weekbudget dat het vijftienvoudige is van wat ze normaal te besteden hebben.","formattedEpisodeNumbering":null,"formattedDate":"Ma 13 mei. 2019","formattedDateShort":"Mei. 2019","formattedTime":"20:31","formattedDuration":"0m","formattedAvailabilityWindow":null,"formattedAvailabilityWindowShort":null,"image":{"portraitUrl":null,"landscapeUrl":"https:\/\/images.nlziet.nl\/metadataimportimages\/source\/03D3A0BAEEE2BBC3871BF8BDD5BBB5825D2C82F1EA8AEFF65683238300428B3C.jpg"},"logo":{"normalUrl":"https:\/\/cdn.nlziet.nl\/static\/assets\/contentproviders\/sbs.png","darkUrl":"https:\/\/cdn.nlziet.nl\/static\/assets\/contentproviders\/dark\/sbs.png","flatUrl":"https:\/\/cdn.nlziet.nl\/static\/assets\/contentproviders\/flat\/sbs.png"},"tags":[],"seriesId":"6g186RhGL0ennx2vCJvE-g"},{"id":"9jwn0S4-ekGEdHIIMySYyw","type":"Vod","title":"Steenrijk, straatarm","subtitle":"Aflevering 11","description":"SBS6 - Deze week ruilen modeliefhebbers Nynke en Marcia uit het chique Amsterdamse Oud-Zuid met moeder Angeline en haar twee dochters die getekend zijn door een zware periode. Om antwoord te vinden op deze vragen zullen de onafscheidelijke Angeline en haar dochters een week in het hippe en chique Amsterdam Oud-Zuid vertoeven. Terwijl Nynke en Marcia een weekje back to basic moeten met een budget van slechts 75 euro.","formattedEpisodeNumbering":null,"formattedDate":"Ma 6 mei. 2019","formattedDateShort":"Mei. 2019","formattedTime":"20:30","formattedDuration":"41m","formattedAvailabilityWindow":null,"formattedAvailabilityWindowShort":null,"image":{"portraitUrl":null,"landscapeUrl":"https:\/\/images.nlziet.nl\/metadataimportimages\/source\/E2B772419E401387C773754510F902BF3A00CA30FB0C11D83748CA690F949A6C.jpg"},"logo":{"normalUrl":"https:\/\/cdn.nlziet.nl\/static\/assets\/contentproviders\/sbs.png","darkUrl":"https:\/\/cdn.nlziet.nl\/static\/assets\/contentproviders\/dark\/sbs.png","flatUrl":"https:\/\/cdn.nlziet.nl\/static\/assets\/contentproviders\/flat\/sbs.png"},"tags":[],"seriesId":"6g186RhGL0ennx2vCJvE-g"},{"id":"BUW7Txzz_UWYmjFNSZcZkA","type":"Vod","title":"Steenrijk, straatarm","subtitle":"Aflevering 10","description":"SBS6 - Deze week gaan de Belgische tortelduifjes Michel en Sofie ruilen met Jeanette, een alleenstaande moeder van twee zoons.  Jeanette zal met haar zoons een week vertoeven in een riante penthouse met zeezicht in de chique badplaats Blankenberge. Michel en Sofie zullen creatief om moeten gaan met het weekbudget van tachtig euro terwijl zij verblijven in een sociale huurwoning in Oosterhout.","formattedEpisodeNumbering":null,"formattedDate":"Ma 29 apr. 2019","formattedDateShort":"Apr. 2019","formattedTime":"20:31","formattedDuration":"41m","formattedAvailabilityWindow":null,"formattedAvailabilityWindowShort":null,"image":{"portraitUrl":null,"landscapeUrl":"https:\/\/images.nlziet.nl\/metadataimportimages\/source\/44EA18FFA13C1E2ADF127F5CE94481D88E5EC11158547D9F7A1DC1E8F622EB5F.jpg"},"logo":{"normalUrl":"https:\/\/cdn.nlziet.nl\/static\/assets\/contentproviders\/sbs.png","darkUrl":"https:\/\/cdn.nlziet.nl\/static\/assets\/contentproviders\/dark\/sbs.png","flatUrl":"https:\/\/cdn.nlziet.nl\/static\/assets\/contentproviders\/flat\/sbs.png"},"tags":[],"seriesId":"6g186RhGL0ennx2vCJvE-g"},{"id":"SuusbupNt0qrJpUIdvoROw","type":"Vod","title":"Steenrijk, straatarm","subtitle":"Aflevering 9","description":"Deze week ruilt de van origine Gooische Annekee met haar man Reinoud en dochter Anne-Fleur met de familie Van Egmond bestaande uit moeder Saskia, puberdochter Zo\u00eb en de elfjarige Tycho. Saskia is volledig afgekeurd vanwege de diagnose MS, dus moet het gezin rondkomen van een krap weekbudget. De familie van Egmond mag een week in de droomvilla van Annekee en Reinoud aan de Portugese kust vertoeven. En de Van Dalens proberen hun draai te vinden in het Gelderse dorpje Epse.","formattedEpisodeNumbering":null,"formattedDate":"Ma 22 apr. 2019","formattedDateShort":"Apr. 2019","formattedTime":"20:29","formattedDuration":"41m","formattedAvailabilityWindow":null,"formattedAvailabilityWindowShort":null,"image":{"portraitUrl":null,"landscapeUrl":"https:\/\/images.nlziet.nl\/metadataimportimages\/source\/956C837988DDC2A66EAEE06EDB7B7DC5EAF1645907D39697DC55C1963954725C.jpg"},"logo":{"normalUrl":"https:\/\/cdn.nlziet.nl\/static\/assets\/contentproviders\/sbs.png","darkUrl":"https:\/\/cdn.nlziet.nl\/static\/assets\/contentproviders\/dark\/sbs.png","flatUrl":"https:\/\/cdn.nlziet.nl\/static\/assets\/contentproviders\/flat\/sbs.png"},"tags":[],"seriesId":"6g186RhGL0ennx2vCJvE-g"},{"id":"Z2iZK2-Qq0icHtkxnlTXWA","type":"Vod","title":"Steenrijk, straatarm","subtitle":"Aflevering 8","description":"Deze week ruilt autohandelaar Sam van Dalen samen met zijn vrouw Sanne en hun twee dochters met de minder welvarende familie Swertz. Een reeks hartaanvallen heeft ervoor gezorgd dat het bedrijf van vader Vienes failliet is gegaan. Sinds deze dramatische gebeurtenis moeten Vienes, zijn vrouw Mariska en hun vijf kinderen rondkomen van een weekbudget van 120 euro. Om antwoord te vinden op de vraag of geld gelukkig maakt, mag de familie Swertz een week vertoeven in Nieuwe-Niedorp met een veertien-voudig weekbudget. De Van Dalens proberen hun draai te vinden in het roemruchte Den Helder.","formattedEpisodeNumbering":null,"formattedDate":"Ma 15 apr. 2019","formattedDateShort":"Apr. 2019","formattedTime":"20:30","formattedDuration":"41m","formattedAvailabilityWindow":null,"formattedAvailabilityWindowShort":null,"image":{"portraitUrl":null,"landscapeUrl":"https:\/\/images.nlziet.nl\/metadataimportimages\/source\/66EDE0FC3AECB794D861C96BC242B4C632AFCB7FB7AB14B61DCE0D8F555CBBCF.jpg"},"logo":{"normalUrl":"https:\/\/cdn.nlziet.nl\/static\/assets\/contentproviders\/sbs.png","darkUrl":"https:\/\/cdn.nlziet.nl\/static\/assets\/contentproviders\/dark\/sbs.png","flatUrl":"https:\/\/cdn.nlziet.nl\/static\/assets\/contentproviders\/flat\/sbs.png"},"tags":[],"seriesId":"6g186RhGL0ennx2vCJvE-g"},{"id":"QTFOumcZAkuV01e8iTdOIw","type":"Vod","title":"Steenrijk, straatarm","subtitle":"Aflevering 7","description":"Lukt het Bianca en Ruud om een week te leven van een voedselbankpakket? En kan de familie van der Laan nu eindelijk onbezorgd genieten van alle luxe om zich heen?","formattedEpisodeNumbering":null,"formattedDate":"Wo 6 feb. 2019","formattedDateShort":"Feb. 2019","formattedTime":"20:29","formattedDuration":"41m","formattedAvailabilityWindow":null,"formattedAvailabilityWindowShort":null,"image":{"portraitUrl":null,"landscapeUrl":"https:\/\/images.nlziet.nl\/metadataimportimages\/source\/8CFAE2290C6142C40E28CEC8AEE580135FD9D4F33BB749E156BDDFAB603F37D7.jpg"},"logo":{"normalUrl":"https:\/\/cdn.nlziet.nl\/static\/assets\/contentproviders\/sbs.png","darkUrl":"https:\/\/cdn.nlziet.nl\/static\/assets\/contentproviders\/dark\/sbs.png","flatUrl":"https:\/\/cdn.nlziet.nl\/static\/assets\/contentproviders\/flat\/sbs.png"},"tags":[],"seriesId":"6g186RhGL0ennx2vCJvE-g"},{"id":"e27sVSkY5U2UtVf7cd4G3A","type":"Vod","title":"Steenrijk, straatarm","subtitle":"Aflevering 6","description":"SBS6 - Sascha en Jamie hebben veel met elkaar gemeen, in tegenstelling tot hun levensstijl. Jamie is op dit moment een gelukkige alleenstaande moeder en geniet volop met haar zoontje London van het luxe leven. Sascha is een alleenstaande moeder van twee kinderen, Lara en Luuk. Na het vertrek van haar ex bleef Sascha met lege handen achter en raakte ze haar baan en woning kwijt.","formattedEpisodeNumbering":null,"formattedDate":"Wo 30 jan. 2019","formattedDateShort":"Jan. 2019","formattedTime":"20:27","formattedDuration":"41m","formattedAvailabilityWindow":null,"formattedAvailabilityWindowShort":null,"image":{"portraitUrl":null,"landscapeUrl":"https:\/\/images.nlziet.nl\/metadataimportimages\/source\/4675169D1E3262A97464F906E105F4AF3C1DE82F07B952E010FF86AB54500455.jpg"},"logo":{"normalUrl":"https:\/\/cdn.nlziet.nl\/static\/assets\/contentproviders\/sbs.png","darkUrl":"https:\/\/cdn.nlziet.nl\/static\/assets\/contentproviders\/dark\/sbs.png","flatUrl":"https:\/\/cdn.nlziet.nl\/static\/assets\/contentproviders\/flat\/sbs.png"},"tags":[],"seriesId":"6g186RhGL0ennx2vCJvE-g"},{"id":"yvddYCaS0EWYfY2Accj78g","type":"Vod","title":"Steenrijk, straatarm","subtitle":"Aflevering 5","description":"Sjaak Hudding begint 's ochtends vroeg met zijn werk bij een betonbedrijf en daarna Pauline Hudding in een verpleeghuis. Zo proberen ze beetje bij beetje de schulden weg te werken. Geld voor uitstapjes is er nooit, laat staan dat ze ooit met de kinderen op vakantie zijn geweest. En dat is dan ook hun grootste wens. De newlyweds Johannes & Djamila zijn niet anders gewend dan in het buiteland te wonen. Hun gigantische villa op Mallorca is gebouwd op een klif en kijkt uit over de zee, inclusief infinitypool, cinema en mancave. Kan de familie van den Hudding wennen aan de Spaanse zon? En gaan Djamila en Johannes hun jetset leven missen als ze in het gelovige Barneveld aankomen?","formattedEpisodeNumbering":null,"formattedDate":"Wo 23 jan. 2019","formattedDateShort":"Jan. 2019","formattedTime":"20:28","formattedDuration":"42m","formattedAvailabilityWindow":null,"formattedAvailabilityWindowShort":null,"image":{"portraitUrl":null,"landscapeUrl":"https:\/\/images.nlziet.nl\/metadataimportimages\/source\/8E38033438DFC5244ABBE9B64E7242348C9BAB04B961C93256303C056051FAD3.jpg"},"logo":{"normalUrl":"https:\/\/cdn.nlziet.nl\/static\/assets\/contentproviders\/sbs.png","darkUrl":"https:\/\/cdn.nlziet.nl\/static\/assets\/contentproviders\/dark\/sbs.png","flatUrl":"https:\/\/cdn.nlziet.nl\/static\/assets\/contentproviders\/flat\/sbs.png"},"tags":[],"seriesId":"6g186RhGL0ennx2vCJvE-g"},{"id":"qWoXHe9Fvk2vNmNn7vA42w","type":"Vod","title":"Steenrijk, straatarm","subtitle":"Aflevering 4","description":"SBS6 - Societykoppel Wende Gabri\u00ebl & Maarten Tiemissen ruilt van huis, haard & budget met de familie Kerk uit de Amsterdamse wijk de Baarsjes.","formattedEpisodeNumbering":null,"formattedDate":"Wo 16 jan. 2019","formattedDateShort":"Jan. 2019","formattedTime":"20:28","formattedDuration":"42m","formattedAvailabilityWindow":null,"formattedAvailabilityWindowShort":null,"image":{"portraitUrl":null,"landscapeUrl":"https:\/\/images.nlziet.nl\/metadataimportimages\/source\/68A153C754C5713EE6456E3FA6908ED6128E078C813DB4B30C334D42CCEFC5DF.jpg"},"logo":{"normalUrl":"https:\/\/cdn.nlziet.nl\/static\/assets\/contentproviders\/sbs.png","darkUrl":"https:\/\/cdn.nlziet.nl\/static\/assets\/contentproviders\/dark\/sbs.png","flatUrl":"https:\/\/cdn.nlziet.nl\/static\/assets\/contentproviders\/flat\/sbs.png"},"tags":[],"seriesId":"6g186RhGL0ennx2vCJvE-g"},{"id":"yneykrOTk0aihieh1gnldA","type":"Vod","title":"Steenrijk, straatarm","subtitle":"Aflevering 3","description":"SBS6 - Deze week verruilen de welgestelde hoteliers Lorenzo & Gaston hun Leidse grachtenpand voor de sociale huurwoning van de familie Te Winkel uit Zelhem.","formattedEpisodeNumbering":null,"formattedDate":"Wo 9 jan. 2019","formattedDateShort":"Jan. 2019","formattedTime":"20:29","formattedDuration":"41m","formattedAvailabilityWindow":null,"formattedAvailabilityWindowShort":null,"image":{"portraitUrl":null,"landscapeUrl":"https:\/\/images.nlziet.nl\/metadataimportimages\/source\/3E4A9E9B5E8642C128F1816F0093C3450483A7EAF5FDFC3B2AE82B2178408BF9.jpg"},"logo":{"normalUrl":"https:\/\/cdn.nlziet.nl\/static\/assets\/contentproviders\/sbs.png","darkUrl":"https:\/\/cdn.nlziet.nl\/static\/assets\/contentproviders\/dark\/sbs.png","flatUrl":"https:\/\/cdn.nlziet.nl\/static\/assets\/contentproviders\/flat\/sbs.png"},"tags":[],"seriesId":"6g186RhGL0ennx2vCJvE-g"},{"id":"WYyoN6wKXE6tqsm4oUf7Bw","type":"Vod","title":"Steenrijk, straatarm","subtitle":"Aflevering 2","description":"SBS6 - Deze week verruilen de welgestelde Aaldertjes uit Capelle aan de IJssel hun luxe nieuwbouwhuis voor de sociale huurflat van de familie Wijmans in Vlaardingen.","formattedEpisodeNumbering":null,"formattedDate":"Wo 2 jan. 2019","formattedDateShort":"Jan. 2019","formattedTime":"20:27","formattedDuration":"41m","formattedAvailabilityWindow":null,"formattedAvailabilityWindowShort":null,"image":{"portraitUrl":null,"landscapeUrl":"https:\/\/images.nlziet.nl\/metadataimportimages\/source\/7D34E0356898D88E9F4C97BCA28ED02A9190626E767C9A2B80FF8A5EF9A87BBE.jpg"},"logo":{"normalUrl":"https:\/\/cdn.nlziet.nl\/static\/assets\/contentproviders\/sbs.png","darkUrl":"https:\/\/cdn.nlziet.nl\/static\/assets\/contentproviders\/dark\/sbs.png","flatUrl":"https:\/\/cdn.nlziet.nl\/static\/assets\/contentproviders\/flat\/sbs.png"},"tags":[],"seriesId":"6g186RhGL0ennx2vCJvE-g"},{"id":"30UBX69Ds0O2AH3Pc1detg","type":"Vod","title":"Steenrijk, straatarm","subtitle":"Aflevering 1","description":"Wat gebeurt er als rijke- en arme gezinnen een week ruilen van huis, budget \u00e9n leven? In de speciale kerstaflevering van de kijkcijferhit Steenrijk, Straatarm gaan rijk \u00e9n arm deze confrontatie aan. In deze decemberaflevering verruilen societykoppel Frans de Kok en zijn vrouw Maria Marcus het chique Baarle Nassau voor de sociale huurwoning van moeder en dochters Nolten in Zwolle. Lukt het de dames Nolten om, zo vlak voor kerst, hun zorgen even te vergeten?","formattedEpisodeNumbering":null,"formattedDate":"Di 11 dec. 2018","formattedDateShort":"Dec. 2018","formattedTime":"20:26","formattedDuration":"42m","formattedAvailabilityWindow":null,"formattedAvailabilityWindowShort":null,"image":{"portraitUrl":null,"landscapeUrl":"https:\/\/images.nlziet.nl\/metadataimportimages\/source\/A2E4CC0D4A7DE37F600F6EBC0C7CDEDED7EC6CEAACB63BE1A4BABD40B7EF67CC.jpg"},"logo":{"normalUrl":"https:\/\/cdn.nlziet.nl\/static\/assets\/contentproviders\/sbs.png","darkUrl":"https:\/\/cdn.nlziet.nl\/static\/assets\/contentproviders\/dark\/sbs.png","flatUrl":"https:\/\/cdn.nlziet.nl\/static\/assets\/contentproviders\/flat\/sbs.png"},"tags":[],"seriesId":"6g186RhGL0ennx2vCJvE-g"}]