[{"id":"SUbP6B2OU0KVWlsxRITodg","type":"Vod","title":"De Avondshow met Arjen Lubach","subtitle":"Gehoorschade, Merijn Scholten","description":"VPRO - Arjen Lubach duikt via de waan van de dag langs inspirerende gasten tot op de bodem van het nieuws.","formattedEpisodeNumbering":null,"formattedDate":"Gisteren","formattedDateShort":"Gisteren","formattedTime":"22:23","formattedDuration":"26m","formattedAvailabilityWindow":null,"formattedAvailabilityWindowShort":null,"image":{"portraitUrl":null,"landscapeUrl":"https:\/\/images.nlziet.nl\/metadataimportimages\/source\/29C21D8B15D45DE7605020BEA9D0CCA834D7C6F71CB8CF2C12C844FFB19310E8.jpg"},"logo":{"normalUrl":"https:\/\/cdn.nlziet.nl\/static\/assets\/contentproviders\/npo.png","darkUrl":"https:\/\/cdn.nlziet.nl\/static\/assets\/contentproviders\/dark\/npo.png","flatUrl":"https:\/\/cdn.nlziet.nl\/static\/assets\/contentproviders\/flat\/npo.png"},"tags":[],"seriesId":"7m31XwKbL0eF8yGW8J01jQ"},{"id":"UDn8PO-wnEWJ1GdSxDlGJw","type":"Vod","title":"De Avondshow met Arjen Lubach","subtitle":"Te veel kleding, Jeroom Snelders","description":"VPRO - Arjen Lubach duikt via de waan van de dag langs inspirerende gasten tot op de bodem van het nieuws.","formattedEpisodeNumbering":null,"formattedDate":"Eergisteren","formattedDateShort":"Eergisteren","formattedTime":"22:05","formattedDuration":"26m","formattedAvailabilityWindow":null,"formattedAvailabilityWindowShort":null,"image":{"portraitUrl":null,"landscapeUrl":"https:\/\/images.nlziet.nl\/metadataimportimages\/source\/9AA0889D24217255D5F165D70A44B54FBA597ACE4C5FD4A8FFCC520D0420E913.jpg"},"logo":{"normalUrl":"https:\/\/cdn.nlziet.nl\/static\/assets\/contentproviders\/npo.png","darkUrl":"https:\/\/cdn.nlziet.nl\/static\/assets\/contentproviders\/dark\/npo.png","flatUrl":"https:\/\/cdn.nlziet.nl\/static\/assets\/contentproviders\/flat\/npo.png"},"tags":[],"seriesId":"7m31XwKbL0eF8yGW8J01jQ"},{"id":"RtWhzRGb30-DguFhXHtnlQ","type":"Vod","title":"De Avondshow met Arjen Lubach","subtitle":"Padellen, Brainpower","description":"VPRO - Arjen Lubach duikt via de waan van de dag langs inspirerende gasten tot op de bodem van het nieuws.","formattedEpisodeNumbering":null,"formattedDate":"Ma 24 okt.","formattedDateShort":"Ma 24 okt.","formattedTime":"22:15","formattedDuration":"25m","formattedAvailabilityWindow":null,"formattedAvailabilityWindowShort":null,"image":{"portraitUrl":null,"landscapeUrl":"https:\/\/images.nlziet.nl\/metadataimportimages\/source\/9D6864F3014025C963242898B031FC3354E3F1B7503F35080E8584E5C04B89CF.jpg"},"logo":{"normalUrl":"https:\/\/cdn.nlziet.nl\/static\/assets\/contentproviders\/npo.png","darkUrl":"https:\/\/cdn.nlziet.nl\/static\/assets\/contentproviders\/dark\/npo.png","flatUrl":"https:\/\/cdn.nlziet.nl\/static\/assets\/contentproviders\/flat\/npo.png"},"tags":[],"seriesId":"7m31XwKbL0eF8yGW8J01jQ"},{"id":"AEXCog7Yn0iXcKORtT8IgQ","type":"Vod","title":"De Avondshow met Arjen Lubach","subtitle":"Kijkersvragen: China-editie, Lisa Loeb","description":"VPRO - Arjen Lubach duikt via de waan van de dag langs inspirerende gasten tot op de bodem van het nieuws.","formattedEpisodeNumbering":null,"formattedDate":"Do 20 okt.","formattedDateShort":"Do 20 okt.","formattedTime":"22:25","formattedDuration":"27m","formattedAvailabilityWindow":null,"formattedAvailabilityWindowShort":null,"image":{"portraitUrl":null,"landscapeUrl":"https:\/\/images.nlziet.nl\/metadataimportimages\/source\/4BF7C2FC7BA93691C60972E51CB2323A2368E6E8EC7684D1EFEDD5C525261FAF.jpg"},"logo":{"normalUrl":"https:\/\/cdn.nlziet.nl\/static\/assets\/contentproviders\/npo.png","darkUrl":"https:\/\/cdn.nlziet.nl\/static\/assets\/contentproviders\/dark\/npo.png","flatUrl":"https:\/\/cdn.nlziet.nl\/static\/assets\/contentproviders\/flat\/npo.png"},"tags":[],"seriesId":"7m31XwKbL0eF8yGW8J01jQ"},{"id":"DJCpXTBm4kupv3v76Ry4dg","type":"Vod","title":"De Avondshow met Arjen Lubach","subtitle":"Vapen, Marwan Kenzari","description":"VPRO - Arjen Lubach duikt via de waan van de dag langs inspirerende gasten tot op de bodem van het nieuws.","formattedEpisodeNumbering":null,"formattedDate":"Wo 19 okt.","formattedDateShort":"Wo 19 okt.","formattedTime":"22:30","formattedDuration":"26m","formattedAvailabilityWindow":null,"formattedAvailabilityWindowShort":null,"image":{"portraitUrl":null,"landscapeUrl":"https:\/\/images.nlziet.nl\/metadataimportimages\/source\/4BBCF4F09A4092A546ECEF58D5B5EC3343F28D2189A9CED8A344BF7BC63C7DE6.jpg"},"logo":{"normalUrl":"https:\/\/cdn.nlziet.nl\/static\/assets\/contentproviders\/npo.png","darkUrl":"https:\/\/cdn.nlziet.nl\/static\/assets\/contentproviders\/dark\/npo.png","flatUrl":"https:\/\/cdn.nlziet.nl\/static\/assets\/contentproviders\/flat\/npo.png"},"tags":[],"seriesId":"7m31XwKbL0eF8yGW8J01jQ"},{"id":"aUjN5TpfPEygayO84N4Tcg","type":"Vod","title":"De Avondshow met Arjen Lubach","subtitle":"Schorsing Baudet, koeienromantiek","description":"VPRO - En nou is het afgelopen met: koeienromantiek. Een weiland vol met koeien lijkt typisch Nederlands en heel natuurlijk. Maar het heeft helemaal niks met natuur te maken. Verder: de schorsing van Thierry Baudet en een oplossing voor het woningtekort.","formattedEpisodeNumbering":null,"formattedDate":"Di 18 okt.","formattedDateShort":"Di 18 okt.","formattedTime":"22:15","formattedDuration":"25m","formattedAvailabilityWindow":null,"formattedAvailabilityWindowShort":null,"image":{"portraitUrl":null,"landscapeUrl":"https:\/\/images.nlziet.nl\/metadataimportimages\/source\/7D3AAA8BD411CDCCC3208101715173674F463E2A03868EB2E7D5C68057A8F406.jpg"},"logo":{"normalUrl":"https:\/\/cdn.nlziet.nl\/static\/assets\/contentproviders\/npo.png","darkUrl":"https:\/\/cdn.nlziet.nl\/static\/assets\/contentproviders\/dark\/npo.png","flatUrl":"https:\/\/cdn.nlziet.nl\/static\/assets\/contentproviders\/flat\/npo.png"},"tags":[],"seriesId":"7m31XwKbL0eF8yGW8J01jQ"},{"id":"ATefdSmfikyLNXfOFnNsoQ","type":"Vod","title":"De Avondshow met Arjen Lubach","subtitle":"Regenboog-aanvoerdersband, Don Diablo","description":"VPRO - Arjen Lubach duikt via de waan van de dag langs inspirerende gasten tot op de bodem van het nieuws.","formattedEpisodeNumbering":null,"formattedDate":"Ma 17 okt.","formattedDateShort":"Ma 17 okt.","formattedTime":"22:15","formattedDuration":"26m","formattedAvailabilityWindow":null,"formattedAvailabilityWindowShort":null,"image":{"portraitUrl":null,"landscapeUrl":"https:\/\/images.nlziet.nl\/metadataimportimages\/source\/F882745C1AB09C8F32E785F473F2B02DC712F5953CE12F24605D5A72CC02507F.jpg"},"logo":{"normalUrl":"https:\/\/cdn.nlziet.nl\/static\/assets\/contentproviders\/npo.png","darkUrl":"https:\/\/cdn.nlziet.nl\/static\/assets\/contentproviders\/dark\/npo.png","flatUrl":"https:\/\/cdn.nlziet.nl\/static\/assets\/contentproviders\/flat\/npo.png"},"tags":[],"seriesId":"7m31XwKbL0eF8yGW8J01jQ"},{"id":"_PG976XAXES1sa1e9CRVYA","type":"Vod","title":"De Avondshow met Arjen Lubach","subtitle":"Wolven, Twan Huys","description":"VPRO - Arjen Lubach duikt via de waan van de dag langs inspirerende gasten tot op de bodem van het nieuws.","formattedEpisodeNumbering":null,"formattedDate":"Do 13 okt.","formattedDateShort":"Do 13 okt.","formattedTime":"22:24","formattedDuration":"27m","formattedAvailabilityWindow":null,"formattedAvailabilityWindowShort":null,"image":{"portraitUrl":null,"landscapeUrl":"https:\/\/images.nlziet.nl\/metadataimportimages\/source\/E242EDBC237B7F9338798F1F1B0CEBA17C4F5202BF86E64E4EA941BE9E0CD3B7.jpg"},"logo":{"normalUrl":"https:\/\/cdn.nlziet.nl\/static\/assets\/contentproviders\/npo.png","darkUrl":"https:\/\/cdn.nlziet.nl\/static\/assets\/contentproviders\/dark\/npo.png","flatUrl":"https:\/\/cdn.nlziet.nl\/static\/assets\/contentproviders\/flat\/npo.png"},"tags":[],"seriesId":"7m31XwKbL0eF8yGW8J01jQ"},{"id":"K-M5y468C02VfHnOc7HY5A","type":"Vod","title":"De Avondshow met Arjen Lubach","subtitle":"Familievloggers, Diederik Jekel","description":"VPRO - Met in deze uitzending:\n* Familievloggers.\n* Diederik Jekel.","formattedEpisodeNumbering":null,"formattedDate":"Wo 12 okt.","formattedDateShort":"Wo 12 okt.","formattedTime":"22:20","formattedDuration":"26m","formattedAvailabilityWindow":null,"formattedAvailabilityWindowShort":null,"image":{"portraitUrl":null,"landscapeUrl":"https:\/\/images.nlziet.nl\/metadataimportimages\/source\/2510EA04724D9877AF0726DC18E83A72E75037C917655A942D64303C2C304CBB.jpg"},"logo":{"normalUrl":"https:\/\/cdn.nlziet.nl\/static\/assets\/contentproviders\/npo.png","darkUrl":"https:\/\/cdn.nlziet.nl\/static\/assets\/contentproviders\/dark\/npo.png","flatUrl":"https:\/\/cdn.nlziet.nl\/static\/assets\/contentproviders\/flat\/npo.png"},"tags":[],"seriesId":"7m31XwKbL0eF8yGW8J01jQ"},{"id":"jDqU2znoT0CRheccTcCYtw","type":"Vod","title":"De Avondshow met Arjen Lubach","subtitle":"Bloemen, Sallie Harmsen","description":"VPRO - Kappen met bloemen. Arjen Lubach wil geen bloemen meer voor zijn verjaardag. Het kost heel veel energie om al die bloemen te kweken en wat heb je er aan? Verder: het energiepamflet, de populariteit van de koning en Sallie Harmsen is te gast.","formattedEpisodeNumbering":null,"formattedDate":"Di 11 okt.","formattedDateShort":"Di 11 okt.","formattedTime":"22:10","formattedDuration":"26m","formattedAvailabilityWindow":null,"formattedAvailabilityWindowShort":null,"image":{"portraitUrl":null,"landscapeUrl":"https:\/\/images.nlziet.nl\/metadataimportimages\/source\/D214AA4D527C9A18BE63CC312E6502A74316096CD2C33CE3533AFCEFBA0BF667.jpg"},"logo":{"normalUrl":"https:\/\/cdn.nlziet.nl\/static\/assets\/contentproviders\/npo.png","darkUrl":"https:\/\/cdn.nlziet.nl\/static\/assets\/contentproviders\/dark\/npo.png","flatUrl":"https:\/\/cdn.nlziet.nl\/static\/assets\/contentproviders\/flat\/npo.png"},"tags":[],"seriesId":"7m31XwKbL0eF8yGW8J01jQ"},{"id":"4AMzZvaGCECEhu_06LhW7g","type":"Vod","title":"De Avondshow met Arjen Lubach","subtitle":"Regels Formule 1, Eefje de Visser","description":"VPRO - Arjen Lubach duikt via de waan van de dag langs inspirerende gasten tot op de bodem van het nieuws.","formattedEpisodeNumbering":null,"formattedDate":"Ma 10 okt.","formattedDateShort":"Ma 10 okt.","formattedTime":"22:20","formattedDuration":"25m","formattedAvailabilityWindow":null,"formattedAvailabilityWindowShort":null,"image":{"portraitUrl":null,"landscapeUrl":"https:\/\/images.nlziet.nl\/metadataimportimages\/source\/21DE7905F4704F3FF029110094E0948B0A9A90FFF513259E7D7E1E6512176BCD.jpg"},"logo":{"normalUrl":"https:\/\/cdn.nlziet.nl\/static\/assets\/contentproviders\/npo.png","darkUrl":"https:\/\/cdn.nlziet.nl\/static\/assets\/contentproviders\/dark\/npo.png","flatUrl":"https:\/\/cdn.nlziet.nl\/static\/assets\/contentproviders\/flat\/npo.png"},"tags":[],"seriesId":"7m31XwKbL0eF8yGW8J01jQ"},{"id":"_uiVBUFLQUqbNvUwcWvVzw","type":"Vod","title":"De Avondshow met Arjen Lubach","subtitle":"Kijkersvragen: Geopolitiek-editie, Krezip","description":"VPRO - Arjen Lubach duikt via de waan van de dag langs inspirerende gasten tot op de bodem van het nieuws.","formattedEpisodeNumbering":null,"formattedDate":"Do 6 okt.","formattedDateShort":"Do 6 okt.","formattedTime":"22:00","formattedDuration":"26m","formattedAvailabilityWindow":null,"formattedAvailabilityWindowShort":null,"image":{"portraitUrl":null,"landscapeUrl":"https:\/\/images.nlziet.nl\/metadataimportimages\/source\/4544DFBA4C12043DF6CA806C983BE13E85D415BAF6F43469ECC6B393B2EA9495.jpg"},"logo":{"normalUrl":"https:\/\/cdn.nlziet.nl\/static\/assets\/contentproviders\/npo.png","darkUrl":"https:\/\/cdn.nlziet.nl\/static\/assets\/contentproviders\/dark\/npo.png","flatUrl":"https:\/\/cdn.nlziet.nl\/static\/assets\/contentproviders\/flat\/npo.png"},"tags":[],"seriesId":"7m31XwKbL0eF8yGW8J01jQ"},{"id":"BFX_sHOSp0-2NLceBkoZfQ","type":"Vod","title":"De Avondshow met Arjen Lubach","subtitle":"De Rabobank, Sander Schimmelpenninck","description":"VPRO - Arjen Lubach duikt via de waan van de dag langs inspirerende gasten tot op de bodem van het nieuws.","formattedEpisodeNumbering":null,"formattedDate":"Wo 5 okt.","formattedDateShort":"Wo 5 okt.","formattedTime":"22:20","formattedDuration":"26m","formattedAvailabilityWindow":null,"formattedAvailabilityWindowShort":null,"image":{"portraitUrl":null,"landscapeUrl":"https:\/\/images.nlziet.nl\/metadataimportimages\/source\/DD79B4F1F05830D3AD2AC8329B47DCF5E3300AF7B10F60D4D41FA324508F1874.jpg"},"logo":{"normalUrl":"https:\/\/cdn.nlziet.nl\/static\/assets\/contentproviders\/npo.png","darkUrl":"https:\/\/cdn.nlziet.nl\/static\/assets\/contentproviders\/dark\/npo.png","flatUrl":"https:\/\/cdn.nlziet.nl\/static\/assets\/contentproviders\/flat\/npo.png"},"tags":[],"seriesId":"7m31XwKbL0eF8yGW8J01jQ"},{"id":"QCwstwz4gESnZiqGYThyJQ","type":"Vod","title":"De Avondshow met Arjen Lubach","subtitle":"Asieldeal, Sosha Duysker","description":"VPRO - Lange tijd kon Nederland geen Marokkaanse asielzoekers terugsturen. Nu kan dat wel. Wat hebben we ingeleverd om deze asieldeal te sluiten? Verder: minister Piet Adema, koning Charles mag niet naar de klimaattop en Sosha Duysker is te gast.","formattedEpisodeNumbering":null,"formattedDate":"Di 4 okt.","formattedDateShort":"Di 4 okt.","formattedTime":"22:15","formattedDuration":"26m","formattedAvailabilityWindow":null,"formattedAvailabilityWindowShort":null,"image":{"portraitUrl":null,"landscapeUrl":"https:\/\/images.nlziet.nl\/metadataimportimages\/source\/F583E68DBFDA4D9A67BA493013C51B92120F10B738791746D72DF0DCB2DE2F81.jpg"},"logo":{"normalUrl":"https:\/\/cdn.nlziet.nl\/static\/assets\/contentproviders\/npo.png","darkUrl":"https:\/\/cdn.nlziet.nl\/static\/assets\/contentproviders\/dark\/npo.png","flatUrl":"https:\/\/cdn.nlziet.nl\/static\/assets\/contentproviders\/flat\/npo.png"},"tags":[],"seriesId":"7m31XwKbL0eF8yGW8J01jQ"},{"id":"PLV1oljI7EChOfCBk5LmCg","type":"Vod","title":"De Avondshow met Arjen Lubach","subtitle":"Online gokken, Adil El Arbi en Bilall Fallah","description":"VPRO - Het was precies een jaar geleden dat online gokken gelegaliseerd werd. Tijd om te kijken hoeveel geld er inmiddels al vergokt is. Verder: voorzittersdrama in de Tweede Kamer, opvanglocatie op een boot. Adil El Arbi en Bilall Fallah zijn te gast.","formattedEpisodeNumbering":null,"formattedDate":"Ma 3 okt.","formattedDateShort":"Ma 3 okt.","formattedTime":"22:15","formattedDuration":"25m","formattedAvailabilityWindow":null,"formattedAvailabilityWindowShort":null,"image":{"portraitUrl":null,"landscapeUrl":"https:\/\/images.nlziet.nl\/metadataimportimages\/source\/A29763F996185A8B4A0BADFB4C2A8B973D29027E4FAD37C27C87C756B28E5226.jpg"},"logo":{"normalUrl":"https:\/\/cdn.nlziet.nl\/static\/assets\/contentproviders\/npo.png","darkUrl":"https:\/\/cdn.nlziet.nl\/static\/assets\/contentproviders\/dark\/npo.png","flatUrl":"https:\/\/cdn.nlziet.nl\/static\/assets\/contentproviders\/flat\/npo.png"},"tags":[],"seriesId":"7m31XwKbL0eF8yGW8J01jQ"},{"id":"KDa6tJAs8E6rKBWVpgJDvQ","type":"Vod","title":"De Avondshow met Arjen Lubach","subtitle":"Onrust in Iran, Jett Rebel","description":"VPRO - Met in deze uitzending:\n* Onrust in Iran.\n* Jett Rebel.","formattedEpisodeNumbering":null,"formattedDate":"Do 29 sep.","formattedDateShort":"Do 29 sep.","formattedTime":"22:29","formattedDuration":"25m","formattedAvailabilityWindow":null,"formattedAvailabilityWindowShort":null,"image":{"portraitUrl":null,"landscapeUrl":"https:\/\/images.nlziet.nl\/metadataimportimages\/source\/8CF5D1CD265E103C3CAB2F618C170B816AC140A1821B388D69E57F164087DCFE.jpg"},"logo":{"normalUrl":"https:\/\/cdn.nlziet.nl\/static\/assets\/contentproviders\/npo.png","darkUrl":"https:\/\/cdn.nlziet.nl\/static\/assets\/contentproviders\/dark\/npo.png","flatUrl":"https:\/\/cdn.nlziet.nl\/static\/assets\/contentproviders\/flat\/npo.png"},"tags":[],"seriesId":"7m31XwKbL0eF8yGW8J01jQ"},{"id":"0aVzZpFd5UiX1u3H0G386g","type":"Vod","title":"De Avondshow met Arjen Lubach","subtitle":"Bike Bulletin, Astrid Joosten","description":"VPRO - Arjen Lubach duikt via de waan van de dag langs inspirerende gasten tot op de bodem van het nieuws.","formattedEpisodeNumbering":null,"formattedDate":"Wo 28 sep.","formattedDateShort":"Wo 28 sep.","formattedTime":"22:20","formattedDuration":"27m","formattedAvailabilityWindow":null,"formattedAvailabilityWindowShort":null,"image":{"portraitUrl":null,"landscapeUrl":"https:\/\/images.nlziet.nl\/metadataimportimages\/source\/3D84E1D365B5B79F10169E276B3C5055D3221955E752FB97A893AB7049950B1D.jpg"},"logo":{"normalUrl":"https:\/\/cdn.nlziet.nl\/static\/assets\/contentproviders\/npo.png","darkUrl":"https:\/\/cdn.nlziet.nl\/static\/assets\/contentproviders\/dark\/npo.png","flatUrl":"https:\/\/cdn.nlziet.nl\/static\/assets\/contentproviders\/flat\/npo.png"},"tags":[],"seriesId":"7m31XwKbL0eF8yGW8J01jQ"},{"id":"Szab_AvLsU24VZvMNzscOQ","type":"Vod","title":"De Avondshow met Arjen Lubach","subtitle":"De Omgevingswet, Joy Delima","description":"VPRO - Arjen Lubach duikt via de waan van de dag langs inspirerende gasten tot op de bodem van het nieuws.","formattedEpisodeNumbering":null,"formattedDate":"Di 27 sep.","formattedDateShort":"Di 27 sep.","formattedTime":"22:15","formattedDuration":"24m","formattedAvailabilityWindow":null,"formattedAvailabilityWindowShort":null,"image":{"portraitUrl":null,"landscapeUrl":"https:\/\/images.nlziet.nl\/metadataimportimages\/source\/D82910AB2C9AAEAB225A668BA5797CC86E8EB8DB988E699A3DE98FCD8091FBBA.jpg"},"logo":{"normalUrl":"https:\/\/cdn.nlziet.nl\/static\/assets\/contentproviders\/npo.png","darkUrl":"https:\/\/cdn.nlziet.nl\/static\/assets\/contentproviders\/dark\/npo.png","flatUrl":"https:\/\/cdn.nlziet.nl\/static\/assets\/contentproviders\/flat\/npo.png"},"tags":[],"seriesId":"7m31XwKbL0eF8yGW8J01jQ"},{"id":"ZM8VbljQUECZANkSriOCcw","type":"Vod","title":"De Avondshow met Arjen Lubach","subtitle":"Rutte Op1, Harry Mack","description":"VPRO - Arjen Lubach duikt via de waan van de dag langs inspirerende gasten tot op de bodem van het nieuws.","formattedEpisodeNumbering":null,"formattedDate":"Ma 26 sep.","formattedDateShort":"Ma 26 sep.","formattedTime":"22:15","formattedDuration":"25m","formattedAvailabilityWindow":null,"formattedAvailabilityWindowShort":null,"image":{"portraitUrl":null,"landscapeUrl":"https:\/\/images.nlziet.nl\/metadataimportimages\/source\/E3383A4587A6C7350827F3D8119A83A2507F3B7872054E7860BC1C6B2476DD9A.jpg"},"logo":{"normalUrl":"https:\/\/cdn.nlziet.nl\/static\/assets\/contentproviders\/npo.png","darkUrl":"https:\/\/cdn.nlziet.nl\/static\/assets\/contentproviders\/dark\/npo.png","flatUrl":"https:\/\/cdn.nlziet.nl\/static\/assets\/contentproviders\/flat\/npo.png"},"tags":[],"seriesId":"7m31XwKbL0eF8yGW8J01jQ"},{"id":"qyhOd7_L6UyQ8VNSq-7COQ","type":"Vod","title":"De Avondshow met Arjen Lubach","subtitle":"Italiaanse verkiezingen, Floortje Dessing","description":"VPRO - Arjen Lubach duikt via de waan van de dag langs inspirerende gasten tot op de bodem van het nieuws.","formattedEpisodeNumbering":null,"formattedDate":"Do 22 sep.","formattedDateShort":"Do 22 sep.","formattedTime":"22:30","formattedDuration":"27m","formattedAvailabilityWindow":null,"formattedAvailabilityWindowShort":null,"image":{"portraitUrl":null,"landscapeUrl":"https:\/\/images.nlziet.nl\/metadataimportimages\/source\/4FE57F9A296C31D804DA34128F965E8E494FA2F0CEB29B54CB94677A61BA17B2.jpg"},"logo":{"normalUrl":"https:\/\/cdn.nlziet.nl\/static\/assets\/contentproviders\/npo.png","darkUrl":"https:\/\/cdn.nlziet.nl\/static\/assets\/contentproviders\/dark\/npo.png","flatUrl":"https:\/\/cdn.nlziet.nl\/static\/assets\/contentproviders\/flat\/npo.png"},"tags":[],"seriesId":"7m31XwKbL0eF8yGW8J01jQ"},{"id":"IxRsNgj_LEadhYPZ4lfd7w","type":"Vod","title":"De Avondshow met Arjen Lubach","subtitle":"Nieuwe Transgenderwet, Marc van Ranst","description":"VPRO - Arjen Lubach duikt via de waan van de dag langs inspirerende gasten tot op de bodem van het nieuws.","formattedEpisodeNumbering":null,"formattedDate":"Wo 21 sep.","formattedDateShort":"Wo 21 sep.","formattedTime":"22:15","formattedDuration":"27m","formattedAvailabilityWindow":null,"formattedAvailabilityWindowShort":null,"image":{"portraitUrl":null,"landscapeUrl":"https:\/\/images.nlziet.nl\/metadataimportimages\/source\/FC4928BDE3554599E76F99DAFB25F297BF05CE04340F92CDB4DEF377DA15E31C.jpg"},"logo":{"normalUrl":"https:\/\/cdn.nlziet.nl\/static\/assets\/contentproviders\/npo.png","darkUrl":"https:\/\/cdn.nlziet.nl\/static\/assets\/contentproviders\/dark\/npo.png","flatUrl":"https:\/\/cdn.nlziet.nl\/static\/assets\/contentproviders\/flat\/npo.png"},"tags":[],"seriesId":"7m31XwKbL0eF8yGW8J01jQ"},{"id":"niFiAIakFEC6hEoeQWErWg","type":"Vod","title":"De Avondshow met Arjen Lubach","subtitle":"Prinsjesdag, 70 jaar landbouwbeleid","description":"VPRO - Arjen Lubach duikt via de waan van de dag langs inspirerende gasten tot op de bodem van het nieuws.","formattedEpisodeNumbering":null,"formattedDate":"Di 20 sep.","formattedDateShort":"Di 20 sep.","formattedTime":"22:15","formattedDuration":"24m","formattedAvailabilityWindow":null,"formattedAvailabilityWindowShort":null,"image":{"portraitUrl":null,"landscapeUrl":"https:\/\/images.nlziet.nl\/metadataimportimages\/source\/42026477867B0D157A2C1AAE468C4B4A4804EE2C60FCFB4366A0C12D770BAC1F.jpg"},"logo":{"normalUrl":"https:\/\/cdn.nlziet.nl\/static\/assets\/contentproviders\/npo.png","darkUrl":"https:\/\/cdn.nlziet.nl\/static\/assets\/contentproviders\/dark\/npo.png","flatUrl":"https:\/\/cdn.nlziet.nl\/static\/assets\/contentproviders\/flat\/npo.png"},"tags":[],"seriesId":"7m31XwKbL0eF8yGW8J01jQ"},{"id":"9Yqbw5vgrUaqmBWNKCV6Pw","type":"Vod","title":"De Avondshow met Arjen Lubach","subtitle":"Begrafenis koningin Elizabeth, Tim Hofman","description":"VPRO - Arjen Lubach duikt via de waan van de dag langs inspirerende gasten tot op de bodem van het nieuws.","formattedEpisodeNumbering":null,"formattedDate":"Ma 19 sep.","formattedDateShort":"Ma 19 sep.","formattedTime":"22:20","formattedDuration":"29m","formattedAvailabilityWindow":null,"formattedAvailabilityWindowShort":null,"image":{"portraitUrl":null,"landscapeUrl":"https:\/\/images.nlziet.nl\/metadataimportimages\/source\/45AD278C4FAEC856DA140EC3C9684C84D294B2D8EC199A4C754B41DA197C6752.jpg"},"logo":{"normalUrl":"https:\/\/cdn.nlziet.nl\/static\/assets\/contentproviders\/npo.png","darkUrl":"https:\/\/cdn.nlziet.nl\/static\/assets\/contentproviders\/dark\/npo.png","flatUrl":"https:\/\/cdn.nlziet.nl\/static\/assets\/contentproviders\/flat\/npo.png"},"tags":[],"seriesId":"7m31XwKbL0eF8yGW8J01jQ"},{"id":"_e7DLlc4pkei3xRed0RHpg","type":"Vod","title":"De Avondshow met Arjen Lubach","subtitle":"Voorbeschouwing Prinsjesdag | Suzanne Schulting","description":"VPRO - Arjen Lubach duikt via de waan van de dag langs inspirerende gasten tot op de bodem van het nieuws.","formattedEpisodeNumbering":null,"formattedDate":"Do 15 sep.","formattedDateShort":"Do 15 sep.","formattedTime":"22:28","formattedDuration":"26m","formattedAvailabilityWindow":null,"formattedAvailabilityWindowShort":null,"image":{"portraitUrl":null,"landscapeUrl":"https:\/\/images.nlziet.nl\/metadataimportimages\/source\/3B4E1B5ECB7777B74934382CE50592025A74C30DA67E150F013F8C037DC2A1AD.jpg"},"logo":{"normalUrl":"https:\/\/cdn.nlziet.nl\/static\/assets\/contentproviders\/npo.png","darkUrl":"https:\/\/cdn.nlziet.nl\/static\/assets\/contentproviders\/dark\/npo.png","flatUrl":"https:\/\/cdn.nlziet.nl\/static\/assets\/contentproviders\/flat\/npo.png"},"tags":[],"seriesId":"7m31XwKbL0eF8yGW8J01jQ"},{"id":"k_X4NLL1SkSvzo5-mZfzIw","type":"Vod","title":"De Avondshow met Arjen Lubach","subtitle":"Gelekte opname Sywert, Sanne Wallis de Vries","description":"VPRO - We hebben een nationale troubleshooter: Johan Remkes. Hij wordt ingezet bij de allergrootste problemen, maar waarom wordt juist hij gevraagd voor deze klussen? Verder: de opnames van Sywert, hoge energierekeningen. En Sanne Wallis de Vries is te gast.","formattedEpisodeNumbering":null,"formattedDate":"Wo 14 sep.","formattedDateShort":"Wo 14 sep.","formattedTime":"22:15","formattedDuration":"25m","formattedAvailabilityWindow":null,"formattedAvailabilityWindowShort":null,"image":{"portraitUrl":null,"landscapeUrl":"https:\/\/images.nlziet.nl\/metadataimportimages\/source\/811399B9E868E546E9C4362C10A5227E92EA9887573805328DE0BF8A04A1E1B3.jpg"},"logo":{"normalUrl":"https:\/\/cdn.nlziet.nl\/static\/assets\/contentproviders\/npo.png","darkUrl":"https:\/\/cdn.nlziet.nl\/static\/assets\/contentproviders\/dark\/npo.png","flatUrl":"https:\/\/cdn.nlziet.nl\/static\/assets\/contentproviders\/flat\/npo.png"},"tags":[],"seriesId":"7m31XwKbL0eF8yGW8J01jQ"},{"id":"ahUejMEq6E6XxNi_89MpAA","type":"Vod","title":"De Avondshow met Arjen Lubach","subtitle":"Goedkoop vliegen, Andr\u00e9 van Duin","description":"VPRO - Vliegen is heel erg vervuilend, maar ook heel erg goedkoop. Terwijl bijna de helft van de mensen het helemaal niet erg zou vinden om meer te betalen. Verder: premier Mark Rutte is in Suriname, minister Yesilg\u00f6z gaf een lezing en Andr\u00e9 van Duin is te gast.","formattedEpisodeNumbering":null,"formattedDate":"Di 13 sep.","formattedDateShort":"Di 13 sep.","formattedTime":"22:15","formattedDuration":"26m","formattedAvailabilityWindow":null,"formattedAvailabilityWindowShort":null,"image":{"portraitUrl":null,"landscapeUrl":"https:\/\/images.nlziet.nl\/metadataimportimages\/source\/2D89BD80B9638A47C822D5CF8ADA683C02EE43BBE5F1EB9EFC6EC7A5F85BD1CC.jpg"},"logo":{"normalUrl":"https:\/\/cdn.nlziet.nl\/static\/assets\/contentproviders\/npo.png","darkUrl":"https:\/\/cdn.nlziet.nl\/static\/assets\/contentproviders\/dark\/npo.png","flatUrl":"https:\/\/cdn.nlziet.nl\/static\/assets\/contentproviders\/flat\/npo.png"},"tags":[],"seriesId":"7m31XwKbL0eF8yGW8J01jQ"},{"id":"xN9-mDnCw0Wm8LZYj8cTFA","type":"Vod","title":"De Avondshow met Arjen Lubach","subtitle":"Livestream Queen Elizabeth, James Morrison","description":"VPRO - Met in deze uitzending:\n* Livestream Queen Elizabeth.\n* James Morrison.","formattedEpisodeNumbering":null,"formattedDate":"Ma 12 sep.","formattedDateShort":"Ma 12 sep.","formattedTime":"22:15","formattedDuration":"24m","formattedAvailabilityWindow":null,"formattedAvailabilityWindowShort":null,"image":{"portraitUrl":null,"landscapeUrl":"https:\/\/images.nlziet.nl\/metadataimportimages\/source\/F299AA92758B7F05897C30AD6D73111AABB5A233B7D6E42326266503390EC94E.jpg"},"logo":{"normalUrl":"https:\/\/cdn.nlziet.nl\/static\/assets\/contentproviders\/npo.png","darkUrl":"https:\/\/cdn.nlziet.nl\/static\/assets\/contentproviders\/dark\/npo.png","flatUrl":"https:\/\/cdn.nlziet.nl\/static\/assets\/contentproviders\/flat\/npo.png"},"tags":[],"seriesId":"7m31XwKbL0eF8yGW8J01jQ"},{"id":"BTaRHUmWqEy_sc1aJxUsUA","type":"Vod","title":"De Avondshow met Arjen Lubach","subtitle":"Stakingen in het OV, bagage personeel","description":"VPRO - Arjen Lubach duikt via de waan van de dag langs inspirerende gasten tot op de bodem van het nieuws.","formattedEpisodeNumbering":null,"formattedDate":"Do 8 sep.","formattedDateShort":"Do 8 sep.","formattedTime":"22:10","formattedDuration":"26m","formattedAvailabilityWindow":null,"formattedAvailabilityWindowShort":null,"image":{"portraitUrl":null,"landscapeUrl":"https:\/\/images.nlziet.nl\/metadataimportimages\/source\/03C506B55FB1DA063ACCC22E8C1D20EE93C9BCE134464C1F783E97F4F30BB8F3.jpg"},"logo":{"normalUrl":"https:\/\/cdn.nlziet.nl\/static\/assets\/contentproviders\/npo.png","darkUrl":"https:\/\/cdn.nlziet.nl\/static\/assets\/contentproviders\/dark\/npo.png","flatUrl":"https:\/\/cdn.nlziet.nl\/static\/assets\/contentproviders\/flat\/npo.png"},"tags":[],"seriesId":"7m31XwKbL0eF8yGW8J01jQ"},{"id":"FQt74621kE6t_BPCveOdGw","type":"Vod","title":"De Avondshow met Arjen Lubach","subtitle":"Mbo-studenten, Herman Koch","description":"VPRO - Arjen Lubach duikt via de waan van de dag langs inspirerende gasten tot op de bodem van het nieuws.","formattedEpisodeNumbering":null,"formattedDate":"Wo 7 sep.","formattedDateShort":"Wo 7 sep.","formattedTime":"22:20","formattedDuration":"26m","formattedAvailabilityWindow":null,"formattedAvailabilityWindowShort":null,"image":{"portraitUrl":null,"landscapeUrl":"https:\/\/images.nlziet.nl\/metadataimportimages\/source\/99D0006E77C124FFE6B0C13F9B185A380AC5390776BA70B64AF64BF5D35FD65D.jpg"},"logo":{"normalUrl":"https:\/\/cdn.nlziet.nl\/static\/assets\/contentproviders\/npo.png","darkUrl":"https:\/\/cdn.nlziet.nl\/static\/assets\/contentproviders\/dark\/npo.png","flatUrl":"https:\/\/cdn.nlziet.nl\/static\/assets\/contentproviders\/flat\/npo.png"},"tags":[],"seriesId":"7m31XwKbL0eF8yGW8J01jQ"},{"id":"9CVu0Rz-nEeSp0PEqI9eqw","type":"Vod","title":"De Avondshow met Arjen Lubach","subtitle":"TikTok, Bert Visscher","description":"VPRO - Er kwam een vraag van bezorgde boomers over TikTok: een soort digitale hero\u00efne die door drie miljoen Nederlanders wordt gebruikt. En verder: het inflatierecord en de vacature voor minister van Landbouw. Bert Visscher is te gast.","formattedEpisodeNumbering":null,"formattedDate":"Di 6 sep.","formattedDateShort":"Di 6 sep.","formattedTime":"22:15","formattedDuration":"26m","formattedAvailabilityWindow":null,"formattedAvailabilityWindowShort":null,"image":{"portraitUrl":null,"landscapeUrl":"https:\/\/images.nlziet.nl\/metadataimportimages\/source\/63ED4EEC6302C3EB62EA6477275450CC5D78094452993199BBD4AB6B333483BF.jpg"},"logo":{"normalUrl":"https:\/\/cdn.nlziet.nl\/static\/assets\/contentproviders\/npo.png","darkUrl":"https:\/\/cdn.nlziet.nl\/static\/assets\/contentproviders\/dark\/npo.png","flatUrl":"https:\/\/cdn.nlziet.nl\/static\/assets\/contentproviders\/flat\/npo.png"},"tags":[],"seriesId":"7m31XwKbL0eF8yGW8J01jQ"},{"id":"FswVYWV-TkO-G-KRhEhyFA","type":"Vod","title":"De Avondshow met Arjen Lubach","subtitle":"Ter Apel, Pieter Derks","description":"VPRO - Cabaretier Pieter Derks (37) is te gast in de eerste aflevering van het nieuwe seizoen van 'De Avondshow met Arjen Lubach'.","formattedEpisodeNumbering":null,"formattedDate":"Ma 5 sep.","formattedDateShort":"Ma 5 sep.","formattedTime":"22:20","formattedDuration":"30m","formattedAvailabilityWindow":null,"formattedAvailabilityWindowShort":null,"image":{"portraitUrl":null,"landscapeUrl":"https:\/\/images.nlziet.nl\/metadataimportimages\/source\/8EF6AC75F253670BBA1179EE58AB75D8F0352FD2C775F489EB4347075537AD58.jpg"},"logo":{"normalUrl":"https:\/\/cdn.nlziet.nl\/static\/assets\/contentproviders\/npo.png","darkUrl":"https:\/\/cdn.nlziet.nl\/static\/assets\/contentproviders\/dark\/npo.png","flatUrl":"https:\/\/cdn.nlziet.nl\/static\/assets\/contentproviders\/flat\/npo.png"},"tags":[],"seriesId":"7m31XwKbL0eF8yGW8J01jQ"}]