[{"id":"WQW-s8vu8UWnoaN-8keOUA","type":"Vod","title":"De proefkeuken","subtitle":"Schaats","description":"VPRO - Willem Voogd wordt uitgedaagd voor een schaatsduel. Alleen heeft hij geen goede schaatsen. Samen met Pieter Hulst besluit hij dan maar zelf snelle schaatsen te maken. Ze smeden hun eigen ijzers, maken een perfect zittende schoen en vragen een legendarische Elfstedentochtwinnaar om advies.","formattedEpisodeNumbering":"S8:A8","formattedDate":"Zo 26 dec. 2021","formattedDateShort":"Dec. 2021","formattedTime":"09:25","formattedDuration":"25m","formattedAvailabilityWindow":null,"formattedAvailabilityWindowShort":null,"image":{"portraitUrl":null,"landscapeUrl":"https:\/\/images.nlziet.nl\/metadataimportimages\/source\/F809A05B4C7B51EBD8AFBDADBCC6542BA3CA9A7679A45162DA23CCEF38A6CC0B.jpg"},"logo":{"normalUrl":"https:\/\/cdn.nlziet.nl\/static\/assets\/contentproviders\/npo.png","darkUrl":"https:\/\/cdn.nlziet.nl\/static\/assets\/contentproviders\/dark\/npo.png","flatUrl":"https:\/\/cdn.nlziet.nl\/static\/assets\/contentproviders\/flat\/npo.png"},"tags":[],"seriesId":"7prtXvf9wkyY3ry-8KQESg"},{"id":"2s96DFWQpE-KIE4jRw8vkQ","type":"Vod","title":"De proefkeuken","subtitle":"Tandenborstel","description":"VPRO - Willem Voogd heeft er genoeg van om iedere dag twee keer twee minuten zijn tanden te poetsen. Hij rekent uit dat je in een mensenleven wel 86 dagen lang non-stop je tanden poetst. Zonde van de tijd, en trouwens: dat moet veel sneller kunnen. Samen met Pieter Hulst besluit hij een tandenborstelmachine uit te vinden die binnen een paar seconden \u00e1l je tanden poetst.","formattedEpisodeNumbering":"S8:A7","formattedDate":"Zo 19 dec. 2021","formattedDateShort":"Dec. 2021","formattedTime":"09:30","formattedDuration":"25m","formattedAvailabilityWindow":null,"formattedAvailabilityWindowShort":null,"image":{"portraitUrl":null,"landscapeUrl":"https:\/\/images.nlziet.nl\/metadataimportimages\/source\/D5AA2A1E6A645225E319FAA66B69614E877D001429702E9A226B98313C11EB59.jpg"},"logo":{"normalUrl":"https:\/\/cdn.nlziet.nl\/static\/assets\/contentproviders\/npo.png","darkUrl":"https:\/\/cdn.nlziet.nl\/static\/assets\/contentproviders\/dark\/npo.png","flatUrl":"https:\/\/cdn.nlziet.nl\/static\/assets\/contentproviders\/flat\/npo.png"},"tags":[],"seriesId":"7prtXvf9wkyY3ry-8KQESg"},{"id":"3E4FgSwspUO7rallX3b5yw","type":"Vod","title":"De proefkeuken","subtitle":"Tapijt","description":"VPRO - Willem Voogd en Pieter Hulst branden per ongeluk een gat in het tapijt van Willems oma. Ze moeten een nieuw kleed maken v\u00f3\u00f3r ze erachter komt. Maar hoe maak je een echt tapijt? Knopen gaat veel te lang duren: daar hebben ze geen tijd voor. Dan leren ze dat er ook zoiets bestaat als tuften. Dat komt goed uit. Met een heus tapijtpistool schieten ze in recordtempo een nieuw tapijt in elkaar.","formattedEpisodeNumbering":"S8:A6","formattedDate":"Zo 12 dec. 2021","formattedDateShort":"Dec. 2021","formattedTime":"09:25","formattedDuration":"25m","formattedAvailabilityWindow":null,"formattedAvailabilityWindowShort":null,"image":{"portraitUrl":null,"landscapeUrl":"https:\/\/images.nlziet.nl\/metadataimportimages\/source\/D380BF49002E40988AB0925F49021E448E05EB2DA7F9646EE6EEB7BABFAD63FB.jpg"},"logo":{"normalUrl":"https:\/\/cdn.nlziet.nl\/static\/assets\/contentproviders\/npo.png","darkUrl":"https:\/\/cdn.nlziet.nl\/static\/assets\/contentproviders\/dark\/npo.png","flatUrl":"https:\/\/cdn.nlziet.nl\/static\/assets\/contentproviders\/flat\/npo.png"},"tags":[],"seriesId":"7prtXvf9wkyY3ry-8KQESg"},{"id":"VqpeDVegNUigmU96zVIymg","type":"Vod","title":"De proefkeuken","subtitle":"Tortilla","description":"VPRO - Pieter Hulst en Willem Voogd willen hun eigen hippe foodtruck beginnen. Ze leren hoe je echte Mexicaanse maistortilla's maakt en gaan op zoek naar de perfecte ingredi\u00ebnten voor hun eigen festivalhap.","formattedEpisodeNumbering":"S8:A5","formattedDate":"Zo 5 dec. 2021","formattedDateShort":"Dec. 2021","formattedTime":"09:30","formattedDuration":"24m","formattedAvailabilityWindow":null,"formattedAvailabilityWindowShort":null,"image":{"portraitUrl":null,"landscapeUrl":"https:\/\/images.nlziet.nl\/metadataimportimages\/source\/CA04AFB10B68E56DE158EC9A57FBA1FD3A02B1AF78E55D7B0F8DFD5AD00CC262.jpg"},"logo":{"normalUrl":"https:\/\/cdn.nlziet.nl\/static\/assets\/contentproviders\/npo.png","darkUrl":"https:\/\/cdn.nlziet.nl\/static\/assets\/contentproviders\/dark\/npo.png","flatUrl":"https:\/\/cdn.nlziet.nl\/static\/assets\/contentproviders\/flat\/npo.png"},"tags":[],"seriesId":"7prtXvf9wkyY3ry-8KQESg"},{"id":"oLXxoRMw60GfZVKt9gTMXA","type":"Vod","title":"De Proefkeuken","subtitle":"Kaars","description":"VPRO - Willem Voogd heeft een visioen waarin hij wordt opgeroepen een eigen religie te beginnen. Maar ja, waar begin je dan? Pieter Hulst komt erachter dat kaarsen in bijna elke godsdienst een grote rol spelen, dus besluiten ze eerst hun eigen kaarsen te maken. Echte kaarsen, gemaakt van een koe.","formattedEpisodeNumbering":"S8:A4","formattedDate":"Zo 28 nov. 2021","formattedDateShort":"Nov. 2021","formattedTime":"09:30","formattedDuration":"25m","formattedAvailabilityWindow":null,"formattedAvailabilityWindowShort":null,"image":{"portraitUrl":null,"landscapeUrl":"https:\/\/images.nlziet.nl\/metadataimportimages\/source\/EC6422DC9743EA85A745885E4D7099422AD1EDEA08D320BCE89F709E234C78D2.jpg"},"logo":{"normalUrl":"https:\/\/cdn.nlziet.nl\/static\/assets\/contentproviders\/npo.png","darkUrl":"https:\/\/cdn.nlziet.nl\/static\/assets\/contentproviders\/dark\/npo.png","flatUrl":"https:\/\/cdn.nlziet.nl\/static\/assets\/contentproviders\/flat\/npo.png"},"tags":[],"seriesId":"7prtXvf9wkyY3ry-8KQESg"},{"id":"qClC3OhPWU-yJD6d-BSG3g","type":"Vod","title":"De Proefkeuken","subtitle":"Action figure pop","description":"VPRO - Hoe maak je een pop die sprekend op jezelf lijkt? Pieter is onder de indruk van Willems verzameling action figure poppen en samen besluiten ze limited edition poppen van zichzelf te maken.","formattedEpisodeNumbering":"S8:A3","formattedDate":"Zo 21 nov. 2021","formattedDateShort":"Nov. 2021","formattedTime":"09:25","formattedDuration":"26m","formattedAvailabilityWindow":null,"formattedAvailabilityWindowShort":null,"image":{"portraitUrl":null,"landscapeUrl":"https:\/\/images.nlziet.nl\/metadataimportimages\/source\/39100A8F40F0538312FA613590BB1E438A66309900C7F9AB3E0B0BCE1BC04248.jpg"},"logo":{"normalUrl":"https:\/\/cdn.nlziet.nl\/static\/assets\/contentproviders\/npo.png","darkUrl":"https:\/\/cdn.nlziet.nl\/static\/assets\/contentproviders\/dark\/npo.png","flatUrl":"https:\/\/cdn.nlziet.nl\/static\/assets\/contentproviders\/flat\/npo.png"},"tags":[],"seriesId":"7prtXvf9wkyY3ry-8KQESg"},{"id":"hTaUxkswRUePtR4F3q9RHg","type":"Vod","title":"De Proefkeuken","subtitle":"Boot","description":"VPRO - Willem Voogd besluit met Pieter Hulst een eigen schip te bouwen. Maar hoe zorg je dat een boot blijft drijven, en hoe kom je op het water vooruit? Lukt het om Willem in een echte zeebonk te laten veranderen?","formattedEpisodeNumbering":"S8:A2","formattedDate":"Zo 14 nov. 2021","formattedDateShort":"Nov. 2021","formattedTime":"09:25","formattedDuration":"23m","formattedAvailabilityWindow":null,"formattedAvailabilityWindowShort":null,"image":{"portraitUrl":null,"landscapeUrl":"https:\/\/images.nlziet.nl\/metadataimportimages\/source\/D6D1C3B57DF1ABD1B97708EAB582DB5A1C053F77E7B267204BFF2531B639C586.jpg"},"logo":{"normalUrl":"https:\/\/cdn.nlziet.nl\/static\/assets\/contentproviders\/npo.png","darkUrl":"https:\/\/cdn.nlziet.nl\/static\/assets\/contentproviders\/dark\/npo.png","flatUrl":"https:\/\/cdn.nlziet.nl\/static\/assets\/contentproviders\/flat\/npo.png"},"tags":[],"seriesId":"7prtXvf9wkyY3ry-8KQESg"},{"id":"6p3pfIhDzU-HUZRxf2rkSw","type":"Vod","title":"De Proefkeuken","subtitle":"Filmster","description":"VPRO - Pieter Hulst droomt van een rol in de tv-serie 'SpangaS'. Hij heeft alleen weinig filmervaring. Daarom besluit hij te leren hoe je een echte filmster wordt. Hij neemt acteerles, volgt een opleiding tot stuntman en leert speciale technieken om echte filmsc\u00e8nes op te nemen. Samen met Willem Voogd maakt hij een filmcompilatie om te laten zien wat hij kan. Maar lukt het hem ook om een rol te krijgen?","formattedEpisodeNumbering":"S8:A1","formattedDate":"Zo 7 nov. 2021","formattedDateShort":"Nov. 2021","formattedTime":"09:30","formattedDuration":"25m","formattedAvailabilityWindow":null,"formattedAvailabilityWindowShort":null,"image":{"portraitUrl":null,"landscapeUrl":"https:\/\/images.nlziet.nl\/metadataimportimages\/source\/010534A1FCF1F5DC8798275545DF74A208225FA9FF4C3C422CF389B32570ADA4.jpg"},"logo":{"normalUrl":"https:\/\/cdn.nlziet.nl\/static\/assets\/contentproviders\/npo.png","darkUrl":"https:\/\/cdn.nlziet.nl\/static\/assets\/contentproviders\/dark\/npo.png","flatUrl":"https:\/\/cdn.nlziet.nl\/static\/assets\/contentproviders\/flat\/npo.png"},"tags":[],"seriesId":"7prtXvf9wkyY3ry-8KQESg"}]