[{"id":"-eDp39Y8ykandHO8o9itnw","type":"Vod","title":"Opium","subtitle":"Opium","description":"AVRO - Cornald Maas ontvangt gasten uit de wereld van kunst en cultuur. Verrassende gesprekken over drijfveren, verlangens en inspiratie. Ook wordt er aandacht besteed aan de actuele cultuuragenda.","formattedEpisodeNumbering":null,"formattedDate":"Wo 24 dec. 2008","formattedDateShort":"Dec. 2008","formattedTime":"21:30","formattedDuration":"30m","formattedAvailabilityWindow":null,"formattedAvailabilityWindowShort":null,"image":{"portraitUrl":null,"landscapeUrl":"https:\/\/images.nlziet.nl\/metadataimportimages\/source\/AA5B9764949D68BE2B21DDF2D440FD4BA685634907814A886139CB46187F4963.jpg"},"logo":{"normalUrl":"https:\/\/cdn.nlziet.nl\/static\/assets\/contentproviders\/npo.png","darkUrl":"https:\/\/cdn.nlziet.nl\/static\/assets\/contentproviders\/dark\/npo.png","flatUrl":"https:\/\/cdn.nlziet.nl\/static\/assets\/contentproviders\/flat\/npo.png"},"tags":[],"seriesId":"7oS5hd32DEWWXbtt1fB8bA"},{"id":"w7Ib-l650kydBXoZ6FiVvg","type":"Vod","title":"Opium","subtitle":"Opium","description":"AVRO - Cornald Maas ontvangt gasten uit de wereld van kunst en cultuur. Verrassende gesprekken over drijfveren, verlangens en inspiratie. Ook wordt er aandacht besteed aan de actuele cultuuragenda.","formattedEpisodeNumbering":null,"formattedDate":"Wo 10 dec. 2008","formattedDateShort":"Dec. 2008","formattedTime":"21:30","formattedDuration":"30m","formattedAvailabilityWindow":null,"formattedAvailabilityWindowShort":null,"image":{"portraitUrl":null,"landscapeUrl":"https:\/\/images.nlziet.nl\/metadataimportimages\/source\/AA5B9764949D68BE2B21DDF2D440FD4BA685634907814A886139CB46187F4963.jpg"},"logo":{"normalUrl":"https:\/\/cdn.nlziet.nl\/static\/assets\/contentproviders\/npo.png","darkUrl":"https:\/\/cdn.nlziet.nl\/static\/assets\/contentproviders\/dark\/npo.png","flatUrl":"https:\/\/cdn.nlziet.nl\/static\/assets\/contentproviders\/flat\/npo.png"},"tags":[],"seriesId":"7oS5hd32DEWWXbtt1fB8bA"},{"id":"FwYmrJ1Ay0W3LS_n23Uy3Q","type":"Vod","title":"Opium","subtitle":"Opium","description":"AVRO - Cornald Maas ontvangt gasten uit de wereld van kunst en cultuur. Verrassende gesprekken over drijfveren, verlangens en inspiratie. Ook wordt er aandacht besteed aan de actuele cultuuragenda.","formattedEpisodeNumbering":null,"formattedDate":"Wo 3 dec. 2008","formattedDateShort":"Dec. 2008","formattedTime":"21:30","formattedDuration":"30m","formattedAvailabilityWindow":null,"formattedAvailabilityWindowShort":null,"image":{"portraitUrl":null,"landscapeUrl":"https:\/\/images.nlziet.nl\/metadataimportimages\/source\/AA5B9764949D68BE2B21DDF2D440FD4BA685634907814A886139CB46187F4963.jpg"},"logo":{"normalUrl":"https:\/\/cdn.nlziet.nl\/static\/assets\/contentproviders\/npo.png","darkUrl":"https:\/\/cdn.nlziet.nl\/static\/assets\/contentproviders\/dark\/npo.png","flatUrl":"https:\/\/cdn.nlziet.nl\/static\/assets\/contentproviders\/flat\/npo.png"},"tags":[],"seriesId":"7oS5hd32DEWWXbtt1fB8bA"},{"id":"AKn_m3bZh0uGPcGNSuyldg","type":"Vod","title":"Opium","subtitle":"Opium","description":"AVRO - Cornald Maas ontvangt gasten uit de wereld van kunst en cultuur. Verrassende gesprekken over drijfveren, verlangens en inspiratie. Ook wordt er aandacht besteed aan de actuele cultuuragenda.","formattedEpisodeNumbering":null,"formattedDate":"Wo 26 nov. 2008","formattedDateShort":"Nov. 2008","formattedTime":"21:25","formattedDuration":"35m","formattedAvailabilityWindow":null,"formattedAvailabilityWindowShort":null,"image":{"portraitUrl":null,"landscapeUrl":"https:\/\/images.nlziet.nl\/metadataimportimages\/source\/AA5B9764949D68BE2B21DDF2D440FD4BA685634907814A886139CB46187F4963.jpg"},"logo":{"normalUrl":"https:\/\/cdn.nlziet.nl\/static\/assets\/contentproviders\/npo.png","darkUrl":"https:\/\/cdn.nlziet.nl\/static\/assets\/contentproviders\/dark\/npo.png","flatUrl":"https:\/\/cdn.nlziet.nl\/static\/assets\/contentproviders\/flat\/npo.png"},"tags":[],"seriesId":"7oS5hd32DEWWXbtt1fB8bA"},{"id":"9dRDQjtXOEmCr27J5DDfcw","type":"Vod","title":"Opium","subtitle":"Opium","description":"AVRO - Cornald Maas ontvangt gasten uit de wereld van kunst en cultuur. Verrassende gesprekken over drijfveren, verlangens en inspiratie. Ook wordt er aandacht besteed aan de actuele cultuuragenda.","formattedEpisodeNumbering":null,"formattedDate":"Wo 19 nov. 2008","formattedDateShort":"Nov. 2008","formattedTime":"21:30","formattedDuration":"30m","formattedAvailabilityWindow":null,"formattedAvailabilityWindowShort":null,"image":{"portraitUrl":null,"landscapeUrl":"https:\/\/images.nlziet.nl\/metadataimportimages\/source\/AA5B9764949D68BE2B21DDF2D440FD4BA685634907814A886139CB46187F4963.jpg"},"logo":{"normalUrl":"https:\/\/cdn.nlziet.nl\/static\/assets\/contentproviders\/npo.png","darkUrl":"https:\/\/cdn.nlziet.nl\/static\/assets\/contentproviders\/dark\/npo.png","flatUrl":"https:\/\/cdn.nlziet.nl\/static\/assets\/contentproviders\/flat\/npo.png"},"tags":[],"seriesId":"7oS5hd32DEWWXbtt1fB8bA"},{"id":"RZA9vTkNhEOHkyQYrSiO2w","type":"Vod","title":"Opium","subtitle":"Opium","description":"AVRO - Cornald Maas ontvangt gasten uit de wereld van kunst en cultuur. Verrassende gesprekken over drijfveren, verlangens en inspiratie. Ook wordt er aandacht besteed aan de actuele cultuuragenda.","formattedEpisodeNumbering":null,"formattedDate":"Wo 5 nov. 2008","formattedDateShort":"Nov. 2008","formattedTime":"21:30","formattedDuration":"30m","formattedAvailabilityWindow":null,"formattedAvailabilityWindowShort":null,"image":{"portraitUrl":null,"landscapeUrl":"https:\/\/images.nlziet.nl\/metadataimportimages\/source\/AA5B9764949D68BE2B21DDF2D440FD4BA685634907814A886139CB46187F4963.jpg"},"logo":{"normalUrl":"https:\/\/cdn.nlziet.nl\/static\/assets\/contentproviders\/npo.png","darkUrl":"https:\/\/cdn.nlziet.nl\/static\/assets\/contentproviders\/dark\/npo.png","flatUrl":"https:\/\/cdn.nlziet.nl\/static\/assets\/contentproviders\/flat\/npo.png"},"tags":[],"seriesId":"7oS5hd32DEWWXbtt1fB8bA"},{"id":"bFgBPhsBzEW0YAAUEPMSMg","type":"Vod","title":"Opium","subtitle":"Opium","description":"AVRO - Cornald Maas ontvangt gasten uit de wereld van kunst en cultuur. Verrassende gesprekken over drijfveren, verlangens en inspiratie. Ook wordt er aandacht besteed aan de actuele cultuuragenda.","formattedEpisodeNumbering":null,"formattedDate":"Wo 29 okt. 2008","formattedDateShort":"Okt. 2008","formattedTime":"21:30","formattedDuration":"30m","formattedAvailabilityWindow":null,"formattedAvailabilityWindowShort":null,"image":{"portraitUrl":null,"landscapeUrl":"https:\/\/images.nlziet.nl\/metadataimportimages\/source\/AA5B9764949D68BE2B21DDF2D440FD4BA685634907814A886139CB46187F4963.jpg"},"logo":{"normalUrl":"https:\/\/cdn.nlziet.nl\/static\/assets\/contentproviders\/npo.png","darkUrl":"https:\/\/cdn.nlziet.nl\/static\/assets\/contentproviders\/dark\/npo.png","flatUrl":"https:\/\/cdn.nlziet.nl\/static\/assets\/contentproviders\/flat\/npo.png"},"tags":[],"seriesId":"7oS5hd32DEWWXbtt1fB8bA"},{"id":"gqBRa0m3EEmpwfaFq_Yh2w","type":"Vod","title":"Opium","subtitle":"Opium","description":"AVRO - Cornald Maas ontvangt gasten uit de wereld van kunst en cultuur. Verrassende gesprekken over drijfveren, verlangens en inspiratie. Ook wordt er aandacht besteed aan de actuele cultuuragenda.","formattedEpisodeNumbering":null,"formattedDate":"Wo 22 okt. 2008","formattedDateShort":"Okt. 2008","formattedTime":"21:30","formattedDuration":"30m","formattedAvailabilityWindow":null,"formattedAvailabilityWindowShort":null,"image":{"portraitUrl":null,"landscapeUrl":"https:\/\/images.nlziet.nl\/metadataimportimages\/source\/AA5B9764949D68BE2B21DDF2D440FD4BA685634907814A886139CB46187F4963.jpg"},"logo":{"normalUrl":"https:\/\/cdn.nlziet.nl\/static\/assets\/contentproviders\/npo.png","darkUrl":"https:\/\/cdn.nlziet.nl\/static\/assets\/contentproviders\/dark\/npo.png","flatUrl":"https:\/\/cdn.nlziet.nl\/static\/assets\/contentproviders\/flat\/npo.png"},"tags":[],"seriesId":"7oS5hd32DEWWXbtt1fB8bA"},{"id":"Pj5-Yheo8E-bYAZ8oc9Bpw","type":"Vod","title":"Opium","subtitle":"Opium","description":"AVRO - Cornald Maas ontvangt markante gasten uit de wereld van kunst en cultuur. Verrassende gesprekken over drijfveren, verlangens en inspiratie. Ook wordt er aandacht besteed aan de actuele cultuuragenda.","formattedEpisodeNumbering":null,"formattedDate":"Wo 15 okt. 2008","formattedDateShort":"Okt. 2008","formattedTime":"21:30","formattedDuration":"35m","formattedAvailabilityWindow":null,"formattedAvailabilityWindowShort":null,"image":{"portraitUrl":null,"landscapeUrl":"https:\/\/images.nlziet.nl\/metadataimportimages\/source\/AA5B9764949D68BE2B21DDF2D440FD4BA685634907814A886139CB46187F4963.jpg"},"logo":{"normalUrl":"https:\/\/cdn.nlziet.nl\/static\/assets\/contentproviders\/npo.png","darkUrl":"https:\/\/cdn.nlziet.nl\/static\/assets\/contentproviders\/dark\/npo.png","flatUrl":"https:\/\/cdn.nlziet.nl\/static\/assets\/contentproviders\/flat\/npo.png"},"tags":[],"seriesId":"7oS5hd32DEWWXbtt1fB8bA"}]