[{"id":"WJmb9eLTx02Mao5Yd14tiQ","type":"Vod","title":"Last family standing","subtitle":"Last family standing","description":"BNNVARA - Na veertien dagen overleven, zien de families elkaar weer in de finale. Wie heeft zich het beste staande gehouden in de wildernis en mag zich 'Last family' noemen?","formattedEpisodeNumbering":null,"formattedDate":"Za 7 mei.","formattedDateShort":"Za 7 mei.","formattedTime":"19:20","formattedDuration":"40m","formattedAvailabilityWindow":null,"formattedAvailabilityWindowShort":null,"image":{"portraitUrl":null,"landscapeUrl":"https:\/\/images.nlziet.nl\/metadataimportimages\/source\/80A9C18538E72A0D11E7594ABB7EBA40249E48C9C085EBD3EB0E5A77F06A127B.jpg"},"logo":{"normalUrl":"https:\/\/cdn.nlziet.nl\/static\/assets\/contentproviders\/npo.png","darkUrl":"https:\/\/cdn.nlziet.nl\/static\/assets\/contentproviders\/dark\/npo.png","flatUrl":"https:\/\/cdn.nlziet.nl\/static\/assets\/contentproviders\/flat\/npo.png"},"tags":[],"seriesId":"54zDTANRZk2UYKHE4FrJ1Q"},{"id":"qbs56Kg5B0u3d4PHZypm2g","type":"Vod","title":"Last family standing","subtitle":"Last family standing","description":"BNNVARA - De eerste finale-opdracht staat op het programma en de families beseffen maar al te goed dat er flink geknokt moet worden. Gelukkig weten ze, na dagen met elkaar te hebben doorgebracht, wat ze aan elkaar hebben. Maar ze weten ook dat de laatste loodjes het zwaarst zijn.","formattedEpisodeNumbering":null,"formattedDate":"Za 30 apr.","formattedDateShort":"Za 30 apr.","formattedTime":"19:20","formattedDuration":"40m","formattedAvailabilityWindow":null,"formattedAvailabilityWindowShort":null,"image":{"portraitUrl":null,"landscapeUrl":"https:\/\/images.nlziet.nl\/metadataimportimages\/source\/BA452D1F33477C584C3DD420D3A479B5A3B299DBEAD9F7E54D7F33C1DB4DE9B5.jpg"},"logo":{"normalUrl":"https:\/\/cdn.nlziet.nl\/static\/assets\/contentproviders\/npo.png","darkUrl":"https:\/\/cdn.nlziet.nl\/static\/assets\/contentproviders\/dark\/npo.png","flatUrl":"https:\/\/cdn.nlziet.nl\/static\/assets\/contentproviders\/flat\/npo.png"},"tags":[],"seriesId":"54zDTANRZk2UYKHE4FrJ1Q"},{"id":"ok6rvfq8gkaH8CG4G1NWsg","type":"Vod","title":"Last family standing","subtitle":"Last family standing","description":"BNNVARA - De vier families overleven tot nu toe met minimale middelen in de wildernis. Hoe verder de families komen, hoe zwaarder het wordt. Ze zijn hard aan het knokken om de punten met de opdrachten binnen te halen, maar deze strijd veroorzaakt steeds meer frictie binnen de teams. Bij de familie Ras barst de bom.","formattedEpisodeNumbering":null,"formattedDate":"Za 23 apr.","formattedDateShort":"Za 23 apr.","formattedTime":"19:20","formattedDuration":"40m","formattedAvailabilityWindow":null,"formattedAvailabilityWindowShort":null,"image":{"portraitUrl":null,"landscapeUrl":"https:\/\/images.nlziet.nl\/metadataimportimages\/source\/F2EF39FF506B7F5FD1A905F3EF3A67B56722F113D6476382D72526121690E8B4.jpg"},"logo":{"normalUrl":"https:\/\/cdn.nlziet.nl\/static\/assets\/contentproviders\/npo.png","darkUrl":"https:\/\/cdn.nlziet.nl\/static\/assets\/contentproviders\/dark\/npo.png","flatUrl":"https:\/\/cdn.nlziet.nl\/static\/assets\/contentproviders\/flat\/npo.png"},"tags":[],"seriesId":"54zDTANRZk2UYKHE4FrJ1Q"},{"id":"X0jwjQn-Xkyvem3JLULTBw","type":"Vod","title":"Last family standing","subtitle":"Last family standing","description":"BNNVARA - Nu de eerste week erop zit, wordt de balans opgemaakt. Welke familie heeft het hoogste energielevel? Voor de familie Ras is het even schrikken als Maicah onwel wordt. Lukt het ze om hun Last family standing avontuur voort te zetten? Ook is het weer tijd om te wisselen van kamp.","formattedEpisodeNumbering":null,"formattedDate":"Za 16 apr.","formattedDateShort":"Za 16 apr.","formattedTime":"19:20","formattedDuration":"40m","formattedAvailabilityWindow":null,"formattedAvailabilityWindowShort":null,"image":{"portraitUrl":null,"landscapeUrl":"https:\/\/images.nlziet.nl\/metadataimportimages\/source\/DA911DA11FBF376ADC6F8D992EEF923D9F5190A4D139DC5BDE92295A173B64BD.jpg"},"logo":{"normalUrl":"https:\/\/cdn.nlziet.nl\/static\/assets\/contentproviders\/npo.png","darkUrl":"https:\/\/cdn.nlziet.nl\/static\/assets\/contentproviders\/dark\/npo.png","flatUrl":"https:\/\/cdn.nlziet.nl\/static\/assets\/contentproviders\/flat\/npo.png"},"tags":[],"seriesId":"54zDTANRZk2UYKHE4FrJ1Q"},{"id":"M9J9hBOFG0m_66_k7nyO6A","type":"Vod","title":"Last family standing","subtitle":"Last family standing","description":"BNNVARA - De families beginnen thuis steeds meer te missen, maar ze beseffen ook dat ze hechter worden nu ze veel tijd met elkaar spenderen.","formattedEpisodeNumbering":null,"formattedDate":"Za 9 apr.","formattedDateShort":"Za 9 apr.","formattedTime":"19:20","formattedDuration":"39m","formattedAvailabilityWindow":null,"formattedAvailabilityWindowShort":null,"image":{"portraitUrl":null,"landscapeUrl":"https:\/\/images.nlziet.nl\/metadataimportimages\/source\/7932FD6D8E708979864B6D0C4EE2A276A656D605B1B539AD661299799B54A0B7.jpg"},"logo":{"normalUrl":"https:\/\/cdn.nlziet.nl\/static\/assets\/contentproviders\/npo.png","darkUrl":"https:\/\/cdn.nlziet.nl\/static\/assets\/contentproviders\/dark\/npo.png","flatUrl":"https:\/\/cdn.nlziet.nl\/static\/assets\/contentproviders\/flat\/npo.png"},"tags":[],"seriesId":"54zDTANRZk2UYKHE4FrJ1Q"},{"id":"jXPLs_nLrkKGC9rgbgdYZQ","type":"Vod","title":"Last family standing","subtitle":"Last family standing","description":"BNNVARA - Het is tijd om van kamp te wisselen en dat is voor sommigen geen korte oversteek. De familie Magh ontdekt tijdens deze wissel dat ze in beide kampen wel heel dicht in de buurt van wilde dieren zitten. Ook de honger slaat toe, maar de \u00e9\u00e9n gaat daar anders mee om dan de ander.","formattedEpisodeNumbering":null,"formattedDate":"Za 2 apr.","formattedDateShort":"Za 2 apr.","formattedTime":"19:20","formattedDuration":"40m","formattedAvailabilityWindow":null,"formattedAvailabilityWindowShort":null,"image":{"portraitUrl":null,"landscapeUrl":"https:\/\/images.nlziet.nl\/metadataimportimages\/source\/AE83E185B8D170B7DFC9DD276AE57784DE8A115E61DAD2B65181970336FC1515.jpg"},"logo":{"normalUrl":"https:\/\/cdn.nlziet.nl\/static\/assets\/contentproviders\/npo.png","darkUrl":"https:\/\/cdn.nlziet.nl\/static\/assets\/contentproviders\/dark\/npo.png","flatUrl":"https:\/\/cdn.nlziet.nl\/static\/assets\/contentproviders\/flat\/npo.png"},"tags":[],"seriesId":"54zDTANRZk2UYKHE4FrJ1Q"},{"id":"Le796hBgmkKwzeKJnWuhZA","type":"Vod","title":"Last family standing","subtitle":"Last family standing","description":"BNNVARA - Vier families overleven veertien dagen in de wildernis van Kroati\u00eb. Ze trekken langs kampen, die in het teken staan van de vier elementen. Met opdrachten kunnen ze punten verdienen. Maar de belangrijkste taak die ze hebben, is het op peil houden van hun energie. De eerste nacht zit erop en de families beginnen aan hun eerste opdrachten. Wie haalt de meeste punten? En hoe gaan ze om met de verveling die nu al toeslaat?","formattedEpisodeNumbering":null,"formattedDate":"Za 26 mrt.","formattedDateShort":"Za 26 mrt.","formattedTime":"19:20","formattedDuration":"40m","formattedAvailabilityWindow":null,"formattedAvailabilityWindowShort":null,"image":{"portraitUrl":null,"landscapeUrl":"https:\/\/images.nlziet.nl\/metadataimportimages\/source\/46A2F0E2E2829CE2BF65E8142C4A0973B352BA01AB4FF36A488E7E0ED0057CA0.jpg"},"logo":{"normalUrl":"https:\/\/cdn.nlziet.nl\/static\/assets\/contentproviders\/npo.png","darkUrl":"https:\/\/cdn.nlziet.nl\/static\/assets\/contentproviders\/dark\/npo.png","flatUrl":"https:\/\/cdn.nlziet.nl\/static\/assets\/contentproviders\/flat\/npo.png"},"tags":[],"seriesId":"54zDTANRZk2UYKHE4FrJ1Q"},{"id":"o_w8pyG86EmI6Y1WE80VPQ","type":"Vod","title":"Last family standing","subtitle":"Last family standing","description":"BNNVARA - De familie Ras krijgt met wilde dieren te maken en familie Magh ontdekt dierensporen. Familie Janssen maakt zich klaar voor een kille nacht in de grot en familie Werps voelt zich thuis in de natuur.","formattedEpisodeNumbering":null,"formattedDate":"Za 21 mei.","formattedDateShort":"Za 21 mei.","formattedTime":"13:10","formattedDuration":"40m","formattedAvailabilityWindow":null,"formattedAvailabilityWindowShort":null,"image":{"portraitUrl":null,"landscapeUrl":"https:\/\/images.nlziet.nl\/metadataimportimages\/source\/E0A5A7F56C94BA736BF156AF2FA10730C6D99621BA3D2FD27AE8884BA33ACD53.jpg"},"logo":{"normalUrl":"https:\/\/cdn.nlziet.nl\/static\/assets\/contentproviders\/npo.png","darkUrl":"https:\/\/cdn.nlziet.nl\/static\/assets\/contentproviders\/dark\/npo.png","flatUrl":"https:\/\/cdn.nlziet.nl\/static\/assets\/contentproviders\/flat\/npo.png"},"tags":[],"seriesId":"54zDTANRZk2UYKHE4FrJ1Q"}]