[{"id":"oj2HDQ1o5k25oW2RsXA8kw","type":"Vod","title":"NOS Formule 1 GP Abu Dhabi","subtitle":"NOS Formule 1 GP Abu Dhabi","description":"NOS - Samenvatting van de Formule 1 GP van Abu Dhabi, gereden op het Yas Marina Circuit.","formattedEpisodeNumbering":null,"formattedDate":"Zo 20 nov.","formattedDateShort":"Zo 20 nov.","formattedTime":"19:30","formattedDuration":"24m","formattedAvailabilityWindow":"Nog 2 dagen beschikbaar","formattedAvailabilityWindowShort":"Nog 2 d. beschikbaar","image":{"portraitUrl":null,"landscapeUrl":"https:\/\/images.nlziet.nl\/metadataimportimages\/source\/74AA86C2978D387E98F9C3174322A796731D334F0C5E12180F0F17A2E9F98B23.jpg"},"logo":{"normalUrl":"https:\/\/cdn.nlziet.nl\/static\/assets\/contentproviders\/npo.png","darkUrl":"https:\/\/cdn.nlziet.nl\/static\/assets\/contentproviders\/dark\/npo.png","flatUrl":"https:\/\/cdn.nlziet.nl\/static\/assets\/contentproviders\/flat\/npo.png"},"tags":[],"seriesId":"5gicAn8_uEyM2Z58pckY9w"}]