[{"id":"HFtEAas8QUuIY9JRt5bvAQ","type":"Vod","title":"Vermist","subtitle":"Vermist","description":"TROS - Het verhaal van de op 23 januari 1988 verdwenen, destijds 32-jarige Alie Spruit-Roelofsen uit Haastrecht. Alie, moeder van vijf kinderen, vertrok na een echtelijke ruzie op de fiets om nooit meer terug te keren. Vijfentwintig jaar lang is er gespeculeerd over mogelijke daders. In de in 2008 uitgekomen roman van oud-rechercheur Joost Visbeen over de mysterieuze verdwijning, speelt de echtgenoot van de vermiste vrouw een kwalijke rol. Maar hard bewijs is er niet. Visbeen: 'Ik kreeg enkele interessante reacties op mijn boek. Een kennis, die kort na de verdwijning kleding kwam brengen, werd door haar man weggestuurd omdat Alie 'die niet meer nodig zou hebben', en volgens haar hartsvriendin was een van haar kinderen getuige van een familiedrama in de varkensstal op de avond van de verdwijning.' Voor de politie vooralsnog geen aanleiding om het onderzoek te heropenen. Alie's zus Maria gelooft niet dat haar zwager betrokken is bij de verdwijning: 'In het begin hebben we hem wel verdacht, maar er zijn zoveel onderzoeken geweest zonder resultaat. Ik blijf nog altijd hopen dat Alie op een avond aanbelt.' Vermist heeft in Amerika een verouderingsfoto laten maken van Alie zoals ze er nu uit zou moeten zien en looft een beloning uit van \u20ac 10.000,- voor de tip die leidt naar haar verblijfplaats. De reconstructie en een gesprek met familie en betrokkenen.","formattedEpisodeNumbering":null,"formattedDate":"Vr 18 jan. 2013","formattedDateShort":"Jan. 2013","formattedTime":"21:25","formattedDuration":"1u 0m","formattedAvailabilityWindow":null,"formattedAvailabilityWindowShort":null,"image":{"portraitUrl":null,"landscapeUrl":"https:\/\/images.nlziet.nl\/metadataimportimages\/source\/9ED361CA34B6CC9B408A45414C659A452C6DF9F765656D58395D043F0B577FC7.jpg"},"logo":{"normalUrl":"https:\/\/cdn.nlziet.nl\/static\/assets\/contentproviders\/npo.png","darkUrl":"https:\/\/cdn.nlziet.nl\/static\/assets\/contentproviders\/dark\/npo.png","flatUrl":"https:\/\/cdn.nlziet.nl\/static\/assets\/contentproviders\/flat\/npo.png"},"tags":[],"seriesId":"52q75TpNoE-2XJjFtpxYGg"},{"id":"I3FuDYYBgE2I_90OR4JFPg","type":"Vod","title":"Vermist","subtitle":"Vermist","description":"TROS - Jaap Jongbloed en zijn team zoeken wereldwijd naar vermiste personen. Ze zetten zich in voor ontvoerde kinderen en slachtoffers van loverboys. Langlopende vermissingen worden onder de loep genomen en meer dan ooit wordt gebruik gemaakt van social media en tips van oplettende kijkers.","formattedEpisodeNumbering":null,"formattedDate":"Vr 28 dec. 2012","formattedDateShort":"Dec. 2012","formattedTime":"21:30","formattedDuration":"1u 0m","formattedAvailabilityWindow":null,"formattedAvailabilityWindowShort":null,"image":{"portraitUrl":null,"landscapeUrl":"https:\/\/images.nlziet.nl\/metadataimportimages\/source\/7903D94080E1B536E32E2AB32FFC06447A2E6C74F1158CC5C82DBA5E8ACE5D13.jpg"},"logo":{"normalUrl":"https:\/\/cdn.nlziet.nl\/static\/assets\/contentproviders\/npo.png","darkUrl":"https:\/\/cdn.nlziet.nl\/static\/assets\/contentproviders\/dark\/npo.png","flatUrl":"https:\/\/cdn.nlziet.nl\/static\/assets\/contentproviders\/flat\/npo.png"},"tags":[],"seriesId":"52q75TpNoE-2XJjFtpxYGg"},{"id":"qr5ZFHFZnkydwan_YsmXaA","type":"Vod","title":"Vermist","subtitle":"Vermist","description":"TROS - -Moeder ontvoerde Nordin steelt zoontje terug. Doordat de in 2007 ontvoerde negenjarige Nordin vorige maand via Vermist skype-contact legde met zijn moeder, zag Cindy haar zoon voor het eerst terug. Nordin wilde weg bij zijn gewelddadige vader en wij reisden met Cindy naar Marokko, maar Nordins vader hield de jongen verstopt. Cindy was hevig teleurgesteld tot Nordin een kleine week later opnieuw belde. Hij had weten te ontvluchten en vroeg zijn moeder te komen. De dolgelukkige zoon en moeder zijn herenigd, maar kunnen het land niet uit. Nordin heeft geen paspoort en tot nu toe kunnen de autoriteiten dat niet verstrekken. Cindy en Nordin zitten ondergedoken uit angst voor de wraakzuchtige vader. Een live-gesprek met Cindy. -Vermist haalt zoekgeraakte broer boven water. De sinds 1999 vermiste Werner Bos is dankzij Vermist letterlijk boven water gekomen. Tijdens het duiken in de Vinkeveense Plassen werd Werner door een camerateam uit het water gevist omdat zijn zus Judith hem zoekt. Werner blijkt de hele wereld bevaren te hebben en sinds kort terug te zijn in Nederland. Hij vond het geweldig iets te horen van zijn zus: 'Dat komt mooi uit', roept hij nog voor hij zijn kikvorspak heeft afgestroopt. 'Ik ga binnenkort trouwen, ze is van harte welkom', aldus Werner.","formattedEpisodeNumbering":null,"formattedDate":"Vr 9 nov. 2012","formattedDateShort":"Nov. 2012","formattedTime":"21:30","formattedDuration":"1u 5m","formattedAvailabilityWindow":null,"formattedAvailabilityWindowShort":null,"image":{"portraitUrl":null,"landscapeUrl":"https:\/\/images.nlziet.nl\/metadataimportimages\/source\/7889872EDE32E6C432610B11D9747E517C08632670432045EA2E15894FF9DEAB.jpg"},"logo":{"normalUrl":"https:\/\/cdn.nlziet.nl\/static\/assets\/contentproviders\/npo.png","darkUrl":"https:\/\/cdn.nlziet.nl\/static\/assets\/contentproviders\/dark\/npo.png","flatUrl":"https:\/\/cdn.nlziet.nl\/static\/assets\/contentproviders\/flat\/npo.png"},"tags":[],"seriesId":"52q75TpNoE-2XJjFtpxYGg"},{"id":"HJDuEyG8cUmT6J_tvN-EfA","type":"Vod","title":"Vermist","subtitle":"Vermist","description":"TROS - -'Waarom schopte moeder ons alle vier uit huis?' Dat blijft de grote vraag voor de 61-jarige Joost Zuurman die na jaren probeert de familie bij elkaar te krijgen: 'Onze moeder Wibbechien werkte bij een huisarts in Hilversum, maar liet ons direct na de geboorte opbergen. Ze hield van mannen, maar van kinderen moest ze niets weten.' Toen Joost oud genoeg was om op zoek te gaan naar familie bleek zijn moeder overleden. Joost: 'Ze is bij het ramen wassen uit het raam gelazerd met haar hoofd op een vuilnisbak.' Over de dood van Wibbechien is Joost nuchter hoewel hij nu niet meer kan vragen wie hun vader is. Maar zijn twee broers en zus mist hij: 'Misschien kunnen we toch ooit \u00e9\u00e9n familie vormen. Daar ga ik voor!' We volgen het spoor vanaf de archieven van De Vereeniging Kinderhulp. Verder: -Moeder van sinds 2008 vermiste Frank verliest hoop. 'Mijn terugreis is gecanceld', dat is het laatste wat Joke in april 2008 hoorde van haar zoon Frank van de Groenendaal vanuit Mexico. Hij was er voor zaken, maar geen gewone zaken, weet zijn moeder Joke nu: 'Frank zat in het drugscircuit, daar ben ik inmiddels achter. Maar het was een keigoede jongen voor iedereen. En als ze hem hebben kapotgeschoten, dan wil ik weten waar zijn lichaam is!' Naar aanleiding van een tip blijkt dat Franks naam genoemd wordt bij een liquidatie in Bergeijk, kort voor zijn verdwijning. Tijd voor een cold case onderzoek, vinden we. -Adoptiedochter vindt moeder in Braziliaanse cel. Veel weet de 22-jarige Alucianne niet van haar moeder als ze in contact opneemt met onze redactie. Ze is in februari 1990 geboren in Brazili\u00eb en haar moeder Cassia Soares da Silva was toen zojuist twaalf jaar geworden. Vier weken later is Alucianne geadopteerd door een gezin in Groningen. 'Ik wil weten wie mijn familie is, zijn er broertjes en zusjes, hoe kan het dat mijn moeder als kind al beviel van mij?' Het zijn de vragen waarmee Alucianne worstelt en we gaan op onderzoek uit. De familie van Cassia wordt gevonden en er blijken nog vijf jongere broertjes en zusjes te zijn, maar Cassia zelf is er niet. Ze zit een straf uit van achttien jaar in de gevangenis voor drugshandel. Samen met Alucianne trachten we een bezoek te regelen in de zwaarst bewaakte gevangenis van Brazili\u00eb.","formattedEpisodeNumbering":null,"formattedDate":"Vr 2 nov. 2012","formattedDateShort":"Nov. 2012","formattedTime":"21:25","formattedDuration":"55m","formattedAvailabilityWindow":null,"formattedAvailabilityWindowShort":null,"image":{"portraitUrl":null,"landscapeUrl":"https:\/\/images.nlziet.nl\/metadataimportimages\/source\/8349D15BC154911EC1476A19FA43FA7FEFD63C953EF22C8902723230AE45EDB9.jpg"},"logo":{"normalUrl":"https:\/\/cdn.nlziet.nl\/static\/assets\/contentproviders\/npo.png","darkUrl":"https:\/\/cdn.nlziet.nl\/static\/assets\/contentproviders\/dark\/npo.png","flatUrl":"https:\/\/cdn.nlziet.nl\/static\/assets\/contentproviders\/flat\/npo.png"},"tags":[],"seriesId":"52q75TpNoE-2XJjFtpxYGg"},{"id":"4rzqs66ZiEuh74yOACMpxQ","type":"Vod","title":"Vermist","subtitle":"Vermist","description":"TROS - Verdwenen kinderen in videoclip 'Here I stand'. Een unieke samenwerking is totstandgekomen: Jaap Jongbloed en het team van Vermist en de rockband 'We, The Firm' bundelen de krachten om vermiste kinderen op te sporen. We, the Firm brengt vandaag de single Here I stand uit, een nummer dat gaat over het missen van iemand van wie je houdt. De aangrijpende song omlijst het verhaal van een achttal schrijnende kindervermissingen. Zoals die van de tweejarige Isra die ontvoerd werd door haar Libische vader die bij de gewelddadige actie haar moeder om het leven bracht. En de zevenjarige Jair die tijdens een dagje op het strand van Monster voorgoed verdween. Oemnia werd in 1995 door haar vader gestolen. Toen Vermist haar in 2009 opspoorde in Egypte, werden moeder en dochter door een briesende vader belaagd. Maar ook de foto van de vijftienjarige Rosa uit Sittard wordt op indringende wijze getoond. In 1996 verdween ze toen ze een instelling verliet om te gaan winkelen. Er is nooit meer iets van haar vernomen. In de studio een liveoptreden van de band en gesprekken met familie van de kinderen. De opbrengst van de single wordt gebruikt om in de toekomst acties voor andere vermiste kinderen te kunnen financieren. Deze actie wordt ondersteund door Amber Alert en het KLPD en toegejuicht door de achterblijvers van vermiste kinderen. Verder: -Adoptie brengt Suelen tot innemen overdosis. De in Brazili\u00eb geboren Suelen had nooit geadopteerd willen worden. Als achtjarig meisje kwam ze in een liefdevol Nederlands gezin terecht, maar ze kampte met een hechtingsstoornis en liep van huis weg. Toen pas besefte ze dat ze zich niet thuis voelde in Nederland en verloor zich in alcohol en drugs. Nu gaat het veel beter met Suelen. De geboorte van haar dochtertje dit jaar is de bekroning van haar succesvolle opmars naar het geluk. Suelen: 'Nu mis ik nog maar \u00e9\u00e9n iemand: mijn biologische moeder.' Vermist gaat helpen met zoeken naar de oma van haar kind. -Vijf jaar na ontvoering meldt Nordin zich bij Vermist. 'Help me, mijn vader slaat me. Ik zoek mijn moeder.' Met deze noodkreet meldt Nordin zich. Zijn moeder Cindy is uitzinnig van vreugde na een teken van leven van haar zoon. In 2007 is de toen negenjarige Nordin door zijn vader meegenomen en verstopt in Marokko. Het weerzien via skype tussen moeder en zoon is hartverscheurend. Als blijkt dat Nordin van school wordt gehouden en naar zijn moeder wil, is Cindy niet te houden. We reizen met haar naar Marokko waar haar een bizar avontuur wacht.","formattedEpisodeNumbering":null,"formattedDate":"Vr 26 okt. 2012","formattedDateShort":"Okt. 2012","formattedTime":"21:35","formattedDuration":"55m","formattedAvailabilityWindow":null,"formattedAvailabilityWindowShort":null,"image":{"portraitUrl":null,"landscapeUrl":"https:\/\/images.nlziet.nl\/metadataimportimages\/source\/9BE56EF0B087696E39B57B086236AAA57C0A9D81550ADB62E4EEFB1FA4EFDF3D.jpg"},"logo":{"normalUrl":"https:\/\/cdn.nlziet.nl\/static\/assets\/contentproviders\/npo.png","darkUrl":"https:\/\/cdn.nlziet.nl\/static\/assets\/contentproviders\/dark\/npo.png","flatUrl":"https:\/\/cdn.nlziet.nl\/static\/assets\/contentproviders\/flat\/npo.png"},"tags":[],"seriesId":"52q75TpNoE-2XJjFtpxYGg"},{"id":"Z0vnMjfHXkehxRWxICVmKg","type":"Vod","title":"Vermist","subtitle":"Vermist","description":"TROS - Jaap Jongbloed en zijn team zoeken wereldwijd naar vermiste personen. Ze zetten zich in voor ontvoerde kinderen en slachtoffers van loverboys. Langlopende vermissingen worden onder de loep genomen en meer dan ooit wordt gebruik gemaakt van social media en tips van oplettende kijkers.","formattedEpisodeNumbering":null,"formattedDate":"Vr 31 aug. 2012","formattedDateShort":"Aug. 2012","formattedTime":"21:35","formattedDuration":"55m","formattedAvailabilityWindow":null,"formattedAvailabilityWindowShort":null,"image":{"portraitUrl":null,"landscapeUrl":"https:\/\/images.nlziet.nl\/metadataimportimages\/source\/83B317E6024750E2B4CE1B856EC3320306332687893E09B2B42ADB22694F0827.jpg"},"logo":{"normalUrl":"https:\/\/cdn.nlziet.nl\/static\/assets\/contentproviders\/npo.png","darkUrl":"https:\/\/cdn.nlziet.nl\/static\/assets\/contentproviders\/dark\/npo.png","flatUrl":"https:\/\/cdn.nlziet.nl\/static\/assets\/contentproviders\/flat\/npo.png"},"tags":[],"seriesId":"52q75TpNoE-2XJjFtpxYGg"},{"id":"hr8fT1lFqUSqUMlbiFZIzw","type":"Vod","title":"Vermist","subtitle":"Vermist","description":"TROS - Jaap Jongbloed en zijn team zoeken wereldwijd naar vermiste personen. Ze zetten zich in voor ontvoerde kinderen en slachtoffers van loverboys. Langlopende vermissingen worden onder de loep genomen en meer dan ooit wordt gebruik gemaakt van social media en tips van oplettende kijkers.","formattedEpisodeNumbering":null,"formattedDate":"Vr 24 aug. 2012","formattedDateShort":"Aug. 2012","formattedTime":"21:30","formattedDuration":"1u 0m","formattedAvailabilityWindow":null,"formattedAvailabilityWindowShort":null,"image":{"portraitUrl":null,"landscapeUrl":"https:\/\/images.nlziet.nl\/metadataimportimages\/source\/609725F538163819C229F28E87243F1E8A18BE0B3DA0CDBC8C85053D5544B4EE.jpg"},"logo":{"normalUrl":"https:\/\/cdn.nlziet.nl\/static\/assets\/contentproviders\/npo.png","darkUrl":"https:\/\/cdn.nlziet.nl\/static\/assets\/contentproviders\/dark\/npo.png","flatUrl":"https:\/\/cdn.nlziet.nl\/static\/assets\/contentproviders\/flat\/npo.png"},"tags":[],"seriesId":"52q75TpNoE-2XJjFtpxYGg"},{"id":"hGTFX1mTMEOKbWlAtZ8tjg","type":"Vod","title":"Vermist","subtitle":"Vermist","description":"TROS - -'Een wonder, Aryan komt thuis'. 'Ik vertrouw op de moeder-kind band die er moet zijn'. Zahra's naar Iran ontvoerde zoon komt na twaalf jaar voor het eerst terug naar Nederland. Na oeverloze onderhandelingen tussen de vader en Vermist, mag de nu 14-jarige Aryan voor anderhalve maand naar zijn moeder. Vol ongeduld staart Zahra naar de schuifdeuren op Schiphol. 'Mijn ex heeft door de kidnap twee levens kapotgemaakt, dat van Aryan en dat van mij', verklaart ze aan Jaap Jongbloed die haar vergezelt. Maar Zahra vertrouwt erop dat het zal klikken tussen haar als peuter verdwenen puberzoon die straks door de schuifdeur komt. Maar het is anders gelopen: 'Aryan is totaal gehersenspoeld, 's avonds lig ik zachtjes te huilen in mijn bed', mailt Zahra na een paar weken. Zahra vertelt dat ze een stukje van haar kind voor altijd kwijt is. -Geboortekaartje doet Patrick twijfelen. Hoewel de moeder van Patrick tot aan haar dood heeft volgehouden dat Aad zijn vader is, raakt Patrick toch in vertwijfeling als hij, niet lang geleden, zijn geboortekaartje vindt. Daar staat een hele andere naam op! Patrick kent geen van beide vaders en schakelt Vermist in om ze op te sporen. -Verder: De 20-jarige Marigret Fullinck is vijf weken na haar verdwijning in het water bij Rijswijk gevonden. Ze is vermoord en haar ex-vriend Kendrick M. zit vast als verdachte. We spreken de vrienden en familie van Marigret en Kendrick. Een paar dagen nadat de 19-jarige Robin van Helsum uit Hengelo verdween, dook in Berlijn de mysterieuze 17-jarige 'woudjongen' Ray op. Een verband werd niet direct gelegd omdat de Duitse politie pas deze zomer een foto van Ray verspreidde. De ex-vriendin van Robin van Helsum meldde zich bij ons: 'Ray is Robin'. Ze richt zich rechtstreeks tot de vader van hun kind.","formattedEpisodeNumbering":null,"formattedDate":"Vr 17 aug. 2012","formattedDateShort":"Aug. 2012","formattedTime":"21:25","formattedDuration":"1u 0m","formattedAvailabilityWindow":null,"formattedAvailabilityWindowShort":null,"image":{"portraitUrl":null,"landscapeUrl":"https:\/\/images.nlziet.nl\/metadataimportimages\/source\/42C244657E9FC7F845A0810000AEBBA89D6DD8E7B79512A48A1909521C7BF743.jpg"},"logo":{"normalUrl":"https:\/\/cdn.nlziet.nl\/static\/assets\/contentproviders\/npo.png","darkUrl":"https:\/\/cdn.nlziet.nl\/static\/assets\/contentproviders\/dark\/npo.png","flatUrl":"https:\/\/cdn.nlziet.nl\/static\/assets\/contentproviders\/flat\/npo.png"},"tags":[],"seriesId":"52q75TpNoE-2XJjFtpxYGg"}]