[{"id":"awvtt6HPsEuMwoAU6CU9iw","type":"Vod","title":"Steenrijk, straatarm","subtitle":"Aflevering 12","description":"SBS6 - De Vlaamse Stijn investeert op jonge leeftijd zijn spaargeld in internationale valuta. Hij is zo succesvol dat hij op zijn 27e al miljonair is. Hij leert de Nederlandse Roos kennen als zij een cursus bij hem volgt. De vonk slaat over en samen leven ze in luxe. Michel en Monica wonen in een galerijflat met hun twee kinderen Roger en Eleonora, die doof geboren is. Monica krijgt tijdens haar zwangerschap van Roger een herseninfarct. Gelukkig herstelt ze, maar werken is niet meer mogelijk. Michel werkt fulltime als beveiliger, maar spijtig genoeg komt er te weinig binnen en de kosten voor de wekelijkse boodschappen worden steeds duurder.","formattedEpisodeNumbering":null,"formattedDate":"Wo 14 sep.","formattedDateShort":"Wo 14 sep.","formattedTime":"20:29","formattedDuration":"41m","formattedAvailabilityWindow":null,"formattedAvailabilityWindowShort":null,"image":{"portraitUrl":null,"landscapeUrl":"https:\/\/images.nlziet.nl\/metadataimportimages\/source\/6693213FC0FAB42CBE8AFB4CFEDDDEEFCE0AC054337111DB8DC1EA259C4E4357.jpg"},"logo":{"normalUrl":"https:\/\/cdn.nlziet.nl\/static\/assets\/contentproviders\/sbs.png","darkUrl":"https:\/\/cdn.nlziet.nl\/static\/assets\/contentproviders\/dark\/sbs.png","flatUrl":"https:\/\/cdn.nlziet.nl\/static\/assets\/contentproviders\/flat\/sbs.png"},"tags":[],"seriesId":"6g186RhGL0ennx2vCJvE-g"},{"id":"K-xfixIqBUqXkzbMPkHgvg","type":"Vod","title":"Steenrijk, straatarm","subtitle":"Aflevering 11","description":"SBS6 - Jan en Claudia wonen in een villa met een luxe jacuzzi en zwembad in Marbella. Jan heeft veel geld verdiend in de supermarktbranche en in het vastgoed. Claudia werkte jarenlang als stewardess en samen hebben ze een samengesteld gezin. Belinda woont met haar drie zoons Bradley, Jaysen en Djodi in de Arnhemse volksbuurt 'De Geitenkamp'. Belinda staat er grotendeels alleen voor en leeft van een weekbudget van slechts honderd euro per week. Ze werkt hard en probeert een grote schuld af te lossen.","formattedEpisodeNumbering":null,"formattedDate":"Wo 7 sep.","formattedDateShort":"Wo 7 sep.","formattedTime":"20:30","formattedDuration":"41m","formattedAvailabilityWindow":null,"formattedAvailabilityWindowShort":null,"image":{"portraitUrl":null,"landscapeUrl":"https:\/\/images.nlziet.nl\/metadataimportimages\/source\/376A76FC028D4D19DA71FEC67688E74A3F9DB097BBE8F615900EA7DBCD5595B3.jpg"},"logo":{"normalUrl":"https:\/\/cdn.nlziet.nl\/static\/assets\/contentproviders\/sbs.png","darkUrl":"https:\/\/cdn.nlziet.nl\/static\/assets\/contentproviders\/dark\/sbs.png","flatUrl":"https:\/\/cdn.nlziet.nl\/static\/assets\/contentproviders\/flat\/sbs.png"},"tags":[],"seriesId":"6g186RhGL0ennx2vCJvE-g"},{"id":"WOSSSquHA02oaf1_t_tezA","type":"Vod","title":"Steenrijk, straatarm","subtitle":"Aflevering 10","description":"SBS6 - In Belgi\u00eb woont het verliefde en vermogende koppel Wim en Saartje. Wim besluit vier jaar geleden voor zichzelf te beginnen als energieverkoper en dat blijkt een gouden zet; hij verdient tonnen per jaar. Zijn vriendin Saartje werkt ook keihard bij een internationaal bedrijf en in het weekend doen ze zich tegoed aan het shoppen en ze dineren graag in sterrenrestaurants. Ze wonen in een schitterende villa en gunnen een ander gezin een week van onbezorgde luxe. Het is allesbehalve weelde in het Friese Sneek waar Trijntje, Marcel, Jan-Thijs en Klazina een knus gezin vormen. Trijntje en Marcel hebben in het verleden schulden opgebouwd en daarom leven ze nu van 90 euro per week. Ze doen hard hun best om de schulden af te betalen; Trijntje werkt als schoonmaakster en Marcel op een sociale werkplaats. Toch komt er niet genoeg binnen om leuke dingen te doen. Hoe zal de familie De Ree reageren op de prachtige villa in Belgi\u00eb en hoe houden Wim en Saartje zich staande als alle luxe wegvalt?","formattedEpisodeNumbering":null,"formattedDate":"Wo 31 aug.","formattedDateShort":"Wo 31 aug.","formattedTime":"20:30","formattedDuration":"41m","formattedAvailabilityWindow":null,"formattedAvailabilityWindowShort":null,"image":{"portraitUrl":null,"landscapeUrl":"https:\/\/images.nlziet.nl\/metadataimportimages\/source\/02C1136C861F8882299BDF05026779BA139F6CDB2DF1D7318FC5EF2AF072A6A6.jpg"},"logo":{"normalUrl":"https:\/\/cdn.nlziet.nl\/static\/assets\/contentproviders\/sbs.png","darkUrl":"https:\/\/cdn.nlziet.nl\/static\/assets\/contentproviders\/dark\/sbs.png","flatUrl":"https:\/\/cdn.nlziet.nl\/static\/assets\/contentproviders\/flat\/sbs.png"},"tags":[],"seriesId":"6g186RhGL0ennx2vCJvE-g"},{"id":"8GMCIxYgc0aGVFUDgTIRhw","type":"Vod","title":"Steenrijk, straatarm","subtitle":"Aflevering 9","description":"SBS6 - De familie Tsjoepieva uit Rotterdam ruilt met de familie Elferink uit Haarlem.","formattedEpisodeNumbering":null,"formattedDate":"Wo 2 mrt.","formattedDateShort":"Wo 2 mrt.","formattedTime":"20:30","formattedDuration":"41m","formattedAvailabilityWindow":null,"formattedAvailabilityWindowShort":null,"image":{"portraitUrl":null,"landscapeUrl":"https:\/\/images.nlziet.nl\/metadataimportimages\/source\/DDD01A25607C7C66AB63411C5E7F7ED27D259BE4BEF2B6895C6D591322FFCAE2.jpg"},"logo":{"normalUrl":"https:\/\/cdn.nlziet.nl\/static\/assets\/contentproviders\/sbs.png","darkUrl":"https:\/\/cdn.nlziet.nl\/static\/assets\/contentproviders\/dark\/sbs.png","flatUrl":"https:\/\/cdn.nlziet.nl\/static\/assets\/contentproviders\/flat\/sbs.png"},"tags":[],"seriesId":"6g186RhGL0ennx2vCJvE-g"},{"id":"Ks5Y1IOVJE2R6M2cbGG8LQ","type":"Vod","title":"Steenrijk, straatarm","subtitle":"Aflevering 8","description":"SBS6 - De familie Van Ree uit Amsterdam ruilt met de familie Dijkstra uit Sommelsdijk. Carlos en Minke Van Ree wonnen een ton in tv-programma 'Het blok' en hun kapitaal is sindsdien fors gegroeid. Het gezin Dijkstra zit na een quadongeluk van vader Wil in de schulden en komt vaak bij de voedselbank.","formattedEpisodeNumbering":null,"formattedDate":"Wo 23 feb.","formattedDateShort":"Wo 23 feb.","formattedTime":"20:28","formattedDuration":"41m","formattedAvailabilityWindow":null,"formattedAvailabilityWindowShort":null,"image":{"portraitUrl":null,"landscapeUrl":"https:\/\/images.nlziet.nl\/metadataimportimages\/source\/DEEC094A7D1E37214DBC9292C4DD16471BCDA464157410EA6844DA270DF179A2.jpg"},"logo":{"normalUrl":"https:\/\/cdn.nlziet.nl\/static\/assets\/contentproviders\/sbs.png","darkUrl":"https:\/\/cdn.nlziet.nl\/static\/assets\/contentproviders\/dark\/sbs.png","flatUrl":"https:\/\/cdn.nlziet.nl\/static\/assets\/contentproviders\/flat\/sbs.png"},"tags":[],"seriesId":"6g186RhGL0ennx2vCJvE-g"},{"id":"j9_r6kNe0EaOMdLAbz8-tQ","type":"Vod","title":"Steenrijk, straatarm","subtitle":"Aflevering 7","description":"SBS6 - Wesley groeit in korte tijd uit tot een succesvolle internationale DJ en verdient daar veel geld mee. Tegenwoordig heeft hij een eigen muziekstudio, een platenlabel en hij werkt samen met grote namen. Wesley gaat het Steenrijk Straatarm-avontuur beleven samen met goede vriend Bas, ook succesvol ondernemer uit Brabant. De mannen genieten van het goede Brabantse leven. Voor Brendelie en Ahmed ziet het leven er anders uit. Zij vormen een samengesteld gezin met hun vijf kinderen Milano, Benjamin, Aim\u00e9e, Rayan en Moussa. Het gezin woont in een kleine flat in Maastricht waar Brendelie en Ahmed iedere nacht in de woonkamer op een slaapbank slapen. Ondanks het geld- en ruimtegebrek klaagt het gezin niet en genieten ze met elkaar van de kleine dingen. Hoe zullen Brendelie, Ahmed en de kinderen het rijke leven ervaren in Noord-Brabant en hoe gaan Wesley en Bas om met het minimale budget in Maastricht?","formattedEpisodeNumbering":null,"formattedDate":"Wo 16 feb.","formattedDateShort":"Wo 16 feb.","formattedTime":"20:29","formattedDuration":"41m","formattedAvailabilityWindow":null,"formattedAvailabilityWindowShort":null,"image":{"portraitUrl":null,"landscapeUrl":"https:\/\/images.nlziet.nl\/metadataimportimages\/source\/20355A94D82FC78D29D941C7BA42D8E5CA5125EF67720BEB52165A772F6911E6.jpg"},"logo":{"normalUrl":"https:\/\/cdn.nlziet.nl\/static\/assets\/contentproviders\/sbs.png","darkUrl":"https:\/\/cdn.nlziet.nl\/static\/assets\/contentproviders\/dark\/sbs.png","flatUrl":"https:\/\/cdn.nlziet.nl\/static\/assets\/contentproviders\/flat\/sbs.png"},"tags":[],"seriesId":"6g186RhGL0ennx2vCJvE-g"},{"id":"BoqbWm4jL0mSC1xUMoSUng","type":"Vod","title":"Steenrijk, straatarm","subtitle":"Aflevering 6","description":"SBS6 - Henk Jan en Linda wonen in een riante villa in het mondaine Marbella. Henk Jan is ijzersterk in sales en heeft zijn vermogen opgebouwd met investeringen in vastgoed. Dat heeft hem bepaald geen windeieren gelegd want hij hoeft in principe nooit meer te werken. Dit staat in groot contrast met het leven van No\u00ebmi en haar vier dochters Hailey, Isabella, No\u00eblia en Romy in Heerhugowaard. No\u00ebmi komt uit een heftige periode, omdat ze gedupeerde is van de toeslagenaffaire. De stress en geldzorgen zorgden voor een breuk in haar relatie waardoor ze er nu alleen voor staat. De schulden lopen zo hoog op dat ze haar kinderen zonder eten naar school heeft moeten brengen. Toch blijft No\u00e8mie keihard werken om de eindjes aan elkaar te knopen. Ze staat positief in het leven en wil het goede voorbeeld geven aan haar dochters. Hoe gaat het gezin van No\u00ebmi hun zonnige vakantie ervaren in het luxe Marbella? En hoe vergaat het Henk Jan en Linda als ze geconfronteerd worden met de harde realiteit in Heerhugowaard?","formattedEpisodeNumbering":null,"formattedDate":"Wo 9 feb.","formattedDateShort":"Wo 9 feb.","formattedTime":"20:29","formattedDuration":"41m","formattedAvailabilityWindow":null,"formattedAvailabilityWindowShort":null,"image":{"portraitUrl":null,"landscapeUrl":"https:\/\/images.nlziet.nl\/metadataimportimages\/source\/839D5B511CA18632AD0A203650A450D9DD233B8FFCCC4FDA12AB1E6811CAAB37.jpg"},"logo":{"normalUrl":"https:\/\/cdn.nlziet.nl\/static\/assets\/contentproviders\/sbs.png","darkUrl":"https:\/\/cdn.nlziet.nl\/static\/assets\/contentproviders\/dark\/sbs.png","flatUrl":"https:\/\/cdn.nlziet.nl\/static\/assets\/contentproviders\/flat\/sbs.png"},"tags":[],"seriesId":"6g186RhGL0ennx2vCJvE-g"},{"id":"r1qrBZMCvUWks3GorRkSZg","type":"Vod","title":"Steenrijk, straatarm","subtitle":"Aflevering 5","description":"SBS6 - Danny en Nadine zijn sinds enige tijd een setje en omdat Danny op Gran Canaria woont, pendelen ze tussen Nederland en het Spaanse eiland. Ze bezitten daar een prachtig appartement met zwembad en een schitterend uitzicht op zee. Het jetsetkoppel werkt keihard; Nadine runt een goedlopende kledingwinkel en Danny is internationaal makelaar. In hun vrije tijd genieten Nadine en Danny van een luxe levensstijl. In Zoetermeer ziet de wereld er iets minder rooskleurig uit. Daar woont Judith met haar drie zoons Justin, Oliver en Roy. Judith heeft veel stress vanwege haar financi\u00eble situatie want er staat nog een grote schuld open. Ze staat er alleen voor en kan niet werken omdat ze volledig is afgekeurd vanwege haar endometriose; een aandoening aan haar baarmoeder. Het is iedere maand puzzelen omdat alles steeds duurder wordt, vooral de boodschappen. Hoe gaan de kids hun vliegvakantie ervaren naar het zonnige Gran Canaria? En hoe zal het Nadine en Danny vergaan nu ze van een klein budget moeten","formattedEpisodeNumbering":null,"formattedDate":"Wo 2 feb.","formattedDateShort":"Wo 2 feb.","formattedTime":"20:29","formattedDuration":"41m","formattedAvailabilityWindow":null,"formattedAvailabilityWindowShort":null,"image":{"portraitUrl":null,"landscapeUrl":"https:\/\/images.nlziet.nl\/metadataimportimages\/source\/4155E719F5F7374FCB75B2639FCB3A24DD27BC10A07F9C66F86F33232C90BD7B.jpg"},"logo":{"normalUrl":"https:\/\/cdn.nlziet.nl\/static\/assets\/contentproviders\/sbs.png","darkUrl":"https:\/\/cdn.nlziet.nl\/static\/assets\/contentproviders\/dark\/sbs.png","flatUrl":"https:\/\/cdn.nlziet.nl\/static\/assets\/contentproviders\/flat\/sbs.png"},"tags":[],"seriesId":"6g186RhGL0ennx2vCJvE-g"},{"id":"qgHT5iPy4UKb-z6su5DBXg","type":"Vod","title":"Steenrijk, straatarm","subtitle":"Aflevering 4","description":"SBS6 - Willemijn en Mohsen wonen in een luxe loft midden in het centrum van Sittard. Willemijn werkt voor een grote multinational, investeert in crypto en heeft een eigen sieradenlijn. Alsof dat niet genoeg is, doet ze ook nog het management van haar vriend Mohsen, bekend als DJ Moschino. Hij draait meer dan 200 shows per jaar in binnen- en buitenland. Met een weekbudget van maar liefst 2000 euro hoeven zij zich geen moment te vervelen. Dit staat in schril contrast met het leven van Sharon en haar dochter Givenny in Oud Beijerland. Daar moeten moeder en dochter zien rond te komen van slechts 70 euro per week. Sharon heeft jarenlang in de schuldsanering gezeten en werkt nu keihard in de horeca om nooit meer in een schuldhulp-traject te belanden. Hoe gaan Sharon en Givenny reageren op een weekbudget van 2000 euro? En lukt het Willemijn en Mohsen om alle eindjes aan elkaar te knopen?","formattedEpisodeNumbering":null,"formattedDate":"Wo 26 jan.","formattedDateShort":"Wo 26 jan.","formattedTime":"20:29","formattedDuration":"41m","formattedAvailabilityWindow":null,"formattedAvailabilityWindowShort":null,"image":{"portraitUrl":null,"landscapeUrl":"https:\/\/images.nlziet.nl\/metadataimportimages\/source\/B6F3DCB22FBDACDCFE3A902CAFAED5C685EE2FD564808B9BFED5F0FEB333FB5E.jpg"},"logo":{"normalUrl":"https:\/\/cdn.nlziet.nl\/static\/assets\/contentproviders\/sbs.png","darkUrl":"https:\/\/cdn.nlziet.nl\/static\/assets\/contentproviders\/dark\/sbs.png","flatUrl":"https:\/\/cdn.nlziet.nl\/static\/assets\/contentproviders\/flat\/sbs.png"},"tags":[],"seriesId":"6g186RhGL0ennx2vCJvE-g"},{"id":"0uPUPDnio0qbY2NopaVgGw","type":"Vod","title":"Steenrijk, straatarm","subtitle":"Aflevering 3","description":"SBS6 - Het leven lacht lovebirds Yuri en Patrick toe; na jarenlang hard werken hebben ze hun bezittingen verkocht en een grote villa op Corfu gekocht. Bij hun rijkdom hoort een riant weekbudget van gemiddeld \u20ac 1500,-, dat ze onder andere besteden aan borrels met vrienden, luxe dinertjes en cultuur. De realiteit voor Annemiek is helaas anders. Ze woont met haar drie kinderen Devin, Linde en jongste zoon Mayson in het dorpje Wervershoof en leven van de bijstand. Ze maken noodgedwongen gebruik van de kledingbank en het is iedere week weer een uitdaging om rond te komen met hun \u20ac 80,-. Annemiek is in het verleden slachtoffer geweest van huiselijk geweld en sleept een behoorlijke rugzak met nare ervaringen met zich mee. Maar samen met haar kinderen vormt ze een hechte eenheid en ze gunt ze dan ook een onbezorgde week. Hoe gaan de kids hun eerste vliegreis ervaren en de rijkdom die ze treffen in de prachtige villa op Corfu? En hoe is het voor Yuri en Patrick om back to basic te gaan?","formattedEpisodeNumbering":null,"formattedDate":"Wo 19 jan.","formattedDateShort":"Wo 19 jan.","formattedTime":"20:30","formattedDuration":"41m","formattedAvailabilityWindow":null,"formattedAvailabilityWindowShort":null,"image":{"portraitUrl":null,"landscapeUrl":"https:\/\/images.nlziet.nl\/metadataimportimages\/source\/5DD4F7B3542CE39EE3F4714B8ABF46B51BA1D417405AC788874D16A266527E89.jpg"},"logo":{"normalUrl":"https:\/\/cdn.nlziet.nl\/static\/assets\/contentproviders\/sbs.png","darkUrl":"https:\/\/cdn.nlziet.nl\/static\/assets\/contentproviders\/dark\/sbs.png","flatUrl":"https:\/\/cdn.nlziet.nl\/static\/assets\/contentproviders\/flat\/sbs.png"},"tags":[],"seriesId":"6g186RhGL0ennx2vCJvE-g"},{"id":"3L2NKdWnQUiBNZENgrjp_Q","type":"Vod","title":"Steenrijk, straatarm","subtitle":"Aflevering 2","description":"SBS6 - Als tiener neemt Wesley Adema zich voor om miljonair te worden, nog geen twintig jaar later heeft hij deze droom gerealiseerd. Wesley runt, samen met zijn vrouw Alicja, diverse vastgoedprojecten en ondernemingen. Samen met zoon Josh en zoon Sky woont het stel in een riante villa aan de rand van Breda, voorzien van zwembad, sauna en jacuzzi. In het Friese Gorredijk woont alleenstaande vader Marco Heide samen met zonen Leroy & Nick. De mannen moeten rondkomen van negentig euro per week, en dat is geen vetpot. Vanwege hun benarde financi\u00eble situatie mogen de mannen Heide gebruik maken van de voedsel- en kledingbank. Hoe gaan de mannen Heide reageren als ze het wagenpark en het weekbudget van 2750 euro van de Adema's ontdekken, en hoe bevalt back to basic Wesly, Alicja en de kinderen?","formattedEpisodeNumbering":null,"formattedDate":"Wo 12 jan.","formattedDateShort":"Wo 12 jan.","formattedTime":"20:29","formattedDuration":"42m","formattedAvailabilityWindow":null,"formattedAvailabilityWindowShort":null,"image":{"portraitUrl":null,"landscapeUrl":"https:\/\/images.nlziet.nl\/metadataimportimages\/source\/59245AA9927ECBA73C45B58AB9D708068CBDC5B94A0F6BBE968304AFA4495507.jpg"},"logo":{"normalUrl":"https:\/\/cdn.nlziet.nl\/static\/assets\/contentproviders\/sbs.png","darkUrl":"https:\/\/cdn.nlziet.nl\/static\/assets\/contentproviders\/dark\/sbs.png","flatUrl":"https:\/\/cdn.nlziet.nl\/static\/assets\/contentproviders\/flat\/sbs.png"},"tags":[],"seriesId":"6g186RhGL0ennx2vCJvE-g"},{"id":"wfNSuTr9CEGjxp_N0Q7DRg","type":"Vod","title":"Steenrijk, straatarm","subtitle":"Aflevering 1","description":"SBS6 - De Amsterdamse Naomy van Beem en haar veertienjarige zoon Isaiah ruilen met de Friese moeder Anouschka en zeventienjarige dochter Seyenna.","formattedEpisodeNumbering":null,"formattedDate":"Wo 5 jan.","formattedDateShort":"Wo 5 jan.","formattedTime":"20:29","formattedDuration":"41m","formattedAvailabilityWindow":null,"formattedAvailabilityWindowShort":null,"image":{"portraitUrl":null,"landscapeUrl":"https:\/\/images.nlziet.nl\/metadataimportimages\/source\/7B589C9502F03D6ED8605395040FEBAFC396FAB3366C16B189EAE44E94EEC7DA.jpg"},"logo":{"normalUrl":"https:\/\/cdn.nlziet.nl\/static\/assets\/contentproviders\/sbs.png","darkUrl":"https:\/\/cdn.nlziet.nl\/static\/assets\/contentproviders\/dark\/sbs.png","flatUrl":"https:\/\/cdn.nlziet.nl\/static\/assets\/contentproviders\/flat\/sbs.png"},"tags":[],"seriesId":"6g186RhGL0ennx2vCJvE-g"}]