[{"id":"iQoKA6pYMEe6c6OZmVLwnw","type":"Vod","title":"Het Blok Nieuw-Zeeland","subtitle":"Aflevering 45","description":"Net5 - Na tien lange weken van bloed, zweet en klussen, worden hun huizen opengesteld voor het publiek. De teams hebben buitengewone, duurzame huizen gecre\u00eberd die deze avond verkocht worden. Wie loopt er weg met de hoogste winst en de hoofdprijs van honderdduizend dollar?","formattedEpisodeNumbering":null,"formattedDate":"Vr 23 sep.","formattedDateShort":"Vr 23 sep.","formattedTime":"12:06","formattedDuration":"45m","formattedAvailabilityWindow":"Vandaag nog beschikbaar","formattedAvailabilityWindowShort":"Nog 1 d. beschikbaar","image":{"portraitUrl":null,"landscapeUrl":"https:\/\/images.nlziet.nl\/metadataimportimages\/source\/A6456C4F17E37DC2643C4BB004C102D5A192BF8E0B03D1C5B085E4E794CE7D07.jpg"},"logo":{"normalUrl":"https:\/\/cdn.nlziet.nl\/static\/assets\/contentproviders\/sbs.png","darkUrl":"https:\/\/cdn.nlziet.nl\/static\/assets\/contentproviders\/dark\/sbs.png","flatUrl":"https:\/\/cdn.nlziet.nl\/static\/assets\/contentproviders\/flat\/sbs.png"},"tags":[],"seriesId":"8AOhOlelUEa5dd6vZegEng"}]