[{"id":"Wp5w6aTDWUa01i8oDQkOYw","type":"Vod","title":"Way Of Living","subtitle":"Afl. 4","description":"Relatief onbekend maar oogstrelend mooi: Arno Raymakers en Sanne Heijen bezoeken Zweden. Verder heeft Arno een gouden tip voor een appartement midden in het centrum van Zell am See. Met de skipistes en alle gezelligheid binnen handbereik. Vanaf de Second Home Beurs is er nieuws over Itali\u00eb, Florida en Sellingen, in Groningen. En: tips over waar je op moet letten voordat je een eettafel kiest.","formattedEpisodeNumbering":null,"formattedDate":"Zo 16 okt.","formattedDateShort":"Zo 16 okt.","formattedTime":"17:00","formattedDuration":"22m","formattedAvailabilityWindow":null,"formattedAvailabilityWindowShort":null,"image":{"portraitUrl":null,"landscapeUrl":"https:\/\/images.nlziet.nl\/metadataimportimages\/source\/719A8E9231489D68A8E0D3D5700A398FF3151C86CEAF369D73691C8636EB3236.jpg"},"logo":{"normalUrl":"https:\/\/cdn.nlziet.nl\/static\/assets\/contentproviders\/rtl.png","darkUrl":"https:\/\/cdn.nlziet.nl\/static\/assets\/contentproviders\/dark\/rtl.png","flatUrl":"https:\/\/cdn.nlziet.nl\/static\/assets\/contentproviders\/flat\/rtl.png"},"tags":[],"seriesId":"5iq64M0KqESDSVKax8Q3FA"},{"id":"dwPIp4H7C0WuBlELPN4xpg","type":"Vod","title":"Way Of Living","subtitle":"Afl. 3","description":"Het Quinta do Lago Resort aan de zonnige Algarve is wereldberoemd. Hier mag niet meer gebouwd worden. Toch heeft 'Way of living' een tip hoe je er nog een woning kan bemachtigen. Daarnaast bezoekt Arno Raymakers de hoogste watervallen van Europa, op een uur rijden van Kaprun in Oostenrijk, waar hij vervolgens een resort bezoekt. Ook is er nieuws vanaf de Second Home beurs en sluiten we af met interieurtips.","formattedEpisodeNumbering":null,"formattedDate":"Zo 9 okt.","formattedDateShort":"Zo 9 okt.","formattedTime":"17:00","formattedDuration":"22m","formattedAvailabilityWindow":null,"formattedAvailabilityWindowShort":null,"image":{"portraitUrl":null,"landscapeUrl":"https:\/\/images.nlziet.nl\/metadataimportimages\/source\/DC16B518466322147FC024A3A888BD9DB838E9A72C9FAC6CA8C4850EE2D1739E.jpg"},"logo":{"normalUrl":"https:\/\/cdn.nlziet.nl\/static\/assets\/contentproviders\/rtl.png","darkUrl":"https:\/\/cdn.nlziet.nl\/static\/assets\/contentproviders\/dark\/rtl.png","flatUrl":"https:\/\/cdn.nlziet.nl\/static\/assets\/contentproviders\/flat\/rtl.png"},"tags":[],"seriesId":"5iq64M0KqESDSVKax8Q3FA"},{"id":"QADXPFaxJEuFca1LkBQABg","type":"Vod","title":"Way Of Living","subtitle":"Afl. 2","description":"Sanne Heijen is aan Costa del Sol en hoort alles over een nieuw interieurlabel. Arno Raymakers ziet golfbanen, villa's, zeiljachten en appartementen in de regio Marbella. En hij beklimt een bergkam in Montafon, Oostenrijk.","formattedEpisodeNumbering":null,"formattedDate":"Zo 2 okt.","formattedDateShort":"Zo 2 okt.","formattedTime":"17:00","formattedDuration":"21m","formattedAvailabilityWindow":null,"formattedAvailabilityWindowShort":null,"image":{"portraitUrl":null,"landscapeUrl":"https:\/\/images.nlziet.nl\/metadataimportimages\/source\/8A9EBC14FA6FB388213D6FB5AC976226CE5E5BECB986A1B7E4931C60784302C8.jpg"},"logo":{"normalUrl":"https:\/\/cdn.nlziet.nl\/static\/assets\/contentproviders\/rtl.png","darkUrl":"https:\/\/cdn.nlziet.nl\/static\/assets\/contentproviders\/dark\/rtl.png","flatUrl":"https:\/\/cdn.nlziet.nl\/static\/assets\/contentproviders\/flat\/rtl.png"},"tags":[],"seriesId":"5iq64M0KqESDSVKax8Q3FA"},{"id":"lK7r004Uyket7mdjHE_icQ","type":"Vod","title":"Way Of Living","subtitle":"Afl. 1","description":"Arno Raymakers geniet van de Spaanse palmen en zee aan de Costa Calida en Sanne Heijen scheurt door de modder op een quad in Oostenrijk. Reportages vanaf de Second Home Beurs en interieurtips maken alle informatie over een tweede huis compleet.","formattedEpisodeNumbering":null,"formattedDate":"Zo 25 sep.","formattedDateShort":"Zo 25 sep.","formattedTime":"17:00","formattedDuration":"21m","formattedAvailabilityWindow":null,"formattedAvailabilityWindowShort":null,"image":{"portraitUrl":null,"landscapeUrl":"https:\/\/images.nlziet.nl\/metadataimportimages\/source\/D6CF17AA05FF2D76F1C3BD91AB1C18229111D9DB74BEE1746844ABF9E3D48DE8.jpg"},"logo":{"normalUrl":"https:\/\/cdn.nlziet.nl\/static\/assets\/contentproviders\/rtl.png","darkUrl":"https:\/\/cdn.nlziet.nl\/static\/assets\/contentproviders\/dark\/rtl.png","flatUrl":"https:\/\/cdn.nlziet.nl\/static\/assets\/contentproviders\/flat\/rtl.png"},"tags":[],"seriesId":"5iq64M0KqESDSVKax8Q3FA"}]