[{"id":"ezHXdV1fkkWm8L7WBq2cVA","type":"Vod","title":"Natuur Op Z: America's Wild Seasons","subtitle":"Afl. 4","description":"RTLZ - Zodra de temperatuur tijdens de winter daalt, trekken de bultruggen naar de warme wateren bij Californi\u00eb en Hawa\u00ef. Andere dieren krijgen te maken met vrieskou en voedseltekorten.","formattedEpisodeNumbering":null,"formattedDate":"Ma 24 jan.","formattedDateShort":"Ma 24 jan.","formattedTime":"22:35","formattedDuration":"47m","formattedAvailabilityWindow":null,"formattedAvailabilityWindowShort":null,"image":{"portraitUrl":null,"landscapeUrl":"https:\/\/images.nlziet.nl\/metadataimportimages\/source\/47082DD3E47BC5BFD789BD0940F6A37FF2F9C5901B21065855F8A3E51D0F963F.jpg"},"logo":{"normalUrl":"https:\/\/cdn.nlziet.nl\/static\/assets\/contentproviders\/rtl.png","darkUrl":"https:\/\/cdn.nlziet.nl\/static\/assets\/contentproviders\/dark\/rtl.png","flatUrl":"https:\/\/cdn.nlziet.nl\/static\/assets\/contentproviders\/flat\/rtl.png"},"tags":[],"seriesId":"6K0a9XiPBU-gw2otnMvGQg"},{"id":"o5cQxQUqd0qyqVXy8neOig","type":"Vod","title":"Natuur Op Z: America's Wild Seasons","subtitle":"Afl. 3","description":"RTLZ - Miljoenen watervogels trekken naar het zuiden, terwijl bevers en eekhoorns voorraden aanleggen om de winter door te komen.","formattedEpisodeNumbering":null,"formattedDate":"Ma 24 jan.","formattedDateShort":"Ma 24 jan.","formattedTime":"21:30","formattedDuration":"47m","formattedAvailabilityWindow":null,"formattedAvailabilityWindowShort":null,"image":{"portraitUrl":null,"landscapeUrl":"https:\/\/images.nlziet.nl\/metadataimportimages\/source\/221349E4F96A303B2A6716AC33685DF88E3FE64876A0E9C1B7B6C89BB6ACB927.jpg"},"logo":{"normalUrl":"https:\/\/cdn.nlziet.nl\/static\/assets\/contentproviders\/rtl.png","darkUrl":"https:\/\/cdn.nlziet.nl\/static\/assets\/contentproviders\/dark\/rtl.png","flatUrl":"https:\/\/cdn.nlziet.nl\/static\/assets\/contentproviders\/flat\/rtl.png"},"tags":[],"seriesId":"6K0a9XiPBU-gw2otnMvGQg"},{"id":"jI6EimeYIEGx-q743zpo6Q","type":"Vod","title":"Natuur Op Z: America's Wild Seasons","subtitle":"Afl. 2","description":"RTLZ - Bizonstieren vechten op het Yellowstone Plateau en vuurvliegjes schitteren in het Great Smoky Mountains National Park. Een jonge adelaar in het middenwesten begint aan zijn eerste vlucht. Uilskuikens in de Great Plains overleven ternauwernood een aanval van een das.","formattedEpisodeNumbering":null,"formattedDate":"Ma 24 jan.","formattedDateShort":"Ma 24 jan.","formattedTime":"20:30","formattedDuration":"47m","formattedAvailabilityWindow":null,"formattedAvailabilityWindowShort":null,"image":{"portraitUrl":null,"landscapeUrl":"https:\/\/images.nlziet.nl\/metadataimportimages\/source\/4C14F0C7E16CD1048626C821E1E13AE366924395D7D0AEF5F26F1F05B45F99F7.jpg"},"logo":{"normalUrl":"https:\/\/cdn.nlziet.nl\/static\/assets\/contentproviders\/rtl.png","darkUrl":"https:\/\/cdn.nlziet.nl\/static\/assets\/contentproviders\/dark\/rtl.png","flatUrl":"https:\/\/cdn.nlziet.nl\/static\/assets\/contentproviders\/flat\/rtl.png"},"tags":[],"seriesId":"6K0a9XiPBU-gw2otnMvGQg"},{"id":"dptF8XdXE0KhMzFuDRi27g","type":"Vod","title":"Natuur Op Z: America's Wild Seasons","subtitle":"Afl. 1","description":"RTLZ - Documentaireserie over de Amerikaanse wildernis.","formattedEpisodeNumbering":null,"formattedDate":"Ma 17 jan.","formattedDateShort":"Ma 17 jan.","formattedTime":"22:30","formattedDuration":"47m","formattedAvailabilityWindow":null,"formattedAvailabilityWindowShort":null,"image":{"portraitUrl":null,"landscapeUrl":"https:\/\/images.nlziet.nl\/metadataimportimages\/source\/E7D0F030E401AC20B044B2A4571E3CAFC6563C5E5D773E7F10BB309C66D9CD73.jpg"},"logo":{"normalUrl":"https:\/\/cdn.nlziet.nl\/static\/assets\/contentproviders\/rtl.png","darkUrl":"https:\/\/cdn.nlziet.nl\/static\/assets\/contentproviders\/dark\/rtl.png","flatUrl":"https:\/\/cdn.nlziet.nl\/static\/assets\/contentproviders\/flat\/rtl.png"},"tags":[],"seriesId":"6K0a9XiPBU-gw2otnMvGQg"}]