[{"id":"PluRTrS-VEO7utM0RUYGTA","type":"Vod","title":"Andr\u00e9 Rieu","subtitle":"Andr\u00e9 Rieu in Zuid-Afrika","description":"TROS - Realityserie over Andr\u00e9, zijn orkest en medewerkers in de periode voorafgaand aan en tijdens zijn eerste Zuid-Afrikaanse tournee. Na de overweldigende doorbraak in Australi\u00eb lijkt het succes ook op andere continenten aan te breken. Tijdens de voorbereidingen voor de tournee gaan ook alle andere zaken in het altijd drukke leven van Andr\u00e9 Rieu gewoon door. Zo kan hij de ene dag in Brazili\u00eb zitten voor een promotietournee, dan weer een album opnemen in Maastricht, optreden in The Royal Varietyshow voor de Engelse koningin of voor onze eigen majesteit spelen in de grotten van Valkenburg. Hoewel in eerste instantie alles een routineus gesmeerde machine lijkt, zien we telkens weer dat de fijne hand van de meester overal en altijd aanwezig is om dit reizende gezelschap tot zo'n wereldwijd fenomeen te maken. De viool moet dagelijks bespeeld worden, ook als er een keertje niet wordt opgetreden, maar daarnaast heeft Andr\u00e9 nog 1001 andere dingen die gedaan moeten worden.","formattedEpisodeNumbering":null,"formattedDate":"Vr 4 jun. 2010","formattedDateShort":"Jun. 2010","formattedTime":"20:33","formattedDuration":"1u 27m","formattedAvailabilityWindow":null,"formattedAvailabilityWindowShort":null,"image":{"portraitUrl":null,"landscapeUrl":"https:\/\/images.nlziet.nl\/metadataimportimages\/source\/BFF5B4490A884F496F7A77C180DF546FA0448A4F5691D7793695D698C0E50DE3.jpg"},"logo":{"normalUrl":"https:\/\/cdn.nlziet.nl\/static\/assets\/contentproviders\/npo.png","darkUrl":"https:\/\/cdn.nlziet.nl\/static\/assets\/contentproviders\/dark\/npo.png","flatUrl":"https:\/\/cdn.nlziet.nl\/static\/assets\/contentproviders\/flat\/npo.png"},"tags":[],"seriesId":"6nYNguFY_Eiaeu9gIcxSyg"},{"id":"MP-rSwqSh0-xZizj4wrlbg","type":"Vod","title":"Andr\u00e9 Rieu","subtitle":"Andr\u00e9 Rieu in Zuid-Afrika","description":"TROS - Realityserie over Andr\u00e9, zijn orkest en medewerkers in de periode voorafgaand aan en tijdens zijn eerste Zuid-Afrikaanse tournee. Na de overweldigende doorbraak in Australi\u00eb lijkt het succes ook op andere continenten aan te breken. Tijdens de voorbereidingen voor de tournee gaan ook alle andere zaken in het altijd drukke leven van Andr\u00e9 Rieu gewoon door. Zo kan hij de ene dag in Brazili\u00eb zitten voor een promotietournee, dan weer een album opnemen in Maastricht, optreden in The Royal Varietyshow voor de Engelse koningin of voor onze eigen majesteit spelen in de grotten van Valkenburg. Hoewel in eerste instantie alles een routineus gesmeerde machine lijkt, zien we telkens weer dat de fijne hand van de meester overal en altijd aanwezig is om dit reizende gezelschap tot zo'n wereldwijd fenomeen te maken. De viool moet dagelijks bespeeld worden, ook als er een keertje niet wordt opgetreden, maar daarnaast heeft Andr\u00e9 nog 1001 andere dingen die gedaan moeten worden.","formattedEpisodeNumbering":null,"formattedDate":"Vr 21 mei. 2010","formattedDateShort":"Mei. 2010","formattedTime":"21:25","formattedDuration":"35m","formattedAvailabilityWindow":null,"formattedAvailabilityWindowShort":null,"image":{"portraitUrl":null,"landscapeUrl":"https:\/\/images.nlziet.nl\/metadataimportimages\/source\/BFF5B4490A884F496F7A77C180DF546FA0448A4F5691D7793695D698C0E50DE3.jpg"},"logo":{"normalUrl":"https:\/\/cdn.nlziet.nl\/static\/assets\/contentproviders\/npo.png","darkUrl":"https:\/\/cdn.nlziet.nl\/static\/assets\/contentproviders\/dark\/npo.png","flatUrl":"https:\/\/cdn.nlziet.nl\/static\/assets\/contentproviders\/flat\/npo.png"},"tags":[],"seriesId":"6nYNguFY_Eiaeu9gIcxSyg"},{"id":"mSy9RA5-KEGYrKqPXk_2Rg","type":"Vod","title":"Andr\u00e9 Rieu","subtitle":"Andr\u00e9 Rieu in Zuid-Afrika","description":"TROS - Realityserie over Andr\u00e9, zijn orkest en medewerkers in de periode voorafgaand aan en tijdens zijn eerste Zuid-Afrikaanse tournee. Na de overweldigende doorbraak in Australi\u00eb lijkt het succes ook op andere continenten aan te breken. Tijdens de voorbereidingen voor de tournee gaan ook alle andere zaken in het altijd drukke leven van Andr\u00e9 Rieu gewoon door. Zo kan hij de ene dag in Brazili\u00eb zitten voor een promotietournee, dan weer een album opnemen in Maastricht, optreden in The Royal Varietyshow voor de Engelse koningin of voor onze eigen majesteit spelen in de grotten van Valkenburg. Hoewel in eerste instantie alles een routineus gesmeerde machine lijkt, zien we telkens weer dat de fijne hand van de meester overal en altijd aanwezig is om dit reizende gezelschap tot zo'n wereldwijd fenomeen te maken. De viool moet dagelijks bespeeld worden, ook als er een keertje niet wordt opgetreden, maar daarnaast heeft Andr\u00e9 nog 1001 andere dingen die gedaan moeten worden.","formattedEpisodeNumbering":null,"formattedDate":"Vr 14 mei. 2010","formattedDateShort":"Mei. 2010","formattedTime":"21:25","formattedDuration":"35m","formattedAvailabilityWindow":null,"formattedAvailabilityWindowShort":null,"image":{"portraitUrl":null,"landscapeUrl":"https:\/\/images.nlziet.nl\/metadataimportimages\/source\/BFF5B4490A884F496F7A77C180DF546FA0448A4F5691D7793695D698C0E50DE3.jpg"},"logo":{"normalUrl":"https:\/\/cdn.nlziet.nl\/static\/assets\/contentproviders\/npo.png","darkUrl":"https:\/\/cdn.nlziet.nl\/static\/assets\/contentproviders\/dark\/npo.png","flatUrl":"https:\/\/cdn.nlziet.nl\/static\/assets\/contentproviders\/flat\/npo.png"},"tags":[],"seriesId":"6nYNguFY_Eiaeu9gIcxSyg"},{"id":"4-OFLGhewUGaEtnZlLd1Jw","type":"Vod","title":"Andr\u00e9 Rieu","subtitle":"Andr\u00e9 Rieu in Zuid-Afrika","description":"TROS - Realityserie over Andr\u00e9, zijn orkest en medewerkers in de periode voorafgaand aan en tijdens zijn eerste Zuid-Afrikaanse tournee. Na de overweldigende doorbraak in Australi\u00eb lijkt het succes ook op andere continenten aan te breken. Tijdens de voorbereidingen voor de tournee gaan ook alle andere zaken in het altijd drukke leven van Andr\u00e9 Rieu gewoon door. Zo kan hij de ene dag in Brazili\u00eb zitten voor een promotietournee, dan weer een album opnemen in Maastricht, optreden in The Royal Varietyshow voor de Engelse koningin of voor onze eigen majesteit spelen in de grotten van Valkenburg. Hoewel in eerste instantie alles een routineus gesmeerde machine lijkt, zien we telkens weer dat de fijne hand van de meester overal en altijd aanwezig is om dit reizende gezelschap tot zo'n wereldwijd fenomeen te maken. De viool moet dagelijks bespeeld worden, ook als er een keertje niet wordt opgetreden, maar daarnaast heeft Andr\u00e9 nog 1001 andere dingen die gedaan moeten worden.","formattedEpisodeNumbering":null,"formattedDate":"Vr 7 mei. 2010","formattedDateShort":"Mei. 2010","formattedTime":"21:25","formattedDuration":"30m","formattedAvailabilityWindow":null,"formattedAvailabilityWindowShort":null,"image":{"portraitUrl":null,"landscapeUrl":"https:\/\/images.nlziet.nl\/metadataimportimages\/source\/BFF5B4490A884F496F7A77C180DF546FA0448A4F5691D7793695D698C0E50DE3.jpg"},"logo":{"normalUrl":"https:\/\/cdn.nlziet.nl\/static\/assets\/contentproviders\/npo.png","darkUrl":"https:\/\/cdn.nlziet.nl\/static\/assets\/contentproviders\/dark\/npo.png","flatUrl":"https:\/\/cdn.nlziet.nl\/static\/assets\/contentproviders\/flat\/npo.png"},"tags":[],"seriesId":"6nYNguFY_Eiaeu9gIcxSyg"},{"id":"JIPG81zHG0i085MOspcsgA","type":"Vod","title":"Andr\u00e9 Rieu","subtitle":"Andr\u00e9 Rieu in Zuid-Afrika","description":"TROS - Realityserie over Andr\u00e9, zijn orkest en medewerkers in de periode voorafgaand aan en tijdens zijn eerste Zuid-Afrikaanse tournee. Na de overweldigende doorbraak in Australi\u00eb lijkt het succes ook op andere continenten aan te breken. Tijdens de voorbereidingen voor de tournee gaan ook alle andere zaken in het altijd drukke leven van Andr\u00e9 Rieu gewoon door. Zo kan hij de ene dag in Brazili\u00eb zitten voor een promotietournee, dan weer een album opnemen in Maastricht, optreden in The Royal Varietyshow voor de Engelse koningin of voor onze eigen majesteit spelen in de grotten van Valkenburg. Hoewel in eerste instantie alles een routineus gesmeerde machine lijkt, zien we telkens weer dat de fijne hand van de meester overal en altijd aanwezig is om dit reizende gezelschap tot zo'n wereldwijd fenomeen te maken. De viool moet dagelijks bespeeld worden, ook als er een keertje niet wordt opgetreden, maar daarnaast heeft Andr\u00e9 nog 1001 andere dingen die gedaan moeten worden.","formattedEpisodeNumbering":null,"formattedDate":"Vr 30 apr. 2010","formattedDateShort":"Apr. 2010","formattedTime":"21:25","formattedDuration":"30m","formattedAvailabilityWindow":null,"formattedAvailabilityWindowShort":null,"image":{"portraitUrl":null,"landscapeUrl":"https:\/\/images.nlziet.nl\/metadataimportimages\/source\/BFF5B4490A884F496F7A77C180DF546FA0448A4F5691D7793695D698C0E50DE3.jpg"},"logo":{"normalUrl":"https:\/\/cdn.nlziet.nl\/static\/assets\/contentproviders\/npo.png","darkUrl":"https:\/\/cdn.nlziet.nl\/static\/assets\/contentproviders\/dark\/npo.png","flatUrl":"https:\/\/cdn.nlziet.nl\/static\/assets\/contentproviders\/flat\/npo.png"},"tags":[],"seriesId":"6nYNguFY_Eiaeu9gIcxSyg"},{"id":"J2jXa3nJWEWTTMl_7d89fg","type":"Vod","title":"Andr\u00e9 Rieu","subtitle":"Andr\u00e9 Rieu in Zuid-Afrika","description":"TROS - Realityserie over Andr\u00e9, zijn orkest en medewerkers in de periode voorafgaand aan en tijdens zijn eerste Zuid-Afrikaanse tournee. Na de overweldigende doorbraak in Australi\u00eb lijkt het succes ook op andere continenten aan te breken. Tijdens de voorbereidingen voor de tournee gaan ook alle andere zaken in het altijd drukke leven van Andr\u00e9 Rieu gewoon door. Zo kan hij de ene dag in Brazili\u00eb zitten voor een promotietournee, dan weer een album opnemen in Maastricht, optreden in The Royal Varietyshow voor de Engelse koningin of voor onze eigen majesteit spelen in de grotten van Valkenburg. Hoewel in eerste instantie alles een routineus gesmeerde machine lijkt, zien we telkens weer dat de fijne hand van de meester overal en altijd aanwezig is om dit reizende gezelschap tot zo'n wereldwijd fenomeen te maken. De viool moet dagelijks bespeeld worden, ook als er een keertje niet wordt opgetreden, maar daarnaast heeft Andr\u00e9 nog 1001 andere dingen die gedaan moeten worden.","formattedEpisodeNumbering":null,"formattedDate":"Vr 23 apr. 2010","formattedDateShort":"Apr. 2010","formattedTime":"21:30","formattedDuration":"30m","formattedAvailabilityWindow":null,"formattedAvailabilityWindowShort":null,"image":{"portraitUrl":null,"landscapeUrl":"https:\/\/images.nlziet.nl\/metadataimportimages\/source\/BFF5B4490A884F496F7A77C180DF546FA0448A4F5691D7793695D698C0E50DE3.jpg"},"logo":{"normalUrl":"https:\/\/cdn.nlziet.nl\/static\/assets\/contentproviders\/npo.png","darkUrl":"https:\/\/cdn.nlziet.nl\/static\/assets\/contentproviders\/dark\/npo.png","flatUrl":"https:\/\/cdn.nlziet.nl\/static\/assets\/contentproviders\/flat\/npo.png"},"tags":[],"seriesId":"6nYNguFY_Eiaeu9gIcxSyg"}]