[{"id":"7Bla0GW2rUWmwjvcqc4rmQ","type":"Vod","title":"ANKIE de olympische weduwe","subtitle":"ANKIE de olympische weduwe","description":"KRO-NCRV - Documentaire over de terreuraanslag tijdens de Olympische Spelen in M\u00fcnchen van 1972, waarbij elf Isra\u00eblische atleten werden vermoord. Onder hen de man van de Nederlandse Ankie Spitzer.","formattedEpisodeNumbering":null,"formattedDate":"Ma 5 sep.","formattedDateShort":"Ma 5 sep.","formattedTime":"21:30","formattedDuration":"43m","formattedAvailabilityWindow":null,"formattedAvailabilityWindowShort":null,"image":{"portraitUrl":null,"landscapeUrl":"https:\/\/images.nlziet.nl\/metadataimportimages\/source\/25EE78816677C968E3D69BDAF2BEE577AB5B223F35544B76F7F4FB6126951318.jpg"},"logo":{"normalUrl":"https:\/\/cdn.nlziet.nl\/static\/assets\/contentproviders\/npo.png","darkUrl":"https:\/\/cdn.nlziet.nl\/static\/assets\/contentproviders\/dark\/npo.png","flatUrl":"https:\/\/cdn.nlziet.nl\/static\/assets\/contentproviders\/flat\/npo.png"},"tags":[],"seriesId":"6m4Y4GFIQk6mKZ-GS5WTMA"},{"id":"WKrcf-Jr_0O1orve5pp1pw","type":"Vod","title":"ANKIE de olympische weduwe","subtitle":"ANKIE de olympische weduwe","description":"KRO-NCRV - Documentaire over de terreuraanslag tijdens de Olympische Spelen in M\u00fcnchen, 1972. Palestijnse terroristen gijzelen elf Isra\u00eblische atleten. Twee van hen werden direct vermoord, de andere negen atleten kwamen om tijdens de bloedige ontknoping van het drama op een vliegveld buiten M\u00fcnchen. Onder hen Andr\u00e9, de man van de Nederlandse Ankie Spitzer. Zij strijdt al vijftig jaar voor antwoorden op haar belangrijkste vragen en wordt daarbij voortdurend tegengewerkt door de Duitse autoriteiten. Deze documentaire biedt een onthullende en onthutsende inkijk in de gebeurtenissen tijdens en na deze terreuraanslag op de Olympische Spelen.","formattedEpisodeNumbering":null,"formattedDate":"Zo 4 sep.","formattedDateShort":"Zo 4 sep.","formattedTime":"21:25","formattedDuration":"1u 10m","formattedAvailabilityWindow":null,"formattedAvailabilityWindowShort":null,"image":{"portraitUrl":null,"landscapeUrl":"https:\/\/images.nlziet.nl\/metadataimportimages\/source\/03D15027B66B3434CEA3B1DEEFC3B1F0948577B5C3889DCC0249C3601FA2731F.jpg"},"logo":{"normalUrl":"https:\/\/cdn.nlziet.nl\/static\/assets\/contentproviders\/npo.png","darkUrl":"https:\/\/cdn.nlziet.nl\/static\/assets\/contentproviders\/dark\/npo.png","flatUrl":"https:\/\/cdn.nlziet.nl\/static\/assets\/contentproviders\/flat\/npo.png"},"tags":[],"seriesId":"6m4Y4GFIQk6mKZ-GS5WTMA"}]