[{"id":"7UFTYoyMdEa7dpjsoKKvgA","type":"Vod","title":"NOS Nieuwjaarsconcert","subtitle":"NOS Nieuwjaarsconcert","description":"NOS - Het traditionele nieuwjaarsconcert door de Wiener Philharmoniker, rechtstreeks vanuit de Musikverein in Wenen. Het dirigeerstokje is in handen van een ware veteraan: voor Riccardo Muti is het de vijfde keer dat hij het Weense nieuwjaarsconcert leidt.","formattedEpisodeNumbering":null,"formattedDate":"Ma 1 jan. 2018","formattedDateShort":"Jan. 2018","formattedTime":"11:15","formattedDuration":"2u 37m","formattedAvailabilityWindow":null,"formattedAvailabilityWindowShort":null,"image":{"portraitUrl":null,"landscapeUrl":"https:\/\/images.nlziet.nl\/metadataimportimages\/source\/BD18A1ECD23ECCA6EBE7EF6F0B194ABCD41AE4809BFEC51A6F9F60D14E368DED.jpg"},"logo":{"normalUrl":"https:\/\/cdn.nlziet.nl\/static\/assets\/contentproviders\/npo.png","darkUrl":"https:\/\/cdn.nlziet.nl\/static\/assets\/contentproviders\/dark\/npo.png","flatUrl":"https:\/\/cdn.nlziet.nl\/static\/assets\/contentproviders\/flat\/npo.png"},"tags":[],"seriesId":"4gdnC7XKyU-bZf159tXAVw"}]