[{"id":"pvyCUDGCmkCNACiyESRQzw","type":"Vod","title":"Het Blok Nieuw-Zeeland","subtitle":"Aflevering 48","description":"Net5 - Na twaalf weken zwoegen, zweten en klussen hebben de deelnemers buitengewone huizen in het leven geroepen, die nu worden verkocht. Wie haalt de meeste winst en wint de prijs van $ 100.000?","formattedEpisodeNumbering":null,"formattedDate":"Di 5 jul.","formattedDateShort":"Di 5 jul.","formattedTime":"18:30","formattedDuration":"42m","formattedAvailabilityWindow":"Vandaag nog beschikbaar","formattedAvailabilityWindowShort":"Nog 1 d. beschikbaar","image":{"portraitUrl":null,"landscapeUrl":"https:\/\/images.nlziet.nl\/metadataimportimages\/source\/DC49056CEFDE3D84C8703EDFB64226E2FC08DA7345D4AFB8B22B918E4D35428E.jpg"},"logo":{"normalUrl":"https:\/\/cdn.nlziet.nl\/static\/assets\/contentproviders\/sbs.png","darkUrl":"https:\/\/cdn.nlziet.nl\/static\/assets\/contentproviders\/dark\/sbs.png","flatUrl":"https:\/\/cdn.nlziet.nl\/static\/assets\/contentproviders\/flat\/sbs.png"},"tags":[],"seriesId":"8AOhOlelUEa5dd6vZegEng"}]