[{"id":"0pKegLWock-HnsVf3U9G2Q","type":"Vod","title":"NPO Radio 5 Vakantieconcert: Clouseau","subtitle":"NPO Radio 5 Vakantieconcert: Clouseau","description":"KRO-NCRV - NPO Radio 5 vakantieconcert met Clouseau in het Zuiderparktheater in Den Haag.","formattedEpisodeNumbering":null,"formattedDate":"Za 17 sep.","formattedDateShort":"Za 17 sep.","formattedTime":"14:45","formattedDuration":"1u 21m","formattedAvailabilityWindow":null,"formattedAvailabilityWindowShort":null,"image":{"portraitUrl":null,"landscapeUrl":"https:\/\/images.nlziet.nl\/metadataimportimages\/source\/DA89EC6EB62195E8DADC8958A42842CA66E241B995CBF6029A48633BFACA7FFF.jpg"},"logo":{"normalUrl":"https:\/\/cdn.nlziet.nl\/static\/assets\/contentproviders\/npo.png","darkUrl":"https:\/\/cdn.nlziet.nl\/static\/assets\/contentproviders\/dark\/npo.png","flatUrl":"https:\/\/cdn.nlziet.nl\/static\/assets\/contentproviders\/flat\/npo.png"},"tags":[],"seriesId":"6IqHlrw3skilHueplp8lRw"}]