[{"id":"TBCwZ77D6Uia-MBVEzN0Jw","type":"Vod","title":"De Muur","subtitle":"Fort Europa","description":"BNNVARA - Menno Bentveld kijkt naar de muren en hekken die het laatste jaar zijn gebouwd in Europa. Menno reist naar Hongarije en Calais in Frankrijk en gaat ook mee op een Nederlands fregat dat de grens tussen Turkije en Griekenland bewaakt. En hij merkt dat in een jaar tijd de stemming in Europa helemaal is omgeslagen en hekken normaal worden gevonden.","formattedEpisodeNumbering":null,"formattedDate":"Do 6 sep. 2018","formattedDateShort":"Sep. 2018","formattedTime":"13:25","formattedDuration":"44m","formattedAvailabilityWindow":null,"formattedAvailabilityWindowShort":null,"image":{"portraitUrl":null,"landscapeUrl":"https:\/\/images.nlziet.nl\/metadataimportimages\/source\/92C8FC0E07CD20CD84FD0FBA3E0AC9DE26868E65E4E4F069E7BEE2FC4FAF98EC.jpg"},"logo":{"normalUrl":"https:\/\/cdn.nlziet.nl\/static\/assets\/contentproviders\/npo.png","darkUrl":"https:\/\/cdn.nlziet.nl\/static\/assets\/contentproviders\/dark\/npo.png","flatUrl":"https:\/\/cdn.nlziet.nl\/static\/assets\/contentproviders\/flat\/npo.png"},"tags":[],"seriesId":"64PHZaFSQk-R5gf4e6eVlQ"},{"id":"OagkGdNd4USsR2f6t9_bog","type":"Vod","title":"De Muur","subtitle":"Oekra\u00efne","description":"BNNVARA - Menno Bentveld reist naar Oekra\u00efne, naar de grens met Rusland. Daar wordt een groot grenshek gebouwd dat de voormalige broedervolkeren definitief uit elkaar moet houden. Menno ontmoet er fanatieke nationalisten, militairen en gewone burgers die ineens gescheiden worden van hun vrienden en familie.","formattedEpisodeNumbering":null,"formattedDate":"Do 30 aug. 2018","formattedDateShort":"Aug. 2018","formattedTime":"13:25","formattedDuration":"45m","formattedAvailabilityWindow":null,"formattedAvailabilityWindowShort":null,"image":{"portraitUrl":null,"landscapeUrl":"https:\/\/images.nlziet.nl\/metadataimportimages\/source\/B13B5F5822D4315FB0C8339B5572908E481D5626577100BE57F9A61FEB7C3F23.jpg"},"logo":{"normalUrl":"https:\/\/cdn.nlziet.nl\/static\/assets\/contentproviders\/npo.png","darkUrl":"https:\/\/cdn.nlziet.nl\/static\/assets\/contentproviders\/dark\/npo.png","flatUrl":"https:\/\/cdn.nlziet.nl\/static\/assets\/contentproviders\/flat\/npo.png"},"tags":[],"seriesId":"64PHZaFSQk-R5gf4e6eVlQ"},{"id":"fV7dRsjI2EKRcYcY_xzgoQ","type":"Vod","title":"De Muur","subtitle":"Detroit","description":"BNNVARA - Menno Bentveld reist naar Detroit, de oude hoofdstad van de Amerikaanse auto-industrie. Nu is Detroit een arme en onveilige stad waar vooral Afro-Amerikanen wonen. Maar in de buitenwijken wonen zeer rijke blanken. Uit angst voor de zwarte bevolking van Detroit hebben zij de straten naar hun wijk geblokkeerd met obstakels. Pas na de moord op een blank en zwart meisje wordt er geprobeerd de segregatie op te heffen. Menno zoekt uit of dat lukt.","formattedEpisodeNumbering":null,"formattedDate":"Do 23 aug. 2018","formattedDateShort":"Aug. 2018","formattedTime":"13:20","formattedDuration":"43m","formattedAvailabilityWindow":null,"formattedAvailabilityWindowShort":null,"image":{"portraitUrl":null,"landscapeUrl":"https:\/\/images.nlziet.nl\/metadataimportimages\/source\/DE441FD604839C2C3C21E0D78110928A2B594854B05FC482B18D1267E1A863F5.jpg"},"logo":{"normalUrl":"https:\/\/cdn.nlziet.nl\/static\/assets\/contentproviders\/npo.png","darkUrl":"https:\/\/cdn.nlziet.nl\/static\/assets\/contentproviders\/dark\/npo.png","flatUrl":"https:\/\/cdn.nlziet.nl\/static\/assets\/contentproviders\/flat\/npo.png"},"tags":[],"seriesId":"64PHZaFSQk-R5gf4e6eVlQ"},{"id":"ujHHIzfEXUSxws-vDTrpYw","type":"Vod","title":"De Muur","subtitle":"Botswana","description":"BNNVARA - Menno Bentveld reist naar Botswana, een groot land met slechts twee miljoen inwoners. Maar het inwonertal groeit nu er zeker een half miljoen illegale migranten uit Zimbabwe wonen. Gevlucht voor honger en onderdrukking proberen ze in het welvarende Botswana wat geld te verdienen. Menno Bentveld volgt hen op de tocht naar Botswana en ziet dat het lange grenshek weinig mensen tegenhoudt. Eenmaal in Botswana aangekomen worden ze vaak opgepakt en teruggestuurd. Het lijkt niemand wat uit te maken en de Zimbabwanen komen razendsnel weer terug.","formattedEpisodeNumbering":null,"formattedDate":"Do 16 aug. 2018","formattedDateShort":"Aug. 2018","formattedTime":"14:25","formattedDuration":"43m","formattedAvailabilityWindow":null,"formattedAvailabilityWindowShort":null,"image":{"portraitUrl":null,"landscapeUrl":"https:\/\/images.nlziet.nl\/metadataimportimages\/source\/3F96CABB631CB9E7E31715B2E31F733E7D1DA2B91A48F52DF4B6840FD752F210.jpg"},"logo":{"normalUrl":"https:\/\/cdn.nlziet.nl\/static\/assets\/contentproviders\/npo.png","darkUrl":"https:\/\/cdn.nlziet.nl\/static\/assets\/contentproviders\/dark\/npo.png","flatUrl":"https:\/\/cdn.nlziet.nl\/static\/assets\/contentproviders\/flat\/npo.png"},"tags":[],"seriesId":"64PHZaFSQk-R5gf4e6eVlQ"},{"id":"V3bPxUhCyUKIU9SQ7TO82g","type":"Vod","title":"De Muur","subtitle":"Ceuta","description":"BNNVARA - Menno reist zuidwaarts, richting Marokko. In Marokko liggen namelijk twee stukjes vergeten Europa: de Spaanse enclaves Ceuta en Melilla. Menno reist naar Ceuta en ziet dat de kleine stad helemaal omringd is door een metershoog en zwaarbewaakt hek en wachttorens. Hij ontmoet Afrikaanse migranten die het hek willen bestormen. Dat doen ze in een grote groep en sommigen weten Europa te bereiken, maar velen halen het niet. En er vallen ook regelmatig doden bij. Het interesseert de bewoners van Ceuta nauwelijks meer, merkt Menno, ze hebben het hek de rug toegekeerd.","formattedEpisodeNumbering":null,"formattedDate":"Do 9 aug. 2018","formattedDateShort":"Aug. 2018","formattedTime":"13:25","formattedDuration":"45m","formattedAvailabilityWindow":null,"formattedAvailabilityWindowShort":null,"image":{"portraitUrl":null,"landscapeUrl":"https:\/\/images.nlziet.nl\/metadataimportimages\/source\/30D3991257843E46DB9832215AD8E87876AC085D133767D06F5C0176577A2E20.jpg"},"logo":{"normalUrl":"https:\/\/cdn.nlziet.nl\/static\/assets\/contentproviders\/npo.png","darkUrl":"https:\/\/cdn.nlziet.nl\/static\/assets\/contentproviders\/dark\/npo.png","flatUrl":"https:\/\/cdn.nlziet.nl\/static\/assets\/contentproviders\/flat\/npo.png"},"tags":[],"seriesId":"64PHZaFSQk-R5gf4e6eVlQ"},{"id":"qpLrH4nWOkKd5EtOyWZ29A","type":"Vod","title":"De Muur","subtitle":"Guantanamo Bay","description":"BNNVARA - Menno is de eerste westerse presentator die toegelaten is aan de Cubaanse kant van de Amerikaanse marinebasis Guantanamo Bay, omheind door een hek. Dit hek is omringd door een kilometers breed mijnenveld en wordt zwaarbewaakt, want op Cuba is de Koude Oorlog nog niet voorbij. In een lange reis probeert Menno Bentveld van Havana naar Caimanera en Boquer\u00f3n te komen, twee plaatsjes die naast het hek liggen, midden in het mijnenveld. De reis kost veel moeite en hij wordt regelmatig tegengehouden, maar uiteindelijk weet Menno het hek te bereiken. En hij komt erachter dat op Cuba niets is wat het lijkt.","formattedEpisodeNumbering":null,"formattedDate":"Do 2 aug. 2018","formattedDateShort":"Aug. 2018","formattedTime":"13:20","formattedDuration":"45m","formattedAvailabilityWindow":null,"formattedAvailabilityWindowShort":null,"image":{"portraitUrl":null,"landscapeUrl":"https:\/\/images.nlziet.nl\/metadataimportimages\/source\/7D1CFAD782B74B4A2A50D3CDC7BD27AE72067ED3E617953319E75A05DC18F7F2.jpg"},"logo":{"normalUrl":"https:\/\/cdn.nlziet.nl\/static\/assets\/contentproviders\/npo.png","darkUrl":"https:\/\/cdn.nlziet.nl\/static\/assets\/contentproviders\/dark\/npo.png","flatUrl":"https:\/\/cdn.nlziet.nl\/static\/assets\/contentproviders\/flat\/npo.png"},"tags":[],"seriesId":"64PHZaFSQk-R5gf4e6eVlQ"}]