[{"id":"Vc5ZiY9NbUuGvPT2vqddMw","type":"Vod","title":"DREAM SCHOOL","subtitle":"DREAM SCHOOL, Terugblik","description":"NTR - Een jaar geleden namen zestien voortijdige schoolverlaters een grote stap. Stuk voor stuk vastgelopen, pakten ze nu de kans en gaven zich op voor Dream School. Hier kregen ze drie weken lang les van uitzonderlijke en vaak ook bekende mensen. Onder de bezielende leiding van meervoudig wereldkampioen kickboksen Lucia Rijker en rector Eric van 't Zelfde doorliepen de jongeren dit pittige traject, waarin ze de leraren, elkaar en zichzelf geregeld tegenkwamen. Alles met als doel hun leven weer op de rit te krijgen. Nu, een jaar later, is de klas terug op Dream School. Is Demi toch stylist geworden? Heeft Casper zijn baan nog of wil hij weer naar school? Doet Janaicha de opleiding waarvan ze droomde? Is Shawnee aangenomen na haar proefperiode? Heeft Tess besloten te gaan studeren? Wat heeft Manuela opgepakt? Houdt Brahim de opleiding Logistiek vol? Weet Prince wat hij wil? Hoe is het met Jordy na zijn stage bij Barbara Baarsma? Heeft Sarah haar eigen onderbroekenlijn doorgezet? Is het Coraleigh gelukt een opleiding te vinden? Wat doen Robert en Pieter Paul? Hoe is het Jordy na het verlies van Donilio? Werkt Thicia nog in de bediening? Lucia en Eric horen niet alleen gretig al hun verhalen aan, ze hebben ook nog een les in petto voor de jongeren.","formattedEpisodeNumbering":"S1:A9","formattedDate":"Di 3 okt. 2017","formattedDateShort":"Okt. 2017","formattedTime":"21:25","formattedDuration":"49m","formattedAvailabilityWindow":null,"formattedAvailabilityWindowShort":null,"image":{"portraitUrl":null,"landscapeUrl":"https:\/\/images.nlziet.nl\/metadataimportimages\/source\/621ADF07A6831E90F68DEB61F81C8183D943B33EDDAD663FCB3DB064A8B69E64.jpg"},"logo":{"normalUrl":"https:\/\/cdn.nlziet.nl\/static\/assets\/contentproviders\/npo.png","darkUrl":"https:\/\/cdn.nlziet.nl\/static\/assets\/contentproviders\/dark\/npo.png","flatUrl":"https:\/\/cdn.nlziet.nl\/static\/assets\/contentproviders\/flat\/npo.png"},"tags":[],"seriesId":"4m5opRLDFkeeqa97TACkAg"},{"id":"z0KZutoK2ki1vOXEe465BA","type":"Vod","title":"DREAM SCHOOL","subtitle":"","description":"NTR - De laatste dag van Dream School breekt aan. De dag waarop de leerlingen hun portfolio's bespreken met een aantal van de BN'ers die daarvoor speciaal terugkomen. En de dag waarop de leerlingen eindresultaten als raps en de dans van Shaker mogen laten zien aan hun familie en vrienden. Maar wie denkt op zo'n laatste dag achterover te kunnen leunen, komt bedrogen uit. Want zoals Lucia zegt; 'deze jongeren activeren elkaars pijn' en juist met de finish in zicht gaat het er nog stevig aan toe. Gelukkig is er ook ruimte voor succes. En we gaan zien hoe het met de leerlingen gaat, 3 maanden na Dream School.","formattedEpisodeNumbering":"S1:A8","formattedDate":"Wo 1 mrt. 2017","formattedDateShort":"Mrt. 2017","formattedTime":"21:25","formattedDuration":"54m","formattedAvailabilityWindow":null,"formattedAvailabilityWindowShort":null,"image":{"portraitUrl":null,"landscapeUrl":"https:\/\/images.nlziet.nl\/metadataimportimages\/source\/065D194C4F1CDE517E156975B4E900F929374923638E2B4EB521B157DB8D6CE2.jpg"},"logo":{"normalUrl":"https:\/\/cdn.nlziet.nl\/static\/assets\/contentproviders\/npo.png","darkUrl":"https:\/\/cdn.nlziet.nl\/static\/assets\/contentproviders\/dark\/npo.png","flatUrl":"https:\/\/cdn.nlziet.nl\/static\/assets\/contentproviders\/flat\/npo.png"},"tags":[],"seriesId":"4m5opRLDFkeeqa97TACkAg"},{"id":"aGcws9b8oE2keqwk3DQiUA","type":"Vod","title":"DREAM SCHOOL","subtitle":"","description":"NTR - Na de confrontatie met Maarten van Rossem is de maat vol voor rector Eric. Net als Maarten van Rossem zelf ook benoemt, is de match tussen deze leerlingen en een docent als van Rossem niet ideaal. Maar dat geeft de leerlingen niet het recht om zich zonder respect op te stellen, vindt de rector. Hij confronteert de hele groep met hun gedrag. Lucia is het met Eric eens en in een emotionele uitbarsting laat ze de jongeren merken wat hun gedrag met haar doet. De boodschap lijkt aan te komen en de volgende dag start iedereen weer vol goede moed. Maar de intensieve lesdagen en de onderlinge spanningen beginnen hun tol te eisen en zelfs in de les van de tot nu toe zo populaire Abdelkader Benali, loopt het niet lekker en morren de leerlingen op elkaar. In de pauze daarna komt het opnieuw tot een heftige confrontatie tussen Janaicha en Prince. Lucia en Eric staan opnieuw voor moeilijke beslissingen. En terwijl ze al die ballen in de lucht moeten houden, staan er lessen van o.a bergbeklimmer Wilco van Rooijen en een excursie naar Den Haag op het programma. De jongeren krijgen daar les van minister van defensie Jeanine Hennis-Plasschaert. Brahim heeft het erg moeilijk met wat zij zegt over het conflict in het Midden-Oosten en gaat vol de discussie aan.","formattedEpisodeNumbering":"S1:A7","formattedDate":"Wo 22 feb. 2017","formattedDateShort":"Feb. 2017","formattedTime":"21:30","formattedDuration":"54m","formattedAvailabilityWindow":null,"formattedAvailabilityWindowShort":null,"image":{"portraitUrl":null,"landscapeUrl":"https:\/\/images.nlziet.nl\/metadataimportimages\/source\/41DA2790B6FCC0298673B0A21DEE8EC552A5139383B3108D4F054C09396ABEE9.jpg"},"logo":{"normalUrl":"https:\/\/cdn.nlziet.nl\/static\/assets\/contentproviders\/npo.png","darkUrl":"https:\/\/cdn.nlziet.nl\/static\/assets\/contentproviders\/dark\/npo.png","flatUrl":"https:\/\/cdn.nlziet.nl\/static\/assets\/contentproviders\/flat\/npo.png"},"tags":[],"seriesId":"4m5opRLDFkeeqa97TACkAg"},{"id":"Md655M-mRkaETCdHRXLXFA","type":"Vod","title":"DREAM SCHOOL","subtitle":"","description":"NTR - Na de afwikkeling van de vechtpartij in Amsterdam wordt het rustiger DREAM SCHOOL en zien we al wat resultaten van de aanpak van Lucia en Eric. De pathologieles van Frank van de Goot slaat in als een bom. Ook Karin Bloemen en sterrenchef Bijdendijk weten de aandacht vast te houden. Maar na een stapavond komen acht leerlingen te laat en mogen ze de les van DJ Laidback Luke niet in. De commotie die dat geeft heeft zijn weerslag op de les van Maarten van Rossem, die zijn eerste ervaring op DREAM SCHOOL amper te boven is...","formattedEpisodeNumbering":"S1:A6","formattedDate":"Wo 15 feb. 2017","formattedDateShort":"Feb. 2017","formattedTime":"21:30","formattedDuration":"50m","formattedAvailabilityWindow":null,"formattedAvailabilityWindowShort":null,"image":{"portraitUrl":null,"landscapeUrl":"https:\/\/images.nlziet.nl\/metadataimportimages\/source\/A1F8343A32A847828D1A6BD3F74129B97B394CC8C77CE5008CA90C127083A348.jpg"},"logo":{"normalUrl":"https:\/\/cdn.nlziet.nl\/static\/assets\/contentproviders\/npo.png","darkUrl":"https:\/\/cdn.nlziet.nl\/static\/assets\/contentproviders\/dark\/npo.png","flatUrl":"https:\/\/cdn.nlziet.nl\/static\/assets\/contentproviders\/flat\/npo.png"},"tags":[],"seriesId":"4m5opRLDFkeeqa97TACkAg"},{"id":"nVKmxTwRIUa7vhi0gytz3w","type":"Vod","title":"DREAM SCHOOL","subtitle":"","description":"NTR - De gebeurtenissen in Amsterdam stellen Lucia en Eric voor hele moeilijke keuzes. En ondertussen stoomt de Dream School trein voort. Johnny Heitinga komt een bootcamp geven. Een droom die uitkomt voor keepster Coraleigh, maar een nachtmerrie voor sommige andere leerlingen. Lange Frans raakt met zijn tweede muziekles een aantal zeer gevoelige snaren en chef-kok Joris Bijdendijk start met de jongeren met het voorgerecht van een driegangendiner... een pittige opdracht voor de kok die toch echt wel wat gewend is. Shaker gaat verder met zijn choreografie en ook Barbara Baarsma komt voor haar tweede les. Tijdens de geschiedenisles blijken historicus Maarten van Rossem en de leerlingen allesbehalve te matchen.","formattedEpisodeNumbering":"S1:A5","formattedDate":"Wo 8 feb. 2017","formattedDateShort":"Feb. 2017","formattedTime":"21:30","formattedDuration":"54m","formattedAvailabilityWindow":null,"formattedAvailabilityWindowShort":null,"image":{"portraitUrl":null,"landscapeUrl":"https:\/\/images.nlziet.nl\/metadataimportimages\/source\/89B1912711E3DF35A835DBF87F992D49F6E6F5DFAC84E0E3E36DA3E280EFE33F.jpg"},"logo":{"normalUrl":"https:\/\/cdn.nlziet.nl\/static\/assets\/contentproviders\/npo.png","darkUrl":"https:\/\/cdn.nlziet.nl\/static\/assets\/contentproviders\/dark\/npo.png","flatUrl":"https:\/\/cdn.nlziet.nl\/static\/assets\/contentproviders\/flat\/npo.png"},"tags":[],"seriesId":"4m5opRLDFkeeqa97TACkAg"},{"id":"qEUP9iHEykScwkVVne-3FQ","type":"Vod","title":"DREAM SCHOOL","subtitle":"","description":"NTR - Lucia pakt de jongeren opnieuw behoorlijk hard aan. Ze stuit op vragen en weerstand, maar weet ze ook in beweging te krijgen. Jack de Vries neemt debatleider Donatello Piras mee naar Dream School. Niet alle leerlingen voelen zich comfortabel bij het openlijk verdedigen van standpunten. Maar er staan ook verrassende sprekers op. Tijdens de tweede les van schrijver Abdelkader Benali lopen de emoties hoog op als het onderwerp pesten ter sprake komt. En als boswachter Arjan Postma de jongeren meeneemt op een excursie in de hoofdstad gaat het mis. Drie jongeren belanden in een vechtpartij en dit heeft grote gevolgen.","formattedEpisodeNumbering":"S1:A4","formattedDate":"Wo 1 feb. 2017","formattedDateShort":"Feb. 2017","formattedTime":"21:30","formattedDuration":"50m","formattedAvailabilityWindow":null,"formattedAvailabilityWindowShort":null,"image":{"portraitUrl":null,"landscapeUrl":"https:\/\/images.nlziet.nl\/metadataimportimages\/source\/1B67015D6F52365E28B77D344C2FE04640AC5C4411E26227D5F5F6F82B0223B4.jpg"},"logo":{"normalUrl":"https:\/\/cdn.nlziet.nl\/static\/assets\/contentproviders\/npo.png","darkUrl":"https:\/\/cdn.nlziet.nl\/static\/assets\/contentproviders\/dark\/npo.png","flatUrl":"https:\/\/cdn.nlziet.nl\/static\/assets\/contentproviders\/flat\/npo.png"},"tags":[],"seriesId":"4m5opRLDFkeeqa97TACkAg"},{"id":"Xxj7K8zkrECrTHbggzGv0w","type":"Vod","title":"DREAM SCHOOL","subtitle":"","description":"NTR - Cabareti\u00e8re Karin Bloemen weet de leerlingen te raken als ze haar eigen jeugdtrauma deelt. Maar dat weerhoudt haar er niet van om ze precies te zeggen waar het op staat in haar les 'hoe presenteer je jezelf'. Ook rapper Lange Frans gaat de confrontatie aan, vooral met de weerbarstige Demi. Zij wil als enige haar tekst niet voorlezen nadat andere leerlingen die spannende stap wel hebben gezet. Ook in de tweede les van kunstenaar Frank E Hollywood blijft Demi op ramkoers zitten. Ondertussen ontpoppen anderen in de groep zich tot ware kunstenaars en lijkt Dream School bij hen echt aan te slaan. Als dan ondernemer Jeroen van den Berg ook nog zijn stagebureau opent, zien een paar leerlingen eindelijk brood in hun toekomst.","formattedEpisodeNumbering":"S1:A3","formattedDate":"Wo 25 jan. 2017","formattedDateShort":"Jan. 2017","formattedTime":"21:20","formattedDuration":"50m","formattedAvailabilityWindow":null,"formattedAvailabilityWindowShort":null,"image":{"portraitUrl":null,"landscapeUrl":"https:\/\/images.nlziet.nl\/metadataimportimages\/source\/C1EEA0663ED487A8A172CF7B34B2DF2F12DCAB104F73E7A11562D1B67638B8BB.jpg"},"logo":{"normalUrl":"https:\/\/cdn.nlziet.nl\/static\/assets\/contentproviders\/npo.png","darkUrl":"https:\/\/cdn.nlziet.nl\/static\/assets\/contentproviders\/dark\/npo.png","flatUrl":"https:\/\/cdn.nlziet.nl\/static\/assets\/contentproviders\/flat\/npo.png"},"tags":[],"seriesId":"4m5opRLDFkeeqa97TACkAg"},{"id":"k0MlGMiP4UK4WBFwBIlGkQ","type":"Vod","title":"DREAM SCHOOL","subtitle":"","description":"NTR - De jongeren blijken geraakt te zijn door de donderpreek van Lucia. Ze doen beloftes voor de komende weken. Maar de volgende dag gaat het bij een paar gelijk al mis; Demi, Brahim en Prince komen uren te laat voor de tweede les van Inez Weski in de rechtbank. De rest van de groep heeft zich dan al vol overgave in het rollenspel van advocaten en rechters gestort. Rector Eric wil stevig optreden, maar Lucia verschilt hierover van mening met hem. De dansles van choreograaf Shaker is voor een aantal leerlingen veel te heftig, de les Nederlands van schrijver Abdelkader Benali daarentegen slaat verrassend goed aan en ook Barbara Baarsma gooit hoge ogen als ze de jongeren zelf bedrijfjes laat starten. Maar als ze Shawnee na de les tot de orde roept, neemt die dat de topeconome niet in dank af. Misdaagverslaggever Peter R. de Vries neemt de jongeren mee naar de gevangenis en dat is voor sommigen behoorlijk confronterend.","formattedEpisodeNumbering":"S1:A2","formattedDate":"Wo 18 jan. 2017","formattedDateShort":"Jan. 2017","formattedTime":"21:30","formattedDuration":"50m","formattedAvailabilityWindow":null,"formattedAvailabilityWindowShort":null,"image":{"portraitUrl":null,"landscapeUrl":"https:\/\/images.nlziet.nl\/metadataimportimages\/source\/630E2529DBA4819C80B2BA16CB5631A6B699D3905E52B0A862646668EDDEBDC0.jpg"},"logo":{"normalUrl":"https:\/\/cdn.nlziet.nl\/static\/assets\/contentproviders\/npo.png","darkUrl":"https:\/\/cdn.nlziet.nl\/static\/assets\/contentproviders\/dark\/npo.png","flatUrl":"https:\/\/cdn.nlziet.nl\/static\/assets\/contentproviders\/flat\/npo.png"},"tags":[],"seriesId":"4m5opRLDFkeeqa97TACkAg"},{"id":"sT9E-7kOA0qhOnIdYPo5_w","type":"Vod","title":"DREAM SCHOOL","subtitle":"","description":"NTR - Strafpleiter Inez Weski worstelt zich door een rumoerige les recht, voormalig spindoctor en staatssecretaris Jack de Vries heeft moeite om de discussie over Geert Wilders in bedwang te houden, professor Heymans laat zich niet gek maken door bizarre vragen tijdens een les anatomie en een aantal jongeren probeert een loopje te nemen met kunstenaar Frank E Hollywood. Maar als Lucia de groep stevig aanpakt tijdens een boksles, tonen ze verrassend veel inzicht in hun eigen gedrag.","formattedEpisodeNumbering":"S1:A1","formattedDate":"Wo 11 jan. 2017","formattedDateShort":"Jan. 2017","formattedTime":"21:20","formattedDuration":"50m","formattedAvailabilityWindow":null,"formattedAvailabilityWindowShort":null,"image":{"portraitUrl":null,"landscapeUrl":"https:\/\/images.nlziet.nl\/metadataimportimages\/source\/BA4738DD3FDD2763767F00283AE351D7D3C122AE1B5699304B4B3CFCD25054ED.jpg"},"logo":{"normalUrl":"https:\/\/cdn.nlziet.nl\/static\/assets\/contentproviders\/npo.png","darkUrl":"https:\/\/cdn.nlziet.nl\/static\/assets\/contentproviders\/dark\/npo.png","flatUrl":"https:\/\/cdn.nlziet.nl\/static\/assets\/contentproviders\/flat\/npo.png"},"tags":[],"seriesId":"4m5opRLDFkeeqa97TACkAg"}]