[{"id":"6rY2VMUJnUSPi3l0lc8Smw","type":"Vod","title":"Zappsport","subtitle":"Turnen, Bart Deurloo","description":"AVROTROS - Kindersportprogramma waarin alle takken van sport voorbijkomen. In het onderdeel The Battle strijden de jongens tegen de meiden in een bepaalde sport. Ron staat in dit onderdeel tegenover 'teamcaptain' Britt Dekker. Kinderen met een sportprobleem krijgen hulp van een beroemde topsporter in de Hellup, de vetste trucs worden uitgelegd in The Move en er zijn regelmatig specials te zien rondom grote sporttoernooien.","formattedEpisodeNumbering":null,"formattedDate":"Wo 8 apr. 2020","formattedDateShort":"Apr. 2020","formattedTime":"13:55","formattedDuration":"16m","formattedAvailabilityWindow":null,"formattedAvailabilityWindowShort":null,"image":{"portraitUrl":null,"landscapeUrl":"https:\/\/images.nlziet.nl\/metadataimportimages\/source\/85E4822E422E13610CD4D25A4F3725C67FFAB5D3EB2AC69A43B2A974552B4EAA.jpg"},"logo":{"normalUrl":"https:\/\/cdn.nlziet.nl\/static\/assets\/contentproviders\/npo.png","darkUrl":"https:\/\/cdn.nlziet.nl\/static\/assets\/contentproviders\/dark\/npo.png","flatUrl":"https:\/\/cdn.nlziet.nl\/static\/assets\/contentproviders\/flat\/npo.png"},"tags":[],"seriesId":"7QrOqPrilEGeM3pgWB1w1A"},{"id":"NgdT4UopjUyL8llxtznUeQ","type":"Vod","title":"Zappsport","subtitle":"Kickboksen, Rico Verhoeven","description":"AVROTROS - Kickbokser Rico Verhoeven helpt Gaby (10 jaar) met haar low kick verbeteren en haar dekking hoog houden. Naomi is aanwezig op een voetbaltoernooi waar teams met kinderen met en zonder het syndroom van Down de sportieve strijd met elkaar aangaan. Naomi is coach van een voetbalteam dat bestaat uit broertjes en zusjes. Helpt hen dat aan de eindoverwinning? Ron daagt wereldkampioen bowlen Xander van Mazijk uit. Lukt het hem de pins van drie bowlingbanen binnen dertig seconden omver te werpen?","formattedEpisodeNumbering":null,"formattedDate":"Wo 1 apr. 2020","formattedDateShort":"Apr. 2020","formattedTime":"13:50","formattedDuration":"16m","formattedAvailabilityWindow":null,"formattedAvailabilityWindowShort":null,"image":{"portraitUrl":null,"landscapeUrl":"https:\/\/images.nlziet.nl\/metadataimportimages\/source\/3E8DE4E7AD56C481EC78E5851A737F17C32DCFD23FF624BA1FB0F736AE3D4A70.jpg"},"logo":{"normalUrl":"https:\/\/cdn.nlziet.nl\/static\/assets\/contentproviders\/npo.png","darkUrl":"https:\/\/cdn.nlziet.nl\/static\/assets\/contentproviders\/dark\/npo.png","flatUrl":"https:\/\/cdn.nlziet.nl\/static\/assets\/contentproviders\/flat\/npo.png"},"tags":[],"seriesId":"7QrOqPrilEGeM3pgWB1w1A"},{"id":"3MQwFGOKpU6WSZywKMaOHQ","type":"Vod","title":"Zappsport","subtitle":"2 tegen 20, Lisanne de Lange en Mila Muyselaar","description":"AVROTROS - Heb je ooit een polonaise op het hockeyveld gezien, terwijl de wedstrijd in volle gang is? Dat gebeurt tijdens 2 tegen 20, waarbij twee tophockeyers de strijd aangaan met twintig jeugdspelers tegelijk. Toppers Lisanne de Lange en Mila Muyselaar van het Nederlands dames zaalhockeyteam nemen het op tegen het jonge talent van Hockeyclub Baarn. De toppers krijgen de hulp van Ron Boszhard die op doel staat. De jeugdspelers kunnen jokers inzetten tijdens de wedstrijd. Zo is er de kans dat Lisanne en Mila moeten hockeyen in een paardenpak of met croquetsticks. En dan er is het feestpakket met polonaise. Wie winnen deze bijzondere wedstrijd?","formattedEpisodeNumbering":null,"formattedDate":"Wo 25 mrt. 2020","formattedDateShort":"Mrt. 2020","formattedTime":"14:55","formattedDuration":"16m","formattedAvailabilityWindow":null,"formattedAvailabilityWindowShort":null,"image":{"portraitUrl":null,"landscapeUrl":"https:\/\/images.nlziet.nl\/metadataimportimages\/source\/5049CEA21BCB5167468DF5B8C00D20636A7C55DAA43FB7A3AEC78B3983849441.jpg"},"logo":{"normalUrl":"https:\/\/cdn.nlziet.nl\/static\/assets\/contentproviders\/npo.png","darkUrl":"https:\/\/cdn.nlziet.nl\/static\/assets\/contentproviders\/dark\/npo.png","flatUrl":"https:\/\/cdn.nlziet.nl\/static\/assets\/contentproviders\/flat\/npo.png"},"tags":[],"seriesId":"7QrOqPrilEGeM3pgWB1w1A"},{"id":"1okmsvh75Eew-BrZCIx69g","type":"Vod","title":"Zappsport","subtitle":"Battle voetbal","description":"AVROTROS - Nog nooit vertoond in Zappsport The Battle: veertien jongens en veertien meiden strijden tegen elkaar om de beker tijdens een spannende voetbalwedstrijd. De twee teams bestaan uit ervaren spelers. Ze hebben de eer een training te krijgen van twee Eredivisie-voetballers: Tom Beugelsdijk van ADO Den Haag en Kika van Es van Ajax en Oranje. De battle vindt plaats op het terrein van Quick Boys, het commentaar is van de legendarische sportcommentator Evert ten Napel.","formattedEpisodeNumbering":null,"formattedDate":"Wo 25 mrt. 2020","formattedDateShort":"Mrt. 2020","formattedTime":"14:40","formattedDuration":"16m","formattedAvailabilityWindow":null,"formattedAvailabilityWindowShort":null,"image":{"portraitUrl":null,"landscapeUrl":"https:\/\/images.nlziet.nl\/metadataimportimages\/source\/1577067B946695EE7FD935449BFE0DC0196EA01EE363A2F673435D7A0CE9A356.jpg"},"logo":{"normalUrl":"https:\/\/cdn.nlziet.nl\/static\/assets\/contentproviders\/npo.png","darkUrl":"https:\/\/cdn.nlziet.nl\/static\/assets\/contentproviders\/dark\/npo.png","flatUrl":"https:\/\/cdn.nlziet.nl\/static\/assets\/contentproviders\/flat\/npo.png"},"tags":[],"seriesId":"7QrOqPrilEGeM3pgWB1w1A"},{"id":"6Y0hw8k4xkOYl-cmI-EP1Q","type":"Vod","title":"Zappsport","subtitle":"Voetbal, Arjen Robben","description":"AVROTROS - Tobias (12) leert dribbelen van voormalig profvoetballer Arjen Robben. Hij noemt Tobias een natuurtalent. Dat komt mooi uit. Tobias gaat binnenkort voetballen bij een sportclub voor kinderen en jongeren met een lichamelijke of verstandelijke beperking of een chronische ziekte. Sky (8) is megafan van Ajax. Ron gaat met hem naar de klassieker Ajax-Feyenoord. En dat niet alleen. Sky mag met een speler het veld op. Boyd (12) en Peer (11) zijn twee broers die aan zijspancross doen. Best bijzonder, want in Nederland zijn er maar elf jeugdzijspanners. Ze laten je zien wat er komt kijken bij deze snelle sport.","formattedEpisodeNumbering":null,"formattedDate":"Ma 23 mrt. 2020","formattedDateShort":"Mrt. 2020","formattedTime":"13:35","formattedDuration":"15m","formattedAvailabilityWindow":null,"formattedAvailabilityWindowShort":null,"image":{"portraitUrl":null,"landscapeUrl":"https:\/\/images.nlziet.nl\/metadataimportimages\/source\/F55A0F25399A3ACFAC265FD0607790F4660E95E19F68F57B4B403AC031FE6B55.jpg"},"logo":{"normalUrl":"https:\/\/cdn.nlziet.nl\/static\/assets\/contentproviders\/npo.png","darkUrl":"https:\/\/cdn.nlziet.nl\/static\/assets\/contentproviders\/dark\/npo.png","flatUrl":"https:\/\/cdn.nlziet.nl\/static\/assets\/contentproviders\/flat\/npo.png"},"tags":[],"seriesId":"7QrOqPrilEGeM3pgWB1w1A"},{"id":"bBW4F9H0h0yqI47igdzlkQ","type":"Vod","title":"Zappsport","subtitle":"IJshockey, Reno de Hondt en Delaney Hessels","description":"AVROTROS - De ijshockeywedstrijd van het jaar. Reno de Hondt en Delaney Hessels van Tilburg Trappers spelen tegen twintig jeugdspelers tegelijk van dezelfde club. Ron Boszhard staat opgesteld als keeper bij de professionals. Na elke periode mogen de jeugdspelers jokers inzetten om het de twee toppers extra moeilijk te maken. Ze kunnen kiezen uit: gewone hockeysticks, een helm met kerstverlichting en stootkussens voor de jeugdspelers zelf. Sportverslaggever Evert ten Napel geeft zijn deskundig commentaar. Winnen de twee profs of het jonge talent?","formattedEpisodeNumbering":null,"formattedDate":"Zo 5 jan. 2020","formattedDateShort":"Jan. 2020","formattedTime":"08:40","formattedDuration":"16m","formattedAvailabilityWindow":null,"formattedAvailabilityWindowShort":null,"image":{"portraitUrl":null,"landscapeUrl":"https:\/\/images.nlziet.nl\/metadataimportimages\/source\/10A3B9291B5E55C0D0213EAB1BE715C41A1C84E250BB686491C084313429A0C7.jpg"},"logo":{"normalUrl":"https:\/\/cdn.nlziet.nl\/static\/assets\/contentproviders\/npo.png","darkUrl":"https:\/\/cdn.nlziet.nl\/static\/assets\/contentproviders\/dark\/npo.png","flatUrl":"https:\/\/cdn.nlziet.nl\/static\/assets\/contentproviders\/flat\/npo.png"},"tags":[],"seriesId":"7QrOqPrilEGeM3pgWB1w1A"},{"id":"LcOg8Vg35EijBBgTs7oYFg","type":"Vod","title":"Zappsport","subtitle":"Schaatsen, Kjeld Nuis","description":"AVROTROS - Ron verrast een aantal grote fans van Kjeld Nuis, \u00e9\u00e9n van Nederlands beste schaatsers. Hij is meervoudig wereldkampioen en pakte vorig jaar op de Olympische Spelen twee keer goud op de 1000 en 1500 meter. In schaatshal Thialf in Heerenveen worden een aantal wensen vervuld. Tim (9) wil graag van Kjeld pootje over leren. Wick (11) wil zijn idool ontmoeten en een aantal vragen stellen. En Marin (9) maakt met Ron en Kjeld een 'ijscoupe Kjeld Nuis'.","formattedEpisodeNumbering":null,"formattedDate":"Zo 29 dec. 2019","formattedDateShort":"Dec. 2019","formattedTime":"08:40","formattedDuration":"16m","formattedAvailabilityWindow":null,"formattedAvailabilityWindowShort":null,"image":{"portraitUrl":null,"landscapeUrl":"https:\/\/images.nlziet.nl\/metadataimportimages\/source\/87BB4BAFF27EC65743659E620A54C92FB54E4E97FEFE259A0F43546ABCBAF7D1.jpg"},"logo":{"normalUrl":"https:\/\/cdn.nlziet.nl\/static\/assets\/contentproviders\/npo.png","darkUrl":"https:\/\/cdn.nlziet.nl\/static\/assets\/contentproviders\/dark\/npo.png","flatUrl":"https:\/\/cdn.nlziet.nl\/static\/assets\/contentproviders\/flat\/npo.png"},"tags":[],"seriesId":"7QrOqPrilEGeM3pgWB1w1A"}]