[{"id":"8W4U1rJQEkyCiDMeURR5LA","type":"Vod","title":"Fort Boyard","subtitle":"Fort Boyard","description":"AVRO, NPO Zapp, NPO 3 - In de zinderende finale nemen de artiesten Keizer, Jennifer Ewbank, Chris Hordijk en Grad Damen het op tegen de acteurs Iliass Ojja, Rick Engelkes, Birgit Schuurman en Jetty Mathurin. Welk team beschikt over het meeste uithoudingsvermogen? Laat zich door niks en niemand uit het veld slaan en trotseert de grillige nukken van het fort als de beste? Wie weet de meeste sleutels te bemachtigen om de schatkamer te openen? En wie verzamelt het meeste goud en wint uiteindelijk de felbegeerde Cup met de Grote Oren?","formattedEpisodeNumbering":null,"formattedDate":"Ma 5 nov. 2012","formattedDateShort":"Nov. 2012","formattedTime":"20:25","formattedDuration":"1u 0m","formattedAvailabilityWindow":null,"formattedAvailabilityWindowShort":null,"image":{"portraitUrl":null,"landscapeUrl":"https:\/\/images.nlziet.nl\/metadataimportimages\/source\/F4DC1CB2BA086E6CB5AE0C90BE2FF05252D68BA7E829C54387CABF306B8E1A26.jpg"},"logo":{"normalUrl":"https:\/\/cdn.nlziet.nl\/static\/assets\/contentproviders\/npo.png","darkUrl":"https:\/\/cdn.nlziet.nl\/static\/assets\/contentproviders\/dark\/npo.png","flatUrl":"https:\/\/cdn.nlziet.nl\/static\/assets\/contentproviders\/flat\/npo.png"},"tags":[],"seriesId":"4F8B3bmLskmTTE2Z-gojsw"},{"id":"zCTdpcUcdUGjD-GGjfixmQ","type":"Vod","title":"Fort Boyard","subtitle":"Fort Boyard","description":"AVRO, NPO Zapp, NPO 3 - De strijd om de eervolle derde plaats gaat tussen de Kinderen van, Roxeanne & Dr\u00e9 Hazes, Dave Roelvink en Oscar Kazan en de Comedians bestaande uit Leo Alkemade, Kristel Zweers, Mimoun Ouled Radi en Murth Mossel. Voor de laatste keer zullen ze koppie onder gaan, van grote hoogtes springen en oog in oog staan met de kruipende medebewoners van het fort. Dit alles met maar \u00e9\u00e9n doel, zoveel mogelijk sleutels bemachtigen om de schatkamer te openen. Wie daar nu het meeste goud verzamelt zal de derde plaats bemachtigen van Fort Boyard 2012.","formattedEpisodeNumbering":null,"formattedDate":"Ma 29 okt. 2012","formattedDateShort":"Okt. 2012","formattedTime":"20:25","formattedDuration":"1u 0m","formattedAvailabilityWindow":null,"formattedAvailabilityWindowShort":null,"image":{"portraitUrl":null,"landscapeUrl":"https:\/\/images.nlziet.nl\/metadataimportimages\/source\/DA6A60B6F8CD981540BE6B7A09F9343400AF5AEB8AE29C9F2C0293F361FB7F50.jpg"},"logo":{"normalUrl":"https:\/\/cdn.nlziet.nl\/static\/assets\/contentproviders\/npo.png","darkUrl":"https:\/\/cdn.nlziet.nl\/static\/assets\/contentproviders\/dark\/npo.png","flatUrl":"https:\/\/cdn.nlziet.nl\/static\/assets\/contentproviders\/flat\/npo.png"},"tags":[],"seriesId":"4F8B3bmLskmTTE2Z-gojsw"},{"id":"hfonwT7lC0G2uftb4N_kcA","type":"Vod","title":"Fort Boyard","subtitle":"Fort Boyard","description":"AVRO, NPO Zapp, NPO 3 - In de tweede halve finale gaat het artiestenteam met onder anderen rapper Keizer en volkszanger Grad Damen de strijd aan tegen de comedians met onder meer Leo Alkemade en Murth Mossel. Ze hangen op hun kop en balanceren op een dun draadje boven de hongerige tijgers. Begeven zich in een onderwaterkooi en worden getest op hun doe-het-zelfkwaliteiten. Dit alles met maar \u00e9\u00e9n doel, zoveel mogelijk sleutels bemachtigen om de schatkamer te openen. Wie daar het meeste goud verzamelt gaat door naar de grote finale.","formattedEpisodeNumbering":null,"formattedDate":"Ma 22 okt. 2012","formattedDateShort":"Okt. 2012","formattedTime":"20:25","formattedDuration":"1u 0m","formattedAvailabilityWindow":null,"formattedAvailabilityWindowShort":null,"image":{"portraitUrl":null,"landscapeUrl":"https:\/\/images.nlziet.nl\/metadataimportimages\/source\/9E3FFF8A18F0D5B72DCAD2576EA419F4A4894DD54C72434B305BD3A466DA3A86.jpg"},"logo":{"normalUrl":"https:\/\/cdn.nlziet.nl\/static\/assets\/contentproviders\/npo.png","darkUrl":"https:\/\/cdn.nlziet.nl\/static\/assets\/contentproviders\/dark\/npo.png","flatUrl":"https:\/\/cdn.nlziet.nl\/static\/assets\/contentproviders\/flat\/npo.png"},"tags":[],"seriesId":"4F8B3bmLskmTTE2Z-gojsw"},{"id":"xMJnpKkgoEWWLkMWusnWeQ","type":"Vod","title":"Fort Boyard","subtitle":"Fort Boyard","description":"AVRO, NPO Zapp, NPO 3 - In deze halve finale neemt het acteurs team met onder andere Rick Engelkes en Birgit Schuurman het op tegen de kinderen van met onder meer broer en zus Hazes en Oscar Kazan. Ze gaan het gevecht aan met moddermonsters en tollen rond tot ze groen zien. Worden gelanceerd boven de woeste zee en staan oog in oog met hun ergste nachtmerrie. Dit alles om zoveel mogelijke sleutels te bemachtigen om de schatkamer te openen. Wie daar het meeste goud verzamelt gaat door naar de grote finale van Fort Boyard 2012.","formattedEpisodeNumbering":null,"formattedDate":"Ma 15 okt. 2012","formattedDateShort":"Okt. 2012","formattedTime":"20:25","formattedDuration":"1u 0m","formattedAvailabilityWindow":null,"formattedAvailabilityWindowShort":null,"image":{"portraitUrl":null,"landscapeUrl":"https:\/\/images.nlziet.nl\/metadataimportimages\/source\/DD21B47A9CE89E3D82B62D6F99B48C18FE5979C181561E9501B4079437EAFCBA.jpg"},"logo":{"normalUrl":"https:\/\/cdn.nlziet.nl\/static\/assets\/contentproviders\/npo.png","darkUrl":"https:\/\/cdn.nlziet.nl\/static\/assets\/contentproviders\/dark\/npo.png","flatUrl":"https:\/\/cdn.nlziet.nl\/static\/assets\/contentproviders\/flat\/npo.png"},"tags":[],"seriesId":"4F8B3bmLskmTTE2Z-gojsw"},{"id":"2qtc1LAYaECXUj9AfsmPIA","type":"Vod","title":"Fort Boyard","subtitle":"Fort Boyard","description":"AVRO, NPO Zapp, NPO 3 - De Artiesten met onder andere The Voice kandidaten Chris Hordijk en Jennifer Ewbank nemen het op tegen de Musical sterren met onder meer Rosalie de Jong en Ivo Chundro. Ze worden vastgeketend, breken in en klimmen voor hun leven. Moeten boven de ruwe zee in balans blijven en staan oog in oog met de slissende bewoners van het fort. En dat alles om zoveel mogelijk sleutels te bemachtigen om de schatkamer te openen. Daar wacht het goud en een groep hongerige tijgers.","formattedEpisodeNumbering":null,"formattedDate":"Ma 8 okt. 2012","formattedDateShort":"Okt. 2012","formattedTime":"20:25","formattedDuration":"1u 0m","formattedAvailabilityWindow":null,"formattedAvailabilityWindowShort":null,"image":{"portraitUrl":null,"landscapeUrl":"https:\/\/images.nlziet.nl\/metadataimportimages\/source\/827CCF4A77193C31FF0F2FCDFAC5C66F52A35892D4A1EBAA6AEF92741AD72BC6.jpg"},"logo":{"normalUrl":"https:\/\/cdn.nlziet.nl\/static\/assets\/contentproviders\/npo.png","darkUrl":"https:\/\/cdn.nlziet.nl\/static\/assets\/contentproviders\/dark\/npo.png","flatUrl":"https:\/\/cdn.nlziet.nl\/static\/assets\/contentproviders\/flat\/npo.png"},"tags":[],"seriesId":"4F8B3bmLskmTTE2Z-gojsw"},{"id":"4Lvi370i8UWeF5YzJNq58g","type":"Vod","title":"Fort Boyard","subtitle":"Fort Boyard","description":"AVRO, NPO Zapp, NPO 3 - De Comedians, met onder andere Mimoun Ouled Radi en Kristel Zweers nemen het op tegen de Kinderen van met onder meer Dre & Roxeanne Hazes en Oscar Kazan. Ze trotseren ijzige kou en moeten over sterke zeebenen beschikken. Springen in het diepe en draaien compleet door. En dat alles om zoveel mogelijk sleutels te winnen om de schatkamer te openen waar het goud en een groep hongerige tijgers op ze wacht.","formattedEpisodeNumbering":null,"formattedDate":"Ma 1 okt. 2012","formattedDateShort":"Okt. 2012","formattedTime":"20:25","formattedDuration":"1u 0m","formattedAvailabilityWindow":null,"formattedAvailabilityWindowShort":null,"image":{"portraitUrl":null,"landscapeUrl":"https:\/\/images.nlziet.nl\/metadataimportimages\/source\/3DFA71207DA9859CE7FD7E19B807FF671DDDFAD58EEDD21833836E7CAED91AE1.jpg"},"logo":{"normalUrl":"https:\/\/cdn.nlziet.nl\/static\/assets\/contentproviders\/npo.png","darkUrl":"https:\/\/cdn.nlziet.nl\/static\/assets\/contentproviders\/dark\/npo.png","flatUrl":"https:\/\/cdn.nlziet.nl\/static\/assets\/contentproviders\/flat\/npo.png"},"tags":[],"seriesId":"4F8B3bmLskmTTE2Z-gojsw"},{"id":"B_-NXDcsNEaOkLgJ4FOUfQ","type":"Vod","title":"Fort Boyard","subtitle":"Fort Boyard","description":"AVRO, NPO Zapp, NPO 3 - De Musicalsterren, met onder andere Lone van Roosendaal, Antje Monteiro, het op tegen De Acteurs, met onder meer Rick Engelkes en Jetty Mathurin. Ze wordt doorgedraaid in een centrifuge. Staan oog in oog met de kruipende medebewoners van het Fort en gaan het gevecht aan met een draaiende zuurstok. En dat alles om zoveel mogelijk sleutels te bemachtigen om de schatkamer te openen. Daar wacht het goud en een groep hongerige tijgers.","formattedEpisodeNumbering":null,"formattedDate":"Ma 24 sep. 2012","formattedDateShort":"Sep. 2012","formattedTime":"20:25","formattedDuration":"1u 0m","formattedAvailabilityWindow":null,"formattedAvailabilityWindowShort":null,"image":{"portraitUrl":null,"landscapeUrl":"https:\/\/images.nlziet.nl\/metadataimportimages\/source\/63161D73F6BC289881E98974B3AFA880A130CCA6164F1813AF90FCB2BE6116A8.jpg"},"logo":{"normalUrl":"https:\/\/cdn.nlziet.nl\/static\/assets\/contentproviders\/npo.png","darkUrl":"https:\/\/cdn.nlziet.nl\/static\/assets\/contentproviders\/dark\/npo.png","flatUrl":"https:\/\/cdn.nlziet.nl\/static\/assets\/contentproviders\/flat\/npo.png"},"tags":[],"seriesId":"4F8B3bmLskmTTE2Z-gojsw"},{"id":"SazRnxMXDkKj0QW5b4heQA","type":"Vod","title":"Fort Boyard","subtitle":"Fort Boyard","description":"AVRO, NPO Zapp, NPO 3 - De Kinderen Van, met onder anderen Dr\u00e9 en Roxeanne Hazes, nemen het op tegen De Dansers, met onder meer Euvgenia Parakhina en Juvat Westendorp. Ze klimmen tot grote hoogte en duiken diep onder het fort. Komen op hun weg door het riool onaangename obstakels tegen en zien groen van misselijkheid. En dat alles om zoveel mogelijk sleutels te bemachtigen om de schatkamer te openen. Daar wacht het goud en een groep hongerige tijgers.","formattedEpisodeNumbering":null,"formattedDate":"Ma 17 sep. 2012","formattedDateShort":"Sep. 2012","formattedTime":"20:25","formattedDuration":"1u 0m","formattedAvailabilityWindow":null,"formattedAvailabilityWindowShort":null,"image":{"portraitUrl":null,"landscapeUrl":"https:\/\/images.nlziet.nl\/metadataimportimages\/source\/1885EF55D1A0A207987CA1FA17D44263F2307F3F74078B2F24874FAF0267EA40.jpg"},"logo":{"normalUrl":"https:\/\/cdn.nlziet.nl\/static\/assets\/contentproviders\/npo.png","darkUrl":"https:\/\/cdn.nlziet.nl\/static\/assets\/contentproviders\/dark\/npo.png","flatUrl":"https:\/\/cdn.nlziet.nl\/static\/assets\/contentproviders\/flat\/npo.png"},"tags":[],"seriesId":"4F8B3bmLskmTTE2Z-gojsw"},{"id":"HGJubT-wJ0KFxJzjukqnyg","type":"Vod","title":"Fort Boyard","subtitle":"Fort Boyard","description":"AVRO, NPO Zapp, NPO 3 - De Acteurs, met onder anderen Birgit Schuurman en Rick Engelkes, nemen het op tegen De Artiesten, met onder meer volkszanger Grad Damen en rapper Keizer. Ze hangen ondersteboven in het water, ontmoeten de harige achtpotige bewoners van het fort. Staan aan de grond genageld bij het zien van de duizelingwekkende hoogte en riskeren een strafblad. En dat alles om zoveel mogelijk sleutels te winnen om de schatkamer te openen waar het goud en een groep hongerige tijgers op ze wacht.","formattedEpisodeNumbering":null,"formattedDate":"Ma 10 sep. 2012","formattedDateShort":"Sep. 2012","formattedTime":"20:25","formattedDuration":"1u 0m","formattedAvailabilityWindow":null,"formattedAvailabilityWindowShort":null,"image":{"portraitUrl":null,"landscapeUrl":"https:\/\/images.nlziet.nl\/metadataimportimages\/source\/141D8EECB40CA317F708733BE9B3E23EF337A0566FD867648F2F358778E83080.jpg"},"logo":{"normalUrl":"https:\/\/cdn.nlziet.nl\/static\/assets\/contentproviders\/npo.png","darkUrl":"https:\/\/cdn.nlziet.nl\/static\/assets\/contentproviders\/dark\/npo.png","flatUrl":"https:\/\/cdn.nlziet.nl\/static\/assets\/contentproviders\/flat\/npo.png"},"tags":[],"seriesId":"4F8B3bmLskmTTE2Z-gojsw"},{"id":"9VrbdI-4BEOqfxWjouHzKg","type":"Vod","title":"Fort Boyard","subtitle":"Fort Boyard","description":"AVRO, NPO Zapp, NPO 3 - De Dansers, met onder anderen Euvgenia Parakhina en Shaker, nemen het op het op tegen De Comedians, met onder meer Leo Alkemade en Murth Mossel. Ze trotseren grote hoogte, begeven zich in slangenkuilen. Proberen zich al vechtend staande te houden in de modder en wringen zich in ijskoude bochten. En dat alles om zoveel mogelijk sleutels te bemachtigen om de schatkamer te openen. Daar wacht het goud en een groep hongerige tijgers.","formattedEpisodeNumbering":null,"formattedDate":"Ma 3 sep. 2012","formattedDateShort":"Sep. 2012","formattedTime":"20:30","formattedDuration":"55m","formattedAvailabilityWindow":null,"formattedAvailabilityWindowShort":null,"image":{"portraitUrl":null,"landscapeUrl":"https:\/\/images.nlziet.nl\/metadataimportimages\/source\/E2DEEA9E0E07DF88C06ADC64D358BC7EBF4D3C84AB3D1324F01AB7CC8376E94D.jpg"},"logo":{"normalUrl":"https:\/\/cdn.nlziet.nl\/static\/assets\/contentproviders\/npo.png","darkUrl":"https:\/\/cdn.nlziet.nl\/static\/assets\/contentproviders\/dark\/npo.png","flatUrl":"https:\/\/cdn.nlziet.nl\/static\/assets\/contentproviders\/flat\/npo.png"},"tags":[],"seriesId":"4F8B3bmLskmTTE2Z-gojsw"}]