[{"id":"_t5MjknLzEO0XJXkLm7XxA","type":"Vod","title":"HLF8","subtitle":"Aflevering 78","description":"SBS6 - Live talkshow met Johnny de Mol. Johnny ontvangt aan tafel een aantal gasten om de dag door te nemen.","formattedEpisodeNumbering":null,"formattedDate":"Vr 24 dec. 2021","formattedDateShort":"Dec. 2021","formattedTime":"19:32","formattedDuration":"49m","formattedAvailabilityWindow":null,"formattedAvailabilityWindowShort":null,"image":{"portraitUrl":"https:\/\/images.nlziet.nl\/metadataimportimages\/source\/96F69654866B583811267C9BEE4866F1FF9D2F6435E90BD70A479A4562043A1A.jpg","landscapeUrl":"https:\/\/images.nlziet.nl\/metadataimportimages\/source\/0F35719E0E372C504B22CFCF335C4DAE0271E8E48079DA47B093C35AA3585053.jpg"},"logo":{"normalUrl":"https:\/\/cdn.nlziet.nl\/static\/assets\/contentproviders\/sbs.png","darkUrl":"https:\/\/cdn.nlziet.nl\/static\/assets\/contentproviders\/dark\/sbs.png","flatUrl":"https:\/\/cdn.nlziet.nl\/static\/assets\/contentproviders\/flat\/sbs.png"},"tags":[],"seriesId":"4vJtYddbpUuwgA3jBVgYaw"},{"id":"0Q8PLXm2nkCoAUhXOpGjdA","type":"Vod","title":"HLF8","subtitle":"Aflevering 77","description":"SBS6 - Live talkshow met Johnny de Mol. Johnny ontvangt aan tafel een aantal gasten om de dag door te nemen.","formattedEpisodeNumbering":null,"formattedDate":"Do 23 dec. 2021","formattedDateShort":"Dec. 2021","formattedTime":"19:29","formattedDuration":"51m","formattedAvailabilityWindow":null,"formattedAvailabilityWindowShort":null,"image":{"portraitUrl":"https:\/\/images.nlziet.nl\/metadataimportimages\/source\/E234229176DB0367A52BC563B6AF27FE407065D152881583BAA13E7A128BBE93.jpg","landscapeUrl":"https:\/\/images.nlziet.nl\/metadataimportimages\/source\/2549AD36912D155458F53C10266C8C6975EBE10F00C24F86CAF8FA2A444B7200.jpg"},"logo":{"normalUrl":"https:\/\/cdn.nlziet.nl\/static\/assets\/contentproviders\/sbs.png","darkUrl":"https:\/\/cdn.nlziet.nl\/static\/assets\/contentproviders\/dark\/sbs.png","flatUrl":"https:\/\/cdn.nlziet.nl\/static\/assets\/contentproviders\/flat\/sbs.png"},"tags":[],"seriesId":"4vJtYddbpUuwgA3jBVgYaw"},{"id":"WVQa2dfXgEWWB1JI06mjZQ","type":"Vod","title":"HLF8","subtitle":"Aflevering 76","description":"SBS6 - Met in deze uitzending:\n* Frank Lammers is Johnny's zogenoemde wingman.\n* Presentator Klaas van Kruistum zoekt antwoorden voor maatschappelijke problemen.\n* Topkok Herman den Blijker geeft tips voor een spetterend kerstdiner.\n* Trijntje Oosterhuis treedt op met een speciale verrassingsgast.\n* Journalist Frits Barend maakt bekend wie d\u00e9 sportheld van 2021 is.\n* SP-voorvrouw Lilian Marijnissen over een bijzonder Toeslagenaffaire-fotoboek.","formattedEpisodeNumbering":null,"formattedDate":"Wo 22 dec. 2021","formattedDateShort":"Dec. 2021","formattedTime":"19:33","formattedDuration":"48m","formattedAvailabilityWindow":null,"formattedAvailabilityWindowShort":null,"image":{"portraitUrl":"https:\/\/images.nlziet.nl\/metadataimportimages\/source\/BFC5E5987D6FFFC186D2AA3A6D74569130E2B84E37F4D8AFE091C3ED76CAD5A1.jpg","landscapeUrl":"https:\/\/images.nlziet.nl\/metadataimportimages\/source\/3DE194AC27C98EDA76E2288C710B755F3083F469D008DD32D297F2EBAA589374.jpg"},"logo":{"normalUrl":"https:\/\/cdn.nlziet.nl\/static\/assets\/contentproviders\/sbs.png","darkUrl":"https:\/\/cdn.nlziet.nl\/static\/assets\/contentproviders\/dark\/sbs.png","flatUrl":"https:\/\/cdn.nlziet.nl\/static\/assets\/contentproviders\/flat\/sbs.png"},"tags":[],"seriesId":"4vJtYddbpUuwgA3jBVgYaw"},{"id":"8LhlOD_qNUWT6VAUxMPjAA","type":"Vod","title":"HLF8","subtitle":"Aflevering 75","description":"SBS6 - Met in deze uitzending:\n* Rob Kemps en Matthijs van Nieuwkerk over het \u2018Chanson-effect\u2019.\n\n* Britt Dekker is de wingwoman van Johnny de Mol.\n\n* Trijntje Oosterhuis komt met huisband en een muzikale vriend. Wie o wie zal de muzikale vriend zijn?\n\n* Iris van Lunenburg en Ren\u00e9 Mioch over welke kerstfilms je echt niet moet missen.","formattedEpisodeNumbering":null,"formattedDate":"Di 21 dec. 2021","formattedDateShort":"Dec. 2021","formattedTime":"19:33","formattedDuration":"52m","formattedAvailabilityWindow":null,"formattedAvailabilityWindowShort":null,"image":{"portraitUrl":"https:\/\/images.nlziet.nl\/metadataimportimages\/source\/9F994FF0B221633FF5226E1EFE7B0D4645CBF91FFBD0B4D2A7BDE991F709C8F6.jpg","landscapeUrl":"https:\/\/images.nlziet.nl\/metadataimportimages\/source\/09EB5D8642EDD49F100CF6FDD501980E76974E00D5F771929840F2C9715DBC5D.jpg"},"logo":{"normalUrl":"https:\/\/cdn.nlziet.nl\/static\/assets\/contentproviders\/sbs.png","darkUrl":"https:\/\/cdn.nlziet.nl\/static\/assets\/contentproviders\/dark\/sbs.png","flatUrl":"https:\/\/cdn.nlziet.nl\/static\/assets\/contentproviders\/flat\/sbs.png"},"tags":[],"seriesId":"4vJtYddbpUuwgA3jBVgYaw"},{"id":"JJqMq8I7BUKroX_30RiCnQ","type":"Vod","title":"HLF8","subtitle":"Aflevering 74","description":"SBS6 - Live talkshow met Johnny de Mol. Johnny ontvangt aan tafel een aantal gasten om de dag door te nemen.","formattedEpisodeNumbering":null,"formattedDate":"Ma 20 dec. 2021","formattedDateShort":"Dec. 2021","formattedTime":"19:32","formattedDuration":"48m","formattedAvailabilityWindow":null,"formattedAvailabilityWindowShort":null,"image":{"portraitUrl":"https:\/\/images.nlziet.nl\/metadataimportimages\/source\/CDC84094D1EBA0287D6952B140ECBB413653463BE97F208BAABF68670F37AEFA.jpg","landscapeUrl":"https:\/\/images.nlziet.nl\/metadataimportimages\/source\/CE5FF69C1A6B4B57751E4FF17F865B0E52155644B88A18C63DA65C6DE578B93A.jpg"},"logo":{"normalUrl":"https:\/\/cdn.nlziet.nl\/static\/assets\/contentproviders\/sbs.png","darkUrl":"https:\/\/cdn.nlziet.nl\/static\/assets\/contentproviders\/dark\/sbs.png","flatUrl":"https:\/\/cdn.nlziet.nl\/static\/assets\/contentproviders\/flat\/sbs.png"},"tags":[],"seriesId":"4vJtYddbpUuwgA3jBVgYaw"},{"id":"WH8qBM75A0iTQEBvfzjP2w","type":"Vod","title":"HLF8","subtitle":"Aflevering 73","description":"SBS6 - Live talkshow met Johnny de Mol. Johnny ontvangt aan tafel een aantal gasten om de dag door te nemen.","formattedEpisodeNumbering":null,"formattedDate":"Vr 17 dec. 2021","formattedDateShort":"Dec. 2021","formattedTime":"19:29","formattedDuration":"51m","formattedAvailabilityWindow":null,"formattedAvailabilityWindowShort":null,"image":{"portraitUrl":null,"landscapeUrl":"https:\/\/images.nlziet.nl\/metadataimportimages\/source\/0262FB3D65AEDAA30078C08BBFBEC0B517736777A38996048BB6A8B4E2A859D7.jpg"},"logo":{"normalUrl":"https:\/\/cdn.nlziet.nl\/static\/assets\/contentproviders\/sbs.png","darkUrl":"https:\/\/cdn.nlziet.nl\/static\/assets\/contentproviders\/dark\/sbs.png","flatUrl":"https:\/\/cdn.nlziet.nl\/static\/assets\/contentproviders\/flat\/sbs.png"},"tags":[],"seriesId":"4vJtYddbpUuwgA3jBVgYaw"},{"id":"4aVIOGuT70GFV6CaBW5Nzg","type":"Vod","title":"HLF8","subtitle":"Aflevering 72","description":"SBS6 - Live talkshow met Johnny de Mol. Johnny ontvangt aan tafel een aantal gasten om de dag door te nemen.","formattedEpisodeNumbering":null,"formattedDate":"Do 16 dec. 2021","formattedDateShort":"Dec. 2021","formattedTime":"19:29","formattedDuration":"51m","formattedAvailabilityWindow":null,"formattedAvailabilityWindowShort":null,"image":{"portraitUrl":null,"landscapeUrl":"https:\/\/images.nlziet.nl\/metadataimportimages\/source\/65504C0213C028A8208FC97BE0E29E0E6B60D7FD274D1A7931D5A3B3A0B423E7.jpg"},"logo":{"normalUrl":"https:\/\/cdn.nlziet.nl\/static\/assets\/contentproviders\/sbs.png","darkUrl":"https:\/\/cdn.nlziet.nl\/static\/assets\/contentproviders\/dark\/sbs.png","flatUrl":"https:\/\/cdn.nlziet.nl\/static\/assets\/contentproviders\/flat\/sbs.png"},"tags":[],"seriesId":"4vJtYddbpUuwgA3jBVgYaw"},{"id":"PzT0IUPx30-OGsEHm_NNbQ","type":"Vod","title":"HLF8","subtitle":"Aflevering 71","description":"SBS6 - Met in deze uitzending:\n* Martijn Koning is de wingman van Johnny de Mol.\n\n* Charlotte Nijs vertelt over het nieuwe regeerakkoord. Politicus Rob Jetten schuift ook aan.\n\n* De band Racoon treedt op. Door corona is de theatertoer niet geworden wat ze hoopten, maar er gloort hoop. In 2022 staan ze voor het eerst als headliner in Ahoy!\n\n* Misdaadverslaggever John van den Heuvel over zijn nieuwe programma en de ontwikkelingen rondom Marco Borsato.\n\n* Nederland Geeft Licht, de jaarlijkse lampionnen-actie van KWF Kankerbestrijding, is dit jaar voor het eerst volledig digitaal. Leontien van Moorsel en Gijs Staverman hebben een persoonlijk verhaal en doen mee aan de actie.","formattedEpisodeNumbering":null,"formattedDate":"Wo 15 dec. 2021","formattedDateShort":"Dec. 2021","formattedTime":"19:29","formattedDuration":"51m","formattedAvailabilityWindow":null,"formattedAvailabilityWindowShort":null,"image":{"portraitUrl":null,"landscapeUrl":"https:\/\/images.nlziet.nl\/metadataimportimages\/source\/2694437C5A0874E88387085D8FFB4C943CE0736B6E56E31B1F9F42293DDD7D21.jpg"},"logo":{"normalUrl":"https:\/\/cdn.nlziet.nl\/static\/assets\/contentproviders\/sbs.png","darkUrl":"https:\/\/cdn.nlziet.nl\/static\/assets\/contentproviders\/dark\/sbs.png","flatUrl":"https:\/\/cdn.nlziet.nl\/static\/assets\/contentproviders\/flat\/sbs.png"},"tags":[],"seriesId":"4vJtYddbpUuwgA3jBVgYaw"},{"id":"pUPkXtnXSEyPLdNApyvKEg","type":"Vod","title":"HLF8","subtitle":"Aflevering 70","description":"SBS6 - Met in deze uitzending:\n* Viktor Brand en Alexander Pechtold (directeur van het CBR) over het Nationaal Verkeersexamen 2021 \u2013 Op 22 december te zien op SBS6.\n \n* Famke Louise en Denzel Slager \u2013 over realityserie 'Famke & Denzel \u2013 Een nieuw begin'. Ze worden op de voet gevolgd tijdens de verhuizing, vakantie en zwangerschap.\n \n* Maan \u2013 staat volgend jaar in de Ziggo Dome en zingt haar nieuwe single \u2018Leven\u2019. Daarnaast is vandaag bekend geworden dat ze samen met Typhoon een coachduo vormt in het nieuwe seizoen van 'The voice of Holland'.\n \n* Rutger Castricum is onze wingman.\n \n* Met politiek verslaggever Charlotte Nijs en de Belgische viroloog Marc van Ranst praten we na over de persconferentie mbt coronamaatregelen.","formattedEpisodeNumbering":null,"formattedDate":"Di 14 dec. 2021","formattedDateShort":"Dec. 2021","formattedTime":"19:28","formattedDuration":"55m","formattedAvailabilityWindow":null,"formattedAvailabilityWindowShort":null,"image":{"portraitUrl":null,"landscapeUrl":"https:\/\/images.nlziet.nl\/metadataimportimages\/source\/956E1A01E4B1CEE3AC7EE14D7F8373FA30D3A998D0337D2BDAB16FEA73EC2FAF.jpg"},"logo":{"normalUrl":"https:\/\/cdn.nlziet.nl\/static\/assets\/contentproviders\/sbs.png","darkUrl":"https:\/\/cdn.nlziet.nl\/static\/assets\/contentproviders\/dark\/sbs.png","flatUrl":"https:\/\/cdn.nlziet.nl\/static\/assets\/contentproviders\/flat\/sbs.png"},"tags":[],"seriesId":"4vJtYddbpUuwgA3jBVgYaw"},{"id":"CDOXwLSkkUmtUK7QWuI4Dw","type":"Vod","title":"HLF8","subtitle":"Aflevering 69","description":"SBS6 - De uitzending staat volledig in het teken van het wereldkampioenschap van Max Verstappen.\n\nTe gast zijn Jack Plooij, Giedo van der Garde, Tom Coronel, Jack van Gelder en Trijntje Oosterhuis.","formattedEpisodeNumbering":null,"formattedDate":"Ma 13 dec. 2021","formattedDateShort":"Dec. 2021","formattedTime":"19:29","formattedDuration":"52m","formattedAvailabilityWindow":null,"formattedAvailabilityWindowShort":null,"image":{"portraitUrl":null,"landscapeUrl":"https:\/\/images.nlziet.nl\/metadataimportimages\/source\/6E1FFC3EA7E592798A4C4E4207076CE3107F99FEFDD445CE23CB07994E312CF0.jpg"},"logo":{"normalUrl":"https:\/\/cdn.nlziet.nl\/static\/assets\/contentproviders\/sbs.png","darkUrl":"https:\/\/cdn.nlziet.nl\/static\/assets\/contentproviders\/dark\/sbs.png","flatUrl":"https:\/\/cdn.nlziet.nl\/static\/assets\/contentproviders\/flat\/sbs.png"},"tags":[],"seriesId":"4vJtYddbpUuwgA3jBVgYaw"},{"id":"aqeRkYEnBk-rh3tcsBTltg","type":"Vod","title":"HLF8","subtitle":"Aflevering 68","description":"SBS6 - Met in deze uitzending:\n* Wingman: Chatilla van Grinsven\n\n* Muziek: The Dirty Daddies - Beatles\n\n*Politiek moment van het jaar - Gijs Rademaker en Charlotte  \u2018De Nijs\u2019 Nijs\nWat is politieke moment van 2021. Gijs Rademaker heeft een peiling gehouden voor EenVandaag. Dit wordt pas maandag bekendgemaakt, maar mij beleven alvast wat voorpret  met Gijs en onze eigen Charlotte Nijs.\n\n* Victor Mids\nVictor Mids is illusionist en kijkcijfer koning. We gaan het hebben over een succesvol seizoen 'Mindf*ck'. In deze pandemie omarmde de kijker massaal het illusieprogramma.\n\n* Loiza Lamers en moeder Marjan\nModel Loiza Lamers schreef samen met haar moeder het boek 'Loiza' om andere transgenderkinderen houvast te bieden in hun transitieproces. Ze benadrukken hoe belangrijk onvoorwaardelijke liefde is.\n* Formule 1 - Giedo van der Garde\nVoorafgaand aan de alles beslissende Grand Prix van Abu Dhabi praten we met nieuwbakken ViaPlay-analist Guido van der Garde en we hebben een skyp\/zoom gesprek met Tom Coronel van uit Abu Dhabi. Hij heeft het laatste nieuws en is die middag bij de trainingen.","formattedEpisodeNumbering":null,"formattedDate":"Vr 10 dec. 2021","formattedDateShort":"Dec. 2021","formattedTime":"19:25","formattedDuration":"55m","formattedAvailabilityWindow":null,"formattedAvailabilityWindowShort":null,"image":{"portraitUrl":null,"landscapeUrl":"https:\/\/images.nlziet.nl\/metadataimportimages\/source\/C7A48A878EC6D73F5FC5BF0B419C5CDC0C590D84B1A7C21C033FE58AE28454C9.jpg"},"logo":{"normalUrl":"https:\/\/cdn.nlziet.nl\/static\/assets\/contentproviders\/sbs.png","darkUrl":"https:\/\/cdn.nlziet.nl\/static\/assets\/contentproviders\/dark\/sbs.png","flatUrl":"https:\/\/cdn.nlziet.nl\/static\/assets\/contentproviders\/flat\/sbs.png"},"tags":[],"seriesId":"4vJtYddbpUuwgA3jBVgYaw"},{"id":"l-MSRM0OtkOfujVTf0GGtQ","type":"Vod","title":"HLF8","subtitle":"Aflevering 67","description":"SBS6 - Met in deze uitzending:\n* Buurtmoeders \u2013 Moeders die worden ingezet tegen straatrellen. In roze fel gekleurde hes marcheren ze door de straten van Amsterdam Nieuw-West om jongeren aan te spreken als ze over de scheef gaan. Daardoor worden er rellen voorkomen zoals die op de Coolsingel. We praten hierover met de initiatiefnemer, een buurtmoeder, een jongerenwerker \u00e9n de burgermoeder van Amsterdam Femke Halsema.\n \n* Alzheimer \u2013 Alzheimer Nederland is een actie begonnen. En dat heeft te maken met herinneringenkerstballen. Schrijf een herinnering, stop het in de kerstbal. En dan kan je de kerstjaren die volgen, lezen wat je als herinnering in het jaar of jaren daarvoor hebt geschreven. Aan tafel Jan Dulles. ij verloor zijn vader dit jaar aan Alzheimer. En Sonja Bouten, 54 jaar en alzheimerpati\u00ebnt.\n \n* Fidan Ekiz is onze wingwoman\n\n* Muziek van Bente \u2013 zij heeft haar tweede EP uitgebracht.","formattedEpisodeNumbering":null,"formattedDate":"Do 9 dec. 2021","formattedDateShort":"Dec. 2021","formattedTime":"19:29","formattedDuration":"51m","formattedAvailabilityWindow":null,"formattedAvailabilityWindowShort":null,"image":{"portraitUrl":null,"landscapeUrl":"https:\/\/images.nlziet.nl\/metadataimportimages\/source\/CD0CC1C5D165ABD916C3BF1F80A6556EC6DB8D971CF4DF972254FE2B8DC4697F.jpg"},"logo":{"normalUrl":"https:\/\/cdn.nlziet.nl\/static\/assets\/contentproviders\/sbs.png","darkUrl":"https:\/\/cdn.nlziet.nl\/static\/assets\/contentproviders\/dark\/sbs.png","flatUrl":"https:\/\/cdn.nlziet.nl\/static\/assets\/contentproviders\/flat\/sbs.png"},"tags":[],"seriesId":"4vJtYddbpUuwgA3jBVgYaw"},{"id":"GxzHT-CoFU-ZFuZvsDdfmQ","type":"Vod","title":"HLF8","subtitle":"Aflevering 66","description":"SBS6 - Met in deze uitzending:\n* Catherine Keyl is Johnny's zogenoemde wingwoman.\n\n* Dj Gerard Ekdom bespreekt de muzikale hoogtepunten van 2021.\n\n* Sandra Schuurhof over de toespraak en persconferentie van prinses Amalia bij de Raad van State.\n\n* Topkok Rudolph van Veen deelt tips voor een stressvrije kerstmaaltijd.\n\n* De Haagse popgroep Goldband treedt op.","formattedEpisodeNumbering":null,"formattedDate":"Wo 8 dec. 2021","formattedDateShort":"Dec. 2021","formattedTime":"19:29","formattedDuration":"51m","formattedAvailabilityWindow":null,"formattedAvailabilityWindowShort":null,"image":{"portraitUrl":null,"landscapeUrl":"https:\/\/images.nlziet.nl\/metadataimportimages\/source\/50AABC7051341746433E629D7B13DA6B62709D7258DBD63236B4E984F9123017.jpg"},"logo":{"normalUrl":"https:\/\/cdn.nlziet.nl\/static\/assets\/contentproviders\/sbs.png","darkUrl":"https:\/\/cdn.nlziet.nl\/static\/assets\/contentproviders\/dark\/sbs.png","flatUrl":"https:\/\/cdn.nlziet.nl\/static\/assets\/contentproviders\/flat\/sbs.png"},"tags":[],"seriesId":"4vJtYddbpUuwgA3jBVgYaw"},{"id":"jPHTOQvq6ki3pD_DumDXTQ","type":"Vod","title":"HLF8","subtitle":"Aflevering 65","description":"SBS6 - Met in deze uitzending: \n\n* De muzikale wing-man: Guus Meeuwis.\nHij treedt ook op met zijn muzikale column.\n\n* Hans Klok over Josephine Baker.\nVan inspirerende leraren, naar een vrouw die nog steeds mensen inspireert! Ze was een artiest, een spion en een activist die optrok met Martin Luther King. Ze was zowel straatarm, als steenrijk. En ze adopteerde twaalf kinderen om de wereld te laten zien dat huidskleur en religie er niet toe doen: Jos\u00e9phine Baker. Nu krijgt ze een grafmonument in het Panth\u00e9on, als eerste zwarte vrouw. Hans Klok noemt haar zijn grootste inspiratiebron.\n\n* Michael van Gerwen.\nVoor het eerst sinds jaren reist Michael van Gerwen niet als topfavoriet af naar het WK darts. Zeven jaar lang vlogen zijn pijlen precies in het juiste vakje maar sinds corona gaat het stukken minder. Dit jaar won Van Gerwen geen enkel groot toernooi. We blikken vooruit op het WK. Michael schuift nooit aan in talkshows, dus het is erg bijzonder dat hij er is.\n\n* Sanne Wallis de Vries.\nSanne Wallis de Vries staat al vijfentwintig jaar voor uitverkochte zalen als cabareti\u00e8re. Begin dit jaar mocht ze vijftig kaarsjes uitblazen en was deze mijlpaal het uitgelezen moment om terug te blikken op haar leven tot nu toe en haar theatercarri\u00e8re.","formattedEpisodeNumbering":null,"formattedDate":"Di 7 dec. 2021","formattedDateShort":"Dec. 2021","formattedTime":"19:29","formattedDuration":"50m","formattedAvailabilityWindow":null,"formattedAvailabilityWindowShort":null,"image":{"portraitUrl":null,"landscapeUrl":"https:\/\/images.nlziet.nl\/metadataimportimages\/source\/38B604303A35EB12007FC760945B98FD17D60A377CF598446D51F132268A0436.jpg"},"logo":{"normalUrl":"https:\/\/cdn.nlziet.nl\/static\/assets\/contentproviders\/sbs.png","darkUrl":"https:\/\/cdn.nlziet.nl\/static\/assets\/contentproviders\/dark\/sbs.png","flatUrl":"https:\/\/cdn.nlziet.nl\/static\/assets\/contentproviders\/flat\/sbs.png"},"tags":[],"seriesId":"4vJtYddbpUuwgA3jBVgYaw"},{"id":"oioLlo-qp0mu4wrFO91jZQ","type":"Vod","title":"HLF8","subtitle":"Aflevering 64","description":"SBS6 - Met in deze uitzending: \n\n* Bastiaan Ragas is wingman en schreef een lied voor wereldlichtjesdag.\n\n* Claudia en Dani\u00ebl Stap vertellen over het verlies van hun dochter.\n\n* Sam Hoevenaar is royaltykenner en heeft een documentaire geproduceerd over kroonprinses Amalia.\n\n* Tom Coronel, Rob Kamphues en Giedo van der Garde praten over het historische seizoen van Formule 1.\n\n* Niels Geusebroek en Yori Awart spelen hun single Mine.","formattedEpisodeNumbering":null,"formattedDate":"Ma 6 dec. 2021","formattedDateShort":"Dec. 2021","formattedTime":"19:29","formattedDuration":"50m","formattedAvailabilityWindow":null,"formattedAvailabilityWindowShort":null,"image":{"portraitUrl":null,"landscapeUrl":"https:\/\/images.nlziet.nl\/metadataimportimages\/source\/9B36DC1C8B1063ABADE784932BD694C8144E886FCE98544B5022980CC892AADB.jpg"},"logo":{"normalUrl":"https:\/\/cdn.nlziet.nl\/static\/assets\/contentproviders\/sbs.png","darkUrl":"https:\/\/cdn.nlziet.nl\/static\/assets\/contentproviders\/dark\/sbs.png","flatUrl":"https:\/\/cdn.nlziet.nl\/static\/assets\/contentproviders\/flat\/sbs.png"},"tags":[],"seriesId":"4vJtYddbpUuwgA3jBVgYaw"},{"id":"RYIjXlp1AEeLorIiVsv3qA","type":"Vod","title":"HLF8","subtitle":"Aflevering 63","description":"SBS6 - Met in deze uitzending: \n* Johnny de Mol praat met twee slachtoffers van de toeslagenaffaire, Natasja Soemai en Raihaana Ainoel.\n* Peter Gillis is de wingman van de presentator en hij vertelt hoe hij omkijkt naar de kwetsbare medemens.\n* Martijn Koning blikt terug op zijn turbulente jaar.\n* Voormalig topsporters Ronald de Boer en John van Lottum willen meer aandacht voor de sport padel.\n* Marlou van Rhijn en Lisa Westerveld praten over een vergoeding voor gehandicaptensport.\n* Jochem van Gelder herschreef zijn Sinterklaasliedjes naar de tijd van nu.","formattedEpisodeNumbering":null,"formattedDate":"Vr 3 dec. 2021","formattedDateShort":"Dec. 2021","formattedTime":"19:29","formattedDuration":"52m","formattedAvailabilityWindow":null,"formattedAvailabilityWindowShort":null,"image":{"portraitUrl":null,"landscapeUrl":"https:\/\/images.nlziet.nl\/metadataimportimages\/source\/7A5514A7E2AD2D166B50050E7B71E236243BD4F7009CB568DB836E704B9F75C5.jpg"},"logo":{"normalUrl":"https:\/\/cdn.nlziet.nl\/static\/assets\/contentproviders\/sbs.png","darkUrl":"https:\/\/cdn.nlziet.nl\/static\/assets\/contentproviders\/dark\/sbs.png","flatUrl":"https:\/\/cdn.nlziet.nl\/static\/assets\/contentproviders\/flat\/sbs.png"},"tags":[],"seriesId":"4vJtYddbpUuwgA3jBVgYaw"},{"id":"718bckIAlEyvHH1R0yunoQ","type":"Vod","title":"HLF8","subtitle":"Aflevering 62","description":"SBS6 - Met in deze uitzending: \n* De eerste winnaar ooit, Ben Saunders zorgde met zijn auditie voor een iconisch moment dat de wereld overging. 10 jaar later hebben we het nog steeds over de Voice of Holland. We maken een trip down memory lane met Wendy van Dijk en Nick en Simon.\n\n*Nick Schilder is wing-man\n\n* De kerstengeltjes OGENE luiden het kerstseizoen in!","formattedEpisodeNumbering":null,"formattedDate":"Do 2 dec. 2021","formattedDateShort":"Dec. 2021","formattedTime":"19:29","formattedDuration":"52m","formattedAvailabilityWindow":null,"formattedAvailabilityWindowShort":null,"image":{"portraitUrl":null,"landscapeUrl":"https:\/\/images.nlziet.nl\/metadataimportimages\/source\/ED17BAD810CED3DCF1A88F0C74FA958FC29B7C0ACEEB6386506E1B1773228EF6.jpg"},"logo":{"normalUrl":"https:\/\/cdn.nlziet.nl\/static\/assets\/contentproviders\/sbs.png","darkUrl":"https:\/\/cdn.nlziet.nl\/static\/assets\/contentproviders\/dark\/sbs.png","flatUrl":"https:\/\/cdn.nlziet.nl\/static\/assets\/contentproviders\/flat\/sbs.png"},"tags":[],"seriesId":"4vJtYddbpUuwgA3jBVgYaw"},{"id":"IAYIHAfC0EqYxTXzyvjlvg","type":"Vod","title":"HLF8","subtitle":"Aflevering 61","description":"SBS6 - Met in deze uitzending:\n* Johan Derksen. Samen met Wilfred Gen\u00e9e en Ren\u00e9 van der Gijp begint hij in januari met 'VI Vandaag' aan een nieuwe talkshow.\n\n* Fidan Ekiz is Johnny de Mols wingwoman. Fidan vertelt voor het eerst haar verhaal over het einde van 'De Vooravond'.\n\n* presentatrice Eva Eikhout zit in een quarterlife-crisis.\n\n* En muziek van \u00e9\u00e9n van Nederlands beste blueszangeressen: AJ Plug.","formattedEpisodeNumbering":null,"formattedDate":"Wo 1 dec. 2021","formattedDateShort":"Dec. 2021","formattedTime":"19:29","formattedDuration":"53m","formattedAvailabilityWindow":null,"formattedAvailabilityWindowShort":null,"image":{"portraitUrl":null,"landscapeUrl":"https:\/\/images.nlziet.nl\/metadataimportimages\/source\/2F19D5A084B10AD614BBFF7E80654DF2DD94CDCBD3D61F88B3A041D5B9332ED6.jpg"},"logo":{"normalUrl":"https:\/\/cdn.nlziet.nl\/static\/assets\/contentproviders\/sbs.png","darkUrl":"https:\/\/cdn.nlziet.nl\/static\/assets\/contentproviders\/dark\/sbs.png","flatUrl":"https:\/\/cdn.nlziet.nl\/static\/assets\/contentproviders\/flat\/sbs.png"},"tags":[],"seriesId":"4vJtYddbpUuwgA3jBVgYaw"},{"id":"xTfLCrlF-kGxiKU0XbBcMA","type":"Vod","title":"HLF8","subtitle":"Aflevering 60","description":"SBS6 - Met in deze uitzending:\n* Lucille Werner is de wingwoman van Johnny de Mol.\n* Wesley Visscher laat zien hoe hij met zijn hond wildstropers opspoort.\n* Wilco van Schaik probeert zijn club NEC uit de malaise te krijgen.\n* Het cabaret- en muziekduo Veldhuis & Kemper treedt op.","formattedEpisodeNumbering":null,"formattedDate":"Di 30 nov. 2021","formattedDateShort":"Nov. 2021","formattedTime":"19:28","formattedDuration":"52m","formattedAvailabilityWindow":null,"formattedAvailabilityWindowShort":null,"image":{"portraitUrl":null,"landscapeUrl":"https:\/\/images.nlziet.nl\/metadataimportimages\/source\/7BD49879BA1227FD184A784AF0D714CB6888CFA632B5A79735F7295823572FDD.jpg"},"logo":{"normalUrl":"https:\/\/cdn.nlziet.nl\/static\/assets\/contentproviders\/sbs.png","darkUrl":"https:\/\/cdn.nlziet.nl\/static\/assets\/contentproviders\/dark\/sbs.png","flatUrl":"https:\/\/cdn.nlziet.nl\/static\/assets\/contentproviders\/flat\/sbs.png"},"tags":[],"seriesId":"4vJtYddbpUuwgA3jBVgYaw"},{"id":"vcnghb7nY0elYO2k7AfDDg","type":"Vod","title":"HLF8","subtitle":"Aflevering 59","description":"SBS6 - Met in deze uitzending:\n\n* Jeugdzorgwerkers uit het hele land staken vandaag vanwege de crisis in de jeugdzorg. SP-kamerlid Peter Kwint presenteerde vandaag een rapport en luidt de noodklok: slechte kwaliteit door hoge werkdruk.\n\n* Ze is de Messi van het hockey: topscoorder Fr\u00e9d\u00e9rique Matla is goud waard en Robert ten Brink mochten dit jaar Sinterklaas helpen en zij hebben ook goud.\n\n* Live-muziek: Mart Hoogkamer laat de opvolger horen van zijn monsterhit 'Ik wil zwemmen.'\n\n* Wing-man: H\u00e9l\u00e8ne Hendriks.","formattedEpisodeNumbering":null,"formattedDate":"Ma 29 nov. 2021","formattedDateShort":"Nov. 2021","formattedTime":"19:28","formattedDuration":"53m","formattedAvailabilityWindow":null,"formattedAvailabilityWindowShort":null,"image":{"portraitUrl":null,"landscapeUrl":"https:\/\/images.nlziet.nl\/metadataimportimages\/source\/CD2A23F09DE6A71A16C3A690D371A55F86E8BDD073D18D6AE91CC25CD1E12603.jpg"},"logo":{"normalUrl":"https:\/\/cdn.nlziet.nl\/static\/assets\/contentproviders\/sbs.png","darkUrl":"https:\/\/cdn.nlziet.nl\/static\/assets\/contentproviders\/dark\/sbs.png","flatUrl":"https:\/\/cdn.nlziet.nl\/static\/assets\/contentproviders\/flat\/sbs.png"},"tags":[],"seriesId":"4vJtYddbpUuwgA3jBVgYaw"},{"id":"KjOSDZTXw0ubm1Y5c344Tw","type":"Vod","title":"HLF8","subtitle":"Aflevering 58","description":"SBS6 - Met in deze uitzending:\n* We bespreken de nieuwe coronamaatregelen met politiek verslaggever Charlotte Nijs.\n \n* Vanavond strijden drie finalisten voor een prijs op het Cameretten festival. Bij ons aan tafel oud-winnaars Guido Weijers en Remy Evers.\n \n* Carlo Boszhard maakt zijn debuut als schrijver van een kinderboek.\n \n* The King & Queen of Soul \u2013 Dwight Dissels & Shirma Rouse. Zij touren in december langs alle grote kerken.","formattedEpisodeNumbering":null,"formattedDate":"Vr 26 nov. 2021","formattedDateShort":"Nov. 2021","formattedTime":"19:29","formattedDuration":"52m","formattedAvailabilityWindow":null,"formattedAvailabilityWindowShort":null,"image":{"portraitUrl":null,"landscapeUrl":"https:\/\/images.nlziet.nl\/metadataimportimages\/source\/B51C7FF17E320114E57855A8A09F90EDB0A34DD57D790AB0B788F6A122916E80.jpg"},"logo":{"normalUrl":"https:\/\/cdn.nlziet.nl\/static\/assets\/contentproviders\/sbs.png","darkUrl":"https:\/\/cdn.nlziet.nl\/static\/assets\/contentproviders\/dark\/sbs.png","flatUrl":"https:\/\/cdn.nlziet.nl\/static\/assets\/contentproviders\/flat\/sbs.png"},"tags":[],"seriesId":"4vJtYddbpUuwgA3jBVgYaw"},{"id":"y5LF6uRG0ka8l3QsbEIICg","type":"Vod","title":"HLF8","subtitle":"Aflevering 57","description":"SBS6 - Met in deze uitzending:\n\n* Laura Hof dompelt Johnny de Mol onder in de wereld van ijsbaden\n* Finaliste Leraar van het jaar Kirsten Cuppen over het OMT-advies\n* Stef Bos brengt een muzikale ode aan mensen in nood\n* Chatilla van Grinsven is de wingwoman van Johnny de Mol\n* Ruud Gullit vertelt over zijn ervaring met Maradona als vriend en speler\n* Sjoerd Mossou schreef een prachtig boek over voetbal icoon Maradona\n* Carel Kraayenhof brengt een ode aan Maradona met zijn befaamde bandoneon.","formattedEpisodeNumbering":null,"formattedDate":"Do 25 nov. 2021","formattedDateShort":"Nov. 2021","formattedTime":"19:29","formattedDuration":"53m","formattedAvailabilityWindow":null,"formattedAvailabilityWindowShort":null,"image":{"portraitUrl":null,"landscapeUrl":"https:\/\/images.nlziet.nl\/metadataimportimages\/source\/E0C2E838BA0E8F7EF99F032355F71277D60E343E27CDD6181C10806E64A48A30.jpg"},"logo":{"normalUrl":"https:\/\/cdn.nlziet.nl\/static\/assets\/contentproviders\/sbs.png","darkUrl":"https:\/\/cdn.nlziet.nl\/static\/assets\/contentproviders\/dark\/sbs.png","flatUrl":"https:\/\/cdn.nlziet.nl\/static\/assets\/contentproviders\/flat\/sbs.png"},"tags":[],"seriesId":"4vJtYddbpUuwgA3jBVgYaw"},{"id":"IHnbXlpDp0GD9TJp2xXoRA","type":"Vod","title":"HLF8","subtitle":"Aflevering 56","description":"SBS6 - Live talkshow met Johnny de Mol. Johnny ontvangt aan tafel een aantal gasten om de dag door te nemen.","formattedEpisodeNumbering":null,"formattedDate":"Wo 24 nov. 2021","formattedDateShort":"Nov. 2021","formattedTime":"19:29","formattedDuration":"49m","formattedAvailabilityWindow":null,"formattedAvailabilityWindowShort":null,"image":{"portraitUrl":null,"landscapeUrl":"https:\/\/images.nlziet.nl\/metadataimportimages\/source\/3152ED545E5A5D7BC9679149D0EB1CEDE09A4C66FB8C67A86310D6926773F69A.jpg"},"logo":{"normalUrl":"https:\/\/cdn.nlziet.nl\/static\/assets\/contentproviders\/sbs.png","darkUrl":"https:\/\/cdn.nlziet.nl\/static\/assets\/contentproviders\/dark\/sbs.png","flatUrl":"https:\/\/cdn.nlziet.nl\/static\/assets\/contentproviders\/flat\/sbs.png"},"tags":[],"seriesId":"4vJtYddbpUuwgA3jBVgYaw"},{"id":"ShcrndxDYEePWovqfII8Eg","type":"Vod","title":"HLF8","subtitle":"Aflevering 55","description":"SBS6 - Met in deze uitzending:\n* Akwasi trapt vrijdag met omroep Zwart de Radio Zwart marathon af.\n* Suzan & Freek spelen live in de studio muziek van hun nieuwe album.\n* Andreas Voss doet een oproep aan gevaccineerd en ongevaccineerd Nederland.\n* Alain Clark is de wingman van Johnny de Mol.","formattedEpisodeNumbering":null,"formattedDate":"Di 23 nov. 2021","formattedDateShort":"Nov. 2021","formattedTime":"19:30","formattedDuration":"49m","formattedAvailabilityWindow":null,"formattedAvailabilityWindowShort":null,"image":{"portraitUrl":null,"landscapeUrl":"https:\/\/images.nlziet.nl\/metadataimportimages\/source\/45D9B6AFAB1FEE42D0CA4A2044967C46390F00E5BB2D45D0ED9FDD5B295F0868.jpg"},"logo":{"normalUrl":"https:\/\/cdn.nlziet.nl\/static\/assets\/contentproviders\/sbs.png","darkUrl":"https:\/\/cdn.nlziet.nl\/static\/assets\/contentproviders\/dark\/sbs.png","flatUrl":"https:\/\/cdn.nlziet.nl\/static\/assets\/contentproviders\/flat\/sbs.png"},"tags":[],"seriesId":"4vJtYddbpUuwgA3jBVgYaw"},{"id":"sKPmM_dM2kuW0KVNjlDl_A","type":"Vod","title":"HLF8","subtitle":"Aflevering 54","description":"SBS6 - Live talkshow met Johnny de Mol. Johnny ontvangt aan tafel een aantal gasten om de dag door te nemen.","formattedEpisodeNumbering":null,"formattedDate":"Ma 22 nov. 2021","formattedDateShort":"Nov. 2021","formattedTime":"19:31","formattedDuration":"49m","formattedAvailabilityWindow":null,"formattedAvailabilityWindowShort":null,"image":{"portraitUrl":null,"landscapeUrl":"https:\/\/images.nlziet.nl\/metadataimportimages\/source\/AA82A0921B8E03C62609FE7AF949025C6A045F855D8D74853E21F2C9D6701DC9.jpg"},"logo":{"normalUrl":"https:\/\/cdn.nlziet.nl\/static\/assets\/contentproviders\/sbs.png","darkUrl":"https:\/\/cdn.nlziet.nl\/static\/assets\/contentproviders\/dark\/sbs.png","flatUrl":"https:\/\/cdn.nlziet.nl\/static\/assets\/contentproviders\/flat\/sbs.png"},"tags":[],"seriesId":"4vJtYddbpUuwgA3jBVgYaw"},{"id":"beDfVZRe8UGlwARYMZiUzQ","type":"Vod","title":"HLF8","subtitle":"Aflevering 53","description":"SBS6 - Met in deze uitzending:\n* Napraten over de persconferentie met de gasten                       \n \n* Gesprek over Match- Fixing met Evgeniy Levchenko                  \nEn Jack van Gelder\n \n* Gesprek over intimiteit co\u00f6rdinatoren op de filmset. Met co\u00f6rdinator Cynthia Abma en de actrices Markoesa Hamer en Henriette Tol                 \n \n* Gesprek over Oranje met Jack van Gelder en Dries Roelvink                  \n \n* Muzikale ode aan Britney Spears door The Bluebirds","formattedEpisodeNumbering":null,"formattedDate":"Vr 19 nov. 2021","formattedDateShort":"Nov. 2021","formattedTime":"19:29","formattedDuration":"52m","formattedAvailabilityWindow":null,"formattedAvailabilityWindowShort":null,"image":{"portraitUrl":null,"landscapeUrl":"https:\/\/images.nlziet.nl\/metadataimportimages\/source\/C9C6BC5C027A66F4E57658792B7F0D8AC1F3BFB4F8B736009E824C53F8303B72.jpg"},"logo":{"normalUrl":"https:\/\/cdn.nlziet.nl\/static\/assets\/contentproviders\/sbs.png","darkUrl":"https:\/\/cdn.nlziet.nl\/static\/assets\/contentproviders\/dark\/sbs.png","flatUrl":"https:\/\/cdn.nlziet.nl\/static\/assets\/contentproviders\/flat\/sbs.png"},"tags":[],"seriesId":"4vJtYddbpUuwgA3jBVgYaw"},{"id":"WQAXq_HabkqJYpZZHbUJew","type":"Vod","title":"HLF8","subtitle":"Aflevering 52","description":"SBS6 - Met in deze uitzending:\n* Klaas van Kruistum presenteert zondag op National Geographic de finale van de grootste fotowedstrijd van de Benelux - met mens, dier en landschap in de hoofdrol\n\n* Bezoek uit het dierenrijk onder begeleiding van dieren-expert Floris G\u00f6bel\n\n* Britt Dekker is sidekick\n\n* Muziek van het legendarische hitduo Bolland & Bolland - dat na een ruzie van 20 jaar weer bij elkaar is gekomen","formattedEpisodeNumbering":null,"formattedDate":"Do 18 nov. 2021","formattedDateShort":"Nov. 2021","formattedTime":"19:30","formattedDuration":"52m","formattedAvailabilityWindow":null,"formattedAvailabilityWindowShort":null,"image":{"portraitUrl":null,"landscapeUrl":"https:\/\/images.nlziet.nl\/metadataimportimages\/source\/9439CDED737B6C89900C2FE640E4208F5897BB398CE1B76A472DF18FAA3469A1.jpg"},"logo":{"normalUrl":"https:\/\/cdn.nlziet.nl\/static\/assets\/contentproviders\/sbs.png","darkUrl":"https:\/\/cdn.nlziet.nl\/static\/assets\/contentproviders\/dark\/sbs.png","flatUrl":"https:\/\/cdn.nlziet.nl\/static\/assets\/contentproviders\/flat\/sbs.png"},"tags":[],"seriesId":"4vJtYddbpUuwgA3jBVgYaw"},{"id":"yjfI946SP0-zf247hfeP-w","type":"Vod","title":"HLF8","subtitle":"Aflevering 51","description":"SBS6 - Met in deze uitzending:\n* Anita Witzier wordt op 10 november zestig jaar en dat viert ze door een boek uit te brengen met de titel 'En bedankt!' Hierin zet ze zestig mannen en vrouwen in de schijnwerpers die veel voor haar hebben betekend.\n \n* Phil Bee komt zijn single 'The Letter' spelen.\n \n* Joris Bijdendijk kookte in een paar jaar tijd drie Michelinsterren bij elkaar. Om te laten zien hoe makkelijk je in eigen huis ook een maaltijd op tafel kan zetten, is er nu zijn boek 'Bij Bijdendijk Thuis'.\n\n* De documentaire 'Jason' is Genomineerd voor de Idfa Award for Best Dutch Film. Jason is een 22-jarige jongen, geboren als meisje, die worstelt met de psychische effecten van een traumatische jeugd.","formattedEpisodeNumbering":null,"formattedDate":"Wo 17 nov. 2021","formattedDateShort":"Nov. 2021","formattedTime":"19:30","formattedDuration":"51m","formattedAvailabilityWindow":null,"formattedAvailabilityWindowShort":null,"image":{"portraitUrl":null,"landscapeUrl":"https:\/\/images.nlziet.nl\/metadataimportimages\/source\/6DE7AA2085DAFC31CE9EB5181373D016A11FCEE174B86C1EE7CB7405C859664B.jpg"},"logo":{"normalUrl":"https:\/\/cdn.nlziet.nl\/static\/assets\/contentproviders\/sbs.png","darkUrl":"https:\/\/cdn.nlziet.nl\/static\/assets\/contentproviders\/dark\/sbs.png","flatUrl":"https:\/\/cdn.nlziet.nl\/static\/assets\/contentproviders\/flat\/sbs.png"},"tags":[],"seriesId":"4vJtYddbpUuwgA3jBVgYaw"},{"id":"bHYtpCUC4Eqtz4Sd4t2KUw","type":"Vod","title":"HLF8","subtitle":"Aflevering 50","description":"SBS6 - Met in deze uitzending:\n* Leonie ter Braak is Johnny de Mols wing-woman: Ze houdt van voetbal en F1 en kent natuurlijk SBS-icoon Rob Geus. \n\n* Nederland - Noorwegen. \nErop of eronder voor Oranje vanavond tegen Noorwegen. Gelijkspel of winnen, anders kwalificeert Nederland zich niet voor het WK. Deze situatie doet akelig denken aan een eerdere situatie in 2002: Evert ten Napel over de wedstrijd, de kansen van Oranje en het misgelopen WK van 2002.\n\n* Corona-debat: Julia Wouters.\nDinsdag debatteert de Kamer over de corona-aanpak. Vrijdag tijdens de persconferentie wilden Rutte en De Jonge over het 2G-plan nog niet veel kwijt. Het kabinet wil de beperkte coronapas in ieder geval verplichten bij evenementen zonder zitplaatsreservering, zoals festivals, en daarnaast ondernemers de ruimte geven om te kiezen tussen 2G en 3G.\n\n* Formule 1-commentator Olav Mol.\nOlav Mol heeft een nieuw kinderboek geschreven over F1. (Het vierde deel alweer). Een gesprek met Olav over de kansen van Max Verstappen in de komende Grand Prix's.\n\n* Rob Geus.\nIedereen lijkt hem te kennen, maar weinigen weten wie Rob Geus echt is, vindt hij zelf. Daarom schreef hij een boek over zijn leven.\n\n* Muziek van singer-songwriter Adian Martin.","formattedEpisodeNumbering":null,"formattedDate":"Di 16 nov. 2021","formattedDateShort":"Nov. 2021","formattedTime":"19:29","formattedDuration":"52m","formattedAvailabilityWindow":null,"formattedAvailabilityWindowShort":null,"image":{"portraitUrl":null,"landscapeUrl":"https:\/\/images.nlziet.nl\/metadataimportimages\/source\/AB23B54DE5578047C73A7B22F0696A557F37A1F9D03C44B3F6156824CCE487CE.jpg"},"logo":{"normalUrl":"https:\/\/cdn.nlziet.nl\/static\/assets\/contentproviders\/sbs.png","darkUrl":"https:\/\/cdn.nlziet.nl\/static\/assets\/contentproviders\/dark\/sbs.png","flatUrl":"https:\/\/cdn.nlziet.nl\/static\/assets\/contentproviders\/flat\/sbs.png"},"tags":[],"seriesId":"4vJtYddbpUuwgA3jBVgYaw"},{"id":"nFKAFK_6PEOOq53wh73aoA","type":"Vod","title":"HLF8","subtitle":"Aflevering 49","description":"SBS6 - Met in deze uitzending:\n* Selfmade miljonair Peter Gillis praat over zijn biografie 'Massa is kassa' waarin hij de diepste geheimen blootlegt over zijn jeugd, familie en imperium. \n\n* Soulzanger Jeangu Macrooy met zijn nieuwe single 'A Little Greener'. Hij zorgt voor een eenmalige re\u00fcnie van de Nederlandse hiphopsensatie Pete Philly & Perquisite. \n\n* Het indrukwekkende afscheidsinterview met Bibian Mentel gaat postuum live op podcast. Daar praten man Edwin Spee, en zoon Julian van de Kamp over. \n\n* Burgemeester van Utrecht Sharon Dijksma over het eerste weekend met corona-restricties.","formattedEpisodeNumbering":null,"formattedDate":"Ma 15 nov. 2021","formattedDateShort":"Nov. 2021","formattedTime":"19:29","formattedDuration":"52m","formattedAvailabilityWindow":null,"formattedAvailabilityWindowShort":null,"image":{"portraitUrl":null,"landscapeUrl":"https:\/\/images.nlziet.nl\/metadataimportimages\/source\/E1FCBA5A01FAF7BFD549116316A5B3033C8B74C59F19356A29AAFDC9D5B38145.jpg"},"logo":{"normalUrl":"https:\/\/cdn.nlziet.nl\/static\/assets\/contentproviders\/sbs.png","darkUrl":"https:\/\/cdn.nlziet.nl\/static\/assets\/contentproviders\/dark\/sbs.png","flatUrl":"https:\/\/cdn.nlziet.nl\/static\/assets\/contentproviders\/flat\/sbs.png"},"tags":[],"seriesId":"4vJtYddbpUuwgA3jBVgYaw"},{"id":"SlWPwUGeC0OfAGSZEAIR5g","type":"Vod","title":"HLF8","subtitle":"Aflevering 48","description":"SBS6 - Met in deze uitzending:\n* Napraten over de persconferentie met de gasten                       \n \n* Gesprek over Match- Fixing met Evgeniy Levchenko         en Jack van Gelder\n \n* Gesprek over intimiteit co\u00f6rdinatoren op de filmset. Met co\u00f6rdinator Cynthia Abma en de actrices Markoesa Hamer en Henriette Tol                 \n \n* Gesprek over Oranje met Jack van Gelder en Dries Roelvink                  \n \n* Muzikale ode aan Britney Spears door The Bluebirds","formattedEpisodeNumbering":null,"formattedDate":"Vr 12 nov. 2021","formattedDateShort":"Nov. 2021","formattedTime":"19:30","formattedDuration":"55m","formattedAvailabilityWindow":null,"formattedAvailabilityWindowShort":null,"image":{"portraitUrl":null,"landscapeUrl":"https:\/\/images.nlziet.nl\/metadataimportimages\/source\/256554DE4A78C2F075B95791104EE583DA03FEC290C370A88BB6B49A0F55770A.jpg"},"logo":{"normalUrl":"https:\/\/cdn.nlziet.nl\/static\/assets\/contentproviders\/sbs.png","darkUrl":"https:\/\/cdn.nlziet.nl\/static\/assets\/contentproviders\/dark\/sbs.png","flatUrl":"https:\/\/cdn.nlziet.nl\/static\/assets\/contentproviders\/flat\/sbs.png"},"tags":[],"seriesId":"4vJtYddbpUuwgA3jBVgYaw"},{"id":"rWeWVEwmzkmTerpdLV6SeA","type":"Vod","title":"HLF8","subtitle":"Aflevering 47","description":"SBS6 - Met in deze uitzending:\n\n* Ellen ten Damme gaat uit de kleren in For One Night Only.\n* Willem van Schijndel en Leo Alkemade maken een feestje. Leo is wingman en viert met De Deurzakkers carnaval.\n* Willie Wartaal wil kinderen inspireren om te lezen.\n* Charlotte Nijs geeft een update over de coronacrisis.","formattedEpisodeNumbering":null,"formattedDate":"Do 11 nov. 2021","formattedDateShort":"Nov. 2021","formattedTime":"19:30","formattedDuration":"52m","formattedAvailabilityWindow":null,"formattedAvailabilityWindowShort":null,"image":{"portraitUrl":null,"landscapeUrl":"https:\/\/images.nlziet.nl\/metadataimportimages\/source\/9637FE300D55257DA4BE0FB2C150384354107B9EA5B36B756349374D0E560C0B.jpg"},"logo":{"normalUrl":"https:\/\/cdn.nlziet.nl\/static\/assets\/contentproviders\/sbs.png","darkUrl":"https:\/\/cdn.nlziet.nl\/static\/assets\/contentproviders\/dark\/sbs.png","flatUrl":"https:\/\/cdn.nlziet.nl\/static\/assets\/contentproviders\/flat\/sbs.png"},"tags":[],"seriesId":"4vJtYddbpUuwgA3jBVgYaw"},{"id":"TstW-3G10kK1v4FlQUzLbg","type":"Vod","title":"HLF8","subtitle":"Aflevering 46","description":"SBS6 - Met in deze uitzending:\n* Patty Brard is Johnny de Mols zogenoemde wingwoman.\n* Voormalig profvoetballer John van Loen over zijn biografie.\n* Met Christian Farla wordt op zoek gegaan naar een nieuwe lichting goochelaars.","formattedEpisodeNumbering":null,"formattedDate":"Wo 10 nov. 2021","formattedDateShort":"Nov. 2021","formattedTime":"19:30","formattedDuration":"51m","formattedAvailabilityWindow":null,"formattedAvailabilityWindowShort":null,"image":{"portraitUrl":null,"landscapeUrl":"https:\/\/images.nlziet.nl\/metadataimportimages\/source\/5C9B3FC2CE25EB5125F0262F4FE38D6C404B9D2BD362F4E0D32C075CB75A53C3.jpg"},"logo":{"normalUrl":"https:\/\/cdn.nlziet.nl\/static\/assets\/contentproviders\/sbs.png","darkUrl":"https:\/\/cdn.nlziet.nl\/static\/assets\/contentproviders\/dark\/sbs.png","flatUrl":"https:\/\/cdn.nlziet.nl\/static\/assets\/contentproviders\/flat\/sbs.png"},"tags":[],"seriesId":"4vJtYddbpUuwgA3jBVgYaw"},{"id":"qIvoFZJbokWJVctVsRlOIw","type":"Vod","title":"HLF8","subtitle":"Aflevering 45","description":"SBS6 - Met in deze uitzending: \n* Barbara Barend zoekt naar de sportheld van het jaar.\n\n* Jim Bakkum kruipt in de huid van zijn idool Frank Sinatra.\n\n* Leco van Zadelhoff over zijn nieuwe boek \u2018Worden wie je bent\u2019.\n\n* John Williams over het nieuwe RTL-programma 'Tiny House Battle'.","formattedEpisodeNumbering":null,"formattedDate":"Di 9 nov. 2021","formattedDateShort":"Nov. 2021","formattedTime":"19:31","formattedDuration":"53m","formattedAvailabilityWindow":null,"formattedAvailabilityWindowShort":null,"image":{"portraitUrl":null,"landscapeUrl":"https:\/\/images.nlziet.nl\/metadataimportimages\/source\/C60C5E4899812A8E49E1A12FC0B63CFCF855F155AD792CA5640CBC4FD4D34F24.jpg"},"logo":{"normalUrl":"https:\/\/cdn.nlziet.nl\/static\/assets\/contentproviders\/sbs.png","darkUrl":"https:\/\/cdn.nlziet.nl\/static\/assets\/contentproviders\/dark\/sbs.png","flatUrl":"https:\/\/cdn.nlziet.nl\/static\/assets\/contentproviders\/flat\/sbs.png"},"tags":[],"seriesId":"4vJtYddbpUuwgA3jBVgYaw"},{"id":"WxZ5hnH8KkyWm9mhI6WfrA","type":"Vod","title":"HLF8","subtitle":"Aflevering 44","description":"SBS6 - Met in deze uitzending: \n\n* Ali B deelt zijn levenslessen in een boek, kan hij Nederland weer bij elkaar krijgen?\n\n* Angela Groothuizen is deze uitzending de 'wingwoman' van Johnny de Mol.\n\n* Frans Duits gaat terug naar een kant die we niet kennen van de volkszanger.\n\n* Jan de Boon buigt zich over de vraag of de coronapas werkelijkheid wordt nu het aantal coronabesmettingen snel stijgt.","formattedEpisodeNumbering":null,"formattedDate":"Ma 8 nov. 2021","formattedDateShort":"Nov. 2021","formattedTime":"19:29","formattedDuration":"52m","formattedAvailabilityWindow":null,"formattedAvailabilityWindowShort":null,"image":{"portraitUrl":null,"landscapeUrl":"https:\/\/images.nlziet.nl\/metadataimportimages\/source\/03EDE2A95DD50398AFABBB1273F7976E603D29C1B61DDF961F5BF394D5838AEF.jpg"},"logo":{"normalUrl":"https:\/\/cdn.nlziet.nl\/static\/assets\/contentproviders\/sbs.png","darkUrl":"https:\/\/cdn.nlziet.nl\/static\/assets\/contentproviders\/dark\/sbs.png","flatUrl":"https:\/\/cdn.nlziet.nl\/static\/assets\/contentproviders\/flat\/sbs.png"},"tags":[],"seriesId":"4vJtYddbpUuwgA3jBVgYaw"},{"id":"bPwEkqHD0Eef91HKN17j_g","type":"Vod","title":"HLF8","subtitle":"Aflevering 43","description":"SBS6 - Met in deze uitzending:\n* Marcel Brood en William Rutten praten over Herman Brood\n* De band Navarone brengt een muzikale ode aan Herman Brood\n* Maurice Steijn doet zijn verhaal over zijn vertrek als trainer bij NAC Breda","formattedEpisodeNumbering":null,"formattedDate":"Vr 5 nov. 2021","formattedDateShort":"Nov. 2021","formattedTime":"19:29","formattedDuration":"52m","formattedAvailabilityWindow":null,"formattedAvailabilityWindowShort":null,"image":{"portraitUrl":null,"landscapeUrl":"https:\/\/images.nlziet.nl\/metadataimportimages\/source\/DF607504D740176D48C028170EFF0C9A66D5C94D3F7FD586A1AD62B7E9D1AA6E.jpg"},"logo":{"normalUrl":"https:\/\/cdn.nlziet.nl\/static\/assets\/contentproviders\/sbs.png","darkUrl":"https:\/\/cdn.nlziet.nl\/static\/assets\/contentproviders\/dark\/sbs.png","flatUrl":"https:\/\/cdn.nlziet.nl\/static\/assets\/contentproviders\/flat\/sbs.png"},"tags":[],"seriesId":"4vJtYddbpUuwgA3jBVgYaw"},{"id":"x5ZU6oh_A0uaU6dWw6UIQw","type":"Vod","title":"HLF8","subtitle":"Aflevering 42","description":"SBS6 - Met in deze uitzending: \n\n* Danser Timor Steffens over zijn interactieve theatershow 'Forever Young'.\n\n* Jennie Lena brengt een muzikale hommage aan haar idool Michael Jackson.\n\n* Bastiaan Ragas is vanavond de Wingman van Johnny de Mol.\n\n* Arjan Dwarshuis en Camilla Dreef met tips om vogels de winter door te helpen.","formattedEpisodeNumbering":null,"formattedDate":"Do 4 nov. 2021","formattedDateShort":"Nov. 2021","formattedTime":"19:30","formattedDuration":"52m","formattedAvailabilityWindow":null,"formattedAvailabilityWindowShort":null,"image":{"portraitUrl":null,"landscapeUrl":"https:\/\/images.nlziet.nl\/metadataimportimages\/source\/E1CA2AFF5464249B2676EA7EE74C6D09D784FCAB18E5089C6D2E10A720309570.jpg"},"logo":{"normalUrl":"https:\/\/cdn.nlziet.nl\/static\/assets\/contentproviders\/sbs.png","darkUrl":"https:\/\/cdn.nlziet.nl\/static\/assets\/contentproviders\/dark\/sbs.png","flatUrl":"https:\/\/cdn.nlziet.nl\/static\/assets\/contentproviders\/flat\/sbs.png"},"tags":[],"seriesId":"4vJtYddbpUuwgA3jBVgYaw"},{"id":"tT8nQO0xsUCSVvJS4yvcMg","type":"Vod","title":"HLF8","subtitle":"Aflevering 41","description":"SBS6 - Met in deze uitzending:\n\n* Gerard Joling zit al ruim 35 jaar in het vak, surft mee op het succes van The Mask Singer en heeft weer een single uitgebracht.\n \n* Drievoudig olympisch kampioen schaatsen Jorien ter Mors is te gast, ze kende de afgelopen maanden veel tegenslagen, maar is een vechter.\n\n* Tabitha Foen-A-Foe, beter bekend als Tabitha is vooral bekend als zangers van bijvoorbeeld het nummer 'Hij is van Mij' maar nu is ze ook presentatrice van haar eigen serie op Videoland: 'Mooi zoals je bent'. Een programma waarin ze jonge mensen wil helpen inzien dat ze er mogen zijn.","formattedEpisodeNumbering":null,"formattedDate":"Wo 3 nov. 2021","formattedDateShort":"Nov. 2021","formattedTime":"19:29","formattedDuration":"53m","formattedAvailabilityWindow":null,"formattedAvailabilityWindowShort":null,"image":{"portraitUrl":null,"landscapeUrl":"https:\/\/images.nlziet.nl\/metadataimportimages\/source\/B889560BECC2B916003724DE348E5707E663EFD356F5C17F37B552511B89D1BF.jpg"},"logo":{"normalUrl":"https:\/\/cdn.nlziet.nl\/static\/assets\/contentproviders\/sbs.png","darkUrl":"https:\/\/cdn.nlziet.nl\/static\/assets\/contentproviders\/dark\/sbs.png","flatUrl":"https:\/\/cdn.nlziet.nl\/static\/assets\/contentproviders\/flat\/sbs.png"},"tags":[],"seriesId":"4vJtYddbpUuwgA3jBVgYaw"},{"id":"t3JiA1I090C4r8gQrRyFXg","type":"Vod","title":"HLF8","subtitle":"Aflevering 40","description":"SBS6 - Met in deze uitzending:\n* Jennifer Hoffman en Fockeline Ouwekerk schieten erop los in de serie 'Deep Shit'. Samen vertellen ze over de NPO 3-serie met criminele huisvrouwen.\n\n* Dave Von Raven over het nieuwe boek van Paul McCartney.\n\n* Peter Kwint en Charlotte Nijs praten na over de persconferentie met opnieuw strengere coronamaatregelen.\n\n* Zanger Guus Meeuwis is de wingman van Johnny de Mol.","formattedEpisodeNumbering":null,"formattedDate":"Di 2 nov. 2021","formattedDateShort":"Nov. 2021","formattedTime":"19:28","formattedDuration":"55m","formattedAvailabilityWindow":null,"formattedAvailabilityWindowShort":null,"image":{"portraitUrl":null,"landscapeUrl":"https:\/\/images.nlziet.nl\/metadataimportimages\/source\/A7AD020E7BC33C49147EFE458E52C82611B15137CF4CA09B306B92828BC04959.jpg"},"logo":{"normalUrl":"https:\/\/cdn.nlziet.nl\/static\/assets\/contentproviders\/sbs.png","darkUrl":"https:\/\/cdn.nlziet.nl\/static\/assets\/contentproviders\/dark\/sbs.png","flatUrl":"https:\/\/cdn.nlziet.nl\/static\/assets\/contentproviders\/flat\/sbs.png"},"tags":[],"seriesId":"4vJtYddbpUuwgA3jBVgYaw"},{"id":"KITU0JT7fUyArXfcHFWU3A","type":"Vod","title":"HLF8","subtitle":"Aflevering 39","description":"SBS6 - Met in deze uitzending:\n\n* Typhoon speelt woensdag in AFAS Live.\n\n* Rutger Castricum verruilt tijdens de Klimaattop zijn 'Hofbar' voor de 'Klimaatkar'.\n\n* Aan tafel: Willibrord Frequin.","formattedEpisodeNumbering":null,"formattedDate":"Ma 1 nov. 2021","formattedDateShort":"Nov. 2021","formattedTime":"19:28","formattedDuration":"53m","formattedAvailabilityWindow":null,"formattedAvailabilityWindowShort":null,"image":{"portraitUrl":null,"landscapeUrl":"https:\/\/images.nlziet.nl\/metadataimportimages\/source\/A1448B4FC768CF378879711FE6E4C4DBA6220C099987B9B25148214233443AB6.jpg"},"logo":{"normalUrl":"https:\/\/cdn.nlziet.nl\/static\/assets\/contentproviders\/sbs.png","darkUrl":"https:\/\/cdn.nlziet.nl\/static\/assets\/contentproviders\/dark\/sbs.png","flatUrl":"https:\/\/cdn.nlziet.nl\/static\/assets\/contentproviders\/flat\/sbs.png"},"tags":[],"seriesId":"4vJtYddbpUuwgA3jBVgYaw"},{"id":"XPLXQqYfPUyn2tHewMQNCQ","type":"Vod","title":"HLF8","subtitle":"Aflevering 38","description":"SBS6 - Met Bridget Maasland en William Rutten vieren we de 25ste verjaardag van 'Spice', het debuutalbum van The Spice Girls. Muziek van Singer-songwriter Maaike Ouboter. Zij schreef een autobiografische plaat over verlies, verdriet, verlangen en het vinden van liefde.","formattedEpisodeNumbering":null,"formattedDate":"Vr 29 okt. 2021","formattedDateShort":"Okt. 2021","formattedTime":"19:29","formattedDuration":"51m","formattedAvailabilityWindow":null,"formattedAvailabilityWindowShort":null,"image":{"portraitUrl":null,"landscapeUrl":"https:\/\/images.nlziet.nl\/metadataimportimages\/source\/C2E6D01831644E09AD99F1413D0BE041754AB9DA4E52EB9137E20A96DEB3F26E.jpg"},"logo":{"normalUrl":"https:\/\/cdn.nlziet.nl\/static\/assets\/contentproviders\/sbs.png","darkUrl":"https:\/\/cdn.nlziet.nl\/static\/assets\/contentproviders\/dark\/sbs.png","flatUrl":"https:\/\/cdn.nlziet.nl\/static\/assets\/contentproviders\/flat\/sbs.png"},"tags":[],"seriesId":"4vJtYddbpUuwgA3jBVgYaw"},{"id":"-EociHr7Z0-2YkNTNYbf4Q","type":"Vod","title":"HLF8","subtitle":"Aflevering 37","description":"SBS6 - Live talkshow met Johnny de Mol. Johnny ontvangt aan tafel een aantal gasten om de dag door te nemen.","formattedEpisodeNumbering":null,"formattedDate":"Do 28 okt. 2021","formattedDateShort":"Okt. 2021","formattedTime":"19:28","formattedDuration":"51m","formattedAvailabilityWindow":null,"formattedAvailabilityWindowShort":null,"image":{"portraitUrl":null,"landscapeUrl":"https:\/\/images.nlziet.nl\/metadataimportimages\/source\/E1B7E822C023C72331AF2FB3F51A588FF460D55F0A110C988DBB4C971F98DB57.jpg"},"logo":{"normalUrl":"https:\/\/cdn.nlziet.nl\/static\/assets\/contentproviders\/sbs.png","darkUrl":"https:\/\/cdn.nlziet.nl\/static\/assets\/contentproviders\/dark\/sbs.png","flatUrl":"https:\/\/cdn.nlziet.nl\/static\/assets\/contentproviders\/flat\/sbs.png"},"tags":[],"seriesId":"4vJtYddbpUuwgA3jBVgYaw"},{"id":"KfDA6RsAH0WHq9sceOtIzg","type":"Vod","title":"HLF8","subtitle":"Aflevering 36","description":"SBS6 - Live talkshow met Johnny de Mol. Johnny ontvangt aan tafel een aantal gasten om de dag door te nemen.","formattedEpisodeNumbering":null,"formattedDate":"Wo 27 okt. 2021","formattedDateShort":"Okt. 2021","formattedTime":"19:29","formattedDuration":"53m","formattedAvailabilityWindow":null,"formattedAvailabilityWindowShort":null,"image":{"portraitUrl":null,"landscapeUrl":"https:\/\/images.nlziet.nl\/metadataimportimages\/source\/B0CBDF0AA890D6D51E9B2F55AAF2103CF6473FFA46BFE2238843A692750AFED5.jpg"},"logo":{"normalUrl":"https:\/\/cdn.nlziet.nl\/static\/assets\/contentproviders\/sbs.png","darkUrl":"https:\/\/cdn.nlziet.nl\/static\/assets\/contentproviders\/dark\/sbs.png","flatUrl":"https:\/\/cdn.nlziet.nl\/static\/assets\/contentproviders\/flat\/sbs.png"},"tags":[],"seriesId":"4vJtYddbpUuwgA3jBVgYaw"},{"id":"SjU98VNuiUKebO6TVj1bKQ","type":"Vod","title":"HLF8","subtitle":"Aflevering 35","description":"SBS6 - Met in deze uitzending:\n* Cabareti\u00e8re Stephanie Louwrier vertelt in haar nieuwe one woman show op humoristische wijze over haar struggles nu ze is gestopt met het drinken van alcohol. \n\n* Succescoach Joop Alberda won 25 jaar geleden met het herenvolleybalteam een historische gouden plak op de Olympische Spelen van Atlanta. Nu zet hij een punt achter zijn impossante carri\u00e8re. \n\n* Met basketballer Chatilla van Grinsven en journalist Leon Verdonschot bespreken we 'Renegades born in the USA', het boek met gesprekken tussen twee vrienden: muzieklegende Bruce Springsteen en voormalig president Barack Obama. \n\n* Singer-songwriter Nielson is wingman, en heeft een column.","formattedEpisodeNumbering":null,"formattedDate":"Di 26 okt. 2021","formattedDateShort":"Okt. 2021","formattedTime":"19:29","formattedDuration":"52m","formattedAvailabilityWindow":null,"formattedAvailabilityWindowShort":null,"image":{"portraitUrl":null,"landscapeUrl":"https:\/\/images.nlziet.nl\/metadataimportimages\/source\/591BE9AFBA69D38E434018026D773E0128C37AF99F92283B0F2F29D8FD2A3ACE.jpg"},"logo":{"normalUrl":"https:\/\/cdn.nlziet.nl\/static\/assets\/contentproviders\/sbs.png","darkUrl":"https:\/\/cdn.nlziet.nl\/static\/assets\/contentproviders\/dark\/sbs.png","flatUrl":"https:\/\/cdn.nlziet.nl\/static\/assets\/contentproviders\/flat\/sbs.png"},"tags":[],"seriesId":"4vJtYddbpUuwgA3jBVgYaw"},{"id":"YlC7I961pkGYL99b_mIx7g","type":"Vod","title":"HLF8","subtitle":"Aflevering 34","description":"SBS6 - Live talkshow met Johnny de Mol. Johnny ontvangt aan tafel een aantal gasten om de dag door te nemen.","formattedEpisodeNumbering":null,"formattedDate":"Ma 25 okt. 2021","formattedDateShort":"Okt. 2021","formattedTime":"19:29","formattedDuration":"51m","formattedAvailabilityWindow":null,"formattedAvailabilityWindowShort":null,"image":{"portraitUrl":null,"landscapeUrl":"https:\/\/images.nlziet.nl\/metadataimportimages\/source\/8C7AC840ED170194522E64A8510423B4E41FEC78765EF0CEA8C47003BA6AC719.jpg"},"logo":{"normalUrl":"https:\/\/cdn.nlziet.nl\/static\/assets\/contentproviders\/sbs.png","darkUrl":"https:\/\/cdn.nlziet.nl\/static\/assets\/contentproviders\/dark\/sbs.png","flatUrl":"https:\/\/cdn.nlziet.nl\/static\/assets\/contentproviders\/flat\/sbs.png"},"tags":[],"seriesId":"4vJtYddbpUuwgA3jBVgYaw"},{"id":"9bn4vic3pUeomRj6cNpKrg","type":"Vod","title":"HLF8","subtitle":"Aflevering 33","description":"SBS6 - Live talkshow met Johnny de Mol. Johnny ontvangt aan tafel een aantal gasten om de dag door te nemen.","formattedEpisodeNumbering":null,"formattedDate":"Vr 22 okt. 2021","formattedDateShort":"Okt. 2021","formattedTime":"19:29","formattedDuration":"53m","formattedAvailabilityWindow":null,"formattedAvailabilityWindowShort":null,"image":{"portraitUrl":null,"landscapeUrl":"https:\/\/images.nlziet.nl\/metadataimportimages\/source\/C37E85D8A6DE18D1680F0952688488A91B148EE7377E7F741BDEE789FB09AEFC.jpg"},"logo":{"normalUrl":"https:\/\/cdn.nlziet.nl\/static\/assets\/contentproviders\/sbs.png","darkUrl":"https:\/\/cdn.nlziet.nl\/static\/assets\/contentproviders\/dark\/sbs.png","flatUrl":"https:\/\/cdn.nlziet.nl\/static\/assets\/contentproviders\/flat\/sbs.png"},"tags":[],"seriesId":"4vJtYddbpUuwgA3jBVgYaw"},{"id":"7OxYmzsc-0mEhjd-XVDo4Q","type":"Vod","title":"HLF8","subtitle":"Aflevering 32","description":"SBS6 - Met in deze uitzending:\n* Tennisser Tallon Griekspoor - Met zijn overwinning op het Challengers-toernooi in Napels bereikte hij voor het eerst de top 100 van beste tennissers ter wereld. \n\n* BZN-leadzanger Jan Keizer schreef het autobiografisch boek zonder naam, en hoopt op een laatste re\u00fcnie met de grondleggers van de palingsound. \n\n* En muziek van The Bluebirds. Ze hebben een nieuw album, en treden op met Birgit Schuurman.","formattedEpisodeNumbering":null,"formattedDate":"Do 21 okt. 2021","formattedDateShort":"Okt. 2021","formattedTime":"19:28","formattedDuration":"49m","formattedAvailabilityWindow":null,"formattedAvailabilityWindowShort":null,"image":{"portraitUrl":null,"landscapeUrl":"https:\/\/images.nlziet.nl\/metadataimportimages\/source\/A8C81667162885B26F35E13D06DF5D8B7D586BAD495073CA316ECEAC9EB93068.jpg"},"logo":{"normalUrl":"https:\/\/cdn.nlziet.nl\/static\/assets\/contentproviders\/sbs.png","darkUrl":"https:\/\/cdn.nlziet.nl\/static\/assets\/contentproviders\/dark\/sbs.png","flatUrl":"https:\/\/cdn.nlziet.nl\/static\/assets\/contentproviders\/flat\/sbs.png"},"tags":[],"seriesId":"4vJtYddbpUuwgA3jBVgYaw"},{"id":"Ts25M87hMUe0077T-oV8iA","type":"Vod","title":"HLF8","subtitle":"Aflevering 31","description":"SBS6 - Met in deze uitzending:\n* Samen met Wouter de Vries heeft Johnny de Mol een bezoek gebracht aan de het huis en de buurt waar hij en zijn broer Peter R. de Vries zijn opgegroeid. Een gesprek over voetbal, kattenkwaad en zijn herinneringen aan Peter nog zonder R. \n\n* Karin Bloemen zit binnenkort veertig jaar in het vak. Er komt een grote theatertour, een boek over haar werk en leven. Maar waar haar hart echt sneller van klopt: haken.","formattedEpisodeNumbering":null,"formattedDate":"Wo 20 okt. 2021","formattedDateShort":"Okt. 2021","formattedTime":"19:30","formattedDuration":"53m","formattedAvailabilityWindow":null,"formattedAvailabilityWindowShort":null,"image":{"portraitUrl":null,"landscapeUrl":"https:\/\/images.nlziet.nl\/metadataimportimages\/source\/C1139451A1703FC793F5BF5277675FFCEB19DD0151E7D0B93AAD48C9DAA42ED9.jpg"},"logo":{"normalUrl":"https:\/\/cdn.nlziet.nl\/static\/assets\/contentproviders\/sbs.png","darkUrl":"https:\/\/cdn.nlziet.nl\/static\/assets\/contentproviders\/dark\/sbs.png","flatUrl":"https:\/\/cdn.nlziet.nl\/static\/assets\/contentproviders\/flat\/sbs.png"},"tags":[],"seriesId":"4vJtYddbpUuwgA3jBVgYaw"},{"id":"Kq41JdpNCUeHmwjm_fgtWw","type":"Vod","title":"HLF8","subtitle":"Aflevering 30","description":"SBS6 - Met in deze uitzending:\n* We vieren zeventig jaar televisie met de keizerin van de consumenten-tv: Antoinette Hertsenberg. \n\n* Jack Plooy staat ieder race-weekend tussen de snelste auto's en coureurs ter wereld. \n\n* Capido is een samenvoegsel van cupido en handicap. Capido is een platform waar mensen met een verstandelijke of lichamelijke beperking elkaar kunnen ontmoeten en kunnen daten. Oprichter en initiatiefnemer Erwin Oudshoorn, heeft zelf een lichamelijke beperking en komt hierover vertellen. \n\n* En er is muziek van multitalent Remme, Remme is singer-songwriter, gitarist en pianist.","formattedEpisodeNumbering":null,"formattedDate":"Di 19 okt. 2021","formattedDateShort":"Okt. 2021","formattedTime":"19:29","formattedDuration":"55m","formattedAvailabilityWindow":null,"formattedAvailabilityWindowShort":null,"image":{"portraitUrl":null,"landscapeUrl":"https:\/\/images.nlziet.nl\/metadataimportimages\/source\/47AEA22F416AC531E858AD620B176025749160EF3DF6903B2BC497F795294563.jpg"},"logo":{"normalUrl":"https:\/\/cdn.nlziet.nl\/static\/assets\/contentproviders\/sbs.png","darkUrl":"https:\/\/cdn.nlziet.nl\/static\/assets\/contentproviders\/dark\/sbs.png","flatUrl":"https:\/\/cdn.nlziet.nl\/static\/assets\/contentproviders\/flat\/sbs.png"},"tags":[],"seriesId":"4vJtYddbpUuwgA3jBVgYaw"},{"id":"SUQScWvFDkODkv1_gfXRzg","type":"Vod","title":"HLF8","subtitle":"Aflevering 29","description":"SBS6 - Met in deze uitzending:\n* 'The King of Kickboxing' Rico Verhoeven, de huidige wereldkampioen, stapt zaterdag de ring in om zijn titel te verdedigen tegenover Jamal Ben Saddik. \n\n* Vijftig jaar geleden scoorde Jacques Herb een monsterhit met Manuela. Nu is hij terug met een muzikale comeback in samenwerking met Kluun. \n\n* Vandaag stonden de verdachten voor de moord op Peter R. de Vries voor de rechter. Strafrechtadvocaat Natacha Harlequin praat erover. \n\n* Vijftig uur non-stop dansen! Wij hebben de winnaars van de 'Dansmarathon' (en de tweede plek, Elvis). \n\n* Frenk van der Linden vertelt in de documentaire 'Gebroken' over de littekens die achterblijven als kind van gescheiden ouders.","formattedEpisodeNumbering":null,"formattedDate":"Ma 18 okt. 2021","formattedDateShort":"Okt. 2021","formattedTime":"19:29","formattedDuration":"54m","formattedAvailabilityWindow":null,"formattedAvailabilityWindowShort":null,"image":{"portraitUrl":null,"landscapeUrl":"https:\/\/images.nlziet.nl\/metadataimportimages\/source\/A23B5634B0BF3293A237A39EEAFD5F73860C78ABB5FB413E78267BD263E3C0D4.jpg"},"logo":{"normalUrl":"https:\/\/cdn.nlziet.nl\/static\/assets\/contentproviders\/sbs.png","darkUrl":"https:\/\/cdn.nlziet.nl\/static\/assets\/contentproviders\/dark\/sbs.png","flatUrl":"https:\/\/cdn.nlziet.nl\/static\/assets\/contentproviders\/flat\/sbs.png"},"tags":[],"seriesId":"4vJtYddbpUuwgA3jBVgYaw"},{"id":"OrwUlMc_fEmnDzx0U7eUQA","type":"Vod","title":"HLF8","subtitle":"Aflevering 28","description":"SBS6 - Live talkshow met Johnny de Mol. Johnny ontvangt aan tafel een aantal gasten om de dag door te nemen.","formattedEpisodeNumbering":null,"formattedDate":"Wo 13 okt. 2021","formattedDateShort":"Okt. 2021","formattedTime":"19:30","formattedDuration":"56m","formattedAvailabilityWindow":null,"formattedAvailabilityWindowShort":null,"image":{"portraitUrl":null,"landscapeUrl":"https:\/\/images.nlziet.nl\/metadataimportimages\/source\/FE54F3DA71271D3799D9E3A027AAE4F91B73E4A9EEEFB53F8BC1195A93B640F3.jpg"},"logo":{"normalUrl":"https:\/\/cdn.nlziet.nl\/static\/assets\/contentproviders\/sbs.png","darkUrl":"https:\/\/cdn.nlziet.nl\/static\/assets\/contentproviders\/dark\/sbs.png","flatUrl":"https:\/\/cdn.nlziet.nl\/static\/assets\/contentproviders\/flat\/sbs.png"},"tags":[],"seriesId":"4vJtYddbpUuwgA3jBVgYaw"},{"id":"3mqWJ9yN0EeBo-tnNOeEgg","type":"Vod","title":"HLF8","subtitle":"Aflevering 27","description":"SBS6 - Live talkshow met Johnny de Mol. Johnny ontvangt aan tafel een aantal gasten om de dag door te nemen.","formattedEpisodeNumbering":null,"formattedDate":"Di 12 okt. 2021","formattedDateShort":"Okt. 2021","formattedTime":"19:28","formattedDuration":"54m","formattedAvailabilityWindow":null,"formattedAvailabilityWindowShort":null,"image":{"portraitUrl":null,"landscapeUrl":"https:\/\/images.nlziet.nl\/metadataimportimages\/source\/8AA36DF5D06F0711D8511C8BED97C76E682AE16E795FB2FE7403D8FBEADBF093.jpg"},"logo":{"normalUrl":"https:\/\/cdn.nlziet.nl\/static\/assets\/contentproviders\/sbs.png","darkUrl":"https:\/\/cdn.nlziet.nl\/static\/assets\/contentproviders\/dark\/sbs.png","flatUrl":"https:\/\/cdn.nlziet.nl\/static\/assets\/contentproviders\/flat\/sbs.png"},"tags":[],"seriesId":"4vJtYddbpUuwgA3jBVgYaw"},{"id":"ILXFFh91uEGvYy4KbfDHig","type":"Vod","title":"HLF8","subtitle":"Aflevering 26","description":"SBS6 - Live talkshow met Johnny de Mol. Johnny ontvangt aan tafel een aantal gasten om de dag door te nemen.","formattedEpisodeNumbering":null,"formattedDate":"Ma 11 okt. 2021","formattedDateShort":"Okt. 2021","formattedTime":"19:30","formattedDuration":"55m","formattedAvailabilityWindow":null,"formattedAvailabilityWindowShort":null,"image":{"portraitUrl":null,"landscapeUrl":"https:\/\/images.nlziet.nl\/metadataimportimages\/source\/32FBCF448205DE94BF204DEF35FB30453367FBEBE2350275A61CAF5917EA2CE1.jpg"},"logo":{"normalUrl":"https:\/\/cdn.nlziet.nl\/static\/assets\/contentproviders\/sbs.png","darkUrl":"https:\/\/cdn.nlziet.nl\/static\/assets\/contentproviders\/dark\/sbs.png","flatUrl":"https:\/\/cdn.nlziet.nl\/static\/assets\/contentproviders\/flat\/sbs.png"},"tags":[],"seriesId":"4vJtYddbpUuwgA3jBVgYaw"},{"id":"zR_JTcssaEGfg0VN9ALmHQ","type":"Vod","title":"HLF8","subtitle":"Aflevering 25","description":"SBS6 - Live talkshow met Johnny de Mol. Johnny ontvangt aan tafel een aantal gasten om de dag door te nemen.","formattedEpisodeNumbering":null,"formattedDate":"Vr 8 okt. 2021","formattedDateShort":"Okt. 2021","formattedTime":"19:29","formattedDuration":"52m","formattedAvailabilityWindow":null,"formattedAvailabilityWindowShort":null,"image":{"portraitUrl":null,"landscapeUrl":"https:\/\/images.nlziet.nl\/metadataimportimages\/source\/3C4311A83788A8A1176E540B3A0F0DC07E9D8EE1A39F79F48714E06427ADFAB6.jpg"},"logo":{"normalUrl":"https:\/\/cdn.nlziet.nl\/static\/assets\/contentproviders\/sbs.png","darkUrl":"https:\/\/cdn.nlziet.nl\/static\/assets\/contentproviders\/dark\/sbs.png","flatUrl":"https:\/\/cdn.nlziet.nl\/static\/assets\/contentproviders\/flat\/sbs.png"},"tags":[],"seriesId":"4vJtYddbpUuwgA3jBVgYaw"},{"id":"y7lOc6zVzEaF5sLM-8IM-g","type":"Vod","title":"HLF8","subtitle":"Aflevering 24","description":"SBS6 - Live talkshow met Johnny de Mol. Johnny ontvangt aan tafel een aantal gasten om de dag door te nemen.","formattedEpisodeNumbering":null,"formattedDate":"Do 7 okt. 2021","formattedDateShort":"Okt. 2021","formattedTime":"19:29","formattedDuration":"51m","formattedAvailabilityWindow":null,"formattedAvailabilityWindowShort":null,"image":{"portraitUrl":null,"landscapeUrl":"https:\/\/images.nlziet.nl\/metadataimportimages\/source\/AAFEFA8D0556F1DE42C117B313A1CF450B147EC91F085B57ED710D3576DBD11F.jpg"},"logo":{"normalUrl":"https:\/\/cdn.nlziet.nl\/static\/assets\/contentproviders\/sbs.png","darkUrl":"https:\/\/cdn.nlziet.nl\/static\/assets\/contentproviders\/dark\/sbs.png","flatUrl":"https:\/\/cdn.nlziet.nl\/static\/assets\/contentproviders\/flat\/sbs.png"},"tags":[],"seriesId":"4vJtYddbpUuwgA3jBVgYaw"},{"id":"l7B_LEpjM0SUXtxBMCsDMw","type":"Vod","title":"HLF8","subtitle":"Aflevering 23","description":"SBS6 - Live talkshow met Johnny de Mol. Johnny ontvangt aan tafel een aantal gasten om de dag door te nemen.","formattedEpisodeNumbering":null,"formattedDate":"Wo 6 okt. 2021","formattedDateShort":"Okt. 2021","formattedTime":"19:29","formattedDuration":"56m","formattedAvailabilityWindow":null,"formattedAvailabilityWindowShort":null,"image":{"portraitUrl":null,"landscapeUrl":"https:\/\/images.nlziet.nl\/metadataimportimages\/source\/5105F6FA8B05C07F90611C017DC09C6B6B83D825BF9163C6049BFC48084C22F4.jpg"},"logo":{"normalUrl":"https:\/\/cdn.nlziet.nl\/static\/assets\/contentproviders\/sbs.png","darkUrl":"https:\/\/cdn.nlziet.nl\/static\/assets\/contentproviders\/dark\/sbs.png","flatUrl":"https:\/\/cdn.nlziet.nl\/static\/assets\/contentproviders\/flat\/sbs.png"},"tags":[],"seriesId":"4vJtYddbpUuwgA3jBVgYaw"},{"id":"x9kauwa9s0uVH8jVZrrgYA","type":"Vod","title":"HLF8","subtitle":"Aflevering 22","description":"SBS6 - Live talkshow met Johnny de Mol. Johnny ontvangt aan tafel een aantal gasten om de dag door te nemen.","formattedEpisodeNumbering":null,"formattedDate":"Di 5 okt. 2021","formattedDateShort":"Okt. 2021","formattedTime":"19:31","formattedDuration":"50m","formattedAvailabilityWindow":null,"formattedAvailabilityWindowShort":null,"image":{"portraitUrl":null,"landscapeUrl":"https:\/\/images.nlziet.nl\/metadataimportimages\/source\/1ED0727DE8667C6039AE766AF73EEB9D1B7A3A1F0C1EC467351D879C94E6DBB9.jpg"},"logo":{"normalUrl":"https:\/\/cdn.nlziet.nl\/static\/assets\/contentproviders\/sbs.png","darkUrl":"https:\/\/cdn.nlziet.nl\/static\/assets\/contentproviders\/dark\/sbs.png","flatUrl":"https:\/\/cdn.nlziet.nl\/static\/assets\/contentproviders\/flat\/sbs.png"},"tags":[],"seriesId":"4vJtYddbpUuwgA3jBVgYaw"},{"id":"ue8VdZb2IUy6JKBznbzLhQ","type":"Vod","title":"HLF8","subtitle":"Aflevering 21","description":"SBS6 - Live talkshow met Johnny de Mol. Johnny ontvangt aan tafel een aantal gasten om de dag door te nemen.","formattedEpisodeNumbering":null,"formattedDate":"Ma 4 okt. 2021","formattedDateShort":"Okt. 2021","formattedTime":"19:28","formattedDuration":"52m","formattedAvailabilityWindow":null,"formattedAvailabilityWindowShort":null,"image":{"portraitUrl":null,"landscapeUrl":"https:\/\/images.nlziet.nl\/metadataimportimages\/source\/12052F7FFD342444432BD8704B0C613B5C40CCA64139BBF5F7859B96D4ACF1B4.jpg"},"logo":{"normalUrl":"https:\/\/cdn.nlziet.nl\/static\/assets\/contentproviders\/sbs.png","darkUrl":"https:\/\/cdn.nlziet.nl\/static\/assets\/contentproviders\/dark\/sbs.png","flatUrl":"https:\/\/cdn.nlziet.nl\/static\/assets\/contentproviders\/flat\/sbs.png"},"tags":[],"seriesId":"4vJtYddbpUuwgA3jBVgYaw"},{"id":"HrlQmO7xqk6VXMaobe668g","type":"Vod","title":"HLF8","subtitle":"Aflevering 20","description":"SBS6 - Live talkshow met Johnny de Mol. Johnny ontvangt aan tafel een aantal gasten om de dag door te nemen.","formattedEpisodeNumbering":null,"formattedDate":"Vr 1 okt. 2021","formattedDateShort":"Okt. 2021","formattedTime":"19:28","formattedDuration":"53m","formattedAvailabilityWindow":null,"formattedAvailabilityWindowShort":null,"image":{"portraitUrl":null,"landscapeUrl":"https:\/\/images.nlziet.nl\/metadataimportimages\/source\/7240E5D15C4863DFC8DDB0D78ECAFF27E5F79A1CBEBDE5DEBF3176D95E0A1506.jpg"},"logo":{"normalUrl":"https:\/\/cdn.nlziet.nl\/static\/assets\/contentproviders\/sbs.png","darkUrl":"https:\/\/cdn.nlziet.nl\/static\/assets\/contentproviders\/dark\/sbs.png","flatUrl":"https:\/\/cdn.nlziet.nl\/static\/assets\/contentproviders\/flat\/sbs.png"},"tags":[],"seriesId":"4vJtYddbpUuwgA3jBVgYaw"},{"id":"yZybP8rpeku3ggIyMSPE6A","type":"Vod","title":"HLF8","subtitle":"Aflevering 19","description":"SBS6 - Live talkshow met Johnny de Mol. Johnny ontvangt aan tafel een aantal gasten om de dag door te nemen.","formattedEpisodeNumbering":null,"formattedDate":"Do 30 sep. 2021","formattedDateShort":"Sep. 2021","formattedTime":"19:29","formattedDuration":"54m","formattedAvailabilityWindow":null,"formattedAvailabilityWindowShort":null,"image":{"portraitUrl":null,"landscapeUrl":"https:\/\/images.nlziet.nl\/metadataimportimages\/source\/1699357F447DFE8D084C77B8D8ED830D31CE8ACF061A5CFE6012563AA7A54D7A.jpg"},"logo":{"normalUrl":"https:\/\/cdn.nlziet.nl\/static\/assets\/contentproviders\/sbs.png","darkUrl":"https:\/\/cdn.nlziet.nl\/static\/assets\/contentproviders\/dark\/sbs.png","flatUrl":"https:\/\/cdn.nlziet.nl\/static\/assets\/contentproviders\/flat\/sbs.png"},"tags":[],"seriesId":"4vJtYddbpUuwgA3jBVgYaw"},{"id":"oIHiwaSbGk6BSnDUSGnZQA","type":"Vod","title":"HLF8","subtitle":"Aflevering 18","description":"SBS6 - Live talkshow met Johnny de Mol. Johnny ontvangt aan tafel een aantal gasten om de dag door te nemen.","formattedEpisodeNumbering":null,"formattedDate":"Wo 29 sep. 2021","formattedDateShort":"Sep. 2021","formattedTime":"19:30","formattedDuration":"51m","formattedAvailabilityWindow":null,"formattedAvailabilityWindowShort":null,"image":{"portraitUrl":null,"landscapeUrl":"https:\/\/images.nlziet.nl\/metadataimportimages\/source\/11A01C12AB74FADCACDB15F6E88B01D23CC0907E3F5DD9B4186A26FACEA0DB6E.jpg"},"logo":{"normalUrl":"https:\/\/cdn.nlziet.nl\/static\/assets\/contentproviders\/sbs.png","darkUrl":"https:\/\/cdn.nlziet.nl\/static\/assets\/contentproviders\/dark\/sbs.png","flatUrl":"https:\/\/cdn.nlziet.nl\/static\/assets\/contentproviders\/flat\/sbs.png"},"tags":[],"seriesId":"4vJtYddbpUuwgA3jBVgYaw"},{"id":"LvXsSkK7pkil1mOIt8ibXg","type":"Vod","title":"HLF8","subtitle":"Aflevering 17","description":"SBS6 - Live talkshow met Johnny de Mol. Johnny ontvangt aan tafel een aantal gasten om de dag door te nemen.","formattedEpisodeNumbering":null,"formattedDate":"Di 28 sep. 2021","formattedDateShort":"Sep. 2021","formattedTime":"19:29","formattedDuration":"52m","formattedAvailabilityWindow":null,"formattedAvailabilityWindowShort":null,"image":{"portraitUrl":null,"landscapeUrl":"https:\/\/images.nlziet.nl\/metadataimportimages\/source\/DE4F6CE57485EFA65F21B663531C82F1663C99D72EA54CFF3C5B72E5D63FD390.jpg"},"logo":{"normalUrl":"https:\/\/cdn.nlziet.nl\/static\/assets\/contentproviders\/sbs.png","darkUrl":"https:\/\/cdn.nlziet.nl\/static\/assets\/contentproviders\/dark\/sbs.png","flatUrl":"https:\/\/cdn.nlziet.nl\/static\/assets\/contentproviders\/flat\/sbs.png"},"tags":[],"seriesId":"4vJtYddbpUuwgA3jBVgYaw"},{"id":"V1Wm7BxaZ0CH23eExx4t6w","type":"Vod","title":"HLF8","subtitle":"Aflevering 16","description":"SBS6 - Live talkshow met Johnny de Mol. Johnny ontvangt aan tafel een aantal gasten om de dag door te nemen.","formattedEpisodeNumbering":null,"formattedDate":"Ma 27 sep. 2021","formattedDateShort":"Sep. 2021","formattedTime":"19:29","formattedDuration":"53m","formattedAvailabilityWindow":null,"formattedAvailabilityWindowShort":null,"image":{"portraitUrl":null,"landscapeUrl":"https:\/\/images.nlziet.nl\/metadataimportimages\/source\/FA0C83546FBA4D24B108BC756C6C285693FAA93B646D70E0BDCCB5105C6E0FEB.jpg"},"logo":{"normalUrl":"https:\/\/cdn.nlziet.nl\/static\/assets\/contentproviders\/sbs.png","darkUrl":"https:\/\/cdn.nlziet.nl\/static\/assets\/contentproviders\/dark\/sbs.png","flatUrl":"https:\/\/cdn.nlziet.nl\/static\/assets\/contentproviders\/flat\/sbs.png"},"tags":[],"seriesId":"4vJtYddbpUuwgA3jBVgYaw"},{"id":"DdUuKEUe1EWKjvHZlnReKw","type":"Vod","title":"HLF8","subtitle":"Aflevering 15","description":"SBS6 - Live talkshow met Johnny de Mol. Johnny ontvangt aan tafel een aantal gasten om de dag door te nemen.","formattedEpisodeNumbering":null,"formattedDate":"Vr 24 sep. 2021","formattedDateShort":"Sep. 2021","formattedTime":"19:30","formattedDuration":"51m","formattedAvailabilityWindow":null,"formattedAvailabilityWindowShort":null,"image":{"portraitUrl":null,"landscapeUrl":"https:\/\/images.nlziet.nl\/metadataimportimages\/source\/3488F2A4684B33AFDD02C7C03F2AF6BD3345B89CE51460E2B2FD1AF2DBCF9DBC.jpg"},"logo":{"normalUrl":"https:\/\/cdn.nlziet.nl\/static\/assets\/contentproviders\/sbs.png","darkUrl":"https:\/\/cdn.nlziet.nl\/static\/assets\/contentproviders\/dark\/sbs.png","flatUrl":"https:\/\/cdn.nlziet.nl\/static\/assets\/contentproviders\/flat\/sbs.png"},"tags":[],"seriesId":"4vJtYddbpUuwgA3jBVgYaw"},{"id":"CUPBqJizNEGGWDN_4NkioA","type":"Vod","title":"HLF8","subtitle":"Aflevering 14","description":"SBS6 - Live talkshow met Johnny de Mol. Johnny ontvangt aan tafel een aantal gasten om de dag door te nemen.","formattedEpisodeNumbering":null,"formattedDate":"Do 23 sep. 2021","formattedDateShort":"Sep. 2021","formattedTime":"19:29","formattedDuration":"51m","formattedAvailabilityWindow":null,"formattedAvailabilityWindowShort":null,"image":{"portraitUrl":null,"landscapeUrl":"https:\/\/images.nlziet.nl\/metadataimportimages\/source\/E1EAD788B97D770579A6EC2BE0245D644FC946BCB3F95674B4BDCCC5BCAEEACA.jpg"},"logo":{"normalUrl":"https:\/\/cdn.nlziet.nl\/static\/assets\/contentproviders\/sbs.png","darkUrl":"https:\/\/cdn.nlziet.nl\/static\/assets\/contentproviders\/dark\/sbs.png","flatUrl":"https:\/\/cdn.nlziet.nl\/static\/assets\/contentproviders\/flat\/sbs.png"},"tags":[],"seriesId":"4vJtYddbpUuwgA3jBVgYaw"},{"id":"rtM184WQa0etIpioJijHEA","type":"Vod","title":"HLF8","subtitle":"Aflevering 13","description":"SBS6 - Live talkshow met Johnny de Mol. Johnny ontvangt aan tafel een aantal gasten om de dag door te nemen.","formattedEpisodeNumbering":null,"formattedDate":"Wo 22 sep. 2021","formattedDateShort":"Sep. 2021","formattedTime":"19:31","formattedDuration":"51m","formattedAvailabilityWindow":null,"formattedAvailabilityWindowShort":null,"image":{"portraitUrl":null,"landscapeUrl":"https:\/\/images.nlziet.nl\/metadataimportimages\/source\/AB63E45FD92C212F29B259678D33A2B2E6881147713F5317CC5C53FE7B56FF6E.jpg"},"logo":{"normalUrl":"https:\/\/cdn.nlziet.nl\/static\/assets\/contentproviders\/sbs.png","darkUrl":"https:\/\/cdn.nlziet.nl\/static\/assets\/contentproviders\/dark\/sbs.png","flatUrl":"https:\/\/cdn.nlziet.nl\/static\/assets\/contentproviders\/flat\/sbs.png"},"tags":[],"seriesId":"4vJtYddbpUuwgA3jBVgYaw"},{"id":"GmVFwnZAFUWN7ZO449UlCw","type":"Vod","title":"HLF8","subtitle":"Aflevering 12","description":"SBS6 - Met in deze uitzending:\n* Wat zijn de hoogtepunten van deze Prinsjesdag? Charlotte Nijs bespreekt Prinsjesdag 2021.\n* Natasja Froger over haar helden en het tv-moment van zeventig jaar televisie.\n* Kluun draagt een muzikale column voor.\n* Louis Steenhuis-Hoepelman en Maarten Post over tien Urkse jongens die verschenen zijn in Nazi-pakken.","formattedEpisodeNumbering":null,"formattedDate":"Di 21 sep. 2021","formattedDateShort":"Sep. 2021","formattedTime":"19:30","formattedDuration":"0m","formattedAvailabilityWindow":null,"formattedAvailabilityWindowShort":null,"image":{"portraitUrl":null,"landscapeUrl":"https:\/\/images.nlziet.nl\/metadataimportimages\/source\/9AB583BE3F5A0D243750DA47AC4A7FB3AAA7F8B00441FDAEC2990DD66D8F91F8.jpg"},"logo":{"normalUrl":"https:\/\/cdn.nlziet.nl\/static\/assets\/contentproviders\/sbs.png","darkUrl":"https:\/\/cdn.nlziet.nl\/static\/assets\/contentproviders\/dark\/sbs.png","flatUrl":"https:\/\/cdn.nlziet.nl\/static\/assets\/contentproviders\/flat\/sbs.png"},"tags":[],"seriesId":"4vJtYddbpUuwgA3jBVgYaw"},{"id":"YsSbG8Z-80Oyi0xlxdFkow","type":"Vod","title":"HLF8","subtitle":"Aflevering 11","description":"SBS6 - Live talkshow met Johnny de Mol. Johnny ontvangt aan tafel een aantal gasten om de dag door te nemen.","formattedEpisodeNumbering":null,"formattedDate":"Ma 20 sep. 2021","formattedDateShort":"Sep. 2021","formattedTime":"19:29","formattedDuration":"52m","formattedAvailabilityWindow":null,"formattedAvailabilityWindowShort":null,"image":{"portraitUrl":null,"landscapeUrl":"https:\/\/images.nlziet.nl\/metadataimportimages\/source\/BB669CC6FC286E2A95F1CAE6612962A28324B8C29EFCAA02EF5D0043C6026E02.jpg"},"logo":{"normalUrl":"https:\/\/cdn.nlziet.nl\/static\/assets\/contentproviders\/sbs.png","darkUrl":"https:\/\/cdn.nlziet.nl\/static\/assets\/contentproviders\/dark\/sbs.png","flatUrl":"https:\/\/cdn.nlziet.nl\/static\/assets\/contentproviders\/flat\/sbs.png"},"tags":[],"seriesId":"4vJtYddbpUuwgA3jBVgYaw"},{"id":"jbwWKdFmbUyJ_3PKPsOQZg","type":"Vod","title":"HLF8","subtitle":"Aflevering 10","description":"SBS6 - Met in deze uitzending:\n* De familie Meiland over hun nieuwste kleinkind en de laatste verhuizing.","formattedEpisodeNumbering":null,"formattedDate":"Vr 17 sep. 2021","formattedDateShort":"Sep. 2021","formattedTime":"19:30","formattedDuration":"52m","formattedAvailabilityWindow":null,"formattedAvailabilityWindowShort":null,"image":{"portraitUrl":null,"landscapeUrl":"https:\/\/images.nlziet.nl\/metadataimportimages\/source\/DD4043AB7C0416111E115F305F707F5232ADCE17BB54871B1D9939EB1F6AB7D9.jpg"},"logo":{"normalUrl":"https:\/\/cdn.nlziet.nl\/static\/assets\/contentproviders\/sbs.png","darkUrl":"https:\/\/cdn.nlziet.nl\/static\/assets\/contentproviders\/dark\/sbs.png","flatUrl":"https:\/\/cdn.nlziet.nl\/static\/assets\/contentproviders\/flat\/sbs.png"},"tags":[],"seriesId":"4vJtYddbpUuwgA3jBVgYaw"},{"id":"q9KtRdQ9FkyybeIKhw9F6Q","type":"Vod","title":"HLF8","subtitle":"Aflevering 9","description":"SBS6 - Live talkshow met Johnny de Mol. Johnny ontvangt aan tafel een aantal gasten om de dag door te nemen.","formattedEpisodeNumbering":null,"formattedDate":"Do 16 sep. 2021","formattedDateShort":"Sep. 2021","formattedTime":"19:29","formattedDuration":"51m","formattedAvailabilityWindow":null,"formattedAvailabilityWindowShort":null,"image":{"portraitUrl":null,"landscapeUrl":"https:\/\/images.nlziet.nl\/metadataimportimages\/source\/7BE18F083340B50B43F53A2A6D1131F0C844111E58FD72782DEC08756B6097A8.jpg"},"logo":{"normalUrl":"https:\/\/cdn.nlziet.nl\/static\/assets\/contentproviders\/sbs.png","darkUrl":"https:\/\/cdn.nlziet.nl\/static\/assets\/contentproviders\/dark\/sbs.png","flatUrl":"https:\/\/cdn.nlziet.nl\/static\/assets\/contentproviders\/flat\/sbs.png"},"tags":[],"seriesId":"4vJtYddbpUuwgA3jBVgYaw"},{"id":"c2DcVZtrMEKRHqKBNEz-Ow","type":"Vod","title":"HLF8","subtitle":"Aflevering 8","description":"SBS6 - Met in deze uitzending:\n* Optreden van de 3JS.\n* Choreograaf Barry Stevens.\n* Lilian Marijnissen van de SP.\n* Presentatrice Olcay Gulsen.\n* Zanger Jan Dulles blikt terug op een bewogen periode.","formattedEpisodeNumbering":null,"formattedDate":"Wo 15 sep. 2021","formattedDateShort":"Sep. 2021","formattedTime":"19:30","formattedDuration":"52m","formattedAvailabilityWindow":null,"formattedAvailabilityWindowShort":null,"image":{"portraitUrl":null,"landscapeUrl":"https:\/\/images.nlziet.nl\/metadataimportimages\/source\/46FFBF429185F3A1E32B3488496BB7DF06FE1F5BE7F510E0F43B4BADDDA5C9F9.jpg"},"logo":{"normalUrl":"https:\/\/cdn.nlziet.nl\/static\/assets\/contentproviders\/sbs.png","darkUrl":"https:\/\/cdn.nlziet.nl\/static\/assets\/contentproviders\/dark\/sbs.png","flatUrl":"https:\/\/cdn.nlziet.nl\/static\/assets\/contentproviders\/flat\/sbs.png"},"tags":[],"seriesId":"4vJtYddbpUuwgA3jBVgYaw"},{"id":"B-YyLORekUadGKXpu-4psA","type":"Vod","title":"HLF8","subtitle":"Aflevering 7","description":"SBS6 - Met in deze uitzending:\n* Frits Barend.\n* Oud-Ajacied Sjaak Swart.\n* Zanger Nielson.\n* Terugblik op de persconferentie over corona.\n* Zangeres Linde Sch\u00f6ne treedt op.","formattedEpisodeNumbering":null,"formattedDate":"Di 14 sep. 2021","formattedDateShort":"Sep. 2021","formattedTime":"19:27","formattedDuration":"53m","formattedAvailabilityWindow":null,"formattedAvailabilityWindowShort":null,"image":{"portraitUrl":null,"landscapeUrl":"https:\/\/images.nlziet.nl\/metadataimportimages\/source\/97AD7531176A37B8604BEA47E0B480786AC6A09A0AEABFD7783AE65756B4DCA6.jpg"},"logo":{"normalUrl":"https:\/\/cdn.nlziet.nl\/static\/assets\/contentproviders\/sbs.png","darkUrl":"https:\/\/cdn.nlziet.nl\/static\/assets\/contentproviders\/dark\/sbs.png","flatUrl":"https:\/\/cdn.nlziet.nl\/static\/assets\/contentproviders\/flat\/sbs.png"},"tags":[],"seriesId":"4vJtYddbpUuwgA3jBVgYaw"},{"id":"XeRjWK1U90GIRIx6gRtkAw","type":"Vod","title":"HLF8","subtitle":"Aflevering 6","description":"SBS6 - Live talkshow met Johnny de Mol. Johnny ontvangt aan tafel een aantal gasten om de dag door te nemen.","formattedEpisodeNumbering":null,"formattedDate":"Ma 13 sep. 2021","formattedDateShort":"Sep. 2021","formattedTime":"19:30","formattedDuration":"52m","formattedAvailabilityWindow":null,"formattedAvailabilityWindowShort":null,"image":{"portraitUrl":null,"landscapeUrl":"https:\/\/images.nlziet.nl\/metadataimportimages\/source\/58EC7EAD702FA18F23AC179606F7B468F4581E3AFA04DC27980BFA21EDB11641.jpg"},"logo":{"normalUrl":"https:\/\/cdn.nlziet.nl\/static\/assets\/contentproviders\/sbs.png","darkUrl":"https:\/\/cdn.nlziet.nl\/static\/assets\/contentproviders\/dark\/sbs.png","flatUrl":"https:\/\/cdn.nlziet.nl\/static\/assets\/contentproviders\/flat\/sbs.png"},"tags":[],"seriesId":"4vJtYddbpUuwgA3jBVgYaw"},{"id":"6_Nmd14oEkeqw5cLujF3nQ","type":"Vod","title":"HLF8","subtitle":"Aflevering 5","description":"SBS6 - Live talkshow met Johnny de Mol.","formattedEpisodeNumbering":null,"formattedDate":"Vr 10 sep. 2021","formattedDateShort":"Sep. 2021","formattedTime":"19:30","formattedDuration":"53m","formattedAvailabilityWindow":null,"formattedAvailabilityWindowShort":null,"image":{"portraitUrl":null,"landscapeUrl":"https:\/\/images.nlziet.nl\/metadataimportimages\/source\/66A6167955CD5823E54808953240101CC242296DB78436F5A7FCF65BB5E4C6CC.jpg"},"logo":{"normalUrl":"https:\/\/cdn.nlziet.nl\/static\/assets\/contentproviders\/sbs.png","darkUrl":"https:\/\/cdn.nlziet.nl\/static\/assets\/contentproviders\/dark\/sbs.png","flatUrl":"https:\/\/cdn.nlziet.nl\/static\/assets\/contentproviders\/flat\/sbs.png"},"tags":[],"seriesId":"4vJtYddbpUuwgA3jBVgYaw"},{"id":"iNmjthBZEUaV-EZ7a_MVTw","type":"Vod","title":"HLF8","subtitle":"Aflevering 4","description":"SBS6 - Met in deze uitzending:\n* Voetbalcoach Guus Hiddink.\n* Belgisch acteur Tom Waes.\n* Wendy van Dijk en Giel de Winter over 'Het Jachtseizoen'.\n* Zangeres Sera de Bruin treedt op.","formattedEpisodeNumbering":null,"formattedDate":"Do 9 sep. 2021","formattedDateShort":"Sep. 2021","formattedTime":"19:30","formattedDuration":"54m","formattedAvailabilityWindow":null,"formattedAvailabilityWindowShort":null,"image":{"portraitUrl":null,"landscapeUrl":"https:\/\/images.nlziet.nl\/metadataimportimages\/source\/0A289C9652B51E29586BA2D1AE50729B369DE4650FE4A89F6274FC5BFC05EB5B.jpg"},"logo":{"normalUrl":"https:\/\/cdn.nlziet.nl\/static\/assets\/contentproviders\/sbs.png","darkUrl":"https:\/\/cdn.nlziet.nl\/static\/assets\/contentproviders\/dark\/sbs.png","flatUrl":"https:\/\/cdn.nlziet.nl\/static\/assets\/contentproviders\/flat\/sbs.png"},"tags":[],"seriesId":"4vJtYddbpUuwgA3jBVgYaw"},{"id":"yTGK302E1UW9O2tQXkzy5Q","type":"Vod","title":"HLF8","subtitle":"Aflevering 3","description":"SBS6 - Live talkshow met Johnny de Mol.","formattedEpisodeNumbering":null,"formattedDate":"Wo 8 sep. 2021","formattedDateShort":"Sep. 2021","formattedTime":"19:29","formattedDuration":"50m","formattedAvailabilityWindow":null,"formattedAvailabilityWindowShort":null,"image":{"portraitUrl":null,"landscapeUrl":"https:\/\/images.nlziet.nl\/metadataimportimages\/source\/E3FE7C1B94BFEFF906C31A248FB4BE4EB9C5175E22AED4C1D4E4966E45AAF844.jpg"},"logo":{"normalUrl":"https:\/\/cdn.nlziet.nl\/static\/assets\/contentproviders\/sbs.png","darkUrl":"https:\/\/cdn.nlziet.nl\/static\/assets\/contentproviders\/dark\/sbs.png","flatUrl":"https:\/\/cdn.nlziet.nl\/static\/assets\/contentproviders\/flat\/sbs.png"},"tags":[],"seriesId":"4vJtYddbpUuwgA3jBVgYaw"},{"id":"irhnu7ry40S_n2wgaGg4gA","type":"Vod","title":"HLF8","subtitle":"Aflevering 2","description":"SBS6 - Live talkshow met Johnny de Mol.","formattedEpisodeNumbering":null,"formattedDate":"Di 7 sep. 2021","formattedDateShort":"Sep. 2021","formattedTime":"19:30","formattedDuration":"51m","formattedAvailabilityWindow":null,"formattedAvailabilityWindowShort":null,"image":{"portraitUrl":null,"landscapeUrl":"https:\/\/images.nlziet.nl\/metadataimportimages\/source\/C72D37C5626B03579E1FFC1B03D5B657D2A56B6B3694BF4AD87A6021BF770FD1.jpg"},"logo":{"normalUrl":"https:\/\/cdn.nlziet.nl\/static\/assets\/contentproviders\/sbs.png","darkUrl":"https:\/\/cdn.nlziet.nl\/static\/assets\/contentproviders\/dark\/sbs.png","flatUrl":"https:\/\/cdn.nlziet.nl\/static\/assets\/contentproviders\/flat\/sbs.png"},"tags":[],"seriesId":"4vJtYddbpUuwgA3jBVgYaw"},{"id":"kdcV_Vex3UCSRT6nKBKQQw","type":"Vod","title":"HLF8","subtitle":"Aflevering 1","description":"SBS6 - Live talkshow met Johnny de Mol.","formattedEpisodeNumbering":null,"formattedDate":"Ma 6 sep. 2021","formattedDateShort":"Sep. 2021","formattedTime":"19:29","formattedDuration":"49m","formattedAvailabilityWindow":null,"formattedAvailabilityWindowShort":null,"image":{"portraitUrl":null,"landscapeUrl":"https:\/\/images.nlziet.nl\/metadataimportimages\/source\/E1D54C6C7BBF68B3B87C618ED5E8C58CE5E079FC722DD8AEF81C9D2B0156276C.jpg"},"logo":{"normalUrl":"https:\/\/cdn.nlziet.nl\/static\/assets\/contentproviders\/sbs.png","darkUrl":"https:\/\/cdn.nlziet.nl\/static\/assets\/contentproviders\/dark\/sbs.png","flatUrl":"https:\/\/cdn.nlziet.nl\/static\/assets\/contentproviders\/flat\/sbs.png"},"tags":[],"seriesId":"4vJtYddbpUuwgA3jBVgYaw"}]