[{"id":"pEx8V9zHFkGtjwftvHEH2g","type":"Vod","title":"NOS WK-kwalificatie Voetbal (v) Nederland - Belarus tweede helft","subtitle":"NOS WK-kwalificatie Voetbal (v) Nederland - Belarus tweede helft","description":"NOS - Rechtstreeks verslag van de tweede helft van de WK-kwalificatiewedstrijd Nederland - Belarus (v). Het duel wordt zonder publiek en zonder volksliederen gespeeld.","formattedEpisodeNumbering":null,"formattedDate":"Di 28 jun.","formattedDateShort":"Di 28 jun.","formattedTime":"21:45","formattedDuration":"1u 11m","formattedAvailabilityWindow":null,"formattedAvailabilityWindowShort":null,"image":{"portraitUrl":null,"landscapeUrl":"https:\/\/images.nlziet.nl\/metadataimportimages\/source\/15EB8CDB3A031FD32356B7639685AD0F321CD6AF7CDCD4B42C3DEF853208E952.jpg"},"logo":{"normalUrl":"https:\/\/cdn.nlziet.nl\/static\/assets\/contentproviders\/npo.png","darkUrl":"https:\/\/cdn.nlziet.nl\/static\/assets\/contentproviders\/dark\/npo.png","flatUrl":"https:\/\/cdn.nlziet.nl\/static\/assets\/contentproviders\/flat\/npo.png"},"tags":[],"seriesId":"5Ys7Jwg3_EKAiS07ctyJhw"},{"id":"AeEPwKWG40aizlNPecncRA","type":"Vod","title":"NOS WK-kwalificatie Voetbal (v) Nederland - Cyprus tweede helft","subtitle":"NOS WK-kwalificatie Voetbal (v) Nederland - Cyprus tweede helft","description":"NOS - Rechtstreeks verslag van de tweede helft van de WK-kwalificatiewedstrijd Nederland - Cyprus (v)","formattedEpisodeNumbering":null,"formattedDate":"Vr 8 apr.","formattedDateShort":"Vr 8 apr.","formattedTime":"21:45","formattedDuration":"53m","formattedAvailabilityWindow":null,"formattedAvailabilityWindowShort":null,"image":{"portraitUrl":null,"landscapeUrl":"https:\/\/images.nlziet.nl\/metadataimportimages\/source\/A95358DC3F7CE4D489BC876BACB7C31D9CAFAC8CF08A0454E7665141F37ED19A.jpg"},"logo":{"normalUrl":"https:\/\/cdn.nlziet.nl\/static\/assets\/contentproviders\/npo.png","darkUrl":"https:\/\/cdn.nlziet.nl\/static\/assets\/contentproviders\/dark\/npo.png","flatUrl":"https:\/\/cdn.nlziet.nl\/static\/assets\/contentproviders\/flat\/npo.png"},"tags":[],"seriesId":"5Ys7Jwg3_EKAiS07ctyJhw"}]