[{"id":"aE4SSmq5GE-rjHrHSz8lFg","type":"Vod","title":"Border Security","subtitle":"Aflevering 18","description":"De landsgrenzen worden voortdurend bedreigd. Of het nu gaat om drugssmokkel, illegale immigratie, inspecties of het meenemen van verboden voorwerpen, de douaniers houden het allemaal in de gaten. Het gaat er soms heftig aan toe en de douaniers hebben er dan ook hun handen vol aan.","formattedEpisodeNumbering":null,"formattedDate":"Zo 1 aug. 2021","formattedDateShort":"Aug. 2021","formattedTime":"19:29","formattedDuration":"22m","formattedAvailabilityWindow":null,"formattedAvailabilityWindowShort":null,"image":{"portraitUrl":null,"landscapeUrl":"https:\/\/images.nlziet.nl\/metadataimportimages\/source\/6D7C8138B228C4241532507E0E62B9E087037662F1E9A2471C75E0D4BB0848B7.jpg"},"logo":{"normalUrl":"https:\/\/cdn.nlziet.nl\/static\/assets\/contentproviders\/sbs.png","darkUrl":"https:\/\/cdn.nlziet.nl\/static\/assets\/contentproviders\/dark\/sbs.png","flatUrl":"https:\/\/cdn.nlziet.nl\/static\/assets\/contentproviders\/flat\/sbs.png"},"tags":[],"seriesId":"6EBfsFV_3EqMK8x9C1vHew"},{"id":"Idj-GkptQ0qNrESLM41ZuQ","type":"Vod","title":"Border Security: Australi\u00eb","subtitle":"Aflevering 3","description":"De douanebeveiliging vermoedt dat een vrouw iets onder haar kleding verbergt. Een passagier die vanuit Vietnam reist, beweert niets te hebben om aan te geven, dus wat kan er in zijn koffers zitten? Er worden ongebruikelijke maatregelen genomen om een ge\u00efrriteerde reiziger te kalmeren met problemen met een werkvisum. Een pakketformulier uit India heeft de aandacht getrokken van de douanebeveiliging. De mascara flesjes die erin zitten, onthullen een grote verrassing.","formattedEpisodeNumbering":null,"formattedDate":"Zo 20 nov.","formattedDateShort":"Zo 20 nov.","formattedTime":"18:59","formattedDuration":"44m","formattedAvailabilityWindow":null,"formattedAvailabilityWindowShort":null,"image":{"portraitUrl":null,"landscapeUrl":"https:\/\/images.nlziet.nl\/metadataimportimages\/source\/4EC48C9FCBBA592A90E9A23615D3616B31491B4BFC5DFA9B2ED404099824EF4D.jpg"},"logo":{"normalUrl":"https:\/\/cdn.nlziet.nl\/static\/assets\/contentproviders\/sbs.png","darkUrl":"https:\/\/cdn.nlziet.nl\/static\/assets\/contentproviders\/dark\/sbs.png","flatUrl":"https:\/\/cdn.nlziet.nl\/static\/assets\/contentproviders\/flat\/sbs.png"},"tags":[],"seriesId":"6EBfsFV_3EqMK8x9C1vHew"},{"id":"2u2pUl2uF0GIqM9vNSxxcw","type":"Vod","title":"Border Security: Australi\u00eb","subtitle":"Aflevering 2","description":"De immigratiedienst betrapt een vrouw op het liegen over haar reisgenoten.","formattedEpisodeNumbering":null,"formattedDate":"Zo 13 nov.","formattedDateShort":"Zo 13 nov.","formattedTime":"18:59","formattedDuration":"44m","formattedAvailabilityWindow":null,"formattedAvailabilityWindowShort":null,"image":{"portraitUrl":null,"landscapeUrl":"https:\/\/images.nlziet.nl\/metadataimportimages\/source\/7522C5902D87287440B48C56D3B0B3E47413D6EA76EF694FABC1A39D976AC42C.jpg"},"logo":{"normalUrl":"https:\/\/cdn.nlziet.nl\/static\/assets\/contentproviders\/sbs.png","darkUrl":"https:\/\/cdn.nlziet.nl\/static\/assets\/contentproviders\/dark\/sbs.png","flatUrl":"https:\/\/cdn.nlziet.nl\/static\/assets\/contentproviders\/flat\/sbs.png"},"tags":[],"seriesId":"6EBfsFV_3EqMK8x9C1vHew"},{"id":"EL06NWbkoU2enZEr8bWM7g","type":"Vod","title":"Border Security: Australi\u00eb","subtitle":"Aflevering 1","description":"Een Maleisische passagier accepteert geen 'nee'.","formattedEpisodeNumbering":null,"formattedDate":"Zo 6 nov.","formattedDateShort":"Zo 6 nov.","formattedTime":"18:59","formattedDuration":"44m","formattedAvailabilityWindow":null,"formattedAvailabilityWindowShort":null,"image":{"portraitUrl":null,"landscapeUrl":"https:\/\/images.nlziet.nl\/metadataimportimages\/source\/06D3FB74150E96827A88E8BEB274B555A19A699D1D7D5E196EFA096013C23784.jpg"},"logo":{"normalUrl":"https:\/\/cdn.nlziet.nl\/static\/assets\/contentproviders\/sbs.png","darkUrl":"https:\/\/cdn.nlziet.nl\/static\/assets\/contentproviders\/dark\/sbs.png","flatUrl":"https:\/\/cdn.nlziet.nl\/static\/assets\/contentproviders\/flat\/sbs.png"},"tags":[],"seriesId":"6EBfsFV_3EqMK8x9C1vHew"}]