[{"id":"gD4zsYfvckiRSk1XK32NJg","type":"Vod","title":"Border Security: Australi\u00eb","subtitle":"Aflevering 20","description":"De landsgrenzen worden voortdurend bedreigd. Of het nu gaat om drugssmokkel, illegale immigratie, infecties of het meenemen van verboden voorwerpen, de douaniers houden het allemaal in de gaten. Het gaat er soms heftig aan toe en de douaniers hebben er dan ook hun handen vol aan.","formattedEpisodeNumbering":null,"formattedDate":"Zo 26 dec. 2021","formattedDateShort":"Dec. 2021","formattedTime":"18:33","formattedDuration":"21m","formattedAvailabilityWindow":null,"formattedAvailabilityWindowShort":null,"image":{"portraitUrl":null,"landscapeUrl":"https:\/\/images.nlziet.nl\/metadataimportimages\/source\/24F0D2A6D848268F5F591BD3A8567F93E231A7FD5AE53D557D0C32E25EA04D5D.jpg"},"logo":{"normalUrl":"https:\/\/cdn.nlziet.nl\/static\/assets\/contentproviders\/sbs.png","darkUrl":"https:\/\/cdn.nlziet.nl\/static\/assets\/contentproviders\/dark\/sbs.png","flatUrl":"https:\/\/cdn.nlziet.nl\/static\/assets\/contentproviders\/flat\/sbs.png"},"tags":[],"seriesId":"6EBfsFV_3EqMK8x9C1vHew"},{"id":"7DIADY1QwkOdiT7V0ptU4A","type":"Vod","title":"Border Security: Australi\u00eb","subtitle":"Aflevering 19","description":"De landsgrenzen worden voortdurend bedreigd. Of het nu gaat om drugssmokkel, illegale immigratie, infecties of het meenemen van verboden voorwerpen, de douaniers houden het allemaal in de gaten. Het gaat er soms heftig aan toe en de douaniers hebben er dan ook hun handen vol aan.","formattedEpisodeNumbering":null,"formattedDate":"Zo 26 dec. 2021","formattedDateShort":"Dec. 2021","formattedTime":"18:01","formattedDuration":"23m","formattedAvailabilityWindow":null,"formattedAvailabilityWindowShort":null,"image":{"portraitUrl":null,"landscapeUrl":"https:\/\/images.nlziet.nl\/metadataimportimages\/source\/6C433A71344D0F9A1BA249C0058FCBBDE39BA7BE6A94C1C32CADD124141ACE8A.jpg"},"logo":{"normalUrl":"https:\/\/cdn.nlziet.nl\/static\/assets\/contentproviders\/sbs.png","darkUrl":"https:\/\/cdn.nlziet.nl\/static\/assets\/contentproviders\/dark\/sbs.png","flatUrl":"https:\/\/cdn.nlziet.nl\/static\/assets\/contentproviders\/flat\/sbs.png"},"tags":[],"seriesId":"6EBfsFV_3EqMK8x9C1vHew"},{"id":"jFyxWrlX3Umvk8EEQBTVKw","type":"Vod","title":"Border Security: Australi\u00eb","subtitle":"Aflevering 18","description":"Veronica - De landsgrenzen worden voortdurend bedreigd. Of het nu gaat om drugssmokkel, illegale immigratie, infecties of het meenemen van verboden voorwerpen, de douaniers houden het allemaal in de gaten. Het gaat er soms heftig aan toe en de douaniers hebben er dan ook hun handen vol aan.","formattedEpisodeNumbering":null,"formattedDate":"Za 25 dec. 2021","formattedDateShort":"Dec. 2021","formattedTime":"19:28","formattedDuration":"23m","formattedAvailabilityWindow":null,"formattedAvailabilityWindowShort":null,"image":{"portraitUrl":null,"landscapeUrl":"https:\/\/images.nlziet.nl\/metadataimportimages\/source\/4F2E576C99EB625A1056A214A81B3A7081FDC7D34FDEADBC1C44AE14BB89F01C.jpg"},"logo":{"normalUrl":"https:\/\/cdn.nlziet.nl\/static\/assets\/contentproviders\/sbs.png","darkUrl":"https:\/\/cdn.nlziet.nl\/static\/assets\/contentproviders\/dark\/sbs.png","flatUrl":"https:\/\/cdn.nlziet.nl\/static\/assets\/contentproviders\/flat\/sbs.png"},"tags":[],"seriesId":"6EBfsFV_3EqMK8x9C1vHew"},{"id":"VzJDsYYYr0aTC48Z4N2RJg","type":"Vod","title":"Border Security: Australi\u00eb","subtitle":"Aflevering 17","description":"Veronica - De landsgrenzen worden voortdurend bedreigd. Of het nu gaat om drugssmokkel, illegale immigratie, infecties of het meenemen van verboden voorwerpen, de douaniers houden het allemaal in de gaten. Het gaat er soms heftig aan toe en de douaniers hebben er dan ook hun handen vol aan.","formattedEpisodeNumbering":null,"formattedDate":"Zo 29 mrt. 2020","formattedDateShort":"Mrt. 2020","formattedTime":"19:01","formattedDuration":"20m","formattedAvailabilityWindow":null,"formattedAvailabilityWindowShort":null,"image":{"portraitUrl":null,"landscapeUrl":"https:\/\/images.nlziet.nl\/metadataimportimages\/source\/39E5328D0E87B0FCF23A4B75724360A910BA980097E24D1ED1D7116D9E1F9045.jpg"},"logo":{"normalUrl":"https:\/\/cdn.nlziet.nl\/static\/assets\/contentproviders\/sbs.png","darkUrl":"https:\/\/cdn.nlziet.nl\/static\/assets\/contentproviders\/dark\/sbs.png","flatUrl":"https:\/\/cdn.nlziet.nl\/static\/assets\/contentproviders\/flat\/sbs.png"},"tags":[],"seriesId":"6EBfsFV_3EqMK8x9C1vHew"},{"id":"FRZudAtXrU6oIAghit6KVw","type":"Vod","title":"Border Security: Australi\u00eb","subtitle":"Aflevering 16","description":"Veronica - De landsgrenzen worden voortdurend bedreigd. Of het nu gaat om drugssmokkel, illegale immigratie, infecties of het meenemen van verboden voorwerpen, de douaniers houden het allemaal in de gaten. Het gaat er soms heftig aan toe en de douaniers hebben er dan ook hun handen vol aan.","formattedEpisodeNumbering":null,"formattedDate":"Zo 19 dec. 2021","formattedDateShort":"Dec. 2021","formattedTime":"18:32","formattedDuration":"22m","formattedAvailabilityWindow":null,"formattedAvailabilityWindowShort":null,"image":{"portraitUrl":null,"landscapeUrl":"https:\/\/images.nlziet.nl\/metadataimportimages\/source\/2A27CD98EFCDF4314ED86767263DE164B6F3D524FFBFF3AEBFC5F1CCCC11A469.jpg"},"logo":{"normalUrl":"https:\/\/cdn.nlziet.nl\/static\/assets\/contentproviders\/sbs.png","darkUrl":"https:\/\/cdn.nlziet.nl\/static\/assets\/contentproviders\/dark\/sbs.png","flatUrl":"https:\/\/cdn.nlziet.nl\/static\/assets\/contentproviders\/flat\/sbs.png"},"tags":[],"seriesId":"6EBfsFV_3EqMK8x9C1vHew"},{"id":"6k_0WRmKnUSygKDJagPRYA","type":"Vod","title":"Border Security: Australi\u00eb","subtitle":"Aflevering 15","description":"De landsgrenzen worden voortdurend bedreigd. Of het nu gaat om drugssmokkel, illegale immigratie, infecties of het meenemen van verboden voorwerpen, de douaniers houden het allemaal in de gaten. Het gaat er soms heftig aan toe en de douaniers hebben er dan ook hun handen vol aan.","formattedEpisodeNumbering":null,"formattedDate":"Zo 19 dec. 2021","formattedDateShort":"Dec. 2021","formattedTime":"18:00","formattedDuration":"24m","formattedAvailabilityWindow":null,"formattedAvailabilityWindowShort":null,"image":{"portraitUrl":null,"landscapeUrl":"https:\/\/images.nlziet.nl\/metadataimportimages\/source\/BCE15C14884F4D7261DB611DC5DE225F761F4FE1F7DF41A358807076632B54F9.jpg"},"logo":{"normalUrl":"https:\/\/cdn.nlziet.nl\/static\/assets\/contentproviders\/sbs.png","darkUrl":"https:\/\/cdn.nlziet.nl\/static\/assets\/contentproviders\/dark\/sbs.png","flatUrl":"https:\/\/cdn.nlziet.nl\/static\/assets\/contentproviders\/flat\/sbs.png"},"tags":[],"seriesId":"6EBfsFV_3EqMK8x9C1vHew"},{"id":"Ihrijz4XU06FW1kkAJFXOQ","type":"Vod","title":"Border Security: Australi\u00eb","subtitle":"Aflevering 13","description":"Veronica - De landsgrenzen worden voortdurend bedreigd. Of het nu gaat om drugssmokkel, illegale immigratie, infecties of het meenemen van verboden voorwerpen, de douaniers houden het allemaal in de gaten. Het gaat er soms heftig aan toe en de douaniers hebben er dan ook hun handen vol aan.","formattedEpisodeNumbering":null,"formattedDate":"Za 18 dec. 2021","formattedDateShort":"Dec. 2021","formattedTime":"18:58","formattedDuration":"23m","formattedAvailabilityWindow":null,"formattedAvailabilityWindowShort":null,"image":{"portraitUrl":null,"landscapeUrl":"https:\/\/images.nlziet.nl\/metadataimportimages\/source\/78E7A7785A289A833AA7F9F6188D795E1BF0EF7A3F88431F018830D27F1F6FE0.jpg"},"logo":{"normalUrl":"https:\/\/cdn.nlziet.nl\/static\/assets\/contentproviders\/sbs.png","darkUrl":"https:\/\/cdn.nlziet.nl\/static\/assets\/contentproviders\/dark\/sbs.png","flatUrl":"https:\/\/cdn.nlziet.nl\/static\/assets\/contentproviders\/flat\/sbs.png"},"tags":[],"seriesId":"6EBfsFV_3EqMK8x9C1vHew"},{"id":"fuOEo9_sLUGmHIEnaRSF-g","type":"Vod","title":"Border Security: Australi\u00eb","subtitle":"Aflevering 12","description":"Veronica - De landsgrenzen worden voortdurend bedreigd. Of het nu gaat om drugssmokkel, illegale immigratie, infecties of het meenemen van verboden voorwerpen, de douaniers houden het allemaal in de gaten. Het gaat er soms heftig aan toe en de douaniers hebben er dan ook hun handen vol aan.","formattedEpisodeNumbering":null,"formattedDate":"Zo 12 dec. 2021","formattedDateShort":"Dec. 2021","formattedTime":"18:33","formattedDuration":"21m","formattedAvailabilityWindow":null,"formattedAvailabilityWindowShort":null,"image":{"portraitUrl":null,"landscapeUrl":"https:\/\/images.nlziet.nl\/metadataimportimages\/source\/A71C2915541D18C177807250EFCA8BB3A39A104E7B7C91AB6BBA2D8B67B666BF.jpg"},"logo":{"normalUrl":"https:\/\/cdn.nlziet.nl\/static\/assets\/contentproviders\/sbs.png","darkUrl":"https:\/\/cdn.nlziet.nl\/static\/assets\/contentproviders\/dark\/sbs.png","flatUrl":"https:\/\/cdn.nlziet.nl\/static\/assets\/contentproviders\/flat\/sbs.png"},"tags":[],"seriesId":"6EBfsFV_3EqMK8x9C1vHew"},{"id":"yCAT5ySpokeUbESImgVhUg","type":"Vod","title":"Border Security: Australi\u00eb","subtitle":"Aflevering 10","description":"Veronica - De landsgrenzen worden voortdurend bedreigd. Of het nu gaat om drugssmokkel, illegale immigratie, infecties of het meenemen van verboden voorwerpen, de douaniers houden het allemaal in de gaten. Het gaat er soms heftig aan toe en de douaniers hebben er dan ook hun handen vol aan.","formattedEpisodeNumbering":null,"formattedDate":"Za 11 dec. 2021","formattedDateShort":"Dec. 2021","formattedTime":"19:30","formattedDuration":"0m","formattedAvailabilityWindow":null,"formattedAvailabilityWindowShort":null,"image":{"portraitUrl":null,"landscapeUrl":"https:\/\/images.nlziet.nl\/metadataimportimages\/source\/60895D09EEE6AE51EBDD6D8AB2F33B05862E790E20AA1BF4FD20A404E15EC4AE.jpg"},"logo":{"normalUrl":"https:\/\/cdn.nlziet.nl\/static\/assets\/contentproviders\/sbs.png","darkUrl":"https:\/\/cdn.nlziet.nl\/static\/assets\/contentproviders\/dark\/sbs.png","flatUrl":"https:\/\/cdn.nlziet.nl\/static\/assets\/contentproviders\/flat\/sbs.png"},"tags":[],"seriesId":"6EBfsFV_3EqMK8x9C1vHew"},{"id":"t58Twlu25Uq5-Nkv_SfT1Q","type":"Vod","title":"Border Security: Australi\u00eb","subtitle":"Aflevering 9","description":"Immigratieambtenaren ontvangen informatie die hen zou kunnen helpen het plan van een man om illegaal in de bouwsector te werken te dwarsbomen, maar is dit de juiste man? Een bokstrainer uit Los Angeles wordt agressief tegenover de douanebeambten.","formattedEpisodeNumbering":null,"formattedDate":"Za 11 dec. 2021","formattedDateShort":"Dec. 2021","formattedTime":"19:01","formattedDuration":"21m","formattedAvailabilityWindow":null,"formattedAvailabilityWindowShort":null,"image":{"portraitUrl":null,"landscapeUrl":"https:\/\/images.nlziet.nl\/metadataimportimages\/source\/1ED0506E41673E1A340CD91DF978D3CDB1CCD21A94AFEC6D4086F9F8D896B70F.jpg"},"logo":{"normalUrl":"https:\/\/cdn.nlziet.nl\/static\/assets\/contentproviders\/sbs.png","darkUrl":"https:\/\/cdn.nlziet.nl\/static\/assets\/contentproviders\/dark\/sbs.png","flatUrl":"https:\/\/cdn.nlziet.nl\/static\/assets\/contentproviders\/flat\/sbs.png"},"tags":[],"seriesId":"6EBfsFV_3EqMK8x9C1vHew"},{"id":"zCpskExecUKLNPkTKG2G-Q","type":"Vod","title":"Border Security: Australi\u00eb","subtitle":"Aflevering 8","description":"Veronica - De landsgrenzen worden voortdurend bedreigd. Of het nu gaat om drugssmokkel, illegale immigratie, infecties of het meenemen van verboden voorwerpen, de douaniers houden het allemaal in de gaten. Het gaat er soms heftig aan toe en de douaniers hebben er dan ook hun handen vol aan.","formattedEpisodeNumbering":null,"formattedDate":"Zo 5 dec. 2021","formattedDateShort":"Dec. 2021","formattedTime":"18:33","formattedDuration":"21m","formattedAvailabilityWindow":null,"formattedAvailabilityWindowShort":null,"image":{"portraitUrl":null,"landscapeUrl":"https:\/\/images.nlziet.nl\/metadataimportimages\/source\/2EB29AD0264B5A96A8400EB927B1A3156A45063B3A2ED577522874B87D82DB6E.jpg"},"logo":{"normalUrl":"https:\/\/cdn.nlziet.nl\/static\/assets\/contentproviders\/sbs.png","darkUrl":"https:\/\/cdn.nlziet.nl\/static\/assets\/contentproviders\/dark\/sbs.png","flatUrl":"https:\/\/cdn.nlziet.nl\/static\/assets\/contentproviders\/flat\/sbs.png"},"tags":[],"seriesId":"6EBfsFV_3EqMK8x9C1vHew"},{"id":"TqVOXrDApkeerc4RChOPnA","type":"Vod","title":"Border Security: Australi\u00eb","subtitle":"Aflevering 7","description":"Veronica - De landsgrenzen worden voortdurend bedreigd. Of het nu gaat om drugssmokkel, illegale immigratie, infecties of het meenemen van verboden voorwerpen, de douaniers houden het allemaal in de gaten. Het gaat er soms heftig aan toe en de douaniers hebben er dan ook hun handen vol aan.","formattedEpisodeNumbering":null,"formattedDate":"Zo 5 dec. 2021","formattedDateShort":"Dec. 2021","formattedTime":"18:01","formattedDuration":"23m","formattedAvailabilityWindow":null,"formattedAvailabilityWindowShort":null,"image":{"portraitUrl":null,"landscapeUrl":"https:\/\/images.nlziet.nl\/metadataimportimages\/source\/834B2D4B5CEFB17ECE7780B95C8D9B2B9AD39CE626FD84D38EFEE5C126477F57.jpg"},"logo":{"normalUrl":"https:\/\/cdn.nlziet.nl\/static\/assets\/contentproviders\/sbs.png","darkUrl":"https:\/\/cdn.nlziet.nl\/static\/assets\/contentproviders\/dark\/sbs.png","flatUrl":"https:\/\/cdn.nlziet.nl\/static\/assets\/contentproviders\/flat\/sbs.png"},"tags":[],"seriesId":"6EBfsFV_3EqMK8x9C1vHew"},{"id":"VA8MO7_6FkuODRfsj0T6YQ","type":"Vod","title":"Border Security: Australi\u00eb","subtitle":"Aflevering 6","description":"Veronica - De landsgrenzen worden voortdurend bedreigd. Of het nu gaat om drugssmokkel, illegale immigratie, infecties of het meenemen van verboden voorwerpen, de douaniers houden het allemaal in de gaten. Het gaat er soms heftig aan toe en de douaniers hebben er dan ook hun handen vol aan.","formattedEpisodeNumbering":null,"formattedDate":"Zo 28 nov. 2021","formattedDateShort":"Nov. 2021","formattedTime":"18:34","formattedDuration":"22m","formattedAvailabilityWindow":null,"formattedAvailabilityWindowShort":null,"image":{"portraitUrl":null,"landscapeUrl":"https:\/\/images.nlziet.nl\/metadataimportimages\/source\/02679E3A334EBE18781FDA92177DF144C9F4DDCDFB4A93A0D9C989A25342BE2A.jpg"},"logo":{"normalUrl":"https:\/\/cdn.nlziet.nl\/static\/assets\/contentproviders\/sbs.png","darkUrl":"https:\/\/cdn.nlziet.nl\/static\/assets\/contentproviders\/dark\/sbs.png","flatUrl":"https:\/\/cdn.nlziet.nl\/static\/assets\/contentproviders\/flat\/sbs.png"},"tags":[],"seriesId":"6EBfsFV_3EqMK8x9C1vHew"},{"id":"6bIsZO_JykuKlZ1bzDG5RQ","type":"Vod","title":"Border Security: Australi\u00eb","subtitle":"Aflevering 5","description":"Veronica - Douaniers inspecteren een verdacht pakket uit Maleisi\u00eb.","formattedEpisodeNumbering":null,"formattedDate":"Zo 28 nov. 2021","formattedDateShort":"Nov. 2021","formattedTime":"18:04","formattedDuration":"22m","formattedAvailabilityWindow":null,"formattedAvailabilityWindowShort":null,"image":{"portraitUrl":null,"landscapeUrl":"https:\/\/images.nlziet.nl\/metadataimportimages\/source\/EA07D4EA434E956D70FB8B986A3893EDB6449160E76E6EA695F1929D82CBA670.jpg"},"logo":{"normalUrl":"https:\/\/cdn.nlziet.nl\/static\/assets\/contentproviders\/sbs.png","darkUrl":"https:\/\/cdn.nlziet.nl\/static\/assets\/contentproviders\/dark\/sbs.png","flatUrl":"https:\/\/cdn.nlziet.nl\/static\/assets\/contentproviders\/flat\/sbs.png"},"tags":[],"seriesId":"6EBfsFV_3EqMK8x9C1vHew"},{"id":"XwiQ-kah30aBHtKSSSJs-A","type":"Vod","title":"Border Security: Australi\u00eb","subtitle":"Aflevering 4","description":"Veronica - Een vakantieganger en liefhebber van extreme sporten wordt ondervraagd door grensbeambten, nadat hij ongewoon gedrag heeft vertoond. De verpakking van poederdrankjes ziet er niet helemaal goed uit. Een onderschept bericht door immigratieambtenaren onthult het bedrog van een reizende vrouw met een toeristenvisum.","formattedEpisodeNumbering":null,"formattedDate":"Zo 21 nov. 2021","formattedDateShort":"Nov. 2021","formattedTime":"18:31","formattedDuration":"23m","formattedAvailabilityWindow":null,"formattedAvailabilityWindowShort":null,"image":{"portraitUrl":null,"landscapeUrl":"https:\/\/images.nlziet.nl\/metadataimportimages\/source\/3174490F23710045465D43677198DF8253AB91C6463075905F724730A331A350.jpg"},"logo":{"normalUrl":"https:\/\/cdn.nlziet.nl\/static\/assets\/contentproviders\/sbs.png","darkUrl":"https:\/\/cdn.nlziet.nl\/static\/assets\/contentproviders\/dark\/sbs.png","flatUrl":"https:\/\/cdn.nlziet.nl\/static\/assets\/contentproviders\/flat\/sbs.png"},"tags":[],"seriesId":"6EBfsFV_3EqMK8x9C1vHew"},{"id":"zTt1I6nKG0mcSJJ_NKIpJA","type":"Vod","title":"Border Security: Australi\u00eb","subtitle":"Aflevering 3","description":"Veronica - Alles wijst erop dat een Chinese passagier drugs smokkelt, maar een verrassend telefoontje leidt tot een klopjacht. Een aanwijzing onthult het verborgen geheim van een Maleisische passagier. In het beeld van een voormalige Zuid-Afrikaanse president zit iets verstopt.","formattedEpisodeNumbering":null,"formattedDate":"Zo 21 nov. 2021","formattedDateShort":"Nov. 2021","formattedTime":"18:01","formattedDuration":"22m","formattedAvailabilityWindow":null,"formattedAvailabilityWindowShort":null,"image":{"portraitUrl":null,"landscapeUrl":"https:\/\/images.nlziet.nl\/metadataimportimages\/source\/BB7D355302C9555FAE0AFD2A5FCA759F70EDD02B8B593DB7D78421603D7C7573.jpg"},"logo":{"normalUrl":"https:\/\/cdn.nlziet.nl\/static\/assets\/contentproviders\/sbs.png","darkUrl":"https:\/\/cdn.nlziet.nl\/static\/assets\/contentproviders\/dark\/sbs.png","flatUrl":"https:\/\/cdn.nlziet.nl\/static\/assets\/contentproviders\/flat\/sbs.png"},"tags":[],"seriesId":"6EBfsFV_3EqMK8x9C1vHew"},{"id":"frCIVz1kvUeIND9GGOCq8g","type":"Vod","title":"Border Security: Australi\u00eb","subtitle":"Aflevering 2","description":"Veronica - Een ontevreden passagier stoot douanebeambten tegen het hoofd. Immigratieambtenaren proberen illegale arbeiders op te pakken.","formattedEpisodeNumbering":null,"formattedDate":"Zo 14 nov. 2021","formattedDateShort":"Nov. 2021","formattedTime":"18:31","formattedDuration":"22m","formattedAvailabilityWindow":null,"formattedAvailabilityWindowShort":null,"image":{"portraitUrl":null,"landscapeUrl":"https:\/\/images.nlziet.nl\/metadataimportimages\/source\/199222584A9AB8A57582F673204054A568C97D73F76FDE744B2D37622E109059.jpg"},"logo":{"normalUrl":"https:\/\/cdn.nlziet.nl\/static\/assets\/contentproviders\/sbs.png","darkUrl":"https:\/\/cdn.nlziet.nl\/static\/assets\/contentproviders\/dark\/sbs.png","flatUrl":"https:\/\/cdn.nlziet.nl\/static\/assets\/contentproviders\/flat\/sbs.png"},"tags":[],"seriesId":"6EBfsFV_3EqMK8x9C1vHew"},{"id":"eFjhR3eQNECwWny6RldKeg","type":"Vod","title":"Border Security: Australi\u00eb","subtitle":"Aflevering 1","description":"Veronica - Een Nigeriaanse vrouw beweert een modeontwerpster te zijn, maar de douanebeveiliging heeft daar zo zijn twijfels over. Plots geheugenverlies kan een probleem veroorzaken voor een Poolse passagier die net 23 uur heeft gereisd om zijn vriendin te bezoeken.","formattedEpisodeNumbering":null,"formattedDate":"Zo 7 nov. 2021","formattedDateShort":"Nov. 2021","formattedTime":"18:31","formattedDuration":"23m","formattedAvailabilityWindow":null,"formattedAvailabilityWindowShort":null,"image":{"portraitUrl":null,"landscapeUrl":"https:\/\/images.nlziet.nl\/metadataimportimages\/source\/D4933011CB4AFF09232DEB5822D097BEA6E14DF23F2185B0EE67037E943EA756.jpg"},"logo":{"normalUrl":"https:\/\/cdn.nlziet.nl\/static\/assets\/contentproviders\/sbs.png","darkUrl":"https:\/\/cdn.nlziet.nl\/static\/assets\/contentproviders\/dark\/sbs.png","flatUrl":"https:\/\/cdn.nlziet.nl\/static\/assets\/contentproviders\/flat\/sbs.png"},"tags":[],"seriesId":"6EBfsFV_3EqMK8x9C1vHew"}]