[{"id":"9utFYIH7RE6VtkVZA7uYcg","type":"Vod","title":"DREAM SCHOOL","subtitle":"De re\u00fcnie","description":"NTR - Lucia Rijker en Eric van 't Zelfde roepen nog \u00e9\u00e9n keer de klas van het afgelopen seizoen bij elkaar. Ruim een jaar geleden zaten ze in de schoolbanken bij DREAM SCHOOL om hun leven weer op de rit te krijgen. Tijdens een weerzien met hun klasgenoten en een aantal oud-docenten zien we hoe het nu met ze gaat. En DREAM SCHOOL zou DREAM SCHOOL niet zijn zonder nog een laatste les: onder leiding van sterrenchef-kok Ron Blaauw gaat de klas opnieuw aan de slag in de keuken voor een heerlijk kerstdiner en feestelijke afsluiting.","formattedEpisodeNumbering":"S3:A13","formattedDate":"Wo 26 feb. 2020","formattedDateShort":"Feb. 2020","formattedTime":"22:15","formattedDuration":"54m","formattedAvailabilityWindow":null,"formattedAvailabilityWindowShort":null,"image":{"portraitUrl":null,"landscapeUrl":"https:\/\/images.nlziet.nl\/metadataimportimages\/source\/E996A2ABC2FD83D4D3B420C382F4061E3E5168DF6599798CBEA3C47183409F1A.jpg"},"logo":{"normalUrl":"https:\/\/cdn.nlziet.nl\/static\/assets\/contentproviders\/npo.png","darkUrl":"https:\/\/cdn.nlziet.nl\/static\/assets\/contentproviders\/dark\/npo.png","flatUrl":"https:\/\/cdn.nlziet.nl\/static\/assets\/contentproviders\/flat\/npo.png"},"tags":[],"seriesId":"4m5opRLDFkeeqa97TACkAg"},{"id":"cSaKemIWp0CKpg0BGPsKTQ","type":"Vod","title":"DREAM SCHOOL","subtitle":"","description":"NTR - Het slotfestival op de laatste dag is een bijzondere afsluiting waarin ouders en vrienden zien wat de jongeren hebben gedaan. Welke stappen zetten ze nog meer? Ajouad El Miloudi praat met leerlingen uit seizoen 1, 2 en 3 over hoe het is om mee te doen aan DREAM SCHOOL.","formattedEpisodeNumbering":"S3:A11","formattedDate":"Ma 29 apr. 2019","formattedDateShort":"Apr. 2019","formattedTime":"21:55","formattedDuration":"57m","formattedAvailabilityWindow":null,"formattedAvailabilityWindowShort":null,"image":{"portraitUrl":null,"landscapeUrl":"https:\/\/images.nlziet.nl\/metadataimportimages\/source\/859CF9A8DC309325802CC51CF5463ACE90FF37B20F1ED06086DB8FF27F5CAD65.jpg"},"logo":{"normalUrl":"https:\/\/cdn.nlziet.nl\/static\/assets\/contentproviders\/npo.png","darkUrl":"https:\/\/cdn.nlziet.nl\/static\/assets\/contentproviders\/dark\/npo.png","flatUrl":"https:\/\/cdn.nlziet.nl\/static\/assets\/contentproviders\/flat\/npo.png"},"tags":[],"seriesId":"4m5opRLDFkeeqa97TACkAg"},{"id":"DSwDv-ZtikShpReBRauUAg","type":"Vod","title":"DREAM SCHOOL","subtitle":"Je kunt je hele leven nog instappen","description":"NTR - Bokslegende Lucia Rijker en rector Eric van 't Zelfde nemen een groep voortijdig schoolverlaters onder hun hoede. In 10 afleveringen proberen ze deze vastgelopen jongeren weer in beweging te krijgen. Lucia en Eric regelden ook dit jaar weer een batterij aan uitzonderlijke docenten. Zoals Lodewijk Asscher, Olcay Gulsen, Griet Op de Beeck en Marco Kroon. En de droom van Lucia en Eric is dat deze docenten w\u00e9l doordringen tot de drop-outs. Maar deze jongeren zijn niet voor niets vastgelopen op school.","formattedEpisodeNumbering":"S3:A10","formattedDate":"Ma 22 apr. 2019","formattedDateShort":"Apr. 2019","formattedTime":"21:25","formattedDuration":"1u 0m","formattedAvailabilityWindow":null,"formattedAvailabilityWindowShort":null,"image":{"portraitUrl":null,"landscapeUrl":"https:\/\/images.nlziet.nl\/metadataimportimages\/source\/82EE9EC7A36FA4E8218AFAB38D42C43FEE2E84F189348E69228F19A379E4B2E0.jpg"},"logo":{"normalUrl":"https:\/\/cdn.nlziet.nl\/static\/assets\/contentproviders\/npo.png","darkUrl":"https:\/\/cdn.nlziet.nl\/static\/assets\/contentproviders\/dark\/npo.png","flatUrl":"https:\/\/cdn.nlziet.nl\/static\/assets\/contentproviders\/flat\/npo.png"},"tags":[],"seriesId":"4m5opRLDFkeeqa97TACkAg"},{"id":"bn62stUI8k-LhLJsAZEGcg","type":"Vod","title":"DREAM SCHOOL","subtitle":"Uit je verhaal","description":"NTR - De les van majoor Marco Kroon en zijn soldaten brengt bij o.a. Chantal een belangrijke doorbraak teweeg. Cheyenne laat sinds het gesprek met Lucia en Eric een heel andere, positieve kant van zichzelf zien. Ook Whitney sluit de les goed af, maar verschijnt naderhand toch niet op haar stage en twijfelt over haar verdere deelname. In de tweede les van Wilfred Genee komt het tot een behoorlijke confrontatie, waarna ook andere leerlingen het laten afweten op hun stage.","formattedEpisodeNumbering":"S3:A9","formattedDate":"Ma 15 apr. 2019","formattedDateShort":"Apr. 2019","formattedTime":"21:25","formattedDuration":"1u 0m","formattedAvailabilityWindow":null,"formattedAvailabilityWindowShort":null,"image":{"portraitUrl":null,"landscapeUrl":"https:\/\/images.nlziet.nl\/metadataimportimages\/source\/EA9B80AAC03562270539740E0C33BFA40143A661D7E8F00277BE8B44D8419524.jpg"},"logo":{"normalUrl":"https:\/\/cdn.nlziet.nl\/static\/assets\/contentproviders\/npo.png","darkUrl":"https:\/\/cdn.nlziet.nl\/static\/assets\/contentproviders\/dark\/npo.png","flatUrl":"https:\/\/cdn.nlziet.nl\/static\/assets\/contentproviders\/flat\/npo.png"},"tags":[],"seriesId":"4m5opRLDFkeeqa97TACkAg"},{"id":"PZjLIqqMxU-gFWD8jVcaLg","type":"Vod","title":"DREAM SCHOOL","subtitle":"Voorbij je horizon","description":"NTR - Het komt tot een pittige confrontatie tussen Olcay Gulsen en Cheyenne. Lucia en Eric zien haar gedrag al een paar dagen steeds opstandiger en brutaler worden en besluiten met haar te gaan zitten. Dat resulteert in een uitdagende opdracht voor Cheyenne. Ook Zoey zit aan tafel bij Eric, die hem tot een meer proactieve houding probeert te bewegen. Killian raakt tijdens de les van Lucia geblesseerd, waardoor hij lessen mist en dit roept bij hem direct het aloude bekende gevoel van falen op. Maar Lucia weet hem een andere blik op de zaak te geven. Ondertussen gaan de lessen natuurlijk gewoon door. Floortje Dessing wil de jongeren hun horizon laten verbreden door ze hun eigen reis naar het einde van de wereld te laten voorbereiden. En na de eerste mitsen en maren heeft dit een verrassend resultaat. Politicus Lodewijk Asscher ontdekt in zijn tweede les een aantal heuse debattalenten en ook Duncan Stutterheim is eigenlijk best te spreken over de voortgang van de feestvoorbereidingen. Maar als de jongeren door majoor Marco Kroon en zijn soldaten over een stormbaan worden gejaagd, slaat de sfeer behoorlijk om...","formattedEpisodeNumbering":"S3:A8","formattedDate":"Ma 8 apr. 2019","formattedDateShort":"Apr. 2019","formattedTime":"21:25","formattedDuration":"58m","formattedAvailabilityWindow":null,"formattedAvailabilityWindowShort":null,"image":{"portraitUrl":null,"landscapeUrl":"https:\/\/images.nlziet.nl\/metadataimportimages\/source\/1DDFBB9543317EE3D7396363D03035B57C3E8D19CFB0E89751B9E4829266FC03.jpg"},"logo":{"normalUrl":"https:\/\/cdn.nlziet.nl\/static\/assets\/contentproviders\/npo.png","darkUrl":"https:\/\/cdn.nlziet.nl\/static\/assets\/contentproviders\/dark\/npo.png","flatUrl":"https:\/\/cdn.nlziet.nl\/static\/assets\/contentproviders\/flat\/npo.png"},"tags":[],"seriesId":"4m5opRLDFkeeqa97TACkAg"},{"id":"i1iuZRqz90-GqE1HIzeqUg","type":"Vod","title":"DREAM SCHOOL","subtitle":"Belemmerende overtuigingen","description":"NTR - Whitney is nog erg boos over de interventie van Lucia bij de les van Goedele. En ook Jo\u00eblle heeft het moeilijk. Ze wil zelfs stoppen met DREAM SCHOOL en gaat niet mee op de eerste excursie. Ronilla Snellen van de stichting FutureNL, die als doel heeft \u00e1lle jongeren in Nederland digitaal vaardig te maken, neemt de groep namelijk mee naar een bijzondere nieuwe opleiding. En ook al lijkt ICT de meeste jongeren eerst niks, ze ontdooien toch al snel. Datzelfde gebeurt bij de les van PvdA-partijleider Lodewijk Asscher, die ze een eigen verkiezingsprogramma laat samenstellen. Maar de les van dancegoeroe Duncan Stutterheim en decorbouwer Steven Grevenstuk verloopt een stuk minder soepel. Vooral in het team dat de handen moet laten wapperen, is veel lui, brutaal en recalcitrant gedrag zichtbaar. Lucia en Eric spreken onder anderen Marvin, Cheyenne, Chantal en Eva hier op aan, maar weten niet tot allemaal door te dringen. Als Lucia de jongeren hierna in haar dojo uitnodigt om een hele belangrijke, maar ook moeilijk oefening te doen, zet Marvin een belangrijke stap. Ook Sam, Bram, Tatanka en Eljereau krijgen hier een eyeopener. Maar Lucia en Eric merken dat toch veel jongeren blijven hangen in hun verhaal en ze hopen dat onder meer de tweede les van Olcay Gulsen daar wat in kan verschuiven. Wat volgt is een behoorlijke confrontatie tussen Olcay en Cheyenne...","formattedEpisodeNumbering":"S3:A7","formattedDate":"Ma 1 apr. 2019","formattedDateShort":"Apr. 2019","formattedTime":"21:25","formattedDuration":"55m","formattedAvailabilityWindow":null,"formattedAvailabilityWindowShort":null,"image":{"portraitUrl":null,"landscapeUrl":"https:\/\/images.nlziet.nl\/metadataimportimages\/source\/F2E69F1667E4E8CBADABA762C8A5ED35CB075F08A90E2007CD281194AACEE377.jpg"},"logo":{"normalUrl":"https:\/\/cdn.nlziet.nl\/static\/assets\/contentproviders\/npo.png","darkUrl":"https:\/\/cdn.nlziet.nl\/static\/assets\/contentproviders\/dark\/npo.png","flatUrl":"https:\/\/cdn.nlziet.nl\/static\/assets\/contentproviders\/flat\/npo.png"},"tags":[],"seriesId":"4m5opRLDFkeeqa97TACkAg"},{"id":"804FX9IJJkWE-MEEvG3uxw","type":"Vod","title":"DREAM SCHOOL","subtitle":"Richting volgen","description":"NTR - Seksuologe Goedele Liekens stelt in haar les over seksueel overschrijdend gedrag een aantal belangrijke momenten ter discussie. Whitney loopt de les uit omdat het te dichtbij komt. Lucia wil haar juist laten verbinden met de groep, maar het gesprek hierover leidt tot onenigheid. Ook Chess heeft een pittig gesprek met Lucia en mist daardoor het grootste gedeelte van de tweede kookles van chefkok Ron Blaauw, die verder een goede sessie heeft met de rest van klas. Ook de les van fotograaf Ahmet Polat valt bij de meeste leerlingen weer in de smaak, al heeft Marvin er wel de pest in. Tijdens de tweede les van schrijfster Griet Op de Beeck komt het gedicht van Tatanka hard aan bij haar klasgenoten en ook Olcay Gulsen verrast met haar levensverhaal, dat behoorlijk op dat van sommige leerlingen lijkt. Tijdens deze les vertelt Eva iets waar Eljereau zijn vraagtekens bij zet. Het moeilijke gesprek dat Lucia hierover met hen heeft, geeft hen allebei inzicht in elkaar \u00e9n in zichzelf.","formattedEpisodeNumbering":"S3:A6","formattedDate":"Ma 25 mrt. 2019","formattedDateShort":"Mrt. 2019","formattedTime":"21:25","formattedDuration":"55m","formattedAvailabilityWindow":null,"formattedAvailabilityWindowShort":null,"image":{"portraitUrl":null,"landscapeUrl":"https:\/\/images.nlziet.nl\/metadataimportimages\/source\/2B129E025904F1E2AAC42FAE1F4DB71F04798781BD0E697BF537A063A7E5B47A.jpg"},"logo":{"normalUrl":"https:\/\/cdn.nlziet.nl\/static\/assets\/contentproviders\/npo.png","darkUrl":"https:\/\/cdn.nlziet.nl\/static\/assets\/contentproviders\/dark\/npo.png","flatUrl":"https:\/\/cdn.nlziet.nl\/static\/assets\/contentproviders\/flat\/npo.png"},"tags":[],"seriesId":"4m5opRLDFkeeqa97TACkAg"},{"id":"ic1cXdJoHkGfyGeagsL6bA","type":"Vod","title":"DREAM SCHOOL","subtitle":"Maskers af","description":"NTR - Trijntje Oosterhuis laat de leerlingen solo zingen. Bij Duncan Stutterheim en Steven Grevenstuk verrast Jo\u00eblle met verrassende idee\u00ebn, maar duldt daar geen kritiek op. Hoe je daarmee omgaat leren zij en haar klasgenoten van majoor Marco Kroon, die een ontroerende gast meebrengt. Ronald van der Kemp maakt indruk met alle beroemdheden die hij heeft gekleed. Wilfred Genees directe benadering komt bij Cheyenne hard aan. De vraag waarom 'model' leerling Eljereau meedoet leidt zowel bij hemzelf als bij Eric tot een grote eyeopener.","formattedEpisodeNumbering":"S3:A5","formattedDate":"Ma 18 mrt. 2019","formattedDateShort":"Mrt. 2019","formattedTime":"21:25","formattedDuration":"58m","formattedAvailabilityWindow":null,"formattedAvailabilityWindowShort":null,"image":{"portraitUrl":null,"landscapeUrl":"https:\/\/images.nlziet.nl\/metadataimportimages\/source\/641809331A9A074F28E623B6FE6306AAC1EF415B6965D8BFC4BCF6C179D9CC88.jpg"},"logo":{"normalUrl":"https:\/\/cdn.nlziet.nl\/static\/assets\/contentproviders\/npo.png","darkUrl":"https:\/\/cdn.nlziet.nl\/static\/assets\/contentproviders\/dark\/npo.png","flatUrl":"https:\/\/cdn.nlziet.nl\/static\/assets\/contentproviders\/flat\/npo.png"},"tags":[],"seriesId":"4m5opRLDFkeeqa97TACkAg"},{"id":"FnD_fPaM_0iPejEzj2C8lQ","type":"Vod","title":"DREAM SCHOOL","subtitle":"Waar ligt jouw commitment","description":"NTR - Actrice Imanuelle Grives gaat door met haar les over zelfbewustzijn en zelfvertrouwen en doet daarbij een gewaagde oefening waarbij ze \u00e9\u00e9n leerling midden in de groep plaatst. Schrijver en coach Kasper van der Meulen werkt met de groep aan hun focus. Maar als Tim zijn tips om te wiebelen of te frummelen om je beter te concentreren wel heel letterlijk neemt, zorgt dit voor ergernis, zowel bij klasgenoten als bij Lucia. Tatanka mist al deze lessen, want ze komt een halve dag te laat. Als in het gesprek met Lucia en Erik blijkt hoe dat komt, breekt ze. De les van kunstschilder Ans Markus komt daarna heel goed uit voor Tatanka, die erg creatief is. Ans wil de groep meegeven dat je moeilijke dingen kunt verwerken door ze te verbeelden. Maar Marvin heeft helemaal geen zin in deze les en gaat zitten slapen. Erik neemt hem apart en weet goed tot hem door te dringen. Marvin doet daarna wel gewoon mee met de sportles van Sjinkie Knegt. Maar Sjinkie staat voor een zware klus, want zeker de helft van de klas laat het flink afweten. In het gesprek dat Lucia en Erik daarna met de groep aangaan, komt het tot een behoorlijke confrontatie met Marvin en Chess.","formattedEpisodeNumbering":"S3:A4","formattedDate":"Ma 11 mrt. 2019","formattedDateShort":"Mrt. 2019","formattedTime":"21:25","formattedDuration":"55m","formattedAvailabilityWindow":null,"formattedAvailabilityWindowShort":null,"image":{"portraitUrl":null,"landscapeUrl":"https:\/\/images.nlziet.nl\/metadataimportimages\/source\/D460A61951FC7B6034CE8B952FCC0FE01F12B74A8F3D40B7C82061ABA6790C1D.jpg"},"logo":{"normalUrl":"https:\/\/cdn.nlziet.nl\/static\/assets\/contentproviders\/npo.png","darkUrl":"https:\/\/cdn.nlziet.nl\/static\/assets\/contentproviders\/dark\/npo.png","flatUrl":"https:\/\/cdn.nlziet.nl\/static\/assets\/contentproviders\/flat\/npo.png"},"tags":[],"seriesId":"4m5opRLDFkeeqa97TACkAg"},{"id":"-mHa1b1V2kKnoZnObhF7pQ","type":"Vod","title":"DREAM SCHOOL","subtitle":"Wat boosheid kan doen met je","description":"NTR - Whitney wordt voor een ultimatum gesteld. Ze trekt zich terug en mist de les van Ferry Zandvliet, een 'overlever' van de aanslag op de Bataclan in Parijs. Michelinsterren-chef Ron Blaauw wil de jongeren vooral leren samenwerken. Dat gaat goed, behalve tussen Marvin en Tatanka. De les van fotograaf Ahmet Polat gaat beter, zowel voor Tatanka als voor Zoey. Actrice Imanuelle Grives wil de jongeren door acteeroefeningen meer zelfvertrouwen meegeven. De oefening van rector Eric met Eljereau vormt een bepalend moment in het proces van Eljereau.","formattedEpisodeNumbering":"S3:A3","formattedDate":"Ma 4 mrt. 2019","formattedDateShort":"Mrt. 2019","formattedTime":"21:25","formattedDuration":"55m","formattedAvailabilityWindow":null,"formattedAvailabilityWindowShort":null,"image":{"portraitUrl":null,"landscapeUrl":"https:\/\/images.nlziet.nl\/metadataimportimages\/source\/1A562463D84EE895F68E42CA50C752911B7910BB762E457642876C15D8307A52.jpg"},"logo":{"normalUrl":"https:\/\/cdn.nlziet.nl\/static\/assets\/contentproviders\/npo.png","darkUrl":"https:\/\/cdn.nlziet.nl\/static\/assets\/contentproviders\/dark\/npo.png","flatUrl":"https:\/\/cdn.nlziet.nl\/static\/assets\/contentproviders\/flat\/npo.png"},"tags":[],"seriesId":"4m5opRLDFkeeqa97TACkAg"},{"id":"pP-ErE31MkOhzwbrHDu9Gw","type":"Vod","title":"DREAM SCHOOL","subtitle":"Het begin van alle beter","description":"NTR - De les van haarsnijders en barbiers Schorem valt goed. De les van schrijfster Griet Op de Beeck roept echter zoveel emoties op dat Marvin moeite heeft moeite om van de joints af te blijven. Whitney en Jo\u00eblle raken hierover in een heftige discussie.","formattedEpisodeNumbering":"S3:A2","formattedDate":"Ma 25 feb. 2019","formattedDateShort":"Feb. 2019","formattedTime":"21:25","formattedDuration":"54m","formattedAvailabilityWindow":null,"formattedAvailabilityWindowShort":null,"image":{"portraitUrl":null,"landscapeUrl":"https:\/\/images.nlziet.nl\/metadataimportimages\/source\/74E600A097665B61C85C4E6E45E5D2967F9144F3004ECF188980FB42C1ADF863.jpg"},"logo":{"normalUrl":"https:\/\/cdn.nlziet.nl\/static\/assets\/contentproviders\/npo.png","darkUrl":"https:\/\/cdn.nlziet.nl\/static\/assets\/contentproviders\/dark\/npo.png","flatUrl":"https:\/\/cdn.nlziet.nl\/static\/assets\/contentproviders\/flat\/npo.png"},"tags":[],"seriesId":"4m5opRLDFkeeqa97TACkAg"},{"id":"DD0ZQapVCEi8M1GsM5cRMQ","type":"Vod","title":"DREAM SCHOOL","subtitle":"Je bent niet je verhaal","description":"NTR - De jongeren starten met Duncan Stutterheim en decorbouwer Steven Grevenstuk, die hen gaan helpen een groot feest te bouwen. De tweede les, salsadansen, wordt gegeven door choreograaf Euvgenia Parakhina. Ze stuit echter op wat weerstand en Sam, Jo\u00eblle en Whitney lopen de les uit.","formattedEpisodeNumbering":"S3:A1","formattedDate":"Ma 18 feb. 2019","formattedDateShort":"Feb. 2019","formattedTime":"21:25","formattedDuration":"55m","formattedAvailabilityWindow":null,"formattedAvailabilityWindowShort":null,"image":{"portraitUrl":null,"landscapeUrl":"https:\/\/images.nlziet.nl\/metadataimportimages\/source\/932B5536A385BCA14DD775414E0D1A4F6852253E507EE6E926AEC0B5B63BB53D.jpg"},"logo":{"normalUrl":"https:\/\/cdn.nlziet.nl\/static\/assets\/contentproviders\/npo.png","darkUrl":"https:\/\/cdn.nlziet.nl\/static\/assets\/contentproviders\/dark\/npo.png","flatUrl":"https:\/\/cdn.nlziet.nl\/static\/assets\/contentproviders\/flat\/npo.png"},"tags":[],"seriesId":"4m5opRLDFkeeqa97TACkAg"}]