[{"id":"-lBOBh-7oEyndXBsuZMZTA","type":"Vod","title":"Carnaval","subtitle":"Carnaval Compilatie","description":"MAX - Een compilatie van de leukste verslagen, interviews en sfeerimpressies van de afgelopen jaren.","formattedEpisodeNumbering":null,"formattedDate":"Di 16 feb. 2021","formattedDateShort":"Feb. 2021","formattedTime":"16:00","formattedDuration":"49m","formattedAvailabilityWindow":null,"formattedAvailabilityWindowShort":null,"image":{"portraitUrl":null,"landscapeUrl":"https:\/\/images.nlziet.nl\/metadataimportimages\/source\/4CC6D2EB72D4443267CF56F5A8DD2036BEEF75C841C11F658EDBD116F2CD4DB8.jpg"},"logo":{"normalUrl":"https:\/\/cdn.nlziet.nl\/static\/assets\/contentproviders\/npo.png","darkUrl":"https:\/\/cdn.nlziet.nl\/static\/assets\/contentproviders\/dark\/npo.png","flatUrl":"https:\/\/cdn.nlziet.nl\/static\/assets\/contentproviders\/flat\/npo.png"},"tags":[],"seriesId":"6rOWu2X2KkaPYUaLCJzg_w"},{"id":"Wi5r2gAcsUmv3ArS6lbR6Q","type":"Vod","title":"Carnaval","subtitle":"Carnaval 2020","description":"MAX - Carnaval komt eraan. Hoogtepunten van de carnavalsfestiviteiten. U hoeft de straat niet op om carnaval van dichtbij mee te maken. MAX neemt u ook dit jaar weer mee tijdens \u00e9\u00e9n van de grootste volksfeesten van Nederland. Geniet van mooie optochten, de carnavalsgekte in de straten en verschillende interviews met carnavallend Nederland.","formattedEpisodeNumbering":null,"formattedDate":"Di 25 feb. 2020","formattedDateShort":"Feb. 2020","formattedTime":"16:10","formattedDuration":"44m","formattedAvailabilityWindow":null,"formattedAvailabilityWindowShort":null,"image":{"portraitUrl":null,"landscapeUrl":"https:\/\/images.nlziet.nl\/metadataimportimages\/source\/8E909DF938452AB2CA1E4C1F19F121AC2D2402A8C89836577C0B21A9B4BC1527.jpg"},"logo":{"normalUrl":"https:\/\/cdn.nlziet.nl\/static\/assets\/contentproviders\/npo.png","darkUrl":"https:\/\/cdn.nlziet.nl\/static\/assets\/contentproviders\/dark\/npo.png","flatUrl":"https:\/\/cdn.nlziet.nl\/static\/assets\/contentproviders\/flat\/npo.png"},"tags":[],"seriesId":"6rOWu2X2KkaPYUaLCJzg_w"},{"id":"-ZAY7m6Yz0iV54btwcARdw","type":"Vod","title":"Carnaval","subtitle":"Carnaval 2018","description":"MAX - Om carnaval van dichtbij mee te maken is op straat staan niet nodig! Ook dit jaar nemen we u mee op sleeptouw tijdens \u00e9\u00e9n van de grootste volksfeesten van Nederland. Geniet van mooie optochten en interviews met carnavallend Nederland. \n\nDit jaar bezoeken we feestvierders in Lampegat (Eindhoven), wordt er verslag gedaan van de activiteiten in Tullepetaonestad (Roosendaal) en Zwammegat (Standdaarbuiten). Kruikenstad (Tilburg) en Boeskoolstad (Oldenzaal) worden ook bezocht.","formattedEpisodeNumbering":null,"formattedDate":"Di 13 feb. 2018","formattedDateShort":"Feb. 2018","formattedTime":"16:10","formattedDuration":"44m","formattedAvailabilityWindow":null,"formattedAvailabilityWindowShort":null,"image":{"portraitUrl":null,"landscapeUrl":"https:\/\/images.nlziet.nl\/metadataimportimages\/source\/D05BF945C0D7A172CD0697F42917002E1537DAC100F259B2764A14825F44A2CD.jpg"},"logo":{"normalUrl":"https:\/\/cdn.nlziet.nl\/static\/assets\/contentproviders\/npo.png","darkUrl":"https:\/\/cdn.nlziet.nl\/static\/assets\/contentproviders\/dark\/npo.png","flatUrl":"https:\/\/cdn.nlziet.nl\/static\/assets\/contentproviders\/flat\/npo.png"},"tags":[],"seriesId":"6rOWu2X2KkaPYUaLCJzg_w"},{"id":"kcQb47MQ4k-rwIxxUoocQw","type":"Vod","title":"Carnaval","subtitle":"Carnaval 2017","description":"MAX - Carnaval komt eraan! MAX zendt wederom de hoogtepunten van de carnavalsfestiviteiten uit. Jan Slagter, Mascha de Rooij en Pauline Spiering bezoeken verschillende steden in Brabant. Ook brengt Jan Slagter een bezoekje aan de feestvierders boven de rivieren. U hoeft de straat niet op om carnaval van dichtbij mee te maken. MAX neemt u ook dit jaar weer mee tijdens een van de grootste volksfeesten van Nederland. Geniet van mooie optochten, carnavalsgekte in de straten met verschillende interviews en een carnavallend Nederland. Alle prominenten en feestvierders zitten er in Lampegat (Eindhoven) weer klaar voor. Ook doet MAX verslag van de festiviteiten in Tullepetaonestad (Roosendaal) \u00e9n Zwammegat (Standdaarbuiten), waar de straten 's avonds prachtig verlicht zijn tijdens de lichtjesoptocht. In Boeskoolstad (Oldenzaal) kunt u proeven van het Twentse carnavalsgedruis. Tot slot sluiten we in Oeteldonk (Den Bosch) de carnaval feestelijk af met de doorgewinterde carnavalsvierders.","formattedEpisodeNumbering":null,"formattedDate":"Wo 1 mrt. 2017","formattedDateShort":"Mrt. 2017","formattedTime":"10:15","formattedDuration":"37m","formattedAvailabilityWindow":null,"formattedAvailabilityWindowShort":null,"image":{"portraitUrl":null,"landscapeUrl":"https:\/\/images.nlziet.nl\/metadataimportimages\/source\/73D2AD57469613BEFFF94D6772CE58449E723F3612C6F7FD3B155FB110C6A204.jpg"},"logo":{"normalUrl":"https:\/\/cdn.nlziet.nl\/static\/assets\/contentproviders\/npo.png","darkUrl":"https:\/\/cdn.nlziet.nl\/static\/assets\/contentproviders\/dark\/npo.png","flatUrl":"https:\/\/cdn.nlziet.nl\/static\/assets\/contentproviders\/flat\/npo.png"},"tags":[],"seriesId":"6rOWu2X2KkaPYUaLCJzg_w"},{"id":"Ox1Ff9P630Slmh2vuOPALQ","type":"Vod","title":"Carnaval","subtitle":"Carnaval 2017","description":"MAX - Carnaval komt eraan! MAX zendt wederom de hoogtepunten van de carnavalsfestiviteiten uit. Jan Slagter, Mascha de Rooij en Pauline Spiering bezoeken verschillende steden in Brabant. Ook brengt Jan Slagter een bezoekje aan de feestvierders boven de rivieren. U hoeft de straat niet op om carnaval van dichtbij mee te maken. MAX neemt u ook dit jaar weer mee tijdens een van de grootste volksfeesten van Nederland. Geniet van mooie optochten, carnavalsgekte in de straten met verschillende interviews en een carnavallend Nederland. Alle prominenten en feestvierders zitten er in Lampegat (Eindhoven) weer klaar voor. Ook doet MAX verslag van de festiviteiten in Tullepetaonestad (Roosendaal) \u00e9n Zwammegat (Standdaarbuiten), waar de straten 's avonds prachtig verlicht zijn tijdens de lichtjesoptocht. In Boeskoolstad (Oldenzaal) kunt u proeven van het Twentse carnavalsgedruis. Tot slot sluiten we in Oeteldonk (Den Bosch) de carnaval feestelijk af met de doorgewinterde carnavalsvierders.","formattedEpisodeNumbering":null,"formattedDate":"Di 28 feb. 2017","formattedDateShort":"Feb. 2017","formattedTime":"16:00","formattedDuration":"44m","formattedAvailabilityWindow":null,"formattedAvailabilityWindowShort":null,"image":{"portraitUrl":null,"landscapeUrl":"https:\/\/images.nlziet.nl\/metadataimportimages\/source\/73D2AD57469613BEFFF94D6772CE58449E723F3612C6F7FD3B155FB110C6A204.jpg"},"logo":{"normalUrl":"https:\/\/cdn.nlziet.nl\/static\/assets\/contentproviders\/npo.png","darkUrl":"https:\/\/cdn.nlziet.nl\/static\/assets\/contentproviders\/dark\/npo.png","flatUrl":"https:\/\/cdn.nlziet.nl\/static\/assets\/contentproviders\/flat\/npo.png"},"tags":[],"seriesId":"6rOWu2X2KkaPYUaLCJzg_w"}]