[{"id":"xCXvzkEe0kSEKFd73QUDhw","type":"Vod","title":"Welkom in de jaren 60","subtitle":"Dagelijks leven","description":"NTR - Prinses Beatrix is te gast bij Dorine en vertelt alles over 'haar' jaren 60; over haar grote liefde Claus, de fotografen die hen achtervolgden, de rellen bij haar huwelijk en over haar moeder Juliana. Tot haar vreugde komen haar acht kleinkinderen haar verrassen. Met o.a. de hel van 63, paparazzi, de minirok en Phil Bloom.","formattedEpisodeNumbering":null,"formattedDate":"Zo 8 aug. 2021","formattedDateShort":"Aug. 2021","formattedTime":"17:55","formattedDuration":"24m","formattedAvailabilityWindow":null,"formattedAvailabilityWindowShort":null,"image":{"portraitUrl":null,"landscapeUrl":"https:\/\/images.nlziet.nl\/metadataimportimages\/source\/ACD1E5290C26D0C08D9FEC42BF8C4E2F75F21EF775D511481FB65666B34D6747.jpg"},"logo":{"normalUrl":"https:\/\/cdn.nlziet.nl\/static\/assets\/contentproviders\/npo.png","darkUrl":"https:\/\/cdn.nlziet.nl\/static\/assets\/contentproviders\/dark\/npo.png","flatUrl":"https:\/\/cdn.nlziet.nl\/static\/assets\/contentproviders\/flat\/npo.png"},"tags":[],"seriesId":"7DM5ExIf6U2kzxUyJoi8yA"},{"id":"UJtsq9lAKUyQxXHJQMZ19g","type":"Vod","title":"Welkom in de jaren 60","subtitle":"Wetenschap","description":"NTR - De grote astronaut Neill Armstrong zit op de bank bij Dorine, en vertelt alles over de uitvindingen in 'zijn' jaren 60. Maar dan komt zijn grote rivaal op: de Rus Yuri Gagarin. Wordt het ruzie of wordt het gezellig? Nadat alle uitvindingen zijn bekeken komt de mystery guest erbij: het eerste levende wezen in de ruimte... wie zal dat zijn? Met o.a. de spacerace, de pil, radiopiraat Veronica en de eerste harttransplantatie.","formattedEpisodeNumbering":null,"formattedDate":"Zo 25 jul. 2021","formattedDateShort":"Jul. 2021","formattedTime":"17:55","formattedDuration":"24m","formattedAvailabilityWindow":null,"formattedAvailabilityWindowShort":null,"image":{"portraitUrl":null,"landscapeUrl":"https:\/\/images.nlziet.nl\/metadataimportimages\/source\/8FB67C3DA1D219DDCA972C8573EE5604C87C373BE717C388408677A25F16639F.jpg"},"logo":{"normalUrl":"https:\/\/cdn.nlziet.nl\/static\/assets\/contentproviders\/npo.png","darkUrl":"https:\/\/cdn.nlziet.nl\/static\/assets\/contentproviders\/dark\/npo.png","flatUrl":"https:\/\/cdn.nlziet.nl\/static\/assets\/contentproviders\/flat\/npo.png"},"tags":[],"seriesId":"7DM5ExIf6U2kzxUyJoi8yA"}]