[{"id":"OYLEnR2crk2iHjF7zN8_RA","type":"Vod","title":"NOS WK-kwalificatie Voetbal","subtitle":"NOS WK-kwalificatie Voetbal Nederland - Zweden 2de helft","description":"NOS - Rechtstreeks verslag van de tweede helft van de WK-kwalificatiewedstrijd Nederland - Zweden in de Amsterdam ArenA.","formattedEpisodeNumbering":null,"formattedDate":"Di 10 okt. 2017","formattedDateShort":"Okt. 2017","formattedTime":"21:45","formattedDuration":"1u 4m","formattedAvailabilityWindow":null,"formattedAvailabilityWindowShort":null,"image":{"portraitUrl":null,"landscapeUrl":"https:\/\/images.nlziet.nl\/metadataimportimages\/source\/7A94ED52C1C4A3BF773FC845C16C356E7C3E59E56CBB06FA83E8BEABDB1CC2B1.jpg"},"logo":{"normalUrl":"https:\/\/cdn.nlziet.nl\/static\/assets\/contentproviders\/npo.png","darkUrl":"https:\/\/cdn.nlziet.nl\/static\/assets\/contentproviders\/dark\/npo.png","flatUrl":"https:\/\/cdn.nlziet.nl\/static\/assets\/contentproviders\/flat\/npo.png"},"tags":[],"seriesId":"5Ys7Jwg3_EKAiS07ctyJhw"},{"id":"c1D4Vyd0yEatf97V__L1tg","type":"Vod","title":"NOS WK-kwalificatie Voetbal","subtitle":"Wit-Rusland - Nederland 2de helft","description":"NOS - Rechtstreeks verslag van de tweede helft van de WK-kwalificatiewedstrijd Wit-Rusland - Nederland in de Borisov Arena.","formattedEpisodeNumbering":null,"formattedDate":"Za 7 okt. 2017","formattedDateShort":"Okt. 2017","formattedTime":"21:45","formattedDuration":"57m","formattedAvailabilityWindow":null,"formattedAvailabilityWindowShort":null,"image":{"portraitUrl":null,"landscapeUrl":"https:\/\/images.nlziet.nl\/metadataimportimages\/source\/E6E57C561847497F8F66A50FF3A797A0915EABEAEB50D0DF8B04FB629ACFA0C9.jpg"},"logo":{"normalUrl":"https:\/\/cdn.nlziet.nl\/static\/assets\/contentproviders\/npo.png","darkUrl":"https:\/\/cdn.nlziet.nl\/static\/assets\/contentproviders\/dark\/npo.png","flatUrl":"https:\/\/cdn.nlziet.nl\/static\/assets\/contentproviders\/flat\/npo.png"},"tags":[],"seriesId":"5Ys7Jwg3_EKAiS07ctyJhw"},{"id":"2wverTvnGUWQG2dQL7tI_w","type":"Vod","title":"NOS WK-kwalificatie Voetbal","subtitle":"NOS WK-kwalificatie Voetbal Nederland - Bulgarij\u00eb 2de helft","description":"NOS - Rechtstreeks verslag van de tweede helft van de WK-kwalificatiewedstrijd Nederland - Bulgarij\u00eb in Amsterdam ArenA, Amsterdam.","formattedEpisodeNumbering":null,"formattedDate":"Zo 3 sep. 2017","formattedDateShort":"Sep. 2017","formattedTime":"19:00","formattedDuration":"54m","formattedAvailabilityWindow":null,"formattedAvailabilityWindowShort":null,"image":{"portraitUrl":null,"landscapeUrl":"https:\/\/images.nlziet.nl\/metadataimportimages\/source\/A2BA2200DC9E369FAA7BE275F6D817C260523BA7FFBA0902B611F60DA0E0D0DA.jpg"},"logo":{"normalUrl":"https:\/\/cdn.nlziet.nl\/static\/assets\/contentproviders\/npo.png","darkUrl":"https:\/\/cdn.nlziet.nl\/static\/assets\/contentproviders\/dark\/npo.png","flatUrl":"https:\/\/cdn.nlziet.nl\/static\/assets\/contentproviders\/flat\/npo.png"},"tags":[],"seriesId":"5Ys7Jwg3_EKAiS07ctyJhw"},{"id":"hDDQSo7J9E-qGfMi7RGzgQ","type":"Vod","title":"NOS WK-kwalificatie Voetbal","subtitle":"NOS WK-kwalificatie Voetbal Frankrijk - Nederland 2de helft","description":"NOS - Rechtstreeks verslag van de tweede helft van de WK-kwalificatiewedstrijd Frankrijk - Nederland in Stade de France, Paris Saint-Denis.","formattedEpisodeNumbering":null,"formattedDate":"Do 31 aug. 2017","formattedDateShort":"Aug. 2017","formattedTime":"21:45","formattedDuration":"56m","formattedAvailabilityWindow":null,"formattedAvailabilityWindowShort":null,"image":{"portraitUrl":null,"landscapeUrl":"https:\/\/images.nlziet.nl\/metadataimportimages\/source\/98A2335C152093A60E2F31F17E900EE74DFEC92F4B87D863FB46D60435918738.jpg"},"logo":{"normalUrl":"https:\/\/cdn.nlziet.nl\/static\/assets\/contentproviders\/npo.png","darkUrl":"https:\/\/cdn.nlziet.nl\/static\/assets\/contentproviders\/dark\/npo.png","flatUrl":"https:\/\/cdn.nlziet.nl\/static\/assets\/contentproviders\/flat\/npo.png"},"tags":[],"seriesId":"5Ys7Jwg3_EKAiS07ctyJhw"},{"id":"PJze67tgaUijX-Eq_L-ahg","type":"Vod","title":"NOS WK-kwalificatie Voetbal","subtitle":"NOS WK-kwalificatie Voetbal Nederland - Luxemburg 2de helft","description":"NOS - Rechtstreeks verslag van de tweede helft van de WK-kwalificatiewedstrijd Nederland - Luxemburg in De Kuip, Rotterdam.","formattedEpisodeNumbering":null,"formattedDate":"Vr 9 jun. 2017","formattedDateShort":"Jun. 2017","formattedTime":"21:45","formattedDuration":"54m","formattedAvailabilityWindow":null,"formattedAvailabilityWindowShort":null,"image":{"portraitUrl":null,"landscapeUrl":"https:\/\/images.nlziet.nl\/metadataimportimages\/source\/6569A2DC597E541AEF76C8DD8FC24551AECF75D15DDBF6239B9419A2643F35CE.jpg"},"logo":{"normalUrl":"https:\/\/cdn.nlziet.nl\/static\/assets\/contentproviders\/npo.png","darkUrl":"https:\/\/cdn.nlziet.nl\/static\/assets\/contentproviders\/dark\/npo.png","flatUrl":"https:\/\/cdn.nlziet.nl\/static\/assets\/contentproviders\/flat\/npo.png"},"tags":[],"seriesId":"5Ys7Jwg3_EKAiS07ctyJhw"},{"id":"d-lJ9mtLxE-t5646niw6IA","type":"Vod","title":"NOS WK-kwalificatie Voetbal","subtitle":"Bulgarije - Nederland 2de helft","description":"NOS - Rechtstreeks verslag van de tweede helft van de WK-kwalificatiewedstrijd Bulgarije - Nederland in het Natsionalen Stadion Vasil Levski","formattedEpisodeNumbering":null,"formattedDate":"Za 25 mrt. 2017","formattedDateShort":"Mrt. 2017","formattedTime":"21:45","formattedDuration":"1u 0m","formattedAvailabilityWindow":null,"formattedAvailabilityWindowShort":null,"image":{"portraitUrl":null,"landscapeUrl":"https:\/\/images.nlziet.nl\/metadataimportimages\/source\/6BABDE572B000940511D7663748CEF3B6AD0772B3601D30C1E4B317DCBAB65FA.jpg"},"logo":{"normalUrl":"https:\/\/cdn.nlziet.nl\/static\/assets\/contentproviders\/npo.png","darkUrl":"https:\/\/cdn.nlziet.nl\/static\/assets\/contentproviders\/dark\/npo.png","flatUrl":"https:\/\/cdn.nlziet.nl\/static\/assets\/contentproviders\/flat\/npo.png"},"tags":[],"seriesId":"5Ys7Jwg3_EKAiS07ctyJhw"}]