[{"id":"wxFyYUHHBECLSEMC56KNwA","type":"Vod","title":"Border Security: Australi\u00eb","subtitle":"Aflevering 7","description":"Veronica - De landsgrenzen worden voortdurend bedreigd. Of het nu gaat om drugssmokkel, illegale immigratie, infecties of het meenemen van verboden voorwerpen, de douaniers houden het allemaal in de gaten. Het gaat er soms heftig aan toe en de douaniers hebben er dan ook hun handen vol aan.","formattedEpisodeNumbering":null,"formattedDate":"Za 16 jul.","formattedDateShort":"Za 16 jul.","formattedTime":"19:30","formattedDuration":"21m","formattedAvailabilityWindow":null,"formattedAvailabilityWindowShort":null,"image":{"portraitUrl":null,"landscapeUrl":"https:\/\/images.nlziet.nl\/metadataimportimages\/source\/891ADF1A733BEF6A80BD983EC556454A9A43EF8239A66DE92141CFC4178A346F.jpg"},"logo":{"normalUrl":"https:\/\/cdn.nlziet.nl\/static\/assets\/contentproviders\/sbs.png","darkUrl":"https:\/\/cdn.nlziet.nl\/static\/assets\/contentproviders\/dark\/sbs.png","flatUrl":"https:\/\/cdn.nlziet.nl\/static\/assets\/contentproviders\/flat\/sbs.png"},"tags":[],"seriesId":"6EBfsFV_3EqMK8x9C1vHew"},{"id":"fRytBYlt-kC3qbyfxMBJNA","type":"Vod","title":"Border Security: Australi\u00eb","subtitle":"Aflevering 6","description":"Veronica - De landsgrenzen worden voortdurend bedreigd. Of het nu gaat om drugssmokkel, illegale immigratie, infecties of het meenemen van verboden voorwerpen, de douaniers houden het allemaal in de gaten. Het gaat er soms heftig aan toe en de douaniers hebben er dan ook hun handen vol aan.","formattedEpisodeNumbering":null,"formattedDate":"Za 9 jul.","formattedDateShort":"Za 9 jul.","formattedTime":"19:30","formattedDuration":"22m","formattedAvailabilityWindow":null,"formattedAvailabilityWindowShort":null,"image":{"portraitUrl":null,"landscapeUrl":"https:\/\/images.nlziet.nl\/metadataimportimages\/source\/8F7DBDE61524D51D078EC969A982B7735BA49FDC196316364129A14B0637DDA1.jpg"},"logo":{"normalUrl":"https:\/\/cdn.nlziet.nl\/static\/assets\/contentproviders\/sbs.png","darkUrl":"https:\/\/cdn.nlziet.nl\/static\/assets\/contentproviders\/dark\/sbs.png","flatUrl":"https:\/\/cdn.nlziet.nl\/static\/assets\/contentproviders\/flat\/sbs.png"},"tags":[],"seriesId":"6EBfsFV_3EqMK8x9C1vHew"},{"id":"Tj2HDDGSf0eSKuJ0unzcow","type":"Vod","title":"Border Security: Australi\u00eb","subtitle":"Aflevering 5","description":"Veronica - De landsgrenzen worden voortdurend bedreigd. Of het nu gaat om drugssmokkel, illegale immigratie, infecties of het meenemen van verboden voorwerpen, de douaniers houden het allemaal in de gaten. Het gaat er soms heftig aan toe en de douaniers hebben er dan ook hun handen vol aan.","formattedEpisodeNumbering":null,"formattedDate":"Za 9 jul.","formattedDateShort":"Za 9 jul.","formattedTime":"19:00","formattedDuration":"25m","formattedAvailabilityWindow":null,"formattedAvailabilityWindowShort":null,"image":{"portraitUrl":null,"landscapeUrl":"https:\/\/images.nlziet.nl\/metadataimportimages\/source\/0E7D7D04410A436F6A5B5A10D6F7F698BF22A74C6EBB8A55D4FD54210FB88A66.jpg"},"logo":{"normalUrl":"https:\/\/cdn.nlziet.nl\/static\/assets\/contentproviders\/sbs.png","darkUrl":"https:\/\/cdn.nlziet.nl\/static\/assets\/contentproviders\/dark\/sbs.png","flatUrl":"https:\/\/cdn.nlziet.nl\/static\/assets\/contentproviders\/flat\/sbs.png"},"tags":[],"seriesId":"6EBfsFV_3EqMK8x9C1vHew"},{"id":"TbHxeiasXEi01fopzTykxQ","type":"Vod","title":"Border Security: Australi\u00eb","subtitle":"Aflevering 4","description":"Veronica - Een mysterieuze passagier zet de douane voor een raadsel, omdat zijn verhaal niet klopt. Een sigarettenroker is laaiend en de douane doet een verontrustende ontdekking in het postcentrum.","formattedEpisodeNumbering":null,"formattedDate":"Za 2 jul.","formattedDateShort":"Za 2 jul.","formattedTime":"19:22","formattedDuration":"22m","formattedAvailabilityWindow":null,"formattedAvailabilityWindowShort":null,"image":{"portraitUrl":null,"landscapeUrl":"https:\/\/images.nlziet.nl\/metadataimportimages\/source\/71FEBB985C00C5CA93255925FF48BBAA3A2EA18393B1AEED162821CD6529D753.jpg"},"logo":{"normalUrl":"https:\/\/cdn.nlziet.nl\/static\/assets\/contentproviders\/sbs.png","darkUrl":"https:\/\/cdn.nlziet.nl\/static\/assets\/contentproviders\/dark\/sbs.png","flatUrl":"https:\/\/cdn.nlziet.nl\/static\/assets\/contentproviders\/flat\/sbs.png"},"tags":[],"seriesId":"6EBfsFV_3EqMK8x9C1vHew"},{"id":"COGmKixqJUax827pnouvxA","type":"Vod","title":"Border Security: Australi\u00eb","subtitle":"Aflevering 3","description":"Veronica - De douane denkt dat een verwarde Engelsman iets verbergt. Een Maleisische kok arriveert in Sydney en immigratiediensten vermoeden dat hij hier is om illegaal te werken. En er is een verbazingwekkende vondst bij de luchtvrachtafdeling, wanneer officieren een onverwachte misdaad ontdekken.","formattedEpisodeNumbering":null,"formattedDate":"Za 2 jul.","formattedDateShort":"Za 2 jul.","formattedTime":"18:52","formattedDuration":"22m","formattedAvailabilityWindow":null,"formattedAvailabilityWindowShort":null,"image":{"portraitUrl":null,"landscapeUrl":"https:\/\/images.nlziet.nl\/metadataimportimages\/source\/485A8F819EFBD4F3D1DE38DB82D2D4BDCF7149AAADFE8ED73ADDF7867B0F89AC.jpg"},"logo":{"normalUrl":"https:\/\/cdn.nlziet.nl\/static\/assets\/contentproviders\/sbs.png","darkUrl":"https:\/\/cdn.nlziet.nl\/static\/assets\/contentproviders\/dark\/sbs.png","flatUrl":"https:\/\/cdn.nlziet.nl\/static\/assets\/contentproviders\/flat\/sbs.png"},"tags":[],"seriesId":"6EBfsFV_3EqMK8x9C1vHew"},{"id":"p6PaWDa7GkiUQM4emaXuRQ","type":"Vod","title":"Border Security: Australi\u00eb","subtitle":"Aflevering 2","description":"Veronica - De landsgrenzen worden voortdurend bedreigd. Of het nu gaat om drugssmokkel, illegale immigratie, infecties of het meenemen van verboden voorwerpen, de douaniers houden het allemaal in de gaten. Het gaat er soms heftig aan toe en de douaniers hebben er dan ook hun handen vol aan.","formattedEpisodeNumbering":null,"formattedDate":"Za 25 jun.","formattedDateShort":"Za 25 jun.","formattedTime":"19:30","formattedDuration":"21m","formattedAvailabilityWindow":null,"formattedAvailabilityWindowShort":null,"image":{"portraitUrl":null,"landscapeUrl":"https:\/\/images.nlziet.nl\/metadataimportimages\/source\/F8F08DDF71CE6B9C184F4551E0E8FBCAD752659722726874FF5234AA160EFC7D.jpg"},"logo":{"normalUrl":"https:\/\/cdn.nlziet.nl\/static\/assets\/contentproviders\/sbs.png","darkUrl":"https:\/\/cdn.nlziet.nl\/static\/assets\/contentproviders\/dark\/sbs.png","flatUrl":"https:\/\/cdn.nlziet.nl\/static\/assets\/contentproviders\/flat\/sbs.png"},"tags":[],"seriesId":"6EBfsFV_3EqMK8x9C1vHew"},{"id":"3v2JUS0u9k2g6eDIs6VSgw","type":"Vod","title":"Border Security: Australi\u00eb","subtitle":"Aflevering 1","description":"Veronica - De landsgrenzen worden voortdurend bedreigd. Of het nu gaat om drugssmokkel, illegale immigratie, infecties of het meenemen van verboden voorwerpen, de douaniers houden het allemaal in de gaten. Het gaat er soms heftig aan toe en de douaniers hebben er dan ook hun handen vol aan.","formattedEpisodeNumbering":null,"formattedDate":"Za 25 jun.","formattedDateShort":"Za 25 jun.","formattedTime":"19:00","formattedDuration":"22m","formattedAvailabilityWindow":null,"formattedAvailabilityWindowShort":null,"image":{"portraitUrl":null,"landscapeUrl":"https:\/\/images.nlziet.nl\/metadataimportimages\/source\/20265490AE2BE148E0C5643A3D4E0C9B3F3367419CD93F8487DEBAC336078D07.jpg"},"logo":{"normalUrl":"https:\/\/cdn.nlziet.nl\/static\/assets\/contentproviders\/sbs.png","darkUrl":"https:\/\/cdn.nlziet.nl\/static\/assets\/contentproviders\/dark\/sbs.png","flatUrl":"https:\/\/cdn.nlziet.nl\/static\/assets\/contentproviders\/flat\/sbs.png"},"tags":[],"seriesId":"6EBfsFV_3EqMK8x9C1vHew"}]