[{"id":"1LEMfv9j00exQTJFe-n1IQ","type":"Vod","title":"Uitstel Van Executie","subtitle":"Afl. 7","description":"Pauline van Dijk is tien jaar geleden gescheiden. In het belang van de kinderen kocht ze een woning schuin tegenover haar ex-man. Dat bleek geen goede beslissing, maar door de huizencrisis werd Pauline gedwongen om daar te blijven wonen. In 2012 stortte Paulines wereld in toen haar zoon overleed bij een verkeersongeval. Haar ouders kochten na het drama een winkeltje voor hun dochter om haar weer een doel in haar leven te geven. Het oude huis met alleen maar nare herinneringen staat echter nog steeds te koop. Martijn Krabb\u00e9 en zijn team doen er alles aan om deze woning te verkopen.","formattedEpisodeNumbering":null,"formattedDate":"Zo 14 aug.","formattedDateShort":"Zo 14 aug.","formattedTime":"19:30","formattedDuration":"42m","formattedAvailabilityWindow":null,"formattedAvailabilityWindowShort":null,"image":{"portraitUrl":null,"landscapeUrl":"https:\/\/images.nlziet.nl\/metadataimportimages\/source\/B1A96D0574EBE171E0D8CECD324C59EDCE719281B656BB009BDF2E7F688CB824.jpg"},"logo":{"normalUrl":"https:\/\/cdn.nlziet.nl\/static\/assets\/contentproviders\/rtl.png","darkUrl":"https:\/\/cdn.nlziet.nl\/static\/assets\/contentproviders\/dark\/rtl.png","flatUrl":"https:\/\/cdn.nlziet.nl\/static\/assets\/contentproviders\/flat\/rtl.png"},"tags":[],"seriesId":"7kFjMkND8kuYeLNUTgr5JA"},{"id":"lKlsvBQxFkSeBD0T-HatnA","type":"Vod","title":"Uitstel Van Executie","subtitle":"Afl. 6","description":"Orsin en Melinda ontmoetten elkaar in 2008 en het was liefde op het eerste gezicht. Orsin woonde destijds in Arnhem en Melinda 150 kilometer verderop, in Bergen op Zoom. Toen ze elkaar acht jaar geleden leerde kennen, stond het appartement van Orsin al te koop. Nu Melinda zwanger is, wordt het na al die jaren tijd om samen op een veilige plek een gezin te beginnen. Daar is geld voor nodig en dat is er pas als het huis van Orsin in Arnhem verkocht wordt.","formattedEpisodeNumbering":null,"formattedDate":"Zo 7 aug.","formattedDateShort":"Zo 7 aug.","formattedTime":"19:30","formattedDuration":"41m","formattedAvailabilityWindow":null,"formattedAvailabilityWindowShort":null,"image":{"portraitUrl":null,"landscapeUrl":"https:\/\/images.nlziet.nl\/metadataimportimages\/source\/F538B3C0127F972DE6D3C13EB0FF343A9E242FBB703B9F367A83948027B763CF.jpg"},"logo":{"normalUrl":"https:\/\/cdn.nlziet.nl\/static\/assets\/contentproviders\/rtl.png","darkUrl":"https:\/\/cdn.nlziet.nl\/static\/assets\/contentproviders\/dark\/rtl.png","flatUrl":"https:\/\/cdn.nlziet.nl\/static\/assets\/contentproviders\/flat\/rtl.png"},"tags":[],"seriesId":"7kFjMkND8kuYeLNUTgr5JA"},{"id":"M_AULeX3oky8wj8JvdIGFQ","type":"Vod","title":"Uitstel Van Executie","subtitle":"Afl. 5","description":"In 2011 komt Miranda haar jeugdliefde Martijn na jaren weer tegen. Miranda heeft twee geadopteerde kinderen uit een eerdere relatie en Martijn heeft drie kinderen uit zijn vorige relatie. Ze worden weer verliefd en krijgen samen nog een zoontje. Toch woont Martijn nog steeds in zijn oude woning en Miranda in de zeer geliefde oude woning van haar oma. Het huis van Martijn raakt maar niet verkocht, waardoor ze niet verder kunnen als samengesteld gezin onder \u00e9\u00e9n dak. Martijn en zijn team doen er alles aan om dit gezin bij elkaar te brengen.","formattedEpisodeNumbering":null,"formattedDate":"Zo 31 jul.","formattedDateShort":"Zo 31 jul.","formattedTime":"19:30","formattedDuration":"41m","formattedAvailabilityWindow":null,"formattedAvailabilityWindowShort":null,"image":{"portraitUrl":null,"landscapeUrl":"https:\/\/images.nlziet.nl\/metadataimportimages\/source\/A375E8A2FE9837FFBEBF55531505E2B90E942E28866D1F695524D75E9AFCEEE2.jpg"},"logo":{"normalUrl":"https:\/\/cdn.nlziet.nl\/static\/assets\/contentproviders\/rtl.png","darkUrl":"https:\/\/cdn.nlziet.nl\/static\/assets\/contentproviders\/dark\/rtl.png","flatUrl":"https:\/\/cdn.nlziet.nl\/static\/assets\/contentproviders\/flat\/rtl.png"},"tags":[],"seriesId":"7kFjMkND8kuYeLNUTgr5JA"},{"id":"WuP8HbltCkCGlncITv-dZw","type":"Vod","title":"Uitstel Van Executie","subtitle":"Afl. 4","description":"Patricia had haar droomplaatje voor elkaar: een leuke baan, samen met haar man een prachtige dochter en een fijne woning in Amsterdam-Zuidoost. Daar kwam verandering in toen zij in 2013 na een reorganisatie haar baan verloor en haar echtgenoot een jaar later van haar wilde scheiden. Nu dreigt ze ook nog haar woning kwijt te raken, omdat ze de maandelijkse lasten niet meer kan dragen. Het huis is in een vervallen staat en daarmee onverkoopbaar. Martijn Krabb\u00e9 en zijn team doen er alles aan om Patricia en haar dochtertje een nieuwe start te geven.","formattedEpisodeNumbering":null,"formattedDate":"Zo 24 jul.","formattedDateShort":"Zo 24 jul.","formattedTime":"19:30","formattedDuration":"42m","formattedAvailabilityWindow":null,"formattedAvailabilityWindowShort":null,"image":{"portraitUrl":null,"landscapeUrl":"https:\/\/images.nlziet.nl\/metadataimportimages\/source\/4EF97454E7C62142E316A520D9C8130BEB3A6B976FA167C167E54CB7540C015A.jpg"},"logo":{"normalUrl":"https:\/\/cdn.nlziet.nl\/static\/assets\/contentproviders\/rtl.png","darkUrl":"https:\/\/cdn.nlziet.nl\/static\/assets\/contentproviders\/dark\/rtl.png","flatUrl":"https:\/\/cdn.nlziet.nl\/static\/assets\/contentproviders\/flat\/rtl.png"},"tags":[],"seriesId":"7kFjMkND8kuYeLNUTgr5JA"},{"id":"x0nh3QWXYUWKgQHIXVY0kQ","type":"Vod","title":"Uitstel Van Executie","subtitle":"Afl. 3","description":"Ad en Carla uit Bodegraven hebben vier kinderen, waarvan drie met een visuele beperking. Uit veiligheidsoogpunt hebben ze een aangepaste woning. Dat huis moesten ze noodgedwongen verlaten toen Ad ziek werd en zijn baan verloor. Om de maandlasten te kunnen voldoen, wonen ze nu in een goedkoop huurhuis. De bank wil de woning nu verkopen, maar dan blijven ze met een torenhoge restschuld achter. Martijn Krabb\u00e9 en het team gaan aan de slag om een executieverkoop te voorkomen.","formattedEpisodeNumbering":null,"formattedDate":"Zo 17 jul.","formattedDateShort":"Zo 17 jul.","formattedTime":"19:30","formattedDuration":"41m","formattedAvailabilityWindow":null,"formattedAvailabilityWindowShort":null,"image":{"portraitUrl":null,"landscapeUrl":"https:\/\/images.nlziet.nl\/metadataimportimages\/source\/49E8D9F99779B8B4EA473B9267EC8FC77D3AD8DAFAA63F5BA5197FF8E69FCB1B.jpg"},"logo":{"normalUrl":"https:\/\/cdn.nlziet.nl\/static\/assets\/contentproviders\/rtl.png","darkUrl":"https:\/\/cdn.nlziet.nl\/static\/assets\/contentproviders\/dark\/rtl.png","flatUrl":"https:\/\/cdn.nlziet.nl\/static\/assets\/contentproviders\/flat\/rtl.png"},"tags":[],"seriesId":"7kFjMkND8kuYeLNUTgr5JA"}]