[{"id":"7nwP7emDDkWC90R8CwxRGQ","type":"Vod","title":"Je Huis op Orde","subtitle":"Rijswijk","description":"SBS6 - In Rijswijk wonen Lutske, Guido en hun twee dochters Nynke (17) en Pip (16). Samen vormen ze een sportieve familie die er het liefst ieder weekend fietsend, schaatsend of klimmend op uit trekt. Al deze hobby's zorgen voor een hoop spullen waar eigenlijk geen ruimte voor is. Een perfecte uitdaging voor het dreamteam.","formattedEpisodeNumbering":null,"formattedDate":"Wo 8 dec. 2021","formattedDateShort":"Dec. 2021","formattedTime":"21:27","formattedDuration":"43m","formattedAvailabilityWindow":null,"formattedAvailabilityWindowShort":null,"image":{"portraitUrl":null,"landscapeUrl":"https:\/\/images.nlziet.nl\/metadataimportimages\/source\/8A01038007976A82DB9CF010AD9A1554884BF55ABA40FE007729EFF7AC6DA4EF.jpg"},"logo":{"normalUrl":"https:\/\/cdn.nlziet.nl\/static\/assets\/contentproviders\/sbs.png","darkUrl":"https:\/\/cdn.nlziet.nl\/static\/assets\/contentproviders\/dark\/sbs.png","flatUrl":"https:\/\/cdn.nlziet.nl\/static\/assets\/contentproviders\/flat\/sbs.png"},"tags":[],"seriesId":"782lDOi5Q0SIg0B7VJLoGQ"},{"id":"jTfXDQndKki2CaW0JCBeKw","type":"Vod","title":"Je Huis op Orde","subtitle":"Dordrecht","description":"SBS6 - Viktor Brand en zijn team helpen gezinnen met het opruimen van hun huis. Zij doen dat door alle spullen, van elke doos tot aan de laatste paperclip, uit huis te halen en alles te sorteren in een grote loods. Het gezin krijgt de opdracht om afscheid te nemen van een groot deel van hun spullen. Vervolgens plaatsen Viktor en zijn team alles geordend en effici\u00ebnt terug in het huis. En dat allemaal in \u00e9\u00e9n week tijd","formattedEpisodeNumbering":null,"formattedDate":"Wo 1 dec. 2021","formattedDateShort":"Dec. 2021","formattedTime":"21:30","formattedDuration":"42m","formattedAvailabilityWindow":null,"formattedAvailabilityWindowShort":null,"image":{"portraitUrl":null,"landscapeUrl":"https:\/\/images.nlziet.nl\/metadataimportimages\/source\/39028FC250B8102B343094C839A292F72F28C7B0C2009812AE113660413CB7EF.jpg"},"logo":{"normalUrl":"https:\/\/cdn.nlziet.nl\/static\/assets\/contentproviders\/sbs.png","darkUrl":"https:\/\/cdn.nlziet.nl\/static\/assets\/contentproviders\/dark\/sbs.png","flatUrl":"https:\/\/cdn.nlziet.nl\/static\/assets\/contentproviders\/flat\/sbs.png"},"tags":[],"seriesId":"782lDOi5Q0SIg0B7VJLoGQ"},{"id":"I17QCyISmkyUzgn79nL2bw","type":"Vod","title":"Je Huis op Orde","subtitle":"IJmuiden","description":"SBS6 - Vlakbij het strand in IJmuiden wonen Jennifer, Ricardo en hun drie jonge kinderen Jaylinn (5), Mason (3) en Duncan (1). Bij binnenkomst bij de familie Schenkt lijkt het alsof er een bom is ontploft - een speelgoedbom. Jennifer heeft zich opgegeven, omdat ze zich schaamt en het gevoel heeft dat ze verdrinkt in de spullen. Zij en Ricardo verkeren met hun jonge kinderen al een tijdje in de 'overlevingsmodus' en komen maar niet aan opruimen toe. Een perfecte klus voor het dreamteam.","formattedEpisodeNumbering":null,"formattedDate":"Wo 24 nov. 2021","formattedDateShort":"Nov. 2021","formattedTime":"21:27","formattedDuration":"42m","formattedAvailabilityWindow":null,"formattedAvailabilityWindowShort":null,"image":{"portraitUrl":null,"landscapeUrl":"https:\/\/images.nlziet.nl\/metadataimportimages\/source\/61BBE4BC6C3FDE9D1522773E030B370527A4A27CD9A87AE550E909F6AB65D29E.jpg"},"logo":{"normalUrl":"https:\/\/cdn.nlziet.nl\/static\/assets\/contentproviders\/sbs.png","darkUrl":"https:\/\/cdn.nlziet.nl\/static\/assets\/contentproviders\/dark\/sbs.png","flatUrl":"https:\/\/cdn.nlziet.nl\/static\/assets\/contentproviders\/flat\/sbs.png"},"tags":[],"seriesId":"782lDOi5Q0SIg0B7VJLoGQ"},{"id":"X8X66JB--UynLL7J2Bdfhg","type":"Vod","title":"Je Huis op Orde","subtitle":"Amstelveen","description":"SBS6 - Het samengestelde gezin bestaande uit moeder Annemarie, vader Philip en de kinderen Jasmijn (19), Sebastiaan (18), Rosalie (16), Feline (13), Annabel (11) en Benjamin (7), woont in Amstelveen en staat nooit stil. Op volle sterkte leven ze met z'n achten in het huis en wordt het snel een chaotische bende. Vooral Annemarie wordt daar onrustig van. Hoewel ze in een prachtig hip huis leven, heeft ze een bijna obsessieve wens dat alles tot in de puntjes netjes en perfect moet zijn. De handen van organizer Eefje jeuken om bij dit gezin aan de slag te gaan.","formattedEpisodeNumbering":null,"formattedDate":"Wo 17 nov. 2021","formattedDateShort":"Nov. 2021","formattedTime":"21:28","formattedDuration":"42m","formattedAvailabilityWindow":null,"formattedAvailabilityWindowShort":null,"image":{"portraitUrl":null,"landscapeUrl":"https:\/\/images.nlziet.nl\/metadataimportimages\/source\/6BEFE3C9B4CB329E82241094E01631D6DCC9FF78A93E87CCD86590F39475FCCF.jpg"},"logo":{"normalUrl":"https:\/\/cdn.nlziet.nl\/static\/assets\/contentproviders\/sbs.png","darkUrl":"https:\/\/cdn.nlziet.nl\/static\/assets\/contentproviders\/dark\/sbs.png","flatUrl":"https:\/\/cdn.nlziet.nl\/static\/assets\/contentproviders\/flat\/sbs.png"},"tags":[],"seriesId":"782lDOi5Q0SIg0B7VJLoGQ"},{"id":"n5paOs5ookKIJkvaN14-9g","type":"Vod","title":"Je Huis op Orde","subtitle":"Zoetermeer","description":"SBS6 - Natasja, Remco en hun vijf kinderen Joshua, Juli\u00ebn, Layla, Lyna en Louise wonen in Zoetermeer. Natasja zegt zelf dat ze een slaaf van haar spullen is. Ze probeert met man en macht rust in het huis te cre\u00ebren, maar haar man Remco blijft maar thuiskomen met prullaria van de kringloop. Het grote huis is inmiddels onhandig volgepropt met spullen. Het dreamteam komt in actie om dit grote gezin een frisse en opgeruimde start te geven.","formattedEpisodeNumbering":null,"formattedDate":"Wo 10 nov. 2021","formattedDateShort":"Nov. 2021","formattedTime":"21:29","formattedDuration":"42m","formattedAvailabilityWindow":null,"formattedAvailabilityWindowShort":null,"image":{"portraitUrl":null,"landscapeUrl":"https:\/\/images.nlziet.nl\/metadataimportimages\/source\/2F304AA142A1D6B2138E3338FE34C9781C867A485951E747014FB28141C24AB5.jpg"},"logo":{"normalUrl":"https:\/\/cdn.nlziet.nl\/static\/assets\/contentproviders\/sbs.png","darkUrl":"https:\/\/cdn.nlziet.nl\/static\/assets\/contentproviders\/dark\/sbs.png","flatUrl":"https:\/\/cdn.nlziet.nl\/static\/assets\/contentproviders\/flat\/sbs.png"},"tags":[],"seriesId":"782lDOi5Q0SIg0B7VJLoGQ"},{"id":"qsV_-DmFNEmsyCHYfP59Eg","type":"Vod","title":"Je Huis op Orde","subtitle":"Apeldoorn","description":"SBS6 - Lilian, Marco en hun zoon Joey wonen in een kleurrijk rijtjeshuis in Apeldoorn. Op het eerste gezicht lijkt er niet veel aan de hand te zijn, totdat het team de overvolle zolder ontdekt. Twintig jaar aan spullen en herinneringen liggen hier opgestapeld op een liefdeloze hoop. Moeder Lilian blijkt last te hebben van verzamelwoede en haar man Marco is daar niet blij mee; hij is de chaos in huis helemaal zat. Viktor en zijn dreamteam gaan aan de slag om dit gezin te verlossen van hun overtollige spullen.","formattedEpisodeNumbering":null,"formattedDate":"Wo 3 nov. 2021","formattedDateShort":"Nov. 2021","formattedTime":"21:29","formattedDuration":"41m","formattedAvailabilityWindow":null,"formattedAvailabilityWindowShort":null,"image":{"portraitUrl":null,"landscapeUrl":"https:\/\/images.nlziet.nl\/metadataimportimages\/source\/8F02C462C464B606EEF61A4FC5CC51620CEFC0C33715C841350747554802B4A8.jpg"},"logo":{"normalUrl":"https:\/\/cdn.nlziet.nl\/static\/assets\/contentproviders\/sbs.png","darkUrl":"https:\/\/cdn.nlziet.nl\/static\/assets\/contentproviders\/dark\/sbs.png","flatUrl":"https:\/\/cdn.nlziet.nl\/static\/assets\/contentproviders\/flat\/sbs.png"},"tags":[],"seriesId":"782lDOi5Q0SIg0B7VJLoGQ"},{"id":"frXSh6_NI0exKqatrRni1Q","type":"Vod","title":"Je Huis op Orde","subtitle":"Velzen","description":"SBS6 - Vader en fietsenmaker Emiel woont samen met zijn vier kinderen Sophie (4), Daan (10), Thom (12), Irene (14) en de hond in een prachtig huis in Velzen-Zuid. Door het co-ouderschap over de kinderen, de verantwoordelijkheid voor zijn drie fietsenwinkels en de liefde voor zijn nieuwe vriendin Jos\u00e9 komt hij niet toe aan het op orde houden van zijn huis. Zo treft het dreamteam een overvolle schuur aan waarvan ze in shock zijn, slaapt het tienjarige jongetje Daan al vier jaar op een babykamer en leeft vriendin Jos\u00e9 al twee jaar uit haar weekendtas, omdat ze geen ruimte heeft om haar spulletjes in een kast te leggen. Uiteraard weet het dreamteam hier wel raad mee.","formattedEpisodeNumbering":null,"formattedDate":"Wo 27 okt. 2021","formattedDateShort":"Okt. 2021","formattedTime":"21:30","formattedDuration":"42m","formattedAvailabilityWindow":null,"formattedAvailabilityWindowShort":null,"image":{"portraitUrl":null,"landscapeUrl":"https:\/\/images.nlziet.nl\/metadataimportimages\/source\/3D303390D6E45BEF2A1F6D86F6971890855B837123C19FFAA8A90B97CF76EE5E.jpg"},"logo":{"normalUrl":"https:\/\/cdn.nlziet.nl\/static\/assets\/contentproviders\/sbs.png","darkUrl":"https:\/\/cdn.nlziet.nl\/static\/assets\/contentproviders\/dark\/sbs.png","flatUrl":"https:\/\/cdn.nlziet.nl\/static\/assets\/contentproviders\/flat\/sbs.png"},"tags":[],"seriesId":"782lDOi5Q0SIg0B7VJLoGQ"},{"id":"d--w7XTm30SgK_WtbL2f2w","type":"Vod","title":"Je Huis op Orde","subtitle":"Middelburg","description":"SBS6 - In Middelburg woont vader Chris met zijn twee volwassen zonen Jared van negentien jaar en Mike van 21 jaar. Zijn vriendin heeft hen aangemeld, omdat vooral de twee jongens er een puinhoop van maken. Ook vader Chris heeft het voor elkaar gekregen om een kamer tot aan de nok toe te vullen met ondefinieerbare spullen, waardoor deze kamer totaal geen functie meer heeft. Viktor Brand en Eefje confronteren de heren met hun gedrag en het hele dreamteam zorgt uiteindelijk voor een opgeruimd en georganiseerd gezellig huis.","formattedEpisodeNumbering":null,"formattedDate":"Wo 20 okt. 2021","formattedDateShort":"Okt. 2021","formattedTime":"21:31","formattedDuration":"42m","formattedAvailabilityWindow":null,"formattedAvailabilityWindowShort":null,"image":{"portraitUrl":null,"landscapeUrl":"https:\/\/images.nlziet.nl\/metadataimportimages\/source\/8E42D247D4BC8B24FC3B3DA0C8684D168EA0E6F1AA8D30875AE64DDFD9152341.jpg"},"logo":{"normalUrl":"https:\/\/cdn.nlziet.nl\/static\/assets\/contentproviders\/sbs.png","darkUrl":"https:\/\/cdn.nlziet.nl\/static\/assets\/contentproviders\/dark\/sbs.png","flatUrl":"https:\/\/cdn.nlziet.nl\/static\/assets\/contentproviders\/flat\/sbs.png"},"tags":[],"seriesId":"782lDOi5Q0SIg0B7VJLoGQ"},{"id":"nUVL-3njkky1xP4NyN_O_g","type":"Vod","title":"Je Huis op Orde","subtitle":"Zwolle","description":"SBS6 - In Zwolle woont Miranda met haar achttienjarige zoon Milan en haar vijftienjarige dochter Shula. Door het verdriet om haar scheiding was Miranda niet meer in staat om het huis op orde te houden en is het veranderd in een ongezellige verzameling van spullen.","formattedEpisodeNumbering":null,"formattedDate":"Wo 13 okt. 2021","formattedDateShort":"Okt. 2021","formattedTime":"21:34","formattedDuration":"41m","formattedAvailabilityWindow":null,"formattedAvailabilityWindowShort":null,"image":{"portraitUrl":null,"landscapeUrl":"https:\/\/images.nlziet.nl\/metadataimportimages\/source\/AD31AFFF9FCE269DAAA772F71E6E6105DD1FFE78633ACA33148CB35864B20697.jpg"},"logo":{"normalUrl":"https:\/\/cdn.nlziet.nl\/static\/assets\/contentproviders\/sbs.png","darkUrl":"https:\/\/cdn.nlziet.nl\/static\/assets\/contentproviders\/dark\/sbs.png","flatUrl":"https:\/\/cdn.nlziet.nl\/static\/assets\/contentproviders\/flat\/sbs.png"},"tags":[],"seriesId":"782lDOi5Q0SIg0B7VJLoGQ"}]