[{"id":"aoiRf_7X6kKzJsezW0cJPA","type":"Vod","title":"Andr\u00e9 Rieu","subtitle":"Andr\u00e9 Rieu in Australi\u00eb","description":"TROS - Roadsoap waarin we violist en orkestleider Andr\u00e9 Rieu volgen, samen met zijn orkest en crew bij zijn eerste Australische tournee. Met meer dan twee miljoen verkochte cd's en dvd's, is Rieu inmiddels ook Down Under een megaster. Voor zijn allereerste Australische concerten pakt Rieu, zoals we gewend zijn, weer groots uit met zijn Weens Sch\u00f6nbrunn kasteel, de ijsdansers, de gouden koets en het Weens ballet. De hele tour bestaat uit een crew van meer dan vijfhonderd mensen. Met meer dan 264.000 bezoekers gedeeld over elf concerten, is de tour een groot succes. De aftrap van de concerten vindt plaats in Melbourne, waar hij een groot stadionconcert geeft voor meer dan 38.000 uitzinnige fans. We reizen met Andr\u00e9 heel Australi\u00eb en zelfs Nieuw-Zeeland door. De populariteit van de koning van de wals blijkt wel uit zijn gastrol in de soap Neighbours en zijn vele mediaoptredens in onder meer de finale van de Australische versie van Dancing with the Stars. We krijgen een fantastisch beeld achter de schermen van dit megaspektakel.","formattedEpisodeNumbering":null,"formattedDate":"Vr 26 jun. 2009","formattedDateShort":"Jun. 2009","formattedTime":"19:25","formattedDuration":"35m","formattedAvailabilityWindow":null,"formattedAvailabilityWindowShort":null,"image":{"portraitUrl":null,"landscapeUrl":"https:\/\/images.nlziet.nl\/metadataimportimages\/source\/BFF5B4490A884F496F7A77C180DF546FA0448A4F5691D7793695D698C0E50DE3.jpg"},"logo":{"normalUrl":"https:\/\/cdn.nlziet.nl\/static\/assets\/contentproviders\/npo.png","darkUrl":"https:\/\/cdn.nlziet.nl\/static\/assets\/contentproviders\/dark\/npo.png","flatUrl":"https:\/\/cdn.nlziet.nl\/static\/assets\/contentproviders\/flat\/npo.png"},"tags":[],"seriesId":"6nYNguFY_Eiaeu9gIcxSyg"},{"id":"GZPugNf4dUuWhjLCXq9SUg","type":"Vod","title":"Andr\u00e9 Rieu","subtitle":"Andr\u00e9 Rieu in Australi\u00eb","description":"TROS - Roadsoap waarin we violist en orkestleider Andr\u00e9 Rieu volgen, samen met zijn orkest en crew bij zijn eerste Australische tournee. Met meer dan twee miljoen verkochte cd's en dvd's, is Rieu inmiddels ook Down Under een megaster. Voor zijn allereerste Australische concerten pakt Rieu, zoals we gewend zijn, weer groots uit met zijn Weens Sch\u00f6nbrunn kasteel, de ijsdansers, de gouden koets en het Weens ballet. De hele tour bestaat uit een crew van meer dan vijfhonderd mensen. Met meer dan 264.000 bezoekers gedeeld over elf concerten, is de tour een groot succes. De aftrap van de concerten vindt plaats in Melbourne, waar hij een groot stadionconcert geeft voor meer dan 38.000 uitzinnige fans. We reizen met Andr\u00e9 heel Australi\u00eb en zelfs Nieuw-Zeeland door. De populariteit van de koning van de wals blijkt wel uit zijn gastrol in de soap Neighbours en zijn vele mediaoptredens in onder meer de finale van de Australische versie van Dancing with the Stars.","formattedEpisodeNumbering":null,"formattedDate":"Vr 19 jun. 2009","formattedDateShort":"Jun. 2009","formattedTime":"21:30","formattedDuration":"30m","formattedAvailabilityWindow":null,"formattedAvailabilityWindowShort":null,"image":{"portraitUrl":null,"landscapeUrl":"https:\/\/images.nlziet.nl\/metadataimportimages\/source\/BFF5B4490A884F496F7A77C180DF546FA0448A4F5691D7793695D698C0E50DE3.jpg"},"logo":{"normalUrl":"https:\/\/cdn.nlziet.nl\/static\/assets\/contentproviders\/npo.png","darkUrl":"https:\/\/cdn.nlziet.nl\/static\/assets\/contentproviders\/dark\/npo.png","flatUrl":"https:\/\/cdn.nlziet.nl\/static\/assets\/contentproviders\/flat\/npo.png"},"tags":[],"seriesId":"6nYNguFY_Eiaeu9gIcxSyg"},{"id":"A045AY6nNkqTqTWgkHvkRw","type":"Vod","title":"Andr\u00e9 Rieu","subtitle":"Andr\u00e9 Rieu in Australi\u00eb","description":"TROS - Roadsoap waarin we violist en orkestleider Andr\u00e9 Rieu volgen, samen met zijn orkest en crew bij zijn eerste Australische tournee. Met meer dan twee miljoen verkochte cd's en dvd's, is Rieu inmiddels ook Down Under een megaster. Voor zijn allereerste Australische concerten pakt Rieu, zoals we gewend zijn, weer groots uit met zijn Weens Sch\u00f6nbrunn kasteel, de ijsdansers, de gouden koets en het Weens ballet. De hele tour bestaat uit een crew van meer dan vijfhonderd mensen. Met meer dan 264.000 bezoekers gedeeld over elf concerten, is de tour een groot succes. De aftrap van de concerten vindt plaats in Melbourne, waar hij een groot stadionconcert geeft voor meer dan 38.000 uitzinnige fans. We reizen met Andr\u00e9 heel Australi\u00eb en zelfs Nieuw-Zeeland door. De populariteit van de koning van de wals blijkt wel uit zijn gastrol in de soap Neighbours en zijn vele mediaoptredens in onder meer de finale van de Australische versie van Dancing with the Stars.","formattedEpisodeNumbering":null,"formattedDate":"Vr 5 jun. 2009","formattedDateShort":"Jun. 2009","formattedTime":"21:30","formattedDuration":"30m","formattedAvailabilityWindow":null,"formattedAvailabilityWindowShort":null,"image":{"portraitUrl":null,"landscapeUrl":"https:\/\/images.nlziet.nl\/metadataimportimages\/source\/BFF5B4490A884F496F7A77C180DF546FA0448A4F5691D7793695D698C0E50DE3.jpg"},"logo":{"normalUrl":"https:\/\/cdn.nlziet.nl\/static\/assets\/contentproviders\/npo.png","darkUrl":"https:\/\/cdn.nlziet.nl\/static\/assets\/contentproviders\/dark\/npo.png","flatUrl":"https:\/\/cdn.nlziet.nl\/static\/assets\/contentproviders\/flat\/npo.png"},"tags":[],"seriesId":"6nYNguFY_Eiaeu9gIcxSyg"},{"id":"8KnskLIACkuty9wZTkSilw","type":"Vod","title":"Andr\u00e9 Rieu","subtitle":"Andr\u00e9 Rieu in Australi\u00eb","description":"TROS - Roadsoap waarin we violist en orkestleider Andr\u00e9 Rieu volgen, samen met zijn orkest en crew bij zijn eerste Australische tournee. Met meer dan twee miljoen verkochte cd's en dvd's, is Rieu inmiddels ook Down Under een megaster. Voor zijn allereerste Australische concerten pakt Rieu, zoals we gewend zijn, weer groots uit met zijn Weens Sch\u00f6nbrunn kasteel, de ijsdansers, de gouden koets en het Weens ballet. De hele tour bestaat uit een crew van meer dan vijfhonderd mensen. Met meer dan 264.000 bezoekers gedeeld over elf concerten, is de tour een groot succes. De aftrap van de concerten vindt plaats in Melbourne, waar hij een groot stadionconcert geeft voor meer dan 38.000 uitzinnige fans. We reizen met Andr\u00e9 heel Australi\u00eb en zelfs Nieuw-Zeeland door. De populariteit van de koning van de wals blijkt wel uit zijn gastrol in de soap Neighbours en zijn vele mediaoptredens in onder meer de finale van de Australische versie van Dancing with the Stars.","formattedEpisodeNumbering":null,"formattedDate":"Vr 29 mei. 2009","formattedDateShort":"Mei. 2009","formattedTime":"21:30","formattedDuration":"30m","formattedAvailabilityWindow":null,"formattedAvailabilityWindowShort":null,"image":{"portraitUrl":null,"landscapeUrl":"https:\/\/images.nlziet.nl\/metadataimportimages\/source\/BFF5B4490A884F496F7A77C180DF546FA0448A4F5691D7793695D698C0E50DE3.jpg"},"logo":{"normalUrl":"https:\/\/cdn.nlziet.nl\/static\/assets\/contentproviders\/npo.png","darkUrl":"https:\/\/cdn.nlziet.nl\/static\/assets\/contentproviders\/dark\/npo.png","flatUrl":"https:\/\/cdn.nlziet.nl\/static\/assets\/contentproviders\/flat\/npo.png"},"tags":[],"seriesId":"6nYNguFY_Eiaeu9gIcxSyg"},{"id":"z09VjGqzZk-AoOWZ5sKPzA","type":"Vod","title":"Andr\u00e9 Rieu","subtitle":"Andr\u00e9 Rieu in Australi\u00eb","description":"TROS - Roadsoap waarin we violist en orkestleider Andr\u00e9 Rieu volgen samen met zijn orkest en crew bij zijn eerste Australische tournee. Met meer dan twee miljoen verkochte cd's en dvd's, is Rieu inmiddels ook Down Under een megaster. Voor zijn allereerste Australische concerten pakt Rieu, zoals we gewend zijn, weer groots uit met zijn Weens Sch\u00f6nbrunn kasteel, de ijsdansers, de gouden koets en het Weens ballet. De hele tour bestaat uit een crew van meer dan vijfhonderd mensen. Met meer dan 264.000 bezoekers gedeeld over elf concerten, is de tour een groot succes. De aftrap van de concerten vindt plaats in Melbourne, waar hij een groot stadiumconcert geeft voor meer dan 38.000 uitzinnige fans. We reizen met Andr\u00e9 heel Australi\u00eb en zelfs Nieuw-Zeeland door. De populariteit van de koning van de wals blijkt wel uit zijn gastrol in de soap Neighbours en zijn vele mediaoptredens in onder meer de finale van de Australische versie van Dancing with the Stars.","formattedEpisodeNumbering":null,"formattedDate":"Vr 22 mei. 2009","formattedDateShort":"Mei. 2009","formattedTime":"21:30","formattedDuration":"30m","formattedAvailabilityWindow":null,"formattedAvailabilityWindowShort":null,"image":{"portraitUrl":null,"landscapeUrl":"https:\/\/images.nlziet.nl\/metadataimportimages\/source\/BFF5B4490A884F496F7A77C180DF546FA0448A4F5691D7793695D698C0E50DE3.jpg"},"logo":{"normalUrl":"https:\/\/cdn.nlziet.nl\/static\/assets\/contentproviders\/npo.png","darkUrl":"https:\/\/cdn.nlziet.nl\/static\/assets\/contentproviders\/dark\/npo.png","flatUrl":"https:\/\/cdn.nlziet.nl\/static\/assets\/contentproviders\/flat\/npo.png"},"tags":[],"seriesId":"6nYNguFY_Eiaeu9gIcxSyg"}]