[{"id":"KjEfJICgCEm6xEVPXX0Xwg","type":"Vod","title":"Border Security: Australi\u00eb","subtitle":"Aflevering 30","description":"Veronica - De landsgrenzen worden voortdurend bedreigd. Of het nu gaat om drugssmokkel, illegale immigratie, infecties of het meenemen van verboden voorwerpen, de douaniers houden het allemaal in de gaten. Het gaat er soms heftig aan toe en de douaniers hebben er dan ook hun handen vol aan.","formattedEpisodeNumbering":null,"formattedDate":"Zo 26 jun.","formattedDateShort":"Zo 26 jun.","formattedTime":"18:29","formattedDuration":"22m","formattedAvailabilityWindow":null,"formattedAvailabilityWindowShort":null,"image":{"portraitUrl":null,"landscapeUrl":"https:\/\/images.nlziet.nl\/metadataimportimages\/source\/36522F63897215FAFC2599316A0C15D1D05B383BB7167ECBAD5E81195E933751.jpg"},"logo":{"normalUrl":"https:\/\/cdn.nlziet.nl\/static\/assets\/contentproviders\/sbs.png","darkUrl":"https:\/\/cdn.nlziet.nl\/static\/assets\/contentproviders\/dark\/sbs.png","flatUrl":"https:\/\/cdn.nlziet.nl\/static\/assets\/contentproviders\/flat\/sbs.png"},"tags":[],"seriesId":"6EBfsFV_3EqMK8x9C1vHew"},{"id":"U9B3OZwaOkOLkxx9_-q8Qg","type":"Vod","title":"Border Security: Australi\u00eb","subtitle":"Aflevering 29","description":"Veronica - De landsgrenzen worden voortdurend bedreigd. Of het nu gaat om drugssmokkel, illegale immigratie, infecties of het meenemen van verboden voorwerpen, de douaniers houden het allemaal in de gaten. Het gaat er soms heftig aan toe en de douaniers hebben er dan ook hun handen vol aan.","formattedEpisodeNumbering":null,"formattedDate":"Zo 26 jun.","formattedDateShort":"Zo 26 jun.","formattedTime":"18:00","formattedDuration":"22m","formattedAvailabilityWindow":null,"formattedAvailabilityWindowShort":null,"image":{"portraitUrl":null,"landscapeUrl":"https:\/\/images.nlziet.nl\/metadataimportimages\/source\/10DDFEF4F8CA01F28680FF2D643C666CD6DBA38CE5972266A7CF03F6BA2F3226.jpg"},"logo":{"normalUrl":"https:\/\/cdn.nlziet.nl\/static\/assets\/contentproviders\/sbs.png","darkUrl":"https:\/\/cdn.nlziet.nl\/static\/assets\/contentproviders\/dark\/sbs.png","flatUrl":"https:\/\/cdn.nlziet.nl\/static\/assets\/contentproviders\/flat\/sbs.png"},"tags":[],"seriesId":"6EBfsFV_3EqMK8x9C1vHew"},{"id":"dt0BG8RaT0uykgUmc8aaMg","type":"Vod","title":"Border Security: Australi\u00eb","subtitle":"Aflevering 28","description":"Veronica - De landsgrenzen worden voortdurend bedreigd. Of het nu gaat om drugssmokkel, illegale immigratie, infecties of het meenemen van verboden voorwerpen, de douaniers houden het allemaal in de gaten. Het gaat er soms heftig aan toe en de douaniers hebben er dan ook hun handen vol aan.","formattedEpisodeNumbering":null,"formattedDate":"Zo 19 jun.","formattedDateShort":"Zo 19 jun.","formattedTime":"18:32","formattedDuration":"20m","formattedAvailabilityWindow":null,"formattedAvailabilityWindowShort":null,"image":{"portraitUrl":"https:\/\/images.nlziet.nl\/metadataimportimages\/source\/345E833C538A748233A32445FF2275D6801899B70CD0007C0FC2BAF257230152.jpg","landscapeUrl":"https:\/\/images.nlziet.nl\/metadataimportimages\/source\/8C22A33912A300FF9334710E13E34AA0F5E3CFF600B965F3D49D62042D961ADA.jpg"},"logo":{"normalUrl":"https:\/\/cdn.nlziet.nl\/static\/assets\/contentproviders\/sbs.png","darkUrl":"https:\/\/cdn.nlziet.nl\/static\/assets\/contentproviders\/dark\/sbs.png","flatUrl":"https:\/\/cdn.nlziet.nl\/static\/assets\/contentproviders\/flat\/sbs.png"},"tags":[],"seriesId":"6EBfsFV_3EqMK8x9C1vHew"},{"id":"M2KWdprrX0-IFRiZZYD68g","type":"Vod","title":"Border Security: Australi\u00eb","subtitle":"Aflevering 27","description":"Veronica - De landsgrenzen worden voortdurend bedreigd. Of het nu gaat om drugssmokkel, illegale immigratie, infecties of het meenemen van verboden voorwerpen, de douaniers houden het allemaal in de gaten. Het gaat er soms heftig aan toe en de douaniers hebben er dan ook hun handen vol aan.","formattedEpisodeNumbering":null,"formattedDate":"Zo 19 jun.","formattedDateShort":"Zo 19 jun.","formattedTime":"18:03","formattedDuration":"20m","formattedAvailabilityWindow":null,"formattedAvailabilityWindowShort":null,"image":{"portraitUrl":"https:\/\/images.nlziet.nl\/metadataimportimages\/source\/2E7F97AAF64F7895C633D3A5195E4951D59D9030C8B9868393D8F1D97296B57F.jpg","landscapeUrl":"https:\/\/images.nlziet.nl\/metadataimportimages\/source\/943285681B9453C3C9E27F098D810FC63529DA29517D115A2B0C4F281F0DF805.jpg"},"logo":{"normalUrl":"https:\/\/cdn.nlziet.nl\/static\/assets\/contentproviders\/sbs.png","darkUrl":"https:\/\/cdn.nlziet.nl\/static\/assets\/contentproviders\/dark\/sbs.png","flatUrl":"https:\/\/cdn.nlziet.nl\/static\/assets\/contentproviders\/flat\/sbs.png"},"tags":[],"seriesId":"6EBfsFV_3EqMK8x9C1vHew"},{"id":"kNd_mGG5XEK2Gwt59fE24w","type":"Vod","title":"Border Security: Australi\u00eb","subtitle":"Aflevering 26","description":"De landsgrenzen worden voortdurend bedreigd. Of het nu gaat om drugssmokkel, illegale immigratie, infecties of het meenemen van verboden voorwerpen, de douaniers houden het allemaal in de gaten. Het gaat er soms heftig aan toe en de douaniers hebben er dan ook hun handen vol aan.","formattedEpisodeNumbering":null,"formattedDate":"Zo 12 jun.","formattedDateShort":"Zo 12 jun.","formattedTime":"18:32","formattedDuration":"20m","formattedAvailabilityWindow":null,"formattedAvailabilityWindowShort":null,"image":{"portraitUrl":null,"landscapeUrl":"https:\/\/images.nlziet.nl\/metadataimportimages\/source\/FFE127C5AF3E9D8E1ED3F5B9B3B28837B80E97C7B05D436C8F1C99E4116AC460.jpg"},"logo":{"normalUrl":"https:\/\/cdn.nlziet.nl\/static\/assets\/contentproviders\/sbs.png","darkUrl":"https:\/\/cdn.nlziet.nl\/static\/assets\/contentproviders\/dark\/sbs.png","flatUrl":"https:\/\/cdn.nlziet.nl\/static\/assets\/contentproviders\/flat\/sbs.png"},"tags":[],"seriesId":"6EBfsFV_3EqMK8x9C1vHew"},{"id":"hg-SUO4bdUm_prkWAKRxTw","type":"Vod","title":"Border Security: Australi\u00eb","subtitle":"Aflevering 25","description":"De landsgrenzen worden voortdurend bedreigd. Of het nu gaat om drugssmokkel, illegale immigratie, infecties of het meenemen van verboden voorwerpen, de douaniers houden het allemaal in de gaten. Het gaat er soms heftig aan toe en de douaniers hebben er dan ook hun handen vol aan.","formattedEpisodeNumbering":null,"formattedDate":"Zo 12 jun.","formattedDateShort":"Zo 12 jun.","formattedTime":"18:03","formattedDuration":"20m","formattedAvailabilityWindow":null,"formattedAvailabilityWindowShort":null,"image":{"portraitUrl":null,"landscapeUrl":"https:\/\/images.nlziet.nl\/metadataimportimages\/source\/A825A11340FA8FE1AA297A93AAE0580046E0406FF583E03548DE4757A0DC3102.jpg"},"logo":{"normalUrl":"https:\/\/cdn.nlziet.nl\/static\/assets\/contentproviders\/sbs.png","darkUrl":"https:\/\/cdn.nlziet.nl\/static\/assets\/contentproviders\/dark\/sbs.png","flatUrl":"https:\/\/cdn.nlziet.nl\/static\/assets\/contentproviders\/flat\/sbs.png"},"tags":[],"seriesId":"6EBfsFV_3EqMK8x9C1vHew"},{"id":"iLer4kpAzUCkIj7OI_jebA","type":"Vod","title":"Border Security: Australi\u00eb","subtitle":"Aflevering 24","description":"De landsgrenzen worden voortdurend bedreigd. Of het nu gaat om drugssmokkel, illegale immigratie, infecties of het meenemen van verboden voorwerpen, de douaniers houden het allemaal in de gaten. Het gaat er soms heftig aan toe en de douaniers hebben er dan ook hun handen vol aan.","formattedEpisodeNumbering":null,"formattedDate":"Zo 5 jun.","formattedDateShort":"Zo 5 jun.","formattedTime":"18:32","formattedDuration":"20m","formattedAvailabilityWindow":null,"formattedAvailabilityWindowShort":null,"image":{"portraitUrl":null,"landscapeUrl":"https:\/\/images.nlziet.nl\/metadataimportimages\/source\/DC686595300FFC5B12FAD8B551CA15EEBFF60D2B43720181AA84B0DFD1F24D9D.jpg"},"logo":{"normalUrl":"https:\/\/cdn.nlziet.nl\/static\/assets\/contentproviders\/sbs.png","darkUrl":"https:\/\/cdn.nlziet.nl\/static\/assets\/contentproviders\/dark\/sbs.png","flatUrl":"https:\/\/cdn.nlziet.nl\/static\/assets\/contentproviders\/flat\/sbs.png"},"tags":[],"seriesId":"6EBfsFV_3EqMK8x9C1vHew"},{"id":"V4n9VKeDWkWmbvkqyQw40g","type":"Vod","title":"Border Security: Australi\u00eb","subtitle":"Aflevering 23","description":"De landsgrenzen worden voortdurend bedreigd. Of het nu gaat om drugssmokkel, illegale immigratie, infecties of het meenemen van verboden voorwerpen, de douaniers houden het allemaal in de gaten. Het gaat er soms heftig aan toe en de douaniers hebben er dan ook hun handen vol aan.","formattedEpisodeNumbering":null,"formattedDate":"Zo 5 jun.","formattedDateShort":"Zo 5 jun.","formattedTime":"18:03","formattedDuration":"20m","formattedAvailabilityWindow":null,"formattedAvailabilityWindowShort":null,"image":{"portraitUrl":null,"landscapeUrl":"https:\/\/images.nlziet.nl\/metadataimportimages\/source\/737BEA60E1153DF5B3A16BFCDC225D5492F9CCA3612AA1FDAF7E59F7B37A4051.jpg"},"logo":{"normalUrl":"https:\/\/cdn.nlziet.nl\/static\/assets\/contentproviders\/sbs.png","darkUrl":"https:\/\/cdn.nlziet.nl\/static\/assets\/contentproviders\/dark\/sbs.png","flatUrl":"https:\/\/cdn.nlziet.nl\/static\/assets\/contentproviders\/flat\/sbs.png"},"tags":[],"seriesId":"6EBfsFV_3EqMK8x9C1vHew"},{"id":"tILW9etdNEi4UEfpB7thXA","type":"Vod","title":"Border Security: Australi\u00eb","subtitle":"Aflevering 22","description":"De landsgrenzen worden voortdurend bedreigd. Of het nu gaat om drugssmokkel, illegale immigratie, infecties of het meenemen van verboden voorwerpen, de douaniers houden het allemaal in de gaten. Het gaat er soms heftig aan toe en de douaniers hebben er dan ook hun handen vol aan.","formattedEpisodeNumbering":null,"formattedDate":"Zo 29 mei.","formattedDateShort":"Zo 29 mei.","formattedTime":"18:32","formattedDuration":"20m","formattedAvailabilityWindow":null,"formattedAvailabilityWindowShort":null,"image":{"portraitUrl":null,"landscapeUrl":"https:\/\/images.nlziet.nl\/metadataimportimages\/source\/F58215B521E8C3D05445D374400674A50D0BEE6D66085F0441995A6835DC4E9A.jpg"},"logo":{"normalUrl":"https:\/\/cdn.nlziet.nl\/static\/assets\/contentproviders\/sbs.png","darkUrl":"https:\/\/cdn.nlziet.nl\/static\/assets\/contentproviders\/dark\/sbs.png","flatUrl":"https:\/\/cdn.nlziet.nl\/static\/assets\/contentproviders\/flat\/sbs.png"},"tags":[],"seriesId":"6EBfsFV_3EqMK8x9C1vHew"},{"id":"dNFMKCiNqkmujg86Mp79iQ","type":"Vod","title":"Border Security: Australi\u00eb","subtitle":"Aflevering 21","description":"Veronica - De landsgrenzen worden voortdurend bedreigd. Of het nu gaat om drugssmokkel, illegale immigratie, infecties of het meenemen van verboden voorwerpen, de douaniers houden het allemaal in de gaten. Het gaat er soms heftig aan toe en de douaniers hebben er dan ook hun handen vol aan.","formattedEpisodeNumbering":null,"formattedDate":"Zo 29 mei.","formattedDateShort":"Zo 29 mei.","formattedTime":"18:03","formattedDuration":"0m","formattedAvailabilityWindow":null,"formattedAvailabilityWindowShort":null,"image":{"portraitUrl":null,"landscapeUrl":"https:\/\/images.nlziet.nl\/metadataimportimages\/source\/7E327D3E696765AB7152B4671264C4F77FBC3B137D1DE282349F573E5F14BB27.jpg"},"logo":{"normalUrl":"https:\/\/cdn.nlziet.nl\/static\/assets\/contentproviders\/sbs.png","darkUrl":"https:\/\/cdn.nlziet.nl\/static\/assets\/contentproviders\/dark\/sbs.png","flatUrl":"https:\/\/cdn.nlziet.nl\/static\/assets\/contentproviders\/flat\/sbs.png"},"tags":[],"seriesId":"6EBfsFV_3EqMK8x9C1vHew"},{"id":"w-yYtkKn50er7Ec3vNIvvg","type":"Vod","title":"Border Security: Australi\u00eb","subtitle":"Aflevering 20","description":"De landsgrenzen worden voortdurend bedreigd. Of het nu gaat om drugssmokkel, illegale immigratie, infecties of het meenemen van verboden voorwerpen, de douaniers houden het allemaal in de gaten. Het gaat er soms heftig aan toe en de douaniers hebben er dan ook hun handen vol aan.","formattedEpisodeNumbering":null,"formattedDate":"Zo 15 mei.","formattedDateShort":"Zo 15 mei.","formattedTime":"18:29","formattedDuration":"22m","formattedAvailabilityWindow":null,"formattedAvailabilityWindowShort":null,"image":{"portraitUrl":null,"landscapeUrl":"https:\/\/images.nlziet.nl\/metadataimportimages\/source\/4239701F5FFCC2DE7080ABDC141F74546BA00033DF0E86F02FB00818B16D7585.jpg"},"logo":{"normalUrl":"https:\/\/cdn.nlziet.nl\/static\/assets\/contentproviders\/sbs.png","darkUrl":"https:\/\/cdn.nlziet.nl\/static\/assets\/contentproviders\/dark\/sbs.png","flatUrl":"https:\/\/cdn.nlziet.nl\/static\/assets\/contentproviders\/flat\/sbs.png"},"tags":[],"seriesId":"6EBfsFV_3EqMK8x9C1vHew"},{"id":"FYpb7OsQdEuZF6nGiVym7w","type":"Vod","title":"Border Security: Australi\u00eb","subtitle":"Aflevering 19","description":"De landsgrenzen worden voortdurend bedreigd. Of het nu gaat om drugssmokkel, illegale immigratie, infecties of het meenemen van verboden voorwerpen, de douaniers houden het allemaal in de gaten. Het gaat er soms heftig aan toe en de douaniers hebben er dan ook hun handen vol aan.","formattedEpisodeNumbering":null,"formattedDate":"Zo 15 mei.","formattedDateShort":"Zo 15 mei.","formattedTime":"18:00","formattedDuration":"22m","formattedAvailabilityWindow":null,"formattedAvailabilityWindowShort":null,"image":{"portraitUrl":null,"landscapeUrl":"https:\/\/images.nlziet.nl\/metadataimportimages\/source\/19E9C6E35F362FB7A9BF7DFA5AB1BE4CEFD058C0D8AAAB23D66140A746DF7DF3.jpg"},"logo":{"normalUrl":"https:\/\/cdn.nlziet.nl\/static\/assets\/contentproviders\/sbs.png","darkUrl":"https:\/\/cdn.nlziet.nl\/static\/assets\/contentproviders\/dark\/sbs.png","flatUrl":"https:\/\/cdn.nlziet.nl\/static\/assets\/contentproviders\/flat\/sbs.png"},"tags":[],"seriesId":"6EBfsFV_3EqMK8x9C1vHew"},{"id":"7UAFEV4e1EKmvzSsqW5uSg","type":"Vod","title":"Border Security: Australi\u00eb","subtitle":"Aflevering 18","description":"De landsgrenzen worden voortdurend bedreigd. Of het nu gaat om drugssmokkel, illegale immigratie, infecties of het meenemen van verboden voorwerpen, de douaniers houden het allemaal in de gaten. Het gaat er soms heftig aan toe en de douaniers hebben er dan ook hun handen vol aan.","formattedEpisodeNumbering":null,"formattedDate":"Zo 8 mei.","formattedDateShort":"Zo 8 mei.","formattedTime":"18:29","formattedDuration":"23m","formattedAvailabilityWindow":null,"formattedAvailabilityWindowShort":null,"image":{"portraitUrl":null,"landscapeUrl":"https:\/\/images.nlziet.nl\/metadataimportimages\/source\/A20F12B312FB0DCCB7605980F0D49E059F3712F63B13FB42B3DA9EEC179EA3E3.jpg"},"logo":{"normalUrl":"https:\/\/cdn.nlziet.nl\/static\/assets\/contentproviders\/sbs.png","darkUrl":"https:\/\/cdn.nlziet.nl\/static\/assets\/contentproviders\/dark\/sbs.png","flatUrl":"https:\/\/cdn.nlziet.nl\/static\/assets\/contentproviders\/flat\/sbs.png"},"tags":[],"seriesId":"6EBfsFV_3EqMK8x9C1vHew"},{"id":"j50NyZbrwE-HSo-a-nxMow","type":"Vod","title":"Border Security: Australi\u00eb","subtitle":"Aflevering 17","description":"Veronica - De landsgrenzen worden voortdurend bedreigd. Of het nu gaat om drugssmokkel, illegale immigratie, infecties of het meenemen van verboden voorwerpen, de douaniers houden het allemaal in de gaten. Het gaat er soms heftig aan toe en de douaniers hebben er dan ook hun handen vol aan.","formattedEpisodeNumbering":null,"formattedDate":"Zo 8 mei.","formattedDateShort":"Zo 8 mei.","formattedTime":"18:01","formattedDuration":"0m","formattedAvailabilityWindow":null,"formattedAvailabilityWindowShort":null,"image":{"portraitUrl":null,"landscapeUrl":"https:\/\/images.nlziet.nl\/metadataimportimages\/source\/1AC137E383A1B64364BDD0915A4F41C9CB88CC20162846F6E22C429489F3B47A.jpg"},"logo":{"normalUrl":"https:\/\/cdn.nlziet.nl\/static\/assets\/contentproviders\/sbs.png","darkUrl":"https:\/\/cdn.nlziet.nl\/static\/assets\/contentproviders\/dark\/sbs.png","flatUrl":"https:\/\/cdn.nlziet.nl\/static\/assets\/contentproviders\/flat\/sbs.png"},"tags":[],"seriesId":"6EBfsFV_3EqMK8x9C1vHew"},{"id":"Rwqo0P1pmEe1eAVFaWd4TA","type":"Vod","title":"Border Security: Australi\u00eb","subtitle":"Aflevering 16","description":"Veronica - De landsgrenzen worden voortdurend bedreigd. Of het nu gaat om drugssmokkel, illegale immigratie, infecties of het meenemen van verboden voorwerpen, de douaniers houden het allemaal in de gaten. Het gaat er soms heftig aan toe en de douaniers hebben er dan ook hun handen vol aan.","formattedEpisodeNumbering":null,"formattedDate":"Zo 14 feb. 2021","formattedDateShort":"Feb. 2021","formattedTime":"18:33","formattedDuration":"0m","formattedAvailabilityWindow":null,"formattedAvailabilityWindowShort":null,"image":{"portraitUrl":null,"landscapeUrl":"https:\/\/images.nlziet.nl\/metadataimportimages\/source\/6E9B4560A778A78AC9F0890B70CDE40705C4A781ED3393FDE849F229E5C25F83.jpg"},"logo":{"normalUrl":"https:\/\/cdn.nlziet.nl\/static\/assets\/contentproviders\/sbs.png","darkUrl":"https:\/\/cdn.nlziet.nl\/static\/assets\/contentproviders\/dark\/sbs.png","flatUrl":"https:\/\/cdn.nlziet.nl\/static\/assets\/contentproviders\/flat\/sbs.png"},"tags":[],"seriesId":"6EBfsFV_3EqMK8x9C1vHew"},{"id":"IGKTpGTzC0KiPdHZzpWPKw","type":"Vod","title":"Border Security: Australi\u00eb","subtitle":"Aflevering 15","description":"De landsgrenzen worden voortdurend bedreigd. Of het nu gaat om drugssmokkel, illegale immigratie, infecties of het meenemen van verboden voorwerpen, de douaniers houden het allemaal in de gaten. Het gaat er soms heftig aan toe en de douaniers hebben er dan ook hun handen vol aan.","formattedEpisodeNumbering":null,"formattedDate":"Zo 1 mei.","formattedDateShort":"Zo 1 mei.","formattedTime":"18:01","formattedDuration":"22m","formattedAvailabilityWindow":null,"formattedAvailabilityWindowShort":null,"image":{"portraitUrl":null,"landscapeUrl":"https:\/\/images.nlziet.nl\/metadataimportimages\/source\/4C292938B10181B7BE4A571C4CFFF3890B18B9BC51EFBFD2B92D7522DD1AD816.jpg"},"logo":{"normalUrl":"https:\/\/cdn.nlziet.nl\/static\/assets\/contentproviders\/sbs.png","darkUrl":"https:\/\/cdn.nlziet.nl\/static\/assets\/contentproviders\/dark\/sbs.png","flatUrl":"https:\/\/cdn.nlziet.nl\/static\/assets\/contentproviders\/flat\/sbs.png"},"tags":[],"seriesId":"6EBfsFV_3EqMK8x9C1vHew"},{"id":"l4yrO50ubkGGrTuyeJFp_w","type":"Vod","title":"Border Security: Australi\u00eb","subtitle":"Aflevering 14","description":"Wanneer de douane een backpacker ergens van verdenkt, zal hij een aantal lastige vragen moeten beantwoorden. Mensen barsten uit in woede, als een epische impasse urenlang aanhoudt.","formattedEpisodeNumbering":null,"formattedDate":"Zo 24 apr.","formattedDateShort":"Zo 24 apr.","formattedTime":"18:32","formattedDuration":"22m","formattedAvailabilityWindow":null,"formattedAvailabilityWindowShort":null,"image":{"portraitUrl":null,"landscapeUrl":"https:\/\/images.nlziet.nl\/metadataimportimages\/source\/919C0B62412E7555A31B36A9BFD8EAEDAF2BABE7918C9E8B5152684CB6F1435F.jpg"},"logo":{"normalUrl":"https:\/\/cdn.nlziet.nl\/static\/assets\/contentproviders\/sbs.png","darkUrl":"https:\/\/cdn.nlziet.nl\/static\/assets\/contentproviders\/dark\/sbs.png","flatUrl":"https:\/\/cdn.nlziet.nl\/static\/assets\/contentproviders\/flat\/sbs.png"},"tags":[],"seriesId":"6EBfsFV_3EqMK8x9C1vHew"},{"id":"gb7lsLX3NEynuwqJtH4Tsg","type":"Vod","title":"Border Security: Australi\u00eb","subtitle":"Aflevering 13","description":"Veronica - Een passagier mijdt een simpele vraag en heeft haast. De rollen worden omgedraaid, wanneer een dokter wordt onderzocht door immigratie. En een passagier heeft een heel slechte start van de vakantie.","formattedEpisodeNumbering":null,"formattedDate":"Zo 24 apr.","formattedDateShort":"Zo 24 apr.","formattedTime":"18:01","formattedDuration":"0m","formattedAvailabilityWindow":null,"formattedAvailabilityWindowShort":null,"image":{"portraitUrl":null,"landscapeUrl":"https:\/\/images.nlziet.nl\/metadataimportimages\/source\/0B222110D9F442AA4FE716FFEED915B287D8FBA2D4F35E4F9588203AC8A691CE.jpg"},"logo":{"normalUrl":"https:\/\/cdn.nlziet.nl\/static\/assets\/contentproviders\/sbs.png","darkUrl":"https:\/\/cdn.nlziet.nl\/static\/assets\/contentproviders\/dark\/sbs.png","flatUrl":"https:\/\/cdn.nlziet.nl\/static\/assets\/contentproviders\/flat\/sbs.png"},"tags":[],"seriesId":"6EBfsFV_3EqMK8x9C1vHew"},{"id":"GF8XHaJPFkebV-CTydcCPA","type":"Vod","title":"Border Security: Australi\u00eb","subtitle":"Aflevering 12","description":"De douane betrapt een man die iets in zijn ondergoed verstopt. Hij beweert dat een mysterieuze vriend zijn reis zal financieren, maar de agenten zijn niet overtuigd. En een ontdekking bij de douane zorgt voor de duurste versterker ter wereld.","formattedEpisodeNumbering":null,"formattedDate":"Zo 17 apr.","formattedDateShort":"Zo 17 apr.","formattedTime":"18:30","formattedDuration":"23m","formattedAvailabilityWindow":null,"formattedAvailabilityWindowShort":null,"image":{"portraitUrl":null,"landscapeUrl":"https:\/\/images.nlziet.nl\/metadataimportimages\/source\/C41B66E50FAD5F76911E21049EE7221A9AA09343961EAB17C6060F250C05191F.jpg"},"logo":{"normalUrl":"https:\/\/cdn.nlziet.nl\/static\/assets\/contentproviders\/sbs.png","darkUrl":"https:\/\/cdn.nlziet.nl\/static\/assets\/contentproviders\/dark\/sbs.png","flatUrl":"https:\/\/cdn.nlziet.nl\/static\/assets\/contentproviders\/flat\/sbs.png"},"tags":[],"seriesId":"6EBfsFV_3EqMK8x9C1vHew"},{"id":"0HbRpPRYXE2lo-X5wO2UVg","type":"Vod","title":"Border Security: Australi\u00eb","subtitle":"Aflevering 11","description":"Agenten zijn op zoek naar antwoorden, nadat speurhonden van de douane een sterke geur hebben opgepikt. Onzichtbare koeriers zijn het begin van een zeer verontrustende ontwikkeling om drugs over de grens te smokkelen. En immigratieambtenaren doen er alles aan om een mysterie te ontrafelen.","formattedEpisodeNumbering":null,"formattedDate":"Zo 17 apr.","formattedDateShort":"Zo 17 apr.","formattedTime":"18:00","formattedDuration":"23m","formattedAvailabilityWindow":null,"formattedAvailabilityWindowShort":null,"image":{"portraitUrl":null,"landscapeUrl":"https:\/\/images.nlziet.nl\/metadataimportimages\/source\/687F2EEF4845B867BE5A6E1A42FBA4671ABFA597B0F27D40068742B3B895E802.jpg"},"logo":{"normalUrl":"https:\/\/cdn.nlziet.nl\/static\/assets\/contentproviders\/sbs.png","darkUrl":"https:\/\/cdn.nlziet.nl\/static\/assets\/contentproviders\/dark\/sbs.png","flatUrl":"https:\/\/cdn.nlziet.nl\/static\/assets\/contentproviders\/flat\/sbs.png"},"tags":[],"seriesId":"6EBfsFV_3EqMK8x9C1vHew"},{"id":"TJ1jk0-ylEuNRw8av8gXRg","type":"Vod","title":"Border Security: Australi\u00eb","subtitle":"Aflevering 10","description":"De landsgrenzen worden voortdurend bedreigd. Of het nu gaat om drugssmokkel, illegale immigratie, infecties of het meenemen van verboden voorwerpen, de douaniers houden het allemaal in de gaten. Het gaat er soms heftig aan toe en de douaniers hebben er dan ook hun handen vol aan.","formattedEpisodeNumbering":null,"formattedDate":"Zo 10 apr.","formattedDateShort":"Zo 10 apr.","formattedTime":"18:30","formattedDuration":"22m","formattedAvailabilityWindow":null,"formattedAvailabilityWindowShort":null,"image":{"portraitUrl":null,"landscapeUrl":"https:\/\/images.nlziet.nl\/metadataimportimages\/source\/67E4AF2BDAE5BC1D6109D2F17DB57A4EBC005B060BDFB08514832C700AEEC8F5.jpg"},"logo":{"normalUrl":"https:\/\/cdn.nlziet.nl\/static\/assets\/contentproviders\/sbs.png","darkUrl":"https:\/\/cdn.nlziet.nl\/static\/assets\/contentproviders\/dark\/sbs.png","flatUrl":"https:\/\/cdn.nlziet.nl\/static\/assets\/contentproviders\/flat\/sbs.png"},"tags":[],"seriesId":"6EBfsFV_3EqMK8x9C1vHew"},{"id":"uerE6AlwdUKGmu00jBfwZQ","type":"Vod","title":"Border Security: Australi\u00eb","subtitle":"Aflevering 9","description":"De douane onderzoekt een geheimzinnig pakket uit Peru.","formattedEpisodeNumbering":null,"formattedDate":"Zo 10 apr.","formattedDateShort":"Zo 10 apr.","formattedTime":"18:00","formattedDuration":"22m","formattedAvailabilityWindow":null,"formattedAvailabilityWindowShort":null,"image":{"portraitUrl":null,"landscapeUrl":"https:\/\/images.nlziet.nl\/metadataimportimages\/source\/0557FB969F31AFF44F3B124828C8794D8D2D08AABC36BD1296BDD44429A19863.jpg"},"logo":{"normalUrl":"https:\/\/cdn.nlziet.nl\/static\/assets\/contentproviders\/sbs.png","darkUrl":"https:\/\/cdn.nlziet.nl\/static\/assets\/contentproviders\/dark\/sbs.png","flatUrl":"https:\/\/cdn.nlziet.nl\/static\/assets\/contentproviders\/flat\/sbs.png"},"tags":[],"seriesId":"6EBfsFV_3EqMK8x9C1vHew"},{"id":"YqKeQnKSdEC4MCeVu-QQKg","type":"Vod","title":"Border Security: Australi\u00eb","subtitle":"Aflevering 8","description":"De landsgrenzen worden voortdurend bedreigd. Of het nu gaat om drugssmokkel, illegale immigratie, infecties of het meenemen van verboden voorwerpen, de douaniers houden het allemaal in de gaten. Het gaat er soms heftig aan toe en de douaniers hebben er dan ook hun handen vol aan.","formattedEpisodeNumbering":null,"formattedDate":"Zo 3 apr.","formattedDateShort":"Zo 3 apr.","formattedTime":"18:31","formattedDuration":"22m","formattedAvailabilityWindow":null,"formattedAvailabilityWindowShort":null,"image":{"portraitUrl":null,"landscapeUrl":"https:\/\/images.nlziet.nl\/metadataimportimages\/source\/FBEFB8FBC7A872BF9E6B412A5AE2271EB275ACC696143EBE9A7336AC428CD780.jpg"},"logo":{"normalUrl":"https:\/\/cdn.nlziet.nl\/static\/assets\/contentproviders\/sbs.png","darkUrl":"https:\/\/cdn.nlziet.nl\/static\/assets\/contentproviders\/dark\/sbs.png","flatUrl":"https:\/\/cdn.nlziet.nl\/static\/assets\/contentproviders\/flat\/sbs.png"},"tags":[],"seriesId":"6EBfsFV_3EqMK8x9C1vHew"},{"id":"uLQetIaLiEON9UXz2zTu_Q","type":"Vod","title":"Border Security: Australi\u00eb","subtitle":"Aflevering 7","description":"Een passagier die terugkeert uit Iran wordt bij de grens aangehouden.","formattedEpisodeNumbering":null,"formattedDate":"Zo 3 apr.","formattedDateShort":"Zo 3 apr.","formattedTime":"18:01","formattedDuration":"21m","formattedAvailabilityWindow":null,"formattedAvailabilityWindowShort":null,"image":{"portraitUrl":null,"landscapeUrl":"https:\/\/images.nlziet.nl\/metadataimportimages\/source\/4BE09763C6BF16C272E0E8DA7805C71059229C86D594A65C1DB4400B0FCCDFFD.jpg"},"logo":{"normalUrl":"https:\/\/cdn.nlziet.nl\/static\/assets\/contentproviders\/sbs.png","darkUrl":"https:\/\/cdn.nlziet.nl\/static\/assets\/contentproviders\/dark\/sbs.png","flatUrl":"https:\/\/cdn.nlziet.nl\/static\/assets\/contentproviders\/flat\/sbs.png"},"tags":[],"seriesId":"6EBfsFV_3EqMK8x9C1vHew"},{"id":"KNGealgK-ka8HarmdeS1sg","type":"Vod","title":"Border Security: Australi\u00eb","subtitle":"Aflevering 6","description":"De douane vindt sporen van verdovende middelen op de surfplank van een Amerikaanse passagier. Een voorraad eten in de tassen van enkele Indonesische passagiers zorgt voor een grote verrassing.","formattedEpisodeNumbering":null,"formattedDate":"Zo 27 mrt.","formattedDateShort":"Zo 27 mrt.","formattedTime":"18:30","formattedDuration":"22m","formattedAvailabilityWindow":null,"formattedAvailabilityWindowShort":null,"image":{"portraitUrl":null,"landscapeUrl":"https:\/\/images.nlziet.nl\/metadataimportimages\/source\/1F776661038851B1A59423C8089240AA4FA1D1E46472499BDB14455D9251CEB0.jpg"},"logo":{"normalUrl":"https:\/\/cdn.nlziet.nl\/static\/assets\/contentproviders\/sbs.png","darkUrl":"https:\/\/cdn.nlziet.nl\/static\/assets\/contentproviders\/dark\/sbs.png","flatUrl":"https:\/\/cdn.nlziet.nl\/static\/assets\/contentproviders\/flat\/sbs.png"},"tags":[],"seriesId":"6EBfsFV_3EqMK8x9C1vHew"},{"id":"LhKecNbqAEKEJ2VmEjJl3w","type":"Vod","title":"Border Security: Australi\u00eb","subtitle":"Aflevering 5","description":"De douane strijdt tegen de handel in haaien rondom de noordwestkust van Australi\u00eb te stoppen. De quarantaine afdeling ontdekt een gevaarlijke dreiging in de bagage van enkele passagiers uit Libanon.","formattedEpisodeNumbering":null,"formattedDate":"Zo 27 mrt.","formattedDateShort":"Zo 27 mrt.","formattedTime":"18:00","formattedDuration":"22m","formattedAvailabilityWindow":null,"formattedAvailabilityWindowShort":null,"image":{"portraitUrl":null,"landscapeUrl":"https:\/\/images.nlziet.nl\/metadataimportimages\/source\/AF1FE816BD793E9C2DFC44D4F3D273D7E732007CA44934D73D93EC4831C25EBC.jpg"},"logo":{"normalUrl":"https:\/\/cdn.nlziet.nl\/static\/assets\/contentproviders\/sbs.png","darkUrl":"https:\/\/cdn.nlziet.nl\/static\/assets\/contentproviders\/dark\/sbs.png","flatUrl":"https:\/\/cdn.nlziet.nl\/static\/assets\/contentproviders\/flat\/sbs.png"},"tags":[],"seriesId":"6EBfsFV_3EqMK8x9C1vHew"},{"id":"7eIjyH0sn0GWUjuTEmOvbA","type":"Vod","title":"Border Security: Australi\u00eb","subtitle":"Aflevering 4","description":"Een gezamenlijke inspanning van de marine, het ministerie van Visserij en de douane onderschept een illegale vissersboot die actief is in de Arafurazee, ten noorden van Darwin.","formattedEpisodeNumbering":null,"formattedDate":"Zo 20 mrt.","formattedDateShort":"Zo 20 mrt.","formattedTime":"18:29","formattedDuration":"22m","formattedAvailabilityWindow":null,"formattedAvailabilityWindowShort":null,"image":{"portraitUrl":null,"landscapeUrl":"https:\/\/images.nlziet.nl\/metadataimportimages\/source\/A3FC98E98C0FD3232BEFB425B6E4A8AE5267913F51E5089E455662F405700E23.jpg"},"logo":{"normalUrl":"https:\/\/cdn.nlziet.nl\/static\/assets\/contentproviders\/sbs.png","darkUrl":"https:\/\/cdn.nlziet.nl\/static\/assets\/contentproviders\/dark\/sbs.png","flatUrl":"https:\/\/cdn.nlziet.nl\/static\/assets\/contentproviders\/flat\/sbs.png"},"tags":[],"seriesId":"6EBfsFV_3EqMK8x9C1vHew"},{"id":"Giya6BzVa0qYZqiZAqX0mQ","type":"Vod","title":"Border Security: Australi\u00eb","subtitle":"Aflevering 3","description":"De douane gaat op jacht naar drugs bij twee verdachte passagiers van verschillende vluchten vanuit Vietnam. Quarantainemedewerkers vinden iets schokkends in een pakket uit China.","formattedEpisodeNumbering":null,"formattedDate":"Zo 20 mrt.","formattedDateShort":"Zo 20 mrt.","formattedTime":"18:00","formattedDuration":"21m","formattedAvailabilityWindow":null,"formattedAvailabilityWindowShort":null,"image":{"portraitUrl":null,"landscapeUrl":"https:\/\/images.nlziet.nl\/metadataimportimages\/source\/D4BFC2D310F4541B7C9AFF33998E8919C651706D30EB71B54E7DC97D35492E53.jpg"},"logo":{"normalUrl":"https:\/\/cdn.nlziet.nl\/static\/assets\/contentproviders\/sbs.png","darkUrl":"https:\/\/cdn.nlziet.nl\/static\/assets\/contentproviders\/dark\/sbs.png","flatUrl":"https:\/\/cdn.nlziet.nl\/static\/assets\/contentproviders\/flat\/sbs.png"},"tags":[],"seriesId":"6EBfsFV_3EqMK8x9C1vHew"},{"id":"ulPOWpvPy0CweqOp8Aa4OQ","type":"Vod","title":"Border Security: Australi\u00eb","subtitle":"Aflevering 2","description":"Een boze bankier uit Hongkong probeert de douane te vertellen hoe ze hun werk moeten doen.","formattedEpisodeNumbering":null,"formattedDate":"Zo 13 mrt.","formattedDateShort":"Zo 13 mrt.","formattedTime":"18:31","formattedDuration":"22m","formattedAvailabilityWindow":null,"formattedAvailabilityWindowShort":null,"image":{"portraitUrl":null,"landscapeUrl":"https:\/\/images.nlziet.nl\/metadataimportimages\/source\/F7349F9B7DB82F16B290FF99E4DC432EB13067B1FE3A7A63ECB5535C2309B75A.jpg"},"logo":{"normalUrl":"https:\/\/cdn.nlziet.nl\/static\/assets\/contentproviders\/sbs.png","darkUrl":"https:\/\/cdn.nlziet.nl\/static\/assets\/contentproviders\/dark\/sbs.png","flatUrl":"https:\/\/cdn.nlziet.nl\/static\/assets\/contentproviders\/flat\/sbs.png"},"tags":[],"seriesId":"6EBfsFV_3EqMK8x9C1vHew"},{"id":"ctXzQfSNJUGFEOF6YztpsA","type":"Vod","title":"Border Security: Australi\u00eb","subtitle":"Aflevering 1","description":"De douane probeert te achterhalen wat een passagier met ongebruikelijke reisbewegingen verhult.","formattedEpisodeNumbering":null,"formattedDate":"Zo 13 mrt.","formattedDateShort":"Zo 13 mrt.","formattedTime":"18:00","formattedDuration":"22m","formattedAvailabilityWindow":null,"formattedAvailabilityWindowShort":null,"image":{"portraitUrl":null,"landscapeUrl":"https:\/\/images.nlziet.nl\/metadataimportimages\/source\/E12CED4BFE323D8C0688F291A9A9115DD0A1CD938C402A2639F6A3163C462BAF.jpg"},"logo":{"normalUrl":"https:\/\/cdn.nlziet.nl\/static\/assets\/contentproviders\/sbs.png","darkUrl":"https:\/\/cdn.nlziet.nl\/static\/assets\/contentproviders\/dark\/sbs.png","flatUrl":"https:\/\/cdn.nlziet.nl\/static\/assets\/contentproviders\/flat\/sbs.png"},"tags":[],"seriesId":"6EBfsFV_3EqMK8x9C1vHew"}]