[{"id":"D-zK2ODn4kuOuV-W8WGlbg","type":"Vod","title":"Brainwash","subtitle":"Marietje Schaake: Grip op het internet","description":"HUMAN - Het internet zou de wereld democratischer, eerlijker en opener maken. Maar van al die idealen is het tegendeel waarheid geworden, ziet ook internetexpert en oud-Europarlementari\u00ebr Marietje Schaake. Maar het tij is te keren.","formattedEpisodeNumbering":null,"formattedDate":"Zo 27 dec. 2020","formattedDateShort":"Dec. 2020","formattedTime":"13:40","formattedDuration":"11m","formattedAvailabilityWindow":null,"formattedAvailabilityWindowShort":null,"image":{"portraitUrl":null,"landscapeUrl":"https:\/\/images.nlziet.nl\/metadataimportimages\/source\/993804EC45572CAC685BC0DED71E37ACE846E65CD843583949CC3C81605C5678.jpg"},"logo":{"normalUrl":"https:\/\/cdn.nlziet.nl\/static\/assets\/contentproviders\/npo.png","darkUrl":"https:\/\/cdn.nlziet.nl\/static\/assets\/contentproviders\/dark\/npo.png","flatUrl":"https:\/\/cdn.nlziet.nl\/static\/assets\/contentproviders\/flat\/npo.png"},"tags":[],"seriesId":"6t7SFiAmnEOB-25LX_yXzg"},{"id":"Kfx0ZhH6pE6xdAZ1zJYRlQ","type":"Vod","title":"Brainwash","subtitle":"Lisa Doeland: Doemdenken","description":"HUMAN - Volgens filosoof Lisa Doeland kunnen we alleen onze verantwoordelijkheid nemen als we stilstaan bij de klimaatramp die zich om ons heen voltrekt. Alleen hopen dat het beter zal worden, helpt niet.","formattedEpisodeNumbering":null,"formattedDate":"Zo 20 dec. 2020","formattedDateShort":"Dec. 2020","formattedTime":"13:40","formattedDuration":"13m","formattedAvailabilityWindow":null,"formattedAvailabilityWindowShort":null,"image":{"portraitUrl":null,"landscapeUrl":"https:\/\/images.nlziet.nl\/metadataimportimages\/source\/E5C8EB582AC10F317F09CCF1A7E3BFF11C425F39DFFC1AC1F280E01C600D106D.jpg"},"logo":{"normalUrl":"https:\/\/cdn.nlziet.nl\/static\/assets\/contentproviders\/npo.png","darkUrl":"https:\/\/cdn.nlziet.nl\/static\/assets\/contentproviders\/dark\/npo.png","flatUrl":"https:\/\/cdn.nlziet.nl\/static\/assets\/contentproviders\/flat\/npo.png"},"tags":[],"seriesId":"6t7SFiAmnEOB-25LX_yXzg"},{"id":"qEKnMh-d_Uur7TRwe5jl4Q","type":"Vod","title":"Brainwash","subtitle":"Christian Felber: het algemeen belang","description":"HUMAN - Niet winst en groei moeten het doel zijn van onze economie, maar het algemeen belang. Want zoals het anno 2020 gaat, is volgens econoom Christian Felber de wereld op zijn kop.","formattedEpisodeNumbering":null,"formattedDate":"Zo 13 dec. 2020","formattedDateShort":"Dec. 2020","formattedTime":"13:35","formattedDuration":"13m","formattedAvailabilityWindow":null,"formattedAvailabilityWindowShort":null,"image":{"portraitUrl":null,"landscapeUrl":"https:\/\/images.nlziet.nl\/metadataimportimages\/source\/EC49303409AFCCE06CB0DCDD25725C45F2CB07AB7F4C295CFAD51DC1334FA92E.jpg"},"logo":{"normalUrl":"https:\/\/cdn.nlziet.nl\/static\/assets\/contentproviders\/npo.png","darkUrl":"https:\/\/cdn.nlziet.nl\/static\/assets\/contentproviders\/dark\/npo.png","flatUrl":"https:\/\/cdn.nlziet.nl\/static\/assets\/contentproviders\/flat\/npo.png"},"tags":[],"seriesId":"6t7SFiAmnEOB-25LX_yXzg"},{"id":"sLI_d-ZhjEq9g6aPMgqwUw","type":"Vod","title":"Brainwash","subtitle":"Karwan Fatah-Black: Het slavernijverleden","description":"HUMAN - Praten we eindelijk een keer over het slavernijverleden, is dat gesprek doorspekt van drogredenen en dooddoeners. Historicus Karwan Fatah-Black scheidt feit van fictie.","formattedEpisodeNumbering":null,"formattedDate":"Zo 6 dec. 2020","formattedDateShort":"Dec. 2020","formattedTime":"13:35","formattedDuration":"12m","formattedAvailabilityWindow":null,"formattedAvailabilityWindowShort":null,"image":{"portraitUrl":null,"landscapeUrl":"https:\/\/images.nlziet.nl\/metadataimportimages\/source\/B2EF696A431D43E26BF87E85F55A32FD9584076CE5C984780C6064FAD55DD6F5.jpg"},"logo":{"normalUrl":"https:\/\/cdn.nlziet.nl\/static\/assets\/contentproviders\/npo.png","darkUrl":"https:\/\/cdn.nlziet.nl\/static\/assets\/contentproviders\/dark\/npo.png","flatUrl":"https:\/\/cdn.nlziet.nl\/static\/assets\/contentproviders\/flat\/npo.png"},"tags":[],"seriesId":"6t7SFiAmnEOB-25LX_yXzg"},{"id":"RvQQiPX-UUuvUzJ58CQE1w","type":"Vod","title":"Brainwash","subtitle":"Bowen Paulle: Groeiende ongelijkheid","description":"HUMAN - Dat het bestrijden van ongelijkheid begint met het onderwijs, dat weet socioloog en onderzoeker Bowen Paulle als geen ander. Hij betoogt dat we daar niet mee kunnen wachten.","formattedEpisodeNumbering":null,"formattedDate":"Zo 29 nov. 2020","formattedDateShort":"Nov. 2020","formattedTime":"13:40","formattedDuration":"12m","formattedAvailabilityWindow":null,"formattedAvailabilityWindowShort":null,"image":{"portraitUrl":null,"landscapeUrl":"https:\/\/images.nlziet.nl\/metadataimportimages\/source\/FE2B699FF91F54EACC37A7BCF040C255540651DC87705A72D7D0B8AD9F8A5E7C.jpg"},"logo":{"normalUrl":"https:\/\/cdn.nlziet.nl\/static\/assets\/contentproviders\/npo.png","darkUrl":"https:\/\/cdn.nlziet.nl\/static\/assets\/contentproviders\/dark\/npo.png","flatUrl":"https:\/\/cdn.nlziet.nl\/static\/assets\/contentproviders\/flat\/npo.png"},"tags":[],"seriesId":"6t7SFiAmnEOB-25LX_yXzg"},{"id":"nUgUj_z6HEiPiZyJQZckHQ","type":"Vod","title":"Brainwash","subtitle":"Fadua El Akchaoui: Je innerlijke rebel","description":"HUMAN - Er schuilt een activist in ons allemaal, stelt theatermaker Fadua El Akchaoui. En het is zaak om die wakker te schudden, want er is zoveel onrecht dat bestreden moet worden.","formattedEpisodeNumbering":null,"formattedDate":"Zo 22 nov. 2020","formattedDateShort":"Nov. 2020","formattedTime":"13:45","formattedDuration":"13m","formattedAvailabilityWindow":null,"formattedAvailabilityWindowShort":null,"image":{"portraitUrl":null,"landscapeUrl":"https:\/\/images.nlziet.nl\/metadataimportimages\/source\/B1362F76D4E038FA2CD0D03594D9516250941771B50B5D21D6D6CB9DD717CE7B.jpg"},"logo":{"normalUrl":"https:\/\/cdn.nlziet.nl\/static\/assets\/contentproviders\/npo.png","darkUrl":"https:\/\/cdn.nlziet.nl\/static\/assets\/contentproviders\/dark\/npo.png","flatUrl":"https:\/\/cdn.nlziet.nl\/static\/assets\/contentproviders\/flat\/npo.png"},"tags":[],"seriesId":"6t7SFiAmnEOB-25LX_yXzg"},{"id":"nR1zk3fIuUmg8g7_FuK9Ug","type":"Vod","title":"Brainwash","subtitle":"David Dja\u00efz: De globalisering is kapot","description":"HUMAN - De klimaatcrisis, groeiende ongelijkheid en covid-19 zijn slechts een aantal van de uitwassen van ongeremde globalisering. Schrijver David Dja\u00efz gaat op zoek naar een oplossing.","formattedEpisodeNumbering":null,"formattedDate":"Zo 15 nov. 2020","formattedDateShort":"Nov. 2020","formattedTime":"13:40","formattedDuration":"12m","formattedAvailabilityWindow":null,"formattedAvailabilityWindowShort":null,"image":{"portraitUrl":null,"landscapeUrl":"https:\/\/images.nlziet.nl\/metadataimportimages\/source\/CE12A616429577BCF988BCA7151EC37590C20DDA5D262A112384AB680766CC43.jpg"},"logo":{"normalUrl":"https:\/\/cdn.nlziet.nl\/static\/assets\/contentproviders\/npo.png","darkUrl":"https:\/\/cdn.nlziet.nl\/static\/assets\/contentproviders\/dark\/npo.png","flatUrl":"https:\/\/cdn.nlziet.nl\/static\/assets\/contentproviders\/flat\/npo.png"},"tags":[],"seriesId":"6t7SFiAmnEOB-25LX_yXzg"},{"id":"w3ANYvOSj0mJwidvrQQsOQ","type":"Vod","title":"Brainwash","subtitle":"Pieter van Os: Opkomend nationalisme","description":"HUMAN - Racisme en nationalisme zijn menselijke constructies, betoogt journalist en schrijver Pieter van Os. En wat we zelf bedacht hebben, kunnen we ook weer ongedaan maken.","formattedEpisodeNumbering":null,"formattedDate":"Zo 8 nov. 2020","formattedDateShort":"Nov. 2020","formattedTime":"13:40","formattedDuration":"13m","formattedAvailabilityWindow":null,"formattedAvailabilityWindowShort":null,"image":{"portraitUrl":null,"landscapeUrl":"https:\/\/images.nlziet.nl\/metadataimportimages\/source\/2DA2FE5BFB3B819E2CC9A36496493BD28662A1F007BF19382BF1ADB72C05021A.jpg"},"logo":{"normalUrl":"https:\/\/cdn.nlziet.nl\/static\/assets\/contentproviders\/npo.png","darkUrl":"https:\/\/cdn.nlziet.nl\/static\/assets\/contentproviders\/dark\/npo.png","flatUrl":"https:\/\/cdn.nlziet.nl\/static\/assets\/contentproviders\/flat\/npo.png"},"tags":[],"seriesId":"6t7SFiAmnEOB-25LX_yXzg"},{"id":"8yWlMBsJkUCm1L_72WHXDw","type":"Vod","title":"Brainwash","subtitle":"Ash Sarkar: Waarom ik een communist ben","description":"HUMAN - Steeds vaker worden we geconfronteerd met de uitwassen van het kapitalisme, stelt schrijver en activist Ash Sarkar. Zij pleit voor herwaardering van het communisme.","formattedEpisodeNumbering":null,"formattedDate":"Zo 1 nov. 2020","formattedDateShort":"Nov. 2020","formattedTime":"13:40","formattedDuration":"14m","formattedAvailabilityWindow":null,"formattedAvailabilityWindowShort":null,"image":{"portraitUrl":null,"landscapeUrl":"https:\/\/images.nlziet.nl\/metadataimportimages\/source\/64F343DC4DF5D22F9C7D2F34985C77C05FDA05F4231F8165FE39EB7E667CAD91.jpg"},"logo":{"normalUrl":"https:\/\/cdn.nlziet.nl\/static\/assets\/contentproviders\/npo.png","darkUrl":"https:\/\/cdn.nlziet.nl\/static\/assets\/contentproviders\/dark\/npo.png","flatUrl":"https:\/\/cdn.nlziet.nl\/static\/assets\/contentproviders\/flat\/npo.png"},"tags":[],"seriesId":"6t7SFiAmnEOB-25LX_yXzg"},{"id":"M-BvkB6HmkShG9wVn-bBgg","type":"Vod","title":"Brainwash","subtitle":"Sander Heijne en Hendrik Noten: De groei voorbij","description":"HUMAN - Journalisten Sander Heijne en Hendrik Noten pleiten voor een economie waarin niet winst en groei centraal staan, maar welzijn en een betere wereld. Zij schreven het boek 'Fantoomgroei'. 'Als we sterker uit de huidige crisis willen komen, dan moet ons idee van economische groei helemaal op de kop.'","formattedEpisodeNumbering":null,"formattedDate":"Zo 25 okt. 2020","formattedDateShort":"Okt. 2020","formattedTime":"13:40","formattedDuration":"13m","formattedAvailabilityWindow":null,"formattedAvailabilityWindowShort":null,"image":{"portraitUrl":null,"landscapeUrl":"https:\/\/images.nlziet.nl\/metadataimportimages\/source\/750F1B74F7C6E19DC9F6B742DCF45818ACA5906CE191DCA0284C74EECF105188.jpg"},"logo":{"normalUrl":"https:\/\/cdn.nlziet.nl\/static\/assets\/contentproviders\/npo.png","darkUrl":"https:\/\/cdn.nlziet.nl\/static\/assets\/contentproviders\/dark\/npo.png","flatUrl":"https:\/\/cdn.nlziet.nl\/static\/assets\/contentproviders\/flat\/npo.png"},"tags":[],"seriesId":"6t7SFiAmnEOB-25LX_yXzg"},{"id":"mfKjPj7z8UeDHxviAtKmyg","type":"Vod","title":"Brainwash","subtitle":"Jelle van Baardewijk: Het goede doen","description":"HUMAN - Waarom is het zo ingewikkeld om het goede te doen als er geld mee gemoeid is? Volgens filosoof Jelle van Baardewijk heeft dat veel te maken met de manier waarop het kapitalisme is vormgegeven. Hij gaat op zoek naar een uitweg.","formattedEpisodeNumbering":null,"formattedDate":"Zo 4 okt. 2020","formattedDateShort":"Okt. 2020","formattedTime":"13:40","formattedDuration":"14m","formattedAvailabilityWindow":null,"formattedAvailabilityWindowShort":null,"image":{"portraitUrl":null,"landscapeUrl":"https:\/\/images.nlziet.nl\/metadataimportimages\/source\/9FA2DCCAD1C29B9CA639A6740C05946DFA8840D8BFAF2D3E24364E3F28BCD9A1.jpg"},"logo":{"normalUrl":"https:\/\/cdn.nlziet.nl\/static\/assets\/contentproviders\/npo.png","darkUrl":"https:\/\/cdn.nlziet.nl\/static\/assets\/contentproviders\/dark\/npo.png","flatUrl":"https:\/\/cdn.nlziet.nl\/static\/assets\/contentproviders\/flat\/npo.png"},"tags":[],"seriesId":"6t7SFiAmnEOB-25LX_yXzg"},{"id":"CDw0Zm_QzE6wqQylj7hTOA","type":"Vod","title":"Brainwash Talks","subtitle":"Marg\u00f4t Ros: Onzichtbaar hersenletsel","description":"HUMAN - Begin 2018 stootte actrice Marg\u00f4t Ros haar hoofd tegen een decorstuk. Een lichte hersenschudding, hoort ze een dag later van de huisarts, maar als snel kan ze helemaal niets meer. En ze is niet de enige. In Nederland zijn bijna 650.000 mensen met niet-aangeboren hersenletsel. Marg\u00f4t Ros pleit voor passende zorg.","formattedEpisodeNumbering":null,"formattedDate":"Zo 27 sep. 2020","formattedDateShort":"Sep. 2020","formattedTime":"13:40","formattedDuration":"15m","formattedAvailabilityWindow":null,"formattedAvailabilityWindowShort":null,"image":{"portraitUrl":null,"landscapeUrl":"https:\/\/images.nlziet.nl\/metadataimportimages\/source\/448AC32B2A355E2DDF505F389AADFBB7B4C1D416D1BC2B161CD21EE6CE462C31.jpg"},"logo":{"normalUrl":"https:\/\/cdn.nlziet.nl\/static\/assets\/contentproviders\/npo.png","darkUrl":"https:\/\/cdn.nlziet.nl\/static\/assets\/contentproviders\/dark\/npo.png","flatUrl":"https:\/\/cdn.nlziet.nl\/static\/assets\/contentproviders\/flat\/npo.png"},"tags":[],"seriesId":"6t7SFiAmnEOB-25LX_yXzg"},{"id":"eOvdOwDPP06JC5q2UU_FaQ","type":"Vod","title":"Brainwash","subtitle":"Miguel Heilbron: Wereldburgerschap","description":"HUMAN - Een inclusieve wereld waarin geen plek is voor racisme en discriminatie begint bij het onderwijs, stelt Miguel Heilbron, oprichter van ondernemersschool Fawaka WereldBurgerschap. Want kinderen hebben de toekomst.","formattedEpisodeNumbering":null,"formattedDate":"Zo 20 sep. 2020","formattedDateShort":"Sep. 2020","formattedTime":"13:35","formattedDuration":"13m","formattedAvailabilityWindow":null,"formattedAvailabilityWindowShort":null,"image":{"portraitUrl":null,"landscapeUrl":"https:\/\/images.nlziet.nl\/metadataimportimages\/source\/98B37DC133FE90662D669ED0D6884095805984C803849CCEF69C54DA6DD24651.jpg"},"logo":{"normalUrl":"https:\/\/cdn.nlziet.nl\/static\/assets\/contentproviders\/npo.png","darkUrl":"https:\/\/cdn.nlziet.nl\/static\/assets\/contentproviders\/dark\/npo.png","flatUrl":"https:\/\/cdn.nlziet.nl\/static\/assets\/contentproviders\/flat\/npo.png"},"tags":[],"seriesId":"6t7SFiAmnEOB-25LX_yXzg"},{"id":"qkOFNZiejEWlUpxOXdL9Vw","type":"Vod","title":"Brainwash","subtitle":"Stine Jensen en Frank Meester: Opvoeden is schipperen","description":"HUMAN - Mag je je kinderen verwennen of niet, moet je ze de ruimte geven of juist streng zijn? Er zijn bibliotheken volgeschreven over opvoeden, weten filosofen Stine Jensen en Frank Meester. Ze laten zien dat opvoeden vooral schipperen is, en maken daarmee al die boeken overbodig.","formattedEpisodeNumbering":null,"formattedDate":"Zo 13 sep. 2020","formattedDateShort":"Sep. 2020","formattedTime":"13:40","formattedDuration":"12m","formattedAvailabilityWindow":null,"formattedAvailabilityWindowShort":null,"image":{"portraitUrl":null,"landscapeUrl":"https:\/\/images.nlziet.nl\/metadataimportimages\/source\/4334158019F0D4922239042A416375852800DC99BDE268693F088E4483350727.jpg"},"logo":{"normalUrl":"https:\/\/cdn.nlziet.nl\/static\/assets\/contentproviders\/npo.png","darkUrl":"https:\/\/cdn.nlziet.nl\/static\/assets\/contentproviders\/dark\/npo.png","flatUrl":"https:\/\/cdn.nlziet.nl\/static\/assets\/contentproviders\/flat\/npo.png"},"tags":[],"seriesId":"6t7SFiAmnEOB-25LX_yXzg"},{"id":"ItGEy4EwAE-wT3lexM_b6g","type":"Vod","title":"Brainwash","subtitle":"Damiaan Denys: De obsessie met controle","description":"HUMAN - Vraag iemand hoe het gaat en 'alles onder controle' is niet zelden het antwoord. Volgens filosoof en psychiater Damiaan Denys is het een deugd geworden en zijn we bereid om vrijheid op te geven om maar de illusie van controle te hebben. Hij laat zien hoe dat anders kan.","formattedEpisodeNumbering":null,"formattedDate":"Zo 6 sep. 2020","formattedDateShort":"Sep. 2020","formattedTime":"13:40","formattedDuration":"14m","formattedAvailabilityWindow":null,"formattedAvailabilityWindowShort":null,"image":{"portraitUrl":null,"landscapeUrl":"https:\/\/images.nlziet.nl\/metadataimportimages\/source\/018A18F810CC6F1EF0AD348BDCC4623D9500D224BE47BD68C76EA88A8104F55E.jpg"},"logo":{"normalUrl":"https:\/\/cdn.nlziet.nl\/static\/assets\/contentproviders\/npo.png","darkUrl":"https:\/\/cdn.nlziet.nl\/static\/assets\/contentproviders\/dark\/npo.png","flatUrl":"https:\/\/cdn.nlziet.nl\/static\/assets\/contentproviders\/flat\/npo.png"},"tags":[],"seriesId":"6t7SFiAmnEOB-25LX_yXzg"},{"id":"pfU0WSfoYUa6QG9vnCxVsQ","type":"Vod","title":"Brainwash","subtitle":"Ybo Buruma: Het vertrouwen centraal","description":"HUMAN - Volgens jurist en raadsheer Ybo Buruma hebben we in onze samenleving protocollen en verantwoording heilig verklaard, waardoor o.a. dokters, agenten en leraren door alle administratie nauwelijks meer aan werken toekomen. Volgens hem is het tijd dat we mensen weer de ruimte en het vertrouwen geven.","formattedEpisodeNumbering":null,"formattedDate":"Zo 30 aug. 2020","formattedDateShort":"Aug. 2020","formattedTime":"13:30","formattedDuration":"13m","formattedAvailabilityWindow":null,"formattedAvailabilityWindowShort":null,"image":{"portraitUrl":null,"landscapeUrl":"https:\/\/images.nlziet.nl\/metadataimportimages\/source\/DD4E455975FD2077CED28CB3E8BE02B100916F3D0B631BE54B5A2A3391F06DC2.jpg"},"logo":{"normalUrl":"https:\/\/cdn.nlziet.nl\/static\/assets\/contentproviders\/npo.png","darkUrl":"https:\/\/cdn.nlziet.nl\/static\/assets\/contentproviders\/dark\/npo.png","flatUrl":"https:\/\/cdn.nlziet.nl\/static\/assets\/contentproviders\/flat\/npo.png"},"tags":[],"seriesId":"6t7SFiAmnEOB-25LX_yXzg"},{"id":"re8nI9XsYUGO-U9VDs5NCw","type":"Vod","title":"Brainwash","subtitle":"Barbara Baarsma: Korte voedselketens","description":"HUMAN - Een gemiddelde maaltijd in Nederland heeft bijna 30.000 kilometer afgelegd, terwijl er ook dichtbij veel goed voedsel beschikbaar is. Hoofdeconoom bij de Rabobank Barbara Baarsma pleit voor een korte voedselketen.","formattedEpisodeNumbering":null,"formattedDate":"Zo 23 aug. 2020","formattedDateShort":"Aug. 2020","formattedTime":"13:30","formattedDuration":"14m","formattedAvailabilityWindow":null,"formattedAvailabilityWindowShort":null,"image":{"portraitUrl":null,"landscapeUrl":"https:\/\/images.nlziet.nl\/metadataimportimages\/source\/16CFD69A1C4CC751E075DF3D3DDA3BC5F22D8D0702458CCF6E294A05F600D086.jpg"},"logo":{"normalUrl":"https:\/\/cdn.nlziet.nl\/static\/assets\/contentproviders\/npo.png","darkUrl":"https:\/\/cdn.nlziet.nl\/static\/assets\/contentproviders\/dark\/npo.png","flatUrl":"https:\/\/cdn.nlziet.nl\/static\/assets\/contentproviders\/flat\/npo.png"},"tags":[],"seriesId":"6t7SFiAmnEOB-25LX_yXzg"},{"id":"fuywED9DaE2mwfyFIUytTA","type":"Vod","title":"Brainwash","subtitle":"Floris Alkemade: De kracht van verbeelding","description":"HUMAN - Hoe kunnen we ons leven leiden zonder een spoor van verwoesting achter te laten? Dat is voor rijksbouwmeester Floris Alkemade de centrale vraag van deze tijd. Hij zoekt het antwoord in datgene waar Nederlanders goed in zijn: de verbeelding.","formattedEpisodeNumbering":null,"formattedDate":"Zo 16 aug. 2020","formattedDateShort":"Aug. 2020","formattedTime":"13:40","formattedDuration":"11m","formattedAvailabilityWindow":null,"formattedAvailabilityWindowShort":null,"image":{"portraitUrl":null,"landscapeUrl":"https:\/\/images.nlziet.nl\/metadataimportimages\/source\/7259CA2CCDE55431B6E911949BA58647DA4E3BA511EC6BD9F6E747AA1B706A67.jpg"},"logo":{"normalUrl":"https:\/\/cdn.nlziet.nl\/static\/assets\/contentproviders\/npo.png","darkUrl":"https:\/\/cdn.nlziet.nl\/static\/assets\/contentproviders\/dark\/npo.png","flatUrl":"https:\/\/cdn.nlziet.nl\/static\/assets\/contentproviders\/flat\/npo.png"},"tags":[],"seriesId":"6t7SFiAmnEOB-25LX_yXzg"},{"id":"SC8cP8sHgUily0-NeaqhpQ","type":"Vod","title":"Brainwash","subtitle":"Sanne Blauw: Pleidooi voor twijfel","description":"HUMAN - Tijdens de coronapandemie werden we dagelijks op de hoogte gehouden van de bezettingsgraad van de intensive cares, het aantal doden, en werden er vergelijkingen gemaakt tussen landen. Volgens econometrist en journalist Sanne Blauw hebben we een blind vertrouwen in cijfers. Ten onrechte. In Brainwash Talks pleit ze voor twijfel.","formattedEpisodeNumbering":null,"formattedDate":"Zo 9 aug. 2020","formattedDateShort":"Aug. 2020","formattedTime":"13:35","formattedDuration":"14m","formattedAvailabilityWindow":null,"formattedAvailabilityWindowShort":null,"image":{"portraitUrl":null,"landscapeUrl":"https:\/\/images.nlziet.nl\/metadataimportimages\/source\/A393FEDC55CF154104129D124D4DCFAD1F875705BB95CD40E501F699CA94A2B7.jpg"},"logo":{"normalUrl":"https:\/\/cdn.nlziet.nl\/static\/assets\/contentproviders\/npo.png","darkUrl":"https:\/\/cdn.nlziet.nl\/static\/assets\/contentproviders\/dark\/npo.png","flatUrl":"https:\/\/cdn.nlziet.nl\/static\/assets\/contentproviders\/flat\/npo.png"},"tags":[],"seriesId":"6t7SFiAmnEOB-25LX_yXzg"},{"id":"F_D_zqLYdkWjuSBtxRRPPg","type":"Vod","title":"Brainwash","subtitle":"Mirthe Frese: De moederschapsmythe","description":"HUMAN - Er is een aantal hardnekkige mythes over moederschap, stelt schrijver en theatermaker Myrthe Frese. Het zou instinctief zijn, en de natuurlijke rol van de vrouw. Frese pleit voor ouderschap dat gebaseerd is op gelijkwaardigheid.","formattedEpisodeNumbering":null,"formattedDate":"Zo 2 aug. 2020","formattedDateShort":"Aug. 2020","formattedTime":"13:35","formattedDuration":"14m","formattedAvailabilityWindow":null,"formattedAvailabilityWindowShort":null,"image":{"portraitUrl":null,"landscapeUrl":"https:\/\/images.nlziet.nl\/metadataimportimages\/source\/96B94DCFC93597B39E62C9E5C2C45803CF168036759EEAF8B8A095CD144AC702.jpg"},"logo":{"normalUrl":"https:\/\/cdn.nlziet.nl\/static\/assets\/contentproviders\/npo.png","darkUrl":"https:\/\/cdn.nlziet.nl\/static\/assets\/contentproviders\/dark\/npo.png","flatUrl":"https:\/\/cdn.nlziet.nl\/static\/assets\/contentproviders\/flat\/npo.png"},"tags":[],"seriesId":"6t7SFiAmnEOB-25LX_yXzg"},{"id":"IH2DJVSwUUSW0PJDr8OsGA","type":"Vod","title":"Brainwash","subtitle":"Jan Willem Duyvendak: De onttovering van thuis","description":"HUMAN - Thuis. Het klinkt altijd zo verleidelijk, vertrouwd, warm en veilig. Toch is je thuis voelen helemaal niet zo vanzelfsprekend, weet hoogleraar Jan Willem Duyvendak. Je thuis voelen is alleen maar lastiger geworden sinds politici met het onderwerp aan de haal zijn gegaan.","formattedEpisodeNumbering":null,"formattedDate":"Zo 26 jul. 2020","formattedDateShort":"Jul. 2020","formattedTime":"13:35","formattedDuration":"13m","formattedAvailabilityWindow":null,"formattedAvailabilityWindowShort":null,"image":{"portraitUrl":null,"landscapeUrl":"https:\/\/images.nlziet.nl\/metadataimportimages\/source\/6AC9FA33A72BD3AD774793A416034C35C07D79A7538917366A12981598F7353D.jpg"},"logo":{"normalUrl":"https:\/\/cdn.nlziet.nl\/static\/assets\/contentproviders\/npo.png","darkUrl":"https:\/\/cdn.nlziet.nl\/static\/assets\/contentproviders\/dark\/npo.png","flatUrl":"https:\/\/cdn.nlziet.nl\/static\/assets\/contentproviders\/flat\/npo.png"},"tags":[],"seriesId":"6t7SFiAmnEOB-25LX_yXzg"},{"id":"JfH4Hxirm0OfcMmgbK_RxQ","type":"Vod","title":"Brainwash","subtitle":"Annelien Bredenoord: Duivelse dilemma's","description":"HUMAN - Wel of niet je ouders bezoeken, even snel een boodschap halen bij die drukke buurtsuper, of toch maar niet? Tijdens de coronacrisis werden ethische dilemma's onderdeel van het dagelijks leven, stelt ethicus Annelien Bredenoord. En dat biedt perspectief voor die andere grote crisis: die van het klimaat.","formattedEpisodeNumbering":null,"formattedDate":"Zo 19 jul. 2020","formattedDateShort":"Jul. 2020","formattedTime":"13:30","formattedDuration":"13m","formattedAvailabilityWindow":null,"formattedAvailabilityWindowShort":null,"image":{"portraitUrl":null,"landscapeUrl":"https:\/\/images.nlziet.nl\/metadataimportimages\/source\/9AEA310770194A1502A2C703C79B51DB9A84A8C0577F137E126C5D7FC726DB85.jpg"},"logo":{"normalUrl":"https:\/\/cdn.nlziet.nl\/static\/assets\/contentproviders\/npo.png","darkUrl":"https:\/\/cdn.nlziet.nl\/static\/assets\/contentproviders\/dark\/npo.png","flatUrl":"https:\/\/cdn.nlziet.nl\/static\/assets\/contentproviders\/flat\/npo.png"},"tags":[],"seriesId":"6t7SFiAmnEOB-25LX_yXzg"},{"id":"El2oNvk32UqUGjJEKpAp-Q","type":"Vod","title":"Brainwash","subtitle":"Sahand Sahebdivani: De kracht van verhalen","description":"HUMAN - Juist in tijden van polarisatie kunnen kleine verhalen, zoals over de eerste keer dat je verliefd werd, of de dag waarop je besloot om je baan op te zeggen, verbindend werken, weet verhalenverteller Sahand Sahebdivani. Hij laat zien dat verhalen een brug kunnen slaan tussen mensen.","formattedEpisodeNumbering":null,"formattedDate":"Zo 12 jul. 2020","formattedDateShort":"Jul. 2020","formattedTime":"13:25","formattedDuration":"12m","formattedAvailabilityWindow":null,"formattedAvailabilityWindowShort":null,"image":{"portraitUrl":null,"landscapeUrl":"https:\/\/images.nlziet.nl\/metadataimportimages\/source\/10BA4FDA0232C6E660E4B63E6F28ADDEF042F71F84C2AF9D4441EEBAF60DD1B1.jpg"},"logo":{"normalUrl":"https:\/\/cdn.nlziet.nl\/static\/assets\/contentproviders\/npo.png","darkUrl":"https:\/\/cdn.nlziet.nl\/static\/assets\/contentproviders\/dark\/npo.png","flatUrl":"https:\/\/cdn.nlziet.nl\/static\/assets\/contentproviders\/flat\/npo.png"},"tags":[],"seriesId":"6t7SFiAmnEOB-25LX_yXzg"},{"id":"qeU8i1Q6kEeDTPEcwLL4qQ","type":"Vod","title":"Brainwash","subtitle":"Nowelle Barnhoorn: Het recht om ongelukkig te zijn","description":"HUMAN - Vijf jaar lang worstelde schrijver en journalist Nowelle Barnhoorn met een depressie en een burn-out. Ze vertelt hoe ze besloot te accepteren hoe ongelukkig ze zich voelde.","formattedEpisodeNumbering":null,"formattedDate":"Zo 5 jul. 2020","formattedDateShort":"Jul. 2020","formattedTime":"13:35","formattedDuration":"12m","formattedAvailabilityWindow":null,"formattedAvailabilityWindowShort":null,"image":{"portraitUrl":null,"landscapeUrl":"https:\/\/images.nlziet.nl\/metadataimportimages\/source\/0481AF8340BF26E36D23008FB939A1FBDFCC0CC458D48275483CCD1655A07CBF.jpg"},"logo":{"normalUrl":"https:\/\/cdn.nlziet.nl\/static\/assets\/contentproviders\/npo.png","darkUrl":"https:\/\/cdn.nlziet.nl\/static\/assets\/contentproviders\/dark\/npo.png","flatUrl":"https:\/\/cdn.nlziet.nl\/static\/assets\/contentproviders\/flat\/npo.png"},"tags":[],"seriesId":"6t7SFiAmnEOB-25LX_yXzg"},{"id":"X9ntQCogzkeH0R14fFmI7Q","type":"Vod","title":"Brainwash","subtitle":"Maarten Boudry: Effectief altru\u00efsme","description":"HUMAN - Na twee eeuwen van vooruitgang zijn Nederlanders gezonder, welvarender en vrediger dan ooit, weet filosoof Maarten Boudry. Toch geldt dat niet voor de bewoners van alle plekken op aarde. Hij vraagt zich af hoe we de rijkdom verdelen.","formattedEpisodeNumbering":null,"formattedDate":"Zo 28 jun. 2020","formattedDateShort":"Jun. 2020","formattedTime":"13:40","formattedDuration":"13m","formattedAvailabilityWindow":null,"formattedAvailabilityWindowShort":null,"image":{"portraitUrl":null,"landscapeUrl":"https:\/\/images.nlziet.nl\/metadataimportimages\/source\/21FC157E12C5F3573DFA69DC9A8F709EEF45EF91E177295D8F621BA3CD24B22B.jpg"},"logo":{"normalUrl":"https:\/\/cdn.nlziet.nl\/static\/assets\/contentproviders\/npo.png","darkUrl":"https:\/\/cdn.nlziet.nl\/static\/assets\/contentproviders\/dark\/npo.png","flatUrl":"https:\/\/cdn.nlziet.nl\/static\/assets\/contentproviders\/flat\/npo.png"},"tags":[],"seriesId":"6t7SFiAmnEOB-25LX_yXzg"},{"id":"7a_xGkdq3Ui-JOEU7OHdEg","type":"Vod","title":"Brainwash","subtitle":"Lucas Ellerbroek: Buitenaards leven","description":"HUMAN - De vraag is niet of er buitenaards leven is, maar wanneer we het zullen vinden. Sterrenkundige Lucas Ellerbroek buigt zich over wat misschien wel het grootste mysterie is.","formattedEpisodeNumbering":null,"formattedDate":"Zo 21 jun. 2020","formattedDateShort":"Jun. 2020","formattedTime":"13:40","formattedDuration":"12m","formattedAvailabilityWindow":null,"formattedAvailabilityWindowShort":null,"image":{"portraitUrl":null,"landscapeUrl":"https:\/\/images.nlziet.nl\/metadataimportimages\/source\/8A9BF7EC1D439E7ECC46604EA382C58762CF6F201F4C19C3E97C22649EB023D5.jpg"},"logo":{"normalUrl":"https:\/\/cdn.nlziet.nl\/static\/assets\/contentproviders\/npo.png","darkUrl":"https:\/\/cdn.nlziet.nl\/static\/assets\/contentproviders\/dark\/npo.png","flatUrl":"https:\/\/cdn.nlziet.nl\/static\/assets\/contentproviders\/flat\/npo.png"},"tags":[],"seriesId":"6t7SFiAmnEOB-25LX_yXzg"},{"id":"Q6_YkUdAnUu_R1Tr8sNGxQ","type":"Vod","title":"Brainwash","subtitle":"Stefan Rummens: Een fundamenteel probleem","description":"HUMAN - Ons politieke systeem heeft een fundamenteel probleem, en de opkomst van het populisme is daar een direct gevolg van. Hoogleraar politieke filosofie Stefan Rummens zoekt een uitweg.","formattedEpisodeNumbering":null,"formattedDate":"Zo 14 jun. 2020","formattedDateShort":"Jun. 2020","formattedTime":"13:40","formattedDuration":"12m","formattedAvailabilityWindow":null,"formattedAvailabilityWindowShort":null,"image":{"portraitUrl":null,"landscapeUrl":"https:\/\/images.nlziet.nl\/metadataimportimages\/source\/54B016DF7A7DB13F5BEA7FBE2C80117A36CB375BDF4E0D65A997819BFD938CDF.jpg"},"logo":{"normalUrl":"https:\/\/cdn.nlziet.nl\/static\/assets\/contentproviders\/npo.png","darkUrl":"https:\/\/cdn.nlziet.nl\/static\/assets\/contentproviders\/dark\/npo.png","flatUrl":"https:\/\/cdn.nlziet.nl\/static\/assets\/contentproviders\/flat\/npo.png"},"tags":[],"seriesId":"6t7SFiAmnEOB-25LX_yXzg"},{"id":"RnhwB6NhwkyaByQQoJSyLQ","type":"Vod","title":"Brainwash","subtitle":"Pete Wu: Voorbij de vooroordelen","description":"HUMAN - Spleetogen trekken, 'Hankie Pankie Shanghai' zingen, of vragen hoe lang een Chinees is, schrijver en journalist Pete Wu weet dat dit geen onschuldige grapjes zijn, maar stereotyperende opmerkingen die Chinese Nederlanders echt iets doen. Hij rekent af met de vooroordelen.","formattedEpisodeNumbering":null,"formattedDate":"Zo 7 jun. 2020","formattedDateShort":"Jun. 2020","formattedTime":"13:40","formattedDuration":"11m","formattedAvailabilityWindow":null,"formattedAvailabilityWindowShort":null,"image":{"portraitUrl":null,"landscapeUrl":"https:\/\/images.nlziet.nl\/metadataimportimages\/source\/87E64BDED8874D7B304DE1AFC2128C635D969495E1C5A05C24A93128AED47EA1.jpg"},"logo":{"normalUrl":"https:\/\/cdn.nlziet.nl\/static\/assets\/contentproviders\/npo.png","darkUrl":"https:\/\/cdn.nlziet.nl\/static\/assets\/contentproviders\/dark\/npo.png","flatUrl":"https:\/\/cdn.nlziet.nl\/static\/assets\/contentproviders\/flat\/npo.png"},"tags":[],"seriesId":"6t7SFiAmnEOB-25LX_yXzg"},{"id":"XZ5FaIcl4UOM2waYeGkz-Q","type":"Vod","title":"Brainwash","subtitle":"Miranda Ntirandekura Aerts: Interlandelijke adoptie","description":"HUMAN - Psycholoog Miranda Ntirandekura Aerts was vijf jaar oud toen ze geadopteerd werd en van Rwanda naar Belgi\u00eb verhuisde. Ze onderzoekt de enorme impact van interlandelijke adoptie.","formattedEpisodeNumbering":null,"formattedDate":"Zo 31 mei. 2020","formattedDateShort":"Mei. 2020","formattedTime":"13:40","formattedDuration":"13m","formattedAvailabilityWindow":null,"formattedAvailabilityWindowShort":null,"image":{"portraitUrl":null,"landscapeUrl":"https:\/\/images.nlziet.nl\/metadataimportimages\/source\/A772779E877D0F3C54BCDC03B8B85B610C3A5C4ECEBA4AC77CE4D99C58802758.jpg"},"logo":{"normalUrl":"https:\/\/cdn.nlziet.nl\/static\/assets\/contentproviders\/npo.png","darkUrl":"https:\/\/cdn.nlziet.nl\/static\/assets\/contentproviders\/dark\/npo.png","flatUrl":"https:\/\/cdn.nlziet.nl\/static\/assets\/contentproviders\/flat\/npo.png"},"tags":[],"seriesId":"6t7SFiAmnEOB-25LX_yXzg"},{"id":"3lWxjjC-j0Sc0T6kq1P9mQ","type":"Vod","title":"Brainwash","subtitle":"Jaouad Alloul: Religie en seksualiteit","description":"HUMAN - Hoe kun je je seksualiteit ontdekken als die op gespannen voet staat met je geloof? Voor theatermaker, zanger, drag-artiest, homo en moslim Jaouad Alloul staat die vraag centraal. In Brainwash Talks gaat hij op zoek naar begrip.","formattedEpisodeNumbering":null,"formattedDate":"Zo 24 mei. 2020","formattedDateShort":"Mei. 2020","formattedTime":"13:40","formattedDuration":"13m","formattedAvailabilityWindow":null,"formattedAvailabilityWindowShort":null,"image":{"portraitUrl":null,"landscapeUrl":"https:\/\/images.nlziet.nl\/metadataimportimages\/source\/8F695CF7436CC7849FB1D20B81EDF81DFD843D5947736B59FC119B8C45421F45.jpg"},"logo":{"normalUrl":"https:\/\/cdn.nlziet.nl\/static\/assets\/contentproviders\/npo.png","darkUrl":"https:\/\/cdn.nlziet.nl\/static\/assets\/contentproviders\/dark\/npo.png","flatUrl":"https:\/\/cdn.nlziet.nl\/static\/assets\/contentproviders\/flat\/npo.png"},"tags":[],"seriesId":"6t7SFiAmnEOB-25LX_yXzg"},{"id":"2CkeLrDtk0eQBkiIMfUfuA","type":"Vod","title":"Brainwash","subtitle":"Peter-Paul Verbeek: Mag alles wat kan?","description":"HUMAN - Mag alles wat kan, of zijn er grenzen aan technologische ontwikkelingen? Hoogleraar Peter-Paul Verbeek laat zien hoe we grip houden op kunstmatige intelligentie. Verbeek is universiteitshoogleraar Filosofie van Mens en Techniek, en voorzitter van de ethische commissie voor technologische ontwikkelingen van Unesco.","formattedEpisodeNumbering":null,"formattedDate":"Zo 17 mei. 2020","formattedDateShort":"Mei. 2020","formattedTime":"13:40","formattedDuration":"13m","formattedAvailabilityWindow":null,"formattedAvailabilityWindowShort":null,"image":{"portraitUrl":null,"landscapeUrl":"https:\/\/images.nlziet.nl\/metadataimportimages\/source\/CC8F55A006BD9EF44D7FD72CDF8782AD48F091AA7D838997A205F68A344A6B60.jpg"},"logo":{"normalUrl":"https:\/\/cdn.nlziet.nl\/static\/assets\/contentproviders\/npo.png","darkUrl":"https:\/\/cdn.nlziet.nl\/static\/assets\/contentproviders\/dark\/npo.png","flatUrl":"https:\/\/cdn.nlziet.nl\/static\/assets\/contentproviders\/flat\/npo.png"},"tags":[],"seriesId":"6t7SFiAmnEOB-25LX_yXzg"},{"id":"ASCNuo42wEeKnN7qtPHjFQ","type":"Vod","title":"Brainwash","subtitle":"An Beazar: Duurzaam ondernemen","description":"HUMAN - Klimaatverandering tegengaan is duur en k\u00f3st vooral geld, is de heersende opvatting. Ondernemer An Beazar laat zien dat kiezen voor duurzaamheid juist ook geld kan opleveren.","formattedEpisodeNumbering":null,"formattedDate":"Zo 10 mei. 2020","formattedDateShort":"Mei. 2020","formattedTime":"13:45","formattedDuration":"11m","formattedAvailabilityWindow":null,"formattedAvailabilityWindowShort":null,"image":{"portraitUrl":null,"landscapeUrl":"https:\/\/images.nlziet.nl\/metadataimportimages\/source\/D27C4F576E93A49ABA7B6E4CB4A947080AEC98797A5A75F1E2A3BC783CDD6597.jpg"},"logo":{"normalUrl":"https:\/\/cdn.nlziet.nl\/static\/assets\/contentproviders\/npo.png","darkUrl":"https:\/\/cdn.nlziet.nl\/static\/assets\/contentproviders\/dark\/npo.png","flatUrl":"https:\/\/cdn.nlziet.nl\/static\/assets\/contentproviders\/flat\/npo.png"},"tags":[],"seriesId":"6t7SFiAmnEOB-25LX_yXzg"},{"id":"Z4YfwfCnGUavL4PLio9n2g","type":"Vod","title":"Brainwash Talks","subtitle":"Jim van Os: De pati\u00ebnt centraal","description":"HUMAN - De geestelijke gezondheidszorg leunt te zwaar op de DSM-5, het handboek met psychiatrische aandoeningen, stelt psychiater Jim van Os. Tijd om de pati\u00ebnt weer centraal te stellen.","formattedEpisodeNumbering":null,"formattedDate":"Zo 3 mei. 2020","formattedDateShort":"Mei. 2020","formattedTime":"13:40","formattedDuration":"14m","formattedAvailabilityWindow":null,"formattedAvailabilityWindowShort":null,"image":{"portraitUrl":null,"landscapeUrl":"https:\/\/images.nlziet.nl\/metadataimportimages\/source\/94387CF2D7B33868A39D14120B2E6D979324D30E96F8C16D5F2CFF08171B6085.jpg"},"logo":{"normalUrl":"https:\/\/cdn.nlziet.nl\/static\/assets\/contentproviders\/npo.png","darkUrl":"https:\/\/cdn.nlziet.nl\/static\/assets\/contentproviders\/dark\/npo.png","flatUrl":"https:\/\/cdn.nlziet.nl\/static\/assets\/contentproviders\/flat\/npo.png"},"tags":[],"seriesId":"6t7SFiAmnEOB-25LX_yXzg"},{"id":"QV1hVdVrkEmvj5HZ2ez2OQ","type":"Vod","title":"Brainwash","subtitle":"Marleen Stikker: Het internet is stuk","description":"HUMAN - Het internet is stuk, stelt internetpionier Marleen Stikker. Het grote geld en techreuzen als Google en Facebook hebben de digitale ruimte volledig overgenomen. Gelukkig kunnen we onze online soevereiniteit heroveren.","formattedEpisodeNumbering":null,"formattedDate":"Zo 26 apr. 2020","formattedDateShort":"Apr. 2020","formattedTime":"13:40","formattedDuration":"13m","formattedAvailabilityWindow":null,"formattedAvailabilityWindowShort":null,"image":{"portraitUrl":null,"landscapeUrl":"https:\/\/images.nlziet.nl\/metadataimportimages\/source\/780EA9EB8CAD04B7FBE432EFD2700E3B8708368FBDC6A8736F3204781FEC3DA1.jpg"},"logo":{"normalUrl":"https:\/\/cdn.nlziet.nl\/static\/assets\/contentproviders\/npo.png","darkUrl":"https:\/\/cdn.nlziet.nl\/static\/assets\/contentproviders\/dark\/npo.png","flatUrl":"https:\/\/cdn.nlziet.nl\/static\/assets\/contentproviders\/flat\/npo.png"},"tags":[],"seriesId":"6t7SFiAmnEOB-25LX_yXzg"},{"id":"J7I0Ba3rm0aIm9-ZwF9n4g","type":"Vod","title":"Brainwash","subtitle":"Selm Wenselaers: Geen man, geen vrouw","description":"HUMAN - Dramaturg Selm Wenselaers gaat op zoek naar de betekenis van genderflu\u00efditeit in een binaire wereld. Wenselaers voelt zich geen hij en geen zij, maar genderflu\u00efde en wordt het liefst aangeduid met 'hen'.","formattedEpisodeNumbering":null,"formattedDate":"Zo 19 apr. 2020","formattedDateShort":"Apr. 2020","formattedTime":"13:35","formattedDuration":"13m","formattedAvailabilityWindow":null,"formattedAvailabilityWindowShort":null,"image":{"portraitUrl":null,"landscapeUrl":"https:\/\/images.nlziet.nl\/metadataimportimages\/source\/2BF08AFC5F95E60ACBF6570FE25AF9F163579E6054898FE373C8510405CD6600.jpg"},"logo":{"normalUrl":"https:\/\/cdn.nlziet.nl\/static\/assets\/contentproviders\/npo.png","darkUrl":"https:\/\/cdn.nlziet.nl\/static\/assets\/contentproviders\/dark\/npo.png","flatUrl":"https:\/\/cdn.nlziet.nl\/static\/assets\/contentproviders\/flat\/npo.png"},"tags":[],"seriesId":"6t7SFiAmnEOB-25LX_yXzg"},{"id":"N8wUJikav0-izAqxRr69UQ","type":"Vod","title":"Brainwash","subtitle":"Glenn Helberg: Een nieuw soort menselijkheid","description":"HUMAN - De mens is niet alleen een denkend, maar vooral ook een emotioneel wezen, stelt psychiater Glenn Helberg. Pas als je dat voldoende beseft, kun je je openstellen voor een ander.","formattedEpisodeNumbering":null,"formattedDate":"Zo 12 apr. 2020","formattedDateShort":"Apr. 2020","formattedTime":"13:40","formattedDuration":"12m","formattedAvailabilityWindow":null,"formattedAvailabilityWindowShort":null,"image":{"portraitUrl":null,"landscapeUrl":"https:\/\/images.nlziet.nl\/metadataimportimages\/source\/9333FD4C6210F939B0857BCFABBB5397DFDAB1DEB64B1E2CC4A4F4B758CA7677.jpg"},"logo":{"normalUrl":"https:\/\/cdn.nlziet.nl\/static\/assets\/contentproviders\/npo.png","darkUrl":"https:\/\/cdn.nlziet.nl\/static\/assets\/contentproviders\/dark\/npo.png","flatUrl":"https:\/\/cdn.nlziet.nl\/static\/assets\/contentproviders\/flat\/npo.png"},"tags":[],"seriesId":"6t7SFiAmnEOB-25LX_yXzg"},{"id":"qnPii5sdJkGYu76vne3cOw","type":"Vod","title":"Brainwash Talks","subtitle":"Irene van Staveren: Het kapitalisme voorbij","description":"HUMAN - Wie de literatuur er op naslaat, komt niet veel verder dan het idee dat er maar \u00e9\u00e9n economische theorie mogelijk is: die van het kapitalisme, met de vrije markt als heiligdom. Hoogleraar pluralistische economie Irene van Staveren laat zien dat het anders kan.","formattedEpisodeNumbering":null,"formattedDate":"Zo 5 apr. 2020","formattedDateShort":"Apr. 2020","formattedTime":"13:40","formattedDuration":"12m","formattedAvailabilityWindow":null,"formattedAvailabilityWindowShort":null,"image":{"portraitUrl":null,"landscapeUrl":"https:\/\/images.nlziet.nl\/metadataimportimages\/source\/53D84F1DCD11A403EB9B472EADF8A902F85346390606E6C3A37629EDA9EE435F.jpg"},"logo":{"normalUrl":"https:\/\/cdn.nlziet.nl\/static\/assets\/contentproviders\/npo.png","darkUrl":"https:\/\/cdn.nlziet.nl\/static\/assets\/contentproviders\/dark\/npo.png","flatUrl":"https:\/\/cdn.nlziet.nl\/static\/assets\/contentproviders\/flat\/npo.png"},"tags":[],"seriesId":"6t7SFiAmnEOB-25LX_yXzg"},{"id":"YkByAuhzYEWl3CRtvtUYSw","type":"Vod","title":"Brainwash","subtitle":"Warda El-Kaddouri: Religie en wetenschap","description":"HUMAN - Het scheppingsverhaal en de evolutietheorie: religie en wetenschap lijken lijnrecht tegenover elkaar te staan. Dat ze toch te verzoenen zijn, laat literatuurwetenschapper en journalist Warda El-Kaddouri zien.","formattedEpisodeNumbering":null,"formattedDate":"Zo 29 mrt. 2020","formattedDateShort":"Mrt. 2020","formattedTime":"13:40","formattedDuration":"12m","formattedAvailabilityWindow":null,"formattedAvailabilityWindowShort":null,"image":{"portraitUrl":null,"landscapeUrl":"https:\/\/images.nlziet.nl\/metadataimportimages\/source\/E6F7C595E9E4EFFF00EF68AD8F415112B90E2F22A1E39D5C135EB8FBE0A15E3B.jpg"},"logo":{"normalUrl":"https:\/\/cdn.nlziet.nl\/static\/assets\/contentproviders\/npo.png","darkUrl":"https:\/\/cdn.nlziet.nl\/static\/assets\/contentproviders\/dark\/npo.png","flatUrl":"https:\/\/cdn.nlziet.nl\/static\/assets\/contentproviders\/flat\/npo.png"},"tags":[],"seriesId":"6t7SFiAmnEOB-25LX_yXzg"},{"id":"CkFtlJHQuEmC9g86Y7SwAQ","type":"Vod","title":"Brainwash","subtitle":"David Eelbode: Fundamentele wiskunde","description":"HUMAN - Hoezeer we ook op de computer leunen, er zijn problemen die er simpelweg niet mee opgelost kunnen worden. Wiskundige David Eelbode laat zien dat we niet zonder de wiskunde kunnen.","formattedEpisodeNumbering":null,"formattedDate":"Zo 22 mrt. 2020","formattedDateShort":"Mrt. 2020","formattedTime":"13:35","formattedDuration":"13m","formattedAvailabilityWindow":null,"formattedAvailabilityWindowShort":null,"image":{"portraitUrl":null,"landscapeUrl":"https:\/\/images.nlziet.nl\/metadataimportimages\/source\/558BBD29DDE064990C62DFC8C50084431AE51C2F8D00950E38EEC0BDFC3CE1F2.jpg"},"logo":{"normalUrl":"https:\/\/cdn.nlziet.nl\/static\/assets\/contentproviders\/npo.png","darkUrl":"https:\/\/cdn.nlziet.nl\/static\/assets\/contentproviders\/dark\/npo.png","flatUrl":"https:\/\/cdn.nlziet.nl\/static\/assets\/contentproviders\/flat\/npo.png"},"tags":[],"seriesId":"6t7SFiAmnEOB-25LX_yXzg"},{"id":"jsOIA0j6K0GMs19wVY9yGg","type":"Vod","title":"Brainwash","subtitle":"Jules Montague: Feilbaar geheugen","description":"HUMAN - De mens is een vergetend wezen. Toch hecht iedereen, bijvoorbeeld in de rechtszaal, veel waarde aan herinneringen. Neuroloog Jules Montague vraagt zich af hoe rechtvaardig dat is.","formattedEpisodeNumbering":null,"formattedDate":"Zo 23 feb. 2020","formattedDateShort":"Feb. 2020","formattedTime":"13:40","formattedDuration":"12m","formattedAvailabilityWindow":null,"formattedAvailabilityWindowShort":null,"image":{"portraitUrl":null,"landscapeUrl":"https:\/\/images.nlziet.nl\/metadataimportimages\/source\/C0A51995CBD04F8B5680BC9714484ABDA345F4BD0520168EF084AF541511CC5C.jpg"},"logo":{"normalUrl":"https:\/\/cdn.nlziet.nl\/static\/assets\/contentproviders\/npo.png","darkUrl":"https:\/\/cdn.nlziet.nl\/static\/assets\/contentproviders\/dark\/npo.png","flatUrl":"https:\/\/cdn.nlziet.nl\/static\/assets\/contentproviders\/flat\/npo.png"},"tags":[],"seriesId":"6t7SFiAmnEOB-25LX_yXzg"},{"id":"vY1ccN9_IkWm35EiRuM-wQ","type":"Vod","title":"Brainwash","subtitle":"Caroline Criado Perez: De mannelijke maat","description":"HUMAN - In een op de mannelijke maat ontworpen wereld delft de vrouw het onderspit, weet schrijver en activist Caroline Criado Perez. En dat is de schuld van \u00e9\u00e9n man in het bijzonder.","formattedEpisodeNumbering":null,"formattedDate":"Zo 16 feb. 2020","formattedDateShort":"Feb. 2020","formattedTime":"13:35","formattedDuration":"12m","formattedAvailabilityWindow":null,"formattedAvailabilityWindowShort":null,"image":{"portraitUrl":null,"landscapeUrl":"https:\/\/images.nlziet.nl\/metadataimportimages\/source\/0956722077A2BE139CE186657F8F0C78D9F71251B1E5054627E89C6206C9641C.jpg"},"logo":{"normalUrl":"https:\/\/cdn.nlziet.nl\/static\/assets\/contentproviders\/npo.png","darkUrl":"https:\/\/cdn.nlziet.nl\/static\/assets\/contentproviders\/dark\/npo.png","flatUrl":"https:\/\/cdn.nlziet.nl\/static\/assets\/contentproviders\/flat\/npo.png"},"tags":[],"seriesId":"6t7SFiAmnEOB-25LX_yXzg"},{"id":"9tH_hkbdIECVZ7-g-pY3UQ","type":"Vod","title":"Brainwash","subtitle":"Peter Pomerantsev: Informatie-overschot","description":"HUMAN - Sociale media als Twitter, Facebook en Instagram spuwen dagelijks een overvloed aan, al dan niet verzonnen, nieuwsberichten uit. Journalist Peter Pomerantsev helpt zicht te houden op de waarheid.","formattedEpisodeNumbering":null,"formattedDate":"Zo 9 feb. 2020","formattedDateShort":"Feb. 2020","formattedTime":"13:40","formattedDuration":"14m","formattedAvailabilityWindow":null,"formattedAvailabilityWindowShort":null,"image":{"portraitUrl":null,"landscapeUrl":"https:\/\/images.nlziet.nl\/metadataimportimages\/source\/AD3BCE41D747B4E2E7337BCD6B59103B554296116AE4011B9492435C21E061CA.jpg"},"logo":{"normalUrl":"https:\/\/cdn.nlziet.nl\/static\/assets\/contentproviders\/npo.png","darkUrl":"https:\/\/cdn.nlziet.nl\/static\/assets\/contentproviders\/dark\/npo.png","flatUrl":"https:\/\/cdn.nlziet.nl\/static\/assets\/contentproviders\/flat\/npo.png"},"tags":[],"seriesId":"6t7SFiAmnEOB-25LX_yXzg"},{"id":"9ilUn3V8aUiSuQxOcy8LLw","type":"Vod","title":"Brainwash Talks","subtitle":"Mariana Mazzucato: Kapitalisme op de schop","description":"HUMAN - Journalisten, schrijvers, wetenschappers en filosofen buigen zich over de grote persoonlijke en maatschappelijke vragen anno 2020. Hun verrassende inzichten doen je blik kantelen en helpen om je eigen kaders in te kleuren.","formattedEpisodeNumbering":null,"formattedDate":"Zo 2 feb. 2020","formattedDateShort":"Feb. 2020","formattedTime":"13:45","formattedDuration":"10m","formattedAvailabilityWindow":null,"formattedAvailabilityWindowShort":null,"image":{"portraitUrl":null,"landscapeUrl":"https:\/\/images.nlziet.nl\/metadataimportimages\/source\/46A89C21F39F83662FD7F234E4F7501F915D4DE89BCC35F020B281970479F558.jpg"},"logo":{"normalUrl":"https:\/\/cdn.nlziet.nl\/static\/assets\/contentproviders\/npo.png","darkUrl":"https:\/\/cdn.nlziet.nl\/static\/assets\/contentproviders\/dark\/npo.png","flatUrl":"https:\/\/cdn.nlziet.nl\/static\/assets\/contentproviders\/flat\/npo.png"},"tags":[],"seriesId":"6t7SFiAmnEOB-25LX_yXzg"},{"id":"AHMC_jU1ZUKpgMh0B6Ll6A","type":"Vod","title":"Brainwash","subtitle":"Jelmer Mommers: Een nieuw klimaatverhaal","description":"HUMAN - Wel of geen auto meer rijden, wel of niet vliegen en vlees eten. De discussie over het klimaat drijft mensen uiteen, weet journalist Jelmer Mommers. Tijd voor een nieuw klimaatverhaal.","formattedEpisodeNumbering":null,"formattedDate":"Zo 26 jan. 2020","formattedDateShort":"Jan. 2020","formattedTime":"13:40","formattedDuration":"13m","formattedAvailabilityWindow":null,"formattedAvailabilityWindowShort":null,"image":{"portraitUrl":null,"landscapeUrl":"https:\/\/images.nlziet.nl\/metadataimportimages\/source\/50115F04B0778DEBCCB8D484B23A3DA7FAC159A19C15C27A071A8DF48CA853A7.jpg"},"logo":{"normalUrl":"https:\/\/cdn.nlziet.nl\/static\/assets\/contentproviders\/npo.png","darkUrl":"https:\/\/cdn.nlziet.nl\/static\/assets\/contentproviders\/dark\/npo.png","flatUrl":"https:\/\/cdn.nlziet.nl\/static\/assets\/contentproviders\/flat\/npo.png"},"tags":[],"seriesId":"6t7SFiAmnEOB-25LX_yXzg"},{"id":"wJ0xEVyQJEuGNPzbuMTs1g","type":"Vod","title":"Brainwash","subtitle":"Philipp Blom: De stoommachine","description":"HUMAN - Toen twee eeuwen geleden de stoommachine werd uitgevonden, zette dat de samenleving op zijn kop. Historicus Philipp Blom gaat op zoek naar de stoommachine van nu.","formattedEpisodeNumbering":null,"formattedDate":"Zo 19 jan. 2020","formattedDateShort":"Jan. 2020","formattedTime":"13:40","formattedDuration":"13m","formattedAvailabilityWindow":null,"formattedAvailabilityWindowShort":null,"image":{"portraitUrl":null,"landscapeUrl":"https:\/\/images.nlziet.nl\/metadataimportimages\/source\/51A3EE5BD45371AE627FBC4FB719C116EED1C3AA3E60CCFCC865855BD2981C5B.jpg"},"logo":{"normalUrl":"https:\/\/cdn.nlziet.nl\/static\/assets\/contentproviders\/npo.png","darkUrl":"https:\/\/cdn.nlziet.nl\/static\/assets\/contentproviders\/dark\/npo.png","flatUrl":"https:\/\/cdn.nlziet.nl\/static\/assets\/contentproviders\/flat\/npo.png"},"tags":[],"seriesId":"6t7SFiAmnEOB-25LX_yXzg"},{"id":"zKVIgO0Ws0idixjnCvs-RQ","type":"Vod","title":"Brainwash","subtitle":"Guy Standing: Grote onzekerheden","description":"HUMAN - Groeiende ongelijkheid, schulden en stress. Volgens econoom Guy Standing is het tijd voor een idee dat afrekent met de grote onzekerheden van deze tijd.","formattedEpisodeNumbering":null,"formattedDate":"Zo 12 jan. 2020","formattedDateShort":"Jan. 2020","formattedTime":"13:45","formattedDuration":"15m","formattedAvailabilityWindow":null,"formattedAvailabilityWindowShort":null,"image":{"portraitUrl":null,"landscapeUrl":"https:\/\/images.nlziet.nl\/metadataimportimages\/source\/20A85B2DC02BAF42FD3C3CAD5E69DF057148C8480979EAF82CA4D793362D7AC4.jpg"},"logo":{"normalUrl":"https:\/\/cdn.nlziet.nl\/static\/assets\/contentproviders\/npo.png","darkUrl":"https:\/\/cdn.nlziet.nl\/static\/assets\/contentproviders\/dark\/npo.png","flatUrl":"https:\/\/cdn.nlziet.nl\/static\/assets\/contentproviders\/flat\/npo.png"},"tags":[],"seriesId":"6t7SFiAmnEOB-25LX_yXzg"},{"id":"L49iIcy3-UmYF4LrqT-K2w","type":"Vod","title":"Brainwash","subtitle":"Kiza Magendane: Worteling","description":"HUMAN - Het idee dat iemand te reduceren is tot zijn of haar roots, tot zijn of haar afkomst, is sterk genesteld in ons denken, stelt politicoloog Kiza Magendane. Tijd om daar los van te komen, want een mens is toch geen plant?","formattedEpisodeNumbering":null,"formattedDate":"Zo 5 jan. 2020","formattedDateShort":"Jan. 2020","formattedTime":"13:45","formattedDuration":"14m","formattedAvailabilityWindow":null,"formattedAvailabilityWindowShort":null,"image":{"portraitUrl":null,"landscapeUrl":"https:\/\/images.nlziet.nl\/metadataimportimages\/source\/B8D4B3C9F428490273472F4A263C0850D774B464CAC16738D2C34EF7C083128C.jpg"},"logo":{"normalUrl":"https:\/\/cdn.nlziet.nl\/static\/assets\/contentproviders\/npo.png","darkUrl":"https:\/\/cdn.nlziet.nl\/static\/assets\/contentproviders\/dark\/npo.png","flatUrl":"https:\/\/cdn.nlziet.nl\/static\/assets\/contentproviders\/flat\/npo.png"},"tags":[],"seriesId":"6t7SFiAmnEOB-25LX_yXzg"}]