[{"id":"wpUMrphku06C4mUxQBcyiQ","type":"Vod","title":"Way Of Living","subtitle":"Afl. 5","description":"RTL4 - Arno Raymakers bereikt de laatste bestemming van zijn roadtrip: Kaprun. Ralph van Kollenburg toont waar hij een nieuw resort gaat bouwen. Terug in Nederland heeft Arno een gesprek over safarilodges in Zambia en Malawi.","formattedEpisodeNumbering":null,"formattedDate":"Zo 17 okt. 2021","formattedDateShort":"Okt. 2021","formattedTime":"13:30","formattedDuration":"22m","formattedAvailabilityWindow":null,"formattedAvailabilityWindowShort":null,"image":{"portraitUrl":null,"landscapeUrl":"https:\/\/images.nlziet.nl\/metadataimportimages\/source\/9E555E9B4CE640F2414B713E80676DED932F2677956221EA5D86DF5C37B1ECE8.jpg"},"logo":{"normalUrl":"https:\/\/cdn.nlziet.nl\/static\/assets\/contentproviders\/rtl.png","darkUrl":"https:\/\/cdn.nlziet.nl\/static\/assets\/contentproviders\/dark\/rtl.png","flatUrl":"https:\/\/cdn.nlziet.nl\/static\/assets\/contentproviders\/flat\/rtl.png"},"tags":[],"seriesId":"5iq64M0KqESDSVKax8Q3FA"},{"id":"uDIaDduU9k2h6nZi_AKKhQ","type":"Vod","title":"Way Of Living","subtitle":"Afl. 4","description":"RTL4 - Arno Raymakers komt tijdens zijn roadtrip door Oostenrijk aan in Montafon, de schilderachtige vallei in het uiterste westen. Ook hier wordt het komende jaar een nieuw resort annex wintersportcentrum gebouwd. Nederlander Ralph is opnieuw Arno's gids. Op Bonaire zijn Sanne Heijen en Arno te gast bij Patricia, die ze laat kennismaken met hun projecten op het eiland. Verder reist Arno voor een 'camperchallenge' af naar Apeldoorn en wordt hij op landgoed De Salentein bijgepraat over de tweedewoningenmarkt in Florida en Oostenrijk.","formattedEpisodeNumbering":null,"formattedDate":"Zo 10 okt. 2021","formattedDateShort":"Okt. 2021","formattedTime":"13:30","formattedDuration":"22m","formattedAvailabilityWindow":null,"formattedAvailabilityWindowShort":null,"image":{"portraitUrl":null,"landscapeUrl":"https:\/\/images.nlziet.nl\/metadataimportimages\/source\/A52D8C87DB2364D9BEA16D329439EF96ADDE74858A201B7718825F0476B7FB03.jpg"},"logo":{"normalUrl":"https:\/\/cdn.nlziet.nl\/static\/assets\/contentproviders\/rtl.png","darkUrl":"https:\/\/cdn.nlziet.nl\/static\/assets\/contentproviders\/dark\/rtl.png","flatUrl":"https:\/\/cdn.nlziet.nl\/static\/assets\/contentproviders\/flat\/rtl.png"},"tags":[],"seriesId":"5iq64M0KqESDSVKax8Q3FA"},{"id":"kFoImOJDnEKNREt0ykGJ2g","type":"Vod","title":"Way Of Living","subtitle":"Afl. 3","description":"RTL4 - Arno Raymakers belandt tijdens zijn roadtrip door Oostenrijk vandaag in Zell am See. Daar wordt een ultrahip wintersporthotel gebouwd waar hij alles over wil weten. Campers zijn in coronatijd niet aan te slepen. We volgen het echtpaar Fleurbaai dat op zoek is naar een upgrade. Vanaf Landgoed De Salentein komen Sanne Heijen en Arno weer van alles te weten over de tweede woningenmarkt in Nederland, Spanje en Oostenrijk. En we kijken ook naar de interieurtrend van dit moment: kolossale banken.","formattedEpisodeNumbering":null,"formattedDate":"Zo 7 nov. 2021","formattedDateShort":"Nov. 2021","formattedTime":"13:30","formattedDuration":"21m","formattedAvailabilityWindow":null,"formattedAvailabilityWindowShort":null,"image":{"portraitUrl":null,"landscapeUrl":"https:\/\/images.nlziet.nl\/metadataimportimages\/source\/096D7E69A0BF01CA8FD0D65D4EF4F937C029D8E17D1D1762C33B7C13A8AE3E9A.jpg"},"logo":{"normalUrl":"https:\/\/cdn.nlziet.nl\/static\/assets\/contentproviders\/rtl.png","darkUrl":"https:\/\/cdn.nlziet.nl\/static\/assets\/contentproviders\/dark\/rtl.png","flatUrl":"https:\/\/cdn.nlziet.nl\/static\/assets\/contentproviders\/flat\/rtl.png"},"tags":[],"seriesId":"5iq64M0KqESDSVKax8Q3FA"},{"id":"3qSx4RF_b0SMcmWa2fS9yw","type":"Vod","title":"Way Of Living","subtitle":"Afl. 2","description":"RTL4 - Arno Raymakers belandt tijdens zijn roadtrip door Oostenrijk allereerst in Bad Mitterndorf. Daar neemt hij een kijkje bij een nieuw te bouwen resort. Sanne Heijen is nog in Twente. Ze bezoekt met Patricia het pittoreske Delden en een wijngaard in Bentelo. Een tweede huis op wielen is helemaal hot in deze coronatijd. Arno onderzoekt de mogelijkheden op de campermarkt. Vanaf landgoed De Salentein bespreekt het duo de trends op de Nederlandse recreatiewoningmarkt en geeft Gerard een update over vastgoed in Portugal.","formattedEpisodeNumbering":null,"formattedDate":"Zo 31 okt. 2021","formattedDateShort":"Okt. 2021","formattedTime":"13:25","formattedDuration":"22m","formattedAvailabilityWindow":null,"formattedAvailabilityWindowShort":null,"image":{"portraitUrl":null,"landscapeUrl":"https:\/\/images.nlziet.nl\/metadataimportimages\/source\/EE8CB493A41FD6906FE7D4052686C73B5FF9A8EA48F13AD615AAE923598FE8BD.jpg"},"logo":{"normalUrl":"https:\/\/cdn.nlziet.nl\/static\/assets\/contentproviders\/rtl.png","darkUrl":"https:\/\/cdn.nlziet.nl\/static\/assets\/contentproviders\/dark\/rtl.png","flatUrl":"https:\/\/cdn.nlziet.nl\/static\/assets\/contentproviders\/flat\/rtl.png"},"tags":[],"seriesId":"5iq64M0KqESDSVKax8Q3FA"},{"id":"LxqwGvw6wE2LY1SzYBe0tQ","type":"Vod","title":"Way Of Living","subtitle":"Afl. 1","description":"RTL4 - Informatief programma waarin Sanne Heijen en Arno Raymakers de hele wereld over reizen om, gewapend met een koffer vol kopers- en kijkersvragen, antwoorden te vinden om een ultieme droom werkelijkheid te laten worden: het kopen van een eigen vakantiehuis of tweede woning in binnen- of buitenland. Diverse facetten in het traject 'van dromen tot kopen' komen aan bod.","formattedEpisodeNumbering":null,"formattedDate":"Zo 24 okt. 2021","formattedDateShort":"Okt. 2021","formattedTime":"13:30","formattedDuration":"21m","formattedAvailabilityWindow":null,"formattedAvailabilityWindowShort":null,"image":{"portraitUrl":null,"landscapeUrl":"https:\/\/images.nlziet.nl\/metadataimportimages\/source\/A78462D37A459187A648F2077F2A5C737E31525315053249FC438C0E9EBD3CBE.jpg"},"logo":{"normalUrl":"https:\/\/cdn.nlziet.nl\/static\/assets\/contentproviders\/rtl.png","darkUrl":"https:\/\/cdn.nlziet.nl\/static\/assets\/contentproviders\/dark\/rtl.png","flatUrl":"https:\/\/cdn.nlziet.nl\/static\/assets\/contentproviders\/flat\/rtl.png"},"tags":[],"seriesId":"5iq64M0KqESDSVKax8Q3FA"}]