[{"id":"9Qh60rlbTkWhE47WZ6wbmQ","type":"Vod","title":"NOS WK-kwalificatie Voetbal Montenegro - Nederland warming up","subtitle":"NOS WK-kwalificatie Voetbal Montenegro - Nederland warming up","description":"NOS - Warming-up van de WK-kwalificatiewedstrijd Montenegro - Nederland.","formattedEpisodeNumbering":null,"formattedDate":"Za 13 nov. 2021","formattedDateShort":"Nov. 2021","formattedTime":"19:57","formattedDuration":"2m","formattedAvailabilityWindow":null,"formattedAvailabilityWindowShort":null,"image":{"portraitUrl":null,"landscapeUrl":"https:\/\/images.nlziet.nl\/metadataimportimages\/source\/68EC9BD31F0B56156D92E55D95406CD25480F62056A6FDBDF0B223F6475BEC51.jpg"},"logo":{"normalUrl":"https:\/\/cdn.nlziet.nl\/static\/assets\/contentproviders\/npo.png","darkUrl":"https:\/\/cdn.nlziet.nl\/static\/assets\/contentproviders\/dark\/npo.png","flatUrl":"https:\/\/cdn.nlziet.nl\/static\/assets\/contentproviders\/flat\/npo.png"},"tags":[],"seriesId":"5Ys7Jwg3_EKAiS07ctyJhw"}]