[{"id":"hHpPYaCRI0iE1nCg_Uv5ng","type":"Vod","title":"NOS Kamerdebat: Coalitieakkoord","subtitle":"NOS Kamerdebat: Coalitieakkoord","description":"NOS - Het debat over het coalitieakkoord, waarin Rutte en de andere onderhandelaars het akkoord in de Tweede Kamer verdedigen.","formattedEpisodeNumbering":null,"formattedDate":"Do 16 dec. 2021","formattedDateShort":"Dec. 2021","formattedTime":"14:20","formattedDuration":"2u 3m","formattedAvailabilityWindow":null,"formattedAvailabilityWindowShort":null,"image":{"portraitUrl":null,"landscapeUrl":"https:\/\/images.nlziet.nl\/metadataimportimages\/source\/534913CD38BFA9202764862E0D2F61EF2DEECD2F7C26D1286CD15D93C360674C.jpg"},"logo":{"normalUrl":"https:\/\/cdn.nlziet.nl\/static\/assets\/contentproviders\/npo.png","darkUrl":"https:\/\/cdn.nlziet.nl\/static\/assets\/contentproviders\/dark\/npo.png","flatUrl":"https:\/\/cdn.nlziet.nl\/static\/assets\/contentproviders\/flat\/npo.png"},"tags":[],"seriesId":"7w7QGJy-_kmjD1dwmjwvsA"},{"id":"NVe-lV0iBk6wT4WYcG6JIA","type":"Vod","title":"NOS Kamerdebat: Coalitieakkoord","subtitle":"NOS Kamerdebat: Coalitieakkoord","description":"NOS - Debat over het coalitieakkoord, waarin Mark Rutte en de andere onderhandelaars het akkoord in de Tweede Kamer verdedigen.","formattedEpisodeNumbering":null,"formattedDate":"Do 16 dec. 2021","formattedDateShort":"Dec. 2021","formattedTime":"10:15","formattedDuration":"3u 28m","formattedAvailabilityWindow":null,"formattedAvailabilityWindowShort":null,"image":{"portraitUrl":null,"landscapeUrl":"https:\/\/images.nlziet.nl\/metadataimportimages\/source\/A5C99B0B5E50E359931B76082972254A37E05C5CE3835A33A9D2F432CAE29664.jpg"},"logo":{"normalUrl":"https:\/\/cdn.nlziet.nl\/static\/assets\/contentproviders\/npo.png","darkUrl":"https:\/\/cdn.nlziet.nl\/static\/assets\/contentproviders\/dark\/npo.png","flatUrl":"https:\/\/cdn.nlziet.nl\/static\/assets\/contentproviders\/flat\/npo.png"},"tags":[],"seriesId":"7w7QGJy-_kmjD1dwmjwvsA"},{"id":"9iYWJfc7Z0mqzQ4YMBYpbw","type":"Vod","title":"NOS Kamerdebat: De informatie","subtitle":"NOS Kamerdebat: De informatie","description":"NOS - Deel 2: Rechtstreeks verslag van het debat met informateur Tjeenk Willink in de Tweede Kamer.","formattedEpisodeNumbering":null,"formattedDate":"Wo 12 mei. 2021","formattedDateShort":"Mei. 2021","formattedTime":"14:15","formattedDuration":"2u 28m","formattedAvailabilityWindow":null,"formattedAvailabilityWindowShort":null,"image":{"portraitUrl":null,"landscapeUrl":"https:\/\/images.nlziet.nl\/metadataimportimages\/source\/9F492B11E76E655B9F333C039FACFF20288FDCDC5991FF20252A00F5305196DD.jpg"},"logo":{"normalUrl":"https:\/\/cdn.nlziet.nl\/static\/assets\/contentproviders\/npo.png","darkUrl":"https:\/\/cdn.nlziet.nl\/static\/assets\/contentproviders\/dark\/npo.png","flatUrl":"https:\/\/cdn.nlziet.nl\/static\/assets\/contentproviders\/flat\/npo.png"},"tags":[],"seriesId":"7w7QGJy-_kmjD1dwmjwvsA"},{"id":"dR6anOQWmUakjqEcdtxB5A","type":"Vod","title":"NOS Kamerdebat: De informatie","subtitle":"NOS Kamerdebat: De informatie","description":"NOS - Rechtstreeks verslag van het debat met informateur Tjeenk Willink in de Tweede Kamer.","formattedEpisodeNumbering":null,"formattedDate":"Wo 12 mei. 2021","formattedDateShort":"Mei. 2021","formattedTime":"10:15","formattedDuration":"3u 7m","formattedAvailabilityWindow":null,"formattedAvailabilityWindowShort":null,"image":{"portraitUrl":null,"landscapeUrl":"https:\/\/images.nlziet.nl\/metadataimportimages\/source\/C9A8357133B3FFFB24B0BF5C5537DFBD0BA61164165D84552024269C9542C7BD.jpg"},"logo":{"normalUrl":"https:\/\/cdn.nlziet.nl\/static\/assets\/contentproviders\/npo.png","darkUrl":"https:\/\/cdn.nlziet.nl\/static\/assets\/contentproviders\/dark\/npo.png","flatUrl":"https:\/\/cdn.nlziet.nl\/static\/assets\/contentproviders\/flat\/npo.png"},"tags":[],"seriesId":"7w7QGJy-_kmjD1dwmjwvsA"},{"id":"5W1X4saMukSQE_m2rTy_IQ","type":"Vod","title":"NOS Kamerdebat Informatievoorziening Tweede Kamer","subtitle":"NOS Kamerdebat Informatievoorziening Tweede Kamer","description":"NOS - Verslag van een debat in de Tweede Kamer.","formattedEpisodeNumbering":null,"formattedDate":"Do 29 apr. 2021","formattedDateShort":"Apr. 2021","formattedTime":"14:45","formattedDuration":"1u 43m","formattedAvailabilityWindow":null,"formattedAvailabilityWindowShort":null,"image":{"portraitUrl":null,"landscapeUrl":"https:\/\/images.nlziet.nl\/metadataimportimages\/source\/B907234386DED1B2A47AE1A9CBBA4E8AA9E5C809F543B5E6C3F0E4F0861B8697.jpg"},"logo":{"normalUrl":"https:\/\/cdn.nlziet.nl\/static\/assets\/contentproviders\/npo.png","darkUrl":"https:\/\/cdn.nlziet.nl\/static\/assets\/contentproviders\/dark\/npo.png","flatUrl":"https:\/\/cdn.nlziet.nl\/static\/assets\/contentproviders\/flat\/npo.png"},"tags":[],"seriesId":"7w7QGJy-_kmjD1dwmjwvsA"},{"id":"azgJXrQqIEOtT-2jkl127w","type":"Vod","title":"NOS Kamerdebat Informatievoorziening Tweede Kamer","subtitle":"NOS Kamerdebat Informatievoorziening Tweede Kamer","description":"NOS - Verslag van een debat in de Tweede Kamer.","formattedEpisodeNumbering":null,"formattedDate":"Do 29 apr. 2021","formattedDateShort":"Apr. 2021","formattedTime":"11:00","formattedDuration":"3u 10m","formattedAvailabilityWindow":null,"formattedAvailabilityWindowShort":null,"image":{"portraitUrl":null,"landscapeUrl":"https:\/\/images.nlziet.nl\/metadataimportimages\/source\/A7D1612E3A2FF7B8DBEA1ADCCEF73EDDACE574FD73497D2A386878881035B132.jpg"},"logo":{"normalUrl":"https:\/\/cdn.nlziet.nl\/static\/assets\/contentproviders\/npo.png","darkUrl":"https:\/\/cdn.nlziet.nl\/static\/assets\/contentproviders\/dark\/npo.png","flatUrl":"https:\/\/cdn.nlziet.nl\/static\/assets\/contentproviders\/flat\/npo.png"},"tags":[],"seriesId":"7w7QGJy-_kmjD1dwmjwvsA"},{"id":"E8EBwpLsNEaeEumHEPTzKA","type":"Vod","title":"NOS Kamerdebat formatie","subtitle":"NOS Kamerdebat formatie","description":"NOS - Rechtstreeks verslag van het kamerdebat over het vervolg van de formatie van een nieuw kabinet naar aanleiding van de mislukte verkenning. Deel 2. Vanaf 17:50 uur op NPO Politiek en NPO Start.","formattedEpisodeNumbering":null,"formattedDate":"Di 6 apr. 2021","formattedDateShort":"Apr. 2021","formattedTime":"16:30","formattedDuration":"1u 15m","formattedAvailabilityWindow":null,"formattedAvailabilityWindowShort":null,"image":{"portraitUrl":null,"landscapeUrl":"https:\/\/images.nlziet.nl\/metadataimportimages\/source\/0E6E8C9194158BBB8CDDEFB1189C1D194273D590E8B7DF0C056D11C5F2D01AF6.jpg"},"logo":{"normalUrl":"https:\/\/cdn.nlziet.nl\/static\/assets\/contentproviders\/npo.png","darkUrl":"https:\/\/cdn.nlziet.nl\/static\/assets\/contentproviders\/dark\/npo.png","flatUrl":"https:\/\/cdn.nlziet.nl\/static\/assets\/contentproviders\/flat\/npo.png"},"tags":[],"seriesId":"7w7QGJy-_kmjD1dwmjwvsA"},{"id":"QlSar687OUKPUcK77ys5Xw","type":"Vod","title":"NOS Kamerdebat formatie","subtitle":"NOS Kamerdebat formatie","description":"NOS - Rechtstreeks verslag van het kamerdebat over het vervolg van de formatie van een nieuw kabinet naar aanleiding van de mislukte verkenning. Vervolg om 16.50 uur op NPO 2; Vanaf 17.50 uur op NPO Politiek en NPO Start.","formattedEpisodeNumbering":null,"formattedDate":"Di 6 apr. 2021","formattedDateShort":"Apr. 2021","formattedTime":"15:40","formattedDuration":"1u 10m","formattedAvailabilityWindow":null,"formattedAvailabilityWindowShort":null,"image":{"portraitUrl":null,"landscapeUrl":"https:\/\/images.nlziet.nl\/metadataimportimages\/source\/01B04F14BC91D5F8D0F6691F31CE69DC249C5787EB984D2C927423AFFD39F276.jpg"},"logo":{"normalUrl":"https:\/\/cdn.nlziet.nl\/static\/assets\/contentproviders\/npo.png","darkUrl":"https:\/\/cdn.nlziet.nl\/static\/assets\/contentproviders\/dark\/npo.png","flatUrl":"https:\/\/cdn.nlziet.nl\/static\/assets\/contentproviders\/flat\/npo.png"},"tags":[],"seriesId":"7w7QGJy-_kmjD1dwmjwvsA"},{"id":"xM99P7dxQEO4l-xMuYTd1g","type":"Vod","title":"NOS Kamerdebat: Verkenners deel 4","subtitle":"NOS Kamerdebat: Verkenners deel 4","description":"NOS - Verslag van een debat in de Tweede Kamer.","formattedEpisodeNumbering":null,"formattedDate":"Do 1 apr. 2021","formattedDateShort":"Apr. 2021","formattedTime":"23:55","formattedDuration":"3u 24m","formattedAvailabilityWindow":null,"formattedAvailabilityWindowShort":null,"image":{"portraitUrl":null,"landscapeUrl":"https:\/\/images.nlziet.nl\/metadataimportimages\/source\/1910AA08805C308B8D4D01E34D1E8D99A8EA93FBF20249AFFB167450B48270E2.jpg"},"logo":{"normalUrl":"https:\/\/cdn.nlziet.nl\/static\/assets\/contentproviders\/npo.png","darkUrl":"https:\/\/cdn.nlziet.nl\/static\/assets\/contentproviders\/dark\/npo.png","flatUrl":"https:\/\/cdn.nlziet.nl\/static\/assets\/contentproviders\/flat\/npo.png"},"tags":[],"seriesId":"7w7QGJy-_kmjD1dwmjwvsA"},{"id":"8j-bq5eaSkqpbDE6DhD3ow","type":"Vod","title":"NOS Kamerdebat: Verkenners deel 3","subtitle":"NOS Kamerdebat: Verkenners deel 3","description":"NOS - Verslag van een debat in de Tweede Kamer.","formattedEpisodeNumbering":null,"formattedDate":"Do 1 apr. 2021","formattedDateShort":"Apr. 2021","formattedTime":"16:35","formattedDuration":"3u 0m","formattedAvailabilityWindow":null,"formattedAvailabilityWindowShort":null,"image":{"portraitUrl":null,"landscapeUrl":"https:\/\/images.nlziet.nl\/metadataimportimages\/source\/5A4FCB2C63A542CE676A1CAF18568D28296141375CB50E405B72CBBEAD37779F.jpg"},"logo":{"normalUrl":"https:\/\/cdn.nlziet.nl\/static\/assets\/contentproviders\/npo.png","darkUrl":"https:\/\/cdn.nlziet.nl\/static\/assets\/contentproviders\/dark\/npo.png","flatUrl":"https:\/\/cdn.nlziet.nl\/static\/assets\/contentproviders\/flat\/npo.png"},"tags":[],"seriesId":"7w7QGJy-_kmjD1dwmjwvsA"},{"id":"L2IC8xNieU2il72M3galwg","type":"Vod","title":"NOS Kamerdebat: Verkenners deel 2","subtitle":"NOS Kamerdebat: Verkenners deel 2","description":"NOS - Rechtstreeks verslag van het Kamerdebat met de voormalige verkenners Jorritsma (VVD) en Olongren (D66). Deel 2.","formattedEpisodeNumbering":null,"formattedDate":"Do 1 apr. 2021","formattedDateShort":"Apr. 2021","formattedTime":"15:15","formattedDuration":"1u 33m","formattedAvailabilityWindow":null,"formattedAvailabilityWindowShort":null,"image":{"portraitUrl":null,"landscapeUrl":"https:\/\/images.nlziet.nl\/metadataimportimages\/source\/4A6C8D59A85FCC16128C1ADFD85B0F33A6361B202D0740A81F0ADDB484580C25.jpg"},"logo":{"normalUrl":"https:\/\/cdn.nlziet.nl\/static\/assets\/contentproviders\/npo.png","darkUrl":"https:\/\/cdn.nlziet.nl\/static\/assets\/contentproviders\/dark\/npo.png","flatUrl":"https:\/\/cdn.nlziet.nl\/static\/assets\/contentproviders\/flat\/npo.png"},"tags":[],"seriesId":"7w7QGJy-_kmjD1dwmjwvsA"},{"id":"YNB1kXoev02GTKjo9Lznww","type":"Vod","title":"NOS Kamerdebat: Verkenners","subtitle":"NOS Kamerdebat: Verkenners","description":"NOS - Rechtstreeks verslag van het Kamerdebat met de voormalige verkenners Jorritsma (VVD) en Olongren (D66).","formattedEpisodeNumbering":null,"formattedDate":"Do 1 apr. 2021","formattedDateShort":"Apr. 2021","formattedTime":"13:30","formattedDuration":"1u 16m","formattedAvailabilityWindow":null,"formattedAvailabilityWindowShort":null,"image":{"portraitUrl":null,"landscapeUrl":"https:\/\/images.nlziet.nl\/metadataimportimages\/source\/1BC8F946FA7D43A69D5A832FFBAC640E482DD0F90B25ADE9843DD2688B06BA62.jpg"},"logo":{"normalUrl":"https:\/\/cdn.nlziet.nl\/static\/assets\/contentproviders\/npo.png","darkUrl":"https:\/\/cdn.nlziet.nl\/static\/assets\/contentproviders\/dark\/npo.png","flatUrl":"https:\/\/cdn.nlziet.nl\/static\/assets\/contentproviders\/flat\/npo.png"},"tags":[],"seriesId":"7w7QGJy-_kmjD1dwmjwvsA"},{"id":"1LDeBEUdW0OsV2ECaPpFMg","type":"Vod","title":"NOS Kamerdebat: Verkenners","subtitle":"NOS Kamerdebat: Verkenners","description":"NOS - Rechtstreeks verslag van het Kamerdebat met de voormalige verkenners Jorritsma (VVD) en Olongren (D66).","formattedEpisodeNumbering":null,"formattedDate":"Wo 31 mrt. 2021","formattedDateShort":"Mrt. 2021","formattedTime":"14:40","formattedDuration":"16m","formattedAvailabilityWindow":null,"formattedAvailabilityWindowShort":null,"image":{"portraitUrl":null,"landscapeUrl":"https:\/\/images.nlziet.nl\/metadataimportimages\/source\/59622AEB9431C19A161F1AAB371CEEC78974798AEB8EC7A4A1E193E9865686BF.jpg"},"logo":{"normalUrl":"https:\/\/cdn.nlziet.nl\/static\/assets\/contentproviders\/npo.png","darkUrl":"https:\/\/cdn.nlziet.nl\/static\/assets\/contentproviders\/dark\/npo.png","flatUrl":"https:\/\/cdn.nlziet.nl\/static\/assets\/contentproviders\/flat\/npo.png"},"tags":[],"seriesId":"7w7QGJy-_kmjD1dwmjwvsA"},{"id":"chCb43t7A0mWTJ5uUkPA4Q","type":"Vod","title":"NOS Kamerdebat: Avondklok","subtitle":"NOS Kamerdebat: Avondklok","description":"NOS - Kamerdebat over het invoeren van een avondklok.","formattedEpisodeNumbering":null,"formattedDate":"Do 18 feb. 2021","formattedDateShort":"Feb. 2021","formattedTime":"15:40","formattedDuration":"43m","formattedAvailabilityWindow":null,"formattedAvailabilityWindowShort":null,"image":{"portraitUrl":null,"landscapeUrl":"https:\/\/images.nlziet.nl\/metadataimportimages\/source\/16992CCF0063071B12109A2837A9F1DB32D0F19974BF57559EB6065FF8B40455.jpg"},"logo":{"normalUrl":"https:\/\/cdn.nlziet.nl\/static\/assets\/contentproviders\/npo.png","darkUrl":"https:\/\/cdn.nlziet.nl\/static\/assets\/contentproviders\/dark\/npo.png","flatUrl":"https:\/\/cdn.nlziet.nl\/static\/assets\/contentproviders\/flat\/npo.png"},"tags":[],"seriesId":"7w7QGJy-_kmjD1dwmjwvsA"},{"id":"rrMgcSvieUuk4gIupstG6g","type":"Vod","title":"NOS Kamerdebat: Avondklok","subtitle":"NOS Kamerdebat: Avondklok","description":"NOS - Rechtstreekse uitzending van het Kamerdebat over de Avondklok-spoedwet (coronacrisis COVID-19).","formattedEpisodeNumbering":null,"formattedDate":"Do 18 feb. 2021","formattedDateShort":"Feb. 2021","formattedTime":"12:30","formattedDuration":"2u 48m","formattedAvailabilityWindow":null,"formattedAvailabilityWindowShort":null,"image":{"portraitUrl":null,"landscapeUrl":"https:\/\/images.nlziet.nl\/metadataimportimages\/source\/07D5844DD812C5D3A894D32437C5516720522759FE40BA15D8A66FA325CDAD01.jpg"},"logo":{"normalUrl":"https:\/\/cdn.nlziet.nl\/static\/assets\/contentproviders\/npo.png","darkUrl":"https:\/\/cdn.nlziet.nl\/static\/assets\/contentproviders\/dark\/npo.png","flatUrl":"https:\/\/cdn.nlziet.nl\/static\/assets\/contentproviders\/flat\/npo.png"},"tags":[],"seriesId":"7w7QGJy-_kmjD1dwmjwvsA"},{"id":"fbmC-nwEEUqUATwlVGdhdg","type":"Vod","title":"NOS Kamerdebat","subtitle":"NOS Kamerdebat over het datalek bij de GGD","description":"NOS - Live actualiteitenprogramma (HD). Afl. 3 van 8.\nZie ook NOS.nl.","formattedEpisodeNumbering":null,"formattedDate":"Wo 3 feb. 2021","formattedDateShort":"Feb. 2021","formattedTime":"13:45","formattedDuration":"3u 6m","formattedAvailabilityWindow":null,"formattedAvailabilityWindowShort":null,"image":{"portraitUrl":null,"landscapeUrl":"https:\/\/images.nlziet.nl\/metadataimportimages\/source\/94C29066BC8B24B8DAF4313BB95905A94986DDCACAEA49AC3F3CB253D2C11D6B.jpg"},"logo":{"normalUrl":"https:\/\/cdn.nlziet.nl\/static\/assets\/contentproviders\/npo.png","darkUrl":"https:\/\/cdn.nlziet.nl\/static\/assets\/contentproviders\/dark\/npo.png","flatUrl":"https:\/\/cdn.nlziet.nl\/static\/assets\/contentproviders\/flat\/npo.png"},"tags":[],"seriesId":"7w7QGJy-_kmjD1dwmjwvsA"},{"id":"Rlishs4cpESkz9XIhRhxwQ","type":"Vod","title":"NOS Kamerdebat","subtitle":"NOS Kamerdebat over het datalek bij de GGD","description":"NOS - Live actualiteitenprogramma (tt888, HD). Afl. 2 van 8.\nZie ook NOS.nl.","formattedEpisodeNumbering":null,"formattedDate":"Wo 3 feb. 2021","formattedDateShort":"Feb. 2021","formattedTime":"11:00","formattedDuration":"1u 45m","formattedAvailabilityWindow":null,"formattedAvailabilityWindowShort":null,"image":{"portraitUrl":null,"landscapeUrl":"https:\/\/images.nlziet.nl\/metadataimportimages\/source\/EB5A0CAA5075E5935634F486A44C091CD2D4E654D38CF16B3ED36918FDA0EBED.jpg"},"logo":{"normalUrl":"https:\/\/cdn.nlziet.nl\/static\/assets\/contentproviders\/npo.png","darkUrl":"https:\/\/cdn.nlziet.nl\/static\/assets\/contentproviders\/dark\/npo.png","flatUrl":"https:\/\/cdn.nlziet.nl\/static\/assets\/contentproviders\/flat\/npo.png"},"tags":[],"seriesId":"7w7QGJy-_kmjD1dwmjwvsA"},{"id":"N7vn9LSwfEOA1NT-0xn9_A","type":"Vod","title":"NOS Kamerdebat","subtitle":"NOS Kamerdebat rellen in Nederland","description":"NOS - Live actualiteitenprogramma (tt888, HD). Afl. 1 van 8: Kamerdebat over de rellen in Nederland.\nZie ook NOS.nl.","formattedEpisodeNumbering":null,"formattedDate":"Wo 27 jan. 2021","formattedDateShort":"Jan. 2021","formattedTime":"13:45","formattedDuration":"3u 1m","formattedAvailabilityWindow":null,"formattedAvailabilityWindowShort":null,"image":{"portraitUrl":null,"landscapeUrl":"https:\/\/images.nlziet.nl\/metadataimportimages\/source\/6908E83EA41D1545A15FC483D6DCBC83AB2A781E9629ED04450B120C911E35EE.jpg"},"logo":{"normalUrl":"https:\/\/cdn.nlziet.nl\/static\/assets\/contentproviders\/npo.png","darkUrl":"https:\/\/cdn.nlziet.nl\/static\/assets\/contentproviders\/dark\/npo.png","flatUrl":"https:\/\/cdn.nlziet.nl\/static\/assets\/contentproviders\/flat\/npo.png"},"tags":[],"seriesId":"7w7QGJy-_kmjD1dwmjwvsA"}]