[{"id":"ncU_LtLHmkmmbjoO0U09KA","type":"Vod","title":"De proefkeuken","subtitle":"IJs","description":"VPRO - Pieter Hulst en Willem Voogd proberen zelf ijs te maken. Maar een ijsje zit vol verrassingen. Zo ontdekken ze dat je suiker kunt maken uit reuzengras. En dat je vanillesmaak uit zaagsel kunt halen. Waterijs of roomijs; waarom niet allebei? Voor roomijs heb je een koe nodig, en voor waterijs siroop. Een ijskoude aflevering!","formattedEpisodeNumbering":"S2:A6","formattedDate":"Zo 8 mei. 2016","formattedDateShort":"Mei. 2016","formattedTime":"09:20","formattedDuration":"25m","formattedAvailabilityWindow":null,"formattedAvailabilityWindowShort":null,"image":{"portraitUrl":null,"landscapeUrl":"https:\/\/images.nlziet.nl\/metadataimportimages\/source\/34E47AADC16CC4FE48FF6FD5A5A9F101B7E0C593ECAC82ADB5C93FB5E03D21EA.jpg"},"logo":{"normalUrl":"https:\/\/cdn.nlziet.nl\/static\/assets\/contentproviders\/npo.png","darkUrl":"https:\/\/cdn.nlziet.nl\/static\/assets\/contentproviders\/dark\/npo.png","flatUrl":"https:\/\/cdn.nlziet.nl\/static\/assets\/contentproviders\/flat\/npo.png"},"tags":[],"seriesId":"7prtXvf9wkyY3ry-8KQESg"},{"id":"hvWUYCaq5Uu1DBKZ1LJ1ow","type":"Vod","title":"De proefkeuken","subtitle":"Poedersoep","description":"VPRO - Pieter Hulst en Willem Voogd proberen hun eigen poedersoep te maken. Wonderlijk poeder uit een zakje. Beetje water erbij en je hebt soep. Ongelooflijk! Maar hoe maak je dat? Ze gaan op zoek naar hun allerliefste smaken, ossenstaart en paddenstoelen. Alleen hoe droog je een paddenstoel? En hoe verpoeder je een stuk vlees? Maar wat blijkt? De smaak van de soep komt vooral van schimmels!","formattedEpisodeNumbering":"S2:A5","formattedDate":"Zo 1 mei. 2016","formattedDateShort":"Mei. 2016","formattedTime":"09:20","formattedDuration":"24m","formattedAvailabilityWindow":null,"formattedAvailabilityWindowShort":null,"image":{"portraitUrl":null,"landscapeUrl":"https:\/\/images.nlziet.nl\/metadataimportimages\/source\/6001188135F71BE46F86A454E5F912851073A136BF7F8A8FB7A538D8095CA83F.jpg"},"logo":{"normalUrl":"https:\/\/cdn.nlziet.nl\/static\/assets\/contentproviders\/npo.png","darkUrl":"https:\/\/cdn.nlziet.nl\/static\/assets\/contentproviders\/dark\/npo.png","flatUrl":"https:\/\/cdn.nlziet.nl\/static\/assets\/contentproviders\/flat\/npo.png"},"tags":[],"seriesId":"7prtXvf9wkyY3ry-8KQESg"},{"id":"CzQ8s5AeM0iac_UrT8yHRg","type":"Vod","title":"De proefkeuken","subtitle":"Winegum","description":"VPRO - Pieter en Willem proberen hun eigen winegums te maken. Maar daar zit normaal gesproken varkensgelatine in, en dat eet hun vegetarische buurmeisje niet. Op zoek naar een winegum zonder dieren erin. Ze komen terecht bij een zeewierkwekerij, kun je daar echt snoep van maken? En waar smaakt een winegum eigenlijk naar? Naar wijn, of toch iets heel anders?","formattedEpisodeNumbering":"S2:A4","formattedDate":"Zo 24 apr. 2016","formattedDateShort":"Apr. 2016","formattedTime":"09:25","formattedDuration":"23m","formattedAvailabilityWindow":null,"formattedAvailabilityWindowShort":null,"image":{"portraitUrl":null,"landscapeUrl":"https:\/\/images.nlziet.nl\/metadataimportimages\/source\/BB121C54DBC79356EB752288430CD90E32B2A0570FFF6DC05A2AD9E342D1578A.jpg"},"logo":{"normalUrl":"https:\/\/cdn.nlziet.nl\/static\/assets\/contentproviders\/npo.png","darkUrl":"https:\/\/cdn.nlziet.nl\/static\/assets\/contentproviders\/dark\/npo.png","flatUrl":"https:\/\/cdn.nlziet.nl\/static\/assets\/contentproviders\/flat\/npo.png"},"tags":[],"seriesId":"7prtXvf9wkyY3ry-8KQESg"},{"id":"g38PS6N5A06pR1oWKXu8qg","type":"Vod","title":"De proefkeuken","subtitle":"Kroepoek","description":"VPRO - Pieter Hulst en Willem Voogd proberen hun eigen kroepoek te maken. Bekend van de Chinees, maar wat zit er eigenlijk in? Garnalen ontdekken ze. Maar daar is Willem allergisch voor. Ze gaan op zoek naar een andere manier om kroepoek te maken, niet van garnalen, maar van andere kleine beestjes: insecten!","formattedEpisodeNumbering":"S2:A3","formattedDate":"Zo 17 apr. 2016","formattedDateShort":"Apr. 2016","formattedTime":"09:25","formattedDuration":"25m","formattedAvailabilityWindow":null,"formattedAvailabilityWindowShort":null,"image":{"portraitUrl":null,"landscapeUrl":"https:\/\/images.nlziet.nl\/metadataimportimages\/source\/C59C434351BF5B05F8AF6AC7CF34C12257705DC65A364F4BD2BDC8384D6206FD.jpg"},"logo":{"normalUrl":"https:\/\/cdn.nlziet.nl\/static\/assets\/contentproviders\/npo.png","darkUrl":"https:\/\/cdn.nlziet.nl\/static\/assets\/contentproviders\/dark\/npo.png","flatUrl":"https:\/\/cdn.nlziet.nl\/static\/assets\/contentproviders\/flat\/npo.png"},"tags":[],"seriesId":"7prtXvf9wkyY3ry-8KQESg"},{"id":"qpdoVva2F0KGWXFF3iCv0Q","type":"Vod","title":"De proefkeuken","subtitle":"Cola","description":"VPRO - Pieter Hulst en Willem Voogd proberen zelf cola te maken. Maar wie weet waar cola precies naar smaakt? Wat zijn de ingredi\u00ebnten? Het blijkt een van de best bewaarde geheimen te zijn. Lukt het de jongens om het mysterieuze recept te achterhalen? En hoe kom je aan de belletjes die zorgen voor de prik in de cola?","formattedEpisodeNumbering":"S2:A2","formattedDate":"Zo 10 apr. 2016","formattedDateShort":"Apr. 2016","formattedTime":"09:20","formattedDuration":"25m","formattedAvailabilityWindow":null,"formattedAvailabilityWindowShort":null,"image":{"portraitUrl":null,"landscapeUrl":"https:\/\/images.nlziet.nl\/metadataimportimages\/source\/A546EC3AA599372F6605C77C86DE6271E41954D207627C50F541B152A884ACE1.jpg"},"logo":{"normalUrl":"https:\/\/cdn.nlziet.nl\/static\/assets\/contentproviders\/npo.png","darkUrl":"https:\/\/cdn.nlziet.nl\/static\/assets\/contentproviders\/dark\/npo.png","flatUrl":"https:\/\/cdn.nlziet.nl\/static\/assets\/contentproviders\/flat\/npo.png"},"tags":[],"seriesId":"7prtXvf9wkyY3ry-8KQESg"},{"id":"Jw-cRcnbMkKdTfhreYjiiA","type":"Vod","title":"De proefkeuken","subtitle":"Visstick","description":"VPRO - Pieter en Willem proberen zelf vissticks te maken. Maar welke vis zit er eigenlijk in dat gekke vierkantje staafje, en hoe maak je zo'n krokant laagje? Ze belanden op een vissersboot waar plotseling een gladde haai in het net belandt. Zouden ze daar een haaien-visstick van kunnen maken?","formattedEpisodeNumbering":"S2:A1","formattedDate":"Zo 3 apr. 2016","formattedDateShort":"Apr. 2016","formattedTime":"09:25","formattedDuration":"22m","formattedAvailabilityWindow":null,"formattedAvailabilityWindowShort":null,"image":{"portraitUrl":null,"landscapeUrl":"https:\/\/images.nlziet.nl\/metadataimportimages\/source\/2FF562A7A3F0D01D86B9606F9E73E5F7D66A3BE526EF6DAD65B9BB494F4D4544.jpg"},"logo":{"normalUrl":"https:\/\/cdn.nlziet.nl\/static\/assets\/contentproviders\/npo.png","darkUrl":"https:\/\/cdn.nlziet.nl\/static\/assets\/contentproviders\/dark\/npo.png","flatUrl":"https:\/\/cdn.nlziet.nl\/static\/assets\/contentproviders\/flat\/npo.png"},"tags":[],"seriesId":"7prtXvf9wkyY3ry-8KQESg"}]