[{"id":"UIC4Ro15gkKyL76KA1jGfg","type":"Vod","title":"Familie Shock","subtitle":"Skate tricks","description":"BNNVARA - De vrienden van Nico nemen Sigrid behoorlijk in de maling. Nico weet niet goed of hij moet kiezen tussen Sigrid of zijn vrienden, maar wanneer die gevaarlijk spel met zijn zusjes gaan spelen is voor hem de maat vol.","formattedEpisodeNumbering":"S1:A8","formattedDate":"Wo 5 jan.","formattedDateShort":"Wo 5 jan.","formattedTime":"13:49","formattedDuration":"10m","formattedAvailabilityWindow":null,"formattedAvailabilityWindowShort":null,"image":{"portraitUrl":null,"landscapeUrl":"https:\/\/images.nlziet.nl\/metadataimportimages\/source\/F5D2DCDB94FE6497DCADDBD29BE3F4A59B88DCA97B442C72671DBA9B0B1C8575.jpg"},"logo":{"normalUrl":"https:\/\/cdn.nlziet.nl\/static\/assets\/contentproviders\/npo.png","darkUrl":"https:\/\/cdn.nlziet.nl\/static\/assets\/contentproviders\/dark\/npo.png","flatUrl":"https:\/\/cdn.nlziet.nl\/static\/assets\/contentproviders\/flat\/npo.png"},"tags":[],"seriesId":"8C_5I1YUD0iXkn39NquDJQ"},{"id":"F2loXtVArk6ARPDcnAx1iQ","type":"Vod","title":"Familie Shock","subtitle":"Nico en zijn vader","description":"BNNVARA - Sigrid voelt zich buitengesloten wanneer Nico's vader zijn kinderen op komt halen voor een gezellig uitje. Maar Nico komt opgetogen thuis en daar kikkert Sigrid weer van op.","formattedEpisodeNumbering":"S1:A7","formattedDate":"Di 4 jan.","formattedDateShort":"Di 4 jan.","formattedTime":"13:50","formattedDuration":"15m","formattedAvailabilityWindow":null,"formattedAvailabilityWindowShort":null,"image":{"portraitUrl":null,"landscapeUrl":"https:\/\/images.nlziet.nl\/metadataimportimages\/source\/EE7BE12AE59B6815DCDC4985CBE1DF51E8577EACE7FF063F2019561DE416AB75.jpg"},"logo":{"normalUrl":"https:\/\/cdn.nlziet.nl\/static\/assets\/contentproviders\/npo.png","darkUrl":"https:\/\/cdn.nlziet.nl\/static\/assets\/contentproviders\/dark\/npo.png","flatUrl":"https:\/\/cdn.nlziet.nl\/static\/assets\/contentproviders\/flat\/npo.png"},"tags":[],"seriesId":"8C_5I1YUD0iXkn39NquDJQ"},{"id":"KUg7boB0SUmpXJ_HgmmSAQ","type":"Vod","title":"Familie Shock","subtitle":"Bang in het donker","description":"BNNVARA - Papa en Roos gaan een avondje uit en wanneer de stroom uitvalt ontdekt Sigrid iets dat ze nooit achter Nico had gezocht: hij is bang in het donker!","formattedEpisodeNumbering":"S1:A6","formattedDate":"Ma 3 jan.","formattedDateShort":"Ma 3 jan.","formattedTime":"13:50","formattedDuration":"12m","formattedAvailabilityWindow":null,"formattedAvailabilityWindowShort":null,"image":{"portraitUrl":null,"landscapeUrl":"https:\/\/images.nlziet.nl\/metadataimportimages\/source\/F4257BB44D9E015BBD06696958F8A0168D68C462223CBF9BE6BF8FAA9D0217E9.jpg"},"logo":{"normalUrl":"https:\/\/cdn.nlziet.nl\/static\/assets\/contentproviders\/npo.png","darkUrl":"https:\/\/cdn.nlziet.nl\/static\/assets\/contentproviders\/dark\/npo.png","flatUrl":"https:\/\/cdn.nlziet.nl\/static\/assets\/contentproviders\/flat\/npo.png"},"tags":[],"seriesId":"8C_5I1YUD0iXkn39NquDJQ"},{"id":"8hvRh1Rk9ESOkkY97qPSCQ","type":"Vod","title":"Familie Shock","subtitle":"Zusternijd","description":"BNNVARA - Adriana betrapt Sigrid wanneer die op haar kamer rondsnuffelt en wordt erg boos. Ze is dit direct vergeten wanneer Sigrid ervoor zorgt dat Dani\u00ebl, op wie Adriane verliefd is, voor de deur staat.","formattedEpisodeNumbering":"S1:A5","formattedDate":"Vr 31 dec. 2021","formattedDateShort":"Dec. 2021","formattedTime":"13:55","formattedDuration":"14m","formattedAvailabilityWindow":null,"formattedAvailabilityWindowShort":null,"image":{"portraitUrl":null,"landscapeUrl":"https:\/\/images.nlziet.nl\/metadataimportimages\/source\/F2C98BE2D5653B1DC3650E7E87783EED7E74D787E4007480AC7D393E49E59D2B.jpg"},"logo":{"normalUrl":"https:\/\/cdn.nlziet.nl\/static\/assets\/contentproviders\/npo.png","darkUrl":"https:\/\/cdn.nlziet.nl\/static\/assets\/contentproviders\/dark\/npo.png","flatUrl":"https:\/\/cdn.nlziet.nl\/static\/assets\/contentproviders\/flat\/npo.png"},"tags":[],"seriesId":"8C_5I1YUD0iXkn39NquDJQ"},{"id":"3cTeOZx-fkKo25mC4GD7lQ","type":"Vod","title":"Familie Shock","subtitle":"Naar het zwembad","description":"BNNVARA - Sigrid en haar vader gaan samen naar het zwembad, maar wanneer Roos plotseling weg moet en Mina ziek wordt valt het zwemavontuur in het water. Maar Sigrid geeft zich niet gewonnen en besluit all\u00e9\u00e9n naar het zwembad te gaan.","formattedEpisodeNumbering":"S1:A4","formattedDate":"Do 30 dec. 2021","formattedDateShort":"Dec. 2021","formattedTime":"13:50","formattedDuration":"12m","formattedAvailabilityWindow":null,"formattedAvailabilityWindowShort":null,"image":{"portraitUrl":null,"landscapeUrl":"https:\/\/images.nlziet.nl\/metadataimportimages\/source\/5D0624D2B84B13C3138E98043350D52A626661906D347E85B759FBCD5888AB1E.jpg"},"logo":{"normalUrl":"https:\/\/cdn.nlziet.nl\/static\/assets\/contentproviders\/npo.png","darkUrl":"https:\/\/cdn.nlziet.nl\/static\/assets\/contentproviders\/dark\/npo.png","flatUrl":"https:\/\/cdn.nlziet.nl\/static\/assets\/contentproviders\/flat\/npo.png"},"tags":[],"seriesId":"8C_5I1YUD0iXkn39NquDJQ"},{"id":"-NLUxKVGsEmsh-toNfWohw","type":"Vod","title":"Familie Shock","subtitle":"Langlaufen","description":"BNNVARA - Sigrid en haar vader gaan samen met Roos en Nico een langlauftochtje maken. Maar Sigrid merkt al snel dat dit een heel ander uitstapje wordt dan vroeger, toen ze nog samen met haar vader op pad ging.","formattedEpisodeNumbering":"S1:A3","formattedDate":"Wo 29 dec. 2021","formattedDateShort":"Dec. 2021","formattedTime":"13:52","formattedDuration":"12m","formattedAvailabilityWindow":null,"formattedAvailabilityWindowShort":null,"image":{"portraitUrl":null,"landscapeUrl":"https:\/\/images.nlziet.nl\/metadataimportimages\/source\/689CBA7DE7DE385DCDB3AD67418F75DE22F47F5248EB68EB4EC0A6AFA615D242.jpg"},"logo":{"normalUrl":"https:\/\/cdn.nlziet.nl\/static\/assets\/contentproviders\/npo.png","darkUrl":"https:\/\/cdn.nlziet.nl\/static\/assets\/contentproviders\/dark\/npo.png","flatUrl":"https:\/\/cdn.nlziet.nl\/static\/assets\/contentproviders\/flat\/npo.png"},"tags":[],"seriesId":"8C_5I1YUD0iXkn39NquDJQ"},{"id":"jqkRkbt9bk2AM2qpbaeTqw","type":"Vod","title":"Familie Shock","subtitle":"Sigrid als oppas","description":"BNNVARA - Sigrid gaat met de kleine Mina wandelen, maar wanneer ze even niet oplet is Mina verdwenen. Samen met Nico gaat ze op zoek en uiteindelijk vinden ze Mina, die net een grote drol heeft gedraaid in het bos. Waar ruimen ze de drol mee op? Met Mina's kriebelmuts waar ze een hekel aan heeft!","formattedEpisodeNumbering":"S1:A2","formattedDate":"Di 28 dec. 2021","formattedDateShort":"Dec. 2021","formattedTime":"13:45","formattedDuration":"14m","formattedAvailabilityWindow":null,"formattedAvailabilityWindowShort":null,"image":{"portraitUrl":null,"landscapeUrl":"https:\/\/images.nlziet.nl\/metadataimportimages\/source\/406F25A0E456D9530D48968327A8EE7CA2CCF2FD1F9E2B8C8C3AE89F17461210.jpg"},"logo":{"normalUrl":"https:\/\/cdn.nlziet.nl\/static\/assets\/contentproviders\/npo.png","darkUrl":"https:\/\/cdn.nlziet.nl\/static\/assets\/contentproviders\/dark\/npo.png","flatUrl":"https:\/\/cdn.nlziet.nl\/static\/assets\/contentproviders\/flat\/npo.png"},"tags":[],"seriesId":"8C_5I1YUD0iXkn39NquDJQ"},{"id":"_NxwKK2C0keh2mH6qFVnIA","type":"Vod","title":"Familie Shock","subtitle":"Nieuwe huisgenoten","description":"BNNVARA - Wanneer haar nieuwe broer en zus bij Sigrid intrekken, komt ze erachter dat dat niet zo leuk is als ze had verwacht.","formattedEpisodeNumbering":"S1:A1","formattedDate":"Ma 27 dec. 2021","formattedDateShort":"Dec. 2021","formattedTime":"13:55","formattedDuration":"11m","formattedAvailabilityWindow":null,"formattedAvailabilityWindowShort":null,"image":{"portraitUrl":null,"landscapeUrl":"https:\/\/images.nlziet.nl\/metadataimportimages\/source\/B0489B200CAA1466170B6704E302D5A15116F5D155E6BF89AB307154D2E7F896.jpg"},"logo":{"normalUrl":"https:\/\/cdn.nlziet.nl\/static\/assets\/contentproviders\/npo.png","darkUrl":"https:\/\/cdn.nlziet.nl\/static\/assets\/contentproviders\/dark\/npo.png","flatUrl":"https:\/\/cdn.nlziet.nl\/static\/assets\/contentproviders\/flat\/npo.png"},"tags":[],"seriesId":"8C_5I1YUD0iXkn39NquDJQ"}]