[{"id":"6IAYtBZz-ESpCJQynkZaKQ","type":"Vod","title":"EO Metterdaad","subtitle":"Mozambique: Water verwoestte alles","description":"EO - De bevolking van Mozambique zal die ene vrijdag van maart 2019 niet snel meer vergeten. Toen trok orkaan Idai een spoor van vernieling over het land, met in zijn kielzog een allesvernietigende waterstroom. Huizen, dieren, bezittingen en oogsten: alles was weg. Nu proberen de Mozambikanen langzaam hun leven weer op te pakken, maar nu dreigt ramp na de ramp. Voedsel is schaars vanwege de vernietigde oogsten en het water is zwaar vervuild. Wat kunnen hulpverleners samen met de bevolking doen om het tij te keren?","formattedEpisodeNumbering":null,"formattedDate":"Za 28 dec. 2019","formattedDateShort":"Dec. 2019","formattedTime":"17:15","formattedDuration":"25m","formattedAvailabilityWindow":null,"formattedAvailabilityWindowShort":null,"image":{"portraitUrl":null,"landscapeUrl":"https:\/\/images.nlziet.nl\/metadataimportimages\/source\/02F7D19E762CF3810464D98E204F56E32BBB4EA12BAE9114FB876B0418C17C43.jpg"},"logo":{"normalUrl":"https:\/\/cdn.nlziet.nl\/static\/assets\/contentproviders\/npo.png","darkUrl":"https:\/\/cdn.nlziet.nl\/static\/assets\/contentproviders\/dark\/npo.png","flatUrl":"https:\/\/cdn.nlziet.nl\/static\/assets\/contentproviders\/flat\/npo.png"},"tags":[],"seriesId":"67IaRe4ka0e8Pr-f7Cjp1w"},{"id":"J6JfSSR6OEGTcqJN9M2s3g","type":"Vod","title":"EO Metterdaad","subtitle":"Mozambique: Land van krokodillen","description":"EO - Naast schoon drinkwater en voedsel hebben de slachtoffers van orkaan Idai in Mozambique ook nieuwe huizen nodig. Honderdduizenden Mozambikanen raakten maart dit jaar dakloos doordat hun huizen werden meegesleurd door de watervloed na Idai. Maar bij het bouwen van die nieuwe huizen liggen onvermoede gevaren op de loer. Want voor bakstenen is water nodig, maar wat als dat water in een rivier vol krokodillen zit? Dan zijn de gevolgen rampzalig.","formattedEpisodeNumbering":null,"formattedDate":"Ma 23 dec. 2019","formattedDateShort":"Dec. 2019","formattedTime":"09:10","formattedDuration":"10m","formattedAvailabilityWindow":null,"formattedAvailabilityWindowShort":null,"image":{"portraitUrl":null,"landscapeUrl":"https:\/\/images.nlziet.nl\/metadataimportimages\/source\/1D894394EDD6FC2DFA7FF02A58CFDEEC49C528B0ED551158CE925EA0E8725B8D.jpg"},"logo":{"normalUrl":"https:\/\/cdn.nlziet.nl\/static\/assets\/contentproviders\/npo.png","darkUrl":"https:\/\/cdn.nlziet.nl\/static\/assets\/contentproviders\/dark\/npo.png","flatUrl":"https:\/\/cdn.nlziet.nl\/static\/assets\/contentproviders\/flat\/npo.png"},"tags":[],"seriesId":"67IaRe4ka0e8Pr-f7Cjp1w"},{"id":"-mFqZmscF0m3EK2cA4jtfQ","type":"Vod","title":"EO Metterdaad","subtitle":"Mozambique: Land van krokodillen","description":"EO - Naast schoon drinkwater en voedsel hebben de slachtoffers van orkaan Idai in Mozambique ook nieuwe huizen nodig. Honderdduizenden Mozambikanen raakten maart dit jaar dakloos doordat hun huizen werden meegesleurd door de watervloed na Idai. Maar bij het bouwen van die nieuwe huizen liggen onvermoede gevaren op de loer. Want voor bakstenen is water nodig, maar wat als dat water in een rivier vol krokodillen zit? Dan zijn de gevolgen rampzalig.","formattedEpisodeNumbering":null,"formattedDate":"Za 21 dec. 2019","formattedDateShort":"Dec. 2019","formattedTime":"17:15","formattedDuration":"24m","formattedAvailabilityWindow":null,"formattedAvailabilityWindowShort":null,"image":{"portraitUrl":null,"landscapeUrl":"https:\/\/images.nlziet.nl\/metadataimportimages\/source\/A86E17F29B65DB49FCF348DC7DBCBB89D34A7A42A304C882B95103F489E16E4A.jpg"},"logo":{"normalUrl":"https:\/\/cdn.nlziet.nl\/static\/assets\/contentproviders\/npo.png","darkUrl":"https:\/\/cdn.nlziet.nl\/static\/assets\/contentproviders\/dark\/npo.png","flatUrl":"https:\/\/cdn.nlziet.nl\/static\/assets\/contentproviders\/flat\/npo.png"},"tags":[],"seriesId":"67IaRe4ka0e8Pr-f7Cjp1w"},{"id":"9841VCBo_U6bQSw5ka0VFA","type":"Vod","title":"EO Metterdaad","subtitle":"Mozambique","description":"EO - EO Metterdaad helpt mensen in armoede of onrechtvaardige omstandigheden te overleven en hun leven weer op te bouwen. Via televisie en radio werft Metterdaad geld voor hulpverleningsprojecten wereldwijd.","formattedEpisodeNumbering":null,"formattedDate":"Vr 20 dec. 2019","formattedDateShort":"Dec. 2019","formattedTime":"14:39","formattedDuration":"3m","formattedAvailabilityWindow":null,"formattedAvailabilityWindowShort":null,"image":{"portraitUrl":null,"landscapeUrl":"https:\/\/images.nlziet.nl\/metadataimportimages\/source\/86ED7A78D063B5B0074FB2E56372188A14E4A6E71617FA19A5C25F53058C9949.jpg"},"logo":{"normalUrl":"https:\/\/cdn.nlziet.nl\/static\/assets\/contentproviders\/npo.png","darkUrl":"https:\/\/cdn.nlziet.nl\/static\/assets\/contentproviders\/dark\/npo.png","flatUrl":"https:\/\/cdn.nlziet.nl\/static\/assets\/contentproviders\/flat\/npo.png"},"tags":[],"seriesId":"67IaRe4ka0e8Pr-f7Cjp1w"},{"id":"etDuGHT9BEWuv-n_Qu5YfA","type":"Vod","title":"EO Metterdaad","subtitle":"Mozambique: De zondvloed van Afrika","description":"EO - Orkaan Idai vernietigde begin dit jaar in Mozambique niet alleen de oogst, ook het water is sterk vervuild geraakt. Bij gebrek aan een alternatief blijven de mensen het wel drinken, met ziekte tot gevolg. Bovendien liggen er bij dit water uit de rivier krokodillen op de loer, die regelmatig dodelijke slachtoffers maken. Hulporganisatie Dorcas doet er alles aan om zo snel mogelijk zo veel mogelijk waterputten te slaan. Maar dat is door de totaal vernielde infrastructuur nog niet zo eenvoudig.","formattedEpisodeNumbering":null,"formattedDate":"Ma 16 dec. 2019","formattedDateShort":"Dec. 2019","formattedTime":"09:10","formattedDuration":"10m","formattedAvailabilityWindow":null,"formattedAvailabilityWindowShort":null,"image":{"portraitUrl":null,"landscapeUrl":"https:\/\/images.nlziet.nl\/metadataimportimages\/source\/04FDAD3F057F405D640153FF54BFAC7C1DD4275824FE1BF3486226F2957C0985.jpg"},"logo":{"normalUrl":"https:\/\/cdn.nlziet.nl\/static\/assets\/contentproviders\/npo.png","darkUrl":"https:\/\/cdn.nlziet.nl\/static\/assets\/contentproviders\/dark\/npo.png","flatUrl":"https:\/\/cdn.nlziet.nl\/static\/assets\/contentproviders\/flat\/npo.png"},"tags":[],"seriesId":"67IaRe4ka0e8Pr-f7Cjp1w"},{"id":"qHH6EuJ1RkuG1Ycmeez4LQ","type":"Vod","title":"EO Metterdaad","subtitle":"Mozambique: De zondvloed van Afrika","description":"EO - Orkaan Idai vernietigde begin dit jaar in Mozambique niet alleen de oogst, ook het water is sterk vervuild geraakt. Bij gebrek aan een alternatief blijven de mensen het wel drinken, met ziekte tot gevolg. Bovendien liggen er bij dit water putten uit de rivier krokodillen op de loer, die regelmatig dodelijke slachtoffers maken. Hulporganisatie Dorcas doet er alles aan om zo snel mogelijk zo veel mogelijk waterputten te slaan. Maar dat is door de totaal vernielde infrastructuur nog niet zo eenvoudig.","formattedEpisodeNumbering":null,"formattedDate":"Za 14 dec. 2019","formattedDateShort":"Dec. 2019","formattedTime":"17:15","formattedDuration":"25m","formattedAvailabilityWindow":null,"formattedAvailabilityWindowShort":null,"image":{"portraitUrl":null,"landscapeUrl":"https:\/\/images.nlziet.nl\/metadataimportimages\/source\/88B64D85D7A29DE0281EC916547A00EC5CBE11C7489C193A2DE9697A0F269E73.jpg"},"logo":{"normalUrl":"https:\/\/cdn.nlziet.nl\/static\/assets\/contentproviders\/npo.png","darkUrl":"https:\/\/cdn.nlziet.nl\/static\/assets\/contentproviders\/dark\/npo.png","flatUrl":"https:\/\/cdn.nlziet.nl\/static\/assets\/contentproviders\/flat\/npo.png"},"tags":[],"seriesId":"67IaRe4ka0e8Pr-f7Cjp1w"},{"id":"hVV1aN8VLkakzImO2ACjrw","type":"Vod","title":"EO Metterdaad","subtitle":"Mozambique: de ramp na de ramp","description":"EO - In maart 2019 raakte Mozambique letterlijk overspoeld door de gevolgen van de heftigste orkaan ooit op het zuidelijk halfrond. De watervloed die door deze orkaan Idai ontstond, maakte honderdduizenden dakloos en vernietigde de oogst. Nu, negen maanden later, dreigt een ramp na de ramp: door de verloren oogst en onbruikbare landbouwgrond is er een tekort aan voedsel. Dus sluipt Rui Domingo in het holst van de nacht zijn hutje uit om illegaal wat suikerriet te gaan kappen bij een hoger gelegen plantage die niet is geraakt door Idai. Het mag niet, maar anders is er niets te eten. Ondertussen werken hulporganisaties aan een structurele oplossing.","formattedEpisodeNumbering":null,"formattedDate":"Ma 9 dec. 2019","formattedDateShort":"Dec. 2019","formattedTime":"09:15","formattedDuration":"10m","formattedAvailabilityWindow":null,"formattedAvailabilityWindowShort":null,"image":{"portraitUrl":null,"landscapeUrl":"https:\/\/images.nlziet.nl\/metadataimportimages\/source\/7604D20ED17780D6BA8BF4CC582F8FE9EBB792A064922CC1B4D91A127479CD2D.jpg"},"logo":{"normalUrl":"https:\/\/cdn.nlziet.nl\/static\/assets\/contentproviders\/npo.png","darkUrl":"https:\/\/cdn.nlziet.nl\/static\/assets\/contentproviders\/dark\/npo.png","flatUrl":"https:\/\/cdn.nlziet.nl\/static\/assets\/contentproviders\/flat\/npo.png"},"tags":[],"seriesId":"67IaRe4ka0e8Pr-f7Cjp1w"},{"id":"4jBfAEqpokiaPnr92TkHhw","type":"Vod","title":"EO Metterdaad","subtitle":"Mozambique: de ramp na de ramp","description":"EO - In maart 2019 raakte Mozambique letterlijk overspoeld door de gevolgen van de heftigste orkaan ooit op het zuidelijk halfrond. De watervloed die door deze orkaan Idai ontstond, maakte honderdduizenden dakloos en vernietigde de oogst. Nu, negen maanden later, dreigt een ramp na de ramp: door de verloren oogst en onbruikbare landbouwgrond is er een tekort aan voedsel. Dus sluipt Rui Domingo in het holst van de nacht zijn hutje uit om illegaal wat suikerriet te gaan kappen bij een hoger gelegen plantage die niet is geraakt door Idai. Het mag niet, maar anders is er niets te eten. Ondertussen werken hulporganisaties aan een structurele oplossing.","formattedEpisodeNumbering":null,"formattedDate":"Za 7 dec. 2019","formattedDateShort":"Dec. 2019","formattedTime":"17:10","formattedDuration":"25m","formattedAvailabilityWindow":null,"formattedAvailabilityWindowShort":null,"image":{"portraitUrl":null,"landscapeUrl":"https:\/\/images.nlziet.nl\/metadataimportimages\/source\/09A26961402151A0E1C11C92B78B794297CB81BC81825A55BCCB6D93FE554012.jpg"},"logo":{"normalUrl":"https:\/\/cdn.nlziet.nl\/static\/assets\/contentproviders\/npo.png","darkUrl":"https:\/\/cdn.nlziet.nl\/static\/assets\/contentproviders\/dark\/npo.png","flatUrl":"https:\/\/cdn.nlziet.nl\/static\/assets\/contentproviders\/flat\/npo.png"},"tags":[],"seriesId":"67IaRe4ka0e8Pr-f7Cjp1w"}]