[{"id":"lRFK7yySykaruCxI2SkccA","type":"Vod","title":"Zappsport","subtitle":"Compilatie","description":"AVROTROS - Kindersportprogramma waarin alle takken van sport voorbijkomen.","formattedEpisodeNumbering":null,"formattedDate":"Zo 28 aug. 2016","formattedDateShort":"Aug. 2016","formattedTime":"17:15","formattedDuration":"15m","formattedAvailabilityWindow":null,"formattedAvailabilityWindowShort":null,"image":{"portraitUrl":null,"landscapeUrl":"https:\/\/images.nlziet.nl\/metadataimportimages\/source\/1A63AE712BFC084E3C5E3678F7977DACCE01645202D54FFC364F58D787FDB7DC.jpg"},"logo":{"normalUrl":"https:\/\/cdn.nlziet.nl\/static\/assets\/contentproviders\/npo.png","darkUrl":"https:\/\/cdn.nlziet.nl\/static\/assets\/contentproviders\/dark\/npo.png","flatUrl":"https:\/\/cdn.nlziet.nl\/static\/assets\/contentproviders\/flat\/npo.png"},"tags":[],"seriesId":"7QrOqPrilEGeM3pgWB1w1A"},{"id":"DGzxv_HxLE6OVuGxATaj3Q","type":"Vod","title":"Zappsport","subtitle":"Compilatie","description":"AVROTROS - Kindersportprogramma waarin alle takken van sport voorbijkomen.","formattedEpisodeNumbering":null,"formattedDate":"Zo 21 aug. 2016","formattedDateShort":"Aug. 2016","formattedTime":"17:10","formattedDuration":"15m","formattedAvailabilityWindow":null,"formattedAvailabilityWindowShort":null,"image":{"portraitUrl":null,"landscapeUrl":"https:\/\/images.nlziet.nl\/metadataimportimages\/source\/C0212D59EA2E544670A2094F9C5D9281E69D419BCEA5F2411F678D525DD307AB.jpg"},"logo":{"normalUrl":"https:\/\/cdn.nlziet.nl\/static\/assets\/contentproviders\/npo.png","darkUrl":"https:\/\/cdn.nlziet.nl\/static\/assets\/contentproviders\/dark\/npo.png","flatUrl":"https:\/\/cdn.nlziet.nl\/static\/assets\/contentproviders\/flat\/npo.png"},"tags":[],"seriesId":"7QrOqPrilEGeM3pgWB1w1A"},{"id":"_HRYdQeH_06gAEWsFuQpRA","type":"Vod","title":"Zappsport","subtitle":"Compilatie","description":"AVROTROS - Kindersportprogramma waarin alle takken van sport voorbijkomen.","formattedEpisodeNumbering":null,"formattedDate":"Zo 14 aug. 2016","formattedDateShort":"Aug. 2016","formattedTime":"17:15","formattedDuration":"14m","formattedAvailabilityWindow":null,"formattedAvailabilityWindowShort":null,"image":{"portraitUrl":null,"landscapeUrl":"https:\/\/images.nlziet.nl\/metadataimportimages\/source\/CB86AA0D9FAFFFEFF1163376AE8C10FBD76B43D62D75B6390C53CA503253E241.jpg"},"logo":{"normalUrl":"https:\/\/cdn.nlziet.nl\/static\/assets\/contentproviders\/npo.png","darkUrl":"https:\/\/cdn.nlziet.nl\/static\/assets\/contentproviders\/dark\/npo.png","flatUrl":"https:\/\/cdn.nlziet.nl\/static\/assets\/contentproviders\/flat\/npo.png"},"tags":[],"seriesId":"7QrOqPrilEGeM3pgWB1w1A"},{"id":"d5bKGKZxmE-xggkMTBTZ2w","type":"Vod","title":"Zappsport","subtitle":"Compilatie","description":"AVROTROS - Kindersportprogramma waarin alle takken van sport voorbijkomen.","formattedEpisodeNumbering":null,"formattedDate":"Zo 7 aug. 2016","formattedDateShort":"Aug. 2016","formattedTime":"17:10","formattedDuration":"14m","formattedAvailabilityWindow":null,"formattedAvailabilityWindowShort":null,"image":{"portraitUrl":null,"landscapeUrl":"https:\/\/images.nlziet.nl\/metadataimportimages\/source\/5E79981D331356CCE31A19CD6AA385ECB66ABD6861E4E84EE0C9A91C607E48AC.jpg"},"logo":{"normalUrl":"https:\/\/cdn.nlziet.nl\/static\/assets\/contentproviders\/npo.png","darkUrl":"https:\/\/cdn.nlziet.nl\/static\/assets\/contentproviders\/dark\/npo.png","flatUrl":"https:\/\/cdn.nlziet.nl\/static\/assets\/contentproviders\/flat\/npo.png"},"tags":[],"seriesId":"7QrOqPrilEGeM3pgWB1w1A"},{"id":"h9gI-Bw3wkO_AzTBqTOEkg","type":"Vod","title":"Zappsport","subtitle":"Compilatie","description":"AVROTROS - Kindersportprogramma waarin alle takken van sport voorbijkomen.","formattedEpisodeNumbering":null,"formattedDate":"Zo 31 jul. 2016","formattedDateShort":"Jul. 2016","formattedTime":"17:15","formattedDuration":"14m","formattedAvailabilityWindow":null,"formattedAvailabilityWindowShort":null,"image":{"portraitUrl":null,"landscapeUrl":"https:\/\/images.nlziet.nl\/metadataimportimages\/source\/F465C7FCFEB859C48F01A313844F810FCE2FA4AC8276184F8692CF346313A057.jpg"},"logo":{"normalUrl":"https:\/\/cdn.nlziet.nl\/static\/assets\/contentproviders\/npo.png","darkUrl":"https:\/\/cdn.nlziet.nl\/static\/assets\/contentproviders\/dark\/npo.png","flatUrl":"https:\/\/cdn.nlziet.nl\/static\/assets\/contentproviders\/flat\/npo.png"},"tags":[],"seriesId":"7QrOqPrilEGeM3pgWB1w1A"},{"id":"QugF8bS2HUuAzyvGn0lkkw","type":"Vod","title":"Zappsport","subtitle":"Compilatie","description":"AVROTROS - Kindersportprogramma waarin alle takken van sport voorbijkomen.","formattedEpisodeNumbering":null,"formattedDate":"Zo 24 jul. 2016","formattedDateShort":"Jul. 2016","formattedTime":"17:15","formattedDuration":"14m","formattedAvailabilityWindow":null,"formattedAvailabilityWindowShort":null,"image":{"portraitUrl":null,"landscapeUrl":"https:\/\/images.nlziet.nl\/metadataimportimages\/source\/699BF58D76802069424DD1BAD422D79A76736DAEC545A391679A0365DC4886F8.jpg"},"logo":{"normalUrl":"https:\/\/cdn.nlziet.nl\/static\/assets\/contentproviders\/npo.png","darkUrl":"https:\/\/cdn.nlziet.nl\/static\/assets\/contentproviders\/dark\/npo.png","flatUrl":"https:\/\/cdn.nlziet.nl\/static\/assets\/contentproviders\/flat\/npo.png"},"tags":[],"seriesId":"7QrOqPrilEGeM3pgWB1w1A"},{"id":"ds-0CgHXRkOeudjntZe9Kw","type":"Vod","title":"Zappsport","subtitle":"Compilatie","description":"AVROTROS - Kindersportprogramma waarin alle takken van sport voorbijkomen.","formattedEpisodeNumbering":null,"formattedDate":"Zo 17 jul. 2016","formattedDateShort":"Jul. 2016","formattedTime":"17:05","formattedDuration":"24m","formattedAvailabilityWindow":null,"formattedAvailabilityWindowShort":null,"image":{"portraitUrl":null,"landscapeUrl":"https:\/\/images.nlziet.nl\/metadataimportimages\/source\/E7C1B5B3A4E95490CE849C4AD66810A4EADD0F41C52D3D2AC2944705CBBCE906.jpg"},"logo":{"normalUrl":"https:\/\/cdn.nlziet.nl\/static\/assets\/contentproviders\/npo.png","darkUrl":"https:\/\/cdn.nlziet.nl\/static\/assets\/contentproviders\/dark\/npo.png","flatUrl":"https:\/\/cdn.nlziet.nl\/static\/assets\/contentproviders\/flat\/npo.png"},"tags":[],"seriesId":"7QrOqPrilEGeM3pgWB1w1A"},{"id":"Kc7NFerGcESqKEGOSRmFsQ","type":"Vod","title":"Zappsport","subtitle":"Compilatie","description":"AVROTROS - Kindersportprogramma waarin alle takken van sport voorbijkomen.","formattedEpisodeNumbering":null,"formattedDate":"Zo 10 jul. 2016","formattedDateShort":"Jul. 2016","formattedTime":"17:15","formattedDuration":"15m","formattedAvailabilityWindow":null,"formattedAvailabilityWindowShort":null,"image":{"portraitUrl":null,"landscapeUrl":"https:\/\/images.nlziet.nl\/metadataimportimages\/source\/E2DFF3E0DFF4F57B985F51DA6F4FFC7975C3671278AA3B2CCB7453BEED583E67.jpg"},"logo":{"normalUrl":"https:\/\/cdn.nlziet.nl\/static\/assets\/contentproviders\/npo.png","darkUrl":"https:\/\/cdn.nlziet.nl\/static\/assets\/contentproviders\/dark\/npo.png","flatUrl":"https:\/\/cdn.nlziet.nl\/static\/assets\/contentproviders\/flat\/npo.png"},"tags":[],"seriesId":"7QrOqPrilEGeM3pgWB1w1A"},{"id":"6szTcZjcd0yoVm4oj6NPmw","type":"Vod","title":"Zappsport","subtitle":"Compilatie","description":"AVROTROS - Kindersportprogramma waarin alle takken van sport voorbijkomen.","formattedEpisodeNumbering":null,"formattedDate":"Zo 3 jul. 2016","formattedDateShort":"Jul. 2016","formattedTime":"17:15","formattedDuration":"14m","formattedAvailabilityWindow":null,"formattedAvailabilityWindowShort":null,"image":{"portraitUrl":null,"landscapeUrl":"https:\/\/images.nlziet.nl\/metadataimportimages\/source\/4E2FE6B5320A63FA84C940E7BC2E555CF64FEA73E1B7DB73E40EB12E6B7BA188.jpg"},"logo":{"normalUrl":"https:\/\/cdn.nlziet.nl\/static\/assets\/contentproviders\/npo.png","darkUrl":"https:\/\/cdn.nlziet.nl\/static\/assets\/contentproviders\/dark\/npo.png","flatUrl":"https:\/\/cdn.nlziet.nl\/static\/assets\/contentproviders\/flat\/npo.png"},"tags":[],"seriesId":"7QrOqPrilEGeM3pgWB1w1A"},{"id":"JAs6vwbU7EKjpQ8mGNfPaw","type":"Vod","title":"Zappsport","subtitle":"Compilatie","description":"AVROTROS - Kindersportprogramma waarin alle takken van sport voorbijkomen.","formattedEpisodeNumbering":null,"formattedDate":"Zo 26 jun. 2016","formattedDateShort":"Jun. 2016","formattedTime":"17:15","formattedDuration":"15m","formattedAvailabilityWindow":null,"formattedAvailabilityWindowShort":null,"image":{"portraitUrl":null,"landscapeUrl":"https:\/\/images.nlziet.nl\/metadataimportimages\/source\/DA8E89949CCADAF98E6788C9C4776307E1EA5677FF4D931E3FEAFC001AAA1400.jpg"},"logo":{"normalUrl":"https:\/\/cdn.nlziet.nl\/static\/assets\/contentproviders\/npo.png","darkUrl":"https:\/\/cdn.nlziet.nl\/static\/assets\/contentproviders\/dark\/npo.png","flatUrl":"https:\/\/cdn.nlziet.nl\/static\/assets\/contentproviders\/flat\/npo.png"},"tags":[],"seriesId":"7QrOqPrilEGeM3pgWB1w1A"},{"id":"D4ojWKsxhEmeoz4F06_QmA","type":"Vod","title":"Zappsport","subtitle":"Compilatie","description":"AVROTROS - Kindersportprogramma waarin alle takken van sport voorbijkomen.","formattedEpisodeNumbering":null,"formattedDate":"Zo 19 jun. 2016","formattedDateShort":"Jun. 2016","formattedTime":"17:15","formattedDuration":"15m","formattedAvailabilityWindow":null,"formattedAvailabilityWindowShort":null,"image":{"portraitUrl":null,"landscapeUrl":"https:\/\/images.nlziet.nl\/metadataimportimages\/source\/A081B2A3EE5146A4F164A475617369223E0781949BEFC1E1B3A1F30CFC4A8241.jpg"},"logo":{"normalUrl":"https:\/\/cdn.nlziet.nl\/static\/assets\/contentproviders\/npo.png","darkUrl":"https:\/\/cdn.nlziet.nl\/static\/assets\/contentproviders\/dark\/npo.png","flatUrl":"https:\/\/cdn.nlziet.nl\/static\/assets\/contentproviders\/flat\/npo.png"},"tags":[],"seriesId":"7QrOqPrilEGeM3pgWB1w1A"}]