[{"id":"vHDoqRCKEUyzIr9nBHhwzA","type":"Vod","title":"Het Mooiste Meisje van de Klas","subtitle":"Patricia","description":"TROS - Patricia Snel wordt in 1967 geboren als dochter van een Goudse kaashandelaar. Ze is niet alleen het mooiste meisje van de klas, maar ook van de Reeuwijkse plassen, waar het gezin een huisje heeft en de weekenden worden doorgebracht. Als ze daar op haar surfplank voorbij komt, kunnen de jongens hun ogen niet van haar afhouden. Het is niet alleen haar uiterlijk wat Patricia opvallend maakt, ze heeft ook een ondeugende en nieuwsgierige kant. Ze is altijd in voor kattenkwaad en toont interesse in alles om zich heen. Zo ook in de jongen die ze op haar zeventiende leert kennen. Ze krijgt voor het eerst een echte relatie en is tot over haar oren verliefd. Het lijkt een droom die uitkomt, maar het duurt niet lang voordat Patricia verstrikt is geraakt in een gewelddadige relatie. Het kost haar drie jaar om hier van los te komen. Toch blijft ze haar impulsieve karakter behouden. Ze noemt zichzelf 'het meisje zonder plan' dat in haar leven veel verschillende kanten is opgegaan; van vertegenwoordigster van printers tot studente Italiaans en van model tot succesvol schrijfster. Jaap Jongbloed zoekt haar op in Singapore waar ze sinds twee jaar woont en waar ze de wereld van mensenhandel onderzoekt voor inmiddels haar derde thriller: 'de Expat'.","formattedEpisodeNumbering":"S2013:A4","formattedDate":"Do 7 feb. 2013","formattedDateShort":"Feb. 2013","formattedTime":"21:35","formattedDuration":"45m","formattedAvailabilityWindow":null,"formattedAvailabilityWindowShort":null,"image":{"portraitUrl":null,"landscapeUrl":"https:\/\/images.nlziet.nl\/metadataimportimages\/source\/1A67912DE229DC0F9D93F74117A9B565CB3232EADB68CE72F735D9EC319331FE.jpg"},"logo":{"normalUrl":"https:\/\/cdn.nlziet.nl\/static\/assets\/contentproviders\/npo.png","darkUrl":"https:\/\/cdn.nlziet.nl\/static\/assets\/contentproviders\/dark\/npo.png","flatUrl":"https:\/\/cdn.nlziet.nl\/static\/assets\/contentproviders\/flat\/npo.png"},"tags":[],"seriesId":"6QApQZDaZ0Gc_9gWZDJFZA"},{"id":"eZUNCtdTdEiQquCTioGBqA","type":"Vod","title":"Het Mooiste Meisje van de Klas","subtitle":"","description":"TROS - Jeannette van Ravenstijn (1958) blijkt al vroeg te beschikken over een groot talent: ze is extreem lenig en sportief. Op negenjarige leeftijd begint ze dan ook onder leiding van haar fanatieke moeder met turnen. Ze blinkt uit en al snel blijkt dat deelname aan de Olympische Spelen in Montreal in 1976 binnen haar bereik ligt. Naast het behalen van een behoorlijk eindresultaat wordt ze tijdens de Olympische Spelen ook nog eens uitgeroepen tot Miss Montreal. Deze titel levert Jeannette na het be\u00ebindigen van haar turncarri\u00e8re de \u00e9\u00e9n na de andere opdracht op als fotomodel. Mooiste meisje van de klas Jeannette blikt met Jaap Jongbloed terug op haar turnverleden en haar schooljaren in Eindhoven en concludeert openhartig dat het succes ook een keerzijde heeft gehad. De eenzaamheid die zij als kind heeft ervaren en de strenge turndiscipline hebben diepere sporen achtergelaten dan ze ooit had verwacht.","formattedEpisodeNumbering":"S2013:A3","formattedDate":"Do 31 jan. 2013","formattedDateShort":"Jan. 2013","formattedTime":"21:35","formattedDuration":"45m","formattedAvailabilityWindow":null,"formattedAvailabilityWindowShort":null,"image":{"portraitUrl":null,"landscapeUrl":"https:\/\/images.nlziet.nl\/metadataimportimages\/source\/781E867D4C7CF03F044439560049E0B51D83853144E701B83F5FD437B47C2CCA.jpg"},"logo":{"normalUrl":"https:\/\/cdn.nlziet.nl\/static\/assets\/contentproviders\/npo.png","darkUrl":"https:\/\/cdn.nlziet.nl\/static\/assets\/contentproviders\/dark\/npo.png","flatUrl":"https:\/\/cdn.nlziet.nl\/static\/assets\/contentproviders\/flat\/npo.png"},"tags":[],"seriesId":"6QApQZDaZ0Gc_9gWZDJFZA"},{"id":"Y_gbBXD_MEGaXw3GM4iC4g","type":"Vod","title":"Het Mooiste Meisje van de Klas","subtitle":"Rachel","description":"TROS - Kleine, blonde Rachel (1973) valt op school niet bepaald op met haar lieve en verlegen gedrag maar het zijn haar vrouwelijke vormen, die midden jaren '80 opvallen in Enschede. Op het Cals College is ze te midden van haar rebelse klas naast het mooiste, ook het braafste meisje van de klas. Om maar vooral niet op te vallen probeert ze haar vrouwelijke figuur te verbergen in wijde kleding. Haar klasgenoten en vrienden vallen jaren later steil achterover als ze Rachel meerdere keren in een blootblad zien verschijnen. Niemand lijkt te begrijpen hoe juist deze preutse klasgenote in zo'n blad terecht komt. Rachel woont dan inmiddels niet meer in Enschede. In Londen maakt ze faam als 'Page 3-girl' en siert menig mannenblad op. Na twaalf wilde jaren keert Rachel terug naar haar geboortestad Enschede om haar bruisende leven te verruilen voor huisje, boompje, beestje. Rachel vindt hier weer de rust. Tot ze tijdens de zwangerschap van haar tweede zoon last krijgt van paniekaanvallen. In Londen was ze een vrouw van de wereld, maar in Enschede is ze blij als ze de kleine dingen in het leven, zoals boodschappen doen, weer durft te doen. Samen met Jaap Jongbloed kijkt ze terug op haar veelbewogen leven. Hoe verklaart zij de omschakeling van lief, preuts meisje naar uitdagende playmate? Heeft een nare seksuele ervaring in haar jeugd daar mede aan ten grondslag gelegen?","formattedEpisodeNumbering":"S2013:A2","formattedDate":"Do 24 jan. 2013","formattedDateShort":"Jan. 2013","formattedTime":"21:35","formattedDuration":"45m","formattedAvailabilityWindow":null,"formattedAvailabilityWindowShort":null,"image":{"portraitUrl":null,"landscapeUrl":"https:\/\/images.nlziet.nl\/metadataimportimages\/source\/F8877024754B122608A29D3458BD2DF350CFF9F4158BD3F794D98D135710D1F2.jpg"},"logo":{"normalUrl":"https:\/\/cdn.nlziet.nl\/static\/assets\/contentproviders\/npo.png","darkUrl":"https:\/\/cdn.nlziet.nl\/static\/assets\/contentproviders\/dark\/npo.png","flatUrl":"https:\/\/cdn.nlziet.nl\/static\/assets\/contentproviders\/flat\/npo.png"},"tags":[],"seriesId":"6QApQZDaZ0Gc_9gWZDJFZA"},{"id":"wvY_fGT35keK7IZP4Ex8ig","type":"Vod","title":"Het Mooiste Meisje van de Klas","subtitle":"Nathalia van der Ark","description":"TROS - De half Spaanse schone, Nathalia van der Ark (1964) verhuist op negenjarige leeftijd van '10 hoog' in Rijswijk naar een sjieke bungalow in het Brabantse Oosterhout. Haar dominante vader drukt een groot stempel op het gezinsleven. Door het gemis van warmte en het continue moeten voldoen aan de hoge eisen van haar vader heeft Nathalia niet bepaald een onbekommerde jeugd. Met de nodige gevolgen, zo stort ze zich vol overgave in verschillende liefdesrelaties die haar allesbehalve gelukkig maken. Uiteindelijk trouwt ze met volkszanger Bertus Staigerpaip, maar aan dit huwelijk komt onverhoopt een einde als hij haar bedondert met haar beste vriendin. Het lijkt Nathalia niet gegund te zijn als zij ook nog een preventieve borstamputatie moet ondergaan, een ernstig motorongeluk krijgt en wederom teleurgesteld wordt in de liefde. Zij wil uiteindelijk maar een ding en dat is rust. Heeft ze na jaren van ellende nu eindelijk het geluk gevonden?","formattedEpisodeNumbering":"S2013:A1","formattedDate":"Do 17 jan. 2013","formattedDateShort":"Jan. 2013","formattedTime":"21:35","formattedDuration":"45m","formattedAvailabilityWindow":null,"formattedAvailabilityWindowShort":null,"image":{"portraitUrl":null,"landscapeUrl":"https:\/\/images.nlziet.nl\/metadataimportimages\/source\/2729E2CD9E1B9871CF69DF928623D2B561F586FB022691BF7367E794CF3B9758.jpg"},"logo":{"normalUrl":"https:\/\/cdn.nlziet.nl\/static\/assets\/contentproviders\/npo.png","darkUrl":"https:\/\/cdn.nlziet.nl\/static\/assets\/contentproviders\/dark\/npo.png","flatUrl":"https:\/\/cdn.nlziet.nl\/static\/assets\/contentproviders\/flat\/npo.png"},"tags":[],"seriesId":"6QApQZDaZ0Gc_9gWZDJFZA"}]