[{"id":"HEFey8SAiUGfY9hbPaMV6Q","type":"Vod","title":"Pingu in de stad","subtitle":"Pingu de dirigent","description":"NTR - De kleine pingu\u00efn Pingu is verhuisd naar de stad en moet erg wennen aan zijn nieuwe leefomgeving.","formattedEpisodeNumbering":null,"formattedDate":"Di 25 jun. 2019","formattedDateShort":"Jun. 2019","formattedTime":"13:40","formattedDuration":"6m","formattedAvailabilityWindow":null,"formattedAvailabilityWindowShort":null,"image":{"portraitUrl":null,"landscapeUrl":"https:\/\/images.nlziet.nl\/metadataimportimages\/source\/07D48F68EF41BE6EEEC5F35E5F896CFC06F56E9F2D70373A1ECF0EE7AF01F14D.jpg"},"logo":{"normalUrl":"https:\/\/cdn.nlziet.nl\/static\/assets\/contentproviders\/npo.png","darkUrl":"https:\/\/cdn.nlziet.nl\/static\/assets\/contentproviders\/dark\/npo.png","flatUrl":"https:\/\/cdn.nlziet.nl\/static\/assets\/contentproviders\/flat\/npo.png"},"tags":[],"seriesId":"8CpDesE8Gk22rycQ5YifPA"},{"id":"JNQWepawJU2mUyGez-rT7Q","type":"Vod","title":"Pingu in de stad","subtitle":"Pingu zet een val","description":"NTR - De kleine pingu\u00efn Pingu is verhuisd naar de stad en moet erg wennen aan zijn nieuwe leefomgeving.","formattedEpisodeNumbering":null,"formattedDate":"Ma 24 jun. 2019","formattedDateShort":"Jun. 2019","formattedTime":"13:40","formattedDuration":"6m","formattedAvailabilityWindow":null,"formattedAvailabilityWindowShort":null,"image":{"portraitUrl":null,"landscapeUrl":"https:\/\/images.nlziet.nl\/metadataimportimages\/source\/646FA00DA1681EF19DF7DF0D744975744A028A1EC90DA9589A3CB72829168F78.jpg"},"logo":{"normalUrl":"https:\/\/cdn.nlziet.nl\/static\/assets\/contentproviders\/npo.png","darkUrl":"https:\/\/cdn.nlziet.nl\/static\/assets\/contentproviders\/dark\/npo.png","flatUrl":"https:\/\/cdn.nlziet.nl\/static\/assets\/contentproviders\/flat\/npo.png"},"tags":[],"seriesId":"8CpDesE8Gk22rycQ5YifPA"},{"id":"sRREDQ_lPU6iHsG7VJCG1A","type":"Vod","title":"Pingu in de stad","subtitle":"Pingu het levende standbeeld","description":"NTR - De kleine pingu\u00efn Pingu is verhuisd naar de stad en moet erg wennen aan zijn nieuwe leefomgeving.","formattedEpisodeNumbering":null,"formattedDate":"Vr 21 jun. 2019","formattedDateShort":"Jun. 2019","formattedTime":"13:40","formattedDuration":"6m","formattedAvailabilityWindow":null,"formattedAvailabilityWindowShort":null,"image":{"portraitUrl":null,"landscapeUrl":"https:\/\/images.nlziet.nl\/metadataimportimages\/source\/03039519D582DD36917E59344849E3FC5668F07B59AC4D97FFBF58D380230E15.jpg"},"logo":{"normalUrl":"https:\/\/cdn.nlziet.nl\/static\/assets\/contentproviders\/npo.png","darkUrl":"https:\/\/cdn.nlziet.nl\/static\/assets\/contentproviders\/dark\/npo.png","flatUrl":"https:\/\/cdn.nlziet.nl\/static\/assets\/contentproviders\/flat\/npo.png"},"tags":[],"seriesId":"8CpDesE8Gk22rycQ5YifPA"},{"id":"s2GW1sN6-kGSSGQReckG5g","type":"Vod","title":"Pingu in de stad","subtitle":"Pingu op de vlooienmarkt","description":"NTR - De kleine pingu\u00efn Pingu is verhuisd naar de stad en moet erg wennen aan zijn nieuwe leefomgeving.","formattedEpisodeNumbering":null,"formattedDate":"Do 20 jun. 2019","formattedDateShort":"Jun. 2019","formattedTime":"13:40","formattedDuration":"6m","formattedAvailabilityWindow":null,"formattedAvailabilityWindowShort":null,"image":{"portraitUrl":null,"landscapeUrl":"https:\/\/images.nlziet.nl\/metadataimportimages\/source\/5C63D3A0B07E4B2413572BB994BCD578BC27882EAEB43BE8BACEAB6D26EC589C.jpg"},"logo":{"normalUrl":"https:\/\/cdn.nlziet.nl\/static\/assets\/contentproviders\/npo.png","darkUrl":"https:\/\/cdn.nlziet.nl\/static\/assets\/contentproviders\/dark\/npo.png","flatUrl":"https:\/\/cdn.nlziet.nl\/static\/assets\/contentproviders\/flat\/npo.png"},"tags":[],"seriesId":"8CpDesE8Gk22rycQ5YifPA"},{"id":"Qe79qTrnWUmwHR3rzzowBQ","type":"Vod","title":"Pingu in de stad","subtitle":"Pingu wil op tv!","description":"NTR - De kleine pingu\u00efn Pingu is verhuisd naar de stad en moet erg wennen aan zijn nieuwe leefomgeving.","formattedEpisodeNumbering":null,"formattedDate":"Di 18 jun. 2019","formattedDateShort":"Jun. 2019","formattedTime":"13:40","formattedDuration":"6m","formattedAvailabilityWindow":null,"formattedAvailabilityWindowShort":null,"image":{"portraitUrl":null,"landscapeUrl":"https:\/\/images.nlziet.nl\/metadataimportimages\/source\/39E27213D6F2BE58FF8A09C08EC80F9AB91F6FB12E56AB254F94298DE350BCBE.jpg"},"logo":{"normalUrl":"https:\/\/cdn.nlziet.nl\/static\/assets\/contentproviders\/npo.png","darkUrl":"https:\/\/cdn.nlziet.nl\/static\/assets\/contentproviders\/dark\/npo.png","flatUrl":"https:\/\/cdn.nlziet.nl\/static\/assets\/contentproviders\/flat\/npo.png"},"tags":[],"seriesId":"8CpDesE8Gk22rycQ5YifPA"},{"id":"-KbJJyR2HkiQz8BzOHXrtQ","type":"Vod","title":"Pingu in de stad","subtitle":"Pingu's verkeersdans","description":"NTR - De kleine pingu\u00efn Pingu is verhuisd naar de stad en moet erg wennen aan zijn nieuwe leefomgeving.","formattedEpisodeNumbering":null,"formattedDate":"Ma 17 jun. 2019","formattedDateShort":"Jun. 2019","formattedTime":"13:40","formattedDuration":"6m","formattedAvailabilityWindow":null,"formattedAvailabilityWindowShort":null,"image":{"portraitUrl":null,"landscapeUrl":"https:\/\/images.nlziet.nl\/metadataimportimages\/source\/C5753F02B8B4A70B1384E0F33C688C2EC11F1CDFF1F84268727957067DE94AF0.jpg"},"logo":{"normalUrl":"https:\/\/cdn.nlziet.nl\/static\/assets\/contentproviders\/npo.png","darkUrl":"https:\/\/cdn.nlziet.nl\/static\/assets\/contentproviders\/dark\/npo.png","flatUrl":"https:\/\/cdn.nlziet.nl\/static\/assets\/contentproviders\/flat\/npo.png"},"tags":[],"seriesId":"8CpDesE8Gk22rycQ5YifPA"},{"id":"TskKQjY_uU2PL90BoRI4jQ","type":"Vod","title":"Pingu in de stad","subtitle":"Pingu's maanreis","description":"NTR - De kleine pingu\u00efn Pingu is verhuisd naar de stad en moet erg wennen aan zijn nieuwe leefomgeving.","formattedEpisodeNumbering":null,"formattedDate":"Vr 14 jun. 2019","formattedDateShort":"Jun. 2019","formattedTime":"13:45","formattedDuration":"6m","formattedAvailabilityWindow":null,"formattedAvailabilityWindowShort":null,"image":{"portraitUrl":null,"landscapeUrl":"https:\/\/images.nlziet.nl\/metadataimportimages\/source\/EB31D591F59F05D745AE3732DEA5DE90E913DC5E04E41D668940CB97E1EBB958.jpg"},"logo":{"normalUrl":"https:\/\/cdn.nlziet.nl\/static\/assets\/contentproviders\/npo.png","darkUrl":"https:\/\/cdn.nlziet.nl\/static\/assets\/contentproviders\/dark\/npo.png","flatUrl":"https:\/\/cdn.nlziet.nl\/static\/assets\/contentproviders\/flat\/npo.png"},"tags":[],"seriesId":"8CpDesE8Gk22rycQ5YifPA"},{"id":"k1h1N5KiVkW0TBUruWDIzQ","type":"Vod","title":"Pingu in de stad","subtitle":"Pingu en Pinga gaan op schattenjacht","description":"NTR - De kleine pingu\u00efn Pingu is verhuisd naar de stad en moet erg wennen aan zijn nieuwe leefomgeving.","formattedEpisodeNumbering":null,"formattedDate":"Do 13 jun. 2019","formattedDateShort":"Jun. 2019","formattedTime":"13:40","formattedDuration":"6m","formattedAvailabilityWindow":null,"formattedAvailabilityWindowShort":null,"image":{"portraitUrl":null,"landscapeUrl":"https:\/\/images.nlziet.nl\/metadataimportimages\/source\/E611F5F93CCC453496B986EB6F50CE30AD2684059FA84DB91983358FC896A22E.jpg"},"logo":{"normalUrl":"https:\/\/cdn.nlziet.nl\/static\/assets\/contentproviders\/npo.png","darkUrl":"https:\/\/cdn.nlziet.nl\/static\/assets\/contentproviders\/dark\/npo.png","flatUrl":"https:\/\/cdn.nlziet.nl\/static\/assets\/contentproviders\/flat\/npo.png"},"tags":[],"seriesId":"8CpDesE8Gk22rycQ5YifPA"},{"id":"qNM-oWEDDk2GG_qKZE3abA","type":"Vod","title":"Pingu in de stad","subtitle":"Pingu's ijskoude ontdekking","description":"NTR - De kleine pingu\u00efn Pingu is verhuisd naar de stad en moet erg wennen aan zijn nieuwe leefomgeving.","formattedEpisodeNumbering":null,"formattedDate":"Di 11 jun. 2019","formattedDateShort":"Jun. 2019","formattedTime":"13:45","formattedDuration":"6m","formattedAvailabilityWindow":null,"formattedAvailabilityWindowShort":null,"image":{"portraitUrl":null,"landscapeUrl":"https:\/\/images.nlziet.nl\/metadataimportimages\/source\/17AE9FE4FF65EE75EC71B26763A14AD2B25CC6678CF1FED0C905526E69B7A8EE.jpg"},"logo":{"normalUrl":"https:\/\/cdn.nlziet.nl\/static\/assets\/contentproviders\/npo.png","darkUrl":"https:\/\/cdn.nlziet.nl\/static\/assets\/contentproviders\/dark\/npo.png","flatUrl":"https:\/\/cdn.nlziet.nl\/static\/assets\/contentproviders\/flat\/npo.png"},"tags":[],"seriesId":"8CpDesE8Gk22rycQ5YifPA"},{"id":"lXUU23fYaEWgXACbQlgy1A","type":"Vod","title":"Pingu in de stad","subtitle":"Politieman Pingu","description":"NTR - De kleine pingu\u00efn Pingu is verhuisd naar de stad en moet erg wennen aan zijn nieuwe leefomgeving.","formattedEpisodeNumbering":null,"formattedDate":"Vr 7 jun. 2019","formattedDateShort":"Jun. 2019","formattedTime":"13:35","formattedDuration":"6m","formattedAvailabilityWindow":null,"formattedAvailabilityWindowShort":null,"image":{"portraitUrl":null,"landscapeUrl":"https:\/\/images.nlziet.nl\/metadataimportimages\/source\/BA2C21346477BEB4BD8023B63E9FC6B3E60670236D265B6578C02AC0875B7CDD.jpg"},"logo":{"normalUrl":"https:\/\/cdn.nlziet.nl\/static\/assets\/contentproviders\/npo.png","darkUrl":"https:\/\/cdn.nlziet.nl\/static\/assets\/contentproviders\/dark\/npo.png","flatUrl":"https:\/\/cdn.nlziet.nl\/static\/assets\/contentproviders\/flat\/npo.png"},"tags":[],"seriesId":"8CpDesE8Gk22rycQ5YifPA"},{"id":"OguaBY_qg0OcSVFc8bD5Mg","type":"Vod","title":"Pingu in de stad","subtitle":"Pingu de pruikenmaker","description":"NTR - De kleine pingu\u00efn Pingu is verhuisd naar de stad en moet erg wennen aan zijn nieuwe leefomgeving.","formattedEpisodeNumbering":null,"formattedDate":"Do 6 jun. 2019","formattedDateShort":"Jun. 2019","formattedTime":"13:40","formattedDuration":"6m","formattedAvailabilityWindow":null,"formattedAvailabilityWindowShort":null,"image":{"portraitUrl":null,"landscapeUrl":"https:\/\/images.nlziet.nl\/metadataimportimages\/source\/E9D14FC59E559F88A239E04CD14AE46436C154CCF6B2698E924738069519828C.jpg"},"logo":{"normalUrl":"https:\/\/cdn.nlziet.nl\/static\/assets\/contentproviders\/npo.png","darkUrl":"https:\/\/cdn.nlziet.nl\/static\/assets\/contentproviders\/dark\/npo.png","flatUrl":"https:\/\/cdn.nlziet.nl\/static\/assets\/contentproviders\/flat\/npo.png"},"tags":[],"seriesId":"8CpDesE8Gk22rycQ5YifPA"},{"id":"tjvQKGIGWECsqgIutl249g","type":"Vod","title":"Pingu in de stad","subtitle":"Pingu en Pinga doen het huishouden","description":"NTR - De kleine pingu\u00efn Pingu is verhuisd naar de stad en moet erg wennen aan zijn nieuwe leefomgeving.","formattedEpisodeNumbering":null,"formattedDate":"Di 4 jun. 2019","formattedDateShort":"Jun. 2019","formattedTime":"13:35","formattedDuration":"6m","formattedAvailabilityWindow":null,"formattedAvailabilityWindowShort":null,"image":{"portraitUrl":null,"landscapeUrl":"https:\/\/images.nlziet.nl\/metadataimportimages\/source\/479EF371FE59F66EEC56F91D1F287F38D538CF35157E10D43291EE310CFC6D9A.jpg"},"logo":{"normalUrl":"https:\/\/cdn.nlziet.nl\/static\/assets\/contentproviders\/npo.png","darkUrl":"https:\/\/cdn.nlziet.nl\/static\/assets\/contentproviders\/dark\/npo.png","flatUrl":"https:\/\/cdn.nlziet.nl\/static\/assets\/contentproviders\/flat\/npo.png"},"tags":[],"seriesId":"8CpDesE8Gk22rycQ5YifPA"},{"id":"xiERq8JAu0iQoviuXDmVUg","type":"Vod","title":"Pingu in de stad","subtitle":"Popster Pingu!","description":"NTR - De kleine pingu\u00efn Pingu is verhuisd naar de stad en moet erg wennen aan zijn nieuwe leefomgeving.","formattedEpisodeNumbering":null,"formattedDate":"Ma 3 jun. 2019","formattedDateShort":"Jun. 2019","formattedTime":"13:40","formattedDuration":"6m","formattedAvailabilityWindow":null,"formattedAvailabilityWindowShort":null,"image":{"portraitUrl":null,"landscapeUrl":"https:\/\/images.nlziet.nl\/metadataimportimages\/source\/DA7D820B2D031B43D87AFB90ACBAB317BDF032C796015172B931FC4026645F64.jpg"},"logo":{"normalUrl":"https:\/\/cdn.nlziet.nl\/static\/assets\/contentproviders\/npo.png","darkUrl":"https:\/\/cdn.nlziet.nl\/static\/assets\/contentproviders\/dark\/npo.png","flatUrl":"https:\/\/cdn.nlziet.nl\/static\/assets\/contentproviders\/flat\/npo.png"},"tags":[],"seriesId":"8CpDesE8Gk22rycQ5YifPA"},{"id":"V6yO82ravUyqni-4Z64Olw","type":"Vod","title":"Pingu in de stad","subtitle":"Pingu maakt een film!","description":"NTR - De kleine pingu\u00efn Pingu is verhuisd naar de stad en moet erg wennen aan zijn nieuwe leefomgeving.","formattedEpisodeNumbering":null,"formattedDate":"Vr 31 mei. 2019","formattedDateShort":"Mei. 2019","formattedTime":"13:35","formattedDuration":"6m","formattedAvailabilityWindow":null,"formattedAvailabilityWindowShort":null,"image":{"portraitUrl":null,"landscapeUrl":"https:\/\/images.nlziet.nl\/metadataimportimages\/source\/B3ED93881AEFA412C9805A032D9DE9E18F8C95A6A1C382CA7EC9A5B0B39757FF.jpg"},"logo":{"normalUrl":"https:\/\/cdn.nlziet.nl\/static\/assets\/contentproviders\/npo.png","darkUrl":"https:\/\/cdn.nlziet.nl\/static\/assets\/contentproviders\/dark\/npo.png","flatUrl":"https:\/\/cdn.nlziet.nl\/static\/assets\/contentproviders\/flat\/npo.png"},"tags":[],"seriesId":"8CpDesE8Gk22rycQ5YifPA"},{"id":"-6-ly5qyp0ug0K1ZQF4NVA","type":"Vod","title":"Pingu in de stad","subtitle":"Pingu en het ei","description":"NTR - De kleine pingu\u00efn Pingu is verhuisd naar de stad en moet erg wennen aan zijn nieuwe leefomgeving.","formattedEpisodeNumbering":null,"formattedDate":"Do 30 mei. 2019","formattedDateShort":"Mei. 2019","formattedTime":"13:45","formattedDuration":"6m","formattedAvailabilityWindow":null,"formattedAvailabilityWindowShort":null,"image":{"portraitUrl":null,"landscapeUrl":"https:\/\/images.nlziet.nl\/metadataimportimages\/source\/B8DAFA035A203A0C75D3B90E086A31B5DF975733D8B22FD7E0B02E7C3D70541D.jpg"},"logo":{"normalUrl":"https:\/\/cdn.nlziet.nl\/static\/assets\/contentproviders\/npo.png","darkUrl":"https:\/\/cdn.nlziet.nl\/static\/assets\/contentproviders\/dark\/npo.png","flatUrl":"https:\/\/cdn.nlziet.nl\/static\/assets\/contentproviders\/flat\/npo.png"},"tags":[],"seriesId":"8CpDesE8Gk22rycQ5YifPA"},{"id":"tpGpCspxUUKC0byx8vRQtg","type":"Vod","title":"Pingu in de stad","subtitle":"Pingu helpt een vriend","description":"NTR - De kleine pingu\u00efn Pingu is verhuisd naar de stad en moet erg wennen aan zijn nieuwe leefomgeving.","formattedEpisodeNumbering":null,"formattedDate":"Di 28 mei. 2019","formattedDateShort":"Mei. 2019","formattedTime":"13:40","formattedDuration":"6m","formattedAvailabilityWindow":null,"formattedAvailabilityWindowShort":null,"image":{"portraitUrl":null,"landscapeUrl":"https:\/\/images.nlziet.nl\/metadataimportimages\/source\/CE64E390C36FAE9448B27C0D292D09605941CAA7379893EAB09BB3B065A051EA.jpg"},"logo":{"normalUrl":"https:\/\/cdn.nlziet.nl\/static\/assets\/contentproviders\/npo.png","darkUrl":"https:\/\/cdn.nlziet.nl\/static\/assets\/contentproviders\/dark\/npo.png","flatUrl":"https:\/\/cdn.nlziet.nl\/static\/assets\/contentproviders\/flat\/npo.png"},"tags":[],"seriesId":"8CpDesE8Gk22rycQ5YifPA"},{"id":"m1Ejjn_WRkOT1Ox3Q4AoxQ","type":"Vod","title":"Pingu in de stad","subtitle":"Pingu's ruimte avontuur","description":"NTR - De kleine pingu\u00efn Pingu is verhuisd naar de stad en moet erg wennen aan zijn nieuwe leefomgeving.","formattedEpisodeNumbering":null,"formattedDate":"Ma 27 mei. 2019","formattedDateShort":"Mei. 2019","formattedTime":"13:40","formattedDuration":"6m","formattedAvailabilityWindow":null,"formattedAvailabilityWindowShort":null,"image":{"portraitUrl":null,"landscapeUrl":"https:\/\/images.nlziet.nl\/metadataimportimages\/source\/9120A3B4C54BEED6EA1156EE2EE74C3075A0EE28AC2508035EE3474D70D583A4.jpg"},"logo":{"normalUrl":"https:\/\/cdn.nlziet.nl\/static\/assets\/contentproviders\/npo.png","darkUrl":"https:\/\/cdn.nlziet.nl\/static\/assets\/contentproviders\/dark\/npo.png","flatUrl":"https:\/\/cdn.nlziet.nl\/static\/assets\/contentproviders\/flat\/npo.png"},"tags":[],"seriesId":"8CpDesE8Gk22rycQ5YifPA"},{"id":"jMsvv_42uUWHZQZDpvNpBw","type":"Vod","title":"Pingu in de stad","subtitle":"Blauwe Pingu","description":"NTR - De kleine pingu\u00efn Pingu is verhuisd naar de stad en moet erg wennen aan zijn nieuwe leefomgeving.","formattedEpisodeNumbering":null,"formattedDate":"Vr 24 mei. 2019","formattedDateShort":"Mei. 2019","formattedTime":"13:40","formattedDuration":"6m","formattedAvailabilityWindow":null,"formattedAvailabilityWindowShort":null,"image":{"portraitUrl":null,"landscapeUrl":"https:\/\/images.nlziet.nl\/metadataimportimages\/source\/F4BC80E9F3FF3A8747E3E7A4E085E6CCE8D795D83DE76C52B4C7DC5FE9691910.jpg"},"logo":{"normalUrl":"https:\/\/cdn.nlziet.nl\/static\/assets\/contentproviders\/npo.png","darkUrl":"https:\/\/cdn.nlziet.nl\/static\/assets\/contentproviders\/dark\/npo.png","flatUrl":"https:\/\/cdn.nlziet.nl\/static\/assets\/contentproviders\/flat\/npo.png"},"tags":[],"seriesId":"8CpDesE8Gk22rycQ5YifPA"},{"id":"QOZRM1K7K0qmIWdMbmHMmQ","type":"Vod","title":"Pingu in de stad","subtitle":"Waar is de donut?","description":"NTR - De kleine pingu\u00efn Pingu is verhuisd naar de stad en moet erg wennen aan zijn nieuwe leefomgeving.","formattedEpisodeNumbering":null,"formattedDate":"Do 23 mei. 2019","formattedDateShort":"Mei. 2019","formattedTime":"13:45","formattedDuration":"6m","formattedAvailabilityWindow":null,"formattedAvailabilityWindowShort":null,"image":{"portraitUrl":null,"landscapeUrl":"https:\/\/images.nlziet.nl\/metadataimportimages\/source\/48ACFDB31CE9977CEA29E8C84725EFB794AC1A5ECE2F7BD74E8609EC4B447F7D.jpg"},"logo":{"normalUrl":"https:\/\/cdn.nlziet.nl\/static\/assets\/contentproviders\/npo.png","darkUrl":"https:\/\/cdn.nlziet.nl\/static\/assets\/contentproviders\/dark\/npo.png","flatUrl":"https:\/\/cdn.nlziet.nl\/static\/assets\/contentproviders\/flat\/npo.png"},"tags":[],"seriesId":"8CpDesE8Gk22rycQ5YifPA"},{"id":"Gnt3dKc6SEufhXqoHDHZ4w","type":"Vod","title":"Pingu in de stad","subtitle":"Lachen naar het vogeltje!","description":"NTR - De kleine pingu\u00efn Pingu is verhuisd naar de stad en moet erg wennen aan zijn nieuwe leefomgeving.","formattedEpisodeNumbering":null,"formattedDate":"Di 21 mei. 2019","formattedDateShort":"Mei. 2019","formattedTime":"13:45","formattedDuration":"6m","formattedAvailabilityWindow":null,"formattedAvailabilityWindowShort":null,"image":{"portraitUrl":null,"landscapeUrl":"https:\/\/images.nlziet.nl\/metadataimportimages\/source\/043489C2D80996F7D00C9313DD56CF2A17C666653CA860C071CD05B18E5B1BBC.jpg"},"logo":{"normalUrl":"https:\/\/cdn.nlziet.nl\/static\/assets\/contentproviders\/npo.png","darkUrl":"https:\/\/cdn.nlziet.nl\/static\/assets\/contentproviders\/dark\/npo.png","flatUrl":"https:\/\/cdn.nlziet.nl\/static\/assets\/contentproviders\/flat\/npo.png"},"tags":[],"seriesId":"8CpDesE8Gk22rycQ5YifPA"},{"id":"arwqHnD4FkWV19OpycL1Mw","type":"Vod","title":"Pingu in de stad","subtitle":"Pingu maakt muziek","description":"NTR - De kleine pingu\u00efn Pingu is verhuisd naar de stad en moet erg wennen aan zijn nieuwe leefomgeving.","formattedEpisodeNumbering":null,"formattedDate":"Di 21 mei. 2019","formattedDateShort":"Mei. 2019","formattedTime":"13:40","formattedDuration":"6m","formattedAvailabilityWindow":null,"formattedAvailabilityWindowShort":null,"image":{"portraitUrl":null,"landscapeUrl":"https:\/\/images.nlziet.nl\/metadataimportimages\/source\/686A5689E65A14606480C96A2075E4390F322C75CCA7D2149A9910A269E3A4DC.jpg"},"logo":{"normalUrl":"https:\/\/cdn.nlziet.nl\/static\/assets\/contentproviders\/npo.png","darkUrl":"https:\/\/cdn.nlziet.nl\/static\/assets\/contentproviders\/dark\/npo.png","flatUrl":"https:\/\/cdn.nlziet.nl\/static\/assets\/contentproviders\/flat\/npo.png"},"tags":[],"seriesId":"8CpDesE8Gk22rycQ5YifPA"},{"id":"egiFmL7hXkOYKG7DaIGzNA","type":"Vod","title":"Pingu in de stad","subtitle":"Pingu's grotavonturen","description":"NTR - De kleine pingu\u00efn Pingu is verhuisd naar de stad en moet erg wennen aan zijn nieuwe leefomgeving.","formattedEpisodeNumbering":null,"formattedDate":"Ma 20 mei. 2019","formattedDateShort":"Mei. 2019","formattedTime":"13:45","formattedDuration":"6m","formattedAvailabilityWindow":null,"formattedAvailabilityWindowShort":null,"image":{"portraitUrl":null,"landscapeUrl":"https:\/\/images.nlziet.nl\/metadataimportimages\/source\/72872D242A193B52D5886C52A987B870693AA9F3485E5744A81866C615F0FCAC.jpg"},"logo":{"normalUrl":"https:\/\/cdn.nlziet.nl\/static\/assets\/contentproviders\/npo.png","darkUrl":"https:\/\/cdn.nlziet.nl\/static\/assets\/contentproviders\/dark\/npo.png","flatUrl":"https:\/\/cdn.nlziet.nl\/static\/assets\/contentproviders\/flat\/npo.png"},"tags":[],"seriesId":"8CpDesE8Gk22rycQ5YifPA"},{"id":"KzemMoIHoUiXy91HS22CMw","type":"Vod","title":"Pingu in de stad","subtitle":"Pingu's tramproblemen","description":"NTR - De kleine pingu\u00efn Pingu is verhuisd naar de stad en moet erg wennen aan zijn nieuwe leefomgeving.","formattedEpisodeNumbering":null,"formattedDate":"Vr 17 mei. 2019","formattedDateShort":"Mei. 2019","formattedTime":"13:40","formattedDuration":"25m","formattedAvailabilityWindow":null,"formattedAvailabilityWindowShort":null,"image":{"portraitUrl":null,"landscapeUrl":"https:\/\/images.nlziet.nl\/metadataimportimages\/source\/071836CBADC542E4BD2C26354DADF586A44BE998D4D260D01AE6E5F1CA93744C.jpg"},"logo":{"normalUrl":"https:\/\/cdn.nlziet.nl\/static\/assets\/contentproviders\/npo.png","darkUrl":"https:\/\/cdn.nlziet.nl\/static\/assets\/contentproviders\/dark\/npo.png","flatUrl":"https:\/\/cdn.nlziet.nl\/static\/assets\/contentproviders\/flat\/npo.png"},"tags":[],"seriesId":"8CpDesE8Gk22rycQ5YifPA"},{"id":"KGJ8AWmfDkWniuktdK2V1w","type":"Vod","title":"Pingu in de stad","subtitle":"Op zoek naar opa!","description":"NTR - De kleine pingu\u00efn Pingu is verhuisd naar de stad en moet erg wennen aan zijn nieuwe leefomgeving.","formattedEpisodeNumbering":null,"formattedDate":"Do 16 mei. 2019","formattedDateShort":"Mei. 2019","formattedTime":"13:35","formattedDuration":"6m","formattedAvailabilityWindow":null,"formattedAvailabilityWindowShort":null,"image":{"portraitUrl":null,"landscapeUrl":"https:\/\/images.nlziet.nl\/metadataimportimages\/source\/A7E53C7FF132B77A2AA45DA3A150CCD9FF66775C63E0256078CCB8921A0FD6C1.jpg"},"logo":{"normalUrl":"https:\/\/cdn.nlziet.nl\/static\/assets\/contentproviders\/npo.png","darkUrl":"https:\/\/cdn.nlziet.nl\/static\/assets\/contentproviders\/dark\/npo.png","flatUrl":"https:\/\/cdn.nlziet.nl\/static\/assets\/contentproviders\/flat\/npo.png"},"tags":[],"seriesId":"8CpDesE8Gk22rycQ5YifPA"},{"id":"A-9Y_t_ZwEOHi_gxwXDf6Q","type":"Vod","title":"Pingu in de stad","subtitle":"Pingu's nieuwe vriend","description":"NTR - De kleine pingu\u00efn Pingu is verhuisd naar de stad en moet erg wennen aan zijn nieuwe leefomgeving.","formattedEpisodeNumbering":null,"formattedDate":"Di 14 mei. 2019","formattedDateShort":"Mei. 2019","formattedTime":"13:45","formattedDuration":"6m","formattedAvailabilityWindow":null,"formattedAvailabilityWindowShort":null,"image":{"portraitUrl":null,"landscapeUrl":"https:\/\/images.nlziet.nl\/metadataimportimages\/source\/D4F7809C7265E5C8D506AF94D0E759619283B3B3EF2EC84FE1BF17167F599188.jpg"},"logo":{"normalUrl":"https:\/\/cdn.nlziet.nl\/static\/assets\/contentproviders\/npo.png","darkUrl":"https:\/\/cdn.nlziet.nl\/static\/assets\/contentproviders\/dark\/npo.png","flatUrl":"https:\/\/cdn.nlziet.nl\/static\/assets\/contentproviders\/flat\/npo.png"},"tags":[],"seriesId":"8CpDesE8Gk22rycQ5YifPA"},{"id":"xAjCEcNQqke_zD89Y9zauQ","type":"Vod","title":"Pingu in de stad","subtitle":"Pingu de brandweerman","description":"NTR - De kleine pingu\u00efn Pingu is verhuisd naar de stad en moet erg wennen aan zijn nieuwe leefomgeving.","formattedEpisodeNumbering":null,"formattedDate":"Ma 13 mei. 2019","formattedDateShort":"Mei. 2019","formattedTime":"13:40","formattedDuration":"6m","formattedAvailabilityWindow":null,"formattedAvailabilityWindowShort":null,"image":{"portraitUrl":null,"landscapeUrl":"https:\/\/images.nlziet.nl\/metadataimportimages\/source\/5EBF94A4AF1FCAB017EFDF113C042D5D09C7D089AA4538F6B1B2D84F119F7F0D.jpg"},"logo":{"normalUrl":"https:\/\/cdn.nlziet.nl\/static\/assets\/contentproviders\/npo.png","darkUrl":"https:\/\/cdn.nlziet.nl\/static\/assets\/contentproviders\/dark\/npo.png","flatUrl":"https:\/\/cdn.nlziet.nl\/static\/assets\/contentproviders\/flat\/npo.png"},"tags":[],"seriesId":"8CpDesE8Gk22rycQ5YifPA"}]