[{"id":"qmGn3Oy1I0ajJXlmdiw0Ww","type":"Vod","title":"Crime: Baptiste","subtitle":"Baptiste","description":"KRO-NCRV - Als Julien onderzoek doet naar extreem rechts komen hij en Emma tot een schokkende ontdekking.","formattedEpisodeNumbering":"S2:A3","formattedDate":"Za 7 mei.","formattedDateShort":"Za 7 mei.","formattedTime":"22:55","formattedDuration":"1u 50m","formattedAvailabilityWindow":"Vandaag nog beschikbaar","formattedAvailabilityWindowShort":"Nog 1 d. beschikbaar","image":{"portraitUrl":null,"landscapeUrl":"https:\/\/images.nlziet.nl\/metadataimportimages\/source\/FA99D38C46E541D5D85DD8833547572177D3904DEE97E5E6BEEDB276414C78F7.jpg"},"logo":{"normalUrl":"https:\/\/cdn.nlziet.nl\/static\/assets\/contentproviders\/npo.png","darkUrl":"https:\/\/cdn.nlziet.nl\/static\/assets\/contentproviders\/dark\/npo.png","flatUrl":"https:\/\/cdn.nlziet.nl\/static\/assets\/contentproviders\/flat\/npo.png"},"tags":[],"seriesId":"476ccoR1WkGzqjRalirpzw"}]