[{"id":"4usTAPtec0GRM7PZRrZ5_g","type":"Vod","title":"Het Mooiste Meisje van de Klas","subtitle":"","description":"TROS - amusementsprogramma vol nostalgie en herkenbare herinneringen aan de jaren '70 en '80 en de schoolliefdes uit die tijd. Jaap Jongbloed gaat op zoek naar dat onbereikbare meisje uit de klas op wie alle jongens verliefd waren en die het voorbeeld was voor de meiden in haar omgeving. Wat maakte haar zo speciaal en wie kreeg haar eerste zoen? Maar ook: Hoe zijn ze terechtgekomen, wat is er met hen gebeurd, hebben ze nog contact met vroegere klasgenoten en was hun schoonheid een garantie voor succes? Zijn de verwachtingen, die men over haar had, uitgekomen of heeft haar leven een verrassende wending genomen? Aan het woord komen oud-klasgenoten, leraren en iedereen die toen en daarna een belangrijke rol in haar leven heeft gespeeld. Boeiende verhalen vol herkenning met een vleugje nostalgie over schoonheid en keuzes in het leven.","formattedEpisodeNumbering":"S2008:A8","formattedDate":"Do 21 feb. 2008","formattedDateShort":"Feb. 2008","formattedTime":"21:35","formattedDuration":"45m","formattedAvailabilityWindow":null,"formattedAvailabilityWindowShort":null,"image":{"portraitUrl":null,"landscapeUrl":"https:\/\/images.nlziet.nl\/metadataimportimages\/source\/7EB5370A5D113C0229553A2C481518DEAEB0D77E151E322F2A0DCAFA1561E204.jpg"},"logo":{"normalUrl":"https:\/\/cdn.nlziet.nl\/static\/assets\/contentproviders\/npo.png","darkUrl":"https:\/\/cdn.nlziet.nl\/static\/assets\/contentproviders\/dark\/npo.png","flatUrl":"https:\/\/cdn.nlziet.nl\/static\/assets\/contentproviders\/flat\/npo.png"},"tags":[],"seriesId":"6QApQZDaZ0Gc_9gWZDJFZA"},{"id":"0QJ2wE2hgEWCTfoH5MPJnA","type":"Vod","title":"Het Mooiste Meisje van de Klas","subtitle":"","description":"TROS - amusementsprogramma vol nostalgie en herkenbare herinneringen aan de jaren '70 en '80 en de schoolliefdes uit die tijd. Jaap Jongbloed gaat op zoek naar dat onbereikbare meisje uit de klas op wie alle jongens verliefd waren en die het voorbeeld was voor de meiden in haar omgeving. Wat maakte haar zo speciaal en wie kreeg haar eerste zoen? Maar ook: Hoe zijn ze terechtgekomen, wat is er met hen gebeurd, hebben ze nog contact met vroegere klasgenoten en was hun schoonheid een garantie voor succes? Zijn de verwachtingen, die men over haar had, uitgekomen of heeft haar leven een verrassende wending genomen? Aan het woord komen oud-klasgenoten, leraren en iedereen die toen en daarna een belangrijke rol in haar leven heeft gespeeld. Boeiende verhalen vol herkenning met een vleugje nostalgie over schoonheid en keuzes in het leven.","formattedEpisodeNumbering":"S2008:A8","formattedDate":"Vr 11 apr. 2008","formattedDateShort":"Apr. 2008","formattedTime":"15:40","formattedDuration":"45m","formattedAvailabilityWindow":null,"formattedAvailabilityWindowShort":null,"image":{"portraitUrl":null,"landscapeUrl":"https:\/\/images.nlziet.nl\/metadataimportimages\/source\/7EB5370A5D113C0229553A2C481518DEAEB0D77E151E322F2A0DCAFA1561E204.jpg"},"logo":{"normalUrl":"https:\/\/cdn.nlziet.nl\/static\/assets\/contentproviders\/npo.png","darkUrl":"https:\/\/cdn.nlziet.nl\/static\/assets\/contentproviders\/dark\/npo.png","flatUrl":"https:\/\/cdn.nlziet.nl\/static\/assets\/contentproviders\/flat\/npo.png"},"tags":[],"seriesId":"6QApQZDaZ0Gc_9gWZDJFZA"},{"id":"cLgUTGysikuhZysaQS8B3w","type":"Vod","title":"Het Mooiste Meisje van de Klas","subtitle":"","description":"TROS - amusementsprogramma vol nostalgie en herkenbare herinneringen aan de jaren '70 en '80 en de schoolliefdes uit die tijd. Jaap Jongbloed gaat op zoek naar dat onbereikbare meisje uit de klas op wie alle jongens verliefd waren en die het voorbeeld was voor de meiden in haar omgeving. Wat maakte haar zo speciaal en wie kreeg haar eerste zoen? Maar ook: Hoe zijn ze terechtgekomen, wat is er met hen gebeurd, hebben ze nog contact met vroegere klasgenoten en was hun schoonheid een garantie voor succes? Zijn de verwachtingen, die men over haar had, uitgekomen of heeft haar leven een verrassende wending genomen? Aan het woord komen oud-klasgenoten, leraren en iedereen die toen en daarna een belangrijke rol in haar leven heeft gespeeld. Boeiende verhalen vol herkenning met een vleugje nostalgie over schoonheid en keuzes in het leven.","formattedEpisodeNumbering":"S2008:A7","formattedDate":"Vr 4 apr. 2008","formattedDateShort":"Apr. 2008","formattedTime":"15:40","formattedDuration":"45m","formattedAvailabilityWindow":null,"formattedAvailabilityWindowShort":null,"image":{"portraitUrl":null,"landscapeUrl":"https:\/\/images.nlziet.nl\/metadataimportimages\/source\/7EB5370A5D113C0229553A2C481518DEAEB0D77E151E322F2A0DCAFA1561E204.jpg"},"logo":{"normalUrl":"https:\/\/cdn.nlziet.nl\/static\/assets\/contentproviders\/npo.png","darkUrl":"https:\/\/cdn.nlziet.nl\/static\/assets\/contentproviders\/dark\/npo.png","flatUrl":"https:\/\/cdn.nlziet.nl\/static\/assets\/contentproviders\/flat\/npo.png"},"tags":[],"seriesId":"6QApQZDaZ0Gc_9gWZDJFZA"},{"id":"Q-ngX96xKU6S9e0kHREz0g","type":"Vod","title":"Het Mooiste Meisje van de Klas","subtitle":"","description":"TROS - amusementsprogramma vol nostalgie en herkenbare herinneringen aan de jaren '70 en '80 en de schoolliefdes uit die tijd. Jaap Jongbloed gaat op zoek naar dat onbereikbare meisje uit de klas op wie alle jongens verliefd waren en die het voorbeeld was voor de meiden in haar omgeving. Wat maakte haar zo speciaal en wie kreeg haar eerste zoen? Maar ook: Hoe zijn ze terechtgekomen, wat is er met hen gebeurd, hebben ze nog contact met vroegere klasgenoten en was hun schoonheid een garantie voor succes? Zijn de verwachtingen, die men over haar had, uitgekomen of heeft haar leven een verrassende wending genomen? Aan het woord komen oud-klasgenoten, leraren en iedereen die toen en daarna een belangrijke rol in haar leven heeft gespeeld. Boeiende verhalen vol herkenning met een vleugje nostalgie over schoonheid en keuzes in het leven.","formattedEpisodeNumbering":"S2008:A7","formattedDate":"Do 14 feb. 2008","formattedDateShort":"Feb. 2008","formattedTime":"22:10","formattedDuration":"50m","formattedAvailabilityWindow":null,"formattedAvailabilityWindowShort":null,"image":{"portraitUrl":null,"landscapeUrl":"https:\/\/images.nlziet.nl\/metadataimportimages\/source\/7EB5370A5D113C0229553A2C481518DEAEB0D77E151E322F2A0DCAFA1561E204.jpg"},"logo":{"normalUrl":"https:\/\/cdn.nlziet.nl\/static\/assets\/contentproviders\/npo.png","darkUrl":"https:\/\/cdn.nlziet.nl\/static\/assets\/contentproviders\/dark\/npo.png","flatUrl":"https:\/\/cdn.nlziet.nl\/static\/assets\/contentproviders\/flat\/npo.png"},"tags":[],"seriesId":"6QApQZDaZ0Gc_9gWZDJFZA"},{"id":"TWjHlNSHQEC_L9mmgy8TUQ","type":"Vod","title":"Het Mooiste Meisje van de Klas","subtitle":"Irmgard.","description":"TROS - amusementsprogramma vol nostalgie en herkenbare herinneringen aan de jaren '70 en '80 en de schoolliefdes uit die tijd. Jaap Jongbloed gaat op zoek naar dat onbereikbare meisje uit de klas op wie alle jongens verliefd waren en die het voorbeeld was voor de meiden in haar omgeving. Wat maakte haar zo speciaal en wie kreeg haar eerste zoen? Maar ook: Hoe zijn ze terechtgekomen, wat is er met hen gebeurd, hebben ze nog contact met vroegere klasgenoten en was hun schoonheid een garantie voor succes? Zijn de verwachtingen, die men over haar had, uitgekomen of heeft haar leven een verrassende wending genomen? Aan het woord komen oud-klasgenoten, leraren en iedereen die toen en daarna een belangrijke rol in haar leven heeft gespeeld. Boeiende verhalen vol herkenning met een vleugje nostalgie over schoonheid en keuzes in het leven.","formattedEpisodeNumbering":"S2008:A6","formattedDate":"Do 7 feb. 2008","formattedDateShort":"Feb. 2008","formattedTime":"22:10","formattedDuration":"50m","formattedAvailabilityWindow":null,"formattedAvailabilityWindowShort":null,"image":{"portraitUrl":null,"landscapeUrl":"https:\/\/images.nlziet.nl\/metadataimportimages\/source\/7EB5370A5D113C0229553A2C481518DEAEB0D77E151E322F2A0DCAFA1561E204.jpg"},"logo":{"normalUrl":"https:\/\/cdn.nlziet.nl\/static\/assets\/contentproviders\/npo.png","darkUrl":"https:\/\/cdn.nlziet.nl\/static\/assets\/contentproviders\/dark\/npo.png","flatUrl":"https:\/\/cdn.nlziet.nl\/static\/assets\/contentproviders\/flat\/npo.png"},"tags":[],"seriesId":"6QApQZDaZ0Gc_9gWZDJFZA"},{"id":"e-PF1k34a0uJYHcZK5GsyQ","type":"Vod","title":"Het Mooiste Meisje van de Klas","subtitle":"Irmgard.","description":"TROS - amusementsprogramma vol nostalgie en herkenbare herinneringen aan de jaren '70 en '80 en de schoolliefdes uit die tijd. Jaap Jongbloed gaat op zoek naar dat onbereikbare meisje uit de klas op wie alle jongens verliefd waren en die het voorbeeld was voor de meiden in haar omgeving. Wat maakte haar zo speciaal en wie kreeg haar eerste zoen? Maar ook: Hoe zijn ze terechtgekomen, wat is er met hen gebeurd, hebben ze nog contact met vroegere klasgenoten en was hun schoonheid een garantie voor succes? Zijn de verwachtingen, die men over haar had, uitgekomen of heeft haar leven een verrassende wending genomen? Aan het woord komen oud-klasgenoten, leraren en iedereen die toen en daarna een belangrijke rol in haar leven heeft gespeeld. Boeiende verhalen vol herkenning met een vleugje nostalgie over schoonheid en keuzes in het leven.","formattedEpisodeNumbering":"S2008:A6","formattedDate":"Do 8 mei. 2008","formattedDateShort":"Mei. 2008","formattedTime":"21:30","formattedDuration":"45m","formattedAvailabilityWindow":null,"formattedAvailabilityWindowShort":null,"image":{"portraitUrl":null,"landscapeUrl":"https:\/\/images.nlziet.nl\/metadataimportimages\/source\/99D478DDC11570A6632558F0121FB062BD92ADD10C4D59A73A9F75C06BC936F8.jpg"},"logo":{"normalUrl":"https:\/\/cdn.nlziet.nl\/static\/assets\/contentproviders\/npo.png","darkUrl":"https:\/\/cdn.nlziet.nl\/static\/assets\/contentproviders\/dark\/npo.png","flatUrl":"https:\/\/cdn.nlziet.nl\/static\/assets\/contentproviders\/flat\/npo.png"},"tags":[],"seriesId":"6QApQZDaZ0Gc_9gWZDJFZA"},{"id":"K_mtrpGArEWmAE3OVlrMfA","type":"Vod","title":"Het Mooiste Meisje van de Klas","subtitle":"","description":"TROS - amusementsprogramma vol nostalgie en herkenbare herinneringen aan de jaren '70 en '80 en de schoolliefdes uit die tijd. Jaap Jongbloed gaat op zoek naar dat onbereikbare meisje uit de klas op wie alle jongens verliefd waren en die het voorbeeld was voor de meiden in haar omgeving. Wat maakte haar zo speciaal en wie kreeg haar eerste zoen? Maar ook: Hoe zijn ze terechtgekomen, wat is er met hen gebeurd, hebben ze nog contact met vroegere klasgenoten en was hun schoonheid een garantie voor succes? Zijn de verwachtingen, die men over haar had, uitgekomen of heeft haar leven een verrassende wending genomen? Aan het woord komen oud-klasgenoten, leraren en iedereen die toen en daarna een belangrijke rol in haar leven heeft gespeeld. Boeiende verhalen vol herkenning met een vleugje nostalgie over schoonheid en keuzes in het leven.","formattedEpisodeNumbering":"S2008:A5","formattedDate":"Vr 28 mrt. 2008","formattedDateShort":"Mrt. 2008","formattedTime":"15:45","formattedDuration":"45m","formattedAvailabilityWindow":null,"formattedAvailabilityWindowShort":null,"image":{"portraitUrl":null,"landscapeUrl":"https:\/\/images.nlziet.nl\/metadataimportimages\/source\/7EB5370A5D113C0229553A2C481518DEAEB0D77E151E322F2A0DCAFA1561E204.jpg"},"logo":{"normalUrl":"https:\/\/cdn.nlziet.nl\/static\/assets\/contentproviders\/npo.png","darkUrl":"https:\/\/cdn.nlziet.nl\/static\/assets\/contentproviders\/dark\/npo.png","flatUrl":"https:\/\/cdn.nlziet.nl\/static\/assets\/contentproviders\/flat\/npo.png"},"tags":[],"seriesId":"6QApQZDaZ0Gc_9gWZDJFZA"},{"id":"BThX8XRPwE28uSQBBF6Tqw","type":"Vod","title":"Het Mooiste Meisje van de Klas","subtitle":"","description":"TROS - amusementsprogramma vol nostalgie en herkenbare herinneringen aan de jaren '70 en '80 en de schoolliefdes uit die tijd. Jaap Jongbloed gaat op zoek naar dat onbereikbare meisje uit de klas op wie alle jongens verliefd waren en die het voorbeeld was voor de meiden in haar omgeving. Wat maakte haar zo speciaal en wie kreeg haar eerste zoen? Maar ook: Hoe zijn ze terechtgekomen, wat is er met hen gebeurd, hebben ze nog contact met vroegere klasgenoten en was hun schoonheid een garantie voor succes? Zijn de verwachtingen, die men over haar had, uitgekomen of heeft haar leven een verrassende wending genomen? Aan het woord komen oud-klasgenoten, leraren en iedereen die toen en daarna een belangrijke rol in haar leven heeft gespeeld. Boeiende verhalen vol herkenning met een vleugje nostalgie over schoonheid en keuzes in het leven.","formattedEpisodeNumbering":"S2008:A5","formattedDate":"Do 31 jan. 2008","formattedDateShort":"Jan. 2008","formattedTime":"22:10","formattedDuration":"50m","formattedAvailabilityWindow":null,"formattedAvailabilityWindowShort":null,"image":{"portraitUrl":null,"landscapeUrl":"https:\/\/images.nlziet.nl\/metadataimportimages\/source\/7EB5370A5D113C0229553A2C481518DEAEB0D77E151E322F2A0DCAFA1561E204.jpg"},"logo":{"normalUrl":"https:\/\/cdn.nlziet.nl\/static\/assets\/contentproviders\/npo.png","darkUrl":"https:\/\/cdn.nlziet.nl\/static\/assets\/contentproviders\/dark\/npo.png","flatUrl":"https:\/\/cdn.nlziet.nl\/static\/assets\/contentproviders\/flat\/npo.png"},"tags":[],"seriesId":"6QApQZDaZ0Gc_9gWZDJFZA"},{"id":"L4jkLwHsM0mm6E8zZb5x0w","type":"Vod","title":"Het Mooiste Meisje van de Klas","subtitle":"","description":"TROS - amusementsprogramma vol nostalgie en herkenbare herinneringen aan de jaren '70 en '80 en de schoolliefdes uit die tijd. Jaap Jongbloed gaat op zoek naar dat onbereikbare meisje uit de klas op wie alle jongens verliefd waren en die het voorbeeld was voor de meiden in haar omgeving. Wat maakte haar zo speciaal en wie kreeg haar eerste zoen? Maar ook: Hoe zijn ze terechtgekomen, wat is er met hen gebeurd, hebben ze nog contact met vroegere klasgenoten en was hun schoonheid een garantie voor succes? Zijn de verwachtingen, die men over haar had, uitgekomen of heeft haar leven een verrassende wending genomen? Aan het woord komen oud-klasgenoten, leraren en iedereen die toen en daarna een belangrijke rol in haar leven heeft gespeeld. Boeiende verhalen vol herkenning met een vleugje nostalgie over schoonheid en keuzes in het leven.","formattedEpisodeNumbering":"S2008:A4","formattedDate":"Do 24 jan. 2008","formattedDateShort":"Jan. 2008","formattedTime":"22:10","formattedDuration":"50m","formattedAvailabilityWindow":null,"formattedAvailabilityWindowShort":null,"image":{"portraitUrl":null,"landscapeUrl":"https:\/\/images.nlziet.nl\/metadataimportimages\/source\/7EB5370A5D113C0229553A2C481518DEAEB0D77E151E322F2A0DCAFA1561E204.jpg"},"logo":{"normalUrl":"https:\/\/cdn.nlziet.nl\/static\/assets\/contentproviders\/npo.png","darkUrl":"https:\/\/cdn.nlziet.nl\/static\/assets\/contentproviders\/dark\/npo.png","flatUrl":"https:\/\/cdn.nlziet.nl\/static\/assets\/contentproviders\/flat\/npo.png"},"tags":[],"seriesId":"6QApQZDaZ0Gc_9gWZDJFZA"},{"id":"36oTKj7PGEK_DC5Th-GC1w","type":"Vod","title":"Het Mooiste Meisje van de Klas","subtitle":"","description":"TROS - amusementsprogramma vol nostalgie en herkenbare herinneringen aan de jaren '70 en '80 en de schoolliefdes uit die tijd. Jaap Jongbloed gaat op zoek naar dat onbereikbare meisje uit de klas op wie alle jongens verliefd waren en die het voorbeeld was voor de meiden in haar omgeving. Wat maakte haar zo speciaal en wie kreeg haar eerste zoen? Maar ook: Hoe zijn ze terechtgekomen, wat is er met hen gebeurd, hebben ze nog contact met vroegere klasgenoten en was hun schoonheid een garantie voor succes? Zijn de verwachtingen, die men over haar had, uitgekomen of heeft haar leven een verrassende wending genomen? Aan het woord komen oud-klasgenoten, leraren en iedereen die toen en daarna een belangrijke rol in haar leven heeft gespeeld. Boeiende verhalen vol herkenning met een vleugje nostalgie over schoonheid en keuzes in het leven.","formattedEpisodeNumbering":"S2008:A4","formattedDate":"Vr 21 mrt. 2008","formattedDateShort":"Mrt. 2008","formattedTime":"15:45","formattedDuration":"45m","formattedAvailabilityWindow":null,"formattedAvailabilityWindowShort":null,"image":{"portraitUrl":null,"landscapeUrl":"https:\/\/images.nlziet.nl\/metadataimportimages\/source\/7EB5370A5D113C0229553A2C481518DEAEB0D77E151E322F2A0DCAFA1561E204.jpg"},"logo":{"normalUrl":"https:\/\/cdn.nlziet.nl\/static\/assets\/contentproviders\/npo.png","darkUrl":"https:\/\/cdn.nlziet.nl\/static\/assets\/contentproviders\/dark\/npo.png","flatUrl":"https:\/\/cdn.nlziet.nl\/static\/assets\/contentproviders\/flat\/npo.png"},"tags":[],"seriesId":"6QApQZDaZ0Gc_9gWZDJFZA"},{"id":"uMIuE-eocUiOOGxNsj11TQ","type":"Vod","title":"Het Mooiste Meisje van de Klas","subtitle":"","description":"TROS - amusementsprogramma vol nostalgie en herkenbare herinneringen aan de jaren '70 en '80 en de schoolliefdes uit die tijd. Jaap Jongbloed gaat op zoek naar dat onbereikbare meisje uit de klas op wie alle jongens verliefd waren en die het voorbeeld was voor de meiden in haar omgeving. Wat maakte haar zo speciaal en wie kreeg haar eerste zoen? Maar ook: Hoe zijn ze terechtgekomen, wat is er met hen gebeurd, hebben ze nog contact met vroegere klasgenoten en was hun schoonheid een garantie voor succes? Zijn de verwachtingen, die men over haar had, uitgekomen of heeft haar leven een verrassende wending genomen? Aan het woord komen oud-klasgenoten, leraren en iedereen die toen en daarna een belangrijke rol in haar leven heeft gespeeld. Boeiende verhalen vol herkenning met een vleugje nostalgie over schoonheid en keuzes in het leven.","formattedEpisodeNumbering":"S2008:A3","formattedDate":"Vr 14 mrt. 2008","formattedDateShort":"Mrt. 2008","formattedTime":"15:40","formattedDuration":"50m","formattedAvailabilityWindow":null,"formattedAvailabilityWindowShort":null,"image":{"portraitUrl":null,"landscapeUrl":"https:\/\/images.nlziet.nl\/metadataimportimages\/source\/7EB5370A5D113C0229553A2C481518DEAEB0D77E151E322F2A0DCAFA1561E204.jpg"},"logo":{"normalUrl":"https:\/\/cdn.nlziet.nl\/static\/assets\/contentproviders\/npo.png","darkUrl":"https:\/\/cdn.nlziet.nl\/static\/assets\/contentproviders\/dark\/npo.png","flatUrl":"https:\/\/cdn.nlziet.nl\/static\/assets\/contentproviders\/flat\/npo.png"},"tags":[],"seriesId":"6QApQZDaZ0Gc_9gWZDJFZA"},{"id":"K4ifnR5RPEaSBuJBivzKoA","type":"Vod","title":"Het Mooiste Meisje van de Klas","subtitle":"","description":"TROS - amusementsprogramma vol nostalgie en herkenbare herinneringen aan de jaren '70 en '80 en de schoolliefdes uit die tijd. Jaap Jongbloed gaat op zoek naar dat onbereikbare meisje uit de klas op wie alle jongens verliefd waren en die het voorbeeld was voor de meiden in haar omgeving. Wat maakte haar zo speciaal en wie kreeg haar eerste zoen? Maar ook: Hoe zijn ze terechtgekomen, wat is er met hen gebeurd, hebben ze nog contact met vroegere klasgenoten en was hun schoonheid een garantie voor succes? Zijn de verwachtingen, die men over haar had, uitgekomen of heeft haar leven een verrassende wending genomen? Aan het woord komen oud-klasgenoten, leraren en iedereen die toen en daarna een belangrijke rol in haar leven heeft gespeeld. Boeiende verhalen vol herkenning met een vleugje nostalgie over schoonheid en keuzes in het leven.","formattedEpisodeNumbering":"S2008:A3","formattedDate":"Do 17 jan. 2008","formattedDateShort":"Jan. 2008","formattedTime":"22:10","formattedDuration":"50m","formattedAvailabilityWindow":null,"formattedAvailabilityWindowShort":null,"image":{"portraitUrl":null,"landscapeUrl":"https:\/\/images.nlziet.nl\/metadataimportimages\/source\/7EB5370A5D113C0229553A2C481518DEAEB0D77E151E322F2A0DCAFA1561E204.jpg"},"logo":{"normalUrl":"https:\/\/cdn.nlziet.nl\/static\/assets\/contentproviders\/npo.png","darkUrl":"https:\/\/cdn.nlziet.nl\/static\/assets\/contentproviders\/dark\/npo.png","flatUrl":"https:\/\/cdn.nlziet.nl\/static\/assets\/contentproviders\/flat\/npo.png"},"tags":[],"seriesId":"6QApQZDaZ0Gc_9gWZDJFZA"},{"id":"En4qwthuYk6e1PIw0DfpOw","type":"Vod","title":"Het Mooiste Meisje van de Klas","subtitle":"","description":"TROS - praatprogramma vol nostalgie en herkenbare herinneringen aan de jaren '70 en '80 en de schoolliefdes uit die tijd. Jaap Jongbloed gaat op zoek naar dat onbereikbare meisje uit de klas op wie alle jongens verliefd waren en die het voorbeeld was voor de meiden in haar omgeving. Wat maakte haar zo speciaal en wie kreeg haar eerste zoen? Maar ook: Hoe zijn ze terechtgekomen, wat is er met hen gebeurd, hebben ze nog contact met vroegere klasgenoten en was hun schoonheid een garantie voor succes? Zijn de verwachtingen, die men over haar had, uitgekomen of heeft haar leven een verrassende wending genomen? Aan het woord komen oud-klasgenoten, leraren en iedereen die toen en daarna een belangrijke rol in haar leven heeft gespeeld. Boeiende verhalen vol herkenning met een vleugje nostalgie over schoonheid en keuzes in het leven.","formattedEpisodeNumbering":"S2008:A2","formattedDate":"Vr 7 mrt. 2008","formattedDateShort":"Mrt. 2008","formattedTime":"15:40","formattedDuration":"50m","formattedAvailabilityWindow":null,"formattedAvailabilityWindowShort":null,"image":{"portraitUrl":null,"landscapeUrl":"https:\/\/images.nlziet.nl\/metadataimportimages\/source\/7EB5370A5D113C0229553A2C481518DEAEB0D77E151E322F2A0DCAFA1561E204.jpg"},"logo":{"normalUrl":"https:\/\/cdn.nlziet.nl\/static\/assets\/contentproviders\/npo.png","darkUrl":"https:\/\/cdn.nlziet.nl\/static\/assets\/contentproviders\/dark\/npo.png","flatUrl":"https:\/\/cdn.nlziet.nl\/static\/assets\/contentproviders\/flat\/npo.png"},"tags":[],"seriesId":"6QApQZDaZ0Gc_9gWZDJFZA"},{"id":"4GpjmW89iUyliiC9KAbhAw","type":"Vod","title":"Het Mooiste Meisje van de Klas","subtitle":"","description":"TROS - amusementsprogramma vol nostalgie en herkenbare herinneringen aan de jaren '70 en '80 en de schoolliefdes uit die tijd. Jaap Jongbloed gaat op zoek naar dat onbereikbare meisje uit de klas op wie alle jongens verliefd waren en die het voorbeeld was voor de meiden in haar omgeving. Wat maakte haar zo speciaal en wie kreeg haar eerste zoen? Maar ook: Hoe zijn ze terechtgekomen, wat is er met hen gebeurd, hebben ze nog contact met vroegere klasgenoten en was hun schoonheid een garantie voor succes? Zijn de verwachtingen, die men over haar had, uitgekomen of heeft haar leven een verrassende wending genomen? Aan het woord komen oud-klasgenoten, leraren en iedereen die toen en daarna een belangrijke rol in haar leven heeft gespeeld. Boeiende verhalen vol herkenning met een vleugje nostalgie over schoonheid en keuzes in het leven.","formattedEpisodeNumbering":"S2008:A2","formattedDate":"Do 10 jan. 2008","formattedDateShort":"Jan. 2008","formattedTime":"22:10","formattedDuration":"45m","formattedAvailabilityWindow":null,"formattedAvailabilityWindowShort":null,"image":{"portraitUrl":null,"landscapeUrl":"https:\/\/images.nlziet.nl\/metadataimportimages\/source\/7EB5370A5D113C0229553A2C481518DEAEB0D77E151E322F2A0DCAFA1561E204.jpg"},"logo":{"normalUrl":"https:\/\/cdn.nlziet.nl\/static\/assets\/contentproviders\/npo.png","darkUrl":"https:\/\/cdn.nlziet.nl\/static\/assets\/contentproviders\/dark\/npo.png","flatUrl":"https:\/\/cdn.nlziet.nl\/static\/assets\/contentproviders\/flat\/npo.png"},"tags":[],"seriesId":"6QApQZDaZ0Gc_9gWZDJFZA"},{"id":"XVpnVmJ61EGf2K6hsxrotg","type":"Vod","title":"Het Mooiste Meisje van de Klas","subtitle":"","description":"TROS - serie portretten vol nostalgie en herkenbare herinneringen aan de jaren '70 en '80 en de schoolliefdes uit die tijd. Jaap Jongbloed gaat op zoek naar dat onbereikbare meisje uit de klas op wie alle jongens verliefd waren en die het voorbeeld was voor de meiden in haar omgeving. Wat maakte haar zo speciaal en wie kreeg haar eerste zoen? Maar ook: Hoe zijn ze terechtgekomen, wat is er met hen gebeurd, hebben ze nog contact met vroegere klasgenoten en was hun schoonheid een garantie voor succes? Zijn de verwachtingen, die men over haar had, uitgekomen of heeft haar leven een verrassende wending genomen? Aan het woord komen oud-klasgenoten, leraren en iedereen die toen en daarna een belangrijke rol in haar leven heeft gespeeld. Boeiende verhalen vol herkenning met een vleugje nostalgie over schoonheid en keuzes in het leven.","formattedEpisodeNumbering":"S2008:A1","formattedDate":"Vr 29 feb. 2008","formattedDateShort":"Feb. 2008","formattedTime":"15:45","formattedDuration":"45m","formattedAvailabilityWindow":null,"formattedAvailabilityWindowShort":null,"image":{"portraitUrl":null,"landscapeUrl":"https:\/\/images.nlziet.nl\/metadataimportimages\/source\/7EB5370A5D113C0229553A2C481518DEAEB0D77E151E322F2A0DCAFA1561E204.jpg"},"logo":{"normalUrl":"https:\/\/cdn.nlziet.nl\/static\/assets\/contentproviders\/npo.png","darkUrl":"https:\/\/cdn.nlziet.nl\/static\/assets\/contentproviders\/dark\/npo.png","flatUrl":"https:\/\/cdn.nlziet.nl\/static\/assets\/contentproviders\/flat\/npo.png"},"tags":[],"seriesId":"6QApQZDaZ0Gc_9gWZDJFZA"},{"id":"fCQF9YF9BUywSqxiua1xaQ","type":"Vod","title":"Het Mooiste Meisje van de Klas","subtitle":"","description":"TROS - amusementsprogramma vol nostalgie en herkenbare herinneringen aan de jaren '70 en '80 en de schoolliefdes uit die tijd. Jaap Jongbloed gaat op zoek naar dat onbereikbare meisje uit de klas op wie alle jongens verliefd waren en die het voorbeeld was voor de meiden in haar omgeving. Wat maakte haar zo speciaal en wie kreeg haar eerste zoen? Maar ook: Hoe zijn ze terechtgekomen, wat is er met hen gebeurd, hebben ze nog contact met vroegere klasgenoten en was hun schoonheid een garantie voor succes? Zijn de verwachtingen, die men over haar had, uitgekomen of heeft haar leven een verrassende wending genomen? Aan het woord komen oud-klasgenoten, leraren en iedereen die toen en daarna een belangrijke rol in haar leven heeft gespeeld. Boeiende verhalen vol herkenning met een vleugje nostalgie over schoonheid en keuzes in het leven.","formattedEpisodeNumbering":"S2008:A1","formattedDate":"Do 3 jan. 2008","formattedDateShort":"Jan. 2008","formattedTime":"22:10","formattedDuration":"45m","formattedAvailabilityWindow":null,"formattedAvailabilityWindowShort":null,"image":{"portraitUrl":null,"landscapeUrl":"https:\/\/images.nlziet.nl\/metadataimportimages\/source\/7EB5370A5D113C0229553A2C481518DEAEB0D77E151E322F2A0DCAFA1561E204.jpg"},"logo":{"normalUrl":"https:\/\/cdn.nlziet.nl\/static\/assets\/contentproviders\/npo.png","darkUrl":"https:\/\/cdn.nlziet.nl\/static\/assets\/contentproviders\/dark\/npo.png","flatUrl":"https:\/\/cdn.nlziet.nl\/static\/assets\/contentproviders\/flat\/npo.png"},"tags":[],"seriesId":"6QApQZDaZ0Gc_9gWZDJFZA"}]