[{"id":"RGMgjPY9HUCDMIUnCx2ZYg","type":"Vod","title":"VPRO Zomergasten","subtitle":"Bessel van der Kolk","description":"VPRO - Janine Abbring interviewt psychiater en traumaspecialist Bessel van der Kolk (1943) over zijn ideale televisieavond. Met veel filmfragmenten over trauma, want films maken de complexiteit van hoe mensen met elkaar omgaan voelbaar. Maar het gaat ook over Van der Kolks eigen leven. De film 'De Aanslag' leerde hem bijvoorbeeld zijn eigen jeugd beter te begrijpen, \u00e9n over wat we wereldwijd hebben geleerd om van trauma te helen.","formattedEpisodeNumbering":null,"formattedDate":"Zo 28 aug.","formattedDateShort":"Zo 28 aug.","formattedTime":"20:15","formattedDuration":"3u 2m","formattedAvailabilityWindow":"Vandaag nog beschikbaar","formattedAvailabilityWindowShort":"Nog 1 d. beschikbaar","image":{"portraitUrl":null,"landscapeUrl":"https:\/\/images.nlziet.nl\/metadataimportimages\/source\/0C73BF3E2BA384C9AFBCDCE3E18993F6D5DC4F877C4BF6B5BC947BE6EDE9445F.jpg"},"logo":{"normalUrl":"https:\/\/cdn.nlziet.nl\/static\/assets\/contentproviders\/npo.png","darkUrl":"https:\/\/cdn.nlziet.nl\/static\/assets\/contentproviders\/dark\/npo.png","flatUrl":"https:\/\/cdn.nlziet.nl\/static\/assets\/contentproviders\/flat\/npo.png"},"tags":[],"seriesId":"5tjHWtFIpUKZMtCqv30tog"}]