[{"id":"wnrhtkou80G-XEEgZptyBg","type":"Vod","title":"NOS WK-kwalificatie Voetbal (v) voorbeschouwing","subtitle":"NOS WK-kwalificatie Voetbal (v) Wit-Rusland - Nederland voorbeschouwing","description":"NOS - Voorbeschouwing op de WK-kwalificatiewedstrijd Wit-Rusland - Nederland (v).","formattedEpisodeNumbering":null,"formattedDate":"Di 26 okt. 2021","formattedDateShort":"Okt. 2021","formattedTime":"19:25","formattedDuration":"21m","formattedAvailabilityWindow":null,"formattedAvailabilityWindowShort":null,"image":{"portraitUrl":null,"landscapeUrl":"https:\/\/images.nlziet.nl\/metadataimportimages\/source\/C0172E2BB2C019693B56B678727D162320C71E465E0529075522700DD5569C51.jpg"},"logo":{"normalUrl":"https:\/\/cdn.nlziet.nl\/static\/assets\/contentproviders\/npo.png","darkUrl":"https:\/\/cdn.nlziet.nl\/static\/assets\/contentproviders\/dark\/npo.png","flatUrl":"https:\/\/cdn.nlziet.nl\/static\/assets\/contentproviders\/flat\/npo.png"},"tags":[],"seriesId":"5Ys7Jwg3_EKAiS07ctyJhw"}]