[{"id":"M0pmit0H4kep1F_7EV9IBw","type":"Vod","title":"Het Mooiste Meisje van de Klas","subtitle":"Lea","description":"TROS - Het levensverhaal van Lea Links (50). Lea wordt als dochter van een artistiek echtpaar geboren in Amsterdam en gaat daar ook in de jaren zeventig naar de op vrije leest geschoeide school IVKO. Daar krijgen leerlingen vooral veel kunstzinnig onderwijs en worden ze met wiskunde het park in gestuurd om hondendrollen te tellen en er een grafiek van te maken. De vrijheid is sommigen iets te veel en er wordt in die dagen dan ook flink ge\u00ebxperimenteerd met drugs. Niet door Lea, die door een zus met een hero\u00efneverslaving al genoeg ellende gezien heeft en hunkert naar avontuur om thuis te ontvluchten. Als ze geld nodig heeft voor een reis naar Bangkok valt zij op door als een van de eerste meisjes in Amsterdam met stripteasewerk haar trip bij elkaar te verdienen. In het Verre Oosten begint het avontuur pas echt met een bestaan vol vrije liefde en smokkelroutes. Jaap Jongbloed ontmoet Lea in Amsterdam, waar ze na een leven vol spanning is teruggekeerd. Wat heeft het leven haar gebracht en hoe heeft zij de traumatische abortus, waar zij als jonge vrouw toe besloot, een plek gegeven?","formattedEpisodeNumbering":"S2012:A5","formattedDate":"Di 4 sep. 2012","formattedDateShort":"Sep. 2012","formattedTime":"20:30","formattedDuration":"1u 0m","formattedAvailabilityWindow":null,"formattedAvailabilityWindowShort":null,"image":{"portraitUrl":null,"landscapeUrl":"https:\/\/images.nlziet.nl\/metadataimportimages\/source\/DDA03E277144283BD1C5CBDF6A4C52693B1124484B1C3DAB9464B14F6B1B83B0.jpg"},"logo":{"normalUrl":"https:\/\/cdn.nlziet.nl\/static\/assets\/contentproviders\/npo.png","darkUrl":"https:\/\/cdn.nlziet.nl\/static\/assets\/contentproviders\/dark\/npo.png","flatUrl":"https:\/\/cdn.nlziet.nl\/static\/assets\/contentproviders\/flat\/npo.png"},"tags":[],"seriesId":"6QApQZDaZ0Gc_9gWZDJFZA"},{"id":"EySrcZhpRU-F081GxA3_pw","type":"Vod","title":"Het Mooiste Meisje van de Klas","subtitle":"Petra","description":"TROS - Petra (1965) groeit op in de Roermondse arbeiderswijk De Donderberg. Thuis heeft ze het allesbehalve makkelijk en zoekt ze haar toevlucht in leren en lezen. Door hard te werken komt ze terecht op een school met elitestatus: Het Bisschoppelijk College Sch\u00f6ndeln. Daar valt ze in de eerste jaren voornamelijk op vanwege haar ambitie. Maar zodra haar bril wordt vervangen door lenzen en ze haar bruine haren laat groeien, doen de jongens uit de klas er alles aan om op te vallen bij de onbereikbare Petra. Na haar VWO-examen maakt Petra een keuze waar zowel haar klasgenoten als haar familie niets van begrijpen. Ze gaat Arabisch studeren. Wanneer Petra voor haar studie een aantal maanden in Egypte verblijft, weet zij zeker dat ze een missie heeft. Vanaf dat moment is Petra bezig met het verbeteren van de mensenrechten in de Arabische wereld en vertelt zij daarover ook regelmatig aan tafel bij Pauw & Witteman. Jaap ontmoet Petra in de door haar zo geliefde stad Ca\u00efro. Hij neemt haar mee terug in de tijd. Naar de schooltijd in Limburg waar het gaat over haar moeilijke jeugd en hoe dat verband houdt met haar huidige werk en inzet in Egypte.","formattedEpisodeNumbering":"S2012:A4","formattedDate":"Di 28 aug. 2012","formattedDateShort":"Aug. 2012","formattedTime":"20:30","formattedDuration":"1u 0m","formattedAvailabilityWindow":null,"formattedAvailabilityWindowShort":null,"image":{"portraitUrl":null,"landscapeUrl":"https:\/\/images.nlziet.nl\/metadataimportimages\/source\/F40460AD1AF0D03C21750BFAD0AE41C68CA1B39B54A1CA8F23EEC1174EAA0425.jpg"},"logo":{"normalUrl":"https:\/\/cdn.nlziet.nl\/static\/assets\/contentproviders\/npo.png","darkUrl":"https:\/\/cdn.nlziet.nl\/static\/assets\/contentproviders\/dark\/npo.png","flatUrl":"https:\/\/cdn.nlziet.nl\/static\/assets\/contentproviders\/flat\/npo.png"},"tags":[],"seriesId":"6QApQZDaZ0Gc_9gWZDJFZA"},{"id":"ucxFBGAkR0y1wCd9CqsXdA","type":"Vod","title":"Het Mooiste Meisje van de Klas","subtitle":"Daniella","description":"TROS - Daniella van Graas (36) groeit op in het Noord-Hollandse dorpje Tuitjenhorn. Een boerendorp dat bekend staat om de kolenvelden en waar de kermis gezien wordt als het hoogtepunt van het jaar. Met een uiterlijk als dat van Daniella kan ze niet anders dan opvallen. Zowel in het dorp als op haar school in Alkmaar is zij zonder discussie het mooiste meisje. Daniella blijft er zelf vooral heel nuchter onder en dat maakt haar voor de jongens extra aantrekkelijk. Dat gaat niet alleen voor de Noord-Hollandse jongens op. Tico Torres, de drummer van de op dat moment immens populaire band Bon Jovi ziet het wel zitten met fan Daniella als hij in Nederland op tour is. Na haar schooltijd wordt ze al snel ontdekt als model en komt ze uiteindelijk terecht in New York. Inmiddels heeft ze daar een indrukwekkende modellencarri\u00e8re opgebouwd en komt ook haar acteercarri\u00e8re van de grond. Zo heeft ze rollen gespeeld naast grootheden als Bruce Willis en Halle Berry. Jaap Jongbloed bezoekt haar thuis in New York en neemt haar mee terug op een nostalgische tour naar haar schooltijd. Hij ontmoet haar oude vakantievriendje en dorpsgenoten, die zij ieder jaar terugziet op de kermis bij Tuitjenhorn.","formattedEpisodeNumbering":"S2012:A3","formattedDate":"Di 21 aug. 2012","formattedDateShort":"Aug. 2012","formattedTime":"20:30","formattedDuration":"1u 0m","formattedAvailabilityWindow":null,"formattedAvailabilityWindowShort":null,"image":{"portraitUrl":null,"landscapeUrl":"https:\/\/images.nlziet.nl\/metadataimportimages\/source\/43120A4189C03130357B0F6FCE783BF3546B1033A96EBA325FAF952D5CE8676B.jpg"},"logo":{"normalUrl":"https:\/\/cdn.nlziet.nl\/static\/assets\/contentproviders\/npo.png","darkUrl":"https:\/\/cdn.nlziet.nl\/static\/assets\/contentproviders\/dark\/npo.png","flatUrl":"https:\/\/cdn.nlziet.nl\/static\/assets\/contentproviders\/flat\/npo.png"},"tags":[],"seriesId":"6QApQZDaZ0Gc_9gWZDJFZA"},{"id":"WM09f9WxAEGIei3X84-Cdw","type":"Vod","title":"Het Mooiste Meisje van de Klas","subtitle":"Esther","description":"TROS - Veel -voornamelijk mannelijke- Nederlanders kennen Esther wellicht nog onder haar artiestennaam Zara Whites. Onder die naam is de hoofdpersoon in deze aflevering een bekend pornoactrice. Niemand had dat kunnen denken toen ze nog in de schoolbanken zat in een overwegend christelijke gemeenschap. Ze voelde zich een beetje het zwarte schaap van de familie: tegendraads en onbegrepen. Na een mislukte schoolcarri\u00e8re belandt Esther uit nieuwsgierigheid in de prostitutie en uiteindelijk in de porno-industrie. Nu woont ze onder de rook van Parijs en is ze politiek actief voor de Franse variant van de Partij voor de Dieren. Jaap Jongbloed ontmoet haar in Parijs en gaat met haar terug naar de schooltijd in de jaren tachtig in Dordrecht en Oud-Beijerland.","formattedEpisodeNumbering":"S2012:A2","formattedDate":"Di 14 aug. 2012","formattedDateShort":"Aug. 2012","formattedTime":"20:30","formattedDuration":"1u 0m","formattedAvailabilityWindow":null,"formattedAvailabilityWindowShort":null,"image":{"portraitUrl":null,"landscapeUrl":"https:\/\/images.nlziet.nl\/metadataimportimages\/source\/CB6AA049646C3FBA24860FAE1CEC3CCC275BF9E751A8E739A5AF61859C45776D.jpg"},"logo":{"normalUrl":"https:\/\/cdn.nlziet.nl\/static\/assets\/contentproviders\/npo.png","darkUrl":"https:\/\/cdn.nlziet.nl\/static\/assets\/contentproviders\/dark\/npo.png","flatUrl":"https:\/\/cdn.nlziet.nl\/static\/assets\/contentproviders\/flat\/npo.png"},"tags":[],"seriesId":"6QApQZDaZ0Gc_9gWZDJFZA"},{"id":"2H9AAb3gwkqESpBk6u3cPg","type":"Vod","title":"Het Mooiste Meisje van de Klas","subtitle":"Marieke","description":"TROS - Marieke besloot al op jonge leeftijd dat het kleine Friese dorp Oldeholtpade niets voor haar was. Een avontuurlijk leven in de grote stad lonkt en Marieke vertrekt dan ook naar Parijs. Zodra zich heeft gesetteld bereikt haar een vreselijk bericht. Voor de tweede keer wordt het gezin getroffen door een sterfgeval onder de kinderen; haar broer heeft zelfmoord gepleegd. Het gezin valt aan wanhoop ten prooi, maar met bewonderenswaardige moed weet Marieke haar leven daarna zin te geven en helpt zij tegenwoordig kinderen in Afrika aan een mooiere toekomst. Jaap Jongbloed bezoekt haar in Afrika. Een gesprek over het vinden van je levensmissie en eventuele onvervulde verlangens volgt. Marieke is het mooiste meisje van de klas van buiten, maar zij bewijst dat ook je binnenste prachtig kan zijn.","formattedEpisodeNumbering":"S2012:A1","formattedDate":"Di 24 jul. 2012","formattedDateShort":"Jul. 2012","formattedTime":"20:30","formattedDuration":"1u 0m","formattedAvailabilityWindow":null,"formattedAvailabilityWindowShort":null,"image":{"portraitUrl":null,"landscapeUrl":"https:\/\/images.nlziet.nl\/metadataimportimages\/source\/D378A4A5745226D876554A6136F5C4950C0BBA93F73D4553217CD4B3B6AA96DD.jpg"},"logo":{"normalUrl":"https:\/\/cdn.nlziet.nl\/static\/assets\/contentproviders\/npo.png","darkUrl":"https:\/\/cdn.nlziet.nl\/static\/assets\/contentproviders\/dark\/npo.png","flatUrl":"https:\/\/cdn.nlziet.nl\/static\/assets\/contentproviders\/flat\/npo.png"},"tags":[],"seriesId":"6QApQZDaZ0Gc_9gWZDJFZA"}]