[{"id":"q3PtDE99jUeJiFUl_V4fhQ","type":"Vod","title":"Brainwash","subtitle":"Tim Fransen: Waarde van tragiek","description":"HUMAN - 'Het tragische aspect van het leven is dat we als kwetsbare onvolmaakte wezens onvermijdelijk zullen lijden. Met als uiteindelijke lotsbestemming de dood.' Volgens filosoof en cabaretier Tim Fransen hebben mensen de neiging het noodlot te vermijden, omdat ze daarmee de illusie wekken controle te hebben over het leven. Hij pleit voor een meer oprechte houding ten aan zien van het lot.","formattedEpisodeNumbering":null,"formattedDate":"Zo 21 aug. 2016","formattedDateShort":"Aug. 2016","formattedTime":"16:40","formattedDuration":"11m","formattedAvailabilityWindow":null,"formattedAvailabilityWindowShort":null,"image":{"portraitUrl":null,"landscapeUrl":"https:\/\/images.nlziet.nl\/metadataimportimages\/source\/6349B7345003F99A431784C0172C796956754F5493E60539FCC866913E99B7A5.jpg"},"logo":{"normalUrl":"https:\/\/cdn.nlziet.nl\/static\/assets\/contentproviders\/npo.png","darkUrl":"https:\/\/cdn.nlziet.nl\/static\/assets\/contentproviders\/dark\/npo.png","flatUrl":"https:\/\/cdn.nlziet.nl\/static\/assets\/contentproviders\/flat\/npo.png"},"tags":[],"seriesId":"6t7SFiAmnEOB-25LX_yXzg"},{"id":"Z-GzVlxh0kylIj1jPoCfjQ","type":"Vod","title":"Brainwash","subtitle":"John-Paul Flintoff: Waarde van onze innerlijke criticus","description":"HUMAN - Te lui, te lelijk of niet slim genoeg. Schrijver John-Paul Flintoff wordt af en toe overvallen door zijn eigen, negatieve gedachten. Hij is niet de enige: 'We hebben er allemaal last van, van onze innerlijke criticus. Al proberen we het te negeren, we kunnen dat stemmetje in ons hoofd niet uitschakelen.' Hoe we er wel mee om moeten gaan om zo grip te krijgen op onze gedachten, legt hij uit in Brainwash Talks.","formattedEpisodeNumbering":null,"formattedDate":"Zo 14 aug. 2016","formattedDateShort":"Aug. 2016","formattedTime":"16:40","formattedDuration":"12m","formattedAvailabilityWindow":null,"formattedAvailabilityWindowShort":null,"image":{"portraitUrl":null,"landscapeUrl":"https:\/\/images.nlziet.nl\/metadataimportimages\/source\/C19D8A73D1017D23FAC614C6FA60D6AF825866457BE4D666C679D7DC5E58465B.jpg"},"logo":{"normalUrl":"https:\/\/cdn.nlziet.nl\/static\/assets\/contentproviders\/npo.png","darkUrl":"https:\/\/cdn.nlziet.nl\/static\/assets\/contentproviders\/dark\/npo.png","flatUrl":"https:\/\/cdn.nlziet.nl\/static\/assets\/contentproviders\/flat\/npo.png"},"tags":[],"seriesId":"6t7SFiAmnEOB-25LX_yXzg"},{"id":"7h2q0147tUSKe2mUwbtXEw","type":"Vod","title":"Brainwash","subtitle":"Oliver Burkeman: Waarde van ineffici\u00ebntie","description":"HUMAN - Journalist Oliver Burkeman worstelde met stress en drukte in zijn leven, en zag de oplossing in meer effici\u00ebntie. \u201cIk zou bijvoorbeeld heel effici\u00ebnt worden met mijn e-mail. Ik zou voor inbox zero gaan, voor een lege, opgeruimde mailbox. Maar toen ik dat deed, kwam ik wonderbaarlijk genoeg alleen maar meer in de problemen\u201d. Die ervaring rijker breekt hij nu in Brainwash Talks juist een lans voor ineffici\u00ebntie.","formattedEpisodeNumbering":null,"formattedDate":"Zo 7 aug. 2016","formattedDateShort":"Aug. 2016","formattedTime":"16:35","formattedDuration":"11m","formattedAvailabilityWindow":null,"formattedAvailabilityWindowShort":null,"image":{"portraitUrl":null,"landscapeUrl":"https:\/\/images.nlziet.nl\/metadataimportimages\/source\/66135555886B8A0BE3B75706815A7223814EFC81B67125FD18AA7C3E9A052F87.jpg"},"logo":{"normalUrl":"https:\/\/cdn.nlziet.nl\/static\/assets\/contentproviders\/npo.png","darkUrl":"https:\/\/cdn.nlziet.nl\/static\/assets\/contentproviders\/dark\/npo.png","flatUrl":"https:\/\/cdn.nlziet.nl\/static\/assets\/contentproviders\/flat\/npo.png"},"tags":[],"seriesId":"6t7SFiAmnEOB-25LX_yXzg"},{"id":"zugT6kwsw02xW7tZlouSyw","type":"Vod","title":"Brainwash","subtitle":"Philipp Blom: Waarde van tegen jezelf indenken","description":"HUMAN - Schrijver Philipp Blom wil grip krijgen op het leven, zonder zich achter halve waarheden te verschansen. Hij houdt zichzelf tegen het licht: 'Wij zijn allemaal kinderen van onze omgeving, van onze klasse, van onze biografie. Niemand leert ons om tegen onszelf in te denken.'","formattedEpisodeNumbering":null,"formattedDate":"Zo 31 jul. 2016","formattedDateShort":"Jul. 2016","formattedTime":"16:35","formattedDuration":"12m","formattedAvailabilityWindow":null,"formattedAvailabilityWindowShort":null,"image":{"portraitUrl":null,"landscapeUrl":"https:\/\/images.nlziet.nl\/metadataimportimages\/source\/7D4F2B954D93138DCDE6FF2821A4496A7B5BE034A585151F98CDA36C97B4BF08.jpg"},"logo":{"normalUrl":"https:\/\/cdn.nlziet.nl\/static\/assets\/contentproviders\/npo.png","darkUrl":"https:\/\/cdn.nlziet.nl\/static\/assets\/contentproviders\/dark\/npo.png","flatUrl":"https:\/\/cdn.nlziet.nl\/static\/assets\/contentproviders\/flat\/npo.png"},"tags":[],"seriesId":"6t7SFiAmnEOB-25LX_yXzg"},{"id":"xbYmlQb1BEieykxJngAbzA","type":"Vod","title":"Brainwash","subtitle":"David Hand: Waarde van onwaarschijnlijkheid","description":"HUMAN - 'Geluk, Fortuna, lot, mazzel, risico, gevaar, waarschijnlijkheid, onvoorspelbaarheid, neiging, verrassing, en het onverwachte... We kennen zoveel verschillende woorden voor het begrip kans, dat het kennelijk een erg belangrijk begrip voor ons is.' Statisticus David Hand onderzoekt of er een patroon te vinden is in de toevalligheden en wonderen in ons leven.","formattedEpisodeNumbering":null,"formattedDate":"Zo 24 jul. 2016","formattedDateShort":"Jul. 2016","formattedTime":"16:35","formattedDuration":"12m","formattedAvailabilityWindow":null,"formattedAvailabilityWindowShort":null,"image":{"portraitUrl":null,"landscapeUrl":"https:\/\/images.nlziet.nl\/metadataimportimages\/source\/F1B3E67D0B328846B36BEBF4FE24CE70FB6A43B70B9474918E2DA0C82334C463.jpg"},"logo":{"normalUrl":"https:\/\/cdn.nlziet.nl\/static\/assets\/contentproviders\/npo.png","darkUrl":"https:\/\/cdn.nlziet.nl\/static\/assets\/contentproviders\/dark\/npo.png","flatUrl":"https:\/\/cdn.nlziet.nl\/static\/assets\/contentproviders\/flat\/npo.png"},"tags":[],"seriesId":"6t7SFiAmnEOB-25LX_yXzg"},{"id":"rcu2MLZwoUWSU4a2iOnQeA","type":"Vod","title":"Brainwash","subtitle":"Farid Tabarki: Waarde van luisteren","description":"HUMAN - Volgens trendwatcher Farid Tabarki staan we aan de vooravond van grote maatschappelijke veranderingen. Hij gaat op zoek naar die ene eigenschap, noodzakelijk om het hoofd boven water te houden. 'Steeds vaker zijn wij aan zet. Wij als individu hebben de mogelijkheden gekregen, die vroeger alleen aan de elite waren voorbehouden. We kunnen tegenwoordig steeds meer zelf.'","formattedEpisodeNumbering":null,"formattedDate":"Zo 17 jul. 2016","formattedDateShort":"Jul. 2016","formattedTime":"16:35","formattedDuration":"12m","formattedAvailabilityWindow":null,"formattedAvailabilityWindowShort":null,"image":{"portraitUrl":null,"landscapeUrl":"https:\/\/images.nlziet.nl\/metadataimportimages\/source\/DDAACB86477307C7D4B1E80189EB26D5346990BB605D5C81B00E7068B3F3C1AE.jpg"},"logo":{"normalUrl":"https:\/\/cdn.nlziet.nl\/static\/assets\/contentproviders\/npo.png","darkUrl":"https:\/\/cdn.nlziet.nl\/static\/assets\/contentproviders\/dark\/npo.png","flatUrl":"https:\/\/cdn.nlziet.nl\/static\/assets\/contentproviders\/flat\/npo.png"},"tags":[],"seriesId":"6t7SFiAmnEOB-25LX_yXzg"},{"id":"gvbjEDMs8kOBNwtQEL0a3A","type":"Vod","title":"Brainwash","subtitle":"Soundos El Ahmadi: Waarde van onderdrukking","description":"HUMAN - Stand-upcomedian Soundos El Ahmadi worstelt met de begrippen vrijheid en onderdrukking. Hoeveel onderdrukking is noodzakelijk om vrij te zijn? In Brainwash Talks gaat ze op zoek naar een antwoord. 'Als je niet sterk genoeg bent, dan heb je sturing nodig. Sommige mensen vinden dat ook heel lekker: 'Geef mij maar de regels, leg mij maar van alles op, dan hoef ik zelf niet na te denken'.' Brainwash is een multidisciplinair denkfestival waarin verschillende culturele en wetenschappelijke disciplines elkaar tegenkomen. De meest verrassende en invloedrijke denkers uit binnen- en buitenland formuleren samen met het publiek nieuwe idee\u00ebn voor de grootste persoonlijke en maatschappelijke vraagstukken van deze tijd.","formattedEpisodeNumbering":null,"formattedDate":"Zo 3 jul. 2016","formattedDateShort":"Jul. 2016","formattedTime":"16:40","formattedDuration":"10m","formattedAvailabilityWindow":null,"formattedAvailabilityWindowShort":null,"image":{"portraitUrl":null,"landscapeUrl":"https:\/\/images.nlziet.nl\/metadataimportimages\/source\/33E25AEF9B2EB74FF3843F9E6445AF978978C2888CDB3E01D3E04BB3EECD54F3.jpg"},"logo":{"normalUrl":"https:\/\/cdn.nlziet.nl\/static\/assets\/contentproviders\/npo.png","darkUrl":"https:\/\/cdn.nlziet.nl\/static\/assets\/contentproviders\/dark\/npo.png","flatUrl":"https:\/\/cdn.nlziet.nl\/static\/assets\/contentproviders\/flat\/npo.png"},"tags":[],"seriesId":"6t7SFiAmnEOB-25LX_yXzg"},{"id":"r2UNJcipbEKdbCyDzxu8lA","type":"Vod","title":"Brainwash","subtitle":"Jan Jaap van der Wal: De waarde van migratie","description":"HUMAN - Eind vorig jaar besloot cabaretier Jan Jaap van der Wal zijn koffers te pakken en naar Belgi\u00eb, naar Antwerpen te vertrekken. Inmiddels kan hij het iedereen aanbevelen: 'oprotten naar een ander land.'\nIn Brainwash Talks een verfrissend verhaal over migratie. 'Migratie levert een nieuwe situatie op, een situatie waar we allemaal voor moeten werken, moeite voor moeten doen. Maar daartoe zijn we niet meer bereid. We staan niet meer open voor verandering. We vinden allemaal dat onze ouders en grootouders zo hard gewerkt hebben voor onze vrijheid, dat wij helemaal niets meer hoeven te doen.'","formattedEpisodeNumbering":null,"formattedDate":"Zo 1 mei. 2016","formattedDateShort":"Mei. 2016","formattedTime":"16:05","formattedDuration":"13m","formattedAvailabilityWindow":null,"formattedAvailabilityWindowShort":null,"image":{"portraitUrl":null,"landscapeUrl":"https:\/\/images.nlziet.nl\/metadataimportimages\/source\/492B28E3387A72B9595A99CC4F393D78DCEA53ABD327AC1DB273E9E81FB93FFD.jpg"},"logo":{"normalUrl":"https:\/\/cdn.nlziet.nl\/static\/assets\/contentproviders\/npo.png","darkUrl":"https:\/\/cdn.nlziet.nl\/static\/assets\/contentproviders\/dark\/npo.png","flatUrl":"https:\/\/cdn.nlziet.nl\/static\/assets\/contentproviders\/flat\/npo.png"},"tags":[],"seriesId":"6t7SFiAmnEOB-25LX_yXzg"},{"id":"Hd8WPANWcEGzngW1d1a_wA","type":"Vod","title":"Brainwash","subtitle":"Karim Benammar: De waarde van geld","description":"HUMAN - Filosoof Karim Benammar werd door de economische crisis aan het denken gezet. Welke plek neemt geld in in ons leven? Wat is de waarde van geld? Hij ontdekte dat geld behalve een ruilmiddel vooral een idee is. \"Met geld geven we de wereld vorm. Met geld hebben we een wereld gecre\u00eberd waarin we ons comfortabel voelen, waarin we zeker zijn, waarin we kunnen kiezen wat we met ons leven doen. Geld maakt dat mogelijk. Geld is een sociale technologie. Dat maakt het filosofisch interessant. Tegelijk heeft geld een donkere zijde: uitbuiten en milieuvervuiling, bijvoorbeeld.\"\nIn Brainwash Talks gaat Benammar op zoek naar een geldsysteem zonder schaduwkant: \"We kunnen zelf kiezen waar we waarde aan hechten, bijvoorbeeld door onze consumptie.\"","formattedEpisodeNumbering":null,"formattedDate":"Zo 24 apr. 2016","formattedDateShort":"Apr. 2016","formattedTime":"16:05","formattedDuration":"13m","formattedAvailabilityWindow":null,"formattedAvailabilityWindowShort":null,"image":{"portraitUrl":null,"landscapeUrl":"https:\/\/images.nlziet.nl\/metadataimportimages\/source\/677149BE2C15CD14894D871E59E9E8FFBAEB77233CCC9BCF9B3F266026070DA7.jpg"},"logo":{"normalUrl":"https:\/\/cdn.nlziet.nl\/static\/assets\/contentproviders\/npo.png","darkUrl":"https:\/\/cdn.nlziet.nl\/static\/assets\/contentproviders\/dark\/npo.png","flatUrl":"https:\/\/cdn.nlziet.nl\/static\/assets\/contentproviders\/flat\/npo.png"},"tags":[],"seriesId":"6t7SFiAmnEOB-25LX_yXzg"},{"id":"bcNRHYsGQkCTVzbIJIHXlA","type":"Vod","title":"Brainwash","subtitle":"John Gray: De waarde van vrijheid","description":"HUMAN - Vrijheid. Voor veel mensen is het de belangrijkste voorwaarde voor een goed leven. Ook de prominente Britse filosoof John Gray ziet het belang van vrijheid, maar plaatst op uitnodiging van Jan Jaap van der Wal een aantal kritische kanttekeningen. In zijn Brainwash Talk legt Gray uit hoe we het begrip wel moeten zien: \"De hoogste vrijheid is de mogelijkheid om niet vrij te zijn.\"","formattedEpisodeNumbering":null,"formattedDate":"Zo 17 apr. 2016","formattedDateShort":"Apr. 2016","formattedTime":"16:05","formattedDuration":"12m","formattedAvailabilityWindow":null,"formattedAvailabilityWindowShort":null,"image":{"portraitUrl":null,"landscapeUrl":"https:\/\/images.nlziet.nl\/metadataimportimages\/source\/7E51DCDD15EA074BD3DE6438BF3D48331AA93BD7055182FFD7853C1D0808F47E.jpg"},"logo":{"normalUrl":"https:\/\/cdn.nlziet.nl\/static\/assets\/contentproviders\/npo.png","darkUrl":"https:\/\/cdn.nlziet.nl\/static\/assets\/contentproviders\/dark\/npo.png","flatUrl":"https:\/\/cdn.nlziet.nl\/static\/assets\/contentproviders\/flat\/npo.png"},"tags":[],"seriesId":"6t7SFiAmnEOB-25LX_yXzg"},{"id":"5VJFb987X0aRMV7PjrKJrA","type":"Vod","title":"Brainwash","subtitle":"Stine Jensen: De waarde van bewust leven","description":"HUMAN - Een aantal jaar geleden ging filosoof Stine Jensen door haar rug. Door dit ongeval aan de bank gebonden, overzag ze de gejaagdheid van haar leven. Drie banen, bij elkaar een zestigurige werkweek, en een jonge dochter. 'Ik holde van hot naar her, natuurlijk was ik door mijn rug gegaan.' Ze besloot dat er iets moest veranderen en kwam terecht bij een Amerikaanse goeroe. 'Hij zei dat ik weer moest gaan ademen. Dat ik moest leren ademen.' Een ervaring rijker breekt Stine in haar Brainwash Talk een lans voor ademhaling, bewustwording en yoga.","formattedEpisodeNumbering":null,"formattedDate":"Zo 10 apr. 2016","formattedDateShort":"Apr. 2016","formattedTime":"16:05","formattedDuration":"12m","formattedAvailabilityWindow":null,"formattedAvailabilityWindowShort":null,"image":{"portraitUrl":null,"landscapeUrl":"https:\/\/images.nlziet.nl\/metadataimportimages\/source\/CA66B4D510794FF5D003E22DBDA23716F9B54F6A1C65516911E85909F6B4DBAE.jpg"},"logo":{"normalUrl":"https:\/\/cdn.nlziet.nl\/static\/assets\/contentproviders\/npo.png","darkUrl":"https:\/\/cdn.nlziet.nl\/static\/assets\/contentproviders\/dark\/npo.png","flatUrl":"https:\/\/cdn.nlziet.nl\/static\/assets\/contentproviders\/flat\/npo.png"},"tags":[],"seriesId":"6t7SFiAmnEOB-25LX_yXzg"},{"id":"Qp_Hq5cpnUa9_0S0vMUj-w","type":"Vod","title":"Brainwash","subtitle":"Johan Fretz: De waarde van tegenstrijdigheid","description":"HUMAN - Hij presenteerde zich als de eerste Surinaams-Nederlandse minister-president van het land en gooit zichzelf nu opnieuw in de strijd. Op uitnodiging van Jan Jaap van der Wal spreekt cabaretier, schrijver en zanger Johan Fretz over de waarde van tegenstrijdigheid. Want door die tegenstrijdigheid, door het verschil tussen mensen te omarmen, is er weer ruimte voor verzoening.","formattedEpisodeNumbering":null,"formattedDate":"Zo 3 apr. 2016","formattedDateShort":"Apr. 2016","formattedTime":"17:00","formattedDuration":"12m","formattedAvailabilityWindow":null,"formattedAvailabilityWindowShort":null,"image":{"portraitUrl":null,"landscapeUrl":"https:\/\/images.nlziet.nl\/metadataimportimages\/source\/91612AD7E899FC41F1FC5434DF8F697295F687C243AF8F2C01949C10A2D44D09.jpg"},"logo":{"normalUrl":"https:\/\/cdn.nlziet.nl\/static\/assets\/contentproviders\/npo.png","darkUrl":"https:\/\/cdn.nlziet.nl\/static\/assets\/contentproviders\/dark\/npo.png","flatUrl":"https:\/\/cdn.nlziet.nl\/static\/assets\/contentproviders\/flat\/npo.png"},"tags":[],"seriesId":"6t7SFiAmnEOB-25LX_yXzg"}]