[{"id":"fs6fdo2Rq0CGItwjkz7IEQ","type":"Vod","title":"EO Metterdaad","subtitle":"Isra\u00ebl","description":"EO - Hila is zeventien en houdt van zingen, hiphopdansen en fietsen. Dat klinkt als een doorsnee meid. Het grote verschil is alleen dat Hila haar hobby's niet meer kan uitoefenen. Tijdens het fietsen werd ze geschept door een auto, waardoor ze ernstig hersenletsel opliep en in coma raakte. Ze kon niet eens meer met haar familie en vrienden praten. In de zorginstelling Aleh, waar Hila woont, hebben ze een nieuwe speciale computer. Ze kan 'praten' door haar ogen naar de juiste letter op het scherm te bewegen. De hulpverlener vertelt trots: 'Gisteren heeft ze dat voor het eerst gebruikt en het eerste woord was papa.' Haar vader glundert bij het weerzien van zijn mooie meid. De situatie raakt hem en is pijnlijk, maar de nieuwe mogelijkheid tot communicatie maakt hem blij. Hij hoopt op verdere ontwikkeling. 'We geven de moed niet op met Hila. Hila is een vechter.'","formattedEpisodeNumbering":null,"formattedDate":"Do 10 mei. 2018","formattedDateShort":"Mei. 2018","formattedTime":"10:45","formattedDuration":"7m","formattedAvailabilityWindow":null,"formattedAvailabilityWindowShort":null,"image":{"portraitUrl":null,"landscapeUrl":"https:\/\/images.nlziet.nl\/metadataimportimages\/source\/95B4F20F2648D915B16F350FE87DB73ED4C9F0A34C8DC926D452D9C00CA6FF05.jpg"},"logo":{"normalUrl":"https:\/\/cdn.nlziet.nl\/static\/assets\/contentproviders\/npo.png","darkUrl":"https:\/\/cdn.nlziet.nl\/static\/assets\/contentproviders\/dark\/npo.png","flatUrl":"https:\/\/cdn.nlziet.nl\/static\/assets\/contentproviders\/flat\/npo.png"},"tags":[],"seriesId":"67IaRe4ka0e8Pr-f7Cjp1w"},{"id":"kP702KEkXEyUjOetlTE_kw","type":"Vod","title":"EO Metterdaad","subtitle":"Isra\u00ebl","description":"EO - We nemen alvast een voorschot op de Isra\u00ebl-week van volgende week en zoomt in op een vader en zoon die samen voor de Klaagmuur staan. Shmuel stopt het briefje met de vraag om gezondheid en voorspoed in de muur. Zijn zoon, Chaim, probeert hem te helpen, maar zijn hand valt al snel naar beneden.","formattedEpisodeNumbering":null,"formattedDate":"Zo 6 mei. 2018","formattedDateShort":"Mei. 2018","formattedTime":"10:05","formattedDuration":"7m","formattedAvailabilityWindow":null,"formattedAvailabilityWindowShort":null,"image":{"portraitUrl":null,"landscapeUrl":"https:\/\/images.nlziet.nl\/metadataimportimages\/source\/8FAD48FE31AB0854C9FB1F5EB18F3542BA746EDEE2BAABE36BB1FB5DB0EE0C18.jpg"},"logo":{"normalUrl":"https:\/\/cdn.nlziet.nl\/static\/assets\/contentproviders\/npo.png","darkUrl":"https:\/\/cdn.nlziet.nl\/static\/assets\/contentproviders\/dark\/npo.png","flatUrl":"https:\/\/cdn.nlziet.nl\/static\/assets\/contentproviders\/flat\/npo.png"},"tags":[],"seriesId":"67IaRe4ka0e8Pr-f7Cjp1w"}]