[{"id":"DHwPt2eNFU6K-fgobceenA","type":"Vod","title":"Zappsport","subtitle":"Zappsport compilatie","description":"AVROTROS - Kindersportprogramma waarin alle takken van sport voorbijkomen. In het onderdeel The Battle strijden de jongens tegen de meiden in een bepaalde sport. Ron staat in dit onderdeel tegenover de bloedfanatieke 'teamcaptain' Naomi van As. Kinderen met een sportprobleem krijgen hulp van een beroemde topsporter in de Hellup, de vetste trucs worden uitgelegd in The Move en er zijn regelmatig specials te zien rondom grote sporttoernooien.","formattedEpisodeNumbering":null,"formattedDate":"Zo 27 dec. 2015","formattedDateShort":"Dec. 2015","formattedTime":"17:00","formattedDuration":"24m","formattedAvailabilityWindow":null,"formattedAvailabilityWindowShort":null,"image":{"portraitUrl":null,"landscapeUrl":"https:\/\/images.nlziet.nl\/metadataimportimages\/source\/A48B675D9268C1F5E87CAEE900C91D29A03445D9DB8EBAB5975C4C5DDD55793A.jpg"},"logo":{"normalUrl":"https:\/\/cdn.nlziet.nl\/static\/assets\/contentproviders\/npo.png","darkUrl":"https:\/\/cdn.nlziet.nl\/static\/assets\/contentproviders\/dark\/npo.png","flatUrl":"https:\/\/cdn.nlziet.nl\/static\/assets\/contentproviders\/flat\/npo.png"},"tags":[],"seriesId":"7QrOqPrilEGeM3pgWB1w1A"},{"id":"Nfib-f_8o0-sXPG9RCGnxA","type":"Vod","title":"Zappsport","subtitle":"Zappsport compilatie","description":"AVROTROS - Kindersportprogramma waarin alle takken van sport voorbijkomen. In het onderdeel The Battle strijden de jongens tegen de meiden in een bepaalde sport. Ron staat in dit onderdeel tegenover de bloedfanatieke 'teamcaptain' Naomi van As. Kinderen met een sportprobleem krijgen hulp van een beroemde topsporter in de Hellup, de vetste trucs worden uitgelegd in The Move en er zijn regelmatig specials te zien rondom grote sporttoernooien.","formattedEpisodeNumbering":null,"formattedDate":"Zo 20 dec. 2015","formattedDateShort":"Dec. 2015","formattedTime":"17:10","formattedDuration":"25m","formattedAvailabilityWindow":null,"formattedAvailabilityWindowShort":null,"image":{"portraitUrl":null,"landscapeUrl":"https:\/\/images.nlziet.nl\/metadataimportimages\/source\/94D8FAC2E06FE6A9718981618ADB2C57F3AEE4FF60C80115D1F0A4C313C6816A.jpg"},"logo":{"normalUrl":"https:\/\/cdn.nlziet.nl\/static\/assets\/contentproviders\/npo.png","darkUrl":"https:\/\/cdn.nlziet.nl\/static\/assets\/contentproviders\/dark\/npo.png","flatUrl":"https:\/\/cdn.nlziet.nl\/static\/assets\/contentproviders\/flat\/npo.png"},"tags":[],"seriesId":"7QrOqPrilEGeM3pgWB1w1A"},{"id":"AgNVCej3TkOQHR9N39J_ug","type":"Vod","title":"Zappsport","subtitle":"Zappsport compilatie","description":"AVROTROS - Kindersportprogramma waarin alle takken van sport voorbijkomen. In het onderdeel The Battle strijden de jongens tegen de meiden in een bepaalde sport. Ron staat in dit onderdeel tegenover de bloedfanatieke 'teamcaptain' Naomi van As. Kinderen met een sportprobleem krijgen hulp van een beroemde topsporter in de Hellup, de vetste trucs worden uitgelegd in The Move en er zijn regelmatig specials te zien rondom grote sporttoernooien.","formattedEpisodeNumbering":null,"formattedDate":"Zo 13 dec. 2015","formattedDateShort":"Dec. 2015","formattedTime":"16:55","formattedDuration":"25m","formattedAvailabilityWindow":null,"formattedAvailabilityWindowShort":null,"image":{"portraitUrl":null,"landscapeUrl":"https:\/\/images.nlziet.nl\/metadataimportimages\/source\/198F033FD072F822BFC1697AB570FBC02DAED19903A192385D6B31BB85E4C0C2.jpg"},"logo":{"normalUrl":"https:\/\/cdn.nlziet.nl\/static\/assets\/contentproviders\/npo.png","darkUrl":"https:\/\/cdn.nlziet.nl\/static\/assets\/contentproviders\/dark\/npo.png","flatUrl":"https:\/\/cdn.nlziet.nl\/static\/assets\/contentproviders\/flat\/npo.png"},"tags":[],"seriesId":"7QrOqPrilEGeM3pgWB1w1A"},{"id":"H3BRNU0DwkWOY-Gane9JoA","type":"Vod","title":"Zappsport","subtitle":"Zappsport compilatie","description":"AVROTROS - Kindersportprogramma waarin alle takken van sport voorbijkomen. In het onderdeel The Battle strijden de jongens tegen de meiden in een bepaalde sport. Ron staat in dit onderdeel tegenover de bloedfanatieke 'teamcaptain' Naomi van As. Kinderen met een sportprobleem krijgen hulp van een beroemde topsporter in de Hellup, de vetste trucs worden uitgelegd in The Move en er zijn regelmatig specials te zien rondom grote sporttoernooien.","formattedEpisodeNumbering":null,"formattedDate":"Zo 6 dec. 2015","formattedDateShort":"Dec. 2015","formattedTime":"16:55","formattedDuration":"19m","formattedAvailabilityWindow":null,"formattedAvailabilityWindowShort":null,"image":{"portraitUrl":null,"landscapeUrl":"https:\/\/images.nlziet.nl\/metadataimportimages\/source\/FF28B95FC5626BD966A35BB9EE5AAE62708E975D5EB1AEB0CF16909279569E40.jpg"},"logo":{"normalUrl":"https:\/\/cdn.nlziet.nl\/static\/assets\/contentproviders\/npo.png","darkUrl":"https:\/\/cdn.nlziet.nl\/static\/assets\/contentproviders\/dark\/npo.png","flatUrl":"https:\/\/cdn.nlziet.nl\/static\/assets\/contentproviders\/flat\/npo.png"},"tags":[],"seriesId":"7QrOqPrilEGeM3pgWB1w1A"},{"id":"x3Uk13EgAk2TtqpaNpklyQ","type":"Vod","title":"Zappsport","subtitle":"Zappsport compilatie","description":"AVROTROS - Kindersportprogramma waarin alle takken van sport voorbijkomen. In het onderdeel The Battle strijden de jongens tegen de meiden in een bepaalde sport. Ron staat in dit onderdeel tegenover de bloedfanatieke 'teamcaptain' Naomi van As. Kinderen met een sportprobleem krijgen hulp van een beroemde topsporter in de Hellup, de vetste trucs worden uitgelegd in The Move en er zijn regelmatig specials te zien rondom grote sporttoernooien.","formattedEpisodeNumbering":null,"formattedDate":"Zo 29 nov. 2015","formattedDateShort":"Nov. 2015","formattedTime":"17:05","formattedDuration":"25m","formattedAvailabilityWindow":null,"formattedAvailabilityWindowShort":null,"image":{"portraitUrl":null,"landscapeUrl":"https:\/\/images.nlziet.nl\/metadataimportimages\/source\/E0F82370402B48D9ABAE7BC71740007F5669E5D5E04908A133104E34992275EF.jpg"},"logo":{"normalUrl":"https:\/\/cdn.nlziet.nl\/static\/assets\/contentproviders\/npo.png","darkUrl":"https:\/\/cdn.nlziet.nl\/static\/assets\/contentproviders\/dark\/npo.png","flatUrl":"https:\/\/cdn.nlziet.nl\/static\/assets\/contentproviders\/flat\/npo.png"},"tags":[],"seriesId":"7QrOqPrilEGeM3pgWB1w1A"},{"id":"51VOGk6_h0eXvzUeEiDbvA","type":"Vod","title":"Zappsport","subtitle":"Zappsport compilatie","description":"AVROTROS - Kindersportprogramma waarin alle takken van sport voorbijkomen. In het onderdeel The Battle strijden de jongens tegen de meiden in een bepaalde sport. Ron staat in dit onderdeel tegenover de bloedfanatieke 'teamcaptain' Naomi van As. Kinderen met een sportprobleem krijgen hulp van een beroemde topsporter in de Hellup, de vetste trucs worden uitgelegd in The Move en er zijn regelmatig specials te zien rondom grote sporttoernooien.","formattedEpisodeNumbering":null,"formattedDate":"Zo 22 nov. 2015","formattedDateShort":"Nov. 2015","formattedTime":"17:10","formattedDuration":"19m","formattedAvailabilityWindow":null,"formattedAvailabilityWindowShort":null,"image":{"portraitUrl":null,"landscapeUrl":"https:\/\/images.nlziet.nl\/metadataimportimages\/source\/8B4D7FB11598D0399CFF4B6281B1E78D284CCDE08EBA26A2A315F96A1F6BD9BB.jpg"},"logo":{"normalUrl":"https:\/\/cdn.nlziet.nl\/static\/assets\/contentproviders\/npo.png","darkUrl":"https:\/\/cdn.nlziet.nl\/static\/assets\/contentproviders\/dark\/npo.png","flatUrl":"https:\/\/cdn.nlziet.nl\/static\/assets\/contentproviders\/flat\/npo.png"},"tags":[],"seriesId":"7QrOqPrilEGeM3pgWB1w1A"},{"id":"Tcl0n_BnKEW2r6riseAo6g","type":"Vod","title":"Zappsport","subtitle":"Zappsport compilatie","description":"AVROTROS - In het onderdeel The Battle strijden de jongens tegen de meiden in een bepaalde sport. Ron staat in dit onderdeel tegenover de bloedfanatieke 'teamcaptain' Naomi van As. Kinderen met een sportprobleem krijgen hulp van een beroemde topsporter in de Hellup, de vetste trucs worden uitgelegd in The Move en er zijn regelmatig specials te zien rondom grote sporttoernooien.","formattedEpisodeNumbering":null,"formattedDate":"Zo 15 nov. 2015","formattedDateShort":"Nov. 2015","formattedTime":"17:05","formattedDuration":"25m","formattedAvailabilityWindow":null,"formattedAvailabilityWindowShort":null,"image":{"portraitUrl":null,"landscapeUrl":"https:\/\/images.nlziet.nl\/metadataimportimages\/source\/5DDDDDD45DE9BB33055FDC47E4E274CA2BCE49271E8CF20517829FECA47F1A05.jpg"},"logo":{"normalUrl":"https:\/\/cdn.nlziet.nl\/static\/assets\/contentproviders\/npo.png","darkUrl":"https:\/\/cdn.nlziet.nl\/static\/assets\/contentproviders\/dark\/npo.png","flatUrl":"https:\/\/cdn.nlziet.nl\/static\/assets\/contentproviders\/flat\/npo.png"},"tags":[],"seriesId":"7QrOqPrilEGeM3pgWB1w1A"},{"id":"rwH5rVGVwEyRAwO0MV0ZDQ","type":"Vod","title":"Zappsport","subtitle":"Zappsport compilatie","description":"AVROTROS - Kindersportprogramma waarin alle takken van sport voorbijkomen. In het onderdeel The Battle strijden de jongens tegen de meiden in een bepaalde sport. Ron staat in dit onderdeel tegenover de bloedfanatieke 'teamcaptain' Naomi van As. Kinderen met een sportprobleem krijgen hulp van een beroemde topsporter in de Hellup, de vetste trucs worden uitgelegd in The Move en er zijn regelmatig specials te zien rondom grote sporttoernooien.","formattedEpisodeNumbering":null,"formattedDate":"Zo 8 nov. 2015","formattedDateShort":"Nov. 2015","formattedTime":"16:55","formattedDuration":"24m","formattedAvailabilityWindow":null,"formattedAvailabilityWindowShort":null,"image":{"portraitUrl":null,"landscapeUrl":"https:\/\/images.nlziet.nl\/metadataimportimages\/source\/8016537C48252D49D7FAEC76C6755F565DCF8CAE1F7B0ACC3971E27E22FF3679.jpg"},"logo":{"normalUrl":"https:\/\/cdn.nlziet.nl\/static\/assets\/contentproviders\/npo.png","darkUrl":"https:\/\/cdn.nlziet.nl\/static\/assets\/contentproviders\/dark\/npo.png","flatUrl":"https:\/\/cdn.nlziet.nl\/static\/assets\/contentproviders\/flat\/npo.png"},"tags":[],"seriesId":"7QrOqPrilEGeM3pgWB1w1A"},{"id":"tXFoa1hd9kaIqtO4VxPRMA","type":"Vod","title":"Zappsport","subtitle":"Zappsport compilatie","description":"AVROTROS - Compilatie van recente Zappsport-items.","formattedEpisodeNumbering":null,"formattedDate":"Zo 1 nov. 2015","formattedDateShort":"Nov. 2015","formattedTime":"17:05","formattedDuration":"20m","formattedAvailabilityWindow":null,"formattedAvailabilityWindowShort":null,"image":{"portraitUrl":null,"landscapeUrl":"https:\/\/images.nlziet.nl\/metadataimportimages\/source\/7752D5A9C252605502761CD53F04986295992196E19C5555AF7B3086535BA59D.jpg"},"logo":{"normalUrl":"https:\/\/cdn.nlziet.nl\/static\/assets\/contentproviders\/npo.png","darkUrl":"https:\/\/cdn.nlziet.nl\/static\/assets\/contentproviders\/dark\/npo.png","flatUrl":"https:\/\/cdn.nlziet.nl\/static\/assets\/contentproviders\/flat\/npo.png"},"tags":[],"seriesId":"7QrOqPrilEGeM3pgWB1w1A"},{"id":"hYBK3RYPQ02JUXT6q9GVdg","type":"Vod","title":"Zappsport","subtitle":"Zappsport compilatie","description":"AVROTROS - Compilatie van recente Zappsport-items.","formattedEpisodeNumbering":null,"formattedDate":"Zo 25 okt. 2015","formattedDateShort":"Okt. 2015","formattedTime":"17:00","formattedDuration":"25m","formattedAvailabilityWindow":null,"formattedAvailabilityWindowShort":null,"image":{"portraitUrl":null,"landscapeUrl":"https:\/\/images.nlziet.nl\/metadataimportimages\/source\/27F382A20DA95039A479A5392CAEED738AD5287440B9877E540DF823913CEF03.jpg"},"logo":{"normalUrl":"https:\/\/cdn.nlziet.nl\/static\/assets\/contentproviders\/npo.png","darkUrl":"https:\/\/cdn.nlziet.nl\/static\/assets\/contentproviders\/dark\/npo.png","flatUrl":"https:\/\/cdn.nlziet.nl\/static\/assets\/contentproviders\/flat\/npo.png"},"tags":[],"seriesId":"7QrOqPrilEGeM3pgWB1w1A"},{"id":"n4aZAtWyok2y8pl7TqahQw","type":"Vod","title":"Zappsport","subtitle":"Zappsport compilatie","description":"AVROTROS - Presentator Ron Boszhard en HockeySTER Naomi van As presenteren het leukste kindersportprogramma van de Nederlandse Televisie. In Zappsport komen alle takken van sport voorbij. In het wekelijkse onderdeel 'The Battle' strijden de jongens tegen de meiden in een bepaalde sport. Ron staat in dit onderdeel tegenover de bloedfanatieke 'teamcaptain' Naomi van As. Kinderen met een sportprobleem krijgen hulp van een beroemde topsporter in de 'Hellup', de vetste trucs worden uitgelegd in 'The Move' en zijn er regelmatig specials te zien rondom grote sporttoernooien.","formattedEpisodeNumbering":null,"formattedDate":"Zo 18 okt. 2015","formattedDateShort":"Okt. 2015","formattedTime":"17:05","formattedDuration":"25m","formattedAvailabilityWindow":null,"formattedAvailabilityWindowShort":null,"image":{"portraitUrl":null,"landscapeUrl":"https:\/\/images.nlziet.nl\/metadataimportimages\/source\/3348101CF0ED5FC5B782C7F414502ABF9BB73349D059EBF107E6A86FA5AA0A7C.jpg"},"logo":{"normalUrl":"https:\/\/cdn.nlziet.nl\/static\/assets\/contentproviders\/npo.png","darkUrl":"https:\/\/cdn.nlziet.nl\/static\/assets\/contentproviders\/dark\/npo.png","flatUrl":"https:\/\/cdn.nlziet.nl\/static\/assets\/contentproviders\/flat\/npo.png"},"tags":[],"seriesId":"7QrOqPrilEGeM3pgWB1w1A"},{"id":"Q79cQap230uLClJ4pxdeZw","type":"Vod","title":"Zappsport","subtitle":"Zappsport compilatie","description":"AVROTROS - Presentator Ron Boszhard en HockeySTER Naomi van As presenteren het leukste kindersportprogramma van de Nederlandse Televisie. In Zappsport komen alle takken van sport voorbij. In het wekelijkse onderdeel 'The Battle' strijden de jongens tegen de meiden in een bepaalde sport. Ron staat in dit onderdeel tegenover de bloedfanatieke 'teamcaptain' Naomi van As. Kinderen met een sportprobleem krijgen hulp van een beroemde topsporter in de 'Hellup', de vetste trucs worden uitgelegd in 'The Move' en zijn er regelmatig specials te zien rondom grote sporttoernooien.","formattedEpisodeNumbering":null,"formattedDate":"Zo 11 okt. 2015","formattedDateShort":"Okt. 2015","formattedTime":"17:05","formattedDuration":"24m","formattedAvailabilityWindow":null,"formattedAvailabilityWindowShort":null,"image":{"portraitUrl":null,"landscapeUrl":"https:\/\/images.nlziet.nl\/metadataimportimages\/source\/7E1C583B9061EAE2366005A5EDECAF66EB25D15D655702E2AC75871CD71FF467.jpg"},"logo":{"normalUrl":"https:\/\/cdn.nlziet.nl\/static\/assets\/contentproviders\/npo.png","darkUrl":"https:\/\/cdn.nlziet.nl\/static\/assets\/contentproviders\/dark\/npo.png","flatUrl":"https:\/\/cdn.nlziet.nl\/static\/assets\/contentproviders\/flat\/npo.png"},"tags":[],"seriesId":"7QrOqPrilEGeM3pgWB1w1A"},{"id":"QJTzu2LYiESUJfB3jiKVng","type":"Vod","title":"Zappsport","subtitle":"Zappsport compilatie","description":"AVROTROS - Presentator Ron Boszhard en HockeySTER Naomi van As presenteren het leukste kindersportprogramma van de Nederlandse Televisie. In Zappsport komen alle takken van sport voorbij. In het wekelijkse onderdeel 'The Battle' strijden de jongens tegen de meiden in een bepaalde sport. Ron staat in dit onderdeel tegenover de bloedfanatieke 'teamcaptain' Naomi van As. Kinderen met een sportprobleem krijgen hulp van een beroemde topsporter in de 'Hellup', de vetste trucs worden uitgelegd in 'The Move' en zijn er regelmatig specials te zien rondom grote sporttoernooien.","formattedEpisodeNumbering":null,"formattedDate":"Zo 4 okt. 2015","formattedDateShort":"Okt. 2015","formattedTime":"17:00","formattedDuration":"25m","formattedAvailabilityWindow":null,"formattedAvailabilityWindowShort":null,"image":{"portraitUrl":null,"landscapeUrl":"https:\/\/images.nlziet.nl\/metadataimportimages\/source\/0C96E04377CD7646E96B1B0884EE4DE705E9F42B24C7E1EFDF78DFD356B9D3DF.jpg"},"logo":{"normalUrl":"https:\/\/cdn.nlziet.nl\/static\/assets\/contentproviders\/npo.png","darkUrl":"https:\/\/cdn.nlziet.nl\/static\/assets\/contentproviders\/dark\/npo.png","flatUrl":"https:\/\/cdn.nlziet.nl\/static\/assets\/contentproviders\/flat\/npo.png"},"tags":[],"seriesId":"7QrOqPrilEGeM3pgWB1w1A"},{"id":"MjG8KS_BcEW4e8DN52wUSA","type":"Vod","title":"Zappsport","subtitle":"Zappsport compilatie","description":"AVROTROS - Presentator Ron Boszhard en HockeySTER Naomi van As presenteren het leukste kindersportprogramma van de Nederlandse Televisie. In Zappsport komen alle takken van sport voorbij. In het wekelijkse onderdeel 'The Battle' strijden de jongens tegen de meiden in een bepaalde sport. Ron staat in dit onderdeel tegenover de bloedfanatieke 'teamcaptain' Naomi van As. Kinderen met een sportprobleem krijgen hulp van een beroemde topsporter in de 'Hellup', de vetste trucs worden uitgelegd in 'The Move' en zijn er regelmatig specials te zien rondom grote sporttoernooien.","formattedEpisodeNumbering":null,"formattedDate":"Zo 27 sep. 2015","formattedDateShort":"Sep. 2015","formattedTime":"17:00","formattedDuration":"24m","formattedAvailabilityWindow":null,"formattedAvailabilityWindowShort":null,"image":{"portraitUrl":null,"landscapeUrl":"https:\/\/images.nlziet.nl\/metadataimportimages\/source\/3EC5194E5506918CD1B35FBB4FFB245EAFAE5B77D0569824C63B393DF7E36780.jpg"},"logo":{"normalUrl":"https:\/\/cdn.nlziet.nl\/static\/assets\/contentproviders\/npo.png","darkUrl":"https:\/\/cdn.nlziet.nl\/static\/assets\/contentproviders\/dark\/npo.png","flatUrl":"https:\/\/cdn.nlziet.nl\/static\/assets\/contentproviders\/flat\/npo.png"},"tags":[],"seriesId":"7QrOqPrilEGeM3pgWB1w1A"},{"id":"BeYFT5Hu3E2g7_A01EyDdA","type":"Vod","title":"Zappsport","subtitle":"Zappsport compilatie","description":"AVROTROS - Presentator Ron Boszhard en HockeySTER Naomi van As presenteren het leukste kindersportprogramma van de Nederlandse Televisie. In Zappsport komen alle takken van sport voorbij. In het wekelijkse onderdeel 'The Battle' strijden de jongens tegen de meiden in een bepaalde sport. Ron staat in dit onderdeel tegenover de bloedfanatieke 'teamcaptain' Naomi van As. Kinderen met een sportprobleem krijgen hulp van een beroemde topsporter in de 'Hellup', de vetste trucs worden uitgelegd in 'The Move' en zijn er regelmatig specials te zien rondom grote sporttoernooien.","formattedEpisodeNumbering":null,"formattedDate":"Zo 20 sep. 2015","formattedDateShort":"Sep. 2015","formattedTime":"17:05","formattedDuration":"25m","formattedAvailabilityWindow":null,"formattedAvailabilityWindowShort":null,"image":{"portraitUrl":null,"landscapeUrl":"https:\/\/images.nlziet.nl\/metadataimportimages\/source\/AF27E4EA063D4CDABA0B322535BF21E73F3456360ACD6CCB39750C1C080E4A4E.jpg"},"logo":{"normalUrl":"https:\/\/cdn.nlziet.nl\/static\/assets\/contentproviders\/npo.png","darkUrl":"https:\/\/cdn.nlziet.nl\/static\/assets\/contentproviders\/dark\/npo.png","flatUrl":"https:\/\/cdn.nlziet.nl\/static\/assets\/contentproviders\/flat\/npo.png"},"tags":[],"seriesId":"7QrOqPrilEGeM3pgWB1w1A"},{"id":"03D-DTtAykeGCZU6XqHLxw","type":"Vod","title":"Zappsport","subtitle":"Zappsport compilatie","description":"AVROTROS - Presentator Ron Boszhard en HockeySTER Naomi van As presenteren het leukste kindersportprogramma van de Nederlandse Televisie. In Zappsport komen alle takken van sport voorbij. In het wekelijkse onderdeel 'The Battle' strijden de jongens tegen de meiden in een bepaalde sport. Ron staat in dit onderdeel tegenover de bloedfanatieke 'teamcaptain' Naomi van As. Kinderen met een sportprobleem krijgen hulp van een beroemde topsporter in de 'Hellup', de vetste trucs worden uitgelegd in 'The Move' en zijn er regelmatig specials te zien rondom grote sporttoernooien.","formattedEpisodeNumbering":null,"formattedDate":"Zo 13 sep. 2015","formattedDateShort":"Sep. 2015","formattedTime":"17:05","formattedDuration":"25m","formattedAvailabilityWindow":null,"formattedAvailabilityWindowShort":null,"image":{"portraitUrl":null,"landscapeUrl":"https:\/\/images.nlziet.nl\/metadataimportimages\/source\/60FC4F8604E05D84188E98B9C1299EB839FE6783C52D93A17B02AA4CB48A9795.jpg"},"logo":{"normalUrl":"https:\/\/cdn.nlziet.nl\/static\/assets\/contentproviders\/npo.png","darkUrl":"https:\/\/cdn.nlziet.nl\/static\/assets\/contentproviders\/dark\/npo.png","flatUrl":"https:\/\/cdn.nlziet.nl\/static\/assets\/contentproviders\/flat\/npo.png"},"tags":[],"seriesId":"7QrOqPrilEGeM3pgWB1w1A"},{"id":"IafWhyrz3UGVqE7TZb6XKQ","type":"Vod","title":"Zappsport","subtitle":"Zappsport compilatie","description":"AVROTROS - Presentator Ron Boszhard en HockeySTER Naomi van As presenteren het leukste kindersportprogramma van de Nederlandse Televisie. In Zappsport komen alle takken van sport voorbij. In het wekelijkse onderdeel 'The Battle' strijden de jongens tegen de meiden in een bepaalde sport. Ron staat in dit onderdeel tegenover de bloedfanatieke 'teamcaptain' Naomi van As. Kinderen met een sportprobleem krijgen hulp van een beroemde topsporter in de 'Hellup', de vetste trucs worden uitgelegd in 'The Move' en zijn er regelmatig specials te zien rondom grote sporttoernooien.","formattedEpisodeNumbering":null,"formattedDate":"Zo 6 sep. 2015","formattedDateShort":"Sep. 2015","formattedTime":"17:00","formattedDuration":"14m","formattedAvailabilityWindow":null,"formattedAvailabilityWindowShort":null,"image":{"portraitUrl":null,"landscapeUrl":"https:\/\/images.nlziet.nl\/metadataimportimages\/source\/53CBDB3740C84506C3FB2345BF5C36CAB79855E029BFF65BD15229DFD941A198.jpg"},"logo":{"normalUrl":"https:\/\/cdn.nlziet.nl\/static\/assets\/contentproviders\/npo.png","darkUrl":"https:\/\/cdn.nlziet.nl\/static\/assets\/contentproviders\/dark\/npo.png","flatUrl":"https:\/\/cdn.nlziet.nl\/static\/assets\/contentproviders\/flat\/npo.png"},"tags":[],"seriesId":"7QrOqPrilEGeM3pgWB1w1A"}]