[{"id":"qAYlEGbhwE2UGL5Xbhh7TQ","type":"Vod","title":"Baptiste","subtitle":"","description":"KRO-NCRV - Emma Chambers is de Britse ambassadeur in Hongarije. Ze heeft in haar priv\u00e9leven een grote tragedie meegemaakt. Wanner zij en haar gezin voor het eerst in tijden op vakantie gaan, voltrekt zich een nieuw drama. Ondertussen kampt rechercheur Julien Baptiste ook met de nodige problemen en komt hij voor een onaangename verrassing te staan.","formattedEpisodeNumbering":"S2:A1","formattedDate":"Do 21 apr.","formattedDateShort":"Do 21 apr.","formattedTime":"11:23","formattedDuration":"56m","formattedAvailabilityWindow":null,"formattedAvailabilityWindowShort":null,"image":{"portraitUrl":null,"landscapeUrl":"https:\/\/images.nlziet.nl\/metadataimportimages\/source\/95FCFF911EC8B1DE0EB0BA44A9D9652CBB6C5F8FCC96DC4371CB0B5952ED4D25.jpg"},"logo":{"normalUrl":"https:\/\/cdn.nlziet.nl\/static\/assets\/contentproviders\/npo.png","darkUrl":"https:\/\/cdn.nlziet.nl\/static\/assets\/contentproviders\/dark\/npo.png","flatUrl":"https:\/\/cdn.nlziet.nl\/static\/assets\/contentproviders\/flat\/npo.png"},"tags":[],"seriesId":"476ccoR1WkGzqjRalirpzw"},{"id":"aKhETNfeIEutUi0_2_0ixA","type":"Vod","title":"Baptiste","subtitle":"","description":"KRO-NCRV - Het is Julien en Zsofia gelukt om de man te vinden met de tatoeage in zijn hals, maar vooralsnog laat hij weinig los waar ze iets aan hebben. De situatie begint explosief te worden wanneer de politie een lugubere videoboodschap in handen krijgt. Ondertussen krijgt Zsofia's vader te maken met racistische jongeren en komt Emma tot een ingrijpende beslissing.","formattedEpisodeNumbering":"S2:A2","formattedDate":"Do 21 apr.","formattedDateShort":"Do 21 apr.","formattedTime":"11:44","formattedDuration":"56m","formattedAvailabilityWindow":null,"formattedAvailabilityWindowShort":null,"image":{"portraitUrl":null,"landscapeUrl":"https:\/\/images.nlziet.nl\/metadataimportimages\/source\/3E09825DD6ACAE648714FC730690AF58AA420E259DD9D1AA34BA0D80E056ECD0.jpg"},"logo":{"normalUrl":"https:\/\/cdn.nlziet.nl\/static\/assets\/contentproviders\/npo.png","darkUrl":"https:\/\/cdn.nlziet.nl\/static\/assets\/contentproviders\/dark\/npo.png","flatUrl":"https:\/\/cdn.nlziet.nl\/static\/assets\/contentproviders\/flat\/npo.png"},"tags":[],"seriesId":"476ccoR1WkGzqjRalirpzw"},{"id":"qqImIOU7UEarOm2dBsWlfg","type":"Vod","title":"Baptiste","subtitle":"","description":"KRO-NCRV - Terwijl nog steeds niet duidelijk is wat de rol van Gomorrah is, vermoedt Julien dat de dood van Alex de aandacht van iets anders moet afleiden. Emma wil koste wat kost achterhalen waar Will is. Het onderzoek spitst zich toe op Kamilla Agoston, een extreemrechtse politica die er een eigen agenda op na lijkt te houden. Julien en Emma doen een schokkende ontdekking.","formattedEpisodeNumbering":"S2:A3","formattedDate":"Do 21 apr.","formattedDateShort":"Do 21 apr.","formattedTime":"12:01","formattedDuration":"54m","formattedAvailabilityWindow":null,"formattedAvailabilityWindowShort":null,"image":{"portraitUrl":null,"landscapeUrl":"https:\/\/images.nlziet.nl\/metadataimportimages\/source\/D69EA3E2D67CF42141A7D213CD4F4F69D43861D8AF166432B093FE5DFE5F5B69.jpg"},"logo":{"normalUrl":"https:\/\/cdn.nlziet.nl\/static\/assets\/contentproviders\/npo.png","darkUrl":"https:\/\/cdn.nlziet.nl\/static\/assets\/contentproviders\/dark\/npo.png","flatUrl":"https:\/\/cdn.nlziet.nl\/static\/assets\/contentproviders\/flat\/npo.png"},"tags":[],"seriesId":"476ccoR1WkGzqjRalirpzw"},{"id":"w1xThShvuEe70DoqpDJlbg","type":"Vod","title":"Baptiste","subtitle":"","description":"KRO-NCRV - In de chaos na de schietpartij vertelt Julien de politie dat er een dader is ontsnapt. Dat hij meer weet dan hij Emma kan zeggen, drukt zwaar op zijn gemoed. Zsofia is wanhopig op zoek naar de moordenaar van haar vader. Julien voelt Kamilla en Michael aan de tand voelt over het Gomorrah-masker.","formattedEpisodeNumbering":"S2:A4","formattedDate":"Do 21 apr.","formattedDateShort":"Do 21 apr.","formattedTime":"12:08","formattedDuration":"57m","formattedAvailabilityWindow":null,"formattedAvailabilityWindowShort":null,"image":{"portraitUrl":null,"landscapeUrl":"https:\/\/images.nlziet.nl\/metadataimportimages\/source\/4259A7F93AF69FF39C7BECEA84E94BBD76FE3E449FA4B5481CB482E01A4A1AF0.jpg"},"logo":{"normalUrl":"https:\/\/cdn.nlziet.nl\/static\/assets\/contentproviders\/npo.png","darkUrl":"https:\/\/cdn.nlziet.nl\/static\/assets\/contentproviders\/dark\/npo.png","flatUrl":"https:\/\/cdn.nlziet.nl\/static\/assets\/contentproviders\/flat\/npo.png"},"tags":[],"seriesId":"476ccoR1WkGzqjRalirpzw"},{"id":"it_Kw5sNxU-wqOHd7H2hWw","type":"Vod","title":"Baptiste","subtitle":"","description":"KRO-NCRV - Nu Will eindelijk is opgedoken, hopen Emma en Julien dat hij hen kan helpen om Gomorrah op te sporen. Ook is nog altijd niet duidelijk wat er veertien maanden geleden precies gebeurd is in de Hongaarse bergen. Will blijkt een geheim met zich mee te dragen. Wanneer Julien een verbijsterende ontdekking doet, begint een race tegen de klok.","formattedEpisodeNumbering":"S2:A5","formattedDate":"Do 21 apr.","formattedDateShort":"Do 21 apr.","formattedTime":"12:30","formattedDuration":"57m","formattedAvailabilityWindow":null,"formattedAvailabilityWindowShort":null,"image":{"portraitUrl":null,"landscapeUrl":"https:\/\/images.nlziet.nl\/metadataimportimages\/source\/9CF9A24BA4926745D10A04143E3F5928F9CAC9BEE0D1E1002E224426DAE28754.jpg"},"logo":{"normalUrl":"https:\/\/cdn.nlziet.nl\/static\/assets\/contentproviders\/npo.png","darkUrl":"https:\/\/cdn.nlziet.nl\/static\/assets\/contentproviders\/dark\/npo.png","flatUrl":"https:\/\/cdn.nlziet.nl\/static\/assets\/contentproviders\/flat\/npo.png"},"tags":[],"seriesId":"476ccoR1WkGzqjRalirpzw"},{"id":"w5tlnlc8JkGqNhllTDGxHA","type":"Vod","title":"Baptiste","subtitle":"","description":"KRO-NCRV - Nu duidelijk is geworden dat Andras Julien en Emma om de tuin geleid heeft, wordt de jacht op Gomorrah pas echt geopend. Emma probeert te begrijpen wat Will beweegt, maar komt niet veel verder. Een nieuwe aanslag lijkt een kwestie van tijd en met hulp van Zsofia zetten Julien en Emma alles op alles om een nieuwe tragedie te voorkomen.","formattedEpisodeNumbering":"S2:A6","formattedDate":"Do 21 apr.","formattedDateShort":"Do 21 apr.","formattedTime":"12:29","formattedDuration":"55m","formattedAvailabilityWindow":null,"formattedAvailabilityWindowShort":null,"image":{"portraitUrl":null,"landscapeUrl":"https:\/\/images.nlziet.nl\/metadataimportimages\/source\/6054BAD5C21DA8FEB3E808A55B4710487BC701DCDDE079417BC7932A41968068.jpg"},"logo":{"normalUrl":"https:\/\/cdn.nlziet.nl\/static\/assets\/contentproviders\/npo.png","darkUrl":"https:\/\/cdn.nlziet.nl\/static\/assets\/contentproviders\/dark\/npo.png","flatUrl":"https:\/\/cdn.nlziet.nl\/static\/assets\/contentproviders\/flat\/npo.png"},"tags":[],"seriesId":"476ccoR1WkGzqjRalirpzw"}]