[{"id":"WzRglCHuj0qEPg-n2JeWAw","type":"Vod","title":"Brainwash","subtitle":"Over Leven Na Corona (2\/2)","description":"HUMAN - Hoe gaat de samenleving veranderen na corona? Welke kansen zijn er en voor welke dilemma's komen we te staan? Marcia Luyten en Damiaan Denys buigen zich met hun gasten over deze en andere vragen. Wat gaat het virus betekenen voor economie en leefomgeving, voor de manier waarop mensen met elkaar omgaan? Wat betekent de coronacrisis voor de plek van Nederland in Europa en in de wereld? Gasten: schrijver Arnon Grunberg, bestuurskundige, filosoof en politicoloog Haroon Sheikh en hoofdeconoom bij ABN AMRO Sandra Phlippen.","formattedEpisodeNumbering":null,"formattedDate":"Zo 14 jun. 2020","formattedDateShort":"Jun. 2020","formattedTime":"19:45","formattedDuration":"52m","formattedAvailabilityWindow":null,"formattedAvailabilityWindowShort":null,"image":{"portraitUrl":null,"landscapeUrl":"https:\/\/images.nlziet.nl\/metadataimportimages\/source\/73A51794F2261F95D13DF65E8CC61AB88CBCBD1B3BC952152C5DB053F147BD5F.jpg"},"logo":{"normalUrl":"https:\/\/cdn.nlziet.nl\/static\/assets\/contentproviders\/npo.png","darkUrl":"https:\/\/cdn.nlziet.nl\/static\/assets\/contentproviders\/dark\/npo.png","flatUrl":"https:\/\/cdn.nlziet.nl\/static\/assets\/contentproviders\/flat\/npo.png"},"tags":[],"seriesId":"6t7SFiAmnEOB-25LX_yXzg"},{"id":"I2t6nEgBwUKCTCTFVhxBqA","type":"Vod","title":"Brainwash","subtitle":"Over Leven Na Corona (1\/2)","description":"HUMAN - Het is tijd voor het herdefini\u00ebren van criteria voor toekomstige welvaart en welzijn. Filosoof en psychiater Damiaan Denys voert samen met opiniemakers een gesprek over de gevolgen van de coronacrisis in de sociale en maatschappelijke context. In deze Brainwash Special, gepresenteerd door Coen Verbraak, de highlights van dit gesprek. Tot februari 2020 was de groei van het bruto nationaal product d\u00e9 leidraad van handelen van overheid, bedrijfsleven en individu. Sindsdien is de beschikbaarheid van het aantal ic-bedden het uitgangspunt van alle beleid. Economen hebben plaatsgemaakt voor medici. Wat zijn de consequenties, persoonlijk en maatschappelijk? En wat zal na economie onze focus voor de toekomst moeten hebben? Met: Damiaan Denys, Barbara Baarsma, Ybo Buruma, Gijs Scholten van Aschat, Rianne Letschert en Louise O. Fresco.","formattedEpisodeNumbering":null,"formattedDate":"Zo 3 mei. 2020","formattedDateShort":"Mei. 2020","formattedTime":"19:20","formattedDuration":"55m","formattedAvailabilityWindow":null,"formattedAvailabilityWindowShort":null,"image":{"portraitUrl":null,"landscapeUrl":"https:\/\/images.nlziet.nl\/metadataimportimages\/source\/141DF0991EB33C98CE22C3E5A8668A3D6D715BD403F3475D6D09F4A1F52057AC.jpg"},"logo":{"normalUrl":"https:\/\/cdn.nlziet.nl\/static\/assets\/contentproviders\/npo.png","darkUrl":"https:\/\/cdn.nlziet.nl\/static\/assets\/contentproviders\/dark\/npo.png","flatUrl":"https:\/\/cdn.nlziet.nl\/static\/assets\/contentproviders\/flat\/npo.png"},"tags":[],"seriesId":"6t7SFiAmnEOB-25LX_yXzg"},{"id":"XX7GqRWYO02zx8mn_FceAA","type":"Vod","title":"Brainwash","subtitle":"Thomas Piketty","description":"HUMAN - Econoom Thomas Piketty spreekt over zijn boek 'Kapitaal en ideologie', waarin hij zijn pijlen richt op de superrijken en laat zien dat de economie geen wetmatigheid is, maar dat markt, winst en kapitaal afhangen van historische keuzes en opvattingen. 'De moderne Karl Marx', die bekend werd door zijn baanbrekende studie naar ongelijkheid, 'Kapitaal in de 21ste eeuw', wordt ook ge\u00efnterviewd door econoom en filosoof Karim Benammar. Registratie van de Brainwash Festival-avond op 27 februari 2020 in Internationaal Theater Amsterdam.","formattedEpisodeNumbering":null,"formattedDate":"Zo 1 mrt. 2020","formattedDateShort":"Mrt. 2020","formattedTime":"11:05","formattedDuration":"49m","formattedAvailabilityWindow":null,"formattedAvailabilityWindowShort":null,"image":{"portraitUrl":null,"landscapeUrl":"https:\/\/images.nlziet.nl\/metadataimportimages\/source\/4E8252B2ED1507C73C66466258267C2E1BA207DAA9714E7D9AB82936C63A84EE.jpg"},"logo":{"normalUrl":"https:\/\/cdn.nlziet.nl\/static\/assets\/contentproviders\/npo.png","darkUrl":"https:\/\/cdn.nlziet.nl\/static\/assets\/contentproviders\/dark\/npo.png","flatUrl":"https:\/\/cdn.nlziet.nl\/static\/assets\/contentproviders\/flat\/npo.png"},"tags":[],"seriesId":"6t7SFiAmnEOB-25LX_yXzg"}]