[{"id":"gHuD-ygHPECIcbtFR_32xw","type":"Vod","title":"De Duurste Huizen Van Groot-Brittanni\u00eb","subtitle":"Afl. 5","description":"RTLZ - Documentaireserie over de makelaars van de Britse makelaardij Sotheby's International Realty. Met aandacht voor de duurste huizen van Groot-Brittanni\u00eb.","formattedEpisodeNumbering":null,"formattedDate":"Wo 14 sep.","formattedDateShort":"Wo 14 sep.","formattedTime":"21:30","formattedDuration":"46m","formattedAvailabilityWindow":null,"formattedAvailabilityWindowShort":null,"image":{"portraitUrl":null,"landscapeUrl":"https:\/\/images.nlziet.nl\/metadataimportimages\/source\/FDE2FBD7D71FB364EE87CBE9FFDB9CFA0071FD587FCE51E5432C1134BFDB8401.jpg"},"logo":{"normalUrl":"https:\/\/cdn.nlziet.nl\/static\/assets\/contentproviders\/rtl.png","darkUrl":"https:\/\/cdn.nlziet.nl\/static\/assets\/contentproviders\/dark\/rtl.png","flatUrl":"https:\/\/cdn.nlziet.nl\/static\/assets\/contentproviders\/flat\/rtl.png"},"tags":[],"seriesId":"4RdXD5LOq0yxzMSNX9pIWw"},{"id":"4cFj08pSa0qAHr26S6DlIw","type":"Vod","title":"De Duurste Huizen Van Groot-Brittanni\u00eb","subtitle":"Afl. 4","description":"RTLZ - Documentaireserie over de makelaars van de Britse makelaardij Sotheby's International Realty. Met aandacht voor de duurste huizen van Groot-Brittanni\u00eb.","formattedEpisodeNumbering":null,"formattedDate":"Wo 14 sep.","formattedDateShort":"Wo 14 sep.","formattedTime":"20:30","formattedDuration":"46m","formattedAvailabilityWindow":null,"formattedAvailabilityWindowShort":null,"image":{"portraitUrl":null,"landscapeUrl":"https:\/\/images.nlziet.nl\/metadataimportimages\/source\/F1EF6FA56D33222AFB4DD57F3DABA2D25924BFF5382B1DD6B2DDD7D1D5D4F094.jpg"},"logo":{"normalUrl":"https:\/\/cdn.nlziet.nl\/static\/assets\/contentproviders\/rtl.png","darkUrl":"https:\/\/cdn.nlziet.nl\/static\/assets\/contentproviders\/dark\/rtl.png","flatUrl":"https:\/\/cdn.nlziet.nl\/static\/assets\/contentproviders\/flat\/rtl.png"},"tags":[],"seriesId":"4RdXD5LOq0yxzMSNX9pIWw"},{"id":"nBiJMqnAr0y0Ev7NDSj1OQ","type":"Vod","title":"De Duurste Huizen Van Groot-Brittanni\u00eb","subtitle":"Afl. 3","description":"RTLZ - Documentaireserie over de makelaars van de Britse makelaardij Sotheby's International Realty. Met aandacht voor de duurste huizen van Groot-Brittanni\u00eb.","formattedEpisodeNumbering":null,"formattedDate":"Wo 7 sep.","formattedDateShort":"Wo 7 sep.","formattedTime":"22:30","formattedDuration":"46m","formattedAvailabilityWindow":null,"formattedAvailabilityWindowShort":null,"image":{"portraitUrl":null,"landscapeUrl":"https:\/\/images.nlziet.nl\/metadataimportimages\/source\/1CB5E53957AA515BC05B0A543ECB2944B2220BD66190127A4648134548E0522D.jpg"},"logo":{"normalUrl":"https:\/\/cdn.nlziet.nl\/static\/assets\/contentproviders\/rtl.png","darkUrl":"https:\/\/cdn.nlziet.nl\/static\/assets\/contentproviders\/dark\/rtl.png","flatUrl":"https:\/\/cdn.nlziet.nl\/static\/assets\/contentproviders\/flat\/rtl.png"},"tags":[],"seriesId":"4RdXD5LOq0yxzMSNX9pIWw"},{"id":"KZYyQxfFvkebfwk-_F7nMw","type":"Vod","title":"De Duurste Huizen Van Groot-Brittanni\u00eb","subtitle":"Afl. 2","description":"RTLZ - Documentaireserie over de makelaars van de Britse makelaardij Sotheby's International Realty. Met aandacht voor de duurste huizen van Groot-Brittanni\u00eb.","formattedEpisodeNumbering":null,"formattedDate":"Wo 7 sep.","formattedDateShort":"Wo 7 sep.","formattedTime":"21:30","formattedDuration":"45m","formattedAvailabilityWindow":null,"formattedAvailabilityWindowShort":null,"image":{"portraitUrl":null,"landscapeUrl":"https:\/\/images.nlziet.nl\/metadataimportimages\/source\/3F4161A8F9F84210FA7071A5DDD238C52A9430E69CDCBB9D39016E328BD92031.jpg"},"logo":{"normalUrl":"https:\/\/cdn.nlziet.nl\/static\/assets\/contentproviders\/rtl.png","darkUrl":"https:\/\/cdn.nlziet.nl\/static\/assets\/contentproviders\/dark\/rtl.png","flatUrl":"https:\/\/cdn.nlziet.nl\/static\/assets\/contentproviders\/flat\/rtl.png"},"tags":[],"seriesId":"4RdXD5LOq0yxzMSNX9pIWw"},{"id":"OHsAxkmC4ka-zh1LithHvw","type":"Vod","title":"De Duurste Huizen Van Groot-Brittanni\u00eb","subtitle":"Afl. 1","description":"RTLZ - Documentaireserie over de makelaars van de Britse makelaardij Sotheby's International Realty. Met aandacht voor de duurste huizen van Groot-Brittanni\u00eb.","formattedEpisodeNumbering":null,"formattedDate":"Wo 7 sep.","formattedDateShort":"Wo 7 sep.","formattedTime":"20:30","formattedDuration":"45m","formattedAvailabilityWindow":null,"formattedAvailabilityWindowShort":null,"image":{"portraitUrl":null,"landscapeUrl":"https:\/\/images.nlziet.nl\/metadataimportimages\/source\/92F415C4C0A179767A8AEE1E5E1ABAF0FEEF849CCD20A1495A11BCE8532E9E67.jpg"},"logo":{"normalUrl":"https:\/\/cdn.nlziet.nl\/static\/assets\/contentproviders\/rtl.png","darkUrl":"https:\/\/cdn.nlziet.nl\/static\/assets\/contentproviders\/dark\/rtl.png","flatUrl":"https:\/\/cdn.nlziet.nl\/static\/assets\/contentproviders\/flat\/rtl.png"},"tags":[],"seriesId":"4RdXD5LOq0yxzMSNX9pIWw"}]