[{"id":"ieNMM788RUavmdoQBDribw","type":"Vod","title":"Idioten Op De Weg","subtitle":"Afl. 35","description":"Realityserie over de meest bizarre en gevaarlijke situaties op de weg. Het gaat regelmatig helemaal mis, doordat niet iedereen zich aan de verkeersregels houdt. Automobilisten leggen met hun eigen camera's de domste acties vast die ooit op het asfalt zijn vertoond. Van een gekantelde vrachtwagen die beide weghelften blokkeert, tot een bestuurder die de kiepwagen een nieuwe invulling geeft.","formattedEpisodeNumbering":null,"formattedDate":"Gisteren","formattedDateShort":"Gisteren","formattedTime":"13:10","formattedDuration":"23m","formattedAvailabilityWindow":null,"formattedAvailabilityWindowShort":null,"image":{"portraitUrl":null,"landscapeUrl":"https:\/\/images.nlziet.nl\/metadataimportimages\/source\/1944B83B1BE4B42163465F7A9C760CEF4B1DC9CCF0FFF33BF1ECC046D380C12E.jpg"},"logo":{"normalUrl":"https:\/\/cdn.nlziet.nl\/static\/assets\/contentproviders\/rtl.png","darkUrl":"https:\/\/cdn.nlziet.nl\/static\/assets\/contentproviders\/dark\/rtl.png","flatUrl":"https:\/\/cdn.nlziet.nl\/static\/assets\/contentproviders\/flat\/rtl.png"},"tags":["NewEpisode"],"seriesId":"63eWIrOz9EuGJ8dwpawNcw"},{"id":"FLCJPa1qP0Swb0bLBO_szg","type":"Vod","title":"Idioten Op De Weg","subtitle":"Afl. 34","description":"Realityserie over de meest bizarre en gevaarlijke situaties op de weg. Het gaat regelmatig helemaal mis, doordat niet iedereen zich aan de verkeersregels houdt. Automobilisten leggen met hun eigen camera's de domste acties vast die ooit op het asfalt zijn vertoond. Van een gekantelde vrachtwagen die beide weghelften blokkeert, tot een bestuurder die de kiepwagen een nieuwe invulling geeft.","formattedEpisodeNumbering":null,"formattedDate":"Gisteren","formattedDateShort":"Gisteren","formattedTime":"12:30","formattedDuration":"23m","formattedAvailabilityWindow":null,"formattedAvailabilityWindowShort":null,"image":{"portraitUrl":null,"landscapeUrl":"https:\/\/images.nlziet.nl\/metadataimportimages\/source\/FCB1987A55CC1352BB9FCECB49F25490ECA18D8A3BBAB62B501F848F6612A6FA.jpg"},"logo":{"normalUrl":"https:\/\/cdn.nlziet.nl\/static\/assets\/contentproviders\/rtl.png","darkUrl":"https:\/\/cdn.nlziet.nl\/static\/assets\/contentproviders\/dark\/rtl.png","flatUrl":"https:\/\/cdn.nlziet.nl\/static\/assets\/contentproviders\/flat\/rtl.png"},"tags":["NewEpisode"],"seriesId":"63eWIrOz9EuGJ8dwpawNcw"},{"id":"KAPpLKcBREiRRUBZth1vrQ","type":"Vod","title":"Idioten Op De Weg","subtitle":"Afl. 33","description":"Realityserie over de meest bizarre en gevaarlijke situaties op de weg. Het gaat regelmatig helemaal mis, doordat niet iedereen zich aan de verkeersregels houdt. Automobilisten leggen met hun eigen camera's de domste acties vast die ooit op het asfalt zijn vertoond. Van een gekantelde vrachtwagen die beide weghelften blokkeert, tot een bestuurder die de kiepwagen een nieuwe invulling geeft.","formattedEpisodeNumbering":null,"formattedDate":"Gisteren","formattedDateShort":"Gisteren","formattedTime":"12:00","formattedDuration":"22m","formattedAvailabilityWindow":null,"formattedAvailabilityWindowShort":null,"image":{"portraitUrl":null,"landscapeUrl":"https:\/\/images.nlziet.nl\/metadataimportimages\/source\/EA352E1011356C375DE76FB5FD586196283B71911778589C2943BB3A73AAC2A4.jpg"},"logo":{"normalUrl":"https:\/\/cdn.nlziet.nl\/static\/assets\/contentproviders\/rtl.png","darkUrl":"https:\/\/cdn.nlziet.nl\/static\/assets\/contentproviders\/dark\/rtl.png","flatUrl":"https:\/\/cdn.nlziet.nl\/static\/assets\/contentproviders\/flat\/rtl.png"},"tags":["NewEpisode"],"seriesId":"63eWIrOz9EuGJ8dwpawNcw"},{"id":"ukUcW7AP3k2P4tYny_0tYw","type":"Vod","title":"Idioten Op De Weg","subtitle":"Afl. 32","description":"Realityserie over de meest bizarre en gevaarlijke situaties op de weg. Het gaat regelmatig helemaal mis, doordat niet iedereen zich aan de verkeersregels houdt. Automobilisten leggen met hun eigen camera's de domste acties vast die ooit op het asfalt zijn vertoond. Van een gekantelde vrachtwagen die beide weghelften blokkeert, tot een bestuurder die de kiepwagen een nieuwe invulling geeft.","formattedEpisodeNumbering":null,"formattedDate":"Gisteren","formattedDateShort":"Gisteren","formattedTime":"11:30","formattedDuration":"22m","formattedAvailabilityWindow":null,"formattedAvailabilityWindowShort":null,"image":{"portraitUrl":null,"landscapeUrl":"https:\/\/images.nlziet.nl\/metadataimportimages\/source\/69809B8D966100D6F8C0F75DB6B7811B6CC7E4FAFD4291B4AFE653CE31677834.jpg"},"logo":{"normalUrl":"https:\/\/cdn.nlziet.nl\/static\/assets\/contentproviders\/rtl.png","darkUrl":"https:\/\/cdn.nlziet.nl\/static\/assets\/contentproviders\/dark\/rtl.png","flatUrl":"https:\/\/cdn.nlziet.nl\/static\/assets\/contentproviders\/flat\/rtl.png"},"tags":["NewEpisode"],"seriesId":"63eWIrOz9EuGJ8dwpawNcw"},{"id":"2EhupbtGr0aPGS1GiyWz5A","type":"Vod","title":"Idioten Op De Weg","subtitle":"Afl. 31","description":"Realityserie over de meest bizarre en gevaarlijke situaties op de weg. Het gaat regelmatig helemaal mis, doordat niet iedereen zich aan de verkeersregels houdt. Automobilisten leggen met hun eigen camera's de domste acties vast die ooit op het asfalt zijn vertoond. Van een gekantelde vrachtwagen die beide weghelften blokkeert, tot een bestuurder die de kiepwagen een nieuwe invulling geeft.","formattedEpisodeNumbering":null,"formattedDate":"Eergisteren","formattedDateShort":"Eergisteren","formattedTime":"13:00","formattedDuration":"23m","formattedAvailabilityWindow":null,"formattedAvailabilityWindowShort":null,"image":{"portraitUrl":null,"landscapeUrl":"https:\/\/images.nlziet.nl\/metadataimportimages\/source\/3E15E993FA0F551CFBDA775566742BA311487FF456F7B16AAB97556E8A8ABAA8.jpg"},"logo":{"normalUrl":"https:\/\/cdn.nlziet.nl\/static\/assets\/contentproviders\/rtl.png","darkUrl":"https:\/\/cdn.nlziet.nl\/static\/assets\/contentproviders\/dark\/rtl.png","flatUrl":"https:\/\/cdn.nlziet.nl\/static\/assets\/contentproviders\/flat\/rtl.png"},"tags":["NewEpisode"],"seriesId":"63eWIrOz9EuGJ8dwpawNcw"},{"id":"yfWBArsob0OGtGKNulZ7gA","type":"Vod","title":"Idioten Op De Weg","subtitle":"Afl. 30","description":"Realityserie over de meest bizarre en gevaarlijke situaties op de weg. Het gaat regelmatig helemaal mis, doordat niet iedereen zich aan de verkeersregels houdt. Automobilisten leggen met hun eigen camera's de domste acties vast die ooit op het asfalt zijn vertoond. Van een gekantelde vrachtwagen die beide weghelften blokkeert, tot een bestuurder die de kiepwagen een nieuwe invulling geeft.","formattedEpisodeNumbering":null,"formattedDate":"Eergisteren","formattedDateShort":"Eergisteren","formattedTime":"12:30","formattedDuration":"23m","formattedAvailabilityWindow":null,"formattedAvailabilityWindowShort":null,"image":{"portraitUrl":null,"landscapeUrl":"https:\/\/images.nlziet.nl\/metadataimportimages\/source\/75A23A57DDDA368BB8342A3E897C5022290ED48FBBE4C282EC549ED802841BED.jpg"},"logo":{"normalUrl":"https:\/\/cdn.nlziet.nl\/static\/assets\/contentproviders\/rtl.png","darkUrl":"https:\/\/cdn.nlziet.nl\/static\/assets\/contentproviders\/dark\/rtl.png","flatUrl":"https:\/\/cdn.nlziet.nl\/static\/assets\/contentproviders\/flat\/rtl.png"},"tags":["NewEpisode"],"seriesId":"63eWIrOz9EuGJ8dwpawNcw"},{"id":"o9czVqbCQ0Sd4CbEzl0bKQ","type":"Vod","title":"Idioten Op De Weg","subtitle":"Afl. 29","description":"Realityserie over de meest bizarre en gevaarlijke situaties op de weg. Het gaat regelmatig helemaal mis, doordat niet iedereen zich aan de verkeersregels houdt. Automobilisten leggen met hun eigen camera's de domste acties vast die ooit op het asfalt zijn vertoond. Van een gekantelde vrachtwagen die beide weghelften blokkeert, tot een bestuurder die de kiepwagen een nieuwe invulling geeft.","formattedEpisodeNumbering":null,"formattedDate":"Eergisteren","formattedDateShort":"Eergisteren","formattedTime":"12:00","formattedDuration":"11m","formattedAvailabilityWindow":null,"formattedAvailabilityWindowShort":null,"image":{"portraitUrl":null,"landscapeUrl":"https:\/\/images.nlziet.nl\/metadataimportimages\/source\/11ED38204623448A464962FC87B2DE9FEF00626CF1D11F211E71374838555A5E.jpg"},"logo":{"normalUrl":"https:\/\/cdn.nlziet.nl\/static\/assets\/contentproviders\/rtl.png","darkUrl":"https:\/\/cdn.nlziet.nl\/static\/assets\/contentproviders\/dark\/rtl.png","flatUrl":"https:\/\/cdn.nlziet.nl\/static\/assets\/contentproviders\/flat\/rtl.png"},"tags":["NewEpisode"],"seriesId":"63eWIrOz9EuGJ8dwpawNcw"},{"id":"gDxhTn4mTUaBTMFlO83yiw","type":"Vod","title":"Idioten Op De Weg","subtitle":"Afl. 28","description":"Realityserie over de meest bizarre en gevaarlijke situaties op de weg. Het gaat regelmatig helemaal mis, doordat niet iedereen zich aan de verkeersregels houdt. Automobilisten leggen met hun eigen camera's de domste acties vast die ooit op het asfalt zijn vertoond. Van een gekantelde vrachtwagen die beide weghelften blokkeert, tot een bestuurder die de kiepwagen een nieuwe invulling geeft.","formattedEpisodeNumbering":null,"formattedDate":"Eergisteren","formattedDateShort":"Eergisteren","formattedTime":"11:30","formattedDuration":"11m","formattedAvailabilityWindow":null,"formattedAvailabilityWindowShort":null,"image":{"portraitUrl":null,"landscapeUrl":"https:\/\/images.nlziet.nl\/metadataimportimages\/source\/E4F2E6404F4FD91573489096B2D3A0865FA14602710AA4CECE0838F80122F1A8.jpg"},"logo":{"normalUrl":"https:\/\/cdn.nlziet.nl\/static\/assets\/contentproviders\/rtl.png","darkUrl":"https:\/\/cdn.nlziet.nl\/static\/assets\/contentproviders\/dark\/rtl.png","flatUrl":"https:\/\/cdn.nlziet.nl\/static\/assets\/contentproviders\/flat\/rtl.png"},"tags":["NewEpisode"],"seriesId":"63eWIrOz9EuGJ8dwpawNcw"},{"id":"DlPl3sOXsUmbZyNLpmYmtg","type":"Vod","title":"Idioten Op De Weg","subtitle":"Afl. 27","description":"Realityserie over de meest bizarre en gevaarlijke situaties op de weg. Het gaat regelmatig helemaal mis, doordat niet iedereen zich aan de verkeersregels houdt. Automobilisten leggen met hun eigen camera's de domste acties vast die ooit op het asfalt zijn vertoond. Van een gekantelde vrachtwagen die beide weghelften blokkeert, tot een bestuurder die de kiepwagen een nieuwe invulling geeft.","formattedEpisodeNumbering":null,"formattedDate":"Wo 23 nov.","formattedDateShort":"Wo 23 nov.","formattedTime":"13:05","formattedDuration":"23m","formattedAvailabilityWindow":null,"formattedAvailabilityWindowShort":null,"image":{"portraitUrl":null,"landscapeUrl":"https:\/\/images.nlziet.nl\/metadataimportimages\/source\/D1A7E78EDBA360B59E6E092C1419ED5976FE48077788324D5590AD9585B570CC.jpg"},"logo":{"normalUrl":"https:\/\/cdn.nlziet.nl\/static\/assets\/contentproviders\/rtl.png","darkUrl":"https:\/\/cdn.nlziet.nl\/static\/assets\/contentproviders\/dark\/rtl.png","flatUrl":"https:\/\/cdn.nlziet.nl\/static\/assets\/contentproviders\/flat\/rtl.png"},"tags":[],"seriesId":"63eWIrOz9EuGJ8dwpawNcw"},{"id":"KcwFRro5U0elBafjB5K7jQ","type":"Vod","title":"Idioten Op De Weg","subtitle":"Afl. 26","description":"Realityserie over de meest bizarre en gevaarlijke situaties op de weg. Het gaat regelmatig helemaal mis, doordat niet iedereen zich aan de verkeersregels houdt. Automobilisten leggen met hun eigen camera's de domste acties vast die ooit op het asfalt zijn vertoond. Van een gekantelde vrachtwagen die beide weghelften blokkeert, tot een bestuurder die de kiepwagen een nieuwe invulling geeft.","formattedEpisodeNumbering":null,"formattedDate":"Wo 23 nov.","formattedDateShort":"Wo 23 nov.","formattedTime":"12:30","formattedDuration":"23m","formattedAvailabilityWindow":null,"formattedAvailabilityWindowShort":null,"image":{"portraitUrl":null,"landscapeUrl":"https:\/\/images.nlziet.nl\/metadataimportimages\/source\/19952972241CD4F358D1E9635972C4AC7A562AACA9D3065666C6E5F6F09034C3.jpg"},"logo":{"normalUrl":"https:\/\/cdn.nlziet.nl\/static\/assets\/contentproviders\/rtl.png","darkUrl":"https:\/\/cdn.nlziet.nl\/static\/assets\/contentproviders\/dark\/rtl.png","flatUrl":"https:\/\/cdn.nlziet.nl\/static\/assets\/contentproviders\/flat\/rtl.png"},"tags":[],"seriesId":"63eWIrOz9EuGJ8dwpawNcw"},{"id":"5AHNycnfVk2Q9rOLY_iHuA","type":"Vod","title":"Idioten Op De Weg","subtitle":"Afl. 25","description":"Realityserie over de meest bizarre en gevaarlijke situaties op de weg. Het gaat regelmatig helemaal mis, doordat niet iedereen zich aan de verkeersregels houdt. Automobilisten leggen met hun eigen camera's de domste acties vast die ooit op het asfalt zijn vertoond. Van een gekantelde vrachtwagen die beide weghelften blokkeert, tot een bestuurder die de kiepwagen een nieuwe invulling geeft.","formattedEpisodeNumbering":null,"formattedDate":"Wo 23 nov.","formattedDateShort":"Wo 23 nov.","formattedTime":"12:00","formattedDuration":"22m","formattedAvailabilityWindow":null,"formattedAvailabilityWindowShort":null,"image":{"portraitUrl":null,"landscapeUrl":"https:\/\/images.nlziet.nl\/metadataimportimages\/source\/63C171D48FDECEBA81FC949F5EC68C9516E9C9949C20EF56C3AB2457E0F77CA7.jpg"},"logo":{"normalUrl":"https:\/\/cdn.nlziet.nl\/static\/assets\/contentproviders\/rtl.png","darkUrl":"https:\/\/cdn.nlziet.nl\/static\/assets\/contentproviders\/dark\/rtl.png","flatUrl":"https:\/\/cdn.nlziet.nl\/static\/assets\/contentproviders\/flat\/rtl.png"},"tags":[],"seriesId":"63eWIrOz9EuGJ8dwpawNcw"},{"id":"TuZ4cQfgBUiusDyZ61I5Lw","type":"Vod","title":"Idioten Op De Weg","subtitle":"Afl. 24","description":"Realityserie over de meest bizarre en gevaarlijke situaties op de weg. Het gaat regelmatig helemaal mis, doordat niet iedereen zich aan de verkeersregels houdt. Automobilisten leggen met hun eigen camera's de domste acties vast die ooit op het asfalt zijn vertoond. Van een gekantelde vrachtwagen die beide weghelften blokkeert, tot een bestuurder die de kiepwagen een nieuwe invulling geeft.","formattedEpisodeNumbering":null,"formattedDate":"Wo 23 nov.","formattedDateShort":"Wo 23 nov.","formattedTime":"11:30","formattedDuration":"23m","formattedAvailabilityWindow":null,"formattedAvailabilityWindowShort":null,"image":{"portraitUrl":null,"landscapeUrl":"https:\/\/images.nlziet.nl\/metadataimportimages\/source\/75D64E34B089C957BBBCA9E08CC6118295BC1453E734AD2AC7362ADB35C1E1D9.jpg"},"logo":{"normalUrl":"https:\/\/cdn.nlziet.nl\/static\/assets\/contentproviders\/rtl.png","darkUrl":"https:\/\/cdn.nlziet.nl\/static\/assets\/contentproviders\/dark\/rtl.png","flatUrl":"https:\/\/cdn.nlziet.nl\/static\/assets\/contentproviders\/flat\/rtl.png"},"tags":[],"seriesId":"63eWIrOz9EuGJ8dwpawNcw"},{"id":"MSNc9NaET0Wro9Xqh_BkgA","type":"Vod","title":"Idioten Op De Weg","subtitle":"Afl. 23","description":"Realityserie over de meest bizarre en gevaarlijke situaties op de weg. Het gaat regelmatig helemaal mis, doordat niet iedereen zich aan de verkeersregels houdt. Automobilisten leggen met hun eigen camera's de domste acties vast die ooit op het asfalt zijn vertoond. Van een gekantelde vrachtwagen die beide weghelften blokkeert, tot een bestuurder die de kiepwagen een nieuwe invulling geeft.","formattedEpisodeNumbering":null,"formattedDate":"Di 22 nov.","formattedDateShort":"Di 22 nov.","formattedTime":"12:55","formattedDuration":"23m","formattedAvailabilityWindow":null,"formattedAvailabilityWindowShort":null,"image":{"portraitUrl":null,"landscapeUrl":"https:\/\/images.nlziet.nl\/metadataimportimages\/source\/F6602E5C2313F0C1360B7222D86085204AF7F1A0CD144077607FBEF6A7908EDF.jpg"},"logo":{"normalUrl":"https:\/\/cdn.nlziet.nl\/static\/assets\/contentproviders\/rtl.png","darkUrl":"https:\/\/cdn.nlziet.nl\/static\/assets\/contentproviders\/dark\/rtl.png","flatUrl":"https:\/\/cdn.nlziet.nl\/static\/assets\/contentproviders\/flat\/rtl.png"},"tags":[],"seriesId":"63eWIrOz9EuGJ8dwpawNcw"},{"id":"2HldcWquK0-AyWg3ziJCOQ","type":"Vod","title":"Idioten Op De Weg","subtitle":"Afl. 22","description":"Realityserie over de meest bizarre en gevaarlijke situaties op de weg. Het gaat regelmatig helemaal mis, doordat niet iedereen zich aan de verkeersregels houdt. Automobilisten leggen met hun eigen camera's de domste acties vast die ooit op het asfalt zijn vertoond. Van een gekantelde vrachtwagen die beide weghelften blokkeert, tot een bestuurder die de kiepwagen een nieuwe invulling geeft.","formattedEpisodeNumbering":null,"formattedDate":"Di 22 nov.","formattedDateShort":"Di 22 nov.","formattedTime":"12:25","formattedDuration":"23m","formattedAvailabilityWindow":null,"formattedAvailabilityWindowShort":null,"image":{"portraitUrl":null,"landscapeUrl":"https:\/\/images.nlziet.nl\/metadataimportimages\/source\/A68702917B449C44CFD6D6EA65B304A0A27269B03F79BFFE95A8EA4EB643706C.jpg"},"logo":{"normalUrl":"https:\/\/cdn.nlziet.nl\/static\/assets\/contentproviders\/rtl.png","darkUrl":"https:\/\/cdn.nlziet.nl\/static\/assets\/contentproviders\/dark\/rtl.png","flatUrl":"https:\/\/cdn.nlziet.nl\/static\/assets\/contentproviders\/flat\/rtl.png"},"tags":[],"seriesId":"63eWIrOz9EuGJ8dwpawNcw"},{"id":"Lh-tFOb5e0CyFy8otnA2qg","type":"Vod","title":"Idioten Op De Weg","subtitle":"Afl. 21","description":"Realityserie over de meest bizarre en gevaarlijke situaties op de weg. Het gaat regelmatig helemaal mis, doordat niet iedereen zich aan de verkeersregels houdt. Automobilisten leggen met hun eigen camera's de domste acties vast die ooit op het asfalt zijn vertoond. Van een gekantelde vrachtwagen die beide weghelften blokkeert, tot een bestuurder die de kiepwagen een nieuwe invulling geeft.","formattedEpisodeNumbering":null,"formattedDate":"Di 22 nov.","formattedDateShort":"Di 22 nov.","formattedTime":"11:55","formattedDuration":"22m","formattedAvailabilityWindow":null,"formattedAvailabilityWindowShort":null,"image":{"portraitUrl":null,"landscapeUrl":"https:\/\/images.nlziet.nl\/metadataimportimages\/source\/0A33F99C869D13FD38A9F7228058139EDF4E129E2DEB772E4EDE287E8BAFCC4A.jpg"},"logo":{"normalUrl":"https:\/\/cdn.nlziet.nl\/static\/assets\/contentproviders\/rtl.png","darkUrl":"https:\/\/cdn.nlziet.nl\/static\/assets\/contentproviders\/dark\/rtl.png","flatUrl":"https:\/\/cdn.nlziet.nl\/static\/assets\/contentproviders\/flat\/rtl.png"},"tags":[],"seriesId":"63eWIrOz9EuGJ8dwpawNcw"},{"id":"CSWpRIuPrE-pyCCdYxR3XQ","type":"Vod","title":"Idioten Op De Weg","subtitle":"Afl. 20","description":"Realityserie over de meest bizarre en gevaarlijke situaties op de weg. Het gaat regelmatig helemaal mis, doordat niet iedereen zich aan de verkeersregels houdt. Automobilisten leggen met hun eigen camera's de domste acties vast die ooit op het asfalt zijn vertoond. Van een gekantelde vrachtwagen die beide weghelften blokkeert, tot een bestuurder die de kiepwagen een nieuwe invulling geeft.","formattedEpisodeNumbering":null,"formattedDate":"Di 22 nov.","formattedDateShort":"Di 22 nov.","formattedTime":"11:25","formattedDuration":"23m","formattedAvailabilityWindow":null,"formattedAvailabilityWindowShort":null,"image":{"portraitUrl":null,"landscapeUrl":"https:\/\/images.nlziet.nl\/metadataimportimages\/source\/9BD80A03E57462FB38484CF025343CC70932E68718336276A2F8642578083622.jpg"},"logo":{"normalUrl":"https:\/\/cdn.nlziet.nl\/static\/assets\/contentproviders\/rtl.png","darkUrl":"https:\/\/cdn.nlziet.nl\/static\/assets\/contentproviders\/dark\/rtl.png","flatUrl":"https:\/\/cdn.nlziet.nl\/static\/assets\/contentproviders\/flat\/rtl.png"},"tags":[],"seriesId":"63eWIrOz9EuGJ8dwpawNcw"},{"id":"-lJ5VNcMWkuB_hIOlPIrHg","type":"Vod","title":"Idioten Op De Weg","subtitle":"Afl. 19","description":"Realityserie over de meest bizarre en gevaarlijke situaties op de weg. Het gaat regelmatig helemaal mis, doordat niet iedereen zich aan de verkeersregels houdt. Automobilisten leggen met hun eigen camera's de domste acties vast die ooit op het asfalt zijn vertoond. Van een gekantelde vrachtwagen die beide weghelften blokkeert, tot een bestuurder die de kiepwagen een nieuwe invulling geeft.","formattedEpisodeNumbering":null,"formattedDate":"Ma 21 nov.","formattedDateShort":"Ma 21 nov.","formattedTime":"12:55","formattedDuration":"23m","formattedAvailabilityWindow":null,"formattedAvailabilityWindowShort":null,"image":{"portraitUrl":null,"landscapeUrl":"https:\/\/images.nlziet.nl\/metadataimportimages\/source\/F2DC1724556BEFF9AFF92DD6B8259BBF1ECDB893EE79D582F215ADDA7F01F335.jpg"},"logo":{"normalUrl":"https:\/\/cdn.nlziet.nl\/static\/assets\/contentproviders\/rtl.png","darkUrl":"https:\/\/cdn.nlziet.nl\/static\/assets\/contentproviders\/dark\/rtl.png","flatUrl":"https:\/\/cdn.nlziet.nl\/static\/assets\/contentproviders\/flat\/rtl.png"},"tags":[],"seriesId":"63eWIrOz9EuGJ8dwpawNcw"},{"id":"uteybEMYCE-lvcPm9FKDvg","type":"Vod","title":"Idioten Op De Weg","subtitle":"Afl. 18","description":"Realityserie over de meest bizarre en gevaarlijke situaties op de weg. Het gaat regelmatig helemaal mis, doordat niet iedereen zich aan de verkeersregels houdt. Automobilisten leggen met hun eigen camera's de domste acties vast die ooit op het asfalt zijn vertoond. Van een gekantelde vrachtwagen die beide weghelften blokkeert, tot een bestuurder die de kiepwagen een nieuwe invulling geeft.","formattedEpisodeNumbering":null,"formattedDate":"Ma 21 nov.","formattedDateShort":"Ma 21 nov.","formattedTime":"12:25","formattedDuration":"23m","formattedAvailabilityWindow":null,"formattedAvailabilityWindowShort":null,"image":{"portraitUrl":null,"landscapeUrl":"https:\/\/images.nlziet.nl\/metadataimportimages\/source\/4B137F2BD3A768B313215836847B0EA51B0BE409A7AC2A36B15CE1275766A239.jpg"},"logo":{"normalUrl":"https:\/\/cdn.nlziet.nl\/static\/assets\/contentproviders\/rtl.png","darkUrl":"https:\/\/cdn.nlziet.nl\/static\/assets\/contentproviders\/dark\/rtl.png","flatUrl":"https:\/\/cdn.nlziet.nl\/static\/assets\/contentproviders\/flat\/rtl.png"},"tags":[],"seriesId":"63eWIrOz9EuGJ8dwpawNcw"},{"id":"yuRqLA667UK8iNeMR_si9w","type":"Vod","title":"Idioten Op De Weg","subtitle":"Afl. 17","description":"Realityserie over de meest bizarre en gevaarlijke situaties op de weg. Het gaat regelmatig helemaal mis, doordat niet iedereen zich aan de verkeersregels houdt. Automobilisten leggen met hun eigen camera's de domste acties vast die ooit op het asfalt zijn vertoond. Van een gekantelde vrachtwagen die beide weghelften blokkeert, tot een bestuurder die de kiepwagen een nieuwe invulling geeft.","formattedEpisodeNumbering":null,"formattedDate":"Ma 21 nov.","formattedDateShort":"Ma 21 nov.","formattedTime":"11:55","formattedDuration":"23m","formattedAvailabilityWindow":null,"formattedAvailabilityWindowShort":null,"image":{"portraitUrl":null,"landscapeUrl":"https:\/\/images.nlziet.nl\/metadataimportimages\/source\/CF5C4667255E31571AAFC60D31423011D4F6AC68BF5ADCD09649995C26141962.jpg"},"logo":{"normalUrl":"https:\/\/cdn.nlziet.nl\/static\/assets\/contentproviders\/rtl.png","darkUrl":"https:\/\/cdn.nlziet.nl\/static\/assets\/contentproviders\/dark\/rtl.png","flatUrl":"https:\/\/cdn.nlziet.nl\/static\/assets\/contentproviders\/flat\/rtl.png"},"tags":[],"seriesId":"63eWIrOz9EuGJ8dwpawNcw"},{"id":"AyiQbEqzuEykJAX1W4lrWw","type":"Vod","title":"Idioten Op De Weg","subtitle":"Afl. 16","description":"Realityserie over de meest bizarre en gevaarlijke situaties op de weg. Het gaat regelmatig helemaal mis, doordat niet iedereen zich aan de verkeersregels houdt. Automobilisten leggen met hun eigen camera's de domste acties vast die ooit op het asfalt zijn vertoond. Van een gekantelde vrachtwagen die beide weghelften blokkeert, tot een bestuurder die de kiepwagen een nieuwe invulling geeft.","formattedEpisodeNumbering":null,"formattedDate":"Ma 21 nov.","formattedDateShort":"Ma 21 nov.","formattedTime":"11:25","formattedDuration":"23m","formattedAvailabilityWindow":null,"formattedAvailabilityWindowShort":null,"image":{"portraitUrl":null,"landscapeUrl":"https:\/\/images.nlziet.nl\/metadataimportimages\/source\/0E9A8AE8B62F4E91992EFD8B459E0E08A7D1760F3CD373C3CD373A8BAFC2D9BE.jpg"},"logo":{"normalUrl":"https:\/\/cdn.nlziet.nl\/static\/assets\/contentproviders\/rtl.png","darkUrl":"https:\/\/cdn.nlziet.nl\/static\/assets\/contentproviders\/dark\/rtl.png","flatUrl":"https:\/\/cdn.nlziet.nl\/static\/assets\/contentproviders\/flat\/rtl.png"},"tags":[],"seriesId":"63eWIrOz9EuGJ8dwpawNcw"},{"id":"1mq-dWucA0uZUGbbIPTibQ","type":"Vod","title":"Idioten Op De Weg","subtitle":"Afl. 15","description":"Realityserie over de meest bizarre en gevaarlijke situaties op de weg. Het gaat regelmatig helemaal mis, doordat niet iedereen zich aan de verkeersregels houdt. Automobilisten leggen met hun eigen camera's de domste acties vast die ooit op het asfalt zijn vertoond. Van een gekantelde vrachtwagen die beide weghelften blokkeert, tot een bestuurder die de kiepwagen een nieuwe invulling geeft.","formattedEpisodeNumbering":null,"formattedDate":"Vr 18 nov.","formattedDateShort":"Vr 18 nov.","formattedTime":"13:00","formattedDuration":"23m","formattedAvailabilityWindow":null,"formattedAvailabilityWindowShort":null,"image":{"portraitUrl":null,"landscapeUrl":"https:\/\/images.nlziet.nl\/metadataimportimages\/source\/6EA7CF375501CDBBC7857B65E836702BDDFFEFD2AD26A172988130C66D5372DD.jpg"},"logo":{"normalUrl":"https:\/\/cdn.nlziet.nl\/static\/assets\/contentproviders\/rtl.png","darkUrl":"https:\/\/cdn.nlziet.nl\/static\/assets\/contentproviders\/dark\/rtl.png","flatUrl":"https:\/\/cdn.nlziet.nl\/static\/assets\/contentproviders\/flat\/rtl.png"},"tags":[],"seriesId":"63eWIrOz9EuGJ8dwpawNcw"},{"id":"t687x3wAqUOliQakaup3KA","type":"Vod","title":"Idioten Op De Weg","subtitle":"Afl. 14","description":"Realityserie over de meest bizarre en gevaarlijke situaties op de weg. Het gaat regelmatig helemaal mis, doordat niet iedereen zich aan de verkeersregels houdt. Automobilisten leggen met hun eigen camera's de domste acties vast die ooit op het asfalt zijn vertoond. Van een gekantelde vrachtwagen die beide weghelften blokkeert, tot een bestuurder die de kiepwagen een nieuwe invulling geeft.","formattedEpisodeNumbering":null,"formattedDate":"Vr 18 nov.","formattedDateShort":"Vr 18 nov.","formattedTime":"12:30","formattedDuration":"23m","formattedAvailabilityWindow":null,"formattedAvailabilityWindowShort":null,"image":{"portraitUrl":null,"landscapeUrl":"https:\/\/images.nlziet.nl\/metadataimportimages\/source\/D9E774BAFD8FEF29EF10964D6DE51D88CDAF7AFD7EC3C7F42B11524B56B6B514.jpg"},"logo":{"normalUrl":"https:\/\/cdn.nlziet.nl\/static\/assets\/contentproviders\/rtl.png","darkUrl":"https:\/\/cdn.nlziet.nl\/static\/assets\/contentproviders\/dark\/rtl.png","flatUrl":"https:\/\/cdn.nlziet.nl\/static\/assets\/contentproviders\/flat\/rtl.png"},"tags":[],"seriesId":"63eWIrOz9EuGJ8dwpawNcw"},{"id":"m_oB_eMVSUqH-2h7Bv4p9w","type":"Vod","title":"Idioten Op De Weg","subtitle":"Afl. 13","description":"Realityserie over de meest bizarre en gevaarlijke situaties op de weg. Het gaat regelmatig helemaal mis, doordat niet iedereen zich aan de verkeersregels houdt. Automobilisten leggen met hun eigen camera's de domste acties vast die ooit op het asfalt zijn vertoond. Van een gekantelde vrachtwagen die beide weghelften blokkeert, tot een bestuurder die de kiepwagen een nieuwe invulling geeft.","formattedEpisodeNumbering":null,"formattedDate":"Vr 18 nov.","formattedDateShort":"Vr 18 nov.","formattedTime":"12:00","formattedDuration":"22m","formattedAvailabilityWindow":null,"formattedAvailabilityWindowShort":null,"image":{"portraitUrl":null,"landscapeUrl":"https:\/\/images.nlziet.nl\/metadataimportimages\/source\/AEC63997D97872866FBBC90317F64075D8E3C74DC80B449B49B52E6EDFD67057.jpg"},"logo":{"normalUrl":"https:\/\/cdn.nlziet.nl\/static\/assets\/contentproviders\/rtl.png","darkUrl":"https:\/\/cdn.nlziet.nl\/static\/assets\/contentproviders\/dark\/rtl.png","flatUrl":"https:\/\/cdn.nlziet.nl\/static\/assets\/contentproviders\/flat\/rtl.png"},"tags":[],"seriesId":"63eWIrOz9EuGJ8dwpawNcw"},{"id":"inGN5VK2-0q9kFmLgD8o7w","type":"Vod","title":"Idioten Op De Weg","subtitle":"Afl. 12","description":"Realityserie over de meest bizarre en gevaarlijke situaties op de weg. Het gaat regelmatig helemaal mis, doordat niet iedereen zich aan de verkeersregels houdt. Automobilisten leggen met hun eigen camera's de domste acties vast die ooit op het asfalt zijn vertoond. Van een gekantelde vrachtwagen die beide weghelften blokkeert, tot een bestuurder die de kiepwagen een nieuwe invulling geeft.","formattedEpisodeNumbering":null,"formattedDate":"Vr 18 nov.","formattedDateShort":"Vr 18 nov.","formattedTime":"11:30","formattedDuration":"22m","formattedAvailabilityWindow":null,"formattedAvailabilityWindowShort":null,"image":{"portraitUrl":null,"landscapeUrl":"https:\/\/images.nlziet.nl\/metadataimportimages\/source\/CC03EEE0A38DE585EB94820AED528B26F42972471D79B89B59C065AE0842A2AC.jpg"},"logo":{"normalUrl":"https:\/\/cdn.nlziet.nl\/static\/assets\/contentproviders\/rtl.png","darkUrl":"https:\/\/cdn.nlziet.nl\/static\/assets\/contentproviders\/dark\/rtl.png","flatUrl":"https:\/\/cdn.nlziet.nl\/static\/assets\/contentproviders\/flat\/rtl.png"},"tags":[],"seriesId":"63eWIrOz9EuGJ8dwpawNcw"},{"id":"v_u1kRCZNU2G__3D8-1KYw","type":"Vod","title":"Idioten Op De Weg","subtitle":"Afl. 11","description":"Realityserie over de meest bizarre en gevaarlijke situaties op de weg. Het gaat regelmatig helemaal mis, doordat niet iedereen zich aan de verkeersregels houdt. Automobilisten leggen met hun eigen camera's de domste acties vast die ooit op het asfalt zijn vertoond. Van een gekantelde vrachtwagen die beide weghelften blokkeert, tot een bestuurder die de kiepwagen een nieuwe invulling geeft.","formattedEpisodeNumbering":null,"formattedDate":"Do 17 nov.","formattedDateShort":"Do 17 nov.","formattedTime":"13:00","formattedDuration":"23m","formattedAvailabilityWindow":null,"formattedAvailabilityWindowShort":null,"image":{"portraitUrl":null,"landscapeUrl":"https:\/\/images.nlziet.nl\/metadataimportimages\/source\/80E8F14E01FB4F1F3A764F9EAB24A775BE95AC5B76D79454F109B480B3205AFA.jpg"},"logo":{"normalUrl":"https:\/\/cdn.nlziet.nl\/static\/assets\/contentproviders\/rtl.png","darkUrl":"https:\/\/cdn.nlziet.nl\/static\/assets\/contentproviders\/dark\/rtl.png","flatUrl":"https:\/\/cdn.nlziet.nl\/static\/assets\/contentproviders\/flat\/rtl.png"},"tags":[],"seriesId":"63eWIrOz9EuGJ8dwpawNcw"},{"id":"lOMzhL_SbkKXJ1wSlEPN6w","type":"Vod","title":"Idioten Op De Weg","subtitle":"Afl. 10","description":"Realityserie over de meest bizarre en gevaarlijke situaties op de weg. Het gaat regelmatig helemaal mis, doordat niet iedereen zich aan de verkeersregels houdt. Automobilisten leggen met hun eigen camera's de domste acties vast die ooit op het asfalt zijn vertoond. Van een gekantelde vrachtwagen die beide weghelften blokkeert, tot een bestuurder die de kiepwagen een nieuwe invulling geeft.","formattedEpisodeNumbering":null,"formattedDate":"Do 17 nov.","formattedDateShort":"Do 17 nov.","formattedTime":"12:30","formattedDuration":"22m","formattedAvailabilityWindow":null,"formattedAvailabilityWindowShort":null,"image":{"portraitUrl":null,"landscapeUrl":"https:\/\/images.nlziet.nl\/metadataimportimages\/source\/DCA7EF2C6D05723CD0581F1404B2DE83D46DB7774B83A1F2F9CEFEF7D7A6D452.jpg"},"logo":{"normalUrl":"https:\/\/cdn.nlziet.nl\/static\/assets\/contentproviders\/rtl.png","darkUrl":"https:\/\/cdn.nlziet.nl\/static\/assets\/contentproviders\/dark\/rtl.png","flatUrl":"https:\/\/cdn.nlziet.nl\/static\/assets\/contentproviders\/flat\/rtl.png"},"tags":[],"seriesId":"63eWIrOz9EuGJ8dwpawNcw"},{"id":"L_t0cTwRS0Ghi8HBfAdVrA","type":"Vod","title":"Idioten Op De Weg","subtitle":"Afl. 9","description":"Realityserie over de meest bizarre en gevaarlijke situaties op de weg. Het gaat regelmatig helemaal mis, doordat niet iedereen zich aan de verkeersregels houdt. Automobilisten leggen met hun eigen camera's de domste acties vast die ooit op het asfalt zijn vertoond. Van een gekantelde vrachtwagen die beide weghelften blokkeert, tot een bestuurder die de kiepwagen een nieuwe invulling geeft.","formattedEpisodeNumbering":null,"formattedDate":"Do 17 nov.","formattedDateShort":"Do 17 nov.","formattedTime":"12:00","formattedDuration":"23m","formattedAvailabilityWindow":null,"formattedAvailabilityWindowShort":null,"image":{"portraitUrl":null,"landscapeUrl":"https:\/\/images.nlziet.nl\/metadataimportimages\/source\/559AD9262C3E0F0BDF88621A39BE97E51F751F056F5F5100AC5471CB9A44F575.jpg"},"logo":{"normalUrl":"https:\/\/cdn.nlziet.nl\/static\/assets\/contentproviders\/rtl.png","darkUrl":"https:\/\/cdn.nlziet.nl\/static\/assets\/contentproviders\/dark\/rtl.png","flatUrl":"https:\/\/cdn.nlziet.nl\/static\/assets\/contentproviders\/flat\/rtl.png"},"tags":[],"seriesId":"63eWIrOz9EuGJ8dwpawNcw"},{"id":"-tRIKycd50Ofmt6EpRwIrg","type":"Vod","title":"Idioten Op De Weg","subtitle":"Afl. 8","description":"Realityserie over de meest bizarre en gevaarlijke situaties op de weg. Het gaat regelmatig helemaal mis, doordat niet iedereen zich aan de verkeersregels houdt. Automobilisten leggen met hun eigen camera's de domste acties vast die ooit op het asfalt zijn vertoond. Van een gekantelde vrachtwagen die beide weghelften blokkeert, tot een bestuurder die de kiepwagen een nieuwe invulling geeft.","formattedEpisodeNumbering":null,"formattedDate":"Do 17 nov.","formattedDateShort":"Do 17 nov.","formattedTime":"11:25","formattedDuration":"23m","formattedAvailabilityWindow":null,"formattedAvailabilityWindowShort":null,"image":{"portraitUrl":null,"landscapeUrl":"https:\/\/images.nlziet.nl\/metadataimportimages\/source\/F6A8E5621CACD46AD029E8DC5B3A6FBE9F93D786C8821030A1741797DFD51563.jpg"},"logo":{"normalUrl":"https:\/\/cdn.nlziet.nl\/static\/assets\/contentproviders\/rtl.png","darkUrl":"https:\/\/cdn.nlziet.nl\/static\/assets\/contentproviders\/dark\/rtl.png","flatUrl":"https:\/\/cdn.nlziet.nl\/static\/assets\/contentproviders\/flat\/rtl.png"},"tags":[],"seriesId":"63eWIrOz9EuGJ8dwpawNcw"},{"id":"ZTztZrP4e0Or_l2yCWJEaQ","type":"Vod","title":"Idioten Op De Weg","subtitle":"Afl. 7","description":"Realityserie over de meest bizarre en gevaarlijke situaties op de weg. Het gaat regelmatig helemaal mis, doordat niet iedereen zich aan de verkeersregels houdt. Automobilisten leggen met hun eigen camera's de domste acties vast die ooit op het asfalt zijn vertoond. Van een gekantelde vrachtwagen die beide weghelften blokkeert, tot een bestuurder die de kiepwagen een nieuwe invulling geeft.","formattedEpisodeNumbering":null,"formattedDate":"Wo 16 nov.","formattedDateShort":"Wo 16 nov.","formattedTime":"13:00","formattedDuration":"23m","formattedAvailabilityWindow":null,"formattedAvailabilityWindowShort":null,"image":{"portraitUrl":null,"landscapeUrl":"https:\/\/images.nlziet.nl\/metadataimportimages\/source\/159EB9342468E89331FA2C06E5CCB671249F1DBB7E00A21AD21778612AFB0118.jpg"},"logo":{"normalUrl":"https:\/\/cdn.nlziet.nl\/static\/assets\/contentproviders\/rtl.png","darkUrl":"https:\/\/cdn.nlziet.nl\/static\/assets\/contentproviders\/dark\/rtl.png","flatUrl":"https:\/\/cdn.nlziet.nl\/static\/assets\/contentproviders\/flat\/rtl.png"},"tags":[],"seriesId":"63eWIrOz9EuGJ8dwpawNcw"},{"id":"BOvvbYYFPkS7kkuMcWR9dg","type":"Vod","title":"Idioten Op De Weg","subtitle":"Afl. 6","description":"Realityserie over de meest bizarre en gevaarlijke situaties op de weg. Het gaat regelmatig helemaal mis, doordat niet iedereen zich aan de verkeersregels houdt. Automobilisten leggen met hun eigen camera's de domste acties vast die ooit op het asfalt zijn vertoond. Van een gekantelde vrachtwagen die beide weghelften blokkeert, tot een bestuurder die de kiepwagen een nieuwe invulling geeft.","formattedEpisodeNumbering":null,"formattedDate":"Wo 16 nov.","formattedDateShort":"Wo 16 nov.","formattedTime":"12:30","formattedDuration":"23m","formattedAvailabilityWindow":null,"formattedAvailabilityWindowShort":null,"image":{"portraitUrl":null,"landscapeUrl":"https:\/\/images.nlziet.nl\/metadataimportimages\/source\/22D4E2CE6E7726E35718681DF811D272DD028EEA6DB0C92E5AD15200883ADA6E.jpg"},"logo":{"normalUrl":"https:\/\/cdn.nlziet.nl\/static\/assets\/contentproviders\/rtl.png","darkUrl":"https:\/\/cdn.nlziet.nl\/static\/assets\/contentproviders\/dark\/rtl.png","flatUrl":"https:\/\/cdn.nlziet.nl\/static\/assets\/contentproviders\/flat\/rtl.png"},"tags":[],"seriesId":"63eWIrOz9EuGJ8dwpawNcw"},{"id":"DMZ_lSu4wkWqizp9Tzb-9A","type":"Vod","title":"Idioten Op De Weg","subtitle":"Afl. 5","description":"Realityserie over de meest bizarre en gevaarlijke situaties op de weg. Het gaat regelmatig helemaal mis, doordat niet iedereen zich aan de verkeersregels houdt. Automobilisten leggen met hun eigen camera's de domste acties vast die ooit op het asfalt zijn vertoond. Van een gekantelde vrachtwagen die beide weghelften blokkeert, tot een bestuurder die de kiepwagen een nieuwe invulling geeft.","formattedEpisodeNumbering":null,"formattedDate":"Wo 16 nov.","formattedDateShort":"Wo 16 nov.","formattedTime":"11:55","formattedDuration":"23m","formattedAvailabilityWindow":null,"formattedAvailabilityWindowShort":null,"image":{"portraitUrl":null,"landscapeUrl":"https:\/\/images.nlziet.nl\/metadataimportimages\/source\/F6D891F0E77AEC948D0A10D8FA46F1ECC46101530E5C0D3FE543CA828D94FA1B.jpg"},"logo":{"normalUrl":"https:\/\/cdn.nlziet.nl\/static\/assets\/contentproviders\/rtl.png","darkUrl":"https:\/\/cdn.nlziet.nl\/static\/assets\/contentproviders\/dark\/rtl.png","flatUrl":"https:\/\/cdn.nlziet.nl\/static\/assets\/contentproviders\/flat\/rtl.png"},"tags":[],"seriesId":"63eWIrOz9EuGJ8dwpawNcw"},{"id":"UTqdu2kFmEGY_vVUjVuorA","type":"Vod","title":"Idioten Op De Weg","subtitle":"Afl. 4","description":"Realityserie over de meest bizarre en gevaarlijke situaties op de weg. Het gaat regelmatig helemaal mis, doordat niet iedereen zich aan de verkeersregels houdt. Automobilisten leggen met hun eigen camera's de domste acties vast die ooit op het asfalt zijn vertoond. Van een gekantelde vrachtwagen die beide weghelften blokkeert, tot een bestuurder die de kiepwagen een nieuwe invulling geeft.","formattedEpisodeNumbering":null,"formattedDate":"Wo 16 nov.","formattedDateShort":"Wo 16 nov.","formattedTime":"11:25","formattedDuration":"23m","formattedAvailabilityWindow":null,"formattedAvailabilityWindowShort":null,"image":{"portraitUrl":null,"landscapeUrl":"https:\/\/images.nlziet.nl\/metadataimportimages\/source\/3BD0088AE5E241FBE83381C9C9EF3C36C540B3DA4D162D130CD51661178445EE.jpg"},"logo":{"normalUrl":"https:\/\/cdn.nlziet.nl\/static\/assets\/contentproviders\/rtl.png","darkUrl":"https:\/\/cdn.nlziet.nl\/static\/assets\/contentproviders\/dark\/rtl.png","flatUrl":"https:\/\/cdn.nlziet.nl\/static\/assets\/contentproviders\/flat\/rtl.png"},"tags":[],"seriesId":"63eWIrOz9EuGJ8dwpawNcw"},{"id":"2Ff6Mo1eiU2zks2X6Mc0gA","type":"Vod","title":"Idioten Op De Weg","subtitle":"Afl. 3","description":"Realityserie over de meest bizarre en gevaarlijke situaties op de weg. Het gaat regelmatig helemaal mis, doordat niet iedereen zich aan de verkeersregels houdt. Automobilisten leggen met hun eigen camera's de domste acties vast die ooit op het asfalt zijn vertoond. Van een gekantelde vrachtwagen die beide weghelften blokkeert, tot een bestuurder die de kiepwagen een nieuwe invulling geeft.","formattedEpisodeNumbering":null,"formattedDate":"Di 15 nov.","formattedDateShort":"Di 15 nov.","formattedTime":"12:55","formattedDuration":"23m","formattedAvailabilityWindow":null,"formattedAvailabilityWindowShort":null,"image":{"portraitUrl":null,"landscapeUrl":"https:\/\/images.nlziet.nl\/metadataimportimages\/source\/CC4CA0168A0101A34B965FFEC90E4FB803D627FEC11FA98EDCAEF244C19223CB.jpg"},"logo":{"normalUrl":"https:\/\/cdn.nlziet.nl\/static\/assets\/contentproviders\/rtl.png","darkUrl":"https:\/\/cdn.nlziet.nl\/static\/assets\/contentproviders\/dark\/rtl.png","flatUrl":"https:\/\/cdn.nlziet.nl\/static\/assets\/contentproviders\/flat\/rtl.png"},"tags":[],"seriesId":"63eWIrOz9EuGJ8dwpawNcw"},{"id":"LL135GK97keOgfot8j0VXQ","type":"Vod","title":"Idioten Op De Weg","subtitle":"Afl. 2","description":"Realityserie over de meest bizarre en gevaarlijke situaties op de weg. Het gaat regelmatig helemaal mis, doordat niet iedereen zich aan de verkeersregels houdt. Automobilisten leggen met hun eigen camera's de domste acties vast die ooit op het asfalt zijn vertoond. Van een gekantelde vrachtwagen die beide weghelften blokkeert, tot een bestuurder die de kiepwagen een nieuwe invulling geeft.","formattedEpisodeNumbering":null,"formattedDate":"Di 15 nov.","formattedDateShort":"Di 15 nov.","formattedTime":"12:25","formattedDuration":"22m","formattedAvailabilityWindow":null,"formattedAvailabilityWindowShort":null,"image":{"portraitUrl":null,"landscapeUrl":"https:\/\/images.nlziet.nl\/metadataimportimages\/source\/51E4CF5C16EF17831DB3FB18FEBE6A26E60F3F680E156C92BF23365CEB466755.jpg"},"logo":{"normalUrl":"https:\/\/cdn.nlziet.nl\/static\/assets\/contentproviders\/rtl.png","darkUrl":"https:\/\/cdn.nlziet.nl\/static\/assets\/contentproviders\/dark\/rtl.png","flatUrl":"https:\/\/cdn.nlziet.nl\/static\/assets\/contentproviders\/flat\/rtl.png"},"tags":[],"seriesId":"63eWIrOz9EuGJ8dwpawNcw"},{"id":"mopffkAJ1E2OfAhEUqs2fw","type":"Vod","title":"Idioten Op De Weg","subtitle":"Afl. 1","description":"Realityserie over de meest bizarre en gevaarlijke situaties op de weg. Het gaat regelmatig helemaal mis, doordat niet iedereen zich aan de verkeersregels houdt. Automobilisten leggen met hun eigen camera's de domste acties vast die ooit op het asfalt zijn vertoond. Van een gekantelde vrachtwagen die beide weghelften blokkeert, tot een bestuurder die de kiepwagen een nieuwe invulling geeft.","formattedEpisodeNumbering":null,"formattedDate":"Di 15 nov.","formattedDateShort":"Di 15 nov.","formattedTime":"11:55","formattedDuration":"23m","formattedAvailabilityWindow":null,"formattedAvailabilityWindowShort":null,"image":{"portraitUrl":null,"landscapeUrl":"https:\/\/images.nlziet.nl\/metadataimportimages\/source\/E2710190031D6C3549E1135D87598071E1981FAF21FB7718D8E32A8F00076816.jpg"},"logo":{"normalUrl":"https:\/\/cdn.nlziet.nl\/static\/assets\/contentproviders\/rtl.png","darkUrl":"https:\/\/cdn.nlziet.nl\/static\/assets\/contentproviders\/dark\/rtl.png","flatUrl":"https:\/\/cdn.nlziet.nl\/static\/assets\/contentproviders\/flat\/rtl.png"},"tags":[],"seriesId":"63eWIrOz9EuGJ8dwpawNcw"}]