[{"id":"-uiIbaYt3kuDopZWR5XvgA","type":"Vod","title":"Meiden Die Rijden","subtitle":"","description":"PowNed - Routinier Anneke is op de terugweg van een lange rit naar Noorwegen. Nanda gaat met een tractor het land op om de koeien te voeren. Fabienne gaat met de truck naar een wasstraat en truckergirl Esmee gaat ondertussen naar een car-meeting.","formattedEpisodeNumbering":"S2:A6","formattedDate":"Wo 2 mrt.","formattedDateShort":"Wo 2 mrt.","formattedTime":"20:25","formattedDuration":"45m","formattedAvailabilityWindow":null,"formattedAvailabilityWindowShort":null,"image":{"portraitUrl":null,"landscapeUrl":"https:\/\/images.nlziet.nl\/metadataimportimages\/source\/253B5A9D20F98B18A0C4F28BFDC4D54986B557418A958BB94B15DCD05755D563.jpg"},"logo":{"normalUrl":"https:\/\/cdn.nlziet.nl\/static\/assets\/contentproviders\/npo.png","darkUrl":"https:\/\/cdn.nlziet.nl\/static\/assets\/contentproviders\/dark\/npo.png","flatUrl":"https:\/\/cdn.nlziet.nl\/static\/assets\/contentproviders\/flat\/npo.png"},"tags":[],"seriesId":"7Fh1UOkrWESC4n_qMWSQMQ"},{"id":"-LWQtJW4Z0amqh13C-r-pw","type":"Vod","title":"Meiden Die Rijden","subtitle":"","description":"PowNed - Chauffeuse Nanda laat zien hoe het inzamelen van melk precies in z'n werk gaat. Hiervoor rijdt ze in haar melktank van boer naar boer door Twente. Vivi gaat op pad met Piet om grofvuil op te halen in de Rotterdamse binnenstad, en nieuwe chauffeuse Esmee toert met haar truck door Belgi\u00eb en Frankrijk.","formattedEpisodeNumbering":"S2:A5","formattedDate":"Wo 23 feb.","formattedDateShort":"Wo 23 feb.","formattedTime":"20:25","formattedDuration":"46m","formattedAvailabilityWindow":null,"formattedAvailabilityWindowShort":null,"image":{"portraitUrl":null,"landscapeUrl":"https:\/\/images.nlziet.nl\/metadataimportimages\/source\/36C7C17792B0E23F9FF3A2F8A308B8F272EB7F4FE0CDB39ECCDA9AD02D02C278.jpg"},"logo":{"normalUrl":"https:\/\/cdn.nlziet.nl\/static\/assets\/contentproviders\/npo.png","darkUrl":"https:\/\/cdn.nlziet.nl\/static\/assets\/contentproviders\/dark\/npo.png","flatUrl":"https:\/\/cdn.nlziet.nl\/static\/assets\/contentproviders\/flat\/npo.png"},"tags":[],"seriesId":"7Fh1UOkrWESC4n_qMWSQMQ"},{"id":"LUgC4rYvW0e4XzYdtptSwg","type":"Vod","title":"Meiden Die Rijden","subtitle":"","description":"PowNed - Betonmixer-chauffeur Hilde gaat beton afleveren in Friesland. Samantha wordt wakker op een desolate truckstop in het midden van Nederland en chauffeuse Nathalie gaat met een autolaadkraan bouwmaterialen afleveren.","formattedEpisodeNumbering":"S2:A4","formattedDate":"Wo 16 feb.","formattedDateShort":"Wo 16 feb.","formattedTime":"20:25","formattedDuration":"45m","formattedAvailabilityWindow":null,"formattedAvailabilityWindowShort":null,"image":{"portraitUrl":null,"landscapeUrl":"https:\/\/images.nlziet.nl\/metadataimportimages\/source\/6B1ADDE83F373F4A39CA501180A3CA98789687D206CCD0D3D8A18A2BF9FA06A5.jpg"},"logo":{"normalUrl":"https:\/\/cdn.nlziet.nl\/static\/assets\/contentproviders\/npo.png","darkUrl":"https:\/\/cdn.nlziet.nl\/static\/assets\/contentproviders\/dark\/npo.png","flatUrl":"https:\/\/cdn.nlziet.nl\/static\/assets\/contentproviders\/flat\/npo.png"},"tags":[],"seriesId":"7Fh1UOkrWESC4n_qMWSQMQ"},{"id":"61n6UEY_nUWRWneDrjq2nA","type":"Vod","title":"Meiden Die Rijden","subtitle":"","description":"PowNed - Chauffeuse Esmeralda rijdt met een enorme dieplader door de Rotterdamse binnenstad om een graafmachine op te halen. Kilometervreter Anita gaat naar Bratislava met een trucklading vol Oosterse diepvriessnacks en chauffeur Hilde laat zien hoe het rijden op een betonmixer precies in z'n werk gaat.","formattedEpisodeNumbering":"S2:A3","formattedDate":"Wo 9 feb.","formattedDateShort":"Wo 9 feb.","formattedTime":"20:25","formattedDuration":"45m","formattedAvailabilityWindow":null,"formattedAvailabilityWindowShort":null,"image":{"portraitUrl":null,"landscapeUrl":"https:\/\/images.nlziet.nl\/metadataimportimages\/source\/CB9348111662E9B390FBFC5872B6E7D52F3E648ECE6742A9C9A00C28AB65DFBB.jpg"},"logo":{"normalUrl":"https:\/\/cdn.nlziet.nl\/static\/assets\/contentproviders\/npo.png","darkUrl":"https:\/\/cdn.nlziet.nl\/static\/assets\/contentproviders\/dark\/npo.png","flatUrl":"https:\/\/cdn.nlziet.nl\/static\/assets\/contentproviders\/flat\/npo.png"},"tags":[],"seriesId":"7Fh1UOkrWESC4n_qMWSQMQ"},{"id":"gaYg1mo_RkOilv8XT9wctw","type":"Vod","title":"Meiden Die Rijden","subtitle":"","description":"PowNed - Vrolijke vuilnisvrouw Vivi, die ook te zien was in het eerste seizoen, gaat samen met collega Piet grofvuil ophalen in de Rotterdamse binnenstad. Anneke maakt van alles mee terwijl ze Zweden doorkruist. En truckergirl Fabienne heeft een ietwat aparte hobby, ze doet namelijk mee aan een missverkiezing.","formattedEpisodeNumbering":"S2:A2","formattedDate":"Wo 2 feb.","formattedDateShort":"Wo 2 feb.","formattedTime":"20:25","formattedDuration":"46m","formattedAvailabilityWindow":null,"formattedAvailabilityWindowShort":null,"image":{"portraitUrl":null,"landscapeUrl":"https:\/\/images.nlziet.nl\/metadataimportimages\/source\/4539CB90E4DD41F086BD249851E5B6A8C7C7D5A0C67DF77132AB8B794A111E6A.jpg"},"logo":{"normalUrl":"https:\/\/cdn.nlziet.nl\/static\/assets\/contentproviders\/npo.png","darkUrl":"https:\/\/cdn.nlziet.nl\/static\/assets\/contentproviders\/dark\/npo.png","flatUrl":"https:\/\/cdn.nlziet.nl\/static\/assets\/contentproviders\/flat\/npo.png"},"tags":[],"seriesId":"7Fh1UOkrWESC4n_qMWSQMQ"},{"id":"4iUkefBmE0-0XNOVHsdXGA","type":"Vod","title":"Meiden Die Rijden","subtitle":"","description":"PowNed - Routinier Anneke vertrekt richting Noorwegen, maar na twintig kilometer komt ze al in de file terecht. Truckerbabe Amy, die ook te zien was in seizoen 1, geeft een update over haar gezondheid. En Samantha, die pas twee maanden op de vrachtwagen zit, gaat bouwmaterialen afleveren.","formattedEpisodeNumbering":"S2:A1","formattedDate":"Wo 26 jan.","formattedDateShort":"Wo 26 jan.","formattedTime":"20:25","formattedDuration":"45m","formattedAvailabilityWindow":null,"formattedAvailabilityWindowShort":null,"image":{"portraitUrl":null,"landscapeUrl":"https:\/\/images.nlziet.nl\/metadataimportimages\/source\/4C3A65CD5A5AAB5C6A2CCEB95B7B0B283A3A19F37A38FE3EFDDB303E35AB83B7.jpg"},"logo":{"normalUrl":"https:\/\/cdn.nlziet.nl\/static\/assets\/contentproviders\/npo.png","darkUrl":"https:\/\/cdn.nlziet.nl\/static\/assets\/contentproviders\/dark\/npo.png","flatUrl":"https:\/\/cdn.nlziet.nl\/static\/assets\/contentproviders\/flat\/npo.png"},"tags":[],"seriesId":"7Fh1UOkrWESC4n_qMWSQMQ"}]