[{"id":"WBSOphWQTUCoIamLgwAlJA","type":"Vod","title":"Het Blok Nieuw-Zeeland","subtitle":"Aflevering 35","description":"De teams verspillen geen tijd en zijn hard aan het werk, maar moeten tussendoor ook nog aan hun acts werken voor Block Stars. Julia en Ali kampen nog steeds met geldproblemen.","formattedEpisodeNumbering":null,"formattedDate":"Eergisteren","formattedDateShort":"Eergisteren","formattedTime":"12:19","formattedDuration":"45m","formattedAvailabilityWindow":null,"formattedAvailabilityWindowShort":null,"image":{"portraitUrl":null,"landscapeUrl":"https:\/\/images.nlziet.nl\/metadataimportimages\/source\/3D04EEF7C1AFAA6BEAEB2FB7FDB0BD84BC1160D55D4533490DDC9EA0F50A55BB.jpg"},"logo":{"normalUrl":"https:\/\/cdn.nlziet.nl\/static\/assets\/contentproviders\/sbs.png","darkUrl":"https:\/\/cdn.nlziet.nl\/static\/assets\/contentproviders\/dark\/sbs.png","flatUrl":"https:\/\/cdn.nlziet.nl\/static\/assets\/contentproviders\/flat\/sbs.png"},"tags":["NewEpisode"],"seriesId":"8AOhOlelUEa5dd6vZegEng"},{"id":"0mAlnE_3-UGgVWiLPpqKhQ","type":"Vod","title":"Het Blok Nieuw-Zeeland","subtitle":"Aflevering 34","description":"Het is eindelijk tijd om de garage te renoveren. Alle teams hebben hun eigen idee\u00ebn over deze ruimte. Shelley kondigt Block Stars aan met een controversi\u00eble prijs.","formattedEpisodeNumbering":null,"formattedDate":"Do 17 nov.","formattedDateShort":"Do 17 nov.","formattedTime":"12:24","formattedDuration":"44m","formattedAvailabilityWindow":null,"formattedAvailabilityWindowShort":null,"image":{"portraitUrl":null,"landscapeUrl":"https:\/\/images.nlziet.nl\/metadataimportimages\/source\/64FD218447E8A83CCE79FE6CC12026B30F4ECF55EC95204D9541702E9773341C.jpg"},"logo":{"normalUrl":"https:\/\/cdn.nlziet.nl\/static\/assets\/contentproviders\/sbs.png","darkUrl":"https:\/\/cdn.nlziet.nl\/static\/assets\/contentproviders\/dark\/sbs.png","flatUrl":"https:\/\/cdn.nlziet.nl\/static\/assets\/contentproviders\/flat\/sbs.png"},"tags":[],"seriesId":"8AOhOlelUEa5dd6vZegEng"},{"id":"Mp9ieDWRpkqhbou4oJQGvw","type":"Vod","title":"Het Blok Nieuw-Zeeland","subtitle":"Aflevering 33","description":"In een straat met vervallen huizen klussen en wonen vier koppels die in korte tijd met een beperkt budget de complete gebouwen moeten renoveren en inrichten. De stellen worden getest op verschillende gebieden, zoals creativiteit, planning en verkoop. De twee deelnemers die de meeste overwaarde behalen bij het veilen van de woningen winnen de zware klusstrijd.","formattedEpisodeNumbering":null,"formattedDate":"Wo 16 nov.","formattedDateShort":"Wo 16 nov.","formattedTime":"12:18","formattedDuration":"45m","formattedAvailabilityWindow":null,"formattedAvailabilityWindowShort":null,"image":{"portraitUrl":null,"landscapeUrl":"https:\/\/images.nlziet.nl\/metadataimportimages\/source\/36EECCDF8872BDCD25F493FC71460D61394769C40879CF496D5F9FD637092600.jpg"},"logo":{"normalUrl":"https:\/\/cdn.nlziet.nl\/static\/assets\/contentproviders\/sbs.png","darkUrl":"https:\/\/cdn.nlziet.nl\/static\/assets\/contentproviders\/dark\/sbs.png","flatUrl":"https:\/\/cdn.nlziet.nl\/static\/assets\/contentproviders\/flat\/sbs.png"},"tags":[],"seriesId":"8AOhOlelUEa5dd6vZegEng"},{"id":"asBzmYD2ik-pWoRB20WJog","type":"Vod","title":"Het Blok Nieuw-Zeeland","subtitle":"Aflevering 32","description":"In een straat met vervallen huizen klussen en wonen vier koppels die in korte tijd met een beperkt budget de complete gebouwen moeten renoveren en inrichten. De stellen worden getest op verschillende gebieden, zoals creativiteit, planning en verkoop. De twee deelnemers die de meeste overwaarde behalen bij het veilen van de woningen winnen de zware klusstrijd.","formattedEpisodeNumbering":null,"formattedDate":"Di 15 nov.","formattedDateShort":"Di 15 nov.","formattedTime":"12:15","formattedDuration":"42m","formattedAvailabilityWindow":null,"formattedAvailabilityWindowShort":null,"image":{"portraitUrl":null,"landscapeUrl":"https:\/\/images.nlziet.nl\/metadataimportimages\/source\/5EE83E52BE171047CE3F57FD45A264F4B20341CB4D1A8FE92755581D8B7D184C.jpg"},"logo":{"normalUrl":"https:\/\/cdn.nlziet.nl\/static\/assets\/contentproviders\/sbs.png","darkUrl":"https:\/\/cdn.nlziet.nl\/static\/assets\/contentproviders\/dark\/sbs.png","flatUrl":"https:\/\/cdn.nlziet.nl\/static\/assets\/contentproviders\/flat\/sbs.png"},"tags":[],"seriesId":"8AOhOlelUEa5dd6vZegEng"},{"id":"K5zJKRXhJ0S2ZyAlQaMtEA","type":"Vod","title":"Het Blok Nieuw-Zeeland","subtitle":"Aflevering 31","description":"Naast de enorme hoeveelheid gipsplaten, komt er een bijzondere bestelling binnen voor Andy en Nate: de grootste tegels ooit gebruikt in het blok.","formattedEpisodeNumbering":null,"formattedDate":"Ma 14 nov.","formattedDateShort":"Ma 14 nov.","formattedTime":"12:12","formattedDuration":"44m","formattedAvailabilityWindow":null,"formattedAvailabilityWindowShort":null,"image":{"portraitUrl":null,"landscapeUrl":"https:\/\/images.nlziet.nl\/metadataimportimages\/source\/7843C4193DF930EBCD460DF651E4C68ED4F56BC47CDAA06FC5D755CAA026F0AB.jpg"},"logo":{"normalUrl":"https:\/\/cdn.nlziet.nl\/static\/assets\/contentproviders\/sbs.png","darkUrl":"https:\/\/cdn.nlziet.nl\/static\/assets\/contentproviders\/dark\/sbs.png","flatUrl":"https:\/\/cdn.nlziet.nl\/static\/assets\/contentproviders\/flat\/sbs.png"},"tags":[],"seriesId":"8AOhOlelUEa5dd6vZegEng"}]