[{"id":"g-BnKnmx60SZrXujGyHNvQ","type":"Vod","title":"Pingu","subtitle":"Pingu en het rubberen vliegtuig","description":"VPRO - Klei-animatieserie over de kleine pingu\u00efn Pingu.","formattedEpisodeNumbering":null,"formattedDate":"Ma 23 mrt. 2009","formattedDateShort":"Mrt. 2009","formattedTime":"13:52","formattedDuration":"4m","formattedAvailabilityWindow":null,"formattedAvailabilityWindowShort":null,"image":{"portraitUrl":null,"landscapeUrl":"https:\/\/images.nlziet.nl\/metadataimportimages\/source\/916065B68286E54F310356D8CB0FC5B827EA6F5A282F71F9B9ED67FAA144C6E5.jpg"},"logo":{"normalUrl":"https:\/\/cdn.nlziet.nl\/static\/assets\/contentproviders\/npo.png","darkUrl":"https:\/\/cdn.nlziet.nl\/static\/assets\/contentproviders\/dark\/npo.png","flatUrl":"https:\/\/cdn.nlziet.nl\/static\/assets\/contentproviders\/flat\/npo.png"},"tags":[],"seriesId":"8CpDesE8Gk22rycQ5YifPA"},{"id":"ciNYE-hUBEOKIYtjZCVjdQ","type":"Vod","title":"Pingu","subtitle":"Pingu boogaloo","description":"VPRO - Klei-animatieserie over de kleine pingu\u00efn Pingu.","formattedEpisodeNumbering":null,"formattedDate":"Vr 30 jan. 2009","formattedDateShort":"Jan. 2009","formattedTime":"11:43","formattedDuration":"4m","formattedAvailabilityWindow":null,"formattedAvailabilityWindowShort":null,"image":{"portraitUrl":null,"landscapeUrl":"https:\/\/images.nlziet.nl\/metadataimportimages\/source\/A2DEBE5DA3D1D9F4F65442C7B1104E2317910AB9F6389003C93657572F4EEB5D.jpg"},"logo":{"normalUrl":"https:\/\/cdn.nlziet.nl\/static\/assets\/contentproviders\/npo.png","darkUrl":"https:\/\/cdn.nlziet.nl\/static\/assets\/contentproviders\/dark\/npo.png","flatUrl":"https:\/\/cdn.nlziet.nl\/static\/assets\/contentproviders\/flat\/npo.png"},"tags":[],"seriesId":"8CpDesE8Gk22rycQ5YifPA"},{"id":"rxbPGbye-02DkP6_9IVO0Q","type":"Vod","title":"Pingu","subtitle":"Pingu en de verschrikkelijke sneeuwman","description":"VPRO - Klei-animatieserie over de kleine pingu\u00efn Pingu.","formattedEpisodeNumbering":null,"formattedDate":"Do 29 jan. 2009","formattedDateShort":"Jan. 2009","formattedTime":"13:56","formattedDuration":"4m","formattedAvailabilityWindow":null,"formattedAvailabilityWindowShort":null,"image":{"portraitUrl":null,"landscapeUrl":"https:\/\/images.nlziet.nl\/metadataimportimages\/source\/960815665C7F9F72143909DDDBEFA0F8D31B562A11A93D9CD2C687000FDD9D17.jpg"},"logo":{"normalUrl":"https:\/\/cdn.nlziet.nl\/static\/assets\/contentproviders\/npo.png","darkUrl":"https:\/\/cdn.nlziet.nl\/static\/assets\/contentproviders\/dark\/npo.png","flatUrl":"https:\/\/cdn.nlziet.nl\/static\/assets\/contentproviders\/flat\/npo.png"},"tags":[],"seriesId":"8CpDesE8Gk22rycQ5YifPA"},{"id":"MOKAVbZxl0yQvH-axYPBAQ","type":"Vod","title":"Pingu","subtitle":"Pingu neemt een duik","description":"VPRO - Klei-animatieserie over de kleine pingu\u00efn Pingu.","formattedEpisodeNumbering":null,"formattedDate":"Do 29 jan. 2009","formattedDateShort":"Jan. 2009","formattedTime":"11:44","formattedDuration":"4m","formattedAvailabilityWindow":null,"formattedAvailabilityWindowShort":null,"image":{"portraitUrl":null,"landscapeUrl":"https:\/\/images.nlziet.nl\/metadataimportimages\/source\/9BFE64A4F5EE0A8F486DB73AADF19E86FD69BB4B8092C080EA62FF67C48B9545.jpg"},"logo":{"normalUrl":"https:\/\/cdn.nlziet.nl\/static\/assets\/contentproviders\/npo.png","darkUrl":"https:\/\/cdn.nlziet.nl\/static\/assets\/contentproviders\/dark\/npo.png","flatUrl":"https:\/\/cdn.nlziet.nl\/static\/assets\/contentproviders\/flat\/npo.png"},"tags":[],"seriesId":"8CpDesE8Gk22rycQ5YifPA"},{"id":"c5Bpu1MlPkK_mSx-KiLMOg","type":"Vod","title":"Pingu","subtitle":"Pingu en de nieuwe scooter","description":"VPRO - Klei-animatieserie over de kleine pingu\u00efn Pingu.","formattedEpisodeNumbering":null,"formattedDate":"Di 27 jan. 2009","formattedDateShort":"Jan. 2009","formattedTime":"13:51","formattedDuration":"4m","formattedAvailabilityWindow":null,"formattedAvailabilityWindowShort":null,"image":{"portraitUrl":null,"landscapeUrl":"https:\/\/images.nlziet.nl\/metadataimportimages\/source\/FF393152E4B55DCFC25D7166FF87FB483F0DC65AE951904262731B3902DB8E7D.jpg"},"logo":{"normalUrl":"https:\/\/cdn.nlziet.nl\/static\/assets\/contentproviders\/npo.png","darkUrl":"https:\/\/cdn.nlziet.nl\/static\/assets\/contentproviders\/dark\/npo.png","flatUrl":"https:\/\/cdn.nlziet.nl\/static\/assets\/contentproviders\/flat\/npo.png"},"tags":[],"seriesId":"8CpDesE8Gk22rycQ5YifPA"},{"id":"G_sGL41Oo0arL5yknGiT2Q","type":"Vod","title":"Pingu","subtitle":"Pingu en de verf","description":"VPRO - Klei-animatieserie over de kleine pingu\u00efn Pingu.","formattedEpisodeNumbering":null,"formattedDate":"Ma 26 jan. 2009","formattedDateShort":"Jan. 2009","formattedTime":"13:53","formattedDuration":"4m","formattedAvailabilityWindow":null,"formattedAvailabilityWindowShort":null,"image":{"portraitUrl":null,"landscapeUrl":"https:\/\/images.nlziet.nl\/metadataimportimages\/source\/1398051B26610F78A67598DCAE3E6E049BECDEC7FFFDE55BCD7970D271082DAC.jpg"},"logo":{"normalUrl":"https:\/\/cdn.nlziet.nl\/static\/assets\/contentproviders\/npo.png","darkUrl":"https:\/\/cdn.nlziet.nl\/static\/assets\/contentproviders\/dark\/npo.png","flatUrl":"https:\/\/cdn.nlziet.nl\/static\/assets\/contentproviders\/flat\/npo.png"},"tags":[],"seriesId":"8CpDesE8Gk22rycQ5YifPA"},{"id":"kjEZTwF-vkuVmFtjfvd28Q","type":"Vod","title":"Pingu","subtitle":"Pingu en de dagelijkse iglo","description":"VPRO - Klei-animatieserie over de kleine pingu\u00efn Pingu.","formattedEpisodeNumbering":null,"formattedDate":"Di 10 mrt. 2009","formattedDateShort":"Mrt. 2009","formattedTime":"11:44","formattedDuration":"4m","formattedAvailabilityWindow":null,"formattedAvailabilityWindowShort":null,"image":{"portraitUrl":null,"landscapeUrl":"https:\/\/images.nlziet.nl\/metadataimportimages\/source\/9371F4DCB2FB57603CE2EB15246416FB47C6343C55EE88454B0FF031911163EA.jpg"},"logo":{"normalUrl":"https:\/\/cdn.nlziet.nl\/static\/assets\/contentproviders\/npo.png","darkUrl":"https:\/\/cdn.nlziet.nl\/static\/assets\/contentproviders\/dark\/npo.png","flatUrl":"https:\/\/cdn.nlziet.nl\/static\/assets\/contentproviders\/flat\/npo.png"},"tags":[],"seriesId":"8CpDesE8Gk22rycQ5YifPA"},{"id":"zb-AS6HE6UemS2nLMDXfPQ","type":"Vod","title":"Pingu","subtitle":"Pingu en de beugels","description":"VPRO - Klei-animatieserie over de kleine pingu\u00efn Pingu.","formattedEpisodeNumbering":null,"formattedDate":"Vr 23 jan. 2009","formattedDateShort":"Jan. 2009","formattedTime":"13:57","formattedDuration":"4m","formattedAvailabilityWindow":null,"formattedAvailabilityWindowShort":null,"image":{"portraitUrl":null,"landscapeUrl":"https:\/\/images.nlziet.nl\/metadataimportimages\/source\/49D0821FE42660007ED268CCD9FB131105FCB640A47080D96897C0D26C02D6AB.jpg"},"logo":{"normalUrl":"https:\/\/cdn.nlziet.nl\/static\/assets\/contentproviders\/npo.png","darkUrl":"https:\/\/cdn.nlziet.nl\/static\/assets\/contentproviders\/dark\/npo.png","flatUrl":"https:\/\/cdn.nlziet.nl\/static\/assets\/contentproviders\/flat\/npo.png"},"tags":[],"seriesId":"8CpDesE8Gk22rycQ5YifPA"},{"id":"uTYBwIR34ECANPwhPlfRfQ","type":"Vod","title":"Pingu","subtitle":"Pingu's grote vangst","description":"VPRO - Klei-animatieserie over de kleine pingu\u00efn Pingu.","formattedEpisodeNumbering":null,"formattedDate":"Vr 23 jan. 2009","formattedDateShort":"Jan. 2009","formattedTime":"11:45","formattedDuration":"4m","formattedAvailabilityWindow":null,"formattedAvailabilityWindowShort":null,"image":{"portraitUrl":null,"landscapeUrl":"https:\/\/images.nlziet.nl\/metadataimportimages\/source\/8455149BAE5BB6A05DF23E642342C6483484C1CBA7D551FB5219CE3B12C2E361.jpg"},"logo":{"normalUrl":"https:\/\/cdn.nlziet.nl\/static\/assets\/contentproviders\/npo.png","darkUrl":"https:\/\/cdn.nlziet.nl\/static\/assets\/contentproviders\/dark\/npo.png","flatUrl":"https:\/\/cdn.nlziet.nl\/static\/assets\/contentproviders\/flat\/npo.png"},"tags":[],"seriesId":"8CpDesE8Gk22rycQ5YifPA"},{"id":"ZiQGUVVwKE6YQVDM8jiVEA","type":"Vod","title":"Pingu","subtitle":"Pinga met groene ogen","description":"VPRO - Klei-animatieserie over de kleine pingu\u00efn Pingu.","formattedEpisodeNumbering":null,"formattedDate":"Do 22 jan. 2009","formattedDateShort":"Jan. 2009","formattedTime":"11:48","formattedDuration":"4m","formattedAvailabilityWindow":null,"formattedAvailabilityWindowShort":null,"image":{"portraitUrl":null,"landscapeUrl":"https:\/\/images.nlziet.nl\/metadataimportimages\/source\/B93CBE5A7158F86DBAACB3CD41BF2A8BA8642D669A1B1C37512022350AED9BE7.jpg"},"logo":{"normalUrl":"https:\/\/cdn.nlziet.nl\/static\/assets\/contentproviders\/npo.png","darkUrl":"https:\/\/cdn.nlziet.nl\/static\/assets\/contentproviders\/dark\/npo.png","flatUrl":"https:\/\/cdn.nlziet.nl\/static\/assets\/contentproviders\/flat\/npo.png"},"tags":[],"seriesId":"8CpDesE8Gk22rycQ5YifPA"},{"id":"u99ckI32n0WtZUGk9liIoQ","type":"Vod","title":"Pingu","subtitle":"Pingu en de visfluit","description":"VPRO - Klei-animatieserie over de kleine pingu\u00efn Pingu.","formattedEpisodeNumbering":null,"formattedDate":"Do 22 jan. 2009","formattedDateShort":"Jan. 2009","formattedTime":"11:43","formattedDuration":"4m","formattedAvailabilityWindow":null,"formattedAvailabilityWindowShort":null,"image":{"portraitUrl":null,"landscapeUrl":"https:\/\/images.nlziet.nl\/metadataimportimages\/source\/C815D56C1FFB7423EAA328C3B8618326B684FF24D669EE2EDDA09DB36D9F1C9F.jpg"},"logo":{"normalUrl":"https:\/\/cdn.nlziet.nl\/static\/assets\/contentproviders\/npo.png","darkUrl":"https:\/\/cdn.nlziet.nl\/static\/assets\/contentproviders\/dark\/npo.png","flatUrl":"https:\/\/cdn.nlziet.nl\/static\/assets\/contentproviders\/flat\/npo.png"},"tags":[],"seriesId":"8CpDesE8Gk22rycQ5YifPA"},{"id":"nSl3NXnOBk-pHzZEbi8jYw","type":"Vod","title":"Pingu","subtitle":"Pingu pakt in","description":"VPRO - Klei-animatieserie over de kleine pingu\u00efn Pingu.","formattedEpisodeNumbering":null,"formattedDate":"Di 20 jan. 2009","formattedDateShort":"Jan. 2009","formattedTime":"13:58","formattedDuration":"4m","formattedAvailabilityWindow":null,"formattedAvailabilityWindowShort":null,"image":{"portraitUrl":null,"landscapeUrl":"https:\/\/images.nlziet.nl\/metadataimportimages\/source\/C4ED0F642C760CA0E0DC7087AA30A01A2B43ACA55CDA712FE39B4D536309B9A6.jpg"},"logo":{"normalUrl":"https:\/\/cdn.nlziet.nl\/static\/assets\/contentproviders\/npo.png","darkUrl":"https:\/\/cdn.nlziet.nl\/static\/assets\/contentproviders\/dark\/npo.png","flatUrl":"https:\/\/cdn.nlziet.nl\/static\/assets\/contentproviders\/flat\/npo.png"},"tags":[],"seriesId":"8CpDesE8Gk22rycQ5YifPA"},{"id":"wl4o4RM7PEGbzW4vTzr7lA","type":"Vod","title":"Pingu","subtitle":"Pingu wordt verwend","description":"VPRO - Klei-animatieserie over de kleine pingu\u00efn Pingu.","formattedEpisodeNumbering":null,"formattedDate":"Di 20 jan. 2009","formattedDateShort":"Jan. 2009","formattedTime":"11:47","formattedDuration":"4m","formattedAvailabilityWindow":null,"formattedAvailabilityWindowShort":null,"image":{"portraitUrl":null,"landscapeUrl":"https:\/\/images.nlziet.nl\/metadataimportimages\/source\/C13FC6FBBF571DFDB011F3E8702BF738D68BB8DA85D65200153E32967ABCE95D.jpg"},"logo":{"normalUrl":"https:\/\/cdn.nlziet.nl\/static\/assets\/contentproviders\/npo.png","darkUrl":"https:\/\/cdn.nlziet.nl\/static\/assets\/contentproviders\/dark\/npo.png","flatUrl":"https:\/\/cdn.nlziet.nl\/static\/assets\/contentproviders\/flat\/npo.png"},"tags":[],"seriesId":"8CpDesE8Gk22rycQ5YifPA"},{"id":"Oj-xC5Bq60GJpMMikgZjhg","type":"Vod","title":"Pingu","subtitle":"Pingu en het schooldier","description":"VPRO - Klei-animatieserie over de kleine pingu\u00efn Pingu.","formattedEpisodeNumbering":null,"formattedDate":"Ma 19 jan. 2009","formattedDateShort":"Jan. 2009","formattedTime":"13:57","formattedDuration":"4m","formattedAvailabilityWindow":null,"formattedAvailabilityWindowShort":null,"image":{"portraitUrl":null,"landscapeUrl":"https:\/\/images.nlziet.nl\/metadataimportimages\/source\/11D5D3A6261421A352AFF40A1EE3F86FFF07CE58E5CB95B161E4DE0750E86C67.jpg"},"logo":{"normalUrl":"https:\/\/cdn.nlziet.nl\/static\/assets\/contentproviders\/npo.png","darkUrl":"https:\/\/cdn.nlziet.nl\/static\/assets\/contentproviders\/dark\/npo.png","flatUrl":"https:\/\/cdn.nlziet.nl\/static\/assets\/contentproviders\/flat\/npo.png"},"tags":[],"seriesId":"8CpDesE8Gk22rycQ5YifPA"},{"id":"EPWmrufLukaVi8hRv9cLLA","type":"Vod","title":"Pingu","subtitle":"Pingu en de speelgoedwinkel","description":"VPRO - Klei-animatieserie over de kleine pingu\u00efn Pingu.","formattedEpisodeNumbering":null,"formattedDate":"Wo 28 jan. 2009","formattedDateShort":"Jan. 2009","formattedTime":"11:42","formattedDuration":"4m","formattedAvailabilityWindow":null,"formattedAvailabilityWindowShort":null,"image":{"portraitUrl":null,"landscapeUrl":"https:\/\/images.nlziet.nl\/metadataimportimages\/source\/9940602B1F6605F816D516372B13DDFD00DC267C31E685089A7792C5F243DEB2.jpg"},"logo":{"normalUrl":"https:\/\/cdn.nlziet.nl\/static\/assets\/contentproviders\/npo.png","darkUrl":"https:\/\/cdn.nlziet.nl\/static\/assets\/contentproviders\/dark\/npo.png","flatUrl":"https:\/\/cdn.nlziet.nl\/static\/assets\/contentproviders\/flat\/npo.png"},"tags":[],"seriesId":"8CpDesE8Gk22rycQ5YifPA"},{"id":"m0arJQyrhESj_PMk2MBQeg","type":"Vod","title":"Pingu","subtitle":"Pingu maakt brokken","description":"VPRO - Klei-animatieserie over de kleine pingu\u00efn Pingu.","formattedEpisodeNumbering":null,"formattedDate":"Za 17 jan. 2009","formattedDateShort":"Jan. 2009","formattedTime":"06:47","formattedDuration":"4m","formattedAvailabilityWindow":null,"formattedAvailabilityWindowShort":null,"image":{"portraitUrl":null,"landscapeUrl":"https:\/\/images.nlziet.nl\/metadataimportimages\/source\/A5FB67D14EBCDBE57AB87AB052EC4FB1F8EFD4DEE7B4C05818211D6C17FDF8B4.jpg"},"logo":{"normalUrl":"https:\/\/cdn.nlziet.nl\/static\/assets\/contentproviders\/npo.png","darkUrl":"https:\/\/cdn.nlziet.nl\/static\/assets\/contentproviders\/dark\/npo.png","flatUrl":"https:\/\/cdn.nlziet.nl\/static\/assets\/contentproviders\/flat\/npo.png"},"tags":[],"seriesId":"8CpDesE8Gk22rycQ5YifPA"},{"id":"SoJMN1QgKE-0K6bHuxD8og","type":"Vod","title":"Pingu","subtitle":"Pingu heeft buikpijn","description":"VPRO - Klei-animatieserie over de kleine pingu\u00efn Pingu.","formattedEpisodeNumbering":null,"formattedDate":"Vr 16 jan. 2009","formattedDateShort":"Jan. 2009","formattedTime":"13:56","formattedDuration":"4m","formattedAvailabilityWindow":null,"formattedAvailabilityWindowShort":null,"image":{"portraitUrl":null,"landscapeUrl":"https:\/\/images.nlziet.nl\/metadataimportimages\/source\/5E0CC63E4425040FD0B8F5C9FFCD1E0944D999321C327F5195523A4DF90CCD1E.jpg"},"logo":{"normalUrl":"https:\/\/cdn.nlziet.nl\/static\/assets\/contentproviders\/npo.png","darkUrl":"https:\/\/cdn.nlziet.nl\/static\/assets\/contentproviders\/dark\/npo.png","flatUrl":"https:\/\/cdn.nlziet.nl\/static\/assets\/contentproviders\/flat\/npo.png"},"tags":[],"seriesId":"8CpDesE8Gk22rycQ5YifPA"},{"id":"XM9accWV2EmSslN7rfOzXw","type":"Vod","title":"Pingu","subtitle":"Pingu en de papiermachine","description":"VPRO - Klei-animatieserie over de kleine pingu\u00efn Pingu.","formattedEpisodeNumbering":null,"formattedDate":"Vr 16 jan. 2009","formattedDateShort":"Jan. 2009","formattedTime":"11:46","formattedDuration":"4m","formattedAvailabilityWindow":null,"formattedAvailabilityWindowShort":null,"image":{"portraitUrl":null,"landscapeUrl":"https:\/\/images.nlziet.nl\/metadataimportimages\/source\/2CC81AABD889883E048997E598DE40BA05368ED5456137F6096732F588E2A800.jpg"},"logo":{"normalUrl":"https:\/\/cdn.nlziet.nl\/static\/assets\/contentproviders\/npo.png","darkUrl":"https:\/\/cdn.nlziet.nl\/static\/assets\/contentproviders\/dark\/npo.png","flatUrl":"https:\/\/cdn.nlziet.nl\/static\/assets\/contentproviders\/flat\/npo.png"},"tags":[],"seriesId":"8CpDesE8Gk22rycQ5YifPA"},{"id":"OsQxqGAXd0epPh3Pi3pHcg","type":"Vod","title":"Pingu","subtitle":"Pingu en het cadeautje","description":"VPRO - Klei-animatieserie over de kleine pingu\u00efn Pingu.","formattedEpisodeNumbering":null,"formattedDate":"Do 15 jan. 2009","formattedDateShort":"Jan. 2009","formattedTime":"13:58","formattedDuration":"4m","formattedAvailabilityWindow":null,"formattedAvailabilityWindowShort":null,"image":{"portraitUrl":null,"landscapeUrl":"https:\/\/images.nlziet.nl\/metadataimportimages\/source\/4F28A11BFB2D208E2BFB5F9085E7B558DDA7B2853E37DBAD9D7ED4826FA8C3AE.jpg"},"logo":{"normalUrl":"https:\/\/cdn.nlziet.nl\/static\/assets\/contentproviders\/npo.png","darkUrl":"https:\/\/cdn.nlziet.nl\/static\/assets\/contentproviders\/dark\/npo.png","flatUrl":"https:\/\/cdn.nlziet.nl\/static\/assets\/contentproviders\/flat\/npo.png"},"tags":[],"seriesId":"8CpDesE8Gk22rycQ5YifPA"},{"id":"dL396VnFEECGPQd6M_BUSg","type":"Vod","title":"Pingu","subtitle":"Pinga in een doos","description":"VPRO - Klei-animatieserie over de kleine pingu\u00efn Pingu.","formattedEpisodeNumbering":null,"formattedDate":"Do 15 jan. 2009","formattedDateShort":"Jan. 2009","formattedTime":"11:44","formattedDuration":"4m","formattedAvailabilityWindow":null,"formattedAvailabilityWindowShort":null,"image":{"portraitUrl":null,"landscapeUrl":"https:\/\/images.nlziet.nl\/metadataimportimages\/source\/FA0A28029A0B596B7CE425F0BCBCC926BC795293B8F6EF7C80BC7DCDDF1691F7.jpg"},"logo":{"normalUrl":"https:\/\/cdn.nlziet.nl\/static\/assets\/contentproviders\/npo.png","darkUrl":"https:\/\/cdn.nlziet.nl\/static\/assets\/contentproviders\/dark\/npo.png","flatUrl":"https:\/\/cdn.nlziet.nl\/static\/assets\/contentproviders\/flat\/npo.png"},"tags":[],"seriesId":"8CpDesE8Gk22rycQ5YifPA"},{"id":"eluxtUuNmk-NGzp19GIIuw","type":"Vod","title":"Pingu","subtitle":"Arme Pingu","description":"VPRO - Klei-animatieserie over de kleine pingu\u00efn Pingu.","formattedEpisodeNumbering":null,"formattedDate":"Do 15 jan. 2009","formattedDateShort":"Jan. 2009","formattedTime":"11:48","formattedDuration":"4m","formattedAvailabilityWindow":null,"formattedAvailabilityWindowShort":null,"image":{"portraitUrl":null,"landscapeUrl":"https:\/\/images.nlziet.nl\/metadataimportimages\/source\/B41F8FBD974F98F9E27739C8007FF7022D5F071AA462F60CE8A3C001CA3EBBD2.jpg"},"logo":{"normalUrl":"https:\/\/cdn.nlziet.nl\/static\/assets\/contentproviders\/npo.png","darkUrl":"https:\/\/cdn.nlziet.nl\/static\/assets\/contentproviders\/dark\/npo.png","flatUrl":"https:\/\/cdn.nlziet.nl\/static\/assets\/contentproviders\/flat\/npo.png"},"tags":[],"seriesId":"8CpDesE8Gk22rycQ5YifPA"},{"id":"aw39Uj82Yke3yHWC2Bwfpw","type":"Vod","title":"Pingu","subtitle":"Pingu's sleeschool","description":"VPRO - Klei-animatieserie over de kleine pingu\u00efn Pingu.","formattedEpisodeNumbering":null,"formattedDate":"Di 13 jan. 2009","formattedDateShort":"Jan. 2009","formattedTime":"13:55","formattedDuration":"4m","formattedAvailabilityWindow":null,"formattedAvailabilityWindowShort":null,"image":{"portraitUrl":null,"landscapeUrl":"https:\/\/images.nlziet.nl\/metadataimportimages\/source\/D6C793325CFACF443128891B294A1E33891F611C38033B38476AD87080BF3E40.jpg"},"logo":{"normalUrl":"https:\/\/cdn.nlziet.nl\/static\/assets\/contentproviders\/npo.png","darkUrl":"https:\/\/cdn.nlziet.nl\/static\/assets\/contentproviders\/dark\/npo.png","flatUrl":"https:\/\/cdn.nlziet.nl\/static\/assets\/contentproviders\/flat\/npo.png"},"tags":[],"seriesId":"8CpDesE8Gk22rycQ5YifPA"},{"id":"bByAg6lRJkCyKsDm7T_kQQ","type":"Vod","title":"Pingu","subtitle":"Pingu en de rommel","description":"VPRO - Klei-animatieserie over de kleine pingu\u00efn Pingu.","formattedEpisodeNumbering":null,"formattedDate":"Di 13 jan. 2009","formattedDateShort":"Jan. 2009","formattedTime":"11:50","formattedDuration":"4m","formattedAvailabilityWindow":null,"formattedAvailabilityWindowShort":null,"image":{"portraitUrl":null,"landscapeUrl":"https:\/\/images.nlziet.nl\/metadataimportimages\/source\/43FFC4A4F34111D277E2077847F91126C2E8903777C5A1F3DBB57DFEA67EB76E.jpg"},"logo":{"normalUrl":"https:\/\/cdn.nlziet.nl\/static\/assets\/contentproviders\/npo.png","darkUrl":"https:\/\/cdn.nlziet.nl\/static\/assets\/contentproviders\/dark\/npo.png","flatUrl":"https:\/\/cdn.nlziet.nl\/static\/assets\/contentproviders\/flat\/npo.png"},"tags":[],"seriesId":"8CpDesE8Gk22rycQ5YifPA"},{"id":"DtAwXg0ax0yeP5_D_C-E0w","type":"Vod","title":"Pingu","subtitle":"Moeders nieuwe hoed","description":"VPRO - Klei-animatieserie over de kleine pingu\u00efn Pingu.","formattedEpisodeNumbering":null,"formattedDate":"Ma 12 jan. 2009","formattedDateShort":"Jan. 2009","formattedTime":"13:55","formattedDuration":"4m","formattedAvailabilityWindow":null,"formattedAvailabilityWindowShort":null,"image":{"portraitUrl":null,"landscapeUrl":"https:\/\/images.nlziet.nl\/metadataimportimages\/source\/1C054CF930B036D72D7F67147583DFFACD0D640054A56C0F053B2A92E422AB0C.jpg"},"logo":{"normalUrl":"https:\/\/cdn.nlziet.nl\/static\/assets\/contentproviders\/npo.png","darkUrl":"https:\/\/cdn.nlziet.nl\/static\/assets\/contentproviders\/dark\/npo.png","flatUrl":"https:\/\/cdn.nlziet.nl\/static\/assets\/contentproviders\/flat\/npo.png"},"tags":[],"seriesId":"8CpDesE8Gk22rycQ5YifPA"},{"id":"6EKR1mJz6UuM4roTc9t0jw","type":"Vod","title":"Pingu","subtitle":"Pingu de pottenbakker","description":"VPRO - Klei-animatieserie over de kleine pingu\u00efn Pingu.","formattedEpisodeNumbering":null,"formattedDate":"Wo 18 feb. 2009","formattedDateShort":"Feb. 2009","formattedTime":"11:29","formattedDuration":"4m","formattedAvailabilityWindow":null,"formattedAvailabilityWindowShort":null,"image":{"portraitUrl":null,"landscapeUrl":"https:\/\/images.nlziet.nl\/metadataimportimages\/source\/EF015D8A6FC4CD983048F65F96762DD37E27F940328DE5550B2C427F93BB34FD.jpg"},"logo":{"normalUrl":"https:\/\/cdn.nlziet.nl\/static\/assets\/contentproviders\/npo.png","darkUrl":"https:\/\/cdn.nlziet.nl\/static\/assets\/contentproviders\/dark\/npo.png","flatUrl":"https:\/\/cdn.nlziet.nl\/static\/assets\/contentproviders\/flat\/npo.png"},"tags":[],"seriesId":"8CpDesE8Gk22rycQ5YifPA"},{"id":"1Ma9rlKNG0y0BtBxI5MopQ","type":"Vod","title":"Pingu","subtitle":"Pingu en de trechter","description":"VPRO - Klei-animatieserie over de kleine pingu\u00efn Pingu.","formattedEpisodeNumbering":null,"formattedDate":"Do 23 apr. 2009","formattedDateShort":"Apr. 2009","formattedTime":"13:55","formattedDuration":"4m","formattedAvailabilityWindow":null,"formattedAvailabilityWindowShort":null,"image":{"portraitUrl":null,"landscapeUrl":"https:\/\/images.nlziet.nl\/metadataimportimages\/source\/32623131709D0739A46BD1D7EF99D0427E8D0FDBD1213A32AD098BC5B82FA701.jpg"},"logo":{"normalUrl":"https:\/\/cdn.nlziet.nl\/static\/assets\/contentproviders\/npo.png","darkUrl":"https:\/\/cdn.nlziet.nl\/static\/assets\/contentproviders\/dark\/npo.png","flatUrl":"https:\/\/cdn.nlziet.nl\/static\/assets\/contentproviders\/flat\/npo.png"},"tags":[],"seriesId":"8CpDesE8Gk22rycQ5YifPA"},{"id":"TrP_JcqnMUe0oU9h0vOWPQ","type":"Vod","title":"Pingu","subtitle":"Pingu's pannenkoeken","description":"VPRO - Klei-animatieserie over de kleine pingu\u00efn Pingu.","formattedEpisodeNumbering":null,"formattedDate":"Di 17 feb. 2009","formattedDateShort":"Feb. 2009","formattedTime":"11:32","formattedDuration":"4m","formattedAvailabilityWindow":null,"formattedAvailabilityWindowShort":null,"image":{"portraitUrl":null,"landscapeUrl":"https:\/\/images.nlziet.nl\/metadataimportimages\/source\/7DDE710048D9186BCA273AE24843959874F7F33D23D254E9682661F3601DB251.jpg"},"logo":{"normalUrl":"https:\/\/cdn.nlziet.nl\/static\/assets\/contentproviders\/npo.png","darkUrl":"https:\/\/cdn.nlziet.nl\/static\/assets\/contentproviders\/dark\/npo.png","flatUrl":"https:\/\/cdn.nlziet.nl\/static\/assets\/contentproviders\/flat\/npo.png"},"tags":[],"seriesId":"8CpDesE8Gk22rycQ5YifPA"},{"id":"A6xIl5XrM0Ganovqflj1KA","type":"Vod","title":"Pingu","subtitle":"Pingu verdwaalt","description":"VPRO - Klei-animatieserie over de kleine pingu\u00efn Pingu.","formattedEpisodeNumbering":null,"formattedDate":"Vr 13 feb. 2009","formattedDateShort":"Feb. 2009","formattedTime":"11:43","formattedDuration":"4m","formattedAvailabilityWindow":null,"formattedAvailabilityWindowShort":null,"image":{"portraitUrl":null,"landscapeUrl":"https:\/\/images.nlziet.nl\/metadataimportimages\/source\/DD1C2D9EB823E7FEEF5645ECA873876BB24712D1878AF36EC417045A248095FD.jpg"},"logo":{"normalUrl":"https:\/\/cdn.nlziet.nl\/static\/assets\/contentproviders\/npo.png","darkUrl":"https:\/\/cdn.nlziet.nl\/static\/assets\/contentproviders\/dark\/npo.png","flatUrl":"https:\/\/cdn.nlziet.nl\/static\/assets\/contentproviders\/flat\/npo.png"},"tags":[],"seriesId":"8CpDesE8Gk22rycQ5YifPA"},{"id":"HOTTo4tYxEmnul1ljI_5Pw","type":"Vod","title":"Pingu","subtitle":"Pingu's balanceeract","description":"VPRO - Klei-animatieserie over de kleine pingu\u00efn Pingu.","formattedEpisodeNumbering":null,"formattedDate":"Do 1 jan. 2009","formattedDateShort":"Jan. 2009","formattedTime":"13:58","formattedDuration":"4m","formattedAvailabilityWindow":null,"formattedAvailabilityWindowShort":null,"image":{"portraitUrl":null,"landscapeUrl":"https:\/\/images.nlziet.nl\/metadataimportimages\/source\/411663722C4DE3A87016456B88A87F5E5D378D4BA00FECEB0618AC3FC3C58698.jpg"},"logo":{"normalUrl":"https:\/\/cdn.nlziet.nl\/static\/assets\/contentproviders\/npo.png","darkUrl":"https:\/\/cdn.nlziet.nl\/static\/assets\/contentproviders\/dark\/npo.png","flatUrl":"https:\/\/cdn.nlziet.nl\/static\/assets\/contentproviders\/flat\/npo.png"},"tags":[],"seriesId":"8CpDesE8Gk22rycQ5YifPA"},{"id":"QuWsKy_v6EafEZPGrF7Jog","type":"Vod","title":"Pingu","subtitle":"Pingu en de deurbel","description":"VPRO - Klei-animatieserie over de kleine pingu\u00efn Pingu.","formattedEpisodeNumbering":null,"formattedDate":"Ma 22 dec. 2008","formattedDateShort":"Dec. 2008","formattedTime":"13:57","formattedDuration":"4m","formattedAvailabilityWindow":null,"formattedAvailabilityWindowShort":null,"image":{"portraitUrl":null,"landscapeUrl":"https:\/\/images.nlziet.nl\/metadataimportimages\/source\/5D6767381F21F3EDDE20CB85E1E5F431B8014E6FC85A3201CD95F6E094096606.jpg"},"logo":{"normalUrl":"https:\/\/cdn.nlziet.nl\/static\/assets\/contentproviders\/npo.png","darkUrl":"https:\/\/cdn.nlziet.nl\/static\/assets\/contentproviders\/dark\/npo.png","flatUrl":"https:\/\/cdn.nlziet.nl\/static\/assets\/contentproviders\/flat\/npo.png"},"tags":[],"seriesId":"8CpDesE8Gk22rycQ5YifPA"},{"id":"Ns-zw8rvqE2ha8OM1sHvsQ","type":"Vod","title":"Pingu","subtitle":"Pingu stickert","description":"VPRO - Klei-animatieserie over de kleine pingu\u00efn Pingu.","formattedEpisodeNumbering":null,"formattedDate":"Wo 11 feb. 2009","formattedDateShort":"Feb. 2009","formattedTime":"11:50","formattedDuration":"4m","formattedAvailabilityWindow":null,"formattedAvailabilityWindowShort":null,"image":{"portraitUrl":null,"landscapeUrl":"https:\/\/images.nlziet.nl\/metadataimportimages\/source\/84B67D5AA1751061C27ED06BD03EA4829BCBFCCBDBEDD6292C5899EFDE4AB77E.jpg"},"logo":{"normalUrl":"https:\/\/cdn.nlziet.nl\/static\/assets\/contentproviders\/npo.png","darkUrl":"https:\/\/cdn.nlziet.nl\/static\/assets\/contentproviders\/dark\/npo.png","flatUrl":"https:\/\/cdn.nlziet.nl\/static\/assets\/contentproviders\/flat\/npo.png"},"tags":[],"seriesId":"8CpDesE8Gk22rycQ5YifPA"},{"id":"YCVBpXQMTkyvgUI8TAnj5Q","type":"Vod","title":"Pingu","subtitle":"Pingu speelt tikkertje","description":"VPRO - Klei-animatieserie over de kleine pingu\u00efn Pingu.","formattedEpisodeNumbering":null,"formattedDate":"Wo 11 feb. 2009","formattedDateShort":"Feb. 2009","formattedTime":"11:45","formattedDuration":"4m","formattedAvailabilityWindow":null,"formattedAvailabilityWindowShort":null,"image":{"portraitUrl":null,"landscapeUrl":"https:\/\/images.nlziet.nl\/metadataimportimages\/source\/B82E56780A65EE213F26A8D3DAB96B8F0FC9C49E65707983898E48A4DC66E702.jpg"},"logo":{"normalUrl":"https:\/\/cdn.nlziet.nl\/static\/assets\/contentproviders\/npo.png","darkUrl":"https:\/\/cdn.nlziet.nl\/static\/assets\/contentproviders\/dark\/npo.png","flatUrl":"https:\/\/cdn.nlziet.nl\/static\/assets\/contentproviders\/flat\/npo.png"},"tags":[],"seriesId":"8CpDesE8Gk22rycQ5YifPA"},{"id":"izQXmGYmHk-fqt69j7oKBQ","type":"Vod","title":"Pingu","subtitle":"Pingu's bedtijdschaduw","description":"VPRO - Klei-animatieserie over de kleine pingu\u00efn Pingu.","formattedEpisodeNumbering":null,"formattedDate":"Di 10 feb. 2009","formattedDateShort":"Feb. 2009","formattedTime":"11:49","formattedDuration":"4m","formattedAvailabilityWindow":null,"formattedAvailabilityWindowShort":null,"image":{"portraitUrl":null,"landscapeUrl":"https:\/\/images.nlziet.nl\/metadataimportimages\/source\/3C8291301826C097B8C18E048E2D19942B5121448EF6A092F2256DCDC7A78408.jpg"},"logo":{"normalUrl":"https:\/\/cdn.nlziet.nl\/static\/assets\/contentproviders\/npo.png","darkUrl":"https:\/\/cdn.nlziet.nl\/static\/assets\/contentproviders\/dark\/npo.png","flatUrl":"https:\/\/cdn.nlziet.nl\/static\/assets\/contentproviders\/flat\/npo.png"},"tags":[],"seriesId":"8CpDesE8Gk22rycQ5YifPA"},{"id":"iRsU5jN9HUGed-DJS-xEvw","type":"Vod","title":"Pingu","subtitle":"Pingu en de naaimachine","description":"VPRO - Klei-animatieserie over de kleine pingu\u00efn Pingu.","formattedEpisodeNumbering":null,"formattedDate":"Di 10 feb. 2009","formattedDateShort":"Feb. 2009","formattedTime":"11:44","formattedDuration":"4m","formattedAvailabilityWindow":null,"formattedAvailabilityWindowShort":null,"image":{"portraitUrl":null,"landscapeUrl":"https:\/\/images.nlziet.nl\/metadataimportimages\/source\/F47682CE8A03E93CBAEF261135B62A5272D61DBA197043A93A07F32283A068DB.jpg"},"logo":{"normalUrl":"https:\/\/cdn.nlziet.nl\/static\/assets\/contentproviders\/npo.png","darkUrl":"https:\/\/cdn.nlziet.nl\/static\/assets\/contentproviders\/dark\/npo.png","flatUrl":"https:\/\/cdn.nlziet.nl\/static\/assets\/contentproviders\/flat\/npo.png"},"tags":[],"seriesId":"8CpDesE8Gk22rycQ5YifPA"},{"id":"oA72N-9jVUOlrrLOWJ0XUg","type":"Vod","title":"Pingu","subtitle":"Pinga en de band","description":"VPRO - Klei-animatieserie over de kleine pingu\u00efn Pingu.","formattedEpisodeNumbering":null,"formattedDate":"Vr 6 feb. 2009","formattedDateShort":"Feb. 2009","formattedTime":"11:43","formattedDuration":"4m","formattedAvailabilityWindow":null,"formattedAvailabilityWindowShort":null,"image":{"portraitUrl":null,"landscapeUrl":"https:\/\/images.nlziet.nl\/metadataimportimages\/source\/86E873B3B78DB424229314659D286C61E64F5DC54A5A4432B0E8264762B8E54D.jpg"},"logo":{"normalUrl":"https:\/\/cdn.nlziet.nl\/static\/assets\/contentproviders\/npo.png","darkUrl":"https:\/\/cdn.nlziet.nl\/static\/assets\/contentproviders\/dark\/npo.png","flatUrl":"https:\/\/cdn.nlziet.nl\/static\/assets\/contentproviders\/flat\/npo.png"},"tags":[],"seriesId":"8CpDesE8Gk22rycQ5YifPA"},{"id":"LLSyKMJ4y02xbYJQxsW_vw","type":"Vod","title":"Pingu","subtitle":"IJssculptuur","description":"VPRO - Klei-animatieserie over de kleine pingu\u00efn Pingu.","formattedEpisodeNumbering":null,"formattedDate":"Wo 4 feb. 2009","formattedDateShort":"Feb. 2009","formattedTime":"11:43","formattedDuration":"4m","formattedAvailabilityWindow":null,"formattedAvailabilityWindowShort":null,"image":{"portraitUrl":null,"landscapeUrl":"https:\/\/images.nlziet.nl\/metadataimportimages\/source\/1179801680A6E218033232F2926C7E5BDBF508E0B688D6577519A469693F1676.jpg"},"logo":{"normalUrl":"https:\/\/cdn.nlziet.nl\/static\/assets\/contentproviders\/npo.png","darkUrl":"https:\/\/cdn.nlziet.nl\/static\/assets\/contentproviders\/dark\/npo.png","flatUrl":"https:\/\/cdn.nlziet.nl\/static\/assets\/contentproviders\/flat\/npo.png"},"tags":[],"seriesId":"8CpDesE8Gk22rycQ5YifPA"},{"id":"SoOUwwm5vUmWyJSMSG08Lg","type":"Vod","title":"Pingu","subtitle":"Zo vader, zo Pingu","description":"VPRO - Klei-animatieserie over de kleine pingu\u00efn Pingu.","formattedEpisodeNumbering":null,"formattedDate":"Di 3 feb. 2009","formattedDateShort":"Feb. 2009","formattedTime":"11:44","formattedDuration":"4m","formattedAvailabilityWindow":null,"formattedAvailabilityWindowShort":null,"image":{"portraitUrl":null,"landscapeUrl":"https:\/\/images.nlziet.nl\/metadataimportimages\/source\/3AF95404CC7387F50386E4623B16C6E695737E8DBD326A69BB3BBB2ECAB7E236.jpg"},"logo":{"normalUrl":"https:\/\/cdn.nlziet.nl\/static\/assets\/contentproviders\/npo.png","darkUrl":"https:\/\/cdn.nlziet.nl\/static\/assets\/contentproviders\/dark\/npo.png","flatUrl":"https:\/\/cdn.nlziet.nl\/static\/assets\/contentproviders\/flat\/npo.png"},"tags":[],"seriesId":"8CpDesE8Gk22rycQ5YifPA"},{"id":"oCs2GFiSn0GIJg-OKAd3zQ","type":"Vod","title":"Pingu","subtitle":"Pinga heeft de hik","description":"VPRO - Klei-animatieserie over de kleine pingu\u00efn Pingu.","formattedEpisodeNumbering":null,"formattedDate":"Do 9 apr. 2009","formattedDateShort":"Apr. 2009","formattedTime":"13:58","formattedDuration":"4m","formattedAvailabilityWindow":null,"formattedAvailabilityWindowShort":null,"image":{"portraitUrl":null,"landscapeUrl":"https:\/\/images.nlziet.nl\/metadataimportimages\/source\/ABB30DC013E9820EA60523E92E09EDA8F05589FD145D7F02A743673D64BA2609.jpg"},"logo":{"normalUrl":"https:\/\/cdn.nlziet.nl\/static\/assets\/contentproviders\/npo.png","darkUrl":"https:\/\/cdn.nlziet.nl\/static\/assets\/contentproviders\/dark\/npo.png","flatUrl":"https:\/\/cdn.nlziet.nl\/static\/assets\/contentproviders\/flat\/npo.png"},"tags":[],"seriesId":"8CpDesE8Gk22rycQ5YifPA"},{"id":"YsZfQSxSc0yKYoj-c_4nAQ","type":"Vod","title":"Pingu","subtitle":"Pingu and Pinga gaan kamperen","description":"VPRO - Klei-animatieserie over de kleine pingu\u00efn Pingu.","formattedEpisodeNumbering":null,"formattedDate":"Di 27 jan. 2009","formattedDateShort":"Jan. 2009","formattedTime":"11:43","formattedDuration":"4m","formattedAvailabilityWindow":null,"formattedAvailabilityWindowShort":null,"image":{"portraitUrl":null,"landscapeUrl":"https:\/\/images.nlziet.nl\/metadataimportimages\/source\/7415EE940109339C8338E921FEEAA6CF3BC287F45E17289A52BB9AE35B482DD1.jpg"},"logo":{"normalUrl":"https:\/\/cdn.nlziet.nl\/static\/assets\/contentproviders\/npo.png","darkUrl":"https:\/\/cdn.nlziet.nl\/static\/assets\/contentproviders\/dark\/npo.png","flatUrl":"https:\/\/cdn.nlziet.nl\/static\/assets\/contentproviders\/flat\/npo.png"},"tags":[],"seriesId":"8CpDesE8Gk22rycQ5YifPA"},{"id":"quiXKVoHCkyWQZrbpectDQ","type":"Vod","title":"Pingu","subtitle":"Pingu's maan avontuur","description":"VPRO - Klei-animatieserie over de kleine pingu\u00efn Pingu.","formattedEpisodeNumbering":null,"formattedDate":"Wo 4 mrt. 2009","formattedDateShort":"Mrt. 2009","formattedTime":"11:42","formattedDuration":"4m","formattedAvailabilityWindow":null,"formattedAvailabilityWindowShort":null,"image":{"portraitUrl":null,"landscapeUrl":"https:\/\/images.nlziet.nl\/metadataimportimages\/source\/33BE813A3D4EF5F5F88930B43CC51A6E7387E29401D3C1ED1920C172BC7F0945.jpg"},"logo":{"normalUrl":"https:\/\/cdn.nlziet.nl\/static\/assets\/contentproviders\/npo.png","darkUrl":"https:\/\/cdn.nlziet.nl\/static\/assets\/contentproviders\/dark\/npo.png","flatUrl":"https:\/\/cdn.nlziet.nl\/static\/assets\/contentproviders\/flat\/npo.png"},"tags":[],"seriesId":"8CpDesE8Gk22rycQ5YifPA"},{"id":"XL4HAVYwc06xnJTvNCu34Q","type":"Vod","title":"Pingu","subtitle":"Robby de snowboarder","description":"VPRO - Klei-animatieserie over de kleine pingu\u00efn Pingu.","formattedEpisodeNumbering":null,"formattedDate":"Di 20 jan. 2009","formattedDateShort":"Jan. 2009","formattedTime":"11:43","formattedDuration":"4m","formattedAvailabilityWindow":null,"formattedAvailabilityWindowShort":null,"image":{"portraitUrl":null,"landscapeUrl":"https:\/\/images.nlziet.nl\/metadataimportimages\/source\/2C6FB2F6DC24995659566A1ED6B70DB9DF19442B30AAE25878DE28C59BF881A7.jpg"},"logo":{"normalUrl":"https:\/\/cdn.nlziet.nl\/static\/assets\/contentproviders\/npo.png","darkUrl":"https:\/\/cdn.nlziet.nl\/static\/assets\/contentproviders\/dark\/npo.png","flatUrl":"https:\/\/cdn.nlziet.nl\/static\/assets\/contentproviders\/flat\/npo.png"},"tags":[],"seriesId":"8CpDesE8Gk22rycQ5YifPA"},{"id":"9PRw3CTqpU2V5fCZ9mmbYg","type":"Vod","title":"Pingu","subtitle":"Pingu maakt het karwei af","description":"VPRO - Klei-animatieserie over de kleine pingu\u00efn Pingu.","formattedEpisodeNumbering":null,"formattedDate":"Wo 14 jan. 2009","formattedDateShort":"Jan. 2009","formattedTime":"11:42","formattedDuration":"4m","formattedAvailabilityWindow":null,"formattedAvailabilityWindowShort":null,"image":{"portraitUrl":null,"landscapeUrl":"https:\/\/images.nlziet.nl\/metadataimportimages\/source\/7B4996BBC5763FAF5D48A4EED74F42543D2DF9BA1F83946E7384A74D20DB56BA.jpg"},"logo":{"normalUrl":"https:\/\/cdn.nlziet.nl\/static\/assets\/contentproviders\/npo.png","darkUrl":"https:\/\/cdn.nlziet.nl\/static\/assets\/contentproviders\/dark\/npo.png","flatUrl":"https:\/\/cdn.nlziet.nl\/static\/assets\/contentproviders\/flat\/npo.png"},"tags":[],"seriesId":"8CpDesE8Gk22rycQ5YifPA"},{"id":"sAoWMuU3wk2Mmp1bXNWfXQ","type":"Vod","title":"Pingu","subtitle":"Pingu graaft een gat","description":"VPRO - Klei-animatieserie over de kleine pingu\u00efn Pingu.","formattedEpisodeNumbering":null,"formattedDate":"Di 13 jan. 2009","formattedDateShort":"Jan. 2009","formattedTime":"11:45","formattedDuration":"4m","formattedAvailabilityWindow":null,"formattedAvailabilityWindowShort":null,"image":{"portraitUrl":null,"landscapeUrl":"https:\/\/images.nlziet.nl\/metadataimportimages\/source\/8B47B47DB86EBB33C0F652D91CDAAC50D0A99BCDC2B4EEA8D13AED5EB684A8FA.jpg"},"logo":{"normalUrl":"https:\/\/cdn.nlziet.nl\/static\/assets\/contentproviders\/npo.png","darkUrl":"https:\/\/cdn.nlziet.nl\/static\/assets\/contentproviders\/dark\/npo.png","flatUrl":"https:\/\/cdn.nlziet.nl\/static\/assets\/contentproviders\/flat\/npo.png"},"tags":[],"seriesId":"8CpDesE8Gk22rycQ5YifPA"},{"id":"unVwmZz12EyeRIQm0w2aOw","type":"Vod","title":"Pingu","subtitle":"Pingu wil vliegen","description":"VPRO - Klei-animatieserie over de kleine pingu\u00efn Pingu.","formattedEpisodeNumbering":null,"formattedDate":"Di 23 dec. 2008","formattedDateShort":"Dec. 2008","formattedTime":"13:58","formattedDuration":"4m","formattedAvailabilityWindow":null,"formattedAvailabilityWindowShort":null,"image":{"portraitUrl":null,"landscapeUrl":"https:\/\/images.nlziet.nl\/metadataimportimages\/source\/24AE6EBF5ED9817B3892192A76F21C96D0DA98E472BBE0C9D269A1B6D17A1EA6.jpg"},"logo":{"normalUrl":"https:\/\/cdn.nlziet.nl\/static\/assets\/contentproviders\/npo.png","darkUrl":"https:\/\/cdn.nlziet.nl\/static\/assets\/contentproviders\/dark\/npo.png","flatUrl":"https:\/\/cdn.nlziet.nl\/static\/assets\/contentproviders\/flat\/npo.png"},"tags":[],"seriesId":"8CpDesE8Gk22rycQ5YifPA"},{"id":"E1Gh1xfvZkayDDA8ftyAig","type":"Vod","title":"Pingu","subtitle":"Pingu's winderige dag","description":"VPRO - Klei-animatieserie over de kleine pingu\u00efn Pingu.","formattedEpisodeNumbering":null,"formattedDate":"Ma 30 mrt. 2009","formattedDateShort":"Mrt. 2009","formattedTime":"13:52","formattedDuration":"4m","formattedAvailabilityWindow":null,"formattedAvailabilityWindowShort":null,"image":{"portraitUrl":null,"landscapeUrl":"https:\/\/images.nlziet.nl\/metadataimportimages\/source\/5555C7717FCFEFA0FCBA54A8572FE6C30BCE330C9CDC80B0413A6FF0D1926F7A.jpg"},"logo":{"normalUrl":"https:\/\/cdn.nlziet.nl\/static\/assets\/contentproviders\/npo.png","darkUrl":"https:\/\/cdn.nlziet.nl\/static\/assets\/contentproviders\/dark\/npo.png","flatUrl":"https:\/\/cdn.nlziet.nl\/static\/assets\/contentproviders\/flat\/npo.png"},"tags":[],"seriesId":"8CpDesE8Gk22rycQ5YifPA"},{"id":"G1nC4liidk-ipRJPa5_Ziw","type":"Vod","title":"Pingu","subtitle":"Pinga's zoekgreraakte konijntje","description":"VPRO - Klei-animatieserie over de kleine pingu\u00efn Pingu.","formattedEpisodeNumbering":null,"formattedDate":"Di 6 jan. 2009","formattedDateShort":"Jan. 2009","formattedTime":"11:46","formattedDuration":"4m","formattedAvailabilityWindow":null,"formattedAvailabilityWindowShort":null,"image":{"portraitUrl":null,"landscapeUrl":"https:\/\/images.nlziet.nl\/metadataimportimages\/source\/117C8BF5E241F365BD64770E64D4D069DBABA84BABB0F91E5CC355704514D53D.jpg"},"logo":{"normalUrl":"https:\/\/cdn.nlziet.nl\/static\/assets\/contentproviders\/npo.png","darkUrl":"https:\/\/cdn.nlziet.nl\/static\/assets\/contentproviders\/dark\/npo.png","flatUrl":"https:\/\/cdn.nlziet.nl\/static\/assets\/contentproviders\/flat\/npo.png"},"tags":[],"seriesId":"8CpDesE8Gk22rycQ5YifPA"},{"id":"j4X6HujxhEeVANO6lLceBw","type":"Vod","title":"Pingu","subtitle":"Pingu's springplezier","description":"VPRO - Klei-animatieserie over de kleine pingu\u00efn Pingu.","formattedEpisodeNumbering":null,"formattedDate":"Di 30 dec. 2008","formattedDateShort":"Dec. 2008","formattedTime":"12:01","formattedDuration":"4m","formattedAvailabilityWindow":null,"formattedAvailabilityWindowShort":null,"image":{"portraitUrl":null,"landscapeUrl":"https:\/\/images.nlziet.nl\/metadataimportimages\/source\/0FCEBA9B3C128EFD9EBBBDB3D1280F21F4E00892DD0DD21600DFB4334E1F12E0.jpg"},"logo":{"normalUrl":"https:\/\/cdn.nlziet.nl\/static\/assets\/contentproviders\/npo.png","darkUrl":"https:\/\/cdn.nlziet.nl\/static\/assets\/contentproviders\/dark\/npo.png","flatUrl":"https:\/\/cdn.nlziet.nl\/static\/assets\/contentproviders\/flat\/npo.png"},"tags":[],"seriesId":"8CpDesE8Gk22rycQ5YifPA"},{"id":"W_OBCMsZxUiqoeYNOz4uEg","type":"Vod","title":"Pingu","subtitle":"Pinga slaapwandelt","description":"VPRO - Klei-animatieserie over de kleine pingu\u00efn Pingu.","formattedEpisodeNumbering":null,"formattedDate":"Ma 29 dec. 2008","formattedDateShort":"Dec. 2008","formattedTime":"11:45","formattedDuration":"4m","formattedAvailabilityWindow":null,"formattedAvailabilityWindowShort":null,"image":{"portraitUrl":null,"landscapeUrl":"https:\/\/images.nlziet.nl\/metadataimportimages\/source\/D7193CDB5B78AB66913F00CBB5479594B30615664D6A9AC96743F91C493DD2E6.jpg"},"logo":{"normalUrl":"https:\/\/cdn.nlziet.nl\/static\/assets\/contentproviders\/npo.png","darkUrl":"https:\/\/cdn.nlziet.nl\/static\/assets\/contentproviders\/dark\/npo.png","flatUrl":"https:\/\/cdn.nlziet.nl\/static\/assets\/contentproviders\/flat\/npo.png"},"tags":[],"seriesId":"8CpDesE8Gk22rycQ5YifPA"},{"id":"vDJbjiogckKrsizb1uceUg","type":"Vod","title":"Pingu","subtitle":"Pingi's Valentijnskaart","description":"VPRO - Klei-animatieserie over de kleine pingu\u00efn Pingu.","formattedEpisodeNumbering":null,"formattedDate":"Vr 27 feb. 2009","formattedDateShort":"Feb. 2009","formattedTime":"11:32","formattedDuration":"4m","formattedAvailabilityWindow":null,"formattedAvailabilityWindowShort":null,"image":{"portraitUrl":null,"landscapeUrl":"https:\/\/images.nlziet.nl\/metadataimportimages\/source\/AD73EABF6187C55EA000A9E786CCD556510247B70DCE61EC031267FA00637D4E.jpg"},"logo":{"normalUrl":"https:\/\/cdn.nlziet.nl\/static\/assets\/contentproviders\/npo.png","darkUrl":"https:\/\/cdn.nlziet.nl\/static\/assets\/contentproviders\/dark\/npo.png","flatUrl":"https:\/\/cdn.nlziet.nl\/static\/assets\/contentproviders\/flat\/npo.png"},"tags":[],"seriesId":"8CpDesE8Gk22rycQ5YifPA"}]