[{"id":"fhCadhIzP0i9i_Yz8gsfHA","type":"Vod","title":"Ambulance UK","subtitle":"Afl. 3","description":"RTL5 - Britse realityserie over een Engelse ambulancedienst. Zowel de medewerkers van de hectische meldkamer als de ambulancediensten op straat worden op de voet gevolgd.","formattedEpisodeNumbering":"S1:A3","formattedDate":"Do 3 feb.","formattedDateShort":"Do 3 feb.","formattedTime":"22:40","formattedDuration":"57m","formattedAvailabilityWindow":"Vandaag nog beschikbaar","formattedAvailabilityWindowShort":"Nog 1 d. beschikbaar","image":{"portraitUrl":null,"landscapeUrl":"https:\/\/images.nlziet.nl\/metadataimportimages\/source\/6127AB943B81179A027D0B20414782ADF8A8F863AFB1EEEF482881A0FD864C30.jpg"},"logo":{"normalUrl":"https:\/\/cdn.nlziet.nl\/static\/assets\/contentproviders\/rtl.png","darkUrl":"https:\/\/cdn.nlziet.nl\/static\/assets\/contentproviders\/dark\/rtl.png","flatUrl":"https:\/\/cdn.nlziet.nl\/static\/assets\/contentproviders\/flat\/rtl.png"},"tags":[],"seriesId":"6xUGPtvFHE2E7juM6r4QgQ"}]