[{"id":"ow4qRDIRtEuM0OQWJiNHOA","type":"Vod","title":"The Island","subtitle":"8:","description":"Net5 - Vijftien deelnemers gaan de ultieme survivaluitdaging aan. Geen spellen, geen afvallers, geen eliminaties. Enkel de kwestie van leven of dood; overleven in zijn puurste vorm.  De deelnemers worden gedropt op een verlaten eiland en moeten op zoek naar voedsel, water en een onderkomen met niks anders dan de kleding die ze dragen. Ze zijn compleet op zichzelf aangewezen, sterker nog, er is zelfs geen crew of cameraploeg aanwezig. Ze filmen alles zelf.","formattedEpisodeNumbering":null,"formattedDate":"Do 10 mrt. 2016","formattedDateShort":"Mrt. 2016","formattedTime":"20:33","formattedDuration":"57m","formattedAvailabilityWindow":null,"formattedAvailabilityWindowShort":null,"image":{"portraitUrl":null,"landscapeUrl":"https:\/\/images.nlziet.nl\/metadataimportimages\/source\/AFFAC00D8E1F105BF82424DB0388738DCF6247E24B7AACD56AF3992149E2BB21.jpg"},"logo":{"normalUrl":"https:\/\/cdn.nlziet.nl\/static\/assets\/contentproviders\/sbs.png","darkUrl":"https:\/\/cdn.nlziet.nl\/static\/assets\/contentproviders\/dark\/sbs.png","flatUrl":"https:\/\/cdn.nlziet.nl\/static\/assets\/contentproviders\/flat\/sbs.png"},"tags":[],"seriesId":"7SzPHLzNbkO53-EUdj0XJQ"},{"id":"mL_IX4wDQ02hx-queRAm2Q","type":"Vod","title":"The Island","subtitle":"7:","description":"Net5 - Vijftien deelnemers gaan de ultieme survivaluitdaging aan. Geen spellen, geen afvallers, geen eliminaties. Enkel de kwestie van leven of dood; overleven in zijn puurste vorm.  De deelnemers worden gedropt op een verlaten eiland en moeten op zoek naar voedsel, water en een onderkomen met niks anders dan de kleding die ze dragen. Ze zijn compleet op zichzelf aangewezen, sterker nog, er is zelfs geen crew of cameraploeg aanwezig. Ze filmen alles zelf.","formattedEpisodeNumbering":null,"formattedDate":"Do 3 mrt. 2016","formattedDateShort":"Mrt. 2016","formattedTime":"20:35","formattedDuration":"1u 2m","formattedAvailabilityWindow":null,"formattedAvailabilityWindowShort":null,"image":{"portraitUrl":null,"landscapeUrl":"https:\/\/images.nlziet.nl\/metadataimportimages\/source\/6F4079581F5A9F58D3F6DC6F9A86C08C801994BAF342763689B1440108EE7A7B.jpg"},"logo":{"normalUrl":"https:\/\/cdn.nlziet.nl\/static\/assets\/contentproviders\/sbs.png","darkUrl":"https:\/\/cdn.nlziet.nl\/static\/assets\/contentproviders\/dark\/sbs.png","flatUrl":"https:\/\/cdn.nlziet.nl\/static\/assets\/contentproviders\/flat\/sbs.png"},"tags":[],"seriesId":"7SzPHLzNbkO53-EUdj0XJQ"},{"id":"Z18CCsKMlUq17810E_yI9w","type":"Vod","title":"The Island","subtitle":"6:","description":"Net5 - Vijftien deelnemers gaan de ultieme survivaluitdaging aan. Geen spellen, geen afvallers, geen eliminaties. Enkel de kwestie van leven of dood; overleven in zijn puurste vorm.  De deelnemers worden gedropt op een verlaten eiland en moeten op zoek naar voedsel, water en een onderkomen met niks anders dan de kleding die ze dragen. Ze zijn compleet op zichzelf aangewezen, sterker nog, er is zelfs geen crew of cameraploeg aanwezig. Ze filmen alles zelf.","formattedEpisodeNumbering":null,"formattedDate":"Do 25 feb. 2016","formattedDateShort":"Feb. 2016","formattedTime":"20:33","formattedDuration":"1u 1m","formattedAvailabilityWindow":null,"formattedAvailabilityWindowShort":null,"image":{"portraitUrl":null,"landscapeUrl":"https:\/\/images.nlziet.nl\/metadataimportimages\/source\/A3358E75E25E387E258BFB743B4C0067F343CBAB8727A97E19A56C663EF46D21.jpg"},"logo":{"normalUrl":"https:\/\/cdn.nlziet.nl\/static\/assets\/contentproviders\/sbs.png","darkUrl":"https:\/\/cdn.nlziet.nl\/static\/assets\/contentproviders\/dark\/sbs.png","flatUrl":"https:\/\/cdn.nlziet.nl\/static\/assets\/contentproviders\/flat\/sbs.png"},"tags":[],"seriesId":"7SzPHLzNbkO53-EUdj0XJQ"},{"id":"LS53lWBXbUm3XzdztQ4_Uw","type":"Vod","title":"The Island","subtitle":"5:","description":"Net5 - Vijftien deelnemers gaan de ultieme survivaluitdaging aan. Geen spellen, geen afvallers, geen eliminaties. Enkel de kwestie van leven of dood; overleven in zijn puurste vorm.  De deelnemers worden gedropt op een verlaten eiland en moeten op zoek naar voedsel, water en een onderkomen met niks anders dan de kleding die ze dragen. Ze zijn compleet op zichzelf aangewezen, sterker nog, er is zelfs geen crew of cameraploeg aanwezig. Ze filmen alles zelf.","formattedEpisodeNumbering":null,"formattedDate":"Do 18 feb. 2016","formattedDateShort":"Feb. 2016","formattedTime":"20:40","formattedDuration":"1u 0m","formattedAvailabilityWindow":null,"formattedAvailabilityWindowShort":null,"image":{"portraitUrl":null,"landscapeUrl":"https:\/\/images.nlziet.nl\/metadataimportimages\/source\/E63DC0DD6E7AE2C91963836795FADD4B387996929B185C91B9757D60A6FA6DCA.jpg"},"logo":{"normalUrl":"https:\/\/cdn.nlziet.nl\/static\/assets\/contentproviders\/sbs.png","darkUrl":"https:\/\/cdn.nlziet.nl\/static\/assets\/contentproviders\/dark\/sbs.png","flatUrl":"https:\/\/cdn.nlziet.nl\/static\/assets\/contentproviders\/flat\/sbs.png"},"tags":[],"seriesId":"7SzPHLzNbkO53-EUdj0XJQ"},{"id":"R7CSka3aHUSYTOteWxGddw","type":"Vod","title":"The Island","subtitle":"4:","description":"Net5 - Vijftien deelnemers gaan de ultieme survivaluitdaging aan. Geen spellen, geen afvallers, geen eliminaties. Enkel de kwestie van leven of dood; overleven in zijn puurste vorm.  De deelnemers worden gedropt op een verlaten eiland en moeten op zoek naar voedsel, water en een onderkomen met niks anders dan de kleding die ze dragen. Ze zijn compleet op zichzelf aangewezen, sterker nog, er is zelfs geen crew of cameraploeg aanwezig. Ze filmen alles zelf.","formattedEpisodeNumbering":null,"formattedDate":"Do 11 feb. 2016","formattedDateShort":"Feb. 2016","formattedTime":"20:40","formattedDuration":"57m","formattedAvailabilityWindow":null,"formattedAvailabilityWindowShort":null,"image":{"portraitUrl":null,"landscapeUrl":"https:\/\/images.nlziet.nl\/metadataimportimages\/source\/DE888E322E0448D6FD54A5D70D865A55501CABD3F135C6AF8F3CBAEC36E1E458.jpg"},"logo":{"normalUrl":"https:\/\/cdn.nlziet.nl\/static\/assets\/contentproviders\/sbs.png","darkUrl":"https:\/\/cdn.nlziet.nl\/static\/assets\/contentproviders\/dark\/sbs.png","flatUrl":"https:\/\/cdn.nlziet.nl\/static\/assets\/contentproviders\/flat\/sbs.png"},"tags":[],"seriesId":"7SzPHLzNbkO53-EUdj0XJQ"},{"id":"sugKAQXmaECiuEVUcbjJgA","type":"Vod","title":"The Island","subtitle":"3:","description":"Net5 - Vijftien deelnemers gaan de ultieme survivaluitdaging aan. Geen spellen, geen afvallers, geen eliminaties. Enkel de kwestie van leven of dood; overleven in zijn puurste vorm.  De deelnemers worden gedropt op een verlaten eiland en moeten op zoek naar voedsel, water en een onderkomen met niks anders dan de kleding die ze dragen. Ze zijn compleet op zichzelf aangewezen, sterker nog, er is zelfs geen crew of cameraploeg aanwezig. Ze filmen alles zelf.","formattedEpisodeNumbering":null,"formattedDate":"Do 4 feb. 2016","formattedDateShort":"Feb. 2016","formattedTime":"20:39","formattedDuration":"56m","formattedAvailabilityWindow":null,"formattedAvailabilityWindowShort":null,"image":{"portraitUrl":null,"landscapeUrl":"https:\/\/images.nlziet.nl\/metadataimportimages\/source\/4A93A7DA4C64F6559126D2F91F3B9BF80D3140C20D619EE31F00B31C649D220B.jpg"},"logo":{"normalUrl":"https:\/\/cdn.nlziet.nl\/static\/assets\/contentproviders\/sbs.png","darkUrl":"https:\/\/cdn.nlziet.nl\/static\/assets\/contentproviders\/dark\/sbs.png","flatUrl":"https:\/\/cdn.nlziet.nl\/static\/assets\/contentproviders\/flat\/sbs.png"},"tags":[],"seriesId":"7SzPHLzNbkO53-EUdj0XJQ"},{"id":"372RYvFgN0CHV4HXkKvSIg","type":"Vod","title":"The Island","subtitle":"2:","description":"Net5 - Vijftien deelnemers gaan de ultieme survivaluitdaging aan. Geen spellen, geen afvallers, geen eliminaties. Enkel de kwestie van leven of dood; overleven in zijn puurste vorm.  De deelnemers worden gedropt op een verlaten eiland en moeten op zoek naar voedsel, water en een onderkomen met niks anders dan de kleding die ze dragen. Ze zijn compleet op zichzelf aangewezen, sterker nog, er is zelfs geen crew of cameraploeg aanwezig. Ze filmen alles zelf.","formattedEpisodeNumbering":null,"formattedDate":"Do 28 jan. 2016","formattedDateShort":"Jan. 2016","formattedTime":"20:38","formattedDuration":"55m","formattedAvailabilityWindow":null,"formattedAvailabilityWindowShort":null,"image":{"portraitUrl":null,"landscapeUrl":"https:\/\/images.nlziet.nl\/metadataimportimages\/source\/785A0C0561E854B9AF704DD6D70A870335B84A52C12D79C9D95E24CA663B6DB3.jpg"},"logo":{"normalUrl":"https:\/\/cdn.nlziet.nl\/static\/assets\/contentproviders\/sbs.png","darkUrl":"https:\/\/cdn.nlziet.nl\/static\/assets\/contentproviders\/dark\/sbs.png","flatUrl":"https:\/\/cdn.nlziet.nl\/static\/assets\/contentproviders\/flat\/sbs.png"},"tags":[],"seriesId":"7SzPHLzNbkO53-EUdj0XJQ"},{"id":"AtzxVkR2gkqEq4uORdfw2w","type":"Vod","title":"The Island","subtitle":"1:","description":"Net5 - Vijftien deelnemers gaan de ultieme survivaluitdaging aan. Geen spellen, geen afvallers, geen eliminaties. Enkel de kwestie van leven of dood; overleven in zijn puurste vorm.  De deelnemers worden gedropt op een verlaten eiland en moeten op zoek naar voedsel, water en een onderkomen met niks anders dan de kleding die ze dragen. Ze zijn compleet op zichzelf aangewezen, sterker nog, er is zelfs geen crew of cameraploeg aanwezig. Ze filmen alles zelf.","formattedEpisodeNumbering":null,"formattedDate":"Do 21 jan. 2016","formattedDateShort":"Jan. 2016","formattedTime":"20:38","formattedDuration":"58m","formattedAvailabilityWindow":null,"formattedAvailabilityWindowShort":null,"image":{"portraitUrl":null,"landscapeUrl":"https:\/\/images.nlziet.nl\/metadataimportimages\/source\/6556B85F70430AEB29B7A3B9FEB542BAF399FE8282E665BA3838B3163AADCDB5.jpg"},"logo":{"normalUrl":"https:\/\/cdn.nlziet.nl\/static\/assets\/contentproviders\/sbs.png","darkUrl":"https:\/\/cdn.nlziet.nl\/static\/assets\/contentproviders\/dark\/sbs.png","flatUrl":"https:\/\/cdn.nlziet.nl\/static\/assets\/contentproviders\/flat\/sbs.png"},"tags":[],"seriesId":"7SzPHLzNbkO53-EUdj0XJQ"}]