[{"id":"xjiHE0ZhHEqAVO5zEt6q8w","type":"Vod","title":"Porno Blootgelegd","subtitle":"Afl. 3","description":"RTLZ - Documentaireserie waarin zes Britse twintigers afreizen naar Spanje om onderzoek te doen naar de porno-industrie. Ze spreken met pornoproducenten, -acteurs en politie-informanten en ontdekken een wereld vol met lelijke waarheden en complexe dilemma's.","formattedEpisodeNumbering":null,"formattedDate":"Vr 5 aug.","formattedDateShort":"Vr 5 aug.","formattedTime":"22:25","formattedDuration":"45m","formattedAvailabilityWindow":null,"formattedAvailabilityWindowShort":null,"image":{"portraitUrl":null,"landscapeUrl":"https:\/\/images.nlziet.nl\/metadataimportimages\/source\/3B01C4BE23F9C46AB75AC3D0C1C4CAA8FF80EC2C2369484C25CAD428225312F8.jpg"},"logo":{"normalUrl":"https:\/\/cdn.nlziet.nl\/static\/assets\/contentproviders\/rtl.png","darkUrl":"https:\/\/cdn.nlziet.nl\/static\/assets\/contentproviders\/dark\/rtl.png","flatUrl":"https:\/\/cdn.nlziet.nl\/static\/assets\/contentproviders\/flat\/rtl.png"},"tags":[],"seriesId":"8CtmMeCauUKULjZmRf7JFQ"},{"id":"YXxcWBaurUaglZCcN6kwsw","type":"Vod","title":"Porno Blootgelegd","subtitle":"Afl. 2","description":"RTLZ - Documentaireserie waarin zes Britse twintigers afreizen naar Spanje om onderzoek te doen naar de porno-industrie. Ze spreken met pornoproducenten, -acteurs en politie-informanten en ontdekken een wereld vol met lelijke waarheden en complexe dilemma's.","formattedEpisodeNumbering":null,"formattedDate":"Vr 5 aug.","formattedDateShort":"Vr 5 aug.","formattedTime":"21:25","formattedDuration":"45m","formattedAvailabilityWindow":null,"formattedAvailabilityWindowShort":null,"image":{"portraitUrl":null,"landscapeUrl":"https:\/\/images.nlziet.nl\/metadataimportimages\/source\/932865DD4AA51CB57CD5FF0DF6758E13CEC17E0B175FC48F461A85608FED1EA6.jpg"},"logo":{"normalUrl":"https:\/\/cdn.nlziet.nl\/static\/assets\/contentproviders\/rtl.png","darkUrl":"https:\/\/cdn.nlziet.nl\/static\/assets\/contentproviders\/dark\/rtl.png","flatUrl":"https:\/\/cdn.nlziet.nl\/static\/assets\/contentproviders\/flat\/rtl.png"},"tags":[],"seriesId":"8CtmMeCauUKULjZmRf7JFQ"},{"id":"M16KNgRhgEOJIZiMeub_IA","type":"Vod","title":"Porno Blootgelegd","subtitle":"Afl. 1","description":"RTLZ - Documentaireserie waarin zes Britse twintigers afreizen naar Spanje om onderzoek te doen naar de porno-industrie. Ze spreken met pornoproducenten, -acteurs en politie-informanten en ontdekken een wereld vol met lelijke waarheden en complexe dilemma's.","formattedEpisodeNumbering":null,"formattedDate":"Vr 5 aug.","formattedDateShort":"Vr 5 aug.","formattedTime":"20:30","formattedDuration":"45m","formattedAvailabilityWindow":null,"formattedAvailabilityWindowShort":null,"image":{"portraitUrl":null,"landscapeUrl":"https:\/\/images.nlziet.nl\/metadataimportimages\/source\/12643E79BCECFEDC63C0A648AF26AF701DD5DEDF04B6039FB14D464E08BE96D0.jpg"},"logo":{"normalUrl":"https:\/\/cdn.nlziet.nl\/static\/assets\/contentproviders\/rtl.png","darkUrl":"https:\/\/cdn.nlziet.nl\/static\/assets\/contentproviders\/dark\/rtl.png","flatUrl":"https:\/\/cdn.nlziet.nl\/static\/assets\/contentproviders\/flat\/rtl.png"},"tags":[],"seriesId":"8CtmMeCauUKULjZmRf7JFQ"}]