[{"id":"63-ouA-fMUuu8kRwo8f2Cg","type":"Vod","title":"Zappsport","subtitle":"Compilatie","description":"AVROTROS - Battle watersportdag","formattedEpisodeNumbering":null,"formattedDate":"Wo 21 jun. 2017","formattedDateShort":"Jun. 2017","formattedTime":"14:15","formattedDuration":"15m","formattedAvailabilityWindow":null,"formattedAvailabilityWindowShort":null,"image":{"portraitUrl":null,"landscapeUrl":"https:\/\/images.nlziet.nl\/metadataimportimages\/source\/233FDBD7EA9321792D5037F306D3AD1A6FF9B29B1F9B91DDE5C2F629C36C3578.jpg"},"logo":{"normalUrl":"https:\/\/cdn.nlziet.nl\/static\/assets\/contentproviders\/npo.png","darkUrl":"https:\/\/cdn.nlziet.nl\/static\/assets\/contentproviders\/dark\/npo.png","flatUrl":"https:\/\/cdn.nlziet.nl\/static\/assets\/contentproviders\/flat\/npo.png"},"tags":[],"seriesId":"7QrOqPrilEGeM3pgWB1w1A"},{"id":"9DEunxg1ukmTUl6IHIZjAw","type":"Vod","title":"Zappsport","subtitle":"Compilatie","description":"AVROTROS - De jongens tegen de meisjes in de Battle footgolf.\n\nToppers:\nRiechedly Bazoer\n\nSusanne Marees","formattedEpisodeNumbering":null,"formattedDate":"Wo 14 jun. 2017","formattedDateShort":"Jun. 2017","formattedTime":"14:20","formattedDuration":"15m","formattedAvailabilityWindow":null,"formattedAvailabilityWindowShort":null,"image":{"portraitUrl":null,"landscapeUrl":"https:\/\/images.nlziet.nl\/metadataimportimages\/source\/3BEED206ABE122AF652BF031D51D5782358520E8F3A1948C2D97EC0555C22485.jpg"},"logo":{"normalUrl":"https:\/\/cdn.nlziet.nl\/static\/assets\/contentproviders\/npo.png","darkUrl":"https:\/\/cdn.nlziet.nl\/static\/assets\/contentproviders\/dark\/npo.png","flatUrl":"https:\/\/cdn.nlziet.nl\/static\/assets\/contentproviders\/flat\/npo.png"},"tags":[],"seriesId":"7QrOqPrilEGeM3pgWB1w1A"},{"id":"Pr9DVCll70i4OCp9hSXqzw","type":"Vod","title":"Zappsport","subtitle":"Compilatie","description":"AVROTROS - - Hellup voetbal \u2013 Ajax  met topper Davy Klaassen\nDavy Klaassen is een Nederlands voetballer die bij voorkeur als middenvelder speelt voor Ajax. \nKind \u2013 Chaz 10 jaar is een echte Ajax fan. Hij heeft nog wat moeite met koppen. Als hij kopt gaat de bal alle kanten op of is hij te hard. Hierbij kan hij dus nog wel wat hulp gebruiken van Davy.\n\nBlessuretijd met Memphis Depay en Quincy Promes \n\nDurf te vragen met Jeroen Zoet","formattedEpisodeNumbering":null,"formattedDate":"Wo 7 jun. 2017","formattedDateShort":"Jun. 2017","formattedTime":"14:15","formattedDuration":"15m","formattedAvailabilityWindow":null,"formattedAvailabilityWindowShort":null,"image":{"portraitUrl":null,"landscapeUrl":"https:\/\/images.nlziet.nl\/metadataimportimages\/source\/16C32F9548F1ABA63E0D6CF950DB7112761CEAE53C306A40316E5FE67DEC873F.jpg"},"logo":{"normalUrl":"https:\/\/cdn.nlziet.nl\/static\/assets\/contentproviders\/npo.png","darkUrl":"https:\/\/cdn.nlziet.nl\/static\/assets\/contentproviders\/dark\/npo.png","flatUrl":"https:\/\/cdn.nlziet.nl\/static\/assets\/contentproviders\/flat\/npo.png"},"tags":[],"seriesId":"7QrOqPrilEGeM3pgWB1w1A"},{"id":"h2gbJaap7UCKLxlzfJTWgA","type":"Vod","title":"Zappsport","subtitle":"compilatie","description":"AVROTROS - De jongens tegen de meisjes in de Battle obstaclerun. Ze worden getraind door toppers Bart van Zelst en Chantal Verwest","formattedEpisodeNumbering":null,"formattedDate":"Wo 31 mei. 2017","formattedDateShort":"Mei. 2017","formattedTime":"14:15","formattedDuration":"14m","formattedAvailabilityWindow":null,"formattedAvailabilityWindowShort":null,"image":{"portraitUrl":null,"landscapeUrl":"https:\/\/images.nlziet.nl\/metadataimportimages\/source\/F2FF29356D8134FF4B2E60D1A67D3A315224A7A6EC8DBD77D2BA48ABA7F863BC.jpg"},"logo":{"normalUrl":"https:\/\/cdn.nlziet.nl\/static\/assets\/contentproviders\/npo.png","darkUrl":"https:\/\/cdn.nlziet.nl\/static\/assets\/contentproviders\/dark\/npo.png","flatUrl":"https:\/\/cdn.nlziet.nl\/static\/assets\/contentproviders\/flat\/npo.png"},"tags":[],"seriesId":"7QrOqPrilEGeM3pgWB1w1A"},{"id":"HxQJv2aUP02ZX_iljiTxnA","type":"Vod","title":"Zappsport","subtitle":"Compilatie","description":"AVROTROS - De jongens tegen de meisjes in de Battle sumoworstelen. Met toppers Pieter en Steven Vroon.","formattedEpisodeNumbering":null,"formattedDate":"Wo 24 mei. 2017","formattedDateShort":"Mei. 2017","formattedTime":"14:10","formattedDuration":"15m","formattedAvailabilityWindow":null,"formattedAvailabilityWindowShort":null,"image":{"portraitUrl":null,"landscapeUrl":"https:\/\/images.nlziet.nl\/metadataimportimages\/source\/7FE93E5FD61602279ED6A67ECBB023D088E098C159DD50422CC98113C143094A.jpg"},"logo":{"normalUrl":"https:\/\/cdn.nlziet.nl\/static\/assets\/contentproviders\/npo.png","darkUrl":"https:\/\/cdn.nlziet.nl\/static\/assets\/contentproviders\/dark\/npo.png","flatUrl":"https:\/\/cdn.nlziet.nl\/static\/assets\/contentproviders\/flat\/npo.png"},"tags":[],"seriesId":"7QrOqPrilEGeM3pgWB1w1A"},{"id":"xQ0o8w1VfkikcWbNhrC5vg","type":"Vod","title":"Zappsport","subtitle":"Compilatie","description":"AVROTROS - - Hellup korfbal\n\nThijn is helemaal weg van korfbal. Zijn probleem: bij korfbal gebeurt het nog al eens dat je op de korf wil schieten, maar dat er flink verdedigd wordt. Daarom doe je een stap naar achteren zodat je wel goed op de korf kan schieten. Maar als Thijn dit doet, doet hij vaak per ongeluk nog een extra hupje erachteraan. Hierdoor kan hij niet goed schieten en scoort daardoor niet. De korfballers van PKC uit Papendrecht zijn zijn grote helden. Hij vindt het erg cool dat Laurens Leeuwenhoek hem les komt geven.\nTopper Laurens Leeuwenhoek is de aanjager en allrounder van PKC en het Nederlands \n\n\n- Repo ABN AMRO World Tournament\n\n- Move breakdance: Sam met Baby freeze naar head freeze\n\n- Portret turnen","formattedEpisodeNumbering":null,"formattedDate":"Wo 17 mei. 2017","formattedDateShort":"Mei. 2017","formattedTime":"14:20","formattedDuration":"15m","formattedAvailabilityWindow":null,"formattedAvailabilityWindowShort":null,"image":{"portraitUrl":null,"landscapeUrl":"https:\/\/images.nlziet.nl\/metadataimportimages\/source\/856402827CFCC6E3B492369F0D589C3B0B8D056D26AB31B1FA086302743ACB3B.jpg"},"logo":{"normalUrl":"https:\/\/cdn.nlziet.nl\/static\/assets\/contentproviders\/npo.png","darkUrl":"https:\/\/cdn.nlziet.nl\/static\/assets\/contentproviders\/dark\/npo.png","flatUrl":"https:\/\/cdn.nlziet.nl\/static\/assets\/contentproviders\/flat\/npo.png"},"tags":[],"seriesId":"7QrOqPrilEGeM3pgWB1w1A"},{"id":"famWTMEa3U-HkoNOqwa3Iw","type":"Vod","title":"Zappsport","subtitle":"Compilatie","description":"AVROTROS - Kindersportprogramma waarin alle takken van sport voorbijkomen.","formattedEpisodeNumbering":null,"formattedDate":"Wo 10 mei. 2017","formattedDateShort":"Mei. 2017","formattedTime":"14:15","formattedDuration":"15m","formattedAvailabilityWindow":null,"formattedAvailabilityWindowShort":null,"image":{"portraitUrl":null,"landscapeUrl":"https:\/\/images.nlziet.nl\/metadataimportimages\/source\/874433B8AE253E6B582F044F7F2D50FE83995C25F7DE5D4EC28E816EB3D72C4C.jpg"},"logo":{"normalUrl":"https:\/\/cdn.nlziet.nl\/static\/assets\/contentproviders\/npo.png","darkUrl":"https:\/\/cdn.nlziet.nl\/static\/assets\/contentproviders\/dark\/npo.png","flatUrl":"https:\/\/cdn.nlziet.nl\/static\/assets\/contentproviders\/flat\/npo.png"},"tags":[],"seriesId":"7QrOqPrilEGeM3pgWB1w1A"},{"id":"r_ZmGQKzfUueV-XmjyHejQ","type":"Vod","title":"Zappsport","subtitle":"compilatie","description":"AVROTROS - De battle klimmen met de toppers Eva Vink en Ulf Lennertz.","formattedEpisodeNumbering":null,"formattedDate":"Wo 3 mei. 2017","formattedDateShort":"Mei. 2017","formattedTime":"14:15","formattedDuration":"15m","formattedAvailabilityWindow":null,"formattedAvailabilityWindowShort":null,"image":{"portraitUrl":null,"landscapeUrl":"https:\/\/images.nlziet.nl\/metadataimportimages\/source\/CC69292152794FD8C00632818B7B916D5AAEB0922A1A3200EAE749BF633B96BB.jpg"},"logo":{"normalUrl":"https:\/\/cdn.nlziet.nl\/static\/assets\/contentproviders\/npo.png","darkUrl":"https:\/\/cdn.nlziet.nl\/static\/assets\/contentproviders\/dark\/npo.png","flatUrl":"https:\/\/cdn.nlziet.nl\/static\/assets\/contentproviders\/flat\/npo.png"},"tags":[],"seriesId":"7QrOqPrilEGeM3pgWB1w1A"},{"id":"aGC9ICCeo0eopLwvCOVhow","type":"Vod","title":"Zappsport","subtitle":"compilatie","description":"AVROTROS - Repo NK Majorette. Eveline treedt solo op maar ook in een groep. \n- Solo doet ze mee in categorie Jeugd 3 Basis. Eveline als nummer .35 aan de beurt als solist.\n- In groepsverband doet ze mee in categorie Jeugd 2.\n\nMet haar groep is ze kanshebber op het kampioenschap.","formattedEpisodeNumbering":null,"formattedDate":"Wo 26 apr. 2017","formattedDateShort":"Apr. 2017","formattedTime":"14:10","formattedDuration":"15m","formattedAvailabilityWindow":null,"formattedAvailabilityWindowShort":null,"image":{"portraitUrl":null,"landscapeUrl":"https:\/\/images.nlziet.nl\/metadataimportimages\/source\/468C1E1E3298E96B9CAE85A24D26429A906FA58C2C9B734239C1C5D8592B78D3.jpg"},"logo":{"normalUrl":"https:\/\/cdn.nlziet.nl\/static\/assets\/contentproviders\/npo.png","darkUrl":"https:\/\/cdn.nlziet.nl\/static\/assets\/contentproviders\/dark\/npo.png","flatUrl":"https:\/\/cdn.nlziet.nl\/static\/assets\/contentproviders\/flat\/npo.png"},"tags":[],"seriesId":"7QrOqPrilEGeM3pgWB1w1A"},{"id":"YZtuFqbLI0qMNjSBZvB6qw","type":"Vod","title":"Zappsport","subtitle":"compilatie","description":"AVROTROS - De jongens tegen de meisjes in de battle zaalvoetbal met toppers Suzanne Bakker en Mohamed Attaibi.","formattedEpisodeNumbering":null,"formattedDate":"Wo 19 apr. 2017","formattedDateShort":"Apr. 2017","formattedTime":"15:10","formattedDuration":"15m","formattedAvailabilityWindow":null,"formattedAvailabilityWindowShort":null,"image":{"portraitUrl":null,"landscapeUrl":"https:\/\/images.nlziet.nl\/metadataimportimages\/source\/B8E41B78A3433A10E87DA90572DD613CCB93C122D7D10C9C1DE59FB843DAFD67.jpg"},"logo":{"normalUrl":"https:\/\/cdn.nlziet.nl\/static\/assets\/contentproviders\/npo.png","darkUrl":"https:\/\/cdn.nlziet.nl\/static\/assets\/contentproviders\/dark\/npo.png","flatUrl":"https:\/\/cdn.nlziet.nl\/static\/assets\/contentproviders\/flat\/npo.png"},"tags":[],"seriesId":"7QrOqPrilEGeM3pgWB1w1A"},{"id":"PkkTMCRStkKd5Si0WLKceg","type":"Vod","title":"Zappsport","subtitle":"compilatie","description":"AVROTROS - Hellup kickboksen met Rico Verhoeven\n\nPortret veldrijden \n\nMove trampoline\n\nRepo synchroonspringen","formattedEpisodeNumbering":null,"formattedDate":"Wo 12 apr. 2017","formattedDateShort":"Apr. 2017","formattedTime":"14:15","formattedDuration":"15m","formattedAvailabilityWindow":null,"formattedAvailabilityWindowShort":null,"image":{"portraitUrl":null,"landscapeUrl":"https:\/\/images.nlziet.nl\/metadataimportimages\/source\/15825C33F0C6FE69631D4EF6737747E9677A80468D3C1DE793171F0C0CB458D1.jpg"},"logo":{"normalUrl":"https:\/\/cdn.nlziet.nl\/static\/assets\/contentproviders\/npo.png","darkUrl":"https:\/\/cdn.nlziet.nl\/static\/assets\/contentproviders\/dark\/npo.png","flatUrl":"https:\/\/cdn.nlziet.nl\/static\/assets\/contentproviders\/flat\/npo.png"},"tags":[],"seriesId":"7QrOqPrilEGeM3pgWB1w1A"},{"id":"amjqZUsKI0qPmGshS04FdQ","type":"Vod","title":"Zappsport","subtitle":"Compilatie","description":"AVROTROS - De jongens tegen de meisjes in de Battle floorbal met toppers Iris Vrijsen en Gijs Dieleman.","formattedEpisodeNumbering":null,"formattedDate":"Wo 5 apr. 2017","formattedDateShort":"Apr. 2017","formattedTime":"15:15","formattedDuration":"15m","formattedAvailabilityWindow":null,"formattedAvailabilityWindowShort":null,"image":{"portraitUrl":null,"landscapeUrl":"https:\/\/images.nlziet.nl\/metadataimportimages\/source\/A822F36F564EB1941E9E821F13A995EBD16FF4CA7C3073C60CF87255B1460DFD.jpg"},"logo":{"normalUrl":"https:\/\/cdn.nlziet.nl\/static\/assets\/contentproviders\/npo.png","darkUrl":"https:\/\/cdn.nlziet.nl\/static\/assets\/contentproviders\/dark\/npo.png","flatUrl":"https:\/\/cdn.nlziet.nl\/static\/assets\/contentproviders\/flat\/npo.png"},"tags":[],"seriesId":"7QrOqPrilEGeM3pgWB1w1A"},{"id":"WQuiTgQnj0unI3nfC1PL9w","type":"Vod","title":"Zappsport","subtitle":"compilatie","description":"AVROTROS - De battle lacrosse \nLacrosse is een mix is van sporten als basketbal, American football en hockey. Indianenstammen speelden ooit lacrosse, om ruzies uit te vechten. Daar deden soms wel 1000 man aan mee! wow! \n\n\nToppers:\nNina Morssinkhof: verdedigster van De Domstad Devils. Speelster van het Nederlands dameselftal waarmee ze deelnam aan het Europees Kampioenschap in Praag.\n\nJorik van Baal: middenvelder van De Domstad Devils. Deed in 2012 en 2014 met het Nederlands mannenelftal mee aan de Europese Kampioenschappen.","formattedEpisodeNumbering":null,"formattedDate":"Wo 29 mrt. 2017","formattedDateShort":"Mrt. 2017","formattedTime":"14:15","formattedDuration":"15m","formattedAvailabilityWindow":null,"formattedAvailabilityWindowShort":null,"image":{"portraitUrl":null,"landscapeUrl":"https:\/\/images.nlziet.nl\/metadataimportimages\/source\/4A5838A04050CDD9AD5E7692CDA398A3F85FB91CBE6B7FAAE2E049FEDE2595D1.jpg"},"logo":{"normalUrl":"https:\/\/cdn.nlziet.nl\/static\/assets\/contentproviders\/npo.png","darkUrl":"https:\/\/cdn.nlziet.nl\/static\/assets\/contentproviders\/dark\/npo.png","flatUrl":"https:\/\/cdn.nlziet.nl\/static\/assets\/contentproviders\/flat\/npo.png"},"tags":[],"seriesId":"7QrOqPrilEGeM3pgWB1w1A"},{"id":"5yIQShU8gEmYpacHq0P4mA","type":"Vod","title":"Zappsport","subtitle":"Compilatie","description":"AVROTROS - Kindersportprogramma waarin alle takken van sport voorbijkomen.","formattedEpisodeNumbering":null,"formattedDate":"Wo 22 mrt. 2017","formattedDateShort":"Mrt. 2017","formattedTime":"15:15","formattedDuration":"15m","formattedAvailabilityWindow":null,"formattedAvailabilityWindowShort":null,"image":{"portraitUrl":null,"landscapeUrl":"https:\/\/images.nlziet.nl\/metadataimportimages\/source\/EB14ACF4233B8528BF67FFA9DABFC8776269AB0DFEA279129323802CF8D5C37E.jpg"},"logo":{"normalUrl":"https:\/\/cdn.nlziet.nl\/static\/assets\/contentproviders\/npo.png","darkUrl":"https:\/\/cdn.nlziet.nl\/static\/assets\/contentproviders\/dark\/npo.png","flatUrl":"https:\/\/cdn.nlziet.nl\/static\/assets\/contentproviders\/flat\/npo.png"},"tags":[],"seriesId":"7QrOqPrilEGeM3pgWB1w1A"},{"id":"0fZDYUSAI0ab_M2hFHrAng","type":"Vod","title":"Zappsport","subtitle":"Compilatie","description":"AVROTROS - De battle klimmen met toppers Eva Vink en Ulf Lennertz.","formattedEpisodeNumbering":null,"formattedDate":"Wo 15 mrt. 2017","formattedDateShort":"Mrt. 2017","formattedTime":"14:15","formattedDuration":"15m","formattedAvailabilityWindow":null,"formattedAvailabilityWindowShort":null,"image":{"portraitUrl":null,"landscapeUrl":"https:\/\/images.nlziet.nl\/metadataimportimages\/source\/546F80DDB1873510D6555BE88F5F66EC33C8BB4FE5A23A465EC6D215BCD0371A.jpg"},"logo":{"normalUrl":"https:\/\/cdn.nlziet.nl\/static\/assets\/contentproviders\/npo.png","darkUrl":"https:\/\/cdn.nlziet.nl\/static\/assets\/contentproviders\/dark\/npo.png","flatUrl":"https:\/\/cdn.nlziet.nl\/static\/assets\/contentproviders\/flat\/npo.png"},"tags":[],"seriesId":"7QrOqPrilEGeM3pgWB1w1A"},{"id":"pixWTWPTLEiW3WgKbBIjaQ","type":"Vod","title":"Zappsport","subtitle":"Compilatie","description":"AVROTROS - De jongens tegen de meisjes in de battle motorcross.\n\n\nMotorcross is de meest populaire motorsport. Een wedstrijd op een speciaal terrein, vol met zandheuvels en scherpe bochten. Wie als eerste bij de finish is, is de winnaar.\nNatuurlijk is motorcross voor stoere jongens. Maar ook voor wilde meiden.\nVanaf je vijfde mag je al gaan racen, op een quad. En als meiden 15 zijn gaan ze naar de speciale Damesklasse.\n\nDe toppers zijn Marc de Reuver en Nancy van de Ven.","formattedEpisodeNumbering":null,"formattedDate":"Wo 8 mrt. 2017","formattedDateShort":"Mrt. 2017","formattedTime":"14:15","formattedDuration":"15m","formattedAvailabilityWindow":null,"formattedAvailabilityWindowShort":null,"image":{"portraitUrl":null,"landscapeUrl":"https:\/\/images.nlziet.nl\/metadataimportimages\/source\/7A6916E7887A7F405B63681386558FB541987A8D782C631A4C146478CF9C5DBB.jpg"},"logo":{"normalUrl":"https:\/\/cdn.nlziet.nl\/static\/assets\/contentproviders\/npo.png","darkUrl":"https:\/\/cdn.nlziet.nl\/static\/assets\/contentproviders\/dark\/npo.png","flatUrl":"https:\/\/cdn.nlziet.nl\/static\/assets\/contentproviders\/flat\/npo.png"},"tags":[],"seriesId":"7QrOqPrilEGeM3pgWB1w1A"},{"id":"zH1OMGNyxEyNl9tjm_fk0w","type":"Vod","title":"Zappsport","subtitle":"Compilatie","description":"AVROTROS - Zappsport Schaatsteam \u2013 afl. 5","formattedEpisodeNumbering":null,"formattedDate":"Wo 1 mrt. 2017","formattedDateShort":"Mrt. 2017","formattedTime":"14:10","formattedDuration":"15m","formattedAvailabilityWindow":null,"formattedAvailabilityWindowShort":null,"image":{"portraitUrl":null,"landscapeUrl":"https:\/\/images.nlziet.nl\/metadataimportimages\/source\/074F7682236A4794624B83A36C01F4D9EF69A09ABDE57737336F920F10EA59AB.jpg"},"logo":{"normalUrl":"https:\/\/cdn.nlziet.nl\/static\/assets\/contentproviders\/npo.png","darkUrl":"https:\/\/cdn.nlziet.nl\/static\/assets\/contentproviders\/dark\/npo.png","flatUrl":"https:\/\/cdn.nlziet.nl\/static\/assets\/contentproviders\/flat\/npo.png"},"tags":[],"seriesId":"7QrOqPrilEGeM3pgWB1w1A"},{"id":"gUDH2VR1T0aT6QxHpDHLRA","type":"Vod","title":"Zappsport","subtitle":"Compilatie","description":"AVROTROS - Zappsport Schaatsteam \u2013 afl. 4","formattedEpisodeNumbering":null,"formattedDate":"Wo 22 feb. 2017","formattedDateShort":"Feb. 2017","formattedTime":"14:20","formattedDuration":"15m","formattedAvailabilityWindow":null,"formattedAvailabilityWindowShort":null,"image":{"portraitUrl":null,"landscapeUrl":"https:\/\/images.nlziet.nl\/metadataimportimages\/source\/973BCDADAFCC563C0D5842D7DB61908BFC93B171EDCE1529D16B8A1DA2D6074D.jpg"},"logo":{"normalUrl":"https:\/\/cdn.nlziet.nl\/static\/assets\/contentproviders\/npo.png","darkUrl":"https:\/\/cdn.nlziet.nl\/static\/assets\/contentproviders\/dark\/npo.png","flatUrl":"https:\/\/cdn.nlziet.nl\/static\/assets\/contentproviders\/flat\/npo.png"},"tags":[],"seriesId":"7QrOqPrilEGeM3pgWB1w1A"},{"id":"ISaIqKJl7kaI4I-1vgZtwg","type":"Vod","title":"Zappsport","subtitle":"Compilatie","description":"AVROTROS - Zappsport Schaatsteam \u2013 afl. 3","formattedEpisodeNumbering":null,"formattedDate":"Wo 15 feb. 2017","formattedDateShort":"Feb. 2017","formattedTime":"14:15","formattedDuration":"15m","formattedAvailabilityWindow":null,"formattedAvailabilityWindowShort":null,"image":{"portraitUrl":null,"landscapeUrl":"https:\/\/images.nlziet.nl\/metadataimportimages\/source\/B2CF4250AC27B613473C46A03033E3E596A44C4DEAC30918A74B31BC722C6479.jpg"},"logo":{"normalUrl":"https:\/\/cdn.nlziet.nl\/static\/assets\/contentproviders\/npo.png","darkUrl":"https:\/\/cdn.nlziet.nl\/static\/assets\/contentproviders\/dark\/npo.png","flatUrl":"https:\/\/cdn.nlziet.nl\/static\/assets\/contentproviders\/flat\/npo.png"},"tags":[],"seriesId":"7QrOqPrilEGeM3pgWB1w1A"},{"id":"X8uZd8krlk21FsNWR_sU0w","type":"Vod","title":"Zappsport","subtitle":"Compilatie","description":"AVROTROS - Zappsport Schaatsteam","formattedEpisodeNumbering":null,"formattedDate":"Wo 8 feb. 2017","formattedDateShort":"Feb. 2017","formattedTime":"14:10","formattedDuration":"15m","formattedAvailabilityWindow":null,"formattedAvailabilityWindowShort":null,"image":{"portraitUrl":null,"landscapeUrl":"https:\/\/images.nlziet.nl\/metadataimportimages\/source\/E8125C740832E62E15BEA71385CD323C576BBFA70AEEEDF866A8728299E590AE.jpg"},"logo":{"normalUrl":"https:\/\/cdn.nlziet.nl\/static\/assets\/contentproviders\/npo.png","darkUrl":"https:\/\/cdn.nlziet.nl\/static\/assets\/contentproviders\/dark\/npo.png","flatUrl":"https:\/\/cdn.nlziet.nl\/static\/assets\/contentproviders\/flat\/npo.png"},"tags":[],"seriesId":"7QrOqPrilEGeM3pgWB1w1A"},{"id":"nTI7J4_Z0keqULCV7UykTQ","type":"Vod","title":"Zappsport","subtitle":"Compilatie","description":"AVROTROS - Schaatsteam \nHet Schaatsteam steunt kinderen die CF (taaislijmziekte) hebben. Door te sporten voelen ze zich beter. Jij kan hen helpen. Bedenk een leuke actie waar je geld mee kan verdienen voor de Nederlandse CF stichting. De auto\u2019s in de straat wassen bijvoorbeeld.","formattedEpisodeNumbering":null,"formattedDate":"Wo 1 feb. 2017","formattedDateShort":"Feb. 2017","formattedTime":"14:15","formattedDuration":"15m","formattedAvailabilityWindow":null,"formattedAvailabilityWindowShort":null,"image":{"portraitUrl":null,"landscapeUrl":"https:\/\/images.nlziet.nl\/metadataimportimages\/source\/A49179F9D8EA715714BFFAFB580CAF79742AC16FBDFA118B39531DFB900DBA66.jpg"},"logo":{"normalUrl":"https:\/\/cdn.nlziet.nl\/static\/assets\/contentproviders\/npo.png","darkUrl":"https:\/\/cdn.nlziet.nl\/static\/assets\/contentproviders\/dark\/npo.png","flatUrl":"https:\/\/cdn.nlziet.nl\/static\/assets\/contentproviders\/flat\/npo.png"},"tags":[],"seriesId":"7QrOqPrilEGeM3pgWB1w1A"},{"id":"R8BgQsAhcUWePH2zWMWcJA","type":"Vod","title":"Zappsport","subtitle":"Compilatie","description":"AVROTROS - Battle indoor atletiek, met toppers Sybren Blok en Femke Pluijm.","formattedEpisodeNumbering":null,"formattedDate":"Wo 25 jan. 2017","formattedDateShort":"Jan. 2017","formattedTime":"14:15","formattedDuration":"15m","formattedAvailabilityWindow":null,"formattedAvailabilityWindowShort":null,"image":{"portraitUrl":null,"landscapeUrl":"https:\/\/images.nlziet.nl\/metadataimportimages\/source\/B5F3A14232E2DBFDE8FE161CE36EAD89DC0A69AC8D7C97B6ACD584DB8C4C9566.jpg"},"logo":{"normalUrl":"https:\/\/cdn.nlziet.nl\/static\/assets\/contentproviders\/npo.png","darkUrl":"https:\/\/cdn.nlziet.nl\/static\/assets\/contentproviders\/dark\/npo.png","flatUrl":"https:\/\/cdn.nlziet.nl\/static\/assets\/contentproviders\/flat\/npo.png"},"tags":[],"seriesId":"7QrOqPrilEGeM3pgWB1w1A"},{"id":"BHcOrl4yd0OmT3eN6CSgWA","type":"Vod","title":"Zappsport","subtitle":"Compilatie","description":"AVROTROS - - De jongens tegen de meisjes in de Battle zaalhockey. Ze worden begeleid door:\n\nTeun Rohof\nClub: AH&BC\nNederlands Zaalhockey team\nBelangrijkste prestatie:\nWK Kampioen Zaalhockey (2015)\n\nKiki Collot d'Escury \nClub: Amsterdam\nNederlands Zaalhockey team\nBelangrijkste prestaties:\nWK Kampioen Zaalhockey (2015)\nEK Kampioen Zaalhockey (2014)","formattedEpisodeNumbering":null,"formattedDate":"Wo 18 jan. 2017","formattedDateShort":"Jan. 2017","formattedTime":"14:10","formattedDuration":"15m","formattedAvailabilityWindow":null,"formattedAvailabilityWindowShort":null,"image":{"portraitUrl":null,"landscapeUrl":"https:\/\/images.nlziet.nl\/metadataimportimages\/source\/CEAEBBE59D30527AA98D2DD59D9B9D6EF4CE58CF49A3DC63C2DD57C5F6C4EAF2.jpg"},"logo":{"normalUrl":"https:\/\/cdn.nlziet.nl\/static\/assets\/contentproviders\/npo.png","darkUrl":"https:\/\/cdn.nlziet.nl\/static\/assets\/contentproviders\/dark\/npo.png","flatUrl":"https:\/\/cdn.nlziet.nl\/static\/assets\/contentproviders\/flat\/npo.png"},"tags":[],"seriesId":"7QrOqPrilEGeM3pgWB1w1A"},{"id":"Tz30NcZCl0WINHrSYb6AvA","type":"Vod","title":"Zappsport","subtitle":"Compilatie","description":"AVROTROS - Kindersportprogramma waarin alle takken van sport voorbijkomen. In het onderdeel The Battle strijden de jongens tegen de meiden in een bepaalde sport. Ron staat in dit onderdeel tegenover de bloedfanatieke 'teamcaptain' Britt Dekker. Kinderen met een sportprobleem krijgen hulp van een beroemde topsporter in de Hellup en er zijn regelmatig specials te zien rondom grote sporttoernooien.","formattedEpisodeNumbering":null,"formattedDate":"Wo 11 jan. 2017","formattedDateShort":"Jan. 2017","formattedTime":"14:10","formattedDuration":"15m","formattedAvailabilityWindow":null,"formattedAvailabilityWindowShort":null,"image":{"portraitUrl":null,"landscapeUrl":"https:\/\/images.nlziet.nl\/metadataimportimages\/source\/E7FAFC64C55DCD0BD8882543AEFD6FABADBE205E24928150B86B40A7F369E353.jpg"},"logo":{"normalUrl":"https:\/\/cdn.nlziet.nl\/static\/assets\/contentproviders\/npo.png","darkUrl":"https:\/\/cdn.nlziet.nl\/static\/assets\/contentproviders\/dark\/npo.png","flatUrl":"https:\/\/cdn.nlziet.nl\/static\/assets\/contentproviders\/flat\/npo.png"},"tags":[],"seriesId":"7QrOqPrilEGeM3pgWB1w1A"}]