[{"id":"azZOecdqV0GhS_wtmQqJEQ","type":"Vod","title":"NOS Kamerdebat","subtitle":"NOS Het Formatiedebat","description":null,"formattedEpisodeNumbering":null,"formattedDate":"Do 12 okt. 2017","formattedDateShort":"Okt. 2017","formattedTime":"14:15","formattedDuration":"46m","formattedAvailabilityWindow":null,"formattedAvailabilityWindowShort":null,"image":{"portraitUrl":null,"landscapeUrl":"https:\/\/images.nlziet.nl\/metadataimportimages\/source\/BB2E188D5AE0238F9E52BF01C6BF7D07B130522CE8A0E79CC9CEE395FA84F99A.jpg"},"logo":{"normalUrl":"https:\/\/cdn.nlziet.nl\/static\/assets\/contentproviders\/npo.png","darkUrl":"https:\/\/cdn.nlziet.nl\/static\/assets\/contentproviders\/dark\/npo.png","flatUrl":"https:\/\/cdn.nlziet.nl\/static\/assets\/contentproviders\/flat\/npo.png"},"tags":[],"seriesId":"7w7QGJy-_kmjD1dwmjwvsA"},{"id":"ckSzfsn-wk27Cc_JOKmZww","type":"Vod","title":"NOS Kamerdebat","subtitle":"NOS Het Formatiedebat","description":"NOS - Formatiedebat met informateur Zalm en de Tweede Kamer.","formattedEpisodeNumbering":null,"formattedDate":"Do 12 okt. 2017","formattedDateShort":"Okt. 2017","formattedTime":"10:45","formattedDuration":"3u 4m","formattedAvailabilityWindow":null,"formattedAvailabilityWindowShort":null,"image":{"portraitUrl":null,"landscapeUrl":"https:\/\/images.nlziet.nl\/metadataimportimages\/source\/D52769A3F8E24239784001D7186E7C3FD6909A8E2046D9FA89B47BAE10165BEA.jpg"},"logo":{"normalUrl":"https:\/\/cdn.nlziet.nl\/static\/assets\/contentproviders\/npo.png","darkUrl":"https:\/\/cdn.nlziet.nl\/static\/assets\/contentproviders\/dark\/npo.png","flatUrl":"https:\/\/cdn.nlziet.nl\/static\/assets\/contentproviders\/flat\/npo.png"},"tags":[],"seriesId":"7w7QGJy-_kmjD1dwmjwvsA"},{"id":"mCIqRgse3Ua4Us-lhtYQHA","type":"Vod","title":"NOS Kamerdebat","subtitle":"NOS Het Formatiedebat","description":"NOS - Formatiedebat met informateur Zalm en de Tweede Kamer.","formattedEpisodeNumbering":null,"formattedDate":"Do 12 okt. 2017","formattedDateShort":"Okt. 2017","formattedTime":"10:10","formattedDuration":"32m","formattedAvailabilityWindow":null,"formattedAvailabilityWindowShort":null,"image":{"portraitUrl":null,"landscapeUrl":"https:\/\/images.nlziet.nl\/metadataimportimages\/source\/FC6A7030B1C2E21779F2D068976C5B5A4D088606239295009A5ECFF633454579.jpg"},"logo":{"normalUrl":"https:\/\/cdn.nlziet.nl\/static\/assets\/contentproviders\/npo.png","darkUrl":"https:\/\/cdn.nlziet.nl\/static\/assets\/contentproviders\/dark\/npo.png","flatUrl":"https:\/\/cdn.nlziet.nl\/static\/assets\/contentproviders\/flat\/npo.png"},"tags":[],"seriesId":"7w7QGJy-_kmjD1dwmjwvsA"}]