[{"id":"0p9AvEggTk-4VoD2eFArfA","type":"Vod","title":"Zappsport","subtitle":"Zappsport compilatie","description":"AVROTROS - Kindersportprogramma waarin alle takken van sport voorbijkomen.","formattedEpisodeNumbering":null,"formattedDate":"Wo 21 dec. 2016","formattedDateShort":"Dec. 2016","formattedTime":"13:55","formattedDuration":"16m","formattedAvailabilityWindow":null,"formattedAvailabilityWindowShort":null,"image":{"portraitUrl":null,"landscapeUrl":"https:\/\/images.nlziet.nl\/metadataimportimages\/source\/995A7F935D66F2062D1C9000E5ED6F848203CC053A9F80A7FCE935648209A2DA.jpg"},"logo":{"normalUrl":"https:\/\/cdn.nlziet.nl\/static\/assets\/contentproviders\/npo.png","darkUrl":"https:\/\/cdn.nlziet.nl\/static\/assets\/contentproviders\/dark\/npo.png","flatUrl":"https:\/\/cdn.nlziet.nl\/static\/assets\/contentproviders\/flat\/npo.png"},"tags":[],"seriesId":"7QrOqPrilEGeM3pgWB1w1A"},{"id":"B8nzGYLlUECK8t-hFRoSJg","type":"Vod","title":"Zappsport","subtitle":"Zappsport compilatie","description":"AVROTROS - Battle targetsprint met toppers Mandy Mulder (Europees Kampioen 2016, diverse keren Nederlands kampioen) en Jelle Wind (Diverse keren Nederlands Kampioen).","formattedEpisodeNumbering":null,"formattedDate":"Wo 14 dec. 2016","formattedDateShort":"Dec. 2016","formattedTime":"13:55","formattedDuration":"15m","formattedAvailabilityWindow":null,"formattedAvailabilityWindowShort":null,"image":{"portraitUrl":null,"landscapeUrl":"https:\/\/images.nlziet.nl\/metadataimportimages\/source\/98025ECB39878E447AC5FB05FA18587BBC2DC1DF861A88A8EF405450B3D30553.jpg"},"logo":{"normalUrl":"https:\/\/cdn.nlziet.nl\/static\/assets\/contentproviders\/npo.png","darkUrl":"https:\/\/cdn.nlziet.nl\/static\/assets\/contentproviders\/dark\/npo.png","flatUrl":"https:\/\/cdn.nlziet.nl\/static\/assets\/contentproviders\/flat\/npo.png"},"tags":[],"seriesId":"7QrOqPrilEGeM3pgWB1w1A"},{"id":"15NmrhkF-0SZh7XrsII0jA","type":"Vod","title":"Zappsport","subtitle":"Zappsport compilatie","description":"AVROTROS - Hellup worstelen met Jessica Blaszka, won in 2015 brons op het WK worstelen. Ze helpt Britt die hulp wil bij de schroef.\n\n- Portret veldrijden met Guus (10 jaar). Sinds zijn 5e doet hij aan BMX rijden en op zijn 6e is hij ook begonnen met veldrijden. Elk weekend rijdt Guus wedstrijden. Het veldrijden vooral in de winter en BMX in de zomer. Hij traint voor beide sporten wel 3x in de week. Trainen doet hij in een team met andere kinderen. Met dit team rijdt hij ook wedstrijden. \nNaast wedstrijden in Nederland rijdt hij ook internationale wedstrijden. Zijn mooiste wedstrijd was het EK BMX in Erp waar hij eerste is geworden.\n\n- Verslag van het NK skateboarden junioren tot 16 jaar. We volgen de 10-jarige Elvis.","formattedEpisodeNumbering":null,"formattedDate":"Wo 7 dec. 2016","formattedDateShort":"Dec. 2016","formattedTime":"13:50","formattedDuration":"16m","formattedAvailabilityWindow":null,"formattedAvailabilityWindowShort":null,"image":{"portraitUrl":null,"landscapeUrl":"https:\/\/images.nlziet.nl\/metadataimportimages\/source\/DE162A7631AF83DCE8FF823E23DDB516F072C6B4FCB19B13585CC9A180961A41.jpg"},"logo":{"normalUrl":"https:\/\/cdn.nlziet.nl\/static\/assets\/contentproviders\/npo.png","darkUrl":"https:\/\/cdn.nlziet.nl\/static\/assets\/contentproviders\/dark\/npo.png","flatUrl":"https:\/\/cdn.nlziet.nl\/static\/assets\/contentproviders\/flat\/npo.png"},"tags":[],"seriesId":"7QrOqPrilEGeM3pgWB1w1A"},{"id":"RnZKtyD5vUC8KDCqQ-dxuQ","type":"Vod","title":"Zappsport","subtitle":"Zappsport compilatie","description":"AVROTROS - Kindersportprogramma waarin alle takken van sport voorbijkomen.","formattedEpisodeNumbering":null,"formattedDate":"Wo 30 nov. 2016","formattedDateShort":"Nov. 2016","formattedTime":"14:10","formattedDuration":"16m","formattedAvailabilityWindow":null,"formattedAvailabilityWindowShort":null,"image":{"portraitUrl":null,"landscapeUrl":"https:\/\/images.nlziet.nl\/metadataimportimages\/source\/E8EB2B9185E5636C92AC6153C80B3B412DFF7665CBFA2EB5E39CADC12D876757.jpg"},"logo":{"normalUrl":"https:\/\/cdn.nlziet.nl\/static\/assets\/contentproviders\/npo.png","darkUrl":"https:\/\/cdn.nlziet.nl\/static\/assets\/contentproviders\/dark\/npo.png","flatUrl":"https:\/\/cdn.nlziet.nl\/static\/assets\/contentproviders\/flat\/npo.png"},"tags":[],"seriesId":"7QrOqPrilEGeM3pgWB1w1A"},{"id":"HfH4EhCIXUu2pCYNwk75UQ","type":"Vod","title":"Zappsport","subtitle":"Zappsport compilatie","description":"AVROTROS - De meisjes tegen de jongens in de Battle boogschieten met toppers\nSarina Laan (Nederlands team, speelt NK\u2019s, EK\u2019s en World Cups) en Mick de Bakker (Nederlands team, speelt NK\u2019s, EK\u2019s en World Cups)","formattedEpisodeNumbering":null,"formattedDate":"Wo 23 nov. 2016","formattedDateShort":"Nov. 2016","formattedTime":"14:10","formattedDuration":"16m","formattedAvailabilityWindow":null,"formattedAvailabilityWindowShort":null,"image":{"portraitUrl":null,"landscapeUrl":"https:\/\/images.nlziet.nl\/metadataimportimages\/source\/6D0C53C60C09B1C938CFFC6F128A7B0340CDE9DBD388C81C481375619D43F29A.jpg"},"logo":{"normalUrl":"https:\/\/cdn.nlziet.nl\/static\/assets\/contentproviders\/npo.png","darkUrl":"https:\/\/cdn.nlziet.nl\/static\/assets\/contentproviders\/dark\/npo.png","flatUrl":"https:\/\/cdn.nlziet.nl\/static\/assets\/contentproviders\/flat\/npo.png"},"tags":[],"seriesId":"7QrOqPrilEGeM3pgWB1w1A"},{"id":"u3ZaQtxCwUalxzQeVVmleg","type":"Vod","title":"Zappsport","subtitle":"Compilatie","description":"AVROTROS - Battle boogschieten \n\nToppers:\nSarina Laan \nNederlands team\nSpeelt NK\u2019s, EK\u2019s en World Cups\n\nMick de Bakker \nNederlands team\nSpeelt NK\u2019s, EK\u2019s en World Cups","formattedEpisodeNumbering":null,"formattedDate":"Wo 16 nov. 2016","formattedDateShort":"Nov. 2016","formattedTime":"14:10","formattedDuration":"16m","formattedAvailabilityWindow":null,"formattedAvailabilityWindowShort":null,"image":{"portraitUrl":null,"landscapeUrl":"https:\/\/images.nlziet.nl\/metadataimportimages\/source\/093E32E4762A64A99B8969264A27902A7FB39724D774665B95D1630AA810BD21.jpg"},"logo":{"normalUrl":"https:\/\/cdn.nlziet.nl\/static\/assets\/contentproviders\/npo.png","darkUrl":"https:\/\/cdn.nlziet.nl\/static\/assets\/contentproviders\/dark\/npo.png","flatUrl":"https:\/\/cdn.nlziet.nl\/static\/assets\/contentproviders\/flat\/npo.png"},"tags":[],"seriesId":"7QrOqPrilEGeM3pgWB1w1A"},{"id":"QGQDru0ILkqknK14Q5EVRA","type":"Vod","title":"Zappsport","subtitle":"Zappsport compilatie","description":"AVROTROS - Kindersportprogramma waarin alle takken van sport voorbijkomen.","formattedEpisodeNumbering":null,"formattedDate":"Vr 11 nov. 2016","formattedDateShort":"Nov. 2016","formattedTime":"17:20","formattedDuration":"15m","formattedAvailabilityWindow":null,"formattedAvailabilityWindowShort":null,"image":{"portraitUrl":null,"landscapeUrl":"https:\/\/images.nlziet.nl\/metadataimportimages\/source\/CEB47ABB3075EA8CE233506D476228941D9F4A5161D9F025A4980E1DFF8BF500.jpg"},"logo":{"normalUrl":"https:\/\/cdn.nlziet.nl\/static\/assets\/contentproviders\/npo.png","darkUrl":"https:\/\/cdn.nlziet.nl\/static\/assets\/contentproviders\/dark\/npo.png","flatUrl":"https:\/\/cdn.nlziet.nl\/static\/assets\/contentproviders\/flat\/npo.png"},"tags":[],"seriesId":"7QrOqPrilEGeM3pgWB1w1A"},{"id":"YD3eP6EaxUeja3SZyP0vGw","type":"Vod","title":"Zappsport","subtitle":"Zappsport compilatie","description":"AVROTROS - De meisjes tegen de jongens in de Battle lacrosse. Toppers: Nina Morssinkhof: 24-jarige verdedigster van De Domstad Devils. Won in 2011 het nationale kampioenschap van Nederland met deze club. Daarnaast is ze speelster van het Nederlands dameselftal waarmee ze afgelopen zomer deelnam aan het Europees Kampioenschap in Praag.\n\nJorik van Baal: 27-jarige middenvelder van De Domstad Devils. Deed in 2012 en 2014, met het Nederlands mannenelftal, mee aan de Europese Kampioenschappen.","formattedEpisodeNumbering":null,"formattedDate":"Wo 2 nov. 2016","formattedDateShort":"Nov. 2016","formattedTime":"13:25","formattedDuration":"15m","formattedAvailabilityWindow":null,"formattedAvailabilityWindowShort":null,"image":{"portraitUrl":null,"landscapeUrl":"https:\/\/images.nlziet.nl\/metadataimportimages\/source\/70A2D0C427DD6CE382EB27A64621056F21C5C91B31170E8A6A6CF6E6CAC101A5.jpg"},"logo":{"normalUrl":"https:\/\/cdn.nlziet.nl\/static\/assets\/contentproviders\/npo.png","darkUrl":"https:\/\/cdn.nlziet.nl\/static\/assets\/contentproviders\/dark\/npo.png","flatUrl":"https:\/\/cdn.nlziet.nl\/static\/assets\/contentproviders\/flat\/npo.png"},"tags":[],"seriesId":"7QrOqPrilEGeM3pgWB1w1A"},{"id":"LEv4Plvvp064R73Rzl2_6g","type":"Vod","title":"Zappsport","subtitle":"Compilatie","description":"AVROTROS - Hellup Judo:\n\nAnicka van Emden is een Nederlandse judoka die mee doet in de gewichtsklasse tot 63 kilo. Ze won brons op het WK in 2011 en 2013. En dit jaar won ze op de Olympische spelen in Rio een bronzen medaille. Zij helpt No\u00eblle.\nNo\u00eblle is 10 jaar. Ze traint hard voor haar oranje band. Ze wil met Anicka graag werken aan haar schouderworp. Ook vindt ze het lastig om met een tegenstander te judo\u00ebn die zijn kont heel de tijd naar achteren steekt. Ze heeft al aan twee grote toernooien meegedaan, toen is ze twee keer tweede geworden. Ze wil nu weleens een keer eerste worden! \n\n\n- Portret Vinzwemmen\nEika is 10 jaar oud en zit ruim 1,5 jaar op vinzwemmen. Het leuke aan deze sport vindt ze dat bijna niemand de sport kent maar dat het toch de snelste zwemsport is. Ze is al vanaf jongs af aan bezig met zwemmen, na het afzwemmen voor haar diploma\u2019s wilde ze doorgaan met zwemmen en kwam ze bij de \u2018coole kikkers\u2019. Dat is een soort zwemtraject waar alle facetten van zwemsport voorbij komen. Nadat ze dit traject had afgerond en was ze nog steeds niet klaar met zwemmen. Haar moeder zocht toen op internet naar een nieuwe zwemsport en zo kwam Eika bij Vinzwemmen terecht.","formattedEpisodeNumbering":null,"formattedDate":"Wo 26 okt. 2016","formattedDateShort":"Okt. 2016","formattedTime":"13:25","formattedDuration":"12m","formattedAvailabilityWindow":null,"formattedAvailabilityWindowShort":null,"image":{"portraitUrl":null,"landscapeUrl":"https:\/\/images.nlziet.nl\/metadataimportimages\/source\/D608942BC7702646241555986927F515D203BFD9DFAAD1359AE929C81B0AFAA4.jpg"},"logo":{"normalUrl":"https:\/\/cdn.nlziet.nl\/static\/assets\/contentproviders\/npo.png","darkUrl":"https:\/\/cdn.nlziet.nl\/static\/assets\/contentproviders\/dark\/npo.png","flatUrl":"https:\/\/cdn.nlziet.nl\/static\/assets\/contentproviders\/flat\/npo.png"},"tags":[],"seriesId":"7QrOqPrilEGeM3pgWB1w1A"},{"id":"aDoenBEQPUy1UK2HwKPqTA","type":"Vod","title":"Zappsport","subtitle":"Zappsport compilatie","description":"AVROTROS - Hellup Keepen\nJasper Cillessen is momenteel een van Nederlands beste keepers. De 26 jarige keeper uit Nijmegen is de eerste keeper in het Nederlands elftal en stonds sinds 2011 onder contract bij Ajax. Momenteel is hij keeper bij FC Barcelona. Hij helpt Sander. Sander is 11 jaar en zit in de brugklas van het gymnasium. Hij woont met zijn gezin in Hilversum waar hij ook voetbalt. Dat doet hij bij voetbalclub Victoria in de d3. In 2015 is hij uitgeroepen tot \u2018beste keeper van het gooi\u2019. \n\nReportage BMX'er Luuk\nLuuk is tien jaar oud en komt uit Reek (Brabant). Sinds twee jaar zit Luuk op BMX en niet zonder succes. In zijn korte BMX carri\u00e8re is hij 2e geworden op het NK, 12e op het EK en 22e op het WK. \n\nBMX\u2019en was altijd al een droom van Luuk. Voordat hij echt op les ging deed hij aan mountainbiken, boxen en krachttraining. Naar eigen zeggen heeft hij daar nu veel profijt van aangezien je voor BMX ook veel kracht nodig hebt.","formattedEpisodeNumbering":null,"formattedDate":"Wo 19 okt. 2016","formattedDateShort":"Okt. 2016","formattedTime":"13:30","formattedDuration":"11m","formattedAvailabilityWindow":null,"formattedAvailabilityWindowShort":null,"image":{"portraitUrl":null,"landscapeUrl":"https:\/\/images.nlziet.nl\/metadataimportimages\/source\/C5A54339A6075CCE30BD949CE1193A7E0975F33EBF88883380434D61093C7423.jpg"},"logo":{"normalUrl":"https:\/\/cdn.nlziet.nl\/static\/assets\/contentproviders\/npo.png","darkUrl":"https:\/\/cdn.nlziet.nl\/static\/assets\/contentproviders\/dark\/npo.png","flatUrl":"https:\/\/cdn.nlziet.nl\/static\/assets\/contentproviders\/flat\/npo.png"},"tags":[],"seriesId":"7QrOqPrilEGeM3pgWB1w1A"},{"id":"GYMz3E5_rk2Tvxbj7Dv7Kw","type":"Vod","title":"Zappsport","subtitle":"Compilatie","description":"AVROTROS - Een battle handbal van de jongens tegen de meisjes. De toppers die helpen zijn:\nLuc Steins 22-03-1995\nInternational\nInterlands 39 jeugd en 18 A Interlands\nMeest waardevolle speler \n\nMichelle Goos - 27-12-1989\nInternational \nNationaal Dames Team","formattedEpisodeNumbering":null,"formattedDate":"Wo 12 okt. 2016","formattedDateShort":"Okt. 2016","formattedTime":"13:05","formattedDuration":"15m","formattedAvailabilityWindow":null,"formattedAvailabilityWindowShort":null,"image":{"portraitUrl":null,"landscapeUrl":"https:\/\/images.nlziet.nl\/metadataimportimages\/source\/7B1A5547984ED82354C56D000FE36BB278D96F7930F6AF79CCD72F5BB5DFFD11.jpg"},"logo":{"normalUrl":"https:\/\/cdn.nlziet.nl\/static\/assets\/contentproviders\/npo.png","darkUrl":"https:\/\/cdn.nlziet.nl\/static\/assets\/contentproviders\/dark\/npo.png","flatUrl":"https:\/\/cdn.nlziet.nl\/static\/assets\/contentproviders\/flat\/npo.png"},"tags":[],"seriesId":"7QrOqPrilEGeM3pgWB1w1A"},{"id":"eWjJPF978EGo9hWbVWArHg","type":"Vod","title":"Zappsport","subtitle":"Zappsport compilatie","description":"AVROTROS - De meisjes strijden tegen de jongens in The Battle zaalhockey. De topper die helpen zijn:\n\nTeun Rohof\nClub: AH&BC\nNederlands Zaalhockey team\nBelangrijkste prestatie:\nWK Kampioen Zaalhockey (2015)\n\nKiki Collot d'Escury \nClub: Amsterdam\nNederlands Zaalhockey team\nBelangrijkste prestaties:\nWK Kampioen Zaalhockey (2015)\nEK Kampioen Zaalhockey (2014)","formattedEpisodeNumbering":null,"formattedDate":"Wo 5 okt. 2016","formattedDateShort":"Okt. 2016","formattedTime":"13:15","formattedDuration":"16m","formattedAvailabilityWindow":null,"formattedAvailabilityWindowShort":null,"image":{"portraitUrl":null,"landscapeUrl":"https:\/\/images.nlziet.nl\/metadataimportimages\/source\/2A221BDBAEE3B01A85E27363497DD0C35CFA5DE588546FF1689686041C6DA1E0.jpg"},"logo":{"normalUrl":"https:\/\/cdn.nlziet.nl\/static\/assets\/contentproviders\/npo.png","darkUrl":"https:\/\/cdn.nlziet.nl\/static\/assets\/contentproviders\/dark\/npo.png","flatUrl":"https:\/\/cdn.nlziet.nl\/static\/assets\/contentproviders\/flat\/npo.png"},"tags":[],"seriesId":"7QrOqPrilEGeM3pgWB1w1A"},{"id":"G7sPcHBX3EiuoMLsECZ5BA","type":"Vod","title":"Zappsport","subtitle":"Zappsport compilatie","description":"AVROTROS - De meisjes strijden tegen de jongens in The Battle Basketbal. Ze worden begeleid door Max van Schaik en Maaike Klein.","formattedEpisodeNumbering":null,"formattedDate":"Wo 28 sep. 2016","formattedDateShort":"Sep. 2016","formattedTime":"13:15","formattedDuration":"16m","formattedAvailabilityWindow":null,"formattedAvailabilityWindowShort":null,"image":{"portraitUrl":null,"landscapeUrl":"https:\/\/images.nlziet.nl\/metadataimportimages\/source\/9B73A8A2322180337E508D06BB4BE8B0A8CB6BB4C1E6027ED513780AA06E41BA.jpg"},"logo":{"normalUrl":"https:\/\/cdn.nlziet.nl\/static\/assets\/contentproviders\/npo.png","darkUrl":"https:\/\/cdn.nlziet.nl\/static\/assets\/contentproviders\/dark\/npo.png","flatUrl":"https:\/\/cdn.nlziet.nl\/static\/assets\/contentproviders\/flat\/npo.png"},"tags":[],"seriesId":"7QrOqPrilEGeM3pgWB1w1A"},{"id":"OWWREgIse0CBNm1HQy7e6w","type":"Vod","title":"Zappsport","subtitle":"Zappsport compilatie","description":"AVROTROS - De meisjes tegen de jongens in de Battle Skaten. Ze worden getraind door toppers Jacky Schrooten en Jelle Briggeman.","formattedEpisodeNumbering":null,"formattedDate":"Wo 21 sep. 2016","formattedDateShort":"Sep. 2016","formattedTime":"13:15","formattedDuration":"15m","formattedAvailabilityWindow":null,"formattedAvailabilityWindowShort":null,"image":{"portraitUrl":null,"landscapeUrl":"https:\/\/images.nlziet.nl\/metadataimportimages\/source\/51A9BDF4EC6F300F5665A2DD4460DFCF8A9052DD72B3A4C1C04F95506B629366.jpg"},"logo":{"normalUrl":"https:\/\/cdn.nlziet.nl\/static\/assets\/contentproviders\/npo.png","darkUrl":"https:\/\/cdn.nlziet.nl\/static\/assets\/contentproviders\/dark\/npo.png","flatUrl":"https:\/\/cdn.nlziet.nl\/static\/assets\/contentproviders\/flat\/npo.png"},"tags":[],"seriesId":"7QrOqPrilEGeM3pgWB1w1A"},{"id":"WLuWxZZthEmIW1l_lkcz3Q","type":"Vod","title":"Zappsport","subtitle":"Compilatie","description":"AVROTROS - Kindersportprogramma waarin alle takken van sport voorbijkomen.","formattedEpisodeNumbering":null,"formattedDate":"Wo 14 sep. 2016","formattedDateShort":"Sep. 2016","formattedTime":"13:15","formattedDuration":"15m","formattedAvailabilityWindow":null,"formattedAvailabilityWindowShort":null,"image":{"portraitUrl":null,"landscapeUrl":"https:\/\/images.nlziet.nl\/metadataimportimages\/source\/9EDA82A5E07A76B0C045E26CC10863B7A23987A926F31B93144A71840320EAE0.jpg"},"logo":{"normalUrl":"https:\/\/cdn.nlziet.nl\/static\/assets\/contentproviders\/npo.png","darkUrl":"https:\/\/cdn.nlziet.nl\/static\/assets\/contentproviders\/dark\/npo.png","flatUrl":"https:\/\/cdn.nlziet.nl\/static\/assets\/contentproviders\/flat\/npo.png"},"tags":[],"seriesId":"7QrOqPrilEGeM3pgWB1w1A"},{"id":"1_nlS_LqF0ymE2gkaC9BRg","type":"Vod","title":"Zappsport","subtitle":"Compilatie","description":"AVROTROS - Kindersportprogramma waarin alle takken van sport voorbijkomen.","formattedEpisodeNumbering":null,"formattedDate":"Wo 7 sep. 2016","formattedDateShort":"Sep. 2016","formattedTime":"13:15","formattedDuration":"16m","formattedAvailabilityWindow":null,"formattedAvailabilityWindowShort":null,"image":{"portraitUrl":null,"landscapeUrl":"https:\/\/images.nlziet.nl\/metadataimportimages\/source\/C4954EFEF9B11694FDEFCEF1EFD8678531D054F69CBAC3E388C511E855AB6E24.jpg"},"logo":{"normalUrl":"https:\/\/cdn.nlziet.nl\/static\/assets\/contentproviders\/npo.png","darkUrl":"https:\/\/cdn.nlziet.nl\/static\/assets\/contentproviders\/dark\/npo.png","flatUrl":"https:\/\/cdn.nlziet.nl\/static\/assets\/contentproviders\/flat\/npo.png"},"tags":[],"seriesId":"7QrOqPrilEGeM3pgWB1w1A"},{"id":"6AwyiwjtzUu5TjQtiJo7Wg","type":"Vod","title":"Zappsport","subtitle":"Compilatie","description":"AVROTROS - Kindersportprogramma waarin alle takken van sport voorbijkomen.","formattedEpisodeNumbering":null,"formattedDate":"Zo 12 jun. 2016","formattedDateShort":"Jun. 2016","formattedTime":"17:20","formattedDuration":"14m","formattedAvailabilityWindow":null,"formattedAvailabilityWindowShort":null,"image":{"portraitUrl":null,"landscapeUrl":"https:\/\/images.nlziet.nl\/metadataimportimages\/source\/F7608153CD104AD68F8CA1D064D6C491BDEDCD5FF9FF930406DECEFF9CE53199.jpg"},"logo":{"normalUrl":"https:\/\/cdn.nlziet.nl\/static\/assets\/contentproviders\/npo.png","darkUrl":"https:\/\/cdn.nlziet.nl\/static\/assets\/contentproviders\/dark\/npo.png","flatUrl":"https:\/\/cdn.nlziet.nl\/static\/assets\/contentproviders\/flat\/npo.png"},"tags":[],"seriesId":"7QrOqPrilEGeM3pgWB1w1A"},{"id":"LaxuPzg_MEiBSWDREFBfUA","type":"Vod","title":"Zappsport","subtitle":"Compilatie","description":"AVROTROS - Kindersportprogramma waarin alle takken van sport voorbijkomen.","formattedEpisodeNumbering":null,"formattedDate":"Zo 5 jun. 2016","formattedDateShort":"Jun. 2016","formattedTime":"17:20","formattedDuration":"15m","formattedAvailabilityWindow":null,"formattedAvailabilityWindowShort":null,"image":{"portraitUrl":null,"landscapeUrl":"https:\/\/images.nlziet.nl\/metadataimportimages\/source\/495D130A429EB083477E7AB97334EC0BC33FF3FD0BBC871826587016A7CC60A5.jpg"},"logo":{"normalUrl":"https:\/\/cdn.nlziet.nl\/static\/assets\/contentproviders\/npo.png","darkUrl":"https:\/\/cdn.nlziet.nl\/static\/assets\/contentproviders\/dark\/npo.png","flatUrl":"https:\/\/cdn.nlziet.nl\/static\/assets\/contentproviders\/flat\/npo.png"},"tags":[],"seriesId":"7QrOqPrilEGeM3pgWB1w1A"},{"id":"ctBApSquQEC16wk6C5HeHQ","type":"Vod","title":"Zappsport","subtitle":"Compilatie","description":"AVROTROS - Kindersportprogramma waarin alle takken van sport voorbijkomen.","formattedEpisodeNumbering":null,"formattedDate":"Zo 29 mei. 2016","formattedDateShort":"Mei. 2016","formattedTime":"17:20","formattedDuration":"15m","formattedAvailabilityWindow":null,"formattedAvailabilityWindowShort":null,"image":{"portraitUrl":null,"landscapeUrl":"https:\/\/images.nlziet.nl\/metadataimportimages\/source\/C8A74BC0B3F8A0468131CCF04646A8FE6D19E325419D64802F0D1B81457B1536.jpg"},"logo":{"normalUrl":"https:\/\/cdn.nlziet.nl\/static\/assets\/contentproviders\/npo.png","darkUrl":"https:\/\/cdn.nlziet.nl\/static\/assets\/contentproviders\/dark\/npo.png","flatUrl":"https:\/\/cdn.nlziet.nl\/static\/assets\/contentproviders\/flat\/npo.png"},"tags":[],"seriesId":"7QrOqPrilEGeM3pgWB1w1A"},{"id":"fkRYGBIuvkuoEyGcEeh26w","type":"Vod","title":"Zappsport","subtitle":"Compilatie","description":"AVROTROS - Kindersportprogramma waarin alle takken van sport voorbijkomen.","formattedEpisodeNumbering":null,"formattedDate":"Zo 22 mei. 2016","formattedDateShort":"Mei. 2016","formattedTime":"17:20","formattedDuration":"14m","formattedAvailabilityWindow":null,"formattedAvailabilityWindowShort":null,"image":{"portraitUrl":null,"landscapeUrl":"https:\/\/images.nlziet.nl\/metadataimportimages\/source\/F9F9DD540EF6B7B9024921CFA17310788203C62745A05C87EF67309D4139BBF9.jpg"},"logo":{"normalUrl":"https:\/\/cdn.nlziet.nl\/static\/assets\/contentproviders\/npo.png","darkUrl":"https:\/\/cdn.nlziet.nl\/static\/assets\/contentproviders\/dark\/npo.png","flatUrl":"https:\/\/cdn.nlziet.nl\/static\/assets\/contentproviders\/flat\/npo.png"},"tags":[],"seriesId":"7QrOqPrilEGeM3pgWB1w1A"},{"id":"lrtKWGZzwk6mwufoiQxQ6g","type":"Vod","title":"Zappsport","subtitle":"Compilatie","description":"AVROTROS - Kindersportprogramma waarin alle takken van sport voorbijkomen.","formattedEpisodeNumbering":null,"formattedDate":"Zo 15 mei. 2016","formattedDateShort":"Mei. 2016","formattedTime":"17:20","formattedDuration":"15m","formattedAvailabilityWindow":null,"formattedAvailabilityWindowShort":null,"image":{"portraitUrl":null,"landscapeUrl":"https:\/\/images.nlziet.nl\/metadataimportimages\/source\/2442A18F61688993C43F1F21FF36FDE6C16A8CF8C2BC75559DA0AB63822EDB8D.jpg"},"logo":{"normalUrl":"https:\/\/cdn.nlziet.nl\/static\/assets\/contentproviders\/npo.png","darkUrl":"https:\/\/cdn.nlziet.nl\/static\/assets\/contentproviders\/dark\/npo.png","flatUrl":"https:\/\/cdn.nlziet.nl\/static\/assets\/contentproviders\/flat\/npo.png"},"tags":[],"seriesId":"7QrOqPrilEGeM3pgWB1w1A"},{"id":"2DVcBdKdT02Nnnt65Enpaw","type":"Vod","title":"Zappsport","subtitle":"Compilatie","description":"AVROTROS - Kindersportprogramma waarin alle takken van sport voorbijkomen.","formattedEpisodeNumbering":null,"formattedDate":"Zo 8 mei. 2016","formattedDateShort":"Mei. 2016","formattedTime":"17:05","formattedDuration":"15m","formattedAvailabilityWindow":null,"formattedAvailabilityWindowShort":null,"image":{"portraitUrl":null,"landscapeUrl":"https:\/\/images.nlziet.nl\/metadataimportimages\/source\/295C3FFF106E0ECAD98812BA24B0390BD40E8A365B17B5951EB88E8DDC98CDC2.jpg"},"logo":{"normalUrl":"https:\/\/cdn.nlziet.nl\/static\/assets\/contentproviders\/npo.png","darkUrl":"https:\/\/cdn.nlziet.nl\/static\/assets\/contentproviders\/dark\/npo.png","flatUrl":"https:\/\/cdn.nlziet.nl\/static\/assets\/contentproviders\/flat\/npo.png"},"tags":[],"seriesId":"7QrOqPrilEGeM3pgWB1w1A"},{"id":"_T_WyBQdlkiPY1DJEUf3gw","type":"Vod","title":"Zappsport","subtitle":"compilatie","description":"AVROTROS - Kindersportprogramma waarin alle takken van sport voorbijkomen.","formattedEpisodeNumbering":null,"formattedDate":"Zo 1 mei. 2016","formattedDateShort":"Mei. 2016","formattedTime":"17:15","formattedDuration":"15m","formattedAvailabilityWindow":null,"formattedAvailabilityWindowShort":null,"image":{"portraitUrl":null,"landscapeUrl":"https:\/\/images.nlziet.nl\/metadataimportimages\/source\/1A63AE712BFC084E3C5E3678F7977DACCE01645202D54FFC364F58D787FDB7DC.jpg"},"logo":{"normalUrl":"https:\/\/cdn.nlziet.nl\/static\/assets\/contentproviders\/npo.png","darkUrl":"https:\/\/cdn.nlziet.nl\/static\/assets\/contentproviders\/dark\/npo.png","flatUrl":"https:\/\/cdn.nlziet.nl\/static\/assets\/contentproviders\/flat\/npo.png"},"tags":[],"seriesId":"7QrOqPrilEGeM3pgWB1w1A"},{"id":"mXSOdjYh602Qgl35CzAlMA","type":"Vod","title":"Zappsport","subtitle":"compilatie","description":"AVROTROS - Kindersportprogramma waarin alle takken van sport voorbijkomen.","formattedEpisodeNumbering":null,"formattedDate":"Zo 24 apr. 2016","formattedDateShort":"Apr. 2016","formattedTime":"16:55","formattedDuration":"19m","formattedAvailabilityWindow":null,"formattedAvailabilityWindowShort":null,"image":{"portraitUrl":null,"landscapeUrl":"https:\/\/images.nlziet.nl\/metadataimportimages\/source\/3B312D2BB0C7C6C6FFFA02983FF4AB753AFEE310D8F9474A05440563E5CF97F2.jpg"},"logo":{"normalUrl":"https:\/\/cdn.nlziet.nl\/static\/assets\/contentproviders\/npo.png","darkUrl":"https:\/\/cdn.nlziet.nl\/static\/assets\/contentproviders\/dark\/npo.png","flatUrl":"https:\/\/cdn.nlziet.nl\/static\/assets\/contentproviders\/flat\/npo.png"},"tags":[],"seriesId":"7QrOqPrilEGeM3pgWB1w1A"},{"id":"x0S3pN_70k-ijSSjXvB5aw","type":"Vod","title":"Zappsport","subtitle":"compilatie","description":"AVROTROS - Kindersportprogramma waarin alle takken van sport voorbijkomen.","formattedEpisodeNumbering":null,"formattedDate":"Zo 17 apr. 2016","formattedDateShort":"Apr. 2016","formattedTime":"17:00","formattedDuration":"15m","formattedAvailabilityWindow":null,"formattedAvailabilityWindowShort":null,"image":{"portraitUrl":null,"landscapeUrl":"https:\/\/images.nlziet.nl\/metadataimportimages\/source\/EA8B9DFEE78C6E4EF1C29F6E5686F12E38E8768E4AC34B1F26D9DBC4C73FD1DE.jpg"},"logo":{"normalUrl":"https:\/\/cdn.nlziet.nl\/static\/assets\/contentproviders\/npo.png","darkUrl":"https:\/\/cdn.nlziet.nl\/static\/assets\/contentproviders\/dark\/npo.png","flatUrl":"https:\/\/cdn.nlziet.nl\/static\/assets\/contentproviders\/flat\/npo.png"},"tags":[],"seriesId":"7QrOqPrilEGeM3pgWB1w1A"},{"id":"gT0r2nh6-U6g11NqynrRHg","type":"Vod","title":"Zappsport","subtitle":"Compilatie","description":"AVROTROS - Kindersportprogramma waarin alle takken van sport voorbijkomen.","formattedEpisodeNumbering":null,"formattedDate":"Zo 10 apr. 2016","formattedDateShort":"Apr. 2016","formattedTime":"16:55","formattedDuration":"14m","formattedAvailabilityWindow":null,"formattedAvailabilityWindowShort":null,"image":{"portraitUrl":null,"landscapeUrl":"https:\/\/images.nlziet.nl\/metadataimportimages\/source\/94401C4AF11012442D50304B0F64D680C05CA2B1ABD8DD3BFCD064FDE04F39AB.jpg"},"logo":{"normalUrl":"https:\/\/cdn.nlziet.nl\/static\/assets\/contentproviders\/npo.png","darkUrl":"https:\/\/cdn.nlziet.nl\/static\/assets\/contentproviders\/dark\/npo.png","flatUrl":"https:\/\/cdn.nlziet.nl\/static\/assets\/contentproviders\/flat\/npo.png"},"tags":[],"seriesId":"7QrOqPrilEGeM3pgWB1w1A"},{"id":"LDV1EYDkt0OEpOM_fgxefQ","type":"Vod","title":"Zappsport","subtitle":"compilatie","description":"AVROTROS - Kindersportprogramma waarin alle takken van sport voorbijkomen.","formattedEpisodeNumbering":null,"formattedDate":"Zo 3 apr. 2016","formattedDateShort":"Apr. 2016","formattedTime":"17:00","formattedDuration":"15m","formattedAvailabilityWindow":null,"formattedAvailabilityWindowShort":null,"image":{"portraitUrl":null,"landscapeUrl":"https:\/\/images.nlziet.nl\/metadataimportimages\/source\/A2284FFDA245A47ABC45BE012A0B530EDAD8E7B7921768962A9B09D5FBA329C5.jpg"},"logo":{"normalUrl":"https:\/\/cdn.nlziet.nl\/static\/assets\/contentproviders\/npo.png","darkUrl":"https:\/\/cdn.nlziet.nl\/static\/assets\/contentproviders\/dark\/npo.png","flatUrl":"https:\/\/cdn.nlziet.nl\/static\/assets\/contentproviders\/flat\/npo.png"},"tags":[],"seriesId":"7QrOqPrilEGeM3pgWB1w1A"},{"id":"zzdqP9nn7EeXlVhrv62vrA","type":"Vod","title":"Zappsport","subtitle":"compilatie","description":"AVROTROS - Kindersportprogramma waarin alle takken van sport voorbijkomen.","formattedEpisodeNumbering":null,"formattedDate":"Zo 27 mrt. 2016","formattedDateShort":"Mrt. 2016","formattedTime":"17:20","formattedDuration":"15m","formattedAvailabilityWindow":null,"formattedAvailabilityWindowShort":null,"image":{"portraitUrl":null,"landscapeUrl":"https:\/\/images.nlziet.nl\/metadataimportimages\/source\/D8487B8FB204267D32885E3DE52568BD2208091D04021F200CBF6A2BF8144CFD.jpg"},"logo":{"normalUrl":"https:\/\/cdn.nlziet.nl\/static\/assets\/contentproviders\/npo.png","darkUrl":"https:\/\/cdn.nlziet.nl\/static\/assets\/contentproviders\/dark\/npo.png","flatUrl":"https:\/\/cdn.nlziet.nl\/static\/assets\/contentproviders\/flat\/npo.png"},"tags":[],"seriesId":"7QrOqPrilEGeM3pgWB1w1A"},{"id":"10x-hXeuHUKx1ITm3EWafQ","type":"Vod","title":"Zappsport","subtitle":"Compilatie","description":"AVROTROS - Kindersportprogramma waarin alle takken van sport voorbijkomen.","formattedEpisodeNumbering":null,"formattedDate":"Zo 20 mrt. 2016","formattedDateShort":"Mrt. 2016","formattedTime":"17:00","formattedDuration":"14m","formattedAvailabilityWindow":null,"formattedAvailabilityWindowShort":null,"image":{"portraitUrl":null,"landscapeUrl":"https:\/\/images.nlziet.nl\/metadataimportimages\/source\/CB86AA0D9FAFFFEFF1163376AE8C10FBD76B43D62D75B6390C53CA503253E241.jpg"},"logo":{"normalUrl":"https:\/\/cdn.nlziet.nl\/static\/assets\/contentproviders\/npo.png","darkUrl":"https:\/\/cdn.nlziet.nl\/static\/assets\/contentproviders\/dark\/npo.png","flatUrl":"https:\/\/cdn.nlziet.nl\/static\/assets\/contentproviders\/flat\/npo.png"},"tags":[],"seriesId":"7QrOqPrilEGeM3pgWB1w1A"},{"id":"JGBMQvlUh0SKxyuCnGRyQw","type":"Vod","title":"Zappsport","subtitle":"Compilatie","description":"AVROTROS - Kindersportprogramma waarin alle takken van sport voorbijkomen.","formattedEpisodeNumbering":null,"formattedDate":"Zo 13 mrt. 2016","formattedDateShort":"Mrt. 2016","formattedTime":"17:00","formattedDuration":"16m","formattedAvailabilityWindow":null,"formattedAvailabilityWindowShort":null,"image":{"portraitUrl":null,"landscapeUrl":"https:\/\/images.nlziet.nl\/metadataimportimages\/source\/04AD6032B6177392ABE6A1CBAC1E16CB7923DEBCE562309B50F6337A09741416.jpg"},"logo":{"normalUrl":"https:\/\/cdn.nlziet.nl\/static\/assets\/contentproviders\/npo.png","darkUrl":"https:\/\/cdn.nlziet.nl\/static\/assets\/contentproviders\/dark\/npo.png","flatUrl":"https:\/\/cdn.nlziet.nl\/static\/assets\/contentproviders\/flat\/npo.png"},"tags":[],"seriesId":"7QrOqPrilEGeM3pgWB1w1A"},{"id":"XKNZiYeiPEmIxeW5XOqV8w","type":"Vod","title":"Zappsport","subtitle":"Compilatie","description":"AVROTROS - Kindersportprogramma waarin alle takken van sport voorbijkomen.","formattedEpisodeNumbering":null,"formattedDate":"Zo 6 mrt. 2016","formattedDateShort":"Mrt. 2016","formattedTime":"17:00","formattedDuration":"15m","formattedAvailabilityWindow":null,"formattedAvailabilityWindowShort":null,"image":{"portraitUrl":null,"landscapeUrl":"https:\/\/images.nlziet.nl\/metadataimportimages\/source\/3B6F5134C912E7FDF6145CFEBC5E4B11EF70264CDD80A9E198A4F20346A72F83.jpg"},"logo":{"normalUrl":"https:\/\/cdn.nlziet.nl\/static\/assets\/contentproviders\/npo.png","darkUrl":"https:\/\/cdn.nlziet.nl\/static\/assets\/contentproviders\/dark\/npo.png","flatUrl":"https:\/\/cdn.nlziet.nl\/static\/assets\/contentproviders\/flat\/npo.png"},"tags":[],"seriesId":"7QrOqPrilEGeM3pgWB1w1A"},{"id":"Z-wb6aNbE0O7eG9Dd-KpoQ","type":"Vod","title":"Zappsport","subtitle":"Zappsport compilatie","description":"AVROTROS - Kindersportprogramma waarin alle takken van sport voorbijkomen. In het onderdeel The Battle strijden de jongens tegen de meiden in een bepaalde sport. Ron staat in dit onderdeel tegenover de bloedfanatieke 'teamcaptain' Naomi van As. Kinderen met een sportprobleem krijgen hulp van een beroemde topsporter in de Hellup, de vetste trucs worden uitgelegd in The Move en er zijn regelmatig specials te zien rondom grote sporttoernooien.","formattedEpisodeNumbering":null,"formattedDate":"Zo 28 feb. 2016","formattedDateShort":"Feb. 2016","formattedTime":"17:05","formattedDuration":"14m","formattedAvailabilityWindow":null,"formattedAvailabilityWindowShort":null,"image":{"portraitUrl":null,"landscapeUrl":"https:\/\/images.nlziet.nl\/metadataimportimages\/source\/3BF53B6E154FB7B189566E0BC1935EF65E1C80040D94BECE3A0336AEC6FA81C5.jpg"},"logo":{"normalUrl":"https:\/\/cdn.nlziet.nl\/static\/assets\/contentproviders\/npo.png","darkUrl":"https:\/\/cdn.nlziet.nl\/static\/assets\/contentproviders\/dark\/npo.png","flatUrl":"https:\/\/cdn.nlziet.nl\/static\/assets\/contentproviders\/flat\/npo.png"},"tags":[],"seriesId":"7QrOqPrilEGeM3pgWB1w1A"},{"id":"Ah2NRFKxkUm0mQ9RedCTfA","type":"Vod","title":"Zappsport","subtitle":"Compilatie","description":"AVROTROS - Kindersportprogramma waarin alle takken van sport voorbijkomen. In het onderdeel The Battle strijden de jongens tegen de meiden in een bepaalde sport. Ron staat in dit onderdeel tegenover de bloedfanatieke 'teamcaptain' Naomi van As. Kinderen met een sportprobleem krijgen hulp van een beroemde topsporter in de Hellup, de vetste trucs worden uitgelegd in The Move en er zijn regelmatig specials te zien rondom grote sporttoernooien.","formattedEpisodeNumbering":null,"formattedDate":"Zo 21 feb. 2016","formattedDateShort":"Feb. 2016","formattedTime":"17:15","formattedDuration":"14m","formattedAvailabilityWindow":null,"formattedAvailabilityWindowShort":null,"image":{"portraitUrl":null,"landscapeUrl":"https:\/\/images.nlziet.nl\/metadataimportimages\/source\/4BD311A30A88C3BF06C2A5F9CD8273CD054AC7DA1A0646A323F30FC512B59EB7.jpg"},"logo":{"normalUrl":"https:\/\/cdn.nlziet.nl\/static\/assets\/contentproviders\/npo.png","darkUrl":"https:\/\/cdn.nlziet.nl\/static\/assets\/contentproviders\/dark\/npo.png","flatUrl":"https:\/\/cdn.nlziet.nl\/static\/assets\/contentproviders\/flat\/npo.png"},"tags":[],"seriesId":"7QrOqPrilEGeM3pgWB1w1A"},{"id":"n5vVfPFshkqNGATqRVEi0Q","type":"Vod","title":"Zappsport","subtitle":"Compilatie","description":"AVROTROS - Kindersportprogramma waarin alle takken van sport voorbijkomen. In het onderdeel The Battle strijden de jongens tegen de meiden in een bepaalde sport. Ron staat in dit onderdeel tegenover de bloedfanatieke 'teamcaptain' Naomi van As. Kinderen met een sportprobleem krijgen hulp van een beroemde topsporter in de Hellup, de vetste trucs worden uitgelegd in The Move en er zijn regelmatig specials te zien rondom grote sporttoernooien.","formattedEpisodeNumbering":null,"formattedDate":"Zo 14 feb. 2016","formattedDateShort":"Feb. 2016","formattedTime":"17:05","formattedDuration":"14m","formattedAvailabilityWindow":null,"formattedAvailabilityWindowShort":null,"image":{"portraitUrl":null,"landscapeUrl":"https:\/\/images.nlziet.nl\/metadataimportimages\/source\/F5525DCE158BB3D338732D0B51A40D08119B89BAD391A9775D3823DED566D985.jpg"},"logo":{"normalUrl":"https:\/\/cdn.nlziet.nl\/static\/assets\/contentproviders\/npo.png","darkUrl":"https:\/\/cdn.nlziet.nl\/static\/assets\/contentproviders\/dark\/npo.png","flatUrl":"https:\/\/cdn.nlziet.nl\/static\/assets\/contentproviders\/flat\/npo.png"},"tags":[],"seriesId":"7QrOqPrilEGeM3pgWB1w1A"},{"id":"9r9lKQrMwkKXhscgKlKYsw","type":"Vod","title":"Zappsport","subtitle":"compilatie","description":"AVROTROS - Kindersportprogramma waarin alle takken van sport voorbijkomen. In het onderdeel The Battle strijden de jongens tegen de meiden in een bepaalde sport. Ron staat in dit onderdeel tegenover de bloedfanatieke 'teamcaptain' Naomi van As. Kinderen met een sportprobleem krijgen hulp van een beroemde topsporter in de Hellup, de vetste trucs worden uitgelegd in The Move en er zijn regelmatig specials te zien rondom grote sporttoernooien.","formattedEpisodeNumbering":null,"formattedDate":"Zo 7 feb. 2016","formattedDateShort":"Feb. 2016","formattedTime":"16:50","formattedDuration":"25m","formattedAvailabilityWindow":null,"formattedAvailabilityWindowShort":null,"image":{"portraitUrl":null,"landscapeUrl":"https:\/\/images.nlziet.nl\/metadataimportimages\/source\/010320D72DCA1F7EFB4BD41745C39A5037B43F3FD28BB771513044012D2466C8.jpg"},"logo":{"normalUrl":"https:\/\/cdn.nlziet.nl\/static\/assets\/contentproviders\/npo.png","darkUrl":"https:\/\/cdn.nlziet.nl\/static\/assets\/contentproviders\/dark\/npo.png","flatUrl":"https:\/\/cdn.nlziet.nl\/static\/assets\/contentproviders\/flat\/npo.png"},"tags":[],"seriesId":"7QrOqPrilEGeM3pgWB1w1A"},{"id":"g_xNDtxJ1kK3maAf02yKPg","type":"Vod","title":"Zappsport","subtitle":"Compilatie","description":"AVROTROS - Kindersportprogramma waarin alle takken van sport voorbijkomen. In het onderdeel The Battle strijden de jongens tegen de meiden in een bepaalde sport. Ron staat in dit onderdeel tegenover de bloedfanatieke 'teamcaptain' Naomi van As. Kinderen met een sportprobleem krijgen hulp van een beroemde topsporter in de Hellup, de vetste trucs worden uitgelegd in The Move en er zijn regelmatig specials te zien rondom grote sporttoernooien.","formattedEpisodeNumbering":null,"formattedDate":"Zo 31 jan. 2016","formattedDateShort":"Jan. 2016","formattedTime":"17:05","formattedDuration":"14m","formattedAvailabilityWindow":null,"formattedAvailabilityWindowShort":null,"image":{"portraitUrl":null,"landscapeUrl":"https:\/\/images.nlziet.nl\/metadataimportimages\/source\/0CA6E9A874261270457E1901D52C40C7CC22FFD3A22774D23739039FE8BAD9A3.jpg"},"logo":{"normalUrl":"https:\/\/cdn.nlziet.nl\/static\/assets\/contentproviders\/npo.png","darkUrl":"https:\/\/cdn.nlziet.nl\/static\/assets\/contentproviders\/dark\/npo.png","flatUrl":"https:\/\/cdn.nlziet.nl\/static\/assets\/contentproviders\/flat\/npo.png"},"tags":[],"seriesId":"7QrOqPrilEGeM3pgWB1w1A"},{"id":"qTTbSg5tA0WwaD2HSWMl-w","type":"Vod","title":"Zappsport","subtitle":"Compilatie","description":"AVROTROS - Kindersportprogramma waarin alle takken van sport voorbijkomen. In het onderdeel The Battle strijden de jongens tegen de meiden in een bepaalde sport. Ron staat in dit onderdeel tegenover de bloedfanatieke 'teamcaptain' Naomi van As. Kinderen met een sportprobleem krijgen hulp van een beroemde topsporter in de Hellup, de vetste trucs worden uitgelegd in The Move en er zijn regelmatig specials te zien rondom grote sporttoernooien.","formattedEpisodeNumbering":null,"formattedDate":"Zo 24 jan. 2016","formattedDateShort":"Jan. 2016","formattedTime":"17:05","formattedDuration":"15m","formattedAvailabilityWindow":null,"formattedAvailabilityWindowShort":null,"image":{"portraitUrl":null,"landscapeUrl":"https:\/\/images.nlziet.nl\/metadataimportimages\/source\/CE4C69D0047A57458A2DFCFDC4FF67C0A4E6B9948E790CAC52F98ECD2A322565.jpg"},"logo":{"normalUrl":"https:\/\/cdn.nlziet.nl\/static\/assets\/contentproviders\/npo.png","darkUrl":"https:\/\/cdn.nlziet.nl\/static\/assets\/contentproviders\/dark\/npo.png","flatUrl":"https:\/\/cdn.nlziet.nl\/static\/assets\/contentproviders\/flat\/npo.png"},"tags":[],"seriesId":"7QrOqPrilEGeM3pgWB1w1A"},{"id":"PVxStQ1cpEylbxOZrj4eFg","type":"Vod","title":"Zappsport","subtitle":"Compilatie","description":"AVROTROS - Kindersportprogramma waarin alle takken van sport voorbijkomen. In het onderdeel The Battle strijden de jongens tegen de meiden in een bepaalde sport. Ron staat in dit onderdeel tegenover de bloedfanatieke 'teamcaptain' Naomi van As. Kinderen met een sportprobleem krijgen hulp van een beroemde topsporter in de Hellup, de vetste trucs worden uitgelegd in The Move en er zijn regelmatig specials te zien rondom grote sporttoernooien.","formattedEpisodeNumbering":null,"formattedDate":"Zo 17 jan. 2016","formattedDateShort":"Jan. 2016","formattedTime":"17:05","formattedDuration":"14m","formattedAvailabilityWindow":null,"formattedAvailabilityWindowShort":null,"image":{"portraitUrl":null,"landscapeUrl":"https:\/\/images.nlziet.nl\/metadataimportimages\/source\/22B03A2997A941839318FE1066BED722449E510E374A569A6A56457B98E79FB3.jpg"},"logo":{"normalUrl":"https:\/\/cdn.nlziet.nl\/static\/assets\/contentproviders\/npo.png","darkUrl":"https:\/\/cdn.nlziet.nl\/static\/assets\/contentproviders\/dark\/npo.png","flatUrl":"https:\/\/cdn.nlziet.nl\/static\/assets\/contentproviders\/flat\/npo.png"},"tags":[],"seriesId":"7QrOqPrilEGeM3pgWB1w1A"},{"id":"TJ6Y3K6ebEKq9NthmWcChA","type":"Vod","title":"Zappsport","subtitle":"compilatie","description":"AVROTROS - Kindersportprogramma waarin alle takken van sport voorbijkomen. In het onderdeel The Battle strijden de jongens tegen de meiden in een bepaalde sport. Ron staat in dit onderdeel tegenover de bloedfanatieke 'teamcaptain' Naomi van As. Kinderen met een sportprobleem krijgen hulp van een beroemde topsporter in de Hellup, de vetste trucs worden uitgelegd in The Move en er zijn regelmatig specials te zien rondom grote sporttoernooien.","formattedEpisodeNumbering":null,"formattedDate":"Zo 10 jan. 2016","formattedDateShort":"Jan. 2016","formattedTime":"17:25","formattedDuration":"15m","formattedAvailabilityWindow":null,"formattedAvailabilityWindowShort":null,"image":{"portraitUrl":null,"landscapeUrl":"https:\/\/images.nlziet.nl\/metadataimportimages\/source\/B506E8140892723891B1D28E2B5F5E9E09BF12C2EB9685C3304391590BDAA578.jpg"},"logo":{"normalUrl":"https:\/\/cdn.nlziet.nl\/static\/assets\/contentproviders\/npo.png","darkUrl":"https:\/\/cdn.nlziet.nl\/static\/assets\/contentproviders\/dark\/npo.png","flatUrl":"https:\/\/cdn.nlziet.nl\/static\/assets\/contentproviders\/flat\/npo.png"},"tags":[],"seriesId":"7QrOqPrilEGeM3pgWB1w1A"}]