[{"id":"QgvE9-tu1EKvDvInujtKog","type":"Vod","title":"Zappsport","subtitle":"Compilatie","description":"TROS, NPO Zapp - Op 3 en 4 november 2012 viert ZappSport haar tienjarig jubileum met twee 100 minuten durende marathonuitzendingen. Alle hoogtepunten van tien jaar ZappSport komen voorbij. Samengesteld door de kijkers zelf, die in de maand oktober op zappsport.nl kunnen stemmen op hun favoriete moment. Openhartige topsporters klappen uit de school in ZappSport. Zo vertelde Rafael van der Vaart: 'Wesley Sneijder slaapt met zijn sokken aan' en verklapte Klaas-Jan Huntelaar; 'Dirk Kuyt heeft de ergste zweetvoeten'. Ballenjongen bij Federer? Als verrassing mee met de Volvo Ocean Race? Altijd al de EK-onderbroek van van der Vaart willen hebben? Ron regelt 't! ZappSport kent vele 'vrienden van de show', zoals Epke Zonderland, Wesley Sneijder, Naomi van As, Ranomi Kromowidjojo, Ireen W\u00fcst, Nicolien Sauerbreij, Erben Wennemars en Dennis van der Geest. Ook zij zijn te zien in het overzicht van tien jaar ZappSport. Kortom, twee niets verhullende marathons met uniek materiaal, dromen, uitspraken. E\u00e9n een hele generatie in beeld die met ZappSport, h\u00e8t sportprogramma voor de jeugd, is opgegroeid. Zappsport is het langstlopende sportprogramma voor de jeugd. De eerste uitzending was te zien op 5 oktober 2002, destijds met presentatrice Barbara Barend. In 2005 nam Ron Boszhard het stokje van haar over. Vanaf 2008 kreeg Ron versterking van Angela Esajas en vanaf 2010 zorgt Vivienne van den Assem voor de vrouwelijke 'touch' in het stoere sportmagazine.","formattedEpisodeNumbering":null,"formattedDate":"Zo 4 nov. 2012","formattedDateShort":"Nov. 2012","formattedTime":"12:00","formattedDuration":"1u 45m","formattedAvailabilityWindow":null,"formattedAvailabilityWindowShort":null,"image":{"portraitUrl":null,"landscapeUrl":"https:\/\/images.nlziet.nl\/metadataimportimages\/source\/D6706D33D0A3379244164985DE77628338428D89E0126F2D711BF75B51BC66AA.jpg"},"logo":{"normalUrl":"https:\/\/cdn.nlziet.nl\/static\/assets\/contentproviders\/npo.png","darkUrl":"https:\/\/cdn.nlziet.nl\/static\/assets\/contentproviders\/dark\/npo.png","flatUrl":"https:\/\/cdn.nlziet.nl\/static\/assets\/contentproviders\/flat\/npo.png"},"tags":[],"seriesId":"7QrOqPrilEGeM3pgWB1w1A"},{"id":"ZgQ_716axUenOKnc_wZJ-A","type":"Vod","title":"Zappsport","subtitle":"Compilatie","description":"TROS, NPO Zapp - Op 3 en 4 november 2012 viert ZappSport haar tienjarig jubileum met twee 100 minuten durende marathonuitzendingen. Alle hoogtepunten van tien jaar ZappSport komen voorbij. Samengesteld door de kijkers zelf, die in de maand oktober op zappsport.nl kunnen stemmen op hun favoriete moment. Openhartige topsporters klappen uit de school in ZappSport. Zo vertelde Rafael van der Vaart: 'Wesley Sneijder slaapt met zijn sokken aan' en verklapte Klaas-Jan Huntelaar; 'Dirk Kuyt heeft de ergste zweetvoeten'. Ballenjongen bij Federer? Als verrassing mee met de Volvo Ocean Race? Altijd al de EK-onderbroek van van der Vaart willen hebben? Ron regelt 't! ZappSport kent vele 'vrienden van de show', zoals Epke Zonderland, Wesley Sneijder, Naomi van As, Ranomi Kromowidjojo, Ireen W\u00fcst, Nicolien Sauerbreij, Erben Wennemars en Dennis van der Geest. Ook zij zijn te zien in het overzicht van tien jaar ZappSport. Kortom, twee niets verhullende marathons met uniek materiaal, dromen, uitspraken. E\u00e9n een hele generatie in beeld die met ZappSport, h\u00e8t sportprogramma voor de jeugd, is opgegroeid. Zappsport is het langstlopende sportprogramma voor de jeugd. De eerste uitzending was te zien op 5 oktober 2002, destijds met presentatrice Barbara Barend. In 2005 nam Ron Boszhard het stokje van haar over. Vanaf 2008 kreeg Ron versterking van Angela Esajas en vanaf 2010 zorgt Vivienne van den Assem voor de vrouwelijke 'touch' in het stoere sportmagazine.","formattedEpisodeNumbering":null,"formattedDate":"Za 3 nov. 2012","formattedDateShort":"Nov. 2012","formattedTime":"12:00","formattedDuration":"1u 45m","formattedAvailabilityWindow":null,"formattedAvailabilityWindowShort":null,"image":{"portraitUrl":null,"landscapeUrl":"https:\/\/images.nlziet.nl\/metadataimportimages\/source\/26006D7443B1F435AFE0A7ACD90DAC9238185B3A96A48B1790EEDB45B835EDB5.jpg"},"logo":{"normalUrl":"https:\/\/cdn.nlziet.nl\/static\/assets\/contentproviders\/npo.png","darkUrl":"https:\/\/cdn.nlziet.nl\/static\/assets\/contentproviders\/dark\/npo.png","flatUrl":"https:\/\/cdn.nlziet.nl\/static\/assets\/contentproviders\/flat\/npo.png"},"tags":[],"seriesId":"7QrOqPrilEGeM3pgWB1w1A"}]