[{"id":"T7VAyiF8Y0q0OKQpu2X7ig","type":"Vod","title":"Het Mooiste Meisje van de Klas","subtitle":"Patricia","description":"TROS - Op het Bertand Russell College in Krommenie. Patricia (1966) valt met haar prachtige rode krullen al snel op bij haar mannelijke klasgenoten, maar als zij zelf verkering vraagt aan de jongen, op wie zij verliefd is, weigert hij. In de laatste aflevering van Het Mooiste Meisje van de Klas betuigt hij spijt over zijn antwoord. Ook Erik van der Hoff, leadzanger van schoolband Roberto Jacketti & the Scooters, kan zich Patricia nog goed herinneren tussen het dansende publiek bij de optredens van de mateloos populaire band. Helaas voor de jongens op school heeft ze vanaf haar 14e verkering met het stuk van de atletiekvereniging, met wie ze het op haar 19e uitmaakt. Haar leven is dan al in de hoogste versnelling terecht gekomen met een internationale modellen carri\u00e8re. Na een niet geslaagd huwelijk ontmoet Patricia tijdens een shoot in Griekenland haar droomprins. Ze stopt als model en besluit met Christos een watersportbedrijf op vakantie eiland Rhodos te starten. Het avontuur zal als een nachtmerrie eindigen als haar man op zekere dag van de aardbodem lijkt te zijn verdwenen. Jaap Jongbloed ontmoet Patricia in haar huis in Nederland. Ze vertelt over de achtbaan van haar leven en laat zien hoe ze tegenwoordig de kost verdient als cursusleidster Chi Neng Qigong, een Chinese bewegingsleer, die lichaam en geest versterkt. Uiteindelijk ontmoet ze een schim uit haar verleden, die speciaal voor haar naar Amsterdam is gekomen om zijn excuses te maken.","formattedEpisodeNumbering":"S2014:A6","formattedDate":"Do 5 jun. 2014","formattedDateShort":"Jun. 2014","formattedTime":"21:30","formattedDuration":"42m","formattedAvailabilityWindow":null,"formattedAvailabilityWindowShort":null,"image":{"portraitUrl":null,"landscapeUrl":"https:\/\/images.nlziet.nl\/metadataimportimages\/source\/5E0B34D5D1DBB91FD5C1A57A5995CF933F1A27DAB6FA50174E0FE21CA56DF221.jpg"},"logo":{"normalUrl":"https:\/\/cdn.nlziet.nl\/static\/assets\/contentproviders\/npo.png","darkUrl":"https:\/\/cdn.nlziet.nl\/static\/assets\/contentproviders\/dark\/npo.png","flatUrl":"https:\/\/cdn.nlziet.nl\/static\/assets\/contentproviders\/flat\/npo.png"},"tags":[],"seriesId":"6QApQZDaZ0Gc_9gWZDJFZA"},{"id":"OPmDESjE80awVwKyplUijA","type":"Vod","title":"Het Mooiste Meisje van de Klas","subtitle":"Nicole","description":"TROS - De bloedmooie Nicole (1970) uit Loon op Zand valt al snel op bij de jongens uit haar klas. Ze houdt ook wel van een beetje flirten en doet dat vooral veel en graag met haar vriendinnen tijdens de bezoekjes aan de nabijgelegen Efteling, waar de jeugd uit de omgeving een abonnement op heeft. Ze treffen elkaar voor hun eerste zoenen op de geheime attractie van het pretpark: twee heuveltjes, die door de jongeren 'de tietenberg' worden genoemd. Als Nicole naar de Norbertus Mavo in de grote stad Tilburg gaat, komt haar leven in een stroomversnelling en dat merken haar ouders ook. Ze houdt zich steeds minder aan afspraken over op tijd thuis komen en raakt meer en meer in de ban van jongens en uitgaan. Als ze eenmaal als model wordt ontdekt, is het helemaal gebeurd met een rustig leven en verlaat Nicole met klappende deur het ouderlijk huis. Ze wordt de grote aanjager in de house scene en feest nachtenlang door op Ibiza en in Amsterdam. Het drukke uitgaansleven dreigt z'n tol te eisen tot ze haar droomprins, de ex van Leontine Borsato, tegenkomt. Met hem wil zij het liefst 'huisje, boompje beestje' leven. Het lijkt allemaal voorspoedig te gaan. Alleen een kindje zou hun geluk completeren. Jaap Jongbloed ontmoet Nicole op haar droomboerderij nabij Amsterdam en reist met haar terug naar onder andere de Efteling, waar oude vriendinnen met haar herinneringen ophalen. Is Nicole uiteindelijk dankzij of ondanks haar mooie uiterlijk gelukkig geworden en heeft zij haar kinderwens weten te vervullen?","formattedEpisodeNumbering":"S2014:A5","formattedDate":"Do 29 mei. 2014","formattedDateShort":"Mei. 2014","formattedTime":"21:25","formattedDuration":"44m","formattedAvailabilityWindow":null,"formattedAvailabilityWindowShort":null,"image":{"portraitUrl":null,"landscapeUrl":"https:\/\/images.nlziet.nl\/metadataimportimages\/source\/AF0183293F8EC8971F357DC1115EDCC45BB2081C16036BD189352BD272A2D86F.jpg"},"logo":{"normalUrl":"https:\/\/cdn.nlziet.nl\/static\/assets\/contentproviders\/npo.png","darkUrl":"https:\/\/cdn.nlziet.nl\/static\/assets\/contentproviders\/dark\/npo.png","flatUrl":"https:\/\/cdn.nlziet.nl\/static\/assets\/contentproviders\/flat\/npo.png"},"tags":[],"seriesId":"6QApQZDaZ0Gc_9gWZDJFZA"},{"id":"rDvW2-5GjUe82tE8CzCXtQ","type":"Vod","title":"Het Mooiste Meisje van de Klas","subtitle":"Marianne","description":"TROS - Het leven van de mooie Marianne speelt zich af in de chique kringen van het Haagse Benoordenhout, waar de schoolgaande jeugd elkaar ook treft op de sportclubs in de buurt. Ook Marianne is dagelijks op de tennis- en hockeyvelden te vinden en ze schopt het zelfs tot de selectie van hockeyclub Klein Zwitserland. Het leven lijkt haar toe te lachen. Jaap Jongbloed praat met Marianne over een leven, dat een wending nam na een ziekte, die haar bijna haar leven kostte. Marianne heeft nog dagelijks zorgen over haar gezondheid door ernstige nierproblemen. Wat is een mooi uiterlijk dan nog waard?","formattedEpisodeNumbering":"S2014:A4","formattedDate":"Do 22 mei. 2014","formattedDateShort":"Mei. 2014","formattedTime":"22:10","formattedDuration":"42m","formattedAvailabilityWindow":null,"formattedAvailabilityWindowShort":null,"image":{"portraitUrl":null,"landscapeUrl":"https:\/\/images.nlziet.nl\/metadataimportimages\/source\/46E855B7465351F5383CD146BDCCAD6796787D938E6F7AA9324507AC9B45C0B3.jpg"},"logo":{"normalUrl":"https:\/\/cdn.nlziet.nl\/static\/assets\/contentproviders\/npo.png","darkUrl":"https:\/\/cdn.nlziet.nl\/static\/assets\/contentproviders\/dark\/npo.png","flatUrl":"https:\/\/cdn.nlziet.nl\/static\/assets\/contentproviders\/flat\/npo.png"},"tags":[],"seriesId":"6QApQZDaZ0Gc_9gWZDJFZA"},{"id":"JjVtacmhyU6KfDO2z7wWIw","type":"Vod","title":"Het Mooiste Meisje van de Klas","subtitle":"Daphne en Deborah","description":"TROS - In de derde aflevering van Het Mooiste Meisje van de Klas niet 1, maar 2 mooiste meisjes van de klas. Voor deze 'uitzondering' ontmoet Jaap Jongbloed de tweeling Daphne en Deborah (1958) uit Maastricht op het tropische eiland Aruba. Daar woont Deborah met haar man en kinderen. Zus Daphne woont in Amerika, maar ze bellen dagelijks en ze zoeken elkaar ook regelmatig op. Net als nu. De tweeling heeft een succesvolle danscarri\u00e8re in de internationale showbusiness achter de rug. Van Parijs tot Las Vegas; overal stonden ze volop in de schijnwerpers tussen sterren als Michael Jackson en Frank Sinatra. In Nederland werden ze vooral bekend door hun optredens in de Willem Ruis Show. Hoe was het voor de identieke tweeling om altijd samen te zijn en er hetzelfde uit te zien? Hadden ze soms ook dezelfde vriendjes? Jaap praat over hun vroege jaren op het St. Maartenscollege in Limburg tot hun doorbraak in het beroemde Parijse Alcazar, een caf\u00e9-cabaret club. Hij reist met hen terug naar Nederland voor ontmoetingen met oude klasgenoten en dansleraren. Jaap wil ook graag weten of de tweeling nog net als vroeger precies hetzelfde denkt en doet en stelt ze op de proef; onafhankelijk mogen ze een outfit in een modezaak uitzoeken.","formattedEpisodeNumbering":"S2014:A3","formattedDate":"Do 15 mei. 2014","formattedDateShort":"Mei. 2014","formattedTime":"21:30","formattedDuration":"43m","formattedAvailabilityWindow":null,"formattedAvailabilityWindowShort":null,"image":{"portraitUrl":null,"landscapeUrl":"https:\/\/images.nlziet.nl\/metadataimportimages\/source\/73D42F963FA984A0895ED608A17723DAF449559CC3D7DE3A3B7A29D9BA1C27B0.jpg"},"logo":{"normalUrl":"https:\/\/cdn.nlziet.nl\/static\/assets\/contentproviders\/npo.png","darkUrl":"https:\/\/cdn.nlziet.nl\/static\/assets\/contentproviders\/dark\/npo.png","flatUrl":"https:\/\/cdn.nlziet.nl\/static\/assets\/contentproviders\/flat\/npo.png"},"tags":[],"seriesId":"6QApQZDaZ0Gc_9gWZDJFZA"},{"id":"-uCQgqbI_0qwDwsgj_dAqQ","type":"Vod","title":"Het Mooiste Meisje van de Klas","subtitle":"Brigitte","description":"TROS - Jaap reist af naar tropisch Aruba, waar Brigitte Bergman lang geleden verliefd op is geworden en haar familie in Utrecht voor achter heeft gelaten. Brigitte wordt in 1963 in de Utrechtse wijk Zuilen geboren. Samen met haar broertje en haar ouders woont ze boven de herenkapsalon van haar vader. Haar ouders geloven in het belang van een strenge opvoeding en een goede opleiding. Thuis wordt Brigitte dan ook strak aan de teugels gehouden. Maar die gaan los in de weekenden als het gezin verkast naar hun vaste plek op een camping aan het Veersche Meer. Hier cirkelen de jongens als bijen om haar heen. Op het Thorbecke Lyceum is er ook geen twijfel wie het mooiste meisje van de school is. Het is dan ook niet verwonderlijk dat Brigitte naast haar schoolcarri\u00e8re succes boekt als rondemiss en later gekroond wordt tot Miss Holland. Ze mag ons land vertegenwoordigen bij de internationale Miss-verkiezing op Aruba. Het zal haar leven definitief veranderen. Op het eiland ontmoet Jaap de Utrechtse schone en praat met haar onder andere over haar spraakmakende relatie met acteur David Hasselhoff. Hij bezocht op een dag zo maar de kapperszaak van haar vader en kan zich dat bij navraag nog heel goed herinneren. Verder horen we over de Italiaanse zanger Umberto Tozzi, die tot over zijn oren verliefd op Brigitte was. En Jaap brengt een bezoek aan haar ouders in Utrecht, die nog altijd verdriet hebben over het vertrek van hun dochter uit Nederland.","formattedEpisodeNumbering":"S2014:A2","formattedDate":"Do 1 mei. 2014","formattedDateShort":"Mei. 2014","formattedTime":"21:30","formattedDuration":"43m","formattedAvailabilityWindow":null,"formattedAvailabilityWindowShort":null,"image":{"portraitUrl":null,"landscapeUrl":"https:\/\/images.nlziet.nl\/metadataimportimages\/source\/7F1AAA98C07F67D05F98EDEF9CE519563D8577AC756CAAB428311D4A890F5B63.jpg"},"logo":{"normalUrl":"https:\/\/cdn.nlziet.nl\/static\/assets\/contentproviders\/npo.png","darkUrl":"https:\/\/cdn.nlziet.nl\/static\/assets\/contentproviders\/dark\/npo.png","flatUrl":"https:\/\/cdn.nlziet.nl\/static\/assets\/contentproviders\/flat\/npo.png"},"tags":[],"seriesId":"6QApQZDaZ0Gc_9gWZDJFZA"},{"id":"4KqPFDE9h0WNggD6gKN4oQ","type":"Vod","title":"Het Mooiste Meisje van de Klas","subtitle":"","description":"TROS - Jaap Jongbloed reist af naar feesteiland Ibiza om daar Natasja Vermeer (1973) te ontmoeten. Op dit eiland is de Twentse schone van toen ooit neergestreken om de rust te vinden na een enerverend leven als topmodel en actrice in de erotisch getinte Emmanuelle films. Jaap praat met haar over haar jeugd die gekenmerkt wordt door een vader, die door zijn werk als vrachtwagenchauffeur nooit aanwezig is. Het heeft grote invloed op de rest van haar leven. Natasja's leven is een stroomversnelling met vele ups en downs met opnieuw de vraag: is uiterlijke schoonheid een garantie voor succes en geluk?","formattedEpisodeNumbering":"S2014:A1","formattedDate":"Do 24 apr. 2014","formattedDateShort":"Apr. 2014","formattedTime":"21:30","formattedDuration":"44m","formattedAvailabilityWindow":null,"formattedAvailabilityWindowShort":null,"image":{"portraitUrl":null,"landscapeUrl":"https:\/\/images.nlziet.nl\/metadataimportimages\/source\/642C08F22F92446894D1C497B8389F08E872F7898B1A2B7F585F21BE000649BE.jpg"},"logo":{"normalUrl":"https:\/\/cdn.nlziet.nl\/static\/assets\/contentproviders\/npo.png","darkUrl":"https:\/\/cdn.nlziet.nl\/static\/assets\/contentproviders\/dark\/npo.png","flatUrl":"https:\/\/cdn.nlziet.nl\/static\/assets\/contentproviders\/flat\/npo.png"},"tags":[],"seriesId":"6QApQZDaZ0Gc_9gWZDJFZA"}]