[{"id":"QRq-KLCO20GgwkTD0EBEUg","type":"Vod","title":"Border Security: Canada","subtitle":"Aflevering 26","description":"De landsgrenzen van Canada worden voortdurend bedreigd. Of het nu gaat om drugssmokkel, illegale immigratie, inspecties of het meenemen van verboden voorwerpen, de douaniers houden het allemaal in de gaten. Dit levert soms heftige situaties op.","formattedEpisodeNumbering":null,"formattedDate":"Za 17 jul. 2021","formattedDateShort":"Jul. 2021","formattedTime":"19:30","formattedDuration":"21m","formattedAvailabilityWindow":"Nog 1 dag beschikbaar","formattedAvailabilityWindowShort":"Nog 1 d. beschikbaar","image":{"portraitUrl":null,"landscapeUrl":"https:\/\/images.nlziet.nl\/metadataimportimages\/source\/2DD6C3CF30963EE1E3240152B7558B8A6B6292E66147721D06C438969D7B9EC6.jpg"},"logo":{"normalUrl":"https:\/\/cdn.nlziet.nl\/static\/assets\/contentproviders\/sbs.png","darkUrl":"https:\/\/cdn.nlziet.nl\/static\/assets\/contentproviders\/dark\/sbs.png","flatUrl":"https:\/\/cdn.nlziet.nl\/static\/assets\/contentproviders\/flat\/sbs.png"},"tags":[],"seriesId":"6EBfsFV_3EqMK8x9C1vHew"},{"id":"-GCxJi8Kvki5R30MKmqSSg","type":"Vod","title":"Border Security: Canada","subtitle":"Aflevering 25","description":"Een reiziger heeft een onbekende stof ingeslikt; een Thaise vakantiegids biedt meer dan alleen vakantieadvies; ijsthee vestigt de aandacht op een vrachtwagenchauffeur.","formattedEpisodeNumbering":null,"formattedDate":"Za 17 jul. 2021","formattedDateShort":"Jul. 2021","formattedTime":"19:01","formattedDuration":"21m","formattedAvailabilityWindow":"Nog 1 dag beschikbaar","formattedAvailabilityWindowShort":"Nog 1 d. beschikbaar","image":{"portraitUrl":null,"landscapeUrl":"https:\/\/images.nlziet.nl\/metadataimportimages\/source\/8D8F7C83C4F24390E27C09DD35677D60453743DFA78B72DCCD932FB29020933E.jpg"},"logo":{"normalUrl":"https:\/\/cdn.nlziet.nl\/static\/assets\/contentproviders\/sbs.png","darkUrl":"https:\/\/cdn.nlziet.nl\/static\/assets\/contentproviders\/dark\/sbs.png","flatUrl":"https:\/\/cdn.nlziet.nl\/static\/assets\/contentproviders\/flat\/sbs.png"},"tags":[],"seriesId":"6EBfsFV_3EqMK8x9C1vHew"},{"id":"FfB-fkyJKkKkZ3KKqE-MYw","type":"Vod","title":"Border Security: Canada","subtitle":"Aflevering 24","description":"Een auto heeft een mysterieus slot.","formattedEpisodeNumbering":null,"formattedDate":"Za 10 jul. 2021","formattedDateShort":"Jul. 2021","formattedTime":"19:30","formattedDuration":"21m","formattedAvailabilityWindow":null,"formattedAvailabilityWindowShort":null,"image":{"portraitUrl":null,"landscapeUrl":"https:\/\/images.nlziet.nl\/metadataimportimages\/source\/45CF3FB441F2731F6936956AB903C76A1A88F3F53F269A5242BCF3F3356DE4EE.jpg"},"logo":{"normalUrl":"https:\/\/cdn.nlziet.nl\/static\/assets\/contentproviders\/sbs.png","darkUrl":"https:\/\/cdn.nlziet.nl\/static\/assets\/contentproviders\/dark\/sbs.png","flatUrl":"https:\/\/cdn.nlziet.nl\/static\/assets\/contentproviders\/flat\/sbs.png"},"tags":[],"seriesId":"6EBfsFV_3EqMK8x9C1vHew"},{"id":"-V8QqDjixUiy3FPdwlQf6A","type":"Vod","title":"Border Security: Canada","subtitle":"Aflevering 23","description":"Een tatoe\u00eberder neemt zijn apparatuur mee op vakantie.","formattedEpisodeNumbering":null,"formattedDate":"Za 10 jul. 2021","formattedDateShort":"Jul. 2021","formattedTime":"19:01","formattedDuration":"21m","formattedAvailabilityWindow":null,"formattedAvailabilityWindowShort":null,"image":{"portraitUrl":null,"landscapeUrl":"https:\/\/images.nlziet.nl\/metadataimportimages\/source\/1A72EE716641AB314C0E849FC0F7B26F15CF21466E8226114E343CF2CCB6D34E.jpg"},"logo":{"normalUrl":"https:\/\/cdn.nlziet.nl\/static\/assets\/contentproviders\/sbs.png","darkUrl":"https:\/\/cdn.nlziet.nl\/static\/assets\/contentproviders\/dark\/sbs.png","flatUrl":"https:\/\/cdn.nlziet.nl\/static\/assets\/contentproviders\/flat\/sbs.png"},"tags":[],"seriesId":"6EBfsFV_3EqMK8x9C1vHew"},{"id":"qlEBu5JWW0SaDkAVQ4n1rg","type":"Vod","title":"Border Security: Canada","subtitle":"Aflevering 22","description":"De Verenigde Staten is misschien wel de echte bestemming van een nerveuze Mexicaanse reiziger. Een gigantische r\u00f6ntgenmachine vindt een vreemde vorm in een zeecontainer.","formattedEpisodeNumbering":null,"formattedDate":"Za 3 jul. 2021","formattedDateShort":"Jul. 2021","formattedTime":"19:30","formattedDuration":"21m","formattedAvailabilityWindow":null,"formattedAvailabilityWindowShort":null,"image":{"portraitUrl":null,"landscapeUrl":"https:\/\/images.nlziet.nl\/metadataimportimages\/source\/696F5E60410EDC212942419EE4F198464A9594E409D3F5D26FC25F20FA8FD10E.jpg"},"logo":{"normalUrl":"https:\/\/cdn.nlziet.nl\/static\/assets\/contentproviders\/sbs.png","darkUrl":"https:\/\/cdn.nlziet.nl\/static\/assets\/contentproviders\/dark\/sbs.png","flatUrl":"https:\/\/cdn.nlziet.nl\/static\/assets\/contentproviders\/flat\/sbs.png"},"tags":[],"seriesId":"6EBfsFV_3EqMK8x9C1vHew"},{"id":"fRBRl-nNskay7qsvUiuxHA","type":"Vod","title":"Border Security: Canada","subtitle":"Aflevering 21","description":"De hondeneenheid van Halifax heeft succes. Een Amerikaan ontdekt dat ze een vriend in hoge kringen heeft. De postbeambten van Vancouver vermoeden dat drinkpakjes meer dan alleen sap bevatten. Een Amerikaanse roadie heeft moeite met het produceren van werkpapieren en een reiziger die eerder betrapt was op illegaal werken in Canada, keert terug.","formattedEpisodeNumbering":null,"formattedDate":"Za 3 jul. 2021","formattedDateShort":"Jul. 2021","formattedTime":"19:01","formattedDuration":"21m","formattedAvailabilityWindow":null,"formattedAvailabilityWindowShort":null,"image":{"portraitUrl":null,"landscapeUrl":"https:\/\/images.nlziet.nl\/metadataimportimages\/source\/CE2A9E674F0972A3D9990D474C4574B0185B5D72AABDE73E40624C56EEA440DF.jpg"},"logo":{"normalUrl":"https:\/\/cdn.nlziet.nl\/static\/assets\/contentproviders\/sbs.png","darkUrl":"https:\/\/cdn.nlziet.nl\/static\/assets\/contentproviders\/dark\/sbs.png","flatUrl":"https:\/\/cdn.nlziet.nl\/static\/assets\/contentproviders\/flat\/sbs.png"},"tags":[],"seriesId":"6EBfsFV_3EqMK8x9C1vHew"},{"id":"hEjSimoITE2spLrudtSNQg","type":"Vod","title":"Border Security: Canada","subtitle":"Aflevering 16","description":"De agenten begroeten een bezoeker uit Mexico. Een Canadees keert terug van een feest in Panama, terwijl een inspectie van een postpakket tot een grimmige ontdekking leidt.","formattedEpisodeNumbering":null,"formattedDate":"Za 12 jun. 2021","formattedDateShort":"Jun. 2021","formattedTime":"19:30","formattedDuration":"21m","formattedAvailabilityWindow":null,"formattedAvailabilityWindowShort":null,"image":{"portraitUrl":"https:\/\/images.nlziet.nl\/metadataimportimages\/source\/A185D571A8698A1F88C2D5D1944190AF95A774C7334DD57508F749F48D476F65.jpg","landscapeUrl":"https:\/\/images.nlziet.nl\/metadataimportimages\/source\/8C6597EACF0FD53D51B497A5A2A9593F5960E33F288FCBF59909E511259FE46F.jpg"},"logo":{"normalUrl":"https:\/\/cdn.nlziet.nl\/static\/assets\/contentproviders\/sbs.png","darkUrl":"https:\/\/cdn.nlziet.nl\/static\/assets\/contentproviders\/dark\/sbs.png","flatUrl":"https:\/\/cdn.nlziet.nl\/static\/assets\/contentproviders\/flat\/sbs.png"},"tags":[],"seriesId":"6EBfsFV_3EqMK8x9C1vHew"},{"id":"TiPZ_ZBQC0C-77dRDI-l0g","type":"Vod","title":"Border Security: Canada","subtitle":"Aflevering 15","description":"Niet-aangegeven voedsel leidt tot nader onderzoek. Een Amerikaanse truck wordt geselecteerd voor inspectie en een Filipijnse reiziger komt aan voor een langdurig bezoek.","formattedEpisodeNumbering":null,"formattedDate":"Za 12 jun. 2021","formattedDateShort":"Jun. 2021","formattedTime":"19:01","formattedDuration":"21m","formattedAvailabilityWindow":null,"formattedAvailabilityWindowShort":null,"image":{"portraitUrl":"https:\/\/images.nlziet.nl\/metadataimportimages\/source\/73C27CB07B6D4AB0D2F1B5262727D1C5F4B63942368103FBB5295E1DA5356A4D.jpg","landscapeUrl":"https:\/\/images.nlziet.nl\/metadataimportimages\/source\/1D14AE08C24468EB874E0A7BDB131C7DBD2A00404ED9570F24BF2B855C4D52D9.jpg"},"logo":{"normalUrl":"https:\/\/cdn.nlziet.nl\/static\/assets\/contentproviders\/sbs.png","darkUrl":"https:\/\/cdn.nlziet.nl\/static\/assets\/contentproviders\/dark\/sbs.png","flatUrl":"https:\/\/cdn.nlziet.nl\/static\/assets\/contentproviders\/flat\/sbs.png"},"tags":[],"seriesId":"6EBfsFV_3EqMK8x9C1vHew"},{"id":"58as6u9WiE-KSTZ4v2aekA","type":"Vod","title":"Border Security: Canada","subtitle":"Aflevering 14","description":"Een Amerikaanse leraar gaat op visreis, terwijl een harige, niet-aangegeven metgezel voor problemen zorgt. Een Amerikaan belandt in de problemen door enkele gebakken lekkernijen.","formattedEpisodeNumbering":null,"formattedDate":"Za 5 jun. 2021","formattedDateShort":"Jun. 2021","formattedTime":"19:30","formattedDuration":"21m","formattedAvailabilityWindow":null,"formattedAvailabilityWindowShort":null,"image":{"portraitUrl":null,"landscapeUrl":"https:\/\/images.nlziet.nl\/metadataimportimages\/source\/D1EDDFE44775CCFD5D5C754D67974280E25CF62F9FA91B37D2C0CF8A3794A6EB.jpg"},"logo":{"normalUrl":"https:\/\/cdn.nlziet.nl\/static\/assets\/contentproviders\/sbs.png","darkUrl":"https:\/\/cdn.nlziet.nl\/static\/assets\/contentproviders\/dark\/sbs.png","flatUrl":"https:\/\/cdn.nlziet.nl\/static\/assets\/contentproviders\/flat\/sbs.png"},"tags":[],"seriesId":"6EBfsFV_3EqMK8x9C1vHew"},{"id":"h-E3mFDJQEKee_0xPeCI9Q","type":"Vod","title":"Border Security: Canada","subtitle":"Aflevering 13","description":"Een declaratie van veertig dollar doet alarmbellen rinkelen. Agenten houden zich bezig met terugkerende feestgangers, terwijl een Amerikaanse reiziger op de harde manier erachter komt dat eerlijkheid het langst duurt. Agenten inspecteren een tijdschrift uit China.","formattedEpisodeNumbering":null,"formattedDate":"Za 5 jun. 2021","formattedDateShort":"Jun. 2021","formattedTime":"19:00","formattedDuration":"21m","formattedAvailabilityWindow":null,"formattedAvailabilityWindowShort":null,"image":{"portraitUrl":"https:\/\/images.nlziet.nl\/metadataimportimages\/source\/3818F885EB3BAC7A93EF4439B0182F3BF76E772C6710711A6B872EDB03E4C56C.jpg","landscapeUrl":"https:\/\/images.nlziet.nl\/metadataimportimages\/source\/C87434B429A954EAD6EC87AA191D7DE102ABAF86518FC1DF22C006A124DF9DFC.jpg"},"logo":{"normalUrl":"https:\/\/cdn.nlziet.nl\/static\/assets\/contentproviders\/sbs.png","darkUrl":"https:\/\/cdn.nlziet.nl\/static\/assets\/contentproviders\/dark\/sbs.png","flatUrl":"https:\/\/cdn.nlziet.nl\/static\/assets\/contentproviders\/flat\/sbs.png"},"tags":[],"seriesId":"6EBfsFV_3EqMK8x9C1vHew"},{"id":"b60p9rHWEUKSrputz7ztNw","type":"Vod","title":"Border Security: Canada","subtitle":"Aflevering 6","description":"Een reiziger heeft koffers vol verrassingen. Een Canadees stel keert terug naar huis met een trofee. Twee Amerikanen slepen de boot van hun vriend naar Alaska.","formattedEpisodeNumbering":null,"formattedDate":"Za 22 mei. 2021","formattedDateShort":"Mei. 2021","formattedTime":"19:30","formattedDuration":"21m","formattedAvailabilityWindow":null,"formattedAvailabilityWindowShort":null,"image":{"portraitUrl":"https:\/\/images.nlziet.nl\/metadataimportimages\/source\/95D057F49F22F1E8C89B84D8E4C5713AE04DE7FEFC42CD744DE87935B3B7A678.jpg","landscapeUrl":"https:\/\/images.nlziet.nl\/metadataimportimages\/source\/9764BC8712EC3866A4F9CE7BBFC059911DCB26C3188859962DE19A5F65059537.jpg"},"logo":{"normalUrl":"https:\/\/cdn.nlziet.nl\/static\/assets\/contentproviders\/sbs.png","darkUrl":"https:\/\/cdn.nlziet.nl\/static\/assets\/contentproviders\/dark\/sbs.png","flatUrl":"https:\/\/cdn.nlziet.nl\/static\/assets\/contentproviders\/flat\/sbs.png"},"tags":[],"seriesId":"6EBfsFV_3EqMK8x9C1vHew"},{"id":"sPK201v6zki-H7BRYAETCA","type":"Vod","title":"Border Security: Canada","subtitle":"Aflevering 5","description":"Luchthavenmedewerkers vinden qat in een tas. Berichten op de telefoon van een reiziger wekken argwaan.","formattedEpisodeNumbering":null,"formattedDate":"Za 22 mei. 2021","formattedDateShort":"Mei. 2021","formattedTime":"19:00","formattedDuration":"21m","formattedAvailabilityWindow":null,"formattedAvailabilityWindowShort":null,"image":{"portraitUrl":"https:\/\/images.nlziet.nl\/metadataimportimages\/source\/275B306A156ACD3195E7809FA8C0F6DB853909EE963F4778AD3F4C7BF0977942.jpg","landscapeUrl":"https:\/\/images.nlziet.nl\/metadataimportimages\/source\/79CE7637B7E369FC818F9B04C78CF9837BD511EA9587D11CD08AE8C12C5FF82B.jpg"},"logo":{"normalUrl":"https:\/\/cdn.nlziet.nl\/static\/assets\/contentproviders\/sbs.png","darkUrl":"https:\/\/cdn.nlziet.nl\/static\/assets\/contentproviders\/dark\/sbs.png","flatUrl":"https:\/\/cdn.nlziet.nl\/static\/assets\/contentproviders\/flat\/sbs.png"},"tags":[],"seriesId":"6EBfsFV_3EqMK8x9C1vHew"},{"id":"zldzvy7CVESo_cawvn5KMw","type":"Vod","title":"Border Security: Canada","subtitle":"Aflevering 4","description":"Eerlijkheid duurt het langst, zelfs voor ex-oplichters. De trailer van een Amerikaans echtpaar dat naar Alaska verhuist, wordt doorzocht.","formattedEpisodeNumbering":null,"formattedDate":"Za 22 mei. 2021","formattedDateShort":"Mei. 2021","formattedTime":"18:30","formattedDuration":"21m","formattedAvailabilityWindow":null,"formattedAvailabilityWindowShort":null,"image":{"portraitUrl":"https:\/\/images.nlziet.nl\/metadataimportimages\/source\/EB9DE466BE77DCB6253BA45BD54C9567AB7857F7684F3DC13CA1DB777D7EF23B.jpg","landscapeUrl":"https:\/\/images.nlziet.nl\/metadataimportimages\/source\/14AD264A8971C34D32F73CE04DB579BA38A64AEC164DAA29D524E6F38E9898E0.jpg"},"logo":{"normalUrl":"https:\/\/cdn.nlziet.nl\/static\/assets\/contentproviders\/sbs.png","darkUrl":"https:\/\/cdn.nlziet.nl\/static\/assets\/contentproviders\/dark\/sbs.png","flatUrl":"https:\/\/cdn.nlziet.nl\/static\/assets\/contentproviders\/flat\/sbs.png"},"tags":[],"seriesId":"6EBfsFV_3EqMK8x9C1vHew"},{"id":"hICKi-3fc02q65kF6Ga1xg","type":"Vod","title":"Border Security: Canada","subtitle":"Aflevering 3","description":"Twee longboarders komen niet over de grens. Het neppe verhaal van een reiziger wordt ontmaskerd. Een zeeman heeft meer dan alleen centen op zak en de levensstijl van een rocker roept een aantal vragen op.","formattedEpisodeNumbering":null,"formattedDate":"Za 22 mei. 2021","formattedDateShort":"Mei. 2021","formattedTime":"18:00","formattedDuration":"21m","formattedAvailabilityWindow":null,"formattedAvailabilityWindowShort":null,"image":{"portraitUrl":"https:\/\/images.nlziet.nl\/metadataimportimages\/source\/7609ACE19D4D1B7839EC3E4C9C20DC319D50DF180589E3ACA5712043615DEABB.jpg","landscapeUrl":"https:\/\/images.nlziet.nl\/metadataimportimages\/source\/EDA60CB1E80CDE61A34F0D520BCD6581801504C1268571706D726EEC02E64B40.jpg"},"logo":{"normalUrl":"https:\/\/cdn.nlziet.nl\/static\/assets\/contentproviders\/sbs.png","darkUrl":"https:\/\/cdn.nlziet.nl\/static\/assets\/contentproviders\/dark\/sbs.png","flatUrl":"https:\/\/cdn.nlziet.nl\/static\/assets\/contentproviders\/flat\/sbs.png"},"tags":[],"seriesId":"6EBfsFV_3EqMK8x9C1vHew"},{"id":"1Md5I0nTs0KUVbYqX9dlIA","type":"Vod","title":"Border Security: Canada","subtitle":"Aflevering 2","description":"Het vreemde gedrag van een Amerikaanse reiziger trekt de aandacht.","formattedEpisodeNumbering":null,"formattedDate":"Za 15 mei. 2021","formattedDateShort":"Mei. 2021","formattedTime":"19:30","formattedDuration":"21m","formattedAvailabilityWindow":null,"formattedAvailabilityWindowShort":null,"image":{"portraitUrl":"https:\/\/images.nlziet.nl\/metadataimportimages\/source\/562FBE23F1FFC1B91BB961EC7FD6CBF8207BC69F34F64FD58A5D0D48BF9F2823.jpg","landscapeUrl":"https:\/\/images.nlziet.nl\/metadataimportimages\/source\/67C723D4B3B0321A46B6DEE1591B69C3A7FC04A0787AAB890344009A2AB7AD59.jpg"},"logo":{"normalUrl":"https:\/\/cdn.nlziet.nl\/static\/assets\/contentproviders\/sbs.png","darkUrl":"https:\/\/cdn.nlziet.nl\/static\/assets\/contentproviders\/dark\/sbs.png","flatUrl":"https:\/\/cdn.nlziet.nl\/static\/assets\/contentproviders\/flat\/sbs.png"},"tags":[],"seriesId":"6EBfsFV_3EqMK8x9C1vHew"},{"id":"qNhSIAFukUWnLFQRZYnY6Q","type":"Vod","title":"Border Security: Canada","subtitle":"Aflevering 1","description":"Een reiziger mist twee tassen. Een gunst kan een Amerikaan in problemen brengen, terwijl het postcentrum een plan met verdovende middelen ontdekt.","formattedEpisodeNumbering":null,"formattedDate":"Za 15 mei. 2021","formattedDateShort":"Mei. 2021","formattedTime":"19:00","formattedDuration":"21m","formattedAvailabilityWindow":null,"formattedAvailabilityWindowShort":null,"image":{"portraitUrl":"https:\/\/images.nlziet.nl\/metadataimportimages\/source\/AD0C76F62DF906E266BF0D918B28A34B7853B50460DB0E8ADB5FB4B5D7C0A1E8.jpg","landscapeUrl":"https:\/\/images.nlziet.nl\/metadataimportimages\/source\/F71649E63F2B68C1F435003BA1ED407ED5EB14714CCCA3B40703CE7C82B69596.jpg"},"logo":{"normalUrl":"https:\/\/cdn.nlziet.nl\/static\/assets\/contentproviders\/sbs.png","darkUrl":"https:\/\/cdn.nlziet.nl\/static\/assets\/contentproviders\/dark\/sbs.png","flatUrl":"https:\/\/cdn.nlziet.nl\/static\/assets\/contentproviders\/flat\/sbs.png"},"tags":[],"seriesId":"6EBfsFV_3EqMK8x9C1vHew"}]