[{"id":"r8NUMif5GUuf_wTzVhmMpw","type":"Vod","title":"De proefkeuken","subtitle":"Lolly","description":"VPRO - Willem Voogd en Pieter Hulst dromen van een eigen attractie op de kermis. Ze bouwen zelf de lolly-tollie-grijpmachine! Een ingenieus apparaat waarmee je zelfgemaakte kersen-knetterlolly's kunt winnen.","formattedEpisodeNumbering":"S7:A6","formattedDate":"Zo 29 nov. 2020","formattedDateShort":"Nov. 2020","formattedTime":"09:00","formattedDuration":"25m","formattedAvailabilityWindow":null,"formattedAvailabilityWindowShort":null,"image":{"portraitUrl":null,"landscapeUrl":"https:\/\/images.nlziet.nl\/metadataimportimages\/source\/AE7AE7786B953A67FF371FF56A95DE798C987523B0017CDA75AE6C692BB7F721.jpg"},"logo":{"normalUrl":"https:\/\/cdn.nlziet.nl\/static\/assets\/contentproviders\/npo.png","darkUrl":"https:\/\/cdn.nlziet.nl\/static\/assets\/contentproviders\/dark\/npo.png","flatUrl":"https:\/\/cdn.nlziet.nl\/static\/assets\/contentproviders\/flat\/npo.png"},"tags":[],"seriesId":"7prtXvf9wkyY3ry-8KQESg"},{"id":"qVh7Nw3fVEytQKLBglq_gw","type":"Vod","title":"De proefkeuken","subtitle":"Bunker","description":"VPRO - Willem Voogd en Pieter Hulst zijn ervan overtuigd dat het einde der tijden is aangebroken. Om te overleven besluiten ze een ondergrondse bunker te bouwen: de perfecte plek op het moment dat de wereld vergaat.","formattedEpisodeNumbering":"S7:A5","formattedDate":"Zo 22 nov. 2020","formattedDateShort":"Nov. 2020","formattedTime":"09:00","formattedDuration":"25m","formattedAvailabilityWindow":null,"formattedAvailabilityWindowShort":null,"image":{"portraitUrl":null,"landscapeUrl":"https:\/\/images.nlziet.nl\/metadataimportimages\/source\/A0229FFD46E1BD097AAFB7870C07761D212C50EE672FF246C5601E0B7D1916AB.jpg"},"logo":{"normalUrl":"https:\/\/cdn.nlziet.nl\/static\/assets\/contentproviders\/npo.png","darkUrl":"https:\/\/cdn.nlziet.nl\/static\/assets\/contentproviders\/dark\/npo.png","flatUrl":"https:\/\/cdn.nlziet.nl\/static\/assets\/contentproviders\/flat\/npo.png"},"tags":[],"seriesId":"7prtXvf9wkyY3ry-8KQESg"},{"id":"5OQ_2qRbG0yM5sJ0FZVdqw","type":"Vod","title":"De proefkeuken","subtitle":"Fiets","description":"VPRO - Willems fiets is gejat, dus maken Pieter Hulst en Willem Voogd een nieuwe. Een hele speciale: een gloednieuwe tweewieler van oude plastic rotzooi, een enorm hertengewei en afval uit de gracht.","formattedEpisodeNumbering":"S7:A4","formattedDate":"Zo 15 nov. 2020","formattedDateShort":"Nov. 2020","formattedTime":"09:00","formattedDuration":"25m","formattedAvailabilityWindow":null,"formattedAvailabilityWindowShort":null,"image":{"portraitUrl":null,"landscapeUrl":"https:\/\/images.nlziet.nl\/metadataimportimages\/source\/1B4A7BCB1660B4996605ABCBDAA6CBF64AEE726BE3B9FC97F225125DFD195C60.jpg"},"logo":{"normalUrl":"https:\/\/cdn.nlziet.nl\/static\/assets\/contentproviders\/npo.png","darkUrl":"https:\/\/cdn.nlziet.nl\/static\/assets\/contentproviders\/dark\/npo.png","flatUrl":"https:\/\/cdn.nlziet.nl\/static\/assets\/contentproviders\/flat\/npo.png"},"tags":[],"seriesId":"7prtXvf9wkyY3ry-8KQESg"},{"id":"HbpItHMOOESkiREOdQomtg","type":"Vod","title":"De proefkeuken","subtitle":"Radio","description":"VPRO - Het internet ligt plat. Een regelrechte ramp. Geen TikTok, YouTube of WhatsApp. Toch blijkt er nog \u00e9\u00e9n manier van communicatie mogelijk: radio! Willem Voogd en Pieter Hulst besluiten een zender te bouwen en beginnen hun eigen radiozender.","formattedEpisodeNumbering":"S7:A3","formattedDate":"Zo 8 nov. 2020","formattedDateShort":"Nov. 2020","formattedTime":"09:00","formattedDuration":"25m","formattedAvailabilityWindow":null,"formattedAvailabilityWindowShort":null,"image":{"portraitUrl":null,"landscapeUrl":"https:\/\/images.nlziet.nl\/metadataimportimages\/source\/93EB233491F1CB411921541BDBA472B2AF517CE88A764F326D68E4F98281092C.jpg"},"logo":{"normalUrl":"https:\/\/cdn.nlziet.nl\/static\/assets\/contentproviders\/npo.png","darkUrl":"https:\/\/cdn.nlziet.nl\/static\/assets\/contentproviders\/dark\/npo.png","flatUrl":"https:\/\/cdn.nlziet.nl\/static\/assets\/contentproviders\/flat\/npo.png"},"tags":[],"seriesId":"7prtXvf9wkyY3ry-8KQESg"},{"id":"alxYmasibkiwg_pA1cjpVw","type":"Vod","title":"De proefkeuken","subtitle":"Reep","description":"VPRO - Willem Voogd droomt van een echt sponsorcontract. Maar wie wil hem nou sponsoren? Pieter Hulst en Willem besluiten zelf een merk te beginnen en zichzelf te sponsoren. Gaat hun energiereep de wereld veroveren?","formattedEpisodeNumbering":"S7:A2","formattedDate":"Zo 1 nov. 2020","formattedDateShort":"Nov. 2020","formattedTime":"09:00","formattedDuration":"25m","formattedAvailabilityWindow":null,"formattedAvailabilityWindowShort":null,"image":{"portraitUrl":null,"landscapeUrl":"https:\/\/images.nlziet.nl\/metadataimportimages\/source\/1C2DF596525DBBFC7F6449116CD8AC3CE18A307CE2C61EE12982C4B96FD7BE73.jpg"},"logo":{"normalUrl":"https:\/\/cdn.nlziet.nl\/static\/assets\/contentproviders\/npo.png","darkUrl":"https:\/\/cdn.nlziet.nl\/static\/assets\/contentproviders\/dark\/npo.png","flatUrl":"https:\/\/cdn.nlziet.nl\/static\/assets\/contentproviders\/flat\/npo.png"},"tags":[],"seriesId":"7prtXvf9wkyY3ry-8KQESg"},{"id":"9U7aBCq0EEC5eg2QFLcUfw","type":"Vod","title":"De proefkeuken","subtitle":"Jas","description":"VPRO - Willem Voogd en Pieter Hulst besluiten de warmste donzen jas ooit te maken. Een jas waarmee Pieter de ergste vrieskou, wind en stormen kan doorstaan, want hij heeft een voetreis naar het ijskoude Alaska gewonnen.","formattedEpisodeNumbering":"S7:A1","formattedDate":"Zo 25 okt. 2020","formattedDateShort":"Okt. 2020","formattedTime":"09:00","formattedDuration":"25m","formattedAvailabilityWindow":null,"formattedAvailabilityWindowShort":null,"image":{"portraitUrl":null,"landscapeUrl":"https:\/\/images.nlziet.nl\/metadataimportimages\/source\/DAAA7F6238D046A1187328048FA2DE4E6D22FEB4360A256DBA6FA1AD74DEF144.jpg"},"logo":{"normalUrl":"https:\/\/cdn.nlziet.nl\/static\/assets\/contentproviders\/npo.png","darkUrl":"https:\/\/cdn.nlziet.nl\/static\/assets\/contentproviders\/dark\/npo.png","flatUrl":"https:\/\/cdn.nlziet.nl\/static\/assets\/contentproviders\/flat\/npo.png"},"tags":[],"seriesId":"7prtXvf9wkyY3ry-8KQESg"}]