[{"id":"td7A8UlILUyU-NdnRR8H3Q","type":"Vod","title":"Manhunt","subtitle":"","description":"KRO-NCRV - Het onderzoek naar de moord op Am\u00e9lie is in een stroomversnelling geraakt en Colin Sutton en zijn team maken zich op voor de arrestatie van Levi Bellfield. Als ze hem al weten te arresteren, mag Bellfield volgens de wet maar maximaal 72 uur worden vastgehouden. Dan staan Sutton en zijn team voor de moeilijke taak om een onwillige moordverdachte tot een bekentenis te bewegen.","formattedEpisodeNumbering":"S1:A3","formattedDate":"Za 25 mei. 2019","formattedDateShort":"Mei. 2019","formattedTime":"22:40","formattedDuration":"47m","formattedAvailabilityWindow":null,"formattedAvailabilityWindowShort":null,"image":{"portraitUrl":null,"landscapeUrl":"https:\/\/images.nlziet.nl\/metadataimportimages\/source\/67EC0977C69F648B11ADD038BB29F053B0DFA214CB52EC4FEBA712C096751FBD.jpg"},"logo":{"normalUrl":"https:\/\/cdn.nlziet.nl\/static\/assets\/contentproviders\/npo.png","darkUrl":"https:\/\/cdn.nlziet.nl\/static\/assets\/contentproviders\/dark\/npo.png","flatUrl":"https:\/\/cdn.nlziet.nl\/static\/assets\/contentproviders\/flat\/npo.png"},"tags":[],"seriesId":"5Wjx7Lf4yEK7AnwSQGl8oQ"},{"id":"y_g8CZsSwUWry6wqEYfrQA","type":"Vod","title":"Manhunt","subtitle":"","description":"KRO-NCRV - Hoofdinspecteur Colin Sutton en zijn team onderzoeken de moord op een jonge Fran\u00e7aise. Op camerabeelden is een mogelijk verdachte bestelauto te zien in de buurt van de plaats delict. In die omgeving zijn recent jonge vrouwen aangevallen en de druk van Suttons superieuren om resultaat te boeken neemt toe. De speurtocht naar de bestelauto levert niet direct nieuwe informatie op.","formattedEpisodeNumbering":"S1:A2","formattedDate":"Za 18 mei. 2019","formattedDateShort":"Mei. 2019","formattedTime":"22:40","formattedDuration":"46m","formattedAvailabilityWindow":null,"formattedAvailabilityWindowShort":null,"image":{"portraitUrl":null,"landscapeUrl":"https:\/\/images.nlziet.nl\/metadataimportimages\/source\/42D4072D2D65BA2C0F4AD5495EBEBC385E5E033F5A2AA3EB359280B7464D7E69.jpg"},"logo":{"normalUrl":"https:\/\/cdn.nlziet.nl\/static\/assets\/contentproviders\/npo.png","darkUrl":"https:\/\/cdn.nlziet.nl\/static\/assets\/contentproviders\/dark\/npo.png","flatUrl":"https:\/\/cdn.nlziet.nl\/static\/assets\/contentproviders\/flat\/npo.png"},"tags":[],"seriesId":"5Wjx7Lf4yEK7AnwSQGl8oQ"},{"id":"iCRaOIYIE0SNgFqTg92J_w","type":"Vod","title":"Manhunt","subtitle":"","description":"KRO-NCRV - Op 19 augustus 2004 wordt in het Londense Twickenham Green een jonge vrouw dodelijk gewond aangetroffen. Hoofdinspecteur Colin Sutton leidt het politieonderzoek. Omdat van dader en motief elk spoor ontbreekt, zet Sutton alle middelen in die hij tot zijn beschikking heeft. Op zoek naar bruikbare aanwijzingen bekijkt het politieteam camerabeelden en komt er een mogelijk verdachte auto in beeld.","formattedEpisodeNumbering":"S1:A1","formattedDate":"Za 11 mei. 2019","formattedDateShort":"Mei. 2019","formattedTime":"22:45","formattedDuration":"46m","formattedAvailabilityWindow":null,"formattedAvailabilityWindowShort":null,"image":{"portraitUrl":null,"landscapeUrl":"https:\/\/images.nlziet.nl\/metadataimportimages\/source\/3A5E689A40ACEB83D1D1324D5F093344A57E601D07B4477B0838946AD59E947C.jpg"},"logo":{"normalUrl":"https:\/\/cdn.nlziet.nl\/static\/assets\/contentproviders\/npo.png","darkUrl":"https:\/\/cdn.nlziet.nl\/static\/assets\/contentproviders\/dark\/npo.png","flatUrl":"https:\/\/cdn.nlziet.nl\/static\/assets\/contentproviders\/flat\/npo.png"},"tags":[],"seriesId":"5Wjx7Lf4yEK7AnwSQGl8oQ"}]