[{"id":"MCL6AGKguUK0nHYXahoKJw","type":"Vod","title":"Steenrijk, straatarm","subtitle":"Aflevering 16","description":"Net over de grens in Maastricht, in het lommerrijke Vlaamse villadorp Diepenbeek, woont de excentrieke ondernemer Jan Kriekels samen met zijn 18-jarige zoon Calvin. De kapitale villa die de twee mannen bewonen is dertig jaar geleden door Jan ontworpen \u00e9n opgebouwd. Op de 700 vierkante meter in Diepenbeek heeft Jan zijn eigen paradijs gecre\u00eberd! In een gezellige volksbuurt in Breda leeft de familie Heuvels. In het sociale huurhuis wonen vader Pascal, moeder Cindy, zoon Dyaden en dochter Divinnety samen met hond Nouna en poes Shiva. Cindy en Pascal hebben geldzorgen die ze hebben meegenomen uit hun verleden. Cindy gaat op haar 16e samenwonen en blijft uiteindelijk alleen achter met hoge schulden. Pascal moet na zijn scheiding zijn huis gedwongen verkopen en houdt hier een restschuld van 60.000 euro aan over.","formattedEpisodeNumbering":null,"formattedDate":"Di 23 okt. 2018","formattedDateShort":"Okt. 2018","formattedTime":"20:28","formattedDuration":"41m","formattedAvailabilityWindow":null,"formattedAvailabilityWindowShort":null,"image":{"portraitUrl":null,"landscapeUrl":"https:\/\/images.nlziet.nl\/metadataimportimages\/source\/C68303EC85125D46A9845E32F14670CA6588EF3F25BB67C36ACB993653DD974C.jpg"},"logo":{"normalUrl":"https:\/\/cdn.nlziet.nl\/static\/assets\/contentproviders\/sbs.png","darkUrl":"https:\/\/cdn.nlziet.nl\/static\/assets\/contentproviders\/dark\/sbs.png","flatUrl":"https:\/\/cdn.nlziet.nl\/static\/assets\/contentproviders\/flat\/sbs.png"},"tags":[],"seriesId":"6g186RhGL0ennx2vCJvE-g"},{"id":"80A4ahKleU234uKSisiAgQ","type":"Vod","title":"Steenrijk, straatarm","subtitle":"Aflevering 15","description":"In Steenrijk, Straatarm ruilen twee families met een volledig tegengesteld welstandniveau een week lang van huis, budget en dagelijks leven. Maakt geld werkelijk gelukkig? Aan het einde van de week wordt duidelijk hoeveel ze achteraf, ondanks hun verschillende financi\u00eble omstandigheden, toch gemeen hebben. En of geld inderdaad het verschil kan maken. Deze week verruilen autohandelaar Dick Stokman en zijn vriendin Mariette Verhees hun huis in het Noord Hollandse De Kwakel voor de sociale huurflat van de familie Tercan in Naaldwijk. Dick en Mariette hebben in De Kwakel hun knusse maar luxueuze droomhuis gecre\u00eberd. Als ze daar niet zijn, verblijven ze op Ibiza of bezoeken ze een andere exotische bestemming. Een luxe die de familie Tercan niet kent. In de kleine sociale huurflat moeten vader Tarik, moeder Michelle en dochters Dilara, Demi & zoon Arda rondkomen van een weekbudget van tachtig euro. Extraatjes zitten er voor de Tercan's niet in.","formattedEpisodeNumbering":null,"formattedDate":"Di 16 okt. 2018","formattedDateShort":"Okt. 2018","formattedTime":"20:28","formattedDuration":"41m","formattedAvailabilityWindow":null,"formattedAvailabilityWindowShort":null,"image":{"portraitUrl":"https:\/\/images.nlziet.nl\/metadataimportimages\/source\/76C8F144576333BDCB42B2F3F4FF109141B32182EAA099A74739F4878B8A8204.jpg","landscapeUrl":"https:\/\/images.nlziet.nl\/metadataimportimages\/source\/8C0B2562323F8624528117E3940FF686D645CD3B8A7C0A8286BDA8AA87F4F623.jpg"},"logo":{"normalUrl":"https:\/\/cdn.nlziet.nl\/static\/assets\/contentproviders\/sbs.png","darkUrl":"https:\/\/cdn.nlziet.nl\/static\/assets\/contentproviders\/dark\/sbs.png","flatUrl":"https:\/\/cdn.nlziet.nl\/static\/assets\/contentproviders\/flat\/sbs.png"},"tags":[],"seriesId":"6g186RhGL0ennx2vCJvE-g"},{"id":"wPAkqbligEuYKruBGXiMeg","type":"Vod","title":"Steenrijk, straatarm","subtitle":"Aflevering 14","description":"In het Noord Brabantse dorpje Nuland wonen Marijcke van Oss en haar zoon Mark in het luxueuze Villa Maasdonk. Marijcke heeft altijd keihard gewerkt, en zoon Mark heeft hetzelfde arbeidsethos als zijn moeder. Ondanks hun zakelijke successen is het leven van Marijcke en Mark getekend door verlies. Marijcke verloor haar man Martin en haar twee kinderen Martijn en Tamara. Het leven van de familie Witjes uit Didam is ook getekend. Vader Silvio en zoon Liam hebben het 22Q11-syndroom. Zoon Liam heeft het syndroom in een veel zwaardere vorm, waardoor zijn leven al meerdere keren aan een zijden draadje hing. Lukt het de Witjes hun zorgen even thuis te laten als ze hun intrek nemen in Villa Maasdonk? En houden moeder en zoon van Oss het met elkaar uit nu ze niet keihard hoeven te werken?","formattedEpisodeNumbering":null,"formattedDate":"Di 9 okt. 2018","formattedDateShort":"Okt. 2018","formattedTime":"20:31","formattedDuration":"42m","formattedAvailabilityWindow":null,"formattedAvailabilityWindowShort":null,"image":{"portraitUrl":"https:\/\/images.nlziet.nl\/metadataimportimages\/source\/81282B34B7AEEA0F6F3F6232FC7D788A4A3200FD380D4149BE38356EA88FC2D3.jpg","landscapeUrl":"https:\/\/images.nlziet.nl\/metadataimportimages\/source\/92181DF17228A49302AD60BD74EC6F3B7CB7F2398399E66A40B8A36DCB994F48.jpg"},"logo":{"normalUrl":"https:\/\/cdn.nlziet.nl\/static\/assets\/contentproviders\/sbs.png","darkUrl":"https:\/\/cdn.nlziet.nl\/static\/assets\/contentproviders\/dark\/sbs.png","flatUrl":"https:\/\/cdn.nlziet.nl\/static\/assets\/contentproviders\/flat\/sbs.png"},"tags":[],"seriesId":"6g186RhGL0ennx2vCJvE-g"},{"id":"P6goR2ZJOUabRJvlRBDg5Q","type":"Vod","title":"Steenrijk, straatarm","subtitle":"Aflevering 13","description":"In Steenrijk, Straatarm ruilen twee families met een volledig tegengesteld welstandniveau een week lang van huis, budget en dagelijks leven. Maakt geld werkelijk gelukkig? Aan het einde van de week wordt duidelijk hoeveel ze achteraf, ondanks hun verschillende financi\u00eble omstandigheden, toch gemeen hebben. En of geld inderdaad het verschil kan maken. Na een succesvolle carri\u00e8re in de salesindustrie volgt Jack zijn hart en stort hij zich op de kunsten. Inmiddels hangt Jack's Art wereldwijd in de galerijen. Jacks vriendin Betty werkt in de medische hoek en runt daarnaast een goedlopende bed & breakfast. Samen genieten ze van al het moois dat het leven te bieden heeft. Van ritjes in de gitzwarte Mustang tot diners waar dan ook ter wereld. De familie van Heeswijk in Lelystad kan niet ongelimiteerd spenderen. Door de crisis is de familie in de financi\u00eble ellende terecht gekomen. Het verliezen van een baan, dwong de familie uiteindelijk tot de verkoop van hun huis.","formattedEpisodeNumbering":null,"formattedDate":"Di 2 okt. 2018","formattedDateShort":"Okt. 2018","formattedTime":"20:30","formattedDuration":"41m","formattedAvailabilityWindow":null,"formattedAvailabilityWindowShort":null,"image":{"portraitUrl":null,"landscapeUrl":"https:\/\/images.nlziet.nl\/metadataimportimages\/source\/BB18DF756260732DF91A105708189C33A33FA634E504C72679084948B3469139.jpg"},"logo":{"normalUrl":"https:\/\/cdn.nlziet.nl\/static\/assets\/contentproviders\/sbs.png","darkUrl":"https:\/\/cdn.nlziet.nl\/static\/assets\/contentproviders\/dark\/sbs.png","flatUrl":"https:\/\/cdn.nlziet.nl\/static\/assets\/contentproviders\/flat\/sbs.png"},"tags":[],"seriesId":"6g186RhGL0ennx2vCJvE-g"},{"id":"8DsROety5kq_uzmwA1oqbA","type":"Vod","title":"Steenrijk, straatarm","subtitle":"Aflevering 12","description":"In Steenrijk, Straatarm ruilen twee families met een volledig tegengesteld welstandniveau een week lang van huis, budget en dagelijks leven. Maakt geld werkelijk gelukkig? Aan het einde van de week wordt duidelijk hoeveel ze achteraf, ondanks hun verschillende financi\u00eble omstandigheden, toch gemeen hebben. En of geld inderdaad het verschil kan maken.","formattedEpisodeNumbering":null,"formattedDate":"Di 25 sep. 2018","formattedDateShort":"Sep. 2018","formattedTime":"20:32","formattedDuration":"41m","formattedAvailabilityWindow":null,"formattedAvailabilityWindowShort":null,"image":{"portraitUrl":null,"landscapeUrl":"https:\/\/images.nlziet.nl\/metadataimportimages\/source\/060609F26BCE90D0C6B6C53FB15415541EE6BDCF5C61667AE22F8881CF971408.jpg"},"logo":{"normalUrl":"https:\/\/cdn.nlziet.nl\/static\/assets\/contentproviders\/sbs.png","darkUrl":"https:\/\/cdn.nlziet.nl\/static\/assets\/contentproviders\/dark\/sbs.png","flatUrl":"https:\/\/cdn.nlziet.nl\/static\/assets\/contentproviders\/flat\/sbs.png"},"tags":[],"seriesId":"6g186RhGL0ennx2vCJvE-g"},{"id":"fzatU9tQBk-TJFDaQd-EkA","type":"Vod","title":"Steenrijk, straatarm","subtitle":"Aflevering 11","description":"In Steenrijk, Straatarm ruilen twee families met een volledig tegengesteld welstandniveau een week lang van huis, budget en dagelijks leven. Deze week ruilt, de op Ibiza wonende familie Van Maaren, met het samengestelde gezin Jansen uit Vianen. Bernardus van Maaren vergaarde zijn vermogen in de autohandel. Samen met zijn vrouw Nienke bouwde hij de zaak uit en runt hij nu een bijzonder vastgoedproject in een achterstandswijk op Ibiza. Het samengestelde gezin Jansen woont in een volksbuurt in Vianen. Door schulden uit het verleden moet de familie nu rondkomen van een krap weekbudget. Hierdoor moet er vaak 'nee' gezegd worden tegen de kinderen. Grote wens van moeder Diana is om eindelijk die felbegeerde voetbalschoenen voor haar zoon te kunnen kopen. Hoe gaan de Jansens reageren als ze opeens het maandsalaris van vader Davey in \u00e9\u00e9n week mogen uitgeven? En lukt het de rasondernemers Van Maaren om \u00e9\u00e9n week niet te werken?","formattedEpisodeNumbering":null,"formattedDate":"Di 18 sep. 2018","formattedDateShort":"Sep. 2018","formattedTime":"20:31","formattedDuration":"42m","formattedAvailabilityWindow":null,"formattedAvailabilityWindowShort":null,"image":{"portraitUrl":null,"landscapeUrl":"https:\/\/images.nlziet.nl\/metadataimportimages\/source\/BE2A0EF25687343D5DB25EBE81DCAF04EFF60AB603737BE090BA0CDE81AA9BF0.jpg"},"logo":{"normalUrl":"https:\/\/cdn.nlziet.nl\/static\/assets\/contentproviders\/sbs.png","darkUrl":"https:\/\/cdn.nlziet.nl\/static\/assets\/contentproviders\/dark\/sbs.png","flatUrl":"https:\/\/cdn.nlziet.nl\/static\/assets\/contentproviders\/flat\/sbs.png"},"tags":[],"seriesId":"6g186RhGL0ennx2vCJvE-g"},{"id":"Mi7f0CQFgkGELuqu0ZxyKA","type":"Vod","title":"Steenrijk, straatarm","subtitle":"Aflevering 10","description":"SBS6 - In Steenrijk, Straatarm ruilen twee families met een volledig tegengesteld welstandniveau een week lang van huis, budget en dagelijks leven. Maakt geld werkelijk gelukkig? Aan het einde van de week wordt duidelijk hoeveel ze achteraf, ondanks hun verschillende financi\u00eble omstandigheden, toch gemeen hebben. En of geld inderdaad het verschil kan maken. Barbara en Jolande genieten zoveel mogelijk van het luxe leven. Dat doen ze door onder andere overal ter wereld te golfen en kunstveilingen te bezoeken. Bij de familie Leiendecker stapelen de geldzorgen zich echter steeds meer op. Jan, Mira en hun dochtertje Freya moeten rondkomen van zeventig euro per week.","formattedEpisodeNumbering":null,"formattedDate":"Di 11 sep. 2018","formattedDateShort":"Sep. 2018","formattedTime":"20:30","formattedDuration":"42m","formattedAvailabilityWindow":null,"formattedAvailabilityWindowShort":null,"image":{"portraitUrl":null,"landscapeUrl":"https:\/\/images.nlziet.nl\/metadataimportimages\/source\/6B473E9F018F0EE49090ED3A8A826B9356D843218AB6AA99A25ACF00B75590EA.jpg"},"logo":{"normalUrl":"https:\/\/cdn.nlziet.nl\/static\/assets\/contentproviders\/sbs.png","darkUrl":"https:\/\/cdn.nlziet.nl\/static\/assets\/contentproviders\/dark\/sbs.png","flatUrl":"https:\/\/cdn.nlziet.nl\/static\/assets\/contentproviders\/flat\/sbs.png"},"tags":[],"seriesId":"6g186RhGL0ennx2vCJvE-g"},{"id":"rLNfT-iZh0aL21RPbc49vA","type":"Vod","title":"Steenrijk, straatarm","subtitle":"Aflevering 8","description":"In Steenrijk, Straatarm ruilen twee families met een volledig tegengesteld welstandniveau een week lang van huis, budget en dagelijks leven. Maakt geld werkelijk gelukkig? Aan het einde van de week wordt duidelijk hoeveel ze achteraf, ondanks hun verschillende financi\u00eble omstandigheden, toch gemeen hebben. En of geld inderdaad het verschil kan maken.","formattedEpisodeNumbering":null,"formattedDate":"Di 15 mei. 2018","formattedDateShort":"Mei. 2018","formattedTime":"20:27","formattedDuration":"42m","formattedAvailabilityWindow":null,"formattedAvailabilityWindowShort":null,"image":{"portraitUrl":null,"landscapeUrl":"https:\/\/images.nlziet.nl\/metadataimportimages\/source\/7CAECC8A65769C1CAB8CF2315495B9BC5C74AB003FABFD6F842CC2ABE39C2230.jpg"},"logo":{"normalUrl":"https:\/\/cdn.nlziet.nl\/static\/assets\/contentproviders\/sbs.png","darkUrl":"https:\/\/cdn.nlziet.nl\/static\/assets\/contentproviders\/dark\/sbs.png","flatUrl":"https:\/\/cdn.nlziet.nl\/static\/assets\/contentproviders\/flat\/sbs.png"},"tags":[],"seriesId":"6g186RhGL0ennx2vCJvE-g"},{"id":"pUqLGcBnTkWEohNedBAuMA","type":"Vod","title":"Steenrijk, straatarm","subtitle":"Aflevering 7","description":"In Steenrijk, Straatarm ruilen twee families met een volledig tegengesteld welstandniveau een week lang van huis, budget en dagelijks leven. Maakt geld werkelijk gelukkig? Aan het einde van de week wordt duidelijk hoeveel ze achteraf, ondanks hun verschillende financi\u00eble omstandigheden, toch gemeen hebben. En of geld inderdaad het verschil kan maken.","formattedEpisodeNumbering":null,"formattedDate":"Di 8 mei. 2018","formattedDateShort":"Mei. 2018","formattedTime":"20:29","formattedDuration":"41m","formattedAvailabilityWindow":null,"formattedAvailabilityWindowShort":null,"image":{"portraitUrl":null,"landscapeUrl":"https:\/\/images.nlziet.nl\/metadataimportimages\/source\/721046F3C37E2F373A58CEBCC662001969E8491D61D08C2AB19F00F4F35A511F.jpg"},"logo":{"normalUrl":"https:\/\/cdn.nlziet.nl\/static\/assets\/contentproviders\/sbs.png","darkUrl":"https:\/\/cdn.nlziet.nl\/static\/assets\/contentproviders\/dark\/sbs.png","flatUrl":"https:\/\/cdn.nlziet.nl\/static\/assets\/contentproviders\/flat\/sbs.png"},"tags":[],"seriesId":"6g186RhGL0ennx2vCJvE-g"},{"id":"m5GHnZayV0ys5Ax-TnOZxw","type":"Vod","title":"Steenrijk, straatarm","subtitle":"Aflevering 6","description":"In Steenrijk, Straatarm ruilen twee families met een volledig tegengesteld welstandniveau een week lang van huis, budget en dagelijks leven. Maakt geld werkelijk gelukkig? Aan het einde van de week wordt duidelijk hoeveel ze achteraf, ondanks hun verschillende financi\u00eble omstandigheden, toch gemeen hebben. En of geld inderdaad het verschil kan maken.","formattedEpisodeNumbering":null,"formattedDate":"Di 1 mei. 2018","formattedDateShort":"Mei. 2018","formattedTime":"20:31","formattedDuration":"41m","formattedAvailabilityWindow":null,"formattedAvailabilityWindowShort":null,"image":{"portraitUrl":null,"landscapeUrl":"https:\/\/images.nlziet.nl\/metadataimportimages\/source\/2DA82A29DBA061D88441459C488E06DEA7EA6E76CEF7D779065D046E57552B69.jpg"},"logo":{"normalUrl":"https:\/\/cdn.nlziet.nl\/static\/assets\/contentproviders\/sbs.png","darkUrl":"https:\/\/cdn.nlziet.nl\/static\/assets\/contentproviders\/dark\/sbs.png","flatUrl":"https:\/\/cdn.nlziet.nl\/static\/assets\/contentproviders\/flat\/sbs.png"},"tags":[],"seriesId":"6g186RhGL0ennx2vCJvE-g"},{"id":"mLewve8tCUiMr4MlQs39Dg","type":"Vod","title":"Steenrijk, straatarm","subtitle":"Aflevering 5","description":"In Steenrijk, Straatarm ruilen twee families met een volledig tegengesteld welstandniveau een week lang van huis, budget en dagelijks leven. Maakt geld werkelijk gelukkig? Aan het einde van de week wordt duidelijk hoeveel ze achteraf, ondanks hun verschillende financi\u00eble omstandigheden, toch gemeen hebben. En of geld inderdaad het verschil kan maken.","formattedEpisodeNumbering":null,"formattedDate":"Di 24 apr. 2018","formattedDateShort":"Apr. 2018","formattedTime":"20:29","formattedDuration":"41m","formattedAvailabilityWindow":null,"formattedAvailabilityWindowShort":null,"image":{"portraitUrl":null,"landscapeUrl":"https:\/\/images.nlziet.nl\/metadataimportimages\/source\/CD4D2263BA7BDEF366E217E4DAF92288A0F94846E228FDB89E35AC6E2B9E2CED.jpg"},"logo":{"normalUrl":"https:\/\/cdn.nlziet.nl\/static\/assets\/contentproviders\/sbs.png","darkUrl":"https:\/\/cdn.nlziet.nl\/static\/assets\/contentproviders\/dark\/sbs.png","flatUrl":"https:\/\/cdn.nlziet.nl\/static\/assets\/contentproviders\/flat\/sbs.png"},"tags":[],"seriesId":"6g186RhGL0ennx2vCJvE-g"},{"id":"UBmChwp3O0yWlPvVY27eyA","type":"Vod","title":"Steenrijk, straatarm","subtitle":"Aflevering 4","description":"In Steenrijk, Straatarm ruilen twee families met een volledig tegengesteld welstandniveau een week lang van huis, budget en dagelijks leven. Maakt geld werkelijk gelukkig? Aan het einde van de week wordt duidelijk hoeveel ze achteraf, ondanks hun verschillende financi\u00eble omstandigheden, toch gemeen hebben. En of geld inderdaad het verschil kan maken.","formattedEpisodeNumbering":null,"formattedDate":"Di 17 apr. 2018","formattedDateShort":"Apr. 2018","formattedTime":"20:30","formattedDuration":"42m","formattedAvailabilityWindow":null,"formattedAvailabilityWindowShort":null,"image":{"portraitUrl":null,"landscapeUrl":"https:\/\/images.nlziet.nl\/metadataimportimages\/source\/72887EB5910868D6CD5D2EDEF569C2BD7C0BB2A79407C4763E079E42AEA3A1B9.jpg"},"logo":{"normalUrl":"https:\/\/cdn.nlziet.nl\/static\/assets\/contentproviders\/sbs.png","darkUrl":"https:\/\/cdn.nlziet.nl\/static\/assets\/contentproviders\/dark\/sbs.png","flatUrl":"https:\/\/cdn.nlziet.nl\/static\/assets\/contentproviders\/flat\/sbs.png"},"tags":[],"seriesId":"6g186RhGL0ennx2vCJvE-g"},{"id":"aQ9ZSbSRSUmkrSzIJoK9TQ","type":"Vod","title":"Steenrijk, straatarm","subtitle":"Aflevering 3","description":"In Steenrijk, Straatarm ruilen twee families met een volledig tegengesteld welstandniveau een week lang van huis, budget en dagelijks leven. Maakt geld werkelijk gelukkig? Aan het einde van de week wordt duidelijk hoeveel ze achteraf, ondanks hun verschillende financi\u00eble omstandigheden, toch gemeen hebben. En of geld inderdaad het verschil kan maken.","formattedEpisodeNumbering":null,"formattedDate":"Di 10 apr. 2018","formattedDateShort":"Apr. 2018","formattedTime":"20:30","formattedDuration":"41m","formattedAvailabilityWindow":null,"formattedAvailabilityWindowShort":null,"image":{"portraitUrl":null,"landscapeUrl":"https:\/\/images.nlziet.nl\/metadataimportimages\/source\/81539091C5F080CD6B457AAC029A5CABDB1DFDF4F16627FB4C0FDAF9F890C428.jpg"},"logo":{"normalUrl":"https:\/\/cdn.nlziet.nl\/static\/assets\/contentproviders\/sbs.png","darkUrl":"https:\/\/cdn.nlziet.nl\/static\/assets\/contentproviders\/dark\/sbs.png","flatUrl":"https:\/\/cdn.nlziet.nl\/static\/assets\/contentproviders\/flat\/sbs.png"},"tags":[],"seriesId":"6g186RhGL0ennx2vCJvE-g"},{"id":"ylUuyRAsR0KZ-AzV1XeH_Q","type":"Vod","title":"Steenrijk, straatarm","subtitle":"Aflevering 2","description":"In Steenrijk, Straatarm ruilen twee families met een volledig tegengesteld welstandniveau een week lang van huis, budget en dagelijks leven. Maakt geld werkelijk gelukkig? Aan het einde van de week wordt duidelijk hoeveel ze achteraf, ondanks hun verschillende financi\u00eble omstandigheden, toch gemeen hebben. En of geld inderdaad het verschil kan maken.","formattedEpisodeNumbering":null,"formattedDate":"Di 3 apr. 2018","formattedDateShort":"Apr. 2018","formattedTime":"20:30","formattedDuration":"41m","formattedAvailabilityWindow":null,"formattedAvailabilityWindowShort":null,"image":{"portraitUrl":null,"landscapeUrl":"https:\/\/images.nlziet.nl\/metadataimportimages\/source\/027493A19D6BF01910158F0E3E38E1B600ABBFA583E01CE5727C020AD2AFA6E1.jpg"},"logo":{"normalUrl":"https:\/\/cdn.nlziet.nl\/static\/assets\/contentproviders\/sbs.png","darkUrl":"https:\/\/cdn.nlziet.nl\/static\/assets\/contentproviders\/dark\/sbs.png","flatUrl":"https:\/\/cdn.nlziet.nl\/static\/assets\/contentproviders\/flat\/sbs.png"},"tags":[],"seriesId":"6g186RhGL0ennx2vCJvE-g"},{"id":"BQRGo428VkK7O44qUOy2rA","type":"Vod","title":"Steenrijk, straatarm","subtitle":"Aflevering 1","description":"In Steenrijk, Straatarm ruilen twee families met een volledig tegengesteld welstandniveau een week lang van huis, budget en dagelijks leven. Maakt geld werkelijk gelukkig? Aan het einde van de week wordt duidelijk hoeveel ze achteraf, ondanks hun verschillende financi\u00eble omstandigheden, toch gemeen hebben. En of geld inderdaad het verschil kan maken.","formattedEpisodeNumbering":null,"formattedDate":"Di 27 mrt. 2018","formattedDateShort":"Mrt. 2018","formattedTime":"20:30","formattedDuration":"41m","formattedAvailabilityWindow":null,"formattedAvailabilityWindowShort":null,"image":{"portraitUrl":null,"landscapeUrl":"https:\/\/images.nlziet.nl\/metadataimportimages\/source\/E13E110C36E65A83EB393544EB621F65D5D752E49B899349FCD0AD456452F88C.jpg"},"logo":{"normalUrl":"https:\/\/cdn.nlziet.nl\/static\/assets\/contentproviders\/sbs.png","darkUrl":"https:\/\/cdn.nlziet.nl\/static\/assets\/contentproviders\/dark\/sbs.png","flatUrl":"https:\/\/cdn.nlziet.nl\/static\/assets\/contentproviders\/flat\/sbs.png"},"tags":[],"seriesId":"6g186RhGL0ennx2vCJvE-g"}]