[{"id":"NZdpL-eOcEeIWGpvsE2R1w","type":"Vod","title":"High Tea Challenge","subtitle":"Aflevering 33","description":"Net5 - Amateurbakkers strijden in deze thuisbakcompetitie in hun eigen huis tegen elkaar bij het maken van de beste en mooiste high tea.","formattedEpisodeNumbering":null,"formattedDate":"Do 21 apr.","formattedDateShort":"Do 21 apr.","formattedTime":"19:56","formattedDuration":"25m","formattedAvailabilityWindow":null,"formattedAvailabilityWindowShort":null,"image":{"portraitUrl":null,"landscapeUrl":"https:\/\/images.nlziet.nl\/metadataimportimages\/source\/70897C8EDFA5A1BAFD748D2F0C632E9F46A1560AFF8CB595ACE9D44B53168B70.jpg"},"logo":{"normalUrl":"https:\/\/cdn.nlziet.nl\/static\/assets\/contentproviders\/sbs.png","darkUrl":"https:\/\/cdn.nlziet.nl\/static\/assets\/contentproviders\/dark\/sbs.png","flatUrl":"https:\/\/cdn.nlziet.nl\/static\/assets\/contentproviders\/flat\/sbs.png"},"tags":[],"seriesId":"75Mz7F3srEOn3ehQx1dPNA"},{"id":"tcRQQEwnTUebH2woEGAPPA","type":"Vod","title":"High Tea Challenge","subtitle":"Aflevering 32","description":"Net5 - Amateurbakkers strijden in deze thuisbakcompetitie in hun eigen huis tegen elkaar bij het maken van de beste en mooiste high tea.","formattedEpisodeNumbering":null,"formattedDate":"Wo 20 apr.","formattedDateShort":"Wo 20 apr.","formattedTime":"19:59","formattedDuration":"22m","formattedAvailabilityWindow":null,"formattedAvailabilityWindowShort":null,"image":{"portraitUrl":null,"landscapeUrl":"https:\/\/images.nlziet.nl\/metadataimportimages\/source\/F07F770569EBB38E14A0DE521C3F16098344D34A4F68E37E5013976F71A2519A.jpg"},"logo":{"normalUrl":"https:\/\/cdn.nlziet.nl\/static\/assets\/contentproviders\/sbs.png","darkUrl":"https:\/\/cdn.nlziet.nl\/static\/assets\/contentproviders\/dark\/sbs.png","flatUrl":"https:\/\/cdn.nlziet.nl\/static\/assets\/contentproviders\/flat\/sbs.png"},"tags":[],"seriesId":"75Mz7F3srEOn3ehQx1dPNA"},{"id":"5sCoxHIBpkKbnjqx1PTx5w","type":"Vod","title":"High Tea Challenge","subtitle":"Aflevering 31","description":"Net5 - Amateurbakkers strijden in deze thuisbakcompetitie in hun eigen huis tegen elkaar bij het maken van de beste en mooiste high tea.","formattedEpisodeNumbering":null,"formattedDate":"Di 19 apr.","formattedDateShort":"Di 19 apr.","formattedTime":"19:58","formattedDuration":"23m","formattedAvailabilityWindow":null,"formattedAvailabilityWindowShort":null,"image":{"portraitUrl":null,"landscapeUrl":"https:\/\/images.nlziet.nl\/metadataimportimages\/source\/CBE8B417809AC80B7E66A0387FF55E2812799A459FE4CAC2BCBB7B06341725AF.jpg"},"logo":{"normalUrl":"https:\/\/cdn.nlziet.nl\/static\/assets\/contentproviders\/sbs.png","darkUrl":"https:\/\/cdn.nlziet.nl\/static\/assets\/contentproviders\/dark\/sbs.png","flatUrl":"https:\/\/cdn.nlziet.nl\/static\/assets\/contentproviders\/flat\/sbs.png"},"tags":[],"seriesId":"75Mz7F3srEOn3ehQx1dPNA"},{"id":"ROtGbSem_0GiaTUJGHziGQ","type":"Vod","title":"High Tea Challenge","subtitle":"Aflevering 30","description":"Net5 - Amateurbakkers strijden in deze thuisbakcompetitie in hun eigen huis tegen elkaar bij het maken van de beste en mooiste high tea.","formattedEpisodeNumbering":null,"formattedDate":"Ma 18 apr.","formattedDateShort":"Ma 18 apr.","formattedTime":"19:59","formattedDuration":"22m","formattedAvailabilityWindow":null,"formattedAvailabilityWindowShort":null,"image":{"portraitUrl":null,"landscapeUrl":"https:\/\/images.nlziet.nl\/metadataimportimages\/source\/76371BCB7194633F4247ED559F1024651D3064A4366B51219F921BF3A266CD0B.jpg"},"logo":{"normalUrl":"https:\/\/cdn.nlziet.nl\/static\/assets\/contentproviders\/sbs.png","darkUrl":"https:\/\/cdn.nlziet.nl\/static\/assets\/contentproviders\/dark\/sbs.png","flatUrl":"https:\/\/cdn.nlziet.nl\/static\/assets\/contentproviders\/flat\/sbs.png"},"tags":[],"seriesId":"75Mz7F3srEOn3ehQx1dPNA"},{"id":"S6hJoEas8EyaA8nTALfOsg","type":"Vod","title":"High Tea Challenge","subtitle":"Aflevering 29","description":"Net5 - Amateurbakkers strijden in deze thuisbakcompetitie in hun eigen huis tegen elkaar bij het maken van de beste en mooiste high tea.","formattedEpisodeNumbering":null,"formattedDate":"Do 14 apr.","formattedDateShort":"Do 14 apr.","formattedTime":"19:57","formattedDuration":"24m","formattedAvailabilityWindow":null,"formattedAvailabilityWindowShort":null,"image":{"portraitUrl":null,"landscapeUrl":"https:\/\/images.nlziet.nl\/metadataimportimages\/source\/FCC7B6A99ADE14F3528703DB44818618BA46B9081F61C97B80207D46E72F44D5.jpg"},"logo":{"normalUrl":"https:\/\/cdn.nlziet.nl\/static\/assets\/contentproviders\/sbs.png","darkUrl":"https:\/\/cdn.nlziet.nl\/static\/assets\/contentproviders\/dark\/sbs.png","flatUrl":"https:\/\/cdn.nlziet.nl\/static\/assets\/contentproviders\/flat\/sbs.png"},"tags":[],"seriesId":"75Mz7F3srEOn3ehQx1dPNA"},{"id":"gU8aUO20Tk2A6YfI8Kp7pQ","type":"Vod","title":"High Tea Challenge","subtitle":"Aflevering 28","description":"Net5 - Amateurbakkers strijden in deze thuisbakcompetitie in hun eigen huis tegen elkaar bij het maken van de beste en mooiste high tea.","formattedEpisodeNumbering":null,"formattedDate":"Wo 13 apr.","formattedDateShort":"Wo 13 apr.","formattedTime":"19:58","formattedDuration":"22m","formattedAvailabilityWindow":null,"formattedAvailabilityWindowShort":null,"image":{"portraitUrl":null,"landscapeUrl":"https:\/\/images.nlziet.nl\/metadataimportimages\/source\/8C3D782CC685704F1560F262A95A3F6A3B7B75463842AC6D6245C5B7D5629307.jpg"},"logo":{"normalUrl":"https:\/\/cdn.nlziet.nl\/static\/assets\/contentproviders\/sbs.png","darkUrl":"https:\/\/cdn.nlziet.nl\/static\/assets\/contentproviders\/dark\/sbs.png","flatUrl":"https:\/\/cdn.nlziet.nl\/static\/assets\/contentproviders\/flat\/sbs.png"},"tags":[],"seriesId":"75Mz7F3srEOn3ehQx1dPNA"},{"id":"WRAEjlNfxECecP7Dx7ztBg","type":"Vod","title":"High Tea Challenge","subtitle":"Aflevering 27","description":"Net5 - Amateurbakkers strijden in deze thuisbakcompetitie in hun eigen huis tegen elkaar bij het maken van de beste en mooiste high tea.","formattedEpisodeNumbering":null,"formattedDate":"Di 12 apr.","formattedDateShort":"Di 12 apr.","formattedTime":"20:00","formattedDuration":"21m","formattedAvailabilityWindow":null,"formattedAvailabilityWindowShort":null,"image":{"portraitUrl":null,"landscapeUrl":"https:\/\/images.nlziet.nl\/metadataimportimages\/source\/D3A89E1665D3C8216202F9ECAC0017C7D0574B8D556863229C75DC2C7D2DA42A.jpg"},"logo":{"normalUrl":"https:\/\/cdn.nlziet.nl\/static\/assets\/contentproviders\/sbs.png","darkUrl":"https:\/\/cdn.nlziet.nl\/static\/assets\/contentproviders\/dark\/sbs.png","flatUrl":"https:\/\/cdn.nlziet.nl\/static\/assets\/contentproviders\/flat\/sbs.png"},"tags":[],"seriesId":"75Mz7F3srEOn3ehQx1dPNA"},{"id":"xZMogAvoQEKcG_tKbI19Iw","type":"Vod","title":"High Tea Challenge","subtitle":"Aflevering 26","description":"Net5 - Het feest barst los met het thema carnaval, daarna gaan de bakkers naar exotisch Suriname, nemen ze een kijkje in het leven van de musical 'The Lion King' en worden ze overspoeld door de kleur roze.","formattedEpisodeNumbering":null,"formattedDate":"Ma 11 apr.","formattedDateShort":"Ma 11 apr.","formattedTime":"19:59","formattedDuration":"22m","formattedAvailabilityWindow":null,"formattedAvailabilityWindowShort":null,"image":{"portraitUrl":null,"landscapeUrl":"https:\/\/images.nlziet.nl\/metadataimportimages\/source\/7A64BF68118E0791945A80D4C7652F8171FC964A76EFA9CFDC8269DDE4F7CAA1.jpg"},"logo":{"normalUrl":"https:\/\/cdn.nlziet.nl\/static\/assets\/contentproviders\/sbs.png","darkUrl":"https:\/\/cdn.nlziet.nl\/static\/assets\/contentproviders\/dark\/sbs.png","flatUrl":"https:\/\/cdn.nlziet.nl\/static\/assets\/contentproviders\/flat\/sbs.png"},"tags":[],"seriesId":"75Mz7F3srEOn3ehQx1dPNA"},{"id":"gURe_FjXS0iJ_tJpsSCHIg","type":"Vod","title":"High Tea Challenge","subtitle":"Aflevering 25","description":"Net5 - Amateurbakkers strijden in deze thuisbakcompetitie in hun eigen huis tegen elkaar bij het maken van de beste en mooiste high tea.","formattedEpisodeNumbering":null,"formattedDate":"Do 7 apr.","formattedDateShort":"Do 7 apr.","formattedTime":"19:56","formattedDuration":"24m","formattedAvailabilityWindow":null,"formattedAvailabilityWindowShort":null,"image":{"portraitUrl":null,"landscapeUrl":"https:\/\/images.nlziet.nl\/metadataimportimages\/source\/4F9341E4CF27D69360859A901E2FB66BDEF495422F5B9C638C5A7C6CB8492684.jpg"},"logo":{"normalUrl":"https:\/\/cdn.nlziet.nl\/static\/assets\/contentproviders\/sbs.png","darkUrl":"https:\/\/cdn.nlziet.nl\/static\/assets\/contentproviders\/dark\/sbs.png","flatUrl":"https:\/\/cdn.nlziet.nl\/static\/assets\/contentproviders\/flat\/sbs.png"},"tags":[],"seriesId":"75Mz7F3srEOn3ehQx1dPNA"},{"id":"vNhxNjtv4E-rEpq5A6CDYQ","type":"Vod","title":"High Tea Challenge","subtitle":"Aflevering 24","description":"Net5 - Amateurbakkers strijden in deze thuisbakcompetitie in hun eigen huis tegen elkaar bij het maken van de beste en mooiste high tea.","formattedEpisodeNumbering":null,"formattedDate":"Wo 6 apr.","formattedDateShort":"Wo 6 apr.","formattedTime":"20:01","formattedDuration":"20m","formattedAvailabilityWindow":null,"formattedAvailabilityWindowShort":null,"image":{"portraitUrl":null,"landscapeUrl":"https:\/\/images.nlziet.nl\/metadataimportimages\/source\/522BDE58FD99E74A685E80D1C8E087D48BE1E8933487F961CCDA4673C2C81F18.jpg"},"logo":{"normalUrl":"https:\/\/cdn.nlziet.nl\/static\/assets\/contentproviders\/sbs.png","darkUrl":"https:\/\/cdn.nlziet.nl\/static\/assets\/contentproviders\/dark\/sbs.png","flatUrl":"https:\/\/cdn.nlziet.nl\/static\/assets\/contentproviders\/flat\/sbs.png"},"tags":[],"seriesId":"75Mz7F3srEOn3ehQx1dPNA"},{"id":"R8N8I7bTCUyxsxaS50_sAA","type":"Vod","title":"High Tea Challenge","subtitle":"Aflevering 23","description":"Net5 - Amateurbakkers strijden in deze thuisbakcompetitie in hun eigen huis tegen elkaar bij het maken van de beste en mooiste high tea.","formattedEpisodeNumbering":null,"formattedDate":"Di 5 apr.","formattedDateShort":"Di 5 apr.","formattedTime":"20:03","formattedDuration":"23m","formattedAvailabilityWindow":null,"formattedAvailabilityWindowShort":null,"image":{"portraitUrl":null,"landscapeUrl":"https:\/\/images.nlziet.nl\/metadataimportimages\/source\/BB7BB61D6F0261BE688D1FAF0C1E80185247E2BDAFA9D4066CCAEEDF112C8E36.jpg"},"logo":{"normalUrl":"https:\/\/cdn.nlziet.nl\/static\/assets\/contentproviders\/sbs.png","darkUrl":"https:\/\/cdn.nlziet.nl\/static\/assets\/contentproviders\/dark\/sbs.png","flatUrl":"https:\/\/cdn.nlziet.nl\/static\/assets\/contentproviders\/flat\/sbs.png"},"tags":[],"seriesId":"75Mz7F3srEOn3ehQx1dPNA"},{"id":"QEanByuFoUKd7IBhsf8_pA","type":"Vod","title":"High Tea Challenge","subtitle":"Aflevering 22","description":"Net5 - Deze week gaan de bakkers naar Indonesi\u00eb, reizen ze af naar Frankrijk, nemen ze een tijdmachine naar de jaren '60 met een duurzame high tea en sluiten ze af in het thema Hongarije.","formattedEpisodeNumbering":null,"formattedDate":"Ma 4 apr.","formattedDateShort":"Ma 4 apr.","formattedTime":"19:59","formattedDuration":"22m","formattedAvailabilityWindow":null,"formattedAvailabilityWindowShort":null,"image":{"portraitUrl":null,"landscapeUrl":"https:\/\/images.nlziet.nl\/metadataimportimages\/source\/E2EFF923D9549C9ABB42CF44D6CAE9B237FCD529A7C52CFF052CE5D71435F53F.jpg"},"logo":{"normalUrl":"https:\/\/cdn.nlziet.nl\/static\/assets\/contentproviders\/sbs.png","darkUrl":"https:\/\/cdn.nlziet.nl\/static\/assets\/contentproviders\/dark\/sbs.png","flatUrl":"https:\/\/cdn.nlziet.nl\/static\/assets\/contentproviders\/flat\/sbs.png"},"tags":[],"seriesId":"75Mz7F3srEOn3ehQx1dPNA"},{"id":"bCLqcTPdaE6hsckGPcmtMw","type":"Vod","title":"High Tea Challenge","subtitle":"Aflevering 21","description":"Net5 - Amateurbakkers strijden in deze thuisbakcompetitie in hun eigen huis tegen elkaar bij het maken van de beste en mooiste high tea.","formattedEpisodeNumbering":null,"formattedDate":"Do 31 mrt.","formattedDateShort":"Do 31 mrt.","formattedTime":"19:57","formattedDuration":"24m","formattedAvailabilityWindow":null,"formattedAvailabilityWindowShort":null,"image":{"portraitUrl":null,"landscapeUrl":"https:\/\/images.nlziet.nl\/metadataimportimages\/source\/C1F8CFA13C52FDE7C579FAC25288356F5BEB1893B938E9592DB808DE9A350B90.jpg"},"logo":{"normalUrl":"https:\/\/cdn.nlziet.nl\/static\/assets\/contentproviders\/sbs.png","darkUrl":"https:\/\/cdn.nlziet.nl\/static\/assets\/contentproviders\/dark\/sbs.png","flatUrl":"https:\/\/cdn.nlziet.nl\/static\/assets\/contentproviders\/flat\/sbs.png"},"tags":[],"seriesId":"75Mz7F3srEOn3ehQx1dPNA"},{"id":"E8seqHm_mUyBVzFfZ5wI-w","type":"Vod","title":"High Tea Challenge","subtitle":"Aflevering 20","description":"Net5 - Amateurbakkers strijden in deze thuisbakcompetitie in hun eigen huis tegen elkaar bij het maken van de beste en mooiste high tea.","formattedEpisodeNumbering":null,"formattedDate":"Wo 30 mrt.","formattedDateShort":"Wo 30 mrt.","formattedTime":"19:58","formattedDuration":"22m","formattedAvailabilityWindow":null,"formattedAvailabilityWindowShort":null,"image":{"portraitUrl":null,"landscapeUrl":"https:\/\/images.nlziet.nl\/metadataimportimages\/source\/FE2050436BFF965ED3DEFFD094672D3E6DAEE53AEDF1F47266DAE724C8E24A25.jpg"},"logo":{"normalUrl":"https:\/\/cdn.nlziet.nl\/static\/assets\/contentproviders\/sbs.png","darkUrl":"https:\/\/cdn.nlziet.nl\/static\/assets\/contentproviders\/dark\/sbs.png","flatUrl":"https:\/\/cdn.nlziet.nl\/static\/assets\/contentproviders\/flat\/sbs.png"},"tags":[],"seriesId":"75Mz7F3srEOn3ehQx1dPNA"},{"id":"B4UaCcLseESMlmIJqtvOzg","type":"Vod","title":"High Tea Challenge","subtitle":"Aflevering 19","description":"Net5 - Amateurbakkers strijden in deze thuisbakcompetitie in hun eigen huis tegen elkaar bij het maken van de beste en mooiste high tea.","formattedEpisodeNumbering":null,"formattedDate":"Di 29 mrt.","formattedDateShort":"Di 29 mrt.","formattedTime":"19:59","formattedDuration":"22m","formattedAvailabilityWindow":null,"formattedAvailabilityWindowShort":null,"image":{"portraitUrl":null,"landscapeUrl":"https:\/\/images.nlziet.nl\/metadataimportimages\/source\/CC7121DD55C919AF920BFE506D56C7AAF080DC5F677166A74AC2B9415C60111B.jpg"},"logo":{"normalUrl":"https:\/\/cdn.nlziet.nl\/static\/assets\/contentproviders\/sbs.png","darkUrl":"https:\/\/cdn.nlziet.nl\/static\/assets\/contentproviders\/dark\/sbs.png","flatUrl":"https:\/\/cdn.nlziet.nl\/static\/assets\/contentproviders\/flat\/sbs.png"},"tags":[],"seriesId":"75Mz7F3srEOn3ehQx1dPNA"},{"id":"aw96ayWV2U-mL_1AEeRy-A","type":"Vod","title":"High Tea Challenge","subtitle":"Aflevering 18","description":"Net5 - Deze week vier bijzondere bakkers met verschillende achtergronden, maar allemaal gaan ze voor de winst. Van een persoonlijke boswandeling met oma, naar Rotterdam en van Frankrijk terug naar het platteland van Noord-Holland. De gasten komen overal om elkaars baksels te beoordelen.","formattedEpisodeNumbering":null,"formattedDate":"Ma 28 mrt.","formattedDateShort":"Ma 28 mrt.","formattedTime":"20:01","formattedDuration":"20m","formattedAvailabilityWindow":null,"formattedAvailabilityWindowShort":null,"image":{"portraitUrl":null,"landscapeUrl":"https:\/\/images.nlziet.nl\/metadataimportimages\/source\/B0C50AF38236125BC6EFD1CD5112DA7BAF1D3AF4686E2FE7F942ABFFEC7E38EA.jpg"},"logo":{"normalUrl":"https:\/\/cdn.nlziet.nl\/static\/assets\/contentproviders\/sbs.png","darkUrl":"https:\/\/cdn.nlziet.nl\/static\/assets\/contentproviders\/dark\/sbs.png","flatUrl":"https:\/\/cdn.nlziet.nl\/static\/assets\/contentproviders\/flat\/sbs.png"},"tags":[],"seriesId":"75Mz7F3srEOn3ehQx1dPNA"},{"id":"NDzsSDo-GkuOeMKDFe3vQA","type":"Vod","title":"High Tea Challenge","subtitle":"Aflevering 17","description":"Net5 - Amateurbakkers strijden in deze thuisbakcompetitie in hun eigen huis tegen elkaar bij het maken van de beste en mooiste high tea.","formattedEpisodeNumbering":null,"formattedDate":"Do 24 mrt.","formattedDateShort":"Do 24 mrt.","formattedTime":"19:57","formattedDuration":"24m","formattedAvailabilityWindow":null,"formattedAvailabilityWindowShort":null,"image":{"portraitUrl":null,"landscapeUrl":"https:\/\/images.nlziet.nl\/metadataimportimages\/source\/D20B8ABF7901D4988E859DF7F23EF0C7DB3E9FEA44BF6C9B3D8C5C823926FB31.jpg"},"logo":{"normalUrl":"https:\/\/cdn.nlziet.nl\/static\/assets\/contentproviders\/sbs.png","darkUrl":"https:\/\/cdn.nlziet.nl\/static\/assets\/contentproviders\/dark\/sbs.png","flatUrl":"https:\/\/cdn.nlziet.nl\/static\/assets\/contentproviders\/flat\/sbs.png"},"tags":[],"seriesId":"75Mz7F3srEOn3ehQx1dPNA"},{"id":"wq9RnaDQLkO0EArLFIpSOw","type":"Vod","title":"High Tea Challenge","subtitle":"Aflevering 16","description":"Net5 - Amateurbakkers strijden in deze thuisbakcompetitie in hun eigen huis tegen elkaar bij het maken van de beste en mooiste high tea.","formattedEpisodeNumbering":null,"formattedDate":"Wo 23 mrt.","formattedDateShort":"Wo 23 mrt.","formattedTime":"19:59","formattedDuration":"22m","formattedAvailabilityWindow":null,"formattedAvailabilityWindowShort":null,"image":{"portraitUrl":null,"landscapeUrl":"https:\/\/images.nlziet.nl\/metadataimportimages\/source\/9D39203156A3C8D81A8FB9180801BCFA64B6CCAC2352734B9F39C324458E195B.jpg"},"logo":{"normalUrl":"https:\/\/cdn.nlziet.nl\/static\/assets\/contentproviders\/sbs.png","darkUrl":"https:\/\/cdn.nlziet.nl\/static\/assets\/contentproviders\/dark\/sbs.png","flatUrl":"https:\/\/cdn.nlziet.nl\/static\/assets\/contentproviders\/flat\/sbs.png"},"tags":[],"seriesId":"75Mz7F3srEOn3ehQx1dPNA"},{"id":"pKLjlR7ChUqRGqiPYY-6ww","type":"Vod","title":"High Tea Challenge","subtitle":"Aflevering 15","description":"Net5 - Deze week vier bijzondere bakkers die een gooi doen naar de weekwinst. Van de Koninklijke Marine tot aan de Mediterrane Bazaar en van backstage in het uitgaansleven naar het vissersdorp Spakenburg. Iedere deelnemer krijgt elke dag weer een nieuwe belevenis, met in het achterhoofd de mogelijke weekwinst.","formattedEpisodeNumbering":null,"formattedDate":"Di 22 mrt.","formattedDateShort":"Di 22 mrt.","formattedTime":"19:58","formattedDuration":"22m","formattedAvailabilityWindow":null,"formattedAvailabilityWindowShort":null,"image":{"portraitUrl":null,"landscapeUrl":"https:\/\/images.nlziet.nl\/metadataimportimages\/source\/8F198B072055A49E5AA3EC67D2C03752208530EE43C6BC83A1ED2B768B44BCFD.jpg"},"logo":{"normalUrl":"https:\/\/cdn.nlziet.nl\/static\/assets\/contentproviders\/sbs.png","darkUrl":"https:\/\/cdn.nlziet.nl\/static\/assets\/contentproviders\/dark\/sbs.png","flatUrl":"https:\/\/cdn.nlziet.nl\/static\/assets\/contentproviders\/flat\/sbs.png"},"tags":[],"seriesId":"75Mz7F3srEOn3ehQx1dPNA"},{"id":"QeHSaDAGTU6t7ZF0geCnEA","type":"Vod","title":"High Tea Challenge","subtitle":"Aflevering 14","description":"Net5 - Deze week vier bijzondere bakkers die een gooi doen naar de weekwinst. Van de Koninklijke Marine tot aan de Mediterrane Bazaar en van backstage in het uitgaansleven naar het vissersdorp Spakenburg. Iedere deelnemer krijgt elke dag weer een nieuwe belevenis, met in het achterhoofd de mogelijke weekwinst.","formattedEpisodeNumbering":null,"formattedDate":"Ma 21 mrt.","formattedDateShort":"Ma 21 mrt.","formattedTime":"19:58","formattedDuration":"22m","formattedAvailabilityWindow":null,"formattedAvailabilityWindowShort":null,"image":{"portraitUrl":null,"landscapeUrl":"https:\/\/images.nlziet.nl\/metadataimportimages\/source\/B09DEFAEE81DE0FDA74B4C3880644DA0B829E538CFA2DF2F32099DAD491528B9.jpg"},"logo":{"normalUrl":"https:\/\/cdn.nlziet.nl\/static\/assets\/contentproviders\/sbs.png","darkUrl":"https:\/\/cdn.nlziet.nl\/static\/assets\/contentproviders\/dark\/sbs.png","flatUrl":"https:\/\/cdn.nlziet.nl\/static\/assets\/contentproviders\/flat\/sbs.png"},"tags":[],"seriesId":"75Mz7F3srEOn3ehQx1dPNA"},{"id":"LEsWXCJ_-Umoy5A7JxjafA","type":"Vod","title":"High Tea Challenge","subtitle":"Aflevering 13","description":"Net5 - Amateurbakkers strijden in deze thuisbakcompetitie in hun eigen huis tegen elkaar bij het maken van de beste en mooiste high tea.","formattedEpisodeNumbering":null,"formattedDate":"Do 17 mrt.","formattedDateShort":"Do 17 mrt.","formattedTime":"19:55","formattedDuration":"26m","formattedAvailabilityWindow":null,"formattedAvailabilityWindowShort":null,"image":{"portraitUrl":null,"landscapeUrl":"https:\/\/images.nlziet.nl\/metadataimportimages\/source\/D32A7E5E3FBB2EFBFC457C0E968B9A847C1497D630CB33EA9607DEE53767CD0C.jpg"},"logo":{"normalUrl":"https:\/\/cdn.nlziet.nl\/static\/assets\/contentproviders\/sbs.png","darkUrl":"https:\/\/cdn.nlziet.nl\/static\/assets\/contentproviders\/dark\/sbs.png","flatUrl":"https:\/\/cdn.nlziet.nl\/static\/assets\/contentproviders\/flat\/sbs.png"},"tags":[],"seriesId":"75Mz7F3srEOn3ehQx1dPNA"},{"id":"via5tpLxfUiVLlucv54Mhw","type":"Vod","title":"High Tea Challenge","subtitle":"Aflevering 12","description":"Net5 - Amateurbakkers strijden in deze thuisbakcompetitie in hun eigen huis tegen elkaar bij het maken van de beste en mooiste high tea.","formattedEpisodeNumbering":null,"formattedDate":"Wo 16 mrt.","formattedDateShort":"Wo 16 mrt.","formattedTime":"19:58","formattedDuration":"22m","formattedAvailabilityWindow":null,"formattedAvailabilityWindowShort":null,"image":{"portraitUrl":null,"landscapeUrl":"https:\/\/images.nlziet.nl\/metadataimportimages\/source\/BA18D0B60819E58C65DC9B8DF1BBC7B523AB850EF22F8528ACE1A1DC63061A1C.jpg"},"logo":{"normalUrl":"https:\/\/cdn.nlziet.nl\/static\/assets\/contentproviders\/sbs.png","darkUrl":"https:\/\/cdn.nlziet.nl\/static\/assets\/contentproviders\/dark\/sbs.png","flatUrl":"https:\/\/cdn.nlziet.nl\/static\/assets\/contentproviders\/flat\/sbs.png"},"tags":[],"seriesId":"75Mz7F3srEOn3ehQx1dPNA"},{"id":"7XiT-abkJ0m3ZbC9NCealA","type":"Vod","title":"High Tea Challenge","subtitle":"Aflevering 11","description":"Net5 - Amateurbakkers strijden in deze thuisbakcompetitie in hun eigen huis tegen elkaar bij het maken van de beste en mooiste high tea.","formattedEpisodeNumbering":null,"formattedDate":"Di 15 mrt.","formattedDateShort":"Di 15 mrt.","formattedTime":"19:59","formattedDuration":"22m","formattedAvailabilityWindow":null,"formattedAvailabilityWindowShort":null,"image":{"portraitUrl":null,"landscapeUrl":"https:\/\/images.nlziet.nl\/metadataimportimages\/source\/BFB2AB8D245E3A864E61172076C96E89447E5F7BF221ABA7179519D3CC7FD488.jpg"},"logo":{"normalUrl":"https:\/\/cdn.nlziet.nl\/static\/assets\/contentproviders\/sbs.png","darkUrl":"https:\/\/cdn.nlziet.nl\/static\/assets\/contentproviders\/dark\/sbs.png","flatUrl":"https:\/\/cdn.nlziet.nl\/static\/assets\/contentproviders\/flat\/sbs.png"},"tags":[],"seriesId":"75Mz7F3srEOn3ehQx1dPNA"},{"id":"Wddv8iISOkSTMu44oenGJQ","type":"Vod","title":"High Tea Challenge","subtitle":"Aflevering 10","description":"Net5 - Amateurbakkers strijden in deze thuisbakcompetitie in hun eigen huis tegen elkaar bij het maken van de beste en mooiste high tea.","formattedEpisodeNumbering":null,"formattedDate":"Ma 14 mrt.","formattedDateShort":"Ma 14 mrt.","formattedTime":"19:58","formattedDuration":"22m","formattedAvailabilityWindow":null,"formattedAvailabilityWindowShort":null,"image":{"portraitUrl":null,"landscapeUrl":"https:\/\/images.nlziet.nl\/metadataimportimages\/source\/D0762B6F076FC9CE7C7C57AD547B4D3AF74A917D16E500C64B2E59CA1095D84D.jpg"},"logo":{"normalUrl":"https:\/\/cdn.nlziet.nl\/static\/assets\/contentproviders\/sbs.png","darkUrl":"https:\/\/cdn.nlziet.nl\/static\/assets\/contentproviders\/dark\/sbs.png","flatUrl":"https:\/\/cdn.nlziet.nl\/static\/assets\/contentproviders\/flat\/sbs.png"},"tags":[],"seriesId":"75Mz7F3srEOn3ehQx1dPNA"},{"id":"aZkNsHa560WI-WcP30KH7w","type":"Vod","title":"High Tea Challenge","subtitle":"Aflevering 9","description":"Net5 - Amateurbakkers strijden in deze thuisbakcompetitie in hun eigen huis tegen elkaar bij het maken van de beste en mooiste high tea.","formattedEpisodeNumbering":null,"formattedDate":"Do 10 mrt.","formattedDateShort":"Do 10 mrt.","formattedTime":"19:58","formattedDuration":"22m","formattedAvailabilityWindow":null,"formattedAvailabilityWindowShort":null,"image":{"portraitUrl":null,"landscapeUrl":"https:\/\/images.nlziet.nl\/metadataimportimages\/source\/023D554CF796BCA93D654EC72149C160F5FC61BDFA085BDDC3F484C41B27E458.jpg"},"logo":{"normalUrl":"https:\/\/cdn.nlziet.nl\/static\/assets\/contentproviders\/sbs.png","darkUrl":"https:\/\/cdn.nlziet.nl\/static\/assets\/contentproviders\/dark\/sbs.png","flatUrl":"https:\/\/cdn.nlziet.nl\/static\/assets\/contentproviders\/flat\/sbs.png"},"tags":[],"seriesId":"75Mz7F3srEOn3ehQx1dPNA"},{"id":"tMEHJUDe90GpS172H12d1A","type":"Vod","title":"High Tea Challenge","subtitle":"Aflevering 8","description":"Net5 - Amateurbakkers strijden in deze thuisbakcompetitie in hun eigen huis tegen elkaar bij het maken van de beste en mooiste high tea.","formattedEpisodeNumbering":null,"formattedDate":"Wo 9 mrt.","formattedDateShort":"Wo 9 mrt.","formattedTime":"20:00","formattedDuration":"20m","formattedAvailabilityWindow":null,"formattedAvailabilityWindowShort":null,"image":{"portraitUrl":null,"landscapeUrl":"https:\/\/images.nlziet.nl\/metadataimportimages\/source\/E20C23A146415EF83B60694BBFC3CC67054CE0AD16AA1ECD17574F1B1659E2A0.jpg"},"logo":{"normalUrl":"https:\/\/cdn.nlziet.nl\/static\/assets\/contentproviders\/sbs.png","darkUrl":"https:\/\/cdn.nlziet.nl\/static\/assets\/contentproviders\/dark\/sbs.png","flatUrl":"https:\/\/cdn.nlziet.nl\/static\/assets\/contentproviders\/flat\/sbs.png"},"tags":[],"seriesId":"75Mz7F3srEOn3ehQx1dPNA"},{"id":"xTN9Z6_40UGzY_6nJOFmiQ","type":"Vod","title":"High Tea Challenge","subtitle":"Aflevering 7","description":"Net5 - Amateurbakkers strijden in deze thuisbakcompetitie in hun eigen huis tegen elkaar bij het maken van de beste en mooiste high tea.","formattedEpisodeNumbering":null,"formattedDate":"Di 8 mrt.","formattedDateShort":"Di 8 mrt.","formattedTime":"19:59","formattedDuration":"22m","formattedAvailabilityWindow":null,"formattedAvailabilityWindowShort":null,"image":{"portraitUrl":null,"landscapeUrl":"https:\/\/images.nlziet.nl\/metadataimportimages\/source\/DDA561BD3C34F4275B4BA384382241BDA19C03896676B706492E83CFB7165FE8.jpg"},"logo":{"normalUrl":"https:\/\/cdn.nlziet.nl\/static\/assets\/contentproviders\/sbs.png","darkUrl":"https:\/\/cdn.nlziet.nl\/static\/assets\/contentproviders\/dark\/sbs.png","flatUrl":"https:\/\/cdn.nlziet.nl\/static\/assets\/contentproviders\/flat\/sbs.png"},"tags":[],"seriesId":"75Mz7F3srEOn3ehQx1dPNA"},{"id":"0nl--bu3pESCxXRNPZ_JkQ","type":"Vod","title":"High Tea Challenge, een wedstrijd om van te smullen)","subtitle":"Aflevering 6","description":"Net5 - Amateurbakkers strijden in deze thuisbakcompetitie in hun eigen huis tegen elkaar bij het maken van de beste en mooiste high tea.","formattedEpisodeNumbering":null,"formattedDate":"Ma 7 mrt.","formattedDateShort":"Ma 7 mrt.","formattedTime":"19:59","formattedDuration":"22m","formattedAvailabilityWindow":null,"formattedAvailabilityWindowShort":null,"image":{"portraitUrl":null,"landscapeUrl":"https:\/\/images.nlziet.nl\/metadataimportimages\/source\/A713D0332B44BD941FC7801EF37D934E7E1E9D6B9DC1181337DE24552BB19E17.jpg"},"logo":{"normalUrl":"https:\/\/cdn.nlziet.nl\/static\/assets\/contentproviders\/sbs.png","darkUrl":"https:\/\/cdn.nlziet.nl\/static\/assets\/contentproviders\/dark\/sbs.png","flatUrl":"https:\/\/cdn.nlziet.nl\/static\/assets\/contentproviders\/flat\/sbs.png"},"tags":[],"seriesId":"75Mz7F3srEOn3ehQx1dPNA"},{"id":"tvf-5Zz20UqKtNAsI62ZfQ","type":"Vod","title":"High Tea Challenge","subtitle":"Aflevering 5","description":"Net5 - Amateurbakkers strijden in deze thuisbakcompetitie in hun eigen huis tegen elkaar bij het maken van de beste en mooiste high tea.","formattedEpisodeNumbering":null,"formattedDate":"Vr 4 mrt.","formattedDateShort":"Vr 4 mrt.","formattedTime":"19:59","formattedDuration":"22m","formattedAvailabilityWindow":null,"formattedAvailabilityWindowShort":null,"image":{"portraitUrl":null,"landscapeUrl":"https:\/\/images.nlziet.nl\/metadataimportimages\/source\/C0464942459964892937F3ED2C26AC3B8663FB3CCC8BB60E60AF8D356F83D6D5.jpg"},"logo":{"normalUrl":"https:\/\/cdn.nlziet.nl\/static\/assets\/contentproviders\/sbs.png","darkUrl":"https:\/\/cdn.nlziet.nl\/static\/assets\/contentproviders\/dark\/sbs.png","flatUrl":"https:\/\/cdn.nlziet.nl\/static\/assets\/contentproviders\/flat\/sbs.png"},"tags":[],"seriesId":"75Mz7F3srEOn3ehQx1dPNA"},{"id":"hmrPvEEM-EOWc-mIXtqG0w","type":"Vod","title":"High Tea Challenge, een wedstrijd om van te smullen)","subtitle":"Aflevering 4","description":"Net5 - Amateurbakkers strijden in deze thuisbakcompetitie in hun eigen huis tegen elkaar bij het maken van de beste en mooiste high tea.","formattedEpisodeNumbering":null,"formattedDate":"Do 3 mrt.","formattedDateShort":"Do 3 mrt.","formattedTime":"19:59","formattedDuration":"22m","formattedAvailabilityWindow":null,"formattedAvailabilityWindowShort":null,"image":{"portraitUrl":null,"landscapeUrl":"https:\/\/images.nlziet.nl\/metadataimportimages\/source\/A7794AB1C3D837BE4D127B99CF0496115EA0A9F8BCCE45F6A38443C4F83F6519.jpg"},"logo":{"normalUrl":"https:\/\/cdn.nlziet.nl\/static\/assets\/contentproviders\/sbs.png","darkUrl":"https:\/\/cdn.nlziet.nl\/static\/assets\/contentproviders\/dark\/sbs.png","flatUrl":"https:\/\/cdn.nlziet.nl\/static\/assets\/contentproviders\/flat\/sbs.png"},"tags":[],"seriesId":"75Mz7F3srEOn3ehQx1dPNA"},{"id":"fMlhUrJOz0uPcLucPfSoZA","type":"Vod","title":"High Tea Challenge","subtitle":"Aflevering 3","description":"Net5 - Amateurbakkers strijden in deze thuisbakcompetitie in hun eigen huis tegen elkaar bij het maken van de beste en mooiste high tea.","formattedEpisodeNumbering":null,"formattedDate":"Wo 2 mrt.","formattedDateShort":"Wo 2 mrt.","formattedTime":"19:58","formattedDuration":"23m","formattedAvailabilityWindow":null,"formattedAvailabilityWindowShort":null,"image":{"portraitUrl":null,"landscapeUrl":"https:\/\/images.nlziet.nl\/metadataimportimages\/source\/AE7FA408B28D28312A93FDF8721BEF54596CDB0B4AB6D082576416C85E7F3F7A.jpg"},"logo":{"normalUrl":"https:\/\/cdn.nlziet.nl\/static\/assets\/contentproviders\/sbs.png","darkUrl":"https:\/\/cdn.nlziet.nl\/static\/assets\/contentproviders\/dark\/sbs.png","flatUrl":"https:\/\/cdn.nlziet.nl\/static\/assets\/contentproviders\/flat\/sbs.png"},"tags":[],"seriesId":"75Mz7F3srEOn3ehQx1dPNA"},{"id":"wwhulMBav0GxXx6FX7jy1A","type":"Vod","title":"High Tea Challenge","subtitle":"Aflevering 2","description":"Net5 - Met vijf fanatieke deelnemers en uiteenlopende thema's. Van een Japanse high tea, via Latin Dance, een reis met Alice in Wonderland, Suriname, naar een high tea met een tuin op tafel.","formattedEpisodeNumbering":null,"formattedDate":"Di 1 mrt.","formattedDateShort":"Di 1 mrt.","formattedTime":"19:58","formattedDuration":"22m","formattedAvailabilityWindow":null,"formattedAvailabilityWindowShort":null,"image":{"portraitUrl":null,"landscapeUrl":"https:\/\/images.nlziet.nl\/metadataimportimages\/source\/40385E424AD3328EE52E80680D97F41C8B3C99996D1F6A3D453ACC0B5DD81396.jpg"},"logo":{"normalUrl":"https:\/\/cdn.nlziet.nl\/static\/assets\/contentproviders\/sbs.png","darkUrl":"https:\/\/cdn.nlziet.nl\/static\/assets\/contentproviders\/dark\/sbs.png","flatUrl":"https:\/\/cdn.nlziet.nl\/static\/assets\/contentproviders\/flat\/sbs.png"},"tags":[],"seriesId":"75Mz7F3srEOn3ehQx1dPNA"},{"id":"LKnyvZHtJ02UoLfi1RsB-A","type":"Vod","title":"High Tea Challenge","subtitle":"Aflevering 1","description":"Net5 - De deelnemers bakken in uiteenlopende thema's. Van een Japanse high tea, via Latin Dance, een reis met Alice in Wonderland, Suriname, naar een high tea met een tuin op tafel.","formattedEpisodeNumbering":null,"formattedDate":"Ma 28 feb.","formattedDateShort":"Ma 28 feb.","formattedTime":"19:59","formattedDuration":"22m","formattedAvailabilityWindow":null,"formattedAvailabilityWindowShort":null,"image":{"portraitUrl":null,"landscapeUrl":"https:\/\/images.nlziet.nl\/metadataimportimages\/source\/086BC6AA43916AD16EA55C5ECEF1E5BCCE9E3F6D6332EB96DBB77D2EF9A1DBD9.jpg"},"logo":{"normalUrl":"https:\/\/cdn.nlziet.nl\/static\/assets\/contentproviders\/sbs.png","darkUrl":"https:\/\/cdn.nlziet.nl\/static\/assets\/contentproviders\/dark\/sbs.png","flatUrl":"https:\/\/cdn.nlziet.nl\/static\/assets\/contentproviders\/flat\/sbs.png"},"tags":[],"seriesId":"75Mz7F3srEOn3ehQx1dPNA"}]