[{"id":"17qWqaGMcEGPxl_sLB6MNw","type":"Vod","title":"Border Security: Canada","subtitle":"Aflevering 26","description":"Veronica - Met: een reparateur moet zijn documenten in orde maken; een korte rit in een geleende vrachtwagen ziet er verdacht uit; reizen onder invloed bederft een familievakantie.","formattedEpisodeNumbering":null,"formattedDate":"Za 15 mei. 2021","formattedDateShort":"Mei. 2021","formattedTime":"18:30","formattedDuration":"21m","formattedAvailabilityWindow":null,"formattedAvailabilityWindowShort":null,"image":{"portraitUrl":null,"landscapeUrl":"https:\/\/images.nlziet.nl\/metadataimportimages\/source\/6D20DA9EDFBD0D3E1BF2E5E62A0CA59F487EA9D098DD35F7E2D860CADFEA49C2.jpg"},"logo":{"normalUrl":"https:\/\/cdn.nlziet.nl\/static\/assets\/contentproviders\/sbs.png","darkUrl":"https:\/\/cdn.nlziet.nl\/static\/assets\/contentproviders\/dark\/sbs.png","flatUrl":"https:\/\/cdn.nlziet.nl\/static\/assets\/contentproviders\/flat\/sbs.png"},"tags":[],"seriesId":"6EBfsFV_3EqMK8x9C1vHew"},{"id":"2sp6f8HOB0qWIC0M5vwsog","type":"Vod","title":"Border Security: Canada","subtitle":"Aflevering 25","description":"Veronica - Een reiziger slikt een onbekende substantie in. Een Thaise vakantiegids biedt meer dan alleen vakantieadvies, terwijl een autodealer om de waarheid heen draait. Harde ijsthee en een passagier trekken de aandacht naar een vrachtwagenchauffeur.","formattedEpisodeNumbering":null,"formattedDate":"Za 15 mei. 2021","formattedDateShort":"Mei. 2021","formattedTime":"18:01","formattedDuration":"21m","formattedAvailabilityWindow":null,"formattedAvailabilityWindowShort":null,"image":{"portraitUrl":null,"landscapeUrl":"https:\/\/images.nlziet.nl\/metadataimportimages\/source\/8901327DFC2B5CFA3B5A3FAAE09191CC144869DF4F473589A3A44452DCB4B250.jpg"},"logo":{"normalUrl":"https:\/\/cdn.nlziet.nl\/static\/assets\/contentproviders\/sbs.png","darkUrl":"https:\/\/cdn.nlziet.nl\/static\/assets\/contentproviders\/dark\/sbs.png","flatUrl":"https:\/\/cdn.nlziet.nl\/static\/assets\/contentproviders\/flat\/sbs.png"},"tags":[],"seriesId":"6EBfsFV_3EqMK8x9C1vHew"},{"id":"rUzOi-haVki_-p1e3tdBpg","type":"Vod","title":"Border Security: Canada","subtitle":"Aflevering 24","description":"Veronica - Agenten zoeken naar verboden foto's op een camera.","formattedEpisodeNumbering":null,"formattedDate":"Za 8 mei. 2021","formattedDateShort":"Mei. 2021","formattedTime":"19:29","formattedDuration":"21m","formattedAvailabilityWindow":null,"formattedAvailabilityWindowShort":null,"image":{"portraitUrl":null,"landscapeUrl":"https:\/\/images.nlziet.nl\/metadataimportimages\/source\/E760749E3AF20A4490C22D2CAB159459C74FF5E5E1F87A1F29526EDAEC412659.jpg"},"logo":{"normalUrl":"https:\/\/cdn.nlziet.nl\/static\/assets\/contentproviders\/sbs.png","darkUrl":"https:\/\/cdn.nlziet.nl\/static\/assets\/contentproviders\/dark\/sbs.png","flatUrl":"https:\/\/cdn.nlziet.nl\/static\/assets\/contentproviders\/flat\/sbs.png"},"tags":[],"seriesId":"6EBfsFV_3EqMK8x9C1vHew"},{"id":"0iQzsKtbukSmhZLJbEk6FQ","type":"Vod","title":"Border Security: Canada","subtitle":"Aflevering 23","description":"Veronica - Een Mexicaanse reiziger is nerveus, terwijl een gigantische r\u00f6ntgenmachine een vreemde vorm in een zeecontainer vindt. De huisraad van een buitenlandse student zit vol verrassingen en er worden Jamaicaanse planten gevonden.","formattedEpisodeNumbering":null,"formattedDate":"Za 8 mei. 2021","formattedDateShort":"Mei. 2021","formattedTime":"19:00","formattedDuration":"21m","formattedAvailabilityWindow":null,"formattedAvailabilityWindowShort":null,"image":{"portraitUrl":null,"landscapeUrl":"https:\/\/images.nlziet.nl\/metadataimportimages\/source\/B5CCE27415C5C332D18310611C90CA7D6A573D230DEBD5B1FCFFF02BAE2C17F7.jpg"},"logo":{"normalUrl":"https:\/\/cdn.nlziet.nl\/static\/assets\/contentproviders\/sbs.png","darkUrl":"https:\/\/cdn.nlziet.nl\/static\/assets\/contentproviders\/dark\/sbs.png","flatUrl":"https:\/\/cdn.nlziet.nl\/static\/assets\/contentproviders\/flat\/sbs.png"},"tags":[],"seriesId":"6EBfsFV_3EqMK8x9C1vHew"},{"id":"N6mtUpltn0-KbwlJcrHZnA","type":"Vod","title":"Border Security: Canada","subtitle":"Aflevering 22","description":"Veronica - Een high-end auto wordt van dichtbij bekeken. Een Britse man wil het hoofdstuk van zijn mislukte Canadese huwelijk sluiten. De vriendin van een man pakt verboden wapens in en slecht handschrift leidt tot een ontdekking in de post.","formattedEpisodeNumbering":null,"formattedDate":"Za 8 mei. 2021","formattedDateShort":"Mei. 2021","formattedTime":"18:30","formattedDuration":"21m","formattedAvailabilityWindow":null,"formattedAvailabilityWindowShort":null,"image":{"portraitUrl":null,"landscapeUrl":"https:\/\/images.nlziet.nl\/metadataimportimages\/source\/223CCB34F4C36F0A81CC1DCC27956776C7E177B80B855F6EA28741EEB5F690ED.jpg"},"logo":{"normalUrl":"https:\/\/cdn.nlziet.nl\/static\/assets\/contentproviders\/sbs.png","darkUrl":"https:\/\/cdn.nlziet.nl\/static\/assets\/contentproviders\/dark\/sbs.png","flatUrl":"https:\/\/cdn.nlziet.nl\/static\/assets\/contentproviders\/flat\/sbs.png"},"tags":[],"seriesId":"6EBfsFV_3EqMK8x9C1vHew"},{"id":"qbdUwv8kGUGm5mt79RwAgg","type":"Vod","title":"Border Security: Canada","subtitle":"Aflevering 21","description":"Veronica - Een bijzonder vaartuig heeft wapens aan boord. Er is mogelijk met een vrachtwagen vol plastic geknoeid.","formattedEpisodeNumbering":null,"formattedDate":"Za 8 mei. 2021","formattedDateShort":"Mei. 2021","formattedTime":"18:01","formattedDuration":"21m","formattedAvailabilityWindow":null,"formattedAvailabilityWindowShort":null,"image":{"portraitUrl":null,"landscapeUrl":"https:\/\/images.nlziet.nl\/metadataimportimages\/source\/60B4CBFEF2DC3D358477887067C8387F3DF290BEF8A289B5D10592234F25C1A4.jpg"},"logo":{"normalUrl":"https:\/\/cdn.nlziet.nl\/static\/assets\/contentproviders\/sbs.png","darkUrl":"https:\/\/cdn.nlziet.nl\/static\/assets\/contentproviders\/dark\/sbs.png","flatUrl":"https:\/\/cdn.nlziet.nl\/static\/assets\/contentproviders\/flat\/sbs.png"},"tags":[],"seriesId":"6EBfsFV_3EqMK8x9C1vHew"},{"id":"Z4OiOTg5EEuZb6uLMK-KxQ","type":"Vod","title":"Border Security: Canada","subtitle":"Aflevering 20","description":"Veronica - Een juwelendoosje bevat iets kostbaars, terwijl een fietsende tiener op een wegversperring stuit. De inhoud van zijn computer kan een Thaise zeeman op het land vasthouden. Een zwerfmuzikant moet zichzelf bewijzen.","formattedEpisodeNumbering":null,"formattedDate":"Za 1 mei. 2021","formattedDateShort":"Mei. 2021","formattedTime":"19:30","formattedDuration":"21m","formattedAvailabilityWindow":null,"formattedAvailabilityWindowShort":null,"image":{"portraitUrl":null,"landscapeUrl":"https:\/\/images.nlziet.nl\/metadataimportimages\/source\/A196BBBE235BFF74E7903ADB0570CBC8F6C1EE8CF9600E5483025371CDBF54B7.jpg"},"logo":{"normalUrl":"https:\/\/cdn.nlziet.nl\/static\/assets\/contentproviders\/sbs.png","darkUrl":"https:\/\/cdn.nlziet.nl\/static\/assets\/contentproviders\/dark\/sbs.png","flatUrl":"https:\/\/cdn.nlziet.nl\/static\/assets\/contentproviders\/flat\/sbs.png"},"tags":[],"seriesId":"6EBfsFV_3EqMK8x9C1vHew"},{"id":"Aw4QG3CMwEmtNghwzx8Ceg","type":"Vod","title":"Border Security: Canada","subtitle":"Aflevering 19","description":"Veronica - Ingenieursstudenten voeren een ongewoon experiment uit. Het verhaal van een bouwvakker is niet gegrond. Een Amerikaan die naar een nieuw huis verhuist, komt erachter dat hij er niet kan komen. Een reiziger geeft zijn moeder de schuld van een dure bagage-verrassing. Is \u00e9\u00e9n pistool genoeg voor een man op weg naar Alaska? Speelgoedcamera's bevatten smokkelwaar, maar de smokkelaars wachten af hoe dit zich ontwikkelt.","formattedEpisodeNumbering":null,"formattedDate":"Za 1 mei. 2021","formattedDateShort":"Mei. 2021","formattedTime":"19:00","formattedDuration":"21m","formattedAvailabilityWindow":null,"formattedAvailabilityWindowShort":null,"image":{"portraitUrl":null,"landscapeUrl":"https:\/\/images.nlziet.nl\/metadataimportimages\/source\/E7FF6FDF7A2B56B15D59BBABDEE898F986E4BB71F8C9847D40AB59E6D9F86FCA.jpg"},"logo":{"normalUrl":"https:\/\/cdn.nlziet.nl\/static\/assets\/contentproviders\/sbs.png","darkUrl":"https:\/\/cdn.nlziet.nl\/static\/assets\/contentproviders\/dark\/sbs.png","flatUrl":"https:\/\/cdn.nlziet.nl\/static\/assets\/contentproviders\/flat\/sbs.png"},"tags":[],"seriesId":"6EBfsFV_3EqMK8x9C1vHew"},{"id":"jlmu57q_20mOY6rAe0_Igg","type":"Vod","title":"Border Security: Canada","subtitle":"Aflevering 18","description":"Veronica - Een arbeider komt erachter dat hij slecht advies heeft gekregen. Een visser met marihuana komt in problemen. De verdenkingen over een veroordeelde smokkelaar brengen oplichterij aan het licht. Een reiziger heeft buiten een koffer vol vlees nog andere smokkelwaar bij zich.","formattedEpisodeNumbering":null,"formattedDate":"Za 1 mei. 2021","formattedDateShort":"Mei. 2021","formattedTime":"18:30","formattedDuration":"21m","formattedAvailabilityWindow":null,"formattedAvailabilityWindowShort":null,"image":{"portraitUrl":null,"landscapeUrl":"https:\/\/images.nlziet.nl\/metadataimportimages\/source\/09CC26DF935C8956F4353285887A562F877D8A5F8F118A07E63D88F97743B449.jpg"},"logo":{"normalUrl":"https:\/\/cdn.nlziet.nl\/static\/assets\/contentproviders\/sbs.png","darkUrl":"https:\/\/cdn.nlziet.nl\/static\/assets\/contentproviders\/dark\/sbs.png","flatUrl":"https:\/\/cdn.nlziet.nl\/static\/assets\/contentproviders\/flat\/sbs.png"},"tags":[],"seriesId":"6EBfsFV_3EqMK8x9C1vHew"},{"id":"brRg_Mj4I0OktufebAKYog","type":"Vod","title":"Border Security: Canada","subtitle":"Aflevering 17","description":"Veronica - Een landarbeider zit in de problemen na een boeking op het laatste moment. Speelgoedtrucks zijn volgestopt met smokkelwaar. Een Canadees heeft mogelijk illegaal geld bij zich.","formattedEpisodeNumbering":null,"formattedDate":"Za 1 mei. 2021","formattedDateShort":"Mei. 2021","formattedTime":"18:01","formattedDuration":"21m","formattedAvailabilityWindow":null,"formattedAvailabilityWindowShort":null,"image":{"portraitUrl":null,"landscapeUrl":"https:\/\/images.nlziet.nl\/metadataimportimages\/source\/FC4E4339790731655BAE55A623757DB77136C6E85F14FA0CE0E75CA8C8CE3FA1.jpg"},"logo":{"normalUrl":"https:\/\/cdn.nlziet.nl\/static\/assets\/contentproviders\/sbs.png","darkUrl":"https:\/\/cdn.nlziet.nl\/static\/assets\/contentproviders\/dark\/sbs.png","flatUrl":"https:\/\/cdn.nlziet.nl\/static\/assets\/contentproviders\/flat\/sbs.png"},"tags":[],"seriesId":"6EBfsFV_3EqMK8x9C1vHew"},{"id":"hV-1eZIp-0C_DAtaunzszw","type":"Vod","title":"Border Security: Canada","subtitle":"Aflevering 16","description":"Veronica - Een jonge man ziet wellicht zijn verloofde niet als hij niet stopt met liegen. Een goudstaaf en een stapel geld maken een reiziger verdacht. Een Amerikaanse bezoeker is geschokt als hij hoort over zijn ongewone strafblad. Officieren van het postcentrum ontdekken dat een boeiend kunstwerk verborgen waarde heeft. Een gokker laat zijn kaarten zien, maar het is geen winnende hand.","formattedEpisodeNumbering":null,"formattedDate":"Za 24 apr. 2021","formattedDateShort":"Apr. 2021","formattedTime":"19:30","formattedDuration":"21m","formattedAvailabilityWindow":null,"formattedAvailabilityWindowShort":null,"image":{"portraitUrl":null,"landscapeUrl":"https:\/\/images.nlziet.nl\/metadataimportimages\/source\/FE1A117DBE7B57664F7747E0212F53C2694D820D7AF6F9EC008F7ABEA8561DC1.jpg"},"logo":{"normalUrl":"https:\/\/cdn.nlziet.nl\/static\/assets\/contentproviders\/sbs.png","darkUrl":"https:\/\/cdn.nlziet.nl\/static\/assets\/contentproviders\/dark\/sbs.png","flatUrl":"https:\/\/cdn.nlziet.nl\/static\/assets\/contentproviders\/flat\/sbs.png"},"tags":[],"seriesId":"6EBfsFV_3EqMK8x9C1vHew"},{"id":"6RUQGSIgK0WDCZ_hXWIZow","type":"Vod","title":"Border Security: Canada","subtitle":"Aflevering 15","description":"Veronica - De vakantie van een jonge vrouw eindigt in een cel. Een vader en zoon hebben heel veel munitie bij zich, maar waar is het pistool?","formattedEpisodeNumbering":null,"formattedDate":"Za 24 apr. 2021","formattedDateShort":"Apr. 2021","formattedTime":"19:00","formattedDuration":"21m","formattedAvailabilityWindow":null,"formattedAvailabilityWindowShort":null,"image":{"portraitUrl":null,"landscapeUrl":"https:\/\/images.nlziet.nl\/metadataimportimages\/source\/89B43135BB45A46B6C7B449D74335FF623F8321541A69BE60A4BC4262D85E762.jpg"},"logo":{"normalUrl":"https:\/\/cdn.nlziet.nl\/static\/assets\/contentproviders\/sbs.png","darkUrl":"https:\/\/cdn.nlziet.nl\/static\/assets\/contentproviders\/dark\/sbs.png","flatUrl":"https:\/\/cdn.nlziet.nl\/static\/assets\/contentproviders\/flat\/sbs.png"},"tags":[],"seriesId":"6EBfsFV_3EqMK8x9C1vHew"},{"id":"sqiqF4k8z0O41IGjGQn_Jw","type":"Vod","title":"Border Security: Canada","subtitle":"Aflevering 14","description":"Veronica - Goedkope boeken met hoge verzendkosten wekken argwaan. Agenten vermoeden dat een veroordeelde drugsdealer zijn bedrijf naar het noorden brengt. De douane doorzoekt een schip met wapens aan boord. Een professionele skateboarder geeft een draai aan de bagagecontrole.","formattedEpisodeNumbering":null,"formattedDate":"Za 24 apr. 2021","formattedDateShort":"Apr. 2021","formattedTime":"18:31","formattedDuration":"21m","formattedAvailabilityWindow":null,"formattedAvailabilityWindowShort":null,"image":{"portraitUrl":null,"landscapeUrl":"https:\/\/images.nlziet.nl\/metadataimportimages\/source\/C218082FB30C9FC62CDD3F537A53516021F3A7131646C557C9ED6709CC4E00C5.jpg"},"logo":{"normalUrl":"https:\/\/cdn.nlziet.nl\/static\/assets\/contentproviders\/sbs.png","darkUrl":"https:\/\/cdn.nlziet.nl\/static\/assets\/contentproviders\/dark\/sbs.png","flatUrl":"https:\/\/cdn.nlziet.nl\/static\/assets\/contentproviders\/flat\/sbs.png"},"tags":[],"seriesId":"6EBfsFV_3EqMK8x9C1vHew"},{"id":"wvoiX8CsC0ems1wGmxIWDA","type":"Vod","title":"Border Security: Canada","subtitle":"Aflevering 13","description":"Veronica - Een hond vindt duizenden dollars aan zwart geld. Een douanier vermoedt dat een Canadees illegale souvenirs mee naar huis neemt.","formattedEpisodeNumbering":null,"formattedDate":"Za 17 apr. 2021","formattedDateShort":"Apr. 2021","formattedTime":"19:29","formattedDuration":"21m","formattedAvailabilityWindow":null,"formattedAvailabilityWindowShort":null,"image":{"portraitUrl":null,"landscapeUrl":"https:\/\/images.nlziet.nl\/metadataimportimages\/source\/24A6E727179EF36184D0F9691653CD66BBA78251E449594F793618BD9F50C4A0.jpg"},"logo":{"normalUrl":"https:\/\/cdn.nlziet.nl\/static\/assets\/contentproviders\/sbs.png","darkUrl":"https:\/\/cdn.nlziet.nl\/static\/assets\/contentproviders\/dark\/sbs.png","flatUrl":"https:\/\/cdn.nlziet.nl\/static\/assets\/contentproviders\/flat\/sbs.png"},"tags":[],"seriesId":"6EBfsFV_3EqMK8x9C1vHew"},{"id":"fe9OGaH18U-339OSSx6RYA","type":"Vod","title":"Border Security: Canada","subtitle":"Aflevering 12","description":"Veronica - Agenten vermoeden dat een reiziger een pistool verbergt.","formattedEpisodeNumbering":null,"formattedDate":"Za 17 apr. 2021","formattedDateShort":"Apr. 2021","formattedTime":"18:57","formattedDuration":"21m","formattedAvailabilityWindow":null,"formattedAvailabilityWindowShort":null,"image":{"portraitUrl":null,"landscapeUrl":"https:\/\/images.nlziet.nl\/metadataimportimages\/source\/8AB38D9AA20CCBA90E5881DC0E03B8EB788B38EA0AA32BE8CDB6411FA3AB7C4C.jpg"},"logo":{"normalUrl":"https:\/\/cdn.nlziet.nl\/static\/assets\/contentproviders\/sbs.png","darkUrl":"https:\/\/cdn.nlziet.nl\/static\/assets\/contentproviders\/dark\/sbs.png","flatUrl":"https:\/\/cdn.nlziet.nl\/static\/assets\/contentproviders\/flat\/sbs.png"},"tags":[],"seriesId":"6EBfsFV_3EqMK8x9C1vHew"},{"id":"ld_j8iTWVUynpJspghufMQ","type":"Vod","title":"Border Security: Canada","subtitle":"Aflevering 10","description":"Veronica - Een man wordt verdacht van het witwassen van geld. Een Afghaanse bruidegom wordt herenigd met zijn Canadese liefde.","formattedEpisodeNumbering":null,"formattedDate":"Za 17 apr. 2021","formattedDateShort":"Apr. 2021","formattedTime":"18:28","formattedDuration":"21m","formattedAvailabilityWindow":null,"formattedAvailabilityWindowShort":null,"image":{"portraitUrl":null,"landscapeUrl":"https:\/\/images.nlziet.nl\/metadataimportimages\/source\/52A24EA7BB91F9237E5F5696D4297A36A770C0E257BFEEEA414B2BBFCC7679A5.jpg"},"logo":{"normalUrl":"https:\/\/cdn.nlziet.nl\/static\/assets\/contentproviders\/sbs.png","darkUrl":"https:\/\/cdn.nlziet.nl\/static\/assets\/contentproviders\/dark\/sbs.png","flatUrl":"https:\/\/cdn.nlziet.nl\/static\/assets\/contentproviders\/flat\/sbs.png"},"tags":[],"seriesId":"6EBfsFV_3EqMK8x9C1vHew"},{"id":"SgwItsoPN0uNEhq5aY60dw","type":"Vod","title":"Border Security: Canada","subtitle":"Aflevering 9","description":"Veronica - Bij gebrek aan papieren zit een rapgroep uit Los Angeles in de problemen.","formattedEpisodeNumbering":null,"formattedDate":"Za 10 apr. 2021","formattedDateShort":"Apr. 2021","formattedTime":"19:31","formattedDuration":"21m","formattedAvailabilityWindow":null,"formattedAvailabilityWindowShort":null,"image":{"portraitUrl":null,"landscapeUrl":"https:\/\/images.nlziet.nl\/metadataimportimages\/source\/ACD6CEF3406B15D920AB3645453447662CC35B3454C2CE22A6257DF7A2FE5964.jpg"},"logo":{"normalUrl":"https:\/\/cdn.nlziet.nl\/static\/assets\/contentproviders\/sbs.png","darkUrl":"https:\/\/cdn.nlziet.nl\/static\/assets\/contentproviders\/dark\/sbs.png","flatUrl":"https:\/\/cdn.nlziet.nl\/static\/assets\/contentproviders\/flat\/sbs.png"},"tags":[],"seriesId":"6EBfsFV_3EqMK8x9C1vHew"},{"id":"GeIT0me180mWQuBlzW6ekA","type":"Vod","title":"Border Security: Canada","subtitle":"Aflevering 8","description":"Veronica - De douaniers ontdekken een dodelijk wapen bij de post.","formattedEpisodeNumbering":null,"formattedDate":"Za 10 apr. 2021","formattedDateShort":"Apr. 2021","formattedTime":"19:02","formattedDuration":"21m","formattedAvailabilityWindow":null,"formattedAvailabilityWindowShort":null,"image":{"portraitUrl":null,"landscapeUrl":"https:\/\/images.nlziet.nl\/metadataimportimages\/source\/3BAA605B31682CC4DACE8D56CE4D8DA42B2070591201AE09F99EFEC4AC969705.jpg"},"logo":{"normalUrl":"https:\/\/cdn.nlziet.nl\/static\/assets\/contentproviders\/sbs.png","darkUrl":"https:\/\/cdn.nlziet.nl\/static\/assets\/contentproviders\/dark\/sbs.png","flatUrl":"https:\/\/cdn.nlziet.nl\/static\/assets\/contentproviders\/flat\/sbs.png"},"tags":[],"seriesId":"6EBfsFV_3EqMK8x9C1vHew"},{"id":"n0InIZnKxES1MDG1DLT8uQ","type":"Vod","title":"Border Security: Canada","subtitle":"Aflevering 7","description":"Veronica - Een American football-speler verpest misschien zijn kans om prof te worden.","formattedEpisodeNumbering":null,"formattedDate":"Za 3 apr. 2021","formattedDateShort":"Apr. 2021","formattedTime":"19:30","formattedDuration":"21m","formattedAvailabilityWindow":null,"formattedAvailabilityWindowShort":null,"image":{"portraitUrl":null,"landscapeUrl":"https:\/\/images.nlziet.nl\/metadataimportimages\/source\/DEF82C1ADEF2A23AE859D444973522B2215AF72386267FFD3865A0AAC19F275C.jpg"},"logo":{"normalUrl":"https:\/\/cdn.nlziet.nl\/static\/assets\/contentproviders\/sbs.png","darkUrl":"https:\/\/cdn.nlziet.nl\/static\/assets\/contentproviders\/dark\/sbs.png","flatUrl":"https:\/\/cdn.nlziet.nl\/static\/assets\/contentproviders\/flat\/sbs.png"},"tags":[],"seriesId":"6EBfsFV_3EqMK8x9C1vHew"},{"id":"aGm2AJhtOUSOWfu_ZmBmfQ","type":"Vod","title":"Border Security: Canada","subtitle":"Aflevering 6","description":"Veronica - Een Amerikaanse band komt vast te zitten.","formattedEpisodeNumbering":null,"formattedDate":"Za 3 apr. 2021","formattedDateShort":"Apr. 2021","formattedTime":"19:00","formattedDuration":"21m","formattedAvailabilityWindow":null,"formattedAvailabilityWindowShort":null,"image":{"portraitUrl":null,"landscapeUrl":"https:\/\/images.nlziet.nl\/metadataimportimages\/source\/DEF82C1ADEF2A23AE859D444973522B2215AF72386267FFD3865A0AAC19F275C.jpg"},"logo":{"normalUrl":"https:\/\/cdn.nlziet.nl\/static\/assets\/contentproviders\/sbs.png","darkUrl":"https:\/\/cdn.nlziet.nl\/static\/assets\/contentproviders\/dark\/sbs.png","flatUrl":"https:\/\/cdn.nlziet.nl\/static\/assets\/contentproviders\/flat\/sbs.png"},"tags":[],"seriesId":"6EBfsFV_3EqMK8x9C1vHew"},{"id":"yzW4WZUO90idY8mLH24yIw","type":"Vod","title":"Border Security: Canada","subtitle":"Aflevering 5","description":"Veronica - Een reiziger met een derde been laat de officieren zijn feesttruc zien. Agenten hebben iets toe te voegen aan het lange strafblad van een vrouw. Er wordt een verdacht pakket uit Maleisi\u00eb gevonden. Chocoladerepen bevatten een speciaal ingredi\u00ebnt. Het verhaal van een reiziger staat op zijn gezicht geschreven.","formattedEpisodeNumbering":null,"formattedDate":"Za 27 mrt. 2021","formattedDateShort":"Mrt. 2021","formattedTime":"19:30","formattedDuration":"21m","formattedAvailabilityWindow":null,"formattedAvailabilityWindowShort":null,"image":{"portraitUrl":null,"landscapeUrl":"https:\/\/images.nlziet.nl\/metadataimportimages\/source\/63263FD871B81CD47FC3CB41E7DAE9BD4067C93F597DB50986E43F65166FAB8F.jpg"},"logo":{"normalUrl":"https:\/\/cdn.nlziet.nl\/static\/assets\/contentproviders\/sbs.png","darkUrl":"https:\/\/cdn.nlziet.nl\/static\/assets\/contentproviders\/dark\/sbs.png","flatUrl":"https:\/\/cdn.nlziet.nl\/static\/assets\/contentproviders\/flat\/sbs.png"},"tags":[],"seriesId":"6EBfsFV_3EqMK8x9C1vHew"},{"id":"14sWxR8HX0OyF8Rspw8whg","type":"Vod","title":"Border Security: Canada","subtitle":"Aflevering 4","description":"Veronica - De studieboeken van een reiziger leren hem een onverwachte les. Voordat de skivakantie begint, stuit een toerist op een obstakel. Agenten ontdekken een zending cosmetica dat niet is wat het lijkt. Het airside-team duikt diep in een 747. Een vagebond wil zonder jas of plan een koude berg beklimmen.","formattedEpisodeNumbering":null,"formattedDate":"Za 27 mrt. 2021","formattedDateShort":"Mrt. 2021","formattedTime":"19:01","formattedDuration":"21m","formattedAvailabilityWindow":null,"formattedAvailabilityWindowShort":null,"image":{"portraitUrl":null,"landscapeUrl":"https:\/\/images.nlziet.nl\/metadataimportimages\/source\/DEF82C1ADEF2A23AE859D444973522B2215AF72386267FFD3865A0AAC19F275C.jpg"},"logo":{"normalUrl":"https:\/\/cdn.nlziet.nl\/static\/assets\/contentproviders\/sbs.png","darkUrl":"https:\/\/cdn.nlziet.nl\/static\/assets\/contentproviders\/dark\/sbs.png","flatUrl":"https:\/\/cdn.nlziet.nl\/static\/assets\/contentproviders\/flat\/sbs.png"},"tags":[],"seriesId":"6EBfsFV_3EqMK8x9C1vHew"},{"id":"cP3O-UckvUeRszg2Dix3FQ","type":"Vod","title":"Border Security: Canada","subtitle":"Aflevering 2","description":"Een straatartiest wordt betrapt tijdens een ontsnappingsact. Een brutale buspassagier beantwoordt vragen over zijn verleden. De agenten van het postcentrum ontdekken een verdachte boiler. Alarmbellen rinkelen als een Amerikaanse chauffeur naar zijn kofferbak haast. Een Duitse reiziger wordt ondervraagd over zijn voorliefde voor 'Crystal'.","formattedEpisodeNumbering":null,"formattedDate":"Za 26 feb.","formattedDateShort":"Za 26 feb.","formattedTime":"18:04","formattedDuration":"21m","formattedAvailabilityWindow":null,"formattedAvailabilityWindowShort":null,"image":{"portraitUrl":null,"landscapeUrl":"https:\/\/images.nlziet.nl\/metadataimportimages\/source\/DD879E2894A2E68291D1CAEA35A229434AE655968D5C7434E0767D00FC9FABFD.jpg"},"logo":{"normalUrl":"https:\/\/cdn.nlziet.nl\/static\/assets\/contentproviders\/sbs.png","darkUrl":"https:\/\/cdn.nlziet.nl\/static\/assets\/contentproviders\/dark\/sbs.png","flatUrl":"https:\/\/cdn.nlziet.nl\/static\/assets\/contentproviders\/flat\/sbs.png"},"tags":[],"seriesId":"6EBfsFV_3EqMK8x9C1vHew"},{"id":"Uto6LMhOyUSjyxiEYkrCbA","type":"Vod","title":"Border Security: Canada","subtitle":"Aflevering 1","description":"Veronica - De landsgrenzen van Canada worden voortdurend bedreigd. Of het nu gaat om drugssmokkel, illegale immigratie, inspecties of het meenemen van verboden voorwerpen, de douaniers houden het allemaal in de gaten. Dit levert soms heftige situaties op.","formattedEpisodeNumbering":null,"formattedDate":"Za 19 feb.","formattedDateShort":"Za 19 feb.","formattedTime":"18:34","formattedDuration":"0m","formattedAvailabilityWindow":null,"formattedAvailabilityWindowShort":null,"image":{"portraitUrl":null,"landscapeUrl":"https:\/\/images.nlziet.nl\/metadataimportimages\/source\/191CF7103DD912BE6E4F7934A1AB0EFFEE44D8DC4D5B51558E0AF3DB58561049.jpg"},"logo":{"normalUrl":"https:\/\/cdn.nlziet.nl\/static\/assets\/contentproviders\/sbs.png","darkUrl":"https:\/\/cdn.nlziet.nl\/static\/assets\/contentproviders\/dark\/sbs.png","flatUrl":"https:\/\/cdn.nlziet.nl\/static\/assets\/contentproviders\/flat\/sbs.png"},"tags":[],"seriesId":"6EBfsFV_3EqMK8x9C1vHew"}]