[{"id":"FRY374KC-kSMo_yxUPcJ-A","type":"Vod","title":"Net5 Seks Doc: How to Make It on OnlyFans","subtitle":"Aflevering 1","description":"Net5 - Alex Sim-Wise helpt mensen sexy beelden op het internet te verkopen. Alex, een model uit de jaren 2000, verdient nu tienduizend pond per maand als content creator op de website OnlyFans. Op OnlyFans kan iedereen geld verdienen door inhoud te plaatsen waarvan ze denken dat anderen zullen betalen om ze te zien. Sekswerkers en pornosterren verdienen er miljoenen mee, en nu willen gewone mensen hetzelfde doen.","formattedEpisodeNumbering":null,"formattedDate":"Wo 24 aug.","formattedDateShort":"Wo 24 aug.","formattedTime":"23:34","formattedDuration":"46m","formattedAvailabilityWindow":null,"formattedAvailabilityWindowShort":null,"image":{"portraitUrl":"https:\/\/images.nlziet.nl\/metadataimportimages\/source\/63D025CA6AB681C0E1CA0B34DA6CF14DBD638CA1281903A19CC25A6F37979A8B.jpg","landscapeUrl":"https:\/\/images.nlziet.nl\/metadataimportimages\/source\/23C7E7C7A0C865B57A6CF8D69E8725E7E0B2E3EC475AA10A80988FACFA7DFBB8.jpg"},"logo":{"normalUrl":"https:\/\/cdn.nlziet.nl\/static\/assets\/contentproviders\/sbs.png","darkUrl":"https:\/\/cdn.nlziet.nl\/static\/assets\/contentproviders\/dark\/sbs.png","flatUrl":"https:\/\/cdn.nlziet.nl\/static\/assets\/contentproviders\/flat\/sbs.png"},"tags":[],"seriesId":"6p6bQwJZBEqNA4iNHUb4fQ"}]