[{"id":"8UE1zTdTS0OrDngr5KW76w","type":"Vod","title":"NOS WK-kwalificatie Voetbal Nederland - Noorwegen eerste helft","subtitle":"NOS WK-kwalificatie Voetbal Nederland - Noorwegen eerste helft","description":"NOS - Rechtstreeks verslag van de eerste helft van de WK-kwalificatiewedstrijd Nederland - Noorwegen, gespeeld in stadion Feijenoord in Rotterdam, Nederland.","formattedEpisodeNumbering":null,"formattedDate":"Di 16 nov. 2021","formattedDateShort":"Nov. 2021","formattedTime":"20:35","formattedDuration":"54m","formattedAvailabilityWindow":null,"formattedAvailabilityWindowShort":null,"image":{"portraitUrl":null,"landscapeUrl":"https:\/\/images.nlziet.nl\/metadataimportimages\/source\/FDD78FC82EDFEF6D706E05B3F949811F03DFCE8DAE24921AE6C70210794370BB.jpg"},"logo":{"normalUrl":"https:\/\/cdn.nlziet.nl\/static\/assets\/contentproviders\/npo.png","darkUrl":"https:\/\/cdn.nlziet.nl\/static\/assets\/contentproviders\/dark\/npo.png","flatUrl":"https:\/\/cdn.nlziet.nl\/static\/assets\/contentproviders\/flat\/npo.png"},"tags":[],"seriesId":"5Ys7Jwg3_EKAiS07ctyJhw"},{"id":"DA1clYGUWkOiaHj_5aTm8g","type":"Vod","title":"NOS WK-kwalificatie Voetbal Montenegro - Nederland eerste helft","subtitle":"NOS WK-kwalificatie Voetbal Montenegro - Nederland eerste helft","description":"NOS - Rechtstreeks verslag van de eerste helft van de wedstrijd Montenegro - Nederland vanuit City Stadium, Podgorica, Montenegro.","formattedEpisodeNumbering":null,"formattedDate":"Za 13 nov. 2021","formattedDateShort":"Nov. 2021","formattedTime":"20:40","formattedDuration":"55m","formattedAvailabilityWindow":null,"formattedAvailabilityWindowShort":null,"image":{"portraitUrl":null,"landscapeUrl":"https:\/\/images.nlziet.nl\/metadataimportimages\/source\/484B82D4FFA89840854705296865FCC4A7F486E4490329ECEA0DE56342146E02.jpg"},"logo":{"normalUrl":"https:\/\/cdn.nlziet.nl\/static\/assets\/contentproviders\/npo.png","darkUrl":"https:\/\/cdn.nlziet.nl\/static\/assets\/contentproviders\/dark\/npo.png","flatUrl":"https:\/\/cdn.nlziet.nl\/static\/assets\/contentproviders\/flat\/npo.png"},"tags":[],"seriesId":"5Ys7Jwg3_EKAiS07ctyJhw"},{"id":"7KU2mpIYEk6te2_J1J9wxQ","type":"Vod","title":"NOS WK-kwalificatie Voetbal Nederland - Gibraltar eerste helft","subtitle":"NOS WK-kwalificatie Voetbal Nederland - Gibraltar eerste helft","description":"NOS - Rechtstreeks verslag van de eerste helft van de WK-kwalificatiewedstrijd Nederland - Gibraltar, gespeeld in Stadion Feijenoord in Rotterdam, Nederland.","formattedEpisodeNumbering":null,"formattedDate":"Ma 11 okt. 2021","formattedDateShort":"Okt. 2021","formattedTime":"20:40","formattedDuration":"56m","formattedAvailabilityWindow":null,"formattedAvailabilityWindowShort":null,"image":{"portraitUrl":null,"landscapeUrl":"https:\/\/images.nlziet.nl\/metadataimportimages\/source\/93B8C98C15891A9ADD9A6CC9CCA7C18F54B90A62FFE342A81EE6645D0CD94C9D.jpg"},"logo":{"normalUrl":"https:\/\/cdn.nlziet.nl\/static\/assets\/contentproviders\/npo.png","darkUrl":"https:\/\/cdn.nlziet.nl\/static\/assets\/contentproviders\/dark\/npo.png","flatUrl":"https:\/\/cdn.nlziet.nl\/static\/assets\/contentproviders\/flat\/npo.png"},"tags":[],"seriesId":"5Ys7Jwg3_EKAiS07ctyJhw"},{"id":"fo-MUM4Ckkuk5V6NgnFvEQ","type":"Vod","title":"NOS WK-kwalificatie Voetbal Letland - Nederland eerste helft","subtitle":"NOS WK-kwalificatie Voetbal Letland - Nederland eerste helft","description":"NOS - Rechtstreeks verslag van de eerste helft van de WK-kwalificatiewedstrijd Letland - Nederland in het Daugava Stadion in Riga, Letland.","formattedEpisodeNumbering":null,"formattedDate":"Vr 8 okt. 2021","formattedDateShort":"Okt. 2021","formattedTime":"20:40","formattedDuration":"53m","formattedAvailabilityWindow":null,"formattedAvailabilityWindowShort":null,"image":{"portraitUrl":null,"landscapeUrl":"https:\/\/images.nlziet.nl\/metadataimportimages\/source\/D188D5B1C1407E20EA3BB96A0EA6AE5C9752A2F22F0A01BB918D6282D0636EA1.jpg"},"logo":{"normalUrl":"https:\/\/cdn.nlziet.nl\/static\/assets\/contentproviders\/npo.png","darkUrl":"https:\/\/cdn.nlziet.nl\/static\/assets\/contentproviders\/dark\/npo.png","flatUrl":"https:\/\/cdn.nlziet.nl\/static\/assets\/contentproviders\/flat\/npo.png"},"tags":[],"seriesId":"5Ys7Jwg3_EKAiS07ctyJhw"},{"id":"567ZHsE-Lke0xzNgAJyExw","type":"Vod","title":"NOS WK-kwalificatie Voetbal Nederland - Turkije eerste helft","subtitle":"NOS WK-kwalificatie Voetbal Nederland - Turkije eerste helft","description":"NOS - Rechtstreeks verslag van de eerste helft van de WK-kwalificatiewedstrijd Nederland - Turkije.","formattedEpisodeNumbering":null,"formattedDate":"Di 7 sep. 2021","formattedDateShort":"Sep. 2021","formattedTime":"20:35","formattedDuration":"56m","formattedAvailabilityWindow":null,"formattedAvailabilityWindowShort":null,"image":{"portraitUrl":null,"landscapeUrl":"https:\/\/images.nlziet.nl\/metadataimportimages\/source\/5658EDF50BE18B464D428A280071F55AA1AAD813738EDB5089CAEC09959C977A.jpg"},"logo":{"normalUrl":"https:\/\/cdn.nlziet.nl\/static\/assets\/contentproviders\/npo.png","darkUrl":"https:\/\/cdn.nlziet.nl\/static\/assets\/contentproviders\/dark\/npo.png","flatUrl":"https:\/\/cdn.nlziet.nl\/static\/assets\/contentproviders\/flat\/npo.png"},"tags":[],"seriesId":"5Ys7Jwg3_EKAiS07ctyJhw"},{"id":"QIMfLUzB7kuuAhsWOV9w5Q","type":"Vod","title":"NOS WK-kwalificatie Voetbal Nederland - Montenegro eerste helft","subtitle":"NOS WK-kwalificatie Voetbal Nederland - Montenegro eerste helft","description":"NOS - Rechtstreeks verslag van de eerste helft van de WK-kwalificatiewedstrijd Nederland - Montenegro. Gespeeld in het Philips Stadion in Eindhoven.","formattedEpisodeNumbering":null,"formattedDate":"Za 4 sep. 2021","formattedDateShort":"Sep. 2021","formattedTime":"20:25","formattedDuration":"1u 8m","formattedAvailabilityWindow":null,"formattedAvailabilityWindowShort":null,"image":{"portraitUrl":null,"landscapeUrl":"https:\/\/images.nlziet.nl\/metadataimportimages\/source\/7BEFA3194EB4FE0623CBEF751E1F28D2347110830D238D3FEB1AE014C1B79007.jpg"},"logo":{"normalUrl":"https:\/\/cdn.nlziet.nl\/static\/assets\/contentproviders\/npo.png","darkUrl":"https:\/\/cdn.nlziet.nl\/static\/assets\/contentproviders\/dark\/npo.png","flatUrl":"https:\/\/cdn.nlziet.nl\/static\/assets\/contentproviders\/flat\/npo.png"},"tags":[],"seriesId":"5Ys7Jwg3_EKAiS07ctyJhw"},{"id":"6WPxkprc5Ey0fZwKIfYCdw","type":"Vod","title":"NOS WK-kwalificatie Voetbal Noorwegen - Nederland eerste helft","subtitle":"NOS WK-kwalificatie Voetbal Noorwegen - Nederland eerste helft","description":"NOS - Rechtstreeks verslag van de eerste helft van de WK-kwalificatiewedstrijd Noorwegen - Nederland, gespeeld in het Ullevaalstadion in Oslo, Noorwegen.","formattedEpisodeNumbering":null,"formattedDate":"Wo 1 sep. 2021","formattedDateShort":"Sep. 2021","formattedTime":"20:35","formattedDuration":"58m","formattedAvailabilityWindow":null,"formattedAvailabilityWindowShort":null,"image":{"portraitUrl":null,"landscapeUrl":"https:\/\/images.nlziet.nl\/metadataimportimages\/source\/A8FFED918E8567CE7F23DBA39E6AD6A5576530EA2112B7269A2435F8AD1B09A3.jpg"},"logo":{"normalUrl":"https:\/\/cdn.nlziet.nl\/static\/assets\/contentproviders\/npo.png","darkUrl":"https:\/\/cdn.nlziet.nl\/static\/assets\/contentproviders\/dark\/npo.png","flatUrl":"https:\/\/cdn.nlziet.nl\/static\/assets\/contentproviders\/flat\/npo.png"},"tags":[],"seriesId":"5Ys7Jwg3_EKAiS07ctyJhw"},{"id":"iE0HaFJOfECSxs0Wr4uWKA","type":"Vod","title":"NOS WK-kwalificatie Voetbal Gibraltar - Nederland 1ste helft","subtitle":"NOS WK-kwalificatie Voetbal Gibraltar - Nederland 1ste helft","description":"NOS - Rechtstreeks verslag van de eerste helft van de WK-kwalificatiewedstrijd Gibraltar - Nederland.","formattedEpisodeNumbering":null,"formattedDate":"Di 30 mrt. 2021","formattedDateShort":"Mrt. 2021","formattedTime":"20:35","formattedDuration":"56m","formattedAvailabilityWindow":null,"formattedAvailabilityWindowShort":null,"image":{"portraitUrl":null,"landscapeUrl":"https:\/\/images.nlziet.nl\/metadataimportimages\/source\/BBCE7C15261B35885F6AF533B8FC3951FB08426764E7DAA44DCED141D10BFF57.jpg"},"logo":{"normalUrl":"https:\/\/cdn.nlziet.nl\/static\/assets\/contentproviders\/npo.png","darkUrl":"https:\/\/cdn.nlziet.nl\/static\/assets\/contentproviders\/dark\/npo.png","flatUrl":"https:\/\/cdn.nlziet.nl\/static\/assets\/contentproviders\/flat\/npo.png"},"tags":[],"seriesId":"5Ys7Jwg3_EKAiS07ctyJhw"},{"id":"GmCedd0gW0aY1TjjV1APHw","type":"Vod","title":"NOS WK-kwalificatie Voetbal Nederland - Letland eerste helft","subtitle":"NOS WK-kwalificatie Voetbal Nederland - Letland eerste helft","description":"NOS - Rechtstreeks verslag van de eerste helft van de WK-kwalificatiewedstrijd Nederland - Letland.","formattedEpisodeNumbering":null,"formattedDate":"Za 27 mrt. 2021","formattedDateShort":"Mrt. 2021","formattedTime":"17:50","formattedDuration":"54m","formattedAvailabilityWindow":null,"formattedAvailabilityWindowShort":null,"image":{"portraitUrl":null,"landscapeUrl":"https:\/\/images.nlziet.nl\/metadataimportimages\/source\/B0FDA9B04B4C5BDBD322E6271F83D71EDD2139AEC5D6B0300331FC243AA1E8E7.jpg"},"logo":{"normalUrl":"https:\/\/cdn.nlziet.nl\/static\/assets\/contentproviders\/npo.png","darkUrl":"https:\/\/cdn.nlziet.nl\/static\/assets\/contentproviders\/dark\/npo.png","flatUrl":"https:\/\/cdn.nlziet.nl\/static\/assets\/contentproviders\/flat\/npo.png"},"tags":[],"seriesId":"5Ys7Jwg3_EKAiS07ctyJhw"},{"id":"k2WFci44gEWkpXDyrqaaFA","type":"Vod","title":"NOS WK-kwalificatie Voetbal Turkije - Nederland eerste helft","subtitle":"NOS WK-kwalificatie Voetbal Turkije - Nederland eerste helft","description":"NOS - Rechtstreeks verslag van de eerste helft van de WK-kwalificatiewedstrijd Turkije - Nederland.","formattedEpisodeNumbering":null,"formattedDate":"Wo 24 mrt. 2021","formattedDateShort":"Mrt. 2021","formattedTime":"17:50","formattedDuration":"57m","formattedAvailabilityWindow":null,"formattedAvailabilityWindowShort":null,"image":{"portraitUrl":null,"landscapeUrl":"https:\/\/images.nlziet.nl\/metadataimportimages\/source\/1E3FB046E0A1974C407BACF7972ECCA673D35197A8A4F57D27246C756A70BB74.jpg"},"logo":{"normalUrl":"https:\/\/cdn.nlziet.nl\/static\/assets\/contentproviders\/npo.png","darkUrl":"https:\/\/cdn.nlziet.nl\/static\/assets\/contentproviders\/dark\/npo.png","flatUrl":"https:\/\/cdn.nlziet.nl\/static\/assets\/contentproviders\/flat\/npo.png"},"tags":[],"seriesId":"5Ys7Jwg3_EKAiS07ctyJhw"}]