[{"id":"-m0L5tUOtke_LwJB0Tr5-w","type":"Vod","title":"De proefkeuken","subtitle":"Potlood","description":"VPRO - Willem Voogd wil naar de kunstacademie en gaat aan de slag met een kunstwerk van potlood. Als zijn punt breekt besluiten Willem en Pieter Hulst om zelf een potlood te maken. Ze komen erachter dat een potlood niet van lood, maar van grafiet en klei wordt gemaakt. En voor het gummetje achterop het potlood gaat Pieter naar een kwekerij waar rubber uit Russische paardenbloemen wordt gehaald. Lukt het Willem om op tijd een nieuwe tekening te maken met zijn zelfgemaakte potlood?","formattedEpisodeNumbering":"S4:A8","formattedDate":"Zo 27 mei. 2018","formattedDateShort":"Mei. 2018","formattedTime":"09:30","formattedDuration":"24m","formattedAvailabilityWindow":null,"formattedAvailabilityWindowShort":null,"image":{"portraitUrl":null,"landscapeUrl":"https:\/\/images.nlziet.nl\/metadataimportimages\/source\/30723E89A39D95D8A777A7F8CCA7D4967E160929EEED366FEA060F7EF377539D.jpg"},"logo":{"normalUrl":"https:\/\/cdn.nlziet.nl\/static\/assets\/contentproviders\/npo.png","darkUrl":"https:\/\/cdn.nlziet.nl\/static\/assets\/contentproviders\/dark\/npo.png","flatUrl":"https:\/\/cdn.nlziet.nl\/static\/assets\/contentproviders\/flat\/npo.png"},"tags":[],"seriesId":"7prtXvf9wkyY3ry-8KQESg"},{"id":"4--24MFtjka6lUy4sgyprA","type":"Vod","title":"De proefkeuken","subtitle":"Speaker","description":"VPRO - Pieter Hulst en Willem Voogd bouwen een megagrote speaker. Met een hele sterke magneet, veel koperdraad en karton maken ze een \"cone\" die geluidsgolven cre\u00ebert. Voor de perfecte Proefkeuken-beats gaat Pieter langs bij producer Brownie Dutch. Samen produceren ze een hele vette track.","formattedEpisodeNumbering":"S4:A7","formattedDate":"Zo 20 mei. 2018","formattedDateShort":"Mei. 2018","formattedTime":"09:25","formattedDuration":"22m","formattedAvailabilityWindow":null,"formattedAvailabilityWindowShort":null,"image":{"portraitUrl":null,"landscapeUrl":"https:\/\/images.nlziet.nl\/metadataimportimages\/source\/8A80A2A560A37B4AE0B6DB5682E0B29615E908F60F0AF5C547DD9CF5CEAAFB13.jpg"},"logo":{"normalUrl":"https:\/\/cdn.nlziet.nl\/static\/assets\/contentproviders\/npo.png","darkUrl":"https:\/\/cdn.nlziet.nl\/static\/assets\/contentproviders\/dark\/npo.png","flatUrl":"https:\/\/cdn.nlziet.nl\/static\/assets\/contentproviders\/flat\/npo.png"},"tags":[],"seriesId":"7prtXvf9wkyY3ry-8KQESg"},{"id":"A46BYTYyHEKR-duqYJN0VA","type":"Vod","title":"De proefkeuken","subtitle":"Figuurworst","description":"VPRO - Waarom passen plakjes worst nooit goed op je boterham? Willem Voogd en Pieter Hulst besluiten een figuurworst te maken met exact dezelfde vorm als een snee brood. Pieter gaat naar de slachterij om varkensvlees te halen, ze laten een mal in de juiste vorm lassen, zorgen ervoor dat het vlees een mooie kleur krijgt en plakken het vlees aan elkaar met heuse vleeslijm. Maar welk figuurtje moet er nou op de worst komen te staan?","formattedEpisodeNumbering":"S4:A6","formattedDate":"Zo 13 mei. 2018","formattedDateShort":"Mei. 2018","formattedTime":"09:45","formattedDuration":"24m","formattedAvailabilityWindow":null,"formattedAvailabilityWindowShort":null,"image":{"portraitUrl":null,"landscapeUrl":"https:\/\/images.nlziet.nl\/metadataimportimages\/source\/910C0C486D4D77F86258B3F8BA332E616089AEC3023D35360CA9DB876D598463.jpg"},"logo":{"normalUrl":"https:\/\/cdn.nlziet.nl\/static\/assets\/contentproviders\/npo.png","darkUrl":"https:\/\/cdn.nlziet.nl\/static\/assets\/contentproviders\/dark\/npo.png","flatUrl":"https:\/\/cdn.nlziet.nl\/static\/assets\/contentproviders\/flat\/npo.png"},"tags":[],"seriesId":"7prtXvf9wkyY3ry-8KQESg"},{"id":"nM4GoFsR7ECVGOwJMDkYhg","type":"Vod","title":"De proefkeuken","subtitle":"Patatje oorlog","description":"VPRO - Pieter Hulst en Willem Voogd willen patatje oorlog eten, of noem je het toch een frietje oorlog? Om friet, of patat, te maken hebben ze aardappelen en frituurvet nodig. Voor hun perfecte patatje oorlog haalt Pieter de juiste ingredi\u00ebnten om mayonaise en pindasaus van te maken. En uiteraard mag een uitje ook niet ontbreken. Oorlog in een plastic bakje.","formattedEpisodeNumbering":"S4:A5","formattedDate":"Zo 6 mei. 2018","formattedDateShort":"Mei. 2018","formattedTime":"09:40","formattedDuration":"25m","formattedAvailabilityWindow":null,"formattedAvailabilityWindowShort":null,"image":{"portraitUrl":null,"landscapeUrl":"https:\/\/images.nlziet.nl\/metadataimportimages\/source\/118B06BAB96ECAE53A5EFD4946E23D66774C5EBD6161FA3C3899CC6F4F83BBC8.jpg"},"logo":{"normalUrl":"https:\/\/cdn.nlziet.nl\/static\/assets\/contentproviders\/npo.png","darkUrl":"https:\/\/cdn.nlziet.nl\/static\/assets\/contentproviders\/dark\/npo.png","flatUrl":"https:\/\/cdn.nlziet.nl\/static\/assets\/contentproviders\/flat\/npo.png"},"tags":[],"seriesId":"7prtXvf9wkyY3ry-8KQESg"},{"id":"_dtna98jTkCTGBqN9WNWoQ","type":"Vod","title":"De proefkeuken","subtitle":"Zeep","description":"VPRO - Pieter Hulst en Willem Voogd gaan zeep maken zodat Willem schoon en gewassen naar de verjaardag van zijn oma kan. Ze ontdekken dat je vet en as nodig hebt om zeep te maken. Willem wil niet alleen schoon worden maar ook een zachte huid krijgen en ruiken naar zijn lievelingsgeur frikandel. Bovendien wil hij een zeep maken die lekker schuimt en dat alles nog heel snel, want de verjaardag van zijn oma is al aangebroken.","formattedEpisodeNumbering":"S4:A4","formattedDate":"Zo 22 apr. 2018","formattedDateShort":"Apr. 2018","formattedTime":"09:40","formattedDuration":"25m","formattedAvailabilityWindow":null,"formattedAvailabilityWindowShort":null,"image":{"portraitUrl":null,"landscapeUrl":"https:\/\/images.nlziet.nl\/metadataimportimages\/source\/BCBD59C7C16156B4ADE4120C65DF0242756E77F206A3AFBFF045F1252138706D.jpg"},"logo":{"normalUrl":"https:\/\/cdn.nlziet.nl\/static\/assets\/contentproviders\/npo.png","darkUrl":"https:\/\/cdn.nlziet.nl\/static\/assets\/contentproviders\/dark\/npo.png","flatUrl":"https:\/\/cdn.nlziet.nl\/static\/assets\/contentproviders\/flat\/npo.png"},"tags":[],"seriesId":"7prtXvf9wkyY3ry-8KQESg"},{"id":"4D-qaoBN3kut-V0_-M_VKQ","type":"Vod","title":"De proefkeuken","subtitle":"Vegetarische kalkoen","description":"VPRO - Voor een speciale barbecue moeten Willem Voogd en Pieter Hulst een kalkoen aan het spit regelen. Pieter komt met een levende kalkoen aanzetten, maar Willem vindt het toch maar zielig die te slachten. De oplossing? Een vegetarische kalkoen. Veel vegetarisch vlees wordt van sojabonen gemaakt. Maar hoe maak je van bonen vlees? En hoe geef je het de smaak van een lekkere gebraden kalkoen?","formattedEpisodeNumbering":"S4:A3","formattedDate":"Zo 15 apr. 2018","formattedDateShort":"Apr. 2018","formattedTime":"09:40","formattedDuration":"25m","formattedAvailabilityWindow":null,"formattedAvailabilityWindowShort":null,"image":{"portraitUrl":null,"landscapeUrl":"https:\/\/images.nlziet.nl\/metadataimportimages\/source\/ACE56A6F4F63EAAE95419B2DFB5F06EE7BADDB85B048EEB9F0FE03F985F40619.jpg"},"logo":{"normalUrl":"https:\/\/cdn.nlziet.nl\/static\/assets\/contentproviders\/npo.png","darkUrl":"https:\/\/cdn.nlziet.nl\/static\/assets\/contentproviders\/dark\/npo.png","flatUrl":"https:\/\/cdn.nlziet.nl\/static\/assets\/contentproviders\/flat\/npo.png"},"tags":[],"seriesId":"7prtXvf9wkyY3ry-8KQESg"},{"id":"p87Kx-Vg6UW1O_Tk9WPW_g","type":"Vod","title":"De proefkeuken","subtitle":"Wc-papier","description":"VPRO - Willem Voogd zit op de wc en komt erachter dat er nog maar een papiertje aan de wc-rol zit. Willem en Pieter Hulst besluiten om zelf wc-papier te maken. Voor papier heb je hout nodig. Maar hoe maak je zachte velletjes van een keiharde boomstam? Pieter gaat in de leer bij de molenaar van een oude papiermolen en ze zoeken uit hoe je wc-papier lekker zacht en soepel maakt. Want Willem wil uiteraard alleen het beste voor zijn billen.","formattedEpisodeNumbering":"S4:A2","formattedDate":"Zo 29 apr. 2018","formattedDateShort":"Apr. 2018","formattedTime":"09:40","formattedDuration":"25m","formattedAvailabilityWindow":null,"formattedAvailabilityWindowShort":null,"image":{"portraitUrl":null,"landscapeUrl":"https:\/\/images.nlziet.nl\/metadataimportimages\/source\/458F58927371C70883B789736FD017F65F68FDFCB0B0F47034B8AA99D5CE1A06.jpg"},"logo":{"normalUrl":"https:\/\/cdn.nlziet.nl\/static\/assets\/contentproviders\/npo.png","darkUrl":"https:\/\/cdn.nlziet.nl\/static\/assets\/contentproviders\/dark\/npo.png","flatUrl":"https:\/\/cdn.nlziet.nl\/static\/assets\/contentproviders\/flat\/npo.png"},"tags":[],"seriesId":"7prtXvf9wkyY3ry-8KQESg"},{"id":"BYGdRW5Oy0meR-K7bnmK6Q","type":"Vod","title":"De proefkeuken","subtitle":"Taart","description":"VPRO - Pieter Hulst en Willem Voogd besluiten een verjaardagstaart te bakken. En daar is een hoop voor nodig! Ze karnen zure room tot boter, gaan op zoek naar verse aardbeien in de winter en ontdekken hoe je marsepein maakt. Maar voor wie is die taart nu eigenlijk?","formattedEpisodeNumbering":"S4:A1","formattedDate":"Zo 8 apr. 2018","formattedDateShort":"Apr. 2018","formattedTime":"09:40","formattedDuration":"25m","formattedAvailabilityWindow":null,"formattedAvailabilityWindowShort":null,"image":{"portraitUrl":null,"landscapeUrl":"https:\/\/images.nlziet.nl\/metadataimportimages\/source\/56DB31BA858D444052E52D9E1A1E9E014F6F55379DD355EB86A519DAEF85CAE4.jpg"},"logo":{"normalUrl":"https:\/\/cdn.nlziet.nl\/static\/assets\/contentproviders\/npo.png","darkUrl":"https:\/\/cdn.nlziet.nl\/static\/assets\/contentproviders\/dark\/npo.png","flatUrl":"https:\/\/cdn.nlziet.nl\/static\/assets\/contentproviders\/flat\/npo.png"},"tags":[],"seriesId":"7prtXvf9wkyY3ry-8KQESg"}]