[{"id":"2SIs-Xe3XUOJl0Km-0NdoA","type":"Vod","title":"Soundtrack van de Koude Oorlog","subtitle":"Soundtrack van de Koude Oorlog","description":"KRO-NCRV - Muziekkenner Leo Blokhuis maakt een spannende muzikale reis door de jaren van de Koude Oorlog. Vanuit een straaljagerhangar op Vliegbasis Soesterberg laat Leo met veelzeggende popsongs het sentiment in een gepolariseerde samenleving horen. Grote hits als '99 Luftballons', 'Nikita' en 'Wind of Change' komen voorbij. Ook Nederlandse bands als Doe Maar en Toontje Lager toonden zich maatschappijkritisch. Protestsongs als 'De Bom' en 'Over de Muur' behoren tot ons collectief geheugen. Leo wordt bijgestaan door muzikale alleskunners Ruben Hein en Ellen ten Damme.","formattedEpisodeNumbering":null,"formattedDate":"Za 1 jan.","formattedDateShort":"Za 1 jan.","formattedTime":"20:20","formattedDuration":"52m","formattedAvailabilityWindow":null,"formattedAvailabilityWindowShort":null,"image":{"portraitUrl":null,"landscapeUrl":"https:\/\/images.nlziet.nl\/metadataimportimages\/source\/E7EA9E7C9E2E1CC220E45F077B556869B9AE5155933EC20C7D3E85F0DCE14DFE.jpg"},"logo":{"normalUrl":"https:\/\/cdn.nlziet.nl\/static\/assets\/contentproviders\/npo.png","darkUrl":"https:\/\/cdn.nlziet.nl\/static\/assets\/contentproviders\/dark\/npo.png","flatUrl":"https:\/\/cdn.nlziet.nl\/static\/assets\/contentproviders\/flat\/npo.png"},"tags":[],"seriesId":"4FTn5RwTQUGJxj82ZRRsaQ"}]