[{"id":"mBv110xzYEquH8Qm9y2b3Q","type":"Vod","title":"Hoe mijn keurige ouders in de bak belandden","subtitle":"Wat is er met ons gebeurd?","description":"KRO-NCRV - De spanningen tussen Dani\u00ebl en Kim lopen zo hoog op dat er een rechter aan te pas moet komen. Ondertussen trekken Lizzy, Max en Lou hun eigen plan.","formattedEpisodeNumbering":"S1:A6","formattedDate":"Zo 2 mei. 2021","formattedDateShort":"Mei. 2021","formattedTime":"20:20","formattedDuration":"49m","formattedAvailabilityWindow":null,"formattedAvailabilityWindowShort":null,"image":{"portraitUrl":null,"landscapeUrl":"https:\/\/images.nlziet.nl\/metadataimportimages\/source\/A4628F4CA1D29DBBA4DB027B799BE6D5212205F8D69560BB106678A139A1B05A.jpg"},"logo":{"normalUrl":"https:\/\/cdn.nlziet.nl\/static\/assets\/contentproviders\/npo.png","darkUrl":"https:\/\/cdn.nlziet.nl\/static\/assets\/contentproviders\/dark\/npo.png","flatUrl":"https:\/\/cdn.nlziet.nl\/static\/assets\/contentproviders\/flat\/npo.png"},"tags":[],"seriesId":"4aK2cA4lbEyCgEMZ7xVEiw"},{"id":"j631zJyp9kOY0r5mY1nJug","type":"Vod","title":"Hoe mijn keurige ouders in de bak belandden","subtitle":"Nesten","description":"KRO-NCRV - Net als Dani\u00ebl en Kim het eens zijn over de scheiding komt er alsnog een kink in de kabel. Ondertussen neemt Lizzy een moeilijk besluit.","formattedEpisodeNumbering":"S1:A5","formattedDate":"Zo 25 apr. 2021","formattedDateShort":"Apr. 2021","formattedTime":"20:20","formattedDuration":"49m","formattedAvailabilityWindow":null,"formattedAvailabilityWindowShort":null,"image":{"portraitUrl":null,"landscapeUrl":"https:\/\/images.nlziet.nl\/metadataimportimages\/source\/F56B08174FA46A97F90618B3163F24A54A199455A7C098248E3CD62EB2F5899D.jpg"},"logo":{"normalUrl":"https:\/\/cdn.nlziet.nl\/static\/assets\/contentproviders\/npo.png","darkUrl":"https:\/\/cdn.nlziet.nl\/static\/assets\/contentproviders\/dark\/npo.png","flatUrl":"https:\/\/cdn.nlziet.nl\/static\/assets\/contentproviders\/flat\/npo.png"},"tags":[],"seriesId":"4aK2cA4lbEyCgEMZ7xVEiw"},{"id":"lrBI6JlZC0mo3IAZ8kAG7g","type":"Vod","title":"Hoe mijn keurige ouders in de bak belandden","subtitle":"Slagveld","description":"KRO-NCRV - Hoewel Dani\u00ebl het ontkent is Kim ervan overtuigd dat hij een ander heeft. Ondertussen worden Lizzy, Max en Lou heen en weer geslingerd.","formattedEpisodeNumbering":"S1:A4","formattedDate":"Zo 18 apr. 2021","formattedDateShort":"Apr. 2021","formattedTime":"20:20","formattedDuration":"49m","formattedAvailabilityWindow":null,"formattedAvailabilityWindowShort":null,"image":{"portraitUrl":null,"landscapeUrl":"https:\/\/images.nlziet.nl\/metadataimportimages\/source\/4B7566B23A81F5A15A50B7D38858F78E78BF91A7143365329CCB3819B5DED513.jpg"},"logo":{"normalUrl":"https:\/\/cdn.nlziet.nl\/static\/assets\/contentproviders\/npo.png","darkUrl":"https:\/\/cdn.nlziet.nl\/static\/assets\/contentproviders\/dark\/npo.png","flatUrl":"https:\/\/cdn.nlziet.nl\/static\/assets\/contentproviders\/flat\/npo.png"},"tags":[],"seriesId":"4aK2cA4lbEyCgEMZ7xVEiw"},{"id":"xDVW5m9Cf0Ot9op4a1owbQ","type":"Vod","title":"Hoe mijn keurige ouders in de bak belandden","subtitle":"Wij gaan dit goed doen","description":"KRO-NCRV - Dani\u00ebl wil het Lizzy, Max en Lou vertellen. Kim wil eerst alles op een rijtje zetten.","formattedEpisodeNumbering":"S1:A3","formattedDate":"Zo 11 apr. 2021","formattedDateShort":"Apr. 2021","formattedTime":"20:20","formattedDuration":"49m","formattedAvailabilityWindow":null,"formattedAvailabilityWindowShort":null,"image":{"portraitUrl":null,"landscapeUrl":"https:\/\/images.nlziet.nl\/metadataimportimages\/source\/3E686B528514E7726E668DE4A7BFB4BF1AD79DAA172FC9E0DD6BD10F1127B127.jpg"},"logo":{"normalUrl":"https:\/\/cdn.nlziet.nl\/static\/assets\/contentproviders\/npo.png","darkUrl":"https:\/\/cdn.nlziet.nl\/static\/assets\/contentproviders\/dark\/npo.png","flatUrl":"https:\/\/cdn.nlziet.nl\/static\/assets\/contentproviders\/flat\/npo.png"},"tags":[],"seriesId":"4aK2cA4lbEyCgEMZ7xVEiw"},{"id":"SBGz2KyqcECWrO9b_NmVuw","type":"Vod","title":"Hoe mijn keurige ouders in de bak belandden","subtitle":"In de war","description":"KRO-NCRV - Dani\u00ebl heeft aangegeven dat hij wil scheiden. Kim weet zeker dat het nog wel goedkomt.","formattedEpisodeNumbering":"S1:A2","formattedDate":"Zo 4 apr. 2021","formattedDateShort":"Apr. 2021","formattedTime":"20:20","formattedDuration":"49m","formattedAvailabilityWindow":null,"formattedAvailabilityWindowShort":null,"image":{"portraitUrl":null,"landscapeUrl":"https:\/\/images.nlziet.nl\/metadataimportimages\/source\/34011DD8CD99AEB38E67139336CB97D307EDB56986212F9169A00F7099C82F5B.jpg"},"logo":{"normalUrl":"https:\/\/cdn.nlziet.nl\/static\/assets\/contentproviders\/npo.png","darkUrl":"https:\/\/cdn.nlziet.nl\/static\/assets\/contentproviders\/dark\/npo.png","flatUrl":"https:\/\/cdn.nlziet.nl\/static\/assets\/contentproviders\/flat\/npo.png"},"tags":[],"seriesId":"4aK2cA4lbEyCgEMZ7xVEiw"},{"id":"NZrI968jPE6kYAzxQhGu5A","type":"Vod","title":"Hoe mijn keurige ouders in de bak belandden","subtitle":"Ik heb dit gemist","description":"KRO-NCRV - Dani\u00ebl en Kim Winkelman vormen met hun pubers Lizzy en Max en hun bijna-tiener Lou een perfect gezin. Tot Dani\u00ebl aankondigt dat hij wil scheiden. Het nieuws slaat in als een bom. Waarom heeft hij nooit iets gezegd? Heeft hij een ander? Kim probeert met man en macht haar huwelijk te redden, maar voor Dani\u00ebl is het te laat. De wederzijdse beschuldigingen worden steeds valser en zo kan het dat Dani\u00ebl en Kim in een ordinaire vechtscheiding terechtkomen, waarbij ze hun kinderen totaal uit het oog verliezen. Lizzy, Max en Lou zetten alles op alles om de strijd van hun ouders te stoppen. Want als ouders kinderen worden, kunnen kinderen niets anders dan de volwassenen zijn.","formattedEpisodeNumbering":"S1:A1","formattedDate":"Zo 28 mrt. 2021","formattedDateShort":"Mrt. 2021","formattedTime":"20:20","formattedDuration":"48m","formattedAvailabilityWindow":null,"formattedAvailabilityWindowShort":null,"image":{"portraitUrl":null,"landscapeUrl":"https:\/\/images.nlziet.nl\/metadataimportimages\/source\/9957D45CCF828383A29F75C3CBD46ED2623BE96E29A5633331F73A2410F21D3E.jpg"},"logo":{"normalUrl":"https:\/\/cdn.nlziet.nl\/static\/assets\/contentproviders\/npo.png","darkUrl":"https:\/\/cdn.nlziet.nl\/static\/assets\/contentproviders\/dark\/npo.png","flatUrl":"https:\/\/cdn.nlziet.nl\/static\/assets\/contentproviders\/flat\/npo.png"},"tags":[],"seriesId":"4aK2cA4lbEyCgEMZ7xVEiw"}]