[{"id":"SOCo_QolMECN6zgdE2qxog","type":"Vod","title":"3 op Reis Midweek","subtitle":"Underdogs (5\/5)","description":"BNNVARA - Deze hele week komen de beste thema's van het afgelopen jaar voorbij. Dit keer: de underdog. En daarom is Lex in Bordeaux, om deze minder bekende stad naar voren te schuiven. Hij bezoekt de hippe broedplek Darwin, dat het stoffige imago van Bordeaux goed weet op te krikken. We blikken terug op Chris die in Japan culturele hoofdstad Kyoto inruilt voor diens zusje Little Kyoto, en op Nienke, die in Sevilla geheime flamenco-locaties ontdekt.","formattedEpisodeNumbering":null,"formattedDate":"Do 14 dec. 2017","formattedDateShort":"Dec. 2017","formattedTime":"19:50","formattedDuration":"25m","formattedAvailabilityWindow":null,"formattedAvailabilityWindowShort":null,"image":{"portraitUrl":null,"landscapeUrl":"https:\/\/images.nlziet.nl\/metadataimportimages\/source\/58EAFD9630857432B1C16B8C344C5F93A4865D364476E3DD6991429DBE29DFA4.jpg"},"logo":{"normalUrl":"https:\/\/cdn.nlziet.nl\/static\/assets\/contentproviders\/npo.png","darkUrl":"https:\/\/cdn.nlziet.nl\/static\/assets\/contentproviders\/dark\/npo.png","flatUrl":"https:\/\/cdn.nlziet.nl\/static\/assets\/contentproviders\/flat\/npo.png"},"tags":[],"seriesId":"8Ay4MVxEUUqpVng-CO_Dew"},{"id":"H6g0iHgsdkeb74pYGFTqyg","type":"Vod","title":"3 op Reis Midweek","subtitle":"M\u00e9diterran\u00e9e (5\/5)","description":"BNNVARA - Deze hele week komen de beste thema's van het afgelopen jaar voorbij. Vandaag staat in het teken van de M\u00e9diterran\u00e9e. Daarom is Sahil op een cruiseschip gesprongen dat over de Middellandse Zee vaart. Hij verkent het cruiseschip en laat zien welke bijzondere en soms ietwat rare dingen je op zo'n groot schip tegenkomt. We blikken terug op Dennis die in Tel Aviv is, en op Daphne die een onbekend eiland voor de kust van Sicili\u00eb bezoekt.","formattedEpisodeNumbering":null,"formattedDate":"Wo 13 dec. 2017","formattedDateShort":"Dec. 2017","formattedTime":"19:50","formattedDuration":"25m","formattedAvailabilityWindow":null,"formattedAvailabilityWindowShort":null,"image":{"portraitUrl":null,"landscapeUrl":"https:\/\/images.nlziet.nl\/metadataimportimages\/source\/2530BBA2CB61D04E6A87259C756CC5ABFB5710CAA91C7F0234FF6B1C3E7897E8.jpg"},"logo":{"normalUrl":"https:\/\/cdn.nlziet.nl\/static\/assets\/contentproviders\/npo.png","darkUrl":"https:\/\/cdn.nlziet.nl\/static\/assets\/contentproviders\/dark\/npo.png","flatUrl":"https:\/\/cdn.nlziet.nl\/static\/assets\/contentproviders\/flat\/npo.png"},"tags":[],"seriesId":"8Ay4MVxEUUqpVng-CO_Dew"},{"id":"lZmmymJE7kqI0zsKyAf55g","type":"Vod","title":"3 op Reis Midweek","subtitle":"Adrenaline (5\/5)","description":"BNNVARA - Deze hele week komen de beste thema's van het afgelopen jaar voorbij. Vandaag staat in het teken van adrenaline, en daarom reist Nienke door Zwitserland, op zoek naar het extreme! Ze bezoekt de wijngaarden van Lavaux, en sluit haar adrenaline-trip al wakeboardend en waterski\u00ebnd af op het Meer van Gen\u00e8ve. We blikken terug op Maurice die op wildlife safari gaat in Oeganda, en op Geraldine die zich in Nieuw-Zeeland verplaatst met een helikopter en een powerboat.","formattedEpisodeNumbering":null,"formattedDate":"Di 12 dec. 2017","formattedDateShort":"Dec. 2017","formattedTime":"19:50","formattedDuration":"25m","formattedAvailabilityWindow":null,"formattedAvailabilityWindowShort":null,"image":{"portraitUrl":null,"landscapeUrl":"https:\/\/images.nlziet.nl\/metadataimportimages\/source\/0ED1642810890C10970EC90EE8F0A59035D0424BA75316A50349C602AE8AF8D0.jpg"},"logo":{"normalUrl":"https:\/\/cdn.nlziet.nl\/static\/assets\/contentproviders\/npo.png","darkUrl":"https:\/\/cdn.nlziet.nl\/static\/assets\/contentproviders\/dark\/npo.png","flatUrl":"https:\/\/cdn.nlziet.nl\/static\/assets\/contentproviders\/flat\/npo.png"},"tags":[],"seriesId":"8Ay4MVxEUUqpVng-CO_Dew"},{"id":"LAyOvEq6O02Epki_BS1bzQ","type":"Vod","title":"3 op Reis Midweek","subtitle":"Noord-Europa (5\/5)","description":"BNNVARA - Deze hele week komen de beste thema's van het afgelopen jaar voorbij. Te beginnen met Noord-Europa: in Noorwegen pakt Gwen de ferry om te gaan wildkamperen. Een nationale hobby van de Noren. Dit doet ze op een eilandje vlakbij Oslo. Hier gooit ze ook haar hengel uit. Want vissen doen de Noren ook graag. We blikken terug op Dennis die in Zweden in een UFO boomhut slaapt, en op Floortje die in Letland een dag aan het strand doorbrengt.","formattedEpisodeNumbering":null,"formattedDate":"Ma 11 dec. 2017","formattedDateShort":"Dec. 2017","formattedTime":"19:50","formattedDuration":"24m","formattedAvailabilityWindow":null,"formattedAvailabilityWindowShort":null,"image":{"portraitUrl":null,"landscapeUrl":"https:\/\/images.nlziet.nl\/metadataimportimages\/source\/523D8614CACD9D88D20AF26768E43D08A742910FBE6B2EC7E67368CEE0CEA3AA.jpg"},"logo":{"normalUrl":"https:\/\/cdn.nlziet.nl\/static\/assets\/contentproviders\/npo.png","darkUrl":"https:\/\/cdn.nlziet.nl\/static\/assets\/contentproviders\/dark\/npo.png","flatUrl":"https:\/\/cdn.nlziet.nl\/static\/assets\/contentproviders\/flat\/npo.png"},"tags":[],"seriesId":"8Ay4MVxEUUqpVng-CO_Dew"},{"id":"6dJLD1_HYECRxXIKBu-W4Q","type":"Vod","title":"3 op Reis Midweek","subtitle":"Eilanden (5\/5)","description":"BNNVARA - Deze hele week staat in het teken van eilanden en daarom is Kaj op \u00e9\u00e9n van de mooiste eilanden ter wereld: IJsland. Landbouw is de belangrijkste inkomstenbron van IJsland, en dus loopt Kaj een dagje mee op een echte IJslandse boerderij. We blikken terug op Geraldine die op Madagaskar in een waanzinnig natuurpark kampeert, en op Floortje die \u00e9\u00e9n van de meest afgelegen eilanden ter wereld bezoekt: Amsterdam Eiland.","formattedEpisodeNumbering":null,"formattedDate":"Vr 8 dec. 2017","formattedDateShort":"Dec. 2017","formattedTime":"19:50","formattedDuration":"24m","formattedAvailabilityWindow":null,"formattedAvailabilityWindowShort":null,"image":{"portraitUrl":null,"landscapeUrl":"https:\/\/images.nlziet.nl\/metadataimportimages\/source\/93C834206A1641513FB5A8801BB6A0F0CCB63135EEA48BE1A51D58AB486A6367.jpg"},"logo":{"normalUrl":"https:\/\/cdn.nlziet.nl\/static\/assets\/contentproviders\/npo.png","darkUrl":"https:\/\/cdn.nlziet.nl\/static\/assets\/contentproviders\/dark\/npo.png","flatUrl":"https:\/\/cdn.nlziet.nl\/static\/assets\/contentproviders\/flat\/npo.png"},"tags":[],"seriesId":"8Ay4MVxEUUqpVng-CO_Dew"},{"id":"uVpwp4H1cE69xFxJniFZKw","type":"Vod","title":"3 op Reis Midweek","subtitle":"Eilanden (4\/5)","description":"BNNVARA - Deze hele week staat in het teken van eilanden en daarom is Kaj op \u00e9\u00e9n van de mooiste eilanden ter wereld: IJsland. Vandaag crosst hij met een buggy door prachtige landschappen en snorkelt hij tussen twee continenten in. We blikken terug op Evi die het meest zuidelijke puntje van Europa bezoekt: het Griekse eiland Gavdos en op Geraldine die een duik neemt in het water van het meest paradijselijke plekje op aarde: Iles de Pins op Nieuw-Caledoni\u00eb.","formattedEpisodeNumbering":null,"formattedDate":"Do 7 dec. 2017","formattedDateShort":"Dec. 2017","formattedTime":"19:50","formattedDuration":"25m","formattedAvailabilityWindow":null,"formattedAvailabilityWindowShort":null,"image":{"portraitUrl":null,"landscapeUrl":"https:\/\/images.nlziet.nl\/metadataimportimages\/source\/A52C02618045FE5D72629E948BC3F1E62FCBFF62F572E7BFD73749195EC8E61B.jpg"},"logo":{"normalUrl":"https:\/\/cdn.nlziet.nl\/static\/assets\/contentproviders\/npo.png","darkUrl":"https:\/\/cdn.nlziet.nl\/static\/assets\/contentproviders\/dark\/npo.png","flatUrl":"https:\/\/cdn.nlziet.nl\/static\/assets\/contentproviders\/flat\/npo.png"},"tags":[],"seriesId":"8Ay4MVxEUUqpVng-CO_Dew"},{"id":"x302czLgHU-Iyw6RRXnIOw","type":"Vod","title":"3 op Reis Midweek","subtitle":"Eilanden (3\/5)","description":"BNNVARA - Deze hele week staat in het teken van eilanden en daarom is Kaj op IJsland. H\u00e9t eiland van gletsjers en vulkanen maar ook van de Vikingen. En dus duikt Kaj in de wereld van de 'blacksmiths' en maakt hij zijn eigen Vikingwapen. Ook krijgt hij een spoedcursus Viking vechten. We blikken terug op Floortje die de Malediven bezoekt, maar niet het meest voor de hand liggende eiland: namelijk Rubbish Island waar al het afval wordt verwerkt. En een terugblik op Dennis die in Australi\u00eb probeert een echte Aboriginalhunter te worden.","formattedEpisodeNumbering":null,"formattedDate":"Wo 6 dec. 2017","formattedDateShort":"Dec. 2017","formattedTime":"19:50","formattedDuration":"25m","formattedAvailabilityWindow":null,"formattedAvailabilityWindowShort":null,"image":{"portraitUrl":null,"landscapeUrl":"https:\/\/images.nlziet.nl\/metadataimportimages\/source\/F9563E1DA262C7E762FE6ADEE882C06D5B3EBE921785970D4B4D267DC23EC9C3.jpg"},"logo":{"normalUrl":"https:\/\/cdn.nlziet.nl\/static\/assets\/contentproviders\/npo.png","darkUrl":"https:\/\/cdn.nlziet.nl\/static\/assets\/contentproviders\/dark\/npo.png","flatUrl":"https:\/\/cdn.nlziet.nl\/static\/assets\/contentproviders\/flat\/npo.png"},"tags":[],"seriesId":"8Ay4MVxEUUqpVng-CO_Dew"},{"id":"xw3J_qe9pke2qSvFeUuFnQ","type":"Vod","title":"3 op Reis Midweek","subtitle":"Eilanden (2\/5)","description":"BNNVARA - Deze hele week staat in het teken van eilanden en daarom is Kaj op \u00e9\u00e9n van de mooiste eilanden ter wereld: IJsland. Hij bezoekt de Westman Eilanden, een archipel van vijftien eilanden waar een hechte gemeenschap woont. Hier loopt hij een dagje mee met bierbrouwer Johann, om samen een typisch IJslands biertje te brouwen en een vulkaan te beklimmen. We blikken terug op Dennis die op Hawaii een vulkaan bekijkt en op Chris die in Japan \u00e9\u00e9n van de bizarste spookeilanden ter wereld bezoekt: Hashima Island.","formattedEpisodeNumbering":null,"formattedDate":"Di 5 dec. 2017","formattedDateShort":"Dec. 2017","formattedTime":"19:50","formattedDuration":"25m","formattedAvailabilityWindow":null,"formattedAvailabilityWindowShort":null,"image":{"portraitUrl":null,"landscapeUrl":"https:\/\/images.nlziet.nl\/metadataimportimages\/source\/53C55D7C4966FA293855B30303CAD702CECBB5CFC2E759AE80E4B150FF83160B.jpg"},"logo":{"normalUrl":"https:\/\/cdn.nlziet.nl\/static\/assets\/contentproviders\/npo.png","darkUrl":"https:\/\/cdn.nlziet.nl\/static\/assets\/contentproviders\/dark\/npo.png","flatUrl":"https:\/\/cdn.nlziet.nl\/static\/assets\/contentproviders\/flat\/npo.png"},"tags":[],"seriesId":"8Ay4MVxEUUqpVng-CO_Dew"},{"id":"HRqjX21B-kCG9IN5GGX0KA","type":"Vod","title":"3 op Reis Midweek","subtitle":"Eilanden (1\/5)","description":"BNNVARA - Deze hele week staat in het teken van eilanden en daarom is Kaj op IJsland. H\u00e9t eiland van gletsjers en vulkanen, maar ook van de sterke mannen. Daarom bezoekt hij vandaag de viervoudig wereldkampioen sterkste man ter wereld. We blikken terug op Evi, die op de Azoren een verlaten hotel vindt, en op Floortje die in Japan op een eiland de oudste mensen ter wereld bezoekt.","formattedEpisodeNumbering":null,"formattedDate":"Ma 4 dec. 2017","formattedDateShort":"Dec. 2017","formattedTime":"19:55","formattedDuration":"25m","formattedAvailabilityWindow":null,"formattedAvailabilityWindowShort":null,"image":{"portraitUrl":null,"landscapeUrl":"https:\/\/images.nlziet.nl\/metadataimportimages\/source\/E8C3B28CD839BF252A51240E6D0CA834265EBBD3997BF8A35420AB1ACE3E9518.jpg"},"logo":{"normalUrl":"https:\/\/cdn.nlziet.nl\/static\/assets\/contentproviders\/npo.png","darkUrl":"https:\/\/cdn.nlziet.nl\/static\/assets\/contentproviders\/dark\/npo.png","flatUrl":"https:\/\/cdn.nlziet.nl\/static\/assets\/contentproviders\/flat\/npo.png"},"tags":[],"seriesId":"8Ay4MVxEUUqpVng-CO_Dew"},{"id":"iJ52Tx04i0i1iPfzHewS0g","type":"Vod","title":"3 op Reis Midweek","subtitle":"Urban Jungle (5\/5)","description":"BNNVARA - Deze hele week staat in het teken van de 'urban jungle' en daarom is Emma in Berlijn. Ze gaat helemaal alleen op pad en sluipt naar binnen bij een oude cementfabriek die de nazi's later gebruikten om bauxiet te produceren. We blikken terug op Dennis die in Hong Kong een architect bezoekt die een oplossing heeft voor het tekort aan ruimte in deze urban jungle: hij kan zijn kleine appartement in 24 kamers veranderen. En een terugblik op Maurice die op een brommer in Oeganda door de urban jungle van hoofdstad Kampala crosst.","formattedEpisodeNumbering":null,"formattedDate":"Vr 1 dec. 2017","formattedDateShort":"Dec. 2017","formattedTime":"19:50","formattedDuration":"24m","formattedAvailabilityWindow":null,"formattedAvailabilityWindowShort":null,"image":{"portraitUrl":null,"landscapeUrl":"https:\/\/images.nlziet.nl\/metadataimportimages\/source\/C23BEA3DA76AC49D7218F76D7E2EDC8E4D07CC03F57CE098A727FC7B629B72C4.jpg"},"logo":{"normalUrl":"https:\/\/cdn.nlziet.nl\/static\/assets\/contentproviders\/npo.png","darkUrl":"https:\/\/cdn.nlziet.nl\/static\/assets\/contentproviders\/dark\/npo.png","flatUrl":"https:\/\/cdn.nlziet.nl\/static\/assets\/contentproviders\/flat\/npo.png"},"tags":[],"seriesId":"8Ay4MVxEUUqpVng-CO_Dew"},{"id":"l-Z4tJwb7kqhKePvCNZIFg","type":"Vod","title":"3 op Reis Midweek","subtitle":"Urban Jungle (4\/5)","description":"BNNVARA - Deze hele week staat in het teken van de 'urban jungle' en daarom is Emma in Berlijn. Ze gaat 'urbexen' (urban exploring). Samen met urbexer Emma bezoekt ze een oude kledingfabriek waar de nazi's hun uniformen maakten. We blikken terug op Floortje die in d\u00e9 stad is als het gaat om leegstand en verpaupering: Detroit. En op Jan die aan het urbexen is in Frankrijk, dat bijna verkeerd afloopt.","formattedEpisodeNumbering":null,"formattedDate":"Do 30 nov. 2017","formattedDateShort":"Nov. 2017","formattedTime":"19:50","formattedDuration":"24m","formattedAvailabilityWindow":null,"formattedAvailabilityWindowShort":null,"image":{"portraitUrl":null,"landscapeUrl":"https:\/\/images.nlziet.nl\/metadataimportimages\/source\/A79EDE0011932B3B0B5F1DA078B1ACBBF7BD739930091874257F81B44BA3A44F.jpg"},"logo":{"normalUrl":"https:\/\/cdn.nlziet.nl\/static\/assets\/contentproviders\/npo.png","darkUrl":"https:\/\/cdn.nlziet.nl\/static\/assets\/contentproviders\/dark\/npo.png","flatUrl":"https:\/\/cdn.nlziet.nl\/static\/assets\/contentproviders\/flat\/npo.png"},"tags":[],"seriesId":"8Ay4MVxEUUqpVng-CO_Dew"},{"id":"f8sTybtmVU6C_g3RFiNU8A","type":"Vod","title":"3 op Reis Midweek","subtitle":"Urban Jungle (3\/5)","description":"BNNVARA - Deze hele week staat het programma in het teken van de 'urban jungle', en daarom is Emma in Berlijn. Vandaag bezoekt ze een oude Stasi gevangenis waar een ex-gevangene haar rondleidt. En ze beklimt de Teufelsberg, een voormalig afluisterstation van de Amerikanen, gebouwd op oorlogspuin uit de Tweede Wereldoorlog. We blikken terug op Geraldine die de 'ijzeren stad' bezoekt waar nu ieder jaar haar favoriete festival plaats vindt. En op Floortje die in Noord-Korea middenin een stad onverwachts een groot pretpark tegenkomt, iets wat je daar totaal niet zou verwachten.","formattedEpisodeNumbering":null,"formattedDate":"Wo 29 nov. 2017","formattedDateShort":"Nov. 2017","formattedTime":"19:50","formattedDuration":"25m","formattedAvailabilityWindow":null,"formattedAvailabilityWindowShort":null,"image":{"portraitUrl":null,"landscapeUrl":"https:\/\/images.nlziet.nl\/metadataimportimages\/source\/320E800FB679B6E56E47833EBD1C78FB8C750C2C26087FD407F1B9781D11172C.jpg"},"logo":{"normalUrl":"https:\/\/cdn.nlziet.nl\/static\/assets\/contentproviders\/npo.png","darkUrl":"https:\/\/cdn.nlziet.nl\/static\/assets\/contentproviders\/dark\/npo.png","flatUrl":"https:\/\/cdn.nlziet.nl\/static\/assets\/contentproviders\/flat\/npo.png"},"tags":[],"seriesId":"8Ay4MVxEUUqpVng-CO_Dew"},{"id":"01i8jCyWnESOAEIXQUHgcQ","type":"Vod","title":"3 op Reis Midweek","subtitle":"Urban Jungle (2\/5)","description":"BNNVARA - Deze hele week staat in het teken van de 'urban jungle', en daarom is Emma in Berlijn. Vandaag gaat ze op ontdekking in een verlaten ziekenhuis waar Hitler ooit nog is behandeld. We blikken terug op Floortje die een super commerci\u00eble urban jungle bezoekt: het allergrootste winkelcentrum ter wereld. En op Dennis die zich in miljoenenstad Jakarta een weg probeert te banen door de drukste spits van de wereld.","formattedEpisodeNumbering":null,"formattedDate":"Di 28 nov. 2017","formattedDateShort":"Nov. 2017","formattedTime":"19:50","formattedDuration":"24m","formattedAvailabilityWindow":null,"formattedAvailabilityWindowShort":null,"image":{"portraitUrl":null,"landscapeUrl":"https:\/\/images.nlziet.nl\/metadataimportimages\/source\/A3539862A5DDC1E2C408814BC2F3D020A0DDB1C178322EF9209AA9C95B72140E.jpg"},"logo":{"normalUrl":"https:\/\/cdn.nlziet.nl\/static\/assets\/contentproviders\/npo.png","darkUrl":"https:\/\/cdn.nlziet.nl\/static\/assets\/contentproviders\/dark\/npo.png","flatUrl":"https:\/\/cdn.nlziet.nl\/static\/assets\/contentproviders\/flat\/npo.png"},"tags":[],"seriesId":"8Ay4MVxEUUqpVng-CO_Dew"},{"id":"Ey7qwi4DpkiMXxhc5q38hA","type":"Vod","title":"3 op Reis Midweek","subtitle":"Urban Jungle (1\/5)","description":"BNNVARA - Deze hele week staat het programma in het teken van de 'urban jungle', en daarom is Emma in Berlijn. Ze begint haar week met een tour door de stad samen met gids Pedro. Hij laat haar bijzondere kunst en street art zien, en ze belanden op een onverwachtse techno party, waar Berlijn zo bekend om staat. We blikken terug op Dennis die in Australi\u00eb een kunstenaar bezoekt die een urban jungle in zijn achtertuin heeft gebouwd, en op Nienke die in Bristol op zoek gaat naar het laatste werk van graffiti artiest Banksy.","formattedEpisodeNumbering":null,"formattedDate":"Ma 27 nov. 2017","formattedDateShort":"Nov. 2017","formattedTime":"19:50","formattedDuration":"25m","formattedAvailabilityWindow":null,"formattedAvailabilityWindowShort":null,"image":{"portraitUrl":null,"landscapeUrl":"https:\/\/images.nlziet.nl\/metadataimportimages\/source\/CF65BD052B74161EC66CDF060AC273D28A7B9E820A18CD032C1DF0481D84F302.jpg"},"logo":{"normalUrl":"https:\/\/cdn.nlziet.nl\/static\/assets\/contentproviders\/npo.png","darkUrl":"https:\/\/cdn.nlziet.nl\/static\/assets\/contentproviders\/dark\/npo.png","flatUrl":"https:\/\/cdn.nlziet.nl\/static\/assets\/contentproviders\/flat\/npo.png"},"tags":[],"seriesId":"8Ay4MVxEUUqpVng-CO_Dew"},{"id":"_O5r6cR0TkaU0a7qvPaI0g","type":"Vod","title":"3 op Reis Midweek","subtitle":"Roadtrip (5\/5)","description":"BNNVARA - De hele week staat in het teken van de roadtrip en daarom verkent Maurice in een oude Mercedes het noordwesten van Marokko. Maurice verkent zijn laatste bestemming van zijn roadtrip: de stad Rabat. We blikken terug op Chris die tijdens zijn roadtrip door de USA een bijzondere stop maakt in The Great Salt Lake Desert. En op Floortje die aan het rijden is van Amsterdam naar Beijing en bijna bij haar eindbestemming is.","formattedEpisodeNumbering":null,"formattedDate":"Vr 24 nov. 2017","formattedDateShort":"Nov. 2017","formattedTime":"19:50","formattedDuration":"25m","formattedAvailabilityWindow":null,"formattedAvailabilityWindowShort":null,"image":{"portraitUrl":null,"landscapeUrl":"https:\/\/images.nlziet.nl\/metadataimportimages\/source\/575BF6725721D6D2AB9AB9AC2D727A02B2221F835AC2D7BC1FEC695F2D7D2006.jpg"},"logo":{"normalUrl":"https:\/\/cdn.nlziet.nl\/static\/assets\/contentproviders\/npo.png","darkUrl":"https:\/\/cdn.nlziet.nl\/static\/assets\/contentproviders\/dark\/npo.png","flatUrl":"https:\/\/cdn.nlziet.nl\/static\/assets\/contentproviders\/flat\/npo.png"},"tags":[],"seriesId":"8Ay4MVxEUUqpVng-CO_Dew"},{"id":"wF_p3hfkXE20v0sTewIlUA","type":"Vod","title":"3 op Reis Midweek","subtitle":"Roadtrip (4\/5)","description":"BNNVARA - De hele week staat in het teken van de roadtrip en daarom verkent Maurice in een oude Mercedes het noordwesten van Marokko. Maurice is de hele dag onderweg naar zijn eindbestemming voor vandaag: Rabat. Onderweg heeft hij bijzondere ontmoetingen en komt hij erachter waar oude auto's nog meer voor worden ingezet in Marokko. We blikken terug op Dennis die door de zandduinen van Oman moet crossen om bij zijn slaapplek te komen en op Floortje die aan het roadtrippen is van Amsterdam naar Beijing.","formattedEpisodeNumbering":null,"formattedDate":"Do 23 nov. 2017","formattedDateShort":"Nov. 2017","formattedTime":"19:50","formattedDuration":"25m","formattedAvailabilityWindow":null,"formattedAvailabilityWindowShort":null,"image":{"portraitUrl":null,"landscapeUrl":"https:\/\/images.nlziet.nl\/metadataimportimages\/source\/B246460D5753FB85D8B72FC2617806FC9ED78466D646E7B7F20D2AA2E4E91E94.jpg"},"logo":{"normalUrl":"https:\/\/cdn.nlziet.nl\/static\/assets\/contentproviders\/npo.png","darkUrl":"https:\/\/cdn.nlziet.nl\/static\/assets\/contentproviders\/dark\/npo.png","flatUrl":"https:\/\/cdn.nlziet.nl\/static\/assets\/contentproviders\/flat\/npo.png"},"tags":[],"seriesId":"8Ay4MVxEUUqpVng-CO_Dew"},{"id":"aOCJuXgO-U6T1iEa_QDD1Q","type":"Vod","title":"3 op Reis Midweek","subtitle":"Roadtrip (3\/5)","description":"BNNVARA - De hele week staat in het teken van de roadtrip en daarom verkent Maurice in een oude Mercedes het noordwesten van Marokko. Maurice komt aan in koningsstad Fez, waar hij op pad gaat in de indrukwekkende medina. We blikken terug op Floortje die aan een immense roadtrip bezig is: al rijdend van Amsterdam naar Beijing. En op Chris die offroad gaat in het woestijnlandschap van de Canyons in de USA.","formattedEpisodeNumbering":null,"formattedDate":"Wo 22 nov. 2017","formattedDateShort":"Nov. 2017","formattedTime":"19:50","formattedDuration":"25m","formattedAvailabilityWindow":null,"formattedAvailabilityWindowShort":null,"image":{"portraitUrl":null,"landscapeUrl":"https:\/\/images.nlziet.nl\/metadataimportimages\/source\/B402C6817B62D6F72B37F16BDB0F8CD963AFE58F6757444132FA5938214C43ED.jpg"},"logo":{"normalUrl":"https:\/\/cdn.nlziet.nl\/static\/assets\/contentproviders\/npo.png","darkUrl":"https:\/\/cdn.nlziet.nl\/static\/assets\/contentproviders\/dark\/npo.png","flatUrl":"https:\/\/cdn.nlziet.nl\/static\/assets\/contentproviders\/flat\/npo.png"},"tags":[],"seriesId":"8Ay4MVxEUUqpVng-CO_Dew"},{"id":"cNQjYnGtDUSX_Cd4KRRBzg","type":"Vod","title":"3 op Reis Midweek","subtitle":"Roadtrip (2\/5)","description":"BNNVARA - De hele week staat in het teken van de roadtrip, en daarom verkent Maurice in een oude Mercedes het noordwesten van Marokko. Maurice kruipt zelf achter het stuur en rijdt naar Moulay Idriss, een bedevaartsplaats gelegen op twee rotsen. Hier nodigt zijn gids hem uit voor een etentje bij hem thuis, met een onverwachtse wending. We blikken terug op Jan die voor zijn roadtrip door Itali\u00eb voor de motor kiest, en op Evi die aan het raodtrippen is door Zweden.","formattedEpisodeNumbering":null,"formattedDate":"Di 21 nov. 2017","formattedDateShort":"Nov. 2017","formattedTime":"19:50","formattedDuration":"25m","formattedAvailabilityWindow":null,"formattedAvailabilityWindowShort":null,"image":{"portraitUrl":null,"landscapeUrl":"https:\/\/images.nlziet.nl\/metadataimportimages\/source\/D3B9CE0FDDEE409E428D507EE5E13010EA9D65A9F1A287D9DC25B13CE38CE095.jpg"},"logo":{"normalUrl":"https:\/\/cdn.nlziet.nl\/static\/assets\/contentproviders\/npo.png","darkUrl":"https:\/\/cdn.nlziet.nl\/static\/assets\/contentproviders\/dark\/npo.png","flatUrl":"https:\/\/cdn.nlziet.nl\/static\/assets\/contentproviders\/flat\/npo.png"},"tags":[],"seriesId":"8Ay4MVxEUUqpVng-CO_Dew"},{"id":"qi0M_OajHky2_RbASvE9sA","type":"Vod","title":"3 op Reis Midweek","subtitle":"Roadtrip (1\/5)","description":"BNNVARA - De hele week staat in het teken van de roadtrip, en daarom verkent Maurice in een oude Mercedes het noordwesten van Marokko. Hij begint zijn reis in Casablanca, en gaat fris geknipt en geschoren op pad na een bezoek aan de plaatselijke barbier. We blikken terug op Chris die aan het roadtrippen is door de USA, en op Geraldine die in een oude Renault 4 door Madagaskar rijdt.","formattedEpisodeNumbering":null,"formattedDate":"Ma 20 nov. 2017","formattedDateShort":"Nov. 2017","formattedTime":"19:50","formattedDuration":"25m","formattedAvailabilityWindow":null,"formattedAvailabilityWindowShort":null,"image":{"portraitUrl":null,"landscapeUrl":"https:\/\/images.nlziet.nl\/metadataimportimages\/source\/BD97553336035774069A5250DFCBE18B4BC52047AF2D8D5F1AE8992A4C858B16.jpg"},"logo":{"normalUrl":"https:\/\/cdn.nlziet.nl\/static\/assets\/contentproviders\/npo.png","darkUrl":"https:\/\/cdn.nlziet.nl\/static\/assets\/contentproviders\/dark\/npo.png","flatUrl":"https:\/\/cdn.nlziet.nl\/static\/assets\/contentproviders\/flat\/npo.png"},"tags":[],"seriesId":"8Ay4MVxEUUqpVng-CO_Dew"},{"id":"Df6ksxaUGk2FuLPAg2ZXTQ","type":"Vod","title":"3 op Reis Midweek","subtitle":"Underdogs (4\/5)","description":"BNNVARA - Deze hele week staat het programma in het teken van de 'underdog', en daarom is Lex in Bordeaux, om deze minder bekende stad en streek naar voren te schuiven. Deze kust staat bekend om haar surfplekken, maar Lex kiest voor de baai van Arcachon, bekend om iets heel anders! We blikken terug op Dennis die in Thailand voor het kleine eilandje Koh Tao kiest, en op Filemon die op de Canarische Eilanden underdog La Palma bezoekt.","formattedEpisodeNumbering":null,"formattedDate":"Do 16 nov. 2017","formattedDateShort":"Nov. 2017","formattedTime":"19:55","formattedDuration":"25m","formattedAvailabilityWindow":null,"formattedAvailabilityWindowShort":null,"image":{"portraitUrl":null,"landscapeUrl":"https:\/\/images.nlziet.nl\/metadataimportimages\/source\/23B2B03EED7F3538034340428B1A08C3A03633CF4C20330AE10E7AF926E666F9.jpg"},"logo":{"normalUrl":"https:\/\/cdn.nlziet.nl\/static\/assets\/contentproviders\/npo.png","darkUrl":"https:\/\/cdn.nlziet.nl\/static\/assets\/contentproviders\/dark\/npo.png","flatUrl":"https:\/\/cdn.nlziet.nl\/static\/assets\/contentproviders\/flat\/npo.png"},"tags":[],"seriesId":"8Ay4MVxEUUqpVng-CO_Dew"},{"id":"h2oM-zk43ESrAyrcXVmQLg","type":"Vod","title":"3 op Reis Midweek","subtitle":"Underdogs (3\/5)","description":"BNNVARA - Deze hele week staat 3 op Reis Midweek in het teken van de 'underdog', en daarom is Lex in Bordeaux, om deze minder bekende stad en streek naar voren te schuiven. Vandaag verkent hij Parc Naturel R\u00e9gional des Landes, een onontdekt natuurpark dat tussen Bordeaux en de kust ligt, en slaapt in een bijzondere boomhut. We blikken terug op Chris die underdog Sri Lanka bezoekt, en op Maurice die op safari gaat in het minder voor de hand liggende Oeganda.","formattedEpisodeNumbering":null,"formattedDate":"Wo 15 nov. 2017","formattedDateShort":"Nov. 2017","formattedTime":"19:50","formattedDuration":"25m","formattedAvailabilityWindow":null,"formattedAvailabilityWindowShort":null,"image":{"portraitUrl":null,"landscapeUrl":"https:\/\/images.nlziet.nl\/metadataimportimages\/source\/BFA0361D1DA264B04F248883E118B5AA2B58D1ED95A7AC95ABE9300933948D81.jpg"},"logo":{"normalUrl":"https:\/\/cdn.nlziet.nl\/static\/assets\/contentproviders\/npo.png","darkUrl":"https:\/\/cdn.nlziet.nl\/static\/assets\/contentproviders\/dark\/npo.png","flatUrl":"https:\/\/cdn.nlziet.nl\/static\/assets\/contentproviders\/flat\/npo.png"},"tags":[],"seriesId":"8Ay4MVxEUUqpVng-CO_Dew"},{"id":"g7P1GEYOMEKTWqZ5agh_Hw","type":"Vod","title":"3 op Reis Midweek","subtitle":"Underdogs (2\/5)","description":"BNNVARA - Deze hele week staat 3 op Reis Midweek in het teken van de 'underdog', en daarom is Lex in Bordeaux, om deze minder bekende stad en streek naar voren te schuiven. Vandaag verlaat hij de stad om wijn te gaan proeven op een spectaculaire plek, maar niet voordat hij zijn auto laat keuren in een excentrieke garage. We blikken terug op Floortje die op de underdog van de vervoersmiddelen springt: een vrachtschip. En op Dennis die in de hoofdstad van underdog Albani\u00eb is.","formattedEpisodeNumbering":null,"formattedDate":"Di 14 nov. 2017","formattedDateShort":"Nov. 2017","formattedTime":"19:50","formattedDuration":"25m","formattedAvailabilityWindow":null,"formattedAvailabilityWindowShort":null,"image":{"portraitUrl":null,"landscapeUrl":"https:\/\/images.nlziet.nl\/metadataimportimages\/source\/FBDF0DADBFCC09A9A8233CB889ADB289521212A77D4B186FC5328F02970C79CE.jpg"},"logo":{"normalUrl":"https:\/\/cdn.nlziet.nl\/static\/assets\/contentproviders\/npo.png","darkUrl":"https:\/\/cdn.nlziet.nl\/static\/assets\/contentproviders\/dark\/npo.png","flatUrl":"https:\/\/cdn.nlziet.nl\/static\/assets\/contentproviders\/flat\/npo.png"},"tags":[],"seriesId":"8Ay4MVxEUUqpVng-CO_Dew"},{"id":"a8ynzM1sIU6ZRXFry2iriw","type":"Vod","title":"3 op Reis Midweek","subtitle":"Underdogs (1\/5)","description":"BNNVARA - Deze hele week staat 3 op Reis Midweek in het teken van de 'underdog', en daarom is Lex in Bordeaux, om deze minder bekende stad en streek naar voren te schuiven. Hij begint zijn reis in de stad zelf, waar hij een tour krijgt van de excentrieke Bruno. We blikken terug op Chris die de underdog van Midden-Amerika bezoekt: El Salvador, en op Evi die ook in Frankrijk is, maar dan in Nantes.","formattedEpisodeNumbering":null,"formattedDate":"Ma 13 nov. 2017","formattedDateShort":"Nov. 2017","formattedTime":"19:50","formattedDuration":"25m","formattedAvailabilityWindow":null,"formattedAvailabilityWindowShort":null,"image":{"portraitUrl":null,"landscapeUrl":"https:\/\/images.nlziet.nl\/metadataimportimages\/source\/1AA4DC272D300E1C6832F9092F3FC67169BA96F94CB08843517398C88BA11088.jpg"},"logo":{"normalUrl":"https:\/\/cdn.nlziet.nl\/static\/assets\/contentproviders\/npo.png","darkUrl":"https:\/\/cdn.nlziet.nl\/static\/assets\/contentproviders\/dark\/npo.png","flatUrl":"https:\/\/cdn.nlziet.nl\/static\/assets\/contentproviders\/flat\/npo.png"},"tags":[],"seriesId":"8Ay4MVxEUUqpVng-CO_Dew"},{"id":"MG0XxCRhJUqC1-1T4FE2sg","type":"Vod","title":"3 op Reis Midweek","subtitle":"M\u00e9diterran\u00e9e (4\/5)","description":"BNNVARA - De hele week staat het programma in het teken van de M\u00e9diterran\u00e9e! Daarom is Sahil op een cruiseschip gesprongen om het Zuid-Europese gebied te verkennen. Na bijna 40 uur op zee te hebben gezeten, is hij aangekomen op zijn laatste stop: Barcelona! Om het massatoerisme te ontwijken, schakelt Sahil een lokale gids in die hem een alternatieve tour door de stad geeft. Hij bezoekt een bijzonder restaurantje en gaat naar \u00e9\u00e9n van de hoger gelegen plekken van de stad waar hij een fantastisch uitzicht op de stad heeft. Als laatste blikken we terug op Nienke die het feest Las Fallas bezoekt in Valencia, en wordt het kleine zusje van Mallorca, Menorca, bezoekt door Evi.","formattedEpisodeNumbering":null,"formattedDate":"Do 9 nov. 2017","formattedDateShort":"Nov. 2017","formattedTime":"19:55","formattedDuration":"24m","formattedAvailabilityWindow":null,"formattedAvailabilityWindowShort":null,"image":{"portraitUrl":null,"landscapeUrl":"https:\/\/images.nlziet.nl\/metadataimportimages\/source\/059F2CC20F9460DE37B0FED4C046D29225D4E4B0E8FCFF18EED1D4705901231A.jpg"},"logo":{"normalUrl":"https:\/\/cdn.nlziet.nl\/static\/assets\/contentproviders\/npo.png","darkUrl":"https:\/\/cdn.nlziet.nl\/static\/assets\/contentproviders\/dark\/npo.png","flatUrl":"https:\/\/cdn.nlziet.nl\/static\/assets\/contentproviders\/flat\/npo.png"},"tags":[],"seriesId":"8Ay4MVxEUUqpVng-CO_Dew"},{"id":"wA840rqggE6RR40ajLbrwg","type":"Vod","title":"3 op Reis Midweek","subtitle":"M\u00e9diterran\u00e9e (3\/5)","description":"BNNVARA - De hele week staat het programma in het teken van de M\u00e9diterran\u00e9e! Daarom is Sahil op een cruiseschip gesprongen om het Zuid-Europese gebied te verkennen. Na een nachtelijke overtocht is hij aangekomen in de op twee na kleinste hoofdstad van Europa: La Valletta. Hier duikt hij in de roerige geschiedenis van het eiland en probeert h\u00e8t lokale gerecht: konijnenstoofpot! We blikken terug op Dennis die op zoek gaat naar de Monniken Republiek Athos, en op Gwen die op bezoek gaat bij het Earth Garden Festival.","formattedEpisodeNumbering":null,"formattedDate":"Wo 8 nov. 2017","formattedDateShort":"Nov. 2017","formattedTime":"19:50","formattedDuration":"25m","formattedAvailabilityWindow":null,"formattedAvailabilityWindowShort":null,"image":{"portraitUrl":null,"landscapeUrl":"https:\/\/images.nlziet.nl\/metadataimportimages\/source\/27B56FD05BD459BE5E196D7E0CA7C70EFE552B352C49AD233892E5AB05A21FA7.jpg"},"logo":{"normalUrl":"https:\/\/cdn.nlziet.nl\/static\/assets\/contentproviders\/npo.png","darkUrl":"https:\/\/cdn.nlziet.nl\/static\/assets\/contentproviders\/dark\/npo.png","flatUrl":"https:\/\/cdn.nlziet.nl\/static\/assets\/contentproviders\/flat\/npo.png"},"tags":[],"seriesId":"8Ay4MVxEUUqpVng-CO_Dew"},{"id":"0XwIEvcuJUme3OPjR9XnAg","type":"Vod","title":"3 op Reis Midweek","subtitle":"M\u00e9diterran\u00e9e (2\/5)","description":"BNNVARA - De hele week staat het programma in het teken van de M\u00e9diterran\u00e9e! Daarom is Sahil op een cruiseschip gesprongen om het Zuid-Europese gebied te verkennen. Hij is aangekomen in Messina op Sicili\u00eb. Daar beklimt Sahil de Etna en probeert een jarenlange discussie over de naam van de lokale snack te beslechten. Daarnaast blikken we terug op Jan die zijn autohart ophaalt in Monaco.","formattedEpisodeNumbering":null,"formattedDate":"Di 7 nov. 2017","formattedDateShort":"Nov. 2017","formattedTime":"19:50","formattedDuration":"24m","formattedAvailabilityWindow":null,"formattedAvailabilityWindowShort":null,"image":{"portraitUrl":null,"landscapeUrl":"https:\/\/images.nlziet.nl\/metadataimportimages\/source\/73FE17ABA1B410D23E1805724EAFD3EFDBE0EC4D31A95DAECE7391E34F1DCFCB.jpg"},"logo":{"normalUrl":"https:\/\/cdn.nlziet.nl\/static\/assets\/contentproviders\/npo.png","darkUrl":"https:\/\/cdn.nlziet.nl\/static\/assets\/contentproviders\/dark\/npo.png","flatUrl":"https:\/\/cdn.nlziet.nl\/static\/assets\/contentproviders\/flat\/npo.png"},"tags":[],"seriesId":"8Ay4MVxEUUqpVng-CO_Dew"},{"id":"GDq1BRCiE0mQnEt9c5skEg","type":"Vod","title":"3 op Reis Midweek","subtitle":"M\u00e9diterran\u00e9e (1\/5)","description":"BNNVARA - De hele week staat het programma in het teken van de M\u00e9diterran\u00e9e! Daarom is Sahil op een cruiseschip gesprongen om het Zuid-Europese gebied te verkennen. Hij start zijn trip in Napels, waar hij op zoek gaat naar de \u00e8chte Napolitaanse pizza en hij bezoekt een kerk bezoekt waar zich jaarlijks een wonder voltrekt. Ook blikken we terug op Maurice zijn bezoek in Vaticaanstad en gaan we met Chris terug naar Kotor in Montenegro.","formattedEpisodeNumbering":null,"formattedDate":"Ma 6 nov. 2017","formattedDateShort":"Nov. 2017","formattedTime":"19:50","formattedDuration":"25m","formattedAvailabilityWindow":null,"formattedAvailabilityWindowShort":null,"image":{"portraitUrl":null,"landscapeUrl":"https:\/\/images.nlziet.nl\/metadataimportimages\/source\/2EFB0E478693D7A385D2BEC8A8555542BE59B187B89226DD2E4D516E9FB405DC.jpg"},"logo":{"normalUrl":"https:\/\/cdn.nlziet.nl\/static\/assets\/contentproviders\/npo.png","darkUrl":"https:\/\/cdn.nlziet.nl\/static\/assets\/contentproviders\/dark\/npo.png","flatUrl":"https:\/\/cdn.nlziet.nl\/static\/assets\/contentproviders\/flat\/npo.png"},"tags":[],"seriesId":"8Ay4MVxEUUqpVng-CO_Dew"},{"id":"046u2uYDDke3cusVhS0qLQ","type":"Vod","title":"3 op Reis Midweek","subtitle":"Adrenaline (4\/5)","description":"BNNVARA - De hele week staat het programma in het teken van adrenaline en daarom reist Nienke door Zwitserland, op zoek naar het extreme! Al quad rijdend laat ze Interlaken achter zich, voordat ze in de Alpen de enige echte Gruy\u00e8re-kaas gaat maken. Ze sluit af met een kaasfondue bovenop de Mol\u00e9son, maar om daar te komen moet ze eerst deze rots beklimmen via een 'stalen weg' van zo'n 1,5 km. We blikken terug op Floortje die gaat snowboarden in Iran, en op Geraldine die in Peru een extreem gerecht eet.","formattedEpisodeNumbering":null,"formattedDate":"Do 2 nov. 2017","formattedDateShort":"Nov. 2017","formattedTime":"19:50","formattedDuration":"25m","formattedAvailabilityWindow":null,"formattedAvailabilityWindowShort":null,"image":{"portraitUrl":null,"landscapeUrl":"https:\/\/images.nlziet.nl\/metadataimportimages\/source\/412AF1F69B2892DF873651307032ECBFEE5C0EDCE702D0233CE657691F75A7F2.jpg"},"logo":{"normalUrl":"https:\/\/cdn.nlziet.nl\/static\/assets\/contentproviders\/npo.png","darkUrl":"https:\/\/cdn.nlziet.nl\/static\/assets\/contentproviders\/dark\/npo.png","flatUrl":"https:\/\/cdn.nlziet.nl\/static\/assets\/contentproviders\/flat\/npo.png"},"tags":[],"seriesId":"8Ay4MVxEUUqpVng-CO_Dew"},{"id":"Lw7lsN7tCkGPgeYFBAz7GA","type":"Vod","title":"3 op Reis Midweek","subtitle":"Adrenaline (3\/5)","description":"BNNVARA - De hele week staat het programma in het teken van adrenaline en daarom reist Nienke door Zwitserland, op zoek naar het extreme! Ze is in het mekka van extreme sporten: Interlaken. Hier doet ze mee aan een canyoning-tocht, overnacht ze op de Niederhorn en gaat de volgende ochtend al paraglidend naar beneden. We blikken terug op Chris die een dodengrot bezoekt in Torajaland, Indonesi\u00eb.","formattedEpisodeNumbering":null,"formattedDate":"Wo 1 nov. 2017","formattedDateShort":"Nov. 2017","formattedTime":"19:50","formattedDuration":"25m","formattedAvailabilityWindow":null,"formattedAvailabilityWindowShort":null,"image":{"portraitUrl":null,"landscapeUrl":"https:\/\/images.nlziet.nl\/metadataimportimages\/source\/3E8F1613A932147A203C1FE7804A1E14C2764517B6A00B1C59D3CDA26876BA83.jpg"},"logo":{"normalUrl":"https:\/\/cdn.nlziet.nl\/static\/assets\/contentproviders\/npo.png","darkUrl":"https:\/\/cdn.nlziet.nl\/static\/assets\/contentproviders\/dark\/npo.png","flatUrl":"https:\/\/cdn.nlziet.nl\/static\/assets\/contentproviders\/flat\/npo.png"},"tags":[],"seriesId":"8Ay4MVxEUUqpVng-CO_Dew"},{"id":"0QrgyP46tEO481OHmZyAHA","type":"Vod","title":"3 op Reis Midweek","subtitle":"Adrenaline (2\/5)","description":"BNNVARA - De hele week staat het programma in het teken van adrenaline en daarom reist Nienke door Zwitserland, op zoek naar het extreme! Ze bezoekt de hoogste buitenlift van Europa en gaat naar de top van Mount Titlis, waar haar een gletsjergrot en de hoogste hangbrug van Europa te wachten staat. Met een heuse trottibike-tocht sluit ze haar dag af. We blikken terug op Chris in de Spaanse kolenmijnen van Asturias, en op Geraldine die de Peruaanse duinen trotseert met een speciale racebuggy.","formattedEpisodeNumbering":null,"formattedDate":"Di 31 okt. 2017","formattedDateShort":"Okt. 2017","formattedTime":"19:50","formattedDuration":"25m","formattedAvailabilityWindow":null,"formattedAvailabilityWindowShort":null,"image":{"portraitUrl":null,"landscapeUrl":"https:\/\/images.nlziet.nl\/metadataimportimages\/source\/FFF36B9BE82B81BA5B71656B6D353C59CA1F96F29E43343122BBFA9F867D4075.jpg"},"logo":{"normalUrl":"https:\/\/cdn.nlziet.nl\/static\/assets\/contentproviders\/npo.png","darkUrl":"https:\/\/cdn.nlziet.nl\/static\/assets\/contentproviders\/dark\/npo.png","flatUrl":"https:\/\/cdn.nlziet.nl\/static\/assets\/contentproviders\/flat\/npo.png"},"tags":[],"seriesId":"8Ay4MVxEUUqpVng-CO_Dew"},{"id":"GIfVRK6w5UGxV70K8D_8lg","type":"Vod","title":"3 op Reis Midweek","subtitle":"Adrenaline (1\/5)","description":"BNNVARA - De hele week staat het programma in het teken van adrenaline en daarom reist Nienke door Zwitserland, op zoek naar het extreme! Ze begint haar reis in het noorden om op te warmen in een adventure park, gevolgd door een bezoek aan de grootste waterval van Europa. We blikken terug op Chris die in Mexico de langste zipline ter wereld afgaat, en op Floortje die met een zeilboot een eiland opzoekt, 5000 kilometer verwijderd van het vaste land.","formattedEpisodeNumbering":null,"formattedDate":"Ma 30 okt. 2017","formattedDateShort":"Okt. 2017","formattedTime":"19:50","formattedDuration":"24m","formattedAvailabilityWindow":null,"formattedAvailabilityWindowShort":null,"image":{"portraitUrl":null,"landscapeUrl":"https:\/\/images.nlziet.nl\/metadataimportimages\/source\/0A9A011845C72A4DFE20C9DD1D0C7F3EB291D54BAAB745CC561D059A1BC64815.jpg"},"logo":{"normalUrl":"https:\/\/cdn.nlziet.nl\/static\/assets\/contentproviders\/npo.png","darkUrl":"https:\/\/cdn.nlziet.nl\/static\/assets\/contentproviders\/dark\/npo.png","flatUrl":"https:\/\/cdn.nlziet.nl\/static\/assets\/contentproviders\/flat\/npo.png"},"tags":[],"seriesId":"8Ay4MVxEUUqpVng-CO_Dew"},{"id":"00V9NGyQvEO90uPY25GV0g","type":"Vod","title":"3 op Reis Midweek","subtitle":"Eten en drinken (4\/4)","description":"BNNVARA - De hele week staat 3 op Reis Midweek in het teken van Eten en Drinken, en daarom maakt Filemon een culinaire reis door de zuidelijke staten van Amerika. In Jackson, de hoofdstad van Mississippi, eet hij een broodje varkensoor en doet hij mee aan een burger challenge. We blikken terug op Geraldine die in San Sebastian een culinaire tour maakt, en op Dennis die op een lokale markt in Hoi An de Vietnamese variant van Red Bull scoort.","formattedEpisodeNumbering":null,"formattedDate":"Do 26 okt. 2017","formattedDateShort":"Okt. 2017","formattedTime":"19:50","formattedDuration":"24m","formattedAvailabilityWindow":null,"formattedAvailabilityWindowShort":null,"image":{"portraitUrl":null,"landscapeUrl":"https:\/\/images.nlziet.nl\/metadataimportimages\/source\/2B0CA0F717D901947C31F8C00559B6222B9A16F8272BF88C8FA4697377800062.jpg"},"logo":{"normalUrl":"https:\/\/cdn.nlziet.nl\/static\/assets\/contentproviders\/npo.png","darkUrl":"https:\/\/cdn.nlziet.nl\/static\/assets\/contentproviders\/dark\/npo.png","flatUrl":"https:\/\/cdn.nlziet.nl\/static\/assets\/contentproviders\/flat\/npo.png"},"tags":[],"seriesId":"8Ay4MVxEUUqpVng-CO_Dew"},{"id":"wSI56407AEOldOs6iMNGCA","type":"Vod","title":"3 op Reis Midweek","subtitle":"Eten en drinken (3\/4)","description":"BNNVARA - Filemon maakt een culinaire reis door de zuidelijke staten van Amerika. Meer dan driekwart van de Amerikanen kampt met overgewicht. Filemon bezoekt de stad met de meeste dikke mensen. We blikken terug op Floortje die in Griekenland juist \u00e9\u00e9n van de gezondste plekken ter wereld bezoekt. En Chris gaat op zoek naar truffels in Turijn.","formattedEpisodeNumbering":null,"formattedDate":"Wo 25 okt. 2017","formattedDateShort":"Okt. 2017","formattedTime":"19:50","formattedDuration":"25m","formattedAvailabilityWindow":null,"formattedAvailabilityWindowShort":null,"image":{"portraitUrl":null,"landscapeUrl":"https:\/\/images.nlziet.nl\/metadataimportimages\/source\/F75CD81F9634CB90ACBECB4E5060D09D3077CF371D316A3D47D63654A82533C5.jpg"},"logo":{"normalUrl":"https:\/\/cdn.nlziet.nl\/static\/assets\/contentproviders\/npo.png","darkUrl":"https:\/\/cdn.nlziet.nl\/static\/assets\/contentproviders\/dark\/npo.png","flatUrl":"https:\/\/cdn.nlziet.nl\/static\/assets\/contentproviders\/flat\/npo.png"},"tags":[],"seriesId":"8Ay4MVxEUUqpVng-CO_Dew"},{"id":"PQC6B0cmnEWmZ3CxHby_wg","type":"Vod","title":"3 op Reis Midweek","subtitle":"Eten en drinken (2\/4)","description":"BNNVARA - Filemon maakt een culinaire reis door de zuidelijke staten van Amerika. Hij gaat leren een vis te vangen met zijn blote handen, en wel in de Mississippi. We blikken terug op Maurice die in Guadeloupe op barracuda's vist, en Chris die in Japan een iets minder stoere maaltijd nuttigt, die weliswaar wel geheel in pastelkleur is.","formattedEpisodeNumbering":null,"formattedDate":"Di 24 okt. 2017","formattedDateShort":"Okt. 2017","formattedTime":"19:50","formattedDuration":"25m","formattedAvailabilityWindow":null,"formattedAvailabilityWindowShort":null,"image":{"portraitUrl":null,"landscapeUrl":"https:\/\/images.nlziet.nl\/metadataimportimages\/source\/D5DA01AB087A6FD974E9A702428E61AF41563BA8A3F61903DC799DDA09FA89D3.jpg"},"logo":{"normalUrl":"https:\/\/cdn.nlziet.nl\/static\/assets\/contentproviders\/npo.png","darkUrl":"https:\/\/cdn.nlziet.nl\/static\/assets\/contentproviders\/dark\/npo.png","flatUrl":"https:\/\/cdn.nlziet.nl\/static\/assets\/contentproviders\/flat\/npo.png"},"tags":[],"seriesId":"8Ay4MVxEUUqpVng-CO_Dew"},{"id":"--z8DT3ArEqXK1AicL6Rtg","type":"Vod","title":"3 op Reis Midweek","subtitle":"Eten en drinken (1\/4)","description":"BNNVARA - De hele week staat het programma in het teken van eten en drinken en daarom maakt Filemon een culinaire reis door de zuidelijke staten van Amerika. Hij begint zijn trip in Arkansas, waar het vlees hem om de oren vliegt tijdens een 'all American' barbecuewedstrijd. We blikken terug op Chris die in Argentini\u00eb op zoek gaat naar het perfecte stuk vlees en Evi die op de Azoren op een wel heel bijzondere manier worst klaarmaakt.","formattedEpisodeNumbering":null,"formattedDate":"Ma 23 okt. 2017","formattedDateShort":"Okt. 2017","formattedTime":"19:50","formattedDuration":"25m","formattedAvailabilityWindow":null,"formattedAvailabilityWindowShort":null,"image":{"portraitUrl":null,"landscapeUrl":"https:\/\/images.nlziet.nl\/metadataimportimages\/source\/DDD05D60DE055581939D24AF32D41EEBB354B277DA8DFB35A1171951924A1545.jpg"},"logo":{"normalUrl":"https:\/\/cdn.nlziet.nl\/static\/assets\/contentproviders\/npo.png","darkUrl":"https:\/\/cdn.nlziet.nl\/static\/assets\/contentproviders\/dark\/npo.png","flatUrl":"https:\/\/cdn.nlziet.nl\/static\/assets\/contentproviders\/flat\/npo.png"},"tags":[],"seriesId":"8Ay4MVxEUUqpVng-CO_Dew"},{"id":"tvibMK29hUGRIhXc_5V1aQ","type":"Vod","title":"3 op Reis Midweek","subtitle":"Noord-Europa (4\/5)","description":"BNNVARA - In het teken van Noord-Europa. Gwen zoekt het geluk op in Noorwegen. Een droom gaat in vervulling; Gwen gaat knuffelen met husky-puppy's! Haar zoektocht naar geluk in Noorwegen sluit ze af met een husky-tour door de bergen.","formattedEpisodeNumbering":null,"formattedDate":"Do 19 okt. 2017","formattedDateShort":"Okt. 2017","formattedTime":"19:50","formattedDuration":"25m","formattedAvailabilityWindow":null,"formattedAvailabilityWindowShort":null,"image":{"portraitUrl":null,"landscapeUrl":"https:\/\/images.nlziet.nl\/metadataimportimages\/source\/D1C0754F138D5F333C825BBECB4590B50AFCCCAD7C70CE71E8A9EF6F0ABC1178.jpg"},"logo":{"normalUrl":"https:\/\/cdn.nlziet.nl\/static\/assets\/contentproviders\/npo.png","darkUrl":"https:\/\/cdn.nlziet.nl\/static\/assets\/contentproviders\/dark\/npo.png","flatUrl":"https:\/\/cdn.nlziet.nl\/static\/assets\/contentproviders\/flat\/npo.png"},"tags":[],"seriesId":"8Ay4MVxEUUqpVng-CO_Dew"},{"id":"jDNiGMVHxkWFN0yJEF6AmA","type":"Vod","title":"3 op Reis Midweek","subtitle":"Noord-Europa (3\/5)","description":"BNNVARA - Dit keer in het teken van Noord-Europa. Gwen zoekt het geluk op in Noorwegen. Ze gaat paardrijden door \u00e9\u00e9n van de mooiste gebieden van Noorwegen.","formattedEpisodeNumbering":null,"formattedDate":"Wo 18 okt. 2017","formattedDateShort":"Okt. 2017","formattedTime":"19:50","formattedDuration":"25m","formattedAvailabilityWindow":null,"formattedAvailabilityWindowShort":null,"image":{"portraitUrl":null,"landscapeUrl":"https:\/\/images.nlziet.nl\/metadataimportimages\/source\/AF288F6967B4D8DB084FF57FFF445113CBD597EDC89A37A0015DE9F9A79E7A5C.jpg"},"logo":{"normalUrl":"https:\/\/cdn.nlziet.nl\/static\/assets\/contentproviders\/npo.png","darkUrl":"https:\/\/cdn.nlziet.nl\/static\/assets\/contentproviders\/dark\/npo.png","flatUrl":"https:\/\/cdn.nlziet.nl\/static\/assets\/contentproviders\/flat\/npo.png"},"tags":[],"seriesId":"8Ay4MVxEUUqpVng-CO_Dew"},{"id":"huubMFGYSUG0x7JVFwxLWg","type":"Vod","title":"3 op Reis Midweek","subtitle":"Noord-Europa (2\/5)","description":"BNNVARA - Dit keer in het teken van Noord-Europa. Gwen zoekt het geluk op in Noorwegen. Ze begint haar dag in een sauna, gemaakt van gerecycled materiaal, middenin de stad! Ook gaat ze op culinaire tour door de stad. Ze mag onder andere een hapje eten in het driesterrenrestaurant Maaemo!","formattedEpisodeNumbering":null,"formattedDate":"Di 17 okt. 2017","formattedDateShort":"Okt. 2017","formattedTime":"19:50","formattedDuration":"25m","formattedAvailabilityWindow":null,"formattedAvailabilityWindowShort":null,"image":{"portraitUrl":null,"landscapeUrl":"https:\/\/images.nlziet.nl\/metadataimportimages\/source\/89902A1814C6117E89A3B5E505071FB7114DA36EAA291B44ABD17F04121CD25A.jpg"},"logo":{"normalUrl":"https:\/\/cdn.nlziet.nl\/static\/assets\/contentproviders\/npo.png","darkUrl":"https:\/\/cdn.nlziet.nl\/static\/assets\/contentproviders\/dark\/npo.png","flatUrl":"https:\/\/cdn.nlziet.nl\/static\/assets\/contentproviders\/flat\/npo.png"},"tags":[],"seriesId":"8Ay4MVxEUUqpVng-CO_Dew"},{"id":"ocvwtvBeYkGdjXk7OAXAkQ","type":"Vod","title":"3 op Reis Midweek","subtitle":"Noord-Europa (1\/5)","description":"BNNVARA - Dit keer in het teken van Noord-Europa. Gwen zoekt het geluk op in Noorwegen. Ze begint haar trip in de snelst groeiende stad van Europa: Oslo! Ze scoort o.a. een wereldberoemd kopje koffie bij Tim Wendelboe en ze waagt zich aan een 60 meter hoge skischans.","formattedEpisodeNumbering":null,"formattedDate":"Ma 16 okt. 2017","formattedDateShort":"Okt. 2017","formattedTime":"20:55","formattedDuration":"25m","formattedAvailabilityWindow":null,"formattedAvailabilityWindowShort":null,"image":{"portraitUrl":null,"landscapeUrl":"https:\/\/images.nlziet.nl\/metadataimportimages\/source\/24CCE9C3C65AC5FFC5C56B4ED5364D9F6135C4D1F6521B69BC3AC298BAA7FFE1.jpg"},"logo":{"normalUrl":"https:\/\/cdn.nlziet.nl\/static\/assets\/contentproviders\/npo.png","darkUrl":"https:\/\/cdn.nlziet.nl\/static\/assets\/contentproviders\/dark\/npo.png","flatUrl":"https:\/\/cdn.nlziet.nl\/static\/assets\/contentproviders\/flat\/npo.png"},"tags":[],"seriesId":"8Ay4MVxEUUqpVng-CO_Dew"}]