[{"id":"LUE4CDcEZkiXzvkK6OY3ig","type":"Vod","title":"De Eindmusical","subtitle":"De Eindmusical","description":"AVROTROS - Gastcoach Buddy Vedder helpt met het verdelen van de hoofdrollen. Voor de groep 8-leerlingen uit Woerden zijn het spannende tijden: kan hun musicalkamp wel doorgaan met alle Corona-maatregelen? De klas leert elkaar n\u00f3g beter kennen en thema's als verliefdheid, jaloezie en het naderende afscheid van groep 8 komen aan bod.","formattedEpisodeNumbering":null,"formattedDate":"Za 14 aug. 2021","formattedDateShort":"Aug. 2021","formattedTime":"12:30","formattedDuration":"20m","formattedAvailabilityWindow":null,"formattedAvailabilityWindowShort":null,"image":{"portraitUrl":null,"landscapeUrl":"https:\/\/images.nlziet.nl\/metadataimportimages\/source\/0F36252D2D271BFA9761F5C308AD78E225188F1BA4347769E0D498F7DFFDC066.jpg"},"logo":{"normalUrl":"https:\/\/cdn.nlziet.nl\/static\/assets\/contentproviders\/npo.png","darkUrl":"https:\/\/cdn.nlziet.nl\/static\/assets\/contentproviders\/dark\/npo.png","flatUrl":"https:\/\/cdn.nlziet.nl\/static\/assets\/contentproviders\/flat\/npo.png"},"tags":[],"seriesId":"7d5yUz7290i2ZYGYqJN28g"},{"id":"pPVYPrfTt0SdW1lOfX1X0g","type":"Vod","title":"De Eindmusical","subtitle":"De Eindmusical","description":"AVROTROS - In de scripted-reality serie gaat een groep 8 op musicalkamp, waar een professioneel team bestaande uit Maurice Wijnen en Caroline Brouwer de klas helpt met het instuderen van hun afscheidsmusical.","formattedEpisodeNumbering":null,"formattedDate":"Za 7 aug. 2021","formattedDateShort":"Aug. 2021","formattedTime":"12:35","formattedDuration":"22m","formattedAvailabilityWindow":null,"formattedAvailabilityWindowShort":null,"image":{"portraitUrl":null,"landscapeUrl":"https:\/\/images.nlziet.nl\/metadataimportimages\/source\/C44040772746EFBD95D6169D21286D3AF6DDFA3D4B56FE95EFF192C395B2CDD9.jpg"},"logo":{"normalUrl":"https:\/\/cdn.nlziet.nl\/static\/assets\/contentproviders\/npo.png","darkUrl":"https:\/\/cdn.nlziet.nl\/static\/assets\/contentproviders\/dark\/npo.png","flatUrl":"https:\/\/cdn.nlziet.nl\/static\/assets\/contentproviders\/flat\/npo.png"},"tags":[],"seriesId":"7d5yUz7290i2ZYGYqJN28g"},{"id":"fYxxHQ_4pkyoovyogjX1wg","type":"Vod","title":"De Eindmusical","subtitle":"De Eindmusical","description":"AVROTROS - In de scripted-reality serie gaat een groep 8 op musicalkamp, waar een professioneel team bestaande uit Maurice Wijnen en Caroline Brouwer de klas helpt met het instuderen van hun afscheidsmusical.","formattedEpisodeNumbering":null,"formattedDate":"Za 31 jul. 2021","formattedDateShort":"Jul. 2021","formattedTime":"12:40","formattedDuration":"13m","formattedAvailabilityWindow":null,"formattedAvailabilityWindowShort":null,"image":{"portraitUrl":null,"landscapeUrl":"https:\/\/images.nlziet.nl\/metadataimportimages\/source\/39142B7F37B53760924A4E9389F1D4324C4AF9C615058B9752DDD7000FF97B41.jpg"},"logo":{"normalUrl":"https:\/\/cdn.nlziet.nl\/static\/assets\/contentproviders\/npo.png","darkUrl":"https:\/\/cdn.nlziet.nl\/static\/assets\/contentproviders\/dark\/npo.png","flatUrl":"https:\/\/cdn.nlziet.nl\/static\/assets\/contentproviders\/flat\/npo.png"},"tags":[],"seriesId":"7d5yUz7290i2ZYGYqJN28g"},{"id":"_ZWoZu7QQECDiVkg0ksE5w","type":"Vod","title":"De Eindmusical","subtitle":"De Eindmusical","description":"AVROTROS - In de scripted-reality serie gaat een groep 8 op musicalkamp, waar een professioneel team bestaande uit Maurice Wijnen en Caroline Brouwer de klas helpt met het instuderen van hun afscheidsmusical.","formattedEpisodeNumbering":null,"formattedDate":"Za 24 jul. 2021","formattedDateShort":"Jul. 2021","formattedTime":"12:15","formattedDuration":"15m","formattedAvailabilityWindow":null,"formattedAvailabilityWindowShort":null,"image":{"portraitUrl":null,"landscapeUrl":"https:\/\/images.nlziet.nl\/metadataimportimages\/source\/67300D82442C367CA38D80B52B7A513C82C7054149AE9BDC4D978B9727A534C6.jpg"},"logo":{"normalUrl":"https:\/\/cdn.nlziet.nl\/static\/assets\/contentproviders\/npo.png","darkUrl":"https:\/\/cdn.nlziet.nl\/static\/assets\/contentproviders\/dark\/npo.png","flatUrl":"https:\/\/cdn.nlziet.nl\/static\/assets\/contentproviders\/flat\/npo.png"},"tags":[],"seriesId":"7d5yUz7290i2ZYGYqJN28g"},{"id":"tEiWDfRqW0CcrHdJlOZ6gA","type":"Vod","title":"De Eindmusical","subtitle":"De Eindmusical","description":"AVROTROS - In de scripted-reality serie gaat een groep 8 op musicalkamp, waar een professioneel team bestaande uit Maurice Wijnen en Caroline Brouwer de klas helpt met het instuderen van hun afscheidsmusical.","formattedEpisodeNumbering":null,"formattedDate":"Za 17 jul. 2021","formattedDateShort":"Jul. 2021","formattedTime":"12:20","formattedDuration":"18m","formattedAvailabilityWindow":null,"formattedAvailabilityWindowShort":null,"image":{"portraitUrl":null,"landscapeUrl":"https:\/\/images.nlziet.nl\/metadataimportimages\/source\/4C483EE430C86BEA0E30EB8F7958715386197862B7298444F592AE27C722FDA8.jpg"},"logo":{"normalUrl":"https:\/\/cdn.nlziet.nl\/static\/assets\/contentproviders\/npo.png","darkUrl":"https:\/\/cdn.nlziet.nl\/static\/assets\/contentproviders\/dark\/npo.png","flatUrl":"https:\/\/cdn.nlziet.nl\/static\/assets\/contentproviders\/flat\/npo.png"},"tags":[],"seriesId":"7d5yUz7290i2ZYGYqJN28g"},{"id":"EPzvU1fym0OtkXJQOW-y5Q","type":"Vod","title":"De Eindmusical","subtitle":"De Eindmusical","description":"AVROTROS - In de scripted-reality serie gaat een groep 8 op musicalkamp, waar een professioneel team bestaande uit Maurice Wijnen en Caroline Brouwer de klas helpt met het instuderen van hun afscheidsmusical.","formattedEpisodeNumbering":null,"formattedDate":"Za 10 jul. 2021","formattedDateShort":"Jul. 2021","formattedTime":"12:10","formattedDuration":"20m","formattedAvailabilityWindow":null,"formattedAvailabilityWindowShort":null,"image":{"portraitUrl":null,"landscapeUrl":"https:\/\/images.nlziet.nl\/metadataimportimages\/source\/3B0959185DC5BB87D72CEB8BDD002EA5B97411B569D449E59065EBA541E0A1EF.jpg"},"logo":{"normalUrl":"https:\/\/cdn.nlziet.nl\/static\/assets\/contentproviders\/npo.png","darkUrl":"https:\/\/cdn.nlziet.nl\/static\/assets\/contentproviders\/dark\/npo.png","flatUrl":"https:\/\/cdn.nlziet.nl\/static\/assets\/contentproviders\/flat\/npo.png"},"tags":[],"seriesId":"7d5yUz7290i2ZYGYqJN28g"},{"id":"hsTkmsOWPkepzYSLOIzl6A","type":"Vod","title":"De Eindmusical","subtitle":"De Eindmusical","description":"AVROTROS - In de scripted-reality serie gaat een groep 8 op musicalkamp, waar een professioneel team bestaande uit Maurice Wijnen en Caroline Brouwer de klas helpt met het instuderen van hun afscheidsmusical.","formattedEpisodeNumbering":null,"formattedDate":"Za 3 jul. 2021","formattedDateShort":"Jul. 2021","formattedTime":"12:10","formattedDuration":"20m","formattedAvailabilityWindow":null,"formattedAvailabilityWindowShort":null,"image":{"portraitUrl":null,"landscapeUrl":"https:\/\/images.nlziet.nl\/metadataimportimages\/source\/5FA74D0C4BF5007CC5001DF88F01CA66ED01F5ADFB1979032B7DE00AA7DB29B6.jpg"},"logo":{"normalUrl":"https:\/\/cdn.nlziet.nl\/static\/assets\/contentproviders\/npo.png","darkUrl":"https:\/\/cdn.nlziet.nl\/static\/assets\/contentproviders\/dark\/npo.png","flatUrl":"https:\/\/cdn.nlziet.nl\/static\/assets\/contentproviders\/flat\/npo.png"},"tags":[],"seriesId":"7d5yUz7290i2ZYGYqJN28g"},{"id":"VGS3pKipskm7neo_Vrf1uw","type":"Vod","title":"De Eindmusical","subtitle":"De Eindmusical","description":"AVROTROS - Voor de groep 8-leerlingen uit Woerden zijn het spannende tijden: kan hun musicalkamp wel doorgaan met alle coronamaatregelen? De klas leert elkaar nog beter kennen en thema's als verliefdheid, jaloezie en het naderende afscheid van groep 8 komen aan bod.","formattedEpisodeNumbering":null,"formattedDate":"Za 26 jun. 2021","formattedDateShort":"Jun. 2021","formattedTime":"12:15","formattedDuration":"17m","formattedAvailabilityWindow":null,"formattedAvailabilityWindowShort":null,"image":{"portraitUrl":null,"landscapeUrl":"https:\/\/images.nlziet.nl\/metadataimportimages\/source\/D76A5CC69BACE4127E0E4B8419B47364A29D1BFD98A652768FAD98A1F9B9E83B.jpg"},"logo":{"normalUrl":"https:\/\/cdn.nlziet.nl\/static\/assets\/contentproviders\/npo.png","darkUrl":"https:\/\/cdn.nlziet.nl\/static\/assets\/contentproviders\/dark\/npo.png","flatUrl":"https:\/\/cdn.nlziet.nl\/static\/assets\/contentproviders\/flat\/npo.png"},"tags":[],"seriesId":"7d5yUz7290i2ZYGYqJN28g"},{"id":"JsOl3uF2702L262GB1W-Sw","type":"Vod","title":"De Eindmusical","subtitle":"De Eindmusical","description":"AVROTROS - Voor de groep 8-leerlingen uit Woerden zijn het spannende tijden: Kan hun musicalkamp wel doorgaan met alle coronamaatregelen? De klas leert elkaar n\u00f3g beter kennen en thema's als verliefdheid, jaloezie en het naderende afscheid van groep 8 komen aan bod.","formattedEpisodeNumbering":null,"formattedDate":"Za 19 jun. 2021","formattedDateShort":"Jun. 2021","formattedTime":"12:20","formattedDuration":"17m","formattedAvailabilityWindow":null,"formattedAvailabilityWindowShort":null,"image":{"portraitUrl":null,"landscapeUrl":"https:\/\/images.nlziet.nl\/metadataimportimages\/source\/326119AD7D4D632CBD376E62B21D2604094F42B35A83A559241BD9B4C2D3FF23.jpg"},"logo":{"normalUrl":"https:\/\/cdn.nlziet.nl\/static\/assets\/contentproviders\/npo.png","darkUrl":"https:\/\/cdn.nlziet.nl\/static\/assets\/contentproviders\/dark\/npo.png","flatUrl":"https:\/\/cdn.nlziet.nl\/static\/assets\/contentproviders\/flat\/npo.png"},"tags":[],"seriesId":"7d5yUz7290i2ZYGYqJN28g"},{"id":"LL24ybJFPEO4NCyIfcOXZw","type":"Vod","title":"De Eindmusical","subtitle":"De Eindmusical","description":"AVROTROS - In de scripted-reality serie gaat een groep 8 op musicalkamp, waar een professioneel team bestaande uit Maurice Wijnen en Caroline Brouwer de klas helpt met het instuderen van hun afscheidsmusical.","formattedEpisodeNumbering":null,"formattedDate":"Za 12 jun. 2021","formattedDateShort":"Jun. 2021","formattedTime":"12:10","formattedDuration":"15m","formattedAvailabilityWindow":null,"formattedAvailabilityWindowShort":null,"image":{"portraitUrl":null,"landscapeUrl":"https:\/\/images.nlziet.nl\/metadataimportimages\/source\/ADFBA01E28BC50EBF1A690993AB37C1BD419F7D7CD9BCDB2270D70061C31E541.jpg"},"logo":{"normalUrl":"https:\/\/cdn.nlziet.nl\/static\/assets\/contentproviders\/npo.png","darkUrl":"https:\/\/cdn.nlziet.nl\/static\/assets\/contentproviders\/dark\/npo.png","flatUrl":"https:\/\/cdn.nlziet.nl\/static\/assets\/contentproviders\/flat\/npo.png"},"tags":[],"seriesId":"7d5yUz7290i2ZYGYqJN28g"}]