[{"id":"2i11Vm7Ca0ijq8VEh6IJ0A","type":"Vod","title":"Border Security: Australi\u00eb","subtitle":"Aflevering 20","description":"Veronica - De landsgrenzen van Australi\u00eb worden voortdurend bedreigd. Of het nu gaat om drugssmokkel, illegale immigratie, inspecties of het meenemen van verboden voorwerpen, de douaniers houden het allemaal in de gaten.","formattedEpisodeNumbering":null,"formattedDate":"Zo 14 jun. 2020","formattedDateShort":"Jun. 2020","formattedTime":"19:29","formattedDuration":"23m","formattedAvailabilityWindow":null,"formattedAvailabilityWindowShort":null,"image":{"portraitUrl":null,"landscapeUrl":"https:\/\/images.nlziet.nl\/metadataimportimages\/source\/19E9C6E35F362FB7A9BF7DFA5AB1BE4CEFD058C0D8AAAB23D66140A746DF7DF3.jpg"},"logo":{"normalUrl":"https:\/\/cdn.nlziet.nl\/static\/assets\/contentproviders\/sbs.png","darkUrl":"https:\/\/cdn.nlziet.nl\/static\/assets\/contentproviders\/dark\/sbs.png","flatUrl":"https:\/\/cdn.nlziet.nl\/static\/assets\/contentproviders\/flat\/sbs.png"},"tags":[],"seriesId":"6EBfsFV_3EqMK8x9C1vHew"},{"id":"SiGVUEpfeUqrG3N61kniNQ","type":"Vod","title":"Border Security: Australi\u00eb","subtitle":"Aflevering 19","description":"Veronica - De landsgrenzen van Australi\u00eb worden voortdurend bedreigd. Of het nu gaat om drugssmokkel, illegale immigratie, inspecties of het meenemen van verboden voorwerpen, de douaniers houden het allemaal in de gaten.","formattedEpisodeNumbering":null,"formattedDate":"Zo 14 jun. 2020","formattedDateShort":"Jun. 2020","formattedTime":"18:58","formattedDuration":"22m","formattedAvailabilityWindow":null,"formattedAvailabilityWindowShort":null,"image":{"portraitUrl":null,"landscapeUrl":"https:\/\/images.nlziet.nl\/metadataimportimages\/source\/53D612A5A0965A5E633335C17CE784C983DFF5D754C26C8E176FD0871E42E0AA.jpg"},"logo":{"normalUrl":"https:\/\/cdn.nlziet.nl\/static\/assets\/contentproviders\/sbs.png","darkUrl":"https:\/\/cdn.nlziet.nl\/static\/assets\/contentproviders\/dark\/sbs.png","flatUrl":"https:\/\/cdn.nlziet.nl\/static\/assets\/contentproviders\/flat\/sbs.png"},"tags":[],"seriesId":"6EBfsFV_3EqMK8x9C1vHew"},{"id":"fYq5jSycrU607ZhHpwY5jg","type":"Vod","title":"Border Security: Australi\u00eb","subtitle":"Aflevering 18","description":"Veronica - De landsgrenzen van Australi\u00eb worden voortdurend bedreigd. Of het nu gaat om drugssmokkel, illegale immigratie, inspecties of het meenemen van verboden voorwerpen, de douaniers houden het allemaal in de gaten.","formattedEpisodeNumbering":null,"formattedDate":"Zo 7 jun. 2020","formattedDateShort":"Jun. 2020","formattedTime":"19:29","formattedDuration":"0m","formattedAvailabilityWindow":null,"formattedAvailabilityWindowShort":null,"image":{"portraitUrl":null,"landscapeUrl":"https:\/\/images.nlziet.nl\/metadataimportimages\/source\/33B8A34CC7441B0B13BEA8A72575488A66D2F1245FE712D7D9857E43DFFF8007.jpg"},"logo":{"normalUrl":"https:\/\/cdn.nlziet.nl\/static\/assets\/contentproviders\/sbs.png","darkUrl":"https:\/\/cdn.nlziet.nl\/static\/assets\/contentproviders\/dark\/sbs.png","flatUrl":"https:\/\/cdn.nlziet.nl\/static\/assets\/contentproviders\/flat\/sbs.png"},"tags":[],"seriesId":"6EBfsFV_3EqMK8x9C1vHew"},{"id":"0pkZUSTaX0C8ASzqryhxWg","type":"Vod","title":"Border Security: Australi\u00eb","subtitle":"Aflevering 17","description":"Veronica - Een patrouilleboot moet de opvarenden van een zinkend schip redden. De douane vraagt zich af waarom een passagier zich zo weerbarstig gedraagt.","formattedEpisodeNumbering":null,"formattedDate":"Zo 7 jun. 2020","formattedDateShort":"Jun. 2020","formattedTime":"18:57","formattedDuration":"0m","formattedAvailabilityWindow":null,"formattedAvailabilityWindowShort":null,"image":{"portraitUrl":null,"landscapeUrl":"https:\/\/images.nlziet.nl\/metadataimportimages\/source\/452E675E48B5E3227D6F8323C1D9BA65E0770833FCAA2E3A6AA17272531A0262.jpg"},"logo":{"normalUrl":"https:\/\/cdn.nlziet.nl\/static\/assets\/contentproviders\/sbs.png","darkUrl":"https:\/\/cdn.nlziet.nl\/static\/assets\/contentproviders\/dark\/sbs.png","flatUrl":"https:\/\/cdn.nlziet.nl\/static\/assets\/contentproviders\/flat\/sbs.png"},"tags":[],"seriesId":"6EBfsFV_3EqMK8x9C1vHew"},{"id":"vqylmgtvOUujv_KsjvrwwQ","type":"Vod","title":"Border security Australia","subtitle":"Aflevering 16","description":"Veronica - Een passagier is woedend als hij wordt gefouilleerd, maar de douane maakt zich zorgen over positieve drugstesten. Een Chinees echtpaar wordt betrapt die een voorwerp weg probeert te gooien.","formattedEpisodeNumbering":null,"formattedDate":"Zo 31 mei. 2020","formattedDateShort":"Mei. 2020","formattedTime":"19:29","formattedDuration":"22m","formattedAvailabilityWindow":null,"formattedAvailabilityWindowShort":null,"image":{"portraitUrl":null,"landscapeUrl":"https:\/\/images.nlziet.nl\/metadataimportimages\/source\/9D6F72DACCDB1392CD45F34A9A561163AA76210981E055C22FA321DE53AF4E27.jpg"},"logo":{"normalUrl":"https:\/\/cdn.nlziet.nl\/static\/assets\/contentproviders\/sbs.png","darkUrl":"https:\/\/cdn.nlziet.nl\/static\/assets\/contentproviders\/dark\/sbs.png","flatUrl":"https:\/\/cdn.nlziet.nl\/static\/assets\/contentproviders\/flat\/sbs.png"},"tags":[],"seriesId":"6EBfsFV_3EqMK8x9C1vHew"},{"id":"EFfkH0o1cUSJ1clRqq2XeQ","type":"Vod","title":"Border Security: Australi\u00eb","subtitle":"Aflevering 15","description":"Veronica - Douanebeambten vinden wit poeder in de bezittingen van een nerveuze passagier die het land binnenkomt. Quarantaine achtervolgen een paar Chinese passagiers die iets het land in proberen te smokkelen.","formattedEpisodeNumbering":null,"formattedDate":"Zo 31 mei. 2020","formattedDateShort":"Mei. 2020","formattedTime":"18:59","formattedDuration":"0m","formattedAvailabilityWindow":null,"formattedAvailabilityWindowShort":null,"image":{"portraitUrl":null,"landscapeUrl":"https:\/\/images.nlziet.nl\/metadataimportimages\/source\/F6F50B835EE0DC5C5D76CE00A57DFE137FD669114EC82E3C344B8785F733F1D0.jpg"},"logo":{"normalUrl":"https:\/\/cdn.nlziet.nl\/static\/assets\/contentproviders\/sbs.png","darkUrl":"https:\/\/cdn.nlziet.nl\/static\/assets\/contentproviders\/dark\/sbs.png","flatUrl":"https:\/\/cdn.nlziet.nl\/static\/assets\/contentproviders\/flat\/sbs.png"},"tags":[],"seriesId":"6EBfsFV_3EqMK8x9C1vHew"},{"id":"tpx-I6ZtEEC8MS0ceHZMvQ","type":"Vod","title":"Border security Australia","subtitle":"Aflevering 14","description":"Veronica - Nadat een man door de douane is aangehouden, probeert hij zijn reisgenoot de schuld te geven. Bij een taxistandplaats vindt een immigratie-inval plaats.","formattedEpisodeNumbering":null,"formattedDate":"Zo 24 mei. 2020","formattedDateShort":"Mei. 2020","formattedTime":"19:28","formattedDuration":"0m","formattedAvailabilityWindow":null,"formattedAvailabilityWindowShort":null,"image":{"portraitUrl":null,"landscapeUrl":"https:\/\/images.nlziet.nl\/metadataimportimages\/source\/D2A7F04BDCBC9CC7EDFFA6E4E33465386ED2F7C5AD29F2C3258798D6D0B63256.jpg"},"logo":{"normalUrl":"https:\/\/cdn.nlziet.nl\/static\/assets\/contentproviders\/sbs.png","darkUrl":"https:\/\/cdn.nlziet.nl\/static\/assets\/contentproviders\/dark\/sbs.png","flatUrl":"https:\/\/cdn.nlziet.nl\/static\/assets\/contentproviders\/flat\/sbs.png"},"tags":[],"seriesId":"6EBfsFV_3EqMK8x9C1vHew"},{"id":"3X2EkHxvCk2uwGkgLkDkHg","type":"Vod","title":"Border security Australia","subtitle":"Aflevering 13","description":"Veronica - Een vrouw probeert een kostbaar geschenk het land binnen te smokkelen. Een mannelijke escort en zijn vriend worden ondervraagd in afzonderlijke kamers.","formattedEpisodeNumbering":null,"formattedDate":"Zo 24 mei. 2020","formattedDateShort":"Mei. 2020","formattedTime":"18:57","formattedDuration":"0m","formattedAvailabilityWindow":null,"formattedAvailabilityWindowShort":null,"image":{"portraitUrl":null,"landscapeUrl":"https:\/\/images.nlziet.nl\/metadataimportimages\/source\/B2D89586196F3665761B5644E72619B3A445AAF9A0518046DF198BF7872CC2EC.jpg"},"logo":{"normalUrl":"https:\/\/cdn.nlziet.nl\/static\/assets\/contentproviders\/sbs.png","darkUrl":"https:\/\/cdn.nlziet.nl\/static\/assets\/contentproviders\/dark\/sbs.png","flatUrl":"https:\/\/cdn.nlziet.nl\/static\/assets\/contentproviders\/flat\/sbs.png"},"tags":[],"seriesId":"6EBfsFV_3EqMK8x9C1vHew"},{"id":"hkHYxBY9rE-iU7t5kckg_g","type":"Vod","title":"Border security Australia","subtitle":"Aflevering 12","description":"Veronica - Een vrouw probeert een kostbaar geschenk het land binnen te smokkelen. Een mannelijke escort en zijn vriend worden ondervraagd in afzonderlijke kamers.","formattedEpisodeNumbering":null,"formattedDate":"Zo 17 mei. 2020","formattedDateShort":"Mei. 2020","formattedTime":"19:29","formattedDuration":"0m","formattedAvailabilityWindow":null,"formattedAvailabilityWindowShort":null,"image":{"portraitUrl":null,"landscapeUrl":"https:\/\/images.nlziet.nl\/metadataimportimages\/source\/93C708D51DCF18A1BE73D579BA831EE1143DBCE513D86805D5972A95D2971DD4.jpg"},"logo":{"normalUrl":"https:\/\/cdn.nlziet.nl\/static\/assets\/contentproviders\/sbs.png","darkUrl":"https:\/\/cdn.nlziet.nl\/static\/assets\/contentproviders\/dark\/sbs.png","flatUrl":"https:\/\/cdn.nlziet.nl\/static\/assets\/contentproviders\/flat\/sbs.png"},"tags":[],"seriesId":"6EBfsFV_3EqMK8x9C1vHew"},{"id":"QFLaqmZBwEWVj3Ao4bVu9Q","type":"Vod","title":"Border security Australia","subtitle":"Aflevering 11","description":"Veronica - Speurhonden houden een passagier tegen.","formattedEpisodeNumbering":null,"formattedDate":"Zo 17 mei. 2020","formattedDateShort":"Mei. 2020","formattedTime":"18:59","formattedDuration":"22m","formattedAvailabilityWindow":null,"formattedAvailabilityWindowShort":null,"image":{"portraitUrl":null,"landscapeUrl":"https:\/\/images.nlziet.nl\/metadataimportimages\/source\/EB217FA009C07B9DBE08AB070E59A20AA589B5C2DD30A207795CC6B9AB439601.jpg"},"logo":{"normalUrl":"https:\/\/cdn.nlziet.nl\/static\/assets\/contentproviders\/sbs.png","darkUrl":"https:\/\/cdn.nlziet.nl\/static\/assets\/contentproviders\/dark\/sbs.png","flatUrl":"https:\/\/cdn.nlziet.nl\/static\/assets\/contentproviders\/flat\/sbs.png"},"tags":[],"seriesId":"6EBfsFV_3EqMK8x9C1vHew"},{"id":"57rnLvvXLkS0uwLOgQIXIg","type":"Vod","title":"Border security Australia","subtitle":"Aflevering 10","description":"Veronica - Speurhonden houden een passagier tegen.","formattedEpisodeNumbering":null,"formattedDate":"Zo 10 mei. 2020","formattedDateShort":"Mei. 2020","formattedTime":"19:28","formattedDuration":"23m","formattedAvailabilityWindow":null,"formattedAvailabilityWindowShort":null,"image":{"portraitUrl":null,"landscapeUrl":"https:\/\/images.nlziet.nl\/metadataimportimages\/source\/19E9C6E35F362FB7A9BF7DFA5AB1BE4CEFD058C0D8AAAB23D66140A746DF7DF3.jpg"},"logo":{"normalUrl":"https:\/\/cdn.nlziet.nl\/static\/assets\/contentproviders\/sbs.png","darkUrl":"https:\/\/cdn.nlziet.nl\/static\/assets\/contentproviders\/dark\/sbs.png","flatUrl":"https:\/\/cdn.nlziet.nl\/static\/assets\/contentproviders\/flat\/sbs.png"},"tags":[],"seriesId":"6EBfsFV_3EqMK8x9C1vHew"},{"id":"reluLU959UKz_g7ksSowhg","type":"Vod","title":"Border security Australia","subtitle":"Aflevering 9","description":"De landsgrenzen van Australi\u00eb worden voortdurend bedreigd. Of het nu gaat om drugssmokkel, illegale immigratie, inspecties of het meenemen van verboden voorwerpen, de douaniers houden het allemaal in de gaten.","formattedEpisodeNumbering":null,"formattedDate":"Zo 10 mei. 2020","formattedDateShort":"Mei. 2020","formattedTime":"18:58","formattedDuration":"21m","formattedAvailabilityWindow":null,"formattedAvailabilityWindowShort":null,"image":{"portraitUrl":null,"landscapeUrl":"https:\/\/images.nlziet.nl\/metadataimportimages\/source\/933812763D1C488103021656D672828B7AD378021FD90DD4A65A7CE41700C44C.jpg"},"logo":{"normalUrl":"https:\/\/cdn.nlziet.nl\/static\/assets\/contentproviders\/sbs.png","darkUrl":"https:\/\/cdn.nlziet.nl\/static\/assets\/contentproviders\/dark\/sbs.png","flatUrl":"https:\/\/cdn.nlziet.nl\/static\/assets\/contentproviders\/flat\/sbs.png"},"tags":[],"seriesId":"6EBfsFV_3EqMK8x9C1vHew"},{"id":"fmEIR8LYj0yb3sJiTFIJIA","type":"Vod","title":"Border security Australia","subtitle":"Aflevering 8","description":"Veronica - Bij het fouilleren komt er iets aan het licht dat een passagier verborgen hield. Immigratieambtenaren houden een Ecuadoraanse staatsburger tegen die met een toeristenvisum reist. De man is eerder in Australi\u00eb geweest, maar een anonieme tip laat weten dat hij niet alleen op vakantie is.","formattedEpisodeNumbering":null,"formattedDate":"Zo 3 mei. 2020","formattedDateShort":"Mei. 2020","formattedTime":"19:28","formattedDuration":"23m","formattedAvailabilityWindow":null,"formattedAvailabilityWindowShort":null,"image":{"portraitUrl":null,"landscapeUrl":"https:\/\/images.nlziet.nl\/metadataimportimages\/source\/EF701C4EBEC9D868B88A681B84BB4ACAD7478CDD0E9A5F8FDF8B8701E0F5151E.jpg"},"logo":{"normalUrl":"https:\/\/cdn.nlziet.nl\/static\/assets\/contentproviders\/sbs.png","darkUrl":"https:\/\/cdn.nlziet.nl\/static\/assets\/contentproviders\/dark\/sbs.png","flatUrl":"https:\/\/cdn.nlziet.nl\/static\/assets\/contentproviders\/flat\/sbs.png"},"tags":[],"seriesId":"6EBfsFV_3EqMK8x9C1vHew"},{"id":"FEqHprJaMUS4AbgRldyTpg","type":"Vod","title":"Border security Australia","subtitle":"Aflevering 7","description":"Veronica - Een man is net het land binnengekomen zonder kleren in zijn tas, wat de perfecte schuilplaats kan zijn voor illegale spullen. Als een groep mannen zegt dat ze hier alleen zijn om de goden in een tempel te aanbidden, zijn er aanwijzingen dat ze andere plannen hebben voor hun verblijf in het land.","formattedEpisodeNumbering":null,"formattedDate":"Zo 3 mei. 2020","formattedDateShort":"Mei. 2020","formattedTime":"18:58","formattedDuration":"22m","formattedAvailabilityWindow":null,"formattedAvailabilityWindowShort":null,"image":{"portraitUrl":null,"landscapeUrl":"https:\/\/images.nlziet.nl\/metadataimportimages\/source\/F2D7DA0C63E091124E7B741A0CCD98F2076427EF7B12874669E2E3CFD3975B89.jpg"},"logo":{"normalUrl":"https:\/\/cdn.nlziet.nl\/static\/assets\/contentproviders\/sbs.png","darkUrl":"https:\/\/cdn.nlziet.nl\/static\/assets\/contentproviders\/dark\/sbs.png","flatUrl":"https:\/\/cdn.nlziet.nl\/static\/assets\/contentproviders\/flat\/sbs.png"},"tags":[],"seriesId":"6EBfsFV_3EqMK8x9C1vHew"},{"id":"6_f5pAEf30WbOVyGMRuDtQ","type":"Vod","title":"Border security Australia","subtitle":"Aflevering 6","description":"Er worden sporen van drugs ontdekt bij een nerveuze Canadese man. Een man uit Ghana moet bewijzen dat zijn relatie met een Australi\u00ebr echt is.","formattedEpisodeNumbering":null,"formattedDate":"Zo 26 apr. 2020","formattedDateShort":"Apr. 2020","formattedTime":"19:29","formattedDuration":"22m","formattedAvailabilityWindow":null,"formattedAvailabilityWindowShort":null,"image":{"portraitUrl":null,"landscapeUrl":"https:\/\/images.nlziet.nl\/metadataimportimages\/source\/74079E077F1A3932D6FDE23BCCCF3C2C78428AE3ECB11ADF9A13016999D7E3E2.jpg"},"logo":{"normalUrl":"https:\/\/cdn.nlziet.nl\/static\/assets\/contentproviders\/sbs.png","darkUrl":"https:\/\/cdn.nlziet.nl\/static\/assets\/contentproviders\/dark\/sbs.png","flatUrl":"https:\/\/cdn.nlziet.nl\/static\/assets\/contentproviders\/flat\/sbs.png"},"tags":[],"seriesId":"6EBfsFV_3EqMK8x9C1vHew"},{"id":"xK9DS5eeJUCO0WmZA1zrNA","type":"Vod","title":"Border security Australia","subtitle":"Aflevering 5","description":"Veronica - Een vrouw raakt overstuur als agenten een groot probleem met haar handtas ontdekken. Een oudere Nieuw-Zeelandse man met een strafblad zegt dat hij op het rechte pad is, maar dat zijn verleden hem ervan zou kunnen weerhouden een belangrijk evenement bij te wonen.","formattedEpisodeNumbering":null,"formattedDate":"Zo 26 apr. 2020","formattedDateShort":"Apr. 2020","formattedTime":"18:58","formattedDuration":"22m","formattedAvailabilityWindow":null,"formattedAvailabilityWindowShort":null,"image":{"portraitUrl":null,"landscapeUrl":"https:\/\/images.nlziet.nl\/metadataimportimages\/source\/DBEEEA0ED7E5908084969667FBE9460A6742A73A255A874D2912154129FA35F9.jpg"},"logo":{"normalUrl":"https:\/\/cdn.nlziet.nl\/static\/assets\/contentproviders\/sbs.png","darkUrl":"https:\/\/cdn.nlziet.nl\/static\/assets\/contentproviders\/dark\/sbs.png","flatUrl":"https:\/\/cdn.nlziet.nl\/static\/assets\/contentproviders\/flat\/sbs.png"},"tags":[],"seriesId":"6EBfsFV_3EqMK8x9C1vHew"},{"id":"smLoREOP4EKJdlXzCJ3UCA","type":"Vod","title":"Border Security","subtitle":"Aflevering 4","description":"Agenten ontdekken verdachte apparatuur verborgen in de tassen van een man die met zijn moeder reist. Een Amerikaanse vrouw komt naar Australi\u00eb om een mislukte relatie af te sluiten.","formattedEpisodeNumbering":null,"formattedDate":"Zo 19 apr. 2020","formattedDateShort":"Apr. 2020","formattedTime":"19:28","formattedDuration":"24m","formattedAvailabilityWindow":null,"formattedAvailabilityWindowShort":null,"image":{"portraitUrl":null,"landscapeUrl":"https:\/\/images.nlziet.nl\/metadataimportimages\/source\/E915F1B2DBCD4C5CC1E16623F37EBBEC0E223CA9FE1209F9733590C72F371C95.jpg"},"logo":{"normalUrl":"https:\/\/cdn.nlziet.nl\/static\/assets\/contentproviders\/sbs.png","darkUrl":"https:\/\/cdn.nlziet.nl\/static\/assets\/contentproviders\/dark\/sbs.png","flatUrl":"https:\/\/cdn.nlziet.nl\/static\/assets\/contentproviders\/flat\/sbs.png"},"tags":[],"seriesId":"6EBfsFV_3EqMK8x9C1vHew"},{"id":"Q5BgO3_jgkWoYS50hy1u7g","type":"Vod","title":"Border Security","subtitle":"Aflevering 3","description":"Agenten denken dat er een paar illegale verstekelingen verstopt zitten in een grote reisgroep. Er zit een zeer schokkende verrassing in een zending uit Egypte.","formattedEpisodeNumbering":null,"formattedDate":"Zo 19 apr. 2020","formattedDateShort":"Apr. 2020","formattedTime":"18:59","formattedDuration":"22m","formattedAvailabilityWindow":null,"formattedAvailabilityWindowShort":null,"image":{"portraitUrl":null,"landscapeUrl":"https:\/\/images.nlziet.nl\/metadataimportimages\/source\/0AF94A1EDA41E4007F66B5DD970547547B6ECC7C3BEE6D25C9CCA0D11A75E2B6.jpg"},"logo":{"normalUrl":"https:\/\/cdn.nlziet.nl\/static\/assets\/contentproviders\/sbs.png","darkUrl":"https:\/\/cdn.nlziet.nl\/static\/assets\/contentproviders\/dark\/sbs.png","flatUrl":"https:\/\/cdn.nlziet.nl\/static\/assets\/contentproviders\/flat\/sbs.png"},"tags":[],"seriesId":"6EBfsFV_3EqMK8x9C1vHew"},{"id":"AOwjKKTjeUyBfC0J6ioPTQ","type":"Vod","title":"Border Security","subtitle":"Aflevering 2","description":"Landsgrenzen worden voortdurend bedreigd. Of het nou gaat om drugssmokkel, illegale immigratie, infecties of het meenemen van verboden voorwerpen. Aan de douaniers om het allemaal goed in de gaten te houden.","formattedEpisodeNumbering":null,"formattedDate":"Zo 12 apr. 2020","formattedDateShort":"Apr. 2020","formattedTime":"19:29","formattedDuration":"22m","formattedAvailabilityWindow":null,"formattedAvailabilityWindowShort":null,"image":{"portraitUrl":null,"landscapeUrl":"https:\/\/images.nlziet.nl\/metadataimportimages\/source\/B602FDE93144CA4042B7F926AFAFB15818979CCA0F0A391B3D82E6AA6A9834C3.jpg"},"logo":{"normalUrl":"https:\/\/cdn.nlziet.nl\/static\/assets\/contentproviders\/sbs.png","darkUrl":"https:\/\/cdn.nlziet.nl\/static\/assets\/contentproviders\/dark\/sbs.png","flatUrl":"https:\/\/cdn.nlziet.nl\/static\/assets\/contentproviders\/flat\/sbs.png"},"tags":[],"seriesId":"6EBfsFV_3EqMK8x9C1vHew"},{"id":"Y1-ktzu3hE6c7ktvZm3hnA","type":"Vod","title":"Border Security","subtitle":"Aflevering 1","description":"Veronica - Landsgrenzen worden voortdurend bedreigd. Of het nou gaat om drugssmokkel, illegale immigratie, infecties of het meenemen van verboden voorwerpen. Aan de douaniers om het allemaal goed in de gaten te houden.","formattedEpisodeNumbering":null,"formattedDate":"Zo 12 apr. 2020","formattedDateShort":"Apr. 2020","formattedTime":"19:00","formattedDuration":"21m","formattedAvailabilityWindow":null,"formattedAvailabilityWindowShort":null,"image":{"portraitUrl":null,"landscapeUrl":"https:\/\/images.nlziet.nl\/metadataimportimages\/source\/91DD9C617280085B128F80AF5EC69F19458B039C0F467264D8E3925A359949E3.jpg"},"logo":{"normalUrl":"https:\/\/cdn.nlziet.nl\/static\/assets\/contentproviders\/sbs.png","darkUrl":"https:\/\/cdn.nlziet.nl\/static\/assets\/contentproviders\/dark\/sbs.png","flatUrl":"https:\/\/cdn.nlziet.nl\/static\/assets\/contentproviders\/flat\/sbs.png"},"tags":[],"seriesId":"6EBfsFV_3EqMK8x9C1vHew"}]