[{"id":"9sYlLlOLnEiNKU_KIk4GbQ","type":"Vod","title":"Below the Surface","subtitle":"","description":"KRO-NCRV - Philip neemt het heft in eigen handen en betreedt de metro, in de hoop het leven van de laatste drie gijzelaars te redden. Hij wordt er geconfronteerd met de man die hij dood waande.","formattedEpisodeNumbering":"S1:A8","formattedDate":"Do 10 dec. 2020","formattedDateShort":"Dec. 2020","formattedTime":"17:00","formattedDuration":"43m","formattedAvailabilityWindow":null,"formattedAvailabilityWindowShort":null,"image":{"portraitUrl":null,"landscapeUrl":"https:\/\/images.nlziet.nl\/metadataimportimages\/source\/93C24940F8E677463519948E1EFEB0901C38E0C6DA2140189801C24D1E6BE2E0.jpg"},"logo":{"normalUrl":"https:\/\/cdn.nlziet.nl\/static\/assets\/contentproviders\/npo.png","darkUrl":"https:\/\/cdn.nlziet.nl\/static\/assets\/contentproviders\/dark\/npo.png","flatUrl":"https:\/\/cdn.nlziet.nl\/static\/assets\/contentproviders\/flat\/npo.png"},"tags":[],"seriesId":"5gjygJ6PTUiHIH0TR4xv-Q"},{"id":"qXvVq845h0CRhyQVquIvXQ","type":"Vod","title":"Below the Surface","subtitle":"Afl. 7 en 8","description":"KRO-NCRV - Philip ontdekt de identiteit van de gijzelnemer en schrikt van zijn eigen betrokkenheid in de zaak. Er is ook een bijzondere rol weggelegd voor Naja.","formattedEpisodeNumbering":"S1:A7","formattedDate":"Za 28 apr. 2018","formattedDateShort":"Apr. 2018","formattedTime":"21:30","formattedDuration":"1u 22m","formattedAvailabilityWindow":null,"formattedAvailabilityWindowShort":null,"image":{"portraitUrl":null,"landscapeUrl":"https:\/\/images.nlziet.nl\/metadataimportimages\/source\/883EA293EA75746AD237CCDAAD4666970FD03C75C35FE91EF92A02EDD2985C84.jpg"},"logo":{"normalUrl":"https:\/\/cdn.nlziet.nl\/static\/assets\/contentproviders\/npo.png","darkUrl":"https:\/\/cdn.nlziet.nl\/static\/assets\/contentproviders\/dark\/npo.png","flatUrl":"https:\/\/cdn.nlziet.nl\/static\/assets\/contentproviders\/flat\/npo.png"},"tags":[],"seriesId":"5gjygJ6PTUiHIH0TR4xv-Q"},{"id":"m1b65rRWI0i1alDxA4SwHw","type":"Vod","title":"Below the Surface","subtitle":"","description":"KRO-NCRV - Wanneer er nog een gijzelaar wordt vermoord, schakelt de politie een versnelling hoger. Het onderzoek leidt hen naar bronnen in het Deense leger. Is dit een doorbraak?","formattedEpisodeNumbering":"S1:A6","formattedDate":"Za 21 apr. 2018","formattedDateShort":"Apr. 2018","formattedTime":"21:25","formattedDuration":"42m","formattedAvailabilityWindow":null,"formattedAvailabilityWindowShort":null,"image":{"portraitUrl":null,"landscapeUrl":"https:\/\/images.nlziet.nl\/metadataimportimages\/source\/3006848D5F3EB14288F6804367E5F9EFDCA4B68880B66763E4B9FE872B4E08FC.jpg"},"logo":{"normalUrl":"https:\/\/cdn.nlziet.nl\/static\/assets\/contentproviders\/npo.png","darkUrl":"https:\/\/cdn.nlziet.nl\/static\/assets\/contentproviders\/dark\/npo.png","flatUrl":"https:\/\/cdn.nlziet.nl\/static\/assets\/contentproviders\/flat\/npo.png"},"tags":[],"seriesId":"5gjygJ6PTUiHIH0TR4xv-Q"},{"id":"szIwTvm5xkqScbuNVPPMcA","type":"Vod","title":"Below the Surface","subtitle":"","description":"KRO-NCRV - Er ontstaat paniek bij de gijzelaars en ze overwegen actie te ondernemen. Ondertussen vermoeden Philip en Louisa dat de muur vol foto's van Philip niet zomaar een grondige voorbereiding is.","formattedEpisodeNumbering":"S1:A5","formattedDate":"Za 14 apr. 2018","formattedDateShort":"Apr. 2018","formattedTime":"21:20","formattedDuration":"42m","formattedAvailabilityWindow":null,"formattedAvailabilityWindowShort":null,"image":{"portraitUrl":null,"landscapeUrl":"https:\/\/images.nlziet.nl\/metadataimportimages\/source\/AF24517684D65753524659B999390690A48942C93EE48CC2BFC9D9562C565C38.jpg"},"logo":{"normalUrl":"https:\/\/cdn.nlziet.nl\/static\/assets\/contentproviders\/npo.png","darkUrl":"https:\/\/cdn.nlziet.nl\/static\/assets\/contentproviders\/dark\/npo.png","flatUrl":"https:\/\/cdn.nlziet.nl\/static\/assets\/contentproviders\/flat\/npo.png"},"tags":[],"seriesId":"5gjygJ6PTUiHIH0TR4xv-Q"},{"id":"bRsRUArD8U-grnVmQ3Ed0g","type":"Vod","title":"Below the Surface","subtitle":"","description":"KRO-NCRV - Het team krijgt meer duidelijkheid over de identiteit van de gijzelnemer. Naja heeft twijfels over haar inzamelactie, tot ze Jonas, de zoon van een van de gijzelaars, ontmoet.","formattedEpisodeNumbering":"S1:A4","formattedDate":"Za 7 apr. 2018","formattedDateShort":"Apr. 2018","formattedTime":"21:20","formattedDuration":"43m","formattedAvailabilityWindow":null,"formattedAvailabilityWindowShort":null,"image":{"portraitUrl":null,"landscapeUrl":"https:\/\/images.nlziet.nl\/metadataimportimages\/source\/99629D7CF00D9AADEBA3C8550C69B4A54CEDD9CB6C9144C2AEAC35B51D230375.jpg"},"logo":{"normalUrl":"https:\/\/cdn.nlziet.nl\/static\/assets\/contentproviders\/npo.png","darkUrl":"https:\/\/cdn.nlziet.nl\/static\/assets\/contentproviders\/dark\/npo.png","flatUrl":"https:\/\/cdn.nlziet.nl\/static\/assets\/contentproviders\/flat\/npo.png"},"tags":[],"seriesId":"5gjygJ6PTUiHIH0TR4xv-Q"},{"id":"WrHGTQjSikm5d39BoHTHFQ","type":"Vod","title":"Below the Surface","subtitle":"","description":"KRO-NCRV - Philip plant een gewapende reactie op de eerste vermoorde gijzelaar. Het is echter een gevaarlijke missie die tweedracht zaait in het team.","formattedEpisodeNumbering":"S1:A3","formattedDate":"Za 31 mrt. 2018","formattedDateShort":"Mrt. 2018","formattedTime":"21:25","formattedDuration":"43m","formattedAvailabilityWindow":null,"formattedAvailabilityWindowShort":null,"image":{"portraitUrl":null,"landscapeUrl":"https:\/\/images.nlziet.nl\/metadataimportimages\/source\/EB1A1C6CC6CA658DFE0AF8AAE43BB48B3867F68C118C567702A9C291F0D07F16.jpg"},"logo":{"normalUrl":"https:\/\/cdn.nlziet.nl\/static\/assets\/contentproviders\/npo.png","darkUrl":"https:\/\/cdn.nlziet.nl\/static\/assets\/contentproviders\/dark\/npo.png","flatUrl":"https:\/\/cdn.nlziet.nl\/static\/assets\/contentproviders\/flat\/npo.png"},"tags":[],"seriesId":"5gjygJ6PTUiHIH0TR4xv-Q"},{"id":"NhBfmGdXs0i8Fp0X76dwdA","type":"Vod","title":"Below the Surface","subtitle":"","description":"KRO-NCRV - Naja, de journaliste die werd ontslagen na een ongeoorloofd interview, besluit geld in te zamelen om het losgeld voor de gijzelaars te betalen.","formattedEpisodeNumbering":"S1:A2","formattedDate":"Za 24 mrt. 2018","formattedDateShort":"Mrt. 2018","formattedTime":"21:30","formattedDuration":"43m","formattedAvailabilityWindow":null,"formattedAvailabilityWindowShort":null,"image":{"portraitUrl":null,"landscapeUrl":"https:\/\/images.nlziet.nl\/metadataimportimages\/source\/9775A1A0EF119A9BBCAE88E827B65DF307E92DC5106CD82E5B2216BE4CC9B92A.jpg"},"logo":{"normalUrl":"https:\/\/cdn.nlziet.nl\/static\/assets\/contentproviders\/npo.png","darkUrl":"https:\/\/cdn.nlziet.nl\/static\/assets\/contentproviders\/dark\/npo.png","flatUrl":"https:\/\/cdn.nlziet.nl\/static\/assets\/contentproviders\/flat\/npo.png"},"tags":[],"seriesId":"5gjygJ6PTUiHIH0TR4xv-Q"},{"id":"PB9SxQdbr0qHzxuXLUayJQ","type":"Vod","title":"Below the Surface","subtitle":"","description":"KRO-NCRV - Drie zwaargewapende mannen kapen een metrostel met vijftien gijzelaars. De antiterreureenheid van de politie, onder leiding van Philip N\u00f8rgaard, schiet in actie.","formattedEpisodeNumbering":"S1:A1","formattedDate":"Za 17 mrt. 2018","formattedDateShort":"Mrt. 2018","formattedTime":"21:30","formattedDuration":"42m","formattedAvailabilityWindow":null,"formattedAvailabilityWindowShort":null,"image":{"portraitUrl":null,"landscapeUrl":"https:\/\/images.nlziet.nl\/metadataimportimages\/source\/192CAAAD4D44F4F9546F4267BDBFD20951D56B7B2F3D1A743DD9EB1560B1B053.jpg"},"logo":{"normalUrl":"https:\/\/cdn.nlziet.nl\/static\/assets\/contentproviders\/npo.png","darkUrl":"https:\/\/cdn.nlziet.nl\/static\/assets\/contentproviders\/dark\/npo.png","flatUrl":"https:\/\/cdn.nlziet.nl\/static\/assets\/contentproviders\/flat\/npo.png"},"tags":[],"seriesId":"5gjygJ6PTUiHIH0TR4xv-Q"}]