[{"id":"RxFfv1tc-E6S3xbombo5Vg","type":"Vod","title":"NOS WK-kwalificatie Voetbal Nederland - Noorwegen wedstrijdanalyse","subtitle":"NOS WK-kwalificatie Voetbal Nederland - Noorwegen wedstrijdanalyse","description":"NOS - Wedstrijdanalyse van de WK-kwalificatiewedstrijd Nederland -Noorwegen.","formattedEpisodeNumbering":null,"formattedDate":"Di 16 nov. 2021","formattedDateShort":"Nov. 2021","formattedTime":"21:36","formattedDuration":"2m","formattedAvailabilityWindow":null,"formattedAvailabilityWindowShort":null,"image":{"portraitUrl":null,"landscapeUrl":"https:\/\/images.nlziet.nl\/metadataimportimages\/source\/FBD8825EDC43E6A82F62CFF19398D493C618018BA14E40474EB0152F624277DF.jpg"},"logo":{"normalUrl":"https:\/\/cdn.nlziet.nl\/static\/assets\/contentproviders\/npo.png","darkUrl":"https:\/\/cdn.nlziet.nl\/static\/assets\/contentproviders\/dark\/npo.png","flatUrl":"https:\/\/cdn.nlziet.nl\/static\/assets\/contentproviders\/flat\/npo.png"},"tags":[],"seriesId":"5Ys7Jwg3_EKAiS07ctyJhw"},{"id":"qzp_t9xzJEKvvzc52cs2xQ","type":"Vod","title":"NOS WK-kwalificatie Voetbal Montenegro - Nederland wedstrijdanalyse","subtitle":"NOS WK-kwalificatie Voetbal Montenegro - Nederland wedstrijdanalyse","description":"NOS - Wedstrijdanalyse van de wedstrijd Montenegro - Nederland.","formattedEpisodeNumbering":null,"formattedDate":"Za 13 nov. 2021","formattedDateShort":"Nov. 2021","formattedTime":"21:38","formattedDuration":"3m","formattedAvailabilityWindow":null,"formattedAvailabilityWindowShort":null,"image":{"portraitUrl":null,"landscapeUrl":"https:\/\/images.nlziet.nl\/metadataimportimages\/source\/46003BC4D53D82166639BE69DE265D5288214D17188E858E2AE7E584BC7CBAF3.jpg"},"logo":{"normalUrl":"https:\/\/cdn.nlziet.nl\/static\/assets\/contentproviders\/npo.png","darkUrl":"https:\/\/cdn.nlziet.nl\/static\/assets\/contentproviders\/dark\/npo.png","flatUrl":"https:\/\/cdn.nlziet.nl\/static\/assets\/contentproviders\/flat\/npo.png"},"tags":[],"seriesId":"5Ys7Jwg3_EKAiS07ctyJhw"},{"id":"WQMx3XmwnUmQ1x6-h3UFsg","type":"Vod","title":"NOS WK-kwalificatie Voetbal Nederland - Gibraltar wedstrijdanalyse","subtitle":"NOS WK-kwalificatie Voetbal Nederland - Gibraltar wedstrijdanalyse","description":"NOS - Wedstrijdanalyse tijdens de rust van de WK-kwalificatiewedstrijd Nederland -Gibraltar.","formattedEpisodeNumbering":null,"formattedDate":"Ma 11 okt. 2021","formattedDateShort":"Okt. 2021","formattedTime":"21:39","formattedDuration":"3m","formattedAvailabilityWindow":null,"formattedAvailabilityWindowShort":null,"image":{"portraitUrl":null,"landscapeUrl":"https:\/\/images.nlziet.nl\/metadataimportimages\/source\/15442431F4F1F92F8B63CD0C1F478D131F7F6EDF1CE9AD6A20DD5A7F1149E2AF.jpg"},"logo":{"normalUrl":"https:\/\/cdn.nlziet.nl\/static\/assets\/contentproviders\/npo.png","darkUrl":"https:\/\/cdn.nlziet.nl\/static\/assets\/contentproviders\/dark\/npo.png","flatUrl":"https:\/\/cdn.nlziet.nl\/static\/assets\/contentproviders\/flat\/npo.png"},"tags":[],"seriesId":"5Ys7Jwg3_EKAiS07ctyJhw"},{"id":"iYmjvl0-90O5MNIRCxA7cw","type":"Vod","title":"NOS WK-kwalificatie Voetbal Letland - Nederland wedstrijdanalyse","subtitle":"NOS WK-kwalificatie Voetbal Letland - Nederland wedstrijdanalyse","description":"NOS - Wedstrijdanalyse van de wedstrijd Letland - Nederland.","formattedEpisodeNumbering":null,"formattedDate":"Vr 8 okt. 2021","formattedDateShort":"Okt. 2021","formattedTime":"21:37","formattedDuration":"3m","formattedAvailabilityWindow":null,"formattedAvailabilityWindowShort":null,"image":{"portraitUrl":null,"landscapeUrl":"https:\/\/images.nlziet.nl\/metadataimportimages\/source\/5EF167DA128D25E87748AF91BFC4134D24F58F56B45E07F8204A9F1F44905E5F.jpg"},"logo":{"normalUrl":"https:\/\/cdn.nlziet.nl\/static\/assets\/contentproviders\/npo.png","darkUrl":"https:\/\/cdn.nlziet.nl\/static\/assets\/contentproviders\/dark\/npo.png","flatUrl":"https:\/\/cdn.nlziet.nl\/static\/assets\/contentproviders\/flat\/npo.png"},"tags":[],"seriesId":"5Ys7Jwg3_EKAiS07ctyJhw"},{"id":"e5enX8Olo0C3jjFKIae2-w","type":"Vod","title":"NOS WK-kwalificatie Voetbal Nederland - Turkije wedstrijdanalyse","subtitle":"NOS WK-kwalificatie Voetbal Nederland - Turkije wedstrijdanalyse","description":"NOS - Wedstrijdanalyse van de WK-kwalificatiewedstrijd Nederland - Turkije.","formattedEpisodeNumbering":null,"formattedDate":"Di 7 sep. 2021","formattedDateShort":"Sep. 2021","formattedTime":"21:38","formattedDuration":"3m","formattedAvailabilityWindow":null,"formattedAvailabilityWindowShort":null,"image":{"portraitUrl":null,"landscapeUrl":"https:\/\/images.nlziet.nl\/metadataimportimages\/source\/58467C1263F1D8FBB1A99FBEB3A35E8EFE7DA971BCCE3308F2EF29BFFF553083.jpg"},"logo":{"normalUrl":"https:\/\/cdn.nlziet.nl\/static\/assets\/contentproviders\/npo.png","darkUrl":"https:\/\/cdn.nlziet.nl\/static\/assets\/contentproviders\/dark\/npo.png","flatUrl":"https:\/\/cdn.nlziet.nl\/static\/assets\/contentproviders\/flat\/npo.png"},"tags":[],"seriesId":"5Ys7Jwg3_EKAiS07ctyJhw"},{"id":"OWrQ41E9bE-y6SW-iroRVA","type":"Vod","title":"NOS WK-kwalificatie Voetbal Nederland - Montenegro wedstrijdanalyse","subtitle":"NOS WK-kwalificatie Voetbal Nederland - Montenegro wedstrijdanalyse","description":"NOS - Wedstrijdanalyse van de WK-kwalificatiewedstrijd Nederland - Montenegro.","formattedEpisodeNumbering":null,"formattedDate":"Za 4 sep. 2021","formattedDateShort":"Sep. 2021","formattedTime":"21:36","formattedDuration":"3m","formattedAvailabilityWindow":null,"formattedAvailabilityWindowShort":null,"image":{"portraitUrl":null,"landscapeUrl":"https:\/\/images.nlziet.nl\/metadataimportimages\/source\/AD44B2BE6B5C764D348219B6DCFC1D28BE27AD149338690D25650697100C7745.jpg"},"logo":{"normalUrl":"https:\/\/cdn.nlziet.nl\/static\/assets\/contentproviders\/npo.png","darkUrl":"https:\/\/cdn.nlziet.nl\/static\/assets\/contentproviders\/dark\/npo.png","flatUrl":"https:\/\/cdn.nlziet.nl\/static\/assets\/contentproviders\/flat\/npo.png"},"tags":[],"seriesId":"5Ys7Jwg3_EKAiS07ctyJhw"},{"id":"EBIDlOAEbEiE3r1eu_MC_g","type":"Vod","title":"NOS WK-kwalificatie Voetbal Noorwegen - Nederland wedstrijdanalyse","subtitle":"NOS WK-kwalificatie Voetbal Noorwegen - Nederland wedstrijdanalyse","description":"NOS - Wedstrijdanalyse van de WK-kwalificatiewedstrijd Noorwegen - Nederland.","formattedEpisodeNumbering":null,"formattedDate":"Wo 1 sep. 2021","formattedDateShort":"Sep. 2021","formattedTime":"21:39","formattedDuration":"3m","formattedAvailabilityWindow":null,"formattedAvailabilityWindowShort":null,"image":{"portraitUrl":null,"landscapeUrl":"https:\/\/images.nlziet.nl\/metadataimportimages\/source\/2C45E0DE0DFD352769D58F6AF38BC2F0AD2B3B55CCBAFDB9642BEFB6C29D55BF.jpg"},"logo":{"normalUrl":"https:\/\/cdn.nlziet.nl\/static\/assets\/contentproviders\/npo.png","darkUrl":"https:\/\/cdn.nlziet.nl\/static\/assets\/contentproviders\/dark\/npo.png","flatUrl":"https:\/\/cdn.nlziet.nl\/static\/assets\/contentproviders\/flat\/npo.png"},"tags":[],"seriesId":"5Ys7Jwg3_EKAiS07ctyJhw"},{"id":"BaSyM7pgekCUCG4UvyOKMw","type":"Vod","title":"NOS WK-kwalificatie Voetbal Gibraltar - Nederland wedstrijdanalyse","subtitle":"NOS WK-kwalificatie Voetbal Gibraltar - Nederland wedstrijdanalyse","description":"NOS - Wedstrijdanalyse van de WK-kwalificatiewedstrijd Gibraltar - Nederland.","formattedEpisodeNumbering":null,"formattedDate":"Di 30 mrt. 2021","formattedDateShort":"Mrt. 2021","formattedTime":"21:38","formattedDuration":"3m","formattedAvailabilityWindow":null,"formattedAvailabilityWindowShort":null,"image":{"portraitUrl":null,"landscapeUrl":"https:\/\/images.nlziet.nl\/metadataimportimages\/source\/13029B3B3A64EC264CA38809DC32424130F60C60CFB2EFC4E67F9C624A48FEED.jpg"},"logo":{"normalUrl":"https:\/\/cdn.nlziet.nl\/static\/assets\/contentproviders\/npo.png","darkUrl":"https:\/\/cdn.nlziet.nl\/static\/assets\/contentproviders\/dark\/npo.png","flatUrl":"https:\/\/cdn.nlziet.nl\/static\/assets\/contentproviders\/flat\/npo.png"},"tags":[],"seriesId":"5Ys7Jwg3_EKAiS07ctyJhw"},{"id":"gRrbzafZJkO6Rnm_ulb9kA","type":"Vod","title":"NOS WK-kwalificatie Voetbal Nederland - Letland wedstrijdanalyse","subtitle":"NOS WK-kwalificatie Voetbal Nederland - Letland wedstrijdanalyse","description":"NOS - Wedstrijdanalyse van deze WK-kwalificatiewedstrijd.","formattedEpisodeNumbering":null,"formattedDate":"Za 27 mrt. 2021","formattedDateShort":"Mrt. 2021","formattedTime":"18:51","formattedDuration":"3m","formattedAvailabilityWindow":null,"formattedAvailabilityWindowShort":null,"image":{"portraitUrl":null,"landscapeUrl":"https:\/\/images.nlziet.nl\/metadataimportimages\/source\/5512BD0E09339A471472F9B24C50B67FB1DFB45DD73223EB1913F7BE1DB0770A.jpg"},"logo":{"normalUrl":"https:\/\/cdn.nlziet.nl\/static\/assets\/contentproviders\/npo.png","darkUrl":"https:\/\/cdn.nlziet.nl\/static\/assets\/contentproviders\/dark\/npo.png","flatUrl":"https:\/\/cdn.nlziet.nl\/static\/assets\/contentproviders\/flat\/npo.png"},"tags":[],"seriesId":"5Ys7Jwg3_EKAiS07ctyJhw"},{"id":"7E0zTX_HK0S7MfNEtuK3Yw","type":"Vod","title":"NOS WK-kwalificatie Voetbal Turkije - Nederland wedstrijdanalyse","subtitle":"NOS WK-kwalificatie Voetbal Turkije - Nederland wedstrijdanalyse","description":"NOS - Wedstrijdanalyse van de WK-kwalificatiewedstrijd Turkije - Nederland.","formattedEpisodeNumbering":null,"formattedDate":"Wo 24 mrt. 2021","formattedDateShort":"Mrt. 2021","formattedTime":"18:54","formattedDuration":"3m","formattedAvailabilityWindow":null,"formattedAvailabilityWindowShort":null,"image":{"portraitUrl":null,"landscapeUrl":"https:\/\/images.nlziet.nl\/metadataimportimages\/source\/B08B38B58EAE382C53CF33B22D4CC3D29D2F0DC5D6B8F5FECDF7FCA7359A879B.jpg"},"logo":{"normalUrl":"https:\/\/cdn.nlziet.nl\/static\/assets\/contentproviders\/npo.png","darkUrl":"https:\/\/cdn.nlziet.nl\/static\/assets\/contentproviders\/dark\/npo.png","flatUrl":"https:\/\/cdn.nlziet.nl\/static\/assets\/contentproviders\/flat\/npo.png"},"tags":[],"seriesId":"5Ys7Jwg3_EKAiS07ctyJhw"}]