[{"id":"9wycfN_XX0KutfXUh2UKtQ","type":"Vod","title":"NOS Kamerdebat","subtitle":"Coronacrisis","description":"NOS - Kamerdebat over de coronacrisis in Nederland, vervolg.","formattedEpisodeNumbering":null,"formattedDate":"Wo 30 sep. 2020","formattedDateShort":"Sep. 2020","formattedTime":"15:00","formattedDuration":"1u 51m","formattedAvailabilityWindow":null,"formattedAvailabilityWindowShort":null,"image":{"portraitUrl":null,"landscapeUrl":"https:\/\/images.nlziet.nl\/metadataimportimages\/source\/BFCC755A62155E477E92203C7F19C47A52AC787FC754DD8702275EBE1AE2671F.jpg"},"logo":{"normalUrl":"https:\/\/cdn.nlziet.nl\/static\/assets\/contentproviders\/npo.png","darkUrl":"https:\/\/cdn.nlziet.nl\/static\/assets\/contentproviders\/dark\/npo.png","flatUrl":"https:\/\/cdn.nlziet.nl\/static\/assets\/contentproviders\/flat\/npo.png"},"tags":[],"seriesId":"7w7QGJy-_kmjD1dwmjwvsA"},{"id":"jNa_ONQwskeDXiEgEsO9dQ","type":"Vod","title":"NOS Kamerdebat","subtitle":"Coronacrisis","description":"NOS - Kamerdebat over de coronacrisis in Nederland.","formattedEpisodeNumbering":null,"formattedDate":"Wo 30 sep. 2020","formattedDateShort":"Sep. 2020","formattedTime":"11:30","formattedDuration":"2u 23m","formattedAvailabilityWindow":null,"formattedAvailabilityWindowShort":null,"image":{"portraitUrl":null,"landscapeUrl":"https:\/\/images.nlziet.nl\/metadataimportimages\/source\/321FF0A86D44C120F8509C89BDA287CAFBAE0323FE0DF7695324DD9BB17FB2DB.jpg"},"logo":{"normalUrl":"https:\/\/cdn.nlziet.nl\/static\/assets\/contentproviders\/npo.png","darkUrl":"https:\/\/cdn.nlziet.nl\/static\/assets\/contentproviders\/dark\/npo.png","flatUrl":"https:\/\/cdn.nlziet.nl\/static\/assets\/contentproviders\/flat\/npo.png"},"tags":[],"seriesId":"7w7QGJy-_kmjD1dwmjwvsA"},{"id":"QcTKqPE8n0uaPeV9HDdS4g","type":"Vod","title":"NOS Kamerdebat","subtitle":"NOS Kamerdebat Wet erkenning Nederlandse gebarentaal, vervolg","description":null,"formattedEpisodeNumbering":null,"formattedDate":"Za 5 sep. 2020","formattedDateShort":"Sep. 2020","formattedTime":"20:55","formattedDuration":"1u 58m","formattedAvailabilityWindow":null,"formattedAvailabilityWindowShort":null,"image":{"portraitUrl":null,"landscapeUrl":"https:\/\/images.nlziet.nl\/metadataimportimages\/source\/1A44BFE7C62C2874FBAA1E98E35530D0D0B3AF4C5234C20C5AAFB04D1D2ED8DA.jpg"},"logo":{"normalUrl":"https:\/\/cdn.nlziet.nl\/static\/assets\/contentproviders\/npo.png","darkUrl":"https:\/\/cdn.nlziet.nl\/static\/assets\/contentproviders\/dark\/npo.png","flatUrl":"https:\/\/cdn.nlziet.nl\/static\/assets\/contentproviders\/flat\/npo.png"},"tags":[],"seriesId":"7w7QGJy-_kmjD1dwmjwvsA"},{"id":"pWg1s4EUWkOAuVm6BEVimQ","type":"Vod","title":"NOS Kamerdebat","subtitle":"NOS Kamerdebat coronasituatie","description":"NOS - Kamerdebat in verband met de coronasituatie in Nederland.","formattedEpisodeNumbering":null,"formattedDate":"Wo 12 aug. 2020","formattedDateShort":"Aug. 2020","formattedTime":"14:40","formattedDuration":"3u 8m","formattedAvailabilityWindow":null,"formattedAvailabilityWindowShort":null,"image":{"portraitUrl":null,"landscapeUrl":"https:\/\/images.nlziet.nl\/metadataimportimages\/source\/94A1A3D047C3A4F234594013E51FF45D66985A389ECF7CD85ECF8F91FCC085BC.jpg"},"logo":{"normalUrl":"https:\/\/cdn.nlziet.nl\/static\/assets\/contentproviders\/npo.png","darkUrl":"https:\/\/cdn.nlziet.nl\/static\/assets\/contentproviders\/dark\/npo.png","flatUrl":"https:\/\/cdn.nlziet.nl\/static\/assets\/contentproviders\/flat\/npo.png"},"tags":[],"seriesId":"7w7QGJy-_kmjD1dwmjwvsA"},{"id":"69UQ-t_ECE6eI_ZSSEMSVw","type":"Vod","title":"NOS Kamerdebat","subtitle":"NOS Kamerdebat coronasituatie","description":"NOS - Kamerdebat in verband met de coronasituatie in Nederland.","formattedEpisodeNumbering":null,"formattedDate":"Wo 12 aug. 2020","formattedDateShort":"Aug. 2020","formattedTime":"11:40","formattedDuration":"2u 4m","formattedAvailabilityWindow":null,"formattedAvailabilityWindowShort":null,"image":{"portraitUrl":null,"landscapeUrl":"https:\/\/images.nlziet.nl\/metadataimportimages\/source\/42D01846B55436537F91F7052F798C28165CA8B409AEA9F3F5E9F2F974D1B5CA.jpg"},"logo":{"normalUrl":"https:\/\/cdn.nlziet.nl\/static\/assets\/contentproviders\/npo.png","darkUrl":"https:\/\/cdn.nlziet.nl\/static\/assets\/contentproviders\/dark\/npo.png","flatUrl":"https:\/\/cdn.nlziet.nl\/static\/assets\/contentproviders\/flat\/npo.png"},"tags":[],"seriesId":"7w7QGJy-_kmjD1dwmjwvsA"},{"id":"7WE3z96UKEe06rGT1AcdBA","type":"Vod","title":"NOS Kamerdebat","subtitle":"NOS Kamerdebat steunmaatregelen coronacrisis","description":"NOS - De Tweede Kamer debatteert over de steunmaatregelen door het kabinet aan het bedrijfsleven tijdens de coronacrisis.","formattedEpisodeNumbering":null,"formattedDate":"Do 28 mei. 2020","formattedDateShort":"Mei. 2020","formattedTime":"14:05","formattedDuration":"2u 31m","formattedAvailabilityWindow":null,"formattedAvailabilityWindowShort":null,"image":{"portraitUrl":null,"landscapeUrl":"https:\/\/images.nlziet.nl\/metadataimportimages\/source\/BFB5CA4D799E9E96174563D804750E24243DFF386B0C4413FCB9FC627C0D2154.jpg"},"logo":{"normalUrl":"https:\/\/cdn.nlziet.nl\/static\/assets\/contentproviders\/npo.png","darkUrl":"https:\/\/cdn.nlziet.nl\/static\/assets\/contentproviders\/dark\/npo.png","flatUrl":"https:\/\/cdn.nlziet.nl\/static\/assets\/contentproviders\/flat\/npo.png"},"tags":[],"seriesId":"7w7QGJy-_kmjD1dwmjwvsA"},{"id":"rBBBtG6Kk0Wp497BHQuNIw","type":"Vod","title":"NOS Kamerdebat","subtitle":"NOS Kamerdebat steunmaatregelen coronacrisis","description":"NOS - De Tweede Kamer debatteert over de steunmaatregelen door het kabinet aan het bedrijfsleven tijdens de coronacrisis.","formattedEpisodeNumbering":null,"formattedDate":"Do 28 mei. 2020","formattedDateShort":"Mei. 2020","formattedTime":"11:00","formattedDuration":"2u 28m","formattedAvailabilityWindow":null,"formattedAvailabilityWindowShort":null,"image":{"portraitUrl":null,"landscapeUrl":"https:\/\/images.nlziet.nl\/metadataimportimages\/source\/84C3EA90ED50C136995D3308EF92FB2B0F7D494320AF34984B8CF367712D70AF.jpg"},"logo":{"normalUrl":"https:\/\/cdn.nlziet.nl\/static\/assets\/contentproviders\/npo.png","darkUrl":"https:\/\/cdn.nlziet.nl\/static\/assets\/contentproviders\/dark\/npo.png","flatUrl":"https:\/\/cdn.nlziet.nl\/static\/assets\/contentproviders\/flat\/npo.png"},"tags":[],"seriesId":"7w7QGJy-_kmjD1dwmjwvsA"},{"id":"WfL2QihvVUuau9FEFl8giQ","type":"Vod","title":"NOS Kamerdebat","subtitle":"Coronacrisis","description":"NOS - Kamerdebat over de coronacrisis in Nederland. Vervolg van NPO 1.","formattedEpisodeNumbering":null,"formattedDate":"Do 7 mei. 2020","formattedDateShort":"Mei. 2020","formattedTime":"16:25","formattedDuration":"3u 24m","formattedAvailabilityWindow":null,"formattedAvailabilityWindowShort":null,"image":{"portraitUrl":null,"landscapeUrl":"https:\/\/images.nlziet.nl\/metadataimportimages\/source\/F5A1B3F32AF9C2B58B85328EFAE9266B45D97F364A2A78C4B8BF57D2DB377C80.jpg"},"logo":{"normalUrl":"https:\/\/cdn.nlziet.nl\/static\/assets\/contentproviders\/npo.png","darkUrl":"https:\/\/cdn.nlziet.nl\/static\/assets\/contentproviders\/dark\/npo.png","flatUrl":"https:\/\/cdn.nlziet.nl\/static\/assets\/contentproviders\/flat\/npo.png"},"tags":[],"seriesId":"7w7QGJy-_kmjD1dwmjwvsA"},{"id":"b1dLmg3qy0m8RLLsN-vF9A","type":"Vod","title":"NOS Kamerdebat","subtitle":"Coronacrisis","description":"NOS - Kamerdebat over de coronacrisis in Nederland.","formattedEpisodeNumbering":null,"formattedDate":"Do 7 mei. 2020","formattedDateShort":"Mei. 2020","formattedTime":"16:00","formattedDuration":"38m","formattedAvailabilityWindow":null,"formattedAvailabilityWindowShort":null,"image":{"portraitUrl":null,"landscapeUrl":"https:\/\/images.nlziet.nl\/metadataimportimages\/source\/4411D7819BD9F359CF2445CF0EE16AAF9BECE206211CFC291F114CB1AABCC4B2.jpg"},"logo":{"normalUrl":"https:\/\/cdn.nlziet.nl\/static\/assets\/contentproviders\/npo.png","darkUrl":"https:\/\/cdn.nlziet.nl\/static\/assets\/contentproviders\/dark\/npo.png","flatUrl":"https:\/\/cdn.nlziet.nl\/static\/assets\/contentproviders\/flat\/npo.png"},"tags":[],"seriesId":"7w7QGJy-_kmjD1dwmjwvsA"},{"id":"6Z-LW4eoTkyQt155xSuP_Q","type":"Vod","title":"NOS Kamerdebat","subtitle":"Coronacrisis","description":"NOS - Kamerdebat over de coronacrisis in Nederland.","formattedEpisodeNumbering":null,"formattedDate":"Do 7 mei. 2020","formattedDateShort":"Mei. 2020","formattedTime":"14:00","formattedDuration":"1u 25m","formattedAvailabilityWindow":null,"formattedAvailabilityWindowShort":null,"image":{"portraitUrl":null,"landscapeUrl":"https:\/\/images.nlziet.nl\/metadataimportimages\/source\/8D555844EAB985EEEA435E68C06685B7BC53342B10793B16075D893DC5D20B0A.jpg"},"logo":{"normalUrl":"https:\/\/cdn.nlziet.nl\/static\/assets\/contentproviders\/npo.png","darkUrl":"https:\/\/cdn.nlziet.nl\/static\/assets\/contentproviders\/dark\/npo.png","flatUrl":"https:\/\/cdn.nlziet.nl\/static\/assets\/contentproviders\/flat\/npo.png"},"tags":[],"seriesId":"7w7QGJy-_kmjD1dwmjwvsA"},{"id":"4FR2fcbYrUmywvnCsx9GHw","type":"Vod","title":"NOS Kamerdebat","subtitle":"Coronacrisis","description":"NOS - Tweede Kamerdebat over de coronacrisis, o.a. de corona-app en de op 21 april afgekondigde maatregelen voor de scholen. Vervolg van 16.30 uur op NPO 1.","formattedEpisodeNumbering":null,"formattedDate":"Wo 22 apr. 2020","formattedDateShort":"Apr. 2020","formattedTime":"18:20","formattedDuration":"1u 28m","formattedAvailabilityWindow":null,"formattedAvailabilityWindowShort":null,"image":{"portraitUrl":null,"landscapeUrl":"https:\/\/images.nlziet.nl\/metadataimportimages\/source\/5CBCCA97FC924B951E45607F6B8CEBE6F949CECDB6FA3A30EEF51B3E19DF5A93.jpg"},"logo":{"normalUrl":"https:\/\/cdn.nlziet.nl\/static\/assets\/contentproviders\/npo.png","darkUrl":"https:\/\/cdn.nlziet.nl\/static\/assets\/contentproviders\/dark\/npo.png","flatUrl":"https:\/\/cdn.nlziet.nl\/static\/assets\/contentproviders\/flat\/npo.png"},"tags":[],"seriesId":"7w7QGJy-_kmjD1dwmjwvsA"},{"id":"B0OUHv2hGUmxVsVD_jEzAw","type":"Vod","title":"NOS Kamerdebat","subtitle":"Coronacrisis","description":"NOS - Tweede Kamerdebat over de coronacrisis, o.a. de corona-app en de op 21 april afgekondigde maatregelen voor de scholen. Vervolg vanaf 16.30 op NPO 2.","formattedEpisodeNumbering":null,"formattedDate":"Wo 22 apr. 2020","formattedDateShort":"Apr. 2020","formattedTime":"15:25","formattedDuration":"1u 11m","formattedAvailabilityWindow":null,"formattedAvailabilityWindowShort":null,"image":{"portraitUrl":null,"landscapeUrl":"https:\/\/images.nlziet.nl\/metadataimportimages\/source\/A57994720F6D8B81971B758E934DE10066B5DAC3A84F2CA65C1711570DCDD365.jpg"},"logo":{"normalUrl":"https:\/\/cdn.nlziet.nl\/static\/assets\/contentproviders\/npo.png","darkUrl":"https:\/\/cdn.nlziet.nl\/static\/assets\/contentproviders\/dark\/npo.png","flatUrl":"https:\/\/cdn.nlziet.nl\/static\/assets\/contentproviders\/flat\/npo.png"},"tags":[],"seriesId":"7w7QGJy-_kmjD1dwmjwvsA"},{"id":"OB9CqRerkEGcX4eyhKkDSg","type":"Vod","title":"NOS Kamerdebat","subtitle":"Coronacrisis","description":"NOS - Kamerdebat over de gevolgen van de coronacrisis. Deel 2.","formattedEpisodeNumbering":null,"formattedDate":"Do 16 apr. 2020","formattedDateShort":"Apr. 2020","formattedTime":"15:40","formattedDuration":"49m","formattedAvailabilityWindow":null,"formattedAvailabilityWindowShort":null,"image":{"portraitUrl":null,"landscapeUrl":"https:\/\/images.nlziet.nl\/metadataimportimages\/source\/DA991314B6BE27A18779C0D1C965EEE6174DEDE97A3D5DD81E582496E94C74F4.jpg"},"logo":{"normalUrl":"https:\/\/cdn.nlziet.nl\/static\/assets\/contentproviders\/npo.png","darkUrl":"https:\/\/cdn.nlziet.nl\/static\/assets\/contentproviders\/dark\/npo.png","flatUrl":"https:\/\/cdn.nlziet.nl\/static\/assets\/contentproviders\/flat\/npo.png"},"tags":[],"seriesId":"7w7QGJy-_kmjD1dwmjwvsA"},{"id":"M0zaqALlHk24Io9HkgyOHw","type":"Vod","title":"NOS Kamerdebat","subtitle":"Coronacrisis","description":"NOS - Kamerdebat over de gevolgen van de coronacrisis. Deel 1 van 2.","formattedEpisodeNumbering":null,"formattedDate":"Do 16 apr. 2020","formattedDateShort":"Apr. 2020","formattedTime":"14:00","formattedDuration":"1u 17m","formattedAvailabilityWindow":null,"formattedAvailabilityWindowShort":null,"image":{"portraitUrl":null,"landscapeUrl":"https:\/\/images.nlziet.nl\/metadataimportimages\/source\/5B11AEA3D08CB3C4C3CE7F2EAC10A372DC374903D4A4B5AC30167BB8F2E9C465.jpg"},"logo":{"normalUrl":"https:\/\/cdn.nlziet.nl\/static\/assets\/contentproviders\/npo.png","darkUrl":"https:\/\/cdn.nlziet.nl\/static\/assets\/contentproviders\/dark\/npo.png","flatUrl":"https:\/\/cdn.nlziet.nl\/static\/assets\/contentproviders\/flat\/npo.png"},"tags":[],"seriesId":"7w7QGJy-_kmjD1dwmjwvsA"},{"id":"6hi9outyb02TGAFYOoAdzA","type":"Vod","title":"NOS Kamerdebat","subtitle":"Coronacrisis","description":"NOS - Kamerdebat over de coronacrisis in Nederland.","formattedEpisodeNumbering":null,"formattedDate":"Wo 8 apr. 2020","formattedDateShort":"Apr. 2020","formattedTime":"14:00","formattedDuration":"2u 26m","formattedAvailabilityWindow":null,"formattedAvailabilityWindowShort":null,"image":{"portraitUrl":null,"landscapeUrl":"https:\/\/images.nlziet.nl\/metadataimportimages\/source\/BB554073CC9CEF755AE796B46EAAA0F40E70DB0CC5F95212A370F87E07DFB9BB.jpg"},"logo":{"normalUrl":"https:\/\/cdn.nlziet.nl\/static\/assets\/contentproviders\/npo.png","darkUrl":"https:\/\/cdn.nlziet.nl\/static\/assets\/contentproviders\/dark\/npo.png","flatUrl":"https:\/\/cdn.nlziet.nl\/static\/assets\/contentproviders\/flat\/npo.png"},"tags":[],"seriesId":"7w7QGJy-_kmjD1dwmjwvsA"},{"id":"U2zVqcqYM0iRWmjNNuGfog","type":"Vod","title":"NOS Kamerdebat","subtitle":"NOS Kamerdebat coronacrisis, vervolg","description":"NOS - Kamerdebat met de regering over de coronacrisis.","formattedEpisodeNumbering":null,"formattedDate":"Wo 1 apr. 2020","formattedDateShort":"Apr. 2020","formattedTime":"16:25","formattedDuration":"2u 33m","formattedAvailabilityWindow":null,"formattedAvailabilityWindowShort":null,"image":{"portraitUrl":null,"landscapeUrl":"https:\/\/images.nlziet.nl\/metadataimportimages\/source\/127EB7C78097F2FEE98F11A69E1FF4A661C340392E15216A9AECE726F54CD5F1.jpg"},"logo":{"normalUrl":"https:\/\/cdn.nlziet.nl\/static\/assets\/contentproviders\/npo.png","darkUrl":"https:\/\/cdn.nlziet.nl\/static\/assets\/contentproviders\/dark\/npo.png","flatUrl":"https:\/\/cdn.nlziet.nl\/static\/assets\/contentproviders\/flat\/npo.png"},"tags":[],"seriesId":"7w7QGJy-_kmjD1dwmjwvsA"},{"id":"aCCm40x6b0SmmbKdyDoWsw","type":"Vod","title":"NOS Kamerdebat","subtitle":"NOS Kamerdebat coronacrisis","description":"NOS - Kamerdebat met de regering over de coronacrisis.","formattedEpisodeNumbering":null,"formattedDate":"Wo 1 apr. 2020","formattedDateShort":"Apr. 2020","formattedTime":"16:00","formattedDuration":"33m","formattedAvailabilityWindow":null,"formattedAvailabilityWindowShort":null,"image":{"portraitUrl":null,"landscapeUrl":"https:\/\/images.nlziet.nl\/metadataimportimages\/source\/83748D0D76E0423E2CE6E0DB88DE1E24673547EE33EA26DBCDA579BE870393DD.jpg"},"logo":{"normalUrl":"https:\/\/cdn.nlziet.nl\/static\/assets\/contentproviders\/npo.png","darkUrl":"https:\/\/cdn.nlziet.nl\/static\/assets\/contentproviders\/dark\/npo.png","flatUrl":"https:\/\/cdn.nlziet.nl\/static\/assets\/contentproviders\/flat\/npo.png"},"tags":[],"seriesId":"7w7QGJy-_kmjD1dwmjwvsA"},{"id":"iXg7ZloM30uVUDorJmIV0Q","type":"Vod","title":"NOS Kamerdebat","subtitle":"NOS Kamerdebat coronacrisis","description":"NOS - Kamerdebat met de regering over de coronacrisis.","formattedEpisodeNumbering":null,"formattedDate":"Wo 1 apr. 2020","formattedDateShort":"Apr. 2020","formattedTime":"14:05","formattedDuration":"1u 45m","formattedAvailabilityWindow":null,"formattedAvailabilityWindowShort":null,"image":{"portraitUrl":null,"landscapeUrl":"https:\/\/images.nlziet.nl\/metadataimportimages\/source\/EB85FC9CD880C566757F6A5203B1C71DEAAC984B8B98EB118FBFC0654B35A068.jpg"},"logo":{"normalUrl":"https:\/\/cdn.nlziet.nl\/static\/assets\/contentproviders\/npo.png","darkUrl":"https:\/\/cdn.nlziet.nl\/static\/assets\/contentproviders\/dark\/npo.png","flatUrl":"https:\/\/cdn.nlziet.nl\/static\/assets\/contentproviders\/flat\/npo.png"},"tags":[],"seriesId":"7w7QGJy-_kmjD1dwmjwvsA"},{"id":"nFZYs8NxnUWBumB7a54nQg","type":"Vod","title":"NOS Kamerdebat","subtitle":"NOS Kamerdebat Corona","description":"NOS - Coronadebat in de Tweede Kamer met het kabinet.","formattedEpisodeNumbering":null,"formattedDate":"Do 26 mrt. 2020","formattedDateShort":"Mrt. 2020","formattedTime":"12:00","formattedDuration":"4u 0m","formattedAvailabilityWindow":null,"formattedAvailabilityWindowShort":null,"image":{"portraitUrl":null,"landscapeUrl":"https:\/\/images.nlziet.nl\/metadataimportimages\/source\/CF64724BEA846E4D33744B08940262E6B724F951B7A049F8740AEE45952863F6.jpg"},"logo":{"normalUrl":"https:\/\/cdn.nlziet.nl\/static\/assets\/contentproviders\/npo.png","darkUrl":"https:\/\/cdn.nlziet.nl\/static\/assets\/contentproviders\/dark\/npo.png","flatUrl":"https:\/\/cdn.nlziet.nl\/static\/assets\/contentproviders\/flat\/npo.png"},"tags":[],"seriesId":"7w7QGJy-_kmjD1dwmjwvsA"},{"id":"MhB4RS9qC06fPtZIPN7NFQ","type":"Vod","title":"NOS Kamerdebat","subtitle":"NOS Kamerdebat Corona","description":"NOS - Coronadebat in de Tweede Kamer met het kabinet.","formattedEpisodeNumbering":null,"formattedDate":"Do 26 mrt. 2020","formattedDateShort":"Mrt. 2020","formattedTime":"10:20","formattedDuration":"1u 26m","formattedAvailabilityWindow":null,"formattedAvailabilityWindowShort":null,"image":{"portraitUrl":null,"landscapeUrl":"https:\/\/images.nlziet.nl\/metadataimportimages\/source\/982EEC08FF54F81A1B19F4C82A5FB6E7C5550194040BBF1B9BE74F82B620B0C0.jpg"},"logo":{"normalUrl":"https:\/\/cdn.nlziet.nl\/static\/assets\/contentproviders\/npo.png","darkUrl":"https:\/\/cdn.nlziet.nl\/static\/assets\/contentproviders\/dark\/npo.png","flatUrl":"https:\/\/cdn.nlziet.nl\/static\/assets\/contentproviders\/flat\/npo.png"},"tags":[],"seriesId":"7w7QGJy-_kmjD1dwmjwvsA"},{"id":"MKQsqZ4LQUacf9rH9hs-sQ","type":"Vod","title":"NOS Kamerdebat","subtitle":"Coronacrisis","description":"NOS - Kamerdebat over de coronacrisis in Nederland.","formattedEpisodeNumbering":null,"formattedDate":"Wo 18 mrt. 2020","formattedDateShort":"Mrt. 2020","formattedTime":"16:55","formattedDuration":"2u 34m","formattedAvailabilityWindow":null,"formattedAvailabilityWindowShort":null,"image":{"portraitUrl":null,"landscapeUrl":"https:\/\/images.nlziet.nl\/metadataimportimages\/source\/9C0F4F1FA76A6F8B0471C6E0EA2C328912DDFC262CC442C5A91E40EB2295A57A.jpg"},"logo":{"normalUrl":"https:\/\/cdn.nlziet.nl\/static\/assets\/contentproviders\/npo.png","darkUrl":"https:\/\/cdn.nlziet.nl\/static\/assets\/contentproviders\/dark\/npo.png","flatUrl":"https:\/\/cdn.nlziet.nl\/static\/assets\/contentproviders\/flat\/npo.png"},"tags":[],"seriesId":"7w7QGJy-_kmjD1dwmjwvsA"},{"id":"P_XT8BEkN0-RydepxwxVQQ","type":"Vod","title":"NOS Kamerdebat","subtitle":"Coronacrisis","description":"NOS - Kamerdebat over de coronacrisis in Nederland.","formattedEpisodeNumbering":null,"formattedDate":"Wo 18 mrt. 2020","formattedDateShort":"Mrt. 2020","formattedTime":"14:30","formattedDuration":"2u 9m","formattedAvailabilityWindow":null,"formattedAvailabilityWindowShort":null,"image":{"portraitUrl":null,"landscapeUrl":"https:\/\/images.nlziet.nl\/metadataimportimages\/source\/6B600F2EA172F18B8902A28C73063601EA50FFFABB8126F337A1261A83740307.jpg"},"logo":{"normalUrl":"https:\/\/cdn.nlziet.nl\/static\/assets\/contentproviders\/npo.png","darkUrl":"https:\/\/cdn.nlziet.nl\/static\/assets\/contentproviders\/dark\/npo.png","flatUrl":"https:\/\/cdn.nlziet.nl\/static\/assets\/contentproviders\/flat\/npo.png"},"tags":[],"seriesId":"7w7QGJy-_kmjD1dwmjwvsA"},{"id":"qQ952OJf-U6BuuYj2K4s7Q","type":"Vod","title":"NOS Kamerdebat","subtitle":"Coronacrisis","description":"NOS - Kamerdebat over de coronacrisis in Nederland.","formattedEpisodeNumbering":null,"formattedDate":"Wo 18 mrt. 2020","formattedDateShort":"Mrt. 2020","formattedTime":"13:00","formattedDuration":"1u 27m","formattedAvailabilityWindow":null,"formattedAvailabilityWindowShort":null,"image":{"portraitUrl":null,"landscapeUrl":"https:\/\/images.nlziet.nl\/metadataimportimages\/source\/BB1EF3F251EC086FA2F7D51754907C2CB7FEE0E6A2CD7586AFB56CE3D44BA4F6.jpg"},"logo":{"normalUrl":"https:\/\/cdn.nlziet.nl\/static\/assets\/contentproviders\/npo.png","darkUrl":"https:\/\/cdn.nlziet.nl\/static\/assets\/contentproviders\/dark\/npo.png","flatUrl":"https:\/\/cdn.nlziet.nl\/static\/assets\/contentproviders\/flat\/npo.png"},"tags":[],"seriesId":"7w7QGJy-_kmjD1dwmjwvsA"},{"id":"xtSvW9c2SUiDHPJyI4F9cQ","type":"Vod","title":"NOS Kamerdebat","subtitle":"NOS Kamerdebat Wet erkenning Nederlandse gebarentaal","description":"NOS - Kamerdebat over het voorstel om van gebarentaal voor slechthorenden een offici\u00eble taal te maken.","formattedEpisodeNumbering":null,"formattedDate":"Zo 9 feb. 2020","formattedDateShort":"Feb. 2020","formattedTime":"16:55","formattedDuration":"59m","formattedAvailabilityWindow":null,"formattedAvailabilityWindowShort":null,"image":{"portraitUrl":null,"landscapeUrl":"https:\/\/images.nlziet.nl\/metadataimportimages\/source\/92AEFA5BEE6C5E5375A2011DA7046BF4187585E00836BE3E8CA3957EC11421D9.jpg"},"logo":{"normalUrl":"https:\/\/cdn.nlziet.nl\/static\/assets\/contentproviders\/npo.png","darkUrl":"https:\/\/cdn.nlziet.nl\/static\/assets\/contentproviders\/dark\/npo.png","flatUrl":"https:\/\/cdn.nlziet.nl\/static\/assets\/contentproviders\/flat\/npo.png"},"tags":[],"seriesId":"7w7QGJy-_kmjD1dwmjwvsA"}]