[{"id":"7aT6DPgTbk6Q8b1BPrBFug","type":"Vod","title":"3 op Reis Midweek","subtitle":"Best Beaches (3\/3)","description":"BNN - Eva Koreman maakt de oversteek van Tarifa naar Tanger, Marokko. Ze bezoekt het legendarische caf\u00e9 Hafa, loopt door de straten van de Grand Souk en ontdekt het lokale strandleven. Eenmaal terug in Tarifa, slaapt ze in een typische Marokkaanse riad. We blikken terug op Chris die gaat snorkelen in Maleisi\u00eb en op Geraldine in Essaouira waar ze gaat surfen met surfdudes Simo en Sofian.","formattedEpisodeNumbering":null,"formattedDate":"Wo 2 aug. 2017","formattedDateShort":"Aug. 2017","formattedTime":"19:55","formattedDuration":"24m","formattedAvailabilityWindow":null,"formattedAvailabilityWindowShort":null,"image":{"portraitUrl":null,"landscapeUrl":"https:\/\/images.nlziet.nl\/metadataimportimages\/source\/41001FB4A8ED03177E60D1544AF7421B66C9E0FBBB05B23359A7101FF2AC8BA9.jpg"},"logo":{"normalUrl":"https:\/\/cdn.nlziet.nl\/static\/assets\/contentproviders\/npo.png","darkUrl":"https:\/\/cdn.nlziet.nl\/static\/assets\/contentproviders\/dark\/npo.png","flatUrl":"https:\/\/cdn.nlziet.nl\/static\/assets\/contentproviders\/flat\/npo.png"},"tags":[],"seriesId":"8Ay4MVxEUUqpVng-CO_Dew"},{"id":"vrLcJQAOSkebA7aj2tnhXQ","type":"Vod","title":"3 op Reis Midweek","subtitle":"Best Beaches (2\/3)","description":"BNN - Eva Koreman ontwaakt op het strand van Tarifa met een yoga-sessie en de lekkerste cafe con leche van de stad. Eva doet mee aan een flamenco-workshop en bezoekt een echt Spaans flamenco-concert. We blikken terug op Floortje die zeeschildpadden beschermt op de Seychellen, en op Nienke die in Jamaica koraal nieuw leven geeft samen met koraalridder Gor.","formattedEpisodeNumbering":null,"formattedDate":"Di 1 aug. 2017","formattedDateShort":"Aug. 2017","formattedTime":"20:00","formattedDuration":"24m","formattedAvailabilityWindow":null,"formattedAvailabilityWindowShort":null,"image":{"portraitUrl":null,"landscapeUrl":"https:\/\/images.nlziet.nl\/metadataimportimages\/source\/CA746FFCE2168239FDCC808DD13D26D9B251D327EB21F7398FB5068A69130E92.jpg"},"logo":{"normalUrl":"https:\/\/cdn.nlziet.nl\/static\/assets\/contentproviders\/npo.png","darkUrl":"https:\/\/cdn.nlziet.nl\/static\/assets\/contentproviders\/dark\/npo.png","flatUrl":"https:\/\/cdn.nlziet.nl\/static\/assets\/contentproviders\/flat\/npo.png"},"tags":[],"seriesId":"8Ay4MVxEUUqpVng-CO_Dew"},{"id":"K3qfHUwqPEe7JtdWfJJT6w","type":"Vod","title":"3 op Reis Midweek","subtitle":"Best Beaches (1\/3)","description":"BNN - Eva Koreman gaat voor het eerst in haar leven kitesurfen, dat doet ze aan de stranden van het Spaanse Tarifa. Te paard sluit ze haar sportieve dag af, op een echte pura raza Espanola? We blikken terug op Chris die het strandleven in Sri Lanka ontdekt, en op Dennis die in Mexico is voor een heuse booze cruise tijdens springbreak.","formattedEpisodeNumbering":null,"formattedDate":"Ma 31 jul. 2017","formattedDateShort":"Jul. 2017","formattedTime":"19:55","formattedDuration":"25m","formattedAvailabilityWindow":null,"formattedAvailabilityWindowShort":null,"image":{"portraitUrl":null,"landscapeUrl":"https:\/\/images.nlziet.nl\/metadataimportimages\/source\/AFF26613392456D48D60CCB5A14B834AED589989AB0F585AEFAE32D18E31A67F.jpg"},"logo":{"normalUrl":"https:\/\/cdn.nlziet.nl\/static\/assets\/contentproviders\/npo.png","darkUrl":"https:\/\/cdn.nlziet.nl\/static\/assets\/contentproviders\/dark\/npo.png","flatUrl":"https:\/\/cdn.nlziet.nl\/static\/assets\/contentproviders\/flat\/npo.png"},"tags":[],"seriesId":"8Ay4MVxEUUqpVng-CO_Dew"},{"id":"_zxIkQ6cMEyjqVeyTgkWKA","type":"Vod","title":"3 op Reis Midweek","subtitle":"Love in the city (5\/5)","description":"BNN - Valerio Zeno is in Londen en heeft vandaag een date met een meisje uit de wijk Shoreditch. Na een bezoekje aan de kapper duiken ze dieper de wijk in en eindigen ze de dag in een kattencafe.","formattedEpisodeNumbering":null,"formattedDate":"Vr 28 jul. 2017","formattedDateShort":"Jul. 2017","formattedTime":"20:00","formattedDuration":"25m","formattedAvailabilityWindow":null,"formattedAvailabilityWindowShort":null,"image":{"portraitUrl":null,"landscapeUrl":"https:\/\/images.nlziet.nl\/metadataimportimages\/source\/B96B3536460C4DA198066B9F80DFFA61AD8DFEBD5D3A27B809CADB4B7607D631.jpg"},"logo":{"normalUrl":"https:\/\/cdn.nlziet.nl\/static\/assets\/contentproviders\/npo.png","darkUrl":"https:\/\/cdn.nlziet.nl\/static\/assets\/contentproviders\/dark\/npo.png","flatUrl":"https:\/\/cdn.nlziet.nl\/static\/assets\/contentproviders\/flat\/npo.png"},"tags":[],"seriesId":"8Ay4MVxEUUqpVng-CO_Dew"},{"id":"RozqC1DR00KzZrsJ9AGRkQ","type":"Vod","title":"3 op Reis Midweek","subtitle":"Love in the city (4\/5)","description":"BNN - Valerio Zeno is in Londen en heeft vandaag een groepsdate met vijf meiden van een DJ collective uit de wijk Peckham. Deze wijk is van achterstandswijk uitgegroeid tot Londens nieuwste hotspot.","formattedEpisodeNumbering":null,"formattedDate":"Do 27 jul. 2017","formattedDateShort":"Jul. 2017","formattedTime":"20:00","formattedDuration":"24m","formattedAvailabilityWindow":null,"formattedAvailabilityWindowShort":null,"image":{"portraitUrl":null,"landscapeUrl":"https:\/\/images.nlziet.nl\/metadataimportimages\/source\/77B2FC623E9DE3C57A4A75C4653D755DEDAC40D96F4B6D2989BF3CB3C527E88D.jpg"},"logo":{"normalUrl":"https:\/\/cdn.nlziet.nl\/static\/assets\/contentproviders\/npo.png","darkUrl":"https:\/\/cdn.nlziet.nl\/static\/assets\/contentproviders\/dark\/npo.png","flatUrl":"https:\/\/cdn.nlziet.nl\/static\/assets\/contentproviders\/flat\/npo.png"},"tags":[],"seriesId":"8Ay4MVxEUUqpVng-CO_Dew"},{"id":"95NKPOPskUWilyicsjvmhw","type":"Vod","title":"3 op Reis Midweek","subtitle":"Love in the city (3\/5)","description":"BNN - Valerio Zeno is in Londen en heeft een date met twee dames uit de chique wijk Chelsea. Ze bezoeken een luxe polo evemenent en duiken het Londense nachtleven in.","formattedEpisodeNumbering":null,"formattedDate":"Wo 26 jul. 2017","formattedDateShort":"Jul. 2017","formattedTime":"19:55","formattedDuration":"25m","formattedAvailabilityWindow":null,"formattedAvailabilityWindowShort":null,"image":{"portraitUrl":null,"landscapeUrl":"https:\/\/images.nlziet.nl\/metadataimportimages\/source\/3405CC830B83D9A606A4E18AFA753D07A54BC82BF64281E642300537F3121E24.jpg"},"logo":{"normalUrl":"https:\/\/cdn.nlziet.nl\/static\/assets\/contentproviders\/npo.png","darkUrl":"https:\/\/cdn.nlziet.nl\/static\/assets\/contentproviders\/dark\/npo.png","flatUrl":"https:\/\/cdn.nlziet.nl\/static\/assets\/contentproviders\/flat\/npo.png"},"tags":[],"seriesId":"8Ay4MVxEUUqpVng-CO_Dew"},{"id":"rbq4g6DvxUyI_GopnYPQmQ","type":"Vod","title":"3 op Reis Midweek","subtitle":"Love in the city (2\/5)","description":"BNN - Valerio Zeno is in Londen en heeft een date met een journaliste uit de wijk Southall, oftewel Little India. Ze gaan traditioneel Indiaas en eten en bezoeken de grootste tempel buiten India.","formattedEpisodeNumbering":null,"formattedDate":"Di 25 jul. 2017","formattedDateShort":"Jul. 2017","formattedTime":"19:55","formattedDuration":"24m","formattedAvailabilityWindow":null,"formattedAvailabilityWindowShort":null,"image":{"portraitUrl":null,"landscapeUrl":"https:\/\/images.nlziet.nl\/metadataimportimages\/source\/F54AE4B3338A8361188AE700B6F950A5DE76B8364C25CC88EBF155A80C2B4A9E.jpg"},"logo":{"normalUrl":"https:\/\/cdn.nlziet.nl\/static\/assets\/contentproviders\/npo.png","darkUrl":"https:\/\/cdn.nlziet.nl\/static\/assets\/contentproviders\/dark\/npo.png","flatUrl":"https:\/\/cdn.nlziet.nl\/static\/assets\/contentproviders\/flat\/npo.png"},"tags":[],"seriesId":"8Ay4MVxEUUqpVng-CO_Dew"},{"id":"tlqCcUUI8UWndq5z49Rtlg","type":"Vod","title":"3 op Reis Midweek","subtitle":"Love in the city (1\/5)","description":"BNN - Valerio Zeno is in Londen en heeft een date met een styliste uit de wijk Camden. Samen gaan ze shoppen en ze bezoeken ze de lokale poptempel. Ze sluiten de dag romantisch af op Primrose Hill.","formattedEpisodeNumbering":null,"formattedDate":"Ma 24 jul. 2017","formattedDateShort":"Jul. 2017","formattedTime":"20:00","formattedDuration":"25m","formattedAvailabilityWindow":null,"formattedAvailabilityWindowShort":null,"image":{"portraitUrl":null,"landscapeUrl":"https:\/\/images.nlziet.nl\/metadataimportimages\/source\/9C968458EC01C7F486DCC960916641EBEDB996109AF2220AC304E924139933C8.jpg"},"logo":{"normalUrl":"https:\/\/cdn.nlziet.nl\/static\/assets\/contentproviders\/npo.png","darkUrl":"https:\/\/cdn.nlziet.nl\/static\/assets\/contentproviders\/dark\/npo.png","flatUrl":"https:\/\/cdn.nlziet.nl\/static\/assets\/contentproviders\/flat\/npo.png"},"tags":[],"seriesId":"8Ay4MVxEUUqpVng-CO_Dew"},{"id":"pRbcXlW3AEmKLXm0WmYIYQ","type":"Vod","title":"3 op Reis Midweek","subtitle":"Festivals (5\/5)","description":"BNN - Lex Uiting is op de allergrootste gay parade ter wereld. In S\u00e3o Paulo weten ze namelijk als geen ander hoe je moet feesten op een festival. Daarnaast is Manuel Broekman in Noorwegen om het legendarische eindexamenfeest, Russefest, mee te maken. Geraldine gaat naar Burning Africa, waar kunstwerken worden verbrand.","formattedEpisodeNumbering":null,"formattedDate":"Vr 21 jul. 2017","formattedDateShort":"Jul. 2017","formattedTime":"20:00","formattedDuration":"25m","formattedAvailabilityWindow":null,"formattedAvailabilityWindowShort":null,"image":{"portraitUrl":null,"landscapeUrl":"https:\/\/images.nlziet.nl\/metadataimportimages\/source\/13B395C59749FE19A1587FC100BE12EB708FD691F74DC62ADF0567CA0C06F685.jpg"},"logo":{"normalUrl":"https:\/\/cdn.nlziet.nl\/static\/assets\/contentproviders\/npo.png","darkUrl":"https:\/\/cdn.nlziet.nl\/static\/assets\/contentproviders\/dark\/npo.png","flatUrl":"https:\/\/cdn.nlziet.nl\/static\/assets\/contentproviders\/flat\/npo.png"},"tags":[],"seriesId":"8Ay4MVxEUUqpVng-CO_Dew"},{"id":"uv0i9jb46U2IXRCXaqqzlA","type":"Vod","title":"3 op Reis Midweek","subtitle":"Festivals (4\/5)","description":"BNN - Lex Uiting is in S\u00e3o Paulo en bezoekt het traditionele Pra\u00e7a Benedito Calixto om van zijn kater af te komen. Hij feest daarna meteen weer verder op het nationale feest Mirante 9 de Julho. Geraldine is in Veneti\u00eb om de bloemetjes buiten te zetten tijdens het Venetiaanse festival en laat zich ondergooien door tomaten op het Spaanse festival Tomatina.","formattedEpisodeNumbering":null,"formattedDate":"Do 20 jul. 2017","formattedDateShort":"Jul. 2017","formattedTime":"19:55","formattedDuration":"25m","formattedAvailabilityWindow":null,"formattedAvailabilityWindowShort":null,"image":{"portraitUrl":null,"landscapeUrl":"https:\/\/images.nlziet.nl\/metadataimportimages\/source\/BC99C0746342AF3B6AAB08FFA003CEA28BA94245219BD13262288C2A76A56828.jpg"},"logo":{"normalUrl":"https:\/\/cdn.nlziet.nl\/static\/assets\/contentproviders\/npo.png","darkUrl":"https:\/\/cdn.nlziet.nl\/static\/assets\/contentproviders\/dark\/npo.png","flatUrl":"https:\/\/cdn.nlziet.nl\/static\/assets\/contentproviders\/flat\/npo.png"},"tags":[],"seriesId":"8Ay4MVxEUUqpVng-CO_Dew"},{"id":"92hkWXzUDEa0MiJMRh4kkw","type":"Vod","title":"3 op Reis Midweek","subtitle":"Festivals (3\/5)","description":"BNN - Lex Uiting gaat vandaag helemaal los op het Milkshake festival in S\u00e3o Paulo, en we zien Manuel Broekman die zoveel mogelijk bier drinkt tijdens het Oktoberfest. Tim is in Pamplona om de kick van het stierenrennen te onderzoeken.","formattedEpisodeNumbering":null,"formattedDate":"Wo 19 jul. 2017","formattedDateShort":"Jul. 2017","formattedTime":"20:00","formattedDuration":"24m","formattedAvailabilityWindow":null,"formattedAvailabilityWindowShort":null,"image":{"portraitUrl":null,"landscapeUrl":"https:\/\/images.nlziet.nl\/metadataimportimages\/source\/4E54864C8A0F6E8846C697E5A0C65399B3D14A76600476DFBEA4EFEB82454DE0.jpg"},"logo":{"normalUrl":"https:\/\/cdn.nlziet.nl\/static\/assets\/contentproviders\/npo.png","darkUrl":"https:\/\/cdn.nlziet.nl\/static\/assets\/contentproviders\/dark\/npo.png","flatUrl":"https:\/\/cdn.nlziet.nl\/static\/assets\/contentproviders\/flat\/npo.png"},"tags":[],"seriesId":"8Ay4MVxEUUqpVng-CO_Dew"},{"id":"bEVH22Q8lUWErpp_PqnGNA","type":"Vod","title":"3 op Reis Midweek","subtitle":"Festivals (2\/5)","description":"BNN - Lex Uiting bereidt zich in S\u00e3o Paulo voor op het Nederlandse Milkshake festival en daarvoor volgt hij een cocktailworkshop en een kledingdoorpas. We blikken terug op Tim Hofman die de Vogue-scene in Manchester onderzoekt en we zien hoe Geraldine zich vermaakt op het S.U.N.-festival in Hongarije.","formattedEpisodeNumbering":null,"formattedDate":"Di 18 jul. 2017","formattedDateShort":"Jul. 2017","formattedTime":"20:00","formattedDuration":"24m","formattedAvailabilityWindow":null,"formattedAvailabilityWindowShort":null,"image":{"portraitUrl":null,"landscapeUrl":"https:\/\/images.nlziet.nl\/metadataimportimages\/source\/009C530383C70CE5F1C80D97CDDB6D17F42E54261BA902A9C05DCFC6AF8EE16A.jpg"},"logo":{"normalUrl":"https:\/\/cdn.nlziet.nl\/static\/assets\/contentproviders\/npo.png","darkUrl":"https:\/\/cdn.nlziet.nl\/static\/assets\/contentproviders\/dark\/npo.png","flatUrl":"https:\/\/cdn.nlziet.nl\/static\/assets\/contentproviders\/flat\/npo.png"},"tags":[],"seriesId":"8Ay4MVxEUUqpVng-CO_Dew"},{"id":"zcHiCc5vzki5xbxwc_iUbw","type":"Vod","title":"3 op Reis Midweek","subtitle":"Festivals (1\/5)","description":"BNN - Voordat Lex Uiting deze week de festivalsfeer opsnuift in S\u00e3o Paulo, bezoekt hij eerst het Vondelpark van Brazili\u00eb, Parque do Ibirapuera en staat hij in Batman Alley, de meest kleurrijke straat van S\u00e3o Paulo. We blikken terug op Dennis die het meest magische festival ter wereld, Burning Man, bezoekt en op Geraldine die bij Mardi Gras in New Orleans is.","formattedEpisodeNumbering":null,"formattedDate":"Ma 17 jul. 2017","formattedDateShort":"Jul. 2017","formattedTime":"20:00","formattedDuration":"24m","formattedAvailabilityWindow":null,"formattedAvailabilityWindowShort":null,"image":{"portraitUrl":null,"landscapeUrl":"https:\/\/images.nlziet.nl\/metadataimportimages\/source\/907E95E56C4E22DAA80E4AA1F5CBE61E5A9942A06D15E121E654FAFDCDEA864E.jpg"},"logo":{"normalUrl":"https:\/\/cdn.nlziet.nl\/static\/assets\/contentproviders\/npo.png","darkUrl":"https:\/\/cdn.nlziet.nl\/static\/assets\/contentproviders\/dark\/npo.png","flatUrl":"https:\/\/cdn.nlziet.nl\/static\/assets\/contentproviders\/flat\/npo.png"},"tags":[],"seriesId":"8Ay4MVxEUUqpVng-CO_Dew"},{"id":"YP-lmlgyG0C3BObpIY_hEA","type":"Vod","title":"3 op Reis Midweek","subtitle":"Back to Nature (5\/5)","description":"BNN - Emma haar laatste dag in Schotland in aangebroken en zij viert de liefde voor de ruige natuur. Ze duikt in de roemruchtige geschiedenis van Rum Island. Na afloop van deze ruige tocht door de Schotse wildernis gaat ze terug naar de bewoonde wereld met de Harry Potter trein. Verder is Maurice Lede in Oeganda en zien wij hoe wereldreiziger Bruce Parry zich onderwerpt aan een heilig inheems ritueel.","formattedEpisodeNumbering":null,"formattedDate":"Vr 14 jul. 2017","formattedDateShort":"Jul. 2017","formattedTime":"19:55","formattedDuration":"24m","formattedAvailabilityWindow":null,"formattedAvailabilityWindowShort":null,"image":{"portraitUrl":null,"landscapeUrl":"https:\/\/images.nlziet.nl\/metadataimportimages\/source\/3B2CF8607614C7EC20E3EF3451C36BCE72E1FCC36AF84C2132570964CF2CBEA6.jpg"},"logo":{"normalUrl":"https:\/\/cdn.nlziet.nl\/static\/assets\/contentproviders\/npo.png","darkUrl":"https:\/\/cdn.nlziet.nl\/static\/assets\/contentproviders\/dark\/npo.png","flatUrl":"https:\/\/cdn.nlziet.nl\/static\/assets\/contentproviders\/flat\/npo.png"},"tags":[],"seriesId":"8Ay4MVxEUUqpVng-CO_Dew"},{"id":"9JtDW3Qiqk6sDuBRCdxULw","type":"Vod","title":"3 op Reis Midweek","subtitle":"Back to Nature (4\/5)","description":"BNN - Emma Wortelboer is in Schotland en vaart naar het afgelegen Rum eiland. Hier spot ze walvissen en eenmaal aan land staat ze oog in oog met wilde paarden en natuurlijk ook Schotse Hooglanders. Verder blikken wij terug op Floortje Dessing die op zoek gaat naar wildlife op de Falklandeilanden en Dennis Storm die de ultimate survival ervaart in Florida.","formattedEpisodeNumbering":null,"formattedDate":"Do 13 jul. 2017","formattedDateShort":"Jul. 2017","formattedTime":"19:55","formattedDuration":"25m","formattedAvailabilityWindow":null,"formattedAvailabilityWindowShort":null,"image":{"portraitUrl":null,"landscapeUrl":"https:\/\/images.nlziet.nl\/metadataimportimages\/source\/1C0571C105F2D66CA8F9FCFD7F0EDEBA931FA566DE0EAA8478F2D4DA322582F1.jpg"},"logo":{"normalUrl":"https:\/\/cdn.nlziet.nl\/static\/assets\/contentproviders\/npo.png","darkUrl":"https:\/\/cdn.nlziet.nl\/static\/assets\/contentproviders\/dark\/npo.png","flatUrl":"https:\/\/cdn.nlziet.nl\/static\/assets\/contentproviders\/flat\/npo.png"},"tags":[],"seriesId":"8Ay4MVxEUUqpVng-CO_Dew"},{"id":"-CusGpbQJkC5w9QMOC_hFQ","type":"Vod","title":"3 op Reis Midweek","subtitle":"Back to Nature (3\/5)","description":"BNN - Emma Wortelboer is in de Schotse Hooglanden en probeert haar weg naar de bewoonde wereld terug te vinden. Na een lange en zware tocht komt ze uiteindelijk aan bij de meest afgelegen pub van Groot-Brittanni\u00eb.","formattedEpisodeNumbering":null,"formattedDate":"Wo 12 jul. 2017","formattedDateShort":"Jul. 2017","formattedTime":"19:55","formattedDuration":"25m","formattedAvailabilityWindow":null,"formattedAvailabilityWindowShort":null,"image":{"portraitUrl":null,"landscapeUrl":"https:\/\/images.nlziet.nl\/metadataimportimages\/source\/F7048D3A73946C97003AEF596B84641A08276B4408B325E83833C8A92991FC63.jpg"},"logo":{"normalUrl":"https:\/\/cdn.nlziet.nl\/static\/assets\/contentproviders\/npo.png","darkUrl":"https:\/\/cdn.nlziet.nl\/static\/assets\/contentproviders\/dark\/npo.png","flatUrl":"https:\/\/cdn.nlziet.nl\/static\/assets\/contentproviders\/flat\/npo.png"},"tags":[],"seriesId":"8Ay4MVxEUUqpVng-CO_Dew"},{"id":"creULqSyu0KZRxulGRYiqQ","type":"Vod","title":"3 op Reis Midweek","subtitle":"Back to Nature (2\/5)","description":"BNN - Emma Wortelboer begint aan haar hike door de Schotse Hooglanden. Ze sprokkelt haar eigen avondeten bij elkaar en kampeert onder de sterrenhemel.","formattedEpisodeNumbering":null,"formattedDate":"Di 11 jul. 2017","formattedDateShort":"Jul. 2017","formattedTime":"19:55","formattedDuration":"25m","formattedAvailabilityWindow":null,"formattedAvailabilityWindowShort":null,"image":{"portraitUrl":null,"landscapeUrl":"https:\/\/images.nlziet.nl\/metadataimportimages\/source\/A64C17A8F9515088243C48F3F4134AFB343D84589D4607A4001D063636E13F03.jpg"},"logo":{"normalUrl":"https:\/\/cdn.nlziet.nl\/static\/assets\/contentproviders\/npo.png","darkUrl":"https:\/\/cdn.nlziet.nl\/static\/assets\/contentproviders\/dark\/npo.png","flatUrl":"https:\/\/cdn.nlziet.nl\/static\/assets\/contentproviders\/flat\/npo.png"},"tags":[],"seriesId":"8Ay4MVxEUUqpVng-CO_Dew"},{"id":"MYN9AZhTn0SrmMyoJVHZ5w","type":"Vod","title":"3 op Reis Midweek","subtitle":"Back to Nature (1\/5)","description":"BNN - Emma Wortelboer is in Schotland om haar liefde voor de ruige natuur te vieren. Als voorproefje beklimt ze de hoogste berg van Groot-Brittanni\u00eb met een legendarische gids. Verder blikken we terug op Geraldine Kemper in het prachtige Madagaskar en zien we hoe Filemon Wesselink verdwaald is in de Sahara.","formattedEpisodeNumbering":null,"formattedDate":"Ma 10 jul. 2017","formattedDateShort":"Jul. 2017","formattedTime":"19:55","formattedDuration":"25m","formattedAvailabilityWindow":null,"formattedAvailabilityWindowShort":null,"image":{"portraitUrl":null,"landscapeUrl":"https:\/\/images.nlziet.nl\/metadataimportimages\/source\/2369C202C63B37649884CAC6F11218B8E18668135332F1BB5F43B7862A3C048D.jpg"},"logo":{"normalUrl":"https:\/\/cdn.nlziet.nl\/static\/assets\/contentproviders\/npo.png","darkUrl":"https:\/\/cdn.nlziet.nl\/static\/assets\/contentproviders\/dark\/npo.png","flatUrl":"https:\/\/cdn.nlziet.nl\/static\/assets\/contentproviders\/flat\/npo.png"},"tags":[],"seriesId":"8Ay4MVxEUUqpVng-CO_Dew"},{"id":"w2C3gL9W80uLD8E_1JxHhQ","type":"Vod","title":"3 op Reis Midweek","subtitle":"California Dreaming (5\/5)","description":"BNN - Maurice Lede loopt mee met een naaktprotest in San Francisco en sluit zijn reis af met deelname aan de kleurrijkste marathon van de VS.","formattedEpisodeNumbering":null,"formattedDate":"Vr 7 jul. 2017","formattedDateShort":"Jul. 2017","formattedTime":"19:55","formattedDuration":"24m","formattedAvailabilityWindow":null,"formattedAvailabilityWindowShort":null,"image":{"portraitUrl":null,"landscapeUrl":"https:\/\/images.nlziet.nl\/metadataimportimages\/source\/D5154C3526E2645AEEAFD219AB87CB5546D82B2B4B00C70C5A0E111060D1EE4A.jpg"},"logo":{"normalUrl":"https:\/\/cdn.nlziet.nl\/static\/assets\/contentproviders\/npo.png","darkUrl":"https:\/\/cdn.nlziet.nl\/static\/assets\/contentproviders\/dark\/npo.png","flatUrl":"https:\/\/cdn.nlziet.nl\/static\/assets\/contentproviders\/flat\/npo.png"},"tags":[],"seriesId":"8Ay4MVxEUUqpVng-CO_Dew"},{"id":"EYqGYXoZYkC9aT1nxvZShA","type":"Vod","title":"3 op Reis Midweek","subtitle":"California Dreaming (4\/5)","description":"BNN - Maurice Lede is in Chinatown in San Francisco, waar hij herinneringen aan het hippietijdperk ophaalt. Ook bezoekt hij een Fortune Cookies fabriek en geniet hij van lokale specialiteiten.","formattedEpisodeNumbering":null,"formattedDate":"Do 6 jul. 2017","formattedDateShort":"Jul. 2017","formattedTime":"20:00","formattedDuration":"25m","formattedAvailabilityWindow":null,"formattedAvailabilityWindowShort":null,"image":{"portraitUrl":null,"landscapeUrl":"https:\/\/images.nlziet.nl\/metadataimportimages\/source\/A1BBED0DAFB61740A00546AA918D31A8602DE837BBE357AEDF9E33D82A512E88.jpg"},"logo":{"normalUrl":"https:\/\/cdn.nlziet.nl\/static\/assets\/contentproviders\/npo.png","darkUrl":"https:\/\/cdn.nlziet.nl\/static\/assets\/contentproviders\/dark\/npo.png","flatUrl":"https:\/\/cdn.nlziet.nl\/static\/assets\/contentproviders\/flat\/npo.png"},"tags":[],"seriesId":"8Ay4MVxEUUqpVng-CO_Dew"},{"id":"VwCeohp7CEmwO6SihfcjxA","type":"Vod","title":"3 op Reis Midweek","subtitle":"California Dreaming (3\/5)","description":"BNN - Maurice Lede is in Californi\u00eb en bezoekt de cannabisvelden van de Emerald Triangle. Op een boerderij van oude hippies leert hij de ins en outs van de wietteelt.","formattedEpisodeNumbering":null,"formattedDate":"Wo 5 jul. 2017","formattedDateShort":"Jul. 2017","formattedTime":"19:55","formattedDuration":"24m","formattedAvailabilityWindow":null,"formattedAvailabilityWindowShort":null,"image":{"portraitUrl":null,"landscapeUrl":"https:\/\/images.nlziet.nl\/metadataimportimages\/source\/C8FC3EE949616CE0E146196650983F3B132CEEADA511C6A8AD95499F0EB113C3.jpg"},"logo":{"normalUrl":"https:\/\/cdn.nlziet.nl\/static\/assets\/contentproviders\/npo.png","darkUrl":"https:\/\/cdn.nlziet.nl\/static\/assets\/contentproviders\/dark\/npo.png","flatUrl":"https:\/\/cdn.nlziet.nl\/static\/assets\/contentproviders\/flat\/npo.png"},"tags":[],"seriesId":"8Ay4MVxEUUqpVng-CO_Dew"},{"id":"hYCxXENp80-uOLE6s5vlKQ","type":"Vod","title":"3 op Reis Midweek","subtitle":"California Dreaming (2\/5)","description":"BNN - Maurice Lede is in de bakermat van de hippiecultuur, de wijk Haight Ashbury in San Francisco. Hij bezoekt hier een moderne commune en krijgt een hippie-makeover.","formattedEpisodeNumbering":null,"formattedDate":"Di 4 jul. 2017","formattedDateShort":"Jul. 2017","formattedTime":"19:55","formattedDuration":"25m","formattedAvailabilityWindow":null,"formattedAvailabilityWindowShort":null,"image":{"portraitUrl":null,"landscapeUrl":"https:\/\/images.nlziet.nl\/metadataimportimages\/source\/C0C3E810C8C89FED270CCD6303AC322A043B8BB06A2EB834DDEB035A6DF1F896.jpg"},"logo":{"normalUrl":"https:\/\/cdn.nlziet.nl\/static\/assets\/contentproviders\/npo.png","darkUrl":"https:\/\/cdn.nlziet.nl\/static\/assets\/contentproviders\/dark\/npo.png","flatUrl":"https:\/\/cdn.nlziet.nl\/static\/assets\/contentproviders\/flat\/npo.png"},"tags":[],"seriesId":"8Ay4MVxEUUqpVng-CO_Dew"},{"id":"5j2YSNfq5UqTRtC-FvDZrQ","type":"Vod","title":"3 op Reis Midweek","subtitle":"California Dreaming (1\/5)","description":"BNN - Maurice Lede is in San Francisco waar hij op zoek gaat naar de roots van de Summer of Love, en kijkt of die spirit 50 jaar later nog steeds levend is. Hij bezoekt een hippiefestival en rijdt met een hippiebusje door de straten van San Francisco.","formattedEpisodeNumbering":null,"formattedDate":"Ma 3 jul. 2017","formattedDateShort":"Jul. 2017","formattedTime":"19:55","formattedDuration":"25m","formattedAvailabilityWindow":null,"formattedAvailabilityWindowShort":null,"image":{"portraitUrl":null,"landscapeUrl":"https:\/\/images.nlziet.nl\/metadataimportimages\/source\/58D486758BD3971D39191BC76AC9F73F296D526C4BB64E2C2C71CAA5FEC44AEC.jpg"},"logo":{"normalUrl":"https:\/\/cdn.nlziet.nl\/static\/assets\/contentproviders\/npo.png","darkUrl":"https:\/\/cdn.nlziet.nl\/static\/assets\/contentproviders\/dark\/npo.png","flatUrl":"https:\/\/cdn.nlziet.nl\/static\/assets\/contentproviders\/flat\/npo.png"},"tags":[],"seriesId":"8Ay4MVxEUUqpVng-CO_Dew"}]