[{"id":"9E7oGle-IEyx-hqY53X92w","type":"Vod","title":"Ambulance UK","subtitle":"Afl. 8","description":"RTL5 - Britse realityserie over een Engelse ambulancedienst. Zowel de medewerkers van de hectische meldkamer als de ambulancediensten op straat worden op de voet gevolgd.","formattedEpisodeNumbering":null,"formattedDate":"Wo 9 mrt.","formattedDateShort":"Wo 9 mrt.","formattedTime":"23:00","formattedDuration":"44m","formattedAvailabilityWindow":"Vandaag nog beschikbaar","formattedAvailabilityWindowShort":"Nog 1 d. beschikbaar","image":{"portraitUrl":null,"landscapeUrl":"https:\/\/images.nlziet.nl\/metadataimportimages\/source\/17D6F8F4C888DCE68C7D77186627B6D086063EC5828031ECA95B8B075A654E69.jpg"},"logo":{"normalUrl":"https:\/\/cdn.nlziet.nl\/static\/assets\/contentproviders\/rtl.png","darkUrl":"https:\/\/cdn.nlziet.nl\/static\/assets\/contentproviders\/dark\/rtl.png","flatUrl":"https:\/\/cdn.nlziet.nl\/static\/assets\/contentproviders\/flat\/rtl.png"},"tags":[],"seriesId":"6xUGPtvFHE2E7juM6r4QgQ"}]