[{"id":"93bOtN4mh0y_oUjjH97i9A","type":"Vod","title":"NOS Journaal met gebarentolk","subtitle":"NOS Journaal met gebarentolk","description":"NOS - Met het laatste nieuws en de weersverwachting.","formattedEpisodeNumbering":null,"formattedDate":"Vr 7 mei. 2021","formattedDateShort":"Mei. 2021","formattedTime":"08:30","formattedDuration":"4m","formattedAvailabilityWindow":null,"formattedAvailabilityWindowShort":null,"image":{"portraitUrl":null,"landscapeUrl":"https:\/\/images.nlziet.nl\/metadataimportimages\/source\/EF5223A44F2D87C779B190D57C97E28A263DA39191C081E80A99E0CFD69587E7.jpg"},"logo":{"normalUrl":"https:\/\/cdn.nlziet.nl\/static\/assets\/contentproviders\/npo.png","darkUrl":"https:\/\/cdn.nlziet.nl\/static\/assets\/contentproviders\/dark\/npo.png","flatUrl":"https:\/\/cdn.nlziet.nl\/static\/assets\/contentproviders\/flat\/npo.png"},"tags":[],"seriesId":"6pbrb5qCSEmKJooY61Bb_Q"},{"id":"Yjpc21VfH0SMbYuyRIclng","type":"Vod","title":"NOS Journaal met gebarentolk","subtitle":"NOS Journaal met gebarentolk","description":"NOS - Met het laatste nieuws en de weersverwachting.","formattedEpisodeNumbering":null,"formattedDate":"Do 6 mei. 2021","formattedDateShort":"Mei. 2021","formattedTime":"08:30","formattedDuration":"4m","formattedAvailabilityWindow":null,"formattedAvailabilityWindowShort":null,"image":{"portraitUrl":null,"landscapeUrl":"https:\/\/images.nlziet.nl\/metadataimportimages\/source\/7CF6151D9CC39D57767EF7C3A6E695C863ACD66D428788EEEC883A0E9AC09A57.jpg"},"logo":{"normalUrl":"https:\/\/cdn.nlziet.nl\/static\/assets\/contentproviders\/npo.png","darkUrl":"https:\/\/cdn.nlziet.nl\/static\/assets\/contentproviders\/dark\/npo.png","flatUrl":"https:\/\/cdn.nlziet.nl\/static\/assets\/contentproviders\/flat\/npo.png"},"tags":[],"seriesId":"6pbrb5qCSEmKJooY61Bb_Q"},{"id":"-XcC8mB70USMwagE1uHV2Q","type":"Vod","title":"NOS Journaal met gebarentolk","subtitle":"NOS Journaal met gebarentolk","description":"NOS - Met het laatste nieuws en de weersverwachting.","formattedEpisodeNumbering":null,"formattedDate":"Wo 5 mei. 2021","formattedDateShort":"Mei. 2021","formattedTime":"08:30","formattedDuration":"3m","formattedAvailabilityWindow":null,"formattedAvailabilityWindowShort":null,"image":{"portraitUrl":null,"landscapeUrl":"https:\/\/images.nlziet.nl\/metadataimportimages\/source\/74D38B8BECF9FC6E05CEB0C37DD542FDC18A85AAAA7413FAE278410423433C8A.jpg"},"logo":{"normalUrl":"https:\/\/cdn.nlziet.nl\/static\/assets\/contentproviders\/npo.png","darkUrl":"https:\/\/cdn.nlziet.nl\/static\/assets\/contentproviders\/dark\/npo.png","flatUrl":"https:\/\/cdn.nlziet.nl\/static\/assets\/contentproviders\/flat\/npo.png"},"tags":[],"seriesId":"6pbrb5qCSEmKJooY61Bb_Q"},{"id":"9c4o982yqk67UxgFpKBKNA","type":"Vod","title":"NOS Journaal met gebarentolk","subtitle":"NOS Journaal met gebarentolk","description":"NOS - Met het laatste nieuws en de weersverwachting.","formattedEpisodeNumbering":null,"formattedDate":"Di 4 mei. 2021","formattedDateShort":"Mei. 2021","formattedTime":"08:30","formattedDuration":"3m","formattedAvailabilityWindow":null,"formattedAvailabilityWindowShort":null,"image":{"portraitUrl":null,"landscapeUrl":"https:\/\/images.nlziet.nl\/metadataimportimages\/source\/F2420E27386D9D6E3786EF36D13063277B22FF26EF94EF5D4177FDAB6923A52D.jpg"},"logo":{"normalUrl":"https:\/\/cdn.nlziet.nl\/static\/assets\/contentproviders\/npo.png","darkUrl":"https:\/\/cdn.nlziet.nl\/static\/assets\/contentproviders\/dark\/npo.png","flatUrl":"https:\/\/cdn.nlziet.nl\/static\/assets\/contentproviders\/flat\/npo.png"},"tags":[],"seriesId":"6pbrb5qCSEmKJooY61Bb_Q"},{"id":"IbVhC-to8UyRWMkiw-Nj-Q","type":"Vod","title":"NOS Journaal met gebarentolk","subtitle":"NOS Journaal met gebarentolk","description":"NOS - Met het laatste nieuws en de weersverwachting.","formattedEpisodeNumbering":null,"formattedDate":"Ma 3 mei. 2021","formattedDateShort":"Mei. 2021","formattedTime":"08:30","formattedDuration":"3m","formattedAvailabilityWindow":null,"formattedAvailabilityWindowShort":null,"image":{"portraitUrl":null,"landscapeUrl":"https:\/\/images.nlziet.nl\/metadataimportimages\/source\/16D4D816ED7CC2A7709206D602BC1F810FA3FC584E26AF2EB3A260158D084BDF.jpg"},"logo":{"normalUrl":"https:\/\/cdn.nlziet.nl\/static\/assets\/contentproviders\/npo.png","darkUrl":"https:\/\/cdn.nlziet.nl\/static\/assets\/contentproviders\/dark\/npo.png","flatUrl":"https:\/\/cdn.nlziet.nl\/static\/assets\/contentproviders\/flat\/npo.png"},"tags":[],"seriesId":"6pbrb5qCSEmKJooY61Bb_Q"},{"id":"oBtEWshxMke3FugXd4Jmag","type":"Vod","title":"NOS Journaal met gebarentolk","subtitle":"NOS Journaal met gebarentolk","description":"NOS - Met het laatste nieuws en de weersverwachting.","formattedEpisodeNumbering":null,"formattedDate":"Di 27 apr. 2021","formattedDateShort":"Apr. 2021","formattedTime":"08:30","formattedDuration":"4m","formattedAvailabilityWindow":null,"formattedAvailabilityWindowShort":null,"image":{"portraitUrl":null,"landscapeUrl":"https:\/\/images.nlziet.nl\/metadataimportimages\/source\/5159BD510115DE643C8D51527F2CA020B9DA9E24FAE9BDA340C7E6ED0AD24624.jpg"},"logo":{"normalUrl":"https:\/\/cdn.nlziet.nl\/static\/assets\/contentproviders\/npo.png","darkUrl":"https:\/\/cdn.nlziet.nl\/static\/assets\/contentproviders\/dark\/npo.png","flatUrl":"https:\/\/cdn.nlziet.nl\/static\/assets\/contentproviders\/flat\/npo.png"},"tags":[],"seriesId":"6pbrb5qCSEmKJooY61Bb_Q"},{"id":"wLXcfIXwMECteaZKO9YcMg","type":"Vod","title":"Journaal met gebarentolk","subtitle":"NOS Journaal met gebarentolk","description":"NOS - Met het laatste nieuws en de weersverwachting.","formattedEpisodeNumbering":null,"formattedDate":"Vr 26 feb. 2021","formattedDateShort":"Feb. 2021","formattedTime":"08:30","formattedDuration":"4m","formattedAvailabilityWindow":null,"formattedAvailabilityWindowShort":null,"image":{"portraitUrl":null,"landscapeUrl":"https:\/\/images.nlziet.nl\/metadataimportimages\/source\/3914C82C90042BD1D82A57545F70FCBFAFBB0F805D45010D674194C49F436439.jpg"},"logo":{"normalUrl":"https:\/\/cdn.nlziet.nl\/static\/assets\/contentproviders\/npo.png","darkUrl":"https:\/\/cdn.nlziet.nl\/static\/assets\/contentproviders\/dark\/npo.png","flatUrl":"https:\/\/cdn.nlziet.nl\/static\/assets\/contentproviders\/flat\/npo.png"},"tags":[],"seriesId":"6pbrb5qCSEmKJooY61Bb_Q"},{"id":"UKUBHNq-n0qtbpyPutWjsw","type":"Vod","title":"Journaal met gebarentolk","subtitle":"NOS Journaal met gebarentolk","description":"NOS - Met het laatste nieuws en de weersverwachting.","formattedEpisodeNumbering":null,"formattedDate":"Do 25 feb. 2021","formattedDateShort":"Feb. 2021","formattedTime":"08:30","formattedDuration":"4m","formattedAvailabilityWindow":null,"formattedAvailabilityWindowShort":null,"image":{"portraitUrl":null,"landscapeUrl":"https:\/\/images.nlziet.nl\/metadataimportimages\/source\/E3898782F59B5FB77461CD3D5A0A3940206FFE2A210473D67E973C8A3D8C1037.jpg"},"logo":{"normalUrl":"https:\/\/cdn.nlziet.nl\/static\/assets\/contentproviders\/npo.png","darkUrl":"https:\/\/cdn.nlziet.nl\/static\/assets\/contentproviders\/dark\/npo.png","flatUrl":"https:\/\/cdn.nlziet.nl\/static\/assets\/contentproviders\/flat\/npo.png"},"tags":[],"seriesId":"6pbrb5qCSEmKJooY61Bb_Q"},{"id":"guV9Emqs3kyWo4-b_OXV9A","type":"Vod","title":"Journaal met gebarentolk","subtitle":"NOS Journaal met gebarentolk","description":"NOS - Met het laatste nieuws en de weersverwachting.","formattedEpisodeNumbering":null,"formattedDate":"Wo 24 feb. 2021","formattedDateShort":"Feb. 2021","formattedTime":"08:30","formattedDuration":"4m","formattedAvailabilityWindow":null,"formattedAvailabilityWindowShort":null,"image":{"portraitUrl":null,"landscapeUrl":"https:\/\/images.nlziet.nl\/metadataimportimages\/source\/AF0DA93954C352BA84BF5506C68FD312DF028A9BD692AAE2F97CBB9CF6511362.jpg"},"logo":{"normalUrl":"https:\/\/cdn.nlziet.nl\/static\/assets\/contentproviders\/npo.png","darkUrl":"https:\/\/cdn.nlziet.nl\/static\/assets\/contentproviders\/dark\/npo.png","flatUrl":"https:\/\/cdn.nlziet.nl\/static\/assets\/contentproviders\/flat\/npo.png"},"tags":[],"seriesId":"6pbrb5qCSEmKJooY61Bb_Q"},{"id":"CVLXDfancUa2DrOe8xUZ0Q","type":"Vod","title":"Journaal met gebarentolk","subtitle":"NOS Journaal met gebarentolk","description":"NOS - Met het laatste nieuws en de weersverwachting.","formattedEpisodeNumbering":null,"formattedDate":"Di 23 feb. 2021","formattedDateShort":"Feb. 2021","formattedTime":"08:30","formattedDuration":"4m","formattedAvailabilityWindow":null,"formattedAvailabilityWindowShort":null,"image":{"portraitUrl":null,"landscapeUrl":"https:\/\/images.nlziet.nl\/metadataimportimages\/source\/91257F204FE88CD41993302E4ACEDBADA9425A4F45ED5C6F30380941DF7B9676.jpg"},"logo":{"normalUrl":"https:\/\/cdn.nlziet.nl\/static\/assets\/contentproviders\/npo.png","darkUrl":"https:\/\/cdn.nlziet.nl\/static\/assets\/contentproviders\/dark\/npo.png","flatUrl":"https:\/\/cdn.nlziet.nl\/static\/assets\/contentproviders\/flat\/npo.png"},"tags":[],"seriesId":"6pbrb5qCSEmKJooY61Bb_Q"},{"id":"whLUDvHmskW_kz1cIxU2Og","type":"Vod","title":"Journaal met gebarentolk","subtitle":"NOS Journaal met gebarentolk","description":"NOS - Met het laatste nieuws en de weersverwachting.","formattedEpisodeNumbering":null,"formattedDate":"Ma 22 feb. 2021","formattedDateShort":"Feb. 2021","formattedTime":"08:30","formattedDuration":"3m","formattedAvailabilityWindow":null,"formattedAvailabilityWindowShort":null,"image":{"portraitUrl":null,"landscapeUrl":"https:\/\/images.nlziet.nl\/metadataimportimages\/source\/0B57AB1C9EA9EADF0363F694D96EB2A831EF5E1AB294FCEBE7C1D849CEAD22D5.jpg"},"logo":{"normalUrl":"https:\/\/cdn.nlziet.nl\/static\/assets\/contentproviders\/npo.png","darkUrl":"https:\/\/cdn.nlziet.nl\/static\/assets\/contentproviders\/dark\/npo.png","flatUrl":"https:\/\/cdn.nlziet.nl\/static\/assets\/contentproviders\/flat\/npo.png"},"tags":[],"seriesId":"6pbrb5qCSEmKJooY61Bb_Q"},{"id":"Teybc2Pmn0-P3xUu6uvBSg","type":"Vod","title":"NOS Journaal met gebarentolk","subtitle":"NOS Journaal met gebarentolk","description":"NOS - Met het laatste nieuws, gebeurtenissen van nationaal en internationaal belang en de weersverwachting, live vertaald door een gebarentolk.","formattedEpisodeNumbering":null,"formattedDate":"Vr 19 feb. 2021","formattedDateShort":"Feb. 2021","formattedTime":"08:29","formattedDuration":"4m","formattedAvailabilityWindow":null,"formattedAvailabilityWindowShort":null,"image":{"portraitUrl":null,"landscapeUrl":"https:\/\/images.nlziet.nl\/metadataimportimages\/source\/20A10C7F6E912549B7F12D4CCF544B96C990C4DC97E7CB847928EEF546D03038.jpg"},"logo":{"normalUrl":"https:\/\/cdn.nlziet.nl\/static\/assets\/contentproviders\/npo.png","darkUrl":"https:\/\/cdn.nlziet.nl\/static\/assets\/contentproviders\/dark\/npo.png","flatUrl":"https:\/\/cdn.nlziet.nl\/static\/assets\/contentproviders\/flat\/npo.png"},"tags":[],"seriesId":"6pbrb5qCSEmKJooY61Bb_Q"},{"id":"IdCOCOgt2U6kv4TasP01Pg","type":"Vod","title":"NOS Journaal met gebarentolk","subtitle":"NOS Journaal met gebarentolk","description":"NOS - Met het laatste nieuws, gebeurtenissen van nationaal en internationaal belang en de weersverwachting, live vertaald door een gebarentolk.","formattedEpisodeNumbering":null,"formattedDate":"Do 18 feb. 2021","formattedDateShort":"Feb. 2021","formattedTime":"08:30","formattedDuration":"4m","formattedAvailabilityWindow":null,"formattedAvailabilityWindowShort":null,"image":{"portraitUrl":null,"landscapeUrl":"https:\/\/images.nlziet.nl\/metadataimportimages\/source\/2B09E04058A5578D6159063CC6E4AFA785C89204ECE436091A182C6301A7C108.jpg"},"logo":{"normalUrl":"https:\/\/cdn.nlziet.nl\/static\/assets\/contentproviders\/npo.png","darkUrl":"https:\/\/cdn.nlziet.nl\/static\/assets\/contentproviders\/dark\/npo.png","flatUrl":"https:\/\/cdn.nlziet.nl\/static\/assets\/contentproviders\/flat\/npo.png"},"tags":[],"seriesId":"6pbrb5qCSEmKJooY61Bb_Q"},{"id":"x9dtDQFz8kSvPT6lxTCUiQ","type":"Vod","title":"NOS Journaal met gebarentolk","subtitle":"NOS Journaal met gebarentolk","description":"NOS - Met het laatste nieuws, gebeurtenissen van nationaal en internationaal belang en de weersverwachting, live vertaald door een gebarentolk.","formattedEpisodeNumbering":null,"formattedDate":"Wo 17 feb. 2021","formattedDateShort":"Feb. 2021","formattedTime":"08:29","formattedDuration":"3m","formattedAvailabilityWindow":null,"formattedAvailabilityWindowShort":null,"image":{"portraitUrl":null,"landscapeUrl":"https:\/\/images.nlziet.nl\/metadataimportimages\/source\/378A05E262929F0B11B5C5748B497E823C047D48FF6E18E7D35298B030F812F0.jpg"},"logo":{"normalUrl":"https:\/\/cdn.nlziet.nl\/static\/assets\/contentproviders\/npo.png","darkUrl":"https:\/\/cdn.nlziet.nl\/static\/assets\/contentproviders\/dark\/npo.png","flatUrl":"https:\/\/cdn.nlziet.nl\/static\/assets\/contentproviders\/flat\/npo.png"},"tags":[],"seriesId":"6pbrb5qCSEmKJooY61Bb_Q"},{"id":"plRgPZFWBEO2zO26eyrD1Q","type":"Vod","title":"NOS Journaal met gebarentaal","subtitle":"NOS Journaal met gebarentolk","description":"NOS - Met het laatste nieuws en de weersverwachting.","formattedEpisodeNumbering":null,"formattedDate":"Wo 6 jan. 2021","formattedDateShort":"Jan. 2021","formattedTime":"08:30","formattedDuration":"26m","formattedAvailabilityWindow":null,"formattedAvailabilityWindowShort":null,"image":{"portraitUrl":null,"landscapeUrl":"https:\/\/images.nlziet.nl\/metadataimportimages\/source\/C46D7C023FB9F25BCADCABC60BA5F908ADD85E055070E949B0E20E9E5CA04A91.jpg"},"logo":{"normalUrl":"https:\/\/cdn.nlziet.nl\/static\/assets\/contentproviders\/npo.png","darkUrl":"https:\/\/cdn.nlziet.nl\/static\/assets\/contentproviders\/dark\/npo.png","flatUrl":"https:\/\/cdn.nlziet.nl\/static\/assets\/contentproviders\/flat\/npo.png"},"tags":[],"seriesId":"6pbrb5qCSEmKJooY61Bb_Q"}]