[{"id":"aLOoRS_MbEWX80fjJ1dycw","type":"Vod","title":"Suze's Zomer","subtitle":"Afl. 1","description":"RTL7 - Suze Mens ontvangt in Ch\u00e2teau Neercanne in Maastricht bekende en minder bekende gasten uit het zakenleven, de politiek en de entertainmentwereld. Met reportages op diverse locaties in binnen- en buitenland.","formattedEpisodeNumbering":null,"formattedDate":"Zo 4 sep.","formattedDateShort":"Zo 4 sep.","formattedTime":"11:00","formattedDuration":"44m","formattedAvailabilityWindow":null,"formattedAvailabilityWindowShort":null,"image":{"portraitUrl":null,"landscapeUrl":"https:\/\/images.nlziet.nl\/metadataimportimages\/source\/8E3AD6AD1E89905802D8AB136783309A229C8FA4E04CB8C6888434DA0FEDA18C.jpg"},"logo":{"normalUrl":"https:\/\/cdn.nlziet.nl\/static\/assets\/contentproviders\/rtl.png","darkUrl":"https:\/\/cdn.nlziet.nl\/static\/assets\/contentproviders\/dark\/rtl.png","flatUrl":"https:\/\/cdn.nlziet.nl\/static\/assets\/contentproviders\/flat\/rtl.png"},"tags":[],"seriesId":"7LOKkXaCPki3Um6GWImYsA"}]