[{"id":"kh2jP1I520e3htke-LWvYA","type":"Vod","title":"Het Instituut","subtitle":"Afscheid","description":"NTR, BNN - Rob en Joep onderzoeken allerlei zaken die ze zelf gewoon heel graag wilden onderzoeken. Is het echt zo dat Nederlanders andere Nederlanders kunnen herkennen, zoals vaak beweerd wordt? Snappen mensen een wereldkaart? Zijn vrouwen beter in observeren dan mannen? Werkt een lachband onder een comedy? En wat gebeurt er met mensen als ze in een bus zitten en de pleuris breekt uit? Verder wordt er teruggeblikt en gekeken wat een week opgesloten zijn met vreemden zonder telefoon eigenlijk met een mens doet.","formattedEpisodeNumbering":null,"formattedDate":"Do 8 dec. 2016","formattedDateShort":"Dec. 2016","formattedTime":"21:25","formattedDuration":"38m","formattedAvailabilityWindow":null,"formattedAvailabilityWindowShort":null,"image":{"portraitUrl":null,"landscapeUrl":"https:\/\/images.nlziet.nl\/metadataimportimages\/source\/89C78360E934AB94FF050063EDE8A220BA845E56C7A9BF6BFF23E4DFC954F67B.jpg"},"logo":{"normalUrl":"https:\/\/cdn.nlziet.nl\/static\/assets\/contentproviders\/npo.png","darkUrl":"https:\/\/cdn.nlziet.nl\/static\/assets\/contentproviders\/dark\/npo.png","flatUrl":"https:\/\/cdn.nlziet.nl\/static\/assets\/contentproviders\/flat\/npo.png"},"tags":[],"seriesId":"4TjDOILMrE-zasJhbXnusA"},{"id":"ocOfNSjwb0CtYTQ9iwSrow","type":"Vod","title":"Het Instituut","subtitle":"Generation Games","description":"NTR, BNN - Op welke leeftijd ben je eigenlijk op je best? Rob Urgert en Joep van Deudekom proberen in deze aflevering van hun populair-wetenschappelijke programma Het Instituut antwoord te geven op deze vraag. Met de hulp van Sophie Hilbrand worden de 100 opgesloten proefpersonen uitgebreid getest op hun doorzettingsvermogen, hun communicatievaardigheden en hun technisch inzicht. Zijn de vijftigers echt afgeschreven op de arbeidsmarkt? Kun je beter iemand van rond de twintig aannemen? Met de moed der wanhoop zetten de teams onder meer een Ikea stoel in elkaar en proberen ze zo snel mogelijk te ontsnappen uit een escape room. Fysieke snelheid, reactiesnelheid, alles wordt gemeten. En aan het eind weten we het: welke leeftijdsgroep is het best toegesneden op de arbeidsmarkt?","formattedEpisodeNumbering":null,"formattedDate":"Do 1 dec. 2016","formattedDateShort":"Dec. 2016","formattedTime":"21:25","formattedDuration":"41m","formattedAvailabilityWindow":null,"formattedAvailabilityWindowShort":null,"image":{"portraitUrl":null,"landscapeUrl":"https:\/\/images.nlziet.nl\/metadataimportimages\/source\/5D4B849DA4BC00BCBE67F4BC215A114E6E57609DF8C2B6F86CAE41D9BC4866B2.jpg"},"logo":{"normalUrl":"https:\/\/cdn.nlziet.nl\/static\/assets\/contentproviders\/npo.png","darkUrl":"https:\/\/cdn.nlziet.nl\/static\/assets\/contentproviders\/dark\/npo.png","flatUrl":"https:\/\/cdn.nlziet.nl\/static\/assets\/contentproviders\/flat\/npo.png"},"tags":[],"seriesId":"4TjDOILMrE-zasJhbXnusA"},{"id":"Nsj5SzU-xkifAqb24SW7RQ","type":"Vod","title":"Het Instituut","subtitle":"Ruiken","description":"NTR, BNN - Rob, Joep en Sophie testen met onze 100 proefpersonen op allerlei manieren ons reukorgaan. Kunnen wij eigenlijk net als honden angst ruiken? En als je dat wil meten, hoe kom je dan aan angstzweet? En k\u00fannen honden eigenlijk wel angst ruiken? Worden vrouwen die aan baby's ruiken voorzichtiger? En is de aanname dat oude mensen anders ruiken dan jonge nu een mythe of kunnen we dat onderscheid ook echt maken? En van ruiken is het maar een kleine brug naar het grote Instituut WC-onderzoek met de centrale vraag: welke technieken bestaan er eigenlijk om je billen af te vegen? En verder onderzoeken we of de tip 'Kalm Blijven' in panieksituaties nou echt nuttig is en of leiders vaak langer zijn dan hun volgelingen.","formattedEpisodeNumbering":null,"formattedDate":"Do 24 nov. 2016","formattedDateShort":"Nov. 2016","formattedTime":"21:25","formattedDuration":"41m","formattedAvailabilityWindow":null,"formattedAvailabilityWindowShort":null,"image":{"portraitUrl":null,"landscapeUrl":"https:\/\/images.nlziet.nl\/metadataimportimages\/source\/718C7710AED728B8D2C75D29A7B034F4B1A685783C4B8B572BA737D944733213.jpg"},"logo":{"normalUrl":"https:\/\/cdn.nlziet.nl\/static\/assets\/contentproviders\/npo.png","darkUrl":"https:\/\/cdn.nlziet.nl\/static\/assets\/contentproviders\/dark\/npo.png","flatUrl":"https:\/\/cdn.nlziet.nl\/static\/assets\/contentproviders\/flat\/npo.png"},"tags":[],"seriesId":"4TjDOILMrE-zasJhbXnusA"},{"id":"i5FrMgONeUGDv7WcwoT0EA","type":"Vod","title":"Het Instituut","subtitle":"Politieke voorkeur","description":"NTR, BNN - Zijn rechtse mensen banger dan mensen met een politieke voorkeur voor links? Dat is de vraag die Rob en Joep vandaag proberen te beantwoorden in Het Instituut. Uit onderzoek blijkt dat de hersenen van conservatieve kiezers (VVD, CDA) niet helemaal hetzelfde zijn als die van progressieve kiezers (PvdA, GroenLinks). Joep en Rob kijken bij de 100 proefkonijnen die zij een week lang hebben opgesloten in Het Instituut of deze groepen ook anders reageren op angstprikkels. Ook onderzoeken ze welke tekst wij Nederlanders eigenlijk beter kennen: die van het Wilhelmus of die van Busje komt zo. En: kunnen we eigenlijk nog wel leven zonder mobiele telefoon?","formattedEpisodeNumbering":null,"formattedDate":"Do 17 nov. 2016","formattedDateShort":"Nov. 2016","formattedTime":"21:25","formattedDuration":"41m","formattedAvailabilityWindow":null,"formattedAvailabilityWindowShort":null,"image":{"portraitUrl":null,"landscapeUrl":"https:\/\/images.nlziet.nl\/metadataimportimages\/source\/36A331B6E3D32133264E4E068E3C781554B20B9026F989475B764428A52AC311.jpg"},"logo":{"normalUrl":"https:\/\/cdn.nlziet.nl\/static\/assets\/contentproviders\/npo.png","darkUrl":"https:\/\/cdn.nlziet.nl\/static\/assets\/contentproviders\/dark\/npo.png","flatUrl":"https:\/\/cdn.nlziet.nl\/static\/assets\/contentproviders\/flat\/npo.png"},"tags":[],"seriesId":"4TjDOILMrE-zasJhbXnusA"},{"id":"jCTkxnAQLUKnfXxxiJyBVg","type":"Vod","title":"Het Instituut","subtitle":"Vooroordelen","description":"NTR, VARA, BNN - Vooroordelen zouden heel vervelend zijn, als ze niet stiekem af en toe ook een beetje waar zouden zijn. Rob en Joep leggen een paar vooroordelen onder het vergrootglas. Zoals: hebben vrouwen echt een minder goed richtingsgevoel? Dat is een veelgehoorde klacht (onder mannen) maar is het ooit wetenschappelijk aangetoond? En het is bekend dat knappe mensen het makkelijker hebben op deze aardbol dan de wat minder goed gelukte exemplaren. Maar krijgen ze na het plegen van een misdaad ook minder straf? Tot slot gaan Rob en Joep op zoek naar mannen die bereid zijn om voor de vijftig vrouwen te dansen \u00e9n hun sperma te laten onderzoeken. Zodat er eindelijk een antwoord gegeven kan worden op de vraag: hebben sexy dansende mannen ook echt beter zaad? Welkom in het Instituut!","formattedEpisodeNumbering":null,"formattedDate":"Do 10 nov. 2016","formattedDateShort":"Nov. 2016","formattedTime":"21:25","formattedDuration":"40m","formattedAvailabilityWindow":null,"formattedAvailabilityWindowShort":null,"image":{"portraitUrl":null,"landscapeUrl":"https:\/\/images.nlziet.nl\/metadataimportimages\/source\/49F45764AC2040F1E5ABCF9C18F3FD9148B5EC4B2BA9E9EC89289C5E862FFE22.jpg"},"logo":{"normalUrl":"https:\/\/cdn.nlziet.nl\/static\/assets\/contentproviders\/npo.png","darkUrl":"https:\/\/cdn.nlziet.nl\/static\/assets\/contentproviders\/dark\/npo.png","flatUrl":"https:\/\/cdn.nlziet.nl\/static\/assets\/contentproviders\/flat\/npo.png"},"tags":[],"seriesId":"4TjDOILMrE-zasJhbXnusA"},{"id":"1joRlqAOlk-6hwYbua-TNQ","type":"Vod","title":"Het Instituut","subtitle":"Humor","description":"NTR, VARA, BNN - Natuurlijk zijn mannen grappiger dan vrouwen, tenminste dat vinden mannen, maar is het ook echt zo? In deze aflevering onderzoeken Rob en Joep ook of vrouwen grappige mannen sexyer vinden dan minder grappige en of mannen wellicht dezelfde voorkeur hebben voor grappige vrouwen. Sophie is ervan overtuigd dat vrouwen in ieder geval net zo goed of zelfs beter zijn in het vertellen van moppen. Rob en Joep nemen die uitdaging met veel vertrouwen aan. Daarnaast onderzoeken ze of gewassen mensen misschien minder gebeten worden door muggen dan ongewassen mensen. Met 300 hongerige muggen gaan ze 12 vrijwilligers te lijf. En wij mensen gaan er altijd maar van uit dat we meestal helder denkend en rationeel zijn. Rob en Joep tonen met hun dobbelsteenexperiment genadeloos aan dat dat zeker niet geval is. Welkom in het Instituut!","formattedEpisodeNumbering":null,"formattedDate":"Do 3 nov. 2016","formattedDateShort":"Nov. 2016","formattedTime":"21:30","formattedDuration":"40m","formattedAvailabilityWindow":null,"formattedAvailabilityWindowShort":null,"image":{"portraitUrl":null,"landscapeUrl":"https:\/\/images.nlziet.nl\/metadataimportimages\/source\/06202298302D8EB1F58B2FA3E3B9927BA584A4502FE3BB72A0466AE7055719AD.jpg"},"logo":{"normalUrl":"https:\/\/cdn.nlziet.nl\/static\/assets\/contentproviders\/npo.png","darkUrl":"https:\/\/cdn.nlziet.nl\/static\/assets\/contentproviders\/dark\/npo.png","flatUrl":"https:\/\/cdn.nlziet.nl\/static\/assets\/contentproviders\/flat\/npo.png"},"tags":[],"seriesId":"4TjDOILMrE-zasJhbXnusA"},{"id":"IMK11LotakGLKZGRRLQzNg","type":"Vod","title":"Het Instituut","subtitle":"Discriminatie","description":"NTR, VARA, BNN - In deze aflevering wordt gekeken naar met name onbewuste vormen van discriminatie. Veel mensen zeggen van zichzelf dat ze niet discrimineren, maar is dat ook zo? In meerdere experimenten, waaronder het confronterende experiment 'Live Call of Duty spelen' gaan Rob en Joep dit onbewuste mechanisme onderzoeken. Maar er worden meer onbewuste mechanismes onderzocht; van welke sok mensen als eerste aan trekken tot kijken of mensen met een tatoeage als minder intelligent worden gezien. En of dat misschien ook gewoon klopt. Ook krijgen we voor eens en altijd antwoord op de vraag: 'Moet je een pleister er nu in \u00e9\u00e9n keer of toch langzaam aftrekken?'","formattedEpisodeNumbering":null,"formattedDate":"Do 27 okt. 2016","formattedDateShort":"Okt. 2016","formattedTime":"21:25","formattedDuration":"38m","formattedAvailabilityWindow":null,"formattedAvailabilityWindowShort":null,"image":{"portraitUrl":null,"landscapeUrl":"https:\/\/images.nlziet.nl\/metadataimportimages\/source\/E39330BD720C231387F37EB2DC7728252F27CD32413FA7DCA077D5543C1143C6.jpg"},"logo":{"normalUrl":"https:\/\/cdn.nlziet.nl\/static\/assets\/contentproviders\/npo.png","darkUrl":"https:\/\/cdn.nlziet.nl\/static\/assets\/contentproviders\/dark\/npo.png","flatUrl":"https:\/\/cdn.nlziet.nl\/static\/assets\/contentproviders\/flat\/npo.png"},"tags":[],"seriesId":"4TjDOILMrE-zasJhbXnusA"},{"id":"3L42w8RuWEOeZwZqpEJ6RQ","type":"Vod","title":"Het Instituut","subtitle":"Testosteron","description":"NTR, BNN - Dat testosteron van grote invloed is op menselijk gedrag is bekend. Maar kunnen we meten hoe groot die invloed is? Joep en Rob proberen het uit te zoeken in een aantal niet-alledaagse experimenten. In een bijzonder en volstrekt nieuw spel wordt allereerst getest of mannen meer risico nemen als er mooie vrouwen in de buurt zijn. Daarna wordt in een competitie sumoworstelen, geleid door de Nederlands kampioen in deze sport, gekeken wat winnen en verliezen doet met je testosteron. Joep en Rob schrikken ook niet terug voor een heel controversieel experiment: kun je meten of iemand homo is? En ook dat heeft een connectie met testosteron. En naast al dit machtsvertoon wordt er ook nog eindelijk een definitief antwoord gegeven op de vraag: hoeveel technieken bestaan er eigenlijk om een tompouce te eten?","formattedEpisodeNumbering":null,"formattedDate":"Do 20 okt. 2016","formattedDateShort":"Okt. 2016","formattedTime":"21:30","formattedDuration":"41m","formattedAvailabilityWindow":null,"formattedAvailabilityWindowShort":null,"image":{"portraitUrl":null,"landscapeUrl":"https:\/\/images.nlziet.nl\/metadataimportimages\/source\/20813852C05C3C377E55B9149384C1B70A79597B839E4617D37784ACD8EFA2C0.jpg"},"logo":{"normalUrl":"https:\/\/cdn.nlziet.nl\/static\/assets\/contentproviders\/npo.png","darkUrl":"https:\/\/cdn.nlziet.nl\/static\/assets\/contentproviders\/dark\/npo.png","flatUrl":"https:\/\/cdn.nlziet.nl\/static\/assets\/contentproviders\/flat\/npo.png"},"tags":[],"seriesId":"4TjDOILMrE-zasJhbXnusA"}]