[{"id":"NTPi6WWdrka2_TbnT5SO3Q","type":"Vod","title":"DREAM SCHOOL","subtitle":"Als de kwartjes vallen","description":"NTR - In de laatste aflevering proberen Lucia en Eric nog \u00e9\u00e9n keer tot een aantal leerlingen door te dringen. Er wordt nog les gegeven door Eva Jinek, Lodewijk Hoekstra en Leo Blokhuis. Daarnaast nemen de leerlingen die aanwezig zijn een clip op met Shaker en moeten er nog heel wat dingen geregeld worden voor de eindborrel, waardoor er een aantal in de stress schieten. Ook hebben ze een eindgesprek en wordt duidelijk hoe het met de leerlingen gaat vijf maanden na DREAM SCHOOL.","formattedEpisodeNumbering":"S2:A10","formattedDate":"Ma 30 apr. 2018","formattedDateShort":"Apr. 2018","formattedTime":"20:25","formattedDuration":"1u 0m","formattedAvailabilityWindow":null,"formattedAvailabilityWindowShort":null,"image":{"portraitUrl":null,"landscapeUrl":"https:\/\/images.nlziet.nl\/metadataimportimages\/source\/42A84FED34B1FB9EEE4EE67B588698AE49ED061360600741EA0D3B346A773C93.jpg"},"logo":{"normalUrl":"https:\/\/cdn.nlziet.nl\/static\/assets\/contentproviders\/npo.png","darkUrl":"https:\/\/cdn.nlziet.nl\/static\/assets\/contentproviders\/dark\/npo.png","flatUrl":"https:\/\/cdn.nlziet.nl\/static\/assets\/contentproviders\/flat\/npo.png"},"tags":[],"seriesId":"4m5opRLDFkeeqa97TACkAg"},{"id":"vMLhGiKS90upbM4D_QCoKQ","type":"Vod","title":"DREAM SCHOOL","subtitle":"Oorzaak en gevolg","description":"NTR - De ruzie tussen Jade en Gina houdt de gemoederen nog steeds bezig. Als Lucia de dynamiek in haar les wil adresseren krijgt ze een aanvaring met Rodney. Rector Eric ergert zich aan de laatkomers, maar de leerlingen die w\u00e9l op tijd waren doen in de les van Tania Kross en Thijs Borsten goed mee. Net als de groep bij Roos Schlikker, die Jeroen Spitzenberger en Ferry Doedens heeft meegebracht. Jack vertrekt met een verongelijkt gevoel na een pittig gesprek met Eric. Als Duncan Stutterheim het feest dreigt te cancelen springt Romy uit haar vel.","formattedEpisodeNumbering":"S2:A9","formattedDate":"Ma 23 apr. 2018","formattedDateShort":"Apr. 2018","formattedTime":"20:25","formattedDuration":"49m","formattedAvailabilityWindow":null,"formattedAvailabilityWindowShort":null,"image":{"portraitUrl":null,"landscapeUrl":"https:\/\/images.nlziet.nl\/metadataimportimages\/source\/E9A5E8838EB007B492DB29FBA1C4516664365D59B919A1CEBCEB7BDA11796085.jpg"},"logo":{"normalUrl":"https:\/\/cdn.nlziet.nl\/static\/assets\/contentproviders\/npo.png","darkUrl":"https:\/\/cdn.nlziet.nl\/static\/assets\/contentproviders\/dark\/npo.png","flatUrl":"https:\/\/cdn.nlziet.nl\/static\/assets\/contentproviders\/flat\/npo.png"},"tags":[],"seriesId":"4m5opRLDFkeeqa97TACkAg"},{"id":"vuFpQb3mV0ee9wGtc5RV1A","type":"Vod","title":"DREAM SCHOOL","subtitle":"Kantelmoment","description":"NTR - Diederik Jekel en Eva Jinek werken prettig met de groep, maar Duncan Stutterheim en Rob\u00e8rt van Beckhoven hebben er allebei een pittige kluif aan. Toch willen Lucia en Eric geen mensen wegsturen. Tijdens een bijeenkomst lijkt er een kantelmoment te zijn, maar op een feestje bij Denise thuis krijgen Gina en Jade grote ruzie.","formattedEpisodeNumbering":"S2:A8","formattedDate":"Ma 16 apr. 2018","formattedDateShort":"Apr. 2018","formattedTime":"20:25","formattedDuration":"54m","formattedAvailabilityWindow":null,"formattedAvailabilityWindowShort":null,"image":{"portraitUrl":null,"landscapeUrl":"https:\/\/images.nlziet.nl\/metadataimportimages\/source\/E9BF658E5E4B07CB3764D2EE62624FED9EC4A45F3CD9A8021F37A06A22FA2500.jpg"},"logo":{"normalUrl":"https:\/\/cdn.nlziet.nl\/static\/assets\/contentproviders\/npo.png","darkUrl":"https:\/\/cdn.nlziet.nl\/static\/assets\/contentproviders\/dark\/npo.png","flatUrl":"https:\/\/cdn.nlziet.nl\/static\/assets\/contentproviders\/flat\/npo.png"},"tags":[],"seriesId":"4m5opRLDFkeeqa97TACkAg"},{"id":"9FPdvW8Z8kydeqMGK6nHhQ","type":"Vod","title":"DREAM SCHOOL","subtitle":"Proberen of doen","description":"NTR - Gina en Jade blijven doorgaan, maar Iris komt met een klacht over Tahir. Jack wordt boos om het commentaar op zijn te laat komen en ook Rodney windt zich op. Jeroen Spitzenberger brengt de klas tot rust en de les van Tania Kross slaat aan. Ook Erik Scherder en Joseph Klibansky hebben succes. Toch gedragen de jongeren zich buiten de les weer heel anders.","formattedEpisodeNumbering":"S2:A7","formattedDate":"Ma 9 apr. 2018","formattedDateShort":"Apr. 2018","formattedTime":"20:25","formattedDuration":"55m","formattedAvailabilityWindow":null,"formattedAvailabilityWindowShort":null,"image":{"portraitUrl":null,"landscapeUrl":"https:\/\/images.nlziet.nl\/metadataimportimages\/source\/A158C9B4170E3B1C5EA9F4AC8639FB9CDC35B5CD1E73062A75F03F97AA59A81E.jpg"},"logo":{"normalUrl":"https:\/\/cdn.nlziet.nl\/static\/assets\/contentproviders\/npo.png","darkUrl":"https:\/\/cdn.nlziet.nl\/static\/assets\/contentproviders\/dark\/npo.png","flatUrl":"https:\/\/cdn.nlziet.nl\/static\/assets\/contentproviders\/flat\/npo.png"},"tags":[],"seriesId":"4m5opRLDFkeeqa97TACkAg"},{"id":"an96pmXfcEapfHYWkEzGKQ","type":"Vod","title":"DREAM SCHOOL","subtitle":"Verandering doet pijn","description":"NTR - De gemoederen lopen behoorlijk op in de les van Lucia. Maar Lucia weet uiteindelijk haar boodschap over te brengen en de rust keert weer, voor even. Want als journalist Diana Matroos laatkomers in haar tweede les behoorlijk confronteert, stuit zij op veel weerstand bij vooral Rodney, Junior en Richard. En ook acteur Ferry Doedens krijgt het aan de stok met Junior. Lucia weet uiteindelijk tot hem door te dringen. Denise heeft het heel moeilijk en wil naar huis. Lucia en Eric nemen haar apart en dan blijkt waar haar smetvrees vandaan komt. En als Gina een moeilijk geheim, dat Jade haar heeft toevertrouwd, niet langer voor zich kan houden en het aan Lucia vertelt, is het alle hens aan dek voor Lucia en Eric.","formattedEpisodeNumbering":"S2:A6","formattedDate":"Ma 2 apr. 2018","formattedDateShort":"Apr. 2018","formattedTime":"20:25","formattedDuration":"50m","formattedAvailabilityWindow":null,"formattedAvailabilityWindowShort":null,"image":{"portraitUrl":null,"landscapeUrl":"https:\/\/images.nlziet.nl\/metadataimportimages\/source\/7987E157F1791A3F1045E87F0A9B8BA2DE2EE3E27EF6257BB3CD2B489F5C88F6.jpg"},"logo":{"normalUrl":"https:\/\/cdn.nlziet.nl\/static\/assets\/contentproviders\/npo.png","darkUrl":"https:\/\/cdn.nlziet.nl\/static\/assets\/contentproviders\/dark\/npo.png","flatUrl":"https:\/\/cdn.nlziet.nl\/static\/assets\/contentproviders\/flat\/npo.png"},"tags":[],"seriesId":"4m5opRLDFkeeqa97TACkAg"},{"id":"xpzp8PUUpEC22Dc0AieqBQ","type":"Vod","title":"DREAM SCHOOL","subtitle":"Negatieve overtuigingen","description":"NTR - Richard laat een heftige kant van zichzelf zien tijdens de acteerles van Jeroen Spitzenberger. Jeroen en de andere leerlingen schrikken er zelfs een beetje van. De acteerles slaat bij de meeste leerlingen wel goed aan. Maar bij de tweede les van Kim Feenstra schieten sommigen weer flink in de weerstand. Lucia probeert hen duidelijk te maken dat meedoen aan Dream School eigenlijk betekent dat je voortdurend de tegenovergestelde actie neemt dan je tot nu toe hebt gedaan. Maar het is heel moeilijk om weerstand en ingesleten patronen te overwinnen. En als Duncan Stutterheim langskomt om te checken hoe het gaat met het feest, blijkt eens te meer wat daar de gevolgen van zijn. Lucia confronteert de groep in haar boksles met hun houding, maar dat pikken een paar leerlingen niet...","formattedEpisodeNumbering":"S2:A5","formattedDate":"Ma 26 mrt. 2018","formattedDateShort":"Mrt. 2018","formattedTime":"20:25","formattedDuration":"50m","formattedAvailabilityWindow":null,"formattedAvailabilityWindowShort":null,"image":{"portraitUrl":null,"landscapeUrl":"https:\/\/images.nlziet.nl\/metadataimportimages\/source\/8FECBB7E227E1C9B808FDFDB30DF393FA3B66C48F2294B9184225847D617D21B.jpg"},"logo":{"normalUrl":"https:\/\/cdn.nlziet.nl\/static\/assets\/contentproviders\/npo.png","darkUrl":"https:\/\/cdn.nlziet.nl\/static\/assets\/contentproviders\/dark\/npo.png","flatUrl":"https:\/\/cdn.nlziet.nl\/static\/assets\/contentproviders\/flat\/npo.png"},"tags":[],"seriesId":"4m5opRLDFkeeqa97TACkAg"},{"id":"_1Ql1GIjW0eJw2UCazNQrA","type":"Vod","title":"DREAM SCHOOL","subtitle":"Aangaan of vermijden","description":"NTR - Lucia en Eric zien de noodzaak in van een vernieuwde aanpak. Annemarie van Gaal probeert het nut van kasboekjes over te brengen, maar stuit op grote weerstand, vooral bij Mitchel. Roos Schlikker, die scenarioschrijven doceert, is blij verrast door de inzet van Gina. Filosoof Bas Haring weet de jongeren te boeien met een uiteenzetting over kaas. Olympisch Zwemkampioen Maarten van der Weijden sport met de leerlingen \u00e9n praat over doorzettingsvermogen en kanker.","formattedEpisodeNumbering":"S2:A4","formattedDate":"Ma 19 mrt. 2018","formattedDateShort":"Mrt. 2018","formattedTime":"20:25","formattedDuration":"51m","formattedAvailabilityWindow":null,"formattedAvailabilityWindowShort":null,"image":{"portraitUrl":null,"landscapeUrl":"https:\/\/images.nlziet.nl\/metadataimportimages\/source\/9FF59242C5DF2B73D06B27D6AA5FD6EF475892A560255C9A2D2400850F661DCB.jpg"},"logo":{"normalUrl":"https:\/\/cdn.nlziet.nl\/static\/assets\/contentproviders\/npo.png","darkUrl":"https:\/\/cdn.nlziet.nl\/static\/assets\/contentproviders\/dark\/npo.png","flatUrl":"https:\/\/cdn.nlziet.nl\/static\/assets\/contentproviders\/flat\/npo.png"},"tags":[],"seriesId":"4m5opRLDFkeeqa97TACkAg"},{"id":"baPtS6b_ZkO7pA40lMDWbw","type":"Vod","title":"DREAM SCHOOL","subtitle":"Zelfsabotage","description":"NTR - De les van Kim maakt veel los. Lucia past in haar eigen les strakke en duidelijke regels toe, wat een confrontatie met Denise tot gevolg heeft. Neuropsycholoog Erik Scherder oogst afschuw en ontzetting met het echte brein dat hij bij zich heeft, maar ook een ongekend enthousiasme. Kunstenaar Joseph Klibansky legt uit hoe je kansen omzet in succes, maar vindt bij Tahir geen gehoor. In de RTL Nieuws-studio waar journalist Diana Matroos de leerlingen mee naartoe neemt gedraagt Salsa zich zo ongemotiveerd dat ze naar huis wordt gestuurd.","formattedEpisodeNumbering":"S2:A3","formattedDate":"Ma 12 mrt. 2018","formattedDateShort":"Mrt. 2018","formattedTime":"20:30","formattedDuration":"49m","formattedAvailabilityWindow":null,"formattedAvailabilityWindowShort":null,"image":{"portraitUrl":null,"landscapeUrl":"https:\/\/images.nlziet.nl\/metadataimportimages\/source\/070EF206CC3482928A8B3F5DBC6E75C48B47F473CC1D142D5B6089DB312E3FF3.jpg"},"logo":{"normalUrl":"https:\/\/cdn.nlziet.nl\/static\/assets\/contentproviders\/npo.png","darkUrl":"https:\/\/cdn.nlziet.nl\/static\/assets\/contentproviders\/dark\/npo.png","flatUrl":"https:\/\/cdn.nlziet.nl\/static\/assets\/contentproviders\/flat\/npo.png"},"tags":[],"seriesId":"4m5opRLDFkeeqa97TACkAg"},{"id":"WB0T6MzWY0OwjDJOKRO7mA","type":"Vod","title":"DREAM SCHOOL","subtitle":"Tijd om op te staan","description":"NTR - Lucia moet alle zeilen bijzetten om tot Jade door te dringen. Jade is erg boos op Lucia doordat ze haar verkeerd heeft aangesproken en zoekt de confrontatie. Ook choreograaf Shaker ziet veel weerstand als hij probeert de jongeren in beweging te krijgen. Het tegenovergestelde gebeurt bij ondernemer en dancegoeroe Duncan Stutterheim. Hij wil de jongeren hun eigen eindfeest laten organiseren en dat zien ze wel zitten. Ook Kim Feenstra weet precies de juiste snaar te raken door haar eigen jeugd, die in niets onderdoet voor die van de jongeren, te delen. Maar de opdrachten die ze vervolgens geeft zijn voor Gina te confronterend en zij loopt weg.","formattedEpisodeNumbering":"S2:A2","formattedDate":"Ma 5 mrt. 2018","formattedDateShort":"Mrt. 2018","formattedTime":"20:30","formattedDuration":"50m","formattedAvailabilityWindow":null,"formattedAvailabilityWindowShort":null,"image":{"portraitUrl":null,"landscapeUrl":"https:\/\/images.nlziet.nl\/metadataimportimages\/source\/BFCCCEE7B4832B63B575B3175C2520D17D79242A38D9385DB1B2C32F15A76068.jpg"},"logo":{"normalUrl":"https:\/\/cdn.nlziet.nl\/static\/assets\/contentproviders\/npo.png","darkUrl":"https:\/\/cdn.nlziet.nl\/static\/assets\/contentproviders\/dark\/npo.png","flatUrl":"https:\/\/cdn.nlziet.nl\/static\/assets\/contentproviders\/flat\/npo.png"},"tags":[],"seriesId":"4m5opRLDFkeeqa97TACkAg"},{"id":"qUlHfzAfbEq9SwF6-fpbcg","type":"Vod","title":"DREAM SCHOOL","subtitle":"Verwachtingen","description":"NTR - De jongeren maken kennis met Lucia en Eric en met elkaar en al snel blijkt dat ze meer gemeen hebben dan alleen hun problemen op school. Het merendeel heeft gescheiden ouders, een flink aantal werd uit huis geplaatst en ze hebben bijna allemaal wel eens gevochten. Dit schept meteen een band, al zijn er ook grote verschillen en al direct wrijvingen, niet alleen tussen de leerlingen onderling, maar ook met Lucia en Eric. In de les scenarioschrijven van Roos Schlikker en de fotografie-les van Kim Feenstra lopen de emoties bij sommige leerlingen hoog op.","formattedEpisodeNumbering":"S2:A1","formattedDate":"Ma 26 feb. 2018","formattedDateShort":"Feb. 2018","formattedTime":"20:30","formattedDuration":"51m","formattedAvailabilityWindow":null,"formattedAvailabilityWindowShort":null,"image":{"portraitUrl":null,"landscapeUrl":"https:\/\/images.nlziet.nl\/metadataimportimages\/source\/060C120805A031E6076B9C990125E87FB64B656C3CA2BE16243AD67D4F731FA0.jpg"},"logo":{"normalUrl":"https:\/\/cdn.nlziet.nl\/static\/assets\/contentproviders\/npo.png","darkUrl":"https:\/\/cdn.nlziet.nl\/static\/assets\/contentproviders\/dark\/npo.png","flatUrl":"https:\/\/cdn.nlziet.nl\/static\/assets\/contentproviders\/flat\/npo.png"},"tags":[],"seriesId":"4m5opRLDFkeeqa97TACkAg"}]