[{"id":"9Vffjy6zdEOL7NkjsWnftw","type":"Vod","title":"Erica op Reis","subtitle":"Verenigde Staten","description":"MAX - Reisprogramma zeer persoonlijk reisprogramma. Door de reizen die Erica maakt wordt er een beeld geschetst van inspirerende, wonderlijke en leerzame landen en culturen. Dat doet ze niet alleen met interviews, maar ook door het zelf ondergaan van de lokale rituelen, gewoonten en gebruiken. In Japan, Oman, Ethiopi\u00eb en de Verenigde Staten neemt Erica Terpstra de kijker mee langs bijzondere plekken, en verwondert ze zich over lokale gewoonten en gebruiken. Erica bezoekt markten, ondergaat rituelen en proeft van de plaatselijke keuken. Ze heeft ontmoetingen met bijzondere mensen waaronder indianen, cowboys, priesters, sumoworstelaars en medicijnmannen. Erica Terpstra reist naar de Verenigde Staten. In Arizona, Utah en Nevada spreekt ze met Navajo-indianen en medicijnmannen, en ze laat zich op een cowboyranch onderwijzen in de kunst van het lassowerpen, pistoolschieten en paardrijden. Bovendien gaat ze goud zoeken. Ze bezoekt de spectaculaire natuurgebieden van Monument Valley en de Grand Canyon, en rijdt een stuk over Route 66. De reis eindigt in Las Vegas, waar ze zich verbaast over de excessen die de stad kenmerken.","formattedEpisodeNumbering":"S2:A4","formattedDate":"Zo 17 nov. 2013","formattedDateShort":"Nov. 2013","formattedTime":"18:10","formattedDuration":"35m","formattedAvailabilityWindow":null,"formattedAvailabilityWindowShort":null,"image":{"portraitUrl":null,"landscapeUrl":"https:\/\/images.nlziet.nl\/metadataimportimages\/source\/49E08421590F228FDFD26A5CB45D10A310EA7A35C820D16630C7D4588685E5C4.jpg"},"logo":{"normalUrl":"https:\/\/cdn.nlziet.nl\/static\/assets\/contentproviders\/npo.png","darkUrl":"https:\/\/cdn.nlziet.nl\/static\/assets\/contentproviders\/dark\/npo.png","flatUrl":"https:\/\/cdn.nlziet.nl\/static\/assets\/contentproviders\/flat\/npo.png"},"tags":[],"seriesId":"6JNC-1-6i0KUh0PX3tUNkg"},{"id":"Zn7hZzJZhU6YP1qvSpi-Lw","type":"Vod","title":"Erica op Reis","subtitle":"Ethiopi\u00eb","description":"MAX - Erica Terpstra reist dwars door het oeroude Afrikaanse land Ethiopi\u00eb, waar de wieg van de mensheid stond en waar ook nu nog vele stammen leven die uit een ander tijdperk lijken te komen. Ze bezoekt een Hamarstam, waarvan de leden er in onze ogen hoogst merkwaardige, ongekend harde gewoonten en gebruiken op nahouden. In de hoofdstad Addis Abeba verkent ze de grootste - en misschien ook wel meest fascinerende - markt van heel Afrika, en ondergaat ze een koffieceremonie. In het stadje Lalibela stapt ze het oude testament binnen, middels een bezoek aan de wereldberoemde, eeuwenoude kerken daar, die letterlijk uit de rotsen zijn gehakt.","formattedEpisodeNumbering":"S2:A3","formattedDate":"Zo 13 okt. 2013","formattedDateShort":"Okt. 2013","formattedTime":"18:10","formattedDuration":"50m","formattedAvailabilityWindow":null,"formattedAvailabilityWindowShort":null,"image":{"portraitUrl":null,"landscapeUrl":"https:\/\/images.nlziet.nl\/metadataimportimages\/source\/BE7FE180973203B19922EDC16BF4826DD23496BDABD33DCC520910D383248B4B.jpg"},"logo":{"normalUrl":"https:\/\/cdn.nlziet.nl\/static\/assets\/contentproviders\/npo.png","darkUrl":"https:\/\/cdn.nlziet.nl\/static\/assets\/contentproviders\/dark\/npo.png","flatUrl":"https:\/\/cdn.nlziet.nl\/static\/assets\/contentproviders\/flat\/npo.png"},"tags":[],"seriesId":"6JNC-1-6i0KUh0PX3tUNkg"},{"id":"RAEb8Fb7REe-FWM2mmxGqQ","type":"Vod","title":"Erica op Reis","subtitle":"Oman","description":"MAX - Erica Terpstra dompelt zich onder in de wonderlijke wereld van het Midden-Oosterse land Oman, \u00e9\u00e9n van de laatste sultanaten die de wereld nog kent. Het is een land van nomaden, van de sprookjes van 1001 nacht, maar ook van onverwachte natuurschoon en bijzonder hartelijke en gastvrije mensen. Ze bezoekt markten waar kamelen, wierook en mirre worden verhandeld en die rechtstreeks uit de middeleeuwen lijken te stammen. Ze spreekt een Arabische prinses en een Nederlandse vrouw die hier een heel bijzonder leven leidt. Ze reist dwars door de woestijn, langs oases en bedoe\u00efenenkampen en verbaast zich over de gewoonten en gebruiken van de mensen die dit land bewonen.","formattedEpisodeNumbering":"S2:A2","formattedDate":"Vr 11 dec. 2015","formattedDateShort":"Dec. 2015","formattedTime":"22:10","formattedDuration":"40m","formattedAvailabilityWindow":null,"formattedAvailabilityWindowShort":null,"image":{"portraitUrl":null,"landscapeUrl":"https:\/\/images.nlziet.nl\/metadataimportimages\/source\/926904515DECAD4EFFE8A3FF2E4C6EDE399741D2593B08480AD1A54A3E2B80F2.jpg"},"logo":{"normalUrl":"https:\/\/cdn.nlziet.nl\/static\/assets\/contentproviders\/npo.png","darkUrl":"https:\/\/cdn.nlziet.nl\/static\/assets\/contentproviders\/dark\/npo.png","flatUrl":"https:\/\/cdn.nlziet.nl\/static\/assets\/contentproviders\/flat\/npo.png"},"tags":[],"seriesId":"6JNC-1-6i0KUh0PX3tUNkg"},{"id":"FEH1r2ref0Sg_HsoBRuxdA","type":"Vod","title":"Erica op Reis","subtitle":"Japan","description":"MAX - Erica Terpstra reist naar Japan. Ze bezoekt Tokio, de grootste metropool ter wereld, en een stad vol tegenstellingen: de bewoners willen er het nieuwste van het nieuwste, maar houden ondertussen op andere terreinen juist weer vast aan het traditionele leven. Die twee kanten onderzoekt Erica Terpstra, in een stad waar de bezoeker van de ene verbazing in de andere valt. Ze laat zich onderwijzen in kendo, het oudste van de martial arts, woont een training van sumoworstelaars bij, spreekt een gigolo en bezoekt de grootste vismarkt ter wereld. Ze ontkomt bovendien niet aan een optreden in \u00e9\u00e9n van de vele karaoke-bars die de stad telt. Ook gaat ze op zoek naar sporen van de Olympische Spelen die hier in 1964 werden gehouden en die met twee olympische medailles het hoogtepunt uit haar eigen sportloopbaan zouden worden. Tijdens die zoektocht blijkt dat niets blijft zoals het was.","formattedEpisodeNumbering":"S2:A1","formattedDate":"Zo 8 sep. 2013","formattedDateShort":"Sep. 2013","formattedTime":"18:10","formattedDuration":"50m","formattedAvailabilityWindow":null,"formattedAvailabilityWindowShort":null,"image":{"portraitUrl":null,"landscapeUrl":"https:\/\/images.nlziet.nl\/metadataimportimages\/source\/360B4606A5F693EDB5742F1D9217A91D65C6D17F072D1889CAA3F86E2CEF030C.jpg"},"logo":{"normalUrl":"https:\/\/cdn.nlziet.nl\/static\/assets\/contentproviders\/npo.png","darkUrl":"https:\/\/cdn.nlziet.nl\/static\/assets\/contentproviders\/dark\/npo.png","flatUrl":"https:\/\/cdn.nlziet.nl\/static\/assets\/contentproviders\/flat\/npo.png"},"tags":[],"seriesId":"6JNC-1-6i0KUh0PX3tUNkg"}]