[{"id":"AC-0bfTK10yvxiykLnas5A","type":"Vod","title":"Het Blok Nieuw-Zeeland","subtitle":"Open House and Auction","description":"Net5 - Alle vier de huizen komen onder de hamer en alle teams nemen hun winst mee naar huis. Wie maakt de meeste winst, wint 'Het blok Nieuw-Zeeland' 2015 en de geldprijs van honderdduizend dollar?","formattedEpisodeNumbering":null,"formattedDate":"Vr 22 jul.","formattedDateShort":"Vr 22 jul.","formattedTime":"12:27","formattedDuration":"45m","formattedAvailabilityWindow":"Vandaag nog beschikbaar","formattedAvailabilityWindowShort":"Nog 1 d. beschikbaar","image":{"portraitUrl":null,"landscapeUrl":"https:\/\/images.nlziet.nl\/metadataimportimages\/source\/83BF97453238EE2E4A596016C702BE5F9FBEC69AE0B0EF53E9941690A8B14CEA.jpg"},"logo":{"normalUrl":"https:\/\/cdn.nlziet.nl\/static\/assets\/contentproviders\/sbs.png","darkUrl":"https:\/\/cdn.nlziet.nl\/static\/assets\/contentproviders\/dark\/sbs.png","flatUrl":"https:\/\/cdn.nlziet.nl\/static\/assets\/contentproviders\/flat\/sbs.png"},"tags":[],"seriesId":"8AOhOlelUEa5dd6vZegEng"}]