[{"id":"5NbC7YaD0k-ytWZY7ern7Q","type":"Vod","title":"Zappsport","subtitle":"Schaatsen, Kjeld Nuis","description":"AVROTROS - Ron verrast een aantal grote fans van Kjeld Nuis, \u00e9\u00e9n van Nederlands beste schaatsers. Hij is meervoudig wereldkampioen en pakte vorig jaar op de Olympische Spelen twee keer goud op de 1000 en 1500 meter. In schaatshal Thialf in Heerenveen worden een aantal wensen vervuld. Tim (9) wil graag van Kjeld pootje over leren. Wick (11) wil zijn idool ontmoeten en een aantal vragen stellen. En Marin (9) maakt met Ron en Kjeld een 'ijscoupe Kjeld Nuis'.","formattedEpisodeNumbering":null,"formattedDate":"Zo 3 jan. 2021","formattedDateShort":"Jan. 2021","formattedTime":"08:40","formattedDuration":"16m","formattedAvailabilityWindow":null,"formattedAvailabilityWindowShort":null,"image":{"portraitUrl":null,"landscapeUrl":"https:\/\/images.nlziet.nl\/metadataimportimages\/source\/3BD7B44DF0931DD30F0D9711C1F2134C7EABA2D04B4D6291A14FE020D37C0488.jpg"},"logo":{"normalUrl":"https:\/\/cdn.nlziet.nl\/static\/assets\/contentproviders\/npo.png","darkUrl":"https:\/\/cdn.nlziet.nl\/static\/assets\/contentproviders\/dark\/npo.png","flatUrl":"https:\/\/cdn.nlziet.nl\/static\/assets\/contentproviders\/flat\/npo.png"},"tags":[],"seriesId":"7QrOqPrilEGeM3pgWB1w1A"},{"id":"JQFQcUOR-kyjei7hPqtfKA","type":"Vod","title":"Zappsport","subtitle":"The battle hockey","description":"AVROTROS - Top-hockeyers Jeroen Hertzberger en Lidewij Welten stomen de teams van Ron en Britt klaar voor een speciale battle hockey. De teams zijn extra groot en hebben al ervaring met de sport. De strijd wordt dus pittig. Elf meiden van hockeyclub Den Bosch strijden tegen elf jongens van MHC Rosmalen. Het wedstrijdcommentaar is van de legendarische Evert ten Napel. Welk team wint de felbegeerde Zappsport-beker?","formattedEpisodeNumbering":null,"formattedDate":"Za 2 jan. 2021","formattedDateShort":"Jan. 2021","formattedTime":"08:45","formattedDuration":"16m","formattedAvailabilityWindow":null,"formattedAvailabilityWindowShort":null,"image":{"portraitUrl":null,"landscapeUrl":"https:\/\/images.nlziet.nl\/metadataimportimages\/source\/305A48FAAA48D1F04DF920D662CAEE950E1CDFD5C4402988ED88A5E474B1ED28.jpg"},"logo":{"normalUrl":"https:\/\/cdn.nlziet.nl\/static\/assets\/contentproviders\/npo.png","darkUrl":"https:\/\/cdn.nlziet.nl\/static\/assets\/contentproviders\/dark\/npo.png","flatUrl":"https:\/\/cdn.nlziet.nl\/static\/assets\/contentproviders\/flat\/npo.png"},"tags":[],"seriesId":"7QrOqPrilEGeM3pgWB1w1A"},{"id":"J2Cnoj5Kh0qF3BHlRXvYQQ","type":"Vod","title":"Zappsport","subtitle":"Derby Katwijk-Quickboys","description":"AVROTROS - In Katwijk aan Zee vechten de meiden van VV Katwijk en Quick Boys \u00e9\u00e9n van de oudste derby's van Nederland uit. Dan\u00e9 van VV Katwijk neemt het op tegen haar klasgenoot Lieke, die bij Quick Boys speelt. Wie wint deze spannende derby? Mirte is \u00e9\u00e9n van de jongste meisjes in Nederland die aan quadcross doet. We volgen haar bij het NK quad youngsters. Als negenjarige rijdt ze tegen jongens tussen de twaalf en vijftien jaar. Ze is twee keer Nederlands kampioen geworden. Pakt ze weer de titel?","formattedEpisodeNumbering":null,"formattedDate":"Zo 27 dec. 2020","formattedDateShort":"Dec. 2020","formattedTime":"08:40","formattedDuration":"15m","formattedAvailabilityWindow":null,"formattedAvailabilityWindowShort":null,"image":{"portraitUrl":null,"landscapeUrl":"https:\/\/images.nlziet.nl\/metadataimportimages\/source\/64BF4255492BE12093905F4E6A00F9C7E1CDD0BD44657CC873B22013525390DF.jpg"},"logo":{"normalUrl":"https:\/\/cdn.nlziet.nl\/static\/assets\/contentproviders\/npo.png","darkUrl":"https:\/\/cdn.nlziet.nl\/static\/assets\/contentproviders\/dark\/npo.png","flatUrl":"https:\/\/cdn.nlziet.nl\/static\/assets\/contentproviders\/flat\/npo.png"},"tags":[],"seriesId":"7QrOqPrilEGeM3pgWB1w1A"},{"id":"FHjm1Ch3Yk6xeqs4VGIgmg","type":"Vod","title":"Zappsport","subtitle":"The battle korfbal","description":"AVROTROS - Korfbal is een gemengde sport, maar wie zijn er beter in: de jongens of de meiden? Dat wordt getest. Ron ontdekt dat het team van Britt een grote voorsprong heeft. E\u00e9n van de meiden zit al jaren op korfbal. Lukt het de jongens om toch de Zappsport-beker te pakken? Topkorfballers Matt\u00e9 Lipke en Iris Ilekhomon bereiden de teams voor op de wedstrijd. De kinderen komen van de Johan Frisoschool uit Wageningen.","formattedEpisodeNumbering":null,"formattedDate":"Za 15 aug. 2020","formattedDateShort":"Aug. 2020","formattedTime":"08:40","formattedDuration":"15m","formattedAvailabilityWindow":null,"formattedAvailabilityWindowShort":null,"image":{"portraitUrl":null,"landscapeUrl":"https:\/\/images.nlziet.nl\/metadataimportimages\/source\/F4EE7F9D65100C2051F8003EC555AADB4C2AE9FFB5BDA8106BE2FE8EAB5454A5.jpg"},"logo":{"normalUrl":"https:\/\/cdn.nlziet.nl\/static\/assets\/contentproviders\/npo.png","darkUrl":"https:\/\/cdn.nlziet.nl\/static\/assets\/contentproviders\/dark\/npo.png","flatUrl":"https:\/\/cdn.nlziet.nl\/static\/assets\/contentproviders\/flat\/npo.png"},"tags":[],"seriesId":"7QrOqPrilEGeM3pgWB1w1A"},{"id":"WnhUylIuxE-fDtGY1SvjzQ","type":"Vod","title":"Zappsport","subtitle":"Kickboksen, Jamal Ben Saddik","description":"AVROTROS - Mariama (10) is een geluksvogel: ze hoeft een dagje niet naar school, maar krijgt les van haar favoriete kickbokser: zwaargewicht Jamal Ben Saddik. Mariama zit zelf een jaar op kickboksen en wil beter leren stoten. Twee basketbal-toppers spelen een wedstrijd tegen twintig jeugdspelers tegelijk! In de tweede helft kunnen de jeugdspelers jokers inzetten om het de profs nog moeilijker te maken. Ze kunnen kiezen uit: lange opblaasbare figuren voor de basket, met oneindig veel ballen op de basket knallen en een handschoen voor de profs over een van hun handen. Wie gaan er winnen? De ervaren profs? Of de jeugdspelers? E\u00e9n ding is zeker: dit zag je nog nooit op een basketbalveld! Het wedstrijdcommentaar is van de legendarische Evert ten Napel.","formattedEpisodeNumbering":null,"formattedDate":"Vr 10 apr. 2020","formattedDateShort":"Apr. 2020","formattedTime":"13:55","formattedDuration":"16m","formattedAvailabilityWindow":null,"formattedAvailabilityWindowShort":null,"image":{"portraitUrl":null,"landscapeUrl":"https:\/\/images.nlziet.nl\/metadataimportimages\/source\/4498B0A50F34762BCEBD7E9D04A620ADC2734276724E38B357545F42B39DD505.jpg"},"logo":{"normalUrl":"https:\/\/cdn.nlziet.nl\/static\/assets\/contentproviders\/npo.png","darkUrl":"https:\/\/cdn.nlziet.nl\/static\/assets\/contentproviders\/dark\/npo.png","flatUrl":"https:\/\/cdn.nlziet.nl\/static\/assets\/contentproviders\/flat\/npo.png"},"tags":[],"seriesId":"7QrOqPrilEGeM3pgWB1w1A"},{"id":"wGoS2CRtRkOH4zl2TmRGxw","type":"Vod","title":"Zappsport","subtitle":"Freestyle voetbal, Laura Dekker","description":"AVROTROS - Tess (10) krijgt een unieke kans: voetbaltricks leren van \u00e9\u00e9n van de beste freestyle voetballers van de wereld. Ze traint met topper Laura Dekker, die derde werd op het WK Freestyle Voetbal. Om te bewijzen of ze de tricks onder de knie heeft, voert Tess een show op voor haar voetbalteam m\u00e9t Laura. Het is een droom van vele Hagenezen: een balletje trappen in het stadion van ADO Den Haag. Voor vijf jeugdspelers komt die droom uit bij Latjetrap. Ze hebben er keihard voor getraind. Cricket is na voetbal de populairste sport van de wereld. Toch weten veel mensen niet hoe je dat moet spelen. Rob (10) en Marc (9) laten zien hoe het moet.","formattedEpisodeNumbering":null,"formattedDate":"Wo 18 mrt. 2020","formattedDateShort":"Mrt. 2020","formattedTime":"14:50","formattedDuration":"16m","formattedAvailabilityWindow":null,"formattedAvailabilityWindowShort":null,"image":{"portraitUrl":null,"landscapeUrl":"https:\/\/images.nlziet.nl\/metadataimportimages\/source\/EBFC9FD9AF12ADEBD61F88E3314301B810B90289C1B2904D01BDE0A22AE73AF3.jpg"},"logo":{"normalUrl":"https:\/\/cdn.nlziet.nl\/static\/assets\/contentproviders\/npo.png","darkUrl":"https:\/\/cdn.nlziet.nl\/static\/assets\/contentproviders\/dark\/npo.png","flatUrl":"https:\/\/cdn.nlziet.nl\/static\/assets\/contentproviders\/flat\/npo.png"},"tags":[],"seriesId":"7QrOqPrilEGeM3pgWB1w1A"}]