[{"id":"FxADgb-t4kaKlnoMyFz9ZQ","type":"Vod","title":"Border Security: Australi\u00eb","subtitle":"Aflevering 10","description":"Veronica - De douane ontdekt een illegaal wapen.","formattedEpisodeNumbering":null,"formattedDate":"Za 12 dec. 2020","formattedDateShort":"Dec. 2020","formattedTime":"19:30","formattedDuration":"0m","formattedAvailabilityWindow":null,"formattedAvailabilityWindowShort":null,"image":{"portraitUrl":null,"landscapeUrl":"https:\/\/images.nlziet.nl\/metadataimportimages\/source\/8E62B6A12111BE1F9CBE6F4333E3ED4C2FDB2478E70413A35B1A0C2CBB722361.jpg"},"logo":{"normalUrl":"https:\/\/cdn.nlziet.nl\/static\/assets\/contentproviders\/sbs.png","darkUrl":"https:\/\/cdn.nlziet.nl\/static\/assets\/contentproviders\/dark\/sbs.png","flatUrl":"https:\/\/cdn.nlziet.nl\/static\/assets\/contentproviders\/flat\/sbs.png"},"tags":[],"seriesId":"6EBfsFV_3EqMK8x9C1vHew"},{"id":"EAn8T2u89kuTzAgf0XtYOA","type":"Vod","title":"Border Security: Australi\u00eb","subtitle":"Aflevering 9","description":"Een passagier uit Nieuw-Zeeland is niet blij dat hij wordt ondervraagd over zijn visum. Er is een ongelooflijke situatie bij de douane en het leven van een passagier kan in gevaar zijn. Drie agentschappen bundelen hun krachten om illegale taxichauffeurs aan te pakken.","formattedEpisodeNumbering":null,"formattedDate":"Za 30 okt. 2021","formattedDateShort":"Okt. 2021","formattedTime":"19:03","formattedDuration":"20m","formattedAvailabilityWindow":null,"formattedAvailabilityWindowShort":null,"image":{"portraitUrl":null,"landscapeUrl":"https:\/\/images.nlziet.nl\/metadataimportimages\/source\/5B8AE70B319B02828CAABA959651895DFF2C8A2E242BB21C79EC0FB27614249C.jpg"},"logo":{"normalUrl":"https:\/\/cdn.nlziet.nl\/static\/assets\/contentproviders\/sbs.png","darkUrl":"https:\/\/cdn.nlziet.nl\/static\/assets\/contentproviders\/dark\/sbs.png","flatUrl":"https:\/\/cdn.nlziet.nl\/static\/assets\/contentproviders\/flat\/sbs.png"},"tags":[],"seriesId":"6EBfsFV_3EqMK8x9C1vHew"},{"id":"ZPnT9kQ_30GE6iQd4R7jsA","type":"Vod","title":"Border Security: Australi\u00eb","subtitle":"Aflevering 8","description":"Veronica - Een passagier wordt voor vertrek uit een vliegtuig gehaald. Een stel doet een wanhopig pleidooi en een graffitikunstenaar uit New York beweert dat hij erin is geluisd.","formattedEpisodeNumbering":null,"formattedDate":"Za 5 dec. 2020","formattedDateShort":"Dec. 2020","formattedTime":"19:30","formattedDuration":"23m","formattedAvailabilityWindow":null,"formattedAvailabilityWindowShort":null,"image":{"portraitUrl":null,"landscapeUrl":"https:\/\/images.nlziet.nl\/metadataimportimages\/source\/23CAAE000777E815605576C053956A2AF7A4DFED0844FE95E068B96CB5B1B4D6.jpg"},"logo":{"normalUrl":"https:\/\/cdn.nlziet.nl\/static\/assets\/contentproviders\/sbs.png","darkUrl":"https:\/\/cdn.nlziet.nl\/static\/assets\/contentproviders\/dark\/sbs.png","flatUrl":"https:\/\/cdn.nlziet.nl\/static\/assets\/contentproviders\/flat\/sbs.png"},"tags":[],"seriesId":"6EBfsFV_3EqMK8x9C1vHew"},{"id":"5uspdiYs9EiI7VFCOIFlWQ","type":"Vod","title":"Border Security: Australi\u00eb","subtitle":"Aflevering 4","description":"Veronica - Een nerveuze reiziger uit China wekt argwaan. Een familie uit de Verenigde Staten heeft niets aan te geven, maar hun bagage suggereert anders.","formattedEpisodeNumbering":null,"formattedDate":"Za 26 dec. 2020","formattedDateShort":"Dec. 2020","formattedTime":"20:00","formattedDuration":"21m","formattedAvailabilityWindow":null,"formattedAvailabilityWindowShort":null,"image":{"portraitUrl":null,"landscapeUrl":"https:\/\/images.nlziet.nl\/metadataimportimages\/source\/8DF7FAECABE18A53709105D0FF587DFB7CD34BD2ADBF9942D5F5E31B5A73407D.jpg"},"logo":{"normalUrl":"https:\/\/cdn.nlziet.nl\/static\/assets\/contentproviders\/sbs.png","darkUrl":"https:\/\/cdn.nlziet.nl\/static\/assets\/contentproviders\/dark\/sbs.png","flatUrl":"https:\/\/cdn.nlziet.nl\/static\/assets\/contentproviders\/flat\/sbs.png"},"tags":[],"seriesId":"6EBfsFV_3EqMK8x9C1vHew"},{"id":"_rXFBkNs3EWrOswCoiO98Q","type":"Vod","title":"Border Security: Australi\u00eb","subtitle":"Aflevering 3","description":"Medewerkers vermoeden dat er een bom in iemands bagage zit en de hele luchthaven wordt gesloten.","formattedEpisodeNumbering":null,"formattedDate":"Za 9 okt. 2021","formattedDateShort":"Okt. 2021","formattedTime":"19:02","formattedDuration":"19m","formattedAvailabilityWindow":null,"formattedAvailabilityWindowShort":null,"image":{"portraitUrl":null,"landscapeUrl":"https:\/\/images.nlziet.nl\/metadataimportimages\/source\/29A79F4EF32391D57C3DEEDEA0D2F43C7DBD518DFCA9DD67E397EE18F95FD17B.jpg"},"logo":{"normalUrl":"https:\/\/cdn.nlziet.nl\/static\/assets\/contentproviders\/sbs.png","darkUrl":"https:\/\/cdn.nlziet.nl\/static\/assets\/contentproviders\/dark\/sbs.png","flatUrl":"https:\/\/cdn.nlziet.nl\/static\/assets\/contentproviders\/flat\/sbs.png"},"tags":[],"seriesId":"6EBfsFV_3EqMK8x9C1vHew"},{"id":"BBWN59gEB0aWX0fP5c4fgg","type":"Vod","title":"Border Security: Australi\u00eb","subtitle":"Aflevering 2","description":"Veronica - Een jonge Isra\u00eblische passagier komt voor de liefde naar Australi\u00eb.","formattedEpisodeNumbering":null,"formattedDate":"Za 19 dec. 2020","formattedDateShort":"Dec. 2020","formattedTime":"19:29","formattedDuration":"22m","formattedAvailabilityWindow":null,"formattedAvailabilityWindowShort":null,"image":{"portraitUrl":null,"landscapeUrl":"https:\/\/images.nlziet.nl\/metadataimportimages\/source\/6E39559023FFAA18B7153949DF84C9A46730BE44D9505640CA9C74A765BCE58A.jpg"},"logo":{"normalUrl":"https:\/\/cdn.nlziet.nl\/static\/assets\/contentproviders\/sbs.png","darkUrl":"https:\/\/cdn.nlziet.nl\/static\/assets\/contentproviders\/dark\/sbs.png","flatUrl":"https:\/\/cdn.nlziet.nl\/static\/assets\/contentproviders\/flat\/sbs.png"},"tags":[],"seriesId":"6EBfsFV_3EqMK8x9C1vHew"},{"id":"53lIdO2FkkWLw0vUvrKifA","type":"Vod","title":"Border Security: Australi\u00eb","subtitle":"Aflevering 2","description":"Een jonge Isra\u00eblische passagier komt voor de liefde naar Australi\u00eb.","formattedEpisodeNumbering":null,"formattedDate":"Za 2 okt. 2021","formattedDateShort":"Okt. 2021","formattedTime":"19:32","formattedDuration":"20m","formattedAvailabilityWindow":null,"formattedAvailabilityWindowShort":null,"image":{"portraitUrl":null,"landscapeUrl":"https:\/\/images.nlziet.nl\/metadataimportimages\/source\/8D731B9081B5CD928BED610BFC6F6DD22476F15C22641D92144D19F72B64CC6A.jpg"},"logo":{"normalUrl":"https:\/\/cdn.nlziet.nl\/static\/assets\/contentproviders\/sbs.png","darkUrl":"https:\/\/cdn.nlziet.nl\/static\/assets\/contentproviders\/dark\/sbs.png","flatUrl":"https:\/\/cdn.nlziet.nl\/static\/assets\/contentproviders\/flat\/sbs.png"},"tags":[],"seriesId":"6EBfsFV_3EqMK8x9C1vHew"},{"id":"IljOACCZmEuxCRZkEkawQQ","type":"Vod","title":"Border Security: Australi\u00eb","subtitle":"Aflevering 1","description":"Veronica - Een Libanese passagier die terugkomt van Egypte probeert een voedselgevecht te beginnen.","formattedEpisodeNumbering":null,"formattedDate":"Za 6 nov. 2021","formattedDateShort":"Nov. 2021","formattedTime":"19:02","formattedDuration":"0m","formattedAvailabilityWindow":null,"formattedAvailabilityWindowShort":null,"image":{"portraitUrl":null,"landscapeUrl":"https:\/\/images.nlziet.nl\/metadataimportimages\/source\/9546147BDDD72ECD2FB7387FA351F01FC505112EF9B80950D10A487DFE0B9691.jpg"},"logo":{"normalUrl":"https:\/\/cdn.nlziet.nl\/static\/assets\/contentproviders\/sbs.png","darkUrl":"https:\/\/cdn.nlziet.nl\/static\/assets\/contentproviders\/dark\/sbs.png","flatUrl":"https:\/\/cdn.nlziet.nl\/static\/assets\/contentproviders\/flat\/sbs.png"},"tags":[],"seriesId":"6EBfsFV_3EqMK8x9C1vHew"}]