[{"id":"SEGSwAwnqEyKMFNSW78wMg","type":"Vod","title":"Prinsjesdagviering 2022","subtitle":"Prinsjesdagviering 2022","description":"KRO-NCRV - Verdragen, verzoenen, verbinden is het thema van deze 23e Prinsjesdagviering. Aanleiding voor dit thema is de toenemende polarisatie in de samenleving. In de viering zal een oproep zijn voor meer verdraagzaamheid voor het anders-zijn, verzoening waar mogelijk en verbinding tussen groepen die op het eerste oog vooral verschillen. Vanuit de Grote Kerk in Den Haag begint Wilfred Kemp met korte interviews met o.a. minister-president Mark Rutte, jonge moslima Esma Alasag en pastor Ad van der Helm.","formattedEpisodeNumbering":null,"formattedDate":"Di 20 sep.","formattedDateShort":"Di 20 sep.","formattedTime":"10:20","formattedDuration":"57m","formattedAvailabilityWindow":null,"formattedAvailabilityWindowShort":null,"image":{"portraitUrl":null,"landscapeUrl":"https:\/\/images.nlziet.nl\/metadataimportimages\/source\/CC33EEA41BA0BC733514D2459D1756A211F949DF803C96D9699C4B4D0F250588.jpg"},"logo":{"normalUrl":"https:\/\/cdn.nlziet.nl\/static\/assets\/contentproviders\/npo.png","darkUrl":"https:\/\/cdn.nlziet.nl\/static\/assets\/contentproviders\/dark\/npo.png","flatUrl":"https:\/\/cdn.nlziet.nl\/static\/assets\/contentproviders\/flat\/npo.png"},"tags":[],"seriesId":"4tb3onm6bUCAFUVL9ZbeBg"}]