[{"id":"BMITcMgdhEa_JVSP1cVDUg","type":"Vod","title":"Way Of Living","subtitle":"Afl. 4","description":"RTL4 - Arno Raymakers reist af naar de Costa Blanca waar Fred hem bijpraat over de mogelijkheden van een tweede huis in Spanje en waarom het levensonderhoud er stukken goedkoper is dan Nederland. Het wintersportseizoen staat ook al voor de deur: in Montafon ontdekken we wat deze skiregio zo bijzonder maakt en toont Ralph de projectsite waar een nieuw resort wordt gebouwd. Op de Second Home Beurs schuiven twee gasten aan: Jeroen en Theodora. En Sanne Heijen heeft weer interieurtips.","formattedEpisodeNumbering":null,"formattedDate":"Za 22 jan.","formattedDateShort":"Za 22 jan.","formattedTime":"15:00","formattedDuration":"22m","formattedAvailabilityWindow":null,"formattedAvailabilityWindowShort":null,"image":{"portraitUrl":null,"landscapeUrl":"https:\/\/images.nlziet.nl\/metadataimportimages\/source\/E1CE1A10E325213251AFA41001F9DFA36C4E30806282C1DFFD5501EDBB5CA5EE.jpg"},"logo":{"normalUrl":"https:\/\/cdn.nlziet.nl\/static\/assets\/contentproviders\/rtl.png","darkUrl":"https:\/\/cdn.nlziet.nl\/static\/assets\/contentproviders\/dark\/rtl.png","flatUrl":"https:\/\/cdn.nlziet.nl\/static\/assets\/contentproviders\/flat\/rtl.png"},"tags":[],"seriesId":"5iq64M0KqESDSVKax8Q3FA"},{"id":"NSfzKwlZ70SqdEF6FBNsDA","type":"Vod","title":"Way Of Living","subtitle":"Afl. 3","description":"RTL4 - Informatief programma waarin Sanne Heijen en Arno Raymakers de hele wereld over reizen om, gewapend met een koffer vol kopers- en kijkersvragen, antwoorden te vinden om een ultieme droom werkelijkheid te laten worden: het kopen van een eigen vakantiehuis of tweede woning in binnen- of buitenland. Diverse facetten in het traject 'van dromen tot kopen' komen aan bod.","formattedEpisodeNumbering":null,"formattedDate":"Za 15 jan.","formattedDateShort":"Za 15 jan.","formattedTime":"15:00","formattedDuration":"22m","formattedAvailabilityWindow":null,"formattedAvailabilityWindowShort":null,"image":{"portraitUrl":null,"landscapeUrl":"https:\/\/images.nlziet.nl\/metadataimportimages\/source\/7982EB97A17A7DEBFB25C00DE82A7E2FBBC6507361BDEDF62A2FCAA2DD3AEA2B.jpg"},"logo":{"normalUrl":"https:\/\/cdn.nlziet.nl\/static\/assets\/contentproviders\/rtl.png","darkUrl":"https:\/\/cdn.nlziet.nl\/static\/assets\/contentproviders\/dark\/rtl.png","flatUrl":"https:\/\/cdn.nlziet.nl\/static\/assets\/contentproviders\/flat\/rtl.png"},"tags":[],"seriesId":"5iq64M0KqESDSVKax8Q3FA"},{"id":"_G70rhjWSUyZY6Czp_dR4Q","type":"Vod","title":"Way Of Living","subtitle":"Afl. 2","description":"RTL4 - Sanne Heijen en Arno Raymakers bezoeken de schitterende bouwprojecten van Han en zijn organisatie aan het Zweedse Siljan-meer. In het Portugese plaatsje Porches vertelt Gerard Sanne tijdens een boottocht langs de kust over de nieuwe projecten. Arno is in Oostenrijk onderweg in Montafon, de regio waar een nieuw resort komt op een zonneplateau. Ralph vertelt er alles over. En Sanne gaat op de Second Home Beurs in gesprek met gasten.","formattedEpisodeNumbering":null,"formattedDate":"Za 8 jan.","formattedDateShort":"Za 8 jan.","formattedTime":"15:05","formattedDuration":"22m","formattedAvailabilityWindow":null,"formattedAvailabilityWindowShort":null,"image":{"portraitUrl":null,"landscapeUrl":"https:\/\/images.nlziet.nl\/metadataimportimages\/source\/BE953784235043B8AA5CAD2897B8807475DA45EAB96741EF16B2D14A178E4CAE.jpg"},"logo":{"normalUrl":"https:\/\/cdn.nlziet.nl\/static\/assets\/contentproviders\/rtl.png","darkUrl":"https:\/\/cdn.nlziet.nl\/static\/assets\/contentproviders\/dark\/rtl.png","flatUrl":"https:\/\/cdn.nlziet.nl\/static\/assets\/contentproviders\/flat\/rtl.png"},"tags":[],"seriesId":"5iq64M0KqESDSVKax8Q3FA"},{"id":"yUFVUGkNQEqEDmPoKwe--Q","type":"Vod","title":"Way Of Living","subtitle":"Afl. 1","description":"RTL4 - Sanne Heijen en Arno Raymakers  bezoeken de Zweedse regio V\u00e5rmland waar Nederlander Han een nieuw project begint in de natuur. In het Oostenrijkse Zell am See is er aandacht voor het nieuwe project dat Ralph daar met zijn bedrijf start.","formattedEpisodeNumbering":null,"formattedDate":"Za 29 jan.","formattedDateShort":"Za 29 jan.","formattedTime":"15:00","formattedDuration":"22m","formattedAvailabilityWindow":null,"formattedAvailabilityWindowShort":null,"image":{"portraitUrl":null,"landscapeUrl":"https:\/\/images.nlziet.nl\/metadataimportimages\/source\/364C0FDE1AD63613637ACE2BDD74E98557BA402D52A0012A11E991F5439A2764.jpg"},"logo":{"normalUrl":"https:\/\/cdn.nlziet.nl\/static\/assets\/contentproviders\/rtl.png","darkUrl":"https:\/\/cdn.nlziet.nl\/static\/assets\/contentproviders\/dark\/rtl.png","flatUrl":"https:\/\/cdn.nlziet.nl\/static\/assets\/contentproviders\/flat\/rtl.png"},"tags":[],"seriesId":"5iq64M0KqESDSVKax8Q3FA"}]