[{"id":"mby0NaKSlU-P7fBnjQmG9A","type":"Vod","title":"Nieuwe baasjes","subtitle":"","description":"KRO-NCRV - June en Aaron zoeken een hond. Edson da Gra\u00e7a gaat voor ze op zoek.","formattedEpisodeNumbering":"S2:A14","formattedDate":"Do 8 apr. 2021","formattedDateShort":"Apr. 2021","formattedTime":"18:15","formattedDuration":"13m","formattedAvailabilityWindow":null,"formattedAvailabilityWindowShort":null,"image":{"portraitUrl":null,"landscapeUrl":"https:\/\/images.nlziet.nl\/metadataimportimages\/source\/F8AA11F5FE2E43C4FE5182FBBF9580235351A86E8CCF347EDF8D9CF81FA068E3.jpg"},"logo":{"normalUrl":"https:\/\/cdn.nlziet.nl\/static\/assets\/contentproviders\/npo.png","darkUrl":"https:\/\/cdn.nlziet.nl\/static\/assets\/contentproviders\/dark\/npo.png","flatUrl":"https:\/\/cdn.nlziet.nl\/static\/assets\/contentproviders\/flat\/npo.png"},"tags":[],"seriesId":"5QTTaclExEOGhOjVBnYBRg"},{"id":"h2TriLpJeUa32-6WSd6ZCQ","type":"Vod","title":"Nieuwe baasjes","subtitle":"","description":"KRO-NCRV - Edson da Gra\u00e7a gaat op zoek naar een huisdier voor Leilani.","formattedEpisodeNumbering":"S2:A13","formattedDate":"Wo 7 apr. 2021","formattedDateShort":"Apr. 2021","formattedTime":"18:15","formattedDuration":"13m","formattedAvailabilityWindow":null,"formattedAvailabilityWindowShort":null,"image":{"portraitUrl":null,"landscapeUrl":"https:\/\/images.nlziet.nl\/metadataimportimages\/source\/99CFA43352F2C8DF435C345DB378A5222AD173B39772452960068744977CACF1.jpg"},"logo":{"normalUrl":"https:\/\/cdn.nlziet.nl\/static\/assets\/contentproviders\/npo.png","darkUrl":"https:\/\/cdn.nlziet.nl\/static\/assets\/contentproviders\/dark\/npo.png","flatUrl":"https:\/\/cdn.nlziet.nl\/static\/assets\/contentproviders\/flat\/npo.png"},"tags":[],"seriesId":"5QTTaclExEOGhOjVBnYBRg"},{"id":"VY-znDzOqkSmqnd-kpKpNA","type":"Vod","title":"Nieuwe baasjes","subtitle":"","description":"KRO-NCRV - Charlotte is een echt paardenmeisje en nu zoekt ze een eigen paard. Edson da Gra\u00e7a zoekt een goeie match voor haar.","formattedEpisodeNumbering":"S2:A12","formattedDate":"Di 6 apr. 2021","formattedDateShort":"Apr. 2021","formattedTime":"18:15","formattedDuration":"13m","formattedAvailabilityWindow":null,"formattedAvailabilityWindowShort":null,"image":{"portraitUrl":null,"landscapeUrl":"https:\/\/images.nlziet.nl\/metadataimportimages\/source\/41B7D7462D7ECB4044085ADDDF2A265849F1FAA98B11E9249C00E58224B840E5.jpg"},"logo":{"normalUrl":"https:\/\/cdn.nlziet.nl\/static\/assets\/contentproviders\/npo.png","darkUrl":"https:\/\/cdn.nlziet.nl\/static\/assets\/contentproviders\/dark\/npo.png","flatUrl":"https:\/\/cdn.nlziet.nl\/static\/assets\/contentproviders\/flat\/npo.png"},"tags":[],"seriesId":"5QTTaclExEOGhOjVBnYBRg"},{"id":"cuwZEME7hE6f2D9_G93mIA","type":"Vod","title":"Nieuwe baasjes","subtitle":"","description":"KRO-NCRV - Talitha en Boaz zoeken een maatje voor hun hond Dulcy.","formattedEpisodeNumbering":"S2:A11","formattedDate":"Ma 5 apr. 2021","formattedDateShort":"Apr. 2021","formattedTime":"18:15","formattedDuration":"13m","formattedAvailabilityWindow":null,"formattedAvailabilityWindowShort":null,"image":{"portraitUrl":null,"landscapeUrl":"https:\/\/images.nlziet.nl\/metadataimportimages\/source\/F195244BE762BEA3C748D56E3A5E89A87DF3B1E61B22433A4A0A1E54129EB3D6.jpg"},"logo":{"normalUrl":"https:\/\/cdn.nlziet.nl\/static\/assets\/contentproviders\/npo.png","darkUrl":"https:\/\/cdn.nlziet.nl\/static\/assets\/contentproviders\/dark\/npo.png","flatUrl":"https:\/\/cdn.nlziet.nl\/static\/assets\/contentproviders\/flat\/npo.png"},"tags":[],"seriesId":"5QTTaclExEOGhOjVBnYBRg"},{"id":"-7ODLEk6YkCxNRHEwAJc7A","type":"Vod","title":"Nieuwe baasjes","subtitle":"","description":"KRO-NCRV - Noor en Rik willen heel graag een hond. Gaat het Edson da Gra\u00e7a lukken een goeie match te vinden?","formattedEpisodeNumbering":"S2:A10","formattedDate":"Vr 2 apr. 2021","formattedDateShort":"Apr. 2021","formattedTime":"18:15","formattedDuration":"13m","formattedAvailabilityWindow":null,"formattedAvailabilityWindowShort":null,"image":{"portraitUrl":null,"landscapeUrl":"https:\/\/images.nlziet.nl\/metadataimportimages\/source\/737CF2668EF5D180D21B85B71215C5AAD2749D2E90F9F630BD7FBE54F0AA3D1A.jpg"},"logo":{"normalUrl":"https:\/\/cdn.nlziet.nl\/static\/assets\/contentproviders\/npo.png","darkUrl":"https:\/\/cdn.nlziet.nl\/static\/assets\/contentproviders\/dark\/npo.png","flatUrl":"https:\/\/cdn.nlziet.nl\/static\/assets\/contentproviders\/flat\/npo.png"},"tags":[],"seriesId":"5QTTaclExEOGhOjVBnYBRg"},{"id":"iXRstav5tUSeSzyhzACDCA","type":"Vod","title":"Nieuwe baasjes","subtitle":"","description":"KRO-NCRV - De familie Houbraken zou graag een hert, roofvogel of pauw willen. Wat gaat het worden?","formattedEpisodeNumbering":"S2:A9","formattedDate":"Do 1 apr. 2021","formattedDateShort":"Apr. 2021","formattedTime":"18:15","formattedDuration":"13m","formattedAvailabilityWindow":null,"formattedAvailabilityWindowShort":null,"image":{"portraitUrl":null,"landscapeUrl":"https:\/\/images.nlziet.nl\/metadataimportimages\/source\/E5F1238AAC67CF59201F25B0959B44D4C7311C347D4D5D5EFDA48B678127434E.jpg"},"logo":{"normalUrl":"https:\/\/cdn.nlziet.nl\/static\/assets\/contentproviders\/npo.png","darkUrl":"https:\/\/cdn.nlziet.nl\/static\/assets\/contentproviders\/dark\/npo.png","flatUrl":"https:\/\/cdn.nlziet.nl\/static\/assets\/contentproviders\/flat\/npo.png"},"tags":[],"seriesId":"5QTTaclExEOGhOjVBnYBRg"},{"id":"XWicHeKqD0uh2kWwJBtipw","type":"Vod","title":"Nieuwe baasjes","subtitle":"","description":"KRO-NCRV - Loeka en haar broertje Donn willen graag een hond om trucjes aan te leren. Zou herder Price een geschikte hond zijn?","formattedEpisodeNumbering":"S2:A8","formattedDate":"Wo 31 mrt. 2021","formattedDateShort":"Mrt. 2021","formattedTime":"18:15","formattedDuration":"13m","formattedAvailabilityWindow":null,"formattedAvailabilityWindowShort":null,"image":{"portraitUrl":null,"landscapeUrl":"https:\/\/images.nlziet.nl\/metadataimportimages\/source\/3A35A4C15AF5883DACACAAF7FD81B52C0B8B85F77FF40A329338AD0CE58E9F70.jpg"},"logo":{"normalUrl":"https:\/\/cdn.nlziet.nl\/static\/assets\/contentproviders\/npo.png","darkUrl":"https:\/\/cdn.nlziet.nl\/static\/assets\/contentproviders\/dark\/npo.png","flatUrl":"https:\/\/cdn.nlziet.nl\/static\/assets\/contentproviders\/flat\/npo.png"},"tags":[],"seriesId":"5QTTaclExEOGhOjVBnYBRg"},{"id":"eVj50pJL1kSMmQoH3OgCTA","type":"Vod","title":"Nieuwe baasjes","subtitle":"","description":"KRO-NCRV - De familie Pijlman heeft een gezinshuis maar er is nog ruimte voor een huisdier.","formattedEpisodeNumbering":"S2:A7","formattedDate":"Di 30 mrt. 2021","formattedDateShort":"Mrt. 2021","formattedTime":"18:15","formattedDuration":"13m","formattedAvailabilityWindow":null,"formattedAvailabilityWindowShort":null,"image":{"portraitUrl":null,"landscapeUrl":"https:\/\/images.nlziet.nl\/metadataimportimages\/source\/7F675D0981ACBDB42AF0CC90512EC7F26E19A7E01C9B431287C4E0DA1294BF77.jpg"},"logo":{"normalUrl":"https:\/\/cdn.nlziet.nl\/static\/assets\/contentproviders\/npo.png","darkUrl":"https:\/\/cdn.nlziet.nl\/static\/assets\/contentproviders\/dark\/npo.png","flatUrl":"https:\/\/cdn.nlziet.nl\/static\/assets\/contentproviders\/flat\/npo.png"},"tags":[],"seriesId":"5QTTaclExEOGhOjVBnYBRg"},{"id":"rncgwpN9PEKAbMUblp9DGg","type":"Vod","title":"Nieuwe baasjes","subtitle":"","description":"KRO-NCRV - Evi en Swen willen heel graag een hond. Edson da Gra\u00e7a gaat op zoek.","formattedEpisodeNumbering":"S2:A6","formattedDate":"Ma 29 mrt. 2021","formattedDateShort":"Mrt. 2021","formattedTime":"18:15","formattedDuration":"13m","formattedAvailabilityWindow":null,"formattedAvailabilityWindowShort":null,"image":{"portraitUrl":null,"landscapeUrl":"https:\/\/images.nlziet.nl\/metadataimportimages\/source\/68C540E9F909FC86391D84F66519CB8BCF1F1303224244311214594896904877.jpg"},"logo":{"normalUrl":"https:\/\/cdn.nlziet.nl\/static\/assets\/contentproviders\/npo.png","darkUrl":"https:\/\/cdn.nlziet.nl\/static\/assets\/contentproviders\/dark\/npo.png","flatUrl":"https:\/\/cdn.nlziet.nl\/static\/assets\/contentproviders\/flat\/npo.png"},"tags":[],"seriesId":"5QTTaclExEOGhOjVBnYBRg"},{"id":"pnG-Se8-9keF1g_iBXHnWg","type":"Vod","title":"Nieuwe baasjes","subtitle":"","description":"KRO-NCRV - Roos en haar familie willen graag een hond. Rakker zoekt een nieuw baasje. Is er een match?","formattedEpisodeNumbering":"S2:A5","formattedDate":"Vr 26 mrt. 2021","formattedDateShort":"Mrt. 2021","formattedTime":"18:15","formattedDuration":"13m","formattedAvailabilityWindow":null,"formattedAvailabilityWindowShort":null,"image":{"portraitUrl":null,"landscapeUrl":"https:\/\/images.nlziet.nl\/metadataimportimages\/source\/CD2C2B9B4675799D4397CB3EF53CBC8ABAB168ED49873604A01203D358EB20A0.jpg"},"logo":{"normalUrl":"https:\/\/cdn.nlziet.nl\/static\/assets\/contentproviders\/npo.png","darkUrl":"https:\/\/cdn.nlziet.nl\/static\/assets\/contentproviders\/dark\/npo.png","flatUrl":"https:\/\/cdn.nlziet.nl\/static\/assets\/contentproviders\/flat\/npo.png"},"tags":[],"seriesId":"5QTTaclExEOGhOjVBnYBRg"},{"id":"wlME_BFs9U2pP1SY8JI85Q","type":"Vod","title":"Nieuwe baasjes","subtitle":"","description":"KRO-NCRV - Daniek zoekt een speelmaatje voor haar poes Raisa. Hopelijk vindt Edson da Gra\u00e7a een match.","formattedEpisodeNumbering":"S2:A4","formattedDate":"Do 25 mrt. 2021","formattedDateShort":"Mrt. 2021","formattedTime":"18:15","formattedDuration":"13m","formattedAvailabilityWindow":null,"formattedAvailabilityWindowShort":null,"image":{"portraitUrl":null,"landscapeUrl":"https:\/\/images.nlziet.nl\/metadataimportimages\/source\/C1DB5BEFD21436E05A7D779BC25620EA2B521CCD88C807D7000CDC01D8D4C213.jpg"},"logo":{"normalUrl":"https:\/\/cdn.nlziet.nl\/static\/assets\/contentproviders\/npo.png","darkUrl":"https:\/\/cdn.nlziet.nl\/static\/assets\/contentproviders\/dark\/npo.png","flatUrl":"https:\/\/cdn.nlziet.nl\/static\/assets\/contentproviders\/flat\/npo.png"},"tags":[],"seriesId":"5QTTaclExEOGhOjVBnYBRg"},{"id":"Qa_qbe5AaEujOzLIMMnW8w","type":"Vod","title":"Nieuwe baasjes","subtitle":"","description":"KRO-NCRV - Hondje Happy zoekt een nieuw baasje. Is er een match met Lola en haar familie?","formattedEpisodeNumbering":"S2:A3","formattedDate":"Wo 24 mrt. 2021","formattedDateShort":"Mrt. 2021","formattedTime":"18:15","formattedDuration":"12m","formattedAvailabilityWindow":null,"formattedAvailabilityWindowShort":null,"image":{"portraitUrl":null,"landscapeUrl":"https:\/\/images.nlziet.nl\/metadataimportimages\/source\/46087AD47D8043703FB8AA247A8BDA7775D466C307765165DED2DB4C039E2BC6.jpg"},"logo":{"normalUrl":"https:\/\/cdn.nlziet.nl\/static\/assets\/contentproviders\/npo.png","darkUrl":"https:\/\/cdn.nlziet.nl\/static\/assets\/contentproviders\/dark\/npo.png","flatUrl":"https:\/\/cdn.nlziet.nl\/static\/assets\/contentproviders\/flat\/npo.png"},"tags":[],"seriesId":"5QTTaclExEOGhOjVBnYBRg"},{"id":"RgxSnqyRkE6CsOK9rp9AxA","type":"Vod","title":"Nieuwe baasjes","subtitle":"","description":"KRO-NCRV - Loulou Rosa en haar broertje Magnnus willen graag een knaagdier. Maar wat voor knaagdier? Edson gaat ze helpen.","formattedEpisodeNumbering":"S2:A2","formattedDate":"Di 23 mrt. 2021","formattedDateShort":"Mrt. 2021","formattedTime":"18:15","formattedDuration":"13m","formattedAvailabilityWindow":null,"formattedAvailabilityWindowShort":null,"image":{"portraitUrl":null,"landscapeUrl":"https:\/\/images.nlziet.nl\/metadataimportimages\/source\/42C94111CDEDDA6615BC3C55E230D061FEBC1FFDA85255748C986F852062F352.jpg"},"logo":{"normalUrl":"https:\/\/cdn.nlziet.nl\/static\/assets\/contentproviders\/npo.png","darkUrl":"https:\/\/cdn.nlziet.nl\/static\/assets\/contentproviders\/dark\/npo.png","flatUrl":"https:\/\/cdn.nlziet.nl\/static\/assets\/contentproviders\/flat\/npo.png"},"tags":[],"seriesId":"5QTTaclExEOGhOjVBnYBRg"},{"id":"jLVhDKFQuEOmw2NCWWvmBw","type":"Vod","title":"Nieuwe baasjes","subtitle":"","description":"KRO-NCRV - Edson da Gra\u00e7a gaat op zoek naar nieuwe baasjes voor Toni, een lieve, actieve Jack Russell die is achtergelaten door z'n baasje. Edson heeft een familie op het oog, maar hoe reageert Tony op deze familie tijdens de spannende eerste ontmoeting? Is deze familie wel geschikt voor Toni? Je ziet het allemaal.","formattedEpisodeNumbering":"S2:A1","formattedDate":"Ma 22 mrt. 2021","formattedDateShort":"Mrt. 2021","formattedTime":"18:15","formattedDuration":"13m","formattedAvailabilityWindow":null,"formattedAvailabilityWindowShort":null,"image":{"portraitUrl":null,"landscapeUrl":"https:\/\/images.nlziet.nl\/metadataimportimages\/source\/21A849240E90C11C8A1FCFF9CD2A5C49A419746BB66510BBCBBEACEE05D4E780.jpg"},"logo":{"normalUrl":"https:\/\/cdn.nlziet.nl\/static\/assets\/contentproviders\/npo.png","darkUrl":"https:\/\/cdn.nlziet.nl\/static\/assets\/contentproviders\/dark\/npo.png","flatUrl":"https:\/\/cdn.nlziet.nl\/static\/assets\/contentproviders\/flat\/npo.png"},"tags":[],"seriesId":"5QTTaclExEOGhOjVBnYBRg"}]