[{"id":"Lgz6Abu8OUK5Q3Qx0tB6xw","type":"Vod","title":"NOS Kamerdebat","subtitle":"NOS Kamerdebat","description":"NOS - Met verkenner Henk Kamp.","formattedEpisodeNumbering":null,"formattedDate":"Do 20 sep. 2012","formattedDateShort":"Sep. 2012","formattedTime":"16:10","formattedDuration":"1u 55m","formattedAvailabilityWindow":null,"formattedAvailabilityWindowShort":null,"image":{"portraitUrl":null,"landscapeUrl":"https:\/\/images.nlziet.nl\/metadataimportimages\/source\/4FED342F641CB2D533CEDDBD326F959E06EEAB8DC845BF5962D1320B5C2E1CBF.jpg"},"logo":{"normalUrl":"https:\/\/cdn.nlziet.nl\/static\/assets\/contentproviders\/npo.png","darkUrl":"https:\/\/cdn.nlziet.nl\/static\/assets\/contentproviders\/dark\/npo.png","flatUrl":"https:\/\/cdn.nlziet.nl\/static\/assets\/contentproviders\/flat\/npo.png"},"tags":[],"seriesId":"7w7QGJy-_kmjD1dwmjwvsA"},{"id":"g5or_HjDWESinCMtzIBozA","type":"Vod","title":"NOS Kamerdebat","subtitle":"NOS Kamerdebat","description":"NOS - Met verkenner Henk Kamp.","formattedEpisodeNumbering":null,"formattedDate":"Do 20 sep. 2012","formattedDateShort":"Sep. 2012","formattedTime":"15:50","formattedDuration":"1u 55m","formattedAvailabilityWindow":null,"formattedAvailabilityWindowShort":null,"image":{"portraitUrl":null,"landscapeUrl":"https:\/\/images.nlziet.nl\/metadataimportimages\/source\/DAD9F9E8DFB3C628A4C121F6425B84F8E577631A846FEFCE0E76814EF8375580.jpg"},"logo":{"normalUrl":"https:\/\/cdn.nlziet.nl\/static\/assets\/contentproviders\/npo.png","darkUrl":"https:\/\/cdn.nlziet.nl\/static\/assets\/contentproviders\/dark\/npo.png","flatUrl":"https:\/\/cdn.nlziet.nl\/static\/assets\/contentproviders\/flat\/npo.png"},"tags":[],"seriesId":"7w7QGJy-_kmjD1dwmjwvsA"},{"id":"hwaoJa8MqkmUhr3eItQbAA","type":"Vod","title":"NOS Kamerdebat","subtitle":"NOS Kamerdebat","description":"NOS - Met verkenner Henk Kamp.","formattedEpisodeNumbering":null,"formattedDate":"Do 20 sep. 2012","formattedDateShort":"Sep. 2012","formattedTime":"13:55","formattedDuration":"3u 5m","formattedAvailabilityWindow":null,"formattedAvailabilityWindowShort":null,"image":{"portraitUrl":null,"landscapeUrl":"https:\/\/images.nlziet.nl\/metadataimportimages\/source\/0E6D239B3ECF385953D615B4A704ADA01260403A97368B57C0F6E9605BBAE8DD.jpg"},"logo":{"normalUrl":"https:\/\/cdn.nlziet.nl\/static\/assets\/contentproviders\/npo.png","darkUrl":"https:\/\/cdn.nlziet.nl\/static\/assets\/contentproviders\/dark\/npo.png","flatUrl":"https:\/\/cdn.nlziet.nl\/static\/assets\/contentproviders\/flat\/npo.png"},"tags":[],"seriesId":"7w7QGJy-_kmjD1dwmjwvsA"}]