[{"id":"7pq7XWQhrEmyyDotkyddJQ","type":"Vod","title":"Zappsport","subtitle":"Compilatie.","description":"TROS - Sportmagazine voor de jeugd. Vast element is de spannende battle: Wie zijn er beter in een bepaalde sport: de jongens of de meisjes? Tevens kunnen kinderen met een sportprobleem de hulp inroepen van hun idool en stelt Ron Boszhard vragen tijdens een supersnel interview. Verder aandacht voor jong sporttalent, belangrijke kampioenschappen en je ziet de coolste sporttricks in The Move.","formattedEpisodeNumbering":null,"formattedDate":"Za 3 jan. 2009","formattedDateShort":"Jan. 2009","formattedTime":"17:20","formattedDuration":"25m","formattedAvailabilityWindow":null,"formattedAvailabilityWindowShort":null,"image":{"portraitUrl":null,"landscapeUrl":"https:\/\/images.nlziet.nl\/metadataimportimages\/source\/76A5BAF5BB8570AD4AFD5C0D9D931F94506306A13562C7A61D53B0513AF683DE.jpg"},"logo":{"normalUrl":"https:\/\/cdn.nlziet.nl\/static\/assets\/contentproviders\/npo.png","darkUrl":"https:\/\/cdn.nlziet.nl\/static\/assets\/contentproviders\/dark\/npo.png","flatUrl":"https:\/\/cdn.nlziet.nl\/static\/assets\/contentproviders\/flat\/npo.png"},"tags":[],"seriesId":"7QrOqPrilEGeM3pgWB1w1A"},{"id":"YlOEEv155km9dyvZ2m4QXw","type":"Vod","title":"Zappsport","subtitle":"Z@ppSport","description":"TROS - Sportmagazine voor de jeugd. Vast element is de spannende battle: Wie zijn er beter in een bepaalde sport: de jongens of de meisjes? Tevens kunnen kinderen met een sportprobleem de hulp inroepen van hun idool en stelt Ron Boszhard vragen tijdens een supersnel interview. Verder aandacht voor jong sporttalent, belangrijke kampioenschappen en je ziet de coolste sporttricks in The Move. Afl.: Compilatie. Presentatie: Ron Boszhard en Angela Esajas.","formattedEpisodeNumbering":null,"formattedDate":"Za 13 dec. 2008","formattedDateShort":"Dec. 2008","formattedTime":"17:15","formattedDuration":"30m","formattedAvailabilityWindow":null,"formattedAvailabilityWindowShort":null,"image":{"portraitUrl":null,"landscapeUrl":"https:\/\/images.nlziet.nl\/metadataimportimages\/source\/76A5BAF5BB8570AD4AFD5C0D9D931F94506306A13562C7A61D53B0513AF683DE.jpg"},"logo":{"normalUrl":"https:\/\/cdn.nlziet.nl\/static\/assets\/contentproviders\/npo.png","darkUrl":"https:\/\/cdn.nlziet.nl\/static\/assets\/contentproviders\/dark\/npo.png","flatUrl":"https:\/\/cdn.nlziet.nl\/static\/assets\/contentproviders\/flat\/npo.png"},"tags":[],"seriesId":"7QrOqPrilEGeM3pgWB1w1A"},{"id":"S-b0NMqkek-5wzswDj9xTQ","type":"Vod","title":"Zappsport","subtitle":"Z@ppSport","description":"TROS - Sportmagazine voor de jeugd. Vast element is de spannende battle: Wie zijn er beter in een bepaalde sport: de jongens of de meisjes? Tevens kunnen kinderen met een sportprobleem de hulp inroepen van hun idool en stelt Ron Boszhard vragen tijdens een supersnel interview. Verder aandacht voor jong sporttalent, belangrijke kampioenschappen en je ziet de coolste sporttricks in The Move. Afl.: Compilatie. Presentatie: Ron Boszhard en Angela Esajas.","formattedEpisodeNumbering":null,"formattedDate":"Za 6 dec. 2008","formattedDateShort":"Dec. 2008","formattedTime":"17:15","formattedDuration":"30m","formattedAvailabilityWindow":null,"formattedAvailabilityWindowShort":null,"image":{"portraitUrl":null,"landscapeUrl":"https:\/\/images.nlziet.nl\/metadataimportimages\/source\/76A5BAF5BB8570AD4AFD5C0D9D931F94506306A13562C7A61D53B0513AF683DE.jpg"},"logo":{"normalUrl":"https:\/\/cdn.nlziet.nl\/static\/assets\/contentproviders\/npo.png","darkUrl":"https:\/\/cdn.nlziet.nl\/static\/assets\/contentproviders\/dark\/npo.png","flatUrl":"https:\/\/cdn.nlziet.nl\/static\/assets\/contentproviders\/flat\/npo.png"},"tags":[],"seriesId":"7QrOqPrilEGeM3pgWB1w1A"},{"id":"Gddzhs7_S0yG3xq4OXRh5g","type":"Vod","title":"Zappsport","subtitle":"Z@ppSport compilatie","description":"TROS - Sportmagazine voor de jeugd. Vast element is de spannende battle: Wie zijn er beter in een bepaalde sport: de jongens of de meisjes? Tevens kunnen kinderen met een sportprobleem de hulp inroepen van hun idool en stelt Ron Boszhard vragen tijdens een supersnel interview. Verder aandacht voor jong sporttalent, belangrijke kampioenschappen en je ziet de coolste sporttricks in The Move. Een uitzending vol hoogtepunten.","formattedEpisodeNumbering":null,"formattedDate":"Za 29 nov. 2008","formattedDateShort":"Nov. 2008","formattedTime":"17:10","formattedDuration":"30m","formattedAvailabilityWindow":null,"formattedAvailabilityWindowShort":null,"image":{"portraitUrl":null,"landscapeUrl":"https:\/\/images.nlziet.nl\/metadataimportimages\/source\/76A5BAF5BB8570AD4AFD5C0D9D931F94506306A13562C7A61D53B0513AF683DE.jpg"},"logo":{"normalUrl":"https:\/\/cdn.nlziet.nl\/static\/assets\/contentproviders\/npo.png","darkUrl":"https:\/\/cdn.nlziet.nl\/static\/assets\/contentproviders\/dark\/npo.png","flatUrl":"https:\/\/cdn.nlziet.nl\/static\/assets\/contentproviders\/flat\/npo.png"},"tags":[],"seriesId":"7QrOqPrilEGeM3pgWB1w1A"},{"id":"wZr_zO6AOUuRy-BPrJLUaQ","type":"Vod","title":"Zappsport","subtitle":"Z@ppSport compilatie","description":"TROS - Sportmagazine voor de jeugd. Vast element is de spannende battle: Wie zijn er beter in een bepaalde sport: de jongens of de meisjes? Tevens kunnen kinderen met een sportprobleem de hulp inroepen van hun idool en stelt Ron Boszhard vragen tijdens een supersnel interview. Verder aandacht voor jong sporttalent, belangrijke kampioenschappen en je ziet de coolste sporttricks in The Move. Een uitzending vol hoogtepunten.","formattedEpisodeNumbering":null,"formattedDate":"Za 22 nov. 2008","formattedDateShort":"Nov. 2008","formattedTime":"17:10","formattedDuration":"30m","formattedAvailabilityWindow":null,"formattedAvailabilityWindowShort":null,"image":{"portraitUrl":null,"landscapeUrl":"https:\/\/images.nlziet.nl\/metadataimportimages\/source\/76A5BAF5BB8570AD4AFD5C0D9D931F94506306A13562C7A61D53B0513AF683DE.jpg"},"logo":{"normalUrl":"https:\/\/cdn.nlziet.nl\/static\/assets\/contentproviders\/npo.png","darkUrl":"https:\/\/cdn.nlziet.nl\/static\/assets\/contentproviders\/dark\/npo.png","flatUrl":"https:\/\/cdn.nlziet.nl\/static\/assets\/contentproviders\/flat\/npo.png"},"tags":[],"seriesId":"7QrOqPrilEGeM3pgWB1w1A"},{"id":"lQjMYl99J06OG9Kd0LDS0Q","type":"Vod","title":"Zappsport","subtitle":"Z@ppSport compilatie","description":"TROS - Compilatie. Afl.: Compilatie.","formattedEpisodeNumbering":null,"formattedDate":"Za 15 nov. 2008","formattedDateShort":"Nov. 2008","formattedTime":"17:10","formattedDuration":"28m","formattedAvailabilityWindow":null,"formattedAvailabilityWindowShort":null,"image":{"portraitUrl":null,"landscapeUrl":"https:\/\/images.nlziet.nl\/metadataimportimages\/source\/76A5BAF5BB8570AD4AFD5C0D9D931F94506306A13562C7A61D53B0513AF683DE.jpg"},"logo":{"normalUrl":"https:\/\/cdn.nlziet.nl\/static\/assets\/contentproviders\/npo.png","darkUrl":"https:\/\/cdn.nlziet.nl\/static\/assets\/contentproviders\/dark\/npo.png","flatUrl":"https:\/\/cdn.nlziet.nl\/static\/assets\/contentproviders\/flat\/npo.png"},"tags":[],"seriesId":"7QrOqPrilEGeM3pgWB1w1A"},{"id":"7W6r4xdr30WotW0tN8J7aQ","type":"Vod","title":"Zappsport","subtitle":"Z@ppSport compilatie","description":"TROS - Sportmagazine voor de jeugd. Vast element is de spannende battle: Wie zijn er beter in een bepaalde sport: de jongens of de meisjes? Tevens kunnen kinderen met een sportprobleem de hulp inroepen van hun idool en stelt Ron Boszhard vragen tijdens een supersnel interview. Verder aandacht voor jong sporttalent, belangrijke kampioenschappen en je ziet de coolste sporttricks in The Move. Een uitzending vol hoogtepunten.","formattedEpisodeNumbering":null,"formattedDate":"Za 8 nov. 2008","formattedDateShort":"Nov. 2008","formattedTime":"17:15","formattedDuration":"30m","formattedAvailabilityWindow":null,"formattedAvailabilityWindowShort":null,"image":{"portraitUrl":null,"landscapeUrl":"https:\/\/images.nlziet.nl\/metadataimportimages\/source\/76A5BAF5BB8570AD4AFD5C0D9D931F94506306A13562C7A61D53B0513AF683DE.jpg"},"logo":{"normalUrl":"https:\/\/cdn.nlziet.nl\/static\/assets\/contentproviders\/npo.png","darkUrl":"https:\/\/cdn.nlziet.nl\/static\/assets\/contentproviders\/dark\/npo.png","flatUrl":"https:\/\/cdn.nlziet.nl\/static\/assets\/contentproviders\/flat\/npo.png"},"tags":[],"seriesId":"7QrOqPrilEGeM3pgWB1w1A"},{"id":"1okY0Uo4g0utb3Hkk1lwXw","type":"Vod","title":"Zappsport","subtitle":"Z@ppSport compilatie","description":"TROS - Sportmagazine voor de jeugd. Vast element is de spannende battle: Wie zijn er beter in een bepaalde sport: de jongens of de meisjes? Tevens kunnen kinderen met een sportprobleem de hulp inroepen van hun idool en stelt Ron Boszhard vragen tijdens een supersnel interview. Verder aandacht voor jong sporttalent, belangrijke kampioenschappen en je ziet de coolste sporttricks in The Move. Afl.: Compilatie. Presentatie: Ron Boszhard en Angela Esajas.","formattedEpisodeNumbering":null,"formattedDate":"Za 1 nov. 2008","formattedDateShort":"Nov. 2008","formattedTime":"17:15","formattedDuration":"30m","formattedAvailabilityWindow":null,"formattedAvailabilityWindowShort":null,"image":{"portraitUrl":null,"landscapeUrl":"https:\/\/images.nlziet.nl\/metadataimportimages\/source\/76A5BAF5BB8570AD4AFD5C0D9D931F94506306A13562C7A61D53B0513AF683DE.jpg"},"logo":{"normalUrl":"https:\/\/cdn.nlziet.nl\/static\/assets\/contentproviders\/npo.png","darkUrl":"https:\/\/cdn.nlziet.nl\/static\/assets\/contentproviders\/dark\/npo.png","flatUrl":"https:\/\/cdn.nlziet.nl\/static\/assets\/contentproviders\/flat\/npo.png"},"tags":[],"seriesId":"7QrOqPrilEGeM3pgWB1w1A"},{"id":"wzHFHW5_oEeOvhkdfaYErQ","type":"Vod","title":"Zappsport","subtitle":"Z@ppSport compilatie","description":"TROS - Sportmagazine voor de jeugd. Vast element is de spannende battle: Wie zijn er beter in een bepaalde sport: de jongens of de meisjes? Tevens kunnen kinderen met een sportprobleem de hulp inroepen van hun idool en stelt Ron Boszhard vragen tijdens een supersnel interview. Verder aandacht voor jong sporttalent, belangrijke kampioenschappen en je ziet de coolste sporttricks in The Move. Een uitzending vol hoogtepunten.","formattedEpisodeNumbering":null,"formattedDate":"Za 25 okt. 2008","formattedDateShort":"Okt. 2008","formattedTime":"17:15","formattedDuration":"30m","formattedAvailabilityWindow":null,"formattedAvailabilityWindowShort":null,"image":{"portraitUrl":null,"landscapeUrl":"https:\/\/images.nlziet.nl\/metadataimportimages\/source\/76A5BAF5BB8570AD4AFD5C0D9D931F94506306A13562C7A61D53B0513AF683DE.jpg"},"logo":{"normalUrl":"https:\/\/cdn.nlziet.nl\/static\/assets\/contentproviders\/npo.png","darkUrl":"https:\/\/cdn.nlziet.nl\/static\/assets\/contentproviders\/dark\/npo.png","flatUrl":"https:\/\/cdn.nlziet.nl\/static\/assets\/contentproviders\/flat\/npo.png"},"tags":[],"seriesId":"7QrOqPrilEGeM3pgWB1w1A"},{"id":"8qYqZY0XSk6U5mAYDxvrEg","type":"Vod","title":"Zappsport","subtitle":"Z@ppSport compilatie","description":"TROS - Sportmagazine voor de jeugd. Vast element is de spannende battle: Wie zijn er beter in een bepaalde sport: de jongens of de meisjes? Tevens kunnen kinderen met een sportprobleem de hulp inroepen van hun idool en stelt Ron Boszhard vragen tijdens een supersnel interview. Verder aandacht voor jong sporttalent, belangrijke kampioenschappen en je ziet de coolste sporttricks in The Move. Afl.: Compilatie. Presentatie: Ron Boszhard en Angela Esajas.","formattedEpisodeNumbering":null,"formattedDate":"Za 18 okt. 2008","formattedDateShort":"Okt. 2008","formattedTime":"17:15","formattedDuration":"30m","formattedAvailabilityWindow":null,"formattedAvailabilityWindowShort":null,"image":{"portraitUrl":null,"landscapeUrl":"https:\/\/images.nlziet.nl\/metadataimportimages\/source\/76A5BAF5BB8570AD4AFD5C0D9D931F94506306A13562C7A61D53B0513AF683DE.jpg"},"logo":{"normalUrl":"https:\/\/cdn.nlziet.nl\/static\/assets\/contentproviders\/npo.png","darkUrl":"https:\/\/cdn.nlziet.nl\/static\/assets\/contentproviders\/dark\/npo.png","flatUrl":"https:\/\/cdn.nlziet.nl\/static\/assets\/contentproviders\/flat\/npo.png"},"tags":[],"seriesId":"7QrOqPrilEGeM3pgWB1w1A"},{"id":"Ni1uUhtCqUylppMjOAFpbA","type":"Vod","title":"Zappsport","subtitle":"Z@ppSport compilatie","description":"TROS - Sportmagazine voor de jeugd. Vast element is de spannende battle: Wie zijn er beter in een bepaalde sport: de jongens of de meisjes? Tevens kunnen kinderen met een sportprobleem de hulp inroepen van hun idool en stelt Ron Boszhard vragen tijdens een supersnel interview. Verder aandacht voor jong sporttalent, belangrijke kampioenschappen en je ziet de coolste sporttricks in The Move. Afl.: Compilatie. Presentatie: Ron Boszhard en Angela Esajas.","formattedEpisodeNumbering":null,"formattedDate":"Za 11 okt. 2008","formattedDateShort":"Okt. 2008","formattedTime":"17:15","formattedDuration":"30m","formattedAvailabilityWindow":null,"formattedAvailabilityWindowShort":null,"image":{"portraitUrl":null,"landscapeUrl":"https:\/\/images.nlziet.nl\/metadataimportimages\/source\/76A5BAF5BB8570AD4AFD5C0D9D931F94506306A13562C7A61D53B0513AF683DE.jpg"},"logo":{"normalUrl":"https:\/\/cdn.nlziet.nl\/static\/assets\/contentproviders\/npo.png","darkUrl":"https:\/\/cdn.nlziet.nl\/static\/assets\/contentproviders\/dark\/npo.png","flatUrl":"https:\/\/cdn.nlziet.nl\/static\/assets\/contentproviders\/flat\/npo.png"},"tags":[],"seriesId":"7QrOqPrilEGeM3pgWB1w1A"},{"id":"C5osk1fVhkq47TrfCfPe5Q","type":"Vod","title":"Zappsport","subtitle":"Z@ppSport compilatie","description":"TROS - Sportmagazine voor de jeugd. Vast element is de spannende battle: Wie zijn er beter in een bepaalde sport: de jongens of de meisjes? Tevens kunnen kinderen met een sportprobleem de hulp inroepen van hun idool en stelt Ron Boszhard vragen tijdens een supersnel interview. Verder aandacht voor jong sporttalent, belangrijke kampioenschappen en je ziet de coolste sporttricks in The Move. Een uitzending vol hoogtepunten.","formattedEpisodeNumbering":null,"formattedDate":"Za 4 okt. 2008","formattedDateShort":"Okt. 2008","formattedTime":"17:15","formattedDuration":"30m","formattedAvailabilityWindow":null,"formattedAvailabilityWindowShort":null,"image":{"portraitUrl":null,"landscapeUrl":"https:\/\/images.nlziet.nl\/metadataimportimages\/source\/76A5BAF5BB8570AD4AFD5C0D9D931F94506306A13562C7A61D53B0513AF683DE.jpg"},"logo":{"normalUrl":"https:\/\/cdn.nlziet.nl\/static\/assets\/contentproviders\/npo.png","darkUrl":"https:\/\/cdn.nlziet.nl\/static\/assets\/contentproviders\/dark\/npo.png","flatUrl":"https:\/\/cdn.nlziet.nl\/static\/assets\/contentproviders\/flat\/npo.png"},"tags":[],"seriesId":"7QrOqPrilEGeM3pgWB1w1A"},{"id":"N-dfnyTyLUyJcuUvNdWBtw","type":"Vod","title":"Zappsport","subtitle":"Z@ppSport compilatie","description":"TROS - Sportmagazine voor de jeugd. Vast element is de spannende battle: Wie zijn er beter in een bepaalde sport: de jongens of de meisjes? Tevens kunnen kinderen met een sportprobleem de hulp inroepen van hun idool en stelt Ron Boszhard vragen tijdens een supersnel interview. Verder aandacht voor jong sporttalent, belangrijke kampioenschappen en je ziet de coolste sporttricks in The Move. Een uitzending vol hoogtepunten.","formattedEpisodeNumbering":null,"formattedDate":"Za 27 sep. 2008","formattedDateShort":"Sep. 2008","formattedTime":"17:15","formattedDuration":"30m","formattedAvailabilityWindow":null,"formattedAvailabilityWindowShort":null,"image":{"portraitUrl":null,"landscapeUrl":"https:\/\/images.nlziet.nl\/metadataimportimages\/source\/76A5BAF5BB8570AD4AFD5C0D9D931F94506306A13562C7A61D53B0513AF683DE.jpg"},"logo":{"normalUrl":"https:\/\/cdn.nlziet.nl\/static\/assets\/contentproviders\/npo.png","darkUrl":"https:\/\/cdn.nlziet.nl\/static\/assets\/contentproviders\/dark\/npo.png","flatUrl":"https:\/\/cdn.nlziet.nl\/static\/assets\/contentproviders\/flat\/npo.png"},"tags":[],"seriesId":"7QrOqPrilEGeM3pgWB1w1A"},{"id":"UrTXV6GfZ0-AYU7OL1CZ2Q","type":"Vod","title":"Zappsport","subtitle":"Z@ppSport compilatie","description":"TROS - Sportmagazine voor de jeugd. Vast element is de spannende battle: Wie zijn er beter in een bepaalde sport: de jongens of de meisjes? Tevens kunnen kinderen met een sportprobleem de hulp inroepen van hun idool en stelt Ron Boszhard vragen tijdens een supersnel interview. Verder aandacht voor jong sporttalent, belangrijke kampioenschappen en je ziet de coolste sporttricks in The Move. Een uitzending vol hoogtepunten.","formattedEpisodeNumbering":null,"formattedDate":"Za 20 sep. 2008","formattedDateShort":"Sep. 2008","formattedTime":"17:15","formattedDuration":"30m","formattedAvailabilityWindow":null,"formattedAvailabilityWindowShort":null,"image":{"portraitUrl":null,"landscapeUrl":"https:\/\/images.nlziet.nl\/metadataimportimages\/source\/76A5BAF5BB8570AD4AFD5C0D9D931F94506306A13562C7A61D53B0513AF683DE.jpg"},"logo":{"normalUrl":"https:\/\/cdn.nlziet.nl\/static\/assets\/contentproviders\/npo.png","darkUrl":"https:\/\/cdn.nlziet.nl\/static\/assets\/contentproviders\/dark\/npo.png","flatUrl":"https:\/\/cdn.nlziet.nl\/static\/assets\/contentproviders\/flat\/npo.png"},"tags":[],"seriesId":"7QrOqPrilEGeM3pgWB1w1A"},{"id":"8EMniZDEVkiIdGs8r1r-0w","type":"Vod","title":"Zappsport","subtitle":"Z@ppSport compilatie","description":"TROS - Sportmagazine voor de jeugd. Vast element is de spannende battle: Wie zijn er beter in een bepaalde sport: de jongens of de meisjes? Tevens kunnen kinderen met een sportprobleem de hulp inroepen van hun idool en stelt Ron Boszhard vragen tijdens een supersnel interview. Verder aandacht voor jong sporttalent, belangrijke kampioenschappen en je ziet de coolste sporttricks in The Move. Een uitzending vol hoogtepunten.","formattedEpisodeNumbering":null,"formattedDate":"Za 13 sep. 2008","formattedDateShort":"Sep. 2008","formattedTime":"17:15","formattedDuration":"30m","formattedAvailabilityWindow":null,"formattedAvailabilityWindowShort":null,"image":{"portraitUrl":null,"landscapeUrl":"https:\/\/images.nlziet.nl\/metadataimportimages\/source\/76A5BAF5BB8570AD4AFD5C0D9D931F94506306A13562C7A61D53B0513AF683DE.jpg"},"logo":{"normalUrl":"https:\/\/cdn.nlziet.nl\/static\/assets\/contentproviders\/npo.png","darkUrl":"https:\/\/cdn.nlziet.nl\/static\/assets\/contentproviders\/dark\/npo.png","flatUrl":"https:\/\/cdn.nlziet.nl\/static\/assets\/contentproviders\/flat\/npo.png"},"tags":[],"seriesId":"7QrOqPrilEGeM3pgWB1w1A"},{"id":"G2LP-skUgUOLi-Cfr0jOGQ","type":"Vod","title":"Zappsport","subtitle":"Z@ppSport compilatie","description":"TROS - Hoogtepunten.","formattedEpisodeNumbering":null,"formattedDate":"Za 31 mei. 2008","formattedDateShort":"Mei. 2008","formattedTime":"17:20","formattedDuration":"25m","formattedAvailabilityWindow":null,"formattedAvailabilityWindowShort":null,"image":{"portraitUrl":null,"landscapeUrl":"https:\/\/images.nlziet.nl\/metadataimportimages\/source\/76A5BAF5BB8570AD4AFD5C0D9D931F94506306A13562C7A61D53B0513AF683DE.jpg"},"logo":{"normalUrl":"https:\/\/cdn.nlziet.nl\/static\/assets\/contentproviders\/npo.png","darkUrl":"https:\/\/cdn.nlziet.nl\/static\/assets\/contentproviders\/dark\/npo.png","flatUrl":"https:\/\/cdn.nlziet.nl\/static\/assets\/contentproviders\/flat\/npo.png"},"tags":[],"seriesId":"7QrOqPrilEGeM3pgWB1w1A"},{"id":"Yosp0LC8YUKlQWZo-U7-Hg","type":"Vod","title":"Zappsport","subtitle":"Z@ppSport compilatie","description":"TROS - Hoogtepunten.","formattedEpisodeNumbering":null,"formattedDate":"Za 24 mei. 2008","formattedDateShort":"Mei. 2008","formattedTime":"17:15","formattedDuration":"30m","formattedAvailabilityWindow":null,"formattedAvailabilityWindowShort":null,"image":{"portraitUrl":null,"landscapeUrl":"https:\/\/images.nlziet.nl\/metadataimportimages\/source\/76A5BAF5BB8570AD4AFD5C0D9D931F94506306A13562C7A61D53B0513AF683DE.jpg"},"logo":{"normalUrl":"https:\/\/cdn.nlziet.nl\/static\/assets\/contentproviders\/npo.png","darkUrl":"https:\/\/cdn.nlziet.nl\/static\/assets\/contentproviders\/dark\/npo.png","flatUrl":"https:\/\/cdn.nlziet.nl\/static\/assets\/contentproviders\/flat\/npo.png"},"tags":[],"seriesId":"7QrOqPrilEGeM3pgWB1w1A"},{"id":"pTS768Wkt0mbqixci4CDjQ","type":"Vod","title":"Zappsport","subtitle":"Z@ppSport compilatie","description":"TROS - Hoogtepunten.","formattedEpisodeNumbering":null,"formattedDate":"Za 17 mei. 2008","formattedDateShort":"Mei. 2008","formattedTime":"17:15","formattedDuration":"30m","formattedAvailabilityWindow":null,"formattedAvailabilityWindowShort":null,"image":{"portraitUrl":null,"landscapeUrl":"https:\/\/images.nlziet.nl\/metadataimportimages\/source\/76A5BAF5BB8570AD4AFD5C0D9D931F94506306A13562C7A61D53B0513AF683DE.jpg"},"logo":{"normalUrl":"https:\/\/cdn.nlziet.nl\/static\/assets\/contentproviders\/npo.png","darkUrl":"https:\/\/cdn.nlziet.nl\/static\/assets\/contentproviders\/dark\/npo.png","flatUrl":"https:\/\/cdn.nlziet.nl\/static\/assets\/contentproviders\/flat\/npo.png"},"tags":[],"seriesId":"7QrOqPrilEGeM3pgWB1w1A"},{"id":"mV3nTQt5r0uK4Q-CNkn6dA","type":"Vod","title":"Zappsport","subtitle":"Z@ppSport compilatie","description":"TROS - Hoogtepunten. Presentatie: Ron Boszhard en Angela Esajas.","formattedEpisodeNumbering":null,"formattedDate":"Za 10 mei. 2008","formattedDateShort":"Mei. 2008","formattedTime":"17:20","formattedDuration":"25m","formattedAvailabilityWindow":null,"formattedAvailabilityWindowShort":null,"image":{"portraitUrl":null,"landscapeUrl":"https:\/\/images.nlziet.nl\/metadataimportimages\/source\/76A5BAF5BB8570AD4AFD5C0D9D931F94506306A13562C7A61D53B0513AF683DE.jpg"},"logo":{"normalUrl":"https:\/\/cdn.nlziet.nl\/static\/assets\/contentproviders\/npo.png","darkUrl":"https:\/\/cdn.nlziet.nl\/static\/assets\/contentproviders\/dark\/npo.png","flatUrl":"https:\/\/cdn.nlziet.nl\/static\/assets\/contentproviders\/flat\/npo.png"},"tags":[],"seriesId":"7QrOqPrilEGeM3pgWB1w1A"},{"id":"q6iy5du3qU26ycPSbjHa7w","type":"Vod","title":"Zappsport","subtitle":"Z@ppSport compilatie","description":"TROS - Sportmagazine voor de jeugd. Vast element is de spannende battle: Wie zijn er beter in een bepaalde sport: de jongens of de meisjes? Tevens kunnen kinderen met een sportprobleem de hulp inroepen van hun idool en stelt Ron Boszhard vragen tijdens een supersnel interview. Ook is er aandacht voor Kids Soccer, h\u00e9t voetbalevenement voor de jeugd waar grote talenten zijn ontdekt. De deelnemers dromen er dan ook van om prof te worden! Verder volgen we jong sporttalent dat meedoet aan een belangrijk toernooi en zie je de coolste sporttricks in de Move. Een uitzending vol hoogtepunten.","formattedEpisodeNumbering":null,"formattedDate":"Za 3 mei. 2008","formattedDateShort":"Mei. 2008","formattedTime":"17:15","formattedDuration":"30m","formattedAvailabilityWindow":null,"formattedAvailabilityWindowShort":null,"image":{"portraitUrl":null,"landscapeUrl":"https:\/\/images.nlziet.nl\/metadataimportimages\/source\/76A5BAF5BB8570AD4AFD5C0D9D931F94506306A13562C7A61D53B0513AF683DE.jpg"},"logo":{"normalUrl":"https:\/\/cdn.nlziet.nl\/static\/assets\/contentproviders\/npo.png","darkUrl":"https:\/\/cdn.nlziet.nl\/static\/assets\/contentproviders\/dark\/npo.png","flatUrl":"https:\/\/cdn.nlziet.nl\/static\/assets\/contentproviders\/flat\/npo.png"},"tags":[],"seriesId":"7QrOqPrilEGeM3pgWB1w1A"},{"id":"xzT1HhwER0apqxmr4Psnlw","type":"Vod","title":"Zappsport","subtitle":"Z@ppSport compilatie","description":"TROS - Sportmagazine voor de jeugd. Vast element is de spannende battle: Wie zijn er beter in een bepaalde sport: de jongens of de meisjes? Tevens kunnen kinderen met een sportprobleem de hulp inroepen van hun idool en stelt Ron Boszhard vragen tijdens een supersnel interview. Ook is er aandacht voor Kids Soccer, h\u00e9t voetbalevenement voor de jeugd waar grote talenten zijn ontdekt. De deelnemers dromen er dan ook van om prof te worden! Verder volgen we jong sporttalent dat meedoet aan een belangrijk toernooi en zie je de coolste sporttricks in de Move. Een uitzending vol hoogtepunten.","formattedEpisodeNumbering":null,"formattedDate":"Za 26 apr. 2008","formattedDateShort":"Apr. 2008","formattedTime":"17:15","formattedDuration":"28m","formattedAvailabilityWindow":null,"formattedAvailabilityWindowShort":null,"image":{"portraitUrl":null,"landscapeUrl":"https:\/\/images.nlziet.nl\/metadataimportimages\/source\/76A5BAF5BB8570AD4AFD5C0D9D931F94506306A13562C7A61D53B0513AF683DE.jpg"},"logo":{"normalUrl":"https:\/\/cdn.nlziet.nl\/static\/assets\/contentproviders\/npo.png","darkUrl":"https:\/\/cdn.nlziet.nl\/static\/assets\/contentproviders\/dark\/npo.png","flatUrl":"https:\/\/cdn.nlziet.nl\/static\/assets\/contentproviders\/flat\/npo.png"},"tags":[],"seriesId":"7QrOqPrilEGeM3pgWB1w1A"},{"id":"LkO8Co3sQk2e4UffjNfXjA","type":"Vod","title":"Zappsport","subtitle":"Z@ppSport compilatie","description":"TROS - Hoogtepunten.","formattedEpisodeNumbering":null,"formattedDate":"Za 19 apr. 2008","formattedDateShort":"Apr. 2008","formattedTime":"17:15","formattedDuration":"30m","formattedAvailabilityWindow":null,"formattedAvailabilityWindowShort":null,"image":{"portraitUrl":null,"landscapeUrl":"https:\/\/images.nlziet.nl\/metadataimportimages\/source\/76A5BAF5BB8570AD4AFD5C0D9D931F94506306A13562C7A61D53B0513AF683DE.jpg"},"logo":{"normalUrl":"https:\/\/cdn.nlziet.nl\/static\/assets\/contentproviders\/npo.png","darkUrl":"https:\/\/cdn.nlziet.nl\/static\/assets\/contentproviders\/dark\/npo.png","flatUrl":"https:\/\/cdn.nlziet.nl\/static\/assets\/contentproviders\/flat\/npo.png"},"tags":[],"seriesId":"7QrOqPrilEGeM3pgWB1w1A"},{"id":"qQiIgRFVWUmZNYNqmdh9HA","type":"Vod","title":"Zappsport","subtitle":"Z@ppSport compilatie","description":"TROS - Hoogtepunten.","formattedEpisodeNumbering":null,"formattedDate":"Za 12 apr. 2008","formattedDateShort":"Apr. 2008","formattedTime":"17:15","formattedDuration":"25m","formattedAvailabilityWindow":null,"formattedAvailabilityWindowShort":null,"image":{"portraitUrl":null,"landscapeUrl":"https:\/\/images.nlziet.nl\/metadataimportimages\/source\/76A5BAF5BB8570AD4AFD5C0D9D931F94506306A13562C7A61D53B0513AF683DE.jpg"},"logo":{"normalUrl":"https:\/\/cdn.nlziet.nl\/static\/assets\/contentproviders\/npo.png","darkUrl":"https:\/\/cdn.nlziet.nl\/static\/assets\/contentproviders\/dark\/npo.png","flatUrl":"https:\/\/cdn.nlziet.nl\/static\/assets\/contentproviders\/flat\/npo.png"},"tags":[],"seriesId":"7QrOqPrilEGeM3pgWB1w1A"},{"id":"L1Hq7RHR8Eu-DwOyn5VP3w","type":"Vod","title":"Zappsport","subtitle":"Z@ppSport compilatie","description":"TROS - Sportmagazine voor de jeugd. Vast element is de spannende battle: Wie zijn er beter in een bepaalde sport: de jongens of de meisjes? Tevens kunnen kinderen met een sportprobleem de hulp inroepen van hun idool en stelt Ron Boszhard vragen tijdens een supersnel interview. Ook is er aandacht voor Kids Soccer, h\u00e9t voetbalevenement voor de jeugd waar grote talenten zijn ontdekt. De deelnemers dromen er dan ook van om prof te worden! Verder volgen we jong sporttalent dat meedoet aan een belangrijk toernooi en zie je de coolste sporttricks in de Move. Een uitzending vol hoogtepunten.","formattedEpisodeNumbering":null,"formattedDate":"Za 5 apr. 2008","formattedDateShort":"Apr. 2008","formattedTime":"17:20","formattedDuration":"25m","formattedAvailabilityWindow":null,"formattedAvailabilityWindowShort":null,"image":{"portraitUrl":null,"landscapeUrl":"https:\/\/images.nlziet.nl\/metadataimportimages\/source\/76A5BAF5BB8570AD4AFD5C0D9D931F94506306A13562C7A61D53B0513AF683DE.jpg"},"logo":{"normalUrl":"https:\/\/cdn.nlziet.nl\/static\/assets\/contentproviders\/npo.png","darkUrl":"https:\/\/cdn.nlziet.nl\/static\/assets\/contentproviders\/dark\/npo.png","flatUrl":"https:\/\/cdn.nlziet.nl\/static\/assets\/contentproviders\/flat\/npo.png"},"tags":[],"seriesId":"7QrOqPrilEGeM3pgWB1w1A"},{"id":"dukS-yIoEka6DL1bqAX0iQ","type":"Vod","title":"Zappsport","subtitle":"Z@ppSport compilatie","description":"TROS - Een uitzending vol hoogtepunten.","formattedEpisodeNumbering":null,"formattedDate":"Za 29 mrt. 2008","formattedDateShort":"Mrt. 2008","formattedTime":"17:15","formattedDuration":"30m","formattedAvailabilityWindow":null,"formattedAvailabilityWindowShort":null,"image":{"portraitUrl":null,"landscapeUrl":"https:\/\/images.nlziet.nl\/metadataimportimages\/source\/76A5BAF5BB8570AD4AFD5C0D9D931F94506306A13562C7A61D53B0513AF683DE.jpg"},"logo":{"normalUrl":"https:\/\/cdn.nlziet.nl\/static\/assets\/contentproviders\/npo.png","darkUrl":"https:\/\/cdn.nlziet.nl\/static\/assets\/contentproviders\/dark\/npo.png","flatUrl":"https:\/\/cdn.nlziet.nl\/static\/assets\/contentproviders\/flat\/npo.png"},"tags":[],"seriesId":"7QrOqPrilEGeM3pgWB1w1A"},{"id":"BTS1Dz_4C0eHi3bPPp-Z2g","type":"Vod","title":"Zappsport","subtitle":"Z@ppSport compilatie","description":"TROS - Een uitzending vol hoogtepunten.","formattedEpisodeNumbering":null,"formattedDate":"Za 22 mrt. 2008","formattedDateShort":"Mrt. 2008","formattedTime":"17:15","formattedDuration":"30m","formattedAvailabilityWindow":null,"formattedAvailabilityWindowShort":null,"image":{"portraitUrl":null,"landscapeUrl":"https:\/\/images.nlziet.nl\/metadataimportimages\/source\/76A5BAF5BB8570AD4AFD5C0D9D931F94506306A13562C7A61D53B0513AF683DE.jpg"},"logo":{"normalUrl":"https:\/\/cdn.nlziet.nl\/static\/assets\/contentproviders\/npo.png","darkUrl":"https:\/\/cdn.nlziet.nl\/static\/assets\/contentproviders\/dark\/npo.png","flatUrl":"https:\/\/cdn.nlziet.nl\/static\/assets\/contentproviders\/flat\/npo.png"},"tags":[],"seriesId":"7QrOqPrilEGeM3pgWB1w1A"},{"id":"zVmRbnoEDkW0PisiSxmdfg","type":"Vod","title":"Zappsport","subtitle":"Z@ppSport compilatie","description":"TROS - Sportmagazine voor de jeugd. Vast element is de spannende battle: Wie zijn er beter in een bepaalde sport: de jongens of de meisjes? Tevens kunnen kinderen met een sportprobleem de hulp inroepen van hun idool en stelt Ron Boszhard vragen tijdens een supersnel interview. Ook is er aandacht voor Kids Soccer, h\u00e9t voetbalevenement voor de jeugd waar grote talenten zijn ontdekt. De deelnemers dromen er dan ook van om prof te worden! Verder volgen we jong sporttalent dat meedoet aan een belangrijk toernooi en zie je de coolste sporttricks in de Move. Een uitzending vol hoogtepunten.","formattedEpisodeNumbering":null,"formattedDate":"Za 15 mrt. 2008","formattedDateShort":"Mrt. 2008","formattedTime":"17:20","formattedDuration":"30m","formattedAvailabilityWindow":null,"formattedAvailabilityWindowShort":null,"image":{"portraitUrl":null,"landscapeUrl":"https:\/\/images.nlziet.nl\/metadataimportimages\/source\/76A5BAF5BB8570AD4AFD5C0D9D931F94506306A13562C7A61D53B0513AF683DE.jpg"},"logo":{"normalUrl":"https:\/\/cdn.nlziet.nl\/static\/assets\/contentproviders\/npo.png","darkUrl":"https:\/\/cdn.nlziet.nl\/static\/assets\/contentproviders\/dark\/npo.png","flatUrl":"https:\/\/cdn.nlziet.nl\/static\/assets\/contentproviders\/flat\/npo.png"},"tags":[],"seriesId":"7QrOqPrilEGeM3pgWB1w1A"},{"id":"CUUl3hHezkWONNy0s7HUTQ","type":"Vod","title":"Zappsport","subtitle":"Z@ppSport compilatie","description":"TROS - Sportmagazine voor de jeugd. Vast element is de spannende battle: Wie zijn er beter in een bepaalde sport: de jongens of de meisjes? Tevens kunnen kinderen met een sportprobleem de hulp inroepen van hun idool en stelt Ron Boszhard vragen tijdens een supersnel interview. Ook is er aandacht voor Kids Soccer, h\u00e9t voetbalevenement voor de jeugd waar grote talenten zijn ontdekt. De deelnemers dromen er dan ook van om prof te worden! Verder volgen we jong sporttalent dat meedoet aan een belangrijk toernooi en zie je de coolste sporttricks in de Move. Een uitzending vol hoogtepunten.","formattedEpisodeNumbering":null,"formattedDate":"Za 8 mrt. 2008","formattedDateShort":"Mrt. 2008","formattedTime":"17:20","formattedDuration":"30m","formattedAvailabilityWindow":null,"formattedAvailabilityWindowShort":null,"image":{"portraitUrl":null,"landscapeUrl":"https:\/\/images.nlziet.nl\/metadataimportimages\/source\/76A5BAF5BB8570AD4AFD5C0D9D931F94506306A13562C7A61D53B0513AF683DE.jpg"},"logo":{"normalUrl":"https:\/\/cdn.nlziet.nl\/static\/assets\/contentproviders\/npo.png","darkUrl":"https:\/\/cdn.nlziet.nl\/static\/assets\/contentproviders\/dark\/npo.png","flatUrl":"https:\/\/cdn.nlziet.nl\/static\/assets\/contentproviders\/flat\/npo.png"},"tags":[],"seriesId":"7QrOqPrilEGeM3pgWB1w1A"},{"id":"4cFOtrTH00uxuCxWgVExTw","type":"Vod","title":"Zappsport","subtitle":"Z@ppSport compilatie","description":"TROS - Sportmagazine voor de jeugd. Vast element is de spannende battle: Wie zijn er beter in een bepaalde sport: de jongens of de meisjes? Tevens kunnen kinderen met een sportprobleem de hulp inroepen van hun idool en stelt Ron Boszhard vragen tijdens een supersnel interview. Ook is er aandacht voor Kids Soccer, h\u00e9t voetbalevenement voor de jeugd waar grote talenten zijn ontdekt. De deelnemers dromen er dan ook van om prof te worden! Verder volgen we jong sporttalent dat meedoet aan een belangrijk toernooi en zie je de coolste sporttricks in de Move.","formattedEpisodeNumbering":null,"formattedDate":"Za 1 mrt. 2008","formattedDateShort":"Mrt. 2008","formattedTime":"17:15","formattedDuration":"30m","formattedAvailabilityWindow":null,"formattedAvailabilityWindowShort":null,"image":{"portraitUrl":null,"landscapeUrl":"https:\/\/images.nlziet.nl\/metadataimportimages\/source\/76A5BAF5BB8570AD4AFD5C0D9D931F94506306A13562C7A61D53B0513AF683DE.jpg"},"logo":{"normalUrl":"https:\/\/cdn.nlziet.nl\/static\/assets\/contentproviders\/npo.png","darkUrl":"https:\/\/cdn.nlziet.nl\/static\/assets\/contentproviders\/dark\/npo.png","flatUrl":"https:\/\/cdn.nlziet.nl\/static\/assets\/contentproviders\/flat\/npo.png"},"tags":[],"seriesId":"7QrOqPrilEGeM3pgWB1w1A"},{"id":"kJ5EeNCJm0GUTIroNdHrnQ","type":"Vod","title":"Zappsport","subtitle":"Z@ppSport compilatie","description":"TROS - Hoogtepunten. Presentatie: Ron Boszhard en Angela Esajas.","formattedEpisodeNumbering":null,"formattedDate":"Za 23 feb. 2008","formattedDateShort":"Feb. 2008","formattedTime":"17:15","formattedDuration":"30m","formattedAvailabilityWindow":null,"formattedAvailabilityWindowShort":null,"image":{"portraitUrl":null,"landscapeUrl":"https:\/\/images.nlziet.nl\/metadataimportimages\/source\/76A5BAF5BB8570AD4AFD5C0D9D931F94506306A13562C7A61D53B0513AF683DE.jpg"},"logo":{"normalUrl":"https:\/\/cdn.nlziet.nl\/static\/assets\/contentproviders\/npo.png","darkUrl":"https:\/\/cdn.nlziet.nl\/static\/assets\/contentproviders\/dark\/npo.png","flatUrl":"https:\/\/cdn.nlziet.nl\/static\/assets\/contentproviders\/flat\/npo.png"},"tags":[],"seriesId":"7QrOqPrilEGeM3pgWB1w1A"},{"id":"QiE4Qk0HE0mJtUAtrmThqQ","type":"Vod","title":"Zappsport","subtitle":"Z@ppSport compilatie","description":"TROS - Sportmagazine voor de jeugd. Vast element is de spannende battle: Wie zijn er beter in een bepaalde sport: de jongens of de meisjes? Tevens kunnen kinderen met een sportprobleem de hulp inroepen van hun idool en stelt Ron Boszhard vragen tijdens een supersnel interview. Ook is er aandacht voor Kids Soccer, h\u00e9t voetbalevenement voor de jeugd waar grote talenten zijn ontdekt. De deelnemers dromen er dan ook van om prof te worden! Verder volgen we jong sporttalent dat meedoet aan een belangrijk toernooi en zie je de coolste sporttricks in de Move.","formattedEpisodeNumbering":null,"formattedDate":"Za 16 feb. 2008","formattedDateShort":"Feb. 2008","formattedTime":"17:18","formattedDuration":"27m","formattedAvailabilityWindow":null,"formattedAvailabilityWindowShort":null,"image":{"portraitUrl":null,"landscapeUrl":"https:\/\/images.nlziet.nl\/metadataimportimages\/source\/76A5BAF5BB8570AD4AFD5C0D9D931F94506306A13562C7A61D53B0513AF683DE.jpg"},"logo":{"normalUrl":"https:\/\/cdn.nlziet.nl\/static\/assets\/contentproviders\/npo.png","darkUrl":"https:\/\/cdn.nlziet.nl\/static\/assets\/contentproviders\/dark\/npo.png","flatUrl":"https:\/\/cdn.nlziet.nl\/static\/assets\/contentproviders\/flat\/npo.png"},"tags":[],"seriesId":"7QrOqPrilEGeM3pgWB1w1A"},{"id":"6DbEIbXwz0aU0yiA4NDoQA","type":"Vod","title":"Zappsport","subtitle":"Z@ppSport compilatie","description":"TROS - Hoogtepunten.","formattedEpisodeNumbering":null,"formattedDate":"Za 9 feb. 2008","formattedDateShort":"Feb. 2008","formattedTime":"17:15","formattedDuration":"30m","formattedAvailabilityWindow":null,"formattedAvailabilityWindowShort":null,"image":{"portraitUrl":null,"landscapeUrl":"https:\/\/images.nlziet.nl\/metadataimportimages\/source\/76A5BAF5BB8570AD4AFD5C0D9D931F94506306A13562C7A61D53B0513AF683DE.jpg"},"logo":{"normalUrl":"https:\/\/cdn.nlziet.nl\/static\/assets\/contentproviders\/npo.png","darkUrl":"https:\/\/cdn.nlziet.nl\/static\/assets\/contentproviders\/dark\/npo.png","flatUrl":"https:\/\/cdn.nlziet.nl\/static\/assets\/contentproviders\/flat\/npo.png"},"tags":[],"seriesId":"7QrOqPrilEGeM3pgWB1w1A"},{"id":"HckW-YJNokWlFttEYZlucw","type":"Vod","title":"Zappsport","subtitle":"Z@ppSport compilatie","description":"TROS - Sportmagazine voor de jeugd. Vast element is de spannende battle: Wie zijn er beter in een bepaalde sport: de jongens of de meisjes? Tevens kunnen kinderen met een sportprobleem de hulp inroepen van hun idool en stelt Ron Boszhard vragen tijdens een supersnel interview. Ook is er aandacht voor Kids Soccer, h\u00e9t voetbalevenement voor de jeugd waar grote talenten zijn ontdekt. De deelnemers dromen er dan ook van om prof te worden! Verder volgen we jong sporttalent dat meedoet aan een belangrijk toernooi en zie je de coolste sporttricks in de Move.","formattedEpisodeNumbering":null,"formattedDate":"Za 2 feb. 2008","formattedDateShort":"Feb. 2008","formattedTime":"17:15","formattedDuration":"30m","formattedAvailabilityWindow":null,"formattedAvailabilityWindowShort":null,"image":{"portraitUrl":null,"landscapeUrl":"https:\/\/images.nlziet.nl\/metadataimportimages\/source\/76A5BAF5BB8570AD4AFD5C0D9D931F94506306A13562C7A61D53B0513AF683DE.jpg"},"logo":{"normalUrl":"https:\/\/cdn.nlziet.nl\/static\/assets\/contentproviders\/npo.png","darkUrl":"https:\/\/cdn.nlziet.nl\/static\/assets\/contentproviders\/dark\/npo.png","flatUrl":"https:\/\/cdn.nlziet.nl\/static\/assets\/contentproviders\/flat\/npo.png"},"tags":[],"seriesId":"7QrOqPrilEGeM3pgWB1w1A"},{"id":"2keTXG2ioEC4k4BYwfTVJw","type":"Vod","title":"Zappsport","subtitle":"Z@ppSport compilatie","description":"TROS - Kindersportprogramma waarin alle takken van sport voorbijkomen. In het onderdeel The Battle strijden de jongens tegen de meiden in een bepaalde sport. Ron staat in dit onderdeel tegenover de bloedfanatieke 'teamcaptain' Britt Dekker. Kinderen met een sportprobleem krijgen hulp van een beroemde topsporter in de Hellup en er zijn regelmatig specials te zien rondom grote sporttoernooien.","formattedEpisodeNumbering":null,"formattedDate":"Za 26 jan. 2008","formattedDateShort":"Jan. 2008","formattedTime":"17:20","formattedDuration":"25m","formattedAvailabilityWindow":null,"formattedAvailabilityWindowShort":null,"image":{"portraitUrl":null,"landscapeUrl":"https:\/\/images.nlziet.nl\/metadataimportimages\/source\/76A5BAF5BB8570AD4AFD5C0D9D931F94506306A13562C7A61D53B0513AF683DE.jpg"},"logo":{"normalUrl":"https:\/\/cdn.nlziet.nl\/static\/assets\/contentproviders\/npo.png","darkUrl":"https:\/\/cdn.nlziet.nl\/static\/assets\/contentproviders\/dark\/npo.png","flatUrl":"https:\/\/cdn.nlziet.nl\/static\/assets\/contentproviders\/flat\/npo.png"},"tags":[],"seriesId":"7QrOqPrilEGeM3pgWB1w1A"},{"id":"07wg_luGAUm5l4KjvKAw8A","type":"Vod","title":"Zappsport","subtitle":"Z@ppSport compilatie","description":"TROS - Kindersportprogramma waarin alle takken van sport voorbijkomen. In het onderdeel The Battle strijden de jongens tegen de meiden in een bepaalde sport. Ron staat in dit onderdeel tegenover de bloedfanatieke 'teamcaptain' Britt Dekker. Kinderen met een sportprobleem krijgen hulp van een beroemde topsporter in de Hellup en er zijn regelmatig specials te zien rondom grote sporttoernooien.","formattedEpisodeNumbering":null,"formattedDate":"Za 19 jan. 2008","formattedDateShort":"Jan. 2008","formattedTime":"17:15","formattedDuration":"30m","formattedAvailabilityWindow":null,"formattedAvailabilityWindowShort":null,"image":{"portraitUrl":null,"landscapeUrl":"https:\/\/images.nlziet.nl\/metadataimportimages\/source\/76A5BAF5BB8570AD4AFD5C0D9D931F94506306A13562C7A61D53B0513AF683DE.jpg"},"logo":{"normalUrl":"https:\/\/cdn.nlziet.nl\/static\/assets\/contentproviders\/npo.png","darkUrl":"https:\/\/cdn.nlziet.nl\/static\/assets\/contentproviders\/dark\/npo.png","flatUrl":"https:\/\/cdn.nlziet.nl\/static\/assets\/contentproviders\/flat\/npo.png"},"tags":[],"seriesId":"7QrOqPrilEGeM3pgWB1w1A"}]