[{"id":"rYOtJ4arIUGvZ4SFl4fm4g","type":"Vod","title":"Opium","subtitle":"Kerstspecial","description":"AVRO - Afl.: Kerstspecial. waarin drie Nederlandse koninginnen worden gebracht: Beatrix, Annie M.G. Schmidt en Mies Bouwman. Cornald Maas en vaste panelleden Maria Goos en John Buijsman zullen met speciale gast Brigitte Kaandorp de televisieprogramma's bespreken waarin deze koninginnen centraal staan en die rond de feestdagen worden uitgezonden; de documentaire Beatrix, Majesteit, de dramaserie, Annie M.G. en het jubileumprogramma Mies 80! Presentatie: Cornald Maas.","formattedEpisodeNumbering":null,"formattedDate":"Wo 23 dec. 2009","formattedDateShort":"Dec. 2009","formattedTime":"21:30","formattedDuration":"30m","formattedAvailabilityWindow":null,"formattedAvailabilityWindowShort":null,"image":{"portraitUrl":null,"landscapeUrl":"https:\/\/images.nlziet.nl\/metadataimportimages\/source\/AA5B9764949D68BE2B21DDF2D440FD4BA685634907814A886139CB46187F4963.jpg"},"logo":{"normalUrl":"https:\/\/cdn.nlziet.nl\/static\/assets\/contentproviders\/npo.png","darkUrl":"https:\/\/cdn.nlziet.nl\/static\/assets\/contentproviders\/dark\/npo.png","flatUrl":"https:\/\/cdn.nlziet.nl\/static\/assets\/contentproviders\/flat\/npo.png"},"tags":[],"seriesId":"7oS5hd32DEWWXbtt1fB8bA"},{"id":"oEpBvgCzV0iXvKA3CM42IA","type":"Vod","title":"Opium","subtitle":"Opium","description":"AVRO - Cornald Maas ontvangt gasten uit de wereld van kunst en cultuur in de Escape in Amsterdam. Met een prominente gast die in een verrassende reportage verslag doet van zijn of haar bezoek aan een cultureel evenement. Afwisselend bespreken Maria Goos, Jasper Krabb\u00e9 of John Buijsman hun keuze uit de cultuuragenda.","formattedEpisodeNumbering":null,"formattedDate":"Wo 16 dec. 2009","formattedDateShort":"Dec. 2009","formattedTime":"21:30","formattedDuration":"30m","formattedAvailabilityWindow":null,"formattedAvailabilityWindowShort":null,"image":{"portraitUrl":null,"landscapeUrl":"https:\/\/images.nlziet.nl\/metadataimportimages\/source\/AA5B9764949D68BE2B21DDF2D440FD4BA685634907814A886139CB46187F4963.jpg"},"logo":{"normalUrl":"https:\/\/cdn.nlziet.nl\/static\/assets\/contentproviders\/npo.png","darkUrl":"https:\/\/cdn.nlziet.nl\/static\/assets\/contentproviders\/dark\/npo.png","flatUrl":"https:\/\/cdn.nlziet.nl\/static\/assets\/contentproviders\/flat\/npo.png"},"tags":[],"seriesId":"7oS5hd32DEWWXbtt1fB8bA"},{"id":"eNQSbqXBTkuRZOwU0_iTAQ","type":"Vod","title":"Opium","subtitle":"Opium","description":"AVRO - Cornald Maas ontvangt gasten uit de wereld van kunst en cultuur in de Escape in Amsterdam. Met een prominente gast die in een verrassende reportage verslag doet van zijn of haar bezoek aan een cultureel evenement. Afwisselend bespreken Maria Goos, Jasper Krabb\u00e9 of John Buijsman hun keuze uit de cultuuragenda.","formattedEpisodeNumbering":null,"formattedDate":"Wo 9 dec. 2009","formattedDateShort":"Dec. 2009","formattedTime":"21:30","formattedDuration":"30m","formattedAvailabilityWindow":null,"formattedAvailabilityWindowShort":null,"image":{"portraitUrl":null,"landscapeUrl":"https:\/\/images.nlziet.nl\/metadataimportimages\/source\/AA5B9764949D68BE2B21DDF2D440FD4BA685634907814A886139CB46187F4963.jpg"},"logo":{"normalUrl":"https:\/\/cdn.nlziet.nl\/static\/assets\/contentproviders\/npo.png","darkUrl":"https:\/\/cdn.nlziet.nl\/static\/assets\/contentproviders\/dark\/npo.png","flatUrl":"https:\/\/cdn.nlziet.nl\/static\/assets\/contentproviders\/flat\/npo.png"},"tags":[],"seriesId":"7oS5hd32DEWWXbtt1fB8bA"},{"id":"YubpWTXaikiRyMQzBoeeFQ","type":"Vod","title":"Opium","subtitle":"Opium","description":"AVRO - Cornald Maas ontvangt gasten uit de wereld van kunst en cultuur in de Escape in Amsterdam. Met een prominente gast die in een verrassende reportage verslag doet van zijn of haar bezoek aan een cultureel evenement. Afwisselend bespreken Maria Goos, Jasper Krabb\u00e9 of John Buijsman hun keuze uit de cultuuragenda.","formattedEpisodeNumbering":null,"formattedDate":"Wo 2 dec. 2009","formattedDateShort":"Dec. 2009","formattedTime":"21:30","formattedDuration":"30m","formattedAvailabilityWindow":null,"formattedAvailabilityWindowShort":null,"image":{"portraitUrl":null,"landscapeUrl":"https:\/\/images.nlziet.nl\/metadataimportimages\/source\/AA5B9764949D68BE2B21DDF2D440FD4BA685634907814A886139CB46187F4963.jpg"},"logo":{"normalUrl":"https:\/\/cdn.nlziet.nl\/static\/assets\/contentproviders\/npo.png","darkUrl":"https:\/\/cdn.nlziet.nl\/static\/assets\/contentproviders\/dark\/npo.png","flatUrl":"https:\/\/cdn.nlziet.nl\/static\/assets\/contentproviders\/flat\/npo.png"},"tags":[],"seriesId":"7oS5hd32DEWWXbtt1fB8bA"},{"id":"uKh3jalCNEGGCmLnahDfzA","type":"Vod","title":"Opium","subtitle":"Opium","description":"AVRO - Cornald Maas ontvangt gasten uit de wereld van kunst en cultuur in de Escape in Amsterdam. Met een prominente gast die in een verrassende reportage verslag doet van zijn of haar bezoek aan een cultureel evenement. Afwisselend bespreken Maria Goos, Jasper Krabb\u00e9 of John Buijsman hun keuze uit de cultuuragenda.","formattedEpisodeNumbering":null,"formattedDate":"Wo 25 nov. 2009","formattedDateShort":"Nov. 2009","formattedTime":"21:30","formattedDuration":"30m","formattedAvailabilityWindow":null,"formattedAvailabilityWindowShort":null,"image":{"portraitUrl":null,"landscapeUrl":"https:\/\/images.nlziet.nl\/metadataimportimages\/source\/AA5B9764949D68BE2B21DDF2D440FD4BA685634907814A886139CB46187F4963.jpg"},"logo":{"normalUrl":"https:\/\/cdn.nlziet.nl\/static\/assets\/contentproviders\/npo.png","darkUrl":"https:\/\/cdn.nlziet.nl\/static\/assets\/contentproviders\/dark\/npo.png","flatUrl":"https:\/\/cdn.nlziet.nl\/static\/assets\/contentproviders\/flat\/npo.png"},"tags":[],"seriesId":"7oS5hd32DEWWXbtt1fB8bA"},{"id":"om2fGT9BK0WFvK__nVNNRQ","type":"Vod","title":"Opium","subtitle":"Opium","description":"AVRO - Cornald Maas ontvangt gasten uit de wereld van kunst en cultuur in de Escape in Amsterdam. Met een prominente gast die in een verrassende reportage verslag doet van zijn of haar bezoek aan een cultureel evenement. Afwisselend bespreken Maria Goos, Jasper Krabb\u00e9 of John Buijsman hun keuze uit de cultuuragenda.","formattedEpisodeNumbering":null,"formattedDate":"Wo 18 nov. 2009","formattedDateShort":"Nov. 2009","formattedTime":"21:30","formattedDuration":"30m","formattedAvailabilityWindow":null,"formattedAvailabilityWindowShort":null,"image":{"portraitUrl":null,"landscapeUrl":"https:\/\/images.nlziet.nl\/metadataimportimages\/source\/AA5B9764949D68BE2B21DDF2D440FD4BA685634907814A886139CB46187F4963.jpg"},"logo":{"normalUrl":"https:\/\/cdn.nlziet.nl\/static\/assets\/contentproviders\/npo.png","darkUrl":"https:\/\/cdn.nlziet.nl\/static\/assets\/contentproviders\/dark\/npo.png","flatUrl":"https:\/\/cdn.nlziet.nl\/static\/assets\/contentproviders\/flat\/npo.png"},"tags":[],"seriesId":"7oS5hd32DEWWXbtt1fB8bA"},{"id":"Cp7guoFPpkGC7zNuE32bPw","type":"Vod","title":"Opium","subtitle":"Opium","description":"AVRO - Cornald Maas ontvangt gasten uit de wereld van kunst en cultuur in de Escape in Amsterdam. Met een prominente gast die in een verrassende reportage verslag doet van zijn of haar bezoek aan een cultureel evenement. Afwisselend bespreken Maria Goos, Jasper Krabb\u00e9 of John Buijsman hun keuze uit de cultuuragenda.","formattedEpisodeNumbering":null,"formattedDate":"Wo 11 nov. 2009","formattedDateShort":"Nov. 2009","formattedTime":"21:30","formattedDuration":"30m","formattedAvailabilityWindow":null,"formattedAvailabilityWindowShort":null,"image":{"portraitUrl":null,"landscapeUrl":"https:\/\/images.nlziet.nl\/metadataimportimages\/source\/AA5B9764949D68BE2B21DDF2D440FD4BA685634907814A886139CB46187F4963.jpg"},"logo":{"normalUrl":"https:\/\/cdn.nlziet.nl\/static\/assets\/contentproviders\/npo.png","darkUrl":"https:\/\/cdn.nlziet.nl\/static\/assets\/contentproviders\/dark\/npo.png","flatUrl":"https:\/\/cdn.nlziet.nl\/static\/assets\/contentproviders\/flat\/npo.png"},"tags":[],"seriesId":"7oS5hd32DEWWXbtt1fB8bA"},{"id":"xngMKlWB8EGApIXxV9lmjQ","type":"Vod","title":"Opium","subtitle":"Opium","description":"AVRO - Cornald Maas ontvangt gasten uit de wereld van kunst en cultuur in de Escape in Amsterdam. Met een prominente gast die in een verrassende reportage verslag doet van zijn of haar bezoek aan een cultureel evenement. Afwisselend bespreken Maria Goos, Jasper Krabb\u00e9 of John Buijsman hun keuze uit de cultuuragenda.","formattedEpisodeNumbering":null,"formattedDate":"Wo 4 nov. 2009","formattedDateShort":"Nov. 2009","formattedTime":"21:30","formattedDuration":"30m","formattedAvailabilityWindow":null,"formattedAvailabilityWindowShort":null,"image":{"portraitUrl":null,"landscapeUrl":"https:\/\/images.nlziet.nl\/metadataimportimages\/source\/AA5B9764949D68BE2B21DDF2D440FD4BA685634907814A886139CB46187F4963.jpg"},"logo":{"normalUrl":"https:\/\/cdn.nlziet.nl\/static\/assets\/contentproviders\/npo.png","darkUrl":"https:\/\/cdn.nlziet.nl\/static\/assets\/contentproviders\/dark\/npo.png","flatUrl":"https:\/\/cdn.nlziet.nl\/static\/assets\/contentproviders\/flat\/npo.png"},"tags":[],"seriesId":"7oS5hd32DEWWXbtt1fB8bA"},{"id":"wbq0fvc5M0SnBAIIE0gohw","type":"Vod","title":"Opium","subtitle":"Opium","description":"AVRO - Cornald Maas ontvangt gasten uit de wereld van kunst en cultuur in de Escape in Amsterdam. Met een prominente gast die in een verrassende reportage verslag doet van zijn of haar bezoek aan een cultureel evenement. Afwisselend bespreken Maria Goos, Jasper Krabb\u00e9 of John Buijsman hun keuze uit de cultuuragenda.","formattedEpisodeNumbering":null,"formattedDate":"Wo 28 okt. 2009","formattedDateShort":"Okt. 2009","formattedTime":"21:30","formattedDuration":"30m","formattedAvailabilityWindow":null,"formattedAvailabilityWindowShort":null,"image":{"portraitUrl":null,"landscapeUrl":"https:\/\/images.nlziet.nl\/metadataimportimages\/source\/AA5B9764949D68BE2B21DDF2D440FD4BA685634907814A886139CB46187F4963.jpg"},"logo":{"normalUrl":"https:\/\/cdn.nlziet.nl\/static\/assets\/contentproviders\/npo.png","darkUrl":"https:\/\/cdn.nlziet.nl\/static\/assets\/contentproviders\/dark\/npo.png","flatUrl":"https:\/\/cdn.nlziet.nl\/static\/assets\/contentproviders\/flat\/npo.png"},"tags":[],"seriesId":"7oS5hd32DEWWXbtt1fB8bA"},{"id":"Hcp_gQ6LG0WvhVrvmSPskQ","type":"Vod","title":"Opium","subtitle":"Opium TV","description":"AVRO - Cornald Maas ontvangt gasten uit de wereld van kunst en cultuur in de Escape in Amsterdam. Met een prominente gast die in een verrassende reportage verslag doet van zijn of haar bezoek aan een cultureel evenement. Afwisselend bespreken Maria Goos, Jasper Krabb\u00e9 of John Buijsman hun keuze uit de cultuuragenda.","formattedEpisodeNumbering":null,"formattedDate":"Wo 21 okt. 2009","formattedDateShort":"Okt. 2009","formattedTime":"21:30","formattedDuration":"30m","formattedAvailabilityWindow":null,"formattedAvailabilityWindowShort":null,"image":{"portraitUrl":null,"landscapeUrl":"https:\/\/images.nlziet.nl\/metadataimportimages\/source\/AA5B9764949D68BE2B21DDF2D440FD4BA685634907814A886139CB46187F4963.jpg"},"logo":{"normalUrl":"https:\/\/cdn.nlziet.nl\/static\/assets\/contentproviders\/npo.png","darkUrl":"https:\/\/cdn.nlziet.nl\/static\/assets\/contentproviders\/dark\/npo.png","flatUrl":"https:\/\/cdn.nlziet.nl\/static\/assets\/contentproviders\/flat\/npo.png"},"tags":[],"seriesId":"7oS5hd32DEWWXbtt1fB8bA"},{"id":"l70akbpM6Eqt9xfy5hBt-A","type":"Vod","title":"Opium","subtitle":"Opium TV","description":"AVRO - Cornald Maas ontvangt gasten uit de wereld van kunst en cultuur in de Escape in Amsterdam. Met een prominente gast die in een verrassende reportage verslag doet van zijn of haar bezoek aan een cultureel evenement. Afwisselend bespreken Maria Goos, Jasper Krabb\u00e9 of John Buijsman hun keuze uit de cultuuragenda.","formattedEpisodeNumbering":null,"formattedDate":"Wo 14 okt. 2009","formattedDateShort":"Okt. 2009","formattedTime":"21:30","formattedDuration":"30m","formattedAvailabilityWindow":null,"formattedAvailabilityWindowShort":null,"image":{"portraitUrl":null,"landscapeUrl":"https:\/\/images.nlziet.nl\/metadataimportimages\/source\/AA5B9764949D68BE2B21DDF2D440FD4BA685634907814A886139CB46187F4963.jpg"},"logo":{"normalUrl":"https:\/\/cdn.nlziet.nl\/static\/assets\/contentproviders\/npo.png","darkUrl":"https:\/\/cdn.nlziet.nl\/static\/assets\/contentproviders\/dark\/npo.png","flatUrl":"https:\/\/cdn.nlziet.nl\/static\/assets\/contentproviders\/flat\/npo.png"},"tags":[],"seriesId":"7oS5hd32DEWWXbtt1fB8bA"},{"id":"_m3F3-zNpEyFq-e8R8OgYg","type":"Vod","title":"Opium","subtitle":"Opium op het Theatergala 2009","description":"AVRO - Special vanuit de Stadsschouwburg in Amsterdam, rond de uitreiking van de belangrijkste theaterprijzen. Welke actrice en acteur winnen dit jaar de Theo d'Or en de Louis d'Or?","formattedEpisodeNumbering":null,"formattedDate":"Zo 13 sep. 2009","formattedDateShort":"Sep. 2009","formattedTime":"23:15","formattedDuration":"50m","formattedAvailabilityWindow":null,"formattedAvailabilityWindowShort":null,"image":{"portraitUrl":null,"landscapeUrl":"https:\/\/images.nlziet.nl\/metadataimportimages\/source\/AA5B9764949D68BE2B21DDF2D440FD4BA685634907814A886139CB46187F4963.jpg"},"logo":{"normalUrl":"https:\/\/cdn.nlziet.nl\/static\/assets\/contentproviders\/npo.png","darkUrl":"https:\/\/cdn.nlziet.nl\/static\/assets\/contentproviders\/dark\/npo.png","flatUrl":"https:\/\/cdn.nlziet.nl\/static\/assets\/contentproviders\/flat\/npo.png"},"tags":[],"seriesId":"7oS5hd32DEWWXbtt1fB8bA"}]