[{"id":"mKYYldyXjEa5oCjeRr-zdg","type":"Vod","title":"NOS Journaal met gebarentolk","subtitle":"NOS Journaal met gebarentolk","description":"NOS - Met het laatste nieuws en de weersverwachting.","formattedEpisodeNumbering":null,"formattedDate":"Do 18 mrt. 2021","formattedDateShort":"Mrt. 2021","formattedTime":"06:00","formattedDuration":"25m","formattedAvailabilityWindow":null,"formattedAvailabilityWindowShort":null,"image":{"portraitUrl":null,"landscapeUrl":"https:\/\/images.nlziet.nl\/metadataimportimages\/source\/502034572C166CC0407A4C74BBCACCAA0B56EAC05E54D5D50B333D87BF9F6A46.jpg"},"logo":{"normalUrl":"https:\/\/cdn.nlziet.nl\/static\/assets\/contentproviders\/npo.png","darkUrl":"https:\/\/cdn.nlziet.nl\/static\/assets\/contentproviders\/dark\/npo.png","flatUrl":"https:\/\/cdn.nlziet.nl\/static\/assets\/contentproviders\/flat\/npo.png"},"tags":[],"seriesId":"6pbrb5qCSEmKJooY61Bb_Q"}]