[{"id":"m2V8ySd_402n6jI8enULgg","type":"Vod","title":"Het mooiste meisje van de klas","subtitle":"Claudia","description":"AVROTROS - Claudia Rademaker groeide op als Indonesisch meisje in het Haarlemse Parkwijk en ondanks dat er meer kinderen met een ander kleurtje in de klas zaten voelde Claudia zich anders. Op de middelbare school ontwikkelde ze zich tot een prachtige tiener en maakte ze veel nieuwe vrienden. Ze was ze door iedereen geliefd, maar Claudia bleef onzeker. Nadat ze haar HAVO-diploma had gehaald vonden haar ouders het tijd dat Claudia uit haar schulp zou kruipen, ze gaven haar op voor de Miss Haarlem-verkiezing die zij ook meteen won. Toen Claudia eindelijk ook in zichzelf begon te geloven ging het snel. Het modellenwerk bracht haar terug naar haar roots en in Jakarta groeide zij uit tot een van de meest bekende modellen. Ze trouwde met een welgestelde man en Claudia leefde als een prinses. Maar het sprookje kende ook een keerzijde; als je opgroeit met een minderwaardigheidscomplex dan is het moeilijk om je eigen grenzen aan te geven en Claudia voelde zich gevangen in een gouden kooi. Na vele jaren van verdriet en angst heeft Claudia zich weten te ontworstelen uit het milieu waarin zij niet zichzelf kon zijn. Momenteel woont ze in het Zweedse Stockholm.","formattedEpisodeNumbering":"S14:A5","formattedDate":"Za 15 jan.","formattedDateShort":"Za 15 jan.","formattedTime":"11:30","formattedDuration":"45m","formattedAvailabilityWindow":null,"formattedAvailabilityWindowShort":null,"image":{"portraitUrl":null,"landscapeUrl":"https:\/\/images.nlziet.nl\/metadataimportimages\/source\/FA6A48FF82B986C688AD060E80A99AA6FAE2FCF224109A6F37082E83B9AF5988.jpg"},"logo":{"normalUrl":"https:\/\/cdn.nlziet.nl\/static\/assets\/contentproviders\/npo.png","darkUrl":"https:\/\/cdn.nlziet.nl\/static\/assets\/contentproviders\/dark\/npo.png","flatUrl":"https:\/\/cdn.nlziet.nl\/static\/assets\/contentproviders\/flat\/npo.png"},"tags":[],"seriesId":"6QApQZDaZ0Gc_9gWZDJFZA"}]