[{"id":"rJ_qXokYo0W2CKVp4RftbA","type":"Vod","title":"De Muur","subtitle":"Korea","description":"BNNVARA - Bijna 30 jaar na de val van de Berlijnse Muur gaat Menno Bentveld op zoek naar muren die volkeren van elkaar scheiden. Hij gaat op zoek naar verhalen die inzicht geven in het effect van muren op mensen. Geen grens ter wereld wordt zwaarder bewaakt dan die tussen Noord- en Zuid-Korea. Het is de oermuur van de Koude Oorlog en rondom de grens is de dreiging van een oorlog alom voelbaar. Tegelijkertijd wordt de hereniging gepredikt. Menno reist door Zuid-Korea en stuit op een bevolking die haar best doet om het naderende onheil te negeren.","formattedEpisodeNumbering":null,"formattedDate":"Ma 7 mei. 2018","formattedDateShort":"Mei. 2018","formattedTime":"11:25","formattedDuration":"47m","formattedAvailabilityWindow":null,"formattedAvailabilityWindowShort":null,"image":{"portraitUrl":null,"landscapeUrl":"https:\/\/images.nlziet.nl\/metadataimportimages\/source\/359C371907FF2D71388D900BD51095DDEE0A6CDC3256F5F455AD53106CF6BC7C.jpg"},"logo":{"normalUrl":"https:\/\/cdn.nlziet.nl\/static\/assets\/contentproviders\/npo.png","darkUrl":"https:\/\/cdn.nlziet.nl\/static\/assets\/contentproviders\/dark\/npo.png","flatUrl":"https:\/\/cdn.nlziet.nl\/static\/assets\/contentproviders\/flat\/npo.png"},"tags":[],"seriesId":"64PHZaFSQk-R5gf4e6eVlQ"},{"id":"Otz1TYxgYESXphLgUezZLw","type":"Vod","title":"De Muur","subtitle":"Slowakije","description":"BNNVARA - Bijna dertig jaar na de val van de Berlijnse Muur gaat Menno Bentveld op zoek naar muren die volkeren van elkaar scheiden. Hij gaat op zoek naar verhalen die inzicht geven in het effect van muren op mensen. In Slowakije liggen veertien muren die bedoeld zijn om te voorkomen dat de Slowaken last hebben van de straatarme Roma-bevolking. Menno probeert te ontdekken waarom de overheid muren bouwt in plaats van de problemen op een menselijke manier op te lossen.","formattedEpisodeNumbering":null,"formattedDate":"Vr 4 mei. 2018","formattedDateShort":"Mei. 2018","formattedTime":"11:35","formattedDuration":"45m","formattedAvailabilityWindow":null,"formattedAvailabilityWindowShort":null,"image":{"portraitUrl":null,"landscapeUrl":"https:\/\/images.nlziet.nl\/metadataimportimages\/source\/175ADCF1EF8078E76F3A4B907EF297A5C08D6865DA553A1828D366CB112E8595.jpg"},"logo":{"normalUrl":"https:\/\/cdn.nlziet.nl\/static\/assets\/contentproviders\/npo.png","darkUrl":"https:\/\/cdn.nlziet.nl\/static\/assets\/contentproviders\/dark\/npo.png","flatUrl":"https:\/\/cdn.nlziet.nl\/static\/assets\/contentproviders\/flat\/npo.png"},"tags":[],"seriesId":"64PHZaFSQk-R5gf4e6eVlQ"},{"id":"WOJM15jN1kOnTXPeJVmKmQ","type":"Vod","title":"De Muur","subtitle":"Westelijke Jordaanoever","description":"BNNVARA - Bijna 30 jaar na de val van de Berlijnse Muur gaat Menno Bentveld op zoek naar muren die volkeren van elkaar scheiden. Hij gaat op zoek naar verhalen die inzicht geven in het effect van muren op mensen. Voor de Palestijnen op de Westelijke Jordaanoever heeft de antiterrorismemuur die Isra\u00ebl heeft gebouwd hun levens een stuk ellendiger gemaakt. Maar voor Isra\u00ebli's en Joodse kolonisten is het leven er een stuk aangenamer door geworden.","formattedEpisodeNumbering":null,"formattedDate":"Do 3 mei. 2018","formattedDateShort":"Mei. 2018","formattedTime":"11:35","formattedDuration":"45m","formattedAvailabilityWindow":null,"formattedAvailabilityWindowShort":null,"image":{"portraitUrl":null,"landscapeUrl":"https:\/\/images.nlziet.nl\/metadataimportimages\/source\/7F271EAE8B074A94F9CD129F9A2399DA1EA7E869696FC1923FB9F99114854725.jpg"},"logo":{"normalUrl":"https:\/\/cdn.nlziet.nl\/static\/assets\/contentproviders\/npo.png","darkUrl":"https:\/\/cdn.nlziet.nl\/static\/assets\/contentproviders\/dark\/npo.png","flatUrl":"https:\/\/cdn.nlziet.nl\/static\/assets\/contentproviders\/flat\/npo.png"},"tags":[],"seriesId":"64PHZaFSQk-R5gf4e6eVlQ"},{"id":"nwKuwDzYSEa_M3VkAluipA","type":"Vod","title":"De Muur","subtitle":"Westelijke Sahara","description":"BNNVARA - Bijna dertig jaar na de val van de Berlijnse Muur gaat Menno Bentveld op zoek naar muren die volkeren van elkaar scheiden. Hij gaat op zoek naar verhalen die inzicht geven in het effect van muren op mensen. Menno gaat naar de Westelijke Sahara waar een zandwal van 2700 kilometer ligt. Die muur is opgeworpen door Marokko om de Sahrawi-bevolking, die er hun eigen staat willen, op afstand te houden. Menno maakt een woestijnreis aan beide kanten van de muur en ontdekt twee werelden die gegijzeld worden door een veertig jaar oud conflict.","formattedEpisodeNumbering":null,"formattedDate":"Wo 2 mei. 2018","formattedDateShort":"Mei. 2018","formattedTime":"10:45","formattedDuration":"45m","formattedAvailabilityWindow":null,"formattedAvailabilityWindowShort":null,"image":{"portraitUrl":null,"landscapeUrl":"https:\/\/images.nlziet.nl\/metadataimportimages\/source\/34C2AFF9E1068AD86E86DCB9AE25D6FD668A0590C01BB64EDD43EB2CF0B48D65.jpg"},"logo":{"normalUrl":"https:\/\/cdn.nlziet.nl\/static\/assets\/contentproviders\/npo.png","darkUrl":"https:\/\/cdn.nlziet.nl\/static\/assets\/contentproviders\/dark\/npo.png","flatUrl":"https:\/\/cdn.nlziet.nl\/static\/assets\/contentproviders\/flat\/npo.png"},"tags":[],"seriesId":"64PHZaFSQk-R5gf4e6eVlQ"},{"id":"rBtpIxv4PUKTbDz2UaBLQQ","type":"Vod","title":"De Muur","subtitle":"Mexico","description":"BNNVARA - Bijna 30 jaar na de val van de Berlijnse Muur gaat Menno Bentveld op zoek naar muren die volkeren van elkaar scheiden. Hij gaat op zoek naar verhalen die inzicht geven in het effect van muren op mensen. Tussen Mexico en de VS moet een stalen muur, van ruim 3000 kilometer, voorkomen dat illegalen uit Midden-Amerika de VS overspoelen. Het Amerikaanse immigratiebeleid is in Europese ogen hard. Menno onderzoekt hoe dit werkt en stuit op bizarre situaties en ontmoetingen.","formattedEpisodeNumbering":null,"formattedDate":"Di 1 mei. 2018","formattedDateShort":"Mei. 2018","formattedTime":"11:35","formattedDuration":"45m","formattedAvailabilityWindow":null,"formattedAvailabilityWindowShort":null,"image":{"portraitUrl":null,"landscapeUrl":"https:\/\/images.nlziet.nl\/metadataimportimages\/source\/6BB39B59387EB3D3DD294E3B6BDCA4EF2B40E0ED88FDAAA7CB3CA43FD2369309.jpg"},"logo":{"normalUrl":"https:\/\/cdn.nlziet.nl\/static\/assets\/contentproviders\/npo.png","darkUrl":"https:\/\/cdn.nlziet.nl\/static\/assets\/contentproviders\/dark\/npo.png","flatUrl":"https:\/\/cdn.nlziet.nl\/static\/assets\/contentproviders\/flat\/npo.png"},"tags":[],"seriesId":"64PHZaFSQk-R5gf4e6eVlQ"},{"id":"3ZTyZR8eLk2-lv6jSdZnOA","type":"Vod","title":"De Muur","subtitle":"Belfast","description":"BNNVARA - Bijna 30 jaar na de val van de Berlijnse Muur gaat Menno Bentveld op zoek naar muren die volkeren van elkaar scheiden. Hij praat met mensen die dagelijks geconfronteerd worden met zo'n muur en over wat voor invloed die muur heeft op hun leven. Menno bezoekt de Peace Walls in het Noord-Ierse Belfast. Hoewel het al ruim vijftien jaar vrede is tussen katholieken en protestanten zijn mensen nog steeds bang voor elkaar. En elk jaar opnieuw tijdens de Oranjemars dreigt het geweld opnieuw op te laaien.","formattedEpisodeNumbering":null,"formattedDate":"Ma 30 apr. 2018","formattedDateShort":"Apr. 2018","formattedTime":"11:35","formattedDuration":"46m","formattedAvailabilityWindow":null,"formattedAvailabilityWindowShort":null,"image":{"portraitUrl":null,"landscapeUrl":"https:\/\/images.nlziet.nl\/metadataimportimages\/source\/7EA88D23F021A8CF0A664CD39084E9B93C7D667BC4E0C692E09687A439D96F0C.jpg"},"logo":{"normalUrl":"https:\/\/cdn.nlziet.nl\/static\/assets\/contentproviders\/npo.png","darkUrl":"https:\/\/cdn.nlziet.nl\/static\/assets\/contentproviders\/dark\/npo.png","flatUrl":"https:\/\/cdn.nlziet.nl\/static\/assets\/contentproviders\/flat\/npo.png"},"tags":[],"seriesId":"64PHZaFSQk-R5gf4e6eVlQ"}]