[{"id":"egsJzYQ8jkepbmnCV4bXAA","type":"Vod","title":"Postcode Loterij E\u00e9n Tegen 50","subtitle":"Afl. 9","description":"RTL4 - E\u00e9n kandidaat moet het opnemen tegen vijftig tegenkandidaten. Tijdens het programma wordt de straatprijs van de Postcode Loterij uitgereikt aan bewoners van een straat in Nederland.","formattedEpisodeNumbering":null,"formattedDate":"Zo 26 jun.","formattedDateShort":"Zo 26 jun.","formattedTime":"20:10","formattedDuration":"1u 0m","formattedAvailabilityWindow":null,"formattedAvailabilityWindowShort":null,"image":{"portraitUrl":null,"landscapeUrl":"https:\/\/images.nlziet.nl\/metadataimportimages\/source\/85AB54EE760D99D69C64E351E68C286E2F71B7CAE4AA913AE97DB40E1A59815C.jpg"},"logo":{"normalUrl":"https:\/\/cdn.nlziet.nl\/static\/assets\/contentproviders\/rtl.png","darkUrl":"https:\/\/cdn.nlziet.nl\/static\/assets\/contentproviders\/dark\/rtl.png","flatUrl":"https:\/\/cdn.nlziet.nl\/static\/assets\/contentproviders\/flat\/rtl.png"},"tags":[],"seriesId":"75fghGQoskCCsWM-se9w6Q"},{"id":"nuq0HgyUmUyJ453jBQw1ig","type":"Vod","title":"Postcode Loterij E\u00e9n Tegen 50","subtitle":"Afl. 8","description":"RTL4 - E\u00e9n kandidaat moet het opnemen tegen vijftig tegenkandidaten. Tijdens het programma wordt de straatprijs van de Postcode Loterij uitgereikt aan bewoners van een straat in Nederland.","formattedEpisodeNumbering":null,"formattedDate":"Zo 19 jun.","formattedDateShort":"Zo 19 jun.","formattedTime":"20:10","formattedDuration":"1u 1m","formattedAvailabilityWindow":null,"formattedAvailabilityWindowShort":null,"image":{"portraitUrl":null,"landscapeUrl":"https:\/\/images.nlziet.nl\/metadataimportimages\/source\/8FE678E32C3031E1675F6800FF5046527F950CE93A6F1E2BA5DFF9059C46D769.jpg"},"logo":{"normalUrl":"https:\/\/cdn.nlziet.nl\/static\/assets\/contentproviders\/rtl.png","darkUrl":"https:\/\/cdn.nlziet.nl\/static\/assets\/contentproviders\/dark\/rtl.png","flatUrl":"https:\/\/cdn.nlziet.nl\/static\/assets\/contentproviders\/flat\/rtl.png"},"tags":[],"seriesId":"75fghGQoskCCsWM-se9w6Q"},{"id":"m06Pz5WIOEu1KR6kYWsBoQ","type":"Vod","title":"Postcode Loterij E\u00e9n Tegen 50","subtitle":"Afl. 7","description":"RTL4 - E\u00e9n kandidaat moet het opnemen tegen vijftig tegenkandidaten. Tijdens het programma wordt de straatprijs van de Postcode Loterij uitgereikt aan bewoners van een straat in Nederland.","formattedEpisodeNumbering":null,"formattedDate":"Zo 12 jun.","formattedDateShort":"Zo 12 jun.","formattedTime":"20:05","formattedDuration":"1u 1m","formattedAvailabilityWindow":null,"formattedAvailabilityWindowShort":null,"image":{"portraitUrl":null,"landscapeUrl":"https:\/\/images.nlziet.nl\/metadataimportimages\/source\/40D5791D39DD74E32B10A38DED22B6F3123EA259E4F3B1E00161E0AD202264D8.jpg"},"logo":{"normalUrl":"https:\/\/cdn.nlziet.nl\/static\/assets\/contentproviders\/rtl.png","darkUrl":"https:\/\/cdn.nlziet.nl\/static\/assets\/contentproviders\/dark\/rtl.png","flatUrl":"https:\/\/cdn.nlziet.nl\/static\/assets\/contentproviders\/flat\/rtl.png"},"tags":[],"seriesId":"75fghGQoskCCsWM-se9w6Q"},{"id":"RC0N3BKvIUCKlK7W1YN39g","type":"Vod","title":"Postcode Loterij E\u00e9n Tegen 50","subtitle":"Afl. 6","description":"RTL4 - E\u00e9n kandidaat moet het opnemen tegen vijftig tegenkandidaten. Tijdens het programma wordt de straatprijs van de Postcode Loterij uitgereikt aan bewoners van een straat in Nederland.","formattedEpisodeNumbering":null,"formattedDate":"Zo 5 jun.","formattedDateShort":"Zo 5 jun.","formattedTime":"20:10","formattedDuration":"1u 2m","formattedAvailabilityWindow":null,"formattedAvailabilityWindowShort":null,"image":{"portraitUrl":null,"landscapeUrl":"https:\/\/images.nlziet.nl\/metadataimportimages\/source\/8A5AC0512EE1A0DDB85B01A740D4F14BE174F7287644EA7301F83A682EB36D95.jpg"},"logo":{"normalUrl":"https:\/\/cdn.nlziet.nl\/static\/assets\/contentproviders\/rtl.png","darkUrl":"https:\/\/cdn.nlziet.nl\/static\/assets\/contentproviders\/dark\/rtl.png","flatUrl":"https:\/\/cdn.nlziet.nl\/static\/assets\/contentproviders\/flat\/rtl.png"},"tags":[],"seriesId":"75fghGQoskCCsWM-se9w6Q"},{"id":"cXabB7tE1UGQ0WG6Au9xWQ","type":"Vod","title":"Postcode Loterij E\u00e9n Tegen 50","subtitle":"Afl. 5","description":"RTL4 - E\u00e9n kandidaat moet het opnemen tegen vijftig tegenkandidaten. Tijdens het programma wordt de straatprijs van de Postcode Loterij uitgereikt aan bewoners van een straat in Nederland.","formattedEpisodeNumbering":null,"formattedDate":"Zo 29 mei.","formattedDateShort":"Zo 29 mei.","formattedTime":"20:10","formattedDuration":"1u 1m","formattedAvailabilityWindow":null,"formattedAvailabilityWindowShort":null,"image":{"portraitUrl":null,"landscapeUrl":"https:\/\/images.nlziet.nl\/metadataimportimages\/source\/0335801464AF7CBA4823D1BF7C468C2B2F5539A119F5E5F8A0DD81D2A4953033.jpg"},"logo":{"normalUrl":"https:\/\/cdn.nlziet.nl\/static\/assets\/contentproviders\/rtl.png","darkUrl":"https:\/\/cdn.nlziet.nl\/static\/assets\/contentproviders\/dark\/rtl.png","flatUrl":"https:\/\/cdn.nlziet.nl\/static\/assets\/contentproviders\/flat\/rtl.png"},"tags":[],"seriesId":"75fghGQoskCCsWM-se9w6Q"},{"id":"EzuM4wRNpk249HPBJEMWJg","type":"Vod","title":"Postcode Loterij E\u00e9n Tegen 50","subtitle":"Afl. 4","description":"RTL4 - E\u00e9n kandidaat moet het opnemen tegen vijftig tegenkandidaten. Tijdens het programma wordt de straatprijs van de Postcode Loterij uitgereikt aan bewoners van een straat in Nederland.","formattedEpisodeNumbering":null,"formattedDate":"Zo 22 mei.","formattedDateShort":"Zo 22 mei.","formattedTime":"20:10","formattedDuration":"1u 1m","formattedAvailabilityWindow":null,"formattedAvailabilityWindowShort":null,"image":{"portraitUrl":null,"landscapeUrl":"https:\/\/images.nlziet.nl\/metadataimportimages\/source\/FD29700BB5727AFA0BDD6906C1DDC1DDC348D9D295BC440E80C77F630DB997D0.jpg"},"logo":{"normalUrl":"https:\/\/cdn.nlziet.nl\/static\/assets\/contentproviders\/rtl.png","darkUrl":"https:\/\/cdn.nlziet.nl\/static\/assets\/contentproviders\/dark\/rtl.png","flatUrl":"https:\/\/cdn.nlziet.nl\/static\/assets\/contentproviders\/flat\/rtl.png"},"tags":[],"seriesId":"75fghGQoskCCsWM-se9w6Q"},{"id":"DJRzQIfliUGpU4lkwj2cIA","type":"Vod","title":"Postcode Loterij E\u00e9n Tegen 50","subtitle":"Afl. 3","description":"RTL4 - E\u00e9n kandidaat moet het opnemen tegen vijftig tegenkandidaten. Tijdens het programma wordt de straatprijs van de Postcode Loterij uitgereikt aan bewoners van een straat in Nederland.","formattedEpisodeNumbering":null,"formattedDate":"Zo 15 mei.","formattedDateShort":"Zo 15 mei.","formattedTime":"20:10","formattedDuration":"1u 0m","formattedAvailabilityWindow":null,"formattedAvailabilityWindowShort":null,"image":{"portraitUrl":null,"landscapeUrl":"https:\/\/images.nlziet.nl\/metadataimportimages\/source\/79CA4DECC2D8DB8C30493EC5AB711057BFF5D925B8F822681C89DD4D4B8D9433.jpg"},"logo":{"normalUrl":"https:\/\/cdn.nlziet.nl\/static\/assets\/contentproviders\/rtl.png","darkUrl":"https:\/\/cdn.nlziet.nl\/static\/assets\/contentproviders\/dark\/rtl.png","flatUrl":"https:\/\/cdn.nlziet.nl\/static\/assets\/contentproviders\/flat\/rtl.png"},"tags":[],"seriesId":"75fghGQoskCCsWM-se9w6Q"},{"id":"kVQuUvhf8UK8aRSnMv2y7A","type":"Vod","title":"Postcode Loterij E\u00e9n Tegen 50","subtitle":"Afl. 2","description":"RTL4 - E\u00e9n kandidaat moet het opnemen tegen vijftig tegenkandidaten. Tijdens het programma wordt de straatprijs van de Postcode Loterij uitgereikt aan bewoners van een straat in Nederland.","formattedEpisodeNumbering":null,"formattedDate":"Zo 8 mei.","formattedDateShort":"Zo 8 mei.","formattedTime":"20:10","formattedDuration":"58m","formattedAvailabilityWindow":null,"formattedAvailabilityWindowShort":null,"image":{"portraitUrl":null,"landscapeUrl":"https:\/\/images.nlziet.nl\/metadataimportimages\/source\/D193E7171F2E407C6325E52AB73FBA97B4FDBBFD1CBE5BFB139DFB745DBC2666.jpg"},"logo":{"normalUrl":"https:\/\/cdn.nlziet.nl\/static\/assets\/contentproviders\/rtl.png","darkUrl":"https:\/\/cdn.nlziet.nl\/static\/assets\/contentproviders\/dark\/rtl.png","flatUrl":"https:\/\/cdn.nlziet.nl\/static\/assets\/contentproviders\/flat\/rtl.png"},"tags":[],"seriesId":"75fghGQoskCCsWM-se9w6Q"},{"id":"vcxDEISyvEOPH0-IeXVorw","type":"Vod","title":"Postcode Loterij E\u00e9n Tegen 50","subtitle":"Afl. 1","description":"RTL4 - E\u00e9n kandidaat moet het opnemen tegen vijftig tegenkandidaten. Tijdens het programma wordt de straatprijs van de Postcode Loterij uitgereikt aan bewoners van een straat in Nederland.","formattedEpisodeNumbering":null,"formattedDate":"Zo 1 mei.","formattedDateShort":"Zo 1 mei.","formattedTime":"20:10","formattedDuration":"1u 5m","formattedAvailabilityWindow":null,"formattedAvailabilityWindowShort":null,"image":{"portraitUrl":null,"landscapeUrl":"https:\/\/images.nlziet.nl\/metadataimportimages\/source\/C5C36114483B2D62EE007FC5BF5F253BA719C99DF7D13D4B3316B6BF322D23E0.jpg"},"logo":{"normalUrl":"https:\/\/cdn.nlziet.nl\/static\/assets\/contentproviders\/rtl.png","darkUrl":"https:\/\/cdn.nlziet.nl\/static\/assets\/contentproviders\/dark\/rtl.png","flatUrl":"https:\/\/cdn.nlziet.nl\/static\/assets\/contentproviders\/flat\/rtl.png"},"tags":[],"seriesId":"75fghGQoskCCsWM-se9w6Q"}]