[{"id":"_ft5FBmOfkCY99NXACyEig","type":"Vod","title":"NOS WK-kwalificatie Voetbal (v) Tsjechi\u00eb - Nederland","subtitle":"NOS WK-kwalificatie Voetbal (v) Tsjechi\u00eb - Nederland","description":"NOS - Voorbeschouwing op een WK-kwalificatiewedstrijd.","formattedEpisodeNumbering":null,"formattedDate":"Vr 26 nov. 2021","formattedDateShort":"Nov. 2021","formattedTime":"20:20","formattedDuration":"12m","formattedAvailabilityWindow":null,"formattedAvailabilityWindowShort":null,"image":{"portraitUrl":null,"landscapeUrl":"https:\/\/images.nlziet.nl\/metadataimportimages\/source\/5E6B9559CAEBFCB21C7058B5EC81C7C4A9E55936716697E653A516ABE8335EE8.jpg"},"logo":{"normalUrl":"https:\/\/cdn.nlziet.nl\/static\/assets\/contentproviders\/npo.png","darkUrl":"https:\/\/cdn.nlziet.nl\/static\/assets\/contentproviders\/dark\/npo.png","flatUrl":"https:\/\/cdn.nlziet.nl\/static\/assets\/contentproviders\/flat\/npo.png"},"tags":[],"seriesId":"5Ys7Jwg3_EKAiS07ctyJhw"},{"id":"UNG8pokfTUyMGxbcjCkewg","type":"Vod","title":"NOS WK-kwalificatie Voetbal (v) Wit-Rusland - Nederland wedstrijdanalyse","subtitle":"NOS WK-kwalificatie Voetbal (v) Wit-Rusland - Nederland wedstrijdanalyse","description":"NOS - Analyse van de wedstrijd Wit-Rusland - Nederland.","formattedEpisodeNumbering":null,"formattedDate":"Di 26 okt. 2021","formattedDateShort":"Okt. 2021","formattedTime":"20:53","formattedDuration":"3m","formattedAvailabilityWindow":null,"formattedAvailabilityWindowShort":null,"image":{"portraitUrl":null,"landscapeUrl":"https:\/\/images.nlziet.nl\/metadataimportimages\/source\/74C57AA0274DE249F6D447A742D6480FD177AA4CE662F3F858C86AEC5B64F294.jpg"},"logo":{"normalUrl":"https:\/\/cdn.nlziet.nl\/static\/assets\/contentproviders\/npo.png","darkUrl":"https:\/\/cdn.nlziet.nl\/static\/assets\/contentproviders\/dark\/npo.png","flatUrl":"https:\/\/cdn.nlziet.nl\/static\/assets\/contentproviders\/flat\/npo.png"},"tags":[],"seriesId":"5Ys7Jwg3_EKAiS07ctyJhw"},{"id":"kBwevNq2gUqUL9s0AkKv0g","type":"Vod","title":"NOS WK-kwalificatie Voetbal (v) Cyprus - Nederland wedstrijdanalyse","subtitle":"NOS WK-kwalificatie Voetbal (v) Cyprus - Nederland wedstrijdanalyse","description":"NOS - Wedstrijdanalyse van de WK-kwalificatiewedstrijd Cyprus - Nederland (vrouwen).","formattedEpisodeNumbering":null,"formattedDate":"Vr 22 okt. 2021","formattedDateShort":"Okt. 2021","formattedTime":"21:36","formattedDuration":"2m","formattedAvailabilityWindow":null,"formattedAvailabilityWindowShort":null,"image":{"portraitUrl":null,"landscapeUrl":"https:\/\/images.nlziet.nl\/metadataimportimages\/source\/9D7FA29ADFBE9137F08D15C17B761C8DCCB8303FE999AB67FCF8D72078C12FE6.jpg"},"logo":{"normalUrl":"https:\/\/cdn.nlziet.nl\/static\/assets\/contentproviders\/npo.png","darkUrl":"https:\/\/cdn.nlziet.nl\/static\/assets\/contentproviders\/dark\/npo.png","flatUrl":"https:\/\/cdn.nlziet.nl\/static\/assets\/contentproviders\/flat\/npo.png"},"tags":[],"seriesId":"5Ys7Jwg3_EKAiS07ctyJhw"},{"id":"sjpFLPdvg0q8Dqw14Kxkmg","type":"Vod","title":"NOS WK-kwalificatie Voetbal (v) IJsland - Nederland wedstrijdanalyse","subtitle":"NOS WK-kwalificatie Voetbal (v) IJsland - Nederland wedstrijdanalyse","description":"NOS - Wedstrijdanalyse van de WK-kwalificatiewedstrijd IJsland - Nederland (vrouwen).","formattedEpisodeNumbering":null,"formattedDate":"Di 21 sep. 2021","formattedDateShort":"Sep. 2021","formattedTime":"21:38","formattedDuration":"3m","formattedAvailabilityWindow":null,"formattedAvailabilityWindowShort":null,"image":{"portraitUrl":null,"landscapeUrl":"https:\/\/images.nlziet.nl\/metadataimportimages\/source\/1B1AD0A513DDFB239DE9EAD8477DB6137064D95B792AB367E9172374A2BA969E.jpg"},"logo":{"normalUrl":"https:\/\/cdn.nlziet.nl\/static\/assets\/contentproviders\/npo.png","darkUrl":"https:\/\/cdn.nlziet.nl\/static\/assets\/contentproviders\/dark\/npo.png","flatUrl":"https:\/\/cdn.nlziet.nl\/static\/assets\/contentproviders\/flat\/npo.png"},"tags":[],"seriesId":"5Ys7Jwg3_EKAiS07ctyJhw"},{"id":"gT5mNmp750qpAWwN1wAMpA","type":"Vod","title":"NOS WK-kwalificatie Voetbal (v) wedstrijdanalyse","subtitle":"NOS WK-kwalificatie Voetbal (v) Nederland - Tsjechi\u00eb wedstrijdanalyse","description":"NOS - Wedstrijdanalyse van de WK-kwalificatiewedstrijd vrouwen: Nederland - Tsjechi\u00eb.","formattedEpisodeNumbering":null,"formattedDate":"Vr 17 sep. 2021","formattedDateShort":"Sep. 2021","formattedTime":"21:35","formattedDuration":"3m","formattedAvailabilityWindow":null,"formattedAvailabilityWindowShort":null,"image":{"portraitUrl":null,"landscapeUrl":"https:\/\/images.nlziet.nl\/metadataimportimages\/source\/B7E23F910CD81A079A625DC155956DFBFB7459A441338DF771EBF6C680E469C4.jpg"},"logo":{"normalUrl":"https:\/\/cdn.nlziet.nl\/static\/assets\/contentproviders\/npo.png","darkUrl":"https:\/\/cdn.nlziet.nl\/static\/assets\/contentproviders\/dark\/npo.png","flatUrl":"https:\/\/cdn.nlziet.nl\/static\/assets\/contentproviders\/flat\/npo.png"},"tags":[],"seriesId":"5Ys7Jwg3_EKAiS07ctyJhw"}]