[{"id":"E4tytamwc0WPBweG9B0UAA","type":"Vod","title":"Zappsport","subtitle":"Zappsport","description":"AVROTROS - Kindersportprogramma waarin alle takken van sport voorbijkomen. In het onderdeel The Battle strijden de jongens tegen de meiden in een bepaalde sport. Ron staat in dit onderdeel tegenover de bloedfanatieke 'teamcaptain' Naomi van As. Kinderen met een sportprobleem krijgen hulp van een beroemde topsporter in de Hellup, de vetste trucs worden uitgelegd in The Move en er zijn regelmatig specials te zien rondom grote sporttoernooien.","formattedEpisodeNumbering":null,"formattedDate":"Zo 20 dec. 2015","formattedDateShort":"Dec. 2015","formattedTime":"08:40","formattedDuration":"15m","formattedAvailabilityWindow":null,"formattedAvailabilityWindowShort":null,"image":{"portraitUrl":null,"landscapeUrl":"https:\/\/images.nlziet.nl\/metadataimportimages\/source\/4DCC6900C2369CE600D240BECF182E65E7A6ED8CE348E0E1AD08AD8C1951E1DF.jpg"},"logo":{"normalUrl":"https:\/\/cdn.nlziet.nl\/static\/assets\/contentproviders\/npo.png","darkUrl":"https:\/\/cdn.nlziet.nl\/static\/assets\/contentproviders\/dark\/npo.png","flatUrl":"https:\/\/cdn.nlziet.nl\/static\/assets\/contentproviders\/flat\/npo.png"},"tags":[],"seriesId":"7QrOqPrilEGeM3pgWB1w1A"},{"id":"qVz7LTwE9ESe3DEIGbf-kg","type":"Vod","title":"Zappsport","subtitle":"Zappsport","description":"AVROTROS - Kindersportprogramma waarin alle takken van sport voorbijkomen. In het wekelijkse onderdeel The Battle strijden de jongens tegen de meiden in een bepaalde sport. Ron staat in dit onderdeel tegenover de bloedfanatieke 'teamcaptain' Naomi van As. Kinderen met een sportprobleem krijgen hulp van een beroemde topsporter in de Hellup, de vetste trucs worden uitgelegd in The Move en er zijn regelmatig specials te zien rondom grote sporttoernooien.","formattedEpisodeNumbering":null,"formattedDate":"Za 19 dec. 2015","formattedDateShort":"Dec. 2015","formattedTime":"08:55","formattedDuration":"17m","formattedAvailabilityWindow":null,"formattedAvailabilityWindowShort":null,"image":{"portraitUrl":null,"landscapeUrl":"https:\/\/images.nlziet.nl\/metadataimportimages\/source\/380F9712595E6298EC9AEEE89A148607FA3CA44FDCC7F72A4498864AE38C15BC.jpg"},"logo":{"normalUrl":"https:\/\/cdn.nlziet.nl\/static\/assets\/contentproviders\/npo.png","darkUrl":"https:\/\/cdn.nlziet.nl\/static\/assets\/contentproviders\/dark\/npo.png","flatUrl":"https:\/\/cdn.nlziet.nl\/static\/assets\/contentproviders\/flat\/npo.png"},"tags":[],"seriesId":"7QrOqPrilEGeM3pgWB1w1A"},{"id":"838AwGIUPkOhd1cAiwi1oA","type":"Vod","title":"Zappsport","subtitle":"Zappsport","description":"AVROTROS - Kindersportprogramma waarin alle takken van sport voorbijkomen. In het onderdeel The Battle strijden de jongens tegen de meiden in een bepaalde sport. Ron staat in dit onderdeel tegenover de bloedfanatieke 'teamcaptain' Naomi van As. Kinderen met een sportprobleem krijgen hulp van een beroemde topsporter in de Hellup, de vetste trucs worden uitgelegd in The Move en er zijn regelmatig specials te zien rondom grote sporttoernooien.","formattedEpisodeNumbering":null,"formattedDate":"Zo 13 dec. 2015","formattedDateShort":"Dec. 2015","formattedTime":"08:35","formattedDuration":"16m","formattedAvailabilityWindow":null,"formattedAvailabilityWindowShort":null,"image":{"portraitUrl":null,"landscapeUrl":"https:\/\/images.nlziet.nl\/metadataimportimages\/source\/43917C67CDBFF93CED8130A4D2997C84BD1A3EEE733E99104D41F6FAA31AEFE3.jpg"},"logo":{"normalUrl":"https:\/\/cdn.nlziet.nl\/static\/assets\/contentproviders\/npo.png","darkUrl":"https:\/\/cdn.nlziet.nl\/static\/assets\/contentproviders\/dark\/npo.png","flatUrl":"https:\/\/cdn.nlziet.nl\/static\/assets\/contentproviders\/flat\/npo.png"},"tags":[],"seriesId":"7QrOqPrilEGeM3pgWB1w1A"},{"id":"XGvZFIy_ykm_fKd2riTFrA","type":"Vod","title":"Zappsport","subtitle":"Zappsport","description":"AVROTROS - Kindersportprogramma waarin alle takken van sport voorbijkomen. In het onderdeel The Battle strijden de jongens tegen de meiden in een bepaalde sport. Ron staat in dit onderdeel tegenover de bloedfanatieke 'teamcaptain' Naomi van As. Kinderen met een sportprobleem krijgen hulp van een beroemde topsporter in de Hellup, de vetste trucs worden uitgelegd in The Move en er zijn regelmatig specials te zien rondom grote sporttoernooien.","formattedEpisodeNumbering":null,"formattedDate":"Za 12 dec. 2015","formattedDateShort":"Dec. 2015","formattedTime":"08:55","formattedDuration":"16m","formattedAvailabilityWindow":null,"formattedAvailabilityWindowShort":null,"image":{"portraitUrl":null,"landscapeUrl":"https:\/\/images.nlziet.nl\/metadataimportimages\/source\/D7EC0E40684D421D0F4829ADC116B392810B6BCC239F9E5A05C29EE07718D331.jpg"},"logo":{"normalUrl":"https:\/\/cdn.nlziet.nl\/static\/assets\/contentproviders\/npo.png","darkUrl":"https:\/\/cdn.nlziet.nl\/static\/assets\/contentproviders\/dark\/npo.png","flatUrl":"https:\/\/cdn.nlziet.nl\/static\/assets\/contentproviders\/flat\/npo.png"},"tags":[],"seriesId":"7QrOqPrilEGeM3pgWB1w1A"},{"id":"dHUJg03L4E-xSaGxzMSE7Q","type":"Vod","title":"Zappsport","subtitle":"Zappsport","description":"AVROTROS - Kindersportprogramma waarin alle takken van sport voorbijkomen. In het onderdeel The Battle strijden de jongens tegen de meiden in een bepaalde sport. Ron staat in dit onderdeel tegenover de bloedfanatieke 'teamcaptain' Naomi van As. Kinderen met een sportprobleem krijgen hulp van een beroemde topsporter in de Hellup, de vetste trucs worden uitgelegd in The Move en er zijn regelmatig specials te zien rondom grote sporttoernooien.","formattedEpisodeNumbering":null,"formattedDate":"Zo 6 dec. 2015","formattedDateShort":"Dec. 2015","formattedTime":"08:40","formattedDuration":"16m","formattedAvailabilityWindow":null,"formattedAvailabilityWindowShort":null,"image":{"portraitUrl":null,"landscapeUrl":"https:\/\/images.nlziet.nl\/metadataimportimages\/source\/0D399AC5E12B8A382CFEC2F17AEF70FE45BEE2C7DD6974260F826BDB2F0C27CD.jpg"},"logo":{"normalUrl":"https:\/\/cdn.nlziet.nl\/static\/assets\/contentproviders\/npo.png","darkUrl":"https:\/\/cdn.nlziet.nl\/static\/assets\/contentproviders\/dark\/npo.png","flatUrl":"https:\/\/cdn.nlziet.nl\/static\/assets\/contentproviders\/flat\/npo.png"},"tags":[],"seriesId":"7QrOqPrilEGeM3pgWB1w1A"},{"id":"XJY2eXb_BUyHPeSc1meoRw","type":"Vod","title":"Zappsport","subtitle":"Zappsport","description":"AVROTROS - Kindersportprogramma waarin alle takken van sport voorbijkomen. In het onderdeel The Battle strijden de jongens tegen de meiden in een bepaalde sport. Ron staat in dit onderdeel tegenover de bloedfanatieke 'teamcaptain' Naomi van As. Kinderen met een sportprobleem krijgen hulp van een beroemde topsporter in de Hellup, de vetste trucs worden uitgelegd in The Move en er zijn regelmatig specials te zien rondom grote sporttoernooien.","formattedEpisodeNumbering":null,"formattedDate":"Zo 29 nov. 2015","formattedDateShort":"Nov. 2015","formattedTime":"08:40","formattedDuration":"16m","formattedAvailabilityWindow":null,"formattedAvailabilityWindowShort":null,"image":{"portraitUrl":null,"landscapeUrl":"https:\/\/images.nlziet.nl\/metadataimportimages\/source\/EDAA6B26DC31FE3EFE004D93D662FA1CE62D5E1F42DD64C7C1368094D951BA33.jpg"},"logo":{"normalUrl":"https:\/\/cdn.nlziet.nl\/static\/assets\/contentproviders\/npo.png","darkUrl":"https:\/\/cdn.nlziet.nl\/static\/assets\/contentproviders\/dark\/npo.png","flatUrl":"https:\/\/cdn.nlziet.nl\/static\/assets\/contentproviders\/flat\/npo.png"},"tags":[],"seriesId":"7QrOqPrilEGeM3pgWB1w1A"},{"id":"N8PqfJgGPkqnOBcV_uyWrQ","type":"Vod","title":"Zappsport","subtitle":"Zappsport","description":"AVROTROS - Kindersportprogramma waarin alle takken van sport voorbijkomen. In het onderdeel The Battle strijden de jongens tegen de meiden in een bepaalde sport. Ron staat in dit onderdeel tegenover de bloedfanatieke 'teamcaptain' Naomi van As. Kinderen met een sportprobleem krijgen hulp van een beroemde topsporter in de Hellup, de vetste trucs worden uitgelegd in The Move en er zijn regelmatig specials te zien rondom grote sporttoernooien.","formattedEpisodeNumbering":null,"formattedDate":"Za 28 nov. 2015","formattedDateShort":"Nov. 2015","formattedTime":"08:55","formattedDuration":"15m","formattedAvailabilityWindow":null,"formattedAvailabilityWindowShort":null,"image":{"portraitUrl":null,"landscapeUrl":"https:\/\/images.nlziet.nl\/metadataimportimages\/source\/F8FDB704E60DDC36478B8508E9E64EF78FDE7B4D95717322278C1B4B8721D0DC.jpg"},"logo":{"normalUrl":"https:\/\/cdn.nlziet.nl\/static\/assets\/contentproviders\/npo.png","darkUrl":"https:\/\/cdn.nlziet.nl\/static\/assets\/contentproviders\/dark\/npo.png","flatUrl":"https:\/\/cdn.nlziet.nl\/static\/assets\/contentproviders\/flat\/npo.png"},"tags":[],"seriesId":"7QrOqPrilEGeM3pgWB1w1A"},{"id":"E_7oebfWQ0a8RJGlLK6d1Q","type":"Vod","title":"Zappsport","subtitle":"Zappsport","description":"AVROTROS - Kindersportprogramma waarin alle takken van sport voorbijkomen. In het onderdeel The Battle strijden de jongens tegen de meiden in een bepaalde sport. Ron staat in dit onderdeel tegenover de bloedfanatieke 'teamcaptain' Naomi van As. Kinderen met een sportprobleem krijgen hulp van een beroemde topsporter in de Hellup, de vetste trucs worden uitgelegd in The Move en er zijn regelmatig specials te zien rondom grote sporttoernooien.","formattedEpisodeNumbering":null,"formattedDate":"Zo 22 nov. 2015","formattedDateShort":"Nov. 2015","formattedTime":"08:40","formattedDuration":"16m","formattedAvailabilityWindow":null,"formattedAvailabilityWindowShort":null,"image":{"portraitUrl":null,"landscapeUrl":"https:\/\/images.nlziet.nl\/metadataimportimages\/source\/F504483A090BB74831E3C082BF8929F6551B72DB51F003AB410D80166E54A4CB.jpg"},"logo":{"normalUrl":"https:\/\/cdn.nlziet.nl\/static\/assets\/contentproviders\/npo.png","darkUrl":"https:\/\/cdn.nlziet.nl\/static\/assets\/contentproviders\/dark\/npo.png","flatUrl":"https:\/\/cdn.nlziet.nl\/static\/assets\/contentproviders\/flat\/npo.png"},"tags":[],"seriesId":"7QrOqPrilEGeM3pgWB1w1A"},{"id":"WkMUflv7-EeD0R3s8m7CRQ","type":"Vod","title":"Zappsport","subtitle":"Zappsport","description":"AVROTROS - Kindersportprogramma waarin alle takken van sport voorbijkomen. In het onderdeel The Battle strijden de jongens tegen de meiden in een bepaalde sport. Ron staat in dit onderdeel tegenover de bloedfanatieke 'teamcaptain' Naomi van As. Kinderen met een sportprobleem krijgen hulp van een beroemde topsporter in de Hellup, de vetste trucs worden uitgelegd in The Move en er zijn regelmatig specials te zien rondom grote sporttoernooien.","formattedEpisodeNumbering":null,"formattedDate":"Za 21 nov. 2015","formattedDateShort":"Nov. 2015","formattedTime":"08:55","formattedDuration":"16m","formattedAvailabilityWindow":null,"formattedAvailabilityWindowShort":null,"image":{"portraitUrl":null,"landscapeUrl":"https:\/\/images.nlziet.nl\/metadataimportimages\/source\/6D43030DFECCFE140A80ECFFDB3FBE92D2D74A9CD0CC098F23ED59604003D5E7.jpg"},"logo":{"normalUrl":"https:\/\/cdn.nlziet.nl\/static\/assets\/contentproviders\/npo.png","darkUrl":"https:\/\/cdn.nlziet.nl\/static\/assets\/contentproviders\/dark\/npo.png","flatUrl":"https:\/\/cdn.nlziet.nl\/static\/assets\/contentproviders\/flat\/npo.png"},"tags":[],"seriesId":"7QrOqPrilEGeM3pgWB1w1A"},{"id":"MwaF4N5GW0iG8ZbXXEJU0w","type":"Vod","title":"Zappsport","subtitle":"Zappsport","description":"AVROTROS - In deze uitzending onder andere een Hellup met Anky van Grunsven en Grabbelen met Bruno Martins Indie en Stefan de Vrij.","formattedEpisodeNumbering":null,"formattedDate":"Zo 15 nov. 2015","formattedDateShort":"Nov. 2015","formattedTime":"08:40","formattedDuration":"16m","formattedAvailabilityWindow":null,"formattedAvailabilityWindowShort":null,"image":{"portraitUrl":null,"landscapeUrl":"https:\/\/images.nlziet.nl\/metadataimportimages\/source\/9AD3BFBE863BAF64FECABF148F0243F596C66B54E9A05D52B4AFF066C4ED40D0.jpg"},"logo":{"normalUrl":"https:\/\/cdn.nlziet.nl\/static\/assets\/contentproviders\/npo.png","darkUrl":"https:\/\/cdn.nlziet.nl\/static\/assets\/contentproviders\/dark\/npo.png","flatUrl":"https:\/\/cdn.nlziet.nl\/static\/assets\/contentproviders\/flat\/npo.png"},"tags":[],"seriesId":"7QrOqPrilEGeM3pgWB1w1A"},{"id":"ivKKhI0vmUia9uf7_gvPrw","type":"Vod","title":"Zappsport","subtitle":"Zappsport","description":"AVROTROS - In deze aflevering de Battle skaten. Winnen de jongens of de meiden?","formattedEpisodeNumbering":null,"formattedDate":"Za 14 nov. 2015","formattedDateShort":"Nov. 2015","formattedTime":"08:55","formattedDuration":"16m","formattedAvailabilityWindow":null,"formattedAvailabilityWindowShort":null,"image":{"portraitUrl":null,"landscapeUrl":"https:\/\/images.nlziet.nl\/metadataimportimages\/source\/9589225C3197FFAC4799426E166F1833D15CAB48F14C0AC046B158E6901F4ADD.jpg"},"logo":{"normalUrl":"https:\/\/cdn.nlziet.nl\/static\/assets\/contentproviders\/npo.png","darkUrl":"https:\/\/cdn.nlziet.nl\/static\/assets\/contentproviders\/dark\/npo.png","flatUrl":"https:\/\/cdn.nlziet.nl\/static\/assets\/contentproviders\/flat\/npo.png"},"tags":[],"seriesId":"7QrOqPrilEGeM3pgWB1w1A"},{"id":"uT_7p1MjE02q9BUPN7QpjA","type":"Vod","title":"Zappsport","subtitle":"Zappsport","description":"AVROTROS - In deze aflevering: o.a. een Hellup basketbal met Worthy de Jong en Zappsport is bij het NK skateboarden.","formattedEpisodeNumbering":null,"formattedDate":"Zo 8 nov. 2015","formattedDateShort":"Nov. 2015","formattedTime":"08:40","formattedDuration":"15m","formattedAvailabilityWindow":null,"formattedAvailabilityWindowShort":null,"image":{"portraitUrl":null,"landscapeUrl":"https:\/\/images.nlziet.nl\/metadataimportimages\/source\/850EFFE131131142CA20CC6842EDF7E0DEEC1E8181F12230081E236C7E8D04AF.jpg"},"logo":{"normalUrl":"https:\/\/cdn.nlziet.nl\/static\/assets\/contentproviders\/npo.png","darkUrl":"https:\/\/cdn.nlziet.nl\/static\/assets\/contentproviders\/dark\/npo.png","flatUrl":"https:\/\/cdn.nlziet.nl\/static\/assets\/contentproviders\/flat\/npo.png"},"tags":[],"seriesId":"7QrOqPrilEGeM3pgWB1w1A"},{"id":"Dsc52q9sXEqGxNVizmrx8w","type":"Vod","title":"Zappsport","subtitle":"Zappsport","description":"AVROTROS - Tijd voor de Battle tennis vandaag. Wie gaan er winnen?","formattedEpisodeNumbering":null,"formattedDate":"Za 7 nov. 2015","formattedDateShort":"Nov. 2015","formattedTime":"08:55","formattedDuration":"16m","formattedAvailabilityWindow":null,"formattedAvailabilityWindowShort":null,"image":{"portraitUrl":null,"landscapeUrl":"https:\/\/images.nlziet.nl\/metadataimportimages\/source\/7454117CAE5A73901D49E17F969564BF8155B5D94D8D7E4E0F9B8616B28566EB.jpg"},"logo":{"normalUrl":"https:\/\/cdn.nlziet.nl\/static\/assets\/contentproviders\/npo.png","darkUrl":"https:\/\/cdn.nlziet.nl\/static\/assets\/contentproviders\/dark\/npo.png","flatUrl":"https:\/\/cdn.nlziet.nl\/static\/assets\/contentproviders\/flat\/npo.png"},"tags":[],"seriesId":"7QrOqPrilEGeM3pgWB1w1A"},{"id":"Dl9JLcmZHU-S62IEMPC7yQ","type":"Vod","title":"Zappsport","subtitle":"Zappsport","description":"AVROTROS - In deze uitzending o.a. een Hellup met het Nederlands damesteam waterpolo en de laatste aflevering van de serie rond een zomerkamp in Zweden.","formattedEpisodeNumbering":null,"formattedDate":"Zo 1 nov. 2015","formattedDateShort":"Nov. 2015","formattedTime":"08:40","formattedDuration":"15m","formattedAvailabilityWindow":null,"formattedAvailabilityWindowShort":null,"image":{"portraitUrl":null,"landscapeUrl":"https:\/\/images.nlziet.nl\/metadataimportimages\/source\/678D1C08778CF8FFB1AE34A145557050CE029E53843DAF1A5C2C918917F2F5C2.jpg"},"logo":{"normalUrl":"https:\/\/cdn.nlziet.nl\/static\/assets\/contentproviders\/npo.png","darkUrl":"https:\/\/cdn.nlziet.nl\/static\/assets\/contentproviders\/dark\/npo.png","flatUrl":"https:\/\/cdn.nlziet.nl\/static\/assets\/contentproviders\/flat\/npo.png"},"tags":[],"seriesId":"7QrOqPrilEGeM3pgWB1w1A"},{"id":"VsyomPCMxUO-TtLg3VUnhQ","type":"Vod","title":"Zappsport","subtitle":"Zappsport","description":"AVROTROS - In deze aflevering de Battle boogschieten. Winnen de jongens of de meisjes?","formattedEpisodeNumbering":null,"formattedDate":"Za 31 okt. 2015","formattedDateShort":"Okt. 2015","formattedTime":"08:55","formattedDuration":"16m","formattedAvailabilityWindow":null,"formattedAvailabilityWindowShort":null,"image":{"portraitUrl":null,"landscapeUrl":"https:\/\/images.nlziet.nl\/metadataimportimages\/source\/52DF7D8B06661F500B85A1E45EE5AAB7C180995EA249D14FE8964D9E16C9683E.jpg"},"logo":{"normalUrl":"https:\/\/cdn.nlziet.nl\/static\/assets\/contentproviders\/npo.png","darkUrl":"https:\/\/cdn.nlziet.nl\/static\/assets\/contentproviders\/dark\/npo.png","flatUrl":"https:\/\/cdn.nlziet.nl\/static\/assets\/contentproviders\/flat\/npo.png"},"tags":[],"seriesId":"7QrOqPrilEGeM3pgWB1w1A"},{"id":"Tpv3SK3L40GdIcPeehyDiA","type":"Vod","title":"Zappsport","subtitle":"Zappsport","description":"AVROTROS - In deze aflevering een Hellup Taekwondo met Aylin Akdeniz en de uitreiking van de Latjetrap-schaal van afgelopen seizoen. Welke club staat bovenaan in de eindlijst?","formattedEpisodeNumbering":null,"formattedDate":"Zo 25 okt. 2015","formattedDateShort":"Okt. 2015","formattedTime":"08:35","formattedDuration":"16m","formattedAvailabilityWindow":null,"formattedAvailabilityWindowShort":null,"image":{"portraitUrl":null,"landscapeUrl":"https:\/\/images.nlziet.nl\/metadataimportimages\/source\/F84B582F67E1AABE0DB624B5FEC54D1C982D43EB77F82F583F1A3349FCFAA1B2.jpg"},"logo":{"normalUrl":"https:\/\/cdn.nlziet.nl\/static\/assets\/contentproviders\/npo.png","darkUrl":"https:\/\/cdn.nlziet.nl\/static\/assets\/contentproviders\/dark\/npo.png","flatUrl":"https:\/\/cdn.nlziet.nl\/static\/assets\/contentproviders\/flat\/npo.png"},"tags":[],"seriesId":"7QrOqPrilEGeM3pgWB1w1A"},{"id":"qxxrRBV0-EeXCpZx_UbhQg","type":"Vod","title":"Zappsport","subtitle":"Zappsport","description":"AVROTROS - The Battle: paardrijden","formattedEpisodeNumbering":null,"formattedDate":"Za 24 okt. 2015","formattedDateShort":"Okt. 2015","formattedTime":"08:55","formattedDuration":"16m","formattedAvailabilityWindow":null,"formattedAvailabilityWindowShort":null,"image":{"portraitUrl":null,"landscapeUrl":"https:\/\/images.nlziet.nl\/metadataimportimages\/source\/C54827D82F93AB07D106194B523DC1C482E7C5682DEA8E2A080665948360EEDE.jpg"},"logo":{"normalUrl":"https:\/\/cdn.nlziet.nl\/static\/assets\/contentproviders\/npo.png","darkUrl":"https:\/\/cdn.nlziet.nl\/static\/assets\/contentproviders\/dark\/npo.png","flatUrl":"https:\/\/cdn.nlziet.nl\/static\/assets\/contentproviders\/flat\/npo.png"},"tags":[],"seriesId":"7QrOqPrilEGeM3pgWB1w1A"},{"id":"5_bfUOkKkEG0KjnIFRc_cw","type":"Vod","title":"Zappsport","subtitle":"Zappsport","description":"AVROTROS - In deze uitzending een Hellup hiphop met Vincent van Vianen en Latjetrap met FC Groningen.","formattedEpisodeNumbering":null,"formattedDate":"Zo 18 okt. 2015","formattedDateShort":"Okt. 2015","formattedTime":"08:35","formattedDuration":"16m","formattedAvailabilityWindow":null,"formattedAvailabilityWindowShort":null,"image":{"portraitUrl":null,"landscapeUrl":"https:\/\/images.nlziet.nl\/metadataimportimages\/source\/39BD0AC3E5985551BB7F9A13BC7A2CC274FE42A0C46991DDE4F539D8294481CD.jpg"},"logo":{"normalUrl":"https:\/\/cdn.nlziet.nl\/static\/assets\/contentproviders\/npo.png","darkUrl":"https:\/\/cdn.nlziet.nl\/static\/assets\/contentproviders\/dark\/npo.png","flatUrl":"https:\/\/cdn.nlziet.nl\/static\/assets\/contentproviders\/flat\/npo.png"},"tags":[],"seriesId":"7QrOqPrilEGeM3pgWB1w1A"},{"id":"Kx7AfE9_E0WIlvgTRrqD3g","type":"Vod","title":"Zappsport","subtitle":"Zappsport","description":"AVROTROS - In deze aflevering de Battle baanwielrennen. Wie gaat er winnen?","formattedEpisodeNumbering":null,"formattedDate":"Za 17 okt. 2015","formattedDateShort":"Okt. 2015","formattedTime":"08:55","formattedDuration":"15m","formattedAvailabilityWindow":null,"formattedAvailabilityWindowShort":null,"image":{"portraitUrl":null,"landscapeUrl":"https:\/\/images.nlziet.nl\/metadataimportimages\/source\/9A1CDAC050E979AD7CD62FDFC435676EE16B4B4568A9C4AFD3EE18A26ED97156.jpg"},"logo":{"normalUrl":"https:\/\/cdn.nlziet.nl\/static\/assets\/contentproviders\/npo.png","darkUrl":"https:\/\/cdn.nlziet.nl\/static\/assets\/contentproviders\/dark\/npo.png","flatUrl":"https:\/\/cdn.nlziet.nl\/static\/assets\/contentproviders\/flat\/npo.png"},"tags":[],"seriesId":"7QrOqPrilEGeM3pgWB1w1A"},{"id":"iN9M3oBNF0WVFgLohf3M-A","type":"Vod","title":"Zappsport","subtitle":"Zappsport","description":"AVROTROS - Presentator Ron Boszhard en HockeySTER Naomi van As presenteren het leukste kindersportprogramma van de Nederlandse Televisie. In Zappsport komen alle takken van sport voorbij. In het wekelijkse onderdeel 'The Battle' strijden de jongens tegen de meiden in een bepaalde sport. Ron staat in dit onderdeel tegenover de bloedfanatieke 'teamcaptain' Naomi van As. Kinderen met een sportprobleem krijgen hulp van een beroemde topsporter in de 'Hellup', de vetste trucs worden uitgelegd in 'The Move' en zijn er regelmatig specials te zien rondom grote sporttoernooien.","formattedEpisodeNumbering":null,"formattedDate":"Zo 11 okt. 2015","formattedDateShort":"Okt. 2015","formattedTime":"08:40","formattedDuration":"15m","formattedAvailabilityWindow":null,"formattedAvailabilityWindowShort":null,"image":{"portraitUrl":null,"landscapeUrl":"https:\/\/images.nlziet.nl\/metadataimportimages\/source\/726A62C252E295315193D6C82B1662E0F268C2FC1C96B3A0B90E9D1E60123151.jpg"},"logo":{"normalUrl":"https:\/\/cdn.nlziet.nl\/static\/assets\/contentproviders\/npo.png","darkUrl":"https:\/\/cdn.nlziet.nl\/static\/assets\/contentproviders\/dark\/npo.png","flatUrl":"https:\/\/cdn.nlziet.nl\/static\/assets\/contentproviders\/flat\/npo.png"},"tags":[],"seriesId":"7QrOqPrilEGeM3pgWB1w1A"},{"id":"ux56qIzTrUuhVM11sO_4Vg","type":"Vod","title":"Zappsport","subtitle":"Zappsport","description":"AVROTROS - Presentator Ron Boszhard en HockeySTER Naomi van As presenteren het leukste kindersportprogramma van de Nederlandse Televisie. In Zappsport komen alle takken van sport voorbij. In het wekelijkse onderdeel 'The Battle' strijden de jongens tegen de meiden in een bepaalde sport. Ron staat in dit onderdeel tegenover de bloedfanatieke 'teamcaptain' Naomi van As. Kinderen met een sportprobleem krijgen hulp van een beroemde topsporter in de 'Hellup', de vetste trucs worden uitgelegd in 'The Move' en zijn er regelmatig specials te zien rondom grote sporttoernooien.","formattedEpisodeNumbering":null,"formattedDate":"Za 10 okt. 2015","formattedDateShort":"Okt. 2015","formattedTime":"08:57","formattedDuration":"15m","formattedAvailabilityWindow":null,"formattedAvailabilityWindowShort":null,"image":{"portraitUrl":null,"landscapeUrl":"https:\/\/images.nlziet.nl\/metadataimportimages\/source\/420243D325B0783113086B6D5C83DA0F4171C2A1E08BBBC430C8B181703739F6.jpg"},"logo":{"normalUrl":"https:\/\/cdn.nlziet.nl\/static\/assets\/contentproviders\/npo.png","darkUrl":"https:\/\/cdn.nlziet.nl\/static\/assets\/contentproviders\/dark\/npo.png","flatUrl":"https:\/\/cdn.nlziet.nl\/static\/assets\/contentproviders\/flat\/npo.png"},"tags":[],"seriesId":"7QrOqPrilEGeM3pgWB1w1A"},{"id":"I7jpPeCurkOIe7KO-qXwvA","type":"Vod","title":"Zappsport","subtitle":"Zappsport","description":"AVROTROS - Presentator Ron Boszhard en HockeySTER Naomi van As presenteren het leukste kindersportprogramma van de Nederlandse Televisie. In Zappsport komen alle takken van sport voorbij. In het wekelijkse onderdeel 'The Battle' strijden de jongens tegen de meiden in een bepaalde sport. Ron staat in dit onderdeel tegenover de bloedfanatieke 'teamcaptain' Naomi van As. Kinderen met een sportprobleem krijgen hulp van een beroemde topsporter in de 'Hellup', de vetste trucs worden uitgelegd in 'The Move' en zijn er regelmatig specials te zien rondom grote sporttoernooien.","formattedEpisodeNumbering":null,"formattedDate":"Zo 4 okt. 2015","formattedDateShort":"Okt. 2015","formattedTime":"08:40","formattedDuration":"15m","formattedAvailabilityWindow":null,"formattedAvailabilityWindowShort":null,"image":{"portraitUrl":null,"landscapeUrl":"https:\/\/images.nlziet.nl\/metadataimportimages\/source\/4E0537A0A5B8EEBBAE4D3EC820B92F6846E1F5FDC65039E1A3EA5C83806F0982.jpg"},"logo":{"normalUrl":"https:\/\/cdn.nlziet.nl\/static\/assets\/contentproviders\/npo.png","darkUrl":"https:\/\/cdn.nlziet.nl\/static\/assets\/contentproviders\/dark\/npo.png","flatUrl":"https:\/\/cdn.nlziet.nl\/static\/assets\/contentproviders\/flat\/npo.png"},"tags":[],"seriesId":"7QrOqPrilEGeM3pgWB1w1A"},{"id":"g0UH9dwH5U-GC2H9dZhxXw","type":"Vod","title":"Zappsport","subtitle":"Zappsport","description":"AVROTROS - Presentator Ron Boszhard en HockeySTER Naomi van As presenteren het leukste kindersportprogramma van de Nederlandse Televisie. In Zappsport komen alle takken van sport voorbij. In het wekelijkse onderdeel 'The Battle' strijden de jongens tegen de meiden in een bepaalde sport. Ron staat in dit onderdeel tegenover de bloedfanatieke 'teamcaptain' Naomi van As. Kinderen met een sportprobleem krijgen hulp van een beroemde topsporter in de 'Hellup', de vetste trucs worden uitgelegd in 'The Move' en zijn er regelmatig specials te zien rondom grote sporttoernooien.","formattedEpisodeNumbering":null,"formattedDate":"Za 3 okt. 2015","formattedDateShort":"Okt. 2015","formattedTime":"08:55","formattedDuration":"15m","formattedAvailabilityWindow":null,"formattedAvailabilityWindowShort":null,"image":{"portraitUrl":null,"landscapeUrl":"https:\/\/images.nlziet.nl\/metadataimportimages\/source\/1ED857DD57D6FB517738475C36924C78B7B280936229A552E6EC01ED66607CF3.jpg"},"logo":{"normalUrl":"https:\/\/cdn.nlziet.nl\/static\/assets\/contentproviders\/npo.png","darkUrl":"https:\/\/cdn.nlziet.nl\/static\/assets\/contentproviders\/dark\/npo.png","flatUrl":"https:\/\/cdn.nlziet.nl\/static\/assets\/contentproviders\/flat\/npo.png"},"tags":[],"seriesId":"7QrOqPrilEGeM3pgWB1w1A"},{"id":"tw5p74eDPUeB664MjFJcWQ","type":"Vod","title":"Zappsport","subtitle":"Zappsport","description":"AVROTROS - Presentator Ron Boszhard en HockeySTER Naomi van As presenteren het leukste kindersportprogramma van de Nederlandse Televisie. In Zappsport komen alle takken van sport voorbij. In het wekelijkse onderdeel 'The Battle' strijden de jongens tegen de meiden in een bepaalde sport. Ron staat in dit onderdeel tegenover de bloedfanatieke 'teamcaptain' Naomi van As. Kinderen met een sportprobleem krijgen hulp van een beroemde topsporter in de 'Hellup', de vetste trucs worden uitgelegd in 'The Move' en zijn er regelmatig specials te zien rondom grote sporttoernooien.","formattedEpisodeNumbering":null,"formattedDate":"Zo 27 sep. 2015","formattedDateShort":"Sep. 2015","formattedTime":"08:40","formattedDuration":"15m","formattedAvailabilityWindow":null,"formattedAvailabilityWindowShort":null,"image":{"portraitUrl":null,"landscapeUrl":"https:\/\/images.nlziet.nl\/metadataimportimages\/source\/81532FA83B2C9943935F646489B77AB10FEFADD89FCECE5EAD9A06971E7DD77F.jpg"},"logo":{"normalUrl":"https:\/\/cdn.nlziet.nl\/static\/assets\/contentproviders\/npo.png","darkUrl":"https:\/\/cdn.nlziet.nl\/static\/assets\/contentproviders\/dark\/npo.png","flatUrl":"https:\/\/cdn.nlziet.nl\/static\/assets\/contentproviders\/flat\/npo.png"},"tags":[],"seriesId":"7QrOqPrilEGeM3pgWB1w1A"},{"id":"d9rgXPo2Sk6ie-NWeQw2EQ","type":"Vod","title":"Zappsport","subtitle":"Zappsport","description":"AVROTROS - Presentator Ron Boszhard en HockeySTER Naomi van As presenteren het leukste kindersportprogramma van de Nederlandse Televisie. In Zappsport komen alle takken van sport voorbij. In het wekelijkse onderdeel 'The Battle' strijden de jongens tegen de meiden in een bepaalde sport. Ron staat in dit onderdeel tegenover de bloedfanatieke 'teamcaptain' Naomi van As. Kinderen met een sportprobleem krijgen hulp van een beroemde topsporter in de 'Hellup', de vetste trucs worden uitgelegd in 'The Move' en zijn er regelmatig specials te zien rondom grote sporttoernooien.","formattedEpisodeNumbering":null,"formattedDate":"Za 26 sep. 2015","formattedDateShort":"Sep. 2015","formattedTime":"08:55","formattedDuration":"15m","formattedAvailabilityWindow":null,"formattedAvailabilityWindowShort":null,"image":{"portraitUrl":null,"landscapeUrl":"https:\/\/images.nlziet.nl\/metadataimportimages\/source\/C24B14C35D08D8596FE787BEE31C632FCB659E4DB3BC0D88DAF921C876C4309D.jpg"},"logo":{"normalUrl":"https:\/\/cdn.nlziet.nl\/static\/assets\/contentproviders\/npo.png","darkUrl":"https:\/\/cdn.nlziet.nl\/static\/assets\/contentproviders\/dark\/npo.png","flatUrl":"https:\/\/cdn.nlziet.nl\/static\/assets\/contentproviders\/flat\/npo.png"},"tags":[],"seriesId":"7QrOqPrilEGeM3pgWB1w1A"},{"id":"kuA-M-f7G0K64pIAf-9N9Q","type":"Vod","title":"Zappsport","subtitle":"Zappsport","description":"AVROTROS - Presentator Ron Boszhard en HockeySTER Naomi van As presenteren het leukste kindersportprogramma van de Nederlandse Televisie. In Zappsport komen alle takken van sport voorbij. In het wekelijkse onderdeel 'The Battle' strijden de jongens tegen de meiden in een bepaalde sport. Ron staat in dit onderdeel tegenover de bloedfanatieke 'teamcaptain' Naomi van As. Kinderen met een sportprobleem krijgen hulp van een beroemde topsporter in de 'Hellup', de vetste trucs worden uitgelegd in 'The Move' en zijn er regelmatig specials te zien rondom grote sporttoernooien.","formattedEpisodeNumbering":null,"formattedDate":"Zo 20 sep. 2015","formattedDateShort":"Sep. 2015","formattedTime":"08:35","formattedDuration":"15m","formattedAvailabilityWindow":null,"formattedAvailabilityWindowShort":null,"image":{"portraitUrl":null,"landscapeUrl":"https:\/\/images.nlziet.nl\/metadataimportimages\/source\/D7A0399D115FA44D5D0D1088D9F72005160EF9853D9DE0C6CAD58E00355DA723.jpg"},"logo":{"normalUrl":"https:\/\/cdn.nlziet.nl\/static\/assets\/contentproviders\/npo.png","darkUrl":"https:\/\/cdn.nlziet.nl\/static\/assets\/contentproviders\/dark\/npo.png","flatUrl":"https:\/\/cdn.nlziet.nl\/static\/assets\/contentproviders\/flat\/npo.png"},"tags":[],"seriesId":"7QrOqPrilEGeM3pgWB1w1A"},{"id":"T4hBqSy3GEmo3IEbMrJZvA","type":"Vod","title":"Zappsport","subtitle":"Zappsport","description":"AVROTROS - Presentator Ron Boszhard en HockeySTER Naomi van As presenteren het leukste kindersportprogramma van de Nederlandse Televisie. In Zappsport komen alle takken van sport voorbij. In het wekelijkse onderdeel 'The Battle' strijden de jongens tegen de meiden in een bepaalde sport. Ron staat in dit onderdeel tegenover de bloedfanatieke 'teamcaptain' Naomi van As. Kinderen met een sportprobleem krijgen hulp van een beroemde topsporter in de 'Hellup', de vetste trucs worden uitgelegd in 'The Move' en zijn er regelmatig specials te zien rondom grote sporttoernooien.","formattedEpisodeNumbering":null,"formattedDate":"Za 19 sep. 2015","formattedDateShort":"Sep. 2015","formattedTime":"08:55","formattedDuration":"15m","formattedAvailabilityWindow":null,"formattedAvailabilityWindowShort":null,"image":{"portraitUrl":null,"landscapeUrl":"https:\/\/images.nlziet.nl\/metadataimportimages\/source\/7016CFAB0A3C97CAD7A66439DD9E89993C46B8B01D6FEDCBAD8C0EC91C8A19AC.jpg"},"logo":{"normalUrl":"https:\/\/cdn.nlziet.nl\/static\/assets\/contentproviders\/npo.png","darkUrl":"https:\/\/cdn.nlziet.nl\/static\/assets\/contentproviders\/dark\/npo.png","flatUrl":"https:\/\/cdn.nlziet.nl\/static\/assets\/contentproviders\/flat\/npo.png"},"tags":[],"seriesId":"7QrOqPrilEGeM3pgWB1w1A"},{"id":"7KZvY737lkakURS0HKUJTw","type":"Vod","title":"Zappsport","subtitle":"Zappsport","description":"AVROTROS - In deze uitzending: Ajax in Latjetrap, Joy Stubbe en Lauri Luyken helpen Jill en Julia in een Hellup beachvolleybal en aflevering 1 in de serie rond een zomers sportkamp in Zweden.","formattedEpisodeNumbering":null,"formattedDate":"Zo 13 sep. 2015","formattedDateShort":"Sep. 2015","formattedTime":"08:40","formattedDuration":"16m","formattedAvailabilityWindow":null,"formattedAvailabilityWindowShort":null,"image":{"portraitUrl":null,"landscapeUrl":"https:\/\/images.nlziet.nl\/metadataimportimages\/source\/9E65342D54CAE3A0B9A1E325B1DDA85FE0962ED9E1050773F75ED54971A0B122.jpg"},"logo":{"normalUrl":"https:\/\/cdn.nlziet.nl\/static\/assets\/contentproviders\/npo.png","darkUrl":"https:\/\/cdn.nlziet.nl\/static\/assets\/contentproviders\/dark\/npo.png","flatUrl":"https:\/\/cdn.nlziet.nl\/static\/assets\/contentproviders\/flat\/npo.png"},"tags":[],"seriesId":"7QrOqPrilEGeM3pgWB1w1A"},{"id":"KwvfabHhpUeSqp79nM6oug","type":"Vod","title":"Zappsport","subtitle":"Zappsport","description":"AVROTROS - De jongens strijden tegen de meisjes in de Battle rollerderby. Toppers: Sofie Wentholt en Liselore Zoetewij.","formattedEpisodeNumbering":null,"formattedDate":"Za 12 sep. 2015","formattedDateShort":"Sep. 2015","formattedTime":"08:55","formattedDuration":"16m","formattedAvailabilityWindow":null,"formattedAvailabilityWindowShort":null,"image":{"portraitUrl":null,"landscapeUrl":"https:\/\/images.nlziet.nl\/metadataimportimages\/source\/06A026253474E74A41640B90F731975F12F92A6BC28FD1D928E2F2AA165BA2A5.jpg"},"logo":{"normalUrl":"https:\/\/cdn.nlziet.nl\/static\/assets\/contentproviders\/npo.png","darkUrl":"https:\/\/cdn.nlziet.nl\/static\/assets\/contentproviders\/dark\/npo.png","flatUrl":"https:\/\/cdn.nlziet.nl\/static\/assets\/contentproviders\/flat\/npo.png"},"tags":[],"seriesId":"7QrOqPrilEGeM3pgWB1w1A"},{"id":"hGS73BPuY06RnHaaxm99ig","type":"Vod","title":"Zappsport","subtitle":"Zappsport","description":"AVROTROS - Windsurf-kampioen Dorian van Rijsselberghe geeft les in de Hellup. Verder is FC Utrecht aan de beurt in de Latjetrap-competitie, doet Christy haar Jazzsplit-move en is er een reportage over schoolvoetbal.","formattedEpisodeNumbering":null,"formattedDate":"Zo 6 sep. 2015","formattedDateShort":"Sep. 2015","formattedTime":"08:40","formattedDuration":"16m","formattedAvailabilityWindow":null,"formattedAvailabilityWindowShort":null,"image":{"portraitUrl":null,"landscapeUrl":"https:\/\/images.nlziet.nl\/metadataimportimages\/source\/DEE73F590E947577EA410B521C8C1E9206FB5B8A9BCE35C228883AE04EDFFA9B.jpg"},"logo":{"normalUrl":"https:\/\/cdn.nlziet.nl\/static\/assets\/contentproviders\/npo.png","darkUrl":"https:\/\/cdn.nlziet.nl\/static\/assets\/contentproviders\/dark\/npo.png","flatUrl":"https:\/\/cdn.nlziet.nl\/static\/assets\/contentproviders\/flat\/npo.png"},"tags":[],"seriesId":"7QrOqPrilEGeM3pgWB1w1A"},{"id":"j4zMZbPvgk6gNK6Sa_a9sw","type":"Vod","title":"Zappsport","subtitle":"Zappsport","description":"AVROTROS - De jongens strijden tegen de meisjes in Zappsport The Battle: Footgolf. Welk team gaat er met de beker vandoor? De Toppers zijn Riechedly Bazoer en Susanne Marees.","formattedEpisodeNumbering":null,"formattedDate":"Za 5 sep. 2015","formattedDateShort":"Sep. 2015","formattedTime":"08:55","formattedDuration":"16m","formattedAvailabilityWindow":null,"formattedAvailabilityWindowShort":null,"image":{"portraitUrl":null,"landscapeUrl":"https:\/\/images.nlziet.nl\/metadataimportimages\/source\/533F014698B9A3A5B00B6A1AFB787D00D13BE5D24D66F3A552F934690D6AFA89.jpg"},"logo":{"normalUrl":"https:\/\/cdn.nlziet.nl\/static\/assets\/contentproviders\/npo.png","darkUrl":"https:\/\/cdn.nlziet.nl\/static\/assets\/contentproviders\/dark\/npo.png","flatUrl":"https:\/\/cdn.nlziet.nl\/static\/assets\/contentproviders\/flat\/npo.png"},"tags":[],"seriesId":"7QrOqPrilEGeM3pgWB1w1A"},{"id":"f_qyn_GKjkq-iZFzOluB2g","type":"Vod","title":"Zappsport","subtitle":"Zappsport","description":"AVROTROS - In Latjetrap is het de beurt aan SC Cambuur, sprinter Churandy Martina geeft tips in de Hellup en voetballer Memphis Depay geeft antwoord op persoonlijke vragen in 'Grabbelen met Oranje!'.","formattedEpisodeNumbering":null,"formattedDate":"Zo 30 aug. 2015","formattedDateShort":"Aug. 2015","formattedTime":"08:40","formattedDuration":"16m","formattedAvailabilityWindow":null,"formattedAvailabilityWindowShort":null,"image":{"portraitUrl":null,"landscapeUrl":"https:\/\/images.nlziet.nl\/metadataimportimages\/source\/94C2B535364A0FB1FB4EA707031720763EA181E9575112C1FED6F65A4394A477.jpg"},"logo":{"normalUrl":"https:\/\/cdn.nlziet.nl\/static\/assets\/contentproviders\/npo.png","darkUrl":"https:\/\/cdn.nlziet.nl\/static\/assets\/contentproviders\/dark\/npo.png","flatUrl":"https:\/\/cdn.nlziet.nl\/static\/assets\/contentproviders\/flat\/npo.png"},"tags":[],"seriesId":"7QrOqPrilEGeM3pgWB1w1A"},{"id":"qP-h3QwcWEaiwFIlS87qYQ","type":"Vod","title":"Zappsport","subtitle":"Zappsport","description":"AVROTROS - In deze eerste uitzending van het nieuwe seizoen strijden de jongens tegen de meisjes in een watersport-Battle.","formattedEpisodeNumbering":null,"formattedDate":"Za 29 aug. 2015","formattedDateShort":"Aug. 2015","formattedTime":"08:54","formattedDuration":"15m","formattedAvailabilityWindow":null,"formattedAvailabilityWindowShort":null,"image":{"portraitUrl":null,"landscapeUrl":"https:\/\/images.nlziet.nl\/metadataimportimages\/source\/C1CEE2D62AC733491B76849995DA44D2E853F3B1A6139CF87DAD7C94F01A0256.jpg"},"logo":{"normalUrl":"https:\/\/cdn.nlziet.nl\/static\/assets\/contentproviders\/npo.png","darkUrl":"https:\/\/cdn.nlziet.nl\/static\/assets\/contentproviders\/dark\/npo.png","flatUrl":"https:\/\/cdn.nlziet.nl\/static\/assets\/contentproviders\/flat\/npo.png"},"tags":[],"seriesId":"7QrOqPrilEGeM3pgWB1w1A"},{"id":"ufStVjHpQ0yswF2Y17JRwA","type":"Vod","title":"Zappsport","subtitle":"Zappsport","description":"AVROTROS - Kindersportprogramma waarin alle takken van sport voorbijkomen. In het wekelijkse onderdeel 'The Battle' strijden de jongens tegen de meiden in een bepaalde sport. Ron staat in dit onderdeel tegenover de bloedfanatieke 'teamcaptain' Naomi van As. Kinderen met een sportprobleem krijgen hulp van een beroemde topsporter in de 'Hellup', de vetste trucs worden uitgelegd in 'The Move' en er zijn regelmatig specials te zien rondom grote sporttoernooien.","formattedEpisodeNumbering":null,"formattedDate":"Zo 14 jun. 2015","formattedDateShort":"Jun. 2015","formattedTime":"08:40","formattedDuration":"15m","formattedAvailabilityWindow":null,"formattedAvailabilityWindowShort":null,"image":{"portraitUrl":null,"landscapeUrl":"https:\/\/images.nlziet.nl\/metadataimportimages\/source\/791515ECC712F643596234CBA5E83848D8702FE6ECACC3C89F572554F3755427.jpg"},"logo":{"normalUrl":"https:\/\/cdn.nlziet.nl\/static\/assets\/contentproviders\/npo.png","darkUrl":"https:\/\/cdn.nlziet.nl\/static\/assets\/contentproviders\/dark\/npo.png","flatUrl":"https:\/\/cdn.nlziet.nl\/static\/assets\/contentproviders\/flat\/npo.png"},"tags":[],"seriesId":"7QrOqPrilEGeM3pgWB1w1A"},{"id":"EZKXBcbAQEiSnru-M-RH9w","type":"Vod","title":"Zappsport","subtitle":"Zappsport","description":"AVROTROS - Kindersportprogramma van de Nederlandse Televisie. In Zappsport komen alle takken van sport voorbij. In het wekelijkse onderdeel 'The Battle' strijden de jongens tegen de meiden in een bepaalde sport. Ron staat in dit onderdeel tegenover de bloedfanatieke 'teamcaptain' Naomi van As. Kinderen met een sportprobleem krijgen hulp van een beroemde topsporter in de 'Hellup', de vetste trucs worden uitgelegd in 'The Move' en zijn er regelmatig specials te zien rondom grote sporttoernooien.","formattedEpisodeNumbering":null,"formattedDate":"Za 13 jun. 2015","formattedDateShort":"Jun. 2015","formattedTime":"08:40","formattedDuration":"16m","formattedAvailabilityWindow":null,"formattedAvailabilityWindowShort":null,"image":{"portraitUrl":null,"landscapeUrl":"https:\/\/images.nlziet.nl\/metadataimportimages\/source\/E416AACD7E13F34F9B506079BE1395D2E1203220A156066BFF52D1E86FB79BBA.jpg"},"logo":{"normalUrl":"https:\/\/cdn.nlziet.nl\/static\/assets\/contentproviders\/npo.png","darkUrl":"https:\/\/cdn.nlziet.nl\/static\/assets\/contentproviders\/dark\/npo.png","flatUrl":"https:\/\/cdn.nlziet.nl\/static\/assets\/contentproviders\/flat\/npo.png"},"tags":[],"seriesId":"7QrOqPrilEGeM3pgWB1w1A"},{"id":"BVOuc6vG10OjqeAnVX8jUA","type":"Vod","title":"Zappsport","subtitle":"Zappsport","description":"AVROTROS - Kindersportprogramma waarin alle takken van sport voorbijkomen. In het wekelijkse onderdeel 'The Battle' strijden de jongens tegen de meiden in een bepaalde sport. Ron staat in dit onderdeel tegenover de bloedfanatieke 'teamcaptain' Naomi van As. Kinderen met een sportprobleem krijgen hulp van een beroemde topsporter in de 'Hellup', de vetste trucs worden uitgelegd in 'The Move' en er zijn regelmatig specials te zien rondom grote sporttoernooien.","formattedEpisodeNumbering":null,"formattedDate":"Zo 7 jun. 2015","formattedDateShort":"Jun. 2015","formattedTime":"08:40","formattedDuration":"16m","formattedAvailabilityWindow":null,"formattedAvailabilityWindowShort":null,"image":{"portraitUrl":null,"landscapeUrl":"https:\/\/images.nlziet.nl\/metadataimportimages\/source\/F47F236B6DF88F48EBE4C1E30704F3D3709F69EB0F27D1A98E20DB05F6F68948.jpg"},"logo":{"normalUrl":"https:\/\/cdn.nlziet.nl\/static\/assets\/contentproviders\/npo.png","darkUrl":"https:\/\/cdn.nlziet.nl\/static\/assets\/contentproviders\/dark\/npo.png","flatUrl":"https:\/\/cdn.nlziet.nl\/static\/assets\/contentproviders\/flat\/npo.png"},"tags":[],"seriesId":"7QrOqPrilEGeM3pgWB1w1A"},{"id":"O7w8OMho_EOJlRfTuHnAVA","type":"Vod","title":"Zappsport","subtitle":"Zappsport","description":"AVROTROS - Kindersportprogramma waarin alle takken van sport voorbijkomen. In het wekelijkse onderdeel 'The Battle' strijden de jongens tegen de meiden in een bepaalde sport. Ron staat in dit onderdeel tegenover de bloedfanatieke 'teamcaptain' Naomi van As. Kinderen met een sportprobleem krijgen hulp van een beroemde topsporter in de 'Hellup', de vetste trucs worden uitgelegd in 'The Move' en er zijn regelmatig specials te zien rondom grote sporttoernooien.","formattedEpisodeNumbering":null,"formattedDate":"Za 6 jun. 2015","formattedDateShort":"Jun. 2015","formattedTime":"08:40","formattedDuration":"15m","formattedAvailabilityWindow":null,"formattedAvailabilityWindowShort":null,"image":{"portraitUrl":null,"landscapeUrl":"https:\/\/images.nlziet.nl\/metadataimportimages\/source\/5E7EA105FE5F61CA0FA1F97AA47D60823B76B7603F4B7E1D19DF9D2EB86FC482.jpg"},"logo":{"normalUrl":"https:\/\/cdn.nlziet.nl\/static\/assets\/contentproviders\/npo.png","darkUrl":"https:\/\/cdn.nlziet.nl\/static\/assets\/contentproviders\/dark\/npo.png","flatUrl":"https:\/\/cdn.nlziet.nl\/static\/assets\/contentproviders\/flat\/npo.png"},"tags":[],"seriesId":"7QrOqPrilEGeM3pgWB1w1A"},{"id":"zY6-iE2K006V1PHbbxW0qg","type":"Vod","title":"Zappsport","subtitle":"Zappsport","description":"AVROTROS - Kindersportprogramma waarin alle takken van sport voorbijkomen. In het wekelijkse onderdeel 'The Battle' strijden de jongens tegen de meiden in een bepaalde sport. Ron staat in dit onderdeel tegenover de bloedfanatieke 'teamcaptain' Naomi van As. Kinderen met een sportprobleem krijgen hulp van een beroemde topsporter in de 'Hellup', de vetste trucs worden uitgelegd in 'The Move' en er zijn regelmatig specials te zien rondom grote sporttoernooien.","formattedEpisodeNumbering":null,"formattedDate":"Zo 31 mei. 2015","formattedDateShort":"Mei. 2015","formattedTime":"08:40","formattedDuration":"16m","formattedAvailabilityWindow":null,"formattedAvailabilityWindowShort":null,"image":{"portraitUrl":null,"landscapeUrl":"https:\/\/images.nlziet.nl\/metadataimportimages\/source\/D63F967C179F33F4F8C2F64771F105A259C3DFC353F7D9F7FAA01E5E3C8488F8.jpg"},"logo":{"normalUrl":"https:\/\/cdn.nlziet.nl\/static\/assets\/contentproviders\/npo.png","darkUrl":"https:\/\/cdn.nlziet.nl\/static\/assets\/contentproviders\/dark\/npo.png","flatUrl":"https:\/\/cdn.nlziet.nl\/static\/assets\/contentproviders\/flat\/npo.png"},"tags":[],"seriesId":"7QrOqPrilEGeM3pgWB1w1A"},{"id":"FzNz4AGOmkyCjHeAIb3wVQ","type":"Vod","title":"Zappsport","subtitle":"Zappsport","description":"AVROTROS - Kindersportprogramma waarin alle takken van sport voorbijkomen. In het wekelijkse onderdeel 'The Battle' strijden de jongens tegen de meiden in een bepaalde sport. Ron staat in dit onderdeel tegenover de bloedfanatieke 'teamcaptain' Naomi van As. Kinderen met een sportprobleem krijgen hulp van een beroemde topsporter in de 'Hellup', de vetste trucs worden uitgelegd in 'The Move' en er zijn regelmatig specials te zien rondom grote sporttoernooien.","formattedEpisodeNumbering":null,"formattedDate":"Za 30 mei. 2015","formattedDateShort":"Mei. 2015","formattedTime":"08:40","formattedDuration":"16m","formattedAvailabilityWindow":null,"formattedAvailabilityWindowShort":null,"image":{"portraitUrl":null,"landscapeUrl":"https:\/\/images.nlziet.nl\/metadataimportimages\/source\/FB0F196CD28EF94A47CB6EA63A3DB6CC5729618E2D4412CEC6A829B519D7CDB1.jpg"},"logo":{"normalUrl":"https:\/\/cdn.nlziet.nl\/static\/assets\/contentproviders\/npo.png","darkUrl":"https:\/\/cdn.nlziet.nl\/static\/assets\/contentproviders\/dark\/npo.png","flatUrl":"https:\/\/cdn.nlziet.nl\/static\/assets\/contentproviders\/flat\/npo.png"},"tags":[],"seriesId":"7QrOqPrilEGeM3pgWB1w1A"},{"id":"ZikOrYS3wEq5MY5MJq9ZHA","type":"Vod","title":"Zappsport","subtitle":"Zappsport","description":"AVROTROS - Kindersportprogramma waarin alle takken van sport voorbijkomen. In het wekelijkse onderdeel 'The Battle' strijden de jongens tegen de meiden in een bepaalde sport. Ron staat in dit onderdeel tegenover de bloedfanatieke 'teamcaptain' Naomi van As. Kinderen met een sportprobleem krijgen hulp van een beroemde topsporter in de 'Hellup', de vetste trucs worden uitgelegd in 'The Move' en er zijn regelmatig specials te zien rondom grote sporttoernooien.","formattedEpisodeNumbering":null,"formattedDate":"Zo 24 mei. 2015","formattedDateShort":"Mei. 2015","formattedTime":"08:40","formattedDuration":"16m","formattedAvailabilityWindow":null,"formattedAvailabilityWindowShort":null,"image":{"portraitUrl":null,"landscapeUrl":"https:\/\/images.nlziet.nl\/metadataimportimages\/source\/9ACFD971A6B99F1E606BC29DB15403C8D858A34A3F42650832F6FF038656794D.jpg"},"logo":{"normalUrl":"https:\/\/cdn.nlziet.nl\/static\/assets\/contentproviders\/npo.png","darkUrl":"https:\/\/cdn.nlziet.nl\/static\/assets\/contentproviders\/dark\/npo.png","flatUrl":"https:\/\/cdn.nlziet.nl\/static\/assets\/contentproviders\/flat\/npo.png"},"tags":[],"seriesId":"7QrOqPrilEGeM3pgWB1w1A"},{"id":"IMrRAgm89ku6HE-3fHtt4Q","type":"Vod","title":"Zappsport","subtitle":"Zappsport","description":"AVROTROS - Kindersportprogramma waarin alle takken van sport voorbijkomen. In het wekelijkse onderdeel 'The Battle' strijden de jongens tegen de meiden in een bepaalde sport. Ron staat in dit onderdeel tegenover de bloedfanatieke 'teamcaptain' Naomi van As. Kinderen met een sportprobleem krijgen hulp van een beroemde topsporter in de 'Hellup', de vetste trucs worden uitgelegd in 'The Move' en er zijn regelmatig specials te zien rondom grote sporttoernooien.","formattedEpisodeNumbering":null,"formattedDate":"Za 23 mei. 2015","formattedDateShort":"Mei. 2015","formattedTime":"08:40","formattedDuration":"16m","formattedAvailabilityWindow":null,"formattedAvailabilityWindowShort":null,"image":{"portraitUrl":null,"landscapeUrl":"https:\/\/images.nlziet.nl\/metadataimportimages\/source\/9CCC5B06258F8DCE52234F31116BB29AC34C8AF40E5EE6381B78893CA98EDC24.jpg"},"logo":{"normalUrl":"https:\/\/cdn.nlziet.nl\/static\/assets\/contentproviders\/npo.png","darkUrl":"https:\/\/cdn.nlziet.nl\/static\/assets\/contentproviders\/dark\/npo.png","flatUrl":"https:\/\/cdn.nlziet.nl\/static\/assets\/contentproviders\/flat\/npo.png"},"tags":[],"seriesId":"7QrOqPrilEGeM3pgWB1w1A"},{"id":"mFoGm3zonkC3ezadJ0wBRw","type":"Vod","title":"Zappsport","subtitle":"Zappsport","description":"AVROTROS - Kindersportprogramma waarin alle takken van sport voorbijkomen. In het wekelijkse onderdeel 'The Battle' strijden de jongens tegen de meiden in een bepaalde sport. Ron staat in dit onderdeel tegenover de bloedfanatieke 'teamcaptain' Naomi van As. Kinderen met een sportprobleem krijgen hulp van een beroemde topsporter in de 'Hellup', de vetste trucs worden uitgelegd in 'The Move' en er zijn regelmatig specials te zien rondom grote sporttoernooien.","formattedEpisodeNumbering":null,"formattedDate":"Zo 17 mei. 2015","formattedDateShort":"Mei. 2015","formattedTime":"08:40","formattedDuration":"16m","formattedAvailabilityWindow":null,"formattedAvailabilityWindowShort":null,"image":{"portraitUrl":null,"landscapeUrl":"https:\/\/images.nlziet.nl\/metadataimportimages\/source\/C75DC6F39FD45E93730948C46256A06B40791552381EB1A810133FAD55909F5C.jpg"},"logo":{"normalUrl":"https:\/\/cdn.nlziet.nl\/static\/assets\/contentproviders\/npo.png","darkUrl":"https:\/\/cdn.nlziet.nl\/static\/assets\/contentproviders\/dark\/npo.png","flatUrl":"https:\/\/cdn.nlziet.nl\/static\/assets\/contentproviders\/flat\/npo.png"},"tags":[],"seriesId":"7QrOqPrilEGeM3pgWB1w1A"},{"id":"EWMfWYGDT06SBxPUkvQiVw","type":"Vod","title":"Zappsport","subtitle":"Zappsport","description":"AVROTROS - Kindersportprogramma waarin alle takken van sport voorbijkomen. In het wekelijkse onderdeel 'The Battle' strijden de jongens tegen de meiden in een bepaalde sport. Ron staat in dit onderdeel tegenover de bloedfanatieke 'teamcaptain' Naomi van As. Kinderen met een sportprobleem krijgen hulp van een beroemde topsporter in de 'Hellup', de vetste trucs worden uitgelegd in 'The Move' en er zijn regelmatig specials te zien rondom grote sporttoernooien.","formattedEpisodeNumbering":null,"formattedDate":"Za 16 mei. 2015","formattedDateShort":"Mei. 2015","formattedTime":"08:40","formattedDuration":"15m","formattedAvailabilityWindow":null,"formattedAvailabilityWindowShort":null,"image":{"portraitUrl":null,"landscapeUrl":"https:\/\/images.nlziet.nl\/metadataimportimages\/source\/1387358EBAC9DC6F83C9AA41BB9273869597BBDBE6162048373F7665EA11BE50.jpg"},"logo":{"normalUrl":"https:\/\/cdn.nlziet.nl\/static\/assets\/contentproviders\/npo.png","darkUrl":"https:\/\/cdn.nlziet.nl\/static\/assets\/contentproviders\/dark\/npo.png","flatUrl":"https:\/\/cdn.nlziet.nl\/static\/assets\/contentproviders\/flat\/npo.png"},"tags":[],"seriesId":"7QrOqPrilEGeM3pgWB1w1A"},{"id":"B_yzdIdi1EquKZdqIVKXjw","type":"Vod","title":"Zappsport","subtitle":"Zappsport","description":"AVROTROS - Kindersportprogramma waarin alle takken van sport voorbijkomen. In het wekelijkse onderdeel 'The Battle' strijden de jongens tegen de meiden in een bepaalde sport. Ron staat in dit onderdeel tegenover de bloedfanatieke 'teamcaptain' Naomi van As. Kinderen met een sportprobleem krijgen hulp van een beroemde topsporter in de 'Hellup', de vetste trucs worden uitgelegd in 'The Move' en zijn er regelmatig specials te zien rondom grote sporttoernooien.","formattedEpisodeNumbering":null,"formattedDate":"Zo 10 mei. 2015","formattedDateShort":"Mei. 2015","formattedTime":"08:40","formattedDuration":"15m","formattedAvailabilityWindow":null,"formattedAvailabilityWindowShort":null,"image":{"portraitUrl":null,"landscapeUrl":"https:\/\/images.nlziet.nl\/metadataimportimages\/source\/E9EA1B354B016128BF8F4778BB9088750A53EB62D95CCA53611FA21378A115D9.jpg"},"logo":{"normalUrl":"https:\/\/cdn.nlziet.nl\/static\/assets\/contentproviders\/npo.png","darkUrl":"https:\/\/cdn.nlziet.nl\/static\/assets\/contentproviders\/dark\/npo.png","flatUrl":"https:\/\/cdn.nlziet.nl\/static\/assets\/contentproviders\/flat\/npo.png"},"tags":[],"seriesId":"7QrOqPrilEGeM3pgWB1w1A"},{"id":"upajvv2d2kmVj3P-qDuT3Q","type":"Vod","title":"Zappsport","subtitle":"Zappsport","description":"AVROTROS - Kindersportprogramma waarin alle takken van sport voorbijkomen. In het wekelijkse onderdeel 'The Battle' strijden de jongens tegen de meiden in een bepaalde sport. Ron staat in dit onderdeel tegenover de bloedfanatieke 'teamcaptain' Naomi van As. Kinderen met een sportprobleem krijgen hulp van een beroemde topsporter in de 'Hellup', de vetste trucs worden uitgelegd in 'The Move' en er zijn regelmatig specials te zien rondom grote sporttoernooien.","formattedEpisodeNumbering":null,"formattedDate":"Zo 3 mei. 2015","formattedDateShort":"Mei. 2015","formattedTime":"08:35","formattedDuration":"15m","formattedAvailabilityWindow":null,"formattedAvailabilityWindowShort":null,"image":{"portraitUrl":null,"landscapeUrl":"https:\/\/images.nlziet.nl\/metadataimportimages\/source\/59092F579EB21CD9DE96E1B63945FE4E88EEE5D7F72D2CDE77F7CB4344908078.jpg"},"logo":{"normalUrl":"https:\/\/cdn.nlziet.nl\/static\/assets\/contentproviders\/npo.png","darkUrl":"https:\/\/cdn.nlziet.nl\/static\/assets\/contentproviders\/dark\/npo.png","flatUrl":"https:\/\/cdn.nlziet.nl\/static\/assets\/contentproviders\/flat\/npo.png"},"tags":[],"seriesId":"7QrOqPrilEGeM3pgWB1w1A"},{"id":"FL0EK4ALtkWP4cRmW9Y-kA","type":"Vod","title":"Zappsport","subtitle":"Zappsport","description":"AVROTROS - Kindersportprogramma waarin alle takken van sport voorbijkomen. In het wekelijkse onderdeel 'The Battle' strijden de jongens tegen de meiden in een bepaalde sport. Ron staat in dit onderdeel tegenover de bloedfanatieke 'teamcaptain' Naomi van As. Kinderen met een sportprobleem krijgen hulp van een beroemde topsporter in de 'Hellup', de vetste trucs worden uitgelegd in 'The Move' en er zijn regelmatig specials te zien rondom grote sporttoernooien.","formattedEpisodeNumbering":null,"formattedDate":"Za 2 mei. 2015","formattedDateShort":"Mei. 2015","formattedTime":"08:55","formattedDuration":"15m","formattedAvailabilityWindow":null,"formattedAvailabilityWindowShort":null,"image":{"portraitUrl":null,"landscapeUrl":"https:\/\/images.nlziet.nl\/metadataimportimages\/source\/C8AA652F2E9FB7F532E8DE115D25A009045C5DD035DF84A227F49B104A444FEC.jpg"},"logo":{"normalUrl":"https:\/\/cdn.nlziet.nl\/static\/assets\/contentproviders\/npo.png","darkUrl":"https:\/\/cdn.nlziet.nl\/static\/assets\/contentproviders\/dark\/npo.png","flatUrl":"https:\/\/cdn.nlziet.nl\/static\/assets\/contentproviders\/flat\/npo.png"},"tags":[],"seriesId":"7QrOqPrilEGeM3pgWB1w1A"},{"id":"sFnlUwAdAEaJci15aAAmJw","type":"Vod","title":"Zappsport","subtitle":"Zappsport","description":"AVROTROS - Kindersportprogramma waarin alle takken van sport voorbijkomen. In het wekelijkse onderdeel 'The Battle' strijden de jongens tegen de meiden in een bepaalde sport. Ron staat in dit onderdeel tegenover de bloedfanatieke 'teamcaptain' Naomi van As. Kinderen met een sportprobleem krijgen hulp van een beroemde topsporter in de 'Hellup', de vetste trucs worden uitgelegd in 'The Move' en er zijn regelmatig specials te zien rondom grote sporttoernooien.","formattedEpisodeNumbering":null,"formattedDate":"Zo 26 apr. 2015","formattedDateShort":"Apr. 2015","formattedTime":"08:40","formattedDuration":"15m","formattedAvailabilityWindow":null,"formattedAvailabilityWindowShort":null,"image":{"portraitUrl":null,"landscapeUrl":"https:\/\/images.nlziet.nl\/metadataimportimages\/source\/C6035FEA4472627BDD847D275BAC6680BC7203E7D41F8B39695B6F53E02C8571.jpg"},"logo":{"normalUrl":"https:\/\/cdn.nlziet.nl\/static\/assets\/contentproviders\/npo.png","darkUrl":"https:\/\/cdn.nlziet.nl\/static\/assets\/contentproviders\/dark\/npo.png","flatUrl":"https:\/\/cdn.nlziet.nl\/static\/assets\/contentproviders\/flat\/npo.png"},"tags":[],"seriesId":"7QrOqPrilEGeM3pgWB1w1A"},{"id":"w9oreQMUaUmmrth9m1ts3A","type":"Vod","title":"Zappsport","subtitle":"Zappsport","description":"AVROTROS - Kindersportprogramma waarin alle takken van sport voorbijkomen. In het wekelijkse onderdeel 'The Battle' strijden de jongens tegen de meiden in een bepaalde sport. Ron staat in dit onderdeel tegenover de bloedfanatieke 'teamcaptain' Naomi van As. Kinderen met een sportprobleem krijgen hulp van een beroemde topsporter in de 'Hellup', de vetste trucs worden uitgelegd in 'The Move' en er zijn regelmatig specials te zien rondom grote sporttoernooien.","formattedEpisodeNumbering":null,"formattedDate":"Za 25 apr. 2015","formattedDateShort":"Apr. 2015","formattedTime":"08:55","formattedDuration":"15m","formattedAvailabilityWindow":null,"formattedAvailabilityWindowShort":null,"image":{"portraitUrl":null,"landscapeUrl":"https:\/\/images.nlziet.nl\/metadataimportimages\/source\/18EB97DBD3273F3496F7E7C1D9049AF4C8EE8E2D74EC56054DA66245C48DB094.jpg"},"logo":{"normalUrl":"https:\/\/cdn.nlziet.nl\/static\/assets\/contentproviders\/npo.png","darkUrl":"https:\/\/cdn.nlziet.nl\/static\/assets\/contentproviders\/dark\/npo.png","flatUrl":"https:\/\/cdn.nlziet.nl\/static\/assets\/contentproviders\/flat\/npo.png"},"tags":[],"seriesId":"7QrOqPrilEGeM3pgWB1w1A"},{"id":"ufEQT9scTE-MJyphGGj5wA","type":"Vod","title":"Zappsport","subtitle":"Zappsport","description":null,"formattedEpisodeNumbering":null,"formattedDate":"Zo 19 apr. 2015","formattedDateShort":"Apr. 2015","formattedTime":"08:40","formattedDuration":"15m","formattedAvailabilityWindow":null,"formattedAvailabilityWindowShort":null,"image":{"portraitUrl":null,"landscapeUrl":"https:\/\/images.nlziet.nl\/metadataimportimages\/source\/27D10A0B92A739DDDE23938554639E2505AE6278B86C15CB9B4D8804B3590944.jpg"},"logo":{"normalUrl":"https:\/\/cdn.nlziet.nl\/static\/assets\/contentproviders\/npo.png","darkUrl":"https:\/\/cdn.nlziet.nl\/static\/assets\/contentproviders\/dark\/npo.png","flatUrl":"https:\/\/cdn.nlziet.nl\/static\/assets\/contentproviders\/flat\/npo.png"},"tags":[],"seriesId":"7QrOqPrilEGeM3pgWB1w1A"},{"id":"4SnlbmxEj0SNzw4zFd1ABQ","type":"Vod","title":"Zappsport","subtitle":"Zappsport","description":null,"formattedEpisodeNumbering":null,"formattedDate":"Za 18 apr. 2015","formattedDateShort":"Apr. 2015","formattedTime":"08:55","formattedDuration":"15m","formattedAvailabilityWindow":null,"formattedAvailabilityWindowShort":null,"image":{"portraitUrl":null,"landscapeUrl":"https:\/\/images.nlziet.nl\/metadataimportimages\/source\/63C3C372A00E3F97C767B1D43DD9628A1EFBFCA6BBC770EC0D0128E8D75730D6.jpg"},"logo":{"normalUrl":"https:\/\/cdn.nlziet.nl\/static\/assets\/contentproviders\/npo.png","darkUrl":"https:\/\/cdn.nlziet.nl\/static\/assets\/contentproviders\/dark\/npo.png","flatUrl":"https:\/\/cdn.nlziet.nl\/static\/assets\/contentproviders\/flat\/npo.png"},"tags":[],"seriesId":"7QrOqPrilEGeM3pgWB1w1A"},{"id":"_pKG2yycDk--j9FboFqPBw","type":"Vod","title":"Zappsport","subtitle":"Zappsport","description":null,"formattedEpisodeNumbering":null,"formattedDate":"Zo 12 apr. 2015","formattedDateShort":"Apr. 2015","formattedTime":"08:40","formattedDuration":"16m","formattedAvailabilityWindow":null,"formattedAvailabilityWindowShort":null,"image":{"portraitUrl":null,"landscapeUrl":"https:\/\/images.nlziet.nl\/metadataimportimages\/source\/F81DD7D843683C1ED4BB15706A485A3EFF9F61F00A3CF6118695B3AD3FF1CF68.jpg"},"logo":{"normalUrl":"https:\/\/cdn.nlziet.nl\/static\/assets\/contentproviders\/npo.png","darkUrl":"https:\/\/cdn.nlziet.nl\/static\/assets\/contentproviders\/dark\/npo.png","flatUrl":"https:\/\/cdn.nlziet.nl\/static\/assets\/contentproviders\/flat\/npo.png"},"tags":[],"seriesId":"7QrOqPrilEGeM3pgWB1w1A"},{"id":"RVa4AfPU-0eAWDGjmap_-A","type":"Vod","title":"Zappsport","subtitle":"Zappsport","description":null,"formattedEpisodeNumbering":null,"formattedDate":"Za 11 apr. 2015","formattedDateShort":"Apr. 2015","formattedTime":"08:55","formattedDuration":"15m","formattedAvailabilityWindow":null,"formattedAvailabilityWindowShort":null,"image":{"portraitUrl":null,"landscapeUrl":"https:\/\/images.nlziet.nl\/metadataimportimages\/source\/00A96AA3C5B0A02F5C53AE2658ECF9EA9E022D922B1BCB65E6C61EF3C1500085.jpg"},"logo":{"normalUrl":"https:\/\/cdn.nlziet.nl\/static\/assets\/contentproviders\/npo.png","darkUrl":"https:\/\/cdn.nlziet.nl\/static\/assets\/contentproviders\/dark\/npo.png","flatUrl":"https:\/\/cdn.nlziet.nl\/static\/assets\/contentproviders\/flat\/npo.png"},"tags":[],"seriesId":"7QrOqPrilEGeM3pgWB1w1A"},{"id":"2guNIZzYEESFYte8reF0WA","type":"Vod","title":"Zappsport","subtitle":"Zappsport","description":null,"formattedEpisodeNumbering":null,"formattedDate":"Zo 5 apr. 2015","formattedDateShort":"Apr. 2015","formattedTime":"08:40","formattedDuration":"16m","formattedAvailabilityWindow":null,"formattedAvailabilityWindowShort":null,"image":{"portraitUrl":null,"landscapeUrl":"https:\/\/images.nlziet.nl\/metadataimportimages\/source\/56AD4CF4AE5D9A3CF3938BB45CCE08F24909412A6876DEB8D8C392F862D0957A.jpg"},"logo":{"normalUrl":"https:\/\/cdn.nlziet.nl\/static\/assets\/contentproviders\/npo.png","darkUrl":"https:\/\/cdn.nlziet.nl\/static\/assets\/contentproviders\/dark\/npo.png","flatUrl":"https:\/\/cdn.nlziet.nl\/static\/assets\/contentproviders\/flat\/npo.png"},"tags":[],"seriesId":"7QrOqPrilEGeM3pgWB1w1A"},{"id":"cRN5SE-1N0SbL_cAu10SuQ","type":"Vod","title":"Zappsport","subtitle":"Zappsport","description":null,"formattedEpisodeNumbering":null,"formattedDate":"Za 4 apr. 2015","formattedDateShort":"Apr. 2015","formattedTime":"08:55","formattedDuration":"15m","formattedAvailabilityWindow":null,"formattedAvailabilityWindowShort":null,"image":{"portraitUrl":null,"landscapeUrl":"https:\/\/images.nlziet.nl\/metadataimportimages\/source\/20D2030D5468EF3BD9DB9E885CD72E30DB30F6D1FF6830121EFE38ADD046293E.jpg"},"logo":{"normalUrl":"https:\/\/cdn.nlziet.nl\/static\/assets\/contentproviders\/npo.png","darkUrl":"https:\/\/cdn.nlziet.nl\/static\/assets\/contentproviders\/dark\/npo.png","flatUrl":"https:\/\/cdn.nlziet.nl\/static\/assets\/contentproviders\/flat\/npo.png"},"tags":[],"seriesId":"7QrOqPrilEGeM3pgWB1w1A"},{"id":"GkogsGE9UUarHOe4Q2-V3g","type":"Vod","title":"Zappsport","subtitle":"Zappsport","description":null,"formattedEpisodeNumbering":null,"formattedDate":"Zo 29 mrt. 2015","formattedDateShort":"Mrt. 2015","formattedTime":"08:38","formattedDuration":"16m","formattedAvailabilityWindow":null,"formattedAvailabilityWindowShort":null,"image":{"portraitUrl":null,"landscapeUrl":"https:\/\/images.nlziet.nl\/metadataimportimages\/source\/17F854761DDFD850FE3CE23AE090B5AF3E2C3F9BBE0601E0FFD30155E623F193.jpg"},"logo":{"normalUrl":"https:\/\/cdn.nlziet.nl\/static\/assets\/contentproviders\/npo.png","darkUrl":"https:\/\/cdn.nlziet.nl\/static\/assets\/contentproviders\/dark\/npo.png","flatUrl":"https:\/\/cdn.nlziet.nl\/static\/assets\/contentproviders\/flat\/npo.png"},"tags":[],"seriesId":"7QrOqPrilEGeM3pgWB1w1A"},{"id":"cjshWp9UFEqFZbMO6y3VXA","type":"Vod","title":"Zappsport","subtitle":"Zappsport","description":null,"formattedEpisodeNumbering":null,"formattedDate":"Za 28 mrt. 2015","formattedDateShort":"Mrt. 2015","formattedTime":"08:55","formattedDuration":"15m","formattedAvailabilityWindow":null,"formattedAvailabilityWindowShort":null,"image":{"portraitUrl":null,"landscapeUrl":"https:\/\/images.nlziet.nl\/metadataimportimages\/source\/BB22A171E53D21B3E8CAE826682A2B58196D33BDE3D2FBF7390C3A36844DFA72.jpg"},"logo":{"normalUrl":"https:\/\/cdn.nlziet.nl\/static\/assets\/contentproviders\/npo.png","darkUrl":"https:\/\/cdn.nlziet.nl\/static\/assets\/contentproviders\/dark\/npo.png","flatUrl":"https:\/\/cdn.nlziet.nl\/static\/assets\/contentproviders\/flat\/npo.png"},"tags":[],"seriesId":"7QrOqPrilEGeM3pgWB1w1A"},{"id":"N6XFD8igPkSc8DYgl_3ifw","type":"Vod","title":"Zappsport","subtitle":"Zappsport","description":null,"formattedEpisodeNumbering":null,"formattedDate":"Zo 22 mrt. 2015","formattedDateShort":"Mrt. 2015","formattedTime":"08:39","formattedDuration":"16m","formattedAvailabilityWindow":null,"formattedAvailabilityWindowShort":null,"image":{"portraitUrl":null,"landscapeUrl":"https:\/\/images.nlziet.nl\/metadataimportimages\/source\/8AAB83955488FDE892B1D44628E57C9F84389160D1D11E0D2C6F0C6D5BD91AA3.jpg"},"logo":{"normalUrl":"https:\/\/cdn.nlziet.nl\/static\/assets\/contentproviders\/npo.png","darkUrl":"https:\/\/cdn.nlziet.nl\/static\/assets\/contentproviders\/dark\/npo.png","flatUrl":"https:\/\/cdn.nlziet.nl\/static\/assets\/contentproviders\/flat\/npo.png"},"tags":[],"seriesId":"7QrOqPrilEGeM3pgWB1w1A"},{"id":"YbB28Qo3M0mGlyiSzaCrsQ","type":"Vod","title":"Zappsport","subtitle":"Zappsport","description":null,"formattedEpisodeNumbering":null,"formattedDate":"Za 21 mrt. 2015","formattedDateShort":"Mrt. 2015","formattedTime":"08:55","formattedDuration":"16m","formattedAvailabilityWindow":null,"formattedAvailabilityWindowShort":null,"image":{"portraitUrl":null,"landscapeUrl":"https:\/\/images.nlziet.nl\/metadataimportimages\/source\/57ABD65A37011926C412C5B3183F14D0CCA007C56294EEAD1F2BB447A8AC957C.jpg"},"logo":{"normalUrl":"https:\/\/cdn.nlziet.nl\/static\/assets\/contentproviders\/npo.png","darkUrl":"https:\/\/cdn.nlziet.nl\/static\/assets\/contentproviders\/dark\/npo.png","flatUrl":"https:\/\/cdn.nlziet.nl\/static\/assets\/contentproviders\/flat\/npo.png"},"tags":[],"seriesId":"7QrOqPrilEGeM3pgWB1w1A"},{"id":"XcFYPiJxkEC_eAR6Vlhz7Q","type":"Vod","title":"Zappsport","subtitle":"Zappsport","description":null,"formattedEpisodeNumbering":null,"formattedDate":"Zo 15 mrt. 2015","formattedDateShort":"Mrt. 2015","formattedTime":"08:40","formattedDuration":"15m","formattedAvailabilityWindow":null,"formattedAvailabilityWindowShort":null,"image":{"portraitUrl":null,"landscapeUrl":"https:\/\/images.nlziet.nl\/metadataimportimages\/source\/32476A06E28A7D7A6FFFB5259708794130936401851D33408A15D9A0B8C22109.jpg"},"logo":{"normalUrl":"https:\/\/cdn.nlziet.nl\/static\/assets\/contentproviders\/npo.png","darkUrl":"https:\/\/cdn.nlziet.nl\/static\/assets\/contentproviders\/dark\/npo.png","flatUrl":"https:\/\/cdn.nlziet.nl\/static\/assets\/contentproviders\/flat\/npo.png"},"tags":[],"seriesId":"7QrOqPrilEGeM3pgWB1w1A"},{"id":"IOQIKTFE1EOehWxU9DUMZQ","type":"Vod","title":"Zappsport","subtitle":"Zappsport","description":null,"formattedEpisodeNumbering":null,"formattedDate":"Za 14 mrt. 2015","formattedDateShort":"Mrt. 2015","formattedTime":"08:55","formattedDuration":"15m","formattedAvailabilityWindow":null,"formattedAvailabilityWindowShort":null,"image":{"portraitUrl":null,"landscapeUrl":"https:\/\/images.nlziet.nl\/metadataimportimages\/source\/8123E558AD9B50E2366D8C95488445F2D185992B7637AF5AF24B8285BA0393D4.jpg"},"logo":{"normalUrl":"https:\/\/cdn.nlziet.nl\/static\/assets\/contentproviders\/npo.png","darkUrl":"https:\/\/cdn.nlziet.nl\/static\/assets\/contentproviders\/dark\/npo.png","flatUrl":"https:\/\/cdn.nlziet.nl\/static\/assets\/contentproviders\/flat\/npo.png"},"tags":[],"seriesId":"7QrOqPrilEGeM3pgWB1w1A"},{"id":"hjGjGBpctUmNzv9R8OJXBg","type":"Vod","title":"Zappsport","subtitle":"Zappsport","description":null,"formattedEpisodeNumbering":null,"formattedDate":"Zo 8 mrt. 2015","formattedDateShort":"Mrt. 2015","formattedTime":"08:39","formattedDuration":"16m","formattedAvailabilityWindow":null,"formattedAvailabilityWindowShort":null,"image":{"portraitUrl":null,"landscapeUrl":"https:\/\/images.nlziet.nl\/metadataimportimages\/source\/A0E18C079E2E24E6439E699D52598E689F3FD9779B8A6E4C1E05D9FB6E8FA7B5.jpg"},"logo":{"normalUrl":"https:\/\/cdn.nlziet.nl\/static\/assets\/contentproviders\/npo.png","darkUrl":"https:\/\/cdn.nlziet.nl\/static\/assets\/contentproviders\/dark\/npo.png","flatUrl":"https:\/\/cdn.nlziet.nl\/static\/assets\/contentproviders\/flat\/npo.png"},"tags":[],"seriesId":"7QrOqPrilEGeM3pgWB1w1A"},{"id":"G91h63JhQkOEzGh7bZ3SrQ","type":"Vod","title":"Zappsport","subtitle":"Zappsport","description":null,"formattedEpisodeNumbering":null,"formattedDate":"Za 7 mrt. 2015","formattedDateShort":"Mrt. 2015","formattedTime":"08:55","formattedDuration":"16m","formattedAvailabilityWindow":null,"formattedAvailabilityWindowShort":null,"image":{"portraitUrl":null,"landscapeUrl":"https:\/\/images.nlziet.nl\/metadataimportimages\/source\/45A049EB6987A4501E801B5602858D13F4697A951E87D48F1BD8C7649BA2667D.jpg"},"logo":{"normalUrl":"https:\/\/cdn.nlziet.nl\/static\/assets\/contentproviders\/npo.png","darkUrl":"https:\/\/cdn.nlziet.nl\/static\/assets\/contentproviders\/dark\/npo.png","flatUrl":"https:\/\/cdn.nlziet.nl\/static\/assets\/contentproviders\/flat\/npo.png"},"tags":[],"seriesId":"7QrOqPrilEGeM3pgWB1w1A"},{"id":"BojmTVBZGUObnZMNMJUhFQ","type":"Vod","title":"Zappsport","subtitle":"Zappsport Schaatsteam","description":"AVROTROS - In het Zappsport Schaatsteam volgen we vijf kinderen die hun eerste stappen op het ijs zetten. In tijden waarin natuurijs niet meer vanzelfsprekend is, leren steeds minder kinderen schaatsen. De KNSB en Zappsport sloegen de handen ineen om deze oer-Hollandse sport niet verloren te laten gaan. Met veel vallen en opstaan leren Jaydon, Luc, Maud, Melina en Raoul alles over schaatsen. Oud-Wereldkampioene en toptrainster Barbara de Loor leert de kinderen alles over starten, remmen, bochten en de schaatsafzet. De leden van het Zappsport Schaatsteam trainen voor hun eigen hero\u00efsche tocht der tochten; de Zappsport Alternatieve Elfstedentocht. Deze tocht wordt op zondag 15\/02 verreden bij Flevonice in Biddinghuizen.","formattedEpisodeNumbering":null,"formattedDate":"Wo 4 mrt. 2015","formattedDateShort":"Mrt. 2015","formattedTime":"14:40","formattedDuration":"14m","formattedAvailabilityWindow":null,"formattedAvailabilityWindowShort":null,"image":{"portraitUrl":null,"landscapeUrl":"https:\/\/images.nlziet.nl\/metadataimportimages\/source\/D51FE31442ADAA3777CCFA07980DC628BF30CEBF411D4D3C40FB976F4D105AC9.jpg"},"logo":{"normalUrl":"https:\/\/cdn.nlziet.nl\/static\/assets\/contentproviders\/npo.png","darkUrl":"https:\/\/cdn.nlziet.nl\/static\/assets\/contentproviders\/dark\/npo.png","flatUrl":"https:\/\/cdn.nlziet.nl\/static\/assets\/contentproviders\/flat\/npo.png"},"tags":[],"seriesId":"7QrOqPrilEGeM3pgWB1w1A"},{"id":"VjlLDHmGdEqkcc15PgztlQ","type":"Vod","title":"Zappsport","subtitle":"Zappsport","description":null,"formattedEpisodeNumbering":null,"formattedDate":"Zo 1 mrt. 2015","formattedDateShort":"Mrt. 2015","formattedTime":"08:38","formattedDuration":"16m","formattedAvailabilityWindow":null,"formattedAvailabilityWindowShort":null,"image":{"portraitUrl":null,"landscapeUrl":"https:\/\/images.nlziet.nl\/metadataimportimages\/source\/AA9406E2E35266406D2EE3B36DCFBF5553B9CD2C272D689E434A4AF0870D5AA7.jpg"},"logo":{"normalUrl":"https:\/\/cdn.nlziet.nl\/static\/assets\/contentproviders\/npo.png","darkUrl":"https:\/\/cdn.nlziet.nl\/static\/assets\/contentproviders\/dark\/npo.png","flatUrl":"https:\/\/cdn.nlziet.nl\/static\/assets\/contentproviders\/flat\/npo.png"},"tags":[],"seriesId":"7QrOqPrilEGeM3pgWB1w1A"},{"id":"hVmn0Rz7uUeMK93Co34b8A","type":"Vod","title":"Zappsport","subtitle":"Zappsport","description":null,"formattedEpisodeNumbering":null,"formattedDate":"Za 28 feb. 2015","formattedDateShort":"Feb. 2015","formattedTime":"08:51","formattedDuration":"15m","formattedAvailabilityWindow":null,"formattedAvailabilityWindowShort":null,"image":{"portraitUrl":null,"landscapeUrl":"https:\/\/images.nlziet.nl\/metadataimportimages\/source\/54443122B65D745FB166EB8B556814B84112041A247BD5FF05CC4CB3FFA6C36E.jpg"},"logo":{"normalUrl":"https:\/\/cdn.nlziet.nl\/static\/assets\/contentproviders\/npo.png","darkUrl":"https:\/\/cdn.nlziet.nl\/static\/assets\/contentproviders\/dark\/npo.png","flatUrl":"https:\/\/cdn.nlziet.nl\/static\/assets\/contentproviders\/flat\/npo.png"},"tags":[],"seriesId":"7QrOqPrilEGeM3pgWB1w1A"},{"id":"-g-JfDFuBEmvXicbEy6MSQ","type":"Vod","title":"Zappsport","subtitle":"Zappsport","description":null,"formattedEpisodeNumbering":null,"formattedDate":"Zo 22 feb. 2015","formattedDateShort":"Feb. 2015","formattedTime":"08:42","formattedDuration":"15m","formattedAvailabilityWindow":null,"formattedAvailabilityWindowShort":null,"image":{"portraitUrl":null,"landscapeUrl":"https:\/\/images.nlziet.nl\/metadataimportimages\/source\/C1C1D1261EAEF4437142908C5B66E210797F28F8BEEEBDC20B65158CC95B860D.jpg"},"logo":{"normalUrl":"https:\/\/cdn.nlziet.nl\/static\/assets\/contentproviders\/npo.png","darkUrl":"https:\/\/cdn.nlziet.nl\/static\/assets\/contentproviders\/dark\/npo.png","flatUrl":"https:\/\/cdn.nlziet.nl\/static\/assets\/contentproviders\/flat\/npo.png"},"tags":[],"seriesId":"7QrOqPrilEGeM3pgWB1w1A"},{"id":"id81yECyU0eyboJbc2WwnA","type":"Vod","title":"Zappsport","subtitle":"Zappsport","description":null,"formattedEpisodeNumbering":null,"formattedDate":"Za 21 feb. 2015","formattedDateShort":"Feb. 2015","formattedTime":"08:54","formattedDuration":"16m","formattedAvailabilityWindow":null,"formattedAvailabilityWindowShort":null,"image":{"portraitUrl":null,"landscapeUrl":"https:\/\/images.nlziet.nl\/metadataimportimages\/source\/62C79415458E98E1B6F1F589D8846CA0DC2C22A729366ACC784753D555B9D7C0.jpg"},"logo":{"normalUrl":"https:\/\/cdn.nlziet.nl\/static\/assets\/contentproviders\/npo.png","darkUrl":"https:\/\/cdn.nlziet.nl\/static\/assets\/contentproviders\/dark\/npo.png","flatUrl":"https:\/\/cdn.nlziet.nl\/static\/assets\/contentproviders\/flat\/npo.png"},"tags":[],"seriesId":"7QrOqPrilEGeM3pgWB1w1A"},{"id":"u8o6BCpu5USlkyHP_xaXSw","type":"Vod","title":"Zappsport","subtitle":"Zappsport Schaatsteam","description":null,"formattedEpisodeNumbering":null,"formattedDate":"Wo 18 feb. 2015","formattedDateShort":"Feb. 2015","formattedTime":"14:39","formattedDuration":"10m","formattedAvailabilityWindow":null,"formattedAvailabilityWindowShort":null,"image":{"portraitUrl":null,"landscapeUrl":"https:\/\/images.nlziet.nl\/metadataimportimages\/source\/B0F0D0A3EC6116DBE57DBE5C6CA0F50B4A7FA76CD05C697C108A2C33EAAB0F9D.jpg"},"logo":{"normalUrl":"https:\/\/cdn.nlziet.nl\/static\/assets\/contentproviders\/npo.png","darkUrl":"https:\/\/cdn.nlziet.nl\/static\/assets\/contentproviders\/dark\/npo.png","flatUrl":"https:\/\/cdn.nlziet.nl\/static\/assets\/contentproviders\/flat\/npo.png"},"tags":[],"seriesId":"7QrOqPrilEGeM3pgWB1w1A"},{"id":"kxP4jjYPr0qI8p47uQvCwA","type":"Vod","title":"Zappsport","subtitle":"Zappsport","description":null,"formattedEpisodeNumbering":null,"formattedDate":"Zo 15 feb. 2015","formattedDateShort":"Feb. 2015","formattedTime":"08:38","formattedDuration":"16m","formattedAvailabilityWindow":null,"formattedAvailabilityWindowShort":null,"image":{"portraitUrl":null,"landscapeUrl":"https:\/\/images.nlziet.nl\/metadataimportimages\/source\/AB679AC6A2866EB5B2F8EBDDB3F486049A9402A591BA70FDEE7BE84AE3A1F8C0.jpg"},"logo":{"normalUrl":"https:\/\/cdn.nlziet.nl\/static\/assets\/contentproviders\/npo.png","darkUrl":"https:\/\/cdn.nlziet.nl\/static\/assets\/contentproviders\/dark\/npo.png","flatUrl":"https:\/\/cdn.nlziet.nl\/static\/assets\/contentproviders\/flat\/npo.png"},"tags":[],"seriesId":"7QrOqPrilEGeM3pgWB1w1A"},{"id":"yreznDC0HUKoNHZhSBUQWA","type":"Vod","title":"Zappsport","subtitle":"Zappsport","description":null,"formattedEpisodeNumbering":null,"formattedDate":"Za 14 feb. 2015","formattedDateShort":"Feb. 2015","formattedTime":"08:54","formattedDuration":"16m","formattedAvailabilityWindow":null,"formattedAvailabilityWindowShort":null,"image":{"portraitUrl":null,"landscapeUrl":"https:\/\/images.nlziet.nl\/metadataimportimages\/source\/1FA13A24C84BD83FF55E34E7B46D87C002C8C35F11DA37E134A250CC98F0B6E1.jpg"},"logo":{"normalUrl":"https:\/\/cdn.nlziet.nl\/static\/assets\/contentproviders\/npo.png","darkUrl":"https:\/\/cdn.nlziet.nl\/static\/assets\/contentproviders\/dark\/npo.png","flatUrl":"https:\/\/cdn.nlziet.nl\/static\/assets\/contentproviders\/flat\/npo.png"},"tags":[],"seriesId":"7QrOqPrilEGeM3pgWB1w1A"},{"id":"Ku02DhukkkC3M6JuW7Vqrg","type":"Vod","title":"Zappsport","subtitle":"Zappsport","description":null,"formattedEpisodeNumbering":null,"formattedDate":"Zo 8 feb. 2015","formattedDateShort":"Feb. 2015","formattedTime":"08:42","formattedDuration":"16m","formattedAvailabilityWindow":null,"formattedAvailabilityWindowShort":null,"image":{"portraitUrl":null,"landscapeUrl":"https:\/\/images.nlziet.nl\/metadataimportimages\/source\/A497518801B55A53ACCDF293F35A97E215140AC136D18EED72FEAAC041830494.jpg"},"logo":{"normalUrl":"https:\/\/cdn.nlziet.nl\/static\/assets\/contentproviders\/npo.png","darkUrl":"https:\/\/cdn.nlziet.nl\/static\/assets\/contentproviders\/dark\/npo.png","flatUrl":"https:\/\/cdn.nlziet.nl\/static\/assets\/contentproviders\/flat\/npo.png"},"tags":[],"seriesId":"7QrOqPrilEGeM3pgWB1w1A"},{"id":"C_ZlIaKV4EqWGArZcO_3iA","type":"Vod","title":"Zappsport","subtitle":"Zappsport","description":null,"formattedEpisodeNumbering":null,"formattedDate":"Za 7 feb. 2015","formattedDateShort":"Feb. 2015","formattedTime":"08:54","formattedDuration":"15m","formattedAvailabilityWindow":null,"formattedAvailabilityWindowShort":null,"image":{"portraitUrl":null,"landscapeUrl":"https:\/\/images.nlziet.nl\/metadataimportimages\/source\/9B0BBD30134DA8F3C243C1BA95E83B33B0734BEBD71E4040DD275FCE742FBA14.jpg"},"logo":{"normalUrl":"https:\/\/cdn.nlziet.nl\/static\/assets\/contentproviders\/npo.png","darkUrl":"https:\/\/cdn.nlziet.nl\/static\/assets\/contentproviders\/dark\/npo.png","flatUrl":"https:\/\/cdn.nlziet.nl\/static\/assets\/contentproviders\/flat\/npo.png"},"tags":[],"seriesId":"7QrOqPrilEGeM3pgWB1w1A"},{"id":"ydsKAM6sSEC6QPG9exVx5Q","type":"Vod","title":"Zappsport","subtitle":"Zappsport","description":"AVROTROS - Kindersportprogramma. Na een succesvolle serie rondom het WK Voetbal komen in Zappsport weer alle takken van sport voorbij. In het wekelijkse onderdeel 'The Battle' strijden de jongens tegen de meiden in een bepaalde sport. Ron staat in dit onderdeel tegenover de bloedfanatieke 'teamcaptain' Naomi van As. Kinderen met een sportprobleem krijgen hulp van een beroemde topsporter in de 'Hellup', de vetste trucs worden uitgelegd in 'The Move' en zijn er regelmatig specials te zien rondom grote sporttoernooien.","formattedEpisodeNumbering":null,"formattedDate":"Zo 1 feb. 2015","formattedDateShort":"Feb. 2015","formattedTime":"08:39","formattedDuration":"16m","formattedAvailabilityWindow":null,"formattedAvailabilityWindowShort":null,"image":{"portraitUrl":null,"landscapeUrl":"https:\/\/images.nlziet.nl\/metadataimportimages\/source\/AE6286FDDC8CF2046A20E71DE5021CDD8D7959263E0ECB03FD99F8527B00FB0B.jpg"},"logo":{"normalUrl":"https:\/\/cdn.nlziet.nl\/static\/assets\/contentproviders\/npo.png","darkUrl":"https:\/\/cdn.nlziet.nl\/static\/assets\/contentproviders\/dark\/npo.png","flatUrl":"https:\/\/cdn.nlziet.nl\/static\/assets\/contentproviders\/flat\/npo.png"},"tags":[],"seriesId":"7QrOqPrilEGeM3pgWB1w1A"},{"id":"GVnz-kNCrUiOWAp7Klw7FA","type":"Vod","title":"Zappsport","subtitle":"Zappsport","description":null,"formattedEpisodeNumbering":null,"formattedDate":"Za 31 jan. 2015","formattedDateShort":"Jan. 2015","formattedTime":"08:55","formattedDuration":"16m","formattedAvailabilityWindow":null,"formattedAvailabilityWindowShort":null,"image":{"portraitUrl":null,"landscapeUrl":"https:\/\/images.nlziet.nl\/metadataimportimages\/source\/2A81D152FB62178894C127E3CFDF12CA2F29EEA3C493DDB5B168300EBA228BA5.jpg"},"logo":{"normalUrl":"https:\/\/cdn.nlziet.nl\/static\/assets\/contentproviders\/npo.png","darkUrl":"https:\/\/cdn.nlziet.nl\/static\/assets\/contentproviders\/dark\/npo.png","flatUrl":"https:\/\/cdn.nlziet.nl\/static\/assets\/contentproviders\/flat\/npo.png"},"tags":[],"seriesId":"7QrOqPrilEGeM3pgWB1w1A"},{"id":"NVBnpKaFx0imjxfCxVv4qA","type":"Vod","title":"Zappsport","subtitle":"Zappsport","description":null,"formattedEpisodeNumbering":null,"formattedDate":"Zo 25 jan. 2015","formattedDateShort":"Jan. 2015","formattedTime":"08:39","formattedDuration":"16m","formattedAvailabilityWindow":null,"formattedAvailabilityWindowShort":null,"image":{"portraitUrl":null,"landscapeUrl":"https:\/\/images.nlziet.nl\/metadataimportimages\/source\/C86B1B5F435D35AD8838337C5DB6CA00069DAFE59BC965E7A43836EB7FE7D753.jpg"},"logo":{"normalUrl":"https:\/\/cdn.nlziet.nl\/static\/assets\/contentproviders\/npo.png","darkUrl":"https:\/\/cdn.nlziet.nl\/static\/assets\/contentproviders\/dark\/npo.png","flatUrl":"https:\/\/cdn.nlziet.nl\/static\/assets\/contentproviders\/flat\/npo.png"},"tags":[],"seriesId":"7QrOqPrilEGeM3pgWB1w1A"},{"id":"83pcmS0rPk6vTaC1YOVg2w","type":"Vod","title":"Zappsport","subtitle":"Zappsport","description":null,"formattedEpisodeNumbering":null,"formattedDate":"Za 24 jan. 2015","formattedDateShort":"Jan. 2015","formattedTime":"08:55","formattedDuration":"16m","formattedAvailabilityWindow":null,"formattedAvailabilityWindowShort":null,"image":{"portraitUrl":null,"landscapeUrl":"https:\/\/images.nlziet.nl\/metadataimportimages\/source\/746D0068F4DE346D0132AEB63AE6AB233FA60D9759F4F5A178133C7F94320E34.jpg"},"logo":{"normalUrl":"https:\/\/cdn.nlziet.nl\/static\/assets\/contentproviders\/npo.png","darkUrl":"https:\/\/cdn.nlziet.nl\/static\/assets\/contentproviders\/dark\/npo.png","flatUrl":"https:\/\/cdn.nlziet.nl\/static\/assets\/contentproviders\/flat\/npo.png"},"tags":[],"seriesId":"7QrOqPrilEGeM3pgWB1w1A"},{"id":"Ch5r98mM_ECqhoQ3armAmw","type":"Vod","title":"Zappsport","subtitle":"Zappsport","description":null,"formattedEpisodeNumbering":null,"formattedDate":"Zo 18 jan. 2015","formattedDateShort":"Jan. 2015","formattedTime":"08:41","formattedDuration":"16m","formattedAvailabilityWindow":null,"formattedAvailabilityWindowShort":null,"image":{"portraitUrl":null,"landscapeUrl":"https:\/\/images.nlziet.nl\/metadataimportimages\/source\/FCA68F05C37AA67A792EB9367A82B9509D5E0CD738BD890F9B962D7A69C13E50.jpg"},"logo":{"normalUrl":"https:\/\/cdn.nlziet.nl\/static\/assets\/contentproviders\/npo.png","darkUrl":"https:\/\/cdn.nlziet.nl\/static\/assets\/contentproviders\/dark\/npo.png","flatUrl":"https:\/\/cdn.nlziet.nl\/static\/assets\/contentproviders\/flat\/npo.png"},"tags":[],"seriesId":"7QrOqPrilEGeM3pgWB1w1A"},{"id":"6WAvhSe9Mkep1x039YgReg","type":"Vod","title":"Zappsport","subtitle":"Zappsport","description":null,"formattedEpisodeNumbering":null,"formattedDate":"Za 17 jan. 2015","formattedDateShort":"Jan. 2015","formattedTime":"08:56","formattedDuration":"16m","formattedAvailabilityWindow":null,"formattedAvailabilityWindowShort":null,"image":{"portraitUrl":null,"landscapeUrl":"https:\/\/images.nlziet.nl\/metadataimportimages\/source\/17918FEE4DCAC6D87D5B75E800CE3410DE0EF8454CF7C568399892B800B6F649.jpg"},"logo":{"normalUrl":"https:\/\/cdn.nlziet.nl\/static\/assets\/contentproviders\/npo.png","darkUrl":"https:\/\/cdn.nlziet.nl\/static\/assets\/contentproviders\/dark\/npo.png","flatUrl":"https:\/\/cdn.nlziet.nl\/static\/assets\/contentproviders\/flat\/npo.png"},"tags":[],"seriesId":"7QrOqPrilEGeM3pgWB1w1A"},{"id":"K4lYeu2akUutdX_V2jTkcQ","type":"Vod","title":"Zappsport","subtitle":"Zappsport","description":null,"formattedEpisodeNumbering":null,"formattedDate":"Zo 11 jan. 2015","formattedDateShort":"Jan. 2015","formattedTime":"08:40","formattedDuration":"16m","formattedAvailabilityWindow":null,"formattedAvailabilityWindowShort":null,"image":{"portraitUrl":null,"landscapeUrl":"https:\/\/images.nlziet.nl\/metadataimportimages\/source\/EEF89912BEC21E0D6467CC3CD60B9513815C50CF2EF4E2A18ED6C68D52A54660.jpg"},"logo":{"normalUrl":"https:\/\/cdn.nlziet.nl\/static\/assets\/contentproviders\/npo.png","darkUrl":"https:\/\/cdn.nlziet.nl\/static\/assets\/contentproviders\/dark\/npo.png","flatUrl":"https:\/\/cdn.nlziet.nl\/static\/assets\/contentproviders\/flat\/npo.png"},"tags":[],"seriesId":"7QrOqPrilEGeM3pgWB1w1A"},{"id":"2kcrWG9l3keDvIsbhSIHlA","type":"Vod","title":"Zappsport","subtitle":"Zappsport","description":null,"formattedEpisodeNumbering":null,"formattedDate":"Za 10 jan. 2015","formattedDateShort":"Jan. 2015","formattedTime":"08:53","formattedDuration":"16m","formattedAvailabilityWindow":null,"formattedAvailabilityWindowShort":null,"image":{"portraitUrl":null,"landscapeUrl":"https:\/\/images.nlziet.nl\/metadataimportimages\/source\/67422CC9C5493E21451791EF239FD928B709AB0601378DFD2E117C2DD731DDC2.jpg"},"logo":{"normalUrl":"https:\/\/cdn.nlziet.nl\/static\/assets\/contentproviders\/npo.png","darkUrl":"https:\/\/cdn.nlziet.nl\/static\/assets\/contentproviders\/dark\/npo.png","flatUrl":"https:\/\/cdn.nlziet.nl\/static\/assets\/contentproviders\/flat\/npo.png"},"tags":[],"seriesId":"7QrOqPrilEGeM3pgWB1w1A"}]