[{"id":"CufMHZBPsEu8KVoOjEhFgw","type":"Vod","title":"De Eindmusical","subtitle":"De Eindmusical","description":"AVROTROS - De leerlingen van groep 8 van de basisschool de 7Sprong uit Scherpenzeel werken samen toe naar het spannende, emotionele, maar vooral swingende afscheid van acht jaar basisschool. De leerlingen worden bijgestaan door musical experts Maurice Wijnen en Carline Brouwer.","formattedEpisodeNumbering":null,"formattedDate":"Zo 17 jul.","formattedDateShort":"Zo 17 jul.","formattedTime":"14:25","formattedDuration":"12m","formattedAvailabilityWindow":null,"formattedAvailabilityWindowShort":null,"image":{"portraitUrl":null,"landscapeUrl":"https:\/\/images.nlziet.nl\/metadataimportimages\/source\/FC4A2BB4A15E286B84F5E2D7349F9C3638B655DDD6DFAADB14D472181F97FDCA.jpg"},"logo":{"normalUrl":"https:\/\/cdn.nlziet.nl\/static\/assets\/contentproviders\/npo.png","darkUrl":"https:\/\/cdn.nlziet.nl\/static\/assets\/contentproviders\/dark\/npo.png","flatUrl":"https:\/\/cdn.nlziet.nl\/static\/assets\/contentproviders\/flat\/npo.png"},"tags":[],"seriesId":"7d5yUz7290i2ZYGYqJN28g"},{"id":"mPcIWprlXUWiMhIHGi_D5A","type":"Vod","title":"De Eindmusical","subtitle":"De Eindmusical","description":"AVROTROS - De leerlingen van groep 8 van de basisschool de 7Sprong uit Scherpenzeel werken samen toe naar het spannende afscheid van acht jaar basisschool. De leerlingen worden bijgestaan door musical-experts Maurice Wijnen en Carline Brouwer.","formattedEpisodeNumbering":null,"formattedDate":"Zo 10 jul.","formattedDateShort":"Zo 10 jul.","formattedTime":"14:30","formattedDuration":"15m","formattedAvailabilityWindow":null,"formattedAvailabilityWindowShort":null,"image":{"portraitUrl":null,"landscapeUrl":"https:\/\/images.nlziet.nl\/metadataimportimages\/source\/E3669E4DD9F6626749B209507E71665E92D6C59794A15AE7206CA44CE209F2F0.jpg"},"logo":{"normalUrl":"https:\/\/cdn.nlziet.nl\/static\/assets\/contentproviders\/npo.png","darkUrl":"https:\/\/cdn.nlziet.nl\/static\/assets\/contentproviders\/dark\/npo.png","flatUrl":"https:\/\/cdn.nlziet.nl\/static\/assets\/contentproviders\/flat\/npo.png"},"tags":[],"seriesId":"7d5yUz7290i2ZYGYqJN28g"},{"id":"sirlzSEs9kaMMVBMtDY0uQ","type":"Vod","title":"De Eindmusical","subtitle":"De Eindmusical","description":"AVROTROS - In de scripted-reality serie gaat een groep 8 op musicalkamp, waar een professioneel team bestaande uit Maurice Wijnen en Caroline Brouwer de klas helpt met het instuderen van hun afscheidsmusical.","formattedEpisodeNumbering":null,"formattedDate":"Zo 3 jul.","formattedDateShort":"Zo 3 jul.","formattedTime":"14:30","formattedDuration":"14m","formattedAvailabilityWindow":null,"formattedAvailabilityWindowShort":null,"image":{"portraitUrl":null,"landscapeUrl":"https:\/\/images.nlziet.nl\/metadataimportimages\/source\/8A7FB9F7B2AD674E11BDAE8519A1EF7661E29879BD211254E6BCF12C1614EDC4.jpg"},"logo":{"normalUrl":"https:\/\/cdn.nlziet.nl\/static\/assets\/contentproviders\/npo.png","darkUrl":"https:\/\/cdn.nlziet.nl\/static\/assets\/contentproviders\/dark\/npo.png","flatUrl":"https:\/\/cdn.nlziet.nl\/static\/assets\/contentproviders\/flat\/npo.png"},"tags":[],"seriesId":"7d5yUz7290i2ZYGYqJN28g"},{"id":"n_N5rC4qgU6HEvoCCcqNYw","type":"Vod","title":"De Eindmusical","subtitle":"De Eindmusical","description":"AVROTROS - In de scripted-reality serie gaat een groep 8 op musicalkamp, waar een professioneel team bestaande uit Maurice Wijnen en Caroline Brouwer de klas helpt met het instuderen van hun afscheidsmusical.","formattedEpisodeNumbering":null,"formattedDate":"Zo 26 jun.","formattedDateShort":"Zo 26 jun.","formattedTime":"14:20","formattedDuration":"13m","formattedAvailabilityWindow":null,"formattedAvailabilityWindowShort":null,"image":{"portraitUrl":null,"landscapeUrl":"https:\/\/images.nlziet.nl\/metadataimportimages\/source\/1E87615FC9B3B5265EAEC0AAC9D9377DF24882582D05BC2B71FDFF2D7790D91F.jpg"},"logo":{"normalUrl":"https:\/\/cdn.nlziet.nl\/static\/assets\/contentproviders\/npo.png","darkUrl":"https:\/\/cdn.nlziet.nl\/static\/assets\/contentproviders\/dark\/npo.png","flatUrl":"https:\/\/cdn.nlziet.nl\/static\/assets\/contentproviders\/flat\/npo.png"},"tags":[],"seriesId":"7d5yUz7290i2ZYGYqJN28g"},{"id":"M4SWZllQwEiRwyNo4HFeMg","type":"Vod","title":"De Eindmusical","subtitle":"De Eindmusical","description":"AVROTROS - De leerlingen van groep 8 van de basisschool de 7Sprong uit Scherpenzeel werken samen toe naar het spannende, emotionele, maar vooral swingende afscheid van acht jaar basisschool. De leerlingen worden bijgestaan door musical experts Maurice Wijnen en Carline Brouwer.","formattedEpisodeNumbering":null,"formattedDate":"Zo 19 jun.","formattedDateShort":"Zo 19 jun.","formattedTime":"14:25","formattedDuration":"11m","formattedAvailabilityWindow":null,"formattedAvailabilityWindowShort":null,"image":{"portraitUrl":null,"landscapeUrl":"https:\/\/images.nlziet.nl\/metadataimportimages\/source\/822CCA97AD15ED9DA96EAB6C2C4A7AD33C3CE25767952FF6B1537093F636909C.jpg"},"logo":{"normalUrl":"https:\/\/cdn.nlziet.nl\/static\/assets\/contentproviders\/npo.png","darkUrl":"https:\/\/cdn.nlziet.nl\/static\/assets\/contentproviders\/dark\/npo.png","flatUrl":"https:\/\/cdn.nlziet.nl\/static\/assets\/contentproviders\/flat\/npo.png"},"tags":[],"seriesId":"7d5yUz7290i2ZYGYqJN28g"},{"id":"pFI4iq29_0uWDd0M9Q-eUg","type":"Vod","title":"De Eindmusical","subtitle":"De Eindmusical","description":"AVROTROS - De leerlingen van groep 8 van de basisschool de 7Sprong uit Scherpenzeel werken samen toe naar het spannende, emotionele, maar vooral swingende afscheid van acht jaar basisschool. De leerlingen worden bijgestaan door musical experts Maurice Wijnen en Carline Brouwer.","formattedEpisodeNumbering":null,"formattedDate":"Zo 12 jun.","formattedDateShort":"Zo 12 jun.","formattedTime":"14:30","formattedDuration":"12m","formattedAvailabilityWindow":null,"formattedAvailabilityWindowShort":null,"image":{"portraitUrl":null,"landscapeUrl":"https:\/\/images.nlziet.nl\/metadataimportimages\/source\/15BA3DA6ED8B3CA4F377394892705F142335CCB100906BAC395A59C3DE81CC45.jpg"},"logo":{"normalUrl":"https:\/\/cdn.nlziet.nl\/static\/assets\/contentproviders\/npo.png","darkUrl":"https:\/\/cdn.nlziet.nl\/static\/assets\/contentproviders\/dark\/npo.png","flatUrl":"https:\/\/cdn.nlziet.nl\/static\/assets\/contentproviders\/flat\/npo.png"},"tags":[],"seriesId":"7d5yUz7290i2ZYGYqJN28g"},{"id":"vpMb8RTdXkaBTCRz7OwrOg","type":"Vod","title":"De Eindmusical","subtitle":"De Eindmusical","description":"AVROTROS - In de scripted-reality serie gaat een groep 8 op musicalkamp, waar een professioneel team bestaande uit Maurice Wijnen en Caroline Brouwer de klas helpt met het instuderen van hun afscheidsmusical.","formattedEpisodeNumbering":null,"formattedDate":"Zo 5 jun.","formattedDateShort":"Zo 5 jun.","formattedTime":"14:30","formattedDuration":"13m","formattedAvailabilityWindow":null,"formattedAvailabilityWindowShort":null,"image":{"portraitUrl":null,"landscapeUrl":"https:\/\/images.nlziet.nl\/metadataimportimages\/source\/DBEBE092A4AC7CB40FF73853666B95EC5F6C67E00B7F18ECD803926D91A47112.jpg"},"logo":{"normalUrl":"https:\/\/cdn.nlziet.nl\/static\/assets\/contentproviders\/npo.png","darkUrl":"https:\/\/cdn.nlziet.nl\/static\/assets\/contentproviders\/dark\/npo.png","flatUrl":"https:\/\/cdn.nlziet.nl\/static\/assets\/contentproviders\/flat\/npo.png"},"tags":[],"seriesId":"7d5yUz7290i2ZYGYqJN28g"},{"id":"zQfM5CGx60SFaDrjENq7HA","type":"Vod","title":"De Eindmusical","subtitle":"De Eindmusical","description":"AVROTROS - In de scripted-reality serie gaat een groep 8 op musicalkamp, waar een professioneel team bestaande uit Maurice Wijnen en Caroline Brouwer de klas helpt met het instuderen van hun afscheidsmusical.","formattedEpisodeNumbering":null,"formattedDate":"Zo 29 mei.","formattedDateShort":"Zo 29 mei.","formattedTime":"14:25","formattedDuration":"13m","formattedAvailabilityWindow":null,"formattedAvailabilityWindowShort":null,"image":{"portraitUrl":null,"landscapeUrl":"https:\/\/images.nlziet.nl\/metadataimportimages\/source\/F87EF65A8809C137F8783DBD3E7AA11627357AFC044A79EFCC1044EA98D99E40.jpg"},"logo":{"normalUrl":"https:\/\/cdn.nlziet.nl\/static\/assets\/contentproviders\/npo.png","darkUrl":"https:\/\/cdn.nlziet.nl\/static\/assets\/contentproviders\/dark\/npo.png","flatUrl":"https:\/\/cdn.nlziet.nl\/static\/assets\/contentproviders\/flat\/npo.png"},"tags":[],"seriesId":"7d5yUz7290i2ZYGYqJN28g"},{"id":"THPU5raiEU-yajiS15qXdA","type":"Vod","title":"De Eindmusical","subtitle":"De Eindmusical","description":"AVROTROS - De leerlingen van groep 8 van de basisschool de 7Sprong uit Scherpenzeel werken samen toe naar het spannende, emotionele, maar vooral swingende afscheid van acht jaar basisschool. De leerlingen worden bijgestaan door musical experts Maurice Wijnen en Carline Brouwer.","formattedEpisodeNumbering":null,"formattedDate":"Zo 22 mei.","formattedDateShort":"Zo 22 mei.","formattedTime":"14:30","formattedDuration":"11m","formattedAvailabilityWindow":null,"formattedAvailabilityWindowShort":null,"image":{"portraitUrl":null,"landscapeUrl":"https:\/\/images.nlziet.nl\/metadataimportimages\/source\/9ED19BBA10108247FDAF2EE4992735638EA07A021892FB26E9561F3CDBC073B9.jpg"},"logo":{"normalUrl":"https:\/\/cdn.nlziet.nl\/static\/assets\/contentproviders\/npo.png","darkUrl":"https:\/\/cdn.nlziet.nl\/static\/assets\/contentproviders\/dark\/npo.png","flatUrl":"https:\/\/cdn.nlziet.nl\/static\/assets\/contentproviders\/flat\/npo.png"},"tags":[],"seriesId":"7d5yUz7290i2ZYGYqJN28g"},{"id":"m8KfWrejCkW5LHi8YboNgg","type":"Vod","title":"De Eindmusical","subtitle":"De Eindmusical","description":"AVROTROS - De leerlingen van groep 8 van de basisschool de 7Sprong uit Scherpenzeel werken samen toe naar het spannende, emotionele, maar vooral swingende afscheid van acht jaar basisschool. De leerlingen worden bijgestaan door musical experts Maurice Wijnen en Carline Brouwer.","formattedEpisodeNumbering":null,"formattedDate":"Zo 15 mei.","formattedDateShort":"Zo 15 mei.","formattedTime":"14:20","formattedDuration":"12m","formattedAvailabilityWindow":null,"formattedAvailabilityWindowShort":null,"image":{"portraitUrl":null,"landscapeUrl":"https:\/\/images.nlziet.nl\/metadataimportimages\/source\/160FF9519A83CF9EAC0664CB79D1FE440DCCFD3F0AB87EA8DC58359023580D23.jpg"},"logo":{"normalUrl":"https:\/\/cdn.nlziet.nl\/static\/assets\/contentproviders\/npo.png","darkUrl":"https:\/\/cdn.nlziet.nl\/static\/assets\/contentproviders\/dark\/npo.png","flatUrl":"https:\/\/cdn.nlziet.nl\/static\/assets\/contentproviders\/flat\/npo.png"},"tags":[],"seriesId":"7d5yUz7290i2ZYGYqJN28g"}]