[{"id":"5mog8FR9DUWqyVT8_1fgDw","type":"Vod","title":"Vermist","subtitle":"Vermist","description":"TROS - -Familie rozenmeisje legt rozen op graf. Het Rozenmeisje dankt haar naam aan de rozenkwekerijen nabij de plek waar ze in 1996 vermoord is gevonden. Veertien jaar lang kon ze niet worden ge\u00efdentificeerd tot VERMIST haar familie vond in Polen. Deze week stonden haar moeder, broer, schoonzus en nicht bij het naamloze graf in het Limburgse Grubbenvorst. Het Rozenmeisje heet Jozefa Wyka en was 20 jaar toen ze in 1996 uit het Poolse Gorzow verdween. De familie is ontvangen door de politie Limburg-Noord en de Duitse politie heeft DNA afgenomen. Met oud-burgemeester Kersten is de plaats bezocht waar het Rozenmeisje destijds is aangetroffen. Krystyna, de moeder van Jozefa vertelt wie haar dochter was. -Klikogastronoom Gerard zoekt familie. In het Drentse dorp Hollandscheveld wordt de 41-jarige Gerard Padberg als zonderling beschouwd. Met zijn honden en bakfiets schuimt hij dagelijks de vuilcontainers af bij de plaatselijke buurtsupers. Uit de afgedankte etenswaren zoekt hij zijn dagelijkse maaltje bijeen. Maar Gerard zoekt meer. Hij heeft sinds 1973 zijn tante Stientje niet meer gezien en ook zou hij graag zijn twee halfzussen vinden. Hij vraagt de hulp van kijkers. -De mysterieuze dood van Nicky Verstappen. Deze week verscheen het boek over de misstanden rond de verdwijning van Nicky Verstappen uit Heibloem. De familie heeft na veertien jaar nog geen antwoorden op de vragen rond de moord op Nicky. In VERMIST vertellen ze waarom dit boek moest verschijnen.","formattedEpisodeNumbering":null,"formattedDate":"Vr 12 nov. 2010","formattedDateShort":"Nov. 2010","formattedTime":"21:25","formattedDuration":"1u 0m","formattedAvailabilityWindow":null,"formattedAvailabilityWindowShort":null,"image":{"portraitUrl":null,"landscapeUrl":"https:\/\/images.nlziet.nl\/metadataimportimages\/source\/AEB6770DBBF46039E3D8651964B920257874378D0D5598FB9791D1BAEFEF7853.jpg"},"logo":{"normalUrl":"https:\/\/cdn.nlziet.nl\/static\/assets\/contentproviders\/npo.png","darkUrl":"https:\/\/cdn.nlziet.nl\/static\/assets\/contentproviders\/dark\/npo.png","flatUrl":"https:\/\/cdn.nlziet.nl\/static\/assets\/contentproviders\/flat\/npo.png"},"tags":[],"seriesId":"52q75TpNoE-2XJjFtpxYGg"}]