[{"id":"fihQ17155EqZn3kDfa1QIA","type":"Vod","title":"Pride and Prejudice","subtitle":"","description":"KRO-NCRV - Elisabeth ontdekt dat Darcy er achter de schermen persoonlijk voor gezorgd heeft, dat Wickham uiteindelijk getrouwd is met haar zus Lydia. Mrs Bennett laat geen gelegenheid onbenut om een volgende dochter aan de man te krijgen. Dit keer is Jane aan de beurt en de inzet is om haar te koppelen aan niemand minder dan Mr. Bingley. Inmiddels gaat ook het gerucht, dat Elisabeth haar ja-woord aan Darcy gaat geven. Elisabeth weet zelf van niks, maar weigert het hardnekkige gerucht te ontkennen.","formattedEpisodeNumbering":"S1:A6","formattedDate":"Do 4 aug. 2011","formattedDateShort":"Aug. 2011","formattedTime":"20:53","formattedDuration":"49m","formattedAvailabilityWindow":null,"formattedAvailabilityWindowShort":null,"image":{"portraitUrl":null,"landscapeUrl":"https:\/\/images.nlziet.nl\/metadataimportimages\/source\/CC28FC61A52CB0ACE59F18D8D62350D9D53A9C2331A5FC25FB821E111794FC79.jpg"},"logo":{"normalUrl":"https:\/\/cdn.nlziet.nl\/static\/assets\/contentproviders\/npo.png","darkUrl":"https:\/\/cdn.nlziet.nl\/static\/assets\/contentproviders\/dark\/npo.png","flatUrl":"https:\/\/cdn.nlziet.nl\/static\/assets\/contentproviders\/flat\/npo.png"},"tags":[],"seriesId":"8DSS6KmgA0izQ0U-7MjkZA"},{"id":"twWJ2s2WFkykPQNuzhi8wA","type":"Vod","title":"Pride and Prejudice","subtitle":"","description":"KRO-NCRV - Darcy en Elisabeth voelen zich steeds meer tot elkaar aangetrokken. Hun blikken spreken boekdelen. De volgende dag brengt rampzalig nieuws voor Elisabeth. Haar zus Lydia is er vandoor gegaan met Wickham. Vertrokken met onbekende bestemming. Een familieschandaal kan hun hele reputatie voorgoed beschadigen. In huize Bennett is iedereen van de leg en lopen de gemoederen hoog op. Wanhopige pogingen worden ondernomen om het gevluchte stel op te sporen. Daarbij komt er vanuit onverwachte hoek hulp.","formattedEpisodeNumbering":"S1:A5","formattedDate":"Do 28 jul. 2011","formattedDateShort":"Jul. 2011","formattedTime":"20:52","formattedDuration":"48m","formattedAvailabilityWindow":null,"formattedAvailabilityWindowShort":null,"image":{"portraitUrl":null,"landscapeUrl":"https:\/\/images.nlziet.nl\/metadataimportimages\/source\/E4537BFC23D57108B5FB256A50C56F3FA071A3CA062524870A5D28ED73A17250.jpg"},"logo":{"normalUrl":"https:\/\/cdn.nlziet.nl\/static\/assets\/contentproviders\/npo.png","darkUrl":"https:\/\/cdn.nlziet.nl\/static\/assets\/contentproviders\/dark\/npo.png","flatUrl":"https:\/\/cdn.nlziet.nl\/static\/assets\/contentproviders\/flat\/npo.png"},"tags":[],"seriesId":"8DSS6KmgA0izQ0U-7MjkZA"},{"id":"FtnL3TL6S0SBUxOr6Jv2OQ","type":"Vod","title":"Pride and Prejudice","subtitle":"","description":"KRO-NCRV - Nadat hij door Elisabeth is afgewezen, laat Darcy het er niet bij zitten en zet een tegenaanval in. Wickham wordt ontmaskerd als een bedrieger, die alleen maar uit is op de spaarcentjes van de dames, van wie hij de hoofden op hol brengt. Tijdens de zomer kruisen de wegen van Darcy en Elisabeth zich opnieuw. Op het landgoed Pemberley lopen ze elkaar letterlijk en figuurlijk tegen het lijf.","formattedEpisodeNumbering":"S1:A4","formattedDate":"Do 21 jul. 2011","formattedDateShort":"Jul. 2011","formattedTime":"20:55","formattedDuration":"52m","formattedAvailabilityWindow":null,"formattedAvailabilityWindowShort":null,"image":{"portraitUrl":null,"landscapeUrl":"https:\/\/images.nlziet.nl\/metadataimportimages\/source\/317B2CB52E131524B03E3AE804082CE3901CFC62C8C07386CEAB75691B6BEB39.jpg"},"logo":{"normalUrl":"https:\/\/cdn.nlziet.nl\/static\/assets\/contentproviders\/npo.png","darkUrl":"https:\/\/cdn.nlziet.nl\/static\/assets\/contentproviders\/dark\/npo.png","flatUrl":"https:\/\/cdn.nlziet.nl\/static\/assets\/contentproviders\/flat\/npo.png"},"tags":[],"seriesId":"8DSS6KmgA0izQ0U-7MjkZA"},{"id":"Ra6BJQpyQE-XO0GHUlWI4A","type":"Vod","title":"Pride and Prejudice","subtitle":"","description":"KRO-NCRV - Elisabeth is verontwaardigd, wanneer zij hoort dat haar beste vriendin, Charlotte, een huwelijksaanbod van Mr. Collins heeft geaccepteerd. Jane is \u00e9\u00e9n en al liefdesverdriet, wanneer zij hoort dat Mr. Bingley met zijn gevolg naar Londen is vertrokken. Darcy komt Elisabeth opzoeken om haar zijn liefde te bekennen, maar zijn timing is allesbehalve gelukkig.","formattedEpisodeNumbering":"S1:A3","formattedDate":"Do 14 jul. 2011","formattedDateShort":"Jul. 2011","formattedTime":"20:57","formattedDuration":"52m","formattedAvailabilityWindow":null,"formattedAvailabilityWindowShort":null,"image":{"portraitUrl":null,"landscapeUrl":"https:\/\/images.nlziet.nl\/metadataimportimages\/source\/09C5837319F62CACCB13E4E99C9C3EB643512704FB127F0865F460E2D7117D44.jpg"},"logo":{"normalUrl":"https:\/\/cdn.nlziet.nl\/static\/assets\/contentproviders\/npo.png","darkUrl":"https:\/\/cdn.nlziet.nl\/static\/assets\/contentproviders\/dark\/npo.png","flatUrl":"https:\/\/cdn.nlziet.nl\/static\/assets\/contentproviders\/flat\/npo.png"},"tags":[],"seriesId":"8DSS6KmgA0izQ0U-7MjkZA"},{"id":"weCRfvK9MEqcj393dfw5dg","type":"Vod","title":"Pride and Prejudice","subtitle":"","description":"KRO-NCRV - De Bennetts krijgen bezoek van een ver familielid, Mr. Collins die -bij afwezigheid van directe manlijke erfgenamen- het familielandgoed zal gaan erven. Hij is op zoek naar een geschikte huwelijkspartner en heeft zijn oog laten vallen op \u00e9\u00e9n van de dochters. Maar het enthousiasme aan die kant is gering: ze vinden Collins saai en onaantrekkelijk.Tegelijkertijd duikt ook een legerofficier, George Wickham, op, die met zijn charmes en zijn mooie uiterlijk de harten van diverse dames op hol brengt.","formattedEpisodeNumbering":"S1:A2","formattedDate":"Do 7 jul. 2011","formattedDateShort":"Jul. 2011","formattedTime":"20:56","formattedDuration":"53m","formattedAvailabilityWindow":null,"formattedAvailabilityWindowShort":null,"image":{"portraitUrl":null,"landscapeUrl":"https:\/\/images.nlziet.nl\/metadataimportimages\/source\/A2949E4D4E53EB86C4CF728DC09503533A2BE90184CB7532E0FCA90A2F377430.jpg"},"logo":{"normalUrl":"https:\/\/cdn.nlziet.nl\/static\/assets\/contentproviders\/npo.png","darkUrl":"https:\/\/cdn.nlziet.nl\/static\/assets\/contentproviders\/dark\/npo.png","flatUrl":"https:\/\/cdn.nlziet.nl\/static\/assets\/contentproviders\/flat\/npo.png"},"tags":[],"seriesId":"8DSS6KmgA0izQ0U-7MjkZA"},{"id":"ioabQ5TeaEmG5dsDd4OZcA","type":"Vod","title":"Pride and Prejudice","subtitle":"","description":"KRO-NCRV - Twee rijke en aantrekkelijke vrijgezelle mannen, Mr. Bingley en Mr. Darcey, vestigen zich op het landgoed Netherton park in Hertfordshire. Hun komst zorgt voor grote onrust in Longborn House. Daar woont Mrs. Bennett met haar vijf huwbare dochters. Zij ziet de beide heren als een geschenk uit de hemel om eindelijk haar dochters aan de man te brengen. Wanneer dochter Jane uitgenodigd wordt om te dineren bij Mr. Bingley thuis, vat ze kou en wordt ze gedwongen bij hem te overnachten.","formattedEpisodeNumbering":"S1:A1","formattedDate":"Do 30 jun. 2011","formattedDateShort":"Jun. 2011","formattedTime":"20:58","formattedDuration":"53m","formattedAvailabilityWindow":null,"formattedAvailabilityWindowShort":null,"image":{"portraitUrl":null,"landscapeUrl":"https:\/\/images.nlziet.nl\/metadataimportimages\/source\/3C771A2E20458BEAD091ED178C17BE630C4E8BD3378D29F8D8689B1169C1138E.jpg"},"logo":{"normalUrl":"https:\/\/cdn.nlziet.nl\/static\/assets\/contentproviders\/npo.png","darkUrl":"https:\/\/cdn.nlziet.nl\/static\/assets\/contentproviders\/dark\/npo.png","flatUrl":"https:\/\/cdn.nlziet.nl\/static\/assets\/contentproviders\/flat\/npo.png"},"tags":[],"seriesId":"8DSS6KmgA0izQ0U-7MjkZA"}]