[{"id":"Thym7f70oUaOx9hSKCcPUw","type":"Vod","title":"NOS Journaal met gebarentaal","subtitle":"NOS Journaal met gebarentolk","description":"NOS - Met het laatste nieuws en de weersverwachting.","formattedEpisodeNumbering":null,"formattedDate":"Vr 25 okt. 2019","formattedDateShort":"Okt. 2019","formattedTime":"08:29","formattedDuration":"3m","formattedAvailabilityWindow":null,"formattedAvailabilityWindowShort":null,"image":{"portraitUrl":null,"landscapeUrl":"https:\/\/images.nlziet.nl\/metadataimportimages\/source\/B4737C54E87A79E93CFD058EBDB0A71171354FD62BA02B6F002E9A167FFAFFFE.jpg"},"logo":{"normalUrl":"https:\/\/cdn.nlziet.nl\/static\/assets\/contentproviders\/npo.png","darkUrl":"https:\/\/cdn.nlziet.nl\/static\/assets\/contentproviders\/dark\/npo.png","flatUrl":"https:\/\/cdn.nlziet.nl\/static\/assets\/contentproviders\/flat\/npo.png"},"tags":[],"seriesId":"6pbrb5qCSEmKJooY61Bb_Q"},{"id":"zj5AgfxIm0yFoXnoPaZGoQ","type":"Vod","title":"NOS Journaal met gebarentaal","subtitle":"NOS Journaal met gebarentolk","description":"NOS - Met het laatste nieuws en de weersverwachting.","formattedEpisodeNumbering":null,"formattedDate":"Do 24 okt. 2019","formattedDateShort":"Okt. 2019","formattedTime":"08:30","formattedDuration":"4m","formattedAvailabilityWindow":null,"formattedAvailabilityWindowShort":null,"image":{"portraitUrl":null,"landscapeUrl":"https:\/\/images.nlziet.nl\/metadataimportimages\/source\/B5730FF01A9E476A5CF6E15479D9DEEED7B6F9FB19C113A89A7C32FEEBC9FC59.jpg"},"logo":{"normalUrl":"https:\/\/cdn.nlziet.nl\/static\/assets\/contentproviders\/npo.png","darkUrl":"https:\/\/cdn.nlziet.nl\/static\/assets\/contentproviders\/dark\/npo.png","flatUrl":"https:\/\/cdn.nlziet.nl\/static\/assets\/contentproviders\/flat\/npo.png"},"tags":[],"seriesId":"6pbrb5qCSEmKJooY61Bb_Q"},{"id":"2CFj2xfEW0mJ9fn91cYvsg","type":"Vod","title":"NOS Journaal met gebarentaal","subtitle":"NOS Journaal met gebarentolk","description":"NOS - Met het laatste nieuws en de weersverwachting.","formattedEpisodeNumbering":null,"formattedDate":"Wo 23 okt. 2019","formattedDateShort":"Okt. 2019","formattedTime":"08:30","formattedDuration":"4m","formattedAvailabilityWindow":null,"formattedAvailabilityWindowShort":null,"image":{"portraitUrl":null,"landscapeUrl":"https:\/\/images.nlziet.nl\/metadataimportimages\/source\/0A10D7A57A73AD42BD95E9CECD012DE50EF71C2E04DC680FDEBEE9C0FCEEFE66.jpg"},"logo":{"normalUrl":"https:\/\/cdn.nlziet.nl\/static\/assets\/contentproviders\/npo.png","darkUrl":"https:\/\/cdn.nlziet.nl\/static\/assets\/contentproviders\/dark\/npo.png","flatUrl":"https:\/\/cdn.nlziet.nl\/static\/assets\/contentproviders\/flat\/npo.png"},"tags":[],"seriesId":"6pbrb5qCSEmKJooY61Bb_Q"},{"id":"N6aKZE8dZE6REhiR-jFSjw","type":"Vod","title":"NOS Journaal met gebarentaal","subtitle":"NOS Journaal met gebarentolk","description":"NOS - Met het laatste nieuws en de weersverwachting.","formattedEpisodeNumbering":null,"formattedDate":"Di 22 okt. 2019","formattedDateShort":"Okt. 2019","formattedTime":"08:29","formattedDuration":"4m","formattedAvailabilityWindow":null,"formattedAvailabilityWindowShort":null,"image":{"portraitUrl":null,"landscapeUrl":"https:\/\/images.nlziet.nl\/metadataimportimages\/source\/F586C13E60408CFFF9DA9E569EDAF2984B304D74D4E6FF9076DD2EFB2D868948.jpg"},"logo":{"normalUrl":"https:\/\/cdn.nlziet.nl\/static\/assets\/contentproviders\/npo.png","darkUrl":"https:\/\/cdn.nlziet.nl\/static\/assets\/contentproviders\/dark\/npo.png","flatUrl":"https:\/\/cdn.nlziet.nl\/static\/assets\/contentproviders\/flat\/npo.png"},"tags":[],"seriesId":"6pbrb5qCSEmKJooY61Bb_Q"},{"id":"1jnmVctG0Eik24R4MYRahg","type":"Vod","title":"NOS Journaal met gebarentaal","subtitle":"NOS Journaal met gebarentolk","description":"NOS - Met het laatste nieuws en de weersverwachting.","formattedEpisodeNumbering":null,"formattedDate":"Ma 21 okt. 2019","formattedDateShort":"Okt. 2019","formattedTime":"08:30","formattedDuration":"4m","formattedAvailabilityWindow":null,"formattedAvailabilityWindowShort":null,"image":{"portraitUrl":null,"landscapeUrl":"https:\/\/images.nlziet.nl\/metadataimportimages\/source\/22B2D87711F784E33B892FDBBD4DC45F8BEA94CA27F75B00760A3CCC181E983B.jpg"},"logo":{"normalUrl":"https:\/\/cdn.nlziet.nl\/static\/assets\/contentproviders\/npo.png","darkUrl":"https:\/\/cdn.nlziet.nl\/static\/assets\/contentproviders\/dark\/npo.png","flatUrl":"https:\/\/cdn.nlziet.nl\/static\/assets\/contentproviders\/flat\/npo.png"},"tags":[],"seriesId":"6pbrb5qCSEmKJooY61Bb_Q"},{"id":"3CtcDzdmi0GUQEFgR4G8sA","type":"Vod","title":"NOS Journaal met gebarentaal","subtitle":"NOS Journaal met gebarentolk","description":"NOS - Met het laatste nieuws en de weersverwachting.","formattedEpisodeNumbering":null,"formattedDate":"Vr 18 okt. 2019","formattedDateShort":"Okt. 2019","formattedTime":"08:30","formattedDuration":"3m","formattedAvailabilityWindow":null,"formattedAvailabilityWindowShort":null,"image":{"portraitUrl":null,"landscapeUrl":"https:\/\/images.nlziet.nl\/metadataimportimages\/source\/1A2C779408FB41F82C804E4012546E8EBB5BA6C67570E575E443C149E8853A83.jpg"},"logo":{"normalUrl":"https:\/\/cdn.nlziet.nl\/static\/assets\/contentproviders\/npo.png","darkUrl":"https:\/\/cdn.nlziet.nl\/static\/assets\/contentproviders\/dark\/npo.png","flatUrl":"https:\/\/cdn.nlziet.nl\/static\/assets\/contentproviders\/flat\/npo.png"},"tags":[],"seriesId":"6pbrb5qCSEmKJooY61Bb_Q"},{"id":"1N6TnPt6mkGyrpwaF6MEiw","type":"Vod","title":"NOS Journaal met gebarentaal","subtitle":"NOS Journaal met gebarentolk","description":"NOS - Met het laatste nieuws en de weersverwachting.","formattedEpisodeNumbering":null,"formattedDate":"Do 17 okt. 2019","formattedDateShort":"Okt. 2019","formattedTime":"08:29","formattedDuration":"4m","formattedAvailabilityWindow":null,"formattedAvailabilityWindowShort":null,"image":{"portraitUrl":null,"landscapeUrl":"https:\/\/images.nlziet.nl\/metadataimportimages\/source\/E919A87B2B99C7F4F69EF7AEC571B13184D3312860C3CE38000EC2FAA99E4140.jpg"},"logo":{"normalUrl":"https:\/\/cdn.nlziet.nl\/static\/assets\/contentproviders\/npo.png","darkUrl":"https:\/\/cdn.nlziet.nl\/static\/assets\/contentproviders\/dark\/npo.png","flatUrl":"https:\/\/cdn.nlziet.nl\/static\/assets\/contentproviders\/flat\/npo.png"},"tags":[],"seriesId":"6pbrb5qCSEmKJooY61Bb_Q"},{"id":"I9yfrOCisUiuBKJsXqztsQ","type":"Vod","title":"NOS Journaal met gebarentaal","subtitle":"NOS Journaal met gebarentolk","description":"NOS - Met het laatste nieuws en de weersverwachting.","formattedEpisodeNumbering":null,"formattedDate":"Wo 16 okt. 2019","formattedDateShort":"Okt. 2019","formattedTime":"08:29","formattedDuration":"3m","formattedAvailabilityWindow":null,"formattedAvailabilityWindowShort":null,"image":{"portraitUrl":null,"landscapeUrl":"https:\/\/images.nlziet.nl\/metadataimportimages\/source\/4725ED0C351D9789BA57ED7ED0DFA174C7CBF20781D2043016E99230199D87C8.jpg"},"logo":{"normalUrl":"https:\/\/cdn.nlziet.nl\/static\/assets\/contentproviders\/npo.png","darkUrl":"https:\/\/cdn.nlziet.nl\/static\/assets\/contentproviders\/dark\/npo.png","flatUrl":"https:\/\/cdn.nlziet.nl\/static\/assets\/contentproviders\/flat\/npo.png"},"tags":[],"seriesId":"6pbrb5qCSEmKJooY61Bb_Q"},{"id":"d6pig4HWV0-C2hISe7EkhQ","type":"Vod","title":"NOS Journaal met gebarentaal","subtitle":"NOS Journaal met gebarentolk","description":"NOS - Met het laatste nieuws en de weersverwachting.","formattedEpisodeNumbering":null,"formattedDate":"Di 15 okt. 2019","formattedDateShort":"Okt. 2019","formattedTime":"08:30","formattedDuration":"3m","formattedAvailabilityWindow":null,"formattedAvailabilityWindowShort":null,"image":{"portraitUrl":null,"landscapeUrl":"https:\/\/images.nlziet.nl\/metadataimportimages\/source\/B1AA0F0A55DDA9B8165495FDC5620FDB81509C89B14BB1B20AD6890E47492C0F.jpg"},"logo":{"normalUrl":"https:\/\/cdn.nlziet.nl\/static\/assets\/contentproviders\/npo.png","darkUrl":"https:\/\/cdn.nlziet.nl\/static\/assets\/contentproviders\/dark\/npo.png","flatUrl":"https:\/\/cdn.nlziet.nl\/static\/assets\/contentproviders\/flat\/npo.png"},"tags":[],"seriesId":"6pbrb5qCSEmKJooY61Bb_Q"},{"id":"via_enTb7kiXnUWyG0cCkA","type":"Vod","title":"NOS Journaal met gebarentaal","subtitle":"NOS Journaal met gebarentolk","description":"NOS - Met het laatste nieuws en de weersverwachting.","formattedEpisodeNumbering":null,"formattedDate":"Ma 14 okt. 2019","formattedDateShort":"Okt. 2019","formattedTime":"08:30","formattedDuration":"3m","formattedAvailabilityWindow":null,"formattedAvailabilityWindowShort":null,"image":{"portraitUrl":null,"landscapeUrl":"https:\/\/images.nlziet.nl\/metadataimportimages\/source\/98B1ED71C4D3C7D596F01842BE860438786A87EEFB60D6ADB3DE20D04EE19348.jpg"},"logo":{"normalUrl":"https:\/\/cdn.nlziet.nl\/static\/assets\/contentproviders\/npo.png","darkUrl":"https:\/\/cdn.nlziet.nl\/static\/assets\/contentproviders\/dark\/npo.png","flatUrl":"https:\/\/cdn.nlziet.nl\/static\/assets\/contentproviders\/flat\/npo.png"},"tags":[],"seriesId":"6pbrb5qCSEmKJooY61Bb_Q"},{"id":"DtjhpX8GPka3BzWPX76u5Q","type":"Vod","title":"NOS Journaal met gebarentolk","subtitle":"NOS Journaal met gebarentolk","description":"NOS - Met het laatste nieuws en de weersverwachting.","formattedEpisodeNumbering":null,"formattedDate":"Vr 3 mei. 2019","formattedDateShort":"Mei. 2019","formattedTime":"08:29","formattedDuration":"4m","formattedAvailabilityWindow":null,"formattedAvailabilityWindowShort":null,"image":{"portraitUrl":null,"landscapeUrl":"https:\/\/images.nlziet.nl\/metadataimportimages\/source\/50445BF5EFCA412D73E48D06D71117BB761FCE5543B9D5EA957B88F1A5F5AEB8.jpg"},"logo":{"normalUrl":"https:\/\/cdn.nlziet.nl\/static\/assets\/contentproviders\/npo.png","darkUrl":"https:\/\/cdn.nlziet.nl\/static\/assets\/contentproviders\/dark\/npo.png","flatUrl":"https:\/\/cdn.nlziet.nl\/static\/assets\/contentproviders\/flat\/npo.png"},"tags":[],"seriesId":"6pbrb5qCSEmKJooY61Bb_Q"},{"id":"yPa469QbMEi_4s5wXczvIQ","type":"Vod","title":"NOS Journaal met gebarentolk","subtitle":"NOS Journaal met gebarentolk","description":"NOS - Met het laatste nieuws en de weersverwachting.","formattedEpisodeNumbering":null,"formattedDate":"Do 2 mei. 2019","formattedDateShort":"Mei. 2019","formattedTime":"08:29","formattedDuration":"3m","formattedAvailabilityWindow":null,"formattedAvailabilityWindowShort":null,"image":{"portraitUrl":null,"landscapeUrl":"https:\/\/images.nlziet.nl\/metadataimportimages\/source\/2131220D3B2F12938F4C7F7AE8B20E5DF7A5BB4BA5AF2A59A50AE6E6B0616208.jpg"},"logo":{"normalUrl":"https:\/\/cdn.nlziet.nl\/static\/assets\/contentproviders\/npo.png","darkUrl":"https:\/\/cdn.nlziet.nl\/static\/assets\/contentproviders\/dark\/npo.png","flatUrl":"https:\/\/cdn.nlziet.nl\/static\/assets\/contentproviders\/flat\/npo.png"},"tags":[],"seriesId":"6pbrb5qCSEmKJooY61Bb_Q"},{"id":"ml80TbGNQ0yDkK7KVl2INg","type":"Vod","title":"NOS Journaal met gebarentolk","subtitle":"NOS Journaal met gebarentolk","description":"NOS - Met het laatste nieuws en de weersverwachting.","formattedEpisodeNumbering":null,"formattedDate":"Wo 1 mei. 2019","formattedDateShort":"Mei. 2019","formattedTime":"08:30","formattedDuration":"3m","formattedAvailabilityWindow":null,"formattedAvailabilityWindowShort":null,"image":{"portraitUrl":null,"landscapeUrl":"https:\/\/images.nlziet.nl\/metadataimportimages\/source\/6156F89CCD7A0C029A905436661E4850BEEAD9500E9F9A2907FC093CE0E14CCD.jpg"},"logo":{"normalUrl":"https:\/\/cdn.nlziet.nl\/static\/assets\/contentproviders\/npo.png","darkUrl":"https:\/\/cdn.nlziet.nl\/static\/assets\/contentproviders\/dark\/npo.png","flatUrl":"https:\/\/cdn.nlziet.nl\/static\/assets\/contentproviders\/flat\/npo.png"},"tags":[],"seriesId":"6pbrb5qCSEmKJooY61Bb_Q"},{"id":"zu1MfjfYi0SZIgt_8TSIwQ","type":"Vod","title":"NOS Journaal met gebarentolk","subtitle":"NOS Journaal met gebarentolk","description":"NOS - Met het laatste nieuws en de weersverwachting.","formattedEpisodeNumbering":null,"formattedDate":"Di 30 apr. 2019","formattedDateShort":"Apr. 2019","formattedTime":"08:29","formattedDuration":"3m","formattedAvailabilityWindow":null,"formattedAvailabilityWindowShort":null,"image":{"portraitUrl":null,"landscapeUrl":"https:\/\/images.nlziet.nl\/metadataimportimages\/source\/2159FAE468F2297B12A7E882C74D0A4610F5F38289B41FE3AD513DD79BFCD4B2.jpg"},"logo":{"normalUrl":"https:\/\/cdn.nlziet.nl\/static\/assets\/contentproviders\/npo.png","darkUrl":"https:\/\/cdn.nlziet.nl\/static\/assets\/contentproviders\/dark\/npo.png","flatUrl":"https:\/\/cdn.nlziet.nl\/static\/assets\/contentproviders\/flat\/npo.png"},"tags":[],"seriesId":"6pbrb5qCSEmKJooY61Bb_Q"},{"id":"uKrE0IhrIEWWvFor_WhzKA","type":"Vod","title":"NOS Journaal met gebarentaal","subtitle":"NOS Journaal met gebarentolk","description":"NOS - Met het laatste nieuws en de weersverwachting.","formattedEpisodeNumbering":null,"formattedDate":"Ma 29 apr. 2019","formattedDateShort":"Apr. 2019","formattedTime":"08:30","formattedDuration":"4m","formattedAvailabilityWindow":null,"formattedAvailabilityWindowShort":null,"image":{"portraitUrl":null,"landscapeUrl":"https:\/\/images.nlziet.nl\/metadataimportimages\/source\/43CED05E1C3CC0EBB0341BFB2BEE7F3A3C88B4907C5B0282194B0A8F6E1C4512.jpg"},"logo":{"normalUrl":"https:\/\/cdn.nlziet.nl\/static\/assets\/contentproviders\/npo.png","darkUrl":"https:\/\/cdn.nlziet.nl\/static\/assets\/contentproviders\/dark\/npo.png","flatUrl":"https:\/\/cdn.nlziet.nl\/static\/assets\/contentproviders\/flat\/npo.png"},"tags":[],"seriesId":"6pbrb5qCSEmKJooY61Bb_Q"},{"id":"GR0GDY7vok64qAxXEAx2Xg","type":"Vod","title":"NOS Journaal met gebarentolk","subtitle":"NOS Journaal met gebarentolk","description":"NOS - Met het laatste nieuws en de weersverwachting.","formattedEpisodeNumbering":null,"formattedDate":"Vr 19 apr. 2019","formattedDateShort":"Apr. 2019","formattedTime":"08:30","formattedDuration":"4m","formattedAvailabilityWindow":null,"formattedAvailabilityWindowShort":null,"image":{"portraitUrl":null,"landscapeUrl":"https:\/\/images.nlziet.nl\/metadataimportimages\/source\/AC995205374B99ADBD9510F33080C3B67E6FEFAF3C9A309664EF9EE559EF13C1.jpg"},"logo":{"normalUrl":"https:\/\/cdn.nlziet.nl\/static\/assets\/contentproviders\/npo.png","darkUrl":"https:\/\/cdn.nlziet.nl\/static\/assets\/contentproviders\/dark\/npo.png","flatUrl":"https:\/\/cdn.nlziet.nl\/static\/assets\/contentproviders\/flat\/npo.png"},"tags":[],"seriesId":"6pbrb5qCSEmKJooY61Bb_Q"},{"id":"rSNbqd1hNEa0YkbI-EkSWg","type":"Vod","title":"NOS Journaal met gebarentaal","subtitle":"NOS Journaal met gebarentolk","description":"NOS - Met het laatste nieuws en de weersverwachting.","formattedEpisodeNumbering":null,"formattedDate":"Vr 1 mrt. 2019","formattedDateShort":"Mrt. 2019","formattedTime":"08:29","formattedDuration":"3m","formattedAvailabilityWindow":null,"formattedAvailabilityWindowShort":null,"image":{"portraitUrl":null,"landscapeUrl":"https:\/\/images.nlziet.nl\/metadataimportimages\/source\/4BB9747CBF357A668C56CDBC8A05125D45B34283AF5B109F67694C036B2E8CAA.jpg"},"logo":{"normalUrl":"https:\/\/cdn.nlziet.nl\/static\/assets\/contentproviders\/npo.png","darkUrl":"https:\/\/cdn.nlziet.nl\/static\/assets\/contentproviders\/dark\/npo.png","flatUrl":"https:\/\/cdn.nlziet.nl\/static\/assets\/contentproviders\/flat\/npo.png"},"tags":[],"seriesId":"6pbrb5qCSEmKJooY61Bb_Q"},{"id":"Xtkm-OobxUmFSd7QbUOJxA","type":"Vod","title":"NOS Journaal met gebarentaal","subtitle":"NOS Journaal met gebarentolk","description":"NOS - Met het laatste nieuws en de weersverwachting.","formattedEpisodeNumbering":null,"formattedDate":"Do 28 feb. 2019","formattedDateShort":"Feb. 2019","formattedTime":"08:29","formattedDuration":"4m","formattedAvailabilityWindow":null,"formattedAvailabilityWindowShort":null,"image":{"portraitUrl":null,"landscapeUrl":"https:\/\/images.nlziet.nl\/metadataimportimages\/source\/D2597D710340ED67FD87A2DED1FEC75113B621F672855D2EB688469D248F75E9.jpg"},"logo":{"normalUrl":"https:\/\/cdn.nlziet.nl\/static\/assets\/contentproviders\/npo.png","darkUrl":"https:\/\/cdn.nlziet.nl\/static\/assets\/contentproviders\/dark\/npo.png","flatUrl":"https:\/\/cdn.nlziet.nl\/static\/assets\/contentproviders\/flat\/npo.png"},"tags":[],"seriesId":"6pbrb5qCSEmKJooY61Bb_Q"},{"id":"stJLmeGQaU-CMv3FVk8RhA","type":"Vod","title":"NOS Journaal met gebarentaal","subtitle":"NOS Journaal met gebarentolk","description":"NOS - Met het laatste nieuws en de weersverwachting.","formattedEpisodeNumbering":null,"formattedDate":"Wo 27 feb. 2019","formattedDateShort":"Feb. 2019","formattedTime":"08:30","formattedDuration":"3m","formattedAvailabilityWindow":null,"formattedAvailabilityWindowShort":null,"image":{"portraitUrl":null,"landscapeUrl":"https:\/\/images.nlziet.nl\/metadataimportimages\/source\/84CA4BD8FB6BAEC47B13E1C92376741D2962E85B84BB8B26D3E3B996279F7C1A.jpg"},"logo":{"normalUrl":"https:\/\/cdn.nlziet.nl\/static\/assets\/contentproviders\/npo.png","darkUrl":"https:\/\/cdn.nlziet.nl\/static\/assets\/contentproviders\/dark\/npo.png","flatUrl":"https:\/\/cdn.nlziet.nl\/static\/assets\/contentproviders\/flat\/npo.png"},"tags":[],"seriesId":"6pbrb5qCSEmKJooY61Bb_Q"},{"id":"1y4r9JCOjUWGxrzpMIBDzA","type":"Vod","title":"NOS Journaal met gebarentaal","subtitle":"NOS Journaal met gebarentolk","description":"NOS - Met het laatste nieuws en de weersverwachting.","formattedEpisodeNumbering":null,"formattedDate":"Di 26 feb. 2019","formattedDateShort":"Feb. 2019","formattedTime":"08:30","formattedDuration":"4m","formattedAvailabilityWindow":null,"formattedAvailabilityWindowShort":null,"image":{"portraitUrl":null,"landscapeUrl":"https:\/\/images.nlziet.nl\/metadataimportimages\/source\/8A5D7948465BB63D026DD1BA404DC09EF3089BF881025AAC63F5D1369246E165.jpg"},"logo":{"normalUrl":"https:\/\/cdn.nlziet.nl\/static\/assets\/contentproviders\/npo.png","darkUrl":"https:\/\/cdn.nlziet.nl\/static\/assets\/contentproviders\/dark\/npo.png","flatUrl":"https:\/\/cdn.nlziet.nl\/static\/assets\/contentproviders\/flat\/npo.png"},"tags":[],"seriesId":"6pbrb5qCSEmKJooY61Bb_Q"},{"id":"rjqv22RgAEmGPoCp0p9_bg","type":"Vod","title":"NOS Journaal met gebarentaal","subtitle":"NOS Journaal met gebarentolk","description":"NOS - Met het laatste nieuws en de weersverwachting.","formattedEpisodeNumbering":null,"formattedDate":"Ma 25 feb. 2019","formattedDateShort":"Feb. 2019","formattedTime":"08:29","formattedDuration":"4m","formattedAvailabilityWindow":null,"formattedAvailabilityWindowShort":null,"image":{"portraitUrl":null,"landscapeUrl":"https:\/\/images.nlziet.nl\/metadataimportimages\/source\/DCBE2603D96809FDD264A3816E533DE070D3BAE4098D2BC11D4FA3D6B4C2118B.jpg"},"logo":{"normalUrl":"https:\/\/cdn.nlziet.nl\/static\/assets\/contentproviders\/npo.png","darkUrl":"https:\/\/cdn.nlziet.nl\/static\/assets\/contentproviders\/dark\/npo.png","flatUrl":"https:\/\/cdn.nlziet.nl\/static\/assets\/contentproviders\/flat\/npo.png"},"tags":[],"seriesId":"6pbrb5qCSEmKJooY61Bb_Q"},{"id":"MVFYVAnO6U-pzpyRb_cigQ","type":"Vod","title":"NOS Journaal met gebarentaal","subtitle":"NOS Journaal met gebarentolk","description":"NOS - Met het laatste nieuws en de weersverwachting.","formattedEpisodeNumbering":null,"formattedDate":"Vr 22 feb. 2019","formattedDateShort":"Feb. 2019","formattedTime":"08:30","formattedDuration":"3m","formattedAvailabilityWindow":null,"formattedAvailabilityWindowShort":null,"image":{"portraitUrl":null,"landscapeUrl":"https:\/\/images.nlziet.nl\/metadataimportimages\/source\/8D5F329852B1C934FABF0B904866CDA525233B672D8ED48AFC1686FBC31BBB75.jpg"},"logo":{"normalUrl":"https:\/\/cdn.nlziet.nl\/static\/assets\/contentproviders\/npo.png","darkUrl":"https:\/\/cdn.nlziet.nl\/static\/assets\/contentproviders\/dark\/npo.png","flatUrl":"https:\/\/cdn.nlziet.nl\/static\/assets\/contentproviders\/flat\/npo.png"},"tags":[],"seriesId":"6pbrb5qCSEmKJooY61Bb_Q"},{"id":"VWupJT7w7UmrWGFlntxmkA","type":"Vod","title":"NOS Journaal met gebarentolk","subtitle":"NOS Journaal met gebarentolk","description":"NOS - Met het laatste nieuws en de weersverwachting.","formattedEpisodeNumbering":null,"formattedDate":"Do 21 feb. 2019","formattedDateShort":"Feb. 2019","formattedTime":"08:30","formattedDuration":"3m","formattedAvailabilityWindow":null,"formattedAvailabilityWindowShort":null,"image":{"portraitUrl":null,"landscapeUrl":"https:\/\/images.nlziet.nl\/metadataimportimages\/source\/D2FDB0F67711787D3303D03B3C18F9EFD851F9E01623643DAA2CC9E73D2E526C.jpg"},"logo":{"normalUrl":"https:\/\/cdn.nlziet.nl\/static\/assets\/contentproviders\/npo.png","darkUrl":"https:\/\/cdn.nlziet.nl\/static\/assets\/contentproviders\/dark\/npo.png","flatUrl":"https:\/\/cdn.nlziet.nl\/static\/assets\/contentproviders\/flat\/npo.png"},"tags":[],"seriesId":"6pbrb5qCSEmKJooY61Bb_Q"},{"id":"p7VJsKScEUy5FrklnhLl9Q","type":"Vod","title":"NOS Journaal met gebarentolk","subtitle":"NOS Journaal met gebarentolk","description":"NOS - Met het laatste nieuws en de weersverwachting.","formattedEpisodeNumbering":null,"formattedDate":"Wo 20 feb. 2019","formattedDateShort":"Feb. 2019","formattedTime":"08:30","formattedDuration":"3m","formattedAvailabilityWindow":null,"formattedAvailabilityWindowShort":null,"image":{"portraitUrl":null,"landscapeUrl":"https:\/\/images.nlziet.nl\/metadataimportimages\/source\/54E24CB78F1A96791158831BAE1CC025CD0874F8F775C00535CA785C61D2DD91.jpg"},"logo":{"normalUrl":"https:\/\/cdn.nlziet.nl\/static\/assets\/contentproviders\/npo.png","darkUrl":"https:\/\/cdn.nlziet.nl\/static\/assets\/contentproviders\/dark\/npo.png","flatUrl":"https:\/\/cdn.nlziet.nl\/static\/assets\/contentproviders\/flat\/npo.png"},"tags":[],"seriesId":"6pbrb5qCSEmKJooY61Bb_Q"},{"id":"tfreSiJCBEWJlRompV6RUA","type":"Vod","title":"NOS Journaal met gebarentolk","subtitle":"NOS Journaal met gebarentolk","description":"NOS - Met het laatste nieuws en de weersverwachting.","formattedEpisodeNumbering":null,"formattedDate":"Di 19 feb. 2019","formattedDateShort":"Feb. 2019","formattedTime":"08:29","formattedDuration":"3m","formattedAvailabilityWindow":null,"formattedAvailabilityWindowShort":null,"image":{"portraitUrl":null,"landscapeUrl":"https:\/\/images.nlziet.nl\/metadataimportimages\/source\/4DB7326D06924C86A80FF4B2FE1A1F929B1ADBEADFAEF735ED452809F3B0FB3E.jpg"},"logo":{"normalUrl":"https:\/\/cdn.nlziet.nl\/static\/assets\/contentproviders\/npo.png","darkUrl":"https:\/\/cdn.nlziet.nl\/static\/assets\/contentproviders\/dark\/npo.png","flatUrl":"https:\/\/cdn.nlziet.nl\/static\/assets\/contentproviders\/flat\/npo.png"},"tags":[],"seriesId":"6pbrb5qCSEmKJooY61Bb_Q"},{"id":"-nQ4Sq9tl0GGfoFnLOfugA","type":"Vod","title":"NOS Journaal met gebarentaal","subtitle":"NOS Journaal met gebarentolk","description":"NOS - Met het laatste nieuws en de weersverwachting.","formattedEpisodeNumbering":null,"formattedDate":"Ma 18 feb. 2019","formattedDateShort":"Feb. 2019","formattedTime":"08:30","formattedDuration":"3m","formattedAvailabilityWindow":null,"formattedAvailabilityWindowShort":null,"image":{"portraitUrl":null,"landscapeUrl":"https:\/\/images.nlziet.nl\/metadataimportimages\/source\/ECA1A68CF9FB2AD124BF155DF3C4E54EBDDB69ABABBA52E8B1240F82572CE062.jpg"},"logo":{"normalUrl":"https:\/\/cdn.nlziet.nl\/static\/assets\/contentproviders\/npo.png","darkUrl":"https:\/\/cdn.nlziet.nl\/static\/assets\/contentproviders\/dark\/npo.png","flatUrl":"https:\/\/cdn.nlziet.nl\/static\/assets\/contentproviders\/flat\/npo.png"},"tags":[],"seriesId":"6pbrb5qCSEmKJooY61Bb_Q"}]