[{"id":"5-lUKpaGuEeOdjKFrlDG-w","type":"Vod","title":"Serenade van Stef","subtitle":"Dennis - op de bodem van de put","description":"KRO-NCRV - Stef Bos gaat op zoek naar een lied voor Dennis. Onder hoogspanning liet Dennis een paar jaar geleden huis, vrouw en gezin achter zich. In een caravan, alleen en in de kou, belandde hij op de bodem van de put. Hij was precies in de situatie terecht gekomen die hij, vanwege zijn eigen jeugd, altijd had proberen te vermijden. Dennis' grootste verdriet is dat hij zijn kinderen niet meer ziet. Op een bijzondere plek in Limburg probeert hij zichzelf weer bij elkaar te rapen.","formattedEpisodeNumbering":"S1:A7","formattedDate":"Vr 18 dec. 2020","formattedDateShort":"Dec. 2020","formattedTime":"16:30","formattedDuration":"17m","formattedAvailabilityWindow":null,"formattedAvailabilityWindowShort":null,"image":{"portraitUrl":null,"landscapeUrl":"https:\/\/images.nlziet.nl\/metadataimportimages\/source\/94B178578B638F0D9FAD9DE0B2E3250079BA96F137C122E66B4B581F652CC392.jpg"},"logo":{"normalUrl":"https:\/\/cdn.nlziet.nl\/static\/assets\/contentproviders\/npo.png","darkUrl":"https:\/\/cdn.nlziet.nl\/static\/assets\/contentproviders\/dark\/npo.png","flatUrl":"https:\/\/cdn.nlziet.nl\/static\/assets\/contentproviders\/flat\/npo.png"},"tags":[],"seriesId":"5Hr7C5Aw6kSXCGgbGDQtww"},{"id":"g62aZbBZ906NSfY_zBanyg","type":"Vod","title":"Serenade van Stef","subtitle":"Catharina - waan en werkelijkheid","description":"KRO-NCRV - Wat gebeurt er van binnen met iemand die een psychose heeft? Die vraag houdt zanger en tekstschrijver Stef Bos al jaren bezig. Hij is gefascineerd door de dunne lijn tussen waan en werkelijkheid. De 47-jarige Catharina kan hem hier veel over vertellen. De drie psychoses die ze heeft gehad omschrijft ze als een 'crash van je harde schijf'. Maar ook als een trip waarin je heel erg open staat. Want naast akelige gevoelens, zoals achterdocht en verwarring, riepen deze periodes ook mooie dingen in haar op. Een enorme creativiteit borrelde in haar naar boven, die zich uitte in fotografische zelfportretten.","formattedEpisodeNumbering":"S1:A6","formattedDate":"Vr 11 dec. 2020","formattedDateShort":"Dec. 2020","formattedTime":"16:35","formattedDuration":"17m","formattedAvailabilityWindow":null,"formattedAvailabilityWindowShort":null,"image":{"portraitUrl":null,"landscapeUrl":"https:\/\/images.nlziet.nl\/metadataimportimages\/source\/6C0AC341B0DC88EE66DA4496554A8CE699DCBD768998D5ADF0DE86105EF19CFC.jpg"},"logo":{"normalUrl":"https:\/\/cdn.nlziet.nl\/static\/assets\/contentproviders\/npo.png","darkUrl":"https:\/\/cdn.nlziet.nl\/static\/assets\/contentproviders\/dark\/npo.png","flatUrl":"https:\/\/cdn.nlziet.nl\/static\/assets\/contentproviders\/flat\/npo.png"},"tags":[],"seriesId":"5Hr7C5Aw6kSXCGgbGDQtww"},{"id":"n3vhqvZwY0OeHQnjBCkV3g","type":"Vod","title":"Serenade van Stef","subtitle":"Abraham - van niemand naar iemand","description":"KRO-NCRV - Als jongeman van negentien vluchtte de Eritrese Abraham naar Nederland. Hier was het vergeleken met zijn geboorteland 'de hemel op aarde', vertelt hij aan zanger en tekstschrijver Stef Bos. Maar die hemel veranderde in een hel, toen hij na jaren procederen voor een verblijfsvergunning een afwijzing ontving. Hij kwam terecht in de toenmalige 'bajesboot' in Rotterdam, waar hij samen bijna duizend andere uitgeprocedeerden verbleef. De nachten waarin hij gerust kon gaan slapen, waren op een hand te tellen. Stef, die zelf grotendeels in Zuid-Afrika woont, pendelt vrij heen en weer tussen zijn twee 'thuizen'. Hoe hield Abraham het al die jaren zonder papieren vol? Hoe voelt het als je er niet mag zijn? En wie was de engel die op zijn pad kwam, waardoor het tij kon keren, waardoor Abraham van niemand weer iemand werd?","formattedEpisodeNumbering":"S1:A5","formattedDate":"Vr 4 dec. 2020","formattedDateShort":"Dec. 2020","formattedTime":"16:35","formattedDuration":"17m","formattedAvailabilityWindow":null,"formattedAvailabilityWindowShort":null,"image":{"portraitUrl":null,"landscapeUrl":"https:\/\/images.nlziet.nl\/metadataimportimages\/source\/78000A20632B3A9AC3F22FA782BECF7F26CE1DA10BE4E2B0E30E3B25E96F6265.jpg"},"logo":{"normalUrl":"https:\/\/cdn.nlziet.nl\/static\/assets\/contentproviders\/npo.png","darkUrl":"https:\/\/cdn.nlziet.nl\/static\/assets\/contentproviders\/dark\/npo.png","flatUrl":"https:\/\/cdn.nlziet.nl\/static\/assets\/contentproviders\/flat\/npo.png"},"tags":[],"seriesId":"5Hr7C5Aw6kSXCGgbGDQtww"},{"id":"uJda4CL50ESJWnS17DlswQ","type":"Vod","title":"Serenade van Stef","subtitle":"Astrid - wat me niet kapot maakt, maakt me sterker","description":"KRO-NCRV - Zanger en tekstschrijver Stef Bos ontmoet Astrid, die de ziekte MS heeft. De Maastrichtse is tot aan haar nek verlamd en daar zal het niet bij blijven. Ook haar spraak zal gaan uitvallen. Maar wanneer, dat weet ze niet. Deze kennis belemmert haar niet om nu positief in het leven te staan. \"Ik leef vandaag, wat morgen komt, dat zie ik wel,\" vertelt ze aan Stef. \"Ik zeg altijd: wat me niet kapot maakt, dat maakt me sterker.\" Tot verbazing van haar artsen staat Astrid niet op met tegenzin. Haar sociale leven speelt daar een belangrijke rol in. Vroeger, voor haar scheiding, leefde ze wat meer op zichzelf. De laatste jaren heeft ze er veel contacten bij gekregen. Zij betekenen veel voor haar, maar andersom kan ze ook een luisterend oor voor hen zijn. \"Een ziekte maakt je nederiger. Ik heb geleerd om mijn contacten te koesteren.\" Ook met haar zus Cisca is de band flink aangehaald. Hun \"zussendagen\" zijn doorspekt met het gevoel van humor dat ze van hun vader hebben meegekregen.","formattedEpisodeNumbering":"S1:A4","formattedDate":"Vr 27 nov. 2020","formattedDateShort":"Nov. 2020","formattedTime":"16:35","formattedDuration":"16m","formattedAvailabilityWindow":null,"formattedAvailabilityWindowShort":null,"image":{"portraitUrl":null,"landscapeUrl":"https:\/\/images.nlziet.nl\/metadataimportimages\/source\/DD9F2D6B9E944E41D9D1F65530A181AAAF77C6752388877E1362AB7A0500FE20.jpg"},"logo":{"normalUrl":"https:\/\/cdn.nlziet.nl\/static\/assets\/contentproviders\/npo.png","darkUrl":"https:\/\/cdn.nlziet.nl\/static\/assets\/contentproviders\/dark\/npo.png","flatUrl":"https:\/\/cdn.nlziet.nl\/static\/assets\/contentproviders\/flat\/npo.png"},"tags":[],"seriesId":"5Hr7C5Aw6kSXCGgbGDQtww"},{"id":"Q6CNZAGGuUSW76n8wRiG4Q","type":"Vod","title":"Serenade van Stef","subtitle":"Jeffrey - uit het nest gevallen","description":"KRO-NCRV - Jeffrey (24) kwam ter wereld bij verslaafde ouders, die hem na de geboorte afstonden. Na een bewogen jeugd waarin hij van menig instelling naar pleeggezin verhuisde, raakte hij op zijn achttiende dakloos. Jeffrey vertelt aan zanger en tekstschrijver Stef Bos hoe hij in de jaren erna is opgekrabbeld. Van iemand die het leven echt niet meer zag zitten tot een krachtige ervaringsdeskundige. 'Ik wil jongeren in de knel het gevoel wil geven dat ze meetellen in de maatschappij.' Na deze ontmoeting gaat Stef met zijn band aan de slag om een lied voor Jeffrey te schrijven.","formattedEpisodeNumbering":"S1:A3","formattedDate":"Vr 20 nov. 2020","formattedDateShort":"Nov. 2020","formattedTime":"16:35","formattedDuration":"17m","formattedAvailabilityWindow":null,"formattedAvailabilityWindowShort":null,"image":{"portraitUrl":null,"landscapeUrl":"https:\/\/images.nlziet.nl\/metadataimportimages\/source\/F5B11C03DAA1BF2DB12C04A8B1BC0CD09D395F483FC1B393CBE65F1290C5909A.jpg"},"logo":{"normalUrl":"https:\/\/cdn.nlziet.nl\/static\/assets\/contentproviders\/npo.png","darkUrl":"https:\/\/cdn.nlziet.nl\/static\/assets\/contentproviders\/dark\/npo.png","flatUrl":"https:\/\/cdn.nlziet.nl\/static\/assets\/contentproviders\/flat\/npo.png"},"tags":[],"seriesId":"5Hr7C5Aw6kSXCGgbGDQtww"},{"id":"pyN35aHJvEmOwJP5q-HZwA","type":"Vod","title":"Serenade van Stef","subtitle":"Miranda - het gaat allemaal over loslaten","description":"KRO-NCRV - Stef Bos ontmoet in hospice D\u00f4me in Amersfoort de 54-jarige Miranda. Zij houdt graag de touwtjes in handen en is zeer zorgzaam voor anderen. Drie jaar lang leefde ze met borstkanker, maar nu zit de ziekte in haar hoofd en wordt ze niet meer beter. Haar eigen uitvaart heeft ze samen met haar grote liefde Ruud al helemaal voorbereid. 'Ik zet hier mijn eigen puntjes op de i.' Stef heeft een openhartig gesprek met Miranda. Hoe is het om de dood recht in de ogen te kijken? En wat staat haar te doen voordat ze kan gaan? 'Het gaat allemaal over loslaten', ervaart ze. Dat is haar, dankzij de rust die ze in het hospice ervaart, voor een groot deel gelukt. Alleen het nemen van die ene laatste hobbel is geen gemakkelijke opgave. 'Ik heb geen angst meer voor mijn eigen heengaan, maar voor het achterlaten van mijn geliefden.'","formattedEpisodeNumbering":"S1:A2","formattedDate":"Vr 13 nov. 2020","formattedDateShort":"Nov. 2020","formattedTime":"16:35","formattedDuration":"17m","formattedAvailabilityWindow":null,"formattedAvailabilityWindowShort":null,"image":{"portraitUrl":null,"landscapeUrl":"https:\/\/images.nlziet.nl\/metadataimportimages\/source\/FB0A54EEB08350729EAAF49E87CD84040A7F1C71A996C4663AD16874376B524D.jpg"},"logo":{"normalUrl":"https:\/\/cdn.nlziet.nl\/static\/assets\/contentproviders\/npo.png","darkUrl":"https:\/\/cdn.nlziet.nl\/static\/assets\/contentproviders\/dark\/npo.png","flatUrl":"https:\/\/cdn.nlziet.nl\/static\/assets\/contentproviders\/flat\/npo.png"},"tags":[],"seriesId":"5Hr7C5Aw6kSXCGgbGDQtww"},{"id":"PwiXAuYfUEKKazRTKCkZiQ","type":"Vod","title":"Serenade van Stef","subtitle":"Eric - van kwaad tot erger","description":"KRO-NCRV - Stef Bos, afkomstig uit een braaf en liefdevol gezin, ontmoet in de voormalige Bijlmerbajes de vijftigjarige Eric, die een nogal andere jeugd kende. Als jong jochie belandde Eric op het criminele pad. Hij leidde een leven vol geweld, overvallen en verslaving. Eric is zichtbaar aangedaan om na jaren weer in de Bijlmerbajes te zijn. 'Het was hier alsof je hart werd uitgewrongen. Ik realiseer me nu: ik had een heel ander leven kunnen leiden.' Thuis bij Eric vertelt hij aan Stef waarom hij besloot uit het criminele circuit te stappen. De gevolgen van zijn heftige verleden zijn nog dagelijks voelbaar. Zijn grote droom is nu om kinderen te helpen voorkomen eenzelfde pad te bewandelen. 'Het kan zo snel zo verkeerd aflopen.' Vol inspiratie vertrekt Stef naar zijn studio, om een lied te maken over de levenslessen van Eric.","formattedEpisodeNumbering":"S1:A1","formattedDate":"Vr 6 nov. 2020","formattedDateShort":"Nov. 2020","formattedTime":"16:35","formattedDuration":"17m","formattedAvailabilityWindow":null,"formattedAvailabilityWindowShort":null,"image":{"portraitUrl":null,"landscapeUrl":"https:\/\/images.nlziet.nl\/metadataimportimages\/source\/FBF5E63E7E5371C4E5E962B951EC7159896221905E9AAAFE2DC4AD1BF2192E63.jpg"},"logo":{"normalUrl":"https:\/\/cdn.nlziet.nl\/static\/assets\/contentproviders\/npo.png","darkUrl":"https:\/\/cdn.nlziet.nl\/static\/assets\/contentproviders\/dark\/npo.png","flatUrl":"https:\/\/cdn.nlziet.nl\/static\/assets\/contentproviders\/flat\/npo.png"},"tags":[],"seriesId":"5Hr7C5Aw6kSXCGgbGDQtww"}]