[{"id":"cgWbSPlp00K8hDignZmrrg","type":"Vod","title":"Border Security: Australi\u00eb","subtitle":"Aflevering 154","description":"Veronica - Agenten vermoeden dat er een paar illegale verstekelingen verstopt zitten tussen een grote reisgroep. En er is een zeer onaangename verrassing bij een zending uit Egypte.","formattedEpisodeNumbering":null,"formattedDate":"Za 7 nov. 2020","formattedDateShort":"Nov. 2020","formattedTime":"19:29","formattedDuration":"22m","formattedAvailabilityWindow":null,"formattedAvailabilityWindowShort":null,"image":{"portraitUrl":null,"landscapeUrl":"https:\/\/images.nlziet.nl\/metadataimportimages\/source\/ECE49FA24DFEB78232839E14E23EDF25A1B095A01CDA1F14B27DC725284528C5.jpg"},"logo":{"normalUrl":"https:\/\/cdn.nlziet.nl\/static\/assets\/contentproviders\/sbs.png","darkUrl":"https:\/\/cdn.nlziet.nl\/static\/assets\/contentproviders\/dark\/sbs.png","flatUrl":"https:\/\/cdn.nlziet.nl\/static\/assets\/contentproviders\/flat\/sbs.png"},"tags":[],"seriesId":"6EBfsFV_3EqMK8x9C1vHew"},{"id":"NES7Hyzdvkys-92Nk6bfrA","type":"Vod","title":"Border Security: Australi\u00eb","subtitle":"Aflevering 153","description":"Een man heeft moeite om uit te leggen waarom hij in Australi\u00eb is, maar de officier denkt hem door te hebben. Agenten snakken naar adem, wanneer een mysterieus pakket wordt geopend.","formattedEpisodeNumbering":null,"formattedDate":"Za 7 nov. 2020","formattedDateShort":"Nov. 2020","formattedTime":"18:58","formattedDuration":"18m","formattedAvailabilityWindow":null,"formattedAvailabilityWindowShort":null,"image":{"portraitUrl":null,"landscapeUrl":"https:\/\/images.nlziet.nl\/metadataimportimages\/source\/68FDF968330DE1A37CDB7AFBA86E43789E9518CC5F9B0989104A6806A845D91E.jpg"},"logo":{"normalUrl":"https:\/\/cdn.nlziet.nl\/static\/assets\/contentproviders\/sbs.png","darkUrl":"https:\/\/cdn.nlziet.nl\/static\/assets\/contentproviders\/dark\/sbs.png","flatUrl":"https:\/\/cdn.nlziet.nl\/static\/assets\/contentproviders\/flat\/sbs.png"},"tags":[],"seriesId":"6EBfsFV_3EqMK8x9C1vHew"},{"id":"5buAAwiKNkaYbLONtGWQRA","type":"Vod","title":"Border Security: Australi\u00eb","subtitle":"Aflevering 152","description":"Veronica - Een Amerikaanse student is hier voor de lol, maar iets in zijn tas bewijst het tegendeel. Smokkelaars denken de Australische grensbeveiliging te slim af te zijn, maar ontkomen niet aan de speurhonden.","formattedEpisodeNumbering":null,"formattedDate":"Za 31 okt. 2020","formattedDateShort":"Okt. 2020","formattedTime":"19:29","formattedDuration":"20m","formattedAvailabilityWindow":null,"formattedAvailabilityWindowShort":null,"image":{"portraitUrl":null,"landscapeUrl":"https:\/\/images.nlziet.nl\/metadataimportimages\/source\/A3CEA8A40EEBE9B6D5DE0209465EAA50F7F67C2129E9E792F497ABFD7EEA657A.jpg"},"logo":{"normalUrl":"https:\/\/cdn.nlziet.nl\/static\/assets\/contentproviders\/sbs.png","darkUrl":"https:\/\/cdn.nlziet.nl\/static\/assets\/contentproviders\/dark\/sbs.png","flatUrl":"https:\/\/cdn.nlziet.nl\/static\/assets\/contentproviders\/flat\/sbs.png"},"tags":[],"seriesId":"6EBfsFV_3EqMK8x9C1vHew"},{"id":"SNMBBPst3kSa1foYtewxaA","type":"Vod","title":"Border Security: Australi\u00eb","subtitle":"Aflevering 151","description":"Veronica - Een Isra\u00eblische man keert terug naar Australi\u00eb, maar agenten denken dat zijn antwoorden op lastige vragen over zijn verleden ingestudeerd zijn. Een Nieuw-Zeelander heeft grote plannen voor de toekomst, maar de agenten gaan op zoek naar de waarheid na een drugstest. En een skateboard wordt gebruikt om smokkelwaar te verstoppen.","formattedEpisodeNumbering":null,"formattedDate":"Za 31 okt. 2020","formattedDateShort":"Okt. 2020","formattedTime":"18:58","formattedDuration":"23m","formattedAvailabilityWindow":null,"formattedAvailabilityWindowShort":null,"image":{"portraitUrl":null,"landscapeUrl":"https:\/\/images.nlziet.nl\/metadataimportimages\/source\/7BB76F6E70C3F5C3D9D67716F7B1BD124DDAB0EEC1AFBE3453A20AA14764F94B.jpg"},"logo":{"normalUrl":"https:\/\/cdn.nlziet.nl\/static\/assets\/contentproviders\/sbs.png","darkUrl":"https:\/\/cdn.nlziet.nl\/static\/assets\/contentproviders\/dark\/sbs.png","flatUrl":"https:\/\/cdn.nlziet.nl\/static\/assets\/contentproviders\/flat\/sbs.png"},"tags":[],"seriesId":"6EBfsFV_3EqMK8x9C1vHew"},{"id":"q_1lgXG7rkmvq-yMt0zrGQ","type":"Vod","title":"Border Security: Australi\u00eb","subtitle":"Aflevering 150","description":"Veronica - Een arme man uit Las Vegas is wellicht in Australi\u00eb om snel wat geld te verdienen. Er is iets vreemds aan de hand als agenten een grootschalig onderzoek doen naar een drugsvangst.","formattedEpisodeNumbering":null,"formattedDate":"Za 24 okt. 2020","formattedDateShort":"Okt. 2020","formattedTime":"19:29","formattedDuration":"22m","formattedAvailabilityWindow":null,"formattedAvailabilityWindowShort":null,"image":{"portraitUrl":null,"landscapeUrl":"https:\/\/images.nlziet.nl\/metadataimportimages\/source\/6A8D708AB1A483F30CC43E1DB8338A6C8ACCD91D11B78E52D64D66C088ADE0DB.jpg"},"logo":{"normalUrl":"https:\/\/cdn.nlziet.nl\/static\/assets\/contentproviders\/sbs.png","darkUrl":"https:\/\/cdn.nlziet.nl\/static\/assets\/contentproviders\/dark\/sbs.png","flatUrl":"https:\/\/cdn.nlziet.nl\/static\/assets\/contentproviders\/flat\/sbs.png"},"tags":[],"seriesId":"6EBfsFV_3EqMK8x9C1vHew"},{"id":"w7FxC6kUakWwQplYLIf2Tw","type":"Vod","title":"Border Security: Australi\u00eb","subtitle":"Aflevering 149","description":"Veronica - Een man beweert dat hij zojuist een vloek heeft opgeheven en een officier is verbaasd als hij bewijs hiervan vindt. Een Amerikaan is hier voor inspiratie, maar haar visa hindert haar plannen. En het opperhoofd van een eiland in de Stille Oceaan heeft een groot probleem met zijn ceremoni\u00eble noten.","formattedEpisodeNumbering":null,"formattedDate":"Za 24 okt. 2020","formattedDateShort":"Okt. 2020","formattedTime":"18:58","formattedDuration":"23m","formattedAvailabilityWindow":null,"formattedAvailabilityWindowShort":null,"image":{"portraitUrl":null,"landscapeUrl":"https:\/\/images.nlziet.nl\/metadataimportimages\/source\/B7560FDED9E40A90FB490E9940FE836A034B82487F5097763DAD738165A5CB66.jpg"},"logo":{"normalUrl":"https:\/\/cdn.nlziet.nl\/static\/assets\/contentproviders\/sbs.png","darkUrl":"https:\/\/cdn.nlziet.nl\/static\/assets\/contentproviders\/dark\/sbs.png","flatUrl":"https:\/\/cdn.nlziet.nl\/static\/assets\/contentproviders\/flat\/sbs.png"},"tags":[],"seriesId":"6EBfsFV_3EqMK8x9C1vHew"},{"id":"LY6V15iSIE23hyjd0msgYA","type":"Vod","title":"Border Security: Australi\u00eb","subtitle":"Aflevering 148","description":"De landsgrenzen worden voortdurend bedreigd. Of het nu gaat om drugssmokkel, illegale immigratie, infecties of het meenemen van verboden voorwerpen, de douaniers houden het allemaal in de gaten. Het gaat er soms heftig aan toe en de douaniers hebben er dan ook hun handen vol aan.","formattedEpisodeNumbering":null,"formattedDate":"Za 17 okt. 2020","formattedDateShort":"Okt. 2020","formattedTime":"19:29","formattedDuration":"23m","formattedAvailabilityWindow":null,"formattedAvailabilityWindowShort":null,"image":{"portraitUrl":null,"landscapeUrl":"https:\/\/images.nlziet.nl\/metadataimportimages\/source\/6DDA78D1B55ED5269BD608A4ED73DE3E24D97DE84D3C199E88AAB1FCF41FAD03.jpg"},"logo":{"normalUrl":"https:\/\/cdn.nlziet.nl\/static\/assets\/contentproviders\/sbs.png","darkUrl":"https:\/\/cdn.nlziet.nl\/static\/assets\/contentproviders\/dark\/sbs.png","flatUrl":"https:\/\/cdn.nlziet.nl\/static\/assets\/contentproviders\/flat\/sbs.png"},"tags":[],"seriesId":"6EBfsFV_3EqMK8x9C1vHew"},{"id":"dNfc5CsFX0mUC2Fplq4bog","type":"Vod","title":"Border Security: Australi\u00eb","subtitle":"Aflevering 147","description":"Veronica - De landsgrenzen worden voortdurend bedreigd. Of het nu gaat om drugssmokkel, illegale immigratie, infecties of het meenemen van verboden voorwerpen, de douaniers houden het allemaal in de gaten. Het gaat er soms heftig aan toe en de douaniers hebben er dan ook hun handen vol aan.","formattedEpisodeNumbering":null,"formattedDate":"Za 17 okt. 2020","formattedDateShort":"Okt. 2020","formattedTime":"18:59","formattedDuration":"22m","formattedAvailabilityWindow":null,"formattedAvailabilityWindowShort":null,"image":{"portraitUrl":null,"landscapeUrl":"https:\/\/images.nlziet.nl\/metadataimportimages\/source\/6DE161EAF80022129EE1F171F8E23CE6A89DDCD979B4764E3E7BCB89FB8E969D.jpg"},"logo":{"normalUrl":"https:\/\/cdn.nlziet.nl\/static\/assets\/contentproviders\/sbs.png","darkUrl":"https:\/\/cdn.nlziet.nl\/static\/assets\/contentproviders\/dark\/sbs.png","flatUrl":"https:\/\/cdn.nlziet.nl\/static\/assets\/contentproviders\/flat\/sbs.png"},"tags":[],"seriesId":"6EBfsFV_3EqMK8x9C1vHew"},{"id":"tEt1MWDX60miLxjgLBM39Q","type":"Vod","title":"Border Security: Australi\u00eb","subtitle":"Aflevering 146","description":"De landsgrenzen worden voortdurend bedreigd. Of het nu gaat om drugssmokkel, illegale immigratie, infecties of het meenemen van verboden voorwerpen, de douaniers houden het allemaal in de gaten. Het gaat er soms heftig aan toe en de douaniers hebben er dan ook hun handen vol aan.","formattedEpisodeNumbering":null,"formattedDate":"Za 10 okt. 2020","formattedDateShort":"Okt. 2020","formattedTime":"19:30","formattedDuration":"21m","formattedAvailabilityWindow":null,"formattedAvailabilityWindowShort":null,"image":{"portraitUrl":null,"landscapeUrl":"https:\/\/images.nlziet.nl\/metadataimportimages\/source\/19E0035ECEA026CA5B3EA88FCC5671E2E20F9AEA49DF8C2AACEFA8B33F43BED5.jpg"},"logo":{"normalUrl":"https:\/\/cdn.nlziet.nl\/static\/assets\/contentproviders\/sbs.png","darkUrl":"https:\/\/cdn.nlziet.nl\/static\/assets\/contentproviders\/dark\/sbs.png","flatUrl":"https:\/\/cdn.nlziet.nl\/static\/assets\/contentproviders\/flat\/sbs.png"},"tags":[],"seriesId":"6EBfsFV_3EqMK8x9C1vHew"},{"id":"zddhV7msokmzBWOFRT_4Dg","type":"Vod","title":"Border Security: Australi\u00eb","subtitle":"Aflevering 145","description":"De landsgrenzen worden voortdurend bedreigd. Of het nu gaat om drugssmokkel, illegale immigratie, infecties of het meenemen van verboden voorwerpen, de douaniers houden het allemaal in de gaten. Het gaat er soms heftig aan toe en de douaniers hebben er dan ook hun handen vol aan.","formattedEpisodeNumbering":null,"formattedDate":"Za 10 okt. 2020","formattedDateShort":"Okt. 2020","formattedTime":"18:59","formattedDuration":"22m","formattedAvailabilityWindow":null,"formattedAvailabilityWindowShort":null,"image":{"portraitUrl":null,"landscapeUrl":"https:\/\/images.nlziet.nl\/metadataimportimages\/source\/C8576DA7266CE955B4401C3E1A6930DADAB3501C2A1E8BDCB64D4C8625F23AD1.jpg"},"logo":{"normalUrl":"https:\/\/cdn.nlziet.nl\/static\/assets\/contentproviders\/sbs.png","darkUrl":"https:\/\/cdn.nlziet.nl\/static\/assets\/contentproviders\/dark\/sbs.png","flatUrl":"https:\/\/cdn.nlziet.nl\/static\/assets\/contentproviders\/flat\/sbs.png"},"tags":[],"seriesId":"6EBfsFV_3EqMK8x9C1vHew"},{"id":"Y6chJR_W-U-uNhEc57sqHw","type":"Vod","title":"Border Security: Australi\u00eb","subtitle":"Aflevering 144","description":"De Immigratiedienst wil weten of een passagier de waarheid heeft verteld.","formattedEpisodeNumbering":null,"formattedDate":"Za 21 aug. 2021","formattedDateShort":"Aug. 2021","formattedTime":"19:29","formattedDuration":"22m","formattedAvailabilityWindow":null,"formattedAvailabilityWindowShort":null,"image":{"portraitUrl":null,"landscapeUrl":"https:\/\/images.nlziet.nl\/metadataimportimages\/source\/27776D920259EAB31AC2588EB53EF654E7E76B964196FF2FD7905968ED129755.jpg"},"logo":{"normalUrl":"https:\/\/cdn.nlziet.nl\/static\/assets\/contentproviders\/sbs.png","darkUrl":"https:\/\/cdn.nlziet.nl\/static\/assets\/contentproviders\/dark\/sbs.png","flatUrl":"https:\/\/cdn.nlziet.nl\/static\/assets\/contentproviders\/flat\/sbs.png"},"tags":[],"seriesId":"6EBfsFV_3EqMK8x9C1vHew"},{"id":"bYw37EiAAEe0Cfc9zMo7dQ","type":"Vod","title":"Border Security: Australi\u00eb","subtitle":"Aflevering 141","description":"De douane schrikt als ze zien wat een Fransman van plan is.","formattedEpisodeNumbering":null,"formattedDate":"Za 14 aug. 2021","formattedDateShort":"Aug. 2021","formattedTime":"19:01","formattedDuration":"22m","formattedAvailabilityWindow":null,"formattedAvailabilityWindowShort":null,"image":{"portraitUrl":null,"landscapeUrl":"https:\/\/images.nlziet.nl\/metadataimportimages\/source\/DFE21E9166A25D040783898F81762F2D8AE2CAE0BFAD932581BC513942FE88C3.jpg"},"logo":{"normalUrl":"https:\/\/cdn.nlziet.nl\/static\/assets\/contentproviders\/sbs.png","darkUrl":"https:\/\/cdn.nlziet.nl\/static\/assets\/contentproviders\/dark\/sbs.png","flatUrl":"https:\/\/cdn.nlziet.nl\/static\/assets\/contentproviders\/flat\/sbs.png"},"tags":[],"seriesId":"6EBfsFV_3EqMK8x9C1vHew"},{"id":"JeWnT6Zc1UiC_wfbJChFiw","type":"Vod","title":"Border Security: Australi\u00eb","subtitle":"Aflevering 140","description":"Een politierapport leidt tot een verontrustende bekentenis van een Nieuw-Zeelandse passagier.","formattedEpisodeNumbering":null,"formattedDate":"Zo 3 jul.","formattedDateShort":"Zo 3 jul.","formattedTime":"19:33","formattedDuration":"18m","formattedAvailabilityWindow":null,"formattedAvailabilityWindowShort":null,"image":{"portraitUrl":null,"landscapeUrl":"https:\/\/images.nlziet.nl\/metadataimportimages\/source\/8BCFC5CEEDD53FF664183ED0365D42C498B0704512377D074D0B6759A3C7A18B.jpg"},"logo":{"normalUrl":"https:\/\/cdn.nlziet.nl\/static\/assets\/contentproviders\/sbs.png","darkUrl":"https:\/\/cdn.nlziet.nl\/static\/assets\/contentproviders\/dark\/sbs.png","flatUrl":"https:\/\/cdn.nlziet.nl\/static\/assets\/contentproviders\/flat\/sbs.png"},"tags":[],"seriesId":"6EBfsFV_3EqMK8x9C1vHew"},{"id":"r7r1VfkMqUCZQp-LGaOL3w","type":"Vod","title":"Border Security: Australi\u00eb","subtitle":"Aflevering 138","description":"Is een verwarde Nederlandse passagier betrokken bij internationale drugshandel? Twee arbeiders duiken onder na een onverwachte inval in het westen van Sydney.","formattedEpisodeNumbering":null,"formattedDate":"Za 31 jul. 2021","formattedDateShort":"Jul. 2021","formattedTime":"19:28","formattedDuration":"23m","formattedAvailabilityWindow":null,"formattedAvailabilityWindowShort":null,"image":{"portraitUrl":null,"landscapeUrl":"https:\/\/images.nlziet.nl\/metadataimportimages\/source\/CBB884489E03A24FCAD1B0B53A8142546F95F67BE0181E6F7E013ACCFE124BB8.jpg"},"logo":{"normalUrl":"https:\/\/cdn.nlziet.nl\/static\/assets\/contentproviders\/sbs.png","darkUrl":"https:\/\/cdn.nlziet.nl\/static\/assets\/contentproviders\/dark\/sbs.png","flatUrl":"https:\/\/cdn.nlziet.nl\/static\/assets\/contentproviders\/flat\/sbs.png"},"tags":[],"seriesId":"6EBfsFV_3EqMK8x9C1vHew"},{"id":"VX_emMkVSU2g01medqu_2A","type":"Vod","title":"Border Security: Australi\u00eb","subtitle":"Aflevering 137","description":"Een Britse passagier beweert dat hij nooit verdovende middelen heeft gebruikt, maar uit een drugstest blijkt iets anders. De douane vindt een pakje xtc-pillen verstopt in een doos met speelgoed.","formattedEpisodeNumbering":null,"formattedDate":"Za 31 jul. 2021","formattedDateShort":"Jul. 2021","formattedTime":"18:58","formattedDuration":"22m","formattedAvailabilityWindow":null,"formattedAvailabilityWindowShort":null,"image":{"portraitUrl":null,"landscapeUrl":"https:\/\/images.nlziet.nl\/metadataimportimages\/source\/0F33516D037E419E9ECB03618C01D176593FCFB6277230D449A14B2E172F5EF1.jpg"},"logo":{"normalUrl":"https:\/\/cdn.nlziet.nl\/static\/assets\/contentproviders\/sbs.png","darkUrl":"https:\/\/cdn.nlziet.nl\/static\/assets\/contentproviders\/dark\/sbs.png","flatUrl":"https:\/\/cdn.nlziet.nl\/static\/assets\/contentproviders\/flat\/sbs.png"},"tags":[],"seriesId":"6EBfsFV_3EqMK8x9C1vHew"},{"id":"fGOLQtyo3kSMfsKKqr-2Lw","type":"Vod","title":"Border Security: Australi\u00eb","subtitle":"Aflevering 136","description":"Een Australische passagier komt terug van de Filippijnen en probeert iets uit te halen bij de douane. Een Maleisi\u00ebr liegt tegen de douane.","formattedEpisodeNumbering":null,"formattedDate":"Za 24 jul. 2021","formattedDateShort":"Jul. 2021","formattedTime":"19:29","formattedDuration":"22m","formattedAvailabilityWindow":null,"formattedAvailabilityWindowShort":null,"image":{"portraitUrl":null,"landscapeUrl":"https:\/\/images.nlziet.nl\/metadataimportimages\/source\/0A508FE0F3CA7916A37D3A9EAFE5184C2F35B0F1168BB83B1115079E55E64555.jpg"},"logo":{"normalUrl":"https:\/\/cdn.nlziet.nl\/static\/assets\/contentproviders\/sbs.png","darkUrl":"https:\/\/cdn.nlziet.nl\/static\/assets\/contentproviders\/dark\/sbs.png","flatUrl":"https:\/\/cdn.nlziet.nl\/static\/assets\/contentproviders\/flat\/sbs.png"},"tags":[],"seriesId":"6EBfsFV_3EqMK8x9C1vHew"},{"id":"qWgmaQgpVUK2845wFl4tGQ","type":"Vod","title":"Border Security: Australi\u00eb","subtitle":"Aflevering 135","description":"De douane verdenkt een Franse student van het verstoppen van drugs. Een Maleisische passagier wordt verraden door zijn vrouw.","formattedEpisodeNumbering":null,"formattedDate":"Zo 26 jun.","formattedDateShort":"Zo 26 jun.","formattedTime":"18:59","formattedDuration":"22m","formattedAvailabilityWindow":null,"formattedAvailabilityWindowShort":null,"image":{"portraitUrl":null,"landscapeUrl":"https:\/\/images.nlziet.nl\/metadataimportimages\/source\/8318353A5A9EB60DFAC98676F0406ACA428A9DA28AA410C334C7637E9DAB80EC.jpg"},"logo":{"normalUrl":"https:\/\/cdn.nlziet.nl\/static\/assets\/contentproviders\/sbs.png","darkUrl":"https:\/\/cdn.nlziet.nl\/static\/assets\/contentproviders\/dark\/sbs.png","flatUrl":"https:\/\/cdn.nlziet.nl\/static\/assets\/contentproviders\/flat\/sbs.png"},"tags":[],"seriesId":"6EBfsFV_3EqMK8x9C1vHew"}]