[{"id":"aNK8Lo1MykWBL-c3RM9VNg","type":"Vod","title":"Natuur op 2: Baby Chimp Rescue","subtitle":"Natuur op 2: Baby Chimp Rescue","description":"EO - Jenny en Jim verzorgen 38 kleine chimpansees. Het wordt drastisch nodig om hen uit te zetten in het wild, maar de jonge chimpansees moeten eerst nog leren, hoe je een nest bouwt.","formattedEpisodeNumbering":null,"formattedDate":"Do 3 jun. 2021","formattedDateShort":"Jun. 2021","formattedTime":"19:25","formattedDuration":"51m","formattedAvailabilityWindow":"Nog 2 dagen beschikbaar","formattedAvailabilityWindowShort":"Nog 2 d. beschikbaar","image":{"portraitUrl":null,"landscapeUrl":"https:\/\/images.nlziet.nl\/metadataimportimages\/source\/36412856D03A5EE733AFAFFEE28B60F800CE107EA0C01AAC14E59A3D4A82E513.jpg"},"logo":{"normalUrl":"https:\/\/cdn.nlziet.nl\/static\/assets\/contentproviders\/npo.png","darkUrl":"https:\/\/cdn.nlziet.nl\/static\/assets\/contentproviders\/dark\/npo.png","flatUrl":"https:\/\/cdn.nlziet.nl\/static\/assets\/contentproviders\/flat\/npo.png"},"tags":[],"seriesId":"7TxkUkwV1kekU4OUYGpCFQ"},{"id":"FOOJf5iPakK4NwU5oO2y7w","type":"Vod","title":"Natuur op 2: Baby Chimp Rescue","subtitle":"Natuur op 2: Baby Chimp Rescue","description":"EO - Bij het enige opvanghuis voor geredde chimpansees in Liberia komen nog meer aapjes binnen. Jimmy en Jenny Desmond en hun team hebben nu 28 chimpansees om voor te zorgen, waaronder Gaia van pas acht weken oud. De weesjes leren hoe ze naar voedsel moeten zoeken, maar er breekt een dodelijke verkoudheid onder de kleintjes uit, met desastreuze gevolgen. En het team redt de volwassen mannetjeschimpansee Jonny, wat weer voor nieuwe problemen zorgt. Het wordt nu echt tijd om de chimpansees naar hun nieuwe woonplek te verhuizen, voordat de boel uit de hand loopt.","formattedEpisodeNumbering":null,"formattedDate":"Wo 2 jun. 2021","formattedDateShort":"Jun. 2021","formattedTime":"19:20","formattedDuration":"51m","formattedAvailabilityWindow":"Nog 1 dag beschikbaar","formattedAvailabilityWindowShort":"Nog 1 d. beschikbaar","image":{"portraitUrl":null,"landscapeUrl":"https:\/\/images.nlziet.nl\/metadataimportimages\/source\/6A1930E4E97FDB09E511EAB91D917E2F77D4F642F5791A9399B564F879F58B70.jpg"},"logo":{"normalUrl":"https:\/\/cdn.nlziet.nl\/static\/assets\/contentproviders\/npo.png","darkUrl":"https:\/\/cdn.nlziet.nl\/static\/assets\/contentproviders\/dark\/npo.png","flatUrl":"https:\/\/cdn.nlziet.nl\/static\/assets\/contentproviders\/flat\/npo.png"},"tags":[],"seriesId":"7TxkUkwV1kekU4OUYGpCFQ"},{"id":"mwU5HWQXdUuJnB-QC7Oz4A","type":"Vod","title":"Natuur op 2: Baby Chimp Rescue","subtitle":"Natuur op 2: Baby Chimp Rescue","description":"EO - In een opvanghuis voor babychimpansees in Liberia worden wezen uit de illegale huisdierenhandel dag en nacht verzorgd. Het echtpaar Jim en Jenny Desmond had nooit gedacht dat ze surrogaatouders van 21 chimpansees zouden worden, maar nu barst hun huis uit zijn voegen. Hun droom is om een nieuw reservaat in het bos voor ze te bouwen. Met de hulp van vriend en chimpansee-expert Ben Garrod brengen ze de weesjes de vaardigheden bij die ze anders van hun moeder in het wild zouden leren. Als er eigenlijk geen chimpansee meer bij kan, bevrijden ze 'Miracle', een babychimp die gekluisterd aan een ketting haar dagen sleet.","formattedEpisodeNumbering":null,"formattedDate":"Di 1 jun. 2021","formattedDateShort":"Jun. 2021","formattedTime":"19:25","formattedDuration":"52m","formattedAvailabilityWindow":"Vandaag nog beschikbaar","formattedAvailabilityWindowShort":"Nog 1 d. beschikbaar","image":{"portraitUrl":null,"landscapeUrl":"https:\/\/images.nlziet.nl\/metadataimportimages\/source\/5D32EA982D51A1B1E3F837FF6597647EBBDE5B7FFBF549C866AD5C450867931C.jpg"},"logo":{"normalUrl":"https:\/\/cdn.nlziet.nl\/static\/assets\/contentproviders\/npo.png","darkUrl":"https:\/\/cdn.nlziet.nl\/static\/assets\/contentproviders\/dark\/npo.png","flatUrl":"https:\/\/cdn.nlziet.nl\/static\/assets\/contentproviders\/flat\/npo.png"},"tags":[],"seriesId":"7TxkUkwV1kekU4OUYGpCFQ"}]