[{"id":"CUJJdKd7W0GjXqX4sga9AA","type":"Vod","title":"Crime: Annika","subtitle":"Annika","description":"KRO-NCRV - Annika maakt een moeizame start als leider van het nieuwe moordzakenteam, maar ze moeten wel meteen aan de slag. Er is een man vermoord met een harpoen. Bij zijn familiebedrijf blijkt van alles aan de hand te zijn, dus het wordt nog een hele klus om uit te zoeken wat er nou precies gebeurd is. Annika's dochter Morgan heeft de nodige moeite met de verhuizing.","formattedEpisodeNumbering":"S1:A1","formattedDate":"Za 23 jul.","formattedDateShort":"Za 23 jul.","formattedTime":"22:10","formattedDuration":"46m","formattedAvailabilityWindow":null,"formattedAvailabilityWindowShort":null,"image":{"portraitUrl":null,"landscapeUrl":"https:\/\/images.nlziet.nl\/metadataimportimages\/source\/858B3C464D8DD439381952E5834DCF812048D06FFD807396EC15015077728200.jpg"},"logo":{"normalUrl":"https:\/\/cdn.nlziet.nl\/static\/assets\/contentproviders\/npo.png","darkUrl":"https:\/\/cdn.nlziet.nl\/static\/assets\/contentproviders\/dark\/npo.png","flatUrl":"https:\/\/cdn.nlziet.nl\/static\/assets\/contentproviders\/flat\/npo.png"},"tags":[],"seriesId":"5e4-m5DaP06AI4VwG_u-ng"},{"id":"x2EJ3bYy5UWzdP33JNMdqA","type":"Vod","title":"Crime: Annika","subtitle":"Annika","description":"KRO-NCRV - Wanneer op een ronddobberende boot een lijk wordt gevonden, voert het onderzoek het team van Annika naar het eiland Bute. Het is weliswaar duidelijk dat het om moord gaat, maar de hechte gemeenschap is niet bepaald loslippig. Dat een duister geheim een cruciale rol speelt, maakt het werk van Annika en haar team er niet makkelijker op.","formattedEpisodeNumbering":"S1:A2","formattedDate":"Za 23 jul.","formattedDateShort":"Za 23 jul.","formattedTime":"22:55","formattedDuration":"46m","formattedAvailabilityWindow":null,"formattedAvailabilityWindowShort":null,"image":{"portraitUrl":null,"landscapeUrl":"https:\/\/images.nlziet.nl\/metadataimportimages\/source\/DE56AA9DCA2B07F689A2F57940120603FBE35DE58529D1F7CD99E5E66A52E838.jpg"},"logo":{"normalUrl":"https:\/\/cdn.nlziet.nl\/static\/assets\/contentproviders\/npo.png","darkUrl":"https:\/\/cdn.nlziet.nl\/static\/assets\/contentproviders\/dark\/npo.png","flatUrl":"https:\/\/cdn.nlziet.nl\/static\/assets\/contentproviders\/flat\/npo.png"},"tags":[],"seriesId":"5e4-m5DaP06AI4VwG_u-ng"},{"id":"ts_jtac8mU-4glS7XzzU6A","type":"Vod","title":"Crime: Annika","subtitle":"Annika","description":"KRO-NCRV - Wanneer het lichaam van wetenschapper Murdo Sterling wordt gevonden in Lake Katrine, ziet Annika overeenkomsten met Ibsens boek 'Vijand van het Volk'. Terwijl het leven van Sterling wordt nagetrokken, blijkt dat meerdere mensen een motief hadden. Morgans bezoek aan de psychiater zorgt bij Annika voor een onverwachte ervaring.","formattedEpisodeNumbering":"S1:A3","formattedDate":"Za 30 jul.","formattedDateShort":"Za 30 jul.","formattedTime":"22:10","formattedDuration":"46m","formattedAvailabilityWindow":null,"formattedAvailabilityWindowShort":null,"image":{"portraitUrl":null,"landscapeUrl":"https:\/\/images.nlziet.nl\/metadataimportimages\/source\/7CE5706A6974F1660D902C452215FA6F2328465AC941EA3D524BFBEDC85C6125.jpg"},"logo":{"normalUrl":"https:\/\/cdn.nlziet.nl\/static\/assets\/contentproviders\/npo.png","darkUrl":"https:\/\/cdn.nlziet.nl\/static\/assets\/contentproviders\/dark\/npo.png","flatUrl":"https:\/\/cdn.nlziet.nl\/static\/assets\/contentproviders\/flat\/npo.png"},"tags":[],"seriesId":"5e4-m5DaP06AI4VwG_u-ng"},{"id":"7rA7mlUnrkWegdSb3IBaNg","type":"Vod","title":"Crime: Annika","subtitle":"Annika","description":"KRO-NCRV - Annika's team moet de moord op een controversi\u00eble schrijfster onderzoeken. Ze heeft met haar sensatiebeluste boeken de nodige levens geru\u00efneerd en vijanden gemaakt, dus er zijn verdachten genoeg. Het is aan Annika om uit te zoeken wie er boos genoeg was om het slachtoffer ook echt van de brug te gooien. Morgan sluit intussen vriendschap met de jongere zus van Blair.","formattedEpisodeNumbering":"S1:A4","formattedDate":"Za 30 jul.","formattedDateShort":"Za 30 jul.","formattedTime":"22:55","formattedDuration":"46m","formattedAvailabilityWindow":null,"formattedAvailabilityWindowShort":null,"image":{"portraitUrl":null,"landscapeUrl":"https:\/\/images.nlziet.nl\/metadataimportimages\/source\/A62613514A638397088CCBC7EDD718F88A251F2F56614BE464445CAF74C801BF.jpg"},"logo":{"normalUrl":"https:\/\/cdn.nlziet.nl\/static\/assets\/contentproviders\/npo.png","darkUrl":"https:\/\/cdn.nlziet.nl\/static\/assets\/contentproviders\/dark\/npo.png","flatUrl":"https:\/\/cdn.nlziet.nl\/static\/assets\/contentproviders\/flat\/npo.png"},"tags":[],"seriesId":"5e4-m5DaP06AI4VwG_u-ng"},{"id":"0-bUH5KUukCw34qNKSBdog","type":"Vod","title":"Crime: Annika","subtitle":"Annika","description":"KRO-NCRV - Een projectontwikkelaar wordt dood in het water gevonden na een feest op zijn boot. In eerste instantie kunnen Annika en haar team geen overduidelijk motief vinden waarom iemand hem dood zou willen, maar onder de oppervlakte blijkt een duister geheim te schuilen. Jake en Annika beginnen een relatie, maar misschien is dat voor Morgan geen goed idee.","formattedEpisodeNumbering":"S1:A5","formattedDate":"Za 6 aug.","formattedDateShort":"Za 6 aug.","formattedTime":"22:10","formattedDuration":"46m","formattedAvailabilityWindow":null,"formattedAvailabilityWindowShort":null,"image":{"portraitUrl":null,"landscapeUrl":"https:\/\/images.nlziet.nl\/metadataimportimages\/source\/73559B4F5FE7D04D14A0E2CFF8F3D4E112C9AF49C82F1865AB08FB46EEE5AF90.jpg"},"logo":{"normalUrl":"https:\/\/cdn.nlziet.nl\/static\/assets\/contentproviders\/npo.png","darkUrl":"https:\/\/cdn.nlziet.nl\/static\/assets\/contentproviders\/dark\/npo.png","flatUrl":"https:\/\/cdn.nlziet.nl\/static\/assets\/contentproviders\/flat\/npo.png"},"tags":[],"seriesId":"5e4-m5DaP06AI4VwG_u-ng"},{"id":"H2EY74yl1EqFBe0uXjZyew","type":"Vod","title":"Crime: Annika","subtitle":"Annika","description":"KRO-NCRV - Het lichaam van een jonge vrouw wordt aangetroffen bij de dokken van Glasgow. Als ze een relatie blijkt te hebben gehad met Michaels broer, moet die als verdachte worden verhoord, wat de spanningen binnen het team hoog doet oplopen. Na een onverwachte ontdekking neemt de zaak een griezelige wending, die Annika en haar team in groot gevaar brengt.","formattedEpisodeNumbering":"S1:A6","formattedDate":"Za 6 aug.","formattedDateShort":"Za 6 aug.","formattedTime":"22:55","formattedDuration":"46m","formattedAvailabilityWindow":null,"formattedAvailabilityWindowShort":null,"image":{"portraitUrl":null,"landscapeUrl":"https:\/\/images.nlziet.nl\/metadataimportimages\/source\/F4ADD8909C8351058F36156EC962194C90B9564CE8D1B7142310DC0BA36C9343.jpg"},"logo":{"normalUrl":"https:\/\/cdn.nlziet.nl\/static\/assets\/contentproviders\/npo.png","darkUrl":"https:\/\/cdn.nlziet.nl\/static\/assets\/contentproviders\/dark\/npo.png","flatUrl":"https:\/\/cdn.nlziet.nl\/static\/assets\/contentproviders\/flat\/npo.png"},"tags":[],"seriesId":"5e4-m5DaP06AI4VwG_u-ng"}]