[{"id":"I9ZXzt_NQ0y8SOO2eUDTzw","type":"Vod","title":"Z Doc: Peperdure Speeltjes","subtitle":"Afl. 4","description":"RTLZ - Hoe maken de superrijken hun dromen waar? Deze documentaire laat zien hoe ver ze gaan.","formattedEpisodeNumbering":null,"formattedDate":"Wo 31 aug.","formattedDateShort":"Wo 31 aug.","formattedTime":"22:30","formattedDuration":"43m","formattedAvailabilityWindow":null,"formattedAvailabilityWindowShort":null,"image":{"portraitUrl":null,"landscapeUrl":"https:\/\/images.nlziet.nl\/metadataimportimages\/source\/83874F200278CC7982942DCAFBC1EDC86B2CC22AA8FF4CEB36F880D9623ADFA5.jpg"},"logo":{"normalUrl":"https:\/\/cdn.nlziet.nl\/static\/assets\/contentproviders\/rtl.png","darkUrl":"https:\/\/cdn.nlziet.nl\/static\/assets\/contentproviders\/dark\/rtl.png","flatUrl":"https:\/\/cdn.nlziet.nl\/static\/assets\/contentproviders\/flat\/rtl.png"},"tags":[],"seriesId":"51GCXtLq10a4vMPe8yyukA"},{"id":"4GT0O2RhwU6l2FCCSsmqrw","type":"Vod","title":"Z Doc: Peperdure Speeltjes","subtitle":"Afl. 1","description":"RTLZ - Hoe maken de superrijken hun dromen waar? Deze documentaire laat zien hoe ver ze gaan.","formattedEpisodeNumbering":null,"formattedDate":"Wo 24 aug.","formattedDateShort":"Wo 24 aug.","formattedTime":"22:20","formattedDuration":"43m","formattedAvailabilityWindow":null,"formattedAvailabilityWindowShort":null,"image":{"portraitUrl":null,"landscapeUrl":"https:\/\/images.nlziet.nl\/metadataimportimages\/source\/73762D32BF125B536075ADF7DF0120CF459E099057615CC32317A54ACDDF707B.jpg"},"logo":{"normalUrl":"https:\/\/cdn.nlziet.nl\/static\/assets\/contentproviders\/rtl.png","darkUrl":"https:\/\/cdn.nlziet.nl\/static\/assets\/contentproviders\/dark\/rtl.png","flatUrl":"https:\/\/cdn.nlziet.nl\/static\/assets\/contentproviders\/flat\/rtl.png"},"tags":[],"seriesId":"51GCXtLq10a4vMPe8yyukA"}]