[{"id":"NqBzeWW1xkaK6oloDhOfzg","type":"Vod","title":"Make Up Your Mind","subtitle":"Afl. 5","description":"RTL4 - De vijf overgebleven Queens strijden om de titel. In deze finale is een speciale rol weggelegd voor Queen Britney Royale, oftewel: Barry Stevens. Teamcaptains Fred van Leer en Nikkie de Jager krijgen dit keer steun van gastpanelleden Jim Bakkum en Edsilia Rombley.","formattedEpisodeNumbering":null,"formattedDate":"Za 7 mei.","formattedDateShort":"Za 7 mei.","formattedTime":"21:40","formattedDuration":"1u 19m","formattedAvailabilityWindow":null,"formattedAvailabilityWindowShort":null,"image":{"portraitUrl":null,"landscapeUrl":"https:\/\/images.nlziet.nl\/metadataimportimages\/source\/785F43107CAD104187E520F24092F3266BD72789ECFC68CBC12033F69D6DA5B8.jpg"},"logo":{"normalUrl":"https:\/\/cdn.nlziet.nl\/static\/assets\/contentproviders\/rtl.png","darkUrl":"https:\/\/cdn.nlziet.nl\/static\/assets\/contentproviders\/dark\/rtl.png","flatUrl":"https:\/\/cdn.nlziet.nl\/static\/assets\/contentproviders\/flat\/rtl.png"},"tags":[],"seriesId":"5ZTHbyQD5k6RuO52VdDW1Q"},{"id":"UWyhUhcpvEaryZBi-wElSQ","type":"Vod","title":"Make Up Your Mind","subtitle":"Afl. 4","description":"RTL4 - Teamcaptains Fred van Leer en Nikkie de Jager worden geholpen door gastpanelleden Dave von Raven en Irene Moors.","formattedEpisodeNumbering":null,"formattedDate":"Za 30 apr.","formattedDateShort":"Za 30 apr.","formattedTime":"21:35","formattedDuration":"1u 7m","formattedAvailabilityWindow":null,"formattedAvailabilityWindowShort":null,"image":{"portraitUrl":null,"landscapeUrl":"https:\/\/images.nlziet.nl\/metadataimportimages\/source\/2B74D119A56F092B33A08D66F1C17D9F2AA7091AB8E7AF0BC1AA1C66B864D164.png"},"logo":{"normalUrl":"https:\/\/cdn.nlziet.nl\/static\/assets\/contentproviders\/rtl.png","darkUrl":"https:\/\/cdn.nlziet.nl\/static\/assets\/contentproviders\/dark\/rtl.png","flatUrl":"https:\/\/cdn.nlziet.nl\/static\/assets\/contentproviders\/flat\/rtl.png"},"tags":[],"seriesId":"5ZTHbyQD5k6RuO52VdDW1Q"},{"id":"hdtzurrFBUq5A8n4s7p40w","type":"Vod","title":"Make Up Your Mind","subtitle":"Afl. 3","description":"RTL4 - Teamcaptains Fred van Leer en Nikkie de Jager worden dit keer geholpen door gastpanelleden Victor Mids en Elise Schaap.","formattedEpisodeNumbering":null,"formattedDate":"Za 23 apr.","formattedDateShort":"Za 23 apr.","formattedTime":"21:40","formattedDuration":"1u 3m","formattedAvailabilityWindow":null,"formattedAvailabilityWindowShort":null,"image":{"portraitUrl":null,"landscapeUrl":"https:\/\/images.nlziet.nl\/metadataimportimages\/source\/5F42B1A17245EF623047F908B7AC8D6E9C642AC0F0F15A95307205ABA0AE90CA.jpg"},"logo":{"normalUrl":"https:\/\/cdn.nlziet.nl\/static\/assets\/contentproviders\/rtl.png","darkUrl":"https:\/\/cdn.nlziet.nl\/static\/assets\/contentproviders\/dark\/rtl.png","flatUrl":"https:\/\/cdn.nlziet.nl\/static\/assets\/contentproviders\/flat\/rtl.png"},"tags":[],"seriesId":"5ZTHbyQD5k6RuO52VdDW1Q"},{"id":"4QFy4yci10S8IRmV09iNlA","type":"Vod","title":"Make Up Your Mind","subtitle":"Afl. 2","description":"RTL4 - Teamcaptains Fred van Leer en Nikkie de Jager worden dit keer geholpen door gastpanelleden Jan Smit en Chantal Janzen.","formattedEpisodeNumbering":null,"formattedDate":"Za 16 apr.","formattedDateShort":"Za 16 apr.","formattedTime":"21:35","formattedDuration":"1u 5m","formattedAvailabilityWindow":null,"formattedAvailabilityWindowShort":null,"image":{"portraitUrl":null,"landscapeUrl":"https:\/\/images.nlziet.nl\/metadataimportimages\/source\/9403CC544AE6BF2513443B96F9D0B9C8F81D6DBA800F70A2B2BDBFBF91D9B1E4.jpg"},"logo":{"normalUrl":"https:\/\/cdn.nlziet.nl\/static\/assets\/contentproviders\/rtl.png","darkUrl":"https:\/\/cdn.nlziet.nl\/static\/assets\/contentproviders\/dark\/rtl.png","flatUrl":"https:\/\/cdn.nlziet.nl\/static\/assets\/contentproviders\/flat\/rtl.png"},"tags":[],"seriesId":"5ZTHbyQD5k6RuO52VdDW1Q"},{"id":"PdwadDZZEkaWQBsGXi_cQA","type":"Vod","title":"Make Up Your Mind","subtitle":"Afl. 1","description":"RTL4 - Teamcaptains Fred van Leer en Nikkie de Jager worden geholpen door gastpanelleden Danny de Munk en Loretta Schrijver.","formattedEpisodeNumbering":null,"formattedDate":"Za 9 apr.","formattedDateShort":"Za 9 apr.","formattedTime":"21:35","formattedDuration":"1u 7m","formattedAvailabilityWindow":null,"formattedAvailabilityWindowShort":null,"image":{"portraitUrl":null,"landscapeUrl":"https:\/\/images.nlziet.nl\/metadataimportimages\/source\/D91E69F8CAF703A30CEDC9F6768A7F239E3B6C3EDE9A1E0139F0A6C788175708.jpg"},"logo":{"normalUrl":"https:\/\/cdn.nlziet.nl\/static\/assets\/contentproviders\/rtl.png","darkUrl":"https:\/\/cdn.nlziet.nl\/static\/assets\/contentproviders\/dark\/rtl.png","flatUrl":"https:\/\/cdn.nlziet.nl\/static\/assets\/contentproviders\/flat\/rtl.png"},"tags":[],"seriesId":"5ZTHbyQD5k6RuO52VdDW1Q"}]