[{"id":"NbSmFLm6yUa1Yq6uMt31oQ","type":"Vod","title":"Zappsport","subtitle":"Zappsport","description":"TROS - Zappsport is niet\u00a0alleen het leukste, maar ook nog eens het enige kindersportprogramma op de\u00a0Nederlandse televisie. Ron Boszhard is al acht jaar\u00a0het vertrouwde gezicht van\u00a0Zappsport,\u00a0maar komend seizoen wordt voor hem zwaarder dan ooit.\u00a0De bloedfanatieke HockeySTER Naomi van As is namelijk zijn nieuwe tegenstander in 'The Battle'.\u00a0In het wekelijkse onderdeel 'The Battle' strijden de jongens tegen de meiden in een bepaalde sport. Ron staat in dit onderdeel tegenover de nieuwe 'teamcaptain' Naomi van As en de bloedfanatieke hockeyster wil koste wat kost winnen.\u00a0In Zappsport komen alle takken van sport voorbij. Zo krijgen kinderen met een sportprobleem hulp van een beroemde topsporter in de 'Hellup', worden de vetste trucs uitgelegd in 'The Move' en zijn er regelmatig specials te zien rondom grote sporttoernooien.","formattedEpisodeNumbering":null,"formattedDate":"Zo 1 dec. 2013","formattedDateShort":"Dec. 2013","formattedTime":"08:39","formattedDuration":"16m","formattedAvailabilityWindow":null,"formattedAvailabilityWindowShort":null,"image":{"portraitUrl":null,"landscapeUrl":"https:\/\/images.nlziet.nl\/metadataimportimages\/source\/EB409C62DDDD2DF46579EDC2E0910E3CFD9F229BFB217A29E7A72EE34BB21C93.jpg"},"logo":{"normalUrl":"https:\/\/cdn.nlziet.nl\/static\/assets\/contentproviders\/npo.png","darkUrl":"https:\/\/cdn.nlziet.nl\/static\/assets\/contentproviders\/dark\/npo.png","flatUrl":"https:\/\/cdn.nlziet.nl\/static\/assets\/contentproviders\/flat\/npo.png"},"tags":[],"seriesId":"7QrOqPrilEGeM3pgWB1w1A"},{"id":"BTgl1ZLWS0qdh0sgmeDGqw","type":"Vod","title":"Zappsport","subtitle":"Zappsport","description":"TROS - Ron Boszhard is al acht jaar het vertrouwde gezicht van Zappsport, maar komend seizoen wordt voor hem zwaarder dan ooit. De bloedfanatieke hockeyster Naomi van As is namelijk zijn nieuwe tegenstander in The Battle. In het wekelijkse onderdeel The Battle strijden de jongens tegen de meiden in een bepaalde sport. Ron staat in dit onderdeel tegenover de nieuwe 'teamcaptain' Naomi van As en de bloedfanatieke hockeyster wil koste wat kost winnen. Alle takken van sport komen voorbij. Zo krijgen kinderen met een sportprobleem hulp van een beroemde topsporter in de Hellup, worden de vetste trucs uitgelegd in The Move en zijn er regelmatig specials te zien rondom grote sporttoernooien.","formattedEpisodeNumbering":null,"formattedDate":"Zo 3 nov. 2013","formattedDateShort":"Nov. 2013","formattedTime":"08:39","formattedDuration":"20m","formattedAvailabilityWindow":null,"formattedAvailabilityWindowShort":null,"image":{"portraitUrl":null,"landscapeUrl":"https:\/\/images.nlziet.nl\/metadataimportimages\/source\/0F37876211AAC0649F5662311C5F18D7E5729F7BE42C776B520C3D33BE3237FD.jpg"},"logo":{"normalUrl":"https:\/\/cdn.nlziet.nl\/static\/assets\/contentproviders\/npo.png","darkUrl":"https:\/\/cdn.nlziet.nl\/static\/assets\/contentproviders\/dark\/npo.png","flatUrl":"https:\/\/cdn.nlziet.nl\/static\/assets\/contentproviders\/flat\/npo.png"},"tags":[],"seriesId":"7QrOqPrilEGeM3pgWB1w1A"},{"id":"tQgmi03NVU6B-KtCpD5h_g","type":"Vod","title":"Zappsport","subtitle":"Zappsport","description":"TROS - Ron Boszhard is al acht jaar het vertrouwde gezicht van Zappsport, maar komend seizoen wordt voor hem zwaarder dan ooit. De bloedfanatieke hockeyster Naomi van As is namelijk zijn nieuwe tegenstander in The Battle. In het wekelijkse onderdeel The Battle strijden de jongens tegen de meiden in een bepaalde sport. Ron staat in dit onderdeel tegenover de nieuwe 'teamcaptain' Naomi van As en de bloedfanatieke hockeyster wil koste wat kost winnen. Alle takken van sport komen voorbij. Zo krijgen kinderen met een sportprobleem hulp van een beroemde topsporter in de Hellup, worden de vetste trucs uitgelegd in The Move en zijn er regelmatig specials te zien rondom grote sporttoernooien.","formattedEpisodeNumbering":null,"formattedDate":"Zo 6 okt. 2013","formattedDateShort":"Okt. 2013","formattedTime":"08:40","formattedDuration":"25m","formattedAvailabilityWindow":null,"formattedAvailabilityWindowShort":null,"image":{"portraitUrl":null,"landscapeUrl":"https:\/\/images.nlziet.nl\/metadataimportimages\/source\/8E999A27125E73828083E99D5F3EF11E03D506B19EAA187C54AC705E591D7F9A.jpg"},"logo":{"normalUrl":"https:\/\/cdn.nlziet.nl\/static\/assets\/contentproviders\/npo.png","darkUrl":"https:\/\/cdn.nlziet.nl\/static\/assets\/contentproviders\/dark\/npo.png","flatUrl":"https:\/\/cdn.nlziet.nl\/static\/assets\/contentproviders\/flat\/npo.png"},"tags":[],"seriesId":"7QrOqPrilEGeM3pgWB1w1A"},{"id":"iijiVx4stEmrX6TmfLAEeQ","type":"Vod","title":"Zappsport","subtitle":"Zappsport","description":"TROS - Sportmagazine voor de jeugd. In The Battle strijden de jongens tegen de meisjes in een bepaalde sport. Kinderen met een sportprobleem worden in de 'Hellup' geholpen door een beroemde topsporter. De reportage doet verslag van jonge talenten die met een belangrijk toernooi nummer \u00e9\u00e9n hopen te worden. De vetste trucks worden uitgelegd in 'The Move' waarin kids laten zien wat ze kunnen. Rondom grote sporttoernooien zijn er ook regelmatig specials te zien...","formattedEpisodeNumbering":null,"formattedDate":"Zo 23 jun. 2013","formattedDateShort":"Jun. 2013","formattedTime":"08:40","formattedDuration":"20m","formattedAvailabilityWindow":null,"formattedAvailabilityWindowShort":null,"image":{"portraitUrl":null,"landscapeUrl":"https:\/\/images.nlziet.nl\/metadataimportimages\/source\/9D581536F96FA94A23800F41115CF9C0FC7BE0E1C37C05D686718E94D6FA0C84.jpg"},"logo":{"normalUrl":"https:\/\/cdn.nlziet.nl\/static\/assets\/contentproviders\/npo.png","darkUrl":"https:\/\/cdn.nlziet.nl\/static\/assets\/contentproviders\/dark\/npo.png","flatUrl":"https:\/\/cdn.nlziet.nl\/static\/assets\/contentproviders\/flat\/npo.png"},"tags":[],"seriesId":"7QrOqPrilEGeM3pgWB1w1A"},{"id":"fiRx8cmcQEixqqcErx7N-w","type":"Vod","title":"Zappsport","subtitle":"Zappsport","description":"TROS - Sportmagazine voor de jeugd. In The Battle strijden de jongens tegen de meisjes in een bepaalde sport. Kinderen met een sportprobleem worden in de 'Hellup' geholpen door een beroemde topsporter. De reportage doet verslag van jonge talenten die met een belangrijk toernooi nummer \u00e9\u00e9n hopen te worden. De vetste trucks worden uitgelegd in 'The Move' waarin kids laten zien wat ze kunnen. Rondom grote sporttoernooien zijn er ook regelmatig specials te zien...","formattedEpisodeNumbering":null,"formattedDate":"Za 22 jun. 2013","formattedDateShort":"Jun. 2013","formattedTime":"08:43","formattedDuration":"20m","formattedAvailabilityWindow":null,"formattedAvailabilityWindowShort":null,"image":{"portraitUrl":null,"landscapeUrl":"https:\/\/images.nlziet.nl\/metadataimportimages\/source\/57E5E7F8F1F633E231EECAE0DE6FB0B21236E1EC857EEAE4F6345FA2F0E41256.jpg"},"logo":{"normalUrl":"https:\/\/cdn.nlziet.nl\/static\/assets\/contentproviders\/npo.png","darkUrl":"https:\/\/cdn.nlziet.nl\/static\/assets\/contentproviders\/dark\/npo.png","flatUrl":"https:\/\/cdn.nlziet.nl\/static\/assets\/contentproviders\/flat\/npo.png"},"tags":[],"seriesId":"7QrOqPrilEGeM3pgWB1w1A"},{"id":"PZ5xrisBBUWBsBhH9CDKrQ","type":"Vod","title":"Zappsport","subtitle":"Zappsport","description":"TROS - Sportmagazine voor de jeugd. In The Battle strijden de jongens tegen de meisjes in een bepaalde sport. Kinderen met een sportprobleem worden in de 'Hellup' geholpen door een beroemde topsporter. De reportage doet verslag van jonge talenten die met een belangrijk toernooi nummer \u00e9\u00e9n hopen te worden. De vetste trucks worden uitgelegd in 'The Move' waarin kids laten zien wat ze kunnen. Rondom grote sporttoernooien zijn er ook regelmatig specials te zien...","formattedEpisodeNumbering":null,"formattedDate":"Zo 16 jun. 2013","formattedDateShort":"Jun. 2013","formattedTime":"08:40","formattedDuration":"20m","formattedAvailabilityWindow":null,"formattedAvailabilityWindowShort":null,"image":{"portraitUrl":null,"landscapeUrl":"https:\/\/images.nlziet.nl\/metadataimportimages\/source\/A1D18BBF5CF69D1B8C6784BE6D3E720DA6A39749EBC1C2B32548EA10D69B4F5A.jpg"},"logo":{"normalUrl":"https:\/\/cdn.nlziet.nl\/static\/assets\/contentproviders\/npo.png","darkUrl":"https:\/\/cdn.nlziet.nl\/static\/assets\/contentproviders\/dark\/npo.png","flatUrl":"https:\/\/cdn.nlziet.nl\/static\/assets\/contentproviders\/flat\/npo.png"},"tags":[],"seriesId":"7QrOqPrilEGeM3pgWB1w1A"},{"id":"JkyRwzvde0mFzTar37hRog","type":"Vod","title":"Zappsport","subtitle":"Zappsport","description":"TROS - Sportmagazine voor de jeugd. In The Battle strijden de jongens tegen de meisjes in een bepaalde sport. Kinderen met een sportprobleem worden in de 'Hellup' geholpen door een beroemde topsporter. De reportage doet verslag van jonge talenten die met een belangrijk toernooi nummer \u00e9\u00e9n hopen te worden. De vetste trucks worden uitgelegd in 'The Move' waarin kids laten zien wat ze kunnen. Rondom grote sporttoernooien zijn er ook regelmatig specials te zien...","formattedEpisodeNumbering":null,"formattedDate":"Za 15 jun. 2013","formattedDateShort":"Jun. 2013","formattedTime":"08:43","formattedDuration":"20m","formattedAvailabilityWindow":null,"formattedAvailabilityWindowShort":null,"image":{"portraitUrl":null,"landscapeUrl":"https:\/\/images.nlziet.nl\/metadataimportimages\/source\/5BE1A08B64DBEC94C342575AEF7C9578D4F3A19AACA0FA63EB60B4BFA2A75C0B.jpg"},"logo":{"normalUrl":"https:\/\/cdn.nlziet.nl\/static\/assets\/contentproviders\/npo.png","darkUrl":"https:\/\/cdn.nlziet.nl\/static\/assets\/contentproviders\/dark\/npo.png","flatUrl":"https:\/\/cdn.nlziet.nl\/static\/assets\/contentproviders\/flat\/npo.png"},"tags":[],"seriesId":"7QrOqPrilEGeM3pgWB1w1A"},{"id":"AWXWK0VG10WZOHlYhh4ONw","type":"Vod","title":"Zappsport","subtitle":"Zappsport","description":"TROS - Sportmagazine voor de jeugd. In The Battle strijden de jongens tegen de meisjes in een bepaalde sport. Kinderen met een sportprobleem worden in de 'Hellup' geholpen door een beroemde topsporter. De reportage doet verslag van jonge talenten die met een belangrijk toernooi nummer \u00e9\u00e9n hopen te worden. De vetste trucks worden uitgelegd in 'The Move' waarin kids laten zien wat ze kunnen. Rondom grote sporttoernooien zijn er ook regelmatig specials te zien...","formattedEpisodeNumbering":null,"formattedDate":"Zo 9 jun. 2013","formattedDateShort":"Jun. 2013","formattedTime":"08:40","formattedDuration":"20m","formattedAvailabilityWindow":null,"formattedAvailabilityWindowShort":null,"image":{"portraitUrl":null,"landscapeUrl":"https:\/\/images.nlziet.nl\/metadataimportimages\/source\/A34DA1ED18C63007840AA41AA3B658215EFE16748AEF19A6291A7202629500C6.jpg"},"logo":{"normalUrl":"https:\/\/cdn.nlziet.nl\/static\/assets\/contentproviders\/npo.png","darkUrl":"https:\/\/cdn.nlziet.nl\/static\/assets\/contentproviders\/dark\/npo.png","flatUrl":"https:\/\/cdn.nlziet.nl\/static\/assets\/contentproviders\/flat\/npo.png"},"tags":[],"seriesId":"7QrOqPrilEGeM3pgWB1w1A"},{"id":"-g9Y2K_AskqrcZgIGeF3ig","type":"Vod","title":"Zappsport","subtitle":"Zappsport","description":"TROS - Sportmagazine voor de jeugd. In The Battle strijden de jongens tegen de meisjes in een bepaalde sport. Kinderen met een sportprobleem worden in de 'Hellup' geholpen door een beroemde topsporter. De reportage doet verslag van jonge talenten die met een belangrijk toernooi nummer \u00e9\u00e9n hopen te worden. De vetste trucks worden uitgelegd in 'The Move' waarin kids laten zien wat ze kunnen. Rondom grote sporttoernooien zijn er ook regelmatig specials te zien...","formattedEpisodeNumbering":null,"formattedDate":"Za 8 jun. 2013","formattedDateShort":"Jun. 2013","formattedTime":"08:45","formattedDuration":"15m","formattedAvailabilityWindow":null,"formattedAvailabilityWindowShort":null,"image":{"portraitUrl":null,"landscapeUrl":"https:\/\/images.nlziet.nl\/metadataimportimages\/source\/A57C6688BD57D64CA9999C88E5D02C7AFB57EE3ECD1865E4053565EAF251D334.jpg"},"logo":{"normalUrl":"https:\/\/cdn.nlziet.nl\/static\/assets\/contentproviders\/npo.png","darkUrl":"https:\/\/cdn.nlziet.nl\/static\/assets\/contentproviders\/dark\/npo.png","flatUrl":"https:\/\/cdn.nlziet.nl\/static\/assets\/contentproviders\/flat\/npo.png"},"tags":[],"seriesId":"7QrOqPrilEGeM3pgWB1w1A"},{"id":"TmcmIyfz1EemuuiLoRyncQ","type":"Vod","title":"Zappsport","subtitle":"Zappsport","description":"TROS, NPO Zapp - Sportmagazine voor de jeugd. In The Battle strijden de jongens tegen de meisjes in een bepaalde sport. Kinderen met een sportprobleem worden in de 'Hellup' geholpen door een beroemde topsporter. De reportage doet verslag van jonge talenten die met een belangrijk toernooi nummer \u00e9\u00e9n hopen te worden. De vetste trucks worden uitgelegd in 'The Move' waarin kids laten zien wat ze kunnen. Rondom grote sporttoernooien zijn er ook regelmatig specials te zien...","formattedEpisodeNumbering":null,"formattedDate":"Zo 2 jun. 2013","formattedDateShort":"Jun. 2013","formattedTime":"08:40","formattedDuration":"15m","formattedAvailabilityWindow":null,"formattedAvailabilityWindowShort":null,"image":{"portraitUrl":null,"landscapeUrl":"https:\/\/images.nlziet.nl\/metadataimportimages\/source\/0C049E994B75513B360BD127E39F21AA1FC9E0EB08198ED354C8B83F4A930E19.jpg"},"logo":{"normalUrl":"https:\/\/cdn.nlziet.nl\/static\/assets\/contentproviders\/npo.png","darkUrl":"https:\/\/cdn.nlziet.nl\/static\/assets\/contentproviders\/dark\/npo.png","flatUrl":"https:\/\/cdn.nlziet.nl\/static\/assets\/contentproviders\/flat\/npo.png"},"tags":[],"seriesId":"7QrOqPrilEGeM3pgWB1w1A"},{"id":"KZ3FCBkd_0Oxh4_U6PODsQ","type":"Vod","title":"Zappsport","subtitle":"Zappsport","description":"TROS, NPO Zapp - Sportmagazine voor de jeugd. In The Battle strijden de jongens tegen de meisjes in een bepaalde sport. Kinderen met een sportprobleem worden in de 'Hellup' geholpen door een beroemde topsporter. De reportage doet verslag van jonge talenten die met een belangrijk toernooi nummer \u00e9\u00e9n hopen te worden. De vetste trucks worden uitgelegd in 'The Move' waarin kids laten zien wat ze kunnen. Rondom grote sporttoernooien zijn er ook regelmatig specials te zien...","formattedEpisodeNumbering":null,"formattedDate":"Za 1 jun. 2013","formattedDateShort":"Jun. 2013","formattedTime":"08:42","formattedDuration":"15m","formattedAvailabilityWindow":null,"formattedAvailabilityWindowShort":null,"image":{"portraitUrl":null,"landscapeUrl":"https:\/\/images.nlziet.nl\/metadataimportimages\/source\/188277E345DB2538FAA0455CDCA76FA65C361A8284A290480F43C313CDC256A1.jpg"},"logo":{"normalUrl":"https:\/\/cdn.nlziet.nl\/static\/assets\/contentproviders\/npo.png","darkUrl":"https:\/\/cdn.nlziet.nl\/static\/assets\/contentproviders\/dark\/npo.png","flatUrl":"https:\/\/cdn.nlziet.nl\/static\/assets\/contentproviders\/flat\/npo.png"},"tags":[],"seriesId":"7QrOqPrilEGeM3pgWB1w1A"},{"id":"aXZVvv_zwU2S7E2Tb4RrZQ","type":"Vod","title":"Zappsport","subtitle":"Zappsport","description":"TROS, NPO Zapp - Sportmagazine voor de jeugd. In The Battle strijden de jongens tegen de meisjes in een bepaalde sport. Kinderen met een sportprobleem worden in de 'Hellup' geholpen door een beroemde topsporter. De reportage doet verslag van jonge talenten die met een belangrijk toernooi nummer \u00e9\u00e9n hopen te worden. De vetste trucks worden uitgelegd in 'The Move' waarin kids laten zien wat ze kunnen. Rondom grote sporttoernooien zijn er ook regelmatig specials te zien...","formattedEpisodeNumbering":null,"formattedDate":"Zo 26 mei. 2013","formattedDateShort":"Mei. 2013","formattedTime":"08:40","formattedDuration":"20m","formattedAvailabilityWindow":null,"formattedAvailabilityWindowShort":null,"image":{"portraitUrl":null,"landscapeUrl":"https:\/\/images.nlziet.nl\/metadataimportimages\/source\/C74ED6F93FF09DEE9D007A5FF174887D929B6877D9F78E3FBA3A7FA84A636742.jpg"},"logo":{"normalUrl":"https:\/\/cdn.nlziet.nl\/static\/assets\/contentproviders\/npo.png","darkUrl":"https:\/\/cdn.nlziet.nl\/static\/assets\/contentproviders\/dark\/npo.png","flatUrl":"https:\/\/cdn.nlziet.nl\/static\/assets\/contentproviders\/flat\/npo.png"},"tags":[],"seriesId":"7QrOqPrilEGeM3pgWB1w1A"},{"id":"LALAFQURhEq0RJTb4--b9A","type":"Vod","title":"Zappsport","subtitle":"Zappsport","description":"TROS, NPO Zapp - Sportmagazine voor de jeugd. In The Battle strijden de jongens tegen de meisjes in een bepaalde sport. Kinderen met een sportprobleem worden in de 'Hellup' geholpen door een beroemde topsporter. De reportage doet verslag van jonge talenten die met een belangrijk toernooi nummer \u00e9\u00e9n hopen te worden. De vetste trucks worden uitgelegd in 'The Move' waarin kids laten zien wat ze kunnen. Rondom grote sporttoernooien zijn er ook regelmatig specials te zien...","formattedEpisodeNumbering":null,"formattedDate":"Za 25 mei. 2013","formattedDateShort":"Mei. 2013","formattedTime":"08:45","formattedDuration":"15m","formattedAvailabilityWindow":null,"formattedAvailabilityWindowShort":null,"image":{"portraitUrl":null,"landscapeUrl":"https:\/\/images.nlziet.nl\/metadataimportimages\/source\/1843F476373EE3579B3B83A40EBB0010EB92612219D16C0C1DBC212417FD52F3.jpg"},"logo":{"normalUrl":"https:\/\/cdn.nlziet.nl\/static\/assets\/contentproviders\/npo.png","darkUrl":"https:\/\/cdn.nlziet.nl\/static\/assets\/contentproviders\/dark\/npo.png","flatUrl":"https:\/\/cdn.nlziet.nl\/static\/assets\/contentproviders\/flat\/npo.png"},"tags":[],"seriesId":"7QrOqPrilEGeM3pgWB1w1A"},{"id":"q843l200hkaMU83IJQ-Yew","type":"Vod","title":"Zappsport","subtitle":"Zappsport","description":"TROS, NPO Zapp - Sportmagazine voor de jeugd. In The Battle strijden de jongens tegen de meisjes in een bepaalde sport. Kinderen met een sportprobleem worden in de 'Hellup' geholpen door een beroemde topsporter. De reportage doet verslag van jonge talenten die met een belangrijk toernooi nummer \u00e9\u00e9n hopen te worden. De vetste trucks worden uitgelegd in 'The Move' waarin kids laten zien wat ze kunnen. Rondom grote sporttoernooien zijn er ook regelmatig specials te zien...","formattedEpisodeNumbering":null,"formattedDate":"Zo 19 mei. 2013","formattedDateShort":"Mei. 2013","formattedTime":"08:40","formattedDuration":"20m","formattedAvailabilityWindow":null,"formattedAvailabilityWindowShort":null,"image":{"portraitUrl":null,"landscapeUrl":"https:\/\/images.nlziet.nl\/metadataimportimages\/source\/C5E177F3F531E1D9C6572317A44C6F67FE80ECACA45E56C5B9EBE5797082E0A5.jpg"},"logo":{"normalUrl":"https:\/\/cdn.nlziet.nl\/static\/assets\/contentproviders\/npo.png","darkUrl":"https:\/\/cdn.nlziet.nl\/static\/assets\/contentproviders\/dark\/npo.png","flatUrl":"https:\/\/cdn.nlziet.nl\/static\/assets\/contentproviders\/flat\/npo.png"},"tags":[],"seriesId":"7QrOqPrilEGeM3pgWB1w1A"},{"id":"PaOH0QqMaEyJUCiu2mHKgw","type":"Vod","title":"Zappsport","subtitle":"Zappsport","description":"TROS, NPO Zapp - Sportmagazine voor de jeugd. In The Battle strijden de jongens tegen de meisjes in een bepaalde sport. Kinderen met een sportprobleem worden in de 'Hellup' geholpen door een beroemde topsporter. De reportage doet verslag van jonge talenten die met een belangrijk toernooi nummer \u00e9\u00e9n hopen te worden. De vetste trucks worden uitgelegd in 'The Move' waarin kids laten zien wat ze kunnen. Rondom grote sporttoernooien zijn er ook regelmatig specials te zien...","formattedEpisodeNumbering":null,"formattedDate":"Za 18 mei. 2013","formattedDateShort":"Mei. 2013","formattedTime":"08:42","formattedDuration":"15m","formattedAvailabilityWindow":null,"formattedAvailabilityWindowShort":null,"image":{"portraitUrl":null,"landscapeUrl":"https:\/\/images.nlziet.nl\/metadataimportimages\/source\/788F7E19936AC8806CADB43EDC6A0FF23D47A90E0D12A9ABEE6E2381C712FAD0.jpg"},"logo":{"normalUrl":"https:\/\/cdn.nlziet.nl\/static\/assets\/contentproviders\/npo.png","darkUrl":"https:\/\/cdn.nlziet.nl\/static\/assets\/contentproviders\/dark\/npo.png","flatUrl":"https:\/\/cdn.nlziet.nl\/static\/assets\/contentproviders\/flat\/npo.png"},"tags":[],"seriesId":"7QrOqPrilEGeM3pgWB1w1A"},{"id":"-k8yJh0Qy0iGHzZJZmj4YQ","type":"Vod","title":"Zappsport","subtitle":"Zappsport","description":"TROS, NPO Zapp - Sportmagazine voor de jeugd. In The Battle strijden de jongens tegen de meisjes in een bepaalde sport. Kinderen met een sportprobleem worden in de 'Hellup' geholpen door een beroemde topsporter. De reportage doet verslag van jonge talenten die met een belangrijk toernooi nummer \u00e9\u00e9n hopen te worden. De vetste trucks worden uitgelegd in 'The Move' waarin kids laten zien wat ze kunnen. Rondom grote sporttoernooien zijn er ook regelmatig specials te zien...","formattedEpisodeNumbering":null,"formattedDate":"Zo 12 mei. 2013","formattedDateShort":"Mei. 2013","formattedTime":"08:40","formattedDuration":"15m","formattedAvailabilityWindow":null,"formattedAvailabilityWindowShort":null,"image":{"portraitUrl":null,"landscapeUrl":"https:\/\/images.nlziet.nl\/metadataimportimages\/source\/41C7EC86E647604B5EC432545543DA64FEAEA1610195BE5A17D1FED0169D82D4.jpg"},"logo":{"normalUrl":"https:\/\/cdn.nlziet.nl\/static\/assets\/contentproviders\/npo.png","darkUrl":"https:\/\/cdn.nlziet.nl\/static\/assets\/contentproviders\/dark\/npo.png","flatUrl":"https:\/\/cdn.nlziet.nl\/static\/assets\/contentproviders\/flat\/npo.png"},"tags":[],"seriesId":"7QrOqPrilEGeM3pgWB1w1A"},{"id":"wbV_T1Ik3kCRwcvAE5grJg","type":"Vod","title":"Zappsport","subtitle":"Zappsport","description":"TROS, NPO Zapp - Sportmagazine voor de jeugd. In The Battle strijden de jongens tegen de meisjes in een bepaalde sport. Kinderen met een sportprobleem worden in de 'Hellup' geholpen door een beroemde topsporter. De reportage doet verslag van jonge talenten die met een belangrijk toernooi nummer \u00e9\u00e9n hopen te worden. De vetste trucks worden uitgelegd in 'The Move' waarin kids laten zien wat ze kunnen. Rondom grote sporttoernooien zijn er ook regelmatig specials te zien...","formattedEpisodeNumbering":null,"formattedDate":"Za 11 mei. 2013","formattedDateShort":"Mei. 2013","formattedTime":"08:45","formattedDuration":"15m","formattedAvailabilityWindow":null,"formattedAvailabilityWindowShort":null,"image":{"portraitUrl":null,"landscapeUrl":"https:\/\/images.nlziet.nl\/metadataimportimages\/source\/64EF77352BEF1F1522CBA8537991E940D23D0CCB484A224D7C26B90C90C6378F.jpg"},"logo":{"normalUrl":"https:\/\/cdn.nlziet.nl\/static\/assets\/contentproviders\/npo.png","darkUrl":"https:\/\/cdn.nlziet.nl\/static\/assets\/contentproviders\/dark\/npo.png","flatUrl":"https:\/\/cdn.nlziet.nl\/static\/assets\/contentproviders\/flat\/npo.png"},"tags":[],"seriesId":"7QrOqPrilEGeM3pgWB1w1A"},{"id":"vBWKRoCS40OWk8Kdw7Yuog","type":"Vod","title":"Zappsport","subtitle":"Zappsport","description":"TROS, NPO Zapp - Sportmagazine voor de jeugd. In The Battle strijden de jongens tegen de meisjes in een bepaalde sport. Kinderen met een sportprobleem worden in de 'Hellup' geholpen door een beroemde topsporter. De reportage doet verslag van jonge talenten die met een belangrijk toernooi nummer \u00e9\u00e9n hopen te worden. De vetste trucks worden uitgelegd in 'The Move' waarin kids laten zien wat ze kunnen. Rondom grote sporttoernooien zijn er ook regelmatig specials te zien...","formattedEpisodeNumbering":null,"formattedDate":"Zo 5 mei. 2013","formattedDateShort":"Mei. 2013","formattedTime":"08:40","formattedDuration":"20m","formattedAvailabilityWindow":null,"formattedAvailabilityWindowShort":null,"image":{"portraitUrl":null,"landscapeUrl":"https:\/\/images.nlziet.nl\/metadataimportimages\/source\/48BC8F0496BC4960CA8AB69720B247F6DDF5985233C363490F7E2A17B4ECA564.jpg"},"logo":{"normalUrl":"https:\/\/cdn.nlziet.nl\/static\/assets\/contentproviders\/npo.png","darkUrl":"https:\/\/cdn.nlziet.nl\/static\/assets\/contentproviders\/dark\/npo.png","flatUrl":"https:\/\/cdn.nlziet.nl\/static\/assets\/contentproviders\/flat\/npo.png"},"tags":[],"seriesId":"7QrOqPrilEGeM3pgWB1w1A"},{"id":"MMpq8Ktk80mfDWjIK8dEXw","type":"Vod","title":"Zappsport","subtitle":"Zappsport","description":"TROS, NPO Zapp - Sportmagazine voor de jeugd. In The Battle strijden de jongens tegen de meisjes in een bepaalde sport. Kinderen met een sportprobleem worden in de 'Hellup' geholpen door een beroemde topsporter. De reportage doet verslag van jonge talenten die met een belangrijk toernooi nummer \u00e9\u00e9n hopen te worden. De vetste trucks worden uitgelegd in 'The Move' waarin kids laten zien wat ze kunnen. Rondom grote sporttoernooien zijn er ook regelmatig specials te zien...","formattedEpisodeNumbering":null,"formattedDate":"Za 4 mei. 2013","formattedDateShort":"Mei. 2013","formattedTime":"08:55","formattedDuration":"15m","formattedAvailabilityWindow":null,"formattedAvailabilityWindowShort":null,"image":{"portraitUrl":null,"landscapeUrl":"https:\/\/images.nlziet.nl\/metadataimportimages\/source\/15A85E2255DE3B8236E22FEFF64BB8BEEF609373B66BA4A9460576B24D642941.jpg"},"logo":{"normalUrl":"https:\/\/cdn.nlziet.nl\/static\/assets\/contentproviders\/npo.png","darkUrl":"https:\/\/cdn.nlziet.nl\/static\/assets\/contentproviders\/dark\/npo.png","flatUrl":"https:\/\/cdn.nlziet.nl\/static\/assets\/contentproviders\/flat\/npo.png"},"tags":[],"seriesId":"7QrOqPrilEGeM3pgWB1w1A"},{"id":"LTSHVNfDL0G4FW1SeLj8cg","type":"Vod","title":"Zappsport","subtitle":"Zappsport","description":"TROS, NPO Zapp - Sportmagazine voor de jeugd. In The Battle strijden de jongens tegen de meisjes in een bepaalde sport. Kinderen met een sportprobleem worden in de 'Hellup' geholpen door een beroemde topsporter. De reportage doet verslag van jonge talenten die met een belangrijk toernooi nummer \u00e9\u00e9n hopen te worden. De vetste trucks worden uitgelegd in 'The Move' waarin kids laten zien wat ze kunnen. Rondom grote sporttoernooien zijn er ook regelmatig specials te zien...","formattedEpisodeNumbering":null,"formattedDate":"Zo 28 apr. 2013","formattedDateShort":"Apr. 2013","formattedTime":"08:40","formattedDuration":"20m","formattedAvailabilityWindow":null,"formattedAvailabilityWindowShort":null,"image":{"portraitUrl":null,"landscapeUrl":"https:\/\/images.nlziet.nl\/metadataimportimages\/source\/0AF6884AB4D5EA7B6AD079DBF8C56F1F3B54A682578836AB180EFA16AADD0FC3.jpg"},"logo":{"normalUrl":"https:\/\/cdn.nlziet.nl\/static\/assets\/contentproviders\/npo.png","darkUrl":"https:\/\/cdn.nlziet.nl\/static\/assets\/contentproviders\/dark\/npo.png","flatUrl":"https:\/\/cdn.nlziet.nl\/static\/assets\/contentproviders\/flat\/npo.png"},"tags":[],"seriesId":"7QrOqPrilEGeM3pgWB1w1A"},{"id":"-SJArNa0l0a26gtMvPyEyw","type":"Vod","title":"Zappsport","subtitle":"Zappsport","description":"TROS, NPO Zapp - Sportmagazine voor de jeugd. In The Battle strijden de jongens tegen de meisjes in een bepaalde sport. Kinderen met een sportprobleem worden in de 'Hellup' geholpen door een beroemde topsporter. De reportage doet verslag van jonge talenten die met een belangrijk toernooi nummer \u00e9\u00e9n hopen te worden. De vetste trucks worden uitgelegd in 'The Move' waarin kids laten zien wat ze kunnen. Rondom grote sporttoernooien zijn er ook regelmatig specials te zien...","formattedEpisodeNumbering":null,"formattedDate":"Zo 21 apr. 2013","formattedDateShort":"Apr. 2013","formattedTime":"08:40","formattedDuration":"20m","formattedAvailabilityWindow":null,"formattedAvailabilityWindowShort":null,"image":{"portraitUrl":null,"landscapeUrl":"https:\/\/images.nlziet.nl\/metadataimportimages\/source\/B27B131611485A2B86DE8CE6BB9E887B09FC1F5DDC3DA1C69E9EE7990924C396.jpg"},"logo":{"normalUrl":"https:\/\/cdn.nlziet.nl\/static\/assets\/contentproviders\/npo.png","darkUrl":"https:\/\/cdn.nlziet.nl\/static\/assets\/contentproviders\/dark\/npo.png","flatUrl":"https:\/\/cdn.nlziet.nl\/static\/assets\/contentproviders\/flat\/npo.png"},"tags":[],"seriesId":"7QrOqPrilEGeM3pgWB1w1A"},{"id":"fePpOU8-20-K3psIvz2_3A","type":"Vod","title":"Zappsport","subtitle":"Zappsport","description":"TROS, NPO Zapp - Sportmagazine voor de jeugd. In The Battle strijden de jongens tegen de meisjes in een bepaalde sport. Kinderen met een sportprobleem worden in de 'Hellup' geholpen door een beroemde topsporter. De reportage doet verslag van jonge talenten die met een belangrijk toernooi nummer \u00e9\u00e9n hopen te worden. De vetste trucks worden uitgelegd in 'The Move' waarin kids laten zien wat ze kunnen. Rondom grote sporttoernooien zijn er ook regelmatig specials te zien...","formattedEpisodeNumbering":null,"formattedDate":"Za 20 apr. 2013","formattedDateShort":"Apr. 2013","formattedTime":"08:55","formattedDuration":"15m","formattedAvailabilityWindow":null,"formattedAvailabilityWindowShort":null,"image":{"portraitUrl":null,"landscapeUrl":"https:\/\/images.nlziet.nl\/metadataimportimages\/source\/67345E34A800FA69362D955AE1FB97F3571B5C783D19EDA510B435E3BB4D6718.jpg"},"logo":{"normalUrl":"https:\/\/cdn.nlziet.nl\/static\/assets\/contentproviders\/npo.png","darkUrl":"https:\/\/cdn.nlziet.nl\/static\/assets\/contentproviders\/dark\/npo.png","flatUrl":"https:\/\/cdn.nlziet.nl\/static\/assets\/contentproviders\/flat\/npo.png"},"tags":[],"seriesId":"7QrOqPrilEGeM3pgWB1w1A"},{"id":"mYsJ7yefW0OqE8gvdThbpQ","type":"Vod","title":"Zappsport","subtitle":"Zappsport","description":"TROS, NPO Zapp - Sportmagazine voor de jeugd. In The Battle strijden de jongens tegen de meisjes in een bepaalde sport. Kinderen met een sportprobleem worden in de 'Hellup' geholpen door een beroemde topsporter. De reportage doet verslag van jonge talenten die met een belangrijk toernooi nummer \u00e9\u00e9n hopen te worden. De vetste trucks worden uitgelegd in 'The Move' waarin kids laten zien wat ze kunnen. Rondom grote sporttoernooien zijn er ook regelmatig specials te zien...","formattedEpisodeNumbering":null,"formattedDate":"Zo 14 apr. 2013","formattedDateShort":"Apr. 2013","formattedTime":"08:40","formattedDuration":"20m","formattedAvailabilityWindow":null,"formattedAvailabilityWindowShort":null,"image":{"portraitUrl":null,"landscapeUrl":"https:\/\/images.nlziet.nl\/metadataimportimages\/source\/626A893E90FD13959597F2678CF576B5DEA2A462199599BBE943BBCDA2D558D3.jpg"},"logo":{"normalUrl":"https:\/\/cdn.nlziet.nl\/static\/assets\/contentproviders\/npo.png","darkUrl":"https:\/\/cdn.nlziet.nl\/static\/assets\/contentproviders\/dark\/npo.png","flatUrl":"https:\/\/cdn.nlziet.nl\/static\/assets\/contentproviders\/flat\/npo.png"},"tags":[],"seriesId":"7QrOqPrilEGeM3pgWB1w1A"},{"id":"0z0i2Rxq-UieiUuaXF8P_w","type":"Vod","title":"Zappsport","subtitle":"Zappsport","description":"TROS, NPO Zapp - Sportmagazine voor de jeugd. In The Battle strijden de jongens tegen de meisjes in een bepaalde sport. Kinderen met een sportprobleem worden in de 'Hellup' geholpen door een beroemde topsporter. De reportage doet verslag van jonge talenten die met een belangrijk toernooi nummer \u00e9\u00e9n hopen te worden. De vetste trucks worden uitgelegd in 'The Move' waarin kids laten zien wat ze kunnen. Rondom grote sporttoernooien zijn er ook regelmatig specials te zien...","formattedEpisodeNumbering":null,"formattedDate":"Za 13 apr. 2013","formattedDateShort":"Apr. 2013","formattedTime":"08:55","formattedDuration":"15m","formattedAvailabilityWindow":null,"formattedAvailabilityWindowShort":null,"image":{"portraitUrl":null,"landscapeUrl":"https:\/\/images.nlziet.nl\/metadataimportimages\/source\/FB67DB2B14E813C757D51DB97A44DAC701C257EE590389CEDCD920491E9D587E.jpg"},"logo":{"normalUrl":"https:\/\/cdn.nlziet.nl\/static\/assets\/contentproviders\/npo.png","darkUrl":"https:\/\/cdn.nlziet.nl\/static\/assets\/contentproviders\/dark\/npo.png","flatUrl":"https:\/\/cdn.nlziet.nl\/static\/assets\/contentproviders\/flat\/npo.png"},"tags":[],"seriesId":"7QrOqPrilEGeM3pgWB1w1A"},{"id":"XQam69rDEkCPd3AiADy57w","type":"Vod","title":"Zappsport","subtitle":"Zappsport","description":"TROS, NPO Zapp - Sportmagazine voor de jeugd. In The Battle strijden de jongens tegen de meisjes in een bepaalde sport. Kinderen met een sportprobleem worden in de 'Hellup' geholpen door een beroemde topsporter. De reportage doet verslag van jonge talenten die met een belangrijk toernooi nummer \u00e9\u00e9n hopen te worden. De vetste trucks worden uitgelegd in 'The Move' waarin kids laten zien wat ze kunnen. Rondom grote sporttoernooien zijn er ook regelmatig specials te zien...","formattedEpisodeNumbering":null,"formattedDate":"Zo 7 apr. 2013","formattedDateShort":"Apr. 2013","formattedTime":"08:40","formattedDuration":"20m","formattedAvailabilityWindow":null,"formattedAvailabilityWindowShort":null,"image":{"portraitUrl":null,"landscapeUrl":"https:\/\/images.nlziet.nl\/metadataimportimages\/source\/5550B0F5A9FAAFED8CB20831F93D3819FCF1DD8E0E5253454AF8D5E996C042C3.jpg"},"logo":{"normalUrl":"https:\/\/cdn.nlziet.nl\/static\/assets\/contentproviders\/npo.png","darkUrl":"https:\/\/cdn.nlziet.nl\/static\/assets\/contentproviders\/dark\/npo.png","flatUrl":"https:\/\/cdn.nlziet.nl\/static\/assets\/contentproviders\/flat\/npo.png"},"tags":[],"seriesId":"7QrOqPrilEGeM3pgWB1w1A"},{"id":"1Ok2plkL2EqsvRAXV0-yaA","type":"Vod","title":"Zappsport","subtitle":"Zappsport","description":"TROS, NPO Zapp - Sportmagazine voor de jeugd. In The Battle strijden de jongens tegen de meisjes in een bepaalde sport. Kinderen met een sportprobleem worden in de 'Hellup' geholpen door een beroemde topsporter. De reportage doet verslag van jonge talenten die met een belangrijk toernooi nummer \u00e9\u00e9n hopen te worden. De vetste trucks worden uitgelegd in 'The Move' waarin kids laten zien wat ze kunnen. Rondom grote sporttoernooien zijn er ook regelmatig specials te zien...","formattedEpisodeNumbering":null,"formattedDate":"Za 6 apr. 2013","formattedDateShort":"Apr. 2013","formattedTime":"08:55","formattedDuration":"20m","formattedAvailabilityWindow":null,"formattedAvailabilityWindowShort":null,"image":{"portraitUrl":null,"landscapeUrl":"https:\/\/images.nlziet.nl\/metadataimportimages\/source\/D31D798C819D02440D39465A1643E8A5C8ADA0524DA73053159EC8199EC959F2.jpg"},"logo":{"normalUrl":"https:\/\/cdn.nlziet.nl\/static\/assets\/contentproviders\/npo.png","darkUrl":"https:\/\/cdn.nlziet.nl\/static\/assets\/contentproviders\/dark\/npo.png","flatUrl":"https:\/\/cdn.nlziet.nl\/static\/assets\/contentproviders\/flat\/npo.png"},"tags":[],"seriesId":"7QrOqPrilEGeM3pgWB1w1A"},{"id":"PwHjVzTHt0KN2sJh7cgegA","type":"Vod","title":"Zappsport","subtitle":"Zappsport","description":"TROS, NPO Zapp - Sportmagazine voor de jeugd. In The Battle strijden de jongens tegen de meisjes in een bepaalde sport. Kinderen met een sportprobleem worden in de 'Hellup' geholpen door een beroemde topsporter. De reportage doet verslag van jonge talenten die met een belangrijk toernooi nummer \u00e9\u00e9n hopen te worden. De vetste trucks worden uitgelegd in 'The Move' waarin kids laten zien wat ze kunnen. Rondom grote sporttoernooien zijn er ook regelmatig specials te zien...","formattedEpisodeNumbering":null,"formattedDate":"Zo 31 mrt. 2013","formattedDateShort":"Mrt. 2013","formattedTime":"08:40","formattedDuration":"20m","formattedAvailabilityWindow":null,"formattedAvailabilityWindowShort":null,"image":{"portraitUrl":null,"landscapeUrl":"https:\/\/images.nlziet.nl\/metadataimportimages\/source\/6ABA77A2C86220F7A3581904E7DEE463CE4FA1B059834F562D0C7CC02834A97D.jpg"},"logo":{"normalUrl":"https:\/\/cdn.nlziet.nl\/static\/assets\/contentproviders\/npo.png","darkUrl":"https:\/\/cdn.nlziet.nl\/static\/assets\/contentproviders\/dark\/npo.png","flatUrl":"https:\/\/cdn.nlziet.nl\/static\/assets\/contentproviders\/flat\/npo.png"},"tags":[],"seriesId":"7QrOqPrilEGeM3pgWB1w1A"},{"id":"syGZTHDk0E6uoyD1zyf7Kg","type":"Vod","title":"Zappsport","subtitle":"Zappsport","description":"TROS, NPO Zapp - Sportmagazine voor de jeugd. In The Battle strijden de jongens tegen de meisjes in een bepaalde sport. Kinderen met een sportprobleem worden in de 'Hellup' geholpen door een beroemde topsporter. De reportage doet verslag van jonge talenten die met een belangrijk toernooi nummer \u00e9\u00e9n hopen te worden. De vetste trucks worden uitgelegd in 'The Move' waarin kids laten zien wat ze kunnen. Rondom grote sporttoernooien zijn er ook regelmatig specials te zien...","formattedEpisodeNumbering":null,"formattedDate":"Za 30 mrt. 2013","formattedDateShort":"Mrt. 2013","formattedTime":"08:55","formattedDuration":"15m","formattedAvailabilityWindow":null,"formattedAvailabilityWindowShort":null,"image":{"portraitUrl":null,"landscapeUrl":"https:\/\/images.nlziet.nl\/metadataimportimages\/source\/3CC357C8E2D30832C73ADE0DB832A595FFC457874D9975F240A7C0FCAC43D381.jpg"},"logo":{"normalUrl":"https:\/\/cdn.nlziet.nl\/static\/assets\/contentproviders\/npo.png","darkUrl":"https:\/\/cdn.nlziet.nl\/static\/assets\/contentproviders\/dark\/npo.png","flatUrl":"https:\/\/cdn.nlziet.nl\/static\/assets\/contentproviders\/flat\/npo.png"},"tags":[],"seriesId":"7QrOqPrilEGeM3pgWB1w1A"},{"id":"aAWFoQJvME6fq0Pa_5Oj3g","type":"Vod","title":"Zappsport","subtitle":"Zappsport","description":"TROS, NPO Zapp - Sportmagazine voor de jeugd. In The Battle strijden de jongens tegen de meisjes in een bepaalde sport. Kinderen met een sportprobleem worden in de 'Hellup' geholpen door een beroemde topsporter. De reportage doet verslag van jonge talenten die met een belangrijk toernooi nummer \u00e9\u00e9n hopen te worden. De vetste trucks worden uitgelegd in 'The Move' waarin kids laten zien wat ze kunnen. Rondom grote sporttoernooien zijn er ook regelmatig specials te zien...","formattedEpisodeNumbering":null,"formattedDate":"Zo 24 mrt. 2013","formattedDateShort":"Mrt. 2013","formattedTime":"08:40","formattedDuration":"25m","formattedAvailabilityWindow":null,"formattedAvailabilityWindowShort":null,"image":{"portraitUrl":null,"landscapeUrl":"https:\/\/images.nlziet.nl\/metadataimportimages\/source\/84A73987B43CCDBF91708BDE915C9E9F5380F7DF2226DF0C7087CA79D2470AC3.jpg"},"logo":{"normalUrl":"https:\/\/cdn.nlziet.nl\/static\/assets\/contentproviders\/npo.png","darkUrl":"https:\/\/cdn.nlziet.nl\/static\/assets\/contentproviders\/dark\/npo.png","flatUrl":"https:\/\/cdn.nlziet.nl\/static\/assets\/contentproviders\/flat\/npo.png"},"tags":[],"seriesId":"7QrOqPrilEGeM3pgWB1w1A"},{"id":"miq0vTFq_0iknn8yI5y0Vg","type":"Vod","title":"Zappsport","subtitle":"Zappsport","description":"TROS, NPO Zapp - Sportmagazine voor de jeugd. In The Battle strijden de jongens tegen de meisjes in een bepaalde sport. Kinderen met een sportprobleem worden in de 'Hellup' geholpen door een beroemde topsporter. De reportage doet verslag van jonge talenten die met een belangrijk toernooi nummer \u00e9\u00e9n hopen te worden. De vetste trucks worden uitgelegd in 'The Move' waarin kids laten zien wat ze kunnen. Rondom grote sporttoernooien zijn er ook regelmatig specials te zien...","formattedEpisodeNumbering":null,"formattedDate":"Za 23 mrt. 2013","formattedDateShort":"Mrt. 2013","formattedTime":"09:01","formattedDuration":"15m","formattedAvailabilityWindow":null,"formattedAvailabilityWindowShort":null,"image":{"portraitUrl":null,"landscapeUrl":"https:\/\/images.nlziet.nl\/metadataimportimages\/source\/0A806E1A2BEF1AA78052E8A42740C3CF7A051C4E4C2B9E0BB9BA0BA110903661.jpg"},"logo":{"normalUrl":"https:\/\/cdn.nlziet.nl\/static\/assets\/contentproviders\/npo.png","darkUrl":"https:\/\/cdn.nlziet.nl\/static\/assets\/contentproviders\/dark\/npo.png","flatUrl":"https:\/\/cdn.nlziet.nl\/static\/assets\/contentproviders\/flat\/npo.png"},"tags":[],"seriesId":"7QrOqPrilEGeM3pgWB1w1A"},{"id":"fF9xmGi870Gop2XyDqq8PQ","type":"Vod","title":"Zappsport","subtitle":"Zappsport","description":"TROS, NPO Zapp - Sportmagazine voor de jeugd. In The Battle strijden de jongens tegen de meisjes in een bepaalde sport. Kinderen met een sportprobleem worden in de 'Hellup' geholpen door een beroemde topsporter. De reportage doet verslag van jonge talenten die met een belangrijk toernooi nummer \u00e9\u00e9n hopen te worden. De vetste trucks worden uitgelegd in 'The Move' waarin kids laten zien wat ze kunnen. Rondom grote sporttoernooien zijn er ook regelmatig specials te zien...","formattedEpisodeNumbering":null,"formattedDate":"Zo 17 mrt. 2013","formattedDateShort":"Mrt. 2013","formattedTime":"08:40","formattedDuration":"20m","formattedAvailabilityWindow":null,"formattedAvailabilityWindowShort":null,"image":{"portraitUrl":null,"landscapeUrl":"https:\/\/images.nlziet.nl\/metadataimportimages\/source\/97E367AF32557AAA834E5031A0CE58F804A3900A3391497F8C3BFB550C46BD4A.jpg"},"logo":{"normalUrl":"https:\/\/cdn.nlziet.nl\/static\/assets\/contentproviders\/npo.png","darkUrl":"https:\/\/cdn.nlziet.nl\/static\/assets\/contentproviders\/dark\/npo.png","flatUrl":"https:\/\/cdn.nlziet.nl\/static\/assets\/contentproviders\/flat\/npo.png"},"tags":[],"seriesId":"7QrOqPrilEGeM3pgWB1w1A"},{"id":"dhu7uQpo7EyvJ3C0YaUsbg","type":"Vod","title":"Zappsport","subtitle":"Zappsport","description":"TROS, NPO Zapp - Sportmagazine voor de jeugd. In The Battle strijden de jongens tegen de meisjes in een bepaalde sport. Kinderen met een sportprobleem worden in de 'Hellup' geholpen door een beroemde topsporter. De reportage doet verslag van jonge talenten die met een belangrijk toernooi nummer \u00e9\u00e9n hopen te worden. De vetste trucks worden uitgelegd in 'The Move' waarin kids laten zien wat ze kunnen. Rondom grote sporttoernooien zijn er ook regelmatig specials te zien...","formattedEpisodeNumbering":null,"formattedDate":"Za 16 mrt. 2013","formattedDateShort":"Mrt. 2013","formattedTime":"08:55","formattedDuration":"15m","formattedAvailabilityWindow":null,"formattedAvailabilityWindowShort":null,"image":{"portraitUrl":null,"landscapeUrl":"https:\/\/images.nlziet.nl\/metadataimportimages\/source\/7A94E264C24D4230073A05980256B4C48FFF5CFFD34CBDD901ACA728E5ADB38D.jpg"},"logo":{"normalUrl":"https:\/\/cdn.nlziet.nl\/static\/assets\/contentproviders\/npo.png","darkUrl":"https:\/\/cdn.nlziet.nl\/static\/assets\/contentproviders\/dark\/npo.png","flatUrl":"https:\/\/cdn.nlziet.nl\/static\/assets\/contentproviders\/flat\/npo.png"},"tags":[],"seriesId":"7QrOqPrilEGeM3pgWB1w1A"},{"id":"GDE5hY21NEaJqPAxyKz5Ng","type":"Vod","title":"Zappsport","subtitle":"Zappsport","description":"TROS, NPO Zapp - Sportmagazine voor de jeugd. In The Battle strijden de jongens tegen de meisjes in een bepaalde sport. Kinderen met een sportprobleem worden in de 'Hellup' geholpen door een beroemde topsporter. De reportage doet verslag van jonge talenten die met een belangrijk toernooi nummer \u00e9\u00e9n hopen te worden. De vetste trucks worden uitgelegd in 'The Move' waarin kids laten zien wat ze kunnen. Rondom grote sporttoernooien zijn er ook regelmatig specials te zien...","formattedEpisodeNumbering":null,"formattedDate":"Zo 10 mrt. 2013","formattedDateShort":"Mrt. 2013","formattedTime":"08:40","formattedDuration":"20m","formattedAvailabilityWindow":null,"formattedAvailabilityWindowShort":null,"image":{"portraitUrl":null,"landscapeUrl":"https:\/\/images.nlziet.nl\/metadataimportimages\/source\/4ACF72574F00B0DB3547246B10E0874347EF36C7DD505EF35030B56B54BE8972.jpg"},"logo":{"normalUrl":"https:\/\/cdn.nlziet.nl\/static\/assets\/contentproviders\/npo.png","darkUrl":"https:\/\/cdn.nlziet.nl\/static\/assets\/contentproviders\/dark\/npo.png","flatUrl":"https:\/\/cdn.nlziet.nl\/static\/assets\/contentproviders\/flat\/npo.png"},"tags":[],"seriesId":"7QrOqPrilEGeM3pgWB1w1A"},{"id":"3p7im-J2ikuPzrHU3cjnbQ","type":"Vod","title":"Zappsport","subtitle":"Zappsport","description":"TROS, NPO Zapp - Sportmagazine voor de jeugd. In The Battle strijden de jongens tegen de meisjes in een bepaalde sport. Kinderen met een sportprobleem worden in de 'Hellup' geholpen door een beroemde topsporter. De reportage doet verslag van jonge talenten die met een belangrijk toernooi nummer \u00e9\u00e9n hopen te worden. De vetste trucks worden uitgelegd in 'The Move' waarin kids laten zien wat ze kunnen. Rondom grote sporttoernooien zijn er ook regelmatig specials te zien...","formattedEpisodeNumbering":null,"formattedDate":"Za 9 mrt. 2013","formattedDateShort":"Mrt. 2013","formattedTime":"08:55","formattedDuration":"15m","formattedAvailabilityWindow":null,"formattedAvailabilityWindowShort":null,"image":{"portraitUrl":null,"landscapeUrl":"https:\/\/images.nlziet.nl\/metadataimportimages\/source\/F06698FC5B2BA7ACCBE1FAE44563010F0CB9EE672AA1917B015A9311797BBB5C.jpg"},"logo":{"normalUrl":"https:\/\/cdn.nlziet.nl\/static\/assets\/contentproviders\/npo.png","darkUrl":"https:\/\/cdn.nlziet.nl\/static\/assets\/contentproviders\/dark\/npo.png","flatUrl":"https:\/\/cdn.nlziet.nl\/static\/assets\/contentproviders\/flat\/npo.png"},"tags":[],"seriesId":"7QrOqPrilEGeM3pgWB1w1A"},{"id":"Docs5PvEX06cxc6wvOjMTA","type":"Vod","title":"Zappsport","subtitle":"Zappsport","description":"TROS, NPO Zapp - Sportmagazine voor de jeugd. In The Battle strijden de jongens tegen de meisjes in een bepaalde sport. Kinderen met een sportprobleem worden in de 'Hellup' geholpen door een beroemde topsporter. De reportage doet verslag van jonge talenten die met een belangrijk toernooi nummer \u00e9\u00e9n hopen te worden. De vetste trucks worden uitgelegd in 'The Move' waarin kids laten zien wat ze kunnen. Rondom grote sporttoernooien zijn er ook regelmatig specials te zien...","formattedEpisodeNumbering":null,"formattedDate":"Zo 3 mrt. 2013","formattedDateShort":"Mrt. 2013","formattedTime":"08:40","formattedDuration":"20m","formattedAvailabilityWindow":null,"formattedAvailabilityWindowShort":null,"image":{"portraitUrl":null,"landscapeUrl":"https:\/\/images.nlziet.nl\/metadataimportimages\/source\/5826EB85105BDA3184D89B8E363ADB8229A1FCAF20C08F13084DDC3CC3BB32E7.jpg"},"logo":{"normalUrl":"https:\/\/cdn.nlziet.nl\/static\/assets\/contentproviders\/npo.png","darkUrl":"https:\/\/cdn.nlziet.nl\/static\/assets\/contentproviders\/dark\/npo.png","flatUrl":"https:\/\/cdn.nlziet.nl\/static\/assets\/contentproviders\/flat\/npo.png"},"tags":[],"seriesId":"7QrOqPrilEGeM3pgWB1w1A"},{"id":"qIEmmsShRUCP72WHGCYA0g","type":"Vod","title":"Zappsport","subtitle":"Zappsport","description":"TROS, NPO Zapp - Sportmagazine voor de jeugd. In The Battle strijden de jongens tegen de meisjes in een bepaalde sport. Kinderen met een sportprobleem worden in de 'Hellup' geholpen door een beroemde topsporter. De reportage doet verslag van jonge talenten die met een belangrijk toernooi nummer \u00e9\u00e9n hopen te worden. De vetste trucks worden uitgelegd in 'The Move' waarin kids laten zien wat ze kunnen. Rondom grote sporttoernooien zijn er ook regelmatig specials te zien...","formattedEpisodeNumbering":null,"formattedDate":"Za 2 mrt. 2013","formattedDateShort":"Mrt. 2013","formattedTime":"08:55","formattedDuration":"15m","formattedAvailabilityWindow":null,"formattedAvailabilityWindowShort":null,"image":{"portraitUrl":null,"landscapeUrl":"https:\/\/images.nlziet.nl\/metadataimportimages\/source\/F7C6E8794A2E0A86A7D0B0F9D5F34787FC42ACE7F22035C443055307AE11B5D3.jpg"},"logo":{"normalUrl":"https:\/\/cdn.nlziet.nl\/static\/assets\/contentproviders\/npo.png","darkUrl":"https:\/\/cdn.nlziet.nl\/static\/assets\/contentproviders\/dark\/npo.png","flatUrl":"https:\/\/cdn.nlziet.nl\/static\/assets\/contentproviders\/flat\/npo.png"},"tags":[],"seriesId":"7QrOqPrilEGeM3pgWB1w1A"},{"id":"59IY8qaEeUWjEIpt8Fawfw","type":"Vod","title":"Zappsport","subtitle":"Zappsport","description":"TROS - Ron Boszhard en Vivienne van den Assem presenteren 'TROS ZAPPSPORT', een gevarieerd sportmagazine voor de jeugd. In 'The Battle' strijden de jongens tegen de meisjes in een bepaalde sport.\u00a0Kinderen met een sportprobleem worden in de 'Hellup' geholpen door een beroemde topsporter. De reportage doet verslag van jonge talenten die met een belangrijk toernooi nummer \u00e9\u00e9n hopen te worden. De vetste trucks worden uitgelegd in 'The Move' waarin kids laten zien wat ze kunnen. Rondom grote sporttoernooien zijn er ook regelmatig specials te zien...\u00a0","formattedEpisodeNumbering":null,"formattedDate":"Zo 24 feb. 2013","formattedDateShort":"Feb. 2013","formattedTime":"08:41","formattedDuration":"16m","formattedAvailabilityWindow":null,"formattedAvailabilityWindowShort":null,"image":{"portraitUrl":null,"landscapeUrl":"https:\/\/images.nlziet.nl\/metadataimportimages\/source\/20D27C1C2CB8CE5251608AD6D2F7C149569C30D750333E56CA4966535115CF3D.jpg"},"logo":{"normalUrl":"https:\/\/cdn.nlziet.nl\/static\/assets\/contentproviders\/npo.png","darkUrl":"https:\/\/cdn.nlziet.nl\/static\/assets\/contentproviders\/dark\/npo.png","flatUrl":"https:\/\/cdn.nlziet.nl\/static\/assets\/contentproviders\/flat\/npo.png"},"tags":[],"seriesId":"7QrOqPrilEGeM3pgWB1w1A"},{"id":"W4sjbbXKu0ywjXOzX3XtZA","type":"Vod","title":"Zappsport","subtitle":"Zappsport","description":"TROS - Ron Boszhard en Vivienne van den Assem presenteren 'TROS ZAPPSPORT', een gevarieerd sportmagazine voor de jeugd. In 'The Battle' strijden de jongens tegen de meisjes in een bepaalde sport.\u00a0Kinderen met een sportprobleem worden in de 'Hellup' geholpen door een beroemde topsporter. De reportage doet verslag van jonge talenten die met een belangrijk toernooi nummer \u00e9\u00e9n hopen te worden. De vetste trucks worden uitgelegd in 'The Move' waarin kids laten zien wat ze kunnen. Rondom grote sporttoernooien zijn er ook regelmatig specials te zien...\u00a0","formattedEpisodeNumbering":null,"formattedDate":"Za 23 feb. 2013","formattedDateShort":"Feb. 2013","formattedTime":"08:54","formattedDuration":"16m","formattedAvailabilityWindow":null,"formattedAvailabilityWindowShort":null,"image":{"portraitUrl":null,"landscapeUrl":"https:\/\/images.nlziet.nl\/metadataimportimages\/source\/20D27C1C2CB8CE5251608AD6D2F7C149569C30D750333E56CA4966535115CF3D.jpg"},"logo":{"normalUrl":"https:\/\/cdn.nlziet.nl\/static\/assets\/contentproviders\/npo.png","darkUrl":"https:\/\/cdn.nlziet.nl\/static\/assets\/contentproviders\/dark\/npo.png","flatUrl":"https:\/\/cdn.nlziet.nl\/static\/assets\/contentproviders\/flat\/npo.png"},"tags":[],"seriesId":"7QrOqPrilEGeM3pgWB1w1A"},{"id":"3tD5688BvEC7IjmQ9jZjJw","type":"Vod","title":"Zappsport","subtitle":"Zappsport","description":"TROS, NPO Zapp - Sportmagazine voor de jeugd. In The Battle strijden de jongens tegen de meisjes in een bepaalde sport. Kinderen met een sportprobleem worden in de 'Hellup' geholpen door een beroemde topsporter. De reportage doet verslag van jonge talenten die met een belangrijk toernooi nummer \u00e9\u00e9n hopen te worden. De vetste trucks worden uitgelegd in 'The Move' waarin kids laten zien wat ze kunnen. Rondom grote sporttoernooien zijn er ook regelmatig specials te zien...","formattedEpisodeNumbering":null,"formattedDate":"Zo 17 feb. 2013","formattedDateShort":"Feb. 2013","formattedTime":"08:40","formattedDuration":"20m","formattedAvailabilityWindow":null,"formattedAvailabilityWindowShort":null,"image":{"portraitUrl":null,"landscapeUrl":"https:\/\/images.nlziet.nl\/metadataimportimages\/source\/D44065BB7830903A2D6B7F75B05E66F550DA3EFC05C753D684C8C9BBF7C981B0.jpg"},"logo":{"normalUrl":"https:\/\/cdn.nlziet.nl\/static\/assets\/contentproviders\/npo.png","darkUrl":"https:\/\/cdn.nlziet.nl\/static\/assets\/contentproviders\/dark\/npo.png","flatUrl":"https:\/\/cdn.nlziet.nl\/static\/assets\/contentproviders\/flat\/npo.png"},"tags":[],"seriesId":"7QrOqPrilEGeM3pgWB1w1A"},{"id":"lZzFKDJG2EiKiAvJyZBUfw","type":"Vod","title":"Zappsport","subtitle":"Zappsport","description":"TROS, NPO Zapp - Sportmagazine voor de jeugd. In The Battle strijden de jongens tegen de meisjes in een bepaalde sport. Kinderen met een sportprobleem worden in de 'Hellup' geholpen door een beroemde topsporter. De reportage doet verslag van jonge talenten die met een belangrijk toernooi nummer \u00e9\u00e9n hopen te worden. De vetste trucks worden uitgelegd in 'The Move' waarin kids laten zien wat ze kunnen. Rondom grote sporttoernooien zijn er ook regelmatig specials te zien...","formattedEpisodeNumbering":null,"formattedDate":"Za 16 feb. 2013","formattedDateShort":"Feb. 2013","formattedTime":"08:55","formattedDuration":"15m","formattedAvailabilityWindow":null,"formattedAvailabilityWindowShort":null,"image":{"portraitUrl":null,"landscapeUrl":"https:\/\/images.nlziet.nl\/metadataimportimages\/source\/8E2FF332DDAE4C7D3ADFA057FE9A2475A4B609AC083F9631E07158A9CA166BBA.jpg"},"logo":{"normalUrl":"https:\/\/cdn.nlziet.nl\/static\/assets\/contentproviders\/npo.png","darkUrl":"https:\/\/cdn.nlziet.nl\/static\/assets\/contentproviders\/dark\/npo.png","flatUrl":"https:\/\/cdn.nlziet.nl\/static\/assets\/contentproviders\/flat\/npo.png"},"tags":[],"seriesId":"7QrOqPrilEGeM3pgWB1w1A"},{"id":"GCsToUWw2kCggmi0mlZIvg","type":"Vod","title":"Zappsport","subtitle":"Zappsport","description":"TROS, NPO Zapp - Sportmagazine voor de jeugd. In The Battle strijden de jongens tegen de meisjes in een bepaalde sport. Kinderen met een sportprobleem worden in de 'Hellup' geholpen door een beroemde topsporter. De reportage doet verslag van jonge talenten die met een belangrijk toernooi nummer \u00e9\u00e9n hopen te worden. De vetste trucks worden uitgelegd in 'The Move' waarin kids laten zien wat ze kunnen. Rondom grote sporttoernooien zijn er ook regelmatig specials te zien...","formattedEpisodeNumbering":null,"formattedDate":"Zo 10 feb. 2013","formattedDateShort":"Feb. 2013","formattedTime":"08:40","formattedDuration":"20m","formattedAvailabilityWindow":null,"formattedAvailabilityWindowShort":null,"image":{"portraitUrl":null,"landscapeUrl":"https:\/\/images.nlziet.nl\/metadataimportimages\/source\/433D6B4E4E2FB029147C0E1E55D3381444D6F20112E5FE3455A1B82A75DBF713.jpg"},"logo":{"normalUrl":"https:\/\/cdn.nlziet.nl\/static\/assets\/contentproviders\/npo.png","darkUrl":"https:\/\/cdn.nlziet.nl\/static\/assets\/contentproviders\/dark\/npo.png","flatUrl":"https:\/\/cdn.nlziet.nl\/static\/assets\/contentproviders\/flat\/npo.png"},"tags":[],"seriesId":"7QrOqPrilEGeM3pgWB1w1A"},{"id":"3O9OTRd4iEGBYVTr4JHMpQ","type":"Vod","title":"Zappsport","subtitle":"Zappsport","description":"TROS, NPO Zapp - Sportmagazine voor de jeugd. In The Battle strijden de jongens tegen de meisjes in een bepaalde sport. Kinderen met een sportprobleem worden in de 'Hellup' geholpen door een beroemde topsporter. De reportage doet verslag van jonge talenten die met een belangrijk toernooi nummer \u00e9\u00e9n hopen te worden. De vetste trucks worden uitgelegd in 'The Move' waarin kids laten zien wat ze kunnen. Rondom grote sporttoernooien zijn er ook regelmatig specials te zien...","formattedEpisodeNumbering":null,"formattedDate":"Za 9 feb. 2013","formattedDateShort":"Feb. 2013","formattedTime":"08:55","formattedDuration":"15m","formattedAvailabilityWindow":null,"formattedAvailabilityWindowShort":null,"image":{"portraitUrl":null,"landscapeUrl":"https:\/\/images.nlziet.nl\/metadataimportimages\/source\/F24174F2B62A09AD83D071BEC9E14F1400DAB9BCEB4494F9FBACCA958B533245.jpg"},"logo":{"normalUrl":"https:\/\/cdn.nlziet.nl\/static\/assets\/contentproviders\/npo.png","darkUrl":"https:\/\/cdn.nlziet.nl\/static\/assets\/contentproviders\/dark\/npo.png","flatUrl":"https:\/\/cdn.nlziet.nl\/static\/assets\/contentproviders\/flat\/npo.png"},"tags":[],"seriesId":"7QrOqPrilEGeM3pgWB1w1A"},{"id":"YIJxDnCUt0m1DVO1ubcUTg","type":"Vod","title":"Zappsport","subtitle":"Zappsport","description":"TROS, NPO Zapp - Sportmagazine voor de jeugd. In The Battle strijden de jongens tegen de meisjes in een bepaalde sport. Kinderen met een sportprobleem worden in de 'Hellup' geholpen door een beroemde topsporter. De reportage doet verslag van jonge talenten die met een belangrijk toernooi nummer \u00e9\u00e9n hopen te worden. De vetste trucks worden uitgelegd in 'The Move' waarin kids laten zien wat ze kunnen. Rondom grote sporttoernooien zijn er ook regelmatig specials te zien...","formattedEpisodeNumbering":null,"formattedDate":"Zo 3 feb. 2013","formattedDateShort":"Feb. 2013","formattedTime":"08:40","formattedDuration":"20m","formattedAvailabilityWindow":null,"formattedAvailabilityWindowShort":null,"image":{"portraitUrl":null,"landscapeUrl":"https:\/\/images.nlziet.nl\/metadataimportimages\/source\/FC410D75545C8719C2D993BBD0B2B168EA17D07C5A73E69EEEC67C9375281A2F.jpg"},"logo":{"normalUrl":"https:\/\/cdn.nlziet.nl\/static\/assets\/contentproviders\/npo.png","darkUrl":"https:\/\/cdn.nlziet.nl\/static\/assets\/contentproviders\/dark\/npo.png","flatUrl":"https:\/\/cdn.nlziet.nl\/static\/assets\/contentproviders\/flat\/npo.png"},"tags":[],"seriesId":"7QrOqPrilEGeM3pgWB1w1A"},{"id":"9DKfeQHk2UOxkh_b4d2vMg","type":"Vod","title":"Zappsport","subtitle":"Zappsport","description":"TROS, NPO Zapp - Sportmagazine voor de jeugd. In The Battle strijden de jongens tegen de meisjes in een bepaalde sport. Kinderen met een sportprobleem worden in de 'Hellup' geholpen door een beroemde topsporter. De reportage doet verslag van jonge talenten die met een belangrijk toernooi nummer \u00e9\u00e9n hopen te worden. De vetste trucks worden uitgelegd in 'The Move' waarin kids laten zien wat ze kunnen. Rondom grote sporttoernooien zijn er ook regelmatig specials te zien...","formattedEpisodeNumbering":null,"formattedDate":"Za 2 feb. 2013","formattedDateShort":"Feb. 2013","formattedTime":"08:55","formattedDuration":"15m","formattedAvailabilityWindow":null,"formattedAvailabilityWindowShort":null,"image":{"portraitUrl":null,"landscapeUrl":"https:\/\/images.nlziet.nl\/metadataimportimages\/source\/CFB04B3E928DCF5D815262DAAD5CF7F79A9FDC2529FA61581E14873498541CFD.jpg"},"logo":{"normalUrl":"https:\/\/cdn.nlziet.nl\/static\/assets\/contentproviders\/npo.png","darkUrl":"https:\/\/cdn.nlziet.nl\/static\/assets\/contentproviders\/dark\/npo.png","flatUrl":"https:\/\/cdn.nlziet.nl\/static\/assets\/contentproviders\/flat\/npo.png"},"tags":[],"seriesId":"7QrOqPrilEGeM3pgWB1w1A"},{"id":"v8sSsroJ7k6tLJtDsFKDzg","type":"Vod","title":"Zappsport","subtitle":"Zappsport","description":"TROS, NPO Zapp - Sportmagazine voor de jeugd. In The Battle strijden de jongens tegen de meisjes in een bepaalde sport. Kinderen met een sportprobleem worden in de 'Hellup' geholpen door een beroemde topsporter. De reportage doet verslag van jonge talenten die met een belangrijk toernooi nummer \u00e9\u00e9n hopen te worden. De vetste trucks worden uitgelegd in 'The Move' waarin kids laten zien wat ze kunnen. Rondom grote sporttoernooien zijn er ook regelmatig specials te zien...","formattedEpisodeNumbering":null,"formattedDate":"Zo 27 jan. 2013","formattedDateShort":"Jan. 2013","formattedTime":"08:40","formattedDuration":"20m","formattedAvailabilityWindow":null,"formattedAvailabilityWindowShort":null,"image":{"portraitUrl":null,"landscapeUrl":"https:\/\/images.nlziet.nl\/metadataimportimages\/source\/8C88066F73E466A2F50C8FA1394F46279BC4F9F51DA4123ACEFFED2F985D72D4.jpg"},"logo":{"normalUrl":"https:\/\/cdn.nlziet.nl\/static\/assets\/contentproviders\/npo.png","darkUrl":"https:\/\/cdn.nlziet.nl\/static\/assets\/contentproviders\/dark\/npo.png","flatUrl":"https:\/\/cdn.nlziet.nl\/static\/assets\/contentproviders\/flat\/npo.png"},"tags":[],"seriesId":"7QrOqPrilEGeM3pgWB1w1A"},{"id":"zkpmgem-5kKwOC94LHWtuQ","type":"Vod","title":"Zappsport","subtitle":"Zappsport","description":"TROS, NPO Zapp - Sportmagazine voor de jeugd. In The Battle strijden de jongens tegen de meisjes in een bepaalde sport. Kinderen met een sportprobleem worden in de 'Hellup' geholpen door een beroemde topsporter. De reportage doet verslag van jonge talenten die met een belangrijk toernooi nummer \u00e9\u00e9n hopen te worden. De vetste trucks worden uitgelegd in 'The Move' waarin kids laten zien wat ze kunnen. Rondom grote sporttoernooien zijn er ook regelmatig specials te zien...","formattedEpisodeNumbering":null,"formattedDate":"Za 26 jan. 2013","formattedDateShort":"Jan. 2013","formattedTime":"08:55","formattedDuration":"15m","formattedAvailabilityWindow":null,"formattedAvailabilityWindowShort":null,"image":{"portraitUrl":null,"landscapeUrl":"https:\/\/images.nlziet.nl\/metadataimportimages\/source\/2AD956D4004C8EEAC9036D79C66D5A099E499355DBBE4035ADFF08F1A6972A68.jpg"},"logo":{"normalUrl":"https:\/\/cdn.nlziet.nl\/static\/assets\/contentproviders\/npo.png","darkUrl":"https:\/\/cdn.nlziet.nl\/static\/assets\/contentproviders\/dark\/npo.png","flatUrl":"https:\/\/cdn.nlziet.nl\/static\/assets\/contentproviders\/flat\/npo.png"},"tags":[],"seriesId":"7QrOqPrilEGeM3pgWB1w1A"},{"id":"fHSDvOidS0-W0EGp6dnA1w","type":"Vod","title":"Zappsport","subtitle":"Zappsport","description":"TROS, NPO Zapp - Sportmagazine voor de jeugd. In The Battle strijden de jongens tegen de meisjes in een bepaalde sport. Kinderen met een sportprobleem worden in de 'Hellup' geholpen door een beroemde topsporter. De reportage doet verslag van jonge talenten die met een belangrijk toernooi nummer \u00e9\u00e9n hopen te worden. De vetste trucks worden uitgelegd in 'The Move' waarin kids laten zien wat ze kunnen. Rondom grote sporttoernooien zijn er ook regelmatig specials te zien...","formattedEpisodeNumbering":null,"formattedDate":"Za 19 jan. 2013","formattedDateShort":"Jan. 2013","formattedTime":"08:55","formattedDuration":"20m","formattedAvailabilityWindow":null,"formattedAvailabilityWindowShort":null,"image":{"portraitUrl":null,"landscapeUrl":"https:\/\/images.nlziet.nl\/metadataimportimages\/source\/BB270FBFC8A92479515F8E98C9E24A005E1178D0F4C50934D64FA6E671575A27.jpg"},"logo":{"normalUrl":"https:\/\/cdn.nlziet.nl\/static\/assets\/contentproviders\/npo.png","darkUrl":"https:\/\/cdn.nlziet.nl\/static\/assets\/contentproviders\/dark\/npo.png","flatUrl":"https:\/\/cdn.nlziet.nl\/static\/assets\/contentproviders\/flat\/npo.png"},"tags":[],"seriesId":"7QrOqPrilEGeM3pgWB1w1A"},{"id":"NHcZ-oa3GkaDRrcRsJK34A","type":"Vod","title":"Zappsport","subtitle":"Zappsport","description":"TROS, NPO Zapp - Sportmagazine voor de jeugd. In The Battle strijden de jongens tegen de meisjes in een bepaalde sport. Kinderen met een sportprobleem worden in de 'Hellup' geholpen door een beroemde topsporter. De reportage doet verslag van jonge talenten die met een belangrijk toernooi nummer \u00e9\u00e9n hopen te worden. De vetste trucks worden uitgelegd in 'The Move' waarin kids laten zien wat ze kunnen. Rondom grote sporttoernooien zijn er ook regelmatig specials te zien...","formattedEpisodeNumbering":null,"formattedDate":"Za 12 jan. 2013","formattedDateShort":"Jan. 2013","formattedTime":"08:55","formattedDuration":"20m","formattedAvailabilityWindow":null,"formattedAvailabilityWindowShort":null,"image":{"portraitUrl":null,"landscapeUrl":"https:\/\/images.nlziet.nl\/metadataimportimages\/source\/EA1950CA7E99158171499DD2CB566B02D5A7487A807D1B19D3DAC0B78790C7F5.jpg"},"logo":{"normalUrl":"https:\/\/cdn.nlziet.nl\/static\/assets\/contentproviders\/npo.png","darkUrl":"https:\/\/cdn.nlziet.nl\/static\/assets\/contentproviders\/dark\/npo.png","flatUrl":"https:\/\/cdn.nlziet.nl\/static\/assets\/contentproviders\/flat\/npo.png"},"tags":[],"seriesId":"7QrOqPrilEGeM3pgWB1w1A"}]