[{"id":"MP0Knon6KU-DiVLUTQdXog","type":"Vod","title":"Zappsport","subtitle":"Zappsport","description":"TROS, NPO Zapp - Sportmagazine voor de jeugd. In The Battle strijden de jongens tegen de meisjes in een bepaalde sport. Kinderen met een sportprobleem worden in de 'Hellup' geholpen door een beroemde topsporter. De reportage doet verslag van jonge talenten die met een belangrijk toernooi nummer \u00e9\u00e9n hopen te worden. De vetste trucks worden uitgelegd in 'The Move' waarin kids laten zien wat ze kunnen. Rondom grote sporttoernooien zijn er ook regelmatig specials te zien...","formattedEpisodeNumbering":null,"formattedDate":"Za 29 dec. 2012","formattedDateShort":"Dec. 2012","formattedTime":"08:40","formattedDuration":"20m","formattedAvailabilityWindow":null,"formattedAvailabilityWindowShort":null,"image":{"portraitUrl":null,"landscapeUrl":"https:\/\/images.nlziet.nl\/metadataimportimages\/source\/2C0319E12C73F177BA0E5C20595BD073A7EB9A26228F456CEE29483D77AD6C88.jpg"},"logo":{"normalUrl":"https:\/\/cdn.nlziet.nl\/static\/assets\/contentproviders\/npo.png","darkUrl":"https:\/\/cdn.nlziet.nl\/static\/assets\/contentproviders\/dark\/npo.png","flatUrl":"https:\/\/cdn.nlziet.nl\/static\/assets\/contentproviders\/flat\/npo.png"},"tags":[],"seriesId":"7QrOqPrilEGeM3pgWB1w1A"},{"id":"PiO5NaMJi0yfcm3JxqX0SA","type":"Vod","title":"Zappsport","subtitle":"Hordelopen","description":"TROS, NPO Zapp - Sportmagazine voor de jeugd. Kinderen met een sportprobleem worden geholpen door een beroemde topsporter. In de reportage doen jonge talenten verslag van een belangrijk toernooi waar ze hopen nummer \u00e9\u00e9n te worden. De coolste tricks worden uitgelegd in The Move. Kids die een bijzondere sport doen, laten zien wat ze kunnen. Verder zijn er kortlopende series, zoals de Multisportkampsoap. Hierin zijn de belevenissen te volgen van een groep eigenwijze vrienden die op zomerkamp gaan.","formattedEpisodeNumbering":null,"formattedDate":"Zo 5 aug. 2012","formattedDateShort":"Aug. 2012","formattedTime":"08:40","formattedDuration":"20m","formattedAvailabilityWindow":null,"formattedAvailabilityWindowShort":null,"image":{"portraitUrl":null,"landscapeUrl":"https:\/\/images.nlziet.nl\/metadataimportimages\/source\/BDA1D9B805C0E665AD5C3F8522BBA85F19E0EF990DB7EF46890B5E31FC60AEAC.jpg"},"logo":{"normalUrl":"https:\/\/cdn.nlziet.nl\/static\/assets\/contentproviders\/npo.png","darkUrl":"https:\/\/cdn.nlziet.nl\/static\/assets\/contentproviders\/dark\/npo.png","flatUrl":"https:\/\/cdn.nlziet.nl\/static\/assets\/contentproviders\/flat\/npo.png"},"tags":[],"seriesId":"7QrOqPrilEGeM3pgWB1w1A"},{"id":"6vaxZCArJUqtkhnZpv9Ggg","type":"Vod","title":"Zappsport","subtitle":"Open water","description":"TROS, NPO Zapp - Sportmagazine voor de jeugd. Kinderen met een sportprobleem worden geholpen door een beroemde topsporter. In de reportage doen jonge talenten verslag van een belangrijk toernooi waar ze hopen nummer \u00e9\u00e9n te worden. De coolste tricks worden uitgelegd in The Move. Kids die een bijzondere sport doen, laten zien wat ze kunnen. Verder zijn er kortlopende series, zoals de Multisportkampsoap. Hierin zijn de belevenissen te volgen van een groep eigenwijze vrienden die op zomerkamp gaan.","formattedEpisodeNumbering":null,"formattedDate":"Zo 29 jul. 2012","formattedDateShort":"Jul. 2012","formattedTime":"08:40","formattedDuration":"20m","formattedAvailabilityWindow":null,"formattedAvailabilityWindowShort":null,"image":{"portraitUrl":null,"landscapeUrl":"https:\/\/images.nlziet.nl\/metadataimportimages\/source\/80DC3257CCC35A10251BC472573E397B3FDE9D1E08BBEA5D7B19F57359635E98.jpg"},"logo":{"normalUrl":"https:\/\/cdn.nlziet.nl\/static\/assets\/contentproviders\/npo.png","darkUrl":"https:\/\/cdn.nlziet.nl\/static\/assets\/contentproviders\/dark\/npo.png","flatUrl":"https:\/\/cdn.nlziet.nl\/static\/assets\/contentproviders\/flat\/npo.png"},"tags":[],"seriesId":"7QrOqPrilEGeM3pgWB1w1A"}]