{"crid:~~2F~~2Fog.libertyglobal.com~~2F37500~~2FZINC_83108":{"id":"crid:~~2F~~2Fog.libertyglobal.com~~2F37500~~2FZINC_83108","title":"Adventure Time: Distant Lands: Magie Stad","first":"A","description":"Pepermunt Butler begint weer opnieuw, als een onervaren student op de magieschool. Wanneer er geheimzinnige gebeurtenissen op de campus plaatsvinden, valt de verdenking op Pep en zijn duistere verleden. Beheerst hij de mystieke kunsten op tijd om zijn onschuld te bewijzen?","duration":"2876","type":"movie","seasons":"[]","icon":"https:\/\/staticqbr-nl-prod.prod.cdn.dmdsdp.com\/image-service\/ImagesEPG\/OndemandImages\/OBO\/PI\/crid~~3A~~2F~~2Fog.libertyglobal.com~~2F37500~~2FZINC_83108\/f86f47504819a063a358428a83cc3683.jpg","category":"Film, Kids en familie","vidcollection":"","ord":"1","datum":"20210101"},"crid:~~2F~~2Fog.libertyglobal.com~~2FGN~~2FMV018177160000":{"id":"crid:~~2F~~2Fog.libertyglobal.com~~2FGN~~2FMV018177160000","title":"Astro Boy","first":"A","description":"Astro Boy is ontworpen door een briljante wetenschapper, die de robot met superkrachten ontwierp na het overlijden van zijn zoon. Astro Boy is dan ook naar zijn gelijkenis ontworpen. Omdat Astro Boy niet kan voorkomen dat zijn geestelijk vader het verdriet van zijn overleden zoon vergeet, loopt hij weg. Na een gevaarlijke tocht moet hij terugkeren om de wereld, die wordt aangevallen door ruimtewezens, te behoeden van de ondergang.","duration":"5421","type":"movie","seasons":"[]","icon":"https:\/\/staticqbr-nl-prod.prod.cdn.dmdsdp.com\/image-service\/Gracenote\/assets\/p189544_v_v8_ab.jpg","category":"Kinderen, Film, Animatie, Actie, Sciencefiction","vidcollection":"","ord":"5","datum":"20090101"}}