{"9zhabdaigZd4WCwrn1Yyl7LtviNAKEgAgG6ysNpd":{"id":"9zhabdaigZd4WCwrn1Yyl7LtviNAKEgAgG6ysNpd","assetid":"9zhabdaigZd4WCwrn1Yyl7LtviNAKEgAgG6ysNpd","name":"NPO 1 HD","icon":"https:\/\/m7be2.solocoo.tv\/m7be2iphone\/mmchan\/channelicons\/NPO%201%20HD_m.png","description":"","channelno":"1","erotica":"0","minimal":"1","replay":"1","regional":"0","home_only":"0"},"cmEptSYiJIyHWcaSP1PAWirLQUbXUqTm3Xeq-bF0":{"id":"cmEptSYiJIyHWcaSP1PAWirLQUbXUqTm3Xeq-bF0","assetid":"cmEptSYiJIyHWcaSP1PAWirLQUbXUqTm3Xeq-bF0","name":"NPO 2 HD","icon":"https:\/\/m7be2.solocoo.tv\/m7be2iphone\/mmchan\/channelicons\/NPO%202%20HD_m.png","description":"","channelno":"2","erotica":"0","minimal":"1","replay":"1","regional":"0","home_only":"0"},"V5RGjx1PM7MLTQ1DO0hXYoifsBRBw6UySOrD9gCF":{"id":"V5RGjx1PM7MLTQ1DO0hXYoifsBRBw6UySOrD9gCF","assetid":"V5RGjx1PM7MLTQ1DO0hXYoifsBRBw6UySOrD9gCF","name":"NPO 3 HD","icon":"https:\/\/m7be2.solocoo.tv\/m7be2iphone\/mmchan\/channelicons\/NPO%203%20HD_m.png","description":"","channelno":"3","erotica":"0","minimal":"1","replay":"1","regional":"0","home_only":"0"},"UZ823Q9iXs61u7D-6MIM5VQ-ZSTbu8FY8ubr0YEc":{"id":"UZ823Q9iXs61u7D-6MIM5VQ-ZSTbu8FY8ubr0YEc","assetid":"UZ823Q9iXs61u7D-6MIM5VQ-ZSTbu8FY8ubr0YEc","name":"RTL 4 HD","icon":"https:\/\/m7be2.solocoo.tv\/m7be2iphone\/mmchan\/channelicons\/RTL%204%20HD_m.png","description":"","channelno":"4","erotica":"0","minimal":"0","replay":"1","regional":"0","home_only":"0"},"x9x7iVoIk8ROusuM4SLcO8rSOqSi1vZy3H0V9f2I":{"id":"x9x7iVoIk8ROusuM4SLcO8rSOqSi1vZy3H0V9f2I","assetid":"x9x7iVoIk8ROusuM4SLcO8rSOqSi1vZy3H0V9f2I","name":"RTL 5 HD","icon":"https:\/\/m7be2.solocoo.tv\/m7be2iphone\/mmchan\/channelicons\/RTL%205%20HD_m.png","description":"","channelno":"5","erotica":"0","minimal":"0","replay":"1","regional":"0","home_only":"0"},"OssY0GeoV2dkfw9Fenbarxf8YPv4VgThF8dodH8d":{"id":"OssY0GeoV2dkfw9Fenbarxf8YPv4VgThF8dodH8d","assetid":"OssY0GeoV2dkfw9Fenbarxf8YPv4VgThF8dodH8d","name":"SBS 6 HD","icon":"https:\/\/m7be2.solocoo.tv\/m7be2iphone\/mmchan\/channelicons\/SBS%206%20HD_m.png","description":"","channelno":"6","erotica":"0","minimal":"0","replay":"1","regional":"0","home_only":"0"},"pEutNIisD3zC0CITenaS_zIZSQIpdA_hJiawhD4h":{"id":"pEutNIisD3zC0CITenaS_zIZSQIpdA_hJiawhD4h","assetid":"pEutNIisD3zC0CITenaS_zIZSQIpdA_hJiawhD4h","name":"RTL 7 HD","icon":"https:\/\/m7be2.solocoo.tv\/m7be2iphone\/mmchan\/channelicons\/RTL%207%20HD_m.png","description":"","channelno":"7","erotica":"0","minimal":"0","replay":"1","regional":"0","home_only":"0"},"2AXpdDpJOwbUTYS0SldRmaYbiaxwET_bfrtV0UEz":{"id":"2AXpdDpJOwbUTYS0SldRmaYbiaxwET_bfrtV0UEz","assetid":"2AXpdDpJOwbUTYS0SldRmaYbiaxwET_bfrtV0UEz","name":"Veronica \/ DisneyXD HD","icon":"https:\/\/m7be2.solocoo.tv\/m7be2iphone\/mmchan\/channelicons\/Veronica%20%20DisneyXD%20HD_m.png","description":"","channelno":"8","erotica":"0","minimal":"0","replay":"1","regional":"0","home_only":"0"},"2YcatfY8IgvnJ047HZwJN1mJgyx1hwj18Pv_3_RY":{"id":"2YcatfY8IgvnJ047HZwJN1mJgyx1hwj18Pv_3_RY","assetid":"2YcatfY8IgvnJ047HZwJN1mJgyx1hwj18Pv_3_RY","name":"NET5 HD","icon":"https:\/\/m7be2.solocoo.tv\/m7be2iphone\/mmchan\/channelicons\/NET5%20HD_m.png","description":"","channelno":"9","erotica":"0","minimal":"1","replay":"1","regional":"0","home_only":"0"},"ps7Lvqxl4O_1RkifJVXq6A-jY7jvedsqUPmHEiwS":{"id":"ps7Lvqxl4O_1RkifJVXq6A-jY7jvedsqUPmHEiwS","assetid":"ps7Lvqxl4O_1RkifJVXq6A-jY7jvedsqUPmHEiwS","name":"RTL 8 HD","icon":"https:\/\/m7be2.solocoo.tv\/m7be2iphone\/mmchan\/channelicons\/RTL%208%20HD_m.png","description":"","channelno":"10","erotica":"0","minimal":"0","replay":"1","regional":"0","home_only":"0"},"2lF5Kw-YExB0rUmWqxhWWY9Y5NICMlvWS9K3znb-":{"id":"2lF5Kw-YExB0rUmWqxhWWY9Y5NICMlvWS9K3znb-","assetid":"2lF5Kw-YExB0rUmWqxhWWY9Y5NICMlvWS9K3znb-","name":"Fox","icon":"https:\/\/m7be2.solocoo.tv\/m7be2iphone\/mmchan\/channelicons\/Fox_m.png","description":"","channelno":"11","erotica":"0","minimal":"1","replay":"1","regional":"0","home_only":"0"},"b8gnog0dq_vwvdBkQH1KISTaIaTeMH5l24XoUO_s":{"id":"b8gnog0dq_vwvdBkQH1KISTaIaTeMH5l24XoUO_s","assetid":"b8gnog0dq_vwvdBkQH1KISTaIaTeMH5l24XoUO_s","name":"SBS9","icon":"https:\/\/m7be2.solocoo.tv\/m7be2iphone\/mmchan\/channelicons\/SBS9_m.png","description":"","channelno":"12","erotica":"0","minimal":"1","replay":"1","regional":"0","home_only":"0"},"E0uWRPUJXnpo2GXsWJIu5EFrAPiWGw4gCpXMIJOm":{"id":"E0uWRPUJXnpo2GXsWJIu5EFrAPiWGw4gCpXMIJOm","assetid":"E0uWRPUJXnpo2GXsWJIu5EFrAPiWGw4gCpXMIJOm","name":"RTL Z","icon":"https:\/\/m7be2.solocoo.tv\/m7be2iphone\/mmchan\/channelicons\/RTL%20Z_m.png","description":"","channelno":"13","erotica":"0","minimal":"1","replay":"1","regional":"0","home_only":"0"},"o73NpJY2tTyCcy_EDHmUHyApTZd4YV9pPCGxUVGz":{"id":"o73NpJY2tTyCcy_EDHmUHyApTZd4YV9pPCGxUVGz","assetid":"o73NpJY2tTyCcy_EDHmUHyApTZd4YV9pPCGxUVGz","name":"Filmbox HD","icon":"https:\/\/m7be2.solocoo.tv\/m7be2iphone\/mmchan\/channelicons\/Filmbox%20HD_m.png","description":"","channelno":"14","erotica":"0","minimal":"0","replay":"1","regional":"0","home_only":"0"},"JIY-fyHDkM1Rk260f-WNXlVD8iYnlDtWOQ4ah0hb":{"id":"JIY-fyHDkM1Rk260f-WNXlVD8iYnlDtWOQ4ah0hb","assetid":"JIY-fyHDkM1Rk260f-WNXlVD8iYnlDtWOQ4ah0hb","name":"\u00e9\u00e9n HD","icon":"https:\/\/m7be2.solocoo.tv\/m7be2iphone\/mmchan\/channelicons\/%C3%A9%C3%A9n%20HD_m.png","description":"","channelno":"15","erotica":"0","minimal":"1","replay":"1","regional":"0","home_only":"0"},"xXyJW5JI58w41XLGd0MHryA15TC1u8hGoWE9Vl7Z":{"id":"xXyJW5JI58w41XLGd0MHryA15TC1u8hGoWE9Vl7Z","assetid":"xXyJW5JI58w41XLGd0MHryA15TC1u8hGoWE9Vl7Z","name":"Canvas HD","icon":"https:\/\/m7be2.solocoo.tv\/m7be2iphone\/mmchan\/channelicons\/Canvas%20HD_m.png","description":"","channelno":"16","erotica":"0","minimal":"1","replay":"1","regional":"0","home_only":"0"},"ipWY7UIdsU00edbMB8Yj7x5Zf5jUgJnm9tmZryfP":{"id":"ipWY7UIdsU00edbMB8Yj7x5Zf5jUgJnm9tmZryfP","assetid":"ipWY7UIdsU00edbMB8Yj7x5Zf5jUgJnm9tmZryfP","name":"Comedy Central","icon":"https:\/\/m7be2.solocoo.tv\/m7be2iphone\/mmchan\/channelicons\/Comedy%20Central_m.png","description":"","channelno":"17","erotica":"0","minimal":"1","replay":"1","regional":"0","home_only":"0"},"OKPgb3GEofLcJUy4jFPdsuLZe7hRH9WeDVbNkG-Q":{"id":"OKPgb3GEofLcJUy4jFPdsuLZe7hRH9WeDVbNkG-Q","assetid":"OKPgb3GEofLcJUy4jFPdsuLZe7hRH9WeDVbNkG-Q","name":"BBC First HD","icon":"https:\/\/m7be2.solocoo.tv\/m7be2iphone\/mmchan\/channelicons\/BBC%20First%20HD_m.png","description":"","channelno":"18","erotica":"0","minimal":"0","replay":"1","regional":"0","home_only":"0"},"5HWDeMiEjo6f3wE9P8keQSbkNUxe82Kq6PCPKFdO":{"id":"5HWDeMiEjo6f3wE9P8keQSbkNUxe82Kq6PCPKFdO","assetid":"5HWDeMiEjo6f3wE9P8keQSbkNUxe82Kq6PCPKFdO","name":"BBC Entertainment","icon":"https:\/\/m7be2.solocoo.tv\/m7be2iphone\/mmchan\/channelicons\/BBC%20Entertainment_m.png","description":"","channelno":"19","erotica":"0","minimal":"1","replay":"1","regional":"0","home_only":"0"},"7HSt_2Ik8_K4icaxOhnZ-RCOG7b6tMy9aKVBtjT5":{"id":"7HSt_2Ik8_K4icaxOhnZ-RCOG7b6tMy9aKVBtjT5","assetid":"7HSt_2Ik8_K4icaxOhnZ-RCOG7b6tMy9aKVBtjT5","name":"Paramount Network","icon":"https:\/\/m7be2.solocoo.tv\/m7be2iphone\/mmchan\/channelicons\/Paramount%20Network_m.png","description":"","channelno":"20","erotica":"0","minimal":"0","replay":"0","regional":"0","home_only":"0"},"YKkMXx24psErA7YgbFeH9cEsZsymIzas9OZrsEsV":{"id":"YKkMXx24psErA7YgbFeH9cEsZsymIzas9OZrsEsV","assetid":"YKkMXx24psErA7YgbFeH9cEsZsymIzas9OZrsEsV","name":"National Geographic HD","icon":"https:\/\/m7be2.solocoo.tv\/m7be2iphone\/mmchan\/channelicons\/National%20Geographic%20HD_m.png","description":"","channelno":"21","erotica":"0","minimal":"0","replay":"1","regional":"0","home_only":"0"},"V0VG3OfFOnHEyn4e-tg0FUVb7mVwoHYwWYVLhMRf":{"id":"V0VG3OfFOnHEyn4e-tg0FUVb7mVwoHYwWYVLhMRf","assetid":"V0VG3OfFOnHEyn4e-tg0FUVb7mVwoHYwWYVLhMRf","name":"Film 1 Premiere HD","icon":"https:\/\/m7be2.solocoo.tv\/m7be2iphone\/mmchan\/channelicons\/Film%201%20Premiere%20HD_m.png","description":"","channelno":"22","erotica":"0","minimal":"0","replay":"0","regional":"0","home_only":"0"},"WF3SPrLlQLgAf1IpNreff9aFdOJPUzq1UmhKJmsB":{"id":"WF3SPrLlQLgAf1IpNreff9aFdOJPUzq1UmhKJmsB","assetid":"WF3SPrLlQLgAf1IpNreff9aFdOJPUzq1UmhKJmsB","name":"Film 1 Action","icon":"https:\/\/m7be2.solocoo.tv\/m7be2iphone\/mmchan\/channelicons\/Film%201%20Action_m.png","description":"","channelno":"23","erotica":"0","minimal":"0","replay":"0","regional":"0","home_only":"0"},"bpF-mzyMuREBxZ7c7kkfq6P3vpumrCpzvrTRVyDo":{"id":"bpF-mzyMuREBxZ7c7kkfq6P3vpumrCpzvrTRVyDo","assetid":"bpF-mzyMuREBxZ7c7kkfq6P3vpumrCpzvrTRVyDo","name":"Film 1 Family","icon":"https:\/\/m7be2.solocoo.tv\/m7be2iphone\/mmchan\/channelicons\/Film%201%20Family_m.png","description":"","channelno":"24","erotica":"0","minimal":"0","replay":"0","regional":"0","home_only":"0"},"zXhkjwGJCGrhDaGoQPuwdawzHDg-N7viNz_jdKof":{"id":"zXhkjwGJCGrhDaGoQPuwdawzHDg-N7viNz_jdKof","assetid":"zXhkjwGJCGrhDaGoQPuwdawzHDg-N7viNz_jdKof","name":"Film 1 Drama","icon":"https:\/\/m7be2.solocoo.tv\/m7be2iphone\/mmchan\/channelicons\/Film%201%20Drama_m.png","description":"","channelno":"25","erotica":"0","minimal":"0","replay":"0","regional":"0","home_only":"0"},"HZyUSv98iWufEN2CM40CGUDJY6_nvZFO6z5s5Chz":{"id":"HZyUSv98iWufEN2CM40CGUDJY6_nvZFO6z5s5Chz","assetid":"HZyUSv98iWufEN2CM40CGUDJY6_nvZFO6z5s5Chz","name":"XITE HD","icon":"https:\/\/m7be2.solocoo.tv\/m7be2iphone\/mmchan\/channelicons\/XITE%20HD_m.png","description":"","channelno":"26","erotica":"0","minimal":"0","replay":"0","regional":"0","home_only":"0"},"LMfl2o1S7SFoHchYr9c0JCKbd3w9K3XkGci7RjBG":{"id":"LMfl2o1S7SFoHchYr9c0JCKbd3w9K3XkGci7RjBG","assetid":"LMfl2o1S7SFoHchYr9c0JCKbd3w9K3XkGci7RjBG","name":"FIGHTBOX","icon":"https:\/\/m7be2.solocoo.tv\/m7be2iphone\/mmchan\/channelicons\/FIGHTBOX_m.png","description":"","channelno":"27","erotica":"0","minimal":"1","replay":"0","regional":"0","home_only":"0"},"K0Y-FZZNgbg-JTm3UcTFo3KtNPbhRJQOoagUXH4E":{"id":"K0Y-FZZNgbg-JTm3UcTFo3KtNPbhRJQOoagUXH4E","assetid":"K0Y-FZZNgbg-JTm3UcTFo3KtNPbhRJQOoagUXH4E","name":"ESPN HD","icon":"https:\/\/m7be2.solocoo.tv\/m7be2iphone\/mmchan\/channelicons\/ESPN%20HD_m.png","description":"","channelno":"29","erotica":"0","minimal":"0","replay":"1","regional":"0","home_only":"0"},"K0v3rjCcK3Oixrld-oQ4PypqHHLv46mGFLirNnGs":{"id":"K0v3rjCcK3Oixrld-oQ4PypqHHLv46mGFLirNnGs","assetid":"K0v3rjCcK3Oixrld-oQ4PypqHHLv46mGFLirNnGs","name":"ESPN 2 HD","icon":"https:\/\/m7be2.solocoo.tv\/m7be2iphone\/mmchan\/channelicons\/ESPN%202%20HD_m.png","description":"","channelno":"30","erotica":"0","minimal":"0","replay":"1","regional":"0","home_only":"0"},"KtsZ5_fMe5XExFDbvsVb0ouFnopX0D8zdKXjBEFq":{"id":"KtsZ5_fMe5XExFDbvsVb0ouFnopX0D8zdKXjBEFq","assetid":"KtsZ5_fMe5XExFDbvsVb0ouFnopX0D8zdKXjBEFq","name":"ESPN 3 HD","icon":"https:\/\/m7be2.solocoo.tv\/m7be2iphone\/mmchan\/channelicons\/ESPN%203%20HD_m.png","description":"","channelno":"31","erotica":"0","minimal":"0","replay":"1","regional":"0","home_only":"0"},"Wje__DuX-WsldSDSS525kQZShS_jyyxLQWsiK50d":{"id":"Wje__DuX-WsldSDSS525kQZShS_jyyxLQWsiK50d","assetid":"Wje__DuX-WsldSDSS525kQZShS_jyyxLQWsiK50d","name":"ESPN 4 HD","icon":"https:\/\/m7be2.solocoo.tv\/m7be2iphone\/mmchan\/channelicons\/ESPN%204%20HD_m.png","description":"","channelno":"32","erotica":"0","minimal":"0","replay":"1","regional":"0","home_only":"0"},"G7pEDZBzf7cxmJlOght9Q9H0LyzE7DzQmTDi7OuI":{"id":"G7pEDZBzf7cxmJlOght9Q9H0LyzE7DzQmTDi7OuI","assetid":"G7pEDZBzf7cxmJlOght9Q9H0LyzE7DzQmTDi7OuI","name":"Ziggo Sport Select HD","icon":"https:\/\/m7be2.solocoo.tv\/m7be2iphone\/mmchan\/channelicons\/Ziggo%20Sport%20Select%20HD_m.png","description":"","channelno":"33","erotica":"0","minimal":"0","replay":"1","regional":"0","home_only":"0"},"HQoGwFgE2OPj4H8FByrnxSzafwC5vWlZaRZ24aoF":{"id":"HQoGwFgE2OPj4H8FByrnxSzafwC5vWlZaRZ24aoF","assetid":"HQoGwFgE2OPj4H8FByrnxSzafwC5vWlZaRZ24aoF","name":"Ziggo Sport Voetbal","icon":"https:\/\/m7be2.solocoo.tv\/m7be2iphone\/mmchan\/channelicons\/Ziggo%20Sport%20Voetbal_m.png","description":"","channelno":"34","erotica":"0","minimal":"0","replay":"1","regional":"0","home_only":"0"},"jgat-7l6XUdU7RQcJVn-9FSBRVVjPuSJs-CmOy8K":{"id":"jgat-7l6XUdU7RQcJVn-9FSBRVVjPuSJs-CmOy8K","assetid":"jgat-7l6XUdU7RQcJVn-9FSBRVVjPuSJs-CmOy8K","name":"Ziggo Sport Golf","icon":"https:\/\/m7be2.solocoo.tv\/m7be2iphone\/mmchan\/channelicons\/Ziggo%20Sport%20Golf_m.png","description":"","channelno":"35","erotica":"0","minimal":"0","replay":"1","regional":"0","home_only":"0"},"n-rGdJpEw565eTiv05UrLZn_lwV9cPwWFjq6oFll":{"id":"n-rGdJpEw565eTiv05UrLZn_lwV9cPwWFjq6oFll","assetid":"n-rGdJpEw565eTiv05UrLZn_lwV9cPwWFjq6oFll","name":"AutoMotorSport HD","icon":"https:\/\/m7be2.solocoo.tv\/m7be2iphone\/mmchan\/channelicons\/AutoMotorSport%20HD_m.png","description":"","channelno":"37","erotica":"0","minimal":"0","replay":"0","regional":"0","home_only":"0"},"BqugkTEkk1017AmSmL2yFgzBHhMNVWP4TFLj-rQH":{"id":"BqugkTEkk1017AmSmL2yFgzBHhMNVWP4TFLj-rQH","assetid":"BqugkTEkk1017AmSmL2yFgzBHhMNVWP4TFLj-rQH","name":"Horse & Country","icon":"https:\/\/m7be2.solocoo.tv\/m7be2iphone\/mmchan\/channelicons\/Horse%20%26%20Country_m.png","description":"","channelno":"38","erotica":"0","minimal":"0","replay":"0","regional":"0","home_only":"0"},"S9d4xr5ounXv27B_MjTJS8GH_MUh3-MX8tiXEogd":{"id":"S9d4xr5ounXv27B_MjTJS8GH_MUh3-MX8tiXEogd","assetid":"S9d4xr5ounXv27B_MjTJS8GH_MUh3-MX8tiXEogd","name":"Disney Channel","icon":"https:\/\/m7be2.solocoo.tv\/m7be2iphone\/mmchan\/channelicons\/Disney%20Channel_m.png","description":"","channelno":"39","erotica":"0","minimal":"1","replay":"0","regional":"0","home_only":"0"},"3eLl2SWkz_HR6mLQsTy_Vnncj9youE2LrwN4lU44":{"id":"3eLl2SWkz_HR6mLQsTy_Vnncj9youE2LrwN4lU44","assetid":"3eLl2SWkz_HR6mLQsTy_Vnncj9youE2LrwN4lU44","name":"Nickelodeon","icon":"https:\/\/m7be2.solocoo.tv\/m7be2iphone\/mmchan\/channelicons\/Nickelodeon_m.png","description":"","channelno":"40","erotica":"0","minimal":"1","replay":"0","regional":"0","home_only":"0"},"TnA-_ERsA5n90J5VTev6UZD75NkRjYhgstCL8Fo1":{"id":"TnA-_ERsA5n90J5VTev6UZD75NkRjYhgstCL8Fo1","assetid":"TnA-_ERsA5n90J5VTev6UZD75NkRjYhgstCL8Fo1","name":"Nick Jr.","icon":"https:\/\/m7be2.solocoo.tv\/m7be2iphone\/mmchan\/channelicons\/Nick%20Jr._m.png","description":"","channelno":"41","erotica":"0","minimal":"1","replay":"0","regional":"0","home_only":"0"},"1a61r0sy68EzFUw6Z3LtMSoqZ9WtEfMM9aycFU1N":{"id":"1a61r0sy68EzFUw6Z3LtMSoqZ9WtEfMM9aycFU1N","assetid":"1a61r0sy68EzFUw6Z3LtMSoqZ9WtEfMM9aycFU1N","name":"NickMusic","icon":"https:\/\/m7be2.solocoo.tv\/m7be2iphone\/mmchan\/channelicons\/NickMusic_m.png","description":"","channelno":"42","erotica":"0","minimal":"0","replay":"0","regional":"0","home_only":"0"},"09RMV4ZbaXOZHRCsL_E33JNkDvAPn-FizeT-kt7h":{"id":"09RMV4ZbaXOZHRCsL_E33JNkDvAPn-FizeT-kt7h","assetid":"09RMV4ZbaXOZHRCsL_E33JNkDvAPn-FizeT-kt7h","name":"Travelxp HD","icon":"https:\/\/m7be2.solocoo.tv\/m7be2iphone\/mmchan\/channelicons\/Travelxp%20HD_m.png","description":"","channelno":"46","erotica":"0","minimal":"0","replay":"1","regional":"0","home_only":"0"},"nTG8t5ztNKaRfQNhnqeZgrIhNPN8RUVwdMAB9kik":{"id":"nTG8t5ztNKaRfQNhnqeZgrIhNPN8RUVwdMAB9kik","assetid":"nTG8t5ztNKaRfQNhnqeZgrIhNPN8RUVwdMAB9kik","name":"National Geographic Wild HD","icon":"https:\/\/m7be2.solocoo.tv\/m7be2iphone\/mmchan\/channelicons\/National%20Geographic%20Wild%20HD_m.png","description":"","channelno":"47","erotica":"0","minimal":"1","replay":"1","regional":"0","home_only":"0"},"c2Zizb4y-j0jSz1je7joROr5YbwFwCVZpjVkTHAo":{"id":"c2Zizb4y-j0jSz1je7joROr5YbwFwCVZpjVkTHAo","assetid":"c2Zizb4y-j0jSz1je7joROr5YbwFwCVZpjVkTHAo","name":"Love Nature HD","icon":"https:\/\/m7be2.solocoo.tv\/m7be2iphone\/mmchan\/channelicons\/Love%20Nature%20HD_m.png","description":"","channelno":"48","erotica":"0","minimal":"0","replay":"1","regional":"0","home_only":"0"},"v0orovTc-4z0pr4cRNue4RLddJdpctIG7P0Kavpr":{"id":"v0orovTc-4z0pr4cRNue4RLddJdpctIG7P0Kavpr","assetid":"v0orovTc-4z0pr4cRNue4RLddJdpctIG7P0Kavpr","name":"History","icon":"https:\/\/m7be2.solocoo.tv\/m7be2iphone\/mmchan\/channelicons\/History_m.png","description":"","channelno":"50","erotica":"0","minimal":"0","replay":"1","regional":"0","home_only":"0"},"qkurpqg-1I4MvV2ZgYCh7BwCOKQ2nOWiEvUmfrbq":{"id":"qkurpqg-1I4MvV2ZgYCh7BwCOKQ2nOWiEvUmfrbq","assetid":"qkurpqg-1I4MvV2ZgYCh7BwCOKQ2nOWiEvUmfrbq","name":"Nautical Channel HD","icon":"https:\/\/m7be2.solocoo.tv\/m7be2iphone\/mmchan\/channelicons\/Nautical%20Channel%20HD_m.png","description":"","channelno":"51","erotica":"0","minimal":"0","replay":"0","regional":"0","home_only":"0"},"5LrWFTh6CfNZZqTBbahLJygcoRvAjCAGDe1LzA8X":{"id":"5LrWFTh6CfNZZqTBbahLJygcoRvAjCAGDe1LzA8X","assetid":"5LrWFTh6CfNZZqTBbahLJygcoRvAjCAGDe1LzA8X","name":"Stingray Classica HD","icon":"https:\/\/m7be2.solocoo.tv\/m7be2iphone\/mmchan\/channelicons\/Stingray%20Classica%20HD_m.png","description":"","channelno":"52","erotica":"0","minimal":"0","replay":"0","regional":"0","home_only":"0"},"-9avOOhqtMF_2462C_Nxbzc5YXeNaxxVRpnb7Vlv":{"id":"-9avOOhqtMF_2462C_Nxbzc5YXeNaxxVRpnb7Vlv","assetid":"-9avOOhqtMF_2462C_Nxbzc5YXeNaxxVRpnb7Vlv","name":"Mezzo HD","icon":"https:\/\/m7be2.solocoo.tv\/m7be2iphone\/mmchan\/channelicons\/Mezzo%20HD_m.png","description":"","channelno":"53","erotica":"0","minimal":"0","replay":"1","regional":"0","home_only":"0"},"XmwOQFr2Zzpaw69tv3bHWc7-xrX1CnM8HIk4jVMG":{"id":"XmwOQFr2Zzpaw69tv3bHWc7-xrX1CnM8HIk4jVMG","assetid":"XmwOQFr2Zzpaw69tv3bHWc7-xrX1CnM8HIk4jVMG","name":"192TV","icon":"https:\/\/m7be2.solocoo.tv\/m7be2iphone\/mmchan\/channelicons\/192TV_m.png","description":"","channelno":"54","erotica":"0","minimal":"1","replay":"0","regional":"0","home_only":"0"},"clwCvxvD7qGz7kNxkZKAJ_UcNYWHqAkIlq7Em9VD":{"id":"clwCvxvD7qGz7kNxkZKAJ_UcNYWHqAkIlq7Em9VD","assetid":"clwCvxvD7qGz7kNxkZKAJ_UcNYWHqAkIlq7Em9VD","name":"MyZen.tv","icon":"https:\/\/m7be2.solocoo.tv\/m7be2iphone\/mmchan\/channelicons\/MyZen.tv_m.png","description":"","channelno":"56","erotica":"0","minimal":"0","replay":"0","regional":"0","home_only":"0"},"1ph8RnRWZ4D0UqBbmTdqnL_FhaR68YzxFQh2Jsxa":{"id":"1ph8RnRWZ4D0UqBbmTdqnL_FhaR68YzxFQh2Jsxa","assetid":"1ph8RnRWZ4D0UqBbmTdqnL_FhaR68YzxFQh2Jsxa","name":"ducktv","icon":"https:\/\/m7be2.solocoo.tv\/m7be2iphone\/mmchan\/channelicons\/ducktv_m.png","description":"","channelno":"60","erotica":"0","minimal":"0","replay":"0","regional":"0","home_only":"0"},"z55krizi5eG9Y8ZzEbPfi3rTETMX0V80BUM0MPm_":{"id":"z55krizi5eG9Y8ZzEbPfi3rTETMX0V80BUM0MPm_","assetid":"z55krizi5eG9Y8ZzEbPfi3rTETMX0V80BUM0MPm_","name":"Baby TV","icon":"https:\/\/m7be2.solocoo.tv\/m7be2iphone\/mmchan\/channelicons\/Baby%20TV_m.png","description":"","channelno":"61","erotica":"0","minimal":"1","replay":"0","regional":"0","home_only":"0"},"OacPymbO0f6ifM5PxUg58wvLQWRlgyjmE2sCKxqd":{"id":"OacPymbO0f6ifM5PxUg58wvLQWRlgyjmE2sCKxqd","assetid":"OacPymbO0f6ifM5PxUg58wvLQWRlgyjmE2sCKxqd","name":"Pebble TV","icon":"https:\/\/m7be2.solocoo.tv\/m7be2iphone\/mmchan\/channelicons\/Pebble%20TV_m.png","description":"","channelno":"62","erotica":"0","minimal":"0","replay":"0","regional":"0","home_only":"0"},"L77P2FUR-CBsw2E9r8WoQvnrvS1jiSIcdr3wkzWE":{"id":"L77P2FUR-CBsw2E9r8WoQvnrvS1jiSIcdr3wkzWE","assetid":"L77P2FUR-CBsw2E9r8WoQvnrvS1jiSIcdr3wkzWE","name":"24Kitchen","icon":"https:\/\/m7be2.solocoo.tv\/m7be2iphone\/mmchan\/channelicons\/24Kitchen_m.png","description":"","channelno":"64","erotica":"0","minimal":"1","replay":"1","regional":"0","home_only":"0"},"ybB6s4EOBBNiuwIkowwP96dG-sh8PPvCwBLkS3sI":{"id":"ybB6s4EOBBNiuwIkowwP96dG-sh8PPvCwBLkS3sI","assetid":"ybB6s4EOBBNiuwIkowwP96dG-sh8PPvCwBLkS3sI","name":"Ketnet","icon":"https:\/\/m7be2.solocoo.tv\/m7be2iphone\/mmchan\/channelicons\/Ketnet_m.png","description":"","channelno":"66","erotica":"0","minimal":"1","replay":"1","regional":"0","home_only":"0"},"xU6Tdm1hQ36eH1itZb1pXeb9qbHvIGz-iX1OwpIb":{"id":"xU6Tdm1hQ36eH1itZb1pXeb9qbHvIGz-iX1OwpIb","assetid":"xU6Tdm1hQ36eH1itZb1pXeb9qbHvIGz-iX1OwpIb","name":"MTV NL","icon":"https:\/\/m7be2.solocoo.tv\/m7be2iphone\/mmchan\/channelicons\/MTV%20NL_m.png","description":"","channelno":"67","erotica":"0","minimal":"1","replay":"0","regional":"0","home_only":"0"},"1uWAPcrmwNYPMkRQdDJBKVqwVwTdgABlYPpmQPe8":{"id":"1uWAPcrmwNYPMkRQdDJBKVqwVwTdgABlYPpmQPe8","assetid":"1uWAPcrmwNYPMkRQdDJBKVqwVwTdgABlYPpmQPe8","name":"Schlager TV","icon":"https:\/\/m7be2.solocoo.tv\/m7be2iphone\/mmchan\/channelicons\/Schlager%20TV_m.png","description":"","channelno":"68","erotica":"0","minimal":"1","replay":"0","regional":"0","home_only":"0"},"_UYjSRWSLFN5Hd_fsHLVUseJQEpghRZfdxOjocP0":{"id":"_UYjSRWSLFN5Hd_fsHLVUseJQEpghRZfdxOjocP0","assetid":"_UYjSRWSLFN5Hd_fsHLVUseJQEpghRZfdxOjocP0","name":"TV Oranje","icon":"https:\/\/m7be2.solocoo.tv\/m7be2iphone\/mmchan\/channelicons\/TV%20Oranje_m.png","description":"","channelno":"69","erotica":"0","minimal":"1","replay":"0","regional":"0","home_only":"0"},"Kzk167jYHmkA684sDFse1ZzqXJRNKHjJUnBAr-9w":{"id":"Kzk167jYHmkA684sDFse1ZzqXJRNKHjJUnBAr-9w","assetid":"Kzk167jYHmkA684sDFse1ZzqXJRNKHjJUnBAr-9w","name":"L1mburg","icon":"https:\/\/m7be2.solocoo.tv\/m7be2iphone\/mmchan\/channelicons\/L1mburg_m.png","description":"","channelno":"70","erotica":"0","minimal":"0","replay":"0","regional":"0","home_only":"0"},"RFYpjtwB4fnb4BTr-VAf8HIw1-8f9WP3pGH3fg_B":{"id":"RFYpjtwB4fnb4BTr-VAf8HIw1-8f9WP3pGH3fg_B","assetid":"RFYpjtwB4fnb4BTr-VAf8HIw1-8f9WP3pGH3fg_B","name":"Omroep Brabant","icon":"https:\/\/m7be2.solocoo.tv\/m7be2iphone\/mmchan\/channelicons\/Omroep%20Brabant_m.png","description":"","channelno":"71","erotica":"0","minimal":"1","replay":"0","regional":"0","home_only":"0"},"9KWRx1PpAfAhzEkIICQGPQY_qpKXJCgn0e6sAfKO":{"id":"9KWRx1PpAfAhzEkIICQGPQY_qpKXJCgn0e6sAfKO","assetid":"9KWRx1PpAfAhzEkIICQGPQY_qpKXJCgn0e6sAfKO","name":"Omroep Zeeland","icon":"https:\/\/m7be2.solocoo.tv\/m7be2iphone\/mmchan\/channelicons\/Omroep%20Zeeland_m.png","description":"","channelno":"72","erotica":"0","minimal":"1","replay":"0","regional":"0","home_only":"0"},"WAKhC6B5ItIs7_ejUfghQHaBdVsSZ5JRrk5W6vyG":{"id":"WAKhC6B5ItIs7_ejUfghQHaBdVsSZ5JRrk5W6vyG","assetid":"WAKhC6B5ItIs7_ejUfghQHaBdVsSZ5JRrk5W6vyG","name":"TV West","icon":"https:\/\/m7be2.solocoo.tv\/m7be2iphone\/mmchan\/channelicons\/TV%20West_m.png","description":"","channelno":"73","erotica":"0","minimal":"1","replay":"0","regional":"0","home_only":"0"},"oQucfaBU7JllV0H7lDy8ePnSSrlxS5qIkUAk1mds":{"id":"oQucfaBU7JllV0H7lDy8ePnSSrlxS5qIkUAk1mds","assetid":"oQucfaBU7JllV0H7lDy8ePnSSrlxS5qIkUAk1mds","name":"AT5","icon":"https:\/\/m7be2.solocoo.tv\/m7be2iphone\/mmchan\/channelicons\/AT5_m.png","description":"","channelno":"74","erotica":"0","minimal":"0","replay":"0","regional":"0","home_only":"0"},"xzS1QgcwXYYveWn0v5zTDP86VchfkXeKG6h2NvJH":{"id":"xzS1QgcwXYYveWn0v5zTDP86VchfkXeKG6h2NvJH","assetid":"xzS1QgcwXYYveWn0v5zTDP86VchfkXeKG6h2NvJH","name":"TV Gelderland","icon":"https:\/\/m7be2.solocoo.tv\/m7be2iphone\/mmchan\/channelicons\/TV%20Gelderland_m.png","description":"","channelno":"75","erotica":"0","minimal":"1","replay":"0","regional":"0","home_only":"0"},"ERZxWfbDj4XaINa9EPtOE-9V6ued1V-dwu-Rw6MQ":{"id":"ERZxWfbDj4XaINa9EPtOE-9V6ued1V-dwu-Rw6MQ","assetid":"ERZxWfbDj4XaINa9EPtOE-9V6ued1V-dwu-Rw6MQ","name":"TV Drenthe","icon":"https:\/\/m7be2.solocoo.tv\/m7be2iphone\/mmchan\/channelicons\/TV%20Drenthe_m.png","description":"","channelno":"76","erotica":"0","minimal":"0","replay":"0","regional":"0","home_only":"0"},"oaZsc5W9_i5v9A4IUsYzNO-j4XBedPE53j_sa9k4":{"id":"oaZsc5W9_i5v9A4IUsYzNO-j4XBedPE53j_sa9k4","assetid":"oaZsc5W9_i5v9A4IUsYzNO-j4XBedPE53j_sa9k4","name":"TV Oost","icon":"https:\/\/m7be2.solocoo.tv\/m7be2iphone\/mmchan\/channelicons\/TV%20Oost_m.png","description":"","channelno":"77","erotica":"0","minimal":"0","replay":"0","regional":"0","home_only":"0"},"i0b3-T_GDgG0jh_f2f2kuWthNoC9AxtZV0ZlTNuu":{"id":"i0b3-T_GDgG0jh_f2f2kuWthNoC9AxtZV0ZlTNuu","assetid":"i0b3-T_GDgG0jh_f2f2kuWthNoC9AxtZV0ZlTNuu","name":"TV Noord","icon":"https:\/\/m7be2.solocoo.tv\/m7be2iphone\/mmchan\/channelicons\/TV%20Noord_m.png","description":"","channelno":"78","erotica":"0","minimal":"0","replay":"0","regional":"0","home_only":"0"},"QOFmbg81iP3GvmNaCAbhBSebp5kpF6b33NoX76Nv":{"id":"QOFmbg81iP3GvmNaCAbhBSebp5kpF6b33NoX76Nv","assetid":"QOFmbg81iP3GvmNaCAbhBSebp5kpF6b33NoX76Nv","name":"Omrop Fryslan","icon":"https:\/\/m7be2.solocoo.tv\/m7be2iphone\/mmchan\/channelicons\/Omrop%20Fryslan_m.png","description":"","channelno":"79","erotica":"0","minimal":"0","replay":"0","regional":"0","home_only":"0"},"7C23WBA4SKmWqZoQm06_ZxRMRm0ST1qaNg0x8DKh":{"id":"7C23WBA4SKmWqZoQm06_ZxRMRm0ST1qaNg0x8DKh","assetid":"7C23WBA4SKmWqZoQm06_ZxRMRm0ST1qaNg0x8DKh","name":"BBC World News HD","icon":"https:\/\/m7be2.solocoo.tv\/m7be2iphone\/mmchan\/channelicons\/BBC%20World%20News%20HD_m.png","description":"","channelno":"82","erotica":"0","minimal":"0","replay":"0","regional":"0","home_only":"0"},"_Ky4fAmLqafF2o5ZbZwwPb0GqRtMGPzO3lXBM_Vd":{"id":"_Ky4fAmLqafF2o5ZbZwwPb0GqRtMGPzO3lXBM_Vd","assetid":"_Ky4fAmLqafF2o5ZbZwwPb0GqRtMGPzO3lXBM_Vd","name":"Bloomberg","icon":"https:\/\/m7be2.solocoo.tv\/m7be2iphone\/mmchan\/channelicons\/Bloomberg_m.png","description":"","channelno":"85","erotica":"0","minimal":"1","replay":"0","regional":"0","home_only":"0"},"vJAad-8fXo3ZajQnHjSxQEgDFrE-95Pe_B24kB6J":{"id":"vJAad-8fXo3ZajQnHjSxQEgDFrE-95Pe_B24kB6J","assetid":"vJAad-8fXo3ZajQnHjSxQEgDFrE-95Pe_B24kB6J","name":"France 24 (in English)","icon":"https:\/\/m7be2.solocoo.tv\/m7be2iphone\/mmchan\/channelicons\/France%2024%20%28in%20English%29_m.png","description":"","channelno":"87","erotica":"0","minimal":"0","replay":"0","regional":"0","home_only":"0"},"86yX3QXqgAiXY-ztCOnoRBopshoFs4F6OLNO992S":{"id":"86yX3QXqgAiXY-ztCOnoRBopshoFs4F6OLNO992S","assetid":"86yX3QXqgAiXY-ztCOnoRBopshoFs4F6OLNO992S","name":"Al Jazeera English HD","icon":"https:\/\/m7be2.solocoo.tv\/m7be2iphone\/mmchan\/channelicons\/Al%20Jazeera%20English%20HD_m.png","description":"","channelno":"90","erotica":"0","minimal":"0","replay":"0","regional":"0","home_only":"0"},"GdpL5nMyk1NcLfU261_aXM6dGibHCl1OLgyx9544":{"id":"GdpL5nMyk1NcLfU261_aXM6dGibHCl1OLgyx9544","assetid":"GdpL5nMyk1NcLfU261_aXM6dGibHCl1OLgyx9544","name":"Stingray iConcerts HD","icon":"https:\/\/m7be2.solocoo.tv\/m7be2iphone\/mmchan\/channelicons\/Stingray%20iConcerts%20HD_m.png","description":"","channelno":"94","erotica":"0","minimal":"0","replay":"0","regional":"0","home_only":"0"},"pbdVif7JUO7YVFvU-YzEIgFIwKNSHb5lMctKzNLy":{"id":"pbdVif7JUO7YVFvU-YzEIgFIwKNSHb5lMctKzNLy","assetid":"pbdVif7JUO7YVFvU-YzEIgFIwKNSHb5lMctKzNLy","name":"MTV 80s","icon":"https:\/\/m7be2.solocoo.tv\/m7be2iphone\/mmchan\/channelicons\/MTV%2080s_m.png","description":"","channelno":"95","erotica":"0","minimal":"0","replay":"0","regional":"0","home_only":"0"},"Mpw70GftHQ_H60VOCrbNThnMkX07uVwp9a3re83Y":{"id":"Mpw70GftHQ_H60VOCrbNThnMkX07uVwp9a3re83Y","assetid":"Mpw70GftHQ_H60VOCrbNThnMkX07uVwp9a3re83Y","name":"MTV 00s","icon":"https:\/\/m7be2.solocoo.tv\/m7be2iphone\/mmchan\/channelicons\/MTV%2000s_m.png","description":"","channelno":"96","erotica":"0","minimal":"0","replay":"0","regional":"0","home_only":"0"},"BFKX-rwOIt-AB-ZgXHYaezFanZ5_q83BxK91ojNw":{"id":"BFKX-rwOIt-AB-ZgXHYaezFanZ5_q83BxK91ojNw","assetid":"BFKX-rwOIt-AB-ZgXHYaezFanZ5_q83BxK91ojNw","name":"Stingray CMusic","icon":"https:\/\/m7be2.solocoo.tv\/m7be2iphone\/mmchan\/channelicons\/Stingray%20CMusic_m.png","description":"","channelno":"97","erotica":"0","minimal":"0","replay":"0","regional":"0","home_only":"0"},"ZUYMD644gm8YqYrbU65nwgSJ1lrAyvrUy5OvAfAi":{"id":"ZUYMD644gm8YqYrbU65nwgSJ1lrAyvrUy5OvAfAi","assetid":"ZUYMD644gm8YqYrbU65nwgSJ1lrAyvrUy5OvAfAi","name":"TV 538","icon":"https:\/\/m7be2.solocoo.tv\/m7be2iphone\/mmchan\/channelicons\/TV%20538_m.png","description":"","channelno":"98","erotica":"0","minimal":"1","replay":"0","regional":"0","home_only":"0"},"O7u9KkM0xGhIgPd7SI3vCYXo-isfcKEhVe-fYkWo":{"id":"O7u9KkM0xGhIgPd7SI3vCYXo-isfcKEhVe-fYkWo","assetid":"O7u9KkM0xGhIgPd7SI3vCYXo-isfcKEhVe-fYkWo","name":"MENT TV","icon":"https:\/\/m7be2.solocoo.tv\/m7be2iphone\/mmchan\/channelicons\/MENT%20TV_m.png","description":"","channelno":"100","erotica":"0","minimal":"0","replay":"0","regional":"0","home_only":"0"},"bFffoBhZiWSaqTofV14X2HWqyaCkWMuU3dyc3qRB":{"id":"bFffoBhZiWSaqTofV14X2HWqyaCkWMuU3dyc3qRB","assetid":"bFffoBhZiWSaqTofV14X2HWqyaCkWMuU3dyc3qRB","name":"NPO Politiek en Nieuws","icon":"https:\/\/m7be2.solocoo.tv\/m7be2iphone\/mmchan\/channelicons\/NPO%20Politiek%20en%20Nieuws_m.png","description":"","channelno":"102","erotica":"0","minimal":"0","replay":"0","regional":"0","home_only":"0"},"8Y59-G81PRmUTjhqFx0oQEwIth-m8TeUEUnsalTv":{"id":"8Y59-G81PRmUTjhqFx0oQEwIth-m8TeUEUnsalTv","assetid":"8Y59-G81PRmUTjhqFx0oQEwIth-m8TeUEUnsalTv","name":"NPO 1 extra","icon":"https:\/\/m7be2.solocoo.tv\/m7be2iphone\/mmchan\/channelicons\/NPO%201%20extra_m.png","description":"","channelno":"103","erotica":"0","minimal":"1","replay":"0","regional":"0","home_only":"0"},"gBScnP-eF26S9ImcZ5nfamHct-CNZYixEysJrGqy":{"id":"gBScnP-eF26S9ImcZ5nfamHct-CNZYixEysJrGqy","assetid":"gBScnP-eF26S9ImcZ5nfamHct-CNZYixEysJrGqy","name":"NPO 2 extra","icon":"https:\/\/m7be2.solocoo.tv\/m7be2iphone\/mmchan\/channelicons\/NPO%202%20extra_m.png","description":"","channelno":"104","erotica":"0","minimal":"1","replay":"0","regional":"0","home_only":"0"},"tnOcgdO6EZ47WGH3WZbezlzGXxDPTLXeE53Zha9f":{"id":"tnOcgdO6EZ47WGH3WZbezlzGXxDPTLXeE53Zha9f","assetid":"tnOcgdO6EZ47WGH3WZbezlzGXxDPTLXeE53Zha9f","name":"Omroep Flevoland","icon":"https:\/\/m7be2.solocoo.tv\/m7be2iphone\/mmchan\/channelicons\/Omroep%20Flevoland_m.png","description":"","channelno":"106","erotica":"0","minimal":"1","replay":"0","regional":"0","home_only":"0"},"p23W7n19yK6LmRF3XJO157JBAmMwEfzeW7cPtxkl":{"id":"p23W7n19yK6LmRF3XJO157JBAmMwEfzeW7cPtxkl","assetid":"p23W7n19yK6LmRF3XJO157JBAmMwEfzeW7cPtxkl","name":"TV Rijnmond","icon":"https:\/\/m7be2.solocoo.tv\/m7be2iphone\/mmchan\/channelicons\/TV%20Rijnmond_m.png","description":"","channelno":"107","erotica":"0","minimal":"1","replay":"0","regional":"0","home_only":"0"},"VGxelAnpmXtNd_wLWyVPpeS7lXSbxJH5vYQ0XNqH":{"id":"VGxelAnpmXtNd_wLWyVPpeS7lXSbxJH5vYQ0XNqH","assetid":"VGxelAnpmXtNd_wLWyVPpeS7lXSbxJH5vYQ0XNqH","name":"NH","icon":"https:\/\/m7be2.solocoo.tv\/m7be2iphone\/mmchan\/channelicons\/NH_m.png","description":"","channelno":"108","erotica":"0","minimal":"0","replay":"0","regional":"0","home_only":"0"},"88Hdv3c2aloLlX4FnMmTDvcd8uWZYnofIepwv6B7":{"id":"88Hdv3c2aloLlX4FnMmTDvcd8uWZYnofIepwv6B7","assetid":"88Hdv3c2aloLlX4FnMmTDvcd8uWZYnofIepwv6B7","name":"TV Utrecht","icon":"https:\/\/m7be2.solocoo.tv\/m7be2iphone\/mmchan\/channelicons\/TV%20Utrecht_m.png","description":"","channelno":"109","erotica":"0","minimal":"1","replay":"0","regional":"0","home_only":"0"},"vE6LG8TP-4Qity13kIxWzTkbPJDIjjb0BuI2WIdL":{"id":"vE6LG8TP-4Qity13kIxWzTkbPJDIjjb0BuI2WIdL","assetid":"vE6LG8TP-4Qity13kIxWzTkbPJDIjjb0BuI2WIdL","name":"ZDF HD","icon":"https:\/\/m7be2.solocoo.tv\/m7be2iphone\/mmchan\/channelicons\/ZDF%20HD_m.png","description":"","channelno":"112","erotica":"0","minimal":"0","replay":"0","regional":"0","home_only":"0"},"fihFodygJCOhuXOXvVoXntW565KjvZ5H3YRBfl38":{"id":"fihFodygJCOhuXOXvVoXntW565KjvZ5H3YRBfl38","assetid":"fihFodygJCOhuXOXvVoXntW565KjvZ5H3YRBfl38","name":"Ocko Black HD","icon":"https:\/\/m7be2.solocoo.tv\/m7be2iphone\/mmchan\/channelicons\/Ocko%20Black%20HD_m.png","description":"","channelno":"239","erotica":"0","minimal":"0","replay":"0","regional":"0","home_only":"0"},"Q5HzqCO2eICuK0QQjDkSOrUXCVUiNAVWySg7yUJh":{"id":"Q5HzqCO2eICuK0QQjDkSOrUXCVUiNAVWySg7yUJh","assetid":"Q5HzqCO2eICuK0QQjDkSOrUXCVUiNAVWySg7yUJh","name":"(18+) Playboy TV HD","icon":"https:\/\/m7be2.solocoo.tv\/m7be2iphone\/mmchan\/channelicons\/%2818%29%20Playboy%20TV%20HD_m.png","description":"","channelno":"261","erotica":"0","minimal":"1","replay":"0","regional":"0","home_only":"0"},"YpjzRbEa_wpN2s7x5MDvTjWUzv6hIB0PBTvAhgO3":{"id":"YpjzRbEa_wpN2s7x5MDvTjWUzv6hIB0PBTvAhgO3","assetid":"YpjzRbEa_wpN2s7x5MDvTjWUzv6hIB0PBTvAhgO3","name":"(18+) Penthouse Gold","icon":"https:\/\/m7be2.solocoo.tv\/m7be2iphone\/mmchan\/channelicons\/%2818%29%20Penthouse%20Gold_m.png","description":"","channelno":"262","erotica":"0","minimal":"0","replay":"0","regional":"0","home_only":"0"},"GuWcT5XzyK01Z74TLsufoJ0VThHsJ_K9S6eG8XEg":{"id":"GuWcT5XzyK01Z74TLsufoJ0VThHsJ_K9S6eG8XEg","assetid":"GuWcT5XzyK01Z74TLsufoJ0VThHsJ_K9S6eG8XEg","name":"(18+) VIXEN HD","icon":"https:\/\/m7be2.solocoo.tv\/m7be2iphone\/mmchan\/channelicons\/%2818%29%20VIXEN%20HD_m.png","description":"","channelno":"264","erotica":"0","minimal":"0","replay":"1","regional":"0","home_only":"0"},"SU8j9Ce1vrvKFuPntS1BYU6YQvaj7ayY4yF8SpiQ":{"id":"SU8j9Ce1vrvKFuPntS1BYU6YQvaj7ayY4yF8SpiQ","assetid":"SU8j9Ce1vrvKFuPntS1BYU6YQvaj7ayY4yF8SpiQ","name":"(18+) Dorcel TV HD (23-05)","icon":"https:\/\/m7be2.solocoo.tv\/m7be2iphone\/mmchan\/channelicons\/%2818%29%20Dorcel%20TV%20HD%20%2823-05%29_m.png","description":"","channelno":"265","erotica":"0","minimal":"0","replay":"1","regional":"0","home_only":"0"},"UZYysXfobARiMj1_pu4MsuGbvKXyl0cJEygUFyGk":{"id":"UZYysXfobARiMj1_pu4MsuGbvKXyl0cJEygUFyGk","assetid":"UZYysXfobARiMj1_pu4MsuGbvKXyl0cJEygUFyGk","name":"(18+) Dorcel XXX (00-05)","icon":"https:\/\/m7be2.solocoo.tv\/m7be2iphone\/mmchan\/channelicons\/%2818%29%20Dorcel%20XXX%20%2800-05%29_m.png","description":"","channelno":"266","erotica":"0","minimal":"0","replay":"1","regional":"0","home_only":"0"},"uzzOPjn9-HFO22_9TIFik_kYR33hCvPGAG-X04lw":{"id":"uzzOPjn9-HFO22_9TIFik_kYR33hCvPGAG-X04lw","assetid":"uzzOPjn9-HFO22_9TIFik_kYR33hCvPGAG-X04lw","name":"(18+) Hustler TV","icon":"https:\/\/m7be2.solocoo.tv\/m7be2iphone\/mmchan\/channelicons\/%2818%29%20Hustler%20TV_m.png","description":"","channelno":"267","erotica":"0","minimal":"0","replay":"0","regional":"0","home_only":"0"},"LppV5VNv-_xc9kMKBA86imA_-vLCecdiZr3MIEyU":{"id":"LppV5VNv-_xc9kMKBA86imA_-vLCecdiZr3MIEyU","assetid":"LppV5VNv-_xc9kMKBA86imA_-vLCecdiZr3MIEyU","name":"(18+) VividTV","icon":"https:\/\/m7be2.solocoo.tv\/m7be2iphone\/mmchan\/channelicons\/%2818%29%20VividTV_m.png","description":"","channelno":"268","erotica":"0","minimal":"0","replay":"0","regional":"0","home_only":"0"},"Sie0X-VqN0eQUIhydiiCQWtPpcHfCj7kX-y4U6_t":{"id":"Sie0X-VqN0eQUIhydiiCQWtPpcHfCj7kX-y4U6_t","assetid":"Sie0X-VqN0eQUIhydiiCQWtPpcHfCj7kX-y4U6_t","name":"BBC One HD (28)","icon":"https:\/\/m7be2.solocoo.tv\/m7be2iphone\/mmchan\/channelicons\/BBC%20One%20HD%20%2828%29_m.png","description":"","channelno":"301","erotica":"0","minimal":"0","replay":"0","regional":"0","home_only":"0"},"xWWrXQIZOlzzQ3l7Rh4AFVKblg5hv-xe8eGnoki4":{"id":"xWWrXQIZOlzzQ3l7Rh4AFVKblg5hv-xe8eGnoki4","assetid":"xWWrXQIZOlzzQ3l7Rh4AFVKblg5hv-xe8eGnoki4","name":"BBC Two HD (28)","icon":"https:\/\/m7be2.solocoo.tv\/m7be2iphone\/mmchan\/channelicons\/BBC%20Two%20HD%20%2828%29_m.png","description":"","channelno":"302","erotica":"0","minimal":"0","replay":"0","regional":"0","home_only":"0"},"9XR0SZqHI_J6p7-uyA-MdfzAt_fo1x5Ad4Z1T5YP":{"id":"9XR0SZqHI_J6p7-uyA-MdfzAt_fo1x5Ad4Z1T5YP","assetid":"9XR0SZqHI_J6p7-uyA-MdfzAt_fo1x5Ad4Z1T5YP","name":"ARD-Das Erste","icon":"https:\/\/m7be2.solocoo.tv\/m7be2iphone\/mmchan\/channelicons\/ARD-Das%20Erste_m.png","description":"","channelno":"651","erotica":"0","minimal":"0","replay":"0","regional":"0","home_only":"0"}}