{"18":{"id":"18","assetid":"10","name":"NPO 1","icon":"https:\/\/images.tv.kpn.com\/logo\/dtvchannels_1\/256.png","description":"","channelno":"1","erotica":"0","minimal":"1","replay":"1","regional":"0","home_only":"0"},"19":{"id":"19","assetid":"10","name":"NPO 2","icon":"https:\/\/images.tv.kpn.com\/logo\/dtvchannels_2\/256.png","description":"","channelno":"2","erotica":"0","minimal":"1","replay":"1","regional":"0","home_only":"0"},"20":{"id":"20","assetid":"10","name":"NPO 3","icon":"https:\/\/images.tv.kpn.com\/logo\/dtvchannels_3\/256.png","description":"","channelno":"3","erotica":"0","minimal":"1","replay":"1","regional":"0","home_only":"0"},"21":{"id":"21","assetid":"10","name":"RTL 4","icon":"https:\/\/images.tv.kpn.com\/logo\/dtvchannels_4\/256.png","description":"","channelno":"4","erotica":"0","minimal":"1","replay":"1","regional":"0","home_only":"0"},"22":{"id":"22","assetid":"10","name":"RTL 5","icon":"https:\/\/images.tv.kpn.com\/logo\/dtvchannels_5\/256.png","description":"","channelno":"5","erotica":"0","minimal":"1","replay":"1","regional":"0","home_only":"0"},"23":{"id":"23","assetid":"10","name":"SBS6","icon":"https:\/\/images.tv.kpn.com\/logo\/dtvchannels_6\/256.png","description":"","channelno":"6","erotica":"0","minimal":"1","replay":"1","regional":"0","home_only":"0"},"24":{"id":"24","assetid":"10","name":"RTL 7","icon":"https:\/\/images.tv.kpn.com\/logo\/dtvchannels_7\/256.png","description":"","channelno":"7","erotica":"0","minimal":"1","replay":"1","regional":"0","home_only":"0"},"25":{"id":"25","assetid":"10","name":"Net 5","icon":"https:\/\/images.tv.kpn.com\/logo\/dtvchannels_8\/256.png","description":"","channelno":"8","erotica":"0","minimal":"1","replay":"1","regional":"0","home_only":"0"},"26":{"id":"26","assetid":"10","name":"Veronica \/ Disney XD","icon":"https:\/\/images.tv.kpn.com\/logo\/dtvchannels_9\/256.png","description":"","channelno":"9","erotica":"0","minimal":"1","replay":"1","regional":"0","home_only":"0"},"27":{"id":"27","assetid":"10","name":"RTL 8","icon":"https:\/\/images.tv.kpn.com\/logo\/dtvchannels_10\/256.png","description":"","channelno":"10","erotica":"0","minimal":"1","replay":"1","regional":"0","home_only":"0"},"251":{"id":"251","assetid":"10","name":"RTL Z","icon":"https:\/\/images.tv.kpn.com\/logo\/deb6d63a-db67-4ab9-8b65-b7826435e59b\/256.png","description":"","channelno":"11","erotica":"0","minimal":"1","replay":"0","regional":"0","home_only":"0"},"30":{"id":"30","assetid":"10","name":"Comedy Central","icon":"https:\/\/images.tv.kpn.com\/logo\/dtvchannels_16\/256.png","description":"","channelno":"12","erotica":"0","minimal":"1","replay":"1","regional":"0","home_only":"0"},"31":{"id":"31","assetid":"10","name":"Paramount Network","icon":"https:\/\/images.tv.kpn.com\/logo\/dtv_10000001\/256.png","description":"","channelno":"13","erotica":"0","minimal":"1","replay":"1","regional":"0","home_only":"0"},"2694":{"id":"2694","assetid":"10","name":"ESPN","icon":"https:\/\/images.tv.kpn.com\/logo\/65f2627b-3c6c-4c68-961f-f423d9795c16\/256.png","description":"","channelno":"14","erotica":"0","minimal":"1","replay":"1","regional":"0","home_only":"0"},"32":{"id":"32","assetid":"10","name":"Discovery","icon":"https:\/\/images.tv.kpn.com\/logo\/dtvchannels_18\/256.png","description":"","channelno":"15","erotica":"0","minimal":"1","replay":"1","regional":"0","home_only":"0"},"205":{"id":"205","assetid":"10","name":"FOX","icon":"https:\/\/images.tv.kpn.com\/logo\/e931a789-5882-41c2-81ae-a0e4a71c8527\/256.png","description":"","channelno":"16","erotica":"0","minimal":"1","replay":"1","regional":"0","home_only":"0"},"34":{"id":"34","assetid":"10","name":"TLC","icon":"https:\/\/images.tv.kpn.com\/logo\/dtvchannels_19\/256.png","description":"","channelno":"17","erotica":"0","minimal":"1","replay":"1","regional":"0","home_only":"0"},"33":{"id":"33","assetid":"10","name":"National Geographic","icon":"https:\/\/images.tv.kpn.com\/logo\/dtvchannels_20\/256.png","description":"","channelno":"18","erotica":"0","minimal":"1","replay":"1","regional":"0","home_only":"0"},"222":{"id":"222","assetid":"10","name":"SBS9","icon":"https:\/\/images.tv.kpn.com\/logo\/fa7af80f-7377-4b37-bb4e-103b3c0478a1\/256.png","description":"","channelno":"19","erotica":"0","minimal":"1","replay":"0","regional":"0","home_only":"0"},"29":{"id":"29","assetid":"10","name":"MTV","icon":"https:\/\/images.tv.kpn.com\/logo\/dtvchannels_15\/256.png","description":"","channelno":"20","erotica":"0","minimal":"1","replay":"1","regional":"0","home_only":"0"},"109":{"id":"109","assetid":"10","name":"Investigation Discovery","icon":"https:\/\/images.tv.kpn.com\/logo\/dtvchannels_100169\/256.png","description":"","channelno":"21","erotica":"0","minimal":"1","replay":"0","regional":"0","home_only":"0"},"190":{"id":"190","assetid":"10","name":"XITE","icon":"https:\/\/images.tv.kpn.com\/logo\/565cf165-a496-4c85-9276-68a079d6aa41\/256.png","description":"","channelno":"22","erotica":"0","minimal":"1","replay":"1","regional":"0","home_only":"0"},"2696":{"id":"2696","assetid":"10","name":"Dreamworks Channel","icon":"https:\/\/images.tv.kpn.com\/logo\/aef063c9-a389-4a12-b149-50dde051ac2b\/256.png","description":"","channelno":"23","erotica":"0","minimal":"1","replay":"0","regional":"0","home_only":"0"},"175":{"id":"175","assetid":"10","name":"24Kitchen","icon":"https:\/\/images.tv.kpn.com\/logo\/ab9e9481-4408-4d58-a2c1-ce2041e7fc8e\/256.png","description":"","channelno":"24","erotica":"0","minimal":"1","replay":"1","regional":"0","home_only":"0"},"241":{"id":"241","assetid":"10","name":"BBC First","icon":"https:\/\/images.tv.kpn.com\/logo\/6eae7c7a-5efa-4431-bb45-f497e16583e0\/256.png","description":"","channelno":"25","erotica":"0","minimal":"1","replay":"0","regional":"0","home_only":"0"},"39":{"id":"39","assetid":"10","name":"BBC One","icon":"https:\/\/images.tv.kpn.com\/logo\/dtvchannels_101976\/256.png","description":"","channelno":"26","erotica":"0","minimal":"1","replay":"0","regional":"0","home_only":"1"},"40":{"id":"40","assetid":"10","name":"BBC Two","icon":"https:\/\/images.tv.kpn.com\/logo\/dtvchannels_101977\/256.png","description":"","channelno":"27","erotica":"0","minimal":"1","replay":"0","regional":"0","home_only":"1"},"221":{"id":"221","assetid":"10","name":"Disney Channel","icon":"https:\/\/images.tv.kpn.com\/logo\/52a0ace4-7419-4863-81fc-9b88acc00213\/256.png","description":"","channelno":"28","erotica":"0","minimal":"1","replay":"0","regional":"0","home_only":"0"},"37":{"id":"37","assetid":"10","name":"Een","icon":"https:\/\/images.tv.kpn.com\/logo\/dtvchannels_11\/256.png","description":"","channelno":"29","erotica":"0","minimal":"1","replay":"0","regional":"0","home_only":"1"},"38":{"id":"38","assetid":"10","name":"Canvas","icon":"https:\/\/images.tv.kpn.com\/logo\/dtvchannels_12\/256.png","description":"","channelno":"30","erotica":"0","minimal":"1","replay":"0","regional":"0","home_only":"1"},"176":{"id":"176","assetid":"10","name":"Ketnet","icon":"https:\/\/images.tv.kpn.com\/logo\/f8f1b188-1dd3-49a8-bb13-e49ea3945276\/256.png","description":"","channelno":"31","erotica":"0","minimal":"1","replay":"0","regional":"0","home_only":"1"},"106":{"id":"106","assetid":"10","name":"History","icon":"https:\/\/images.tv.kpn.com\/logo\/dtvchannels_101472\/256.png","description":"","channelno":"32","erotica":"0","minimal":"1","replay":"1","regional":"0","home_only":"0"},"278":{"id":"278","assetid":"10","name":"Nickelodeon","icon":"https:\/\/images.tv.kpn.com\/logo\/dtv_10000002\/256.png","description":"","channelno":"33","erotica":"0","minimal":"1","replay":"1","regional":"0","home_only":"0"},"2671":{"id":"2671","assetid":"10","name":"LoveNature","icon":"https:\/\/images.tv.kpn.com\/logo\/77b6e68c-e47a-4110-a394-c6a1d5838a01\/256.png","description":"","channelno":"34","erotica":"0","minimal":"1","replay":"0","regional":"0","home_only":"0"},"41":{"id":"41","assetid":"10","name":"Eurosport 1","icon":"https:\/\/images.tv.kpn.com\/logo\/dtvchannels_17\/256.png","description":"","channelno":"35","erotica":"0","minimal":"1","replay":"1","regional":"0","home_only":"0"},"115":{"id":"115","assetid":"10","name":"Eurosport 2","icon":"https:\/\/images.tv.kpn.com\/logo\/dtvchannels_100171\/256.png","description":"","channelno":"36","erotica":"0","minimal":"0","replay":"1","regional":"0","home_only":"0"},"2586":{"id":"2586","assetid":"10","name":"INPLUS","icon":"https:\/\/images.tv.kpn.com\/logo\/dtvchannels_231597\/256.png","description":"","channelno":"38","erotica":"0","minimal":"1","replay":"0","regional":"0","home_only":"0"},"2698":{"id":"2698","assetid":"10","name":"Njam!","icon":"https:\/\/images.tv.kpn.com\/logo\/d917f8db-5d20-4ab4-9697-e9d1a2e4ee2d\/256.png","description":"","channelno":"39","erotica":"0","minimal":"1","replay":"0","regional":"0","home_only":"0"},"47":{"id":"47","assetid":"10","name":"BBC World News","icon":"https:\/\/images.tv.kpn.com\/logo\/dtvchannels_100176\/256.png","description":"","channelno":"40","erotica":"0","minimal":"1","replay":"0","regional":"0","home_only":"1"},"253":{"id":"253","assetid":"10","name":"Beleef KPN","icon":"https:\/\/images.tv.kpn.com\/logo\/be0da352-d437-4622-aa9a-eabbffd7d4c8\/256.png","description":"","channelno":"41","erotica":"0","minimal":"1","replay":"0","regional":"0","home_only":"0"},"149":{"id":"149","assetid":"10","name":"Zender van de maand","icon":"https:\/\/images.tv.kpn.com\/logo\/ef03a5d7-24be-4b38-bb47-a380083876e8\/256.png","description":"","channelno":"42","erotica":"0","minimal":"1","replay":"0","regional":"0","home_only":"1"},"260":{"id":"260","assetid":"10","name":"Crime + Investigation","icon":"https:\/\/images.tv.kpn.com\/logo\/b359dd68-b3a4-490c-9be1-06798472e633\/256.png","description":"","channelno":"44","erotica":"0","minimal":"1","replay":"0","regional":"0","home_only":"0"},"49":{"id":"49","assetid":"10","name":"Das Erste (ARD)","icon":"https:\/\/images.tv.kpn.com\/logo\/dtvchannels_13\/256.png","description":"","channelno":"45","erotica":"0","minimal":"1","replay":"0","regional":"0","home_only":"1"},"50":{"id":"50","assetid":"10","name":"ZDF","icon":"https:\/\/images.tv.kpn.com\/logo\/dtvchannels_14\/256.png","description":"","channelno":"46","erotica":"0","minimal":"1","replay":"0","regional":"0","home_only":"1"},"51":{"id":"51","assetid":"10","name":"RTL Television","icon":"https:\/\/images.tv.kpn.com\/logo\/dtvchannels_100166\/256.png","description":"","channelno":"47","erotica":"0","minimal":"1","replay":"0","regional":"0","home_only":"1"},"52":{"id":"52","assetid":"10","name":"WDR","icon":"https:\/\/images.tv.kpn.com\/logo\/dtvchannels_101433\/256.png","description":"","channelno":"48","erotica":"0","minimal":"1","replay":"0","regional":"0","home_only":"1"},"53":{"id":"53","assetid":"10","name":"ARTE","icon":"https:\/\/images.tv.kpn.com\/logo\/dtvchannels_101434\/256.png","description":"","channelno":"49","erotica":"0","minimal":"1","replay":"1","regional":"0","home_only":"1"},"168":{"id":"168","assetid":"10","name":"Nick Toons","icon":"https:\/\/images.tv.kpn.com\/logo\/dtvchannels_975\/256.png","description":"","channelno":"52","erotica":"0","minimal":"0","replay":"0","regional":"0","home_only":"0"},"100":{"id":"100","assetid":"10","name":"Nick Jr.","icon":"https:\/\/images.tv.kpn.com\/logo\/dtvchannels_100189\/256.png","description":"","channelno":"53","erotica":"0","minimal":"0","replay":"1","regional":"0","home_only":"0"},"292":{"id":"292","assetid":"10","name":"Nick Music","icon":"https:\/\/images.tv.kpn.com\/logo\/dtv_10000011\/256.png","description":"","channelno":"54","erotica":"0","minimal":"0","replay":"1","regional":"0","home_only":"0"},"102":{"id":"102","assetid":"10","name":"Boomerang","icon":"https:\/\/images.tv.kpn.com\/logo\/dtvchannels_101437\/256.png","description":"","channelno":"55","erotica":"0","minimal":"0","replay":"0","regional":"0","home_only":"0"},"101":{"id":"101","assetid":"10","name":"BabyTV","icon":"https:\/\/images.tv.kpn.com\/logo\/dtvchannels_101375\/256.png","description":"","channelno":"57","erotica":"0","minimal":"0","replay":"0","regional":"0","home_only":"0"},"3400":{"id":"3400","assetid":"10","name":"Nickelodeon Ukraine","icon":"https:\/\/images.tv.kpn.com\/logo\/17557011-8b3d-4e93-b596-18ff7db908b2\/256.png","description":"","channelno":"58","erotica":"0","minimal":"1","replay":"1","regional":"0","home_only":"0"},"245":{"id":"245","assetid":"10","name":"RTL Telekids","icon":"https:\/\/images.tv.kpn.com\/logo\/776b7d54-bfb7-42ac-85d5-41550aaea594\/256.png","description":"","channelno":"59","erotica":"0","minimal":"0","replay":"0","regional":"0","home_only":"0"},"36":{"id":"36","assetid":"10","name":"Cartoon Network","icon":"https:\/\/images.tv.kpn.com\/logo\/dtvchannels_100181\/256.png","description":"","channelno":"60","erotica":"0","minimal":"1","replay":"0","regional":"0","home_only":"0"},"45":{"id":"45","assetid":"10","name":"CNN","icon":"https:\/\/images.tv.kpn.com\/logo\/dtvchannels_100179\/256.png","description":"","channelno":"61","erotica":"0","minimal":"1","replay":"1","regional":"0","home_only":"0"},"46":{"id":"46","assetid":"10","name":"Euronews","icon":"https:\/\/images.tv.kpn.com\/logo\/dtvchannels_100175\/256.png","description":"","channelno":"62","erotica":"0","minimal":"1","replay":"0","regional":"0","home_only":"1"},"112":{"id":"112","assetid":"10","name":"Al Jazeera","icon":"https:\/\/images.tv.kpn.com\/logo\/dtvchannels_101441\/256.png","description":"","channelno":"63","erotica":"0","minimal":"1","replay":"0","regional":"0","home_only":"0"},"169":{"id":"169","assetid":"10","name":"Comedy Central Extra","icon":"https:\/\/images.tv.kpn.com\/logo\/aafaf4cd-da70-40c7-90fa-95deab94e505\/256.png","description":"","channelno":"71","erotica":"0","minimal":"0","replay":"1","regional":"0","home_only":"0"},"124":{"id":"124","assetid":"10","name":"RTL Lounge","icon":"https:\/\/images.tv.kpn.com\/logo\/6963a032-ad22-460d-a364-26fd3239caa2\/256.png","description":"","channelno":"73","erotica":"0","minimal":"0","replay":"0","regional":"0","home_only":"0"},"246":{"id":"246","assetid":"10","name":"RTL Crime","icon":"https:\/\/images.tv.kpn.com\/logo\/dtvchannels_467\/256.png","description":"","channelno":"74","erotica":"0","minimal":"0","replay":"0","regional":"0","home_only":"0"},"127":{"id":"127","assetid":"10","name":"Out TV","icon":"https:\/\/images.tv.kpn.com\/logo\/dtvchannels_101379\/256.png","description":"","channelno":"77","erotica":"0","minimal":"0","replay":"0","regional":"0","home_only":"1"},"170":{"id":"170","assetid":"10","name":"Family 7","icon":"https:\/\/images.tv.kpn.com\/logo\/dtvchannels_978\/256.png","description":"","channelno":"78","erotica":"0","minimal":"0","replay":"1","regional":"0","home_only":"1"},"126":{"id":"126","assetid":"10","name":"NPO 1 Extra","icon":"https:\/\/images.tv.kpn.com\/logo\/dtvchannels_101378\/256.png","description":"","channelno":"81","erotica":"0","minimal":"0","replay":"1","regional":"0","home_only":"0"},"113":{"id":"113","assetid":"10","name":"NPO 2 Extra","icon":"https:\/\/images.tv.kpn.com\/logo\/dtvchannels_101442\/256.png","description":"","channelno":"82","erotica":"0","minimal":"1","replay":"1","regional":"0","home_only":"0"},"103":{"id":"103","assetid":"10","name":"NPO Politiek en Nieuws","icon":"https:\/\/images.tv.kpn.com\/logo\/dtvchannels_101372\/256.png","description":"","channelno":"83","erotica":"0","minimal":"0","replay":"1","regional":"0","home_only":"0"},"107":{"id":"107","assetid":"10","name":"Discovery Science","icon":"https:\/\/images.tv.kpn.com\/logo\/dtvchannels_100167\/256.png","description":"","channelno":"84","erotica":"0","minimal":"0","replay":"1","regional":"0","home_only":"0"},"178":{"id":"178","assetid":"10","name":"Animal Planet","icon":"https:\/\/images.tv.kpn.com\/logo\/6950303b-1365-44af-b6e0-27e7ef74f99e\/256.png","description":"","channelno":"85","erotica":"0","minimal":"0","replay":"1","regional":"0","home_only":"0"},"3044":{"id":"3044","assetid":"10","name":"Wild Earth","icon":"https:\/\/images.tv.kpn.com\/logo\/f5d123e1-7427-41c0-a8f8-eeea0f8dfc69\/256.png","description":"","channelno":"86","erotica":"0","minimal":"1","replay":"1","regional":"0","home_only":"0"},"111":{"id":"111","assetid":"10","name":"Nat Geo Wild","icon":"https:\/\/images.tv.kpn.com\/logo\/dtvchannels_101493\/256.png","description":"","channelno":"87","erotica":"0","minimal":"0","replay":"1","regional":"0","home_only":"1"},"114":{"id":"114","assetid":"10","name":"ONS","icon":"https:\/\/images.tv.kpn.com\/logo\/dtvchannels_100187\/256.png","description":"","channelno":"89","erotica":"0","minimal":"0","replay":"1","regional":"0","home_only":"1"},"2581":{"id":"2581","assetid":"10","name":"France 2","icon":"https:\/\/images.tv.kpn.com\/logo\/210a932e-2844-4dc0-b479-8381451b86a8\/256.png","description":"","channelno":"92","erotica":"0","minimal":"1","replay":"0","regional":"0","home_only":"0"},"191":{"id":"191","assetid":"10","name":"RTV-7","icon":"https:\/\/images.tv.kpn.com\/logo\/6ac7b5b7-92b9-4dec-8e24-41a509269752\/256.png","description":"","channelno":"93","erotica":"0","minimal":"1","replay":"0","regional":"0","home_only":"0"},"257":{"id":"257","assetid":"10","name":"RAI Uno","icon":"https:\/\/images.tv.kpn.com\/logo\/ca980517-5f17-44a1-afe3-8504f6557cf4\/256.png","description":"","channelno":"96","erotica":"0","minimal":"1","replay":"0","regional":"0","home_only":"0"},"2707":{"id":"2707","assetid":"10","name":"NPO 1 HDR","icon":"https:\/\/images.tv.kpn.com\/logo\/23cf04b3-eda0-4fd1-8fea-de1b64917b20\/256.png","description":"","channelno":"109","erotica":"0","minimal":"1","replay":"1","regional":"0","home_only":"0"},"136":{"id":"136","assetid":"10","name":"MTV80s","icon":"https:\/\/images.tv.kpn.com\/logo\/e2afcee3-2a73-4d51-80e2-ff7905d43b58\/256.png","description":"","channelno":"110","erotica":"0","minimal":"1","replay":"1","regional":"0","home_only":"0"},"58":{"id":"58","assetid":"10","name":"SLAM! TV","icon":"https:\/\/images.tv.kpn.com\/logo\/dtvchannels_461\/256.png","description":"","channelno":"111","erotica":"0","minimal":"0","replay":"1","regional":"0","home_only":"1"},"137":{"id":"137","assetid":"10","name":"TV Oranje","icon":"https:\/\/images.tv.kpn.com\/logo\/dtvchannels_101449\/256.png","description":"","channelno":"112","erotica":"0","minimal":"0","replay":"0","regional":"0","home_only":"1"},"197":{"id":"197","assetid":"10","name":"192TV","icon":"https:\/\/images.tv.kpn.com\/logo\/6d5c28a4-0e7e-4db5-9312-9d75f2c9a28f\/256.png","description":"","channelno":"113","erotica":"0","minimal":"0","replay":"1","regional":"0","home_only":"0"},"2670":{"id":"2670","assetid":"10","name":"100%NL TV","icon":"https:\/\/images.tv.kpn.com\/logo\/781b678e-10dd-4651-9726-26fabfe3c507\/256.png","description":"","channelno":"114","erotica":"0","minimal":"0","replay":"0","regional":"0","home_only":"0"},"2484":{"id":"2484","assetid":"10","name":"Stingray Classica","icon":"https:\/\/images.tv.kpn.com\/logo\/1d1e8eb7-d6c6-4ba9-be66-3dc11d97ff6b\/256.png","description":"","channelno":"115","erotica":"0","minimal":"0","replay":"0","regional":"0","home_only":"0"},"3020":{"id":"3020","assetid":"10","name":"MTV Live","icon":"https:\/\/images.tv.kpn.com\/logo\/f661a120-8760-4977-9284-5da6f71d37cf\/256.png","description":"","channelno":"116","erotica":"0","minimal":"1","replay":"1","regional":"0","home_only":"0"},"280":{"id":"280","assetid":"10","name":"VOX","icon":"https:\/\/images.tv.kpn.com\/logo\/dtv_10000003\/256.png","description":"","channelno":"119","erotica":"0","minimal":"0","replay":"0","regional":"0","home_only":"1"},"232":{"id":"232","assetid":"10","name":"NDR","icon":"https:\/\/images.tv.kpn.com\/logo\/dtvchannels_101432\/256.png","description":"","channelno":"120","erotica":"0","minimal":"0","replay":"0","regional":"0","home_only":"1"},"231":{"id":"231","assetid":"10","name":"Sat1","icon":"https:\/\/images.tv.kpn.com\/logo\/dtvchannels_453\/256.png","description":"","channelno":"121","erotica":"0","minimal":"0","replay":"0","regional":"0","home_only":"1"},"237":{"id":"237","assetid":"10","name":"Tagesschau24","icon":"https:\/\/images.tv.kpn.com\/logo\/253bf61f-f5ac-4692-b8a4-7a7e2bff5c99\/256.png","description":"","channelno":"122","erotica":"0","minimal":"0","replay":"0","regional":"0","home_only":"1"},"235":{"id":"235","assetid":"10","name":"3Sat","icon":"https:\/\/images.tv.kpn.com\/logo\/c17b2575-f6e2-4b3c-ab7b-7c1752e97125\/256.png","description":"","channelno":"123","erotica":"0","minimal":"0","replay":"0","regional":"0","home_only":"1"},"233":{"id":"233","assetid":"10","name":"ProSieben","icon":"https:\/\/images.tv.kpn.com\/logo\/dtvchannels_452\/256.png","description":"","channelno":"124","erotica":"0","minimal":"0","replay":"0","regional":"0","home_only":"1"},"234":{"id":"234","assetid":"10","name":"Kika","icon":"https:\/\/images.tv.kpn.com\/logo\/71a3e201-4f47-499d-90b0-a012082c47d6\/256.png","description":"","channelno":"125","erotica":"0","minimal":"0","replay":"0","regional":"0","home_only":"1"},"236":{"id":"236","assetid":"10","name":"One","icon":"https:\/\/images.tv.kpn.com\/logo\/c1e6736c-6a4a-403e-a401-5b4c90d7aca9\/256.png","description":"","channelno":"126","erotica":"0","minimal":"0","replay":"0","regional":"0","home_only":"1"},"281":{"id":"281","assetid":"10","name":"RTL II","icon":"https:\/\/images.tv.kpn.com\/logo\/dtv_10000004\/256.png","description":"","channelno":"127","erotica":"0","minimal":"0","replay":"0","regional":"0","home_only":"1"},"282":{"id":"282","assetid":"10","name":"SuperRTL","icon":"https:\/\/images.tv.kpn.com\/logo\/dtv_10000005\/256.png","description":"","channelno":"128","erotica":"0","minimal":"0","replay":"0","regional":"0","home_only":"1"},"166":{"id":"166","assetid":"10","name":"Utsav Bharat","icon":"https:\/\/images.tv.kpn.com\/logo\/270cfaab-d6fe-40d0-827b-cca6a13667ae\/256.png","description":"","channelno":"129","erotica":"0","minimal":"1","replay":"0","regional":"0","home_only":"0"},"161":{"id":"161","assetid":"10","name":"Zee Cinema","icon":"https:\/\/images.tv.kpn.com\/logo\/65abc9f0-eb61-4d51-a4de-a85de02778e2\/256.png","description":"","channelno":"130","erotica":"0","minimal":"0","replay":"0","regional":"0","home_only":"1"},"162":{"id":"162","assetid":"10","name":"Zee TV","icon":"https:\/\/images.tv.kpn.com\/logo\/7bdd7016-e6c1-4282-9d78-87c953cd1a72\/256.png","description":"","channelno":"131","erotica":"0","minimal":"0","replay":"0","regional":"0","home_only":"1"},"163":{"id":"163","assetid":"10","name":"Sony TV Asia","icon":"https:\/\/images.tv.kpn.com\/logo\/7543e479-23e1-41b6-a0ff-c4c472814680\/256.png","description":"","channelno":"132","erotica":"0","minimal":"0","replay":"0","regional":"0","home_only":"1"},"164":{"id":"164","assetid":"10","name":"Sony Max","icon":"https:\/\/images.tv.kpn.com\/logo\/3c672911-0dbc-4bc9-aa57-fc4c2bfb496c\/256.png","description":"","channelno":"133","erotica":"0","minimal":"0","replay":"0","regional":"0","home_only":"1"},"165":{"id":"165","assetid":"10","name":"Utsav Plus","icon":"https:\/\/images.tv.kpn.com\/logo\/f2f3aa98-88b4-4d3f-8d9b-63d1f0244377\/256.png","description":"","channelno":"134","erotica":"0","minimal":"0","replay":"0","regional":"0","home_only":"1"},"2684":{"id":"2684","assetid":"10","name":"Vijay TV","icon":"https:\/\/images.tv.kpn.com\/logo\/9169e145-9590-4fd0-9406-e1a7a74acdf1\/256.png","description":"","channelno":"135","erotica":"0","minimal":"0","replay":"0","regional":"0","home_only":"1"},"259":{"id":"259","assetid":"10","name":"Utsav Gold","icon":"https:\/\/images.tv.kpn.com\/logo\/d7d2d85e-9915-43da-89ad-9946e88aac87\/256.png","description":"","channelno":"136","erotica":"0","minimal":"0","replay":"0","regional":"0","home_only":"0"},"57":{"id":"57","assetid":"10","name":"TRT","icon":"https:\/\/images.tv.kpn.com\/logo\/dtvchannels_101412\/256.png","description":"","channelno":"140","erotica":"0","minimal":"1","replay":"0","regional":"0","home_only":"1"},"287":{"id":"287","assetid":"10","name":"TRT Haber","icon":"https:\/\/images.tv.kpn.com\/logo\/dtv_10000006\/256.png","description":"","channelno":"141","erotica":"0","minimal":"0","replay":"0","regional":"0","home_only":"1"},"154":{"id":"154","assetid":"10","name":"ATV Avrupa","icon":"https:\/\/images.tv.kpn.com\/logo\/dtvchannels_470\/256.png","description":"","channelno":"142","erotica":"0","minimal":"0","replay":"0","regional":"0","home_only":"1"},"157":{"id":"157","assetid":"10","name":"Euro D","icon":"https:\/\/images.tv.kpn.com\/logo\/dtvchannels_468\/256.png","description":"","channelno":"143","erotica":"0","minimal":"0","replay":"0","regional":"0","home_only":"1"},"153":{"id":"153","assetid":"10","name":"Euro Star","icon":"https:\/\/images.tv.kpn.com\/logo\/dtvchannels_469\/256.png","description":"","channelno":"144","erotica":"0","minimal":"0","replay":"0","regional":"0","home_only":"1"},"258":{"id":"258","assetid":"10","name":"Show Turk","icon":"https:\/\/images.tv.kpn.com\/logo\/5b913500-aa8d-4f36-9fae-61cbad66371d\/256.png","description":"","channelno":"145","erotica":"0","minimal":"0","replay":"0","regional":"0","home_only":"0"},"290":{"id":"290","assetid":"10","name":"TV8","icon":"https:\/\/images.tv.kpn.com\/logo\/dtv_10000007\/256.png","description":"","channelno":"146","erotica":"0","minimal":"0","replay":"0","regional":"0","home_only":"1"},"289":{"id":"289","assetid":"10","name":"TRT Cocuk","icon":"https:\/\/images.tv.kpn.com\/logo\/dtv_10000008\/256.png","description":"","channelno":"147","erotica":"0","minimal":"0","replay":"0","regional":"0","home_only":"1"},"288":{"id":"288","assetid":"10","name":"TRT Spor","icon":"https:\/\/images.tv.kpn.com\/logo\/dtv_10000009\/256.png","description":"","channelno":"148","erotica":"0","minimal":"0","replay":"0","regional":"0","home_only":"1"},"223":{"id":"223","assetid":"10","name":"NPO 1 GOS","icon":"https:\/\/images.tv.kpn.com\/logo\/61a893b5-dcf3-4ed6-9534-6549bf022ae4\/256.png","description":"","channelno":"191","erotica":"0","minimal":"1","replay":"0","regional":"0","home_only":"0"},"224":{"id":"224","assetid":"10","name":"NPO 2 GOS","icon":"https:\/\/images.tv.kpn.com\/logo\/0f93bf04-75ff-49de-bfb4-21b9eb41e633\/256.png","description":"","channelno":"192","erotica":"0","minimal":"1","replay":"0","regional":"0","home_only":"0"},"225":{"id":"225","assetid":"10","name":"NPO 3 GOS","icon":"https:\/\/images.tv.kpn.com\/logo\/325dd799-6a32-45b7-84d9-e4d89143fc91\/256.png","description":"","channelno":"193","erotica":"0","minimal":"1","replay":"0","regional":"0","home_only":"0"},"74":{"id":"74","assetid":"10","name":"ESPN","icon":"https:\/\/images.tv.kpn.com\/logo\/dtvchannels_101131\/256.png","description":"","channelno":"221","erotica":"0","minimal":"1","replay":"1","regional":"0","home_only":"0"},"203":{"id":"203","assetid":"10","name":"ESPN 2","icon":"https:\/\/images.tv.kpn.com\/logo\/87ba570d-8b53-4178-94f2-887921255e40\/256.png","description":"","channelno":"222","erotica":"0","minimal":"0","replay":"1","regional":"0","home_only":"0"},"76":{"id":"76","assetid":"10","name":"ESPN 3","icon":"https:\/\/images.tv.kpn.com\/logo\/dtvchannels_101151\/256.png","description":"","channelno":"223","erotica":"0","minimal":"0","replay":"1","regional":"0","home_only":"0"},"77":{"id":"77","assetid":"10","name":"ESPN 4","icon":"https:\/\/images.tv.kpn.com\/logo\/dtvchannels_101152\/256.png","description":"","channelno":"224","erotica":"0","minimal":"0","replay":"1","regional":"0","home_only":"0"},"3268":{"id":"3268","assetid":"10","name":"Viaplay Xtra","icon":"https:\/\/images.tv.kpn.com\/logo\/29f07c29-15be-487a-9901-151d3c7e9d95\/256.png","description":"","channelno":"225","erotica":"0","minimal":"1","replay":"1","regional":"0","home_only":"0"},"143":{"id":"143","assetid":"10","name":"Ziggo Sport Select","icon":"https:\/\/images.tv.kpn.com\/logo\/7855a8b4-dc6f-4140-b443-06562947af78\/256.png","description":"","channelno":"233","erotica":"0","minimal":"0","replay":"1","regional":"0","home_only":"0"},"144":{"id":"144","assetid":"10","name":"Ziggo Sport Voetbal","icon":"https:\/\/images.tv.kpn.com\/logo\/a20c8f2d-1c30-4db7-916e-970755da2911\/256.png","description":"","channelno":"234","erotica":"0","minimal":"0","replay":"1","regional":"0","home_only":"0"},"145":{"id":"145","assetid":"10","name":"Ziggo Sport Golf","icon":"https:\/\/images.tv.kpn.com\/logo\/1f87a397-5b3d-4d17-a61a-5d5565d7b032\/256.png","description":"","channelno":"235","erotica":"0","minimal":"0","replay":"1","regional":"0","home_only":"0"},"146":{"id":"146","assetid":"10","name":"Ziggo Sport Racing","icon":"https:\/\/images.tv.kpn.com\/logo\/e91d7199-3401-479e-be2b-447f61cd1ce9\/256.png","description":"","channelno":"236","erotica":"0","minimal":"0","replay":"1","regional":"0","home_only":"0"},"147":{"id":"147","assetid":"10","name":"Ziggo Sport Docu","icon":"https:\/\/images.tv.kpn.com\/logo\/f5b1b7ec-641d-4717-a4f1-6c13c33493fc\/256.png","description":"","channelno":"237","erotica":"0","minimal":"0","replay":"1","regional":"0","home_only":"0"},"148":{"id":"148","assetid":"10","name":"Ziggo Sport Tennis","icon":"https:\/\/images.tv.kpn.com\/logo\/0336673b-8cfe-4d7c-a8ea-4bf781281793\/256.png","description":"","channelno":"238","erotica":"0","minimal":"0","replay":"1","regional":"0","home_only":"0"},"206":{"id":"206","assetid":"10","name":"Film1 Premiere","icon":"https:\/\/images.tv.kpn.com\/logo\/e5f18568-6474-47d2-9b73-11446116c062\/256.png","description":"","channelno":"245","erotica":"0","minimal":"0","replay":"0","regional":"0","home_only":"0"},"207":{"id":"207","assetid":"10","name":"Film1 Action","icon":"https:\/\/images.tv.kpn.com\/logo\/bf4fa4bc-938c-44d8-b7f8-f2fe43060cf4\/256.png","description":"","channelno":"246","erotica":"0","minimal":"0","replay":"0","regional":"0","home_only":"0"},"208":{"id":"208","assetid":"10","name":"Film1 Family","icon":"https:\/\/images.tv.kpn.com\/logo\/d6d0c49a-4c61-4c12-8ccc-126dc3b23d87\/256.png","description":"","channelno":"247","erotica":"0","minimal":"0","replay":"0","regional":"0","home_only":"0"},"209":{"id":"209","assetid":"10","name":"Film1 Drama","icon":"https:\/\/images.tv.kpn.com\/logo\/cd78a1ea-84c1-4e7c-b923-5b33f8a04652\/256.png","description":"","channelno":"248","erotica":"0","minimal":"0","replay":"0","regional":"0","home_only":"0"},"59":{"id":"59","assetid":"10","name":"TV Noord","icon":"https:\/\/images.tv.kpn.com\/logo\/dtvchannels_100936\/256.png","description":"","channelno":"501","erotica":"0","minimal":"0","replay":"0","regional":"0","home_only":"0"},"60":{"id":"60","assetid":"10","name":"Omrop Frysl\u00e2n","icon":"https:\/\/images.tv.kpn.com\/logo\/dtvchannels_100935\/256.png","description":"","channelno":"502","erotica":"0","minimal":"1","replay":"0","regional":"1","home_only":"0"},"61":{"id":"61","assetid":"10","name":"RTV Drenthe","icon":"https:\/\/images.tv.kpn.com\/logo\/dtvchannels_100937\/256.png","description":"","channelno":"503","erotica":"0","minimal":"0","replay":"0","regional":"1","home_only":"0"},"62":{"id":"62","assetid":"10","name":"RTV Oost","icon":"https:\/\/images.tv.kpn.com\/logo\/dtvchannels_100938\/256.png","description":"","channelno":"504","erotica":"0","minimal":"0","replay":"0","regional":"1","home_only":"0"},"63":{"id":"63","assetid":"10","name":"Omroep Flevoland","icon":"https:\/\/images.tv.kpn.com\/logo\/dtvchannels_100940\/256.png","description":"","channelno":"505","erotica":"0","minimal":"0","replay":"0","regional":"1","home_only":"0"},"64":{"id":"64","assetid":"10","name":"TV Gelderland","icon":"https:\/\/images.tv.kpn.com\/logo\/dtvchannels_100939\/256.png","description":"","channelno":"506","erotica":"0","minimal":"1","replay":"0","regional":"1","home_only":"0"},"65":{"id":"65","assetid":"10","name":"Omroep Brabant","icon":"https:\/\/images.tv.kpn.com\/logo\/dtvchannels_100941\/256.png","description":"","channelno":"507","erotica":"0","minimal":"1","replay":"0","regional":"1","home_only":"0"},"66":{"id":"66","assetid":"10","name":"L1 TV","icon":"https:\/\/images.tv.kpn.com\/logo\/dtvchannels_100946\/256.png","description":"","channelno":"508","erotica":"0","minimal":"0","replay":"0","regional":"1","home_only":"0"},"67":{"id":"67","assetid":"10","name":"NH Nieuws","icon":"https:\/\/images.tv.kpn.com\/logo\/dtvchannels_100943\/256.png","description":"","channelno":"509","erotica":"0","minimal":"1","replay":"0","regional":"1","home_only":"0"},"68":{"id":"68","assetid":"10","name":"AT5","icon":"https:\/\/images.tv.kpn.com\/logo\/dtvchannels_100932\/256.png","description":"","channelno":"510","erotica":"0","minimal":"1","replay":"0","regional":"1","home_only":"0"},"69":{"id":"69","assetid":"10","name":"RTV Utrecht","icon":"https:\/\/images.tv.kpn.com\/logo\/dtvchannels_100942\/256.png","description":"","channelno":"511","erotica":"0","minimal":"1","replay":"0","regional":"1","home_only":"0"},"70":{"id":"70","assetid":"10","name":"TV West","icon":"https:\/\/images.tv.kpn.com\/logo\/dtvchannels_100944\/256.png","description":"","channelno":"512","erotica":"0","minimal":"1","replay":"0","regional":"1","home_only":"0"},"71":{"id":"71","assetid":"10","name":"TV Rijnmond","icon":"https:\/\/images.tv.kpn.com\/logo\/dtvchannels_100945\/256.png","description":"","channelno":"513","erotica":"0","minimal":"1","replay":"0","regional":"1","home_only":"0"},"72":{"id":"72","assetid":"10","name":"Omroep Zeeland","icon":"https:\/\/images.tv.kpn.com\/logo\/dtvchannels_100947\/256.png","description":"","channelno":"514","erotica":"0","minimal":"1","replay":"0","regional":"1","home_only":"0"},"2100":{"id":"2100","assetid":"10","name":"TV538","icon":"https:\/\/images.tv.kpn.com\/logo\/dtvchannels_983\/256.png","description":"","channelno":"538","erotica":"0","minimal":"1","replay":"0","regional":"0","home_only":"0"},"2212":{"id":"2212","assetid":"10","name":"Pilot HD 4","icon":"https:\/\/images.tv.kpn.com\/logo\/39e7f1d3-4b62-4598-903e-56c1d96ffdbb\/256.png","description":"","channelno":"540","erotica":"0","minimal":"0","replay":"0","regional":"0","home_only":"0"},"2209":{"id":"2209","assetid":"10","name":"Pilot HD 1","icon":"https:\/\/images.tv.kpn.com\/logo\/ed1d6ee5-6158-4c5e-8f97-ec26befd6ab3\/256.png","description":"","channelno":"541","erotica":"0","minimal":"1","replay":"1","regional":"0","home_only":"0"},"2210":{"id":"2210","assetid":"10","name":"Pilot HD+ 2","icon":"https:\/\/images.tv.kpn.com\/logo\/aa34461d-bc21-424d-bd6e-7d76b22e36d1\/256.png","description":"","channelno":"542","erotica":"0","minimal":"0","replay":"0","regional":"0","home_only":"0"},"2211":{"id":"2211","assetid":"10","name":"Pilot HD+ 3","icon":"https:\/\/images.tv.kpn.com\/logo\/3e026487-b306-4b2f-8e30-86494854dd24\/256.png","description":"","channelno":"543","erotica":"0","minimal":"1","replay":"1","regional":"0","home_only":"0"},"2213":{"id":"2213","assetid":"10","name":"Pilot SD 5","icon":"https:\/\/images.tv.kpn.com\/logo\/3a295cbd-3bd4-4802-9b56-5adb43945667\/256.png","description":"","channelno":"545","erotica":"0","minimal":"1","replay":"1","regional":"0","home_only":"0"},"2214":{"id":"2214","assetid":"10","name":"Pilot SD 6","icon":"https:\/\/images.tv.kpn.com\/logo\/2923301f-4a10-4691-83df-e24725d57890\/256.png","description":"","channelno":"546","erotica":"0","minimal":"0","replay":"0","regional":"0","home_only":"0"},"2215":{"id":"2215","assetid":"10","name":"Pilot SD 7","icon":"https:\/\/images.tv.kpn.com\/logo\/9116d932-e8c8-481e-848e-5021b5d01614\/256.png","description":"","channelno":"547","erotica":"0","minimal":"1","replay":"1","regional":"0","home_only":"0"},"2105":{"id":"2105","assetid":"10","name":"Pilot Radio 2","icon":"https:\/\/images.tv.kpn.com\/logo\/MUS000498\/256.png","description":"","channelno":"548","erotica":"0","minimal":"1","replay":"1","regional":"0","home_only":"0"},"2111":{"id":"2111","assetid":"10","name":"Pilot Radio 1","icon":"https:\/\/images.tv.kpn.com\/logo\/MUS000499\/256.png","description":"","channelno":"549","erotica":"0","minimal":"1","replay":"1","regional":"0","home_only":"0"},"2734":{"id":"2734","assetid":"10","name":"Men TV","icon":"https:\/\/images.tv.kpn.com\/logo\/07fbadf2-1b24-4b78-b79b-16843d9562fd\/256.png","description":"","channelno":"630","erotica":"1","minimal":"0","replay":"0","regional":"0","home_only":"0"},"2735":{"id":"2735","assetid":"10","name":"X-MO","icon":"https:\/\/images.tv.kpn.com\/logo\/08fec519-2efe-4a58-abbe-1a902aef2dae\/256.png","description":"","channelno":"631","erotica":"1","minimal":"0","replay":"0","regional":"0","home_only":"0"},"199":{"id":"199","assetid":"10","name":"Erotique Boutique","icon":"https:\/\/images.tv.kpn.com\/logo\/3a0c68c8-40c2-4413-b9ce-128b0fa4a4ff\/256.png","description":"","channelno":"651","erotica":"1","minimal":"0","replay":"0","regional":"0","home_only":"0"},"2789":{"id":"2789","assetid":"10","name":"Pure Babes","icon":"https:\/\/images.tv.kpn.com\/logo\/4e332f76-b3fb-4c55-9c82-cb4cf0761511\/256.png","description":"","channelno":"652","erotica":"1","minimal":"0","replay":"0","regional":"0","home_only":"0"},"2794":{"id":"2794","assetid":"10","name":"True Amateurs","icon":"https:\/\/images.tv.kpn.com\/logo\/8037d47b-9ac8-4fa9-8458-f391eaccdf2b\/256.png","description":"","channelno":"653","erotica":"1","minimal":"0","replay":"0","regional":"0","home_only":"0"},"283":{"id":"283","assetid":"10","name":"Babes TV","icon":"https:\/\/images.tv.kpn.com\/logo\/dtv_10000010\/256.png","description":"","channelno":"654","erotica":"1","minimal":"0","replay":"0","regional":"0","home_only":"0"},"2790":{"id":"2790","assetid":"10","name":"Desire","icon":"https:\/\/images.tv.kpn.com\/logo\/ee5817bf-9dc5-4885-8ec3-c250f55daeb6\/256.png","description":"","channelno":"655","erotica":"1","minimal":"0","replay":"0","regional":"0","home_only":"0"},"142":{"id":"142","assetid":"10","name":"Meiden van Holland Hard","icon":"https:\/\/images.tv.kpn.com\/logo\/dtvchannels_649\/256.png","description":"","channelno":"656","erotica":"1","minimal":"0","replay":"0","regional":"0","home_only":"0"},"2795":{"id":"2795","assetid":"10","name":"Bang U","icon":"https:\/\/images.tv.kpn.com\/logo\/8906bc29-8363-44e7-b252-16eb6e228b74\/256.png","description":"","channelno":"657","erotica":"1","minimal":"0","replay":"0","regional":"0","home_only":"0"},"141":{"id":"141","assetid":"10","name":"Brazzers","icon":"https:\/\/images.tv.kpn.com\/logo\/dtvchannels_21\/256.png","description":"","channelno":"658","erotica":"1","minimal":"0","replay":"0","regional":"0","home_only":"0"},"2791":{"id":"2791","assetid":"10","name":"Reality Kings TV","icon":"https:\/\/images.tv.kpn.com\/logo\/7d8d5892-224c-44bf-a4c7-e2f09cf71a35\/256.png","description":"","channelno":"659","erotica":"1","minimal":"0","replay":"0","regional":"0","home_only":"0"},"2475":{"id":"2475","assetid":"10","name":"TDO Live","icon":"https:\/\/images.tv.kpn.com\/logo\/50390194-20cb-4107-b925-d05afe6e3a67\/256.png","description":"","channelno":"2020","erotica":"0","minimal":"0","replay":"0","regional":"0","home_only":"0"},"2476":{"id":"2476","assetid":"10","name":"TDO Live English","icon":"https:\/\/images.tv.kpn.com\/logo\/af64afdb-56af-4b12-8ea9-cb3bde72d548\/256.png","description":"","channelno":"2021","erotica":"0","minimal":"0","replay":"0","regional":"0","home_only":"0"},"3047":{"id":"3047","assetid":"10","name":"PPV Test","icon":"https:\/\/images.tv.kpn.com\/logo\/3047\/256.png","description":"","channelno":"5001","erotica":"0","minimal":"0","replay":"0","regional":"0","home_only":"0"},"3541":{"id":"3541","assetid":"10","name":"PPN Test","icon":"https:\/\/images.tv.kpn.com\/logo\/3541\/256.png","description":"","channelno":"5002","erotica":"0","minimal":"1","replay":"1","regional":"0","home_only":"0"},"180":{"id":"180","assetid":"10","name":"Dusk!","icon":"https:\/\/images.tv.kpn.com\/logo\/300ec348-93e1-4683-b88f-b84264201faf\/256.png","description":"","channelno":"8068","erotica":"1","minimal":"0","replay":"0","regional":"0","home_only":"0"},"181":{"id":"181","assetid":"10","name":"PassieXXX","icon":"https:\/\/images.tv.kpn.com\/logo\/c1d4c0af-a1f8-4d83-82d3-3f0de7965ae2\/256.png","description":"","channelno":"8069","erotica":"1","minimal":"0","replay":"0","regional":"0","home_only":"0"}}