<programme channel="141429799" start="20221118170100 +0000" stop="20221118175700 +0000" catchup-id="1295036033"><title>LA RULETA DE LA SUERTE</title><date></date><icon src=""></icon><desc></desc><category></category></programme><programme channel="141429799" start="20221118175700 +0000" stop="20221118190300 +0000" catchup-id="1295036039"><title>Y AHORA SONSOLES</title><date></date><icon src=""></icon><desc></desc><category></category></programme><programme channel="141429799" start="20221118190300 +0000" stop="20221118200700 +0000" catchup-id="1295036045"><title>PASAPALABRA</title><date></date><icon src="https://t-mobiletv.nl:443/CPS/images/universal/film/program/202211/20221111/84/20221111090059730r91.jpg"></icon><desc></desc><category></category></programme><programme channel="141429799" start="20221118200700 +0000" stop="20221118204000 +0000" catchup-id="1295036051"><title>NOTICIAS</title><date></date><icon src="https://t-mobiletv.nl:443/CPS/images/universal/film/program/202211/20221111/29/202211110900597307fe.jpg"></icon><desc></desc><category></category></programme><programme channel="141429799" start="20221118204000 +0000" stop="20221118204200 +0000" catchup-id="1295036057"><title>DEPORTES</title><date></date><icon src="https://t-mobiletv.nl:443/CPS/images/universal/film/program/202211/20221111/31/202211110900597308cg.jpg"></icon><desc></desc><category></category></programme><programme channel="141429799" start="20221118204200 +0000" stop="20221118204400 +0000" catchup-id="1295036063"><title>EL TIEMPO</title><date></date><icon src="https://t-mobiletv.nl:443/CPS/images/universal/film/program/202211/20221111/90/202211110900597307cb.jpg"></icon><desc></desc><category></category></programme><programme channel="141429799" start="20221118204400 +0000" stop="20221118210300 +0000" catchup-id="1295036069"><title>TOP TRENDING TOPIC</title><date></date><icon src=""></icon><desc></desc><category></category></programme><programme channel="141429799" start="20221118210300 +0000" stop="20221118215200 +0000" catchup-id="1295036075"><title>EL HORMIGUERO</title><date></date><icon src="https://t-mobiletv.nl:443/CPS/images/universal/film/program/202211/20221111/63/20221111090059730k6h.jpg"></icon><desc></desc><category></category></programme><programme channel="141429799" start="20221118215200 +0000" stop="20221119010000 +0000" catchup-id="1295036081"><title>LA VOZ (Siguen LOS ASALTOS)</title><date></date><icon src=""></icon><desc></desc><category></category></programme><programme channel="141429799" start="20221119010000 +0000" stop="20221119015500 +0000" catchup-id="1295473049"><title>EL CHIRINGUITO DE JUGONES INTERNACIONAL</title><date></date><icon src=""></icon><desc></desc><category></category></programme><programme channel="141429799" start="20221119015500 +0000" stop="20221119043000 +0000" catchup-id="1295473055"><title>POP UP AQUÍ NO HAY QUIÉN VIVA</title><date></date><icon src=""></icon><desc></desc><category></category></programme><programme channel="141429799" start="20221119043000 +0000" stop="20221119045800 +0000" catchup-id="1298587227"><title>Geen programma-informatie beschikbaar</title><date></date><icon src=""></icon><desc></desc><category></category></programme><programme channel="141429799" start="20221119045800 +0000" stop="20221119090600 +0000" catchup-id="1295473131"><title>Pop Up Aquí No Hay Quien Viva</title><date></date><icon src=""></icon><desc></desc><category></category></programme><programme channel="141429799" start="20221119090600 +0000" stop="20221119092000 +0000" catchup-id="1295473137"><title>Crea Lectura</title><date></date><icon src=""></icon><desc></desc><category></category></programme><programme channel="141429799" start="20221119092000 +0000" stop="20221119095100 +0000" catchup-id="1295473143"><title>Qué Me Pasa Doctor</title><date></date><icon src=""></icon><desc></desc><category></category></programme><programme channel="141429799" start="20221119095100 +0000" stop="20221119101300 +0000" catchup-id="1295473149"><title>Cocina Abierta Con Karlos Arguiñano</title><date></date><icon src=""></icon><desc></desc><category></category></programme><programme channel="141429799" start="20221119101300 +0000" stop="20221119105800 +0000" catchup-id="1295473155"><title>Hoteles Con Encanto</title><date></date><icon src=""></icon><desc></desc><category></category></programme><programme channel="141429799" start="20221119105800 +0000" stop="20221119121400 +0000" catchup-id="1295473161"><title>Zapeando</title><date></date><icon src=""></icon><desc></desc><category></category></programme><programme channel="141429799" start="20221119121400 +0000" stop="20221119130400 +0000" catchup-id="1295473167"><title>Hoy Cocinas Tú</title><date></date><icon src=""></icon><desc></desc><category></category></programme><programme channel="141429799" start="20221119130400 +0000" stop="20221119135900 +0000" catchup-id="1295473173"><title>El Hormiguero (r)</title><date></date><icon src=""></icon><desc></desc><category></category></programme><programme channel="141429799" start="20221119135900 +0000" stop="20221119143900 +0000" catchup-id="1295473179"><title>Noticias Fin De Semana</title><date></date><icon src="https://t-mobiletv.nl:443/CPS/images/universal/film/program/202211/20221112/79/20221112090049749zv7.jpg"></icon><desc></desc><category></category></programme><programme channel="141429799" start="20221119143900 +0000" stop="20221119144200 +0000" catchup-id="1295473185"><title>Deportes</title><date></date><icon src="https://t-mobiletv.nl:443/CPS/images/universal/film/program/202211/20221112/74/20221112090049749gon.jpg"></icon><desc></desc><category></category></programme><programme channel="141429799" start="20221119144200 +0000" stop="20221119144500 +0000" catchup-id="1295473191"><title>El Tiempo</title><date></date><icon src="https://t-mobiletv.nl:443/CPS/images/universal/film/program/202211/20221112/96/202211120900497498kd.jpg"></icon><desc></desc><category></category></programme><programme channel="141429799" start="20221119144500 +0000" stop="20221119173600 +0000" catchup-id="1295473197"><title>La Voz</title><date></date><icon src="https://t-mobiletv.nl:443/CPS/images/universal/film/program/202211/20221112/3/20221112090049749q5d.jpg"></icon><desc></desc><category></category></programme><programme channel="141429799" start="20221119173600 +0000" stop="20221119191500 +0000" catchup-id="1295473203"><title>El Club De La Comedia</title><date></date><icon src=""></icon><desc></desc><category></category></programme><programme channel="141429799" start="20221119191500 +0000" stop="20221119195900 +0000" catchup-id="1295473209"><title>Show Business</title><date></date><icon src=""></icon><desc></desc><category></category></programme><programme channel="141429799" start="20221119195900 +0000" stop="20221119204300 +0000" catchup-id="1295473215"><title>Noticias Fin De Semana</title><date></date><icon src="https://t-mobiletv.nl:443/CPS/images/universal/film/program/202211/20221112/13/20221112090049749vjd.jpg"></icon><desc></desc><category></category></programme><programme channel="141429799" start="20221119204300 +0000" stop="20221119204500 +0000" catchup-id="1295473221"><title>Deportes</title><date></date><icon src="https://t-mobiletv.nl:443/CPS/images/universal/film/program/202211/20221112/73/20221112090049749351.jpg"></icon><desc></desc><category></category></programme><programme channel="141429799" start="20221119204500 +0000" stop="20221119204800 +0000" catchup-id="1295473227"><title>El Tiempo</title><date></date><icon src="https://t-mobiletv.nl:443/CPS/images/universal/film/program/202211/20221112/25/20221112090049749q18.jpg"></icon><desc></desc><category></category></programme><programme channel="141429799" start="20221119204800 +0000" stop="20221119210000 +0000" catchup-id="1295473233"><title>Top Trending Topic</title><date></date><icon src=""></icon><desc></desc><category></category></programme><programme channel="141429799" start="20221119210000 +0000" stop="20221119214800 +0000" catchup-id="1295473239"><title>Divididos</title><date></date><icon src=""></icon><desc></desc><category></category></programme><programme channel="141429799" start="20221119214800 +0000" stop="20221119223600 +0000" catchup-id="1295473245"><title>Equipo De Investigación</title><date></date><icon src=""></icon><desc></desc><category></category></programme><programme channel="141429799" start="20221119223600 +0000" stop="20221119230000 +0000" catchup-id="1298587233"><title>Geen programma-informatie beschikbaar</title><date></date><icon src=""></icon><desc></desc><category></category></programme><programme channel="141429799" start="20221119230000 +0000" stop="20221120042700 +0000" catchup-id="1298587239"><title>Geen programma-informatie beschikbaar</title><date></date><icon src=""></icon><desc></desc><category></category></programme><programme channel="141429799" start="20221120042700 +0000" stop="20221120082000 +0000" catchup-id="1295910702"><title>POP UP AQUÍ NO HAY QUIÉN VIVA</title><date></date><icon src=""></icon><desc></desc><category></category></programme><programme channel="141429799" start="20221120082000 +0000" stop="20221120090300 +0000" catchup-id="1298156556"><title>SHOW BUSINESS</title><date></date><icon src=""></icon><desc></desc><category></category></programme><programme channel="141429799" start="20221120090300 +0000" stop="20221120093200 +0000" catchup-id="1298156562"><title>QUÉ ME PASA DOCTOR</title><date></date><icon src=""></icon><desc></desc><category></category></programme><programme channel="141429799" start="20221120093200 +0000" stop="20221120095400 +0000" catchup-id="1298156568"><title>COCINA ABIERTA CON KARLOS ARGUIÑANO</title><date></date><icon src=""></icon><desc></desc><category></category></programme><programme channel="141429799" start="20221120095400 +0000" stop="20221120110900 +0000" catchup-id="1298156574"><title>EL NOVATO</title><date></date><icon src=""></icon><desc></desc><category></category></programme><programme channel="141429799" start="20221120110900 +0000" stop="20221120122200 +0000" catchup-id="1298156580"><title>ZAPEANDO</title><date></date><icon src=""></icon><desc></desc><category></category></programme><programme channel="141429799" start="20221120122200 +0000" stop="20221120130200 +0000" catchup-id="1298156778"><title>CENTÍMETROS CÚBICOS</title><date></date><icon src=""></icon><desc></desc><category></category></programme><programme channel="141429799" start="20221120130200 +0000" stop="20221120140000 +0000" catchup-id="1298156784"><title>EL HORMIGUERO (R)</title><date></date><icon src=""></icon><desc></desc><category></category></programme><programme channel="141429799" start="20221120140000 +0000" stop="20221120143000 +0000" catchup-id="1298156790"><title>NOTICIAS FIN DE SEMANA</title><date></date><icon src="https://t-mobiletv.nl:443/CPS/images/universal/film/program/202211/20221118/46/20221118210055520hwv.jpg"></icon><desc></desc><category></category></programme><programme channel="141429799" start="20221120143000 +0000" stop="20221120144100 +0000" catchup-id="1298156796"><title>DEPORTES</title><date></date><icon src="https://t-mobiletv.nl:443/CPS/images/universal/film/program/202211/20221118/77/20221118210055520vxs.jpg"></icon><desc></desc><category></category></programme><programme channel="141429799" start="20221120144100 +0000" stop="20221120144400 +0000" catchup-id="1298156802"><title>EL TIEMPO</title><date></date><icon src="https://t-mobiletv.nl:443/CPS/images/universal/film/program/202211/20221118/11/20221118210055521oev.jpg"></icon><desc></desc><category></category></programme><programme channel="141429799" start="20221120144400 +0000" stop="20221120145400 +0000" catchup-id="1298156808"><title>TOP TRENDING TOPIC</title><date></date><icon src=""></icon><desc></desc><category></category></programme><programme channel="141429799" start="20221120145400 +0000" stop="20221120155000 +0000" catchup-id="1298156814"><title>SALVADOS</title><date></date><icon src=""></icon><desc></desc><category></category></programme><programme channel="141429799" start="20221120155000 +0000" stop="20221120172300 +0000" catchup-id="1298156820"><title>LOS HOMBRES DE PACO</title><date></date><icon src=""></icon><desc></desc><category></category></programme><programme channel="141429799" start="20221120172300 +0000" stop="20221120183500 +0000" catchup-id="1298156826"><title>EL CLUB DE LA COMEDIA</title><date></date><icon src=""></icon><desc></desc><category></category></programme><programme channel="141429799" start="20221120183500 +0000" stop="20221120185000 +0000" catchup-id="1298156832"><title>NOTICIAS FIN DE SEMANA</title><date></date><icon src="https://t-mobiletv.nl:443/CPS/images/universal/film/program/202211/20221118/87/20221118210055521f29.jpg"></icon><desc></desc><category></category></programme><programme channel="141429799" start="20221120185000 +0000" stop="20221120202600 +0000" catchup-id="1298156838"><title>DEPORTES</title><date></date><icon src="https://t-mobiletv.nl:443/CPS/images/universal/film/program/202211/20221118/74/20221118210055521f25.jpg"></icon><desc></desc><category></category></programme><programme channel="141429799" start="20221120202600 +0000" stop="20221120204800 +0000" catchup-id="1298156844"><title>EL TIEMPO</title><date></date><icon src="https://t-mobiletv.nl:443/CPS/images/universal/film/program/202211/20221118/61/20221118210055521i2m.jpg"></icon><desc></desc><category></category></programme><programme channel="141429799" start="20221120204800 +0000" stop="20221120224800 +0000" catchup-id="1298156850"><title>ATRESCINE: LUCÍA Y EL SEXO</title><date></date><icon src=""></icon><desc></desc><category></category></programme><programme channel="141429799" start="20221120224800 +0000" stop="20221121020000 +0000" catchup-id="1295910816"><title>POP UP AQUÍ NO HAY QUIÉN VIVA</title><date></date><icon src=""></icon><desc></desc><category></category></programme><programme channel="141429799" start="20221121020000 +0000" stop="20221121050000 +0000" catchup-id="1299327729"><title>Geen programma-informatie beschikbaar</title><date></date><icon src=""></icon><desc></desc><category></category></programme><programme channel="141429799" start="20221121050000 +0000" stop="20221121051000 +0000" catchup-id="1299327735"><title>EL CHIRINGUITO DE JUGONES INTERNACIONAL</title><date></date><icon src=""></icon><desc></desc><category></category></programme><programme channel="141429799" start="20221121051000 +0000" stop="20221121062500 +0000" catchup-id="1299327741"><title>NOTICIAS DE LA MAÑANA</title><date></date><icon src=""></icon><desc></desc><category></category></programme><programme channel="141429799" start="20221121062500 +0000" stop="20221121123200 +0000" catchup-id="1299327747"><title>ESPEJO PÚBLICO</title><date></date><icon src=""></icon><desc></desc><category></category></programme><programme channel="141429799" start="20221121123200 +0000" stop="20221121130200 +0000" catchup-id="1299327753"><title>HOY COCINAS TÚ</title><date></date><icon src=""></icon><desc></desc><category></category></programme><programme channel="141429799" start="20221121130200 +0000" stop="20221121132700 +0000" catchup-id="1299327759"><title>COCINA ABIERTA DE KARLOS ARGUIÑANO</title><date></date><icon src=""></icon><desc></desc><category></category></programme><programme channel="141429799" start="20221121132700 +0000" stop="20221121140000 +0000" catchup-id="1299327765"><title>TOP TRENDING TOPIC</title><date></date><icon src=""></icon><desc></desc><category></category></programme><programme channel="141429799" start="20221121140000 +0000" stop="20221121141100 +0000" catchup-id="1299327771"><title>NOTICIAS</title><date></date><icon src="https://t-mobiletv.nl:443/CPS/images/universal/film/program/202211/20221121/56/20221121210039726s4k.jpg"></icon><desc></desc><category></category></programme><programme channel="141429799" start="20221121141100 +0000" stop="20221121143000 +0000" catchup-id="1299327777"><title>AMAR ES PARA SIEMPRE</title><date></date><icon src=""></icon><desc></desc><category></category></programme><programme channel="141429799" start="20221121143000 +0000" stop="20221121144700 +0000" catchup-id="1299327783"><title>DEPORTES</title><date></date><icon src="https://t-mobiletv.nl:443/CPS/images/universal/film/program/202211/20221121/18/20221121210039726rjo.jpg"></icon><desc></desc><category></category></programme><programme channel="141429799" start="20221121144700 +0000" stop="20221121170000 +0000" catchup-id="1299328685"><title>ZAPEANDO</title><date></date><icon src=""></icon><desc></desc><category></category></programme><programme channel="141429799" start="20221121170000 +0000" stop="20221121175700 +0000" catchup-id="1299328691"><title>LA RULETA DE LA SUERTE</title><date></date><icon src=""></icon><desc></desc><category></category></programme><programme channel="141429799" start="20221121175700 +0000" stop="20221121191500 +0000" catchup-id="1299328697"><title>Y AHORA SONSOLES</title><date></date><icon src=""></icon><desc></desc><category></category></programme><programme channel="141429799" start="20221121191500 +0000" stop="20221121200000 +0000" catchup-id="1299328703"><title>PASAPALABRA</title><date></date><icon src="https://t-mobiletv.nl:443/CPS/images/universal/film/program/202211/20221121/46/20221121210039726qwd.jpg"></icon><desc></desc><category></category></programme><programme channel="141429799" start="20221121200000 +0000" stop="20221121201700 +0000" catchup-id="1299328709"><title>NOTICIAS</title><date></date><icon src="https://t-mobiletv.nl:443/CPS/images/universal/film/program/202211/20221121/47/20221121210039726r3e.jpg"></icon><desc></desc><category></category></programme><programme channel="141429799" start="20221121201700 +0000" stop="20221121202700 +0000" catchup-id="1299328715"><title>DEPORTES</title><date></date><icon src="https://t-mobiletv.nl:443/CPS/images/universal/film/program/202211/20221121/54/20221121210039726etu.jpg"></icon><desc></desc><category></category></programme><programme channel="141429799" start="20221121202700 +0000" stop="20221121203700 +0000" catchup-id="1299328721"><title>EL TIEMPO</title><date></date><icon src="https://t-mobiletv.nl:443/CPS/images/universal/film/program/202211/20221121/14/20221121210039727m2e.jpg"></icon><desc></desc><category></category></programme><programme channel="141429799" start="20221121203700 +0000" stop="20221121204500 +0000" catchup-id="1299328727"><title>TOP TRENDING TOPIC</title><date></date><icon src=""></icon><desc></desc><category></category></programme><programme channel="141429799" start="20221121204500 +0000" stop="20221121220000 +0000" catchup-id="1299328733"><title>EL HORMIGUERO</title><date></date><icon src="https://t-mobiletv.nl:443/CPS/images/universal/film/program/202211/20221121/5/20221121210039727snk.jpg"></icon><desc></desc><category></category></programme><programme channel="141429799" start="20221121220000 +0000" stop="20221121225500 +0000" catchup-id="1299328739"><title>SALVADOS</title><date></date><icon src=""></icon><desc></desc><category></category></programme><programme channel="141429799" start="20221121225500 +0000" stop="20221121235000 +0000" catchup-id="1299328745"><title>EL CHIRINGUITO DE JUGONES INTERNACIONAL</title><date></date><icon src=""></icon><desc></desc><category></category></programme><programme channel="141429799" start="20221121235000 +0000" stop="20221122025600 +0000" catchup-id="1296709028"><title>POP UP AQUÍ NO HAY QUIÉN VIVA</title><date></date><icon src=""></icon><desc></desc><category></category></programme><programme channel="141429799" start="20221122025600 +0000" stop="20221122052700 +0000" catchup-id="1299772070"><title>Geen programma-informatie beschikbaar</title><date></date><icon src=""></icon><desc></desc><category></category></programme><programme channel="141429799" start="20221122052700 +0000" stop="20221122055400 +0000" catchup-id="1299328757"><title>COCINA ABIERTA DE KARLOS ARGUIÑANO</title><date></date><icon src=""></icon><desc></desc><category></category></programme><programme channel="141429799" start="20221122055400 +0000" stop="20221122065900 +0000" catchup-id="1299328763"><title>EL CHIRINGUITO</title><date></date><icon src=""></icon><desc></desc><category></category></programme><programme channel="141429799" start="20221122065900 +0000" stop="20221122074200 +0000" catchup-id="1299328769"><title>NOTICIAS</title><date></date><icon src="https://t-mobiletv.nl:443/CPS/images/universal/film/program/202211/20221121/91/202211212100397276u6.jpg"></icon><desc></desc><category></category></programme><programme channel="141429799" start="20221122074200 +0000" stop="20221122074600 +0000" catchup-id="1299328775"><title>DEPORTES</title><date></date><icon src="https://t-mobiletv.nl:443/CPS/images/universal/film/program/202211/20221121/10/20221121210039727hl9.jpg"></icon><desc></desc><category></category></programme><programme channel="141429799" start="20221122074600 +0000" stop="20221122110800 +0000" catchup-id="1296709052"><title>ESPEJO PÚBLICO</title><date></date><icon src=""></icon><desc></desc><category></category></programme><programme channel="141429799" start="20221122110800 +0000" stop="20221122113100 +0000" catchup-id="1299328781"><title>TU TIEMPO CON ROBERTO BRASERO</title><date></date><icon src=""></icon><desc></desc><category></category></programme><programme channel="141429799" start="20221122113100 +0000" stop="20221122120000 +0000" catchup-id="1299328787"><title>COCINA ABIERTA DE KARLOS ARGUIÑANO</title><date></date><icon src=""></icon><desc></desc><category></category></programme><programme channel="141429799" start="20221122120000 +0000" stop="20221122130300 +0000" catchup-id="1299328793"><title>PASAPALABRA</title><date></date><icon src="https://t-mobiletv.nl:443/CPS/images/universal/film/program/202211/20221121/72/20221121210039727pf6.jpg"></icon><desc></desc><category></category></programme><programme channel="141429799" start="20221122130300 +0000" stop="20221122133600 +0000" catchup-id="1296709076"><title>NOTICIAS</title><date></date><icon src="https://t-mobiletv.nl:443/CPS/images/universal/film/program/202211/20221115/24/20221115090129708mh8.jpg"></icon><desc></desc><category></category></programme><programme channel="141429799" start="20221122133600 +0000" stop="20221122133900 +0000" catchup-id="1299328799"><title>DEPORTES</title><date></date><icon src="https://t-mobiletv.nl:443/CPS/images/universal/film/program/202211/20221121/4/202211212100397274bx.jpg"></icon><desc></desc><category></category></programme><programme channel="141429799" start="20221122133900 +0000" stop="20221122134100 +0000" catchup-id="1299328805"><title>EL TIEMPO</title><date></date><icon src="https://t-mobiletv.nl:443/CPS/images/universal/film/program/202211/20221121/88/20221121210039727hlm.jpg"></icon><desc></desc><category></category></programme><programme channel="141429799" start="20221122134100 +0000" stop="20221122150000 +0000" catchup-id="1299328811"><title>Y AHORA SONSOLES</title><date></date><icon src=""></icon><desc></desc><category></category></programme><programme channel="141429799" start="20221122150000 +0000" stop="20221122151800 +0000" catchup-id="1299328817"><title>TOP TRENDING TELE</title><date></date><icon src=""></icon><desc></desc><category></category></programme><programme channel="141429799" start="20221122151800 +0000" stop="20221122163100 +0000" catchup-id="1296709094"><title>AMAR ES PARA SIEMPRE</title><date></date><icon src=""></icon><desc></desc><category></category></programme><programme channel="141429799" start="20221122163100 +0000" stop="20221122173600 +0000" catchup-id="1296709100"><title>LA RULETA DE LA SUERTE</title><date></date><icon src=""></icon><desc></desc><category></category></programme><programme channel="141429799" start="20221122173600 +0000" stop="20221122183200 +0000" catchup-id="1296709112"><title>PASAPALABRA</title><date></date><icon src="https://t-mobiletv.nl:443/CPS/images/universal/film/program/202211/20221115/60/20221115090129708zl3.jpg"></icon><desc></desc><category></category></programme><programme channel="141429799" start="20221122183200 +0000" stop="20221122193100 +0000" catchup-id="1299328823"><title>EL HORMIGUERO</title><date></date><icon src="https://t-mobiletv.nl:443/CPS/images/universal/film/program/202211/20221121/84/20221121210039727qek.jpg"></icon><desc></desc><category></category></programme><programme channel="141429799" start="20221122193100 +0000" stop="20221122203100 +0000" catchup-id="1299328829"><title>EQUIPO DE INVESTIGACIÓN</title><date></date><icon src=""></icon><desc></desc><category></category></programme><programme channel="141429799" start="20221122203100 +0000" stop="20221122220000 +0000" catchup-id="1296709148"><title>EQUIPO DE INVESTIGACIÓN</title><date></date><icon src=""></icon><desc></desc><category></category></programme><programme channel="141429799" start="20221122220000 +0000" stop="20221122230900 +0000" catchup-id="1299328835"><title>EL CHIRINGUITO</title><date></date><icon src=""></icon><desc></desc><category></category></programme><programme channel="141429799" start="20221122230900 +0000" stop="20221123004200 +0000" catchup-id="1299328841"><title>ZAPEANDO</title><date></date><icon src=""></icon><desc></desc><category></category></programme><programme channel="141429799" start="20221123004200 +0000" stop="20221123005500 +0000" catchup-id="1299328847"><title>NOTICIAS DE LA MAÑANA</title><date></date><icon src=""></icon><desc></desc><category></category></programme><programme channel="141429799" start="20221123005500 +0000" stop="20221123050000 +0000" catchup-id="1300173291"><title>Geen programma-informatie beschikbaar</title><date></date><icon src=""></icon><desc></desc><category></category></programme><programme channel="141429799" start="20221123050000 +0000" stop="20221123055500 +0000" catchup-id="1297137188"><title>EL CHIRINGUITO DE JUGONES INTERNACIONAL</title><date></date><icon src=""></icon><desc></desc><category></category></programme><programme channel="141429799" start="20221123055500 +0000" stop="20221123075500 +0000" catchup-id="1297137386"><title>NOTICIAS DE LA MAÑANA</title><date></date><icon src=""></icon><desc></desc><category></category></programme><programme channel="141429799" start="20221123075500 +0000" stop="20221123122500 +0000" catchup-id="1297137392"><title>ESPEJO PÚBLICO</title><date></date><icon src=""></icon><desc></desc><category></category></programme><programme channel="141429799" start="20221123122500 +0000" stop="20221123131400 +0000" catchup-id="1297137398"><title>HOY COCINAS TÚ</title><date></date><icon src=""></icon><desc></desc><category></category></programme><programme channel="141429799" start="20221123131400 +0000" stop="20221123133700 +0000" catchup-id="1297137404"><title>COCINA ABIERTA DE KARLOS ARGUIÑANO</title><date></date><icon src=""></icon><desc></desc><category></category></programme><programme channel="141429799" start="20221123133700 +0000" stop="20221123135900 +0000" catchup-id="1297137410"><title>TOP TRENDING TOPIC</title><date></date><icon src=""></icon><desc></desc><category></category></programme><programme channel="141429799" start="20221123135900 +0000" stop="20221123144300 +0000" catchup-id="1297137416"><title>NOTICIAS</title><date></date><icon src="https://t-mobiletv.nl:443/CPS/images/universal/film/program/202211/20221116/68/20221116090135515a4f.jpg"></icon><desc></desc><category></category></programme><programme channel="141429799" start="20221123144300 +0000" stop="20221123144500 +0000" catchup-id="1297137422"><title>DEPORTES</title><date></date><icon src="https://t-mobiletv.nl:443/CPS/images/universal/film/program/202211/20221116/31/2022111609013551515s.jpg"></icon><desc></desc><category></category></programme><programme channel="141429799" start="20221123144500 +0000" stop="20221123160000 +0000" catchup-id="1297137428"><title>ZAPEANDO</title><date></date><icon src=""></icon><desc></desc><category></category></programme><programme channel="141429799" start="20221123160000 +0000" stop="20221123170000 +0000" catchup-id="1297137434"><title>AMAR ES PARA SIEMPRE</title><date></date><icon src=""></icon><desc></desc><category></category></programme><programme channel="141429799" start="20221123170000 +0000" stop="20221123175700 +0000" catchup-id="1297137440"><title>LA RULETA DE LA SUERTE</title><date></date><icon src=""></icon><desc></desc><category></category></programme><programme channel="141429799" start="20221123175700 +0000" stop="20221123190200 +0000" catchup-id="1297137446"><title>Y AHORA SONSOLES</title><date></date><icon src=""></icon><desc></desc><category></category></programme><programme channel="141429799" start="20221123190200 +0000" stop="20221123200800 +0000" catchup-id="1297137452"><title>PASAPALABRA</title><date></date><icon src="https://t-mobiletv.nl:443/CPS/images/universal/film/program/202211/20221116/74/20221116090135515rpg.jpg"></icon><desc></desc><category></category></programme><programme channel="141429799" start="20221123200800 +0000" stop="20221123204000 +0000" catchup-id="1297137458"><title>NOTICIAS</title><date></date><icon src="https://t-mobiletv.nl:443/CPS/images/universal/film/program/202211/20221116/57/2022111609013551566d.jpg"></icon><desc></desc><category></category></programme><programme channel="141429799" start="20221123204000 +0000" stop="20221123204200 +0000" catchup-id="1299772402"><title>DEPORTES</title><date></date><icon src="https://t-mobiletv.nl:443/CPS/images/universal/film/program/202211/20221122/90/20221122210139728m9r.jpg"></icon><desc></desc><category></category></programme><programme channel="141429799" start="20221123204200 +0000" stop="20221123204400 +0000" catchup-id="1297137470"><title>EL TIEMPO</title><date></date><icon src="https://t-mobiletv.nl:443/CPS/images/universal/film/program/202211/20221116/31/20221116090135515z1l.jpg"></icon><desc></desc><category></category></programme><programme channel="141429799" start="20221123204400 +0000" stop="20221123205500 +0000" catchup-id="1297137476"><title>TOP TRENDING TOPIC</title><date></date><icon src=""></icon><desc></desc><category></category></programme><programme channel="141429799" start="20221123205500 +0000" stop="20221123215000 +0000" catchup-id="1297137482"><title>EL HORMIGUERO</title><date></date><icon src="https://t-mobiletv.nl:443/CPS/images/universal/film/program/202211/20221116/46/20221116090135515y68.jpg"></icon><desc></desc><category></category></programme><programme channel="141429799" start="20221123215000 +0000" stop="20221123230000 +0000" catchup-id="1297137488"><title>EL NOVATO</title><date></date><icon src=""></icon><desc></desc><category></category></programme><programme channel="141429799" start="20221123230000 +0000" stop="20221123235500 +0000" catchup-id="1297558174"><title>EL CHIRINGUITO DE JUGONES INTERNACIONAL</title><date></date><icon src=""></icon><desc></desc><category></category></programme><programme channel="141429799" start="20221123235500 +0000" stop="20221124041200 +0000" catchup-id="1297558180"><title>POP UP AQUÍ NO HAY QUIÉN VIVA</title><date></date><icon src=""></icon><desc></desc><category></category></programme><programme channel="141429799" start="20221124041200 +0000" stop="20221124044800 +0000" catchup-id="1300607694"><title>Geen programma-informatie beschikbaar</title><date></date><icon src=""></icon><desc></desc><category></category></programme><programme channel="141429799" start="20221124044800 +0000" stop="20221124050000 +0000" catchup-id="1299328865"><title>MÁS DE SERIES</title><date></date><icon src=""></icon><desc></desc><category></category></programme><programme channel="141429799" start="20221124050000 +0000" stop="20221124055400 +0000" catchup-id="1300173303"><title>EL CHIRINGUITO DE JUGONES INTERNACIONAL</title><date></date><icon src=""></icon><desc></desc><category></category></programme><programme channel="141429799" start="20221124055400 +0000" stop="20221124075500 +0000" catchup-id="1300173309"><title>NOTICIAS DE LA MAÑANA</title><date></date><icon src=""></icon><desc></desc><category></category></programme><programme channel="141429799" start="20221124075500 +0000" stop="20221124122600 +0000" catchup-id="1300173315"><title>ESPEJO PÚBLICO</title><date></date><icon src=""></icon><desc></desc><category></category></programme><programme channel="141429799" start="20221124122600 +0000" stop="20221124131500 +0000" catchup-id="1300173321"><title>HOY COCINAS TÚ</title><date></date><icon src=""></icon><desc></desc><category></category></programme><programme channel="141429799" start="20221124131500 +0000" stop="20221124133900 +0000" catchup-id="1300173327"><title>COCINA ABIERTA DE KARLOS ARGUIÑANO</title><date></date><icon src=""></icon><desc></desc><category></category></programme><programme channel="141429799" start="20221124133900 +0000" stop="20221124135900 +0000" catchup-id="1300173333"><title>TOP TRENDING TOPIC</title><date></date><icon src=""></icon><desc></desc><category></category></programme><programme channel="141429799" start="20221124135900 +0000" stop="20221124144300 +0000" catchup-id="1300173339"><title>NOTICIAS</title><date></date><icon src="https://t-mobiletv.nl:443/CPS/images/universal/film/program/202211/20221123/15/202211232101097265sz.jpg"></icon><desc></desc><category></category></programme><programme channel="141429799" start="20221124144300 +0000" stop="20221124144500 +0000" catchup-id="1300173345"><title>DEPORTES</title><date></date><icon src="https://t-mobiletv.nl:443/CPS/images/universal/film/program/202211/20221123/97/202211232101097266ef.jpg"></icon><desc></desc><category></category></programme><programme channel="141429799" start="20221124144500 +0000" stop="20221124160000 +0000" catchup-id="1300173351"><title>ZAPEANDO</title><date></date><icon src=""></icon><desc></desc><category></category></programme><programme channel="141429799" start="20221124160000 +0000" stop="20221124170100 +0000" catchup-id="1300173357"><title>AMAR ES PARA SIEMPRE</title><date></date><icon src=""></icon><desc></desc><category></category></programme><programme channel="141429799" start="20221124170100 +0000" stop="20221124175700 +0000" catchup-id="1300173363"><title>LA RULETA DE LA SUERTE</title><date></date><icon src=""></icon><desc></desc><category></category></programme><programme channel="141429799" start="20221124175700 +0000" stop="20221124190000 +0000" catchup-id="1300173369"><title>Y AHORA SONSOLES</title><date></date><icon src=""></icon><desc></desc><category></category></programme><programme channel="141429799" start="20221124190000 +0000" stop="20221124200800 +0000" catchup-id="1300173375"><title>PASAPALABRA</title><date></date><icon src="https://t-mobiletv.nl:443/CPS/images/universal/film/program/202211/20221123/46/20221123210109726l4h.jpg"></icon><desc></desc><category></category></programme><programme channel="141429799" start="20221124200800 +0000" stop="20221124204100 +0000" catchup-id="1300173381"><title>NOTICIAS</title><date></date><icon src="https://t-mobiletv.nl:443/CPS/images/universal/film/program/202211/20221123/43/202211232101097266gi.jpg"></icon><desc></desc><category></category></programme><programme channel="141429799" start="20221124204100 +0000" stop="20221124204400 +0000" catchup-id="1300173387"><title>DEPORTES</title><date></date><icon src="https://t-mobiletv.nl:443/CPS/images/universal/film/program/202211/20221123/54/202211232101097265rf.jpg"></icon><desc></desc><category></category></programme><programme channel="141429799" start="20221124204400 +0000" stop="20221124204600 +0000" catchup-id="1300173393"><title>EL TIEMPO</title><date></date><icon src="https://t-mobiletv.nl:443/CPS/images/universal/film/program/202211/20221123/97/202211232101097261ez.jpg"></icon><desc></desc><category></category></programme><programme channel="141429799" start="20221124204600 +0000" stop="20221124205900 +0000" catchup-id="1300173399"><title>TOP TRENDING TOPIC</title><date></date><icon src=""></icon><desc></desc><category></category></programme><programme channel="141429799" start="20221124205900 +0000" stop="20221124220100 +0000" catchup-id="1300173405"><title>EL HORMIGUERO</title><date></date><icon src="https://t-mobiletv.nl:443/CPS/images/universal/film/program/202211/20221123/51/20221123210109726791.jpg"></icon><desc></desc><category></category></programme><programme channel="141429799" start="20221124220100 +0000" stop="20221124231800 +0000" catchup-id="1300173411"><title>LOS HOMBRES DE PACO</title><date></date><icon src=""></icon><desc></desc><category></category></programme><programme channel="141429799" start="20221124231800 +0000" stop="20221125000100 +0000" catchup-id="1300173417"><title>SHOW BUSINESS</title><date></date><icon src=""></icon><desc></desc><category></category></programme><programme channel="141429799" start="20221125000100 +0000" stop="20221125005600 +0000" catchup-id="1300173423"><title>EL CHIRINGUITO DE JUGONES INTERNACIONAL</title><date></date><icon src=""></icon><desc></desc><category></category></programme><programme channel="141429799" start="20221125005600 +0000" stop="20221125040300 +0000" catchup-id="1298001213"><title>POP UP AQUÍ NO HAY QUIÉN VIVA</title><date></date><icon src=""></icon><desc></desc><category></category></programme><programme channel="141429799" start="20221125040300 +0000" stop="20221125050000 +0000" catchup-id="1300852534"><title>Geen programma-informatie beschikbaar</title><date></date><icon src=""></icon><desc></desc><category></category></programme><programme channel="141429799" start="20221125050000 +0000" stop="20221125055500 +0000" catchup-id="1300607706"><title>EL CHIRINGUITO DE JUGONES INTERNACIONAL</title><date></date><icon src=""></icon><desc></desc><category></category></programme><programme channel="141429799" start="20221125055500 +0000" stop="20221125075500 +0000" catchup-id="1300607712"><title>NOTICIAS DE LA MAÑANA</title><date></date><icon src=""></icon><desc></desc><category></category></programme><programme channel="141429799" start="20221125075500 +0000" stop="20221125122400 +0000" catchup-id="1300607718"><title>ESPEJO PÚBLICO</title><date></date><icon src=""></icon><desc></desc><category></category></programme><programme channel="141429799" start="20221125122400 +0000" stop="20221125131500 +0000" catchup-id="1300607916"><title>HOY COCINAS TÚ</title><date></date><icon src=""></icon><desc></desc><category></category></programme><programme channel="141429799" start="20221125131500 +0000" stop="20221125133600 +0000" catchup-id="1300607922"><title>COCINA ABIERTA DE KARLOS ARGUIÑANO</title><date></date><icon src=""></icon><desc></desc><category></category></programme><programme channel="141429799" start="20221125133600 +0000" stop="20221125135900 +0000" catchup-id="1300607928"><title>TOP TRENDING TOPIC</title><date></date><icon src=""></icon><desc></desc><category></category></programme><programme channel="141429799" start="20221125135900 +0000" stop="20221125144200 +0000" catchup-id="1300607934"><title>NOTICIAS</title><date></date><icon src="https://t-mobiletv.nl:443/CPS/images/universal/film/program/202211/20221124/13/202211242101097238hk.jpg"></icon><desc></desc><category></category></programme><programme channel="141429799" start="20221125144200 +0000" stop="20221125144500 +0000" catchup-id="1300607940"><title>DEPORTES</title><date></date><icon src="https://t-mobiletv.nl:443/CPS/images/universal/film/program/202211/20221124/4/20221124210109723mf3.jpg"></icon><desc></desc><category></category></programme><programme channel="141429799" start="20221125144500 +0000" stop="20221125160000 +0000" catchup-id="1300607946"><title>ZAPEANDO</title><date></date><icon src=""></icon><desc></desc><category></category></programme><programme channel="141429799" start="20221125160000 +0000" stop="20221125165600 +0000" catchup-id="1300607952"><title>AMAR ES PARA SIEMPRE</title><date></date><icon src=""></icon><desc></desc><category></category></programme><programme channel="141429799" start="20221125165600 +0000" stop="20221125175700 +0000" catchup-id="1300607958"><title>LA RULETA DE LA SUERTE</title><date></date><icon src=""></icon><desc></desc><category></category></programme><programme channel="141429799" start="20221125175700 +0000" stop="20221125191100 +0000" catchup-id="1300607964"><title>Y AHORA SONSOLES</title><date></date><icon src=""></icon><desc></desc><category></category></programme><programme channel="141429799" start="20221125191100 +0000" stop="20221125200800 +0000" catchup-id="1300607970"><title>PASAPALABRA</title><date></date><icon src="https://t-mobiletv.nl:443/CPS/images/universal/film/program/202211/20221124/46/20221124210109723mda.jpg"></icon><desc></desc><category></category></programme><programme channel="141429799" start="20221125200800 +0000" stop="20221125204100 +0000" catchup-id="1300607976"><title>NOTICIAS</title><date></date><icon src="https://t-mobiletv.nl:443/CPS/images/universal/film/program/202211/20221124/10/20221124210109723eoi.jpg"></icon><desc></desc><category></category></programme><programme channel="141429799" start="20221125204100 +0000" stop="20221125204300 +0000" catchup-id="1300607982"><title>DEPORTES</title><date></date><icon src="https://t-mobiletv.nl:443/CPS/images/universal/film/program/202211/20221124/77/20221124210109723sme.jpg"></icon><desc></desc><category></category></programme><programme channel="141429799" start="20221125204300 +0000" stop="20221125204500 +0000" catchup-id="1300607988"><title>EL TIEMPO</title><date></date><icon src="https://t-mobiletv.nl:443/CPS/images/universal/film/program/202211/20221124/2/20221124210109724rj9.jpg"></icon><desc></desc><category></category></programme><programme channel="141429799" start="20221125204500 +0000" stop="20221125210500 +0000" catchup-id="1300607994"><title>TOP TRENDING TOPIC</title><date></date><icon src=""></icon><desc></desc><category></category></programme><programme channel="141429799" start="20221125210500 +0000" stop="20221125215600 +0000" catchup-id="1300608000"><title>EL HORMIGUERO</title><date></date><icon src="https://t-mobiletv.nl:443/CPS/images/universal/film/program/202211/20221124/9/20221124210109724v99.jpg"></icon><desc></desc><category></category></programme><programme channel="141429799" start="20221125215600 +0000" stop="20221126010700 +0000" catchup-id="1300608006"><title>LA VOZ (ASALTO FINAL)</title><date></date><icon src=""></icon><desc></desc><category></category></programme><programme channel="141429799" start="20221126010700 +0000" stop="20221126020200 +0000" catchup-id="1300608012"><title>EL CHIRINGUITO DE JUGONES INTERNACIONAL</title><date></date><icon src=""></icon><desc></desc><category></category></programme><programme channel="141429799" start="20221126020200 +0000" stop="20221126042200 +0000" catchup-id="1299329099"><title>POP UP AQUÍ NO HAY QUIÉN VIVA</title><date></date><icon src=""></icon><desc></desc><category></category></programme><programme channel="141429799" start="20221126042200 +0000" stop="20221126050000 +0000" catchup-id="1300852540"><title>Geen programma-informatie beschikbaar</title><date></date><icon src=""></icon><desc></desc><category></category></programme><programme channel="141429799" start="20221126050000 +0000" stop="20221126070700 +0000" catchup-id="1299329111"><title>POP UP AQUI NO HAY QUIEN VIVA</title><date></date><icon src=""></icon><desc></desc><category></category></programme><programme channel="141429799" start="20221126070700 +0000" stop="20221126084500 +0000" catchup-id="1300173441"><title>EL SECRETO DE PUENTE VIEJO</title><date></date><icon src=""></icon><desc></desc><category></category></programme><programme channel="141429799" start="20221126084500 +0000" stop="20221126094600 +0000" catchup-id="1300173447"><title>BY ANA MILÁN</title><date></date><icon src=""></icon><desc></desc><category></category></programme><programme channel="141429799" start="20221126094600 +0000" stop="20221126122000 +0000" catchup-id="1300173453"><title>VIVE CANTANDO</title><date></date><icon src=""></icon><desc></desc><category></category></programme><programme channel="141429799" start="20221126122000 +0000" stop="20221126123100 +0000" catchup-id="1300173459"><title>MAS DE SERIES</title><date></date><icon src=""></icon><desc></desc><category></category></programme><programme channel="141429799" start="20221126123100 +0000" stop="20221126152100 +0000" catchup-id="1300173465"><title>POP UP AQUI NO HAY QUIEN VIVA</title><date></date><icon src=""></icon><desc></desc><category></category></programme><programme channel="141429799" start="20221126152100 +0000" stop="20221126162200 +0000" catchup-id="1300173471"><title>BY ANA MILÁN</title><date></date><icon src=""></icon><desc></desc><category></category></programme><programme channel="141429799" start="20221126162200 +0000" stop="20221126180200 +0000" catchup-id="1300173477"><title>EL SECRETO DE PUENTE VIEJO</title><date></date><icon src=""></icon><desc></desc><category></category></programme><programme channel="141429799" start="20221126180200 +0000" stop="20221126191000 +0000" catchup-id="1300173483"><title>PULSACIONES</title><date></date><icon src=""></icon><desc></desc><category></category></programme><programme channel="141429799" start="20221126191000 +0000" stop="20221126200000 +0000" catchup-id="1300173489"><title>EL NUDO</title><date></date><icon src=""></icon><desc></desc><category></category></programme><programme channel="141429799" start="20221126200000 +0000" stop="20221126211500 +0000" catchup-id="1300173495"><title>IMPERIUM (último capítulo)</title><date></date><icon src=""></icon><desc></desc><category></category></programme><programme channel="141429799" start="20221126211500 +0000" stop="20221126222900 +0000" catchup-id="1300173501"><title>LOS PROTEGIDOS</title><date></date><icon src=""></icon><desc></desc><category></category></programme><programme channel="141429799" start="20221126222900 +0000" stop="20221126231900 +0000" catchup-id="1300173507"><title>EL NUDO</title><date></date><icon src=""></icon><desc></desc><category></category></programme><programme channel="141429799" start="20221126231900 +0000" stop="20221127003200 +0000" catchup-id="1300173513"><title>LA FAMILIA MATA</title><date></date><icon src=""></icon><desc></desc><category></category></programme><programme channel="141429799" start="20221127003200 +0000" stop="20221127044000 +0000" catchup-id="1299329231"><title>POP UP AQUI NO HAY QUIEN VIVA</title><date></date><icon src=""></icon><desc></desc><category></category></programme><programme channel="141429799" start="20221127044000 +0000" stop="20221127050000 +0000" catchup-id="1300852546"><title>Geen programma-informatie beschikbaar</title><date></date><icon src=""></icon><desc></desc><category></category></programme><programme channel="141429799" start="20221127050000 +0000" stop="20221127065000 +0000" catchup-id="1300608030"><title>POP UP AQUI NO HAY QUIEN VIVA</title><date></date><icon src=""></icon><desc></desc><category></category></programme><programme channel="141429799" start="20221127065000 +0000" stop="20221127082900 +0000" catchup-id="1300608036"><title>EL SECRETO DE PUENTE VIEJO</title><date></date><icon src=""></icon><desc></desc><category></category></programme><programme channel="141429799" start="20221127082900 +0000" stop="20221127094300 +0000" catchup-id="1300608042"><title>LOS PROTEGIDOS</title><date></date><icon src=""></icon><desc></desc><category></category></programme><programme channel="141429799" start="20221127094300 +0000" stop="20221127122000 +0000" catchup-id="1300608048"><title>VIVE CANTANDO</title><date></date><icon src=""></icon><desc></desc><category></category></programme><programme channel="141429799" start="20221127122000 +0000" stop="20221127123100 +0000" catchup-id="1300608054"><title>MAS DE SERIES</title><date></date><icon src=""></icon><desc></desc><category></category></programme><programme channel="141429799" start="20221127123100 +0000" stop="20221127143400 +0000" catchup-id="1300608060"><title>POP UP AQUI NO HAY QUIEN VIVA</title><date></date><icon src=""></icon><desc></desc><category></category></programme><programme channel="141429799" start="20221127143400 +0000" stop="20221127154700 +0000" catchup-id="1300608066"><title>IMPERIUM</title><date></date><icon src=""></icon><desc></desc><category></category></programme><programme channel="141429799" start="20221127154700 +0000" stop="20221127172600 +0000" catchup-id="1300608072"><title>EL SECRETO DE PUENTE VIEJO</title><date></date><icon src=""></icon><desc></desc><category></category></programme><programme channel="141429799" start="20221127172600 +0000" stop="20221127184000 +0000" catchup-id="1300608078"><title>LOS PROTEGIDOS</title><date></date><icon src=""></icon><desc></desc><category></category></programme><programme channel="141429799" start="20221127184000 +0000" stop="20221127200000 +0000" catchup-id="1300608084"><title>LA FAMILIA MATA</title><date></date><icon src=""></icon><desc></desc><category></category></programme><programme channel="141429799" start="20221127200000 +0000" stop="20221127210800 +0000" catchup-id="1300608090"><title>PULSACIONES</title><date></date><icon src=""></icon><desc></desc><category></category></programme><programme channel="141429799" start="20221127210800 +0000" stop="20221127222100 +0000" catchup-id="1300608096"><title>IMPERIUM</title><date></date><icon src=""></icon><desc></desc><category></category></programme><programme channel="141429799" start="20221127222100 +0000" stop="20221127233500 +0000" catchup-id="1300608102"><title>LOS PROTEGIDOS</title><date></date><icon src=""></icon><desc></desc><category></category></programme><programme channel="141429799" start="20221127233500 +0000" stop="20221128002600 +0000" catchup-id="1300608108"><title>EL NUDO</title><date></date><icon src=""></icon><desc></desc><category></category></programme><programme channel="141429799" start="20221128002600 +0000" stop="20221128044000 +0000" catchup-id="1299329357"><title>POP UP AQUI NO HAY QUIEN VIVA</title><date></date><icon src=""></icon><desc></desc><category></category></programme><programme channel="141429799" start="20221128044000 +0000" stop="20221128050000 +0000" catchup-id="1300852552"><title>Geen programma-informatie beschikbaar</title><date></date><icon src=""></icon><desc></desc><category></category></programme><programme channel="141429799" start="20221128050000 +0000" stop="20221128051000 +0000" catchup-id="1299329369"><title>EL CHIRINGUITO DE JUGONES INTERNACIONAL</title><date></date><icon src=""></icon><desc></desc><category></category></programme><programme channel="141429799" start="20221128051000 +0000" stop="20221128062500 +0000" catchup-id="1299329375"><title>NOTICIAS DE LA MAÑANA</title><date></date><icon src=""></icon><desc></desc><category></category></programme><programme channel="141429799" start="20221128062500 +0000" stop="20221128123200 +0000" catchup-id="1299329381"><title>ESPEJO PÚBLICO</title><date></date><icon src=""></icon><desc></desc><category></category></programme><programme channel="141429799" start="20221128123200 +0000" stop="20221128130200 +0000" catchup-id="1299329387"><title>HOY COCINAS TÚ</title><date></date><icon src=""></icon><desc></desc><category></category></programme><programme channel="141429799" start="20221128130200 +0000" stop="20221128132700 +0000" catchup-id="1299329393"><title>COCINA ABIERTA DE KARLOS ARGUIÑANO</title><date></date><icon src=""></icon><desc></desc><category></category></programme><programme channel="141429799" start="20221128132700 +0000" stop="20221128140000 +0000" catchup-id="1299329399"><title>TOP TRENDING TOPIC</title><date></date><icon src=""></icon><desc></desc><category></category></programme><programme channel="141429799" start="20221128140000 +0000" stop="20221128141100 +0000" catchup-id="1299329405"><title>NOTICIAS</title><date></date><icon src="https://t-mobiletv.nl:443/CPS/images/universal/film/program/202211/20221121/7/20221121210039728xp8.jpg"></icon><desc></desc><category></category></programme><programme channel="141429799" start="20221128141100 +0000" stop="20221128143000 +0000" catchup-id="1299329411"><title>AMAR ES PARA SIEMPRE</title><date></date><icon src=""></icon><desc></desc><category></category></programme><programme channel="141429799" start="20221128143000 +0000" stop="20221128144700 +0000" catchup-id="1299329417"><title>DEPORTES</title><date></date><icon src="https://t-mobiletv.nl:443/CPS/images/universal/film/program/202211/20221121/58/20221121210039728g7x.jpg"></icon><desc></desc><category></category></programme><programme channel="141429799" start="20221128144700 +0000" stop="20221128170000 +0000" catchup-id="1299329423"><title>ZAPEANDO</title><date></date><icon src=""></icon><desc></desc><category></category></programme><programme channel="141429799" start="20221128170000 +0000" stop="20221128175700 +0000" catchup-id="1299329429"><title>LA RULETA DE LA SUERTE</title><date></date><icon src=""></icon><desc></desc><category></category></programme><programme channel="141429799" start="20221128175700 +0000" stop="20221128191500 +0000" catchup-id="1299329435"><title>Y AHORA SONSOLES</title><date></date><icon src=""></icon><desc></desc><category></category></programme><programme channel="141429799" start="20221128191500 +0000" stop="20221128200000 +0000" catchup-id="1299329441"><title>PASAPALABRA</title><date></date><icon src="https://t-mobiletv.nl:443/CPS/images/universal/film/program/202211/20221121/19/20221121210039728ecp.jpg"></icon><desc></desc><category></category></programme><programme channel="141429799" start="20221128200000 +0000" stop="20221128201700 +0000" catchup-id="1299329447"><title>NOTICIAS</title><date></date><icon src="https://t-mobiletv.nl:443/CPS/images/universal/film/program/202211/20221121/95/20221121210039728th6.jpg"></icon><desc></desc><category></category></programme><programme channel="141429799" start="20221128201700 +0000" stop="20221128202700 +0000" catchup-id="1299329453"><title>DEPORTES</title><date></date><icon src="https://t-mobiletv.nl:443/CPS/images/universal/film/program/202211/20221121/9/20221121210039728jt5.jpg"></icon><desc></desc><category></category></programme><programme channel="141429799" start="20221128202700 +0000" stop="20221128203700 +0000" catchup-id="1299329459"><title>EL TIEMPO</title><date></date><icon src="https://t-mobiletv.nl:443/CPS/images/universal/film/program/202211/20221121/81/20221121210039728at1.jpg"></icon><desc></desc><category></category></programme><programme channel="141429799" start="20221128203700 +0000" stop="20221128204500 +0000" catchup-id="1299329465"><title>TOP TRENDING TOPIC</title><date></date><icon src=""></icon><desc></desc><category></category></programme><programme channel="141429799" start="20221128204500 +0000" stop="20221128220000 +0000" catchup-id="1299329471"><title>EL HORMIGUERO</title><date></date><icon src="https://t-mobiletv.nl:443/CPS/images/universal/film/program/202211/20221121/65/20221121210039728xbw.jpg"></icon><desc></desc><category></category></programme><programme channel="141429799" start="20221128220000 +0000" stop="20221128225500 +0000" catchup-id="1299329477"><title>SALVADOS</title><date></date><icon src=""></icon><desc></desc><category></category></programme><programme channel="141429799" start="20221128225500 +0000" stop="20221128235000 +0000" catchup-id="1299329483"><title>EL CHIRINGUITO DE JUGONES INTERNACIONAL</title><date></date><icon src=""></icon><desc></desc><category></category></programme><programme channel="141429799" start="20221128235000 +0000" stop="20221129025600 +0000" catchup-id="1299603751"><title>POP UP AQUÍ NO HAY QUIÉN VIVA</title><date></date><icon src=""></icon><desc></desc><category></category></programme><programme channel="141429799" start="20221129025600 +0000" stop="20221129052700 +0000" catchup-id="1300852558"><title>Geen programma-informatie beschikbaar</title><date></date><icon src=""></icon><desc></desc><category></category></programme><programme channel="141429799" start="20221129052700 +0000" stop="20221129055400 +0000" catchup-id="1299603763"><title>COCINA ABIERTA DE KARLOS ARGUIÑANO</title><date></date><icon src=""></icon><desc></desc><category></category></programme><programme channel="141429799" start="20221129055400 +0000" stop="20221129065900 +0000" catchup-id="1299603769"><title>EL CHIRINGUITO</title><date></date><icon src=""></icon><desc></desc><category></category></programme><programme channel="141429799" start="20221129065900 +0000" stop="20221129074200 +0000" catchup-id="1299603775"><title>NOTICIAS</title><date></date><icon src="https://t-mobiletv.nl:443/CPS/images/universal/film/program/202211/20221122/88/20221122090124707ohr.jpg"></icon><desc></desc><category></category></programme><programme channel="141429799" start="20221129074200 +0000" stop="20221129074600 +0000" catchup-id="1299603781"><title>DEPORTES</title><date></date><icon src="https://t-mobiletv.nl:443/CPS/images/universal/film/program/202211/20221122/95/20221122090124707po6.jpg"></icon><desc></desc><category></category></programme><programme channel="141429799" start="20221129074600 +0000" stop="20221129110800 +0000" catchup-id="1299603787"><title>ESPEJO PÚBLICO</title><date></date><icon src=""></icon><desc></desc><category></category></programme><programme channel="141429799" start="20221129110800 +0000" stop="20221129113100 +0000" catchup-id="1299603793"><title>TU TIEMPO CON ROBERTO BRASERO</title><date></date><icon src=""></icon><desc></desc><category></category></programme><programme channel="141429799" start="20221129113100 +0000" stop="20221129120000 +0000" catchup-id="1299603799"><title>COCINA ABIERTA DE KARLOS ARGUIÑANO</title><date></date><icon src=""></icon><desc></desc><category></category></programme><programme channel="141429799" start="20221129120000 +0000" stop="20221129130300 +0000" catchup-id="1299603805"><title>PASAPALABRA</title><date></date><icon src="https://t-mobiletv.nl:443/CPS/images/universal/film/program/202211/20221122/41/20221122090124707psa.jpg"></icon><desc></desc><category></category></programme><programme channel="141429799" start="20221129130300 +0000" stop="20221129133600 +0000" catchup-id="1299603811"><title>NOTICIAS</title><date></date><icon src="https://t-mobiletv.nl:443/CPS/images/universal/film/program/202211/20221122/84/20221122090124707rqn.jpg"></icon><desc></desc><category></category></programme><programme channel="141429799" start="20221129133600 +0000" stop="20221129133900 +0000" catchup-id="1299603817"><title>DEPORTES</title><date></date><icon src="https://t-mobiletv.nl:443/CPS/images/universal/film/program/202211/20221122/67/20221122090124707rgi.jpg"></icon><desc></desc><category></category></programme><programme channel="141429799" start="20221129133900 +0000" stop="20221129134100 +0000" catchup-id="1299603823"><title>EL TIEMPO</title><date></date><icon src="https://t-mobiletv.nl:443/CPS/images/universal/film/program/202211/20221122/5/202211220901247084y0.jpg"></icon><desc></desc><category></category></programme><programme channel="141429799" start="20221129134100 +0000" stop="20221129150000 +0000" catchup-id="1299603829"><title>Y AHORA SONSOLES</title><date></date><icon src=""></icon><desc></desc><category></category></programme><programme channel="141429799" start="20221129150000 +0000" stop="20221129151800 +0000" catchup-id="1299603835"><title>TOP TRENDING TELE</title><date></date><icon src=""></icon><desc></desc><category></category></programme><programme channel="141429799" start="20221129151800 +0000" stop="20221129163100 +0000" catchup-id="1299603841"><title>AMAR ES PARA SIEMPRE</title><date></date><icon src=""></icon><desc></desc><category></category></programme><programme channel="141429799" start="20221129163100 +0000" stop="20221129173600 +0000" catchup-id="1299603847"><title>LA RULETA DE LA SUERTE</title><date></date><icon src=""></icon><desc></desc><category></category></programme><programme channel="141429799" start="20221129173600 +0000" stop="20221129183200 +0000" catchup-id="1299603853"><title>PASAPALABRA</title><date></date><icon src="https://t-mobiletv.nl:443/CPS/images/universal/film/program/202211/20221122/24/20221122090124708rkk.jpg"></icon><desc></desc><category></category></programme><programme channel="141429799" start="20221129183200 +0000" stop="20221129193100 +0000" catchup-id="1299603859"><title>EL HORMIGUERO</title><date></date><icon src="https://t-mobiletv.nl:443/CPS/images/universal/film/program/202211/20221122/83/20221122090124708fwh.jpg"></icon><desc></desc><category></category></programme><programme channel="141429799" start="20221129193100 +0000" stop="20221129203100 +0000" catchup-id="1299603865"><title>EQUIPO DE INVESTIGACIÓN</title><date></date><icon src=""></icon><desc></desc><category></category></programme><programme channel="141429799" start="20221129203100 +0000" stop="20221129220000 +0000" catchup-id="1299603871"><title>EQUIPO DE INVESTIGACIÓN</title><date></date><icon src=""></icon><desc></desc><category></category></programme><programme channel="141429799" start="20221129220000 +0000" stop="20221129230900 +0000" catchup-id="1299603877"><title>EL CHIRINGUITO</title><date></date><icon src=""></icon><desc></desc><category></category></programme><programme channel="141429799" start="20221129230900 +0000" stop="20221130004200 +0000" catchup-id="1300014446"><title>ZAPEANDO</title><date></date><icon src=""></icon><desc></desc><category></category></programme><programme channel="141429799" start="20221130004200 +0000" stop="20221130005500 +0000" catchup-id="1300014452"><title>NOTICIAS DE LA MAÑANA</title><date></date><icon src=""></icon><desc></desc><category></category></programme><programme channel="141429799" start="20221130005500 +0000" stop="20221130050000 +0000" catchup-id="1300852564"><title>Geen programma-informatie beschikbaar</title><date></date><icon src=""></icon><desc></desc><category></category></programme><programme channel="141429799" start="20221130050000 +0000" stop="20221130055500 +0000" catchup-id="1300014464"><title>EL CHIRINGUITO DE JUGONES INTERNACIONAL</title><date></date><icon src=""></icon><desc></desc><category></category></programme><programme channel="141429799" start="20221130055500 +0000" stop="20221130075500 +0000" catchup-id="1300014470"><title>NOTICIAS DE LA MAÑANA</title><date></date><icon src=""></icon><desc></desc><category></category></programme><programme channel="141429799" start="20221130075500 +0000" stop="20221130122500 +0000" catchup-id="1300014476"><title>ESPEJO PÚBLICO</title><date></date><icon src=""></icon><desc></desc><category></category></programme><programme channel="141429799" start="20221130122500 +0000" stop="20221130131400 +0000" catchup-id="1300014482"><title>HOY COCINAS TÚ</title><date></date><icon src=""></icon><desc></desc><category></category></programme><programme channel="141429799" start="20221130131400 +0000" stop="20221130133700 +0000" catchup-id="1300014488"><title>COCINA ABIERTA DE KARLOS ARGUIÑANO</title><date></date><icon src=""></icon><desc></desc><category></category></programme><programme channel="141429799" start="20221130133700 +0000" stop="20221130135900 +0000" catchup-id="1300014494"><title>TOP TRENDING TOPIC</title><date></date><icon src=""></icon><desc></desc><category></category></programme><programme channel="141429799" start="20221130135900 +0000" stop="20221130144300 +0000" catchup-id="1300014500"><title>NOTICIAS</title><date></date><icon src="https://t-mobiletv.nl:443/CPS/images/universal/film/program/202211/20221123/19/20221123090050528mi8.jpg"></icon><desc></desc><category></category></programme><programme channel="141429799" start="20221130144300 +0000" stop="20221130144500 +0000" catchup-id="1300014506"><title>DEPORTES</title><date></date><icon src="https://t-mobiletv.nl:443/CPS/images/universal/film/program/202211/20221123/36/20221123090050528m74.jpg"></icon><desc></desc><category></category></programme><programme channel="141429799" start="20221130144500 +0000" stop="20221130160000 +0000" catchup-id="1300014512"><title>ZAPEANDO</title><date></date><icon src=""></icon><desc></desc><category></category></programme><programme channel="141429799" start="20221130160000 +0000" stop="20221130170000 +0000" catchup-id="1300014518"><title>AMAR ES PARA SIEMPRE</title><date></date><icon src=""></icon><desc></desc><category></category></programme><programme channel="141429799" start="20221130170000 +0000" stop="20221130175700 +0000" catchup-id="1300014524"><title>LA RULETA DE LA SUERTE</title><date></date><icon src=""></icon><desc></desc><category></category></programme><programme channel="141429799" start="20221130175700 +0000" stop="20221130190200 +0000" catchup-id="1300014530"><title>Y AHORA SONSOLES</title><date></date><icon src=""></icon><desc></desc><category></category></programme><programme channel="141429799" start="20221130190200 +0000" stop="20221130200800 +0000" catchup-id="1300014536"><title>PASAPALABRA</title><date></date><icon src="https://t-mobiletv.nl:443/CPS/images/universal/film/program/202211/20221123/82/202211230900505284xh.jpg"></icon><desc></desc><category></category></programme><programme channel="141429799" start="20221130200800 +0000" stop="20221130204000 +0000" catchup-id="1300014542"><title>NOTICIAS</title><date></date><icon src="https://t-mobiletv.nl:443/CPS/images/universal/film/program/202211/20221123/80/202211230900505282pd.jpg"></icon><desc></desc><category></category></programme><programme channel="141429799" start="20221130204000 +0000" stop="20221130204200 +0000" catchup-id="1300014548"><title>DEPORTES</title><date></date><icon src="https://t-mobiletv.nl:443/CPS/images/universal/film/program/202211/20221123/16/20221123090050528rur.jpg"></icon><desc></desc><category></category></programme><programme channel="141429799" start="20221130204200 +0000" stop="20221130204400 +0000" catchup-id="1300014554"><title>EL TIEMPO</title><date></date><icon src="https://t-mobiletv.nl:443/CPS/images/universal/film/program/202211/20221123/68/20221123090050529726.jpg"></icon><desc></desc><category></category></programme><programme channel="141429799" start="20221130204400 +0000" stop="20221130205500 +0000" catchup-id="1300014560"><title>TOP TRENDING TOPIC</title><date></date><icon src=""></icon><desc></desc><category></category></programme><programme channel="141429799" start="20221130205500 +0000" stop="20221130215000 +0000" catchup-id="1300014566"><title>EL HORMIGUERO</title><date></date><icon src="https://t-mobiletv.nl:443/CPS/images/universal/film/program/202211/20221123/45/202211230900505297xo.jpg"></icon><desc></desc><category></category></programme><programme channel="141429799" start="20221130215000 +0000" stop="20221130230000 +0000" catchup-id="1300014572"><title>EL NOVATO</title><date></date><icon src=""></icon><desc></desc><category></category></programme><programme channel="141429799" start="20221130230000 +0000" stop="20221130235500 +0000" catchup-id="1300433619"><title>EL CHIRINGUITO DE JUGONES INTERNACIONAL</title><date></date><icon src=""></icon><desc></desc><category></category></programme><programme channel="141429799" start="20221130235500 +0000" stop="20221201041200 +0000" catchup-id="1300433625"><title>POP UP AQUÍ NO HAY QUIÉN VIVA</title><date></date><icon src=""></icon><desc></desc><category></category></programme><programme channel="141429799" start="20221201041200 +0000" stop="20221201044800 +0000" catchup-id="1300852570"><title>Geen programma-informatie beschikbaar</title><date></date><icon src=""></icon><desc></desc><category></category></programme><programme channel="141429799" start="20221201044800 +0000" stop="20221201050000 +0000" catchup-id="1300433637"><title>MÁS DE SERIES</title><date></date><icon src=""></icon><desc></desc><category></category></programme><programme channel="141429799" start="20221201050000 +0000" stop="20221201055400 +0000" catchup-id="1300433643"><title>EL CHIRINGUITO DE JUGONES INTERNACIONAL</title><date></date><icon src=""></icon><desc></desc><category></category></programme><programme channel="141429799" start="20221201055400 +0000" stop="20221201075500 +0000" catchup-id="1300433649"><title>NOTICIAS DE LA MAÑANA</title><date></date><icon src=""></icon><desc></desc><category></category></programme><programme channel="141429799" start="20221201075500 +0000" stop="20221201122600 +0000" catchup-id="1300433655"><title>ESPEJO PÚBLICO</title><date></date><icon src=""></icon><desc></desc><category></category></programme><programme channel="141429799" start="20221201122600 +0000" stop="20221201131500 +0000" catchup-id="1300433661"><title>HOY COCINAS TÚ</title><date></date><icon src=""></icon><desc></desc><category></category></programme><programme channel="141429799" start="20221201131500 +0000" stop="20221201133900 +0000" catchup-id="1300433667"><title>COCINA ABIERTA DE KARLOS ARGUIÑANO</title><date></date><icon src=""></icon><desc></desc><category></category></programme><programme channel="141429799" start="20221201133900 +0000" stop="20221201135900 +0000" catchup-id="1300433673"><title>TOP TRENDING TOPIC</title><date></date><icon src=""></icon><desc></desc><category></category></programme><programme channel="141429799" start="20221201135900 +0000" stop="20221201144300 +0000" catchup-id="1300433679"><title>NOTICIAS</title><date></date><icon src="https://t-mobiletv.nl:443/CPS/images/universal/film/program/202211/20221124/44/20221124090115510et0.jpg"></icon><desc></desc><category></category></programme><programme channel="141429799" start="20221201144300 +0000" stop="20221201144500 +0000" catchup-id="1300433685"><title>DEPORTES</title><date></date><icon src="https://t-mobiletv.nl:443/CPS/images/universal/film/program/202211/20221124/42/20221124090115510x8o.jpg"></icon><desc></desc><category></category></programme><programme channel="141429799" start="20221201144500 +0000" stop="20221201160000 +0000" catchup-id="1300433691"><title>ZAPEANDO</title><date></date><icon src=""></icon><desc></desc><category></category></programme><programme channel="141429799" start="20221201160000 +0000" stop="20221201170100 +0000" catchup-id="1300433697"><title>AMAR ES PARA SIEMPRE</title><date></date><icon src=""></icon><desc></desc><category></category></programme><programme channel="141429799" start="20221201170100 +0000" stop="20221201175700 +0000" catchup-id="1300433703"><title>LA RULETA DE LA SUERTE</title><date></date><icon src=""></icon><desc></desc><category></category></programme><programme channel="141429799" start="20221201175700 +0000" stop="20221201190000 +0000" catchup-id="1300433709"><title>Y AHORA SONSOLES</title><date></date><icon src=""></icon><desc></desc><category></category></programme><programme channel="141429799" start="20221201190000 +0000" stop="20221201200800 +0000" catchup-id="1300433715"><title>PASAPALABRA</title><date></date><icon src="https://t-mobiletv.nl:443/CPS/images/universal/film/program/202211/20221124/52/20221124090115511jdq.jpg"></icon><desc></desc><category></category></programme><programme channel="141429799" start="20221201200800 +0000" stop="20221201204100 +0000" catchup-id="1300433721"><title>NOTICIAS</title><date></date><icon src="https://t-mobiletv.nl:443/CPS/images/universal/film/program/202211/20221124/47/202211240901155114n1.jpg"></icon><desc></desc><category></category></programme><programme channel="141429799" start="20221201204100 +0000" stop="20221201204400 +0000" catchup-id="1300433727"><title>DEPORTES</title><date></date><icon src="https://t-mobiletv.nl:443/CPS/images/universal/film/program/202211/20221124/22/20221124090115511ykt.jpg"></icon><desc></desc><category></category></programme><programme channel="141429799" start="20221201204400 +0000" stop="20221201204600 +0000" catchup-id="1300433733"><title>EL TIEMPO</title><date></date><icon src="https://t-mobiletv.nl:443/CPS/images/universal/film/program/202211/20221124/83/20221124090115511rg0.jpg"></icon><desc></desc><category></category></programme><programme channel="141429799" start="20221201204600 +0000" stop="20221201205900 +0000" catchup-id="1300433739"><title>TOP TRENDING TOPIC</title><date></date><icon src=""></icon><desc></desc><category></category></programme><programme channel="141429799" start="20221201205900 +0000" stop="20221201220100 +0000" catchup-id="1300433745"><title>EL HORMIGUERO</title><date></date><icon src="https://t-mobiletv.nl:443/CPS/images/universal/film/program/202211/20221124/3/20221124090115511238.jpg"></icon><desc></desc><category></category></programme><programme channel="141429799" start="20221201220100 +0000" stop="20221201231800 +0000" catchup-id="1300433751"><title>LOS HOMBRES DE PACO</title><date></date><icon src=""></icon><desc></desc><category></category></programme><programme channel="141429799" start="20221201231800 +0000" stop="20221202000100 +0000" catchup-id="1300852576"><title>SHOW BUSINESS</title><date></date><icon src=""></icon><desc></desc><category></category></programme><programme channel="141429799" start="20221202000100 +0000" stop="20221202005600 +0000" catchup-id="1300852582"><title>EL CHIRINGUITO DE JUGONES INTERNACIONAL</title><date></date><icon src=""></icon><desc></desc><category></category></programme><programme channel="141429799" start="20221202005600 +0000" stop="20221202040300 +0000" catchup-id="1300853100"><title>POP UP AQUÍ NO HAY QUIÉN VIVA</title><date></date><icon src=""></icon><desc></desc><category></category></programme><programme channel="141429799" start="20221202040300 +0000" stop="20221202050000 +0000" catchup-id="1300853106"><title>Geen programma-informatie beschikbaar</title><date></date><icon src=""></icon><desc></desc><category></category></programme><programme channel="141429799" start="20221202050000 +0000" stop="20221202055500 +0000" catchup-id="1300853112"><title>EL CHIRINGUITO DE JUGONES INTERNACIONAL</title><date></date><icon src=""></icon><desc></desc><category></category></programme><programme channel="141429799" start="20221202055500 +0000" stop="20221202075500 +0000" catchup-id="1300853118"><title>NOTICIAS DE LA MAÑANA</title><date></date><icon src=""></icon><desc></desc><category></category></programme><programme channel="141429799" start="20221202075500 +0000" stop="20221202122400 +0000" catchup-id="1300853124"><title>ESPEJO PÚBLICO</title><date></date><icon src=""></icon><desc></desc><category></category></programme><programme channel="141429799" start="20221202122400 +0000" stop="20221202131500 +0000" catchup-id="1300853130"><title>HOY COCINAS TÚ</title><date></date><icon src=""></icon><desc></desc><category></category></programme><programme channel="141429799" start="20221202131500 +0000" stop="20221202133600 +0000" catchup-id="1300853136"><title>COCINA ABIERTA DE KARLOS ARGUIÑANO</title><date></date><icon src=""></icon><desc></desc><category></category></programme><programme channel="141429799" start="20221202133600 +0000" stop="20221202135900 +0000" catchup-id="1300853142"><title>TOP TRENDING TOPIC</title><date></date><icon src=""></icon><desc></desc><category></category></programme><programme channel="141429799" start="20221202135900 +0000" stop="20221202144200 +0000" catchup-id="1300853148"><title>NOTICIAS</title><date></date><icon src="https://t-mobiletv.nl:443/CPS/images/universal/film/program/202211/20221125/78/202211250900547204j1.jpg"></icon><desc></desc><category></category></programme><programme channel="141429799" start="20221202144200 +0000" stop="20221202144500 +0000" catchup-id="1300853154"><title>DEPORTES</title><date></date><icon src="https://t-mobiletv.nl:443/CPS/images/universal/film/program/202211/20221125/95/20221125090054720uzq.jpg"></icon><desc></desc><category></category></programme><programme channel="141429799" start="20221202144500 +0000" stop="20221202160000 +0000" catchup-id="1300853160"><title>ZAPEANDO</title><date></date><icon src=""></icon><desc></desc><category></category></programme><programme channel="141429799" start="20221202160000 +0000" stop="20221202165600 +0000" catchup-id="1300853166"><title>AMAR ES PARA SIEMPRE</title><date></date><icon src=""></icon><desc></desc><category></category></programme>