<programme channel="141431319" start="20221118170000 +0000" stop="20221118230000 +0000" catchup-id="1295032116"><title>Nick Music</title><date></date><icon src="https://t-mobiletv.nl:443/CPS/images/universal/film/program/202211/20221111/1/20221111090055508pb1.jpg"></icon><desc>De leukste videoclips van de grootste artiesten, 24 uur per dag op Nick Music!</desc><category></category></programme><programme channel="141431319" start="20221118230000 +0000" stop="20221119050000 +0000" catchup-id="1295456615"><title>Nick Music</title><date></date><icon src="https://t-mobiletv.nl:443/CPS/images/universal/film/program/202211/20221112/13/20221112090030507uu1.jpg"></icon><desc>De leukste videoclips van de grootste artiesten, 24 uur per dag op Nick Music!</desc><category></category></programme><programme channel="141431319" start="20221119050000 +0000" stop="20221119110000 +0000" catchup-id="1295456813"><title>Nick Music</title><date></date><icon src="https://t-mobiletv.nl:443/CPS/images/universal/film/program/202211/20221112/70/20221112090030507r5z.jpg"></icon><desc>De leukste videoclips van de grootste artiesten, 24 uur per dag op Nick Music!</desc><category></category></programme><programme channel="141431319" start="20221119110000 +0000" stop="20221119170000 +0000" catchup-id="1295456819"><title>Nick Music</title><date></date><icon src="https://t-mobiletv.nl:443/CPS/images/universal/film/program/202211/20221112/36/202211120900305079o7.jpg"></icon><desc>De leukste videoclips van de grootste artiesten, 24 uur per dag op Nick Music!</desc><category></category></programme><programme channel="141431319" start="20221119170000 +0000" stop="20221119230000 +0000" catchup-id="1295456825"><title>Nick Music</title><date></date><icon src="https://t-mobiletv.nl:443/CPS/images/universal/film/program/202211/20221112/99/2022111209003050779e.jpg"></icon><desc>De leukste videoclips van de grootste artiesten, 24 uur per dag op Nick Music!</desc><category></category></programme><programme channel="141431319" start="20221119230000 +0000" stop="20221120050000 +0000" catchup-id="1295908665"><title>Nick Music</title><date></date><icon src="https://t-mobiletv.nl:443/CPS/images/universal/film/program/202211/20221113/44/2022111309012470620f.jpg"></icon><desc>De leukste videoclips van de grootste artiesten, 24 uur per dag op Nick Music!</desc><category></category></programme><programme channel="141431319" start="20221120050000 +0000" stop="20221120110000 +0000" catchup-id="1295908671"><title>Nick Music</title><date></date><icon src="https://t-mobiletv.nl:443/CPS/images/universal/film/program/202211/20221113/60/202211130901247070so.jpg"></icon><desc>De leukste videoclips van de grootste artiesten, 24 uur per dag op Nick Music!</desc><category></category></programme><programme channel="141431319" start="20221120110000 +0000" stop="20221120170000 +0000" catchup-id="1295908677"><title>Nick Music</title><date></date><icon src="https://t-mobiletv.nl:443/CPS/images/universal/film/program/202211/20221113/60/202211130901247072ao.jpg"></icon><desc>De leukste videoclips van de grootste artiesten, 24 uur per dag op Nick Music!</desc><category></category></programme><programme channel="141431319" start="20221120170000 +0000" stop="20221120230000 +0000" catchup-id="1295908683"><title>Nick Music</title><date></date><icon src="https://t-mobiletv.nl:443/CPS/images/universal/film/program/202211/20221113/88/20221113090124707znl.jpg"></icon><desc>De leukste videoclips van de grootste artiesten, 24 uur per dag op Nick Music!</desc><category></category></programme><programme channel="141431319" start="20221120230000 +0000" stop="20221121050000 +0000" catchup-id="1296259822"><title>Nick Music</title><date></date><icon src="https://t-mobiletv.nl:443/CPS/images/universal/film/program/202211/20221114/28/2022111409010470713n.jpg"></icon><desc>De leukste videoclips van de grootste artiesten, 24 uur per dag op Nick Music!</desc><category></category></programme><programme channel="141431319" start="20221121050000 +0000" stop="20221121110000 +0000" catchup-id="1296259828"><title>Nick Music</title><date></date><icon src="https://t-mobiletv.nl:443/CPS/images/universal/film/program/202211/20221114/49/20221114090104707khn.jpg"></icon><desc>De leukste videoclips van de grootste artiesten, 24 uur per dag op Nick Music!</desc><category></category></programme><programme channel="141431319" start="20221121110000 +0000" stop="20221121170000 +0000" catchup-id="1296259834"><title>Nick Music</title><date></date><icon src="https://t-mobiletv.nl:443/CPS/images/universal/film/program/202211/20221114/37/20221114090104707su7.jpg"></icon><desc>De leukste videoclips van de grootste artiesten, 24 uur per dag op Nick Music!</desc><category></category></programme><programme channel="141431319" start="20221121170000 +0000" stop="20221121230000 +0000" catchup-id="1296259840"><title>Nick Music</title><date></date><icon src="https://t-mobiletv.nl:443/CPS/images/universal/film/program/202211/20221114/56/20221114090104707blp.jpg"></icon><desc>De leukste videoclips van de grootste artiesten, 24 uur per dag op Nick Music!</desc><category></category></programme><programme channel="141431319" start="20221121230000 +0000" stop="20221122050000 +0000" catchup-id="1296685822"><title>Nick Music</title><date></date><icon src="https://t-mobiletv.nl:443/CPS/images/universal/film/program/202211/20221115/97/20221115090100509x0j.jpg"></icon><desc>De leukste videoclips van de grootste artiesten, 24 uur per dag op Nick Music!</desc><category></category></programme><programme channel="141431319" start="20221122050000 +0000" stop="20221122110000 +0000" catchup-id="1296685828"><title>Nick Music</title><date></date><icon src="https://t-mobiletv.nl:443/CPS/images/universal/film/program/202211/20221115/36/20221115090100509ctr.jpg"></icon><desc>De leukste videoclips van de grootste artiesten, 24 uur per dag op Nick Music!</desc><category></category></programme><programme channel="141431319" start="20221122110000 +0000" stop="20221122170000 +0000" catchup-id="1296685834"><title>Nick Music</title><date></date><icon src="https://t-mobiletv.nl:443/CPS/images/universal/film/program/202211/20221115/90/202211150901005095z9.jpg"></icon><desc>De leukste videoclips van de grootste artiesten, 24 uur per dag op Nick Music!</desc><category></category></programme><programme channel="141431319" start="20221122170000 +0000" stop="20221122230000 +0000" catchup-id="1296685840"><title>Nick Music</title><date></date><icon src="https://t-mobiletv.nl:443/CPS/images/universal/film/program/202211/20221115/61/2022111509010050943y.jpg"></icon><desc>De leukste videoclips van de grootste artiesten, 24 uur per dag op Nick Music!</desc><category></category></programme><programme channel="141431319" start="20221122230000 +0000" stop="20221123050000 +0000" catchup-id="1297087585"><title>Nick Music</title><date></date><icon src="https://t-mobiletv.nl:443/CPS/images/universal/film/program/202211/20221116/23/20221116090029732xix.jpg"></icon><desc>De leukste videoclips van de grootste artiesten, 24 uur per dag op Nick Music!</desc><category></category></programme><programme channel="141431319" start="20221123050000 +0000" stop="20221123110000 +0000" catchup-id="1297087591"><title>Nick Music</title><date></date><icon src="https://t-mobiletv.nl:443/CPS/images/universal/film/program/202211/20221116/56/20221116090029732z1u.jpg"></icon><desc>De leukste videoclips van de grootste artiesten, 24 uur per dag op Nick Music!</desc><category></category></programme><programme channel="141431319" start="20221123110000 +0000" stop="20221123170000 +0000" catchup-id="1297087725"><title>Nick Music</title><date></date><icon src="https://t-mobiletv.nl:443/CPS/images/universal/film/program/202211/20221116/50/20221116090029732uqi.jpg"></icon><desc>De leukste videoclips van de grootste artiesten, 24 uur per dag op Nick Music!</desc><category></category></programme><programme channel="141431319" start="20221123170000 +0000" stop="20221123230000 +0000" catchup-id="1297087731"><title>Nick Music</title><date></date><icon src="https://t-mobiletv.nl:443/CPS/images/universal/film/program/202211/20221116/54/20221116090029732di1.jpg"></icon><desc>De leukste videoclips van de grootste artiesten, 24 uur per dag op Nick Music!</desc><category></category></programme><programme channel="141431319" start="20221123230000 +0000" stop="20221124050000 +0000" catchup-id="1297586997"><title>Nick Music</title><date></date><icon src="https://t-mobiletv.nl:443/CPS/images/universal/film/program/202211/20221117/78/20221117090130519n59.jpg"></icon><desc>De leukste videoclips van de grootste artiesten, 24 uur per dag op Nick Music!</desc><category></category></programme><programme channel="141431319" start="20221124050000 +0000" stop="20221124110000 +0000" catchup-id="1297587003"><title>Nick Music</title><date></date><icon src="https://t-mobiletv.nl:443/CPS/images/universal/film/program/202211/20221117/4/20221117090130519q2q.jpg"></icon><desc>De leukste videoclips van de grootste artiesten, 24 uur per dag op Nick Music!</desc><category></category></programme><programme channel="141431319" start="20221124110000 +0000" stop="20221124170000 +0000" catchup-id="1297587009"><title>Nick Music</title><date></date><icon src="https://t-mobiletv.nl:443/CPS/images/universal/film/program/202211/20221117/39/202211170901305194ks.jpg"></icon><desc>De leukste videoclips van de grootste artiesten, 24 uur per dag op Nick Music!</desc><category></category></programme><programme channel="141431319" start="20221124170000 +0000" stop="20221124230000 +0000" catchup-id="1297587015"><title>Nick Music</title><date></date><icon src="https://t-mobiletv.nl:443/CPS/images/universal/film/program/202211/20221117/36/20221117090130519bf6.jpg"></icon><desc>De leukste videoclips van de grootste artiesten, 24 uur per dag op Nick Music!</desc><category></category></programme><programme channel="141431319" start="20221124230000 +0000" stop="20221125050000 +0000" catchup-id="1297982456"><title>Nick Music</title><date></date><icon src="https://t-mobiletv.nl:443/CPS/images/universal/film/program/202211/20221118/71/202211180900405685z9.jpg"></icon><desc>De leukste videoclips van de grootste artiesten, 24 uur per dag op Nick Music!</desc><category></category></programme><programme channel="141431319" start="20221125050000 +0000" stop="20221125110000 +0000" catchup-id="1297982462"><title>Nick Music</title><date></date><icon src="https://t-mobiletv.nl:443/CPS/images/universal/film/program/202211/20221118/59/20221118090040568u55.jpg"></icon><desc>De leukste videoclips van de grootste artiesten, 24 uur per dag op Nick Music!</desc><category></category></programme><programme channel="141431319" start="20221125110000 +0000" stop="20221125170000 +0000" catchup-id="1297982468"><title>Nick Music</title><date></date><icon src="https://t-mobiletv.nl:443/CPS/images/universal/film/program/202211/20221118/91/20221118090040568x79.jpg"></icon><desc>De leukste videoclips van de grootste artiesten, 24 uur per dag op Nick Music!</desc><category></category></programme><programme channel="141431319" start="20221125170000 +0000" stop="20221125230000 +0000" catchup-id="1297982474"><title>Nick Music</title><date></date><icon src="https://t-mobiletv.nl:443/CPS/images/universal/film/program/202211/20221118/26/20221118090040568jom.jpg"></icon><desc>De leukste videoclips van de grootste artiesten, 24 uur per dag op Nick Music!</desc><category></category></programme><programme channel="141431319" start="20221125230000 +0000" stop="20221126050000 +0000" catchup-id="1298422776"><title>Nick Music</title><date></date><icon src="https://t-mobiletv.nl:443/CPS/images/universal/film/program/202211/20221119/5/20221119090125507cuk.jpg"></icon><desc>De leukste videoclips van de grootste artiesten, 24 uur per dag op Nick Music!</desc><category></category></programme><programme channel="141431319" start="20221126050000 +0000" stop="20221126110000 +0000" catchup-id="1298422782"><title>Nick Music</title><date></date><icon src="https://t-mobiletv.nl:443/CPS/images/universal/film/program/202211/20221119/69/20221119090125508oen.jpg"></icon><desc>De leukste videoclips van de grootste artiesten, 24 uur per dag op Nick Music!</desc><category></category></programme><programme channel="141431319" start="20221126110000 +0000" stop="20221126170000 +0000" catchup-id="1298422788"><title>Nick Music</title><date></date><icon src="https://t-mobiletv.nl:443/CPS/images/universal/film/program/202211/20221119/51/20221119090125508k3l.jpg"></icon><desc>De leukste videoclips van de grootste artiesten, 24 uur per dag op Nick Music!</desc><category></category></programme><programme channel="141431319" start="20221126170000 +0000" stop="20221126230000 +0000" catchup-id="1298422794"><title>Nick Music</title><date></date><icon src="https://t-mobiletv.nl:443/CPS/images/universal/film/program/202211/20221119/61/202211190901255089f1.jpg"></icon><desc>De leukste videoclips van de grootste artiesten, 24 uur per dag op Nick Music!</desc><category></category></programme><programme channel="141431319" start="20221126230000 +0000" stop="20221127050000 +0000" catchup-id="1298822035"><title>Nick Music</title><date></date><icon src="https://t-mobiletv.nl:443/CPS/images/universal/film/program/202211/20221120/16/20221120090104733iux.jpg"></icon><desc>De leukste videoclips van de grootste artiesten, 24 uur per dag op Nick Music!</desc><category></category></programme><programme channel="141431319" start="20221127050000 +0000" stop="20221127110000 +0000" catchup-id="1298822041"><title>Nick Music</title><date></date><icon src="https://t-mobiletv.nl:443/CPS/images/universal/film/program/202211/20221120/98/20221120090104733lan.jpg"></icon><desc>De leukste videoclips van de grootste artiesten, 24 uur per dag op Nick Music!</desc><category></category></programme><programme channel="141431319" start="20221127110000 +0000" stop="20221127170000 +0000" catchup-id="1298822047"><title>Nick Music</title><date></date><icon src="https://t-mobiletv.nl:443/CPS/images/universal/film/program/202211/20221120/87/20221120090104733dk6.jpg"></icon><desc>De leukste videoclips van de grootste artiesten, 24 uur per dag op Nick Music!</desc><category></category></programme><programme channel="141431319" start="20221127170000 +0000" stop="20221127230000 +0000" catchup-id="1298822053"><title>Nick Music</title><date></date><icon src="https://t-mobiletv.nl:443/CPS/images/universal/film/program/202211/20221120/75/202211200901047334pa.jpg"></icon><desc>De leukste videoclips van de grootste artiesten, 24 uur per dag op Nick Music!</desc><category></category></programme><programme channel="141431319" start="20221127230000 +0000" stop="20221128050000 +0000" catchup-id="1299187388"><title>Nick Music</title><date></date><icon src="https://t-mobiletv.nl:443/CPS/images/universal/film/program/202211/20221121/62/20221121090035517e9v.jpg"></icon><desc>De leukste videoclips van de grootste artiesten, 24 uur per dag op Nick Music!</desc><category></category></programme><programme channel="141431319" start="20221128050000 +0000" stop="20221128110000 +0000" catchup-id="1299187394"><title>Nick Music</title><date></date><icon src="https://t-mobiletv.nl:443/CPS/images/universal/film/program/202211/20221121/38/20221121090035517taw.jpg"></icon><desc>De leukste videoclips van de grootste artiesten, 24 uur per dag op Nick Music!</desc><category></category></programme><programme channel="141431319" start="20221128110000 +0000" stop="20221128170000 +0000" catchup-id="1299187400"><title>Nick Music</title><date></date><icon src="https://t-mobiletv.nl:443/CPS/images/universal/film/program/202211/20221121/56/20221121090035517avu.jpg"></icon><desc>De leukste videoclips van de grootste artiesten, 24 uur per dag op Nick Music!</desc><category></category></programme><programme channel="141431319" start="20221128170000 +0000" stop="20221128230000 +0000" catchup-id="1299187406"><title>Nick Music</title><date></date><icon src="https://t-mobiletv.nl:443/CPS/images/universal/film/program/202211/20221121/59/20221121090035517cic.jpg"></icon><desc>De leukste videoclips van de grootste artiesten, 24 uur per dag op Nick Music!</desc><category></category></programme><programme channel="141431319" start="20221128230000 +0000" stop="20221129050000 +0000" catchup-id="1299599469"><title>Nick Music</title><date></date><icon src="https://t-mobiletv.nl:443/CPS/images/universal/film/program/202211/20221122/11/20221122090115527t9b.jpg"></icon><desc>De leukste videoclips van de grootste artiesten, 24 uur per dag op Nick Music!</desc><category></category></programme><programme channel="141431319" start="20221129050000 +0000" stop="20221129110000 +0000" catchup-id="1299599475"><title>Nick Music</title><date></date><icon src="https://t-mobiletv.nl:443/CPS/images/universal/film/program/202211/20221122/83/20221122090115528eil.jpg"></icon><desc>De leukste videoclips van de grootste artiesten, 24 uur per dag op Nick Music!</desc><category></category></programme><programme channel="141431319" start="20221129110000 +0000" stop="20221129170000 +0000" catchup-id="1299599481"><title>Nick Music</title><date></date><icon src="https://t-mobiletv.nl:443/CPS/images/universal/film/program/202211/20221122/82/2022112209011552808u.jpg"></icon><desc>De leukste videoclips van de grootste artiesten, 24 uur per dag op Nick Music!</desc><category></category></programme><programme channel="141431319" start="20221129170000 +0000" stop="20221129230000 +0000" catchup-id="1299599487"><title>Nick Music</title><date></date><icon src="https://t-mobiletv.nl:443/CPS/images/universal/film/program/202211/20221122/99/20221122090115528eg9.jpg"></icon><desc>De leukste videoclips van de grootste artiesten, 24 uur per dag op Nick Music!</desc><category></category></programme><programme channel="141431319" start="20221129230000 +0000" stop="20221130050000 +0000" catchup-id="1300038595"><title>Nick Music</title><date></date><icon src="https://t-mobiletv.nl:443/CPS/images/universal/film/program/202211/20221123/24/202211230901312834b4.jpg"></icon><desc>De leukste videoclips van de grootste artiesten, 24 uur per dag op Nick Music!</desc><category></category></programme><programme channel="141431319" start="20221130050000 +0000" stop="20221130110000 +0000" catchup-id="1300038601"><title>Nick Music</title><date></date><icon src="https://t-mobiletv.nl:443/CPS/images/universal/film/program/202211/20221123/56/20221123090131283mq3.jpg"></icon><desc>De leukste videoclips van de grootste artiesten, 24 uur per dag op Nick Music!</desc><category></category></programme><programme channel="141431319" start="20221130110000 +0000" stop="20221130170000 +0000" catchup-id="1300038607"><title>Nick Music</title><date></date><icon src="https://t-mobiletv.nl:443/CPS/images/universal/film/program/202211/20221123/53/202211230901312837un.jpg"></icon><desc>De leukste videoclips van de grootste artiesten, 24 uur per dag op Nick Music!</desc><category></category></programme><programme channel="141431319" start="20221130170000 +0000" stop="20221130230000 +0000" catchup-id="1300038613"><title>Nick Music</title><date></date><icon src="https://t-mobiletv.nl:443/CPS/images/universal/film/program/202211/20221123/84/20221123090131283u58.jpg"></icon><desc>De leukste videoclips van de grootste artiesten, 24 uur per dag op Nick Music!</desc><category></category></programme><programme channel="141431319" start="20221130230000 +0000" stop="20221201050000 +0000" catchup-id="1300409694"><title>Nick Music</title><date></date><icon src="https://t-mobiletv.nl:443/CPS/images/universal/film/program/202211/20221124/60/2022112409003974486p.jpg"></icon><desc>De leukste videoclips van de grootste artiesten, 24 uur per dag op Nick Music!</desc><category></category></programme><programme channel="141431319" start="20221201050000 +0000" stop="20221201110000 +0000" catchup-id="1300409700"><title>Nick Music</title><date></date><icon src="https://t-mobiletv.nl:443/CPS/images/universal/film/program/202211/20221124/6/202211240900397442dv.jpg"></icon><desc>De leukste videoclips van de grootste artiesten, 24 uur per dag op Nick Music!</desc><category></category></programme><programme channel="141431319" start="20221201110000 +0000" stop="20221201170000 +0000" catchup-id="1300409706"><title>Nick Music</title><date></date><icon src="https://t-mobiletv.nl:443/CPS/images/universal/film/program/202211/20221124/48/20221124090039744ntf.jpg"></icon><desc>De leukste videoclips van de grootste artiesten, 24 uur per dag op Nick Music!</desc><category></category></programme><programme channel="141431319" start="20221201170000 +0000" stop="20221201230000 +0000" catchup-id="1300409712"><title>Nick Music</title><date></date><icon src="https://t-mobiletv.nl:443/CPS/images/universal/film/program/202211/20221124/26/2022112409003974472x.jpg"></icon><desc>De leukste videoclips van de grootste artiesten, 24 uur per dag op Nick Music!</desc><category></category></programme><programme channel="141431319" start="20221201230000 +0000" stop="20221202050000 +0000" catchup-id="1300859202"><title>Nick Music</title><date></date><icon src="https://t-mobiletv.nl:443/CPS/images/universal/film/program/202211/20221125/29/20221125090105522wj4.jpg"></icon><desc>De leukste videoclips van de grootste artiesten, 24 uur per dag op Nick Music!</desc><category></category></programme><programme channel="141431319" start="20221202050000 +0000" stop="20221202110000 +0000" catchup-id="1300859208"><title>Nick Music</title><date></date><icon src="https://t-mobiletv.nl:443/CPS/images/universal/film/program/202211/20221125/42/20221125090105522jnv.jpg"></icon><desc>De leukste videoclips van de grootste artiesten, 24 uur per dag op Nick Music!</desc><category></category></programme><programme channel="141431319" start="20221202110000 +0000" stop="20221202170000 +0000" catchup-id="1300859214"><title>Nick Music</title><date></date><icon src="https://t-mobiletv.nl:443/CPS/images/universal/film/program/202211/20221125/32/202211250901055228i0.jpg"></icon><desc>De leukste videoclips van de grootste artiesten, 24 uur per dag op Nick Music!</desc><category></category></programme>