<programme channel="141431538" start="20221119070000 +0000" stop="20221119100000 +0000" catchup-id="1295492476"><title>Top 40 Rock Anthems Vs Pop Hits</title><date></date><icon src="https://t-mobiletv.nl:443/CPS/images/universal/film/program/202211/20221112/62/20221112090115509sgt.jpg"></icon><desc></desc><category></category></programme><programme channel="141431538" start="20221119100000 +0000" stop="20221119130000 +0000" catchup-id="1295492482"><title>We Love The 00s!</title><date></date><icon src="https://t-mobiletv.nl:443/CPS/images/universal/film/program/202211/20221112/88/20221112090115509rs3.jpg"></icon><desc></desc><category></category></programme><programme channel="141431538" start="20221119130000 +0000" stop="20221119140000 +0000" catchup-id="1295492488"><title>2 4 1 Hits!</title><date></date><icon src="https://t-mobiletv.nl:443/CPS/images/universal/film/program/202211/20221112/7/20221112090115509u5t.jpg"></icon><desc></desc><category></category></programme><programme channel="141431538" start="20221119140000 +0000" stop="20221119180000 +0000" catchup-id="1295492494"><title>Hits Don't Lie</title><date></date><icon src="https://t-mobiletv.nl:443/CPS/images/universal/film/program/202211/20221112/54/20221112090115509mfx.jpg"></icon><desc></desc><category></category></programme><programme channel="141431538" start="20221119180000 +0000" stop="20221119190000 +0000" catchup-id="1295492500"><title>Rock'N'Roll Anthems!</title><date></date><icon src="https://t-mobiletv.nl:443/CPS/images/universal/film/program/202211/20221112/75/20221112090115509kxg.jpg"></icon><desc></desc><category></category></programme><programme channel="141431538" start="20221119190000 +0000" stop="20221120010000 +0000" catchup-id="1295492506"><title>Non-Stop Nostalgia</title><date></date><icon src="https://t-mobiletv.nl:443/CPS/images/universal/film/program/202211/20221112/99/202211120901155093s2.jpg"></icon><desc></desc><category></category></programme><programme channel="141431538" start="20221120010000 +0000" stop="20221120030000 +0000" catchup-id="1295902949"><title>Non-Stop Nostalgia</title><date></date><icon src="https://t-mobiletv.nl:443/CPS/images/universal/film/program/202211/20221113/50/202211130901148461bg.jpg"></icon><desc></desc><category></category></programme><programme channel="141431538" start="20221120030000 +0000" stop="20221120070000 +0000" catchup-id="1295903147"><title>Non-Stop Nostalgia</title><date></date><icon src="https://t-mobiletv.nl:443/CPS/images/universal/film/program/202211/20221113/39/20221113090114846fbr.jpg"></icon><desc></desc><category></category></programme><programme channel="141431538" start="20221120070000 +0000" stop="20221120080000 +0000" catchup-id="1295903153"><title>Class Of 2009</title><date></date><icon src="https://t-mobiletv.nl:443/CPS/images/universal/film/program/202211/20221113/4/20221113090114846j7h.jpg"></icon><desc></desc><category></category></programme><programme channel="141431538" start="20221120080000 +0000" stop="20221120100000 +0000" catchup-id="1295903159"><title>We Love The 00s!</title><date></date><icon src="https://t-mobiletv.nl:443/CPS/images/universal/film/program/202211/20221113/58/20221113090114847hms.jpg"></icon><desc></desc><category></category></programme><programme channel="141431538" start="20221120100000 +0000" stop="20221120130000 +0000" catchup-id="1295903165"><title>Top 40 R'n'b &amp; Hip Hop Vs Dance...</title><date></date><icon src="https://t-mobiletv.nl:443/CPS/images/universal/film/program/202211/20221113/7/20221113090114847bqk.jpg"></icon><desc></desc><category></category></programme><programme channel="141431538" start="20221120130000 +0000" stop="20221120140000 +0000" catchup-id="1295903171"><title>Class Of 2009</title><date></date><icon src="https://t-mobiletv.nl:443/CPS/images/universal/film/program/202211/20221113/99/20221113090114847mpy.jpg"></icon><desc></desc><category></category></programme><programme channel="141431538" start="20221120140000 +0000" stop="20221120180000 +0000" catchup-id="1295903177"><title>Hits Don't Lie</title><date></date><icon src="https://t-mobiletv.nl:443/CPS/images/universal/film/program/202211/20221113/94/2022111309011484789f.jpg"></icon><desc></desc><category></category></programme><programme channel="141431538" start="20221120180000 +0000" stop="20221120190000 +0000" catchup-id="1295903183"><title>Crazy In Love!</title><date></date><icon src="https://t-mobiletv.nl:443/CPS/images/universal/film/program/202211/20221113/96/20221113090114847p6p.jpg"></icon><desc></desc><category></category></programme><programme channel="141431538" start="20221120190000 +0000" stop="20221121010000 +0000" catchup-id="1295903189"><title>Non-Stop Nostalgia</title><date></date><icon src="https://t-mobiletv.nl:443/CPS/images/universal/film/program/202211/20221113/32/202211130901148479sf.jpg"></icon><desc></desc><category></category></programme><programme channel="141431538" start="20221121010000 +0000" stop="20221121030000 +0000" catchup-id="1296264401"><title>Non-Stop Nostalgia</title><date></date><icon src="https://t-mobiletv.nl:443/CPS/images/universal/film/program/202211/20221114/87/202211140901097165ha.jpg"></icon><desc></desc><category></category></programme><programme channel="141431538" start="20221121030000 +0000" stop="20221121070035 +0000" catchup-id="1296264407"><title>Non-Stop Nostalgia</title><date></date><icon src="https://t-mobiletv.nl:443/CPS/images/universal/film/program/202211/20221114/58/20221114090109716nvh.jpg"></icon><desc></desc><category></category></programme><programme channel="141431538" start="20221121070035 +0000" stop="20221121075929 +0000" catchup-id="1296264413"><title>Rock Vs Pop: The Boys!</title><date></date><icon src="https://t-mobiletv.nl:443/CPS/images/universal/film/program/202211/20221114/60/20221114090109716j7u.jpg"></icon><desc></desc><category></category></programme><programme channel="141431538" start="20221121075929 +0000" stop="20221121130021 +0000" catchup-id="1296264419"><title>We Love The 00s!</title><date></date><icon src="https://t-mobiletv.nl:443/CPS/images/universal/film/program/202211/20221114/84/20221114090109716k2j.jpg"></icon><desc></desc><category></category></programme><programme channel="141431538" start="20221121130021 +0000" stop="20221121135746 +0000" catchup-id="1296264425"><title>Rock Vs Pop: The Boys!</title><date></date><icon src="https://t-mobiletv.nl:443/CPS/images/universal/film/program/202211/20221114/50/20221114090109716n9c.jpg"></icon><desc></desc><category></category></programme><programme channel="141431538" start="20221121135746 +0000" stop="20221121175943 +0000" catchup-id="1296264431"><title>Hits Don't Lie</title><date></date><icon src="https://t-mobiletv.nl:443/CPS/images/universal/film/program/202211/20221114/92/202211140901097165x4.jpg"></icon><desc></desc><category></category></programme><programme channel="141431538" start="20221121175943 +0000" stop="20221121190035 +0000" catchup-id="1296264437"><title>Chillout Zone</title><date></date><icon src="https://t-mobiletv.nl:443/CPS/images/universal/film/program/202211/20221114/19/20221114090109716pm5.jpg"></icon><desc></desc><category></category></programme><programme channel="141431538" start="20221121190035 +0000" stop="20221122010233 +0000" catchup-id="1296264443"><title>Non-Stop Nostalgia</title><date></date><icon src="https://t-mobiletv.nl:443/CPS/images/universal/film/program/202211/20221114/3/20221114090109716rru.jpg"></icon><desc></desc><category></category></programme><programme channel="141431538" start="20221122010233 +0000" stop="20221122030000 +0000" catchup-id="1296707116"><title>Non-Stop Nostalgia</title><date></date><icon src="https://t-mobiletv.nl:443/CPS/images/universal/film/program/202211/20221115/37/202211150901255115bi.jpg"></icon><desc></desc><category></category></programme><programme channel="141431538" start="20221122030000 +0000" stop="20221122070034 +0000" catchup-id="1296707122"><title>Non-Stop Nostalgia</title><date></date><icon src="https://t-mobiletv.nl:443/CPS/images/universal/film/program/202211/20221115/67/20221115090125511sv7.jpg"></icon><desc></desc><category></category></programme><programme channel="141431538" start="20221122070034 +0000" stop="20221122075952 +0000" catchup-id="1296707128"><title>Class Of 2000!</title><date></date><icon src="https://t-mobiletv.nl:443/CPS/images/universal/film/program/202211/20221115/81/20221115090125511x82.jpg"></icon><desc></desc><category></category></programme><programme channel="141431538" start="20221122075952 +0000" stop="20221122130031 +0000" catchup-id="1296707134"><title>We Love The 00s!</title><date></date><icon src="https://t-mobiletv.nl:443/CPS/images/universal/film/program/202211/20221115/35/2022111509012551168s.jpg"></icon><desc></desc><category></category></programme><programme channel="141431538" start="20221122130031 +0000" stop="20221122135906 +0000" catchup-id="1296707140"><title>Class Of 2000!</title><date></date><icon src="https://t-mobiletv.nl:443/CPS/images/universal/film/program/202211/20221115/10/20221115090125511mzk.jpg"></icon><desc></desc><category></category></programme><programme channel="141431538" start="20221122135906 +0000" stop="20221122175926 +0000" catchup-id="1296707146"><title>Hits Don't Lie</title><date></date><icon src="https://t-mobiletv.nl:443/CPS/images/universal/film/program/202211/20221115/93/202211150901255113iw.jpg"></icon><desc></desc><category></category></programme><programme channel="141431538" start="20221122175926 +0000" stop="20221122190010 +0000" catchup-id="1296707152"><title>Classic Collabs!</title><date></date><icon src="https://t-mobiletv.nl:443/CPS/images/universal/film/program/202211/20221115/73/20221115090125512232.jpg"></icon><desc></desc><category></category></programme><programme channel="141431538" start="20221122190010 +0000" stop="20221123010037 +0000" catchup-id="1296707158"><title>Non-Stop Nostalgia</title><date></date><icon src="https://t-mobiletv.nl:443/CPS/images/universal/film/program/202211/20221115/80/20221115090125512gic.jpg"></icon><desc></desc><category></category></programme><programme channel="141431538" start="20221123010037 +0000" stop="20221123030000 +0000" catchup-id="1297122635"><title>Non-Stop Nostalgia</title><date></date><icon src="https://t-mobiletv.nl:443/CPS/images/universal/film/program/202211/20221116/64/20221116090120525in9.jpg"></icon><desc></desc><category></category></programme><programme channel="141431538" start="20221123030000 +0000" stop="20221123070008 +0000" catchup-id="1297122641"><title>Non-Stop Nostalgia</title><date></date><icon src="https://t-mobiletv.nl:443/CPS/images/universal/film/program/202211/20221116/10/202211160901205250v2.jpg"></icon><desc></desc><category></category></programme><programme channel="141431538" start="20221123070008 +0000" stop="20221123075921 +0000" catchup-id="1297122647"><title>2 4 1 Hits!</title><date></date><icon src="https://t-mobiletv.nl:443/CPS/images/universal/film/program/202211/20221116/89/20221116090120525oxj.jpg"></icon><desc></desc><category></category></programme><programme channel="141431538" start="20221123075921 +0000" stop="20221123125922 +0000" catchup-id="1297122653"><title>We Love The 00s!</title><date></date><icon src="https://t-mobiletv.nl:443/CPS/images/universal/film/program/202211/20221116/37/202211160901205255j8.jpg"></icon><desc></desc><category></category></programme><programme channel="141431538" start="20221123125922 +0000" stop="20221123135934 +0000" catchup-id="1297122659"><title>2 4 1 Hits!</title><date></date><icon src="https://t-mobiletv.nl:443/CPS/images/universal/film/program/202211/20221116/6/202211160901205259w0.jpg"></icon><desc></desc><category></category></programme><programme channel="141431538" start="20221123135934 +0000" stop="20221123180052 +0000" catchup-id="1297122665"><title>Hits Don't Lie</title><date></date><icon src="https://t-mobiletv.nl:443/CPS/images/universal/film/program/202211/20221116/35/20221116090120525nm3.jpg"></icon><desc></desc><category></category></programme><programme channel="141431538" start="20221123180052 +0000" stop="20221123190133 +0000" catchup-id="1297122671"><title>Can't Fight The Pop Ballads!</title><date></date><icon src="https://t-mobiletv.nl:443/CPS/images/universal/film/program/202211/20221116/41/20221116090120525hst.jpg"></icon><desc></desc><category></category></programme><programme channel="141431538" start="20221123190133 +0000" stop="20221124010021 +0000" catchup-id="1297122677"><title>Non-Stop Nostalgia</title><date></date><icon src="https://t-mobiletv.nl:443/CPS/images/universal/film/program/202211/20221116/45/202211160901205252x9.jpg"></icon><desc></desc><category></category></programme><programme channel="141431538" start="20221124010021 +0000" stop="20221124030000 +0000" catchup-id="1297561555"><title>Non-Stop Nostalgia</title><date></date><icon src="https://t-mobiletv.nl:443/CPS/images/universal/film/program/202211/20221117/66/20221117090054711jgw.jpg"></icon><desc></desc><category></category></programme><programme channel="141431538" start="20221124030000 +0000" stop="20221124070006 +0000" catchup-id="1297561561"><title>Non-Stop Nostalgia</title><date></date><icon src="https://t-mobiletv.nl:443/CPS/images/universal/film/program/202211/20221117/94/20221117090054711iv8.jpg"></icon><desc></desc><category></category></programme><programme channel="141431538" start="20221124070006 +0000" stop="20221124080122 +0000" catchup-id="1297561567"><title>Class Of 2001!</title><date></date><icon src="https://t-mobiletv.nl:443/CPS/images/universal/film/program/202211/20221117/86/202211170900547117o4.jpg"></icon><desc></desc><category></category></programme><programme channel="141431538" start="20221124080122 +0000" stop="20221124130042 +0000" catchup-id="1297561573"><title>We Love The 00s!</title><date></date><icon src="https://t-mobiletv.nl:443/CPS/images/universal/film/program/202211/20221117/79/20221117090054711tey.jpg"></icon><desc></desc><category></category></programme><programme channel="141431538" start="20221124130042 +0000" stop="20221124135918 +0000" catchup-id="1297561643"><title>Class Of 2001!</title><date></date><icon src="https://t-mobiletv.nl:443/CPS/images/universal/film/program/202211/20221117/10/20221117090054711lku.jpg"></icon><desc></desc><category></category></programme><programme channel="141431538" start="20221124135918 +0000" stop="20221124175929 +0000" catchup-id="1297561649"><title>Hits Don't Lie</title><date></date><icon src="https://t-mobiletv.nl:443/CPS/images/universal/film/program/202211/20221117/9/20221117090054711gt2.jpg"></icon><desc></desc><category></category></programme><programme channel="141431538" start="20221124175929 +0000" stop="20221124190108 +0000" catchup-id="1297561655"><title>Rap &amp; R'n'B Jamz</title><date></date><icon src="https://t-mobiletv.nl:443/CPS/images/universal/film/program/202211/20221117/99/20221117090054711wyf.jpg"></icon><desc></desc><category></category></programme><programme channel="141431538" start="20221124190108 +0000" stop="20221125010131 +0000" catchup-id="1297561661"><title>Non-Stop Nostalgia</title><date></date><icon src="https://t-mobiletv.nl:443/CPS/images/universal/film/program/202211/20221117/58/202211170900547114f2.jpg"></icon><desc></desc><category></category></programme><programme channel="141431538" start="20221125010131 +0000" stop="20221125030000 +0000" catchup-id="1297998611"><title>Non-Stop Nostalgia</title><date></date><icon src="https://t-mobiletv.nl:443/CPS/images/universal/film/program/202211/20221118/65/202211180901097186fp.jpg"></icon><desc></desc><category></category></programme><programme channel="141431538" start="20221125030000 +0000" stop="20221125070009 +0000" catchup-id="1297998617"><title>Non-Stop Nostalgia</title><date></date><icon src="https://t-mobiletv.nl:443/CPS/images/universal/film/program/202211/20221118/81/202211180901097181dt.jpg"></icon><desc></desc><category></category></programme><programme channel="141431538" start="20221125070009 +0000" stop="20221125080108 +0000" catchup-id="1297998623"><title>Maroon 5 X Coldplay</title><date></date><icon src="https://t-mobiletv.nl:443/CPS/images/universal/film/program/202211/20221118/64/202211180901097185pu.jpg"></icon><desc></desc><category></category></programme><programme channel="141431538" start="20221125080108 +0000" stop="20221125125945 +0000" catchup-id="1297998629"><title>We Love The 00s!</title><date></date><icon src="https://t-mobiletv.nl:443/CPS/images/universal/film/program/202211/20221118/61/20221118090109718mvh.jpg"></icon><desc></desc><category></category></programme><programme channel="141431538" start="20221125125945 +0000" stop="20221125140037 +0000" catchup-id="1297998635"><title>Maroon 5 X Coldplay</title><date></date><icon src="https://t-mobiletv.nl:443/CPS/images/universal/film/program/202211/20221118/65/20221118090109718utc.jpg"></icon><desc></desc><category></category></programme><programme channel="141431538" start="20221125140037 +0000" stop="20221125180021 +0000" catchup-id="1297998641"><title>Hits Don't Lie</title><date></date><icon src="https://t-mobiletv.nl:443/CPS/images/universal/film/program/202211/20221118/69/202211180901097187ro.jpg"></icon><desc></desc><category></category></programme><programme channel="141431538" start="20221125180021 +0000" stop="20221125185917 +0000" catchup-id="1297998647"><title>Dancefloor Fillers!</title><date></date><icon src="https://t-mobiletv.nl:443/CPS/images/universal/film/program/202211/20221118/6/20221118090109718viw.jpg"></icon><desc></desc><category></category></programme><programme channel="141431538" start="20221125185917 +0000" stop="20221125220037 +0000" catchup-id="1297998653"><title>40 Feel-Good Anthems From The...</title><date></date><icon src="https://t-mobiletv.nl:443/CPS/images/universal/film/program/202211/20221118/31/20221118090109718ivn.jpg"></icon><desc></desc><category></category></programme><programme channel="141431538" start="20221125220037 +0000" stop="20221126010014 +0000" catchup-id="1297998659"><title>Non-Stop Nostalgia</title><date></date><icon src="https://t-mobiletv.nl:443/CPS/images/universal/film/program/202211/20221118/28/202211180901097186x5.jpg"></icon><desc></desc><category></category></programme><programme channel="141431538" start="20221126010014 +0000" stop="20221126030000 +0000" catchup-id="1298406642"><title>Non-Stop Nostalgia</title><date></date><icon src="https://t-mobiletv.nl:443/CPS/images/universal/film/program/202211/20221119/39/20221119090104710eor.jpg"></icon><desc></desc><category></category></programme><programme channel="141431538" start="20221126030000 +0000" stop="20221126070121 +0000" catchup-id="1298406648"><title>Non-Stop Nostalgia</title><date></date><icon src="https://t-mobiletv.nl:443/CPS/images/universal/film/program/202211/20221119/94/20221119090104710l0f.jpg"></icon><desc></desc><category></category></programme><programme channel="141431538" start="20221126070121 +0000" stop="20221126095958 +0000" catchup-id="1298406654"><title>Boys In Love! Top 40</title><date></date><icon src="https://t-mobiletv.nl:443/CPS/images/universal/film/program/202211/20221119/20/20221119090104710ems.jpg"></icon><desc></desc><category></category></programme><programme channel="141431538" start="20221126095958 +0000" stop="20221126130049 +0000" catchup-id="1298406660"><title>We Love The 00s!</title><date></date><icon src="https://t-mobiletv.nl:443/CPS/images/universal/film/program/202211/20221119/38/2022111909010471049i.jpg"></icon><desc></desc><category></category></programme><programme channel="141431538" start="20221126130049 +0000" stop="20221126135932 +0000" catchup-id="1298406666"><title>2 4 1 Hits!</title><date></date><icon src="https://t-mobiletv.nl:443/CPS/images/universal/film/program/202211/20221119/64/20221119090104710qv9.jpg"></icon><desc></desc><category></category></programme><programme channel="141431538" start="20221126135932 +0000" stop="20221126175944 +0000" catchup-id="1298406672"><title>Hits Don't Lie</title><date></date><icon src="https://t-mobiletv.nl:443/CPS/images/universal/film/program/202211/20221119/68/202211190901047108f1.jpg"></icon><desc></desc><category></category></programme><programme channel="141431538" start="20221126175944 +0000" stop="20221126190054 +0000" catchup-id="1298406678"><title>Rock'N'Roll Anthems!</title><date></date><icon src="https://t-mobiletv.nl:443/CPS/images/universal/film/program/202211/20221119/7/20221119090104710ipd.jpg"></icon><desc></desc><category></category></programme><programme channel="141431538" start="20221126190054 +0000" stop="20221127010036 +0000" catchup-id="1298406684"><title>Non-Stop Nostalgia</title><date></date><icon src="https://t-mobiletv.nl:443/CPS/images/universal/film/program/202211/20221119/23/202211190901047101at.jpg"></icon><desc></desc><category></category></programme><programme channel="141431538" start="20221127010036 +0000" stop="20221127030000 +0000" catchup-id="1298833341"><title>Non-Stop Nostalgia</title><date></date><icon src="https://t-mobiletv.nl:443/CPS/images/universal/film/program/202211/20221120/7/202211200901247042yg.jpg"></icon><desc></desc><category></category></programme><programme channel="141431538" start="20221127030000 +0000" stop="20221127065942 +0000" catchup-id="1298833347"><title>Non-Stop Nostalgia</title><date></date><icon src="https://t-mobiletv.nl:443/CPS/images/universal/film/program/202211/20221120/2/20221120090124705rb7.jpg"></icon><desc></desc><category></category></programme><programme channel="141431538" start="20221127065942 +0000" stop="20221127075904 +0000" catchup-id="1298833353"><title>Class Of 2002!</title><date></date><icon src="https://t-mobiletv.nl:443/CPS/images/universal/film/program/202211/20221120/32/20221120090124705f19.jpg"></icon><desc></desc><category></category></programme><programme channel="141431538" start="20221127075904 +0000" stop="20221127095946 +0000" catchup-id="1298833359"><title>We Love The 00s!</title><date></date><icon src="https://t-mobiletv.nl:443/CPS/images/universal/film/program/202211/20221120/10/20221120090124705ynn.jpg"></icon><desc></desc><category></category></programme><programme channel="141431538" start="20221127095946 +0000" stop="20221127124227 +0000" catchup-id="1298833365"><title>Mega Hits From The Boys! Top 40</title><date></date><icon src="https://t-mobiletv.nl:443/CPS/images/universal/film/program/202211/20221120/32/202211200901247050sq.jpg"></icon><desc></desc><category></category></programme><programme channel="141431538" start="20221127124227 +0000" stop="20221127140035 +0000" catchup-id="1298833371"><title>Class Of 2002!</title><date></date><icon src="https://t-mobiletv.nl:443/CPS/images/universal/film/program/202211/20221120/80/202211200901247054ms.jpg"></icon><desc></desc><category></category></programme><programme channel="141431538" start="20221127140035 +0000" stop="20221127175925 +0000" catchup-id="1298833377"><title>Hits Don't Lie</title><date></date><icon src="https://t-mobiletv.nl:443/CPS/images/universal/film/program/202211/20221120/60/20221120090124705fq6.jpg"></icon><desc></desc><category></category></programme><programme channel="141431538" start="20221127175925 +0000" stop="20221127185917 +0000" catchup-id="1298833383"><title>Crazy In Love!</title><date></date><icon src="https://t-mobiletv.nl:443/CPS/images/universal/film/program/202211/20221120/90/20221120090124705m6a.jpg"></icon><desc></desc><category></category></programme><programme channel="141431538" start="20221127185917 +0000" stop="20221128010034 +0000" catchup-id="1298834669"><title>Non-Stop Nostalgia</title><date></date><icon src="https://t-mobiletv.nl:443/CPS/images/universal/film/program/202211/20221120/29/20221120090124705l97.jpg"></icon><desc></desc><category></category></programme><programme channel="141431538" start="20221128010034 +0000" stop="20221128030000 +0000" catchup-id="1299217598"><title>Non-Stop Nostalgia</title><date></date><icon src="https://t-mobiletv.nl:443/CPS/images/universal/film/program/202211/20221121/43/2022112109011558708i.jpg"></icon><desc></desc><category></category></programme><programme channel="141431538" start="20221128030000 +0000" stop="20221128070034 +0000" catchup-id="1299217604"><title>Non-Stop Nostalgia</title><date></date><icon src="https://t-mobiletv.nl:443/CPS/images/universal/film/program/202211/20221121/64/20221121090115587dfx.jpg"></icon><desc></desc><category></category></programme><programme channel="141431538" start="20221128070034 +0000" stop="20221128080146 +0000" catchup-id="1299217610"><title>Worldwide Hits From The Boys!</title><date></date><icon src="https://t-mobiletv.nl:443/CPS/images/universal/film/program/202211/20221121/92/20221121090115587emf.jpg"></icon><desc></desc><category></category></programme><programme channel="141431538" start="20221128080146 +0000" stop="20221128130035 +0000" catchup-id="1299217616"><title>We Love The 00s!</title><date></date><icon src="https://t-mobiletv.nl:443/CPS/images/universal/film/program/202211/20221121/38/20221121090115587n1z.jpg"></icon><desc></desc><category></category></programme><programme channel="141431538" start="20221128130035 +0000" stop="20221128140045 +0000" catchup-id="1299217622"><title>Worldwide Hits From The Boys!</title><date></date><icon src="https://t-mobiletv.nl:443/CPS/images/universal/film/program/202211/20221121/44/202211210901155872np.jpg"></icon><desc></desc><category></category></programme><programme channel="141431538" start="20221128140045 +0000" stop="20221128175950 +0000" catchup-id="1299217628"><title>Hits Don't Lie</title><date></date><icon src="https://t-mobiletv.nl:443/CPS/images/universal/film/program/202211/20221121/64/20221121090115587nq8.jpg"></icon><desc></desc><category></category></programme><programme channel="141431538" start="20221128175950 +0000" stop="20221128190030 +0000" catchup-id="1299217634"><title>Chillout Zone</title><date></date><icon src="https://t-mobiletv.nl:443/CPS/images/universal/film/program/202211/20221121/7/202211210901155875dt.jpg"></icon><desc></desc><category></category></programme><programme channel="141431538" start="20221128190030 +0000" stop="20221129010012 +0000" catchup-id="1299217640"><title>Non-Stop Nostalgia</title><date></date><icon src="https://t-mobiletv.nl:443/CPS/images/universal/film/program/202211/20221121/51/20221121090115587r8n.jpg"></icon><desc></desc><category></category></programme><programme channel="141431538" start="20221129010012 +0000" stop="20221129030000 +0000" catchup-id="1299581677"><title>Non-Stop Nostalgia</title><date></date><icon src="https://t-mobiletv.nl:443/CPS/images/universal/film/program/202211/20221122/27/20221122090050508820.jpg"></icon><desc></desc><category></category></programme><programme channel="141431538" start="20221129030000 +0000" stop="20221129070000 +0000" catchup-id="1299581683"><title>Non-Stop Nostalgia</title><date></date><icon src="https://t-mobiletv.nl:443/CPS/images/universal/film/program/202211/20221122/97/202211220900505082wl.jpg"></icon><desc></desc><category></category></programme><programme channel="141431538" start="20221129070000 +0000" stop="20221129080000 +0000" catchup-id="1299581689"><title>Class Of 2004!</title><date></date><icon src="https://t-mobiletv.nl:443/CPS/images/universal/film/program/202211/20221122/25/2022112209005050877n.jpg"></icon><desc></desc><category></category></programme><programme channel="141431538" start="20221129080000 +0000" stop="20221129130000 +0000" catchup-id="1299581695"><title>We Love The 00s!</title><date></date><icon src="https://t-mobiletv.nl:443/CPS/images/universal/film/program/202211/20221122/8/20221122090050508piu.jpg"></icon><desc></desc><category></category></programme><programme channel="141431538" start="20221129130000 +0000" stop="20221129140000 +0000" catchup-id="1299581701"><title>Class Of 2004!</title><date></date><icon src="https://t-mobiletv.nl:443/CPS/images/universal/film/program/202211/20221122/86/20221122090050508702.jpg"></icon><desc></desc><category></category></programme><programme channel="141431538" start="20221129140000 +0000" stop="20221129180000 +0000" catchup-id="1299581707"><title>Hits Don't Lie</title><date></date><icon src="https://t-mobiletv.nl:443/CPS/images/universal/film/program/202211/20221122/96/202211220900505098zt.jpg"></icon><desc></desc><category></category></programme><programme channel="141431538" start="20221129180000 +0000" stop="20221129190000 +0000" catchup-id="1299581713"><title>Classic Collabs!</title><date></date><icon src="https://t-mobiletv.nl:443/CPS/images/universal/film/program/202211/20221122/9/202211220900505090zw.jpg"></icon><desc></desc><category></category></programme><programme channel="141431538" start="20221129190000 +0000" stop="20221130010000 +0000" catchup-id="1299581719"><title>Non-Stop Nostalgia</title><date></date><icon src="https://t-mobiletv.nl:443/CPS/images/universal/film/program/202211/20221122/73/20221122090050509xmb.jpg"></icon><desc></desc><category></category></programme><programme channel="141431538" start="20221130010000 +0000" stop="20221130030000 +0000" catchup-id="1300037770"><title>Non-Stop Nostalgia</title><date></date><icon src="https://t-mobiletv.nl:443/CPS/images/universal/film/program/202211/20221123/90/202211230901312930dh.jpg"></icon><desc></desc><category></category></programme><programme channel="141431538" start="20221130030000 +0000" stop="20221130070000 +0000" catchup-id="1300037776"><title>Non-Stop Nostalgia</title><date></date><icon src="https://t-mobiletv.nl:443/CPS/images/universal/film/program/202211/20221123/12/20221123090131293nda.jpg"></icon><desc></desc><category></category></programme><programme channel="141431538" start="20221130070000 +0000" stop="20221130080000 +0000" catchup-id="1300037782"><title>2 4 1 Hits!</title><date></date><icon src="https://t-mobiletv.nl:443/CPS/images/universal/film/program/202211/20221123/33/202211230901312937x9.jpg"></icon><desc></desc><category></category></programme><programme channel="141431538" start="20221130080000 +0000" stop="20221130130000 +0000" catchup-id="1300037788"><title>We Love The 00s!</title><date></date><icon src="https://t-mobiletv.nl:443/CPS/images/universal/film/program/202211/20221123/81/20221123090131293ipm.jpg"></icon><desc></desc><category></category></programme><programme channel="141431538" start="20221130130000 +0000" stop="20221130140000 +0000" catchup-id="1300037794"><title>2 4 1 Hits!</title><date></date><icon src="https://t-mobiletv.nl:443/CPS/images/universal/film/program/202211/20221123/97/20221123090131294dvt.jpg"></icon><desc></desc><category></category></programme><programme channel="141431538" start="20221130140000 +0000" stop="20221130180000 +0000" catchup-id="1300037800"><title>Hits Don't Lie</title><date></date><icon src="https://t-mobiletv.nl:443/CPS/images/universal/film/program/202211/20221123/16/202211230901312941vc.jpg"></icon><desc></desc><category></category></programme><programme channel="141431538" start="20221130180000 +0000" stop="20221130190000 +0000" catchup-id="1300038638"><title>Can't Fight The Pop Ballads!</title><date></date><icon src="https://t-mobiletv.nl:443/CPS/images/universal/film/program/202211/20221123/54/20221123090131294byq.jpg"></icon><desc></desc><category></category></programme><programme channel="141431538" start="20221130190000 +0000" stop="20221201010000 +0000" catchup-id="1300038644"><title>Non-Stop Nostalgia</title><date></date><icon src="https://t-mobiletv.nl:443/CPS/images/universal/film/program/202211/20221123/8/20221123090131294mk4.jpg"></icon><desc></desc><category></category></programme><programme channel="141431538" start="20221201010000 +0000" stop="20221201030000 +0000" catchup-id="1300412075"><title>Non-Stop Nostalgia</title><date></date><icon src="https://t-mobiletv.nl:443/CPS/images/universal/film/program/202211/20221124/39/20221124090039746glh.jpg"></icon><desc></desc><category></category></programme><programme channel="141431538" start="20221201030000 +0000" stop="20221201070000 +0000" catchup-id="1300412081"><title>Non-Stop Nostalgia</title><date></date><icon src="https://t-mobiletv.nl:443/CPS/images/universal/film/program/202211/20221124/83/20221124090039746u24.jpg"></icon><desc></desc><category></category></programme><programme channel="141431538" start="20221201070000 +0000" stop="20221201080000 +0000" catchup-id="1300412087"><title>Class Of 2005!</title><date></date><icon src="https://t-mobiletv.nl:443/CPS/images/universal/film/program/202211/20221124/25/202211240900397467kv.jpg"></icon><desc></desc><category></category></programme><programme channel="141431538" start="20221201080000 +0000" stop="20221201130000 +0000" catchup-id="1300412093"><title>We Love The 00s!</title><date></date><icon src="https://t-mobiletv.nl:443/CPS/images/universal/film/program/202211/20221124/46/20221124090039747zjm.jpg"></icon><desc></desc><category></category></programme><programme channel="141431538" start="20221201130000 +0000" stop="20221201140000 +0000" catchup-id="1300412099"><title>Class Of 2005!</title><date></date><icon src="https://t-mobiletv.nl:443/CPS/images/universal/film/program/202211/20221124/41/202211240900397479rm.jpg"></icon><desc></desc><category></category></programme><programme channel="141431538" start="20221201140000 +0000" stop="20221201180000 +0000" catchup-id="1300412105"><title>Hits Don't Lie</title><date></date><icon src="https://t-mobiletv.nl:443/CPS/images/universal/film/program/202211/20221124/28/20221124090039747e28.jpg"></icon><desc></desc><category></category></programme><programme channel="141431538" start="20221201180000 +0000" stop="20221201190000 +0000" catchup-id="1300412111"><title>Rap &amp; R'n'B Jamz</title><date></date><icon src="https://t-mobiletv.nl:443/CPS/images/universal/film/program/202211/20221124/74/20221124090039747l1p.jpg"></icon><desc></desc><category></category></programme><programme channel="141431538" start="20221201190000 +0000" stop="20221202010000 +0000" catchup-id="1300412117"><title>Non-Stop Nostalgia</title><date></date><icon src="https://t-mobiletv.nl:443/CPS/images/universal/film/program/202211/20221124/98/20221124090039747wfz.jpg"></icon><desc></desc><category></category></programme><programme channel="141431538" start="20221202010000 +0000" stop="20221202030000 +0000" catchup-id="1300878779"><title>Non-Stop Nostalgia</title><date></date><icon src="https://t-mobiletv.nl:443/CPS/images/universal/film/program/202211/20221125/45/202211250901305697w7.jpg"></icon><desc></desc><category></category></programme><programme channel="141431538" start="20221202030000 +0000" stop="20221202070000 +0000" catchup-id="1300878785"><title>Non-Stop Nostalgia</title><date></date><icon src="https://t-mobiletv.nl:443/CPS/images/universal/film/program/202211/20221125/1/20221125090130569nvz.jpg"></icon><desc></desc><category></category></programme><programme channel="141431538" start="20221202070000 +0000" stop="20221202080000 +0000" catchup-id="1300878791"><title>Eminem X Kanye West</title><date></date><icon src="https://t-mobiletv.nl:443/CPS/images/universal/film/program/202211/20221125/86/20221125090130569mj7.jpg"></icon><desc></desc><category></category></programme><programme channel="141431538" start="20221202080000 +0000" stop="20221202130000 +0000" catchup-id="1300878797"><title>We Love The 00s!</title><date></date><icon src="https://t-mobiletv.nl:443/CPS/images/universal/film/program/202211/20221125/63/20221125090130569w68.jpg"></icon><desc></desc><category></category></programme><programme channel="141431538" start="20221202130000 +0000" stop="20221202140000 +0000" catchup-id="1300878803"><title>Eminem X Kanye West</title><date></date><icon src="https://t-mobiletv.nl:443/CPS/images/universal/film/program/202211/20221125/25/20221125090130569ght.jpg"></icon><desc></desc><category></category></programme><programme channel="141431538" start="20221202140000 +0000" stop="20221202180000 +0000" catchup-id="1300878809"><title>Hits Don't Lie</title><date></date><icon src="https://t-mobiletv.nl:443/CPS/images/universal/film/program/202211/20221125/12/20221125090130569y4z.jpg"></icon><desc></desc><category></category></programme><programme channel="141431538" start="20221202180000 +0000" stop="20221202190000 +0000" catchup-id="1300878815"><title>Dancefloor Fillers!</title><date></date><icon src="https://t-mobiletv.nl:443/CPS/images/universal/film/program/202211/20221125/17/20221125090130569zzj.jpg"></icon><desc></desc><category></category></programme><programme channel="141431538" start="20221202190000 +0000" stop="20221202220000 +0000" catchup-id="1300878821"><title>Boys In Love! Top 40</title><date></date><icon src="https://t-mobiletv.nl:443/CPS/images/universal/film/program/202211/20221125/58/202211250901305693w6.jpg"></icon><desc></desc><category></category></programme><programme channel="141431538" start="20221202220000 +0000" stop="20221203010000 +0000" catchup-id="1300878827"><title>Non-Stop Nostalgia</title><date></date><icon src="https://t-mobiletv.nl:443/CPS/images/universal/film/program/202211/20221125/5/20221125090130569ywt.jpg"></icon><desc></desc><category></category></programme>