<programme channel="141431213" start="20221119170000 +0000" stop="20221119190000 +0000" catchup-id="1295493391"><title>Non-stop de beste Schlager muziek</title><date></date><icon src="https://t-mobiletv.nl:443/CPS/images/universal/film/program/202211/20221112/0/20221112090114712oth.jpg"></icon><desc></desc><category></category></programme><programme channel="141431213" start="20221119190000 +0000" stop="20221119210000 +0000" catchup-id="1295493397"><title>Non-stop de beste Schlager muziek</title><date></date><icon src="https://t-mobiletv.nl:443/CPS/images/universal/film/program/202211/20221112/44/20221112090114712tmo.jpg"></icon><desc></desc><category></category></programme><programme channel="141431213" start="20221119210000 +0000" stop="20221119230000 +0000" catchup-id="1295493403"><title>Non-stop de beste Schlager muziek</title><date></date><icon src="https://t-mobiletv.nl:443/CPS/images/universal/film/program/202211/20221112/54/202211120901147127fk.jpg"></icon><desc></desc><category></category></programme><programme channel="141431213" start="20221119230000 +0000" stop="20221120005900 +0000" catchup-id="1295878387"><title>Non-stop de beste Schlager muziek</title><date></date><icon src="https://t-mobiletv.nl:443/CPS/images/universal/film/program/202211/20221113/19/20221113090040523sbs.jpg"></icon><desc></desc><category></category></programme><programme channel="141431213" start="20221120005900 +0000" stop="20221120030000 +0000" catchup-id="1295878393"><title>Non-stop de beste Schlager muziek</title><date></date><icon src="https://t-mobiletv.nl:443/CPS/images/universal/film/program/202211/20221113/65/202211130900405236ma.jpg"></icon><desc></desc><category></category></programme><programme channel="141431213" start="20221120030000 +0000" stop="20221120050000 +0000" catchup-id="1295878399"><title>Non-stop de beste Schlager muziek</title><date></date><icon src="https://t-mobiletv.nl:443/CPS/images/universal/film/program/202211/20221113/76/2022111309004052300g.jpg"></icon><desc></desc><category></category></programme><programme channel="141431213" start="20221120050000 +0000" stop="20221120070000 +0000" catchup-id="1295878405"><title>Non-stop de beste Schlager muziek</title><date></date><icon src="https://t-mobiletv.nl:443/CPS/images/universal/film/program/202211/20221113/48/202211130900405239xz.jpg"></icon><desc></desc><category></category></programme><programme channel="141431213" start="20221120070000 +0000" stop="20221120090000 +0000" catchup-id="1295878411"><title>Non-stop de beste Schlager muziek</title><date></date><icon src="https://t-mobiletv.nl:443/CPS/images/universal/film/program/202211/20221113/71/20221113090040523izu.jpg"></icon><desc></desc><category></category></programme><programme channel="141431213" start="20221120090000 +0000" stop="20221120110000 +0000" catchup-id="1295878417"><title>Non-stop de beste Schlager muziek</title><date></date><icon src="https://t-mobiletv.nl:443/CPS/images/universal/film/program/202211/20221113/49/20221113090040523k71.jpg"></icon><desc></desc><category></category></programme><programme channel="141431213" start="20221120110000 +0000" stop="20221120130000 +0000" catchup-id="1295878423"><title>Non-stop de beste Schlager muziek</title><date></date><icon src="https://t-mobiletv.nl:443/CPS/images/universal/film/program/202211/20221113/26/202211130900405233uy.jpg"></icon><desc></desc><category></category></programme><programme channel="141431213" start="20221120130000 +0000" stop="20221120150000 +0000" catchup-id="1295878429"><title>Non-stop de beste Schlager muziek</title><date></date><icon src="https://t-mobiletv.nl:443/CPS/images/universal/film/program/202211/20221113/43/20221113090040523umv.jpg"></icon><desc></desc><category></category></programme><programme channel="141431213" start="20221120150000 +0000" stop="20221120170000 +0000" catchup-id="1295878435"><title>Non-stop de beste Schlager muziek</title><date></date><icon src="https://t-mobiletv.nl:443/CPS/images/universal/film/program/202211/20221113/3/20221113090040523pud.jpg"></icon><desc></desc><category></category></programme><programme channel="141431213" start="20221120170000 +0000" stop="20221120190000 +0000" catchup-id="1295878825"><title>Non-stop de beste Schlager muziek</title><date></date><icon src="https://t-mobiletv.nl:443/CPS/images/universal/film/program/202211/20221113/68/20221113090040523itu.jpg"></icon><desc></desc><category></category></programme><programme channel="141431213" start="20221120190000 +0000" stop="20221120210000 +0000" catchup-id="1295878831"><title>Non-stop de beste Schlager muziek</title><date></date><icon src="https://t-mobiletv.nl:443/CPS/images/universal/film/program/202211/20221113/8/202211130900405239bo.jpg"></icon><desc></desc><category></category></programme><programme channel="141431213" start="20221120210000 +0000" stop="20221120230000 +0000" catchup-id="1295878837"><title>Non-stop de beste Schlager muziek</title><date></date><icon src="https://t-mobiletv.nl:443/CPS/images/universal/film/program/202211/20221113/64/202211130900405233x8.jpg"></icon><desc></desc><category></category></programme><programme channel="141431213" start="20221120230000 +0000" stop="20221121005900 +0000" catchup-id="1296271984"><title>Non-stop de beste Schlager muziek</title><date></date><icon src="https://t-mobiletv.nl:443/CPS/images/universal/film/program/202211/20221114/77/20221114090120516sna.jpg"></icon><desc></desc><category></category></programme><programme channel="141431213" start="20221121005900 +0000" stop="20221121030000 +0000" catchup-id="1296271990"><title>Non-stop de beste Schlager muziek</title><date></date><icon src="https://t-mobiletv.nl:443/CPS/images/universal/film/program/202211/20221114/12/202211140901205163zb.jpg"></icon><desc></desc><category></category></programme><programme channel="141431213" start="20221121030000 +0000" stop="20221121050000 +0000" catchup-id="1296271996"><title>Non-stop de beste Schlager muziek</title><date></date><icon src="https://t-mobiletv.nl:443/CPS/images/universal/film/program/202211/20221114/27/20221114090120516qg0.jpg"></icon><desc></desc><category></category></programme><programme channel="141431213" start="20221121050000 +0000" stop="20221121070000 +0000" catchup-id="1296272002"><title>Non-stop de beste Schlager muziek</title><date></date><icon src="https://t-mobiletv.nl:443/CPS/images/universal/film/program/202211/20221114/90/202211140901205167nz.jpg"></icon><desc></desc><category></category></programme><programme channel="141431213" start="20221121070000 +0000" stop="20221121090000 +0000" catchup-id="1296272008"><title>Non-stop de beste Schlager muziek</title><date></date><icon src="https://t-mobiletv.nl:443/CPS/images/universal/film/program/202211/20221114/61/20221114090120516ze3.jpg"></icon><desc></desc><category></category></programme><programme channel="141431213" start="20221121090000 +0000" stop="20221121110000 +0000" catchup-id="1296272014"><title>Non-stop de beste Schlager muziek</title><date></date><icon src="https://t-mobiletv.nl:443/CPS/images/universal/film/program/202211/20221114/23/20221114090120516hj5.jpg"></icon><desc></desc><category></category></programme><programme channel="141431213" start="20221121110000 +0000" stop="20221121130000 +0000" catchup-id="1296272020"><title>Non-stop de beste Schlager muziek</title><date></date><icon src="https://t-mobiletv.nl:443/CPS/images/universal/film/program/202211/20221114/27/20221114090120516au5.jpg"></icon><desc></desc><category></category></programme><programme channel="141431213" start="20221121130000 +0000" stop="20221121150000 +0000" catchup-id="1296272026"><title>Non-stop de beste Schlager muziek</title><date></date><icon src="https://t-mobiletv.nl:443/CPS/images/universal/film/program/202211/20221114/1/20221114090120516qi2.jpg"></icon><desc></desc><category></category></programme><programme channel="141431213" start="20221121150000 +0000" stop="20221121170000 +0000" catchup-id="1296272032"><title>Non-stop de beste Schlager muziek</title><date></date><icon src="https://t-mobiletv.nl:443/CPS/images/universal/film/program/202211/20221114/34/20221114090120516884.jpg"></icon><desc></desc><category></category></programme><programme channel="141431213" start="20221121170000 +0000" stop="20221121190000 +0000" catchup-id="1296272038"><title>Non-stop de beste Schlager muziek</title><date></date><icon src="https://t-mobiletv.nl:443/CPS/images/universal/film/program/202211/20221114/23/202211140901205164xv.jpg"></icon><desc></desc><category></category></programme><programme channel="141431213" start="20221121190000 +0000" stop="20221121210000 +0000" catchup-id="1296272108"><title>Non-stop de beste Schlager muziek</title><date></date><icon src="https://t-mobiletv.nl:443/CPS/images/universal/film/program/202211/20221114/65/20221114090120516z2g.jpg"></icon><desc></desc><category></category></programme><programme channel="141431213" start="20221121210000 +0000" stop="20221121230000 +0000" catchup-id="1296272114"><title>Non-stop de beste Schlager muziek</title><date></date><icon src="https://t-mobiletv.nl:443/CPS/images/universal/film/program/202211/20221114/94/20221114090120516a6g.jpg"></icon><desc></desc><category></category></programme><programme channel="141431213" start="20221121230000 +0000" stop="20221122005900 +0000" catchup-id="1296703067"><title>Non-stop de beste Schlager muziek</title><date></date><icon src="https://t-mobiletv.nl:443/CPS/images/universal/film/program/202211/20221115/65/20221115090119714bf6.jpg"></icon><desc></desc><category></category></programme><programme channel="141431213" start="20221122005900 +0000" stop="20221122030000 +0000" catchup-id="1296703073"><title>Non-stop de beste Schlager muziek</title><date></date><icon src="https://t-mobiletv.nl:443/CPS/images/universal/film/program/202211/20221115/28/20221115090119714uh6.jpg"></icon><desc></desc><category></category></programme><programme channel="141431213" start="20221122030000 +0000" stop="20221122050000 +0000" catchup-id="1296703079"><title>Non-stop de beste Schlager muziek</title><date></date><icon src="https://t-mobiletv.nl:443/CPS/images/universal/film/program/202211/20221115/86/20221115090119714jsr.jpg"></icon><desc></desc><category></category></programme><programme channel="141431213" start="20221122050000 +0000" stop="20221122070000 +0000" catchup-id="1296703085"><title>Non-stop de beste Schlager muziek</title><date></date><icon src="https://t-mobiletv.nl:443/CPS/images/universal/film/program/202211/20221115/25/20221115090119714c09.jpg"></icon><desc></desc><category></category></programme><programme channel="141431213" start="20221122070000 +0000" stop="20221122090000 +0000" catchup-id="1296703091"><title>Non-stop de beste Schlager muziek</title><date></date><icon src="https://t-mobiletv.nl:443/CPS/images/universal/film/program/202211/20221115/47/20221115090119715l0c.jpg"></icon><desc></desc><category></category></programme><programme channel="141431213" start="20221122090000 +0000" stop="20221122110000 +0000" catchup-id="1296703097"><title>Non-stop de beste Schlager muziek</title><date></date><icon src="https://t-mobiletv.nl:443/CPS/images/universal/film/program/202211/20221115/33/202211150901197158q2.jpg"></icon><desc></desc><category></category></programme><programme channel="141431213" start="20221122110000 +0000" stop="20221122130000 +0000" catchup-id="1296703103"><title>Non-stop de beste Schlager muziek</title><date></date><icon src="https://t-mobiletv.nl:443/CPS/images/universal/film/program/202211/20221115/96/202211150901197151p5.jpg"></icon><desc></desc><category></category></programme><programme channel="141431213" start="20221122130000 +0000" stop="20221122150000 +0000" catchup-id="1296703109"><title>Non-stop de beste Schlager muziek</title><date></date><icon src="https://t-mobiletv.nl:443/CPS/images/universal/film/program/202211/20221115/90/202211150901197153mz.jpg"></icon><desc></desc><category></category></programme><programme channel="141431213" start="20221122150000 +0000" stop="20221122170000 +0000" catchup-id="1296703115"><title>Non-stop de beste Schlager muziek</title><date></date><icon src="https://t-mobiletv.nl:443/CPS/images/universal/film/program/202211/20221115/25/2022111509011971577i.jpg"></icon><desc></desc><category></category></programme><programme channel="141431213" start="20221122170000 +0000" stop="20221122190000 +0000" catchup-id="1296703121"><title>Non-stop de beste Schlager muziek</title><date></date><icon src="https://t-mobiletv.nl:443/CPS/images/universal/film/program/202211/20221115/12/202211150901197153nw.jpg"></icon><desc></desc><category></category></programme><programme channel="141431213" start="20221122190000 +0000" stop="20221122210000 +0000" catchup-id="1296703127"><title>Non-stop de beste Schlager muziek</title><date></date><icon src="https://t-mobiletv.nl:443/CPS/images/universal/film/program/202211/20221115/64/20221115090119715ar6.jpg"></icon><desc></desc><category></category></programme><programme channel="141431213" start="20221122210000 +0000" stop="20221122230000 +0000" catchup-id="1296703133"><title>Non-stop de beste Schlager muziek</title><date></date><icon src="https://t-mobiletv.nl:443/CPS/images/universal/film/program/202211/20221115/41/20221115090119715xjx.jpg"></icon><desc></desc><category></category></programme><programme channel="141431213" start="20221122230000 +0000" stop="20221123005900 +0000" catchup-id="1297103900"><title>Non-stop de beste Schlager muziek</title><date></date><icon src="https://t-mobiletv.nl:443/CPS/images/universal/film/program/202211/20221116/55/202211160900555207nq.jpg"></icon><desc></desc><category></category></programme><programme channel="141431213" start="20221123005900 +0000" stop="20221123030000 +0000" catchup-id="1297103906"><title>Non-stop de beste Schlager muziek</title><date></date><icon src="https://t-mobiletv.nl:443/CPS/images/universal/film/program/202211/20221116/51/202211160900555204ip.jpg"></icon><desc></desc><category></category></programme><programme channel="141431213" start="20221123030000 +0000" stop="20221123050000 +0000" catchup-id="1297103912"><title>Non-stop de beste Schlager muziek</title><date></date><icon src="https://t-mobiletv.nl:443/CPS/images/universal/film/program/202211/20221116/40/20221116090055520f56.jpg"></icon><desc></desc><category></category></programme><programme channel="141431213" start="20221123050000 +0000" stop="20221123070000 +0000" catchup-id="1297104366"><title>Non-stop de beste Schlager muziek</title><date></date><icon src="https://t-mobiletv.nl:443/CPS/images/universal/film/program/202211/20221116/65/20221116090055520l80.jpg"></icon><desc></desc><category></category></programme><programme channel="141431213" start="20221123070000 +0000" stop="20221123090000 +0000" catchup-id="1297104372"><title>Non-stop de beste Schlager muziek</title><date></date><icon src="https://t-mobiletv.nl:443/CPS/images/universal/film/program/202211/20221116/33/20221116090055520goa.jpg"></icon><desc></desc><category></category></programme><programme channel="141431213" start="20221123090000 +0000" stop="20221123110000 +0000" catchup-id="1297104378"><title>Non-stop de beste Schlager muziek</title><date></date><icon src="https://t-mobiletv.nl:443/CPS/images/universal/film/program/202211/20221116/65/20221116090055520v9j.jpg"></icon><desc></desc><category></category></programme><programme channel="141431213" start="20221123110000 +0000" stop="20221123130000 +0000" catchup-id="1297104384"><title>Non-stop de beste Schlager muziek</title><date></date><icon src="https://t-mobiletv.nl:443/CPS/images/universal/film/program/202211/20221116/67/20221116090055520ryx.jpg"></icon><desc></desc><category></category></programme><programme channel="141431213" start="20221123130000 +0000" stop="20221123150000 +0000" catchup-id="1297104390"><title>Non-stop de beste Schlager muziek</title><date></date><icon src="https://t-mobiletv.nl:443/CPS/images/universal/film/program/202211/20221116/48/20221116090055521zho.jpg"></icon><desc></desc><category></category></programme><programme channel="141431213" start="20221123150000 +0000" stop="20221123170000 +0000" catchup-id="1297104396"><title>Non-stop de beste Schlager muziek</title><date></date><icon src="https://t-mobiletv.nl:443/CPS/images/universal/film/program/202211/20221116/40/20221116090055521k3v.jpg"></icon><desc></desc><category></category></programme><programme channel="141431213" start="20221123170000 +0000" stop="20221123190000 +0000" catchup-id="1297104402"><title>Non-stop de beste Schlager muziek</title><date></date><icon src="https://t-mobiletv.nl:443/CPS/images/universal/film/program/202211/20221116/70/2022111609005552118t.jpg"></icon><desc></desc><category></category></programme><programme channel="141431213" start="20221123190000 +0000" stop="20221123210000 +0000" catchup-id="1297104408"><title>Non-stop de beste Schlager muziek</title><date></date><icon src="https://t-mobiletv.nl:443/CPS/images/universal/film/program/202211/20221116/20/20221116090055521gs7.jpg"></icon><desc></desc><category></category></programme><programme channel="141431213" start="20221123210000 +0000" stop="20221123230000 +0000" catchup-id="1297104414"><title>Non-stop de beste Schlager muziek</title><date></date><icon src="https://t-mobiletv.nl:443/CPS/images/universal/film/program/202211/20221116/49/20221116090055521q7j.jpg"></icon><desc></desc><category></category></programme><programme channel="141431213" start="20221123230000 +0000" stop="20221124005900 +0000" catchup-id="1297564670"><title>Non-stop de beste Schlager muziek</title><date></date><icon src="https://t-mobiletv.nl:443/CPS/images/universal/film/program/202211/20221117/92/20221117090100863oy2.jpg"></icon><desc></desc><category></category></programme><programme channel="141431213" start="20221124005900 +0000" stop="20221124030000 +0000" catchup-id="1297564676"><title>Non-stop de beste Schlager muziek</title><date></date><icon src="https://t-mobiletv.nl:443/CPS/images/universal/film/program/202211/20221117/77/202211170901008636sp.jpg"></icon><desc></desc><category></category></programme><programme channel="141431213" start="20221124030000 +0000" stop="20221124050000 +0000" catchup-id="1297564682"><title>Non-stop de beste Schlager muziek</title><date></date><icon src="https://t-mobiletv.nl:443/CPS/images/universal/film/program/202211/20221117/8/202211170901008631f8.jpg"></icon><desc></desc><category></category></programme><programme channel="141431213" start="20221124050000 +0000" stop="20221124070000 +0000" catchup-id="1297564688"><title>Non-stop de beste Schlager muziek</title><date></date><icon src="https://t-mobiletv.nl:443/CPS/images/universal/film/program/202211/20221117/23/20221117090100863xz0.jpg"></icon><desc></desc><category></category></programme><programme channel="141431213" start="20221124070000 +0000" stop="20221124090000 +0000" catchup-id="1297564694"><title>Non-stop de beste Schlager muziek</title><date></date><icon src="https://t-mobiletv.nl:443/CPS/images/universal/film/program/202211/20221117/4/20221117090100863j6z.jpg"></icon><desc></desc><category></category></programme><programme channel="141431213" start="20221124090000 +0000" stop="20221124110000 +0000" catchup-id="1297564700"><title>Non-stop de beste Schlager muziek</title><date></date><icon src="https://t-mobiletv.nl:443/CPS/images/universal/film/program/202211/20221117/9/20221117090100863n47.jpg"></icon><desc></desc><category></category></programme><programme channel="141431213" start="20221124110000 +0000" stop="20221124130000 +0000" catchup-id="1297564706"><title>Non-stop de beste Schlager muziek</title><date></date><icon src="https://t-mobiletv.nl:443/CPS/images/universal/film/program/202211/20221117/68/20221117090100863h37.jpg"></icon><desc></desc><category></category></programme><programme channel="141431213" start="20221124130000 +0000" stop="20221124150000 +0000" catchup-id="1297564712"><title>Non-stop de beste Schlager muziek</title><date></date><icon src="https://t-mobiletv.nl:443/CPS/images/universal/film/program/202211/20221117/43/20221117090100863kr5.jpg"></icon><desc></desc><category></category></programme><programme channel="141431213" start="20221124150000 +0000" stop="20221124170000 +0000" catchup-id="1297564718"><title>Non-stop de beste Schlager muziek</title><date></date><icon src="https://t-mobiletv.nl:443/CPS/images/universal/film/program/202211/20221117/94/202211170901008634lq.jpg"></icon><desc></desc><category></category></programme><programme channel="141431213" start="20221124170000 +0000" stop="20221124190000 +0000" catchup-id="1297564724"><title>Non-stop de beste Schlager muziek</title><date></date><icon src="https://t-mobiletv.nl:443/CPS/images/universal/film/program/202211/20221117/82/20221117090100863ohk.jpg"></icon><desc></desc><category></category></programme><programme channel="141431213" start="20221124190000 +0000" stop="20221124210000 +0000" catchup-id="1297564730"><title>Non-stop de beste Schlager muziek</title><date></date><icon src="https://t-mobiletv.nl:443/CPS/images/universal/film/program/202211/20221117/58/20221117090100863rkv.jpg"></icon><desc></desc><category></category></programme><programme channel="141431213" start="20221124210000 +0000" stop="20221124230000 +0000" catchup-id="1297564736"><title>Non-stop de beste Schlager muziek</title><date></date><icon src="https://t-mobiletv.nl:443/CPS/images/universal/film/program/202211/20221117/24/20221117090100863t45.jpg"></icon><desc></desc><category></category></programme><programme channel="141431213" start="20221124230000 +0000" stop="20221125005900 +0000" catchup-id="1297991623"><title>Non-stop de beste Schlager muziek</title><date></date><icon src="https://t-mobiletv.nl:443/CPS/images/universal/film/program/202211/20221118/7/20221118090059705x60.jpg"></icon><desc></desc><category></category></programme><programme channel="141431213" start="20221125005900 +0000" stop="20221125030000 +0000" catchup-id="1297991629"><title>Non-stop de beste Schlager muziek</title><date></date><icon src="https://t-mobiletv.nl:443/CPS/images/universal/film/program/202211/20221118/97/202211180900597067qx.jpg"></icon><desc></desc><category></category></programme><programme channel="141431213" start="20221125030000 +0000" stop="20221125050000 +0000" catchup-id="1297991635"><title>Non-stop de beste Schlager muziek</title><date></date><icon src="https://t-mobiletv.nl:443/CPS/images/universal/film/program/202211/20221118/6/20221118090059706zxt.jpg"></icon><desc></desc><category></category></programme><programme channel="141431213" start="20221125050000 +0000" stop="20221125070000 +0000" catchup-id="1297991641"><title>Non-stop de beste Schlager muziek</title><date></date><icon src="https://t-mobiletv.nl:443/CPS/images/universal/film/program/202211/20221118/21/20221118090059706tbh.jpg"></icon><desc></desc><category></category></programme><programme channel="141431213" start="20221125070000 +0000" stop="20221125090000 +0000" catchup-id="1297991647"><title>Non-stop de beste Schlager muziek</title><date></date><icon src="https://t-mobiletv.nl:443/CPS/images/universal/film/program/202211/20221118/41/20221118090059706tsp.jpg"></icon><desc></desc><category></category></programme><programme channel="141431213" start="20221125090000 +0000" stop="20221125110000 +0000" catchup-id="1297991653"><title>Non-stop de beste Schlager muziek</title><date></date><icon src="https://t-mobiletv.nl:443/CPS/images/universal/film/program/202211/20221118/89/20221118090059706vkp.jpg"></icon><desc></desc><category></category></programme><programme channel="141431213" start="20221125110000 +0000" stop="20221125130000 +0000" catchup-id="1297991787"><title>Non-stop de beste Schlager muziek</title><date></date><icon src="https://t-mobiletv.nl:443/CPS/images/universal/film/program/202211/20221118/29/20221118090059706lon.jpg"></icon><desc></desc><category></category></programme><programme channel="141431213" start="20221125130000 +0000" stop="20221125150000 +0000" catchup-id="1297991793"><title>Non-stop de beste Schlager muziek</title><date></date><icon src="https://t-mobiletv.nl:443/CPS/images/universal/film/program/202211/20221118/46/20221118090059706e3e.jpg"></icon><desc></desc><category></category></programme><programme channel="141431213" start="20221125150000 +0000" stop="20221125170000 +0000" catchup-id="1297991799"><title>Non-stop de beste Schlager muziek</title><date></date><icon src="https://t-mobiletv.nl:443/CPS/images/universal/film/program/202211/20221118/45/20221118090059706ve3.jpg"></icon><desc></desc><category></category></programme><programme channel="141431213" start="20221125170000 +0000" stop="20221125190000 +0000" catchup-id="1297991805"><title>Non-stop de beste Schlager muziek</title><date></date><icon src="https://t-mobiletv.nl:443/CPS/images/universal/film/program/202211/20221118/85/202211180900597060yy.jpg"></icon><desc></desc><category></category></programme><programme channel="141431213" start="20221125190000 +0000" stop="20221125210000 +0000" catchup-id="1297991811"><title>Non-stop de beste Schlager muziek</title><date></date><icon src="https://t-mobiletv.nl:443/CPS/images/universal/film/program/202211/20221118/69/2022111809005970657n.jpg"></icon><desc></desc><category></category></programme><programme channel="141431213" start="20221125210000 +0000" stop="20221125230000 +0000" catchup-id="1297991817"><title>Non-stop de beste Schlager muziek</title><date></date><icon src="https://t-mobiletv.nl:443/CPS/images/universal/film/program/202211/20221118/55/20221118090059706cw3.jpg"></icon><desc></desc><category></category></programme><programme channel="141431213" start="20221125230000 +0000" stop="20221126005900 +0000" catchup-id="1298395459"><title>Non-stop de beste Schlager muziek</title><date></date><icon src="https://t-mobiletv.nl:443/CPS/images/universal/film/program/202211/20221119/33/20221119090044758dw9.jpg"></icon><desc></desc><category></category></programme><programme channel="141431213" start="20221126005900 +0000" stop="20221126030000 +0000" catchup-id="1298395465"><title>Non-stop de beste Schlager muziek</title><date></date><icon src="https://t-mobiletv.nl:443/CPS/images/universal/film/program/202211/20221119/23/20221119090044758fig.jpg"></icon><desc></desc><category></category></programme><programme channel="141431213" start="20221126030000 +0000" stop="20221126050000 +0000" catchup-id="1298395471"><title>Non-stop de beste Schlager muziek</title><date></date><icon src="https://t-mobiletv.nl:443/CPS/images/universal/film/program/202211/20221119/57/20221119090044758i62.jpg"></icon><desc></desc><category></category></programme><programme channel="141431213" start="20221126050000 +0000" stop="20221126070000 +0000" catchup-id="1298395477"><title>Non-stop de beste Schlager muziek</title><date></date><icon src="https://t-mobiletv.nl:443/CPS/images/universal/film/program/202211/20221119/97/20221119090044758cq5.jpg"></icon><desc></desc><category></category></programme><programme channel="141431213" start="20221126070000 +0000" stop="20221126090000 +0000" catchup-id="1298395483"><title>Non-stop de beste Schlager muziek</title><date></date><icon src="https://t-mobiletv.nl:443/CPS/images/universal/film/program/202211/20221119/6/202211190900447583qv.jpg"></icon><desc></desc><category></category></programme><programme channel="141431213" start="20221126090000 +0000" stop="20221126110000 +0000" catchup-id="1298395489"><title>Non-stop de beste Schlager muziek</title><date></date><icon src="https://t-mobiletv.nl:443/CPS/images/universal/film/program/202211/20221119/24/202211190900447586qd.jpg"></icon><desc></desc><category></category></programme><programme channel="141431213" start="20221126110000 +0000" stop="20221126130000 +0000" catchup-id="1298395495"><title>Non-stop de beste Schlager muziek</title><date></date><icon src="https://t-mobiletv.nl:443/CPS/images/universal/film/program/202211/20221119/3/20221119090044758h6y.jpg"></icon><desc></desc><category></category></programme><programme channel="141431213" start="20221126130000 +0000" stop="20221126150000 +0000" catchup-id="1298395693"><title>Non-stop de beste Schlager muziek</title><date></date><icon src="https://t-mobiletv.nl:443/CPS/images/universal/film/program/202211/20221119/99/20221119090044758zoh.jpg"></icon><desc></desc><category></category></programme><programme channel="141431213" start="20221126150000 +0000" stop="20221126170000 +0000" catchup-id="1298395699"><title>Non-stop de beste Schlager muziek</title><date></date><icon src="https://t-mobiletv.nl:443/CPS/images/universal/film/program/202211/20221119/8/20221119090044758ar8.jpg"></icon><desc></desc><category></category></programme><programme channel="141431213" start="20221126170000 +0000" stop="20221126190000 +0000" catchup-id="1298395705"><title>Non-stop de beste Schlager muziek</title><date></date><icon src="https://t-mobiletv.nl:443/CPS/images/universal/film/program/202211/20221119/77/20221119090044758896.jpg"></icon><desc></desc><category></category></programme><programme channel="141431213" start="20221126190000 +0000" stop="20221126210000 +0000" catchup-id="1298395711"><title>Non-stop de beste Schlager muziek</title><date></date><icon src="https://t-mobiletv.nl:443/CPS/images/universal/film/program/202211/20221119/72/202211190900447589rv.jpg"></icon><desc></desc><category></category></programme><programme channel="141431213" start="20221126210000 +0000" stop="20221126230000 +0000" catchup-id="1298395717"><title>Non-stop de beste Schlager muziek</title><date></date><icon src="https://t-mobiletv.nl:443/CPS/images/universal/film/program/202211/20221119/80/20221119090044758n6s.jpg"></icon><desc></desc><category></category></programme><programme channel="141431213" start="20221126230000 +0000" stop="20221127005900 +0000" catchup-id="1298837099"><title>Non-stop de beste Schlager muziek</title><date></date><icon src="https://t-mobiletv.nl:443/CPS/images/universal/film/program/202211/20221120/74/2022112009012551612x.jpg"></icon><desc></desc><category></category></programme><programme channel="141431213" start="20221127005900 +0000" stop="20221127030000 +0000" catchup-id="1298837105"><title>Non-stop de beste Schlager muziek</title><date></date><icon src="https://t-mobiletv.nl:443/CPS/images/universal/film/program/202211/20221120/65/20221120090125516rbw.jpg"></icon><desc></desc><category></category></programme><programme channel="141431213" start="20221127030000 +0000" stop="20221127050000 +0000" catchup-id="1298837111"><title>Non-stop de beste Schlager muziek</title><date></date><icon src="https://t-mobiletv.nl:443/CPS/images/universal/film/program/202211/20221120/86/20221120090125516jrv.jpg"></icon><desc></desc><category></category></programme><programme channel="141431213" start="20221127050000 +0000" stop="20221127070000 +0000" catchup-id="1298837117"><title>Non-stop de beste Schlager muziek</title><date></date><icon src="https://t-mobiletv.nl:443/CPS/images/universal/film/program/202211/20221120/22/20221120090125516nag.jpg"></icon><desc></desc><category></category></programme><programme channel="141431213" start="20221127070000 +0000" stop="20221127090000 +0000" catchup-id="1298837123"><title>Non-stop de beste Schlager muziek</title><date></date><icon src="https://t-mobiletv.nl:443/CPS/images/universal/film/program/202211/20221120/53/20221120090125516dub.jpg"></icon><desc></desc><category></category></programme><programme channel="141431213" start="20221127090000 +0000" stop="20221127110000 +0000" catchup-id="1298837129"><title>Non-stop de beste Schlager muziek</title><date></date><icon src="https://t-mobiletv.nl:443/CPS/images/universal/film/program/202211/20221120/62/20221120090125516h1m.jpg"></icon><desc></desc><category></category></programme><programme channel="141431213" start="20221127110000 +0000" stop="20221127130000 +0000" catchup-id="1298837135"><title>Non-stop de beste Schlager muziek</title><date></date><icon src="https://t-mobiletv.nl:443/CPS/images/universal/film/program/202211/20221120/27/20221120090125516538.jpg"></icon><desc></desc><category></category></programme><programme channel="141431213" start="20221127130000 +0000" stop="20221127150000 +0000" catchup-id="1298837141"><title>Non-stop de beste Schlager muziek</title><date></date><icon src="https://t-mobiletv.nl:443/CPS/images/universal/film/program/202211/20221120/3/20221120090125516tya.jpg"></icon><desc></desc><category></category></programme><programme channel="141431213" start="20221127150000 +0000" stop="20221127170000 +0000" catchup-id="1298837147"><title>Non-stop de beste Schlager muziek</title><date></date><icon src="https://t-mobiletv.nl:443/CPS/images/universal/film/program/202211/20221120/30/20221120090125516t2i.jpg"></icon><desc></desc><category></category></programme><programme channel="141431213" start="20221127170000 +0000" stop="20221127190000 +0000" catchup-id="1298837153"><title>Non-stop de beste Schlager muziek</title><date></date><icon src="https://t-mobiletv.nl:443/CPS/images/universal/film/program/202211/20221120/6/202211200901255167tn.jpg"></icon><desc></desc><category></category></programme><programme channel="141431213" start="20221127190000 +0000" stop="20221127210000 +0000" catchup-id="1298837159"><title>Non-stop de beste Schlager muziek</title><date></date><icon src="https://t-mobiletv.nl:443/CPS/images/universal/film/program/202211/20221120/96/20221120090125516ram.jpg"></icon><desc></desc><category></category></programme><programme channel="141431213" start="20221127210000 +0000" stop="20221127230000 +0000" catchup-id="1298837165"><title>Non-stop de beste Schlager muziek</title><date></date><icon src="https://t-mobiletv.nl:443/CPS/images/universal/film/program/202211/20221120/32/20221120090125516j87.jpg"></icon><desc></desc><category></category></programme><programme channel="141431213" start="20221127230000 +0000" stop="20221128005900 +0000" catchup-id="1299204261"><title>Non-stop de beste Schlager muziek</title><date></date><icon src="https://t-mobiletv.nl:443/CPS/images/universal/film/program/202211/20221121/32/202211210901005892ug.jpg"></icon><desc></desc><category></category></programme><programme channel="141431213" start="20221128005900 +0000" stop="20221128030000 +0000" catchup-id="1299205163"><title>Non-stop de beste Schlager muziek</title><date></date><icon src="https://t-mobiletv.nl:443/CPS/images/universal/film/program/202211/20221121/88/20221121090100589lsp.jpg"></icon><desc></desc><category></category></programme><programme channel="141431213" start="20221128030000 +0000" stop="20221128050000 +0000" catchup-id="1299205169"><title>Non-stop de beste Schlager muziek</title><date></date><icon src="https://t-mobiletv.nl:443/CPS/images/universal/film/program/202211/20221121/27/20221121090100589g6m.jpg"></icon><desc></desc><category></category></programme><programme channel="141431213" start="20221128050000 +0000" stop="20221128070000 +0000" catchup-id="1299205175"><title>Non-stop de beste Schlager muziek</title><date></date><icon src="https://t-mobiletv.nl:443/CPS/images/universal/film/program/202211/20221121/24/20221121090100589gp5.jpg"></icon><desc></desc><category></category></programme><programme channel="141431213" start="20221128070000 +0000" stop="20221128090000 +0000" catchup-id="1299205181"><title>Non-stop de beste Schlager muziek</title><date></date><icon src="https://t-mobiletv.nl:443/CPS/images/universal/film/program/202211/20221121/86/20221121090100589fvd.jpg"></icon><desc></desc><category></category></programme><programme channel="141431213" start="20221128090000 +0000" stop="20221128110000 +0000" catchup-id="1299205187"><title>Non-stop de beste Schlager muziek</title><date></date><icon src="https://t-mobiletv.nl:443/CPS/images/universal/film/program/202211/20221121/28/20221121090100589bo2.jpg"></icon><desc></desc><category></category></programme><programme channel="141431213" start="20221128110000 +0000" stop="20221128130000 +0000" catchup-id="1299205193"><title>Non-stop de beste Schlager muziek</title><date></date><icon src="https://t-mobiletv.nl:443/CPS/images/universal/film/program/202211/20221121/97/20221121090100590hpj.jpg"></icon><desc></desc><category></category></programme><programme channel="141431213" start="20221128130000 +0000" stop="20221128150000 +0000" catchup-id="1299205199"><title>Non-stop de beste Schlager muziek</title><date></date><icon src="https://t-mobiletv.nl:443/CPS/images/universal/film/program/202211/20221121/54/20221121090100590q23.jpg"></icon><desc></desc><category></category></programme><programme channel="141431213" start="20221128150000 +0000" stop="20221128170000 +0000" catchup-id="1299205205"><title>Non-stop de beste Schlager muziek</title><date></date><icon src="https://t-mobiletv.nl:443/CPS/images/universal/film/program/202211/20221121/98/202211210901005906pz.jpg"></icon><desc></desc><category></category></programme><programme channel="141431213" start="20221128170000 +0000" stop="20221128190000 +0000" catchup-id="1299205211"><title>Non-stop de beste Schlager muziek</title><date></date><icon src="https://t-mobiletv.nl:443/CPS/images/universal/film/program/202211/20221121/79/20221121090100590hjj.jpg"></icon><desc></desc><category></category></programme><programme channel="141431213" start="20221128190000 +0000" stop="20221128210000 +0000" catchup-id="1299205217"><title>Non-stop de beste Schlager muziek</title><date></date><icon src="https://t-mobiletv.nl:443/CPS/images/universal/film/program/202211/20221121/72/20221121090100590qb5.jpg"></icon><desc></desc><category></category></programme><programme channel="141431213" start="20221128210000 +0000" stop="20221128230000 +0000" catchup-id="1299205223"><title>Non-stop de beste Schlager muziek</title><date></date><icon src="https://t-mobiletv.nl:443/CPS/images/universal/film/program/202211/20221121/70/202211210901005903t4.jpg"></icon><desc></desc><category></category></programme><programme channel="141431213" start="20221128230000 +0000" stop="20221129005900 +0000" catchup-id="1299571954"><title>Non-stop de beste Schlager muziek</title><date></date><icon src="https://t-mobiletv.nl:443/CPS/images/universal/film/program/202211/20221122/2/202211220900355203j6.jpg"></icon><desc></desc><category></category></programme><programme channel="141431213" start="20221129005900 +0000" stop="20221129030000 +0000" catchup-id="1299571960"><title>Non-stop de beste Schlager muziek</title><date></date><icon src="https://t-mobiletv.nl:443/CPS/images/universal/film/program/202211/20221122/6/20221122090035521dsd.jpg"></icon><desc></desc><category></category></programme><programme channel="141431213" start="20221129030000 +0000" stop="20221129050000 +0000" catchup-id="1299571966"><title>Non-stop de beste Schlager muziek</title><date></date><icon src="https://t-mobiletv.nl:443/CPS/images/universal/film/program/202211/20221122/39/20221122090035521i31.jpg"></icon><desc></desc><category></category></programme><programme channel="141431213" start="20221129050000 +0000" stop="20221129070000 +0000" catchup-id="1299571972"><title>Non-stop de beste Schlager muziek</title><date></date><icon src="https://t-mobiletv.nl:443/CPS/images/universal/film/program/202211/20221122/32/20221122090035521lar.jpg"></icon><desc></desc><category></category></programme><programme channel="141431213" start="20221129070000 +0000" stop="20221129090000 +0000" catchup-id="1299571978"><title>Non-stop de beste Schlager muziek</title><date></date><icon src="https://t-mobiletv.nl:443/CPS/images/universal/film/program/202211/20221122/25/20221122090035521rq5.jpg"></icon><desc></desc><category></category></programme><programme channel="141431213" start="20221129090000 +0000" stop="20221129110000 +0000" catchup-id="1299571984"><title>Non-stop de beste Schlager muziek</title><date></date><icon src="https://t-mobiletv.nl:443/CPS/images/universal/film/program/202211/20221122/64/20221122090035521znr.jpg"></icon><desc></desc><category></category></programme><programme channel="141431213" start="20221129110000 +0000" stop="20221129130000 +0000" catchup-id="1299571990"><title>Non-stop de beste Schlager muziek</title><date></date><icon src="https://t-mobiletv.nl:443/CPS/images/universal/film/program/202211/20221122/54/20221122090035521ztd.jpg"></icon><desc></desc><category></category></programme><programme channel="141431213" start="20221129130000 +0000" stop="20221129150000 +0000" catchup-id="1299571996"><title>Non-stop de beste Schlager muziek</title><date></date><icon src="https://t-mobiletv.nl:443/CPS/images/universal/film/program/202211/20221122/70/202211220900355215ze.jpg"></icon><desc></desc><category></category></programme><programme channel="141431213" start="20221129150000 +0000" stop="20221129170000 +0000" catchup-id="1299572002"><title>Non-stop de beste Schlager muziek</title><date></date><icon src="https://t-mobiletv.nl:443/CPS/images/universal/film/program/202211/20221122/62/20221122090035521w4a.jpg"></icon><desc></desc><category></category></programme><programme channel="141431213" start="20221129170000 +0000" stop="20221129190000 +0000" catchup-id="1299572008"><title>Non-stop de beste Schlager muziek</title><date></date><icon src="https://t-mobiletv.nl:443/CPS/images/universal/film/program/202211/20221122/30/20221122090035521x4b.jpg"></icon><desc></desc><category></category></programme><programme channel="141431213" start="20221129190000 +0000" stop="20221129210000 +0000" catchup-id="1299573166"><title>Non-stop de beste Schlager muziek</title><date></date><icon src="https://t-mobiletv.nl:443/CPS/images/universal/film/program/202211/20221122/91/20221122090035521iuc.jpg"></icon><desc></desc><category></category></programme><programme channel="141431213" start="20221129210000 +0000" stop="20221129230000 +0000" catchup-id="1299573172"><title>Non-stop de beste Schlager muziek</title><date></date><icon src="https://t-mobiletv.nl:443/CPS/images/universal/film/program/202211/20221122/47/20221122090035522wjm.jpg"></icon><desc></desc><category></category></programme><programme channel="141431213" start="20221129230000 +0000" stop="20221130005900 +0000" catchup-id="1300010102"><title>Non-stop de beste Schlager muziek</title><date></date><icon src="https://t-mobiletv.nl:443/CPS/images/universal/film/program/202211/20221123/75/20221123090050528l17.jpg"></icon><desc></desc><category></category></programme><programme channel="141431213" start="20221130005900 +0000" stop="20221130030000 +0000" catchup-id="1300010108"><title>Non-stop de beste Schlager muziek</title><date></date><icon src="https://t-mobiletv.nl:443/CPS/images/universal/film/program/202211/20221123/78/2022112309005052944e.jpg"></icon><desc></desc><category></category></programme><programme channel="141431213" start="20221130030000 +0000" stop="20221130050000 +0000" catchup-id="1300010114"><title>Non-stop de beste Schlager muziek</title><date></date><icon src="https://t-mobiletv.nl:443/CPS/images/universal/film/program/202211/20221123/39/202211230900505292pg.jpg"></icon><desc></desc><category></category></programme><programme channel="141431213" start="20221130050000 +0000" stop="20221130070000 +0000" catchup-id="1300010120"><title>Non-stop de beste Schlager muziek</title><date></date><icon src="https://t-mobiletv.nl:443/CPS/images/universal/film/program/202211/20221123/36/20221123090050529to6.jpg"></icon><desc></desc><category></category></programme><programme channel="141431213" start="20221130070000 +0000" stop="20221130090000 +0000" catchup-id="1300010126"><title>Non-stop de beste Schlager muziek</title><date></date><icon src="https://t-mobiletv.nl:443/CPS/images/universal/film/program/202211/20221123/49/20221123090050529g90.jpg"></icon><desc></desc><category></category></programme><programme channel="141431213" start="20221130090000 +0000" stop="20221130110000 +0000" catchup-id="1300010132"><title>Non-stop de beste Schlager muziek</title><date></date><icon src="https://t-mobiletv.nl:443/CPS/images/universal/film/program/202211/20221123/61/20221123090050529u9a.jpg"></icon><desc></desc><category></category></programme><programme channel="141431213" start="20221130110000 +0000" stop="20221130130000 +0000" catchup-id="1300010138"><title>Non-stop de beste Schlager muziek</title><date></date><icon src="https://t-mobiletv.nl:443/CPS/images/universal/film/program/202211/20221123/22/20221123090050529zjh.jpg"></icon><desc></desc><category></category></programme><programme channel="141431213" start="20221130130000 +0000" stop="20221130150000 +0000" catchup-id="1300010144"><title>Non-stop de beste Schlager muziek</title><date></date><icon src="https://t-mobiletv.nl:443/CPS/images/universal/film/program/202211/20221123/13/20221123090050529ms2.jpg"></icon><desc></desc><category></category></programme><programme channel="141431213" start="20221130150000 +0000" stop="20221130170000 +0000" catchup-id="1300010150"><title>Non-stop de beste Schlager muziek</title><date></date><icon src="https://t-mobiletv.nl:443/CPS/images/universal/film/program/202211/20221123/44/20221123090050529sf5.jpg"></icon><desc></desc><category></category></programme><programme channel="141431213" start="20221130170000 +0000" stop="20221130190000 +0000" catchup-id="1300010156"><title>Non-stop de beste Schlager muziek</title><date></date><icon src="https://t-mobiletv.nl:443/CPS/images/universal/film/program/202211/20221123/12/2022112309005052945l.jpg"></icon><desc></desc><category></category></programme><programme channel="141431213" start="20221130190000 +0000" stop="20221130210000 +0000" catchup-id="1300010162"><title>Non-stop de beste Schlager muziek</title><date></date><icon src="https://t-mobiletv.nl:443/CPS/images/universal/film/program/202211/20221123/41/202211230900505297qg.jpg"></icon><desc></desc><category></category></programme><programme channel="141431213" start="20221130210000 +0000" stop="20221130230000 +0000" catchup-id="1300010168"><title>Non-stop de beste Schlager muziek</title><date></date><icon src="https://t-mobiletv.nl:443/CPS/images/universal/film/program/202211/20221123/96/20221123090050529p7i.jpg"></icon><desc></desc><category></category></programme><programme channel="141431213" start="20221130230000 +0000" stop="20221201005900 +0000" catchup-id="1300417766"><title>Non-stop de beste Schlager muziek</title><date></date><icon src="https://t-mobiletv.nl:443/CPS/images/universal/film/program/202211/20221124/60/20221124090050509aps.jpg"></icon><desc></desc><category></category></programme><programme channel="141431213" start="20221201005900 +0000" stop="20221201030000 +0000" catchup-id="1300417836"><title>Non-stop de beste Schlager muziek</title><date></date><icon src="https://t-mobiletv.nl:443/CPS/images/universal/film/program/202211/20221124/77/20221124090050509z0a.jpg"></icon><desc></desc><category></category></programme><programme channel="141431213" start="20221201030000 +0000" stop="20221201050000 +0000" catchup-id="1300417842"><title>Non-stop de beste Schlager muziek</title><date></date><icon src="https://t-mobiletv.nl:443/CPS/images/universal/film/program/202211/20221124/9/20221124090050509bp0.jpg"></icon><desc></desc><category></category></programme><programme channel="141431213" start="20221201050000 +0000" stop="20221201070000 +0000" catchup-id="1300417848"><title>Non-stop de beste Schlager muziek</title><date></date><icon src="https://t-mobiletv.nl:443/CPS/images/universal/film/program/202211/20221124/5/202211240900505099z5.jpg"></icon><desc></desc><category></category></programme><programme channel="141431213" start="20221201070000 +0000" stop="20221201090000 +0000" catchup-id="1300417854"><title>Non-stop de beste Schlager muziek</title><date></date><icon src="https://t-mobiletv.nl:443/CPS/images/universal/film/program/202211/20221124/66/20221124090050509hmy.jpg"></icon><desc></desc><category></category></programme><programme channel="141431213" start="20221201090000 +0000" stop="20221201110000 +0000" catchup-id="1300417860"><title>Non-stop de beste Schlager muziek</title><date></date><icon src="https://t-mobiletv.nl:443/CPS/images/universal/film/program/202211/20221124/26/20221124090050509e1l.jpg"></icon><desc></desc><category></category></programme><programme channel="141431213" start="20221201110000 +0000" stop="20221201130000 +0000" catchup-id="1300417866"><title>Non-stop de beste Schlager muziek</title><date></date><icon src="https://t-mobiletv.nl:443/CPS/images/universal/film/program/202211/20221124/81/20221124090050509izq.jpg"></icon><desc></desc><category></category></programme><programme channel="141431213" start="20221201130000 +0000" stop="20221201150000 +0000" catchup-id="1300417872"><title>Non-stop de beste Schlager muziek</title><date></date><icon src="https://t-mobiletv.nl:443/CPS/images/universal/film/program/202211/20221124/50/20221124090050509lo3.jpg"></icon><desc></desc><category></category></programme><programme channel="141431213" start="20221201150000 +0000" stop="20221201170000 +0000" catchup-id="1300417878"><title>Non-stop de beste Schlager muziek</title><date></date><icon src="https://t-mobiletv.nl:443/CPS/images/universal/film/program/202211/20221124/34/20221124090050510m1p.jpg"></icon><desc></desc><category></category></programme><programme channel="141431213" start="20221201170000 +0000" stop="20221201190000 +0000" catchup-id="1300417884"><title>Non-stop de beste Schlager muziek</title><date></date><icon src="https://t-mobiletv.nl:443/CPS/images/universal/film/program/202211/20221124/65/20221124090050510k4k.jpg"></icon><desc></desc><category></category></programme><programme channel="141431213" start="20221201190000 +0000" stop="20221201210000 +0000" catchup-id="1300417890"><title>Non-stop de beste Schlager muziek</title><date></date><icon src="https://t-mobiletv.nl:443/CPS/images/universal/film/program/202211/20221124/50/20221124090050510t8w.jpg"></icon><desc></desc><category></category></programme><programme channel="141431213" start="20221201210000 +0000" stop="20221201230000 +0000" catchup-id="1300417896"><title>Non-stop de beste Schlager muziek</title><date></date><icon src="https://t-mobiletv.nl:443/CPS/images/universal/film/program/202211/20221124/13/202211240900505108qy.jpg"></icon><desc></desc><category></category></programme><programme channel="141431213" start="20221201230000 +0000" stop="20221202005900 +0000" catchup-id="1300859155"><title>Non-stop de beste Schlager muziek</title><date></date><icon src="https://t-mobiletv.nl:443/CPS/images/universal/film/program/202211/20221125/76/20221125090104768h93.jpg"></icon><desc></desc><category></category></programme><programme channel="141431213" start="20221202005900 +0000" stop="20221202030000 +0000" catchup-id="1300859161"><title>Non-stop de beste Schlager muziek</title><date></date><icon src="https://t-mobiletv.nl:443/CPS/images/universal/film/program/202211/20221125/5/20221125090104768jwq.jpg"></icon><desc></desc><category></category></programme><programme channel="141431213" start="20221202030000 +0000" stop="20221202050000 +0000" catchup-id="1300859167"><title>Non-stop de beste Schlager muziek</title><date></date><icon src="https://t-mobiletv.nl:443/CPS/images/universal/film/program/202211/20221125/0/20221125090104768ydx.jpg"></icon><desc></desc><category></category></programme><programme channel="141431213" start="20221202050000 +0000" stop="20221202070000 +0000" catchup-id="1300859173"><title>Non-stop de beste Schlager muziek</title><date></date><icon src="https://t-mobiletv.nl:443/CPS/images/universal/film/program/202211/20221125/58/20221125090104768ed0.jpg"></icon><desc></desc><category></category></programme><programme channel="141431213" start="20221202070000 +0000" stop="20221202090000 +0000" catchup-id="1300859243"><title>Non-stop de beste Schlager muziek</title><date></date><icon src="https://t-mobiletv.nl:443/CPS/images/universal/film/program/202211/20221125/97/20221125090104769h2p.jpg"></icon><desc></desc><category></category></programme><programme channel="141431213" start="20221202090000 +0000" stop="20221202110000 +0000" catchup-id="1300859249"><title>Non-stop de beste Schlager muziek</title><date></date><icon src="https://t-mobiletv.nl:443/CPS/images/universal/film/program/202211/20221125/63/2022112509010476928h.jpg"></icon><desc></desc><category></category></programme><programme channel="141431213" start="20221202110000 +0000" stop="20221202130000 +0000" catchup-id="1300859255"><title>Non-stop de beste Schlager muziek</title><date></date><icon src="https://t-mobiletv.nl:443/CPS/images/universal/film/program/202211/20221125/82/20221125090104769ijs.jpg"></icon><desc></desc><category></category></programme><programme channel="141431213" start="20221202130000 +0000" stop="20221202150000 +0000" catchup-id="1300859261"><title>Non-stop de beste Schlager muziek</title><date></date><icon src="https://t-mobiletv.nl:443/CPS/images/universal/film/program/202211/20221125/72/20221125090104769pq3.jpg"></icon><desc></desc><category></category></programme><programme channel="141431213" start="20221202150000 +0000" stop="20221202170000 +0000" catchup-id="1300859267"><title>Non-stop de beste Schlager muziek</title><date></date><icon src="https://t-mobiletv.nl:443/CPS/images/universal/film/program/202211/20221125/46/20221125090104769r41.jpg"></icon><desc></desc><category></category></programme><programme channel="141431213" start="20221202170000 +0000" stop="20221202190000 +0000" catchup-id="1300859273"><title>Non-stop de beste Schlager muziek</title><date></date><icon src="https://t-mobiletv.nl:443/CPS/images/universal/film/program/202211/20221125/30/20221125090104769sn3.jpg"></icon><desc></desc><category></category></programme><programme channel="141431213" start="20221202190000 +0000" stop="20221202210000 +0000" catchup-id="1300859279"><title>Non-stop de beste Schlager muziek</title><date></date><icon src="https://t-mobiletv.nl:443/CPS/images/universal/film/program/202211/20221125/73/20221125090104769cr6.jpg"></icon><desc></desc><category></category></programme><programme channel="141431213" start="20221202210000 +0000" stop="20221202230000 +0000" catchup-id="1300859285"><title>Non-stop de beste Schlager muziek</title><date></date><icon src="https://t-mobiletv.nl:443/CPS/images/universal/film/program/202211/20221125/93/2022112509010476949l.jpg"></icon><desc></desc><category></category></programme><programme channel="141431213" start="20221202230000 +0000" stop="20221203005900 +0000" catchup-id="1301310274"><title>Non-stop de beste Schlager muziek</title><date></date><icon src="https://t-mobiletv.nl:443/CPS/images/universal/film/program/202211/20221126/70/20221126090120512aw1.jpg"></icon><desc></desc><category></category></programme><programme channel="141431213" start="20221203005900 +0000" stop="20221203030000 +0000" catchup-id="1301310280"><title>Non-stop de beste Schlager muziek</title><date></date><icon src="https://t-mobiletv.nl:443/CPS/images/universal/film/program/202211/20221126/11/20221126090120512d1f.jpg"></icon><desc></desc><category></category></programme><programme channel="141431213" start="20221203030000 +0000" stop="20221203050000 +0000" catchup-id="1301310286"><title>Non-stop de beste Schlager muziek</title><date></date><icon src="https://t-mobiletv.nl:443/CPS/images/universal/film/program/202211/20221126/31/202211260901205120sc.jpg"></icon><desc></desc><category></category></programme><programme channel="141431213" start="20221203050000 +0000" stop="20221203070000 +0000" catchup-id="1301310292"><title>Non-stop de beste Schlager muziek</title><date></date><icon src="https://t-mobiletv.nl:443/CPS/images/universal/film/program/202211/20221126/0/20221126090120512clt.jpg"></icon><desc></desc><category></category></programme><programme channel="141431213" start="20221203070000 +0000" stop="20221203090000 +0000" catchup-id="1301310298"><title>Non-stop de beste Schlager muziek</title><date></date><icon src="https://t-mobiletv.nl:443/CPS/images/universal/film/program/202211/20221126/66/20221126090120512qni.jpg"></icon><desc></desc><category></category></programme><programme channel="141431213" start="20221203090000 +0000" stop="20221203110000 +0000" catchup-id="1301310304"><title>Non-stop de beste Schlager muziek</title><date></date><icon src="https://t-mobiletv.nl:443/CPS/images/universal/film/program/202211/20221126/64/20221126090120513vd5.jpg"></icon><desc></desc><category></category></programme><programme channel="141431213" start="20221203110000 +0000" stop="20221203130000 +0000" catchup-id="1301310310"><title>Non-stop de beste Schlager muziek</title><date></date><icon src="https://t-mobiletv.nl:443/CPS/images/universal/film/program/202211/20221126/67/202211260901205131iq.jpg"></icon><desc></desc><category></category></programme><programme channel="141431213" start="20221203130000 +0000" stop="20221203150000 +0000" catchup-id="1301310572"><title>Non-stop de beste Schlager muziek</title><date></date><icon src="https://t-mobiletv.nl:443/CPS/images/universal/film/program/202211/20221126/58/20221126090120513la2.jpg"></icon><desc></desc><category></category></programme><programme channel="141431213" start="20221203150000 +0000" stop="20221203170000 +0000" catchup-id="1301310578"><title>Non-stop de beste Schlager muziek</title><date></date><icon src="https://t-mobiletv.nl:443/CPS/images/universal/film/program/202211/20221126/80/20221126090120513s64.jpg"></icon><desc></desc><category></category></programme>