<programme channel="141430573" start="20221118172400 +0000" stop="20221118181500 +0000" catchup-id="1295056132"><title>Caduta Libera</title><date></date><icon src=""></icon><desc></desc><category></category></programme><programme channel="141430573" start="20221118181500 +0000" stop="20221118184400 +0000" catchup-id="1295056138"><title>Sport Mediaset '22 - (i1)</title><date></date><icon src=""></icon><desc></desc><category></category></programme><programme channel="141430573" start="20221118184400 +0000" stop="20221118190400 +0000" catchup-id="1295056144"><title>Amici Di Maria D.t. (lu/ve)</title><date></date><icon src=""></icon><desc></desc><category></category></programme><programme channel="141430573" start="20221118190400 +0000" stop="20221118200000 +0000" catchup-id="1295056150"><title>Pomeriggio Cinque</title><date></date><icon src=""></icon><desc></desc><category></category></programme><programme channel="141430573" start="20221118200000 +0000" stop="20221118203500 +0000" catchup-id="1295056156"><title>Tg5</title><date></date><icon src=""></icon><desc></desc><category></category></programme><programme channel="141430573" start="20221118203500 +0000" stop="20221118230600 +0000" catchup-id="1295056162"><title>Zelig</title><date></date><icon src=""></icon><desc></desc><category></category></programme><programme channel="141430573" start="20221118230600 +0000" stop="20221118233700 +0000" catchup-id="1295490210"><title>Striscia La Notizia</title><date></date><icon src=""></icon><desc></desc><category></category></programme><programme channel="141430573" start="20221118233700 +0000" stop="20221119031500 +0000" catchup-id="1295490216"><title>Dritto E Rovescio</title><date></date><icon src=""></icon><desc></desc><category></category></programme><programme channel="141430573" start="20221119031500 +0000" stop="20221119040800 +0000" catchup-id="1295490734"><title>Stasera Italia Simulcast</title><date></date><icon src=""></icon><desc></desc><category></category></programme><programme channel="141430573" start="20221119040800 +0000" stop="20221119050100 +0000" catchup-id="1295490746"><title>Zig Zag '84-85 - Hc</title><date></date><icon src=""></icon><desc></desc><category></category></programme><programme channel="141430573" start="20221119050100 +0000" stop="20221119052600 +0000" catchup-id="1295490752"><title>Don Luca I</title><date></date><icon src=""></icon><desc></desc><category></category></programme><programme channel="141430573" start="20221119052600 +0000" stop="20221119055100 +0000" catchup-id="1295490758"><title>Don Luca I</title><date></date><icon src=""></icon><desc></desc><category></category></programme><programme channel="141430573" start="20221119055100 +0000" stop="20221119061600 +0000" catchup-id="1295490764"><title>Don Luca I</title><date></date><icon src=""></icon><desc></desc><category></category></programme><programme channel="141430573" start="20221119061600 +0000" stop="20221119064100 +0000" catchup-id="1295490770"><title>Don Luca I</title><date></date><icon src=""></icon><desc></desc><category></category></programme><programme channel="141430573" start="20221119064100 +0000" stop="20221119070600 +0000" catchup-id="1295490776"><title>Don Luca I</title><date></date><icon src=""></icon><desc></desc><category></category></programme><programme channel="141430573" start="20221119070600 +0000" stop="20221119084700 +0000" catchup-id="1295490782"><title>Zelig Circus '03</title><date></date><icon src=""></icon><desc></desc><category></category></programme><programme channel="141430573" start="20221119084700 +0000" stop="20221119090400 +0000" catchup-id="1295490788"><title>L'arca Di Noe'</title><date></date><icon src=""></icon><desc></desc><category></category></programme><programme channel="141430573" start="20221119090400 +0000" stop="20221119093900 +0000" catchup-id="1295490794"><title>Grande Fratello Vip '22-'23 (live) -</title><date></date><icon src=""></icon><desc></desc><category></category></programme><programme channel="141430573" start="20221119093900 +0000" stop="20221119112000 +0000" catchup-id="1295490800"><title>Onore E Il Rispetto - Parte Seconda (l'</title><date></date><icon src=""></icon><desc></desc><category></category></programme><programme channel="141430573" start="20221119112000 +0000" stop="20221119114700 +0000" catchup-id="1295490806"><title>Melaverde '21 - Le Storie</title><date></date><icon src=""></icon><desc></desc><category></category></programme><programme channel="141430573" start="20221119114700 +0000" stop="20221119121000 +0000" catchup-id="1295490812"><title>Melaverde '21 - Le Storie</title><date></date><icon src=""></icon><desc></desc><category></category></programme><programme channel="141430573" start="20221119121000 +0000" stop="20221119130000 +0000" catchup-id="1295490818"><title>Stasera Italia</title><date></date><icon src=""></icon><desc></desc><category></category></programme><programme channel="141430573" start="20221119130000 +0000" stop="20221119133500 +0000" catchup-id="1295490824"><title>Tg5</title><date></date><icon src=""></icon><desc></desc><category></category></programme><programme channel="141430573" start="20221119133500 +0000" stop="20221119133800 +0000" catchup-id="1295490830"><title>Riassunto - Viola Come Il Mare</title><date></date><icon src=""></icon><desc></desc><category></category></programme><programme channel="141430573" start="20221119133800 +0000" stop="20221119150900 +0000" catchup-id="1295490836"><title>Viola Come Il Mare</title><date></date><icon src=""></icon><desc></desc><category></category></programme><programme channel="141430573" start="20221119150900 +0000" stop="20221119160000 +0000" catchup-id="1295490842"><title>Caduta Libera</title><date></date><icon src=""></icon><desc></desc><category></category></programme><programme channel="141430573" start="20221119160000 +0000" stop="20221119164000 +0000" catchup-id="1295490848"><title>Senza Fine I</title><date></date><icon src=""></icon><desc></desc><category></category></programme><programme channel="141430573" start="20221119164000 +0000" stop="20221119172100 +0000" catchup-id="1295490854"><title>Senza Fine I</title><date></date><icon src=""></icon><desc></desc><category></category></programme><programme channel="141430573" start="20221119172100 +0000" stop="20221119184800 +0000" catchup-id="1295490860"><title>Maurizio Costanzo Show - La Storia '14 (c5)</title><date></date><icon src=""></icon><desc></desc><category></category></programme><programme channel="141430573" start="20221119184800 +0000" stop="20221119193400 +0000" catchup-id="1295490866"><title>Pensa In Grande '22</title><date></date><icon src=""></icon><desc></desc><category></category></programme><programme channel="141430573" start="20221119193400 +0000" stop="20221119200000 +0000" catchup-id="1295490872"><title>Sarabanda '02-03</title><date></date><icon src=""></icon><desc></desc><category></category></programme><programme channel="141430573" start="20221119200000 +0000" stop="20221119203500 +0000" catchup-id="1295490878"><title>Tg5</title><date></date><icon src=""></icon><desc></desc><category></category></programme><programme channel="141430573" start="20221119203500 +0000" stop="20221119224600 +0000" catchup-id="1295490884"><title>Scherzi A Parte '22</title><date></date><icon src=""></icon><desc></desc><category></category></programme><programme channel="141430573" start="20221119224600 +0000" stop="20221119231700 +0000" catchup-id="1295490890"><title>Striscia La Notizia</title><date></date><icon src=""></icon><desc></desc><category></category></programme><programme channel="141430573" start="20221119231700 +0000" stop="20221120021700 +0000" catchup-id="1295889094"><title>Quarto Grado - Autunno '22</title><date></date><icon src=""></icon><desc></desc><category></category></programme><programme channel="141430573" start="20221120021700 +0000" stop="20221120030100 +0000" catchup-id="1298982263"><title>Geen programma-informatie beschikbaar</title><date></date><icon src=""></icon><desc></desc><category></category></programme><programme channel="141430573" start="20221120030100 +0000" stop="20221120035000 +0000" catchup-id="1295889100"><title>Controcorrente</title><date></date><icon src=""></icon><desc></desc><category></category></programme><programme channel="141430573" start="20221120035000 +0000" stop="20221120035800 +0000" catchup-id="1298395637"><title>Ieri E Oggi In Tv '15</title><date></date><icon src=""></icon><desc></desc><category></category></programme><programme channel="141430573" start="20221120035800 +0000" stop="20221120040800 +0000" catchup-id="1295889112"><title>Ieri E Oggi In Tv '15</title><date></date><icon src=""></icon><desc></desc><category></category></programme><programme channel="141430573" start="20221120040800 +0000" stop="20221120043600 +0000" catchup-id="1295889118"><title>Casa Vianello Xv/ritorno A Casa Vianello Ix</title><date></date><icon src=""></icon><desc></desc><category></category></programme><programme channel="141430573" start="20221120043600 +0000" stop="20221120050100 +0000" catchup-id="1295889124"><title>Casa Vianello Xv/ritorno A Casa Vianello Ix</title><date></date><icon src=""></icon><desc></desc><category></category></programme><programme channel="141430573" start="20221120050100 +0000" stop="20221120052600 +0000" catchup-id="1295889130"><title>Centovetrine Xi</title><date></date><icon src=""></icon><desc></desc><category></category></programme><programme channel="141430573" start="20221120052600 +0000" stop="20221120055200 +0000" catchup-id="1295889136"><title>Centovetrine Xi</title><date></date><icon src=""></icon><desc></desc><category></category></programme><programme channel="141430573" start="20221120055200 +0000" stop="20221120061800 +0000" catchup-id="1295889142"><title>Centovetrine Xii</title><date></date><icon src=""></icon><desc></desc><category></category></programme><programme channel="141430573" start="20221120061800 +0000" stop="20221120064400 +0000" catchup-id="1295889148"><title>Centovetrine Xii</title><date></date><icon src=""></icon><desc></desc><category></category></programme><programme channel="141430573" start="20221120064400 +0000" stop="20221120071100 +0000" catchup-id="1295889154"><title>Centovetrine Xii</title><date></date><icon src=""></icon><desc></desc><category></category></programme><programme channel="141430573" start="20221120071100 +0000" stop="20221120073700 +0000" catchup-id="1295889160"><title>Nonno Felice Iii</title><date></date><icon src=""></icon><desc></desc><category></category></programme><programme channel="141430573" start="20221120073700 +0000" stop="20221120081800 +0000" catchup-id="1295889166"><title>Non E' La Rai</title><date></date><icon src=""></icon><desc></desc><category></category></programme><programme channel="141430573" start="20221120081800 +0000" stop="20221120084200 +0000" catchup-id="1295889172"><title>Non E' La Rai</title><date></date><icon src=""></icon><desc></desc><category></category></programme><programme channel="141430573" start="20221120084200 +0000" stop="20221120090100 +0000" catchup-id="1298395643"><title>Arca Di Noe' '22 (l')</title><date></date><icon src=""></icon><desc></desc><category></category></programme><programme channel="141430573" start="20221120090100 +0000" stop="20221120095200 +0000" catchup-id="1295889178"><title>Santa Messa '22</title><date></date><icon src=""></icon><desc></desc><category></category></programme><programme channel="141430573" start="20221120095200 +0000" stop="20221120113000 +0000" catchup-id="1295889184"><title>Mani Di Velluto</title><date></date><icon src=""></icon><desc></desc><category></category></programme><programme channel="141430573" start="20221120113000 +0000" stop="20221120121100 +0000" catchup-id="1295889190"><title>Grande Fratello Vip '22-'23 (live) -</title><date></date><icon src=""></icon><desc></desc><category></category></programme><programme channel="141430573" start="20221120121100 +0000" stop="20221120130000 +0000" catchup-id="1295889196"><title>Controcorrente</title><date></date><icon src=""></icon><desc></desc><category></category></programme><programme channel="141430573" start="20221120130000 +0000" stop="20221120133500 +0000" catchup-id="1295889202"><title>Tg5</title><date></date><icon src=""></icon><desc></desc><category></category></programme><programme channel="141430573" start="20221120133500 +0000" stop="20221120153600 +0000" catchup-id="1295889208"><title>Verissimo</title><date></date><icon src=""></icon><desc></desc><category></category></programme><programme channel="141430573" start="20221120153600 +0000" stop="20221120162700 +0000" catchup-id="1295889214"><title>Caduta Libera</title><date></date><icon src=""></icon><desc></desc><category></category></programme><programme channel="141430573" start="20221120162700 +0000" stop="20221120182200 +0000" catchup-id="1295889220"><title>Amici</title><date></date><icon src=""></icon><desc></desc><category></category></programme><programme channel="141430573" start="20221120182200 +0000" stop="20221120190300 +0000" catchup-id="1295889226"><title>Grande Fratello Vip '22-'23 (live) -</title><date></date><icon src=""></icon><desc></desc><category></category></programme><programme channel="141430573" start="20221120190300 +0000" stop="20221120193400 +0000" catchup-id="1295889232"><title>Love Me Licia</title><date></date><icon src=""></icon><desc></desc><category></category></programme><programme channel="141430573" start="20221120193400 +0000" stop="20221120200000 +0000" catchup-id="1295889238"><title>Sarabanda '02-03</title><date></date><icon src=""></icon><desc></desc><category></category></programme><programme channel="141430573" start="20221120200000 +0000" stop="20221120203500 +0000" catchup-id="1295889244"><title>Tg5</title><date></date><icon src=""></icon><desc></desc><category></category></programme><programme channel="141430573" start="20221120203500 +0000" stop="20221120233600 +0000" catchup-id="1295889250"><title>Quarto Grado</title><date></date><icon src=""></icon><desc></desc><category></category></programme><programme channel="141430573" start="20221120233600 +0000" stop="20221121013600 +0000" catchup-id="1296252863"><title>Verissimo</title><date></date><icon src=""></icon><desc></desc><category></category></programme><programme channel="141430573" start="20221121013600 +0000" stop="20221121015500 +0000" catchup-id="1299336549"><title>Geen programma-informatie beschikbaar</title><date></date><icon src=""></icon><desc></desc><category></category></programme><programme channel="141430573" start="20221121015500 +0000" stop="20221121022900 +0000" catchup-id="1296252869"><title>Controcorrente</title><date></date><icon src=""></icon><desc></desc><category></category></programme><programme channel="141430573" start="20221121022900 +0000" stop="20221121024400 +0000" catchup-id="1296252875"><title>Sarabanda '02-03</title><date></date><icon src=""></icon><desc></desc><category></category></programme><programme channel="141430573" start="20221121024400 +0000" stop="20221121025300 +0000" catchup-id="1298395655"><title>Ieri E Oggi In Tv '15</title><date></date><icon src=""></icon><desc></desc><category></category></programme><programme channel="141430573" start="20221121025300 +0000" stop="20221121050100 +0000" catchup-id="1296252881"><title>Il Comune Senso Del Pudore - Vm14</title><date></date><icon src=""></icon><desc></desc><category></category></programme><programme channel="141430573" start="20221121050100 +0000" stop="20221121052500 +0000" catchup-id="1296252887"><title>Centovetrine Xii</title><date></date><icon src=""></icon><desc></desc><category></category></programme><programme channel="141430573" start="20221121052500 +0000" stop="20221121053300 +0000" catchup-id="1296252893"><title>Ieri E Oggi In Tv '15</title><date></date><icon src=""></icon><desc></desc><category></category></programme><programme channel="141430573" start="20221121053300 +0000" stop="20221121054100 +0000" catchup-id="1296252899"><title>Ieri E Oggi In Tv '15</title><date></date><icon src=""></icon><desc></desc><category></category></programme><programme channel="141430573" start="20221121054100 +0000" stop="20221121055000 +0000" catchup-id="1296252969"><title>Ieri E Oggi In Tv '15</title><date></date><icon src=""></icon><desc></desc><category></category></programme><programme channel="141430573" start="20221121055000 +0000" stop="20221121073000 +0000" catchup-id="1296252975"><title>Mattino Cinque News</title><date></date><icon src=""></icon><desc></desc><category></category></programme><programme channel="141430573" start="20221121073000 +0000" stop="20221121075500 +0000" catchup-id="1296252981"><title>Don Luca I</title><date></date><icon src=""></icon><desc></desc><category></category></programme><programme channel="141430573" start="20221121075500 +0000" stop="20221121092000 +0000" catchup-id="1296252987"><title>Forum</title><date></date><icon src=""></icon><desc></desc><category></category></programme><programme channel="141430573" start="20221121092000 +0000" stop="20221121102500 +0000" catchup-id="1296252993"><title>Lo Sportello Di Forum '22-'23</title><date></date><icon src=""></icon><desc></desc><category></category></programme><programme channel="141430573" start="20221121102500 +0000" stop="20221121111300 +0000" catchup-id="1296252999"><title>Grande Fratello Vip '22-'23 (live) -</title><date></date><icon src=""></icon><desc></desc><category></category></programme><programme channel="141430573" start="20221121111300 +0000" stop="20221121120200 +0000" catchup-id="1296253005"><title>Controcorrente</title><date></date><icon src=""></icon><desc></desc><category></category></programme><programme channel="141430573" start="20221121120200 +0000" stop="20221121125100 +0000" catchup-id="1296253011"><title>Ricette All'italiana '20</title><date></date><icon src=""></icon><desc></desc><category></category></programme><programme channel="141430573" start="20221121125100 +0000" stop="20221121130000 +0000" catchup-id="1296253017"><title>Cotto E Mangiato - Il Menu Del Giorno '21</title><date></date><icon src=""></icon><desc></desc><category></category></programme><programme channel="141430573" start="20221121130000 +0000" stop="20221121133500 +0000" catchup-id="1296253023"><title>Tg5</title><date></date><icon src=""></icon><desc></desc><category></category></programme><programme channel="141430573" start="20221121133500 +0000" stop="20221121144000 +0000" catchup-id="1296253029"><title>Distretto Di Polizia 3</title><date></date><icon src=""></icon><desc></desc><category></category></programme><programme channel="141430573" start="20221121144000 +0000" stop="20221121162000 +0000" catchup-id="1296253035"><title>Mattino Cinque News</title><date></date><icon src=""></icon><desc></desc><category></category></programme><programme channel="141430573" start="20221121162000 +0000" stop="20221121172400 +0000" catchup-id="1296253041"><title>Uomini E Donne</title><date></date><icon src=""></icon><desc></desc><category></category></programme><programme channel="141430573" start="20221121172400 +0000" stop="20221121181500 +0000" catchup-id="1296253047"><title>Caduta Libera</title><date></date><icon src=""></icon><desc></desc><category></category></programme><programme channel="141430573" start="20221121181500 +0000" stop="20221121184400 +0000" catchup-id="1296253053"><title>Sport Mediaset '22 - (i1)</title><date></date><icon src=""></icon><desc></desc><category></category></programme><programme channel="141430573" start="20221121184400 +0000" stop="20221121190400 +0000" catchup-id="1296253059"><title>Amici Di Maria D.t. (lu/ve)</title><date></date><icon src=""></icon><desc></desc><category></category></programme><programme channel="141430573" start="20221121190400 +0000" stop="20221121200000 +0000" catchup-id="1296253065"><title>Pomeriggio Cinque</title><date></date><icon src=""></icon><desc></desc><category></category></programme><programme channel="141430573" start="20221121200000 +0000" stop="20221121203600 +0000" catchup-id="1296253071"><title>Tg5</title><date></date><icon src=""></icon><desc></desc><category></category></programme><programme channel="141430573" start="20221121203600 +0000" stop="20221121233600 +0000" catchup-id="1296253077"><title>Grande Fratello Vip '22-'23</title><date></date><icon src=""></icon><desc></desc><category></category></programme><programme channel="141430573" start="20221121233600 +0000" stop="20221122002500 +0000" catchup-id="1299771254"><title>Geen programma-informatie beschikbaar</title><date></date><icon src=""></icon><desc></desc><category></category></programme><programme channel="141430573" start="20221122002500 +0000" stop="20221122003700 +0000" catchup-id="1298395667"><title>Grande Fratello Vip '22-'23</title><date></date><icon src=""></icon><desc></desc><category></category></programme><programme channel="141430573" start="20221122003700 +0000" stop="20221122010800 +0000" catchup-id="1298395673"><title>Striscia La Notizia</title><date></date><icon src=""></icon><desc></desc><category></category></programme><programme channel="141430573" start="20221122010800 +0000" stop="20221122045100 +0000" catchup-id="1296694014"><title>Zona Bianca</title><date></date><icon src=""></icon><desc></desc><category></category></programme><programme channel="141430573" start="20221122045100 +0000" stop="20221122050100 +0000" catchup-id="1299582408"><title>Cotto E Mangiato - Il Menu Del Giorno '21</title><date></date><icon src=""></icon><desc></desc><category></category></programme><programme channel="141430573" start="20221122050100 +0000" stop="20221122052500 +0000" catchup-id="1296694044"><title>Centovetrine Xii</title><date></date><icon src=""></icon><desc></desc><category></category></programme><programme channel="141430573" start="20221122052500 +0000" stop="20221122053300 +0000" catchup-id="1296694050"><title>Ieri E Oggi In Tv '15</title><date></date><icon src=""></icon><desc></desc><category></category></programme><programme channel="141430573" start="20221122053300 +0000" stop="20221122054100 +0000" catchup-id="1296694056"><title>Ieri E Oggi In Tv '15</title><date></date><icon src=""></icon><desc></desc><category></category></programme><programme channel="141430573" start="20221122054100 +0000" stop="20221122054500 +0000" catchup-id="1296694062"><title>Ieri E Oggi In Tv '15</title><date></date><icon src=""></icon><desc></desc><category></category></programme><programme channel="141430573" start="20221122054500 +0000" stop="20221122055000 +0000" catchup-id="1296694068"><title>Ieri E Oggi In Tv '15</title><date></date><icon src=""></icon><desc></desc><category></category></programme><programme channel="141430573" start="20221122055000 +0000" stop="20221122073000 +0000" catchup-id="1296694074"><title>Mattino Cinque News</title><date></date><icon src=""></icon><desc></desc><category></category></programme><programme channel="141430573" start="20221122073000 +0000" stop="20221122075500 +0000" catchup-id="1296694080"><title>Don Luca I</title><date></date><icon src=""></icon><desc></desc><category></category></programme><programme channel="141430573" start="20221122075500 +0000" stop="20221122092000 +0000" catchup-id="1296694086"><title>Forum</title><date></date><icon src=""></icon><desc></desc><category></category></programme><programme channel="141430573" start="20221122092000 +0000" stop="20221122102500 +0000" catchup-id="1296694092"><title>Lo Sportello Di Forum '22-'23</title><date></date><icon src=""></icon><desc></desc><category></category></programme><programme channel="141430573" start="20221122102500 +0000" stop="20221122111300 +0000" catchup-id="1296694098"><title>Grande Fratello Vip '22-'23 (live) -</title><date></date><icon src=""></icon><desc></desc><category></category></programme><programme channel="141430573" start="20221122111300 +0000" stop="20221122120200 +0000" catchup-id="1296694104"><title>Stasera Italia</title><date></date><icon src=""></icon><desc></desc><category></category></programme><programme channel="141430573" start="20221122120200 +0000" stop="20221122125100 +0000" catchup-id="1296694110"><title>Ricette All'italiana '20</title><date></date><icon src=""></icon><desc></desc><category></category></programme><programme channel="141430573" start="20221122125100 +0000" stop="20221122130000 +0000" catchup-id="1296694116"><title>Cotto E Mangiato - Il Menu Del Giorno '21</title><date></date><icon src=""></icon><desc></desc><category></category></programme><programme channel="141430573" start="20221122130000 +0000" stop="20221122133500 +0000" catchup-id="1296694122"><title>Tg5</title><date></date><icon src=""></icon><desc></desc><category></category></programme><programme channel="141430573" start="20221122133500 +0000" stop="20221122144000 +0000" catchup-id="1296694128"><title>Distretto Di Polizia 3</title><date></date><icon src=""></icon><desc></desc><category></category></programme><programme channel="141430573" start="20221122144000 +0000" stop="20221122162000 +0000" catchup-id="1296694134"><title>Mattino Cinque News</title><date></date><icon src=""></icon><desc></desc><category></category></programme><programme channel="141430573" start="20221122162000 +0000" stop="20221122172400 +0000" catchup-id="1296694140"><title>Uomini E Donne</title><date></date><icon src=""></icon><desc></desc><category></category></programme><programme channel="141430573" start="20221122172400 +0000" stop="20221122181500 +0000" catchup-id="1296694146"><title>Caduta Libera</title><date></date><icon src=""></icon><desc></desc><category></category></programme><programme channel="141430573" start="20221122181500 +0000" stop="20221122184400 +0000" catchup-id="1296694152"><title>Sport Mediaset '22 - (i1)</title><date></date><icon src=""></icon><desc></desc><category></category></programme><programme channel="141430573" start="20221122184400 +0000" stop="20221122190400 +0000" catchup-id="1296694158"><title>Amici Di Maria D.t. (lu/ve)</title><date></date><icon src=""></icon><desc></desc><category></category></programme><programme channel="141430573" start="20221122190400 +0000" stop="20221122200000 +0000" catchup-id="1296694164"><title>Pomeriggio Cinque</title><date></date><icon src=""></icon><desc></desc><category></category></programme><programme channel="141430573" start="20221122200000 +0000" stop="20221122203500 +0000" catchup-id="1296694170"><title>Tg5</title><date></date><icon src=""></icon><desc></desc><category></category></programme><programme channel="141430573" start="20221122203500 +0000" stop="20221122234300 +0000" catchup-id="1296694176"><title>Le Iene Presentano: Inside</title><date></date><icon src=""></icon><desc></desc><category></category></programme><programme channel="141430573" start="20221122234300 +0000" stop="20221123001400 +0000" catchup-id="1298396587"><title>Striscia La Notizia</title><date></date><icon src=""></icon><desc></desc><category></category></programme><programme channel="141430573" start="20221123001400 +0000" stop="20221123031500 +0000" catchup-id="1297117889"><title>Quarta Repubblica</title><date></date><icon src=""></icon><desc></desc><category></category></programme><programme channel="141430573" start="20221123031500 +0000" stop="20221123040800 +0000" catchup-id="1297117895"><title>Stasera Italia Simulcast</title><date></date><icon src=""></icon><desc></desc><category></category></programme><programme channel="141430573" start="20221123040800 +0000" stop="20221123050100 +0000" catchup-id="1297117913"><title>Zig Zag '84-85 - Hc</title><date></date><icon src=""></icon><desc></desc><category></category></programme><programme channel="141430573" start="20221123050100 +0000" stop="20221123052500 +0000" catchup-id="1297117919"><title>Centovetrine Xii</title><date></date><icon src=""></icon><desc></desc><category></category></programme><programme channel="141430573" start="20221123052500 +0000" stop="20221123053300 +0000" catchup-id="1297117925"><title>Ieri E Oggi In Tv '15</title><date></date><icon src=""></icon><desc></desc><category></category></programme><programme channel="141430573" start="20221123053300 +0000" stop="20221123054100 +0000" catchup-id="1297118123"><title>Ieri E Oggi In Tv '15</title><date></date><icon src=""></icon><desc></desc><category></category></programme><programme channel="141430573" start="20221123054100 +0000" stop="20221123054500 +0000" catchup-id="1297118129"><title>Ieri E Oggi In Tv '15</title><date></date><icon src=""></icon><desc></desc><category></category></programme><programme channel="141430573" start="20221123054500 +0000" stop="20221123055000 +0000" catchup-id="1297118135"><title>Ieri E Oggi In Tv '15</title><date></date><icon src=""></icon><desc></desc><category></category></programme><programme channel="141430573" start="20221123055000 +0000" stop="20221123073000 +0000" catchup-id="1297118141"><title>Mattino Cinque News</title><date></date><icon src=""></icon><desc></desc><category></category></programme><programme channel="141430573" start="20221123073000 +0000" stop="20221123075500 +0000" catchup-id="1297118147"><title>Don Luca I</title><date></date><icon src=""></icon><desc></desc><category></category></programme><programme channel="141430573" start="20221123075500 +0000" stop="20221123092000 +0000" catchup-id="1297118153"><title>Forum</title><date></date><icon src=""></icon><desc></desc><category></category></programme><programme channel="141430573" start="20221123092000 +0000" stop="20221123102500 +0000" catchup-id="1297118159"><title>Lo Sportello Di Forum '22-'23</title><date></date><icon src=""></icon><desc></desc><category></category></programme><programme channel="141430573" start="20221123102500 +0000" stop="20221123111300 +0000" catchup-id="1297118165"><title>Grande Fratello Vip '22-'23 (live) -</title><date></date><icon src=""></icon><desc></desc><category></category></programme><programme channel="141430573" start="20221123111300 +0000" stop="20221123120200 +0000" catchup-id="1297118171"><title>Stasera Italia</title><date></date><icon src=""></icon><desc></desc><category></category></programme><programme channel="141430573" start="20221123120200 +0000" stop="20221123125100 +0000" catchup-id="1297118177"><title>Ricette All'italiana '20</title><date></date><icon src=""></icon><desc></desc><category></category></programme><programme channel="141430573" start="20221123125100 +0000" stop="20221123130000 +0000" catchup-id="1297118183"><title>Cotto E Mangiato - Il Menu Del Giorno '21</title><date></date><icon src=""></icon><desc></desc><category></category></programme><programme channel="141430573" start="20221123130000 +0000" stop="20221123133500 +0000" catchup-id="1297118189"><title>Tg5</title><date></date><icon src=""></icon><desc></desc><category></category></programme><programme channel="141430573" start="20221123133500 +0000" stop="20221123144000 +0000" catchup-id="1297118195"><title>Distretto Di Polizia 3</title><date></date><icon src=""></icon><desc></desc><category></category></programme><programme channel="141430573" start="20221123144000 +0000" stop="20221123162000 +0000" catchup-id="1297118201"><title>Mattino Cinque News</title><date></date><icon src=""></icon><desc></desc><category></category></programme><programme channel="141430573" start="20221123162000 +0000" stop="20221123172400 +0000" catchup-id="1297118207"><title>Uomini E Donne</title><date></date><icon src=""></icon><desc></desc><category></category></programme><programme channel="141430573" start="20221123172400 +0000" stop="20221123181500 +0000" catchup-id="1297118213"><title>Caduta Libera</title><date></date><icon src=""></icon><desc></desc><category></category></programme><programme channel="141430573" start="20221123181500 +0000" stop="20221123184400 +0000" catchup-id="1297118219"><title>Sport Mediaset '22 - (i1)</title><date></date><icon src=""></icon><desc></desc><category></category></programme><programme channel="141430573" start="20221123184400 +0000" stop="20221123190400 +0000" catchup-id="1297118225"><title>Amici Di Maria D.t. (lu/ve)</title><date></date><icon src=""></icon><desc></desc><category></category></programme><programme channel="141430573" start="20221123190400 +0000" stop="20221123200000 +0000" catchup-id="1297118231"><title>Pomeriggio Cinque</title><date></date><icon src=""></icon><desc></desc><category></category></programme><programme channel="141430573" start="20221123200000 +0000" stop="20221123203500 +0000" catchup-id="1297118237"><title>Tg5</title><date></date><icon src=""></icon><desc></desc><category></category></programme><programme channel="141430573" start="20221123203500 +0000" stop="20221123232500 +0000" catchup-id="1297118243"><title>Le Iene Show '22 (autunno)</title><date></date><icon src=""></icon><desc></desc><category></category></programme><programme channel="141430573" start="20221123232500 +0000" stop="20221123235600 +0000" catchup-id="1297544509"><title>Striscia La Notizia</title><date></date><icon src=""></icon><desc></desc><category></category></programme><programme channel="141430573" start="20221123235600 +0000" stop="20221124031700 +0000" catchup-id="1298396593"><title>Fuori Dal Coro</title><date></date><icon src=""></icon><desc></desc><category></category></programme><programme channel="141430573" start="20221124031700 +0000" stop="20221124034600 +0000" catchup-id="1297544533"><title>Sport Mediaset '22 - (i1)</title><date></date><icon src=""></icon><desc></desc><category></category></programme><programme channel="141430573" start="20221124034600 +0000" stop="20221124035100 +0000" catchup-id="1297544539"><title>Cotto E Mangiato - Il Menu Del Giorno '21</title><date></date><icon src=""></icon><desc></desc><category></category></programme><programme channel="141430573" start="20221124035100 +0000" stop="20221124035500 +0000" catchup-id="1300406091"><title>Ieri E Oggi In Tv '15</title><date></date><icon src=""></icon><desc></desc><category></category></programme><programme channel="141430573" start="20221124035500 +0000" stop="20221124040100 +0000" catchup-id="1297978010"><title>Ieri E Oggi In Tv '15</title><date></date><icon src=""></icon><desc></desc><category></category></programme><programme channel="141430573" start="20221124040100 +0000" stop="20221124040800 +0000" catchup-id="1297544545"><title>Ieri E Oggi In Tv '15</title><date></date><icon src=""></icon><desc></desc><category></category></programme><programme channel="141430573" start="20221124040800 +0000" stop="20221124050100 +0000" catchup-id="1297544551"><title>Zig Zag '84-85 - Hc</title><date></date><icon src=""></icon><desc></desc><category></category></programme><programme channel="141430573" start="20221124050100 +0000" stop="20221124052500 +0000" catchup-id="1297545133"><title>Centovetrine Xii</title><date></date><icon src=""></icon><desc></desc><category></category></programme><programme channel="141430573" start="20221124052500 +0000" stop="20221124053300 +0000" catchup-id="1297545139"><title>Ieri E Oggi In Tv '15</title><date></date><icon src=""></icon><desc></desc><category></category></programme><programme channel="141430573" start="20221124053300 +0000" stop="20221124054100 +0000" catchup-id="1297545145"><title>Ieri E Oggi In Tv '15</title><date></date><icon src=""></icon><desc></desc><category></category></programme><programme channel="141430573" start="20221124054100 +0000" stop="20221124055000 +0000" catchup-id="1297545151"><title>Ieri E Oggi In Tv '15</title><date></date><icon src=""></icon><desc></desc><category></category></programme><programme channel="141430573" start="20221124055000 +0000" stop="20221124073000 +0000" catchup-id="1297545157"><title>Mattino Cinque News</title><date></date><icon src=""></icon><desc></desc><category></category></programme><programme channel="141430573" start="20221124073000 +0000" stop="20221124075500 +0000" catchup-id="1297545163"><title>Don Luca I</title><date></date><icon src=""></icon><desc></desc><category></category></programme><programme channel="141430573" start="20221124075500 +0000" stop="20221124092000 +0000" catchup-id="1297545169"><title>Forum</title><date></date><icon src=""></icon><desc></desc><category></category></programme><programme channel="141430573" start="20221124092000 +0000" stop="20221124102500 +0000" catchup-id="1297545175"><title>Lo Sportello Di Forum '22-'23</title><date></date><icon src=""></icon><desc></desc><category></category></programme><programme channel="141430573" start="20221124102500 +0000" stop="20221124111300 +0000" catchup-id="1297545181"><title>Grande Fratello Vip '22-'23 (live) -</title><date></date><icon src=""></icon><desc></desc><category></category></programme><programme channel="141430573" start="20221124111300 +0000" stop="20221124120200 +0000" catchup-id="1297545187"><title>Stasera Italia</title><date></date><icon src=""></icon><desc></desc><category></category></programme><programme channel="141430573" start="20221124120200 +0000" stop="20221124125100 +0000" catchup-id="1297545193"><title>Ricette All'italiana '20</title><date></date><icon src=""></icon><desc></desc><category></category></programme><programme channel="141430573" start="20221124125100 +0000" stop="20221124130000 +0000" catchup-id="1297545199"><title>Cotto E Mangiato - Il Menu Del Giorno '21</title><date></date><icon src=""></icon><desc></desc><category></category></programme><programme channel="141430573" start="20221124130000 +0000" stop="20221124133500 +0000" catchup-id="1297545205"><title>Tg5</title><date></date><icon src=""></icon><desc></desc><category></category></programme><programme channel="141430573" start="20221124133500 +0000" stop="20221124144000 +0000" catchup-id="1297545211"><title>Distretto Di Polizia 3</title><date></date><icon src=""></icon><desc></desc><category></category></programme><programme channel="141430573" start="20221124144000 +0000" stop="20221124162000 +0000" catchup-id="1297545217"><title>Mattino Cinque News</title><date></date><icon src=""></icon><desc></desc><category></category></programme><programme channel="141430573" start="20221124162000 +0000" stop="20221124172400 +0000" catchup-id="1297545223"><title>Uomini E Donne</title><date></date><icon src=""></icon><desc></desc><category></category></programme><programme channel="141430573" start="20221124172400 +0000" stop="20221124181500 +0000" catchup-id="1297545229"><title>Caduta Libera</title><date></date><icon src=""></icon><desc></desc><category></category></programme><programme channel="141430573" start="20221124181500 +0000" stop="20221124184400 +0000" catchup-id="1297545235"><title>Sport Mediaset '22 - (i1)</title><date></date><icon src=""></icon><desc></desc><category></category></programme><programme channel="141430573" start="20221124184400 +0000" stop="20221124190400 +0000" catchup-id="1297545241"><title>Amici Di Maria D.t. (lu/ve)</title><date></date><icon src=""></icon><desc></desc><category></category></programme><programme channel="141430573" start="20221124190400 +0000" stop="20221124200000 +0000" catchup-id="1297545247"><title>Pomeriggio Cinque</title><date></date><icon src=""></icon><desc></desc><category></category></programme><programme channel="141430573" start="20221124200000 +0000" stop="20221124203500 +0000" catchup-id="1297545253"><title>Tg5</title><date></date><icon src=""></icon><desc></desc><category></category></programme><programme channel="141430573" start="20221124203500 +0000" stop="20221124233800 +0000" catchup-id="1297545259"><title>Ultima Fermata</title><date></date><icon src=""></icon><desc></desc><category></category></programme><programme channel="141430573" start="20221124233800 +0000" stop="20221125000800 +0000" catchup-id="1297978016"><title>Striscia La Notizia</title><date></date><icon src=""></icon><desc></desc><category></category></programme><programme channel="141430573" start="20221125000800 +0000" stop="20221125030400 +0000" catchup-id="1297978022"><title>Controcorrente Prima Serata</title><date></date><icon src=""></icon><desc></desc><category></category></programme><programme channel="141430573" start="20221125030400 +0000" stop="20221125035700 +0000" catchup-id="1297978028"><title>Stasera Italia Simulcast</title><date></date><icon src=""></icon><desc></desc><category></category></programme><programme channel="141430573" start="20221125035700 +0000" stop="20221125040800 +0000" catchup-id="1297978034"><title>Ieri E Oggi In Tv '15</title><date></date><icon src=""></icon><desc></desc><category></category></programme><programme channel="141430573" start="20221125040800 +0000" stop="20221125050100 +0000" catchup-id="1297978040"><title>Zig Zag '84-85 - Hc</title><date></date><icon src=""></icon><desc></desc><category></category></programme><programme channel="141430573" start="20221125050100 +0000" stop="20221125052500 +0000" catchup-id="1297978046"><title>Centovetrine Xii</title><date></date><icon src=""></icon><desc></desc><category></category></programme><programme channel="141430573" start="20221125052500 +0000" stop="20221125053300 +0000" catchup-id="1297978052"><title>Ieri E Oggi In Tv '15</title><date></date><icon src=""></icon><desc></desc><category></category></programme><programme channel="141430573" start="20221125053300 +0000" stop="20221125054100 +0000" catchup-id="1297978058"><title>Ieri E Oggi In Tv '15</title><date></date><icon src=""></icon><desc></desc><category></category></programme><programme channel="141430573" start="20221125054100 +0000" stop="20221125055000 +0000" catchup-id="1297978064"><title>Ieri E Oggi In Tv '15</title><date></date><icon src=""></icon><desc></desc><category></category></programme><programme channel="141430573" start="20221125055000 +0000" stop="20221125073000 +0000" catchup-id="1297978070"><title>Mattino Cinque News</title><date></date><icon src=""></icon><desc></desc><category></category></programme><programme channel="141430573" start="20221125073000 +0000" stop="20221125075500 +0000" catchup-id="1297978076"><title>Don Luca I</title><date></date><icon src=""></icon><desc></desc><category></category></programme><programme channel="141430573" start="20221125075500 +0000" stop="20221125092000 +0000" catchup-id="1297978082"><title>Forum</title><date></date><icon src=""></icon><desc></desc><category></category></programme><programme channel="141430573" start="20221125092000 +0000" stop="20221125102500 +0000" catchup-id="1297978088"><title>Lo Sportello Di Forum '22-'23</title><date></date><icon src=""></icon><desc></desc><category></category></programme><programme channel="141430573" start="20221125102500 +0000" stop="20221125111300 +0000" catchup-id="1297978094"><title>Grande Fratello Vip '22-'23 (live) -</title><date></date><icon src=""></icon><desc></desc><category></category></programme><programme channel="141430573" start="20221125111300 +0000" stop="20221125120200 +0000" catchup-id="1297978100"><title>Stasera Italia</title><date></date><icon src=""></icon><desc></desc><category></category></programme><programme channel="141430573" start="20221125120200 +0000" stop="20221125125100 +0000" catchup-id="1297978106"><title>Ricette All'italiana '20</title><date></date><icon src=""></icon><desc></desc><category></category></programme><programme channel="141430573" start="20221125125100 +0000" stop="20221125130000 +0000" catchup-id="1297978112"><title>Cotto E Mangiato - Il Menu Del Giorno '21</title><date></date><icon src=""></icon><desc></desc><category></category></programme><programme channel="141430573" start="20221125130000 +0000" stop="20221125133500 +0000" catchup-id="1297978118"><title>Tg5</title><date></date><icon src=""></icon><desc></desc><category></category></programme><programme channel="141430573" start="20221125133500 +0000" stop="20221125144000 +0000" catchup-id="1297978124"><title>Distretto Di Polizia 3</title><date></date><icon src=""></icon><desc></desc><category></category></programme><programme channel="141430573" start="20221125144000 +0000" stop="20221125162000 +0000" catchup-id="1297978130"><title>Mattino Cinque News</title><date></date><icon src=""></icon><desc></desc><category></category></programme><programme channel="141430573" start="20221125162000 +0000" stop="20221125172400 +0000" catchup-id="1297978136"><title>Uomini E Donne</title><date></date><icon src=""></icon><desc></desc><category></category></programme><programme channel="141430573" start="20221125172400 +0000" stop="20221125181500 +0000" catchup-id="1297978142"><title>Caduta Libera</title><date></date><icon src=""></icon><desc></desc><category></category></programme><programme channel="141430573" start="20221125181500 +0000" stop="20221125184400 +0000" catchup-id="1297978148"><title>Sport Mediaset '22 - (i1)</title><date></date><icon src=""></icon><desc></desc><category></category></programme><programme channel="141430573" start="20221125184400 +0000" stop="20221125190400 +0000" catchup-id="1297978154"><title>Amici Di Maria D.t. (lu/ve)</title><date></date><icon src=""></icon><desc></desc><category></category></programme><programme channel="141430573" start="20221125190400 +0000" stop="20221125200000 +0000" catchup-id="1297978160"><title>Pomeriggio Cinque</title><date></date><icon src=""></icon><desc></desc><category></category></programme><programme channel="141430573" start="20221125200000 +0000" stop="20221125203500 +0000" catchup-id="1297978166"><title>Tg5</title><date></date><icon src=""></icon><desc></desc><category></category></programme><programme channel="141430573" start="20221125203500 +0000" stop="20221125230600 +0000" catchup-id="1297978172"><title>Zelig</title><date></date><icon src=""></icon><desc></desc><category></category></programme><programme channel="141430573" start="20221125230600 +0000" stop="20221125233700 +0000" catchup-id="1298396599"><title>Striscia La Notizia</title><date></date><icon src=""></icon><desc></desc><category></category></programme><programme channel="141430573" start="20221125233700 +0000" stop="20221126023800 +0000" catchup-id="1298396605"><title>Dritto E Rovescio</title><date></date><icon src=""></icon><desc></desc><category></category></programme><programme channel="141430573" start="20221126023800 +0000" stop="20221126033100 +0000" catchup-id="1298396611"><title>Stasera Italia Simulcast</title><date></date><icon src=""></icon><desc></desc><category></category></programme><programme channel="141430573" start="20221126033100 +0000" stop="20221126040000 +0000" catchup-id="1298396617"><title>Sport Mediaset '22 - (i1)</title><date></date><icon src=""></icon><desc></desc><category></category></programme><programme channel="141430573" start="20221126040000 +0000" stop="20221126040800 +0000" catchup-id="1298396623"><title>Ieri E Oggi In Tv '15</title><date></date><icon src=""></icon><desc></desc><category></category></programme><programme channel="141430573" start="20221126040800 +0000" stop="20221126050100 +0000" catchup-id="1298396629"><title>Zig Zag '84-85 - Hc</title><date></date><icon src=""></icon><desc></desc><category></category></programme><programme channel="141430573" start="20221126050100 +0000" stop="20221126052600 +0000" catchup-id="1298396635"><title>Don Luca I</title><date></date><icon src=""></icon><desc></desc><category></category></programme><programme channel="141430573" start="20221126052600 +0000" stop="20221126055100 +0000" catchup-id="1298396641"><title>Don Luca I</title><date></date><icon src=""></icon><desc></desc><category></category></programme><programme channel="141430573" start="20221126055100 +0000" stop="20221126061600 +0000" catchup-id="1298396647"><title>Don Luca I</title><date></date><icon src=""></icon><desc></desc><category></category></programme><programme channel="141430573" start="20221126061600 +0000" stop="20221126064100 +0000" catchup-id="1298396653"><title>Don Luca I</title><date></date><icon src=""></icon><desc></desc><category></category></programme><programme channel="141430573" start="20221126064100 +0000" stop="20221126070600 +0000" catchup-id="1298396659"><title>Don Luca I</title><date></date><icon src=""></icon><desc></desc><category></category></programme><programme channel="141430573" start="20221126070600 +0000" stop="20221126084700 +0000" catchup-id="1298396665"><title>Zelig Circus '03</title><date></date><icon src=""></icon><desc></desc><category></category></programme><programme channel="141430573" start="20221126084700 +0000" stop="20221126090400 +0000" catchup-id="1298396671"><title>L'arca Di Noe'</title><date></date><icon src=""></icon><desc></desc><category></category></programme><programme channel="141430573" start="20221126090400 +0000" stop="20221126093900 +0000" catchup-id="1298396677"><title>Grande Fratello Vip '22-'23 (live) -</title><date></date><icon src=""></icon><desc></desc><category></category></programme><programme channel="141430573" start="20221126093900 +0000" stop="20221126112000 +0000" catchup-id="1298396683"><title>Onore E Il Rispetto - Parte Seconda (l'</title><date></date><icon src=""></icon><desc></desc><category></category></programme><programme channel="141430573" start="20221126112000 +0000" stop="20221126114700 +0000" catchup-id="1298396689"><title>Melaverde '21 - Le Storie</title><date></date><icon src=""></icon><desc></desc><category></category></programme><programme channel="141430573" start="20221126114700 +0000" stop="20221126121000 +0000" catchup-id="1298396695"><title>Melaverde '21 - Le Storie</title><date></date><icon src=""></icon><desc></desc><category></category></programme><programme channel="141430573" start="20221126121000 +0000" stop="20221126130000 +0000" catchup-id="1298396701"><title>Stasera Italia</title><date></date><icon src=""></icon><desc></desc><category></category></programme><programme channel="141430573" start="20221126130000 +0000" stop="20221126133500 +0000" catchup-id="1298396707"><title>Tg5</title><date></date><icon src=""></icon><desc></desc><category></category></programme><programme channel="141430573" start="20221126133500 +0000" stop="20221126150900 +0000" catchup-id="1298396713"><title>Anna E I Cinque</title><date></date><icon src=""></icon><desc></desc><category></category></programme><programme channel="141430573" start="20221126150900 +0000" stop="20221126160000 +0000" catchup-id="1298396719"><title>Caduta Libera</title><date></date><icon src=""></icon><desc></desc><category></category></programme><programme channel="141430573" start="20221126160000 +0000" stop="20221126164000 +0000" catchup-id="1298396725"><title>Senza Fine I</title><date></date><icon src=""></icon><desc></desc><category></category></programme><programme channel="141430573" start="20221126164000 +0000" stop="20221126172100 +0000" catchup-id="1298396731"><title>Senza Fine I</title><date></date><icon src=""></icon><desc></desc><category></category></programme><programme channel="141430573" start="20221126172100 +0000" stop="20221126184800 +0000" catchup-id="1298396737"><title>Maurizio Costanzo Show - La Storia '14 (c5)</title><date></date><icon src=""></icon><desc></desc><category></category></programme><programme channel="141430573" start="20221126184800 +0000" stop="20221126193400 +0000" catchup-id="1298396743"><title>Pensa In Grande '22</title><date></date><icon src=""></icon><desc></desc><category></category></programme><programme channel="141430573" start="20221126193400 +0000" stop="20221126200000 +0000" catchup-id="1298396749"><title>Sarabanda '02-03</title><date></date><icon src=""></icon><desc></desc><category></category></programme><programme channel="141430573" start="20221126200000 +0000" stop="20221126203500 +0000" catchup-id="1298396755"><title>Tg5</title><date></date><icon src=""></icon><desc></desc><category></category></programme><programme channel="141430573" start="20221126203500 +0000" stop="20221126224600 +0000" catchup-id="1298396761"><title>Scherzi A Parte '22</title><date></date><icon src=""></icon><desc></desc><category></category></programme><programme channel="141430573" start="20221126224600 +0000" stop="20221126231700 +0000" catchup-id="1298396767"><title>Striscia La Notizia</title><date></date><icon src=""></icon><desc></desc><category></category></programme><programme channel="141430573" start="20221126231700 +0000" stop="20221127021800 +0000" catchup-id="1298801571"><title>Quarto Grado - Autunno '22</title><date></date><icon src=""></icon><desc></desc><category></category></programme><programme channel="141430573" start="20221127021800 +0000" stop="20221127030700 +0000" catchup-id="1298801961"><title>Controcorrente</title><date></date><icon src=""></icon><desc></desc><category></category></programme><programme channel="141430573" start="20221127030700 +0000" stop="20221127035800 +0000" catchup-id="1298801967"><title>Caduta Libera</title><date></date><icon src=""></icon><desc></desc><category></category></programme><programme channel="141430573" start="20221127035800 +0000" stop="20221127040800 +0000" catchup-id="1298801973"><title>Ieri E Oggi In Tv '15</title><date></date><icon src=""></icon><desc></desc><category></category></programme><programme channel="141430573" start="20221127040800 +0000" stop="20221127043600 +0000" catchup-id="1298801979"><title>Casa Vianello Xv/ritorno A Casa Vianello Ix</title><date></date><icon src=""></icon><desc></desc><category></category></programme><programme channel="141430573" start="20221127043600 +0000" stop="20221127050100 +0000" catchup-id="1298801985"><title>Casa Vianello Xv/ritorno A Casa Vianello Ix</title><date></date><icon src=""></icon><desc></desc><category></category></programme><programme channel="141430573" start="20221127050100 +0000" stop="20221127052500 +0000" catchup-id="1298801991"><title>Centovetrine Xii</title><date></date><icon src=""></icon><desc></desc><category></category></programme><programme channel="141430573" start="20221127052500 +0000" stop="20221127055200 +0000" catchup-id="1298801997"><title>Centovetrine Xii</title><date></date><icon src=""></icon><desc></desc><category></category></programme><programme channel="141430573" start="20221127055200 +0000" stop="20221127061800 +0000" catchup-id="1298802003"><title>Centovetrine Xii</title><date></date><icon src=""></icon><desc></desc><category></category></programme><programme channel="141430573" start="20221127061800 +0000" stop="20221127064400 +0000" catchup-id="1298802009"><title>Centovetrine Xii</title><date></date><icon src=""></icon><desc></desc><category></category></programme><programme channel="141430573" start="20221127064400 +0000" stop="20221127071100 +0000" catchup-id="1298802015"><title>Centovetrine Xii</title><date></date><icon src=""></icon><desc></desc><category></category></programme><programme channel="141430573" start="20221127071100 +0000" stop="20221127073700 +0000" catchup-id="1298802021"><title>Nonno Felice Iii</title><date></date><icon src=""></icon><desc></desc><category></category></programme><programme channel="141430573" start="20221127073700 +0000" stop="20221127081800 +0000" catchup-id="1298802027"><title>Non E' La Rai</title><date></date><icon src=""></icon><desc></desc><category></category></programme><programme channel="141430573" start="20221127081800 +0000" stop="20221127090100 +0000" catchup-id="1298802033"><title>Non E' La Rai</title><date></date><icon src=""></icon><desc></desc><category></category></programme><programme channel="141430573" start="20221127090100 +0000" stop="20221127095200 +0000" catchup-id="1298802039"><title>Santa Messa '22</title><date></date><icon src=""></icon><desc></desc><category></category></programme><programme channel="141430573" start="20221127095200 +0000" stop="20221127113000 +0000" catchup-id="1298802045"><title>Cuore Matto... Matto Da Legare</title><date></date><icon src=""></icon><desc></desc><category></category></programme><programme channel="141430573" start="20221127113000 +0000" stop="20221127121100 +0000" catchup-id="1298802051"><title>Grande Fratello Vip '22-'23 (live) -</title><date></date><icon src=""></icon><desc></desc><category></category></programme><programme channel="141430573" start="20221127121100 +0000" stop="20221127130000 +0000" catchup-id="1298802057"><title>Controcorrente</title><date></date><icon src=""></icon><desc></desc><category></category></programme><programme channel="141430573" start="20221127130000 +0000" stop="20221127133500 +0000" catchup-id="1298802063"><title>Tg5</title><date></date><icon src=""></icon><desc></desc><category></category></programme><programme channel="141430573" start="20221127133500 +0000" stop="20221127153600 +0000" catchup-id="1298802069"><title>Verissimo</title><date></date><icon src=""></icon><desc></desc><category></category></programme><programme channel="141430573" start="20221127153600 +0000" stop="20221127162700 +0000" catchup-id="1298802075"><title>Caduta Libera</title><date></date><icon src=""></icon><desc></desc><category></category></programme><programme channel="141430573" start="20221127162700 +0000" stop="20221127183900 +0000" catchup-id="1298802081"><title>Amici</title><date></date><icon src=""></icon><desc></desc><category></category></programme><programme channel="141430573" start="20221127183900 +0000" stop="20221127190300 +0000" catchup-id="1298802087"><title>Grande Fratello Vip '22-'23 (live) -</title><date></date><icon src=""></icon><desc></desc><category></category></programme><programme channel="141430573" start="20221127190300 +0000" stop="20221127193400 +0000" catchup-id="1298802093"><title>Love Me Licia</title><date></date><icon src=""></icon><desc></desc><category></category></programme><programme channel="141430573" start="20221127193400 +0000" stop="20221127200000 +0000" catchup-id="1298802099"><title>Sarabanda '02-03</title><date></date><icon src=""></icon><desc></desc><category></category></programme><programme channel="141430573" start="20221127200000 +0000" stop="20221127203500 +0000" catchup-id="1298802105"><title>Tg5</title><date></date><icon src=""></icon><desc></desc><category></category></programme><programme channel="141430573" start="20221127203500 +0000" stop="20221127233600 +0000" catchup-id="1298802111"><title>Quarto Grado</title><date></date><icon src=""></icon><desc></desc><category></category></programme><programme channel="141430573" start="20221127233600 +0000" stop="20221128013700 +0000" catchup-id="1299194196"><title>Verissimo</title><date></date><icon src=""></icon><desc></desc><category></category></programme><programme channel="141430573" start="20221128013700 +0000" stop="20221128022900 +0000" catchup-id="1299194202"><title>Controcorrente</title><date></date><icon src=""></icon><desc></desc><category></category></programme><programme channel="141430573" start="20221128022900 +0000" stop="20221128032000 +0000" catchup-id="1299194208"><title>Caduta Libera</title><date></date><icon src=""></icon><desc></desc><category></category></programme><programme channel="141430573" start="20221128032000 +0000" stop="20221128033600 +0000" catchup-id="1299194214"><title>Ieri E Oggi In Tv '15</title><date></date><icon src=""></icon><desc></desc><category></category></programme><programme channel="141430573" start="20221128033600 +0000" stop="20221128050100 +0000" catchup-id="1299194220"><title>Da Scaramouche Or Se Vuoi L'assoluzione Baciar Devi Sto... Cordone!</title><date></date><icon src=""></icon><desc></desc><category></category></programme><programme channel="141430573" start="20221128050100 +0000" stop="20221128052500 +0000" catchup-id="1299194226"><title>Centovetrine Xii</title><date></date><icon src=""></icon><desc></desc><category></category></programme><programme channel="141430573" start="20221128052500 +0000" stop="20221128053300 +0000" catchup-id="1299194232"><title>Ieri E Oggi In Tv '14</title><date></date><icon src=""></icon><desc></desc><category></category></programme><programme channel="141430573" start="20221128053300 +0000" stop="20221128054100 +0000" catchup-id="1299194238"><title>Ieri E Oggi In Tv '14</title><date></date><icon src=""></icon><desc></desc><category></category></programme><programme channel="141430573" start="20221128054100 +0000" stop="20221128055000 +0000" catchup-id="1299194244"><title>Ieri E Oggi In Tv '14</title><date></date><icon src=""></icon><desc></desc><category></category></programme><programme channel="141430573" start="20221128055000 +0000" stop="20221128073000 +0000" catchup-id="1299194250"><title>Mattino Cinque News</title><date></date><icon src=""></icon><desc></desc><category></category></programme><programme channel="141430573" start="20221128073000 +0000" stop="20221128075500 +0000" catchup-id="1299194256"><title>Don Luca I</title><date></date><icon src=""></icon><desc></desc><category></category></programme><programme channel="141430573" start="20221128075500 +0000" stop="20221128092000 +0000" catchup-id="1299194262"><title>Forum</title><date></date><icon src=""></icon><desc></desc><category></category></programme><programme channel="141430573" start="20221128092000 +0000" stop="20221128102500 +0000" catchup-id="1299194268"><title>Lo Sportello Di Forum '22-'23</title><date></date><icon src=""></icon><desc></desc><category></category></programme><programme channel="141430573" start="20221128102500 +0000" stop="20221128111300 +0000" catchup-id="1299194274"><title>Grande Fratello Vip '22-'23 (live) -</title><date></date><icon src=""></icon><desc></desc><category></category></programme><programme channel="141430573" start="20221128111300 +0000" stop="20221128120200 +0000" catchup-id="1299194280"><title>Controcorrente</title><date></date><icon src=""></icon><desc></desc><category></category></programme><programme channel="141430573" start="20221128120200 +0000" stop="20221128125100 +0000" catchup-id="1299194286"><title>Ricette All'italiana '20</title><date></date><icon src=""></icon><desc></desc><category></category></programme><programme channel="141430573" start="20221128125100 +0000" stop="20221128130000 +0000" catchup-id="1299194292"><title>Cotto E Mangiato - Il Menu Del Giorno '21</title><date></date><icon src=""></icon><desc></desc><category></category></programme><programme channel="141430573" start="20221128130000 +0000" stop="20221128133500 +0000" catchup-id="1299194298"><title>Tg5</title><date></date><icon src=""></icon><desc></desc><category></category></programme><programme channel="141430573" start="20221128133500 +0000" stop="20221128144000 +0000" catchup-id="1299194304"><title>Distretto Di Polizia 3</title><date></date><icon src=""></icon><desc></desc><category></category></programme><programme channel="141430573" start="20221128144000 +0000" stop="20221128162000 +0000" catchup-id="1299194310"><title>Mattino Cinque News</title><date></date><icon src=""></icon><desc></desc><category></category></programme><programme channel="141430573" start="20221128162000 +0000" stop="20221128172400 +0000" catchup-id="1299194316"><title>Uomini E Donne</title><date></date><icon src=""></icon><desc></desc><category></category></programme><programme channel="141430573" start="20221128172400 +0000" stop="20221128181500 +0000" catchup-id="1299194322"><title>Caduta Libera</title><date></date><icon src=""></icon><desc></desc><category></category></programme><programme channel="141430573" start="20221128181500 +0000" stop="20221128184400 +0000" catchup-id="1299194328"><title>Sport Mediaset '22 - (i1)</title><date></date><icon src=""></icon><desc></desc><category></category></programme><programme channel="141430573" start="20221128184400 +0000" stop="20221128190400 +0000" catchup-id="1299194334"><title>Amici Di Maria D.t. (lu/ve)</title><date></date><icon src=""></icon><desc></desc><category></category></programme><programme channel="141430573" start="20221128190400 +0000" stop="20221128200000 +0000" catchup-id="1299194340"><title>Pomeriggio Cinque</title><date></date><icon src=""></icon><desc></desc><category></category></programme><programme channel="141430573" start="20221128200000 +0000" stop="20221128203600 +0000" catchup-id="1299194346"><title>Tg5</title><date></date><icon src=""></icon><desc></desc><category></category></programme><programme channel="141430573" start="20221128203600 +0000" stop="20221128233600 +0000" catchup-id="1299194352"><title>Grande Fratello Vip '22-'23</title><date></date><icon src=""></icon><desc></desc><category></category></programme><programme channel="141430573" start="20221128233600 +0000" stop="20221129002400 +0000" catchup-id="1300848426"><title>Geen programma-informatie beschikbaar</title><date></date><icon src=""></icon><desc></desc><category></category></programme><programme channel="141430573" start="20221129002400 +0000" stop="20221129003600 +0000" catchup-id="1299582420"><title>Grande Fratello Vip '22-'23</title><date></date><icon src=""></icon><desc></desc><category></category></programme><programme channel="141430573" start="20221129003600 +0000" stop="20221129010700 +0000" catchup-id="1299582426"><title>Striscia La Notizia</title><date></date><icon src=""></icon><desc></desc><category></category></programme><programme channel="141430573" start="20221129010700 +0000" stop="20221129040800 +0000" catchup-id="1299582432"><title>Zona Bianca</title><date></date><icon src=""></icon><desc></desc><category></category></programme><programme channel="141430573" start="20221129040800 +0000" stop="20221129050100 +0000" catchup-id="1299582438"><title>Zig Zag '84-85 - Hc</title><date></date><icon src=""></icon><desc></desc><category></category></programme><programme channel="141430573" start="20221129050100 +0000" stop="20221129052500 +0000" catchup-id="1299582444"><title>Centovetrine Xii</title><date></date><icon src=""></icon><desc></desc><category></category></programme><programme channel="141430573" start="20221129052500 +0000" stop="20221129053300 +0000" catchup-id="1299582450"><title>Ieri E Oggi In Tv '14</title><date></date><icon src=""></icon><desc></desc><category></category></programme><programme channel="141430573" start="20221129053300 +0000" stop="20221129054100 +0000" catchup-id="1299582456"><title>Ieri E Oggi In Tv '14</title><date></date><icon src=""></icon><desc></desc><category></category></programme><programme channel="141430573" start="20221129054100 +0000" stop="20221129055000 +0000" catchup-id="1299582462"><title>Ieri E Oggi In Tv '14</title><date></date><icon src=""></icon><desc></desc><category></category></programme><programme channel="141430573" start="20221129055000 +0000" stop="20221129073000 +0000" catchup-id="1299582468"><title>Mattino Cinque News</title><date></date><icon src=""></icon><desc></desc><category></category></programme><programme channel="141430573" start="20221129073000 +0000" stop="20221129075500 +0000" catchup-id="1299582474"><title>Don Luca I</title><date></date><icon src=""></icon><desc></desc><category></category></programme><programme channel="141430573" start="20221129075500 +0000" stop="20221129092000 +0000" catchup-id="1299582480"><title>Forum</title><date></date><icon src=""></icon><desc></desc><category></category></programme><programme channel="141430573" start="20221129092000 +0000" stop="20221129102500 +0000" catchup-id="1299582486"><title>Lo Sportello Di Forum '22-'23 Il Meglio Di Inverno</title><date></date><icon src=""></icon><desc></desc><category></category></programme><programme channel="141430573" start="20221129102500 +0000" stop="20221129111300 +0000" catchup-id="1299582492"><title>Grande Fratello Vip '22-'23 (live) -</title><date></date><icon src=""></icon><desc></desc><category></category></programme><programme channel="141430573" start="20221129111300 +0000" stop="20221129120200 +0000" catchup-id="1299582498"><title>Stasera Italia</title><date></date><icon src=""></icon><desc></desc><category></category></programme><programme channel="141430573" start="20221129120200 +0000" stop="20221129125100 +0000" catchup-id="1299582504"><title>Ricette All'italiana '20</title><date></date><icon src=""></icon><desc></desc><category></category></programme><programme channel="141430573" start="20221129125100 +0000" stop="20221129130000 +0000" catchup-id="1299582510"><title>Cotto E Mangiato - Il Menu Del Giorno '21</title><date></date><icon src=""></icon><desc></desc><category></category></programme><programme channel="141430573" start="20221129130000 +0000" stop="20221129133500 +0000" catchup-id="1299582516"><title>Tg5</title><date></date><icon src=""></icon><desc></desc><category></category></programme><programme channel="141430573" start="20221129133500 +0000" stop="20221129144000 +0000" catchup-id="1299582522"><title>Distretto Di Polizia 3</title><date></date><icon src=""></icon><desc></desc><category></category></programme><programme channel="141430573" start="20221129144000 +0000" stop="20221129162000 +0000" catchup-id="1299582528"><title>Mattino Cinque News</title><date></date><icon src=""></icon><desc></desc><category></category></programme><programme channel="141430573" start="20221129162000 +0000" stop="20221129172400 +0000" catchup-id="1299582534"><title>Uomini E Donne</title><date></date><icon src=""></icon><desc></desc><category></category></programme><programme channel="141430573" start="20221129172400 +0000" stop="20221129181500 +0000" catchup-id="1299582540"><title>Caduta Libera</title><date></date><icon src=""></icon><desc></desc><category></category></programme><programme channel="141430573" start="20221129181500 +0000" stop="20221129184400 +0000" catchup-id="1299582546"><title>Sport Mediaset '22 - (i1)</title><date></date><icon src=""></icon><desc></desc><category></category></programme><programme channel="141430573" start="20221129184400 +0000" stop="20221129190400 +0000" catchup-id="1299582552"><title>Amici Di Maria D.t. (lu/ve)</title><date></date><icon src=""></icon><desc></desc><category></category></programme><programme channel="141430573" start="20221129190400 +0000" stop="20221129200000 +0000" catchup-id="1299582558"><title>Pomeriggio Cinque</title><date></date><icon src=""></icon><desc></desc><category></category></programme><programme channel="141430573" start="20221129200000 +0000" stop="20221129203500 +0000" catchup-id="1299582564"><title>Tg5</title><date></date><icon src=""></icon><desc></desc><category></category></programme><programme channel="141430573" start="20221129203500 +0000" stop="20221129224800 +0000" catchup-id="1299582570"><title>Le Iene Presentano: Inside</title><date></date><icon src=""></icon><desc></desc><category></category></programme><programme channel="141430573" start="20221129224800 +0000" stop="20221129231900 +0000" catchup-id="1299582576"><title>Striscia La Notizia</title><date></date><icon src=""></icon><desc></desc><category></category></programme><programme channel="141430573" start="20221129231900 +0000" stop="20221130022000 +0000" catchup-id="1300026394"><title>Quarta Repubblica</title><date></date><icon src=""></icon><desc></desc><category></category></programme><programme channel="141430573" start="20221130022000 +0000" stop="20221130031300 +0000" catchup-id="1300026400"><title>Stasera Italia Simulcast</title><date></date><icon src=""></icon><desc></desc><category></category></programme><programme channel="141430573" start="20221130031300 +0000" stop="20221130040400 +0000" catchup-id="1300026406"><title>Caduta Libera</title><date></date><icon src=""></icon><desc></desc><category></category></programme><programme channel="141430573" start="20221130040400 +0000" stop="20221130040800 +0000" catchup-id="1300026540"><title>Ieri E Oggi In Tv '14</title><date></date><icon src=""></icon><desc></desc><category></category></programme><programme channel="141430573" start="20221130040800 +0000" stop="20221130050100 +0000" catchup-id="1300026546"><title>Zig Zag '84-85 - Hc</title><date></date><icon src=""></icon><desc></desc><category></category></programme><programme channel="141430573" start="20221130050100 +0000" stop="20221130052500 +0000" catchup-id="1300026552"><title>Centovetrine Xii</title><date></date><icon src=""></icon><desc></desc><category></category></programme><programme channel="141430573" start="20221130052500 +0000" stop="20221130053300 +0000" catchup-id="1300026558"><title>Ieri E Oggi In Tv '14</title><date></date><icon src=""></icon><desc></desc><category></category></programme><programme channel="141430573" start="20221130053300 +0000" stop="20221130054100 +0000" catchup-id="1300026564"><title>Ieri E Oggi In Tv '14</title><date></date><icon src=""></icon><desc></desc><category></category></programme><programme channel="141430573" start="20221130054100 +0000" stop="20221130055000 +0000" catchup-id="1300026570"><title>Ieri E Oggi In Tv '14</title><date></date><icon src=""></icon><desc></desc><category></category></programme><programme channel="141430573" start="20221130055000 +0000" stop="20221130073000 +0000" catchup-id="1300026576"><title>Mattino Cinque News</title><date></date><icon src=""></icon><desc></desc><category></category></programme><programme channel="141430573" start="20221130073000 +0000" stop="20221130075500 +0000" catchup-id="1300026582"><title>Don Luca I</title><date></date><icon src=""></icon><desc></desc><category></category></programme><programme channel="141430573" start="20221130075500 +0000" stop="20221130092000 +0000" catchup-id="1300026588"><title>Forum</title><date></date><icon src=""></icon><desc></desc><category></category></programme><programme channel="141430573" start="20221130092000 +0000" stop="20221130102500 +0000" catchup-id="1300026594"><title>Lo Sportello Di Forum '22-'23 Il Meglio Di Inverno</title><date></date><icon src=""></icon><desc></desc><category></category></programme><programme channel="141430573" start="20221130102500 +0000" stop="20221130111300 +0000" catchup-id="1300026600"><title>Grande Fratello Vip '22-'23 (live) -</title><date></date><icon src=""></icon><desc></desc><category></category></programme><programme channel="141430573" start="20221130111300 +0000" stop="20221130120200 +0000" catchup-id="1300026606"><title>Stasera Italia</title><date></date><icon src=""></icon><desc></desc><category></category></programme><programme channel="141430573" start="20221130120200 +0000" stop="20221130125100 +0000" catchup-id="1300026612"><title>Ricette All'italiana '20</title><date></date><icon src=""></icon><desc></desc><category></category></programme><programme channel="141430573" start="20221130125100 +0000" stop="20221130130000 +0000" catchup-id="1300026618"><title>Cotto E Mangiato - Il Menu Del Giorno '21</title><date></date><icon src=""></icon><desc></desc><category></category></programme><programme channel="141430573" start="20221130130000 +0000" stop="20221130133500 +0000" catchup-id="1300026624"><title>Tg5</title><date></date><icon src=""></icon><desc></desc><category></category></programme><programme channel="141430573" start="20221130133500 +0000" stop="20221130144000 +0000" catchup-id="1300026630"><title>Distretto Di Polizia 3</title><date></date><icon src=""></icon><desc></desc><category></category></programme><programme channel="141430573" start="20221130144000 +0000" stop="20221130162000 +0000" catchup-id="1300026636"><title>Mattino Cinque News</title><date></date><icon src=""></icon><desc></desc><category></category></programme><programme channel="141430573" start="20221130162000 +0000" stop="20221130172400 +0000" catchup-id="1300026642"><title>Uomini E Donne</title><date></date><icon src=""></icon><desc></desc><category></category></programme><programme channel="141430573" start="20221130172400 +0000" stop="20221130181500 +0000" catchup-id="1300026648"><title>Caduta Libera</title><date></date><icon src=""></icon><desc></desc><category></category></programme><programme channel="141430573" start="20221130181500 +0000" stop="20221130184400 +0000" catchup-id="1300026654"><title>Sport Mediaset '22 - (i1)</title><date></date><icon src=""></icon><desc></desc><category></category></programme><programme channel="141430573" start="20221130184400 +0000" stop="20221130190400 +0000" catchup-id="1300026660"><title>Amici Di Maria D.t. (lu/ve)</title><date></date><icon src=""></icon><desc></desc><category></category></programme><programme channel="141430573" start="20221130190400 +0000" stop="20221130200000 +0000" catchup-id="1300026666"><title>Pomeriggio Cinque</title><date></date><icon src=""></icon><desc></desc><category></category></programme><programme channel="141430573" start="20221130200000 +0000" stop="20221130203500 +0000" catchup-id="1300026672"><title>Tg5</title><date></date><icon src=""></icon><desc></desc><category></category></programme><programme channel="141430573" start="20221130203500 +0000" stop="20221130232500 +0000" catchup-id="1300026678"><title>Le Iene Show '22 (autunno)</title><date></date><icon src=""></icon><desc></desc><category></category></programme><programme channel="141430573" start="20221130232500 +0000" stop="20221130235600 +0000" catchup-id="1300406103"><title>Striscia La Notizia</title><date></date><icon src=""></icon><desc></desc><category></category></programme><programme channel="141430573" start="20221130235600 +0000" stop="20221201032100 +0000" catchup-id="1300406109"><title>Fuori Dal Coro</title><date></date><icon src=""></icon><desc></desc><category></category></programme><programme channel="141430573" start="20221201032100 +0000" stop="20221201035000 +0000" catchup-id="1300406115"><title>Sport Mediaset '22 - (i1)</title><date></date><icon src=""></icon><desc></desc><category></category></programme><programme channel="141430573" start="20221201035000 +0000" stop="20221201035900 +0000" catchup-id="1300406377"><title>Cotto E Mangiato - Il Menu Del Giorno '21</title><date></date><icon src=""></icon><desc></desc><category></category></programme><programme channel="141430573" start="20221201035900 +0000" stop="20221201040800 +0000" catchup-id="1300406383"><title>Ieri E Oggi In Tv '14</title><date></date><icon src=""></icon><desc></desc><category></category></programme><programme channel="141430573" start="20221201040800 +0000" stop="20221201050100 +0000" catchup-id="1300406389"><title>Zig Zag '84-85 - Hc</title><date></date><icon src=""></icon><desc></desc><category></category></programme><programme channel="141430573" start="20221201050100 +0000" stop="20221201052500 +0000" catchup-id="1300406395"><title>Centovetrine Xii</title><date></date><icon src=""></icon><desc></desc><category></category></programme><programme channel="141430573" start="20221201052500 +0000" stop="20221201053300 +0000" catchup-id="1300406401"><title>Ieri E Oggi In Tv '14</title><date></date><icon src=""></icon><desc></desc><category></category></programme><programme channel="141430573" start="20221201053300 +0000" stop="20221201054100 +0000" catchup-id="1300406407"><title>Ieri E Oggi In Tv '14</title><date></date><icon src=""></icon><desc></desc><category></category></programme><programme channel="141430573" start="20221201054100 +0000" stop="20221201054500 +0000" catchup-id="1300406413"><title>Ieri E Oggi In Tv '14</title><date></date><icon src=""></icon><desc></desc><category></category></programme><programme channel="141430573" start="20221201054500 +0000" stop="20221201055000 +0000" catchup-id="1300406419"><title>Ieri E Oggi In Tv '14</title><date></date><icon src=""></icon><desc></desc><category></category></programme><programme channel="141430573" start="20221201055000 +0000" stop="20221201073000 +0000" catchup-id="1300406425"><title>Mattino Cinque News</title><date></date><icon src=""></icon><desc></desc><category></category></programme><programme channel="141430573" start="20221201073000 +0000" stop="20221201075500 +0000" catchup-id="1300406431"><title>Don Luca I</title><date></date><icon src=""></icon><desc></desc><category></category></programme><programme channel="141430573" start="20221201075500 +0000" stop="20221201092000 +0000" catchup-id="1300406437"><title>Forum</title><date></date><icon src=""></icon><desc></desc><category></category></programme><programme channel="141430573" start="20221201092000 +0000" stop="20221201102500 +0000" catchup-id="1300406443"><title>Lo Sportello Di Forum '22-'23 Il Meglio Di Inverno</title><date></date><icon src=""></icon><desc></desc><category></category></programme><programme channel="141430573" start="20221201102500 +0000" stop="20221201111300 +0000" catchup-id="1300406449"><title>Grande Fratello Vip '22-'23 (live) -</title><date></date><icon src=""></icon><desc></desc><category></category></programme><programme channel="141430573" start="20221201111300 +0000" stop="20221201120200 +0000" catchup-id="1300406455"><title>Stasera Italia</title><date></date><icon src=""></icon><desc></desc><category></category></programme><programme channel="141430573" start="20221201120200 +0000" stop="20221201125100 +0000" catchup-id="1300406461"><title>Ricette All'italiana '20</title><date></date><icon src=""></icon><desc></desc><category></category></programme><programme channel="141430573" start="20221201125100 +0000" stop="20221201130000 +0000" catchup-id="1300406467"><title>Cotto E Mangiato - Il Menu Del Giorno '21</title><date></date><icon src=""></icon><desc></desc><category></category></programme><programme channel="141430573" start="20221201130000 +0000" stop="20221201133500 +0000" catchup-id="1300406473"><title>Tg5</title><date></date><icon src=""></icon><desc></desc><category></category></programme><programme channel="141430573" start="20221201133500 +0000" stop="20221201144000 +0000" catchup-id="1300406479"><title>Distretto Di Polizia 3</title><date></date><icon src=""></icon><desc></desc><category></category></programme><programme channel="141430573" start="20221201144000 +0000" stop="20221201162000 +0000" catchup-id="1300406485"><title>Mattino Cinque News</title><date></date><icon src=""></icon><desc></desc><category></category></programme><programme channel="141430573" start="20221201162000 +0000" stop="20221201172400 +0000" catchup-id="1300406491"><title>Uomini E Donne</title><date></date><icon src=""></icon><desc></desc><category></category></programme><programme channel="141430573" start="20221201172400 +0000" stop="20221201181500 +0000" catchup-id="1300406497"><title>Caduta Libera</title><date></date><icon src=""></icon><desc></desc><category></category></programme><programme channel="141430573" start="20221201181500 +0000" stop="20221201184400 +0000" catchup-id="1300406503"><title>Sport Mediaset '22 - (i1)</title><date></date><icon src=""></icon><desc></desc><category></category></programme><programme channel="141430573" start="20221201184400 +0000" stop="20221201190400 +0000" catchup-id="1300406509"><title>Amici Di Maria D.t. (lu/ve)</title><date></date><icon src=""></icon><desc></desc><category></category></programme><programme channel="141430573" start="20221201190400 +0000" stop="20221201200000 +0000" catchup-id="1300406515"><title>Pomeriggio Cinque</title><date></date><icon src=""></icon><desc></desc><category></category></programme><programme channel="141430573" start="20221201200000 +0000" stop="20221201203500 +0000" catchup-id="1300406521"><title>Tg5</title><date></date><icon src=""></icon><desc></desc><category></category></programme><programme channel="141430573" start="20221201203500 +0000" stop="20221201233800 +0000" catchup-id="1300406527"><title>Ultima Fermata</title><date></date><icon src=""></icon><desc></desc><category></category></programme><programme channel="141430573" start="20221201233800 +0000" stop="20221202000800 +0000" catchup-id="1300848432"><title>Striscia La Notizia</title><date></date><icon src=""></icon><desc></desc><category></category></programme><programme channel="141430573" start="20221202000800 +0000" stop="20221202030400 +0000" catchup-id="1300848438"><title>Controcorrente Prima Serata</title><date></date><icon src=""></icon><desc></desc><category></category></programme><programme channel="141430573" start="20221202030400 +0000" stop="20221202035700 +0000" catchup-id="1300848444"><title>Stasera Italia Simulcast</title><date></date><icon src=""></icon><desc></desc><category></category></programme><programme channel="141430573" start="20221202035700 +0000" stop="20221202040800 +0000" catchup-id="1300848450"><title>Ieri E Oggi In Tv '14</title><date></date><icon src=""></icon><desc></desc><category></category></programme><programme channel="141430573" start="20221202040800 +0000" stop="20221202050100 +0000" catchup-id="1300848456"><title>Zig Zag '84-85 - Hc</title><date></date><icon src=""></icon><desc></desc><category></category></programme><programme channel="141430573" start="20221202050100 +0000" stop="20221202052500 +0000" catchup-id="1300848462"><title>Centovetrine Xii</title><date></date><icon src=""></icon><desc></desc><category></category></programme><programme channel="141430573" start="20221202052500 +0000" stop="20221202053300 +0000" catchup-id="1300848468"><title>Ieri E Oggi In Tv '14</title><date></date><icon src=""></icon><desc></desc><category></category></programme><programme channel="141430573" start="20221202053300 +0000" stop="20221202054100 +0000" catchup-id="1300848474"><title>Ieri E Oggi In Tv '14</title><date></date><icon src=""></icon><desc></desc><category></category></programme><programme channel="141430573" start="20221202054100 +0000" stop="20221202054500 +0000" catchup-id="1300848480"><title>Ieri E Oggi In Tv '14</title><date></date><icon src=""></icon><desc></desc><category></category></programme><programme channel="141430573" start="20221202054500 +0000" stop="20221202055000 +0000" catchup-id="1300848486"><title>Ieri E Oggi In Tv '14</title><date></date><icon src=""></icon><desc></desc><category></category></programme><programme channel="141430573" start="20221202055000 +0000" stop="20221202073000 +0000" catchup-id="1300849004"><title>Mattino Cinque News</title><date></date><icon src=""></icon><desc></desc><category></category></programme><programme channel="141430573" start="20221202073000 +0000" stop="20221202075500 +0000" catchup-id="1300849010"><title>Don Luca I</title><date></date><icon src=""></icon><desc></desc><category></category></programme><programme channel="141430573" start="20221202075500 +0000" stop="20221202092000 +0000" catchup-id="1300849016"><title>Forum</title><date></date><icon src=""></icon><desc></desc><category></category></programme><programme channel="141430573" start="20221202092000 +0000" stop="20221202102500 +0000" catchup-id="1300849022"><title>Lo Sportello Di Forum '22-'23 Il Meglio Di Inverno</title><date></date><icon src=""></icon><desc></desc><category></category></programme><programme channel="141430573" start="20221202102500 +0000" stop="20221202111300 +0000" catchup-id="1300849028"><title>Grande Fratello Vip '22-'23 (live) -</title><date></date><icon src=""></icon><desc></desc><category></category></programme><programme channel="141430573" start="20221202111300 +0000" stop="20221202120200 +0000" catchup-id="1300849034"><title>Stasera Italia</title><date></date><icon src=""></icon><desc></desc><category></category></programme><programme channel="141430573" start="20221202120200 +0000" stop="20221202125100 +0000" catchup-id="1300849040"><title>Ricette All'italiana '20</title><date></date><icon src=""></icon><desc></desc><category></category></programme><programme channel="141430573" start="20221202125100 +0000" stop="20221202130000 +0000" catchup-id="1300849046"><title>Cotto E Mangiato - Il Menu Del Giorno '21</title><date></date><icon src=""></icon><desc></desc><category></category></programme><programme channel="141430573" start="20221202130000 +0000" stop="20221202133500 +0000" catchup-id="1300849052"><title>Tg5</title><date></date><icon src=""></icon><desc></desc><category></category></programme><programme channel="141430573" start="20221202133500 +0000" stop="20221202144000 +0000" catchup-id="1300849058"><title>Distretto Di Polizia 3</title><date></date><icon src=""></icon><desc></desc><category></category></programme><programme channel="141430573" start="20221202144000 +0000" stop="20221202162000 +0000" catchup-id="1300849064"><title>Mattino Cinque News</title><date></date><icon src=""></icon><desc></desc><category></category></programme><programme channel="141430573" start="20221202162000 +0000" stop="20221202172400 +0000" catchup-id="1300849070"><title>Uomini E Donne</title><date></date><icon src=""></icon><desc></desc><category></category></programme>