<programme channel="141428765" start="20221118170053 +0000" stop="20221118202959 +0000" catchup-id="1295054293"><title>90s Rock: Girls vs Boys! Top 50</title><date></date><icon src="https://t-mobiletv.nl:443/CPS/images/universal/film/program/202211/20221111/36/20221111090124713yjr.jpg"></icon><desc></desc><category></category></programme><programme channel="141428765" start="20221118202959 +0000" stop="20221118235923 +0000" catchup-id="1295054299"><title>Ultimate 90s Playlist!</title><date></date><icon src="https://t-mobiletv.nl:443/CPS/images/universal/film/program/202211/20221111/70/20221111090124713gev.jpg"></icon><desc></desc><category></category></programme><programme channel="141428765" start="20221118235923 +0000" stop="20221119030000 +0000" catchup-id="1295495051"><title>90s Mixtape!</title><date></date><icon src="https://t-mobiletv.nl:443/CPS/images/universal/film/program/202211/20221112/62/20221112090120509ri2.jpg"></icon><desc></desc><category></category></programme><programme channel="141428765" start="20221119030000 +0000" stop="20221119060017 +0000" catchup-id="1295495057"><title>Ultimate 90s Playlist!</title><date></date><icon src="https://t-mobiletv.nl:443/CPS/images/universal/film/program/202211/20221112/47/20221112090120509t2c.jpg"></icon><desc></desc><category></category></programme><programme channel="141428765" start="20221119060017 +0000" stop="20221119070036 +0000" catchup-id="1295495063"><title>Girl Power Hour!</title><date></date><icon src="https://t-mobiletv.nl:443/CPS/images/universal/film/program/202211/20221112/79/20221112090120509tvc.jpg"></icon><desc></desc><category></category></programme><programme channel="141428765" start="20221119070036 +0000" stop="20221119100100 +0000" catchup-id="1295495069"><title>90s Mixtape!</title><date></date><icon src="https://t-mobiletv.nl:443/CPS/images/universal/film/program/202211/20221112/8/2022111209012050934l.jpg"></icon><desc></desc><category></category></programme><programme channel="141428765" start="20221119100100 +0000" stop="20221119132956 +0000" catchup-id="1295495075"><title>90s Rock: Girls vs Boys! Top 50</title><date></date><icon src="https://t-mobiletv.nl:443/CPS/images/universal/film/program/202211/20221112/5/20221112090120509ago.jpg"></icon><desc></desc><category></category></programme><programme channel="141428765" start="20221119132956 +0000" stop="20221119170004 +0000" catchup-id="1295495081"><title>Saturday Night Party!</title><date></date><icon src="https://t-mobiletv.nl:443/CPS/images/universal/film/program/202211/20221112/14/20221112090120509l66.jpg"></icon><desc></desc><category></category></programme><programme channel="141428765" start="20221119170004 +0000" stop="20221119210027 +0000" catchup-id="1295495087"><title>Dance Megamix! 90-99</title><date></date><icon src="https://t-mobiletv.nl:443/CPS/images/universal/film/program/202211/20221112/56/20221112090120510x7d.jpg"></icon><desc></desc><category></category></programme><programme channel="141428765" start="20221119210027 +0000" stop="20221120000012 +0000" catchup-id="1295495093"><title>Ultimate 90s Playlist!</title><date></date><icon src="https://t-mobiletv.nl:443/CPS/images/universal/film/program/202211/20221112/30/20221112090120510722.jpg"></icon><desc></desc><category></category></programme><programme channel="141428765" start="20221120000012 +0000" stop="20221120030000 +0000" catchup-id="1295896666"><title>90s Mixtape!</title><date></date><icon src="https://t-mobiletv.nl:443/CPS/images/universal/film/program/202211/20221113/12/20221113090105528vza.jpg"></icon><desc></desc><category></category></programme><programme channel="141428765" start="20221120030000 +0000" stop="20221120060015 +0000" catchup-id="1295896672"><title>Ultimate 90s Playlist!</title><date></date><icon src="https://t-mobiletv.nl:443/CPS/images/universal/film/program/202211/20221113/60/20221113090105528yvp.jpg"></icon><desc></desc><category></category></programme><programme channel="141428765" start="20221120060015 +0000" stop="20221120070004 +0000" catchup-id="1295896678"><title>Girl Power Hour!</title><date></date><icon src="https://t-mobiletv.nl:443/CPS/images/universal/film/program/202211/20221113/87/202211130901055284sl.jpg"></icon><desc></desc><category></category></programme><programme channel="141428765" start="20221120070004 +0000" stop="20221120100001 +0000" catchup-id="1295896684"><title>Smells Like... The 90s!</title><date></date><icon src="https://t-mobiletv.nl:443/CPS/images/universal/film/program/202211/20221113/53/20221113090105528djj.jpg"></icon><desc></desc><category></category></programme><programme channel="141428765" start="20221120100001 +0000" stop="20221120140004 +0000" catchup-id="1295896690"><title>The Power Of 90s Love!</title><date></date><icon src="https://t-mobiletv.nl:443/CPS/images/universal/film/program/202211/20221113/58/20221113090105528qhp.jpg"></icon><desc></desc><category></category></programme><programme channel="141428765" start="20221120140004 +0000" stop="20221120170054 +0000" catchup-id="1295896696"><title>Mmm Bop! Perfect Pop</title><date></date><icon src="https://t-mobiletv.nl:443/CPS/images/universal/film/program/202211/20221113/82/20221113090105528g7e.jpg"></icon><desc></desc><category></category></programme><programme channel="141428765" start="20221120170054 +0000" stop="20221120203216 +0000" catchup-id="1295896702"><title>Top 50 90s Rocks!</title><date></date><icon src="https://t-mobiletv.nl:443/CPS/images/universal/film/program/202211/20221113/85/20221113090105528shw.jpg"></icon><desc></desc><category></category></programme><programme channel="141428765" start="20221120203216 +0000" stop="20221120235948 +0000" catchup-id="1295896708"><title>Ultimate 90s Playlist!</title><date></date><icon src="https://t-mobiletv.nl:443/CPS/images/universal/film/program/202211/20221113/27/202211130901055288iu.jpg"></icon><desc></desc><category></category></programme><programme channel="141428765" start="20221120235948 +0000" stop="20221121030000 +0000" catchup-id="1296276997"><title>90s Mixtape!</title><date></date><icon src="https://t-mobiletv.nl:443/CPS/images/universal/film/program/202211/20221114/66/202211140901305108os.jpg"></icon><desc></desc><category></category></programme><programme channel="141428765" start="20221121030000 +0000" stop="20221121060041 +0000" catchup-id="1296277003"><title>Ultimate 90s Playlist!</title><date></date><icon src="https://t-mobiletv.nl:443/CPS/images/universal/film/program/202211/20221114/14/202211140901305106xq.jpg"></icon><desc></desc><category></category></programme><programme channel="141428765" start="20221121060041 +0000" stop="20221121070121 +0000" catchup-id="1296277009"><title>Girl Power Hour!</title><date></date><icon src="https://t-mobiletv.nl:443/CPS/images/universal/film/program/202211/20221114/8/2022111409013051069y.jpg"></icon><desc></desc><category></category></programme><programme channel="141428765" start="20221121070121 +0000" stop="20221121100048 +0000" catchup-id="1296277015"><title>Saved By The 90s!</title><date></date><icon src="https://t-mobiletv.nl:443/CPS/images/universal/film/program/202211/20221114/21/20221114090130510jc6.jpg"></icon><desc></desc><category></category></programme><programme channel="141428765" start="20221121100048 +0000" stop="20221121125952 +0000" catchup-id="1296277021"><title>USA Hitlist! 90-99</title><date></date><icon src="https://t-mobiletv.nl:443/CPS/images/universal/film/program/202211/20221114/23/20221114090130510d9o.jpg"></icon><desc></desc><category></category></programme><programme channel="141428765" start="20221121125952 +0000" stop="20221121140008 +0000" catchup-id="1296277027"><title>Alternative Nation!</title><date></date><icon src="https://t-mobiletv.nl:443/CPS/images/universal/film/program/202211/20221114/92/202211140901305117al.jpg"></icon><desc></desc><category></category></programme><programme channel="141428765" start="20221121140008 +0000" stop="20221121170025 +0000" catchup-id="1296277033"><title>90s Mixtape!</title><date></date><icon src="https://t-mobiletv.nl:443/CPS/images/universal/film/program/202211/20221114/26/20221114090130511vqg.jpg"></icon><desc></desc><category></category></programme><programme channel="141428765" start="20221121170025 +0000" stop="20221121195913 +0000" catchup-id="1296277039"><title>Never Forget The 90s Boys!</title><date></date><icon src="https://t-mobiletv.nl:443/CPS/images/universal/film/program/202211/20221114/72/202211140901305112eh.jpg"></icon><desc></desc><category></category></programme><programme channel="141428765" start="20221121195913 +0000" stop="20221121210019 +0000" catchup-id="1296277045"><title>Alternative Nation!</title><date></date><icon src="https://t-mobiletv.nl:443/CPS/images/universal/film/program/202211/20221114/17/20221114090130511o0z.jpg"></icon><desc></desc><category></category></programme><programme channel="141428765" start="20221121210019 +0000" stop="20221122000011 +0000" catchup-id="1296277051"><title>Ultimate 90s Playlist!</title><date></date><icon src="https://t-mobiletv.nl:443/CPS/images/universal/film/program/202211/20221114/5/202211140901305112my.jpg"></icon><desc></desc><category></category></programme><programme channel="141428765" start="20221122000011 +0000" stop="20221122030000 +0000" catchup-id="1296697489"><title>90s Mixtape!</title><date></date><icon src="https://t-mobiletv.nl:443/CPS/images/universal/film/program/202211/20221115/66/20221115090110511slh.jpg"></icon><desc></desc><category></category></programme><programme channel="141428765" start="20221122030000 +0000" stop="20221122060000 +0000" catchup-id="1296697495"><title>Ultimate 90s Playlist!</title><date></date><icon src="https://t-mobiletv.nl:443/CPS/images/universal/film/program/202211/20221115/78/20221115090110511csu.jpg"></icon><desc></desc><category></category></programme><programme channel="141428765" start="20221122060000 +0000" stop="20221122070014 +0000" catchup-id="1296697501"><title>Girl Power Hour!</title><date></date><icon src="https://t-mobiletv.nl:443/CPS/images/universal/film/program/202211/20221115/84/20221115090110511eml.jpg"></icon><desc></desc><category></category></programme><programme channel="141428765" start="20221122070014 +0000" stop="20221122100044 +0000" catchup-id="1296697507"><title>Mmm Bop! Perfect Pop</title><date></date><icon src="https://t-mobiletv.nl:443/CPS/images/universal/film/program/202211/20221115/81/2022111509011051254g.jpg"></icon><desc></desc><category></category></programme><programme channel="141428765" start="20221122100044 +0000" stop="20221122131913 +0000" catchup-id="1296697769"><title>Top Hits Of 1999!</title><date></date><icon src="https://t-mobiletv.nl:443/CPS/images/universal/film/program/202211/20221115/48/202211150901105125qt.jpg"></icon><desc></desc><category></category></programme><programme channel="141428765" start="20221122131913 +0000" stop="20221122170055 +0000" catchup-id="1296697775"><title>2 For 1: 90s Double Drop!</title><date></date><icon src="https://t-mobiletv.nl:443/CPS/images/universal/film/program/202211/20221115/11/20221115090110512are.jpg"></icon><desc></desc><category></category></programme><programme channel="141428765" start="20221122170055 +0000" stop="20221122200128 +0000" catchup-id="1296697781"><title>MTV 90s @ The Movies!</title><date></date><icon src="https://t-mobiletv.nl:443/CPS/images/universal/film/program/202211/20221115/23/20221115090110512x8a.jpg"></icon><desc></desc><category></category></programme><programme channel="141428765" start="20221122200128 +0000" stop="20221122205956 +0000" catchup-id="1296697787"><title>Alternative Nation!</title><date></date><icon src="https://t-mobiletv.nl:443/CPS/images/universal/film/program/202211/20221115/58/20221115090110512a9w.jpg"></icon><desc></desc><category></category></programme><programme channel="141428765" start="20221122205956 +0000" stop="20221122235926 +0000" catchup-id="1296697793"><title>Ultimate 90s Playlist!</title><date></date><icon src="https://t-mobiletv.nl:443/CPS/images/universal/film/program/202211/20221115/67/20221115090110512ro5.jpg"></icon><desc></desc><category></category></programme><programme channel="141428765" start="20221122235926 +0000" stop="20221123030000 +0000" catchup-id="1297107526"><title>90s Mixtape!</title><date></date><icon src="https://t-mobiletv.nl:443/CPS/images/universal/film/program/202211/20221116/30/20221116090059719u8t.jpg"></icon><desc></desc><category></category></programme><programme channel="141428765" start="20221123030000 +0000" stop="20221123060000 +0000" catchup-id="1297107532"><title>Ultimate 90s Playlist!</title><date></date><icon src="https://t-mobiletv.nl:443/CPS/images/universal/film/program/202211/20221116/48/20221116090059719do7.jpg"></icon><desc></desc><category></category></programme><programme channel="141428765" start="20221123060000 +0000" stop="20221123070105 +0000" catchup-id="1297107538"><title>Girl Power Hour!</title><date></date><icon src="https://t-mobiletv.nl:443/CPS/images/universal/film/program/202211/20221116/27/20221116090059719ler.jpg"></icon><desc></desc><category></category></programme><programme channel="141428765" start="20221123070105 +0000" stop="20221123095951 +0000" catchup-id="1297107544"><title>Smells Like... The 90s!</title><date></date><icon src="https://t-mobiletv.nl:443/CPS/images/universal/film/program/202211/20221116/20/202211160900597192t4.jpg"></icon><desc></desc><category></category></programme><programme channel="141428765" start="20221123095951 +0000" stop="20221123130036 +0000" catchup-id="1297107550"><title>Never Forget The 90s Boys!</title><date></date><icon src="https://t-mobiletv.nl:443/CPS/images/universal/film/program/202211/20221116/31/20221116090059719t46.jpg"></icon><desc></desc><category></category></programme><programme channel="141428765" start="20221123130036 +0000" stop="20221123140040 +0000" catchup-id="1297107556"><title>Alternative Nation!</title><date></date><icon src="https://t-mobiletv.nl:443/CPS/images/universal/film/program/202211/20221116/99/20221116090059719wsa.jpg"></icon><desc></desc><category></category></programme><programme channel="141428765" start="20221123140040 +0000" stop="20221123170041 +0000" catchup-id="1297107562"><title>Mmm Bop! Perfect Pop</title><date></date><icon src="https://t-mobiletv.nl:443/CPS/images/universal/film/program/202211/20221116/44/202211160900597196g2.jpg"></icon><desc></desc><category></category></programme><programme channel="141428765" start="20221123170041 +0000" stop="20221123195944 +0000" catchup-id="1297107568"><title>Non-Stop Europop!</title><date></date><icon src="https://t-mobiletv.nl:443/CPS/images/universal/film/program/202211/20221116/27/2022111609005971962d.jpg"></icon><desc></desc><category></category></programme><programme channel="141428765" start="20221123195944 +0000" stop="20221123210221 +0000" catchup-id="1297107574"><title>Alternative Nation!</title><date></date><icon src="https://t-mobiletv.nl:443/CPS/images/universal/film/program/202211/20221116/94/20221116090059719uwq.jpg"></icon><desc></desc><category></category></programme><programme channel="141428765" start="20221123210221 +0000" stop="20221124000012 +0000" catchup-id="1297107580"><title>Ultimate 90s Playlist!</title><date></date><icon src="https://t-mobiletv.nl:443/CPS/images/universal/film/program/202211/20221116/93/20221116090059720pm0.jpg"></icon><desc></desc><category></category></programme><programme channel="141428765" start="20221124000012 +0000" stop="20221124030000 +0000" catchup-id="1297583766"><title>90s Mixtape!</title><date></date><icon src="https://t-mobiletv.nl:443/CPS/images/universal/film/program/202211/20221117/67/20221117090124711f0w.jpg"></icon><desc></desc><category></category></programme><programme channel="141428765" start="20221124030000 +0000" stop="20221124060153 +0000" catchup-id="1297583772"><title>Ultimate 90s Playlist!</title><date></date><icon src="https://t-mobiletv.nl:443/CPS/images/universal/film/program/202211/20221117/99/202211170901247110mf.jpg"></icon><desc></desc><category></category></programme><programme channel="141428765" start="20221124060153 +0000" stop="20221124092613 +0000" catchup-id="1297583778"><title>90s Boyband Hits: Top 50!</title><date></date><icon src="https://t-mobiletv.nl:443/CPS/images/universal/film/program/202211/20221117/33/20221117090124712gr0.jpg"></icon><desc></desc><category></category></programme><programme channel="141428765" start="20221124092613 +0000" stop="20221124130109 +0000" catchup-id="1297583784"><title>MTV 90s @ The Movies!</title><date></date><icon src="https://t-mobiletv.nl:443/CPS/images/universal/film/program/202211/20221117/23/20221117090124712136.jpg"></icon><desc></desc><category></category></programme><programme channel="141428765" start="20221124130109 +0000" stop="20221124135952 +0000" catchup-id="1297585774"><title>Alternative Nation!</title><date></date><icon src="https://t-mobiletv.nl:443/CPS/images/universal/film/program/202211/20221117/45/20221117090124712goq.jpg"></icon><desc></desc><category></category></programme><programme channel="141428765" start="20221124135952 +0000" stop="20221124165919 +0000" catchup-id="1297585780"><title>Smells Like... The 90s!</title><date></date><icon src="https://t-mobiletv.nl:443/CPS/images/universal/film/program/202211/20221117/83/202211170901247126x6.jpg"></icon><desc></desc><category></category></programme><programme channel="141428765" start="20221124165919 +0000" stop="20221124200020 +0000" catchup-id="1297585786"><title>YO MTV! 90s Rap &amp; R'n'B</title><date></date><icon src="https://t-mobiletv.nl:443/CPS/images/universal/film/program/202211/20221117/17/202211170901247128py.jpg"></icon><desc></desc><category></category></programme><programme channel="141428765" start="20221124200020 +0000" stop="20221124210033 +0000" catchup-id="1297585792"><title>Alternative Nation!</title><date></date><icon src="https://t-mobiletv.nl:443/CPS/images/universal/film/program/202211/20221117/27/20221117090124712z31.jpg"></icon><desc></desc><category></category></programme><programme channel="141428765" start="20221124210033 +0000" stop="20221124235949 +0000" catchup-id="1297585798"><title>Ultimate 90s Playlist!</title><date></date><icon src="https://t-mobiletv.nl:443/CPS/images/universal/film/program/202211/20221117/45/20221117090124712i0t.jpg"></icon><desc></desc><category></category></programme><programme channel="141428765" start="20221124235949 +0000" stop="20221125030000 +0000" catchup-id="1297973070"><title>90s Mixtape!</title><date></date><icon src="https://t-mobiletv.nl:443/CPS/images/universal/film/program/202211/20221118/37/2022111809002971487u.jpg"></icon><desc></desc><category></category></programme><programme channel="141428765" start="20221125030000 +0000" stop="20221125060007 +0000" catchup-id="1297973076"><title>Ultimate 90s Playlist!</title><date></date><icon src="https://t-mobiletv.nl:443/CPS/images/universal/film/program/202211/20221118/25/20221118090029715l5w.jpg"></icon><desc></desc><category></category></programme><programme channel="141428765" start="20221125060007 +0000" stop="20221125065952 +0000" catchup-id="1297973082"><title>Girl Power Hour!</title><date></date><icon src="https://t-mobiletv.nl:443/CPS/images/universal/film/program/202211/20221118/46/20221118090029715a1n.jpg"></icon><desc></desc><category></category></programme><programme channel="141428765" start="20221125065952 +0000" stop="20221125100021 +0000" catchup-id="1297973088"><title>Saved By The 90s!</title><date></date><icon src="https://t-mobiletv.nl:443/CPS/images/universal/film/program/202211/20221118/52/20221118090029715si0.jpg"></icon><desc></desc><category></category></programme><programme channel="141428765" start="20221125100021 +0000" stop="20221125125948 +0000" catchup-id="1297973094"><title>YO MTV! 90s Rap &amp; R'n'B</title><date></date><icon src="https://t-mobiletv.nl:443/CPS/images/universal/film/program/202211/20221118/24/20221118090029715c6k.jpg"></icon><desc></desc><category></category></programme><programme channel="141428765" start="20221125125948 +0000" stop="20221125135940 +0000" catchup-id="1297973164"><title>Alternative Nation!</title><date></date><icon src="https://t-mobiletv.nl:443/CPS/images/universal/film/program/202211/20221118/17/20221118090029715n41.jpg"></icon><desc></desc><category></category></programme><programme channel="141428765" start="20221125135940 +0000" stop="20221125170045 +0000" catchup-id="1297973170"><title>90s Mixtape!</title><date></date><icon src="https://t-mobiletv.nl:443/CPS/images/universal/film/program/202211/20221118/58/20221118090029715iqe.jpg"></icon><desc></desc><category></category></programme><programme channel="141428765" start="20221125170045 +0000" stop="20221125202504 +0000" catchup-id="1297973176"><title>90s Boyband Hits: Top 50!</title><date></date><icon src="https://t-mobiletv.nl:443/CPS/images/universal/film/program/202211/20221118/15/20221118090029715sz1.jpg"></icon><desc></desc><category></category></programme><programme channel="141428765" start="20221125202504 +0000" stop="20221125235948 +0000" catchup-id="1297973182"><title>Ultimate 90s Playlist!</title><date></date><icon src="https://t-mobiletv.nl:443/CPS/images/universal/film/program/202211/20221118/6/20221118090029715h7w.jpg"></icon><desc></desc><category></category></programme><programme channel="141428765" start="20221125235948 +0000" stop="20221126030000 +0000" catchup-id="1298397217"><title>90s Mixtape!</title><date></date><icon src="https://t-mobiletv.nl:443/CPS/images/universal/film/program/202211/20221119/51/202211190900505088c4.jpg"></icon><desc></desc><category></category></programme><programme channel="141428765" start="20221126030000 +0000" stop="20221126060007 +0000" catchup-id="1298397223"><title>Ultimate 90s Playlist!</title><date></date><icon src="https://t-mobiletv.nl:443/CPS/images/universal/film/program/202211/20221119/35/20221119090050508aiv.jpg"></icon><desc></desc><category></category></programme><programme channel="141428765" start="20221126060007 +0000" stop="20221126070000 +0000" catchup-id="1298397229"><title>Girl Power Hour!</title><date></date><icon src="https://t-mobiletv.nl:443/CPS/images/universal/film/program/202211/20221119/6/20221119090050508dep.jpg"></icon><desc></desc><category></category></programme><programme channel="141428765" start="20221126070000 +0000" stop="20221126100022 +0000" catchup-id="1298397235"><title>90s Mixtape!</title><date></date><icon src="https://t-mobiletv.nl:443/CPS/images/universal/film/program/202211/20221119/81/20221119090050508wjj.jpg"></icon><desc></desc><category></category></programme><programme channel="141428765" start="20221126100022 +0000" stop="20221126132439 +0000" catchup-id="1298397241"><title>90s Boyband Hits: Top 50!</title><date></date><icon src="https://t-mobiletv.nl:443/CPS/images/universal/film/program/202211/20221119/71/20221119090050508ub3.jpg"></icon><desc></desc><category></category></programme><programme channel="141428765" start="20221126132439 +0000" stop="20221126170045 +0000" catchup-id="1298397247"><title>Saturday Night Party!</title><date></date><icon src="https://t-mobiletv.nl:443/CPS/images/universal/film/program/202211/20221119/83/202211190900505080hw.jpg"></icon><desc></desc><category></category></programme><programme channel="141428765" start="20221126170045 +0000" stop="20221126210121 +0000" catchup-id="1298397253"><title>Dance Megamix! 90-99</title><date></date><icon src="https://t-mobiletv.nl:443/CPS/images/universal/film/program/202211/20221119/60/20221119090050508scp.jpg"></icon><desc></desc><category></category></programme><programme channel="141428765" start="20221126210121 +0000" stop="20221127000021 +0000" catchup-id="1298397259"><title>Ultimate 90s Playlist!</title><date></date><icon src="https://t-mobiletv.nl:443/CPS/images/universal/film/program/202211/20221119/3/20221119090050509mb9.jpg"></icon><desc></desc><category></category></programme><programme channel="141428765" start="20221127000021 +0000" stop="20221127030000 +0000" catchup-id="1298807762"><title>90s Mixtape!</title><date></date><icon src="https://t-mobiletv.nl:443/CPS/images/universal/film/program/202211/20221120/17/202211200900447166fy.jpg"></icon><desc></desc><category></category></programme><programme channel="141428765" start="20221127030000 +0000" stop="20221127060133 +0000" catchup-id="1298807768"><title>Ultimate 90s Playlist!</title><date></date><icon src="https://t-mobiletv.nl:443/CPS/images/universal/film/program/202211/20221120/93/20221120090044717lhw.jpg"></icon><desc></desc><category></category></programme><programme channel="141428765" start="20221127060133 +0000" stop="20221127065945 +0000" catchup-id="1298807774"><title>Girl Power Hour!</title><date></date><icon src="https://t-mobiletv.nl:443/CPS/images/universal/film/program/202211/20221120/60/20221120090044717opy.jpg"></icon><desc></desc><category></category></programme><programme channel="141428765" start="20221127065945 +0000" stop="20221127100118 +0000" catchup-id="1298807780"><title>Smells Like... The 90s!</title><date></date><icon src="https://t-mobiletv.nl:443/CPS/images/universal/film/program/202211/20221120/3/20221120090044717ys5.jpg"></icon><desc></desc><category></category></programme><programme channel="141428765" start="20221127100118 +0000" stop="20221127140023 +0000" catchup-id="1298807850"><title>The Power Of 90s Love!</title><date></date><icon src="https://t-mobiletv.nl:443/CPS/images/universal/film/program/202211/20221120/41/20221120090044717umy.jpg"></icon><desc></desc><category></category></programme><programme channel="141428765" start="20221127140023 +0000" stop="20221127170038 +0000" catchup-id="1298807856"><title>Mmm Bop! Perfect Pop</title><date></date><icon src="https://t-mobiletv.nl:443/CPS/images/universal/film/program/202211/20221120/56/20221120090044717iuj.jpg"></icon><desc></desc><category></category></programme><programme channel="141428765" start="20221127170038 +0000" stop="20221127201914 +0000" catchup-id="1298807862"><title>Top Hits Of 1999!</title><date></date><icon src="https://t-mobiletv.nl:443/CPS/images/universal/film/program/202211/20221120/67/20221120090044717rjo.jpg"></icon><desc></desc><category></category></programme><programme channel="141428765" start="20221127201914 +0000" stop="20221128000003 +0000" catchup-id="1298807868"><title>Ultimate 90s Playlist!</title><date></date><icon src="https://t-mobiletv.nl:443/CPS/images/universal/film/program/202211/20221120/73/20221120090044717ths.jpg"></icon><desc></desc><category></category></programme><programme channel="141428765" start="20221128000003 +0000" stop="20221128030000 +0000" catchup-id="1299193578"><title>90s Mixtape!</title><date></date><icon src="https://t-mobiletv.nl:443/CPS/images/universal/film/program/202211/20221121/20/20221121090045507htv.jpg"></icon><desc></desc><category></category></programme><programme channel="141428765" start="20221128030000 +0000" stop="20221128055954 +0000" catchup-id="1299193584"><title>Ultimate 90s Playlist!</title><date></date><icon src="https://t-mobiletv.nl:443/CPS/images/universal/film/program/202211/20221121/9/20221121090045507oyv.jpg"></icon><desc></desc><category></category></programme><programme channel="141428765" start="20221128055954 +0000" stop="20221128070012 +0000" catchup-id="1299193590"><title>Girl Power Hour!</title><date></date><icon src="https://t-mobiletv.nl:443/CPS/images/universal/film/program/202211/20221121/43/20221121090045507ynd.jpg"></icon><desc></desc><category></category></programme><programme channel="141428765" start="20221128070012 +0000" stop="20221128100014 +0000" catchup-id="1299193596"><title>Saved By The 90s!</title><date></date><icon src="https://t-mobiletv.nl:443/CPS/images/universal/film/program/202211/20221121/32/202211210900455071rt.jpg"></icon><desc></desc><category></category></programme><programme channel="141428765" start="20221128100014 +0000" stop="20221128130019 +0000" catchup-id="1299193602"><title>USA Hitlist! 90-99</title><date></date><icon src="https://t-mobiletv.nl:443/CPS/images/universal/film/program/202211/20221121/73/20221121090045507cbp.jpg"></icon><desc></desc><category></category></programme><programme channel="141428765" start="20221128130019 +0000" stop="20221128140010 +0000" catchup-id="1299193608"><title>Alternative Nation!</title><date></date><icon src="https://t-mobiletv.nl:443/CPS/images/universal/film/program/202211/20221121/35/20221121090045507we3.jpg"></icon><desc></desc><category></category></programme><programme channel="141428765" start="20221128140010 +0000" stop="20221128170000 +0000" catchup-id="1299193614"><title>90s Mixtape!</title><date></date><icon src="https://t-mobiletv.nl:443/CPS/images/universal/film/program/202211/20221121/15/20221121090045507lya.jpg"></icon><desc></desc><category></category></programme><programme channel="141428765" start="20221128170000 +0000" stop="20221128195935 +0000" catchup-id="1299193620"><title>Never Forget The 90s Boys!</title><date></date><icon src="https://t-mobiletv.nl:443/CPS/images/universal/film/program/202211/20221121/73/20221121090045507rxs.jpg"></icon><desc></desc><category></category></programme><programme channel="141428765" start="20221128195935 +0000" stop="20221128205956 +0000" catchup-id="1299193626"><title>Alternative Nation!</title><date></date><icon src="https://t-mobiletv.nl:443/CPS/images/universal/film/program/202211/20221121/79/20221121090045507t8h.jpg"></icon><desc></desc><category></category></programme><programme channel="141428765" start="20221128205956 +0000" stop="20221129000020 +0000" catchup-id="1299193632"><title>Ultimate 90s Playlist!</title><date></date><icon src="https://t-mobiletv.nl:443/CPS/images/universal/film/program/202211/20221121/3/20221121090045507az7.jpg"></icon><desc></desc><category></category></programme><programme channel="141428765" start="20221129000020 +0000" stop="20221129030000 +0000" catchup-id="1299591697"><title>90s Mixtape!</title><date></date><icon src="https://t-mobiletv.nl:443/CPS/images/universal/film/program/202211/20221122/87/20221122090105596n0h.jpg"></icon><desc></desc><category></category></programme><programme channel="141428765" start="20221129030000 +0000" stop="20221129060000 +0000" catchup-id="1299591703"><title>Ultimate 90s Playlist!</title><date></date><icon src="https://t-mobiletv.nl:443/CPS/images/universal/film/program/202211/20221122/75/20221122090105597cl3.jpg"></icon><desc></desc><category></category></programme><programme channel="141428765" start="20221129060000 +0000" stop="20221129070000 +0000" catchup-id="1299591709"><title>Girl Power Hour!</title><date></date><icon src="https://t-mobiletv.nl:443/CPS/images/universal/film/program/202211/20221122/99/20221122090105597pk5.jpg"></icon><desc></desc><category></category></programme><programme channel="141428765" start="20221129070000 +0000" stop="20221129100000 +0000" catchup-id="1299591715"><title>Mmm Bop! Perfect Pop</title><date></date><icon src="https://t-mobiletv.nl:443/CPS/images/universal/film/program/202211/20221122/69/20221122090105597pwl.jpg"></icon><desc></desc><category></category></programme><programme channel="141428765" start="20221129100000 +0000" stop="20221129140000 +0000" catchup-id="1299591721"><title>Top Hits Of 1996!</title><date></date><icon src="https://t-mobiletv.nl:443/CPS/images/universal/film/program/202211/20221122/37/20221122090105597lsi.jpg"></icon><desc></desc><category></category></programme><programme channel="141428765" start="20221129140000 +0000" stop="20221129170000 +0000" catchup-id="1299591727"><title>2 For 1: 90s Double Drop!</title><date></date><icon src="https://t-mobiletv.nl:443/CPS/images/universal/film/program/202211/20221122/10/20221122090105597ttm.jpg"></icon><desc></desc><category></category></programme><programme channel="141428765" start="20221129170000 +0000" stop="20221129200000 +0000" catchup-id="1299591733"><title>MTV 90s @ The Movies!</title><date></date><icon src="https://t-mobiletv.nl:443/CPS/images/universal/film/program/202211/20221122/8/20221122090105597c5h.jpg"></icon><desc></desc><category></category></programme><programme channel="141428765" start="20221129200000 +0000" stop="20221129210000 +0000" catchup-id="1299591739"><title>Alternative Nation!</title><date></date><icon src="https://t-mobiletv.nl:443/CPS/images/universal/film/program/202211/20221122/37/20221122090105597bip.jpg"></icon><desc></desc><category></category></programme><programme channel="141428765" start="20221129210000 +0000" stop="20221130000000 +0000" catchup-id="1299591745"><title>Ultimate 90s Playlist!</title><date></date><icon src="https://t-mobiletv.nl:443/CPS/images/universal/film/program/202211/20221122/94/2022112209010559714u.jpg"></icon><desc></desc><category></category></programme><programme channel="141428765" start="20221130000000 +0000" stop="20221130030000 +0000" catchup-id="1300027603"><title>90s Mixtape!</title><date></date><icon src="https://t-mobiletv.nl:443/CPS/images/universal/film/program/202211/20221123/71/20221123090109711tbc.jpg"></icon><desc></desc><category></category></programme><programme channel="141428765" start="20221130030000 +0000" stop="20221130060000 +0000" catchup-id="1300027609"><title>Ultimate 90s Playlist!</title><date></date><icon src="https://t-mobiletv.nl:443/CPS/images/universal/film/program/202211/20221123/72/20221123090109711o42.jpg"></icon><desc></desc><category></category></programme><programme channel="141428765" start="20221130060000 +0000" stop="20221130070000 +0000" catchup-id="1300027615"><title>Girl Power Hour!</title><date></date><icon src="https://t-mobiletv.nl:443/CPS/images/universal/film/program/202211/20221123/93/2022112309010971197n.jpg"></icon><desc></desc><category></category></programme><programme channel="141428765" start="20221130070000 +0000" stop="20221130100000 +0000" catchup-id="1300027621"><title>Smells Like... The 90s!</title><date></date><icon src="https://t-mobiletv.nl:443/CPS/images/universal/film/program/202211/20221123/6/20221123090109711vip.jpg"></icon><desc></desc><category></category></programme><programme channel="141428765" start="20221130100000 +0000" stop="20221130130000 +0000" catchup-id="1300027627"><title>Never Forget The 90s Boys!</title><date></date><icon src="https://t-mobiletv.nl:443/CPS/images/universal/film/program/202211/20221123/83/202211230901097114vt.jpg"></icon><desc></desc><category></category></programme><programme channel="141428765" start="20221130130000 +0000" stop="20221130140000 +0000" catchup-id="1300027633"><title>Alternative Nation!</title><date></date><icon src="https://t-mobiletv.nl:443/CPS/images/universal/film/program/202211/20221123/61/202211230901097114xo.jpg"></icon><desc></desc><category></category></programme><programme channel="141428765" start="20221130140000 +0000" stop="20221130170000 +0000" catchup-id="1300027639"><title>Mmm Bop! Perfect Pop</title><date></date><icon src="https://t-mobiletv.nl:443/CPS/images/universal/film/program/202211/20221123/61/202211230901097125li.jpg"></icon><desc></desc><category></category></programme><programme channel="141428765" start="20221130170000 +0000" stop="20221130200000 +0000" catchup-id="1300027645"><title>Non-Stop Europop!</title><date></date><icon src="https://t-mobiletv.nl:443/CPS/images/universal/film/program/202211/20221123/4/20221123090109712z3j.jpg"></icon><desc></desc><category></category></programme><programme channel="141428765" start="20221130200000 +0000" stop="20221130210000 +0000" catchup-id="1300027651"><title>Alternative Nation!</title><date></date><icon src="https://t-mobiletv.nl:443/CPS/images/universal/film/program/202211/20221123/21/202211230901097122yd.jpg"></icon><desc></desc><category></category></programme><programme channel="141428765" start="20221130210000 +0000" stop="20221201000000 +0000" catchup-id="1300027657"><title>Ultimate 90s Playlist!</title><date></date><icon src="https://t-mobiletv.nl:443/CPS/images/universal/film/program/202211/20221123/36/20221123090109712p2s.jpg"></icon><desc></desc><category></category></programme><programme channel="141428765" start="20221201000000 +0000" stop="20221201030000 +0000" catchup-id="1300424912"><title>90s Mixtape!</title><date></date><icon src="https://t-mobiletv.nl:443/CPS/images/universal/film/program/202211/20221124/91/20221124090105511126.jpg"></icon><desc></desc><category></category></programme><programme channel="141428765" start="20221201030000 +0000" stop="20221201060000 +0000" catchup-id="1300424918"><title>Ultimate 90s Playlist!</title><date></date><icon src="https://t-mobiletv.nl:443/CPS/images/universal/film/program/202211/20221124/0/20221124090105511agh.jpg"></icon><desc></desc><category></category></programme><programme channel="141428765" start="20221201060000 +0000" stop="20221201100000 +0000" catchup-id="1300424924"><title>Hot 90s Hits From The Boys!</title><date></date><icon src="https://t-mobiletv.nl:443/CPS/images/universal/film/program/202211/20221124/96/2022112409010551175b.jpg"></icon><desc></desc><category></category></programme><programme channel="141428765" start="20221201100000 +0000" stop="20221201130000 +0000" catchup-id="1300424930"><title>MTV 90s @ The Movies!</title><date></date><icon src="https://t-mobiletv.nl:443/CPS/images/universal/film/program/202211/20221124/44/20221124090105511ub3.jpg"></icon><desc></desc><category></category></programme><programme channel="141428765" start="20221201130000 +0000" stop="20221201140000 +0000" catchup-id="1300424936"><title>Alternative Nation!</title><date></date><icon src="https://t-mobiletv.nl:443/CPS/images/universal/film/program/202211/20221124/37/20221124090105511o7s.jpg"></icon><desc></desc><category></category></programme><programme channel="141428765" start="20221201140000 +0000" stop="20221201170000 +0000" catchup-id="1300424942"><title>Smells Like... The 90s!</title><date></date><icon src="https://t-mobiletv.nl:443/CPS/images/universal/film/program/202211/20221124/36/20221124090105511mpl.jpg"></icon><desc></desc><category></category></programme><programme channel="141428765" start="20221201170000 +0000" stop="20221201200000 +0000" catchup-id="1300424948"><title>YO MTV! 90s Rap &amp; R'n'B</title><date></date><icon src="https://t-mobiletv.nl:443/CPS/images/universal/film/program/202211/20221124/7/202211240901055118tm.jpg"></icon><desc></desc><category></category></programme><programme channel="141428765" start="20221201200000 +0000" stop="20221201210000 +0000" catchup-id="1300424954"><title>Alternative Nation!</title><date></date><icon src="https://t-mobiletv.nl:443/CPS/images/universal/film/program/202211/20221124/47/20221124090105511jgy.jpg"></icon><desc></desc><category></category></programme><programme channel="141428765" start="20221201210000 +0000" stop="20221202000000 +0000" catchup-id="1300424960"><title>Ultimate 90s Playlist!</title><date></date><icon src="https://t-mobiletv.nl:443/CPS/images/universal/film/program/202211/20221124/17/20221124090105512u63.jpg"></icon><desc></desc><category></category></programme><programme channel="141428765" start="20221202000000 +0000" stop="20221202030000 +0000" catchup-id="1300875784"><title>90s Mixtape!</title><date></date><icon src="https://t-mobiletv.nl:443/CPS/images/universal/film/program/202211/20221125/95/20221125090125513lsl.jpg"></icon><desc></desc><category></category></programme><programme channel="141428765" start="20221202030000 +0000" stop="20221202060000 +0000" catchup-id="1300875790"><title>Ultimate 90s Playlist!</title><date></date><icon src="https://t-mobiletv.nl:443/CPS/images/universal/film/program/202211/20221125/14/20221125090125513rzd.jpg"></icon><desc></desc><category></category></programme><programme channel="141428765" start="20221202060000 +0000" stop="20221202070000 +0000" catchup-id="1300875796"><title>Girl Power Hour!</title><date></date><icon src="https://t-mobiletv.nl:443/CPS/images/universal/film/program/202211/20221125/3/20221125090125513bej.jpg"></icon><desc></desc><category></category></programme><programme channel="141428765" start="20221202070000 +0000" stop="20221202100000 +0000" catchup-id="1300875802"><title>Saved By The 90s!</title><date></date><icon src="https://t-mobiletv.nl:443/CPS/images/universal/film/program/202211/20221125/24/20221125090125513hcb.jpg"></icon><desc></desc><category></category></programme><programme channel="141428765" start="20221202100000 +0000" stop="20221202130000 +0000" catchup-id="1300875808"><title>YO MTV! 90s Rap &amp; R'n'B</title><date></date><icon src="https://t-mobiletv.nl:443/CPS/images/universal/film/program/202211/20221125/2/202211250901255130cw.jpg"></icon><desc></desc><category></category></programme><programme channel="141428765" start="20221202130000 +0000" stop="20221202140000 +0000" catchup-id="1300875814"><title>Alternative Nation!</title><date></date><icon src="https://t-mobiletv.nl:443/CPS/images/universal/film/program/202211/20221125/78/20221125090125514i13.jpg"></icon><desc></desc><category></category></programme><programme channel="141428765" start="20221202140000 +0000" stop="20221202170000 +0000" catchup-id="1300876268"><title>90s Mixtape!</title><date></date><icon src="https://t-mobiletv.nl:443/CPS/images/universal/film/program/202211/20221125/93/202211250901255141e8.jpg"></icon><desc></desc><category></category></programme>