<programme channel="141431590" start="20221119190500 +0000" stop="20221119200000 +0000" catchup-id="1295461015"><title>Dias De Cine</title><date></date><icon src=""></icon><desc></desc><category></category></programme><programme channel="141431590" start="20221119200000 +0000" stop="20221119203000 +0000" catchup-id="1295461021"><title>Telediario 2</title><date></date><icon src=""></icon><desc></desc><category></category></programme><programme channel="141431590" start="20221119203000 +0000" stop="20221119210000 +0000" catchup-id="1295461027"><title>Informe Semanal</title><date></date><icon src=""></icon><desc></desc><category></category></programme><programme channel="141431590" start="20221119210000 +0000" stop="20221119224500 +0000" catchup-id="1295461033"><title>Comando Actualidad</title><date></date><icon src=""></icon><desc></desc><category></category></programme><programme channel="141431590" start="20221119224500 +0000" stop="20221119231500 +0000" catchup-id="1295461039"><title>Plano General</title><date></date><icon src=""></icon><desc></desc><category></category></programme><programme channel="141431590" start="20221119231500 +0000" stop="20221119234500 +0000" catchup-id="1295903295"><title>Atencion Obras</title><date></date><icon src=""></icon><desc></desc><category></category></programme><programme channel="141431590" start="20221119234500 +0000" stop="20221120001500 +0000" catchup-id="1295903301"><title>Repor</title><date></date><icon src=""></icon><desc></desc><category></category></programme><programme channel="141431590" start="20221120001500 +0000" stop="20221120010000 +0000" catchup-id="1295903307"><title>Tendido Cero</title><date></date><icon src=""></icon><desc></desc><category></category></programme><programme channel="141431590" start="20221120010000 +0000" stop="20221120013000 +0000" catchup-id="1295903313"><title>Zoom Tendencias</title><date></date><icon src=""></icon><desc></desc><category></category></programme><programme channel="141431590" start="20221120013000 +0000" stop="20221120020000 +0000" catchup-id="1295903319"><title>Informe Semanal</title><date></date><icon src=""></icon><desc></desc><category></category></programme><programme channel="141431590" start="20221120020000 +0000" stop="20221120050000 +0000" catchup-id="1295903325"><title>Noticias 24 H</title><date></date><icon src=""></icon><desc></desc><category></category></programme><programme channel="141431590" start="20221120050000 +0000" stop="20221120060000 +0000" catchup-id="1295903331"><title>Noticias 24 H</title><date></date><icon src=""></icon><desc></desc><category></category></programme><programme channel="141431590" start="20221120060000 +0000" stop="20221120061500 +0000" catchup-id="1295904169"><title>Medina En Tve</title><date></date><icon src=""></icon><desc></desc><category></category></programme><programme channel="141431590" start="20221120061500 +0000" stop="20221120063000 +0000" catchup-id="1295904175"><title>Buenas Noticias Tv</title><date></date><icon src=""></icon><desc></desc><category></category></programme><programme channel="141431590" start="20221120063000 +0000" stop="20221120064500 +0000" catchup-id="1295904181"><title>Shalom</title><date></date><icon src=""></icon><desc></desc><category></category></programme><programme channel="141431590" start="20221120064500 +0000" stop="20221120071000 +0000" catchup-id="1295904187"><title>Últimas Preguntas</title><date></date><icon src=""></icon><desc></desc><category></category></programme><programme channel="141431590" start="20221120071000 +0000" stop="20221120071500 +0000" catchup-id="1295904193"><title>Testimonio</title><date></date><icon src=""></icon><desc></desc><category></category></programme><programme channel="141431590" start="20221120071500 +0000" stop="20221120074500 +0000" catchup-id="1295904199"><title>Pueblo De Dios</title><date></date><icon src=""></icon><desc></desc><category></category></programme><programme channel="141431590" start="20221120074500 +0000" stop="20221120081500 +0000" catchup-id="1295904205"><title>Infantil</title><date></date><icon src=""></icon><desc></desc><category></category></programme><programme channel="141431590" start="20221120081500 +0000" stop="20221120084500 +0000" catchup-id="1295904211"><title>Via De La Plata: Diario De Un Ciclista</title><date></date><icon src=""></icon><desc></desc><category></category></programme><programme channel="141431590" start="20221120084500 +0000" stop="20221120091500 +0000" catchup-id="1295904217"><title>El Escarabajo Verde</title><date></date><icon src=""></icon><desc></desc><category></category></programme><programme channel="141431590" start="20221120091500 +0000" stop="20221120094500 +0000" catchup-id="1295904223"><title>Jardines Con Historia ( Último Capítulo )</title><date></date><icon src=""></icon><desc></desc><category></category></programme><programme channel="141431590" start="20221120094500 +0000" stop="20221120101500 +0000" catchup-id="1295904229"><title>Un Pais Para Leerlo</title><date></date><icon src=""></icon><desc></desc><category></category></programme><programme channel="141431590" start="20221120101500 +0000" stop="20221120111000 +0000" catchup-id="1295904235"><title>Saber Vivir</title><date></date><icon src=""></icon><desc></desc><category></category></programme><programme channel="141431590" start="20221120111000 +0000" stop="20221120114000 +0000" catchup-id="1295904241"><title>Rescate</title><date></date><icon src=""></icon><desc></desc><category></category></programme><programme channel="141431590" start="20221120114000 +0000" stop="20221120121000 +0000" catchup-id="1295904247"><title>Turismo Rural En El Mundo</title><date></date><icon src=""></icon><desc></desc><category></category></programme><programme channel="141431590" start="20221120121000 +0000" stop="20221120130000 +0000" catchup-id="1295904253"><title>Documental ( Estreno)</title><date></date><icon src=""></icon><desc></desc><category></category></programme><programme channel="141431590" start="20221120130000 +0000" stop="20221120133000 +0000" catchup-id="1295904259"><title>Flash Moda</title><date></date><icon src=""></icon><desc></desc><category></category></programme><programme channel="141431590" start="20221120133000 +0000" stop="20221120140000 +0000" catchup-id="1295904265"><title>Corazon</title><date></date><icon src=""></icon><desc></desc><category></category></programme><programme channel="141431590" start="20221120140000 +0000" stop="20221120144000 +0000" catchup-id="1295904271"><title>Telediario 1</title><date></date><icon src=""></icon><desc></desc><category></category></programme><programme channel="141431590" start="20221120144000 +0000" stop="20221120150000 +0000" catchup-id="1295904277"><title>Reportaje Informe Semanal 24h (r)</title><date></date><icon src=""></icon><desc></desc><category></category></programme><programme channel="141431590" start="20221120150000 +0000" stop="20221120154500 +0000" catchup-id="1295904283"><title>Saber Y Ganar Fin De Semana</title><date></date><icon src=""></icon><desc></desc><category></category></programme><programme channel="141431590" start="20221120154500 +0000" stop="20221120174500 +0000" catchup-id="1295904289"><title>Duos Increibles</title><date></date><icon src=""></icon><desc></desc><category></category></programme><programme channel="141431590" start="20221120174500 +0000" stop="20221120191500 +0000" catchup-id="1295904295"><title>Lazos De Sangre: El Debate.</title><date></date><icon src=""></icon><desc></desc><category></category></programme><programme channel="141431590" start="20221120191500 +0000" stop="20221120193000 +0000" catchup-id="1295904301"><title>Camara Abierta</title><date></date><icon src=""></icon><desc></desc><category></category></programme><programme channel="141431590" start="20221120193000 +0000" stop="20221120200000 +0000" catchup-id="1295904307"><title>Aqui La Tierra</title><date></date><icon src=""></icon><desc></desc><category></category></programme><programme channel="141431590" start="20221120200000 +0000" stop="20221120210000 +0000" catchup-id="1295904313"><title>Telediario 2</title><date></date><icon src=""></icon><desc></desc><category></category></programme><programme channel="141431590" start="20221120210000 +0000" stop="20221120230000 +0000" catchup-id="1295904319"><title>La Gran Confusion</title><date></date><icon src=""></icon><desc></desc><category></category></programme><programme channel="141431590" start="20221120230000 +0000" stop="20221121000000 +0000" catchup-id="1296245164"><title>Dias De Cine</title><date></date><icon src=""></icon><desc></desc><category></category></programme><programme channel="141431590" start="20221121000000 +0000" stop="20221121005500 +0000" catchup-id="1296245170"><title>Caminos De Santiago Entre El Cielo Y La Tierra</title><date></date><icon src=""></icon><desc></desc><category></category></programme><programme channel="141431590" start="20221121005500 +0000" stop="20221121013000 +0000" catchup-id="1296245176"><title>Metropolis</title><date></date><icon src=""></icon><desc></desc><category></category></programme><programme channel="141431590" start="20221121013000 +0000" stop="20221121043000 +0000" catchup-id="1296245182"><title>Noticias 24 H</title><date></date><icon src=""></icon><desc></desc><category></category></programme><programme channel="141431590" start="20221121043000 +0000" stop="20221121050000 +0000" catchup-id="1296245188"><title>La Aventura Del Saber</title><date></date><icon src=""></icon><desc></desc><category></category></programme><programme channel="141431590" start="20221121050000 +0000" stop="20221121053000 +0000" catchup-id="1299333511"><title>Geen programma-informatie beschikbaar</title><date></date><icon src=""></icon><desc></desc><category></category></programme><programme channel="141431590" start="20221121053000 +0000" stop="20221121070000 +0000" catchup-id="1296245200"><title>Telediario Matinal</title><date></date><icon src=""></icon><desc></desc><category></category></programme><programme channel="141431590" start="20221121070000 +0000" stop="20221121103000 +0000" catchup-id="1296245206"><title>La Hora De La 1</title><date></date><icon src=""></icon><desc></desc><category></category></programme><programme channel="141431590" start="20221121103000 +0000" stop="20221121134500 +0000" catchup-id="1296245212"><title>Hablando Claro</title><date></date><icon src=""></icon><desc></desc><category></category></programme><programme channel="141431590" start="20221121134500 +0000" stop="20221121140000 +0000" catchup-id="1296245218"><title>El Tiempo</title><date></date><icon src=""></icon><desc></desc><category></category></programme><programme channel="141431590" start="20221121140000 +0000" stop="20221121150000 +0000" catchup-id="1296245224"><title>Telediario 1</title><date></date><icon src=""></icon><desc></desc><category></category></programme><programme channel="141431590" start="20221121150000 +0000" stop="20221121154500 +0000" catchup-id="1296245230"><title>Saber Y Ganar</title><date></date><icon src=""></icon><desc></desc><category></category></programme><programme channel="141431590" start="20221121154500 +0000" stop="20221121164000 +0000" catchup-id="1298155362"><title>Servir Y Proteger</title><date></date><icon src=""></icon><desc></desc><category></category></programme><programme channel="141431590" start="20221121164000 +0000" stop="20221121173000 +0000" catchup-id="1296245236"><title>Mercado Central</title><date></date><icon src=""></icon><desc></desc><category></category></programme><programme channel="141431590" start="20221121173000 +0000" stop="20221121182500 +0000" catchup-id="1296245242"><title>El Comodin De La 1</title><date></date><icon src=""></icon><desc></desc><category></category></programme><programme channel="141431590" start="20221121182500 +0000" stop="20221121193000 +0000" catchup-id="1296245248"><title>El Cazador</title><date></date><icon src=""></icon><desc></desc><category></category></programme><programme channel="141431590" start="20221121193000 +0000" stop="20221121200000 +0000" catchup-id="1296245254"><title>Aqui La Tierra</title><date></date><icon src=""></icon><desc></desc><category></category></programme><programme channel="141431590" start="20221121200000 +0000" stop="20221121211000 +0000" catchup-id="1296245260"><title>Telediario 2</title><date></date><icon src=""></icon><desc></desc><category></category></programme><programme channel="141431590" start="20221121211000 +0000" stop="20221121211500 +0000" catchup-id="1296245266"><title>Duos Increibles. Los Mejores Momentos</title><date></date><icon src=""></icon><desc></desc><category></category></programme><programme channel="141431590" start="20221121211500 +0000" stop="20221122004500 +0000" catchup-id="1296245272"><title>Masterchef Celebrity</title><date></date><icon src=""></icon><desc></desc><category></category></programme><programme channel="141431590" start="20221122004500 +0000" stop="20221122024000 +0000" catchup-id="1296680916"><title>La Noche En 24h</title><date></date><icon src=""></icon><desc></desc><category></category></programme><programme channel="141431590" start="20221122024000 +0000" stop="20221122030000 +0000" catchup-id="1298155368"><title>Camara Abierta</title><date></date><icon src=""></icon><desc></desc><category></category></programme><programme channel="141431590" start="20221122030000 +0000" stop="20221122040000 +0000" catchup-id="1296680922"><title>Noticias 24 H</title><date></date><icon src=""></icon><desc></desc><category></category></programme><programme channel="141431590" start="20221122040000 +0000" stop="20221122043000 +0000" catchup-id="1296680928"><title>Culturas 2</title><date></date><icon src=""></icon><desc></desc><category></category></programme><programme channel="141431590" start="20221122043000 +0000" stop="20221122053000 +0000" catchup-id="1296680934"><title>La Aventura Del Saber</title><date></date><icon src=""></icon><desc></desc><category></category></programme><programme channel="141431590" start="20221122053000 +0000" stop="20221122070000 +0000" catchup-id="1296681132"><title>Telediario Matinal</title><date></date><icon src=""></icon><desc></desc><category></category></programme><programme channel="141431590" start="20221122070000 +0000" stop="20221122103000 +0000" catchup-id="1296681138"><title>La Hora De La 1</title><date></date><icon src=""></icon><desc></desc><category></category></programme><programme channel="141431590" start="20221122103000 +0000" stop="20221122134500 +0000" catchup-id="1296681144"><title>Hablando Claro</title><date></date><icon src=""></icon><desc></desc><category></category></programme><programme channel="141431590" start="20221122134500 +0000" stop="20221122140000 +0000" catchup-id="1296681150"><title>El Tiempo</title><date></date><icon src=""></icon><desc></desc><category></category></programme><programme channel="141431590" start="20221122140000 +0000" stop="20221122150000 +0000" catchup-id="1296681156"><title>Telediario 1</title><date></date><icon src=""></icon><desc></desc><category></category></programme><programme channel="141431590" start="20221122150000 +0000" stop="20221122154000 +0000" catchup-id="1296681162"><title>Saber Y Ganar</title><date></date><icon src=""></icon><desc></desc><category></category></programme><programme channel="141431590" start="20221122154000 +0000" stop="20221122163500 +0000" catchup-id="1298155566"><title>Servir Y Proteger</title><date></date><icon src=""></icon><desc></desc><category></category></programme><programme channel="141431590" start="20221122163500 +0000" stop="20221122172000 +0000" catchup-id="1296681168"><title>Mercado Central</title><date></date><icon src=""></icon><desc></desc><category></category></programme><programme channel="141431590" start="20221122172000 +0000" stop="20221122181500 +0000" catchup-id="1296681174"><title>El Comodin De La 1</title><date></date><icon src=""></icon><desc></desc><category></category></programme><programme channel="141431590" start="20221122181500 +0000" stop="20221122193000 +0000" catchup-id="1296681180"><title>El Cazador</title><date></date><icon src=""></icon><desc></desc><category></category></programme><programme channel="141431590" start="20221122193000 +0000" stop="20221122200000 +0000" catchup-id="1296681186"><title>Aqui La Tierra</title><date></date><icon src=""></icon><desc></desc><category></category></programme><programme channel="141431590" start="20221122200000 +0000" stop="20221122205500 +0000" catchup-id="1296681192"><title>Telediario 2</title><date></date><icon src=""></icon><desc></desc><category></category></programme><programme channel="141431590" start="20221122205500 +0000" stop="20221122213500 +0000" catchup-id="1296681198"><title>Mapi</title><date></date><icon src=""></icon><desc></desc><category></category></programme><programme channel="141431590" start="20221122213500 +0000" stop="20221122223500 +0000" catchup-id="1296681204"><title>Sequía</title><date></date><icon src=""></icon><desc></desc><category></category></programme><programme channel="141431590" start="20221122223500 +0000" stop="20221122233500 +0000" catchup-id="1296681210"><title>Encuentros En Rtve</title><date></date><icon src=""></icon><desc></desc><category></category></programme><programme channel="141431590" start="20221122233500 +0000" stop="20221123014000 +0000" catchup-id="1297112193"><title>La Noche En 24h</title><date></date><icon src=""></icon><desc></desc><category></category></programme><programme channel="141431590" start="20221123014000 +0000" stop="20221123020000 +0000" catchup-id="1297112199"><title>Zoom Tendencias</title><date></date><icon src=""></icon><desc></desc><category></category></programme><programme channel="141431590" start="20221123020000 +0000" stop="20221123040000 +0000" catchup-id="1297112205"><title>Noticias 24 H</title><date></date><icon src=""></icon><desc></desc><category></category></programme><programme channel="141431590" start="20221123040000 +0000" stop="20221123043000 +0000" catchup-id="1297112211"><title>Culturas 2</title><date></date><icon src=""></icon><desc></desc><category></category></programme><programme channel="141431590" start="20221123043000 +0000" stop="20221123053000 +0000" catchup-id="1297112217"><title>La Aventura Del Saber</title><date></date><icon src=""></icon><desc></desc><category></category></programme><programme channel="141431590" start="20221123053000 +0000" stop="20221123070000 +0000" catchup-id="1297112223"><title>Telediario Matinal</title><date></date><icon src=""></icon><desc></desc><category></category></programme><programme channel="141431590" start="20221123070000 +0000" stop="20221123103000 +0000" catchup-id="1297112229"><title>La Hora De La 1</title><date></date><icon src=""></icon><desc></desc><category></category></programme><programme channel="141431590" start="20221123103000 +0000" stop="20221123134500 +0000" catchup-id="1297112363"><title>Hablando Claro</title><date></date><icon src=""></icon><desc></desc><category></category></programme><programme channel="141431590" start="20221123134500 +0000" stop="20221123140000 +0000" catchup-id="1297112369"><title>El Tiempo</title><date></date><icon src=""></icon><desc></desc><category></category></programme><programme channel="141431590" start="20221123140000 +0000" stop="20221123144500 +0000" catchup-id="1297112375"><title>Telediario 1</title><date></date><icon src=""></icon><desc></desc><category></category></programme><programme channel="141431590" start="20221123144500 +0000" stop="20221123153000 +0000" catchup-id="1297112381"><title>Saber Y Ganar</title><date></date><icon src=""></icon><desc></desc><category></category></programme><programme channel="141431590" start="20221123153000 +0000" stop="20221123171000 +0000" catchup-id="1298155572"><title>Mercado Central</title><date></date><icon src=""></icon><desc></desc><category></category></programme><programme channel="141431590" start="20221123171000 +0000" stop="20221123180000 +0000" catchup-id="1298155578"><title>Españoles En El Mundo</title><date></date><icon src=""></icon><desc></desc><category></category></programme><programme channel="141431590" start="20221123180000 +0000" stop="20221123182500 +0000" catchup-id="1298155584"><title>Zoom Tendencias</title><date></date><icon src=""></icon><desc></desc><category></category></programme><programme channel="141431590" start="20221123182500 +0000" stop="20221123193000 +0000" catchup-id="1297112387"><title>El Cazador</title><date></date><icon src=""></icon><desc></desc><category></category></programme><programme channel="141431590" start="20221123193000 +0000" stop="20221123200000 +0000" catchup-id="1297112393"><title>Aqui La Tierra</title><date></date><icon src=""></icon><desc></desc><category></category></programme><programme channel="141431590" start="20221123200000 +0000" stop="20221123210000 +0000" catchup-id="1297112399"><title>Telediario 2</title><date></date><icon src=""></icon><desc></desc><category></category></programme><programme channel="141431590" start="20221123210000 +0000" stop="20221123230000 +0000" catchup-id="1298155590"><title>Version Española : La Estrella</title><date></date><icon src=""></icon><desc></desc><category></category></programme><programme channel="141431590" start="20221123230000 +0000" stop="20221124010500 +0000" catchup-id="1297561925"><title>La Noche En 24h</title><date></date><icon src=""></icon><desc></desc><category></category></programme><programme channel="141431590" start="20221124010500 +0000" stop="20221124013000 +0000" catchup-id="1298155596"><title>Zoom Tendencias</title><date></date><icon src=""></icon><desc></desc><category></category></programme><programme channel="141431590" start="20221124013000 +0000" stop="20221124040000 +0000" catchup-id="1297561937"><title>Noticias 24 H</title><date></date><icon src=""></icon><desc></desc><category></category></programme><programme channel="141431590" start="20221124040000 +0000" stop="20221124043000 +0000" catchup-id="1297561943"><title>Culturas 2</title><date></date><icon src=""></icon><desc></desc><category></category></programme><programme channel="141431590" start="20221124043000 +0000" stop="20221124053000 +0000" catchup-id="1297561949"><title>La Aventura Del Saber</title><date></date><icon src=""></icon><desc></desc><category></category></programme><programme channel="141431590" start="20221124053000 +0000" stop="20221124070000 +0000" catchup-id="1297561955"><title>Telediario Matinal</title><date></date><icon src=""></icon><desc></desc><category></category></programme><programme channel="141431590" start="20221124070000 +0000" stop="20221124103000 +0000" catchup-id="1297563177"><title>La Hora De La 1</title><date></date><icon src=""></icon><desc></desc><category></category></programme><programme channel="141431590" start="20221124103000 +0000" stop="20221124134500 +0000" catchup-id="1297563183"><title>Hablando Claro</title><date></date><icon src=""></icon><desc></desc><category></category></programme><programme channel="141431590" start="20221124134500 +0000" stop="20221124140000 +0000" catchup-id="1297563189"><title>El Tiempo</title><date></date><icon src=""></icon><desc></desc><category></category></programme><programme channel="141431590" start="20221124140000 +0000" stop="20221124150000 +0000" catchup-id="1297563195"><title>Telediario 1</title><date></date><icon src=""></icon><desc></desc><category></category></programme><programme channel="141431590" start="20221124150000 +0000" stop="20221124173000 +0000" catchup-id="1297563201"><title>Saber Y Ganar</title><date></date><icon src=""></icon><desc></desc><category></category></programme><programme channel="141431590" start="20221124173000 +0000" stop="20221124180000 +0000" catchup-id="1298155602"><title>Zoom Tendencias</title><date></date><icon src=""></icon><desc></desc><category></category></programme><programme channel="141431590" start="20221124180000 +0000" stop="20221124183000 +0000" catchup-id="1298155608"><title>El Comodin De La 1</title><date></date><icon src=""></icon><desc></desc><category></category></programme><programme channel="141431590" start="20221124183000 +0000" stop="20221124193000 +0000" catchup-id="1297563207"><title>El Cazador</title><date></date><icon src=""></icon><desc></desc><category></category></programme><programme channel="141431590" start="20221124193000 +0000" stop="20221124200000 +0000" catchup-id="1297563213"><title>Aqui La Tierra</title><date></date><icon src=""></icon><desc></desc><category></category></programme><programme channel="141431590" start="20221124200000 +0000" stop="20221124211000 +0000" catchup-id="1297563219"><title>Telediario 2</title><date></date><icon src=""></icon><desc></desc><category></category></programme><programme channel="141431590" start="20221124211000 +0000" stop="20221124214500 +0000" catchup-id="1298155614"><title>Mapi</title><date></date><icon src=""></icon><desc></desc><category></category></programme><programme channel="141431590" start="20221124214500 +0000" stop="20221124234500 +0000" catchup-id="1297563231"><title>Duos Increibles</title><date></date><icon src=""></icon><desc></desc><category></category></programme><programme channel="141431590" start="20221124234500 +0000" stop="20221125002500 +0000" catchup-id="1297978634"><title>En Portada</title><date></date><icon src=""></icon><desc></desc><category></category></programme><programme channel="141431590" start="20221125002500 +0000" stop="20221125022000 +0000" catchup-id="1297978640"><title>La Noche En 24h</title><date></date><icon src=""></icon><desc></desc><category></category></programme><programme channel="141431590" start="20221125022000 +0000" stop="20221125023000 +0000" catchup-id="1298155620"><title>Zoom Net</title><date></date><icon src=""></icon><desc></desc><category></category></programme><programme channel="141431590" start="20221125023000 +0000" stop="20221125040000 +0000" catchup-id="1297978646"><title>Noticias 24 H</title><date></date><icon src=""></icon><desc></desc><category></category></programme><programme channel="141431590" start="20221125040000 +0000" stop="20221125043000 +0000" catchup-id="1297978652"><title>Culturas 2</title><date></date><icon src=""></icon><desc></desc><category></category></programme><programme channel="141431590" start="20221125043000 +0000" stop="20221125053000 +0000" catchup-id="1297978658"><title>Uned</title><date></date><icon src=""></icon><desc></desc><category></category></programme><programme channel="141431590" start="20221125053000 +0000" stop="20221125070000 +0000" catchup-id="1297978664"><title>Telediario Matinal</title><date></date><icon src=""></icon><desc></desc><category></category></programme><programme channel="141431590" start="20221125070000 +0000" stop="20221125103000 +0000" catchup-id="1297978670"><title>La Hora De La 1</title><date></date><icon src=""></icon><desc></desc><category></category></programme><programme channel="141431590" start="20221125103000 +0000" stop="20221125134500 +0000" catchup-id="1297978676"><title>Hablando Claro</title><date></date><icon src=""></icon><desc></desc><category></category></programme><programme channel="141431590" start="20221125134500 +0000" stop="20221125140000 +0000" catchup-id="1297978682"><title>El Tiempo</title><date></date><icon src=""></icon><desc></desc><category></category></programme><programme channel="141431590" start="20221125140000 +0000" stop="20221125150000 +0000" catchup-id="1297978688"><title>Telediario 1</title><date></date><icon src=""></icon><desc></desc><category></category></programme><programme channel="141431590" start="20221125150000 +0000" stop="20221125163500 +0000" catchup-id="1297978694"><title>Saber Y Ganar</title><date></date><icon src=""></icon><desc></desc><category></category></programme><programme channel="141431590" start="20221125163500 +0000" stop="20221125172000 +0000" catchup-id="1297978700"><title>Mercado Central</title><date></date><icon src=""></icon><desc></desc><category></category></programme><programme channel="141431590" start="20221125172000 +0000" stop="20221125182000 +0000" catchup-id="1297978706"><title>El Comodin De La 1</title><date></date><icon src=""></icon><desc></desc><category></category></programme><programme channel="141431590" start="20221125182000 +0000" stop="20221125192000 +0000" catchup-id="1297978712"><title>El Cazador</title><date></date><icon src=""></icon><desc></desc><category></category></programme><programme channel="141431590" start="20221125192000 +0000" stop="20221125200000 +0000" catchup-id="1297978718"><title>Aqui La Tierra</title><date></date><icon src=""></icon><desc></desc><category></category></programme><programme channel="141431590" start="20221125200000 +0000" stop="20221125205500 +0000" catchup-id="1297978724"><title>Telediario 2</title><date></date><icon src=""></icon><desc></desc><category></category></programme><programme channel="141431590" start="20221125205500 +0000" stop="20221125211500 +0000" catchup-id="1297978730"><title>La Suerte En Tus Manos</title><date></date><icon src=""></icon><desc></desc><category></category></programme><programme channel="141431590" start="20221125211500 +0000" stop="20221126010000 +0000" catchup-id="1297978736"><title>Historia De Nuestro Cine</title><date></date><icon src=""></icon><desc></desc><category></category></programme><programme channel="141431590" start="20221126010000 +0000" stop="20221126050000 +0000" catchup-id="1298428199"><title>Noticias 24 H</title><date></date><icon src=""></icon><desc></desc><category></category></programme><programme channel="141431590" start="20221126050000 +0000" stop="20221126060000 +0000" catchup-id="1298428205"><title>Noticias 24 H</title><date></date><icon src=""></icon><desc></desc><category></category></programme><programme channel="141431590" start="20221126060000 +0000" stop="20221126063000 +0000" catchup-id="1298428211"><title>Noticias 24 H</title><date></date><icon src=""></icon><desc></desc><category></category></programme><programme channel="141431590" start="20221126063000 +0000" stop="20221126064500 +0000" catchup-id="1298428217"><title>Emprende</title><date></date><icon src=""></icon><desc></desc><category></category></programme><programme channel="141431590" start="20221126064500 +0000" stop="20221126071500 +0000" catchup-id="1298428223"><title>En Lengua De Signos</title><date></date><icon src=""></icon><desc></desc><category></category></programme><programme channel="141431590" start="20221126071500 +0000" stop="20221126074500 +0000" catchup-id="1298428229"><title>Parlamento</title><date></date><icon src=""></icon><desc></desc><category></category></programme><programme channel="141431590" start="20221126074500 +0000" stop="20221126084000 +0000" catchup-id="1298428235"><title>Infantil</title><date></date><icon src=""></icon><desc></desc><category></category></programme><programme channel="141431590" start="20221126084000 +0000" stop="20221126101000 +0000" catchup-id="1298428241"><title>Programa A Determinar</title><date></date><icon src=""></icon><desc></desc><category></category></programme><programme channel="141431590" start="20221126101000 +0000" stop="20221126104000 +0000" catchup-id="1298428247"><title>Pagina Dos</title><date></date><icon src=""></icon><desc></desc><category></category></programme><programme channel="141431590" start="20221126104000 +0000" stop="20221126113000 +0000" catchup-id="1298428253"><title>Caminos De Santiago Entre El Cielo Y La Tierra</title><date></date><icon src=""></icon><desc></desc><category></category></programme><programme channel="141431590" start="20221126113000 +0000" stop="20221126123000 +0000" catchup-id="1298428259"><title>Comando Actualidad</title><date></date><icon src=""></icon><desc></desc><category></category></programme><programme channel="141431590" start="20221126123000 +0000" stop="20221126130000 +0000" catchup-id="1298428265"><title>Audiencia Abierta</title><date></date><icon src=""></icon><desc></desc><category></category></programme><programme channel="141431590" start="20221126130000 +0000" stop="20221126133000 +0000" catchup-id="1298428271"><title>Viaje Al Centro De La Tele (expres)</title><date></date><icon src=""></icon><desc></desc><category></category></programme><programme channel="141431590" start="20221126133000 +0000" stop="20221126140000 +0000" catchup-id="1298428277"><title>Corazon</title><date></date><icon src=""></icon><desc></desc><category></category></programme><programme channel="141431590" start="20221126140000 +0000" stop="20221126150500 +0000" catchup-id="1298428283"><title>Telediario 1</title><date></date><icon src=""></icon><desc></desc><category></category></programme><programme channel="141431590" start="20221126150500 +0000" stop="20221126155000 +0000" catchup-id="1298428289"><title>Saber Y Ganar Fin De Semana</title><date></date><icon src=""></icon><desc></desc><category></category></programme><programme channel="141431590" start="20221126155000 +0000" stop="20221126191500 +0000" catchup-id="1298428295"><title>Masterchef Celebrity</title><date></date><icon src=""></icon><desc></desc><category></category></programme><programme channel="141431590" start="20221126191500 +0000" stop="20221126200000 +0000" catchup-id="1298428301"><title>Viaje Al Centro De La Tele</title><date></date><icon src=""></icon><desc></desc><category></category></programme><programme channel="141431590" start="20221126200000 +0000" stop="20221126203000 +0000" catchup-id="1298428307"><title>Telediario 2</title><date></date><icon src=""></icon><desc></desc><category></category></programme><programme channel="141431590" start="20221126203000 +0000" stop="20221126210000 +0000" catchup-id="1298428313"><title>Informe Semanal</title><date></date><icon src=""></icon><desc></desc><category></category></programme><programme channel="141431590" start="20221126210000 +0000" stop="20221126231500 +0000" catchup-id="1298428319"><title>Comando Actualidad</title><date></date><icon src=""></icon><desc></desc><category></category></programme><programme channel="141431590" start="20221126231500 +0000" stop="20221126234500 +0000" catchup-id="1298827347"><title>Atencion Obras</title><date></date><icon src=""></icon><desc></desc><category></category></programme><programme channel="141431590" start="20221126234500 +0000" stop="20221127001500 +0000" catchup-id="1298827353"><title>Repor</title><date></date><icon src=""></icon><desc></desc><category></category></programme><programme channel="141431590" start="20221127001500 +0000" stop="20221127005500 +0000" catchup-id="1298827359"><title>Tendido Cero</title><date></date><icon src=""></icon><desc></desc><category></category></programme><programme channel="141431590" start="20221127005500 +0000" stop="20221127013000 +0000" catchup-id="1298827365"><title>Zoom Tendencias</title><date></date><icon src=""></icon><desc></desc><category></category></programme><programme channel="141431590" start="20221127013000 +0000" stop="20221127020000 +0000" catchup-id="1298827371"><title>Informe Semanal</title><date></date><icon src=""></icon><desc></desc><category></category></programme><programme channel="141431590" start="20221127020000 +0000" stop="20221127050000 +0000" catchup-id="1298827377"><title>Noticias 24 H</title><date></date><icon src=""></icon><desc></desc><category></category></programme><programme channel="141431590" start="20221127050000 +0000" stop="20221127060000 +0000" catchup-id="1298827383"><title>Noticias 24 H</title><date></date><icon src=""></icon><desc></desc><category></category></programme><programme channel="141431590" start="20221127060000 +0000" stop="20221127061500 +0000" catchup-id="1298827389"><title>Medina En Tve</title><date></date><icon src=""></icon><desc></desc><category></category></programme><programme channel="141431590" start="20221127061500 +0000" stop="20221127063000 +0000" catchup-id="1298827395"><title>Buenas Noticias Tv</title><date></date><icon src=""></icon><desc></desc><category></category></programme><programme channel="141431590" start="20221127063000 +0000" stop="20221127064500 +0000" catchup-id="1298827401"><title>Shalom</title><date></date><icon src=""></icon><desc></desc><category></category></programme><programme channel="141431590" start="20221127064500 +0000" stop="20221127071000 +0000" catchup-id="1298827407"><title>Últimas Preguntas</title><date></date><icon src=""></icon><desc></desc><category></category></programme><programme channel="141431590" start="20221127071000 +0000" stop="20221127071500 +0000" catchup-id="1298827413"><title>Testimonio</title><date></date><icon src=""></icon><desc></desc><category></category></programme><programme channel="141431590" start="20221127071500 +0000" stop="20221127074500 +0000" catchup-id="1298827419"><title>Pueblo De Dios</title><date></date><icon src=""></icon><desc></desc><category></category></programme><programme channel="141431590" start="20221127074500 +0000" stop="20221127081500 +0000" catchup-id="1298827425"><title>Infantil</title><date></date><icon src=""></icon><desc></desc><category></category></programme><programme channel="141431590" start="20221127081500 +0000" stop="20221127085000 +0000" catchup-id="1298827431"><title>Objetivo Igualdad</title><date></date><icon src=""></icon><desc></desc><category></category></programme><programme channel="141431590" start="20221127085000 +0000" stop="20221127091500 +0000" catchup-id="1298827437"><title>El Escarabajo Verde</title><date></date><icon src=""></icon><desc></desc><category></category></programme><programme channel="141431590" start="20221127091500 +0000" stop="20221127095000 +0000" catchup-id="1298827443"><title>Rtve Responde</title><date></date><icon src=""></icon><desc></desc><category></category></programme><programme channel="141431590" start="20221127095000 +0000" stop="20221127102000 +0000" catchup-id="1298827449"><title>Un Pais Para Leerlo</title><date></date><icon src=""></icon><desc></desc><category></category></programme><programme channel="141431590" start="20221127102000 +0000" stop="20221127111500 +0000" catchup-id="1298827455"><title>Saber Vivir</title><date></date><icon src=""></icon><desc></desc><category></category></programme><programme channel="141431590" start="20221127111500 +0000" stop="20221127114500 +0000" catchup-id="1298827461"><title>Rescate</title><date></date><icon src=""></icon><desc></desc><category></category></programme><programme channel="141431590" start="20221127114500 +0000" stop="20221127122000 +0000" catchup-id="1298827467"><title>Turismo Rural En El Mundo</title><date></date><icon src=""></icon><desc></desc><category></category></programme><programme channel="141431590" start="20221127122000 +0000" stop="20221127130000 +0000" catchup-id="1298827473"><title>Programa A Determinar</title><date></date><icon src=""></icon><desc></desc><category></category></programme><programme channel="141431590" start="20221127130000 +0000" stop="20221127133000 +0000" catchup-id="1298827479"><title>Flash Moda</title><date></date><icon src=""></icon><desc></desc><category></category></programme><programme channel="141431590" start="20221127133000 +0000" stop="20221127140000 +0000" catchup-id="1298827485"><title>Corazon</title><date></date><icon src=""></icon><desc></desc><category></category></programme><programme channel="141431590" start="20221127140000 +0000" stop="20221127150500 +0000" catchup-id="1298827491"><title>Telediario 1</title><date></date><icon src=""></icon><desc></desc><category></category></programme><programme channel="141431590" start="20221127150500 +0000" stop="20221127155000 +0000" catchup-id="1298827497"><title>Saber Y Ganar Fin De Semana</title><date></date><icon src=""></icon><desc></desc><category></category></programme><programme channel="141431590" start="20221127155000 +0000" stop="20221127175000 +0000" catchup-id="1298827503"><title>Duos Increibles</title><date></date><icon src=""></icon><desc></desc><category></category></programme><programme channel="141431590" start="20221127175000 +0000" stop="20221127185500 +0000" catchup-id="1298827509"><title>Españoles En El Mundo</title><date></date><icon src=""></icon><desc></desc><category></category></programme><programme channel="141431590" start="20221127185500 +0000" stop="20221127192500 +0000" catchup-id="1298827515"><title>Zoom Tendencias</title><date></date><icon src=""></icon><desc></desc><category></category></programme><programme channel="141431590" start="20221127192500 +0000" stop="20221127200000 +0000" catchup-id="1298827521"><title>Viaje Al Centro De La Tele (expres)</title><date></date><icon src=""></icon><desc></desc><category></category></programme><programme channel="141431590" start="20221127200000 +0000" stop="20221127203000 +0000" catchup-id="1298827527"><title>Noticias 24 H</title><date></date><icon src=""></icon><desc></desc><category></category></programme><programme channel="141431590" start="20221127203000 +0000" stop="20221127210000 +0000" catchup-id="1298827533"><title>Reportaje Informe Semanal 24h (r)</title><date></date><icon src=""></icon><desc></desc><category></category></programme><programme channel="141431590" start="20221127210000 +0000" stop="20221127230500 +0000" catchup-id="1298827539"><title>La Gran Confusion</title><date></date><icon src=""></icon><desc></desc><category></category></programme><programme channel="141431590" start="20221127230500 +0000" stop="20221127234500 +0000" catchup-id="1299189612"><title>Viaje Al Centro De La Tele</title><date></date><icon src=""></icon><desc></desc><category></category></programme><programme channel="141431590" start="20221127234500 +0000" stop="20221128003500 +0000" catchup-id="1299189618"><title>Caminos De Santiago Entre El Cielo Y La Tierra</title><date></date><icon src=""></icon><desc></desc><category></category></programme><programme channel="141431590" start="20221128003500 +0000" stop="20221128010500 +0000" catchup-id="1299189624"><title>Metropolis</title><date></date><icon src=""></icon><desc></desc><category></category></programme><programme channel="141431590" start="20221128010500 +0000" stop="20221128013000 +0000" catchup-id="1299189630"><title>Zoom Tendencias</title><date></date><icon src=""></icon><desc></desc><category></category></programme><programme channel="141431590" start="20221128013000 +0000" stop="20221128043000 +0000" catchup-id="1299189636"><title>Noticias 24 H</title><date></date><icon src=""></icon><desc></desc><category></category></programme><programme channel="141431590" start="20221128043000 +0000" stop="20221128050000 +0000" catchup-id="1299189642"><title>La Aventura Del Saber</title><date></date><icon src=""></icon><desc></desc><category></category></programme><programme channel="141431590" start="20221128050000 +0000" stop="20221128053000 +0000" catchup-id="1301313090"><title>Geen programma-informatie beschikbaar</title><date></date><icon src=""></icon><desc></desc><category></category></programme><programme channel="141431590" start="20221128053000 +0000" stop="20221128070000 +0000" catchup-id="1299189654"><title>Telediario Matinal</title><date></date><icon src=""></icon><desc></desc><category></category></programme><programme channel="141431590" start="20221128070000 +0000" stop="20221128103000 +0000" catchup-id="1299189660"><title>La Hora De La 1</title><date></date><icon src=""></icon><desc></desc><category></category></programme><programme channel="141431590" start="20221128103000 +0000" stop="20221128134500 +0000" catchup-id="1299189666"><title>Hablando Claro</title><date></date><icon src=""></icon><desc></desc><category></category></programme><programme channel="141431590" start="20221128134500 +0000" stop="20221128140000 +0000" catchup-id="1299189672"><title>El Tiempo</title><date></date><icon src=""></icon><desc></desc><category></category></programme><programme channel="141431590" start="20221128140000 +0000" stop="20221128150500 +0000" catchup-id="1299189678"><title>Telediario 1</title><date></date><icon src=""></icon><desc></desc><category></category></programme><programme channel="141431590" start="20221128150500 +0000" stop="20221128155000 +0000" catchup-id="1299189684"><title>Saber Y Ganar</title><date></date><icon src=""></icon><desc></desc><category></category></programme><programme channel="141431590" start="20221128155000 +0000" stop="20221128165000 +0000" catchup-id="1301040209"><title>Servir Y Proteger</title><date></date><icon src=""></icon><desc></desc><category></category></programme><programme channel="141431590" start="20221128165000 +0000" stop="20221128171500 +0000" catchup-id="1299189690"><title>Mercado Central</title><date></date><icon src=""></icon><desc></desc><category></category></programme><programme channel="141431590" start="20221128171500 +0000" stop="20221128173000 +0000" catchup-id="1301040215"><title>Zoom Net</title><date></date><icon src=""></icon><desc></desc><category></category></programme><programme channel="141431590" start="20221128173000 +0000" stop="20221128182500 +0000" catchup-id="1299189696"><title>El Comodin De La 1</title><date></date><icon src=""></icon><desc></desc><category></category></programme><programme channel="141431590" start="20221128182500 +0000" stop="20221128193000 +0000" catchup-id="1299189702"><title>El Cazador</title><date></date><icon src=""></icon><desc></desc><category></category></programme><programme channel="141431590" start="20221128193000 +0000" stop="20221128200000 +0000" catchup-id="1299189708"><title>Aqui La Tierra</title><date></date><icon src=""></icon><desc></desc><category></category></programme><programme channel="141431590" start="20221128200000 +0000" stop="20221128211000 +0000" catchup-id="1299189714"><title>Telediario 2</title><date></date><icon src=""></icon><desc></desc><category></category></programme><programme channel="141431590" start="20221128211000 +0000" stop="20221128211500 +0000" catchup-id="1299189720"><title>Duos Increibles. Los Mejores Momentos</title><date></date><icon src=""></icon><desc></desc><category></category></programme><programme channel="141431590" start="20221128211500 +0000" stop="20221128235000 +0000" catchup-id="1299189726"><title>Masterchef Celebrity</title><date></date><icon src=""></icon><desc></desc><category></category></programme><programme channel="141431590" start="20221128235000 +0000" stop="20221129014500 +0000" catchup-id="1299595391"><title>La Noche En 24h</title><date></date><icon src=""></icon><desc></desc><category></category></programme><programme channel="141431590" start="20221129014500 +0000" stop="20221129040000 +0000" catchup-id="1299595397"><title>Noticias 24 H</title><date></date><icon src=""></icon><desc></desc><category></category></programme><programme channel="141431590" start="20221129040000 +0000" stop="20221129043000 +0000" catchup-id="1299595403"><title>Culturas 2</title><date></date><icon src=""></icon><desc></desc><category></category></programme><programme channel="141431590" start="20221129043000 +0000" stop="20221129053000 +0000" catchup-id="1299595409"><title>La Aventura Del Saber</title><date></date><icon src=""></icon><desc></desc><category></category></programme><programme channel="141431590" start="20221129053000 +0000" stop="20221129070000 +0000" catchup-id="1299595415"><title>Telediario Matinal</title><date></date><icon src=""></icon><desc></desc><category></category></programme><programme channel="141431590" start="20221129070000 +0000" stop="20221129103000 +0000" catchup-id="1299595421"><title>La Hora De La 1</title><date></date><icon src=""></icon><desc></desc><category></category></programme><programme channel="141431590" start="20221129103000 +0000" stop="20221129134500 +0000" catchup-id="1301040221"><title>Hablando Claro</title><date></date><icon src=""></icon><desc></desc><category></category></programme><programme channel="141431590" start="20221129134500 +0000" stop="20221129140000 +0000" catchup-id="1299595427"><title>El Tiempo</title><date></date><icon src=""></icon><desc></desc><category></category></programme><programme channel="141431590" start="20221129140000 +0000" stop="20221129150500 +0000" catchup-id="1299595433"><title>Telediario 1</title><date></date><icon src=""></icon><desc></desc><category></category></programme><programme channel="141431590" start="20221129150500 +0000" stop="20221129155000 +0000" catchup-id="1299595439"><title>Saber Y Ganar</title><date></date><icon src=""></icon><desc></desc><category></category></programme><programme channel="141431590" start="20221129155000 +0000" stop="20221129164500 +0000" catchup-id="1301040227"><title>Servir Y Proteger</title><date></date><icon src=""></icon><desc></desc><category></category></programme><programme channel="141431590" start="20221129164500 +0000" stop="20221129180500 +0000" catchup-id="1299595445"><title>Mercado Central</title><date></date><icon src=""></icon><desc></desc><category></category></programme><programme channel="141431590" start="20221129180500 +0000" stop="20221129190000 +0000" catchup-id="1299595451"><title>El Comodin De La 1</title><date></date><icon src=""></icon><desc></desc><category></category></programme><programme channel="141431590" start="20221129190000 +0000" stop="20221129200000 +0000" catchup-id="1301041257"><title>El Cazador</title><date></date><icon src=""></icon><desc></desc><category></category></programme><programme channel="141431590" start="20221129200000 +0000" stop="20221129203000 +0000" catchup-id="1299595457"><title>Noticias 24 H</title><date></date><icon src=""></icon><desc></desc><category></category></programme><programme channel="141431590" start="20221129203000 +0000" stop="20221129204000 +0000" catchup-id="1301041263"><title>Reportaje Informe Semanal 24h (r)</title><date></date><icon src=""></icon><desc></desc><category></category></programme><programme channel="141431590" start="20221129204000 +0000" stop="20221129211500 +0000" catchup-id="1299595469"><title>Mapi</title><date></date><icon src=""></icon><desc></desc><category></category></programme><programme channel="141431590" start="20221129211500 +0000" stop="20221129224500 +0000" catchup-id="1301041269"><title>Masterchef Celebrity</title><date></date><icon src=""></icon><desc></desc><category></category></programme><programme channel="141431590" start="20221129224500 +0000" stop="20221130001500 +0000" catchup-id="1301041275"><title>Masterchef Celebrity. Sensaciones</title><date></date><icon src=""></icon><desc></desc><category></category></programme><programme channel="141431590" start="20221130001500 +0000" stop="20221130023000 +0000" catchup-id="1300014900"><title>La Noche En 24h</title><date></date><icon src=""></icon><desc></desc><category></category></programme><programme channel="141431590" start="20221130023000 +0000" stop="20221130040000 +0000" catchup-id="1300014912"><title>Noticias 24 H</title><date></date><icon src=""></icon><desc></desc><category></category></programme><programme channel="141431590" start="20221130040000 +0000" stop="20221130043000 +0000" catchup-id="1300014918"><title>Culturas 2</title><date></date><icon src=""></icon><desc></desc><category></category></programme><programme channel="141431590" start="20221130043000 +0000" stop="20221130053000 +0000" catchup-id="1300014924"><title>La Aventura Del Saber</title><date></date><icon src=""></icon><desc></desc><category></category></programme><programme channel="141431590" start="20221130053000 +0000" stop="20221130070000 +0000" catchup-id="1300014930"><title>Telediario Matinal</title><date></date><icon src=""></icon><desc></desc><category></category></programme><programme channel="141431590" start="20221130070000 +0000" stop="20221130103000 +0000" catchup-id="1300014936"><title>La Hora De La 1</title><date></date><icon src=""></icon><desc></desc><category></category></programme><programme channel="141431590" start="20221130103000 +0000" stop="20221130134500 +0000" catchup-id="1301041281"><title>Hablando Claro</title><date></date><icon src=""></icon><desc></desc><category></category></programme><programme channel="141431590" start="20221130134500 +0000" stop="20221130140000 +0000" catchup-id="1300014942"><title>El Tiempo</title><date></date><icon src=""></icon><desc></desc><category></category></programme><programme channel="141431590" start="20221130140000 +0000" stop="20221130150500 +0000" catchup-id="1300014948"><title>Telediario 1</title><date></date><icon src=""></icon><desc></desc><category></category></programme><programme channel="141431590" start="20221130150500 +0000" stop="20221130155000 +0000" catchup-id="1300014954"><title>Saber Y Ganar</title><date></date><icon src=""></icon><desc></desc><category></category></programme><programme channel="141431590" start="20221130155000 +0000" stop="20221130164500 +0000" catchup-id="1301041287"><title>Servir Y Proteger</title><date></date><icon src=""></icon><desc></desc><category></category></programme><programme channel="141431590" start="20221130164500 +0000" stop="20221130180000 +0000" catchup-id="1300014960"><title>Mercado Central</title><date></date><icon src=""></icon><desc></desc><category></category></programme><programme channel="141431590" start="20221130180000 +0000" stop="20221130185500 +0000" catchup-id="1300014966"><title>El Comodin De La 1</title><date></date><icon src=""></icon><desc></desc><category></category></programme><programme channel="141431590" start="20221130185500 +0000" stop="20221130200000 +0000" catchup-id="1301041293"><title>El Cazador</title><date></date><icon src=""></icon><desc></desc><category></category></programme><programme channel="141431590" start="20221130200000 +0000" stop="20221130203000 +0000" catchup-id="1300014972"><title>Noticias 24 H</title><date></date><icon src=""></icon><desc></desc><category></category></programme><programme channel="141431590" start="20221130203000 +0000" stop="20221130211000 +0000" catchup-id="1301041299"><title>Mapi</title><date></date><icon src=""></icon><desc></desc><category></category></programme><programme channel="141431590" start="20221130211000 +0000" stop="20221130224500 +0000" catchup-id="1301041305"><title>Cuatro Estaciones En La Habana (estreno)</title><date></date><icon src=""></icon><desc></desc><category></category></programme><programme channel="141431590" start="20221130224500 +0000" stop="20221201010000 +0000" catchup-id="1300422144"><title>La Noche En 24h</title><date></date><icon src=""></icon><desc></desc><category></category></programme><programme channel="141431590" start="20221201010000 +0000" stop="20221201040000 +0000" catchup-id="1300422156"><title>Noticias 24 H</title><date></date><icon src=""></icon><desc></desc><category></category></programme><programme channel="141431590" start="20221201040000 +0000" stop="20221201043000 +0000" catchup-id="1300422162"><title>Culturas 2</title><date></date><icon src=""></icon><desc></desc><category></category></programme><programme channel="141431590" start="20221201043000 +0000" stop="20221201053000 +0000" catchup-id="1300422168"><title>La Aventura Del Saber</title><date></date><icon src=""></icon><desc></desc><category></category></programme><programme channel="141431590" start="20221201053000 +0000" stop="20221201070000 +0000" catchup-id="1300422174"><title>Telediario Matinal</title><date></date><icon src=""></icon><desc></desc><category></category></programme><programme channel="141431590" start="20221201070000 +0000" stop="20221201103000 +0000" catchup-id="1300422180"><title>La Hora De La 1</title><date></date><icon src=""></icon><desc></desc><category></category></programme><programme channel="141431590" start="20221201103000 +0000" stop="20221201134500 +0000" catchup-id="1300422186"><title>Hablando Claro</title><date></date><icon src=""></icon><desc></desc><category></category></programme><programme channel="141431590" start="20221201134500 +0000" stop="20221201140000 +0000" catchup-id="1300422192"><title>El Tiempo</title><date></date><icon src=""></icon><desc></desc><category></category></programme><programme channel="141431590" start="20221201140000 +0000" stop="20221201150500 +0000" catchup-id="1300422198"><title>Telediario 1</title><date></date><icon src=""></icon><desc></desc><category></category></programme><programme channel="141431590" start="20221201150500 +0000" stop="20221201173000 +0000" catchup-id="1300422204"><title>Saber Y Ganar</title><date></date><icon src=""></icon><desc></desc><category></category></programme><programme channel="141431590" start="20221201173000 +0000" stop="20221201182500 +0000" catchup-id="1300422210"><title>El Comodin De La 1</title><date></date><icon src=""></icon><desc></desc><category></category></programme><programme channel="141431590" start="20221201182500 +0000" stop="20221201200000 +0000" catchup-id="1301041311"><title>Españoles En El Mundo</title><date></date><icon src=""></icon><desc></desc><category></category></programme><programme channel="141431590" start="20221201200000 +0000" stop="20221201203000 +0000" catchup-id="1300422216"><title>Noticias 24 H</title><date></date><icon src=""></icon><desc></desc><category></category></programme><programme channel="141431590" start="20221201203000 +0000" stop="20221201205000 +0000" catchup-id="1301041317"><title>Reportaje Informe Semanal 24h (r)</title><date></date><icon src=""></icon><desc></desc><category></category></programme><programme channel="141431590" start="20221201205000 +0000" stop="20221201213000 +0000" catchup-id="1300422228"><title>Mapi</title><date></date><icon src=""></icon><desc></desc><category></category></programme><programme channel="141431590" start="20221201213000 +0000" stop="20221201233000 +0000" catchup-id="1300422234"><title>Duos Increibles</title><date></date><icon src=""></icon><desc></desc><category></category></programme><programme channel="141431590" start="20221201233000 +0000" stop="20221202003000 +0000" catchup-id="1301041323"><title>Imprescindibles (estreno)</title><date></date><icon src=""></icon><desc></desc><category></category></programme><programme channel="141431590" start="20221202003000 +0000" stop="20221202022500 +0000" catchup-id="1300846142"><title>La Noche En 24h</title><date></date><icon src=""></icon><desc></desc><category></category></programme><programme channel="141431590" start="20221202022500 +0000" stop="20221202040000 +0000" catchup-id="1300846148"><title>Noticias 24 H</title><date></date><icon src=""></icon><desc></desc><category></category></programme><programme channel="141431590" start="20221202040000 +0000" stop="20221202043000 +0000" catchup-id="1300846154"><title>Culturas 2</title><date></date><icon src=""></icon><desc></desc><category></category></programme><programme channel="141431590" start="20221202043000 +0000" stop="20221202053000 +0000" catchup-id="1300846160"><title>Uned</title><date></date><icon src=""></icon><desc></desc><category></category></programme><programme channel="141431590" start="20221202053000 +0000" stop="20221202070000 +0000" catchup-id="1300846166"><title>Telediario Matinal</title><date></date><icon src=""></icon><desc></desc><category></category></programme><programme channel="141431590" start="20221202070000 +0000" stop="20221202103000 +0000" catchup-id="1300846172"><title>La Hora De La 1</title><date></date><icon src=""></icon><desc></desc><category></category></programme><programme channel="141431590" start="20221202103000 +0000" stop="20221202134500 +0000" catchup-id="1300846178"><title>Hablando Claro</title><date></date><icon src=""></icon><desc></desc><category></category></programme><programme channel="141431590" start="20221202134500 +0000" stop="20221202140000 +0000" catchup-id="1300846184"><title>El Tiempo</title><date></date><icon src=""></icon><desc></desc><category></category></programme><programme channel="141431590" start="20221202140000 +0000" stop="20221202150500 +0000" catchup-id="1300846190"><title>Telediario 1</title><date></date><icon src=""></icon><desc></desc><category></category></programme><programme channel="141431590" start="20221202150500 +0000" stop="20221202165000 +0000" catchup-id="1300846196"><title>Saber Y Ganar</title><date></date><icon src=""></icon><desc></desc><category></category></programme><programme channel="141431590" start="20221202165000 +0000" stop="20221202174500 +0000" catchup-id="1300846202"><title>Mercado Central</title><date></date><icon src=""></icon><desc></desc><category></category></programme><programme channel="141431590" start="20221202174500 +0000" stop="20221202184000 +0000" catchup-id="1300846208"><title>El Comodin De La 1</title><date></date><icon src=""></icon><desc></desc><category></category></programme><programme channel="141431590" start="20221202184000 +0000" stop="20221202194500 +0000" catchup-id="1301041329"><title>El Cazador</title><date></date><icon src=""></icon><desc></desc><category></category></programme><programme channel="141431590" start="20221202194500 +0000" stop="20221202200000 +0000" catchup-id="1301041335"><title>Camara Abierta</title><date></date><icon src=""></icon><desc></desc><category></category></programme><programme channel="141431590" start="20221202200000 +0000" stop="20221202203000 +0000" catchup-id="1300846214"><title>Noticias 24 H</title><date></date><icon src=""></icon><desc></desc><category></category></programme><programme channel="141431590" start="20221202203000 +0000" stop="20221202210000 +0000" catchup-id="1300846220"><title>Viaje Al Centro De La Tele (expres)</title><date></date><icon src=""></icon><desc></desc><category></category></programme><programme channel="141431590" start="20221202210000 +0000" stop="20221202211500 +0000" catchup-id="1300846226"><title>La Suerte En Tus Manos</title><date></date><icon src=""></icon><desc></desc><category></category></programme><programme channel="141431590" start="20221202211500 +0000" stop="20221203010000 +0000" catchup-id="1300846232"><title>Historia De Nuestro Cine</title><date></date><icon src=""></icon><desc></desc><category></category></programme><programme channel="141431590" start="20221203010000 +0000" stop="20221203050000 +0000" catchup-id="1301313096"><title>Noticias 24 H</title><date></date><icon src=""></icon><desc></desc><category></category></programme><programme channel="141431590" start="20221203050000 +0000" stop="20221203060000 +0000" catchup-id="1301313102"><title>Noticias 24 H</title><date></date><icon src=""></icon><desc></desc><category></category></programme><programme channel="141431590" start="20221203060000 +0000" stop="20221203063000 +0000" catchup-id="1301313108"><title>Para Todos La 2</title><date></date><icon src=""></icon><desc></desc><category></category></programme><programme channel="141431590" start="20221203063000 +0000" stop="20221203064500 +0000" catchup-id="1301313114"><title>Emprende</title><date></date><icon src=""></icon><desc></desc><category></category></programme><programme channel="141431590" start="20221203064500 +0000" stop="20221203071500 +0000" catchup-id="1301313120"><title>En Lengua De Signos</title><date></date><icon src=""></icon><desc></desc><category></category></programme><programme channel="141431590" start="20221203071500 +0000" stop="20221203074500 +0000" catchup-id="1301313126"><title>Parlamento</title><date></date><icon src=""></icon><desc></desc><category></category></programme><programme channel="141431590" start="20221203074500 +0000" stop="20221203082000 +0000" catchup-id="1301313196"><title>Infantil</title><date></date><icon src=""></icon><desc></desc><category></category></programme><programme channel="141431590" start="20221203082000 +0000" stop="20221203085000 +0000" catchup-id="1301313202"><title>¡qué Animal! (nueva Temporada)</title><date></date><icon src=""></icon><desc></desc><category></category></programme><programme channel="141431590" start="20221203085000 +0000" stop="20221203092000 +0000" catchup-id="1301313208"><title>Pagina Dos</title><date></date><icon src=""></icon><desc></desc><category></category></programme><programme channel="141431590" start="20221203092000 +0000" stop="20221203101500 +0000" catchup-id="1301313214"><title>Caminos De Santiago Entre El Cielo Y La Tierra</title><date></date><icon src=""></icon><desc></desc><category></category></programme><programme channel="141431590" start="20221203101500 +0000" stop="20221203123000 +0000" catchup-id="1301313220"><title>Comando Actualidad</title><date></date><icon src=""></icon><desc></desc><category></category></programme><programme channel="141431590" start="20221203123000 +0000" stop="20221203130000 +0000" catchup-id="1301313226"><title>Audiencia Abierta</title><date></date><icon src=""></icon><desc></desc><category></category></programme><programme channel="141431590" start="20221203130000 +0000" stop="20221203133000 +0000" catchup-id="1301313232"><title>Viaje Al Centro De La Tele: Grandes Éxitos.</title><date></date><icon src=""></icon><desc></desc><category></category></programme><programme channel="141431590" start="20221203133000 +0000" stop="20221203140000 +0000" catchup-id="1301313238"><title>Corazon</title><date></date><icon src=""></icon><desc></desc><category></category></programme><programme channel="141431590" start="20221203140000 +0000" stop="20221203150500 +0000" catchup-id="1301313244"><title>Telediario 1</title><date></date><icon src=""></icon><desc></desc><category></category></programme><programme channel="141431590" start="20221203150500 +0000" stop="20221203155000 +0000" catchup-id="1301313250"><title>Saber Y Ganar Fin De Semana</title><date></date><icon src=""></icon><desc></desc><category></category></programme><programme channel="141431590" start="20221203155000 +0000" stop="20221203182000 +0000" catchup-id="1301313256"><title>Masterchef Celebrity</title><date></date><icon src=""></icon><desc></desc><category></category></programme>