<programme channel="141431450" start="20221119050000 +0000" stop="20221119060000 +0000" catchup-id="1295462569"><title>New</title><date></date><icon src="https://t-mobiletv.nl:443/CPS/images/universal/film/program/202211/20221112/44/20221112090040513t9y.jpg"></icon><desc></desc><category></category></programme><programme channel="141431450" start="20221119060000 +0000" stop="20221119070000 +0000" catchup-id="1295462575"><title>Weekend Vibes</title><date></date><icon src="https://t-mobiletv.nl:443/CPS/images/universal/film/program/202211/20221112/47/20221112090040513kec.jpg"></icon><desc></desc><category></category></programme><programme channel="141431450" start="20221119070000 +0000" stop="20221119080000 +0000" catchup-id="1295462581"><title>Weekend Vibes</title><date></date><icon src="https://t-mobiletv.nl:443/CPS/images/universal/film/program/202211/20221112/33/20221112090040513l4q.jpg"></icon><desc></desc><category></category></programme><programme channel="141431450" start="20221119080000 +0000" stop="20221119110000 +0000" catchup-id="1295462587"><title>Sunny Vibes</title><date></date><icon src="https://t-mobiletv.nl:443/CPS/images/universal/film/program/202211/20221112/38/202211120900405132js.jpg"></icon><desc></desc><category></category></programme><programme channel="141431450" start="20221119110000 +0000" stop="20221119124500 +0000" catchup-id="1295462593"><title>Hit 30</title><date></date><icon src="https://t-mobiletv.nl:443/CPS/images/universal/film/program/202211/20221112/95/20221112090040513920.jpg"></icon><desc></desc><category></category></programme><programme channel="141431450" start="20221119124500 +0000" stop="20221119130000 +0000" catchup-id="1295462599"><title>Hits Non Stop</title><date></date><icon src="https://t-mobiletv.nl:443/CPS/images/universal/film/program/202211/20221112/53/20221112090040513vgh.jpg"></icon><desc></desc><category></category></programme><programme channel="141431450" start="20221119130000 +0000" stop="20221119140000 +0000" catchup-id="1295462605"><title>Rewind</title><date></date><icon src="https://t-mobiletv.nl:443/CPS/images/universal/film/program/202211/20221112/94/20221112090040513jiv.jpg"></icon><desc></desc><category></category></programme><programme channel="141431450" start="20221119140000 +0000" stop="20221119150000 +0000" catchup-id="1295462611"><title>100% Ladies</title><date></date><icon src="https://t-mobiletv.nl:443/CPS/images/universal/film/program/202211/20221112/77/202211120900405134ab.jpg"></icon><desc></desc><category></category></programme><programme channel="141431450" start="20221119150000 +0000" stop="20221119160000 +0000" catchup-id="1295462617"><title>Weekend Vibes</title><date></date><icon src="https://t-mobiletv.nl:443/CPS/images/universal/film/program/202211/20221112/95/20221112090040513vd6.jpg"></icon><desc></desc><category></category></programme><programme channel="141431450" start="20221119160000 +0000" stop="20221119170000 +0000" catchup-id="1295462623"><title>Weekend Vibes</title><date></date><icon src="https://t-mobiletv.nl:443/CPS/images/universal/film/program/202211/20221112/99/202211120900405135p9.jpg"></icon><desc></desc><category></category></programme><programme channel="141431450" start="20221119170000 +0000" stop="20221119180000 +0000" catchup-id="1295462629"><title>Weekend Vibes</title><date></date><icon src="https://t-mobiletv.nl:443/CPS/images/universal/film/program/202211/20221112/57/20221112090040514d0g.jpg"></icon><desc></desc><category></category></programme><programme channel="141431450" start="20221119180000 +0000" stop="20221119184500 +0000" catchup-id="1295462635"><title>Us Hit</title><date></date><icon src="https://t-mobiletv.nl:443/CPS/images/universal/film/program/202211/20221112/29/20221112090040514jxn.jpg"></icon><desc></desc><category></category></programme><programme channel="141431450" start="20221119184500 +0000" stop="20221119191500 +0000" catchup-id="1295462641"><title>Hits Non Stop</title><date></date><icon src="https://t-mobiletv.nl:443/CPS/images/universal/film/program/202211/20221112/65/20221112090040514bz7.jpg"></icon><desc></desc><category></category></programme><programme channel="141431450" start="20221119191500 +0000" stop="20221119200000 +0000" catchup-id="1295462647"><title>Hit 10</title><date></date><icon src="https://t-mobiletv.nl:443/CPS/images/universal/film/program/202211/20221112/69/202211120900405145i1.jpg"></icon><desc></desc><category></category></programme><programme channel="141431450" start="20221119200000 +0000" stop="20221119205900 +0000" catchup-id="1295462653"><title>Hits &amp; Lyrics</title><date></date><icon src="https://t-mobiletv.nl:443/CPS/images/universal/film/program/202211/20221112/79/20221112090040514y1j.jpg"></icon><desc></desc><category></category></programme><programme channel="141431450" start="20221119205900 +0000" stop="20221119210000 +0000" catchup-id="1295462659"><title>Hits Non Stop</title><date></date><icon src="https://t-mobiletv.nl:443/CPS/images/universal/film/program/202211/20221112/60/20221112090040514tfg.jpg"></icon><desc></desc><category></category></programme><programme channel="141431450" start="20221119210000 +0000" stop="20221119224500 +0000" catchup-id="1295462665"><title>Hit 30</title><date></date><icon src="https://t-mobiletv.nl:443/CPS/images/universal/film/program/202211/20221112/13/20221112090040514hww.jpg"></icon><desc></desc><category></category></programme><programme channel="141431450" start="20221119224500 +0000" stop="20221120010000 +0000" catchup-id="1295462671"><title>Hits Non Stop</title><date></date><icon src="https://t-mobiletv.nl:443/CPS/images/universal/film/program/202211/20221112/9/202211120900405147jj.jpg"></icon><desc></desc><category></category></programme><programme channel="141431450" start="20221120010000 +0000" stop="20221120014500 +0000" catchup-id="1295874993"><title>Stream It</title><date></date><icon src="https://t-mobiletv.nl:443/CPS/images/universal/film/program/202211/20221113/22/20221113090034769ekw.jpg"></icon><desc></desc><category></category></programme><programme channel="141431450" start="20221120014500 +0000" stop="20221120020000 +0000" catchup-id="1295874999"><title>Hits Non Stop</title><date></date><icon src="https://t-mobiletv.nl:443/CPS/images/universal/film/program/202211/20221113/21/20221113090034769bjv.jpg"></icon><desc></desc><category></category></programme><programme channel="141431450" start="20221120020000 +0000" stop="20221120050000 +0000" catchup-id="1295875005"><title>Sounds Of Trace</title><date></date><icon src="https://t-mobiletv.nl:443/CPS/images/universal/film/program/202211/20221113/28/202211130900347698fa.jpg"></icon><desc></desc><category></category></programme><programme channel="141431450" start="20221120050000 +0000" stop="20221120060000 +0000" catchup-id="1295875011"><title>New</title><date></date><icon src="https://t-mobiletv.nl:443/CPS/images/universal/film/program/202211/20221113/54/2022111309003476937n.jpg"></icon><desc></desc><category></category></programme><programme channel="141431450" start="20221120060000 +0000" stop="20221120070000 +0000" catchup-id="1295875017"><title>Weekend Vibes</title><date></date><icon src="https://t-mobiletv.nl:443/CPS/images/universal/film/program/202211/20221113/82/20221113090034769v35.jpg"></icon><desc></desc><category></category></programme><programme channel="141431450" start="20221120070000 +0000" stop="20221120080000 +0000" catchup-id="1295875023"><title>Weekend Vibes</title><date></date><icon src="https://t-mobiletv.nl:443/CPS/images/universal/film/program/202211/20221113/56/20221113090034769a64.jpg"></icon><desc></desc><category></category></programme><programme channel="141431450" start="20221120080000 +0000" stop="20221120110000 +0000" catchup-id="1295875029"><title>Sunny Vibes</title><date></date><icon src="https://t-mobiletv.nl:443/CPS/images/universal/film/program/202211/20221113/82/202211130900347692rl.jpg"></icon><desc></desc><category></category></programme><programme channel="141431450" start="20221120110000 +0000" stop="20221120120000 +0000" catchup-id="1295875035"><title>100% Ladies</title><date></date><icon src="https://t-mobiletv.nl:443/CPS/images/universal/film/program/202211/20221113/47/2022111309003477009c.jpg"></icon><desc></desc><category></category></programme><programme channel="141431450" start="20221120120000 +0000" stop="20221120125600 +0000" catchup-id="1295875041"><title>Focus</title><date></date><icon src="https://t-mobiletv.nl:443/CPS/images/universal/film/program/202211/20221113/54/2022111309003477091m.jpg"></icon><desc></desc><category></category></programme><programme channel="141431450" start="20221120125600 +0000" stop="20221120130000 +0000" catchup-id="1295875047"><title>Hits Non Stop</title><date></date><icon src="https://t-mobiletv.nl:443/CPS/images/universal/film/program/202211/20221113/51/20221113090034770nry.jpg"></icon><desc></desc><category></category></programme><programme channel="141431450" start="20221120130000 +0000" stop="20221120144500 +0000" catchup-id="1295875053"><title>Hit 30</title><date></date><icon src="https://t-mobiletv.nl:443/CPS/images/universal/film/program/202211/20221113/31/202211130900347705rv.jpg"></icon><desc></desc><category></category></programme><programme channel="141431450" start="20221120144500 +0000" stop="20221120150000 +0000" catchup-id="1295875059"><title>Hits Non Stop</title><date></date><icon src="https://t-mobiletv.nl:443/CPS/images/universal/film/program/202211/20221113/49/20221113090034770enr.jpg"></icon><desc></desc><category></category></programme><programme channel="141431450" start="20221120150000 +0000" stop="20221120180000 +0000" catchup-id="1295875065"><title>Sunny Vibes</title><date></date><icon src="https://t-mobiletv.nl:443/CPS/images/universal/film/program/202211/20221113/39/20221113090034770emh.jpg"></icon><desc></desc><category></category></programme><programme channel="141431450" start="20221120180000 +0000" stop="20221120184500 +0000" catchup-id="1295875071"><title>Top 10 Caliente</title><date></date><icon src="https://t-mobiletv.nl:443/CPS/images/universal/film/program/202211/20221113/31/20221113090034770n0e.jpg"></icon><desc></desc><category></category></programme><programme channel="141431450" start="20221120184500 +0000" stop="20221120191500 +0000" catchup-id="1295875077"><title>Hits Non Stop</title><date></date><icon src="https://t-mobiletv.nl:443/CPS/images/universal/film/program/202211/20221113/15/20221113090034770ogb.jpg"></icon><desc></desc><category></category></programme><programme channel="141431450" start="20221120191500 +0000" stop="20221120200000 +0000" catchup-id="1295875083"><title>Hit 10</title><date></date><icon src="https://t-mobiletv.nl:443/CPS/images/universal/film/program/202211/20221113/80/20221113090034770yvd.jpg"></icon><desc></desc><category></category></programme><programme channel="141431450" start="20221120200000 +0000" stop="20221120210000 +0000" catchup-id="1295875089"><title>Hits &amp; Lyrics</title><date></date><icon src="https://t-mobiletv.nl:443/CPS/images/universal/film/program/202211/20221113/93/20221113090034770h6x.jpg"></icon><desc></desc><category></category></programme><programme channel="141431450" start="20221120210000 +0000" stop="20221120220000 +0000" catchup-id="1295875095"><title>Rewind</title><date></date><icon src="https://t-mobiletv.nl:443/CPS/images/universal/film/program/202211/20221113/70/20221113090034770djh.jpg"></icon><desc></desc><category></category></programme><programme channel="141431450" start="20221120220000 +0000" stop="20221120224500 +0000" catchup-id="1295875101"><title>Top 10 Pop</title><date></date><icon src="https://t-mobiletv.nl:443/CPS/images/universal/film/program/202211/20221113/8/20221113090034770964.jpg"></icon><desc></desc><category></category></programme><programme channel="141431450" start="20221120224500 +0000" stop="20221120230000 +0000" catchup-id="1295875107"><title>Hits Non Stop</title><date></date><icon src="https://t-mobiletv.nl:443/CPS/images/universal/film/program/202211/20221113/62/202211130900347703n6.jpg"></icon><desc></desc><category></category></programme><programme channel="141431450" start="20221120230000 +0000" stop="20221121000000 +0000" catchup-id="1296255397"><title>Weekend Vibes</title><date></date><icon src="https://t-mobiletv.nl:443/CPS/images/universal/film/program/202211/20221114/43/20221114090055520cqk.jpg"></icon><desc></desc><category></category></programme><programme channel="141431450" start="20221121000000 +0000" stop="20221121010000 +0000" catchup-id="1296255403"><title>Weekend Vibes</title><date></date><icon src="https://t-mobiletv.nl:443/CPS/images/universal/film/program/202211/20221114/27/20221114090055520y48.jpg"></icon><desc></desc><category></category></programme><programme channel="141431450" start="20221121010000 +0000" stop="20221121014500 +0000" catchup-id="1296255409"><title>Top 10 Caliente</title><date></date><icon src="https://t-mobiletv.nl:443/CPS/images/universal/film/program/202211/20221114/61/202211140900555200d5.jpg"></icon><desc></desc><category></category></programme><programme channel="141431450" start="20221121014500 +0000" stop="20221121020000 +0000" catchup-id="1296255415"><title>Hits Non Stop</title><date></date><icon src="https://t-mobiletv.nl:443/CPS/images/universal/film/program/202211/20221114/71/20221114090055520rxj.jpg"></icon><desc></desc><category></category></programme><programme channel="141431450" start="20221121020000 +0000" stop="20221121050000 +0000" catchup-id="1296255421"><title>Sounds Of Trace</title><date></date><icon src="https://t-mobiletv.nl:443/CPS/images/universal/film/program/202211/20221114/61/20221114090055520gog.jpg"></icon><desc></desc><category></category></programme><programme channel="141431450" start="20221121050000 +0000" stop="20221121060000 +0000" catchup-id="1296255427"><title>New</title><date></date><icon src="https://t-mobiletv.nl:443/CPS/images/universal/film/program/202211/20221114/90/20221114090055520v2k.jpg"></icon><desc></desc><category></category></programme><programme channel="141431450" start="20221121060000 +0000" stop="20221121080000 +0000" catchup-id="1296255433"><title>Hits Non Stop</title><date></date><icon src="https://t-mobiletv.nl:443/CPS/images/universal/film/program/202211/20221114/83/202211140900555209c5.jpg"></icon><desc></desc><category></category></programme><programme channel="141431450" start="20221121080000 +0000" stop="20221121090000 +0000" catchup-id="1296255439"><title>100% Ladies</title><date></date><icon src="https://t-mobiletv.nl:443/CPS/images/universal/film/program/202211/20221114/82/202211140900555202nt.jpg"></icon><desc></desc><category></category></programme><programme channel="141431450" start="20221121090000 +0000" stop="20221121120000 +0000" catchup-id="1296255445"><title>Urban Vibes</title><date></date><icon src="https://t-mobiletv.nl:443/CPS/images/universal/film/program/202211/20221114/67/20221114090055520dov.jpg"></icon><desc></desc><category></category></programme><programme channel="141431450" start="20221121120000 +0000" stop="20221121124500 +0000" catchup-id="1296255451"><title>Hit 10</title><date></date><icon src="https://t-mobiletv.nl:443/CPS/images/universal/film/program/202211/20221114/94/20221114090055520rmi.jpg"></icon><desc></desc><category></category></programme><programme channel="141431450" start="20221121124500 +0000" stop="20221121130000 +0000" catchup-id="1296255457"><title>Hits Non Stop</title><date></date><icon src="https://t-mobiletv.nl:443/CPS/images/universal/film/program/202211/20221114/27/20221114090055520l2x.jpg"></icon><desc></desc><category></category></programme><programme channel="141431450" start="20221121130000 +0000" stop="20221121160000 +0000" catchup-id="1296255463"><title>Sounds Of Trace</title><date></date><icon src="https://t-mobiletv.nl:443/CPS/images/universal/film/program/202211/20221114/64/20221114090055520lxw.jpg"></icon><desc></desc><category></category></programme><programme channel="141431450" start="20221121160000 +0000" stop="20221121170000 +0000" catchup-id="1296255469"><title>100% Ladies</title><date></date><icon src="https://t-mobiletv.nl:443/CPS/images/universal/film/program/202211/20221114/24/20221114090055520y5u.jpg"></icon><desc></desc><category></category></programme><programme channel="141431450" start="20221121170000 +0000" stop="20221121190000 +0000" catchup-id="1296255475"><title>Hits Non Stop</title><date></date><icon src="https://t-mobiletv.nl:443/CPS/images/universal/film/program/202211/20221114/48/202211140900555215j9.jpg"></icon><desc></desc><category></category></programme><programme channel="141431450" start="20221121190000 +0000" stop="20221121191500 +0000" catchup-id="1296255481"><title>Hits Non Stop</title><date></date><icon src="https://t-mobiletv.nl:443/CPS/images/universal/film/program/202211/20221114/58/20221114090055521vvo.jpg"></icon><desc></desc><category></category></programme><programme channel="141431450" start="20221121191500 +0000" stop="20221121200000 +0000" catchup-id="1296255487"><title>Hit 10</title><date></date><icon src="https://t-mobiletv.nl:443/CPS/images/universal/film/program/202211/20221114/87/20221114090055521pls.jpg"></icon><desc></desc><category></category></programme><programme channel="141431450" start="20221121200000 +0000" stop="20221121205900 +0000" catchup-id="1296255493"><title>Hits &amp; Lyrics</title><date></date><icon src="https://t-mobiletv.nl:443/CPS/images/universal/film/program/202211/20221114/47/20221114090055521ow0.jpg"></icon><desc></desc><category></category></programme><programme channel="141431450" start="20221121205900 +0000" stop="20221121210000 +0000" catchup-id="1296255499"><title>Hits Non Stop</title><date></date><icon src="https://t-mobiletv.nl:443/CPS/images/universal/film/program/202211/20221114/73/20221114090055521al3.jpg"></icon><desc></desc><category></category></programme><programme channel="141431450" start="20221121210000 +0000" stop="20221121220000 +0000" catchup-id="1296255505"><title>New</title><date></date><icon src="https://t-mobiletv.nl:443/CPS/images/universal/film/program/202211/20221114/73/202211140900555218gy.jpg"></icon><desc></desc><category></category></programme><programme channel="141431450" start="20221121220000 +0000" stop="20221121224500 +0000" catchup-id="1296255511"><title>Top 10 Hip Hop</title><date></date><icon src="https://t-mobiletv.nl:443/CPS/images/universal/film/program/202211/20221114/53/20221114090055521ewz.jpg"></icon><desc></desc><category></category></programme><programme channel="141431450" start="20221121224500 +0000" stop="20221121230000 +0000" catchup-id="1296255517"><title>Hits Non Stop</title><date></date><icon src="https://t-mobiletv.nl:443/CPS/images/universal/film/program/202211/20221114/70/20221114090055521zd5.jpg"></icon><desc></desc><category></category></programme><programme channel="141431450" start="20221121230000 +0000" stop="20221122000000 +0000" catchup-id="1296676938"><title>Pop Vibes</title><date></date><icon src="https://t-mobiletv.nl:443/CPS/images/universal/film/program/202211/20221115/78/20221115090045536uwu.jpg"></icon><desc></desc><category></category></programme><programme channel="141431450" start="20221122000000 +0000" stop="20221122010000 +0000" catchup-id="1296676944"><title>Sweet Zone</title><date></date><icon src="https://t-mobiletv.nl:443/CPS/images/universal/film/program/202211/20221115/98/20221115090045536oiw.jpg"></icon><desc></desc><category></category></programme><programme channel="141431450" start="20221122010000 +0000" stop="20221122014500 +0000" catchup-id="1296676950"><title>Top 10 Club</title><date></date><icon src="https://t-mobiletv.nl:443/CPS/images/universal/film/program/202211/20221115/44/20221115090045536awa.jpg"></icon><desc></desc><category></category></programme><programme channel="141431450" start="20221122014500 +0000" stop="20221122020000 +0000" catchup-id="1296676956"><title>Hits Non Stop</title><date></date><icon src="https://t-mobiletv.nl:443/CPS/images/universal/film/program/202211/20221115/44/20221115090045536jg9.jpg"></icon><desc></desc><category></category></programme><programme channel="141431450" start="20221122020000 +0000" stop="20221122050000 +0000" catchup-id="1296676962"><title>Sounds Of Trace</title><date></date><icon src="https://t-mobiletv.nl:443/CPS/images/universal/film/program/202211/20221115/21/2022111509004553661b.jpg"></icon><desc></desc><category></category></programme><programme channel="141431450" start="20221122050000 +0000" stop="20221122060000 +0000" catchup-id="1296676968"><title>New</title><date></date><icon src="https://t-mobiletv.nl:443/CPS/images/universal/film/program/202211/20221115/15/202211150900455362zw.jpg"></icon><desc></desc><category></category></programme><programme channel="141431450" start="20221122060000 +0000" stop="20221122080000 +0000" catchup-id="1296676974"><title>Hits Non Stop</title><date></date><icon src="https://t-mobiletv.nl:443/CPS/images/universal/film/program/202211/20221115/32/20221115090045537un7.jpg"></icon><desc></desc><category></category></programme><programme channel="141431450" start="20221122080000 +0000" stop="20221122090000 +0000" catchup-id="1296676980"><title>100% Ladies</title><date></date><icon src="https://t-mobiletv.nl:443/CPS/images/universal/film/program/202211/20221115/94/20221115090045537h1g.jpg"></icon><desc></desc><category></category></programme><programme channel="141431450" start="20221122090000 +0000" stop="20221122120000 +0000" catchup-id="1296676986"><title>Urban Vibes</title><date></date><icon src="https://t-mobiletv.nl:443/CPS/images/universal/film/program/202211/20221115/45/20221115090045537vga.jpg"></icon><desc></desc><category></category></programme><programme channel="141431450" start="20221122120000 +0000" stop="20221122124500 +0000" catchup-id="1296676992"><title>Hit 10</title><date></date><icon src="https://t-mobiletv.nl:443/CPS/images/universal/film/program/202211/20221115/55/20221115090045537n52.jpg"></icon><desc></desc><category></category></programme><programme channel="141431450" start="20221122124500 +0000" stop="20221122130000 +0000" catchup-id="1296676998"><title>Hits Non Stop</title><date></date><icon src="https://t-mobiletv.nl:443/CPS/images/universal/film/program/202211/20221115/41/202211150900455377x7.jpg"></icon><desc></desc><category></category></programme><programme channel="141431450" start="20221122130000 +0000" stop="20221122160000 +0000" catchup-id="1296677004"><title>Sounds Of Trace</title><date></date><icon src="https://t-mobiletv.nl:443/CPS/images/universal/film/program/202211/20221115/33/20221115090045537c2i.jpg"></icon><desc></desc><category></category></programme><programme channel="141431450" start="20221122160000 +0000" stop="20221122170000 +0000" catchup-id="1296677010"><title>100% Ladies</title><date></date><icon src="https://t-mobiletv.nl:443/CPS/images/universal/film/program/202211/20221115/45/20221115090045537e3v.jpg"></icon><desc></desc><category></category></programme><programme channel="141431450" start="20221122170000 +0000" stop="20221122190000 +0000" catchup-id="1296677016"><title>Hits Non Stop</title><date></date><icon src="https://t-mobiletv.nl:443/CPS/images/universal/film/program/202211/20221115/78/20221115090045537itn.jpg"></icon><desc></desc><category></category></programme><programme channel="141431450" start="20221122190000 +0000" stop="20221122191500 +0000" catchup-id="1296677022"><title>Hits Non Stop</title><date></date><icon src="https://t-mobiletv.nl:443/CPS/images/universal/film/program/202211/20221115/6/202211150900455377et.jpg"></icon><desc></desc><category></category></programme><programme channel="141431450" start="20221122191500 +0000" stop="20221122200000 +0000" catchup-id="1296677028"><title>Hit 10</title><date></date><icon src="https://t-mobiletv.nl:443/CPS/images/universal/film/program/202211/20221115/47/20221115090045537ho6.jpg"></icon><desc></desc><category></category></programme><programme channel="141431450" start="20221122200000 +0000" stop="20221122205500 +0000" catchup-id="1296677034"><title>Hits &amp; Lyrics</title><date></date><icon src="https://t-mobiletv.nl:443/CPS/images/universal/film/program/202211/20221115/7/20221115090045537giv.jpg"></icon><desc></desc><category></category></programme><programme channel="141431450" start="20221122205500 +0000" stop="20221122210000 +0000" catchup-id="1296677040"><title>Hits Non Stop</title><date></date><icon src="https://t-mobiletv.nl:443/CPS/images/universal/film/program/202211/20221115/65/20221115090045537ctq.jpg"></icon><desc></desc><category></category></programme><programme channel="141431450" start="20221122210000 +0000" stop="20221122220000 +0000" catchup-id="1296677046"><title>New</title><date></date><icon src="https://t-mobiletv.nl:443/CPS/images/universal/film/program/202211/20221115/77/202211150900455378ff.jpg"></icon><desc></desc><category></category></programme><programme channel="141431450" start="20221122220000 +0000" stop="20221122224500 +0000" catchup-id="1296677052"><title>Stream It</title><date></date><icon src="https://t-mobiletv.nl:443/CPS/images/universal/film/program/202211/20221115/90/20221115090045537ik3.jpg"></icon><desc></desc><category></category></programme><programme channel="141431450" start="20221122224500 +0000" stop="20221122230000 +0000" catchup-id="1296677058"><title>Hits Non Stop</title><date></date><icon src="https://t-mobiletv.nl:443/CPS/images/universal/film/program/202211/20221115/51/202211150900455379f5.jpg"></icon><desc></desc><category></category></programme><programme channel="141431450" start="20221122230000 +0000" stop="20221123000000 +0000" catchup-id="1297121633"><title>100% Ladies</title><date></date><icon src="https://t-mobiletv.nl:443/CPS/images/universal/film/program/202211/20221116/93/20221116090115512ckv.jpg"></icon><desc></desc><category></category></programme><programme channel="141431450" start="20221123000000 +0000" stop="20221123010000 +0000" catchup-id="1297121639"><title>Sweet Zone</title><date></date><icon src="https://t-mobiletv.nl:443/CPS/images/universal/film/program/202211/20221116/53/20221116090115512019.jpg"></icon><desc></desc><category></category></programme><programme channel="141431450" start="20221123010000 +0000" stop="20221123014500 +0000" catchup-id="1297121645"><title>Us Hit</title><date></date><icon src="https://t-mobiletv.nl:443/CPS/images/universal/film/program/202211/20221116/79/20221116090115512tun.jpg"></icon><desc></desc><category></category></programme><programme channel="141431450" start="20221123014500 +0000" stop="20221123020000 +0000" catchup-id="1297121651"><title>Hits Non Stop</title><date></date><icon src="https://t-mobiletv.nl:443/CPS/images/universal/film/program/202211/20221116/9/202211160901155120gh.jpg"></icon><desc></desc><category></category></programme><programme channel="141431450" start="20221123020000 +0000" stop="20221123050000 +0000" catchup-id="1297121657"><title>Sounds Of Trace</title><date></date><icon src="https://t-mobiletv.nl:443/CPS/images/universal/film/program/202211/20221116/15/20221116090115512vug.jpg"></icon><desc></desc><category></category></programme><programme channel="141431450" start="20221123050000 +0000" stop="20221123060000 +0000" catchup-id="1297121663"><title>New</title><date></date><icon src="https://t-mobiletv.nl:443/CPS/images/universal/film/program/202211/20221116/84/20221116090115512rf3.jpg"></icon><desc></desc><category></category></programme><programme channel="141431450" start="20221123060000 +0000" stop="20221123080000 +0000" catchup-id="1297121669"><title>Hits Non Stop</title><date></date><icon src="https://t-mobiletv.nl:443/CPS/images/universal/film/program/202211/20221116/17/20221116090115512jod.jpg"></icon><desc></desc><category></category></programme><programme channel="141431450" start="20221123080000 +0000" stop="20221123090000 +0000" catchup-id="1297121675"><title>100% Ladies</title><date></date><icon src="https://t-mobiletv.nl:443/CPS/images/universal/film/program/202211/20221116/36/20221116090115513zbq.jpg"></icon><desc></desc><category></category></programme><programme channel="141431450" start="20221123090000 +0000" stop="20221123110000 +0000" catchup-id="1297121681"><title>Urban Vibes</title><date></date><icon src="https://t-mobiletv.nl:443/CPS/images/universal/film/program/202211/20221116/10/202211160901155131jz.jpg"></icon><desc></desc><category></category></programme><programme channel="141431450" start="20221123110000 +0000" stop="20221123115600 +0000" catchup-id="1297121687"><title>Focus</title><date></date><icon src="https://t-mobiletv.nl:443/CPS/images/universal/film/program/202211/20221116/30/20221116090115513pq9.jpg"></icon><desc></desc><category></category></programme><programme channel="141431450" start="20221123115600 +0000" stop="20221123120000 +0000" catchup-id="1297121693"><title>Hits Non Stop</title><date></date><icon src="https://t-mobiletv.nl:443/CPS/images/universal/film/program/202211/20221116/82/20221116090115513ei1.jpg"></icon><desc></desc><category></category></programme><programme channel="141431450" start="20221123120000 +0000" stop="20221123124500 +0000" catchup-id="1297121699"><title>Hit 10</title><date></date><icon src="https://t-mobiletv.nl:443/CPS/images/universal/film/program/202211/20221116/55/20221116090115513zjl.jpg"></icon><desc></desc><category></category></programme><programme channel="141431450" start="20221123124500 +0000" stop="20221123130000 +0000" catchup-id="1297121705"><title>Hits Non Stop</title><date></date><icon src="https://t-mobiletv.nl:443/CPS/images/universal/film/program/202211/20221116/31/2022111609011551353s.jpg"></icon><desc></desc><category></category></programme><programme channel="141431450" start="20221123130000 +0000" stop="20221123160000 +0000" catchup-id="1297121711"><title>Sounds Of Trace</title><date></date><icon src="https://t-mobiletv.nl:443/CPS/images/universal/film/program/202211/20221116/6/20221116090115513m78.jpg"></icon><desc></desc><category></category></programme><programme channel="141431450" start="20221123160000 +0000" stop="20221123170000 +0000" catchup-id="1297121717"><title>100% Ladies</title><date></date><icon src="https://t-mobiletv.nl:443/CPS/images/universal/film/program/202211/20221116/93/20221116090115513lei.jpg"></icon><desc></desc><category></category></programme><programme channel="141431450" start="20221123170000 +0000" stop="20221123190000 +0000" catchup-id="1297121723"><title>Hits Non Stop</title><date></date><icon src="https://t-mobiletv.nl:443/CPS/images/universal/film/program/202211/20221116/22/20221116090115513m7e.jpg"></icon><desc></desc><category></category></programme><programme channel="141431450" start="20221123190000 +0000" stop="20221123191500 +0000" catchup-id="1297121729"><title>Hits Non Stop</title><date></date><icon src="https://t-mobiletv.nl:443/CPS/images/universal/film/program/202211/20221116/90/20221116090115513e88.jpg"></icon><desc></desc><category></category></programme><programme channel="141431450" start="20221123191500 +0000" stop="20221123200000 +0000" catchup-id="1297121735"><title>Hit 10</title><date></date><icon src="https://t-mobiletv.nl:443/CPS/images/universal/film/program/202211/20221116/5/20221116090115513f7e.jpg"></icon><desc></desc><category></category></programme><programme channel="141431450" start="20221123200000 +0000" stop="20221123205900 +0000" catchup-id="1297121741"><title>Hits &amp; Lyrics</title><date></date><icon src="https://t-mobiletv.nl:443/CPS/images/universal/film/program/202211/20221116/59/20221116090115513kbm.jpg"></icon><desc></desc><category></category></programme><programme channel="141431450" start="20221123205900 +0000" stop="20221123210000 +0000" catchup-id="1297121747"><title>Hits Non Stop</title><date></date><icon src="https://t-mobiletv.nl:443/CPS/images/universal/film/program/202211/20221116/88/20221116090115513oe2.jpg"></icon><desc></desc><category></category></programme><programme channel="141431450" start="20221123210000 +0000" stop="20221123220000 +0000" catchup-id="1297121753"><title>New</title><date></date><icon src="https://t-mobiletv.nl:443/CPS/images/universal/film/program/202211/20221116/14/20221116090115513rx8.jpg"></icon><desc></desc><category></category></programme><programme channel="141431450" start="20221123220000 +0000" stop="20221123224500 +0000" catchup-id="1297121759"><title>Best French 10</title><date></date><icon src="https://t-mobiletv.nl:443/CPS/images/universal/film/program/202211/20221116/46/20221116090115513m2l.jpg"></icon><desc></desc><category></category></programme><programme channel="141431450" start="20221123224500 +0000" stop="20221123230000 +0000" catchup-id="1297121765"><title>Hits Non Stop</title><date></date><icon src="https://t-mobiletv.nl:443/CPS/images/universal/film/program/202211/20221116/55/202211160901155136lm.jpg"></icon><desc></desc><category></category></programme><programme channel="141431450" start="20221123230000 +0000" stop="20221124000000 +0000" catchup-id="1297557969"><title>Rewind</title><date></date><icon src="https://t-mobiletv.nl:443/CPS/images/universal/film/program/202211/20221117/26/20221117090049723ivt.jpg"></icon><desc></desc><category></category></programme><programme channel="141431450" start="20221124000000 +0000" stop="20221124010000 +0000" catchup-id="1297557975"><title>Sweet Zone</title><date></date><icon src="https://t-mobiletv.nl:443/CPS/images/universal/film/program/202211/20221117/55/20221117090049723byj.jpg"></icon><desc></desc><category></category></programme><programme channel="141431450" start="20221124010000 +0000" stop="20221124014500 +0000" catchup-id="1297557981"><title>Top 10 Pop</title><date></date><icon src="https://t-mobiletv.nl:443/CPS/images/universal/film/program/202211/20221117/15/202211170900497235fb.jpg"></icon><desc></desc><category></category></programme><programme channel="141431450" start="20221124014500 +0000" stop="20221124020000 +0000" catchup-id="1297557987"><title>Hits Non Stop</title><date></date><icon src="https://t-mobiletv.nl:443/CPS/images/universal/film/program/202211/20221117/2/20221117090049723tki.jpg"></icon><desc></desc><category></category></programme><programme channel="141431450" start="20221124020000 +0000" stop="20221124050000 +0000" catchup-id="1297558185"><title>Sounds Of Trace</title><date></date><icon src="https://t-mobiletv.nl:443/CPS/images/universal/film/program/202211/20221117/35/2022111709004972327z.jpg"></icon><desc></desc><category></category></programme><programme channel="141431450" start="20221124050000 +0000" stop="20221124060000 +0000" catchup-id="1297558191"><title>New</title><date></date><icon src="https://t-mobiletv.nl:443/CPS/images/universal/film/program/202211/20221117/68/202211170900497239ul.jpg"></icon><desc></desc><category></category></programme><programme channel="141431450" start="20221124060000 +0000" stop="20221124080000 +0000" catchup-id="1297558197"><title>Hits Non Stop</title><date></date><icon src="https://t-mobiletv.nl:443/CPS/images/universal/film/program/202211/20221117/86/20221117090049723bv9.jpg"></icon><desc></desc><category></category></programme><programme channel="141431450" start="20221124080000 +0000" stop="20221124090000 +0000" catchup-id="1297558203"><title>100% Ladies</title><date></date><icon src="https://t-mobiletv.nl:443/CPS/images/universal/film/program/202211/20221117/56/20221117090049723mn9.jpg"></icon><desc></desc><category></category></programme><programme channel="141431450" start="20221124090000 +0000" stop="20221124120000 +0000" catchup-id="1297558209"><title>Urban Vibes</title><date></date><icon src="https://t-mobiletv.nl:443/CPS/images/universal/film/program/202211/20221117/7/20221117090049723tdm.jpg"></icon><desc></desc><category></category></programme><programme channel="141431450" start="20221124120000 +0000" stop="20221124124500 +0000" catchup-id="1297558215"><title>Hit 10</title><date></date><icon src="https://t-mobiletv.nl:443/CPS/images/universal/film/program/202211/20221117/9/20221117090049724d6g.jpg"></icon><desc></desc><category></category></programme><programme channel="141431450" start="20221124124500 +0000" stop="20221124130000 +0000" catchup-id="1297558221"><title>Hits Non Stop</title><date></date><icon src="https://t-mobiletv.nl:443/CPS/images/universal/film/program/202211/20221117/27/20221117090049724gi1.jpg"></icon><desc></desc><category></category></programme><programme channel="141431450" start="20221124130000 +0000" stop="20221124160000 +0000" catchup-id="1297558227"><title>Sounds Of Trace</title><date></date><icon src="https://t-mobiletv.nl:443/CPS/images/universal/film/program/202211/20221117/20/20221117090049724820.jpg"></icon><desc></desc><category></category></programme><programme channel="141431450" start="20221124160000 +0000" stop="20221124170000 +0000" catchup-id="1297558233"><title>100% Ladies</title><date></date><icon src="https://t-mobiletv.nl:443/CPS/images/universal/film/program/202211/20221117/3/20221117090049724cbb.jpg"></icon><desc></desc><category></category></programme><programme channel="141431450" start="20221124170000 +0000" stop="20221124190000 +0000" catchup-id="1297558239"><title>Hits Non Stop</title><date></date><icon src="https://t-mobiletv.nl:443/CPS/images/universal/film/program/202211/20221117/17/20221117090049724joi.jpg"></icon><desc></desc><category></category></programme><programme channel="141431450" start="20221124190000 +0000" stop="20221124191500 +0000" catchup-id="1297558245"><title>Hits Non Stop</title><date></date><icon src="https://t-mobiletv.nl:443/CPS/images/universal/film/program/202211/20221117/48/202211170900497248cv.jpg"></icon><desc></desc><category></category></programme><programme channel="141431450" start="20221124191500 +0000" stop="20221124200000 +0000" catchup-id="1297558251"><title>Hit 10</title><date></date><icon src="https://t-mobiletv.nl:443/CPS/images/universal/film/program/202211/20221117/81/202211170900497249jv.jpg"></icon><desc></desc><category></category></programme><programme channel="141431450" start="20221124200000 +0000" stop="20221124205800 +0000" catchup-id="1297558257"><title>Hits &amp; Lyrics</title><date></date><icon src="https://t-mobiletv.nl:443/CPS/images/universal/film/program/202211/20221117/21/202211170900497247mu.jpg"></icon><desc></desc><category></category></programme><programme channel="141431450" start="20221124205800 +0000" stop="20221124210000 +0000" catchup-id="1297558263"><title>Hits Non Stop</title><date></date><icon src="https://t-mobiletv.nl:443/CPS/images/universal/film/program/202211/20221117/30/202211170900497240pu.jpg"></icon><desc></desc><category></category></programme><programme channel="141431450" start="20221124210000 +0000" stop="20221124220000 +0000" catchup-id="1297558269"><title>New</title><date></date><icon src="https://t-mobiletv.nl:443/CPS/images/universal/film/program/202211/20221117/54/20221117090049724hrd.jpg"></icon><desc></desc><category></category></programme><programme channel="141431450" start="20221124220000 +0000" stop="20221124224500 +0000" catchup-id="1297558275"><title>Stream It</title><date></date><icon src="https://t-mobiletv.nl:443/CPS/images/universal/film/program/202211/20221117/41/202211170900497248si.jpg"></icon><desc></desc><category></category></programme><programme channel="141431450" start="20221124224500 +0000" stop="20221124230000 +0000" catchup-id="1297558281"><title>Hits Non Stop</title><date></date><icon src="https://t-mobiletv.nl:443/CPS/images/universal/film/program/202211/20221117/75/20221117090049724tcf.jpg"></icon><desc></desc><category></category></programme><programme channel="141431450" start="20221124230000 +0000" stop="20221125000000 +0000" catchup-id="1297997737"><title>Us Vibes</title><date></date><icon src="https://t-mobiletv.nl:443/CPS/images/universal/film/program/202211/20221118/42/202211180901105111j1.jpg"></icon><desc></desc><category></category></programme><programme channel="141431450" start="20221125000000 +0000" stop="20221125010000 +0000" catchup-id="1297997743"><title>Sweet Zone</title><date></date><icon src="https://t-mobiletv.nl:443/CPS/images/universal/film/program/202211/20221118/76/20221118090110512em8.jpg"></icon><desc></desc><category></category></programme><programme channel="141431450" start="20221125010000 +0000" stop="20221125014500 +0000" catchup-id="1297997749"><title>Top 10 Caliente</title><date></date><icon src="https://t-mobiletv.nl:443/CPS/images/universal/film/program/202211/20221118/38/202211180901105127v5.jpg"></icon><desc></desc><category></category></programme><programme channel="141431450" start="20221125014500 +0000" stop="20221125020000 +0000" catchup-id="1297997755"><title>Hits Non Stop</title><date></date><icon src="https://t-mobiletv.nl:443/CPS/images/universal/film/program/202211/20221118/13/202211180901105124rp.jpg"></icon><desc></desc><category></category></programme><programme channel="141431450" start="20221125020000 +0000" stop="20221125050000 +0000" catchup-id="1297997761"><title>Sounds Of Trace</title><date></date><icon src="https://t-mobiletv.nl:443/CPS/images/universal/film/program/202211/20221118/63/202211180901105125jg.jpg"></icon><desc></desc><category></category></programme><programme channel="141431450" start="20221125050000 +0000" stop="20221125060000 +0000" catchup-id="1297997767"><title>New</title><date></date><icon src="https://t-mobiletv.nl:443/CPS/images/universal/film/program/202211/20221118/42/20221118090110512gf0.jpg"></icon><desc></desc><category></category></programme><programme channel="141431450" start="20221125060000 +0000" stop="20221125080000 +0000" catchup-id="1297997773"><title>Hits Non Stop</title><date></date><icon src="https://t-mobiletv.nl:443/CPS/images/universal/film/program/202211/20221118/62/20221118090110512jqn.jpg"></icon><desc></desc><category></category></programme><programme channel="141431450" start="20221125080000 +0000" stop="20221125090000 +0000" catchup-id="1297997779"><title>100% Ladies</title><date></date><icon src="https://t-mobiletv.nl:443/CPS/images/universal/film/program/202211/20221118/55/20221118090110512wwp.jpg"></icon><desc></desc><category></category></programme><programme channel="141431450" start="20221125090000 +0000" stop="20221125110000 +0000" catchup-id="1297997785"><title>Urban Vibes</title><date></date><icon src="https://t-mobiletv.nl:443/CPS/images/universal/film/program/202211/20221118/15/202211180901105121lh.jpg"></icon><desc></desc><category></category></programme><programme channel="141431450" start="20221125110000 +0000" stop="20221125120000 +0000" catchup-id="1297997791"><title>Then &amp; Now</title><date></date><icon src="https://t-mobiletv.nl:443/CPS/images/universal/film/program/202211/20221118/42/20221118090110512tvj.jpg"></icon><desc></desc><category></category></programme><programme channel="141431450" start="20221125120000 +0000" stop="20221125124500 +0000" catchup-id="1297997797"><title>Hit 10</title><date></date><icon src="https://t-mobiletv.nl:443/CPS/images/universal/film/program/202211/20221118/13/202211180901105127tb.jpg"></icon><desc></desc><category></category></programme><programme channel="141431450" start="20221125124500 +0000" stop="20221125130000 +0000" catchup-id="1297997803"><title>Hits Non Stop</title><date></date><icon src="https://t-mobiletv.nl:443/CPS/images/universal/film/program/202211/20221118/0/20221118090110512yqa.jpg"></icon><desc></desc><category></category></programme><programme channel="141431450" start="20221125130000 +0000" stop="20221125160000 +0000" catchup-id="1297997809"><title>Sounds Of Trace</title><date></date><icon src="https://t-mobiletv.nl:443/CPS/images/universal/film/program/202211/20221118/2/20221118090110512oyd.jpg"></icon><desc></desc><category></category></programme><programme channel="141431450" start="20221125160000 +0000" stop="20221125170000 +0000" catchup-id="1297997815"><title>100% Ladies</title><date></date><icon src="https://t-mobiletv.nl:443/CPS/images/universal/film/program/202211/20221118/64/2022111809011051222o.jpg"></icon><desc></desc><category></category></programme><programme channel="141431450" start="20221125170000 +0000" stop="20221125190000 +0000" catchup-id="1297997821"><title>Hits Non Stop</title><date></date><icon src="https://t-mobiletv.nl:443/CPS/images/universal/film/program/202211/20221118/5/202211180901105127em.jpg"></icon><desc></desc><category></category></programme><programme channel="141431450" start="20221125190000 +0000" stop="20221125191500 +0000" catchup-id="1297997827"><title>Hits Non Stop</title><date></date><icon src="https://t-mobiletv.nl:443/CPS/images/universal/film/program/202211/20221118/55/20221118090110512xpj.jpg"></icon><desc></desc><category></category></programme><programme channel="141431450" start="20221125191500 +0000" stop="20221125200000 +0000" catchup-id="1297997833"><title>Hit 10</title><date></date><icon src="https://t-mobiletv.nl:443/CPS/images/universal/film/program/202211/20221118/38/20221118090110512gtx.jpg"></icon><desc></desc><category></category></programme><programme channel="141431450" start="20221125200000 +0000" stop="20221125205600 +0000" catchup-id="1297997839"><title>Hits &amp; Lyrics</title><date></date><icon src="https://t-mobiletv.nl:443/CPS/images/universal/film/program/202211/20221118/69/20221118090110512m98.jpg"></icon><desc></desc><category></category></programme><programme channel="141431450" start="20221125205600 +0000" stop="20221125210000 +0000" catchup-id="1297997845"><title>Hits Non Stop</title><date></date><icon src="https://t-mobiletv.nl:443/CPS/images/universal/film/program/202211/20221118/47/20221118090110513ih1.jpg"></icon><desc></desc><category></category></programme><programme channel="141431450" start="20221125210000 +0000" stop="20221125214500 +0000" catchup-id="1297997851"><title>Us Hit</title><date></date><icon src="https://t-mobiletv.nl:443/CPS/images/universal/film/program/202211/20221118/98/20221118090110513rti.jpg"></icon><desc></desc><category></category></programme><programme channel="141431450" start="20221125214500 +0000" stop="20221125220000 +0000" catchup-id="1297997857"><title>Hits Non Stop</title><date></date><icon src="https://t-mobiletv.nl:443/CPS/images/universal/film/program/202211/20221118/98/20221118090110513825.jpg"></icon><desc></desc><category></category></programme><programme channel="141431450" start="20221125220000 +0000" stop="20221125224500 +0000" catchup-id="1297997863"><title>Top 10 Club</title><date></date><icon src="https://t-mobiletv.nl:443/CPS/images/universal/film/program/202211/20221118/35/20221118090110513sf4.jpg"></icon><desc></desc><category></category></programme><programme channel="141431450" start="20221125224500 +0000" stop="20221125230000 +0000" catchup-id="1297997869"><title>Hits Non Stop</title><date></date><icon src="https://t-mobiletv.nl:443/CPS/images/universal/film/program/202211/20221118/43/20221118090110513epy.jpg"></icon><desc></desc><category></category></programme><programme channel="141431450" start="20221125230000 +0000" stop="20221126000000 +0000" catchup-id="1298396075"><title>100% Party</title><date></date><icon src="https://t-mobiletv.nl:443/CPS/images/universal/film/program/202211/20221119/80/202211190900455118x6.jpg"></icon><desc></desc><category></category></programme><programme channel="141431450" start="20221126000000 +0000" stop="20221126010000 +0000" catchup-id="1298396081"><title>Sweet Zone</title><date></date><icon src="https://t-mobiletv.nl:443/CPS/images/universal/film/program/202211/20221119/93/20221119090045511qfy.jpg"></icon><desc></desc><category></category></programme><programme channel="141431450" start="20221126010000 +0000" stop="20221126014500 +0000" catchup-id="1298396087"><title>Top 10 Hip Hop</title><date></date><icon src="https://t-mobiletv.nl:443/CPS/images/universal/film/program/202211/20221119/23/202211190900455113ar.jpg"></icon><desc></desc><category></category></programme><programme channel="141431450" start="20221126014500 +0000" stop="20221126020000 +0000" catchup-id="1298396093"><title>Hits Non Stop</title><date></date><icon src="https://t-mobiletv.nl:443/CPS/images/universal/film/program/202211/20221119/91/20221119090045511kpa.jpg"></icon><desc></desc><category></category></programme><programme channel="141431450" start="20221126020000 +0000" stop="20221126050000 +0000" catchup-id="1298396099"><title>Sounds Of Trace</title><date></date><icon src="https://t-mobiletv.nl:443/CPS/images/universal/film/program/202211/20221119/81/20221119090045511fc7.jpg"></icon><desc></desc><category></category></programme><programme channel="141431450" start="20221126050000 +0000" stop="20221126060000 +0000" catchup-id="1298396105"><title>New</title><date></date><icon src="https://t-mobiletv.nl:443/CPS/images/universal/film/program/202211/20221119/72/20221119090045511i6n.jpg"></icon><desc></desc><category></category></programme><programme channel="141431450" start="20221126060000 +0000" stop="20221126070000 +0000" catchup-id="1298396111"><title>Weekend Vibes</title><date></date><icon src="https://t-mobiletv.nl:443/CPS/images/universal/film/program/202211/20221119/39/20221119090045511mbw.jpg"></icon><desc></desc><category></category></programme><programme channel="141431450" start="20221126070000 +0000" stop="20221126080000 +0000" catchup-id="1298396117"><title>Weekend Vibes</title><date></date><icon src="https://t-mobiletv.nl:443/CPS/images/universal/film/program/202211/20221119/62/20221119090045511hoc.jpg"></icon><desc></desc><category></category></programme><programme channel="141431450" start="20221126080000 +0000" stop="20221126110000 +0000" catchup-id="1298396123"><title>Sunny Vibes</title><date></date><icon src="https://t-mobiletv.nl:443/CPS/images/universal/film/program/202211/20221119/10/20221119090045511do5.jpg"></icon><desc></desc><category></category></programme><programme channel="141431450" start="20221126110000 +0000" stop="20221126124500 +0000" catchup-id="1298396129"><title>Hit 30</title><date></date><icon src="https://t-mobiletv.nl:443/CPS/images/universal/film/program/202211/20221119/83/20221119090045511pk8.jpg"></icon><desc></desc><category></category></programme><programme channel="141431450" start="20221126124500 +0000" stop="20221126130000 +0000" catchup-id="1298396135"><title>Hits Non Stop</title><date></date><icon src="https://t-mobiletv.nl:443/CPS/images/universal/film/program/202211/20221119/92/202211190900455126ea.jpg"></icon><desc></desc><category></category></programme><programme channel="141431450" start="20221126130000 +0000" stop="20221126140000 +0000" catchup-id="1298396141"><title>Rewind</title><date></date><icon src="https://t-mobiletv.nl:443/CPS/images/universal/film/program/202211/20221119/24/20221119090045512m90.jpg"></icon><desc></desc><category></category></programme><programme channel="141431450" start="20221126140000 +0000" stop="20221126150000 +0000" catchup-id="1298396147"><title>100% Ladies</title><date></date><icon src="https://t-mobiletv.nl:443/CPS/images/universal/film/program/202211/20221119/98/20221119090045512tmd.jpg"></icon><desc></desc><category></category></programme><programme channel="141431450" start="20221126150000 +0000" stop="20221126160000 +0000" catchup-id="1298396153"><title>Weekend Vibes</title><date></date><icon src="https://t-mobiletv.nl:443/CPS/images/universal/film/program/202211/20221119/89/20221119090045512bmf.jpg"></icon><desc></desc><category></category></programme><programme channel="141431450" start="20221126160000 +0000" stop="20221126170000 +0000" catchup-id="1298396159"><title>Weekend Vibes</title><date></date><icon src="https://t-mobiletv.nl:443/CPS/images/universal/film/program/202211/20221119/65/20221119090045512g0l.jpg"></icon><desc></desc><category></category></programme><programme channel="141431450" start="20221126170000 +0000" stop="20221126180000 +0000" catchup-id="1298396165"><title>Weekend Vibes</title><date></date><icon src="https://t-mobiletv.nl:443/CPS/images/universal/film/program/202211/20221119/53/20221119090045512i1l.jpg"></icon><desc></desc><category></category></programme><programme channel="141431450" start="20221126180000 +0000" stop="20221126184500 +0000" catchup-id="1298396171"><title>Us Hit</title><date></date><icon src="https://t-mobiletv.nl:443/CPS/images/universal/film/program/202211/20221119/45/202211190900455120oo.jpg"></icon><desc></desc><category></category></programme><programme channel="141431450" start="20221126184500 +0000" stop="20221126191500 +0000" catchup-id="1298396177"><title>Hits Non Stop</title><date></date><icon src="https://t-mobiletv.nl:443/CPS/images/universal/film/program/202211/20221119/7/20221119090045512hdp.jpg"></icon><desc></desc><category></category></programme><programme channel="141431450" start="20221126191500 +0000" stop="20221126200000 +0000" catchup-id="1298396183"><title>Hit 10</title><date></date><icon src="https://t-mobiletv.nl:443/CPS/images/universal/film/program/202211/20221119/6/20221119090045512wvy.jpg"></icon><desc></desc><category></category></programme><programme channel="141431450" start="20221126200000 +0000" stop="20221126210000 +0000" catchup-id="1298396189"><title>Hits &amp; Lyrics</title><date></date><icon src="https://t-mobiletv.nl:443/CPS/images/universal/film/program/202211/20221119/13/202211190900455123um.jpg"></icon><desc></desc><category></category></programme><programme channel="141431450" start="20221126210000 +0000" stop="20221126210100 +0000" catchup-id="1298396195"><title>Hits Non Stop</title><date></date><icon src="https://t-mobiletv.nl:443/CPS/images/universal/film/program/202211/20221119/73/20221119090045512y55.jpg"></icon><desc></desc><category></category></programme><programme channel="141431450" start="20221126210100 +0000" stop="20221126224600 +0000" catchup-id="1298396201"><title>Hit 30</title><date></date><icon src="https://t-mobiletv.nl:443/CPS/images/universal/film/program/202211/20221119/77/20221119090045512vry.jpg"></icon><desc></desc><category></category></programme><programme channel="141431450" start="20221126224600 +0000" stop="20221127010000 +0000" catchup-id="1298396207"><title>Hits Non Stop</title><date></date><icon src="https://t-mobiletv.nl:443/CPS/images/universal/film/program/202211/20221119/40/20221119090045512495.jpg"></icon><desc></desc><category></category></programme><programme channel="141431450" start="20221127010000 +0000" stop="20221127014500 +0000" catchup-id="1298822234"><title>Stream It</title><date></date><icon src="https://t-mobiletv.nl:443/CPS/images/universal/film/program/202211/20221120/89/20221120090105512tfk.jpg"></icon><desc></desc><category></category></programme><programme channel="141431450" start="20221127014500 +0000" stop="20221127020000 +0000" catchup-id="1298822240"><title>Hits Non Stop</title><date></date><icon src="https://t-mobiletv.nl:443/CPS/images/universal/film/program/202211/20221120/51/20221120090105512msj.jpg"></icon><desc></desc><category></category></programme><programme channel="141431450" start="20221127020000 +0000" stop="20221127050000 +0000" catchup-id="1298822246"><title>Sounds Of Trace</title><date></date><icon src="https://t-mobiletv.nl:443/CPS/images/universal/film/program/202211/20221120/7/20221120090105512jtc.jpg"></icon><desc></desc><category></category></programme><programme channel="141431450" start="20221127050000 +0000" stop="20221127060000 +0000" catchup-id="1298822252"><title>New</title><date></date><icon src="https://t-mobiletv.nl:443/CPS/images/universal/film/program/202211/20221120/78/20221120090105512jau.jpg"></icon><desc></desc><category></category></programme><programme channel="141431450" start="20221127060000 +0000" stop="20221127070000 +0000" catchup-id="1298822258"><title>Weekend Vibes</title><date></date><icon src="https://t-mobiletv.nl:443/CPS/images/universal/film/program/202211/20221120/9/202211200901055122bg.jpg"></icon><desc></desc><category></category></programme><programme channel="141431450" start="20221127070000 +0000" stop="20221127080000 +0000" catchup-id="1298822264"><title>Weekend Vibes</title><date></date><icon src="https://t-mobiletv.nl:443/CPS/images/universal/film/program/202211/20221120/84/20221120090105512jl3.jpg"></icon><desc></desc><category></category></programme><programme channel="141431450" start="20221127080000 +0000" stop="20221127110000 +0000" catchup-id="1298822270"><title>Sunny Vibes</title><date></date><icon src="https://t-mobiletv.nl:443/CPS/images/universal/film/program/202211/20221120/98/202211200901055125br.jpg"></icon><desc></desc><category></category></programme><programme channel="141431450" start="20221127110000 +0000" stop="20221127120000 +0000" catchup-id="1298822276"><title>100% Ladies</title><date></date><icon src="https://t-mobiletv.nl:443/CPS/images/universal/film/program/202211/20221120/31/20221120090105512tid.jpg"></icon><desc></desc><category></category></programme><programme channel="141431450" start="20221127120000 +0000" stop="20221127125600 +0000" catchup-id="1298822282"><title>Focus</title><date></date><icon src="https://t-mobiletv.nl:443/CPS/images/universal/film/program/202211/20221120/94/20221120090105512qf6.jpg"></icon><desc></desc><category></category></programme><programme channel="141431450" start="20221127125600 +0000" stop="20221127130000 +0000" catchup-id="1298822288"><title>Hits Non Stop</title><date></date><icon src="https://t-mobiletv.nl:443/CPS/images/universal/film/program/202211/20221120/51/202211200901055129z2.jpg"></icon><desc></desc><category></category></programme><programme channel="141431450" start="20221127130000 +0000" stop="20221127144500 +0000" catchup-id="1298822294"><title>Hit 30</title><date></date><icon src="https://t-mobiletv.nl:443/CPS/images/universal/film/program/202211/20221120/63/20221120090105512xa8.jpg"></icon><desc></desc><category></category></programme><programme channel="141431450" start="20221127144500 +0000" stop="20221127150000 +0000" catchup-id="1298822300"><title>Hits Non Stop</title><date></date><icon src="https://t-mobiletv.nl:443/CPS/images/universal/film/program/202211/20221120/31/20221120090105512as7.jpg"></icon><desc></desc><category></category></programme><programme channel="141431450" start="20221127150000 +0000" stop="20221127180000 +0000" catchup-id="1298822306"><title>Sunny Vibes</title><date></date><icon src="https://t-mobiletv.nl:443/CPS/images/universal/film/program/202211/20221120/4/20221120090105512nem.jpg"></icon><desc></desc><category></category></programme><programme channel="141431450" start="20221127180000 +0000" stop="20221127184500 +0000" catchup-id="1298822312"><title>Top 10 Caliente</title><date></date><icon src="https://t-mobiletv.nl:443/CPS/images/universal/film/program/202211/20221120/47/20221120090105512avj.jpg"></icon><desc></desc><category></category></programme><programme channel="141431450" start="20221127184500 +0000" stop="20221127191500 +0000" catchup-id="1298822318"><title>Hits Non Stop</title><date></date><icon src="https://t-mobiletv.nl:443/CPS/images/universal/film/program/202211/20221120/13/20221120090105512x9y.jpg"></icon><desc></desc><category></category></programme><programme channel="141431450" start="20221127191500 +0000" stop="20221127200000 +0000" catchup-id="1298822324"><title>Hit 10</title><date></date><icon src="https://t-mobiletv.nl:443/CPS/images/universal/film/program/202211/20221120/63/202211200901055124l4.jpg"></icon><desc></desc><category></category></programme><programme channel="141431450" start="20221127200000 +0000" stop="20221127210000 +0000" catchup-id="1298822330"><title>Hits &amp; Lyrics</title><date></date><icon src="https://t-mobiletv.nl:443/CPS/images/universal/film/program/202211/20221120/1/20221120090105512lvv.jpg"></icon><desc></desc><category></category></programme><programme channel="141431450" start="20221127210000 +0000" stop="20221127210100 +0000" catchup-id="1298822336"><title>Hits Non Stop</title><date></date><icon src="https://t-mobiletv.nl:443/CPS/images/universal/film/program/202211/20221120/52/20221120090105513nxt.jpg"></icon><desc></desc><category></category></programme><programme channel="141431450" start="20221127210100 +0000" stop="20221127220100 +0000" catchup-id="1298822342"><title>Rewind</title><date></date><icon src="https://t-mobiletv.nl:443/CPS/images/universal/film/program/202211/20221120/87/20221120090105513rj4.jpg"></icon><desc></desc><category></category></programme><programme channel="141431450" start="20221127220100 +0000" stop="20221127224600 +0000" catchup-id="1298822348"><title>Top 10 Pop</title><date></date><icon src="https://t-mobiletv.nl:443/CPS/images/universal/film/program/202211/20221120/7/20221120090105513k6t.jpg"></icon><desc></desc><category></category></programme><programme channel="141431450" start="20221127224600 +0000" stop="20221127230000 +0000" catchup-id="1298822354"><title>Hits Non Stop</title><date></date><icon src="https://t-mobiletv.nl:443/CPS/images/universal/film/program/202211/20221120/94/202211200901055133xs.jpg"></icon><desc></desc><category></category></programme><programme channel="141431450" start="20221127230000 +0000" stop="20221128000000 +0000" catchup-id="1299210748"><title>Weekend Vibes</title><date></date><icon src="https://t-mobiletv.nl:443/CPS/images/universal/film/program/202211/20221121/4/20221121090110513vt5.jpg"></icon><desc></desc><category></category></programme><programme channel="141431450" start="20221128000000 +0000" stop="20221128010000 +0000" catchup-id="1299210754"><title>Weekend Vibes</title><date></date><icon src="https://t-mobiletv.nl:443/CPS/images/universal/film/program/202211/20221121/14/20221121090110513oi7.jpg"></icon><desc></desc><category></category></programme><programme channel="141431450" start="20221128010000 +0000" stop="20221128014500 +0000" catchup-id="1299210760"><title>Top 10 Caliente</title><date></date><icon src="https://t-mobiletv.nl:443/CPS/images/universal/film/program/202211/20221121/78/20221121090110513oyn.jpg"></icon><desc></desc><category></category></programme><programme channel="141431450" start="20221128014500 +0000" stop="20221128020000 +0000" catchup-id="1299210766"><title>Hits Non Stop</title><date></date><icon src="https://t-mobiletv.nl:443/CPS/images/universal/film/program/202211/20221121/21/20221121090110513ipk.jpg"></icon><desc></desc><category></category></programme><programme channel="141431450" start="20221128020000 +0000" stop="20221128050000 +0000" catchup-id="1299210772"><title>Sounds Of Trace</title><date></date><icon src="https://t-mobiletv.nl:443/CPS/images/universal/film/program/202211/20221121/9/20221121090110514wd5.jpg"></icon><desc></desc><category></category></programme><programme channel="141431450" start="20221128050000 +0000" stop="20221128060000 +0000" catchup-id="1299210778"><title>New</title><date></date><icon src="https://t-mobiletv.nl:443/CPS/images/universal/film/program/202211/20221121/56/202211210901105141cu.jpg"></icon><desc></desc><category></category></programme><programme channel="141431450" start="20221128060000 +0000" stop="20221128080000 +0000" catchup-id="1299210784"><title>Hits Non Stop</title><date></date><icon src="https://t-mobiletv.nl:443/CPS/images/universal/film/program/202211/20221121/15/20221121090110514l8n.jpg"></icon><desc></desc><category></category></programme><programme channel="141431450" start="20221128080000 +0000" stop="20221128090000 +0000" catchup-id="1299210790"><title>100% Ladies</title><date></date><icon src="https://t-mobiletv.nl:443/CPS/images/universal/film/program/202211/20221121/23/20221121090110514ync.jpg"></icon><desc></desc><category></category></programme><programme channel="141431450" start="20221128090000 +0000" stop="20221128120000 +0000" catchup-id="1299210796"><title>Urban Vibes</title><date></date><icon src="https://t-mobiletv.nl:443/CPS/images/universal/film/program/202211/20221121/19/20221121090110514sn1.jpg"></icon><desc></desc><category></category></programme><programme channel="141431450" start="20221128120000 +0000" stop="20221128124500 +0000" catchup-id="1299210802"><title>Hit 10</title><date></date><icon src="https://t-mobiletv.nl:443/CPS/images/universal/film/program/202211/20221121/11/20221121090110514uyd.jpg"></icon><desc></desc><category></category></programme><programme channel="141431450" start="20221128124500 +0000" stop="20221128130000 +0000" catchup-id="1299210808"><title>Hits Non Stop</title><date></date><icon src="https://t-mobiletv.nl:443/CPS/images/universal/film/program/202211/20221121/87/202211210901105149vf.jpg"></icon><desc></desc><category></category></programme><programme channel="141431450" start="20221128130000 +0000" stop="20221128160000 +0000" catchup-id="1299210814"><title>Sounds Of Trace</title><date></date><icon src="https://t-mobiletv.nl:443/CPS/images/universal/film/program/202211/20221121/27/20221121090110514pkw.jpg"></icon><desc></desc><category></category></programme><programme channel="141431450" start="20221128160000 +0000" stop="20221128170000 +0000" catchup-id="1299210820"><title>100% Ladies</title><date></date><icon src="https://t-mobiletv.nl:443/CPS/images/universal/film/program/202211/20221121/74/20221121090110514j31.jpg"></icon><desc></desc><category></category></programme><programme channel="141431450" start="20221128170000 +0000" stop="20221128190000 +0000" catchup-id="1299210826"><title>Hits Non Stop</title><date></date><icon src="https://t-mobiletv.nl:443/CPS/images/universal/film/program/202211/20221121/9/20221121090110514u4o.jpg"></icon><desc></desc><category></category></programme><programme channel="141431450" start="20221128190000 +0000" stop="20221128191500 +0000" catchup-id="1299210832"><title>Hits Non Stop</title><date></date><icon src="https://t-mobiletv.nl:443/CPS/images/universal/film/program/202211/20221121/75/20221121090110514f2a.jpg"></icon><desc></desc><category></category></programme><programme channel="141431450" start="20221128191500 +0000" stop="20221128200000 +0000" catchup-id="1299210838"><title>Hit 10</title><date></date><icon src="https://t-mobiletv.nl:443/CPS/images/universal/film/program/202211/20221121/97/202211210901105148ns.jpg"></icon><desc></desc><category></category></programme><programme channel="141431450" start="20221128200000 +0000" stop="20221128205900 +0000" catchup-id="1299210844"><title>Hits &amp; Lyrics</title><date></date><icon src="https://t-mobiletv.nl:443/CPS/images/universal/film/program/202211/20221121/37/202211210901105140kk.jpg"></icon><desc></desc><category></category></programme><programme channel="141431450" start="20221128205900 +0000" stop="20221128210000 +0000" catchup-id="1299210850"><title>Hits Non Stop</title><date></date><icon src="https://t-mobiletv.nl:443/CPS/images/universal/film/program/202211/20221121/73/20221121090110514ll2.jpg"></icon><desc></desc><category></category></programme><programme channel="141431450" start="20221128210000 +0000" stop="20221128220000 +0000" catchup-id="1299210856"><title>New</title><date></date><icon src="https://t-mobiletv.nl:443/CPS/images/universal/film/program/202211/20221121/49/202211210901105147vu.jpg"></icon><desc></desc><category></category></programme><programme channel="141431450" start="20221128220000 +0000" stop="20221128224500 +0000" catchup-id="1299210862"><title>Top 10 Hip Hop</title><date></date><icon src="https://t-mobiletv.nl:443/CPS/images/universal/film/program/202211/20221121/68/20221121090110515w9f.jpg"></icon><desc></desc><category></category></programme><programme channel="141431450" start="20221128224500 +0000" stop="20221128230000 +0000" catchup-id="1299210868"><title>Hits Non Stop</title><date></date><icon src="https://t-mobiletv.nl:443/CPS/images/universal/film/program/202211/20221121/0/20221121090110515ocm.jpg"></icon><desc></desc><category></category></programme><programme channel="141431450" start="20221128230000 +0000" stop="20221129000000 +0000" catchup-id="1299569334"><title>Pop Vibes</title><date></date><icon src="https://t-mobiletv.nl:443/CPS/images/universal/film/program/202211/20221122/7/202211220900297455e1.jpg"></icon><desc></desc><category></category></programme><programme channel="141431450" start="20221129000000 +0000" stop="20221129010000 +0000" catchup-id="1299569340"><title>Sweet Zone</title><date></date><icon src="https://t-mobiletv.nl:443/CPS/images/universal/film/program/202211/20221122/66/202211220900297458g1.jpg"></icon><desc></desc><category></category></programme><programme channel="141431450" start="20221129010000 +0000" stop="20221129014500 +0000" catchup-id="1299569346"><title>Top 10 Club</title><date></date><icon src="https://t-mobiletv.nl:443/CPS/images/universal/film/program/202211/20221122/1/20221122090029745atw.jpg"></icon><desc></desc><category></category></programme><programme channel="141431450" start="20221129014500 +0000" stop="20221129020000 +0000" catchup-id="1299569352"><title>Hits Non Stop</title><date></date><icon src="https://t-mobiletv.nl:443/CPS/images/universal/film/program/202211/20221122/77/20221122090029745ca9.jpg"></icon><desc></desc><category></category></programme><programme channel="141431450" start="20221129020000 +0000" stop="20221129050000 +0000" catchup-id="1299569358"><title>Sounds Of Trace</title><date></date><icon src="https://t-mobiletv.nl:443/CPS/images/universal/film/program/202211/20221122/67/20221122090029745vx8.jpg"></icon><desc></desc><category></category></programme><programme channel="141431450" start="20221129050000 +0000" stop="20221129060000 +0000" catchup-id="1299569364"><title>New</title><date></date><icon src="https://t-mobiletv.nl:443/CPS/images/universal/film/program/202211/20221122/97/2022112209002974523j.jpg"></icon><desc></desc><category></category></programme><programme channel="141431450" start="20221129060000 +0000" stop="20221129080000 +0000" catchup-id="1299569370"><title>Hits Non Stop</title><date></date><icon src="https://t-mobiletv.nl:443/CPS/images/universal/film/program/202211/20221122/92/20221122090029745dol.jpg"></icon><desc></desc><category></category></programme><programme channel="141431450" start="20221129080000 +0000" stop="20221129090000 +0000" catchup-id="1299569376"><title>100% Ladies</title><date></date><icon src="https://t-mobiletv.nl:443/CPS/images/universal/film/program/202211/20221122/87/20221122090029745s3s.jpg"></icon><desc></desc><category></category></programme><programme channel="141431450" start="20221129090000 +0000" stop="20221129120000 +0000" catchup-id="1299569382"><title>Urban Vibes</title><date></date><icon src="https://t-mobiletv.nl:443/CPS/images/universal/film/program/202211/20221122/37/20221122090029745zrh.jpg"></icon><desc></desc><category></category></programme><programme channel="141431450" start="20221129120000 +0000" stop="20221129124500 +0000" catchup-id="1299569388"><title>Hit 10</title><date></date><icon src="https://t-mobiletv.nl:443/CPS/images/universal/film/program/202211/20221122/67/20221122090029745j2l.jpg"></icon><desc></desc><category></category></programme><programme channel="141431450" start="20221129124500 +0000" stop="20221129130000 +0000" catchup-id="1299569394"><title>Hits Non Stop</title><date></date><icon src="https://t-mobiletv.nl:443/CPS/images/universal/film/program/202211/20221122/12/2022112209002974570g.jpg"></icon><desc></desc><category></category></programme><programme channel="141431450" start="20221129130000 +0000" stop="20221129160000 +0000" catchup-id="1299569400"><title>Sounds Of Trace</title><date></date><icon src="https://t-mobiletv.nl:443/CPS/images/universal/film/program/202211/20221122/79/20221122090029745aan.jpg"></icon><desc></desc><category></category></programme><programme channel="141431450" start="20221129160000 +0000" stop="20221129170000 +0000" catchup-id="1299569406"><title>100% Ladies</title><date></date><icon src="https://t-mobiletv.nl:443/CPS/images/universal/film/program/202211/20221122/92/20221122090029745ppa.jpg"></icon><desc></desc><category></category></programme><programme channel="141431450" start="20221129170000 +0000" stop="20221129190000 +0000" catchup-id="1299569412"><title>Hits Non Stop</title><date></date><icon src="https://t-mobiletv.nl:443/CPS/images/universal/film/program/202211/20221122/39/2022112209002974568m.jpg"></icon><desc></desc><category></category></programme><programme channel="141431450" start="20221129190000 +0000" stop="20221129191500 +0000" catchup-id="1299569418"><title>Hits Non Stop</title><date></date><icon src="https://t-mobiletv.nl:443/CPS/images/universal/film/program/202211/20221122/98/20221122090029745ndf.jpg"></icon><desc></desc><category></category></programme><programme channel="141431450" start="20221129191500 +0000" stop="20221129200000 +0000" catchup-id="1299569424"><title>Hit 10</title><date></date><icon src="https://t-mobiletv.nl:443/CPS/images/universal/film/program/202211/20221122/50/20221122090029745zp1.jpg"></icon><desc></desc><category></category></programme><programme channel="141431450" start="20221129200000 +0000" stop="20221129205500 +0000" catchup-id="1299569430"><title>Hits &amp; Lyrics</title><date></date><icon src="https://t-mobiletv.nl:443/CPS/images/universal/film/program/202211/20221122/97/20221122090029746jud.jpg"></icon><desc></desc><category></category></programme><programme channel="141431450" start="20221129205500 +0000" stop="20221129210000 +0000" catchup-id="1299569436"><title>Hits Non Stop</title><date></date><icon src="https://t-mobiletv.nl:443/CPS/images/universal/film/program/202211/20221122/15/20221122090029746v7b.jpg"></icon><desc></desc><category></category></programme><programme channel="141431450" start="20221129210000 +0000" stop="20221129220000 +0000" catchup-id="1299569442"><title>New</title><date></date><icon src="https://t-mobiletv.nl:443/CPS/images/universal/film/program/202211/20221122/44/20221122090029746ti5.jpg"></icon><desc></desc><category></category></programme><programme channel="141431450" start="20221129220000 +0000" stop="20221129224500 +0000" catchup-id="1299569448"><title>Stream It</title><date></date><icon src="https://t-mobiletv.nl:443/CPS/images/universal/film/program/202211/20221122/64/202211220900297469q3.jpg"></icon><desc></desc><category></category></programme><programme channel="141431450" start="20221129224500 +0000" stop="20221129230000 +0000" catchup-id="1299569454"><title>Hits Non Stop</title><date></date><icon src="https://t-mobiletv.nl:443/CPS/images/universal/film/program/202211/20221122/24/202211220900297467ge.jpg"></icon><desc></desc><category></category></programme><programme channel="141431450" start="20221129230000 +0000" stop="20221130000000 +0000" catchup-id="1300034517"><title>100% Ladies</title><date></date><icon src="https://t-mobiletv.nl:443/CPS/images/universal/film/program/202211/20221123/36/20221123090124709pq0.jpg"></icon><desc></desc><category></category></programme><programme channel="141431450" start="20221130000000 +0000" stop="20221130010000 +0000" catchup-id="1300034523"><title>Sweet Zone</title><date></date><icon src="https://t-mobiletv.nl:443/CPS/images/universal/film/program/202211/20221123/72/20221123090124709cwy.jpg"></icon><desc></desc><category></category></programme><programme channel="141431450" start="20221130010000 +0000" stop="20221130014500 +0000" catchup-id="1300034529"><title>Us Hit</title><date></date><icon src="https://t-mobiletv.nl:443/CPS/images/universal/film/program/202211/20221123/21/20221123090124709k0j.jpg"></icon><desc></desc><category></category></programme><programme channel="141431450" start="20221130014500 +0000" stop="20221130020000 +0000" catchup-id="1300034535"><title>Hits Non Stop</title><date></date><icon src="https://t-mobiletv.nl:443/CPS/images/universal/film/program/202211/20221123/41/202211230901247097ry.jpg"></icon><desc></desc><category></category></programme><programme channel="141431450" start="20221130020000 +0000" stop="20221130050000 +0000" catchup-id="1300034541"><title>Sounds Of Trace</title><date></date><icon src="https://t-mobiletv.nl:443/CPS/images/universal/film/program/202211/20221123/12/20221123090124709a5t.jpg"></icon><desc></desc><category></category></programme><programme channel="141431450" start="20221130050000 +0000" stop="20221130060000 +0000" catchup-id="1300034547"><title>New</title><date></date><icon src="https://t-mobiletv.nl:443/CPS/images/universal/film/program/202211/20221123/60/20221123090124709gjx.jpg"></icon><desc></desc><category></category></programme><programme channel="141431450" start="20221130060000 +0000" stop="20221130080000 +0000" catchup-id="1300034553"><title>Hits Non Stop</title><date></date><icon src="https://t-mobiletv.nl:443/CPS/images/universal/film/program/202211/20221123/91/20221123090124709evy.jpg"></icon><desc></desc><category></category></programme><programme channel="141431450" start="20221130080000 +0000" stop="20221130090000 +0000" catchup-id="1300034559"><title>100% Ladies</title><date></date><icon src="https://t-mobiletv.nl:443/CPS/images/universal/film/program/202211/20221123/55/20221123090124709w2f.jpg"></icon><desc></desc><category></category></programme><programme channel="141431450" start="20221130090000 +0000" stop="20221130110000 +0000" catchup-id="1300034565"><title>Urban Vibes</title><date></date><icon src="https://t-mobiletv.nl:443/CPS/images/universal/film/program/202211/20221123/20/20221123090124709yme.jpg"></icon><desc></desc><category></category></programme><programme channel="141431450" start="20221130110000 +0000" stop="20221130115600 +0000" catchup-id="1300034571"><title>Focus</title><date></date><icon src="https://t-mobiletv.nl:443/CPS/images/universal/film/program/202211/20221123/74/20221123090124709bcb.jpg"></icon><desc></desc><category></category></programme><programme channel="141431450" start="20221130115600 +0000" stop="20221130120000 +0000" catchup-id="1300034577"><title>Hits Non Stop</title><date></date><icon src="https://t-mobiletv.nl:443/CPS/images/universal/film/program/202211/20221123/22/20221123090124709j77.jpg"></icon><desc></desc><category></category></programme><programme channel="141431450" start="20221130120000 +0000" stop="20221130124500 +0000" catchup-id="1300034583"><title>Hit 10</title><date></date><icon src="https://t-mobiletv.nl:443/CPS/images/universal/film/program/202211/20221123/9/20221123090124709t74.jpg"></icon><desc></desc><category></category></programme><programme channel="141431450" start="20221130124500 +0000" stop="20221130130000 +0000" catchup-id="1300034589"><title>Hits Non Stop</title><date></date><icon src="https://t-mobiletv.nl:443/CPS/images/universal/film/program/202211/20221123/43/20221123090124710hkb.jpg"></icon><desc></desc><category></category></programme><programme channel="141431450" start="20221130130000 +0000" stop="20221130160000 +0000" catchup-id="1300034595"><title>Sounds Of Trace</title><date></date><icon src="https://t-mobiletv.nl:443/CPS/images/universal/film/program/202211/20221123/82/2022112309012471033g.jpg"></icon><desc></desc><category></category></programme><programme channel="141431450" start="20221130160000 +0000" stop="20221130170000 +0000" catchup-id="1300034601"><title>100% Ladies</title><date></date><icon src="https://t-mobiletv.nl:443/CPS/images/universal/film/program/202211/20221123/25/20221123090124710hm1.jpg"></icon><desc></desc><category></category></programme><programme channel="141431450" start="20221130170000 +0000" stop="20221130190000 +0000" catchup-id="1300034607"><title>Hits Non Stop</title><date></date><icon src="https://t-mobiletv.nl:443/CPS/images/universal/film/program/202211/20221123/76/20221123090124710ejf.jpg"></icon><desc></desc><category></category></programme><programme channel="141431450" start="20221130190000 +0000" stop="20221130191500 +0000" catchup-id="1300034613"><title>Hits Non Stop</title><date></date><icon src="https://t-mobiletv.nl:443/CPS/images/universal/film/program/202211/20221123/9/20221123090124710lhj.jpg"></icon><desc></desc><category></category></programme><programme channel="141431450" start="20221130191500 +0000" stop="20221130200000 +0000" catchup-id="1300034619"><title>Hit 10</title><date></date><icon src="https://t-mobiletv.nl:443/CPS/images/universal/film/program/202211/20221123/12/20221123090124710q8r.jpg"></icon><desc></desc><category></category></programme><programme channel="141431450" start="20221130200000 +0000" stop="20221130210000 +0000" catchup-id="1300034625"><title>Hits &amp; Lyrics</title><date></date><icon src="https://t-mobiletv.nl:443/CPS/images/universal/film/program/202211/20221123/71/202211230901247102e6.jpg"></icon><desc></desc><category></category></programme><programme channel="141431450" start="20221130210000 +0000" stop="20221130210200 +0000" catchup-id="1300034631"><title>Hits Non Stop</title><date></date><icon src="https://t-mobiletv.nl:443/CPS/images/universal/film/program/202211/20221123/81/20221123090124710p80.jpg"></icon><desc></desc><category></category></programme><programme channel="141431450" start="20221130210200 +0000" stop="20221130220200 +0000" catchup-id="1300034637"><title>New</title><date></date><icon src="https://t-mobiletv.nl:443/CPS/images/universal/film/program/202211/20221123/3/20221123090124710gy0.jpg"></icon><desc></desc><category></category></programme><programme channel="141431450" start="20221130220200 +0000" stop="20221130224700 +0000" catchup-id="1300034643"><title>Best French 10</title><date></date><icon src="https://t-mobiletv.nl:443/CPS/images/universal/film/program/202211/20221123/72/202211230901247107re.jpg"></icon><desc></desc><category></category></programme><programme channel="141431450" start="20221130224700 +0000" stop="20221130230000 +0000" catchup-id="1300034649"><title>Hits Non Stop</title><date></date><icon src="https://t-mobiletv.nl:443/CPS/images/universal/film/program/202211/20221123/89/20221123090124710teo.jpg"></icon><desc></desc><category></category></programme><programme channel="141431450" start="20221130230000 +0000" stop="20221201000000 +0000" catchup-id="1300416861"><title>Rewind</title><date></date><icon src="https://t-mobiletv.nl:443/CPS/images/universal/film/program/202211/20221124/69/20221124090050513ldq.jpg"></icon><desc></desc><category></category></programme><programme channel="141431450" start="20221201000000 +0000" stop="20221201010000 +0000" catchup-id="1300416867"><title>Sweet Zone</title><date></date><icon src="https://t-mobiletv.nl:443/CPS/images/universal/film/program/202211/20221124/59/20221124090050514eed.jpg"></icon><desc></desc><category></category></programme><programme channel="141431450" start="20221201010000 +0000" stop="20221201014500 +0000" catchup-id="1300417193"><title>Top 10 Pop</title><date></date><icon src="https://t-mobiletv.nl:443/CPS/images/universal/film/program/202211/20221124/82/202211240900505149cb.jpg"></icon><desc></desc><category></category></programme><programme channel="141431450" start="20221201014500 +0000" stop="20221201020000 +0000" catchup-id="1300417199"><title>Hits Non Stop</title><date></date><icon src="https://t-mobiletv.nl:443/CPS/images/universal/film/program/202211/20221124/56/202211240900505144xe.jpg"></icon><desc></desc><category></category></programme><programme channel="141431450" start="20221201020000 +0000" stop="20221201050000 +0000" catchup-id="1300417205"><title>Sounds Of Trace</title><date></date><icon src="https://t-mobiletv.nl:443/CPS/images/universal/film/program/202211/20221124/24/20221124090050514j5v.jpg"></icon><desc></desc><category></category></programme><programme channel="141431450" start="20221201050000 +0000" stop="20221201060000 +0000" catchup-id="1300417211"><title>New</title><date></date><icon src="https://t-mobiletv.nl:443/CPS/images/universal/film/program/202211/20221124/95/20221124090050514ng5.jpg"></icon><desc></desc><category></category></programme><programme channel="141431450" start="20221201060000 +0000" stop="20221201080000 +0000" catchup-id="1300417217"><title>Hits Non Stop</title><date></date><icon src="https://t-mobiletv.nl:443/CPS/images/universal/film/program/202211/20221124/66/20221124090050514lsj.jpg"></icon><desc></desc><category></category></programme><programme channel="141431450" start="20221201080000 +0000" stop="20221201090000 +0000" catchup-id="1300417223"><title>100% Ladies</title><date></date><icon src="https://t-mobiletv.nl:443/CPS/images/universal/film/program/202211/20221124/97/20221124090050514znt.jpg"></icon><desc></desc><category></category></programme><programme channel="141431450" start="20221201090000 +0000" stop="20221201120000 +0000" catchup-id="1300417229"><title>Urban Vibes</title><date></date><icon src="https://t-mobiletv.nl:443/CPS/images/universal/film/program/202211/20221124/87/2022112409005051434t.jpg"></icon><desc></desc><category></category></programme><programme channel="141431450" start="20221201120000 +0000" stop="20221201124500 +0000" catchup-id="1300417235"><title>Hit 10</title><date></date><icon src="https://t-mobiletv.nl:443/CPS/images/universal/film/program/202211/20221124/31/20221124090050514weo.jpg"></icon><desc></desc><category></category></programme><programme channel="141431450" start="20221201124500 +0000" stop="20221201130000 +0000" catchup-id="1300417241"><title>Hits Non Stop</title><date></date><icon src="https://t-mobiletv.nl:443/CPS/images/universal/film/program/202211/20221124/50/202211240900505144ea.jpg"></icon><desc></desc><category></category></programme><programme channel="141431450" start="20221201130000 +0000" stop="20221201160000 +0000" catchup-id="1300417247"><title>Sounds Of Trace</title><date></date><icon src="https://t-mobiletv.nl:443/CPS/images/universal/film/program/202211/20221124/50/20221124090050514qd7.jpg"></icon><desc></desc><category></category></programme><programme channel="141431450" start="20221201160000 +0000" stop="20221201170000 +0000" catchup-id="1300417253"><title>100% Ladies</title><date></date><icon src="https://t-mobiletv.nl:443/CPS/images/universal/film/program/202211/20221124/58/20221124090050514sjk.jpg"></icon><desc></desc><category></category></programme><programme channel="141431450" start="20221201170000 +0000" stop="20221201190000 +0000" catchup-id="1300417259"><title>Hits Non Stop</title><date></date><icon src="https://t-mobiletv.nl:443/CPS/images/universal/film/program/202211/20221124/28/202211240900505149io.jpg"></icon><desc></desc><category></category></programme><programme channel="141431450" start="20221201190000 +0000" stop="20221201191500 +0000" catchup-id="1300417265"><title>Hits Non Stop</title><date></date><icon src="https://t-mobiletv.nl:443/CPS/images/universal/film/program/202211/20221124/11/2022112409005051425u.jpg"></icon><desc></desc><category></category></programme><programme channel="141431450" start="20221201191500 +0000" stop="20221201200000 +0000" catchup-id="1300417271"><title>Hit 10</title><date></date><icon src="https://t-mobiletv.nl:443/CPS/images/universal/film/program/202211/20221124/50/20221124090050514h3b.jpg"></icon><desc></desc><category></category></programme><programme channel="141431450" start="20221201200000 +0000" stop="20221201205900 +0000" catchup-id="1300417277"><title>Hits &amp; Lyrics</title><date></date><icon src="https://t-mobiletv.nl:443/CPS/images/universal/film/program/202211/20221124/2/20221124090050514ms7.jpg"></icon><desc></desc><category></category></programme><programme channel="141431450" start="20221201205900 +0000" stop="20221201210000 +0000" catchup-id="1300417283"><title>Hits Non Stop</title><date></date><icon src="https://t-mobiletv.nl:443/CPS/images/universal/film/program/202211/20221124/32/20221124090050514kb0.jpg"></icon><desc></desc><category></category></programme><programme channel="141431450" start="20221201210000 +0000" stop="20221201220000 +0000" catchup-id="1300417289"><title>New</title><date></date><icon src="https://t-mobiletv.nl:443/CPS/images/universal/film/program/202211/20221124/12/20221124090050514aig.jpg"></icon><desc></desc><category></category></programme><programme channel="141431450" start="20221201220000 +0000" stop="20221201224500 +0000" catchup-id="1300417295"><title>Stream It</title><date></date><icon src="https://t-mobiletv.nl:443/CPS/images/universal/film/program/202211/20221124/15/20221124090050515cxt.jpg"></icon><desc></desc><category></category></programme><programme channel="141431450" start="20221201224500 +0000" stop="20221201230000 +0000" catchup-id="1300417301"><title>Hits Non Stop</title><date></date><icon src="https://t-mobiletv.nl:443/CPS/images/universal/film/program/202211/20221124/52/20221124090050515q4a.jpg"></icon><desc></desc><category></category></programme>