<programme channel="141429839" start="20221119180000 +0000" stop="20221119183000 +0000" catchup-id="1295490662"><title>I Want My MTV: Joel Corry</title><date></date><icon src="https://t-mobiletv.nl:443/CPS/images/universal/film/program/202211/20221112/11/202211120901105195lh.jpg"></icon><desc></desc><category></category></programme><programme channel="141429839" start="20221119183000 +0000" stop="20221119190000 +0000" catchup-id="1295490668"><title>The Weeknd: Greatest Hits</title><date></date><icon src="https://t-mobiletv.nl:443/CPS/images/universal/film/program/202211/20221112/51/2022111209011051990w.jpg"></icon><desc></desc><category></category></programme><programme channel="141429839" start="20221119190000 +0000" stop="20221120010000 +0000" catchup-id="1295490674"><title>Party Hits</title><date></date><icon src="https://t-mobiletv.nl:443/CPS/images/universal/film/program/202211/20221112/89/202211120901105198qc.jpg"></icon><desc></desc><category></category></programme><programme channel="141429839" start="20221120010000 +0000" stop="20221120050000 +0000" catchup-id="1295902883"><title>Party Hits</title><date></date><icon src="https://t-mobiletv.nl:443/CPS/images/universal/film/program/202211/20221113/5/20221113090115519ree.jpg"></icon><desc></desc><category></category></programme><programme channel="141429839" start="20221120050000 +0000" stop="20221120061000 +0000" catchup-id="1295902889"><title>MTV Top 20</title><date></date><icon src="https://t-mobiletv.nl:443/CPS/images/universal/film/program/202211/20221113/60/20221113090115519d7b.jpg"></icon><desc></desc><category></category></programme><programme channel="141429839" start="20221120061000 +0000" stop="20221120090000 +0000" catchup-id="1295902895"><title>Non-Stop Hits</title><date></date><icon src="https://t-mobiletv.nl:443/CPS/images/universal/film/program/202211/20221113/44/202211130901155208i8.jpg"></icon><desc></desc><category></category></programme><programme channel="141429839" start="20221120090000 +0000" stop="20221120093000 +0000" catchup-id="1295902901"><title>I Want My MTV: Joel Corry</title><date></date><icon src="https://t-mobiletv.nl:443/CPS/images/universal/film/program/202211/20221113/64/20221113090115520gm0.jpg"></icon><desc></desc><category></category></programme><programme channel="141429839" start="20221120093000 +0000" stop="20221120100000 +0000" catchup-id="1295902907"><title>Bruno Mars: Greatest Hits</title><date></date><icon src="https://t-mobiletv.nl:443/CPS/images/universal/film/program/202211/20221113/3/20221113090115520k94.jpg"></icon><desc></desc><category></category></programme><programme channel="141429839" start="20221120100000 +0000" stop="20221120130000 +0000" catchup-id="1295902913"><title>Weekend Hitlist</title><date></date><icon src="https://t-mobiletv.nl:443/CPS/images/universal/film/program/202211/20221113/1/2022111309011552031m.jpg"></icon><desc></desc><category></category></programme><programme channel="141429839" start="20221120130000 +0000" stop="20221120140000 +0000" catchup-id="1295902919"><title>Today's Top Hits</title><date></date><icon src="https://t-mobiletv.nl:443/CPS/images/universal/film/program/202211/20221113/94/20221113090115520xru.jpg"></icon><desc></desc><category></category></programme><programme channel="141429839" start="20221120140000 +0000" stop="20221120170000 +0000" catchup-id="1295902925"><title>Best Collabs: The Boys! Top 50</title><date></date><icon src="https://t-mobiletv.nl:443/CPS/images/universal/film/program/202211/20221113/21/202211130901155204m4.jpg"></icon><desc></desc><category></category></programme><programme channel="141429839" start="20221120170000 +0000" stop="20221120180000 +0000" catchup-id="1295902931"><title>2022 MTV EMAs: The Winners</title><date></date><icon src="https://t-mobiletv.nl:443/CPS/images/universal/film/program/202211/20221113/79/20221113090115520p62.jpg"></icon><desc></desc><category></category></programme><programme channel="141429839" start="20221120180000 +0000" stop="20221120220000 +0000" catchup-id="1295902937"><title>Worldwide Hits!</title><date></date><icon src="https://t-mobiletv.nl:443/CPS/images/universal/film/program/202211/20221113/11/20221113090115520gx3.jpg"></icon><desc></desc><category></category></programme><programme channel="141429839" start="20221120220000 +0000" stop="20221121035900 +0000" catchup-id="1295902943"><title>Non-Stop Hits</title><date></date><icon src="https://t-mobiletv.nl:443/CPS/images/universal/film/program/202211/20221113/29/20221113090115520mhw.jpg"></icon><desc></desc><category></category></programme><programme channel="141429839" start="20221121035900 +0000" stop="20221121050000 +0000" catchup-id="1299334774"><title>Geen programma-informatie beschikbaar</title><date></date><icon src="https://t-mobiletv.nl:443/CPS/images/universal/film/program/202211/20221121/73/20221121210059722awu.jpg"></icon><desc></desc><category></category></programme><programme channel="141429839" start="20221121050000 +0000" stop="20221121090000 +0000" catchup-id="1296253936"><title>Non-Stop Hits</title><date></date><icon src="https://t-mobiletv.nl:443/CPS/images/universal/film/program/202211/20221114/92/20221114090055528d08.jpg"></icon><desc></desc><category></category></programme><programme channel="141429839" start="20221121090000 +0000" stop="20221121100000 +0000" catchup-id="1296253942"><title>Today's Top Hits</title><date></date><icon src="https://t-mobiletv.nl:443/CPS/images/universal/film/program/202211/20221114/67/20221114090055528i32.jpg"></icon><desc></desc><category></category></programme><programme channel="141429839" start="20221121100000 +0000" stop="20221121130000 +0000" catchup-id="1296253948"><title>Totally 10s!</title><date></date><icon src="https://t-mobiletv.nl:443/CPS/images/universal/film/program/202211/20221114/4/20221114090055528z1v.jpg"></icon><desc></desc><category></category></programme><programme channel="141429839" start="20221121130000 +0000" stop="20221121140000 +0000" catchup-id="1296253954"><title>Drake: Greatest Hits</title><date></date><icon src="https://t-mobiletv.nl:443/CPS/images/universal/film/program/202211/20221114/38/202211140900555285rb.jpg"></icon><desc></desc><category></category></programme><programme channel="141429839" start="20221121140000 +0000" stop="20221121160000 +0000" catchup-id="1296253960"><title>Totally 10s!</title><date></date><icon src="https://t-mobiletv.nl:443/CPS/images/universal/film/program/202211/20221114/76/20221114090055528zmo.jpg"></icon><desc></desc><category></category></programme><programme channel="141429839" start="20221121160000 +0000" stop="20221121180000 +0000" catchup-id="1296253966"><title>Worldwide Hits</title><date></date><icon src="https://t-mobiletv.nl:443/CPS/images/universal/film/program/202211/20221114/78/20221114090055528s4p.jpg"></icon><desc></desc><category></category></programme><programme channel="141429839" start="20221121180000 +0000" stop="20221121190000 +0000" catchup-id="1296253972"><title>MTV Top 20</title><date></date><icon src="https://t-mobiletv.nl:443/CPS/images/universal/film/program/202211/20221114/94/20221114090055528ez6.jpg"></icon><desc></desc><category></category></programme><programme channel="141429839" start="20221121190000 +0000" stop="20221121200000 +0000" catchup-id="1296253978"><title>Totally 10s!</title><date></date><icon src="https://t-mobiletv.nl:443/CPS/images/universal/film/program/202211/20221114/92/20221114090055528cm2.jpg"></icon><desc></desc><category></category></programme><programme channel="141429839" start="20221121200000 +0000" stop="20221121230000 +0000" catchup-id="1296253984"><title>Worldwide Hits!</title><date></date><icon src="https://t-mobiletv.nl:443/CPS/images/universal/film/program/202211/20221114/12/20221114090055528i9r.jpg"></icon><desc></desc><category></category></programme><programme channel="141429839" start="20221121230000 +0000" stop="20221121233000 +0000" catchup-id="1296677070"><title>I Want My MTV: Joel Corry</title><date></date><icon src="https://t-mobiletv.nl:443/CPS/images/universal/film/program/202211/20221115/65/20221115090044714on4.jpg"></icon><desc></desc><category></category></programme><programme channel="141429839" start="20221121233000 +0000" stop="20221122000000 +0000" catchup-id="1296677076"><title>Post Malone: Greatest Hits</title><date></date><icon src="https://t-mobiletv.nl:443/CPS/images/universal/film/program/202211/20221115/41/2022111509004471455g.jpg"></icon><desc></desc><category></category></programme><programme channel="141429839" start="20221122000000 +0000" stop="20221122050000 +0000" catchup-id="1296677082"><title>Non-Stop Hits</title><date></date><icon src="https://t-mobiletv.nl:443/CPS/images/universal/film/program/202211/20221115/55/20221115090044714chh.jpg"></icon><desc></desc><category></category></programme><programme channel="141429839" start="20221122050000 +0000" stop="20221122090000 +0000" catchup-id="1296677088"><title>Non-Stop Hits</title><date></date><icon src="https://t-mobiletv.nl:443/CPS/images/universal/film/program/202211/20221115/20/20221115090044714xkv.jpg"></icon><desc></desc><category></category></programme><programme channel="141429839" start="20221122090000 +0000" stop="20221122093000 +0000" catchup-id="1296677094"><title>I Want My MTV: Joel Corry</title><date></date><icon src="https://t-mobiletv.nl:443/CPS/images/universal/film/program/202211/20221115/77/20221115090044715o9b.jpg"></icon><desc></desc><category></category></programme><programme channel="141429839" start="20221122093000 +0000" stop="20221122100000 +0000" catchup-id="1296677292"><title>Post Malone: Greatest Hits</title><date></date><icon src="https://t-mobiletv.nl:443/CPS/images/universal/film/program/202211/20221115/26/20221115090044715i3v.jpg"></icon><desc></desc><category></category></programme><programme channel="141429839" start="20221122100000 +0000" stop="20221122130000 +0000" catchup-id="1296677298"><title>Totally 10s!</title><date></date><icon src="https://t-mobiletv.nl:443/CPS/images/universal/film/program/202211/20221115/20/20221115090044715l19.jpg"></icon><desc></desc><category></category></programme><programme channel="141429839" start="20221122130000 +0000" stop="20221122140000 +0000" catchup-id="1296677304"><title>MTV Top 20</title><date></date><icon src="https://t-mobiletv.nl:443/CPS/images/universal/film/program/202211/20221115/47/20221115090044715v0v.jpg"></icon><desc></desc><category></category></programme><programme channel="141429839" start="20221122140000 +0000" stop="20221122160000 +0000" catchup-id="1296677310"><title>Totally 10s!</title><date></date><icon src="https://t-mobiletv.nl:443/CPS/images/universal/film/program/202211/20221115/14/20221115090044715ylu.jpg"></icon><desc></desc><category></category></programme><programme channel="141429839" start="20221122160000 +0000" stop="20221122180000 +0000" catchup-id="1296677316"><title>Worldwide Hits</title><date></date><icon src="https://t-mobiletv.nl:443/CPS/images/universal/film/program/202211/20221115/34/20221115090044715mt8.jpg"></icon><desc></desc><category></category></programme><programme channel="141429839" start="20221122180000 +0000" stop="20221122190000 +0000" catchup-id="1296677322"><title>Today's Top Hits</title><date></date><icon src="https://t-mobiletv.nl:443/CPS/images/universal/film/program/202211/20221115/38/20221115090044715fag.jpg"></icon><desc></desc><category></category></programme><programme channel="141429839" start="20221122190000 +0000" stop="20221122200000 +0000" catchup-id="1296677328"><title>Totally 10s!</title><date></date><icon src="https://t-mobiletv.nl:443/CPS/images/universal/film/program/202211/20221115/73/20221115090044715x8y.jpg"></icon><desc></desc><category></category></programme><programme channel="141429839" start="20221122200000 +0000" stop="20221122230000 +0000" catchup-id="1296677334"><title>Worldwide Hits!</title><date></date><icon src="https://t-mobiletv.nl:443/CPS/images/universal/film/program/202211/20221115/71/2022111509004471513a.jpg"></icon><desc></desc><category></category></programme><programme channel="141429839" start="20221122230000 +0000" stop="20221123000000 +0000" catchup-id="1297108728"><title>Today's Top Hits</title><date></date><icon src="https://t-mobiletv.nl:443/CPS/images/universal/film/program/202211/20221116/85/20221116090059721eq3.jpg"></icon><desc></desc><category></category></programme><programme channel="141429839" start="20221123000000 +0000" stop="20221123050000 +0000" catchup-id="1297108734"><title>Non-Stop Hits</title><date></date><icon src="https://t-mobiletv.nl:443/CPS/images/universal/film/program/202211/20221116/92/20221116090059721dn0.jpg"></icon><desc></desc><category></category></programme><programme channel="141429839" start="20221123050000 +0000" stop="20221123090000 +0000" catchup-id="1297108740"><title>Non-Stop Hits</title><date></date><icon src="https://t-mobiletv.nl:443/CPS/images/universal/film/program/202211/20221116/43/20221116090059721gnl.jpg"></icon><desc></desc><category></category></programme><programme channel="141429839" start="20221123090000 +0000" stop="20221123100000 +0000" catchup-id="1297108746"><title>MTV Top 20</title><date></date><icon src="https://t-mobiletv.nl:443/CPS/images/universal/film/program/202211/20221116/60/20221116090059721qpq.jpg"></icon><desc></desc><category></category></programme><programme channel="141429839" start="20221123100000 +0000" stop="20221123130000 +0000" catchup-id="1297108752"><title>Totally 10s!</title><date></date><icon src="https://t-mobiletv.nl:443/CPS/images/universal/film/program/202211/20221116/42/20221116090059721luf.jpg"></icon><desc></desc><category></category></programme><programme channel="141429839" start="20221123130000 +0000" stop="20221123140000 +0000" catchup-id="1297108758"><title>Today's Top Hits</title><date></date><icon src="https://t-mobiletv.nl:443/CPS/images/universal/film/program/202211/20221116/42/202211160900597210dh.jpg"></icon><desc></desc><category></category></programme><programme channel="141429839" start="20221123140000 +0000" stop="20221123160000 +0000" catchup-id="1297108764"><title>Totally 10s!</title><date></date><icon src="https://t-mobiletv.nl:443/CPS/images/universal/film/program/202211/20221116/90/2022111609005972104y.jpg"></icon><desc></desc><category></category></programme><programme channel="141429839" start="20221123160000 +0000" stop="20221123180000 +0000" catchup-id="1297108770"><title>Worldwide Hits</title><date></date><icon src="https://t-mobiletv.nl:443/CPS/images/universal/film/program/202211/20221116/46/20221116090059721wa4.jpg"></icon><desc></desc><category></category></programme><programme channel="141429839" start="20221123180000 +0000" stop="20221123190000 +0000" catchup-id="1297108776"><title>Drake: Greatest Hits</title><date></date><icon src="https://t-mobiletv.nl:443/CPS/images/universal/film/program/202211/20221116/52/20221116090059721cro.jpg"></icon><desc></desc><category></category></programme><programme channel="141429839" start="20221123190000 +0000" stop="20221123200000 +0000" catchup-id="1297109550"><title>Totally 10s!</title><date></date><icon src="https://t-mobiletv.nl:443/CPS/images/universal/film/program/202211/20221116/44/20221116090059721vv8.jpg"></icon><desc></desc><category></category></programme><programme channel="141429839" start="20221123200000 +0000" stop="20221123230000 +0000" catchup-id="1297109556"><title>Worldwide Hits!</title><date></date><icon src="https://t-mobiletv.nl:443/CPS/images/universal/film/program/202211/20221116/20/20221116090059721v63.jpg"></icon><desc></desc><category></category></programme><programme channel="141429839" start="20221123230000 +0000" stop="20221124000000 +0000" catchup-id="1297586727"><title>MTV Top 20</title><date></date><icon src="https://t-mobiletv.nl:443/CPS/images/universal/film/program/202211/20221117/24/20221117090129724i3g.jpg"></icon><desc></desc><category></category></programme><programme channel="141429839" start="20221124000000 +0000" stop="20221124050000 +0000" catchup-id="1297586797"><title>Non-Stop Hits</title><date></date><icon src="https://t-mobiletv.nl:443/CPS/images/universal/film/program/202211/20221117/70/20221117090129724r25.jpg"></icon><desc></desc><category></category></programme><programme channel="141429839" start="20221124050000 +0000" stop="20221124090000 +0000" catchup-id="1297586803"><title>Non-Stop Hits</title><date></date><icon src="https://t-mobiletv.nl:443/CPS/images/universal/film/program/202211/20221117/15/20221117090129724t3z.jpg"></icon><desc></desc><category></category></programme><programme channel="141429839" start="20221124090000 +0000" stop="20221124100000 +0000" catchup-id="1297586809"><title>Today's Top Hits</title><date></date><icon src="https://t-mobiletv.nl:443/CPS/images/universal/film/program/202211/20221117/19/202211170901297247xs.jpg"></icon><desc></desc><category></category></programme><programme channel="141429839" start="20221124100000 +0000" stop="20221124130000 +0000" catchup-id="1297586815"><title>Totally 10s!</title><date></date><icon src="https://t-mobiletv.nl:443/CPS/images/universal/film/program/202211/20221117/32/2022111709012972432o.jpg"></icon><desc></desc><category></category></programme><programme channel="141429839" start="20221124130000 +0000" stop="20221124133000 +0000" catchup-id="1297586821"><title>I Want My MTV: Joel Corry</title><date></date><icon src="https://t-mobiletv.nl:443/CPS/images/universal/film/program/202211/20221117/23/20221117090129724w5q.jpg"></icon><desc></desc><category></category></programme><programme channel="141429839" start="20221124133000 +0000" stop="20221124140000 +0000" catchup-id="1297586827"><title>Post Malone: Greatest Hits</title><date></date><icon src="https://t-mobiletv.nl:443/CPS/images/universal/film/program/202211/20221117/92/20221117090129724mp6.jpg"></icon><desc></desc><category></category></programme><programme channel="141429839" start="20221124140000 +0000" stop="20221124160000 +0000" catchup-id="1297586833"><title>Totally 10s!</title><date></date><icon src="https://t-mobiletv.nl:443/CPS/images/universal/film/program/202211/20221117/42/20221117090129724h0h.jpg"></icon><desc></desc><category></category></programme><programme channel="141429839" start="20221124160000 +0000" stop="20221124180000 +0000" catchup-id="1297586839"><title>Worldwide Hits</title><date></date><icon src="https://t-mobiletv.nl:443/CPS/images/universal/film/program/202211/20221117/92/202211170901297244xv.jpg"></icon><desc></desc><category></category></programme><programme channel="141429839" start="20221124180000 +0000" stop="20221124190000 +0000" catchup-id="1297586845"><title>MTV Top 20</title><date></date><icon src="https://t-mobiletv.nl:443/CPS/images/universal/film/program/202211/20221117/21/202211170901297246q2.jpg"></icon><desc></desc><category></category></programme><programme channel="141429839" start="20221124190000 +0000" stop="20221124200000 +0000" catchup-id="1297586851"><title>Totally 10s!</title><date></date><icon src="https://t-mobiletv.nl:443/CPS/images/universal/film/program/202211/20221117/37/202211170901297247io.jpg"></icon><desc></desc><category></category></programme><programme channel="141429839" start="20221124200000 +0000" stop="20221124230000 +0000" catchup-id="1297586857"><title>Worldwide Hits!</title><date></date><icon src="https://t-mobiletv.nl:443/CPS/images/universal/film/program/202211/20221117/14/20221117090129725zkr.jpg"></icon><desc></desc><category></category></programme><programme channel="141429839" start="20221124230000 +0000" stop="20221125000000 +0000" catchup-id="1297991295"><title>Drake: Greatest Hits</title><date></date><icon src="https://t-mobiletv.nl:443/CPS/images/universal/film/program/202211/20221118/0/2022111809005471442c.jpg"></icon><desc></desc><category></category></programme><programme channel="141429839" start="20221125000000 +0000" stop="20221125050000 +0000" catchup-id="1297991301"><title>Non-Stop Hits</title><date></date><icon src="https://t-mobiletv.nl:443/CPS/images/universal/film/program/202211/20221118/12/20221118090054715csz.jpg"></icon><desc></desc><category></category></programme><programme channel="141429839" start="20221125050000 +0000" stop="20221125080000 +0000" catchup-id="1297991307"><title>Non-Stop Hits</title><date></date><icon src="https://t-mobiletv.nl:443/CPS/images/universal/film/program/202211/20221118/63/202211180900547159c8.jpg"></icon><desc></desc><category></category></programme><programme channel="141429839" start="20221125080000 +0000" stop="20221125090000 +0000" catchup-id="1297991313"><title>MTV Top 20</title><date></date><icon src="https://t-mobiletv.nl:443/CPS/images/universal/film/program/202211/20221118/73/20221118090054715cgn.jpg"></icon><desc></desc><category></category></programme><programme channel="141429839" start="20221125090000 +0000" stop="20221125100000 +0000" catchup-id="1297991319"><title>Worldwide Hits!</title><date></date><icon src="https://t-mobiletv.nl:443/CPS/images/universal/film/program/202211/20221118/16/20221118090054715kn9.jpg"></icon><desc></desc><category></category></programme><programme channel="141429839" start="20221125100000 +0000" stop="20221125130000 +0000" catchup-id="1297991325"><title>Totally 10s!</title><date></date><icon src="https://t-mobiletv.nl:443/CPS/images/universal/film/program/202211/20221118/7/202211180900547150sg.jpg"></icon><desc></desc><category></category></programme><programme channel="141429839" start="20221125130000 +0000" stop="20221125140000 +0000" catchup-id="1297991331"><title>Today's Top Hits</title><date></date><icon src="https://t-mobiletv.nl:443/CPS/images/universal/film/program/202211/20221118/40/20221118090054715vft.jpg"></icon><desc></desc><category></category></programme><programme channel="141429839" start="20221125140000 +0000" stop="20221125160000 +0000" catchup-id="1297991593"><title>Totally 10s!</title><date></date><icon src="https://t-mobiletv.nl:443/CPS/images/universal/film/program/202211/20221118/5/20221118090054715xbb.jpg"></icon><desc></desc><category></category></programme><programme channel="141429839" start="20221125160000 +0000" stop="20221125180000 +0000" catchup-id="1297991599"><title>Worldwide Hits</title><date></date><icon src="https://t-mobiletv.nl:443/CPS/images/universal/film/program/202211/20221118/58/20221118090054715rpo.jpg"></icon><desc></desc><category></category></programme><programme channel="141429839" start="20221125180000 +0000" stop="20221125190000 +0000" catchup-id="1297991605"><title>Today's Top Hits</title><date></date><icon src="https://t-mobiletv.nl:443/CPS/images/universal/film/program/202211/20221118/82/20221118090054715xjb.jpg"></icon><desc></desc><category></category></programme><programme channel="141429839" start="20221125190000 +0000" stop="20221125200000 +0000" catchup-id="1297991611"><title>Totally 10s!</title><date></date><icon src="https://t-mobiletv.nl:443/CPS/images/universal/film/program/202211/20221118/74/20221118090054715nse.jpg"></icon><desc></desc><category></category></programme><programme channel="141429839" start="20221125200000 +0000" stop="20221125230000 +0000" catchup-id="1297991617"><title>Best Of The Boys! 10s Vs 20s</title><date></date><icon src="https://t-mobiletv.nl:443/CPS/images/universal/film/program/202211/20221118/18/20221118090054715r43.jpg"></icon><desc></desc><category></category></programme><programme channel="141429839" start="20221125230000 +0000" stop="20221126000000 +0000" catchup-id="1298404449"><title>Today's Top Hits</title><date></date><icon src="https://t-mobiletv.nl:443/CPS/images/universal/film/program/202211/20221119/33/20221119090105521h3q.jpg"></icon><desc></desc><category></category></programme><programme channel="141429839" start="20221126000000 +0000" stop="20221126050000 +0000" catchup-id="1298404455"><title>Non-Stop Hits</title><date></date><icon src="https://t-mobiletv.nl:443/CPS/images/universal/film/program/202211/20221119/1/20221119090105521x1y.jpg"></icon><desc></desc><category></category></programme><programme channel="141429839" start="20221126050000 +0000" stop="20221126090000 +0000" catchup-id="1298404461"><title>Non-Stop Hits</title><date></date><icon src="https://t-mobiletv.nl:443/CPS/images/universal/film/program/202211/20221119/37/202211190901055218ic.jpg"></icon><desc></desc><category></category></programme><programme channel="141429839" start="20221126090000 +0000" stop="20221126100000 +0000" catchup-id="1298404467"><title>MTV Top 20</title><date></date><icon src="https://t-mobiletv.nl:443/CPS/images/universal/film/program/202211/20221119/52/20221119090105521kk5.jpg"></icon><desc></desc><category></category></programme><programme channel="141429839" start="20221126100000 +0000" stop="20221126110000 +0000" catchup-id="1298404473"><title>Worldwide Hits!</title><date></date><icon src="https://t-mobiletv.nl:443/CPS/images/universal/film/program/202211/20221119/42/20221119090105521eca.jpg"></icon><desc></desc><category></category></programme><programme channel="141429839" start="20221126110000 +0000" stop="20221126130000 +0000" catchup-id="1298404479"><title>Totally 10s!</title><date></date><icon src="https://t-mobiletv.nl:443/CPS/images/universal/film/program/202211/20221119/38/20221119090105521vcv.jpg"></icon><desc></desc><category></category></programme><programme channel="141429839" start="20221126130000 +0000" stop="20221126140000 +0000" catchup-id="1298404485"><title>Drake: Greatest Hits</title><date></date><icon src="https://t-mobiletv.nl:443/CPS/images/universal/film/program/202211/20221119/47/202211190901055214l2.jpg"></icon><desc></desc><category></category></programme><programme channel="141429839" start="20221126140000 +0000" stop="20221126180000 +0000" catchup-id="1298404491"><title>Weekend Hitlist</title><date></date><icon src="https://t-mobiletv.nl:443/CPS/images/universal/film/program/202211/20221119/29/2022111909010552155c.jpg"></icon><desc></desc><category></category></programme><programme channel="141429839" start="20221126180000 +0000" stop="20221126183000 +0000" catchup-id="1298404497"><title>I Want My MTV: Joel Corry</title><date></date><icon src="https://t-mobiletv.nl:443/CPS/images/universal/film/program/202211/20221119/91/20221119090105521qnb.jpg"></icon><desc></desc><category></category></programme><programme channel="141429839" start="20221126183000 +0000" stop="20221126190000 +0000" catchup-id="1298404503"><title>Post Malone: Greatest Hits</title><date></date><icon src="https://t-mobiletv.nl:443/CPS/images/universal/film/program/202211/20221119/22/20221119090105521k8x.jpg"></icon><desc></desc><category></category></programme><programme channel="141429839" start="20221126190000 +0000" stop="20221127010000 +0000" catchup-id="1298404509"><title>Party Hits</title><date></date><icon src="https://t-mobiletv.nl:443/CPS/images/universal/film/program/202211/20221119/16/20221119090105521dpq.jpg"></icon><desc></desc><category></category></programme><programme channel="141429839" start="20221127010000 +0000" stop="20221127050000 +0000" catchup-id="1298805022"><title>Party Hits</title><date></date><icon src="https://t-mobiletv.nl:443/CPS/images/universal/film/program/202211/20221120/28/20221120090039742c9r.jpg"></icon><desc></desc><category></category></programme><programme channel="141429839" start="20221127050000 +0000" stop="20221127061000 +0000" catchup-id="1298805028"><title>MTV Top 20</title><date></date><icon src="https://t-mobiletv.nl:443/CPS/images/universal/film/program/202211/20221120/8/20221120090039743rya.jpg"></icon><desc></desc><category></category></programme><programme channel="141429839" start="20221127061000 +0000" stop="20221127090000 +0000" catchup-id="1298805034"><title>Non-Stop Hits</title><date></date><icon src="https://t-mobiletv.nl:443/CPS/images/universal/film/program/202211/20221120/16/20221120090039743z1p.jpg"></icon><desc></desc><category></category></programme><programme channel="141429839" start="20221127090000 +0000" stop="20221127093000 +0000" catchup-id="1298805040"><title>I Want My MTV: Joel Corry</title><date></date><icon src="https://t-mobiletv.nl:443/CPS/images/universal/film/program/202211/20221120/90/20221120090039743xkh.jpg"></icon><desc></desc><category></category></programme><programme channel="141429839" start="20221127093000 +0000" stop="20221127100000 +0000" catchup-id="1298805046"><title>Post Malone: Greatest Hits</title><date></date><icon src="https://t-mobiletv.nl:443/CPS/images/universal/film/program/202211/20221120/12/20221120090039743g68.jpg"></icon><desc></desc><category></category></programme><programme channel="141429839" start="20221127100000 +0000" stop="20221127130000 +0000" catchup-id="1298805052"><title>Weekend Hitlist</title><date></date><icon src="https://t-mobiletv.nl:443/CPS/images/universal/film/program/202211/20221120/43/20221120090039743iul.jpg"></icon><desc></desc><category></category></programme><programme channel="141429839" start="20221127130000 +0000" stop="20221127140000 +0000" catchup-id="1298805058"><title>Today's Top Hits</title><date></date><icon src="https://t-mobiletv.nl:443/CPS/images/universal/film/program/202211/20221120/37/20221120090039743x9e.jpg"></icon><desc></desc><category></category></programme><programme channel="141429839" start="20221127140000 +0000" stop="20221127170000 +0000" catchup-id="1298805064"><title>Best Of The Boys! 10s Vs 20s</title><date></date><icon src="https://t-mobiletv.nl:443/CPS/images/universal/film/program/202211/20221120/50/202211200900397431a2.jpg"></icon><desc></desc><category></category></programme><programme channel="141429839" start="20221127170000 +0000" stop="20221127180000 +0000" catchup-id="1298805070"><title>Today's Top Hits</title><date></date><icon src="https://t-mobiletv.nl:443/CPS/images/universal/film/program/202211/20221120/79/20221120090039743r3f.jpg"></icon><desc></desc><category></category></programme><programme channel="141429839" start="20221127180000 +0000" stop="20221127220000 +0000" catchup-id="1298805076"><title>Worldwide Hits!</title><date></date><icon src="https://t-mobiletv.nl:443/CPS/images/universal/film/program/202211/20221120/73/20221120090039743h0g.jpg"></icon><desc></desc><category></category></programme><programme channel="141429839" start="20221127220000 +0000" stop="20221128035900 +0000" catchup-id="1298805082"><title>Non-Stop Hits</title><date></date><icon src="https://t-mobiletv.nl:443/CPS/images/universal/film/program/202211/20221120/35/20221120090039743tek.jpg"></icon><desc></desc><category></category></programme><programme channel="141429839" start="20221128035900 +0000" stop="20221128050000 +0000" catchup-id="1301279462"><title>Geen programma-informatie beschikbaar</title><date></date><icon src="https://t-mobiletv.nl:443/CPS/images/universal/film/program/202211/20221126/73/20221126090045943ex6.jpg"></icon><desc></desc><category></category></programme><programme channel="141429839" start="20221128050000 +0000" stop="20221128090000 +0000" catchup-id="1299206177"><title>Non-Stop Hits</title><date></date><icon src="https://t-mobiletv.nl:443/CPS/images/universal/film/program/202211/20221121/96/20221121090104994bkm.jpg"></icon><desc></desc><category></category></programme><programme channel="141429839" start="20221128090000 +0000" stop="20221128100000 +0000" catchup-id="1299206183"><title>Today's Top Hits</title><date></date><icon src="https://t-mobiletv.nl:443/CPS/images/universal/film/program/202211/20221121/37/20221121090104995h40.jpg"></icon><desc></desc><category></category></programme><programme channel="141429839" start="20221128100000 +0000" stop="20221128130000 +0000" catchup-id="1299206189"><title>Totally 10s!</title><date></date><icon src="https://t-mobiletv.nl:443/CPS/images/universal/film/program/202211/20221121/3/20221121090104995wcz.jpg"></icon><desc></desc><category></category></programme><programme channel="141429839" start="20221128130000 +0000" stop="20221128140000 +0000" catchup-id="1299206195"><title>Justin Bieber: Greatest Hits</title><date></date><icon src="https://t-mobiletv.nl:443/CPS/images/universal/film/program/202211/20221121/93/202211210901049951s1.jpg"></icon><desc></desc><category></category></programme><programme channel="141429839" start="20221128140000 +0000" stop="20221128160000 +0000" catchup-id="1299206201"><title>Totally 10s!</title><date></date><icon src="https://t-mobiletv.nl:443/CPS/images/universal/film/program/202211/20221121/56/20221121090104995kya.jpg"></icon><desc></desc><category></category></programme><programme channel="141429839" start="20221128160000 +0000" stop="20221128180000 +0000" catchup-id="1299206207"><title>Worldwide Hits</title><date></date><icon src="https://t-mobiletv.nl:443/CPS/images/universal/film/program/202211/20221121/17/20221121090104995euh.jpg"></icon><desc></desc><category></category></programme><programme channel="141429839" start="20221128180000 +0000" stop="20221128190000 +0000" catchup-id="1299206213"><title>MTV Top 20</title><date></date><icon src="https://t-mobiletv.nl:443/CPS/images/universal/film/program/202211/20221121/46/20221121090104995imd.jpg"></icon><desc></desc><category></category></programme><programme channel="141429839" start="20221128190000 +0000" stop="20221128200000 +0000" catchup-id="1299206219"><title>Totally 10s!</title><date></date><icon src="https://t-mobiletv.nl:443/CPS/images/universal/film/program/202211/20221121/26/20221121090104995xba.jpg"></icon><desc></desc><category></category></programme><programme channel="141429839" start="20221128200000 +0000" stop="20221128230000 +0000" catchup-id="1299206225"><title>Worldwide Hits!</title><date></date><icon src="https://t-mobiletv.nl:443/CPS/images/universal/film/program/202211/20221121/6/20221121090104995y9l.jpg"></icon><desc></desc><category></category></programme><programme channel="141429839" start="20221128230000 +0000" stop="20221129000000 +0000" catchup-id="1299587810"><title>Harry Styles x Shawn Mendes</title><date></date><icon src="https://t-mobiletv.nl:443/CPS/images/universal/film/program/202211/20221122/50/20221122090100587a71.jpg"></icon><desc></desc><category></category></programme><programme channel="141429839" start="20221129000000 +0000" stop="20221129050000 +0000" catchup-id="1299587816"><title>Non-Stop Hits</title><date></date><icon src="https://t-mobiletv.nl:443/CPS/images/universal/film/program/202211/20221122/86/20221122090100587jys.jpg"></icon><desc></desc><category></category></programme><programme channel="141429839" start="20221129050000 +0000" stop="20221129090000 +0000" catchup-id="1299587822"><title>Non-Stop Hits</title><date></date><icon src="https://t-mobiletv.nl:443/CPS/images/universal/film/program/202211/20221122/10/202211220901005879qa.jpg"></icon><desc></desc><category></category></programme><programme channel="141429839" start="20221129090000 +0000" stop="20221129100000 +0000" catchup-id="1299587828"><title>Harry Styles x Shawn Mendes</title><date></date><icon src="https://t-mobiletv.nl:443/CPS/images/universal/film/program/202211/20221122/3/20221122090100587i2k.jpg"></icon><desc></desc><category></category></programme><programme channel="141429839" start="20221129100000 +0000" stop="20221129130000 +0000" catchup-id="1299587834"><title>Totally 10s!</title><date></date><icon src="https://t-mobiletv.nl:443/CPS/images/universal/film/program/202211/20221122/22/20221122090100587at3.jpg"></icon><desc></desc><category></category></programme><programme channel="141429839" start="20221129130000 +0000" stop="20221129140000 +0000" catchup-id="1299587840"><title>MTV Top 20</title><date></date><icon src="https://t-mobiletv.nl:443/CPS/images/universal/film/program/202211/20221122/78/20221122090100587x2r.jpg"></icon><desc></desc><category></category></programme><programme channel="141429839" start="20221129140000 +0000" stop="20221129160000 +0000" catchup-id="1299587846"><title>Totally 10s!</title><date></date><icon src="https://t-mobiletv.nl:443/CPS/images/universal/film/program/202211/20221122/22/20221122090100587riw.jpg"></icon><desc></desc><category></category></programme><programme channel="141429839" start="20221129160000 +0000" stop="20221129180000 +0000" catchup-id="1299587852"><title>Worldwide Hits</title><date></date><icon src="https://t-mobiletv.nl:443/CPS/images/universal/film/program/202211/20221122/65/20221122090100587ipp.jpg"></icon><desc></desc><category></category></programme><programme channel="141429839" start="20221129180000 +0000" stop="20221129190000 +0000" catchup-id="1299587858"><title>Today's Top Hits</title><date></date><icon src="https://t-mobiletv.nl:443/CPS/images/universal/film/program/202211/20221122/4/20221122090100587sxk.jpg"></icon><desc></desc><category></category></programme><programme channel="141429839" start="20221129190000 +0000" stop="20221129200000 +0000" catchup-id="1299587864"><title>Totally 10s!</title><date></date><icon src="https://t-mobiletv.nl:443/CPS/images/universal/film/program/202211/20221122/21/20221122090100587ddy.jpg"></icon><desc></desc><category></category></programme><programme channel="141429839" start="20221129200000 +0000" stop="20221129230000 +0000" catchup-id="1299587870"><title>Worldwide Hits!</title><date></date><icon src="https://t-mobiletv.nl:443/CPS/images/universal/film/program/202211/20221122/9/20221122090100587mst.jpg"></icon><desc></desc><category></category></programme><programme channel="141429839" start="20221129230000 +0000" stop="20221130000000 +0000" catchup-id="1300035237"><title>Today's Top Hits</title><date></date><icon src="https://t-mobiletv.nl:443/CPS/images/universal/film/program/202211/20221123/14/20221123090125541tv0.jpg"></icon><desc></desc><category></category></programme><programme channel="141429839" start="20221130000000 +0000" stop="20221130050000 +0000" catchup-id="1300035243"><title>Non-Stop Hits</title><date></date><icon src="https://t-mobiletv.nl:443/CPS/images/universal/film/program/202211/20221123/82/20221123090125541dl0.jpg"></icon><desc></desc><category></category></programme><programme channel="141429839" start="20221130050000 +0000" stop="20221130090000 +0000" catchup-id="1300035249"><title>Non-Stop Hits</title><date></date><icon src="https://t-mobiletv.nl:443/CPS/images/universal/film/program/202211/20221123/26/20221123090125542sz9.jpg"></icon><desc></desc><category></category></programme><programme channel="141429839" start="20221130090000 +0000" stop="20221130100000 +0000" catchup-id="1300035255"><title>MTV Top 20</title><date></date><icon src="https://t-mobiletv.nl:443/CPS/images/universal/film/program/202211/20221123/76/20221123090125542k1c.jpg"></icon><desc></desc><category></category></programme><programme channel="141429839" start="20221130100000 +0000" stop="20221130130000 +0000" catchup-id="1300035261"><title>Totally 10s!</title><date></date><icon src="https://t-mobiletv.nl:443/CPS/images/universal/film/program/202211/20221123/49/20221123090125542gdl.jpg"></icon><desc></desc><category></category></programme><programme channel="141429839" start="20221130130000 +0000" stop="20221130140000 +0000" catchup-id="1300035267"><title>Today's Top Hits</title><date></date><icon src="https://t-mobiletv.nl:443/CPS/images/universal/film/program/202211/20221123/27/20221123090125542wb3.jpg"></icon><desc></desc><category></category></programme><programme channel="141429839" start="20221130140000 +0000" stop="20221130160000 +0000" catchup-id="1300035273"><title>Totally 10s!</title><date></date><icon src="https://t-mobiletv.nl:443/CPS/images/universal/film/program/202211/20221123/86/20221123090125542g3r.jpg"></icon><desc></desc><category></category></programme><programme channel="141429839" start="20221130160000 +0000" stop="20221130180000 +0000" catchup-id="1300035279"><title>Worldwide Hits</title><date></date><icon src="https://t-mobiletv.nl:443/CPS/images/universal/film/program/202211/20221123/68/202211230901255420j9.jpg"></icon><desc></desc><category></category></programme><programme channel="141429839" start="20221130180000 +0000" stop="20221130190000 +0000" catchup-id="1300035285"><title>Justin Bieber: Greatest Hits</title><date></date><icon src="https://t-mobiletv.nl:443/CPS/images/universal/film/program/202211/20221123/71/2022112309012554243x.jpg"></icon><desc></desc><category></category></programme><programme channel="141429839" start="20221130190000 +0000" stop="20221130200000 +0000" catchup-id="1300035291"><title>Totally 10s!</title><date></date><icon src="https://t-mobiletv.nl:443/CPS/images/universal/film/program/202211/20221123/43/20221123090125542cno.jpg"></icon><desc></desc><category></category></programme><programme channel="141429839" start="20221130200000 +0000" stop="20221130230000 +0000" catchup-id="1300035297"><title>Worldwide Hits!</title><date></date><icon src="https://t-mobiletv.nl:443/CPS/images/universal/film/program/202211/20221123/51/20221123090125542gho.jpg"></icon><desc></desc><category></category></programme><programme channel="141429839" start="20221130230000 +0000" stop="20221201000000 +0000" catchup-id="1300426886"><title>MTV Top 20</title><date></date><icon src="https://t-mobiletv.nl:443/CPS/images/universal/film/program/202211/20221124/2/20221124090110520av5.jpg"></icon><desc></desc><category></category></programme><programme channel="141429839" start="20221201000000 +0000" stop="20221201050000 +0000" catchup-id="1300426892"><title>Non-Stop Hits</title><date></date><icon src="https://t-mobiletv.nl:443/CPS/images/universal/film/program/202211/20221124/81/20221124090110520a20.jpg"></icon><desc></desc><category></category></programme><programme channel="141429839" start="20221201050000 +0000" stop="20221201090000 +0000" catchup-id="1300426898"><title>Non-Stop Hits</title><date></date><icon src="https://t-mobiletv.nl:443/CPS/images/universal/film/program/202211/20221124/64/20221124090110520sb6.jpg"></icon><desc></desc><category></category></programme><programme channel="141429839" start="20221201090000 +0000" stop="20221201100000 +0000" catchup-id="1300426904"><title>Today's Top Hits</title><date></date><icon src="https://t-mobiletv.nl:443/CPS/images/universal/film/program/202211/20221124/76/20221124090110520otf.jpg"></icon><desc></desc><category></category></programme><programme channel="141429839" start="20221201100000 +0000" stop="20221201130000 +0000" catchup-id="1300426910"><title>Totally 10s!</title><date></date><icon src="https://t-mobiletv.nl:443/CPS/images/universal/film/program/202211/20221124/36/20221124090110520qrs.jpg"></icon><desc></desc><category></category></programme><programme channel="141429839" start="20221201130000 +0000" stop="20221201140000 +0000" catchup-id="1300426916"><title>Harry Styles x Shawn Mendes</title><date></date><icon src="https://t-mobiletv.nl:443/CPS/images/universal/film/program/202211/20221124/59/20221124090110520t1d.jpg"></icon><desc></desc><category></category></programme><programme channel="141429839" start="20221201140000 +0000" stop="20221201160000 +0000" catchup-id="1300426922"><title>Totally 10s!</title><date></date><icon src="https://t-mobiletv.nl:443/CPS/images/universal/film/program/202211/20221124/11/202211240901105206as.jpg"></icon><desc></desc><category></category></programme><programme channel="141429839" start="20221201160000 +0000" stop="20221201180000 +0000" catchup-id="1300426928"><title>Worldwide Hits</title><date></date><icon src="https://t-mobiletv.nl:443/CPS/images/universal/film/program/202211/20221124/74/20221124090110520l2g.jpg"></icon><desc></desc><category></category></programme><programme channel="141429839" start="20221201180000 +0000" stop="20221201190000 +0000" catchup-id="1300426934"><title>MTV Top 20</title><date></date><icon src="https://t-mobiletv.nl:443/CPS/images/universal/film/program/202211/20221124/52/20221124090110520w2c.jpg"></icon><desc></desc><category></category></programme><programme channel="141429839" start="20221201190000 +0000" stop="20221201200000 +0000" catchup-id="1300426940"><title>Totally 10s!</title><date></date><icon src="https://t-mobiletv.nl:443/CPS/images/universal/film/program/202211/20221124/60/202211240901105208ob.jpg"></icon><desc></desc><category></category></programme><programme channel="141429839" start="20221201200000 +0000" stop="20221201230000 +0000" catchup-id="1300426946"><title>Worldwide Hits!</title><date></date><icon src="https://t-mobiletv.nl:443/CPS/images/universal/film/program/202211/20221124/23/202211240901105200qv.jpg"></icon><desc></desc><category></category></programme><programme channel="141429839" start="20221201230000 +0000" stop="20221202000000 +0000" catchup-id="1300858079"><title>Justin Bieber: Greatest Hits</title><date></date><icon src="https://t-mobiletv.nl:443/CPS/images/universal/film/program/202211/20221125/74/20221125090100524pq9.jpg"></icon><desc></desc><category></category></programme><programme channel="141429839" start="20221202000000 +0000" stop="20221202050000 +0000" catchup-id="1300858085"><title>Non-Stop Hits</title><date></date><icon src="https://t-mobiletv.nl:443/CPS/images/universal/film/program/202211/20221125/14/20221125090100524m5l.jpg"></icon><desc></desc><category></category></programme><programme channel="141429839" start="20221202050000 +0000" stop="20221202080000 +0000" catchup-id="1300858091"><title>Non-Stop Hits</title><date></date><icon src="https://t-mobiletv.nl:443/CPS/images/universal/film/program/202211/20221125/94/20221125090100524pe1.jpg"></icon><desc></desc><category></category></programme><programme channel="141429839" start="20221202080000 +0000" stop="20221202090000 +0000" catchup-id="1300858097"><title>MTV Top 20</title><date></date><icon src="https://t-mobiletv.nl:443/CPS/images/universal/film/program/202211/20221125/2/20221125090100524tlf.jpg"></icon><desc></desc><category></category></programme><programme channel="141429839" start="20221202090000 +0000" stop="20221202100000 +0000" catchup-id="1300858103"><title>Worldwide Hits!</title><date></date><icon src="https://t-mobiletv.nl:443/CPS/images/universal/film/program/202211/20221125/39/20221125090100524da9.jpg"></icon><desc></desc><category></category></programme><programme channel="141429839" start="20221202100000 +0000" stop="20221202130000 +0000" catchup-id="1300858109"><title>Totally 10s!</title><date></date><icon src="https://t-mobiletv.nl:443/CPS/images/universal/film/program/202211/20221125/3/20221125090100524rk7.jpg"></icon><desc></desc><category></category></programme><programme channel="141429839" start="20221202130000 +0000" stop="20221202140000 +0000" catchup-id="1300858115"><title>Today's Top Hits</title><date></date><icon src="https://t-mobiletv.nl:443/CPS/images/universal/film/program/202211/20221125/22/20221125090100524b6y.jpg"></icon><desc></desc><category></category></programme><programme channel="141429839" start="20221202140000 +0000" stop="20221202160000 +0000" catchup-id="1300858121"><title>Totally 10s!</title><date></date><icon src="https://t-mobiletv.nl:443/CPS/images/universal/film/program/202211/20221125/78/20221125090100524kyp.jpg"></icon><desc></desc><category></category></programme><programme channel="141429839" start="20221202160000 +0000" stop="20221202180000 +0000" catchup-id="1300858127"><title>Worldwide Hits</title><date></date><icon src="https://t-mobiletv.nl:443/CPS/images/universal/film/program/202211/20221125/51/20221125090100524ei5.jpg"></icon><desc></desc><category></category></programme><programme channel="141429839" start="20221202180000 +0000" stop="20221202190000 +0000" catchup-id="1300858133"><title>Today's Top Hits</title><date></date><icon src="https://t-mobiletv.nl:443/CPS/images/universal/film/program/202211/20221125/45/20221125090100524mop.jpg"></icon><desc></desc><category></category></programme><programme channel="141429839" start="20221202190000 +0000" stop="20221202200000 +0000" catchup-id="1300858139"><title>Totally 10s!</title><date></date><icon src="https://t-mobiletv.nl:443/CPS/images/universal/film/program/202211/20221125/42/20221125090100524j8j.jpg"></icon><desc></desc><category></category></programme><programme channel="141429839" start="20221202200000 +0000" stop="20221202230000 +0000" catchup-id="1300858145"><title>Hey Mr DJ! 50 Dance Anthems</title><date></date><icon src="https://t-mobiletv.nl:443/CPS/images/universal/film/program/202211/20221125/17/20221125090100524fo5.jpg"></icon><desc></desc><category></category></programme><programme channel="141429839" start="20221202230000 +0000" stop="20221203000000 +0000" catchup-id="1301279980"><title>Today's Top Hits</title><date></date><icon src="https://t-mobiletv.nl:443/CPS/images/universal/film/program/202211/20221126/36/202211260900459443e2.jpg"></icon><desc></desc><category></category></programme><programme channel="141429839" start="20221203000000 +0000" stop="20221203050000 +0000" catchup-id="1301279986"><title>Non-Stop Hits</title><date></date><icon src="https://t-mobiletv.nl:443/CPS/images/universal/film/program/202211/20221126/90/2022112609004594422e.jpg"></icon><desc></desc><category></category></programme><programme channel="141429839" start="20221203050000 +0000" stop="20221203090000 +0000" catchup-id="1301279992"><title>Non-Stop Hits</title><date></date><icon src="https://t-mobiletv.nl:443/CPS/images/universal/film/program/202211/20221126/21/20221126090045944n0j.jpg"></icon><desc></desc><category></category></programme><programme channel="141429839" start="20221203090000 +0000" stop="20221203100000 +0000" catchup-id="1301279998"><title>MTV Top 20</title><date></date><icon src="https://t-mobiletv.nl:443/CPS/images/universal/film/program/202211/20221126/76/20221126090045944kwv.jpg"></icon><desc></desc><category></category></programme><programme channel="141429839" start="20221203100000 +0000" stop="20221203110000 +0000" catchup-id="1301280004"><title>Worldwide Hits!</title><date></date><icon src="https://t-mobiletv.nl:443/CPS/images/universal/film/program/202211/20221126/95/202211260900459446fk.jpg"></icon><desc></desc><category></category></programme><programme channel="141429839" start="20221203110000 +0000" stop="20221203130000 +0000" catchup-id="1301280010"><title>Totally 10s!</title><date></date><icon src="https://t-mobiletv.nl:443/CPS/images/universal/film/program/202211/20221126/13/202211260900459440w5.jpg"></icon><desc></desc><category></category></programme><programme channel="141429839" start="20221203130000 +0000" stop="20221203140000 +0000" catchup-id="1301280016"><title>Justin Bieber: Greatest Hits</title><date></date><icon src="https://t-mobiletv.nl:443/CPS/images/universal/film/program/202211/20221126/28/202211260900459448qo.jpg"></icon><desc></desc><category></category></programme><programme channel="141429839" start="20221203140000 +0000" stop="20221203180000 +0000" catchup-id="1301280022"><title>Weekend Hitlist</title><date></date><icon src="https://t-mobiletv.nl:443/CPS/images/universal/film/program/202211/20221126/10/20221126090045944046.jpg"></icon><desc></desc><category></category></programme>