<programme channel="141431391" start="20221118200058 +0000" stop="20221118210117 +0000" catchup-id="1295035453"><title>Pump Up The 80s Party!</title><date></date><icon src="https://t-mobiletv.nl:443/CPS/images/universal/film/program/202211/20221111/72/20221111090059840x3b.jpg"></icon><desc>We've chosen all of the best 80s hits to go into one epic 80s party playlist. So pump up the volume and get ready to dance with some classic 80s tunes!</desc><category></category></programme><programme channel="141431391" start="20221118210117 +0000" stop="20221119020030 +0000" catchup-id="1295035459"><title>... So 80s!</title><date></date><icon src="https://t-mobiletv.nl:443/CPS/images/universal/film/program/202211/20221111/25/2022111109005984092j.jpg"></icon><desc>Get ready because we're bringing you nothing but classic hits and iconic anthems from the 80s!</desc><category></category></programme><programme channel="141431391" start="20221119020030 +0000" stop="20221119030000 +0000" catchup-id="1295501677"><title>... So 80s!</title><date></date><icon src="https://t-mobiletv.nl:443/CPS/images/universal/film/program/202211/20221112/66/20221112090130511p9e.jpg"></icon><desc>Get ready because we're bringing you nothing but classic hits and iconic anthems from the 80s!</desc><category></category></programme><programme channel="141431391" start="20221119030000 +0000" stop="20221119070050 +0000" catchup-id="1295501683"><title>Non-Stop 80s Hits!</title><date></date><icon src="https://t-mobiletv.nl:443/CPS/images/universal/film/program/202211/20221112/10/20221112090130511urz.jpg"></icon><desc>We got hits... We got hits from the 80s. And guess what? They don't stop! You're welcome!</desc><category></category></programme><programme channel="141431391" start="20221119070050 +0000" stop="20221119105934 +0000" catchup-id="1295501689"><title>Gold! Greatest Hits Of The 80s</title><date></date><icon src="https://t-mobiletv.nl:443/CPS/images/universal/film/program/202211/20221112/60/20221112090130511956.jpg"></icon><desc>Pencil us in because we've organised the greatest hits of the '80s for you...you're welcome!</desc><category></category></programme><programme channel="141431391" start="20221119105934 +0000" stop="20221119150010 +0000" catchup-id="1295501695"><title>I Want My MTV 80s!</title><date></date><icon src="https://t-mobiletv.nl:443/CPS/images/universal/film/program/202211/20221112/69/20221112090130511394.jpg"></icon><desc>It's non-stop nostalgia right here at MTV 80s - and that's what we want, right now!</desc><category></category></programme><programme channel="141431391" start="20221119150010 +0000" stop="20221119165904 +0000" catchup-id="1295501701"><title>Forever 80s</title><date></date><icon src="https://t-mobiletv.nl:443/CPS/images/universal/film/program/202211/20221112/53/20221112090130511qbj.jpg"></icon><desc>Check out all of the best hits from one of the biggest decades in music!</desc><category></category></programme><programme channel="141431391" start="20221119165904 +0000" stop="20221119202612 +0000" catchup-id="1295501707"><title>80s School Of Rock: The Boys!</title><date></date><icon src="https://t-mobiletv.nl:443/CPS/images/universal/film/program/202211/20221112/86/202211120901305110gs.jpg"></icon><desc>Welcome to the 80s School Of Rock, where we bring you some of the loudest and most rockin' hits from the 80s boys!</desc><category></category></programme><programme channel="141431391" start="20221119202612 +0000" stop="20221120015952 +0000" catchup-id="1295501713"><title>... So 80s!</title><date></date><icon src="https://t-mobiletv.nl:443/CPS/images/universal/film/program/202211/20221112/51/20221112090130511r47.jpg"></icon><desc>Get ready because we're bringing you nothing but classic hits and iconic anthems from the 80s!</desc><category></category></programme><programme channel="141431391" start="20221120015952 +0000" stop="20221120030000 +0000" catchup-id="1295873847"><title>... So 80s!</title><date></date><icon src="https://t-mobiletv.nl:443/CPS/images/universal/film/program/202211/20221113/81/2022111309003087114s.jpg"></icon><desc>Get ready because we're bringing you nothing but classic hits and iconic anthems from the 80s!</desc><category></category></programme><programme channel="141431391" start="20221120030000 +0000" stop="20221120070039 +0000" catchup-id="1295873853"><title>Non-Stop 80s Hits!</title><date></date><icon src="https://t-mobiletv.nl:443/CPS/images/universal/film/program/202211/20221113/3/20221113090030871bkr.jpg"></icon><desc>We got hits... We got hits from the 80s. And guess what? They don't stop! You're welcome!</desc><category></category></programme><programme channel="141431391" start="20221120070039 +0000" stop="20221120102747 +0000" catchup-id="1295873859"><title>80s School Of Rock: The Boys!</title><date></date><icon src="https://t-mobiletv.nl:443/CPS/images/universal/film/program/202211/20221113/15/20221113090030871mdz.jpg"></icon><desc>Welcome to the 80s School Of Rock, where we bring you some of the loudest and most rockin' hits from the 80s boys!</desc><category></category></programme><programme channel="141431391" start="20221120102747 +0000" stop="20221120150006 +0000" catchup-id="1295873865"><title>I Want My MTV 80s!</title><date></date><icon src="https://t-mobiletv.nl:443/CPS/images/universal/film/program/202211/20221113/24/20221113090030871cjp.jpg"></icon><desc>It's non-stop nostalgia right here at MTV 80s - and that's what we want, right now!</desc><category></category></programme><programme channel="141431391" start="20221120150006 +0000" stop="20221120170017 +0000" catchup-id="1295873871"><title>Forever 80s</title><date></date><icon src="https://t-mobiletv.nl:443/CPS/images/universal/film/program/202211/20221113/21/2022111309003087187a.jpg"></icon><desc>Check out all of the best hits from one of the biggest decades in music!</desc><category></category></programme><programme channel="141431391" start="20221120170017 +0000" stop="20221120195921 +0000" catchup-id="1295873877"><title>80s Power Ballad Heaven!</title><date></date><icon src="https://t-mobiletv.nl:443/CPS/images/universal/film/program/202211/20221113/32/20221113090030872jd9.jpg"></icon><desc>We've selected some of the most iconic 80s power ballads ever recorded to play for you right now on MTV 80s!</desc><category></category></programme><programme channel="141431391" start="20221120195921 +0000" stop="20221121010022 +0000" catchup-id="1295873883"><title>... So 80s!</title><date></date><icon src="https://t-mobiletv.nl:443/CPS/images/universal/film/program/202211/20221113/11/20221113090030872wlw.jpg"></icon><desc>Get ready because we're bringing you nothing but classic hits and iconic anthems from the 80s!</desc><category></category></programme><programme channel="141431391" start="20221121010022 +0000" stop="20221121030000 +0000" catchup-id="1296271298"><title>... So 80s!</title><date></date><icon src="https://t-mobiletv.nl:443/CPS/images/universal/film/program/202211/20221114/75/20221114090120511tru.jpg"></icon><desc>Get ready because we're bringing you nothing but classic hits and iconic anthems from the 80s!</desc><category></category></programme><programme channel="141431391" start="20221121030000 +0000" stop="20221121065925 +0000" catchup-id="1296271304"><title>Non-Stop 80s Hits!</title><date></date><icon src="https://t-mobiletv.nl:443/CPS/images/universal/film/program/202211/20221114/78/20221114090120511z4g.jpg"></icon><desc>We got hits... We got hits from the 80s. And guess what? They don't stop! You're welcome!</desc><category></category></programme><programme channel="141431391" start="20221121065925 +0000" stop="20221121105900 +0000" catchup-id="1296271310"><title>Gold! Greatest Hits Of The 80s</title><date></date><icon src="https://t-mobiletv.nl:443/CPS/images/universal/film/program/202211/20221114/88/20221114090120512u27.jpg"></icon><desc>Pencil us in because we've organised the greatest hits of the '80s for you...you're welcome!</desc><category></category></programme><programme channel="141431391" start="20221121105900 +0000" stop="20221121145910 +0000" catchup-id="1296271316"><title>I Want My MTV 80s!</title><date></date><icon src="https://t-mobiletv.nl:443/CPS/images/universal/film/program/202211/20221114/8/20221114090120512i4f.jpg"></icon><desc>It's non-stop nostalgia right here at MTV 80s - and that's what we want, right now!</desc><category></category></programme><programme channel="141431391" start="20221121145910 +0000" stop="20221121170059 +0000" catchup-id="1296271322"><title>Forever 80s</title><date></date><icon src="https://t-mobiletv.nl:443/CPS/images/universal/film/program/202211/20221114/49/20221114090120512wqt.jpg"></icon><desc>Check out all of the best hits from one of the biggest decades in music!</desc><category></category></programme><programme channel="141431391" start="20221121170059 +0000" stop="20221121185939 +0000" catchup-id="1296271328"><title>Who's That 80s Girl?</title><date></date><icon src="https://t-mobiletv.nl:443/CPS/images/universal/film/program/202211/20221114/0/20221114090120512re2.jpg"></icon><desc>Check out all of the greatest hits from our favourite girls of the 80s!</desc><category></category></programme><programme channel="141431391" start="20221121185939 +0000" stop="20221121195912 +0000" catchup-id="1296271334"><title>Greatest 80s Rock: Play It Loud!</title><date></date><icon src="https://t-mobiletv.nl:443/CPS/images/universal/film/program/202211/20221114/40/202211140901205123f0.jpg"></icon><desc>Hard! Alternative! Heavy! Post-punk! Metal! Indie! Goth! Call it what you want, but turn up the volume as we delve into the decade's best rock tracks in all their incarnations, right here on MTV80s!</desc><category></category></programme><programme channel="141431391" start="20221121195912 +0000" stop="20221122010053 +0000" catchup-id="1296271340"><title>... So 80s!</title><date></date><icon src="https://t-mobiletv.nl:443/CPS/images/universal/film/program/202211/20221114/58/20221114090120512y28.jpg"></icon><desc>Get ready because we're bringing you nothing but classic hits and iconic anthems from the 80s!</desc><category></category></programme><programme channel="141431391" start="20221122010053 +0000" stop="20221122030000 +0000" catchup-id="1296711767"><title>... So 80s!</title><date></date><icon src="https://t-mobiletv.nl:443/CPS/images/universal/film/program/202211/20221115/56/20221115090134706n5r.jpg"></icon><desc>Get ready because we're bringing you nothing but classic hits and iconic anthems from the 80s!</desc><category></category></programme><programme channel="141431391" start="20221122030000 +0000" stop="20221122065922 +0000" catchup-id="1296711773"><title>Non-Stop 80s Hits!</title><date></date><icon src="https://t-mobiletv.nl:443/CPS/images/universal/film/program/202211/20221115/24/20221115090134706sdr.jpg"></icon><desc>We got hits... We got hits from the 80s. And guess what? They don't stop! You're welcome!</desc><category></category></programme><programme channel="141431391" start="20221122065922 +0000" stop="20221122110028 +0000" catchup-id="1296711779"><title>Gold! Greatest Hits Of The 80s</title><date></date><icon src="https://t-mobiletv.nl:443/CPS/images/universal/film/program/202211/20221115/3/202211150901347063l1.jpg"></icon><desc>Pencil us in because we've organised the greatest hits of the '80s for you...you're welcome!</desc><category></category></programme><programme channel="141431391" start="20221122110028 +0000" stop="20221122145959 +0000" catchup-id="1296711785"><title>I Want My MTV 80s!</title><date></date><icon src="https://t-mobiletv.nl:443/CPS/images/universal/film/program/202211/20221115/19/20221115090134706o3j.jpg"></icon><desc>It's non-stop nostalgia right here at MTV 80s - and that's what we want, right now!</desc><category></category></programme><programme channel="141431391" start="20221122145959 +0000" stop="20221122170055 +0000" catchup-id="1296711791"><title>Forever 80s</title><date></date><icon src="https://t-mobiletv.nl:443/CPS/images/universal/film/program/202211/20221115/2/20221115090134706cnx.jpg"></icon><desc>Check out all of the best hits from one of the biggest decades in music!</desc><category></category></programme><programme channel="141431391" start="20221122170055 +0000" stop="20221122190034 +0000" catchup-id="1296711797"><title>Electric 80s!</title><date></date><icon src="https://t-mobiletv.nl:443/CPS/images/universal/film/program/202211/20221115/94/20221115090134706heq.jpg"></icon><desc>Tune in as we play all of the biggest electronic and synth pop hits from the 80s!</desc><category></category></programme><programme channel="141431391" start="20221122190034 +0000" stop="20221122195901 +0000" catchup-id="1296711803"><title>Greatest 80s Rock: Play It Loud!</title><date></date><icon src="https://t-mobiletv.nl:443/CPS/images/universal/film/program/202211/20221115/86/20221115090134706vt6.jpg"></icon><desc>Hard! Alternative! Heavy! Post-punk! Metal! Indie! Goth! Call it what you want, but turn up the volume as we delve into the decade's best rock tracks in all their incarnations, right here on MTV80s!</desc><category></category></programme><programme channel="141431391" start="20221122195901 +0000" stop="20221123005927 +0000" catchup-id="1296711809"><title>... So 80s!</title><date></date><icon src="https://t-mobiletv.nl:443/CPS/images/universal/film/program/202211/20221115/75/2022111509013470729k.jpg"></icon><desc>Get ready because we're bringing you nothing but classic hits and iconic anthems from the 80s!</desc><category></category></programme><programme channel="141431391" start="20221123005927 +0000" stop="20221123030000 +0000" catchup-id="1297136674"><title>... So 80s!</title><date></date><icon src="https://t-mobiletv.nl:443/CPS/images/universal/film/program/202211/20221116/11/20221116090129704iyy.jpg"></icon><desc>Get ready because we're bringing you nothing but classic hits and iconic anthems from the 80s!</desc><category></category></programme><programme channel="141431391" start="20221123030000 +0000" stop="20221123070027 +0000" catchup-id="1297136680"><title>Non-Stop 80s Hits!</title><date></date><icon src="https://t-mobiletv.nl:443/CPS/images/universal/film/program/202211/20221116/71/20221116090129704x4q.jpg"></icon><desc>We got hits... We got hits from the 80s. And guess what? They don't stop! You're welcome!</desc><category></category></programme><programme channel="141431391" start="20221123070027 +0000" stop="20221123110127 +0000" catchup-id="1297136686"><title>Gold! Greatest Hits Of The 80s</title><date></date><icon src="https://t-mobiletv.nl:443/CPS/images/universal/film/program/202211/20221116/0/20221116090129704hfj.jpg"></icon><desc>Pencil us in because we've organised the greatest hits of the '80s for you...you're welcome!</desc><category></category></programme><programme channel="141431391" start="20221123110127 +0000" stop="20221123143404 +0000" catchup-id="1297136692"><title>Top Hits Of 1984!</title><date></date><icon src="https://t-mobiletv.nl:443/CPS/images/universal/film/program/202211/20221116/26/202211160901297040oi.jpg"></icon><desc>We're counting down 50 of the biggest hits from another great year of the 80s! These are the top hits of 1984!</desc><category></category></programme><programme channel="141431391" start="20221123143404 +0000" stop="20221123165956 +0000" catchup-id="1297136698"><title>Forever 80s</title><date></date><icon src="https://t-mobiletv.nl:443/CPS/images/universal/film/program/202211/20221116/54/2022111609012970556b.jpg"></icon><desc>Check out all of the best hits from one of the biggest decades in music!</desc><category></category></programme><programme channel="141431391" start="20221123165956 +0000" stop="20221123190050 +0000" catchup-id="1297136704"><title>The Power Of Love!</title><date></date><icon src="https://t-mobiletv.nl:443/CPS/images/universal/film/program/202211/20221116/80/20221116090129705ecj.jpg"></icon><desc>The power of love is strong here at MTV which is why we've put all of the best 80s love songs together in one playlist!</desc><category></category></programme><programme channel="141431391" start="20221123190050 +0000" stop="20221123200017 +0000" catchup-id="1297136710"><title>Greatest 80s Rock: Play It Loud!</title><date></date><icon src="https://t-mobiletv.nl:443/CPS/images/universal/film/program/202211/20221116/43/20221116090129705bsz.jpg"></icon><desc>Hard! Alternative! Heavy! Post-punk! Metal! Indie! Goth! Call it what you want, but turn up the volume as we delve into the decade's best rock tracks in all their incarnations, right here on MTV80s!</desc><category></category></programme><programme channel="141431391" start="20221123200017 +0000" stop="20221124005905 +0000" catchup-id="1297136716"><title>... So 80s!</title><date></date><icon src="https://t-mobiletv.nl:443/CPS/images/universal/film/program/202211/20221116/48/20221116090129705s8d.jpg"></icon><desc>Get ready because we're bringing you nothing but classic hits and iconic anthems from the 80s!</desc><category></category></programme><programme channel="141431391" start="20221124005905 +0000" stop="20221124030000 +0000" catchup-id="1297557896"><title>... So 80s!</title><date></date><icon src="https://t-mobiletv.nl:443/CPS/images/universal/film/program/202211/20221117/8/20221117090050514wz3.jpg"></icon><desc>Get ready because we're bringing you nothing but classic hits and iconic anthems from the 80s!</desc><category></category></programme><programme channel="141431391" start="20221124030000 +0000" stop="20221124065927 +0000" catchup-id="1297557902"><title>Non-Stop 80s Hits!</title><date></date><icon src="https://t-mobiletv.nl:443/CPS/images/universal/film/program/202211/20221117/31/20221117090050514t4r.jpg"></icon><desc>We got hits... We got hits from the 80s. And guess what? They don't stop! You're welcome!</desc><category></category></programme><programme channel="141431391" start="20221124065927 +0000" stop="20221124110019 +0000" catchup-id="1297557908"><title>Gold! Greatest Hits Of The 80s</title><date></date><icon src="https://t-mobiletv.nl:443/CPS/images/universal/film/program/202211/20221117/40/202211170900505146v6.jpg"></icon><desc>Pencil us in because we've organised the greatest hits of the '80s for you...you're welcome!</desc><category></category></programme><programme channel="141431391" start="20221124110019 +0000" stop="20221124150001 +0000" catchup-id="1297557914"><title>I Want My MTV 80s!</title><date></date><icon src="https://t-mobiletv.nl:443/CPS/images/universal/film/program/202211/20221117/24/202211170900505141sd.jpg"></icon><desc>It's non-stop nostalgia right here at MTV 80s - and that's what we want, right now!</desc><category></category></programme><programme channel="141431391" start="20221124150001 +0000" stop="20221124165908 +0000" catchup-id="1297557920"><title>Forever 80s</title><date></date><icon src="https://t-mobiletv.nl:443/CPS/images/universal/film/program/202211/20221117/46/2022111709005051422r.jpg"></icon><desc>Check out all of the best hits from one of the biggest decades in music!</desc><category></category></programme><programme channel="141431391" start="20221124165908 +0000" stop="20221124190001 +0000" catchup-id="1297557926"><title>Wild Boys Of The 80s!</title><date></date><icon src="https://t-mobiletv.nl:443/CPS/images/universal/film/program/202211/20221117/59/20221117090050514tfj.jpg"></icon><desc>These boys were born to be wild in the 80s! Check out all of their huge hits and iconic anthems right here!</desc><category></category></programme><programme channel="141431391" start="20221124190001 +0000" stop="20221124195906 +0000" catchup-id="1297557932"><title>Greatest 80s Rock: Play It Loud!</title><date></date><icon src="https://t-mobiletv.nl:443/CPS/images/universal/film/program/202211/20221117/96/20221117090050514syz.jpg"></icon><desc>Hard! Alternative! Heavy! Post-punk! Metal! Indie! Goth! Call it what you want, but turn up the volume as we delve into the decade's best rock tracks in all their incarnations, right here on MTV80s!</desc><category></category></programme><programme channel="141431391" start="20221124195906 +0000" stop="20221125005908 +0000" catchup-id="1297557938"><title>... So 80s!</title><date></date><icon src="https://t-mobiletv.nl:443/CPS/images/universal/film/program/202211/20221117/37/202211170900505148lb.jpg"></icon><desc>Get ready because we're bringing you nothing but classic hits and iconic anthems from the 80s!</desc><category></category></programme><programme channel="141431391" start="20221125005908 +0000" stop="20221125030000 +0000" catchup-id="1298004554"><title>... So 80s!</title><date></date><icon src="https://t-mobiletv.nl:443/CPS/images/universal/film/program/202211/20221118/40/202211180901205156tf.jpg"></icon><desc>Get ready because we're bringing you nothing but classic hits and iconic anthems from the 80s!</desc><category></category></programme><programme channel="141431391" start="20221125030000 +0000" stop="20221125070028 +0000" catchup-id="1298004560"><title>Non-Stop 80s Hits!</title><date></date><icon src="https://t-mobiletv.nl:443/CPS/images/universal/film/program/202211/20221118/96/20221118090120515fqu.jpg"></icon><desc>We got hits... We got hits from the 80s. And guess what? They don't stop! You're welcome!</desc><category></category></programme><programme channel="141431391" start="20221125070028 +0000" stop="20221125110107 +0000" catchup-id="1298004566"><title>Gold! Greatest Hits Of The 80s</title><date></date><icon src="https://t-mobiletv.nl:443/CPS/images/universal/film/program/202211/20221118/14/20221118090120515022.jpg"></icon><desc>Pencil us in because we've organised the greatest hits of the '80s for you...you're welcome!</desc><category></category></programme><programme channel="141431391" start="20221125110107 +0000" stop="20221125150012 +0000" catchup-id="1298004572"><title>I Want My MTV 80s!</title><date></date><icon src="https://t-mobiletv.nl:443/CPS/images/universal/film/program/202211/20221118/95/20221118090120515gps.jpg"></icon><desc>It's non-stop nostalgia right here at MTV 80s - and that's what we want, right now!</desc><category></category></programme><programme channel="141431391" start="20221125150012 +0000" stop="20221125200145 +0000" catchup-id="1298004578"><title>Pump Up The 80s Party!</title><date></date><icon src="https://t-mobiletv.nl:443/CPS/images/universal/film/program/202211/20221118/3/202211180901205155s5.jpg"></icon><desc>We've chosen all of the best 80s hits to go into one epic 80s party playlist. So pump up the volume and get ready to dance with some classic 80s tunes!</desc><category></category></programme><programme channel="141431391" start="20221125200145 +0000" stop="20221125210048 +0000" catchup-id="1298004584"><title>Pump Up The 80s Party!</title><date></date><icon src="https://t-mobiletv.nl:443/CPS/images/universal/film/program/202211/20221118/98/20221118090120515s0s.jpg"></icon><desc>We've chosen all of the best 80s hits to go into one epic 80s party playlist. So pump up the volume and get ready to dance with some classic 80s tunes!</desc><category></category></programme><programme channel="141431391" start="20221125210048 +0000" stop="20221126020030 +0000" catchup-id="1298006190"><title>... So 80s!</title><date></date><icon src="https://t-mobiletv.nl:443/CPS/images/universal/film/program/202211/20221118/4/20221118090120515tk6.jpg"></icon><desc>Get ready because we're bringing you nothing but classic hits and iconic anthems from the 80s!</desc><category></category></programme><programme channel="141431391" start="20221126020030 +0000" stop="20221126030000 +0000" catchup-id="1298401721"><title>... So 80s!</title><date></date><icon src="https://t-mobiletv.nl:443/CPS/images/universal/film/program/202211/20221119/41/20221119090100522ar4.jpg"></icon><desc>Get ready because we're bringing you nothing but classic hits and iconic anthems from the 80s!</desc><category></category></programme><programme channel="141431391" start="20221126030000 +0000" stop="20221126065912 +0000" catchup-id="1298401727"><title>Non-Stop 80s Hits!</title><date></date><icon src="https://t-mobiletv.nl:443/CPS/images/universal/film/program/202211/20221119/36/20221119090100522f97.jpg"></icon><desc>We got hits... We got hits from the 80s. And guess what? They don't stop! You're welcome!</desc><category></category></programme><programme channel="141431391" start="20221126065912 +0000" stop="20221126105901 +0000" catchup-id="1298401733"><title>Gold! Greatest Hits Of The 80s</title><date></date><icon src="https://t-mobiletv.nl:443/CPS/images/universal/film/program/202211/20221119/37/202211190901005222u4.jpg"></icon><desc>Pencil us in because we've organised the greatest hits of the '80s for you...you're welcome!</desc><category></category></programme><programme channel="141431391" start="20221126105901 +0000" stop="20221126145951 +0000" catchup-id="1298401739"><title>I Want My MTV 80s!</title><date></date><icon src="https://t-mobiletv.nl:443/CPS/images/universal/film/program/202211/20221119/29/202211190901005224ot.jpg"></icon><desc>It's non-stop nostalgia right here at MTV 80s - and that's what we want, right now!</desc><category></category></programme><programme channel="141431391" start="20221126145951 +0000" stop="20221126170027 +0000" catchup-id="1298401745"><title>Forever 80s</title><date></date><icon src="https://t-mobiletv.nl:443/CPS/images/universal/film/program/202211/20221119/9/20221119090100522n1h.jpg"></icon><desc>Check out all of the best hits from one of the biggest decades in music!</desc><category></category></programme><programme channel="141431391" start="20221126170027 +0000" stop="20221126202241 +0000" catchup-id="1298401751"><title>Boys Boys Boys: 50 Pop Hits!</title><date></date><icon src="https://t-mobiletv.nl:443/CPS/images/universal/film/program/202211/20221119/41/2022111909010052238b.jpg"></icon><desc>We're bringing you 50 pop hits from the 80s boys we all know and love!</desc><category></category></programme><programme channel="141431391" start="20221126202241 +0000" stop="20221127020114 +0000" catchup-id="1298401757"><title>... So 80s!</title><date></date><icon src="https://t-mobiletv.nl:443/CPS/images/universal/film/program/202211/20221119/86/20221119090100522dok.jpg"></icon><desc>Get ready because we're bringing you nothing but classic hits and iconic anthems from the 80s!</desc><category></category></programme><programme channel="141431391" start="20221127020114 +0000" stop="20221127030000 +0000" catchup-id="1298819148"><title>... So 80s!</title><date></date><icon src="https://t-mobiletv.nl:443/CPS/images/universal/film/program/202211/20221120/87/20221120090100549zpb.jpg"></icon><desc>Get ready because we're bringing you nothing but classic hits and iconic anthems from the 80s!</desc><category></category></programme><programme channel="141431391" start="20221127030000 +0000" stop="20221127065940 +0000" catchup-id="1298819154"><title>Non-Stop 80s Hits!</title><date></date><icon src="https://t-mobiletv.nl:443/CPS/images/universal/film/program/202211/20221120/72/20221120090100549qrq.jpg"></icon><desc>We got hits... We got hits from the 80s. And guess what? They don't stop! You're welcome!</desc><category></category></programme><programme channel="141431391" start="20221127065940 +0000" stop="20221127102906 +0000" catchup-id="1298819160"><title>Boys Boys Boys: 50 Pop Hits!</title><date></date><icon src="https://t-mobiletv.nl:443/CPS/images/universal/film/program/202211/20221120/80/20221120090100549xlz.jpg"></icon><desc>We're bringing you 50 pop hits from the 80s boys we all know and love!</desc><category></category></programme><programme channel="141431391" start="20221127102906 +0000" stop="20221127145956 +0000" catchup-id="1298819166"><title>I Want My MTV 80s!</title><date></date><icon src="https://t-mobiletv.nl:443/CPS/images/universal/film/program/202211/20221120/77/20221120090100549sas.jpg"></icon><desc>It's non-stop nostalgia right here at MTV 80s - and that's what we want, right now!</desc><category></category></programme><programme channel="141431391" start="20221127145956 +0000" stop="20221127170031 +0000" catchup-id="1298819172"><title>Forever 80s</title><date></date><icon src="https://t-mobiletv.nl:443/CPS/images/universal/film/program/202211/20221120/76/20221120090100549wk5.jpg"></icon><desc>Check out all of the best hits from one of the biggest decades in music!</desc><category></category></programme><programme channel="141431391" start="20221127170031 +0000" stop="20221127200150 +0000" catchup-id="1298820330"><title>80s Power Ballad Heaven!</title><date></date><icon src="https://t-mobiletv.nl:443/CPS/images/universal/film/program/202211/20221120/34/20221120090100549vn4.jpg"></icon><desc>We've selected some of the most iconic 80s power ballads ever recorded to play for you right now on MTV 80s!</desc><category></category></programme><programme channel="141431391" start="20221127200150 +0000" stop="20221128005915 +0000" catchup-id="1298820336"><title>... So 80s!</title><date></date><icon src="https://t-mobiletv.nl:443/CPS/images/universal/film/program/202211/20221120/66/20221120090100549rjm.jpg"></icon><desc>Get ready because we're bringing you nothing but classic hits and iconic anthems from the 80s!</desc><category></category></programme><programme channel="141431391" start="20221128005915 +0000" stop="20221128030000 +0000" catchup-id="1299190758"><title>... So 80s!</title><date></date><icon src="https://t-mobiletv.nl:443/CPS/images/universal/film/program/202211/20221121/23/20221121090040520et5.jpg"></icon><desc>Get ready because we're bringing you nothing but classic hits and iconic anthems from the 80s!</desc><category></category></programme><programme channel="141431391" start="20221128030000 +0000" stop="20221128070000 +0000" catchup-id="1299191020"><title>Non-Stop 80s Hits!</title><date></date><icon src="https://t-mobiletv.nl:443/CPS/images/universal/film/program/202211/20221121/5/20221121090040520slf.jpg"></icon><desc>We got hits... We got hits from the 80s. And guess what? They don't stop! You're welcome!</desc><category></category></programme><programme channel="141431391" start="20221128070000 +0000" stop="20221128110000 +0000" catchup-id="1299191026"><title>Gold! Greatest Hits Of The 80s</title><date></date><icon src="https://t-mobiletv.nl:443/CPS/images/universal/film/program/202211/20221121/58/20221121090040520xmf.jpg"></icon><desc>Pencil us in because we've organised the greatest hits of the '80s for you...you're welcome!</desc><category></category></programme><programme channel="141431391" start="20221128110000 +0000" stop="20221128150000 +0000" catchup-id="1299191032"><title>I Want My MTV 80s!</title><date></date><icon src="https://t-mobiletv.nl:443/CPS/images/universal/film/program/202211/20221121/89/20221121090040520t8e.jpg"></icon><desc>It's non-stop nostalgia right here at MTV 80s - and that's what we want, right now!</desc><category></category></programme><programme channel="141431391" start="20221128150000 +0000" stop="20221128170000 +0000" catchup-id="1299191038"><title>Forever 80s</title><date></date><icon src="https://t-mobiletv.nl:443/CPS/images/universal/film/program/202211/20221121/19/20221121090040520mog.jpg"></icon><desc>Check out all of the best hits from one of the biggest decades in music!</desc><category></category></programme><programme channel="141431391" start="20221128170000 +0000" stop="20221128190000 +0000" catchup-id="1299191044"><title>Who's That 80s Girl?</title><date></date><icon src="https://t-mobiletv.nl:443/CPS/images/universal/film/program/202211/20221121/68/2022112109004052080m.jpg"></icon><desc>Check out all of the greatest hits from our favourite girls of the 80s!</desc><category></category></programme><programme channel="141431391" start="20221128190000 +0000" stop="20221128200000 +0000" catchup-id="1299191050"><title>Greatest 80s Rock: Play It Loud!</title><date></date><icon src="https://t-mobiletv.nl:443/CPS/images/universal/film/program/202211/20221121/66/20221121090040521g89.jpg"></icon><desc>Hard! Alternative! Heavy! Post-punk! Metal! Indie! Goth! Call it what you want, but turn up the volume as we delve into the decade's best rock tracks in all their incarnations, right here on MTV80s!</desc><category></category></programme><programme channel="141431391" start="20221128200000 +0000" stop="20221129010000 +0000" catchup-id="1299191056"><title>... So 80s!</title><date></date><icon src="https://t-mobiletv.nl:443/CPS/images/universal/film/program/202211/20221121/95/20221121090040521y6s.jpg"></icon><desc>Get ready because we're bringing you nothing but classic hits and iconic anthems from the 80s!</desc><category></category></programme><programme channel="141431391" start="20221129010000 +0000" stop="20221129030000 +0000" catchup-id="1299608339"><title>... So 80s!</title><date></date><icon src="https://t-mobiletv.nl:443/CPS/images/universal/film/program/202211/20221122/95/20221122090134709e35.jpg"></icon><desc>Get ready because we're bringing you nothing but classic hits and iconic anthems from the 80s!</desc><category></category></programme><programme channel="141431391" start="20221129030000 +0000" stop="20221129070000 +0000" catchup-id="1299608345"><title>Non-Stop 80s Hits!</title><date></date><icon src="https://t-mobiletv.nl:443/CPS/images/universal/film/program/202211/20221122/8/20221122090134709npu.jpg"></icon><desc>We got hits... We got hits from the 80s. And guess what? They don't stop! You're welcome!</desc><category></category></programme><programme channel="141431391" start="20221129070000 +0000" stop="20221129110000 +0000" catchup-id="1299608351"><title>Gold! Greatest Hits Of The 80s</title><date></date><icon src="https://t-mobiletv.nl:443/CPS/images/universal/film/program/202211/20221122/2/20221122090134710c83.jpg"></icon><desc>Pencil us in because we've organised the greatest hits of the '80s for you...you're welcome!</desc><category></category></programme><programme channel="141431391" start="20221129110000 +0000" stop="20221129150000 +0000" catchup-id="1299608357"><title>I Want My MTV 80s!</title><date></date><icon src="https://t-mobiletv.nl:443/CPS/images/universal/film/program/202211/20221122/53/20221122090134710xmw.jpg"></icon><desc>It's non-stop nostalgia right here at MTV 80s - and that's what we want, right now!</desc><category></category></programme><programme channel="141431391" start="20221129150000 +0000" stop="20221129170000 +0000" catchup-id="1299609195"><title>Forever 80s</title><date></date><icon src="https://t-mobiletv.nl:443/CPS/images/universal/film/program/202211/20221122/34/20221122090134710zh3.jpg"></icon><desc>Check out all of the best hits from one of the biggest decades in music!</desc><category></category></programme><programme channel="141431391" start="20221129170000 +0000" stop="20221129190000 +0000" catchup-id="1299609201"><title>Electric 80s!</title><date></date><icon src="https://t-mobiletv.nl:443/CPS/images/universal/film/program/202211/20221122/84/2022112209013471062n.jpg"></icon><desc>Tune in as we play all of the biggest electronic and synth pop hits from the 80s!</desc><category></category></programme><programme channel="141431391" start="20221129190000 +0000" stop="20221129200000 +0000" catchup-id="1299609207"><title>Greatest 80s Rock: Play It Loud!</title><date></date><icon src="https://t-mobiletv.nl:443/CPS/images/universal/film/program/202211/20221122/18/20221122090134710b9z.jpg"></icon><desc>Hard! Alternative! Heavy! Post-punk! Metal! Indie! Goth! Call it what you want, but turn up the volume as we delve into the decade's best rock tracks in all their incarnations, right here on MTV80s!</desc><category></category></programme><programme channel="141431391" start="20221129200000 +0000" stop="20221130010000 +0000" catchup-id="1299609213"><title>... So 80s!</title><date></date><icon src="https://t-mobiletv.nl:443/CPS/images/universal/film/program/202211/20221122/70/2022112209013471045n.jpg"></icon><desc>Get ready because we're bringing you nothing but classic hits and iconic anthems from the 80s!</desc><category></category></programme><programme channel="141431391" start="20221130010000 +0000" stop="20221130030000 +0000" catchup-id="1300006092"><title>... So 80s!</title><date></date><icon src="https://t-mobiletv.nl:443/CPS/images/universal/film/program/202211/20221123/74/20221123090045534cly.jpg"></icon><desc>Get ready because we're bringing you nothing but classic hits and iconic anthems from the 80s!</desc><category></category></programme><programme channel="141431391" start="20221130030000 +0000" stop="20221130070000 +0000" catchup-id="1300006098"><title>Non-Stop 80s Hits!</title><date></date><icon src="https://t-mobiletv.nl:443/CPS/images/universal/film/program/202211/20221123/99/20221123090045534ael.jpg"></icon><desc>We got hits... We got hits from the 80s. And guess what? They don't stop! You're welcome!</desc><category></category></programme><programme channel="141431391" start="20221130070000 +0000" stop="20221130110000 +0000" catchup-id="1300006104"><title>Gold! Greatest Hits Of The 80s</title><date></date><icon src="https://t-mobiletv.nl:443/CPS/images/universal/film/program/202211/20221123/5/20221123090045534kq5.jpg"></icon><desc>Pencil us in because we've organised the greatest hits of the '80s for you...you're welcome!</desc><category></category></programme><programme channel="141431391" start="20221130110000 +0000" stop="20221130150000 +0000" catchup-id="1300006110"><title>Top Hits Of 1987!</title><date></date><icon src="https://t-mobiletv.nl:443/CPS/images/universal/film/program/202211/20221123/6/20221123090045534a40.jpg"></icon><desc>We're counting down 50 of the biggest hits from another great year of the 80s! These are the top hits of 1987!</desc><category></category></programme><programme channel="141431391" start="20221130150000 +0000" stop="20221130170000 +0000" catchup-id="1300006116"><title>Forever 80s</title><date></date><icon src="https://t-mobiletv.nl:443/CPS/images/universal/film/program/202211/20221123/31/202211230900455343tq.jpg"></icon><desc>Check out all of the best hits from one of the biggest decades in music!</desc><category></category></programme><programme channel="141431391" start="20221130170000 +0000" stop="20221130190000 +0000" catchup-id="1300006378"><title>The Power Of Love!</title><date></date><icon src="https://t-mobiletv.nl:443/CPS/images/universal/film/program/202211/20221123/58/20221123090045534in1.jpg"></icon><desc>The power of love is strong here at MTV which is why we've put all of the best 80s love songs together in one playlist!</desc><category></category></programme><programme channel="141431391" start="20221130190000 +0000" stop="20221130200000 +0000" catchup-id="1300006384"><title>Greatest 80s Rock: Play It Loud!</title><date></date><icon src="https://t-mobiletv.nl:443/CPS/images/universal/film/program/202211/20221123/16/20221123090045534oqg.jpg"></icon><desc>Hard! Alternative! Heavy! Post-punk! Metal! Indie! Goth! Call it what you want, but turn up the volume as we delve into the decade's best rock tracks in all their incarnations, right here on MTV80s!</desc><category></category></programme><programme channel="141431391" start="20221130200000 +0000" stop="20221201010000 +0000" catchup-id="1300006390"><title>... So 80s!</title><date></date><icon src="https://t-mobiletv.nl:443/CPS/images/universal/film/program/202211/20221123/12/20221123090045534bio.jpg"></icon><desc>Get ready because we're bringing you nothing but classic hits and iconic anthems from the 80s!</desc><category></category></programme><programme channel="141431391" start="20221201010000 +0000" stop="20221201030000 +0000" catchup-id="1300409439"><title>... So 80s!</title><date></date><icon src="https://t-mobiletv.nl:443/CPS/images/universal/film/program/202211/20221124/51/20221124090040540zjf.jpg"></icon><desc>Get ready because we're bringing you nothing but classic hits and iconic anthems from the 80s!</desc><category></category></programme><programme channel="141431391" start="20221201030000 +0000" stop="20221201070000 +0000" catchup-id="1300409445"><title>Non-Stop 80s Hits!</title><date></date><icon src="https://t-mobiletv.nl:443/CPS/images/universal/film/program/202211/20221124/63/20221124090040540jua.jpg"></icon><desc>We got hits... We got hits from the 80s. And guess what? They don't stop! You're welcome!</desc><category></category></programme><programme channel="141431391" start="20221201070000 +0000" stop="20221201110000 +0000" catchup-id="1300410795"><title>Gold! Greatest Hits Of The 80s</title><date></date><icon src="https://t-mobiletv.nl:443/CPS/images/universal/film/program/202211/20221124/54/2022112409004054010b.jpg"></icon><desc>Pencil us in because we've organised the greatest hits of the '80s for you...you're welcome!</desc><category></category></programme><programme channel="141431391" start="20221201110000 +0000" stop="20221201150000 +0000" catchup-id="1300410801"><title>I Want My MTV 80s!</title><date></date><icon src="https://t-mobiletv.nl:443/CPS/images/universal/film/program/202211/20221124/77/20221124090040540ma4.jpg"></icon><desc>It's non-stop nostalgia right here at MTV 80s - and that's what we want, right now!</desc><category></category></programme><programme channel="141431391" start="20221201150000 +0000" stop="20221201170000 +0000" catchup-id="1300410807"><title>Forever 80s</title><date></date><icon src="https://t-mobiletv.nl:443/CPS/images/universal/film/program/202211/20221124/36/20221124090040540or8.jpg"></icon><desc>Check out all of the best hits from one of the biggest decades in music!</desc><category></category></programme><programme channel="141431391" start="20221201170000 +0000" stop="20221201190000 +0000" catchup-id="1300410813"><title>Wild Boys Of The 80s!</title><date></date><icon src="https://t-mobiletv.nl:443/CPS/images/universal/film/program/202211/20221124/70/20221124090040540n2w.jpg"></icon><desc>These boys were born to be wild in the 80s! Check out all of their huge hits and iconic anthems right here!</desc><category></category></programme><programme channel="141431391" start="20221201190000 +0000" stop="20221201200000 +0000" catchup-id="1300410819"><title>Greatest 80s Rock: Play It Loud!</title><date></date><icon src="https://t-mobiletv.nl:443/CPS/images/universal/film/program/202211/20221124/67/202211240900405404ml.jpg"></icon><desc>Hard! Alternative! Heavy! Post-punk! Metal! Indie! Goth! Call it what you want, but turn up the volume as we delve into the decade's best rock tracks in all their incarnations, right here on MTV80s!</desc><category></category></programme><programme channel="141431391" start="20221201200000 +0000" stop="20221202010000 +0000" catchup-id="1300410825"><title>... So 80s!</title><date></date><icon src="https://t-mobiletv.nl:443/CPS/images/universal/film/program/202211/20221124/48/20221124090040540kch.jpg"></icon><desc>Get ready because we're bringing you nothing but classic hits and iconic anthems from the 80s!</desc><category></category></programme><programme channel="141431391" start="20221202010000 +0000" stop="20221202030000 +0000" catchup-id="1300861408"><title>... So 80s!</title><date></date><icon src="https://t-mobiletv.nl:443/CPS/images/universal/film/program/202211/20221125/14/202211250901097214jz.jpg"></icon><desc>Get ready because we're bringing you nothing but classic hits and iconic anthems from the 80s!</desc><category></category></programme><programme channel="141431391" start="20221202030000 +0000" stop="20221202070000 +0000" catchup-id="1300861414"><title>Non-Stop 80s Hits!</title><date></date><icon src="https://t-mobiletv.nl:443/CPS/images/universal/film/program/202211/20221125/83/20221125090109721j1i.jpg"></icon><desc>We got hits... We got hits from the 80s. And guess what? They don't stop! You're welcome!</desc><category></category></programme><programme channel="141431391" start="20221202070000 +0000" stop="20221202110000 +0000" catchup-id="1300861420"><title>Gold! Greatest Hits Of The 80s</title><date></date><icon src="https://t-mobiletv.nl:443/CPS/images/universal/film/program/202211/20221125/49/20221125090109722ezw.jpg"></icon><desc>Pencil us in because we've organised the greatest hits of the '80s for you...you're welcome!</desc><category></category></programme><programme channel="141431391" start="20221202110000 +0000" stop="20221202150000 +0000" catchup-id="1300861426"><title>I Want My MTV 80s!</title><date></date><icon src="https://t-mobiletv.nl:443/CPS/images/universal/film/program/202211/20221125/56/20221125090109722nwq.jpg"></icon><desc>It's non-stop nostalgia right here at MTV 80s - and that's what we want, right now!</desc><category></category></programme><programme channel="141431391" start="20221202150000 +0000" stop="20221202200000 +0000" catchup-id="1300861432"><title>Pump Up The 80s Party!</title><date></date><icon src="https://t-mobiletv.nl:443/CPS/images/universal/film/program/202211/20221125/43/20221125090109722t3e.jpg"></icon><desc>We've chosen all of the best 80s hits to go into one epic 80s party playlist. So pump up the volume and get ready to dance with some classic 80s tunes!</desc><category></category></programme>