<programme channel="141429799" start="20221119173600 +0000" stop="20221119191500 +0000" catchup-id="1295473203"><title>El Club De La Comedia</title><date></date><icon src=""></icon><desc></desc><category></category></programme><programme channel="141429799" start="20221119191500 +0000" stop="20221119195900 +0000" catchup-id="1295473209"><title>Show Business</title><date></date><icon src=""></icon><desc></desc><category></category></programme><programme channel="141429799" start="20221119195900 +0000" stop="20221119204300 +0000" catchup-id="1295473215"><title>Noticias Fin De Semana</title><date></date><icon src="https://t-mobiletv.nl:443/CPS/images/universal/film/program/202211/20221112/13/20221112090049749vjd.jpg"></icon><desc></desc><category></category></programme><programme channel="141429799" start="20221119204300 +0000" stop="20221119204500 +0000" catchup-id="1295473221"><title>Deportes</title><date></date><icon src="https://t-mobiletv.nl:443/CPS/images/universal/film/program/202211/20221112/73/20221112090049749351.jpg"></icon><desc></desc><category></category></programme><programme channel="141429799" start="20221119204500 +0000" stop="20221119204800 +0000" catchup-id="1295473227"><title>El Tiempo</title><date></date><icon src="https://t-mobiletv.nl:443/CPS/images/universal/film/program/202211/20221112/25/20221112090049749q18.jpg"></icon><desc></desc><category></category></programme><programme channel="141429799" start="20221119204800 +0000" stop="20221119210000 +0000" catchup-id="1295473233"><title>Top Trending Topic</title><date></date><icon src=""></icon><desc></desc><category></category></programme><programme channel="141429799" start="20221119210000 +0000" stop="20221119214800 +0000" catchup-id="1295473239"><title>Divididos</title><date></date><icon src=""></icon><desc></desc><category></category></programme><programme channel="141429799" start="20221119214800 +0000" stop="20221119223600 +0000" catchup-id="1295473245"><title>Equipo De Investigación</title><date></date><icon src=""></icon><desc></desc><category></category></programme><programme channel="141429799" start="20221119223600 +0000" stop="20221119230000 +0000" catchup-id="1298587233"><title>Geen programma-informatie beschikbaar</title><date></date><icon src=""></icon><desc></desc><category></category></programme><programme channel="141429799" start="20221119230000 +0000" stop="20221120042700 +0000" catchup-id="1298587239"><title>Geen programma-informatie beschikbaar</title><date></date><icon src=""></icon><desc></desc><category></category></programme><programme channel="141429799" start="20221120042700 +0000" stop="20221120082000 +0000" catchup-id="1295910702"><title>POP UP AQUÍ NO HAY QUIÉN VIVA</title><date></date><icon src=""></icon><desc></desc><category></category></programme><programme channel="141429799" start="20221120082000 +0000" stop="20221120090300 +0000" catchup-id="1298156556"><title>SHOW BUSINESS</title><date></date><icon src=""></icon><desc></desc><category></category></programme><programme channel="141429799" start="20221120090300 +0000" stop="20221120093200 +0000" catchup-id="1298156562"><title>QUÉ ME PASA DOCTOR</title><date></date><icon src=""></icon><desc></desc><category></category></programme><programme channel="141429799" start="20221120093200 +0000" stop="20221120095400 +0000" catchup-id="1298156568"><title>COCINA ABIERTA CON KARLOS ARGUIÑANO</title><date></date><icon src=""></icon><desc></desc><category></category></programme><programme channel="141429799" start="20221120095400 +0000" stop="20221120110900 +0000" catchup-id="1298156574"><title>EL NOVATO</title><date></date><icon src=""></icon><desc></desc><category></category></programme><programme channel="141429799" start="20221120110900 +0000" stop="20221120122200 +0000" catchup-id="1298156580"><title>ZAPEANDO</title><date></date><icon src=""></icon><desc></desc><category></category></programme><programme channel="141429799" start="20221120122200 +0000" stop="20221120130200 +0000" catchup-id="1298156778"><title>CENTÍMETROS CÚBICOS</title><date></date><icon src=""></icon><desc></desc><category></category></programme><programme channel="141429799" start="20221120130200 +0000" stop="20221120140000 +0000" catchup-id="1298156784"><title>EL HORMIGUERO (R)</title><date></date><icon src=""></icon><desc></desc><category></category></programme><programme channel="141429799" start="20221120140000 +0000" stop="20221120143000 +0000" catchup-id="1298156790"><title>NOTICIAS FIN DE SEMANA</title><date></date><icon src="https://t-mobiletv.nl:443/CPS/images/universal/film/program/202211/20221118/46/20221118210055520hwv.jpg"></icon><desc></desc><category></category></programme><programme channel="141429799" start="20221120143000 +0000" stop="20221120144100 +0000" catchup-id="1298156796"><title>DEPORTES</title><date></date><icon src="https://t-mobiletv.nl:443/CPS/images/universal/film/program/202211/20221118/77/20221118210055520vxs.jpg"></icon><desc></desc><category></category></programme><programme channel="141429799" start="20221120144100 +0000" stop="20221120144400 +0000" catchup-id="1298156802"><title>EL TIEMPO</title><date></date><icon src="https://t-mobiletv.nl:443/CPS/images/universal/film/program/202211/20221118/11/20221118210055521oev.jpg"></icon><desc></desc><category></category></programme><programme channel="141429799" start="20221120144400 +0000" stop="20221120145400 +0000" catchup-id="1298156808"><title>TOP TRENDING TOPIC</title><date></date><icon src=""></icon><desc></desc><category></category></programme><programme channel="141429799" start="20221120145400 +0000" stop="20221120155000 +0000" catchup-id="1298156814"><title>SALVADOS</title><date></date><icon src=""></icon><desc></desc><category></category></programme><programme channel="141429799" start="20221120155000 +0000" stop="20221120172300 +0000" catchup-id="1298156820"><title>LOS HOMBRES DE PACO</title><date></date><icon src=""></icon><desc></desc><category></category></programme><programme channel="141429799" start="20221120172300 +0000" stop="20221120183500 +0000" catchup-id="1298156826"><title>EL CLUB DE LA COMEDIA</title><date></date><icon src=""></icon><desc></desc><category></category></programme><programme channel="141429799" start="20221120183500 +0000" stop="20221120185000 +0000" catchup-id="1298156832"><title>NOTICIAS FIN DE SEMANA</title><date></date><icon src="https://t-mobiletv.nl:443/CPS/images/universal/film/program/202211/20221118/87/20221118210055521f29.jpg"></icon><desc></desc><category></category></programme><programme channel="141429799" start="20221120185000 +0000" stop="20221120202600 +0000" catchup-id="1298156838"><title>DEPORTES</title><date></date><icon src="https://t-mobiletv.nl:443/CPS/images/universal/film/program/202211/20221118/74/20221118210055521f25.jpg"></icon><desc></desc><category></category></programme><programme channel="141429799" start="20221120202600 +0000" stop="20221120204800 +0000" catchup-id="1298156844"><title>EL TIEMPO</title><date></date><icon src="https://t-mobiletv.nl:443/CPS/images/universal/film/program/202211/20221118/61/20221118210055521i2m.jpg"></icon><desc></desc><category></category></programme><programme channel="141429799" start="20221120204800 +0000" stop="20221120224800 +0000" catchup-id="1298156850"><title>ATRESCINE: LUCÍA Y EL SEXO</title><date></date><icon src=""></icon><desc></desc><category></category></programme><programme channel="141429799" start="20221120224800 +0000" stop="20221121020000 +0000" catchup-id="1295910816"><title>POP UP AQUÍ NO HAY QUIÉN VIVA</title><date></date><icon src=""></icon><desc></desc><category></category></programme><programme channel="141429799" start="20221121020000 +0000" stop="20221121050000 +0000" catchup-id="1299327729"><title>Geen programma-informatie beschikbaar</title><date></date><icon src=""></icon><desc></desc><category></category></programme><programme channel="141429799" start="20221121050000 +0000" stop="20221121051000 +0000" catchup-id="1299327735"><title>EL CHIRINGUITO DE JUGONES INTERNACIONAL</title><date></date><icon src=""></icon><desc></desc><category></category></programme><programme channel="141429799" start="20221121051000 +0000" stop="20221121062500 +0000" catchup-id="1299327741"><title>NOTICIAS DE LA MAÑANA</title><date></date><icon src=""></icon><desc></desc><category></category></programme><programme channel="141429799" start="20221121062500 +0000" stop="20221121123200 +0000" catchup-id="1299327747"><title>ESPEJO PÚBLICO</title><date></date><icon src=""></icon><desc></desc><category></category></programme><programme channel="141429799" start="20221121123200 +0000" stop="20221121130200 +0000" catchup-id="1299327753"><title>HOY COCINAS TÚ</title><date></date><icon src=""></icon><desc></desc><category></category></programme><programme channel="141429799" start="20221121130200 +0000" stop="20221121132700 +0000" catchup-id="1299327759"><title>COCINA ABIERTA DE KARLOS ARGUIÑANO</title><date></date><icon src=""></icon><desc></desc><category></category></programme><programme channel="141429799" start="20221121132700 +0000" stop="20221121140000 +0000" catchup-id="1299327765"><title>TOP TRENDING TOPIC</title><date></date><icon src=""></icon><desc></desc><category></category></programme><programme channel="141429799" start="20221121140000 +0000" stop="20221121141100 +0000" catchup-id="1299327771"><title>NOTICIAS</title><date></date><icon src="https://t-mobiletv.nl:443/CPS/images/universal/film/program/202211/20221121/56/20221121210039726s4k.jpg"></icon><desc></desc><category></category></programme><programme channel="141429799" start="20221121141100 +0000" stop="20221121143000 +0000" catchup-id="1299327777"><title>AMAR ES PARA SIEMPRE</title><date></date><icon src=""></icon><desc></desc><category></category></programme><programme channel="141429799" start="20221121143000 +0000" stop="20221121144700 +0000" catchup-id="1299327783"><title>DEPORTES</title><date></date><icon src="https://t-mobiletv.nl:443/CPS/images/universal/film/program/202211/20221121/18/20221121210039726rjo.jpg"></icon><desc></desc><category></category></programme><programme channel="141429799" start="20221121144700 +0000" stop="20221121170000 +0000" catchup-id="1299328685"><title>ZAPEANDO</title><date></date><icon src=""></icon><desc></desc><category></category></programme><programme channel="141429799" start="20221121170000 +0000" stop="20221121175700 +0000" catchup-id="1299328691"><title>LA RULETA DE LA SUERTE</title><date></date><icon src=""></icon><desc></desc><category></category></programme><programme channel="141429799" start="20221121175700 +0000" stop="20221121191500 +0000" catchup-id="1299328697"><title>Y AHORA SONSOLES</title><date></date><icon src=""></icon><desc></desc><category></category></programme><programme channel="141429799" start="20221121191500 +0000" stop="20221121200000 +0000" catchup-id="1299328703"><title>PASAPALABRA</title><date></date><icon src="https://t-mobiletv.nl:443/CPS/images/universal/film/program/202211/20221121/46/20221121210039726qwd.jpg"></icon><desc></desc><category></category></programme><programme channel="141429799" start="20221121200000 +0000" stop="20221121201700 +0000" catchup-id="1299328709"><title>NOTICIAS</title><date></date><icon src="https://t-mobiletv.nl:443/CPS/images/universal/film/program/202211/20221121/47/20221121210039726r3e.jpg"></icon><desc></desc><category></category></programme><programme channel="141429799" start="20221121201700 +0000" stop="20221121202700 +0000" catchup-id="1299328715"><title>DEPORTES</title><date></date><icon src="https://t-mobiletv.nl:443/CPS/images/universal/film/program/202211/20221121/54/20221121210039726etu.jpg"></icon><desc></desc><category></category></programme><programme channel="141429799" start="20221121202700 +0000" stop="20221121203700 +0000" catchup-id="1299328721"><title>EL TIEMPO</title><date></date><icon src="https://t-mobiletv.nl:443/CPS/images/universal/film/program/202211/20221121/14/20221121210039727m2e.jpg"></icon><desc></desc><category></category></programme><programme channel="141429799" start="20221121203700 +0000" stop="20221121204500 +0000" catchup-id="1299328727"><title>TOP TRENDING TOPIC</title><date></date><icon src=""></icon><desc></desc><category></category></programme><programme channel="141429799" start="20221121204500 +0000" stop="20221121220000 +0000" catchup-id="1299328733"><title>EL HORMIGUERO</title><date></date><icon src="https://t-mobiletv.nl:443/CPS/images/universal/film/program/202211/20221121/5/20221121210039727snk.jpg"></icon><desc></desc><category></category></programme><programme channel="141429799" start="20221121220000 +0000" stop="20221121225500 +0000" catchup-id="1299328739"><title>SALVADOS</title><date></date><icon src=""></icon><desc></desc><category></category></programme><programme channel="141429799" start="20221121225500 +0000" stop="20221121235000 +0000" catchup-id="1299328745"><title>EL CHIRINGUITO DE JUGONES INTERNACIONAL</title><date></date><icon src=""></icon><desc></desc><category></category></programme><programme channel="141429799" start="20221121235000 +0000" stop="20221122025600 +0000" catchup-id="1296709028"><title>POP UP AQUÍ NO HAY QUIÉN VIVA</title><date></date><icon src=""></icon><desc></desc><category></category></programme><programme channel="141429799" start="20221122025600 +0000" stop="20221122052700 +0000" catchup-id="1299772070"><title>Geen programma-informatie beschikbaar</title><date></date><icon src=""></icon><desc></desc><category></category></programme><programme channel="141429799" start="20221122052700 +0000" stop="20221122055400 +0000" catchup-id="1299328757"><title>COCINA ABIERTA DE KARLOS ARGUIÑANO</title><date></date><icon src=""></icon><desc></desc><category></category></programme><programme channel="141429799" start="20221122055400 +0000" stop="20221122065900 +0000" catchup-id="1299328763"><title>EL CHIRINGUITO</title><date></date><icon src=""></icon><desc></desc><category></category></programme><programme channel="141429799" start="20221122065900 +0000" stop="20221122074200 +0000" catchup-id="1299328769"><title>NOTICIAS</title><date></date><icon src="https://t-mobiletv.nl:443/CPS/images/universal/film/program/202211/20221121/91/202211212100397276u6.jpg"></icon><desc></desc><category></category></programme><programme channel="141429799" start="20221122074200 +0000" stop="20221122074600 +0000" catchup-id="1299328775"><title>DEPORTES</title><date></date><icon src="https://t-mobiletv.nl:443/CPS/images/universal/film/program/202211/20221121/10/20221121210039727hl9.jpg"></icon><desc></desc><category></category></programme><programme channel="141429799" start="20221122074600 +0000" stop="20221122110800 +0000" catchup-id="1296709052"><title>ESPEJO PÚBLICO</title><date></date><icon src=""></icon><desc></desc><category></category></programme><programme channel="141429799" start="20221122110800 +0000" stop="20221122113100 +0000" catchup-id="1299328781"><title>TU TIEMPO CON ROBERTO BRASERO</title><date></date><icon src=""></icon><desc></desc><category></category></programme><programme channel="141429799" start="20221122113100 +0000" stop="20221122120000 +0000" catchup-id="1299328787"><title>COCINA ABIERTA DE KARLOS ARGUIÑANO</title><date></date><icon src=""></icon><desc></desc><category></category></programme><programme channel="141429799" start="20221122120000 +0000" stop="20221122130300 +0000" catchup-id="1299328793"><title>PASAPALABRA</title><date></date><icon src="https://t-mobiletv.nl:443/CPS/images/universal/film/program/202211/20221121/72/20221121210039727pf6.jpg"></icon><desc></desc><category></category></programme><programme channel="141429799" start="20221122130300 +0000" stop="20221122133600 +0000" catchup-id="1296709076"><title>NOTICIAS</title><date></date><icon src="https://t-mobiletv.nl:443/CPS/images/universal/film/program/202211/20221115/24/20221115090129708mh8.jpg"></icon><desc></desc><category></category></programme><programme channel="141429799" start="20221122133600 +0000" stop="20221122133900 +0000" catchup-id="1299328799"><title>DEPORTES</title><date></date><icon src="https://t-mobiletv.nl:443/CPS/images/universal/film/program/202211/20221121/4/202211212100397274bx.jpg"></icon><desc></desc><category></category></programme><programme channel="141429799" start="20221122133900 +0000" stop="20221122134100 +0000" catchup-id="1299328805"><title>EL TIEMPO</title><date></date><icon src="https://t-mobiletv.nl:443/CPS/images/universal/film/program/202211/20221121/88/20221121210039727hlm.jpg"></icon><desc></desc><category></category></programme><programme channel="141429799" start="20221122134100 +0000" stop="20221122150000 +0000" catchup-id="1299328811"><title>Y AHORA SONSOLES</title><date></date><icon src=""></icon><desc></desc><category></category></programme><programme channel="141429799" start="20221122150000 +0000" stop="20221122151800 +0000" catchup-id="1299328817"><title>TOP TRENDING TELE</title><date></date><icon src=""></icon><desc></desc><category></category></programme><programme channel="141429799" start="20221122151800 +0000" stop="20221122163100 +0000" catchup-id="1296709094"><title>AMAR ES PARA SIEMPRE</title><date></date><icon src=""></icon><desc></desc><category></category></programme><programme channel="141429799" start="20221122163100 +0000" stop="20221122173600 +0000" catchup-id="1296709100"><title>LA RULETA DE LA SUERTE</title><date></date><icon src=""></icon><desc></desc><category></category></programme><programme channel="141429799" start="20221122173600 +0000" stop="20221122183200 +0000" catchup-id="1296709112"><title>PASAPALABRA</title><date></date><icon src="https://t-mobiletv.nl:443/CPS/images/universal/film/program/202211/20221115/60/20221115090129708zl3.jpg"></icon><desc></desc><category></category></programme><programme channel="141429799" start="20221122183200 +0000" stop="20221122193100 +0000" catchup-id="1299328823"><title>EL HORMIGUERO</title><date></date><icon src="https://t-mobiletv.nl:443/CPS/images/universal/film/program/202211/20221121/84/20221121210039727qek.jpg"></icon><desc></desc><category></category></programme><programme channel="141429799" start="20221122193100 +0000" stop="20221122203100 +0000" catchup-id="1299328829"><title>EQUIPO DE INVESTIGACIÓN</title><date></date><icon src=""></icon><desc></desc><category></category></programme><programme channel="141429799" start="20221122203100 +0000" stop="20221122220000 +0000" catchup-id="1296709148"><title>EQUIPO DE INVESTIGACIÓN</title><date></date><icon src=""></icon><desc></desc><category></category></programme><programme channel="141429799" start="20221122220000 +0000" stop="20221122230900 +0000" catchup-id="1299328835"><title>EL CHIRINGUITO</title><date></date><icon src=""></icon><desc></desc><category></category></programme><programme channel="141429799" start="20221122230900 +0000" stop="20221123004200 +0000" catchup-id="1299328841"><title>ZAPEANDO</title><date></date><icon src=""></icon><desc></desc><category></category></programme><programme channel="141429799" start="20221123004200 +0000" stop="20221123005500 +0000" catchup-id="1299328847"><title>NOTICIAS DE LA MAÑANA</title><date></date><icon src=""></icon><desc></desc><category></category></programme><programme channel="141429799" start="20221123005500 +0000" stop="20221123050000 +0000" catchup-id="1300173291"><title>Geen programma-informatie beschikbaar</title><date></date><icon src=""></icon><desc></desc><category></category></programme><programme channel="141429799" start="20221123050000 +0000" stop="20221123055500 +0000" catchup-id="1297137188"><title>EL CHIRINGUITO DE JUGONES INTERNACIONAL</title><date></date><icon src=""></icon><desc></desc><category></category></programme><programme channel="141429799" start="20221123055500 +0000" stop="20221123075500 +0000" catchup-id="1297137386"><title>NOTICIAS DE LA MAÑANA</title><date></date><icon src=""></icon><desc></desc><category></category></programme><programme channel="141429799" start="20221123075500 +0000" stop="20221123122500 +0000" catchup-id="1297137392"><title>ESPEJO PÚBLICO</title><date></date><icon src=""></icon><desc></desc><category></category></programme><programme channel="141429799" start="20221123122500 +0000" stop="20221123131400 +0000" catchup-id="1297137398"><title>HOY COCINAS TÚ</title><date></date><icon src=""></icon><desc></desc><category></category></programme><programme channel="141429799" start="20221123131400 +0000" stop="20221123133700 +0000" catchup-id="1297137404"><title>COCINA ABIERTA DE KARLOS ARGUIÑANO</title><date></date><icon src=""></icon><desc></desc><category></category></programme><programme channel="141429799" start="20221123133700 +0000" stop="20221123135900 +0000" catchup-id="1297137410"><title>TOP TRENDING TOPIC</title><date></date><icon src=""></icon><desc></desc><category></category></programme><programme channel="141429799" start="20221123135900 +0000" stop="20221123144300 +0000" catchup-id="1297137416"><title>NOTICIAS</title><date></date><icon src="https://t-mobiletv.nl:443/CPS/images/universal/film/program/202211/20221116/68/20221116090135515a4f.jpg"></icon><desc></desc><category></category></programme><programme channel="141429799" start="20221123144300 +0000" stop="20221123144500 +0000" catchup-id="1297137422"><title>DEPORTES</title><date></date><icon src="https://t-mobiletv.nl:443/CPS/images/universal/film/program/202211/20221116/31/2022111609013551515s.jpg"></icon><desc></desc><category></category></programme><programme channel="141429799" start="20221123144500 +0000" stop="20221123160000 +0000" catchup-id="1297137428"><title>ZAPEANDO</title><date></date><icon src=""></icon><desc></desc><category></category></programme><programme channel="141429799" start="20221123160000 +0000" stop="20221123170000 +0000" catchup-id="1297137434"><title>AMAR ES PARA SIEMPRE</title><date></date><icon src=""></icon><desc></desc><category></category></programme><programme channel="141429799" start="20221123170000 +0000" stop="20221123175700 +0000" catchup-id="1297137440"><title>LA RULETA DE LA SUERTE</title><date></date><icon src=""></icon><desc></desc><category></category></programme><programme channel="141429799" start="20221123175700 +0000" stop="20221123190200 +0000" catchup-id="1297137446"><title>Y AHORA SONSOLES</title><date></date><icon src=""></icon><desc></desc><category></category></programme><programme channel="141429799" start="20221123190200 +0000" stop="20221123200800 +0000" catchup-id="1297137452"><title>PASAPALABRA</title><date></date><icon src="https://t-mobiletv.nl:443/CPS/images/universal/film/program/202211/20221116/74/20221116090135515rpg.jpg"></icon><desc></desc><category></category></programme><programme channel="141429799" start="20221123200800 +0000" stop="20221123204000 +0000" catchup-id="1297137458"><title>NOTICIAS</title><date></date><icon src="https://t-mobiletv.nl:443/CPS/images/universal/film/program/202211/20221116/57/2022111609013551566d.jpg"></icon><desc></desc><category></category></programme><programme channel="141429799" start="20221123204000 +0000" stop="20221123204200 +0000" catchup-id="1299772402"><title>DEPORTES</title><date></date><icon src="https://t-mobiletv.nl:443/CPS/images/universal/film/program/202211/20221122/90/20221122210139728m9r.jpg"></icon><desc></desc><category></category></programme><programme channel="141429799" start="20221123204200 +0000" stop="20221123204400 +0000" catchup-id="1297137470"><title>EL TIEMPO</title><date></date><icon src="https://t-mobiletv.nl:443/CPS/images/universal/film/program/202211/20221116/31/20221116090135515z1l.jpg"></icon><desc></desc><category></category></programme><programme channel="141429799" start="20221123204400 +0000" stop="20221123205500 +0000" catchup-id="1297137476"><title>TOP TRENDING TOPIC</title><date></date><icon src=""></icon><desc></desc><category></category></programme><programme channel="141429799" start="20221123205500 +0000" stop="20221123215000 +0000" catchup-id="1297137482"><title>EL HORMIGUERO</title><date></date><icon src="https://t-mobiletv.nl:443/CPS/images/universal/film/program/202211/20221116/46/20221116090135515y68.jpg"></icon><desc></desc><category></category></programme><programme channel="141429799" start="20221123215000 +0000" stop="20221123230000 +0000" catchup-id="1297137488"><title>EL NOVATO</title><date></date><icon src=""></icon><desc></desc><category></category></programme><programme channel="141429799" start="20221123230000 +0000" stop="20221123235500 +0000" catchup-id="1297558174"><title>EL CHIRINGUITO DE JUGONES INTERNACIONAL</title><date></date><icon src=""></icon><desc></desc><category></category></programme><programme channel="141429799" start="20221123235500 +0000" stop="20221124041200 +0000" catchup-id="1297558180"><title>POP UP AQUÍ NO HAY QUIÉN VIVA</title><date></date><icon src=""></icon><desc></desc><category></category></programme><programme channel="141429799" start="20221124041200 +0000" stop="20221124044800 +0000" catchup-id="1300607694"><title>Geen programma-informatie beschikbaar</title><date></date><icon src=""></icon><desc></desc><category></category></programme><programme channel="141429799" start="20221124044800 +0000" stop="20221124050000 +0000" catchup-id="1299328865"><title>MÁS DE SERIES</title><date></date><icon src=""></icon><desc></desc><category></category></programme><programme channel="141429799" start="20221124050000 +0000" stop="20221124055400 +0000" catchup-id="1300173303"><title>EL CHIRINGUITO DE JUGONES INTERNACIONAL</title><date></date><icon src=""></icon><desc></desc><category></category></programme><programme channel="141429799" start="20221124055400 +0000" stop="20221124075500 +0000" catchup-id="1300173309"><title>NOTICIAS DE LA MAÑANA</title><date></date><icon src=""></icon><desc></desc><category></category></programme><programme channel="141429799" start="20221124075500 +0000" stop="20221124122600 +0000" catchup-id="1300173315"><title>ESPEJO PÚBLICO</title><date></date><icon src=""></icon><desc></desc><category></category></programme><programme channel="141429799" start="20221124122600 +0000" stop="20221124131500 +0000" catchup-id="1300173321"><title>HOY COCINAS TÚ</title><date></date><icon src=""></icon><desc></desc><category></category></programme><programme channel="141429799" start="20221124131500 +0000" stop="20221124133900 +0000" catchup-id="1300173327"><title>COCINA ABIERTA DE KARLOS ARGUIÑANO</title><date></date><icon src=""></icon><desc></desc><category></category></programme><programme channel="141429799" start="20221124133900 +0000" stop="20221124135900 +0000" catchup-id="1300173333"><title>TOP TRENDING TOPIC</title><date></date><icon src=""></icon><desc></desc><category></category></programme><programme channel="141429799" start="20221124135900 +0000" stop="20221124144300 +0000" catchup-id="1300173339"><title>NOTICIAS</title><date></date><icon src="https://t-mobiletv.nl:443/CPS/images/universal/film/program/202211/20221123/15/202211232101097265sz.jpg"></icon><desc></desc><category></category></programme><programme channel="141429799" start="20221124144300 +0000" stop="20221124144500 +0000" catchup-id="1300173345"><title>DEPORTES</title><date></date><icon src="https://t-mobiletv.nl:443/CPS/images/universal/film/program/202211/20221123/97/202211232101097266ef.jpg"></icon><desc></desc><category></category></programme><programme channel="141429799" start="20221124144500 +0000" stop="20221124160000 +0000" catchup-id="1300173351"><title>ZAPEANDO</title><date></date><icon src=""></icon><desc></desc><category></category></programme><programme channel="141429799" start="20221124160000 +0000" stop="20221124170100 +0000" catchup-id="1300173357"><title>AMAR ES PARA SIEMPRE</title><date></date><icon src=""></icon><desc></desc><category></category></programme><programme channel="141429799" start="20221124170100 +0000" stop="20221124175700 +0000" catchup-id="1300173363"><title>LA RULETA DE LA SUERTE</title><date></date><icon src=""></icon><desc></desc><category></category></programme><programme channel="141429799" start="20221124175700 +0000" stop="20221124190000 +0000" catchup-id="1300173369"><title>Y AHORA SONSOLES</title><date></date><icon src=""></icon><desc></desc><category></category></programme><programme channel="141429799" start="20221124190000 +0000" stop="20221124200800 +0000" catchup-id="1300173375"><title>PASAPALABRA</title><date></date><icon src="https://t-mobiletv.nl:443/CPS/images/universal/film/program/202211/20221123/46/20221123210109726l4h.jpg"></icon><desc></desc><category></category></programme><programme channel="141429799" start="20221124200800 +0000" stop="20221124204100 +0000" catchup-id="1300173381"><title>NOTICIAS</title><date></date><icon src="https://t-mobiletv.nl:443/CPS/images/universal/film/program/202211/20221123/43/202211232101097266gi.jpg"></icon><desc></desc><category></category></programme><programme channel="141429799" start="20221124204100 +0000" stop="20221124204400 +0000" catchup-id="1300173387"><title>DEPORTES</title><date></date><icon src="https://t-mobiletv.nl:443/CPS/images/universal/film/program/202211/20221123/54/202211232101097265rf.jpg"></icon><desc></desc><category></category></programme><programme channel="141429799" start="20221124204400 +0000" stop="20221124204600 +0000" catchup-id="1300173393"><title>EL TIEMPO</title><date></date><icon src="https://t-mobiletv.nl:443/CPS/images/universal/film/program/202211/20221123/97/202211232101097261ez.jpg"></icon><desc></desc><category></category></programme><programme channel="141429799" start="20221124204600 +0000" stop="20221124205900 +0000" catchup-id="1300173399"><title>TOP TRENDING TOPIC</title><date></date><icon src=""></icon><desc></desc><category></category></programme><programme channel="141429799" start="20221124205900 +0000" stop="20221124220100 +0000" catchup-id="1300173405"><title>EL HORMIGUERO</title><date></date><icon src="https://t-mobiletv.nl:443/CPS/images/universal/film/program/202211/20221123/51/20221123210109726791.jpg"></icon><desc></desc><category></category></programme><programme channel="141429799" start="20221124220100 +0000" stop="20221124231800 +0000" catchup-id="1300173411"><title>LOS HOMBRES DE PACO</title><date></date><icon src=""></icon><desc></desc><category></category></programme><programme channel="141429799" start="20221124231800 +0000" stop="20221125000100 +0000" catchup-id="1300173417"><title>SHOW BUSINESS</title><date></date><icon src=""></icon><desc></desc><category></category></programme><programme channel="141429799" start="20221125000100 +0000" stop="20221125005600 +0000" catchup-id="1300173423"><title>EL CHIRINGUITO DE JUGONES INTERNACIONAL</title><date></date><icon src=""></icon><desc></desc><category></category></programme><programme channel="141429799" start="20221125005600 +0000" stop="20221125040300 +0000" catchup-id="1298001213"><title>POP UP AQUÍ NO HAY QUIÉN VIVA</title><date></date><icon src=""></icon><desc></desc><category></category></programme><programme channel="141429799" start="20221125040300 +0000" stop="20221125050000 +0000" catchup-id="1301032004"><title>Geen programma-informatie beschikbaar</title><date></date><icon src=""></icon><desc></desc><category></category></programme><programme channel="141429799" start="20221125050000 +0000" stop="20221125055500 +0000" catchup-id="1300607706"><title>EL CHIRINGUITO DE JUGONES INTERNACIONAL</title><date></date><icon src=""></icon><desc></desc><category></category></programme><programme channel="141429799" start="20221125055500 +0000" stop="20221125075500 +0000" catchup-id="1300607712"><title>NOTICIAS DE LA MAÑANA</title><date></date><icon src=""></icon><desc></desc><category></category></programme><programme channel="141429799" start="20221125075500 +0000" stop="20221125122400 +0000" catchup-id="1300607718"><title>ESPEJO PÚBLICO</title><date></date><icon src=""></icon><desc></desc><category></category></programme><programme channel="141429799" start="20221125122400 +0000" stop="20221125131500 +0000" catchup-id="1300607916"><title>HOY COCINAS TÚ</title><date></date><icon src=""></icon><desc></desc><category></category></programme><programme channel="141429799" start="20221125131500 +0000" stop="20221125133600 +0000" catchup-id="1300607922"><title>COCINA ABIERTA DE KARLOS ARGUIÑANO</title><date></date><icon src=""></icon><desc></desc><category></category></programme><programme channel="141429799" start="20221125133600 +0000" stop="20221125135900 +0000" catchup-id="1300607928"><title>TOP TRENDING TOPIC</title><date></date><icon src=""></icon><desc></desc><category></category></programme><programme channel="141429799" start="20221125135900 +0000" stop="20221125144200 +0000" catchup-id="1300607934"><title>NOTICIAS</title><date></date><icon src="https://t-mobiletv.nl:443/CPS/images/universal/film/program/202211/20221124/13/202211242101097238hk.jpg"></icon><desc></desc><category></category></programme><programme channel="141429799" start="20221125144200 +0000" stop="20221125144500 +0000" catchup-id="1300607940"><title>DEPORTES</title><date></date><icon src="https://t-mobiletv.nl:443/CPS/images/universal/film/program/202211/20221124/4/20221124210109723mf3.jpg"></icon><desc></desc><category></category></programme><programme channel="141429799" start="20221125144500 +0000" stop="20221125160000 +0000" catchup-id="1300607946"><title>ZAPEANDO</title><date></date><icon src=""></icon><desc></desc><category></category></programme><programme channel="141429799" start="20221125160000 +0000" stop="20221125165600 +0000" catchup-id="1300607952"><title>AMAR ES PARA SIEMPRE</title><date></date><icon src=""></icon><desc></desc><category></category></programme><programme channel="141429799" start="20221125165600 +0000" stop="20221125175700 +0000" catchup-id="1300607958"><title>LA RULETA DE LA SUERTE</title><date></date><icon src=""></icon><desc></desc><category></category></programme><programme channel="141429799" start="20221125175700 +0000" stop="20221125191100 +0000" catchup-id="1300607964"><title>Y AHORA SONSOLES</title><date></date><icon src=""></icon><desc></desc><category></category></programme><programme channel="141429799" start="20221125191100 +0000" stop="20221125200800 +0000" catchup-id="1300607970"><title>PASAPALABRA</title><date></date><icon src="https://t-mobiletv.nl:443/CPS/images/universal/film/program/202211/20221124/46/20221124210109723mda.jpg"></icon><desc></desc><category></category></programme><programme channel="141429799" start="20221125200800 +0000" stop="20221125204100 +0000" catchup-id="1300607976"><title>NOTICIAS</title><date></date><icon src="https://t-mobiletv.nl:443/CPS/images/universal/film/program/202211/20221124/10/20221124210109723eoi.jpg"></icon><desc></desc><category></category></programme><programme channel="141429799" start="20221125204100 +0000" stop="20221125204300 +0000" catchup-id="1300607982"><title>DEPORTES</title><date></date><icon src="https://t-mobiletv.nl:443/CPS/images/universal/film/program/202211/20221124/77/20221124210109723sme.jpg"></icon><desc></desc><category></category></programme><programme channel="141429799" start="20221125204300 +0000" stop="20221125204500 +0000" catchup-id="1300607988"><title>EL TIEMPO</title><date></date><icon src="https://t-mobiletv.nl:443/CPS/images/universal/film/program/202211/20221124/2/20221124210109724rj9.jpg"></icon><desc></desc><category></category></programme><programme channel="141429799" start="20221125204500 +0000" stop="20221125210500 +0000" catchup-id="1300607994"><title>TOP TRENDING TOPIC</title><date></date><icon src=""></icon><desc></desc><category></category></programme><programme channel="141429799" start="20221125210500 +0000" stop="20221125215600 +0000" catchup-id="1300608000"><title>EL HORMIGUERO</title><date></date><icon src="https://t-mobiletv.nl:443/CPS/images/universal/film/program/202211/20221124/9/20221124210109724v99.jpg"></icon><desc></desc><category></category></programme><programme channel="141429799" start="20221125215600 +0000" stop="20221126010700 +0000" catchup-id="1300608006"><title>LA VOZ (ASALTO FINAL)</title><date></date><icon src=""></icon><desc></desc><category></category></programme><programme channel="141429799" start="20221126010700 +0000" stop="20221126020200 +0000" catchup-id="1300608012"><title>EL CHIRINGUITO DE JUGONES INTERNACIONAL</title><date></date><icon src=""></icon><desc></desc><category></category></programme><programme channel="141429799" start="20221126020200 +0000" stop="20221126042200 +0000" catchup-id="1299329099"><title>POP UP AQUÍ NO HAY QUIÉN VIVA</title><date></date><icon src=""></icon><desc></desc><category></category></programme><programme channel="141429799" start="20221126042200 +0000" stop="20221126045100 +0000" catchup-id="1301285664"><title>Geen programma-informatie beschikbaar</title><date></date><icon src=""></icon><desc></desc><category></category></programme><programme channel="141429799" start="20221126045100 +0000" stop="20221126090800 +0000" catchup-id="1299329111"><title>POP UP AQUÍ NO HAY QUIEN VIVA</title><date></date><icon src=""></icon><desc></desc><category></category></programme><programme channel="141429799" start="20221126090800 +0000" stop="20221126092100 +0000" catchup-id="1301032016"><title>CREA LECTURA</title><date></date><icon src=""></icon><desc></desc><category></category></programme><programme channel="141429799" start="20221126092100 +0000" stop="20221126095200 +0000" catchup-id="1301032022"><title>QUÉ ME PASA DOCTOR</title><date></date><icon src=""></icon><desc></desc><category></category></programme><programme channel="141429799" start="20221126095200 +0000" stop="20221126101500 +0000" catchup-id="1301032028"><title>COCINA ABIERTA CON KARLOS ARGUIÑANO</title><date></date><icon src=""></icon><desc></desc><category></category></programme><programme channel="141429799" start="20221126101500 +0000" stop="20221126110200 +0000" catchup-id="1301032034"><title>HOTELES CON ENCANTO</title><date></date><icon src=""></icon><desc></desc><category></category></programme><programme channel="141429799" start="20221126110200 +0000" stop="20221126121500 +0000" catchup-id="1301032040"><title>ZAPEANDO</title><date></date><icon src=""></icon><desc></desc><category></category></programme><programme channel="141429799" start="20221126121500 +0000" stop="20221126130500 +0000" catchup-id="1301032750"><title>HOY COCINAS TÚ</title><date></date><icon src=""></icon><desc></desc><category></category></programme><programme channel="141429799" start="20221126130500 +0000" stop="20221126135900 +0000" catchup-id="1301032756"><title>EL HORMIGUERO (R)</title><date></date><icon src=""></icon><desc></desc><category></category></programme><programme channel="141429799" start="20221126135900 +0000" stop="20221126143800 +0000" catchup-id="1301032762"><title>NOTICIAS FIN DE SEMANA</title><date></date><icon src="https://t-mobiletv.nl:443/CPS/images/universal/film/program/202211/20221125/95/20221125210040532zw5.jpg"></icon><desc></desc><category></category></programme><programme channel="141429799" start="20221126143800 +0000" stop="20221126144300 +0000" catchup-id="1301032768"><title>DEPORTES</title><date></date><icon src="https://t-mobiletv.nl:443/CPS/images/universal/film/program/202211/20221125/42/20221125210040532jj0.jpg"></icon><desc></desc><category></category></programme><programme channel="141429799" start="20221126144300 +0000" stop="20221126144600 +0000" catchup-id="1301032774"><title>EL TIEMPO</title><date></date><icon src="https://t-mobiletv.nl:443/CPS/images/universal/film/program/202211/20221125/7/2022112521004053299c.jpg"></icon><desc></desc><category></category></programme><programme channel="141429799" start="20221126144600 +0000" stop="20221126175700 +0000" catchup-id="1301032780"><title>LA VOZ</title><date></date><icon src="https://t-mobiletv.nl:443/CPS/images/universal/film/program/202211/20221125/18/20221125210040532y37.jpg"></icon><desc></desc><category></category></programme><programme channel="141429799" start="20221126175700 +0000" stop="20221126190900 +0000" catchup-id="1301032786"><title>EL CLUB DE LA COMEDIA</title><date></date><icon src=""></icon><desc></desc><category></category></programme><programme channel="141429799" start="20221126190900 +0000" stop="20221126195900 +0000" catchup-id="1301032792"><title>SHOW BUSINESS</title><date></date><icon src=""></icon><desc></desc><category></category></programme><programme channel="141429799" start="20221126195900 +0000" stop="20221126204000 +0000" catchup-id="1301032798"><title>NOTICIAS FIN DE SEMANA</title><date></date><icon src="https://t-mobiletv.nl:443/CPS/images/universal/film/program/202211/20221125/41/20221125210040532b9v.jpg"></icon><desc></desc><category></category></programme><programme channel="141429799" start="20221126204000 +0000" stop="20221126204300 +0000" catchup-id="1301032804"><title>DEPORTES</title><date></date><icon src="https://t-mobiletv.nl:443/CPS/images/universal/film/program/202211/20221125/55/20221125210040532yp5.jpg"></icon><desc></desc><category></category></programme><programme channel="141429799" start="20221126204300 +0000" stop="20221126204700 +0000" catchup-id="1301032810"><title>EL TIEMPO</title><date></date><icon src="https://t-mobiletv.nl:443/CPS/images/universal/film/program/202211/20221125/33/202211252100405325az.jpg"></icon><desc></desc><category></category></programme><programme channel="141429799" start="20221126204700 +0000" stop="20221126210000 +0000" catchup-id="1301032816"><title>TOP TRENDING TOPIC</title><date></date><icon src=""></icon><desc></desc><category></category></programme><programme channel="141429799" start="20221126210000 +0000" stop="20221126214900 +0000" catchup-id="1301032822"><title>DIVIDIDOS</title><date></date><icon src=""></icon><desc></desc><category></category></programme><programme channel="141429799" start="20221126214900 +0000" stop="20221126225500 +0000" catchup-id="1301032828"><title>ESPECIAL CONTRA EL MALTRATO: TOLERANCIA CERO</title><date></date><icon src=""></icon><desc></desc><category></category></programme><programme channel="141429799" start="20221126225500 +0000" stop="20221127025800 +0000" catchup-id="1301032834"><title>POP UP AQUÍ NO HAY QUIEN VIVA</title><date></date><icon src=""></icon><desc></desc><category></category></programme><programme channel="141429799" start="20221127025800 +0000" stop="20221127042700 +0000" catchup-id="1301285670"><title>Geen programma-informatie beschikbaar</title><date></date><icon src=""></icon><desc></desc><category></category></programme><programme channel="141429799" start="20221127042700 +0000" stop="20221127083900 +0000" catchup-id="1300608030"><title>POP UP AQUÍ NO HAY QUIÉN VIVA</title><date></date><icon src=""></icon><desc></desc><category></category></programme><programme channel="141429799" start="20221127083900 +0000" stop="20221127092200 +0000" catchup-id="1301032846"><title>SHOW BUSINESS</title><date></date><icon src=""></icon><desc></desc><category></category></programme><programme channel="141429799" start="20221127092200 +0000" stop="20221127095300 +0000" catchup-id="1301032852"><title>QUÉ ME PASA DOCTOR</title><date></date><icon src=""></icon><desc></desc><category></category></programme><programme channel="141429799" start="20221127095300 +0000" stop="20221127101600 +0000" catchup-id="1301032858"><title>COCINA ABIERTA CON KARLOS ARGUIÑANO</title><date></date><icon src=""></icon><desc></desc><category></category></programme><programme channel="141429799" start="20221127101600 +0000" stop="20221127112600 +0000" catchup-id="1301032864"><title>EL NOVATO</title><date></date><icon src=""></icon><desc></desc><category></category></programme><programme channel="141429799" start="20221127112600 +0000" stop="20221127123800 +0000" catchup-id="1301032870"><title>ZAPEANDO</title><date></date><icon src=""></icon><desc></desc><category></category></programme><programme channel="141429799" start="20221127123800 +0000" stop="20221127130800 +0000" catchup-id="1301032876"><title>CENTÍMETROS CÚBICOS</title><date></date><icon src=""></icon><desc></desc><category></category></programme><programme channel="141429799" start="20221127130800 +0000" stop="20221127135900 +0000" catchup-id="1301032882"><title>EL HORMIGUERO (R)</title><date></date><icon src=""></icon><desc></desc><category></category></programme><programme channel="141429799" start="20221127135900 +0000" stop="20221127144000 +0000" catchup-id="1301032888"><title>NOTICIAS FIN DE SEMANA</title><date></date><icon src="https://t-mobiletv.nl:443/CPS/images/universal/film/program/202211/20221125/72/202211252100405335ts.jpg"></icon><desc></desc><category></category></programme><programme channel="141429799" start="20221127144000 +0000" stop="20221127144200 +0000" catchup-id="1301032894"><title>DEPORTES</title><date></date><icon src="https://t-mobiletv.nl:443/CPS/images/universal/film/program/202211/20221125/67/20221125210040533msl.jpg"></icon><desc></desc><category></category></programme><programme channel="141429799" start="20221127144200 +0000" stop="20221127144500 +0000" catchup-id="1301032900"><title>EL TIEMPO</title><date></date><icon src="https://t-mobiletv.nl:443/CPS/images/universal/film/program/202211/20221125/30/20221125210040533eep.jpg"></icon><desc></desc><category></category></programme><programme channel="141429799" start="20221127144500 +0000" stop="20221127155400 +0000" catchup-id="1301032906"><title>TOP TRENDING TOPIC</title><date></date><icon src=""></icon><desc></desc><category></category></programme><programme channel="141429799" start="20221127155400 +0000" stop="20221127164500 +0000" catchup-id="1301032912"><title>SALVADOS</title><date></date><icon src=""></icon><desc></desc><category></category></programme><programme channel="141429799" start="20221127164500 +0000" stop="20221127173700 +0000" catchup-id="1301032918"><title>LOS HOMBRES DE PACO</title><date></date><icon src=""></icon><desc></desc><category></category></programme><programme channel="141429799" start="20221127173700 +0000" stop="20221127195900 +0000" catchup-id="1301032924"><title>EL CLUB DE LA COMEDIA</title><date></date><icon src=""></icon><desc></desc><category></category></programme><programme channel="141429799" start="20221127195900 +0000" stop="20221127204900 +0000" catchup-id="1301032930"><title>NOTICIAS FIN DE SEMANA</title><date></date><icon src="https://t-mobiletv.nl:443/CPS/images/universal/film/program/202211/20221125/51/202211252100405334fv.jpg"></icon><desc></desc><category></category></programme><programme channel="141429799" start="20221127204900 +0000" stop="20221127205400 +0000" catchup-id="1301032936"><title>DEPORTES</title><date></date><icon src="https://t-mobiletv.nl:443/CPS/images/universal/film/program/202211/20221125/83/2022112521004053366x.jpg"></icon><desc></desc><category></category></programme><programme channel="141429799" start="20221127205400 +0000" stop="20221127205800 +0000" catchup-id="1301032942"><title>EL TIEMPO</title><date></date><icon src="https://t-mobiletv.nl:443/CPS/images/universal/film/program/202211/20221125/11/202211252100405332gl.jpg"></icon><desc></desc><category></category></programme><programme channel="141429799" start="20221127205800 +0000" stop="20221127223600 +0000" catchup-id="1301032948"><title>ATRESCINE: DIARIO DE UNA BECARIA</title><date></date><icon src=""></icon><desc></desc><category></category></programme><programme channel="141429799" start="20221127223600 +0000" stop="20221128045900 +0000" catchup-id="1299329357"><title>POP UP AQUÍ NO HAY QUIÉN VIVA</title><date></date><icon src=""></icon><desc></desc><category></category></programme><programme channel="141429799" start="20221128045900 +0000" stop="20221128071000 +0000" catchup-id="1301032954"><title>POP UP AQUI NO HAY QUIEN VIVA</title><date></date><icon src=""></icon><desc></desc><category></category></programme><programme channel="141429799" start="20221128071000 +0000" stop="20221128084900 +0000" catchup-id="1301032960"><title>EL SECRETO DE PUENTE VIEJO</title><date></date><icon src=""></icon><desc></desc><category></category></programme><programme channel="141429799" start="20221128084900 +0000" stop="20221128094900 +0000" catchup-id="1301032966"><title>AMAR ES PARA SIEMPRE</title><date></date><icon src=""></icon><desc></desc><category></category></programme><programme channel="141429799" start="20221128094900 +0000" stop="20221128110300 +0000" catchup-id="1301032972"><title>IMPERIUM</title><date></date><icon src=""></icon><desc></desc><category></category></programme><programme channel="141429799" start="20221128110300 +0000" stop="20221128122000 +0000" catchup-id="1301032978"><title>LOS PROTEGIDOS</title><date></date><icon src=""></icon><desc></desc><category></category></programme><programme channel="141429799" start="20221128122000 +0000" stop="20221128123200 +0000" catchup-id="1301032984"><title>MAS DE SERIES</title><date></date><icon src=""></icon><desc></desc><category></category></programme><programme channel="141429799" start="20221128123200 +0000" stop="20221128144600 +0000" catchup-id="1301032990"><title>POP UP AQUI NO HAY QUIEN VIVA</title><date></date><icon src=""></icon><desc></desc><category></category></programme><programme channel="141429799" start="20221128144600 +0000" stop="20221128160000 +0000" catchup-id="1301032996"><title>ALLÍ ABAJO</title><date></date><icon src=""></icon><desc></desc><category></category></programme><programme channel="141429799" start="20221128160000 +0000" stop="20221128173900 +0000" catchup-id="1301033002"><title>EL SECRETO DE PUENTE VIEJO</title><date></date><icon src=""></icon><desc></desc><category></category></programme><programme channel="141429799" start="20221128173900 +0000" stop="20221128183900 +0000" catchup-id="1301033008"><title>AMAR ES PARA SIEMPRE</title><date></date><icon src=""></icon><desc></desc><category></category></programme><programme channel="141429799" start="20221128183900 +0000" stop="20221128200000 +0000" catchup-id="1301033014"><title>VIVE CANTANDO</title><date></date><icon src=""></icon><desc></desc><category></category></programme><programme channel="141429799" start="20221128200000 +0000" stop="20221128205000 +0000" catchup-id="1301033020"><title>EL NUDO</title><date></date><icon src=""></icon><desc></desc><category></category></programme><programme channel="141429799" start="20221128205000 +0000" stop="20221128232400 +0000" catchup-id="1301033026"><title>VIVE CANTANDO</title><date></date><icon src=""></icon><desc></desc><category></category></programme><programme channel="141429799" start="20221128232400 +0000" stop="20221129003000 +0000" catchup-id="1301033032"><title>ALLÍ ABAJO</title><date></date><icon src=""></icon><desc></desc><category></category></programme><programme channel="141429799" start="20221129003000 +0000" stop="20221129015900 +0000" catchup-id="1301033038"><title>VIVE CANTANDO</title><date></date><icon src=""></icon><desc></desc><category></category></programme><programme channel="141429799" start="20221129015900 +0000" stop="20221129044000 +0000" catchup-id="1299603751"><title>POP UP AQUI NO HAY QUIEN VIVA</title><date></date><icon src=""></icon><desc></desc><category></category></programme><programme channel="141429799" start="20221129044000 +0000" stop="20221129050000 +0000" catchup-id="1301285740"><title>Geen programma-informatie beschikbaar</title><date></date><icon src=""></icon><desc></desc><category></category></programme><programme channel="141429799" start="20221129050000 +0000" stop="20221129073200 +0000" catchup-id="1301033050"><title>POP UP AQUI NO HAY QUIEN VIVA</title><date></date><icon src=""></icon><desc></desc><category></category></programme><programme channel="141429799" start="20221129073200 +0000" stop="20221129091100 +0000" catchup-id="1301033056"><title>EL SECRETO DE PUENTE VIEJO</title><date></date><icon src=""></icon><desc></desc><category></category></programme><programme channel="141429799" start="20221129091100 +0000" stop="20221129101200 +0000" catchup-id="1301033062"><title>AMAR ES PARA SIEMPRE</title><date></date><icon src=""></icon><desc></desc><category></category></programme><programme channel="141429799" start="20221129101200 +0000" stop="20221129110200 +0000" catchup-id="1301033068"><title>EL NUDO</title><date></date><icon src=""></icon><desc></desc><category></category></programme><programme channel="141429799" start="20221129110200 +0000" stop="20221129122100 +0000" catchup-id="1301033074"><title>VIVE CANTANDO</title><date></date><icon src=""></icon><desc></desc><category></category></programme><programme channel="141429799" start="20221129122100 +0000" stop="20221129123000 +0000" catchup-id="1301033080"><title>MAS DE SERIES</title><date></date><icon src=""></icon><desc></desc><category></category></programme><programme channel="141429799" start="20221129123000 +0000" stop="20221129144300 +0000" catchup-id="1301033086"><title>POP UP AQUI NO HAY QUIEN VIVA</title><date></date><icon src=""></icon><desc></desc><category></category></programme><programme channel="141429799" start="20221129144300 +0000" stop="20221129155600 +0000" catchup-id="1301033092"><title>ALLÍ ABAJO</title><date></date><icon src=""></icon><desc></desc><category></category></programme><programme channel="141429799" start="20221129155600 +0000" stop="20221129174400 +0000" catchup-id="1301033098"><title>EL SECRETO DE PUENTE VIEJO</title><date></date><icon src=""></icon><desc></desc><category></category></programme><programme channel="141429799" start="20221129174400 +0000" stop="20221129184400 +0000" catchup-id="1301033104"><title>AMAR ES PARA SIEMPRE</title><date></date><icon src=""></icon><desc></desc><category></category></programme><programme channel="141429799" start="20221129184400 +0000" stop="20221129200000 +0000" catchup-id="1301033110"><title>VIVE CANTANDO</title><date></date><icon src=""></icon><desc></desc><category></category></programme><programme channel="141429799" start="20221129200000 +0000" stop="20221129210200 +0000" catchup-id="1301033116"><title>BY ANA MILÁN</title><date></date><icon src=""></icon><desc></desc><category></category></programme><programme channel="141429799" start="20221129210200 +0000" stop="20221129220600 +0000" catchup-id="1301033122"><title>EL NUDO</title><date></date><icon src=""></icon><desc></desc><category></category></programme><programme channel="141429799" start="20221129220600 +0000" stop="20221129230500 +0000" catchup-id="1301033128"><title>ALLÍ ABAJO</title><date></date><icon src=""></icon><desc></desc><category></category></programme><programme channel="141429799" start="20221129230500 +0000" stop="20221130002200 +0000" catchup-id="1301033134"><title>VIVE CANTANDO</title><date></date><icon src=""></icon><desc></desc><category></category></programme><programme channel="141429799" start="20221130002200 +0000" stop="20221130014500 +0000" catchup-id="1301033140"><title>POP UP AQUI NO HAY QUIEN VIVA</title><date></date><icon src=""></icon><desc></desc><category></category></programme><programme channel="141429799" start="20221130014500 +0000" stop="20221130050000 +0000" catchup-id="1301285746"><title>Geen programma-informatie beschikbaar</title><date></date><icon src=""></icon><desc></desc><category></category></programme><programme channel="141429799" start="20221130050000 +0000" stop="20221130071200 +0000" catchup-id="1301033152"><title>POP UP AQUI NO HAY QUIEN VIVA</title><date></date><icon src=""></icon><desc></desc><category></category></programme><programme channel="141429799" start="20221130071200 +0000" stop="20221130090000 +0000" catchup-id="1301033158"><title>EL SECRETO DE PUENTE VIEJO</title><date></date><icon src=""></icon><desc></desc><category></category></programme><programme channel="141429799" start="20221130090000 +0000" stop="20221130100000 +0000" catchup-id="1301033164"><title>AMAR ES PARA SIEMPRE</title><date></date><icon src=""></icon><desc></desc><category></category></programme><programme channel="141429799" start="20221130100000 +0000" stop="20221130110200 +0000" catchup-id="1301033170"><title>BY ANA MILÁN</title><date></date><icon src=""></icon><desc></desc><category></category></programme><programme channel="141429799" start="20221130110200 +0000" stop="20221130121700 +0000" catchup-id="1301033176"><title>IMPERIUM</title><date></date><icon src=""></icon><desc></desc><category></category></programme><programme channel="141429799" start="20221130121700 +0000" stop="20221130123100 +0000" catchup-id="1301033182"><title>MAS DE SERIES</title><date></date><icon src=""></icon><desc></desc><category></category></programme><programme channel="141429799" start="20221130123100 +0000" stop="20221130144100 +0000" catchup-id="1301033188"><title>POP UP AQUI NO HAY QUIEN VIVA</title><date></date><icon src=""></icon><desc></desc><category></category></programme><programme channel="141429799" start="20221130144100 +0000" stop="20221130155500 +0000" catchup-id="1301033194"><title>ALLÍ ABAJO</title><date></date><icon src=""></icon><desc></desc><category></category></programme><programme channel="141429799" start="20221130155500 +0000" stop="20221130174000 +0000" catchup-id="1301033200"><title>EL SECRETO DE PUENTE VIEJO</title><date></date><icon src=""></icon><desc></desc><category></category></programme><programme channel="141429799" start="20221130174000 +0000" stop="20221130184100 +0000" catchup-id="1301033206"><title>AMAR ES PARA SIEMPRE</title><date></date><icon src=""></icon><desc></desc><category></category></programme><programme channel="141429799" start="20221130184100 +0000" stop="20221130200000 +0000" catchup-id="1301033212"><title>VIVE CANTANDO</title><date></date><icon src=""></icon><desc></desc><category></category></programme><programme channel="141429799" start="20221130200000 +0000" stop="20221130210800 +0000" catchup-id="1301033218"><title>PULSACIONES</title><date></date><icon src=""></icon><desc></desc><category></category></programme><programme channel="141429799" start="20221130210800 +0000" stop="20221130221000 +0000" catchup-id="1301033224"><title>BY ANA MILÁN</title><date></date><icon src=""></icon><desc></desc><category></category></programme><programme channel="141429799" start="20221130221000 +0000" stop="20221130232400 +0000" catchup-id="1301033230"><title>ALLÍ ABAJO</title><date></date><icon src=""></icon><desc></desc><category></category></programme><programme channel="141429799" start="20221130232400 +0000" stop="20221201004400 +0000" catchup-id="1301033236"><title>VIVE CANTANDO</title><date></date><icon src=""></icon><desc></desc><category></category></programme><programme channel="141429799" start="20221201004400 +0000" stop="20221201044000 +0000" catchup-id="1300433625"><title>POP UP AQUI NO HAY QUIEN VIVA</title><date></date><icon src=""></icon><desc></desc><category></category></programme><programme channel="141429799" start="20221201044000 +0000" stop="20221201044800 +0000" catchup-id="1301285752"><title>Geen programma-informatie beschikbaar</title><date></date><icon src=""></icon><desc></desc><category></category></programme><programme channel="141429799" start="20221201044800 +0000" stop="20221201050000 +0000" catchup-id="1300433637"><title>MÁS DE SERIES</title><date></date><icon src=""></icon><desc></desc><category></category></programme><programme channel="141429799" start="20221201050000 +0000" stop="20221201055400 +0000" catchup-id="1300433643"><title>EL CHIRINGUITO DE JUGONES INTERNACIONAL</title><date></date><icon src=""></icon><desc></desc><category></category></programme><programme channel="141429799" start="20221201055400 +0000" stop="20221201075500 +0000" catchup-id="1300433649"><title>NOTICIAS DE LA MAÑANA</title><date></date><icon src=""></icon><desc></desc><category></category></programme><programme channel="141429799" start="20221201075500 +0000" stop="20221201122600 +0000" catchup-id="1300433655"><title>ESPEJO PÚBLICO</title><date></date><icon src=""></icon><desc></desc><category></category></programme><programme channel="141429799" start="20221201122600 +0000" stop="20221201131500 +0000" catchup-id="1300433661"><title>HOY COCINAS TÚ</title><date></date><icon src=""></icon><desc></desc><category></category></programme><programme channel="141429799" start="20221201131500 +0000" stop="20221201133900 +0000" catchup-id="1300433667"><title>COCINA ABIERTA DE KARLOS ARGUIÑANO</title><date></date><icon src=""></icon><desc></desc><category></category></programme><programme channel="141429799" start="20221201133900 +0000" stop="20221201135900 +0000" catchup-id="1300433673"><title>TOP TRENDING TOPIC</title><date></date><icon src=""></icon><desc></desc><category></category></programme><programme channel="141429799" start="20221201135900 +0000" stop="20221201144300 +0000" catchup-id="1300433679"><title>NOTICIAS</title><date></date><icon src="https://t-mobiletv.nl:443/CPS/images/universal/film/program/202211/20221124/44/20221124090115510et0.jpg"></icon><desc></desc><category></category></programme><programme channel="141429799" start="20221201144300 +0000" stop="20221201144500 +0000" catchup-id="1300433685"><title>DEPORTES</title><date></date><icon src="https://t-mobiletv.nl:443/CPS/images/universal/film/program/202211/20221124/42/20221124090115510x8o.jpg"></icon><desc></desc><category></category></programme><programme channel="141429799" start="20221201144500 +0000" stop="20221201160000 +0000" catchup-id="1300433691"><title>ZAPEANDO</title><date></date><icon src=""></icon><desc></desc><category></category></programme><programme channel="141429799" start="20221201160000 +0000" stop="20221201170100 +0000" catchup-id="1300433697"><title>AMAR ES PARA SIEMPRE</title><date></date><icon src=""></icon><desc></desc><category></category></programme><programme channel="141429799" start="20221201170100 +0000" stop="20221201175700 +0000" catchup-id="1300433703"><title>LA RULETA DE LA SUERTE</title><date></date><icon src=""></icon><desc></desc><category></category></programme><programme channel="141429799" start="20221201175700 +0000" stop="20221201190000 +0000" catchup-id="1300433709"><title>Y AHORA SONSOLES</title><date></date><icon src=""></icon><desc></desc><category></category></programme><programme channel="141429799" start="20221201190000 +0000" stop="20221201200800 +0000" catchup-id="1300433715"><title>PASAPALABRA</title><date></date><icon src="https://t-mobiletv.nl:443/CPS/images/universal/film/program/202211/20221124/52/20221124090115511jdq.jpg"></icon><desc></desc><category></category></programme><programme channel="141429799" start="20221201200800 +0000" stop="20221201204100 +0000" catchup-id="1300433721"><title>NOTICIAS</title><date></date><icon src="https://t-mobiletv.nl:443/CPS/images/universal/film/program/202211/20221124/47/202211240901155114n1.jpg"></icon><desc></desc><category></category></programme><programme channel="141429799" start="20221201204100 +0000" stop="20221201204400 +0000" catchup-id="1300433727"><title>DEPORTES</title><date></date><icon src="https://t-mobiletv.nl:443/CPS/images/universal/film/program/202211/20221124/22/20221124090115511ykt.jpg"></icon><desc></desc><category></category></programme><programme channel="141429799" start="20221201204400 +0000" stop="20221201204600 +0000" catchup-id="1300433733"><title>EL TIEMPO</title><date></date><icon src="https://t-mobiletv.nl:443/CPS/images/universal/film/program/202211/20221124/83/20221124090115511rg0.jpg"></icon><desc></desc><category></category></programme><programme channel="141429799" start="20221201204600 +0000" stop="20221201205900 +0000" catchup-id="1300433739"><title>TOP TRENDING TOPIC</title><date></date><icon src=""></icon><desc></desc><category></category></programme><programme channel="141429799" start="20221201205900 +0000" stop="20221201220100 +0000" catchup-id="1300433745"><title>EL HORMIGUERO</title><date></date><icon src="https://t-mobiletv.nl:443/CPS/images/universal/film/program/202211/20221124/3/20221124090115511238.jpg"></icon><desc></desc><category></category></programme><programme channel="141429799" start="20221201220100 +0000" stop="20221201231800 +0000" catchup-id="1300433751"><title>LOS HOMBRES DE PACO</title><date></date><icon src=""></icon><desc></desc><category></category></programme><programme channel="141429799" start="20221201231800 +0000" stop="20221202000100 +0000" catchup-id="1300852576"><title>SHOW BUSINESS</title><date></date><icon src=""></icon><desc></desc><category></category></programme><programme channel="141429799" start="20221202000100 +0000" stop="20221202005600 +0000" catchup-id="1300852582"><title>EL CHIRINGUITO DE JUGONES INTERNACIONAL</title><date></date><icon src=""></icon><desc></desc><category></category></programme><programme channel="141429799" start="20221202005600 +0000" stop="20221202040300 +0000" catchup-id="1300853100"><title>POP UP AQUÍ NO HAY QUIÉN VIVA</title><date></date><icon src=""></icon><desc></desc><category></category></programme><programme channel="141429799" start="20221202040300 +0000" stop="20221202050000 +0000" catchup-id="1301285758"><title>Geen programma-informatie beschikbaar</title><date></date><icon src=""></icon><desc></desc><category></category></programme><programme channel="141429799" start="20221202050000 +0000" stop="20221202055500 +0000" catchup-id="1300853112"><title>EL CHIRINGUITO DE JUGONES INTERNACIONAL</title><date></date><icon src=""></icon><desc></desc><category></category></programme><programme channel="141429799" start="20221202055500 +0000" stop="20221202075500 +0000" catchup-id="1300853118"><title>NOTICIAS DE LA MAÑANA</title><date></date><icon src=""></icon><desc></desc><category></category></programme><programme channel="141429799" start="20221202075500 +0000" stop="20221202122400 +0000" catchup-id="1300853124"><title>ESPEJO PÚBLICO</title><date></date><icon src=""></icon><desc></desc><category></category></programme><programme channel="141429799" start="20221202122400 +0000" stop="20221202131500 +0000" catchup-id="1300853130"><title>HOY COCINAS TÚ</title><date></date><icon src=""></icon><desc></desc><category></category></programme><programme channel="141429799" start="20221202131500 +0000" stop="20221202133600 +0000" catchup-id="1300853136"><title>COCINA ABIERTA DE KARLOS ARGUIÑANO</title><date></date><icon src=""></icon><desc></desc><category></category></programme><programme channel="141429799" start="20221202133600 +0000" stop="20221202135900 +0000" catchup-id="1300853142"><title>TOP TRENDING TOPIC</title><date></date><icon src=""></icon><desc></desc><category></category></programme><programme channel="141429799" start="20221202135900 +0000" stop="20221202144200 +0000" catchup-id="1300853148"><title>NOTICIAS</title><date></date><icon src="https://t-mobiletv.nl:443/CPS/images/universal/film/program/202211/20221125/78/202211250900547204j1.jpg"></icon><desc></desc><category></category></programme><programme channel="141429799" start="20221202144200 +0000" stop="20221202144500 +0000" catchup-id="1300853154"><title>DEPORTES</title><date></date><icon src="https://t-mobiletv.nl:443/CPS/images/universal/film/program/202211/20221125/95/20221125090054720uzq.jpg"></icon><desc></desc><category></category></programme><programme channel="141429799" start="20221202144500 +0000" stop="20221202160000 +0000" catchup-id="1300853160"><title>ZAPEANDO</title><date></date><icon src=""></icon><desc></desc><category></category></programme><programme channel="141429799" start="20221202160000 +0000" stop="20221202165600 +0000" catchup-id="1300853166"><title>AMAR ES PARA SIEMPRE</title><date></date><icon src=""></icon><desc></desc><category></category></programme><programme channel="141429799" start="20221202165600 +0000" stop="20221202175700 +0000" catchup-id="1300853172"><title>LA RULETA DE LA SUERTE</title><date></date><icon src=""></icon><desc></desc><category></category></programme><programme channel="141429799" start="20221202175700 +0000" stop="20221202191100 +0000" catchup-id="1300853178"><title>Y AHORA SONSOLES</title><date></date><icon src=""></icon><desc></desc><category></category></programme><programme channel="141429799" start="20221202191100 +0000" stop="20221202200800 +0000" catchup-id="1300853184"><title>PASAPALABRA</title><date></date><icon src="https://t-mobiletv.nl:443/CPS/images/universal/film/program/202211/20221125/28/20221125090054720h2a.jpg"></icon><desc></desc><category></category></programme><programme channel="141429799" start="20221202200800 +0000" stop="20221202204100 +0000" catchup-id="1300853190"><title>NOTICIAS</title><date></date><icon src="https://t-mobiletv.nl:443/CPS/images/universal/film/program/202211/20221125/53/20221125090054720kyc.jpg"></icon><desc></desc><category></category></programme><programme channel="141429799" start="20221202204100 +0000" stop="20221202204300 +0000" catchup-id="1300853196"><title>DEPORTES</title><date></date><icon src="https://t-mobiletv.nl:443/CPS/images/universal/film/program/202211/20221125/70/20221125090054720h6t.jpg"></icon><desc></desc><category></category></programme><programme channel="141429799" start="20221202204300 +0000" stop="20221202204500 +0000" catchup-id="1300853202"><title>EL TIEMPO</title><date></date><icon src="https://t-mobiletv.nl:443/CPS/images/universal/film/program/202211/20221125/43/20221125090054720331.jpg"></icon><desc></desc><category></category></programme><programme channel="141429799" start="20221202204500 +0000" stop="20221202210500 +0000" catchup-id="1300853208"><title>TOP TRENDING TOPIC</title><date></date><icon src=""></icon><desc></desc><category></category></programme><programme channel="141429799" start="20221202210500 +0000" stop="20221202215600 +0000" catchup-id="1300853214"><title>EL HORMIGUERO</title><date></date><icon src="https://t-mobiletv.nl:443/CPS/images/universal/film/program/202211/20221125/81/20221125090054720kuq.jpg"></icon><desc></desc><category></category></programme><programme channel="141429799" start="20221202215600 +0000" stop="20221203010700 +0000" catchup-id="1300853220"><title>LA VOZ (ASALTO FINAL)</title><date></date><icon src=""></icon><desc></desc><category></category></programme><programme channel="141429799" start="20221203010700 +0000" stop="20221203020200 +0000" catchup-id="1301285764"><title>EL CHIRINGUITO DE JUGONES INTERNACIONAL</title><date></date><icon src=""></icon><desc></desc><category></category></programme><programme channel="141429799" start="20221203020200 +0000" stop="20221203042200 +0000" catchup-id="1301285770"><title>POP UP AQUÍ NO HAY QUIÉN VIVA</title><date></date><icon src=""></icon><desc></desc><category></category></programme><programme channel="141429799" start="20221203042200 +0000" stop="20221203045100 +0000" catchup-id="1301285776"><title>Geen programma-informatie beschikbaar</title><date></date><icon src=""></icon><desc></desc><category></category></programme><programme channel="141429799" start="20221203045100 +0000" stop="20221203090800 +0000" catchup-id="1301285782"><title>POP UP AQUÍ NO HAY QUIEN VIVA</title><date></date><icon src=""></icon><desc></desc><category></category></programme><programme channel="141429799" start="20221203090800 +0000" stop="20221203092100 +0000" catchup-id="1301285788"><title>CREA LECTURA</title><date></date><icon src=""></icon><desc></desc><category></category></programme><programme channel="141429799" start="20221203092100 +0000" stop="20221203095200 +0000" catchup-id="1301285794"><title>QUÉ ME PASA DOCTOR</title><date></date><icon src=""></icon><desc></desc><category></category></programme><programme channel="141429799" start="20221203095200 +0000" stop="20221203101500 +0000" catchup-id="1301285800"><title>COCINA ABIERTA CON KARLOS ARGUIÑANO</title><date></date><icon src=""></icon><desc></desc><category></category></programme><programme channel="141429799" start="20221203101500 +0000" stop="20221203110200 +0000" catchup-id="1301285806"><title>HOTELES CON ENCANTO</title><date></date><icon src=""></icon><desc></desc><category></category></programme><programme channel="141429799" start="20221203110200 +0000" stop="20221203121500 +0000" catchup-id="1301285812"><title>ZAPEANDO</title><date></date><icon src=""></icon><desc></desc><category></category></programme><programme channel="141429799" start="20221203121500 +0000" stop="20221203130500 +0000" catchup-id="1301285818"><title>HOY COCINAS TÚ</title><date></date><icon src=""></icon><desc></desc><category></category></programme><programme channel="141429799" start="20221203130500 +0000" stop="20221203135900 +0000" catchup-id="1301285824"><title>EL HORMIGUERO (R)</title><date></date><icon src=""></icon><desc></desc><category></category></programme><programme channel="141429799" start="20221203135900 +0000" stop="20221203143800 +0000" catchup-id="1301285830"><title>NOTICIAS FIN DE SEMANA</title><date></date><icon src="https://t-mobiletv.nl:443/CPS/images/universal/film/program/202211/20221126/81/20221126090049731xly.jpg"></icon><desc></desc><category></category></programme><programme channel="141429799" start="20221203143800 +0000" stop="20221203144300 +0000" catchup-id="1301285836"><title>DEPORTES</title><date></date><icon src="https://t-mobiletv.nl:443/CPS/images/universal/film/program/202211/20221126/23/20221126090049731hb3.jpg"></icon><desc></desc><category></category></programme><programme channel="141429799" start="20221203144300 +0000" stop="20221203144600 +0000" catchup-id="1301285842"><title>EL TIEMPO</title><date></date><icon src="https://t-mobiletv.nl:443/CPS/images/universal/film/program/202211/20221126/14/2022112609004973139o.jpg"></icon><desc></desc><category></category></programme><programme channel="141429799" start="20221203144600 +0000" stop="20221203175700 +0000" catchup-id="1301285848"><title>LA VOZ</title><date></date><icon src="https://t-mobiletv.nl:443/CPS/images/universal/film/program/202211/20221126/83/20221126090049731j8y.jpg"></icon><desc></desc><category></category></programme>