<programme channel="141430304" start="20221119050000 +0000" stop="20221119070000 +0000" catchup-id="1295483729"><title>Haagse politiek</title><date></date><icon src="https://t-mobiletv.nl:443/CPS/images/universal/film/program/202211/20221112/68/20221112090100512ihf.jpg"></icon><desc>Themazender van de NPO. De zender belicht dagelijks ontwikkelingen in de landelijke politiek inclusief liveverslag van debatten in de Tweede Kamer en andere politieke gebeurtenissen.</desc><category></category></programme><programme channel="141430304" start="20221119070000 +0000" stop="20221119090000 +0000" catchup-id="1295483735"><title>Haagse politiek</title><date></date><icon src="https://t-mobiletv.nl:443/CPS/images/universal/film/program/202211/20221112/77/20221112090100512jdj.jpg"></icon><desc>Themazender van de NPO. De zender belicht dagelijks ontwikkelingen in de landelijke politiek inclusief liveverslag van debatten in de Tweede Kamer en andere politieke gebeurtenissen.</desc><category></category></programme><programme channel="141430304" start="20221119090000 +0000" stop="20221119110000 +0000" catchup-id="1295483741"><title>Haagse politiek</title><date></date><icon src="https://t-mobiletv.nl:443/CPS/images/universal/film/program/202211/20221112/6/20221112090100512czs.jpg"></icon><desc>Themazender van de NPO. De zender belicht dagelijks ontwikkelingen in de landelijke politiek inclusief liveverslag van debatten in de Tweede Kamer en andere politieke gebeurtenissen.</desc><category></category></programme><programme channel="141430304" start="20221119110000 +0000" stop="20221119130000 +0000" catchup-id="1295483747"><title>Haagse politiek</title><date></date><icon src="https://t-mobiletv.nl:443/CPS/images/universal/film/program/202211/20221112/96/20221112090100512pfc.jpg"></icon><desc>Themazender van de NPO. De zender belicht dagelijks ontwikkelingen in de landelijke politiek inclusief liveverslag van debatten in de Tweede Kamer en andere politieke gebeurtenissen.</desc><category></category></programme><programme channel="141430304" start="20221119130000 +0000" stop="20221119150000 +0000" catchup-id="1295485289"><title>Haagse politiek</title><date></date><icon src="https://t-mobiletv.nl:443/CPS/images/universal/film/program/202211/20221112/26/20221112090100512huz.jpg"></icon><desc>Themazender van de NPO. De zender belicht dagelijks ontwikkelingen in de landelijke politiek inclusief liveverslag van debatten in de Tweede Kamer en andere politieke gebeurtenissen.</desc><category></category></programme><programme channel="141430304" start="20221119150000 +0000" stop="20221119170000 +0000" catchup-id="1295485295"><title>Haagse politiek</title><date></date><icon src="https://t-mobiletv.nl:443/CPS/images/universal/film/program/202211/20221112/62/20221112090100512ivz.jpg"></icon><desc>Themazender van de NPO. De zender belicht dagelijks ontwikkelingen in de landelijke politiek inclusief liveverslag van debatten in de Tweede Kamer en andere politieke gebeurtenissen.</desc><category></category></programme><programme channel="141430304" start="20221119170000 +0000" stop="20221119180000 +0000" catchup-id="1295485301"><title>Haagse politiek</title><date></date><icon src="https://t-mobiletv.nl:443/CPS/images/universal/film/program/202211/20221112/81/20221112090100512bgp.jpg"></icon><desc>Themazender van de NPO. De zender belicht dagelijks ontwikkelingen in de landelijke politiek inclusief liveverslag van debatten in de Tweede Kamer en andere politieke gebeurtenissen.</desc><category></category></programme><programme channel="141430304" start="20221119180000 +0000" stop="20221119190000 +0000" catchup-id="1295485307"><title>Haagse politiek</title><date></date><icon src="https://t-mobiletv.nl:443/CPS/images/universal/film/program/202211/20221112/47/202211120901005128jl.jpg"></icon><desc>Themazender van de NPO. De zender belicht dagelijks ontwikkelingen in de landelijke politiek inclusief liveverslag van debatten in de Tweede Kamer en andere politieke gebeurtenissen.</desc><category></category></programme><programme channel="141430304" start="20221119190000 +0000" stop="20221119210000 +0000" catchup-id="1295485313"><title>Haagse politiek</title><date></date><icon src="https://t-mobiletv.nl:443/CPS/images/universal/film/program/202211/20221112/27/20221112090100512ntf.jpg"></icon><desc>Themazender van de NPO. De zender belicht dagelijks ontwikkelingen in de landelijke politiek inclusief liveverslag van debatten in de Tweede Kamer en andere politieke gebeurtenissen.</desc><category></category></programme><programme channel="141430304" start="20221119210000 +0000" stop="20221119230000 +0000" catchup-id="1295485319"><title>Haagse politiek</title><date></date><icon src="https://t-mobiletv.nl:443/CPS/images/universal/film/program/202211/20221112/92/20221112090100512ft4.jpg"></icon><desc>Themazender van de NPO. De zender belicht dagelijks ontwikkelingen in de landelijke politiek inclusief liveverslag van debatten in de Tweede Kamer en andere politieke gebeurtenissen.</desc><category></category></programme><programme channel="141430304" start="20221119230000 +0000" stop="20221120010000 +0000" catchup-id="1295873112"><title>Haagse politiek</title><date></date><icon src="https://t-mobiletv.nl:443/CPS/images/universal/film/program/202211/20221113/98/20221113090029708nhr.jpg"></icon><desc>Themazender van de NPO. De zender belicht dagelijks ontwikkelingen in de landelijke politiek inclusief liveverslag van debatten in de Tweede Kamer en andere politieke gebeurtenissen.</desc><category></category></programme><programme channel="141430304" start="20221120010000 +0000" stop="20221120030000 +0000" catchup-id="1295873118"><title>Haagse politiek</title><date></date><icon src="https://t-mobiletv.nl:443/CPS/images/universal/film/program/202211/20221113/74/20221113090029708orp.jpg"></icon><desc>Themazender van de NPO. De zender belicht dagelijks ontwikkelingen in de landelijke politiek inclusief liveverslag van debatten in de Tweede Kamer en andere politieke gebeurtenissen.</desc><category></category></programme><programme channel="141430304" start="20221120030000 +0000" stop="20221120050000 +0000" catchup-id="1295873124"><title>Haagse politiek</title><date></date><icon src="https://t-mobiletv.nl:443/CPS/images/universal/film/program/202211/20221113/38/20221113090029708n8v.jpg"></icon><desc>Themazender van de NPO. De zender belicht dagelijks ontwikkelingen in de landelijke politiek inclusief liveverslag van debatten in de Tweede Kamer en andere politieke gebeurtenissen.</desc><category></category></programme><programme channel="141430304" start="20221120050000 +0000" stop="20221120070000 +0000" catchup-id="1295873514"><title>Haagse politiek</title><date></date><icon src="https://t-mobiletv.nl:443/CPS/images/universal/film/program/202211/20221113/72/20221113090029708jus.jpg"></icon><desc>Themazender van de NPO. De zender belicht dagelijks ontwikkelingen in de landelijke politiek inclusief liveverslag van debatten in de Tweede Kamer en andere politieke gebeurtenissen.</desc><category></category></programme><programme channel="141430304" start="20221120070000 +0000" stop="20221120090000 +0000" catchup-id="1295873520"><title>Haagse politiek</title><date></date><icon src="https://t-mobiletv.nl:443/CPS/images/universal/film/program/202211/20221113/19/20221113090029708aim.jpg"></icon><desc>Themazender van de NPO. De zender belicht dagelijks ontwikkelingen in de landelijke politiek inclusief liveverslag van debatten in de Tweede Kamer en andere politieke gebeurtenissen.</desc><category></category></programme><programme channel="141430304" start="20221120090000 +0000" stop="20221120110000 +0000" catchup-id="1295873526"><title>Haagse politiek</title><date></date><icon src="https://t-mobiletv.nl:443/CPS/images/universal/film/program/202211/20221113/28/20221113090029708uj5.jpg"></icon><desc>Themazender van de NPO. De zender belicht dagelijks ontwikkelingen in de landelijke politiek inclusief liveverslag van debatten in de Tweede Kamer en andere politieke gebeurtenissen.</desc><category></category></programme><programme channel="141430304" start="20221120110000 +0000" stop="20221120130000 +0000" catchup-id="1295873532"><title>Haagse politiek</title><date></date><icon src="https://t-mobiletv.nl:443/CPS/images/universal/film/program/202211/20221113/12/20221113090029708det.jpg"></icon><desc>Themazender van de NPO. De zender belicht dagelijks ontwikkelingen in de landelijke politiek inclusief liveverslag van debatten in de Tweede Kamer en andere politieke gebeurtenissen.</desc><category></category></programme><programme channel="141430304" start="20221120130000 +0000" stop="20221120150000 +0000" catchup-id="1295873538"><title>Haagse politiek</title><date></date><icon src="https://t-mobiletv.nl:443/CPS/images/universal/film/program/202211/20221113/18/20221113090029708efo.jpg"></icon><desc>Themazender van de NPO. De zender belicht dagelijks ontwikkelingen in de landelijke politiek inclusief liveverslag van debatten in de Tweede Kamer en andere politieke gebeurtenissen.</desc><category></category></programme><programme channel="141430304" start="20221120150000 +0000" stop="20221120170000 +0000" catchup-id="1295873544"><title>Haagse politiek</title><date></date><icon src="https://t-mobiletv.nl:443/CPS/images/universal/film/program/202211/20221113/5/202211130900297089uv.jpg"></icon><desc>Themazender van de NPO. De zender belicht dagelijks ontwikkelingen in de landelijke politiek inclusief liveverslag van debatten in de Tweede Kamer en andere politieke gebeurtenissen.</desc><category></category></programme><programme channel="141430304" start="20221120170000 +0000" stop="20221120180000 +0000" catchup-id="1295873550"><title>Haagse politiek</title><date></date><icon src="https://t-mobiletv.nl:443/CPS/images/universal/film/program/202211/20221113/29/202211130900297085wg.jpg"></icon><desc>Themazender van de NPO. De zender belicht dagelijks ontwikkelingen in de landelijke politiek inclusief liveverslag van debatten in de Tweede Kamer en andere politieke gebeurtenissen.</desc><category></category></programme><programme channel="141430304" start="20221120180000 +0000" stop="20221120190000 +0000" catchup-id="1295873556"><title>Haagse politiek</title><date></date><icon src="https://t-mobiletv.nl:443/CPS/images/universal/film/program/202211/20221113/78/20221113090029708tgz.jpg"></icon><desc>Themazender van de NPO. De zender belicht dagelijks ontwikkelingen in de landelijke politiek inclusief liveverslag van debatten in de Tweede Kamer en andere politieke gebeurtenissen.</desc><category></category></programme><programme channel="141430304" start="20221120190000 +0000" stop="20221120210000 +0000" catchup-id="1295873562"><title>Haagse politiek</title><date></date><icon src="https://t-mobiletv.nl:443/CPS/images/universal/film/program/202211/20221113/84/202211130900297085d5.jpg"></icon><desc>Themazender van de NPO. De zender belicht dagelijks ontwikkelingen in de landelijke politiek inclusief liveverslag van debatten in de Tweede Kamer en andere politieke gebeurtenissen.</desc><category></category></programme><programme channel="141430304" start="20221120210000 +0000" stop="20221120230000 +0000" catchup-id="1295873568"><title>Haagse politiek</title><date></date><icon src="https://t-mobiletv.nl:443/CPS/images/universal/film/program/202211/20221113/73/20221113090029708dit.jpg"></icon><desc>Themazender van de NPO. De zender belicht dagelijks ontwikkelingen in de landelijke politiek inclusief liveverslag van debatten in de Tweede Kamer en andere politieke gebeurtenissen.</desc><category></category></programme><programme channel="141430304" start="20221120230000 +0000" stop="20221121010000 +0000" catchup-id="1296242436"><title>Haagse politiek</title><date></date><icon src="https://t-mobiletv.nl:443/CPS/images/universal/film/program/202211/20221114/14/20221114090034719z46.jpg"></icon><desc>Themazender van de NPO. De zender belicht dagelijks ontwikkelingen in de landelijke politiek inclusief liveverslag van debatten in de Tweede Kamer en andere politieke gebeurtenissen.</desc><category></category></programme><programme channel="141430304" start="20221121010000 +0000" stop="20221121030000 +0000" catchup-id="1296242442"><title>Haagse politiek</title><date></date><icon src="https://t-mobiletv.nl:443/CPS/images/universal/film/program/202211/20221114/80/20221114090034720c59.jpg"></icon><desc>Themazender van de NPO. De zender belicht dagelijks ontwikkelingen in de landelijke politiek inclusief liveverslag van debatten in de Tweede Kamer en andere politieke gebeurtenissen.</desc><category></category></programme><programme channel="141430304" start="20221121030000 +0000" stop="20221121050000 +0000" catchup-id="1296242448"><title>Haagse politiek</title><date></date><icon src="https://t-mobiletv.nl:443/CPS/images/universal/film/program/202211/20221114/76/20221114090034720ifm.jpg"></icon><desc>Themazender van de NPO. De zender belicht dagelijks ontwikkelingen in de landelijke politiek inclusief liveverslag van debatten in de Tweede Kamer en andere politieke gebeurtenissen.</desc><category></category></programme><programme channel="141430304" start="20221121050000 +0000" stop="20221121070000 +0000" catchup-id="1296242454"><title>Haagse politiek</title><date></date><icon src="https://t-mobiletv.nl:443/CPS/images/universal/film/program/202211/20221114/60/20221114090034720tua.jpg"></icon><desc>Themazender van de NPO. De zender belicht dagelijks ontwikkelingen in de landelijke politiek inclusief liveverslag van debatten in de Tweede Kamer en andere politieke gebeurtenissen.</desc><category></category></programme><programme channel="141430304" start="20221121070000 +0000" stop="20221121090000 +0000" catchup-id="1296242460"><title>Haagse politiek</title><date></date><icon src="https://t-mobiletv.nl:443/CPS/images/universal/film/program/202211/20221114/69/20221114090034720tzc.jpg"></icon><desc>Themazender van de NPO. De zender belicht dagelijks ontwikkelingen in de landelijke politiek inclusief liveverslag van debatten in de Tweede Kamer en andere politieke gebeurtenissen.</desc><category></category></programme><programme channel="141430304" start="20221121090000 +0000" stop="20221121110000 +0000" catchup-id="1296242466"><title>Haagse politiek</title><date></date><icon src="https://t-mobiletv.nl:443/CPS/images/universal/film/program/202211/20221114/42/20221114090034720sze.jpg"></icon><desc>Themazender van de NPO. De zender belicht dagelijks ontwikkelingen in de landelijke politiek inclusief liveverslag van debatten in de Tweede Kamer en andere politieke gebeurtenissen.</desc><category></category></programme><programme channel="141430304" start="20221121110000 +0000" stop="20221121130000 +0000" catchup-id="1296242472"><title>Haagse politiek</title><date></date><icon src="https://t-mobiletv.nl:443/CPS/images/universal/film/program/202211/20221114/65/202211140900347205m2.jpg"></icon><desc>Themazender van de NPO. De zender belicht dagelijks ontwikkelingen in de landelijke politiek inclusief liveverslag van debatten in de Tweede Kamer en andere politieke gebeurtenissen.</desc><category></category></programme><programme channel="141430304" start="20221121130000 +0000" stop="20221121150000 +0000" catchup-id="1296242478"><title>Haagse politiek</title><date></date><icon src="https://t-mobiletv.nl:443/CPS/images/universal/film/program/202211/20221114/19/20221114090034720fur.jpg"></icon><desc>Themazender van de NPO. De zender belicht dagelijks ontwikkelingen in de landelijke politiek inclusief liveverslag van debatten in de Tweede Kamer en andere politieke gebeurtenissen.</desc><category></category></programme><programme channel="141430304" start="20221121150000 +0000" stop="20221121170000 +0000" catchup-id="1296242484"><title>Haagse politiek</title><date></date><icon src="https://t-mobiletv.nl:443/CPS/images/universal/film/program/202211/20221114/78/20221114090034720gij.jpg"></icon><desc>Themazender van de NPO. De zender belicht dagelijks ontwikkelingen in de landelijke politiek inclusief liveverslag van debatten in de Tweede Kamer en andere politieke gebeurtenissen.</desc><category></category></programme><programme channel="141430304" start="20221121170000 +0000" stop="20221121180000 +0000" catchup-id="1296242490"><title>Haagse politiek</title><date></date><icon src="https://t-mobiletv.nl:443/CPS/images/universal/film/program/202211/20221114/12/202211140900347200o5.jpg"></icon><desc>Themazender van de NPO. De zender belicht dagelijks ontwikkelingen in de landelijke politiek inclusief liveverslag van debatten in de Tweede Kamer en andere politieke gebeurtenissen.</desc><category></category></programme><programme channel="141430304" start="20221121180000 +0000" stop="20221121190000 +0000" catchup-id="1296242496"><title>Haagse politiek</title><date></date><icon src="https://t-mobiletv.nl:443/CPS/images/universal/film/program/202211/20221114/27/20221114090034720edt.jpg"></icon><desc>Themazender van de NPO. De zender belicht dagelijks ontwikkelingen in de landelijke politiek inclusief liveverslag van debatten in de Tweede Kamer en andere politieke gebeurtenissen.</desc><category></category></programme><programme channel="141430304" start="20221121190000 +0000" stop="20221121210000 +0000" catchup-id="1296242502"><title>Haagse politiek</title><date></date><icon src="https://t-mobiletv.nl:443/CPS/images/universal/film/program/202211/20221114/16/20221114090034720osd.jpg"></icon><desc>Themazender van de NPO. De zender belicht dagelijks ontwikkelingen in de landelijke politiek inclusief liveverslag van debatten in de Tweede Kamer en andere politieke gebeurtenissen.</desc><category></category></programme><programme channel="141430304" start="20221121210000 +0000" stop="20221121230000 +0000" catchup-id="1296242508"><title>Haagse politiek</title><date></date><icon src="https://t-mobiletv.nl:443/CPS/images/universal/film/program/202211/20221114/33/202211140900347204i0.jpg"></icon><desc>Themazender van de NPO. De zender belicht dagelijks ontwikkelingen in de landelijke politiek inclusief liveverslag van debatten in de Tweede Kamer en andere politieke gebeurtenissen.</desc><category></category></programme><programme channel="141430304" start="20221121230000 +0000" stop="20221122010000 +0000" catchup-id="1296686432"><title>Haagse politiek</title><date></date><icon src="https://t-mobiletv.nl:443/CPS/images/universal/film/program/202211/20221115/12/20221115090055514bwb.jpg"></icon><desc>Themazender van de NPO. De zender belicht dagelijks ontwikkelingen in de landelijke politiek inclusief liveverslag van debatten in de Tweede Kamer en andere politieke gebeurtenissen.</desc><category></category></programme><programme channel="141430304" start="20221122010000 +0000" stop="20221122030000 +0000" catchup-id="1296686438"><title>Haagse politiek</title><date></date><icon src="https://t-mobiletv.nl:443/CPS/images/universal/film/program/202211/20221115/61/2022111509005551445a.jpg"></icon><desc>Themazender van de NPO. De zender belicht dagelijks ontwikkelingen in de landelijke politiek inclusief liveverslag van debatten in de Tweede Kamer en andere politieke gebeurtenissen.</desc><category></category></programme><programme channel="141430304" start="20221122030000 +0000" stop="20221122050000 +0000" catchup-id="1296686444"><title>Haagse politiek</title><date></date><icon src="https://t-mobiletv.nl:443/CPS/images/universal/film/program/202211/20221115/89/20221115090055514hyv.jpg"></icon><desc>Themazender van de NPO. De zender belicht dagelijks ontwikkelingen in de landelijke politiek inclusief liveverslag van debatten in de Tweede Kamer en andere politieke gebeurtenissen.</desc><category></category></programme><programme channel="141430304" start="20221122050000 +0000" stop="20221122070000 +0000" catchup-id="1296686450"><title>Haagse politiek</title><date></date><icon src="https://t-mobiletv.nl:443/CPS/images/universal/film/program/202211/20221115/49/20221115090055514lmk.jpg"></icon><desc>Themazender van de NPO. De zender belicht dagelijks ontwikkelingen in de landelijke politiek inclusief liveverslag van debatten in de Tweede Kamer en andere politieke gebeurtenissen.</desc><category></category></programme><programme channel="141430304" start="20221122070000 +0000" stop="20221122090000 +0000" catchup-id="1296686456"><title>Haagse politiek</title><date></date><icon src="https://t-mobiletv.nl:443/CPS/images/universal/film/program/202211/20221115/20/20221115090055514yq5.jpg"></icon><desc>Themazender van de NPO. De zender belicht dagelijks ontwikkelingen in de landelijke politiek inclusief liveverslag van debatten in de Tweede Kamer en andere politieke gebeurtenissen.</desc><category></category></programme><programme channel="141430304" start="20221122090000 +0000" stop="20221122110000 +0000" catchup-id="1296686462"><title>Haagse politiek</title><date></date><icon src="https://t-mobiletv.nl:443/CPS/images/universal/film/program/202211/20221115/28/20221115090055515wvs.jpg"></icon><desc>Themazender van de NPO. De zender belicht dagelijks ontwikkelingen in de landelijke politiek inclusief liveverslag van debatten in de Tweede Kamer en andere politieke gebeurtenissen.</desc><category></category></programme><programme channel="141430304" start="20221122110000 +0000" stop="20221122130000 +0000" catchup-id="1296686468"><title>Haagse politiek</title><date></date><icon src="https://t-mobiletv.nl:443/CPS/images/universal/film/program/202211/20221115/78/20221115090055515trr.jpg"></icon><desc>Themazender van de NPO. De zender belicht dagelijks ontwikkelingen in de landelijke politiek inclusief liveverslag van debatten in de Tweede Kamer en andere politieke gebeurtenissen.</desc><category></category></programme><programme channel="141430304" start="20221122130000 +0000" stop="20221122150000 +0000" catchup-id="1296686474"><title>Haagse politiek</title><date></date><icon src="https://t-mobiletv.nl:443/CPS/images/universal/film/program/202211/20221115/10/202211150900555156vr.jpg"></icon><desc>Themazender van de NPO. De zender belicht dagelijks ontwikkelingen in de landelijke politiek inclusief liveverslag van debatten in de Tweede Kamer en andere politieke gebeurtenissen.</desc><category></category></programme><programme channel="141430304" start="20221122150000 +0000" stop="20221122170000 +0000" catchup-id="1296686480"><title>Haagse politiek</title><date></date><icon src="https://t-mobiletv.nl:443/CPS/images/universal/film/program/202211/20221115/64/20221115090055515v9f.jpg"></icon><desc>Themazender van de NPO. De zender belicht dagelijks ontwikkelingen in de landelijke politiek inclusief liveverslag van debatten in de Tweede Kamer en andere politieke gebeurtenissen.</desc><category></category></programme><programme channel="141430304" start="20221122170000 +0000" stop="20221122180000 +0000" catchup-id="1296686486"><title>Haagse politiek</title><date></date><icon src="https://t-mobiletv.nl:443/CPS/images/universal/film/program/202211/20221115/98/202211150900555154oj.jpg"></icon><desc>Themazender van de NPO. De zender belicht dagelijks ontwikkelingen in de landelijke politiek inclusief liveverslag van debatten in de Tweede Kamer en andere politieke gebeurtenissen.</desc><category></category></programme><programme channel="141430304" start="20221122180000 +0000" stop="20221122190000 +0000" catchup-id="1296686492"><title>Haagse politiek</title><date></date><icon src="https://t-mobiletv.nl:443/CPS/images/universal/film/program/202211/20221115/81/202211150900555153zz.jpg"></icon><desc>Themazender van de NPO. De zender belicht dagelijks ontwikkelingen in de landelijke politiek inclusief liveverslag van debatten in de Tweede Kamer en andere politieke gebeurtenissen.</desc><category></category></programme><programme channel="141430304" start="20221122190000 +0000" stop="20221122210000 +0000" catchup-id="1296686498"><title>Haagse politiek</title><date></date><icon src="https://t-mobiletv.nl:443/CPS/images/universal/film/program/202211/20221115/45/202211150900555150xd.jpg"></icon><desc>Themazender van de NPO. De zender belicht dagelijks ontwikkelingen in de landelijke politiek inclusief liveverslag van debatten in de Tweede Kamer en andere politieke gebeurtenissen.</desc><category></category></programme><programme channel="141430304" start="20221122210000 +0000" stop="20221122230000 +0000" catchup-id="1296686504"><title>Haagse politiek</title><date></date><icon src="https://t-mobiletv.nl:443/CPS/images/universal/film/program/202211/20221115/2/20221115090055515lcd.jpg"></icon><desc>Themazender van de NPO. De zender belicht dagelijks ontwikkelingen in de landelijke politiek inclusief liveverslag van debatten in de Tweede Kamer en andere politieke gebeurtenissen.</desc><category></category></programme><programme channel="141430304" start="20221122230000 +0000" stop="20221123010000 +0000" catchup-id="1297116797"><title>Haagse politiek</title><date></date><icon src="https://t-mobiletv.nl:443/CPS/images/universal/film/program/202211/20221116/21/20221116090104718iun.jpg"></icon><desc>Themazender van de NPO. De zender belicht dagelijks ontwikkelingen in de landelijke politiek inclusief liveverslag van debatten in de Tweede Kamer en andere politieke gebeurtenissen.</desc><category></category></programme><programme channel="141430304" start="20221123010000 +0000" stop="20221123030000 +0000" catchup-id="1297116803"><title>Haagse politiek</title><date></date><icon src="https://t-mobiletv.nl:443/CPS/images/universal/film/program/202211/20221116/0/20221116090104719lz2.jpg"></icon><desc>Themazender van de NPO. De zender belicht dagelijks ontwikkelingen in de landelijke politiek inclusief liveverslag van debatten in de Tweede Kamer en andere politieke gebeurtenissen.</desc><category></category></programme><programme channel="141430304" start="20221123030000 +0000" stop="20221123050000 +0000" catchup-id="1297116809"><title>Haagse politiek</title><date></date><icon src="https://t-mobiletv.nl:443/CPS/images/universal/film/program/202211/20221116/51/20221116090104719sqq.jpg"></icon><desc>Themazender van de NPO. De zender belicht dagelijks ontwikkelingen in de landelijke politiek inclusief liveverslag van debatten in de Tweede Kamer en andere politieke gebeurtenissen.</desc><category></category></programme><programme channel="141430304" start="20221123050000 +0000" stop="20221123070000 +0000" catchup-id="1297116815"><title>Haagse politiek</title><date></date><icon src="https://t-mobiletv.nl:443/CPS/images/universal/film/program/202211/20221116/28/20221116090104719lzb.jpg"></icon><desc>Themazender van de NPO. De zender belicht dagelijks ontwikkelingen in de landelijke politiek inclusief liveverslag van debatten in de Tweede Kamer en andere politieke gebeurtenissen.</desc><category></category></programme><programme channel="141430304" start="20221123070000 +0000" stop="20221123090000 +0000" catchup-id="1297116821"><title>Haagse politiek</title><date></date><icon src="https://t-mobiletv.nl:443/CPS/images/universal/film/program/202211/20221116/57/20221116090104719xa0.jpg"></icon><desc>Themazender van de NPO. De zender belicht dagelijks ontwikkelingen in de landelijke politiek inclusief liveverslag van debatten in de Tweede Kamer en andere politieke gebeurtenissen.</desc><category></category></programme><programme channel="141430304" start="20221123090000 +0000" stop="20221123110000 +0000" catchup-id="1297116827"><title>Haagse politiek</title><date></date><icon src="https://t-mobiletv.nl:443/CPS/images/universal/film/program/202211/20221116/49/20221116090104719bfw.jpg"></icon><desc>Themazender van de NPO. De zender belicht dagelijks ontwikkelingen in de landelijke politiek inclusief liveverslag van debatten in de Tweede Kamer en andere politieke gebeurtenissen.</desc><category></category></programme><programme channel="141430304" start="20221123110000 +0000" stop="20221123130000 +0000" catchup-id="1297116833"><title>Haagse politiek</title><date></date><icon src="https://t-mobiletv.nl:443/CPS/images/universal/film/program/202211/20221116/79/20221116090104719uqm.jpg"></icon><desc>Themazender van de NPO. De zender belicht dagelijks ontwikkelingen in de landelijke politiek inclusief liveverslag van debatten in de Tweede Kamer en andere politieke gebeurtenissen.</desc><category></category></programme><programme channel="141430304" start="20221123130000 +0000" stop="20221123150000 +0000" catchup-id="1297116839"><title>Haagse politiek</title><date></date><icon src="https://t-mobiletv.nl:443/CPS/images/universal/film/program/202211/20221116/80/20221116090104719mnh.jpg"></icon><desc>Themazender van de NPO. De zender belicht dagelijks ontwikkelingen in de landelijke politiek inclusief liveverslag van debatten in de Tweede Kamer en andere politieke gebeurtenissen.</desc><category></category></programme><programme channel="141430304" start="20221123150000 +0000" stop="20221123170000 +0000" catchup-id="1297116845"><title>Haagse politiek</title><date></date><icon src="https://t-mobiletv.nl:443/CPS/images/universal/film/program/202211/20221116/78/20221116090104719svi.jpg"></icon><desc>Themazender van de NPO. De zender belicht dagelijks ontwikkelingen in de landelijke politiek inclusief liveverslag van debatten in de Tweede Kamer en andere politieke gebeurtenissen.</desc><category></category></programme><programme channel="141430304" start="20221123170000 +0000" stop="20221123180000 +0000" catchup-id="1297116851"><title>Haagse politiek</title><date></date><icon src="https://t-mobiletv.nl:443/CPS/images/universal/film/program/202211/20221116/57/20221116090104719e7u.jpg"></icon><desc>Themazender van de NPO. De zender belicht dagelijks ontwikkelingen in de landelijke politiek inclusief liveverslag van debatten in de Tweede Kamer en andere politieke gebeurtenissen.</desc><category></category></programme><programme channel="141430304" start="20221123180000 +0000" stop="20221123190000 +0000" catchup-id="1297116857"><title>Haagse politiek</title><date></date><icon src="https://t-mobiletv.nl:443/CPS/images/universal/film/program/202211/20221116/77/20221116090104719fvc.jpg"></icon><desc>Themazender van de NPO. De zender belicht dagelijks ontwikkelingen in de landelijke politiek inclusief liveverslag van debatten in de Tweede Kamer en andere politieke gebeurtenissen.</desc><category></category></programme><programme channel="141430304" start="20221123190000 +0000" stop="20221123210000 +0000" catchup-id="1297116863"><title>Haagse politiek</title><date></date><icon src="https://t-mobiletv.nl:443/CPS/images/universal/film/program/202211/20221116/63/2022111609010471962j.jpg"></icon><desc>Themazender van de NPO. De zender belicht dagelijks ontwikkelingen in de landelijke politiek inclusief liveverslag van debatten in de Tweede Kamer en andere politieke gebeurtenissen.</desc><category></category></programme><programme channel="141430304" start="20221123210000 +0000" stop="20221123230000 +0000" catchup-id="1297116869"><title>Haagse politiek</title><date></date><icon src="https://t-mobiletv.nl:443/CPS/images/universal/film/program/202211/20221116/51/20221116090104719eaf.jpg"></icon><desc>Themazender van de NPO. De zender belicht dagelijks ontwikkelingen in de landelijke politiek inclusief liveverslag van debatten in de Tweede Kamer en andere politieke gebeurtenissen.</desc><category></category></programme><programme channel="141430304" start="20221123230000 +0000" stop="20221124010000 +0000" catchup-id="1297556260"><title>Haagse politiek</title><date></date><icon src="https://t-mobiletv.nl:443/CPS/images/universal/film/program/202211/20221117/38/202211170900497056mq.jpg"></icon><desc>Themazender van de NPO. De zender belicht dagelijks ontwikkelingen in de landelijke politiek inclusief liveverslag van debatten in de Tweede Kamer en andere politieke gebeurtenissen.</desc><category></category></programme><programme channel="141430304" start="20221124010000 +0000" stop="20221124030000 +0000" catchup-id="1297557034"><title>Haagse politiek</title><date></date><icon src="https://t-mobiletv.nl:443/CPS/images/universal/film/program/202211/20221117/80/20221117090049705j78.jpg"></icon><desc>Themazender van de NPO. De zender belicht dagelijks ontwikkelingen in de landelijke politiek inclusief liveverslag van debatten in de Tweede Kamer en andere politieke gebeurtenissen.</desc><category></category></programme><programme channel="141430304" start="20221124030000 +0000" stop="20221124050000 +0000" catchup-id="1297557040"><title>Haagse politiek</title><date></date><icon src="https://t-mobiletv.nl:443/CPS/images/universal/film/program/202211/20221117/88/20221117090049705qxo.jpg"></icon><desc>Themazender van de NPO. De zender belicht dagelijks ontwikkelingen in de landelijke politiek inclusief liveverslag van debatten in de Tweede Kamer en andere politieke gebeurtenissen.</desc><category></category></programme><programme channel="141430304" start="20221124050000 +0000" stop="20221124070000 +0000" catchup-id="1297557046"><title>Haagse politiek</title><date></date><icon src="https://t-mobiletv.nl:443/CPS/images/universal/film/program/202211/20221117/73/20221117090049705wtf.jpg"></icon><desc>Themazender van de NPO. De zender belicht dagelijks ontwikkelingen in de landelijke politiek inclusief liveverslag van debatten in de Tweede Kamer en andere politieke gebeurtenissen.</desc><category></category></programme><programme channel="141430304" start="20221124070000 +0000" stop="20221124090000 +0000" catchup-id="1297557052"><title>Haagse politiek</title><date></date><icon src="https://t-mobiletv.nl:443/CPS/images/universal/film/program/202211/20221117/40/20221117090049705k1o.jpg"></icon><desc>Themazender van de NPO. De zender belicht dagelijks ontwikkelingen in de landelijke politiek inclusief liveverslag van debatten in de Tweede Kamer en andere politieke gebeurtenissen.</desc><category></category></programme><programme channel="141430304" start="20221124090000 +0000" stop="20221124110000 +0000" catchup-id="1297557058"><title>Haagse politiek</title><date></date><icon src="https://t-mobiletv.nl:443/CPS/images/universal/film/program/202211/20221117/35/202211170900497055ks.jpg"></icon><desc>Themazender van de NPO. De zender belicht dagelijks ontwikkelingen in de landelijke politiek inclusief liveverslag van debatten in de Tweede Kamer en andere politieke gebeurtenissen.</desc><category></category></programme><programme channel="141430304" start="20221124110000 +0000" stop="20221124130000 +0000" catchup-id="1297557064"><title>Haagse politiek</title><date></date><icon src="https://t-mobiletv.nl:443/CPS/images/universal/film/program/202211/20221117/52/20221117090049705iib.jpg"></icon><desc>Themazender van de NPO. De zender belicht dagelijks ontwikkelingen in de landelijke politiek inclusief liveverslag van debatten in de Tweede Kamer en andere politieke gebeurtenissen.</desc><category></category></programme><programme channel="141430304" start="20221124130000 +0000" stop="20221124150000 +0000" catchup-id="1297557070"><title>Haagse politiek</title><date></date><icon src="https://t-mobiletv.nl:443/CPS/images/universal/film/program/202211/20221117/39/20221117090049705wzf.jpg"></icon><desc>Themazender van de NPO. De zender belicht dagelijks ontwikkelingen in de landelijke politiek inclusief liveverslag van debatten in de Tweede Kamer en andere politieke gebeurtenissen.</desc><category></category></programme><programme channel="141430304" start="20221124150000 +0000" stop="20221124170000 +0000" catchup-id="1297557076"><title>Haagse politiek</title><date></date><icon src="https://t-mobiletv.nl:443/CPS/images/universal/film/program/202211/20221117/8/20221117090049705n72.jpg"></icon><desc>Themazender van de NPO. De zender belicht dagelijks ontwikkelingen in de landelijke politiek inclusief liveverslag van debatten in de Tweede Kamer en andere politieke gebeurtenissen.</desc><category></category></programme><programme channel="141430304" start="20221124170000 +0000" stop="20221124180000 +0000" catchup-id="1297557082"><title>Haagse politiek</title><date></date><icon src="https://t-mobiletv.nl:443/CPS/images/universal/film/program/202211/20221117/80/20221117090049705v3f.jpg"></icon><desc>Themazender van de NPO. De zender belicht dagelijks ontwikkelingen in de landelijke politiek inclusief liveverslag van debatten in de Tweede Kamer en andere politieke gebeurtenissen.</desc><category></category></programme><programme channel="141430304" start="20221124180000 +0000" stop="20221124190000 +0000" catchup-id="1297557088"><title>Haagse politiek</title><date></date><icon src="https://t-mobiletv.nl:443/CPS/images/universal/film/program/202211/20221117/34/20221117090049705xpg.jpg"></icon><desc>Themazender van de NPO. De zender belicht dagelijks ontwikkelingen in de landelijke politiek inclusief liveverslag van debatten in de Tweede Kamer en andere politieke gebeurtenissen.</desc><category></category></programme><programme channel="141430304" start="20221124190000 +0000" stop="20221124210000 +0000" catchup-id="1297557094"><title>Haagse politiek</title><date></date><icon src="https://t-mobiletv.nl:443/CPS/images/universal/film/program/202211/20221117/94/202211170900497053tg.jpg"></icon><desc>Themazender van de NPO. De zender belicht dagelijks ontwikkelingen in de landelijke politiek inclusief liveverslag van debatten in de Tweede Kamer en andere politieke gebeurtenissen.</desc><category></category></programme><programme channel="141430304" start="20221124210000 +0000" stop="20221124230000 +0000" catchup-id="1297557100"><title>Haagse politiek</title><date></date><icon src="https://t-mobiletv.nl:443/CPS/images/universal/film/program/202211/20221117/65/20221117090049705cjt.jpg"></icon><desc>Themazender van de NPO. De zender belicht dagelijks ontwikkelingen in de landelijke politiek inclusief liveverslag van debatten in de Tweede Kamer en andere politieke gebeurtenissen.</desc><category></category></programme><programme channel="141430304" start="20221124230000 +0000" stop="20221125010000 +0000" catchup-id="1298013318"><title>Haagse politiek</title><date></date><icon src="https://t-mobiletv.nl:443/CPS/images/universal/film/program/202211/20221118/30/20221118090129707jzb.jpg"></icon><desc>Themazender van de NPO. De zender belicht dagelijks ontwikkelingen in de landelijke politiek inclusief liveverslag van debatten in de Tweede Kamer en andere politieke gebeurtenissen.</desc><category></category></programme><programme channel="141430304" start="20221125010000 +0000" stop="20221125030000 +0000" catchup-id="1298013324"><title>Haagse politiek</title><date></date><icon src="https://t-mobiletv.nl:443/CPS/images/universal/film/program/202211/20221118/17/202211180901297074qp.jpg"></icon><desc>Themazender van de NPO. De zender belicht dagelijks ontwikkelingen in de landelijke politiek inclusief liveverslag van debatten in de Tweede Kamer en andere politieke gebeurtenissen.</desc><category></category></programme><programme channel="141430304" start="20221125030000 +0000" stop="20221125050000 +0000" catchup-id="1298013330"><title>Haagse politiek</title><date></date><icon src="https://t-mobiletv.nl:443/CPS/images/universal/film/program/202211/20221118/80/202211180901297075ht.jpg"></icon><desc>Themazender van de NPO. De zender belicht dagelijks ontwikkelingen in de landelijke politiek inclusief liveverslag van debatten in de Tweede Kamer en andere politieke gebeurtenissen.</desc><category></category></programme><programme channel="141430304" start="20221125050000 +0000" stop="20221125070000 +0000" catchup-id="1298013336"><title>Haagse politiek</title><date></date><icon src="https://t-mobiletv.nl:443/CPS/images/universal/film/program/202211/20221118/96/20221118090129707j9w.jpg"></icon><desc>Themazender van de NPO. De zender belicht dagelijks ontwikkelingen in de landelijke politiek inclusief liveverslag van debatten in de Tweede Kamer en andere politieke gebeurtenissen.</desc><category></category></programme><programme channel="141430304" start="20221125070000 +0000" stop="20221125090000 +0000" catchup-id="1298013342"><title>Haagse politiek</title><date></date><icon src="https://t-mobiletv.nl:443/CPS/images/universal/film/program/202211/20221118/65/20221118090129707p48.jpg"></icon><desc>Themazender van de NPO. De zender belicht dagelijks ontwikkelingen in de landelijke politiek inclusief liveverslag van debatten in de Tweede Kamer en andere politieke gebeurtenissen.</desc><category></category></programme><programme channel="141430304" start="20221125090000 +0000" stop="20221125110000 +0000" catchup-id="1298013348"><title>Haagse politiek</title><date></date><icon src="https://t-mobiletv.nl:443/CPS/images/universal/film/program/202211/20221118/62/202211180901297083cb.jpg"></icon><desc>Themazender van de NPO. De zender belicht dagelijks ontwikkelingen in de landelijke politiek inclusief liveverslag van debatten in de Tweede Kamer en andere politieke gebeurtenissen.</desc><category></category></programme><programme channel="141430304" start="20221125110000 +0000" stop="20221125130000 +0000" catchup-id="1298013354"><title>Haagse politiek</title><date></date><icon src="https://t-mobiletv.nl:443/CPS/images/universal/film/program/202211/20221118/16/20221118090129708bai.jpg"></icon><desc>Themazender van de NPO. De zender belicht dagelijks ontwikkelingen in de landelijke politiek inclusief liveverslag van debatten in de Tweede Kamer en andere politieke gebeurtenissen.</desc><category></category></programme><programme channel="141430304" start="20221125130000 +0000" stop="20221125150000 +0000" catchup-id="1298013360"><title>Haagse politiek</title><date></date><icon src="https://t-mobiletv.nl:443/CPS/images/universal/film/program/202211/20221118/49/20221118090129708zwe.jpg"></icon><desc>Themazender van de NPO. De zender belicht dagelijks ontwikkelingen in de landelijke politiek inclusief liveverslag van debatten in de Tweede Kamer en andere politieke gebeurtenissen.</desc><category></category></programme><programme channel="141430304" start="20221125150000 +0000" stop="20221125170000 +0000" catchup-id="1298013366"><title>Haagse politiek</title><date></date><icon src="https://t-mobiletv.nl:443/CPS/images/universal/film/program/202211/20221118/21/20221118090129708x8d.jpg"></icon><desc>Themazender van de NPO. De zender belicht dagelijks ontwikkelingen in de landelijke politiek inclusief liveverslag van debatten in de Tweede Kamer en andere politieke gebeurtenissen.</desc><category></category></programme><programme channel="141430304" start="20221125170000 +0000" stop="20221125180000 +0000" catchup-id="1298013372"><title>Haagse politiek</title><date></date><icon src="https://t-mobiletv.nl:443/CPS/images/universal/film/program/202211/20221118/12/20221118090129708ko6.jpg"></icon><desc>Themazender van de NPO. De zender belicht dagelijks ontwikkelingen in de landelijke politiek inclusief liveverslag van debatten in de Tweede Kamer en andere politieke gebeurtenissen.</desc><category></category></programme><programme channel="141430304" start="20221125180000 +0000" stop="20221125190000 +0000" catchup-id="1298013378"><title>Haagse politiek</title><date></date><icon src="https://t-mobiletv.nl:443/CPS/images/universal/film/program/202211/20221118/47/20221118090129708l4l.jpg"></icon><desc>Themazender van de NPO. De zender belicht dagelijks ontwikkelingen in de landelijke politiek inclusief liveverslag van debatten in de Tweede Kamer en andere politieke gebeurtenissen.</desc><category></category></programme><programme channel="141430304" start="20221125190000 +0000" stop="20221125210000 +0000" catchup-id="1298013384"><title>Haagse politiek</title><date></date><icon src="https://t-mobiletv.nl:443/CPS/images/universal/film/program/202211/20221118/93/20221118090129708nt6.jpg"></icon><desc>Themazender van de NPO. De zender belicht dagelijks ontwikkelingen in de landelijke politiek inclusief liveverslag van debatten in de Tweede Kamer en andere politieke gebeurtenissen.</desc><category></category></programme><programme channel="141430304" start="20221125210000 +0000" stop="20221125230000 +0000" catchup-id="1298013390"><title>Haagse politiek</title><date></date><icon src="https://t-mobiletv.nl:443/CPS/images/universal/film/program/202211/20221118/30/20221118090129708xva.jpg"></icon><desc>Themazender van de NPO. De zender belicht dagelijks ontwikkelingen in de landelijke politiek inclusief liveverslag van debatten in de Tweede Kamer en andere politieke gebeurtenissen.</desc><category></category></programme><programme channel="141430304" start="20221125230000 +0000" stop="20221126010000 +0000" catchup-id="1298408490"><title>Haagse politiek</title><date></date><icon src="https://t-mobiletv.nl:443/CPS/images/universal/film/program/202211/20221119/77/20221119090110509zf1.jpg"></icon><desc>Themazender van de NPO. De zender belicht dagelijks ontwikkelingen in de landelijke politiek inclusief liveverslag van debatten in de Tweede Kamer en andere politieke gebeurtenissen.</desc><category></category></programme><programme channel="141430304" start="20221126010000 +0000" stop="20221126030000 +0000" catchup-id="1298408496"><title>Haagse politiek</title><date></date><icon src="https://t-mobiletv.nl:443/CPS/images/universal/film/program/202211/20221119/25/20221119090110509w9f.jpg"></icon><desc>Themazender van de NPO. De zender belicht dagelijks ontwikkelingen in de landelijke politiek inclusief liveverslag van debatten in de Tweede Kamer en andere politieke gebeurtenissen.</desc><category></category></programme><programme channel="141430304" start="20221126030000 +0000" stop="20221126050000 +0000" catchup-id="1298408502"><title>Haagse politiek</title><date></date><icon src="https://t-mobiletv.nl:443/CPS/images/universal/film/program/202211/20221119/80/20221119090110509r0i.jpg"></icon><desc>Themazender van de NPO. De zender belicht dagelijks ontwikkelingen in de landelijke politiek inclusief liveverslag van debatten in de Tweede Kamer en andere politieke gebeurtenissen.</desc><category></category></programme><programme channel="141430304" start="20221126050000 +0000" stop="20221126070000 +0000" catchup-id="1298408508"><title>Haagse politiek</title><date></date><icon src="https://t-mobiletv.nl:443/CPS/images/universal/film/program/202211/20221119/99/202211190901105096tf.jpg"></icon><desc>Themazender van de NPO. De zender belicht dagelijks ontwikkelingen in de landelijke politiek inclusief liveverslag van debatten in de Tweede Kamer en andere politieke gebeurtenissen.</desc><category></category></programme><programme channel="141430304" start="20221126070000 +0000" stop="20221126090000 +0000" catchup-id="1298408514"><title>Haagse politiek</title><date></date><icon src="https://t-mobiletv.nl:443/CPS/images/universal/film/program/202211/20221119/27/20221119090110509gg4.jpg"></icon><desc>Themazender van de NPO. De zender belicht dagelijks ontwikkelingen in de landelijke politiek inclusief liveverslag van debatten in de Tweede Kamer en andere politieke gebeurtenissen.</desc><category></category></programme><programme channel="141430304" start="20221126090000 +0000" stop="20221126110000 +0000" catchup-id="1298408520"><title>Haagse politiek</title><date></date><icon src="https://t-mobiletv.nl:443/CPS/images/universal/film/program/202211/20221119/77/20221119090110509lhu.jpg"></icon><desc>Themazender van de NPO. De zender belicht dagelijks ontwikkelingen in de landelijke politiek inclusief liveverslag van debatten in de Tweede Kamer en andere politieke gebeurtenissen.</desc><category></category></programme><programme channel="141430304" start="20221126110000 +0000" stop="20221126130000 +0000" catchup-id="1298408526"><title>Haagse politiek</title><date></date><icon src="https://t-mobiletv.nl:443/CPS/images/universal/film/program/202211/20221119/3/20221119090110509anc.jpg"></icon><desc>Themazender van de NPO. De zender belicht dagelijks ontwikkelingen in de landelijke politiek inclusief liveverslag van debatten in de Tweede Kamer en andere politieke gebeurtenissen.</desc><category></category></programme><programme channel="141430304" start="20221126130000 +0000" stop="20221126150000 +0000" catchup-id="1298408532"><title>Haagse politiek</title><date></date><icon src="https://t-mobiletv.nl:443/CPS/images/universal/film/program/202211/20221119/65/20221119090110509b33.jpg"></icon><desc>Themazender van de NPO. De zender belicht dagelijks ontwikkelingen in de landelijke politiek inclusief liveverslag van debatten in de Tweede Kamer en andere politieke gebeurtenissen.</desc><category></category></programme><programme channel="141430304" start="20221126150000 +0000" stop="20221126170000 +0000" catchup-id="1298408538"><title>Haagse politiek</title><date></date><icon src="https://t-mobiletv.nl:443/CPS/images/universal/film/program/202211/20221119/99/202211190901105101s2.jpg"></icon><desc>Themazender van de NPO. De zender belicht dagelijks ontwikkelingen in de landelijke politiek inclusief liveverslag van debatten in de Tweede Kamer en andere politieke gebeurtenissen.</desc><category></category></programme><programme channel="141430304" start="20221126170000 +0000" stop="20221126180000 +0000" catchup-id="1298408544"><title>Haagse politiek</title><date></date><icon src="https://t-mobiletv.nl:443/CPS/images/universal/film/program/202211/20221119/89/202211190901105106cs.jpg"></icon><desc>Themazender van de NPO. De zender belicht dagelijks ontwikkelingen in de landelijke politiek inclusief liveverslag van debatten in de Tweede Kamer en andere politieke gebeurtenissen.</desc><category></category></programme><programme channel="141430304" start="20221126180000 +0000" stop="20221126190000 +0000" catchup-id="1298408550"><title>Haagse politiek</title><date></date><icon src="https://t-mobiletv.nl:443/CPS/images/universal/film/program/202211/20221119/66/20221119090110510tug.jpg"></icon><desc>Themazender van de NPO. De zender belicht dagelijks ontwikkelingen in de landelijke politiek inclusief liveverslag van debatten in de Tweede Kamer en andere politieke gebeurtenissen.</desc><category></category></programme><programme channel="141430304" start="20221126190000 +0000" stop="20221126210000 +0000" catchup-id="1298408620"><title>Haagse politiek</title><date></date><icon src="https://t-mobiletv.nl:443/CPS/images/universal/film/program/202211/20221119/58/20221119090110510gr3.jpg"></icon><desc>Themazender van de NPO. De zender belicht dagelijks ontwikkelingen in de landelijke politiek inclusief liveverslag van debatten in de Tweede Kamer en andere politieke gebeurtenissen.</desc><category></category></programme><programme channel="141430304" start="20221126210000 +0000" stop="20221126230000 +0000" catchup-id="1298408626"><title>Haagse politiek</title><date></date><icon src="https://t-mobiletv.nl:443/CPS/images/universal/film/program/202211/20221119/84/20221119090110510rag.jpg"></icon><desc>Themazender van de NPO. De zender belicht dagelijks ontwikkelingen in de landelijke politiek inclusief liveverslag van debatten in de Tweede Kamer en andere politieke gebeurtenissen.</desc><category></category></programme><programme channel="141430304" start="20221126230000 +0000" stop="20221127010000 +0000" catchup-id="1298808556"><title>Haagse politiek</title><date></date><icon src="https://t-mobiletv.nl:443/CPS/images/universal/film/program/202211/20221120/83/20221120090050573lg1.jpg"></icon><desc>Themazender van de NPO. De zender belicht dagelijks ontwikkelingen in de landelijke politiek inclusief liveverslag van debatten in de Tweede Kamer en andere politieke gebeurtenissen.</desc><category></category></programme><programme channel="141430304" start="20221127010000 +0000" stop="20221127030000 +0000" catchup-id="1298808562"><title>Haagse politiek</title><date></date><icon src="https://t-mobiletv.nl:443/CPS/images/universal/film/program/202211/20221120/45/20221120090050573sy2.jpg"></icon><desc>Themazender van de NPO. De zender belicht dagelijks ontwikkelingen in de landelijke politiek inclusief liveverslag van debatten in de Tweede Kamer en andere politieke gebeurtenissen.</desc><category></category></programme><programme channel="141430304" start="20221127030000 +0000" stop="20221127050000 +0000" catchup-id="1298808568"><title>Haagse politiek</title><date></date><icon src="https://t-mobiletv.nl:443/CPS/images/universal/film/program/202211/20221120/15/20221120090050573xwg.jpg"></icon><desc>Themazender van de NPO. De zender belicht dagelijks ontwikkelingen in de landelijke politiek inclusief liveverslag van debatten in de Tweede Kamer en andere politieke gebeurtenissen.</desc><category></category></programme><programme channel="141430304" start="20221127050000 +0000" stop="20221127070000 +0000" catchup-id="1298808574"><title>Haagse politiek</title><date></date><icon src="https://t-mobiletv.nl:443/CPS/images/universal/film/program/202211/20221120/73/20221120090050573ab3.jpg"></icon><desc>Themazender van de NPO. De zender belicht dagelijks ontwikkelingen in de landelijke politiek inclusief liveverslag van debatten in de Tweede Kamer en andere politieke gebeurtenissen.</desc><category></category></programme><programme channel="141430304" start="20221127070000 +0000" stop="20221127090000 +0000" catchup-id="1298808580"><title>Haagse politiek</title><date></date><icon src="https://t-mobiletv.nl:443/CPS/images/universal/film/program/202211/20221120/16/202211200900505730u9.jpg"></icon><desc>Themazender van de NPO. De zender belicht dagelijks ontwikkelingen in de landelijke politiek inclusief liveverslag van debatten in de Tweede Kamer en andere politieke gebeurtenissen.</desc><category></category></programme><programme channel="141430304" start="20221127090000 +0000" stop="20221127110000 +0000" catchup-id="1298808586"><title>Haagse politiek</title><date></date><icon src="https://t-mobiletv.nl:443/CPS/images/universal/film/program/202211/20221120/22/202211200900505739mi.jpg"></icon><desc>Themazender van de NPO. De zender belicht dagelijks ontwikkelingen in de landelijke politiek inclusief liveverslag van debatten in de Tweede Kamer en andere politieke gebeurtenissen.</desc><category></category></programme><programme channel="141430304" start="20221127110000 +0000" stop="20221127130000 +0000" catchup-id="1298808592"><title>Haagse politiek</title><date></date><icon src="https://t-mobiletv.nl:443/CPS/images/universal/film/program/202211/20221120/80/20221120090050573h3p.jpg"></icon><desc>Themazender van de NPO. De zender belicht dagelijks ontwikkelingen in de landelijke politiek inclusief liveverslag van debatten in de Tweede Kamer en andere politieke gebeurtenissen.</desc><category></category></programme><programme channel="141430304" start="20221127130000 +0000" stop="20221127150000 +0000" catchup-id="1298808598"><title>Haagse politiek</title><date></date><icon src="https://t-mobiletv.nl:443/CPS/images/universal/film/program/202211/20221120/6/20221120090050573dkl.jpg"></icon><desc>Themazender van de NPO. De zender belicht dagelijks ontwikkelingen in de landelijke politiek inclusief liveverslag van debatten in de Tweede Kamer en andere politieke gebeurtenissen.</desc><category></category></programme><programme channel="141430304" start="20221127150000 +0000" stop="20221127170000 +0000" catchup-id="1298808604"><title>Haagse politiek</title><date></date><icon src="https://t-mobiletv.nl:443/CPS/images/universal/film/program/202211/20221120/70/20221120090050573h7s.jpg"></icon><desc>Themazender van de NPO. De zender belicht dagelijks ontwikkelingen in de landelijke politiek inclusief liveverslag van debatten in de Tweede Kamer en andere politieke gebeurtenissen.</desc><category></category></programme><programme channel="141430304" start="20221127170000 +0000" stop="20221127180000 +0000" catchup-id="1298808610"><title>Haagse politiek</title><date></date><icon src="https://t-mobiletv.nl:443/CPS/images/universal/film/program/202211/20221120/32/20221120090050573hjv.jpg"></icon><desc>Themazender van de NPO. De zender belicht dagelijks ontwikkelingen in de landelijke politiek inclusief liveverslag van debatten in de Tweede Kamer en andere politieke gebeurtenissen.</desc><category></category></programme><programme channel="141430304" start="20221127180000 +0000" stop="20221127190000 +0000" catchup-id="1298808616"><title>Haagse politiek</title><date></date><icon src="https://t-mobiletv.nl:443/CPS/images/universal/film/program/202211/20221120/97/20221120090050573ele.jpg"></icon><desc>Themazender van de NPO. De zender belicht dagelijks ontwikkelingen in de landelijke politiek inclusief liveverslag van debatten in de Tweede Kamer en andere politieke gebeurtenissen.</desc><category></category></programme><programme channel="141430304" start="20221127190000 +0000" stop="20221127210000 +0000" catchup-id="1298808750"><title>Haagse politiek</title><date></date><icon src="https://t-mobiletv.nl:443/CPS/images/universal/film/program/202211/20221120/51/20221120090050573ubm.jpg"></icon><desc>Themazender van de NPO. De zender belicht dagelijks ontwikkelingen in de landelijke politiek inclusief liveverslag van debatten in de Tweede Kamer en andere politieke gebeurtenissen.</desc><category></category></programme><programme channel="141430304" start="20221127210000 +0000" stop="20221127230000 +0000" catchup-id="1298808756"><title>Haagse politiek</title><date></date><icon src="https://t-mobiletv.nl:443/CPS/images/universal/film/program/202211/20221120/29/20221120090050573rq6.jpg"></icon><desc>Themazender van de NPO. De zender belicht dagelijks ontwikkelingen in de landelijke politiek inclusief liveverslag van debatten in de Tweede Kamer en andere politieke gebeurtenissen.</desc><category></category></programme><programme channel="141430304" start="20221127230000 +0000" stop="20221128010000 +0000" catchup-id="1299206520"><title>Haagse politiek</title><date></date><icon src="https://t-mobiletv.nl:443/CPS/images/universal/film/program/202211/20221121/92/202211210901055407jw.jpg"></icon><desc>Themazender van de NPO. De zender belicht dagelijks ontwikkelingen in de landelijke politiek inclusief liveverslag van debatten in de Tweede Kamer en andere politieke gebeurtenissen.</desc><category></category></programme><programme channel="141430304" start="20221128010000 +0000" stop="20221128030000 +0000" catchup-id="1299206526"><title>Haagse politiek</title><date></date><icon src="https://t-mobiletv.nl:443/CPS/images/universal/film/program/202211/20221121/9/20221121090105540yq7.jpg"></icon><desc>Themazender van de NPO. De zender belicht dagelijks ontwikkelingen in de landelijke politiek inclusief liveverslag van debatten in de Tweede Kamer en andere politieke gebeurtenissen.</desc><category></category></programme><programme channel="141430304" start="20221128030000 +0000" stop="20221128050000 +0000" catchup-id="1299206532"><title>Haagse politiek</title><date></date><icon src="https://t-mobiletv.nl:443/CPS/images/universal/film/program/202211/20221121/11/20221121090105540a91.jpg"></icon><desc>Themazender van de NPO. De zender belicht dagelijks ontwikkelingen in de landelijke politiek inclusief liveverslag van debatten in de Tweede Kamer en andere politieke gebeurtenissen.</desc><category></category></programme><programme channel="141430304" start="20221128050000 +0000" stop="20221128070000 +0000" catchup-id="1299206538"><title>Haagse politiek</title><date></date><icon src="https://t-mobiletv.nl:443/CPS/images/universal/film/program/202211/20221121/94/202211210901055409bu.jpg"></icon><desc>Themazender van de NPO. De zender belicht dagelijks ontwikkelingen in de landelijke politiek inclusief liveverslag van debatten in de Tweede Kamer en andere politieke gebeurtenissen.</desc><category></category></programme><programme channel="141430304" start="20221128070000 +0000" stop="20221128090000 +0000" catchup-id="1299206544"><title>Haagse politiek</title><date></date><icon src="https://t-mobiletv.nl:443/CPS/images/universal/film/program/202211/20221121/73/20221121090105540ij5.jpg"></icon><desc>Themazender van de NPO. De zender belicht dagelijks ontwikkelingen in de landelijke politiek inclusief liveverslag van debatten in de Tweede Kamer en andere politieke gebeurtenissen.</desc><category></category></programme><programme channel="141430304" start="20221128090000 +0000" stop="20221128110000 +0000" catchup-id="1299206550"><title>Haagse politiek</title><date></date><icon src="https://t-mobiletv.nl:443/CPS/images/universal/film/program/202211/20221121/55/202211210901055406j8.jpg"></icon><desc>Themazender van de NPO. De zender belicht dagelijks ontwikkelingen in de landelijke politiek inclusief liveverslag van debatten in de Tweede Kamer en andere politieke gebeurtenissen.</desc><category></category></programme><programme channel="141430304" start="20221128110000 +0000" stop="20221128130000 +0000" catchup-id="1299206556"><title>Haagse politiek</title><date></date><icon src="https://t-mobiletv.nl:443/CPS/images/universal/film/program/202211/20221121/61/202211210901055405gl.jpg"></icon><desc>Themazender van de NPO. De zender belicht dagelijks ontwikkelingen in de landelijke politiek inclusief liveverslag van debatten in de Tweede Kamer en andere politieke gebeurtenissen.</desc><category></category></programme><programme channel="141430304" start="20221128130000 +0000" stop="20221128150000 +0000" catchup-id="1299206562"><title>Haagse politiek</title><date></date><icon src="https://t-mobiletv.nl:443/CPS/images/universal/film/program/202211/20221121/15/20221121090105540rwi.jpg"></icon><desc>Themazender van de NPO. De zender belicht dagelijks ontwikkelingen in de landelijke politiek inclusief liveverslag van debatten in de Tweede Kamer en andere politieke gebeurtenissen.</desc><category></category></programme><programme channel="141430304" start="20221128150000 +0000" stop="20221128170000 +0000" catchup-id="1299206568"><title>Haagse politiek</title><date></date><icon src="https://t-mobiletv.nl:443/CPS/images/universal/film/program/202211/20221121/31/202211210901055400hc.jpg"></icon><desc>Themazender van de NPO. De zender belicht dagelijks ontwikkelingen in de landelijke politiek inclusief liveverslag van debatten in de Tweede Kamer en andere politieke gebeurtenissen.</desc><category></category></programme><programme channel="141430304" start="20221128170000 +0000" stop="20221128180000 +0000" catchup-id="1299207534"><title>Haagse politiek</title><date></date><icon src="https://t-mobiletv.nl:443/CPS/images/universal/film/program/202211/20221121/70/20221121090105540jye.jpg"></icon><desc>Themazender van de NPO. De zender belicht dagelijks ontwikkelingen in de landelijke politiek inclusief liveverslag van debatten in de Tweede Kamer en andere politieke gebeurtenissen.</desc><category></category></programme><programme channel="141430304" start="20221128180000 +0000" stop="20221128190000 +0000" catchup-id="1299207540"><title>Haagse politiek</title><date></date><icon src="https://t-mobiletv.nl:443/CPS/images/universal/film/program/202211/20221121/55/20221121090105540f68.jpg"></icon><desc>Themazender van de NPO. De zender belicht dagelijks ontwikkelingen in de landelijke politiek inclusief liveverslag van debatten in de Tweede Kamer en andere politieke gebeurtenissen.</desc><category></category></programme><programme channel="141430304" start="20221128190000 +0000" stop="20221128210000 +0000" catchup-id="1299207546"><title>Haagse politiek</title><date></date><icon src="https://t-mobiletv.nl:443/CPS/images/universal/film/program/202211/20221121/23/202211210901055407su.jpg"></icon><desc>Themazender van de NPO. De zender belicht dagelijks ontwikkelingen in de landelijke politiek inclusief liveverslag van debatten in de Tweede Kamer en andere politieke gebeurtenissen.</desc><category></category></programme><programme channel="141430304" start="20221128210000 +0000" stop="20221128230000 +0000" catchup-id="1299207552"><title>Haagse politiek</title><date></date><icon src="https://t-mobiletv.nl:443/CPS/images/universal/film/program/202211/20221121/93/20221121090105540kec.jpg"></icon><desc>Themazender van de NPO. De zender belicht dagelijks ontwikkelingen in de landelijke politiek inclusief liveverslag van debatten in de Tweede Kamer en andere politieke gebeurtenissen.</desc><category></category></programme><programme channel="141430304" start="20221128230000 +0000" stop="20221129010000 +0000" catchup-id="1299584548"><title>Haagse politiek</title><date></date><icon src="https://t-mobiletv.nl:443/CPS/images/universal/film/program/202211/20221122/27/20221122090050541fsd.jpg"></icon><desc>Themazender van de NPO. De zender belicht dagelijks ontwikkelingen in de landelijke politiek inclusief liveverslag van debatten in de Tweede Kamer en andere politieke gebeurtenissen.</desc><category></category></programme><programme channel="141430304" start="20221129010000 +0000" stop="20221129030000 +0000" catchup-id="1299584554"><title>Haagse politiek</title><date></date><icon src="https://t-mobiletv.nl:443/CPS/images/universal/film/program/202211/20221122/59/20221122090050541a2h.jpg"></icon><desc>Themazender van de NPO. De zender belicht dagelijks ontwikkelingen in de landelijke politiek inclusief liveverslag van debatten in de Tweede Kamer en andere politieke gebeurtenissen.</desc><category></category></programme><programme channel="141430304" start="20221129030000 +0000" stop="20221129050000 +0000" catchup-id="1299584560"><title>Haagse politiek</title><date></date><icon src="https://t-mobiletv.nl:443/CPS/images/universal/film/program/202211/20221122/15/20221122090050541fzz.jpg"></icon><desc>Themazender van de NPO. De zender belicht dagelijks ontwikkelingen in de landelijke politiek inclusief liveverslag van debatten in de Tweede Kamer en andere politieke gebeurtenissen.</desc><category></category></programme><programme channel="141430304" start="20221129050000 +0000" stop="20221129070000 +0000" catchup-id="1299584566"><title>Haagse politiek</title><date></date><icon src="https://t-mobiletv.nl:443/CPS/images/universal/film/program/202211/20221122/20/20221122090050541u0q.jpg"></icon><desc>Themazender van de NPO. De zender belicht dagelijks ontwikkelingen in de landelijke politiek inclusief liveverslag van debatten in de Tweede Kamer en andere politieke gebeurtenissen.</desc><category></category></programme><programme channel="141430304" start="20221129070000 +0000" stop="20221129090000 +0000" catchup-id="1299584572"><title>Haagse politiek</title><date></date><icon src="https://t-mobiletv.nl:443/CPS/images/universal/film/program/202211/20221122/94/20221122090050541sv5.jpg"></icon><desc>Themazender van de NPO. De zender belicht dagelijks ontwikkelingen in de landelijke politiek inclusief liveverslag van debatten in de Tweede Kamer en andere politieke gebeurtenissen.</desc><category></category></programme><programme channel="141430304" start="20221129090000 +0000" stop="20221129110000 +0000" catchup-id="1299584578"><title>Haagse politiek</title><date></date><icon src="https://t-mobiletv.nl:443/CPS/images/universal/film/program/202211/20221122/25/20221122090050541thd.jpg"></icon><desc>Themazender van de NPO. De zender belicht dagelijks ontwikkelingen in de landelijke politiek inclusief liveverslag van debatten in de Tweede Kamer en andere politieke gebeurtenissen.</desc><category></category></programme><programme channel="141430304" start="20221129110000 +0000" stop="20221129130000 +0000" catchup-id="1299584584"><title>Haagse politiek</title><date></date><icon src="https://t-mobiletv.nl:443/CPS/images/universal/film/program/202211/20221122/83/20221122090050541ww0.jpg"></icon><desc>Themazender van de NPO. De zender belicht dagelijks ontwikkelingen in de landelijke politiek inclusief liveverslag van debatten in de Tweede Kamer en andere politieke gebeurtenissen.</desc><category></category></programme><programme channel="141430304" start="20221129130000 +0000" stop="20221129150000 +0000" catchup-id="1299584590"><title>Haagse politiek</title><date></date><icon src="https://t-mobiletv.nl:443/CPS/images/universal/film/program/202211/20221122/99/20221122090050541mtk.jpg"></icon><desc>Themazender van de NPO. De zender belicht dagelijks ontwikkelingen in de landelijke politiek inclusief liveverslag van debatten in de Tweede Kamer en andere politieke gebeurtenissen.</desc><category></category></programme><programme channel="141430304" start="20221129150000 +0000" stop="20221129170000 +0000" catchup-id="1299584596"><title>Haagse politiek</title><date></date><icon src="https://t-mobiletv.nl:443/CPS/images/universal/film/program/202211/20221122/53/20221122090050541zz2.jpg"></icon><desc>Themazender van de NPO. De zender belicht dagelijks ontwikkelingen in de landelijke politiek inclusief liveverslag van debatten in de Tweede Kamer en andere politieke gebeurtenissen.</desc><category></category></programme><programme channel="141430304" start="20221129170000 +0000" stop="20221129180000 +0000" catchup-id="1299584602"><title>Haagse politiek</title><date></date><icon src="https://t-mobiletv.nl:443/CPS/images/universal/film/program/202211/20221122/52/20221122090050541cb3.jpg"></icon><desc>Themazender van de NPO. De zender belicht dagelijks ontwikkelingen in de landelijke politiek inclusief liveverslag van debatten in de Tweede Kamer en andere politieke gebeurtenissen.</desc><category></category></programme><programme channel="141430304" start="20221129180000 +0000" stop="20221129190000 +0000" catchup-id="1299584608"><title>Haagse politiek</title><date></date><icon src="https://t-mobiletv.nl:443/CPS/images/universal/film/program/202211/20221122/58/20221122090050541xrj.jpg"></icon><desc>Themazender van de NPO. De zender belicht dagelijks ontwikkelingen in de landelijke politiek inclusief liveverslag van debatten in de Tweede Kamer en andere politieke gebeurtenissen.</desc><category></category></programme><programme channel="141430304" start="20221129190000 +0000" stop="20221129210000 +0000" catchup-id="1299584614"><title>Haagse politiek</title><date></date><icon src="https://t-mobiletv.nl:443/CPS/images/universal/film/program/202211/20221122/42/20221122090050542c43.jpg"></icon><desc>Themazender van de NPO. De zender belicht dagelijks ontwikkelingen in de landelijke politiek inclusief liveverslag van debatten in de Tweede Kamer en andere politieke gebeurtenissen.</desc><category></category></programme><programme channel="141430304" start="20221129210000 +0000" stop="20221129230000 +0000" catchup-id="1299584620"><title>Haagse politiek</title><date></date><icon src="https://t-mobiletv.nl:443/CPS/images/universal/film/program/202211/20221122/89/2022112209005054242a.jpg"></icon><desc>Themazender van de NPO. De zender belicht dagelijks ontwikkelingen in de landelijke politiek inclusief liveverslag van debatten in de Tweede Kamer en andere politieke gebeurtenissen.</desc><category></category></programme><programme channel="141430304" start="20221129230000 +0000" stop="20221130010000 +0000" catchup-id="1300027525"><title>Haagse politiek</title><date></date><icon src="https://t-mobiletv.nl:443/CPS/images/universal/film/program/202211/20221123/23/20221123090110515lft.jpg"></icon><desc>Themazender van de NPO. De zender belicht dagelijks ontwikkelingen in de landelijke politiek inclusief liveverslag van debatten in de Tweede Kamer en andere politieke gebeurtenissen.</desc><category></category></programme><programme channel="141430304" start="20221130010000 +0000" stop="20221130030000 +0000" catchup-id="1300027531"><title>Haagse politiek</title><date></date><icon src="https://t-mobiletv.nl:443/CPS/images/universal/film/program/202211/20221123/49/202211230901105152f9.jpg"></icon><desc>Themazender van de NPO. De zender belicht dagelijks ontwikkelingen in de landelijke politiek inclusief liveverslag van debatten in de Tweede Kamer en andere politieke gebeurtenissen.</desc><category></category></programme><programme channel="141430304" start="20221130030000 +0000" stop="20221130050000 +0000" catchup-id="1300027537"><title>Haagse politiek</title><date></date><icon src="https://t-mobiletv.nl:443/CPS/images/universal/film/program/202211/20221123/6/20221123090110515xye.jpg"></icon><desc>Themazender van de NPO. De zender belicht dagelijks ontwikkelingen in de landelijke politiek inclusief liveverslag van debatten in de Tweede Kamer en andere politieke gebeurtenissen.</desc><category></category></programme><programme channel="141430304" start="20221130050000 +0000" stop="20221130070000 +0000" catchup-id="1300027543"><title>Haagse politiek</title><date></date><icon src="https://t-mobiletv.nl:443/CPS/images/universal/film/program/202211/20221123/30/202211230901105158ep.jpg"></icon><desc>Themazender van de NPO. De zender belicht dagelijks ontwikkelingen in de landelijke politiek inclusief liveverslag van debatten in de Tweede Kamer en andere politieke gebeurtenissen.</desc><category></category></programme><programme channel="141430304" start="20221130070000 +0000" stop="20221130090000 +0000" catchup-id="1300027549"><title>Haagse politiek</title><date></date><icon src="https://t-mobiletv.nl:443/CPS/images/universal/film/program/202211/20221123/0/20221123090110515ohi.jpg"></icon><desc>Themazender van de NPO. De zender belicht dagelijks ontwikkelingen in de landelijke politiek inclusief liveverslag van debatten in de Tweede Kamer en andere politieke gebeurtenissen.</desc><category></category></programme><programme channel="141430304" start="20221130090000 +0000" stop="20221130110000 +0000" catchup-id="1300027555"><title>Haagse politiek</title><date></date><icon src="https://t-mobiletv.nl:443/CPS/images/universal/film/program/202211/20221123/9/20221123090110515496.jpg"></icon><desc>Themazender van de NPO. De zender belicht dagelijks ontwikkelingen in de landelijke politiek inclusief liveverslag van debatten in de Tweede Kamer en andere politieke gebeurtenissen.</desc><category></category></programme><programme channel="141430304" start="20221130110000 +0000" stop="20221130130000 +0000" catchup-id="1300027561"><title>Haagse politiek</title><date></date><icon src="https://t-mobiletv.nl:443/CPS/images/universal/film/program/202211/20221123/42/20221123090110515ufz.jpg"></icon><desc>Themazender van de NPO. De zender belicht dagelijks ontwikkelingen in de landelijke politiek inclusief liveverslag van debatten in de Tweede Kamer en andere politieke gebeurtenissen.</desc><category></category></programme><programme channel="141430304" start="20221130130000 +0000" stop="20221130150000 +0000" catchup-id="1300027567"><title>Haagse politiek</title><date></date><icon src="https://t-mobiletv.nl:443/CPS/images/universal/film/program/202211/20221123/81/202211230901105156wm.jpg"></icon><desc>Themazender van de NPO. De zender belicht dagelijks ontwikkelingen in de landelijke politiek inclusief liveverslag van debatten in de Tweede Kamer en andere politieke gebeurtenissen.</desc><category></category></programme><programme channel="141430304" start="20221130150000 +0000" stop="20221130170000 +0000" catchup-id="1300027573"><title>Haagse politiek</title><date></date><icon src="https://t-mobiletv.nl:443/CPS/images/universal/film/program/202211/20221123/9/202211230901105158rw.jpg"></icon><desc>Themazender van de NPO. De zender belicht dagelijks ontwikkelingen in de landelijke politiek inclusief liveverslag van debatten in de Tweede Kamer en andere politieke gebeurtenissen.</desc><category></category></programme><programme channel="141430304" start="20221130170000 +0000" stop="20221130180000 +0000" catchup-id="1300027579"><title>Haagse politiek</title><date></date><icon src="https://t-mobiletv.nl:443/CPS/images/universal/film/program/202211/20221123/30/20221123090110515kxt.jpg"></icon><desc>Themazender van de NPO. De zender belicht dagelijks ontwikkelingen in de landelijke politiek inclusief liveverslag van debatten in de Tweede Kamer en andere politieke gebeurtenissen.</desc><category></category></programme><programme channel="141430304" start="20221130180000 +0000" stop="20221130190000 +0000" catchup-id="1300027585"><title>Haagse politiek</title><date></date><icon src="https://t-mobiletv.nl:443/CPS/images/universal/film/program/202211/20221123/16/20221123090110515dpy.jpg"></icon><desc>Themazender van de NPO. De zender belicht dagelijks ontwikkelingen in de landelijke politiek inclusief liveverslag van debatten in de Tweede Kamer en andere politieke gebeurtenissen.</desc><category></category></programme><programme channel="141430304" start="20221130190000 +0000" stop="20221130210000 +0000" catchup-id="1300027591"><title>Haagse politiek</title><date></date><icon src="https://t-mobiletv.nl:443/CPS/images/universal/film/program/202211/20221123/84/20221123090110515qh9.jpg"></icon><desc>Themazender van de NPO. De zender belicht dagelijks ontwikkelingen in de landelijke politiek inclusief liveverslag van debatten in de Tweede Kamer en andere politieke gebeurtenissen.</desc><category></category></programme><programme channel="141430304" start="20221130210000 +0000" stop="20221130230000 +0000" catchup-id="1300027597"><title>Haagse politiek</title><date></date><icon src="https://t-mobiletv.nl:443/CPS/images/universal/film/program/202211/20221123/72/202211230901105158yv.jpg"></icon><desc>Themazender van de NPO. De zender belicht dagelijks ontwikkelingen in de landelijke politiek inclusief liveverslag van debatten in de Tweede Kamer en andere politieke gebeurtenissen.</desc><category></category></programme><programme channel="141430304" start="20221130230000 +0000" stop="20221201010000 +0000" catchup-id="1300442654"><title>Haagse politiek</title><date></date><icon src="https://t-mobiletv.nl:443/CPS/images/universal/film/program/202211/20221124/15/20221124090130518usd.jpg"></icon><desc>Themazender van de NPO. De zender belicht dagelijks ontwikkelingen in de landelijke politiek inclusief liveverslag van debatten in de Tweede Kamer en andere politieke gebeurtenissen.</desc><category></category></programme><programme channel="141430304" start="20221201010000 +0000" stop="20221201030000 +0000" catchup-id="1300442660"><title>Haagse politiek</title><date></date><icon src="https://t-mobiletv.nl:443/CPS/images/universal/film/program/202211/20221124/6/20221124090130518fde.jpg"></icon><desc>Themazender van de NPO. De zender belicht dagelijks ontwikkelingen in de landelijke politiek inclusief liveverslag van debatten in de Tweede Kamer en andere politieke gebeurtenissen.</desc><category></category></programme><programme channel="141430304" start="20221201030000 +0000" stop="20221201050000 +0000" catchup-id="1300442666"><title>Haagse politiek</title><date></date><icon src="https://t-mobiletv.nl:443/CPS/images/universal/film/program/202211/20221124/49/20221124090130518q8j.jpg"></icon><desc>Themazender van de NPO. De zender belicht dagelijks ontwikkelingen in de landelijke politiek inclusief liveverslag van debatten in de Tweede Kamer en andere politieke gebeurtenissen.</desc><category></category></programme><programme channel="141430304" start="20221201050000 +0000" stop="20221201070000 +0000" catchup-id="1300442672"><title>Haagse politiek</title><date></date><icon src="https://t-mobiletv.nl:443/CPS/images/universal/film/program/202211/20221124/91/20221124090130518l43.jpg"></icon><desc>Themazender van de NPO. De zender belicht dagelijks ontwikkelingen in de landelijke politiek inclusief liveverslag van debatten in de Tweede Kamer en andere politieke gebeurtenissen.</desc><category></category></programme><programme channel="141430304" start="20221201070000 +0000" stop="20221201090000 +0000" catchup-id="1300442678"><title>Haagse politiek</title><date></date><icon src="https://t-mobiletv.nl:443/CPS/images/universal/film/program/202211/20221124/26/202211240901305182qr.jpg"></icon><desc>Themazender van de NPO. De zender belicht dagelijks ontwikkelingen in de landelijke politiek inclusief liveverslag van debatten in de Tweede Kamer en andere politieke gebeurtenissen.</desc><category></category></programme><programme channel="141430304" start="20221201090000 +0000" stop="20221201110000 +0000" catchup-id="1300442684"><title>Haagse politiek</title><date></date><icon src="https://t-mobiletv.nl:443/CPS/images/universal/film/program/202211/20221124/94/20221124090130518fn1.jpg"></icon><desc>Themazender van de NPO. De zender belicht dagelijks ontwikkelingen in de landelijke politiek inclusief liveverslag van debatten in de Tweede Kamer en andere politieke gebeurtenissen.</desc><category></category></programme><programme channel="141430304" start="20221201110000 +0000" stop="20221201130000 +0000" catchup-id="1300442690"><title>Haagse politiek</title><date></date><icon src="https://t-mobiletv.nl:443/CPS/images/universal/film/program/202211/20221124/57/20221124090130518mzd.jpg"></icon><desc>Themazender van de NPO. De zender belicht dagelijks ontwikkelingen in de landelijke politiek inclusief liveverslag van debatten in de Tweede Kamer en andere politieke gebeurtenissen.</desc><category></category></programme><programme channel="141430304" start="20221201130000 +0000" stop="20221201150000 +0000" catchup-id="1300442696"><title>Haagse politiek</title><date></date><icon src="https://t-mobiletv.nl:443/CPS/images/universal/film/program/202211/20221124/6/20221124090130518pot.jpg"></icon><desc>Themazender van de NPO. De zender belicht dagelijks ontwikkelingen in de landelijke politiek inclusief liveverslag van debatten in de Tweede Kamer en andere politieke gebeurtenissen.</desc><category></category></programme><programme channel="141430304" start="20221201150000 +0000" stop="20221201170000 +0000" catchup-id="1300442702"><title>Haagse politiek</title><date></date><icon src="https://t-mobiletv.nl:443/CPS/images/universal/film/program/202211/20221124/77/20221124090130518y8w.jpg"></icon><desc>Themazender van de NPO. De zender belicht dagelijks ontwikkelingen in de landelijke politiek inclusief liveverslag van debatten in de Tweede Kamer en andere politieke gebeurtenissen.</desc><category></category></programme><programme channel="141430304" start="20221201170000 +0000" stop="20221201180000 +0000" catchup-id="1300442708"><title>Haagse politiek</title><date></date><icon src="https://t-mobiletv.nl:443/CPS/images/universal/film/program/202211/20221124/10/20221124090130518e6y.jpg"></icon><desc>Themazender van de NPO. De zender belicht dagelijks ontwikkelingen in de landelijke politiek inclusief liveverslag van debatten in de Tweede Kamer en andere politieke gebeurtenissen.</desc><category></category></programme><programme channel="141430304" start="20221201180000 +0000" stop="20221201190000 +0000" catchup-id="1300442714"><title>Haagse politiek</title><date></date><icon src="https://t-mobiletv.nl:443/CPS/images/universal/film/program/202211/20221124/61/20221124090130518z33.jpg"></icon><desc>Themazender van de NPO. De zender belicht dagelijks ontwikkelingen in de landelijke politiek inclusief liveverslag van debatten in de Tweede Kamer en andere politieke gebeurtenissen.</desc><category></category></programme><programme channel="141430304" start="20221201190000 +0000" stop="20221201210000 +0000" catchup-id="1300442720"><title>Haagse politiek</title><date></date><icon src="https://t-mobiletv.nl:443/CPS/images/universal/film/program/202211/20221124/77/202211240901305189pw.jpg"></icon><desc>Themazender van de NPO. De zender belicht dagelijks ontwikkelingen in de landelijke politiek inclusief liveverslag van debatten in de Tweede Kamer en andere politieke gebeurtenissen.</desc><category></category></programme><programme channel="141430304" start="20221201210000 +0000" stop="20221201230000 +0000" catchup-id="1300442726"><title>Haagse politiek</title><date></date><icon src="https://t-mobiletv.nl:443/CPS/images/universal/film/program/202211/20221124/98/2022112409013051830f.jpg"></icon><desc>Themazender van de NPO. De zender belicht dagelijks ontwikkelingen in de landelijke politiek inclusief liveverslag van debatten in de Tweede Kamer en andere politieke gebeurtenissen.</desc><category></category></programme><programme channel="141430304" start="20221201230000 +0000" stop="20221202010000 +0000" catchup-id="1300874781"><title>Haagse politiek</title><date></date><icon src="https://t-mobiletv.nl:443/CPS/images/universal/film/program/202211/20221125/61/202211250901247057j8.jpg"></icon><desc>Themazender van de NPO. De zender belicht dagelijks ontwikkelingen in de landelijke politiek inclusief liveverslag van debatten in de Tweede Kamer en andere politieke gebeurtenissen.</desc><category></category></programme><programme channel="141430304" start="20221202010000 +0000" stop="20221202030000 +0000" catchup-id="1300874787"><title>Haagse politiek</title><date></date><icon src="https://t-mobiletv.nl:443/CPS/images/universal/film/program/202211/20221125/20/20221125090124705u6m.jpg"></icon><desc>Themazender van de NPO. De zender belicht dagelijks ontwikkelingen in de landelijke politiek inclusief liveverslag van debatten in de Tweede Kamer en andere politieke gebeurtenissen.</desc><category></category></programme><programme channel="141430304" start="20221202030000 +0000" stop="20221202050000 +0000" catchup-id="1300875561"><title>Haagse politiek</title><date></date><icon src="https://t-mobiletv.nl:443/CPS/images/universal/film/program/202211/20221125/23/20221125090124705715.jpg"></icon><desc>Themazender van de NPO. De zender belicht dagelijks ontwikkelingen in de landelijke politiek inclusief liveverslag van debatten in de Tweede Kamer en andere politieke gebeurtenissen.</desc><category></category></programme><programme channel="141430304" start="20221202050000 +0000" stop="20221202070000 +0000" catchup-id="1300875567"><title>Haagse politiek</title><date></date><icon src="https://t-mobiletv.nl:443/CPS/images/universal/film/program/202211/20221125/62/20221125090124705g16.jpg"></icon><desc>Themazender van de NPO. De zender belicht dagelijks ontwikkelingen in de landelijke politiek inclusief liveverslag van debatten in de Tweede Kamer en andere politieke gebeurtenissen.</desc><category></category></programme><programme channel="141430304" start="20221202070000 +0000" stop="20221202090000 +0000" catchup-id="1300875573"><title>Haagse politiek</title><date></date><icon src="https://t-mobiletv.nl:443/CPS/images/universal/film/program/202211/20221125/72/20221125090124705qnb.jpg"></icon><desc>Themazender van de NPO. De zender belicht dagelijks ontwikkelingen in de landelijke politiek inclusief liveverslag van debatten in de Tweede Kamer en andere politieke gebeurtenissen.</desc><category></category></programme><programme channel="141430304" start="20221202090000 +0000" stop="20221202110000 +0000" catchup-id="1300875579"><title>Haagse politiek</title><date></date><icon src="https://t-mobiletv.nl:443/CPS/images/universal/film/program/202211/20221125/3/20221125090124705flj.jpg"></icon><desc>Themazender van de NPO. De zender belicht dagelijks ontwikkelingen in de landelijke politiek inclusief liveverslag van debatten in de Tweede Kamer en andere politieke gebeurtenissen.</desc><category></category></programme><programme channel="141430304" start="20221202110000 +0000" stop="20221202130000 +0000" catchup-id="1300875585"><title>Haagse politiek</title><date></date><icon src="https://t-mobiletv.nl:443/CPS/images/universal/film/program/202211/20221125/13/20221125090124705o0l.jpg"></icon><desc>Themazender van de NPO. De zender belicht dagelijks ontwikkelingen in de landelijke politiek inclusief liveverslag van debatten in de Tweede Kamer en andere politieke gebeurtenissen.</desc><category></category></programme><programme channel="141430304" start="20221202130000 +0000" stop="20221202150000 +0000" catchup-id="1300875591"><title>Haagse politiek</title><date></date><icon src="https://t-mobiletv.nl:443/CPS/images/universal/film/program/202211/20221125/7/2022112509012470677r.jpg"></icon><desc>Themazender van de NPO. De zender belicht dagelijks ontwikkelingen in de landelijke politiek inclusief liveverslag van debatten in de Tweede Kamer en andere politieke gebeurtenissen.</desc><category></category></programme><programme channel="141430304" start="20221202150000 +0000" stop="20221202170000 +0000" catchup-id="1300875597"><title>Haagse politiek</title><date></date><icon src="https://t-mobiletv.nl:443/CPS/images/universal/film/program/202211/20221125/64/20221125090124706ht5.jpg"></icon><desc>Themazender van de NPO. De zender belicht dagelijks ontwikkelingen in de landelijke politiek inclusief liveverslag van debatten in de Tweede Kamer en andere politieke gebeurtenissen.</desc><category></category></programme><programme channel="141430304" start="20221202170000 +0000" stop="20221202180000 +0000" catchup-id="1300875603"><title>Haagse politiek</title><date></date><icon src="https://t-mobiletv.nl:443/CPS/images/universal/film/program/202211/20221125/55/20221125090124706vj2.jpg"></icon><desc>Themazender van de NPO. De zender belicht dagelijks ontwikkelingen in de landelijke politiek inclusief liveverslag van debatten in de Tweede Kamer en andere politieke gebeurtenissen.</desc><category></category></programme><programme channel="141430304" start="20221202180000 +0000" stop="20221202190000 +0000" catchup-id="1300875609"><title>Haagse politiek</title><date></date><icon src="https://t-mobiletv.nl:443/CPS/images/universal/film/program/202211/20221125/22/20221125090124706hsb.jpg"></icon><desc>Themazender van de NPO. De zender belicht dagelijks ontwikkelingen in de landelijke politiek inclusief liveverslag van debatten in de Tweede Kamer en andere politieke gebeurtenissen.</desc><category></category></programme><programme channel="141430304" start="20221202190000 +0000" stop="20221202210000 +0000" catchup-id="1300875615"><title>Haagse politiek</title><date></date><icon src="https://t-mobiletv.nl:443/CPS/images/universal/film/program/202211/20221125/39/20221125090124706up2.jpg"></icon><desc>Themazender van de NPO. De zender belicht dagelijks ontwikkelingen in de landelijke politiek inclusief liveverslag van debatten in de Tweede Kamer en andere politieke gebeurtenissen.</desc><category></category></programme><programme channel="141430304" start="20221202210000 +0000" stop="20221202230000 +0000" catchup-id="1300875621"><title>Haagse politiek</title><date></date><icon src="https://t-mobiletv.nl:443/CPS/images/universal/film/program/202211/20221125/91/20221125090124706sfd.jpg"></icon><desc>Themazender van de NPO. De zender belicht dagelijks ontwikkelingen in de landelijke politiek inclusief liveverslag van debatten in de Tweede Kamer en andere politieke gebeurtenissen.</desc><category></category></programme>