<programme channel="141431235" start="20221118170000 +0000" stop="20221118180000 +0000" catchup-id="1295053676"><title>Verzoekparade</title><date></date><icon src="https://t-mobiletv.nl:443/CPS/images/universal/film/program/202211/20221111/46/20221111090120508nah.jpg"></icon><desc>De meest aangevraagde clips van vandaag. Breng je stem uit via verzoekparade.nl en zie jouw favoriete clip morgen bij TV Oranje!</desc><category></category></programme><programme channel="141431235" start="20221118180000 +0000" stop="20221118190000 +0000" catchup-id="1295053682"><title>TV Oranje live</title><date></date><icon src="https://t-mobiletv.nl:443/CPS/images/universal/film/program/202211/20221111/84/20221111090120508pri.jpg"></icon><desc>De beste live optredens van jouw favoriete Nederlandse artiesten.</desc><category></category></programme><programme channel="141431235" start="20221118190000 +0000" stop="20221118200000 +0000" catchup-id="1295053688"><title>Oranje Top 30</title><date></date><icon src="https://t-mobiletv.nl:443/CPS/images/universal/film/program/202211/20221111/96/20221111090120508qfw.jpg"></icon><desc>De 30 populairste nummers van eigen bodem, gebaseerd op gegevens van de media, handel en industrie. Kijk voor de gehele lijst op oranjetop30.nl.</desc><category></category></programme><programme channel="141431235" start="20221118200000 +0000" stop="20221118230000 +0000" catchup-id="1295053694"><title>Borreltijd</title><date></date><icon src="https://t-mobiletv.nl:443/CPS/images/universal/film/program/202211/20221111/76/202211110901205081pm.jpg"></icon><desc>Jouw uitgaansavond begint met deze feestelijke clips, die borrelen van energie.</desc><category></category></programme><programme channel="141431235" start="20221118230000 +0000" stop="20221119040000 +0000" catchup-id="1295461846"><title>Feest in de tent</title><date></date><icon src="https://t-mobiletv.nl:443/CPS/images/universal/film/program/202211/20221112/74/20221112090040512cb1.jpg"></icon><desc>Waar is dat feestje? Hier is dat feestje! De gezelligste clips zie je elk weekend bij TV Oranje.</desc><category></category></programme><programme channel="141431235" start="20221119040000 +0000" stop="20221119060000 +0000" catchup-id="1295461852"><title>De laatste ronde</title><date></date><icon src="https://t-mobiletv.nl:443/CPS/images/universal/film/program/202211/20221112/58/20221112090040512zu2.jpg"></icon><desc>Wie trekt er aan de bel en geeft het laatste rondje? TV Oranje gaat in elk geval door tot het einde.</desc><category></category></programme><programme channel="141431235" start="20221119060000 +0000" stop="20221119070000 +0000" catchup-id="1295461858"><title>Kinderclips</title><date></date><icon src="https://t-mobiletv.nl:443/CPS/images/universal/film/program/202211/20221112/11/20221112090040512u31.jpg"></icon><desc>De leukste kinderclips zie je bij TV Oranje. Zing je mee?</desc><category></category></programme><programme channel="141431235" start="20221119070000 +0000" stop="20221119090000 +0000" catchup-id="1295461864"><title>Wakker in het weekend</title><date></date><icon src="https://t-mobiletv.nl:443/CPS/images/universal/film/program/202211/20221112/2/20221112090040512xz4.jpg"></icon><desc>Ook voor de vroege vogels heeft TV Oranje volop clips van eigen bodem.</desc><category></category></programme><programme channel="141431235" start="20221119090000 +0000" stop="20221119110000 +0000" catchup-id="1295462510"><title>Hit Explosie</title><date></date><icon src="https://t-mobiletv.nl:443/CPS/images/universal/film/program/202211/20221112/48/20221112090040512iyv.jpg"></icon><desc>Een explosie van Nederlandse knallers: de nieuwste clips van eigen bodem zie je in de Hit Explosie op TV Oranje.</desc><category></category></programme><programme channel="141431235" start="20221119110000 +0000" stop="20221119130000 +0000" catchup-id="1295462516"><title>Weekendpauze</title><date></date><icon src="https://t-mobiletv.nl:443/CPS/images/universal/film/program/202211/20221112/57/2022111209004051333y.jpg"></icon><desc>Even helemaal niks anders doen dan genieten van de leukste clips van eigen bodem!</desc><category></category></programme><programme channel="141431235" start="20221119130000 +0000" stop="20221119150000 +0000" catchup-id="1295462522"><title>Groeten uit Holland</title><date></date><icon src="https://t-mobiletv.nl:443/CPS/images/universal/film/program/202211/20221112/8/20221112090040513twb.jpg"></icon><desc>Een muzikale ansichtkaart met de leukste clips van eigen bodem.</desc><category></category></programme><programme channel="141431235" start="20221119150000 +0000" stop="20221119163000 +0000" catchup-id="1295462528"><title>Oranje Top 30</title><date></date><icon src="https://t-mobiletv.nl:443/CPS/images/universal/film/program/202211/20221112/25/202211120900405138t7.jpg"></icon><desc>De 30 populairste nummers van eigen bodem, gebaseerd op gegevens van de media, handel en industrie. Kijk voor de gehele lijst op oranjetop30.nl.</desc><category></category></programme><programme channel="141431235" start="20221119163000 +0000" stop="20221119170000 +0000" catchup-id="1295462534"><title>TV Oranje live</title><date></date><icon src="https://t-mobiletv.nl:443/CPS/images/universal/film/program/202211/20221112/44/20221112090040513ku1.jpg"></icon><desc>De beste live optredens van jouw favoriete Nederlandse artiesten.</desc><category></category></programme><programme channel="141431235" start="20221119170000 +0000" stop="20221119180000 +0000" catchup-id="1295462540"><title>Verzoekparade</title><date></date><icon src="https://t-mobiletv.nl:443/CPS/images/universal/film/program/202211/20221112/15/20221112090040513ndv.jpg"></icon><desc>De meest aangevraagde clips van vandaag. Breng je stem uit via verzoekparade.nl en zie jouw favoriete clip morgen bij TV Oranje!</desc><category></category></programme><programme channel="141431235" start="20221119180000 +0000" stop="20221119190000 +0000" catchup-id="1295462546"><title>TV Oranje klassiekers</title><date></date><icon src="https://t-mobiletv.nl:443/CPS/images/universal/film/program/202211/20221112/62/202211120900405135ez.jpg"></icon><desc>Een selectie van Hollandse hits van weleer uit de archieven van TV Oranje.</desc><category></category></programme><programme channel="141431235" start="20221119190000 +0000" stop="20221119200000 +0000" catchup-id="1295462552"><title>Het uur van...</title><date></date><icon src="https://t-mobiletv.nl:443/CPS/images/universal/film/program/202211/20221112/81/202211120900405135eb.jpg"></icon><desc>Elke zaterdag zie je tussen 19:00 en 20:00 uur op TV Oranje een uur lang non-stop je favoriete artiest.</desc><category></category></programme><programme channel="141431235" start="20221119200000 +0000" stop="20221119230000 +0000" catchup-id="1295462558"><title>Borreltijd</title><date></date><icon src="https://t-mobiletv.nl:443/CPS/images/universal/film/program/202211/20221112/16/20221112090040513o0s.jpg"></icon><desc>Jouw uitgaansavond begint met deze feestelijke clips, die borrelen van energie.</desc><category></category></programme><programme channel="141431235" start="20221119230000 +0000" stop="20221120040000 +0000" catchup-id="1295891387"><title>Feest in de tent</title><date></date><icon src="https://t-mobiletv.nl:443/CPS/images/universal/film/program/202211/20221113/12/2022111309005552230r.jpg"></icon><desc>Waar is dat feestje? Hier is dat feestje! De gezelligste clips zie je elk weekend bij TV Oranje.</desc><category></category></programme><programme channel="141431235" start="20221120040000 +0000" stop="20221120060000 +0000" catchup-id="1295891393"><title>De laatste ronde</title><date></date><icon src="https://t-mobiletv.nl:443/CPS/images/universal/film/program/202211/20221113/62/20221113090055522ofv.jpg"></icon><desc>Wie trekt er aan de bel en geeft het laatste rondje? TV Oranje gaat in elk geval door tot het einde.</desc><category></category></programme><programme channel="141431235" start="20221120060000 +0000" stop="20221120070000 +0000" catchup-id="1295891399"><title>Kinderclips</title><date></date><icon src="https://t-mobiletv.nl:443/CPS/images/universal/film/program/202211/20221113/46/20221113090055522wfm.jpg"></icon><desc>De leukste kinderclips zie je bij TV Oranje. Zing je mee?</desc><category></category></programme><programme channel="141431235" start="20221120070000 +0000" stop="20221120090000 +0000" catchup-id="1295891405"><title>Wakker in het weekend</title><date></date><icon src="https://t-mobiletv.nl:443/CPS/images/universal/film/program/202211/20221113/19/202211130900555228kx.jpg"></icon><desc>Ook voor de vroege vogels heeft TV Oranje volop clips van eigen bodem.</desc><category></category></programme><programme channel="141431235" start="20221120090000 +0000" stop="20221120100000 +0000" catchup-id="1295891411"><title>TV Oranje klassiekers</title><date></date><icon src="https://t-mobiletv.nl:443/CPS/images/universal/film/program/202211/20221113/60/20221113090055522g1g.jpg"></icon><desc>Een selectie van Hollandse hits van weleer uit de archieven van TV Oranje.</desc><category></category></programme><programme channel="141431235" start="20221120100000 +0000" stop="20221120110000 +0000" catchup-id="1295891417"><title>Oranje Top 30</title><date></date><icon src="https://t-mobiletv.nl:443/CPS/images/universal/film/program/202211/20221113/6/20221113090055522dos.jpg"></icon><desc>De 30 populairste nummers van eigen bodem, gebaseerd op gegevens van de media, handel en industrie. Kijk voor de gehele lijst op oranjetop30.nl.</desc><category></category></programme><programme channel="141431235" start="20221120110000 +0000" stop="20221120130000 +0000" catchup-id="1295891423"><title>Weekendpauze</title><date></date><icon src="https://t-mobiletv.nl:443/CPS/images/universal/film/program/202211/20221113/75/2022111309005552312q.jpg"></icon><desc>Even helemaal niks anders doen dan genieten van de leukste clips van eigen bodem!</desc><category></category></programme><programme channel="141431235" start="20221120130000 +0000" stop="20221120150000 +0000" catchup-id="1295891429"><title>Groeten uit Holland</title><date></date><icon src="https://t-mobiletv.nl:443/CPS/images/universal/film/program/202211/20221113/33/20221113090055523khh.jpg"></icon><desc>Een muzikale ansichtkaart met de leukste clips van eigen bodem.</desc><category></category></programme><programme channel="141431235" start="20221120150000 +0000" stop="20221120170000 +0000" catchup-id="1295891435"><title>SchlagerTV</title><date></date><icon src="https://t-mobiletv.nl:443/CPS/images/universal/film/program/202211/20221113/77/202211130900555235ex.jpg"></icon><desc>De gezelligste Duitstalige muziek van onze zusterzender SchlagerTV zie je elke zondag twee uur lang bij TV Oranje!</desc><category></category></programme><programme channel="141431235" start="20221120170000 +0000" stop="20221120180000 +0000" catchup-id="1295891441"><title>Verzoekparade</title><date></date><icon src="https://t-mobiletv.nl:443/CPS/images/universal/film/program/202211/20221113/84/20221113090055523485.jpg"></icon><desc>De meest aangevraagde clips van vandaag. Breng je stem uit via verzoekparade.nl en zie jouw favoriete clip morgen bij TV Oranje!</desc><category></category></programme><programme channel="141431235" start="20221120180000 +0000" stop="20221120210000 +0000" catchup-id="1295891447"><title>Hollandse Hits</title><date></date><icon src="https://t-mobiletv.nl:443/CPS/images/universal/film/program/202211/20221113/55/20221113090055523f5w.jpg"></icon><desc>Een heerlijke mix met Hollandse Hits van toen en nu.</desc><category></category></programme><programme channel="141431235" start="20221120210000 +0000" stop="20221120230000 +0000" catchup-id="1295891453"><title>Voor het slapen</title><date></date><icon src="https://t-mobiletv.nl:443/CPS/images/universal/film/program/202211/20221113/79/20221113090055523cvt.jpg"></icon><desc>Nog even een paar clips van eigen bodem en dan naar bed.</desc><category></category></programme><programme channel="141431235" start="20221120230000 +0000" stop="20221121040000 +0000" catchup-id="1296244608"><title>TV Oranje Nonstop</title><date></date><icon src="https://t-mobiletv.nl:443/CPS/images/universal/film/program/202211/20221114/36/20221114090039729gcp.jpg"></icon><desc>Non-stop de beste muziek van eigen bodem.</desc><category></category></programme><programme channel="141431235" start="20221121040000 +0000" stop="20221121060000 +0000" catchup-id="1296244614"><title>Wakker worden</title><date></date><icon src="https://t-mobiletv.nl:443/CPS/images/universal/film/program/202211/20221114/65/20221114090039729h9j.jpg"></icon><desc>Opstaan met je favoriete artiesten en de beste hits van eigen bodem.</desc><category></category></programme><programme channel="141431235" start="20221121060000 +0000" stop="20221121070000 +0000" catchup-id="1296244620"><title>Kinderclips</title><date></date><icon src="https://t-mobiletv.nl:443/CPS/images/universal/film/program/202211/20221114/59/20221114090039729uf2.jpg"></icon><desc>De leukste kinderclips zie je bij TV Oranje. Zing je mee?</desc><category></category></programme><programme channel="141431235" start="20221121070000 +0000" stop="20221121090000 +0000" catchup-id="1296244626"><title>Koffieclips</title><date></date><icon src="https://t-mobiletv.nl:443/CPS/images/universal/film/program/202211/20221114/42/2022111409003972950o.jpg"></icon><desc>Lekkere muziek van eigen bodem voor bij de koffie.</desc><category></category></programme><programme channel="141431235" start="20221121090000 +0000" stop="20221121110000 +0000" catchup-id="1296244632"><title>Aan het werk</title><date></date><icon src="https://t-mobiletv.nl:443/CPS/images/universal/film/program/202211/20221114/5/20221114090039729k0r.jpg"></icon><desc>Lekker aan de slag met muziek van eigen bodem.</desc><category></category></programme><programme channel="141431235" start="20221121110000 +0000" stop="20221121130000 +0000" catchup-id="1296244638"><title>Middagpauze</title><date></date><icon src="https://t-mobiletv.nl:443/CPS/images/universal/film/program/202211/20221114/45/20221114090039729ee5.jpg"></icon><desc>TV Oranje maakt jouw lunchpauze compleet met smakelijke muziek van eigen bodem.</desc><category></category></programme><programme channel="141431235" start="20221121130000 +0000" stop="20221121150000 +0000" catchup-id="1296244644"><title>Heel Hollands</title><date></date><icon src="https://t-mobiletv.nl:443/CPS/images/universal/film/program/202211/20221114/0/20221114090039729td4.jpg"></icon><desc>Alleen maar muziek van eigen bodem, daarvoor moet je natuurlijk bij TV Oranje zijn!</desc><category></category></programme><programme channel="141431235" start="20221121150000 +0000" stop="20221121170000 +0000" catchup-id="1296244842"><title>Tijd voor thuis</title><date></date><icon src="https://t-mobiletv.nl:443/CPS/images/universal/film/program/202211/20221114/94/20221114090039729aq5.jpg"></icon><desc>Voel je helemaal thuis met deze heerlijke muziek van eigen bodem.</desc><category></category></programme><programme channel="141431235" start="20221121170000 +0000" stop="20221121180000 +0000" catchup-id="1296244848"><title>Verzoekparade</title><date></date><icon src="https://t-mobiletv.nl:443/CPS/images/universal/film/program/202211/20221114/83/20221114090039729slx.jpg"></icon><desc>De meest aangevraagde clips van vandaag. Breng je stem uit via verzoekparade.nl en zie jouw favoriete clip morgen bij TV Oranje!</desc><category></category></programme><programme channel="141431235" start="20221121180000 +0000" stop="20221121210000 +0000" catchup-id="1296244854"><title>Hollandse Hits</title><date></date><icon src="https://t-mobiletv.nl:443/CPS/images/universal/film/program/202211/20221114/5/20221114090039729u3b.jpg"></icon><desc>Een heerlijke mix met Hollandse Hits van toen en nu.</desc><category></category></programme><programme channel="141431235" start="20221121210000 +0000" stop="20221121230000 +0000" catchup-id="1296244860"><title>Voor het slapen</title><date></date><icon src="https://t-mobiletv.nl:443/CPS/images/universal/film/program/202211/20221114/35/20221114090039729was.jpg"></icon><desc>Nog even een paar clips van eigen bodem en dan naar bed.</desc><category></category></programme><programme channel="141431235" start="20221121230000 +0000" stop="20221122040000 +0000" catchup-id="1296685846"><title>TV Oranje Nonstop</title><date></date><icon src="https://t-mobiletv.nl:443/CPS/images/universal/film/program/202211/20221115/21/20221115090059880hnr.jpg"></icon><desc>Non-stop de beste muziek van eigen bodem.</desc><category></category></programme><programme channel="141431235" start="20221122040000 +0000" stop="20221122060000 +0000" catchup-id="1296685852"><title>Wakker worden</title><date></date><icon src="https://t-mobiletv.nl:443/CPS/images/universal/film/program/202211/20221115/30/20221115090059881d52.jpg"></icon><desc>Opstaan met je favoriete artiesten en de beste hits van eigen bodem.</desc><category></category></programme><programme channel="141431235" start="20221122060000 +0000" stop="20221122070000 +0000" catchup-id="1296685858"><title>Kinderclips</title><date></date><icon src="https://t-mobiletv.nl:443/CPS/images/universal/film/program/202211/20221115/99/20221115090059881q4b.jpg"></icon><desc>De leukste kinderclips zie je bij TV Oranje. Zing je mee?</desc><category></category></programme><programme channel="141431235" start="20221122070000 +0000" stop="20221122090000 +0000" catchup-id="1296685864"><title>Koffieclips</title><date></date><icon src="https://t-mobiletv.nl:443/CPS/images/universal/film/program/202211/20221115/52/20221115090059881xbt.jpg"></icon><desc>Lekkere muziek van eigen bodem voor bij de koffie.</desc><category></category></programme><programme channel="141431235" start="20221122090000 +0000" stop="20221122110000 +0000" catchup-id="1296690734"><title>Aan het werk</title><date></date><icon src="https://t-mobiletv.nl:443/CPS/images/universal/film/program/202211/20221115/52/20221115090059881dzk.jpg"></icon><desc>Lekker aan de slag met muziek van eigen bodem.</desc><category></category></programme><programme channel="141431235" start="20221122110000 +0000" stop="20221122130000 +0000" catchup-id="1296690740"><title>Middagpauze</title><date></date><icon src="https://t-mobiletv.nl:443/CPS/images/universal/film/program/202211/20221115/5/20221115090059881874.jpg"></icon><desc>TV Oranje maakt jouw lunchpauze compleet met smakelijke muziek van eigen bodem.</desc><category></category></programme><programme channel="141431235" start="20221122130000 +0000" stop="20221122150000 +0000" catchup-id="1296690746"><title>Heel Hollands</title><date></date><icon src="https://t-mobiletv.nl:443/CPS/images/universal/film/program/202211/20221115/77/202211150900598816am.jpg"></icon><desc>Alleen maar muziek van eigen bodem, daarvoor moet je natuurlijk bij TV Oranje zijn!</desc><category></category></programme><programme channel="141431235" start="20221122150000 +0000" stop="20221122170000 +0000" catchup-id="1296690752"><title>Tijd voor thuis</title><date></date><icon src="https://t-mobiletv.nl:443/CPS/images/universal/film/program/202211/20221115/29/20221115090059881ab5.jpg"></icon><desc>Voel je helemaal thuis met deze heerlijke muziek van eigen bodem.</desc><category></category></programme><programme channel="141431235" start="20221122170000 +0000" stop="20221122180000 +0000" catchup-id="1296690758"><title>Verzoekparade</title><date></date><icon src="https://t-mobiletv.nl:443/CPS/images/universal/film/program/202211/20221115/89/20221115090059881o4u.jpg"></icon><desc>De meest aangevraagde clips van vandaag. Breng je stem uit via verzoekparade.nl en zie jouw favoriete clip morgen bij TV Oranje!</desc><category></category></programme><programme channel="141431235" start="20221122180000 +0000" stop="20221122210000 +0000" catchup-id="1296690764"><title>Hollandse Hits</title><date></date><icon src="https://t-mobiletv.nl:443/CPS/images/universal/film/program/202211/20221115/67/20221115090059881wrk.jpg"></icon><desc>Een heerlijke mix met Hollandse Hits van toen en nu.</desc><category></category></programme><programme channel="141431235" start="20221122210000 +0000" stop="20221122230000 +0000" catchup-id="1296690770"><title>Voor het slapen</title><date></date><icon src="https://t-mobiletv.nl:443/CPS/images/universal/film/program/202211/20221115/47/20221115090059881s4r.jpg"></icon><desc>Nog even een paar clips van eigen bodem en dan naar bed.</desc><category></category></programme><programme channel="141431235" start="20221122230000 +0000" stop="20221123040000 +0000" catchup-id="1297096704"><title>TV Oranje Nonstop</title><date></date><icon src="https://t-mobiletv.nl:443/CPS/images/universal/film/program/202211/20221116/91/20221116090045524hde.jpg"></icon><desc>Non-stop de beste muziek van eigen bodem.</desc><category></category></programme><programme channel="141431235" start="20221123040000 +0000" stop="20221123060000 +0000" catchup-id="1297096710"><title>Wakker worden</title><date></date><icon src="https://t-mobiletv.nl:443/CPS/images/universal/film/program/202211/20221116/30/202211160900455248y3.jpg"></icon><desc>Opstaan met je favoriete artiesten en de beste hits van eigen bodem.</desc><category></category></programme><programme channel="141431235" start="20221123060000 +0000" stop="20221123070000 +0000" catchup-id="1297096716"><title>Kinderclips</title><date></date><icon src="https://t-mobiletv.nl:443/CPS/images/universal/film/program/202211/20221116/61/20221116090045524ki3.jpg"></icon><desc>De leukste kinderclips zie je bij TV Oranje. Zing je mee?</desc><category></category></programme><programme channel="141431235" start="20221123070000 +0000" stop="20221123090000 +0000" catchup-id="1297096722"><title>Koffieclips</title><date></date><icon src="https://t-mobiletv.nl:443/CPS/images/universal/film/program/202211/20221116/64/20221116090045524dbn.jpg"></icon><desc>Lekkere muziek van eigen bodem voor bij de koffie.</desc><category></category></programme><programme channel="141431235" start="20221123090000 +0000" stop="20221123110000 +0000" catchup-id="1297096728"><title>Aan het werk</title><date></date><icon src="https://t-mobiletv.nl:443/CPS/images/universal/film/program/202211/20221116/24/20221116090045524hbo.jpg"></icon><desc>Lekker aan de slag met muziek van eigen bodem.</desc><category></category></programme><programme channel="141431235" start="20221123110000 +0000" stop="20221123130000 +0000" catchup-id="1297096734"><title>Middagpauze</title><date></date><icon src="https://t-mobiletv.nl:443/CPS/images/universal/film/program/202211/20221116/76/20221116090045524254.jpg"></icon><desc>TV Oranje maakt jouw lunchpauze compleet met smakelijke muziek van eigen bodem.</desc><category></category></programme><programme channel="141431235" start="20221123130000 +0000" stop="20221123150000 +0000" catchup-id="1297096740"><title>Heel Hollands</title><date></date><icon src="https://t-mobiletv.nl:443/CPS/images/universal/film/program/202211/20221116/43/20221116090045524zy9.jpg"></icon><desc>Alleen maar muziek van eigen bodem, daarvoor moet je natuurlijk bij TV Oranje zijn!</desc><category></category></programme><programme channel="141431235" start="20221123150000 +0000" stop="20221123170000 +0000" catchup-id="1297097386"><title>Tijd voor thuis</title><date></date><icon src="https://t-mobiletv.nl:443/CPS/images/universal/film/program/202211/20221116/62/20221116090045524qpj.jpg"></icon><desc>Voel je helemaal thuis met deze heerlijke muziek van eigen bodem.</desc><category></category></programme><programme channel="141431235" start="20221123170000 +0000" stop="20221123180000 +0000" catchup-id="1297097392"><title>Verzoekparade</title><date></date><icon src="https://t-mobiletv.nl:443/CPS/images/universal/film/program/202211/20221116/64/20221116090045524p9i.jpg"></icon><desc>De meest aangevraagde clips van vandaag. Breng je stem uit via verzoekparade.nl en zie jouw favoriete clip morgen bij TV Oranje!</desc><category></category></programme><programme channel="141431235" start="20221123180000 +0000" stop="20221123210000 +0000" catchup-id="1297097398"><title>Hollandse Hits</title><date></date><icon src="https://t-mobiletv.nl:443/CPS/images/universal/film/program/202211/20221116/69/202211160900455243zd.jpg"></icon><desc>Een heerlijke mix met Hollandse Hits van toen en nu.</desc><category></category></programme><programme channel="141431235" start="20221123210000 +0000" stop="20221123230000 +0000" catchup-id="1297097404"><title>Voor het slapen</title><date></date><icon src="https://t-mobiletv.nl:443/CPS/images/universal/film/program/202211/20221116/68/202211160900455243ar.jpg"></icon><desc>Nog even een paar clips van eigen bodem en dan naar bed.</desc><category></category></programme><programme channel="141431235" start="20221123230000 +0000" stop="20221124040000 +0000" catchup-id="1297567919"><title>TV Oranje Nonstop</title><date></date><icon src="https://t-mobiletv.nl:443/CPS/images/universal/film/program/202211/20221117/83/20221117090105514yrn.jpg"></icon><desc>Non-stop de beste muziek van eigen bodem.</desc><category></category></programme><programme channel="141431235" start="20221124040000 +0000" stop="20221124060000 +0000" catchup-id="1297567925"><title>Wakker worden</title><date></date><icon src="https://t-mobiletv.nl:443/CPS/images/universal/film/program/202211/20221117/39/20221117090105514rwg.jpg"></icon><desc>Opstaan met je favoriete artiesten en de beste hits van eigen bodem.</desc><category></category></programme><programme channel="141431235" start="20221124060000 +0000" stop="20221124070000 +0000" catchup-id="1297567931"><title>Kinderclips</title><date></date><icon src="https://t-mobiletv.nl:443/CPS/images/universal/film/program/202211/20221117/91/20221117090105514g3d.jpg"></icon><desc>De leukste kinderclips zie je bij TV Oranje. Zing je mee?</desc><category></category></programme><programme channel="141431235" start="20221124070000 +0000" stop="20221124090000 +0000" catchup-id="1297567937"><title>Koffieclips</title><date></date><icon src="https://t-mobiletv.nl:443/CPS/images/universal/film/program/202211/20221117/17/20221117090105514c3j.jpg"></icon><desc>Lekkere muziek van eigen bodem voor bij de koffie.</desc><category></category></programme><programme channel="141431235" start="20221124090000 +0000" stop="20221124110000 +0000" catchup-id="1297567943"><title>Aan het werk</title><date></date><icon src="https://t-mobiletv.nl:443/CPS/images/universal/film/program/202211/20221117/97/20221117090105514t5f.jpg"></icon><desc>Lekker aan de slag met muziek van eigen bodem.</desc><category></category></programme><programme channel="141431235" start="20221124110000 +0000" stop="20221124130000 +0000" catchup-id="1297567949"><title>Middagpauze</title><date></date><icon src="https://t-mobiletv.nl:443/CPS/images/universal/film/program/202211/20221117/41/20221117090105514k2l.jpg"></icon><desc>TV Oranje maakt jouw lunchpauze compleet met smakelijke muziek van eigen bodem.</desc><category></category></programme><programme channel="141431235" start="20221124130000 +0000" stop="20221124150000 +0000" catchup-id="1297567955"><title>Heel Hollands</title><date></date><icon src="https://t-mobiletv.nl:443/CPS/images/universal/film/program/202211/20221117/17/20221117090105514rst.jpg"></icon><desc>Alleen maar muziek van eigen bodem, daarvoor moet je natuurlijk bij TV Oranje zijn!</desc><category></category></programme><programme channel="141431235" start="20221124150000 +0000" stop="20221124170000 +0000" catchup-id="1297567961"><title>Tijd voor thuis</title><date></date><icon src="https://t-mobiletv.nl:443/CPS/images/universal/film/program/202211/20221117/89/20221117090105514v67.jpg"></icon><desc>Voel je helemaal thuis met deze heerlijke muziek van eigen bodem.</desc><category></category></programme><programme channel="141431235" start="20221124170000 +0000" stop="20221124180000 +0000" catchup-id="1297567967"><title>Verzoekparade</title><date></date><icon src="https://t-mobiletv.nl:443/CPS/images/universal/film/program/202211/20221117/56/20221117090105514iwt.jpg"></icon><desc>De meest aangevraagde clips van vandaag. Breng je stem uit via verzoekparade.nl en zie jouw favoriete clip morgen bij TV Oranje!</desc><category></category></programme><programme channel="141431235" start="20221124180000 +0000" stop="20221124210000 +0000" catchup-id="1297567973"><title>Hollandse Hits</title><date></date><icon src="https://t-mobiletv.nl:443/CPS/images/universal/film/program/202211/20221117/56/20221117090105515ee5.jpg"></icon><desc>Een heerlijke mix met Hollandse Hits van toen en nu.</desc><category></category></programme><programme channel="141431235" start="20221124210000 +0000" stop="20221124230000 +0000" catchup-id="1297568555"><title>Voor het slapen</title><date></date><icon src="https://t-mobiletv.nl:443/CPS/images/universal/film/program/202211/20221117/32/20221117090105515lj8.jpg"></icon><desc>Nog even een paar clips van eigen bodem en dan naar bed.</desc><category></category></programme><programme channel="141431235" start="20221124230000 +0000" stop="20221125040000 +0000" catchup-id="1298012513"><title>TV Oranje Nonstop</title><date></date><icon src="https://t-mobiletv.nl:443/CPS/images/universal/film/program/202211/20221118/36/20221118090125512axp.jpg"></icon><desc>Non-stop de beste muziek van eigen bodem.</desc><category></category></programme><programme channel="141431235" start="20221125040000 +0000" stop="20221125060000 +0000" catchup-id="1298012519"><title>Wakker worden</title><date></date><icon src="https://t-mobiletv.nl:443/CPS/images/universal/film/program/202211/20221118/12/202211180901255121ld.jpg"></icon><desc>Opstaan met je favoriete artiesten en de beste hits van eigen bodem.</desc><category></category></programme><programme channel="141431235" start="20221125060000 +0000" stop="20221125070000 +0000" catchup-id="1298012525"><title>Kinderclips</title><date></date><icon src="https://t-mobiletv.nl:443/CPS/images/universal/film/program/202211/20221118/7/20221118090125512qs9.jpg"></icon><desc>De leukste kinderclips zie je bij TV Oranje. Zing je mee?</desc><category></category></programme><programme channel="141431235" start="20221125070000 +0000" stop="20221125090000 +0000" catchup-id="1298012531"><title>Koffieclips</title><date></date><icon src="https://t-mobiletv.nl:443/CPS/images/universal/film/program/202211/20221118/98/20221118090125512we1.jpg"></icon><desc>Lekkere muziek van eigen bodem voor bij de koffie.</desc><category></category></programme><programme channel="141431235" start="20221125090000 +0000" stop="20221125110000 +0000" catchup-id="1298012537"><title>Aan het werk</title><date></date><icon src="https://t-mobiletv.nl:443/CPS/images/universal/film/program/202211/20221118/24/202211180901255122ba.jpg"></icon><desc>Lekker aan de slag met muziek van eigen bodem.</desc><category></category></programme><programme channel="141431235" start="20221125110000 +0000" stop="20221125130000 +0000" catchup-id="1298012543"><title>Middagpauze</title><date></date><icon src="https://t-mobiletv.nl:443/CPS/images/universal/film/program/202211/20221118/76/20221118090125512qpr.jpg"></icon><desc>TV Oranje maakt jouw lunchpauze compleet met smakelijke muziek van eigen bodem.</desc><category></category></programme><programme channel="141431235" start="20221125130000 +0000" stop="20221125150000 +0000" catchup-id="1298012549"><title>Heel Hollands</title><date></date><icon src="https://t-mobiletv.nl:443/CPS/images/universal/film/program/202211/20221118/82/20221118090125512l41.jpg"></icon><desc>Alleen maar muziek van eigen bodem, daarvoor moet je natuurlijk bij TV Oranje zijn!</desc><category></category></programme><programme channel="141431235" start="20221125150000 +0000" stop="20221125170000 +0000" catchup-id="1298012555"><title>Tijd voor thuis</title><date></date><icon src="https://t-mobiletv.nl:443/CPS/images/universal/film/program/202211/20221118/67/20221118090125512zpp.jpg"></icon><desc>Voel je helemaal thuis met deze heerlijke muziek van eigen bodem.</desc><category></category></programme><programme channel="141431235" start="20221125170000 +0000" stop="20221125180000 +0000" catchup-id="1298012561"><title>Verzoekparade</title><date></date><icon src="https://t-mobiletv.nl:443/CPS/images/universal/film/program/202211/20221118/74/20221118090125512ght.jpg"></icon><desc>De meest aangevraagde clips van vandaag. Breng je stem uit via verzoekparade.nl en zie jouw favoriete clip morgen bij TV Oranje!</desc><category></category></programme><programme channel="141431235" start="20221125180000 +0000" stop="20221125190000 +0000" catchup-id="1298012567"><title>TV Oranje live</title><date></date><icon src="https://t-mobiletv.nl:443/CPS/images/universal/film/program/202211/20221118/60/20221118090125512dez.jpg"></icon><desc>De beste live optredens van jouw favoriete Nederlandse artiesten.</desc><category></category></programme><programme channel="141431235" start="20221125190000 +0000" stop="20221125200000 +0000" catchup-id="1298012573"><title>Oranje Top 30</title><date></date><icon src="https://t-mobiletv.nl:443/CPS/images/universal/film/program/202211/20221118/17/20221118090125512ld3.jpg"></icon><desc>De 30 populairste nummers van eigen bodem, gebaseerd op gegevens van de media, handel en industrie. Kijk voor de gehele lijst op oranjetop30.nl.</desc><category></category></programme><programme channel="141431235" start="20221125200000 +0000" stop="20221125230000 +0000" catchup-id="1298012579"><title>Borreltijd</title><date></date><icon src="https://t-mobiletv.nl:443/CPS/images/universal/film/program/202211/20221118/50/20221118090125512e1o.jpg"></icon><desc>Jouw uitgaansavond begint met deze feestelijke clips, die borrelen van energie.</desc><category></category></programme><programme channel="141431235" start="20221125230000 +0000" stop="20221126040000 +0000" catchup-id="1298398375"><title>Feest in de tent</title><date></date><icon src="https://t-mobiletv.nl:443/CPS/images/universal/film/program/202211/20221119/6/20221119090055511ssj.jpg"></icon><desc>Waar is dat feestje? Hier is dat feestje! De gezelligste clips zie je elk weekend bij TV Oranje.</desc><category></category></programme><programme channel="141431235" start="20221126040000 +0000" stop="20221126060000 +0000" catchup-id="1298398381"><title>De laatste ronde</title><date></date><icon src="https://t-mobiletv.nl:443/CPS/images/universal/film/program/202211/20221119/44/20221119090055511ulf.jpg"></icon><desc>Wie trekt er aan de bel en geeft het laatste rondje? TV Oranje gaat in elk geval door tot het einde.</desc><category></category></programme><programme channel="141431235" start="20221126060000 +0000" stop="20221126070000 +0000" catchup-id="1298398387"><title>Kinderclips</title><date></date><icon src="https://t-mobiletv.nl:443/CPS/images/universal/film/program/202211/20221119/11/20221119090055511j4u.jpg"></icon><desc>De leukste kinderclips zie je bij TV Oranje. Zing je mee?</desc><category></category></programme><programme channel="141431235" start="20221126070000 +0000" stop="20221126090000 +0000" catchup-id="1298398393"><title>Wakker in het weekend</title><date></date><icon src="https://t-mobiletv.nl:443/CPS/images/universal/film/program/202211/20221119/60/20221119090055511agd.jpg"></icon><desc>Ook voor de vroege vogels heeft TV Oranje volop clips van eigen bodem.</desc><category></category></programme><programme channel="141431235" start="20221126090000 +0000" stop="20221126110000 +0000" catchup-id="1298398399"><title>Hit Explosie</title><date></date><icon src="https://t-mobiletv.nl:443/CPS/images/universal/film/program/202211/20221119/34/20221119090055511ww8.jpg"></icon><desc>Een explosie van Nederlandse knallers: de nieuwste clips van eigen bodem zie je in de Hit Explosie op TV Oranje.</desc><category></category></programme><programme channel="141431235" start="20221126110000 +0000" stop="20221126130000 +0000" catchup-id="1298398405"><title>Weekendpauze</title><date></date><icon src="https://t-mobiletv.nl:443/CPS/images/universal/film/program/202211/20221119/17/20221119090055511yem.jpg"></icon><desc>Even helemaal niks anders doen dan genieten van de leukste clips van eigen bodem!</desc><category></category></programme><programme channel="141431235" start="20221126130000 +0000" stop="20221126150000 +0000" catchup-id="1298398411"><title>Groeten uit Holland</title><date></date><icon src="https://t-mobiletv.nl:443/CPS/images/universal/film/program/202211/20221119/15/20221119090055511lue.jpg"></icon><desc>Een muzikale ansichtkaart met de leukste clips van eigen bodem.</desc><category></category></programme><programme channel="141431235" start="20221126150000 +0000" stop="20221126163000 +0000" catchup-id="1298398417"><title>Oranje Top 30</title><date></date><icon src="https://t-mobiletv.nl:443/CPS/images/universal/film/program/202211/20221119/63/20221119090055511vgj.jpg"></icon><desc>De 30 populairste nummers van eigen bodem, gebaseerd op gegevens van de media, handel en industrie. Kijk voor de gehele lijst op oranjetop30.nl.</desc><category></category></programme><programme channel="141431235" start="20221126163000 +0000" stop="20221126170000 +0000" catchup-id="1298398423"><title>TV Oranje live</title><date></date><icon src="https://t-mobiletv.nl:443/CPS/images/universal/film/program/202211/20221119/51/202211190900555115tv.jpg"></icon><desc>De beste live optredens van jouw favoriete Nederlandse artiesten.</desc><category></category></programme><programme channel="141431235" start="20221126170000 +0000" stop="20221126180000 +0000" catchup-id="1298398429"><title>Verzoekparade</title><date></date><icon src="https://t-mobiletv.nl:443/CPS/images/universal/film/program/202211/20221119/19/202211190900555115ko.jpg"></icon><desc>De meest aangevraagde clips van vandaag. Breng je stem uit via verzoekparade.nl en zie jouw favoriete clip morgen bij TV Oranje!</desc><category></category></programme><programme channel="141431235" start="20221126180000 +0000" stop="20221126190000 +0000" catchup-id="1298398435"><title>TV Oranje klassiekers</title><date></date><icon src="https://t-mobiletv.nl:443/CPS/images/universal/film/program/202211/20221119/42/20221119090055511a3g.jpg"></icon><desc>Een selectie van Hollandse hits van weleer uit de archieven van TV Oranje.</desc><category></category></programme><programme channel="141431235" start="20221126190000 +0000" stop="20221126200000 +0000" catchup-id="1298398441"><title>Het uur van...</title><date></date><icon src="https://t-mobiletv.nl:443/CPS/images/universal/film/program/202211/20221119/35/20221119090055512bqk.jpg"></icon><desc>Elke zaterdag zie je tussen 19:00 en 20:00 uur op TV Oranje een uur lang non-stop je favoriete artiest.</desc><category></category></programme><programme channel="141431235" start="20221126200000 +0000" stop="20221126230000 +0000" catchup-id="1298398447"><title>Borreltijd</title><date></date><icon src="https://t-mobiletv.nl:443/CPS/images/universal/film/program/202211/20221119/25/20221119090055512ef9.jpg"></icon><desc>Jouw uitgaansavond begint met deze feestelijke clips, die borrelen van energie.</desc><category></category></programme><programme channel="141431235" start="20221126230000 +0000" stop="20221127040000 +0000" catchup-id="1298829901"><title>Feest in de tent</title><date></date><icon src="https://t-mobiletv.nl:443/CPS/images/universal/film/program/202211/20221120/91/20221120090115513kz6.jpg"></icon><desc>Waar is dat feestje? Hier is dat feestje! De gezelligste clips zie je elk weekend bij TV Oranje.</desc><category></category></programme><programme channel="141431235" start="20221127040000 +0000" stop="20221127060000 +0000" catchup-id="1298829907"><title>De laatste ronde</title><date></date><icon src="https://t-mobiletv.nl:443/CPS/images/universal/film/program/202211/20221120/96/20221120090115513gs5.jpg"></icon><desc>Wie trekt er aan de bel en geeft het laatste rondje? TV Oranje gaat in elk geval door tot het einde.</desc><category></category></programme><programme channel="141431235" start="20221127060000 +0000" stop="20221127070000 +0000" catchup-id="1298829913"><title>Kinderclips</title><date></date><icon src="https://t-mobiletv.nl:443/CPS/images/universal/film/program/202211/20221120/17/20221120090115513v85.jpg"></icon><desc>De leukste kinderclips zie je bij TV Oranje. Zing je mee?</desc><category></category></programme><programme channel="141431235" start="20221127070000 +0000" stop="20221127090000 +0000" catchup-id="1298829919"><title>Wakker in het weekend</title><date></date><icon src="https://t-mobiletv.nl:443/CPS/images/universal/film/program/202211/20221120/93/20221120090115513syy.jpg"></icon><desc>Ook voor de vroege vogels heeft TV Oranje volop clips van eigen bodem.</desc><category></category></programme><programme channel="141431235" start="20221127090000 +0000" stop="20221127100000 +0000" catchup-id="1298829925"><title>TV Oranje klassiekers</title><date></date><icon src="https://t-mobiletv.nl:443/CPS/images/universal/film/program/202211/20221120/63/20221120090115513enf.jpg"></icon><desc>Een selectie van Hollandse hits van weleer uit de archieven van TV Oranje.</desc><category></category></programme><programme channel="141431235" start="20221127100000 +0000" stop="20221127110000 +0000" catchup-id="1298830251"><title>Oranje Top 30</title><date></date><icon src="https://t-mobiletv.nl:443/CPS/images/universal/film/program/202211/20221120/39/2022112009011551435g.jpg"></icon><desc>De 30 populairste nummers van eigen bodem, gebaseerd op gegevens van de media, handel en industrie. Kijk voor de gehele lijst op oranjetop30.nl.</desc><category></category></programme><programme channel="141431235" start="20221127110000 +0000" stop="20221127130000 +0000" catchup-id="1298830257"><title>Weekendpauze</title><date></date><icon src="https://t-mobiletv.nl:443/CPS/images/universal/film/program/202211/20221120/45/20221120090115514dso.jpg"></icon><desc>Even helemaal niks anders doen dan genieten van de leukste clips van eigen bodem!</desc><category></category></programme><programme channel="141431235" start="20221127130000 +0000" stop="20221127150000 +0000" catchup-id="1298830263"><title>Groeten uit Holland</title><date></date><icon src="https://t-mobiletv.nl:443/CPS/images/universal/film/program/202211/20221120/86/202211200901155147ap.jpg"></icon><desc>Een muzikale ansichtkaart met de leukste clips van eigen bodem.</desc><category></category></programme><programme channel="141431235" start="20221127150000 +0000" stop="20221127170000 +0000" catchup-id="1298830269"><title>SchlagerTV</title><date></date><icon src="https://t-mobiletv.nl:443/CPS/images/universal/film/program/202211/20221120/11/20221120090115514tid.jpg"></icon><desc>De gezelligste Duitstalige muziek van onze zusterzender SchlagerTV zie je elke zondag twee uur lang bij TV Oranje!</desc><category></category></programme><programme channel="141431235" start="20221127170000 +0000" stop="20221127180000 +0000" catchup-id="1298830275"><title>Verzoekparade</title><date></date><icon src="https://t-mobiletv.nl:443/CPS/images/universal/film/program/202211/20221120/97/20221120090115514dtk.jpg"></icon><desc>De meest aangevraagde clips van vandaag. Breng je stem uit via verzoekparade.nl en zie jouw favoriete clip morgen bij TV Oranje!</desc><category></category></programme><programme channel="141431235" start="20221127180000 +0000" stop="20221127210000 +0000" catchup-id="1298830281"><title>Hollandse Hits</title><date></date><icon src="https://t-mobiletv.nl:443/CPS/images/universal/film/program/202211/20221120/99/20221120090115514o3s.jpg"></icon><desc>Een heerlijke mix met Hollandse Hits van toen en nu.</desc><category></category></programme><programme channel="141431235" start="20221127210000 +0000" stop="20221127230000 +0000" catchup-id="1298830287"><title>Voor het slapen</title><date></date><icon src="https://t-mobiletv.nl:443/CPS/images/universal/film/program/202211/20221120/22/20221120090115514c2j.jpg"></icon><desc>Nog even een paar clips van eigen bodem en dan naar bed.</desc><category></category></programme><programme channel="141431235" start="20221127230000 +0000" stop="20221128040000 +0000" catchup-id="1299200305"><title>TV Oranje Nonstop</title><date></date><icon src="https://t-mobiletv.nl:443/CPS/images/universal/film/program/202211/20221121/56/20221121090054704e7j.jpg"></icon><desc>Non-stop de beste muziek van eigen bodem.</desc><category></category></programme><programme channel="141431235" start="20221128040000 +0000" stop="20221128060000 +0000" catchup-id="1299200311"><title>Wakker worden</title><date></date><icon src="https://t-mobiletv.nl:443/CPS/images/universal/film/program/202211/20221121/29/20221121090054704ptv.jpg"></icon><desc>Opstaan met je favoriete artiesten en de beste hits van eigen bodem.</desc><category></category></programme><programme channel="141431235" start="20221128060000 +0000" stop="20221128070000 +0000" catchup-id="1299200317"><title>Kinderclips</title><date></date><icon src="https://t-mobiletv.nl:443/CPS/images/universal/film/program/202211/20221121/29/20221121090054704jn7.jpg"></icon><desc>De leukste kinderclips zie je bij TV Oranje. Zing je mee?</desc><category></category></programme><programme channel="141431235" start="20221128070000 +0000" stop="20221128090000 +0000" catchup-id="1299200323"><title>Koffieclips</title><date></date><icon src="https://t-mobiletv.nl:443/CPS/images/universal/film/program/202211/20221121/84/202211210900547049ts.jpg"></icon><desc>Lekkere muziek van eigen bodem voor bij de koffie.</desc><category></category></programme><programme channel="141431235" start="20221128090000 +0000" stop="20221128110000 +0000" catchup-id="1299200329"><title>Aan het werk</title><date></date><icon src="https://t-mobiletv.nl:443/CPS/images/universal/film/program/202211/20221121/21/202211210900547041oc.jpg"></icon><desc>Lekker aan de slag met muziek van eigen bodem.</desc><category></category></programme><programme channel="141431235" start="20221128110000 +0000" stop="20221128130000 +0000" catchup-id="1299200335"><title>Middagpauze</title><date></date><icon src="https://t-mobiletv.nl:443/CPS/images/universal/film/program/202211/20221121/0/20221121090054704pr8.jpg"></icon><desc>TV Oranje maakt jouw lunchpauze compleet met smakelijke muziek van eigen bodem.</desc><category></category></programme><programme channel="141431235" start="20221128130000 +0000" stop="20221128150000 +0000" catchup-id="1299200341"><title>Heel Hollands</title><date></date><icon src="https://t-mobiletv.nl:443/CPS/images/universal/film/program/202211/20221121/38/20221121090054704c4d.jpg"></icon><desc>Alleen maar muziek van eigen bodem, daarvoor moet je natuurlijk bij TV Oranje zijn!</desc><category></category></programme><programme channel="141431235" start="20221128150000 +0000" stop="20221128170000 +0000" catchup-id="1299200347"><title>Tijd voor thuis</title><date></date><icon src="https://t-mobiletv.nl:443/CPS/images/universal/film/program/202211/20221121/93/202211210900547048zy.jpg"></icon><desc>Voel je helemaal thuis met deze heerlijke muziek van eigen bodem.</desc><category></category></programme><programme channel="141431235" start="20221128170000 +0000" stop="20221128180000 +0000" catchup-id="1299200353"><title>Verzoekparade</title><date></date><icon src="https://t-mobiletv.nl:443/CPS/images/universal/film/program/202211/20221121/37/202211210900547042eq.jpg"></icon><desc>De meest aangevraagde clips van vandaag. Breng je stem uit via verzoekparade.nl en zie jouw favoriete clip morgen bij TV Oranje!</desc><category></category></programme><programme channel="141431235" start="20221128180000 +0000" stop="20221128210000 +0000" catchup-id="1299200359"><title>Hollandse Hits</title><date></date><icon src="https://t-mobiletv.nl:443/CPS/images/universal/film/program/202211/20221121/48/20221121090054704hme.jpg"></icon><desc>Een heerlijke mix met Hollandse Hits van toen en nu.</desc><category></category></programme><programme channel="141431235" start="20221128210000 +0000" stop="20221128230000 +0000" catchup-id="1299200365"><title>Voor het slapen</title><date></date><icon src="https://t-mobiletv.nl:443/CPS/images/universal/film/program/202211/20221121/13/20221121090054704j7s.jpg"></icon><desc>Nog even een paar clips van eigen bodem en dan naar bed.</desc><category></category></programme><programme channel="141431235" start="20221128230000 +0000" stop="20221129040000 +0000" catchup-id="1299578204"><title>TV Oranje Nonstop</title><date></date><icon src="https://t-mobiletv.nl:443/CPS/images/universal/film/program/202211/20221122/1/202211220900455116fk.jpg"></icon><desc>Non-stop de beste muziek van eigen bodem.</desc><category></category></programme><programme channel="141431235" start="20221129040000 +0000" stop="20221129060000 +0000" catchup-id="1299578210"><title>Wakker worden</title><date></date><icon src="https://t-mobiletv.nl:443/CPS/images/universal/film/program/202211/20221122/68/202211220900455119if.jpg"></icon><desc>Opstaan met je favoriete artiesten en de beste hits van eigen bodem.</desc><category></category></programme><programme channel="141431235" start="20221129060000 +0000" stop="20221129070000 +0000" catchup-id="1299578216"><title>Kinderclips</title><date></date><icon src="https://t-mobiletv.nl:443/CPS/images/universal/film/program/202211/20221122/28/20221122090045511rcc.jpg"></icon><desc>De leukste kinderclips zie je bij TV Oranje. Zing je mee?</desc><category></category></programme><programme channel="141431235" start="20221129070000 +0000" stop="20221129090000 +0000" catchup-id="1299578222"><title>Koffieclips</title><date></date><icon src="https://t-mobiletv.nl:443/CPS/images/universal/film/program/202211/20221122/76/202211220900455118a2.jpg"></icon><desc>Lekkere muziek van eigen bodem voor bij de koffie.</desc><category></category></programme><programme channel="141431235" start="20221129090000 +0000" stop="20221129110000 +0000" catchup-id="1299578228"><title>Aan het werk</title><date></date><icon src="https://t-mobiletv.nl:443/CPS/images/universal/film/program/202211/20221122/60/202211220900455118lm.jpg"></icon><desc>Lekker aan de slag met muziek van eigen bodem.</desc><category></category></programme><programme channel="141431235" start="20221129110000 +0000" stop="20221129130000 +0000" catchup-id="1299578234"><title>Middagpauze</title><date></date><icon src="https://t-mobiletv.nl:443/CPS/images/universal/film/program/202211/20221122/37/20221122090045511rk7.jpg"></icon><desc>TV Oranje maakt jouw lunchpauze compleet met smakelijke muziek van eigen bodem.</desc><category></category></programme><programme channel="141431235" start="20221129130000 +0000" stop="20221129150000 +0000" catchup-id="1299578240"><title>Heel Hollands</title><date></date><icon src="https://t-mobiletv.nl:443/CPS/images/universal/film/program/202211/20221122/26/20221122090045511xuv.jpg"></icon><desc>Alleen maar muziek van eigen bodem, daarvoor moet je natuurlijk bij TV Oranje zijn!</desc><category></category></programme><programme channel="141431235" start="20221129150000 +0000" stop="20221129170000 +0000" catchup-id="1299578246"><title>Tijd voor thuis</title><date></date><icon src="https://t-mobiletv.nl:443/CPS/images/universal/film/program/202211/20221122/40/20221122090045511yu8.jpg"></icon><desc>Voel je helemaal thuis met deze heerlijke muziek van eigen bodem.</desc><category></category></programme><programme channel="141431235" start="20221129170000 +0000" stop="20221129180000 +0000" catchup-id="1299578252"><title>Verzoekparade</title><date></date><icon src="https://t-mobiletv.nl:443/CPS/images/universal/film/program/202211/20221122/92/20221122090045511mif.jpg"></icon><desc>De meest aangevraagde clips van vandaag. Breng je stem uit via verzoekparade.nl en zie jouw favoriete clip morgen bij TV Oranje!</desc><category></category></programme><programme channel="141431235" start="20221129180000 +0000" stop="20221129210000 +0000" catchup-id="1299578258"><title>Hollandse Hits</title><date></date><icon src="https://t-mobiletv.nl:443/CPS/images/universal/film/program/202211/20221122/94/20221122090045511kkb.jpg"></icon><desc>Een heerlijke mix met Hollandse Hits van toen en nu.</desc><category></category></programme><programme channel="141431235" start="20221129210000 +0000" stop="20221129230000 +0000" catchup-id="1299578264"><title>Voor het slapen</title><date></date><icon src="https://t-mobiletv.nl:443/CPS/images/universal/film/program/202211/20221122/61/20221122090045511q7t.jpg"></icon><desc>Nog even een paar clips van eigen bodem en dan naar bed.</desc><category></category></programme><programme channel="141431235" start="20221129230000 +0000" stop="20221130040000 +0000" catchup-id="1300032331"><title>TV Oranje Nonstop</title><date></date><icon src="https://t-mobiletv.nl:443/CPS/images/universal/film/program/202211/20221123/1/2022112309012051020v.jpg"></icon><desc>Non-stop de beste muziek van eigen bodem.</desc><category></category></programme><programme channel="141431235" start="20221130040000 +0000" stop="20221130060000 +0000" catchup-id="1300032337"><title>Wakker worden</title><date></date><icon src="https://t-mobiletv.nl:443/CPS/images/universal/film/program/202211/20221123/16/20221123090120510qlf.jpg"></icon><desc>Opstaan met je favoriete artiesten en de beste hits van eigen bodem.</desc><category></category></programme><programme channel="141431235" start="20221130060000 +0000" stop="20221130070000 +0000" catchup-id="1300032343"><title>Kinderclips</title><date></date><icon src="https://t-mobiletv.nl:443/CPS/images/universal/film/program/202211/20221123/18/20221123090120510ujq.jpg"></icon><desc>De leukste kinderclips zie je bij TV Oranje. Zing je mee?</desc><category></category></programme><programme channel="141431235" start="20221130070000 +0000" stop="20221130090000 +0000" catchup-id="1300032349"><title>Koffieclips</title><date></date><icon src="https://t-mobiletv.nl:443/CPS/images/universal/film/program/202211/20221123/65/20221123090120511uog.jpg"></icon><desc>Lekkere muziek van eigen bodem voor bij de koffie.</desc><category></category></programme><programme channel="141431235" start="20221130090000 +0000" stop="20221130110000 +0000" catchup-id="1300032355"><title>Aan het werk</title><date></date><icon src="https://t-mobiletv.nl:443/CPS/images/universal/film/program/202211/20221123/70/20221123090120511bex.jpg"></icon><desc>Lekker aan de slag met muziek van eigen bodem.</desc><category></category></programme><programme channel="141431235" start="20221130110000 +0000" stop="20221130130000 +0000" catchup-id="1300033897"><title>Middagpauze</title><date></date><icon src="https://t-mobiletv.nl:443/CPS/images/universal/film/program/202211/20221123/20/20221123090120511ypz.jpg"></icon><desc>TV Oranje maakt jouw lunchpauze compleet met smakelijke muziek van eigen bodem.</desc><category></category></programme><programme channel="141431235" start="20221130130000 +0000" stop="20221130150000 +0000" catchup-id="1300033903"><title>Heel Hollands</title><date></date><icon src="https://t-mobiletv.nl:443/CPS/images/universal/film/program/202211/20221123/12/20221123090120511iwa.jpg"></icon><desc>Alleen maar muziek van eigen bodem, daarvoor moet je natuurlijk bij TV Oranje zijn!</desc><category></category></programme><programme channel="141431235" start="20221130150000 +0000" stop="20221130170000 +0000" catchup-id="1300033909"><title>Tijd voor thuis</title><date></date><icon src="https://t-mobiletv.nl:443/CPS/images/universal/film/program/202211/20221123/39/20221123090120511wuw.jpg"></icon><desc>Voel je helemaal thuis met deze heerlijke muziek van eigen bodem.</desc><category></category></programme><programme channel="141431235" start="20221130170000 +0000" stop="20221130180000 +0000" catchup-id="1300033915"><title>Verzoekparade</title><date></date><icon src="https://t-mobiletv.nl:443/CPS/images/universal/film/program/202211/20221123/38/20221123090120511het.jpg"></icon><desc>De meest aangevraagde clips van vandaag. Breng je stem uit via verzoekparade.nl en zie jouw favoriete clip morgen bij TV Oranje!</desc><category></category></programme><programme channel="141431235" start="20221130180000 +0000" stop="20221130210000 +0000" catchup-id="1300033921"><title>Hollandse Hits</title><date></date><icon src="https://t-mobiletv.nl:443/CPS/images/universal/film/program/202211/20221123/52/20221123090120511apy.jpg"></icon><desc>Een heerlijke mix met Hollandse Hits van toen en nu.</desc><category></category></programme><programme channel="141431235" start="20221130210000 +0000" stop="20221130230000 +0000" catchup-id="1300033927"><title>Voor het slapen</title><date></date><icon src="https://t-mobiletv.nl:443/CPS/images/universal/film/program/202211/20221123/14/202211230901205110d4.jpg"></icon><desc>Nog even een paar clips van eigen bodem en dan naar bed.</desc><category></category></programme><programme channel="141431235" start="20221130230000 +0000" stop="20221201040000 +0000" catchup-id="1300439418"><title>TV Oranje Nonstop</title><date></date><icon src="https://t-mobiletv.nl:443/CPS/images/universal/film/program/202211/20221124/86/20221124090125526ahz.jpg"></icon><desc>Non-stop de beste muziek van eigen bodem.</desc><category></category></programme><programme channel="141431235" start="20221201040000 +0000" stop="20221201060000 +0000" catchup-id="1300439424"><title>Wakker worden</title><date></date><icon src="https://t-mobiletv.nl:443/CPS/images/universal/film/program/202211/20221124/59/20221124090125526zgw.jpg"></icon><desc>Opstaan met je favoriete artiesten en de beste hits van eigen bodem.</desc><category></category></programme><programme channel="141431235" start="20221201060000 +0000" stop="20221201070000 +0000" catchup-id="1300439430"><title>Kinderclips</title><date></date><icon src="https://t-mobiletv.nl:443/CPS/images/universal/film/program/202211/20221124/84/20221124090125526ob6.jpg"></icon><desc>De leukste kinderclips zie je bij TV Oranje. Zing je mee?</desc><category></category></programme><programme channel="141431235" start="20221201070000 +0000" stop="20221201090000 +0000" catchup-id="1300439436"><title>Koffieclips</title><date></date><icon src="https://t-mobiletv.nl:443/CPS/images/universal/film/program/202211/20221124/13/202211240901255265lq.jpg"></icon><desc>Lekkere muziek van eigen bodem voor bij de koffie.</desc><category></category></programme><programme channel="141431235" start="20221201090000 +0000" stop="20221201110000 +0000" catchup-id="1300439442"><title>Aan het werk</title><date></date><icon src="https://t-mobiletv.nl:443/CPS/images/universal/film/program/202211/20221124/10/20221124090125526jxs.jpg"></icon><desc>Lekker aan de slag met muziek van eigen bodem.</desc><category></category></programme><programme channel="141431235" start="20221201110000 +0000" stop="20221201130000 +0000" catchup-id="1300439448"><title>Middagpauze</title><date></date><icon src="https://t-mobiletv.nl:443/CPS/images/universal/film/program/202211/20221124/67/20221124090125526my2.jpg"></icon><desc>TV Oranje maakt jouw lunchpauze compleet met smakelijke muziek van eigen bodem.</desc><category></category></programme><programme channel="141431235" start="20221201130000 +0000" stop="20221201150000 +0000" catchup-id="1300439454"><title>Heel Hollands</title><date></date><icon src="https://t-mobiletv.nl:443/CPS/images/universal/film/program/202211/20221124/34/2022112409012552628s.jpg"></icon><desc>Alleen maar muziek van eigen bodem, daarvoor moet je natuurlijk bij TV Oranje zijn!</desc><category></category></programme><programme channel="141431235" start="20221201150000 +0000" stop="20221201170000 +0000" catchup-id="1300439460"><title>Tijd voor thuis</title><date></date><icon src="https://t-mobiletv.nl:443/CPS/images/universal/film/program/202211/20221124/41/202211240901255263jl.jpg"></icon><desc>Voel je helemaal thuis met deze heerlijke muziek van eigen bodem.</desc><category></category></programme><programme channel="141431235" start="20221201170000 +0000" stop="20221201180000 +0000" catchup-id="1300439466"><title>Verzoekparade</title><date></date><icon src="https://t-mobiletv.nl:443/CPS/images/universal/film/program/202211/20221124/50/2022112409012552661j.jpg"></icon><desc>De meest aangevraagde clips van vandaag. Breng je stem uit via verzoekparade.nl en zie jouw favoriete clip morgen bij TV Oranje!</desc><category></category></programme><programme channel="141431235" start="20221201180000 +0000" stop="20221201210000 +0000" catchup-id="1300439472"><title>Hollandse Hits</title><date></date><icon src="https://t-mobiletv.nl:443/CPS/images/universal/film/program/202211/20221124/92/202211240901255266me.jpg"></icon><desc>Een heerlijke mix met Hollandse Hits van toen en nu.</desc><category></category></programme><programme channel="141431235" start="20221201210000 +0000" stop="20221201230000 +0000" catchup-id="1300439478"><title>Voor het slapen</title><date></date><icon src="https://t-mobiletv.nl:443/CPS/images/universal/film/program/202211/20221124/4/202211240901255268h4.jpg"></icon><desc>Nog even een paar clips van eigen bodem en dan naar bed.</desc><category></category></programme><programme channel="141431235" start="20221201230000 +0000" stop="20221202040000 +0000" catchup-id="1300851397"><title>TV Oranje Nonstop</title><date></date><icon src="https://t-mobiletv.nl:443/CPS/images/universal/film/program/202211/20221125/5/202211250900497207jw.jpg"></icon><desc>Non-stop de beste muziek van eigen bodem.</desc><category></category></programme><programme channel="141431235" start="20221202040000 +0000" stop="20221202060000 +0000" catchup-id="1300851403"><title>Wakker worden</title><date></date><icon src="https://t-mobiletv.nl:443/CPS/images/universal/film/program/202211/20221125/90/20221125090049720qsu.jpg"></icon><desc>Opstaan met je favoriete artiesten en de beste hits van eigen bodem.</desc><category></category></programme><programme channel="141431235" start="20221202060000 +0000" stop="20221202070000 +0000" catchup-id="1300851409"><title>Kinderclips</title><date></date><icon src="https://t-mobiletv.nl:443/CPS/images/universal/film/program/202211/20221125/74/20221125090049720k2o.jpg"></icon><desc>De leukste kinderclips zie je bij TV Oranje. Zing je mee?</desc><category></category></programme><programme channel="141431235" start="20221202070000 +0000" stop="20221202090000 +0000" catchup-id="1300851415"><title>Koffieclips</title><date></date><icon src="https://t-mobiletv.nl:443/CPS/images/universal/film/program/202211/20221125/92/20221125090049720sdp.jpg"></icon><desc>Lekkere muziek van eigen bodem voor bij de koffie.</desc><category></category></programme><programme channel="141431235" start="20221202090000 +0000" stop="20221202110000 +0000" catchup-id="1300851421"><title>Aan het werk</title><date></date><icon src="https://t-mobiletv.nl:443/CPS/images/universal/film/program/202211/20221125/38/20221125090049720fs8.jpg"></icon><desc>Lekker aan de slag met muziek van eigen bodem.</desc><category></category></programme><programme channel="141431235" start="20221202110000 +0000" stop="20221202130000 +0000" catchup-id="1300851427"><title>Middagpauze</title><date></date><icon src="https://t-mobiletv.nl:443/CPS/images/universal/film/program/202211/20221125/20/20221125090049720r5v.jpg"></icon><desc>TV Oranje maakt jouw lunchpauze compleet met smakelijke muziek van eigen bodem.</desc><category></category></programme><programme channel="141431235" start="20221202130000 +0000" stop="20221202150000 +0000" catchup-id="1300851433"><title>Heel Hollands</title><date></date><icon src="https://t-mobiletv.nl:443/CPS/images/universal/film/program/202211/20221125/22/202211250900497201x0.jpg"></icon><desc>Alleen maar muziek van eigen bodem, daarvoor moet je natuurlijk bij TV Oranje zijn!</desc><category></category></programme><programme channel="141431235" start="20221202150000 +0000" stop="20221202170000 +0000" catchup-id="1300851439"><title>Tijd voor thuis</title><date></date><icon src="https://t-mobiletv.nl:443/CPS/images/universal/film/program/202211/20221125/17/2022112509004972038y.jpg"></icon><desc>Voel je helemaal thuis met deze heerlijke muziek van eigen bodem.</desc><category></category></programme>