<programme channel="141431057" start="20221119050000 +0000" stop="20221119110000 +0000" catchup-id="1295476090"><title>Goedemorgen!</title><date></date><icon src="https://t-mobiletv.nl:443/CPS/images/universal/film/program/202211/20221112/82/202211120900555150q5.jpg"></icon><desc>De beste videoclips om mee wakker te worden!</desc><category></category></programme><programme channel="141431057" start="20221119110000 +0000" stop="20221119111000 +0000" catchup-id="1295476096"><title>Het Beste Van 538</title><date></date><icon src="https://t-mobiletv.nl:443/CPS/images/universal/film/program/202211/20221112/63/20221112090055515rxc.jpg"></icon><desc>Ieder weekend word je door ons op de hoogte gebracht met alle hoogtepunten van de afgelopen 538-week.</desc><category></category></programme><programme channel="141431057" start="20221119111000 +0000" stop="20221119112000 +0000" catchup-id="1295476102"><title>Release Reacties</title><date></date><icon src="https://t-mobiletv.nl:443/CPS/images/universal/film/program/202211/20221112/56/20221112090055515kgb.jpg"></icon><desc>538 viert zijn 30ste verjaardag en daarom deze week een speciale aflevering van Release Reacties, waarin 6 bekende gezichten luisteren naar de grootste hits van de afgelopen 30 jaar! Zij delen hun meest bizarre, gênante of persoonlijke herinneringen aan deze tracks.</desc><category></category></programme><programme channel="141431057" start="20221119112000 +0000" stop="20221119114000 +0000" catchup-id="1295476108"><title>Home of Hits</title><date></date><icon src="https://t-mobiletv.nl:443/CPS/images/universal/film/program/202211/20221112/1/2022111209005551579a.jpg"></icon><desc>In deze laatste aflevering van Home of Hits gaat Kraantje Pappie langs bij S10. Ze vertelt hoe ze is begonnen met muziek maken en zegt het soms vervelend te vinden dat haar mentalegezondheid haar identiteit is geworden. Volgende week komt haar nieuwe album uit en Kraantje kreeg een primeur van een wel hele toffe samenwerking! Dit en nog veel meer zie je in de nieuwste Home of Hits!</desc><category></category></programme><programme channel="141431057" start="20221119114000 +0000" stop="20221119115000 +0000" catchup-id="1295476114"><title>30 jaar 538 Showcase</title><date></date><icon src="https://t-mobiletv.nl:443/CPS/images/universal/film/program/202211/20221112/13/202211120900555152nq.jpg"></icon><desc>Radio 538 bestaat 30 jaar en dat moet gevierd worden! Daarom trakteren wij op een bijzondere videoreeks mini-concerten. Davina Michelle trapt af met een dikke show op een heel bijzondere locatie: haar allereerste studio. Natuurlijk zingt ze haar nieuwste single 'I love me more' en haar grote hit 'Hyper'. Daarnaast brengt ze een cover van een nummer uit de afgelopen 30 jaar dat veel voor haar heeft betekend.</desc><category></category></programme><programme channel="141431057" start="20221119115000 +0000" stop="20221119120000 +0000" catchup-id="1295476120"><title>Het Beste Van 538</title><date></date><icon src="https://t-mobiletv.nl:443/CPS/images/universal/film/program/202211/20221112/56/20221112090055515ofi.jpg"></icon><desc>Ieder weekend word je door ons op de hoogte gebracht met alle hoogtepunten van de afgelopen 538-week.</desc><category></category></programme><programme channel="141431057" start="20221119120000 +0000" stop="20221119140000 +0000" catchup-id="1295476126"><title>Het Beste Van De 538 Top 50</title><date></date><icon src="https://t-mobiletv.nl:443/CPS/images/universal/film/program/202211/20221112/90/20221112090055515qun.jpg"></icon><desc>Iedere zaterdagmiddag zie je het beste van de 538 Top 50. De beste clips uit de lijst &amp; de top 10.</desc><category></category></programme><programme channel="141431057" start="20221119140000 +0000" stop="20221119170000 +0000" catchup-id="1295476132"><title>Easy Saturday</title><date></date><icon src="https://t-mobiletv.nl:443/CPS/images/universal/film/program/202211/20221112/87/20221112090055515i9x.jpg"></icon><desc>Op TV 538 zie je elke zaterdagmiddag de meest relaxste videoclips voor in je weekend.</desc><category></category></programme><programme channel="141431057" start="20221119170000 +0000" stop="20221119171000 +0000" catchup-id="1295476138"><title>Het Beste Van 538</title><date></date><icon src="https://t-mobiletv.nl:443/CPS/images/universal/film/program/202211/20221112/72/20221112090055515o1r.jpg"></icon><desc>Ieder weekend word je door ons op de hoogte gebracht met alle hoogtepunten van de afgelopen 538-week.</desc><category></category></programme><programme channel="141431057" start="20221119171000 +0000" stop="20221119172000 +0000" catchup-id="1295476144"><title>Release Reacties</title><date></date><icon src="https://t-mobiletv.nl:443/CPS/images/universal/film/program/202211/20221112/83/20221112090055515jd0.jpg"></icon><desc>In Release Reacties checken jouw favoriete artiesten, BN'ers &amp; influencers de nieuwste releases. Ze geven hun ongezouten mening over de tracks en beantwoorden tegelijkertijd vragen over hun persoonlijke leven.</desc><category></category></programme><programme channel="141431057" start="20221119172000 +0000" stop="20221119174000 +0000" catchup-id="1295476150"><title>Home of Hits</title><date></date><icon src="https://t-mobiletv.nl:443/CPS/images/universal/film/program/202211/20221112/17/20221112090055515lvh.jpg"></icon><desc>Kraantje Pappie gaat langs bij Snelle thuis om te zien waar zijn hits ontstaan. Voor het eerst geeft hij een unieke rondleiding door zijn huis. Daarnaast vertelt hij over zijn transformatie van rauwe rapper naar singer song-rapper, is hij open over de mindere kanten van het artiestenleven en laat hij nieuwe muziek horen. En niet alleen van zichzelf, maar ook van Flemming! Check het snel in de allereerste aflevering van Home of Hits!</desc><category></category></programme><programme channel="141431057" start="20221119174000 +0000" stop="20221119175000 +0000" catchup-id="1295476156"><title>30 jaar 538 Showcase</title><date></date><icon src="https://t-mobiletv.nl:443/CPS/images/universal/film/program/202211/20221112/68/202211120900555158jy.jpg"></icon><desc>Radio 538 bestaat 30 jaar en daarom trakteren wij op een bijzondere videoreeks mini-concerten. Suzan &amp; Freek kozen voor dit speciale optreden een unieke locatie: Forteiland Pampus. Alle vier de nummers die ze spelen passen helemaal bij deze bijzondere plek. Natuurlijk openen ze hun optreden met hun nieuwste single 'Kwijt' en sluiten af met een bijzondere cover van het nummer 'Zoutelande' van BLØF.</desc><category></category></programme><programme channel="141431057" start="20221119175000 +0000" stop="20221119180000 +0000" catchup-id="1295476162"><title>Het Beste Van 538</title><date></date><icon src="https://t-mobiletv.nl:443/CPS/images/universal/film/program/202211/20221112/0/2022111209005551518i.jpg"></icon><desc>Ieder weekend word je door ons op de hoogte gebracht met alle hoogtepunten van de afgelopen 538-week.</desc><category></category></programme><programme channel="141431057" start="20221119180000 +0000" stop="20221119190000 +0000" catchup-id="1295476168"><title>538 Classics</title><date></date><icon src="https://t-mobiletv.nl:443/CPS/images/universal/film/program/202211/20221112/70/20221112090055515fiy.jpg"></icon><desc>In 538 Classics zie je de beste videoclips uit de 90's, 00's of 10's!</desc><category></category></programme><programme channel="141431057" start="20221119190000 +0000" stop="20221119191000 +0000" catchup-id="1295476174"><title>Het Beste Van 538</title><date></date><icon src="https://t-mobiletv.nl:443/CPS/images/universal/film/program/202211/20221112/33/202211120900555155by.jpg"></icon><desc>Ieder weekend word je door ons op de hoogte gebracht met alle hoogtepunten van de afgelopen 538-week.</desc><category></category></programme><programme channel="141431057" start="20221119191000 +0000" stop="20221119192000 +0000" catchup-id="1295476180"><title>Release Reacties</title><date></date><icon src="https://t-mobiletv.nl:443/CPS/images/universal/film/program/202211/20221112/81/20221112090055515hao.jpg"></icon><desc>In Release Reacties checken jouw favoriete artiesten, BN'ers &amp; influencers de nieuwste releases. Ze geven hun ongezouten mening over de tracks en beantwoorden tegelijkertijd vragen over hun persoonlijke leven.</desc><category></category></programme><programme channel="141431057" start="20221119192000 +0000" stop="20221119194000 +0000" catchup-id="1295476186"><title>Home of Hits</title><date></date><icon src="https://t-mobiletv.nl:443/CPS/images/universal/film/program/202211/20221112/7/20221112090055516hho.jpg"></icon><desc>In Home Of Hits gaat Kraantje Pappie langs bij vier verschillende artiesten om te kijken waar hun hits zijn ontstaan. Waar wonen ze? Hoe zijn ze in de muziekwereld beland? En waar nemen ze deze mega hits op? Kortom een uniek kijkje achter de voordeur!</desc><category></category></programme><programme channel="141431057" start="20221119194000 +0000" stop="20221119195000 +0000" catchup-id="1295476192"><title>30 jaar 538 Showcase</title><date></date><icon src="https://t-mobiletv.nl:443/CPS/images/universal/film/program/202211/20221112/75/202211120900555160xb.jpg"></icon><desc>Radio 538 bestaat 30 jaar en daarom trakteren we jou op drie super dikke showcases! Speciaal daarvoor draait Kris Kross Amsterdam een set vanaf de Amsterdamse grachten. Natuurlijk komen de grootste hits uit de 90's voorbij en samen met Sigourney K doen ze het nummer 'Vluchtstrook' Live vanaf het IJ!</desc><category></category></programme><programme channel="141431057" start="20221119195000 +0000" stop="20221119200000 +0000" catchup-id="1295476198"><title>Het Beste Van 538</title><date></date><icon src="https://t-mobiletv.nl:443/CPS/images/universal/film/program/202211/20221112/81/20221112090055516uyh.jpg"></icon><desc>Ieder weekend word je door ons op de hoogte gebracht met alle hoogtepunten van de afgelopen 538-week.</desc><category></category></programme><programme channel="141431057" start="20221119200000 +0000" stop="20221119220000 +0000" catchup-id="1295476204"><title>Huisfeestje</title><date></date><icon src="https://t-mobiletv.nl:443/CPS/images/universal/film/program/202211/20221112/78/20221112090055516i75.jpg"></icon><desc>Iedere vrijdag- en zaterdagavond de beste videoclips voor jouw ultieme party night!</desc><category></category></programme><programme channel="141431057" start="20221119220000 +0000" stop="20221119230000 +0000" catchup-id="1295476210"><title>538 Weekendmix</title><date></date><icon src="https://t-mobiletv.nl:443/CPS/images/universal/film/program/202211/20221112/48/20221112090055516zf3.jpg"></icon><desc>De grootste hits uit de 538 top 50 en beste classics in een vette video-mix van een uur; dat is de 538 Weekendmix!</desc><category></category></programme><programme channel="141431057" start="20221119230000 +0000" stop="20221120000000 +0000" catchup-id="1295889273"><title>538 Weekendmix</title><date></date><icon src="https://t-mobiletv.nl:443/CPS/images/universal/film/program/202211/20221113/20/20221113090049739mji.jpg"></icon><desc>De grootste hits uit de 538 top 50 en beste classics in een vette video-mix van een uur; dat is de 538 Weekendmix!</desc><category></category></programme><programme channel="141431057" start="20221120000000 +0000" stop="20221120050000 +0000" catchup-id="1295889279"><title>De Nachtbrakers</title><date></date><icon src="https://t-mobiletv.nl:443/CPS/images/universal/film/program/202211/20221113/86/202211130900497395ms.jpg"></icon><desc>In het weekend check je hier de beste muziek en clips om vrijdag-en zaterdagnacht door te komen.</desc><category></category></programme><programme channel="141431057" start="20221120050000 +0000" stop="20221120110000 +0000" catchup-id="1295889285"><title>Goedemorgen!</title><date></date><icon src="https://t-mobiletv.nl:443/CPS/images/universal/film/program/202211/20221113/65/2022111309004973940i.jpg"></icon><desc>De beste videoclips om mee wakker te worden!</desc><category></category></programme><programme channel="141431057" start="20221120110000 +0000" stop="20221120111000 +0000" catchup-id="1295889291"><title>Het Beste Van 538</title><date></date><icon src="https://t-mobiletv.nl:443/CPS/images/universal/film/program/202211/20221113/88/202211130900497391p9.jpg"></icon><desc>Ieder weekend word je door ons op de hoogte gebracht met alle hoogtepunten van de afgelopen 538-week.</desc><category></category></programme><programme channel="141431057" start="20221120111000 +0000" stop="20221120112000 +0000" catchup-id="1295889297"><title>Release Reacties</title><date></date><icon src="https://t-mobiletv.nl:443/CPS/images/universal/film/program/202211/20221113/15/202211130900497405qy.jpg"></icon><desc>538 viert zijn 30ste verjaardag en daarom deze week een speciale aflevering van Release Reacties, waarin 6 bekende gezichten luisteren naar de grootste hits van de afgelopen 30 jaar! Zij delen hun meest bizarre, gênante of persoonlijke herinneringen aan deze tracks.</desc><category></category></programme><programme channel="141431057" start="20221120112000 +0000" stop="20221120114000 +0000" catchup-id="1295889303"><title>Home of Hits</title><date></date><icon src="https://t-mobiletv.nl:443/CPS/images/universal/film/program/202211/20221113/85/20221113090049740xyh.jpg"></icon><desc>In deze aflevering gaat Kraantje Pappie op bezoek bij Bizzey! Hij laat een openhartige en kwetsbare kant van zichzelf zien. Zo vertelt hij onder andere dat hij zich weleens verschuilt achter het personage Bizzey uit onzekerheid. Verder laat hij twee dikke tracks horen die nog op de plank liggen, waaronder eentje met Bilal! Dit en nog veel meer zie je in de nieuwste Home of Hits!</desc><category></category></programme><programme channel="141431057" start="20221120114000 +0000" stop="20221120115000 +0000" catchup-id="1295889309"><title>30 jaar 538 Showcase</title><date></date><icon src="https://t-mobiletv.nl:443/CPS/images/universal/film/program/202211/20221113/94/20221113090049740s4p.jpg"></icon><desc>Radio 538 bestaat 30 jaar en dat moet gevierd worden! Daarom trakteren wij op een bijzondere videoreeks mini-concerten. Davina Michelle trapt af met een dikke show op een heel bijzondere locatie: haar allereerste studio. Natuurlijk zingt ze haar nieuwste single 'I love me more' en haar grote hit 'Hyper'. Daarnaast brengt ze een cover van een nummer uit de afgelopen 30 jaar dat veel voor haar heeft betekend.</desc><category></category></programme><programme channel="141431057" start="20221120115000 +0000" stop="20221120120000 +0000" catchup-id="1295889315"><title>Het Beste Van 538</title><date></date><icon src="https://t-mobiletv.nl:443/CPS/images/universal/film/program/202211/20221113/12/20221113090049740gum.jpg"></icon><desc>Ieder weekend word je door ons op de hoogte gebracht met alle hoogtepunten van de afgelopen 538-week.</desc><category></category></programme><programme channel="141431057" start="20221120120000 +0000" stop="20221120130000 +0000" catchup-id="1295889449"><title>Van Eigen Bodem</title><date></date><icon src="https://t-mobiletv.nl:443/CPS/images/universal/film/program/202211/20221113/97/20221113090049740egn.jpg"></icon><desc>Elke zondagmiddag zie je de beste videoclips van eigen bodem. Van Armin van Buuren en Ronnie Flex tot DI-RECT en Davina Michelle!</desc><category></category></programme><programme channel="141431057" start="20221120130000 +0000" stop="20221120170000 +0000" catchup-id="1295889455"><title>Kijk Radio: 538 top 50</title><date></date><icon src="https://t-mobiletv.nl:443/CPS/images/universal/film/program/202211/20221113/85/20221113090049740voy.jpg"></icon><desc>Elke zondag zie je de meest actuele hitlijst van Nederland: de 538 Top 50!</desc><category></category></programme><programme channel="141431057" start="20221120170000 +0000" stop="20221120171000 +0000" catchup-id="1295889461"><title>Het Beste Van 538</title><date></date><icon src="https://t-mobiletv.nl:443/CPS/images/universal/film/program/202211/20221113/44/202211130900497406tf.jpg"></icon><desc>Ieder weekend word je door ons op de hoogte gebracht met alle hoogtepunten van de afgelopen 538-week.</desc><category></category></programme><programme channel="141431057" start="20221120171000 +0000" stop="20221120172000 +0000" catchup-id="1295889467"><title>Release Reacties</title><date></date><icon src="https://t-mobiletv.nl:443/CPS/images/universal/film/program/202211/20221113/6/20221113090049740h3d.jpg"></icon><desc>In Release Reacties checken jouw favoriete artiesten, BN'ers &amp; influencers de nieuwste releases. Ze geven hun ongezouten mening over de tracks en beantwoorden tegelijkertijd vragen over hun persoonlijke leven.</desc><category></category></programme><programme channel="141431057" start="20221120172000 +0000" stop="20221120174000 +0000" catchup-id="1295889473"><title>Home of Hits</title><date></date><icon src="https://t-mobiletv.nl:443/CPS/images/universal/film/program/202211/20221113/28/20221113090049740e6h.jpg"></icon><desc>In deze laatste aflevering van Home of Hits gaat Kraantje Pappie langs bij S10. Ze vertelt hoe ze is begonnen met muziek maken en zegt het soms vervelend te vinden dat haar mentalegezondheid haar identiteit is geworden. Volgende week komt haar nieuwe album uit en Kraantje kreeg een primeur van een wel hele toffe samenwerking! Dit en nog veel meer zie je in de nieuwste Home of Hits!</desc><category></category></programme><programme channel="141431057" start="20221120174000 +0000" stop="20221120175000 +0000" catchup-id="1295889479"><title>30 jaar 538 Showcase</title><date></date><icon src="https://t-mobiletv.nl:443/CPS/images/universal/film/program/202211/20221113/82/202211130900497400hb.jpg"></icon><desc>Radio 538 bestaat 30 jaar en daarom trakteren wij op een bijzondere videoreeks mini-concerten. Suzan &amp; Freek kozen voor dit speciale optreden een unieke locatie: Forteiland Pampus. Alle vier de nummers die ze spelen passen helemaal bij deze bijzondere plek. Natuurlijk openen ze hun optreden met hun nieuwste single 'Kwijt' en sluiten af met een bijzondere cover van het nummer 'Zoutelande' van BLØF.</desc><category></category></programme><programme channel="141431057" start="20221120175000 +0000" stop="20221120180000 +0000" catchup-id="1295889485"><title>Het Beste Van 538</title><date></date><icon src="https://t-mobiletv.nl:443/CPS/images/universal/film/program/202211/20221113/13/20221113090049740vt0.jpg"></icon><desc>Ieder weekend word je door ons op de hoogte gebracht met alle hoogtepunten van de afgelopen 538-week.</desc><category></category></programme><programme channel="141431057" start="20221120180000 +0000" stop="20221120190000 +0000" catchup-id="1295889491"><title>538 Classics</title><date></date><icon src="https://t-mobiletv.nl:443/CPS/images/universal/film/program/202211/20221113/48/20221113090049740jti.jpg"></icon><desc>In 538 Classics zie je de beste videoclips uit de 90's, 00's of 10's!</desc><category></category></programme><programme channel="141431057" start="20221120190000 +0000" stop="20221120191000 +0000" catchup-id="1295889497"><title>Het Beste Van 538</title><date></date><icon src="https://t-mobiletv.nl:443/CPS/images/universal/film/program/202211/20221113/69/20221113090049740tuo.jpg"></icon><desc>Ieder weekend word je door ons op de hoogte gebracht met alle hoogtepunten van de afgelopen 538-week.</desc><category></category></programme><programme channel="141431057" start="20221120191000 +0000" stop="20221120192000 +0000" catchup-id="1295889503"><title>Release Reacties</title><date></date><icon src="https://t-mobiletv.nl:443/CPS/images/universal/film/program/202211/20221113/63/20221113090049740awf.jpg"></icon><desc>In Release Reacties checken jouw favoriete artiesten, BN'ers &amp; influencers de nieuwste releases. Ze geven hun ongezouten mening over de tracks en beantwoorden tegelijkertijd vragen over hun persoonlijke leven.</desc><category></category></programme><programme channel="141431057" start="20221120192000 +0000" stop="20221120194000 +0000" catchup-id="1295889509"><title>Home of Hits</title><date></date><icon src="https://t-mobiletv.nl:443/CPS/images/universal/film/program/202211/20221113/74/20221113090049740a6n.jpg"></icon><desc>Kraantje Pappie gaat langs bij Snelle thuis om te zien waar zijn hits ontstaan. Voor het eerst geeft hij een unieke rondleiding door zijn huis. Daarnaast vertelt hij over zijn transformatie van rauwe rapper naar singer song-rapper, is hij open over de mindere kanten van het artiestenleven en laat hij nieuwe muziek horen. En niet alleen van zichzelf, maar ook van Flemming! Check het snel in de allereerste aflevering van Home of Hits!</desc><category></category></programme><programme channel="141431057" start="20221120194000 +0000" stop="20221120195000 +0000" catchup-id="1295889515"><title>30 jaar 538 Showcase</title><date></date><icon src="https://t-mobiletv.nl:443/CPS/images/universal/film/program/202211/20221113/38/20221113090049740ja9.jpg"></icon><desc>Radio 538 bestaat 30 jaar en daarom trakteren we jou op drie super dikke showcases! Speciaal daarvoor draait Kris Kross Amsterdam een set vanaf de Amsterdamse grachten. Natuurlijk komen de grootste hits uit de 90's voorbij en samen met Sigourney K doen ze het nummer 'Vluchtstrook' Live vanaf het IJ!</desc><category></category></programme><programme channel="141431057" start="20221120195000 +0000" stop="20221120200000 +0000" catchup-id="1295889521"><title>Het Beste Van 538</title><date></date><icon src="https://t-mobiletv.nl:443/CPS/images/universal/film/program/202211/20221113/61/20221113090049740yob.jpg"></icon><desc>Ieder weekend word je door ons op de hoogte gebracht met alle hoogtepunten van de afgelopen 538-week.</desc><category></category></programme><programme channel="141431057" start="20221120200000 +0000" stop="20221120230000 +0000" catchup-id="1295889527"><title>Easy Sunday</title><date></date><icon src="https://t-mobiletv.nl:443/CPS/images/universal/film/program/202211/20221113/33/20221113090049740hgy.jpg"></icon><desc>Op TV 538 zie je elke zondagavond tussen 21:00 en 00:00 uur de meest relaxste videoclips voor het afsluiten van je weekend.</desc><category></category></programme><programme channel="141431057" start="20221120230000 +0000" stop="20221121050000 +0000" catchup-id="1296277465"><title>Non-Stop 538</title><date></date><icon src="https://t-mobiletv.nl:443/CPS/images/universal/film/program/202211/20221114/81/20221114090130518t0s.jpg"></icon><desc>Je ziet elke doordeweekse nacht in Non-Stop 538 de beste videoclips achter elkaar!</desc><category></category></programme><programme channel="141431057" start="20221121050000 +0000" stop="20221121090000 +0000" catchup-id="1296277471"><title>Kijk Radio: De 538 Ochtend met Wietze en Klaas</title><date></date><icon src="https://t-mobiletv.nl:443/CPS/images/universal/film/program/202211/20221114/82/202211140901305187xx.jpg"></icon><desc>Begin je (thuis)werkdag met Wietze en Klaas! Luister en kijk iedere werkdag tussen 06:00 en 10:00 uur naar De 538 Ochtend met Wietze en Klaas op TV 538.</desc><category></category></programme><programme channel="141431057" start="20221121090000 +0000" stop="20221121110000 +0000" catchup-id="1296277477"><title>De Beste Hits Uit 30 Jaar 538</title><date></date><icon src="https://t-mobiletv.nl:443/CPS/images/universal/film/program/202211/20221114/42/2022111409013051814e.jpg"></icon><desc>Geniet elke ochtend tussen 10:00 en 12:00 uur van de állergrootste 538-hits van de afgelopen dertig jaar.</desc><category></category></programme><programme channel="141431057" start="20221121110000 +0000" stop="20221121130000 +0000" catchup-id="1296277483"><title>Kijk Radio: De 538 Lunch met Coen</title><date></date><icon src="https://t-mobiletv.nl:443/CPS/images/universal/film/program/202211/20221114/48/20221114090130518zt3.jpg"></icon><desc>Geniet van de lekkerste hits samen met Coen Swijnenberg voor bij je lunch.</desc><category></category></programme><programme channel="141431057" start="20221121130000 +0000" stop="20221121150000 +0000" catchup-id="1296277489"><title>De Hits Van Vandaag</title><date></date><icon src="https://t-mobiletv.nl:443/CPS/images/universal/film/program/202211/20221114/56/20221114090130518hdf.jpg"></icon><desc>Je ziet nu de meest actuele hits &amp; videoclips voor jouw werkdag!</desc><category></category></programme><programme channel="141431057" start="20221121150000 +0000" stop="20221121180000 +0000" catchup-id="1296277495"><title>Kijk Radio: De 538 Middag met Frank Dane</title><date></date><icon src="https://t-mobiletv.nl:443/CPS/images/universal/film/program/202211/20221114/37/20221114090130518f6q.jpg"></icon><desc>Sluit je werkdag goed af tijdens de 538 Middag met Frank Dane!</desc><category></category></programme><programme channel="141431057" start="20221121180000 +0000" stop="20221121190000 +0000" catchup-id="1296277501"><title>538 Classics</title><date></date><icon src="https://t-mobiletv.nl:443/CPS/images/universal/film/program/202211/20221114/81/20221114090130518e36.jpg"></icon><desc>In 538 Classics zie je de beste videoclips uit de 90's, 00's of 10's!</desc><category></category></programme><programme channel="141431057" start="20221121190000 +0000" stop="20221121191000 +0000" catchup-id="1296277507"><title>Release Reacties</title><date></date><icon src="https://t-mobiletv.nl:443/CPS/images/universal/film/program/202211/20221114/86/202211140901305187w5.jpg"></icon><desc>538 viert zijn 30ste verjaardag en daarom deze week een speciale aflevering van Release Reacties, waarin 6 bekende gezichten luisteren naar de grootste hits van de afgelopen 30 jaar! Zij delen hun meest bizarre, gênante of persoonlijke herinneringen aan deze tracks.</desc><category></category></programme><programme channel="141431057" start="20221121191000 +0000" stop="20221121193000 +0000" catchup-id="1296277513"><title>Voetbal Flashbacks</title><date></date><icon src="https://t-mobiletv.nl:443/CPS/images/universal/film/program/202211/20221114/24/20221114090130518vdi.jpg"></icon><desc>In 538 Voetbal Flashbacks gaat Touzani deze week op bezoek bij Dutch Performante. Samen met hem bezoekt hij zijn oude clubbie VV Zeewolde en halen ze herinneringen op aan zijn tijd op het veld en daarbuiten. Daarnaast maakt Chahid een LEGENDARISCHE goal voor de WK-challenge!</desc><category></category></programme><programme channel="141431057" start="20221121193000 +0000" stop="20221121200000 +0000" catchup-id="1296277519"><title>Home of Hits</title><date></date><icon src="https://t-mobiletv.nl:443/CPS/images/universal/film/program/202211/20221114/99/20221114090130518fen.jpg"></icon><desc>In deze laatste aflevering van Home of Hits gaat Kraantje Pappie langs bij S10. Ze vertelt hoe ze is begonnen met muziek maken en zegt het soms vervelend te vinden dat haar mentalegezondheid haar identiteit is geworden. Volgende week komt haar nieuwe album uit en Kraantje kreeg een primeur van een wel hele toffe samenwerking! Dit en nog veel meer zie je in de nieuwste Home of Hits!</desc><category></category></programme><programme channel="141431057" start="20221121200000 +0000" stop="20221121230000 +0000" catchup-id="1296277525"><title>Kijk Radio: Bas Menting</title><date></date><icon src="https://t-mobiletv.nl:443/CPS/images/universal/film/program/202211/20221114/21/202211140901305185k0.jpg"></icon><desc>Je ziet Bas Menting elk maandag t/m donderdag tussen 21:00 en 00:00 uur op TV 538!</desc><category></category></programme><programme channel="141431057" start="20221121230000 +0000" stop="20221122050000 +0000" catchup-id="1296671307"><title>Non-Stop 538</title><date></date><icon src="https://t-mobiletv.nl:443/CPS/images/universal/film/program/202211/20221115/33/2022111509003552023z.jpg"></icon><desc>Je ziet elke doordeweekse nacht in Non-Stop 538 de beste videoclips achter elkaar!</desc><category></category></programme><programme channel="141431057" start="20221122050000 +0000" stop="20221122090000 +0000" catchup-id="1296831658"><title>Kijk Radio: De 538 Ochtend met Wietze en Klaas</title><date></date><icon src="https://t-mobiletv.nl:443/CPS/images/universal/film/program/202211/20221115/8/20221115150030517orj.jpg"></icon><desc>Begin je (thuis)werkdag met Wietze en Klaas! Luister en kijk iedere werkdag tussen 06:00 en 10:00 uur naar De 538 Ochtend met Wietze en Klaas op TV 538.</desc><category></category></programme><programme channel="141431057" start="20221122090000 +0000" stop="20221122110000 +0000" catchup-id="1296831664"><title>De Beste Hits Uit 30 Jaar 538</title><date></date><icon src="https://t-mobiletv.nl:443/CPS/images/universal/film/program/202211/20221115/79/202211151500305179uq.jpg"></icon><desc>Geniet elke ochtend tussen 10:00 en 12:00 uur van de állergrootste 538-hits van de afgelopen dertig jaar.</desc><category></category></programme><programme channel="141431057" start="20221122110000 +0000" stop="20221122130000 +0000" catchup-id="1296831670"><title>Kijk Radio: De 538 Lunch met Coen</title><date></date><icon src="https://t-mobiletv.nl:443/CPS/images/universal/film/program/202211/20221115/47/202211151500305174kb.jpg"></icon><desc>Geniet van de lekkerste hits samen met Coen Swijnenberg voor bij je lunch.</desc><category></category></programme><programme channel="141431057" start="20221122130000 +0000" stop="20221122150000 +0000" catchup-id="1296831676"><title>De Hits Van Vandaag</title><date></date><icon src="https://t-mobiletv.nl:443/CPS/images/universal/film/program/202211/20221115/35/20221115150030517s8n.jpg"></icon><desc>Je ziet nu de meest actuele hits &amp; videoclips voor jouw werkdag!</desc><category></category></programme><programme channel="141431057" start="20221122150000 +0000" stop="20221122180000 +0000" catchup-id="1296831682"><title>Kijk Radio: De 538 Middag met Frank Dane</title><date></date><icon src="https://t-mobiletv.nl:443/CPS/images/universal/film/program/202211/20221115/10/20221115150030517qeo.jpg"></icon><desc>Sluit je werkdag goed af tijdens de 538 Middag met Frank Dane!</desc><category></category></programme><programme channel="141431057" start="20221122180000 +0000" stop="20221122190000 +0000" catchup-id="1296831688"><title>538 Classics</title><date></date><icon src="https://t-mobiletv.nl:443/CPS/images/universal/film/program/202211/20221115/43/20221115150030517n7h.jpg"></icon><desc>In 538 Classics zie je de beste videoclips uit de 90's, 00's of 10's!</desc><category></category></programme><programme channel="141431057" start="20221122190000 +0000" stop="20221122191000 +0000" catchup-id="1296831694"><title>30 jaar 538 Showcase</title><date></date><icon src="https://t-mobiletv.nl:443/CPS/images/universal/film/program/202211/20221115/68/20221115150030518rlq.jpg"></icon><desc>Radio 538 bestaat 30 jaar en dat moet gevierd worden! Daarom trakteren wij op een bijzondere videoreeks mini-concerten. Davina Michelle trapt af met een dikke show op een heel bijzondere locatie: haar allereerste studio. Natuurlijk zingt ze haar nieuwste single 'I love me more' en haar grote hit 'Hyper'. Daarnaast brengt ze een cover van een nummer uit de afgelopen 30 jaar dat veel voor haar heeft betekend.</desc><category></category></programme><programme channel="141431057" start="20221122191000 +0000" stop="20221122193000 +0000" catchup-id="1296831700"><title>Home of Hits</title><date></date><icon src="https://t-mobiletv.nl:443/CPS/images/universal/film/program/202211/20221115/63/20221115150030518s8q.jpg"></icon><desc>In deze laatste aflevering van Home of Hits gaat Kraantje Pappie langs bij S10. Ze vertelt hoe ze is begonnen met muziek maken en zegt het soms vervelend te vinden dat haar mentalegezondheid haar identiteit is geworden. Volgende week komt haar nieuwe album uit en Kraantje kreeg een primeur van een wel hele toffe samenwerking! Dit en nog veel meer zie je in de nieuwste Home of Hits!</desc><category></category></programme><programme channel="141431057" start="20221122193000 +0000" stop="20221122200000 +0000" catchup-id="1296831706"><title>Voetbal Flashbacks</title><date></date><icon src="https://t-mobiletv.nl:443/CPS/images/universal/film/program/202211/20221115/77/20221115150030518age.jpg"></icon><desc>In 538 Voetbal Flashbacks gaat Touzani deze week op bezoek bij Dutch Performante. Samen met hem bezoekt hij zijn oude clubbie VV Zeewolde en halen ze herinneringen op aan zijn tijd op het veld en daarbuiten. Daarnaast maakt Chahid een LEGENDARISCHE goal voor de WK-challenge!</desc><category></category></programme><programme channel="141431057" start="20221122200000 +0000" stop="20221122230000 +0000" catchup-id="1296831712"><title>Kijk Radio: Bas Menting</title><date></date><icon src="https://t-mobiletv.nl:443/CPS/images/universal/film/program/202211/20221115/47/20221115150030518jci.jpg"></icon><desc>Je ziet Bas Menting elk maandag t/m donderdag tussen 21:00 en 00:00 uur op TV 538!</desc><category></category></programme><programme channel="141431057" start="20221122230000 +0000" stop="20221123050000 +0000" catchup-id="1297117561"><title>Non-Stop 538</title><date></date><icon src="https://t-mobiletv.nl:443/CPS/images/universal/film/program/202211/20221116/77/20221116090109706i7c.jpg"></icon><desc>Je ziet elke doordeweekse nacht in Non-Stop 538 de beste videoclips achter elkaar!</desc><category></category></programme><programme channel="141431057" start="20221123050000 +0000" stop="20221123090000 +0000" catchup-id="1297117567"><title>Kijk Radio: De 538 Ochtend met Wietze en Klaas</title><date></date><icon src="https://t-mobiletv.nl:443/CPS/images/universal/film/program/202211/20221116/67/20221116090109706l4e.jpg"></icon><desc>Begin je (thuis)werkdag met Wietze en Klaas! Luister en kijk iedere werkdag tussen 06:00 en 10:00 uur naar De 538 Ochtend met Wietze en Klaas op TV 538.</desc><category></category></programme><programme channel="141431057" start="20221123090000 +0000" stop="20221123110000 +0000" catchup-id="1297117573"><title>De Beste Hits Uit 30 Jaar 538</title><date></date><icon src="https://t-mobiletv.nl:443/CPS/images/universal/film/program/202211/20221116/75/20221116090109706ltx.jpg"></icon><desc>Geniet elke ochtend tussen 10:00 en 12:00 uur van de állergrootste 538-hits van de afgelopen dertig jaar.</desc><category></category></programme><programme channel="141431057" start="20221123110000 +0000" stop="20221123130000 +0000" catchup-id="1297117579"><title>Kijk Radio: De 538 Lunch met Coen</title><date></date><icon src="https://t-mobiletv.nl:443/CPS/images/universal/film/program/202211/20221116/51/20221116090109706eij.jpg"></icon><desc>Geniet van de lekkerste hits samen met Coen Swijnenberg voor bij je lunch.</desc><category></category></programme><programme channel="141431057" start="20221123130000 +0000" stop="20221123150000 +0000" catchup-id="1297117585"><title>De Hits Van Vandaag</title><date></date><icon src="https://t-mobiletv.nl:443/CPS/images/universal/film/program/202211/20221116/63/20221116090109706aox.jpg"></icon><desc>Je ziet nu de meest actuele hits &amp; videoclips voor jouw werkdag!</desc><category></category></programme><programme channel="141431057" start="20221123150000 +0000" stop="20221123180000 +0000" catchup-id="1297117591"><title>Kijk Radio: De 538 Middag met Frank Dane</title><date></date><icon src="https://t-mobiletv.nl:443/CPS/images/universal/film/program/202211/20221116/4/20221116090109706wn3.jpg"></icon><desc>Sluit je werkdag goed af tijdens de 538 Middag met Frank Dane!</desc><category></category></programme><programme channel="141431057" start="20221123180000 +0000" stop="20221123190000 +0000" catchup-id="1297117597"><title>538 Classics</title><date></date><icon src="https://t-mobiletv.nl:443/CPS/images/universal/film/program/202211/20221116/37/20221116090109706yng.jpg"></icon><desc>In 538 Classics zie je de beste videoclips uit de 90's, 00's of 10's!</desc><category></category></programme><programme channel="141431057" start="20221123190000 +0000" stop="20221123191000 +0000" catchup-id="1297117603"><title>Release Reacties</title><date></date><icon src="https://t-mobiletv.nl:443/CPS/images/universal/film/program/202211/20221116/25/20221116090109706b3a.jpg"></icon><desc>In Release Reacties checken jouw favoriete artiesten, BN'ers &amp; influencers de nieuwste releases. Ze geven hun ongezouten mening over de tracks en beantwoorden tegelijkertijd vragen over hun persoonlijke leven.</desc><category></category></programme><programme channel="141431057" start="20221123191000 +0000" stop="20221123193000 +0000" catchup-id="1297117865"><title>Home of Hits</title><date></date><icon src="https://t-mobiletv.nl:443/CPS/images/universal/film/program/202211/20221116/44/20221116090109706320.jpg"></icon><desc>In deze laatste aflevering van Home of Hits gaat Kraantje Pappie langs bij S10. Ze vertelt hoe ze is begonnen met muziek maken en zegt het soms vervelend te vinden dat haar mentalegezondheid haar identiteit is geworden. Volgende week komt haar nieuwe album uit en Kraantje kreeg een primeur van een wel hele toffe samenwerking! Dit en nog veel meer zie je in de nieuwste Home of Hits!</desc><category></category></programme><programme channel="141431057" start="20221123193000 +0000" stop="20221123200000 +0000" catchup-id="1297117871"><title>Platenbazen</title><date></date><icon src="https://t-mobiletv.nl:443/CPS/images/universal/film/program/202211/20221116/32/20221116090109706q9p.jpg"></icon><desc>De hilarische muziekquiz waarin Wietze de Jager en Nesim Najih het, samen met 2 muzikale vrienden, het tegen elkaar opnemen. Welk team heeft de meeste muziekkennis en is de ultieme platenbaas?</desc><category></category></programme><programme channel="141431057" start="20221123200000 +0000" stop="20221123230000 +0000" catchup-id="1297117877"><title>Kijk Radio: Bas Menting</title><date></date><icon src="https://t-mobiletv.nl:443/CPS/images/universal/film/program/202211/20221116/43/20221116090109706360.jpg"></icon><desc>Je ziet Bas Menting elk maandag t/m donderdag tussen 21:00 en 00:00 uur op TV 538!</desc><category></category></programme><programme channel="141431057" start="20221123230000 +0000" stop="20221124050000 +0000" catchup-id="1297561667"><title>Non-Stop 538</title><date></date><icon src="https://t-mobiletv.nl:443/CPS/images/universal/film/program/202211/20221117/93/202211170900555213q9.jpg"></icon><desc>Je ziet elke doordeweekse nacht in Non-Stop 538 de beste videoclips achter elkaar!</desc><category></category></programme><programme channel="141431057" start="20221124050000 +0000" stop="20221124090000 +0000" catchup-id="1297561673"><title>Kijk Radio: De 538 Ochtend met Wietze en Klaas</title><date></date><icon src="https://t-mobiletv.nl:443/CPS/images/universal/film/program/202211/20221117/15/20221117090055521c71.jpg"></icon><desc>Begin je (thuis)werkdag met Wietze en Klaas! Luister en kijk iedere werkdag tussen 06:00 en 10:00 uur naar De 538 Ochtend met Wietze en Klaas op TV 538.</desc><category></category></programme><programme channel="141431057" start="20221124090000 +0000" stop="20221124120000 +0000" catchup-id="1297561679"><title>De Beste Hits Uit 30 Jaar 538</title><date></date><icon src="https://t-mobiletv.nl:443/CPS/images/universal/film/program/202211/20221117/29/20221117090055521kov.jpg"></icon><desc>Geniet elke ochtend tussen 10:00 en 12:00 uur van de állergrootste 538-hits van de afgelopen dertig jaar.</desc><category></category></programme><programme channel="141431057" start="20221124120000 +0000" stop="20221124150000 +0000" catchup-id="1297561685"><title>De Hits Van Vandaag</title><date></date><icon src="https://t-mobiletv.nl:443/CPS/images/universal/film/program/202211/20221117/47/20221117090055521v7h.jpg"></icon><desc>Je ziet nu de meest actuele hits &amp; videoclips voor jouw werkdag!</desc><category></category></programme><programme channel="141431057" start="20221124150000 +0000" stop="20221124180000 +0000" catchup-id="1297561691"><title>Kijk Radio: De 538 Middag met Frank Dane</title><date></date><icon src="https://t-mobiletv.nl:443/CPS/images/universal/film/program/202211/20221117/57/20221117090055521bzg.jpg"></icon><desc>Sluit je werkdag goed af tijdens de 538 Middag met Frank Dane!</desc><category></category></programme><programme channel="141431057" start="20221124180000 +0000" stop="20221124190000 +0000" catchup-id="1297561697"><title>538 Classics</title><date></date><icon src="https://t-mobiletv.nl:443/CPS/images/universal/film/program/202211/20221117/18/20221117090055521jn5.jpg"></icon><desc>In 538 Classics zie je de beste videoclips uit de 90's, 00's of 10's!</desc><category></category></programme><programme channel="141431057" start="20221124190000 +0000" stop="20221124192000 +0000" catchup-id="1297561703"><title>Home of Hits</title><date></date><icon src="https://t-mobiletv.nl:443/CPS/images/universal/film/program/202211/20221117/33/20221117090055521fbm.jpg"></icon><desc>In deze laatste aflevering van Home of Hits gaat Kraantje Pappie langs bij S10. Ze vertelt hoe ze is begonnen met muziek maken en zegt het soms vervelend te vinden dat haar mentalegezondheid haar identiteit is geworden. Volgende week komt haar nieuwe album uit en Kraantje kreeg een primeur van een wel hele toffe samenwerking! Dit en nog veel meer zie je in de nieuwste Home of Hits!</desc><category></category></programme><programme channel="141431057" start="20221124192000 +0000" stop="20221124193000 +0000" catchup-id="1297561901"><title>30 jaar 538 Showcase</title><date></date><icon src="https://t-mobiletv.nl:443/CPS/images/universal/film/program/202211/20221117/56/202211170900555211ch.jpg"></icon><desc>Radio 538 bestaat 30 jaar en daarom trakteren wij op een bijzondere videoreeks mini-concerten. Suzan &amp; Freek kozen voor dit speciale optreden een unieke locatie: Forteiland Pampus. Alle vier de nummers die ze spelen passen helemaal bij deze bijzondere plek. Natuurlijk openen ze hun optreden met hun nieuwste single 'Kwijt' en sluiten af met een bijzondere cover van het nummer 'Zoutelande' van BLØF.</desc><category></category></programme><programme channel="141431057" start="20221124193000 +0000" stop="20221124200000 +0000" catchup-id="1297561907"><title>Release Reacties</title><date></date><icon src="https://t-mobiletv.nl:443/CPS/images/universal/film/program/202211/20221117/39/20221117090055521lep.jpg"></icon><desc>In Release Reacties checken jouw favoriete artiesten, BN'ers &amp; influencers de nieuwste releases. Ze geven hun ongezouten mening over de tracks en beantwoorden tegelijkertijd vragen over hun persoonlijke leven.</desc><category></category></programme><programme channel="141431057" start="20221124200000 +0000" stop="20221124230000 +0000" catchup-id="1297561913"><title>Kijk Radio: Bas Menting</title><date></date><icon src="https://t-mobiletv.nl:443/CPS/images/universal/film/program/202211/20221117/50/20221117090055521h8q.jpg"></icon><desc>Je ziet Bas Menting elk maandag t/m donderdag tussen 21:00 en 00:00 uur op TV 538!</desc><category></category></programme><programme channel="141431057" start="20221124230000 +0000" stop="20221125000000 +0000" catchup-id="1297980745"><title>538 Weekendmix</title><date></date><icon src="https://t-mobiletv.nl:443/CPS/images/universal/film/program/202211/20221118/20/20221118090040548wa3.jpg"></icon><desc>De grootste hits uit de 538 top 50 en beste classics in een vette video-mix van een uur; dat is de 538 Weekendmix!</desc><category></category></programme><programme channel="141431057" start="20221125000000 +0000" stop="20221125010000 +0000" catchup-id="1297980751"><title>538 Weekendmix</title><date></date><icon src="https://t-mobiletv.nl:443/CPS/images/universal/film/program/202211/20221118/90/20221118090040548hcd.jpg"></icon><desc>De grootste hits uit de 538 top 50 en beste classics in een vette video-mix van een uur; dat is de 538 Weekendmix!</desc><category></category></programme><programme channel="141431057" start="20221125010000 +0000" stop="20221125050000 +0000" catchup-id="1297980757"><title>Non-Stop 538</title><date></date><icon src="https://t-mobiletv.nl:443/CPS/images/universal/film/program/202211/20221118/20/20221118090040548o2a.jpg"></icon><desc>Je ziet elke doordeweekse nacht in Non-Stop 538 de beste videoclips achter elkaar!</desc><category></category></programme><programme channel="141431057" start="20221125050000 +0000" stop="20221125090000 +0000" catchup-id="1299340805"><title>Kijk Radio: De 538 Ochtend met Wietze en Klaas</title><date></date><icon src="https://t-mobiletv.nl:443/CPS/images/universal/film/program/202211/20221121/34/202211212101297123qj.jpg"></icon><desc>Begin je (thuis)werkdag met Wietze en Klaas! Luister en kijk iedere werkdag tussen 06:00 en 10:00 uur naar De 538 Ochtend met Wietze en Klaas op TV 538.</desc><category></category></programme><programme channel="141431057" start="20221125090000 +0000" stop="20221125110000 +0000" catchup-id="1299340811"><title>De Beste Hits Uit 30 Jaar 538</title><date></date><icon src="https://t-mobiletv.nl:443/CPS/images/universal/film/program/202211/20221121/80/202211212101297121q8.jpg"></icon><desc>Geniet elke ochtend tussen 10:00 en 12:00 uur van de állergrootste 538-hits van de afgelopen dertig jaar.</desc><category></category></programme><programme channel="141431057" start="20221125110000 +0000" stop="20221125130000 +0000" catchup-id="1299340817"><title>Kijk Radio: De 538 Lunch met Dennis</title><date></date><icon src="https://t-mobiletv.nl:443/CPS/images/universal/film/program/202211/20221121/62/202211212101297123b2.jpg"></icon><desc>Geniet van de lekkerste hits samen met Dennis Ruyer voor bij je lunch.</desc><category></category></programme><programme channel="141431057" start="20221125130000 +0000" stop="20221125150000 +0000" catchup-id="1299340823"><title>Bijna Weekend!</title><date></date><icon src="https://t-mobiletv.nl:443/CPS/images/universal/film/program/202211/20221121/25/20221121210129712wcq.jpg"></icon><desc>Nog heel eventjes en dan is het weekend! Kom alvast in de stemming met de beste videoclips voor op de vrijdagmiddag.</desc><category></category></programme><programme channel="141431057" start="20221125150000 +0000" stop="20221125180000 +0000" catchup-id="1299340829"><title>Kijk Radio: De Coen en Sander Show</title><date></date><icon src="https://t-mobiletv.nl:443/CPS/images/universal/film/program/202211/20221121/92/20221121210129712uw1.jpg"></icon><desc>Gezelligheid kent geen tijd, behalve tussen op vrijdag tussen 16:00 en 19:00 uur! De Coen en Sander Show zie je elke vrijdag op TV 538.</desc><category></category></programme><programme channel="141431057" start="20221125180000 +0000" stop="20221125210000 +0000" catchup-id="1299340835"><title>Kijk Radio: Bas &amp; Iris</title><date></date><icon src="https://t-mobiletv.nl:443/CPS/images/universal/film/program/202211/20221121/53/20221121210129712ozn.jpg"></icon><desc>Geniet van de beste gesprekken en muziek samen met Bas &amp; Iris op TV 538!</desc><category></category></programme><programme channel="141431057" start="20221125210000 +0000" stop="20221126000000 +0000" catchup-id="1299341545"><title>Huisfeestje</title><date></date><icon src="https://t-mobiletv.nl:443/CPS/images/universal/film/program/202211/20221121/31/202211212101297123e7.jpg"></icon><desc>Iedere vrijdag- en zaterdagavond de beste videoclips voor jouw ultieme party night!</desc><category></category></programme><programme channel="141431057" start="20221126000000 +0000" stop="20221126010000 +0000" catchup-id="1299341551"><title>538 Weekendmix</title><date></date><icon src="https://t-mobiletv.nl:443/CPS/images/universal/film/program/202211/20221121/35/202211212101297123id.jpg"></icon><desc>De grootste hits uit de 538 top 50 en beste classics in een vette video-mix van een uur; dat is de 538 Weekendmix!</desc><category></category></programme><programme channel="141431057" start="20221126010000 +0000" stop="20221126020000 +0000" catchup-id="1299341557"><title>538 Weekendmix</title><date></date><icon src="https://t-mobiletv.nl:443/CPS/images/universal/film/program/202211/20221121/86/202211212101297129e6.jpg"></icon><desc>De grootste hits uit de 538 top 50 en beste classics in een vette video-mix van een uur; dat is de 538 Weekendmix!</desc><category></category></programme><programme channel="141431057" start="20221126020000 +0000" stop="20221126050000 +0000" catchup-id="1299341563"><title>De Nachtbrakers</title><date></date><icon src="https://t-mobiletv.nl:443/CPS/images/universal/film/program/202211/20221121/3/20221121210129712gwo.jpg"></icon><desc>In het weekend check je hier de beste muziek en clips om vrijdag-en zaterdagnacht door te komen.</desc><category></category></programme><programme channel="141431057" start="20221126050000 +0000" stop="20221126110000 +0000" catchup-id="1298411415"><title>Goedemorgen!</title><date></date><icon src="https://t-mobiletv.nl:443/CPS/images/universal/film/program/202211/20221119/98/20221119090114714x3w.jpg"></icon><desc>De beste videoclips om mee wakker te worden!</desc><category></category></programme><programme channel="141431057" start="20221126110000 +0000" stop="20221126111000 +0000" catchup-id="1298411421"><title>Het Beste Van 538</title><date></date><icon src="https://t-mobiletv.nl:443/CPS/images/universal/film/program/202211/20221119/45/20221119090114714b0c.jpg"></icon><desc>Ieder weekend word je door ons op de hoogte gebracht met alle hoogtepunten van de afgelopen 538-week.</desc><category></category></programme><programme channel="141431057" start="20221126111000 +0000" stop="20221126112000 +0000" catchup-id="1298411427"><title>Release Reacties</title><date></date><icon src="https://t-mobiletv.nl:443/CPS/images/universal/film/program/202211/20221119/5/20221119090114714iaq.jpg"></icon><desc>538 viert zijn 30ste verjaardag en daarom deze week een speciale aflevering van Release Reacties, waarin 6 bekende gezichten luisteren naar de grootste hits van de afgelopen 30 jaar! Zij delen hun meest bizarre, gênante of persoonlijke herinneringen aan deze tracks.</desc><category></category></programme><programme channel="141431057" start="20221126112000 +0000" stop="20221126114000 +0000" catchup-id="1298411433"><title>Home of Hits</title><date></date><icon src="https://t-mobiletv.nl:443/CPS/images/universal/film/program/202211/20221119/8/202211190901147142ui.jpg"></icon><desc>In Home Of Hits gaat Kraantje Pappie langs bij vier verschillende artiesten om te kijken waar hun hits zijn ontstaan. Waar wonen ze? Hoe zijn ze in de muziekwereld beland? En waar nemen ze deze mega hits op? Kortom een uniek kijkje achter de voordeur!</desc><category></category></programme><programme channel="141431057" start="20221126114000 +0000" stop="20221126115000 +0000" catchup-id="1298411439"><title>30 jaar 538 Showcase</title><date></date><icon src="https://t-mobiletv.nl:443/CPS/images/universal/film/program/202211/20221119/96/20221119090114714p2y.jpg"></icon><desc>Radio 538 bestaat 30 jaar en daarom trakteren we jou op drie super dikke showcases! Speciaal daarvoor draait Kris Kross Amsterdam een set vanaf de Amsterdamse grachten. Natuurlijk komen de grootste hits uit de 90's voorbij en samen met Sigourney K doen ze het nummer 'Vluchtstrook' Live vanaf het IJ!</desc><category></category></programme><programme channel="141431057" start="20221126115000 +0000" stop="20221126120000 +0000" catchup-id="1298411445"><title>Het Beste Van 538</title><date></date><icon src="https://t-mobiletv.nl:443/CPS/images/universal/film/program/202211/20221119/79/202211190901147148e7.jpg"></icon><desc>Ieder weekend word je door ons op de hoogte gebracht met alle hoogtepunten van de afgelopen 538-week.</desc><category></category></programme><programme channel="141431057" start="20221126120000 +0000" stop="20221126140000 +0000" catchup-id="1298411451"><title>Het Beste Van De 538 Top 50</title><date></date><icon src="https://t-mobiletv.nl:443/CPS/images/universal/film/program/202211/20221119/46/20221119090114714knk.jpg"></icon><desc>Iedere zaterdagmiddag zie je het beste van de 538 Top 50. De beste clips uit de lijst &amp; de top 10.</desc><category></category></programme><programme channel="141431057" start="20221126140000 +0000" stop="20221126170000 +0000" catchup-id="1298411457"><title>Easy Saturday</title><date></date><icon src="https://t-mobiletv.nl:443/CPS/images/universal/film/program/202211/20221119/78/20221119090114715z8z.jpg"></icon><desc>Op TV 538 zie je elke zaterdagmiddag de meest relaxste videoclips voor in je weekend.</desc><category></category></programme><programme channel="141431057" start="20221126170000 +0000" stop="20221126171000 +0000" catchup-id="1298411463"><title>Het Beste Van 538</title><date></date><icon src="https://t-mobiletv.nl:443/CPS/images/universal/film/program/202211/20221119/35/20221119090114715odh.jpg"></icon><desc>Ieder weekend word je door ons op de hoogte gebracht met alle hoogtepunten van de afgelopen 538-week.</desc><category></category></programme><programme channel="141431057" start="20221126171000 +0000" stop="20221126172000 +0000" catchup-id="1298411469"><title>Release Reacties</title><date></date><icon src="https://t-mobiletv.nl:443/CPS/images/universal/film/program/202211/20221119/24/20221119090114715du4.jpg"></icon><desc>In Release Reacties checken jouw favoriete artiesten, BN'ers &amp; influencers de nieuwste releases. Ze geven hun ongezouten mening over de tracks en beantwoorden tegelijkertijd vragen over hun persoonlijke leven.</desc><category></category></programme><programme channel="141431057" start="20221126172000 +0000" stop="20221126174000 +0000" catchup-id="1298411475"><title>Home of Hits</title><date></date><icon src="https://t-mobiletv.nl:443/CPS/images/universal/film/program/202211/20221119/86/2022111909011471553w.jpg"></icon><desc>In deze aflevering gaat Kraantje Pappie op bezoek bij Bizzey! Hij laat een openhartige en kwetsbare kant van zichzelf zien. Zo vertelt hij onder andere dat hij zich weleens verschuilt achter het personage Bizzey uit onzekerheid. Verder laat hij twee dikke tracks horen die nog op de plank liggen, waaronder eentje met Bilal! Dit en nog veel meer zie je in de nieuwste Home of Hits!</desc><category></category></programme><programme channel="141431057" start="20221126174000 +0000" stop="20221126175000 +0000" catchup-id="1298411481"><title>30 jaar 538 Showcase</title><date></date><icon src="https://t-mobiletv.nl:443/CPS/images/universal/film/program/202211/20221119/59/20221119090114715aw6.jpg"></icon><desc>Radio 538 bestaat 30 jaar en dat moet gevierd worden! Daarom trakteren wij op een bijzondere videoreeks mini-concerten. Davina Michelle trapt af met een dikke show op een heel bijzondere locatie: haar allereerste studio. Natuurlijk zingt ze haar nieuwste single 'I love me more' en haar grote hit 'Hyper'. Daarnaast brengt ze een cover van een nummer uit de afgelopen 30 jaar dat veel voor haar heeft betekend.</desc><category></category></programme><programme channel="141431057" start="20221126175000 +0000" stop="20221126180000 +0000" catchup-id="1298411487"><title>Het Beste Van 538</title><date></date><icon src="https://t-mobiletv.nl:443/CPS/images/universal/film/program/202211/20221119/73/20221119090114715jim.jpg"></icon><desc>Ieder weekend word je door ons op de hoogte gebracht met alle hoogtepunten van de afgelopen 538-week.</desc><category></category></programme><programme channel="141431057" start="20221126180000 +0000" stop="20221126190000 +0000" catchup-id="1298411493"><title>538 Classics</title><date></date><icon src="https://t-mobiletv.nl:443/CPS/images/universal/film/program/202211/20221119/91/202211190901147159v5.jpg"></icon><desc>In 538 Classics zie je de beste videoclips uit de 90's, 00's of 10's!</desc><category></category></programme><programme channel="141431057" start="20221126190000 +0000" stop="20221126191000 +0000" catchup-id="1298411499"><title>Het Beste Van 538</title><date></date><icon src="https://t-mobiletv.nl:443/CPS/images/universal/film/program/202211/20221119/87/2022111909011471547g.jpg"></icon><desc>Ieder weekend word je door ons op de hoogte gebracht met alle hoogtepunten van de afgelopen 538-week.</desc><category></category></programme><programme channel="141431057" start="20221126191000 +0000" stop="20221126192000 +0000" catchup-id="1298411505"><title>Release Reacties</title><date></date><icon src="https://t-mobiletv.nl:443/CPS/images/universal/film/program/202211/20221119/53/20221119090114715124.jpg"></icon><desc>In Release Reacties checken jouw favoriete artiesten, BN'ers &amp; influencers de nieuwste releases. Ze geven hun ongezouten mening over de tracks en beantwoorden tegelijkertijd vragen over hun persoonlijke leven.</desc><category></category></programme><programme channel="141431057" start="20221126192000 +0000" stop="20221126194000 +0000" catchup-id="1298411511"><title>Home of Hits</title><date></date><icon src="https://t-mobiletv.nl:443/CPS/images/universal/film/program/202211/20221119/79/202211190901147169nd.jpg"></icon><desc>In deze laatste aflevering van Home of Hits gaat Kraantje Pappie langs bij S10. Ze vertelt hoe ze is begonnen met muziek maken en zegt het soms vervelend te vinden dat haar mentalegezondheid haar identiteit is geworden. Volgende week komt haar nieuwe album uit en Kraantje kreeg een primeur van een wel hele toffe samenwerking! Dit en nog veel meer zie je in de nieuwste Home of Hits!</desc><category></category></programme><programme channel="141431057" start="20221126194000 +0000" stop="20221126195000 +0000" catchup-id="1298411517"><title>30 jaar 538 Showcase</title><date></date><icon src="https://t-mobiletv.nl:443/CPS/images/universal/film/program/202211/20221119/69/20221119090114716qv8.jpg"></icon><desc>Radio 538 bestaat 30 jaar en daarom trakteren wij op een bijzondere videoreeks mini-concerten. Suzan &amp; Freek kozen voor dit speciale optreden een unieke locatie: Forteiland Pampus. Alle vier de nummers die ze spelen passen helemaal bij deze bijzondere plek. Natuurlijk openen ze hun optreden met hun nieuwste single 'Kwijt' en sluiten af met een bijzondere cover van het nummer 'Zoutelande' van BLØF.</desc><category></category></programme><programme channel="141431057" start="20221126195000 +0000" stop="20221126200000 +0000" catchup-id="1298411523"><title>Het Beste Van 538</title><date></date><icon src="https://t-mobiletv.nl:443/CPS/images/universal/film/program/202211/20221119/94/2022111909011471654c.jpg"></icon><desc>Ieder weekend word je door ons op de hoogte gebracht met alle hoogtepunten van de afgelopen 538-week.</desc><category></category></programme><programme channel="141431057" start="20221126200000 +0000" stop="20221126220000 +0000" catchup-id="1298411529"><title>Huisfeestje</title><date></date><icon src="https://t-mobiletv.nl:443/CPS/images/universal/film/program/202211/20221119/24/20221119090114716in4.jpg"></icon><desc>Iedere vrijdag- en zaterdagavond de beste videoclips voor jouw ultieme party night!</desc><category></category></programme><programme channel="141431057" start="20221126220000 +0000" stop="20221126230000 +0000" catchup-id="1298411535"><title>538 Weekendmix</title><date></date><icon src="https://t-mobiletv.nl:443/CPS/images/universal/film/program/202211/20221119/12/20221119090114716csb.jpg"></icon><desc>De grootste hits uit de 538 top 50 en beste classics in een vette video-mix van een uur; dat is de 538 Weekendmix!</desc><category></category></programme><programme channel="141431057" start="20221126230000 +0000" stop="20221127000000 +0000" catchup-id="1298802134"><title>538 Weekendmix</title><date></date><icon src="https://t-mobiletv.nl:443/CPS/images/universal/film/program/202211/20221120/11/20221120090040531yx1.jpg"></icon><desc>De grootste hits uit de 538 top 50 en beste classics in een vette video-mix van een uur; dat is de 538 Weekendmix!</desc><category></category></programme><programme channel="141431057" start="20221127000000 +0000" stop="20221127050000 +0000" catchup-id="1298802140"><title>De Nachtbrakers</title><date></date><icon src="https://t-mobiletv.nl:443/CPS/images/universal/film/program/202211/20221120/5/20221120090040531t9x.jpg"></icon><desc>In het weekend check je hier de beste muziek en clips om vrijdag-en zaterdagnacht door te komen.</desc><category></category></programme><programme channel="141431057" start="20221127050000 +0000" stop="20221127110000 +0000" catchup-id="1298802146"><title>Goedemorgen!</title><date></date><icon src="https://t-mobiletv.nl:443/CPS/images/universal/film/program/202211/20221120/36/20221120090040531uic.jpg"></icon><desc>De beste videoclips om mee wakker te worden!</desc><category></category></programme><programme channel="141431057" start="20221127110000 +0000" stop="20221127111000 +0000" catchup-id="1298802152"><title>Het Beste Van 538</title><date></date><icon src="https://t-mobiletv.nl:443/CPS/images/universal/film/program/202211/20221120/77/202211200900405317ns.jpg"></icon><desc>Ieder weekend word je door ons op de hoogte gebracht met alle hoogtepunten van de afgelopen 538-week.</desc><category></category></programme><programme channel="141431057" start="20221127111000 +0000" stop="20221127112000 +0000" catchup-id="1298802158"><title>Release Reacties</title><date></date><icon src="https://t-mobiletv.nl:443/CPS/images/universal/film/program/202211/20221120/33/20221120090040531ecq.jpg"></icon><desc>538 viert zijn 30ste verjaardag en daarom deze week een speciale aflevering van Release Reacties, waarin 6 bekende gezichten luisteren naar de grootste hits van de afgelopen 30 jaar! Zij delen hun meest bizarre, gênante of persoonlijke herinneringen aan deze tracks.</desc><category></category></programme><programme channel="141431057" start="20221127112000 +0000" stop="20221127114000 +0000" catchup-id="1298802164"><title>Home of Hits</title><date></date><icon src="https://t-mobiletv.nl:443/CPS/images/universal/film/program/202211/20221120/9/20221120090040531uxx.jpg"></icon><desc>Kraantje Pappie gaat langs bij Snelle thuis om te zien waar zijn hits ontstaan. Voor het eerst geeft hij een unieke rondleiding door zijn huis. Daarnaast vertelt hij over zijn transformatie van rauwe rapper naar singer song-rapper, is hij open over de mindere kanten van het artiestenleven en laat hij nieuwe muziek horen. En niet alleen van zichzelf, maar ook van Flemming! Check het snel in de allereerste aflevering van Home of Hits!</desc><category></category></programme><programme channel="141431057" start="20221127114000 +0000" stop="20221127115000 +0000" catchup-id="1298802170"><title>30 jaar 538 Showcase</title><date></date><icon src="https://t-mobiletv.nl:443/CPS/images/universal/film/program/202211/20221120/15/20221120090040532k2i.jpg"></icon><desc>Radio 538 bestaat 30 jaar en daarom trakteren we jou op drie super dikke showcases! Speciaal daarvoor draait Kris Kross Amsterdam een set vanaf de Amsterdamse grachten. Natuurlijk komen de grootste hits uit de 90's voorbij en samen met Sigourney K doen ze het nummer 'Vluchtstrook' Live vanaf het IJ!</desc><category></category></programme><programme channel="141431057" start="20221127115000 +0000" stop="20221127120000 +0000" catchup-id="1298802176"><title>Het Beste Van 538</title><date></date><icon src="https://t-mobiletv.nl:443/CPS/images/universal/film/program/202211/20221120/0/20221120090040532oz8.jpg"></icon><desc>Ieder weekend word je door ons op de hoogte gebracht met alle hoogtepunten van de afgelopen 538-week.</desc><category></category></programme><programme channel="141431057" start="20221127120000 +0000" stop="20221127130000 +0000" catchup-id="1298802182"><title>Van Eigen Bodem</title><date></date><icon src="https://t-mobiletv.nl:443/CPS/images/universal/film/program/202211/20221120/54/20221120090040532b85.jpg"></icon><desc>Elke zondagmiddag zie je de beste videoclips van eigen bodem. Van Armin van Buuren en Ronnie Flex tot DI-RECT en Davina Michelle!</desc><category></category></programme><programme channel="141431057" start="20221127130000 +0000" stop="20221127170000 +0000" catchup-id="1298802188"><title>Kijk Radio: 538 top 50</title><date></date><icon src="https://t-mobiletv.nl:443/CPS/images/universal/film/program/202211/20221120/98/202211200900405320v8.jpg"></icon><desc>Elke zondag zie je de meest actuele hitlijst van Nederland: de 538 Top 50!</desc><category></category></programme><programme channel="141431057" start="20221127170000 +0000" stop="20221127171000 +0000" catchup-id="1298802194"><title>Het Beste Van 538</title><date></date><icon src="https://t-mobiletv.nl:443/CPS/images/universal/film/program/202211/20221120/23/2022112009004053264u.jpg"></icon><desc>Ieder weekend word je door ons op de hoogte gebracht met alle hoogtepunten van de afgelopen 538-week.</desc><category></category></programme><programme channel="141431057" start="20221127171000 +0000" stop="20221127172000 +0000" catchup-id="1298802200"><title>Release Reacties</title><date></date><icon src="https://t-mobiletv.nl:443/CPS/images/universal/film/program/202211/20221120/24/20221120090040532g7m.jpg"></icon><desc>In Release Reacties checken jouw favoriete artiesten, BN'ers &amp; influencers de nieuwste releases. Ze geven hun ongezouten mening over de tracks en beantwoorden tegelijkertijd vragen over hun persoonlijke leven.</desc><category></category></programme><programme channel="141431057" start="20221127172000 +0000" stop="20221127174000 +0000" catchup-id="1298802206"><title>Home of Hits</title><date></date><icon src="https://t-mobiletv.nl:443/CPS/images/universal/film/program/202211/20221120/3/20221120090040532jeh.jpg"></icon><desc>In Home Of Hits gaat Kraantje Pappie langs bij vier verschillende artiesten om te kijken waar hun hits zijn ontstaan. Waar wonen ze? Hoe zijn ze in de muziekwereld beland? En waar nemen ze deze mega hits op? Kortom een uniek kijkje achter de voordeur!</desc><category></category></programme><programme channel="141431057" start="20221127174000 +0000" stop="20221127175000 +0000" catchup-id="1298802212"><title>30 jaar 538 Showcase</title><date></date><icon src="https://t-mobiletv.nl:443/CPS/images/universal/film/program/202211/20221120/8/2022112009004053293a.jpg"></icon><desc>Radio 538 bestaat 30 jaar en dat moet gevierd worden! Daarom trakteren wij op een bijzondere videoreeks mini-concerten. Davina Michelle trapt af met een dikke show op een heel bijzondere locatie: haar allereerste studio. Natuurlijk zingt ze haar nieuwste single 'I love me more' en haar grote hit 'Hyper'. Daarnaast brengt ze een cover van een nummer uit de afgelopen 30 jaar dat veel voor haar heeft betekend.</desc><category></category></programme><programme channel="141431057" start="20221127175000 +0000" stop="20221127180000 +0000" catchup-id="1298802218"><title>Het Beste Van 538</title><date></date><icon src="https://t-mobiletv.nl:443/CPS/images/universal/film/program/202211/20221120/79/20221120090040532uav.jpg"></icon><desc>Ieder weekend word je door ons op de hoogte gebracht met alle hoogtepunten van de afgelopen 538-week.</desc><category></category></programme><programme channel="141431057" start="20221127180000 +0000" stop="20221127190000 +0000" catchup-id="1298802224"><title>538 Classics</title><date></date><icon src="https://t-mobiletv.nl:443/CPS/images/universal/film/program/202211/20221120/19/202211200900405323qz.jpg"></icon><desc>In 538 Classics zie je de beste videoclips uit de 90's, 00's of 10's!</desc><category></category></programme><programme channel="141431057" start="20221127190000 +0000" stop="20221127191000 +0000" catchup-id="1298802230"><title>Het Beste Van 538</title><date></date><icon src="https://t-mobiletv.nl:443/CPS/images/universal/film/program/202211/20221120/54/20221120090040532v3s.jpg"></icon><desc>Ieder weekend word je door ons op de hoogte gebracht met alle hoogtepunten van de afgelopen 538-week.</desc><category></category></programme><programme channel="141431057" start="20221127191000 +0000" stop="20221127192000 +0000" catchup-id="1298802236"><title>Release Reacties</title><date></date><icon src="https://t-mobiletv.nl:443/CPS/images/universal/film/program/202211/20221120/65/20221120090040533bt2.jpg"></icon><desc>In Release Reacties checken jouw favoriete artiesten, BN'ers &amp; influencers de nieuwste releases. Ze geven hun ongezouten mening over de tracks en beantwoorden tegelijkertijd vragen over hun persoonlijke leven.</desc><category></category></programme><programme channel="141431057" start="20221127192000 +0000" stop="20221127194000 +0000" catchup-id="1298802242"><title>Home of Hits</title><date></date><icon src="https://t-mobiletv.nl:443/CPS/images/universal/film/program/202211/20221120/80/20221120090040533wpq.jpg"></icon><desc>In deze aflevering gaat Kraantje Pappie op bezoek bij Bizzey! Hij laat een openhartige en kwetsbare kant van zichzelf zien. Zo vertelt hij onder andere dat hij zich weleens verschuilt achter het personage Bizzey uit onzekerheid. Verder laat hij twee dikke tracks horen die nog op de plank liggen, waaronder eentje met Bilal! Dit en nog veel meer zie je in de nieuwste Home of Hits!</desc><category></category></programme><programme channel="141431057" start="20221127194000 +0000" stop="20221127195000 +0000" catchup-id="1298802248"><title>30 jaar 538 Showcase</title><date></date><icon src="https://t-mobiletv.nl:443/CPS/images/universal/film/program/202211/20221120/47/202211200900405330x2.jpg"></icon><desc>Radio 538 bestaat 30 jaar en daarom trakteren wij op een bijzondere videoreeks mini-concerten. Suzan &amp; Freek kozen voor dit speciale optreden een unieke locatie: Forteiland Pampus. Alle vier de nummers die ze spelen passen helemaal bij deze bijzondere plek. Natuurlijk openen ze hun optreden met hun nieuwste single 'Kwijt' en sluiten af met een bijzondere cover van het nummer 'Zoutelande' van BLØF.</desc><category></category></programme><programme channel="141431057" start="20221127195000 +0000" stop="20221127200000 +0000" catchup-id="1298802254"><title>Het Beste Van 538</title><date></date><icon src="https://t-mobiletv.nl:443/CPS/images/universal/film/program/202211/20221120/91/20221120090040533be9.jpg"></icon><desc>Ieder weekend word je door ons op de hoogte gebracht met alle hoogtepunten van de afgelopen 538-week.</desc><category></category></programme><programme channel="141431057" start="20221127200000 +0000" stop="20221127230000 +0000" catchup-id="1298802260"><title>Easy Sunday</title><date></date><icon src="https://t-mobiletv.nl:443/CPS/images/universal/film/program/202211/20221120/71/20221120090040533fga.jpg"></icon><desc>Op TV 538 zie je elke zondagavond tussen 21:00 en 00:00 uur de meest relaxste videoclips voor het afsluiten van je weekend.</desc><category></category></programme><programme channel="141431057" start="20221127230000 +0000" stop="20221128050000 +0000" catchup-id="1299185460"><title>Non-Stop 538</title><date></date><icon src="https://t-mobiletv.nl:443/CPS/images/universal/film/program/202211/20221121/53/20221121090030650run.jpg"></icon><desc>Je ziet elke doordeweekse nacht in Non-Stop 538 de beste videoclips achter elkaar!</desc><category></category></programme><programme channel="141431057" start="20221128050000 +0000" stop="20221128090000 +0000" catchup-id="1299185466"><title>Kijk Radio: De 538 Ochtend met Wietze en Klaas</title><date></date><icon src="https://t-mobiletv.nl:443/CPS/images/universal/film/program/202211/20221121/55/20221121090030650ls0.jpg"></icon><desc>Begin je (thuis)werkdag met Wietze en Klaas! Luister en kijk iedere werkdag tussen 06:00 en 10:00 uur naar De 538 Ochtend met Wietze en Klaas op TV 538.</desc><category></category></programme><programme channel="141431057" start="20221128090000 +0000" stop="20221128110000 +0000" catchup-id="1299185472"><title>De Beste Hits Uit 30 Jaar 538</title><date></date><icon src="https://t-mobiletv.nl:443/CPS/images/universal/film/program/202211/20221121/75/20221121090030650vob.jpg"></icon><desc>Geniet elke ochtend tussen 10:00 en 12:00 uur van de állergrootste 538-hits van de afgelopen dertig jaar.</desc><category></category></programme><programme channel="141431057" start="20221128110000 +0000" stop="20221128130000 +0000" catchup-id="1299185478"><title>Kijk Radio: De 538 Lunch met Coen</title><date></date><icon src="https://t-mobiletv.nl:443/CPS/images/universal/film/program/202211/20221121/47/20221121090030650ayn.jpg"></icon><desc>Geniet van de lekkerste hits samen met Coen Swijnenberg voor bij je lunch.</desc><category></category></programme><programme channel="141431057" start="20221128130000 +0000" stop="20221128150000 +0000" catchup-id="1299185484"><title>De Hits Van Vandaag</title><date></date><icon src="https://t-mobiletv.nl:443/CPS/images/universal/film/program/202211/20221121/4/202211210900306500c7.jpg"></icon><desc>Je ziet nu de meest actuele hits &amp; videoclips voor jouw werkdag!</desc><category></category></programme><programme channel="141431057" start="20221128150000 +0000" stop="20221128180000 +0000" catchup-id="1299185490"><title>Kijk Radio: De 538 Middag met Frank Dane</title><date></date><icon src="https://t-mobiletv.nl:443/CPS/images/universal/film/program/202211/20221121/54/20221121090030650f9u.jpg"></icon><desc>Sluit je werkdag goed af tijdens de 538 Middag met Frank Dane!</desc><category></category></programme><programme channel="141431057" start="20221128180000 +0000" stop="20221128190000 +0000" catchup-id="1299185496"><title>538 Classics</title><date></date><icon src="https://t-mobiletv.nl:443/CPS/images/universal/film/program/202211/20221121/2/202211210900306504jh.jpg"></icon><desc>In 538 Classics zie je de beste videoclips uit de 90's, 00's of 10's!</desc><category></category></programme><programme channel="141431057" start="20221128190000 +0000" stop="20221128191000 +0000" catchup-id="1299185502"><title>Release Reacties</title><date></date><icon src="https://t-mobiletv.nl:443/CPS/images/universal/film/program/202211/20221121/31/20221121090030650d23.jpg"></icon><desc>538 viert zijn 30ste verjaardag en daarom deze week een speciale aflevering van Release Reacties, waarin 6 bekende gezichten luisteren naar de grootste hits van de afgelopen 30 jaar! Zij delen hun meest bizarre, gênante of persoonlijke herinneringen aan deze tracks.</desc><category></category></programme><programme channel="141431057" start="20221128191000 +0000" stop="20221128193000 +0000" catchup-id="1299185508"><title>Voetbal Flashbacks</title><date></date><icon src="https://t-mobiletv.nl:443/CPS/images/universal/film/program/202211/20221121/70/20221121090030650bkl.jpg"></icon><desc>In 538 Voetbal Flashbacks gaat Touzani deze week op bezoek bij Dutch Performante. Samen met hem bezoekt hij zijn oude clubbie VV Zeewolde en halen ze herinneringen op aan zijn tijd op het veld en daarbuiten. Daarnaast maakt Chahid een LEGENDARISCHE goal voor de WK-challenge!</desc><category></category></programme><programme channel="141431057" start="20221128193000 +0000" stop="20221128200000 +0000" catchup-id="1299185514"><title>Home of Hits</title><date></date><icon src="https://t-mobiletv.nl:443/CPS/images/universal/film/program/202211/20221121/1/20221121090030650cl7.jpg"></icon><desc>In deze laatste aflevering van Home of Hits gaat Kraantje Pappie langs bij S10. Ze vertelt hoe ze is begonnen met muziek maken en zegt het soms vervelend te vinden dat haar mentalegezondheid haar identiteit is geworden. Volgende week komt haar nieuwe album uit en Kraantje kreeg een primeur van een wel hele toffe samenwerking! Dit en nog veel meer zie je in de nieuwste Home of Hits!</desc><category></category></programme><programme channel="141431057" start="20221128200000 +0000" stop="20221128230000 +0000" catchup-id="1299185520"><title>Kijk Radio: Bas Menting</title><date></date><icon src="https://t-mobiletv.nl:443/CPS/images/universal/film/program/202211/20221121/69/202211210900306502qi.jpg"></icon><desc>Je ziet Bas Menting elk maandag t/m donderdag tussen 21:00 en 00:00 uur op TV 538!</desc><category></category></programme><programme channel="141431057" start="20221128230000 +0000" stop="20221129050000 +0000" catchup-id="1299574468"><title>Non-Stop 538</title><date></date><icon src="https://t-mobiletv.nl:443/CPS/images/universal/film/program/202211/20221122/40/20221122090040522fco.jpg"></icon><desc>Je ziet elke doordeweekse nacht in Non-Stop 538 de beste videoclips achter elkaar!</desc><category></category></programme><programme channel="141431057" start="20221129050000 +0000" stop="20221129090000 +0000" catchup-id="1299574474"><title>Kijk Radio: De 538 Ochtend met Wietze en Klaas</title><date></date><icon src="https://t-mobiletv.nl:443/CPS/images/universal/film/program/202211/20221122/41/20221122090040522szi.jpg"></icon><desc>Begin je (thuis)werkdag met Wietze en Klaas! Luister en kijk iedere werkdag tussen 06:00 en 10:00 uur naar De 538 Ochtend met Wietze en Klaas op TV 538.</desc><category></category></programme><programme channel="141431057" start="20221129090000 +0000" stop="20221129110000 +0000" catchup-id="1299574480"><title>De Beste Hits Uit 30 Jaar 538</title><date></date><icon src="https://t-mobiletv.nl:443/CPS/images/universal/film/program/202211/20221122/38/202211220900405227fc.jpg"></icon><desc>Geniet elke ochtend tussen 10:00 en 12:00 uur van de állergrootste 538-hits van de afgelopen dertig jaar.</desc><category></category></programme><programme channel="141431057" start="20221129110000 +0000" stop="20221129130000 +0000" catchup-id="1299574486"><title>Kijk Radio: De 538 Lunch met Coen</title><date></date><icon src="https://t-mobiletv.nl:443/CPS/images/universal/film/program/202211/20221122/80/20221122090040522uw2.jpg"></icon><desc>Geniet van de lekkerste hits samen met Coen Swijnenberg voor bij je lunch.</desc><category></category></programme><programme channel="141431057" start="20221129130000 +0000" stop="20221129150000 +0000" catchup-id="1299574492"><title>De Hits Van Vandaag</title><date></date><icon src="https://t-mobiletv.nl:443/CPS/images/universal/film/program/202211/20221122/10/20221122090040522r2k.jpg"></icon><desc>Je ziet nu de meest actuele hits &amp; videoclips voor jouw werkdag!</desc><category></category></programme><programme channel="141431057" start="20221129150000 +0000" stop="20221129180000 +0000" catchup-id="1299574498"><title>Kijk Radio: De 538 Middag met Frank Dane</title><date></date><icon src="https://t-mobiletv.nl:443/CPS/images/universal/film/program/202211/20221122/76/20221122090040522qlg.jpg"></icon><desc>Sluit je werkdag goed af tijdens de 538 Middag met Frank Dane!</desc><category></category></programme><programme channel="141431057" start="20221129180000 +0000" stop="20221129190000 +0000" catchup-id="1299574504"><title>538 Classics</title><date></date><icon src="https://t-mobiletv.nl:443/CPS/images/universal/film/program/202211/20221122/75/202211220900405235s1.jpg"></icon><desc>In 538 Classics zie je de beste videoclips uit de 90's, 00's of 10's!</desc><category></category></programme><programme channel="141431057" start="20221129190000 +0000" stop="20221129191000 +0000" catchup-id="1299574958"><title>30 jaar 538 Showcase</title><date></date><icon src="https://t-mobiletv.nl:443/CPS/images/universal/film/program/202211/20221122/22/20221122090040523g6p.jpg"></icon><desc>Radio 538 bestaat 30 jaar en daarom trakteren we jou op drie super dikke showcases! Speciaal daarvoor draait Kris Kross Amsterdam een set vanaf de Amsterdamse grachten. Natuurlijk komen de grootste hits uit de 90's voorbij en samen met Sigourney K doen ze het nummer 'Vluchtstrook' Live vanaf het IJ!</desc><category></category></programme><programme channel="141431057" start="20221129191000 +0000" stop="20221129193000 +0000" catchup-id="1299574964"><title>Home of Hits</title><date></date><icon src="https://t-mobiletv.nl:443/CPS/images/universal/film/program/202211/20221122/90/20221122090040523pzh.jpg"></icon><desc>Kraantje Pappie gaat langs bij Snelle thuis om te zien waar zijn hits ontstaan. Voor het eerst geeft hij een unieke rondleiding door zijn huis. Daarnaast vertelt hij over zijn transformatie van rauwe rapper naar singer song-rapper, is hij open over de mindere kanten van het artiestenleven en laat hij nieuwe muziek horen. En niet alleen van zichzelf, maar ook van Flemming! Check het snel in de allereerste aflevering van Home of Hits!</desc><category></category></programme><programme channel="141431057" start="20221129193000 +0000" stop="20221129200000 +0000" catchup-id="1299574970"><title>Voetbal Flashbacks</title><date></date><icon src="https://t-mobiletv.nl:443/CPS/images/universal/film/program/202211/20221122/0/2022112209004052313b.jpg"></icon><desc>In de nieuwe serie Voetbal Flashbacks gaat Touzani elke week met een gast op bezoek bij zijn oude voetbalclub om herinneringen op te halen op het veld en daar buiten. Daarnaast worden ze uitgedaagd een legendarisch WK moment na te gaan spelen. In de eerste aflevering is Dutch Performante te gast, en volgende week Emms van Broederliefde.</desc><category></category></programme><programme channel="141431057" start="20221129200000 +0000" stop="20221129230000 +0000" catchup-id="1299574976"><title>Kijk Radio: Bas Menting</title><date></date><icon src="https://t-mobiletv.nl:443/CPS/images/universal/film/program/202211/20221122/67/20221122090040523lnf.jpg"></icon><desc>Je ziet Bas Menting elk maandag t/m donderdag tussen 21:00 en 00:00 uur op TV 538!</desc><category></category></programme><programme channel="141431057" start="20221129230000 +0000" stop="20221130050000 +0000" catchup-id="1300030776"><title>Non-Stop 538</title><date></date><icon src="https://t-mobiletv.nl:443/CPS/images/universal/film/program/202211/20221123/63/20221123090117217171.jpg"></icon><desc>Je ziet elke doordeweekse nacht in Non-Stop 538 de beste videoclips achter elkaar!</desc><category></category></programme><programme channel="141431057" start="20221130050000 +0000" stop="20221130090000 +0000" catchup-id="1300030782"><title>Kijk Radio: De 538 Ochtend met Wietze en Klaas</title><date></date><icon src="https://t-mobiletv.nl:443/CPS/images/universal/film/program/202211/20221123/61/20221123090117218e7n.jpg"></icon><desc>Begin je (thuis)werkdag met Wietze en Klaas! Luister en kijk iedere werkdag tussen 06:00 en 10:00 uur naar De 538 Ochtend met Wietze en Klaas op TV 538.</desc><category></category></programme><programme channel="141431057" start="20221130090000 +0000" stop="20221130110000 +0000" catchup-id="1300030788"><title>De Beste Hits Uit 30 Jaar 538</title><date></date><icon src="https://t-mobiletv.nl:443/CPS/images/universal/film/program/202211/20221123/48/20221123090117218a17.jpg"></icon><desc>Geniet elke ochtend tussen 10:00 en 12:00 uur van de állergrootste 538-hits van de afgelopen dertig jaar.</desc><category></category></programme><programme channel="141431057" start="20221130110000 +0000" stop="20221130130000 +0000" catchup-id="1300030794"><title>Kijk Radio: De 538 Lunch met Coen</title><date></date><icon src="https://t-mobiletv.nl:443/CPS/images/universal/film/program/202211/20221123/8/20221123090117218mgi.jpg"></icon><desc>Geniet van de lekkerste hits samen met Coen Swijnenberg voor bij je lunch.</desc><category></category></programme><programme channel="141431057" start="20221130130000 +0000" stop="20221130150000 +0000" catchup-id="1300030800"><title>De Hits Van Vandaag</title><date></date><icon src="https://t-mobiletv.nl:443/CPS/images/universal/film/program/202211/20221123/88/202211230901172183kk.jpg"></icon><desc>Je ziet nu de meest actuele hits &amp; videoclips voor jouw werkdag!</desc><category></category></programme><programme channel="141431057" start="20221130150000 +0000" stop="20221130180000 +0000" catchup-id="1300030806"><title>Kijk Radio: De 538 Middag met Frank Dane</title><date></date><icon src="https://t-mobiletv.nl:443/CPS/images/universal/film/program/202211/20221123/86/20221123090117218fat.jpg"></icon><desc>Sluit je werkdag goed af tijdens de 538 Middag met Frank Dane!</desc><category></category></programme><programme channel="141431057" start="20221130180000 +0000" stop="20221130190000 +0000" catchup-id="1300030812"><title>538 Classics</title><date></date><icon src="https://t-mobiletv.nl:443/CPS/images/universal/film/program/202211/20221123/96/20221123090117218hbs.jpg"></icon><desc>In 538 Classics zie je de beste videoclips uit de 90's, 00's of 10's!</desc><category></category></programme><programme channel="141431057" start="20221130190000 +0000" stop="20221130191000 +0000" catchup-id="1300030818"><title>Release Reacties</title><date></date><icon src="https://t-mobiletv.nl:443/CPS/images/universal/film/program/202211/20221123/49/20221123090117218xf0.jpg"></icon><desc>In Release Reacties checken jouw favoriete artiesten, BN'ers &amp; influencers de nieuwste releases. Ze geven hun ongezouten mening over de tracks en beantwoorden tegelijkertijd vragen over hun persoonlijke leven.</desc><category></category></programme><programme channel="141431057" start="20221130191000 +0000" stop="20221130193000 +0000" catchup-id="1300030824"><title>Home of Hits</title><date></date><icon src="https://t-mobiletv.nl:443/CPS/images/universal/film/program/202211/20221123/4/20221123090117218ab3.jpg"></icon><desc>In deze laatste aflevering van Home of Hits gaat Kraantje Pappie langs bij S10. Ze vertelt hoe ze is begonnen met muziek maken en zegt het soms vervelend te vinden dat haar mentalegezondheid haar identiteit is geworden. Volgende week komt haar nieuwe album uit en Kraantje kreeg een primeur van een wel hele toffe samenwerking! Dit en nog veel meer zie je in de nieuwste Home of Hits!</desc><category></category></programme><programme channel="141431057" start="20221130193000 +0000" stop="20221130200000 +0000" catchup-id="1300030830"><title>Platenbazen</title><date></date><icon src="https://t-mobiletv.nl:443/CPS/images/universal/film/program/202211/20221123/62/20221123090117218rem.jpg"></icon><desc>De hilarische muziekquiz waarin Wietze de Jager en Nesim Najih het, samen met 2 muzikale vrienden, het tegen elkaar opnemen. Welk team heeft de meeste muziekkennis en is de ultieme platenbaas?</desc><category></category></programme><programme channel="141431057" start="20221130200000 +0000" stop="20221130230000 +0000" catchup-id="1300030836"><title>Kijk Radio: Bas Menting</title><date></date><icon src="https://t-mobiletv.nl:443/CPS/images/universal/film/program/202211/20221123/52/202211230901172183tk.jpg"></icon><desc>Je ziet Bas Menting elk maandag t/m donderdag tussen 21:00 en 00:00 uur op TV 538!</desc><category></category></programme><programme channel="141431057" start="20221130230000 +0000" stop="20221201050000 +0000" catchup-id="1300441616"><title>Non-Stop 538</title><date></date><icon src="https://t-mobiletv.nl:443/CPS/images/universal/film/program/202211/20221124/6/20221124090129728f3p.jpg"></icon><desc>Je ziet elke doordeweekse nacht in Non-Stop 538 de beste videoclips achter elkaar!</desc><category></category></programme><programme channel="141431057" start="20221201050000 +0000" stop="20221201090000 +0000" catchup-id="1300441622"><title>Kijk Radio: De 538 Ochtend met Wietze en Klaas</title><date></date><icon src="https://t-mobiletv.nl:443/CPS/images/universal/film/program/202211/20221124/13/20221124090129728cnx.jpg"></icon><desc>Begin je (thuis)werkdag met Wietze en Klaas! Luister en kijk iedere werkdag tussen 06:00 en 10:00 uur naar De 538 Ochtend met Wietze en Klaas op TV 538.</desc><category></category></programme><programme channel="141431057" start="20221201090000 +0000" stop="20221201110000 +0000" catchup-id="1300441628"><title>De Beste Hits Uit 30 Jaar 538</title><date></date><icon src="https://t-mobiletv.nl:443/CPS/images/universal/film/program/202211/20221124/35/202211240901297297j4.jpg"></icon><desc>Geniet elke ochtend tussen 10:00 en 12:00 uur van de állergrootste 538-hits van de afgelopen dertig jaar.</desc><category></category></programme><programme channel="141431057" start="20221201110000 +0000" stop="20221201130000 +0000" catchup-id="1300441634"><title>Kijk Radio: De 538 Lunch met Coen</title><date></date><icon src="https://t-mobiletv.nl:443/CPS/images/universal/film/program/202211/20221124/81/202211240901297292mr.jpg"></icon><desc>Geniet van de lekkerste hits samen met Coen Swijnenberg voor bij je lunch.</desc><category></category></programme><programme channel="141431057" start="20221201130000 +0000" stop="20221201150000 +0000" catchup-id="1300441640"><title>De Hits Van Vandaag</title><date></date><icon src="https://t-mobiletv.nl:443/CPS/images/universal/film/program/202211/20221124/98/202211240901297294lm.jpg"></icon><desc>Je ziet nu de meest actuele hits &amp; videoclips voor jouw werkdag!</desc><category></category></programme><programme channel="141431057" start="20221201150000 +0000" stop="20221201180000 +0000" catchup-id="1300441646"><title>Kijk Radio: De 538 Middag met Frank Dane</title><date></date><icon src="https://t-mobiletv.nl:443/CPS/images/universal/film/program/202211/20221124/90/20221124090129729bnv.jpg"></icon><desc>Sluit je werkdag goed af tijdens de 538 Middag met Frank Dane!</desc><category></category></programme><programme channel="141431057" start="20221201180000 +0000" stop="20221201190000 +0000" catchup-id="1300441652"><title>538 Classics</title><date></date><icon src="https://t-mobiletv.nl:443/CPS/images/universal/film/program/202211/20221124/14/20221124090129729jzv.jpg"></icon><desc>In 538 Classics zie je de beste videoclips uit de 90's, 00's of 10's!</desc><category></category></programme><programme channel="141431057" start="20221201190000 +0000" stop="20221201192000 +0000" catchup-id="1300441658"><title>Home of Hits</title><date></date><icon src="https://t-mobiletv.nl:443/CPS/images/universal/film/program/202211/20221124/61/20221124090129729dw0.jpg"></icon><desc>Kraantje Pappie gaat langs bij Snelle thuis om te zien waar zijn hits ontstaan. Voor het eerst geeft hij een unieke rondleiding door zijn huis. Daarnaast vertelt hij over zijn transformatie van rauwe rapper naar singer song-rapper, is hij open over de mindere kanten van het artiestenleven en laat hij nieuwe muziek horen. En niet alleen van zichzelf, maar ook van Flemming! Check het snel in de allereerste aflevering van Home of Hits!</desc><category></category></programme><programme channel="141431057" start="20221201192000 +0000" stop="20221201193000 +0000" catchup-id="1300441664"><title>30 jaar 538 Showcase</title><date></date><icon src="https://t-mobiletv.nl:443/CPS/images/universal/film/program/202211/20221124/63/20221124090129729fh5.jpg"></icon><desc>Radio 538 bestaat 30 jaar en dat moet gevierd worden! Daarom trakteren wij op een bijzondere videoreeks mini-concerten. Davina Michelle trapt af met een dikke show op een heel bijzondere locatie: haar allereerste studio. Natuurlijk zingt ze haar nieuwste single 'I love me more' en haar grote hit 'Hyper'. Daarnaast brengt ze een cover van een nummer uit de afgelopen 30 jaar dat veel voor haar heeft betekend.</desc><category></category></programme><programme channel="141431057" start="20221201193000 +0000" stop="20221201200000 +0000" catchup-id="1300441670"><title>Release Reacties</title><date></date><icon src="https://t-mobiletv.nl:443/CPS/images/universal/film/program/202211/20221124/77/20221124090129729zrl.jpg"></icon><desc>538 viert zijn 30ste verjaardag en daarom deze week een speciale aflevering van Release Reacties, waarin 6 bekende gezichten luisteren naar de grootste hits van de afgelopen 30 jaar! Zij delen hun meest bizarre, gênante of persoonlijke herinneringen aan deze tracks.</desc><category></category></programme><programme channel="141431057" start="20221201200000 +0000" stop="20221201230000 +0000" catchup-id="1300441676"><title>Kijk Radio: Bas Menting</title><date></date><icon src="https://t-mobiletv.nl:443/CPS/images/universal/film/program/202211/20221124/55/20221124090129729gpe.jpg"></icon><desc>Je ziet Bas Menting elk maandag t/m donderdag tussen 21:00 en 00:00 uur op TV 538!</desc><category></category></programme><programme channel="141431057" start="20221201230000 +0000" stop="20221202000000 +0000" catchup-id="1300854073"><title>538 Weekendmix</title><date></date><icon src="https://t-mobiletv.nl:443/CPS/images/universal/film/program/202211/20221125/3/20221125090055545sy0.jpg"></icon><desc>De grootste hits uit de 538 top 50 en beste classics in een vette video-mix van een uur; dat is de 538 Weekendmix!</desc><category></category></programme><programme channel="141431057" start="20221202000000 +0000" stop="20221202010000 +0000" catchup-id="1300854079"><title>538 Weekendmix</title><date></date><icon src="https://t-mobiletv.nl:443/CPS/images/universal/film/program/202211/20221125/19/20221125090055545s9t.jpg"></icon><desc>De grootste hits uit de 538 top 50 en beste classics in een vette video-mix van een uur; dat is de 538 Weekendmix!</desc><category></category></programme><programme channel="141431057" start="20221202010000 +0000" stop="20221202050000 +0000" catchup-id="1300854085"><title>Non-Stop 538</title><date></date><icon src="https://t-mobiletv.nl:443/CPS/images/universal/film/program/202211/20221125/11/20221125090055545gbt.jpg"></icon><desc>Je ziet elke doordeweekse nacht in Non-Stop 538 de beste videoclips achter elkaar!</desc><category></category></programme><programme channel="141431057" start="20221202050000 +0000" stop="20221202090000 +0000" catchup-id="1300854091"><title>Kijk Radio: De 538 Ochtend met Wietze en Klaas</title><date></date><icon src="https://t-mobiletv.nl:443/CPS/images/universal/film/program/202211/20221125/88/20221125090055545ye6.jpg"></icon><desc>Begin je (thuis)werkdag met Wietze en Klaas! Luister en kijk iedere werkdag tussen 06:00 en 10:00 uur naar De 538 Ochtend met Wietze en Klaas op TV 538.</desc><category></category></programme><programme channel="141431057" start="20221202090000 +0000" stop="20221202110000 +0000" catchup-id="1300854097"><title>De Beste Hits Uit 30 Jaar 538</title><date></date><icon src="https://t-mobiletv.nl:443/CPS/images/universal/film/program/202211/20221125/22/20221125090055545qwa.jpg"></icon><desc>Geniet elke ochtend tussen 10:00 en 12:00 uur van de állergrootste 538-hits van de afgelopen dertig jaar.</desc><category></category></programme><programme channel="141431057" start="20221202110000 +0000" stop="20221202130000 +0000" catchup-id="1300854103"><title>Kijk Radio: De 538 Lunch met Dennis</title><date></date><icon src="https://t-mobiletv.nl:443/CPS/images/universal/film/program/202211/20221125/67/20221125090055546inp.jpg"></icon><desc>Geniet van de lekkerste hits samen met Dennis Ruyer voor bij je lunch.</desc><category></category></programme><programme channel="141431057" start="20221202130000 +0000" stop="20221202150000 +0000" catchup-id="1300854109"><title>Bijna Weekend!</title><date></date><icon src="https://t-mobiletv.nl:443/CPS/images/universal/film/program/202211/20221125/96/20221125090055546t7n.jpg"></icon><desc>Nog heel eventjes en dan is het weekend! Kom alvast in de stemming met de beste videoclips voor op de vrijdagmiddag.</desc><category></category></programme><programme channel="141431057" start="20221202150000 +0000" stop="20221202180000 +0000" catchup-id="1300854115"><title>Kijk Radio: De Coen en Sander Show</title><date></date><icon src="https://t-mobiletv.nl:443/CPS/images/universal/film/program/202211/20221125/61/20221125090055546mhr.jpg"></icon><desc>Gezelligheid kent geen tijd, behalve tussen op vrijdag tussen 16:00 en 19:00 uur! De Coen en Sander Show zie je elke vrijdag op TV 538.</desc><category></category></programme><programme channel="141431057" start="20221202180000 +0000" stop="20221202210000 +0000" catchup-id="1300854121"><title>Kijk Radio: Bas &amp; Iris</title><date></date><icon src="https://t-mobiletv.nl:443/CPS/images/universal/film/program/202211/20221125/20/2022112509005554630r.jpg"></icon><desc>Geniet van de beste gesprekken en muziek samen met Bas &amp; Iris op TV 538!</desc><category></category></programme><programme channel="141431057" start="20221202210000 +0000" stop="20221203000000 +0000" catchup-id="1300854127"><title>Huisfeestje</title><date></date><icon src="https://t-mobiletv.nl:443/CPS/images/universal/film/program/202211/20221125/28/20221125090055546iwm.jpg"></icon><desc>Iedere vrijdag- en zaterdagavond de beste videoclips voor jouw ultieme party night!</desc><category></category></programme>