<programme channel="141430305" start="20221119174500 +0000" stop="20221119220000 +0000" catchup-id="1296026787"><title>CNN TÜRK Masası</title><date></date><icon src="https://t-mobiletv.nl:443/CPS/images/universal/film/program/202211/20221113/26/20221113190059739ogd.jpg"></icon><desc></desc><category></category></programme><programme channel="141430305" start="20221119220000 +0000" stop="20221120030000 +0000" catchup-id="1296026793"><title>CNN TÜRK MASASI ( T )</title><date></date><icon src=""></icon><desc></desc><category></category></programme><programme channel="141430305" start="20221120030000 +0000" stop="20221120040000 +0000" catchup-id="1295903794"><title>Haber</title><date></date><icon src="https://t-mobiletv.nl:443/CPS/images/universal/film/program/202211/20221113/61/20221113090119710zeo.jpg"></icon><desc></desc><category></category></programme><programme channel="141430305" start="20221120040000 +0000" stop="20221120060000 +0000" catchup-id="1295903800"><title>Güne Merhaba Hafta Sonu</title><date></date><icon src="https://t-mobiletv.nl:443/CPS/images/universal/film/program/202211/20221113/86/2022111309011971006w.jpg"></icon><desc></desc><category></category></programme><programme channel="141430305" start="20221120060000 +0000" stop="20221120070000 +0000" catchup-id="1295903812"><title>Haber</title><date></date><icon src="https://t-mobiletv.nl:443/CPS/images/universal/film/program/202211/20221113/15/20221113090119710r54.jpg"></icon><desc></desc><category></category></programme><programme channel="141430305" start="20221120070000 +0000" stop="20221120073000 +0000" catchup-id="1296026799"><title>Haber</title><date></date><icon src="https://t-mobiletv.nl:443/CPS/images/universal/film/program/202211/20221113/11/2022111319005973918v.jpg"></icon><desc></desc><category></category></programme><programme channel="141430305" start="20221120073000 +0000" stop="20221120080000 +0000" catchup-id="1296026805"><title>Toprak Ana'dan</title><date></date><icon src=""></icon><desc></desc><category></category></programme><programme channel="141430305" start="20221120080000 +0000" stop="20221120100000 +0000" catchup-id="1295903830"><title>Haber</title><date></date><icon src="https://t-mobiletv.nl:443/CPS/images/universal/film/program/202211/20221113/70/20221113090119710p7z.jpg"></icon><desc></desc><category></category></programme><programme channel="141430305" start="20221120100000 +0000" stop="20221120120000 +0000" catchup-id="1295903854"><title>Haber</title><date></date><icon src="https://t-mobiletv.nl:443/CPS/images/universal/film/program/202211/20221113/86/20221113090119710b9k.jpg"></icon><desc></desc><category></category></programme><programme channel="141430305" start="20221120120000 +0000" stop="20221120130000 +0000" catchup-id="1295903866"><title>Haber</title><date></date><icon src="https://t-mobiletv.nl:443/CPS/images/universal/film/program/202211/20221113/60/202211130901197100y3.jpg"></icon><desc></desc><category></category></programme><programme channel="141430305" start="20221120130000 +0000" stop="20221120134500 +0000" catchup-id="1295903872"><title>Haber</title><date></date><icon src="https://t-mobiletv.nl:443/CPS/images/universal/film/program/202211/20221113/56/202211130901197105jx.jpg"></icon><desc></desc><category></category></programme><programme channel="141430305" start="20221120134500 +0000" stop="20221120140000 +0000" catchup-id="1295903878"><title>Baştan Sona Sağlık</title><date></date><icon src="https://t-mobiletv.nl:443/CPS/images/universal/film/program/202211/20221113/3/20221113090119710mwa.jpg"></icon><desc></desc><category></category></programme><programme channel="141430305" start="20221120140000 +0000" stop="20221120150000 +0000" catchup-id="1296026811"><title>Haber</title><date></date><icon src="https://t-mobiletv.nl:443/CPS/images/universal/film/program/202211/20221113/70/202211131900597392wv.jpg"></icon><desc></desc><category></category></programme><programme channel="141430305" start="20221120150000 +0000" stop="20221120174500 +0000" catchup-id="1295903890"><title>Hafta Sonu Ana Haber</title><date></date><icon src="https://t-mobiletv.nl:443/CPS/images/universal/film/program/202211/20221113/79/20221113090119711dxi.jpg"></icon><desc></desc><category></category></programme><programme channel="141430305" start="20221120174500 +0000" stop="20221120220000 +0000" catchup-id="1296026817"><title>Ne Oluyor?</title><date></date><icon src="https://t-mobiletv.nl:443/CPS/images/universal/film/program/202211/20221113/67/20221113190059739uj6.jpg"></icon><desc></desc><category></category></programme><programme channel="141430305" start="20221120220000 +0000" stop="20221121030000 +0000" catchup-id="1296026823"><title>Ne Oluyor? ( T )</title><date></date><icon src=""></icon><desc></desc><category></category></programme><programme channel="141430305" start="20221121030000 +0000" stop="20221121060000 +0000" catchup-id="1296255228"><title>A'dan Z'ye</title><date></date><icon src="https://t-mobiletv.nl:443/CPS/images/universal/film/program/202211/20221114/20/202211140900597064nf.jpg"></icon><desc></desc><category></category></programme><programme channel="141430305" start="20221121060000 +0000" stop="20221121090000 +0000" catchup-id="1296255234"><title>Gündem</title><date></date><icon src="https://t-mobiletv.nl:443/CPS/images/universal/film/program/202211/20221114/99/20221114090059706t4s.jpg"></icon><desc></desc><category></category></programme><programme channel="141430305" start="20221121090000 +0000" stop="20221121110000 +0000" catchup-id="1296255240"><title>Gün Ortası</title><date></date><icon src=""></icon><desc></desc><category></category></programme><programme channel="141430305" start="20221121110000 +0000" stop="20221121130000 +0000" catchup-id="1296255246"><title>Bugün</title><date></date><icon src="https://t-mobiletv.nl:443/CPS/images/universal/film/program/202211/20221114/6/202211140900597067y8.jpg"></icon><desc></desc><category></category></programme><programme channel="141430305" start="20221121130000 +0000" stop="20221121150000 +0000" catchup-id="1296255252"><title>Günlük</title><date></date><icon src="https://t-mobiletv.nl:443/CPS/images/universal/film/program/202211/20221114/15/2022111409005970649k.jpg"></icon><desc></desc><category></category></programme><programme channel="141430305" start="20221121150000 +0000" stop="20221121173000 +0000" catchup-id="1296255258"><title>Ana Haber</title><date></date><icon src="https://t-mobiletv.nl:443/CPS/images/universal/film/program/202211/20221114/42/20221114090059706lhu.jpg"></icon><desc></desc><category></category></programme><programme channel="141430305" start="20221121173000 +0000" stop="20221121213000 +0000" catchup-id="1296255264"><title>Tarafsız Bölge</title><date></date><icon src="https://t-mobiletv.nl:443/CPS/images/universal/film/program/202211/20221114/29/20221114090059706f46.jpg"></icon><desc></desc><category></category></programme><programme channel="141430305" start="20221121213000 +0000" stop="20221122030000 +0000" catchup-id="1296255270"><title>Tarafsız Bölge ( T)</title><date></date><icon src=""></icon><desc></desc><category></category></programme><programme channel="141430305" start="20221122030000 +0000" stop="20221122060000 +0000" catchup-id="1296684754"><title>A'dan Z'ye</title><date></date><icon src="https://t-mobiletv.nl:443/CPS/images/universal/film/program/202211/20221115/0/20221115090054706d3p.jpg"></icon><desc></desc><category></category></programme><programme channel="141430305" start="20221122060000 +0000" stop="20221122090000 +0000" catchup-id="1296684760"><title>Gündem</title><date></date><icon src="https://t-mobiletv.nl:443/CPS/images/universal/film/program/202211/20221115/25/20221115090054706ydx.jpg"></icon><desc></desc><category></category></programme><programme channel="141430305" start="20221122090000 +0000" stop="20221122110000 +0000" catchup-id="1296684766"><title>Gün Ortası</title><date></date><icon src=""></icon><desc></desc><category></category></programme><programme channel="141430305" start="20221122110000 +0000" stop="20221122130000 +0000" catchup-id="1296684772"><title>Bugün</title><date></date><icon src="https://t-mobiletv.nl:443/CPS/images/universal/film/program/202211/20221115/60/20221115090054707sef.jpg"></icon><desc></desc><category></category></programme><programme channel="141430305" start="20221122130000 +0000" stop="20221122150000 +0000" catchup-id="1296684778"><title>Günlük</title><date></date><icon src="https://t-mobiletv.nl:443/CPS/images/universal/film/program/202211/20221115/13/20221115090054707fxz.jpg"></icon><desc></desc><category></category></programme><programme channel="141430305" start="20221122150000 +0000" stop="20221122174500 +0000" catchup-id="1296684784"><title>Ana Haber</title><date></date><icon src="https://t-mobiletv.nl:443/CPS/images/universal/film/program/202211/20221115/95/20221115090054707kqn.jpg"></icon><desc></desc><category></category></programme><programme channel="141430305" start="20221122174500 +0000" stop="20221122220000 +0000" catchup-id="1296684790"><title>Akıl Çemberi</title><date></date><icon src="https://t-mobiletv.nl:443/CPS/images/universal/film/program/202211/20221115/7/20221115090054707gk9.jpg"></icon><desc></desc><category></category></programme><programme channel="141430305" start="20221122220000 +0000" stop="20221123030000 +0000" catchup-id="1296684796"><title>Akıl Çemberi ( T )</title><date></date><icon src="https://t-mobiletv.nl:443/CPS/images/universal/film/program/202211/20221115/26/20221115090054707jdc.jpg"></icon><desc></desc><category></category></programme><programme channel="141430305" start="20221123030000 +0000" stop="20221123060000 +0000" catchup-id="1297107052"><title>A'dan Z'ye</title><date></date><icon src="https://t-mobiletv.nl:443/CPS/images/universal/film/program/202211/20221116/12/20221116090055520b6j.jpg"></icon><desc></desc><category></category></programme><programme channel="141430305" start="20221123060000 +0000" stop="20221123090000 +0000" catchup-id="1297107058"><title>Gündem</title><date></date><icon src="https://t-mobiletv.nl:443/CPS/images/universal/film/program/202211/20221116/65/20221116090055520m6c.jpg"></icon><desc></desc><category></category></programme><programme channel="141430305" start="20221123090000 +0000" stop="20221123110000 +0000" catchup-id="1297107064"><title>Gün Ortası</title><date></date><icon src=""></icon><desc></desc><category></category></programme><programme channel="141430305" start="20221123110000 +0000" stop="20221123130000 +0000" catchup-id="1297107070"><title>Bugün</title><date></date><icon src="https://t-mobiletv.nl:443/CPS/images/universal/film/program/202211/20221116/59/20221116090055520h4u.jpg"></icon><desc></desc><category></category></programme><programme channel="141430305" start="20221123130000 +0000" stop="20221123150000 +0000" catchup-id="1297107076"><title>Günlük</title><date></date><icon src="https://t-mobiletv.nl:443/CPS/images/universal/film/program/202211/20221116/64/20221116090055520kyl.jpg"></icon><desc></desc><category></category></programme><programme channel="141430305" start="20221123150000 +0000" stop="20221123173000 +0000" catchup-id="1297107082"><title>Ana Haber</title><date></date><icon src="https://t-mobiletv.nl:443/CPS/images/universal/film/program/202211/20221116/34/20221116090055520cm3.jpg"></icon><desc></desc><category></category></programme><programme channel="141430305" start="20221123173000 +0000" stop="20221123213000 +0000" catchup-id="1297107088"><title>Akıl Çemberi</title><date></date><icon src="https://t-mobiletv.nl:443/CPS/images/universal/film/program/202211/20221116/57/20221116090055520sai.jpg"></icon><desc></desc><category></category></programme><programme channel="141430305" start="20221123213000 +0000" stop="20221124030000 +0000" catchup-id="1297107094"><title>Akıl Çemberi ( T )</title><date></date><icon src="https://t-mobiletv.nl:443/CPS/images/universal/film/program/202211/20221116/32/20221116090055520ftf.jpg"></icon><desc></desc><category></category></programme><programme channel="141430305" start="20221124030000 +0000" stop="20221124060000 +0000" catchup-id="1297565625"><title>A'dan Z'ye</title><date></date><icon src="https://t-mobiletv.nl:443/CPS/images/universal/film/program/202211/20221117/66/20221117090104718ew2.jpg"></icon><desc></desc><category></category></programme><programme channel="141430305" start="20221124060000 +0000" stop="20221124090000 +0000" catchup-id="1297565631"><title>Gündem</title><date></date><icon src="https://t-mobiletv.nl:443/CPS/images/universal/film/program/202211/20221117/43/20221117090104719rd3.jpg"></icon><desc></desc><category></category></programme><programme channel="141430305" start="20221124090000 +0000" stop="20221124110000 +0000" catchup-id="1297565637"><title>Gün Ortası</title><date></date><icon src=""></icon><desc></desc><category></category></programme><programme channel="141430305" start="20221124110000 +0000" stop="20221124130000 +0000" catchup-id="1297565643"><title>Bugün</title><date></date><icon src="https://t-mobiletv.nl:443/CPS/images/universal/film/program/202211/20221117/24/20221117090104719o4k.jpg"></icon><desc></desc><category></category></programme><programme channel="141430305" start="20221124130000 +0000" stop="20221124150000 +0000" catchup-id="1297565649"><title>Günlük</title><date></date><icon src="https://t-mobiletv.nl:443/CPS/images/universal/film/program/202211/20221117/12/20221117090104719m80.jpg"></icon><desc></desc><category></category></programme><programme channel="141430305" start="20221124150000 +0000" stop="20221124174500 +0000" catchup-id="1297565655"><title>Ana Haber</title><date></date><icon src="https://t-mobiletv.nl:443/CPS/images/universal/film/program/202211/20221117/67/20221117090104719b3b.jpg"></icon><desc></desc><category></category></programme><programme channel="141430305" start="20221124174500 +0000" stop="20221124220000 +0000" catchup-id="1297565661"><title>Akıl Çemberi</title><date></date><icon src="https://t-mobiletv.nl:443/CPS/images/universal/film/program/202211/20221117/43/202211170901047191hi.jpg"></icon><desc></desc><category></category></programme><programme channel="141430305" start="20221124220000 +0000" stop="20221125030000 +0000" catchup-id="1297565667"><title>Gece Görüşü ( T )</title><date></date><icon src=""></icon><desc></desc><category></category></programme><programme channel="141430305" start="20221125030000 +0000" stop="20221125060000 +0000" catchup-id="1297984585"><title>A'dan Z'ye</title><date></date><icon src="https://t-mobiletv.nl:443/CPS/images/universal/film/program/202211/20221118/91/20221118090045512z2b.jpg"></icon><desc></desc><category></category></programme><programme channel="141430305" start="20221125060000 +0000" stop="20221125090000 +0000" catchup-id="1297984591"><title>Gündem</title><date></date><icon src="https://t-mobiletv.nl:443/CPS/images/universal/film/program/202211/20221118/14/202211180900455125yh.jpg"></icon><desc></desc><category></category></programme><programme channel="141430305" start="20221125090000 +0000" stop="20221125110000 +0000" catchup-id="1297984597"><title>Gün Ortası</title><date></date><icon src=""></icon><desc></desc><category></category></programme><programme channel="141430305" start="20221125110000 +0000" stop="20221125130000 +0000" catchup-id="1297984603"><title>Bugün</title><date></date><icon src="https://t-mobiletv.nl:443/CPS/images/universal/film/program/202211/20221118/93/20221118090045512hxp.jpg"></icon><desc></desc><category></category></programme><programme channel="141430305" start="20221125130000 +0000" stop="20221125150000 +0000" catchup-id="1297984609"><title>Günlük</title><date></date><icon src="https://t-mobiletv.nl:443/CPS/images/universal/film/program/202211/20221118/83/20221118090045512z01.jpg"></icon><desc></desc><category></category></programme><programme channel="141430305" start="20221125150000 +0000" stop="20221125174500 +0000" catchup-id="1297984615"><title>Ana Haber</title><date></date><icon src="https://t-mobiletv.nl:443/CPS/images/universal/film/program/202211/20221118/38/20221118090045512o6c.jpg"></icon><desc></desc><category></category></programme><programme channel="141430305" start="20221125174500 +0000" stop="20221125220000 +0000" catchup-id="1297984749"><title>Akıl Çemberi</title><date></date><icon src="https://t-mobiletv.nl:443/CPS/images/universal/film/program/202211/20221118/51/20221118090045512nyh.jpg"></icon><desc></desc><category></category></programme><programme channel="141430305" start="20221125220000 +0000" stop="20221126030000 +0000" catchup-id="1297984755"><title>Akıl Çemberi( T )</title><date></date><icon src=""></icon><desc></desc><category></category></programme><programme channel="141430305" start="20221126030000 +0000" stop="20221126040000 +0000" catchup-id="1298385099"><title>Haber</title><date></date><icon src="https://t-mobiletv.nl:443/CPS/images/universal/film/program/202211/20221119/45/20221119090030510x05.jpg"></icon><desc></desc><category></category></programme><programme channel="141430305" start="20221126040000 +0000" stop="20221126060000 +0000" catchup-id="1298385105"><title>Güne Merhaba Hafta Sonu</title><date></date><icon src="https://t-mobiletv.nl:443/CPS/images/universal/film/program/202211/20221119/95/20221119090030510crj.jpg"></icon><desc></desc><category></category></programme><programme channel="141430305" start="20221126060000 +0000" stop="20221126070000 +0000" catchup-id="1298385111"><title>Haber</title><date></date><icon src="https://t-mobiletv.nl:443/CPS/images/universal/film/program/202211/20221119/74/2022111909003051038r.jpg"></icon><desc></desc><category></category></programme><programme channel="141430305" start="20221126070000 +0000" stop="20221126080000 +0000" catchup-id="1298385117"><title>Hafta Sonu</title><date></date><icon src="https://t-mobiletv.nl:443/CPS/images/universal/film/program/202211/20221119/24/20221119090030510o8i.jpg"></icon><desc></desc><category></category></programme><programme channel="141430305" start="20221126080000 +0000" stop="20221126083000 +0000" catchup-id="1298385123"><title>Haber</title><date></date><icon src="https://t-mobiletv.nl:443/CPS/images/universal/film/program/202211/20221119/99/20221119090030510ieo.jpg"></icon><desc></desc><category></category></programme><programme channel="141430305" start="20221126083000 +0000" stop="20221126090000 +0000" catchup-id="1298385513"><title>Yeşil Doğa</title><date></date><icon src="https://t-mobiletv.nl:443/CPS/images/universal/film/program/202211/20221119/84/20221119090030510zpm.jpg"></icon><desc></desc><category></category></programme><programme channel="141430305" start="20221126090000 +0000" stop="20221126110000 +0000" catchup-id="1298385519"><title>Haber</title><date></date><icon src="https://t-mobiletv.nl:443/CPS/images/universal/film/program/202211/20221119/4/202211190900305102a5.jpg"></icon><desc></desc><category></category></programme><programme channel="141430305" start="20221126110000 +0000" stop="20221126134500 +0000" catchup-id="1298385525"><title>Haber</title><date></date><icon src="https://t-mobiletv.nl:443/CPS/images/universal/film/program/202211/20221119/11/20221119090030510xnz.jpg"></icon><desc></desc><category></category></programme><programme channel="141430305" start="20221126134500 +0000" stop="20221126140000 +0000" catchup-id="1298385531"><title>Klinik</title><date></date><icon src="https://t-mobiletv.nl:443/CPS/images/universal/film/program/202211/20221119/35/20221119090030510sk1.jpg"></icon><desc></desc><category></category></programme><programme channel="141430305" start="20221126140000 +0000" stop="20221126150000 +0000" catchup-id="1298385537"><title>5N1K</title><date></date><icon src="https://t-mobiletv.nl:443/CPS/images/universal/film/program/202211/20221119/25/20221119090030511zft.jpg"></icon><desc></desc><category></category></programme><programme channel="141430305" start="20221126150000 +0000" stop="20221126174500 +0000" catchup-id="1298385543"><title>Hafta Sonu Ana Haber</title><date></date><icon src="https://t-mobiletv.nl:443/CPS/images/universal/film/program/202211/20221119/22/20221119090030511n3e.jpg"></icon><desc></desc><category></category></programme><programme channel="141430305" start="20221126174500 +0000" stop="20221126220000 +0000" catchup-id="1298385549"><title>CNN TÜRK Masası</title><date></date><icon src="https://t-mobiletv.nl:443/CPS/images/universal/film/program/202211/20221119/23/202211190900305115vg.jpg"></icon><desc></desc><category></category></programme><programme channel="141430305" start="20221126220000 +0000" stop="20221127030000 +0000" catchup-id="1298385555"><title>CNN TÜRK MASASI ( T )</title><date></date><icon src=""></icon><desc></desc><category></category></programme><programme channel="141430305" start="20221127030000 +0000" stop="20221127040000 +0000" catchup-id="1298822643"><title>Haber</title><date></date><icon src="https://t-mobiletv.nl:443/CPS/images/universal/film/program/202211/20221120/66/20221120090105521wmr.jpg"></icon><desc></desc><category></category></programme><programme channel="141430305" start="20221127040000 +0000" stop="20221127060000 +0000" catchup-id="1298822649"><title>Güne Merhaba Hafta Sonu</title><date></date><icon src="https://t-mobiletv.nl:443/CPS/images/universal/film/program/202211/20221120/84/20221120090105521239.jpg"></icon><desc></desc><category></category></programme><programme channel="141430305" start="20221127060000 +0000" stop="20221127070000 +0000" catchup-id="1298822655"><title>Haber</title><date></date><icon src="https://t-mobiletv.nl:443/CPS/images/universal/film/program/202211/20221120/19/20221120090105521fsx.jpg"></icon><desc></desc><category></category></programme><programme channel="141430305" start="20221127070000 +0000" stop="20221127073000 +0000" catchup-id="1298822661"><title>Haber</title><date></date><icon src="https://t-mobiletv.nl:443/CPS/images/universal/film/program/202211/20221120/64/20221120090105521tri.jpg"></icon><desc></desc><category></category></programme><programme channel="141430305" start="20221127073000 +0000" stop="20221127080000 +0000" catchup-id="1298822667"><title>Toprak Ana'dan</title><date></date><icon src=""></icon><desc></desc><category></category></programme><programme channel="141430305" start="20221127080000 +0000" stop="20221127100000 +0000" catchup-id="1298822673"><title>Haber</title><date></date><icon src="https://t-mobiletv.nl:443/CPS/images/universal/film/program/202211/20221120/27/20221120090105521mdz.jpg"></icon><desc></desc><category></category></programme><programme channel="141430305" start="20221127100000 +0000" stop="20221127120000 +0000" catchup-id="1298822679"><title>Haber</title><date></date><icon src="https://t-mobiletv.nl:443/CPS/images/universal/film/program/202211/20221120/29/20221120090105521hia.jpg"></icon><desc></desc><category></category></programme><programme channel="141430305" start="20221127120000 +0000" stop="20221127130000 +0000" catchup-id="1298822685"><title>Haber</title><date></date><icon src="https://t-mobiletv.nl:443/CPS/images/universal/film/program/202211/20221120/37/20221120090105521i1t.jpg"></icon><desc></desc><category></category></programme><programme channel="141430305" start="20221127130000 +0000" stop="20221127134500 +0000" catchup-id="1298822691"><title>Haber</title><date></date><icon src="https://t-mobiletv.nl:443/CPS/images/universal/film/program/202211/20221120/36/20221120090105522xa1.jpg"></icon><desc></desc><category></category></programme><programme channel="141430305" start="20221127134500 +0000" stop="20221127140000 +0000" catchup-id="1298823401"><title>Baştan Sona Sağlık</title><date></date><icon src="https://t-mobiletv.nl:443/CPS/images/universal/film/program/202211/20221120/57/202211200901055227xn.jpg"></icon><desc></desc><category></category></programme><programme channel="141430305" start="20221127140000 +0000" stop="20221127150000 +0000" catchup-id="1298823407"><title>Haber</title><date></date><icon src="https://t-mobiletv.nl:443/CPS/images/universal/film/program/202211/20221120/24/20221120090105522l42.jpg"></icon><desc></desc><category></category></programme><programme channel="141430305" start="20221127150000 +0000" stop="20221127174500 +0000" catchup-id="1298823413"><title>Hafta Sonu Ana Haber</title><date></date><icon src="https://t-mobiletv.nl:443/CPS/images/universal/film/program/202211/20221120/78/20221120090105522nfl.jpg"></icon><desc></desc><category></category></programme><programme channel="141430305" start="20221127174500 +0000" stop="20221127220000 +0000" catchup-id="1298823419"><title>Ne Oluyor?</title><date></date><icon src="https://t-mobiletv.nl:443/CPS/images/universal/film/program/202211/20221120/96/2022112009010552244m.jpg"></icon><desc></desc><category></category></programme><programme channel="141430305" start="20221127220000 +0000" stop="20221128030000 +0000" catchup-id="1298823425"><title>Ne Oluyor? ( T )</title><date></date><icon src=""></icon><desc></desc><category></category></programme><programme channel="141430305" start="20221128030000 +0000" stop="20221128060000 +0000" catchup-id="1299337762"><title>A'dan Z'ye</title><date></date><icon src="https://t-mobiletv.nl:443/CPS/images/universal/film/program/202211/20221121/67/20221121210114704df9.jpg"></icon><desc></desc><category></category></programme><programme channel="141430305" start="20221128060000 +0000" stop="20221128090000 +0000" catchup-id="1299337768"><title>Gündem</title><date></date><icon src="https://t-mobiletv.nl:443/CPS/images/universal/film/program/202211/20221121/68/20221121210114704gbg.jpg"></icon><desc></desc><category></category></programme><programme channel="141430305" start="20221128090000 +0000" stop="20221128110000 +0000" catchup-id="1299338222"><title>Gün Ortası</title><date></date><icon src=""></icon><desc></desc><category></category></programme><programme channel="141430305" start="20221128110000 +0000" stop="20221128130000 +0000" catchup-id="1299338228"><title>Bugün</title><date></date><icon src="https://t-mobiletv.nl:443/CPS/images/universal/film/program/202211/20221121/47/202211212101147043u7.jpg"></icon><desc></desc><category></category></programme><programme channel="141430305" start="20221128130000 +0000" stop="20221128150000 +0000" catchup-id="1299338234"><title>Günlük</title><date></date><icon src="https://t-mobiletv.nl:443/CPS/images/universal/film/program/202211/20221121/55/2022112121011470478s.jpg"></icon><desc></desc><category></category></programme><programme channel="141430305" start="20221128150000 +0000" stop="20221128173000 +0000" catchup-id="1299338240"><title>Ana Haber</title><date></date><icon src="https://t-mobiletv.nl:443/CPS/images/universal/film/program/202211/20221121/61/20221121210114704yq2.jpg"></icon><desc></desc><category></category></programme><programme channel="141430305" start="20221128173000 +0000" stop="20221128213000 +0000" catchup-id="1299338246"><title>Tarafsız Bölge</title><date></date><icon src="https://t-mobiletv.nl:443/CPS/images/universal/film/program/202211/20221121/39/20221121210114704djc.jpg"></icon><desc></desc><category></category></programme><programme channel="141430305" start="20221128213000 +0000" stop="20221129030000 +0000" catchup-id="1299338252"><title>Tarafsız Bölge ( T)</title><date></date><icon src=""></icon><desc></desc><category></category></programme><programme channel="141430305" start="20221129030000 +0000" stop="20221129060000 +0000" catchup-id="1299573676"><title>A'dan Z'ye</title><date></date><icon src="https://t-mobiletv.nl:443/CPS/images/universal/film/program/202211/20221122/78/20221122090039705ehn.jpg"></icon><desc></desc><category></category></programme><programme channel="141430305" start="20221129060000 +0000" stop="20221129090000 +0000" catchup-id="1299573682"><title>Gündem</title><date></date><icon src="https://t-mobiletv.nl:443/CPS/images/universal/film/program/202211/20221122/45/20221122090039706jf4.jpg"></icon><desc></desc><category></category></programme><programme channel="141430305" start="20221129090000 +0000" stop="20221129110000 +0000" catchup-id="1299573688"><title>Gün Ortası</title><date></date><icon src=""></icon><desc></desc><category></category></programme><programme channel="141430305" start="20221129110000 +0000" stop="20221129130000 +0000" catchup-id="1299573694"><title>Bugün</title><date></date><icon src="https://t-mobiletv.nl:443/CPS/images/universal/film/program/202211/20221122/54/20221122090039706are.jpg"></icon><desc></desc><category></category></programme><programme channel="141430305" start="20221129130000 +0000" stop="20221129150000 +0000" catchup-id="1299573700"><title>Günlük</title><date></date><icon src="https://t-mobiletv.nl:443/CPS/images/universal/film/program/202211/20221122/3/20221122090039706oq2.jpg"></icon><desc></desc><category></category></programme><programme channel="141430305" start="20221129150000 +0000" stop="20221129174500 +0000" catchup-id="1299573706"><title>Ana Haber</title><date></date><icon src="https://t-mobiletv.nl:443/CPS/images/universal/film/program/202211/20221122/78/20221122090039706x00.jpg"></icon><desc></desc><category></category></programme><programme channel="141430305" start="20221129174500 +0000" stop="20221129220000 +0000" catchup-id="1299573712"><title>Akıl Çemberi</title><date></date><icon src="https://t-mobiletv.nl:443/CPS/images/universal/film/program/202211/20221122/9/20221122090039706r3r.jpg"></icon><desc></desc><category></category></programme><programme channel="141430305" start="20221129220000 +0000" stop="20221130030000 +0000" catchup-id="1299573718"><title>Akıl Çemberi ( T )</title><date></date><icon src="https://t-mobiletv.nl:443/CPS/images/universal/film/program/202211/20221122/61/20221122090039706w9q.jpg"></icon><desc></desc><category></category></programme><programme channel="141430305" start="20221130030000 +0000" stop="20221130060000 +0000" catchup-id="1300002744"><title>A'dan Z'ye</title><date></date><icon src="https://t-mobiletv.nl:443/CPS/images/universal/film/program/202211/20221123/5/20221123090040510esa.jpg"></icon><desc></desc><category></category></programme><programme channel="141430305" start="20221130060000 +0000" stop="20221130090000 +0000" catchup-id="1300002750"><title>Gündem</title><date></date><icon src="https://t-mobiletv.nl:443/CPS/images/universal/film/program/202211/20221123/69/20221123090040510f8r.jpg"></icon><desc></desc><category></category></programme><programme channel="141430305" start="20221130090000 +0000" stop="20221130110000 +0000" catchup-id="1300002756"><title>Gün Ortası</title><date></date><icon src=""></icon><desc></desc><category></category></programme><programme channel="141430305" start="20221130110000 +0000" stop="20221130130000 +0000" catchup-id="1300002762"><title>Bugün</title><date></date><icon src="https://t-mobiletv.nl:443/CPS/images/universal/film/program/202211/20221123/79/20221123090040510bu6.jpg"></icon><desc></desc><category></category></programme><programme channel="141430305" start="20221130130000 +0000" stop="20221130150000 +0000" catchup-id="1300002768"><title>Günlük</title><date></date><icon src="https://t-mobiletv.nl:443/CPS/images/universal/film/program/202211/20221123/95/202211230900405102z4.jpg"></icon><desc></desc><category></category></programme><programme channel="141430305" start="20221130150000 +0000" stop="20221130173000 +0000" catchup-id="1300002774"><title>Ana Haber</title><date></date><icon src="https://t-mobiletv.nl:443/CPS/images/universal/film/program/202211/20221123/18/202211230900405107k8.jpg"></icon><desc></desc><category></category></programme><programme channel="141430305" start="20221130173000 +0000" stop="20221130213000 +0000" catchup-id="1300002780"><title>Akıl Çemberi</title><date></date><icon src="https://t-mobiletv.nl:443/CPS/images/universal/film/program/202211/20221123/44/20221123090040510yx5.jpg"></icon><desc></desc><category></category></programme><programme channel="141430305" start="20221130213000 +0000" stop="20221201030000 +0000" catchup-id="1300002786"><title>Akıl Çemberi ( T )</title><date></date><icon src="https://t-mobiletv.nl:443/CPS/images/universal/film/program/202211/20221123/42/2022112309004051014z.jpg"></icon><desc></desc><category></category></programme><programme channel="141430305" start="20221201030000 +0000" stop="20221201060000 +0000" catchup-id="1300440608"><title>A'dan Z'ye</title><date></date><icon src="https://t-mobiletv.nl:443/CPS/images/universal/film/program/202211/20221124/14/20221124090125525z1t.jpg"></icon><desc></desc><category></category></programme><programme channel="141430305" start="20221201060000 +0000" stop="20221201090000 +0000" catchup-id="1300440614"><title>Gündem</title><date></date><icon src="https://t-mobiletv.nl:443/CPS/images/universal/film/program/202211/20221124/93/20221124090125525q0x.jpg"></icon><desc></desc><category></category></programme><programme channel="141430305" start="20221201090000 +0000" stop="20221201110000 +0000" catchup-id="1300440748"><title>Gün Ortası</title><date></date><icon src=""></icon><desc></desc><category></category></programme><programme channel="141430305" start="20221201110000 +0000" stop="20221201130000 +0000" catchup-id="1300440754"><title>Bugün</title><date></date><icon src="https://t-mobiletv.nl:443/CPS/images/universal/film/program/202211/20221124/92/20221124090125525flt.jpg"></icon><desc></desc><category></category></programme><programme channel="141430305" start="20221201130000 +0000" stop="20221201150000 +0000" catchup-id="1300440760"><title>Günlük</title><date></date><icon src="https://t-mobiletv.nl:443/CPS/images/universal/film/program/202211/20221124/85/20221124090125525zod.jpg"></icon><desc></desc><category></category></programme><programme channel="141430305" start="20221201150000 +0000" stop="20221201174500 +0000" catchup-id="1300440766"><title>Ana Haber</title><date></date><icon src="https://t-mobiletv.nl:443/CPS/images/universal/film/program/202211/20221124/17/20221124090125525z9d.jpg"></icon><desc></desc><category></category></programme><programme channel="141430305" start="20221201174500 +0000" stop="20221201220000 +0000" catchup-id="1300440772"><title>Akıl Çemberi</title><date></date><icon src="https://t-mobiletv.nl:443/CPS/images/universal/film/program/202211/20221124/22/20221124090125525sjr.jpg"></icon><desc></desc><category></category></programme><programme channel="141430305" start="20221201220000 +0000" stop="20221202030000 +0000" catchup-id="1300440778"><title>Gece Görüşü ( T )</title><date></date><icon src=""></icon><desc></desc><category></category></programme><programme channel="141430305" start="20221202030000 +0000" stop="20221202060000 +0000" catchup-id="1300866316"><title>A'dan Z'ye</title><date></date><icon src="https://t-mobiletv.nl:443/CPS/images/universal/film/program/202211/20221125/63/2022112509011053825n.jpg"></icon><desc></desc><category></category></programme><programme channel="141430305" start="20221202060000 +0000" stop="20221202090000 +0000" catchup-id="1300866322"><title>Gündem</title><date></date><icon src="https://t-mobiletv.nl:443/CPS/images/universal/film/program/202211/20221125/29/202211250901105395zu.jpg"></icon><desc></desc><category></category></programme><programme channel="141430305" start="20221202090000 +0000" stop="20221202110000 +0000" catchup-id="1300866328"><title>Gün Ortası</title><date></date><icon src=""></icon><desc></desc><category></category></programme><programme channel="141430305" start="20221202110000 +0000" stop="20221202130000 +0000" catchup-id="1300866334"><title>Bugün</title><date></date><icon src="https://t-mobiletv.nl:443/CPS/images/universal/film/program/202211/20221125/91/20221125090110539ig5.jpg"></icon><desc></desc><category></category></programme><programme channel="141430305" start="20221202130000 +0000" stop="20221202150000 +0000" catchup-id="1300866340"><title>Günlük</title><date></date><icon src="https://t-mobiletv.nl:443/CPS/images/universal/film/program/202211/20221125/29/202211250901105390ar.jpg"></icon><desc></desc><category></category></programme><programme channel="141430305" start="20221202150000 +0000" stop="20221202174500 +0000" catchup-id="1300866602"><title>Ana Haber</title><date></date><icon src="https://t-mobiletv.nl:443/CPS/images/universal/film/program/202211/20221125/45/20221125090110539hlc.jpg"></icon><desc></desc><category></category></programme><programme channel="141430305" start="20221202174500 +0000" stop="20221202220000 +0000" catchup-id="1300866608"><title>Akıl Çemberi</title><date></date><icon src="https://t-mobiletv.nl:443/CPS/images/universal/film/program/202211/20221125/44/20221125090110539glm.jpg"></icon><desc></desc><category></category></programme><programme channel="141430305" start="20221202220000 +0000" stop="20221203030000 +0000" catchup-id="1300866614"><title>Akıl Çemberi( T )</title><date></date><icon src=""></icon><desc></desc><category></category></programme><programme channel="141430305" start="20221203030000 +0000" stop="20221203040000 +0000" catchup-id="1301312174"><title>Haber</title><date></date><icon src="https://t-mobiletv.nl:443/CPS/images/universal/film/program/202211/20221126/71/20221126090124711jxj.jpg"></icon><desc></desc><category></category></programme><programme channel="141430305" start="20221203040000 +0000" stop="20221203060000 +0000" catchup-id="1301312180"><title>Güne Merhaba Hafta Sonu</title><date></date><icon src="https://t-mobiletv.nl:443/CPS/images/universal/film/program/202211/20221126/98/20221126090124712hbm.jpg"></icon><desc></desc><category></category></programme><programme channel="141430305" start="20221203060000 +0000" stop="20221203070000 +0000" catchup-id="1301312186"><title>Haber</title><date></date><icon src="https://t-mobiletv.nl:443/CPS/images/universal/film/program/202211/20221126/77/20221126090124712z4y.jpg"></icon><desc></desc><category></category></programme><programme channel="141430305" start="20221203070000 +0000" stop="20221203080000 +0000" catchup-id="1301312192"><title>Hafta Sonu</title><date></date><icon src="https://t-mobiletv.nl:443/CPS/images/universal/film/program/202211/20221126/42/20221126090124712hy8.jpg"></icon><desc></desc><category></category></programme><programme channel="141430305" start="20221203080000 +0000" stop="20221203083000 +0000" catchup-id="1301312198"><title>Haber</title><date></date><icon src="https://t-mobiletv.nl:443/CPS/images/universal/film/program/202211/20221126/58/20221126090124712nxt.jpg"></icon><desc></desc><category></category></programme><programme channel="141430305" start="20221203083000 +0000" stop="20221203090000 +0000" catchup-id="1301312204"><title>Yeşil Doğa</title><date></date><icon src="https://t-mobiletv.nl:443/CPS/images/universal/film/program/202211/20221126/83/20221126090124712vht.jpg"></icon><desc></desc><category></category></programme><programme channel="141430305" start="20221203090000 +0000" stop="20221203110000 +0000" catchup-id="1301312210"><title>Haber</title><date></date><icon src="https://t-mobiletv.nl:443/CPS/images/universal/film/program/202211/20221126/65/20221126090124712f2m.jpg"></icon><desc></desc><category></category></programme><programme channel="141430305" start="20221203110000 +0000" stop="20221203134500 +0000" catchup-id="1301312216"><title>Haber</title><date></date><icon src="https://t-mobiletv.nl:443/CPS/images/universal/film/program/202211/20221126/6/2022112609012471229s.jpg"></icon><desc></desc><category></category></programme><programme channel="141430305" start="20221203134500 +0000" stop="20221203140000 +0000" catchup-id="1301312222"><title>Klinik</title><date></date><icon src="https://t-mobiletv.nl:443/CPS/images/universal/film/program/202211/20221126/52/20221126090124712hmn.jpg"></icon><desc></desc><category></category></programme><programme channel="141430305" start="20221203140000 +0000" stop="20221203150000 +0000" catchup-id="1301312228"><title>5N1K</title><date></date><icon src="https://t-mobiletv.nl:443/CPS/images/universal/film/program/202211/20221126/91/202211260901247124jm.jpg"></icon><desc></desc><category></category></programme><programme channel="141430305" start="20221203150000 +0000" stop="20221203174500 +0000" catchup-id="1301312234"><title>Hafta Sonu Ana Haber</title><date></date><icon src="https://t-mobiletv.nl:443/CPS/images/universal/film/program/202211/20221126/38/20221126090124712o4s.jpg"></icon><desc></desc><category></category></programme>