<programme channel="141430158" start="20221119190000 +0000" stop="20221119230000 +0000" catchup-id="1295470297"><title>Evening Lite</title><date></date><icon src="https://t-mobiletv.nl:443/CPS/images/universal/film/program/202211/20221112/93/20221112090045550x3q.jpg"></icon><desc></desc><category></category></programme><programme channel="141430158" start="20221119230000 +0000" stop="20221120030000 +0000" catchup-id="1295905387"><title>Nite Lite</title><date></date><icon src="https://t-mobiletv.nl:443/CPS/images/universal/film/program/202211/20221113/72/20221113090119707ny8.jpg"></icon><desc></desc><category></category></programme><programme channel="141430158" start="20221120030000 +0000" stop="20221120050000 +0000" catchup-id="1295905393"><title>Wake Up Lite</title><date></date><icon src="https://t-mobiletv.nl:443/CPS/images/universal/film/program/202211/20221113/99/20221113090119708nqc.jpg"></icon><desc></desc><category></category></programme><programme channel="141430158" start="20221120050000 +0000" stop="20221120090000 +0000" catchup-id="1295905399"><title>Breakfast Lite</title><date></date><icon src="https://t-mobiletv.nl:443/CPS/images/universal/film/program/202211/20221113/57/20221113090119708rug.jpg"></icon><desc></desc><category></category></programme><programme channel="141430158" start="20221120090000 +0000" stop="20221120110000 +0000" catchup-id="1295905405"><title>Coffee Break Lite</title><date></date><icon src="https://t-mobiletv.nl:443/CPS/images/universal/film/program/202211/20221113/2/2022111309011970892m.jpg"></icon><desc></desc><category></category></programme><programme channel="141430158" start="20221120110000 +0000" stop="20221120130000 +0000" catchup-id="1295905411"><title>Lunch Lite</title><date></date><icon src="https://t-mobiletv.nl:443/CPS/images/universal/film/program/202211/20221113/77/20221113090119708qu4.jpg"></icon><desc></desc><category></category></programme><programme channel="141430158" start="20221120130000 +0000" stop="20221120160000 +0000" catchup-id="1295905417"><title>High Tea Lite</title><date></date><icon src="https://t-mobiletv.nl:443/CPS/images/universal/film/program/202211/20221113/87/202211130901197089ln.jpg"></icon><desc></desc><category></category></programme><programme channel="141430158" start="20221120160000 +0000" stop="20221120190000 +0000" catchup-id="1295905423"><title>Dinner Lite</title><date></date><icon src="https://t-mobiletv.nl:443/CPS/images/universal/film/program/202211/20221113/95/20221113090119708gng.jpg"></icon><desc></desc><category></category></programme><programme channel="141430158" start="20221120190000 +0000" stop="20221120230000 +0000" catchup-id="1295905429"><title>Evening Lite</title><date></date><icon src="https://t-mobiletv.nl:443/CPS/images/universal/film/program/202211/20221113/7/20221113090119708sby.jpg"></icon><desc></desc><category></category></programme><programme channel="141430158" start="20221120230000 +0000" stop="20221121030000 +0000" catchup-id="1296281148"><title>Nite Lite</title><date></date><icon src="https://t-mobiletv.nl:443/CPS/images/universal/film/program/202211/20221114/52/20221114090135511xwu.jpg"></icon><desc></desc><category></category></programme><programme channel="141430158" start="20221121030000 +0000" stop="20221121050000 +0000" catchup-id="1296281154"><title>Wake Up Lite</title><date></date><icon src="https://t-mobiletv.nl:443/CPS/images/universal/film/program/202211/20221114/76/20221114090135511sxr.jpg"></icon><desc></desc><category></category></programme><programme channel="141430158" start="20221121050000 +0000" stop="20221121090000 +0000" catchup-id="1296281160"><title>Breakfast Lite</title><date></date><icon src="https://t-mobiletv.nl:443/CPS/images/universal/film/program/202211/20221114/50/202211140901355112ab.jpg"></icon><desc></desc><category></category></programme><programme channel="141430158" start="20221121090000 +0000" stop="20221121110000 +0000" catchup-id="1296281166"><title>Coffee Break Lite</title><date></date><icon src="https://t-mobiletv.nl:443/CPS/images/universal/film/program/202211/20221114/56/20221114090135511xm9.jpg"></icon><desc></desc><category></category></programme><programme channel="141430158" start="20221121110000 +0000" stop="20221121130000 +0000" catchup-id="1296281172"><title>Lunch Lite</title><date></date><icon src="https://t-mobiletv.nl:443/CPS/images/universal/film/program/202211/20221114/10/20221114090135511mnq.jpg"></icon><desc></desc><category></category></programme><programme channel="141430158" start="20221121130000 +0000" stop="20221121160000 +0000" catchup-id="1296281178"><title>High Tea Lite</title><date></date><icon src="https://t-mobiletv.nl:443/CPS/images/universal/film/program/202211/20221114/25/20221114090135511hoj.jpg"></icon><desc></desc><category></category></programme><programme channel="141430158" start="20221121160000 +0000" stop="20221121190000 +0000" catchup-id="1296281184"><title>Dinner Lite</title><date></date><icon src="https://t-mobiletv.nl:443/CPS/images/universal/film/program/202211/20221114/38/20221114090135511f1t.jpg"></icon><desc></desc><category></category></programme><programme channel="141430158" start="20221121190000 +0000" stop="20221121230000 +0000" catchup-id="1296281190"><title>Evening Lite</title><date></date><icon src="https://t-mobiletv.nl:443/CPS/images/universal/film/program/202211/20221114/69/20221114090135512ryv.jpg"></icon><desc></desc><category></category></programme><programme channel="141430158" start="20221121230000 +0000" stop="20221122030000 +0000" catchup-id="1296707164"><title>Nite Lite</title><date></date><icon src="https://t-mobiletv.nl:443/CPS/images/universal/film/program/202211/20221115/88/20221115090124704jpe.jpg"></icon><desc></desc><category></category></programme><programme channel="141430158" start="20221122030000 +0000" stop="20221122050000 +0000" catchup-id="1296707170"><title>Wake Up Lite</title><date></date><icon src="https://t-mobiletv.nl:443/CPS/images/universal/film/program/202211/20221115/90/20221115090124704kf3.jpg"></icon><desc></desc><category></category></programme><programme channel="141430158" start="20221122050000 +0000" stop="20221122090000 +0000" catchup-id="1296707176"><title>Breakfast Lite</title><date></date><icon src="https://t-mobiletv.nl:443/CPS/images/universal/film/program/202211/20221115/59/20221115090124704meq.jpg"></icon><desc></desc><category></category></programme><programme channel="141430158" start="20221122090000 +0000" stop="20221122110000 +0000" catchup-id="1296707310"><title>Coffee Break Lite</title><date></date><icon src="https://t-mobiletv.nl:443/CPS/images/universal/film/program/202211/20221115/45/20221115090124705oyj.jpg"></icon><desc></desc><category></category></programme><programme channel="141430158" start="20221122110000 +0000" stop="20221122130000 +0000" catchup-id="1296707316"><title>Lunch Lite</title><date></date><icon src="https://t-mobiletv.nl:443/CPS/images/universal/film/program/202211/20221115/90/2022111509012470591x.jpg"></icon><desc></desc><category></category></programme><programme channel="141430158" start="20221122130000 +0000" stop="20221122160000 +0000" catchup-id="1296707322"><title>High Tea Lite</title><date></date><icon src="https://t-mobiletv.nl:443/CPS/images/universal/film/program/202211/20221115/3/20221115090124705hk0.jpg"></icon><desc></desc><category></category></programme><programme channel="141430158" start="20221122160000 +0000" stop="20221122190000 +0000" catchup-id="1296707328"><title>Dinner Lite</title><date></date><icon src="https://t-mobiletv.nl:443/CPS/images/universal/film/program/202211/20221115/68/20221115090124705aj0.jpg"></icon><desc></desc><category></category></programme><programme channel="141430158" start="20221122190000 +0000" stop="20221122230000 +0000" catchup-id="1296707334"><title>Evening Lite</title><date></date><icon src="https://t-mobiletv.nl:443/CPS/images/universal/film/program/202211/20221115/5/20221115090124705eg2.jpg"></icon><desc></desc><category></category></programme><programme channel="141430158" start="20221122230000 +0000" stop="20221123030000 +0000" catchup-id="1297110334"><title>Nite Lite</title><date></date><icon src="https://t-mobiletv.nl:443/CPS/images/universal/film/program/202211/20221116/52/20221116090100507pzg.jpg"></icon><desc></desc><category></category></programme><programme channel="141430158" start="20221123030000 +0000" stop="20221123050000 +0000" catchup-id="1297110340"><title>Wake Up Lite</title><date></date><icon src="https://t-mobiletv.nl:443/CPS/images/universal/film/program/202211/20221116/43/20221116090100507szk.jpg"></icon><desc></desc><category></category></programme><programme channel="141430158" start="20221123050000 +0000" stop="20221123090000 +0000" catchup-id="1297110346"><title>Breakfast Lite</title><date></date><icon src="https://t-mobiletv.nl:443/CPS/images/universal/film/program/202211/20221116/70/20221116090100507uq4.jpg"></icon><desc></desc><category></category></programme><programme channel="141430158" start="20221123090000 +0000" stop="20221123110000 +0000" catchup-id="1297110352"><title>Coffee Break Lite</title><date></date><icon src="https://t-mobiletv.nl:443/CPS/images/universal/film/program/202211/20221116/72/20221116090100507n7g.jpg"></icon><desc></desc><category></category></programme><programme channel="141430158" start="20221123110000 +0000" stop="20221123130000 +0000" catchup-id="1297110358"><title>Lunch Lite</title><date></date><icon src="https://t-mobiletv.nl:443/CPS/images/universal/film/program/202211/20221116/93/202211160901005088bb.jpg"></icon><desc></desc><category></category></programme><programme channel="141430158" start="20221123130000 +0000" stop="20221123160000 +0000" catchup-id="1297110364"><title>High Tea Lite</title><date></date><icon src="https://t-mobiletv.nl:443/CPS/images/universal/film/program/202211/20221116/64/20221116090100508fpm.jpg"></icon><desc></desc><category></category></programme><programme channel="141430158" start="20221123160000 +0000" stop="20221123190000 +0000" catchup-id="1297110370"><title>Dinner Lite</title><date></date><icon src="https://t-mobiletv.nl:443/CPS/images/universal/film/program/202211/20221116/1/20221116090100508hut.jpg"></icon><desc></desc><category></category></programme><programme channel="141430158" start="20221123190000 +0000" stop="20221123230000 +0000" catchup-id="1297110376"><title>Evening Lite</title><date></date><icon src="https://t-mobiletv.nl:443/CPS/images/universal/film/program/202211/20221116/5/2022111609010050808r.jpg"></icon><desc></desc><category></category></programme><programme channel="141430158" start="20221123230000 +0000" stop="20221124030000 +0000" catchup-id="1297581652"><title>Nite Lite</title><date></date><icon src="https://t-mobiletv.nl:443/CPS/images/universal/film/program/202211/20221117/71/20221117090124714nfl.jpg"></icon><desc></desc><category></category></programme><programme channel="141430158" start="20221124030000 +0000" stop="20221124050000 +0000" catchup-id="1297581658"><title>Wake Up Lite</title><date></date><icon src="https://t-mobiletv.nl:443/CPS/images/universal/film/program/202211/20221117/95/202211170901247141ut.jpg"></icon><desc></desc><category></category></programme><programme channel="141430158" start="20221124050000 +0000" stop="20221124090000 +0000" catchup-id="1297581664"><title>Breakfast Lite</title><date></date><icon src="https://t-mobiletv.nl:443/CPS/images/universal/film/program/202211/20221117/37/20221117090124714y2u.jpg"></icon><desc></desc><category></category></programme><programme channel="141430158" start="20221124090000 +0000" stop="20221124110000 +0000" catchup-id="1297581670"><title>Coffee Break Lite</title><date></date><icon src="https://t-mobiletv.nl:443/CPS/images/universal/film/program/202211/20221117/80/20221117090124714ec9.jpg"></icon><desc></desc><category></category></programme><programme channel="141430158" start="20221124110000 +0000" stop="20221124130000 +0000" catchup-id="1297581676"><title>Lunch Lite</title><date></date><icon src="https://t-mobiletv.nl:443/CPS/images/universal/film/program/202211/20221117/65/20221117090124714wvg.jpg"></icon><desc></desc><category></category></programme><programme channel="141430158" start="20221124130000 +0000" stop="20221124160000 +0000" catchup-id="1297581682"><title>High Tea Lite</title><date></date><icon src="https://t-mobiletv.nl:443/CPS/images/universal/film/program/202211/20221117/39/20221117090124714kvt.jpg"></icon><desc></desc><category></category></programme><programme channel="141430158" start="20221124160000 +0000" stop="20221124190000 +0000" catchup-id="1297581688"><title>Dinner Lite</title><date></date><icon src="https://t-mobiletv.nl:443/CPS/images/universal/film/program/202211/20221117/47/20221117090124714tdl.jpg"></icon><desc></desc><category></category></programme><programme channel="141430158" start="20221124190000 +0000" stop="20221124230000 +0000" catchup-id="1297581694"><title>Evening Lite</title><date></date><icon src="https://t-mobiletv.nl:443/CPS/images/universal/film/program/202211/20221117/8/20221117090124715h8d.jpg"></icon><desc></desc><category></category></programme><programme channel="141430158" start="20221124230000 +0000" stop="20221125030000 +0000" catchup-id="1297993077"><title>Nite Lite</title><date></date><icon src="https://t-mobiletv.nl:443/CPS/images/universal/film/program/202211/20221118/84/20221118090100511nbv.jpg"></icon><desc></desc><category></category></programme><programme channel="141430158" start="20221125030000 +0000" stop="20221125050000 +0000" catchup-id="1297993083"><title>Wake Up Lite</title><date></date><icon src="https://t-mobiletv.nl:443/CPS/images/universal/film/program/202211/20221118/22/20221118090100511wx2.jpg"></icon><desc></desc><category></category></programme><programme channel="141430158" start="20221125050000 +0000" stop="20221125090000 +0000" catchup-id="1297993089"><title>Breakfast Lite</title><date></date><icon src="https://t-mobiletv.nl:443/CPS/images/universal/film/program/202211/20221118/40/202211180901005112e6.jpg"></icon><desc></desc><category></category></programme><programme channel="141430158" start="20221125090000 +0000" stop="20221125110000 +0000" catchup-id="1297993095"><title>Coffee Break Lite</title><date></date><icon src="https://t-mobiletv.nl:443/CPS/images/universal/film/program/202211/20221118/83/20221118090100511ino.jpg"></icon><desc></desc><category></category></programme><programme channel="141430158" start="20221125110000 +0000" stop="20221125130000 +0000" catchup-id="1297993101"><title>Lunch Lite</title><date></date><icon src="https://t-mobiletv.nl:443/CPS/images/universal/film/program/202211/20221118/97/20221118090100511k2r.jpg"></icon><desc></desc><category></category></programme><programme channel="141430158" start="20221125130000 +0000" stop="20221125160000 +0000" catchup-id="1297993107"><title>High Tea Lite</title><date></date><icon src="https://t-mobiletv.nl:443/CPS/images/universal/film/program/202211/20221118/10/20221118090100511p1w.jpg"></icon><desc></desc><category></category></programme><programme channel="141430158" start="20221125160000 +0000" stop="20221125190000 +0000" catchup-id="1297993113"><title>Dinner Lite</title><date></date><icon src="https://t-mobiletv.nl:443/CPS/images/universal/film/program/202211/20221118/8/20221118090100512iso.jpg"></icon><desc></desc><category></category></programme><programme channel="141430158" start="20221125190000 +0000" stop="20221125230000 +0000" catchup-id="1297993119"><title>Evening Lite</title><date></date><icon src="https://t-mobiletv.nl:443/CPS/images/universal/film/program/202211/20221118/86/20221118090100512l8t.jpg"></icon><desc></desc><category></category></programme><programme channel="141430158" start="20221125230000 +0000" stop="20221126030000 +0000" catchup-id="1298398847"><title>Nite Lite</title><date></date><icon src="https://t-mobiletv.nl:443/CPS/images/universal/film/program/202211/20221119/90/20221119090055302wt3.jpg"></icon><desc></desc><category></category></programme><programme channel="141430158" start="20221126030000 +0000" stop="20221126050000 +0000" catchup-id="1298398853"><title>Wake Up Lite</title><date></date><icon src="https://t-mobiletv.nl:443/CPS/images/universal/film/program/202211/20221119/65/20221119090055303tbt.jpg"></icon><desc></desc><category></category></programme><programme channel="141430158" start="20221126050000 +0000" stop="20221126090000 +0000" catchup-id="1298398859"><title>Breakfast Lite</title><date></date><icon src="https://t-mobiletv.nl:443/CPS/images/universal/film/program/202211/20221119/78/20221119090055303h3i.jpg"></icon><desc></desc><category></category></programme><programme channel="141430158" start="20221126090000 +0000" stop="20221126110000 +0000" catchup-id="1298398865"><title>Coffee Break Lite</title><date></date><icon src="https://t-mobiletv.nl:443/CPS/images/universal/film/program/202211/20221119/28/20221119090055303jd4.jpg"></icon><desc></desc><category></category></programme><programme channel="141430158" start="20221126110000 +0000" stop="20221126130000 +0000" catchup-id="1298398871"><title>Lunch Lite</title><date></date><icon src="https://t-mobiletv.nl:443/CPS/images/universal/film/program/202211/20221119/23/202211190900553036b7.jpg"></icon><desc></desc><category></category></programme><programme channel="141430158" start="20221126130000 +0000" stop="20221126160000 +0000" catchup-id="1298398877"><title>High Tea Lite</title><date></date><icon src="https://t-mobiletv.nl:443/CPS/images/universal/film/program/202211/20221119/57/20221119090055303g2j.jpg"></icon><desc></desc><category></category></programme><programme channel="141430158" start="20221126160000 +0000" stop="20221126190000 +0000" catchup-id="1298398883"><title>Dinner Lite</title><date></date><icon src="https://t-mobiletv.nl:443/CPS/images/universal/film/program/202211/20221119/5/2022111909005530318a.jpg"></icon><desc></desc><category></category></programme><programme channel="141430158" start="20221126190000 +0000" stop="20221126230000 +0000" catchup-id="1298398889"><title>Evening Lite</title><date></date><icon src="https://t-mobiletv.nl:443/CPS/images/universal/film/program/202211/20221119/16/202211190900553037di.jpg"></icon><desc></desc><category></category></programme><programme channel="141430158" start="20221126230000 +0000" stop="20221127030000 +0000" catchup-id="1298798935"><title>Nite Lite</title><date></date><icon src="https://t-mobiletv.nl:443/CPS/images/universal/film/program/202211/20221120/66/202211200900347065wo.jpg"></icon><desc></desc><category></category></programme><programme channel="141430158" start="20221127030000 +0000" stop="20221127050000 +0000" catchup-id="1298798941"><title>Wake Up Lite</title><date></date><icon src="https://t-mobiletv.nl:443/CPS/images/universal/film/program/202211/20221120/68/20221120090034706yif.jpg"></icon><desc></desc><category></category></programme><programme channel="141430158" start="20221127050000 +0000" stop="20221127090000 +0000" catchup-id="1298798947"><title>Breakfast Lite</title><date></date><icon src="https://t-mobiletv.nl:443/CPS/images/universal/film/program/202211/20221120/17/20221120090034706cj4.jpg"></icon><desc></desc><category></category></programme><programme channel="141430158" start="20221127090000 +0000" stop="20221127110000 +0000" catchup-id="1298798953"><title>Coffee Break Lite</title><date></date><icon src="https://t-mobiletv.nl:443/CPS/images/universal/film/program/202211/20221120/16/202211200900347065vj.jpg"></icon><desc></desc><category></category></programme><programme channel="141430158" start="20221127110000 +0000" stop="20221127130000 +0000" catchup-id="1298798959"><title>Lunch Lite</title><date></date><icon src="https://t-mobiletv.nl:443/CPS/images/universal/film/program/202211/20221120/8/20221120090034706vw0.jpg"></icon><desc></desc><category></category></programme><programme channel="141430158" start="20221127130000 +0000" stop="20221127160000 +0000" catchup-id="1298798965"><title>High Tea Lite</title><date></date><icon src="https://t-mobiletv.nl:443/CPS/images/universal/film/program/202211/20221120/97/20221120090034706psu.jpg"></icon><desc></desc><category></category></programme><programme channel="141430158" start="20221127160000 +0000" stop="20221127190000 +0000" catchup-id="1298798971"><title>Dinner Lite</title><date></date><icon src="https://t-mobiletv.nl:443/CPS/images/universal/film/program/202211/20221120/96/202211200900347061iu.jpg"></icon><desc></desc><category></category></programme><programme channel="141430158" start="20221127190000 +0000" stop="20221127230000 +0000" catchup-id="1298798977"><title>Evening Lite</title><date></date><icon src="https://t-mobiletv.nl:443/CPS/images/universal/film/program/202211/20221120/9/20221120090034706vc3.jpg"></icon><desc></desc><category></category></programme><programme channel="141430158" start="20221127230000 +0000" stop="20221128030000 +0000" catchup-id="1299194615"><title>Nite Lite</title><date></date><icon src="https://t-mobiletv.nl:443/CPS/images/universal/film/program/202211/20221121/32/2022112109004470769n.jpg"></icon><desc></desc><category></category></programme><programme channel="141430158" start="20221128030000 +0000" stop="20221128050000 +0000" catchup-id="1299194621"><title>Wake Up Lite</title><date></date><icon src="https://t-mobiletv.nl:443/CPS/images/universal/film/program/202211/20221121/99/20221121090044707ce2.jpg"></icon><desc></desc><category></category></programme><programme channel="141430158" start="20221128050000 +0000" stop="20221128090000 +0000" catchup-id="1299194627"><title>Breakfast Lite</title><date></date><icon src="https://t-mobiletv.nl:443/CPS/images/universal/film/program/202211/20221121/14/20221121090044707pss.jpg"></icon><desc></desc><category></category></programme><programme channel="141430158" start="20221128090000 +0000" stop="20221128110000 +0000" catchup-id="1299194633"><title>Coffee Break Lite</title><date></date><icon src="https://t-mobiletv.nl:443/CPS/images/universal/film/program/202211/20221121/3/20221121090044707dkg.jpg"></icon><desc></desc><category></category></programme><programme channel="141430158" start="20221128110000 +0000" stop="20221128130000 +0000" catchup-id="1299194639"><title>Lunch Lite</title><date></date><icon src="https://t-mobiletv.nl:443/CPS/images/universal/film/program/202211/20221121/4/202211210900447077dt.jpg"></icon><desc></desc><category></category></programme><programme channel="141430158" start="20221128130000 +0000" stop="20221128160000 +0000" catchup-id="1299194645"><title>High Tea Lite</title><date></date><icon src="https://t-mobiletv.nl:443/CPS/images/universal/film/program/202211/20221121/10/202211210900447078t1.jpg"></icon><desc></desc><category></category></programme><programme channel="141430158" start="20221128160000 +0000" stop="20221128190000 +0000" catchup-id="1299194651"><title>Dinner Lite</title><date></date><icon src="https://t-mobiletv.nl:443/CPS/images/universal/film/program/202211/20221121/42/20221121090044707cdi.jpg"></icon><desc></desc><category></category></programme><programme channel="141430158" start="20221128190000 +0000" stop="20221128230000 +0000" catchup-id="1299194657"><title>Evening Lite</title><date></date><icon src="https://t-mobiletv.nl:443/CPS/images/universal/film/program/202211/20221121/82/2022112109004470795w.jpg"></icon><desc></desc><category></category></programme><programme channel="141430158" start="20221128230000 +0000" stop="20221129030000 +0000" catchup-id="1299598239"><title>Nite Lite</title><date></date><icon src="https://t-mobiletv.nl:443/CPS/images/universal/film/program/202211/20221122/99/2022112209011550730c.jpg"></icon><desc></desc><category></category></programme><programme channel="141430158" start="20221129030000 +0000" stop="20221129050000 +0000" catchup-id="1299598245"><title>Wake Up Lite</title><date></date><icon src="https://t-mobiletv.nl:443/CPS/images/universal/film/program/202211/20221122/83/20221122090115507thl.jpg"></icon><desc></desc><category></category></programme><programme channel="141430158" start="20221129050000 +0000" stop="20221129090000 +0000" catchup-id="1299599211"><title>Breakfast Lite</title><date></date><icon src="https://t-mobiletv.nl:443/CPS/images/universal/film/program/202211/20221122/39/20221122090115507yru.jpg"></icon><desc></desc><category></category></programme><programme channel="141430158" start="20221129090000 +0000" stop="20221129110000 +0000" catchup-id="1299599217"><title>Coffee Break Lite</title><date></date><icon src="https://t-mobiletv.nl:443/CPS/images/universal/film/program/202211/20221122/46/20221122090115507kxo.jpg"></icon><desc></desc><category></category></programme><programme channel="141430158" start="20221129110000 +0000" stop="20221129130000 +0000" catchup-id="1299599223"><title>Lunch Lite</title><date></date><icon src="https://t-mobiletv.nl:443/CPS/images/universal/film/program/202211/20221122/55/20221122090115507joq.jpg"></icon><desc></desc><category></category></programme><programme channel="141430158" start="20221129130000 +0000" stop="20221129160000 +0000" catchup-id="1299599229"><title>High Tea Lite</title><date></date><icon src="https://t-mobiletv.nl:443/CPS/images/universal/film/program/202211/20221122/89/20221122090115507qt6.jpg"></icon><desc></desc><category></category></programme><programme channel="141430158" start="20221129160000 +0000" stop="20221129190000 +0000" catchup-id="1299599235"><title>Dinner Lite</title><date></date><icon src="https://t-mobiletv.nl:443/CPS/images/universal/film/program/202211/20221122/74/202211220901155076ob.jpg"></icon><desc></desc><category></category></programme><programme channel="141430158" start="20221129190000 +0000" stop="20221129230000 +0000" catchup-id="1299599241"><title>Evening Lite</title><date></date><icon src="https://t-mobiletv.nl:443/CPS/images/universal/film/program/202211/20221122/40/202211220901155074zl.jpg"></icon><desc></desc><category></category></programme><programme channel="141430158" start="20221129230000 +0000" stop="20221130030000 +0000" catchup-id="1300037103"><title>Nite Lite</title><date></date><icon src="https://t-mobiletv.nl:443/CPS/images/universal/film/program/202211/20221123/86/20221123090125512sg3.jpg"></icon><desc></desc><category></category></programme><programme channel="141430158" start="20221130030000 +0000" stop="20221130050000 +0000" catchup-id="1300037109"><title>Wake Up Lite</title><date></date><icon src="https://t-mobiletv.nl:443/CPS/images/universal/film/program/202211/20221123/26/20221123090125512kse.jpg"></icon><desc></desc><category></category></programme><programme channel="141430158" start="20221130050000 +0000" stop="20221130090000 +0000" catchup-id="1300037115"><title>Breakfast Lite</title><date></date><icon src="https://t-mobiletv.nl:443/CPS/images/universal/film/program/202211/20221123/60/20221123090125512thz.jpg"></icon><desc></desc><category></category></programme><programme channel="141430158" start="20221130090000 +0000" stop="20221130110000 +0000" catchup-id="1300037121"><title>Coffee Break Lite</title><date></date><icon src="https://t-mobiletv.nl:443/CPS/images/universal/film/program/202211/20221123/73/20221123090125513kl6.jpg"></icon><desc></desc><category></category></programme><programme channel="141430158" start="20221130110000 +0000" stop="20221130130000 +0000" catchup-id="1300037127"><title>Lunch Lite</title><date></date><icon src="https://t-mobiletv.nl:443/CPS/images/universal/film/program/202211/20221123/24/20221123090125513sln.jpg"></icon><desc></desc><category></category></programme><programme channel="141430158" start="20221130130000 +0000" stop="20221130160000 +0000" catchup-id="1300037133"><title>High Tea Lite</title><date></date><icon src="https://t-mobiletv.nl:443/CPS/images/universal/film/program/202211/20221123/95/20221123090125513sib.jpg"></icon><desc></desc><category></category></programme><programme channel="141430158" start="20221130160000 +0000" stop="20221130190000 +0000" catchup-id="1300037139"><title>Dinner Lite</title><date></date><icon src="https://t-mobiletv.nl:443/CPS/images/universal/film/program/202211/20221123/60/20221123090125513xzr.jpg"></icon><desc></desc><category></category></programme><programme channel="141430158" start="20221130190000 +0000" stop="20221130230000 +0000" catchup-id="1300037145"><title>Evening Lite</title><date></date><icon src="https://t-mobiletv.nl:443/CPS/images/universal/film/program/202211/20221123/67/2022112309012551300a.jpg"></icon><desc></desc><category></category></programme><programme channel="141430158" start="20221130230000 +0000" stop="20221201030000 +0000" catchup-id="1300406543"><title>Nite Lite</title><date></date><icon src="https://t-mobiletv.nl:443/CPS/images/universal/film/program/202211/20221124/56/202211240900355178mv.jpg"></icon><desc></desc><category></category></programme><programme channel="141430158" start="20221201030000 +0000" stop="20221201050000 +0000" catchup-id="1300406549"><title>Wake Up Lite</title><date></date><icon src="https://t-mobiletv.nl:443/CPS/images/universal/film/program/202211/20221124/5/20221124090035517bq5.jpg"></icon><desc></desc><category></category></programme><programme channel="141430158" start="20221201050000 +0000" stop="20221201090000 +0000" catchup-id="1300406555"><title>Breakfast Lite</title><date></date><icon src="https://t-mobiletv.nl:443/CPS/images/universal/film/program/202211/20221124/33/20221124090035518680.jpg"></icon><desc></desc><category></category></programme><programme channel="141430158" start="20221201090000 +0000" stop="20221201110000 +0000" catchup-id="1300406561"><title>Coffee Break Lite</title><date></date><icon src="https://t-mobiletv.nl:443/CPS/images/universal/film/program/202211/20221124/45/20221124090035518nsv.jpg"></icon><desc></desc><category></category></programme><programme channel="141430158" start="20221201110000 +0000" stop="20221201130000 +0000" catchup-id="1300406567"><title>Lunch Lite</title><date></date><icon src="https://t-mobiletv.nl:443/CPS/images/universal/film/program/202211/20221124/77/202211240900355180m7.jpg"></icon><desc></desc><category></category></programme><programme channel="141430158" start="20221201130000 +0000" stop="20221201160000 +0000" catchup-id="1300406637"><title>High Tea Lite</title><date></date><icon src="https://t-mobiletv.nl:443/CPS/images/universal/film/program/202211/20221124/56/20221124090035518x4c.jpg"></icon><desc></desc><category></category></programme><programme channel="141430158" start="20221201160000 +0000" stop="20221201190000 +0000" catchup-id="1300406643"><title>Dinner Lite</title><date></date><icon src="https://t-mobiletv.nl:443/CPS/images/universal/film/program/202211/20221124/85/202211240900355189ya.jpg"></icon><desc></desc><category></category></programme><programme channel="141430158" start="20221201190000 +0000" stop="20221201230000 +0000" catchup-id="1300406649"><title>Evening Lite</title><date></date><icon src="https://t-mobiletv.nl:443/CPS/images/universal/film/program/202211/20221124/91/20221124090035518z3d.jpg"></icon><desc></desc><category></category></programme><programme channel="141430158" start="20221201230000 +0000" stop="20221202030000 +0000" catchup-id="1300870764"><title>Nite Lite</title><date></date><icon src="https://t-mobiletv.nl:443/CPS/images/universal/film/program/202211/20221125/59/20221125090115518c1g.jpg"></icon><desc></desc><category></category></programme><programme channel="141430158" start="20221202030000 +0000" stop="20221202050000 +0000" catchup-id="1300870770"><title>Wake Up Lite</title><date></date><icon src="https://t-mobiletv.nl:443/CPS/images/universal/film/program/202211/20221125/10/20221125090115518w0q.jpg"></icon><desc></desc><category></category></programme><programme channel="141430158" start="20221202050000 +0000" stop="20221202090000 +0000" catchup-id="1300870776"><title>Breakfast Lite</title><date></date><icon src="https://t-mobiletv.nl:443/CPS/images/universal/film/program/202211/20221125/74/20221125090115518iqi.jpg"></icon><desc></desc><category></category></programme><programme channel="141430158" start="20221202090000 +0000" stop="20221202110000 +0000" catchup-id="1300870782"><title>Coffee Break Lite</title><date></date><icon src="https://t-mobiletv.nl:443/CPS/images/universal/film/program/202211/20221125/88/20221125090115518nwj.jpg"></icon><desc></desc><category></category></programme><programme channel="141430158" start="20221202110000 +0000" stop="20221202130000 +0000" catchup-id="1300870788"><title>Lunch Lite</title><date></date><icon src="https://t-mobiletv.nl:443/CPS/images/universal/film/program/202211/20221125/95/202211250901155186qn.jpg"></icon><desc></desc><category></category></programme><programme channel="141430158" start="20221202130000 +0000" stop="20221202160000 +0000" catchup-id="1300870794"><title>High Tea Lite</title><date></date><icon src="https://t-mobiletv.nl:443/CPS/images/universal/film/program/202211/20221125/78/20221125090115518rkt.jpg"></icon><desc></desc><category></category></programme><programme channel="141430158" start="20221202160000 +0000" stop="20221202190000 +0000" catchup-id="1300870800"><title>Dinner Lite</title><date></date><icon src="https://t-mobiletv.nl:443/CPS/images/universal/film/program/202211/20221125/6/202211250901155180yi.jpg"></icon><desc></desc><category></category></programme><programme channel="141430158" start="20221202190000 +0000" stop="20221202230000 +0000" catchup-id="1300870806"><title>Evening Lite</title><date></date><icon src="https://t-mobiletv.nl:443/CPS/images/universal/film/program/202211/20221125/36/20221125090115518q0z.jpg"></icon><desc></desc><category></category></programme><programme channel="141430158" start="20221202230000 +0000" stop="20221203030000 +0000" catchup-id="1301312502"><title>Nite Lite</title><date></date><icon src="https://t-mobiletv.nl:443/CPS/images/universal/film/program/202211/20221126/46/2022112609012470843p.jpg"></icon><desc></desc><category></category></programme><programme channel="141430158" start="20221203030000 +0000" stop="20221203050000 +0000" catchup-id="1301312508"><title>Wake Up Lite</title><date></date><icon src="https://t-mobiletv.nl:443/CPS/images/universal/film/program/202211/20221126/9/202211260901247087as.jpg"></icon><desc></desc><category></category></programme><programme channel="141430158" start="20221203050000 +0000" stop="20221203090000 +0000" catchup-id="1301312514"><title>Breakfast Lite</title><date></date><icon src="https://t-mobiletv.nl:443/CPS/images/universal/film/program/202211/20221126/79/20221126090124708fmv.jpg"></icon><desc></desc><category></category></programme><programme channel="141430158" start="20221203090000 +0000" stop="20221203110000 +0000" catchup-id="1301312520"><title>Coffee Break Lite</title><date></date><icon src="https://t-mobiletv.nl:443/CPS/images/universal/film/program/202211/20221126/89/202211260901247087k3.jpg"></icon><desc></desc><category></category></programme><programme channel="141430158" start="20221203110000 +0000" stop="20221203130000 +0000" catchup-id="1301312526"><title>Lunch Lite</title><date></date><icon src="https://t-mobiletv.nl:443/CPS/images/universal/film/program/202211/20221126/39/202211260901247081g9.jpg"></icon><desc></desc><category></category></programme><programme channel="141430158" start="20221203130000 +0000" stop="20221203160000 +0000" catchup-id="1301312532"><title>High Tea Lite</title><date></date><icon src="https://t-mobiletv.nl:443/CPS/images/universal/film/program/202211/20221126/79/20221126090124708sve.jpg"></icon><desc></desc><category></category></programme><programme channel="141430158" start="20221203160000 +0000" stop="20221203190000 +0000" catchup-id="1301312538"><title>Dinner Lite</title><date></date><icon src="https://t-mobiletv.nl:443/CPS/images/universal/film/program/202211/20221126/81/20221126090124708wbv.jpg"></icon><desc></desc><category></category></programme>