<programme channel="1282999666" start="20221119180000 +0000" stop="20221119190000 +0000" catchup-id="1295467011"><title>Herensia</title><date></date><icon src="https://t-mobiletv.nl:443/CPS/images/universal/film/program/202211/20221112/80/20221112090040511fad.jpg"></icon><desc>Programmabeschrijving niet beschikbaar</desc><category></category></programme><programme channel="1282999666" start="20221119190000 +0000" stop="20221119200000 +0000" catchup-id="1295467017"><title>Resumen Trai Merdia</title><date></date><icon src="https://t-mobiletv.nl:443/CPS/images/universal/film/program/202211/20221112/0/20221112090040511l8d.jpg"></icon><desc>Programmabeschrijving niet beschikbaar</desc><category></category></programme><programme channel="1282999666" start="20221119200000 +0000" stop="20221119210000 +0000" catchup-id="1295467023"><title>Eldred &amp; Da Silva</title><date></date><icon src="https://t-mobiletv.nl:443/CPS/images/universal/film/program/202211/20221112/71/20221112090040511iyd.jpg"></icon><desc>Programmabeschrijving niet beschikbaar</desc><category></category></programme><programme channel="1282999666" start="20221119210000 +0000" stop="20221119220000 +0000" catchup-id="1295467029"><title>Nieuws Aruba</title><date></date><icon src="https://t-mobiletv.nl:443/CPS/images/universal/film/program/202211/20221112/10/20221112090040511g1i.jpg"></icon><desc>Programmabeschrijving niet beschikbaar</desc><category></category></programme><programme channel="1282999666" start="20221119220000 +0000" stop="20221119230000 +0000" catchup-id="1295467035"><title>Nieuws Suriname</title><date></date><icon src="https://t-mobiletv.nl:443/CPS/images/universal/film/program/202211/20221112/49/20221112090040511ag8.jpg"></icon><desc>Programmabeschrijving niet beschikbaar</desc><category></category></programme><programme channel="1282999666" start="20221119230000 +0000" stop="20221120010000 +0000" catchup-id="1295899213"><title>Puurban</title><date></date><icon src="https://t-mobiletv.nl:443/CPS/images/universal/film/program/202211/20221113/6/20221113090109711mdh.jpg"></icon><desc>Programmabeschrijving niet beschikbaar</desc><category></category></programme><programme channel="1282999666" start="20221120010000 +0000" stop="20221120050000 +0000" catchup-id="1295899219"><title>Tele Curacao</title><date></date><icon src="https://t-mobiletv.nl:443/CPS/images/universal/film/program/202211/20221113/10/20221113090109711ub5.jpg"></icon><desc>Programmabeschrijving niet beschikbaar</desc><category></category></programme><programme channel="1282999666" start="20221120050000 +0000" stop="20221120070000 +0000" catchup-id="1295899225"><title>Konsierto</title><date></date><icon src="https://t-mobiletv.nl:443/CPS/images/universal/film/program/202211/20221113/7/20221113090109711ils.jpg"></icon><desc>Programmabeschrijving niet beschikbaar</desc><category></category></programme><programme channel="1282999666" start="20221120070000 +0000" stop="20221120080000 +0000" catchup-id="1295899231"><title>Bhes</title><date></date><icon src="https://t-mobiletv.nl:443/CPS/images/universal/film/program/202211/20221113/57/20221113090109711n3o.jpg"></icon><desc>Programmabeschrijving niet beschikbaar</desc><category></category></programme><programme channel="1282999666" start="20221120080000 +0000" stop="20221120090000 +0000" catchup-id="1295899237"><title>Muhe</title><date></date><icon src="https://t-mobiletv.nl:443/CPS/images/universal/film/program/202211/20221113/33/20221113090109711n5g.jpg"></icon><desc>Programmabeschrijving niet beschikbaar</desc><category></category></programme><programme channel="1282999666" start="20221120090000 +0000" stop="20221120100000 +0000" catchup-id="1295899755"><title>Lupe</title><date></date><icon src="https://t-mobiletv.nl:443/CPS/images/universal/film/program/202211/20221113/33/2022111309010971195g.jpg"></icon><desc>Programmabeschrijving niet beschikbaar</desc><category></category></programme><programme channel="1282999666" start="20221120100000 +0000" stop="20221120110000 +0000" catchup-id="1295899761"><title>Resumen Moru Bondia</title><date></date><icon src="https://t-mobiletv.nl:443/CPS/images/universal/film/program/202211/20221113/87/20221113090109711sdx.jpg"></icon><desc>Programmabeschrijving niet beschikbaar</desc><category></category></programme><programme channel="1282999666" start="20221120110000 +0000" stop="20221120130000 +0000" catchup-id="1295899767"><title>Neetje &amp; Pieter</title><date></date><icon src="https://t-mobiletv.nl:443/CPS/images/universal/film/program/202211/20221113/12/20221113090109711q9k.jpg"></icon><desc>Programmabeschrijving niet beschikbaar</desc><category></category></programme><programme channel="1282999666" start="20221120130000 +0000" stop="20221120140000 +0000" catchup-id="1295899773"><title>Santu Sacrifisio Di Misa</title><date></date><icon src="https://t-mobiletv.nl:443/CPS/images/universal/film/program/202211/20221113/97/20221113090109711h84.jpg"></icon><desc>Programmabeschrijving niet beschikbaar</desc><category></category></programme><programme channel="1282999666" start="20221120140000 +0000" stop="20221120150000 +0000" catchup-id="1295899779"><title>Gospel Music</title><date></date><icon src="https://t-mobiletv.nl:443/CPS/images/universal/film/program/202211/20221113/76/20221113090109712zve.jpg"></icon><desc>Programmabeschrijving niet beschikbaar</desc><category></category></programme><programme channel="1282999666" start="20221120150000 +0000" stop="20221120170000 +0000" catchup-id="1295899785"><title>Herensia</title><date></date><icon src="https://t-mobiletv.nl:443/CPS/images/universal/film/program/202211/20221113/12/20221113090109712cq2.jpg"></icon><desc>Programmabeschrijving niet beschikbaar</desc><category></category></programme><programme channel="1282999666" start="20221120170000 +0000" stop="20221120180000 +0000" catchup-id="1295899791"><title>Youth</title><date></date><icon src="https://t-mobiletv.nl:443/CPS/images/universal/film/program/202211/20221113/61/202211130901097121k4.jpg"></icon><desc>Programmabeschrijving niet beschikbaar</desc><category></category></programme><programme channel="1282999666" start="20221120180000 +0000" stop="20221120210000 +0000" catchup-id="1295899797"><title>Show Musikal</title><date></date><icon src="https://t-mobiletv.nl:443/CPS/images/universal/film/program/202211/20221113/9/20221113090109712x0h.jpg"></icon><desc>Programmabeschrijving niet beschikbaar</desc><category></category></programme><programme channel="1282999666" start="20221120210000 +0000" stop="20221120220000 +0000" catchup-id="1295899803"><title>Home Team</title><date></date><icon src="https://t-mobiletv.nl:443/CPS/images/universal/film/program/202211/20221113/44/20221113090109712i5a.jpg"></icon><desc>Programmabeschrijving niet beschikbaar</desc><category></category></programme><programme channel="1282999666" start="20221120220000 +0000" stop="20221120223000 +0000" catchup-id="1295899809"><title>Nieuws Aruba</title><date></date><icon src="https://t-mobiletv.nl:443/CPS/images/universal/film/program/202211/20221113/71/20221113090109712aap.jpg"></icon><desc>Programmabeschrijving niet beschikbaar</desc><category></category></programme><programme channel="1282999666" start="20221120223000 +0000" stop="20221120230000 +0000" catchup-id="1295899815"><title>Wega Di Number Korsou</title><date></date><icon src="https://t-mobiletv.nl:443/CPS/images/universal/film/program/202211/20221113/81/20221113090109712xk4.jpg"></icon><desc>Programmabeschrijving niet beschikbaar</desc><category></category></programme><programme channel="1282999666" start="20221120230000 +0000" stop="20221121000000 +0000" catchup-id="1296271154"><title>Bam</title><date></date><icon src="https://t-mobiletv.nl:443/CPS/images/universal/film/program/202211/20221114/7/20221114090120512bjk.jpg"></icon><desc>Programmabeschrijving niet beschikbaar</desc><category></category></programme><programme channel="1282999666" start="20221121000000 +0000" stop="20221121050000 +0000" catchup-id="1296271160"><title>Tele Curacao</title><date></date><icon src="https://t-mobiletv.nl:443/CPS/images/universal/film/program/202211/20221114/87/20221114090120512mjy.jpg"></icon><desc>Programmabeschrijving niet beschikbaar</desc><category></category></programme><programme channel="1282999666" start="20221121050000 +0000" stop="20221121070000 +0000" catchup-id="1296271166"><title>Tcfm</title><date></date><icon src="https://t-mobiletv.nl:443/CPS/images/universal/film/program/202211/20221114/70/20221114090120512kug.jpg"></icon><desc>Programmabeschrijving niet beschikbaar</desc><category></category></programme><programme channel="1282999666" start="20221121070000 +0000" stop="20221121080000 +0000" catchup-id="1296271172"><title>Herensia</title><date></date><icon src="https://t-mobiletv.nl:443/CPS/images/universal/film/program/202211/20221114/3/202211140901205126pd.jpg"></icon><desc>Programmabeschrijving niet beschikbaar</desc><category></category></programme><programme channel="1282999666" start="20221121080000 +0000" stop="20221121090000 +0000" catchup-id="1296271178"><title>Bonochi Korsou</title><date></date><icon src="https://t-mobiletv.nl:443/CPS/images/universal/film/program/202211/20221114/86/202211140901205128ex.jpg"></icon><desc>Programmabeschrijving niet beschikbaar</desc><category></category></programme><programme channel="1282999666" start="20221121090000 +0000" stop="20221121100000 +0000" catchup-id="1296271184"><title>Punto Final</title><date></date><icon src="https://t-mobiletv.nl:443/CPS/images/universal/film/program/202211/20221114/97/202211140901205122fp.jpg"></icon><desc>Programmabeschrijving niet beschikbaar</desc><category></category></programme><programme channel="1282999666" start="20221121100000 +0000" stop="20221121110000 +0000" catchup-id="1296271190"><title>Desiree</title><date></date><icon src="https://t-mobiletv.nl:443/CPS/images/universal/film/program/202211/20221114/82/20221114090120512hn9.jpg"></icon><desc>Programmabeschrijving niet beschikbaar</desc><category></category></programme><programme channel="1282999666" start="20221121110000 +0000" stop="20221121113000 +0000" catchup-id="1296271196"><title>Music Varia</title><date></date><icon src="https://t-mobiletv.nl:443/CPS/images/universal/film/program/202211/20221114/61/202211140901205124gm.jpg"></icon><desc>Programmabeschrijving niet beschikbaar</desc><category></category></programme><programme channel="1282999666" start="20221121113000 +0000" stop="20221121143000 +0000" catchup-id="1296271202"><title>Moru Bondia</title><date></date><icon src="https://t-mobiletv.nl:443/CPS/images/universal/film/program/202211/20221114/3/202211140901205136ju.jpg"></icon><desc>Programmabeschrijving niet beschikbaar</desc><category></category></programme><programme channel="1282999666" start="20221121143000 +0000" stop="20221121160000 +0000" catchup-id="1296271208"><title>Mainta</title><date></date><icon src="https://t-mobiletv.nl:443/CPS/images/universal/film/program/202211/20221114/67/20221114090120513pmj.jpg"></icon><desc>Programmabeschrijving niet beschikbaar</desc><category></category></programme><programme channel="1282999666" start="20221121160000 +0000" stop="20221121170000 +0000" catchup-id="1296271214"><title>Dune Un Chens</title><date></date><icon src="https://t-mobiletv.nl:443/CPS/images/universal/film/program/202211/20221114/33/20221114090120513p6n.jpg"></icon><desc>Programmabeschrijving niet beschikbaar</desc><category></category></programme><programme channel="1282999666" start="20221121170000 +0000" stop="20221121173000 +0000" catchup-id="1296271220"><title>Nieuws Curacao</title><date></date><icon src="https://t-mobiletv.nl:443/CPS/images/universal/film/program/202211/20221114/86/20221114090120513fv4.jpg"></icon><desc>Programmabeschrijving niet beschikbaar</desc><category></category></programme><programme channel="1282999666" start="20221121173000 +0000" stop="20221121200000 +0000" catchup-id="1296271226"><title>Bo Trai Merdia</title><date></date><icon src="https://t-mobiletv.nl:443/CPS/images/universal/film/program/202211/20221114/6/20221114090120513l6g.jpg"></icon><desc>Programmabeschrijving niet beschikbaar</desc><category></category></programme><programme channel="1282999666" start="20221121200000 +0000" stop="20221121210000 +0000" catchup-id="1296271232"><title>We Talk</title><date></date><icon src="https://t-mobiletv.nl:443/CPS/images/universal/film/program/202211/20221114/42/20221114090120513ze1.jpg"></icon><desc>Programmabeschrijving niet beschikbaar</desc><category></category></programme><programme channel="1282999666" start="20221121210000 +0000" stop="20221121220000 +0000" catchup-id="1296271238"><title>Nieuws Aruba</title><date></date><icon src="https://t-mobiletv.nl:443/CPS/images/universal/film/program/202211/20221114/10/2022111409012051382b.jpg"></icon><desc>Programmabeschrijving niet beschikbaar</desc><category></category></programme><programme channel="1282999666" start="20221121220000 +0000" stop="20221121230000 +0000" catchup-id="1296271244"><title>Nieuws Suriname</title><date></date><icon src="https://t-mobiletv.nl:443/CPS/images/universal/film/program/202211/20221114/90/2022111409012051324y.jpg"></icon><desc>Programmabeschrijving niet beschikbaar</desc><category></category></programme><programme channel="1282999666" start="20221121230000 +0000" stop="20221122000000 +0000" catchup-id="1296707340"><title>Punto Final</title><date></date><icon src="https://t-mobiletv.nl:443/CPS/images/universal/film/program/202211/20221115/59/20221115090124708cg3.jpg"></icon><desc>Programmabeschrijving niet beschikbaar</desc><category></category></programme><programme channel="1282999666" start="20221122000000 +0000" stop="20221122010000 +0000" catchup-id="1296707346"><title>Nahason</title><date></date><icon src="https://t-mobiletv.nl:443/CPS/images/universal/film/program/202211/20221115/52/20221115090124708kuo.jpg"></icon><desc>Programmabeschrijving niet beschikbaar</desc><category></category></programme><programme channel="1282999666" start="20221122010000 +0000" stop="20221122050000 +0000" catchup-id="1296707352"><title>Tele Curacao</title><date></date><icon src="https://t-mobiletv.nl:443/CPS/images/universal/film/program/202211/20221115/27/202211150901247088yd.jpg"></icon><desc>Programmabeschrijving niet beschikbaar</desc><category></category></programme><programme channel="1282999666" start="20221122050000 +0000" stop="20221122070000 +0000" catchup-id="1296707358"><title>Tcfm</title><date></date><icon src="https://t-mobiletv.nl:443/CPS/images/universal/film/program/202211/20221115/0/20221115090124708vjk.jpg"></icon><desc>Programmabeschrijving niet beschikbaar</desc><category></category></programme><programme channel="1282999666" start="20221122070000 +0000" stop="20221122080000 +0000" catchup-id="1296707364"><title>Herhaling Nieuws Curacao</title><date></date><icon src="https://t-mobiletv.nl:443/CPS/images/universal/film/program/202211/20221115/32/202211150901247082u7.jpg"></icon><desc>Programmabeschrijving niet beschikbaar</desc><category></category></programme><programme channel="1282999666" start="20221122080000 +0000" stop="20221122090000 +0000" catchup-id="1296707370"><title>Bonochi Korsou</title><date></date><icon src="https://t-mobiletv.nl:443/CPS/images/universal/film/program/202211/20221115/51/20221115090124709c60.jpg"></icon><desc>Programmabeschrijving niet beschikbaar</desc><category></category></programme><programme channel="1282999666" start="20221122090000 +0000" stop="20221122100000 +0000" catchup-id="1296707376"><title>Punto Final</title><date></date><icon src="https://t-mobiletv.nl:443/CPS/images/universal/film/program/202211/20221115/21/20221115090124709ov6.jpg"></icon><desc>Programmabeschrijving niet beschikbaar</desc><category></category></programme><programme channel="1282999666" start="20221122100000 +0000" stop="20221122110000 +0000" catchup-id="1296707382"><title>Desiree</title><date></date><icon src="https://t-mobiletv.nl:443/CPS/images/universal/film/program/202211/20221115/83/20221115090124709wut.jpg"></icon><desc>Programmabeschrijving niet beschikbaar</desc><category></category></programme><programme channel="1282999666" start="20221122110000 +0000" stop="20221122113000 +0000" catchup-id="1296707388"><title>Music Varia</title><date></date><icon src="https://t-mobiletv.nl:443/CPS/images/universal/film/program/202211/20221115/97/20221115090124709sgp.jpg"></icon><desc>Programmabeschrijving niet beschikbaar</desc><category></category></programme><programme channel="1282999666" start="20221122113000 +0000" stop="20221122143000 +0000" catchup-id="1296707394"><title>Moru Bondia</title><date></date><icon src="https://t-mobiletv.nl:443/CPS/images/universal/film/program/202211/20221115/3/20221115090124709q1a.jpg"></icon><desc>Programmabeschrijving niet beschikbaar</desc><category></category></programme><programme channel="1282999666" start="20221122143000 +0000" stop="20221122160000 +0000" catchup-id="1296707400"><title>Mainta</title><date></date><icon src="https://t-mobiletv.nl:443/CPS/images/universal/film/program/202211/20221115/78/20221115090124709mjm.jpg"></icon><desc>Programmabeschrijving niet beschikbaar</desc><category></category></programme><programme channel="1282999666" start="20221122160000 +0000" stop="20221122170000 +0000" catchup-id="1296707406"><title>Dune Un Chens</title><date></date><icon src="https://t-mobiletv.nl:443/CPS/images/universal/film/program/202211/20221115/78/20221115090124709qis.jpg"></icon><desc>Programmabeschrijving niet beschikbaar</desc><category></category></programme><programme channel="1282999666" start="20221122170000 +0000" stop="20221122173000 +0000" catchup-id="1296707412"><title>Nieuws Curacao</title><date></date><icon src="https://t-mobiletv.nl:443/CPS/images/universal/film/program/202211/20221115/18/20221115090124709pcq.jpg"></icon><desc>Programmabeschrijving niet beschikbaar</desc><category></category></programme><programme channel="1282999666" start="20221122173000 +0000" stop="20221122200000 +0000" catchup-id="1296707418"><title>Bo Trai Merdia</title><date></date><icon src="https://t-mobiletv.nl:443/CPS/images/universal/film/program/202211/20221115/22/20221115090124709g3x.jpg"></icon><desc>Programmabeschrijving niet beschikbaar</desc><category></category></programme><programme channel="1282999666" start="20221122200000 +0000" stop="20221122210000 +0000" catchup-id="1296707424"><title>We Talk</title><date></date><icon src="https://t-mobiletv.nl:443/CPS/images/universal/film/program/202211/20221115/39/2022111509012470959o.jpg"></icon><desc>Programmabeschrijving niet beschikbaar</desc><category></category></programme><programme channel="1282999666" start="20221122210000 +0000" stop="20221122220000 +0000" catchup-id="1296707430"><title>Nieuws Aruba</title><date></date><icon src="https://t-mobiletv.nl:443/CPS/images/universal/film/program/202211/20221115/6/202211150901247092os.jpg"></icon><desc>Programmabeschrijving niet beschikbaar</desc><category></category></programme><programme channel="1282999666" start="20221122220000 +0000" stop="20221122230000 +0000" catchup-id="1296707436"><title>Nieuws Suriname</title><date></date><icon src="https://t-mobiletv.nl:443/CPS/images/universal/film/program/202211/20221115/35/20221115090124709tgj.jpg"></icon><desc>Programmabeschrijving niet beschikbaar</desc><category></category></programme><programme channel="1282999666" start="20221122230000 +0000" stop="20221123000000 +0000" catchup-id="1297111509"><title>Punto Final</title><date></date><icon src="https://t-mobiletv.nl:443/CPS/images/universal/film/program/202211/20221116/93/202211160901055119vr.jpg"></icon><desc>Programmabeschrijving niet beschikbaar</desc><category></category></programme><programme channel="1282999666" start="20221123000000 +0000" stop="20221123010000 +0000" catchup-id="1297111515"><title>Vvrp Ta Informa</title><date></date><icon src="https://t-mobiletv.nl:443/CPS/images/universal/film/program/202211/20221116/76/20221116090105511ozc.jpg"></icon><desc>Programmabeschrijving niet beschikbaar</desc><category></category></programme><programme channel="1282999666" start="20221123010000 +0000" stop="20221123050000 +0000" catchup-id="1297111521"><title>Tele Curacao</title><date></date><icon src="https://t-mobiletv.nl:443/CPS/images/universal/film/program/202211/20221116/88/20221116090105511zhx.jpg"></icon><desc>Programmabeschrijving niet beschikbaar</desc><category></category></programme><programme channel="1282999666" start="20221123050000 +0000" stop="20221123070000 +0000" catchup-id="1297111527"><title>Tcfm</title><date></date><icon src="https://t-mobiletv.nl:443/CPS/images/universal/film/program/202211/20221116/98/202211160901055115ix.jpg"></icon><desc>Programmabeschrijving niet beschikbaar</desc><category></category></programme><programme channel="1282999666" start="20221123070000 +0000" stop="20221123080000 +0000" catchup-id="1297112109"><title>Herhaling Nieuws Curacao</title><date></date><icon src="https://t-mobiletv.nl:443/CPS/images/universal/film/program/202211/20221116/60/20221116090105511cn8.jpg"></icon><desc>Programmabeschrijving niet beschikbaar</desc><category></category></programme><programme channel="1282999666" start="20221123080000 +0000" stop="20221123090000 +0000" catchup-id="1297112115"><title>Bonochi Korsou</title><date></date><icon src="https://t-mobiletv.nl:443/CPS/images/universal/film/program/202211/20221116/17/20221116090105512c0y.jpg"></icon><desc>Programmabeschrijving niet beschikbaar</desc><category></category></programme><programme channel="1282999666" start="20221123090000 +0000" stop="20221123100000 +0000" catchup-id="1297112121"><title>Punto Final</title><date></date><icon src="https://t-mobiletv.nl:443/CPS/images/universal/film/program/202211/20221116/16/20221116090105512m2q.jpg"></icon><desc>Programmabeschrijving niet beschikbaar</desc><category></category></programme><programme channel="1282999666" start="20221123100000 +0000" stop="20221123110000 +0000" catchup-id="1297112127"><title>Harhaling Nieuws Aruba</title><date></date><icon src="https://t-mobiletv.nl:443/CPS/images/universal/film/program/202211/20221116/27/2022111609010551240k.jpg"></icon><desc>Programmabeschrijving niet beschikbaar</desc><category></category></programme><programme channel="1282999666" start="20221123110000 +0000" stop="20221123113000 +0000" catchup-id="1297112133"><title>Music Varia</title><date></date><icon src="https://t-mobiletv.nl:443/CPS/images/universal/film/program/202211/20221116/89/20221116090105512w7l.jpg"></icon><desc>Programmabeschrijving niet beschikbaar</desc><category></category></programme><programme channel="1282999666" start="20221123113000 +0000" stop="20221123143000 +0000" catchup-id="1297112139"><title>Moru Bondia</title><date></date><icon src="https://t-mobiletv.nl:443/CPS/images/universal/film/program/202211/20221116/22/20221116090105512sp7.jpg"></icon><desc>Programmabeschrijving niet beschikbaar</desc><category></category></programme><programme channel="1282999666" start="20221123143000 +0000" stop="20221123160000 +0000" catchup-id="1297112145"><title>Mainta</title><date></date><icon src="https://t-mobiletv.nl:443/CPS/images/universal/film/program/202211/20221116/39/20221116090105512uj7.jpg"></icon><desc>Programmabeschrijving niet beschikbaar</desc><category></category></programme><programme channel="1282999666" start="20221123160000 +0000" stop="20221123170000 +0000" catchup-id="1297112151"><title>Dune Un Chens</title><date></date><icon src="https://t-mobiletv.nl:443/CPS/images/universal/film/program/202211/20221116/51/20221116090105512oxr.jpg"></icon><desc>Programmabeschrijving niet beschikbaar</desc><category></category></programme><programme channel="1282999666" start="20221123170000 +0000" stop="20221123173000 +0000" catchup-id="1297112157"><title>Nieuws Curacao</title><date></date><icon src="https://t-mobiletv.nl:443/CPS/images/universal/film/program/202211/20221116/67/202211160901055122n6.jpg"></icon><desc>Programmabeschrijving niet beschikbaar</desc><category></category></programme><programme channel="1282999666" start="20221123173000 +0000" stop="20221123200000 +0000" catchup-id="1297112163"><title>Bo Trai Merdia</title><date></date><icon src="https://t-mobiletv.nl:443/CPS/images/universal/film/program/202211/20221116/11/2022111609010551230h.jpg"></icon><desc>Programmabeschrijving niet beschikbaar</desc><category></category></programme><programme channel="1282999666" start="20221123200000 +0000" stop="20221123210000 +0000" catchup-id="1297112169"><title>We Talk</title><date></date><icon src="https://t-mobiletv.nl:443/CPS/images/universal/film/program/202211/20221116/84/20221116090105512muf.jpg"></icon><desc>Programmabeschrijving niet beschikbaar</desc><category></category></programme><programme channel="1282999666" start="20221123210000 +0000" stop="20221123220000 +0000" catchup-id="1297112175"><title>Nieuws Aruba</title><date></date><icon src="https://t-mobiletv.nl:443/CPS/images/universal/film/program/202211/20221116/60/20221116090105512vna.jpg"></icon><desc>Programmabeschrijving niet beschikbaar</desc><category></category></programme><programme channel="1282999666" start="20221123220000 +0000" stop="20221123230000 +0000" catchup-id="1297112181"><title>Nieuws Suriname</title><date></date><icon src="https://t-mobiletv.nl:443/CPS/images/universal/film/program/202211/20221116/72/20221116090105512zwv.jpg"></icon><desc>Programmabeschrijving niet beschikbaar</desc><category></category></programme><programme channel="1282999666" start="20221123230000 +0000" stop="20221124000000 +0000" catchup-id="1297562606"><title>Punto Final</title><date></date><icon src="https://t-mobiletv.nl:443/CPS/images/universal/film/program/202211/20221117/19/20221117090100507xlv.jpg"></icon><desc>Programmabeschrijving niet beschikbaar</desc><category></category></programme><programme channel="1282999666" start="20221124000000 +0000" stop="20221124010000 +0000" catchup-id="1297562612"><title>Caribbean Vibration</title><date></date><icon src="https://t-mobiletv.nl:443/CPS/images/universal/film/program/202211/20221117/58/202211170901005079my.jpg"></icon><desc>Programmabeschrijving niet beschikbaar</desc><category></category></programme><programme channel="1282999666" start="20221124010000 +0000" stop="20221124050000 +0000" catchup-id="1297562618"><title>Tele Curacao</title><date></date><icon src="https://t-mobiletv.nl:443/CPS/images/universal/film/program/202211/20221117/67/20221117090100507qkf.jpg"></icon><desc>Programmabeschrijving niet beschikbaar</desc><category></category></programme><programme channel="1282999666" start="20221124050000 +0000" stop="20221124070000 +0000" catchup-id="1297562624"><title>Tcfm</title><date></date><icon src="https://t-mobiletv.nl:443/CPS/images/universal/film/program/202211/20221117/63/2022111709010050796c.jpg"></icon><desc>Programmabeschrijving niet beschikbaar</desc><category></category></programme><programme channel="1282999666" start="20221124070000 +0000" stop="20221124080000 +0000" catchup-id="1297562630"><title>Herhaling Nieuws Curacao</title><date></date><icon src="https://t-mobiletv.nl:443/CPS/images/universal/film/program/202211/20221117/89/20221117090100508bay.jpg"></icon><desc>Programmabeschrijving niet beschikbaar</desc><category></category></programme><programme channel="1282999666" start="20221124080000 +0000" stop="20221124090000 +0000" catchup-id="1297562636"><title>Bonochi Korsou</title><date></date><icon src="https://t-mobiletv.nl:443/CPS/images/universal/film/program/202211/20221117/80/2022111709010050808l.jpg"></icon><desc>Programmabeschrijving niet beschikbaar</desc><category></category></programme><programme channel="1282999666" start="20221124090000 +0000" stop="20221124100000 +0000" catchup-id="1297562642"><title>Punto Final</title><date></date><icon src="https://t-mobiletv.nl:443/CPS/images/universal/film/program/202211/20221117/19/20221117090100508060.jpg"></icon><desc>Programmabeschrijving niet beschikbaar</desc><category></category></programme><programme channel="1282999666" start="20221124100000 +0000" stop="20221124110000 +0000" catchup-id="1297562648"><title>Desiree</title><date></date><icon src="https://t-mobiletv.nl:443/CPS/images/universal/film/program/202211/20221117/8/202211170901005085ge.jpg"></icon><desc>Programmabeschrijving niet beschikbaar</desc><category></category></programme><programme channel="1282999666" start="20221124110000 +0000" stop="20221124113000 +0000" catchup-id="1297562654"><title>Music Varia</title><date></date><icon src="https://t-mobiletv.nl:443/CPS/images/universal/film/program/202211/20221117/58/20221117090100508fgy.jpg"></icon><desc>Programmabeschrijving niet beschikbaar</desc><category></category></programme><programme channel="1282999666" start="20221124113000 +0000" stop="20221124143000 +0000" catchup-id="1297562660"><title>Moru Bondia</title><date></date><icon src="https://t-mobiletv.nl:443/CPS/images/universal/film/program/202211/20221117/79/20221117090100508zaq.jpg"></icon><desc>Programmabeschrijving niet beschikbaar</desc><category></category></programme><programme channel="1282999666" start="20221124143000 +0000" stop="20221124160000 +0000" catchup-id="1297562666"><title>Mainta</title><date></date><icon src="https://t-mobiletv.nl:443/CPS/images/universal/film/program/202211/20221117/15/20221117090100508oac.jpg"></icon><desc>Programmabeschrijving niet beschikbaar</desc><category></category></programme><programme channel="1282999666" start="20221124160000 +0000" stop="20221124170000 +0000" catchup-id="1297562672"><title>Dune Un Chens</title><date></date><icon src="https://t-mobiletv.nl:443/CPS/images/universal/film/program/202211/20221117/42/202211170901005084nk.jpg"></icon><desc>Programmabeschrijving niet beschikbaar</desc><category></category></programme><programme channel="1282999666" start="20221124170000 +0000" stop="20221124173000 +0000" catchup-id="1297562678"><title>Nieuws Curacao</title><date></date><icon src="https://t-mobiletv.nl:443/CPS/images/universal/film/program/202211/20221117/80/202211170901005086np.jpg"></icon><desc>Programmabeschrijving niet beschikbaar</desc><category></category></programme><programme channel="1282999666" start="20221124173000 +0000" stop="20221124200000 +0000" catchup-id="1297562684"><title>Bo Trai Merdia</title><date></date><icon src="https://t-mobiletv.nl:443/CPS/images/universal/film/program/202211/20221117/92/20221117090100508ndi.jpg"></icon><desc>Programmabeschrijving niet beschikbaar</desc><category></category></programme><programme channel="1282999666" start="20221124200000 +0000" stop="20221124210000 +0000" catchup-id="1297562690"><title>We Talk</title><date></date><icon src="https://t-mobiletv.nl:443/CPS/images/universal/film/program/202211/20221117/96/2022111709010050810e.jpg"></icon><desc>Programmabeschrijving niet beschikbaar</desc><category></category></programme><programme channel="1282999666" start="20221124210000 +0000" stop="20221124220000 +0000" catchup-id="1297562696"><title>Nieuws Aruba</title><date></date><icon src="https://t-mobiletv.nl:443/CPS/images/universal/film/program/202211/20221117/6/20221117090100508i4g.jpg"></icon><desc>Programmabeschrijving niet beschikbaar</desc><category></category></programme><programme channel="1282999666" start="20221124220000 +0000" stop="20221124230000 +0000" catchup-id="1297562702"><title>Nieuws Suriname</title><date></date><icon src="https://t-mobiletv.nl:443/CPS/images/universal/film/program/202211/20221117/11/20221117090100508gwj.jpg"></icon><desc>Programmabeschrijving niet beschikbaar</desc><category></category></programme><programme channel="1282999666" start="20221124230000 +0000" stop="20221125000000 +0000" catchup-id="1297984483"><title>Punto Final</title><date></date><icon src="https://t-mobiletv.nl:443/CPS/images/universal/film/program/202211/20221118/77/20221118090044706t81.jpg"></icon><desc>Programmabeschrijving niet beschikbaar</desc><category></category></programme><programme channel="1282999666" start="20221125000000 +0000" stop="20221125010000 +0000" catchup-id="1297984489"><title>Gerard &amp; Wijngaarden</title><date></date><icon src="https://t-mobiletv.nl:443/CPS/images/universal/film/program/202211/20221118/86/20221118090044706auw.jpg"></icon><desc>Programmabeschrijving niet beschikbaar</desc><category></category></programme><programme channel="1282999666" start="20221125010000 +0000" stop="20221125050000 +0000" catchup-id="1297984495"><title>Tele Curacao</title><date></date><icon src="https://t-mobiletv.nl:443/CPS/images/universal/film/program/202211/20221118/19/202211180900447062ky.jpg"></icon><desc>Programmabeschrijving niet beschikbaar</desc><category></category></programme><programme channel="1282999666" start="20221125050000 +0000" stop="20221125070000 +0000" catchup-id="1297984501"><title>Tcfm</title><date></date><icon src="https://t-mobiletv.nl:443/CPS/images/universal/film/program/202211/20221118/53/20221118090044706xoh.jpg"></icon><desc>Programmabeschrijving niet beschikbaar</desc><category></category></programme><programme channel="1282999666" start="20221125070000 +0000" stop="20221125080000 +0000" catchup-id="1297984507"><title>Herhaling Nieuws Curacao</title><date></date><icon src="https://t-mobiletv.nl:443/CPS/images/universal/film/program/202211/20221118/70/20221118090044706fbk.jpg"></icon><desc>Programmabeschrijving niet beschikbaar</desc><category></category></programme><programme channel="1282999666" start="20221125080000 +0000" stop="20221125090000 +0000" catchup-id="1297984513"><title>Bonochi Korsou</title><date></date><icon src="https://t-mobiletv.nl:443/CPS/images/universal/film/program/202211/20221118/11/20221118090044706lt2.jpg"></icon><desc>Programmabeschrijving niet beschikbaar</desc><category></category></programme><programme channel="1282999666" start="20221125090000 +0000" stop="20221125100000 +0000" catchup-id="1297984519"><title>Punto Final</title><date></date><icon src="https://t-mobiletv.nl:443/CPS/images/universal/film/program/202211/20221118/24/20221118090044706gut.jpg"></icon><desc>Programmabeschrijving niet beschikbaar</desc><category></category></programme><programme channel="1282999666" start="20221125100000 +0000" stop="20221125110000 +0000" catchup-id="1297984525"><title>Desiree</title><date></date><icon src="https://t-mobiletv.nl:443/CPS/images/universal/film/program/202211/20221118/80/20221118090044706jnh.jpg"></icon><desc>Programmabeschrijving niet beschikbaar</desc><category></category></programme><programme channel="1282999666" start="20221125110000 +0000" stop="20221125113000 +0000" catchup-id="1297984531"><title>Music Varia</title><date></date><icon src="https://t-mobiletv.nl:443/CPS/images/universal/film/program/202211/20221118/29/20221118090044707412.jpg"></icon><desc>Programmabeschrijving niet beschikbaar</desc><category></category></programme><programme channel="1282999666" start="20221125113000 +0000" stop="20221125143000 +0000" catchup-id="1297984537"><title>Moru Bondia</title><date></date><icon src="https://t-mobiletv.nl:443/CPS/images/universal/film/program/202211/20221118/4/20221118090044707xyn.jpg"></icon><desc>Programmabeschrijving niet beschikbaar</desc><category></category></programme><programme channel="1282999666" start="20221125143000 +0000" stop="20221125160000 +0000" catchup-id="1297984543"><title>Mainta</title><date></date><icon src="https://t-mobiletv.nl:443/CPS/images/universal/film/program/202211/20221118/9/202211180900447079mh.jpg"></icon><desc>Programmabeschrijving niet beschikbaar</desc><category></category></programme><programme channel="1282999666" start="20221125160000 +0000" stop="20221125170000 +0000" catchup-id="1297984549"><title>Dune Un Chens</title><date></date><icon src="https://t-mobiletv.nl:443/CPS/images/universal/film/program/202211/20221118/83/202211180900447079ww.jpg"></icon><desc>Programmabeschrijving niet beschikbaar</desc><category></category></programme><programme channel="1282999666" start="20221125170000 +0000" stop="20221125173000 +0000" catchup-id="1297984555"><title>Nieuws Curacao</title><date></date><icon src="https://t-mobiletv.nl:443/CPS/images/universal/film/program/202211/20221118/97/20221118090044707oqi.jpg"></icon><desc>Programmabeschrijving niet beschikbaar</desc><category></category></programme><programme channel="1282999666" start="20221125173000 +0000" stop="20221125200000 +0000" catchup-id="1297984561"><title>Bo Trai Merdia</title><date></date><icon src="https://t-mobiletv.nl:443/CPS/images/universal/film/program/202211/20221118/17/20221118090044707zkr.jpg"></icon><desc>Programmabeschrijving niet beschikbaar</desc><category></category></programme><programme channel="1282999666" start="20221125200000 +0000" stop="20221125210000 +0000" catchup-id="1297984567"><title>We Talk</title><date></date><icon src="https://t-mobiletv.nl:443/CPS/images/universal/film/program/202211/20221118/76/20221118090044707km8.jpg"></icon><desc>Programmabeschrijving niet beschikbaar</desc><category></category></programme><programme channel="1282999666" start="20221125210000 +0000" stop="20221125220000 +0000" catchup-id="1297984573"><title>Nieuws Aruba</title><date></date><icon src="https://t-mobiletv.nl:443/CPS/images/universal/film/program/202211/20221118/35/20221118090044707y97.jpg"></icon><desc>Programmabeschrijving niet beschikbaar</desc><category></category></programme><programme channel="1282999666" start="20221125220000 +0000" stop="20221125230000 +0000" catchup-id="1297984579"><title>Nieuws Suriname</title><date></date><icon src="https://t-mobiletv.nl:443/CPS/images/universal/film/program/202211/20221118/73/202211180900447073fh.jpg"></icon><desc>Programmabeschrijving niet beschikbaar</desc><category></category></programme><programme channel="1282999666" start="20221125230000 +0000" stop="20221126000000 +0000" catchup-id="1298423618"><title>Latin Lounge</title><date></date><icon src="https://t-mobiletv.nl:443/CPS/images/universal/film/program/202211/20221119/74/20221119090129882vzq.jpg"></icon><desc>Programmabeschrijving niet beschikbaar</desc><category></category></programme><programme channel="1282999666" start="20221126000000 +0000" stop="20221126010000 +0000" catchup-id="1298423624"><title>Gerard &amp; Wijngaarden</title><date></date><icon src="https://t-mobiletv.nl:443/CPS/images/universal/film/program/202211/20221119/56/20221119090129882jk0.jpg"></icon><desc>Programmabeschrijving niet beschikbaar</desc><category></category></programme><programme channel="1282999666" start="20221126010000 +0000" stop="20221126050000 +0000" catchup-id="1298423630"><title>Tele Curacao</title><date></date><icon src="https://t-mobiletv.nl:443/CPS/images/universal/film/program/202211/20221119/94/20221119090129882fgj.jpg"></icon><desc>Programmabeschrijving niet beschikbaar</desc><category></category></programme><programme channel="1282999666" start="20221126050000 +0000" stop="20221126070000 +0000" catchup-id="1298423636"><title>Konsierto</title><date></date><icon src="https://t-mobiletv.nl:443/CPS/images/universal/film/program/202211/20221119/61/202211190901298833kz.jpg"></icon><desc>Programmabeschrijving niet beschikbaar</desc><category></category></programme><programme channel="1282999666" start="20221126070000 +0000" stop="20221126080000 +0000" catchup-id="1298423642"><title>Bam</title><date></date><icon src="https://t-mobiletv.nl:443/CPS/images/universal/film/program/202211/20221119/43/202211190901298835vq.jpg"></icon><desc>Programmabeschrijving niet beschikbaar</desc><category></category></programme><programme channel="1282999666" start="20221126080000 +0000" stop="20221126090000 +0000" catchup-id="1298423648"><title>Hptv</title><date></date><icon src="https://t-mobiletv.nl:443/CPS/images/universal/film/program/202211/20221119/39/202211190901298836cq.jpg"></icon><desc>Programmabeschrijving niet beschikbaar</desc><category></category></programme><programme channel="1282999666" start="20221126090000 +0000" stop="20221126100000 +0000" catchup-id="1298423654"><title>Punto Final</title><date></date><icon src="https://t-mobiletv.nl:443/CPS/images/universal/film/program/202211/20221119/1/20221119090129883hkp.jpg"></icon><desc>Programmabeschrijving niet beschikbaar</desc><category></category></programme><programme channel="1282999666" start="20221126100000 +0000" stop="20221126110000 +0000" catchup-id="1298423980"><title>Herhaling Nieuws Aruba</title><date></date><icon src="https://t-mobiletv.nl:443/CPS/images/universal/film/program/202211/20221119/32/202211190901298834lc.jpg"></icon><desc>Programmabeschrijving niet beschikbaar</desc><category></category></programme><programme channel="1282999666" start="20221126110000 +0000" stop="20221126113000 +0000" catchup-id="1298423986"><title>Metabolismo</title><date></date><icon src="https://t-mobiletv.nl:443/CPS/images/universal/film/program/202211/20221119/56/20221119090129883jfs.jpg"></icon><desc>Programmabeschrijving niet beschikbaar</desc><category></category></programme><programme channel="1282999666" start="20221126113000 +0000" stop="20221126143000 +0000" catchup-id="1298423992"><title>Belleza Y Maquina</title><date></date><icon src="https://t-mobiletv.nl:443/CPS/images/universal/film/program/202211/20221119/2/202211190901298832cb.jpg"></icon><desc>Programmabeschrijving niet beschikbaar</desc><category></category></programme><programme channel="1282999666" start="20221126143000 +0000" stop="20221126160000 +0000" catchup-id="1298423998"><title>Jolly Zone</title><date></date><icon src="https://t-mobiletv.nl:443/CPS/images/universal/film/program/202211/20221119/54/20221119090129884wi0.jpg"></icon><desc>Programmabeschrijving niet beschikbaar</desc><category></category></programme><programme channel="1282999666" start="20221126160000 +0000" stop="20221126180000 +0000" catchup-id="1298424004"><title>A Te Zet</title><date></date><icon src="https://t-mobiletv.nl:443/CPS/images/universal/film/program/202211/20221119/34/20221119090129884a7k.jpg"></icon><desc>Programmabeschrijving niet beschikbaar</desc><category></category></programme><programme channel="1282999666" start="20221126180000 +0000" stop="20221126190000 +0000" catchup-id="1298424010"><title>Herensia</title><date></date><icon src="https://t-mobiletv.nl:443/CPS/images/universal/film/program/202211/20221119/19/202211190901298849yb.jpg"></icon><desc>Programmabeschrijving niet beschikbaar</desc><category></category></programme><programme channel="1282999666" start="20221126190000 +0000" stop="20221126200000 +0000" catchup-id="1298424016"><title>Resumen Trai Merdia</title><date></date><icon src="https://t-mobiletv.nl:443/CPS/images/universal/film/program/202211/20221119/22/202211190901298849xy.jpg"></icon><desc>Programmabeschrijving niet beschikbaar</desc><category></category></programme><programme channel="1282999666" start="20221126200000 +0000" stop="20221126210000 +0000" catchup-id="1298424022"><title>Eldred &amp; Da Silva</title><date></date><icon src="https://t-mobiletv.nl:443/CPS/images/universal/film/program/202211/20221119/81/20221119090129885lsp.jpg"></icon><desc>Programmabeschrijving niet beschikbaar</desc><category></category></programme><programme channel="1282999666" start="20221126210000 +0000" stop="20221126220000 +0000" catchup-id="1298424028"><title>Nieuws Aruba</title><date></date><icon src="https://t-mobiletv.nl:443/CPS/images/universal/film/program/202211/20221119/55/20221119090129885bej.jpg"></icon><desc>Programmabeschrijving niet beschikbaar</desc><category></category></programme><programme channel="1282999666" start="20221126220000 +0000" stop="20221126230000 +0000" catchup-id="1298424034"><title>Nieuws Suriname</title><date></date><icon src="https://t-mobiletv.nl:443/CPS/images/universal/film/program/202211/20221119/7/20221119090129885ggn.jpg"></icon><desc>Programmabeschrijving niet beschikbaar</desc><category></category></programme><programme channel="1282999666" start="20221126230000 +0000" stop="20221127010000 +0000" catchup-id="1298816656"><title>Puurban</title><date></date><icon src="https://t-mobiletv.nl:443/CPS/images/universal/film/program/202211/20221120/85/20221120090054711v7w.jpg"></icon><desc>Programmabeschrijving niet beschikbaar</desc><category></category></programme><programme channel="1282999666" start="20221127010000 +0000" stop="20221127050000 +0000" catchup-id="1298816662"><title>Tele Curacao</title><date></date><icon src="https://t-mobiletv.nl:443/CPS/images/universal/film/program/202211/20221120/34/202211200900547117u1.jpg"></icon><desc>Programmabeschrijving niet beschikbaar</desc><category></category></programme><programme channel="1282999666" start="20221127050000 +0000" stop="20221127070000 +0000" catchup-id="1298816668"><title>Konsierto</title><date></date><icon src="https://t-mobiletv.nl:443/CPS/images/universal/film/program/202211/20221120/21/202211200900547119bv.jpg"></icon><desc>Programmabeschrijving niet beschikbaar</desc><category></category></programme><programme channel="1282999666" start="20221127070000 +0000" stop="20221127080000 +0000" catchup-id="1298816674"><title>Bhes</title><date></date><icon src="https://t-mobiletv.nl:443/CPS/images/universal/film/program/202211/20221120/48/20221120090054711m3e.jpg"></icon><desc>Programmabeschrijving niet beschikbaar</desc><category></category></programme><programme channel="1282999666" start="20221127080000 +0000" stop="20221127090000 +0000" catchup-id="1298816680"><title>Muhe</title><date></date><icon src="https://t-mobiletv.nl:443/CPS/images/universal/film/program/202211/20221120/1/20221120090054711rke.jpg"></icon><desc>Programmabeschrijving niet beschikbaar</desc><category></category></programme><programme channel="1282999666" start="20221127090000 +0000" stop="20221127100000 +0000" catchup-id="1298816686"><title>Lupe</title><date></date><icon src="https://t-mobiletv.nl:443/CPS/images/universal/film/program/202211/20221120/31/202211200900547112ih.jpg"></icon><desc>Programmabeschrijving niet beschikbaar</desc><category></category></programme><programme channel="1282999666" start="20221127100000 +0000" stop="20221127110000 +0000" catchup-id="1298816692"><title>Resumen Moru Bondia</title><date></date><icon src="https://t-mobiletv.nl:443/CPS/images/universal/film/program/202211/20221120/49/20221120090054711ivw.jpg"></icon><desc>Programmabeschrijving niet beschikbaar</desc><category></category></programme><programme channel="1282999666" start="20221127110000 +0000" stop="20221127130000 +0000" catchup-id="1298816698"><title>Neetje &amp; Pieter</title><date></date><icon src="https://t-mobiletv.nl:443/CPS/images/universal/film/program/202211/20221120/98/20221120090054711bzl.jpg"></icon><desc>Programmabeschrijving niet beschikbaar</desc><category></category></programme><programme channel="1282999666" start="20221127130000 +0000" stop="20221127140000 +0000" catchup-id="1298816704"><title>Santu Sacrifisio Di Misa</title><date></date><icon src="https://t-mobiletv.nl:443/CPS/images/universal/film/program/202211/20221120/68/20221120090054711bib.jpg"></icon><desc>Programmabeschrijving niet beschikbaar</desc><category></category></programme><programme channel="1282999666" start="20221127140000 +0000" stop="20221127150000 +0000" catchup-id="1298816710"><title>Gospel Music</title><date></date><icon src="https://t-mobiletv.nl:443/CPS/images/universal/film/program/202211/20221120/37/20221120090054711xoq.jpg"></icon><desc>Programmabeschrijving niet beschikbaar</desc><category></category></programme><programme channel="1282999666" start="20221127150000 +0000" stop="20221127170000 +0000" catchup-id="1298816716"><title>Herensia</title><date></date><icon src="https://t-mobiletv.nl:443/CPS/images/universal/film/program/202211/20221120/64/20221120090054711zwj.jpg"></icon><desc>Programmabeschrijving niet beschikbaar</desc><category></category></programme><programme channel="1282999666" start="20221127170000 +0000" stop="20221127180000 +0000" catchup-id="1298816722"><title>Youth</title><date></date><icon src="https://t-mobiletv.nl:443/CPS/images/universal/film/program/202211/20221120/5/202211200900547114p4.jpg"></icon><desc>Programmabeschrijving niet beschikbaar</desc><category></category></programme><programme channel="1282999666" start="20221127180000 +0000" stop="20221127210000 +0000" catchup-id="1298816728"><title>Show Musikal</title><date></date><icon src="https://t-mobiletv.nl:443/CPS/images/universal/film/program/202211/20221120/22/20221120090054711y71.jpg"></icon><desc>Programmabeschrijving niet beschikbaar</desc><category></category></programme><programme channel="1282999666" start="20221127210000 +0000" stop="20221127220000 +0000" catchup-id="1298816734"><title>Home Team</title><date></date><icon src="https://t-mobiletv.nl:443/CPS/images/universal/film/program/202211/20221120/54/20221120090054711x15.jpg"></icon><desc>Programmabeschrijving niet beschikbaar</desc><category></category></programme><programme channel="1282999666" start="20221127220000 +0000" stop="20221127223000 +0000" catchup-id="1298816740"><title>Nieuws Aruba</title><date></date><icon src="https://t-mobiletv.nl:443/CPS/images/universal/film/program/202211/20221120/76/20221120090054711qqu.jpg"></icon><desc>Programmabeschrijving niet beschikbaar</desc><category></category></programme><programme channel="1282999666" start="20221127223000 +0000" stop="20221127230000 +0000" catchup-id="1298816746"><title>Wega Di Number Korsou</title><date></date><icon src="https://t-mobiletv.nl:443/CPS/images/universal/film/program/202211/20221120/19/202211200900547116ep.jpg"></icon><desc>Programmabeschrijving niet beschikbaar</desc><category></category></programme><programme channel="1282999666" start="20221127230000 +0000" stop="20221128000000 +0000" catchup-id="1299199741"><title>Bam</title><date></date><icon src="https://t-mobiletv.nl:443/CPS/images/universal/film/program/202211/20221121/22/20221121090055513shk.jpg"></icon><desc>Programmabeschrijving niet beschikbaar</desc><category></category></programme><programme channel="1282999666" start="20221128000000 +0000" stop="20221128050000 +0000" catchup-id="1299199747"><title>Tele Curacao</title><date></date><icon src="https://t-mobiletv.nl:443/CPS/images/universal/film/program/202211/20221121/31/2022112109005551385m.jpg"></icon><desc>Programmabeschrijving niet beschikbaar</desc><category></category></programme><programme channel="1282999666" start="20221128050000 +0000" stop="20221128070000 +0000" catchup-id="1299199753"><title>Tcfm</title><date></date><icon src="https://t-mobiletv.nl:443/CPS/images/universal/film/program/202211/20221121/81/20221121090055513gy9.jpg"></icon><desc>Programmabeschrijving niet beschikbaar</desc><category></category></programme><programme channel="1282999666" start="20221128070000 +0000" stop="20221128080000 +0000" catchup-id="1299199759"><title>Herensia</title><date></date><icon src="https://t-mobiletv.nl:443/CPS/images/universal/film/program/202211/20221121/56/20221121090055513jfv.jpg"></icon><desc>Programmabeschrijving niet beschikbaar</desc><category></category></programme><programme channel="1282999666" start="20221128080000 +0000" stop="20221128090000 +0000" catchup-id="1299199765"><title>Bonochi Korsou</title><date></date><icon src="https://t-mobiletv.nl:443/CPS/images/universal/film/program/202211/20221121/87/20221121090055513rb3.jpg"></icon><desc>Programmabeschrijving niet beschikbaar</desc><category></category></programme><programme channel="1282999666" start="20221128090000 +0000" stop="20221128100000 +0000" catchup-id="1299199771"><title>Punto Final</title><date></date><icon src="https://t-mobiletv.nl:443/CPS/images/universal/film/program/202211/20221121/77/20221121090055513qfx.jpg"></icon><desc>Programmabeschrijving niet beschikbaar</desc><category></category></programme><programme channel="1282999666" start="20221128100000 +0000" stop="20221128110000 +0000" catchup-id="1299199777"><title>Desiree</title><date></date><icon src="https://t-mobiletv.nl:443/CPS/images/universal/film/program/202211/20221121/83/20221121090055513p5z.jpg"></icon><desc>Programmabeschrijving niet beschikbaar</desc><category></category></programme><programme channel="1282999666" start="20221128110000 +0000" stop="20221128113000 +0000" catchup-id="1299199783"><title>Music Varia</title><date></date><icon src="https://t-mobiletv.nl:443/CPS/images/universal/film/program/202211/20221121/65/20221121090055514rx9.jpg"></icon><desc>Programmabeschrijving niet beschikbaar</desc><category></category></programme><programme channel="1282999666" start="20221128113000 +0000" stop="20221128143000 +0000" catchup-id="1299199917"><title>Moru Bondia</title><date></date><icon src="https://t-mobiletv.nl:443/CPS/images/universal/film/program/202211/20221121/85/202211210900555141ra.jpg"></icon><desc>Programmabeschrijving niet beschikbaar</desc><category></category></programme><programme channel="1282999666" start="20221128143000 +0000" stop="20221128160000 +0000" catchup-id="1299199923"><title>Mainta</title><date></date><icon src="https://t-mobiletv.nl:443/CPS/images/universal/film/program/202211/20221121/52/202211210900555145nu.jpg"></icon><desc>Programmabeschrijving niet beschikbaar</desc><category></category></programme><programme channel="1282999666" start="20221128160000 +0000" stop="20221128170000 +0000" catchup-id="1299199929"><title>Dune Un Chens</title><date></date><icon src="https://t-mobiletv.nl:443/CPS/images/universal/film/program/202211/20221121/95/202211210900555147go.jpg"></icon><desc>Programmabeschrijving niet beschikbaar</desc><category></category></programme><programme channel="1282999666" start="20221128170000 +0000" stop="20221128173000 +0000" catchup-id="1299199935"><title>Nieuws Curacao</title><date></date><icon src="https://t-mobiletv.nl:443/CPS/images/universal/film/program/202211/20221121/89/20221121090055514knk.jpg"></icon><desc>Programmabeschrijving niet beschikbaar</desc><category></category></programme><programme channel="1282999666" start="20221128173000 +0000" stop="20221128200000 +0000" catchup-id="1299199941"><title>Bo Trai Merdia</title><date></date><icon src="https://t-mobiletv.nl:443/CPS/images/universal/film/program/202211/20221121/8/202211210900555147s1.jpg"></icon><desc>Programmabeschrijving niet beschikbaar</desc><category></category></programme><programme channel="1282999666" start="20221128200000 +0000" stop="20221128210000 +0000" catchup-id="1299199947"><title>We Talk</title><date></date><icon src="https://t-mobiletv.nl:443/CPS/images/universal/film/program/202211/20221121/53/20221121090055514w0p.jpg"></icon><desc>Programmabeschrijving niet beschikbaar</desc><category></category></programme><programme channel="1282999666" start="20221128210000 +0000" stop="20221128220000 +0000" catchup-id="1299199953"><title>Nieuws Aruba</title><date></date><icon src="https://t-mobiletv.nl:443/CPS/images/universal/film/program/202211/20221121/50/202211210900555143z0.jpg"></icon><desc>Programmabeschrijving niet beschikbaar</desc><category></category></programme><programme channel="1282999666" start="20221128220000 +0000" stop="20221128230000 +0000" catchup-id="1299199959"><title>Nieuws Suriname</title><date></date><icon src="https://t-mobiletv.nl:443/CPS/images/universal/film/program/202211/20221121/47/202211210900555147ek.jpg"></icon><desc>Programmabeschrijving niet beschikbaar</desc><category></category></programme><programme channel="1282999666" start="20221128230000 +0000" stop="20221129000000 +0000" catchup-id="1299573032"><title>Punto Final</title><date></date><icon src="https://t-mobiletv.nl:443/CPS/images/universal/film/program/202211/20221122/45/20221122090034715gxn.jpg"></icon><desc>Programmabeschrijving niet beschikbaar</desc><category></category></programme><programme channel="1282999666" start="20221129000000 +0000" stop="20221129010000 +0000" catchup-id="1299573038"><title>Nahason</title><date></date><icon src="https://t-mobiletv.nl:443/CPS/images/universal/film/program/202211/20221122/90/20221122090034716aa1.jpg"></icon><desc>Programmabeschrijving niet beschikbaar</desc><category></category></programme><programme channel="1282999666" start="20221129010000 +0000" stop="20221129050000 +0000" catchup-id="1299573044"><title>Tele Curacao</title><date></date><icon src="https://t-mobiletv.nl:443/CPS/images/universal/film/program/202211/20221122/31/20221122090034716ljn.jpg"></icon><desc>Programmabeschrijving niet beschikbaar</desc><category></category></programme><programme channel="1282999666" start="20221129050000 +0000" stop="20221129070000 +0000" catchup-id="1299573050"><title>Tcfm</title><date></date><icon src="https://t-mobiletv.nl:443/CPS/images/universal/film/program/202211/20221122/44/20221122090034716w84.jpg"></icon><desc>Programmabeschrijving niet beschikbaar</desc><category></category></programme><programme channel="1282999666" start="20221129070000 +0000" stop="20221129080000 +0000" catchup-id="1299573056"><title>Herhaling Nieuws Curacao</title><date></date><icon src="https://t-mobiletv.nl:443/CPS/images/universal/film/program/202211/20221122/13/20221122090034716s47.jpg"></icon><desc>Programmabeschrijving niet beschikbaar</desc><category></category></programme><programme channel="1282999666" start="20221129080000 +0000" stop="20221129090000 +0000" catchup-id="1299573062"><title>Bonochi Korsou</title><date></date><icon src="https://t-mobiletv.nl:443/CPS/images/universal/film/program/202211/20221122/13/20221122090034716up5.jpg"></icon><desc>Programmabeschrijving niet beschikbaar</desc><category></category></programme><programme channel="1282999666" start="20221129090000 +0000" stop="20221129100000 +0000" catchup-id="1299573068"><title>Punto Final</title><date></date><icon src="https://t-mobiletv.nl:443/CPS/images/universal/film/program/202211/20221122/13/20221122090034716evr.jpg"></icon><desc>Programmabeschrijving niet beschikbaar</desc><category></category></programme><programme channel="1282999666" start="20221129100000 +0000" stop="20221129110000 +0000" catchup-id="1299573074"><title>Desiree</title><date></date><icon src="https://t-mobiletv.nl:443/CPS/images/universal/film/program/202211/20221122/0/20221122090034716wcx.jpg"></icon><desc>Programmabeschrijving niet beschikbaar</desc><category></category></programme><programme channel="1282999666" start="20221129110000 +0000" stop="20221129113000 +0000" catchup-id="1299573080"><title>Music Varia</title><date></date><icon src="https://t-mobiletv.nl:443/CPS/images/universal/film/program/202211/20221122/49/202211220900347167uz.jpg"></icon><desc>Programmabeschrijving niet beschikbaar</desc><category></category></programme><programme channel="1282999666" start="20221129113000 +0000" stop="20221129143000 +0000" catchup-id="1299573086"><title>Moru Bondia</title><date></date><icon src="https://t-mobiletv.nl:443/CPS/images/universal/film/program/202211/20221122/89/20221122090034716jrt.jpg"></icon><desc>Programmabeschrijving niet beschikbaar</desc><category></category></programme><programme channel="1282999666" start="20221129143000 +0000" stop="20221129160000 +0000" catchup-id="1299573092"><title>Mainta</title><date></date><icon src="https://t-mobiletv.nl:443/CPS/images/universal/film/program/202211/20221122/60/20221122090034716xep.jpg"></icon><desc>Programmabeschrijving niet beschikbaar</desc><category></category></programme><programme channel="1282999666" start="20221129160000 +0000" stop="20221129170000 +0000" catchup-id="1299573098"><title>Dune Un Chens</title><date></date><icon src="https://t-mobiletv.nl:443/CPS/images/universal/film/program/202211/20221122/30/20221122090034716yuw.jpg"></icon><desc>Programmabeschrijving niet beschikbaar</desc><category></category></programme><programme channel="1282999666" start="20221129170000 +0000" stop="20221129173000 +0000" catchup-id="1299573104"><title>Nieuws Curacao</title><date></date><icon src="https://t-mobiletv.nl:443/CPS/images/universal/film/program/202211/20221122/10/20221122090034716y2z.jpg"></icon><desc>Programmabeschrijving niet beschikbaar</desc><category></category></programme><programme channel="1282999666" start="20221129173000 +0000" stop="20221129200000 +0000" catchup-id="1299573110"><title>Bo Trai Merdia</title><date></date><icon src="https://t-mobiletv.nl:443/CPS/images/universal/film/program/202211/20221122/85/202211220900347164vi.jpg"></icon><desc>Programmabeschrijving niet beschikbaar</desc><category></category></programme><programme channel="1282999666" start="20221129200000 +0000" stop="20221129210000 +0000" catchup-id="1299573116"><title>We Talk</title><date></date><icon src="https://t-mobiletv.nl:443/CPS/images/universal/film/program/202211/20221122/81/202211220900347162kb.jpg"></icon><desc>Programmabeschrijving niet beschikbaar</desc><category></category></programme><programme channel="1282999666" start="20221129210000 +0000" stop="20221129220000 +0000" catchup-id="1299573122"><title>Nieuws Aruba</title><date></date><icon src="https://t-mobiletv.nl:443/CPS/images/universal/film/program/202211/20221122/0/20221122090034716u6i.jpg"></icon><desc>Programmabeschrijving niet beschikbaar</desc><category></category></programme><programme channel="1282999666" start="20221129220000 +0000" stop="20221129230000 +0000" catchup-id="1299573128"><title>Nieuws Suriname</title><date></date><icon src="https://t-mobiletv.nl:443/CPS/images/universal/film/program/202211/20221122/91/20221122090034716zyt.jpg"></icon><desc>Programmabeschrijving niet beschikbaar</desc><category></category></programme><programme channel="1282999666" start="20221129230000 +0000" stop="20221130000000 +0000" catchup-id="1300026885"><title>Punto Final</title><date></date><icon src="https://t-mobiletv.nl:443/CPS/images/universal/film/program/202211/20221123/14/20221123090109712spd.jpg"></icon><desc>Programmabeschrijving niet beschikbaar</desc><category></category></programme><programme channel="1282999666" start="20221130000000 +0000" stop="20221130010000 +0000" catchup-id="1300026891"><title>Vvrp Ta Informa</title><date></date><icon src="https://t-mobiletv.nl:443/CPS/images/universal/film/program/202211/20221123/84/20221123090109712dqv.jpg"></icon><desc>Programmabeschrijving niet beschikbaar</desc><category></category></programme><programme channel="1282999666" start="20221130010000 +0000" stop="20221130050000 +0000" catchup-id="1300026897"><title>Tele Curacao</title><date></date><icon src="https://t-mobiletv.nl:443/CPS/images/universal/film/program/202211/20221123/51/20221123090109712xxo.jpg"></icon><desc>Programmabeschrijving niet beschikbaar</desc><category></category></programme><programme channel="1282999666" start="20221130050000 +0000" stop="20221130070000 +0000" catchup-id="1300026903"><title>Tcfm</title><date></date><icon src="https://t-mobiletv.nl:443/CPS/images/universal/film/program/202211/20221123/70/20221123090109712kir.jpg"></icon><desc>Programmabeschrijving niet beschikbaar</desc><category></category></programme><programme channel="1282999666" start="20221130070000 +0000" stop="20221130080000 +0000" catchup-id="1300026909"><title>Herhaling Nieuws Curacao</title><date></date><icon src="https://t-mobiletv.nl:443/CPS/images/universal/film/program/202211/20221123/79/202211230901097124rh.jpg"></icon><desc>Programmabeschrijving niet beschikbaar</desc><category></category></programme><programme channel="1282999666" start="20221130080000 +0000" stop="20221130090000 +0000" catchup-id="1300026915"><title>Bonochi Korsou</title><date></date><icon src="https://t-mobiletv.nl:443/CPS/images/universal/film/program/202211/20221123/15/20221123090109712orv.jpg"></icon><desc>Programmabeschrijving niet beschikbaar</desc><category></category></programme><programme channel="1282999666" start="20221130090000 +0000" stop="20221130100000 +0000" catchup-id="1300027369"><title>Punto Final</title><date></date><icon src="https://t-mobiletv.nl:443/CPS/images/universal/film/program/202211/20221123/68/202211230901097127tx.jpg"></icon><desc>Programmabeschrijving niet beschikbaar</desc><category></category></programme><programme channel="1282999666" start="20221130100000 +0000" stop="20221130110000 +0000" catchup-id="1300027375"><title>Harhaling Nieuws Aruba</title><date></date><icon src="https://t-mobiletv.nl:443/CPS/images/universal/film/program/202211/20221123/73/20221123090109712qkf.jpg"></icon><desc>Programmabeschrijving niet beschikbaar</desc><category></category></programme><programme channel="1282999666" start="20221130110000 +0000" stop="20221130113000 +0000" catchup-id="1300027381"><title>Music Varia</title><date></date><icon src="https://t-mobiletv.nl:443/CPS/images/universal/film/program/202211/20221123/9/20221123090109712dk6.jpg"></icon><desc>Programmabeschrijving niet beschikbaar</desc><category></category></programme><programme channel="1282999666" start="20221130113000 +0000" stop="20221130143000 +0000" catchup-id="1300027387"><title>Moru Bondia</title><date></date><icon src="https://t-mobiletv.nl:443/CPS/images/universal/film/program/202211/20221123/37/20221123090109712ebt.jpg"></icon><desc>Programmabeschrijving niet beschikbaar</desc><category></category></programme><programme channel="1282999666" start="20221130143000 +0000" stop="20221130160000 +0000" catchup-id="1300027393"><title>Mainta</title><date></date><icon src="https://t-mobiletv.nl:443/CPS/images/universal/film/program/202211/20221123/47/20221123090109712fhf.jpg"></icon><desc>Programmabeschrijving niet beschikbaar</desc><category></category></programme><programme channel="1282999666" start="20221130160000 +0000" stop="20221130170000 +0000" catchup-id="1300027399"><title>Dune Un Chens</title><date></date><icon src="https://t-mobiletv.nl:443/CPS/images/universal/film/program/202211/20221123/66/20221123090109712nps.jpg"></icon><desc>Programmabeschrijving niet beschikbaar</desc><category></category></programme><programme channel="1282999666" start="20221130170000 +0000" stop="20221130173000 +0000" catchup-id="1300027405"><title>Nieuws Curacao</title><date></date><icon src="https://t-mobiletv.nl:443/CPS/images/universal/film/program/202211/20221123/84/20221123090109712h8e.jpg"></icon><desc>Programmabeschrijving niet beschikbaar</desc><category></category></programme><programme channel="1282999666" start="20221130173000 +0000" stop="20221130200000 +0000" catchup-id="1300027411"><title>Bo Trai Merdia</title><date></date><icon src="https://t-mobiletv.nl:443/CPS/images/universal/film/program/202211/20221123/1/20221123090109712vvd.jpg"></icon><desc>Programmabeschrijving niet beschikbaar</desc><category></category></programme><programme channel="1282999666" start="20221130200000 +0000" stop="20221130210000 +0000" catchup-id="1300027417"><title>We Talk</title><date></date><icon src="https://t-mobiletv.nl:443/CPS/images/universal/film/program/202211/20221123/62/20221123090109712qwk.jpg"></icon><desc>Programmabeschrijving niet beschikbaar</desc><category></category></programme><programme channel="1282999666" start="20221130210000 +0000" stop="20221130220000 +0000" catchup-id="1300027423"><title>Nieuws Aruba</title><date></date><icon src="https://t-mobiletv.nl:443/CPS/images/universal/film/program/202211/20221123/12/20221123090109712fav.jpg"></icon><desc>Programmabeschrijving niet beschikbaar</desc><category></category></programme><programme channel="1282999666" start="20221130220000 +0000" stop="20221130230000 +0000" catchup-id="1300027429"><title>Nieuws Suriname</title><date></date><icon src="https://t-mobiletv.nl:443/CPS/images/universal/film/program/202211/20221123/96/20221123090109713dbm.jpg"></icon><desc>Programmabeschrijving niet beschikbaar</desc><category></category></programme><programme channel="1282999666" start="20221130230000 +0000" stop="20221201000000 +0000" catchup-id="1300433283"><title>Punto Final</title><date></date><icon src="https://t-mobiletv.nl:443/CPS/images/universal/film/program/202211/20221124/52/2022112409011551162s.jpg"></icon><desc>Programmabeschrijving niet beschikbaar</desc><category></category></programme><programme channel="1282999666" start="20221201000000 +0000" stop="20221201010000 +0000" catchup-id="1300433289"><title>Caribbean Vibration</title><date></date><icon src="https://t-mobiletv.nl:443/CPS/images/universal/film/program/202211/20221124/65/20221124090115511kxq.jpg"></icon><desc>Programmabeschrijving niet beschikbaar</desc><category></category></programme><programme channel="1282999666" start="20221201010000 +0000" stop="20221201050000 +0000" catchup-id="1300433295"><title>Tele Curacao</title><date></date><icon src="https://t-mobiletv.nl:443/CPS/images/universal/film/program/202211/20221124/48/20221124090115511e8w.jpg"></icon><desc>Programmabeschrijving niet beschikbaar</desc><category></category></programme><programme channel="1282999666" start="20221201050000 +0000" stop="20221201070000 +0000" catchup-id="1300433301"><title>Tcfm</title><date></date><icon src="https://t-mobiletv.nl:443/CPS/images/universal/film/program/202211/20221124/75/20221124090115511sav.jpg"></icon><desc>Programmabeschrijving niet beschikbaar</desc><category></category></programme><programme channel="1282999666" start="20221201070000 +0000" stop="20221201080000 +0000" catchup-id="1300433307"><title>Herhaling Nieuws Curacao</title><date></date><icon src="https://t-mobiletv.nl:443/CPS/images/universal/film/program/202211/20221124/77/20221124090115511vnr.jpg"></icon><desc>Programmabeschrijving niet beschikbaar</desc><category></category></programme><programme channel="1282999666" start="20221201080000 +0000" stop="20221201090000 +0000" catchup-id="1300433313"><title>Bonochi Korsou</title><date></date><icon src="https://t-mobiletv.nl:443/CPS/images/universal/film/program/202211/20221124/40/20221124090115511xbs.jpg"></icon><desc>Programmabeschrijving niet beschikbaar</desc><category></category></programme><programme channel="1282999666" start="20221201090000 +0000" stop="20221201100000 +0000" catchup-id="1300433319"><title>Punto Final</title><date></date><icon src="https://t-mobiletv.nl:443/CPS/images/universal/film/program/202211/20221124/47/202211240901155111nz.jpg"></icon><desc>Programmabeschrijving niet beschikbaar</desc><category></category></programme><programme channel="1282999666" start="20221201100000 +0000" stop="20221201110000 +0000" catchup-id="1300433517"><title>Desiree</title><date></date><icon src="https://t-mobiletv.nl:443/CPS/images/universal/film/program/202211/20221124/77/20221124090115511rch.jpg"></icon><desc>Programmabeschrijving niet beschikbaar</desc><category></category></programme><programme channel="1282999666" start="20221201110000 +0000" stop="20221201113000 +0000" catchup-id="1300433523"><title>Music Varia</title><date></date><icon src="https://t-mobiletv.nl:443/CPS/images/universal/film/program/202211/20221124/80/20221124090115512eux.jpg"></icon><desc>Programmabeschrijving niet beschikbaar</desc><category></category></programme><programme channel="1282999666" start="20221201113000 +0000" stop="20221201143000 +0000" catchup-id="1300433529"><title>Moru Bondia</title><date></date><icon src="https://t-mobiletv.nl:443/CPS/images/universal/film/program/202211/20221124/63/202211240901155123rz.jpg"></icon><desc>Programmabeschrijving niet beschikbaar</desc><category></category></programme><programme channel="1282999666" start="20221201143000 +0000" stop="20221201160000 +0000" catchup-id="1300433535"><title>Mainta</title><date></date><icon src="https://t-mobiletv.nl:443/CPS/images/universal/film/program/202211/20221124/40/20221124090115512tkl.jpg"></icon><desc>Programmabeschrijving niet beschikbaar</desc><category></category></programme><programme channel="1282999666" start="20221201160000 +0000" stop="20221201170000 +0000" catchup-id="1300433541"><title>Dune Un Chens</title><date></date><icon src="https://t-mobiletv.nl:443/CPS/images/universal/film/program/202211/20221124/53/202211240901155125u5.jpg"></icon><desc>Programmabeschrijving niet beschikbaar</desc><category></category></programme><programme channel="1282999666" start="20221201170000 +0000" stop="20221201173000 +0000" catchup-id="1300433547"><title>Nieuws Curacao</title><date></date><icon src="https://t-mobiletv.nl:443/CPS/images/universal/film/program/202211/20221124/6/20221124090115512vj3.jpg"></icon><desc>Programmabeschrijving niet beschikbaar</desc><category></category></programme><programme channel="1282999666" start="20221201173000 +0000" stop="20221201200000 +0000" catchup-id="1300433553"><title>Bo Trai Merdia</title><date></date><icon src="https://t-mobiletv.nl:443/CPS/images/universal/film/program/202211/20221124/99/20221124090115512nhg.jpg"></icon><desc>Programmabeschrijving niet beschikbaar</desc><category></category></programme><programme channel="1282999666" start="20221201200000 +0000" stop="20221201210000 +0000" catchup-id="1300433559"><title>We Talk</title><date></date><icon src="https://t-mobiletv.nl:443/CPS/images/universal/film/program/202211/20221124/64/20221124090115512sq3.jpg"></icon><desc>Programmabeschrijving niet beschikbaar</desc><category></category></programme><programme channel="1282999666" start="20221201210000 +0000" stop="20221201220000 +0000" catchup-id="1300433565"><title>Nieuws Aruba</title><date></date><icon src="https://t-mobiletv.nl:443/CPS/images/universal/film/program/202211/20221124/89/20221124090115512l7f.jpg"></icon><desc>Programmabeschrijving niet beschikbaar</desc><category></category></programme><programme channel="1282999666" start="20221201220000 +0000" stop="20221201230000 +0000" catchup-id="1300433571"><title>Nieuws Suriname</title><date></date><icon src="https://t-mobiletv.nl:443/CPS/images/universal/film/program/202211/20221124/84/20221124090115512yic.jpg"></icon><desc>Programmabeschrijving niet beschikbaar</desc><category></category></programme><programme channel="1282999666" start="20221201230000 +0000" stop="20221202000000 +0000" catchup-id="1300847656"><title>Punto Final</title><date></date><icon src="https://t-mobiletv.nl:443/CPS/images/universal/film/program/202211/20221125/71/202211250900447161b9.jpg"></icon><desc>Programmabeschrijving niet beschikbaar</desc><category></category></programme><programme channel="1282999666" start="20221202000000 +0000" stop="20221202010000 +0000" catchup-id="1300847662"><title>Gerard &amp; Wijngaarden</title><date></date><icon src="https://t-mobiletv.nl:443/CPS/images/universal/film/program/202211/20221125/16/202211250900447163ou.jpg"></icon><desc>Programmabeschrijving niet beschikbaar</desc><category></category></programme><programme channel="1282999666" start="20221202010000 +0000" stop="20221202050000 +0000" catchup-id="1300847668"><title>Tele Curacao</title><date></date><icon src="https://t-mobiletv.nl:443/CPS/images/universal/film/program/202211/20221125/72/20221125090044716ggi.jpg"></icon><desc>Programmabeschrijving niet beschikbaar</desc><category></category></programme><programme channel="1282999666" start="20221202050000 +0000" stop="20221202070000 +0000" catchup-id="1300847674"><title>Tcfm</title><date></date><icon src="https://t-mobiletv.nl:443/CPS/images/universal/film/program/202211/20221125/10/20221125090044716a72.jpg"></icon><desc>Programmabeschrijving niet beschikbaar</desc><category></category></programme><programme channel="1282999666" start="20221202070000 +0000" stop="20221202080000 +0000" catchup-id="1300847680"><title>Herhaling Nieuws Curacao</title><date></date><icon src="https://t-mobiletv.nl:443/CPS/images/universal/film/program/202211/20221125/25/20221125090044716fq4.jpg"></icon><desc>Programmabeschrijving niet beschikbaar</desc><category></category></programme><programme channel="1282999666" start="20221202080000 +0000" stop="20221202090000 +0000" catchup-id="1300847686"><title>Bonochi Korsou</title><date></date><icon src="https://t-mobiletv.nl:443/CPS/images/universal/film/program/202211/20221125/4/20221125090044716u2j.jpg"></icon><desc>Programmabeschrijving niet beschikbaar</desc><category></category></programme><programme channel="1282999666" start="20221202090000 +0000" stop="20221202100000 +0000" catchup-id="1300847692"><title>Punto Final</title><date></date><icon src="https://t-mobiletv.nl:443/CPS/images/universal/film/program/202211/20221125/87/202211250900447168xc.jpg"></icon><desc>Programmabeschrijving niet beschikbaar</desc><category></category></programme><programme channel="1282999666" start="20221202100000 +0000" stop="20221202110000 +0000" catchup-id="1300847698"><title>Desiree</title><date></date><icon src="https://t-mobiletv.nl:443/CPS/images/universal/film/program/202211/20221125/93/20221125090044716xul.jpg"></icon><desc>Programmabeschrijving niet beschikbaar</desc><category></category></programme><programme channel="1282999666" start="20221202110000 +0000" stop="20221202113000 +0000" catchup-id="1300847704"><title>Music Varia</title><date></date><icon src="https://t-mobiletv.nl:443/CPS/images/universal/film/program/202211/20221125/88/20221125090044716tjk.jpg"></icon><desc>Programmabeschrijving niet beschikbaar</desc><category></category></programme><programme channel="1282999666" start="20221202113000 +0000" stop="20221202143000 +0000" catchup-id="1300847710"><title>Moru Bondia</title><date></date><icon src="https://t-mobiletv.nl:443/CPS/images/universal/film/program/202211/20221125/80/20221125090044716n8m.jpg"></icon><desc>Programmabeschrijving niet beschikbaar</desc><category></category></programme><programme channel="1282999666" start="20221202143000 +0000" stop="20221202160000 +0000" catchup-id="1300847716"><title>Mainta</title><date></date><icon src="https://t-mobiletv.nl:443/CPS/images/universal/film/program/202211/20221125/24/20221125090044716eug.jpg"></icon><desc>Programmabeschrijving niet beschikbaar</desc><category></category></programme><programme channel="1282999666" start="20221202160000 +0000" stop="20221202170000 +0000" catchup-id="1300847722"><title>Dune Un Chens</title><date></date><icon src="https://t-mobiletv.nl:443/CPS/images/universal/film/program/202211/20221125/76/20221125090044716994.jpg"></icon><desc>Programmabeschrijving niet beschikbaar</desc><category></category></programme><programme channel="1282999666" start="20221202170000 +0000" stop="20221202173000 +0000" catchup-id="1300847728"><title>Nieuws Curacao</title><date></date><icon src="https://t-mobiletv.nl:443/CPS/images/universal/film/program/202211/20221125/23/20221125090044716x5g.jpg"></icon><desc>Programmabeschrijving niet beschikbaar</desc><category></category></programme><programme channel="1282999666" start="20221202173000 +0000" stop="20221202200000 +0000" catchup-id="1300847734"><title>Bo Trai Merdia</title><date></date><icon src="https://t-mobiletv.nl:443/CPS/images/universal/film/program/202211/20221125/38/20221125090044716kf4.jpg"></icon><desc>Programmabeschrijving niet beschikbaar</desc><category></category></programme><programme channel="1282999666" start="20221202200000 +0000" stop="20221202210000 +0000" catchup-id="1300847740"><title>We Talk</title><date></date><icon src="https://t-mobiletv.nl:443/CPS/images/universal/film/program/202211/20221125/23/20221125090044716rlp.jpg"></icon><desc>Programmabeschrijving niet beschikbaar</desc><category></category></programme><programme channel="1282999666" start="20221202210000 +0000" stop="20221202220000 +0000" catchup-id="1300847746"><title>Nieuws Aruba</title><date></date><icon src="https://t-mobiletv.nl:443/CPS/images/universal/film/program/202211/20221125/70/202211250900447175w1.jpg"></icon><desc>Programmabeschrijving niet beschikbaar</desc><category></category></programme><programme channel="1282999666" start="20221202220000 +0000" stop="20221202230000 +0000" catchup-id="1300847752"><title>Nieuws Suriname</title><date></date><icon src="https://t-mobiletv.nl:443/CPS/images/universal/film/program/202211/20221125/32/20221125090044717yff.jpg"></icon><desc>Programmabeschrijving niet beschikbaar</desc><category></category></programme><programme channel="1282999666" start="20221202230000 +0000" stop="20221203000000 +0000" catchup-id="1301305148"><title>Latin Lounge</title><date></date><icon src="https://t-mobiletv.nl:443/CPS/images/universal/film/program/202211/20221126/42/20221126090116515qqj.jpg"></icon><desc>Programmabeschrijving niet beschikbaar</desc><category></category></programme><programme channel="1282999666" start="20221203000000 +0000" stop="20221203010000 +0000" catchup-id="1301305154"><title>Gerard &amp; Wijngaarden</title><date></date><icon src="https://t-mobiletv.nl:443/CPS/images/universal/film/program/202211/20221126/41/202211260901165155mc.jpg"></icon><desc>Programmabeschrijving niet beschikbaar</desc><category></category></programme><programme channel="1282999666" start="20221203010000 +0000" stop="20221203050000 +0000" catchup-id="1301305160"><title>Tele Curacao</title><date></date><icon src="https://t-mobiletv.nl:443/CPS/images/universal/film/program/202211/20221126/97/2022112609011651504r.jpg"></icon><desc>Programmabeschrijving niet beschikbaar</desc><category></category></programme><programme channel="1282999666" start="20221203050000 +0000" stop="20221203070000 +0000" catchup-id="1301305166"><title>Konsierto</title><date></date><icon src="https://t-mobiletv.nl:443/CPS/images/universal/film/program/202211/20221126/3/202211260901165159rz.jpg"></icon><desc>Programmabeschrijving niet beschikbaar</desc><category></category></programme><programme channel="1282999666" start="20221203070000 +0000" stop="20221203080000 +0000" catchup-id="1301305172"><title>Bam</title><date></date><icon src="https://t-mobiletv.nl:443/CPS/images/universal/film/program/202211/20221126/54/20221126090116515gd3.jpg"></icon><desc>Programmabeschrijving niet beschikbaar</desc><category></category></programme><programme channel="1282999666" start="20221203080000 +0000" stop="20221203090000 +0000" catchup-id="1301305178"><title>Hptv</title><date></date><icon src="https://t-mobiletv.nl:443/CPS/images/universal/film/program/202211/20221126/85/20221126090116515roc.jpg"></icon><desc>Programmabeschrijving niet beschikbaar</desc><category></category></programme><programme channel="1282999666" start="20221203090000 +0000" stop="20221203100000 +0000" catchup-id="1301305184"><title>Punto Final</title><date></date><icon src="https://t-mobiletv.nl:443/CPS/images/universal/film/program/202211/20221126/51/20221126090116515bc4.jpg"></icon><desc>Programmabeschrijving niet beschikbaar</desc><category></category></programme><programme channel="1282999666" start="20221203100000 +0000" stop="20221203110000 +0000" catchup-id="1301305190"><title>Herhaling Nieuws Aruba</title><date></date><icon src="https://t-mobiletv.nl:443/CPS/images/universal/film/program/202211/20221126/11/20221126090116515fhb.jpg"></icon><desc>Programmabeschrijving niet beschikbaar</desc><category></category></programme><programme channel="1282999666" start="20221203110000 +0000" stop="20221203113000 +0000" catchup-id="1301305260"><title>Metabolismo</title><date></date><icon src="https://t-mobiletv.nl:443/CPS/images/universal/film/program/202211/20221126/98/20221126090116515ri6.jpg"></icon><desc>Programmabeschrijving niet beschikbaar</desc><category></category></programme><programme channel="1282999666" start="20221203113000 +0000" stop="20221203143000 +0000" catchup-id="1301305266"><title>Belleza Y Maquina</title><date></date><icon src="https://t-mobiletv.nl:443/CPS/images/universal/film/program/202211/20221126/11/20221126090116515gre.jpg"></icon><desc>Programmabeschrijving niet beschikbaar</desc><category></category></programme><programme channel="1282999666" start="20221203143000 +0000" stop="20221203160000 +0000" catchup-id="1301305272"><title>Jolly Zone</title><date></date><icon src="https://t-mobiletv.nl:443/CPS/images/universal/film/program/202211/20221126/82/20221126090116515x8h.jpg"></icon><desc>Programmabeschrijving niet beschikbaar</desc><category></category></programme><programme channel="1282999666" start="20221203160000 +0000" stop="20221203180000 +0000" catchup-id="1301305278"><title>A Te Zet</title><date></date><icon src="https://t-mobiletv.nl:443/CPS/images/universal/film/program/202211/20221126/32/202211260901165156il.jpg"></icon><desc>Programmabeschrijving niet beschikbaar</desc><category></category></programme>