<programme channel="280653307" start="20221119170000 +0000" stop="20221119180000 +0000" catchup-id="1295455166"><title>Nitto ATP Finals: Turijn (herhaling)</title><date></date><icon src="https://t-mobiletv.nl:443/CPS/images/universal/film/program/202211/20221112/31/2022111209002553181a.jpg"></icon><desc>Herhaling van de vierde dag op de Nitto ATP Finals, gespeeld in Turijn, Italie.</desc><category></category></programme><programme channel="280653307" start="20221119180000 +0000" stop="20221119190000 +0000" catchup-id="1295455172"><title>Nitto ATP Finals: Turijn (herhaling)</title><date></date><icon src="https://t-mobiletv.nl:443/CPS/images/universal/film/program/202211/20221112/98/20221112090025531g2y.jpg"></icon><desc>Herhaling van de zesde dag op de Nitto ATP Finals, gespeeld in Turijn, Italie.</desc><category></category></programme><programme channel="280653307" start="20221119190000 +0000" stop="20221119200000 +0000" catchup-id="1295455178"><title>Nitto ATP Finals: Turijn (herhaling)</title><date></date><icon src="https://t-mobiletv.nl:443/CPS/images/universal/film/program/202211/20221112/51/20221112090025531ab6.jpg"></icon><desc>Herhaling van de halve finales op de Nitto ATP Finals, gespeeld in Turijn, Italie.</desc><category></category></programme><programme channel="280653307" start="20221119200000 +0000" stop="20221119220500 +0000" catchup-id="1295455184"><title>Nitto ATP Finals: Turijn</title><date></date><icon src="https://t-mobiletv.nl:443/CPS/images/universal/film/program/202211/20221112/34/20221112090025531jjn.jpg"></icon><desc>Verslag van de halve finales op de Nitto ATP Finals, gespeeld in Turijn, Italie.</desc><category></category></programme><programme channel="280653307" start="20221119220500 +0000" stop="20221120000500 +0000" catchup-id="1295455190"><title>The Billie Jean King Cup: Nederland - Frankrijk (play-off) (herhaling)</title><date></date><icon src="https://t-mobiletv.nl:443/CPS/images/universal/film/program/202211/20221112/16/20221112090025531ed1.jpg"></icon><desc>Herhaling van de tweede dag van de strijd tussen Nederland en Frankrijk met als inzet het spelen van het kwalificatie toernooi voor de Billie Jean King Cup finals van 2023.</desc><category></category></programme><programme channel="280653307" start="20221120000500 +0000" stop="20221120010500 +0000" catchup-id="1295870555"><title>Nitto ATP Finals: Turijn (herhaling)</title><date></date><icon src="https://t-mobiletv.nl:443/CPS/images/universal/film/program/202211/20221113/69/20221113090024842hxd.jpg"></icon><desc>Herhaling van de halve finales op de Nitto ATP Finals, gespeeld in Turijn, Italie.</desc><category></category></programme><programme channel="280653307" start="20221120010500 +0000" stop="20221120020000 +0000" catchup-id="1295870561"><title>Nitto ATP Finals: Turijn (herhaling)</title><date></date><icon src="https://t-mobiletv.nl:443/CPS/images/universal/film/program/202211/20221113/54/20221113090024842xlc.jpg"></icon><desc>Herhaling van de halve finales op de Nitto ATP Finals, gespeeld in Turijn, Italie.</desc><category></category></programme><programme channel="280653307" start="20221120020000 +0000" stop="20221120040000 +0000" catchup-id="1295870567"><title>World Padel Tour: Buenos Aires Masters (herhaling)</title><date></date><icon src="https://t-mobiletv.nl:443/CPS/images/universal/film/program/202211/20221113/66/20221113090024842ywi.jpg"></icon><desc>Herhaling van de halve finales op de Buenos Aires Masters, gespeeld in de World Padel Tour in Buenos Aires, Argentinië.</desc><category></category></programme><programme channel="280653307" start="20221120040000 +0000" stop="20221120050000 +0000" catchup-id="1295870701"><title>Nitto ATP Finals: Turijn (herhaling)</title><date></date><icon src="https://t-mobiletv.nl:443/CPS/images/universal/film/program/202211/20221113/89/2022111309002484266u.jpg"></icon><desc>Herhaling van de halve finales op de Nitto ATP Finals, gespeeld in Turijn, Italie.</desc><category></category></programme><programme channel="280653307" start="20221120050000 +0000" stop="20221120060000 +0000" catchup-id="1295870707"><title>Nitto ATP Finals: Turijn (herhaling)</title><date></date><icon src="https://t-mobiletv.nl:443/CPS/images/universal/film/program/202211/20221113/2/20221113090024842y1o.jpg"></icon><desc>Herhaling van de halve finales op de Nitto ATP Finals, gespeeld in Turijn, Italie.</desc><category></category></programme><programme channel="280653307" start="20221120060000 +0000" stop="20221120070000 +0000" catchup-id="1295870713"><title>Nitto ATP Finals: Turijn (herhaling)</title><date></date><icon src="https://t-mobiletv.nl:443/CPS/images/universal/film/program/202211/20221113/78/20221113090024842jd8.jpg"></icon><desc>Herhaling van de halve finales op de Nitto ATP Finals, gespeeld in Turijn, Italie.</desc><category></category></programme><programme channel="280653307" start="20221120070000 +0000" stop="20221120090000 +0000" catchup-id="1295870719"><title>World Padel Tour: Buenos Aires Masters (herhaling)</title><date></date><icon src="https://t-mobiletv.nl:443/CPS/images/universal/film/program/202211/20221113/47/20221113090024842ffd.jpg"></icon><desc>Herhaling van de halve finales op de Buenos Aires Masters, gespeeld in de World Padel Tour in Buenos Aires, Argentinië.</desc><category></category></programme><programme channel="280653307" start="20221120090000 +0000" stop="20221120100000 +0000" catchup-id="1295870725"><title>Nitto ATP Finals: Turijn (herhaling)</title><date></date><icon src="https://t-mobiletv.nl:443/CPS/images/universal/film/program/202211/20221113/89/202211130900248425a8.jpg"></icon><desc>Herhaling van de zesde dag op de Nitto ATP Finals, gespeeld in Turijn, Italie.</desc><category></category></programme><programme channel="280653307" start="20221120100000 +0000" stop="20221120110000 +0000" catchup-id="1295870731"><title>Nitto ATP Finals: Turijn (herhaling)</title><date></date><icon src="https://t-mobiletv.nl:443/CPS/images/universal/film/program/202211/20221113/16/202211130900248423tl.jpg"></icon><desc>Herhaling van de halve finales op de Nitto ATP Finals, gespeeld in Turijn, Italie.</desc><category></category></programme><programme channel="280653307" start="20221120110000 +0000" stop="20221120120000 +0000" catchup-id="1295870737"><title>Nitto ATP Finals: Turijn (herhaling)</title><date></date><icon src="https://t-mobiletv.nl:443/CPS/images/universal/film/program/202211/20221113/22/20221113090024842tkf.jpg"></icon><desc>Herhaling van de halve finales op de Nitto ATP Finals, gespeeld in Turijn, Italie.</desc><category></category></programme><programme channel="280653307" start="20221120120000 +0000" stop="20221120140000 +0000" catchup-id="1295870743"><title>World Padel Tour: Buenos Aires Masters (herhaling)</title><date></date><icon src="https://t-mobiletv.nl:443/CPS/images/universal/film/program/202211/20221113/92/20221113090024842r4c.jpg"></icon><desc>Herhaling van de halve finales op de Buenos Aires Masters, gespeeld in de World Padel Tour in Buenos Aires, Argentinië.</desc><category></category></programme><programme channel="280653307" start="20221120140000 +0000" stop="20221120150000 +0000" catchup-id="1295870749"><title>Nitto ATP Finals: Turijn (herhaling)</title><date></date><icon src="https://t-mobiletv.nl:443/CPS/images/universal/film/program/202211/20221113/12/20221113090024842ezp.jpg"></icon><desc>Herhaling van de halve finales op de Nitto ATP Finals, gespeeld in Turijn, Italie.</desc><category></category></programme><programme channel="280653307" start="20221120150000 +0000" stop="20221120160000 +0000" catchup-id="1295870755"><title>Nitto ATP Finals: Turijn (herhaling)</title><date></date><icon src="https://t-mobiletv.nl:443/CPS/images/universal/film/program/202211/20221113/36/20221113090024842y93.jpg"></icon><desc>Herhaling van de halve finales op de Nitto ATP Finals, gespeeld in Turijn, Italie.</desc><category></category></programme><programme channel="280653307" start="20221120160000 +0000" stop="20221120170000 +0000" catchup-id="1298150481"><title>Legends: John Mc Ennroe / Ver 1</title><date></date><icon src="https://t-mobiletv.nl:443/CPS/images/universal/film/program/202211/20221118/90/202211182100255306q8.jpg"></icon><desc>Programmabeschrijving niet beschikbaar</desc><category></category></programme><programme channel="280653307" start="20221120170000 +0000" stop="20221120180000 +0000" catchup-id="1295870767"><title>Nitto ATP Finals: Turijn (herhaling)</title><date></date><icon src="https://t-mobiletv.nl:443/CPS/images/universal/film/program/202211/20221113/47/20221113090024842uwn.jpg"></icon><desc>Herhaling van de halve finales op de Nitto ATP Finals, gespeeld in Turijn, Italie.</desc><category></category></programme><programme channel="280653307" start="20221120180000 +0000" stop="20221120200500 +0000" catchup-id="1295870773"><title>Nitto ATP Finals: Turijn</title><date></date><icon src="https://t-mobiletv.nl:443/CPS/images/universal/film/program/202211/20221113/29/20221113090024843xvn.jpg"></icon><desc>Verslag van de finale op de Nitto ATP Finals, gespeeld in Turijn, Italie.</desc><category></category></programme><programme channel="280653307" start="20221120200500 +0000" stop="20221120220500 +0000" catchup-id="1295870779"><title>World Padel Tour: Buenos Aires Masters</title><date></date><icon src="https://t-mobiletv.nl:443/CPS/images/universal/film/program/202211/20221113/20/20221113090024843oh4.jpg"></icon><desc>Verslag van de finales op de Buenos Aires Masters, gespeeld in de World Padel Tour in Buenos Aires, Argentinië.</desc><category></category></programme><programme channel="280653307" start="20221120220500 +0000" stop="20221120233500 +0000" catchup-id="1295870785"><title>Nitto ATP Finals: Turijn (herhaling)</title><date></date><icon src="https://t-mobiletv.nl:443/CPS/images/universal/film/program/202211/20221113/63/202211130900248436b5.jpg"></icon><desc>Herhaling van de finale op de Nitto ATP Finals, gespeeld in Turijn, Italie.</desc><category></category></programme><programme channel="280653307" start="20221120233500 +0000" stop="20221121003000 +0000" catchup-id="1298150487"><title>Legends: John Mc Ennroe / Ver 1</title><date></date><icon src="https://t-mobiletv.nl:443/CPS/images/universal/film/program/202211/20221118/27/20221118210025530ceq.jpg"></icon><desc>Programmabeschrijving niet beschikbaar</desc><category></category></programme><programme channel="280653307" start="20221121003000 +0000" stop="20221121023000 +0000" catchup-id="1296241308"><title>World Padel Tour: Buenos Aires Masters (herhaling)</title><date></date><icon src="https://t-mobiletv.nl:443/CPS/images/universal/film/program/202211/20221114/55/202211140900247066zj.jpg"></icon><desc>Herhaling van de finales op de Buenos Aires Masters, gespeeld in de World Padel Tour in Buenos Aires, Argentinië.</desc><category></category></programme><programme channel="280653307" start="20221121023000 +0000" stop="20221121033000 +0000" catchup-id="1298150493"><title>Legends: John Mc Ennroe / Ver 1</title><date></date><icon src="https://t-mobiletv.nl:443/CPS/images/universal/film/program/202211/20221118/11/20221118210025530mie.jpg"></icon><desc>Programmabeschrijving niet beschikbaar</desc><category></category></programme><programme channel="280653307" start="20221121033000 +0000" stop="20221121050500 +0000" catchup-id="1296241320"><title>Nitto ATP Finals: Turijn (herhaling)</title><date></date><icon src="https://t-mobiletv.nl:443/CPS/images/universal/film/program/202211/20221114/51/20221114090024706e4g.jpg"></icon><desc>Herhaling van de finale op de Nitto ATP Finals, gespeeld in Turijn, Italie.</desc><category></category></programme><programme channel="280653307" start="20221121050500 +0000" stop="20221121060000 +0000" catchup-id="1298150499"><title>Legends: John Mc Ennroe / Ver 1</title><date></date><icon src="https://t-mobiletv.nl:443/CPS/images/universal/film/program/202211/20221118/20/202211182100255306xd.jpg"></icon><desc>Programmabeschrijving niet beschikbaar</desc><category></category></programme><programme channel="280653307" start="20221121060000 +0000" stop="20221121080000 +0000" catchup-id="1296241524"><title>World Padel Tour: Buenos Aires Masters (herhaling)</title><date></date><icon src="https://t-mobiletv.nl:443/CPS/images/universal/film/program/202211/20221114/84/20221114090024706yuu.jpg"></icon><desc>Herhaling van de finales op de Buenos Aires Masters, gespeeld in de World Padel Tour in Buenos Aires, Argentinië.</desc><category></category></programme><programme channel="280653307" start="20221121080000 +0000" stop="20221121093000 +0000" catchup-id="1296241530"><title>Nitto ATP Finals: Turijn (herhaling)</title><date></date><icon src="https://t-mobiletv.nl:443/CPS/images/universal/film/program/202211/20221114/27/20221114090024706pjk.jpg"></icon><desc>Herhaling van de finale op de Nitto ATP Finals, gespeeld in Turijn, Italie.</desc><category></category></programme><programme channel="280653307" start="20221121093000 +0000" stop="20221121103000 +0000" catchup-id="1298151209"><title>Legends: John Mc Ennroe / Ver 1</title><date></date><icon src="https://t-mobiletv.nl:443/CPS/images/universal/film/program/202211/20221118/19/202211182100255306rw.jpg"></icon><desc>Programmabeschrijving niet beschikbaar</desc><category></category></programme><programme channel="280653307" start="20221121103000 +0000" stop="20221121123000 +0000" catchup-id="1296241542"><title>World Padel Tour: Buenos Aires Masters (herhaling)</title><date></date><icon src="https://t-mobiletv.nl:443/CPS/images/universal/film/program/202211/20221114/57/2022111409002470654y.jpg"></icon><desc>Herhaling van de finales op de Buenos Aires Masters, gespeeld in de World Padel Tour in Buenos Aires, Argentinië.</desc><category></category></programme><programme channel="280653307" start="20221121123000 +0000" stop="20221121133000 +0000" catchup-id="1298151215"><title>Legends: John Mc Ennroe / Ver 1</title><date></date><icon src="https://t-mobiletv.nl:443/CPS/images/universal/film/program/202211/20221118/77/20221118210025530jf9.jpg"></icon><desc>Programmabeschrijving niet beschikbaar</desc><category></category></programme><programme channel="280653307" start="20221121133000 +0000" stop="20221121150000 +0000" catchup-id="1296241554"><title>Nitto ATP Finals: Turijn (herhaling)</title><date></date><icon src="https://t-mobiletv.nl:443/CPS/images/universal/film/program/202211/20221114/63/20221114090024707722.jpg"></icon><desc>Herhaling van de finale op de Nitto ATP Finals, gespeeld in Turijn, Italie.</desc><category></category></programme><programme channel="280653307" start="20221121150000 +0000" stop="20221121160000 +0000" catchup-id="1298151221"><title>Legends: John Mc Ennroe / Ver 1</title><date></date><icon src="https://t-mobiletv.nl:443/CPS/images/universal/film/program/202211/20221118/29/20221118210025530ovg.jpg"></icon><desc>Programmabeschrijving niet beschikbaar</desc><category></category></programme><programme channel="280653307" start="20221121160000 +0000" stop="20221121170000 +0000" catchup-id="1298151227"><title>Legends: Pete Sampras / Ver 1</title><date></date><icon src="https://t-mobiletv.nl:443/CPS/images/universal/film/program/202211/20221118/0/20221118210025530hn1.jpg"></icon><desc>Programmabeschrijving niet beschikbaar</desc><category></category></programme><programme channel="280653307" start="20221121170000 +0000" stop="20221121190000 +0000" catchup-id="1296241572"><title>World Padel Tour: Buenos Aires Masters (herhaling)</title><date></date><icon src="https://t-mobiletv.nl:443/CPS/images/universal/film/program/202211/20221114/30/20221114090024707dpe.jpg"></icon><desc>Herhaling van de finales op de Buenos Aires Masters, gespeeld in de World Padel Tour in Buenos Aires, Argentinië.</desc><category></category></programme><programme channel="280653307" start="20221121190000 +0000" stop="20221121203000 +0000" catchup-id="1296241578"><title>Nitto ATP Finals: Turijn (herhaling)</title><date></date><icon src="https://t-mobiletv.nl:443/CPS/images/universal/film/program/202211/20221114/53/20221114090024707qav.jpg"></icon><desc>Herhaling van de finale op de Nitto ATP Finals, gespeeld in Turijn, Italie.</desc><category></category></programme><programme channel="280653307" start="20221121203000 +0000" stop="20221121213000 +0000" catchup-id="1298151233"><title>Legends: John Mc Ennroe / Ver 1</title><date></date><icon src="https://t-mobiletv.nl:443/CPS/images/universal/film/program/202211/20221118/17/20221118210025530fbi.jpg"></icon><desc>Programmabeschrijving niet beschikbaar</desc><category></category></programme><programme channel="280653307" start="20221121213000 +0000" stop="20221121233000 +0000" catchup-id="1296241590"><title>World Padel Tour: Buenos Aires Masters (herhaling)</title><date></date><icon src="https://t-mobiletv.nl:443/CPS/images/universal/film/program/202211/20221114/59/2022111409002470783b.jpg"></icon><desc>Herhaling van de finales op de Buenos Aires Masters, gespeeld in de World Padel Tour in Buenos Aires, Argentinië.</desc><category></category></programme><programme channel="280653307" start="20221121233000 +0000" stop="20221122003000 +0000" catchup-id="1298151239"><title>Legends: John Mc Ennroe / Ver 1</title><date></date><icon src="https://t-mobiletv.nl:443/CPS/images/universal/film/program/202211/20221118/3/202211182100255305ld.jpg"></icon><desc>Programmabeschrijving niet beschikbaar</desc><category></category></programme><programme channel="280653307" start="20221122003000 +0000" stop="20221122020500 +0000" catchup-id="1296665770"><title>Nitto ATP Finals: Turijn (herhaling)</title><date></date><icon src="https://t-mobiletv.nl:443/CPS/images/universal/film/program/202211/20221115/85/202211150900197077lb.jpg"></icon><desc>Herhaling van de finale op de Nitto ATP Finals, gespeeld in Turijn, Italie.</desc><category></category></programme><programme channel="280653307" start="20221122020500 +0000" stop="20221122030000 +0000" catchup-id="1298151245"><title>Legends: John Mc Ennroe / Ver 1</title><date></date><icon src="https://t-mobiletv.nl:443/CPS/images/universal/film/program/202211/20221118/35/20221118210025531kux.jpg"></icon><desc>Programmabeschrijving niet beschikbaar</desc><category></category></programme><programme channel="280653307" start="20221122030000 +0000" stop="20221122040000 +0000" catchup-id="1298151251"><title>Legends: Pete Sampras / Ver 1</title><date></date><icon src="https://t-mobiletv.nl:443/CPS/images/universal/film/program/202211/20221118/53/20221118210025531a3w.jpg"></icon><desc>Programmabeschrijving niet beschikbaar</desc><category></category></programme><programme channel="280653307" start="20221122040000 +0000" stop="20221122060000 +0000" catchup-id="1296665788"><title>World Padel Tour: Buenos Aires Masters (herhaling)</title><date></date><icon src="https://t-mobiletv.nl:443/CPS/images/universal/film/program/202211/20221115/52/20221115090019707ywm.jpg"></icon><desc>Herhaling van de finales op de Buenos Aires Masters, gespeeld in de World Padel Tour in Buenos Aires, Argentinië.</desc><category></category></programme><programme channel="280653307" start="20221122060000 +0000" stop="20221122070000 +0000" catchup-id="1298151257"><title>Legends: John Mc Ennroe / Ver 1</title><date></date><icon src="https://t-mobiletv.nl:443/CPS/images/universal/film/program/202211/20221118/54/20221118210025531ofn.jpg"></icon><desc>Programmabeschrijving niet beschikbaar</desc><category></category></programme><programme channel="280653307" start="20221122070000 +0000" stop="20221122071500 +0000" catchup-id="1298151263"><title>De Story of Arantxa Rus: De wederopbouw</title><date></date><icon src="https://t-mobiletv.nl:443/CPS/images/universal/film/program/202211/20221118/21/20221118210025531b5q.jpg"></icon><desc>Arantxa Rus, voormalig nummer 61 van de wereldranglijst, kende een dramatische periode. In 2015 zakte ze zelfs naar de 285e postitie. Ze besloot uit haar comfortzone te stappen om haar carrière een laatste kans te geven. 'Lukt het niet? Dan stop ik!' Ze vertrok naar Spanje om samen te gaan werken met coach Julián Alonso. Een confronterend avontuur die na een intensieve strijd resulteerde in een nieuwe impuls in haar carrière.</desc><category></category></programme><programme channel="280653307" start="20221122071500 +0000" stop="20221122084500 +0000" catchup-id="1296665800"><title>Nitto ATP Finals: Turijn (herhaling)</title><date></date><icon src="https://t-mobiletv.nl:443/CPS/images/universal/film/program/202211/20221115/51/20221115090019707izr.jpg"></icon><desc>Herhaling van de finale op de Nitto ATP Finals, gespeeld in Turijn, Italie.</desc><category></category></programme><programme channel="280653307" start="20221122084500 +0000" stop="20221122104500 +0000" catchup-id="1296665806"><title>Davis Cup: Kazachstan - Nederland (herhaling)</title><date></date><icon src="https://t-mobiletv.nl:443/CPS/images/universal/film/program/202211/20221115/88/20221115090019707cey.jpg"></icon><desc>Herhaling van de groepsfase wedstrijd Kazachstan - Nederland, gespeeld in de wereldgroep voor plaatsing in de Davis Cup Finals van 2022. De Davis Cup Finals zullen van 23 tot en met 27 november worden gehouden in Malaga, Spanje.</desc><category></category></programme><programme channel="280653307" start="20221122104500 +0000" stop="20221122124500 +0000" catchup-id="1296665812"><title>Davis Cup: Groot-Brittannië - Nederland (herhaling)</title><date></date><icon src="https://t-mobiletv.nl:443/CPS/images/universal/film/program/202211/20221115/8/20221115090019707o7v.jpg"></icon><desc>Herhaling van de groepsfase wedstrijd Groot-Brittannië - Nederland, gespeeld in de wereldgroep voor plaatsing in de Davis Cup Finals van 2022. De Davis Cup Finals zullen van 23 tot en met 27 november worden gehouden in Malaga, Spanje.</desc><category></category></programme><programme channel="280653307" start="20221122124500 +0000" stop="20221122144500 +0000" catchup-id="1296665818"><title>Davis Cup: USA - Nederland (herhaling)</title><date></date><icon src="https://t-mobiletv.nl:443/CPS/images/universal/film/program/202211/20221115/96/20221115090019707ypz.jpg"></icon><desc>Herhaling van de groepsfase wedstrijd USA - Nederland, gespeeld in de wereldgroep voor plaatsing in de Davis Cup Finals van 2022. De Davis Cup Finals zullen van 23 tot en met 27 november worden gehouden in Malaga, Spanje.</desc><category></category></programme><programme channel="280653307" start="20221122144500 +0000" stop="20221122210500 +0000" catchup-id="1296665824"><title>Davis Cup Finals 2022: Australië - Nederland</title><date></date><icon src="https://t-mobiletv.nl:443/CPS/images/universal/film/program/202211/20221115/17/20221115090019707jgt.jpg"></icon><desc>Verslag van de eerste dag op de Davis Cup Finals 2022, gespeeld tussen Australië - Nederland in Malaga, Spanje.</desc><category></category></programme><programme channel="280653307" start="20221122210500 +0000" stop="20221122223500 +0000" catchup-id="1296665830"><title>Nitto ATP Finals: Turijn (herhaling)</title><date></date><icon src="https://t-mobiletv.nl:443/CPS/images/universal/film/program/202211/20221115/92/20221115090019707c14.jpg"></icon><desc>Herhaling van de finale op de Nitto ATP Finals, gespeeld in Turijn, Italie.</desc><category></category></programme><programme channel="280653307" start="20221122223500 +0000" stop="20221123003500 +0000" catchup-id="1296665836"><title>Davis Cup Finals 2022: Australië - Nederland</title><date></date><icon src="https://t-mobiletv.nl:443/CPS/images/universal/film/program/202211/20221115/40/202211150900197073xp.jpg"></icon><desc>Herhaling van de eerste dag op de Davis Cup Finals 2022, gespeeld tussen Australië - Nederland in Malaga, Spanje.</desc><category></category></programme><programme channel="280653307" start="20221123003500 +0000" stop="20221123021000 +0000" catchup-id="1297086515"><title>World Padel Tour: Buenos Aires Masters (herhaling)</title><date></date><icon src="https://t-mobiletv.nl:443/CPS/images/universal/film/program/202211/20221116/90/20221116090019707jcn.jpg"></icon><desc>Herhaling van de finales op de Buenos Aires Masters, gespeeld in de World Padel Tour in Buenos Aires, Argentinië.</desc><category></category></programme><programme channel="280653307" start="20221123021000 +0000" stop="20221123034000 +0000" catchup-id="1297086521"><title>Nitto ATP Finals: Turijn (herhaling)</title><date></date><icon src="https://t-mobiletv.nl:443/CPS/images/universal/film/program/202211/20221116/38/20221116090019707cqw.jpg"></icon><desc></desc><category></category></programme><programme channel="280653307" start="20221123034000 +0000" stop="20221123054000 +0000" catchup-id="1297086527"><title>Davis Cup Finals 2022: Australië - Nederland</title><date></date><icon src="https://t-mobiletv.nl:443/CPS/images/universal/film/program/202211/20221116/73/202211160900197073ej.jpg"></icon><desc>Herhaling van de eerste dag op de Davis Cup Finals 2022, gespeeld tussen Australië - Nederland in Malaga, Spanje.</desc><category></category></programme><programme channel="280653307" start="20221123054000 +0000" stop="20221123055000 +0000" catchup-id="1299325304"><title>Tennis United - Parenthood</title><date></date><icon src="https://t-mobiletv.nl:443/CPS/images/universal/film/program/202211/20221121/81/20221121210029706nf5.jpg"></icon><desc>In Tennis United kijken we achter de schermen bij de ATP &amp; WTA Tour doormiddel van een reeks intieme één-op-één gesprekken tussen ATP- en WTA-sterren. In acht boeiende, korte afleveringen verkennen spelers een reeks grotendeels ongerepte onderwerpen van binnen en buiten de sport, en bieden fans een rauw perspectief op de ervaringen, druk en privileges die deel uitmaken van het leven in het professionele tennis.</desc><category></category></programme><programme channel="280653307" start="20221123055000 +0000" stop="20221123060000 +0000" catchup-id="1299325310"><title>Tennis United - Locker Room</title><date></date><icon src="https://t-mobiletv.nl:443/CPS/images/universal/film/program/202211/20221121/37/20221121210029707nkg.jpg"></icon><desc>In Tennis United kijken we achter de schermen bij de ATP &amp; WTA Tour doormiddel van een reeks intieme één-op-één gesprekken tussen ATP- en WTA-sterren. In acht boeiende, korte afleveringen verkennen spelers een reeks grotendeels ongerepte onderwerpen van binnen en buiten de sport, en bieden fans een rauw perspectief op de ervaringen, druk en privileges die deel uitmaken van het leven in het professionele tennis.</desc><category></category></programme><programme channel="280653307" start="20221123060000 +0000" stop="20221123070000 +0000" catchup-id="1298151269"><title>Legends: Pete Sampras / Ver 1</title><date></date><icon src="https://t-mobiletv.nl:443/CPS/images/universal/film/program/202211/20221118/35/20221118210025531boi.jpg"></icon><desc>Programmabeschrijving niet beschikbaar</desc><category></category></programme><programme channel="280653307" start="20221123070000 +0000" stop="20221123085000 +0000" catchup-id="1297086539"><title>World Padel Tour: Buenos Aires Masters (herhaling)</title><date></date><icon src="https://t-mobiletv.nl:443/CPS/images/universal/film/program/202211/20221116/18/20221116090019707kbp.jpg"></icon><desc>Herhaling van de finales op de Buenos Aires Masters, gespeeld in de World Padel Tour in Buenos Aires, Argentinië.</desc><category></category></programme><programme channel="280653307" start="20221123085000 +0000" stop="20221123090000 +0000" catchup-id="1299760742"><title>De Story of Arantxa Rus: De wederopbouw</title><date></date><icon src="https://t-mobiletv.nl:443/CPS/images/universal/film/program/202211/20221122/95/20221122210025510dze.jpg"></icon><desc>Arantxa Rus, voormalig nummer 61 van de wereldranglijst, kende een dramatische periode. In 2015 zakte ze zelfs naar de 285e postitie. Ze besloot uit haar comfortzone te stappen om haar carrière een laatste kans te geven. 'Lukt het niet? Dan stop ik!' Ze vertrok naar Spanje om samen te gaan werken met coach Julián Alonso. Een confronterend avontuur die na een intensieve strijd resulteerde in een nieuwe impuls in haar carrière.</desc><category></category></programme><programme channel="280653307" start="20221123090000 +0000" stop="20221123110000 +0000" catchup-id="1297086545"><title>Davis Cup Finals 2022: Australië - Nederland</title><date></date><icon src="https://t-mobiletv.nl:443/CPS/images/universal/film/program/202211/20221116/56/20221116090019707ujp.jpg"></icon><desc>Herhaling van de eerste dag op de Davis Cup Finals 2022, gespeeld tussen Australië - Nederland in Malaga, Spanje.</desc><category></category></programme><programme channel="280653307" start="20221123110000 +0000" stop="20221123113000 +0000" catchup-id="1297086551"><title>ATP World Uncovered</title><date></date><icon src="https://t-mobiletv.nl:443/CPS/images/universal/film/program/202211/20221116/57/20221116090019708cea.jpg"></icon><desc>Het laatste nieuws en achtergronden uit de ATP World Tour en de wereld van het mannentennis.</desc><category></category></programme><programme channel="280653307" start="20221123113000 +0000" stop="20221123130000 +0000" catchup-id="1297086557"><title>Nitto ATP Finals: Turijn (herhaling)</title><date></date><icon src="https://t-mobiletv.nl:443/CPS/images/universal/film/program/202211/20221116/27/202211160900197089ut.jpg"></icon><desc>Herhaling van de finale op de Nitto ATP Finals, gespeeld in Turijn, Italie.</desc><category></category></programme><programme channel="280653307" start="20221123130000 +0000" stop="20221123150000 +0000" catchup-id="1297086563"><title>Davis Cup Finals 2022: Australië - Nederland</title><date></date><icon src="https://t-mobiletv.nl:443/CPS/images/universal/film/program/202211/20221116/20/20221116090019708avt.jpg"></icon><desc>Herhaling van de eerste dag op de Davis Cup Finals 2022, gespeeld tussen Australië - Nederland in Malaga, Spanje.</desc><category></category></programme><programme channel="280653307" start="20221123150000 +0000" stop="20221123210500 +0000" catchup-id="1297086569"><title>Davis Cup Finals 2022: Kroatië - Spanje</title><date></date><icon src="https://t-mobiletv.nl:443/CPS/images/universal/film/program/202211/20221116/16/20221116090019708koa.jpg"></icon><desc>Verslag van de tweede dag op de Davis Cup Finals 2022, gespeeld tussen Kroatië - Spanje in Malaga, Spanje.</desc><category></category></programme><programme channel="280653307" start="20221123210500 +0000" stop="20221123220000 +0000" catchup-id="1298151275"><title>Legends: Pete Sampras / Ver 1</title><date></date><icon src="https://t-mobiletv.nl:443/CPS/images/universal/film/program/202211/20221118/88/20221118210025531ozz.jpg"></icon><desc>Programmabeschrijving niet beschikbaar</desc><category></category></programme><programme channel="280653307" start="20221123220000 +0000" stop="20221123223500 +0000" catchup-id="1297086581"><title>ATP World Uncovered</title><date></date><icon src="https://t-mobiletv.nl:443/CPS/images/universal/film/program/202211/20221116/50/20221116090019708nxy.jpg"></icon><desc>Het laatste nieuws en achtergronden uit de ATP World Tour en de wereld van het mannentennis.</desc><category></category></programme><programme channel="280653307" start="20221123223500 +0000" stop="20221124003500 +0000" catchup-id="1297086587"><title>Davis Cup Finals 2022: Kroatië - Spanje</title><date></date><icon src="https://t-mobiletv.nl:443/CPS/images/universal/film/program/202211/20221116/55/202211160900197082rj.jpg"></icon><desc>Herhaling van de tweede dag op de Davis Cup Finals 2022, gespeeld tussen Kroatië - Spanje in Malaga, Spanje.</desc><category></category></programme><programme channel="280653307" start="20221124003500 +0000" stop="20221124020000 +0000" catchup-id="1297542093"><title>Nitto ATP Finals: Turijn (herhaling)</title><date></date><icon src="https://t-mobiletv.nl:443/CPS/images/universal/film/program/202211/20221117/81/20221117090025520hph.jpg"></icon><desc>Herhaling van de finale op de Nitto ATP Finals, gespeeld in Turijn, Italie.</desc><category></category></programme><programme channel="280653307" start="20221124020000 +0000" stop="20221124023000 +0000" catchup-id="1297542099"><title>ATP World Uncovered</title><date></date><icon src="https://t-mobiletv.nl:443/CPS/images/universal/film/program/202211/20221117/28/20221117090025520j9i.jpg"></icon><desc>Het laatste nieuws en achtergronden uit de ATP World Tour en de wereld van het mannentennis.</desc><category></category></programme><programme channel="280653307" start="20221124023000 +0000" stop="20221124043000 +0000" catchup-id="1297542105"><title>Davis Cup Finals 2022: Kroatië - Spanje</title><date></date><icon src="https://t-mobiletv.nl:443/CPS/images/universal/film/program/202211/20221117/42/20221117090025520bm1.jpg"></icon><desc>Herhaling van de tweede dag op de Davis Cup Finals 2022, gespeeld tussen Kroatië - Spanje in Malaga, Spanje.</desc><category></category></programme><programme channel="280653307" start="20221124043000 +0000" stop="20221124060000 +0000" catchup-id="1297542111"><title>Nitto ATP Finals: Turijn (herhaling)</title><date></date><icon src="https://t-mobiletv.nl:443/CPS/images/universal/film/program/202211/20221117/46/20221117090025520qw0.jpg"></icon><desc>Herhaling van de finale op de Nitto ATP Finals, gespeeld in Turijn, Italie.</desc><category></category></programme><programme channel="280653307" start="20221124060000 +0000" stop="20221124070000 +0000" catchup-id="1298151281"><title>Legends: John Mc Ennroe / Ver 1</title><date></date><icon src="https://t-mobiletv.nl:443/CPS/images/universal/film/program/202211/20221118/98/20221118210025531lgx.jpg"></icon><desc>Programmabeschrijving niet beschikbaar</desc><category></category></programme><programme channel="280653307" start="20221124070000 +0000" stop="20221124090000 +0000" catchup-id="1297542123"><title>Davis Cup Finals 2022: Kroatië - Spanje</title><date></date><icon src="https://t-mobiletv.nl:443/CPS/images/universal/film/program/202211/20221117/53/202211170900255204wy.jpg"></icon><desc>Herhaling van de tweede dag op de Davis Cup Finals 2022, gespeeld tussen Kroatië - Spanje in Malaga, Spanje.</desc><category></category></programme><programme channel="280653307" start="20221124090000 +0000" stop="20221124150000 +0000" catchup-id="1297542129"><title>Davis Cup Finals 2022: Italië - USA</title><date></date><icon src="https://t-mobiletv.nl:443/CPS/images/universal/film/program/202211/20221117/39/202211170900255205nm.jpg"></icon><desc>Verslag van de derde dag op de Davis Cup Finals 2022, gespeeld tussen Italië - USA in Malaga, Spanje.</desc><category></category></programme><programme channel="280653307" start="20221124150000 +0000" stop="20221124210500 +0000" catchup-id="1297542135"><title>Davis Cup Finals 2022: Duitsland - Canada</title><date></date><icon src="https://t-mobiletv.nl:443/CPS/images/universal/film/program/202211/20221117/69/20221117090025520bor.jpg"></icon><desc>Verslag van de derde dag op de Davis Cup Finals 2022, gespeeld tussen Duitsland - Canada in Malaga, Spanje.</desc><category></category></programme><programme channel="280653307" start="20221124210500 +0000" stop="20221124213500 +0000" catchup-id="1297542141"><title>ATP World Uncovered</title><date></date><icon src="https://t-mobiletv.nl:443/CPS/images/universal/film/program/202211/20221117/34/20221117090025521t2r.jpg"></icon><desc>Het laatste nieuws en achtergronden uit de ATP World Tour en de wereld van het mannentennis.</desc><category></category></programme><programme channel="280653307" start="20221124213500 +0000" stop="20221124233500 +0000" catchup-id="1297542147"><title>Davis Cup Finals 2022: Italië - USA</title><date></date><icon src="https://t-mobiletv.nl:443/CPS/images/universal/film/program/202211/20221117/42/202211170900255211nl.jpg"></icon><desc>Herhaling van de derde dag op de Davis Cup Finals 2022, gespeeld tussen Duitsland - Canada in Malaga, Spanje.</desc><category></category></programme><programme channel="280653307" start="20221124233500 +0000" stop="20221125013000 +0000" catchup-id="1297972106"><title>Davis Cup Finals 2022: Duitsland - Canada</title><date></date><icon src="https://t-mobiletv.nl:443/CPS/images/universal/film/program/202211/20221118/47/20221118090020511zjp.jpg"></icon><desc>Herhaling van de derde dag op de Davis Cup Finals 2021, gespeeld in Madrid, Spanje.</desc><category></category></programme><programme channel="280653307" start="20221125013000 +0000" stop="20221125020000 +0000" catchup-id="1297972112"><title>ATP World Uncovered</title><date></date><icon src="https://t-mobiletv.nl:443/CPS/images/universal/film/program/202211/20221118/43/20221118090020511tjx.jpg"></icon><desc>Het laatste nieuws en achtergronden uit de ATP World Tour en de wereld van het mannentennis.</desc><category></category></programme><programme channel="280653307" start="20221125020000 +0000" stop="20221125040000 +0000" catchup-id="1297972118"><title>Davis Cup Finals 2022: Italië - USA</title><date></date><icon src="https://t-mobiletv.nl:443/CPS/images/universal/film/program/202211/20221118/56/20221118090020511l62.jpg"></icon><desc>Herhaling van de derde dag op de Davis Cup Finals 2022, gespeeld tussen Duitsland - Canada in Malaga, Spanje.</desc><category></category></programme><programme channel="280653307" start="20221125040000 +0000" stop="20221125060000 +0000" catchup-id="1297972124"><title>Davis Cup Finals 2022: Duitsland - Canada</title><date></date><icon src="https://t-mobiletv.nl:443/CPS/images/universal/film/program/202211/20221118/48/20221118090020511ism.jpg"></icon><desc>Herhaling van de derde dag op de Davis Cup Finals 2021, gespeeld in Madrid, Spanje.</desc><category></category></programme><programme channel="280653307" start="20221125060000 +0000" stop="20221125080000 +0000" catchup-id="1297972130"><title>Davis Cup Finals 2022: Italië - USA</title><date></date><icon src="https://t-mobiletv.nl:443/CPS/images/universal/film/program/202211/20221118/60/20221118090020511cju.jpg"></icon><desc>Herhaling van de derde dag op de Davis Cup Finals 2022, gespeeld tussen Duitsland - Canada in Malaga, Spanje.</desc><category></category></programme><programme channel="280653307" start="20221125080000 +0000" stop="20221125090000 +0000" catchup-id="1298151287"><title>Legends: John Mc Ennroe / Ver 1</title><date></date><icon src="https://t-mobiletv.nl:443/CPS/images/universal/film/program/202211/20221118/0/20221118210025531cpo.jpg"></icon><desc>Programmabeschrijving niet beschikbaar</desc><category></category></programme><programme channel="280653307" start="20221125090000 +0000" stop="20221125091500 +0000" catchup-id="1298151293"><title>De Story of Arantxa Rus: De wederopbouw</title><date></date><icon src="https://t-mobiletv.nl:443/CPS/images/universal/film/program/202211/20221118/91/202211182100255317r9.jpg"></icon><desc>Arantxa Rus, voormalig nummer 61 van de wereldranglijst, kende een dramatische periode. In 2015 zakte ze zelfs naar de 285e postitie. Ze besloot uit haar comfortzone te stappen om haar carrière een laatste kans te geven. 'Lukt het niet? Dan stop ik!' Ze vertrok naar Spanje om samen te gaan werken met coach Julián Alonso. Een confronterend avontuur die na een intensieve strijd resulteerde in een nieuwe impuls in haar carrière.</desc><category></category></programme><programme channel="280653307" start="20221125091500 +0000" stop="20221125104500 +0000" catchup-id="1297972142"><title>Nitto ATP Finals: Turijn (herhaling)</title><date></date><icon src="https://t-mobiletv.nl:443/CPS/images/universal/film/program/202211/20221118/6/202211180900205129nn.jpg"></icon><desc>Herhaling van de finale op de Nitto ATP Finals, gespeeld in Turijn, Italie.</desc><category></category></programme><programme channel="280653307" start="20221125104500 +0000" stop="20221125124500 +0000" catchup-id="1297972148"><title>Davis Cup Finals 2022: Italië - USA</title><date></date><icon src="https://t-mobiletv.nl:443/CPS/images/universal/film/program/202211/20221118/4/20221118090020512z1k.jpg"></icon><desc>Herhaling van de derde dag op de Davis Cup Finals 2022, gespeeld tussen Duitsland - Canada in Malaga, Spanje.</desc><category></category></programme><programme channel="280653307" start="20221125124500 +0000" stop="20221125144000 +0000" catchup-id="1297972154"><title>Davis Cup Finals 2022: Duitsland - Canada</title><date></date><icon src="https://t-mobiletv.nl:443/CPS/images/universal/film/program/202211/20221118/78/20221118090020512yoc.jpg"></icon><desc>Herhaling van de derde dag op de Davis Cup Finals 2021, gespeeld in Madrid, Spanje.</desc><category></category></programme><programme channel="280653307" start="20221125144000 +0000" stop="20221125150000 +0000" catchup-id="1301030266"><title>Tennis United - Discipline</title><date></date><icon src="https://t-mobiletv.nl:443/CPS/images/universal/film/program/202211/20221125/18/20221125210019726ihc.jpg"></icon><desc></desc><category></category></programme><programme channel="280653307" start="20221125150000 +0000" stop="20221125210500 +0000" catchup-id="1297972160"><title>Davis Cup Finals 2022: halve finale</title><date></date><icon src="https://t-mobiletv.nl:443/CPS/images/universal/film/program/202211/20221118/72/20221118090020512z81.jpg"></icon><desc></desc><category></category></programme><programme channel="280653307" start="20221125210500 +0000" stop="20221125220000 +0000" catchup-id="1297972166"><title>WTA All Access</title><date></date><icon src="https://t-mobiletv.nl:443/CPS/images/universal/film/program/202211/20221118/17/2022111809002051283j.jpg"></icon><desc>Het laatste nieuws en achtergronden uit de WTA World Tour en de wereld van het vrouwentennis.</desc><category></category></programme><programme channel="280653307" start="20221125220000 +0000" stop="20221126000000 +0000" catchup-id="1297972172"><title>Davis Cup Finals 2022: halve finale (herhaling)</title><date></date><icon src="https://t-mobiletv.nl:443/CPS/images/universal/film/program/202211/20221118/3/2022111809002051262l.jpg"></icon><desc>Herhaling van de eerste halve finale van de Davis Cup Finals 2022, gespeeld in Malaga, Spanje.</desc><category></category></programme><programme channel="280653307" start="20221126000000 +0000" stop="20221126010000 +0000" catchup-id="1298383909"><title>WTA All Access</title><date></date><icon src="https://t-mobiletv.nl:443/CPS/images/universal/film/program/202211/20221119/81/202211190900247052tx.jpg"></icon><desc>Het laatste nieuws en achtergronden uit de WTA World Tour en de wereld van het vrouwentennis.</desc><category></category></programme><programme channel="280653307" start="20221126010000 +0000" stop="20221126024500 +0000" catchup-id="1298384107"><title>World Padel Tour: Buenos Aires Masters (herhaling)</title><date></date><icon src="https://t-mobiletv.nl:443/CPS/images/universal/film/program/202211/20221119/56/202211190900247059hc.jpg"></icon><desc>Herhaling van de finales op de Buenos Aires Masters, gespeeld in de World Padel Tour in Buenos Aires, Argentinië.</desc><category></category></programme><programme channel="280653307" start="20221126024500 +0000" stop="20221126031500 +0000" catchup-id="1300599141"><title>ATP World Uncovered</title><date></date><icon src="https://t-mobiletv.nl:443/CPS/images/universal/film/program/202211/20221124/14/202211242100255163c9.jpg"></icon><desc>Het laatste nieuws en achtergronden uit de ATP World Tour en de wereld van het mannentennis.</desc><category></category></programme><programme channel="280653307" start="20221126031500 +0000" stop="20221126041500 +0000" catchup-id="1300599147"><title>WTA All Access</title><date></date><icon src="https://t-mobiletv.nl:443/CPS/images/universal/film/program/202211/20221124/46/202211242100255167qh.jpg"></icon><desc>Het laatste nieuws en achtergronden uit de WTA World Tour en de wereld van het vrouwentennis.</desc><category></category></programme><programme channel="280653307" start="20221126041500 +0000" stop="20221126060000 +0000" catchup-id="1298384119"><title>Nitto ATP Finals: Turijn (herhaling)</title><date></date><icon src="https://t-mobiletv.nl:443/CPS/images/universal/film/program/202211/20221119/80/20221119090024705vgn.jpg"></icon><desc>Herhaling van de finale op de Nitto ATP Finals, gespeeld in Turijn, Italie.</desc><category></category></programme><programme channel="280653307" start="20221126060000 +0000" stop="20221126080000 +0000" catchup-id="1298384131"><title>Davis Cup Finals 2022: halve finale (herhaling)</title><date></date><icon src="https://t-mobiletv.nl:443/CPS/images/universal/film/program/202211/20221119/84/20221119090024706iqc.jpg"></icon><desc>Herhaling van de eerste halve finale van de Davis Cup Finals 2022, gespeeld in Malaga, Spanje.</desc><category></category></programme><programme channel="280653307" start="20221126080000 +0000" stop="20221126081500 +0000" catchup-id="1298384137"><title>De Story of Arantxa Rus: De wederopbouw</title><date></date><icon src="https://t-mobiletv.nl:443/CPS/images/universal/film/program/202211/20221119/75/20221119090024706y5c.jpg"></icon><desc>Arantxa Rus, voormalig nummer 61 van de wereldranglijst, kende een dramatische periode. In 2015 zakte ze zelfs naar de 285e postitie. Ze besloot uit haar comfortzone te stappen om haar carrière een laatste kans te geven. 'Lukt het niet? Dan stop ik!' Ze vertrok naar Spanje om samen te gaan werken met coach Julián Alonso. Een confronterend avontuur die na een intensieve strijd resulteerde in een nieuwe impuls in haar carrière.</desc><category></category></programme><programme channel="280653307" start="20221126081500 +0000" stop="20221126083000 +0000" catchup-id="1298384143"><title>Tennis United - Travel</title><date></date><icon src="https://t-mobiletv.nl:443/CPS/images/universal/film/program/202211/20221119/96/2022111909002470611v.jpg"></icon><desc>In Tennis United kijken we achter de schermen bij de ATP &amp; WTA Tour doormiddel van een reeks intieme één-op-één gesprekken tussen ATP- en WTA-sterren. In acht boeiende, korte afleveringen verkennen spelers een reeks grotendeels ongerepte onderwerpen van binnen en buiten de sport, en bieden fans een rauw perspectief op de ervaringen, druk en privileges die deel uitmaken van het leven in het professionele tennis.</desc><category></category></programme><programme channel="280653307" start="20221126083000 +0000" stop="20221126093000 +0000" catchup-id="1298384149"><title>WTA All Access</title><date></date><icon src="https://t-mobiletv.nl:443/CPS/images/universal/film/program/202211/20221119/31/20221119090024706hho.jpg"></icon><desc>Het laatste nieuws en achtergronden uit de WTA World Tour en de wereld van het vrouwentennis.</desc><category></category></programme><programme channel="280653307" start="20221126093000 +0000" stop="20221126113000 +0000" catchup-id="1298384161"><title>Davis Cup Finals 2022: halve finale (herhaling)</title><date></date><icon src="https://t-mobiletv.nl:443/CPS/images/universal/film/program/202211/20221119/44/20221119090024706ogi.jpg"></icon><desc>Herhaling van de eerste halve finale van de Davis Cup Finals 2022, gespeeld in Malaga, Spanje.</desc><category></category></programme><programme channel="280653307" start="20221126113000 +0000" stop="20221126114500 +0000" catchup-id="1298384167"><title>De Story of Arantxa Rus: De wederopbouw</title><date></date><icon src="https://t-mobiletv.nl:443/CPS/images/universal/film/program/202211/20221119/46/20221119090024706xm8.jpg"></icon><desc>Arantxa Rus, voormalig nummer 61 van de wereldranglijst, kende een dramatische periode. In 2015 zakte ze zelfs naar de 285e postitie. Ze besloot uit haar comfortzone te stappen om haar carrière een laatste kans te geven. 'Lukt het niet? Dan stop ik!' Ze vertrok naar Spanje om samen te gaan werken met coach Julián Alonso. Een confronterend avontuur die na een intensieve strijd resulteerde in een nieuwe impuls in haar carrière.</desc><category></category></programme><programme channel="280653307" start="20221126114500 +0000" stop="20221126120000 +0000" catchup-id="1298384173"><title>Tennis United - Travel</title><date></date><icon src="https://t-mobiletv.nl:443/CPS/images/universal/film/program/202211/20221119/91/20221119090024706mo1.jpg"></icon><desc>In Tennis United kijken we achter de schermen bij de ATP &amp; WTA Tour doormiddel van een reeks intieme één-op-één gesprekken tussen ATP- en WTA-sterren. In acht boeiende, korte afleveringen verkennen spelers een reeks grotendeels ongerepte onderwerpen van binnen en buiten de sport, en bieden fans een rauw perspectief op de ervaringen, druk en privileges die deel uitmaken van het leven in het professionele tennis.</desc><category></category></programme><programme channel="280653307" start="20221126120000 +0000" stop="20221126180500 +0000" catchup-id="1301030272"><title>Davis Cup Finals 2022: halve finale</title><date></date><icon src="https://t-mobiletv.nl:443/CPS/images/universal/film/program/202211/20221125/54/202211252100197261g4.jpg"></icon><desc>Verslag van de tweede halve finale van de Davis Cup Finals 2022, gespeeld in Malaga, Spanje.</desc><category></category></programme><programme channel="280653307" start="20221126180500 +0000" stop="20221126191500 +0000" catchup-id="1301030278"><title>WTA All Access</title><date></date><icon src="https://t-mobiletv.nl:443/CPS/images/universal/film/program/202211/20221125/91/202211252100197268bx.jpg"></icon><desc>Het laatste nieuws en achtergronden uit de WTA World Tour en de wereld van het vrouwentennis.</desc><category></category></programme><programme channel="280653307" start="20221126191500 +0000" stop="20221126201500 +0000" catchup-id="1298384215"><title>WTA All Access</title><date></date><icon src="https://t-mobiletv.nl:443/CPS/images/universal/film/program/202211/20221119/15/20221119090024706tfg.jpg"></icon><desc>Het laatste nieuws en achtergronden uit de WTA World Tour en de wereld van het vrouwentennis.</desc><category></category></programme><programme channel="280653307" start="20221126201500 +0000" stop="20221127001500 +0000" catchup-id="1298384227"><title>World Padel Tour: Mexico Open</title><date></date><icon src="https://t-mobiletv.nl:443/CPS/images/universal/film/program/202211/20221119/96/20221119090024706sfj.jpg"></icon><desc>Verslag van de halve finales op de Mexico Open, gespeeld in de World Padel Tour in ..., Mexico.</desc><category></category></programme><programme channel="280653307" start="20221127001500 +0000" stop="20221127051500 +0000" catchup-id="1298796988"><title>World Padel Tour: Mexico Open</title><date></date><icon src="https://t-mobiletv.nl:443/CPS/images/universal/film/program/202211/20221120/74/20221120090025511fyr.jpg"></icon><desc>Verslag van de halve finales op de Mexico Open, gespeeld in de World Padel Tour in ..., Mexico.</desc><category></category></programme><programme channel="280653307" start="20221127051500 +0000" stop="20221127060000 +0000" catchup-id="1298796994"><title>ATP World Uncovered</title><date></date><icon src="https://t-mobiletv.nl:443/CPS/images/universal/film/program/202211/20221120/97/202211200900255114l7.jpg"></icon><desc>Het laatste nieuws en achtergronden uit de ATP World Tour en de wereld van het mannentennis.</desc><category></category></programme><programme channel="280653307" start="20221127060000 +0000" stop="20221127080000 +0000" catchup-id="1298797006"><title>Davis Cup Finals 2022: halve finale (herhaling)</title><date></date><icon src="https://t-mobiletv.nl:443/CPS/images/universal/film/program/202211/20221120/67/20221120090025511qmd.jpg"></icon><desc>Herhaling van de tweede halve finale van de Davis Cup Finals 2022, gespeeld in Malaga, Spanje.</desc><category></category></programme><programme channel="280653307" start="20221127080000 +0000" stop="20221127090000 +0000" catchup-id="1298797012"><title>WTA All Access</title><date></date><icon src="https://t-mobiletv.nl:443/CPS/images/universal/film/program/202211/20221120/55/20221120090025511zha.jpg"></icon><desc>Het laatste nieuws en achtergronden uit de WTA World Tour en de wereld van het vrouwentennis.</desc><category></category></programme><programme channel="280653307" start="20221127090000 +0000" stop="20221127093000 +0000" catchup-id="1298797018"><title>ATP World Uncovered</title><date></date><icon src="https://t-mobiletv.nl:443/CPS/images/universal/film/program/202211/20221120/37/202211200900255117mg.jpg"></icon><desc>Het laatste nieuws en achtergronden uit de ATP World Tour en de wereld van het mannentennis.</desc><category></category></programme><programme channel="280653307" start="20221127093000 +0000" stop="20221127113000 +0000" catchup-id="1298797024"><title>World Padel Tour: Mexico Open (herhaling)</title><date></date><icon src="https://t-mobiletv.nl:443/CPS/images/universal/film/program/202211/20221120/21/20221120090025511l1h.jpg"></icon><desc>Herhaling van de halve finales op de Mexico Open, gespeeld in de World Padel Tour in ..., Mexico.</desc><category></category></programme><programme channel="280653307" start="20221127113000 +0000" stop="20221127133000 +0000" catchup-id="1298797030"><title>Davis Cup Finals 2022: halve finale (herhaling)</title><date></date><icon src="https://t-mobiletv.nl:443/CPS/images/universal/film/program/202211/20221120/32/202211200900255119r8.jpg"></icon><desc>Herhaling van de tweede halve finale van de Davis Cup Finals 2022, gespeeld in Malaga, Spanje.</desc><category></category></programme><programme channel="280653307" start="20221127133000 +0000" stop="20221127143000 +0000" catchup-id="1298797036"><title>WTA All Access</title><date></date><icon src="https://t-mobiletv.nl:443/CPS/images/universal/film/program/202211/20221120/1/20221120090025511xb0.jpg"></icon><desc>Het laatste nieuws en achtergronden uit de WTA World Tour en de wereld van het vrouwentennis.</desc><category></category></programme><programme channel="280653307" start="20221127143000 +0000" stop="20221127150000 +0000" catchup-id="1301030284"><title>ATP World Uncovered</title><date></date><icon src="https://t-mobiletv.nl:443/CPS/images/universal/film/program/202211/20221125/15/202211252100197263i2.jpg"></icon><desc>Het laatste nieuws en achtergronden uit de ATP World Tour en de wereld van het mannentennis.</desc><category></category></programme><programme channel="280653307" start="20221127150000 +0000" stop="20221127170000 +0000" catchup-id="1298797048"><title>World Padel Tour: Mexico Open (herhaling)</title><date></date><icon src="https://t-mobiletv.nl:443/CPS/images/universal/film/program/202211/20221120/95/202211200900255119fe.jpg"></icon><desc>Herhaling van de halve finales op de Mexico Open, gespeeld in de World Padel Tour in ..., Mexico.</desc><category></category></programme><programme channel="280653307" start="20221127170000 +0000" stop="20221127190000 +0000" catchup-id="1298797066"><title>Davis Cup Finals 2022: halve finale (herhaling)</title><date></date><icon src="https://t-mobiletv.nl:443/CPS/images/universal/film/program/202211/20221120/25/20221120090025512a89.jpg"></icon><desc>Herhaling van de tweede halve finale van de Davis Cup Finals 2022, gespeeld in Malaga, Spanje.</desc><category></category></programme><programme channel="280653307" start="20221127190000 +0000" stop="20221127210000 +0000" catchup-id="1298797072"><title>World Padel Tour: Mexico Open (herhaling)</title><date></date><icon src="https://t-mobiletv.nl:443/CPS/images/universal/film/program/202211/20221120/29/202211200900255120px.jpg"></icon><desc>Herhaling van de halve finales op de Mexico Open, gespeeld in de World Padel Tour in ..., Mexico.</desc><category></category></programme><programme channel="280653307" start="20221127210000 +0000" stop="20221128020500 +0000" catchup-id="1298797078"><title>World Padel Tour: Mexico Open</title><date></date><icon src="https://t-mobiletv.nl:443/CPS/images/universal/film/program/202211/20221120/93/202211200900255129cf.jpg"></icon><desc>Verslag van de finales op de Mexico Open, gespeeld in de World Padel Tour in ..., Mexico.</desc><category></category></programme><programme channel="280653307" start="20221128020500 +0000" stop="20221128040000 +0000" catchup-id="1299180067"><title>Davis Cup Finals 2022: finale (herhaling)</title><date></date><icon src="https://t-mobiletv.nl:443/CPS/images/universal/film/program/202211/20221121/90/202211210900197156eg.jpg"></icon><desc>herhaling van de finale van de Davis Cup Finals 2022, gespeeld in Malaga, Spanje.</desc><category></category></programme><programme channel="280653307" start="20221128040000 +0000" stop="20221128060000 +0000" catchup-id="1299180073"><title>World Padel Tour: Mexico Open (herhaling)</title><date></date><icon src="https://t-mobiletv.nl:443/CPS/images/universal/film/program/202211/20221121/5/20221121090019715fw7.jpg"></icon><desc>Herhaling van de finales op de Mexico Open, gespeeld in de World Padel Tour in ..., Mexico.</desc><category></category></programme><programme channel="280653307" start="20221128060000 +0000" stop="20221128080000 +0000" catchup-id="1299180079"><title>Davis Cup Finals 2022: finale (herhaling)</title><date></date><icon src="https://t-mobiletv.nl:443/CPS/images/universal/film/program/202211/20221121/97/20221121090019715dci.jpg"></icon><desc>herhaling van de finale van de Davis Cup Finals 2022, gespeeld in Malaga, Spanje.</desc><category></category></programme><programme channel="280653307" start="20221128080000 +0000" stop="20221128100000 +0000" catchup-id="1299180085"><title>World Padel Tour: Mexico Open (herhaling)</title><date></date><icon src="https://t-mobiletv.nl:443/CPS/images/universal/film/program/202211/20221121/56/20221121090019715jam.jpg"></icon><desc>Herhaling van de finales op de Mexico Open, gespeeld in de World Padel Tour in ..., Mexico.</desc><category></category></programme><programme channel="280653307" start="20221128100000 +0000" stop="20221128110000 +0000" catchup-id="1299180091"><title>WTA All Access</title><date></date><icon src="https://t-mobiletv.nl:443/CPS/images/universal/film/program/202211/20221121/19/20221121090019715b2c.jpg"></icon><desc>Het laatste nieuws en achtergronden uit de WTA World Tour en de wereld van het vrouwentennis.</desc><category></category></programme><programme channel="280653307" start="20221128110000 +0000" stop="20221128113000 +0000" catchup-id="1299180097"><title>ATP World Uncovered</title><date></date><icon src="https://t-mobiletv.nl:443/CPS/images/universal/film/program/202211/20221121/52/2022112109001971508v.jpg"></icon><desc>Het laatste nieuws en achtergronden uit de ATP World Tour en de wereld van het mannentennis.</desc><category></category></programme><programme channel="280653307" start="20221128113000 +0000" stop="20221128130000 +0000" catchup-id="1299180103"><title>WTA 1000: Mutua Madrid Open (herhaling)</title><date></date><icon src="https://t-mobiletv.nl:443/CPS/images/universal/film/program/202211/20221121/26/20221121090019715sef.jpg"></icon><desc>Herhaling van de finale op de Mutua Madrid Open, gespeeld in de WTA Tour 1000 in Madrid, Spanje.</desc><category></category></programme><programme channel="280653307" start="20221128130000 +0000" stop="20221128150000 +0000" catchup-id="1299180109"><title>Davis Cup Finals 2022: halve finale (herhaling)</title><date></date><icon src="https://t-mobiletv.nl:443/CPS/images/universal/film/program/202211/20221121/4/20221121090019715rah.jpg"></icon><desc>Herhaling van de tweede halve finale van de Davis Cup Finals 2022, gespeeld in Malaga, Spanje.</desc><category></category></programme><programme channel="280653307" start="20221128150000 +0000" stop="20221128170000 +0000" catchup-id="1299180115"><title>World Padel Tour: Mexico Open (herhaling)</title><date></date><icon src="https://t-mobiletv.nl:443/CPS/images/universal/film/program/202211/20221121/54/20221121090019715r72.jpg"></icon><desc>Herhaling van de finales op de Mexico Open, gespeeld in de World Padel Tour in ..., Mexico.</desc><category></category></programme><programme channel="280653307" start="20221128170000 +0000" stop="20221128190000 +0000" catchup-id="1299180121"><title>Davis Cup Finals 2022: finale (herhaling)</title><date></date><icon src="https://t-mobiletv.nl:443/CPS/images/universal/film/program/202211/20221121/59/202211210900197151uh.jpg"></icon><desc>herhaling van de finale van de Davis Cup Finals 2022, gespeeld in Malaga, Spanje.</desc><category></category></programme><programme channel="280653307" start="20221128190000 +0000" stop="20221128200000 +0000" catchup-id="1299180127"><title>WTA All Access</title><date></date><icon src="https://t-mobiletv.nl:443/CPS/images/universal/film/program/202211/20221121/42/20221121090019715g1z.jpg"></icon><desc>Het laatste nieuws en achtergronden uit de WTA World Tour en de wereld van het vrouwentennis.</desc><category></category></programme><programme channel="280653307" start="20221128200000 +0000" stop="20221128203000 +0000" catchup-id="1301030290"><title>ATP World Uncovered</title><date></date><icon src="https://t-mobiletv.nl:443/CPS/images/universal/film/program/202211/20221125/36/20221125210019726l77.jpg"></icon><desc>Het laatste nieuws en achtergronden uit de ATP World Tour en de wereld van het mannentennis.</desc><category></category></programme><programme channel="280653307" start="20221128203000 +0000" stop="20221128220000 +0000" catchup-id="1299180139"><title>WTA 500: Sydney Tennis Classic (herhaling)</title><date></date><icon src="https://t-mobiletv.nl:443/CPS/images/universal/film/program/202211/20221121/52/20221121090019716y2f.jpg"></icon><desc>Herhaling van de finale op de Sydney Tennis Classic, gespeeld in de WTA Tour 500 in Sydney, Australie.</desc><category></category></programme><programme channel="280653307" start="20221128220000 +0000" stop="20221128233000 +0000" catchup-id="1299180145"><title>WTA 500: Eastbourne (herhaling)</title><date></date><icon src="https://t-mobiletv.nl:443/CPS/images/universal/film/program/202211/20221121/14/20221121090019716s2o.jpg"></icon><desc>Herhaling van de finale op de Viking International Eastbourne, gespeeld in de WTA Tour 500 in Eastbourne, Engeland.</desc><category></category></programme><programme channel="280653307" start="20221128233000 +0000" stop="20221129010000 +0000" catchup-id="1299568636"><title>WTA 500: Tokyo (herhaling)</title><date></date><icon src="https://t-mobiletv.nl:443/CPS/images/universal/film/program/202211/20221122/1/202211220900247299s4.jpg"></icon><desc>Herhaling van de finale op de Toray Pan Pacific Open, gespeeld in de WTA Tour 500 in Tokyo, Japan.</desc><category></category></programme><programme channel="280653307" start="20221129010000 +0000" stop="20221129013000 +0000" catchup-id="1301030296"><title>ATP World Uncovered</title><date></date><icon src="https://t-mobiletv.nl:443/CPS/images/universal/film/program/202211/20221125/41/20221125210019726e48.jpg"></icon><desc>Het laatste nieuws en achtergronden uit de ATP World Tour en de wereld van het mannentennis.</desc><category></category></programme><programme channel="280653307" start="20221129013000 +0000" stop="20221129030000 +0000" catchup-id="1301030302"><title>WTA 500: Ostrava (herhaling)</title><date></date><icon src="https://t-mobiletv.nl:443/CPS/images/universal/film/program/202211/20221125/96/20221125210019726ysd.jpg"></icon><desc>Herhaling van de finale op de J&amp;T Banka Ostrava Open, gespeeld in de WTA Tour 500 in Ostrava, Tsjechië.</desc><category></category></programme><programme channel="280653307" start="20221129030000 +0000" stop="20221129043000 +0000" catchup-id="1299568642"><title>WTA 250: Libema Open (herhaling)</title><date></date><icon src="https://t-mobiletv.nl:443/CPS/images/universal/film/program/202211/20221122/48/20221122090024729enc.jpg"></icon><desc>Herhaling van de finale op de Libema Open, gespeeld in de WTA Tour 250 in 's Hertogenbosch, Nederland.</desc><category></category></programme><programme channel="280653307" start="20221129043000 +0000" stop="20221129053000 +0000" catchup-id="1301030308"><title>WTA All Access</title><date></date><icon src="https://t-mobiletv.nl:443/CPS/images/universal/film/program/202211/20221125/66/20221125210019726qk6.jpg"></icon><desc>Het laatste nieuws en achtergronden uit de WTA World Tour en de wereld van het vrouwentennis.</desc><category></category></programme><programme channel="280653307" start="20221129053000 +0000" stop="20221129060000 +0000" catchup-id="1301030314"><title>ATP World Uncovered</title><date></date><icon src="https://t-mobiletv.nl:443/CPS/images/universal/film/program/202211/20221125/55/20221125210019726zpq.jpg"></icon><desc>Het laatste nieuws en achtergronden uit de ATP World Tour en de wereld van het mannentennis.</desc><category></category></programme><programme channel="280653307" start="20221129060000 +0000" stop="20221129073000 +0000" catchup-id="1299568666"><title>WTA 1000: Indian Wells BNP Paribas Open (herhaling)</title><date></date><icon src="https://t-mobiletv.nl:443/CPS/images/universal/film/program/202211/20221122/1/20221122090024730w4i.jpg"></icon><desc>Herhaling van de finale op Indian Wells BNP Paribas Open, gespeeld in de WTA Tour 1000 in Indian Wells, Amerika.</desc><category></category></programme><programme channel="280653307" start="20221129073000 +0000" stop="20221129090000 +0000" catchup-id="1299568672"><title>WTA 1000: Miami Open Presented by Itaú (herhaling)</title><date></date><icon src="https://t-mobiletv.nl:443/CPS/images/universal/film/program/202211/20221122/24/20221122090024730ai8.jpg"></icon><desc>Herhaling van de finale op de Miami Open Presented by Itaú, gespeeld in de WTA Tour 1000 in Miami, Amerika.</desc><category></category></programme><programme channel="280653307" start="20221129090000 +0000" stop="20221129103000 +0000" catchup-id="1299568678"><title>WTA 1000: Mutua Madrid Open (herhaling)</title><date></date><icon src="https://t-mobiletv.nl:443/CPS/images/universal/film/program/202211/20221122/55/20221122090024730i60.jpg"></icon><desc>Herhaling van de finale op de Mutua Madrid Open, gespeeld in de WTA Tour 1000 in Madrid, Spanje.</desc><category></category></programme><programme channel="280653307" start="20221129103000 +0000" stop="20221129120000 +0000" catchup-id="1299568684"><title>WTA 1000: Rome Internazionali BNL D'Italia (herhaling)</title><date></date><icon src="https://t-mobiletv.nl:443/CPS/images/universal/film/program/202211/20221122/69/20221122090024730aw0.jpg"></icon><desc>Herhaling van de finale op het Rome Internazionali BNL D'Italia, gespeeld in de WTA Tour 1000 in Rome, Italie.</desc><category></category></programme><programme channel="280653307" start="20221129120000 +0000" stop="20221129133000 +0000" catchup-id="1299568690"><title>WTA 1000: Toronto (herhaling)</title><date></date><icon src="https://t-mobiletv.nl:443/CPS/images/universal/film/program/202211/20221122/49/20221122090024730dbt.jpg"></icon><desc>Herhaling van de finale op het National Bank Open Presented by Rogers, gespeeld in de WTA Tour 1000 in Toronto, Canada.</desc><category></category></programme><programme channel="280653307" start="20221129133000 +0000" stop="20221129150000 +0000" catchup-id="1299568696"><title>WTA 1000: Cincinnati (herhaling)</title><date></date><icon src="https://t-mobiletv.nl:443/CPS/images/universal/film/program/202211/20221122/35/20221122090024730214.jpg"></icon><desc>Herhaling van de finale op het Western &amp; Southern Open gespeeld in de WTA Tour 1000 in Cincinnati, Amerika.</desc><category></category></programme><programme channel="280653307" start="20221129150000 +0000" stop="20221129163000 +0000" catchup-id="1299568702"><title>WTA 1000: Guadalajara Open Akron (herhaling)</title><date></date><icon src="https://t-mobiletv.nl:443/CPS/images/universal/film/program/202211/20221122/73/20221122090024730vlt.jpg"></icon><desc>Herhaling van de finale op het Guadalajara Open Akron gespeeld in de WTA Tour 1000 in Guadalajara, Mexico.</desc><category></category></programme><programme channel="280653307" start="20221129163000 +0000" stop="20221129180000 +0000" catchup-id="1299568708"><title>WTA Finals: Fort Worth (herhaling)</title><date></date><icon src="https://t-mobiletv.nl:443/CPS/images/universal/film/program/202211/20221122/79/20221122090024730zfg.jpg"></icon><desc>Herhaling van de finale van de WTA Finals gespeeld in Fort Worth, Texas, Amerika.</desc><category></category></programme><programme channel="280653307" start="20221129180000 +0000" stop="20221129200000 +0000" catchup-id="1299568714"><title>Davis Cup Finals 2022: finale (herhaling)</title><date></date><icon src="https://t-mobiletv.nl:443/CPS/images/universal/film/program/202211/20221122/57/20221122090024730f2a.jpg"></icon><desc>herhaling van de finale van de Davis Cup Finals 2022, gespeeld in Malaga, Spanje.</desc><category></category></programme><programme channel="280653307" start="20221129200000 +0000" stop="20221129220000 +0000" catchup-id="1299568720"><title>World Padel Tour: Mexico Open (herhaling)</title><date></date><icon src="https://t-mobiletv.nl:443/CPS/images/universal/film/program/202211/20221122/62/20221122090024730dq0.jpg"></icon><desc>Herhaling van de finales op de Mexico Open, gespeeld in de World Padel Tour in ..., Mexico.</desc><category></category></programme><programme channel="280653307" start="20221129220000 +0000" stop="20221129230000 +0000" catchup-id="1299568726"><title>WTA All Access</title><date></date><icon src="https://t-mobiletv.nl:443/CPS/images/universal/film/program/202211/20221122/10/20221122090024730ust.jpg"></icon><desc>Het laatste nieuws en achtergronden uit de WTA World Tour en de wereld van het vrouwentennis.</desc><category></category></programme><programme channel="280653307" start="20221129230000 +0000" stop="20221129233000 +0000" catchup-id="1299568732"><title>ATP World Uncovered</title><date></date><icon src="https://t-mobiletv.nl:443/CPS/images/universal/film/program/202211/20221122/93/20221122090024730fgq.jpg"></icon><desc>Het laatste nieuws en achtergronden uit de ATP World Tour en de wereld van het mannentennis.</desc><category></category></programme><programme channel="280653307" start="20221129233000 +0000" stop="20221130013000 +0000" catchup-id="1299993322"><title>Davis Cup Finals 2022: halve finale (herhaling)</title><date></date><icon src="https://t-mobiletv.nl:443/CPS/images/universal/film/program/202211/20221123/57/20221123090020513p2v.jpg"></icon><desc>Herhaling van de tweede halve finale van de Davis Cup Finals 2022, gespeeld in Malaga, Spanje.</desc><category></category></programme><programme channel="280653307" start="20221130013000 +0000" stop="20221130033000 +0000" catchup-id="1299993328"><title>World Padel Tour: Mexico Open (herhaling)</title><date></date><icon src="https://t-mobiletv.nl:443/CPS/images/universal/film/program/202211/20221123/72/20221123090020513gqg.jpg"></icon><desc>Herhaling van de finales op de Mexico Open, gespeeld in de World Padel Tour in ..., Mexico.</desc><category></category></programme><programme channel="280653307" start="20221130033000 +0000" stop="20221130053000 +0000" catchup-id="1299993334"><title>Davis Cup Finals 2022: finale (herhaling)</title><date></date><icon src="https://t-mobiletv.nl:443/CPS/images/universal/film/program/202211/20221123/89/20221123090020513il6.jpg"></icon><desc>herhaling van de finale van de Davis Cup Finals 2022, gespeeld in Malaga, Spanje.</desc><category></category></programme><programme channel="280653307" start="20221130053000 +0000" stop="20221130060000 +0000" catchup-id="1299993346"><title>ATP World Uncovered</title><date></date><icon src="https://t-mobiletv.nl:443/CPS/images/universal/film/program/202211/20221123/78/20221123090020514ei0.jpg"></icon><desc>Het laatste nieuws en achtergronden uit de ATP World Tour en de wereld van het mannentennis.</desc><category></category></programme><programme channel="280653307" start="20221130060000 +0000" stop="20221130073000 +0000" catchup-id="1299993352"><title>WTA 1000: Rome Internazionali BNL D'Italia (herhaling)</title><date></date><icon src="https://t-mobiletv.nl:443/CPS/images/universal/film/program/202211/20221123/63/20221123090020514hvj.jpg"></icon><desc>Herhaling van de finale op het Rome Internazionali BNL D'Italia, gespeeld in de WTA Tour 1000 in Rome, Italie.</desc><category></category></programme><programme channel="280653307" start="20221130073000 +0000" stop="20221130083000 +0000" catchup-id="1299993358"><title>Legends: John Mc Ennroe / Ver 1</title><date></date><icon src="https://t-mobiletv.nl:443/CPS/images/universal/film/program/202211/20221123/45/202211230900205145tz.jpg"></icon><desc>Programmabeschrijving niet beschikbaar</desc><category></category></programme><programme channel="280653307" start="20221130083000 +0000" stop="20221130090000 +0000" catchup-id="1299993364"><title>WTA All Access</title><date></date><icon src="https://t-mobiletv.nl:443/CPS/images/universal/film/program/202211/20221123/78/20221123090020514lp8.jpg"></icon><desc>Het laatste nieuws en achtergronden uit de WTA World Tour en de wereld van het vrouwentennis.</desc><category></category></programme><programme channel="280653307" start="20221130090000 +0000" stop="20221130093000 +0000" catchup-id="1299993370"><title>ATP World Uncovered</title><date></date><icon src="https://t-mobiletv.nl:443/CPS/images/universal/film/program/202211/20221123/92/20221123090020514kw6.jpg"></icon><desc>Het laatste nieuws en achtergronden uit de ATP World Tour en de wereld van het mannentennis.</desc><category></category></programme><programme channel="280653307" start="20221130093000 +0000" stop="20221130113000 +0000" catchup-id="1299993376"><title>Davis Cup Finals 2022: finale (herhaling)</title><date></date><icon src="https://t-mobiletv.nl:443/CPS/images/universal/film/program/202211/20221123/58/20221123090020514dgz.jpg"></icon><desc>herhaling van de finale van de Davis Cup Finals 2022, gespeeld in Malaga, Spanje.</desc><category></category></programme><programme channel="280653307" start="20221130113000 +0000" stop="20221130133000 +0000" catchup-id="1299993382"><title>World Padel Tour: Mexico Open (herhaling)</title><date></date><icon src="https://t-mobiletv.nl:443/CPS/images/universal/film/program/202211/20221123/37/202211230900205144e6.jpg"></icon><desc>Herhaling van de finales op de Mexico Open, gespeeld in de World Padel Tour in ..., Mexico.</desc><category></category></programme><programme channel="280653307" start="20221130133000 +0000" stop="20221130150000 +0000" catchup-id="1299993580"><title>ATP 1000: Indian Wells BNP Paribas Open (herhaling)</title><date></date><icon src="https://t-mobiletv.nl:443/CPS/images/universal/film/program/202211/20221123/35/202211230900205143h2.jpg"></icon><desc>Herhaling van de finale op Indian Wells BNP Paribas Open, gespeeld in de ATP Tour 1000 in Indian Wells, Amerika.</desc><category></category></programme><programme channel="280653307" start="20221130150000 +0000" stop="20221130163000 +0000" catchup-id="1299993586"><title>ATP 1000: Miami Open presented by Itaú (herhaling)</title><date></date><icon src="https://t-mobiletv.nl:443/CPS/images/universal/film/program/202211/20221123/23/202211230900205147r4.jpg"></icon><desc>Herhaling van de finale op de Miami Open presented by Itaú, gespeeld in de ATP Tour 1000 in Miami, Amerika.</desc><category></category></programme><programme channel="280653307" start="20221130163000 +0000" stop="20221130180000 +0000" catchup-id="1299993592"><title>ATP 1000: Rolex Monte-Carlo Masters (herhaling)</title><date></date><icon src="https://t-mobiletv.nl:443/CPS/images/universal/film/program/202211/20221123/61/202211230900205146co.jpg"></icon><desc>Herhaling van de finale op de Rolex Monte-Carlo Masters, gespeeld in de ATP Tour 1000 in Monte-Carlo, Monaco.</desc><category></category></programme><programme channel="280653307" start="20221130180000 +0000" stop="20221130200000 +0000" catchup-id="1299993598"><title>World Padel Tour: Mexico Open (herhaling)</title><date></date><icon src="https://t-mobiletv.nl:443/CPS/images/universal/film/program/202211/20221123/80/20221123090020514po2.jpg"></icon><desc>Herhaling van de finales op de Mexico Open, gespeeld in de World Padel Tour in ..., Mexico.</desc><category></category></programme><programme channel="280653307" start="20221130200000 +0000" stop="20221130213000 +0000" catchup-id="1299993604"><title>WTA 1000: Guadalajara Open Akron (herhaling)</title><date></date><icon src="https://t-mobiletv.nl:443/CPS/images/universal/film/program/202211/20221123/10/20221123090020514rvt.jpg"></icon><desc>Herhaling van de finale op het Guadalajara Open Akron gespeeld in de WTA Tour 1000 in Guadalajara, Mexico.</desc><category></category></programme><programme channel="280653307" start="20221130213000 +0000" stop="20221130230000 +0000" catchup-id="1299993610"><title>WTA Finals: Fort Worth (herhaling)</title><date></date><icon src="https://t-mobiletv.nl:443/CPS/images/universal/film/program/202211/20221123/96/20221123090020514ctk.jpg"></icon><desc>Herhaling van de finale van de WTA Finals gespeeld in Fort Worth, Texas, Amerika.</desc><category></category></programme><programme channel="280653307" start="20221130230000 +0000" stop="20221201010000 +0000" catchup-id="1300401705"><title>Davis Cup Finals 2022: finale (herhaling)</title><date></date><icon src="https://t-mobiletv.nl:443/CPS/images/universal/film/program/202211/20221124/44/20221124090029710v84.jpg"></icon><desc>herhaling van de finale van de Davis Cup Finals 2022, gespeeld in Malaga, Spanje.</desc><category></category></programme><programme channel="280653307" start="20221201010000 +0000" stop="20221201013000 +0000" catchup-id="1300401711"><title>WTA All Access</title><date></date><icon src="https://t-mobiletv.nl:443/CPS/images/universal/film/program/202211/20221124/95/20221124090029710e3t.jpg"></icon><desc>Het laatste nieuws en achtergronden uit de WTA World Tour en de wereld van het vrouwentennis.</desc><category></category></programme><programme channel="280653307" start="20221201013000 +0000" stop="20221201020000 +0000" catchup-id="1300401717"><title>ATP World Uncovered</title><date></date><icon src="https://t-mobiletv.nl:443/CPS/images/universal/film/program/202211/20221124/14/20221124090029710uez.jpg"></icon><desc>Het laatste nieuws en achtergronden uit de ATP World Tour en de wereld van het mannentennis.</desc><category></category></programme><programme channel="280653307" start="20221201020000 +0000" stop="20221201040000 +0000" catchup-id="1300401723"><title>Davis Cup Finals 2022: finale (herhaling)</title><date></date><icon src="https://t-mobiletv.nl:443/CPS/images/universal/film/program/202211/20221124/77/20221124090029710rka.jpg"></icon><desc>herhaling van de finale van de Davis Cup Finals 2022, gespeeld in Malaga, Spanje.</desc><category></category></programme><programme channel="280653307" start="20221201040000 +0000" stop="20221201060000 +0000" catchup-id="1300401729"><title>World Padel Tour: Mexico Open (herhaling)</title><date></date><icon src="https://t-mobiletv.nl:443/CPS/images/universal/film/program/202211/20221124/54/20221124090029710itn.jpg"></icon><desc>Herhaling van de finales op de Mexico Open, gespeeld in de World Padel Tour in ..., Mexico.</desc><category></category></programme><programme channel="280653307" start="20221201060000 +0000" stop="20221201073000 +0000" catchup-id="1300401735"><title>ATP 1000: Mutua Madrid Open (herhaling)</title><date></date><icon src="https://t-mobiletv.nl:443/CPS/images/universal/film/program/202211/20221124/40/20221124090029710md6.jpg"></icon><desc>Herhaling van de finale op de Mutua Madrid Open, gespeeld in de ATP Tour 1000 in Madrid, Spanje.</desc><category></category></programme><programme channel="280653307" start="20221201073000 +0000" stop="20221201090000 +0000" catchup-id="1300401741"><title>ATP 1000: Rome Internazionali BNL D'Italia (herhaling)</title><date></date><icon src="https://t-mobiletv.nl:443/CPS/images/universal/film/program/202211/20221124/6/202211240900297106ow.jpg"></icon><desc>Herhaling van de finale op de Rome Internazionali BNL D'Italia, gespeeld in de ATP Tour 1000 in Rome, Italie.</desc><category></category></programme><programme channel="280653307" start="20221201090000 +0000" stop="20221201103000 +0000" catchup-id="1300401747"><title>ATP 1000: Montreal (herhaling)</title><date></date><icon src="https://t-mobiletv.nl:443/CPS/images/universal/film/program/202211/20221124/49/20221124090029710r78.jpg"></icon><desc>Herhaling van de finale op de National Bank Open presented by Rogers, gespeeld in de ATP Tour 1000 in Montreal, Canada.</desc><category></category></programme><programme channel="280653307" start="20221201103000 +0000" stop="20221201120000 +0000" catchup-id="1300401753"><title>ATP 1000: Cincinnati (herhaling)</title><date></date><icon src="https://t-mobiletv.nl:443/CPS/images/universal/film/program/202211/20221124/36/20221124090029710o71.jpg"></icon><desc>Herhaling van de finale op de Western &amp; Southern Open, gespeeld in de ATP Tour 1000 in Cincinnati, Amerika.</desc><category></category></programme><programme channel="280653307" start="20221201120000 +0000" stop="20221201133000 +0000" catchup-id="1300401759"><title>ATP 1000: Paris Masters (herhaling)</title><date></date><icon src="https://t-mobiletv.nl:443/CPS/images/universal/film/program/202211/20221124/3/20221124090029710zzd.jpg"></icon><desc>Herhaling van de finale op de Rolex Paris Masters, gespeeld in de ATP Tour 1000 in Parijs, Frankrijk.</desc><category></category></programme><programme channel="280653307" start="20221201133000 +0000" stop="20221201150000 +0000" catchup-id="1300401765"><title>Next Gen ATP Finals (herhaling)</title><date></date><icon src="https://t-mobiletv.nl:443/CPS/images/universal/film/program/202211/20221124/28/202211240900297101u2.jpg"></icon><desc>Herhaling van de finale op de Intesa Sanpaolo Next Gen ATP Finals, gespeeld in Milaan, Italie.</desc><category></category></programme><programme channel="280653307" start="20221201150000 +0000" stop="20221201170000 +0000" catchup-id="1300401771"><title>World Padel Tour: Mexico Open (herhaling)</title><date></date><icon src="https://t-mobiletv.nl:443/CPS/images/universal/film/program/202211/20221124/75/20221124090029711usm.jpg"></icon><desc>Herhaling van de finales op de Mexico Open, gespeeld in de World Padel Tour in ..., Mexico.</desc><category></category></programme><programme channel="280653307" start="20221201170000 +0000" stop="20221201173000 +0000" catchup-id="1300401777"><title>WTA All Access</title><date></date><icon src="https://t-mobiletv.nl:443/CPS/images/universal/film/program/202211/20221124/82/20221124090029711ayc.jpg"></icon><desc>Het laatste nieuws en achtergronden uit de WTA World Tour en de wereld van het vrouwentennis.</desc><category></category></programme><programme channel="280653307" start="20221201173000 +0000" stop="20221201190000 +0000" catchup-id="1300401783"><title>ATP 1000: Miami Open presented by Itaú (herhaling)</title><date></date><icon src="https://t-mobiletv.nl:443/CPS/images/universal/film/program/202211/20221124/85/2022112409002971129v.jpg"></icon><desc>Herhaling van de finale op de Miami Open presented by Itaú, gespeeld in de ATP Tour 1000 in Miami, Amerika.</desc><category></category></programme><programme channel="280653307" start="20221201190000 +0000" stop="20221201203000 +0000" catchup-id="1300401789"><title>ATP 1000: Rolex Monte-Carlo Masters (herhaling)</title><date></date><icon src="https://t-mobiletv.nl:443/CPS/images/universal/film/program/202211/20221124/63/20221124090029711odl.jpg"></icon><desc>Herhaling van de finale op de Rolex Monte-Carlo Masters, gespeeld in de ATP Tour 1000 in Monte-Carlo, Monaco.</desc><category></category></programme><programme channel="280653307" start="20221201203000 +0000" stop="20221201210000 +0000" catchup-id="1300401795"><title>WTA All Access</title><date></date><icon src="https://t-mobiletv.nl:443/CPS/images/universal/film/program/202211/20221124/34/202211240900297118s5.jpg"></icon><desc>Het laatste nieuws en achtergronden uit de WTA World Tour en de wereld van het vrouwentennis.</desc><category></category></programme><programme channel="280653307" start="20221201210000 +0000" stop="20221201223000 +0000" catchup-id="1300401801"><title>ATP 1000: Mutua Madrid Open (herhaling)</title><date></date><icon src="https://t-mobiletv.nl:443/CPS/images/universal/film/program/202211/20221124/66/20221124090029711ded.jpg"></icon><desc>Herhaling van de finale op de Mutua Madrid Open, gespeeld in de ATP Tour 1000 in Madrid, Spanje.</desc><category></category></programme><programme channel="280653307" start="20221201223000 +0000" stop="20221202000000 +0000" catchup-id="1300401807"><title>ATP 1000: Rome Internazionali BNL D'Italia (herhaling)</title><date></date><icon src="https://t-mobiletv.nl:443/CPS/images/universal/film/program/202211/20221124/92/20221124090029711nom.jpg"></icon><desc>Herhaling van de finale op de Rome Internazionali BNL D'Italia, gespeeld in de ATP Tour 1000 in Rome, Italie.</desc><category></category></programme><programme channel="280653307" start="20221202000000 +0000" stop="20221202013000 +0000" catchup-id="1300837612"><title>ATP 1000: Montreal (herhaling)</title><date></date><icon src="https://t-mobiletv.nl:443/CPS/images/universal/film/program/202211/20221125/93/20221125090020509bup.jpg"></icon><desc>Herhaling van de finale op de National Bank Open presented by Rogers, gespeeld in de ATP Tour 1000 in Montreal, Canada.</desc><category></category></programme><programme channel="280653307" start="20221202013000 +0000" stop="20221202030000 +0000" catchup-id="1300837618"><title>ATP 1000: Cincinnati (herhaling)</title><date></date><icon src="https://t-mobiletv.nl:443/CPS/images/universal/film/program/202211/20221125/42/202211250900205096js.jpg"></icon><desc>Herhaling van de finale op de Western &amp; Southern Open, gespeeld in de ATP Tour 1000 in Cincinnati, Amerika.</desc><category></category></programme><programme channel="280653307" start="20221202030000 +0000" stop="20221202043000 +0000" catchup-id="1300837624"><title>ATP 1000: Paris Masters (herhaling)</title><date></date><icon src="https://t-mobiletv.nl:443/CPS/images/universal/film/program/202211/20221125/5/202211250900205097b8.jpg"></icon><desc>Herhaling van de finale op de Rolex Paris Masters, gespeeld in de ATP Tour 1000 in Parijs, Frankrijk.</desc><category></category></programme><programme channel="280653307" start="20221202043000 +0000" stop="20221202060000 +0000" catchup-id="1300837630"><title>Next Gen ATP Finals (herhaling)</title><date></date><icon src="https://t-mobiletv.nl:443/CPS/images/universal/film/program/202211/20221125/58/202211250900205104hf.jpg"></icon><desc>Herhaling van de finale op de Intesa Sanpaolo Next Gen ATP Finals, gespeeld in Milaan, Italie.</desc><category></category></programme><programme channel="280653307" start="20221202060000 +0000" stop="20221202080000 +0000" catchup-id="1300837636"><title>Davis Cup Finals 2022: finale (herhaling)</title><date></date><icon src="https://t-mobiletv.nl:443/CPS/images/universal/film/program/202211/20221125/16/20221125090020510mtv.jpg"></icon><desc>herhaling van de finale van de Davis Cup Finals 2022, gespeeld in Malaga, Spanje.</desc><category></category></programme><programme channel="280653307" start="20221202080000 +0000" stop="20221202100000 +0000" catchup-id="1300837642"><title>World Padel Tour: Mexico Open (herhaling)</title><date></date><icon src="https://t-mobiletv.nl:443/CPS/images/universal/film/program/202211/20221125/77/202211250900205106ge.jpg"></icon><desc>Herhaling van de finales op de Mexico Open, gespeeld in de World Padel Tour in ..., Mexico.</desc><category></category></programme><programme channel="280653307" start="20221202100000 +0000" stop="20221202110000 +0000" catchup-id="1300837648"><title>WTA All Access</title><date></date><icon src="https://t-mobiletv.nl:443/CPS/images/universal/film/program/202211/20221125/49/202211250900205100v8.jpg"></icon><desc>Het laatste nieuws en achtergronden uit de WTA World Tour en de wereld van het vrouwentennis.</desc><category></category></programme><programme channel="280653307" start="20221202110000 +0000" stop="20221202130000 +0000" catchup-id="1300837660"><title>Davis Cup Finals 2022: halve finale (herhaling)</title><date></date><icon src="https://t-mobiletv.nl:443/CPS/images/universal/film/program/202211/20221125/64/20221125090020510z43.jpg"></icon><desc>Herhaling van de tweede halve finale van de Davis Cup Finals 2022, gespeeld in Malaga, Spanje.</desc><category></category></programme><programme channel="280653307" start="20221202130000 +0000" stop="20221202150000 +0000" catchup-id="1300837666"><title>World Padel Tour: Mexico Open (herhaling)</title><date></date><icon src="https://t-mobiletv.nl:443/CPS/images/universal/film/program/202211/20221125/82/202211250900205101oz.jpg"></icon><desc>Herhaling van de finales op de Mexico Open, gespeeld in de World Padel Tour in ..., Mexico.</desc><category></category></programme><programme channel="280653307" start="20221202150000 +0000" stop="20221202160000 +0000" catchup-id="1300837672"><title>WTA All Access</title><date></date><icon src="https://t-mobiletv.nl:443/CPS/images/universal/film/program/202211/20221125/58/20221125090020510ubx.jpg"></icon><desc>Het laatste nieuws en achtergronden uit de WTA World Tour en de wereld van het vrouwentennis.</desc><category></category></programme><programme channel="280653307" start="20221202160000 +0000" stop="20221202180000 +0000" catchup-id="1300838254"><title>Davis Cup Finals 2022: finale (herhaling)</title><date></date><icon src="https://t-mobiletv.nl:443/CPS/images/universal/film/program/202211/20221125/23/202211250900205101uu.jpg"></icon><desc>herhaling van de finale van de Davis Cup Finals 2022, gespeeld in Malaga, Spanje.</desc><category></category></programme><programme channel="280653307" start="20221202180000 +0000" stop="20221202193000 +0000" catchup-id="1300838266"><title>WTA 1000: Indian Wells BNP Paribas Open (herhaling)</title><date></date><icon src="https://t-mobiletv.nl:443/CPS/images/universal/film/program/202211/20221125/15/20221125090020510qaa.jpg"></icon><desc>Herhaling van de finale op Indian Wells BNP Paribas Open, gespeeld in de WTA Tour 1000 in Indian Wells, Amerika.</desc><category></category></programme><programme channel="280653307" start="20221202193000 +0000" stop="20221202210000 +0000" catchup-id="1300838272"><title>WTA 1000: Miami Open Presented by Itaú (herhaling)</title><date></date><icon src="https://t-mobiletv.nl:443/CPS/images/universal/film/program/202211/20221125/20/20221125090020510r2t.jpg"></icon><desc>Herhaling van de finale op de Miami Open Presented by Itaú, gespeeld in de WTA Tour 1000 in Miami, Amerika.</desc><category></category></programme><programme channel="280653307" start="20221202210000 +0000" stop="20221202223000 +0000" catchup-id="1300838278"><title>WTA 1000: Mutua Madrid Open (herhaling)</title><date></date><icon src="https://t-mobiletv.nl:443/CPS/images/universal/film/program/202211/20221125/35/20221125090020510ekz.jpg"></icon><desc>Herhaling van de finale op de Mutua Madrid Open, gespeeld in de WTA Tour 1000 in Madrid, Spanje.</desc><category></category></programme><programme channel="280653307" start="20221202223000 +0000" stop="20221203000000 +0000" catchup-id="1300838284"><title>WTA 1000: Rome Internazionali BNL D'Italia (herhaling)</title><date></date><icon src="https://t-mobiletv.nl:443/CPS/images/universal/film/program/202211/20221125/4/20221125090020510zah.jpg"></icon><desc>Herhaling van de finale op het Rome Internazionali BNL D'Italia, gespeeld in de WTA Tour 1000 in Rome, Italie.</desc><category></category></programme><programme channel="280653307" start="20221203000000 +0000" stop="20221203013000 +0000" catchup-id="1301269301"><title>WTA 1000: Toronto (herhaling)</title><date></date><icon src="https://t-mobiletv.nl:443/CPS/images/universal/film/program/202211/20221126/34/20221126090019709v9h.jpg"></icon><desc>Herhaling van de finale op het National Bank Open Presented by Rogers, gespeeld in de WTA Tour 1000 in Toronto, Canada.</desc><category></category></programme><programme channel="280653307" start="20221203013000 +0000" stop="20221203030000 +0000" catchup-id="1301269307"><title>WTA 1000: Cincinnati (herhaling)</title><date></date><icon src="https://t-mobiletv.nl:443/CPS/images/universal/film/program/202211/20221126/74/20221126090019709vdy.jpg"></icon><desc>Herhaling van de finale op het Western &amp; Southern Open gespeeld in de WTA Tour 1000 in Cincinnati, Amerika.</desc><category></category></programme><programme channel="280653307" start="20221203030000 +0000" stop="20221203043000 +0000" catchup-id="1301269313"><title>WTA 1000: Guadalajara Open Akron (herhaling)</title><date></date><icon src="https://t-mobiletv.nl:443/CPS/images/universal/film/program/202211/20221126/54/20221126090019709od7.jpg"></icon><desc>Herhaling van de finale op het Guadalajara Open Akron gespeeld in de WTA Tour 1000 in Guadalajara, Mexico.</desc><category></category></programme><programme channel="280653307" start="20221203043000 +0000" stop="20221203060000 +0000" catchup-id="1301269319"><title>WTA Finals: Fort Worth (herhaling)</title><date></date><icon src="https://t-mobiletv.nl:443/CPS/images/universal/film/program/202211/20221126/89/20221126090019709bwh.jpg"></icon><desc>Herhaling van de finale van de WTA Finals gespeeld in Fort Worth, Texas, Amerika.</desc><category></category></programme><programme channel="280653307" start="20221203060000 +0000" stop="20221203080000 +0000" catchup-id="1301269325"><title>World Padel Tour: Mexico Open (herhaling)</title><date></date><icon src="https://t-mobiletv.nl:443/CPS/images/universal/film/program/202211/20221126/97/202211260900197092nj.jpg"></icon><desc>Herhaling van de finales op de Mexico Open, gespeeld in de World Padel Tour in ..., Mexico.</desc><category></category></programme><programme channel="280653307" start="20221203080000 +0000" stop="20221203090000 +0000" catchup-id="1301269331"><title>WTA All Access</title><date></date><icon src="https://t-mobiletv.nl:443/CPS/images/universal/film/program/202211/20221126/12/20221126090019709yqt.jpg"></icon><desc>Het laatste nieuws en achtergronden uit de WTA World Tour en de wereld van het vrouwentennis.</desc><category></category></programme><programme channel="280653307" start="20221203090000 +0000" stop="20221203103000 +0000" catchup-id="1301269337"><title>ATP 1000: Miami Open presented by Itaú (herhaling)</title><date></date><icon src="https://t-mobiletv.nl:443/CPS/images/universal/film/program/202211/20221126/91/202211260900197105ea.jpg"></icon><desc>Herhaling van de finale op de Miami Open presented by Itaú, gespeeld in de ATP Tour 1000 in Miami, Amerika.</desc><category></category></programme><programme channel="280653307" start="20221203103000 +0000" stop="20221203120000 +0000" catchup-id="1301269343"><title>ATP 1000: Rolex Monte-Carlo Masters (herhaling)</title><date></date><icon src="https://t-mobiletv.nl:443/CPS/images/universal/film/program/202211/20221126/79/20221126090019710ul5.jpg"></icon><desc>Herhaling van de finale op de Rolex Monte-Carlo Masters, gespeeld in de ATP Tour 1000 in Monte-Carlo, Monaco.</desc><category></category></programme><programme channel="280653307" start="20221203120000 +0000" stop="20221203133000 +0000" catchup-id="1301269349"><title>ATP 1000: Mutua Madrid Open (herhaling)</title><date></date><icon src="https://t-mobiletv.nl:443/CPS/images/universal/film/program/202211/20221126/76/20221126090019710dxx.jpg"></icon><desc>Herhaling van de finale op de Mutua Madrid Open, gespeeld in de ATP Tour 1000 in Madrid, Spanje.</desc><category></category></programme><programme channel="280653307" start="20221203133000 +0000" stop="20221203150000 +0000" catchup-id="1301270699"><title>ATP 1000: Rome Internazionali BNL D'Italia (herhaling)</title><date></date><icon src="https://t-mobiletv.nl:443/CPS/images/universal/film/program/202211/20221126/86/20221126090019710qwm.jpg"></icon><desc>Herhaling van de finale op de Rome Internazionali BNL D'Italia, gespeeld in de ATP Tour 1000 in Rome, Italie.</desc><category></category></programme><programme channel="280653307" start="20221203150000 +0000" stop="20221203163000 +0000" catchup-id="1301270705"><title>ATP 1000: Montreal (herhaling)</title><date></date><icon src="https://t-mobiletv.nl:443/CPS/images/universal/film/program/202211/20221126/80/2022112609001971075x.jpg"></icon><desc>Herhaling van de finale op de National Bank Open presented by Rogers, gespeeld in de ATP Tour 1000 in Montreal, Canada.</desc><category></category></programme><programme channel="280653307" start="20221203163000 +0000" stop="20221203180000 +0000" catchup-id="1301270711"><title>ATP 1000: Cincinnati (herhaling)</title><date></date><icon src="https://t-mobiletv.nl:443/CPS/images/universal/film/program/202211/20221126/72/20221126090019710qn7.jpg"></icon><desc>Herhaling van de finale op de Western &amp; Southern Open, gespeeld in de ATP Tour 1000 in Cincinnati, Amerika.</desc><category></category></programme>