<programme channel="canvas" start="20221118232500 +0000" stop="20221119063000 +0000" catchup-id="0724C8576D4F6BB2445B944286010ADD"><title>Canvaslus</title><date></date><icon src="https://images.nlziet.nl/metadataimportimages/source/C64B3DB5144DCDE0F589A99C75394527211884B79BAA9EEF2AB58C7EEBF85766.jpg"></icon><desc></desc><category></category></programme><programme channel="canvas" start="20221119063000 +0000" stop="20221119112300 +0000" catchup-id="EE41EEFCC7936C27C9A2DE70898C9E5D"><title>Ketnet Junior</title><date></date><icon src="https://images.nlziet.nl/metadataimportimages/source/2ABAC02BDF0502C65F9E3351A8913B3F2B05D5C0885A06B1795506C9C8B466A8.jpg"></icon><desc>Programma's voor peuters en kleuters</desc><category></category></programme><programme channel="canvas" start="20221119112300 +0000" stop="20221119123000 +0000" catchup-id="636CE340C310F4DEB768D849CE320E47"><title>Herfstbeelden</title><date></date><icon src="https://images.nlziet.nl/metadataimportimages/source/04F1CA59653EB04CE8BB14D5ADBC761077A9B363AD15E0CB97246ACB744A4E82.jpg"></icon><desc></desc><category></category></programme><programme channel="canvas" start="20221119123000 +0000" stop="20221119162900 +0000" catchup-id="B5D903A44B2BBF2E0F4CAC4C4FEC5EEE"><title>Ketnet Junior</title><date></date><icon src="https://images.nlziet.nl/metadataimportimages/source/2ABAC02BDF0502C65F9E3351A8913B3F2B05D5C0885A06B1795506C9C8B466A8.jpg"></icon><desc>Programma's voor peuters en kleuters</desc><category></category></programme><programme channel="canvas" start="20221119162900 +0000" stop="20221119172400 +0000" catchup-id="CC2A478AFAE6D02DDB9C8A50AC02AD7F"><title>The Age of Nature</title><date></date><icon src="https://images.nlziet.nl/metadataimportimages/source/17303A023CA9C0A55D2207A47314E75D8B6A69D1CD9309CF1C26C21AB7BBA8FD.jpg"></icon><desc></desc><category></category></programme><programme channel="canvas" start="20221119172400 +0000" stop="20221119181400 +0000" catchup-id="65838B2C2D6731E0E0FB1A26F9FDCAAA"><title>Suede - Coming Up</title><date></date><icon src="https://images.nlziet.nl/metadataimportimages/source/368A0A560BDBC16A18553B884800E0150BFCFF5CBE97CB5590A75AC443B40049.jpg"></icon><desc>Ze kondigden de komst van de britpop aan en brachten twee prachtige en zeer populaire albums uit, maar wanneer ze hun gitarist, Bernard Butler, verloren werd Suede door iedereen afgeschreven. Twee jaar later kwam de band echter de studio uit met een nieuwe line-up en 'Coming up', een zeer succesvol poprockalbum dat in de top tien van vijf VK-hitlijsten terechtkwam, met hun grote hits 'Trash' en 'Beautiful ones'. Dankzij uitzonderlijk archiefmateriaal en interviews, kan deze documentaire het verhaal vertellen van hoe de band zichzelf een nieuw elan gaf en hun grootste album ooit maakte. Het is een ongelooflijk verhaal van wraak, twijfel, zelfvertrouwen, instinct en ten slotte een wedergeboorte.</desc><category></category></programme><programme channel="canvas" start="20221119181400 +0000" stop="20221119190000 +0000" catchup-id="95ED19271D0B067FBC0F77FC642BCDA2"><title>Kampioenenjaar</title><date></date><icon src="https://images.nlziet.nl/metadataimportimages/source/39797C7D9B68CA0673CFC42456F2520B6A09948D66AD2ECDD15DF25D576DA8E3.jpg"></icon><desc>In een allesbeslissend rechtstreeks duel vechten KRC Genk en Standard Luik om de titel. Het zal een van de spannendste en meest turbulente titelmatchen ooit worden. In dezelfde week worden de eerste sporen zichtbaar van de winnaarsmentaliteit die de gouden generatie zal kenmerken en hen jaren later op het WK 2018 in Rusland aan de bronzen medaille zal helpen. M.m.v. Kevin De Bruyne, Thibaut Courtois, Frank Vercauteren, Anthony Vanden Borre, Marvin Ogunjimi, Jelle Vossen, Steven Defour, Georges Leekens, Roberto Martinez, Toby Alderweireld, ...</desc><category></category></programme><programme channel="canvas" start="20221119190000 +0000" stop="20221119191000 +0000" catchup-id="38CDE5BE482D020E021BD0B916C3B665"><title>VRT NWS update</title><date></date><icon src="https://images.nlziet.nl/metadataimportimages/source/CE2F74DF2A3BA13F6E5F6068BD990C0A3B71C930DAC4252D4BFB8CE6805EBCF7.jpg"></icon><desc>Kort nieuwsoverzicht</desc><category></category></programme><programme channel="canvas" start="20221119191000 +0000" stop="20221119194200 +0000" catchup-id="6D8A7B2D8EDFD3670A38721F73D8A440"><title>Vranckx</title><date></date><icon src="https://images.nlziet.nl/metadataimportimages/source/92695AE8FF47154D723E17150477D47B4EC569DF72327C53E1292DEFD1AD85D2.jpg"></icon><desc>Ieder jaar proberen duizenden migranten op overvolle, gammele bootjes het Kanaal over te steken naar Engeland. Ze worden verleid door de belofte op een beter leven. Iraniërs, Irakezen en Koeweiti's, allemaal hebben ze één ding gemeen: ze betaalden duizenden dollars aan mensensmokkelaars. Een groep journalisten infiltreerde maandenlang de grootste smokkelaarsbende in Calais en legt nu hun netwerk bloot. ('Smugglers' - een reportage van Vice World News © 2020)</desc><category></category></programme><programme channel="canvas" start="20221119194200 +0000" stop="20221119203700 +0000" catchup-id="B45AB334529F01345B353B4260841B84"><title>Black sands</title><date></date><icon src="https://images.nlziet.nl/metadataimportimages/source/72D0DE886D66DA555A91932664C5F51E67F37C51ADA52B6EB304F5997A3EAEDB.jpg"></icon><desc>Aníta maakt een ernstige fout bij de ondervraging van het meisje. Frida heeft het daar moeilijk mee en het team probeert de zaak recht te zetten voor het te laat is. De weduwnaar arriveert in IJsland en werpt een nieuw licht op de zaak.</desc><category></category></programme><programme channel="canvas" start="20221119203700 +0000" stop="20221119213300 +0000" catchup-id="5EF43CAC4CEC9AC8CE77F266F5040DC8"><title>Black sands</title><date></date><icon src="https://images.nlziet.nl/metadataimportimages/source/72D0DE886D66DA555A91932664C5F51E67F37C51ADA52B6EB304F5997A3EAEDB.jpg"></icon><desc>De traditionele Gusti ondervraagt Lena en komt te weten dat zijn collega's er een boeltje van hebben gemaakt. Frida staat onder druk en de komst van Gusti maakt dat nog erger. Aníta moedigt haar aan om hulp te zoeken bij een oude bekende.</desc><category></category></programme><programme channel="canvas" start="20221119213300 +0000" stop="20221119231200 +0000" catchup-id="A19E8DB3487F827D15F3BB49D543425B"><title>Alleen Elvis blijft bestaan</title><date></date><icon src="https://images.nlziet.nl/metadataimportimages/source/9660851669F8395F1F4AC9A0EB10A614119493ECE51EF18F0C20ECDE10B6DB89.jpg"></icon><desc>Het minste wat je van Ish Ait Hamou kan zeggen, is dat hij veelzijdig, getalenteerd, gedreven en het prototype van een selfmade man is. Vlaanderen leert hem kennen als jurylid van het VTM-programma 'So You Think You Can Dance'. Maar dan heeft hij al een heel traject afgelegd als internationaal danser en choreograaf. En hij blijft zichtzelf uitvinden. Momenteel schrijft hij scenario's en verhalen. En wie weet komt er dan toch nog die langspeelfilm. Redenen genoeg om hard uit te kijken naar de beelden die Ish inspireren.</desc><category></category></programme><programme channel="canvas" start="20221119231200 +0000" stop="20221120004100 +0000" catchup-id="74E0DF53C81AB1CBD806AFBCE165F00D"><title>Mjólk</title><date></date><icon src="https://images.nlziet.nl/metadataimportimages/source/7AD97291B9ACB24BB752B65FDEB018F14372BEE7FFC11C8C8601E5ADF6A6BB51.jpg"></icon><desc></desc><category></category></programme><programme channel="canvas" start="20221120004100 +0000" stop="20221120063000 +0000" catchup-id="6D103CB5DD8399B3BBE79F023C36C353"><title>Canvaslus</title><date></date><icon src="https://images.nlziet.nl/metadataimportimages/source/C64B3DB5144DCDE0F589A99C75394527211884B79BAA9EEF2AB58C7EEBF85766.jpg"></icon><desc></desc><category></category></programme><programme channel="canvas" start="20221120063000 +0000" stop="20221120113000 +0000" catchup-id="08E1C34C6D4C80444255A58CDFDC5CDD"><title>Ketnet Junior</title><date></date><icon src="https://images.nlziet.nl/metadataimportimages/source/2ABAC02BDF0502C65F9E3351A8913B3F2B05D5C0885A06B1795506C9C8B466A8.jpg"></icon><desc>Programma's voor peuters en kleuters</desc><category></category></programme><programme channel="canvas" start="20221120113000 +0000" stop="20221120123000 +0000" catchup-id="36244A23DF15A04501939FFF18A3BBBA"><title>Herfstbeelden</title><date></date><icon src="https://images.nlziet.nl/metadataimportimages/source/04F1CA59653EB04CE8BB14D5ADBC761077A9B363AD15E0CB97246ACB744A4E82.jpg"></icon><desc>Sfeerbeelden vanuit diverse Europese bestemmingen</desc><category></category></programme><programme channel="canvas" start="20221120123000 +0000" stop="20221120143000 +0000" catchup-id="4EFC0725BF2C039572C56E4B92A37C1E"><title>Ketnet Junior</title><date></date><icon src="https://images.nlziet.nl/metadataimportimages/source/2ABAC02BDF0502C65F9E3351A8913B3F2B05D5C0885A06B1795506C9C8B466A8.jpg"></icon><desc>Programma's voor peuters en kleuters</desc><category></category></programme><programme channel="canvas" start="20221120143000 +0000" stop="20221120165500 +0000" catchup-id="2A7B7B5D3510BC67E17573A1450A4BB5"><title>Sporza: baanwielrennen</title><date></date><icon src="https://images.nlziet.nl/metadataimportimages/source/F1F9BC9C13B939033253234952DEAB60CA5A74ECE225DC8DF7E8B76F9E6FB993.jpg"></icon><desc>Liveverslag van de slotdag van de Zesdaagse Vlaanderen-Gent.</desc><category></category></programme><programme channel="canvas" start="20221120165500 +0000" stop="20221120172700 +0000" catchup-id="DE1D8C69E189EF038987DF2E5166A21A"><title>Sporza: Veldrijden</title><date></date><icon src="https://images.nlziet.nl/metadataimportimages/source/12C9DA2DB0B52DAAB92D52C0E8A024C1C5350CD55214FE8B533EF7214A875E90.jpg"></icon><desc></desc><category></category></programme><programme channel="canvas" start="20221120172700 +0000" stop="20221120173400 +0000" catchup-id="47DC8754B4A8DF8F85E2EFF295B95B3B"><title>The planets: minisodes</title><date></date><icon src="https://images.nlziet.nl/metadataimportimages/source/2898279A3B8F1E921ABAE935F298C6AF08D97FCA44F16A196620825F7FB65F3C.jpg"></icon><desc>Stormen op aarde kunnen heel vernietigend zijn, maar ze zijn niks in vergelijking met het weer elders in het zonnestelsel. Op Jupiter is er een storm die de naam Grote Rode Vlek heeft gekregen. Die storm is zo groot, dat de volledige aarde erin zou passen en gaat al eeuwen tekeer. Maar ook verder van de zon vinden we eigenaardige weerfenomenen, zoals op Neptunus. Daar waait de snelste wind in het zonnestelsel en binnenin zou het diamanten regenen. En niet alleen op de gigantische buitenste planeten komen we de raarste dingen tegen, ook de kleinere planeten kennen extreme stormen. Op Mars kunnen stofstormen de hele planeet teisteren, wat niet zo'n goed nieuws is voor de rovers van de NASA op zonne-energie.</desc><category></category></programme><programme channel="canvas" start="20221120173400 +0000" stop="20221120182900 +0000" catchup-id="FC84AF170EB15591258BCF915E924D30"><title>Children of the sun</title><date></date><icon src="https://images.nlziet.nl/metadataimportimages/source/495B5E675579A57909982CF25B06120923111B1CA80817308FE981F685927D36.jpg"></icon><desc></desc><category></category></programme><programme channel="canvas" start="20221120182900 +0000" stop="20221120190000 +0000" catchup-id="CAE6DAB4BE5B3A2EA09CD2802EDC928F"><title>Vranckx</title><date></date><icon src="https://images.nlziet.nl/metadataimportimages/source/92695AE8FF47154D723E17150477D47B4EC569DF72327C53E1292DEFD1AD85D2.jpg"></icon><desc>Ieder jaar proberen duizenden migranten op overvolle, gammele bootjes het Kanaal over te steken naar Engeland. Ze worden verleid door de belofte op een beter leven. Iraniërs, Irakezen en Koeweiti's, allemaal hebben ze één ding gemeen: ze betaalden duizenden dollars aan mensensmokkelaars. Een groep journalisten infiltreerde maandenlang de grootste smokkelaarsbende in Calais en legt nu hun netwerk bloot. ('Smugglers' - een reportage van Vice World News © 2020)</desc><category></category></programme><programme channel="canvas" start="20221120190000 +0000" stop="20221120191100 +0000" catchup-id="E0E6056B199F478AC190B28E1AA84405"><title>VRT NWS update</title><date></date><icon src="https://images.nlziet.nl/metadataimportimages/source/CE2F74DF2A3BA13F6E5F6068BD990C0A3B71C930DAC4252D4BFB8CE6805EBCF7.jpg"></icon><desc>Kort nieuwsoverzicht</desc><category></category></programme><programme channel="canvas" start="20221120191100 +0000" stop="20221120212000 +0000" catchup-id="A7DF2D89D82F9822224F1EBDECDD56EF"><title>Louis</title><date></date><icon src="https://images.nlziet.nl/metadataimportimages/source/0F4BC691E582428FDCD43356B38E33F97E360B2D9756F6C34A17E53F67406292.jpg"></icon><desc>In 'Louis' schetst filmmaker Geertjan Lassche een portret van Louis van Gaal: een van de beste voetbaltrainers die Nederland ooit gekend heeft én de man over wie iedereen een mening heeft. In de film blikt hij terug op hoogte- en dieptepunten uit zijn kleurrijke leven; niet alleen zijn carrière, maar ook zijn achtergrond en gezinsleven. Maar liefst drie jaar lang werd de huidige bondscoach gevolgd tijdens werk- en privémomenten. In de gesprekken die hij had samen met nationale- en internationale voetbalsterren, maar ook met zijn vrouw en dochters ontstaat een compleet beeld van de ontwikkeling van het fenomeen Van Gaal, zijn ongekende loopbaan en de bijzondere man achter het veelbesproken imago.</desc><category></category></programme><programme channel="canvas" start="20221120212000 +0000" stop="20221120220600 +0000" catchup-id="C5D462DCB27BCF094BD47A9898C9E226"><title>The dark heart</title><date></date><icon src="https://images.nlziet.nl/metadataimportimages/source/7D3D90AE5B0613F4433FAD2B5BEA6CCCCEB116F8BD56557BD1FB5F88D62CB6DA.jpg"></icon><desc>Sanna Ljungqvist wil na haar studies de boerderij van haar vader overnemen. Ze wordt er verliefd op Marcus. Maar een lange vete tussen beide families maakt dat Sanna's vader Bengt tegen de relatie is. Tanja Thorell is de COO van de plaatselijke afdeling van Missing People. Ze ontmoet een jonge vrouw wier vader al meer dan twee jaar vermist is. Tanja zweert dat ze de vermiste vader, Bengt genaamd, zal vinden.</desc><category></category></programme><programme channel="canvas" start="20221120220600 +0000" stop="20221120225300 +0000" catchup-id="B1EEA61949B8B593EE00EC8839084538"><title>The dark heart</title><date></date><icon src="https://images.nlziet.nl/metadataimportimages/source/7D3D90AE5B0613F4433FAD2B5BEA6CCCCEB116F8BD56557BD1FB5F88D62CB6DA.jpg"></icon><desc>Bengt keurt de moderniseringsplannen van Sanna goed, op voorwaarde dat ze haar relatie met Marcus beëindigt. Maar Sanna is zwanger en kiest voor Marcus, tot grote woede van haar vader. Ze trekt in bij Marcus, en samen beseffen ze dat één persoon hun toekomst in de weg staat: haar vader Bengt. Tanja Thorell is volop bezig met haar zoektocht en komt uit bij de boerderij van de familie Ljungqvist.</desc><category></category></programme><programme channel="canvas" start="20221120225300 +0000" stop="20221120235400 +0000" catchup-id="78656A963A142B03CC20B39FAFFCFB5C"><title>Bordertown</title><date></date><icon src="https://images.nlziet.nl/metadataimportimages/source/33D22FB3535FEE3F0984F62B7C69AAE2514368C393570CD4D3C7DD429CDF2C7C.jpg"></icon><desc>Sorjonen moet de waarheid achterhalen over het verleden van Lena om een moordenaar te vinden die niks te verliezen heeft.</desc><category></category></programme><programme channel="canvas" start="20221120235400 +0000" stop="20221121063000 +0000" catchup-id="224759BFA4E9976070EA86596F7049FD"><title>Canvaslus</title><date></date><icon src="https://images.nlziet.nl/metadataimportimages/source/C64B3DB5144DCDE0F589A99C75394527211884B79BAA9EEF2AB58C7EEBF85766.jpg"></icon><desc>Doorlopende herhaling tot de start van de ochtenduitzendingen.</desc><category></category></programme><programme channel="canvas" start="20221121063000 +0000" stop="20221121113200 +0000" catchup-id="B9015DC734F4D2B04152F6821E965119"><title>Ketnet Junior</title><date></date><icon src="https://images.nlziet.nl/metadataimportimages/source/2ABAC02BDF0502C65F9E3351A8913B3F2B05D5C0885A06B1795506C9C8B466A8.jpg"></icon><desc>Programma's voor peuters en kleuters</desc><category></category></programme><programme channel="canvas" start="20221121113200 +0000" stop="20221121123000 +0000" catchup-id="F67921B6E70755DA2D8A8863B8E210B4"><title>Herfstbeelden</title><date></date><icon src="https://images.nlziet.nl/metadataimportimages/source/04F1CA59653EB04CE8BB14D5ADBC761077A9B363AD15E0CB97246ACB744A4E82.jpg"></icon><desc>Sfeerbeelden vanuit diverse Europese bestemmingen</desc><category></category></programme><programme channel="canvas" start="20221121123000 +0000" stop="20221121153900 +0000" catchup-id="71C22ADEE383C62DDE6F823341D2448C"><title>Ketnet Junior</title><date></date><icon src="https://images.nlziet.nl/metadataimportimages/source/2ABAC02BDF0502C65F9E3351A8913B3F2B05D5C0885A06B1795506C9C8B466A8.jpg"></icon><desc>Programma's voor peuters en kleuters</desc><category></category></programme><programme channel="canvas" start="20221121153900 +0000" stop="20221121181300 +0000" catchup-id="F4EC00079BBCAC97CB443BA523B672DC"><title>Sporza: FIFA WK voetbal 2022</title><date></date><icon src="https://images.nlziet.nl/metadataimportimages/source/994D30248BA35DFD5A075FB407456FFD0E7D427D4567CCF54CA607A22C02305A.jpg"></icon><desc>Groepsfase - speeldag 1: Senegal - Nederland (groep A)</desc><category></category></programme><programme channel="canvas" start="20221121181300 +0000" stop="20221121181600 +0000" catchup-id="E8885FD4FC50724C119E200A8E109A31"><title>Boerke</title><date></date><icon src="https://images.nlziet.nl/metadataimportimages/source/FAC28D9F35F578C9F82EE6A7D27318DFFF3D2AE190608C465299BCB70207334B.jpg"></icon><desc>Boerkes versierpogingen stranden nogal ongelukkig.</desc><category></category></programme><programme channel="canvas" start="20221121181600 +0000" stop="20221121183900 +0000" catchup-id="66ACC296DFC23C6716D4B171A6E82DC9"><title>Schitt's Creek</title><date></date><icon src="https://images.nlziet.nl/metadataimportimages/source/62151337FC5448FC57E4E2CA1D0F7CCC262033F8000ACCFB4BFEE049C0D606D7.jpg"></icon><desc>Johnny en Stevie maken zich op voor de regionale horeca-awards. Moira haalt alles uit de kast om te verhinderen dat Alexis auditie doet voor 'Cabaret'.</desc><category></category></programme><programme channel="canvas" start="20221121183900 +0000" stop="20221121190000 +0000" catchup-id="09BC4F2B2E59B1948953ABA32FC9B260"><title>De Toots Sessies</title><date></date><icon src="https://images.nlziet.nl/metadataimportimages/source/9775731F56A5193040B0E5AF32D4453E91F5893788CE556E573E0E9A5C0F8974.jpg"></icon><desc>Het is alweer een half decennium geleden dat Warhaus, het geesteskind van Maarten Devoldere (Balthazar) onze muzikale harten veroverde met zijn eerste twee platen. 2022 is het jaar van de triomfantelijke terugkeer. In De Toots sessies stelt Warhaus zijn fonkelnieuwe album 'Ha Ha Heartbreak' voor.</desc><category></category></programme><programme channel="canvas" start="20221121190000 +0000" stop="20221121193000 +0000" catchup-id="0A3378D1B92BEC215B4405204CFC9391"><title>Terzake</title><date></date><icon src="https://images.nlziet.nl/metadataimportimages/source/917417D511DFF9556A1E52AE64275B066796313C275713F8837EC310C476C922.jpg"></icon><desc>Achtergrond en duiding bij het nieuws van de dag.</desc><category></category></programme><programme channel="canvas" start="20221121193000 +0000" stop="20221121201900 +0000" catchup-id="3C8C1C6348B4591195DC54FE47D231E8"><title>De afspraak</title><date></date><icon src="https://images.nlziet.nl/metadataimportimages/source/A90D7D0CEDF22222AC435BF69E7DADCDEC6D03DF491ACD9B347298F2C9C5FA8F.jpg"></icon><desc></desc><category></category></programme><programme channel="canvas" start="20221121201900 +0000" stop="20221121215100 +0000" catchup-id="023B1349B31DD4ADB371CE2D6DCC890E"><title>The last days of Mariupol</title><date></date><icon src="https://images.nlziet.nl/metadataimportimages/source/E16B4A8892BF016073B15235F806EA05117A06CEE8DE926EF179AD363E237E49.jpg"></icon><desc>Marioepol is het symbool van wat er met Oekraïne is gebeurd. Het was een moderne Europese stad met 400.000 inwoners, maar in twee maanden tijd werd ze van de kaart geveegd. Er wordt geschat dat meer dan 20.000 inwoners daarbij zijn omgekomen. Dit is het verhaal van Marioepol, van de eerste raketten en bommen, tot de laatste dag van de belegerde Azov-staalfabriek en de val van de stad. Een verhaal van oorlogsmisdaden en doden, maar ook van een volk dat verbazingwekkend veel moed en durf heeft getoond.</desc><category></category></programme><programme channel="canvas" start="20221121215100 +0000" stop="20221121221900 +0000" catchup-id="0B2C8493B4BFE57AD115DB6987A80BF3"><title>In de gloria</title><date></date><icon src="https://images.nlziet.nl/metadataimportimages/source/88DC68E2F06CB960C617A8C5D4AF1C40B574ADA63763F8E518F073ADEB1065B3.jpg"></icon><desc>Spraakmakend reportagemagazine waarin vooral aandacht wordt besteed aan het leven van de doorsnee-Vlaming. De verhalen zijn even indringend als fictief.</desc><category></category></programme><programme channel="canvas" start="20221121221900 +0000" stop="20221121223200 +0000" catchup-id="3ACC24AD4CB4ACA47EE9B2039E74D722"><title>Winteruur</title><date></date><icon src="https://images.nlziet.nl/metadataimportimages/source/76D3BDFE5E50AF63FCEF5C31DE9C32AB0F6B8E9E02660BAED39A4DD9B5A1CF33.jpg"></icon><desc>Wim Helsen nodigt interessante gasten uit voor een gesprek over hun favoriete tekst.</desc><category></category></programme><programme channel="canvas" start="20221121223200 +0000" stop="20221121232200 +0000" catchup-id="78BF357F4494268D71CA5300CF2CC45B"><title>Spector</title><date></date><icon src="https://images.nlziet.nl/metadataimportimages/source/FDD11A34A54161D3D475D1EF55608767B1BECA9326B1A661247600109C389A28.jpg"></icon><desc>Wanneer de Beatles Spectors dominantie in de hitlijsten bedreigen, reageert hij met een tijdloze ballade voor The Righteous Brothers: 'You've lost that loving feelin''. Maar naast zijn succes wordt ook zijn paranoia alsmaar groter. Na een onverwachte flop houdt Spector het voor bekeken in de muziekindustrie en zijn controlerende karakter jaagt zijn vrouw Ronnie weg. Ondertussen gaat de carrière van Lana Clarkson in stijgende lijn. Tijdens het onderzoek vinden de agenten een hoop vuurwapens in het huis van Spector. Er wordt geoordeeld dat het om moord gaat en Spector moet voor de rechtbank verschijnen.</desc><category></category></programme><programme channel="canvas" start="20221121232200 +0000" stop="20221122063000 +0000" catchup-id="1BA300E3990886C64B5FDBFE690A1B4C"><title>Canvaslus</title><date></date><icon src="https://images.nlziet.nl/metadataimportimages/source/AC6F1F4D8A83E686EA349B6305B76A5BFE2D2ED51CC4741E66B94BB15C51ACEB.jpg"></icon><desc>Doorlopende herhaling tot de start van de ochtenduitzendingen.</desc><category></category></programme><programme channel="canvas" start="20221121235300 +0000" stop="20221122003300 +0000" catchup-id="67FF62F9AAA3FF64245ACC1C53E4EED2"><title>De afspraak</title><date></date><icon src="https://images.nlziet.nl/metadataimportimages/source/A90D7D0CEDF22222AC435BF69E7DADCDEC6D03DF491ACD9B347298F2C9C5FA8F.jpg"></icon><desc></desc><category></category></programme><programme channel="canvas" start="20221122063000 +0000" stop="20221122112700 +0000" catchup-id="C4EE7DCED86F693F9B8381C6310132DF"><title>Ketnet Junior</title><date></date><icon src="https://images.nlziet.nl/metadataimportimages/source/E9DDC4F36DE4F0E95155AFAAF7CCD3C7A063E8DE78F41E103A63AB78A0573AB9.jpg"></icon><desc>Programma's voor peuters en kleuters</desc><category></category></programme><programme channel="canvas" start="20221122112700 +0000" stop="20221122122900 +0000" catchup-id="426B80FF91D62F84376652E255644D0A"><title>Herfstbeelden</title><date></date><icon src="https://images.nlziet.nl/metadataimportimages/source/876FB21818461A90DADAE8322C984569A30FD6C5DBA509267EB0D06C544B6CFE.jpg"></icon><desc>Sfeerbeelden vanuit diverse Europese bestemmingen</desc><category></category></programme><programme channel="canvas" start="20221122122900 +0000" stop="20221122153900 +0000" catchup-id="F167682A5424221E0982CED4D7725E4B"><title>Ketnet Junior</title><date></date><icon src="https://images.nlziet.nl/metadataimportimages/source/E9DDC4F36DE4F0E95155AFAAF7CCD3C7A063E8DE78F41E103A63AB78A0573AB9.jpg"></icon><desc>Programma's voor peuters en kleuters</desc><category></category></programme><programme channel="canvas" start="20221122153900 +0000" stop="20221122180900 +0000" catchup-id="6A7BB2318D2D2E4F4FD1ECC7D1943A0A"><title>Sporza: FIFA WK voetbal 2022</title><date></date><icon src="https://images.nlziet.nl/metadataimportimages/source/32B0F40E014D40B1243AF4C8C44124BE2D5AE1A4FFF6584A6C037CF957D7A9B0.jpg"></icon><desc>Groepsfase - speeldag 1: Mexico - Polen (groep C)</desc><category></category></programme><programme channel="canvas" start="20221122180900 +0000" stop="20221122181500 +0000" catchup-id="BB51815BF53488CB8385E7A005BFA126"><title>The planets: minisodes</title><date></date><icon src="https://images.nlziet.nl/metadataimportimages/source/9A4255E8266C1F5F09F2E6E78FF090D286EBDBDF71455536E093AA662A5F77BC.jpg"></icon><desc>Jarenlang kenden we enkel de kometen die aan de hemel voorbijkwamen, nu zijn we zelfs op een komeet kunnen landen. Maar waar komen kometen vandaan? Ze komen uit een gebied in het zonnestelsel dat we de Kuipergordel noemen. Verder dan Pluto zijn er biljoenen kometen, maar die blijven niet allemaal altijd zo ver weg. Er zijn kometen neergestort op Jupiter en er zijn er die miljarden jaren geleden ons zonnestelsel zijn binnengekomen en daar ook zijn gebleven. Dwergplaneet Ceres, nu een rotsachtige wereld in de planetoïdengordel, was ooit helemaal bedenkt met ijs en bevond zich ver van de planeten. Het zou kunnen dat deze dwergplaneet ooit een komeet was.</desc><category></category></programme><programme channel="canvas" start="20221122181500 +0000" stop="20221122182100 +0000" catchup-id="8E39E3F610A08BCA468DE80A1C3DE715"><title>Boerke</title><date></date><icon src="https://images.nlziet.nl/metadataimportimages/source/9F910A80BCD9F9AA1DD347E6A06059F6DCF809A48E1513E960DD4B8AFAFDBB36.jpg"></icon><desc>Boerkes kijk op de Franse geschiedenis.</desc><category></category></programme><programme channel="canvas" start="20221122182100 +0000" stop="20221122184300 +0000" catchup-id="2A890B479246675043E4A1DD39DC2FE1"><title>Schitt's Creek</title><date></date><icon src="https://images.nlziet.nl/metadataimportimages/source/175122A93BAA2E92AF3A2E695178E0144056FB684109F39B29165AF768B9D062.jpg"></icon><desc>David valt in voor de jaarlijkse honkbalwedstrijd en Moira leidt een repetitie waarop het Stevie allemaal te veel wordt.</desc><category></category></programme><programme channel="canvas" start="20221122184300 +0000" stop="20221122190000 +0000" catchup-id="6A527DA5FF315059F3FB76369DE2B162"><title>De Toots Sessies</title><date></date><icon src="https://images.nlziet.nl/metadataimportimages/source/7B33687FDC6D1A6F42D32D204172F32109CF9BEA2D6D5C0C970420E4C859C075.jpg"></icon><desc>Sinds enkele jaren wordt de Antwerpse underground onveilig gemaakt door de vierkoppige band Meltheads. Hun energieke optredens én hun radiohit 'Naïef' - nummer één in De afrekening van Stubru - zorgen nu ook voor een buzz door de Lage Landen. Speciaal voor De Toots Sessies brengen de Meltheads samen met Shaka Shams ​ 'Black metal rebel'. Shaka Shams is de jongste winnaar van 'De nieuwe lichting'.</desc><category></category></programme><programme channel="canvas" start="20221122190000 +0000" stop="20221122193300 +0000" catchup-id="C11E3A3C8852C96C87C6EE63A50E2EC3"><title>Terzake</title><date></date><icon src="https://images.nlziet.nl/metadataimportimages/source/A709D5E708DB5AB825891F53C09F3BA8D0C5688DCCB4684C94BE514C17B0C23D.jpg"></icon><desc>Achtergrond en duiding bij het nieuws van de dag.</desc><category></category></programme><programme channel="canvas" start="20221122193300 +0000" stop="20221122202100 +0000" catchup-id="6358C93876D64B361F4DF6DBB8ABFE1D"><title>De afspraak</title><date></date><icon src="https://images.nlziet.nl/metadataimportimages/source/66CB3BE3AE8476CB2C12E1D1D25B799BDC5EBAB9EEED5DBA7401DA9018DF9D93.jpg"></icon><desc>Dagelijks duidingsprogramma met studiogasten.</desc><category></category></programme><programme channel="canvas" start="20221122202100 +0000" stop="20221122211100 +0000" catchup-id="845B8BC35C14DAE91A296BC79ACF004F"><title>Eden: untamed planet</title><date></date><icon src="https://images.nlziet.nl/metadataimportimages/source/E52FC3D3BE56C0574DB4B5284D24944F8335443E1CC82FBD89598F66AE64A71C.jpg"></icon><desc>In het uiterste puntje van Zuid-Amerika ligt een magisch rijk waar de tijd is blijven stilstaan, het zogenoemde einde van de wereld: Patagonië. Een reis van de hoge Andes naar de kustfjorden leert je dat om hier te kunnen overleven, je zo extreem moet zijn als het gebied zelf. Je moet ofwel gespecialiseerd zijn in één habitat, of gewoon sterk genoeg zijn om in élke habitat te kunnen overleven.</desc><category></category></programme><programme channel="canvas" start="20221122211100 +0000" stop="20221122214100 +0000" catchup-id="38D7AD78E1A77E92575550022EA718EC"><title>In de gloria</title><date></date><icon src="https://images.nlziet.nl/metadataimportimages/source/A45901241EE5847C677951A5481DA530BF79E98EC639F2BC9DA309B8063FA59A.jpg"></icon><desc>Spraakmakend reportagemagazine waarin vooral aandacht wordt besteed aan het leven van de doorsnee-Vlaming. De verhalen zijn even indringend als fictief.</desc><category></category></programme><programme channel="canvas" start="20221122214100 +0000" stop="20221122215200 +0000" catchup-id="AFB677B96A2A097EFFE85B70CFF48991"><title>Winteruur</title><date></date><icon src="https://images.nlziet.nl/metadataimportimages/source/864EED837E5EF38B7726F4C6F0EBA677F0E6FF6876C7FF78262549030ED99F38.jpg"></icon><desc>Wim Helsen nodigt interessante gasten uit voor een gesprek over hun favoriete tekst.</desc><category></category></programme><programme channel="canvas" start="20221122215200 +0000" stop="20221122224600 +0000" catchup-id="53D245574A8C2B6913468864130837A2"><title>Propaganda</title><date></date><icon src="https://images.nlziet.nl/metadataimportimages/source/6B07C71812ED1A79D493CDEDCA8BED110574C5A8C9ABF418240D52F5E8CA2AD5.jpg"></icon><desc></desc><category></category></programme><programme channel="canvas" start="20221122224600 +0000" stop="20221123063000 +0000" catchup-id="A1C424940738B1875073DBBE1D5F069C"><title>Canvaslus</title><date></date><icon src="https://images.nlziet.nl/metadataimportimages/source/AC6F1F4D8A83E686EA349B6305B76A5BFE2D2ED51CC4741E66B94BB15C51ACEB.jpg"></icon><desc>Doorlopende herhaling tot de start van de ochtenduitzendingen.</desc><category></category></programme><programme channel="canvas" start="20221122232000 +0000" stop="20221123000700 +0000" catchup-id="2A1D8D5EFFC36B736F56F6A2ED3B793A"><title>De afspraak</title><date></date><icon src="https://images.nlziet.nl/metadataimportimages/source/66CB3BE3AE8476CB2C12E1D1D25B799BDC5EBAB9EEED5DBA7401DA9018DF9D93.jpg"></icon><desc></desc><category></category></programme><programme channel="canvas" start="20221123000700 +0000" stop="20221123063000 +0000" catchup-id="A6B8FC55F9ED9CB3BE7F361A6389D7CE"><title>Winteruur</title><date></date><icon src="https://images.nlziet.nl/metadataimportimages/source/864EED837E5EF38B7726F4C6F0EBA677F0E6FF6876C7FF78262549030ED99F38.jpg"></icon><desc></desc><category></category></programme><programme channel="canvas" start="20221123063000 +0000" stop="20221123113600 +0000" catchup-id="79A7A10A5BAB760333C5287293747EE7"><title>Ketnet Junior</title><date></date><icon src="https://images.nlziet.nl/metadataimportimages/source/E9DDC4F36DE4F0E95155AFAAF7CCD3C7A063E8DE78F41E103A63AB78A0573AB9.jpg"></icon><desc>Programma's voor peuters en kleuters</desc><category></category></programme><programme channel="canvas" start="20221123113600 +0000" stop="20221123134500 +0000" catchup-id="674009CD90D8DEA55A810D9D63A6B03D"><title>Herfstbeelden</title><date></date><icon src="https://images.nlziet.nl/metadataimportimages/source/876FB21818461A90DADAE8322C984569A30FD6C5DBA509267EB0D06C544B6CFE.jpg"></icon><desc></desc><category></category></programme><programme channel="canvas" start="20221123134500 +0000" stop="20221123150600 +0000" catchup-id="4F95C383E54612D4426590149F55DF25"><title>Villa Politica</title><date></date><icon src="https://images.nlziet.nl/metadataimportimages/source/C821C4CA125DF6BB135F2E032D77F440545CD7D6A90BE684570668D3D8C59CE7.jpg"></icon><desc>Met een liveverslag van de plenaire zitting van het Vlaams Parlement.</desc><category></category></programme><programme channel="canvas" start="20221123150600 +0000" stop="20221123152100 +0000" catchup-id="C620A79D6CCF34ADD8A5B860B9829023"><title>Universiteit van Vlaanderen</title><date></date><icon src="https://images.nlziet.nl/metadataimportimages/source/DA4172AD3D80C9B62C3BC85204A73927ABB2022D1CC1956692C4C79D83D33D99.jpg"></icon><desc></desc><category></category></programme><programme channel="canvas" start="20221123152100 +0000" stop="20221123153900 +0000" catchup-id="A7857B40552F8775721FF1990CBB16FC"><title>Universiteit van Vlaanderen</title><date></date><icon src="https://images.nlziet.nl/metadataimportimages/source/DA4172AD3D80C9B62C3BC85204A73927ABB2022D1CC1956692C4C79D83D33D99.jpg"></icon><desc></desc><category></category></programme><programme channel="canvas" start="20221123153900 +0000" stop="20221123180700 +0000" catchup-id="40C964E1468658124DEB515FE1FADBE6"><title>Sporza: FIFA WK voetbal 2022</title><date></date><icon src="https://images.nlziet.nl/metadataimportimages/source/32B0F40E014D40B1243AF4C8C44124BE2D5AE1A4FFF6584A6C037CF957D7A9B0.jpg"></icon><desc>Groepsfase - speeldag 1: Spanje - Costa Rica (groep E)</desc><category></category></programme><programme channel="canvas" start="20221123180700 +0000" stop="20221123181200 +0000" catchup-id="F1A29CE0F2374AAD2BFD2230F4872E50"><title>Seven worlds, one planet: minisodes</title><date></date><icon src="https://images.nlziet.nl/metadataimportimages/source/8F2F0EFC15D1F21F689064408C245529CC7DB26F4619CAABA80AA6FBBFDBB0F0.jpg"></icon><desc>Kinbandpinguïns bouwen stenen nesten om hun nakomelingen te beschermen tegen de elementen. Maar hoe kunnen de ouders hun nesten beschermen als sommigen de stenen willen stelen waarmee ze gemaakt zijn?</desc><category></category></programme><programme channel="canvas" start="20221123181200 +0000" stop="20221123181700 +0000" catchup-id="402075A8F69CDEE2287234C319DC9AE2"><title>The planets: minisodes</title><date></date><icon src="https://images.nlziet.nl/metadataimportimages/source/9A4255E8266C1F5F09F2E6E78FF090D286EBDBDF71455536E093AA662A5F77BC.jpg"></icon><desc>Kinbandpinguïns bouwen stenen nesten om hun nakomelingen te beschermen tegen de elementen. Maar hoe kunnen de ouders hun nesten beschermen als sommigen de stenen willen stelen waarmee ze gemaakt zijn?</desc><category></category></programme><programme channel="canvas" start="20221123181700 +0000" stop="20221123182100 +0000" catchup-id="CFD695762CB7A905E9BD5033C2047B91"><title>Boerke</title><date></date><icon src="https://images.nlziet.nl/metadataimportimages/source/9F910A80BCD9F9AA1DD347E6A06059F6DCF809A48E1513E960DD4B8AFAFDBB36.jpg"></icon><desc>Piraat Boerke, de schrik van de oceaan!</desc><category></category></programme><programme channel="canvas" start="20221123182100 +0000" stop="20221123184400 +0000" catchup-id="5EB98201BDAAD450C9EB7C82171E7735"><title>Schitt's Creek</title><date></date><icon src="https://images.nlziet.nl/metadataimportimages/source/175122A93BAA2E92AF3A2E695178E0144056FB684109F39B29165AF768B9D062.jpg"></icon><desc>De plannen van Johnny en Moira vallen in het water nadat ze per ongeluk een kat aanrijden. David loopt een ex-collega tegen het lijf die mogelijk een concurrent kan worden voor de Rose Apothecary.</desc><category></category></programme><programme channel="canvas" start="20221123184400 +0000" stop="20221123184600 +0000" catchup-id="57749B2B7052DF2CC9483B4DDC7253D9"><title>Boerke</title><date></date><icon src="https://images.nlziet.nl/metadataimportimages/source/9F910A80BCD9F9AA1DD347E6A06059F6DCF809A48E1513E960DD4B8AFAFDBB36.jpg"></icon><desc></desc><category></category></programme><programme channel="canvas" start="20221123184600 +0000" stop="20221123190000 +0000" catchup-id="D0AD61B7FAA517F1DDC4B7D2B52D497D"><title>De Toots Sessies</title><date></date><icon src="https://images.nlziet.nl/metadataimportimages/source/7B33687FDC6D1A6F42D32D204172F32109CF9BEA2D6D5C0C970420E4C859C075.jpg"></icon><desc></desc><category></category></programme><programme channel="canvas" start="20221123190000 +0000" stop="20221123193300 +0000" catchup-id="DAD6C8301F22D86AB9419AEA2B7E823A"><title>Terzake</title><date></date><icon src="https://images.nlziet.nl/metadataimportimages/source/A709D5E708DB5AB825891F53C09F3BA8D0C5688DCCB4684C94BE514C17B0C23D.jpg"></icon><desc>Achtergrond en duiding bij het nieuws van de dag.</desc><category></category></programme><programme channel="canvas" start="20221123193300 +0000" stop="20221123201900 +0000" catchup-id="708C2BB85C2725F2CB8A436DC0ACDB5E"><title>De afspraak</title><date></date><icon src="https://images.nlziet.nl/metadataimportimages/source/66CB3BE3AE8476CB2C12E1D1D25B799BDC5EBAB9EEED5DBA7401DA9018DF9D93.jpg"></icon><desc>Dagelijks duidingsprogramma met studiogasten.</desc><category></category></programme><programme channel="canvas" start="20221123201900 +0000" stop="20221123210600 +0000" catchup-id="C2CB478A41BACFAE0F18907318D6D0DB"><title>Strafrechters</title><date></date><icon src="https://images.nlziet.nl/metadataimportimages/source/0172B46FAA7A971DAA7E226D9389C5C8F11B0D4F34369140130DD606378CEE2C.jpg"></icon><desc>Strafrechters hebben een autoritaire machtspositie. Ze beslissen soeverein over schuld, onschuld en strafmaat. Is dat een zware job? Wanneer steken emotie of twijfel bij hen de kop op? Hoe slagen ze erin om altijd onpartijdig te blijven? En hoe beleefden ze hun allereerste vonnis?</desc><category></category></programme><programme channel="canvas" start="20221123210600 +0000" stop="20221123213600 +0000" catchup-id="F0DD75F39A9A2E760071E969CB371794"><title>In de gloria</title><date></date><icon src="https://images.nlziet.nl/metadataimportimages/source/A45901241EE5847C677951A5481DA530BF79E98EC639F2BC9DA309B8063FA59A.jpg"></icon><desc>Spraakmakend reportagemagazine waarin vooral aandacht wordt besteed aan het leven van de doorsnee-Vlaming. De verhalen zijn even indringend als fictief.</desc><category></category></programme><programme channel="canvas" start="20221123213600 +0000" stop="20221123214700 +0000" catchup-id="0EEF32A3704CCA87052C35E4517FC235"><title>Winteruur</title><date></date><icon src="https://images.nlziet.nl/metadataimportimages/source/864EED837E5EF38B7726F4C6F0EBA677F0E6FF6876C7FF78262549030ED99F38.jpg"></icon><desc>Wim Helsen nodigt interessante gasten uit voor een gesprek over hun favoriete tekst.</desc><category></category></programme><programme channel="canvas" start="20221123214700 +0000" stop="20221123224200 +0000" catchup-id="A38CDC092262E0952EC62C6A5E5FB46E"><title>Overseas</title><date></date><icon src="https://images.nlziet.nl/metadataimportimages/source/1194C751998D39EEF8FEBBB49B3AAF5E2B1A79157959819FF2612D01C2A7C27E.jpg"></icon><desc>Filipijnse vrouwen worden massaal naar het buitenland gestuurd als poetsvrouw of kinderoppas, daarvoor laten ze vaak hun eigen kinderen achter. In een opleidingscentrum bereidt een groep kandidaten zich voor op wat er komen kan aan de hand van rollenspelen, waarin ze zowel werkgever als werknemer spelen. Deze documentaire gaat over de moderne onderdrukking van onze geglobaliseerde wereld en toont de vastberadenheid van deze vrouwen, hun zusterschap en hun voorbereiding op de uitdagingen die hen te wachten staan.</desc><category></category></programme><programme channel="canvas" start="20221123224200 +0000" stop="20221124063000 +0000" catchup-id="007B8AECA3CF1D58A907FE92050F73FC"><title>Canvaslus</title><date></date><icon src="https://images.nlziet.nl/metadataimportimages/source/AC6F1F4D8A83E686EA349B6305B76A5BFE2D2ED51CC4741E66B94BB15C51ACEB.jpg"></icon><desc>Doorlopende herhaling tot de start van de ochtenduitzendingen.</desc><category></category></programme><programme channel="canvas" start="20221123231600 +0000" stop="20221124000000 +0000" catchup-id="456949DE2A20FF01BF25B9C317915139"><title>De afspraak</title><date></date><icon src="https://images.nlziet.nl/metadataimportimages/source/66CB3BE3AE8476CB2C12E1D1D25B799BDC5EBAB9EEED5DBA7401DA9018DF9D93.jpg"></icon><desc></desc><category></category></programme><programme channel="canvas" start="20221124000000 +0000" stop="20221124063000 +0000" catchup-id="99D6236CFAF6188A66F11DC704165D5A"><title>Winteruur</title><date></date><icon src="https://images.nlziet.nl/metadataimportimages/source/864EED837E5EF38B7726F4C6F0EBA677F0E6FF6876C7FF78262549030ED99F38.jpg"></icon><desc></desc><category></category></programme><programme channel="canvas" start="20221124063000 +0000" stop="20221124113100 +0000" catchup-id="10EE8E23465CB08BDB449313371781E0"><title>Ketnet Junior</title><date></date><icon src="https://images.nlziet.nl/metadataimportimages/source/E9DDC4F36DE4F0E95155AFAAF7CCD3C7A063E8DE78F41E103A63AB78A0573AB9.jpg"></icon><desc>Programma's voor peuters en kleuters</desc><category></category></programme><programme channel="canvas" start="20221124113100 +0000" stop="20221124123000 +0000" catchup-id="DCF7F599BF16CAE6E8163832FE812E8E"><title>Herfstbeelden</title><date></date><icon src="https://images.nlziet.nl/metadataimportimages/source/876FB21818461A90DADAE8322C984569A30FD6C5DBA509267EB0D06C544B6CFE.jpg"></icon><desc>Sfeerbeelden vanuit diverse Europese bestemmingen</desc><category></category></programme><programme channel="canvas" start="20221124123000 +0000" stop="20221124134500 +0000" catchup-id="53D0C7179BB5E7AD2A346E95E3F5E716"><title>Ketnet Junior</title><date></date><icon src="https://images.nlziet.nl/metadataimportimages/source/E9DDC4F36DE4F0E95155AFAAF7CCD3C7A063E8DE78F41E103A63AB78A0573AB9.jpg"></icon><desc>Programma's voor peuters en kleuters</desc><category></category></programme><programme channel="canvas" start="20221124134500 +0000" stop="20221124153900 +0000" catchup-id="B733638063FEF4A9992B136E51CE16DA"><title>Villa Politica</title><date></date><icon src="https://images.nlziet.nl/metadataimportimages/source/C821C4CA125DF6BB135F2E032D77F440545CD7D6A90BE684570668D3D8C59CE7.jpg"></icon><desc>Met een liveverslag van de plenaire zitting in het Federaal Parlement.</desc><category></category></programme><programme channel="canvas" start="20221124153900 +0000" stop="20221124181100 +0000" catchup-id="6717496935554067098466C25F7F4556"><title>Sporza: FIFA WK voetbal 2022</title><date></date><icon src="https://images.nlziet.nl/metadataimportimages/source/32B0F40E014D40B1243AF4C8C44124BE2D5AE1A4FFF6584A6C037CF957D7A9B0.jpg"></icon><desc>Groepsfase - speeldag 1: Portugal - Ghana (groep H)</desc><category></category></programme><programme channel="canvas" start="20221124181100 +0000" stop="20221124181700 +0000" catchup-id="E3B96B0A7D5EDACFD3162A6907174AFF"><title>Seven worlds, one planet: minisodes</title><date></date><icon src="https://images.nlziet.nl/metadataimportimages/source/8F2F0EFC15D1F21F689064408C245529CC7DB26F4619CAABA80AA6FBBFDBB0F0.jpg"></icon><desc>Tegen een achtergrond van met sneeuw bedekte pieken in Chili maakt een vrouwtjesguanaco zich klaar om nieuwe wondertjes te verwelkomen na een dracht van elf en een halve maand.</desc><category></category></programme><programme channel="canvas" start="20221124181700 +0000" stop="20221124182200 +0000" catchup-id="6E8CD9BAA82407E2137AC2CBC13D1570"><title>Boerke</title><date></date><icon src="https://images.nlziet.nl/metadataimportimages/source/9F910A80BCD9F9AA1DD347E6A06059F6DCF809A48E1513E960DD4B8AFAFDBB36.jpg"></icon><desc>Boerke, de 'poor lonesome cowboy'.</desc><category></category></programme><programme channel="canvas" start="20221124182200 +0000" stop="20221124184600 +0000" catchup-id="36A950420AE6B138887CA0B405AC71A1"><title>Schitt's Creek</title><date></date><icon src="https://images.nlziet.nl/metadataimportimages/source/175122A93BAA2E92AF3A2E695178E0144056FB684109F39B29165AF768B9D062.jpg"></icon><desc>De ouders van Patrick komen naar Schitt's Creek voor een verrassingsfeestje, maar vallen zelf van de ene verbazing in de andere. Alexis sleurt Moira mee naar een soapserie-conventie.</desc><category></category></programme><programme channel="canvas" start="20221124184600 +0000" stop="20221124190000 +0000" catchup-id="554D94FF51E825AF9AD484D160FBAFF3"><title>De Toots Sessies</title><date></date><icon src="https://images.nlziet.nl/metadataimportimages/source/7B33687FDC6D1A6F42D32D204172F32109CF9BEA2D6D5C0C970420E4C859C075.jpg"></icon><desc></desc><category></category></programme><programme channel="canvas" start="20221124190000 +0000" stop="20221124193200 +0000" catchup-id="1D29C90B4CDAE5F78B7729627F5F6895"><title>Terzake</title><date></date><icon src="https://images.nlziet.nl/metadataimportimages/source/A709D5E708DB5AB825891F53C09F3BA8D0C5688DCCB4684C94BE514C17B0C23D.jpg"></icon><desc>Achtergrond en duiding bij het nieuws van de dag.</desc><category></category></programme><programme channel="canvas" start="20221124193200 +0000" stop="20221124202100 +0000" catchup-id="F7E97BB2A804BB3C0240DD3EF6622010"><title>De afspraak</title><date></date><icon src="https://images.nlziet.nl/metadataimportimages/source/66CB3BE3AE8476CB2C12E1D1D25B799BDC5EBAB9EEED5DBA7401DA9018DF9D93.jpg"></icon><desc>Dagelijks duidingsprogramma met studiogasten.</desc><category></category></programme><programme channel="canvas" start="20221124202100 +0000" stop="20221124210800 +0000" catchup-id="95D5DEBED8A8598B6446170440C0B8DD"><title>Michael Palin: into Iraq</title><date></date><icon src="https://images.nlziet.nl/metadataimportimages/source/BF90C727A1D2C422435C95892C294EAE163FCD98F604301E9079665ADD0E7310.jpg"></icon><desc>Michael trekt naar het hart van Irak, richting Bagdad en komt aan in Kirkuk, waar de Britten in 1927 olie ontdekten. De volgende dag bezoekt hij Tikrit, de thuisbasis van Sadam Hoessein. Na verschillende ontmoetingen met militairen aan checkpoints is Michael verbaasd over de hartelijkheid waarmee hij ontvangen wordt. Maar eens in Tikrit, verandert de sfeer al snel. In Bagdad bezoekt hij een plaatselijk restaurant voor het nationale gerecht: 'masgouf'. Afsluiten doet hij op het Firdos Square.</desc><category></category></programme><programme channel="canvas" start="20221124210800 +0000" stop="20221124213800 +0000" catchup-id="E548859651ADB3DB44AB2B8D3BFAB4A1"><title>In de gloria</title><date></date><icon src="https://images.nlziet.nl/metadataimportimages/source/A45901241EE5847C677951A5481DA530BF79E98EC639F2BC9DA309B8063FA59A.jpg"></icon><desc>Spraakmakend reportagemagazine waarin vooral aandacht wordt besteed aan het leven van de doorsnee-Vlaming. De verhalen zijn even indringend als fictief.</desc><category></category></programme><programme channel="canvas" start="20221124213800 +0000" stop="20221124215400 +0000" catchup-id="6539C04D0F1C9A318D7765618060FACC"><title>Winteruur</title><date></date><icon src="https://images.nlziet.nl/metadataimportimages/source/864EED837E5EF38B7726F4C6F0EBA677F0E6FF6876C7FF78262549030ED99F38.jpg"></icon><desc>Wim Helsen nodigt interessante gasten uit voor een gesprek over hun favoriete tekst.</desc><category></category></programme><programme channel="canvas" start="20221124215400 +0000" stop="20221124224300 +0000" catchup-id="5C5673B791D9CCB431309DC3E94A211F"><title>Soul II Soul</title><date></date><icon src="https://images.nlziet.nl/metadataimportimages/source/9479699505E14821731A6591751DFD61B6F64A2DFA7668FF3AB6D0A674CD0171.jpg"></icon><desc>Deze documentaire gaat over het merkwaardige verhaal van de Britse popgroep Soul II Soul, die begonnen als dj's en uitgroeiden tot internationale supersterren. Hun album 'Club Classics Vol. One' uit 1989 schopte het tot bovenaan de hitlijsten in het Verenigd Koninkrijk en de VS en bevatte hits als 'Fairplay', 'Jazzie's groove', 'Keep on movin'' en 'Back to life', waarmee ze hun succes tot ongekende hoogtes brachten. De documentaire vertelt het verhaal van een zwarte groep die tegen alle verwachtingen in in het Groot-Brittannië van Thatcher bereikte wat niemand ooit bereikt had: van underground naar overground naar internationaal met één album. M.m.v. Jazzie B, Caron Wheeler, Trevor Nelson, Rose Windross, Mykaell Riley, Simon Law, Jamie Morgan.</desc><category></category></programme><programme channel="canvas" start="20221124224300 +0000" stop="20221125063000 +0000" catchup-id="A36A8966B1C68E9E1A4CE63F94A4B05B"><title>Canvaslus</title><date></date><icon src="https://images.nlziet.nl/metadataimportimages/source/AC6F1F4D8A83E686EA349B6305B76A5BFE2D2ED51CC4741E66B94BB15C51ACEB.jpg"></icon><desc>Doorlopende herhaling tot de start van de ochtenduitzendingen.</desc><category></category></programme><programme channel="canvas" start="20221124231700 +0000" stop="20221125000300 +0000" catchup-id="55FD30641750C594FC47FAF62CC0B218"><title>De afspraak</title><date></date><icon src="https://images.nlziet.nl/metadataimportimages/source/66CB3BE3AE8476CB2C12E1D1D25B799BDC5EBAB9EEED5DBA7401DA9018DF9D93.jpg"></icon><desc></desc><category></category></programme><programme channel="canvas" start="20221125000300 +0000" stop="20221125063000 +0000" catchup-id="CF2370B601E2225EB1377C639C609487"><title>Winteruur</title><date></date><icon src="https://images.nlziet.nl/metadataimportimages/source/864EED837E5EF38B7726F4C6F0EBA677F0E6FF6876C7FF78262549030ED99F38.jpg"></icon><desc></desc><category></category></programme><programme channel="canvas" start="20221125063000 +0000" stop="20221125113000 +0000" catchup-id="7C3F094A39FAB6E1F1A68A3461040C6A"><title>Ketnet Junior</title><date></date><icon src="https://images.nlziet.nl/metadataimportimages/source/E9DDC4F36DE4F0E95155AFAAF7CCD3C7A063E8DE78F41E103A63AB78A0573AB9.jpg"></icon><desc>Programma's voor peuters en kleuters</desc><category></category></programme><programme channel="canvas" start="20221125113000 +0000" stop="20221125123000 +0000" catchup-id="45F7E96BAA67F0D0FB0E69C5B1388900"><title>Herfstbeelden</title><date></date><icon src="https://images.nlziet.nl/metadataimportimages/source/876FB21818461A90DADAE8322C984569A30FD6C5DBA509267EB0D06C544B6CFE.jpg"></icon><desc>Sfeerbeelden vanuit diverse Europese bestemmingen</desc><category></category></programme><programme channel="canvas" start="20221125123000 +0000" stop="20221125153900 +0000" catchup-id="3262CF7C49006612E2C0C41E39130D96"><title>Ketnet Junior</title><date></date><icon src="https://images.nlziet.nl/metadataimportimages/source/E9DDC4F36DE4F0E95155AFAAF7CCD3C7A063E8DE78F41E103A63AB78A0573AB9.jpg"></icon><desc>Programma's voor peuters en kleuters</desc><category></category></programme><programme channel="canvas" start="20221125153900 +0000" stop="20221125180900 +0000" catchup-id="E0641F3C7E647AE5D45AA7C5D0B9D778"><title>Sporza: FIFA WK voetbal 2022</title><date></date><icon src="https://images.nlziet.nl/metadataimportimages/source/32B0F40E014D40B1243AF4C8C44124BE2D5AE1A4FFF6584A6C037CF957D7A9B0.jpg"></icon><desc>Groepsfase - speeldag 2: Nederland - Ecuador (groep A)</desc><category></category></programme><programme channel="canvas" start="20221125180900 +0000" stop="20221125181900 +0000" catchup-id="91ABA95725952F5AF984C58A51560E16"><title>Universiteit van Vlaanderen</title><date></date><icon src="https://images.nlziet.nl/metadataimportimages/source/DA4172AD3D80C9B62C3BC85204A73927ABB2022D1CC1956692C4C79D83D33D99.jpg"></icon><desc>Je ruikt eau de cologne 4711 en plotsklaps sta je in de woonkamer van je grootmoeder. Een zweem van lavendel zweeft voorbij en je bent ineens weer 8 jaar en op vakantie in de Provence. Geuren hebben de mogelijkheid om heel levendige herinneringen op te wekken, meer nog dan foto's. Hoe komt dat eigenlijk? Wat is er zo speciaal aan onze reukzin? Dr. Ann Van der Jeugd (KU Leuven) legt uit.</desc><category></category></programme><programme channel="canvas" start="20221125181900 +0000" stop="20221125183500 +0000" catchup-id="137F03144F86EAE945D3BF2B0EA1F850"><title>Universiteit van Vlaanderen</title><date></date><icon src="https://images.nlziet.nl/metadataimportimages/source/DA4172AD3D80C9B62C3BC85204A73927ABB2022D1CC1956692C4C79D83D33D99.jpg"></icon><desc>Wist je dat er metalen bestaan die je helemaal kan vervormen, maar die meteen weer hun oorspronkelijke vorm aannemen als je ze in water legt? Geheugenmetaal, heet dat. En die technologie kan gebruikt worden om robots spieren te geven en je beugel automatisch aan te spannen. UAntwerpen-fysicus Nick Schryvers neemt ons mee naar een wereld waarin je metalen kunstjes kan leren.</desc><category></category></programme><programme channel="canvas" start="20221125183500 +0000" stop="20221125190000 +0000" catchup-id="1F26F4969C0BB156B152217D09388B9E"><title>Schitt's Creek</title><date></date><icon src="https://images.nlziet.nl/metadataimportimages/source/175122A93BAA2E92AF3A2E695178E0144056FB684109F39B29165AF768B9D062.jpg"></icon><desc>Johnny vervangt Moira op de jaarlijkse Mayor's Roast. David moet voorkomen dat Moira te weten komt dat Stevie en Patrick samen danslessen volgen.</desc><category></category></programme><programme channel="canvas" start="20221125190000 +0000" stop="20221125193500 +0000" catchup-id="731A76804572666EE19EA05F6FFFE3DC"><title>Terzake</title><date></date><icon src="https://images.nlziet.nl/metadataimportimages/source/A709D5E708DB5AB825891F53C09F3BA8D0C5688DCCB4684C94BE514C17B0C23D.jpg"></icon><desc>Achtergrond en duiding bij het nieuws van de dag.</desc><category></category></programme><programme channel="canvas" start="20221125193500 +0000" stop="20221125203000 +0000" catchup-id="06DED7373D88FF094F1C43E73C4B7B55"><title>De afspraak op vrijdag</title><date></date><icon src="https://images.nlziet.nl/metadataimportimages/source/D65D1C9C0AEFA55B2AB6F9BFDDDB68A2DFC78D846213C22A9319F7B356E92D09.jpg"></icon><desc>Vandaag is minister van staat Karel De Gucht (Open VLD) te gast, samen met professor arbeidseconomie Stijn Baert (UGent) en politiek journalist Alain Gerlache. Ze hebben het over de discussie rond de begroting, de ruzie tussen Open VLD en MR en het wereldkampioenschap voetbal in Qatar.</desc><category></category></programme><programme channel="canvas" start="20221125203000 +0000" stop="20221125220800 +0000" catchup-id="107FAE4F997E47DDDD70CB06A43AB4BD"><title>I, Daniel Blake</title><date></date><icon src="https://images.nlziet.nl/metadataimportimages/source/1B75113AC18BDD13DB5E9341B10A9242547E435ED8C5BAF5DDC187ABD3CA8701.jpg"></icon><desc>Voor de eerste keer in zijn leven moet Daniel Blake, een Engelse schrijnwerker van 59 jaar, beroep doen op de sociale hulpverlening door problemen met zijn hart. Hoewel zijn arts hem verbiedt om te werken, moet Daniel verplicht werk zoeken om sancties te vermijden. Tijdens een van zijn regelmatige bezoeken aan het 'job center' ontmoet hij Katie, een alleenstaande moeder met twee kinderen. Allebei verloren in het kluwen van de administratieve rompslomp van het hedendaagse Groot-Brittannië, proberen ze elkaar te helpen...</desc><category></category></programme><programme channel="canvas" start="20221125220800 +0000" stop="20221126060800 +0000" catchup-id="9D4A5E4AB06D6A44804CE93F56AAC37B"><title>Canvaslus</title><date></date><icon src="https://images.nlziet.nl/metadataimportimages/source/AC6F1F4D8A83E686EA349B6305B76A5BFE2D2ED51CC4741E66B94BB15C51ACEB.jpg"></icon><desc>Doorlopende herhaling tot de start van de ochtenduitzendingen.</desc><category></category></programme><programme channel="canvas" start="20221126060800 +0000" stop="20221126063000 +0000" catchup-id="1ED6C44172860D3B2EAA981D39C57F24"><title>Canvaslus</title><date></date><icon src="https://images.nlziet.nl/metadataimportimages/source/AC6F1F4D8A83E686EA349B6305B76A5BFE2D2ED51CC4741E66B94BB15C51ACEB.jpg"></icon><desc></desc><category></category></programme><programme channel="canvas" start="20221126063000 +0000" stop="20221126113000 +0000" catchup-id="7D509E057FE43372C3FD4917E8B03C6E"><title>Ketnet Junior</title><date></date><icon src="https://images.nlziet.nl/metadataimportimages/source/E9DDC4F36DE4F0E95155AFAAF7CCD3C7A063E8DE78F41E103A63AB78A0573AB9.jpg"></icon><desc>Programma's voor peuters en kleuters</desc><category></category></programme><programme channel="canvas" start="20221126113000 +0000" stop="20221126123000 +0000" catchup-id="D1DFD0DA3D1C6B6616E21E77D4C9617E"><title>Herfstbeelden</title><date></date><icon src="https://images.nlziet.nl/metadataimportimages/source/876FB21818461A90DADAE8322C984569A30FD6C5DBA509267EB0D06C544B6CFE.jpg"></icon><desc>Sfeerbeelden vanuit diverse Europese bestemmingen</desc><category></category></programme><programme channel="canvas" start="20221126123000 +0000" stop="20221126152500 +0000" catchup-id="E8EE70A8B41B59E55CA5571A7E1B35F0"><title>Sporza: Veldrijden</title><date></date><icon src="https://images.nlziet.nl/metadataimportimages/source/518E1295EC5A955116C957D295BA3C12EDA38CE1B15394F8F07A9FEA9659E037.jpg"></icon><desc>Liveverslag van de Urban Cross Kortrijk, manche van de X²O Trofee.</desc><category></category></programme><programme channel="canvas" start="20221126152500 +0000" stop="20221126153000 +0000" catchup-id="09AFAA33D8767BA66CBE9E2DD6E2D4FE"><title>Seven worlds, one planet: minisodes</title><date></date><icon src="https://images.nlziet.nl/metadataimportimages/source/8F2F0EFC15D1F21F689064408C245529CC7DB26F4619CAABA80AA6FBBFDBB0F0.jpg"></icon><desc>Alfred is een mannetjesorang-oetan op zoek naar de liefde. De 17-jarige Walimah zou de perfecte match kunnen zijn, maar zal Alfred haar aandacht kunnen afleiden van een rivaal die ook met haar wil paren?</desc><category></category></programme><programme channel="canvas" start="20221126153000 +0000" stop="20221126154000 +0000" catchup-id="D27D2F2E94AD0BBF579A6F39D8F8F558"><title>Boerke</title><date></date><icon src="https://images.nlziet.nl/metadataimportimages/source/9F910A80BCD9F9AA1DD347E6A06059F6DCF809A48E1513E960DD4B8AFAFDBB36.jpg"></icon><desc>Het is eenzaam aan de top.</desc><category></category></programme><programme channel="canvas" start="20221126154000 +0000" stop="20221126181500 +0000" catchup-id="A0D194FFF7CA9FD7D85BA8F7F36A79FF"><title>Sporza: FIFA WK voetbal 2022</title><date></date><icon src="https://images.nlziet.nl/metadataimportimages/source/32B0F40E014D40B1243AF4C8C44124BE2D5AE1A4FFF6584A6C037CF957D7A9B0.jpg"></icon><desc>Groepsfase - speeldag 2: Frankrijk - Denemarken (groep D)</desc><category></category></programme><programme channel="canvas" start="20221126181500 +0000" stop="20221126190000 +0000" catchup-id="FB9FA9B9453D77DFFCBEEFA9136A6836"><title>The meadow - paradise lost?</title><date></date><icon src="https://images.nlziet.nl/metadataimportimages/source/2085FC8C403C4124F3081BA64C7E4D740D3D9C703A6CC92C856EF9A0060E3503.jpg"></icon><desc>In deze documentaire ontdekken we een paradijs, een broeihaard aan diversiteit voor onze deur. Het weiland is een kleurrijk geheel dat bijna te vergelijken is met een koraalrif of een tropisch regenwoud. Hoe komt het dat deze graslanden blijven bestaan en dat zoveel verschillende dieren er een thuis vinden als ze twee keer per jaar machinaal gemaaid worden? Zou het geen optie zijn om ze gewoon met rust te laten, te laten groeien? Allemaal vragen die worden beantwoordt in deze documentaire. Prangende vragen, nu door de moderne landbouw deze habitat dreigt te verdwijnen. (Albatross World Sales, 2019)</desc><category></category></programme><programme channel="canvas" start="20221126190000 +0000" stop="20221126191000 +0000" catchup-id="24258CBD34CAE116C6BA62E5D7F3C797"><title>VRT NWS update</title><date></date><icon src="https://images.nlziet.nl/metadataimportimages/source/99882C4E87C4CEFFF87A4CA423E4A2B6AC56A2DAF3456D50DC528058B513DB38.jpg"></icon><desc>Kort nieuwsoverzicht</desc><category></category></programme><programme channel="canvas" start="20221126191000 +0000" stop="20221126194000 +0000" catchup-id="95DFD313CE6405A9841F8F13F536701D"><title>Vranckx</title><date></date><icon src="https://images.nlziet.nl/metadataimportimages/source/4F825C0F140093CB656213C603D63BD2371548F0CB0543D5BB3899EFB599D41D.jpg"></icon><desc>Het Russische leger is weggetrokken uit Cherson, een strategisch belangrijke stad in het zuiden van Oekraïne. Het leven komt langzaam weer op gang en het is rustig in de straten. Maar dat is lang anders geweest. Een lokale journalist begon te filmen wanneer de eerste tanks met letter Z de stad binnenrolden en hij documenteerde hoe hij samen met vrouw en kind de bezetting doorbracht. ('Occupied' - een reportage van BBC Investigations © 2022)</desc><category></category></programme><programme channel="canvas" start="20221126194000 +0000" stop="20221126203000 +0000" catchup-id="F7B54DF0932D268B65A2E33AFC6C6261"><title>Black sands</title><date></date><icon src="https://images.nlziet.nl/metadataimportimages/source/E041BFDB899093BD26E66F2CA34809D03BA066E9091205F991045B608A0DEB16.jpg"></icon><desc>De autopsie bevestigt de moord. Salómon gaat langs bij Helga en Elín, terwijl Aníta de strijd aangaat met Gusti, die heeft besloten langer te blijven. Onopgeloste zaken zorgen voor nieuwe informatie. En een romantische avond neemt een onverwachte wending.</desc><category></category></programme><programme channel="canvas" start="20221126203000 +0000" stop="20221126212500 +0000" catchup-id="1ECC39DE1CBB47EDBE5E3321D4D09A1B"><title>Black sands</title><date></date><icon src="https://images.nlziet.nl/metadataimportimages/source/E041BFDB899093BD26E66F2CA34809D03BA066E9091205F991045B608A0DEB16.jpg"></icon><desc>Er wordt nog een lichaam gevonden en ook dat blijkt een link te hebben met de zaken die Frida en Aníta aan het onderzoeken zijn. Frida's bizarre alibi zorgt voor opschudding. Moeder en dochter staan versteld en de relatie van Salómon en Aníta blijkt een onverwachte meevaller te zijn voor het onderzoek.</desc><category></category></programme><programme channel="canvas" start="20221126212500 +0000" stop="20221126225500 +0000" catchup-id="106574F008BB1D49DEAD517F77A8C94E"><title>Alleen Elvis blijft bestaan</title><date></date><icon src="https://images.nlziet.nl/metadataimportimages/source/84267E64206F298EB2EE6D516E4E57E056DF19B7A4382B059A265007A05C9ECF.jpg"></icon><desc>Weinig kantoortijgers hebben een panorama als dat van CEO Jacques Vandermeiren: Hij kijkt uit over een van de grootste havens van Europa. Zijn haven, de haven die hij beheert. Niet dat hij zoveel tijd heeft om uit het raam te turen. De recente fusie van de haven van Antwerpen met die van Zeebrugge brengt hoge verwachtingen met zich mee. En de bocht van fossiele brandstoffen naar groene energie moet snel en grondig gemaakt worden, om de doelstellingen rond een lagere CO2-uitstoot te halen. Maar de wereld strekt zich uit aan zijn voeten en dat brengt een hoop interessante verhalen en inzichten mee.</desc><category></category></programme><programme channel="canvas" start="20221126225500 +0000" stop="20221127005500 +0000" catchup-id="477E476B872BF8B6774E6487619FA619"><title>The salesman</title><date></date><icon src="https://images.nlziet.nl/metadataimportimages/source/0C4A5AD979D6B4E1493F02987D9F6CECB045042F9763D9F4EFCE735009113BA7.jpg"></icon><desc>Emad en Rana moeten noodgedwongen hun appartement in het centrum van Teheran verlaten wegens gevaarlijke werkzaamheden in een aanliggend gebouw. Ze verhuizen naar een nieuwe flat. Een incident dat verband houdt met de vorige huurder zal het leven van het jonge koppel drastisch veranderen...</desc><category></category></programme><programme channel="canvas" start="20221127005500 +0000" stop="20221127063000 +0000" catchup-id="3B3DB0E2F3425491B9F3FE2534EF1846"><title>Canvaslus</title><date></date><icon src="https://images.nlziet.nl/metadataimportimages/source/AC6F1F4D8A83E686EA349B6305B76A5BFE2D2ED51CC4741E66B94BB15C51ACEB.jpg"></icon><desc>Doorlopende herhaling tot de start van de ochtenduitzendingen.</desc><category></category></programme><programme channel="canvas" start="20221127063000 +0000" stop="20221127080000 +0000" catchup-id="84672CA1E6C0878DD127675DC7BB8D09"><title>Ketnet Junior</title><date></date><icon src="https://images.nlziet.nl/metadataimportimages/source/E9DDC4F36DE4F0E95155AFAAF7CCD3C7A063E8DE78F41E103A63AB78A0573AB9.jpg"></icon><desc>Programma's voor peuters en kleuters</desc><category></category></programme><programme channel="canvas" start="20221127080000 +0000" stop="20221127090000 +0000" catchup-id="299D1D3146C82BFEC76F9B6B4C137644"><title>Herfstbeelden</title><date></date><icon src="https://images.nlziet.nl/metadataimportimages/source/876FB21818461A90DADAE8322C984569A30FD6C5DBA509267EB0D06C544B6CFE.jpg"></icon><desc>Sfeerbeelden vanuit diverse Europese bestemmingen</desc><category></category></programme><programme channel="canvas" start="20221127090000 +0000" stop="20221127100000 +0000" catchup-id="BE70121314D6438EF2E7C6ECA7D24191"><title>Erediensten</title><date></date><icon src="https://images.nlziet.nl/metadataimportimages/source/32334377C48B9FCFBC21CFE2ED426B6397E931324AB2F8ED8C68748624262FC5.jpg"></icon><desc>De eucharistieviering met als thema 'Verbind je met het licht'.</desc><category></category></programme><programme channel="canvas" start="20221127100000 +0000" stop="20221127110000 +0000" catchup-id="A1DAE365BDFA368F4DD8CE6030DC2617"><title>De zevende dag</title><date></date><icon src="https://images.nlziet.nl/metadataimportimages/source/9B2DD83F597EA67BABD4EBD75A233E4008CE268F2E7A7E230877C38DF315DB11.jpg"></icon><desc>Live studioprogramma met veel aandacht voor het brede politiek debat. Daarnaast is er ook tijd voor sport, cultuur en muziek.</desc><category></category></programme><programme channel="canvas" start="20221127110000 +0000" stop="20221127124000 +0000" catchup-id="B20B7D8B7894FE1B8DC84A184FD2E3A9"><title>Sporza: Veldrijden</title><date></date><icon src="https://images.nlziet.nl/metadataimportimages/source/518E1295EC5A955116C957D295BA3C12EDA38CE1B15394F8F07A9FEA9659E037.jpg"></icon><desc>Liveverslag van de veldrit in Hulst (Nederland), wedstrijd voor de Wereldbeker</desc><category></category></programme><programme channel="canvas" start="20221127124000 +0000" stop="20221127154000 +0000" catchup-id="93D3A1A2CFC9D39AAC04CE748B0DE701"><title>Ketnet Junior</title><date></date><icon src="https://images.nlziet.nl/metadataimportimages/source/E9DDC4F36DE4F0E95155AFAAF7CCD3C7A063E8DE78F41E103A63AB78A0573AB9.jpg"></icon><desc>Programma's voor peuters en kleuters</desc><category></category></programme><programme channel="canvas" start="20221127154000 +0000" stop="20221127181000 +0000" catchup-id="630AE274977122865226CBB64F322745"><title>Sporza: FIFA WK voetbal 2022</title><date></date><icon src="https://images.nlziet.nl/metadataimportimages/source/32B0F40E014D40B1243AF4C8C44124BE2D5AE1A4FFF6584A6C037CF957D7A9B0.jpg"></icon><desc>Groepsfase - speeldag 2: Kroatië - Canada (groep F)</desc><category></category></programme><programme channel="canvas" start="20221127181000 +0000" stop="20221127183000 +0000" catchup-id="4A899A7F8B49DE6C0CF2AC9E20EA9C69"><title>Sporza: Atletiek</title><date></date><icon src="https://images.nlziet.nl/metadataimportimages/source/E4AAE4692E9FAFFDC252D30E155E3361E88028A8C46573F892A770C41E1DACED.jpg"></icon><desc>Samenvatting van de CrossCup in Roeselare.</desc><category></category></programme><programme channel="canvas" start="20221127183000 +0000" stop="20221127190000 +0000" catchup-id="4825B6832EE1EC8F2755325091DC3756"><title>Vranckx</title><date></date><icon src="https://images.nlziet.nl/metadataimportimages/source/4F825C0F140093CB656213C603D63BD2371548F0CB0543D5BB3899EFB599D41D.jpg"></icon><desc>Het Russische leger is weggetrokken uit Cherson, een strategisch belangrijke stad in het zuiden van Oekraïne. Het leven komt langzaam weer op gang en het is rustig in de straten. Maar dat is lang anders geweest. Een lokale journalist begon te filmen wanneer de eerste tanks met letter Z de stad binnenrolden en hij documenteerde hoe hij samen met vrouw en kind de bezetting doorbracht. ('Occupied' - een reportage van BBC Investigations © 2022)</desc><category></category></programme><programme channel="canvas" start="20221127190000 +0000" stop="20221127191000 +0000" catchup-id="768E2F724729A9A30DE5097AFBE41103"><title>VRT NWS update</title><date></date><icon src="https://images.nlziet.nl/metadataimportimages/source/99882C4E87C4CEFFF87A4CA423E4A2B6AC56A2DAF3456D50DC528058B513DB38.jpg"></icon><desc>Kort nieuwsoverzicht</desc><category></category></programme><programme channel="canvas" start="20221127191000 +0000" stop="20221127205000 +0000" catchup-id="7D08347B966FCDC82A2A8B4F3657997F"><title>Mystify: Michael Hutchence</title><date></date><icon src="https://images.nlziet.nl/metadataimportimages/source/C970DC960538FC60B99E2BB696F0CA759B123933C7EA2D62EC932C096A3CDFCC.jpg"></icon><desc>Deze documentaire toont ons een intiem portret van de wereldberoemde INXS-frontman Michael Hutchence (1960-1997) aan de hand van uitzonderlijke beelden. We leren een gevoelige, veelzijdige en complexe man kennen, maar ook een man die het niet altijd even makkelijk had met het succes en de creatieve beperkingen van de popmuziek. Na een dramatische gebeurtenis in zijn leven, verandert alles voor Michael, maar zijn dochtertje, Tiger, biedt hem steun in donkere tijden. (Dogwoof, 2019)</desc><category></category></programme><programme channel="canvas" start="20221127205000 +0000" stop="20221127213500 +0000" catchup-id="30883C81C6C9691BE121532AF740D4B2"><title>The dark heart</title><date></date><icon src="https://images.nlziet.nl/metadataimportimages/source/07FBA2973D19D05F3F9EAB920ED30EBC8259F44F8F4AE6B4365FD2F2008178EF.jpg"></icon><desc>Sanna en Marcus proberen Bengts verdwijning te verhullen, maar de zus van Sanna schakelt de politie in, die de boerderij en omgeving uitkamt. Maar om de erfenis binnen te rijven, moet er een lichaam worden gevonden. Sanna bevalt intussen van een dochter en de financiële situatie van het jonge gezin is precair. De zoektocht van Tanja lijkt op een dood spoor te zitten, maar dan krijgt ze een onverwachte tip, en die leidt naar de vijver op de boerderij van Sanna en Marcus.</desc><category></category></programme><programme channel="canvas" start="20221127213500 +0000" stop="20221127222000 +0000" catchup-id="D372079F82CA37408C3625435C3C268E"><title>The dark heart</title><date></date><icon src="https://images.nlziet.nl/metadataimportimages/source/07FBA2973D19D05F3F9EAB920ED30EBC8259F44F8F4AE6B4365FD2F2008178EF.jpg"></icon><desc>Sanna en Marcus staan onder zware financiële druk en krijgen af te rekenen met Tanja, die ervan overtuigd is dat zij met de verdwijning van Bengt te maken hebben. De relatie van het jonge koppel wordt zwaar op de proef gesteld, zeker wanneer Tanja toenadering zoekt tot Marcus. Het komt tot een breuk tussen Sanna en hem die allesbehalve vriendschappelijk te noemen is.</desc><category></category></programme><programme channel="canvas" start="20221127222000 +0000" stop="20221127231500 +0000" catchup-id="0DE46AC113CC84DD064A5356FE1FCA8B"><title>Bordertown</title><date></date><icon src="https://images.nlziet.nl/metadataimportimages/source/6CF0AA52652543C852AC1E0BE24ABD215289F1DE18C2838B3A2B1558F0A7CAE0.jpg"></icon><desc>In het huis van kinderdagverblijfuitbaatster Susanna Lehto wordt een foetus gevonden die bewaard is in formaldehyde. Sorjonens onderzoek stoot op een muur van stilzwijgen.</desc><category></category></programme><programme channel="canvas" start="20221127231500 +0000" stop="20221128063000 +0000" catchup-id="D8006DC9E25519236D24C6FFFA222B5E"><title>Canvaslus</title><date></date><icon src="https://images.nlziet.nl/metadataimportimages/source/AC6F1F4D8A83E686EA349B6305B76A5BFE2D2ED51CC4741E66B94BB15C51ACEB.jpg"></icon><desc>Doorlopende herhaling tot de start van de ochtenduitzendingen.</desc><category></category></programme><programme channel="canvas" start="20221128063000 +0000" stop="20221128110000 +0000" catchup-id="432194A5510FE126846D6B37C8B15A31"><title>Ketnet Junior</title><date></date><icon src="https://images.nlziet.nl/metadataimportimages/source/E9DDC4F36DE4F0E95155AFAAF7CCD3C7A063E8DE78F41E103A63AB78A0573AB9.jpg"></icon><desc>Programma's voor peuters en kleuters</desc><category></category></programme><programme channel="canvas" start="20221128110000 +0000" stop="20221128113000 +0000" catchup-id="6F983600B4AB94B8C27D931CD839F9B4"><title>Ketnet Junior</title><date></date><icon src="https://images.nlziet.nl/metadataimportimages/source/E9DDC4F36DE4F0E95155AFAAF7CCD3C7A063E8DE78F41E103A63AB78A0573AB9.jpg"></icon><desc>Programma's voor peuters en kleuters</desc><category></category></programme><programme channel="canvas" start="20221128113000 +0000" stop="20221128123000 +0000" catchup-id="F55258EEDE50B46A443D12150C60CBD9"><title>Herfstbeelden</title><date></date><icon src="https://images.nlziet.nl/metadataimportimages/source/876FB21818461A90DADAE8322C984569A30FD6C5DBA509267EB0D06C544B6CFE.jpg"></icon><desc>Sfeerbeelden vanuit diverse Europese bestemmingen</desc><category></category></programme><programme channel="canvas" start="20221128123000 +0000" stop="20221128154000 +0000" catchup-id="3656B60A997D291F89841C1736382D28"><title>Ketnet Junior</title><date></date><icon src="https://images.nlziet.nl/metadataimportimages/source/E9DDC4F36DE4F0E95155AFAAF7CCD3C7A063E8DE78F41E103A63AB78A0573AB9.jpg"></icon><desc>Programma's voor peuters en kleuters</desc><category></category></programme><programme channel="canvas" start="20221128154000 +0000" stop="20221128181000 +0000" catchup-id="9D0A4CAC2247F761DC64CA059570B81E"><title>Sporza: FIFA WK voetbal 2022</title><date></date><icon src="https://images.nlziet.nl/metadataimportimages/source/32B0F40E014D40B1243AF4C8C44124BE2D5AE1A4FFF6584A6C037CF957D7A9B0.jpg"></icon><desc>Groepsfase - speeldag 2: Brazilië - Zwitserland (groep G)</desc><category></category></programme><programme channel="canvas" start="20221128181000 +0000" stop="20221128181500 +0000" catchup-id="573B0C082BAEB7B026D901E03B0A64BC"><title>Seven worlds, one planet: minisodes</title><date></date><icon src="https://images.nlziet.nl/metadataimportimages/source/8F2F0EFC15D1F21F689064408C245529CC7DB26F4619CAABA80AA6FBBFDBB0F0.jpg"></icon><desc>Een acht maanden jonge kangoeroe volgt de meest cruciale les uit zijn leven: boksen. Hij is nog te jong om te vechten, dus kijkt hij toe hoe oudere mannetjes met elkaar op de vuist gaan om de techniek beet te krijgen.</desc><category></category></programme><programme channel="canvas" start="20221128181500 +0000" stop="20221128181800 +0000" catchup-id="09FFBFC73B4FA0397B49C8F01FFB96F9"><title>Boerke</title><date></date><icon src="https://images.nlziet.nl/metadataimportimages/source/9F910A80BCD9F9AA1DD347E6A06059F6DCF809A48E1513E960DD4B8AFAFDBB36.jpg"></icon><desc>Een kleine stap voor Boerke, maar een grote stap voor ...</desc><category></category></programme><programme channel="canvas" start="20221128181800 +0000" stop="20221128182000 +0000" catchup-id="FCD1986BD97B2E3AC74861B46272C74C"><title>Boerke</title><date></date><icon src="https://images.nlziet.nl/metadataimportimages/source/9F910A80BCD9F9AA1DD347E6A06059F6DCF809A48E1513E960DD4B8AFAFDBB36.jpg"></icon><desc>Boerke is in de ban van de ring.</desc><category></category></programme><programme channel="canvas" start="20221128182000 +0000" stop="20221128184000 +0000" catchup-id="77581E46F231A62EBF8A2F9ACF237DF8"><title>Schitt's Creek</title><date></date><icon src="https://images.nlziet.nl/metadataimportimages/source/175122A93BAA2E92AF3A2E695178E0144056FB684109F39B29165AF768B9D062.jpg"></icon><desc>Patrick probeert David mee te krijgen op een romantische wandeling. Ondertussen maakt iedereen zich zorgen over Johnny's gezondheid.</desc><category></category></programme><programme channel="canvas" start="20221128184000 +0000" stop="20221128190000 +0000" catchup-id="8A49DE9B0C64D1C07D032ACACE93EF08"><title>De Toots Sessies</title><date></date><icon src="https://images.nlziet.nl/metadataimportimages/source/7B33687FDC6D1A6F42D32D204172F32109CF9BEA2D6D5C0C970420E4C859C075.jpg"></icon><desc>2022 is het jaar waarin Ruben Block even vakantie neemt als frontman van Triggerfinger. Van die sabbatperiode maakte hij gebruik om een soloplaat op te nemen. In 'De Toots Sessies' brengt hij twee nummers uit 'Looking to glide'. Hij verrast ook met een cover van 'Niets is voor altijd' van Madou.</desc><category></category></programme><programme channel="canvas" start="20221128190000 +0000" stop="20221128193500 +0000" catchup-id="F8939B6A7BBBD61E007AC3CE82D6D5BC"><title>Terzake</title><date></date><icon src="https://images.nlziet.nl/metadataimportimages/source/A709D5E708DB5AB825891F53C09F3BA8D0C5688DCCB4684C94BE514C17B0C23D.jpg"></icon><desc>Achtergrond en duiding bij het nieuws van de dag.</desc><category></category></programme><programme channel="canvas" start="20221128193500 +0000" stop="20221128202000 +0000" catchup-id="BCFB70FAF80312A05CEE443F458A1049"><title>De afspraak</title><date></date><icon src="https://images.nlziet.nl/metadataimportimages/source/66CB3BE3AE8476CB2C12E1D1D25B799BDC5EBAB9EEED5DBA7401DA9018DF9D93.jpg"></icon><desc>Dagelijks duidingsprogramma met studiogasten.</desc><category></category></programme><programme channel="canvas" start="20221128202000 +0000" stop="20221128211000 +0000" catchup-id="558EBE77AD7E4D23192ADC52F51180B9"><title>The children of chaos</title><date></date><icon src="https://images.nlziet.nl/metadataimportimages/source/60A5A6B1AEBECF0D3627AB23B92F3F95B1C33C2F2379AC7AB82B2B870B45A87F.jpg"></icon><desc>Na de overgave van Duitsland in 1945 zat Europa aan de grond. De oorlog had niet alleen bruggen en ziekenhuizen vernield, maar ook gezinnen. Honderdduizenden kinderen, vaak wezen, werden aan hun lot overgelaten. En nu zouden ze ook nog eens worden ingezet als oorlogsbuit bij de heropbouw van het continent. Ze werden gesorteerd en geselecteerd en voor wie niet voldeed, begon er een helse overlevingsstrijd die nog jaren zou duren.</desc><category></category></programme><programme channel="canvas" start="20221128211000 +0000" stop="20221128214000 +0000" catchup-id="2277D4246ADAB646C03DAA1CAA92AFC0"><title>In de gloria</title><date></date><icon src="https://images.nlziet.nl/metadataimportimages/source/A45901241EE5847C677951A5481DA530BF79E98EC639F2BC9DA309B8063FA59A.jpg"></icon><desc>Spraakmakend reportagemagazine waarin vooral aandacht wordt besteed aan het leven van de doorsnee-Vlaming. De verhalen zijn even indringend als fictief.</desc><category></category></programme><programme channel="canvas" start="20221128214000 +0000" stop="20221128215000 +0000" catchup-id="C9D9AFBF9334BB83A65D5C4731DEC027"><title>Winteruur</title><date></date><icon src="https://images.nlziet.nl/metadataimportimages/source/864EED837E5EF38B7726F4C6F0EBA677F0E6FF6876C7FF78262549030ED99F38.jpg"></icon><desc>Wim Helsen nodigt interessante gasten uit voor een gesprek over hun favoriete tekst.</desc><category></category></programme><programme channel="canvas" start="20221128215000 +0000" stop="20221128224000 +0000" catchup-id="E3C972EAAFD73AF4CBDD3AB8188EDBCC"><title>Spector</title><date></date><icon src="https://images.nlziet.nl/metadataimportimages/source/934A03EF5364B19DC745B4BB1C0FB2A904CBE7973B2CC7431E79DB9AF5B128E8.jpg"></icon><desc>Spector stelt een team van topadvocaten samen voor zijn verdediging, terwijl het openbaar ministerie worstelt om juryleden te vinden die niet zijn beïnvloed door Spectors roem. Intussen doet Spector er alles aan om zijn onschuld publiekelijk te verkondigen. We komen te weten dat Lana Clarkson net een bizar ongeluk had gehad waardoor ze een jaar werkonbekwaam was. Wanneer ze op haar 40e een comeback maakt, ontmoet ze Spector, maar hun eerste ontmoeting kent een noodlottig einde. Tijdens het proces komen de advocaten van Spector met bewijs dat hun piste van zelfmoord zou moeten bewijzen.</desc><category></category></programme><programme channel="canvas" start="20221128224000 +0000" stop="20221129063000 +0000" catchup-id="2AF91D62CDB7BF95BD82826E8852A77B"><title>Canvaslus</title><date></date><icon src="https://images.nlziet.nl/metadataimportimages/source/AC6F1F4D8A83E686EA349B6305B76A5BFE2D2ED51CC4741E66B94BB15C51ACEB.jpg"></icon><desc>Doorlopende herhaling tot de start van de ochtenduitzendingen.</desc><category></category></programme><programme channel="canvas" start="20221128231300 +0000" stop="20221128235300 +0000" catchup-id="DFABE35693B0FA57D4372A9DFE10BA14"><title>De afspraak</title><date></date><icon src="https://images.nlziet.nl/metadataimportimages/source/66CB3BE3AE8476CB2C12E1D1D25B799BDC5EBAB9EEED5DBA7401DA9018DF9D93.jpg"></icon><desc></desc><category></category></programme><programme channel="canvas" start="20221128235300 +0000" stop="20221129063000 +0000" catchup-id="7C4157555A2128A9DBE75244562E238B"><title>Winteruur</title><date></date><icon src="https://images.nlziet.nl/metadataimportimages/source/864EED837E5EF38B7726F4C6F0EBA677F0E6FF6876C7FF78262549030ED99F38.jpg"></icon><desc></desc><category></category></programme><programme channel="canvas" start="20221129063000 +0000" stop="20221129110000 +0000" catchup-id="B25D42AECB8A40146C189B27CF3A3A54"><title>Ketnet Junior</title><date></date><icon src="https://images.nlziet.nl/metadataimportimages/source/E9DDC4F36DE4F0E95155AFAAF7CCD3C7A063E8DE78F41E103A63AB78A0573AB9.jpg"></icon><desc>Programma's voor peuters en kleuters</desc><category></category></programme><programme channel="canvas" start="20221129110000 +0000" stop="20221129113000 +0000" catchup-id="99D6D23109AFA694F7BFBF8CA37E180B"><title>Ketnet Junior</title><date></date><icon src="https://images.nlziet.nl/metadataimportimages/source/E9DDC4F36DE4F0E95155AFAAF7CCD3C7A063E8DE78F41E103A63AB78A0573AB9.jpg"></icon><desc>Programma's voor peuters en kleuters</desc><category></category></programme><programme channel="canvas" start="20221129113000 +0000" stop="20221129123000 +0000" catchup-id="6BB881195F209C0D9C608FE7EAFA9601"><title>Herfstbeelden</title><date></date><icon src="https://images.nlziet.nl/metadataimportimages/source/876FB21818461A90DADAE8322C984569A30FD6C5DBA509267EB0D06C544B6CFE.jpg"></icon><desc>Sfeerbeelden vanuit diverse Europese bestemmingen</desc><category></category></programme><programme channel="canvas" start="20221129123000 +0000" stop="20221129145000 +0000" catchup-id="294E31C423F4AA4BC58A3E05C6BE8049"><title>Ketnet Junior</title><date></date><icon src="https://images.nlziet.nl/metadataimportimages/source/E9DDC4F36DE4F0E95155AFAAF7CCD3C7A063E8DE78F41E103A63AB78A0573AB9.jpg"></icon><desc>Programma's voor peuters en kleuters</desc><category></category></programme><programme channel="canvas" start="20221129145000 +0000" stop="20221129170000 +0000" catchup-id="17959C8962D0D9B5DFA70C7089D8A636"><title>Sporza: FIFA WK voetbal 2022</title><date></date><icon src="https://images.nlziet.nl/metadataimportimages/source/32B0F40E014D40B1243AF4C8C44124BE2D5AE1A4FFF6584A6C037CF957D7A9B0.jpg"></icon><desc>Groepsfase - speeldag 3: Ecuador - Senegal (groep A)</desc><category></category></programme><programme channel="canvas" start="20221129170000 +0000" stop="20221129173000 +0000" catchup-id="07C0E653E2A890D4BEBFE2BA3609ADBE"><title>The chronicles of Mourne</title><date></date><icon src="https://images.nlziet.nl/metadataimportimages/source/2D92ED15A97340C50FFF6E3CEB9175422BA585DED24C45692099F1F66DF5DA6A.jpg"></icon><desc>De reeks begint in de zomer, het drukste en populairste seizoen voor de Mournes. De bergen zijn paars door de heide en de resorts zitten barstensvol toeristen. Maar de camera trekt weg van de drukte en onthult een geheime wereld die vele bezoekers nooit te zien krijgen.</desc><category></category></programme><programme channel="canvas" start="20221129173000 +0000" stop="20221129182000 +0000" catchup-id="85426F1B270257768F5F74C399F68E9E"><title>The children of chaos</title><date></date><icon src="https://images.nlziet.nl/metadataimportimages/source/60A5A6B1AEBECF0D3627AB23B92F3F95B1C33C2F2379AC7AB82B2B870B45A87F.jpg"></icon><desc>Na de overgave van Duitsland in 1945 zat Europa aan de grond. De oorlog had niet alleen bruggen en ziekenhuizen vernield, maar ook gezinnen. Honderdduizenden kinderen, vaak wezen, werden aan hun lot overgelaten. En nu zouden ze ook nog eens worden ingezet als oorlogsbuit bij de heropbouw van het continent. Ze werden gesorteerd en geselecteerd en voor wie niet voldeed, begon er een helse overlevingsstrijd die nog jaren zou duren.</desc><category></category></programme><programme channel="canvas" start="20221129182000 +0000" stop="20221129184000 +0000" catchup-id="6B6B83654DB1635291BD006806D47A76"><title>Schitt's Creek</title><date></date><icon src="https://images.nlziet.nl/metadataimportimages/source/175122A93BAA2E92AF3A2E695178E0144056FB684109F39B29165AF768B9D062.jpg"></icon><desc>Het is de avond van de première van 'Cabaret', maar Stevie is nergens te vinden. David wil een belangrijke aankondiging doen, maar niemand heeft tijd voor hem.</desc><category></category></programme><programme channel="canvas" start="20221129184000 +0000" stop="20221129190000 +0000" catchup-id="5A7A1EC3BB6762E12B3D4415C8A6B1D2"><title>De Toots Sessies</title><date></date><icon src="https://images.nlziet.nl/metadataimportimages/source/7B33687FDC6D1A6F42D32D204172F32109CF9BEA2D6D5C0C970420E4C859C075.jpg"></icon><desc>Berre werd bekend door zijn covers op TikTok. Maar het verhaal van Berre nam pas een echte start toen hij zijn single 'Say My Name' uitbracht. Het nummer was de afgelopen maanden alomtegenwoordig. Achter de schermen werkte hij ook hard aan nieuwe nummers. Tijdens 'De Toots Sessies' brengt hij zijn nieuwe single 'Better off Alone' én een verrassend duet met Emmy d'Arc. Samen zingen ze 'Exile' van Taylor Swift en Bon Iver.</desc><category></category></programme><programme channel="canvas" start="20221129190000 +0000" stop="20221129193500 +0000" catchup-id="3A1EA023EB618762BDCC9C60142E4EBA"><title>Terzake</title><date></date><icon src="https://images.nlziet.nl/metadataimportimages/source/A709D5E708DB5AB825891F53C09F3BA8D0C5688DCCB4684C94BE514C17B0C23D.jpg"></icon><desc>Achtergrond en duiding bij het nieuws van de dag.</desc><category></category></programme><programme channel="canvas" start="20221129193500 +0000" stop="20221129202000 +0000" catchup-id="C10B3BF35B66EBC681909A21E503ED49"><title>De afspraak</title><date></date><icon src="https://images.nlziet.nl/metadataimportimages/source/66CB3BE3AE8476CB2C12E1D1D25B799BDC5EBAB9EEED5DBA7401DA9018DF9D93.jpg"></icon><desc>Dagelijks duidingsprogramma met studiogasten.</desc><category></category></programme><programme channel="canvas" start="20221129202000 +0000" stop="20221129211000 +0000" catchup-id="16705604480DAE04F3F4D07EDB441037"><title>Eden: untamed planet</title><date></date><icon src="https://images.nlziet.nl/metadataimportimages/source/E52FC3D3BE56C0574DB4B5284D24944F8335443E1CC82FBD89598F66AE64A71C.jpg"></icon><desc>In het zuidoosten van Alaska ligt een door ijs omgeven tuin van Eden. Dit gebied lijkt wel het rijkste gematigde regenwoud ter wereld.</desc><category></category></programme><programme channel="canvas" start="20221129211000 +0000" stop="20221129214000 +0000" catchup-id="950EFF3ABC8BBB9B429DB57D14F1501F"><title>In de gloria</title><date></date><icon src="https://images.nlziet.nl/metadataimportimages/source/A45901241EE5847C677951A5481DA530BF79E98EC639F2BC9DA309B8063FA59A.jpg"></icon><desc>Spraakmakend reportagemagazine waarin vooral aandacht wordt besteed aan het leven van de doorsnee-Vlaming. De verhalen zijn even indringend als fictief.</desc><category></category></programme><programme channel="canvas" start="20221129214000 +0000" stop="20221129215000 +0000" catchup-id="05E82CAD7CA00E879E9F4C8188981644"><title>Winteruur</title><date></date><icon src="https://images.nlziet.nl/metadataimportimages/source/864EED837E5EF38B7726F4C6F0EBA677F0E6FF6876C7FF78262549030ED99F38.jpg"></icon><desc>Wim Helsen nodigt interessante gasten uit voor een gesprek over hun favoriete tekst.</desc><category></category></programme><programme channel="canvas" start="20221129215000 +0000" stop="20221129224000 +0000" catchup-id="27387D0A019CCA85E8426A412B072BBB"><title>Super surgeons</title><date></date><icon src="https://images.nlziet.nl/metadataimportimages/source/EAAFAB03C8AF40884BCD4F5A9E90B50FB6D547D13EB9D508DA2AA7917736C8BB.jpg"></icon><desc>De 41-jarige Jade heeft een tumor in haar keel. Ze wil absoluut haar stem behouden. Professor Vin Paleri is de enige chirurg in het VK die met een robot deze moeder van een tweejarige dochter kan behandelen. Door een sarcoom kan de 32-jarige Dimitrios zijn arm verliezen. Chirurg Andy Hayes gebruikt een nieuwe techniek om dat te allen prijze te vermijden. Lizzie is 37 en heeft ongeneeslijke darmkanker. Door nieuwe technieken en ingrepen kan haar kanker vertraagd worden, maar elke ingreep is telkens ook riskanter.</desc><category></category></programme><programme channel="canvas" start="20221129224000 +0000" stop="20221130063000 +0000" catchup-id="C5CA720ECE044C64D86BB7F3D49120F5"><title>Canvaslus</title><date></date><icon src="https://images.nlziet.nl/metadataimportimages/source/AC6F1F4D8A83E686EA349B6305B76A5BFE2D2ED51CC4741E66B94BB15C51ACEB.jpg"></icon><desc>Doorlopende herhaling tot de start van de ochtenduitzendingen.</desc><category></category></programme><programme channel="canvas" start="20221129231300 +0000" stop="20221129235300 +0000" catchup-id="7253BBBA3CEA90613BDD99A118ADAC8C"><title>De afspraak</title><date></date><icon src="https://images.nlziet.nl/metadataimportimages/source/66CB3BE3AE8476CB2C12E1D1D25B799BDC5EBAB9EEED5DBA7401DA9018DF9D93.jpg"></icon><desc></desc><category></category></programme><programme channel="canvas" start="20221129235300 +0000" stop="20221130063000 +0000" catchup-id="BE42E369342D152068B22F63F37B59A4"><title>Winteruur</title><date></date><icon src="https://images.nlziet.nl/metadataimportimages/source/864EED837E5EF38B7726F4C6F0EBA677F0E6FF6876C7FF78262549030ED99F38.jpg"></icon><desc></desc><category></category></programme><programme channel="canvas" start="20221130063000 +0000" stop="20221130110000 +0000" catchup-id="C4478E6E7D02AA89CDE438F22450E80B"><title>Ketnet Junior</title><date></date><icon src="https://images.nlziet.nl/metadataimportimages/source/E9DDC4F36DE4F0E95155AFAAF7CCD3C7A063E8DE78F41E103A63AB78A0573AB9.jpg"></icon><desc>Programma's voor peuters en kleuters</desc><category></category></programme><programme channel="canvas" start="20221130110000 +0000" stop="20221130113000 +0000" catchup-id="F13285AD68FCB52F1137BE0BBBED0C2C"><title>Ketnet Junior</title><date></date><icon src="https://images.nlziet.nl/metadataimportimages/source/E9DDC4F36DE4F0E95155AFAAF7CCD3C7A063E8DE78F41E103A63AB78A0573AB9.jpg"></icon><desc>Programma's voor peuters en kleuters</desc><category></category></programme><programme channel="canvas" start="20221130113000 +0000" stop="20221130123000 +0000" catchup-id="230448E6C46A309608ECE8AB54A9739A"><title>Herfstbeelden</title><date></date><icon src="https://images.nlziet.nl/metadataimportimages/source/876FB21818461A90DADAE8322C984569A30FD6C5DBA509267EB0D06C544B6CFE.jpg"></icon><desc>Sfeerbeelden vanuit diverse Europese bestemmingen</desc><category></category></programme><programme channel="canvas" start="20221130123000 +0000" stop="20221130145000 +0000" catchup-id="EBBE8F7B825BFDE5A9F22DD8CE800FE7"><title>Ketnet Junior</title><date></date><icon src="https://images.nlziet.nl/metadataimportimages/source/E9DDC4F36DE4F0E95155AFAAF7CCD3C7A063E8DE78F41E103A63AB78A0573AB9.jpg"></icon><desc>Programma's voor peuters en kleuters</desc><category></category></programme><programme channel="canvas" start="20221130145000 +0000" stop="20221130165500 +0000" catchup-id="7929560D2B5AAB70B5CBF9C3B22BFC81"><title>Sporza: FIFA WK voetbal 2022</title><date></date><icon src="https://images.nlziet.nl/metadataimportimages/source/32B0F40E014D40B1243AF4C8C44124BE2D5AE1A4FFF6584A6C037CF957D7A9B0.jpg"></icon><desc>Groepsfase - speeldag 3: Australië - Denemarken (groep D)</desc><category></category></programme><programme channel="canvas" start="20221130165500 +0000" stop="20221130165800 +0000" catchup-id="9049DD1C05727D2604CBDE92639A53BA"><title>Boerke</title><date></date><icon src="https://images.nlziet.nl/metadataimportimages/source/9F910A80BCD9F9AA1DD347E6A06059F6DCF809A48E1513E960DD4B8AFAFDBB36.jpg"></icon><desc>Het gaat bergaf voor Boerke.</desc><category></category></programme><programme channel="canvas" start="20221130165800 +0000" stop="20221130170000 +0000" catchup-id="1B8EBA2DA7136DD01E5AE5D331046E49"><title>Boerke</title><date></date><icon src="https://images.nlziet.nl/metadataimportimages/source/9F910A80BCD9F9AA1DD347E6A06059F6DCF809A48E1513E960DD4B8AFAFDBB36.jpg"></icon><desc>Boulevard of Broken Dreams.</desc><category></category></programme><programme channel="canvas" start="20221130170000 +0000" stop="20221130173000 +0000" catchup-id="EA163E0DF4796243204C158101D70100"><title>The chronicles of Mourne</title><date></date><icon src="https://images.nlziet.nl/metadataimportimages/source/2D92ED15A97340C50FFF6E3CEB9175422BA585DED24C45692099F1F66DF5DA6A.jpg"></icon><desc>Het is herfst. Na een druk zomerseizoen bereiden de bewoners van de Mournes, zowel mensen als dieren, zich voor op de winter. Het is dan wel nat en er staat ook veel wind, toch is er veel natuurpracht te zien.</desc><category></category></programme><programme channel="canvas" start="20221130173000 +0000" stop="20221130182000 +0000" catchup-id="E9A75B2B304114B9362C324BA7194EDB"><title>Eden: untamed planet</title><date></date><icon src="https://images.nlziet.nl/metadataimportimages/source/E52FC3D3BE56C0574DB4B5284D24944F8335443E1CC82FBD89598F66AE64A71C.jpg"></icon><desc>In het zuidoosten van Alaska ligt een door ijs omgeven tuin van Eden. Dit gebied lijkt wel het rijkste gematigde regenwoud ter wereld.</desc><category></category></programme><programme channel="canvas" start="20221130182000 +0000" stop="20221130184000 +0000" catchup-id="29F2D0922907191BAA75065F124CDC7E"><title>Schitt's Creek</title><date></date><icon src="https://images.nlziet.nl/metadataimportimages/source/175122A93BAA2E92AF3A2E695178E0144056FB684109F39B29165AF768B9D062.jpg"></icon><desc>David is op zoek naar een trouwlocatie. Johnny en Moira houden een romantische picknick bij de kreek.</desc><category></category></programme><programme channel="canvas" start="20221130184000 +0000" stop="20221130190000 +0000" catchup-id="E851F6C28A07BB4D51799CFB77FE98F8"><title>De Toots Sessies</title><date></date><icon src="https://images.nlziet.nl/metadataimportimages/source/7B33687FDC6D1A6F42D32D204172F32109CF9BEA2D6D5C0C970420E4C859C075.jpg"></icon><desc>K.ZIA werd geboren in Brussel, groeide op in Parijs en New York en woont momenteel in Berlijn. K.ZIA deed backing vocals voor haar moeder (Zap Mama) en reisde ook de wereld rond met haar vader, die circusartiest is. Ondertussen heeft K.ZIA haar eigen muzikale pad gevonden. Al haar culturele en muzikale invloeden zijn te horen op haar debuutalbum 'Genesis'.</desc><category></category></programme><programme channel="canvas" start="20221130190000 +0000" stop="20221130193500 +0000" catchup-id="8C22ACF3656A1D7BAB562BBDB60C2B62"><title>Terzake</title><date></date><icon src="https://images.nlziet.nl/metadataimportimages/source/A709D5E708DB5AB825891F53C09F3BA8D0C5688DCCB4684C94BE514C17B0C23D.jpg"></icon><desc>Achtergrond en duiding bij het nieuws van de dag.</desc><category></category></programme><programme channel="canvas" start="20221130193500 +0000" stop="20221130202000 +0000" catchup-id="84FA19FABE48C09FA6FCE39C69DFB781"><title>De afspraak</title><date></date><icon src="https://images.nlziet.nl/metadataimportimages/source/66CB3BE3AE8476CB2C12E1D1D25B799BDC5EBAB9EEED5DBA7401DA9018DF9D93.jpg"></icon><desc>Dagelijks duidingsprogramma met studiogasten.</desc><category></category></programme><programme channel="canvas" start="20221130202000 +0000" stop="20221130211000 +0000" catchup-id="3D49E23C82DDACCC3118FD7E00AD4A22"><title>Strafrechters</title><date></date><icon src="https://images.nlziet.nl/metadataimportimages/source/0172B46FAA7A971DAA7E226D9389C5C8F11B0D4F34369140130DD606378CEE2C.jpg"></icon><desc>De rechters getuigen over wat ze meemaken tijdens processen. Oog in oog staan met de beklaagde: wat doet dat met hen? Welke markante procesmomenten staan in hun geheugen gegrift? Hoe gaan de rechters tactisch om met advocaten, slachtoffers en publiek? Wanneer is het lastig om het vonnis voor te lezen?</desc><category></category></programme><programme channel="canvas" start="20221130211000 +0000" stop="20221130214000 +0000" catchup-id="829C71FDAEE8A6ABC1927EE793A6C6D3"><title>In de gloria</title><date></date><icon src="https://images.nlziet.nl/metadataimportimages/source/A45901241EE5847C677951A5481DA530BF79E98EC639F2BC9DA309B8063FA59A.jpg"></icon><desc>Spraakmakend reportagemagazine waarin vooral aandacht wordt besteed aan het leven van de doorsnee-Vlaming. De verhalen zijn even indringend als fictief.</desc><category></category></programme><programme channel="canvas" start="20221130214000 +0000" stop="20221130215500 +0000" catchup-id="E161E56B4B3B2650F1958861067A8DC9"><title>Winteruur</title><date></date><icon src="https://images.nlziet.nl/metadataimportimages/source/864EED837E5EF38B7726F4C6F0EBA677F0E6FF6876C7FF78262549030ED99F38.jpg"></icon><desc>Wim Helsen nodigt interessante gasten uit voor een gesprek over hun favoriete tekst.</desc><category></category></programme><programme channel="canvas" start="20221130215500 +0000" stop="20221130231500 +0000" catchup-id="D2B12E08D67CD2286D46BF027CBE950A"><title>Dragon Women</title><date></date><icon src="https://images.nlziet.nl/metadataimportimages/source/5A24F638E7A05AEEAA5C5ADE5648BD9BA623A1C18426E8CDD659F663A8DC0298.jpg"></icon><desc>Vrouwen in de financiële sector vormen nog steeds een kleine minderheid, vooral in de hogere machtssferen. Deze documentaire, opgenomen in Londen, Parijs, Frankfurt en Hongkong, is een reeks intieme portretten van verschillende senior vrouwen in de financiële sector. Gefilmd op het werk, thuis en in hun vrije tijd, vertellen ze ons wat hen succesvol heeft gemaakt in de sector en delen ze met ons de technieken die ze hebben moeten toepassen om te overleven in een van de meest concurrerende sectoren ter wereld.</desc><category></category></programme>