<programme channel="npopolitiek" start="20221118230000 +0000" stop="20221119010000 +0000" catchup-id="77EEE2A0A975D6781F0AA1FA37879024"><title>Haagse politiek</title><date></date><icon src="https://images.nlziet.nl/metadataimportimages/source/B77CE303A5AE64DFB2F619127F49E842199EE6253EF6A782B2586A2CBACB1A9F.jpg"></icon><desc></desc><category></category></programme><programme channel="npopolitiek" start="20221119010000 +0000" stop="20221119030000 +0000" catchup-id="D8D06A576726F0B4D8FD3156E755ADF8"><title>Haagse politiek</title><date></date><icon src="https://images.nlziet.nl/metadataimportimages/source/B77CE303A5AE64DFB2F619127F49E842199EE6253EF6A782B2586A2CBACB1A9F.jpg"></icon><desc></desc><category></category></programme><programme channel="npopolitiek" start="20221119030000 +0000" stop="20221119050000 +0000" catchup-id="709E7D800F36EC89F15217DFE5499783"><title>Haagse politiek</title><date></date><icon src="https://images.nlziet.nl/metadataimportimages/source/B77CE303A5AE64DFB2F619127F49E842199EE6253EF6A782B2586A2CBACB1A9F.jpg"></icon><desc></desc><category></category></programme><programme channel="npopolitiek" start="20221119050000 +0000" stop="20221119070000 +0000" catchup-id="CF5AA8DD96E8552B46B7B570B64F51F5"><title>Haagse politiek</title><date></date><icon src="https://images.nlziet.nl/metadataimportimages/source/B77CE303A5AE64DFB2F619127F49E842199EE6253EF6A782B2586A2CBACB1A9F.jpg"></icon><desc></desc><category></category></programme><programme channel="npopolitiek" start="20221119070000 +0000" stop="20221119090000 +0000" catchup-id="1784EAE2292D0B8680E29C0AFB86A4BC"><title>Haagse politiek</title><date></date><icon src="https://images.nlziet.nl/metadataimportimages/source/B77CE303A5AE64DFB2F619127F49E842199EE6253EF6A782B2586A2CBACB1A9F.jpg"></icon><desc></desc><category></category></programme><programme channel="npopolitiek" start="20221119090000 +0000" stop="20221119110000 +0000" catchup-id="439251BC117C03957EB528A6BBCDFE9A"><title>Haagse politiek</title><date></date><icon src="https://images.nlziet.nl/metadataimportimages/source/B77CE303A5AE64DFB2F619127F49E842199EE6253EF6A782B2586A2CBACB1A9F.jpg"></icon><desc></desc><category></category></programme><programme channel="npopolitiek" start="20221119110000 +0000" stop="20221119130000 +0000" catchup-id="CF00F380AF3F3A900C7E5A83F46261E5"><title>Haagse politiek</title><date></date><icon src="https://images.nlziet.nl/metadataimportimages/source/B77CE303A5AE64DFB2F619127F49E842199EE6253EF6A782B2586A2CBACB1A9F.jpg"></icon><desc></desc><category></category></programme><programme channel="npopolitiek" start="20221119130000 +0000" stop="20221119150000 +0000" catchup-id="6100397DFD4B46000FFC47FE9EA1607A"><title>Haagse politiek</title><date></date><icon src="https://images.nlziet.nl/metadataimportimages/source/B77CE303A5AE64DFB2F619127F49E842199EE6253EF6A782B2586A2CBACB1A9F.jpg"></icon><desc></desc><category></category></programme><programme channel="npopolitiek" start="20221119150000 +0000" stop="20221119170000 +0000" catchup-id="520DF839ECA975E04F8DD1BF9865C69C"><title>Haagse politiek</title><date></date><icon src="https://images.nlziet.nl/metadataimportimages/source/B77CE303A5AE64DFB2F619127F49E842199EE6253EF6A782B2586A2CBACB1A9F.jpg"></icon><desc></desc><category></category></programme><programme channel="npopolitiek" start="20221119170000 +0000" stop="20221119180000 +0000" catchup-id="6CD3ECB52FC68A211EB09A4C07254136"><title>Haagse politiek</title><date></date><icon src="https://images.nlziet.nl/metadataimportimages/source/B77CE303A5AE64DFB2F619127F49E842199EE6253EF6A782B2586A2CBACB1A9F.jpg"></icon><desc></desc><category></category></programme><programme channel="npopolitiek" start="20221119180000 +0000" stop="20221119190000 +0000" catchup-id="3E000CB9618F6B80F7ABE416F431124B"><title>Haagse politiek</title><date></date><icon src="https://images.nlziet.nl/metadataimportimages/source/B77CE303A5AE64DFB2F619127F49E842199EE6253EF6A782B2586A2CBACB1A9F.jpg"></icon><desc></desc><category></category></programme><programme channel="npopolitiek" start="20221119190000 +0000" stop="20221119210000 +0000" catchup-id="617035B68AAE7FA3146BEA978757149D"><title>Haagse politiek</title><date></date><icon src="https://images.nlziet.nl/metadataimportimages/source/B77CE303A5AE64DFB2F619127F49E842199EE6253EF6A782B2586A2CBACB1A9F.jpg"></icon><desc></desc><category></category></programme><programme channel="npopolitiek" start="20221119210000 +0000" stop="20221119230000 +0000" catchup-id="0FCBBB2D12E183C01B5CEBF7612EF5BC"><title>Haagse politiek</title><date></date><icon src="https://images.nlziet.nl/metadataimportimages/source/B77CE303A5AE64DFB2F619127F49E842199EE6253EF6A782B2586A2CBACB1A9F.jpg"></icon><desc></desc><category></category></programme><programme channel="npopolitiek" start="20221119230000 +0000" stop="20221120010000 +0000" catchup-id="90C10D8B7723D48C669BE4A05B3C0467"><title>Haagse politiek</title><date></date><icon src="https://images.nlziet.nl/metadataimportimages/source/B77CE303A5AE64DFB2F619127F49E842199EE6253EF6A782B2586A2CBACB1A9F.jpg"></icon><desc></desc><category></category></programme><programme channel="npopolitiek" start="20221120010000 +0000" stop="20221120030000 +0000" catchup-id="E7F372222C2E535ABC01913CDE808466"><title>Haagse politiek</title><date></date><icon src="https://images.nlziet.nl/metadataimportimages/source/B77CE303A5AE64DFB2F619127F49E842199EE6253EF6A782B2586A2CBACB1A9F.jpg"></icon><desc></desc><category></category></programme><programme channel="npopolitiek" start="20221120030000 +0000" stop="20221120050000 +0000" catchup-id="D17B563A722D88EBEB4C8FE86D1E788B"><title>Haagse politiek</title><date></date><icon src="https://images.nlziet.nl/metadataimportimages/source/B77CE303A5AE64DFB2F619127F49E842199EE6253EF6A782B2586A2CBACB1A9F.jpg"></icon><desc></desc><category></category></programme><programme channel="npopolitiek" start="20221120050000 +0000" stop="20221120070000 +0000" catchup-id="30683428F840153F6DF950E14DEAACB1"><title>Haagse politiek</title><date></date><icon src="https://images.nlziet.nl/metadataimportimages/source/B77CE303A5AE64DFB2F619127F49E842199EE6253EF6A782B2586A2CBACB1A9F.jpg"></icon><desc></desc><category></category></programme><programme channel="npopolitiek" start="20221120070000 +0000" stop="20221120090000 +0000" catchup-id="E9A4FA63C65141DCEEC96047E7C57B83"><title>Haagse politiek</title><date></date><icon src="https://images.nlziet.nl/metadataimportimages/source/B77CE303A5AE64DFB2F619127F49E842199EE6253EF6A782B2586A2CBACB1A9F.jpg"></icon><desc></desc><category></category></programme><programme channel="npopolitiek" start="20221120090000 +0000" stop="20221120110000 +0000" catchup-id="AA9C39998EDC29C42BEAB906F8EE687B"><title>Haagse politiek</title><date></date><icon src="https://images.nlziet.nl/metadataimportimages/source/B77CE303A5AE64DFB2F619127F49E842199EE6253EF6A782B2586A2CBACB1A9F.jpg"></icon><desc></desc><category></category></programme><programme channel="npopolitiek" start="20221120110000 +0000" stop="20221120130000 +0000" catchup-id="AAF6C9410799A7906C9995C933EF86CA"><title>Haagse politiek</title><date></date><icon src="https://images.nlziet.nl/metadataimportimages/source/B77CE303A5AE64DFB2F619127F49E842199EE6253EF6A782B2586A2CBACB1A9F.jpg"></icon><desc></desc><category></category></programme><programme channel="npopolitiek" start="20221120130000 +0000" stop="20221120150000 +0000" catchup-id="73F86236B58BA8A94BE9E94371251E64"><title>Haagse politiek</title><date></date><icon src="https://images.nlziet.nl/metadataimportimages/source/B77CE303A5AE64DFB2F619127F49E842199EE6253EF6A782B2586A2CBACB1A9F.jpg"></icon><desc></desc><category></category></programme><programme channel="npopolitiek" start="20221120150000 +0000" stop="20221120170000 +0000" catchup-id="1099B2CA1B1D148EDD15F6137A3104C2"><title>Haagse politiek</title><date></date><icon src="https://images.nlziet.nl/metadataimportimages/source/B77CE303A5AE64DFB2F619127F49E842199EE6253EF6A782B2586A2CBACB1A9F.jpg"></icon><desc></desc><category></category></programme><programme channel="npopolitiek" start="20221120170000 +0000" stop="20221120180000 +0000" catchup-id="09103327CA59DE6E480D6551042C8BD6"><title>Haagse politiek</title><date></date><icon src="https://images.nlziet.nl/metadataimportimages/source/B77CE303A5AE64DFB2F619127F49E842199EE6253EF6A782B2586A2CBACB1A9F.jpg"></icon><desc></desc><category></category></programme><programme channel="npopolitiek" start="20221120180000 +0000" stop="20221120190000 +0000" catchup-id="9DE3F3CC44EF0F9ABA27B0BDCBD5BF63"><title>Haagse politiek</title><date></date><icon src="https://images.nlziet.nl/metadataimportimages/source/B77CE303A5AE64DFB2F619127F49E842199EE6253EF6A782B2586A2CBACB1A9F.jpg"></icon><desc></desc><category></category></programme><programme channel="npopolitiek" start="20221120190000 +0000" stop="20221120210000 +0000" catchup-id="434AE590B9AEE47EB8F96601786D702F"><title>Haagse politiek</title><date></date><icon src="https://images.nlziet.nl/metadataimportimages/source/B77CE303A5AE64DFB2F619127F49E842199EE6253EF6A782B2586A2CBACB1A9F.jpg"></icon><desc></desc><category></category></programme><programme channel="npopolitiek" start="20221120210000 +0000" stop="20221120230000 +0000" catchup-id="4855378017129077604FEC64A0C597A6"><title>Haagse politiek</title><date></date><icon src="https://images.nlziet.nl/metadataimportimages/source/B77CE303A5AE64DFB2F619127F49E842199EE6253EF6A782B2586A2CBACB1A9F.jpg"></icon><desc></desc><category></category></programme><programme channel="npopolitiek" start="20221120230000 +0000" stop="20221121010000 +0000" catchup-id="759319B8C8AEFFA0470F57008AF9D486"><title>Haagse politiek</title><date></date><icon src="https://images.nlziet.nl/metadataimportimages/source/B77CE303A5AE64DFB2F619127F49E842199EE6253EF6A782B2586A2CBACB1A9F.jpg"></icon><desc></desc><category></category></programme><programme channel="npopolitiek" start="20221121010000 +0000" stop="20221121030000 +0000" catchup-id="404F6198229F6016BB222BD066C1960C"><title>Haagse politiek</title><date></date><icon src="https://images.nlziet.nl/metadataimportimages/source/B77CE303A5AE64DFB2F619127F49E842199EE6253EF6A782B2586A2CBACB1A9F.jpg"></icon><desc></desc><category></category></programme><programme channel="npopolitiek" start="20221121030000 +0000" stop="20221121050000 +0000" catchup-id="79BEC68B51EBF11C2E0356BE812B355C"><title>Haagse politiek</title><date></date><icon src="https://images.nlziet.nl/metadataimportimages/source/B77CE303A5AE64DFB2F619127F49E842199EE6253EF6A782B2586A2CBACB1A9F.jpg"></icon><desc></desc><category></category></programme><programme channel="npopolitiek" start="20221121050000 +0000" stop="20221121070000 +0000" catchup-id="59C4462B284666003164696CD57B24F4"><title>Haagse politiek</title><date></date><icon src="https://images.nlziet.nl/metadataimportimages/source/B77CE303A5AE64DFB2F619127F49E842199EE6253EF6A782B2586A2CBACB1A9F.jpg"></icon><desc></desc><category></category></programme><programme channel="npopolitiek" start="20221121070000 +0000" stop="20221121090000 +0000" catchup-id="A5DD3138F40D976E85B6AA2B61A5693D"><title>Haagse politiek</title><date></date><icon src="https://images.nlziet.nl/metadataimportimages/source/B77CE303A5AE64DFB2F619127F49E842199EE6253EF6A782B2586A2CBACB1A9F.jpg"></icon><desc></desc><category></category></programme><programme channel="npopolitiek" start="20221121090000 +0000" stop="20221121110000 +0000" catchup-id="5E22D1BE1829CE08D6A5DF593DF0A26A"><title>Haagse politiek</title><date></date><icon src="https://images.nlziet.nl/metadataimportimages/source/B77CE303A5AE64DFB2F619127F49E842199EE6253EF6A782B2586A2CBACB1A9F.jpg"></icon><desc></desc><category></category></programme><programme channel="npopolitiek" start="20221121110000 +0000" stop="20221121130000 +0000" catchup-id="3E739F1C2E56024728DE2F3D1A99364D"><title>Haagse politiek</title><date></date><icon src="https://images.nlziet.nl/metadataimportimages/source/B77CE303A5AE64DFB2F619127F49E842199EE6253EF6A782B2586A2CBACB1A9F.jpg"></icon><desc></desc><category></category></programme><programme channel="npopolitiek" start="20221121130000 +0000" stop="20221121150000 +0000" catchup-id="08C6F13368D35D314584E3AD45348C7A"><title>Haagse politiek</title><date></date><icon src="https://images.nlziet.nl/metadataimportimages/source/B77CE303A5AE64DFB2F619127F49E842199EE6253EF6A782B2586A2CBACB1A9F.jpg"></icon><desc></desc><category></category></programme><programme channel="npopolitiek" start="20221121150000 +0000" stop="20221121170000 +0000" catchup-id="341DEEBCED4A6F106F4A4AB16B510F8E"><title>Haagse politiek</title><date></date><icon src="https://images.nlziet.nl/metadataimportimages/source/B77CE303A5AE64DFB2F619127F49E842199EE6253EF6A782B2586A2CBACB1A9F.jpg"></icon><desc></desc><category></category></programme><programme channel="npopolitiek" start="20221121170000 +0000" stop="20221121180000 +0000" catchup-id="597F84169F5F4F1F0C88948AF083036B"><title>Haagse politiek</title><date></date><icon src="https://images.nlziet.nl/metadataimportimages/source/B77CE303A5AE64DFB2F619127F49E842199EE6253EF6A782B2586A2CBACB1A9F.jpg"></icon><desc></desc><category></category></programme><programme channel="npopolitiek" start="20221121180000 +0000" stop="20221121190000 +0000" catchup-id="DFF7A65F87A37120AF70792421C3F7DF"><title>Haagse politiek</title><date></date><icon src="https://images.nlziet.nl/metadataimportimages/source/B77CE303A5AE64DFB2F619127F49E842199EE6253EF6A782B2586A2CBACB1A9F.jpg"></icon><desc></desc><category></category></programme><programme channel="npopolitiek" start="20221121190000 +0000" stop="20221121210000 +0000" catchup-id="413110B02F7141C3B4E623DA00C2F431"><title>Haagse politiek</title><date></date><icon src="https://images.nlziet.nl/metadataimportimages/source/B77CE303A5AE64DFB2F619127F49E842199EE6253EF6A782B2586A2CBACB1A9F.jpg"></icon><desc></desc><category></category></programme><programme channel="npopolitiek" start="20221121210000 +0000" stop="20221121230000 +0000" catchup-id="4B4C636A119870ACC4EB9E697C39B309"><title>Haagse politiek</title><date></date><icon src="https://images.nlziet.nl/metadataimportimages/source/B77CE303A5AE64DFB2F619127F49E842199EE6253EF6A782B2586A2CBACB1A9F.jpg"></icon><desc></desc><category></category></programme><programme channel="npopolitiek" start="20221121230000 +0000" stop="20221122010000 +0000" catchup-id="9C8074D8B1A2978DF442C09DE21C9989"><title>Haagse politiek</title><date></date><icon src="https://images.nlziet.nl/metadataimportimages/source/B77CE303A5AE64DFB2F619127F49E842199EE6253EF6A782B2586A2CBACB1A9F.jpg"></icon><desc></desc><category></category></programme><programme channel="npopolitiek" start="20221122010000 +0000" stop="20221122030000 +0000" catchup-id="9673A55549404FDE5B1E39B696A418F8"><title>Haagse politiek</title><date></date><icon src="https://images.nlziet.nl/metadataimportimages/source/B77CE303A5AE64DFB2F619127F49E842199EE6253EF6A782B2586A2CBACB1A9F.jpg"></icon><desc></desc><category></category></programme><programme channel="npopolitiek" start="20221122030000 +0000" stop="20221122050000 +0000" catchup-id="57D263395F934EF64A9F51E670D79CED"><title>Haagse politiek</title><date></date><icon src="https://images.nlziet.nl/metadataimportimages/source/B77CE303A5AE64DFB2F619127F49E842199EE6253EF6A782B2586A2CBACB1A9F.jpg"></icon><desc></desc><category></category></programme><programme channel="npopolitiek" start="20221122050000 +0000" stop="20221122070000 +0000" catchup-id="32A2A045B4BB249639A2856CCF37F5E0"><title>Haagse politiek</title><date></date><icon src="https://images.nlziet.nl/metadataimportimages/source/B77CE303A5AE64DFB2F619127F49E842199EE6253EF6A782B2586A2CBACB1A9F.jpg"></icon><desc></desc><category></category></programme><programme channel="npopolitiek" start="20221122070000 +0000" stop="20221122090000 +0000" catchup-id="3E4EE352F6394FC823C956D69BA8CC73"><title>Haagse politiek</title><date></date><icon src="https://images.nlziet.nl/metadataimportimages/source/B77CE303A5AE64DFB2F619127F49E842199EE6253EF6A782B2586A2CBACB1A9F.jpg"></icon><desc></desc><category></category></programme><programme channel="npopolitiek" start="20221122090000 +0000" stop="20221122110000 +0000" catchup-id="AE463FC3234C4B2EE3E5E7865DFB6A92"><title>Haagse politiek</title><date></date><icon src="https://images.nlziet.nl/metadataimportimages/source/B77CE303A5AE64DFB2F619127F49E842199EE6253EF6A782B2586A2CBACB1A9F.jpg"></icon><desc></desc><category></category></programme><programme channel="npopolitiek" start="20221122110000 +0000" stop="20221122130000 +0000" catchup-id="AE8BFC8840B167B7208AF4F54F3D2364"><title>Haagse politiek</title><date></date><icon src="https://images.nlziet.nl/metadataimportimages/source/B77CE303A5AE64DFB2F619127F49E842199EE6253EF6A782B2586A2CBACB1A9F.jpg"></icon><desc></desc><category></category></programme><programme channel="npopolitiek" start="20221122130000 +0000" stop="20221122150000 +0000" catchup-id="F2552B2F7C3F04FC14EC5C3663B4E260"><title>Haagse politiek</title><date></date><icon src="https://images.nlziet.nl/metadataimportimages/source/B77CE303A5AE64DFB2F619127F49E842199EE6253EF6A782B2586A2CBACB1A9F.jpg"></icon><desc></desc><category></category></programme><programme channel="npopolitiek" start="20221122150000 +0000" stop="20221122170000 +0000" catchup-id="ABC0F14102E3C2C1DD4D25F82ED707E8"><title>Haagse politiek</title><date></date><icon src="https://images.nlziet.nl/metadataimportimages/source/B77CE303A5AE64DFB2F619127F49E842199EE6253EF6A782B2586A2CBACB1A9F.jpg"></icon><desc></desc><category></category></programme><programme channel="npopolitiek" start="20221122170000 +0000" stop="20221122180000 +0000" catchup-id="6C0685934623B12E7AC5FDB02D678BE3"><title>Haagse politiek</title><date></date><icon src="https://images.nlziet.nl/metadataimportimages/source/B77CE303A5AE64DFB2F619127F49E842199EE6253EF6A782B2586A2CBACB1A9F.jpg"></icon><desc></desc><category></category></programme><programme channel="npopolitiek" start="20221122180000 +0000" stop="20221122190000 +0000" catchup-id="58C1B3A003F41118E0E26429B7B7A8BC"><title>Haagse politiek</title><date></date><icon src="https://images.nlziet.nl/metadataimportimages/source/B77CE303A5AE64DFB2F619127F49E842199EE6253EF6A782B2586A2CBACB1A9F.jpg"></icon><desc></desc><category></category></programme><programme channel="npopolitiek" start="20221122190000 +0000" stop="20221122210000 +0000" catchup-id="BA9C03602263A20ADCE9A3C24AB56F0D"><title>Haagse politiek</title><date></date><icon src="https://images.nlziet.nl/metadataimportimages/source/B77CE303A5AE64DFB2F619127F49E842199EE6253EF6A782B2586A2CBACB1A9F.jpg"></icon><desc></desc><category></category></programme><programme channel="npopolitiek" start="20221122210000 +0000" stop="20221122230000 +0000" catchup-id="AB5263DE09777E61D72608EA05D636E8"><title>Haagse politiek</title><date></date><icon src="https://images.nlziet.nl/metadataimportimages/source/B77CE303A5AE64DFB2F619127F49E842199EE6253EF6A782B2586A2CBACB1A9F.jpg"></icon><desc></desc><category></category></programme><programme channel="npopolitiek" start="20221122230000 +0000" stop="20221123010000 +0000" catchup-id="933D46AA3852AC1BB8FAD5BE9787C34F"><title>Haagse politiek</title><date></date><icon src="https://images.nlziet.nl/metadataimportimages/source/B77CE303A5AE64DFB2F619127F49E842199EE6253EF6A782B2586A2CBACB1A9F.jpg"></icon><desc></desc><category></category></programme><programme channel="npopolitiek" start="20221123010000 +0000" stop="20221123030000 +0000" catchup-id="DADD5B3659E66E0A00816E43FA5B85DB"><title>Haagse politiek</title><date></date><icon src="https://images.nlziet.nl/metadataimportimages/source/B77CE303A5AE64DFB2F619127F49E842199EE6253EF6A782B2586A2CBACB1A9F.jpg"></icon><desc></desc><category></category></programme><programme channel="npopolitiek" start="20221123030000 +0000" stop="20221123050000 +0000" catchup-id="67B436CC35403F185B7ECDDAEE3949E1"><title>Haagse politiek</title><date></date><icon src="https://images.nlziet.nl/metadataimportimages/source/B77CE303A5AE64DFB2F619127F49E842199EE6253EF6A782B2586A2CBACB1A9F.jpg"></icon><desc></desc><category></category></programme><programme channel="npopolitiek" start="20221123050000 +0000" stop="20221123070000 +0000" catchup-id="88633800EE5354DEDF6CBBD0AE2DB33C"><title>Haagse politiek</title><date></date><icon src="https://images.nlziet.nl/metadataimportimages/source/B77CE303A5AE64DFB2F619127F49E842199EE6253EF6A782B2586A2CBACB1A9F.jpg"></icon><desc></desc><category></category></programme><programme channel="npopolitiek" start="20221123070000 +0000" stop="20221123090000 +0000" catchup-id="275E55A8BCE21D4097F161936ED0E9DE"><title>Haagse politiek</title><date></date><icon src="https://images.nlziet.nl/metadataimportimages/source/B77CE303A5AE64DFB2F619127F49E842199EE6253EF6A782B2586A2CBACB1A9F.jpg"></icon><desc></desc><category></category></programme><programme channel="npopolitiek" start="20221123090000 +0000" stop="20221123110000 +0000" catchup-id="C6DDC80210E0A687EDF4F3DDB626BC38"><title>Haagse politiek</title><date></date><icon src="https://images.nlziet.nl/metadataimportimages/source/B77CE303A5AE64DFB2F619127F49E842199EE6253EF6A782B2586A2CBACB1A9F.jpg"></icon><desc></desc><category></category></programme><programme channel="npopolitiek" start="20221123110000 +0000" stop="20221123130000 +0000" catchup-id="734073949139902A3FC80B84B399CFA0"><title>Haagse politiek</title><date></date><icon src="https://images.nlziet.nl/metadataimportimages/source/B77CE303A5AE64DFB2F619127F49E842199EE6253EF6A782B2586A2CBACB1A9F.jpg"></icon><desc></desc><category></category></programme><programme channel="npopolitiek" start="20221123130000 +0000" stop="20221123150000 +0000" catchup-id="BD2016DB33553A5A2EAE6DF9702DD781"><title>Haagse politiek</title><date></date><icon src="https://images.nlziet.nl/metadataimportimages/source/B77CE303A5AE64DFB2F619127F49E842199EE6253EF6A782B2586A2CBACB1A9F.jpg"></icon><desc></desc><category></category></programme><programme channel="npopolitiek" start="20221123150000 +0000" stop="20221123170000 +0000" catchup-id="614599D43BD23D5B15F12FBFDBC5FC9B"><title>Haagse politiek</title><date></date><icon src="https://images.nlziet.nl/metadataimportimages/source/B77CE303A5AE64DFB2F619127F49E842199EE6253EF6A782B2586A2CBACB1A9F.jpg"></icon><desc></desc><category></category></programme><programme channel="npopolitiek" start="20221123170000 +0000" stop="20221123180000 +0000" catchup-id="2D700A99BA8D899D5DBA84FA2FFC6BA9"><title>Haagse politiek</title><date></date><icon src="https://images.nlziet.nl/metadataimportimages/source/B77CE303A5AE64DFB2F619127F49E842199EE6253EF6A782B2586A2CBACB1A9F.jpg"></icon><desc></desc><category></category></programme><programme channel="npopolitiek" start="20221123180000 +0000" stop="20221123190000 +0000" catchup-id="D5B2BFB09AF679CA2F9DC5251868EA32"><title>Haagse politiek</title><date></date><icon src="https://images.nlziet.nl/metadataimportimages/source/B77CE303A5AE64DFB2F619127F49E842199EE6253EF6A782B2586A2CBACB1A9F.jpg"></icon><desc></desc><category></category></programme><programme channel="npopolitiek" start="20221123190000 +0000" stop="20221123210000 +0000" catchup-id="C7D7DB66A089AA5DFD9F58D630F222D4"><title>Haagse politiek</title><date></date><icon src="https://images.nlziet.nl/metadataimportimages/source/B77CE303A5AE64DFB2F619127F49E842199EE6253EF6A782B2586A2CBACB1A9F.jpg"></icon><desc></desc><category></category></programme><programme channel="npopolitiek" start="20221123210000 +0000" stop="20221123230000 +0000" catchup-id="A3DA09ECCBDD6AEA19E587A59898E984"><title>Haagse politiek</title><date></date><icon src="https://images.nlziet.nl/metadataimportimages/source/B77CE303A5AE64DFB2F619127F49E842199EE6253EF6A782B2586A2CBACB1A9F.jpg"></icon><desc></desc><category></category></programme><programme channel="npopolitiek" start="20221123230000 +0000" stop="20221124010000 +0000" catchup-id="1E74483801809E0535997746B39EB00C"><title>Haagse politiek</title><date></date><icon src="https://images.nlziet.nl/metadataimportimages/source/B77CE303A5AE64DFB2F619127F49E842199EE6253EF6A782B2586A2CBACB1A9F.jpg"></icon><desc></desc><category></category></programme><programme channel="npopolitiek" start="20221124010000 +0000" stop="20221124030000 +0000" catchup-id="51B372FA480F3372E49B8B9FE0A0CD51"><title>Haagse politiek</title><date></date><icon src="https://images.nlziet.nl/metadataimportimages/source/B77CE303A5AE64DFB2F619127F49E842199EE6253EF6A782B2586A2CBACB1A9F.jpg"></icon><desc></desc><category></category></programme><programme channel="npopolitiek" start="20221124030000 +0000" stop="20221124050000 +0000" catchup-id="F18B0246AFA6992BAD16D61E18C5E6C1"><title>Haagse politiek</title><date></date><icon src="https://images.nlziet.nl/metadataimportimages/source/B77CE303A5AE64DFB2F619127F49E842199EE6253EF6A782B2586A2CBACB1A9F.jpg"></icon><desc></desc><category></category></programme><programme channel="npopolitiek" start="20221124050000 +0000" stop="20221124070000 +0000" catchup-id="2B755067216FC28C7A1423744F6380DD"><title>Haagse politiek</title><date></date><icon src="https://images.nlziet.nl/metadataimportimages/source/B77CE303A5AE64DFB2F619127F49E842199EE6253EF6A782B2586A2CBACB1A9F.jpg"></icon><desc></desc><category></category></programme><programme channel="npopolitiek" start="20221124070000 +0000" stop="20221124090000 +0000" catchup-id="DD111CA41FF85DBE24F5DF36F4900AD7"><title>Haagse politiek</title><date></date><icon src="https://images.nlziet.nl/metadataimportimages/source/B77CE303A5AE64DFB2F619127F49E842199EE6253EF6A782B2586A2CBACB1A9F.jpg"></icon><desc></desc><category></category></programme><programme channel="npopolitiek" start="20221124090000 +0000" stop="20221124110000 +0000" catchup-id="A0B0AD6F81CF069FDA8A1E57712FF104"><title>Haagse politiek</title><date></date><icon src="https://images.nlziet.nl/metadataimportimages/source/B77CE303A5AE64DFB2F619127F49E842199EE6253EF6A782B2586A2CBACB1A9F.jpg"></icon><desc></desc><category></category></programme><programme channel="npopolitiek" start="20221124110000 +0000" stop="20221124130000 +0000" catchup-id="D15851E44375635EA8222F285CBAC952"><title>Haagse politiek</title><date></date><icon src="https://images.nlziet.nl/metadataimportimages/source/B77CE303A5AE64DFB2F619127F49E842199EE6253EF6A782B2586A2CBACB1A9F.jpg"></icon><desc></desc><category></category></programme><programme channel="npopolitiek" start="20221124130000 +0000" stop="20221124150000 +0000" catchup-id="23A955384E6B4AC80AFC3136CE32350B"><title>Haagse politiek</title><date></date><icon src="https://images.nlziet.nl/metadataimportimages/source/B77CE303A5AE64DFB2F619127F49E842199EE6253EF6A782B2586A2CBACB1A9F.jpg"></icon><desc></desc><category></category></programme><programme channel="npopolitiek" start="20221124150000 +0000" stop="20221124170000 +0000" catchup-id="31B66BDF102BF5C98BFDAC58132A47C4"><title>Haagse politiek</title><date></date><icon src="https://images.nlziet.nl/metadataimportimages/source/B77CE303A5AE64DFB2F619127F49E842199EE6253EF6A782B2586A2CBACB1A9F.jpg"></icon><desc></desc><category></category></programme><programme channel="npopolitiek" start="20221124170000 +0000" stop="20221124180000 +0000" catchup-id="20B50D3CE3CA4A684A404906055EF5D9"><title>Haagse politiek</title><date></date><icon src="https://images.nlziet.nl/metadataimportimages/source/B77CE303A5AE64DFB2F619127F49E842199EE6253EF6A782B2586A2CBACB1A9F.jpg"></icon><desc></desc><category></category></programme><programme channel="npopolitiek" start="20221124180000 +0000" stop="20221124190000 +0000" catchup-id="F1259639D1B9FFF06811B4FD9F50A8A2"><title>Haagse politiek</title><date></date><icon src="https://images.nlziet.nl/metadataimportimages/source/B77CE303A5AE64DFB2F619127F49E842199EE6253EF6A782B2586A2CBACB1A9F.jpg"></icon><desc></desc><category></category></programme><programme channel="npopolitiek" start="20221124190000 +0000" stop="20221124210000 +0000" catchup-id="FC769B64EF19D053A8E905C82A1BF0AA"><title>Haagse politiek</title><date></date><icon src="https://images.nlziet.nl/metadataimportimages/source/B77CE303A5AE64DFB2F619127F49E842199EE6253EF6A782B2586A2CBACB1A9F.jpg"></icon><desc></desc><category></category></programme><programme channel="npopolitiek" start="20221124210000 +0000" stop="20221124230000 +0000" catchup-id="52CE63DC629B2031D2C3712435AF8B01"><title>Haagse politiek</title><date></date><icon src="https://images.nlziet.nl/metadataimportimages/source/B77CE303A5AE64DFB2F619127F49E842199EE6253EF6A782B2586A2CBACB1A9F.jpg"></icon><desc></desc><category></category></programme><programme channel="npopolitiek" start="20221124230000 +0000" stop="20221125010000 +0000" catchup-id="E4D8AD47F8AFD29DAEDA5A395162EABD"><title>Haagse politiek</title><date></date><icon src="https://images.nlziet.nl/metadataimportimages/source/2719B85543B3E2579A89B67F555C9AD1355E30E1C7D7BAFF8D0F50978D0A2195.jpg"></icon><desc></desc><category></category></programme><programme channel="npopolitiek" start="20221125010000 +0000" stop="20221125030000 +0000" catchup-id="7A9E725A686A1231E6DEE4ADF9E7CCB0"><title>Haagse politiek</title><date></date><icon src="https://images.nlziet.nl/metadataimportimages/source/2719B85543B3E2579A89B67F555C9AD1355E30E1C7D7BAFF8D0F50978D0A2195.jpg"></icon><desc></desc><category></category></programme><programme channel="npopolitiek" start="20221125030000 +0000" stop="20221125050000 +0000" catchup-id="2FE1B981862F46A720577FD705C96D23"><title>Haagse politiek</title><date></date><icon src="https://images.nlziet.nl/metadataimportimages/source/2719B85543B3E2579A89B67F555C9AD1355E30E1C7D7BAFF8D0F50978D0A2195.jpg"></icon><desc></desc><category></category></programme><programme channel="npopolitiek" start="20221125050000 +0000" stop="20221125070000 +0000" catchup-id="7B2B2D3920B8FE79ED93049753A9C044"><title>Haagse politiek</title><date></date><icon src="https://images.nlziet.nl/metadataimportimages/source/2719B85543B3E2579A89B67F555C9AD1355E30E1C7D7BAFF8D0F50978D0A2195.jpg"></icon><desc></desc><category></category></programme><programme channel="npopolitiek" start="20221125070000 +0000" stop="20221125090000 +0000" catchup-id="6F6A6EDE37C50B0896886EF9E4E2CDEB"><title>Haagse politiek</title><date></date><icon src="https://images.nlziet.nl/metadataimportimages/source/2719B85543B3E2579A89B67F555C9AD1355E30E1C7D7BAFF8D0F50978D0A2195.jpg"></icon><desc></desc><category></category></programme><programme channel="npopolitiek" start="20221125090000 +0000" stop="20221125110000 +0000" catchup-id="E654FB66F3631222C9ACC62DA72AA09D"><title>Haagse politiek</title><date></date><icon src="https://images.nlziet.nl/metadataimportimages/source/2719B85543B3E2579A89B67F555C9AD1355E30E1C7D7BAFF8D0F50978D0A2195.jpg"></icon><desc></desc><category></category></programme><programme channel="npopolitiek" start="20221125110000 +0000" stop="20221125130000 +0000" catchup-id="03903CC4B2B9467AB623496C0208FD84"><title>Haagse politiek</title><date></date><icon src="https://images.nlziet.nl/metadataimportimages/source/2719B85543B3E2579A89B67F555C9AD1355E30E1C7D7BAFF8D0F50978D0A2195.jpg"></icon><desc></desc><category></category></programme><programme channel="npopolitiek" start="20221125130000 +0000" stop="20221125150000 +0000" catchup-id="D21CE657E6C99CBED63B677E07DB2A25"><title>Haagse politiek</title><date></date><icon src="https://images.nlziet.nl/metadataimportimages/source/2719B85543B3E2579A89B67F555C9AD1355E30E1C7D7BAFF8D0F50978D0A2195.jpg"></icon><desc></desc><category></category></programme><programme channel="npopolitiek" start="20221125150000 +0000" stop="20221125170000 +0000" catchup-id="C1F08898945CA235AB2CD35F74A2D27D"><title>Haagse politiek</title><date></date><icon src="https://images.nlziet.nl/metadataimportimages/source/2719B85543B3E2579A89B67F555C9AD1355E30E1C7D7BAFF8D0F50978D0A2195.jpg"></icon><desc></desc><category></category></programme><programme channel="npopolitiek" start="20221125170000 +0000" stop="20221125180000 +0000" catchup-id="0854C4BBEB51033694B6A7AC80E578AE"><title>Haagse politiek</title><date></date><icon src="https://images.nlziet.nl/metadataimportimages/source/2719B85543B3E2579A89B67F555C9AD1355E30E1C7D7BAFF8D0F50978D0A2195.jpg"></icon><desc></desc><category></category></programme><programme channel="npopolitiek" start="20221125180000 +0000" stop="20221125190000 +0000" catchup-id="12B99EC4061F7AB50B209389D8C634E6"><title>Haagse politiek</title><date></date><icon src="https://images.nlziet.nl/metadataimportimages/source/2719B85543B3E2579A89B67F555C9AD1355E30E1C7D7BAFF8D0F50978D0A2195.jpg"></icon><desc></desc><category></category></programme><programme channel="npopolitiek" start="20221125190000 +0000" stop="20221125210000 +0000" catchup-id="A695248D87299EE07FDB01FF72626EC7"><title>Haagse politiek</title><date></date><icon src="https://images.nlziet.nl/metadataimportimages/source/2719B85543B3E2579A89B67F555C9AD1355E30E1C7D7BAFF8D0F50978D0A2195.jpg"></icon><desc></desc><category></category></programme><programme channel="npopolitiek" start="20221125210000 +0000" stop="20221125230000 +0000" catchup-id="0901ACF5AB6665D1A275F05676BB4B83"><title>Haagse politiek</title><date></date><icon src="https://images.nlziet.nl/metadataimportimages/source/2719B85543B3E2579A89B67F555C9AD1355E30E1C7D7BAFF8D0F50978D0A2195.jpg"></icon><desc></desc><category></category></programme><programme channel="npopolitiek" start="20221125230000 +0000" stop="20221126010000 +0000" catchup-id="0E4F3C1D78BF347AA5801DD535BB14FB"><title>Haagse politiek</title><date></date><icon src="https://images.nlziet.nl/metadataimportimages/source/2719B85543B3E2579A89B67F555C9AD1355E30E1C7D7BAFF8D0F50978D0A2195.jpg"></icon><desc></desc><category></category></programme><programme channel="npopolitiek" start="20221126010000 +0000" stop="20221126030000 +0000" catchup-id="C78C8BACC4C6662847DF932FE0050A96"><title>Haagse politiek</title><date></date><icon src="https://images.nlziet.nl/metadataimportimages/source/2719B85543B3E2579A89B67F555C9AD1355E30E1C7D7BAFF8D0F50978D0A2195.jpg"></icon><desc></desc><category></category></programme><programme channel="npopolitiek" start="20221126030000 +0000" stop="20221126050000 +0000" catchup-id="CE23879EB36484E51CC55A27114E8D9C"><title>Haagse politiek</title><date></date><icon src="https://images.nlziet.nl/metadataimportimages/source/2719B85543B3E2579A89B67F555C9AD1355E30E1C7D7BAFF8D0F50978D0A2195.jpg"></icon><desc></desc><category></category></programme><programme channel="npopolitiek" start="20221126050000 +0000" stop="20221126070000 +0000" catchup-id="255D1636F29511991ED4E9A088170A7D"><title>Haagse politiek</title><date></date><icon src="https://images.nlziet.nl/metadataimportimages/source/2719B85543B3E2579A89B67F555C9AD1355E30E1C7D7BAFF8D0F50978D0A2195.jpg"></icon><desc></desc><category></category></programme><programme channel="npopolitiek" start="20221126070000 +0000" stop="20221126090000 +0000" catchup-id="09776B51D1FAC0F3BCC38705BE0B249C"><title>Haagse politiek</title><date></date><icon src="https://images.nlziet.nl/metadataimportimages/source/2719B85543B3E2579A89B67F555C9AD1355E30E1C7D7BAFF8D0F50978D0A2195.jpg"></icon><desc></desc><category></category></programme><programme channel="npopolitiek" start="20221126090000 +0000" stop="20221126110000 +0000" catchup-id="893E44794097E31DCA1F6121F7056302"><title>Haagse politiek</title><date></date><icon src="https://images.nlziet.nl/metadataimportimages/source/2719B85543B3E2579A89B67F555C9AD1355E30E1C7D7BAFF8D0F50978D0A2195.jpg"></icon><desc></desc><category></category></programme><programme channel="npopolitiek" start="20221126110000 +0000" stop="20221126130000 +0000" catchup-id="072B1FEAB249B4084E12A6994F24D498"><title>Haagse politiek</title><date></date><icon src="https://images.nlziet.nl/metadataimportimages/source/2719B85543B3E2579A89B67F555C9AD1355E30E1C7D7BAFF8D0F50978D0A2195.jpg"></icon><desc></desc><category></category></programme><programme channel="npopolitiek" start="20221126130000 +0000" stop="20221126150000 +0000" catchup-id="4EB94551855EAA104C8BEFE04750360C"><title>Haagse politiek</title><date></date><icon src="https://images.nlziet.nl/metadataimportimages/source/2719B85543B3E2579A89B67F555C9AD1355E30E1C7D7BAFF8D0F50978D0A2195.jpg"></icon><desc></desc><category></category></programme><programme channel="npopolitiek" start="20221126150000 +0000" stop="20221126170000 +0000" catchup-id="8BF46FBF43CA3DDE2657E838B7A77C7B"><title>Haagse politiek</title><date></date><icon src="https://images.nlziet.nl/metadataimportimages/source/2719B85543B3E2579A89B67F555C9AD1355E30E1C7D7BAFF8D0F50978D0A2195.jpg"></icon><desc></desc><category></category></programme><programme channel="npopolitiek" start="20221126170000 +0000" stop="20221126180000 +0000" catchup-id="AE4E9E1568DD393E0E0EC8A9AD1536F4"><title>Haagse politiek</title><date></date><icon src="https://images.nlziet.nl/metadataimportimages/source/2719B85543B3E2579A89B67F555C9AD1355E30E1C7D7BAFF8D0F50978D0A2195.jpg"></icon><desc></desc><category></category></programme><programme channel="npopolitiek" start="20221126180000 +0000" stop="20221126190000 +0000" catchup-id="EB079BCBB59B22EB6CDF1BB1E05244AD"><title>Haagse politiek</title><date></date><icon src="https://images.nlziet.nl/metadataimportimages/source/2719B85543B3E2579A89B67F555C9AD1355E30E1C7D7BAFF8D0F50978D0A2195.jpg"></icon><desc></desc><category></category></programme><programme channel="npopolitiek" start="20221126190000 +0000" stop="20221126210000 +0000" catchup-id="6D13FF4C692E2618BF14C92893BB2945"><title>Haagse politiek</title><date></date><icon src="https://images.nlziet.nl/metadataimportimages/source/2719B85543B3E2579A89B67F555C9AD1355E30E1C7D7BAFF8D0F50978D0A2195.jpg"></icon><desc></desc><category></category></programme><programme channel="npopolitiek" start="20221126210000 +0000" stop="20221126230000 +0000" catchup-id="0068072687E756432A0F3C66B5CB6435"><title>Haagse politiek</title><date></date><icon src="https://images.nlziet.nl/metadataimportimages/source/2719B85543B3E2579A89B67F555C9AD1355E30E1C7D7BAFF8D0F50978D0A2195.jpg"></icon><desc></desc><category></category></programme><programme channel="npopolitiek" start="20221126230000 +0000" stop="20221127010000 +0000" catchup-id="96D3F0A727C0918A04F863CB9175B883"><title>Haagse politiek</title><date></date><icon src="https://images.nlziet.nl/metadataimportimages/source/B77CE303A5AE64DFB2F619127F49E842199EE6253EF6A782B2586A2CBACB1A9F.jpg"></icon><desc></desc><category></category></programme><programme channel="npopolitiek" start="20221127010000 +0000" stop="20221127030000 +0000" catchup-id="D102FCCFB15006AB7E6042ADA094896F"><title>Haagse politiek</title><date></date><icon src="https://images.nlziet.nl/metadataimportimages/source/B77CE303A5AE64DFB2F619127F49E842199EE6253EF6A782B2586A2CBACB1A9F.jpg"></icon><desc></desc><category></category></programme><programme channel="npopolitiek" start="20221127030000 +0000" stop="20221127050000 +0000" catchup-id="B3C0E29D90A9EA77FFDFEBC44BEBD9DC"><title>Haagse politiek</title><date></date><icon src="https://images.nlziet.nl/metadataimportimages/source/B77CE303A5AE64DFB2F619127F49E842199EE6253EF6A782B2586A2CBACB1A9F.jpg"></icon><desc></desc><category></category></programme><programme channel="npopolitiek" start="20221127050000 +0000" stop="20221127070000 +0000" catchup-id="BDE1541E16E09B82B5009CF0B9F646F8"><title>Haagse politiek</title><date></date><icon src="https://images.nlziet.nl/metadataimportimages/source/B77CE303A5AE64DFB2F619127F49E842199EE6253EF6A782B2586A2CBACB1A9F.jpg"></icon><desc></desc><category></category></programme><programme channel="npopolitiek" start="20221127070000 +0000" stop="20221127090000 +0000" catchup-id="90F0C746456EE6D71DE916D0B0B50052"><title>Haagse politiek</title><date></date><icon src="https://images.nlziet.nl/metadataimportimages/source/B77CE303A5AE64DFB2F619127F49E842199EE6253EF6A782B2586A2CBACB1A9F.jpg"></icon><desc></desc><category></category></programme><programme channel="npopolitiek" start="20221127090000 +0000" stop="20221127110000 +0000" catchup-id="8012346583E4DB5403E5A1CFBB2E97F1"><title>Haagse politiek</title><date></date><icon src="https://images.nlziet.nl/metadataimportimages/source/B77CE303A5AE64DFB2F619127F49E842199EE6253EF6A782B2586A2CBACB1A9F.jpg"></icon><desc></desc><category></category></programme><programme channel="npopolitiek" start="20221127110000 +0000" stop="20221127130000 +0000" catchup-id="191A071EEBA88004D5162D5F3CCDACDE"><title>Haagse politiek</title><date></date><icon src="https://images.nlziet.nl/metadataimportimages/source/B77CE303A5AE64DFB2F619127F49E842199EE6253EF6A782B2586A2CBACB1A9F.jpg"></icon><desc></desc><category></category></programme><programme channel="npopolitiek" start="20221127130000 +0000" stop="20221127150000 +0000" catchup-id="9F38AD400A7BAD98743ADCC69D1CAD2C"><title>Haagse politiek</title><date></date><icon src="https://images.nlziet.nl/metadataimportimages/source/B77CE303A5AE64DFB2F619127F49E842199EE6253EF6A782B2586A2CBACB1A9F.jpg"></icon><desc></desc><category></category></programme><programme channel="npopolitiek" start="20221127150000 +0000" stop="20221127170000 +0000" catchup-id="AF8520B7A0D4171AF605A6CCE20D72A2"><title>Haagse politiek</title><date></date><icon src="https://images.nlziet.nl/metadataimportimages/source/B77CE303A5AE64DFB2F619127F49E842199EE6253EF6A782B2586A2CBACB1A9F.jpg"></icon><desc></desc><category></category></programme><programme channel="npopolitiek" start="20221127170000 +0000" stop="20221127180000 +0000" catchup-id="8CCC4972341DCDD90E217E76A1BDAEFC"><title>Haagse politiek</title><date></date><icon src="https://images.nlziet.nl/metadataimportimages/source/B77CE303A5AE64DFB2F619127F49E842199EE6253EF6A782B2586A2CBACB1A9F.jpg"></icon><desc></desc><category></category></programme><programme channel="npopolitiek" start="20221127180000 +0000" stop="20221127190000 +0000" catchup-id="41ECC5120443348069955BED1E741A4B"><title>Haagse politiek</title><date></date><icon src="https://images.nlziet.nl/metadataimportimages/source/B77CE303A5AE64DFB2F619127F49E842199EE6253EF6A782B2586A2CBACB1A9F.jpg"></icon><desc></desc><category></category></programme><programme channel="npopolitiek" start="20221127190000 +0000" stop="20221127210000 +0000" catchup-id="FBB12B058557688C04472C95C4F3726D"><title>Haagse politiek</title><date></date><icon src="https://images.nlziet.nl/metadataimportimages/source/B77CE303A5AE64DFB2F619127F49E842199EE6253EF6A782B2586A2CBACB1A9F.jpg"></icon><desc></desc><category></category></programme><programme channel="npopolitiek" start="20221127210000 +0000" stop="20221127230000 +0000" catchup-id="795F8D1FFBCCFF86F4AF89C20EB3F5FB"><title>Haagse politiek</title><date></date><icon src="https://images.nlziet.nl/metadataimportimages/source/B77CE303A5AE64DFB2F619127F49E842199EE6253EF6A782B2586A2CBACB1A9F.jpg"></icon><desc></desc><category></category></programme><programme channel="npopolitiek" start="20221127230000 +0000" stop="20221128010000 +0000" catchup-id="EFE8AD410BA6277A9BC067042D8B7F7C"><title>Haagse politiek</title><date></date><icon src="https://images.nlziet.nl/metadataimportimages/source/B77CE303A5AE64DFB2F619127F49E842199EE6253EF6A782B2586A2CBACB1A9F.jpg"></icon><desc></desc><category></category></programme><programme channel="npopolitiek" start="20221128010000 +0000" stop="20221128030000 +0000" catchup-id="D41CD82F1B93D88F1C3F3CC84737768D"><title>Haagse politiek</title><date></date><icon src="https://images.nlziet.nl/metadataimportimages/source/B77CE303A5AE64DFB2F619127F49E842199EE6253EF6A782B2586A2CBACB1A9F.jpg"></icon><desc></desc><category></category></programme><programme channel="npopolitiek" start="20221128030000 +0000" stop="20221128050000 +0000" catchup-id="5A583074981B5A047736C8AE305BF98A"><title>Haagse politiek</title><date></date><icon src="https://images.nlziet.nl/metadataimportimages/source/B77CE303A5AE64DFB2F619127F49E842199EE6253EF6A782B2586A2CBACB1A9F.jpg"></icon><desc></desc><category></category></programme><programme channel="npopolitiek" start="20221128050000 +0000" stop="20221128070000 +0000" catchup-id="A53A152976CB29A6FC7CB575232A4329"><title>Haagse politiek</title><date></date><icon src="https://images.nlziet.nl/metadataimportimages/source/B77CE303A5AE64DFB2F619127F49E842199EE6253EF6A782B2586A2CBACB1A9F.jpg"></icon><desc></desc><category></category></programme><programme channel="npopolitiek" start="20221128070000 +0000" stop="20221128090000 +0000" catchup-id="CCF620AAF58DEBC093647253EC75157E"><title>Haagse politiek</title><date></date><icon src="https://images.nlziet.nl/metadataimportimages/source/B77CE303A5AE64DFB2F619127F49E842199EE6253EF6A782B2586A2CBACB1A9F.jpg"></icon><desc></desc><category></category></programme><programme channel="npopolitiek" start="20221128090000 +0000" stop="20221128110000 +0000" catchup-id="F649474B06CDE5F10968D00AC41ECF3E"><title>Haagse politiek</title><date></date><icon src="https://images.nlziet.nl/metadataimportimages/source/B77CE303A5AE64DFB2F619127F49E842199EE6253EF6A782B2586A2CBACB1A9F.jpg"></icon><desc></desc><category></category></programme><programme channel="npopolitiek" start="20221128110000 +0000" stop="20221128130000 +0000" catchup-id="DED1EA5390F18CB0C238B22CC6E4DCC8"><title>Haagse politiek</title><date></date><icon src="https://images.nlziet.nl/metadataimportimages/source/B77CE303A5AE64DFB2F619127F49E842199EE6253EF6A782B2586A2CBACB1A9F.jpg"></icon><desc></desc><category></category></programme><programme channel="npopolitiek" start="20221128130000 +0000" stop="20221128150000 +0000" catchup-id="E327A71BD595BF5AA82EDF93C185FFBA"><title>Haagse politiek</title><date></date><icon src="https://images.nlziet.nl/metadataimportimages/source/B77CE303A5AE64DFB2F619127F49E842199EE6253EF6A782B2586A2CBACB1A9F.jpg"></icon><desc></desc><category></category></programme><programme channel="npopolitiek" start="20221128150000 +0000" stop="20221128170000 +0000" catchup-id="00AAA5D5EE2917D68E2C8312A7E2D229"><title>Haagse politiek</title><date></date><icon src="https://images.nlziet.nl/metadataimportimages/source/B77CE303A5AE64DFB2F619127F49E842199EE6253EF6A782B2586A2CBACB1A9F.jpg"></icon><desc></desc><category></category></programme><programme channel="npopolitiek" start="20221128170000 +0000" stop="20221128180000 +0000" catchup-id="CE89E17E67BDA99C6D43E13D84F8E07D"><title>Haagse politiek</title><date></date><icon src="https://images.nlziet.nl/metadataimportimages/source/B77CE303A5AE64DFB2F619127F49E842199EE6253EF6A782B2586A2CBACB1A9F.jpg"></icon><desc></desc><category></category></programme><programme channel="npopolitiek" start="20221128180000 +0000" stop="20221128190000 +0000" catchup-id="4565E70DFB0D502D4DDDF51664564C3E"><title>Haagse politiek</title><date></date><icon src="https://images.nlziet.nl/metadataimportimages/source/B77CE303A5AE64DFB2F619127F49E842199EE6253EF6A782B2586A2CBACB1A9F.jpg"></icon><desc></desc><category></category></programme><programme channel="npopolitiek" start="20221128190000 +0000" stop="20221128210000 +0000" catchup-id="CF01A16CBF74C76D929E928F275D0092"><title>Haagse politiek</title><date></date><icon src="https://images.nlziet.nl/metadataimportimages/source/B77CE303A5AE64DFB2F619127F49E842199EE6253EF6A782B2586A2CBACB1A9F.jpg"></icon><desc></desc><category></category></programme><programme channel="npopolitiek" start="20221128210000 +0000" stop="20221128230000 +0000" catchup-id="39C71124A86BD8278836C0E73C04393B"><title>Haagse politiek</title><date></date><icon src="https://images.nlziet.nl/metadataimportimages/source/B77CE303A5AE64DFB2F619127F49E842199EE6253EF6A782B2586A2CBACB1A9F.jpg"></icon><desc></desc><category></category></programme><programme channel="npopolitiek" start="20221128230000 +0000" stop="20221129010000 +0000" catchup-id="AE1276A04F8E1DEE994983AD1CBA3D06"><title>Haagse politiek</title><date></date><icon src="https://images.nlziet.nl/metadataimportimages/source/B77CE303A5AE64DFB2F619127F49E842199EE6253EF6A782B2586A2CBACB1A9F.jpg"></icon><desc></desc><category></category></programme><programme channel="npopolitiek" start="20221129010000 +0000" stop="20221129030000 +0000" catchup-id="A0A2C87CDC08D2F3AE1097722BAD82BB"><title>Haagse politiek</title><date></date><icon src="https://images.nlziet.nl/metadataimportimages/source/B77CE303A5AE64DFB2F619127F49E842199EE6253EF6A782B2586A2CBACB1A9F.jpg"></icon><desc></desc><category></category></programme><programme channel="npopolitiek" start="20221129030000 +0000" stop="20221129050000 +0000" catchup-id="E66DE84B8FC1B6DBF843DBB71A355A64"><title>Haagse politiek</title><date></date><icon src="https://images.nlziet.nl/metadataimportimages/source/B77CE303A5AE64DFB2F619127F49E842199EE6253EF6A782B2586A2CBACB1A9F.jpg"></icon><desc></desc><category></category></programme><programme channel="npopolitiek" start="20221129050000 +0000" stop="20221129070000 +0000" catchup-id="0B615AA39283B71055E2C2A259AEFA26"><title>Haagse politiek</title><date></date><icon src="https://images.nlziet.nl/metadataimportimages/source/B77CE303A5AE64DFB2F619127F49E842199EE6253EF6A782B2586A2CBACB1A9F.jpg"></icon><desc></desc><category></category></programme><programme channel="npopolitiek" start="20221129070000 +0000" stop="20221129090000 +0000" catchup-id="E3FE2EDA5FFF8AC2198D9E507346DD74"><title>Haagse politiek</title><date></date><icon src="https://images.nlziet.nl/metadataimportimages/source/B77CE303A5AE64DFB2F619127F49E842199EE6253EF6A782B2586A2CBACB1A9F.jpg"></icon><desc></desc><category></category></programme><programme channel="npopolitiek" start="20221129090000 +0000" stop="20221129110000 +0000" catchup-id="EBEE585ADA4BC36F9FC32468076741CC"><title>Haagse politiek</title><date></date><icon src="https://images.nlziet.nl/metadataimportimages/source/B77CE303A5AE64DFB2F619127F49E842199EE6253EF6A782B2586A2CBACB1A9F.jpg"></icon><desc></desc><category></category></programme><programme channel="npopolitiek" start="20221129110000 +0000" stop="20221129130000 +0000" catchup-id="0A3FC8622926E6CF0F412932537B5FFA"><title>Haagse politiek</title><date></date><icon src="https://images.nlziet.nl/metadataimportimages/source/B77CE303A5AE64DFB2F619127F49E842199EE6253EF6A782B2586A2CBACB1A9F.jpg"></icon><desc></desc><category></category></programme><programme channel="npopolitiek" start="20221129130000 +0000" stop="20221129150000 +0000" catchup-id="3F032E2AE49D4964CAAE314CFA294C31"><title>Haagse politiek</title><date></date><icon src="https://images.nlziet.nl/metadataimportimages/source/B77CE303A5AE64DFB2F619127F49E842199EE6253EF6A782B2586A2CBACB1A9F.jpg"></icon><desc></desc><category></category></programme><programme channel="npopolitiek" start="20221129150000 +0000" stop="20221129170000 +0000" catchup-id="9B7DA11E182A4BE718A5123898D15A84"><title>Haagse politiek</title><date></date><icon src="https://images.nlziet.nl/metadataimportimages/source/B77CE303A5AE64DFB2F619127F49E842199EE6253EF6A782B2586A2CBACB1A9F.jpg"></icon><desc></desc><category></category></programme><programme channel="npopolitiek" start="20221129170000 +0000" stop="20221129180000 +0000" catchup-id="AE250E5944C4E47A6E801E5116BABB66"><title>Haagse politiek</title><date></date><icon src="https://images.nlziet.nl/metadataimportimages/source/B77CE303A5AE64DFB2F619127F49E842199EE6253EF6A782B2586A2CBACB1A9F.jpg"></icon><desc></desc><category></category></programme><programme channel="npopolitiek" start="20221129180000 +0000" stop="20221129190000 +0000" catchup-id="7BF5D75ECF31E812EAB4FB0C572B39B4"><title>Haagse politiek</title><date></date><icon src="https://images.nlziet.nl/metadataimportimages/source/B77CE303A5AE64DFB2F619127F49E842199EE6253EF6A782B2586A2CBACB1A9F.jpg"></icon><desc></desc><category></category></programme><programme channel="npopolitiek" start="20221129190000 +0000" stop="20221129210000 +0000" catchup-id="FF5135C944344C0D4A9C2872BEC06836"><title>Haagse politiek</title><date></date><icon src="https://images.nlziet.nl/metadataimportimages/source/B77CE303A5AE64DFB2F619127F49E842199EE6253EF6A782B2586A2CBACB1A9F.jpg"></icon><desc></desc><category></category></programme><programme channel="npopolitiek" start="20221129210000 +0000" stop="20221129230000 +0000" catchup-id="C19C38A27A4242115F0E6D261D643A4F"><title>Haagse politiek</title><date></date><icon src="https://images.nlziet.nl/metadataimportimages/source/B77CE303A5AE64DFB2F619127F49E842199EE6253EF6A782B2586A2CBACB1A9F.jpg"></icon><desc></desc><category></category></programme><programme channel="npopolitiek" start="20221129230000 +0000" stop="20221130010000 +0000" catchup-id="6FA10E4550C527C1CCBB24A6273242AE"><title>Haagse politiek</title><date></date><icon src="https://images.nlziet.nl/metadataimportimages/source/B77CE303A5AE64DFB2F619127F49E842199EE6253EF6A782B2586A2CBACB1A9F.jpg"></icon><desc></desc><category></category></programme><programme channel="npopolitiek" start="20221130010000 +0000" stop="20221130030000 +0000" catchup-id="ABC4AF90491454939C630A96115EE687"><title>Haagse politiek</title><date></date><icon src="https://images.nlziet.nl/metadataimportimages/source/B77CE303A5AE64DFB2F619127F49E842199EE6253EF6A782B2586A2CBACB1A9F.jpg"></icon><desc></desc><category></category></programme><programme channel="npopolitiek" start="20221130030000 +0000" stop="20221130050000 +0000" catchup-id="4E92FB2AF315C698462D6BA226715E4E"><title>Haagse politiek</title><date></date><icon src="https://images.nlziet.nl/metadataimportimages/source/B77CE303A5AE64DFB2F619127F49E842199EE6253EF6A782B2586A2CBACB1A9F.jpg"></icon><desc></desc><category></category></programme><programme channel="npopolitiek" start="20221130050000 +0000" stop="20221130070000 +0000" catchup-id="4E2AE75EFD5D376A4271E94A72836AA7"><title>Haagse politiek</title><date></date><icon src="https://images.nlziet.nl/metadataimportimages/source/B77CE303A5AE64DFB2F619127F49E842199EE6253EF6A782B2586A2CBACB1A9F.jpg"></icon><desc></desc><category></category></programme><programme channel="npopolitiek" start="20221130070000 +0000" stop="20221130090000 +0000" catchup-id="762F8372269EEA4B434BC4B00CEEDFFA"><title>Haagse politiek</title><date></date><icon src="https://images.nlziet.nl/metadataimportimages/source/B77CE303A5AE64DFB2F619127F49E842199EE6253EF6A782B2586A2CBACB1A9F.jpg"></icon><desc></desc><category></category></programme><programme channel="npopolitiek" start="20221130090000 +0000" stop="20221130110000 +0000" catchup-id="EFE4E86E2ADCD00C04D310F061F79064"><title>Haagse politiek</title><date></date><icon src="https://images.nlziet.nl/metadataimportimages/source/B77CE303A5AE64DFB2F619127F49E842199EE6253EF6A782B2586A2CBACB1A9F.jpg"></icon><desc></desc><category></category></programme><programme channel="npopolitiek" start="20221130110000 +0000" stop="20221130130000 +0000" catchup-id="6AD515F0A928597DD3AA182F5671DC9C"><title>Haagse politiek</title><date></date><icon src="https://images.nlziet.nl/metadataimportimages/source/B77CE303A5AE64DFB2F619127F49E842199EE6253EF6A782B2586A2CBACB1A9F.jpg"></icon><desc></desc><category></category></programme><programme channel="npopolitiek" start="20221130130000 +0000" stop="20221130150000 +0000" catchup-id="2F995E2A9181EB052923AB3F63CF1BC7"><title>Haagse politiek</title><date></date><icon src="https://images.nlziet.nl/metadataimportimages/source/B77CE303A5AE64DFB2F619127F49E842199EE6253EF6A782B2586A2CBACB1A9F.jpg"></icon><desc></desc><category></category></programme><programme channel="npopolitiek" start="20221130150000 +0000" stop="20221130170000 +0000" catchup-id="6185282DCC7D282C0DE3A87B2D725207"><title>Haagse politiek</title><date></date><icon src="https://images.nlziet.nl/metadataimportimages/source/B77CE303A5AE64DFB2F619127F49E842199EE6253EF6A782B2586A2CBACB1A9F.jpg"></icon><desc></desc><category></category></programme><programme channel="npopolitiek" start="20221130170000 +0000" stop="20221130180000 +0000" catchup-id="57F124A4A49A5A78C7DB40BDE33F4266"><title>Haagse politiek</title><date></date><icon src="https://images.nlziet.nl/metadataimportimages/source/B77CE303A5AE64DFB2F619127F49E842199EE6253EF6A782B2586A2CBACB1A9F.jpg"></icon><desc></desc><category></category></programme><programme channel="npopolitiek" start="20221130180000 +0000" stop="20221130190000 +0000" catchup-id="42E752CE8FA84FF7062327F3B5F2DA16"><title>Haagse politiek</title><date></date><icon src="https://images.nlziet.nl/metadataimportimages/source/B77CE303A5AE64DFB2F619127F49E842199EE6253EF6A782B2586A2CBACB1A9F.jpg"></icon><desc></desc><category></category></programme><programme channel="npopolitiek" start="20221130190000 +0000" stop="20221130210000 +0000" catchup-id="4CF8E6BE34C376C3DB89549FA586715A"><title>Haagse politiek</title><date></date><icon src="https://images.nlziet.nl/metadataimportimages/source/B77CE303A5AE64DFB2F619127F49E842199EE6253EF6A782B2586A2CBACB1A9F.jpg"></icon><desc></desc><category></category></programme><programme channel="npopolitiek" start="20221130210000 +0000" stop="20221130230000 +0000" catchup-id="3D07AFC83B7A354E6A2DAEB41908E1F7"><title>Haagse politiek</title><date></date><icon src="https://images.nlziet.nl/metadataimportimages/source/B77CE303A5AE64DFB2F619127F49E842199EE6253EF6A782B2586A2CBACB1A9F.jpg"></icon><desc></desc><category></category></programme>