{"id":500045,"ref":"S500045","type":"series","title":"All Together Now","year":2019,"rating":4,"poster":"https:\/\/img-opt.cdn.smartvod.com\/smartvod\/images\/videoland\/data\/images\/y\/r\/5ccaceda2a62f_[format].jpg","still":"https:\/\/img-opt.cdn.smartvod.com\/smartvod\/images\/videoland\/data\/images\/v\/c\/5dfe2b76f3234_[format].jpg","cast":{"actors":["Chantal Janzen"]},"genres":[],"refs":["SN2798","SN3102"],"is_adult":false,"is_kids":false,"is_available":true,"description":"Muzikale hitshow waarin de deelnemers optreden voor 100 muziekprofessionals, aangevoerd door Jamai Loman. Het doel: ervoor zorgen dat zo veel mogelijk van 'de 100' opstaan en uit volle borst meezingen.","nicam":{"al":"Alle leeftijden"},"language":"nl","language_full":"Nederlands","details":{"SN2798":{"id":2798,"ref":"SN2798","type":"season","title":"1","position":1},"SN3102":{"id":3102,"ref":"SN3102","type":"season","title":"2","position":2,"refs":["E71263","E71340","E71346","E71344","E71345","E71338","E71880","E71878","E71879"]},"E71263":{"id":71263,"ref":"E71263","type":"episode","position":1,"title":"Kerstspecial 2019","description":"Kerstspecial van de muzikale hitshow waarin het niet alleen om de beste stem draait, maar ook om het beste optreden.","still":"https:\/\/img-opt.cdn.smartvod.com\/smartvod\/images\/videoland\/data\/images\/s\/1\/5dfc8ff3d7d4a_[format].jpg","runtime":4594,"editions":{"hd":{"price":0}},"is_downloadable":true},"E71340":{"id":71340,"ref":"E71340","type":"episode","position":2,"title":"","description":"Muzikale hitshow waarin het niet alleen om de beste stem draait, maar ook om het beste optreden.","still":"https:\/\/img-opt.cdn.smartvod.com\/smartvod\/images\/videoland\/data\/images\/d\/s\/5e068cf87d332_[format].jpg","runtime":4369,"editions":{"hd":{"price":0}},"is_downloadable":true},"E71346":{"id":71346,"ref":"E71346","type":"episode","position":3,"title":"","description":"Muzikale hitshow waarin het niet alleen om de beste stem draait, maar ook om het beste optreden.","still":"https:\/\/img-opt.cdn.smartvod.com\/smartvod\/images\/videoland\/data\/images\/c\/p\/5e13365ba5894_[format].jpg","runtime":4242,"editions":{"hd":{"price":0}},"is_downloadable":true},"E71344":{"id":71344,"ref":"E71344","type":"episode","position":4,"title":"","description":"Muzikale hitshow waarin het niet alleen om de beste stem draait, maar ook om het beste optreden.","still":"https:\/\/img-opt.cdn.smartvod.com\/smartvod\/images\/videoland\/data\/images\/4\/1\/5e1a003eec95f_[format].jpg","runtime":4344,"editions":{"hd":{"price":0}},"is_downloadable":true},"E71345":{"id":71345,"ref":"E71345","type":"episode","position":5,"title":"","description":"Muzikale hitshow waarin het niet alleen om de beste stem draait, maar ook om het beste optreden.","still":"https:\/\/img-opt.cdn.smartvod.com\/smartvod\/images\/videoland\/data\/images\/l\/l\/5e22e1b551c14_[format].jpg","runtime":4378,"editions":{"hd":{"price":0}},"is_downloadable":true},"E71338":{"id":71338,"ref":"E71338","type":"episode","position":6,"title":"","description":"Muzikale hitshow waarin het niet alleen om de beste stem draait, maar ook om het beste optreden.","still":"https:\/\/img-opt.cdn.smartvod.com\/smartvod\/images\/videoland\/data\/images\/3\/g\/5e2e003173f74_[format].jpg","runtime":4444,"editions":{"hd":{"price":0}},"is_downloadable":true},"E71880":{"id":71880,"ref":"E71880","type":"episode","position":7,"title":"","description":"Muzikale hitshow waarin het niet alleen om de beste stem draait, maar ook om het beste optreden.","still":"https:\/\/img-opt.cdn.smartvod.com\/smartvod\/images\/videoland\/data\/images\/f\/c\/5e35707f08545_[format].jpg","runtime":4501,"editions":{"hd":{"price":0}},"is_downloadable":true},"E71878":{"id":71878,"ref":"E71878","type":"episode","position":8,"title":"","description":"Muzikale hitshow waarin het niet alleen om de beste stem draait, maar ook om het beste optreden.","still":"https:\/\/img-opt.cdn.smartvod.com\/smartvod\/images\/videoland\/data\/images\/6\/8\/5e3ebb624ca80_[format].jpg","runtime":4746,"editions":{"hd":{"price":0}},"is_downloadable":true},"E71879":{"id":71879,"ref":"E71879","type":"episode","position":9,"title":"","description":"Muzikale hitshow waarin het niet alleen om de beste stem draait, maar ook om het beste optreden.","still":"https:\/\/img-opt.cdn.smartvod.com\/smartvod\/images\/videoland\/data\/images\/e\/i\/5e47eb585f949_[format].jpg","runtime":4702,"editions":{"hd":{"price":0}},"is_downloadable":true}}}