{"id":500455,"ref":"S500455","type":"series","title":"De Erfgenaam","year":2020,"rating":4,"poster":"https:\/\/img-opt.cdn.smartvod.com\/smartvod\/images\/videoland\/data\/images\/f\/j\/5f4d19ab444ec_[format].jpg","still":"https:\/\/img-opt.cdn.smartvod.com\/smartvod\/images\/videoland\/data\/images\/x\/o\/62149de3e37fb_[format].jpg","cast":{"actors":["Ruben Nicolai"]},"genres":["Reality"],"refs":["SN3688","SN4767"],"is_adult":false,"is_kids":false,"is_available":true,"description":"Ruben Nicolai gaat op zoek gaat naar rechtmatige erfgenamen van onbekende nalatenschappen. Tijdens zijn zoektocht naar deze erfgenamen komen vaak bijzondere familiegeschiedenissen aan het licht.","nicam":{"al":"Alle leeftijden"},"language":"nl","language_full":"Nederlands","details":{"SN3688":{"id":3688,"ref":"SN3688","type":"season","title":"1","position":1},"SN4767":{"id":4767,"ref":"SN4767","type":"season","title":"2","position":2,"refs":["E95161","E95162","E95165","E95159","E95170","E95158"]},"E95161":{"id":95161,"ref":"E95161","type":"episode","position":1,"title":"","description":"Rubens zoektocht is dit keer ingewikkelder dan verwacht. Hij zoekt in de stamboom en komt werkelijk van alles tegen. Zo stuit hij op een verhaal van een treinbeschieting door de geallieerden en komt hij een liefdesverhaal tegen dat over de grens gaat. Ruben volgt de sporen en die brengen hem van het regenachtige Verenigd Koninkrijk tot aan het zonnige Australi\u00eb.","still":"https:\/\/img-opt.cdn.smartvod.com\/smartvod\/images\/videoland\/data\/images\/x\/o\/62149de3e37fb_[format].jpg","runtime":2512,"editions":{"hd":{"price":0}},"is_downloadable":true},"E95162":{"id":95162,"ref":"E95162","type":"episode","position":2,"title":"","description":"Ruben Nicolai gaat op zoek gaat naar rechtmatige erfgenamen van onbekende nalatenschappen. Tijdens zijn zoektocht naar deze erfgenamen komen vaak bijzondere familiegeschiedenissen aan het licht.","still":"https:\/\/img-opt.cdn.smartvod.com\/smartvod\/images\/videoland\/data\/images\/7\/f\/621644ed09e15_[format].jpg","runtime":2484,"editions":{"hd":{"price":0}},"is_downloadable":true},"E95165":{"id":95165,"ref":"E95165","type":"episode","position":3,"title":"","description":"Ruben Nicolai gaat op zoek gaat naar rechtmatige erfgenamen van onbekende nalatenschappen. Tijdens zijn zoektocht naar deze erfgenamen komen vaak bijzondere familiegeschiedenissen aan het licht.","still":"https:\/\/img-opt.cdn.smartvod.com\/smartvod\/images\/videoland\/data\/images\/w\/d\/621e22348f902_[format].jpg","runtime":2344,"editions":{"hd":{"price":0}},"is_downloadable":true},"E95159":{"id":95159,"ref":"E95159","type":"episode","position":4,"title":"","description":"Een erfenis met drie erflaters: wat is daar gebeurd? Voor deze zaak trekt Ruben naar het noorden van Nederland. Er duiken Friese namen op en een tragisch ongeluk. Het helpt hem wel op weg naar de erfgenaam, maar er blijkt van alles te spelen binnen de familie. Komt deze erfenis ooit bij een erfgenaam terecht?","still":"https:\/\/img-opt.cdn.smartvod.com\/smartvod\/images\/videoland\/data\/images\/6\/o\/622852d226df2_[format].jpg","runtime":2290,"editions":{"hd":{"price":0}},"is_downloadable":true},"E95170":{"id":95170,"ref":"E95170","type":"episode","position":5,"title":"","description":"Ruben wordt in deze zaak geconfronteerd met de gruwelijkheden van de Tweede Wereldoorlog. De zoektocht leidt hem langs joodse archieven, verhalen over razzia's en onderduikadressen. Hij moet en zal een erfgenaam vinden, want alleen dan wordt duidelijk om wat voor erfenis het gaat.","still":"https:\/\/img-opt.cdn.smartvod.com\/smartvod\/images\/videoland\/data\/images\/b\/m\/62196fbc175f8_[format].jpg","runtime":2534,"editions":{"hd":{"price":0}},"is_downloadable":true},"E95158":{"id":95158,"ref":"E95158","type":"episode","position":6,"title":"","description":"Voor deze zaak reist Ruben af naar het zonnige zuiden. Hij volgt sporen in de Franse hoofdstad Parijs en aan de C\u00f4te d'Azur. Naast een geldbedrag van 75.000 euro wordt en ook een enorm huis nagelaten. Ruben stuit op een ongelofelijk tragische familiegeschiedenis, maar lukt het hem ook lukken om een erfgenaam te vinden?","still":"https:\/\/img-opt.cdn.smartvod.com\/smartvod\/images\/videoland\/data\/images\/o\/y\/623b465b26046_[format].jpg","runtime":2548,"editions":{"hd":{"price":0}},"is_downloadable":true}}}