{"id":500110,"ref":"S500110","type":"series","title":"Keeping Up With the Kardashians","year":2020,"rating":3,"poster":"https:\/\/img-opt.cdn.smartvod.com\/smartvod\/images\/videoland\/data\/images\/n\/e\/61dffb60b11a5_[format].jpg","still":"https:\/\/img-opt.cdn.smartvod.com\/smartvod\/images\/videoland\/data\/images\/v\/h\/5e624ea40a054_[format].jpg","cast":{"actors":["Kim Kardashian West","Kourtney Kardashian","Khloe Kardashian"]},"genres":["Reality"],"refs":["SN2927","SN2928","SN3233","SN4062","SN4396","SN4524"],"is_adult":false,"is_kids":false,"is_available":true,"description":"De Kardashians zijn misschien wel de beroemdste familie van Hollywood. In hun realityserie gaan ze op zoek naar roem, geld en geluk. Het 19e seizoen is vanaf 11 oktober te zien!","nicam":{"6":"Mogelijk schadelijk tot 6 jaar","geweld":"Geweld","taalgebruik":"Grof Taalgebruik"},"language":"en","language_full":"Engels","details":{"SN2927":{"id":2927,"ref":"SN2927","type":"season","title":"15","position":15},"SN2928":{"id":2928,"ref":"SN2928","type":"season","title":"16","position":16},"SN3233":{"id":3233,"ref":"SN3233","type":"season","title":"17","position":17},"SN4062":{"id":4062,"ref":"SN4062","type":"season","title":"18","position":18,"refs":["E84113","E84114","E84116","E84112","E84115","E84111"]},"SN4396":{"id":4396,"ref":"SN4396","type":"season","title":"19","position":19},"SN4524":{"id":4524,"ref":"SN4524","type":"season","title":"20","position":20},"E84113":{"id":84113,"ref":"E84113","type":"episode","position":1,"title":"Fights, Friendships And Fashion Week 1","description":"Khloe vindt het maar niks dat Kim het zo goed kan vinden met haar ex. Kylie wil haar nieuwe cosmeticalijn presenteren tijdens de modeweek in Parijs, maar is te ziek om te reizen. Kim en Khloe confronteren Kourtney met haar gedrag en krijgen ruzie.","still":"https:\/\/img-opt.cdn.smartvod.com\/smartvod\/images\/videoland\/data\/images\/2\/o\/6050b08a97fac_[format].jpg","runtime":2514,"editions":{"hd":{"price":0}},"is_downloadable":true},"E84114":{"id":84114,"ref":"E84114","type":"episode","position":2,"title":"Fights, Friendships And Fashion Week 2","description":"Na hun ruzie laten Kim en Kourtney hun kinderen dopen. Kourtney realiseert zich dat ze ongelukkig wordt van haar huidige leventje en overweegt dingen te veranderen.","still":"https:\/\/img-opt.cdn.smartvod.com\/smartvod\/images\/videoland\/data\/images\/z\/u\/6050af60b5b6a_[format].jpg","runtime":2514,"editions":{"hd":{"price":0}},"is_downloadable":true},"E84116":{"id":84116,"ref":"E84116","type":"episode","position":3,"title":"Date My Daughter","description":"Terwijl Kris een seksuele piek bereikt in haar relatie, voelt ze zich schuldig dat Khloe al een tijdje droogstaat. Ze vindt dat ze weer moet gaan daten.","still":"https:\/\/img-opt.cdn.smartvod.com\/smartvod\/images\/videoland\/data\/images\/p\/z\/6050b0836fdbb_[format].jpg","runtime":2514,"editions":{"hd":{"price":0}},"is_downloadable":true},"E84112":{"id":84112,"ref":"E84112","type":"episode","position":4,"title":"In The Blink Of An Eye","description":"Khloe twijfelt of ze haar dochter naar Cleveland moet laten gaan om Tristan te bezoeken. Kylie overweegt een enge medische behandeling te ondergaan. Scott en Khloe bedenken de ultieme prank voor Kris.","still":"https:\/\/img-opt.cdn.smartvod.com\/smartvod\/images\/videoland\/data\/images\/u\/u\/6050af5bbd295_[format].jpg","runtime":2514,"editions":{"hd":{"price":0}},"is_downloadable":true},"E84115":{"id":84115,"ref":"E84115","type":"episode","position":5,"title":"Surprise, Surprise","description":"Khloe en Kim bedenken een waanzinnige verrassing voor Corey. Khloe moet een belangrijke keuze maken met het oog op de toekomst. Kim probeert een man te helpen die ter dood is veroordeeld.","still":"https:\/\/img-opt.cdn.smartvod.com\/smartvod\/images\/videoland\/data\/images\/r\/6\/6050af5f15df5_[format].jpg","runtime":2514,"editions":{"hd":{"price":0}},"is_downloadable":true},"E84111":{"id":84111,"ref":"E84111","type":"episode","position":6,"title":"Family Matters","description":"Kim wil niet langer het jaarlijkse kerstfeest organiseren. De familie krijgt onenigheid over de plannen. Scott vindt het moeilijk om over zijn ouders te praten met een oude kennis. Khloe valt in als assistent voor Kris.","still":"https:\/\/img-opt.cdn.smartvod.com\/smartvod\/images\/videoland\/data\/images\/m\/w\/6050af5824ff9_[format].jpg","runtime":2510,"editions":{"hd":{"price":0}},"is_downloadable":true}}}