{"id":500290,"ref":"S500290","type":"series","title":"#Likeme","year":2022,"rating":4,"poster":"https:\/\/img-opt.cdn.smartvod.com\/smartvod\/images\/videoland\/data\/images\/0\/j\/62bd9548bc15f_[format].jpg","still":"https:\/\/img-opt.cdn.smartvod.com\/smartvod\/images\/videoland\/data\/images\/f\/h\/626ad2ac607db_[format].jpg","cast":{"actors":["Pommelien Thijs","Maksim Stojanac","Camille Dhont"]},"genres":["Kids","Drama"],"refs":["SN4967","SN4019","SN4940"],"is_adult":false,"is_kids":true,"is_available":true,"description":"Caro Timmers is met haar ouders van een dorpje in de Ardennen naar Antwerpen verhuisd, omdat Caro's moeder ernstig ziek is. De afstand naar het ziekenhuis werd te groot. Caro gaat naar een nieuwe middelbare school, waar ze niemand kent. Dat niet alles van een leien dakje loopt, blijkt al snel.","directors":["Elias Mentzel"],"nicam":{"9":"Mogelijk schadelijk tot 9 jaar","angst":"Angst","taalgebruik":"Grof Taalgebruik"},"language":"nl","language_full":"Nederlands","details":{"SN4967":{"id":4967,"ref":"SN4967","type":"season","title":"1","position":1},"SN4019":{"id":4019,"ref":"SN4019","type":"season","title":"2","position":2,"refs":["E83629","E83633","E83626","E83636","E83627","E83635","E83637","E83628","E83630","E83634","E83632","E83638","E83631"]},"SN4940":{"id":4940,"ref":"SN4940","type":"season","title":"3","position":3},"E83629":{"id":83629,"ref":"E83629","type":"episode","position":1,"title":"#Newbeginning","description":"Caro is met haar vader teruggegaan naar de Ardennen, maar ze mist haar vrienden enorm. Ook Vince probeert de draad weer op te pakken. Yemi mist Kyona enorm. Gelukkig leert hij  Maria kennen. Scott zorgt al snel voor problemen.","still":"https:\/\/img-opt.cdn.smartvod.com\/smartvod\/images\/videoland\/data\/images\/8\/m\/60267e50d62f6_[format].jpg","runtime":1588,"editions":{"hd":{"price":0}},"is_downloadable":true},"E83633":{"id":83633,"ref":"E83633","type":"episode","position":2,"title":"#Backhome","description":"Caro beseft dat haar toekomst in Antwerpen ligt en trekt weer bij Titin in. Yemi is blij dat zijn BFF terug is. De boodschappen van Kristel hebben Caro een extra duwtje in de rug gegeven om terug te komen.","still":"https:\/\/img-opt.cdn.smartvod.com\/smartvod\/images\/videoland\/data\/images\/8\/s\/60267d03eea88_[format].jpg","runtime":1560,"editions":{"hd":{"price":0}},"is_downloadable":true},"E83626":{"id":83626,"ref":"E83626","type":"episode","position":3,"title":"#Awkward","description":"Op het nippertje slaagt Caro erin om zich in te schrijven op school. Ze heeft geen zin om Vince tegen het lijf te lopen. Camille probeert Merel en de andere meisjes te overtuigen van haar goede bedoelingen.","still":"https:\/\/img-opt.cdn.smartvod.com\/smartvod\/images\/videoland\/data\/images\/c\/h\/602679ad41fd6_[format].jpg","runtime":1555,"editions":{"hd":{"price":0}},"is_downloadable":true},"E83636":{"id":83636,"ref":"E83636","type":"episode","position":4,"title":"#Rivalry","description":"Op school is een confrontatie tussen Vince en Caro onvermijdelijk. Er speelt nog steeds heel veel tussen die twee. De tussenkomst van Scott helpt hun zaak niet vooruit. Ondertussen heeft Philippe bedenkingen bij het vreemde gedrag van Olivier.","still":"https:\/\/img-opt.cdn.smartvod.com\/smartvod\/images\/videoland\/data\/images\/q\/w\/60267e2ec220d_[format].jpg","runtime":1551,"editions":{"hd":{"price":0}},"is_downloadable":true},"E83627":{"id":83627,"ref":"E83627","type":"episode","position":5,"title":"#Thetruth","description":"Een nieuwe boodschap van Kristel maakt veel emoties los bij Caro. Op school proberen Camille en Nona erachter te komen wie de mysterieuze achtervolger is. Tintin lijkt ook het een en ander te verbergen.","still":"https:\/\/img-opt.cdn.smartvod.com\/smartvod\/images\/videoland\/data\/images\/f\/d\/6026786822026_[format].jpg","runtime":1573,"editions":{"hd":{"price":0}},"is_downloadable":true},"E83635":{"id":83635,"ref":"E83635","type":"episode","position":6,"title":"#Digitaldetox","description":"Tijdens een schooluitje lopen de emoties hoog op. Na een zoveelste aanvaring zet een boze Caro iedereen op zijn nummer. Ze is het geruzie meer dan beu. Was haar terugkeer naar Antwerpen een slechte beslissing?","still":"https:\/\/img-opt.cdn.smartvod.com\/smartvod\/images\/videoland\/data\/images\/e\/9\/60267d059ea0d_[format].jpg","runtime":1566,"editions":{"hd":{"price":0}},"is_downloadable":true},"E83637":{"id":83637,"ref":"E83637","type":"episode","position":7,"title":"#Theproposal","description":"Het gaat beter tussen Vince en Caro. Alleen is het nog onduidelijk welke kant de relatie opgaat. Olivier is iets van plan, maar Philippe weet van niets. Camille weet nog steeds niet wat ze wil van Free.","still":"https:\/\/img-opt.cdn.smartvod.com\/smartvod\/images\/videoland\/data\/images\/6\/1\/60267ac303f34_[format].jpg","runtime":1559,"editions":{"hd":{"price":0}},"is_downloadable":true},"E83628":{"id":83628,"ref":"E83628","type":"episode","position":8,"title":"#Thehardgoodbye","description":"Maria en Caro kunnen niet meer aanzien hoe Kyona met Yemi omgaat. Ze dwingen Kyona een keuze te maken en duidelijkheid te scheppen. Zal ze voor Yemi kiezen of zal ze hem laten gaan?","still":"https:\/\/img-opt.cdn.smartvod.com\/smartvod\/images\/videoland\/data\/images\/r\/u\/60267e4a41f87_[format].jpg","runtime":1565,"editions":{"hd":{"price":0}},"is_downloadable":true},"E83630":{"id":83630,"ref":"E83630","type":"episode","position":9,"title":"#Day@thebeach","description":"Caro moet even weg van alles en iedereen. Samen met Scott trekt ze er een dagje op uit. Al snel is iedereen ongerust over waar de twee naartoe zijn. Scott stelt zich kwetsbaar op en vertelt over zijn zus.","still":"https:\/\/img-opt.cdn.smartvod.com\/smartvod\/images\/videoland\/data\/images\/6\/3\/60267bf5505ad_[format].jpg","runtime":1557,"editions":{"hd":{"price":0}},"is_downloadable":true},"E83634":{"id":83634,"ref":"E83634","type":"episode","position":10,"title":"#Crash","description":"Vince is gekwetst als hij over de kus tussen Scott en Caro hoort. Free neemt een heel moeilijke beslissing. Philippe en Olivier groeien steeds verder uit elkaar, en de bemoeizucht van Saskia maakt het er niet makkelijker op.","still":"https:\/\/img-opt.cdn.smartvod.com\/smartvod\/images\/videoland\/data\/images\/5\/i\/60267bf061571_[format].jpg","runtime":1532,"editions":{"hd":{"price":0}},"is_downloadable":true},"E83632":{"id":83632,"ref":"E83632","type":"episode","position":11,"title":"#Justfriends","description":"Caro is teleurgesteld als ze geen uitnodiging van Vince krijgt voor het huwelijk van zijn vaders. Het is een misverstand en Vince probeert het recht te zetten. De spanningen lopen hoog op tussen Olivier en Philippe.","still":"https:\/\/img-opt.cdn.smartvod.com\/smartvod\/images\/videoland\/data\/images\/c\/b\/60267bf1d9394_[format].jpg","runtime":1560,"editions":{"hd":{"price":0}},"is_downloadable":true},"E83638":{"id":83638,"ref":"E83638","type":"episode","position":12,"title":"#Bridezilla","description":"De klasgenoten van Vince zijn niet blij met Saskia's regeltjes voor het feest. Ook Olivier heeft het langzamerhand gehad met Saskia's aanpak. Vince doet zijn best om het hoofd koel te houden.","still":"https:\/\/img-opt.cdn.smartvod.com\/smartvod\/images\/videoland\/data\/images\/k\/r\/60267e3d80f41_[format].jpg","runtime":1559,"editions":{"hd":{"price":0}},"is_downloadable":true},"E83631":{"id":83631,"ref":"E83631","type":"episode","position":13,"title":"#Thewedding","description":"Na een moeilijke start gaat het trouwfeest van Olivier en Philippe dan toch door. Alle vrienden helpen om het in goede banen te leiden. Caro ontdekt eindelijk wie er achter de boodschappen van Kristel zat. Een geslaagd feest eindigt met veel liefde en vuurwerk.","still":"https:\/\/img-opt.cdn.smartvod.com\/smartvod\/images\/videoland\/data\/images\/k\/9\/60267e30d252a_[format].jpg","runtime":1589,"editions":{"hd":{"price":0}},"is_downloadable":true}}}