{"id":500730,"ref":"S500730","type":"series","title":"De Club van Sinterklaas","year":2022,"rating":5,"poster":"https:\/\/img-opt.cdn.smartvod.com\/smartvod\/images\/videoland\/data\/images\/w\/o\/6336b29ccaa50_[format].jpg","still":"https:\/\/img-opt.cdn.smartvod.com\/smartvod\/images\/videoland\/data\/images\/j\/x\/634d32605e8c1_[format].jpg","cast":{"actors":["Mickey Vermeer","Charlotte Ha","Wilbert Gieske","Job Bovelander"]},"genres":["Kids"],"refs":["SN4449","SN5213"],"is_adult":false,"is_kids":true,"is_available":true,"description":"Op het kasteel van Sinterklaas maakt iedereen zich klaar voor pakjesavond. Dan melden zich de meiden van KADO. Ze zijn door Sinterklaas uitgenodigd om hun Pietendiploma te halen. Maar dan moeten ze wel alle onderdelen halen, inclusief het klimmen en klauteren. Er is alleen \u00e9\u00e9n probleem: ze hebben last van hoogtevrees...","directors":["Martijn Koevoets"],"nicam":{"al":"Alle leeftijden"},"language":"nl","language_full":"Nederlands","details":{"SN4449":{"id":4449,"ref":"SN4449","type":"season","title":"1","position":1},"SN5213":{"id":5213,"ref":"SN5213","type":"season","title":"2","position":2,"refs":["E102666","E102669","E102668","E102667","E102672","E102670"]},"E102666":{"id":102666,"ref":"E102666","type":"episode","position":1,"title":"Geheimen Van De Sint  - Een Geheime Kamer","description":"De meiden van KADO vinden het magische dagboek van Sinterklaas, waarin allerlei geheimen staan van zowel de Sint als alle pieten in het kasteel. Het bevat daarnaast een route naar de geheime kamer van Sinterklaas met magische objecten. Als de pieten ontdekken dat hun geheimen in dit dagboek staan, scheuren zij er stiekem pagina's uit. En dat zorgt voor grote problemen.","still":"https:\/\/img-opt.cdn.smartvod.com\/smartvod\/images\/videoland\/data\/images\/z\/u\/53674d1e1947f_[format].jpeg","runtime":539,"editions":{"hd":{"price":0}},"is_downloadable":true},"E102669":{"id":102669,"ref":"E102669","type":"episode","position":2,"title":"Geheimen Van De Sint  - Het Paardengeheim","description":"De meiden van KADO vinden het magische dagboek van Sinterklaas, waarin allerlei geheimen staan van zowel de Sint als alle pieten in het kasteel. Het bevat daarnaast een route naar de geheime kamer van Sinterklaas met magische objecten. Als de pieten ontdekken dat hun geheimen in dit dagboek staan, scheuren zij er stiekem pagina's uit. En dat zorgt voor grote problemen.","still":"https:\/\/img-opt.cdn.smartvod.com\/smartvod\/images\/videoland\/data\/images\/z\/u\/53674d1e1947f_[format].jpeg","runtime":587,"editions":{"hd":{"price":0}},"is_downloadable":true},"E102668":{"id":102668,"ref":"E102668","type":"episode","position":3,"title":"Geheimen Van De Sint  - Het Tijdgeheim","description":"De meiden van KADO vinden het magische dagboek van Sinterklaas, waarin allerlei geheimen staan van zowel de Sint als alle pieten in het kasteel. Het bevat daarnaast een route naar de geheime kamer van Sinterklaas met magische objecten. Als de pieten ontdekken dat hun geheimen in dit dagboek staan, scheuren zij er stiekem pagina's uit. En dat zorgt voor grote problemen.","still":"https:\/\/img-opt.cdn.smartvod.com\/smartvod\/images\/videoland\/data\/images\/z\/u\/53674d1e1947f_[format].jpeg","runtime":447,"editions":{"hd":{"price":0}},"is_downloadable":true},"E102667":{"id":102667,"ref":"E102667","type":"episode","position":4,"title":"Geheimen Van De Sint  - Open De deur!","description":"De meiden van KADO vinden het magische dagboek van Sinterklaas, waarin allerlei geheimen staan van zowel de Sint als alle pieten in het kasteel. Het bevat daarnaast een route naar de geheime kamer van Sinterklaas met magische objecten. Als de pieten ontdekken dat hun geheimen in dit dagboek staan, scheuren zij er stiekem pagina's uit. En dat zorgt voor grote problemen.","still":"https:\/\/img-opt.cdn.smartvod.com\/smartvod\/images\/videoland\/data\/images\/z\/u\/53674d1e1947f_[format].jpeg","runtime":518,"editions":{"hd":{"price":0}},"is_downloadable":true},"E102672":{"id":102672,"ref":"E102672","type":"episode","position":5,"title":"Geheimen Van De Sint  - Wie Woont Waar?!","description":"De meiden van KADO vinden het magische dagboek van Sinterklaas, waarin allerlei geheimen staan van zowel de Sint als alle pieten in het kasteel. Het bevat daarnaast een route naar de geheime kamer van Sinterklaas met magische objecten. Als de pieten ontdekken dat hun geheimen in dit dagboek staan, scheuren zij er stiekem pagina's uit. En dat zorgt voor grote problemen.","still":"https:\/\/img-opt.cdn.smartvod.com\/smartvod\/images\/videoland\/data\/images\/z\/u\/53674d1e1947f_[format].jpeg","runtime":575,"editions":{"hd":{"price":0}},"is_downloadable":true},"E102670":{"id":102670,"ref":"E102670","type":"episode","position":6,"title":"Geheimen Van De Sint  - Eind goed, Opgesloten!","description":"De meiden van KADO vinden het magische dagboek van Sinterklaas, waarin allerlei geheimen staan van zowel de Sint als alle pieten in het kasteel. Het bevat daarnaast een route naar de geheime kamer van Sinterklaas met magische objecten. Als de pieten ontdekken dat hun geheimen in dit dagboek staan, scheuren zij er stiekem pagina's uit. En dat zorgt voor grote problemen.","still":"https:\/\/img-opt.cdn.smartvod.com\/smartvod\/images\/videoland\/data\/images\/z\/u\/53674d1e1947f_[format].jpeg","runtime":698,"editions":{"hd":{"price":0}},"is_downloadable":true}}}