{"id":500726,"ref":"S500726","type":"series","title":"How It's Done","year":2022,"rating":4,"poster":"https:\/\/img-opt.cdn.smartvod.com\/smartvod\/images\/videoland\/data\/images\/z\/f\/61292f037df90_[format].jpg","still":"https:\/\/img-opt.cdn.smartvod.com\/smartvod\/images\/videoland\/data\/images\/x\/d\/630ce211b944f_[format].jpg","cast":{},"genres":["Informatief"],"refs":["SN4432","SN4794","SN5168"],"is_adult":false,"is_kids":false,"is_available":true,"description":"We nemen een kijkje in de keuken van ondernemers en midden- en kleinbedrijven. Ondernemers en bedrijfsleiders vertellen openhartig over hoe zij hun producten en diensten realiseren, wat hen drijft en waar hun krachten liggen.","nicam":{"al":"Alle leeftijden"},"language":"nl","language_full":"Nederlands","details":{"SN4432":{"id":4432,"ref":"SN4432","type":"season","title":"8","position":8},"SN4794":{"id":4794,"ref":"SN4794","type":"season","title":"9","position":9},"SN5168":{"id":5168,"ref":"SN5168","type":"season","title":"10","position":10,"refs":["E102268","E102269","E102328","E102420","E102550","E102699"]},"E102268":{"id":102268,"ref":"E102268","type":"episode","position":1,"title":"","description":"We nemen een kijkje in de keuken van ondernemers en midden- en kleinbedrijven. Ondernemers en bedrijfsleiders vertellen openhartig over hoe zij hun producten en diensten realiseren, wat hen drijft en waar hun krachten liggen.","still":"https:\/\/img-opt.cdn.smartvod.com\/smartvod\/images\/videoland\/data\/images\/x\/d\/630ce211b944f_[format].jpg","runtime":1380,"editions":{"hd":{"price":0}},"is_downloadable":false},"E102269":{"id":102269,"ref":"E102269","type":"episode","position":2,"title":"","description":"We nemen een kijkje in de keuken van ondernemers en midden- en kleinbedrijven. Ondernemers en bedrijfsleiders vertellen openhartig over hoe zij hun producten en diensten realiseren, wat hen drijft en waar hun krachten liggen.","still":"https:\/\/img-opt.cdn.smartvod.com\/smartvod\/images\/videoland\/data\/images\/z\/u\/53674d1e1947f_[format].jpeg","runtime":1380,"editions":{"hd":{"price":0}},"is_downloadable":false},"E102328":{"id":102328,"ref":"E102328","type":"episode","position":3,"title":"","description":"We nemen een kijkje in de keuken van ondernemers en midden- en kleinbedrijven. Ondernemers en bedrijfsleiders vertellen openhartig over hoe zij hun producten en diensten realiseren, wat hen drijft en waar hun krachten liggen.","still":"https:\/\/img-opt.cdn.smartvod.com\/smartvod\/images\/videoland\/data\/images\/z\/u\/53674d1e1947f_[format].jpeg","runtime":1380,"editions":{"hd":{"price":0}},"is_downloadable":false},"E102420":{"id":102420,"ref":"E102420","type":"episode","position":4,"title":"","description":"We nemen een kijkje in de keuken van ondernemers en midden- en kleinbedrijven. Ondernemers en bedrijfsleiders vertellen openhartig over hoe zij hun producten en diensten realiseren, wat hen drijft en waar hun krachten liggen.","still":"https:\/\/img-opt.cdn.smartvod.com\/smartvod\/images\/videoland\/data\/images\/j\/p\/63297a7abdeef_[format].jpg","runtime":1380,"editions":{"hd":{"price":0}},"is_downloadable":false},"E102550":{"id":102550,"ref":"E102550","type":"episode","position":5,"title":"","description":"We nemen een kijkje in de keuken van ondernemers en midden- en kleinbedrijven. Ondernemers en bedrijfsleiders vertellen openhartig over hoe zij hun producten en diensten realiseren, wat hen drijft en waar hun krachten liggen.","still":"https:\/\/img-opt.cdn.smartvod.com\/smartvod\/images\/videoland\/data\/images\/d\/3\/6332bb2cb6fcb_[format].jpg","runtime":1380,"editions":{"hd":{"price":0}},"is_downloadable":false},"E102699":{"id":102699,"ref":"E102699","type":"episode","position":7,"title":"","description":"We nemen een kijkje in de keuken van ondernemers en midden- en kleinbedrijven. Ondernemers en bedrijfsleiders vertellen openhartig over hoe zij hun producten en diensten realiseren, wat hen drijft en waar hun krachten liggen.","still":"https:\/\/img-opt.cdn.smartvod.com\/smartvod\/images\/videoland\/data\/images\/6\/h\/634037777835a_[format].jpg","runtime":1380,"editions":{"hd":{"price":0}},"is_downloadable":false}}}