{"id":500726,"ref":"S500726","type":"series","title":"How It's Done","year":2022,"rating":4,"poster":"https:\/\/img-opt.cdn.smartvod.com\/smartvod\/images\/videoland\/data\/images\/z\/f\/61292f037df90_[format].jpg","still":"https:\/\/img-opt.cdn.smartvod.com\/smartvod\/images\/videoland\/data\/images\/x\/d\/630ce211b944f_[format].jpg","cast":{},"genres":["Informatief"],"refs":["SN4432","SN4794","SN5168"],"is_adult":false,"is_kids":false,"is_available":true,"description":"We nemen een kijkje in de keuken van ondernemers en midden- en kleinbedrijven. Ondernemers en bedrijfsleiders vertellen openhartig over hoe zij hun producten en diensten realiseren, wat hen drijft en waar hun krachten liggen.","nicam":{"al":"Alle leeftijden"},"language":"nl","language_full":"Nederlands","details":{"SN4432":{"id":4432,"ref":"SN4432","type":"season","title":"8","position":8},"SN4794":{"id":4794,"ref":"SN4794","type":"season","title":"9","position":9,"refs":["E95518","E95782","E95787","E95815","E96165","E96341","E96629","E96981","E97182","E97393","E97541","E97806","E98127","E98522","E98566","E98598","E98653","E98866","E99298","E99342","E99378","E99845","E100085","E100427","E100476","E100814"]},"SN5168":{"id":5168,"ref":"SN5168","type":"season","title":"10","position":10},"E95518":{"id":95518,"ref":"E95518","type":"episode","position":1,"title":"","description":"We nemen een kijkje in de keuken van ondernemers en midden- en kleinbedrijven. Ondernemers en bedrijfsleiders vertellen openhartig over hoe zij hun producten en diensten realiseren, wat hen drijft en waar hun krachten liggen.","still":"https:\/\/img-opt.cdn.smartvod.com\/smartvod\/images\/videoland\/data\/images\/f\/h\/61f7ea3a6d94d_[format].jpg","runtime":1380,"editions":{"hd":{"price":0}},"is_downloadable":false},"E95782":{"id":95782,"ref":"E95782","type":"episode","position":2,"title":"","description":"We nemen een kijkje in de keuken van ondernemers en midden- en kleinbedrijven. Ondernemers en bedrijfsleiders vertellen openhartig over hoe zij hun producten en diensten realiseren, wat hen drijft en waar hun krachten liggen.","still":"https:\/\/img-opt.cdn.smartvod.com\/smartvod\/images\/videoland\/data\/images\/3\/d\/62067a01a1dc2_[format].jpg","runtime":1380,"editions":{"hd":{"price":0}},"is_downloadable":false},"E95787":{"id":95787,"ref":"E95787","type":"episode","position":3,"title":"","description":"We nemen een kijkje in de keuken van ondernemers en midden- en kleinbedrijven. Ondernemers en bedrijfsleiders vertellen openhartig over hoe zij hun producten en diensten realiseren, wat hen drijft en waar hun krachten liggen.","still":"https:\/\/img-opt.cdn.smartvod.com\/smartvod\/images\/videoland\/data\/images\/l\/5\/621211435edc1_[format].jpg","runtime":1380,"editions":{"hd":{"price":0}},"is_downloadable":false},"E95815":{"id":95815,"ref":"E95815","type":"episode","position":4,"title":"","description":"We nemen een kijkje in de keuken van ondernemers en midden- en kleinbedrijven. Ondernemers en bedrijfsleiders vertellen openhartig over hoe zij hun producten en diensten realiseren, wat hen drijft en waar hun krachten liggen.","still":"https:\/\/img-opt.cdn.smartvod.com\/smartvod\/images\/videoland\/data\/images\/n\/q\/6218dd753fb0f_[format].jpg","runtime":1380,"editions":{"hd":{"price":0}},"is_downloadable":false},"E96165":{"id":96165,"ref":"E96165","type":"episode","position":5,"title":"","description":"We nemen een kijkje in de keuken van ondernemers en midden- en kleinbedrijven. Ondernemers en bedrijfsleiders vertellen openhartig over hoe zij hun producten en diensten realiseren, wat hen drijft en waar hun krachten liggen.","still":"https:\/\/img-opt.cdn.smartvod.com\/smartvod\/images\/videoland\/data\/images\/u\/x\/6222192828842_[format].jpg","runtime":1380,"editions":{"hd":{"price":0}},"is_downloadable":false},"E96341":{"id":96341,"ref":"E96341","type":"episode","position":6,"title":"","description":"We nemen een kijkje in de keuken van ondernemers en midden- en kleinbedrijven. Ondernemers en bedrijfsleiders vertellen openhartig over hoe zij hun producten en diensten realiseren, wat hen drijft en waar hun krachten liggen.","still":"https:\/\/img-opt.cdn.smartvod.com\/smartvod\/images\/videoland\/data\/images\/k\/t\/6229c51d07ee4_[format].jpg","runtime":1380,"editions":{"hd":{"price":0}},"is_downloadable":false},"E96629":{"id":96629,"ref":"E96629","type":"episode","position":7,"title":"","description":"We nemen een kijkje in de keuken van ondernemers en midden- en kleinbedrijven. Ondernemers en bedrijfsleiders vertellen openhartig over hoe zij hun producten en diensten realiseren, wat hen drijft en waar hun krachten liggen.","still":"https:\/\/img-opt.cdn.smartvod.com\/smartvod\/images\/videoland\/data\/images\/8\/b\/62470dae2d026_[format].jpg","runtime":1380,"editions":{"hd":{"price":0}},"is_downloadable":false},"E96981":{"id":96981,"ref":"E96981","type":"episode","position":8,"title":"","description":"We nemen een kijkje in de keuken van ondernemers en midden- en kleinbedrijven. Ondernemers en bedrijfsleiders vertellen openhartig over hoe zij hun producten en diensten realiseren, wat hen drijft en waar hun krachten liggen.","still":"https:\/\/img-opt.cdn.smartvod.com\/smartvod\/images\/videoland\/data\/images\/f\/e\/624c09caa5453_[format].jpg","runtime":1380,"editions":{"hd":{"price":0}},"is_downloadable":false},"E97182":{"id":97182,"ref":"E97182","type":"episode","position":9,"title":"","description":"We nemen een kijkje in de keuken van ondernemers en midden- en kleinbedrijven. Ondernemers en bedrijfsleiders vertellen openhartig over hoe zij hun producten en diensten realiseren, wat hen drijft en waar hun krachten liggen.","still":"https:\/\/img-opt.cdn.smartvod.com\/smartvod\/images\/videoland\/data\/images\/v\/1\/624bff3713b8c_[format].jpg","runtime":1380,"editions":{"hd":{"price":0}},"is_downloadable":false},"E97393":{"id":97393,"ref":"E97393","type":"episode","position":10,"title":"","description":"We nemen een kijkje in de keuken van ondernemers en midden- en kleinbedrijven. Ondernemers en bedrijfsleiders vertellen openhartig over hoe zij hun producten en diensten realiseren, wat hen drijft en waar hun krachten liggen.","still":"https:\/\/img-opt.cdn.smartvod.com\/smartvod\/images\/videoland\/data\/images\/n\/o\/624af98dccbd4_[format].jpg","runtime":1380,"editions":{"hd":{"price":0}},"is_downloadable":false},"E97541":{"id":97541,"ref":"E97541","type":"episode","position":11,"title":"","description":"We nemen een kijkje in de keuken van ondernemers en midden- en kleinbedrijven. Ondernemers en bedrijfsleiders vertellen openhartig over hoe zij hun producten en diensten realiseren, wat hen drijft en waar hun krachten liggen.","still":"https:\/\/img-opt.cdn.smartvod.com\/smartvod\/images\/videoland\/data\/images\/g\/u\/62553f7a08fb5_[format].jpg","runtime":1380,"editions":{"hd":{"price":0}},"is_downloadable":false},"E97806":{"id":97806,"ref":"E97806","type":"episode","position":12,"title":"","description":"We nemen een kijkje in de keuken van ondernemers en midden- en kleinbedrijven. Ondernemers en bedrijfsleiders vertellen openhartig over hoe zij hun producten en diensten realiseren, wat hen drijft en waar hun krachten liggen.","still":"https:\/\/img-opt.cdn.smartvod.com\/smartvod\/images\/videoland\/data\/images\/o\/l\/625e99deb4f1d_[format].jpg","runtime":1380,"editions":{"hd":{"price":0}},"is_downloadable":false},"E98127":{"id":98127,"ref":"E98127","type":"episode","position":13,"title":"","description":"We nemen een kijkje in de keuken van ondernemers en midden- en kleinbedrijven. Ondernemers en bedrijfsleiders vertellen openhartig over hoe zij hun producten en diensten realiseren, wat hen drijft en waar hun krachten liggen.","still":"https:\/\/img-opt.cdn.smartvod.com\/smartvod\/images\/videoland\/data\/images\/7\/r\/6266c680dc99c_[format].jpg","runtime":1380,"editions":{"hd":{"price":0}},"is_downloadable":false},"E98522":{"id":98522,"ref":"E98522","type":"episode","position":14,"title":"","description":"We nemen een kijkje in de keuken van ondernemers en midden- en kleinbedrijven. Ondernemers en bedrijfsleiders vertellen openhartig over hoe zij hun producten en diensten realiseren, wat hen drijft en waar hun krachten liggen.","still":"https:\/\/img-opt.cdn.smartvod.com\/smartvod\/images\/videoland\/data\/images\/4\/s\/6270e16312a25_[format].jpg","runtime":1380,"editions":{"hd":{"price":0}},"is_downloadable":false},"E98566":{"id":98566,"ref":"E98566","type":"episode","position":15,"title":"","description":"We nemen een kijkje in de keuken van ondernemers en midden- en kleinbedrijven. Ondernemers en bedrijfsleiders vertellen openhartig over hoe zij hun producten en diensten realiseren, wat hen drijft en waar hun krachten liggen.","still":"https:\/\/img-opt.cdn.smartvod.com\/smartvod\/images\/videoland\/data\/images\/t\/i\/627907ee8a234_[format].jpg","runtime":1380,"editions":{"hd":{"price":0}},"is_downloadable":false},"E98598":{"id":98598,"ref":"E98598","type":"episode","position":16,"title":"","description":"We nemen een kijkje in de keuken van ondernemers en midden- en kleinbedrijven. Ondernemers en bedrijfsleiders vertellen openhartig over hoe zij hun producten en diensten realiseren, wat hen drijft en waar hun krachten liggen.","still":"https:\/\/img-opt.cdn.smartvod.com\/smartvod\/images\/videoland\/data\/images\/n\/2\/62826e2ea4dc4_[format].jpg","runtime":1380,"editions":{"hd":{"price":0}},"is_downloadable":false},"E98653":{"id":98653,"ref":"E98653","type":"episode","position":17,"title":"","description":"We nemen een kijkje in de keuken van ondernemers en midden- en kleinbedrijven. Ondernemers en bedrijfsleiders vertellen openhartig over hoe zij hun producten en diensten realiseren, wat hen drijft en waar hun krachten liggen.","still":"https:\/\/img-opt.cdn.smartvod.com\/smartvod\/images\/videoland\/data\/images\/4\/0\/628ca051dd462_[format].jpg","runtime":1380,"editions":{"hd":{"price":0}},"is_downloadable":false},"E98866":{"id":98866,"ref":"E98866","type":"episode","position":18,"title":"","description":"We nemen een kijkje in de keuken van ondernemers en midden- en kleinbedrijven. Ondernemers en bedrijfsleiders vertellen openhartig over hoe zij hun producten en diensten realiseren, wat hen drijft en waar hun krachten liggen.","still":"https:\/\/img-opt.cdn.smartvod.com\/smartvod\/images\/videoland\/data\/images\/y\/0\/6295d2be6776b_[format].jpg","runtime":1380,"editions":{"hd":{"price":0}},"is_downloadable":false},"E99298":{"id":99298,"ref":"E99298","type":"episode","position":19,"title":"","description":"We nemen een kijkje in de keuken van ondernemers en midden- en kleinbedrijven. Ondernemers en bedrijfsleiders vertellen openhartig over hoe zij hun producten en diensten realiseren, wat hen drijft en waar hun krachten liggen.","still":"https:\/\/img-opt.cdn.smartvod.com\/smartvod\/images\/videoland\/data\/images\/u\/k\/629a3282d460f_[format].jpg","runtime":1380,"editions":{"hd":{"price":0}},"is_downloadable":false},"E99342":{"id":99342,"ref":"E99342","type":"episode","position":20,"title":"","description":"We nemen een kijkje in de keuken van ondernemers en midden- en kleinbedrijven. Ondernemers en bedrijfsleiders vertellen openhartig over hoe zij hun producten en diensten realiseren, wat hen drijft en waar hun krachten liggen.","still":"https:\/\/img-opt.cdn.smartvod.com\/smartvod\/images\/videoland\/data\/images\/p\/f\/62a855c682e5f_[format].jpg","runtime":1380,"editions":{"hd":{"price":0}},"is_downloadable":false},"E99378":{"id":99378,"ref":"E99378","type":"episode","position":21,"title":"","description":"We nemen een kijkje in de keuken van ondernemers en midden- en kleinbedrijven. Ondernemers en bedrijfsleiders vertellen openhartig over hoe zij hun producten en diensten realiseren, wat hen drijft en waar hun krachten liggen.","still":"https:\/\/img-opt.cdn.smartvod.com\/smartvod\/images\/videoland\/data\/images\/k\/u\/62b08510c17ef_[format].jpg","runtime":1380,"editions":{"hd":{"price":0}},"is_downloadable":false},"E99845":{"id":99845,"ref":"E99845","type":"episode","position":22,"title":"","description":"We nemen een kijkje in de keuken van ondernemers en midden- en kleinbedrijven. Ondernemers en bedrijfsleiders vertellen openhartig over hoe zij hun producten en diensten realiseren, wat hen drijft en waar hun krachten liggen.","still":"https:\/\/img-opt.cdn.smartvod.com\/smartvod\/images\/videoland\/data\/images\/z\/7\/62babb1bb5fed_[format].jpg","runtime":1380,"editions":{"hd":{"price":0}},"is_downloadable":false},"E100085":{"id":100085,"ref":"E100085","type":"episode","position":23,"title":"","description":"We nemen een kijkje in de keuken van ondernemers en midden- en kleinbedrijven. Ondernemers en bedrijfsleiders vertellen openhartig over hoe zij hun producten en diensten realiseren, wat hen drijft en waar hun krachten liggen.","still":"https:\/\/img-opt.cdn.smartvod.com\/smartvod\/images\/videoland\/data\/images\/s\/5\/62c3f6f9f3292_[format].jpg","runtime":1380,"editions":{"hd":{"price":0}},"is_downloadable":false},"E100427":{"id":100427,"ref":"E100427","type":"episode","position":24,"title":"","description":"We nemen een kijkje in de keuken van ondernemers en midden- en kleinbedrijven. Ondernemers en bedrijfsleiders vertellen openhartig over hoe zij hun producten en diensten realiseren, wat hen drijft en waar hun krachten liggen.","still":"https:\/\/img-opt.cdn.smartvod.com\/smartvod\/images\/videoland\/data\/images\/9\/v\/62cbd9c45ff1e_[format].jpg","runtime":1380,"editions":{"hd":{"price":0}},"is_downloadable":false},"E100476":{"id":100476,"ref":"E100476","type":"episode","position":25,"title":"","description":"We nemen een kijkje in de keuken van ondernemers en midden- en kleinbedrijven. Ondernemers en bedrijfsleiders vertellen openhartig over hoe zij hun producten en diensten realiseren, wat hen drijft en waar hun krachten liggen.","still":"https:\/\/img-opt.cdn.smartvod.com\/smartvod\/images\/videoland\/data\/images\/v\/j\/62d18253ea380_[format].jpg","runtime":1380,"editions":{"hd":{"price":0}},"is_downloadable":false},"E100814":{"id":100814,"ref":"E100814","type":"episode","position":26,"title":"","description":"We nemen een kijkje in de keuken van ondernemers en midden- en kleinbedrijven. Ondernemers en bedrijfsleiders vertellen openhartig over hoe zij hun producten en diensten realiseren, wat hen drijft en waar hun krachten liggen.","still":"https:\/\/img-opt.cdn.smartvod.com\/smartvod\/images\/videoland\/data\/images\/2\/o\/62de9b1abce3b_[format].jpg","runtime":1380,"editions":{"hd":{"price":0}},"is_downloadable":false}}}