{"id":500615,"ref":"S500615","type":"series","title":"S.W.A.T.","year":2021,"rating":4,"poster":"https:\/\/img-opt.cdn.smartvod.com\/smartvod\/images\/videoland\/data\/images\/m\/h\/60896de6d71de_[format].jpg","still":"https:\/\/img-opt.cdn.smartvod.com\/smartvod\/images\/videoland\/data\/images\/e\/7\/608a679c425be_[format].jpeg","cast":{"actors":["Alex Russell","Jay Harrington","Shemar Moore"]},"genres":["Actie","Avontuur","Misdaad"],"refs":["SN4109","SN4111","SN4288","SN5036"],"is_adult":false,"is_kids":false,"is_available":true,"description":"Als de politie in Los Angeles hulp nodig heeft, komt het S.W.A.T.-team van Daniel 'Hondo' Harrelson in actie. De voormalig marinier is loyaal aan zijn collega's in het blauw, maar ook aan 'de straat' en pleit voor wederzijds respect. De goedgetrainde mannen en vrouwen uit Hondo's team nemen dagelijks risico's om levens te redden en misdaden op te lossen.","nicam":{"12":"Mogelijk schadelijk tot 12 jaar","geweld":"Geweld","angst":"Angst"},"language":"en","language_full":"Engels","details":{"SN4109":{"id":4109,"ref":"SN4109","type":"season","title":"1","position":1},"SN4111":{"id":4111,"ref":"SN4111","type":"season","title":"2","position":2},"SN4288":{"id":4288,"ref":"SN4288","type":"season","title":"3","position":3,"refs":["E87603","E87613","E87610","E87608","E87611","E87607","E87605","E87614","E87609","E87604","E87612","E87606","E87617","E87620","E87618","E87621","E87623","E87619","E87622","E87616","E87615"]},"SN5036":{"id":5036,"ref":"SN5036","type":"season","title":"4","position":4},"E87603":{"id":87603,"ref":"E87603","type":"episode","position":1,"title":"Fire In The Sky","description":"Als de politie in Los Angeles hulp nodig heeft, komt het S.W.A.T.-team van Daniel 'Hondo' Harrelson in actie. De voormalig marinier is loyaal aan zijn collega's in het blauw, maar ook aan 'de straat' en pleit voor wederzijds respect.","still":"https:\/\/img-opt.cdn.smartvod.com\/smartvod\/images\/videoland\/data\/images\/r\/t\/60cb3f1f48724_[format].jpg","runtime":2445,"editions":{"hd":{"price":0}},"is_downloadable":true},"E87613":{"id":87613,"ref":"E87613","type":"episode","position":2,"title":"Bad Faith","description":"Als de politie in Los Angeles hulp nodig heeft, komt het S.W.A.T.-team van Daniel 'Hondo' Harrelson in actie. De voormalig marinier is loyaal aan zijn collega's in het blauw, maar ook aan 'de straat' en pleit voor wederzijds respect.","still":"https:\/\/img-opt.cdn.smartvod.com\/smartvod\/images\/videoland\/data\/images\/c\/q\/60de11df29f3d_[format].jpg","runtime":2415,"editions":{"hd":{"price":0}},"is_downloadable":true},"E87610":{"id":87610,"ref":"E87610","type":"episode","position":3,"title":"Funny Money","description":"Als de politie in Los Angeles hulp nodig heeft, komt het S.W.A.T.-team van Daniel 'Hondo' Harrelson in actie. De voormalig marinier is loyaal aan zijn collega's in het blauw, maar ook aan 'de straat' en pleit voor wederzijds respect.","still":"https:\/\/img-opt.cdn.smartvod.com\/smartvod\/images\/videoland\/data\/images\/k\/d\/60de11e0c8942_[format].jpg","runtime":2369,"editions":{"hd":{"price":0}},"is_downloadable":true},"E87608":{"id":87608,"ref":"E87608","type":"episode","position":4,"title":"Immunity","description":"Als de politie in Los Angeles hulp nodig heeft, komt het S.W.A.T.-team van Daniel 'Hondo' Harrelson in actie. De voormalig marinier is loyaal aan zijn collega's in het blauw, maar ook aan 'de straat' en pleit voor wederzijds respect.","still":"https:\/\/img-opt.cdn.smartvod.com\/smartvod\/images\/videoland\/data\/images\/9\/s\/60de11eb32148_[format].jpg","runtime":2386,"editions":{"hd":{"price":0}},"is_downloadable":true},"E87611":{"id":87611,"ref":"E87611","type":"episode","position":5,"title":"The LBC","description":"Als de politie in Los Angeles hulp nodig heeft, komt het S.W.A.T.-team van Daniel 'Hondo' Harrelson in actie. De voormalig marinier is loyaal aan zijn collega's in het blauw, maar ook aan 'de straat' en pleit voor wederzijds respect.","still":"https:\/\/img-opt.cdn.smartvod.com\/smartvod\/images\/videoland\/data\/images\/b\/g\/60de10cbdbaa4_[format].jpg","runtime":2423,"editions":{"hd":{"price":0}},"is_downloadable":true},"E87607":{"id":87607,"ref":"E87607","type":"episode","position":6,"title":"Kingdom","description":"Als de politie in Los Angeles hulp nodig heeft, komt het S.W.A.T.-team van Daniel 'Hondo' Harrelson in actie. De voormalig marinier is loyaal aan zijn collega's in het blauw, maar ook aan 'de straat' en pleit voor wederzijds respect.","still":"https:\/\/img-opt.cdn.smartvod.com\/smartvod\/images\/videoland\/data\/images\/0\/b\/60de10cff053f_[format].jpg","runtime":2450,"editions":{"hd":{"price":0}},"is_downloadable":true},"E87605":{"id":87605,"ref":"E87605","type":"episode","position":7,"title":"Track","description":"Als de politie in Los Angeles hulp nodig heeft, komt het S.W.A.T.-team van Daniel 'Hondo' Harrelson in actie. De voormalig marinier is loyaal aan zijn collega's in het blauw, maar ook aan 'de straat' en pleit voor wederzijds respect.","still":"https:\/\/img-opt.cdn.smartvod.com\/smartvod\/images\/videoland\/data\/images\/b\/0\/60de10cdd52b7_[format].jpg","runtime":2390,"editions":{"hd":{"price":0}},"is_downloadable":true},"E87614":{"id":87614,"ref":"E87614","type":"episode","position":8,"title":"Lion's Den","description":"Als de politie in Los Angeles hulp nodig heeft, komt het S.W.A.T.-team van Daniel 'Hondo' Harrelson in actie. De voormalig marinier is loyaal aan zijn collega's in het blauw, maar ook aan 'de straat' en pleit voor wederzijds respect.","still":"https:\/\/img-opt.cdn.smartvod.com\/smartvod\/images\/videoland\/data\/images\/l\/5\/60cc5be34ba34_[format].jpg","runtime":2449,"editions":{"hd":{"price":0}},"is_downloadable":true},"E87609":{"id":87609,"ref":"E87609","type":"episode","position":9,"title":"Sea Legs","description":"Als de politie in Los Angeles hulp nodig heeft, komt het S.W.A.T.-team van Daniel 'Hondo' Harrelson in actie. De voormalig marinier is loyaal aan zijn collega's in het blauw, maar ook aan 'de straat' en pleit voor wederzijds respect.","still":"https:\/\/img-opt.cdn.smartvod.com\/smartvod\/images\/videoland\/data\/images\/z\/9\/60de10d29b0a1_[format].jpg","runtime":2360,"editions":{"hd":{"price":0}},"is_downloadable":true},"E87604":{"id":87604,"ref":"E87604","type":"episode","position":10,"title":"Monster","description":"Als de politie in Los Angeles hulp nodig heeft, komt het S.W.A.T.-team van Daniel 'Hondo' Harrelson in actie. De voormalig marinier is loyaal aan zijn collega's in het blauw, maar ook aan 'de straat' en pleit voor wederzijds respect.","still":"https:\/\/img-opt.cdn.smartvod.com\/smartvod\/images\/videoland\/data\/images\/1\/p\/60de10c368f1d_[format].jpg","runtime":2456,"editions":{"hd":{"price":0}},"is_downloadable":true},"E87612":{"id":87612,"ref":"E87612","type":"episode","position":11,"title":"Bad Cop","description":"Als de politie in Los Angeles hulp nodig heeft, komt het S.W.A.T.-team van Daniel 'Hondo' Harrelson in actie. De voormalig marinier is loyaal aan zijn collega's in het blauw, maar ook aan 'de straat' en pleit voor wederzijds respect.","still":"https:\/\/img-opt.cdn.smartvod.com\/smartvod\/images\/videoland\/data\/images\/m\/v\/60de10c54d6aa_[format].jpg","runtime":2440,"editions":{"hd":{"price":0}},"is_downloadable":true},"E87606":{"id":87606,"ref":"E87606","type":"episode","position":12,"title":"Good Cop","description":"Als de politie in Los Angeles hulp nodig heeft, komt het S.W.A.T.-team van Daniel 'Hondo' Harrelson in actie. De voormalig marinier is loyaal aan zijn collega's in het blauw, maar ook aan 'de straat' en pleit voor wederzijds respect.","still":"https:\/\/img-opt.cdn.smartvod.com\/smartvod\/images\/videoland\/data\/images\/p\/3\/60de10c6c8eb2_[format].jpg","runtime":2458,"editions":{"hd":{"price":0}},"is_downloadable":true},"E87617":{"id":87617,"ref":"E87617","type":"episode","position":13,"title":"Ekitai Rashku","description":"Als de politie in Los Angeles hulp nodig heeft, komt het S.W.A.T.-team van Daniel 'Hondo' Harrelson in actie. De voormalig marinier is loyaal aan zijn collega's in het blauw, maar ook aan 'de straat' en pleit voor wederzijds respect.","still":"https:\/\/img-opt.cdn.smartvod.com\/smartvod\/images\/videoland\/data\/images\/7\/1\/60de10de8f1f6_[format].jpg","runtime":2455,"editions":{"hd":{"price":0}},"is_downloadable":true},"E87620":{"id":87620,"ref":"E87620","type":"episode","position":14,"title":"Animus","description":"Als de politie in Los Angeles hulp nodig heeft, komt het S.W.A.T.-team van Daniel 'Hondo' Harrelson in actie. De voormalig marinier is loyaal aan zijn collega's in het blauw, maar ook aan 'de straat' en pleit voor wederzijds respect.","still":"https:\/\/img-opt.cdn.smartvod.com\/smartvod\/images\/videoland\/data\/images\/v\/5\/60de10e2dba8c_[format].jpg","runtime":2429,"editions":{"hd":{"price":0}},"is_downloadable":true},"E87618":{"id":87618,"ref":"E87618","type":"episode","position":15,"title":"Knockout","description":"Als de politie in Los Angeles hulp nodig heeft, komt het S.W.A.T.-team van Daniel 'Hondo' Harrelson in actie. De voormalig marinier is loyaal aan zijn collega's in het blauw, maar ook aan 'de straat' en pleit voor wederzijds respect.","still":"https:\/\/img-opt.cdn.smartvod.com\/smartvod\/images\/videoland\/data\/images\/c\/y\/60de10dcf3f14_[format].jpg","runtime":2455,"editions":{"hd":{"price":0}},"is_downloadable":true},"E87621":{"id":87621,"ref":"E87621","type":"episode","position":16,"title":"Gunpowder Treason","description":"Als de politie in Los Angeles hulp nodig heeft, komt het S.W.A.T.-team van Daniel 'Hondo' Harrelson in actie. De voormalig marinier is loyaal aan zijn collega's in het blauw, maar ook aan 'de straat' en pleit voor wederzijds respect.","still":"https:\/\/img-opt.cdn.smartvod.com\/smartvod\/images\/videoland\/data\/images\/n\/j\/60de10d7cfe1e_[format].jpg","runtime":2446,"editions":{"hd":{"price":0}},"is_downloadable":true},"E87623":{"id":87623,"ref":"E87623","type":"episode","position":17,"title":"Hotel L.A.","description":"Als de politie in Los Angeles hulp nodig heeft, komt het S.W.A.T.-team van Daniel 'Hondo' Harrelson in actie. De voormalig marinier is loyaal aan zijn collega's in het blauw, maar ook aan 'de straat' en pleit voor wederzijds respect.","still":"https:\/\/img-opt.cdn.smartvod.com\/smartvod\/images\/videoland\/data\/images\/d\/y\/60de11ec9febe_[format].jpg","runtime":2364,"editions":{"hd":{"price":0}},"is_downloadable":true},"E87619":{"id":87619,"ref":"E87619","type":"episode","position":18,"title":"Stigma","description":"Als de politie in Los Angeles hulp nodig heeft, komt het S.W.A.T.-team van Daniel 'Hondo' Harrelson in actie. De voormalig marinier is loyaal aan zijn collega's in het blauw, maar ook aan 'de straat' en pleit voor wederzijds respect.","still":"https:\/\/img-opt.cdn.smartvod.com\/smartvod\/images\/videoland\/data\/images\/p\/k\/60de10d5a52d7_[format].jpg","runtime":2459,"editions":{"hd":{"price":0}},"is_downloadable":true},"E87622":{"id":87622,"ref":"E87622","type":"episode","position":19,"title":"Vice","description":"Als de politie in Los Angeles hulp nodig heeft, komt het S.W.A.T.-team van Daniel 'Hondo' Harrelson in actie. De voormalig marinier is loyaal aan zijn collega's in het blauw, maar ook aan 'de straat' en pleit voor wederzijds respect.","still":"https:\/\/img-opt.cdn.smartvod.com\/smartvod\/images\/videoland\/data\/images\/x\/9\/60de10db7f974_[format].jpg","runtime":2459,"editions":{"hd":{"price":0}},"is_downloadable":true},"E87616":{"id":87616,"ref":"E87616","type":"episode","position":20,"title":"Wild Ones","description":"Als de politie in Los Angeles hulp nodig heeft, komt het S.W.A.T.-team van Daniel 'Hondo' Harrelson in actie. De voormalig marinier is loyaal aan zijn collega's in het blauw, maar ook aan 'de straat' en pleit voor wederzijds respect.","still":"https:\/\/img-opt.cdn.smartvod.com\/smartvod\/images\/videoland\/data\/images\/4\/o\/60de10c85bfbb_[format].jpg","runtime":2377,"editions":{"hd":{"price":0}},"is_downloadable":true},"E87615":{"id":87615,"ref":"E87615","type":"episode","position":21,"title":"Diablo","description":"Als de politie in Los Angeles hulp nodig heeft, komt het S.W.A.T.-team van Daniel 'Hondo' Harrelson in actie. De voormalig marinier is loyaal aan zijn collega's in het blauw, maar ook aan 'de straat' en pleit voor wederzijds respect.","still":"https:\/\/img-opt.cdn.smartvod.com\/smartvod\/images\/videoland\/data\/images\/c\/j\/60de10e475ae8_[format].jpg","runtime":2435,"editions":{"hd":{"price":0}},"is_downloadable":true}}}