{"id":500681,"ref":"S500681","type":"series","title":"Piet Piraat","year":2001,"rating":4,"poster":"https:\/\/img-opt.cdn.smartvod.com\/smartvod\/images\/videoland\/data\/images\/o\/p\/60c9ed9648347_[format].jpg","still":"https:\/\/img-opt.cdn.smartvod.com\/smartvod\/images\/videoland\/data\/images\/q\/8\/60e86cabb272f_[format].jpg","cast":{},"genres":["Kids"],"refs":["SN4300","SN4301","SN4302"],"is_adult":false,"is_kids":true,"is_available":true,"description":"Op zijn schip De Scheve Schuit maakt Piet Piraat samen met zijn bemanning de gekste avonturen mee. Ze speuren de grote wateren af op zoek naar de verborgen schat die Piets opa ooit heeft begraven. Samen met zijn vrienden gaat hij geen enkele uitdaging uit de weg. Alle hens aan dek dus voor Piet Piraat en zijn gekke bende!","nicam":{"al":"Alle leeftijden"},"language":"nl","language_full":"Nederlands","details":{"SN4300":{"id":4300,"ref":"SN4300","type":"season","title":"1","position":1},"SN4301":{"id":4301,"ref":"SN4301","type":"season","title":"2","position":2,"refs":["E87963","E87957","E87950","E87958","E87977","E87968","E87985","E87974","E87962","E87976","E87973","E87960","E87949","E87978","E87969","E87983","E87972","E87965","E87951","E87956","E87955","E87953","E87954","E87947","E87982","E87970","E87964","E87959","E87961","E87952","E87986","E87981","E87979","E87966","E87967","E87971","E87975","E87980","E87984","E87948"]},"SN4302":{"id":4302,"ref":"SN4302","type":"season","title":"3","position":3},"E87963":{"id":87963,"ref":"E87963","type":"episode","position":1,"title":"Wortels","description":"Op zijn schip De Scheve Schuit maakt Piet Piraat samen met zijn bemanning de gekste avonturen mee. Ze speuren de grote wateren af op zoek naar de verborgen schat die Piets opa ooit heeft begraven. Samen met zijn vrienden gaat hij geen enkele uitdaging uit de weg. Alle hens aan dek dus voor Piet Piraat en zijn gekke bende!","still":"https:\/\/img-opt.cdn.smartvod.com\/smartvod\/images\/videoland\/data\/images\/t\/h\/60e86cc0710bc_[format].jpg","runtime":279,"editions":{"sd":{"price":0}},"is_downloadable":true},"E87957":{"id":87957,"ref":"E87957","type":"episode","position":2,"title":"Steven Op De Vlucht","description":"Op zijn schip De Scheve Schuit maakt Piet Piraat samen met zijn bemanning de gekste avonturen mee. Ze speuren de grote wateren af op zoek naar de verborgen schat die Piets opa ooit heeft begraven. Samen met zijn vrienden gaat hij geen enkele uitdaging uit de weg. Alle hens aan dek dus voor Piet Piraat en zijn gekke bende!","still":"https:\/\/img-opt.cdn.smartvod.com\/smartvod\/images\/videoland\/data\/images\/e\/i\/60e86801cc107_[format].jpg","runtime":361,"editions":{"sd":{"price":0}},"is_downloadable":true},"E87950":{"id":87950,"ref":"E87950","type":"episode","position":3,"title":"Kapiteintjesdag","description":"Op zijn schip De Scheve Schuit maakt Piet Piraat samen met zijn bemanning de gekste avonturen mee. Ze speuren de grote wateren af op zoek naar de verborgen schat die Piets opa ooit heeft begraven. Samen met zijn vrienden gaat hij geen enkele uitdaging uit de weg. Alle hens aan dek dus voor Piet Piraat en zijn gekke bende!","still":"https:\/\/img-opt.cdn.smartvod.com\/smartvod\/images\/videoland\/data\/images\/n\/2\/60e867fd38bdf_[format].jpg","runtime":297,"editions":{"sd":{"price":0}},"is_downloadable":true},"E87958":{"id":87958,"ref":"E87958","type":"episode","position":4,"title":"Chocolademelk","description":"Op zijn schip De Scheve Schuit maakt Piet Piraat samen met zijn bemanning de gekste avonturen mee. Ze speuren de grote wateren af op zoek naar de verborgen schat die Piets opa ooit heeft begraven. Samen met zijn vrienden gaat hij geen enkele uitdaging uit de weg. Alle hens aan dek dus voor Piet Piraat en zijn gekke bende!","still":"https:\/\/img-opt.cdn.smartvod.com\/smartvod\/images\/videoland\/data\/images\/4\/5\/60e86cbd60adb_[format].jpg","runtime":319,"editions":{"sd":{"price":0}},"is_downloadable":true},"E87977":{"id":87977,"ref":"E87977","type":"episode","position":5,"title":"De Baby","description":"Op zijn schip De Scheve Schuit maakt Piet Piraat samen met zijn bemanning de gekste avonturen mee. Ze speuren de grote wateren af op zoek naar de verborgen schat die Piets opa ooit heeft begraven. Samen met zijn vrienden gaat hij geen enkele uitdaging uit de weg. Alle hens aan dek dus voor Piet Piraat en zijn gekke bende!","still":"https:\/\/img-opt.cdn.smartvod.com\/smartvod\/images\/videoland\/data\/images\/0\/p\/60e86ca883978_[format].jpg","runtime":322,"editions":{"sd":{"price":0}},"is_downloadable":true},"E87968":{"id":87968,"ref":"E87968","type":"episode","position":6,"title":"Piraten Vangen","description":"Op zijn schip De Scheve Schuit maakt Piet Piraat samen met zijn bemanning de gekste avonturen mee. Ze speuren de grote wateren af op zoek naar de verborgen schat die Piets opa ooit heeft begraven. Samen met zijn vrienden gaat hij geen enkele uitdaging uit de weg. Alle hens aan dek dus voor Piet Piraat en zijn gekke bende!","still":"https:\/\/img-opt.cdn.smartvod.com\/smartvod\/images\/videoland\/data\/images\/6\/p\/60e866ece7580_[format].jpg","runtime":282,"editions":{"sd":{"price":0}},"is_downloadable":true},"E87985":{"id":87985,"ref":"E87985","type":"episode","position":7,"title":"De Poes","description":"Op zijn schip De Scheve Schuit maakt Piet Piraat samen met zijn bemanning de gekste avonturen mee. Ze speuren de grote wateren af op zoek naar de verborgen schat die Piets opa ooit heeft begraven. Samen met zijn vrienden gaat hij geen enkele uitdaging uit de weg. Alle hens aan dek dus voor Piet Piraat en zijn gekke bende!","still":"https:\/\/img-opt.cdn.smartvod.com\/smartvod\/images\/videoland\/data\/images\/6\/v\/60e86809996a3_[format].jpg","runtime":305,"editions":{"sd":{"price":0}},"is_downloadable":true},"E87974":{"id":87974,"ref":"E87974","type":"episode","position":8,"title":"Piet Matroos","description":"Op zijn schip De Scheve Schuit maakt Piet Piraat samen met zijn bemanning de gekste avonturen mee. Ze speuren de grote wateren af op zoek naar de verborgen schat die Piets opa ooit heeft begraven. Samen met zijn vrienden gaat hij geen enkele uitdaging uit de weg. Alle hens aan dek dus voor Piet Piraat en zijn gekke bende!","still":"https:\/\/img-opt.cdn.smartvod.com\/smartvod\/images\/videoland\/data\/images\/h\/h\/60e86dd35ea9c_[format].jpg","runtime":330,"editions":{"sd":{"price":0}},"is_downloadable":true},"E87962":{"id":87962,"ref":"E87962","type":"episode","position":9,"title":"Een Wedstrijdje Vissen","description":"Op zijn schip De Scheve Schuit maakt Piet Piraat samen met zijn bemanning de gekste avonturen mee. Ze speuren de grote wateren af op zoek naar de verborgen schat die Piets opa ooit heeft begraven. Samen met zijn vrienden gaat hij geen enkele uitdaging uit de weg. Alle hens aan dek dus voor Piet Piraat en zijn gekke bende!","still":"https:\/\/img-opt.cdn.smartvod.com\/smartvod\/images\/videoland\/data\/images\/1\/e\/60e866fde6e95_[format].jpg","runtime":331,"editions":{"sd":{"price":0}},"is_downloadable":true},"E87976":{"id":87976,"ref":"E87976","type":"episode","position":10,"title":"Het Spookverhaal","description":"Op zijn schip De Scheve Schuit maakt Piet Piraat samen met zijn bemanning de gekste avonturen mee. Ze speuren de grote wateren af op zoek naar de verborgen schat die Piets opa ooit heeft begraven. Samen met zijn vrienden gaat hij geen enkele uitdaging uit de weg. Alle hens aan dek dus voor Piet Piraat en zijn gekke bende!","still":"https:\/\/img-opt.cdn.smartvod.com\/smartvod\/images\/videoland\/data\/images\/p\/f\/60e86f0c15c65_[format].jpg","runtime":316,"editions":{"sd":{"price":0}},"is_downloadable":true},"E87973":{"id":87973,"ref":"E87973","type":"episode","position":11,"title":"Schaapjes Tellen","description":"Op zijn schip De Scheve Schuit maakt Piet Piraat samen met zijn bemanning de gekste avonturen mee. Ze speuren de grote wateren af op zoek naar de verborgen schat die Piets opa ooit heeft begraven. Samen met zijn vrienden gaat hij geen enkele uitdaging uit de weg. Alle hens aan dek dus voor Piet Piraat en zijn gekke bende!","still":"https:\/\/img-opt.cdn.smartvod.com\/smartvod\/images\/videoland\/data\/images\/w\/i\/60e868080b8c7_[format].jpg","runtime":317,"editions":{"sd":{"price":0}},"is_downloadable":true},"E87960":{"id":87960,"ref":"E87960","type":"episode","position":12,"title":"De Voodoopop","description":"Op zijn schip De Scheve Schuit maakt Piet Piraat samen met zijn bemanning de gekste avonturen mee. Ze speuren de grote wateren af op zoek naar de verborgen schat die Piets opa ooit heeft begraven. Samen met zijn vrienden gaat hij geen enkele uitdaging uit de weg. Alle hens aan dek dus voor Piet Piraat en zijn gekke bende!","still":"https:\/\/img-opt.cdn.smartvod.com\/smartvod\/images\/videoland\/data\/images\/e\/3\/60e8692e071e0_[format].jpg","runtime":315,"editions":{"sd":{"price":0}},"is_downloadable":true},"E87949":{"id":87949,"ref":"E87949","type":"episode","position":13,"title":"Het Hart Van Stien","description":"Op zijn schip De Scheve Schuit maakt Piet Piraat samen met zijn bemanning de gekste avonturen mee. Ze speuren de grote wateren af op zoek naar de verborgen schat die Piets opa ooit heeft begraven. Samen met zijn vrienden gaat hij geen enkele uitdaging uit de weg. Alle hens aan dek dus voor Piet Piraat en zijn gekke bende!","still":"https:\/\/img-opt.cdn.smartvod.com\/smartvod\/images\/videoland\/data\/images\/k\/2\/60e867fbb2f2e_[format].jpg","runtime":319,"editions":{"sd":{"price":0}},"is_downloadable":true},"E87978":{"id":87978,"ref":"E87978","type":"episode","position":14,"title":"Berend Moet Studeren","description":"Op zijn schip De Scheve Schuit maakt Piet Piraat samen met zijn bemanning de gekste avonturen mee. Ze speuren de grote wateren af op zoek naar de verborgen schat die Piets opa ooit heeft begraven. Samen met zijn vrienden gaat hij geen enkele uitdaging uit de weg. Alle hens aan dek dus voor Piet Piraat en zijn gekke bende!","still":"https:\/\/img-opt.cdn.smartvod.com\/smartvod\/images\/videoland\/data\/images\/k\/r\/60e86df076624_[format].jpg","runtime":305,"editions":{"sd":{"price":0}},"is_downloadable":true},"E87969":{"id":87969,"ref":"E87969","type":"episode","position":15,"title":"Liesje","description":"Op zijn schip De Scheve Schuit maakt Piet Piraat samen met zijn bemanning de gekste avonturen mee. Ze speuren de grote wateren af op zoek naar de verborgen schat die Piets opa ooit heeft begraven. Samen met zijn vrienden gaat hij geen enkele uitdaging uit de weg. Alle hens aan dek dus voor Piet Piraat en zijn gekke bende!","still":"https:\/\/img-opt.cdn.smartvod.com\/smartvod\/images\/videoland\/data\/images\/h\/w\/60e866fc5e605_[format].jpg","runtime":313,"editions":{"sd":{"price":0}},"is_downloadable":true},"E87983":{"id":87983,"ref":"E87983","type":"episode","position":16,"title":"Het Superzaad","description":"Op zijn schip De Scheve Schuit maakt Piet Piraat samen met zijn bemanning de gekste avonturen mee. Ze speuren de grote wateren af op zoek naar de verborgen schat die Piets opa ooit heeft begraven. Samen met zijn vrienden gaat hij geen enkele uitdaging uit de weg. Alle hens aan dek dus voor Piet Piraat en zijn gekke bende!","still":"https:\/\/img-opt.cdn.smartvod.com\/smartvod\/images\/videoland\/data\/images\/r\/i\/60e869276c011_[format].jpg","runtime":313,"editions":{"sd":{"price":0}},"is_downloadable":true},"E87972":{"id":87972,"ref":"E87972","type":"episode","position":17,"title":"De Beste Kok","description":"Op zijn schip De Scheve Schuit maakt Piet Piraat samen met zijn bemanning de gekste avonturen mee. Ze speuren de grote wateren af op zoek naar de verborgen schat die Piets opa ooit heeft begraven. Samen met zijn vrienden gaat hij geen enkele uitdaging uit de weg. Alle hens aan dek dus voor Piet Piraat en zijn gekke bende!","still":"https:\/\/img-opt.cdn.smartvod.com\/smartvod\/images\/videoland\/data\/images\/f\/b\/60e8680524ee2_[format].jpg","runtime":318,"editions":{"sd":{"price":0}},"is_downloadable":true},"E87965":{"id":87965,"ref":"E87965","type":"episode","position":18,"title":"Hoffelijk Zijn","description":"Op zijn schip De Scheve Schuit maakt Piet Piraat samen met zijn bemanning de gekste avonturen mee. Ze speuren de grote wateren af op zoek naar de verborgen schat die Piets opa ooit heeft begraven. Samen met zijn vrienden gaat hij geen enkele uitdaging uit de weg. Alle hens aan dek dus voor Piet Piraat en zijn gekke bende!","still":"https:\/\/img-opt.cdn.smartvod.com\/smartvod\/images\/videoland\/data\/images\/b\/n\/60e866d631fbb_[format].jpg","runtime":304,"editions":{"sd":{"price":0}},"is_downloadable":true},"E87951":{"id":87951,"ref":"E87951","type":"episode","position":19,"title":"Het Circus","description":"Op zijn schip De Scheve Schuit maakt Piet Piraat samen met zijn bemanning de gekste avonturen mee. Ze speuren de grote wateren af op zoek naar de verborgen schat die Piets opa ooit heeft begraven. Samen met zijn vrienden gaat hij geen enkele uitdaging uit de weg. Alle hens aan dek dus voor Piet Piraat en zijn gekke bende!","still":"https:\/\/img-opt.cdn.smartvod.com\/smartvod\/images\/videoland\/data\/images\/m\/1\/60e867feab3be_[format].jpg","runtime":319,"editions":{"sd":{"price":0}},"is_downloadable":true},"E87956":{"id":87956,"ref":"E87956","type":"episode","position":20,"title":"De Haai","description":"Op zijn schip De Scheve Schuit maakt Piet Piraat samen met zijn bemanning de gekste avonturen mee. Ze speuren de grote wateren af op zoek naar de verborgen schat die Piets opa ooit heeft begraven. Samen met zijn vrienden gaat hij geen enkele uitdaging uit de weg. Alle hens aan dek dus voor Piet Piraat en zijn gekke bende!","still":"https:\/\/img-opt.cdn.smartvod.com\/smartvod\/images\/videoland\/data\/images\/u\/4\/60e8680045329_[format].jpg","runtime":317,"editions":{"sd":{"price":0}},"is_downloadable":true},"E87955":{"id":87955,"ref":"E87955","type":"episode","position":21,"title":"Kapitein Van De Helena","description":"Op zijn schip De Scheve Schuit maakt Piet Piraat samen met zijn bemanning de gekste avonturen mee. Ze speuren de grote wateren af op zoek naar de verborgen schat die Piets opa ooit heeft begraven. Samen met zijn vrienden gaat hij geen enkele uitdaging uit de weg. Alle hens aan dek dus voor Piet Piraat en zijn gekke bende!","still":"https:\/\/img-opt.cdn.smartvod.com\/smartvod\/images\/videoland\/data\/images\/z\/7\/60e86f021e172_[format].jpg","runtime":328,"editions":{"sd":{"price":0}},"is_downloadable":true},"E87953":{"id":87953,"ref":"E87953","type":"episode","position":22,"title":"De Nieuwe Oorring","description":"Op zijn schip De Scheve Schuit maakt Piet Piraat samen met zijn bemanning de gekste avonturen mee. Ze speuren de grote wateren af op zoek naar de verborgen schat die Piets opa ooit heeft begraven. Samen met zijn vrienden gaat hij geen enkele uitdaging uit de weg. Alle hens aan dek dus voor Piet Piraat en zijn gekke bende!","still":"https:\/\/img-opt.cdn.smartvod.com\/smartvod\/images\/videoland\/data\/images\/p\/p\/60e869374cf33_[format].jpg","runtime":273,"editions":{"sd":{"price":0}},"is_downloadable":true},"E87954":{"id":87954,"ref":"E87954","type":"episode","position":23,"title":"De Papegaai","description":"Op zijn schip De Scheve Schuit maakt Piet Piraat samen met zijn bemanning de gekste avonturen mee. Ze speuren de grote wateren af op zoek naar de verborgen schat die Piets opa ooit heeft begraven. Samen met zijn vrienden gaat hij geen enkele uitdaging uit de weg. Alle hens aan dek dus voor Piet Piraat en zijn gekke bende!","still":"https:\/\/img-opt.cdn.smartvod.com\/smartvod\/images\/videoland\/data\/images\/l\/m\/60e866d7e3e69_[format].jpg","runtime":314,"editions":{"sd":{"price":0}},"is_downloadable":true},"E87947":{"id":87947,"ref":"E87947","type":"episode","position":24,"title":"Kannibalensoep","description":"Op zijn schip De Scheve Schuit maakt Piet Piraat samen met zijn bemanning de gekste avonturen mee. Ze speuren de grote wateren af op zoek naar de verborgen schat die Piets opa ooit heeft begraven. Samen met zijn vrienden gaat hij geen enkele uitdaging uit de weg. Alle hens aan dek dus voor Piet Piraat en zijn gekke bende!","still":"https:\/\/img-opt.cdn.smartvod.com\/smartvod\/images\/videoland\/data\/images\/n\/1\/60e867fa0a1a0_[format].jpg","runtime":304,"editions":{"sd":{"price":0}},"is_downloadable":true},"E87982":{"id":87982,"ref":"E87982","type":"episode","position":25,"title":"Diamanten Stil","description":"Op zijn schip De Scheve Schuit maakt Piet Piraat samen met zijn bemanning de gekste avonturen mee. Ze speuren de grote wateren af op zoek naar de verborgen schat die Piets opa ooit heeft begraven. Samen met zijn vrienden gaat hij geen enkele uitdaging uit de weg. Alle hens aan dek dus voor Piet Piraat en zijn gekke bende!","still":"https:\/\/img-opt.cdn.smartvod.com\/smartvod\/images\/videoland\/data\/images\/r\/o\/60e86cc6bf821_[format].jpg","runtime":308,"editions":{"sd":{"price":0}},"is_downloadable":true},"E87970":{"id":87970,"ref":"E87970","type":"episode","position":26,"title":"Piratengolf","description":"Op zijn schip De Scheve Schuit maakt Piet Piraat samen met zijn bemanning de gekste avonturen mee. Ze speuren de grote wateren af op zoek naar de verborgen schat die Piets opa ooit heeft begraven. Samen met zijn vrienden gaat hij geen enkele uitdaging uit de weg. Alle hens aan dek dus voor Piet Piraat en zijn gekke bende!","still":"https:\/\/img-opt.cdn.smartvod.com\/smartvod\/images\/videoland\/data\/images\/k\/r\/60e86cc396ed6_[format].jpg","runtime":272,"editions":{"sd":{"price":0}},"is_downloadable":true},"E87964":{"id":87964,"ref":"E87964","type":"episode","position":27,"title":"De Spreekmachine","description":"Op zijn schip De Scheve Schuit maakt Piet Piraat samen met zijn bemanning de gekste avonturen mee. Ze speuren de grote wateren af op zoek naar de verborgen schat die Piets opa ooit heeft begraven. Samen met zijn vrienden gaat hij geen enkele uitdaging uit de weg. Alle hens aan dek dus voor Piet Piraat en zijn gekke bende!","still":"https:\/\/img-opt.cdn.smartvod.com\/smartvod\/images\/videoland\/data\/images\/w\/0\/60e86cc23c0ba_[format].jpg","runtime":318,"editions":{"sd":{"price":0}},"is_downloadable":true},"E87959":{"id":87959,"ref":"E87959","type":"episode","position":28,"title":"Het Vrachtschip","description":"Op zijn schip De Scheve Schuit maakt Piet Piraat samen met zijn bemanning de gekste avonturen mee. Ze speuren de grote wateren af op zoek naar de verborgen schat die Piets opa ooit heeft begraven. Samen met zijn vrienden gaat hij geen enkele uitdaging uit de weg. Alle hens aan dek dus voor Piet Piraat en zijn gekke bende!","still":"https:\/\/img-opt.cdn.smartvod.com\/smartvod\/images\/videoland\/data\/images\/d\/x\/60e86cbedc3cd_[format].jpg","runtime":291,"editions":{"sd":{"price":0}},"is_downloadable":true},"E87961":{"id":87961,"ref":"E87961","type":"episode","position":29,"title":"De Zalf Van Berend","description":"Op zijn schip De Scheve Schuit maakt Piet Piraat samen met zijn bemanning de gekste avonturen mee. Ze speuren de grote wateren af op zoek naar de verborgen schat die Piets opa ooit heeft begraven. Samen met zijn vrienden gaat hij geen enkele uitdaging uit de weg. Alle hens aan dek dus voor Piet Piraat en zijn gekke bende!","still":"https:\/\/img-opt.cdn.smartvod.com\/smartvod\/images\/videoland\/data\/images\/4\/8\/60e86925d679b_[format].jpg","runtime":313,"editions":{"sd":{"price":0}},"is_downloadable":true},"E87952":{"id":87952,"ref":"E87952","type":"episode","position":30,"title":"Goudstukken Gestolen","description":"Op zijn schip De Scheve Schuit maakt Piet Piraat samen met zijn bemanning de gekste avonturen mee. Ze speuren de grote wateren af op zoek naar de verborgen schat die Piets opa ooit heeft begraven. Samen met zijn vrienden gaat hij geen enkele uitdaging uit de weg. Alle hens aan dek dus voor Piet Piraat en zijn gekke bende!","still":"https:\/\/img-opt.cdn.smartvod.com\/smartvod\/images\/videoland\/data\/images\/6\/u\/60e869245a5ee_[format].jpg","runtime":329,"editions":{"sd":{"price":0}},"is_downloadable":true},"E87986":{"id":87986,"ref":"E87986","type":"episode","position":31,"title":"De Hangmat","description":"Op zijn schip De Scheve Schuit maakt Piet Piraat samen met zijn bemanning de gekste avonturen mee. Ze speuren de grote wateren af op zoek naar de verborgen schat die Piets opa ooit heeft begraven. Samen met zijn vrienden gaat hij geen enkele uitdaging uit de weg. Alle hens aan dek dus voor Piet Piraat en zijn gekke bende!","still":"https:\/\/img-opt.cdn.smartvod.com\/smartvod\/images\/videoland\/data\/images\/4\/0\/60e86caa2cb18_[format].jpg","runtime":301,"editions":{"sd":{"price":0}},"is_downloadable":true},"E87981":{"id":87981,"ref":"E87981","type":"episode","position":32,"title":"Het Kippenhok","description":"Op zijn schip De Scheve Schuit maakt Piet Piraat samen met zijn bemanning de gekste avonturen mee. Ze speuren de grote wateren af op zoek naar de verborgen schat die Piets opa ooit heeft begraven. Samen met zijn vrienden gaat hij geen enkele uitdaging uit de weg. Alle hens aan dek dus voor Piet Piraat en zijn gekke bende!","still":"https:\/\/img-opt.cdn.smartvod.com\/smartvod\/images\/videoland\/data\/images\/u\/8\/60e86cc5480b2_[format].jpg","runtime":309,"editions":{"sd":{"price":0}},"is_downloadable":true},"E87979":{"id":87979,"ref":"E87979","type":"episode","position":33,"title":"Klavertje Vier","description":"Op zijn schip De Scheve Schuit maakt Piet Piraat samen met zijn bemanning de gekste avonturen mee. Ze speuren de grote wateren af op zoek naar de verborgen schat die Piets opa ooit heeft begraven. Samen met zijn vrienden gaat hij geen enkele uitdaging uit de weg. Alle hens aan dek dus voor Piet Piraat en zijn gekke bende!","still":"https:\/\/img-opt.cdn.smartvod.com\/smartvod\/images\/videoland\/data\/images\/h\/h\/60e86de8c771c_[format].jpg","runtime":288,"editions":{"sd":{"price":0}},"is_downloadable":true},"E87966":{"id":87966,"ref":"E87966","type":"episode","position":34,"title":"De Verdubbelaar","description":"Op zijn schip De Scheve Schuit maakt Piet Piraat samen met zijn bemanning de gekste avonturen mee. Ze speuren de grote wateren af op zoek naar de verborgen schat die Piets opa ooit heeft begraven. Samen met zijn vrienden gaat hij geen enkele uitdaging uit de weg. Alle hens aan dek dus voor Piet Piraat en zijn gekke bende!","still":"https:\/\/img-opt.cdn.smartvod.com\/smartvod\/images\/videoland\/data\/images\/l\/t\/60e86cb4df59b_[format].jpg","runtime":329,"editions":{"sd":{"price":0}},"is_downloadable":true},"E87967":{"id":87967,"ref":"E87967","type":"episode","position":35,"title":"Schildpaddenmelkpap","description":"Op zijn schip De Scheve Schuit maakt Piet Piraat samen met zijn bemanning de gekste avonturen mee. Ze speuren de grote wateren af op zoek naar de verborgen schat die Piets opa ooit heeft begraven. Samen met zijn vrienden gaat hij geen enkele uitdaging uit de weg. Alle hens aan dek dus voor Piet Piraat en zijn gekke bende!","still":"https:\/\/img-opt.cdn.smartvod.com\/smartvod\/images\/videoland\/data\/images\/t\/s\/60e86ca6cc1a9_[format].jpg","runtime":324,"editions":{"sd":{"price":0}},"is_downloadable":true},"E87971":{"id":87971,"ref":"E87971","type":"episode","position":36,"title":"Het Boek Van Berend","description":"Op zijn schip De Scheve Schuit maakt Piet Piraat samen met zijn bemanning de gekste avonturen mee. Ze speuren de grote wateren af op zoek naar de verborgen schat die Piets opa ooit heeft begraven. Samen met zijn vrienden gaat hij geen enkele uitdaging uit de weg. Alle hens aan dek dus voor Piet Piraat en zijn gekke bende!","still":"https:\/\/img-opt.cdn.smartvod.com\/smartvod\/images\/videoland\/data\/images\/8\/3\/60e86ccb4cec1_[format].jpg","runtime":323,"editions":{"sd":{"price":0}},"is_downloadable":true},"E87975":{"id":87975,"ref":"E87975","type":"episode","position":37,"title":"De Trampoline","description":"Op zijn schip De Scheve Schuit maakt Piet Piraat samen met zijn bemanning de gekste avonturen mee. Ze speuren de grote wateren af op zoek naar de verborgen schat die Piets opa ooit heeft begraven. Samen met zijn vrienden gaat hij geen enkele uitdaging uit de weg. Alle hens aan dek dus voor Piet Piraat en zijn gekke bende!","still":"https:\/\/img-opt.cdn.smartvod.com\/smartvod\/images\/videoland\/data\/images\/b\/s\/60e868037bf5e_[format].jpg","runtime":278,"editions":{"sd":{"price":0}},"is_downloadable":true},"E87980":{"id":87980,"ref":"E87980","type":"episode","position":38,"title":"De Nieuwe Kijker","description":"Op zijn schip De Scheve Schuit maakt Piet Piraat samen met zijn bemanning de gekste avonturen mee. Ze speuren de grote wateren af op zoek naar de verborgen schat die Piets opa ooit heeft begraven. Samen met zijn vrienden gaat hij geen enkele uitdaging uit de weg. Alle hens aan dek dus voor Piet Piraat en zijn gekke bende!","still":"https:\/\/img-opt.cdn.smartvod.com\/smartvod\/images\/videoland\/data\/images\/d\/u\/60e86cb847e14_[format].jpg","runtime":325,"editions":{"sd":{"price":0}},"is_downloadable":true},"E87984":{"id":87984,"ref":"E87984","type":"episode","position":39,"title":"De Tijdbom","description":"Op zijn schip De Scheve Schuit maakt Piet Piraat samen met zijn bemanning de gekste avonturen mee. Ze speuren de grote wateren af op zoek naar de verborgen schat die Piets opa ooit heeft begraven. Samen met zijn vrienden gaat hij geen enkele uitdaging uit de weg. Alle hens aan dek dus voor Piet Piraat en zijn gekke bende!","still":"https:\/\/img-opt.cdn.smartvod.com\/smartvod\/images\/videoland\/data\/images\/d\/p\/60e869290dfb7_[format].jpg","runtime":326,"editions":{"sd":{"price":0}},"is_downloadable":true},"E87948":{"id":87948,"ref":"E87948","type":"episode","position":40,"title":"Woefie","description":"Op zijn schip De Scheve Schuit maakt Piet Piraat samen met zijn bemanning de gekste avonturen mee. Ze speuren de grote wateren af op zoek naar de verborgen schat die Piets opa ooit heeft begraven. Samen met zijn vrienden gaat hij geen enkele uitdaging uit de weg. Alle hens aan dek dus voor Piet Piraat en zijn gekke bende!","still":"https:\/\/img-opt.cdn.smartvod.com\/smartvod\/images\/videoland\/data\/images\/t\/t\/60e866d1672ba_[format].jpg","runtime":312,"editions":{"sd":{"price":0}},"is_downloadable":true}}}