{"id":500557,"ref":"S500557","type":"series","title":"E.O.D.: Explosieven Opruimings Dienst","year":2021,"rating":4,"poster":"https:\/\/img-opt.cdn.smartvod.com\/smartvod\/images\/videoland\/data\/images\/t\/2\/5ff33e464b907_[format].jpg","still":"https:\/\/img-opt.cdn.smartvod.com\/smartvod\/images\/videoland\/data\/images\/m\/v\/61794ebe3b85b_[format].jpg","cast":{},"genres":["Documentaire","Reality"],"refs":["SN3949","SN4503"],"is_adult":false,"is_kids":false,"is_available":true,"description":"We volgen de mannen en vrouwen van de Explosieven Opruimingsdienst Defensie (EOD). De EOD rukt zo'n 2500 keer per jaar uit om levensbedreigende explosieven onschadelijk te maken. Ze houden zich niet alleen bezig met onontplofte bommen uit de Tweede Wereldoorlog, maar ook met bombrieven, verdachte pakketjes en handgranaten die door criminelen worden gebruikt.","nicam":{"al":"Alle leeftijden"},"language":"nl","language_full":"Nederlands","details":{"SN3949":{"id":3949,"ref":"SN3949","type":"season","title":"1","position":1},"SN4503":{"id":4503,"ref":"SN4503","type":"season","title":"2","position":2,"refs":["E91163","E91165","E91161","E91164","E91167","E91162","E91160","E91166"]},"E91163":{"id":91163,"ref":"E91163","type":"episode","position":1,"title":"E.O.D.: Explosieven Opruimingsdienst","description":"De EOD rukt uit voor een melding in Oosterbeek waar zich een dumpplaats van de geallieerden blijkt te bevinden. Een magneetvisser komt van de koude kermis thuis als de kogelpatronen die hij heeft opgevist levensgevaarlijke granaten blijken te zijn. De Maritieme EOD duikt naar vier Duitse anti-invasiemijnen voor de kust van Vlissingen.","still":"https:\/\/img-opt.cdn.smartvod.com\/smartvod\/images\/videoland\/data\/images\/m\/v\/61794ebe3b85b_[format].jpg","runtime":2585,"editions":{"hd":{"price":0}},"is_downloadable":true},"E91165":{"id":91165,"ref":"E91165","type":"episode","position":2,"title":"E.O.D.: Explosieven Opruimingsdienst","description":"De EOD assisteert bij de berging van een Britse bommenwerper die in 1942 crashte bij Nieuwe Niedorp. De conventionele ruimers gaan op een melding van een pantzerfaust af: een gevreesd antitankwapen. De Maritieme EOD maakt op open zee een Engelse contactmijn onschadelijk die tijdens werkzaamheden aan de Afsluitdijk is opgevist.","still":"https:\/\/img-opt.cdn.smartvod.com\/smartvod\/images\/videoland\/data\/images\/5\/2\/6181501181ba9_[format].jpg","runtime":2555,"editions":{"hd":{"price":0}},"is_downloadable":true},"E91161":{"id":91161,"ref":"E91161","type":"episode","position":3,"title":"E.O.D.: Explosieven Opruimingsdienst","description":"De EOD gaat op werkbezoek bij de Belgische collega's van de DOVO en vindt een enorme hoeveelheid gifgasgranaten uit de Eerste Wereldoorlog. De conventionele ruimploeg maakt een brisantgranaat in het Limburgse Merselo onschadelijk. De Maritieme EOD heeft zijn handen vol aan een vliegtuigbom naast de ingang van de Johannes Postkazerne in Havelte.","still":"https:\/\/img-opt.cdn.smartvod.com\/smartvod\/images\/videoland\/data\/images\/z\/o\/618a868782973_[format].jpg","runtime":2564,"editions":{"hd":{"price":0}},"is_downloadable":true},"E91164":{"id":91164,"ref":"E91164","type":"episode","position":4,"title":"E.O.D.: Explosieven Opruimingsdienst","description":"De EOD is op werkbezoek bij de Belgische collega's van de DOVO waar gifgasgranaten uit de Eerste Wereldoorlog in een speciale installatie worden vernietigd. De conventionele ruimploeg gaat naar een boer in Klein-Zundert die met zijn machine een brisantgranaat omhoog heeft gewoeld. Ruimers Jacco en Emiel maken een geschutgranaat onschadelijk.","still":"https:\/\/img-opt.cdn.smartvod.com\/smartvod\/images\/videoland\/data\/images\/q\/k\/61928ec38dc31_[format].jpg","runtime":2560,"editions":{"hd":{"price":0}},"is_downloadable":true},"E91167":{"id":91167,"ref":"E91167","type":"episode","position":5,"title":"E.O.D.: Explosieven Opruimingsdienst","description":"De conventionele ruimploeg wordt tijdens de detonatie van een granaat in Milsbeek dwarsgezeten door een kudde nieuwsgierige koeien. Op een bouwplaats in Gennep maken explosievenruimers Jacco en Emiel een Browning machinegeweer onklaar. In Venray heeft een boer maar liefst 25 granaten opgespaard.","still":"https:\/\/img-opt.cdn.smartvod.com\/smartvod\/images\/videoland\/data\/images\/c\/6\/618b9389da65f_[format].jpg","runtime":2571,"editions":{"hd":{"price":0}},"is_downloadable":true},"E91162":{"id":91162,"ref":"E91162","type":"episode","position":6,"title":"E.O.D.: Explosieven Opruimingsdienst","description":"De conventionele ruimploeg rukt uit voor een handgranaat waarvan de beveiligingspin ontbreekt. Bij een boomkwekerij in Heteren treffen de ruimers een veel groter explosief aan dan ze ooit hadden verwacht. Op een bouwplaats in Roosendaal moeten de EOD bij de detonatie van een Amerikaanse geschutgranaat zeer voorzichtig te werk gaan om een archeologische vondst niet te beschadigen.","still":"https:\/\/img-opt.cdn.smartvod.com\/smartvod\/images\/videoland\/data\/images\/9\/2\/61a79d2e99345_[format].jpg","runtime":2561,"editions":{"hd":{"price":0}},"is_downloadable":true},"E91160":{"id":91160,"ref":"E91160","type":"episode","position":7,"title":"E.O.D.: Explosieven Opruimingsdienst","description":"De conventionele ruimploeg rukt uit voor een mortiergranaat die door een 11-jarige jongen omhoog is geploegd. In Ede wordt een munitiedump gevonden op de plek waar vroeger een SS-kazerne stond. De EOD maakt een tweede mortiergranaat onschadelijk in Kaatsheuvel waar de Duitsers een munitiedepot opbliezen.","still":"https:\/\/img-opt.cdn.smartvod.com\/smartvod\/images\/videoland\/data\/images\/2\/o\/61b04d6769c6f_[format].jpg","runtime":2501,"editions":{"hd":{"price":0}},"is_downloadable":true},"E91166":{"id":91166,"ref":"E91166","type":"episode","position":8,"title":"E.O.D.: Explosieven Opruimingsdienst","description":"De EOD vindt in Groesbeek een fosforgranaat die spontaan begint te roken. In Zaltbommel maken Hugo en Emiel een pantsergranaat onschadelijk die in een groenverwerkingsmachine heeft klem gezeten. In het Zeeuwse Breskens moet een vakantiepark worden ontruimd na de vondst van twee vliegtuigbommen.","still":"https:\/\/img-opt.cdn.smartvod.com\/smartvod\/images\/videoland\/data\/images\/5\/j\/61b9b2172cf4e_[format].jpg","runtime":2510,"editions":{"hd":{"price":0}},"is_downloadable":true}}}