{"id":500629,"ref":"S500629","type":"series","title":"De Nieuwe Economie","year":2022,"rating":4,"poster":"https:\/\/img-opt.cdn.smartvod.com\/smartvod\/images\/videoland\/data\/images\/w\/3\/604b8d7713701_[format].jpg","still":"https:\/\/img-opt.cdn.smartvod.com\/smartvod\/images\/videoland\/data\/images\/w\/n\/61cc7efb07c73_[format].jpg","cast":{},"genres":["Informatief"],"refs":["SN4137","SN4452","SN4726"],"is_adult":false,"is_kids":false,"is_available":true,"description":"Hoe speelt ondernemend Nederland in op macro economische trends zoals digitalisering, duurzaamheid, globalisering, urbanisering en demografische veranderingen? We zien wat de impact is van deze ontwikkelingen op het klein-, midden- en grootbedrijf.","nicam":{},"language":"nl","language_full":"Nederlands","details":{"SN4137":{"id":4137,"ref":"SN4137","type":"season","title":"2","position":2},"SN4452":{"id":4452,"ref":"SN4452","type":"season","title":"3","position":3},"SN4726":{"id":4726,"ref":"SN4726","type":"season","title":"4","position":4,"refs":["E94280","E94286","E94291","E95054","E95115","E95452","E95919","E96131","E95822"]},"E94280":{"id":94280,"ref":"E94280","type":"episode","position":1,"title":"","description":"Hoe speelt ondernemend Nederland in op macro economische trends zoals digitalisering, duurzaamheid, globalisering, urbanisering en demografische veranderingen? We zien wat de impact is van deze ontwikkelingen op het klein-, midden- en grootbedrijf.","still":"https:\/\/img-opt.cdn.smartvod.com\/smartvod\/images\/videoland\/data\/images\/w\/n\/61cc7efb07c73_[format].jpg","runtime":1380,"editions":{"hd":{"price":0}},"is_downloadable":false},"E94286":{"id":94286,"ref":"E94286","type":"episode","position":2,"title":"","description":"Hoe speelt ondernemend Nederland in op macro economische trends zoals digitalisering, duurzaamheid, globalisering, urbanisering en demografische veranderingen? We zien wat de impact is van deze ontwikkelingen op het klein-, midden- en grootbedrijf.","still":"https:\/\/img-opt.cdn.smartvod.com\/smartvod\/images\/videoland\/data\/images\/q\/9\/61fd077f6744f_[format].jpg","runtime":1380,"editions":{"hd":{"price":0}},"is_downloadable":false},"E94291":{"id":94291,"ref":"E94291","type":"episode","position":3,"title":"","description":"Hoe speelt ondernemend Nederland in op macro economische trends zoals digitalisering, duurzaamheid, globalisering, urbanisering en demografische veranderingen? We zien wat de impact is van deze ontwikkelingen op het klein-, midden- en grootbedrijf.","still":"https:\/\/img-opt.cdn.smartvod.com\/smartvod\/images\/videoland\/data\/images\/f\/k\/61e02388e3673_[format].jpg","runtime":1380,"editions":{"hd":{"price":0}},"is_downloadable":false},"E95054":{"id":95054,"ref":"E95054","type":"episode","position":4,"title":"","description":"Hoe speelt ondernemend Nederland in op macro economische trends zoals digitalisering, duurzaamheid, globalisering, urbanisering en demografische veranderingen? We zien wat de impact is van deze ontwikkelingen op het klein-, midden- en grootbedrijf.","still":"https:\/\/img-opt.cdn.smartvod.com\/smartvod\/images\/videoland\/data\/images\/8\/0\/61fd07b49916e_[format].jpg","runtime":1380,"editions":{"hd":{"price":0}},"is_downloadable":false},"E95115":{"id":95115,"ref":"E95115","type":"episode","position":5,"title":"","description":"Hoe speelt ondernemend Nederland in op macro economische trends zoals digitalisering, duurzaamheid, globalisering, urbanisering en demografische veranderingen? We zien wat de impact is van deze ontwikkelingen op het klein-, midden- en grootbedrijf.","still":"https:\/\/img-opt.cdn.smartvod.com\/smartvod\/images\/videoland\/data\/images\/e\/v\/61f41a22add4d_[format].jpg","runtime":1380,"editions":{"hd":{"price":0}},"is_downloadable":false},"E95452":{"id":95452,"ref":"E95452","type":"episode","position":6,"title":"","description":"Hoe speelt ondernemend Nederland in op macro economische trends zoals digitalisering, duurzaamheid, globalisering, urbanisering en demografische veranderingen? We zien wat de impact is van deze ontwikkelingen op het klein-, midden- en grootbedrijf.","still":"https:\/\/img-opt.cdn.smartvod.com\/smartvod\/images\/videoland\/data\/images\/v\/f\/61fa8766c5124_[format].jpg","runtime":1380,"editions":{"hd":{"price":0}},"is_downloadable":false},"E95919":{"id":95919,"ref":"E95919","type":"episode","position":7,"title":"","description":"Hoe speelt ondernemend Nederland in op macro economische trends zoals digitalisering, duurzaamheid, globalisering, urbanisering en demografische veranderingen? We zien wat de impact is van deze ontwikkelingen op het klein-, midden- en grootbedrijf.","still":"https:\/\/img-opt.cdn.smartvod.com\/smartvod\/images\/videoland\/data\/images\/5\/4\/620a39aa66b27_[format].jpg","runtime":1380,"editions":{"hd":{"price":0}},"is_downloadable":false},"E96131":{"id":96131,"ref":"E96131","type":"episode","position":8,"title":"","description":"Hoe speelt ondernemend Nederland in op macro economische trends zoals digitalisering, duurzaamheid, globalisering, urbanisering en demografische veranderingen? We zien wat de impact is van deze ontwikkelingen op het klein-, midden- en grootbedrijf.","still":"https:\/\/img-opt.cdn.smartvod.com\/smartvod\/images\/videoland\/data\/images\/b\/b\/621355025bed5_[format].jpg","runtime":1380,"editions":{"hd":{"price":0}},"is_downloadable":false},"E95822":{"id":95822,"ref":"E95822","type":"episode","position":9,"title":"","description":"Hoe speelt ondernemend Nederland in op macro economische trends zoals digitalisering, duurzaamheid, globalisering, urbanisering en demografische veranderingen? We zien wat de impact is van deze ontwikkelingen op het klein-, midden- en grootbedrijf.","still":"https:\/\/img-opt.cdn.smartvod.com\/smartvod\/images\/videoland\/data\/images\/n\/f\/621b8afe922c4_[format].jpg","runtime":1380,"editions":{"hd":{"price":0}},"is_downloadable":false}}}