{"id":500287,"ref":"S500287","type":"series","title":"Building Giants","year":2018,"rating":4,"poster":"https:\/\/img-opt.cdn.smartvod.com\/smartvod\/images\/videoland\/data\/images\/l\/f\/5e35eccadfc51_[format].jpg","still":"https:\/\/img-opt.cdn.smartvod.com\/smartvod\/images\/videoland\/data\/images\/d\/r\/62a135bb942b2_[format].jpg","cast":{},"genres":["Documentaire"],"refs":["SN3226","SN4077","SN4099"],"is_adult":false,"is_kids":false,"is_available":true,"description":".","nicam":{"al":"Alle leeftijden"},"language":"en","language_full":"Engels","details":{"SN3226":{"id":3226,"ref":"SN3226","type":"season","title":"1","position":1},"SN4077":{"id":4077,"ref":"SN4077","type":"season","title":"2","position":2},"SN4099":{"id":4099,"ref":"SN4099","type":"season","title":"3","position":3,"refs":["E84582","E84569","E84540","E84562","E84551","E84556","E84548","E84563"]},"E84582":{"id":84582,"ref":"E84582","type":"episode","position":1,"title":"","description":"De constructie van een indrukwekkend bouwwerk wordt van begin tot eind gedetailleerd in beeld gebracht. We zien hoe deze objecten worden gebouwd en welke buitengewone innovaties daarbij worden gebruikt.","still":"https:\/\/img-opt.cdn.smartvod.com\/smartvod\/images\/videoland\/data\/images\/d\/r\/62a135bb942b2_[format].jpg","runtime":2700,"editions":{"hd":{"price":0}},"is_downloadable":false},"E84569":{"id":84569,"ref":"E84569","type":"episode","position":2,"title":"","description":"De constructie van een indrukwekkend bouwwerk wordt van begin tot eind gedetailleerd in beeld gebracht. We zien hoe deze objecten worden gebouwd en welke buitengewone innovaties daarbij worden gebruikt.","still":"https:\/\/img-opt.cdn.smartvod.com\/smartvod\/images\/videoland\/data\/images\/j\/t\/62a187842603a_[format].jpg","runtime":2700,"editions":{"hd":{"price":0}},"is_downloadable":false},"E84540":{"id":84540,"ref":"E84540","type":"episode","position":3,"title":"","description":"De constructie van een indrukwekkend bouwwerk wordt van begin tot eind gedetailleerd in beeld gebracht. We zien hoe deze objecten worden gebouwd en welke buitengewone innovaties daarbij worden gebruikt.","still":"https:\/\/img-opt.cdn.smartvod.com\/smartvod\/images\/videoland\/data\/images\/m\/5\/62aa67c05b025_[format].jpg","runtime":2700,"editions":{"hd":{"price":0}},"is_downloadable":false},"E84562":{"id":84562,"ref":"E84562","type":"episode","position":4,"title":"","description":"De constructie van een indrukwekkend bouwwerk wordt van begin tot eind gedetailleerd in beeld gebracht. We zien hoe deze objecten worden gebouwd en welke buitengewone innovaties daarbij worden gebruikt.","still":"https:\/\/img-opt.cdn.smartvod.com\/smartvod\/images\/videoland\/data\/images\/h\/4\/62aa68b704a2e_[format].jpg","runtime":2700,"editions":{"hd":{"price":0}},"is_downloadable":false},"E84551":{"id":84551,"ref":"E84551","type":"episode","position":5,"title":"","description":"De constructie van een indrukwekkend bouwwerk wordt van begin tot eind gedetailleerd in beeld gebracht. We zien hoe deze objecten worden gebouwd en welke buitengewone innovaties daarbij worden gebruikt.","still":"https:\/\/img-opt.cdn.smartvod.com\/smartvod\/images\/videoland\/data\/images\/k\/c\/62aa632dc89e6_[format].jpg","runtime":2640,"editions":{"hd":{"price":0}},"is_downloadable":false},"E84556":{"id":84556,"ref":"E84556","type":"episode","position":6,"title":"","description":"De constructie van een indrukwekkend bouwwerk wordt van begin tot eind gedetailleerd in beeld gebracht. We zien hoe deze objecten worden gebouwd en welke buitengewone innovaties daarbij worden gebruikt.","still":"https:\/\/img-opt.cdn.smartvod.com\/smartvod\/images\/videoland\/data\/images\/l\/s\/62b3aab675bd1_[format].jpg","runtime":2700,"editions":{"hd":{"price":0}},"is_downloadable":false},"E84548":{"id":84548,"ref":"E84548","type":"episode","position":7,"title":"","description":"De constructie van een indrukwekkend bouwwerk wordt van begin tot eind gedetailleerd in beeld gebracht. We zien hoe deze objecten worden gebouwd en welke buitengewone innovaties daarbij worden gebruikt.","still":"https:\/\/img-opt.cdn.smartvod.com\/smartvod\/images\/videoland\/data\/images\/4\/g\/62b435fc19b67_[format].jpg","runtime":2700,"editions":{"hd":{"price":0}},"is_downloadable":false},"E84563":{"id":84563,"ref":"E84563","type":"episode","position":8,"title":"","description":"De constructie van een indrukwekkend bouwwerk wordt van begin tot eind gedetailleerd in beeld gebracht. We zien hoe deze objecten worden gebouwd en welke buitengewone innovaties daarbij worden gebruikt.","still":"https:\/\/img-opt.cdn.smartvod.com\/smartvod\/images\/videoland\/data\/images\/f\/z\/62b3a515e8993_[format].jpg","runtime":2700,"editions":{"hd":{"price":0}},"is_downloadable":false}}}