{"id":500610,"ref":"S500610","type":"series","title":"Ondernemerslounge","year":2022,"rating":4,"poster":"https:\/\/img-opt.cdn.smartvod.com\/smartvod\/images\/videoland\/data\/images\/p\/e\/603026a887153_[format].jpg","still":"https:\/\/img-opt.cdn.smartvod.com\/smartvod\/images\/videoland\/data\/images\/q\/8\/62df90f956f05_[format].jpg","cast":{"actors":["Maurice Vollebregt","Laurien Verstraten"]},"genres":["Informatief"],"refs":["SN4101","SN4346","SN4522","SN4815","SN5059"],"is_adult":false,"is_kids":false,"is_available":true,"description":"Maurice Vollebregt en Laurien Verstraten bezoeken onder meer ondernemers, bedrijfsspecialisten en beleggingsexperts. Aan bod komen thema's als ondernemen, investeren, genieten van het leven en politiek.","nicam":{"al":"Alle leeftijden"},"language":"nl","language_full":"Nederlands","details":{"SN4101":{"id":4101,"ref":"SN4101","type":"season","title":"3","position":3},"SN4346":{"id":4346,"ref":"SN4346","type":"season","title":"4","position":4},"SN4522":{"id":4522,"ref":"SN4522","type":"season","title":"5","position":5},"SN4815":{"id":4815,"ref":"SN4815","type":"season","title":"6","position":6,"refs":["E95795","E95797","E95798","E95796","E95830","E96181"]},"SN5059":{"id":5059,"ref":"SN5059","type":"season","title":"7","position":7},"E95795":{"id":95795,"ref":"E95795","type":"episode","position":1,"title":"2GO","description":"Maurice Vollebregt en Laurien Verstraten spreken onder meer ondernemers, bedrijfsspecialisten en beleggingsexperts. Aan bod komen thema's als ondernemen, investeren en genieten van het leven.","still":"https:\/\/img-opt.cdn.smartvod.com\/smartvod\/images\/videoland\/data\/images\/2\/6\/61f7dfb85f563_[format].jpg","runtime":2700,"editions":{"hd":{"price":0}},"is_downloadable":false},"E95797":{"id":95797,"ref":"E95797","type":"episode","position":2,"title":"2GO","description":"Maurice Vollebregt en Laurien Verstraten spreken onder meer ondernemers, bedrijfsspecialisten en beleggingsexperts. Aan bod komen thema's als ondernemen, investeren en genieten van het leven.","still":"https:\/\/img-opt.cdn.smartvod.com\/smartvod\/images\/videoland\/data\/images\/h\/n\/61f7f013279bf_[format].jpg","runtime":2700,"editions":{"hd":{"price":0}},"is_downloadable":false},"E95798":{"id":95798,"ref":"E95798","type":"episode","position":3,"title":"2GO","description":"Maurice Vollebregt en Laurien Verstraten spreken onder meer ondernemers, bedrijfsspecialisten en beleggingsexperts. Aan bod komen thema's als ondernemen, investeren en genieten van het leven.","still":"https:\/\/img-opt.cdn.smartvod.com\/smartvod\/images\/videoland\/data\/images\/t\/7\/62067c4ff09f2_[format].jpg","runtime":2700,"editions":{"hd":{"price":0}},"is_downloadable":false},"E95796":{"id":95796,"ref":"E95796","type":"episode","position":4,"title":"2GO","description":"Maurice Vollebregt en Laurien Verstraten spreken onder meer ondernemers, bedrijfsspecialisten en beleggingsexperts. Aan bod komen thema's als ondernemen, investeren en genieten van het leven.","still":"https:\/\/img-opt.cdn.smartvod.com\/smartvod\/images\/videoland\/data\/images\/2\/x\/62121381564b7_[format].jpg","runtime":2700,"editions":{"hd":{"price":0}},"is_downloadable":false},"E95830":{"id":95830,"ref":"E95830","type":"episode","position":5,"title":"2GO","description":"Maurice Vollebregt en Laurien Verstraten spreken onder meer ondernemers, bedrijfsspecialisten en beleggingsexperts. Aan bod komen thema's als ondernemen, investeren en genieten van het leven.","still":"https:\/\/img-opt.cdn.smartvod.com\/smartvod\/images\/videoland\/data\/images\/k\/r\/6218de9ae9b1c_[format].jpg","runtime":2700,"editions":{"hd":{"price":0}},"is_downloadable":false},"E96181":{"id":96181,"ref":"E96181","type":"episode","position":6,"title":"2GO","description":"Maurice Vollebregt en Laurien Verstraten spreken onder meer ondernemers, bedrijfsspecialisten en beleggingsexperts. Aan bod komen thema's als ondernemen, investeren en genieten van het leven.","still":"https:\/\/img-opt.cdn.smartvod.com\/smartvod\/images\/videoland\/data\/images\/l\/d\/6222192db57b3_[format].jpg","runtime":2700,"editions":{"hd":{"price":0}},"is_downloadable":false}}}