{"id":474,"ref":"S474","type":"series","title":"Familie Kruys","year":2019,"rating":5,"poster":"https:\/\/img-opt.cdn.smartvod.com\/smartvod\/images\/videoland\/data\/images\/2\/s\/5d694191dcce5_[format].jpg","still":"https:\/\/img-opt.cdn.smartvod.com\/smartvod\/images\/videoland\/data\/images\/9\/z\/581b2ff4517cb_[format].jpg","cast":{"actors":["Linda de Mol","Marcel Musters","Elise Schaap"]},"genres":["Komedie"],"refs":["SN746","SN1363","SN1755","SN2420","SN2941"],"is_adult":false,"is_kids":false,"is_available":true,"description":"Nederlandse dramaserie over de hechte band tussen de alleenstaande veertiger Bette Kruys en haar broer Kirk, en over alle perikelen die zij meemaken met de rest van hun kleurrijke familie.","directors":["Will Koopman"],"nicam":{"12":"Mogelijk schadelijk tot 12 jaar","seks":"Seks","taalgebruik":"Grof Taalgebruik"},"language":"nl","language_full":"Nederlands","details":{"SN746":{"id":746,"ref":"SN746","type":"season","title":"1","position":1},"SN1363":{"id":1363,"ref":"SN1363","type":"season","title":"2","position":2},"SN1755":{"id":1755,"ref":"SN1755","type":"season","title":"3","position":3},"SN2420":{"id":2420,"ref":"SN2420","type":"season","title":"4","position":4},"SN2941":{"id":2941,"ref":"SN2941","type":"season","title":"5","position":5,"refs":["E68928","E68929","E68930","E69341","E69340","E69339","E69342","E69343"]},"E68928":{"id":68928,"ref":"E68928","type":"episode","position":1,"title":"","description":"Iedereen probeert te wennen aan de nieuwe baby. Een uitnodiging voor een re\u00fcnie roept bij Kirk nare herinneringen op. Bette probeert Johan te verassen.","still":"https:\/\/img-opt.cdn.smartvod.com\/smartvod\/images\/videoland\/data\/images\/d\/d\/5d68dd6b40b4d_[format].jpg","runtime":2673,"editions":{"hd":{"price":0}},"is_downloadable":true},"E68929":{"id":68929,"ref":"E68929","type":"episode","position":2,"title":"","description":"Bette twijfelt aan Johan. Een oude vriendin van Kirk heeft een vreemd verzoek. Ruxandra en Thomas krijgen problemen met de kraamverzorgster en Johan neemt een drastisch besluit.","still":"https:\/\/img-opt.cdn.smartvod.com\/smartvod\/images\/videoland\/data\/images\/1\/v\/5d68dd6e61aa7_[format].jpg","runtime":2580,"editions":{"hd":{"price":0}},"is_downloadable":true},"E68930":{"id":68930,"ref":"E68930","type":"episode","position":3,"title":"","description":"Terwijl Thomas druk is met revalideren, brengt Kirk zichzelf in de problemen met een leugen om bestwil. Bette is verdrietig over het vertrek van Johan en krijgt hulp uit onverwachte hoek.","still":"https:\/\/img-opt.cdn.smartvod.com\/smartvod\/images\/videoland\/data\/images\/q\/4\/5d84aa2b9ba83_[format].jpg","runtime":2750,"editions":{"hd":{"price":0}},"is_downloadable":true},"E69341":{"id":69341,"ref":"E69341","type":"episode","position":4,"title":"","description":"Kirk is dolblij met zijn nieuwe baantje, maar weet nog niet wat hem boven het hoofd hangt. Bette confronteert Thomas en ontdekt de datingapp. Ruxandra vermoedt dat Thomas iets voor haar verbergt.","still":"https:\/\/img-opt.cdn.smartvod.com\/smartvod\/images\/videoland\/data\/images\/g\/k\/5d7e8445695cd_[format].jpg","runtime":2659,"editions":{"hd":{"price":0}},"is_downloadable":true},"E69340":{"id":69340,"ref":"E69340","type":"episode","position":5,"title":"","description":"Bette ondervindt dat ze het daten verleerd is. Morten heeft zichzelf zwaar in de problemen gebracht, tot woede van Kirk. Ruxandra gaat op oorlogspad om haar relatie te redden.","still":"https:\/\/img-opt.cdn.smartvod.com\/smartvod\/images\/videoland\/data\/images\/p\/1\/5d84aa31933c6_[format].jpg","runtime":2714,"editions":{"hd":{"price":0}},"is_downloadable":true},"E69339":{"id":69339,"ref":"E69339","type":"episode","position":6,"title":"","description":"Ruxandra roept de hulp in van Bette. Kirk is wanhopig en stalkt Evelyn. De boekpresentatie van Thomas loopt totaal uit de hand. Voor Morten is er eindelijk goed nieuws.","still":"https:\/\/img-opt.cdn.smartvod.com\/smartvod\/images\/videoland\/data\/images\/j\/v\/5d8df63f37d59_[format].jpg","runtime":2726,"editions":{"hd":{"price":0}},"is_downloadable":true},"E69342":{"id":69342,"ref":"E69342","type":"episode","position":7,"title":"","description":"Ruxandra roept de hulp in van Bette. Kirk is wanhopig en stalkt Evelyn. De boekpresentatie van Thomas loopt totaal uit de hand. Voor Morten is er eindelijk goed nieuws.","still":"https:\/\/img-opt.cdn.smartvod.com\/smartvod\/images\/videoland\/data\/images\/l\/k\/5d975770b5e59_[format].jpg","runtime":2735,"editions":{"hd":{"price":0}},"is_downloadable":true},"E69343":{"id":69343,"ref":"E69343","type":"episode","position":8,"title":"","description":"Bette wil haar verjaardag niet vieren, maar daar neemt niemand genoegen mee. Tijdens haar feest is zij niet de enige die verrast wordt.","still":"https:\/\/img-opt.cdn.smartvod.com\/smartvod\/images\/videoland\/data\/images\/h\/u\/5da22e6b33ab6_[format].jpg","runtime":2704,"editions":{"hd":{"price":0}},"is_downloadable":true}}}