{"id":500673,"ref":"S500673","type":"series","title":"Vis TV XL","year":2022,"rating":4,"poster":"https:\/\/img-opt.cdn.smartvod.com\/smartvod\/images\/videoland\/data\/images\/7\/m\/609a9ea552b03_[format].jpg","still":"https:\/\/img-opt.cdn.smartvod.com\/smartvod\/images\/videoland\/data\/images\/h\/o\/626aa7d5edacb_[format].jpg","cast":{"actors":["Marco Kraal","Dani\u00ebl Weyers","Thom Beentjes","Tamme Smit","Jan Willem Weijers"]},"genres":["Sport"],"refs":["SN4271","SN4975"],"is_adult":false,"is_kids":false,"is_available":true,"description":"Magazine boordevol boeiende en zomerse sportvisavonturen. Presentatoren Marco Kraal, Dani\u00ebl Weyers, Thom Beentjes, Tamme Smit en Jan Willem Wijers laten zien hoe spannend vissen is en hoe mooi Nederland is als sportvisland.","nicam":{"al":"Alle leeftijden"},"language":"nl","language_full":"Nederlands","details":{"SN4271":{"id":4271,"ref":"SN4271","type":"season","title":"4","position":4},"SN4975":{"id":4975,"ref":"SN4975","type":"season","title":"5","position":5,"refs":["E98595","E98576","E98667","E98881","E99357","E99387","E99852","E100093"]},"E98595":{"id":98595,"ref":"E98595","type":"episode","position":1,"title":"","description":"Magazine boordevol boeiende en zomerse sportvisavonturen. Presentatoren Liselot van Elsen, Dani\u00ebl Weyers, Thom Beentjes, Tamme Smit en Jan Willem Wijers laten zien hoe spannend vissen is en hoe mooi Nederland is als sportvisland.","still":"https:\/\/img-opt.cdn.smartvod.com\/smartvod\/images\/videoland\/data\/images\/h\/o\/626aa7d5edacb_[format].jpg","runtime":2580,"editions":{"hd":{"price":0}},"is_downloadable":false},"E98576":{"id":98576,"ref":"E98576","type":"episode","position":2,"title":"","description":"Magazine boordevol boeiende en zomerse sportvisavonturen. Presentatoren Liselot van Elsen, Dani\u00ebl Weyers, Thom Beentjes, Tamme Smit en Jan Willem Wijers laten zien hoe spannend vissen is en hoe mooi Nederland is als sportvisland.","still":"https:\/\/img-opt.cdn.smartvod.com\/smartvod\/images\/videoland\/data\/images\/l\/9\/62750366272c9_[format].jpg","runtime":2580,"editions":{"hd":{"price":0}},"is_downloadable":false},"E98667":{"id":98667,"ref":"E98667","type":"episode","position":3,"title":"","description":"Magazine boordevol boeiende en zomerse sportvisavonturen. Presentatoren Liselot van Elsen, Dani\u00ebl Weyers, Thom Beentjes, Tamme Smit en Jan Willem Wijers laten zien hoe spannend vissen is en hoe mooi Nederland is als sportvisland.","still":"https:\/\/img-opt.cdn.smartvod.com\/smartvod\/images\/videoland\/data\/images\/4\/m\/627e1a00c305f_[format].jpg","runtime":2580,"editions":{"hd":{"price":0}},"is_downloadable":false},"E98881":{"id":98881,"ref":"E98881","type":"episode","position":4,"title":"","description":"Magazine boordevol boeiende en zomerse sportvisavonturen. Presentatoren Liselot van Elsen, Dani\u00ebl Weyers, Thom Beentjes, Tamme Smit en Jan Willem Wijers laten zien hoe spannend vissen is en hoe mooi Nederland is als sportvisland.","still":"https:\/\/img-opt.cdn.smartvod.com\/smartvod\/images\/videoland\/data\/images\/b\/r\/6287bfe2cdfaf_[format].jpg","runtime":2580,"editions":{"hd":{"price":0}},"is_downloadable":false},"E99357":{"id":99357,"ref":"E99357","type":"episode","position":5,"title":"","description":"Magazine boordevol boeiende en zomerse sportvisavonturen. Presentatoren Liselot van Elsen, Dani\u00ebl Weyers, Thom Beentjes, Tamme Smit en Jan Willem Wijers laten zien hoe spannend vissen is en hoe mooi Nederland is als sportvisland.","still":"https:\/\/img-opt.cdn.smartvod.com\/smartvod\/images\/videoland\/data\/images\/j\/n\/62978efb044bf_[format].jpg","runtime":2580,"editions":{"hd":{"price":0}},"is_downloadable":false},"E99387":{"id":99387,"ref":"E99387","type":"episode","position":6,"title":"","description":"Magazine boordevol boeiende en zomerse sportvisavonturen. Presentatoren Liselot van Elsen, Dani\u00ebl Weyers, Thom Beentjes, Tamme Smit en Jan Willem Wijers laten zien hoe spannend vissen is en hoe mooi Nederland is als sportvisland.","still":"https:\/\/img-opt.cdn.smartvod.com\/smartvod\/images\/videoland\/data\/images\/1\/k\/62a32672704a6_[format].jpg","runtime":2580,"editions":{"hd":{"price":0}},"is_downloadable":false},"E99852":{"id":99852,"ref":"E99852","type":"episode","position":7,"title":"","description":"Magazine boordevol boeiende en zomerse sportvisavonturen. Presentatoren Liselot van Elsen, Dani\u00ebl Weyers, Thom Beentjes, Tamme Smit en Jan Willem Wijers laten zien hoe spannend vissen is en hoe mooi Nederland is als sportvisland.","still":"https:\/\/img-opt.cdn.smartvod.com\/smartvod\/images\/videoland\/data\/images\/3\/8\/62b43c6f31a8e_[format].jpg","runtime":2580,"editions":{"hd":{"price":0}},"is_downloadable":false},"E100093":{"id":100093,"ref":"E100093","type":"episode","position":8,"title":"","description":"Magazine boordevol boeiende en zomerse sportvisavonturen. Presentatoren Liselot van Elsen, Dani\u00ebl Weyers, Thom Beentjes, Tamme Smit en Jan Willem Wijers laten zien hoe spannend vissen is en hoe mooi Nederland is als sportvisland.","still":"https:\/\/img-opt.cdn.smartvod.com\/smartvod\/images\/videoland\/data\/images\/k\/l\/62bc4896ad97d_[format].jpg","runtime":2580,"editions":{"hd":{"price":0}},"is_downloadable":false}}}