{"id":500654,"ref":"S500654","type":"series","title":"RonReizen","year":2022,"rating":4,"poster":"https:\/\/img-opt.cdn.smartvod.com\/smartvod\/images\/videoland\/data\/images\/s\/i\/60706ef6bd9e2_[format].jpg","still":"https:\/\/img-opt.cdn.smartvod.com\/smartvod\/images\/videoland\/data\/images\/6\/b\/626aad444385f_[format].jpg","cast":{"actors":["Ron Peereboom Voller","Bert Kuizenga"]},"genres":["Informatief","Lifestyle"],"refs":["SN4198","SN4968"],"is_adult":false,"is_kids":false,"is_available":true,"description":"Reisexpert Ron Peereboom Voller en presentator Bert Kuizenga delen in dit reisprogramma voor 40-plussers hun ervaringen op bijzondere bestemmingen in binnen- en buitenland. Ze mikken daarbij op praktische tips en inspiratie waar je \u00e9cht iets aan hebt. Wandelen in Walloni\u00eb, wijnproeven in Portugal, ballonvaren in Cappadoci\u00eb en een museumtour in Innsbruck passeren onder meer de revue.","nicam":{"al":"Alle leeftijden"},"language":"nl","language_full":"Nederlands","details":{"SN4198":{"id":4198,"ref":"SN4198","type":"season","title":"1","position":1},"SN4968":{"id":4968,"ref":"SN4968","type":"season","title":"2","position":2,"refs":["E98510","E98557","E98552","E98590","E98663","E98877"]},"E98510":{"id":98510,"ref":"E98510","type":"episode","position":1,"title":"","description":"Reisexpert Ron Peereboom Voller en presentator Bert Kuizenga delen in dit reisprogramma voor 40-plussers hun ervaringen op bijzondere bestemmingen in binnen- en buitenland. Ze mijden de algemeenheden, maar mikken juist op praktische tips en inspiratie waar je \u00e9cht iets aan hebt. Wandelen op Tenerife, kaasproeven in Itali\u00eb, scenic cruising door de Noorse fjorden en een citytrip in Ierland passeren onder meer de revue.","still":"https:\/\/img-opt.cdn.smartvod.com\/smartvod\/images\/videoland\/data\/images\/6\/b\/626aad444385f_[format].jpg","runtime":1320,"editions":{"hd":{"price":0}},"is_downloadable":false},"E98557":{"id":98557,"ref":"E98557","type":"episode","position":2,"title":"","description":"Reisexpert Ron Peereboom Voller en presentator Bert Kuizenga delen in dit reisprogramma voor 40-plussers hun ervaringen op bijzondere bestemmingen in binnen- en buitenland. Ze mijden de algemeenheden, maar mikken juist op praktische tips en inspiratie waar je \u00e9cht iets aan hebt. Wandelen op Tenerife, kaasproeven in Itali\u00eb, scenic cruising door de Noorse fjorden en een citytrip in Ierland passeren onder meer de revue.","still":"https:\/\/img-opt.cdn.smartvod.com\/smartvod\/images\/videoland\/data\/images\/y\/x\/626fb91455a62_[format].jpg","runtime":1320,"editions":{"hd":{"price":0}},"is_downloadable":false},"E98552":{"id":98552,"ref":"E98552","type":"episode","position":3,"title":"","description":"Reisexpert Ron Peereboom Voller en presentator Bert Kuizenga delen in dit reisprogramma voor 40-plussers hun ervaringen op bijzondere bestemmingen in binnen- en buitenland. Ze mijden de algemeenheden, maar mikken juist op praktische tips en inspiratie waar je \u00e9cht iets aan hebt. Wandelen op Tenerife, kaasproeven in Itali\u00eb, scenic cruising door de Noorse fjorden en een citytrip in Ierland passeren onder meer de revue.","still":"https:\/\/img-opt.cdn.smartvod.com\/smartvod\/images\/videoland\/data\/images\/8\/v\/627a597f4cada_[format].jpg","runtime":1320,"editions":{"hd":{"price":0}},"is_downloadable":false},"E98590":{"id":98590,"ref":"E98590","type":"episode","position":4,"title":"","description":"Reisexpert Ron Peereboom Voller en presentator Bert Kuizenga delen in dit reisprogramma voor 40-plussers hun ervaringen op bijzondere bestemmingen in binnen- en buitenland. Ze mijden de algemeenheden, maar mikken juist op praktische tips en inspiratie waar je \u00e9cht iets aan hebt. Wandelen op Tenerife, kaasproeven in Itali\u00eb, scenic cruising door de Noorse fjorden en een citytrip in Ierland passeren onder meer de revue.","still":"https:\/\/img-opt.cdn.smartvod.com\/smartvod\/images\/videoland\/data\/images\/9\/5\/6288b46745c16_[format].jpg","runtime":1320,"editions":{"hd":{"price":0}},"is_downloadable":false},"E98663":{"id":98663,"ref":"E98663","type":"episode","position":5,"title":"","description":"Reisexpert Ron Peereboom Voller en presentator Bert Kuizenga delen in dit reisprogramma voor 40-plussers hun ervaringen op bijzondere bestemmingen in binnen- en buitenland. Ze mijden de algemeenheden, maar mikken juist op praktische tips en inspiratie waar je \u00e9cht iets aan hebt. Wandelen op Tenerife, kaasproeven in Itali\u00eb, scenic cruising door de Noorse fjorden en een citytrip in Ierland passeren onder meer de revue.","still":"https:\/\/img-opt.cdn.smartvod.com\/smartvod\/images\/videoland\/data\/images\/8\/d\/628def2422596_[format].jpg","runtime":1320,"editions":{"hd":{"price":0}},"is_downloadable":false},"E98877":{"id":98877,"ref":"E98877","type":"episode","position":6,"title":"","description":"Reisexpert Ron Peereboom Voller en presentator Bert Kuizenga delen in dit reisprogramma voor 40-plussers hun ervaringen op bijzondere bestemmingen in binnen- en buitenland. Ze mijden de algemeenheden, maar mikken juist op praktische tips en inspiratie waar je \u00e9cht iets aan hebt. Wandelen op Tenerife, kaasproeven in Itali\u00eb, scenic cruising door de Noorse fjorden en een citytrip in Ierland passeren onder meer de revue.","still":"https:\/\/img-opt.cdn.smartvod.com\/smartvod\/images\/videoland\/data\/images\/y\/z\/6297d217ce1fd_[format].jpg","runtime":1320,"editions":{"hd":{"price":0}},"is_downloadable":false}}}