{"id":500806,"ref":"S500806","type":"series","title":"Prodigal Son","year":2021,"rating":5,"poster":"https:\/\/img-opt.cdn.smartvod.com\/smartvod\/images\/videoland\/data\/images\/c\/t\/61a77dcf50d4a_[format].jpg","still":"https:\/\/img-opt.cdn.smartvod.com\/smartvod\/images\/videoland\/data\/images\/6\/x\/62875632a421d_[format].jpg","cast":{"actors":["Bellamy Young","Tom Payne","Lou Diamond Phillips","Aurora Perrineau","Frank Harts","Halston Sage","Keiko Agena"]},"genres":[],"refs":["SN4651","SN4652"],"is_adult":false,"is_kids":false,"is_available":true,"description":"Malcolm Bright is de zoon van een beruchte seriemoordenaar en begrijpt als geen ander hoe het brein van een moordenaar werkt. Hij gebruikt deze kennis om de politie in New York te helpen bij het oplossen van moordzaken.","nicam":{"12":"Mogelijk schadelijk tot 12 jaar","geweld":"Geweld","angst":"Angst","taalgebruik":"Grof Taalgebruik"},"language":"en","language_full":"Engels","details":{"SN4651":{"id":4651,"ref":"SN4651","type":"season","title":"1","position":1},"SN4652":{"id":4652,"ref":"SN4652","type":"season","title":"2","position":2,"refs":["E93252","E93253","E93257","E93261","E93254","E93235","E93244","E93264","E93263","E93262","E93247","E93238","E93246"]},"E93252":{"id":93252,"ref":"E93252","type":"episode","position":1,"title":"It's All In The Execution","description":"Malcolm zoekt afleiding van zijn priv\u00e9problemen en stort zich op een nieuwe moordzaak. Maar hiervoor moet hij wel hulp vragen aan zijn vader...","still":"https:\/\/img-opt.cdn.smartvod.com\/smartvod\/images\/videoland\/data\/images\/o\/h\/61b382e6de118_[format].jpeg","runtime":2489,"editions":{"hd":{"price":0}},"is_downloadable":true},"E93253":{"id":93253,"ref":"E93253","type":"episode","position":2,"title":"Speak Of The Devil","description":"Malcolm komt zijn eigen trauma weer onder ogen als er een priester wordt vermoord. Martin wil helpen met de zaak en vraagt advies aan een medegevangene. Dani, Gil en Malcolm steunen JT, die te maken heeft met discriminatie.","still":"https:\/\/img-opt.cdn.smartvod.com\/smartvod\/images\/videoland\/data\/images\/4\/r\/61b382ec67132_[format].jpg","runtime":2490,"editions":{"hd":{"price":0}},"is_downloadable":true},"E93257":{"id":93257,"ref":"E93257","type":"episode","position":3,"title":"Alma Mater","description":"Het hoofd van Malcolms oude school is vermoord. Terwijl hij zich met de zaak bezighoudt, moet Malcolm dealen met een geheim uit zijn verleden. Jessica heeft moeite met haar beslissing te breken met Gil.","still":"https:\/\/img-opt.cdn.smartvod.com\/smartvod\/images\/videoland\/data\/images\/x\/i\/61b382f5300b8_[format].jpg","runtime":2518,"editions":{"hd":{"price":0}},"is_downloadable":true},"E93261":{"id":93261,"ref":"E93261","type":"episode","position":4,"title":"Take Your Father To Work Day","description":"Ainsley denkt dat Malcolm iets voor haar verbergt. Samen proberen ze hun moeder te ontwijken. Ondertussen is Martin heel blij als er in zijn inrichting een moord wordt gepleegd. Nu kan hij zich bemoeien met een van Malcolms zaken.","still":"https:\/\/img-opt.cdn.smartvod.com\/smartvod\/images\/videoland\/data\/images\/e\/v\/61b382f333f6d_[format].jpg","runtime":2517,"editions":{"hd":{"price":0}},"is_downloadable":true},"E93254":{"id":93254,"ref":"E93254","type":"episode","position":5,"title":"Bad Manners","description":"Malcolm vraagt zich af waarom Ainsley zo gemotiveerd is in het vinden van een bepaalde moordenaar. Martin vindt het fantastisch om zijn dochter zo gepassioneerd aan het werk te zien. JT moet beslissen of hij een aanklacht wil indienen wegens discriminatie.","still":"https:\/\/img-opt.cdn.smartvod.com\/smartvod\/images\/videoland\/data\/images\/w\/b\/61b382ede87bf_[format].jpg","runtime":2517,"editions":{"hd":{"price":0}},"is_downloadable":true},"E93235":{"id":93235,"ref":"E93235","type":"episode","position":6,"title":"Head Case","description":"Het team onderzoekt de moord op een architect die betrokken was bij de renovatie van een hotel waar het zou spoken.","still":"https:\/\/img-opt.cdn.smartvod.com\/smartvod\/images\/videoland\/data\/images\/p\/m\/61b382e91b1c2_[format].jpg","runtime":2518,"editions":{"hd":{"price":0}},"is_downloadable":true},"E93244":{"id":93244,"ref":"E93244","type":"episode","position":7,"title":"Face Value","description":"Malcolm zoekt de moordenaar van een beroemde plastisch chirurg. Martin krijgt een nieuwe baan op de ziekenafdeling. Jessica is verbaasd als ze hoort dat haar jongere zus in de stad is.","still":"https:\/\/img-opt.cdn.smartvod.com\/smartvod\/images\/videoland\/data\/images\/x\/1\/61b382f75d717_[format].jpg","runtime":2517,"editions":{"hd":{"price":0}},"is_downloadable":true},"E93264":{"id":93264,"ref":"E93264","type":"episode","position":8,"title":"Ouroboros","description":"Een wereldberoemde profiler uit Europa is in New York. Hij claimt dat de zaak waar het team aan werkt te maken heeft met een onderzoek waar hij mee bezig is. Malcolm is bang dat het geheim van hem en Ainsley onthuld zal worden.","still":"https:\/\/img-opt.cdn.smartvod.com\/smartvod\/images\/videoland\/data\/images\/f\/i\/61b382ea98128_[format].jpg","runtime":2517,"editions":{"hd":{"price":0}},"is_downloadable":true},"E93263":{"id":93263,"ref":"E93263","type":"episode","position":9,"title":"The Killabustas","description":"Malcolm stort zich op een nieuwe moordzaak, ondanks Gils zorgen. Jessica realiseert zich dat ze zich in haar trauma's moet verdiepen om een boek te kunnen schrijven. Martin krijgt een sterkere band met dokter Capshaw.","still":"https:\/\/img-opt.cdn.smartvod.com\/smartvod\/images\/videoland\/data\/images\/0\/p\/61b382ef918b5_[format].jpg","runtime":2513,"editions":{"hd":{"price":0}},"is_downloadable":true},"E93262":{"id":93262,"ref":"E93262","type":"episode","position":10,"title":"Exit Strategy","description":"Waar Malcolm meer afstand neemt van Martin, beweegt Jessica juist naar hem toe. Martin doet wanhopig zijn best om contact te krijgen met Malcolm. Dokter Capshaw vindt zijn gedrag verdacht.","still":"https:\/\/img-opt.cdn.smartvod.com\/smartvod\/images\/videoland\/data\/images\/u\/2\/61b382f19a329_[format].jpg","runtime":2503,"editions":{"hd":{"price":0}},"is_downloadable":true},"E93247":{"id":93247,"ref":"E93247","type":"episode","position":11,"title":"You Can Run...","description":"Na een vreselijk incident in Claremont moet Malcolm racen tegen de klok om meerdere moordenaars te pakken te krijgen. De politie denkt te weten wie hen kan helpen met deze zaak.","still":"https:\/\/img-opt.cdn.smartvod.com\/smartvod\/images\/videoland\/data\/images\/q\/0\/61b3853b1d108_[format].jpeg","runtime":2513,"editions":{"hd":{"price":0}},"is_downloadable":true},"E93238":{"id":93238,"ref":"E93238","type":"episode","position":12,"title":"Sun And Fun","description":"Het team zoekt nog steeds naar de voortvluchtige seriemoordenaar. Malcolm is zo volhardend, dat hij van de zaak wordt gehaald. Maar zo makkelijk geeft hij niet op.","still":"https:\/\/img-opt.cdn.smartvod.com\/smartvod\/images\/videoland\/data\/images\/e\/7\/61b3853d15b3a_[format].jpeg","runtime":2518,"editions":{"hd":{"price":0}},"is_downloadable":true},"E93246":{"id":93246,"ref":"E93246","type":"episode","position":13,"title":"The Last Weekend","description":"De politie denkt een belangrijke slag te kunnen slaan als ze op zoek gaan naar de seriemoordenaar 'The Woodsman'.","still":"https:\/\/img-opt.cdn.smartvod.com\/smartvod\/images\/videoland\/data\/images\/n\/q\/61b3853eb8693_[format].jpeg","runtime":2518,"editions":{"hd":{"price":0}},"is_downloadable":true}}}