{"id":500325,"ref":"S500325","type":"series","title":"For Life","year":2021,"rating":4,"poster":"https:\/\/img-opt.cdn.smartvod.com\/smartvod\/images\/videoland\/data\/images\/n\/j\/621c9156de066_[format].jpg","still":"https:\/\/img-opt.cdn.smartvod.com\/smartvod\/images\/videoland\/data\/images\/w\/p\/605c99c8c934c_[format].jpg","cast":{"actors":["Joy Bryant","Nicholas Pinnock","Indira Varma"]},"genres":["Drama","Misdaad"],"refs":["SN3349","SN4029"],"is_adult":false,"is_kids":false,"is_available":true,"description":"Aaron Wallace heeft levenslang gekregen voor een misdaad die hij niet heeft begaan. Het bikkelharde leven achter de tralies zet hem ertoe aan om advocaat te worden. Hij vecht zijn eigen veroordeling aan en brengt daarnaast zaken van medegevangenen voor de rechter. Met zijn strijd voor rechtvaardigheid laat hij zien hoe \u00e9\u00e9n mens het verschil kan maken.","directors":["Charles Martin"],"nicam":{"12":"Mogelijk schadelijk tot 12 jaar","geweld":"Geweld","angst":"Angst","taalgebruik":"Grof Taalgebruik"},"language":"en","language_full":"Engels","details":{"SN3349":{"id":3349,"ref":"SN3349","type":"season","title":"1","position":1},"SN4029":{"id":4029,"ref":"SN4029","type":"season","title":"2","position":2,"refs":["E83712","E83710","E83713","E83714","E83717","E83708","E83715","E83711","E83716","E83709"]},"E83712":{"id":83712,"ref":"E83712","type":"episode","position":1,"title":"Never Stop Fighting","description":"Nadat de rechter Aaron toestemming heeft gegeven om een nieuw proces te voeren, beseft Aaron dat de strijd om zijn vrijheid maar net is begonnen. Als hij een deal krijgt aangeboden, komt hij voor een moeilijke keuze te staan. Hij moet een manier zien te vinden om Maskins eronder te krijgen.","still":"https:\/\/img-opt.cdn.smartvod.com\/smartvod\/images\/videoland\/data\/images\/k\/l\/605b08f5c30b3_[format].jpg","runtime":2454,"editions":{"hd":{"price":0}},"is_downloadable":true},"E83710":{"id":83710,"ref":"E83710","type":"episode","position":2,"title":"Homecoming","description":"Aaron verlaat Bellmore, en eenmaal thuis bij Marie realiseert hij zich dat het niet meer als vroeger is. Helemaal als Marie voorstelt dat hij op de bank slaapt. Onverwacht krijgt Aaron de kans om aan het werk te gaan. Als hij het aanbod wil afslaan, loopt de spanning tussen hem en Marie hoog op.","still":"https:\/\/img-opt.cdn.smartvod.com\/smartvod\/images\/videoland\/data\/images\/6\/e\/605b07c99ff3d_[format].jpg","runtime":2484,"editions":{"hd":{"price":0}},"is_downloadable":true},"E83713":{"id":83713,"ref":"E83713","type":"episode","position":3,"title":"The Necessity Defense","description":"Op aandringen van Richardson neemt Aaron de verdediging op zich van een vrouw die wordt aangeklaagd voor het onder schot houden van ziekenhuispersoneel. Ze wilde afdwingen dat haar zoon een levensreddende behandeling zou krijgen. Jasmine heeft er moeite mee te geloven dat haar vader voorgoed terug is.","still":"https:\/\/img-opt.cdn.smartvod.com\/smartvod\/images\/videoland\/data\/images\/f\/u\/605b08fd9871b_[format].jpg","runtime":2485,"editions":{"hd":{"price":0}},"is_downloadable":true},"E83714":{"id":83714,"ref":"E83714","type":"episode","position":4,"title":"Time To Move Forward","description":"Aaron bereidt zich voor op het weerzien met zijn ouders. Hij neemt het zijn moeder kwalijk dat ze hem nooit in de gevangenis heeft opgezocht. Op verzoek van Jamal neemt hij een nieuwe cli\u00ebnt aan. Dit heeft grote gevolgen voor Jamal.","still":"https:\/\/img-opt.cdn.smartvod.com\/smartvod\/images\/videoland\/data\/images\/9\/f\/605b08fba946c_[format].jpg","runtime":2485,"editions":{"hd":{"price":0}},"is_downloadable":true},"E83717":{"id":83717,"ref":"E83717","type":"episode","position":5,"title":"Collars For Dollars","description":"Aaron en Roswell zijn bereid om een jonge vrouw te helpen die dreigt uitgezet te worden vanwege een kleine overtreding. Ze realiseren zich dat haar zaak mogelijk een breed spectrum aan corruptie van de politie kan blootleggen. Jasmine brengt steeds meer tijd door bij de familie van Ronnie.","still":"https:\/\/img-opt.cdn.smartvod.com\/smartvod\/images\/videoland\/data\/images\/l\/p\/605b07c789bb1_[format].jpg","runtime":2485,"editions":{"hd":{"price":0}},"is_downloadable":true},"E83708":{"id":83708,"ref":"E83708","type":"episode","position":6,"title":"354","description":"Het coronavirus veroorzaakt chaos in New York. Als Aaron aan de poort van Bellmore wordt tegengehouden, vermoedt hij dat er een lockdown is. Hij schakelt de hulp in van Safiya. Ze komen erachter dat er een enorme corona-uitbraak is in Bellmore die in de doofpot wordt gestopt.","still":"https:\/\/img-opt.cdn.smartvod.com\/smartvod\/images\/videoland\/data\/images\/j\/q\/605b08ff9b81e_[format].jpg","runtime":2484,"editions":{"hd":{"price":0}},"is_downloadable":true},"E83715":{"id":83715,"ref":"E83715","type":"episode","position":7,"title":"Say His Name","description":"Safiya vraagt Aaron om een man te vertegenwoordigen die in het ziekenhuis ligt. Hij is verlamd geraakt, nadat hij was neergeschoten door de politie. Safiya vertegenwoordigt Ronnie. De politie heeft hem afgerost en gearresteerd. De familie worstelt met het idee om Aaron jr. te laten dopen.","still":"https:\/\/img-opt.cdn.smartvod.com\/smartvod\/images\/videoland\/data\/images\/w\/e\/605b08f9a3343_[format].jpg","runtime":2485,"editions":{"hd":{"price":0}},"is_downloadable":true},"E83711":{"id":83711,"ref":"E83711","type":"episode","position":8,"title":"For The People","description":"Aaron wordt van alle kanten onder druk gezet. Hij moet een keuze maken welke aanklachten hij zal indienen tegen de politieagenten die een ongewapende man hebben gedood. Safiy probeert videobeelden van het incident te achterhalen. Roswell zoekt naar een manier om de zaak te verplaatsen van Staten Island naar een andere locatie.","still":"https:\/\/img-opt.cdn.smartvod.com\/smartvod\/images\/videoland\/data\/images\/p\/n\/605b08f7b52b4_[format].jpg","runtime":2456,"editions":{"hd":{"price":0}},"is_downloadable":true},"E83716":{"id":83716,"ref":"E83716","type":"episode","position":9,"title":"The Blue Wall","description":"Aaron en Marie krijgen te maken met bedreigingen uit hun omgeving die steeds vijandiger wordt. Aaron en zijn team verdubbelen hun inzet als ze een hooggeplaatste politieman strafrechtelijk vervolgen. Ze zijn ervan overtuigd dat hij heeft geprobeerd de schietpartij te verdoezelen.","still":"https:\/\/img-opt.cdn.smartvod.com\/smartvod\/images\/videoland\/data\/images\/b\/g\/605b08f3563a9_[format].jpg","runtime":2456,"editions":{"hd":{"price":0}},"is_downloadable":true},"E83709":{"id":83709,"ref":"E83709","type":"episode","position":10,"title":"Andy Josiah","description":"Aaron en zijn juridische team staan voor het moeilijkste proces dat ze ooit hebben moeten voeren. Ze vervolgen de politieagent die verantwoordelijk is voor de dood van een onschuldige, ongewapende donkere man.","still":"https:\/\/img-opt.cdn.smartvod.com\/smartvod\/images\/videoland\/data\/images\/f\/4\/605b07cb9e44e_[format].jpg","runtime":2543,"editions":{"hd":{"price":0}},"is_downloadable":true}}}