{"id":619,"ref":"S619","type":"series","title":"Goede Tijden, Slechte Tijden (GTST)","year":2022,"rating":5,"poster":"https:\/\/img-opt.cdn.smartvod.com\/smartvod\/images\/videoland\/data\/images\/x\/b\/63048d4134624_[format].jpg","still":"https:\/\/img-opt.cdn.smartvod.com\/smartvod\/images\/videoland\/data\/images\/1\/q\/5f4e039d1b90c_[format].jpg","cast":{"actors":["Jette van der Meij","Caroline de Bruijn","Erik de Vogel","Marly van der Velden","Ferry Doedens","Stephanie van Eer"]},"genres":["Drama"],"refs":["SN1089","SN1297","SN1609","SN1731","SN1948","SN2133","SN2437","SN2595","SN2947","SN3111","SN3686","SN3966","SN4392","SN4710","SN5124"],"is_adult":false,"is_kids":false,"is_available":true,"description":"Nederlandse soapserie over de perikelen rondom verschillende families in het plaatsje Meerdijk.","nicam":{"12":"Mogelijk schadelijk tot 12 jaar","geweld":"Geweld","angst":"Angst","seks":"Seks","taalgebruik":"Grof Taalgebruik"},"language":"nl","language_full":"Nederlands","details":{"SN1089":{"id":1089,"ref":"SN1089","type":"season","title":"Najaar 2015","position":1},"SN1297":{"id":1297,"ref":"SN1297","type":"season","title":"Voorjaar 2016","position":2,"refs":["E40403","E40405","E40407","E40409","E40411","E40413","E40415","E40417","E40419","E40421","E40423","E40425","E40427","E40429","E40431","E40433","E40435","E40437","E40439","E40441","E40443","E40445","E40447","E40449","E40451","E40869","E40871","E40875","E40873","E40877","E40879","E40881","E40883","E40885","E40887","E40889","E40891","E40893","E40895","E40897","E40899","E40901","E40903","E40905","E43143","E43145","E43499","E43501","E43505","E43507","E43511","E43513","E43517","E43521","E43523","E43925","E43927","E43929","E43931","E43933","E43935","E43937","E43939","E43941","E43943","E44463","E44465","E44467","E44469","E44471","E44473","E44475","E44477","E44479","E44487","E44565","E44567","E44569","E44571","E44573","E44575","E44577","E44579","E44581","E44583","E44735","E44737","E44739","E44743","E44839","E44841","E44843","E44845","E44847","E44849","E44851","E44853","E44855","E44859","E45163","E45165","E45167","E45169","E45171","E45173","E45175","E45177","E45181","E45529","E45531","E45533","E45535","E45537","E45597","E45599","E45601","E45603","E45605","E45607","E45609","E45611","E45613","E45731","E45733","E45737","E45739"]},"SN1609":{"id":1609,"ref":"SN1609","type":"season","title":"Najaar 2016","position":3},"SN1731":{"id":1731,"ref":"SN1731","type":"season","title":"Voorjaar 2017","position":4},"SN1948":{"id":1948,"ref":"SN1948","type":"season","title":"Najaar 2017","position":5},"SN2133":{"id":2133,"ref":"SN2133","type":"season","title":"Voorjaar 2018","position":6},"SN2437":{"id":2437,"ref":"SN2437","type":"season","title":"Najaar 2018","position":7},"SN2595":{"id":2595,"ref":"SN2595","type":"season","title":"Voorjaar 2019","position":8},"SN2947":{"id":2947,"ref":"SN2947","type":"season","title":"Najaar 2019","position":9},"SN3111":{"id":3111,"ref":"SN3111","type":"season","title":"Voorjaar 2020","position":10},"SN3686":{"id":3686,"ref":"SN3686","type":"season","title":"Najaar 2020","position":11},"SN3966":{"id":3966,"ref":"SN3966","type":"season","title":"Voorjaar 2021","position":12},"SN4392":{"id":4392,"ref":"SN4392","type":"season","title":"Najaar 2021","position":13},"SN4710":{"id":4710,"ref":"SN4710","type":"season","title":"Voorjaar 2022","position":14},"SN5124":{"id":5124,"ref":"SN5124","type":"season","title":"Najaar 2022","position":15},"E40403":{"id":40403,"ref":"E40403","type":"episode","position":1,"title":"Afl. 5275","description":"Uitzending RTL4: vr 01 jan Sam onthult de ware reden waardoor ze niet terug kan naar Canada. Rikki is woest na een actie van Sjoerd. Robert en Laura zijn er getuige van dat Jef verliefd wordt. Linda bijt Maxime toe dat ze uit de buurt van haar gezin moet blijven.","still":"https:\/\/img-opt.cdn.smartvod.com\/smartvod\/images\/videoland\/data\/images\/w\/8\/56be0716ce4ad_[format].jpg","runtime":1378,"editions":{"hd":{"price":0}},"is_downloadable":true},"E40405":{"id":40405,"ref":"E40405","type":"episode","position":2,"title":"Afl. 5276","description":"Uitzending RTL4: Ma 04 jan De bevalling van Rikki begint. Een mysterieuze motorrijder onthult zijn identiteit. Anna wordt twee keer verrast: niet alleen staat er een vroegere flirt voor haar neus, deze komt ook nog eens bij in haar huis wonen. Rover helpt zijn zus als Linda voorwaarden stelt aan haar.","still":"https:\/\/img-opt.cdn.smartvod.com\/smartvod\/images\/videoland\/data\/images\/6\/1\/56be075b052db_[format].jpg","runtime":1322,"editions":{"hd":{"price":0}},"is_downloadable":true},"E40407":{"id":40407,"ref":"E40407","type":"episode","position":3,"title":"Afl. 5277","description":"Uitzending RTL4: Di 05 jan Wiet flikt Anna een valse streek. Het duurt lang voordat er nieuws is over de gezondheid van de baby. Thijs en Sjoerd arriveren beiden aan het bed van Rikki. Bing raakt ge\u00ebrgerd als hij door Ludo gedwongen wordt om samen te werken.","still":"https:\/\/img-opt.cdn.smartvod.com\/smartvod\/images\/videoland\/data\/images\/c\/5\/56be079f1093f_[format].jpg","runtime":1375,"editions":{"hd":{"price":0}},"is_downloadable":true},"E40409":{"id":40409,"ref":"E40409","type":"episode","position":4,"title":"Afl. 5278","description":"Uitzending RTL4: Wo 06 jan De rechtszaak tussen Anton en Maxime neemt een onverwachte wending. Een conflictje van Ludo groeit uit tot een titanenstrijd. Jef heeft plannen met De Koning, maar die vallen niet goed. Bing krijgt een onmogelijke opdracht.","still":"https:\/\/img-opt.cdn.smartvod.com\/smartvod\/images\/videoland\/data\/images\/t\/y\/56be07e42fd35_[format].jpg","runtime":1368,"editions":{"hd":{"price":0}},"is_downloadable":true},"E40411":{"id":40411,"ref":"E40411","type":"episode","position":5,"title":"Afl. 5279","description":"Uitzending RTL4: Do 07 jan Maxime moet alles op alles zetten om de rechtszaak tot een goed einde te brengen. Aysen verwijt Sjoerd dat hij geen aandacht heeft voor haar verdriet. Thijs en Rikki kiezen een naam voor hun kindje. Ondanks alles toont Janine zich een goede vriendin.","still":"https:\/\/img-opt.cdn.smartvod.com\/smartvod\/images\/videoland\/data\/images\/q\/f\/56be0826162af_[format].jpg","runtime":1366,"editions":{"hd":{"price":0}},"is_downloadable":true},"E40413":{"id":40413,"ref":"E40413","type":"episode","position":6,"title":"Afl. 5280","description":"Uitzending RTL4: Vr 08 jan Als Maxime tot op het bot beledigd is, wordt het zwart voor haar ogen. Jef heeft triest nieuws voor Rikki en goed nieuws voor Robert. Janine verschijnt vrolijk op een feestje, maar als ze ruzie krijgt, is dat snel afgelopen.","still":"https:\/\/img-opt.cdn.smartvod.com\/smartvod\/images\/videoland\/data\/images\/3\/2\/56be08bc73e67_[format].jpg","runtime":1323,"editions":{"hd":{"price":0}},"is_downloadable":true},"E40415":{"id":40415,"ref":"E40415","type":"episode","position":7,"title":"Afl. 5281","description":"Uitzending RTL4: Ma 11 jan Linda moet haar kinderen iets bekennen. Janine is ontregeld door wat haar overkomen is. De strijd om de managementfunctie tussen Anna en Job wordt steeds fanatieker. Sjoerd en Aysen zijn het niet eens met de keuzes van Anton.","still":"https:\/\/img-opt.cdn.smartvod.com\/smartvod\/images\/videoland\/data\/images\/v\/5\/56be093312973_[format].jpg","runtime":1377,"editions":{"hd":{"price":0}},"is_downloadable":true},"E40417":{"id":40417,"ref":"E40417","type":"episode","position":8,"title":"Afl. 5282","description":"Uitzending RTL4: Di 12 jan Maxime onthult wat ze tot nu toe angstvallig geheim gehouden heeft. Thijs vraagt aan Rikki of ze bij hem in wil trekken. Anna verzwijgt een grote gebeurtenis voor Wiet. Ludo moet zich verantwoorden bij de leiding van zijn eigen bedrijf.","still":"https:\/\/img-opt.cdn.smartvod.com\/smartvod\/images\/videoland\/data\/images\/w\/1\/56be096ca05c9_[format].jpg","runtime":1382,"editions":{"hd":{"price":0}},"is_downloadable":true},"E40419":{"id":40419,"ref":"E40419","type":"episode","position":9,"title":"Afl. 5283","description":"Uitzending RTL4: Wo 13 jan Na een aanbod dat hij niet kan afslaan, heeft Jef iets goed te maken bij Laura. Hij weet haar diep te ontroeren. Thijs organiseert een lieve verrassing voor Rikki. En Rikki organiseert een lieve verrassing voor Sjoerd.","still":"https:\/\/img-opt.cdn.smartvod.com\/smartvod\/images\/videoland\/data\/images\/t\/c\/56be09a856ce5_[format].jpg","runtime":1377,"editions":{"hd":{"price":0}},"is_downloadable":true},"E40421":{"id":40421,"ref":"E40421","type":"episode","position":10,"title":"Afl. 5284","description":"Uitzending RTL4: Do 14 jan Aysen vindt dat Sjoerd zich verdacht gedraagt. Wiet wil Anna niet kwijt, maar haar aanpak kan alleen maar verkeerd aflopen. Bing probeert Ludo ervan te overtuigen dat hij verkeerde beslissingen neemt. Als Ludo niet wil luisteren, gaat Bing eigenwijs zelf aan de slag.","still":"https:\/\/img-opt.cdn.smartvod.com\/smartvod\/images\/videoland\/data\/images\/2\/9\/56be09df03f38_[format].jpg","runtime":1395,"editions":{"hd":{"price":0}},"is_downloadable":true},"E40423":{"id":40423,"ref":"E40423","type":"episode","position":11,"title":"Afl. 5285","description":"Uitzending RTL4: Vr 15 jan Met een bos rozen en een emotioneel verhaal staat Anton plotseling bij Linda voor de deur. Laura ontdekt wat Roberts liefste wens is. Sam wil zo graag een atletiekclinic doen, dat ze steelt om het geld bij elkaar te krijgen. Dat kan alleen maar fout lopen\u2026","still":"https:\/\/img-opt.cdn.smartvod.com\/smartvod\/images\/videoland\/data\/images\/g\/z\/56be0a1b320c5_[format].jpg","runtime":1340,"editions":{"hd":{"price":0}},"is_downloadable":true},"E40425":{"id":40425,"ref":"E40425","type":"episode","position":12,"title":"Afl. 5286","description":"Uitzending RTL4: Ma 18 jan Anton overvalt Sjoerd met een nieuwtje. Ook Linda heeft haar kinderen iets mee te delen, maar zij brengt het voorzichtiger. Sjors snapt niet waarom Rikki Sjoerd op een afstand houdt.","still":"https:\/\/img-opt.cdn.smartvod.com\/smartvod\/images\/videoland\/data\/images\/a\/z\/569ca9da0fe4c_[format].png","runtime":1317,"editions":{"hd":{"price":0}},"is_downloadable":true},"E40427":{"id":40427,"ref":"E40427","type":"episode","position":13,"title":"Afl. 5287","description":"Uitzending RTL4: Di 19 jan Anna bijt zich vast in haar sabotageonderzoek. Nina confronteert Maxime met een smeekbede die recht uit haar hart komt. Ludo vecht voor het behoud van Bings baan. Hij is namelijk iets van plan met Bing.","still":"https:\/\/img-opt.cdn.smartvod.com\/smartvod\/images\/videoland\/data\/images\/i\/v\/569cbc3c47f21_[format].png","runtime":1371,"editions":{"hd":{"price":0}},"is_downloadable":true},"E40429":{"id":40429,"ref":"E40429","type":"episode","position":14,"title":"Afl. 5288","description":"Uitzending RTL4: Wo 20 jan Een dubbele afspraak brengt Sam in de problemen. Sjoerd kan het niet aanzien als Thijs de trotse vader speelt. Linda neemt Anton in vertrouwen over gebeurtenissen uit het verleden.","still":"https:\/\/img-opt.cdn.smartvod.com\/smartvod\/images\/videoland\/data\/images\/x\/s\/569cbdcb82d74_[format].png","runtime":1338,"editions":{"hd":{"price":0}},"is_downloadable":true},"E40431":{"id":40431,"ref":"E40431","type":"episode","position":15,"title":"Afl. 5289","description":"Uitzending RTL4: Do 21 jan Riks nieuwe baan valt tegen. Nina toont zich strijdbaar als ze Ludo van haar gelijk wil overtuigen. Sjoerd heeft even geen behoefte aan Aysen. Jef krijgt door dat er een surpriseparty voor hem wordt georganiseerd.","still":"https:\/\/img-opt.cdn.smartvod.com\/smartvod\/images\/videoland\/data\/images\/z\/8\/569e0d64bf8b7_[format].png","runtime":1388,"editions":{"hd":{"price":0}},"is_downloadable":true},"E40433":{"id":40433,"ref":"E40433","type":"episode","position":16,"title":"Afl. 5290","description":"Uitzending RTL4: Vr 22 jan Maxime krijgt te maken met de genadeloze eerlijkheid van Ludo. Laura wordt nieuwsgierig naar de missie van een bijzonder persoon. Linda hakt een moeilijke knoop door en dat werkt tegen haar. Janine laat zich niet afschrikken door.","still":"https:\/\/img-opt.cdn.smartvod.com\/smartvod\/images\/videoland\/data\/images\/o\/0\/569e10ce62ca1_[format].png","runtime":1372,"editions":{"hd":{"price":0}},"is_downloadable":true},"E40435":{"id":40435,"ref":"E40435","type":"episode","position":17,"title":"Afl. 5291","description":"Uitzending RTL4: Ma 25 jan Sjoerd doet Rover een aanbod dat hij niet kan weigeren. Nina probeert Sacha bij te staan, maar is zelf het probleem. Bing presenteert wilde plannen om Driesen ten val te brengen.","still":"https:\/\/img-opt.cdn.smartvod.com\/smartvod\/images\/videoland\/data\/images\/4\/2\/569e13917ae9c_[format].png","runtime":1322,"editions":{"hd":{"price":0}},"is_downloadable":true},"E40437":{"id":40437,"ref":"E40437","type":"episode","position":18,"title":"Afl. 5292","description":"Uitzending RTL4: Di 26 jan Een stiekeme daad van Wiet om Anna erin te luizen loopt uit de hand. Door het werk van Thijs mist Rikki een leuke afspraak. Job kijkt ernaar uit dat Anna de nieuwe bedrijfskleding van Boks showt.","still":"https:\/\/img-opt.cdn.smartvod.com\/smartvod\/images\/videoland\/data\/images\/0\/5\/56a209702ed6f_[format].png","runtime":1337,"editions":{"hd":{"price":0}},"is_downloadable":true},"E40439":{"id":40439,"ref":"E40439","type":"episode","position":19,"title":"Afl. 5293","description":"Uitzending RTL4: Wo 27 jan Rover vindt het onverteerbaar dat Sam begrip heeft voor de relatie van hun moeder. Ook Sjoerd vindt het moeilijk om Linda in huize Bouwhuis te zien. Maxime ergert zich groen en geel als Ludo een afspraak niet nakomt.","still":"https:\/\/img-opt.cdn.smartvod.com\/smartvod\/images\/videoland\/data\/images\/y\/l\/56a20ada53892_[format].png","runtime":1332,"editions":{"hd":{"price":0}},"is_downloadable":true},"E40441":{"id":40441,"ref":"E40441","type":"episode","position":20,"title":"Afl. 5294","description":"Uitzending RTL4: Do 28 jan Bing liegt glashard tegen zijn baas. Janine probeert Hein te imponeren, maar kan geen hoogte van hem krijgen. Tot Maximes ergernis manoeuvreert Ludo zich handig door een transplantatiegesprek heen.","still":"https:\/\/img-opt.cdn.smartvod.com\/smartvod\/images\/videoland\/data\/images\/f\/h\/56a79395c5e1f_[format].jpg","runtime":1336,"editions":{"hd":{"price":0}},"is_downloadable":true},"E40443":{"id":40443,"ref":"E40443","type":"episode","position":21,"title":"Afl. 5295","description":"Uitzending RTL4: Vr 29 jan Anna zoekt nieuwe woonruimte, omdat ze niet langer met Job in \u00e9\u00e9n huis wil wonen. Rik krijgt door Aysen een ingeving voor de toekomst. Rikki is ongewild slachtoffer van de redeneringskracht van Thijs.","still":"https:\/\/img-opt.cdn.smartvod.com\/smartvod\/images\/videoland\/data\/images\/o\/m\/56a796d098bb5_[format].jpg","runtime":1333,"editions":{"hd":{"price":0}},"is_downloadable":true},"E40445":{"id":40445,"ref":"E40445","type":"episode","position":22,"title":"Afl. 5296","description":"Uitzending RTL4: Ma 1 feb Nina ontdekt waar Janine mee bezig is en keurt dit af. Bing boekt een overwinning maar ook een verlies. Als Wiet haar vertrek naar Stuttgart concreet maakt, trekt Anna haar conclusies. Noud heeft niet door dat Nina zich toch met hem en Sacha gaat bemoeien.","still":"https:\/\/img-opt.cdn.smartvod.com\/smartvod\/images\/videoland\/data\/images\/7\/o\/56b0afc81b0e9_[format].jpg","runtime":1374,"editions":{"hd":{"price":0}},"is_downloadable":true},"E40447":{"id":40447,"ref":"E40447","type":"episode","position":23,"title":"Afl. 5297","description":"Uitzending RTL4: Di 2 feb Linda moet in actie komen omdat Rover niet op school is verschenen. Als Thijs de zorg voor Teddy probeert te combineren met een zakenafspraak, is Rikki niet blij met de oplossing die hij bedenkt. Wiet wil niet toegeven dat ze het helemaal verkeerd heeft aangepakt.","still":"https:\/\/img-opt.cdn.smartvod.com\/smartvod\/images\/videoland\/data\/images\/i\/h\/56b0b07be2024_[format].jpg","runtime":1393,"editions":{"hd":{"price":0}},"is_downloadable":true},"E40449":{"id":40449,"ref":"E40449","type":"episode","position":24,"title":"Afl. 5298","description":"Uitzending RTL4: Wo 3 feb In de kou is het zwaar afzien voor Rover. Linda doet Sam een belofte die ze niet waarmaakt. Thijs probeert de band tussen Rikki en Sjoerd te begrijpen. Aysen vindt het verdacht dat Sjoerd zich constant op Teddy stort. Sacha doet Noud een bekentenis, maar het is de vraag of dit bij hem doordringt.","still":"https:\/\/img-opt.cdn.smartvod.com\/smartvod\/images\/videoland\/data\/images\/e\/o\/56b0b10670e37_[format].jpg","runtime":1343,"editions":{"hd":{"price":0}},"is_downloadable":true},"E40451":{"id":40451,"ref":"E40451","type":"episode","position":25,"title":"Afl. 5299","description":"Uitzending RTL4: Do 4 feb Wiet gaat door het stof om de situatie voor Anna recht te zetten. Nina liegt en hoopt dat ze zo de familieverhoudingen kan herstellen. Sacha is een beetje bang van Laura. Ook al maakt Bing weinig kans, toch presenteert hij een reddingsplan aan Ludo.","still":"https:\/\/img-opt.cdn.smartvod.com\/smartvod\/images\/videoland\/data\/images\/2\/l\/56b0b167c615c_[format].jpg","runtime":1388,"editions":{"hd":{"price":0}},"is_downloadable":true},"E40869":{"id":40869,"ref":"E40869","type":"episode","position":26,"title":"Afl. 5300","description":"Uitzending RTL4: Vr 5 feb Janine is in de war na een ontmoeting in het park. Linda doet een dure goedmaakpoging bij Sam. Rikki vertrouwt met moeite Teddy aan Sjoerd toe, maar hij gaat veel te ver in zijn zorg voor haar. Sam laat Rover weten dat zij vindt dat hij volkomen verkeerd bezig is.","still":"https:\/\/img-opt.cdn.smartvod.com\/smartvod\/images\/videoland\/data\/images\/e\/4\/56b0b20b5cd44_[format].jpg","runtime":1375,"editions":{"hd":{"price":0}},"is_downloadable":true},"E40871":{"id":40871,"ref":"E40871","type":"episode","position":27,"title":"Afl. 5301","description":"Uitzending RTL4: Ma 8 feb Wiet komt in actie als ze hoort dat Job Anna wil verrassen. Sam weet Rik, in de boksring, op een slimme manier te strikken als personal trainer. Linda en Anton organiseren een etentje dat uiteindelijk helemaal in het water valt.","still":"https:\/\/img-opt.cdn.smartvod.com\/smartvod\/images\/videoland\/data\/images\/7\/8\/56b4b35778634_[format].jpg","runtime":1394,"editions":{"hd":{"price":0}},"is_downloadable":true},"E40875":{"id":40875,"ref":"E40875","type":"episode","position":28,"title":"Afl. 5302","description":"Uitzending RTL4: Di 9 feb Job en Bing reageren hun frustraties op elkaar af. Nina is geschokt als Bing geen rekening met haar houdt. Rik heeft niet door dat Sjors naar zijn liefdesleven vist. Als Anna zich niet serieus genomen voelt, gaat ze onwaarheden verkondigen.","still":"https:\/\/img-opt.cdn.smartvod.com\/smartvod\/images\/videoland\/data\/images\/8\/2\/56b4b570308ec_[format].jpg","runtime":1376,"editions":{"hd":{"price":0}},"is_downloadable":true},"E40873":{"id":40873,"ref":"E40873","type":"episode","position":29,"title":"Afl. 5303","description":"Uitzending RTL4: Wo 10 feb Janine wordt betrapt op een plek waar ze niet hoort te zijn. Anna probeert iets recht te zetten. Thijs vindt het verdacht dat Sjoerd voor de meest onbenullige dingen langskomt. Aysen is enthousiast bezig met reisplannen voor haar en Sjoerd.","still":"https:\/\/img-opt.cdn.smartvod.com\/smartvod\/images\/videoland\/data\/images\/g\/n\/56b85316987ed_[format].jpg","runtime":1332,"editions":{"hd":{"price":0}},"is_downloadable":true},"E40877":{"id":40877,"ref":"E40877","type":"episode","position":30,"title":"Afl. 5304","description":"Uitzending RTL4: Do 11 feb Linda en Anton stellen huisregels op en die worden meteen getest. Als Thijs achterdochtig reageert, gaat Aysen anders naar Sjoerd kijken. Noud realiseert zich dat hij klem zit tussen twee vrouwen. Maxime ontkent dat ze onzeker is over de operatie.","still":"https:\/\/img-opt.cdn.smartvod.com\/smartvod\/images\/videoland\/data\/images\/e\/e\/56b9a33bef33f_[format].jpg","runtime":1319,"editions":{"hd":{"price":0}},"is_downloadable":true},"E40879":{"id":40879,"ref":"E40879","type":"episode","position":31,"title":"Afl. 5305","description":"Uitzending RTL4: Vr 12 feb Nina is erbij als Maxime en Ludo ontwaken in het ziekenhuis. Sjoerd probeert het vertrouwen van Aysen te herstellen door een groots besluit. Sam arriveert te laat bij de offici\u00eble conditietest voor het EK, maar moet toch een topprestatie neerzetten. Voor Linda is het niet gemakkelijk om tussen twee strijdende partijen in te staan.","still":"https:\/\/img-opt.cdn.smartvod.com\/smartvod\/images\/videoland\/data\/images\/x\/j\/56bafc9d37822_[format].jpg","runtime":1317,"editions":{"hd":{"price":0}},"is_downloadable":true},"E40881":{"id":40881,"ref":"E40881","type":"episode","position":32,"title":"Afl. 5306","description":"Uitzending RTL4: Ma 15 feb Nina raakt in paniek na nieuws uit het ziekenhuis. Sjoerd weigert een besluit van Rikki te accepteren. In de hoop Hein tot een bekentenis te verleiden, geeft Janine informatie prijs die ze voor zichzelf wilde houden. Job gelooft Anna niet als zij zegt dat ze Wiet terug wil.","still":"https:\/\/img-opt.cdn.smartvod.com\/smartvod\/images\/videoland\/data\/images\/i\/0\/56bb4c3b4357f_[format].jpg","runtime":1392,"editions":{"hd":{"price":0}},"is_downloadable":true},"E40883":{"id":40883,"ref":"E40883","type":"episode","position":33,"title":"Afl. 5307","description":"Uitzending RTL4: Di 16 feb Linda liegt omwille van Sams atletiekcarri\u00e8re, maar dat verergert de zaak alleen maar. Sjoerd moet vluchten en laat daarbij Teddy eenzaam en alleen achter. Janine raakt teleurgesteld in Rik en baalt van zichzelf, terwijl ze het even daarvoor nog zo leuk hadden samen.","still":"https:\/\/img-opt.cdn.smartvod.com\/smartvod\/images\/videoland\/data\/images\/0\/o\/56bb4cb91c201_[format].jpg","runtime":1358,"editions":{"hd":{"price":0}},"is_downloadable":true},"E40885":{"id":40885,"ref":"E40885","type":"episode","position":34,"title":"Afl. 5308","description":"Uitzending RTL4: Wo 17 feb Noud wordt met een groot dilemma opgezadeld. Rikki raakt in paniek wanneer ze ontdekt dat ze talloze gemiste oproepen heeft. Anna grijpt in als Rover zich misdraagt. Linda besluit een poging te wagen om Sams gezicht te redden.","still":"https:\/\/img-opt.cdn.smartvod.com\/smartvod\/images\/videoland\/data\/images\/x\/w\/56bb4d13c1ce0_[format].jpg","runtime":1314,"editions":{"hd":{"price":0}},"is_downloadable":true},"E40887":{"id":40887,"ref":"E40887","type":"episode","position":35,"title":"Afl. 5309","description":"Uitzending RTL4: Do 18 feb Ludo heeft het moeilijk met het overbezorgde gedrag van Nina. Job laat zich niet uit het veld slaan als Anna hem afwijst. Janine beseft dat ze in een scheve liefdesrelatie zit en wil dat niet meer. Als Tims verjaardag zich aandient, wordt Sjors op het idee gebracht om iets speciaals te doen.","still":"https:\/\/img-opt.cdn.smartvod.com\/smartvod\/images\/videoland\/data\/images\/t\/2\/56bb4d8fbfe02_[format].jpg","runtime":1360,"editions":{"hd":{"price":0}},"is_downloadable":true},"E40889":{"id":40889,"ref":"E40889","type":"episode","position":36,"title":"Afl. 5310","description":"Uitzending RTL4: Vr 19 feb Sjors weet zich geen raad met Jobs complimenten. Sam is bloednerveus voor de atletiektest. Rover wil Sam gaan aanmoedigen totdat hij hoort dat Anton ook meegaat. Ludo wordt geconfronteerd met wat hij nog niet kan. Maxime is blij als ze Nina kan helpen.","still":"https:\/\/img-opt.cdn.smartvod.com\/smartvod\/images\/videoland\/data\/images\/h\/j\/56bb4e2145805_[format].jpg","runtime":1370,"editions":{"hd":{"price":0}},"is_downloadable":true},"E40891":{"id":40891,"ref":"E40891","type":"episode","position":37,"title":"Afl. 5311","description":"Uitzending RTL4: Ma 22 feb Rikki heeft geheim bezoek als plotseling Thijs thuiskomt. Linda hoort wat de gezinsconsequenties zijn van Sams topsport en twijfelt meteen aan het hele idee. Aysen merkt dat Sjoerd en Noud iets voor haar verbergen. Wiet stuit op Anna als ze een afscheidsborrel wil plannen.","still":"https:\/\/img-opt.cdn.smartvod.com\/smartvod\/images\/videoland\/data\/images\/3\/o\/56c1f2725d1ee_[format].jpg","runtime":1370,"editions":{"hd":{"price":0}},"is_downloadable":true},"E40893":{"id":40893,"ref":"E40893","type":"episode","position":38,"title":"Afl. 5312","description":"Uitzending RTL4: Di 23 feb Thijs kan zijn handen niet thuishouden. Sacha merkt dat Noud iets voor haar verzwijgt. Als Ludo via Nina ontdekt dat Janine iets met Rik heeft, raakt hem dit meer dan hij dacht. Janine moet beloftes doen aan Hein om hem binnenboord te houden.","still":"https:\/\/img-opt.cdn.smartvod.com\/smartvod\/images\/videoland\/data\/images\/j\/0\/56c1f2facc171_[format].jpg","runtime":1388,"editions":{"hd":{"price":0}},"is_downloadable":true},"E40895":{"id":40895,"ref":"E40895","type":"episode","position":39,"title":"Afl. 5313","description":"Uitzending RTL4: Wo 24 feb Sjoerds leugen heeft grote gevolgen. Niet alleen voor hem, ook voor Bram, Aysen, Anton en de familie Dekker. Nina schrikt als ze ontdekt wat Janine allemaal doet om Hein te pleasen. Ludo treft Rik terloops en kan het niet laten hem aan te spreken.","still":"https:\/\/img-opt.cdn.smartvod.com\/smartvod\/images\/videoland\/data\/images\/g\/w\/56cac35c3088a_[format].jpg","runtime":1341,"editions":{"hd":{"price":0}},"is_downloadable":true},"E40897":{"id":40897,"ref":"E40897","type":"episode","position":40,"title":"Afl. 5314","description":"Uitzending RTL4: Do 25 feb Linda krijgt te maken met een oplichter. Sjors raakt ontregeld door Job. Sam heeft zo'n volle agenda dat alles haar boven het hoofd groeit en ze op zoek moet naar creatieve oplossingen. Maxime lijkt een goede beurt bij Linda te maken, totdat Anton opdraaft.","still":"https:\/\/img-opt.cdn.smartvod.com\/smartvod\/images\/videoland\/data\/images\/w\/g\/56c1f386af378_[format].jpg","runtime":1356,"editions":{"hd":{"price":0}},"is_downloadable":true},"E40899":{"id":40899,"ref":"E40899","type":"episode","position":41,"title":"Afl. 5315","description":"Uitzending RTL4: Vr 26 feb Op Wiets afscheidsborrel verschijnt een verrassende gast. Wiet voelt dat er iets gaande is tussen Sjors en Job, maar weet niet wat. Aysen en Anna reageren hun frustraties op elkaar af. Rikki stapt op Aysen af als ze bang is dat Sjoerd hun geheim niet langer kan verzwijgen.","still":"https:\/\/img-opt.cdn.smartvod.com\/smartvod\/images\/videoland\/data\/images\/r\/5\/56cac45eb949c_[format].jpg","runtime":1353,"editions":{"hd":{"price":0}},"is_downloadable":true},"E40901":{"id":40901,"ref":"E40901","type":"episode","position":42,"title":"Afl. 5316 Jack","description":"Uitzending RTL4: Ma 29 feb Rover valt als een blok voor een onbekend meisje en zijn moeder heeft dit door. Sam heeft een onvoldoende, dus komt ze in actie. Hein vraagt Rik om hulp. Is dit echt of is het een smoes om Rik uit te horen over Janine?","still":"https:\/\/img-opt.cdn.smartvod.com\/smartvod\/images\/videoland\/data\/images\/r\/g\/56d046899464b_[format].jpg","runtime":1365,"editions":{"hd":{"price":0}},"is_downloadable":true},"E40903":{"id":40903,"ref":"E40903","type":"episode","position":43,"title":"Afl. 5317 Jack","description":"Uitzending RTL4: Di 1 maart Terwijl Wiet ontdekt waarom ze haar plannen zal moeten veranderen, drinkt Anna te veel en belandt in Jobs armen. Rover heeft een date. Sam heeft alles over voor haar sport, maar soms moet ze een offer brengen dat ze niet leuk vindt. Anton helpt Sam door een weddenschap met haar aan te gaan.","still":"https:\/\/img-opt.cdn.smartvod.com\/smartvod\/images\/videoland\/data\/images\/3\/i\/56d316e8646bf_[format].jpg","runtime":1331,"editions":{"hd":{"price":0}},"is_downloadable":true},"E40905":{"id":40905,"ref":"E40905","type":"episode","position":44,"title":"Afl. 5318","description":"Uitzending RTL4: Wo 2 maart Sjoerd probeert via Sacha in de buurt van Teddy te komen. Nina wordt jaloers als ze ziet hoe leuk Noud en Sacha hun huwelijksplannen vormgeven. Rover wordt betrapt als hij het huis binnensneakt. Thijs ziet dat Rikki gespannen is. Dit probeert hij op te lossen met een sauna-arrangement.","still":"https:\/\/img-opt.cdn.smartvod.com\/smartvod\/images\/videoland\/data\/images\/j\/7\/56d31700890c9_[format].jpg","runtime":1320,"editions":{"hd":{"price":0}},"is_downloadable":true},"E43143":{"id":43143,"ref":"E43143","type":"episode","position":45,"title":"Afl. 5319","description":"Uitzending RTL4: Do 3 maart Maxime doet een toenaderingspoging bij Linda. Wanneer Rikki hulp zoekt bij haar vader, twijfelt ze of ze haar grote geheim prijs moet geven. Sjors gaat met andere ogen naar Job kijken. Sacha ontdekt dat Anna een prima ceremoniemeester voor haar huwelijk zou kunnen zijn.","still":"https:\/\/img-opt.cdn.smartvod.com\/smartvod\/images\/videoland\/data\/images\/j\/k\/56d402bac567e_[format].jpg","runtime":1388,"editions":{"hd":{"price":0}},"is_downloadable":true},"E43145":{"id":43145,"ref":"E43145","type":"episode","position":46,"title":"Afl. 5320","description":"Uitzending RTL4: Vr 4 maart Nina wil Sacha's huwelijk overtreffen en vraagt daarom Maxime om hulp. Anton blijft doorvragen naar wat Sjoerd nu toch precies dwarszit. Aysen doet die moeite niet meer. Ze dumpt Sjoerds persoonlijke spullen bij Bouwhuis. Job en Rik concluderen dat ze alle twee in een onmogelijke liefde verzeild zijn geraakt.","still":"https:\/\/img-opt.cdn.smartvod.com\/smartvod\/images\/videoland\/data\/images\/s\/1\/56d4030f59232_[format].jpg","runtime":1319,"editions":{"hd":{"price":0}},"is_downloadable":true},"E43499":{"id":43499,"ref":"E43499","type":"episode","position":47,"title":"Afl. 5321","description":"Uitzending RTL4: Ma 7 maart De schoolfraude van Sam komt uit en ze heeft hulp nodig. Als Rikki de politie wil bellen, zet Sjoerd haar onder druk. Bing gaat zijn eigen gang bij een zakendeal, ook al wil Ludo hem kort houden.","still":"https:\/\/img-opt.cdn.smartvod.com\/smartvod\/images\/videoland\/data\/images\/r\/u\/56d7f9d599f6b_[format].jpg","runtime":1389,"editions":{"hd":{"price":0}},"is_downloadable":true},"E43501":{"id":43501,"ref":"E43501","type":"episode","position":48,"title":"Afl. 5322","description":"Uitzending RTL4: Di 8 maart Job wurmt zich naast Anna in de organisatie van het huwelijk van Noud en Sacha. Er is een fijne en een minder fijne verrassing voor Sjors. Linda twijfelt over hoe ze de situatie rond Sam heeft aangepakt. Janine denkt dat ze over Rik heen is, tot ze hem weer tegen het lijf loopt.","still":"https:\/\/img-opt.cdn.smartvod.com\/smartvod\/images\/videoland\/data\/images\/n\/u\/56de9103877c5_[format].jpg","runtime":1384,"editions":{"hd":{"price":0}},"is_downloadable":true},"E43505":{"id":43505,"ref":"E43505","type":"episode","position":49,"title":"Afl. 5323","description":"Uitzending RTL4: Wo 9 maart Sjors merkt dat haar toekomstideaal op losse schroeven staat. Janine krijgt reacties op het eerste hoofdstuk van haar boek over Hein. Ludo start een geheim onderzoek, omdat hij Janine wil beschermen. Als Job vermoedt dat Anna zijn kookkunsten saboteert, gaat hij de confrontatie aan.","still":"https:\/\/img-opt.cdn.smartvod.com\/smartvod\/images\/videoland\/data\/images\/g\/h\/56de912e31be3_[format].jpg","runtime":1393,"editions":{"hd":{"price":0}},"is_downloadable":true},"E43507":{"id":43507,"ref":"E43507","type":"episode","position":50,"title":"Afl. 5324","description":"Uitzending RTL4: Do 10 maart Rik weerstaat de manipulatie van Ludo en ook die van Janine. Sjoerd krijgt een straatverbod. Bings zakenrelatie wil meer dan alleen een zakelijke relatie. Nina voelt zich aan de kant gezet als Bing geen oog voor haar heeft.","still":"https:\/\/img-opt.cdn.smartvod.com\/smartvod\/images\/videoland\/data\/images\/b\/5\/56de91a273e9e_[format].jpg","runtime":1384,"editions":{"hd":{"price":0}},"is_downloadable":true},"E43511":{"id":43511,"ref":"E43511","type":"episode","position":51,"title":"Afl. 5325","description":"Uitzending RTL4: Vr 11 maart Rover durft online meer dan in het echte leven. Nina vindt Bings romantische goedmaakpoging te gemakkelijk. Sjoerd weet iedereen om de tuin te leiden en gaat vervolgens zijn eigen gang. Rikki wil weg voor een korte vakantie en probeert Thijs mee te krijgen.","still":"https:\/\/img-opt.cdn.smartvod.com\/smartvod\/images\/videoland\/data\/images\/7\/a\/56de94d9e6bcc_[format].jpg","runtime":1382,"editions":{"hd":{"price":0}},"is_downloadable":true},"E43513":{"id":43513,"ref":"E43513","type":"episode","position":52,"title":"Afl. 5326","description":"Uitzending RTL4: Ma 14 maart Rikki haast zich naar het ziekenhuis. Rover baalt van zichzelf als hij een stomme beslissing neemt. Maxime is gealarmeerd als ze Bing ziet flirten en zoekt hulp als ze denkt dat dit uit de hand gaat lopen.","still":"https:\/\/img-opt.cdn.smartvod.com\/smartvod\/images\/videoland\/data\/images\/w\/l\/56de955a33922_[format].jpg","runtime":1335,"editions":{"hd":{"price":0}},"is_downloadable":true},"E43517":{"id":43517,"ref":"E43517","type":"episode","position":54,"title":"Afl. 5328","description":"Uitzending RTL4: Wo 16 maart Sjoerd overtreedt nogmaals het straatverbod. Janine probeert intiemer contact met Hein te maken. Linda betrapt Sam op het afraffelen van haar schoolwerk. Dat heeft consequenties, maar Sam gaat haar eigen weg. Thijs is niet onder de indruk van Aysen en wil zijn aangifte doorzetten.","still":"https:\/\/img-opt.cdn.smartvod.com\/smartvod\/images\/videoland\/data\/images\/5\/9\/56e9297b47a37_[format].jpg","runtime":1330,"editions":{"hd":{"price":0}},"is_downloadable":true},"E43521":{"id":43521,"ref":"E43521","type":"episode","position":55,"title":"Afl. 5329","description":"Uitzending RTL4: Do 17 maart Sams bedrog komt uit. Voor een romantisch samenzijn laat Rover een etentje schieten. Maximes argwaan groeit als Ludo een geweldige deal van Bing de hemel in prijst. Sjors wordt emotioneel door een grote verrassing en heeft dan iets op te biechten.","still":"https:\/\/img-opt.cdn.smartvod.com\/smartvod\/images\/videoland\/data\/images\/x\/c\/56deb24141c7b_[format].jpg","runtime":1368,"editions":{"hd":{"price":0}},"is_downloadable":true},"E43523":{"id":43523,"ref":"E43523","type":"episode","position":56,"title":"Afl. 5330","description":"Uitzending RTL4: Vr 18 maart Bing wordt door Nina uitgedaagd om haar trouwlocatie te regelen. Janine is als enige enthousiast over haar vorderingen met Hein. Job wil samenwerken met Anna, maar zij verwijt hem alles verknoeid te hebben.","still":"https:\/\/img-opt.cdn.smartvod.com\/smartvod\/images\/videoland\/data\/images\/0\/m\/56deb2a160f27_[format].jpg","runtime":1357,"editions":{"hd":{"price":0}},"is_downloadable":true},"E43925":{"id":43925,"ref":"E43925","type":"episode","position":57,"title":"Afl. 5331","description":"Uitzending RTL4: Ma 21 Maart Job heeft een rekening openstaan bij Maxime en wil dat in natura betalen. Linda zorgt ervoor dat Rover het huis voor zichzelf heeft, zodat niets zijn date met Benthe in de weg staat. Anton moet zich inhouden ten opzichte van de brutale Sam.","still":"https:\/\/img-opt.cdn.smartvod.com\/smartvod\/images\/videoland\/data\/images\/f\/z\/56e92a8384d39_[format].jpg","runtime":1393,"editions":{"hd":{"price":0}},"is_downloadable":true},"E43927":{"id":43927,"ref":"E43927","type":"episode","position":58,"title":"Afl. 5332","description":"Uitzending RTL4: Di 22 maart Nina voelt zich geweldig door alle positieve persberichten. Aysen en Anton vinden dat Sjoerd op een onverantwoordelijke manier omgaat met zijn vaderschap. Thijs probeert Sjoerd voor de rechter te krijgen, Rikki is genuanceerder.","still":"https:\/\/img-opt.cdn.smartvod.com\/smartvod\/images\/videoland\/data\/images\/w\/5\/56e92aeec80e8_[format].jpg","runtime":1363,"editions":{"hd":{"price":0}},"is_downloadable":true},"E43929":{"id":43929,"ref":"E43929","type":"episode","position":59,"title":"Afl. 5333","description":"Uitzending RTL4: Wo 23 maart Laura vindt dat Job niet correct omgaat met Jefs `erfenis\u00b4. Sjors houdt haar gevoelens voor Bing verborgen, maar hij kijkt daar dwars doorheen. Als Nina voor een groot dilemma staat, wil Maxime haar helpen. Maar Nina beslist zelf.","still":"https:\/\/img-opt.cdn.smartvod.com\/smartvod\/images\/videoland\/data\/images\/y\/g\/56e92c264b38e_[format].jpg","runtime":1409,"editions":{"hd":{"price":0}},"is_downloadable":true},"E43931":{"id":43931,"ref":"E43931","type":"episode","position":60,"title":"Afl. 5334","description":"Uitzending RTL4: Do 24 maart Sjoerd moet een moeilijke toezegging doen als hij vrij wil komen. Sam probeert Rik mee te krijgen in haar plan. Job zit plotseling opgescheept met een ex-vriendinnetje en heeft hulp nodig. Rikki neemt een ingrijpend besluit en moet dit aan Thijs vertellen.","still":"https:\/\/img-opt.cdn.smartvod.com\/smartvod\/images\/videoland\/data\/images\/n\/w\/56e92c7f8e23f_[format].jpg","runtime":1372,"editions":{"hd":{"price":0}},"is_downloadable":true},"E43933":{"id":43933,"ref":"E43933","type":"episode","position":61,"title":"Afl. 5335","description":"Uitzending RTL4: Vr 25 maart Sam gaat de strijd met Linda aan over het huisarrest. Janine doet een persoonlijke openbaring als Hein zegt dat hij haar volledig vertrouwt. Ze weet niet dat hij een plan heeft. Nina voelt zich klemgezet als Bing wil dat ze zich aan zijn zakelijke voorwaarden onderwerpt.","still":"https:\/\/img-opt.cdn.smartvod.com\/smartvod\/images\/videoland\/data\/images\/a\/p\/56e92cdae32c1_[format].jpg","runtime":1387,"editions":{"hd":{"price":0}},"is_downloadable":true},"E43935":{"id":43935,"ref":"E43935","type":"episode","position":62,"title":"Afl. 5336","description":"Uitzending RTL 4: Ma 28 Maart Rovers romantische bui wordt verstoord. Rik komt klem te zitten tussen wat Sam wil en wat Linda hem vraagt. Sam neemt een beslissing die tegen haar werkt. Janine ontdekt dat Heins verlangen naar vrijheid hem te veel wordt. Anton ondervindt dat Linda beter af is met zijn steun dan met zijn commentaar.","still":"https:\/\/img-opt.cdn.smartvod.com\/smartvod\/images\/videoland\/data\/images\/h\/6\/56f3a93e1876b_[format].jpg","runtime":1388,"editions":{"hd":{"price":0}},"is_downloadable":true},"E43937":{"id":43937,"ref":"E43937","type":"episode","position":63,"title":"Afl. 5337","description":"Uitzending RTL 4: Di 29 Maart Janine weigert in te gaan op een aanbod van Ludo, ook al is dit beter voor haar veiligheid. Als Anna zich verveelt, vult ze haar tijd met het pesten van Job. Sjoerd wil graag juridisch advies van Sjors. Aysen gaat de confrontatie aan met Ludo als hij politiewerk ondermijnt.","still":"https:\/\/img-opt.cdn.smartvod.com\/smartvod\/images\/videoland\/data\/images\/w\/e\/56f6ae20acdee_[format].jpg","runtime":1333,"editions":{"hd":{"price":0}},"is_downloadable":true},"E43939":{"id":43939,"ref":"E43939","type":"episode","position":64,"title":"Afl. 5338","description":"Uitzending RTL 4: Wo 30 Maart Anna brengt haar vriendschap met Job in gevaar. Rover fikst stiekem een kamer in De Rozenboom en nodigt Benthe uit. Bing doet een serieus aanbod aan Sjors. Maxime kan niet verbergen dat ze Nina's zakelijke inzichten afkeurt.","still":"https:\/\/img-opt.cdn.smartvod.com\/smartvod\/images\/videoland\/data\/images\/w\/e\/56f6ae46c0072_[format].jpg","runtime":1385,"editions":{"hd":{"price":0}},"is_downloadable":true},"E43941":{"id":43941,"ref":"E43941","type":"episode","position":65,"title":"Afl. 5339","description":"Uitzending RTL 4: Do 31 Maart Anton ziet hoe Linda lijdt onder de crisis met Sam. Rik probeert Sam te stimuleren om voor zichzelf op te komen. Bing heeft nogal wat uit te leggen aan Nina. Laura ontdekt wat Rover haar geflikt heeft. Maxime zoekt steun bij Rik.","still":"https:\/\/img-opt.cdn.smartvod.com\/smartvod\/images\/videoland\/data\/images\/0\/z\/56fa28778eda0_[format].jpg","runtime":1371,"editions":{"hd":{"price":0}},"is_downloadable":true},"E43943":{"id":43943,"ref":"E43943","type":"episode","position":66,"title":"Afl. 5340","description":"Uitzending RTL 4: Vr 1 April Nina doet een spontane tegenzet bij Bing. Thijs liegt overtuigend tegen Rikki, maar Sacha brengt haar aan het twijfelen. Anna heeft het gevoel dat Sam zich forceert. Linda verwijt Anton dat de situatie binnen het gezin door hem escaleert. Rik merkt dat hij het nooit goed kan doen bij Janine.","still":"https:\/\/img-opt.cdn.smartvod.com\/smartvod\/images\/videoland\/data\/images\/r\/2\/56fb78301e721_[format].jpg","runtime":1383,"editions":{"hd":{"price":0}},"is_downloadable":true},"E44463":{"id":44463,"ref":"E44463","type":"episode","position":67,"title":"Afl. 5341","description":"Uitzending RTL 4: Ma 4 April Aysen hoopt een geheim te ontrafelen door het zaaien van angst. Bing begrijpt niet waarom Maxime aanschuift bij een werkoverleg. Rikki vindt dat Sjoerd moet stoppen met zijn opdringerige gedrag. Ludo doorziet Janines plan, omdat hij haar door en door kent. Toch wil ze iets buiten zijn zicht houden.","still":"https:\/\/img-opt.cdn.smartvod.com\/smartvod\/images\/videoland\/data\/images\/0\/f\/56fcda4b4613b_[format].jpg","runtime":1405,"editions":{"hd":{"price":0}},"is_downloadable":true},"E44465":{"id":44465,"ref":"E44465","type":"episode","position":68,"title":"Afl. 5342","description":"Uitzending RTL 4: Di 5 April Maxime en Bing bestrijden elkaar door Nina te be\u00efnvloeden. Tijdens een gezellige meidenavond wordt Anna uitgedaagd om haar grenzen te verleggen. Rover vlucht weg als hij Benthe tegenkomt. Zijn vrienden hebben pas veel te laat door dat het niet goed met hem gaat.","still":"https:\/\/img-opt.cdn.smartvod.com\/smartvod\/images\/videoland\/data\/images\/e\/s\/56fd23a02d65b_[format].jpg","runtime":1388,"editions":{"hd":{"price":0}},"is_downloadable":true},"E44467":{"id":44467,"ref":"E44467","type":"episode","position":69,"title":"Afl. 5343","description":"Uitzending RTL 4: Wo 6 April Sam wordt als aanstormend sporttalent gevraagd voor een interview. Linda weet niet goed hoe ze de losgeslagen Rover moet aanpakken. Anna komt haar match weer tegen, maar nu in het daglicht. Job ontpopt zich als redder in nood.","still":"https:\/\/img-opt.cdn.smartvod.com\/smartvod\/images\/videoland\/data\/images\/g\/m\/56fe1daf1b8cd_[format].jpg","runtime":1374,"editions":{"hd":{"price":0}},"is_downloadable":true},"E44469":{"id":44469,"ref":"E44469","type":"episode","position":70,"title":"Afl. 5344","description":"Uitzending RTL 4: Do 7 April Rik geeft zijn onverbloemde mening over het interview van Sam. Janine raakt in paniek als de lift plotseling stopt en het licht uitvalt. Anna en Job doen elkaar een belofte en verbreken die vrijwel meteen weer. Als Sam niet wil luisteren, kiest Linda voor een genadeloze aanpak.","still":"https:\/\/img-opt.cdn.smartvod.com\/smartvod\/images\/videoland\/data\/images\/4\/e\/57020eed09e50_[format].jpg","runtime":1375,"editions":{"hd":{"price":0}},"is_downloadable":true},"E44471":{"id":44471,"ref":"E44471","type":"episode","position":71,"title":"Afl. 5345","description":"Uitzending RTL 4: Vr 8 April Anton is Rovers kinderachtige gedrag zat. Hij wil dit bijsturen en gaat de confrontatie aan, maar dat loopt uit de hand. Janine krijgt hulp om aan haar bewakers te ontsnappen. Maxime weet bij Nina vertwijfeling te zaaien over de samenwerking van Bing en Sjors.","still":"https:\/\/img-opt.cdn.smartvod.com\/smartvod\/images\/videoland\/data\/images\/i\/q\/57020f3373119_[format].jpg","runtime":1389,"editions":{"hd":{"price":0}},"is_downloadable":true},"E44473":{"id":44473,"ref":"E44473","type":"episode","position":72,"title":"Afl. 5346","description":"Uitzending RTL 4: Ma 11 April Anton is Rovers kinderachtige gedrag zat. Hij wil dit bijsturen en gaat de confrontatie aan, maar dat loopt uit de hand. Janine krijgt hulp om aan haar bewakers te ontsnappen. Maxime weet bij Nina vertwijfeling te zaaien over de samenwerking van Bing en Sjors.","still":"https:\/\/img-opt.cdn.smartvod.com\/smartvod\/images\/videoland\/data\/images\/t\/9\/57020f5408cb0_[format].jpg","runtime":1379,"editions":{"hd":{"price":0}},"is_downloadable":true},"E44475":{"id":44475,"ref":"E44475","type":"episode","position":73,"title":"Afl. 5347","description":"Uitzending RTL 4: Di 12 April Aysen opent een onderzoek als ze merkt dat er in het ziekenhuis tegen haar gelogen is. Sam interpreteert Jobs toenadering verkeerd. Rover zoekt steun bij Anna, maar krijgt die niet. Anton wil Linda niet kwijt, maar weet niet hoe hij het moet aanpakken.","still":"https:\/\/img-opt.cdn.smartvod.com\/smartvod\/images\/videoland\/data\/images\/j\/s\/57021b17374b0_[format].jpg","runtime":1371,"editions":{"hd":{"price":0}},"is_downloadable":true},"E44477":{"id":44477,"ref":"E44477","type":"episode","position":74,"title":"Afl. 5348","description":"Uitzending RTL 4: Wo 13 April Bing accepteert het niet als Sjors een belangrijke beslissing neemt. Rover heeft te vaak gespijbeld en nu zit Linda met de gevolgen. Als Rik Sam stevig aanpakt, grijpt Rikki in. Nina raakt opgefokt als Maxime aan het doordrammen is.","still":"https:\/\/img-opt.cdn.smartvod.com\/smartvod\/images\/videoland\/data\/images\/y\/e\/57021b415db0d_[format].jpg","runtime":1375,"editions":{"hd":{"price":0}},"is_downloadable":true},"E44479":{"id":44479,"ref":"E44479","type":"episode","position":75,"title":"Afl. 5349","description":"Uitzending RTL 4: Do 14 April Janine komt door Laura op een idee om haar doel te bereiken, maar ze voelt zich schuldig als ze het probeert uit te voeren. Job probeert zijn verhouding met Anna te normaliseren. Maxime komt bij Bing met een totaal onverwacht verzoek.","still":"https:\/\/img-opt.cdn.smartvod.com\/smartvod\/images\/videoland\/data\/images\/f\/k\/57021b7133246_[format].jpg","runtime":1329,"editions":{"hd":{"price":0}},"is_downloadable":true},"E44487":{"id":44487,"ref":"E44487","type":"episode","position":76,"title":"Afl. 5350","description":"Uitzending RTL 4: Vr 15 April Janines plan om een ontmoeting met Hein te kunnen hebben, gaat grenzen over. Het vraagt een leugen, een vrijpartij en een diefstal. Job merkt dat Anna raar doet. Aysen en Alex staan een hele nacht op de uitkijk voor de deur van Rik.","still":"https:\/\/img-opt.cdn.smartvod.com\/smartvod\/images\/videoland\/data\/images\/s\/8\/57021b965c93c_[format].jpg","runtime":1366,"editions":{"hd":{"price":0}},"is_downloadable":true},"E44565":{"id":44565,"ref":"E44565","type":"episode","position":77,"title":"Afl. 5351","description":"Uitzending RTL 4: Ma 18 April Janine wordt betrapt bij het dragen van een wapen. Anton wil een band met Rover opbouwen door hem mee te vragen op een survivaltrip. Sjors is erbij als Sam liegt tegen haar coach. Ook al voelt Rik zich gebruikt, toch blijft hij Aysen aansporen om informatie over Janine los te laten.","still":"https:\/\/img-opt.cdn.smartvod.com\/smartvod\/images\/videoland\/data\/images\/c\/q\/570b5308f3a44_[format].jpg","runtime":1385,"editions":{"hd":{"price":0}},"is_downloadable":true},"E44567":{"id":44567,"ref":"E44567","type":"episode","position":78,"title":"Afl. 5352","description":"Uitzending RTL 4: Di 19 April Maxime doet een goedmaakpoging na de breuk met Nina. Door Rik moet Ludo, tegen zijn zin, Bing inlichten over wat er met Janine speelt. Rik laat zich niet afwimpelen door Aysen. Sterker nog: hij achtervolgt haar op de motor. Thijs laat zich van zijn beste kant zien, maar is hij wel helemaal eerlijk?","still":"https:\/\/img-opt.cdn.smartvod.com\/smartvod\/images\/videoland\/data\/images\/0\/a\/570b5327aba77_[format].jpg","runtime":1350,"editions":{"hd":{"price":0}},"is_downloadable":true},"E44569":{"id":44569,"ref":"E44569","type":"episode","position":79,"title":"Afl. 5353","description":"Uitzending RTL 4: Wo 20 April Janine heeft zich in een fatale positie gemanoeuvreerd en het komt tot een climax. Sacha heeft concertkaartjes over en probeert er een goede daad mee te doen. Als Job merkt dat Anna tegen hem liegt, accepteert hij dit niet.","still":"https:\/\/img-opt.cdn.smartvod.com\/smartvod\/images\/videoland\/data\/images\/y\/6\/570b5376333ca_[format].jpg","runtime":1326,"editions":{"hd":{"price":0}},"is_downloadable":true},"E44571":{"id":44571,"ref":"E44571","type":"episode","position":80,"title":"Afl. 5354","description":"Uitzending RTL 4: Do 21 April Sam is jarig en Linda overvalt haar met een cadeau. Als Thijs Noud belangeloos juridische hulp aanbiedt, begrijpt Noud echt niet waar dit vandaan komt. Anton wil de survivaltrip annuleren, maar wordt onverwacht tegengehouden.","still":"https:\/\/img-opt.cdn.smartvod.com\/smartvod\/images\/videoland\/data\/images\/x\/0\/570b53ad55c53_[format].jpg","runtime":1385,"editions":{"hd":{"price":0}},"is_downloadable":true},"E44573":{"id":44573,"ref":"E44573","type":"episode","position":81,"title":"Afl. 5355","description":"Uitzending RTL 4: Vr 22 April Rik verwacht toenadering, maar wordt door Ludo buitenspel gezet. Bing en Maxime beseffen dat ze vrede moeten sluiten, omdat ze allebei het beste met Nina voorhebben. Anna wijst Job kil af en zoekt afleiding bij een vriendin.","still":"https:\/\/img-opt.cdn.smartvod.com\/smartvod\/images\/videoland\/data\/images\/2\/y\/570c9ec563552_[format].jpg","runtime":1362,"editions":{"hd":{"price":0}},"is_downloadable":true},"E44575":{"id":44575,"ref":"E44575","type":"episode","position":82,"title":"Afl. 5356","description":"Uitzending RTL 4: Ma 25 April Sam is gefrustreerd als haar training slecht gaat en ze Rik iets heeft op te biechten. Rover zet Anton bij het mountainbiken op slinkse wijze opzij, maar Anton probeert positief te blijven. Rik weigert zich door Ludo weg te laten sturen.","still":"https:\/\/img-opt.cdn.smartvod.com\/smartvod\/images\/videoland\/data\/images\/o\/j\/5718d086d9827_[format].jpg","runtime":1393,"editions":{"hd":{"price":0}},"is_downloadable":true},"E44577":{"id":44577,"ref":"E44577","type":"episode","position":83,"title":"Afl. 5357","description":"Uitzending RTL 4: Di 26 April Thijs instrueert zijn infiltrant. Als Bing kritiek krijgt op zijn zakelijk instinct, komt hij lijnrecht tegenover Elise te staan. Sjoerd wil van Anton weten hoe het kan dat Rover spoorloos verdwenen is. Linda moet een groot verwijt rechtzetten.","still":"https:\/\/img-opt.cdn.smartvod.com\/smartvod\/images\/videoland\/data\/images\/b\/m\/5718d0c99f137_[format].jpg","runtime":1314,"editions":{"hd":{"price":0}},"is_downloadable":true},"E44579":{"id":44579,"ref":"E44579","type":"episode","position":84,"title":"Afl. 5358","description":"Uitzending RTL 4: Wo 27 April De Koningsdagviering in De Rozenboom dreigt uit de hand te lopen als Laura even weg is. Job chartert een hele groep mensen om een verrassing voor te bereiden. Anton maakt het zo bont dat hij een nacht op de bank moet doorbrengen.","still":"https:\/\/img-opt.cdn.smartvod.com\/smartvod\/images\/videoland\/data\/images\/7\/r\/5718d10417b0a_[format].jpg","runtime":1330,"editions":{"hd":{"price":0}},"is_downloadable":true},"E44581":{"id":44581,"ref":"E44581","type":"episode","position":85,"title":"Afl. 5359","description":"Uitzending RTL 4: Do 28 April Nina ontdekt dat Ludo al langere tijd iets groots voor haar verbergt. Bing denkt zaken te kunnen regelen door intimidatie. Sam voelt zich door Rik in de steek gelaten. Elise krijgt in haar strijd tegen Bing steun uit onverwachte hoek.","still":"https:\/\/img-opt.cdn.smartvod.com\/smartvod\/images\/videoland\/data\/images\/n\/7\/5718d15563bad_[format].jpg","runtime":1377,"editions":{"hd":{"price":0}},"is_downloadable":true},"E44583":{"id":44583,"ref":"E44583","type":"episode","position":86,"title":"Afl. 5360","description":"Uitzending RTL 4: Vr 29 April Job en Sjors belanden noodgedwongen in een intieme situatie. Sam zoekt ruzie met Rik en dat heeft grote gevolgen. Anna ontdekt wat Jobs verrassing was met Koningsdag en dat raakt haar.","still":"https:\/\/img-opt.cdn.smartvod.com\/smartvod\/images\/videoland\/data\/images\/8\/j\/5718d1972a7ed_[format].jpg","runtime":1347,"editions":{"hd":{"price":0}},"is_downloadable":true},"E44735":{"id":44735,"ref":"E44735","type":"episode","position":87,"title":"Afl. 5361","description":"Uitzending RTL 4: Ma 2 Mei Noud organiseert een verrassingsontmoeting voor Laura. Anna komt oog in oog te staan met een rivale. Linda denkt dat het niet zo erg is om nog even de waarheid achter te houden voor Rover. Er wordt getwijfeld aan het talent van Sam en dat doet haar pijn.","still":"https:\/\/img-opt.cdn.smartvod.com\/smartvod\/images\/videoland\/data\/images\/7\/k\/571dc4bf1131f_[format].jpg","runtime":1342,"editions":{"hd":{"price":0}},"is_downloadable":true},"E44737":{"id":44737,"ref":"E44737","type":"episode","position":88,"title":"Afl. 5362","description":"Uitzending RTL 4: Di 3 Mei Sjoerd heeft grote tegenslag bij een verbouwingsklus in De Rozenboom. Thijs komt op voor Rikki als er een ex in het spel is. Door Janine beseft Amy dat ze te veel chaos veroorzaakt. Ze neemt een belangrijk besluit.","still":"https:\/\/img-opt.cdn.smartvod.com\/smartvod\/images\/videoland\/data\/images\/l\/n\/571dc59f570ff_[format].jpg","runtime":1377,"editions":{"hd":{"price":0}},"is_downloadable":true},"E44739":{"id":44739,"ref":"E44739","type":"episode","position":89,"title":"Afl. 5363","description":"Uitzending RTL 4: Wo 4 Mei Rover laat zich door een paar foute vrienden opjutten in een nachtelijk avontuur. Als Bing de macht heeft, voelt hij zich helemaal thuis in de zakenwereld. Of hij slachtoffers maakt, kan hem niet zoveel schelen. Door Nouds kritiek gaat Sjoerd twijfelen aan zijn eigen kunnen.","still":"https:\/\/img-opt.cdn.smartvod.com\/smartvod\/images\/videoland\/data\/images\/8\/y\/571dc5ee2a7ef_[format].jpg","runtime":1367,"editions":{"hd":{"price":0}},"is_downloadable":true},"E44743":{"id":44743,"ref":"E44743","type":"episode","position":91,"title":"Afl. 5365","description":"Uitzending RTL 4: Vr 6 Mei Anton komt bij Linda met schokkend nieuws over Rover. Amy bedenkt een manier waarop ze Nina kan helpen, ook al zit Nina daar niet op te wachten. Rikki gaat in op een uitnodiging, maar dit afspraakje wordt verstoord.","still":"https:\/\/img-opt.cdn.smartvod.com\/smartvod\/images\/videoland\/data\/images\/z\/4\/571f5700d5218_[format].jpg","runtime":1366,"editions":{"hd":{"price":0}},"is_downloadable":true},"E44839":{"id":44839,"ref":"E44839","type":"episode","position":92,"title":"Afl. 5366","description":"Uitzending RTL 4: Ma 9 Mei Thijs zet vaart achter zijn plan om Sjoerd kapot te maken. Rover wordt verhoord en is verbijsterd als hij erachter komt wat zijn vrienden hem geflikt hebben. Als Sil zwelgt in zijn verdriet, kan hij de goede zorgen van zijn moeder even niet hebben.","still":"https:\/\/img-opt.cdn.smartvod.com\/smartvod\/images\/videoland\/data\/images\/u\/v\/571f5745067a6_[format].jpg","runtime":1326,"editions":{"hd":{"price":0}},"is_downloadable":true},"E44841":{"id":44841,"ref":"E44841","type":"episode","position":93,"title":"Afl. 5367","description":"Uitzending RTL 4: Di 10 Mei Bing laat zich door Elise meelokken naar haar kamer. Daar maakt hij een cruciale fout. Ludo grijpt in als hij Janine en Rik samen ziet. Sil krijgt een waardevol levensadvies van Job. Rik ook, maar hij trekt zich er niets van aan.","still":"https:\/\/img-opt.cdn.smartvod.com\/smartvod\/images\/videoland\/data\/images\/q\/y\/571f912478eae_[format].jpg","runtime":1385,"editions":{"hd":{"price":0}},"is_downloadable":true},"E44843":{"id":44843,"ref":"E44843","type":"episode","position":94,"title":"Afl. 5368","description":"Uitzending RTL 4: Wo 11 Mei Bing ontwaakt in een akelige situatie. Janine weet Rik te overdonderen. Sjoerd krijgt de tijdelijke leiding over de verbouwing van De Rozenboom. Daardoor is Bram hem even te veel. Thijs bespeelt Rikki en Noud slim om zijn doel te bereiken.","still":"https:\/\/img-opt.cdn.smartvod.com\/smartvod\/images\/videoland\/data\/images\/8\/m\/571f915bd5aa2_[format].jpg","runtime":1385,"editions":{"hd":{"price":0}},"is_downloadable":true},"E44845":{"id":44845,"ref":"E44845","type":"episode","position":95,"title":"Afl. 5369","description":"Uitzending RTL 4: Do 12 Mei Linda roept Anna's hulp in om Sam uit haar depressie te halen. Anton begint goed als hij Rover op een volwassen manier wil helpen, maar het loopt helemaal uit de hand. Sjoerd moet Noud en Aysen een heftige bekentenis doen.","still":"https:\/\/img-opt.cdn.smartvod.com\/smartvod\/images\/videoland\/data\/images\/3\/i\/5727086dbb238_[format].jpg","runtime":1326,"editions":{"hd":{"price":0}},"is_downloadable":true},"E44847":{"id":44847,"ref":"E44847","type":"episode","position":96,"title":"Afl. 5370","description":"Uitzending RTL 4: Vr 13 Mei Om zijn leugen bij Nina te maskeren komt Bing met een geweldige scoop. Amy hoort Sil muziek spelen die hij geschreven heeft voor zijn grote liefde. Sjors probeert bewakingscamerabeelden los te krijgen bij Laura.","still":"https:\/\/img-opt.cdn.smartvod.com\/smartvod\/images\/videoland\/data\/images\/4\/r\/572708bbb445f_[format].jpg","runtime":1392,"editions":{"hd":{"price":0}},"is_downloadable":true},"E44849":{"id":44849,"ref":"E44849","type":"episode","position":97,"title":"Afl. 5371","description":"Uitzending RTL 4: Ma 16 Mei Nina roept Bing op het matje na een shockerende ontmoeting met Elise. Janine krijgt een emotionele terugval in Sapsalon. Er komen twee mannen in actie om haar te helpen. Thijs weet precies hoe hij Rikki ongerust kan maken.","still":"https:\/\/img-opt.cdn.smartvod.com\/smartvod\/images\/videoland\/data\/images\/2\/m\/572708d4aed9f_[format].jpg","runtime":1345,"editions":{"hd":{"price":0}},"is_downloadable":true},"E44851":{"id":44851,"ref":"E44851","type":"episode","position":98,"title":"Afl. 5372","description":"Uitzending RTL 4: Di 17 Mei Bing wordt overrompeld door Sjors en betrapt door Ludo. Sjoerd wordt gerold en ingesloten. Amy vindt het maar niks als Sam aandacht heeft voor Sil en er ontstaat een onderhuidse strijd. Nina heeft last van de happy huwelijksplannen van Noud en Sacha.","still":"https:\/\/img-opt.cdn.smartvod.com\/smartvod\/images\/videoland\/data\/images\/m\/7\/57270911b6b0b_[format].jpg","runtime":1382,"editions":{"hd":{"price":0}},"is_downloadable":true},"E44853":{"id":44853,"ref":"E44853","type":"episode","position":99,"title":"Afl. 5373","description":"Uitzending RTL 4: Wo 18 Mei Sam is onoplettend en gaat daardoor knock-out. Rover ziet Benthe weer terug en dat laat hem niet onberoerd. Laura staat oog in oog met een onverwachte bezoeker. Rikki is doodongerust als Bram niet opgehaald is van school.","still":"https:\/\/img-opt.cdn.smartvod.com\/smartvod\/images\/videoland\/data\/images\/c\/x\/5727093ca703c_[format].jpg","runtime":1377,"editions":{"hd":{"price":0}},"is_downloadable":true},"E44855":{"id":44855,"ref":"E44855","type":"episode","position":100,"title":"Afl. 5374","description":"Uitzending RTL 4: Do 19 Mei Janine kan het verleden niet achter zich laten. Anton gaat een goed gesprek aan met Rover over Benthe en de liefde. Rik doet een poging om te bemiddelen tussen Bing en Nina. Sjors probeert bij Nina aan te tonen dat het verhaal van Elise aan alle kanten rammelt.","still":"https:\/\/img-opt.cdn.smartvod.com\/smartvod\/images\/videoland\/data\/images\/d\/l\/5728b90f660f8_[format].jpg","runtime":1390,"editions":{"hd":{"price":0}},"is_downloadable":true},"E44859":{"id":44859,"ref":"E44859","type":"episode","position":101,"title":"Afl. 5375","description":"Uitzending RTL 4: Vr 20 Mei Het is d\u00e9 beslissende dag voor Sams atletiekcarri\u00e8re. En net nu is ze er slecht aan toe. Linda is bezorgd als Sam haar telefoon niet opneemt. Sil vindt het maar niets als Laura zich weer met zijn priv\u00e9leven bemoeit. Rover weet Benthe op een bijzondere manier voor zich te winnen.","still":"https:\/\/img-opt.cdn.smartvod.com\/smartvod\/images\/videoland\/data\/images\/t\/a\/57305160951fd_[format].jpg","runtime":1378,"editions":{"hd":{"price":0}},"is_downloadable":true},"E45163":{"id":45163,"ref":"E45163","type":"episode","position":102,"title":"Afl. 5376","description":"Uitzending RTL 4: Ma 23 Mei Janine durft zich niet meer buiten te vertonen. Nina wordt getergd door Elise en moet zich inhouden om haar niet aan te vliegen. Ludo prijst Bing, maar maakt hem ook kwaad. Sam viert een feestje en is blij als Sil daar verschijnt. Linda is terecht trots op Sam. Rover vindt steun bij Anton.","still":"https:\/\/img-opt.cdn.smartvod.com\/smartvod\/images\/videoland\/data\/images\/x\/b\/574ef3bb45000_[format].jpg","runtime":1364,"editions":{"hd":{"price":0}},"is_downloadable":true},"E45165":{"id":45165,"ref":"E45165","type":"episode","position":103,"title":"Afl. 5377","description":"Uitzending RTL 4: Di 24 Mei Rikki eist dat Sjoerd een drugstest doet. Een broeierig onderonsje in huize Sanders wordt bruut verstoord. Bing merkt hoe hard Ludo het zakelijke spel kan spelen: pressie, een handtekeningensessie en een teruggevorderde bonus. Toch toont Bing een opmerkelijke veerkracht.","still":"https:\/\/img-opt.cdn.smartvod.com\/smartvod\/images\/videoland\/data\/images\/u\/g\/574ef3c95240c_[format].jpg","runtime":1337,"editions":{"hd":{"price":0}},"is_downloadable":true},"E45167":{"id":45167,"ref":"E45167","type":"episode","position":104,"title":"Afl. 5378","description":"Uitzending RTL 4: Wo 25 Mei Anton heeft het gevoel dat Rikki een persoonlijke wraakactie is begonnen. Noud krijgt een geweldige verbouwingsopdracht, maar twijfelt of hij Sjoerd hierbij moet betrekken. Robert heeft interesse in de schilderijen van Maxime en van het een komt het ander.","still":"https:\/\/img-opt.cdn.smartvod.com\/smartvod\/images\/videoland\/data\/images\/s\/0\/574ef43f04188_[format].jpg","runtime":1379,"editions":{"hd":{"price":0}},"is_downloadable":true},"E45169":{"id":45169,"ref":"E45169","type":"episode","position":105,"title":"Afl. 5379","description":"Uitzending RTL 4: Do 26 Mei Sjoerd laat zich niet kalmeren en dat werkt negatief. Rover is bloednerveus voor zijn romantische date met Benthe, want nu moet 'het' gebeuren. Sam doet Amy een verrassend voorstel. Anton en Noud hebben een gemeenschappelijk doel en gaan samenwerken.","still":"https:\/\/img-opt.cdn.smartvod.com\/smartvod\/images\/videoland\/data\/images\/6\/h\/574ef470eb9c8_[format].jpg","runtime":1348,"editions":{"hd":{"price":0}},"is_downloadable":true},"E45171":{"id":45171,"ref":"E45171","type":"episode","position":106,"title":"Afl. 5380","description":"Uitzending RTL 4: Vr 27 Mei Bing laat zich door niets tegenhouden als hij zijn zinnen heeft gezet op een droomhuis. Sil en Amy voelen zich allebei buitenstaanders. Rover en Benthe willen hun afscheid rekken, maar worden gestoord door Linda.","still":"https:\/\/img-opt.cdn.smartvod.com\/smartvod\/images\/videoland\/data\/images\/c\/l\/574ef48d91ac3_[format].jpg","runtime":1299,"editions":{"hd":{"price":0}},"is_downloadable":true},"E45173":{"id":45173,"ref":"E45173","type":"episode","position":107,"title":"Afl. 5381","description":"Uitzending RTL 4: Ma 30 Mei Anna pikt een horeca-idee van Job als ze zonder inspiratie zit. Amy voelt zich buitengesloten bij de familie Sanders. Als er met Rik geflirt wordt, laat dat hem niet koud.","still":"https:\/\/img-opt.cdn.smartvod.com\/smartvod\/images\/videoland\/data\/images\/x\/m\/574ef4c166047_[format].jpg","runtime":1384,"editions":{"hd":{"price":0}},"is_downloadable":true},"E45175":{"id":45175,"ref":"E45175","type":"episode","position":108,"title":"Afl. 5382","description":"Uitzending RTL 4: Di 31 Mei Sam en Rover werken samen om Sil aan Sam te koppelen. Aysen maakt grote vorderingen in haar onderzoek naar Sjoerds drugsdealer. Sterker nog: ze komt oog in oog met hem te staan. Rikki vraagt Rik om hulp als ze moet kiezen tussen haar geheim en de veiligheid van Bram.","still":"https:\/\/img-opt.cdn.smartvod.com\/smartvod\/images\/videoland\/data\/images\/w\/i\/574ef4edaedc4_[format].jpg","runtime":1384,"editions":{"hd":{"price":0}},"is_downloadable":true},"E45177":{"id":45177,"ref":"E45177","type":"episode","position":109,"title":"Afl. 5383","description":"Uitzending RTL 4: Wo 1 Juni Sam voelt zich hemels door Sil. Sacha en Noud krijgen een geweldige uitnodiging van Nina en Bing om samen op werkvakantie te gaan in Thailand. Amy weet de concurrentie te ontregelen.","still":"https:\/\/img-opt.cdn.smartvod.com\/smartvod\/images\/videoland\/data\/images\/o\/6\/574ef541a582d_[format].jpg","runtime":1334,"editions":{"hd":{"price":0}},"is_downloadable":true},"E45181":{"id":45181,"ref":"E45181","type":"episode","position":111,"title":"Afl. 5385","description":"Uitzending RTL 4: Vr 3 Juni Sjoerd provoceert Anton tot het uiterste. Ook eist hij dat Rikki haar verklaring bij de Kinderbescherming intrekt. Thijs probeert Rikki te paaien met een duur cadeau. Door Noud loopt Sacha's vakantie gevaar. Rik helpt zijn flirt op gepaste wijze uit de kleren.","still":"https:\/\/img-opt.cdn.smartvod.com\/smartvod\/images\/videoland\/data\/images\/j\/h\/574ef5a0dd3ee_[format].jpg","runtime":1382,"editions":{"hd":{"price":0}},"is_downloadable":true},"E45529":{"id":45529,"ref":"E45529","type":"episode","position":112,"title":"Afl. 5386","description":"Uitzending RTL 4: Ma 6 Juni Door de gladde praatjes van Thijs raakt Rikki in de war. Janine is jaloers als ze Rik met een andere vrouw ziet zoenen. Amy moet grote moeite doen om Sil weer voor zich te winnen. Anton voelt zich schuldig, omdat hij twijfelde aan zijn eigen zoon.","still":"https:\/\/img-opt.cdn.smartvod.com\/smartvod\/images\/videoland\/data\/images\/b\/r\/574ef5d4df627_[format].jpg","runtime":1335,"editions":{"hd":{"price":0}},"is_downloadable":true},"E45531":{"id":45531,"ref":"E45531","type":"episode","position":113,"title":"Afl. 5387","description":"Uitzending RTL 4: Di 7 Juni In Thailand genieten Nina, Bing, Noud en Sacha van het land, de warmte en de cultuur. Nina en Noud zijn iets te veel op elkaar gefocust. Anna zoekt een invaller als haar kok zich ziek meldt. Janine weet niet wat ze ermee aan moet als haar de liefde wordt verklaard.","still":"https:\/\/img-opt.cdn.smartvod.com\/smartvod\/images\/videoland\/data\/images\/9\/s\/574ef63f2669c_[format].jpg","runtime":1352,"editions":{"hd":{"price":0}},"is_downloadable":true},"E45533":{"id":45533,"ref":"E45533","type":"episode","position":114,"title":"Afl. 5388","description":"Uitzending RTL 4: Wo 8 Juni Sjoerd wordt scherp aan de tand gevoeld door de kinderbescherming. Sil liegt tegen zijn moeder over een baan. Of zij hem gelooft, hangt af van Maxime. Anton denkt zeker te weten dat hij bewijzen tegen Thijs heeft. Robert gaat de uitdaging aan als hij denkt dat Maxime hem bespeelt.","still":"https:\/\/img-opt.cdn.smartvod.com\/smartvod\/images\/videoland\/data\/images\/2\/a\/574ef67d90b05_[format].jpg","runtime":1394,"editions":{"hd":{"price":0}},"is_downloadable":true},"E45535":{"id":45535,"ref":"E45535","type":"episode","position":115,"title":"Afl. 5389","description":"Uitzending RTL 4: Do 9 Juni Nina, Bing, Noud en Sacha doen een wandeling in de Thaise wildernis en die verloopt anders dan verwacht. Rikki verknoeit het voor zichzelf als ze in een goedmaakactie veel te ver gaat. Als Anna doordraait, zorgt Job ervoor dat ze haar baan niet verliest.","still":"https:\/\/img-opt.cdn.smartvod.com\/smartvod\/images\/videoland\/data\/images\/i\/q\/574ef6aa5d3af_[format].jpg","runtime":1507,"editions":{"hd":{"price":0}},"is_downloadable":true},"E45537":{"id":45537,"ref":"E45537","type":"episode","position":116,"title":"Afl. 5390","description":"Uitzending RTL 4: Vr 10 Juni Nina en Noud hebben iets te verbergen voor hun geliefden. Anna en Job worden op pad gestuurd om een caravan te kopen. Maxime en Robert komen erachter dat een relaxte houding tussen hen beter werkt dan het spelen van spelletjes.","still":"https:\/\/img-opt.cdn.smartvod.com\/smartvod\/images\/videoland\/data\/images\/n\/2\/574ef6e48dcf4_[format].jpg","runtime":1340,"editions":{"hd":{"price":0}},"is_downloadable":true},"E45597":{"id":45597,"ref":"E45597","type":"episode","position":117,"title":"Afl. 5391","description":"Uitzending RTL 4: Ma 13 Juni Sacha begrijpt niet waarom Noud ongemakkelijk tegen haar doet. Rik zet een ongewenst persoon uit zijn huis. Aysen besluit dat ze Thijs hard gaat aanpakken, maar Sjoerd is bang dat dit in zijn nadeel kan uitpakken.","still":"https:\/\/img-opt.cdn.smartvod.com\/smartvod\/images\/videoland\/data\/images\/3\/2\/57559355b0cc2_[format].jpg","runtime":1395,"editions":{"hd":{"price":0}},"is_downloadable":true},"E45599":{"id":45599,"ref":"E45599","type":"episode","position":118,"title":"Afl. 5392","description":"Uitzending RTL 4: Di 14 Juni Laura helpt Amy, en helpt daarmee ook zichzelf. Aysen is illegaal bezig en haar slachtoffer merkt dit. Job blijft onverzettelijk doorgaan met verrassingsacties om Anna voor zich te winnen. Maxime bemoeit zich ongevraagd met de verstoorde verhouding tussen Robert en Sil.","still":"https:\/\/img-opt.cdn.smartvod.com\/smartvod\/images\/videoland\/data\/images\/6\/n\/5755938629265_[format].jpg","runtime":1371,"editions":{"hd":{"price":0}},"is_downloadable":true},"E45601":{"id":45601,"ref":"E45601","type":"episode","position":119,"title":"Afl. 5393","description":"Uitzending RTL 4: Wo 15 Juni Anton en Linda worden geconfronteerd met een g\u00eanante situatie. Sjoerd trekt het niet als hij denkt dat Rikki hem belazert. Sil is helemaal klaar met de bemoeizucht van zijn moeder. Amy is teleurgesteld als Sil haar zomaar laat vertrekken.","still":"https:\/\/img-opt.cdn.smartvod.com\/smartvod\/images\/videoland\/data\/images\/3\/7\/575593b8e0817_[format].jpg","runtime":1343,"editions":{"hd":{"price":0}},"is_downloadable":true},"E45603":{"id":45603,"ref":"E45603","type":"episode","position":120,"title":"Afl. 5394","description":"Uitzending RTL 4: Do 16 Juni Janine overvalt Ludo met de manier waarop ze het boek over Hein wil afmaken. Sacha vraagt zich af wat haar vriendschap met Nina nog voorstelt als Nina haar afbekt. Maxime laat de onredelijke Sil weten wat ze van hem vindt.","still":"https:\/\/img-opt.cdn.smartvod.com\/smartvod\/images\/videoland\/data\/images\/b\/t\/575593e92b24e_[format].jpg","runtime":1373,"editions":{"hd":{"price":0}},"is_downloadable":true},"E45605":{"id":45605,"ref":"E45605","type":"episode","position":121,"title":"Afl. 5395","description":"Uitzending RTL 4: Vr 17 Juni Bing is getuige van iets dat niet voor zijn ogen bestemd is. Amy is het slachtoffer van onredelijke verwijten. Maxime raakt gealarmeerd als Nina een romantisch gebaar belachelijk maakt. Noud heeft problemen met de opdracht die hij voor Nina's huwelijk moet uitvoeren.","still":"https:\/\/img-opt.cdn.smartvod.com\/smartvod\/images\/videoland\/data\/images\/f\/g\/57559416e2b48_[format].jpg","runtime":1391,"editions":{"hd":{"price":0}},"is_downloadable":true},"E45607":{"id":45607,"ref":"E45607","type":"episode","position":122,"title":"Afl. 5396","description":"Uitzending RTL 4: Ma 20 Juni Maxime probeert Nina voor een gigantische fout te behoeden. Thijs wordt geconfronteerd met enorme tegenvallers als zijn naam door het slijk gehaald wordt. Vanwege de situatie thuis gooit Amy haar hele toekomstvisie om. Janine werkt tot diep in de nacht aan haar boek.","still":"https:\/\/img-opt.cdn.smartvod.com\/smartvod\/images\/videoland\/data\/images\/d\/p\/5762584145072_[format].jpg","runtime":1349,"editions":{"hd":{"price":0}},"is_downloadable":true},"E45609":{"id":45609,"ref":"E45609","type":"episode","position":123,"title":"Afl. 5397","description":"Uitzending RTL 4: Di 21 Juni Aysen daagt Thijs recht in zijn gezicht uit. Ludo stuit op overtuigend bewijs dat Janine niet 100 procent voor hem gaat. Rik wordt wakker op een onhandige plek. Rikki raakt in paniek als de kinderbescherming haar zaak onderzoekt.","still":"https:\/\/img-opt.cdn.smartvod.com\/smartvod\/images\/videoland\/data\/images\/y\/k\/576258704d1c2_[format].jpg","runtime":1295,"editions":{"hd":{"price":0}},"is_downloadable":true},"E45611":{"id":45611,"ref":"E45611","type":"episode","position":124,"title":"Afl. 5398","description":"Uitzending RTL 4: Wo 22 Juni Bing en Nina moeten meerdere verrassingen ondergaan op hun vrijgezellenavond. Sil krijgt de reclassering op zijn dak. Als hij ontdekt wie hem dat geflikt heeft, is hij furieus. Janine stort bij Linda haar hart uit over haar liefdesdilemma.","still":"https:\/\/img-opt.cdn.smartvod.com\/smartvod\/images\/videoland\/data\/images\/n\/7\/5762589f5c077_[format].jpg","runtime":1387,"editions":{"hd":{"price":0}},"is_downloadable":true},"E45613":{"id":45613,"ref":"E45613","type":"episode","position":125,"title":"Afl. 5399","description":"Uitzending RTL 4: Do 23 Juni Amy's ontwerpen voldoen niet aan de toelatingseisen van de modeacademie. Nina heeft het moeilijk tijdens de laatste vrijgezellenopdracht en Maxime is hier het slachtoffer van. Sacha raakt verontrust als Noud maar niet in een feeststemming komt.","still":"https:\/\/img-opt.cdn.smartvod.com\/smartvod\/images\/videoland\/data\/images\/t\/q\/5762c615ecabc_[format].jpg","runtime":1371,"editions":{"hd":{"price":0}},"is_downloadable":true},"E45731":{"id":45731,"ref":"E45731","type":"episode","position":127,"title":"Afl. 5401","description":"Uitzending RTL 4: Ma 27 Juni Nina krijgt heel slecht nieuws over haar bruiloft, maar ze probeert dit in haar voordeel te gebruiken. Linda ontdekt een geheim van Laura. Maxime weigert te liegen tegen Janine en zet haar zo aan het denken. Bing gaat niet akkoord met een beslissing van Laura en trekt zijn portemonnee.","still":"https:\/\/img-opt.cdn.smartvod.com\/smartvod\/images\/videoland\/data\/images\/w\/7\/5767e3c2e0378_[format].jpg","runtime":1359,"editions":{"hd":{"price":0}},"is_downloadable":true},"E45733":{"id":45733,"ref":"E45733","type":"episode","position":128,"title":"Afl. 5402","description":"Uitzending RTL 4: Di 28 Juni Thijs speelt een vuil spelletje in zijn voogdijstrijd. Robert is geschokt als hij te horen krijgt wat Laura gedaan heeft. Laura krijgt n\u00f3g een zware tegenslag te verwerken. Als Sacha een vurig pleidooi voor Teddy houdt, komt ze lijnrecht tegenover Rikki te staan.","still":"https:\/\/img-opt.cdn.smartvod.com\/smartvod\/images\/videoland\/data\/images\/6\/b\/5767e40a6b1cb_[format].jpg","runtime":1360,"editions":{"hd":{"price":0}},"is_downloadable":true},"E45737":{"id":45737,"ref":"E45737","type":"episode","position":130,"title":"Afl. 5404","description":"Uitzending RTL 4: Do 30 Juni Nina wil de mooiste dag van haar leven beleven en zit niet te wachten op bezorgdheid van haar moeder. Maxime gaat het avontuur aan met Robert. Het is niet toevallig dat Noud plotseling ziek is, maar eenmaal alleen begint hij na te denken. Anna levert de bruidscaravan op de verkeerde plek af.","still":"https:\/\/img-opt.cdn.smartvod.com\/smartvod\/images\/videoland\/data\/images\/v\/q\/5767e47b637a1_[format].jpg","runtime":1329,"editions":{"hd":{"price":0}},"is_downloadable":true},"E45739":{"id":45739,"ref":"E45739","type":"episode","position":131,"title":"Afl. 5405","description":"Uitzending RTL 4: Vr 1 Juli Bij de jongeren is de stemming iets te jolig als de caravan naar de feestlocatie gebracht moet worden. Dit leidt tot een climax. Noud gaat wanhopig op zoek naar Sacha en heeft slecht nieuws voor Nina. Nina weigert Janine haar diepste gevoelens te bekennen. Amy en Sil gaan nieuwe tijden tegemoet als ze hospiteren bij hun toekomstige medebewoners. Dit gaat Amy wel goed af, maar Sil niet.","still":"https:\/\/img-opt.cdn.smartvod.com\/smartvod\/images\/videoland\/data\/images\/p\/t\/5767e4fbe374f_[format].jpg","runtime":1494,"editions":{"hd":{"price":0}},"is_downloadable":true}}}