{"id":500810,"ref":"S500810","type":"series","title":"Batwoman","year":2021,"rating":4,"poster":"https:\/\/img-opt.cdn.smartvod.com\/smartvod\/images\/videoland\/data\/images\/4\/x\/61a77ee2542d1_[format].jpg","still":"https:\/\/img-opt.cdn.smartvod.com\/smartvod\/images\/videoland\/data\/images\/5\/s\/61cd6ad15599c_[format].jpg","cast":{"actors":["Rachel Skarsten","Ruby Rose","Meagan Tandy","Nicole Kang","Camrus Johnson"]},"genres":["Actie","Drama"],"refs":["SN4657","SN4658","SN4662"],"is_adult":false,"is_kids":false,"is_available":true,"description":"Drie jaar na Batmans mysterieuze verdwijning heerst er chaos in Gotham City. Jacob Kane probeert met zijn beveiligingsbedrijf de stad te beschermen tegen bendes. Kanes dochter, Kate, besluit een stapje verder te gaan: als Batwoman gaat ze de strijd met de zwaarste criminelen aan.","nicam":{"16":"Mogelijk schadelijk tot 16 jaar","geweld":"Geweld","taalgebruik":"Grof Taalgebruik"},"language":"en","language_full":"Engels","details":{"SN4657":{"id":4657,"ref":"SN4657","type":"season","title":"1","position":1},"SN4658":{"id":4658,"ref":"SN4658","type":"season","title":"2","position":2},"SN4662":{"id":4662,"ref":"SN4662","type":"season","title":"3","position":3,"refs":["E93429","E93423","E93413","E93426","E93425","E93419","E93416","E95696","E95711","E95695","E95714","E95708","E95701"]},"E93429":{"id":93429,"ref":"E93429","type":"episode","position":1,"title":"Mad As A Hatter","description":"Batwoman houdt de straten van Gotham nog altijd veilig en Batwing helpt haar. Terwijl Alice gevangen zit in Arkham, geniet Sophie volop van haar vrijheid. Ryan bezoekt Alice om meer te weten te komen over Ryans biologische moeder. Mary studeert eindelijk af, maar ze voelt de afwezigheid van haar familie meer dan ooit.","still":"https:\/\/img-opt.cdn.smartvod.com\/smartvod\/images\/videoland\/data\/images\/u\/4\/61cb322ce6566_[format].jpg","runtime":2430,"editions":{"hd":{"price":0}},"is_downloadable":true},"E93423":{"id":93423,"ref":"E93423","type":"episode","position":2,"title":"Loose Tooth","description":"Er duikt een nieuwe versie van Gothams Killer Croc. De samenwerking tussen Batwoman en Alice wordt meteen op de proef gesteld. Jada Jet bezoekt Wayne Enterprises en staat erop de nieuwe CEO van het bedrijf te ontmoeten. De relatie tussen Luke en Mary staat onder druk. Sophie wordt steeds closer met Ryan.","still":"https:\/\/img-opt.cdn.smartvod.com\/smartvod\/images\/videoland\/data\/images\/s\/o\/61cb324067e3a_[format].jpg","runtime":2424,"editions":{"hd":{"price":0}},"is_downloadable":true},"E93413":{"id":93413,"ref":"E93413","type":"episode","position":3,"title":"Freeze","description":"Opnieuw is een vermiste trofee in verkeerde handen terecht gekomen. Sophie herinnert iedereen eraan hoe stoer ze is, vooral in levensbedreigende situaties. Batwing moet een besluit nemen: trekt hij zijn pak weer aan of niet. In Mary's kliniek zorgt de eed van Hippocrates voor een gespannen situatie tussen Alice en de nieuwe dokter.","still":"https:\/\/img-opt.cdn.smartvod.com\/smartvod\/images\/videoland\/data\/images\/7\/z\/61cb335f7a72f_[format].jpg","runtime":2323,"editions":{"hd":{"price":0}},"is_downloadable":true},"E93426":{"id":93426,"ref":"E93426","type":"episode","position":4,"title":"Antifreeze","description":"Luke maakt zich zorgen om de invloed van Marquis. Na een avondje uit voelt Mary zich niet helemaal goed en ook bij Alice is er iets mis. Sophies zus Jordan raakt vermist en het Batteam komt erachter dat het vermiste wapen van Freeze niet helemaal in veiligheid is gesteld.","still":"https:\/\/img-opt.cdn.smartvod.com\/smartvod\/images\/videoland\/data\/images\/y\/i\/61cb335b31ed1_[format].jpg","runtime":2406,"editions":{"hd":{"price":0}},"is_downloadable":true},"E93425":{"id":93425,"ref":"E93425","type":"episode","position":5,"title":"A Lesson From Professor Pyg","description":"Ryan nodigt Sophie uit voor een etentje bij Jada, waar Ryan eigenlijk op onderzoek uit wil om te ontdekken wat haar vervreemde moeder allemaal van Wayne Enterprises weet. Maar dan verschijnt er opeens een ongenode gast en verandert de avond compleet. Ryan ontdekt ook een hele andere kant van Marquis en haar moeder.","still":"https:\/\/img-opt.cdn.smartvod.com\/smartvod\/images\/videoland\/data\/images\/o\/4\/61cb324293179_[format].jpg","runtime":2428,"editions":{"hd":{"price":0}},"is_downloadable":true},"E93419":{"id":93419,"ref":"E93419","type":"episode","position":6,"title":"How Does Your Garden Grow?","description":"Er wordt groot alarm geslagen door Renee Montoya en Ryan als er een gruwelijke ontdekking wordt gedaan in een tuinhuisje. Alice wil het Batteam wel heel erg graag helpen, misschien iets te graag. Sophie wil wraak voor een ongeluk waar haar zus bij betrokken was.","still":"https:\/\/img-opt.cdn.smartvod.com\/smartvod\/images\/videoland\/data\/images\/y\/q\/61cb323e727cf_[format].jpg","runtime":2429,"editions":{"hd":{"price":0}},"is_downloadable":true},"E93416":{"id":93416,"ref":"E93416","type":"episode","position":7,"title":"Pick Your Poison","description":"De verhoudingen in Ryans familie worden steeds gecompliceerder. Ook in het Batteam rommelt het en staan Luke en Mary lijnrecht tegenover elkaar. Alice vindt een nieuwe sidekick die ze haar vuile klusjes laat opknappen.","still":"https:\/\/img-opt.cdn.smartvod.com\/smartvod\/images\/videoland\/data\/images\/i\/v\/61cb335d47fa3_[format].jpg","runtime":2308,"editions":{"hd":{"price":0}},"is_downloadable":true},"E95696":{"id":95696,"ref":"E95696","type":"episode","position":8,"title":"Trust Destiny","description":"Ryan Wilder gaat verder in haar strijd om als Batwoman Gotham City te beschermen tegen gestoorde schurken en gewelddadige bendes.","still":"https:\/\/img-opt.cdn.smartvod.com\/smartvod\/images\/videoland\/data\/images\/o\/7\/620536838ffb4_[format].jpg","runtime":2430,"editions":{"hd":{"price":0}},"is_downloadable":true},"E95711":{"id":95711,"ref":"E95711","type":"episode","position":9,"title":"Meet Your Maker","description":"Ryan Wilder gaat verder in haar strijd om als Batwoman Gotham City te beschermen tegen gestoorde schurken en gewelddadige bendes.","still":"https:\/\/img-opt.cdn.smartvod.com\/smartvod\/images\/videoland\/data\/images\/7\/h\/620e588ddd74a_[format].jpg","runtime":2427,"editions":{"hd":{"price":0}},"is_downloadable":true},"E95695":{"id":95695,"ref":"E95695","type":"episode","position":10,"title":"Toxic","description":"Ryan Wilder gaat verder in haar strijd om als Batwoman Gotham City te beschermen tegen gestoorde schurken en gewelddadige bendes.","still":"https:\/\/img-opt.cdn.smartvod.com\/smartvod\/images\/videoland\/data\/images\/f\/n\/6217be44b165c_[format].jpg","runtime":2377,"editions":{"hd":{"price":0}},"is_downloadable":true},"E95714":{"id":95714,"ref":"E95714","type":"episode","position":11,"title":"Broken Toys","description":"Ryan Wilder gaat verder in haar strijd om als Batwoman Gotham City te beschermen tegen gestoorde schurken en gewelddadige bendes.","still":"https:\/\/img-opt.cdn.smartvod.com\/smartvod\/images\/videoland\/data\/images\/5\/b\/621fc23a6769c_[format].jpg","runtime":2424,"editions":{"hd":{"price":0}},"is_downloadable":true},"E95708":{"id":95708,"ref":"E95708","type":"episode","position":12,"title":"We're All Mad Here","description":"Ryan Wilder gaat verder in haar strijd om als Batwoman Gotham City te beschermen tegen gestoorde schurken en gewelddadige bendes.","still":"https:\/\/img-opt.cdn.smartvod.com\/smartvod\/images\/videoland\/data\/images\/7\/6\/6229c196ec11f_[format].jpg","runtime":2431,"editions":{"hd":{"price":0}},"is_downloadable":true},"E95701":{"id":95701,"ref":"E95701","type":"episode","position":13,"title":"Are We Having Fun Yet?","description":"Ryan Wilder gaat verder in haar strijd om als Batwoman Gotham City te beschermen tegen gestoorde schurken en gewelddadige bendes.","still":"https:\/\/img-opt.cdn.smartvod.com\/smartvod\/images\/videoland\/data\/images\/3\/v\/62334f4e47c76_[format].jpg","runtime":2315,"editions":{"hd":{"price":0}},"is_downloadable":true}}}