{"id":525,"ref":"S525","type":"series","title":"De TV Kantine","year":2021,"rating":4,"poster":"https:\/\/img-opt.cdn.smartvod.com\/smartvod\/images\/videoland\/data\/images\/p\/9\/5e972874dc0f1_[format].jpg","still":"https:\/\/img-opt.cdn.smartvod.com\/smartvod\/images\/videoland\/data\/images\/7\/v\/581b2f7689705_[format].jpg","cast":{"actors":["Carlo Boszhard","Irene Moors"]},"genres":["Komedie"],"refs":["SN839","SN1715","SN2155","SN2739","SN3266","SN3998"],"is_adult":false,"is_kids":false,"is_available":true,"description":"Carlo Boszhard en Irene Moors persifleren wekelijks bekend Nederland. Dat doen zij samen met vele gastacteurs, waaronder Elise Schaap, Ilse Warringa, Annick Boer en Maarten Heijmans. Ook zijn er natuurlijk veel BN'ers die acte de pr\u00e9sence geven.","nicam":{"al":"Alle leeftijden","taalgebruik":"Grof Taalgebruik"},"language":"nl","language_full":"Nederlands","details":{"SN839":{"id":839,"ref":"SN839","type":"season","title":"7","position":1},"SN1715":{"id":1715,"ref":"SN1715","type":"season","title":"8","position":8,"refs":["E48274","E48276","E48275","E48279","E48281","E48277","E48278"]},"SN2155":{"id":2155,"ref":"SN2155","type":"season","title":"9","position":9},"SN2739":{"id":2739,"ref":"SN2739","type":"season","title":"10","position":10},"SN3266":{"id":3266,"ref":"SN3266","type":"season","title":"11","position":11},"SN3998":{"id":3998,"ref":"SN3998","type":"season","title":"12","position":12},"E48274":{"id":48274,"ref":"E48274","type":"episode","position":1,"title":"","description":"Persiflageprogramma waarin Carlo Boszhard en Irene Moors wekelijks bekend Nederland uitvergroten. Het duo ondergaat opnieuw talloze spectaculaire transformaties die tot in detail zijn uitgewerkt.","still":"https:\/\/img-opt.cdn.smartvod.com\/smartvod\/images\/videoland\/data\/images\/y\/f\/5847e6f4332af_[format].jpg","runtime":1536,"editions":{"hd":{"price":0}},"is_downloadable":true},"E48276":{"id":48276,"ref":"E48276","type":"episode","position":2,"title":"","description":"Persiflageprogramma waarin Carlo Boszhard en Irene Moors wekelijks bekend Nederland uitvergroten. Het duo ondergaat opnieuw talloze spectaculaire transformaties die tot in detail zijn uitgewerkt.","still":"https:\/\/img-opt.cdn.smartvod.com\/smartvod\/images\/videoland\/data\/images\/l\/g\/5848289d3c160_[format].jpg","runtime":1520,"editions":{"hd":{"price":0}},"is_downloadable":true},"E48275":{"id":48275,"ref":"E48275","type":"episode","position":3,"title":"","description":"Persiflageprogramma waarin Carlo Boszhard en Irene Moors wekelijks bekend Nederland uitvergroten. Het duo ondergaat opnieuw talloze spectaculaire transformaties die tot in detail zijn uitgewerkt.","still":"https:\/\/img-opt.cdn.smartvod.com\/smartvod\/images\/videoland\/data\/images\/o\/3\/58482893033a9_[format].jpg","runtime":1579,"editions":{"hd":{"price":0}},"is_downloadable":true},"E48279":{"id":48279,"ref":"E48279","type":"episode","position":4,"title":"","description":"Persiflageprogramma waarin Carlo Boszhard en Irene Moors wekelijks bekend Nederland uitvergroten. Het duo ondergaat opnieuw talloze spectaculaire transformaties die tot in detail zijn uitgewerkt.","still":"https:\/\/img-opt.cdn.smartvod.com\/smartvod\/images\/videoland\/data\/images\/r\/f\/584828a7333ed_[format].jpg","runtime":1508,"editions":{"hd":{"price":0}},"is_downloadable":true},"E48281":{"id":48281,"ref":"E48281","type":"episode","position":5,"title":"","description":"Persiflageprogramma waarin Carlo Boszhard en Irene Moors wekelijks bekend Nederland uitvergroten. Het duo ondergaat opnieuw talloze spectaculaire transformaties die tot in detail zijn uitgewerkt.","still":"https:\/\/img-opt.cdn.smartvod.com\/smartvod\/images\/videoland\/data\/images\/m\/o\/584828c358ee5_[format].jpg","runtime":1498,"editions":{"hd":{"price":0}},"is_downloadable":true},"E48277":{"id":48277,"ref":"E48277","type":"episode","position":7,"title":"","description":"Persiflageprogramma waarin Carlo Boszhard en Irene Moors wekelijks bekend Nederland uitvergroten. Het duo ondergaat opnieuw talloze spectaculaire transformaties die tot in detail zijn uitgewerkt.","still":"https:\/\/img-opt.cdn.smartvod.com\/smartvod\/images\/videoland\/data\/images\/x\/w\/584aae0436b98_[format].jpg","runtime":1499,"editions":{"hd":{"price":0}},"is_downloadable":true},"E48278":{"id":48278,"ref":"E48278","type":"episode","position":8,"title":"","description":"Persiflageprogramma waarin Carlo Boszhard en Irene Moors wekelijks bekend Nederland uitvergroten. Het duo ondergaat opnieuw talloze spectaculaire transformaties die tot in detail zijn uitgewerkt.","still":"https:\/\/img-opt.cdn.smartvod.com\/smartvod\/images\/videoland\/data\/images\/0\/7\/5857b1392dbec_[format].jpg","runtime":1479,"editions":{"hd":{"price":0}},"is_downloadable":true}}}