{"id":500472,"ref":"S500472","type":"series","title":"Koffietijd","year":2022,"rating":4,"poster":"https:\/\/img-opt.cdn.smartvod.com\/smartvod\/images\/videoland\/data\/images\/q\/9\/5f4e294d14f90_[format].jpg","still":"https:\/\/img-opt.cdn.smartvod.com\/smartvod\/images\/videoland\/data\/images\/n\/x\/5f4e582e52b93_[format].jpg","cast":{"actors":["Loretta Schrijver","Quinty Trustfull","Pernille La Lau"]},"genres":["Talkshow en Interview"],"refs":["SN3727","SN4428","SN5083"],"is_adult":false,"is_kids":false,"is_available":true,"description":"Ochtendmagazine waarbij gasten worden ontvangen en je wordt bijgepraat op het gebied van lifestyle, huis & tuin, gezondheid & welzijn, mode & beauty en kunst & cultuur. Daarnaast is er ook aandacht voor nieuws, noviteiten en agendatips.","nicam":{"al":"Alle leeftijden"},"language":"nl","language_full":"Nederlands","details":{"SN3727":{"id":3727,"ref":"SN3727","type":"season","title":"35","position":35},"SN4428":{"id":4428,"ref":"SN4428","type":"season","title":"36","position":36},"SN5083":{"id":5083,"ref":"SN5083","type":"season","title":"37","position":37,"refs":["E101165","E101164","E101159","E101152","E101158","E101161","E101160","E101156","E101149","E101151","E101148","E101154","E101153","E101166","E101157","E101155","E101150","E101162","E101163","E101189","E101186","E101169","E101172","E101191","E101190","E101176","E101183","E101178","E101177","E101185","E101188","E101174","E101184","E101167","E101187","E101173","E101171","E101170","E101179","E101180","E101175","E101181","E101182","E101168","E101198","E101194","E101202","E101231","E101222","E101196","E101218","E101234","E101197","E101223","E101232","E101215","E101229"]},"E101165":{"id":101165,"ref":"E101165","type":"episode","position":1,"title":"Ma 29-8-2022","description":"Met: -Afgelopen vrijdag was de laatste aflevering van B&amp;B Vol Liefde. De singles van Hans, Petra en Annemarie schuiven aan om hun avontuur te delen. -William Spaaij, Ren\u00e9 Mioch en Diederick Ensink blikken terug op de Uitmarkt, die afgelopen weekend plaatsvond. -In de spelshow Een Jaar Van Je Leven strijden 40 deelnemers om 1 miljoen euro. Deelnemer Janet is te gast.","still":"https:\/\/img-opt.cdn.smartvod.com\/smartvod\/images\/videoland\/data\/images\/b\/6\/630cb2a7adcac_[format].jpg","runtime":3300,"editions":{"hd":{"price":0}},"is_downloadable":false},"E101164":{"id":101164,"ref":"E101164","type":"episode","position":2,"title":"Di 30-8-2022","description":"Met: -Groenexpert Romeo Sommers over de start van de meteorologische herfst. - Ajouad El Miloudi over seizoen 2 van zijn talkshow De Soci\u00ebteit. -Financieel adviseur Rita Celeste en Blogger Minke over omgaan met de stijgende energieprijzen en inflatie. Paleontoloog Rob van den Berg over het plan om de uitgestorven Tasmaanse tijger weer tot leven te wekken.","still":"https:\/\/img-opt.cdn.smartvod.com\/smartvod\/images\/videoland\/data\/images\/7\/h\/630e254194136_[format].jpg","runtime":3300,"editions":{"hd":{"price":0}},"is_downloadable":false},"E101159":{"id":101159,"ref":"E101159","type":"episode","position":3,"title":"Wo 31-8-2022","description":"Met: -Het is 25 jaar geleden dat Prinses Diana verongelukte in Parijs. Justine Marcella en Sam Hoevenaar komen hierover praten. -Peter Jan de Werk van het Maritiem Museum Rotterdam over het belang van de Wereldhavendagen, die van 2 2 t\/m 4 september plaatsvinden. -Eddy Zo\u00eby over het programma Five Days Inside dat hij samen met Geraldine Kemper presenteert. -Claudia Straatmans en Mika van Leeuwen geven beautytips.","still":"https:\/\/img-opt.cdn.smartvod.com\/smartvod\/images\/videoland\/data\/images\/d\/v\/630f59f7772c1_[format].jpg","runtime":3300,"editions":{"hd":{"price":0}},"is_downloadable":false},"E101152":{"id":101152,"ref":"E101152","type":"episode","position":4,"title":"Do 1-9-2022","description":"Met: -Zoomgesprek met Jamie Oliver over zijn programma The Great Cookbook Challenge \u00e9n zijn nieuwe kookboek: EEN. -Sportjournaliste Samantha van Wijk en coureur Beitske Visser over de opkomst van vrouwen binnen de racewereld. -Weerman Marc de Jong over de start van de meteorologische herfst. -Jocelyn Nassenstein-Brouwer, directeur LINDA.Foundation, over de menstruatie-armoede in Nederland. -Jamai Loman over het nieuwe seizoen van Lego Masters.","still":"https:\/\/img-opt.cdn.smartvod.com\/smartvod\/images\/videoland\/data\/images\/q\/r\/6310ad179016c_[format].jpg","runtime":3300,"editions":{"hd":{"price":0}},"is_downloadable":false},"E101158":{"id":101158,"ref":"E101158","type":"episode","position":5,"title":"Vr 2-9-2022","description":"Met: -Edson da Gra\u00e7a en Anita Witzier over hun nieuwe programma: Festival Van De Liefde. -Iedere week maken deelnemers van de Postcodeloterij kans op de PostcodeStraatprijs. Vivian en Gaston gaan samen op pad om de winnaars live te verassen. -Regisseur Shamira Rapha\u00ebla en scenarioschrijver Leila Sahir over de nieuwe serie Sihame, die gaat over wraakporno. -Entertainmentdeskundige Eline de Ruig met de beste film-, serie- en musicaltips.","still":"https:\/\/img-opt.cdn.smartvod.com\/smartvod\/images\/videoland\/data\/images\/n\/u\/6312055f2dcc6_[format].jpg","runtime":3300,"editions":{"hd":{"price":0}},"is_downloadable":false},"E101161":{"id":101161,"ref":"E101161","type":"episode","position":6,"title":"Ma 5-9-2022","description":"Met: -Robbie Kammeijer over zijn eerste uitzending als anchor van het RTL Ontbijtnieuws. -Docent Lucelle Comvalius en directeur van Stichting Leergeld Charlie Ortega over ouders die niet meer alles voor hun kinderen kunnen betalen. -Activiste Sareen Malik uit Kenia en directeur van Simavi, Dieneke van der Wijk, komen praten over de wereldwijde watercrisis en de gevolgen daarvan voor vrouwen. -William Spaaij met het laatste theater- en musicalnieuws.","still":"https:\/\/img-opt.cdn.smartvod.com\/smartvod\/images\/videoland\/data\/images\/i\/u\/6315e61ed1cb6_[format].jpg","runtime":3300,"editions":{"hd":{"price":0}},"is_downloadable":false},"E101160":{"id":101160,"ref":"E101160","type":"episode","position":7,"title":"Di 6-9-2022","description":"Met: -Vrijetijdsdeskundige Marleen Brekelmans over de toenemende wijnproductie in ons land. -Duurzaamheidsexpert Saskia Sampimon-Versneij en podcastmaker Beathe Weckesser met tips over verduurzaming. Modeontwerper Mart Visser komt praten over het nieuwe fashionprogramma Heb Ik Wat Van Je Aan?","still":"https:\/\/img-opt.cdn.smartvod.com\/smartvod\/images\/videoland\/data\/images\/b\/w\/631749ecb500f_[format].jpg","runtime":3300,"editions":{"hd":{"price":0}},"is_downloadable":false},"E101156":{"id":101156,"ref":"E101156","type":"episode","position":8,"title":"Wo 7-9-2022","description":"We ontvangen gasten en praten je bij op het gebied van lifestyle, huis &amp; tuin, gezondheid &amp; welzijn, mode &amp; beauty en kunst &amp; cultuur. Daarnaast is er ook aandacht voor nieuws, noviteiten en agendatips.","still":"https:\/\/img-opt.cdn.smartvod.com\/smartvod\/images\/videoland\/data\/images\/1\/y\/63189b61a95b6_[format].jpg","runtime":3300,"editions":{"hd":{"price":0}},"is_downloadable":false},"E101149":{"id":101149,"ref":"E101149","type":"episode","position":9,"title":"Do 8-9-2022","description":"Met: -Stefano Keizers over het programma Ik Ga Stuk, waarin de jury op zoek gaat naar h\u00e9t nieuwe komedietalent. -Volkszanger Robert van Hemert won het programma De Hollandse Nieuwe en brengt op 9 september zijn nieuwe single uit. -Jerrol Marten, directeur van het Meldpunt Discriminatie van Regio Amsterdam, over het toegenomen aantal meldingen van discriminatie. -Ixta Belfrage over haar eerste kookboek: Mezcla.","still":"https:\/\/img-opt.cdn.smartvod.com\/smartvod\/images\/videoland\/data\/images\/v\/i\/6319fbaf98a90_[format].jpg","runtime":3300,"editions":{"hd":{"price":0}},"is_downloadable":false},"E101151":{"id":101151,"ref":"E101151","type":"episode","position":10,"title":"Vr 9-9-2022","description":"We ontvangen gasten en praten je bij op het gebied van lifestyle, huis &amp; tuin, gezondheid &amp; welzijn, mode &amp; beauty en kunst &amp; cultuur. Daarnaast is er ook aandacht voor nieuws, noviteiten en agendatips.","still":"https:\/\/img-opt.cdn.smartvod.com\/smartvod\/images\/videoland\/data\/images\/d\/m\/631b56047b343_[format].jpg","runtime":3300,"editions":{"hd":{"price":0}},"is_downloadable":false},"E101148":{"id":101148,"ref":"E101148","type":"episode","position":11,"title":"Ma 12-9-2022","description":"Met: -Paul de Leeuw is onlangs 60 jaar geworden. Hij vertelt over zijn solovoorstelling 60? We Zien Wel.... -Eveline Stallaart en Linda Duits over het 10-jarig bestaan van Tinder en de ontwikkelingen binnen het daten. -Tobias Camman, Daan Boom en Jasper Demollin over hun nieuwe serie: Goudhaantjes. -Filmdeskundige Ren\u00e9 Mioch blikt terug op het 79ste filmfestival van Veneti\u00eb en kijkt vooruit naar het Nederlandse Filmfestival.","still":"https:\/\/img-opt.cdn.smartvod.com\/smartvod\/images\/videoland\/data\/images\/h\/u\/631f21d90ed45_[format].jpg","runtime":3300,"editions":{"hd":{"price":0}},"is_downloadable":false},"E101154":{"id":101154,"ref":"E101154","type":"episode","position":12,"title":"Di 13-9-2022","description":"Met: -Natuurjournalist Kirsten Dorrestijn komt praten over haar eerste boek: Kleine Diertjes. -Actrice Nienke R\u00f6mer en entertainmentdeskundige Eline de Ruig over de Emmy Awards, die vannacht werden uitgereikt. -Journaliste Anna van den Breemer en haar man, schrijver en presentator \u00d6zcan Akyol, over het nieuwe seizoen van Vier Handen Op E\u00e9n Buik.","still":"https:\/\/img-opt.cdn.smartvod.com\/smartvod\/images\/videoland\/data\/images\/z\/u\/53674d1e1947f_[format].jpeg","runtime":3300,"editions":{"hd":{"price":0}},"is_downloadable":false},"E101153":{"id":101153,"ref":"E101153","type":"episode","position":13,"title":"Wo 14-9-2022","description":"Met: -Musicalactrice Annick Boer over haar nieuwe solovoorstelling: Deze Is Nog Beter! -Stylist Tommy Driessen over het ontwerpen en maken van de trouwjurk van onze eigen Vivian Slingerland. -Zanger Sven Ratzke over de nieuwe documentaire Moonage Daydream over David Bowie. -Hoogleraar Marjanka Schmidt over het onderzoek naar de erfelijkheid van borstkanker.","still":"https:\/\/img-opt.cdn.smartvod.com\/smartvod\/images\/videoland\/data\/images\/s\/7\/6321d0941c04a_[format].jpg","runtime":3300,"editions":{"hd":{"price":0}},"is_downloadable":false},"E101166":{"id":101166,"ref":"E101166","type":"episode","position":14,"title":"Do 15-9-2022","description":"We ontvangen gasten en praten je bij op het gebied van lifestyle, huis &amp; tuin, gezondheid &amp; welzijn, mode &amp; beauty en kunst &amp; cultuur. Daarnaast is er ook aandacht voor nieuws, noviteiten en agendatips.","still":"https:\/\/img-opt.cdn.smartvod.com\/smartvod\/images\/videoland\/data\/images\/p\/2\/632313f5e6c0e_[format].jpg","runtime":3300,"editions":{"hd":{"price":0}},"is_downloadable":false},"E101157":{"id":101157,"ref":"E101157","type":"episode","position":15,"title":"Vr 16-9-2022","description":"We ontvangen gasten en praten je bij op het gebied van lifestyle, huis &amp; tuin, gezondheid &amp; welzijn, mode &amp; beauty en kunst &amp; cultuur. Daarnaast is er ook aandacht voor nieuws, noviteiten en agendatips.","still":"https:\/\/img-opt.cdn.smartvod.com\/smartvod\/images\/videoland\/data\/images\/l\/3\/632472b4c021b_[format].jpg","runtime":3300,"editions":{"hd":{"price":0}},"is_downloadable":false},"E101155":{"id":101155,"ref":"E101155","type":"episode","position":16,"title":"Ma 19-9-2022","description":"We ontvangen gasten en praten je bij op het gebied van lifestyle, huis &amp; tuin, gezondheid &amp; welzijn, mode &amp; beauty en kunst &amp; cultuur. Daarnaast is er ook aandacht voor nieuws, noviteiten en agendatips.","still":"https:\/\/img-opt.cdn.smartvod.com\/smartvod\/images\/videoland\/data\/images\/z\/u\/53674d1e1947f_[format].jpeg","runtime":3300,"editions":{"hd":{"price":0}},"is_downloadable":false},"E101150":{"id":101150,"ref":"E101150","type":"episode","position":17,"title":"Di 20-9-2022","description":"Met: -Simone Kleinsma over haar theatervoorstelling Verder. -Floor Korte geeft moestuintips. -Drie scholieren vertellen over de Jongeren Prinsjesdag.","still":"https:\/\/img-opt.cdn.smartvod.com\/smartvod\/images\/videoland\/data\/images\/z\/u\/53674d1e1947f_[format].jpeg","runtime":3300,"editions":{"hd":{"price":0}},"is_downloadable":false},"E101162":{"id":101162,"ref":"E101162","type":"episode","position":18,"title":"Wo 21-9-2022","description":"Met: -Met Fay Claassen, Beryl van Praag en Cor Bakker hebben we het over Wereld Alzheimer Dag. -Met Claudia Straatmans bespreken we welke modetrends we voorbij hebben zien komen op Prinsjesdag. -Hans Cornelissen over de serie 'Zeg 'ns Aaa'. -Jeltje van der Pol over de nieuwe najaarscollectie van MS mode.","still":"https:\/\/img-opt.cdn.smartvod.com\/smartvod\/images\/videoland\/data\/images\/l\/e\/632b1121a5d5f_[format].jpg","runtime":3300,"editions":{"hd":{"price":0}},"is_downloadable":false},"E101163":{"id":101163,"ref":"E101163","type":"episode","position":19,"title":"Do 22-9-2022","description":"Met: -Maike Meijer en haar zoon Thor Braun over acteren en hun familieband. -Dirigent Paul Snoek over het Koffietijd-koor. -Elske Dewall treedt op. -Aisa Amagir en Gabriella Bettonville beantwoorden financi\u00eble vragen.","still":"https:\/\/img-opt.cdn.smartvod.com\/smartvod\/images\/videoland\/data\/images\/j\/b\/632c4eb26964f_[format].jpg","runtime":3300,"editions":{"hd":{"price":0}},"is_downloadable":false},"E101189":{"id":101189,"ref":"E101189","type":"episode","position":20,"title":"Vr 23-9-2022","description":"Met: -Chef Joan is opgegroeid in Ierland en weet alles over de high tea. -Arts en epidemioloog Esther Croes over vapen. -Shirma Rouse over haar nieuwe theatershow Hoop &amp; Liefde. -Eline de Ruig geeft film- en serietips.","still":"https:\/\/img-opt.cdn.smartvod.com\/smartvod\/images\/videoland\/data\/images\/9\/j\/632da8b6dcaa1_[format].jpg","runtime":3300,"editions":{"hd":{"price":0}},"is_downloadable":false},"E101186":{"id":101186,"ref":"E101186","type":"episode","position":21,"title":"Ma 26-9-2022","description":"Met: -Presentatrice Gwen van Poorten vertelt over haar eerste boek waarin ze tips geeft over hoe je je leven minder stressvol kunt maken. -Fotograaf Hannelore Vandenbussche en documentairemaker Isidoor Roebers vertellen over de multimediaproductie Human Playground. -Karen Soeters van House of Animals reisde naar Oekra\u00efne af om de dierenopvang Best Friends te bezoeken. Met alle gevaren van dien. - Diederick Ensink vertelt met welke muziek je extra sfeer in huis kunt brengen.","still":"https:\/\/img-opt.cdn.smartvod.com\/smartvod\/images\/videoland\/data\/images\/g\/y\/6331cb72df335_[format].jpg","runtime":3300,"editions":{"hd":{"price":0}},"is_downloadable":false},"E101169":{"id":101169,"ref":"E101169","type":"episode","position":22,"title":"Di 27-9-2022","description":"Met: -Niels Kalkman van de Dierenbescherming over het chippen van katten. -Henny Huisman over zijn theatervoorstelling Het Achterste Van Mijn Tong. -Ren\u00e9 Mioch over het Nederlands Film Festival. -Joke Timmer van het plussize kledingmerk Yoek over de nieuwe collectie Loretta's Favourites.","still":"https:\/\/img-opt.cdn.smartvod.com\/smartvod\/images\/videoland\/data\/images\/e\/k\/6333001f8d14a_[format].jpg","runtime":3300,"editions":{"hd":{"price":0}},"is_downloadable":false},"E101172":{"id":101172,"ref":"E101172","type":"episode","position":23,"title":"Wo 28-9-2022","description":"Met: -May-Britt Mobach over het tragische leven van Marilyn Monroe. -Andrea van Pol met nieuws uit de natuur. - Sinan Can over de serie 'Breuklijnen', waarin hij vier kwetsbare, arme wijken in Parijs, Londen, Stockholm en Brussel bezoekt.","still":"https:\/\/img-opt.cdn.smartvod.com\/smartvod\/images\/videoland\/data\/images\/y\/d\/63345fe503d18_[format].jpg","runtime":3300,"editions":{"hd":{"price":0}},"is_downloadable":false},"E101191":{"id":101191,"ref":"E101191","type":"episode","position":24,"title":"Do 29-9-2022","description":"Met: -Marion Bloem viert haar vijftigjarig jubileum als schrijfster. -Francis van Broekhuizen, Eveline Bakker en Hetty Cr\u00e8vecoeur over de overgang. -Merijn Tol heeft een nieuw kookboek: Caf\u00e9 Mahazar. -Simone Rommelaars over de nieuwe najaarscollectie van Mexx.","still":"https:\/\/img-opt.cdn.smartvod.com\/smartvod\/images\/videoland\/data\/images\/b\/8\/6335a2244bcbb_[format].jpg","runtime":3300,"editions":{"hd":{"price":0}},"is_downloadable":false},"E101190":{"id":101190,"ref":"E101190","type":"episode","position":25,"title":"Vr 30-9-2022","description":"Met: -Rian Gerritsen over de comedyserie Five Live. -Hoofdredacteuren Claudia Straamans, Hilmar Mulder, Helene van Santen en Marije Veerman praten over het thema 'aandacht voor de ander'. -Eline de Ruig geeft film- en serietips.","still":"https:\/\/img-opt.cdn.smartvod.com\/smartvod\/images\/videoland\/data\/images\/h\/h\/6336df6db2681_[format].jpg","runtime":3300,"editions":{"hd":{"price":0}},"is_downloadable":false},"E101176":{"id":101176,"ref":"E101176","type":"episode","position":26,"title":"Ma 3-10-2022","description":"Met: -Bianca Krijgsman en Plien van Bennekom over hun samenwerking als theaterduo. -Roosmarijn Koster, Corrie Verdonk en Marrit de Lang over Nationale Kringloopdag. -William Spaaij met het theaternieuws. -Gerlinde van Raalte en Romana Blankendal over de activiteiten van de Krajicek Foundation in Reigersbos Amsterdam.","still":"https:\/\/img-opt.cdn.smartvod.com\/smartvod\/images\/videoland\/data\/images\/o\/w\/633ab28411787_[format].jpg","runtime":3300,"editions":{"hd":{"price":0}},"is_downloadable":false},"E101183":{"id":101183,"ref":"E101183","type":"episode","position":27,"title":"Di 4-10-2022","description":"Met: -Carine Crutzen over de theatervoorstelling Ongerijmd. -Anne Kuiper geeft tekentips. -Henk Dijkstra, oud-directeur van het Leger des Heils, en oud-verslaggever Peter van der Maat blikken terug op de Bijlmerramp. -Jane van den Berg en Esther Keijning-Schut van Stichting DierenLot over de dierenvoedselbank.","still":"https:\/\/img-opt.cdn.smartvod.com\/smartvod\/images\/videoland\/data\/images\/5\/8\/633c2c6651e66_[format].jpg","runtime":3300,"editions":{"hd":{"price":0}},"is_downloadable":false},"E101178":{"id":101178,"ref":"E101178","type":"episode","position":28,"title":"Wo 5-10-2022","description":"Met: -Tibor Luk\u00e1cs over de nieuwe film 'Op Tijd Terug' op Videoland. -Florian Poepjes en Floris Kortie over het nieuwe seizoen van 'ARIA'. -Jeltje van der Pol met lingerie-tips. - Sander Berendsen en Valesca van Waveren over de Dag van de Leraar.","still":"https:\/\/img-opt.cdn.smartvod.com\/smartvod\/images\/videoland\/data\/images\/1\/3\/633d78de47f06_[format].jpg","runtime":3300,"editions":{"hd":{"price":0}},"is_downloadable":false},"E101177":{"id":101177,"ref":"E101177","type":"episode","position":29,"title":"Do 6-10-2022","description":"Met: -Dr. Hermien Kan en Tim Knol vertellen over het Oranjepad. -Marc Forno en Tessa Sunniva van Tol over de nieuwe dinnershow in Studio 21 in Hilversum. -Hedy d'Ancona over haar persoonlijke documentaire en haar boeken. -Visexpert Bart van Olphen gaat koken. -Dierenarts Piet Hellemans over Stichting Dierenlot.","still":"https:\/\/img-opt.cdn.smartvod.com\/smartvod\/images\/videoland\/data\/images\/i\/q\/633ed03dcd856_[format].jpg","runtime":3300,"editions":{"hd":{"price":0}},"is_downloadable":false},"E101185":{"id":101185,"ref":"E101185","type":"episode","position":30,"title":"Vr 7-10-2022","description":"Met: -Kenny B over zijn nieuwe theatershow. -Claudia Straatmans en Eline de Ruig blikken terug op het Gouden Televizier Ring-gala. -Culinair redacteur Sara Shawkat over haar eerste kookboek. -Modecurator Madelief Hoh\u00e9 over de tentoonstelling Balenciaga - Meesterlijk Zwart.","still":"https:\/\/img-opt.cdn.smartvod.com\/smartvod\/images\/videoland\/data\/images\/0\/6\/634012717d0f7_[format].jpg","runtime":3300,"editions":{"hd":{"price":0}},"is_downloadable":false},"E101188":{"id":101188,"ref":"E101188","type":"episode","position":31,"title":"Ma 10-10-2022","description":"Met: -Ellen Pieters en Han Oldigs over hun voorstelling Adam &amp; Eva 2.0. -Aandacht voor de campagne 'Ik ben niet te stoppen, Parkinson wel'. -Hein Janssen over de opvallendste theatervoorstellingen van dit moment. -Documentairemaker Olivia Sophie van Leeuwen over M'n Beessie En Ik.","still":"https:\/\/img-opt.cdn.smartvod.com\/smartvod\/images\/videoland\/data\/images\/e\/t\/6344234224257_[format].jpg","runtime":3300,"editions":{"hd":{"price":0}},"is_downloadable":false},"E101174":{"id":101174,"ref":"E101174","type":"episode","position":32,"title":"Di 11-10-2022","description":"Met: -Remko Vrijdag speelt Willy Wonka in de musical Charlie And The Chocolate Factory. -Miljuschka Witzenhausen maakt een gerecht uit haar nieuwe kookboek. -Wereld Meisjes Dag. -De website leeroverzicht.com.","still":"https:\/\/img-opt.cdn.smartvod.com\/smartvod\/images\/videoland\/data\/images\/s\/s\/63458af477023_[format].jpg","runtime":3300,"editions":{"hd":{"price":0}},"is_downloadable":false},"E101184":{"id":101184,"ref":"E101184","type":"episode","position":33,"title":"Wo 12-10-2022","description":"Met: -Kickbokser Remy Bonjasky vertelt onder meer over zijn kinderboek Remy Wordt Sterk, over gezond eten, sporten en inclusiviteit. -Schrijfster Maria Goos over de theaterkomedie SeksKlimaat. -Entertainmentdeskundige Eline de Ruig en Michael van Hoorne met theatertips voor het hele gezin. -Musicalactrice Aim\u00e9e de Pater en Kelvin Wormgoor spelen samen in de kindervoorstelling Assepoester.  Ze treden op.","still":"https:\/\/img-opt.cdn.smartvod.com\/smartvod\/images\/videoland\/data\/images\/5\/i\/6346c199c2ec4_[format].jpg","runtime":3300,"editions":{"hd":{"price":0}},"is_downloadable":false},"E101167":{"id":101167,"ref":"E101167","type":"episode","position":34,"title":"Do 13-10-2022","description":"Met: -Barrie Stevens over zijn theatervoorstelling Dood Aan Zee. -Kunsthistoricus Paul Rem over Koningin Juliana. -Annemarie van Gaal en Marjolein Moorman over de uitreiking van de Omarmprijs. -Budgetstylist Jeltje van der Pol geeft jassentips.","still":"https:\/\/img-opt.cdn.smartvod.com\/smartvod\/images\/videoland\/data\/images\/4\/y\/6347f4de6ab7e_[format].jpg","runtime":3300,"editions":{"hd":{"price":0}},"is_downloadable":false},"E101187":{"id":101187,"ref":"E101187","type":"episode","position":35,"title":"Vr 14-10-2022","description":"Met: -We praten met Tineke Schouten over haar carri\u00e8re. -Dirigent Paul Snoek over het Koffietijdkoor. -Eline de Ruig geeft kijktips.","still":"https:\/\/img-opt.cdn.smartvod.com\/smartvod\/images\/videoland\/data\/images\/g\/c\/634948811aaa1_[format].jpg","runtime":3300,"editions":{"hd":{"price":0}},"is_downloadable":false},"E101173":{"id":101173,"ref":"E101173","type":"episode","position":36,"title":"Ma 17-10-2022","description":"Met: -Acteur Fahd Larhzaoui over de speelfilm El Houb. -Stylist Maik de Boer doet mee aan Het Perfecte Plaatje. -Charlotte Vermeulen over haar tijd als huisbioloog bij Artis. -Ren\u00e9 Mioch bespreekt de nieuwste films en series.","still":"https:\/\/img-opt.cdn.smartvod.com\/smartvod\/images\/videoland\/data\/images\/i\/r\/634d57e2c9f8d_[format].jpg","runtime":3300,"editions":{"hd":{"price":0}},"is_downloadable":false},"E101171":{"id":101171,"ref":"E101171","type":"episode","position":37,"title":"Di 18-10-2022","description":"Met: -Marleen Brekelmans over de Flevopolder en de Marker Wadden. -Haye van de Heyden en Jacqueline Aronson over hun boeksical. -Buddy Vedder over zijn theatershow en The Masked Singer. -Aandacht voor de campagne Ik Verveel Me Dood.","still":"https:\/\/img-opt.cdn.smartvod.com\/smartvod\/images\/videoland\/data\/images\/o\/h\/634e8eada0281_[format].jpg","runtime":3300,"editions":{"hd":{"price":0}},"is_downloadable":false},"E101170":{"id":101170,"ref":"E101170","type":"episode","position":38,"title":"Wo 19-10-2022","description":"Met: -Hanna Verboom en Sophie Dros over het HER Film Festival. -Radiopresentator Frank van der Lende over zijn overstap na 8 jaar van 3FM naar Radio Veronica. - Zangeres Desir\u00e9e Manders, ook bekend als Desray van 2 Brothers On The 4th Floor, over haar soloalbum Dreams Of Magic en de zware periode in haar priv\u00e9leven die ze achter de rug heeft.","still":"https:\/\/img-opt.cdn.smartvod.com\/smartvod\/images\/videoland\/data\/images\/e\/n\/634ffb84da056_[format].jpg","runtime":3300,"editions":{"hd":{"price":0}},"is_downloadable":false},"E101179":{"id":101179,"ref":"E101179","type":"episode","position":39,"title":"Do 20-10-2022","description":"Met: -Freek Bartels over de musical Blind Date. -Joe Stam van Qmusic treedt op. -Cardioloog Janneke Wittekoek en Hetty Cr\u00e8vecoeur over fysieke klachten in de overgang. -Simone Rommelaars van Mexx over het dragen van laagjes.","still":"https:\/\/img-opt.cdn.smartvod.com\/smartvod\/images\/videoland\/data\/images\/7\/v\/63514d21973c6_[format].jpg","runtime":3300,"editions":{"hd":{"price":0}},"is_downloadable":false},"E101180":{"id":101180,"ref":"E101180","type":"episode","position":40,"title":"Vr 21-10-2022","description":"Met: -Karien Sondervan en Tanja Traag over het online regelen van diverse zaken. -Dennis Alberti, Pierre Alberts en Kees Haak treden op met hun band De Legendes. -Imanuelle Grives over een nieuw seizoen Zenith. -Eline de Ruig bespreekt de nieuwste films en series.","still":"https:\/\/img-opt.cdn.smartvod.com\/smartvod\/images\/videoland\/data\/images\/b\/w\/635298e2bea14_[format].jpg","runtime":3300,"editions":{"hd":{"price":0}},"is_downloadable":false},"E101175":{"id":101175,"ref":"E101175","type":"episode","position":41,"title":"Ma 24-10-2022","description":"Met: -Wetenschapsjournalist Jim Jansen over de spectaculaire nieuwe beelden van de James Webb-telescoop. -Femke van der Laan over haar eerste weken als radiopresentator. -Conservator Jan de Hond over de nieuwe tentoonstelling in het Rijksmuseum genaamd Onderkruipsels. -Artiest Diederick Ensink komt praten over het ontstaan van boybands als de Backstreet Boys.","still":"https:\/\/img-opt.cdn.smartvod.com\/smartvod\/images\/videoland\/data\/images\/k\/s\/63568e403d701_[format].jpg","runtime":3300,"editions":{"hd":{"price":0}},"is_downloadable":false},"E101181":{"id":101181,"ref":"E101181","type":"episode","position":42,"title":"Di 25-10-2022","description":"Met: -Het is vandaag Wereld Opera Dag. Zangeres Tania Kross schuift aan. -Ieder jaar staan we in oktober stil bij borstkanker. We praten erover met Aida, ervaringsdeskundige \u00e9n lid van de Pink Ribbon-campagne. -Acteur Jon van Eerd tourt door het land met zijn nieuwe theatervoorstelling Zo Vader Zo Zoon.","still":"https:\/\/img-opt.cdn.smartvod.com\/smartvod\/images\/videoland\/data\/images\/m\/0\/6357d0f6ba5db_[format].jpg","runtime":3300,"editions":{"hd":{"price":0}},"is_downloadable":false},"E101182":{"id":101182,"ref":"E101182","type":"episode","position":43,"title":"Wo 26-10-2022","description":"Met: -Pia Douwes, Juli\u00ebtte van Tongeren en Soraya Gerrits over de nieuwe musical The Prom. -Marieke van Geffen over de najaarscollectie van Fred de la Bretoniere. -Nicci Gerrard en Sean French over de verfilming van hun allereerste boek, Het Geheugenspel.","still":"https:\/\/img-opt.cdn.smartvod.com\/smartvod\/images\/videoland\/data\/images\/4\/t\/63591ff9cbfd4_[format].jpg","runtime":3300,"editions":{"hd":{"price":0}},"is_downloadable":false},"E101168":{"id":101168,"ref":"E101168","type":"episode","position":44,"title":"Do 27-10-2022","description":"Met: -Kluun over zijn nieuwe boek, Help, Ik Heb Een Puber. -Trouwjurkenontwerpster Ramona Koonings over het nieuwe seizoen van Say Yes To The Dress Benelux. -Emma de Thouars maakte een kookboek over tofu. -Aandacht voor grootschalig onderzoek naar een nieuw medicijn tegen nierfalen.","still":"https:\/\/img-opt.cdn.smartvod.com\/smartvod\/images\/videoland\/data\/images\/w\/g\/635a7a278328c_[format].jpg","runtime":3300,"editions":{"hd":{"price":0}},"is_downloadable":false},"E101198":{"id":101198,"ref":"E101198","type":"episode","position":45,"title":"Vr 28-10-2022","description":"Met: -Cystine Carreon over de musical Los. -Hoofdredacteuren Claudia Straamans, Hilmar Mulder, Helene van Santen en Marije Veerman praten over neerslachtigheid. -Maaike Dorsteen geeft make-uptips. -Eline de Ruig bespreekt de nieuwste films en series.","still":"https:\/\/img-opt.cdn.smartvod.com\/smartvod\/images\/videoland\/data\/images\/4\/4\/635becf818b62_[format].jpg","runtime":3300,"editions":{"hd":{"price":0}},"is_downloadable":false},"E101194":{"id":101194,"ref":"E101194","type":"episode","position":46,"title":"Ma 31-10-2022","description":"We ontvangen gasten en praten je bij op het gebied van lifestyle, huis &amp; tuin, gezondheid &amp; welzijn, mode &amp; beauty en kunst &amp; cultuur. Daarnaast is er ook aandacht voor nieuws, noviteiten en agendatips.","still":"https:\/\/img-opt.cdn.smartvod.com\/smartvod\/images\/videoland\/data\/images\/q\/e\/635fa8c94f40b_[format].jpg","runtime":3300,"editions":{"hd":{"price":0}},"is_downloadable":false},"E101202":{"id":101202,"ref":"E101202","type":"episode","position":47,"title":"Di 1-11-2022","description":"Met: -Karin Bloemen over haar nieuwe haakboek. -Maria Westerbos en Roos Blufpand over de RTL Samen Groener Week. -Leonie Cornips en Eva Meijer over dierentaal. -Floor Korte maakt samen met kok London een ovenschotel met prei en gehakt.","still":"https:\/\/img-opt.cdn.smartvod.com\/smartvod\/images\/videoland\/data\/images\/j\/7\/63615e32b4550_[format].jpg","runtime":3300,"editions":{"hd":{"price":0}},"is_downloadable":false},"E101231":{"id":101231,"ref":"E101231","type":"episode","position":48,"title":"Wo 2-11-2022","description":"Met: -Ferry Doedens vertelt over zijn nieuwe theatervoorstelling Only Fans en zijn deelname aan Special Forces VIPS. -Groenspecialist Romeo Sommers laat zien hoe je een gezellig herfststukje kunt maken. -Jeroen van den Born, projectleider bij Diversion, en Cloud Meijer van MIND Young Academy over de mentale gezondheid van jongeren in de klas.","still":"https:\/\/img-opt.cdn.smartvod.com\/smartvod\/images\/videoland\/data\/images\/r\/c\/636262910ee7b_[format].jpg","runtime":3300,"editions":{"hd":{"price":0}},"is_downloadable":false},"E101222":{"id":101222,"ref":"E101222","type":"episode","position":49,"title":"Do 3-11-2022","description":"Met: -Barbro Melgert en Amanda Rijff over microplastics. -Edsilia Rombley over het programma Liedje Op Het Eerste Gezicht. -Kirstin Heutinck en Marvin van Luijn over onderzoek naar MS. -Budgetstyliste Jeltje van der Pol presenteert nieuwe jurkjes.","still":"https:\/\/img-opt.cdn.smartvod.com\/smartvod\/images\/videoland\/data\/images\/1\/e\/6363bbf47aa43_[format].jpg","runtime":3300,"editions":{"hd":{"price":0}},"is_downloadable":false},"E101196":{"id":101196,"ref":"E101196","type":"episode","position":50,"title":"Vr 4-11-2022","description":"Met: -Historicus Bart Gielen over de geschiedenis van Toetanchamon. -Ruben Nicolai over The Big Show en The Masked Singer. -Eline de Ruig bespreekt de nieuwste films en series.","still":"https:\/\/img-opt.cdn.smartvod.com\/smartvod\/images\/videoland\/data\/images\/9\/r\/63651adcc6e33_[format].jpg","runtime":3300,"editions":{"hd":{"price":0}},"is_downloadable":false},"E101218":{"id":101218,"ref":"E101218","type":"episode","position":51,"title":"Ma 7-11-2022","description":"Met: -Journalist Fr\u00e9nk van der Linden vertelt over zijn nieuwe boek. -Roy Donders over het aanstaande vaderschap en zijn nieuwe single. -Cathelijne Broers van het Prins Bernhard Cultuurfonds over de VriendenLoterij Museumprijs. -Yvette van Boven is de winnaar van het Gouden Kookboek.","still":"https:\/\/img-opt.cdn.smartvod.com\/smartvod\/images\/videoland\/data\/images\/4\/j\/6369015e1e99e_[format].jpg","runtime":3300,"editions":{"hd":{"price":0}},"is_downloadable":false},"E101234":{"id":101234,"ref":"E101234","type":"episode","position":52,"title":"Di 8-11-2022","description":"Met: -Robert ten Brink over De Grote Sinterklaasfilm: Gespuis In De Speelgoedkluis. -Yotam Ottolenghi en Noor Murad over hun nieuwe kookboek. -Thomas Berge treedt op.","still":"https:\/\/img-opt.cdn.smartvod.com\/smartvod\/images\/videoland\/data\/images\/g\/h\/636a58b847b0e_[format].jpg","runtime":3300,"editions":{"hd":{"price":0}},"is_downloadable":false},"E101197":{"id":101197,"ref":"E101197","type":"episode","position":53,"title":"Wo 9-11-2022","description":"Met: -Ren\u00e9 van Kooten over zijn nieuwe voorstelling: Op Zoek Naar Ren\u00e9. -Lone van Roosendaal zingt samen met Ren\u00e9 van Kooten een nummer uit de musical All Shook Up\/Love Me Tender. -UAF-directeur Fatimazhra Belhirch en winnares Lobna Abdo over de UAF-Award. -Interieurblogger Marrit de Lang versiert drie verschillende kerstbomen. -Royaltydeskundige Justine Marcella over seizoen 5 van The Crown.","still":"https:\/\/img-opt.cdn.smartvod.com\/smartvod\/images\/videoland\/data\/images\/v\/9\/636b9b76242a7_[format].jpg","runtime":3300,"editions":{"hd":{"price":0}},"is_downloadable":false},"E101223":{"id":101223,"ref":"E101223","type":"episode","position":54,"title":"Do 10-11-2022","description":"Met in deze uitzending: -De mannen van Broerderliefde over hun carri\u00e8ere \u00e9n hun nieuwe album. -Simone Rommelaars van Mexx over de impact van kleding op je zelfvertrouwen. -Gezondheidsdeskundige Hetty Cr\u00e8vecoeur over goede ooggezondheid. -Aaliyah Bochhah over Mama's Koelkast, waar mama's gerechten volgens oude familierecepten koken. -Het de Dag van de Mantelzorg. Mantelzorgers Marloes en Seval vertellen erover.","still":"https:\/\/img-opt.cdn.smartvod.com\/smartvod\/images\/videoland\/data\/images\/3\/m\/636d01c300093_[format].jpg","runtime":3300,"editions":{"hd":{"price":0}},"is_downloadable":false},"E101232":{"id":101232,"ref":"E101232","type":"episode","position":55,"title":"Vr 11-11-2022","description":"Met: -Evert van Os en Devika Partiman over de tentoonstelling De Nieuwe Vrouw. -Tekenexpert Anne Kuiper vertelt ons deze keer over brushlettering. -Bart Bosch en Jonathan Vroege over het 30-jarig jubileum van Aladdin. -En Eline de Ruig praat ons bij over de nieuwste films en series.","still":"https:\/\/img-opt.cdn.smartvod.com\/smartvod\/images\/videoland\/data\/images\/n\/y\/636e692f6867d_[format].jpg","runtime":3300,"editions":{"hd":{"price":0}},"is_downloadable":false},"E101215":{"id":101215,"ref":"E101215","type":"episode","position":56,"title":"Ma 14-11-2022","description":"Met: -De Toppers staan komend weekend in de Johan Cruijff Arena in Amsterdam. Ze geven ons alvast een voorproefje. -Directeur Diabetesfonds Diena Halbertsma en ex-topsporter Bas van de Goor over Wereld Diabetes Dag. -Theaterrecensent Hein Janssen schuift aan om de opvallendste voorstellingen van dit moment te bespreken. -Gezondheidsdeskundige Hetty Cr\u00e8vecoeur vertelt alles over droge ogen.","still":"https:\/\/img-opt.cdn.smartvod.com\/smartvod\/images\/videoland\/data\/images\/0\/h\/637258fc0dcf9_[format].jpg","runtime":3300,"editions":{"hd":{"price":0}},"is_downloadable":false},"E101229":{"id":101229,"ref":"E101229","type":"episode","position":57,"title":"Di 15-11-2022","description":"Met: -May-Britt Mobach over de magie van adventkalenders. -Frizzle Sizzle treedt op. -Henk-Willem Laan en Pauline Muijs over de Week Van Het Gehandicapte Kind. -Petra en Peter Lataster en Biserka \u0160uran over hun films, die in premi\u00e8re gaan op het IDFA. -Welmoed Bezoen kookt uit haar favoriete kookboek.","still":"https:\/\/img-opt.cdn.smartvod.com\/smartvod\/images\/videoland\/data\/images\/n\/5\/6373944159f65_[format].jpg","runtime":3300,"editions":{"hd":{"price":0}},"is_downloadable":false}}}