{"id":500912,"ref":"S500912","type":"series","title":"Op Hete Kolen - Het Leven Volgens Emile Ratelband","year":2022,"rating":5,"poster":"https:\/\/img-opt.cdn.smartvod.com\/smartvod\/images\/videoland\/data\/images\/c\/v\/6294cb3c0d249_[format].jpg","still":"https:\/\/img-opt.cdn.smartvod.com\/smartvod\/images\/videoland\/data\/images\/j\/6\/6294a40ae2a3e_[format].jpg","cast":{"actors":["Emile Ratelband"]},"genres":["Documentaire","Reality"],"refs":["SN5024","SN4945"],"is_adult":false,"is_kids":false,"is_available":true,"description":"Emile Ratelband stond bekend als d\u00e9 positiviteitsgoeroe van Nederland, maar is lang niet altijd even positief in het nieuws geweest. Hij besluit Nederland voorgoed te verlaten en wil emigreren naar Thailand. We volgen hem in de docuserie Op Hete Kolen: Het Leven Volgens Emile Ratelband.","nicam":{"al":"Alle leeftijden","taalgebruik":"Grof Taalgebruik"},"language":"nl","language_full":"Nederlands","details":{"SN5024":{"id":5024,"ref":"SN5024","type":"season","title":"Binnenkort","position":1},"SN4945":{"id":4945,"ref":"SN4945","type":"season","title":"1","position":2,"refs":["E98002","E98001","E98004"]},"E98002":{"id":98002,"ref":"E98002","type":"episode","position":1,"title":"Op Hete Kolen: Het Leven Volgens Emile Ratelband","description":"Emile is helemaal klaar met Nederland. Samen met zijn zoon Emilio reist hij door Thailand om een geschikte plek te vinden om zijn negende kind op te voeden. Ondertussen moet hij in Nederland verschillende zaken afronden. Zo heeft hij nog een pand vol met daklozen en verslaafden, een container vol met rommel en een roemrucht verleden dat hij achter zich wil laten.","still":"https:\/\/img-opt.cdn.smartvod.com\/smartvod\/images\/videoland\/data\/images\/z\/l\/6298b58dbc510_[format].jpg","runtime":2778,"editions":{"hd":{"price":0}},"is_downloadable":true},"E98001":{"id":98001,"ref":"E98001","type":"episode","position":2,"title":"Werkelijkheid Is Illusie","description":"Emile kijkt terug op zijn mislukte huwelijk met zijn eerste vrouw Jenny en duikt diep in het bewogen verleden van zijn vader. In het heden heeft Emile ondertussen zijn handen vol aan ruzi\u00ebnde daklozen en de toekomst van eetbare insecten, terwijl hij zijn jongste zoon ook nog moet opvoeden.","still":"https:\/\/img-opt.cdn.smartvod.com\/smartvod\/images\/videoland\/data\/images\/y\/w\/6298b592366bd_[format].jpg","runtime":2784,"editions":{"hd":{"price":0}},"is_downloadable":true},"E98004":{"id":98004,"ref":"E98004","type":"episode","position":3,"title":"Het Geheim In Jezelf","description":"Emile gaat in op de beruchte tapes waarop te horen zou zijn dat hij zijn tweede vrouw heeft mishandeld. Tussendoor treedt hij nog een keer op en is het tijd voor de verslaafden en daklozen om Villa de Rijn te verlaten. Een ontmoeting met zijn oud-biograaf haalt ondertussen de nodige woede in hem naar boven.","still":"https:\/\/img-opt.cdn.smartvod.com\/smartvod\/images\/videoland\/data\/images\/6\/q\/6298b5956f75c_[format].jpg","runtime":2865,"editions":{"hd":{"price":0}},"is_downloadable":true}}}