{"id":500970,"ref":"S500970","type":"series","title":"Glory Numbered","year":2022,"rating":5,"poster":"https:\/\/img-opt.cdn.smartvod.com\/smartvod\/images\/videoland\/data\/images\/3\/i\/630e0786e6550_[format].jpg","still":"https:\/\/img-opt.cdn.smartvod.com\/smartvod\/images\/videoland\/data\/images\/1\/v\/63008a3dd9471_[format].jpg","cast":{},"genres":[],"refs":["SN5112","SN5113","SN5114","SN5115","SN5116","SN5117"],"is_adult":false,"is_kids":false,"is_available":true,"description":"Glory is een internationale kickboksorganisatie, met tientallen georganiseerde gevechten per jaar.","nicam":{"16":"Mogelijk schadelijk tot 16 jaar","geweld":"Geweld","taalgebruik":"Grof Taalgebruik"},"language":"en","language_full":"Engels","details":{"SN5112":{"id":5112,"ref":"SN5112","type":"season","title":"Glory 76","position":1},"SN5113":{"id":5113,"ref":"SN5113","type":"season","title":"Glory 77","position":2},"SN5114":{"id":5114,"ref":"SN5114","type":"season","title":"Glory 78","position":3},"SN5115":{"id":5115,"ref":"SN5115","type":"season","title":"Glory 79","position":4},"SN5116":{"id":5116,"ref":"SN5116","type":"season","title":"Glory 80","position":5,"refs":["E101620"]},"SN5117":{"id":5117,"ref":"SN5117","type":"season","title":"Glory 81","position":6},"E101620":{"id":101620,"ref":"E101620","type":"episode","position":1,"title":"Glory 80: Van Soest vs Kobayashi","description":"Met onder een verslag van de wedstrijden tussen Arkadiusz Wrzosek en Badr Hari en Tiffany van Soest en Manazo Kobayashi.","still":"https:\/\/img-opt.cdn.smartvod.com\/smartvod\/images\/videoland\/data\/images\/1\/5\/62ffd38be8c9b_[format].jpg","runtime":9721,"editions":{"hd":{"price":0}},"is_downloadable":false}}}