{"id":500419,"ref":"S500419","type":"series","title":"Charmed (1998)","year":1998,"rating":4,"poster":"https:\/\/img-opt.cdn.smartvod.com\/smartvod\/images\/videoland\/data\/images\/8\/3\/5f1aec9e6290a_[format].jpg","still":"https:\/\/img-opt.cdn.smartvod.com\/smartvod\/images\/videoland\/data\/images\/l\/q\/5f48fa095a71e_[format].jpg","cast":{"actors":["Shannen Doherty","Holly Marie Combs","Alyssa Milano","Dorian Gregory","Ted King","Brian Krause"]},"genres":["Drama","Fantasy","Mysterie"],"refs":["SN3596","SN3597","SN3598","SN3622","SN3640","SN3639","SN3638","SN3637"],"is_adult":false,"is_kids":false,"is_available":true,"description":"De zussen Phoebe, Prue en Piper Halliwell wonen samen in het familielandhuis Halliwell Manor. Op een dag ontdekken de zussen dat ze de machtigste, goedaardige heksen ter wereld zijn. Hun taak: de wereld beschermen tegen demonen en andere kwaadwillende wezens.","nicam":{"12":"Mogelijk schadelijk tot 12 jaar","geweld":"Geweld","angst":"Angst"},"language":"en","language_full":"Engels","details":{"SN3596":{"id":3596,"ref":"SN3596","type":"season","title":"1","position":1},"SN3597":{"id":3597,"ref":"SN3597","type":"season","title":"2","position":2,"refs":["E76765","E76768","E76778","E76775","E76777","E76766","E76773","E76762","E76767","E76774","E76763","E76757","E76772","E76776","E76758","E76769","E76761","E76759","E76760","E76771","E76770","E76764"]},"SN3598":{"id":3598,"ref":"SN3598","type":"season","title":"3","position":3},"SN3622":{"id":3622,"ref":"SN3622","type":"season","title":"4","position":4},"SN3640":{"id":3640,"ref":"SN3640","type":"season","title":"5","position":5},"SN3639":{"id":3639,"ref":"SN3639","type":"season","title":"6","position":6},"SN3638":{"id":3638,"ref":"SN3638","type":"season","title":"7","position":7},"SN3637":{"id":3637,"ref":"SN3637","type":"season","title":"8","position":8},"E76765":{"id":76765,"ref":"E76765","type":"episode","position":1,"title":"Witch Trial","description":"De zussen Phoebe, Prue en Piper Halliwell wonen samen in het familielandhuis Halliwell Manor. Op een dag ontdekken de zussen dat ze de machtigste goedaardige heksen ter wereld zijn. Hun taak: de wereld beschermen tegen demonen en andere kwaadwillende wezens.","still":"https:\/\/img-opt.cdn.smartvod.com\/smartvod\/images\/videoland\/data\/images\/t\/x\/5f48fb39643b8_[format].jpg","runtime":2469,"editions":{"hd":{"price":0}},"is_downloadable":false},"E76768":{"id":76768,"ref":"E76768","type":"episode","position":2,"title":"Morality Bites","description":"De zussen Phoebe, Prue en Piper Halliwell wonen samen in het familielandhuis Halliwell Manor. Op een dag ontdekken de zussen dat ze de machtigste goedaardige heksen ter wereld zijn. Hun taak: de wereld beschermen tegen demonen en andere kwaadwillende wezens.","still":"https:\/\/img-opt.cdn.smartvod.com\/smartvod\/images\/videoland\/data\/images\/t\/2\/5f48f8daa22e1_[format].jpg","runtime":2543,"editions":{"hd":{"price":0}},"is_downloadable":false},"E76778":{"id":76778,"ref":"E76778","type":"episode","position":3,"title":"The Painted World","description":"De zussen Phoebe, Prue en Piper Halliwell wonen samen in het familielandhuis Halliwell Manor. Op een dag ontdekken de zussen dat ze de machtigste goedaardige heksen ter wereld zijn. Hun taak: de wereld beschermen tegen demonen en andere kwaadwillende wezens.","still":"https:\/\/img-opt.cdn.smartvod.com\/smartvod\/images\/videoland\/data\/images\/b\/n\/5f48f42bcf28b_[format].jpg","runtime":2481,"editions":{"hd":{"price":0}},"is_downloadable":false},"E76775":{"id":76775,"ref":"E76775","type":"episode","position":4,"title":"The Devil's Music","description":"De zussen Phoebe, Prue en Piper Halliwell wonen samen in het familielandhuis Halliwell Manor. Op een dag ontdekken de zussen dat ze de machtigste goedaardige heksen ter wereld zijn. Hun taak: de wereld beschermen tegen demonen en andere kwaadwillende wezens.","still":"https:\/\/img-opt.cdn.smartvod.com\/smartvod\/images\/videoland\/data\/images\/7\/3\/5f48f54f4e715_[format].jpg","runtime":2418,"editions":{"hd":{"price":0}},"is_downloadable":false},"E76777":{"id":76777,"ref":"E76777","type":"episode","position":5,"title":"She's A Man, Baby, A Man","description":"De zussen Phoebe, Prue en Piper Halliwell wonen samen in het familielandhuis Halliwell Manor. Op een dag ontdekken de zussen dat ze de machtigste goedaardige heksen ter wereld zijn. Hun taak: de wereld beschermen tegen demonen en andere kwaadwillende wezens.","still":"https:\/\/img-opt.cdn.smartvod.com\/smartvod\/images\/videoland\/data\/images\/l\/9\/5f48f1d121918_[format].jpg","runtime":2484,"editions":{"hd":{"price":0}},"is_downloadable":true},"E76766":{"id":76766,"ref":"E76766","type":"episode","position":6,"title":"That Old Black Magic","description":"De zussen Phoebe, Prue en Piper Halliwell wonen samen in het familielandhuis Halliwell Manor. Op een dag ontdekken de zussen dat ze de machtigste goedaardige heksen ter wereld zijn. Hun taak: de wereld beschermen tegen demonen en andere kwaadwillende wezens.","still":"https:\/\/img-opt.cdn.smartvod.com\/smartvod\/images\/videoland\/data\/images\/n\/n\/5f48f41e4701c_[format].jpg","runtime":2509,"editions":{"hd":{"price":0}},"is_downloadable":false},"E76773":{"id":76773,"ref":"E76773","type":"episode","position":7,"title":"They're Everywhere","description":"De zussen Phoebe, Prue en Piper Halliwell wonen samen in het familielandhuis Halliwell Manor. Op een dag ontdekken de zussen dat ze de machtigste goedaardige heksen ter wereld zijn. Hun taak: de wereld beschermen tegen demonen en andere kwaadwillende wezens.","still":"https:\/\/img-opt.cdn.smartvod.com\/smartvod\/images\/videoland\/data\/images\/u\/o\/5f48f2ffc4288_[format].jpg","runtime":2427,"editions":{"hd":{"price":0}},"is_downloadable":true},"E76762":{"id":76762,"ref":"E76762","type":"episode","position":8,"title":"P3 H2O","description":"De zussen Phoebe, Prue en Piper Halliwell wonen samen in het familielandhuis Halliwell Manor. Op een dag ontdekken de zussen dat ze de machtigste goedaardige heksen ter wereld zijn. Hun taak: de wereld beschermen tegen demonen en andere kwaadwillende wezens.","still":"https:\/\/img-opt.cdn.smartvod.com\/smartvod\/images\/videoland\/data\/images\/f\/3\/5f48f43387f0d_[format].jpg","runtime":2528,"editions":{"hd":{"price":0}},"is_downloadable":true},"E76767":{"id":76767,"ref":"E76767","type":"episode","position":9,"title":"Ms. Hellfire","description":"De zussen Phoebe, Prue en Piper Halliwell wonen samen in het familielandhuis Halliwell Manor. Op een dag ontdekken de zussen dat ze de machtigste goedaardige heksen ter wereld zijn. Hun taak: de wereld beschermen tegen demonen en andere kwaadwillende wezens.","still":"https:\/\/img-opt.cdn.smartvod.com\/smartvod\/images\/videoland\/data\/images\/w\/s\/5f48f2f39b9e0_[format].jpg","runtime":2517,"editions":{"hd":{"price":0}},"is_downloadable":false},"E76774":{"id":76774,"ref":"E76774","type":"episode","position":10,"title":"Heartbreak City","description":"De zussen Phoebe, Prue en Piper Halliwell wonen samen in het familielandhuis Halliwell Manor. Op een dag ontdekken de zussen dat ze de machtigste goedaardige heksen ter wereld zijn. Hun taak: de wereld beschermen tegen demonen en andere kwaadwillende wezens.","still":"https:\/\/img-opt.cdn.smartvod.com\/smartvod\/images\/videoland\/data\/images\/5\/x\/5f48f5496103c_[format].jpg","runtime":2436,"editions":{"hd":{"price":0}},"is_downloadable":true},"E76763":{"id":76763,"ref":"E76763","type":"episode","position":11,"title":"Reckless Abandon","description":"De zussen Phoebe, Prue en Piper Halliwell wonen samen in het familielandhuis Halliwell Manor. Op een dag ontdekken de zussen dat ze de machtigste goedaardige heksen ter wereld zijn. Hun taak: de wereld beschermen tegen demonen en andere kwaadwillende wezens.","still":"https:\/\/img-opt.cdn.smartvod.com\/smartvod\/images\/videoland\/data\/images\/j\/u\/5f48f429ec94e_[format].jpg","runtime":2520,"editions":{"hd":{"price":0}},"is_downloadable":true},"E76757":{"id":76757,"ref":"E76757","type":"episode","position":12,"title":"Awakened","description":"De zussen Phoebe, Prue en Piper Halliwell wonen samen in het familielandhuis Halliwell Manor. Op een dag ontdekken de zussen dat ze de machtigste goedaardige heksen ter wereld zijn. Hun taak: de wereld beschermen tegen demonen en andere kwaadwillende wezens.","still":"https:\/\/img-opt.cdn.smartvod.com\/smartvod\/images\/videoland\/data\/images\/5\/w\/5f48f42782ff3_[format].jpg","runtime":2473,"editions":{"hd":{"price":0}},"is_downloadable":true},"E76772":{"id":76772,"ref":"E76772","type":"episode","position":13,"title":"Animal Pragmatism","description":"De zussen Phoebe, Prue en Piper Halliwell wonen samen in het familielandhuis Halliwell Manor. Op een dag ontdekken de zussen dat ze de machtigste goedaardige heksen ter wereld zijn. Hun taak: de wereld beschermen tegen demonen en andere kwaadwillende wezens.","still":"https:\/\/img-opt.cdn.smartvod.com\/smartvod\/images\/videoland\/data\/images\/f\/m\/5f48f30e06a95_[format].jpg","runtime":2517,"editions":{"hd":{"price":0}},"is_downloadable":false},"E76776":{"id":76776,"ref":"E76776","type":"episode","position":14,"title":"Pardon My Past","description":"De zussen Phoebe, Prue en Piper Halliwell wonen samen in het familielandhuis Halliwell Manor. Op een dag ontdekken de zussen dat ze de machtigste goedaardige heksen ter wereld zijn. Hun taak: de wereld beschermen tegen demonen en andere kwaadwillende wezens.","still":"https:\/\/img-opt.cdn.smartvod.com\/smartvod\/images\/videoland\/data\/images\/d\/3\/5f48f31aa2596_[format].jpg","runtime":2528,"editions":{"hd":{"price":0}},"is_downloadable":true},"E76758":{"id":76758,"ref":"E76758","type":"episode","position":15,"title":"Give Me a Sign","description":"De zussen Phoebe, Prue en Piper Halliwell wonen samen in het familielandhuis Halliwell Manor. Op een dag ontdekken de zussen dat ze de machtigste goedaardige heksen ter wereld zijn. Hun taak: de wereld beschermen tegen demonen en andere kwaadwillende wezens.","still":"https:\/\/img-opt.cdn.smartvod.com\/smartvod\/images\/videoland\/data\/images\/m\/8\/5f48f30355dd8_[format].jpg","runtime":2484,"editions":{"hd":{"price":0}},"is_downloadable":true},"E76769":{"id":76769,"ref":"E76769","type":"episode","position":16,"title":"Murphy's Luck","description":"De zussen Phoebe, Prue en Piper Halliwell wonen samen in het familielandhuis Halliwell Manor. Op een dag ontdekken de zussen dat ze de machtigste goedaardige heksen ter wereld zijn. Hun taak: de wereld beschermen tegen demonen en andere kwaadwillende wezens.","still":"https:\/\/img-opt.cdn.smartvod.com\/smartvod\/images\/videoland\/data\/images\/e\/8\/5f48f30fcd158_[format].jpg","runtime":2465,"editions":{"hd":{"price":0}},"is_downloadable":true},"E76761":{"id":76761,"ref":"E76761","type":"episode","position":17,"title":"How To Make A Quilt Out Of Americans","description":"De zussen Phoebe, Prue en Piper Halliwell wonen samen in het familielandhuis Halliwell Manor. Op een dag ontdekken de zussen dat ze de machtigste goedaardige heksen ter wereld zijn. Hun taak: de wereld beschermen tegen demonen en andere kwaadwillende wezens.","still":"https:\/\/img-opt.cdn.smartvod.com\/smartvod\/images\/videoland\/data\/images\/n\/e\/5f48f42fb93bb_[format].jpg","runtime":2427,"editions":{"hd":{"price":0}},"is_downloadable":false},"E76759":{"id":76759,"ref":"E76759","type":"episode","position":18,"title":"Chick Flick","description":"De zussen Phoebe, Prue en Piper Halliwell wonen samen in het familielandhuis Halliwell Manor. Op een dag ontdekken de zussen dat ze de machtigste goedaardige heksen ter wereld zijn. Hun taak: de wereld beschermen tegen demonen en andere kwaadwillende wezens.","still":"https:\/\/img-opt.cdn.smartvod.com\/smartvod\/images\/videoland\/data\/images\/c\/g\/5f48fb3032f4a_[format].jpg","runtime":2515,"editions":{"hd":{"price":0}},"is_downloadable":true},"E76760":{"id":76760,"ref":"E76760","type":"episode","position":19,"title":"Ex Libris","description":"De zussen Phoebe, Prue en Piper Halliwell wonen samen in het familielandhuis Halliwell Manor. Op een dag ontdekken de zussen dat ze de machtigste goedaardige heksen ter wereld zijn. Hun taak: de wereld beschermen tegen demonen en andere kwaadwillende wezens.","still":"https:\/\/img-opt.cdn.smartvod.com\/smartvod\/images\/videoland\/data\/images\/h\/y\/5f48fb33a4951_[format].jpg","runtime":2542,"editions":{"hd":{"price":0}},"is_downloadable":true},"E76771":{"id":76771,"ref":"E76771","type":"episode","position":20,"title":"Astral Monkey","description":"De zussen Phoebe, Prue en Piper Halliwell wonen samen in het familielandhuis Halliwell Manor. Op een dag ontdekken de zussen dat ze de machtigste goedaardige heksen ter wereld zijn. Hun taak: de wereld beschermen tegen demonen en andere kwaadwillende wezens.","still":"https:\/\/img-opt.cdn.smartvod.com\/smartvod\/images\/videoland\/data\/images\/q\/3\/5f48f431b5bb1_[format].jpg","runtime":2493,"editions":{"hd":{"price":0}},"is_downloadable":true},"E76770":{"id":76770,"ref":"E76770","type":"episode","position":21,"title":"Apocalypse, Not","description":"De zussen Phoebe, Prue en Piper Halliwell wonen samen in het familielandhuis Halliwell Manor. Op een dag ontdekken de zussen dat ze de machtigste goedaardige heksen ter wereld zijn. Hun taak: de wereld beschermen tegen demonen en andere kwaadwillende wezens.","still":"https:\/\/img-opt.cdn.smartvod.com\/smartvod\/images\/videoland\/data\/images\/g\/s\/5f48f2fcf3da7_[format].jpg","runtime":2440,"editions":{"hd":{"price":0}},"is_downloadable":true},"E76764":{"id":76764,"ref":"E76764","type":"episode","position":22,"title":"Be Careful What You Witch For","description":"De zussen Phoebe, Prue en Piper Halliwell wonen samen in het familielandhuis Halliwell Manor. Op een dag ontdekken de zussen dat ze de machtigste goedaardige heksen ter wereld zijn. Hun taak: de wereld beschermen tegen demonen en andere kwaadwillende wezens.","still":"https:\/\/img-opt.cdn.smartvod.com\/smartvod\/images\/videoland\/data\/images\/6\/3\/5f48fa12e27a5_[format].jpg","runtime":2528,"editions":{"hd":{"price":0}},"is_downloadable":false}}}