{"id":500419,"ref":"S500419","type":"series","title":"Charmed (1998)","year":1998,"rating":4,"poster":"https:\/\/img-opt.cdn.smartvod.com\/smartvod\/images\/videoland\/data\/images\/8\/3\/5f1aec9e6290a_[format].jpg","still":"https:\/\/img-opt.cdn.smartvod.com\/smartvod\/images\/videoland\/data\/images\/l\/q\/5f48fa095a71e_[format].jpg","cast":{"actors":["Shannen Doherty","Holly Marie Combs","Alyssa Milano","Dorian Gregory","Ted King","Brian Krause"]},"genres":["Drama","Fantasy","Mysterie"],"refs":["SN3596","SN3597","SN3598","SN3622","SN3640","SN3639","SN3638","SN3637"],"is_adult":false,"is_kids":false,"is_available":true,"description":"De zussen Phoebe, Prue en Piper Halliwell wonen samen in het familielandhuis Halliwell Manor. Op een dag ontdekken de zussen dat ze de machtigste, goedaardige heksen ter wereld zijn. Hun taak: de wereld beschermen tegen demonen en andere kwaadwillende wezens.","nicam":{"12":"Mogelijk schadelijk tot 12 jaar","geweld":"Geweld","angst":"Angst"},"language":"en","language_full":"Engels","details":{"SN3596":{"id":3596,"ref":"SN3596","type":"season","title":"1","position":1},"SN3597":{"id":3597,"ref":"SN3597","type":"season","title":"2","position":2},"SN3598":{"id":3598,"ref":"SN3598","type":"season","title":"3","position":3},"SN3622":{"id":3622,"ref":"SN3622","type":"season","title":"4","position":4},"SN3640":{"id":3640,"ref":"SN3640","type":"season","title":"5","position":5},"SN3639":{"id":3639,"ref":"SN3639","type":"season","title":"6","position":6},"SN3638":{"id":3638,"ref":"SN3638","type":"season","title":"7","position":7},"SN3637":{"id":3637,"ref":"SN3637","type":"season","title":"8","position":8,"refs":["E77394","E77404","E77390","E77395","E77392","E77389","E77406","E77408","E77402","E77409","E77399","E77400","E77405","E77391","E77393","E77388","E77403","E77397","E77407","E77396","E77398","E77401"]},"E77394":{"id":77394,"ref":"E77394","type":"episode","position":1,"title":"Still Charmed & Kicking","description":"De zussen Phoebe, Prue en Piper Halliwell wonen samen in het familielandhuis Halliwell Manor. Op een dag ontdekken de zussen dat ze de machtigste goedaardige heksen ter wereld zijn. Hun taak: de wereld beschermen tegen demonen en andere kwaadwillende wezens.","still":"https:\/\/img-opt.cdn.smartvod.com\/smartvod\/images\/videoland\/data\/images\/l\/q\/5f48fa095a71e_[format].jpg","runtime":2418,"editions":{"hd":{"price":0}},"is_downloadable":true},"E77404":{"id":77404,"ref":"E77404","type":"episode","position":2,"title":"Malice In Wonderland","description":"De zussen Phoebe, Prue en Piper Halliwell wonen samen in het familielandhuis Halliwell Manor. Op een dag ontdekken de zussen dat ze de machtigste goedaardige heksen ter wereld zijn. Hun taak: de wereld beschermen tegen demonen en andere kwaadwillende wezens.","still":"https:\/\/img-opt.cdn.smartvod.com\/smartvod\/images\/videoland\/data\/images\/3\/y\/5f48fb3779545_[format].jpg","runtime":2402,"editions":{"hd":{"price":0}},"is_downloadable":true},"E77390":{"id":77390,"ref":"E77390","type":"episode","position":3,"title":"Run Piper, Run","description":"De zussen Phoebe, Prue en Piper Halliwell wonen samen in het familielandhuis Halliwell Manor. Op een dag ontdekken de zussen dat ze de machtigste goedaardige heksen ter wereld zijn. Hun taak: de wereld beschermen tegen demonen en andere kwaadwillende wezens.","still":"https:\/\/img-opt.cdn.smartvod.com\/smartvod\/images\/videoland\/data\/images\/9\/c\/5f48fb280a631_[format].jpg","runtime":2356,"editions":{"hd":{"price":0}},"is_downloadable":true},"E77395":{"id":77395,"ref":"E77395","type":"episode","position":4,"title":"Desperate Housewitches","description":"De zussen Phoebe, Prue en Piper Halliwell wonen samen in het familielandhuis Halliwell Manor. Op een dag ontdekken de zussen dat ze de machtigste goedaardige heksen ter wereld zijn. Hun taak: de wereld beschermen tegen demonen en andere kwaadwillende wezens.","still":"https:\/\/img-opt.cdn.smartvod.com\/smartvod\/images\/videoland\/data\/images\/m\/t\/5f48fc5474456_[format].jpg","runtime":2412,"editions":{"hd":{"price":0}},"is_downloadable":true},"E77392":{"id":77392,"ref":"E77392","type":"episode","position":5,"title":"Rewitched","description":"De zussen Phoebe, Prue en Piper Halliwell wonen samen in het familielandhuis Halliwell Manor. Op een dag ontdekken de zussen dat ze de machtigste goedaardige heksen ter wereld zijn. Hun taak: de wereld beschermen tegen demonen en andere kwaadwillende wezens.","still":"https:\/\/img-opt.cdn.smartvod.com\/smartvod\/images\/videoland\/data\/images\/k\/d\/5f48fb228d4da_[format].jpg","runtime":2366,"editions":{"hd":{"price":0}},"is_downloadable":true},"E77389":{"id":77389,"ref":"E77389","type":"episode","position":6,"title":"Kill Billie Vol. 1","description":"De zussen Phoebe, Prue en Piper Halliwell wonen samen in het familielandhuis Halliwell Manor. Op een dag ontdekken de zussen dat ze de machtigste goedaardige heksen ter wereld zijn. Hun taak: de wereld beschermen tegen demonen en andere kwaadwillende wezens.","still":"https:\/\/img-opt.cdn.smartvod.com\/smartvod\/images\/videoland\/data\/images\/o\/z\/5f48fa05c6820_[format].jpg","runtime":2448,"editions":{"hd":{"price":0}},"is_downloadable":true},"E77406":{"id":77406,"ref":"E77406","type":"episode","position":7,"title":"The Lost Picture Show","description":"De zussen Phoebe, Prue en Piper Halliwell wonen samen in het familielandhuis Halliwell Manor. Op een dag ontdekken de zussen dat ze de machtigste goedaardige heksen ter wereld zijn. Hun taak: de wereld beschermen tegen demonen en andere kwaadwillende wezens.","still":"https:\/\/img-opt.cdn.smartvod.com\/smartvod\/images\/videoland\/data\/images\/o\/u\/5f48fa14c3bf9_[format].jpg","runtime":2459,"editions":{"hd":{"price":0}},"is_downloadable":true},"E77408":{"id":77408,"ref":"E77408","type":"episode","position":8,"title":"Battle Of The Hexes","description":"De zussen Phoebe, Prue en Piper Halliwell wonen samen in het familielandhuis Halliwell Manor. Op een dag ontdekken de zussen dat ze de machtigste goedaardige heksen ter wereld zijn. Hun taak: de wereld beschermen tegen demonen en andere kwaadwillende wezens.","still":"https:\/\/img-opt.cdn.smartvod.com\/smartvod\/images\/videoland\/data\/images\/v\/i\/5f48fc4ecbd47_[format].jpg","runtime":2435,"editions":{"hd":{"price":0}},"is_downloadable":true},"E77402":{"id":77402,"ref":"E77402","type":"episode","position":9,"title":"Hulkus Pocus","description":"De zussen Phoebe, Prue en Piper Halliwell wonen samen in het familielandhuis Halliwell Manor. Op een dag ontdekken de zussen dat ze de machtigste goedaardige heksen ter wereld zijn. Hun taak: de wereld beschermen tegen demonen en andere kwaadwillende wezens.","still":"https:\/\/img-opt.cdn.smartvod.com\/smartvod\/images\/videoland\/data\/images\/h\/7\/5f48fb2c1b57f_[format].jpg","runtime":2320,"editions":{"hd":{"price":0}},"is_downloadable":true},"E77409":{"id":77409,"ref":"E77409","type":"episode","position":10,"title":"Vaya Con Leos","description":"De zussen Phoebe, Prue en Piper Halliwell wonen samen in het familielandhuis Halliwell Manor. Op een dag ontdekken de zussen dat ze de machtigste goedaardige heksen ter wereld zijn. Hun taak: de wereld beschermen tegen demonen en andere kwaadwillende wezens.","still":"https:\/\/img-opt.cdn.smartvod.com\/smartvod\/images\/videoland\/data\/images\/3\/k\/5f48f7c11850e_[format].jpg","runtime":2471,"editions":{"hd":{"price":0}},"is_downloadable":true},"E77399":{"id":77399,"ref":"E77399","type":"episode","position":11,"title":"Mr. And Mrs. Witch","description":"De zussen Phoebe, Prue en Piper Halliwell wonen samen in het familielandhuis Halliwell Manor. Op een dag ontdekken de zussen dat ze de machtigste goedaardige heksen ter wereld zijn. Hun taak: de wereld beschermen tegen demonen en andere kwaadwillende wezens.","still":"https:\/\/img-opt.cdn.smartvod.com\/smartvod\/images\/videoland\/data\/images\/t\/d\/5f48fb428a202_[format].jpg","runtime":2419,"editions":{"hd":{"price":0}},"is_downloadable":true},"E77400":{"id":77400,"ref":"E77400","type":"episode","position":12,"title":"Payback's a Witch","description":"De zussen Phoebe, Prue en Piper Halliwell wonen samen in het familielandhuis Halliwell Manor. Op een dag ontdekken de zussen dat ze de machtigste goedaardige heksen ter wereld zijn. Hun taak: de wereld beschermen tegen demonen en andere kwaadwillende wezens.","still":"https:\/\/img-opt.cdn.smartvod.com\/smartvod\/images\/videoland\/data\/images\/f\/7\/5f48fc5666f61_[format].jpg","runtime":2482,"editions":{"hd":{"price":0}},"is_downloadable":true},"E77405":{"id":77405,"ref":"E77405","type":"episode","position":13,"title":"Repo Manor","description":"De zussen Phoebe, Prue en Piper Halliwell wonen samen in het familielandhuis Halliwell Manor. Op een dag ontdekken de zussen dat ze de machtigste goedaardige heksen ter wereld zijn. Hun taak: de wereld beschermen tegen demonen en andere kwaadwillende wezens.","still":"https:\/\/img-opt.cdn.smartvod.com\/smartvod\/images\/videoland\/data\/images\/2\/q\/5f48fb49ee27b_[format].jpg","runtime":2442,"editions":{"hd":{"price":0}},"is_downloadable":true},"E77391":{"id":77391,"ref":"E77391","type":"episode","position":14,"title":"12 Angry Zen","description":"De zussen Phoebe, Prue en Piper Halliwell wonen samen in het familielandhuis Halliwell Manor. Op een dag ontdekken de zussen dat ze de machtigste goedaardige heksen ter wereld zijn. Hun taak: de wereld beschermen tegen demonen en andere kwaadwillende wezens.","still":"https:\/\/img-opt.cdn.smartvod.com\/smartvod\/images\/videoland\/data\/images\/t\/z\/5f48fb35a87a4_[format].jpg","runtime":2321,"editions":{"hd":{"price":0}},"is_downloadable":true},"E77393":{"id":77393,"ref":"E77393","type":"episode","position":15,"title":"The Last Temptation Of Christy","description":"De zussen Phoebe, Prue en Piper Halliwell wonen samen in het familielandhuis Halliwell Manor. Op een dag ontdekken de zussen dat ze de machtigste goedaardige heksen ter wereld zijn. Hun taak: de wereld beschermen tegen demonen en andere kwaadwillende wezens.","still":"https:\/\/img-opt.cdn.smartvod.com\/smartvod\/images\/videoland\/data\/images\/9\/m\/5f48fb261eede_[format].jpg","runtime":2484,"editions":{"hd":{"price":0}},"is_downloadable":true},"E77388":{"id":77388,"ref":"E77388","type":"episode","position":16,"title":"Engaged And Confused","description":"De zussen Phoebe, Prue en Piper Halliwell wonen samen in het familielandhuis Halliwell Manor. Op een dag ontdekken de zussen dat ze de machtigste goedaardige heksen ter wereld zijn. Hun taak: de wereld beschermen tegen demonen en andere kwaadwillende wezens.","still":"https:\/\/img-opt.cdn.smartvod.com\/smartvod\/images\/videoland\/data\/images\/i\/2\/5f48fb3f09dad_[format].jpg","runtime":2356,"editions":{"hd":{"price":0}},"is_downloadable":true},"E77403":{"id":77403,"ref":"E77403","type":"episode","position":17,"title":"Generation Hex","description":"De zussen Phoebe, Prue en Piper Halliwell wonen samen in het familielandhuis Halliwell Manor. Op een dag ontdekken de zussen dat ze de machtigste goedaardige heksen ter wereld zijn. Hun taak: de wereld beschermen tegen demonen en andere kwaadwillende wezens.","still":"https:\/\/img-opt.cdn.smartvod.com\/smartvod\/images\/videoland\/data\/images\/g\/f\/5f48fb40d5417_[format].jpg","runtime":2413,"editions":{"hd":{"price":0}},"is_downloadable":true},"E77397":{"id":77397,"ref":"E77397","type":"episode","position":18,"title":"The Torn Identity","description":"De zussen Phoebe, Prue en Piper Halliwell wonen samen in het familielandhuis Halliwell Manor. Op een dag ontdekken de zussen dat ze de machtigste goedaardige heksen ter wereld zijn. Hun taak: de wereld beschermen tegen demonen en andere kwaadwillende wezens.","still":"https:\/\/img-opt.cdn.smartvod.com\/smartvod\/images\/videoland\/data\/images\/c\/v\/5f48fc50b6fa3_[format].jpg","runtime":2347,"editions":{"hd":{"price":0}},"is_downloadable":true},"E77407":{"id":77407,"ref":"E77407","type":"episode","position":19,"title":"The Jung And The Restless","description":"De zussen Phoebe, Prue en Piper Halliwell wonen samen in het familielandhuis Halliwell Manor. Op een dag ontdekken de zussen dat ze de machtigste goedaardige heksen ter wereld zijn. Hun taak: de wereld beschermen tegen demonen en andere kwaadwillende wezens.","still":"https:\/\/img-opt.cdn.smartvod.com\/smartvod\/images\/videoland\/data\/images\/k\/u\/5f48f9fe867b2_[format].jpg","runtime":2353,"editions":{"hd":{"price":0}},"is_downloadable":true},"E77396":{"id":77396,"ref":"E77396","type":"episode","position":20,"title":"Gone With The Witches","description":"De zussen Phoebe, Prue en Piper Halliwell wonen samen in het familielandhuis Halliwell Manor. Op een dag ontdekken de zussen dat ze de machtigste goedaardige heksen ter wereld zijn. Hun taak: de wereld beschermen tegen demonen en andere kwaadwillende wezens.","still":"https:\/\/img-opt.cdn.smartvod.com\/smartvod\/images\/videoland\/data\/images\/u\/2\/5f48fa0430e2d_[format].jpg","runtime":2304,"editions":{"hd":{"price":0}},"is_downloadable":true},"E77398":{"id":77398,"ref":"E77398","type":"episode","position":21,"title":"Kill Billie Vol. 2","description":"De zussen Phoebe, Prue en Piper Halliwell wonen samen in het familielandhuis Halliwell Manor. Op een dag ontdekken de zussen dat ze de machtigste goedaardige heksen ter wereld zijn. Hun taak: de wereld beschermen tegen demonen en andere kwaadwillende wezens.","still":"https:\/\/img-opt.cdn.smartvod.com\/smartvod\/images\/videoland\/data\/images\/1\/j\/5f48fb4471827_[format].jpg","runtime":2275,"editions":{"hd":{"price":0}},"is_downloadable":true},"E77401":{"id":77401,"ref":"E77401","type":"episode","position":22,"title":"Forever Charmed","description":"De zussen Phoebe, Prue en Piper Halliwell wonen samen in het familielandhuis Halliwell Manor. Op een dag ontdekken de zussen dat ze de machtigste goedaardige heksen ter wereld zijn. Hun taak: de wereld beschermen tegen demonen en andere kwaadwillende wezens.","still":"https:\/\/img-opt.cdn.smartvod.com\/smartvod\/images\/videoland\/data\/images\/y\/2\/5f48fb4be6464_[format].jpg","runtime":2441,"editions":{"hd":{"price":0}},"is_downloadable":true}}}