{"id":500008,"ref":"S500008","type":"series","title":"Iedereen Had Het Erover","year":2021,"rating":4,"poster":"https:\/\/img-opt.cdn.smartvod.com\/smartvod\/images\/videoland\/data\/images\/s\/8\/5c9b62b1087ba_[format].jpg","still":"https:\/\/img-opt.cdn.smartvod.com\/smartvod\/images\/videoland\/data\/images\/u\/p\/5fec79e18dac2_[format].jpg","cast":{"actors":["Art Rooijakkers"]},"genres":[],"refs":["SN2734","SN3959"],"is_adult":false,"is_kids":false,"is_available":true,"description":"Art Rooijakkers gaat in gesprek met de mensen achter een aantal van de meest spraakmakende nieuwsberichten van de afgelopen tijd. Hij bezoekt de hoofdpersonen, blikt met hen terug en peilt de stemming nu. Het ophalen van de herinnering en het herbeleven van de gebeurtenis verbaast je opnieuw. En dat wordt beslist niet minder als Art nieuwe feiten, heftige gevolgen of absurde wendingen van het lot te horen krijgt tijdens zijn gesprekken met de mensen die plots (wereld)nieuws waren.","nicam":{"al":"Alle leeftijden","taalgebruik":"Grof Taalgebruik"},"language":"nl","language_full":"Nederlands","details":{"SN2734":{"id":2734,"ref":"SN2734","type":"season","title":"1","position":1},"SN3959":{"id":3959,"ref":"SN3959","type":"season","title":"2","position":2,"refs":["E82845","E86778","E86779","E86780","E86781"]},"E82845":{"id":82845,"ref":"E82845","type":"episode","position":1,"title":"Corona Special","description":"Door Covid-19 en corona krijgt het jaar 2020 een zeer prominente plek in de geschiedenisboeken. En voor wat Nederland betreft staan de eerste weken van de lockdown in maart van dit jaar diep in ons collectief geheugen gegrift. Art Rooijakkers blikt met vier personen terug op de eerste weken van die lockdown. Zo volgt hij een IC-verpleegkundige, een uitvaartondernemer, een zwangere vrouw en een heer op leeftijd.","still":"https:\/\/img-opt.cdn.smartvod.com\/smartvod\/images\/videoland\/data\/images\/u\/p\/5fec79e18dac2_[format].jpg","runtime":2327,"editions":{"hd":{"price":0}},"is_downloadable":false},"E86778":{"id":86778,"ref":"E86778","type":"episode","position":2,"title":"","description":"Art Rooijakkers blikt met nabestaanden terug op die winterse dag in februari 2003 toen de 13-jarige Sedar Soares in Rotterdam werd vermoord, enkel vanwege het gooien van een sneeuwbal. En hij gaat, in de week dat Nederland vol is van het Eurovisie Songfestival, op bezoek bij zangeres Sieneke. Elf jaar geleden was zij hoofdrolspeler in een live tv-drama: de verkiezing van de act die Nederland moest gaan vertegenwoordigen in Oslo. Jury-voorzitter Pierre Kartner kon geen beslissing te nemen.","still":"https:\/\/img-opt.cdn.smartvod.com\/smartvod\/images\/videoland\/data\/images\/g\/u\/60a37415f3ea7_[format].jpg","runtime":1384,"editions":{"hd":{"price":0}},"is_downloadable":true},"E86779":{"id":86779,"ref":"E86779","type":"episode","position":3,"title":"","description":"Art Rooijakkers gaat onder meer terug naar het jaar 1995. De mijnwerkersenclave in Brunssum was plots wereldnieuws toen een Mariabeeldje begon te huilen. En geen gewone tranen, maar tranen van bloed. De Zuid-Limburgse plaats werd een bedevaartsoord. Verder brengt Art een bezoek aan Arjan Erkel, die in 2002 ontvoerd werd in Dagestan en ruim 600 dagen gevangen werd gehouden. Een bijzondere terugblik op die hachelijke periode.","still":"https:\/\/img-opt.cdn.smartvod.com\/smartvod\/images\/videoland\/data\/images\/g\/l\/60a3740ac58a7_[format].jpg","runtime":1380,"editions":{"hd":{"price":0}},"is_downloadable":true},"E86780":{"id":86780,"ref":"E86780","type":"episode","position":4,"title":"","description":"In 2011 rent een hooligan het veld op tijdens de bekerwedstrijd Ajax - AZ en valt AZ-keeper Esteban aan. Deze verdedigt zich en krijgt daarop rood van de scheidsrechter. Hooligan Wesley doet zijn verhaal. Verder spreekt Art met Adem Aksoy, slachtoffer en held van de schietpartij in winkelcentrum De Ridderhof in Alphen aan de Rijn, tien jaar geleden. Hij werd neergeschoten door de dader en rende zwaargewond door het winkelcentrum om iedereen te waarschuwen voor de schutter.","still":"https:\/\/img-opt.cdn.smartvod.com\/smartvod\/images\/videoland\/data\/images\/7\/u\/60a7a336969c9_[format].jpg","runtime":1343,"editions":{"hd":{"price":0}},"is_downloadable":true},"E86781":{"id":86781,"ref":"E86781","type":"episode","position":5,"title":"","description":"Art Rooijakkers blikt terug op het roemruchte leven rock-'n-rolllegende Herman Brood. Twintig jaar geleden maakte hij met een sprong van het Amsterdamse Hilton-hotel een einde aan zijn leven. Art haalt bijzondere herinneringen op met weduwe Xandra en dochter Lola Brood en met vriend Bart Chabot en gitarist Dany Lademacher. Hilton-directeur Roberto Payer vertelt dat niemand van de wereldsterren die hij ontmoet heeft in zijn werk kan tippen aan het charisma van Herman Brood.","still":"https:\/\/img-opt.cdn.smartvod.com\/smartvod\/images\/videoland\/data\/images\/k\/s\/60b73a901d41b_[format].jpg","runtime":1380,"editions":{"hd":{"price":0}},"is_downloadable":true}}}