{"id":500337,"ref":"S500337","type":"series","title":"De Jacht op de Mocro-Maffia","year":2021,"rating":5,"poster":"https:\/\/img-opt.cdn.smartvod.com\/smartvod\/images\/videoland\/data\/images\/m\/e\/61cc6f25e063a_[format].jpg","still":"https:\/\/img-opt.cdn.smartvod.com\/smartvod\/images\/videoland\/data\/images\/z\/w\/6188ec74a272f_[format].jpg","cast":{"actors":["John van den Heuvel"]},"genres":["Documentaire","Misdaad"],"refs":["SN3390","SN3918","SN4552"],"is_adult":false,"is_kids":false,"is_available":true,"description":"Nadat er jarenlang op Ridouan Taghi is gejaagd, stond hij in Maart 2021 voor het eerst voor de rechter. Inmiddels lopen er meerdere processen tegen tientallen verdachten die betrokken zijn bij de zogenoemde Mocro-Maffia.  Al 10 jaar lang houdt deze groep ons in de greep, maar hoe heeft het zo ver kunnen komen? Hoe is deze oorlog ooit begonnen? In het nieuwe seizoen van De Jacht op De Mocro-Maffia gaat John van den Heuvel terug in de tijd en onderzoekt hij het web dat vol zit met verraad, wantrouwen, geweld en dodelijke slachtoffers.","nicam":{"12":"Mogelijk schadelijk tot 12 jaar","geweld":"Geweld","angst":"Angst","taalgebruik":"Grof Taalgebruik"},"language":"nl","language_full":"Nederlands","details":{"SN3390":{"id":3390,"ref":"SN3390","type":"season","title":"1","position":1},"SN3918":{"id":3918,"ref":"SN3918","type":"season","title":"2","position":2},"SN4552":{"id":4552,"ref":"SN4552","type":"season","title":"3","position":3,"refs":["E92001","E91992","E91994","E91997","E91996","E92000","E91993"]},"E92001":{"id":92001,"ref":"E92001","type":"episode","position":1,"title":"Coke Of Je Leven","description":"Terwijl de politie zich vooral bezighoudt met criminaliteit zoals overvallen, straatroven en inbraken, groeit de drugshandel harder dan ooit tevoren. Als er een partij coca\u00efne verdwijnt uit de haven van Antwerpen breekt er een oorlog uit tussen twee kampen. Het kamp Gwenette Martha en het kamp Houssine Ait S.","still":"https:\/\/img-opt.cdn.smartvod.com\/smartvod\/images\/videoland\/data\/images\/b\/p\/6188d90f1dfe3_[format].jpg","runtime":1853,"editions":{"hd":{"price":0}},"is_downloadable":true},"E91992":{"id":91992,"ref":"E91992","type":"episode","position":2,"title":"Wild West Taferelen Amsterdam","description":"De Staatsliedenbuurt in Amsterdam is een oorlogsgebied als in december 2012 een salvo wordt afgevuurd uit automatische wapens. Twee personen komen om het leven en twee politieagenten worden beschoten. Het doelwit van de schietpartij, Benaouf A., weet te ontkomen. Maar waarom hadden criminelen het op hem gemunt?","still":"https:\/\/img-opt.cdn.smartvod.com\/smartvod\/images\/videoland\/data\/images\/u\/0\/61927978d09d8_[format].jpg","runtime":2045,"editions":{"hd":{"price":0}},"is_downloadable":true},"E91994":{"id":91994,"ref":"E91994","type":"episode","position":3,"title":"Tachtig Kogels","description":"Terwijl de oorlog in de Amsterdamse onderwereld in alle hevigheid is losgebarsten, groeit in Utrecht de groep van Ridouan Taghi uit tot een serieus grote drugsorganisatie. De politie krijgt voor het eerst zicht op deze groep als Ebrahim B., alias De Slager, begint te verklaren. John reist naar Spanje voor de drugsroutes die Taghi volgens De Slager gebruikte en stuit daar op een opmerkelijke moordzaak. In Amstelveen wordt topcrimineel Gwenette Martha geliquideerd. Er worden tachtig kogels op hem afgevuurd.","still":"https:\/\/img-opt.cdn.smartvod.com\/smartvod\/images\/videoland\/data\/images\/x\/m\/619bb2cb88a1b_[format].jpg","runtime":2056,"editions":{"hd":{"price":0}},"is_downloadable":true},"E91997":{"id":91997,"ref":"E91997","type":"episode","position":4,"title":"Verraad In Eigen Organisatie","description":"De oorlog in de Amsterdamse onderwereld bereikt een nieuw dieptepunt als Stefan Eggermont, een volstrekt onschuldige huisvader uit Amsterdam wordt vermoord; een vergisliquidatie. De politie in Utrecht krijgt zicht op een moordcommando. Het gaat om de groep die later bekend zal worden onder de naam 26koper.","still":"https:\/\/img-opt.cdn.smartvod.com\/smartvod\/images\/videoland\/data\/images\/l\/k\/61a4efa2ee9b5_[format].jpg","runtime":1905,"editions":{"hd":{"price":0}},"is_downloadable":true},"E91996":{"id":91996,"ref":"E91996","type":"episode","position":5,"title":"De Jacht Op Moordcommando's","description":"Als er in een auto wapens worden aangetroffen, krijgt de politie ook in Amsterdam zicht op een moordcommando. De officier van justitie neemt een ongekend heldhaftige beslissing. Het resultaat is een keiharde confrontatie in een Amsterdamse woonwijk. In januari 2017 wordt wederom een verkeerde persoon doodgeschoten, maar wie was het eigenlijke doelwit?","still":"https:\/\/img-opt.cdn.smartvod.com\/smartvod\/images\/videoland\/data\/images\/t\/b\/61aa460b821fc_[format].jpg","runtime":1887,"editions":{"hd":{"price":0}},"is_downloadable":true},"E92000":{"id":92000,"ref":"E92000","type":"episode","position":6,"title":"Een Vlucht Naar Vrijheid","description":"De groep rond topcrimineel Benaouf A. komt groot in het nieuws als ze proberen hun kopstuk te bevrijden uit de gevangenis in Roermond. Een ontsnappingspoging die zo in een filmscript past. In Amsterdam verdwijnt de 'Godmother of Coke' Naima Jillal, een mysterieuze vrouw binnen de Mocro Maffia.","still":"https:\/\/img-opt.cdn.smartvod.com\/smartvod\/images\/videoland\/data\/images\/c\/l\/61b76377c86ed_[format].jpg","runtime":2001,"editions":{"hd":{"price":0}},"is_downloadable":true},"E91993":{"id":91993,"ref":"E91993","type":"episode","position":7,"title":"Nederland In Shock","description":"John reconstrueert in Brazili\u00eb de arrestatie van Taghi's belangrijkste 'hitman' Gerel P. Hoe wist de recherche hem op te sporen in de miljoenenstad Rio de Janeiro? En in Amsterdam wordt misdaadverslaggever Peter R. de Vries, de vertrouwenspersoon van de kroongetuige, op klaarlichte dag doodgeschoten. Waar stopt deze onderwereldoorlog?","still":"https:\/\/img-opt.cdn.smartvod.com\/smartvod\/images\/videoland\/data\/images\/n\/1\/61c0e323b1e15_[format].jpg","runtime":2231,"editions":{"hd":{"price":0}},"is_downloadable":true}}}