{"id":595,"ref":"S595","type":"series","title":"Kees en Co","year":2006,"rating":3,"poster":"https:\/\/img-opt.cdn.smartvod.com\/smartvod\/images\/videoland\/data\/images\/v\/0\/58c267074cb5a_[format].jpg","still":"https:\/\/img-opt.cdn.smartvod.com\/smartvod\/images\/videoland\/data\/images\/g\/s\/581b587b7e57a_[format].jpg","cast":{"actors":["Simone Kleinsma","Rik Hoogendoorn","Amber Teterissa"]},"genres":["Komedie","Familie"],"refs":["SN1023","SN1039","SN1155","SN1195","SN1231","SN1353","SN1521","SN1523"],"is_adult":false,"is_kids":false,"is_available":true,"description":"Nederlandse comedyserie over het leven van Kees Heistee, haar gezin en haar beste vriendin en tevens overbuurvrouw Sonja.","nicam":{"al":"Alle leeftijden"},"language":"nl","language_full":"Nederlands","details":{"SN1023":{"id":1023,"ref":"SN1023","type":"season","title":"1","position":1},"SN1039":{"id":1039,"ref":"SN1039","type":"season","title":"2","position":2,"refs":["E37683","E37685","E37687","E37689","E37691","E37693","E37695","E37697","E37699","E37701","E37705","E37707","E37703"]},"SN1155":{"id":1155,"ref":"SN1155","type":"season","title":"3","position":3},"SN1195":{"id":1195,"ref":"SN1195","type":"season","title":"4","position":4},"SN1231":{"id":1231,"ref":"SN1231","type":"season","title":"5","position":5},"SN1353":{"id":1353,"ref":"SN1353","type":"season","title":"6","position":6},"SN1521":{"id":1521,"ref":"SN1521","type":"season","title":"7","position":7},"SN1523":{"id":1523,"ref":"SN1523","type":"season","title":"8","position":8},"E37683":{"id":37683,"ref":"E37683","type":"episode","position":1,"title":"Sonja's Trouwdag","description":"Op de trouwdag van Sonja gaat alles mis. Kees laat de catering in het honderd lopen en komt met haar hoofd vast te zitten in een kattenluik. Rudie wordt ziek aangetroffen in zijn bed en moet naar het ziekenhuis.","still":"https:\/\/img-opt.cdn.smartvod.com\/smartvod\/images\/videoland\/data\/images\/s\/8\/55dc3afeef66b_[format].png","runtime":1554,"editions":{"sd":{"price":0}},"is_downloadable":true},"E37685":{"id":37685,"ref":"E37685","type":"episode","position":2,"title":"Wat Is Liefde?","description":"De mooiste dag van je leven wel eens anders lopen dan gepland. Helemaal als je op weg naar je eigen huwelijk een onbekende, maar bijzonder knappe man tegenkomt die je alle nadelen van het huwelijk onder je neus wrijft. Vaderlijke pogingen om zoon Rudie uit te leggen wat liefde is, vallen verkeerd.","still":"https:\/\/img-opt.cdn.smartvod.com\/smartvod\/images\/videoland\/data\/images\/e\/r\/55d48fdfd7ca8_[format].JPG","runtime":1446,"editions":{"sd":{"price":0}},"is_downloadable":true},"E37687":{"id":37687,"ref":"E37687","type":"episode","position":3,"title":"Rudies Dagboek","description":"Kees ondervindt dat stofzuigers veel meer kunnen dan alleen stofzuigen. Rudie komt erachter dat je zelfs in een geheim dagboek op je woorden moet letten. Sonja's cateringactiviteiten krijgen concurrentie van de oudste bedrijfstak ter wereld.","still":"https:\/\/img-opt.cdn.smartvod.com\/smartvod\/images\/videoland\/data\/images\/8\/f\/55d4901aa1373_[format].JPG","runtime":1468,"editions":{"sd":{"price":0}},"is_downloadable":true},"E37689":{"id":37689,"ref":"E37689","type":"episode","position":4,"title":"Verslaafd","description":"Dankzij een aantal 'sporters' met een bijzonder beroep kan Sonja nooit meer met de auto. Ben ontdekt dat je zelfs van een goudvis iets kunt leren. Kruip nooit in de huid van een ander en zeker niet als het om een oude kennis gaat.","still":"https:\/\/img-opt.cdn.smartvod.com\/smartvod\/images\/videoland\/data\/images\/4\/m\/55d4903c12cdc_[format].JPG","runtime":1508,"editions":{"sd":{"price":0}},"is_downloadable":true},"E37691":{"id":37691,"ref":"E37691","type":"episode","position":5,"title":"De Grote Klus","description":"Met een bankpasje kun je veel meer dan alleen geld opnemen. Heb je voor de spermabank ook een pincode nodig? En wat doe je als je wel de ideale baby hebt, maar nog niet de ideale vader?","still":"https:\/\/img-opt.cdn.smartvod.com\/smartvod\/images\/videoland\/data\/images\/m\/b\/55d4905f418ed_[format].JPG","runtime":1445,"editions":{"sd":{"price":0}},"is_downloadable":true},"E37693":{"id":37693,"ref":"E37693","type":"episode","position":6,"title":"Beam Me Up Scotty","description":"Een zekere Meneer Kurk pikt op een oneerlijke manier klanten af van de firma Warm Water BV. Ben laat dit niet zomaar gebeuren, maar komt er tot zijn verbijstering al snel achter dat er meer is tussen hemel en aarde.","still":"https:\/\/img-opt.cdn.smartvod.com\/smartvod\/images\/videoland\/data\/images\/2\/t\/55d4915a9e13e_[format].JPG","runtime":1383,"editions":{"sd":{"price":0}},"is_downloadable":true},"E37695":{"id":37695,"ref":"E37695","type":"episode","position":7,"title":"Vakantie in Florida","description":"Na jarenlang sparen is het er dan eindelijk van gekomen: Vakantie! Als het hard waait in Florida moet de familie een keus maken: of drie weken onder een golfplaat in Florida of terug naar Nederland. Als de familie besluit om terug te gaan naar Nederland ondervinden ze dat wind van richting kan veranderen.","still":"https:\/\/img-opt.cdn.smartvod.com\/smartvod\/images\/videoland\/data\/images\/o\/4\/55d491936cc2d_[format].JPG","runtime":1529,"editions":{"sd":{"price":0}},"is_downloadable":true},"E37697":{"id":37697,"ref":"E37697","type":"episode","position":8,"title":"Aangenaam Kennis Te Maken","description":"Een auto aanschaffen blijkt een zenuwslopende zaak te zijn wanneer de een voor praktisch kiest en de ander voor mooi.","still":"https:\/\/img-opt.cdn.smartvod.com\/smartvod\/images\/videoland\/data\/images\/q\/f\/55d49246ce406_[format].JPG","runtime":1571,"editions":{"sd":{"price":0}},"is_downloadable":true},"E37699":{"id":37699,"ref":"E37699","type":"episode","position":9,"title":"Een Goed Gesprek","description":"Kees wil dat er een avondje geen televisie gekeken kan worden en zorgt ervoor dat de stoppen doorslaan. Maar het gezellig maken is niet zo gemakkelijk en zeker niet als alle benodigdheden voor je plan in de slaapkamer liggen waar het licht het niet doet.","still":"https:\/\/img-opt.cdn.smartvod.com\/smartvod\/images\/videoland\/data\/images\/r\/6\/55d4926941bfc_[format].JPG","runtime":1548,"editions":{"sd":{"price":0}},"is_downloadable":true},"E37701":{"id":37701,"ref":"E37701","type":"episode","position":10,"title":"Voorspoed en Geluk","description":"Een kettingbrief die geluk brengt? Kees is nuchter genoeg om zich niet met die onzin in te laten en verscheurt de brief. Toch raakt ze aan het twijfelen als de dag erna een gehate kennis komt logeren, er een grote opdracht wordt afgezegd en ze een wielklem krijgt. De paniek slaat pas echt toe als Ben die dag zijn eerste parachutesprong moet maken.","still":"https:\/\/img-opt.cdn.smartvod.com\/smartvod\/images\/videoland\/data\/images\/q\/h\/55d4928ea00db_[format].JPG","runtime":1505,"editions":{"sd":{"price":0}},"is_downloadable":true},"E37705":{"id":37705,"ref":"E37705","type":"episode","position":11,"title":"Rampen","description":"Een videorecorder programmeren met een onbegrijpelijke gebruiksaanwijzing leidt ertoe dat je dochter over borstvergroting begint, Sonja misschien toch zwanger is en de brandweer gebeld moet worden.","still":"https:\/\/img-opt.cdn.smartvod.com\/smartvod\/images\/videoland\/data\/images\/x\/x\/55d492d59156a_[format].JPG","runtime":1519,"editions":{"sd":{"price":0}},"is_downloadable":true},"E37707":{"id":37707,"ref":"E37707","type":"episode","position":12,"title":"Je Leeft Maar Twee Keer","description":"Als je huis in vlammen opgaat heb je geen tijd voor onbenulligheden. Zelfs niet voor ontsnapte gifslangen. Ben is zo gefixeerd op zijn videorecorder dat hem het een en ander ontgaat. Pas als hij hoort dat zijn schoonmoeder plotseling bij hem wil komen wonen, wordt hij weer geconfronteerd met de harde realiteit.","still":"https:\/\/img-opt.cdn.smartvod.com\/smartvod\/images\/videoland\/data\/images\/e\/4\/55d492fd51af9_[format].JPG","runtime":1331,"editions":{"sd":{"price":0}},"is_downloadable":true},"E37703":{"id":37703,"ref":"E37703","type":"episode","position":13,"title":"De Kat Van De Buren","description":"Kees ligt met een griepje op bed en vertrouwt er niet op dat de rest van de familie het huishouden draaiende kan houden. Met behulp van een verrekijker houdt ze de boel in de gaten en raakt ze ervan overtuigd dat men iets voor haar verborgen houdt. Met een verrekijker zie je veel, maar hoor je niets dus kan je fantasie aardig met je op de loop gaan.","still":"https:\/\/img-opt.cdn.smartvod.com\/smartvod\/images\/videoland\/data\/images\/p\/b\/55d492b16b8c1_[format].JPG","runtime":1437,"editions":{"sd":{"price":0}},"is_downloadable":true}}}