{"id":500404,"ref":"S500404","type":"series","title":"RTL Nieuws","year":2022,"rating":5,"poster":"https:\/\/img-opt.cdn.smartvod.com\/smartvod\/images\/videoland\/data\/images\/d\/d\/5ef5a693d5f84_[format].jpg","still":"https:\/\/img-opt.cdn.smartvod.com\/smartvod\/images\/videoland\/data\/images\/o\/e\/5ef5a6a442ab1_[format].jpg","cast":{},"genres":["Nieuws en Actualiteit"],"refs":["SN4724","SN4695","SN4694","SN4693","SN4692","SN3978","SN3994","SN3985","SN3990","SN3991"],"is_adult":false,"is_kids":false,"is_available":true,"description":"Dagelijks het laatste nieuws uit binnen- en buitenland. Voor nog meer nieuws kunt u ook gebruikmaken van onze mobiele apps.","nicam":{},"language":"nl","language_full":"Nederlands","details":{"SN4724":{"id":4724,"ref":"SN4724","type":"season","title":"2022 06:30","position":1},"SN4695":{"id":4695,"ref":"SN4695","type":"season","title":"2022 09:00","position":2},"SN4694":{"id":4694,"ref":"SN4694","type":"season","title":"2022 18:00","position":3},"SN4693":{"id":4693,"ref":"SN4693","type":"season","title":"2022 19:30","position":4},"SN4692":{"id":4692,"ref":"SN4692","type":"season","title":"2022 Laat","position":5},"SN3978":{"id":3978,"ref":"SN3978","type":"season","title":"2021 06:30","position":6},"SN3994":{"id":3994,"ref":"SN3994","type":"season","title":"2021 09:00","position":7},"SN3985":{"id":3985,"ref":"SN3985","type":"season","title":"2021 18:00","position":8,"refs":["E92801","E92800","E92802","E92932","E92923","E93122","E93125","E93135","E93139","E93175","E93198","E93212","E93203","E93453","E93445","E93441","E93444","E93491","E93510","E93498","E93544","E93553","E93550","E93556","E93754","E93739","E93757","E93926","E93885","E93912","E93896","E93934","E93904","E93899","E93928","E93891"]},"SN3990":{"id":3990,"ref":"SN3990","type":"season","title":"2021 19:30","position":9},"SN3991":{"id":3991,"ref":"SN3991","type":"season","title":"2021 Laat","position":10},"E92801":{"id":92801,"ref":"E92801","type":"episode","position":330,"title":"18:00 uur - Vr 26-11-2021","description":"Dagelijks het laatste nieuws uit binnen- en buitenland. Voor nog meer nieuws kunt u ook gebruikmaken van onze mobiele apps.","still":"https:\/\/img-opt.cdn.smartvod.com\/smartvod\/images\/videoland\/data\/images\/v\/p\/619e389129b75_[format].jpg","runtime":600,"editions":{"hd":{"price":0}},"is_downloadable":false},"E92800":{"id":92800,"ref":"E92800","type":"episode","position":331,"title":"18:00 uur - Za 27-11-2021","description":"Dagelijks het laatste nieuws uit binnen- en buitenland. Voor nog meer nieuws kunt u ook gebruikmaken van onze mobiele apps.","still":"https:\/\/img-opt.cdn.smartvod.com\/smartvod\/images\/videoland\/data\/images\/z\/u\/619e38ab09ff3_[format].jpg","runtime":600,"editions":{"hd":{"price":0}},"is_downloadable":false},"E92802":{"id":92802,"ref":"E92802","type":"episode","position":332,"title":"18:00 uur - Zo 28-11-2021","description":"Dagelijks het laatste nieuws uit binnen- en buitenland. Voor nog meer nieuws kunt u ook gebruikmaken van onze mobiele apps.","still":"https:\/\/img-opt.cdn.smartvod.com\/smartvod\/images\/videoland\/data\/images\/z\/x\/61a66b59c063c_[format].jpg","runtime":600,"editions":{"hd":{"price":0}},"is_downloadable":false},"E92932":{"id":92932,"ref":"E92932","type":"episode","position":333,"title":"18:00 uur - Ma 29-11-2021","description":"Dagelijks het laatste nieuws uit binnen- en buitenland. Voor nog meer nieuws kunt u ook gebruikmaken van onze mobiele apps.","still":"https:\/\/img-opt.cdn.smartvod.com\/smartvod\/images\/videoland\/data\/images\/5\/f\/61a66c937e31e_[format].jpg","runtime":600,"editions":{"hd":{"price":0}},"is_downloadable":false},"E92923":{"id":92923,"ref":"E92923","type":"episode","position":334,"title":"18:00 uur - Di 30-11-2021","description":"Dagelijks het laatste nieuws uit binnen- en buitenland. Voor nog meer nieuws kunt u ook gebruikmaken van onze mobiele apps.","still":"https:\/\/img-opt.cdn.smartvod.com\/smartvod\/images\/videoland\/data\/images\/e\/q\/61a66c99bd8b8_[format].jpg","runtime":600,"editions":{"hd":{"price":0}},"is_downloadable":false},"E93122":{"id":93122,"ref":"E93122","type":"episode","position":335,"title":"18:00 uur - Wo 1-12-2021","description":"Dagelijks het laatste nieuws uit binnen- en buitenland. Voor nog meer nieuws kunt u ook gebruikmaken van onze mobiele apps.","still":"https:\/\/img-opt.cdn.smartvod.com\/smartvod\/images\/videoland\/data\/images\/s\/h\/61a66ed7596b0_[format].jpg","runtime":600,"editions":{"hd":{"price":0}},"is_downloadable":false},"E93125":{"id":93125,"ref":"E93125","type":"episode","position":336,"title":"18:00 uur - Do 2-12-2021","description":"Dagelijks het laatste nieuws uit binnen- en buitenland. Voor nog meer nieuws kunt u ook gebruikmaken van onze mobiele apps.","still":"https:\/\/img-opt.cdn.smartvod.com\/smartvod\/images\/videoland\/data\/images\/0\/9\/61a671344364d_[format].jpg","runtime":600,"editions":{"hd":{"price":0}},"is_downloadable":false},"E93135":{"id":93135,"ref":"E93135","type":"episode","position":337,"title":"18:00 uur - Vr 3-12-2021","description":"Dagelijks het laatste nieuws uit binnen- en buitenland. Voor nog meer nieuws kunt u ook gebruikmaken van onze mobiele apps.","still":"https:\/\/img-opt.cdn.smartvod.com\/smartvod\/images\/videoland\/data\/images\/y\/k\/61a6726970d4d_[format].jpg","runtime":600,"editions":{"hd":{"price":0}},"is_downloadable":false},"E93139":{"id":93139,"ref":"E93139","type":"episode","position":338,"title":"18:00 uur - Za 4-12-2021","description":"Dagelijks het laatste nieuws uit binnen- en buitenland. Voor nog meer nieuws kunt u ook gebruikmaken van onze mobiele apps.","still":"https:\/\/img-opt.cdn.smartvod.com\/smartvod\/images\/videoland\/data\/images\/q\/z\/61aa3b80a5d59_[format].jpg","runtime":600,"editions":{"hd":{"price":0}},"is_downloadable":false},"E93175":{"id":93175,"ref":"E93175","type":"episode","position":339,"title":"18:00 uur - Zo 5-12-2021","description":"Dagelijks het laatste nieuws uit binnen- en buitenland. Voor nog meer nieuws kunt u ook gebruikmaken van onze mobiele apps.","still":"https:\/\/img-opt.cdn.smartvod.com\/smartvod\/images\/videoland\/data\/images\/m\/l\/61aa4286b3787_[format].jpg","runtime":600,"editions":{"hd":{"price":0}},"is_downloadable":false},"E93198":{"id":93198,"ref":"E93198","type":"episode","position":340,"title":"18:00 uur - Ma 6-12-2021","description":"Dagelijks het laatste nieuws uit binnen- en buitenland. Voor nog meer nieuws kunt u ook gebruikmaken van onze mobiele apps.","still":"https:\/\/img-opt.cdn.smartvod.com\/smartvod\/images\/videoland\/data\/images\/3\/e\/61ae48710a613_[format].jpg","runtime":600,"editions":{"hd":{"price":0}},"is_downloadable":false},"E93212":{"id":93212,"ref":"E93212","type":"episode","position":341,"title":"18:00 uur - Di 7-12-2021","description":"Dagelijks het laatste nieuws uit binnen- en buitenland. Voor nog meer nieuws kunt u ook gebruikmaken van onze mobiele apps.","still":"https:\/\/img-opt.cdn.smartvod.com\/smartvod\/images\/videoland\/data\/images\/q\/0\/61aa461d3f9d3_[format].jpg","runtime":600,"editions":{"hd":{"price":0}},"is_downloadable":false},"E93203":{"id":93203,"ref":"E93203","type":"episode","position":342,"title":"18:00 uur - Wo 8-12-2021","description":"Dagelijks het laatste nieuws uit binnen- en buitenland. Voor nog meer nieuws kunt u ook gebruikmaken van onze mobiele apps.","still":"https:\/\/img-opt.cdn.smartvod.com\/smartvod\/images\/videoland\/data\/images\/s\/f\/61b2210a3fc23_[format].jpg","runtime":600,"editions":{"hd":{"price":0}},"is_downloadable":false},"E93453":{"id":93453,"ref":"E93453","type":"episode","position":343,"title":"18:00 uur - Do 9-12-2021","description":"Dagelijks het laatste nieuws uit binnen- en buitenland. Voor nog meer nieuws kunt u ook gebruikmaken van onze mobiele apps.","still":"https:\/\/img-opt.cdn.smartvod.com\/smartvod\/images\/videoland\/data\/images\/n\/8\/61b3841b89351_[format].jpg","runtime":600,"editions":{"hd":{"price":0}},"is_downloadable":false},"E93445":{"id":93445,"ref":"E93445","type":"episode","position":344,"title":"18:00 uur - Vr 10-12-2021","description":"Dagelijks het laatste nieuws uit binnen- en buitenland. Voor nog meer nieuws kunt u ook gebruikmaken van onze mobiele apps.","still":"https:\/\/img-opt.cdn.smartvod.com\/smartvod\/images\/videoland\/data\/images\/z\/i\/61b3841164747_[format].jpg","runtime":600,"editions":{"hd":{"price":0}},"is_downloadable":false},"E93441":{"id":93441,"ref":"E93441","type":"episode","position":345,"title":"18:00 uur - Za 11-12-2021","description":"Dagelijks het laatste nieuws uit binnen- en buitenland. Voor nog meer nieuws kunt u ook gebruikmaken van onze mobiele apps.","still":"https:\/\/img-opt.cdn.smartvod.com\/smartvod\/images\/videoland\/data\/images\/i\/j\/61b5c5e4a88e0_[format].jpg","runtime":600,"editions":{"hd":{"price":0}},"is_downloadable":false},"E93444":{"id":93444,"ref":"E93444","type":"episode","position":346,"title":"18:00 uur - Zo 12-12-2021","description":"Dagelijks het laatste nieuws uit binnen- en buitenland. Voor nog meer nieuws kunt u ook gebruikmaken van onze mobiele apps.","still":"https:\/\/img-opt.cdn.smartvod.com\/smartvod\/images\/videoland\/data\/images\/5\/b\/61b5c5f98c1d7_[format].jpg","runtime":600,"editions":{"hd":{"price":0}},"is_downloadable":false},"E93491":{"id":93491,"ref":"E93491","type":"episode","position":347,"title":"18:00 uur - Ma 13-12-2021","description":"Dagelijks het laatste nieuws uit binnen- en buitenland. Voor nog meer nieuws kunt u ook gebruikmaken van onze mobiele apps.","still":"https:\/\/img-opt.cdn.smartvod.com\/smartvod\/images\/videoland\/data\/images\/e\/3\/61b5c723f2988_[format].jpg","runtime":600,"editions":{"hd":{"price":0}},"is_downloadable":false},"E93510":{"id":93510,"ref":"E93510","type":"episode","position":348,"title":"18:00 uur - Di 14-12-2021","description":"Dagelijks het laatste nieuws uit binnen- en buitenland. Voor nog meer nieuws kunt u ook gebruikmaken van onze mobiele apps.","still":"https:\/\/img-opt.cdn.smartvod.com\/smartvod\/images\/videoland\/data\/images\/5\/z\/61ba01f7e62bd_[format].jpg","runtime":600,"editions":{"hd":{"price":0}},"is_downloadable":false},"E93498":{"id":93498,"ref":"E93498","type":"episode","position":349,"title":"18:00 uur - Wo 15-12-2021","description":"Dagelijks het laatste nieuws uit binnen- en buitenland. Voor nog meer nieuws kunt u ook gebruikmaken van onze mobiele apps.","still":"https:\/\/img-opt.cdn.smartvod.com\/smartvod\/images\/videoland\/data\/images\/f\/3\/61ba01f063c2d_[format].jpg","runtime":600,"editions":{"hd":{"price":0}},"is_downloadable":false},"E93544":{"id":93544,"ref":"E93544","type":"episode","position":350,"title":"18:00 uur - Do 16-12-2021","description":"Dagelijks het laatste nieuws uit binnen- en buitenland. Voor nog meer nieuws kunt u ook gebruikmaken van onze mobiele apps.","still":"https:\/\/img-opt.cdn.smartvod.com\/smartvod\/images\/videoland\/data\/images\/u\/i\/61ba0eaf1867e_[format].jpg","runtime":600,"editions":{"hd":{"price":0}},"is_downloadable":false},"E93553":{"id":93553,"ref":"E93553","type":"episode","position":351,"title":"18:00 uur - Vr 17-12-2021","description":"Dagelijks het laatste nieuws uit binnen- en buitenland. Voor nog meer nieuws kunt u ook gebruikmaken van onze mobiele apps.","still":"https:\/\/img-opt.cdn.smartvod.com\/smartvod\/images\/videoland\/data\/images\/j\/9\/61bc5d5b6b0ce_[format].jpg","runtime":600,"editions":{"hd":{"price":0}},"is_downloadable":false},"E93550":{"id":93550,"ref":"E93550","type":"episode","position":352,"title":"18:00 uur - Za 18-12-2021","description":"Dagelijks het laatste nieuws uit binnen- en buitenland. Voor nog meer nieuws kunt u ook gebruikmaken van onze mobiele apps.","still":"https:\/\/img-opt.cdn.smartvod.com\/smartvod\/images\/videoland\/data\/images\/0\/2\/61bc5fb574743_[format].jpg","runtime":600,"editions":{"hd":{"price":0}},"is_downloadable":false},"E93556":{"id":93556,"ref":"E93556","type":"episode","position":353,"title":"18:00 uur - Zo 19-12-2021","description":"Dagelijks het laatste nieuws uit binnen- en buitenland. Voor nog meer nieuws kunt u ook gebruikmaken van onze mobiele apps.","still":"https:\/\/img-opt.cdn.smartvod.com\/smartvod\/images\/videoland\/data\/images\/p\/4\/61c372413c110_[format].jpg","runtime":600,"editions":{"hd":{"price":0}},"is_downloadable":false},"E93754":{"id":93754,"ref":"E93754","type":"episode","position":354,"title":"18:00 uur - Ma 20-12-2021","description":"Dagelijks het laatste nieuws uit binnen- en buitenland. Voor nog meer nieuws kunt u ook gebruikmaken van onze mobiele apps.","still":"https:\/\/img-opt.cdn.smartvod.com\/smartvod\/images\/videoland\/data\/images\/u\/k\/61c37381ac36e_[format].jpg","runtime":600,"editions":{"hd":{"price":0}},"is_downloadable":false},"E93739":{"id":93739,"ref":"E93739","type":"episode","position":355,"title":"18:00 uur - Di 21-12-2021","description":"Dagelijks het laatste nieuws uit binnen- en buitenland. Voor nog meer nieuws kunt u ook gebruikmaken van onze mobiele apps.","still":"https:\/\/img-opt.cdn.smartvod.com\/smartvod\/images\/videoland\/data\/images\/s\/u\/61c376e31c7ca_[format].jpg","runtime":600,"editions":{"hd":{"price":0}},"is_downloadable":false},"E93757":{"id":93757,"ref":"E93757","type":"episode","position":356,"title":"18:00 uur - Wo 22-12-2021","description":"Dagelijks het laatste nieuws uit binnen- en buitenland. Voor nog meer nieuws kunt u ook gebruikmaken van onze mobiele apps.","still":"https:\/\/img-opt.cdn.smartvod.com\/smartvod\/images\/videoland\/data\/images\/f\/4\/61c37cd06a0ab_[format].jpg","runtime":600,"editions":{"hd":{"price":0}},"is_downloadable":false},"E93926":{"id":93926,"ref":"E93926","type":"episode","position":357,"title":"18:00 uur - Do 23-12-2021","description":"Dagelijks het laatste nieuws uit binnen- en buitenland. Voor nog meer nieuws kunt u ook gebruikmaken van onze mobiele apps.","still":"https:\/\/img-opt.cdn.smartvod.com\/smartvod\/images\/videoland\/data\/images\/5\/h\/61c37e151c18c_[format].jpg","runtime":600,"editions":{"hd":{"price":0}},"is_downloadable":false},"E93885":{"id":93885,"ref":"E93885","type":"episode","position":358,"title":"18:00 uur - Vr 24-12-2021","description":"Dagelijks het laatste nieuws uit binnen- en buitenland. Voor nog meer nieuws kunt u ook gebruikmaken van onze mobiele apps.","still":"https:\/\/img-opt.cdn.smartvod.com\/smartvod\/images\/videoland\/data\/images\/5\/h\/61cb1e5515718_[format].jpg","runtime":600,"editions":{"hd":{"price":0}},"is_downloadable":false},"E93912":{"id":93912,"ref":"E93912","type":"episode","position":359,"title":"18:00 uur - Za 25-12-2021","description":"Dagelijks het laatste nieuws uit binnen- en buitenland. Voor nog meer nieuws kunt u ook gebruikmaken van onze mobiele apps.","still":"https:\/\/img-opt.cdn.smartvod.com\/smartvod\/images\/videoland\/data\/images\/x\/i\/61cb1e5a8039c_[format].jpg","runtime":600,"editions":{"hd":{"price":0}},"is_downloadable":false},"E93896":{"id":93896,"ref":"E93896","type":"episode","position":360,"title":"18:00 uur - Zo 26-12-2021","description":"Dagelijks het laatste nieuws uit binnen- en buitenland. Voor nog meer nieuws kunt u ook gebruikmaken van onze mobiele apps.","still":"https:\/\/img-opt.cdn.smartvod.com\/smartvod\/images\/videoland\/data\/images\/x\/3\/61c9d87d3760d_[format].jpg","runtime":600,"editions":{"hd":{"price":0}},"is_downloadable":false},"E93934":{"id":93934,"ref":"E93934","type":"episode","position":361,"title":"18:00 uur - Ma 27-12-2021","description":"Dagelijks het laatste nieuws uit binnen- en buitenland. Voor nog meer nieuws kunt u ook gebruikmaken van onze mobiele apps.","still":"https:\/\/img-opt.cdn.smartvod.com\/smartvod\/images\/videoland\/data\/images\/q\/f\/61cb1e40df957_[format].jpg","runtime":600,"editions":{"hd":{"price":0}},"is_downloadable":false},"E93904":{"id":93904,"ref":"E93904","type":"episode","position":362,"title":"18:00 uur - Di 28-12-2021","description":"Dagelijks het laatste nieuws uit binnen- en buitenland. Voor nog meer nieuws kunt u ook gebruikmaken van onze mobiele apps.","still":"https:\/\/img-opt.cdn.smartvod.com\/smartvod\/images\/videoland\/data\/images\/0\/b\/61cb1e589a7be_[format].jpg","runtime":600,"editions":{"hd":{"price":0}},"is_downloadable":false},"E93899":{"id":93899,"ref":"E93899","type":"episode","position":363,"title":"18:00 uur - Wo 29-12-2021","description":"Dagelijks het laatste nieuws uit binnen- en buitenland. Voor nog meer nieuws kunt u ook gebruikmaken van onze mobiele apps.","still":"https:\/\/img-opt.cdn.smartvod.com\/smartvod\/images\/videoland\/data\/images\/9\/1\/61cb21d5b9535_[format].jpg","runtime":600,"editions":{"hd":{"price":0}},"is_downloadable":false},"E93928":{"id":93928,"ref":"E93928","type":"episode","position":364,"title":"18:00 uur - Do 30-12-2021","description":"Dagelijks het laatste nieuws uit binnen- en buitenland. Voor nog meer nieuws kunt u ook gebruikmaken van onze mobiele apps.","still":"https:\/\/img-opt.cdn.smartvod.com\/smartvod\/images\/videoland\/data\/images\/e\/f\/61cb323508473_[format].jpg","runtime":600,"editions":{"hd":{"price":0}},"is_downloadable":false},"E93891":{"id":93891,"ref":"E93891","type":"episode","position":365,"title":"18:00 uur - Vr 31-12-2021","description":"Dagelijks het laatste nieuws uit binnen- en buitenland. Voor nog meer nieuws kunt u ook gebruikmaken van onze mobiele apps.","still":"https:\/\/img-opt.cdn.smartvod.com\/smartvod\/images\/videoland\/data\/images\/o\/b\/61cb324d83698_[format].jpg","runtime":600,"editions":{"hd":{"price":0}},"is_downloadable":false}}}