{"id":619,"ref":"S619","type":"series","title":"Goede Tijden, Slechte Tijden (GTST)","year":2022,"rating":5,"poster":"https:\/\/img-opt.cdn.smartvod.com\/smartvod\/images\/videoland\/data\/images\/x\/b\/63048d4134624_[format].jpg","still":"https:\/\/img-opt.cdn.smartvod.com\/smartvod\/images\/videoland\/data\/images\/1\/q\/5f4e039d1b90c_[format].jpg","cast":{"actors":["Jette van der Meij","Caroline de Bruijn","Erik de Vogel","Marly van der Velden","Ferry Doedens","Stephanie van Eer"]},"genres":["Drama"],"refs":["SN1089","SN1297","SN1609","SN1731","SN1948","SN2133","SN2437","SN2595","SN2947","SN3111","SN3686","SN3966","SN4392","SN4710","SN5124"],"is_adult":false,"is_kids":false,"is_available":true,"description":"Nederlandse soapserie over de perikelen rondom verschillende families in het plaatsje Meerdijk.","nicam":{"12":"Mogelijk schadelijk tot 12 jaar","geweld":"Geweld","angst":"Angst","seks":"Seks","taalgebruik":"Grof Taalgebruik"},"language":"nl","language_full":"Nederlands","details":{"SN1089":{"id":1089,"ref":"SN1089","type":"season","title":"Najaar 2015","position":1},"SN1297":{"id":1297,"ref":"SN1297","type":"season","title":"Voorjaar 2016","position":2},"SN1609":{"id":1609,"ref":"SN1609","type":"season","title":"Najaar 2016","position":3},"SN1731":{"id":1731,"ref":"SN1731","type":"season","title":"Voorjaar 2017","position":4},"SN1948":{"id":1948,"ref":"SN1948","type":"season","title":"Najaar 2017","position":5},"SN2133":{"id":2133,"ref":"SN2133","type":"season","title":"Voorjaar 2018","position":6},"SN2437":{"id":2437,"ref":"SN2437","type":"season","title":"Najaar 2018","position":7},"SN2595":{"id":2595,"ref":"SN2595","type":"season","title":"Voorjaar 2019","position":8},"SN2947":{"id":2947,"ref":"SN2947","type":"season","title":"Najaar 2019","position":9},"SN3111":{"id":3111,"ref":"SN3111","type":"season","title":"Voorjaar 2020","position":10,"refs":["E71280","E71292","E71291","E71290","E71289","E71284","E71282","E71283","E71287","E71288","E71286","E71285","E71596","E71775","E71765","E71770","E71772","E71769","E71773","E71777","E71782","E71767","E71779","E71783","E71780","E71784","E71766","E71778","E71764","E71774","E71787","E71785","E71776","E71795","E71781","E71794","E71768","E71763","E71788","E71805","E71813","E71814","E71812","E71807","E71802","E71810","E72664","E72665","E72869","E72870","E72872","E72871","E72873","E73046","E73042","E73043","E73044","E73045","E73089","E73096","E73090","E73088","E73091","E73205","E73204","E73206","E73207","E73208","E73210","E73209","E73272","E73274","E73276","E73273","E73271","E73275","E73278","E73277","E73563","E73566","E73565","E73564","E73846","E73844","E73845","E73843","E73951","E73949","E73950","E73952","E74128","E74130","E74129","E74131","E74423","E74422","E74424","E74425"]},"SN3686":{"id":3686,"ref":"SN3686","type":"season","title":"Najaar 2020","position":11},"SN3966":{"id":3966,"ref":"SN3966","type":"season","title":"Voorjaar 2021","position":12},"SN4392":{"id":4392,"ref":"SN4392","type":"season","title":"Najaar 2021","position":13},"SN4710":{"id":4710,"ref":"SN4710","type":"season","title":"Voorjaar 2022","position":14},"SN5124":{"id":5124,"ref":"SN5124","type":"season","title":"Najaar 2022","position":15},"E71280":{"id":71280,"ref":"E71280","type":"episode","position":1,"title":"Afl 6158 Wo 1 Jan","description":"Uitzending RTL 4: Wo 1 Jan Door al het gedoe is Nina de afspraak met de sponsor van de modeshow vergeten. Om dit tekort op te vangen, gaat Lucas op zoek naar een geldschieter. Valentijn heeft een nieuwe aanbidster.","still":"https:\/\/img-opt.cdn.smartvod.com\/smartvod\/images\/videoland\/data\/images\/w\/0\/5e0226ca07929_[format].jpg","runtime":1304,"editions":{"hd":{"price":0}},"is_downloadable":true},"E71292":{"id":71292,"ref":"E71292","type":"episode","position":2,"title":"Afl 6159 Do 2 Jan","description":"Uitzending RTL 4: Do 2 Jan Lana en Bobby regelen een plek waar ze ongestoord samen kunnen zijn. Om zijn zin door te drijven, dreigt Rik met de politie. Billy wordt teleurgesteld en laat Meerdijk achter zich.","still":"https:\/\/img-opt.cdn.smartvod.com\/smartvod\/images\/videoland\/data\/images\/b\/o\/5e02360348900_[format].jpg","runtime":1320,"editions":{"hd":{"price":0}},"is_downloadable":true},"E71291":{"id":71291,"ref":"E71291","type":"episode","position":3,"title":"Afl 6160 Vr 3 Jan","description":"Uitzending RTL 4: Vr 3 Jan Door de modeshow moet Janine de confrontatie met haar ziekte aangaan. Ludo houdt af wanneer Valentijn hem meevraagt naar de show. Nola ontdekt iets, ontsnapt aan ieders aandacht en doet een goede daad.","still":"https:\/\/img-opt.cdn.smartvod.com\/smartvod\/images\/videoland\/data\/images\/y\/i\/5e0226cf8dba3_[format].jpg","runtime":1166,"editions":{"hd":{"price":0}},"is_downloadable":true},"E71290":{"id":71290,"ref":"E71290","type":"episode","position":4,"title":"Afl 6161 Ma 6 Jan","description":"Uitzending RTL 4: Ma 6 Jan Eva heeft een mooi diner voor Janine geregeld, maar heeft het zelf heel moeilijk. Nina probeert zonder ruzie een gesprek met Bing te voeren. Lucas krijgt slecht nieuws te horen. Bing vraagt Sjors om juridische bijstand.","still":"https:\/\/img-opt.cdn.smartvod.com\/smartvod\/images\/videoland\/data\/images\/3\/0\/5e05c6eabb4d4_[format].jpg","runtime":1316,"editions":{"hd":{"price":0}},"is_downloadable":true},"E71289":{"id":71289,"ref":"E71289","type":"episode","position":5,"title":"Afl 6162 Di 7 Jan","description":"Uitzending RTL 4: Di 7 Jan Lana probeert met een smoes uit huis te ontsnappen. Linda heeft meteen argwaan als ze Anton plezier ziet maken met een andere vrouw. Rik probeert Shanti af te leiden van haar verdriet door een ijskoud initiatief.","still":"https:\/\/img-opt.cdn.smartvod.com\/smartvod\/images\/videoland\/data\/images\/i\/e\/5e061a1de51fe_[format].jpg","runtime":1319,"editions":{"hd":{"price":0}},"is_downloadable":true},"E71284":{"id":71284,"ref":"E71284","type":"episode","position":6,"title":"Afl 6163 Wo 8 Jan","description":"Uitzending RTL 4: Wo 8 Jan Het komt Lana heel goed uit wanneer Laura zich vergist. Amir en Sjors moeten het eens zien te worden over haar activiteiten voor Bing. Daan biedt Nina zijn hulp aan. Puck moet een stiekeme actie verborgen zien te houden.","still":"https:\/\/img-opt.cdn.smartvod.com\/smartvod\/images\/videoland\/data\/images\/p\/i\/5e061c738c779_[format].jpg","runtime":1319,"editions":{"hd":{"price":0}},"is_downloadable":true},"E71282":{"id":71282,"ref":"E71282","type":"episode","position":7,"title":"Afl 6164 Do 9 Jan","description":"Uitzending RTL 4: Do 9 Jan Saskia stuurt de kinderen weg als ze bezoek krijgt. Linda en Shanti vinden het toch moeilijk om in elkaars buurt te zijn. Rik vindt het moeilijk om aan een vriend werk te vragen, maar doet het toch.","still":"https:\/\/img-opt.cdn.smartvod.com\/smartvod\/images\/videoland\/data\/images\/6\/i\/5e0dfaecc3cfc_[format].jpg","runtime":1320,"editions":{"hd":{"price":0}},"is_downloadable":true},"E71283":{"id":71283,"ref":"E71283","type":"episode","position":8,"title":"Afl 6165 Vr 10 Jan","description":"Uitzending RTL 4: Vr 10 Jan Janines goedbedoelde plannen groeien haar boven het hoofd. Nina accepteert Lucas' ontwijkende gedrag niet meer. Bing werkt Puck weg, zodat hij en zijn kinderen kunnen gaan en staan waar ze willen.","still":"https:\/\/img-opt.cdn.smartvod.com\/smartvod\/images\/videoland\/data\/images\/5\/w\/5e0b41e7453af_[format].jpg","runtime":1318,"editions":{"hd":{"price":0}},"is_downloadable":true},"E71287":{"id":71287,"ref":"E71287","type":"episode","position":9,"title":"Afl 6166 Ma 13 Jan","description":"Uitzending RTL 4: Ma 13 Jan Rik is woedend als hij merkt dat Bing de sloten heeft vervangen en Daan weet die woede nog meer aan te wakkeren. Nina denkt dat JoJo meer weet over de verblijfplaats van Bing en de kinderen.","still":"https:\/\/img-opt.cdn.smartvod.com\/smartvod\/images\/videoland\/data\/images\/4\/k\/5e0ef5b23866e_[format].jpg","runtime":1307,"editions":{"hd":{"price":0}},"is_downloadable":true},"E71288":{"id":71288,"ref":"E71288","type":"episode","position":10,"title":"Afl 6167 Di 14 Jan","description":"Uitzending RTL 4: Di 14 Jan Als Lana op weg is naar een geheime afspraak wordt ze gespot. Daan manipuleert Nina om zijn eigen zin door te drijven. Amir krijgt positief nieuws uit het ziekenhuis, maar heeft toch ineens genoeg van zijn situatie.","still":"https:\/\/img-opt.cdn.smartvod.com\/smartvod\/images\/videoland\/data\/images\/g\/9\/5e0f7313145ce_[format].jpg","runtime":1321,"editions":{"hd":{"price":0}},"is_downloadable":true},"E71286":{"id":71286,"ref":"E71286","type":"episode","position":11,"title":"Afl 6168 Wo 15 Jan","description":"Uitzending RTL 4: Wo 15 Jan Rik heeft moeite met wennen aan zijn nieuwe woonruimte. Amir is verbaasd over de uitslag van zijn loopbaantest. Valentijn wil weten hoe Lana tegen hun verkering aankijkt.","still":"https:\/\/img-opt.cdn.smartvod.com\/smartvod\/images\/videoland\/data\/images\/k\/w\/5e13433f82bd1_[format].jpg","runtime":1264,"editions":{"hd":{"price":0}},"is_downloadable":true},"E71285":{"id":71285,"ref":"E71285","type":"episode","position":12,"title":"Afl 6169 Do 16 Jan","description":"Uitzending RTL 4: Do 16 Jan Als Puck haar hulp aanbiedt, wordt Nina wantrouwig. Janine is niet tevreden over de speech die ze voor Eva heeft geschreven. Shanti en Rik zitten opgesloten en moeten lang wachten op bevrijding.","still":"https:\/\/img-opt.cdn.smartvod.com\/smartvod\/images\/videoland\/data\/images\/4\/h\/5e145c7f78d05_[format].jpg","runtime":1311,"editions":{"hd":{"price":0}},"is_downloadable":true},"E71596":{"id":71596,"ref":"E71596","type":"episode","position":13,"title":"Afl 6170 Vr 17 Jan","description":"Uitzending RTL 4: Vr 17 Jan Saskia heeft een probleem als het voetbalteam van Merel komt eten. Daan denkt dat hij Nina zover heeft dat ze Bing wil laten arresteren. Janine loopt achter met haar werk. Als Ludo een oplossing bedenkt, ontploft ze.","still":"https:\/\/img-opt.cdn.smartvod.com\/smartvod\/images\/videoland\/data\/images\/7\/q\/5e145b535e88e_[format].jpg","runtime":1318,"editions":{"hd":{"price":0}},"is_downloadable":true},"E71775":{"id":71775,"ref":"E71775","type":"episode","position":14,"title":"Afl 6171 Ma 20 Jan","description":"Uitzending RTL 4: Ma 20 Jan Lana is nerveus voor de uitspraak van de rechter. Ludo geeft toe dat hij het verprutst heeft bij Janine. Tiffy krijgt een ongelukje, waardoor het hele huis op zijn kop wordt gezet. Daan krijgt mysterieuze informatie.","still":"https:\/\/img-opt.cdn.smartvod.com\/smartvod\/images\/videoland\/data\/images\/9\/c\/5e19ff12e4875_[format].jpg","runtime":1300,"editions":{"hd":{"price":0}},"is_downloadable":true},"E71765":{"id":71765,"ref":"E71765","type":"episode","position":15,"title":"Afl 6172 Di 21 Jan","description":"Uitzending RTL 4: Di 21 Jan Shanti probeert Rik te ontlopen, maar wordt gesnapt. Lucas drijft zijn zin door en walst over Tiffy's gevoelens heen. Valentijn is verbijsterd als hij hoort over Lana en Bobby.","still":"https:\/\/img-opt.cdn.smartvod.com\/smartvod\/images\/videoland\/data\/images\/d\/p\/5e1a03c65c089_[format].jpg","runtime":1313,"editions":{"hd":{"price":0}},"is_downloadable":true},"E71770":{"id":71770,"ref":"E71770","type":"episode","position":16,"title":"Afl 6173 Wo 22 Jan","description":"Uitzending RTL 4: Wo 22 Jan Puck zit al in de problemen door een belofte die ze heeft gedaan en maakt het alleen maar erger. Lucas wordt gedwongen zijn grootste angst te overwinnen. Rik besluit om per direct zijn nieuwe woning te betrekken.","still":"https:\/\/img-opt.cdn.smartvod.com\/smartvod\/images\/videoland\/data\/images\/4\/3\/5e1c1ed2dbc1f_[format].jpg","runtime":1286,"editions":{"hd":{"price":0}},"is_downloadable":true},"E71772":{"id":71772,"ref":"E71772","type":"episode","position":17,"title":"Afl 6174 Do 23 Jan","description":"Uitzending RTL 4: Do 23 Jan Een misverstand tussen Rik en Shanti neemt steeds grotere vormen aan. Merel zwerft over straat omdat ze niet gedwongen wil worden door haar moeder. Saskia heeft succes als bemiddelaar in een relatiecrisis.","still":"https:\/\/img-opt.cdn.smartvod.com\/smartvod\/images\/videoland\/data\/images\/y\/r\/5e1c68aa4e5f1_[format].jpg","runtime":1313,"editions":{"hd":{"price":0}},"is_downloadable":true},"E71769":{"id":71769,"ref":"E71769","type":"episode","position":18,"title":"Afl 6175 Vr 24 Jan","description":"Uitzending RTL 4: Vr 24 Jan Amir trekt het slecht als hij door Sjors en Anton onder druk wordt gezet. Julian voelt zich gemanipuleerd als hij de schuld krijgt van Merels wegloopactie. Lana wil vluchten met Bobby.","still":"https:\/\/img-opt.cdn.smartvod.com\/smartvod\/images\/videoland\/data\/images\/b\/5\/5e21ef1b99afa_[format].jpg","runtime":1299,"editions":{"hd":{"price":0}},"is_downloadable":true},"E71773":{"id":71773,"ref":"E71773","type":"episode","position":19,"title":"Afl 6176 Ma 27 Jan","description":"Uitzending RTL 4: Ma 27 Jan Shanti en Rik hebben last van glurende kinderen. Daan weet Nina omver te blazen met een gigantische verrassing. Lana maakt handig gebruik van haar thuissituatie om haar eigen zin door te drijven.","still":"https:\/\/img-opt.cdn.smartvod.com\/smartvod\/images\/videoland\/data\/images\/t\/u\/5e22e2e484172_[format].jpg","runtime":1263,"editions":{"hd":{"price":0}},"is_downloadable":true},"E71777":{"id":71777,"ref":"E71777","type":"episode","position":20,"title":"Afl 6177 Di  28 Jan","description":"Uitzending RTL 4: Di 28 Jan Sjors zegt Bing toe dat ze hem bijstaat, maar stelt hem meteen voor een groot dilemma. Amir vindt dat Lana zich verdacht gedraagt en gaat op onderzoek uit. Lucas wordt bang gemaakt door Tiffy.","still":"https:\/\/img-opt.cdn.smartvod.com\/smartvod\/images\/videoland\/data\/images\/3\/j\/5e2562b3a4acf_[format].jpg","runtime":1318,"editions":{"hd":{"price":0}},"is_downloadable":true},"E71782":{"id":71782,"ref":"E71782","type":"episode","position":21,"title":"Afl 6178 Wo 29 Jan","description":"Uitzending RTL 4: Wo 29 Jan Linda heeft last van een lichamelijk ongemak. Merel is gefrustreerd over haar moeder en krijgt steun van een vriendin. Bing beweert tegen Sjors dat hij zijn emoties prima kan bedwingen.","still":"https:\/\/img-opt.cdn.smartvod.com\/smartvod\/images\/videoland\/data\/images\/f\/i\/5e26ea1eac6f1_[format].jpg","runtime":1298,"editions":{"hd":{"price":0}},"is_downloadable":true},"E71767":{"id":71767,"ref":"E71767","type":"episode","position":22,"title":"Afl 6179 Do 30 Jan","description":"Uitzending RTL 4: Do 30 Jan Thuis bij Julian en Saskia slaat het noodlot toe. Anton is op zoek naar begrip als hij niet meer gelukkig is in zijn werk. Lucas en Tiffy treffen Merel overstuur aan: haar hond is weggelopen. Ludo heeft verdriet.","still":"https:\/\/img-opt.cdn.smartvod.com\/smartvod\/images\/videoland\/data\/images\/j\/w\/5e25c77c2ebb7_[format].jpg","runtime":1319,"editions":{"hd":{"price":0}},"is_downloadable":true},"E71779":{"id":71779,"ref":"E71779","type":"episode","position":23,"title":"Afl 6180 Vr 31 Jan","description":"Uitzending RTL 4: Vr 31 Jan Valentijn wordt uitgelachen door zijn studiegenoten, maar heeft een plannetje om wraak te nemen. Shanti en Rik zijn het slachtoffer van te weinig kastruimte. Merel moet haar ouders iets opbiechten.","still":"https:\/\/img-opt.cdn.smartvod.com\/smartvod\/images\/videoland\/data\/images\/9\/k\/5e28405217393_[format].jpg","runtime":1307,"editions":{"hd":{"price":0}},"is_downloadable":true},"E71783":{"id":71783,"ref":"E71783","type":"episode","position":24,"title":"Afl 6181 Ma 3 Feb","description":"Uitzending RTL 4: Ma 3 Feb Nina heeft een plan om haar huwelijk te redden, maar ze is daar wel veeleisend in. Saskia wil haar vader niet spreken. Julian komt met een nieuw huisdier thuis. Shanti ontdekt de reden van Riks frustratie.","still":"https:\/\/img-opt.cdn.smartvod.com\/smartvod\/images\/videoland\/data\/images\/2\/k\/5e296098ebe8c_[format].jpg","runtime":1260,"editions":{"hd":{"price":0}},"is_downloadable":true},"E71780":{"id":71780,"ref":"E71780","type":"episode","position":25,"title":"Afl 6182 Di 4 Feb","description":"Uitzending RTL 4: Di 4 Feb Anton heeft heel wat te stellen met het onvoorspelbare gedrag van Linda. Bing ontploft als hij vindt dat Nina hem en hun huwelijk niet serieus neemt. Lana wordt betrapt bij het schrijven van een afscheidsbrief.","still":"https:\/\/img-opt.cdn.smartvod.com\/smartvod\/images\/videoland\/data\/images\/p\/f\/5e29b87a702e9_[format].jpg","runtime":1305,"editions":{"hd":{"price":0}},"is_downloadable":true},"E71784":{"id":71784,"ref":"E71784","type":"episode","position":26,"title":"Afl 6183 Wo 5 Feb","description":"Uitzending RTL 4: Wo 5 Feb Puck stuit op weerstand als ze verhuisplannen heeft. Rik gelooft niet dat Bing hem ooit zal kunnen vergeven. Ludo wil voor zijn dochter opkomen, maar Nina volgt liever haar eigen plan.","still":"https:\/\/img-opt.cdn.smartvod.com\/smartvod\/images\/videoland\/data\/images\/x\/r\/5e298bf010840_[format].jpg","runtime":1316,"editions":{"hd":{"price":0}},"is_downloadable":true},"E71766":{"id":71766,"ref":"E71766","type":"episode","position":27,"title":"Afl 6184 Do 6 Feb","description":"Uitzending RTL 4: Do 6 Feb Saskia moet iedereen tevreden houden in een overvol huis. Amir wil het niet, maar voelt dat hij Lana moet verraden. Er wordt gestemd over Puck: mag ze wel of niet in Het Paleis komen wonen?","still":"https:\/\/img-opt.cdn.smartvod.com\/smartvod\/images\/videoland\/data\/images\/h\/m\/5e2ff6e847ca4_[format].jpg","runtime":1276,"editions":{"hd":{"price":0}},"is_downloadable":true},"E71778":{"id":71778,"ref":"E71778","type":"episode","position":28,"title":"Afl 6185 Vr 7 Feb","description":"Uitzending RTL 4: Vr 7 Feb Lana pikt een creditcard. Bobby doet een fatale ontdekking. Saskia voelt zich gemanipuleerd door haar dochter. Linda heeft familietips voor Sjors. Henk helpt iets te fanatiek met het opruimen van de flat.","still":"https:\/\/img-opt.cdn.smartvod.com\/smartvod\/images\/videoland\/data\/images\/x\/n\/5e3143b83251a_[format].jpg","runtime":1315,"editions":{"hd":{"price":0}},"is_downloadable":true},"E71764":{"id":71764,"ref":"E71764","type":"episode","position":29,"title":"Afl 6186 Ma 10 Feb","description":"Uitzending RTL 4: Ma 10 Feb Ludo heeft een prettige mededeling voor Valentijn. Sjors en Amir doen een gruwelijke ontdekking. Shanti biedt aan om te bemiddelen tussen Bing en Nina. Julian wordt het slachtoffer van Bings temperament.","still":"https:\/\/img-opt.cdn.smartvod.com\/smartvod\/images\/videoland\/data\/images\/w\/j\/5e318eb762886_[format].jpg","runtime":1307,"editions":{"hd":{"price":0}},"is_downloadable":true},"E71774":{"id":71774,"ref":"E71774","type":"episode","position":30,"title":"Afl 6187 Di 11 Feb","description":"Uitzending RTL 4: Di 11 Feb Saskia ontdekt waar Julian geslapen heeft en snapt daar niets van. Henk wordt door Ludo in een hoek gedreven. Rik voelt zich hondsberoerd, maar Shanti heeft daar geen enkele boodschap aan.","still":"https:\/\/img-opt.cdn.smartvod.com\/smartvod\/images\/videoland\/data\/images\/h\/4\/5e38344ce559b_[format].jpg","runtime":1299,"editions":{"hd":{"price":0}},"is_downloadable":true},"E71787":{"id":71787,"ref":"E71787","type":"episode","position":31,"title":"Afl 6188 Wo 12 Feb","description":"Uitzending RTL 4: Wo 12 Feb Julian moet bekennen dat hij zijn financi\u00eble zaken niet op orde heeft. Sjors schrikt als er een opsporingsbericht wordt uitgezonden: de politie zoekt Lana en Bobby. Ook 'Editie NL' besteedt aandacht aan de zaak.","still":"https:\/\/img-opt.cdn.smartvod.com\/smartvod\/images\/videoland\/data\/images\/2\/d\/5e398dfb91bb0_[format].jpg","runtime":1320,"editions":{"hd":{"price":0}},"is_downloadable":true},"E71785":{"id":71785,"ref":"E71785","type":"episode","position":32,"title":"Afl 6189 Do 13 Feb","description":"Uitzending RTL 4: Do 13 Feb Puck laat zich verleiden en wordt daarbij betrapt. Bing ontdekt wat Ludo hem heeft geflikt en stapt op hem af. Linda en Janine maken er een vrolijke boel van als zij hun ellende met elkaar delen.","still":"https:\/\/img-opt.cdn.smartvod.com\/smartvod\/images\/videoland\/data\/images\/v\/t\/5e3ad3c6734f6_[format].jpg","runtime":1315,"editions":{"hd":{"price":0}},"is_downloadable":true},"E71776":{"id":71776,"ref":"E71776","type":"episode","position":33,"title":"Afl 6190 Vr 14 Feb","description":"Uitzending RTL 4: Vr 14 Feb Shanti is niet zo'n fan van Valentijnsdag, maar dan verschijnt Rik. Bing probeert Nina mee te krijgen in een scheidingsvoorstel. Linda wil medicijnen om de overgang dragelijk te maken.","still":"https:\/\/img-opt.cdn.smartvod.com\/smartvod\/images\/videoland\/data\/images\/3\/2\/5e3b169528936_[format].jpg","runtime":1320,"editions":{"hd":{"price":0}},"is_downloadable":true},"E71795":{"id":71795,"ref":"E71795","type":"episode","position":34,"title":"Afl 6191 Ma 17 Feb","description":"Uitzending RTL 4: Ma 17 Feb Lana, die op de vlucht is, kan haar zenuwen niet bedwingen als ze denkt dat ze ontdekt is. Linda voelt zich onbegrepen als Anton niet doet wat zij wil. Ludo kan het niet laten om Lucas raad te geven.","still":"https:\/\/img-opt.cdn.smartvod.com\/smartvod\/images\/videoland\/data\/images\/r\/l\/5e4027d6de209_[format].jpg","runtime":1320,"editions":{"hd":{"price":0}},"is_downloadable":true},"E71781":{"id":71781,"ref":"E71781","type":"episode","position":35,"title":"Afl 6192 Di 18 Feb","description":"Uitzending RTL 4: Di 18 Feb Henk en Rik knappen een klusje voor Julian op, maar hebben eigenlijk de technische kennis niet. Valentijn krijgt geweldig nieuws over het schilderij dat hij gevonden heeft.","still":"https:\/\/img-opt.cdn.smartvod.com\/smartvod\/images\/videoland\/data\/images\/j\/i\/5e4120442d4fc_[format].jpg","runtime":1320,"editions":{"hd":{"price":0}},"is_downloadable":true},"E71794":{"id":71794,"ref":"E71794","type":"episode","position":36,"title":"Afl 6193 Wo 19 Feb","description":"Uitzending RTL 4: Wo 19 Feb Julian probeert het goed te maken met zijn opdrachtgever. Sjors heeft een emotionele hereniging en doet een liefdesontdekking, maar moet ook op het politiebureau verschijnen. Nina schrikt als Bing haar betrapt.","still":"https:\/\/img-opt.cdn.smartvod.com\/smartvod\/images\/videoland\/data\/images\/4\/4\/5e42810b7f7e7_[format].jpg","runtime":1320,"editions":{"hd":{"price":0}},"is_downloadable":true},"E71768":{"id":71768,"ref":"E71768","type":"episode","position":37,"title":"Afl 6194 Do 20 Feb","description":"Uitzending RTL 4: Do 20 Feb Rik heeft plezier in het samenwerken met Shanti. Saskia schrikt als Julians rugklachten erger zijn geworden. Nog voordat de politie Bobby op het spoor komt, is er een belangrijke ontwikkeling in de zaak.","still":"https:\/\/img-opt.cdn.smartvod.com\/smartvod\/images\/videoland\/data\/images\/8\/j\/5e43b9e2ee12f_[format].jpg","runtime":1277,"editions":{"hd":{"price":0}},"is_downloadable":true},"E71763":{"id":71763,"ref":"E71763","type":"episode","position":38,"title":"Afl 6195 Vr 21 Feb","description":"Uitzending RTL 4: Vr 21 Feb Janine verraadt een geheim. Valentijn heeft een plannetje om Henk geld af te troggelen, maar  heeft dan wel hulp nodig van een professional. Lucas gaat  te voortvarend te werk met zijn toekomstplannen voor hem en Tiffy.","still":"https:\/\/img-opt.cdn.smartvod.com\/smartvod\/images\/videoland\/data\/images\/y\/9\/5e440f775408b_[format].jpg","runtime":1280,"editions":{"hd":{"price":0}},"is_downloadable":true},"E71788":{"id":71788,"ref":"E71788","type":"episode","position":39,"title":"Afl 6196 Ma 24 Feb","description":"Uitzending RTL 4: Ma 24 Feb Valentijn denkt dat hij Amelie met de nodige charme wel meekrijgt in zijn plannen. De familie Verduyn discussieert over een grote schadepost. Ze hebben niet door dat de buren alles kunnen horen.","still":"https:\/\/img-opt.cdn.smartvod.com\/smartvod\/images\/videoland\/data\/images\/o\/q\/5e47ec92ca768_[format].jpg","runtime":1223,"editions":{"hd":{"price":0}},"is_downloadable":true},"E71805":{"id":71805,"ref":"E71805","type":"episode","position":40,"title":"Afl 6197 Di 25 Feb","description":"Uitzending RTL 4: Di 25 Feb Rik, Shanti en Henk beginnen een inzamelingsactie. Bing denkt dat Nina de kinderen tegen hem opstookt. In een moment van zwakte maakt Sjors een verkeerde keuze.","still":"https:\/\/img-opt.cdn.smartvod.com\/smartvod\/images\/videoland\/data\/images\/r\/7\/5e47edbbb5852_[format].jpg","runtime":1318,"editions":{"hd":{"price":0}},"is_downloadable":true},"E71813":{"id":71813,"ref":"E71813","type":"episode","position":41,"title":"Afl 6198 Wo 26 Feb","description":"Uitzending RTL 4: Wo 26 Feb Janine probeert om van Ludo's terugkeer naar huis een feestelijk moment te maken. Nina presenteert een ouderschapsplan aan Bing. Ludo krijgt een alarmmelding op zijn mobiel.","still":"https:\/\/img-opt.cdn.smartvod.com\/smartvod\/images\/videoland\/data\/images\/x\/4\/5e4a528f31db8_[format].jpg","runtime":1270,"editions":{"hd":{"price":0}},"is_downloadable":true},"E71814":{"id":71814,"ref":"E71814","type":"episode","position":42,"title":"Afl 6199 Do 27 Feb","description":"Uitzending RTL 4: Do 27 Feb Saskia schaamt zich en is in paniek. Ze reageert dit af op Anton. Laura doet Julian een mooie belofte. Amir vindt het moeilijk om zijn geduld te bewaren als Sjors haar frustratie op hem afreageert.","still":"https:\/\/img-opt.cdn.smartvod.com\/smartvod\/images\/videoland\/data\/images\/l\/m\/5e4cee867a5e1_[format].jpg","runtime":1279,"editions":{"hd":{"price":0}},"is_downloadable":true},"E71812":{"id":71812,"ref":"E71812","type":"episode","position":43,"title":"Afl 6200 Vr 28 Feb","description":"Uitzending RTL 4: Vr 28 Feb Julian kan zijn voetbalteam niet trainen, dus moet er vervanging gezocht worden. Valentijn doet Henk een verrassend voorstel. Puck grijpt in als het tussen Lucas en Tiffy even niet gladjes verloopt.","still":"https:\/\/img-opt.cdn.smartvod.com\/smartvod\/images\/videoland\/data\/images\/5\/b\/5e4cfeee824be_[format].jpg","runtime":1316,"editions":{"hd":{"price":0}},"is_downloadable":true},"E71807":{"id":71807,"ref":"E71807","type":"episode","position":44,"title":"Afl 6201 Ma 2 Mrt","description":"Uitzending RTL 4: Ma 2 Mrt Nina krijgt te horen dat haar dochter zich op school misdragen heeft. Janine vindt het heel moeilijk om weer een MRI te ondergaan. In De Koning is Laura de bingokoningin. Sjors zit met een enorm schuldgevoel.","still":"https:\/\/img-opt.cdn.smartvod.com\/smartvod\/images\/videoland\/data\/images\/y\/e\/5e4ffe89b691a_[format].jpg","runtime":1297,"editions":{"hd":{"price":0}},"is_downloadable":true},"E71802":{"id":71802,"ref":"E71802","type":"episode","position":45,"title":"Afl 6202 Di 3 Mrt","description":"Uitzending RTL 4: Di 3 Mrt Saskia komt met schokkend nieuws thuis. Julian krijgt van de specialist te horen hoe slecht het met zijn rug gesteld is. Als Nina alsmaar in haar positiviteit over haar huwelijk blijft geloven, moet Bing tegengas geven.","still":"https:\/\/img-opt.cdn.smartvod.com\/smartvod\/images\/videoland\/data\/images\/l\/m\/5e5392f5b5a11_[format].jpg","runtime":1320,"editions":{"hd":{"price":0}},"is_downloadable":true},"E71810":{"id":71810,"ref":"E71810","type":"episode","position":46,"title":"Afl 6203 Wo 4 Mrt","description":"Uitzending RTL 4: Wo 4 Mrt Anton merkt dat er dingen voor hem verzwegen worden. Julia durft Saskia niet op te zadelen met een nieuwe tegenslag. Henk wordt nerveus als Laura de opbrengst van de inzamelingsacties wil tellen.","still":"https:\/\/img-opt.cdn.smartvod.com\/smartvod\/images\/videoland\/data\/images\/n\/r\/5e5528648ad7e_[format].jpg","runtime":1314,"editions":{"hd":{"price":0}},"is_downloadable":true},"E72664":{"id":72664,"ref":"E72664","type":"episode","position":47,"title":"Afl 6204 Do 5 Mrt","description":"Uitzending RTL 4: Do 5 Mrt JoJo krijgt het idee dat er bij haar vriendin Merel meer aan de hand is dan ze wil toegeven. Vanwege constant slaapgebrek, voelt Linda zich overdag een zombie. Tiffy gunt haar zoon een biologische vader.","still":"https:\/\/img-opt.cdn.smartvod.com\/smartvod\/images\/videoland\/data\/images\/x\/3\/5e5668594821b_[format].jpg","runtime":1320,"editions":{"hd":{"price":0}},"is_downloadable":true},"E72665":{"id":72665,"ref":"E72665","type":"episode","position":48,"title":"Afl 6205 Vr 6 Mrt","description":"Uitzending RTL 4: Vr 6 Mrt Janine hoort de uitslag van de MRI. Nina gaat de confrontatie aan met Sjors. Bing heeft in de gaten dat hij gevolgd wordt. Rik ontdekt het grote verdriet waar Shanti al een tijd mee worstelt.","still":"https:\/\/img-opt.cdn.smartvod.com\/smartvod\/images\/videoland\/data\/images\/s\/p\/5e5675364f851_[format].jpg","runtime":1319,"editions":{"hd":{"price":0}},"is_downloadable":true},"E72869":{"id":72869,"ref":"E72869","type":"episode","position":49,"title":"Afl 6206 Ma 9 Mrt","description":"Uitzending RTL 4: Ma 9 Mrt Janine neemt een beslissing die Ludo schokt. De spanning loopt op tussen Saskia en Anton. Julian schrikt als zijn dochter hem betrapt op een leugen. Daan beseft dat hij zijn verjaardag met Rik wil vieren.","still":"https:\/\/img-opt.cdn.smartvod.com\/smartvod\/images\/videoland\/data\/images\/y\/n\/5e5901ef00999_[format].jpg","runtime":1314,"editions":{"hd":{"price":0}},"is_downloadable":true},"E72870":{"id":72870,"ref":"E72870","type":"episode","position":50,"title":"Afl 6207 Di 10 Mrt","description":"Uitzending RTL 4: Di 10 Mrt Lucas gooit zijn grote plannen om in verband met Janines toestand. Merel raakt steeds dieper in de problemen. Saskia overrompelt Julian met een manier om aan geld te komen. Amelie ontdekt iets dat haar woest maakt.","still":"https:\/\/img-opt.cdn.smartvod.com\/smartvod\/images\/videoland\/data\/images\/q\/d\/5e567543dc31a_[format].jpg","runtime":1310,"editions":{"hd":{"price":0}},"is_downloadable":true},"E72872":{"id":72872,"ref":"E72872","type":"episode","position":51,"title":"Afl 6208 Wo 11 Mrt","description":"Uitzending RTL 4: Wo 11 Mrt Saskia flipt door Merels slechte nieuws. Opa Henk maakt Merel deelgenoot van zijn geheim. Valentijn moet het slim spelen om Amelie te stoppen. Sjors komt in het nauw als Nina haar chanteert. Zwicht ze hiervoor?","still":"https:\/\/img-opt.cdn.smartvod.com\/smartvod\/images\/videoland\/data\/images\/3\/f\/5e567661bbd22_[format].jpg","runtime":1309,"editions":{"hd":{"price":0}},"is_downloadable":true},"E72871":{"id":72871,"ref":"E72871","type":"episode","position":52,"title":"Afl 6209 Do 12 Mrt","description":"Uitzending RTL 4: Do 12 Mrt Nina en Sjors staan vliegen elkaar in de haren. Nina overdondert Bing met een rigoureuze actie. Amir laat zich niet buitenspel zetten door Anton. Daan wil niet gekoppeld worden, maar wat is daar zijn reden voor?","still":"https:\/\/img-opt.cdn.smartvod.com\/smartvod\/images\/videoland\/data\/images\/r\/r\/5e56766420982_[format].jpg","runtime":1315,"editions":{"hd":{"price":0}},"is_downloadable":true},"E72873":{"id":72873,"ref":"E72873","type":"episode","position":53,"title":"Afl 6210 Vr 13 Mrt","description":"Uitzending RTL 4: Vr 13 Mrt Lucas en Tiffy worden verrast en moeten zich bewijzen tegenover hun vrienden en familie. Nina zoekt steun om haar ingrijpende actie te verantwoorden. Amir brengt Sjors onbedoeld in een onmogelijke situatie.","still":"https:\/\/img-opt.cdn.smartvod.com\/smartvod\/images\/videoland\/data\/images\/g\/6\/5e567666524fb_[format].jpg","runtime":1274,"editions":{"hd":{"price":0}},"is_downloadable":true},"E73046":{"id":73046,"ref":"E73046","type":"episode","position":54,"title":"Afl 6211 Ma 16 Mrt","description":"Uitzending RTL 4: Ma 16 Mrt Ludo spendeert miljoenen om zijn liefde voor Janine te bewijzen. Henk schrikt als zijn oplossing voor de geldproblemen van zijn familie in gevaar komt. Sjors neemt een levensingrijpende beslissing.","still":"https:\/\/img-opt.cdn.smartvod.com\/smartvod\/images\/videoland\/data\/images\/z\/8\/5e6361673223d_[format].jpg","runtime":1300,"editions":{"hd":{"price":0}},"is_downloadable":true},"E73042":{"id":73042,"ref":"E73042","type":"episode","position":55,"title":"Afl 6212 Di 17 Mrt","description":"Uitzending RTL 4: Di 17 Mrt Shanti is bang dat Rik kinderen wil. Sjors doet een schokkende onthulling die Amirs wereld op zijn kop zet. Valentijn probeert Henk uit te schakelen. Janines angst komt er uit: heeft ze nog wel een toekomst?","still":"https:\/\/img-opt.cdn.smartvod.com\/smartvod\/images\/videoland\/data\/images\/h\/7\/5e67801709ba3_[format].jpg","runtime":1305,"editions":{"hd":{"price":0}},"is_downloadable":true},"E73043":{"id":73043,"ref":"E73043","type":"episode","position":56,"title":"Afl 6213 Wo 18 Mrt","description":"Uitzending RTL 4: Wo 18 Mrt Julian stuit op felle weerstand van Saskia als hij geld wil lenen. Merel begint een lucratieve maar oneerlijke handel. Shanti komt tot een groot besef dat Rik aan het twijfelen brengt.","still":"https:\/\/img-opt.cdn.smartvod.com\/smartvod\/images\/videoland\/data\/images\/z\/b\/5e67bd0aba3ec_[format].jpg","runtime":1319,"editions":{"hd":{"price":0}},"is_downloadable":true},"E73044":{"id":73044,"ref":"E73044","type":"episode","position":57,"title":"Afl 6214 Do 19 Mrt","description":"Lucas is enthousiast als hij een onverwachte gast krijgt, maar heeft niet door dat Tiffy zich ge\u00efntimideerd voelt. Saskia en Julian krijgen knallende ruzie en Rik en Shanti proberen hun kinderen hiervoor te beschermen.","still":"https:\/\/img-opt.cdn.smartvod.com\/smartvod\/images\/videoland\/data\/images\/f\/s\/5e67bd0cbb706_[format].jpg","runtime":1320,"editions":{"hd":{"price":0}},"is_downloadable":true},"E73045":{"id":73045,"ref":"E73045","type":"episode","position":58,"title":"Afl 6215 Vr 20 Mrt","description":"Bing daagt Amir uit om hem af te maken in de boksring. Tijdens een gezellig bedoelde brunch bij de familie Sanders lopen de spanningen bij Tiffy hoog op. Linda flipt als Anton haar niet serieus neemt.","still":"https:\/\/img-opt.cdn.smartvod.com\/smartvod\/images\/videoland\/data\/images\/i\/3\/5e688c74eb507_[format].jpg","runtime":1315,"editions":{"hd":{"price":0}},"is_downloadable":true},"E73089":{"id":73089,"ref":"E73089","type":"episode","position":59,"title":"Afl 6216 Ma 23 Mrt","description":"Tiffy en Lucas nemen het heft in eigen hand om de weerstand tegen hun plannen te weerleggen. Puck krijgt een aanbod dat ze niet kan afslaan, maar loopt tot haar frustratie tegen haar eigen onkunde aan. Nina kwetst Daan.","still":"https:\/\/img-opt.cdn.smartvod.com\/smartvod\/images\/videoland\/data\/images\/o\/q\/5e6bb88f23e60_[format].jpg","runtime":1312,"editions":{"hd":{"price":0}},"is_downloadable":true},"E73096":{"id":73096,"ref":"E73096","type":"episode","position":60,"title":"Afl 6217 Di 24 Mrt","description":"Saskia gooit alles in de strijd om Linda te overtuigen. Julian krijgt een geweldige kans van Bing. Ludo bijt zich vast in het mysterie van de vervalsing. Lukt het Nina om Daans verzet te breken?","still":"https:\/\/img-opt.cdn.smartvod.com\/smartvod\/images\/videoland\/data\/images\/w\/d\/5e6fd29bd968b_[format].jpg","runtime":1374,"editions":{"hd":{"price":0}},"is_downloadable":true},"E73090":{"id":73090,"ref":"E73090","type":"episode","position":61,"title":"Afl 6218 Wo 25 Mrt","description":"De clash tussen Henk en Ludo leidt tot Valentijns ontmaskering. Amelie krijgt veel mannelijke aandacht. Amirs vrienden regelen tegen zijn zin een date voor hem, met een verrassende uitkomst.","still":"https:\/\/img-opt.cdn.smartvod.com\/smartvod\/images\/videoland\/data\/images\/t\/b\/5e726526ca741_[format].jpg","runtime":1310,"editions":{"hd":{"price":0}},"is_downloadable":true},"E73088":{"id":73088,"ref":"E73088","type":"episode","position":62,"title":"Afl 6219 Do 26 Mrt","description":"Puck kiest voor zichzelf, ten koste van Tiffy. Valentijn verraadt Amelie, maar werkt zichzelf hiermee nog meer in de nesten. Henk ervaart dat Ludo een tegenstander van formaat is. Anton raakt onder de indruk van Saskia.","still":"https:\/\/img-opt.cdn.smartvod.com\/smartvod\/images\/videoland\/data\/images\/4\/y\/5e70a1ff59d92_[format].jpg","runtime":1286,"editions":{"hd":{"price":0}},"is_downloadable":true},"E73091":{"id":73091,"ref":"E73091","type":"episode","position":63,"title":"Afl 6220 Ma 30 Mrt","description":"Tiffy en Lucas vieren hun grote dag, maar die eindigt met een enorme schok. Bings besluit om de kinderen niet met Nina naar het feest te laten gaan, heeft grote gevolgen. Valentijn bespeelt Janine.","still":"https:\/\/img-opt.cdn.smartvod.com\/smartvod\/images\/videoland\/data\/images\/h\/w\/5e727469e8977_[format].jpg","runtime":1308,"editions":{"hd":{"price":0}},"is_downloadable":true},"E73205":{"id":73205,"ref":"E73205","type":"episode","position":64,"title":"Afl 6221 Di 31 Mrt","description":"Bing probeert Nina zo hard mogelijk te raken, maar wordt aangepakt door Amir. Nina wordt woest als ze ziet wat Bing heeft gedaan. Henk merkt tot zijn angst dat hij gevolgd wordt. Lucas is diep teleurgesteld in Tiffy.","still":"https:\/\/img-opt.cdn.smartvod.com\/smartvod\/images\/videoland\/data\/images\/x\/1\/5e78f6ccb5a0c_[format].jpg","runtime":1293,"editions":{"hd":{"price":0}},"is_downloadable":true},"E73204":{"id":73204,"ref":"E73204","type":"episode","position":65,"title":"Afl 6222 Wo 1 Apr","description":"Janine en Linda doen iets wat ze nooit voor mogelijk hadden gehouden. Julian wordt uitgedaagd door Saskia. Rik en Shanti laten Laura stikken. Merel maakt zich terecht zorgen om Henk.","still":"https:\/\/img-opt.cdn.smartvod.com\/smartvod\/images\/videoland\/data\/images\/q\/5\/5e7a30dad1907_[format].jpg","runtime":1282,"editions":{"hd":{"price":0}},"is_downloadable":true},"E73206":{"id":73206,"ref":"E73206","type":"episode","position":66,"title":"Afl 6223 Do 2 Apr","description":"Voor Janine is een doodenge dag aangebroken. Lucas is niet voor rede vatbaar, maar Tiffy laat hem niet zomaar los. Bing reageert zijn frustratie af op Jojo. Laat Nina zich door Ludo overtuigen om Bing te pakken?","still":"https:\/\/img-opt.cdn.smartvod.com\/smartvod\/images\/videoland\/data\/images\/w\/8\/5e7b61906d218_[format].jpg","runtime":1302,"editions":{"hd":{"price":0}},"is_downloadable":true},"E73207":{"id":73207,"ref":"E73207","type":"episode","position":67,"title":"Afl 6224 Ma 6 Apr","description":"Amelie sluit een deal met Ludo en probeert op controversi\u00eble wijze een schilderij voor hem binnen te slepen. Bing beseft dat hij Nina's actie serieus moet nemen. Linda overrulet Saskia tijdens de opening van de praktijk.","still":"https:\/\/img-opt.cdn.smartvod.com\/smartvod\/images\/videoland\/data\/images\/o\/q\/5e7e12a7b30e1_[format].jpg","runtime":1320,"editions":{"hd":{"price":0}},"is_downloadable":true},"E73208":{"id":73208,"ref":"E73208","type":"episode","position":68,"title":"Afl 6225 Di 7 Apr","description":"Rik smoest tegen Shanti over zijn g\u00eanante probleem. Anton biedt Linda het werk aan dat Saskia nodig heeft. Merel vindt de fiets die Henk voor haar heeft gemaakt oerlelijk. Tiffy en Wolf voelen zich niet lekker.","still":"https:\/\/img-opt.cdn.smartvod.com\/smartvod\/images\/videoland\/data\/images\/1\/r\/5e8248bddc547_[format].jpg","runtime":1285,"editions":{"hd":{"price":0}},"is_downloadable":true},"E73210":{"id":73210,"ref":"E73210","type":"episode","position":69,"title":"Afl 6226 Wo 8 Apr","description":"Janine durft de gevolgen van haar operatie niet onder ogen te komen. Jojo is het spuugzat om tussen Bing en Nina in te staan. Lucas vreest dat hij zowel Tiffy als Wolf kwijtraakt.","still":"https:\/\/img-opt.cdn.smartvod.com\/smartvod\/images\/videoland\/data\/images\/e\/d\/5e833ed5713b5_[format].jpg","runtime":1314,"editions":{"hd":{"price":0}},"is_downloadable":true},"E73209":{"id":73209,"ref":"E73209","type":"episode","position":70,"title":"Afl 6227 Do 9 Apr","description":"Janine voelt zich alleen staan in haar strijd tegen haar ziekte. Ludo gebruikt het geheim van de familie Verduyn tegen Henk. Zijn actie verstoort Merels kans om gescout te worden als voetbaltalent.","still":"https:\/\/img-opt.cdn.smartvod.com\/smartvod\/images\/videoland\/data\/images\/h\/6\/5e84399f95905_[format].jpg","runtime":1319,"editions":{"hd":{"price":0}},"is_downloadable":true},"E73272":{"id":73272,"ref":"E73272","type":"episode","position":71,"title":"Afl 6228 Ma 13 Apr","description":"Linda en Amir komen in de dokterspraktijk tegenover elkaar te staan. Janine voelt zich geen vrouw meer en beseft dat ze Ludo van zich af heeft geduwd. Geeft Henk toe aan Ludo's chantage?","still":"https:\/\/img-opt.cdn.smartvod.com\/smartvod\/images\/videoland\/data\/images\/i\/m\/5e874291ae56d_[format].jpg","runtime":1269,"editions":{"hd":{"price":0}},"is_downloadable":true},"E73274":{"id":73274,"ref":"E73274","type":"episode","position":72,"title":"Afl 6229 Di 14 Apr","description":"Bing wordt woest als Daan tijd doorbrengt met z\u00edjn kinderen. De Verduyns bekvechten over het schilderij, als Merel een rigoureus besluit neemt. Wat doet Valentijn als een concurrent van Ludo hem een baan aanbiedt?","still":"https:\/\/img-opt.cdn.smartvod.com\/smartvod\/images\/videoland\/data\/images\/j\/z\/5e874beea06b4_[format].jpg","runtime":1261,"editions":{"hd":{"price":0}},"is_downloadable":true},"E73276":{"id":73276,"ref":"E73276","type":"episode","position":73,"title":"Afl 6230 Wo 15 Apr","description":"Lucas wordt gillend gek van Anton. Shanti en Rik kunnen zich niet beheersen. Bing wil Daan buitenspel zetten door middel van een ouderschapsplan. Gaat Nina akkoord?","still":"https:\/\/img-opt.cdn.smartvod.com\/smartvod\/images\/videoland\/data\/images\/j\/x\/5e8d6f6ab705f_[format].jpg","runtime":1309,"editions":{"hd":{"price":0}},"is_downloadable":true},"E73273":{"id":73273,"ref":"E73273","type":"episode","position":74,"title":"Afl 6231 Do 16 Apr","description":"Bing probeert Daan op sneaky wijze in de val te lokken. Amir wordt overrompeld door een uitspatting van Jojo. Henk wil permanent bij zijn familie in huis wonen, maar stuit op Saskia's weerstand.","still":"https:\/\/img-opt.cdn.smartvod.com\/smartvod\/images\/videoland\/data\/images\/l\/d\/5e8d7c513b382_[format].jpg","runtime":1282,"editions":{"hd":{"price":0}},"is_downloadable":true},"E73271":{"id":73271,"ref":"E73271","type":"episode","position":75,"title":"Afl 6232 Ma 20 Apr","description":"Janine krijgt de uitslag: is ze schoon of niet? Linda doet een ontdekking die Saskia in het nauw brengt. Komt het goed tussen Henk en Saskia?","still":"https:\/\/img-opt.cdn.smartvod.com\/smartvod\/images\/videoland\/data\/images\/c\/y\/5e8f2956cec13_[format].jpg","runtime":1310,"editions":{"hd":{"price":0}},"is_downloadable":true},"E73275":{"id":73275,"ref":"E73275","type":"episode","position":76,"title":"Afl 6233 Di 21 Apr","description":"Saskia wordt gedwongen haar geheim op te biechten aan Anton en anticipeert op haar ontslag. Bing pakt Daan genadeloos aan, maar Daan bijt terug. Lucas moet back to basic als hij een tiny house betrekt.","still":"https:\/\/img-opt.cdn.smartvod.com\/smartvod\/images\/videoland\/data\/images\/4\/7\/5e8f2b917b5ac_[format].jpg","runtime":1314,"editions":{"hd":{"price":0}},"is_downloadable":true},"E73278":{"id":73278,"ref":"E73278","type":"episode","position":77,"title":"Afl 6234 Wo 22 Apr","description":"Ludo's concurrent zint op wraak. Lucas wordt gek in het 'tiny house'. Linda neemt de verwonding van Lucas ten onrechte niet serieus. Janine wordt furieus op Nina en Bing als zij blijven vechten.","still":"https:\/\/img-opt.cdn.smartvod.com\/smartvod\/images\/videoland\/data\/images\/j\/e\/5e95f6a1d2638_[format].jpg","runtime":1310,"editions":{"hd":{"price":0}},"is_downloadable":true},"E73277":{"id":73277,"ref":"E73277","type":"episode","position":78,"title":"Afl 6235 Do 23 Apr","description":"Janine voelt zich onbegrepen. Shanti twijfelt of ze wel moeder wil worden. Lucas heeft behoefte aan een nieuwe uitdaging. Valentijn laat zich steeds meer in met het concurrerende kamp.","still":"https:\/\/img-opt.cdn.smartvod.com\/smartvod\/images\/videoland\/data\/images\/2\/j\/5e97274ecaa76_[format].jpg","runtime":1314,"editions":{"hd":{"price":0}},"is_downloadable":true},"E73563":{"id":73563,"ref":"E73563","type":"episode","position":79,"title":"Afl 6236 Ma 27 Apr","description":"Saskia wordt gek als Merel haar de silent treatment geeft. Merel gaat de fout in. Janine weigert nog langer pati\u00ebnt te zijn. Daan trekt officieel bij Nina in. Hoe reageert Bing?","still":"https:\/\/img-opt.cdn.smartvod.com\/smartvod\/images\/videoland\/data\/images\/6\/8\/5e9cbe3c956ad_[format].jpg","runtime":1320,"editions":{"hd":{"price":0}},"is_downloadable":true},"E73566":{"id":73566,"ref":"E73566","type":"episode","position":80,"title":"Afl 6237 Di 28 Apr","description":"Rik is bang dat hij onvruchtbaar is. Merel is er gloeiend bij. Janine probeert haar ziekteperiode af te sluiten met een familiediner in hun nieuwe landhuis. Ludo accepteert de wapenstilstand tussen Nina en Bing niet.","still":"https:\/\/img-opt.cdn.smartvod.com\/smartvod\/images\/videoland\/data\/images\/t\/1\/5e9ddd5261a48_[format].jpg","runtime":1320,"editions":{"hd":{"price":0}},"is_downloadable":true},"E73565":{"id":73565,"ref":"E73565","type":"episode","position":81,"title":"Afl 6238 Wo 29 Apr","description":"Linda maakt een fatale fout die haar duur komt te staan. Lucas begint een oppasservice, wat tot irritatie leidt. Nina raakt door Ludo's inmenging aan het twijfelen over Bing. Ludo laat Valentijn volgen en doet een schokkende ontdekking.","still":"https:\/\/img-opt.cdn.smartvod.com\/smartvod\/images\/videoland\/data\/images\/0\/6\/5e9f02413f621_[format].jpg","runtime":1319,"editions":{"hd":{"price":0}},"is_downloadable":true},"E73564":{"id":73564,"ref":"E73564","type":"episode","position":82,"title":"Afl 6239 Do 30 Apr","description":"Amir zit opgesloten met Amelie. Jojo ervaart liefde op het eerste gezicht. Valentijn maakt een veelzeggende keuze tussen Ludo en Richard en begint aan een roekeloze joyride. Linda wordt jaloers op Saskia. Speelt er iets tussen haar en Anton?","still":"https:\/\/img-opt.cdn.smartvod.com\/smartvod\/images\/videoland\/data\/images\/q\/g\/5ea09b4d06cf9_[format].jpg","runtime":1320,"editions":{"hd":{"price":0}},"is_downloadable":true},"E73846":{"id":73846,"ref":"E73846","type":"episode","position":83,"title":"Afl 6240 Ma 4 Mei","description":"Omdat Shanti ovuleert, moet Rik presteren. Nina is Bing te slim af. Janine vindt onverwacht begrip bij Amir en voelt zich eindelijk gehoord wat betreft haar gezondheid. Valentijn zit diep in de problemen na zijn joyride.","still":"https:\/\/img-opt.cdn.smartvod.com\/smartvod\/images\/videoland\/data\/images\/k\/2\/5ea2f7eb14e76_[format].jpg","runtime":1316,"editions":{"hd":{"price":0}},"is_downloadable":true},"E73844":{"id":73844,"ref":"E73844","type":"episode","position":84,"title":"Afl 6241 Di 5 Mei","description":"Bing en Nina worden gedwongen hun strijd te staken vanwege Koningsdag. Jojo hoopt zingend het hart van haar nieuwe vlam te stelen. Lucas hervindt zijn passie als hij inspringt bij Boks. Julian mag proefdraaien op zijn nieuwe werk.","still":"https:\/\/img-opt.cdn.smartvod.com\/smartvod\/images\/videoland\/data\/images\/x\/3\/5ea7319847f27_[format].jpg","runtime":1319,"editions":{"hd":{"price":0}},"is_downloadable":true},"E73845":{"id":73845,"ref":"E73845","type":"episode","position":85,"title":"Afl 6242 Wo 6 Mei","description":"Lucas en Nina staan lijnrecht tegenover elkaar. Shanti vreest voor de veiligheid van Louise. Valentijn staat met zijn rug tegen de muur als Richard hem chanteert. Janine beseft tot haar verdriet dat Ludo niets is veranderd.","still":"https:\/\/img-opt.cdn.smartvod.com\/smartvod\/images\/videoland\/data\/images\/l\/b\/5ea84172adbda_[format].jpg","runtime":1320,"editions":{"hd":{"price":0}},"is_downloadable":true},"E73843":{"id":73843,"ref":"E73843","type":"episode","position":86,"title":"Afl 6243 Do 7 Mei","description":"Linda's jaloezie bereikt een kookpunt. Tiffy en Lucas beseffen dat ze hun leven anders in moeten richten. Amir verwijt Janine dat zij ook niet eerlijk is tegen Ludo. Valentijn speelt met vuur door zowel Richard als Ludo aan het lijntje het houden.","still":"https:\/\/img-opt.cdn.smartvod.com\/smartvod\/images\/videoland\/data\/images\/2\/e\/5ea8417a668ab_[format].jpg","runtime":1320,"editions":{"hd":{"price":0}},"is_downloadable":true},"E73951":{"id":73951,"ref":"E73951","type":"episode","position":87,"title":"Afl 6244 Mo 11 Mei","description":"Jojo is vastbesloten Ilyas te versieren, maar had geen rekening gehouden met een ander meisje in zijn leven. Linda ontkent tegenover Anton dat ze jaloers is op Saskia. Het knalt tussen Bing en Nina tijdens mediation.","still":"https:\/\/img-opt.cdn.smartvod.com\/smartvod\/images\/videoland\/data\/images\/l\/7\/5eb0618af093a_[format].jpg","runtime":1263,"editions":{"hd":{"price":0}},"is_downloadable":true},"E73949":{"id":73949,"ref":"E73949","type":"episode","position":88,"title":"Afl 6245 Di 12 Mei","description":"Nina en Bing krijgen de schrik van hun leven. Janine hervindt haar kracht als ze definitief afscheid neemt van Eva. Amir probeert Amelie te verleiden terwijl ze aan het werk is. Valentijn bespeelt Amelie.","still":"https:\/\/img-opt.cdn.smartvod.com\/smartvod\/images\/videoland\/data\/images\/9\/7\/5eb062c014a19_[format].jpg","runtime":1282,"editions":{"hd":{"price":0}},"is_downloadable":true},"E73950":{"id":73950,"ref":"E73950","type":"episode","position":89,"title":"Afl 6246 Wo 13 Mei","description":"Nina en Bing moeten samenwerken omwille van de kinderen. Valentijn probeert Richard uit te schakelen. Amelie verraadt Valentijns geheime agenda, waarop Ludo actie onderneemt.","still":"https:\/\/img-opt.cdn.smartvod.com\/smartvod\/images\/videoland\/data\/images\/o\/d\/5eb13923055a9_[format].jpg","runtime":1310,"editions":{"hd":{"price":0}},"is_downloadable":true},"E73952":{"id":73952,"ref":"E73952","type":"episode","position":90,"title":"Afl 6247 Do 14 Mei","description":"Ilyas en Julian proberen een winkeldief te pakken. Bing en Nina versterken elkaar in het belang van hun kinderen. Daan trekt hun toenadering niet. Amir geeft Bing en Nina de schuld van hun onzorgvuldigheid.","still":"https:\/\/img-opt.cdn.smartvod.com\/smartvod\/images\/videoland\/data\/images\/l\/h\/5eb139437fe0a_[format].jpg","runtime":1238,"editions":{"hd":{"price":0}},"is_downloadable":true},"E74128":{"id":74128,"ref":"E74128","type":"episode","position":91,"title":"Afl 6248 Ma 18 Mei","description":"Jojo, Merel en Demi zetten Dolly in om de vermiste kinderen te vinden. Nina, Bing en Amir vinden elkaar in hun angst dat hun kinderen nooit meer terugkomen. Steef baalt als hij voetbal moet kijken met Shanti.","still":"https:\/\/img-opt.cdn.smartvod.com\/smartvod\/images\/videoland\/data\/images\/2\/g\/5eb7bb8dc5bd2_[format].jpg","runtime":1283,"editions":{"hd":{"price":0}},"is_downloadable":true},"E74130":{"id":74130,"ref":"E74130","type":"episode","position":92,"title":"Afl 6249 Di 19 Mei","description":"Merel, Steef en Demi bedenken een list om opa terug in huis te krijgen. Amir accepteert het niet als Anton Linda boven hem verkiest. Valentijn denkt Amelie te slim af te zijn. Shanti is overtijd; is ze zwanger?","still":"https:\/\/img-opt.cdn.smartvod.com\/smartvod\/images\/videoland\/data\/images\/h\/g\/5eb7bcbc18219_[format].jpg","runtime":1281,"editions":{"hd":{"price":0}},"is_downloadable":true},"E74129":{"id":74129,"ref":"E74129","type":"episode","position":93,"title":"Afl 6250 Wo 20 Mei","description":"Henk wil bij Laura wonen. Jojo probeert Ilyas voor zich te winnen. Tiffy en Lucas zoeken een nieuwe huisgenoot, maar het gaat mis bij de eerste ontmoeting. Nina maakt grote keuzes waarmee ze zowel Daan als Bing overrompelt.","still":"https:\/\/img-opt.cdn.smartvod.com\/smartvod\/images\/videoland\/data\/images\/p\/s\/5eb9a69d8e3fa_[format].jpg","runtime":1308,"editions":{"hd":{"price":0}},"is_downloadable":true},"E74131":{"id":74131,"ref":"E74131","type":"episode","position":94,"title":"Afl 6251 Do 21 Mei","description":"Merel is geschokt als ze ontdekt waarom Demi niet naar school wil. Nina en Bing lijken tot een wapenstilstand te komen. Daan krijgt zijn droombaan aangeboden. Waarom slaat Henk Tiffy in haar gezicht?","still":"https:\/\/img-opt.cdn.smartvod.com\/smartvod\/images\/videoland\/data\/images\/e\/l\/5ebbf65a72f9d_[format].jpg","runtime":1317,"editions":{"hd":{"price":0}},"is_downloadable":true},"E74423":{"id":74423,"ref":"E74423","type":"episode","position":95,"title":"Afl 6252 Ma 25 Mei","description":"Jojo doet mee aan de pubquiz om indruk te maken op Ilyas. Merel wil dat Demi eerlijk is tegen hun ouders. Valentijn komt in het nauw door Amelies actie. Amelie is verbijsterd als Ludo totaal anders reageert dan ze had verwacht.","still":"https:\/\/img-opt.cdn.smartvod.com\/smartvod\/images\/videoland\/data\/images\/x\/j\/5ebd08a0f1e61_[format].jpg","runtime":1267,"editions":{"hd":{"price":0}},"is_downloadable":true},"E74422":{"id":74422,"ref":"E74422","type":"episode","position":96,"title":"Afl 6253 Di 26 Mei","description":"Bing en Nina worstelen met hun verwarrende gevoelens als ze het scheidingsconvenant moeten tekenen. Linda vindt de arts van Janine incompetent en laat dat duidelijk merken. Jojo speelt vals. Lukt het haar om Ilyas zo te imponeren?","still":"https:\/\/img-opt.cdn.smartvod.com\/smartvod\/images\/videoland\/data\/images\/d\/j\/5ebd08afa3e7b_[format].jpg","runtime":1217,"editions":{"hd":{"price":0}},"is_downloadable":true},"E74424":{"id":74424,"ref":"E74424","type":"episode","position":97,"title":"Afl 6254 Wo 27 Mei","description":"Bing en Nina proberen elkaar los te laten. Ludo zoekt Valentijn, die spoorloos is. Lucas heeft een geheim waar Henk de dupe van wordt. Als Amelie Meerdijk wil verlaten, doet dit Amir meer dan hij had verwacht.","still":"https:\/\/img-opt.cdn.smartvod.com\/smartvod\/images\/videoland\/data\/images\/u\/0\/5ec4247f5c079_[format].jpg","runtime":1260,"editions":{"hd":{"price":0}},"is_downloadable":true},"E74425":{"id":74425,"ref":"E74425","type":"episode","position":98,"title":"Afl 6255 Do 28 Mei","description":"Amelie claimt niets te voelen voor Amir. Demi komt steeds verder in de problemen, maar houdt dit bij haar moeder weg. Ludo moet kiezen tussen Valentijn en het schilderij. Valentijn kiest eindelijk een kant in de strijd tussen Ludo en Richard.","still":"https:\/\/img-opt.cdn.smartvod.com\/smartvod\/images\/videoland\/data\/images\/p\/7\/5ec4e38350e51_[format].jpg","runtime":1320,"editions":{"hd":{"price":0}},"is_downloadable":true}}}