{"id":565,"ref":"S565","type":"series","title":"Het Zonnetje in Huis","year":2003,"rating":4,"poster":"https:\/\/img-opt.cdn.smartvod.com\/smartvod\/images\/videoland\/data\/images\/j\/t\/579a0bf165e83_[format].JPG","still":"https:\/\/img-opt.cdn.smartvod.com\/smartvod\/images\/videoland\/data\/images\/i\/f\/5760294e14fb4_[format].jpg","cast":{"actors":["Johnny Kraaijkamp jr.","Johnny Kraaijkamp sr.","Martine Bijl"]},"genres":["Komedie","Familie"],"refs":["SN981","SN1015","SN1153","SN1167","SN1221","SN1281","SN1549","SN1555","SN1557"],"is_adult":false,"is_kids":false,"is_available":true,"description":"Nederlandse comedyserie over de familie Bovenkerk.","nicam":{"al":"Alle leeftijden"},"language":"nl","language_full":"Nederlands","details":{"SN981":{"id":981,"ref":"SN981","type":"season","title":"1","position":1},"SN1015":{"id":1015,"ref":"SN1015","type":"season","title":"2","position":2,"refs":["E37261","E37321","E37323","E37325","E37327","E37329","E37331","E37333","E37335","E37337","E37339","E37341","E37343"]},"SN1153":{"id":1153,"ref":"SN1153","type":"season","title":"3","position":3},"SN1167":{"id":1167,"ref":"SN1167","type":"season","title":"4","position":4},"SN1221":{"id":1221,"ref":"SN1221","type":"season","title":"5","position":5},"SN1281":{"id":1281,"ref":"SN1281","type":"season","title":"6","position":6},"SN1549":{"id":1549,"ref":"SN1549","type":"season","title":"7","position":7},"SN1555":{"id":1555,"ref":"SN1555","type":"season","title":"8","position":8},"SN1557":{"id":1557,"ref":"SN1557","type":"season","title":"9","position":9},"E37261":{"id":37261,"ref":"E37261","type":"episode","position":1,"title":"De Belangrijke Klant","description":"Erik verzorgt een etentje voor een ogenschijnlijk chagrijnige, maar zeer belangrijke klant. Alle restaurants zitten helaas vol. Pa Bovenkerk heeft hier een oplossing voor.","still":"https:\/\/img-opt.cdn.smartvod.com\/smartvod\/images\/videoland\/data\/images\/3\/q\/55cc61f44e2f2_[format].png","runtime":1437,"editions":{"sd":{"price":0}},"is_downloadable":true},"E37321":{"id":37321,"ref":"E37321","type":"episode","position":2,"title":"Haar Van Boven","description":"Per ongeluk komt Piet terecht in een haarcommercial voor toupetten. De gevolgen van Piets nieuwe haardos strijkt menigeen tegen de haren in.","still":"https:\/\/img-opt.cdn.smartvod.com\/smartvod\/images\/videoland\/data\/images\/h\/f\/55cc630fe6083_[format].JPG","runtime":1443,"editions":{"sd":{"price":0}},"is_downloadable":true},"E37323":{"id":37323,"ref":"E37323","type":"episode","position":3,"title":"Voetbal Is Oorlog","description":"Piet maakt zich zorgen over de kosten van een begrafenis. Al zijn er voor hem belangrijkere zaken, zoals Ajax en een kapotte tv, die eerst afgehandeld moeten worden.","still":"https:\/\/img-opt.cdn.smartvod.com\/smartvod\/images\/videoland\/data\/images\/2\/c\/55cc64717c273_[format].png","runtime":1432,"editions":{"sd":{"price":0}},"is_downloadable":true},"E37325":{"id":37325,"ref":"E37325","type":"episode","position":4,"title":"Brieven Onder Nummer","description":"Cath plaatst een contactadvertentie voor Piet waar flink op gereageerd wordt. Vindt Piet tijd voor een afspraakje nu hij als paashaas werkt?","still":"https:\/\/img-opt.cdn.smartvod.com\/smartvod\/images\/videoland\/data\/images\/2\/z\/55cc66cf49aa0_[format].png","runtime":1436,"editions":{"sd":{"price":0}},"is_downloadable":true},"E37327":{"id":37327,"ref":"E37327","type":"episode","position":5,"title":"Het Konijn","description":"Piet past op de hond van een vriend en Cath gaat op bezoek bij haar moeder. Vrijheid blijheid in huize Bovenkerk. Totdat Kareltje de Slachter om de hoek komt kijken.","still":"https:\/\/img-opt.cdn.smartvod.com\/smartvod\/images\/videoland\/data\/images\/o\/q\/55cc6796056a4_[format].png","runtime":1294,"editions":{"sd":{"price":0}},"is_downloadable":true},"E37329":{"id":37329,"ref":"E37329","type":"episode","position":6,"title":"Gezinstherapie","description":"Cath en Erik willen in gezinstherapie met Piet. Piet is zich echter van geen probleem bewust. De therapeut blijkt al genoeg problemen van zichzelf te hebben.","still":"https:\/\/img-opt.cdn.smartvod.com\/smartvod\/images\/videoland\/data\/images\/4\/s\/55cc694923927_[format].png","runtime":1480,"editions":{"sd":{"price":0}},"is_downloadable":true},"E37331":{"id":37331,"ref":"E37331","type":"episode","position":7,"title":"Het Meesterwerk","description":"Cath krijgt een kunstwerk voor haar verjaardag. Als Piet hoort wat het kunstobject waard is, ziet hij zijn kans schoon om een eigen kunstcarri\u00e8re te beginnen.","still":"https:\/\/img-opt.cdn.smartvod.com\/smartvod\/images\/videoland\/data\/images\/r\/n\/55cc6a432ce36_[format].png","runtime":1176,"editions":{"sd":{"price":0}},"is_downloadable":true},"E37333":{"id":37333,"ref":"E37333","type":"episode","position":8,"title":"De Haastklus","description":"Piet denkt dat Erik en Cath hem weg willen stoppen in een bejaardentehuis. Hij doet er alles aan om te zorgen dat hij onmisbaar wordt.","still":"https:\/\/img-opt.cdn.smartvod.com\/smartvod\/images\/videoland\/data\/images\/c\/t\/55cc6cbba5c1b_[format].png","runtime":1333,"editions":{"sd":{"price":0}},"is_downloadable":true},"E37335":{"id":37335,"ref":"E37335","type":"episode","position":9,"title":"De Nieuwe Jongen","description":"Erik heeft een nieuwe jongen op zijn werk, Marco, die op zijn plek uit lijkt te zijn. Marco heeft echter een dubbele agenda en dat komt Erik duur te staan.","still":"https:\/\/img-opt.cdn.smartvod.com\/smartvod\/images\/videoland\/data\/images\/p\/y\/55cc6da599c66_[format].png","runtime":1297,"editions":{"sd":{"price":0}},"is_downloadable":true},"E37337":{"id":37337,"ref":"E37337","type":"episode","position":10,"title":"Verliefd","description":"Cath krijgt een feministe op bezoek en daarom moet Piet de deur uit. Hij bezoekt een hypnotiseur en komt daar compleet veranderd vandaan. Of toch niet?","still":"https:\/\/img-opt.cdn.smartvod.com\/smartvod\/images\/videoland\/data\/images\/c\/e\/55cc6ec2568a6_[format].png","runtime":1439,"editions":{"sd":{"price":0}},"is_downloadable":true},"E37339":{"id":37339,"ref":"E37339","type":"episode","position":11,"title":"De Seance","description":"Cath verkoopt spullen voor een goed doel. Tussen de spullen zit een letterplank om geesten op te roepen. Cath vindt het eng, maar Piet\u00a0wil hem testen.","still":"https:\/\/img-opt.cdn.smartvod.com\/smartvod\/images\/videoland\/data\/images\/4\/l\/55cc7a4f41691_[format].png","runtime":1452,"editions":{"sd":{"price":0}},"is_downloadable":true},"E37341":{"id":37341,"ref":"E37341","type":"episode","position":12,"title":"Geld Maakt Gelukkig","description":"Piet erft een flink geldbedrag van een onbekend familielid. Hij voelt zich de koning te rijk. Maar een koning is natuurlijk niks zonder een koningin.","still":"https:\/\/img-opt.cdn.smartvod.com\/smartvod\/images\/videoland\/data\/images\/x\/9\/55cc7e7710e10_[format].png","runtime":1355,"editions":{"sd":{"price":0}},"is_downloadable":true},"E37343":{"id":37343,"ref":"E37343","type":"episode","position":13,"title":"De Surpriseparty","description":"Piet en Bert organiseren een verrassingsfeest voor Freds verjaardag, maar hun stamkroeg is al volgeboekt. Cath en Erik gaan een weekendje naar Parijs.","still":"https:\/\/img-opt.cdn.smartvod.com\/smartvod\/images\/videoland\/data\/images\/n\/u\/55cc7ea1e666a_[format].png","runtime":1472,"editions":{"sd":{"price":0}},"is_downloadable":true}}}