{"id":500590,"ref":"S500590","type":"series","title":"Woezel & Pip: Vriendjesclub","year":2021,"rating":5,"poster":"https:\/\/img-opt.cdn.smartvod.com\/smartvod\/images\/videoland\/data\/images\/i\/u\/6037fc5d9f477_[format].jpg","still":"https:\/\/img-opt.cdn.smartvod.com\/smartvod\/images\/videoland\/data\/images\/l\/3\/603e3ee56138c_[format].jpg","cast":{},"genres":["Kids"],"refs":["SN4085","SN4209","SN4320"],"is_adult":false,"is_kids":true,"is_available":true,"description":"Woezel en Pip krijgen een eigen exclusieve serie waarin ze de allerkleinsten meenemen op ontdekkingsreis. Vanuit hun omgetoverde televisiestudio videobellen ze met vriendjes uit het hele land en schakelen ze met hun live reporters op locatie bij de kindjes thuis. \r\n\r\nVoor elke aflevering is een knutselwerkje voor thuis en deze kun je downloaden op www.videoland.com\/nl\/vriendjesclub","nicam":{"al":"Alle leeftijden"},"language":"nl","language_full":"Nederlands","details":{"SN4085":{"id":4085,"ref":"SN4085","type":"season","title":"1","position":1},"SN4209":{"id":4209,"ref":"SN4209","type":"season","title":"2","position":2,"refs":["E86446","E86445","E86451","E86444","E86450","E86448","E86449"]},"SN4320":{"id":4320,"ref":"SN4320","type":"season","title":"3","position":3},"E86446":{"id":86446,"ref":"E86446","type":"episode","position":1,"title":"Woezel & Pip De Vriendjesclub  - Samen Bouwen","description":"Tik tik, tok tok. De hele Tovertuin wordt verbouwd! Charlie laat zien dat hij de hoogste blokkentoren kan bouwen. Buurpoes leert Charlie hoe hij een huis tekent. Woezel en Pip bouwen in de boomhut met hamer en zaag een groot nest voor alle vriendjes samen!","still":"https:\/\/img-opt.cdn.smartvod.com\/smartvod\/images\/videoland\/data\/images\/r\/y\/6086b3ab2f312_[format].jpg","runtime":800,"editions":{"hd":{"price":0}},"is_downloadable":true},"E86445":{"id":86445,"ref":"E86445","type":"episode","position":2,"title":"Woezel & Pip De Vriendjesclub  - Wat Doe Jij Vandaag?","description":"De Tovertuinvriendjes gaan naar de supermarkt! De Wijze Varen neemt Woezel en Pip mee naar een echte appelboomgaard en Charlie laat zien hoe al dat eten in de supermarkt komt.","still":"https:\/\/img-opt.cdn.smartvod.com\/smartvod\/images\/videoland\/data\/images\/3\/w\/6086b3a8bff7b_[format].jpg","runtime":841,"editions":{"hd":{"price":0}},"is_downloadable":true},"E86451":{"id":86451,"ref":"E86451","type":"episode","position":3,"title":"Woezel & Pip De Vriendjesclub  - Het Feestje Van Buurpoes!","description":"Hoera! Het is feest! Buurpoes is jarig en alle vriendjes zijn in touw om het allerleukste feestje ooit te geven. Wat een fijne verjaardag! Kom je ook?","still":"https:\/\/img-opt.cdn.smartvod.com\/smartvod\/images\/videoland\/data\/images\/5\/y\/6086b3ad2156a_[format].jpg","runtime":856,"editions":{"hd":{"price":0}},"is_downloadable":true},"E86444":{"id":86444,"ref":"E86444","type":"episode","position":4,"title":"Woezel & Pip De Vriendjesclub  - Naar De Dokter","description":"Weet jij waar je hart zit? En maakt jouw neus ook zo'n grappig geluid als je erop drukt? Woezel, Pip en de andere vriendjes ontdekken van alles over het lichaam.","still":"https:\/\/img-opt.cdn.smartvod.com\/smartvod\/images\/videoland\/data\/images\/j\/8\/6086b3a4ce9b8_[format].jpg","runtime":729,"editions":{"hd":{"price":0}},"is_downloadable":true},"E86450":{"id":86450,"ref":"E86450","type":"episode","position":5,"title":"Woezel & Pip De Vriendjesclub  - Groeien En Bloeien","description":"Wat is jouw favoriete seizoen? Woezel en Pip moeten het nog bedenken, want elk seizoen maakt ze blij.","still":"https:\/\/img-opt.cdn.smartvod.com\/smartvod\/images\/videoland\/data\/images\/3\/x\/6086b3b47fefc_[format].jpg","runtime":800,"editions":{"hd":{"price":0}},"is_downloadable":true},"E86448":{"id":86448,"ref":"E86448","type":"episode","position":6,"title":"Woezel & Pip De Vriendjesclub  - De Eerste Keer..!","description":"Buurpoes wisselt voor het eerst een tand en krijgt bezoek van de tandenfee. Een lief vriendje leert Molletje veters strikken. Woezel en Pip bereiden zich voor op hun allereerste dagje school.","still":"https:\/\/img-opt.cdn.smartvod.com\/smartvod\/images\/videoland\/data\/images\/3\/w\/6086b3b2a55b1_[format].jpg","runtime":800,"editions":{"hd":{"price":0}},"is_downloadable":true},"E86449":{"id":86449,"ref":"E86449","type":"episode","position":7,"title":"Woezel & Pip De Vriendjesclub  - De Leukste Avonturen","description":"Molletje vertelt het spannende verhaal van Rapunzel. Buurpoes probeert een kikker terug te veranderen in prins Charlie. De Wijze Varen neemt Woezel en Pip mee naar een echt sprookjeskasteel.","still":"https:\/\/img-opt.cdn.smartvod.com\/smartvod\/images\/videoland\/data\/images\/w\/9\/6086b3b0b12fd_[format].jpg","runtime":840,"editions":{"hd":{"price":0}},"is_downloadable":true}}}