{"id":500664,"ref":"S500664","type":"series","title":"Zo Kan Het Ook","year":2021,"rating":4,"poster":"https:\/\/img-opt.cdn.smartvod.com\/smartvod\/images\/videoland\/data\/images\/8\/o\/608c2966d8247_[format].jpg","still":"https:\/\/img-opt.cdn.smartvod.com\/smartvod\/images\/videoland\/data\/images\/6\/6\/612f9da8d1e09_[format].jpg","cast":{},"genres":["Informatief"],"refs":["SN4244","SN4435"],"is_adult":false,"is_kids":false,"is_available":true,"description":"De wereld verandert in hoog tempo en mensen worden steeds veeleisender. We willen duurzamer, gezonder en vooral ook gelukkiger leven. Hoe spelen bedrijven en organisaties in op deze steeds hogere verwachtingen? En hoe weten zij zich succesvol te onderscheiden van de rest?","nicam":{"al":"Alle leeftijden"},"language":"nl","language_full":"Nederlands","details":{"SN4244":{"id":4244,"ref":"SN4244","type":"season","title":"5","position":5},"SN4435":{"id":4435,"ref":"SN4435","type":"season","title":"6","position":6,"refs":["E90149","E90147","E90148","E90150","E90515","E90722","E90721","E91376","E91496"]},"E90149":{"id":90149,"ref":"E90149","type":"episode","position":1,"title":"","description":"De wereld verandert in hoog tempo en mensen worden steeds veeleisender. We willen duurzamer, gezonder en vooral ook gelukkiger leven. Hoe spelen bedrijven en organisaties in op deze steeds hogere verwachtingen? En hoe weten zij zich succesvol te onderscheiden van de rest?","still":"https:\/\/img-opt.cdn.smartvod.com\/smartvod\/images\/videoland\/data\/images\/6\/6\/612f9da8d1e09_[format].jpg","runtime":1260,"editions":{"hd":{"price":0}},"is_downloadable":false},"E90147":{"id":90147,"ref":"E90147","type":"episode","position":2,"title":"","description":"De wereld verandert in hoog tempo en mensen worden steeds veeleisender. We willen duurzamer, gezonder en vooral ook gelukkiger leven. Hoe spelen bedrijven en organisaties in op deze steeds hogere verwachtingen? En hoe weten zij zich succesvol te onderscheiden van de rest?","still":"https:\/\/img-opt.cdn.smartvod.com\/smartvod\/images\/videoland\/data\/images\/n\/t\/6131e79f1b8d5_[format].jpg","runtime":1320,"editions":{"hd":{"price":0}},"is_downloadable":false},"E90148":{"id":90148,"ref":"E90148","type":"episode","position":3,"title":"","description":"De wereld verandert in hoog tempo en mensen worden steeds veeleisender. We willen duurzamer, gezonder en vooral ook gelukkiger leven. Hoe spelen bedrijven en organisaties in op deze steeds hogere verwachtingen? En hoe weten zij zich succesvol te onderscheiden van de rest?","still":"https:\/\/img-opt.cdn.smartvod.com\/smartvod\/images\/videoland\/data\/images\/p\/c\/617a9a429a754_[format].jpg","runtime":1260,"editions":{"hd":{"price":0}},"is_downloadable":false},"E90150":{"id":90150,"ref":"E90150","type":"episode","position":4,"title":"","description":"De wereld verandert in hoog tempo en mensen worden steeds veeleisender. We willen duurzamer, gezonder en vooral ook gelukkiger leven. Hoe spelen bedrijven en organisaties in op deze steeds hogere verwachtingen? En hoe weten zij zich succesvol te onderscheiden van de rest?","still":"https:\/\/img-opt.cdn.smartvod.com\/smartvod\/images\/videoland\/data\/images\/b\/i\/6141fe9641dcd_[format].jpg","runtime":1320,"editions":{"hd":{"price":0}},"is_downloadable":false},"E90515":{"id":90515,"ref":"E90515","type":"episode","position":5,"title":"","description":"De wereld verandert in hoog tempo en mensen worden steeds veeleisender. We willen duurzamer, gezonder en vooral ook gelukkiger leven. Hoe spelen bedrijven en organisaties in op deze steeds hogere verwachtingen? En hoe weten zij zich succesvol te onderscheiden van de rest?","still":"https:\/\/img-opt.cdn.smartvod.com\/smartvod\/images\/videoland\/data\/images\/9\/1\/614dd574a9b9d_[format].jpg","runtime":1320,"editions":{"hd":{"price":0}},"is_downloadable":false},"E90722":{"id":90722,"ref":"E90722","type":"episode","position":6,"title":"","description":"De wereld verandert in hoog tempo en mensen worden steeds veeleisender. We willen duurzamer, gezonder en vooral ook gelukkiger leven. Hoe spelen bedrijven en organisaties in op deze steeds hogere verwachtingen? En hoe weten zij zich succesvol te onderscheiden van de rest?","still":"https:\/\/img-opt.cdn.smartvod.com\/smartvod\/images\/videoland\/data\/images\/r\/3\/615aafe5e2da7_[format].jpg","runtime":1260,"editions":{"hd":{"price":0}},"is_downloadable":false},"E90721":{"id":90721,"ref":"E90721","type":"episode","position":7,"title":"","description":"De wereld verandert in hoog tempo en mensen worden steeds veeleisender. We willen duurzamer, gezonder en vooral ook gelukkiger leven. Hoe spelen bedrijven en organisaties in op deze steeds hogere verwachtingen? En hoe weten zij zich succesvol te onderscheiden van de rest?","still":"https:\/\/img-opt.cdn.smartvod.com\/smartvod\/images\/videoland\/data\/images\/q\/d\/6156f7fe8ff73_[format].jpg","runtime":1320,"editions":{"hd":{"price":0}},"is_downloadable":false},"E91376":{"id":91376,"ref":"E91376","type":"episode","position":8,"title":"","description":"De wereld verandert in hoog tempo en mensen worden steeds veeleisender. We willen duurzamer, gezonder en vooral ook gelukkiger leven. Hoe spelen bedrijven en organisaties in op deze steeds hogere verwachtingen? En hoe weten zij zich succesvol te onderscheiden van de rest?","still":"https:\/\/img-opt.cdn.smartvod.com\/smartvod\/images\/videoland\/data\/images\/p\/f\/6171a3f855bba_[format].jpg","runtime":1260,"editions":{"hd":{"price":0}},"is_downloadable":false},"E91496":{"id":91496,"ref":"E91496","type":"episode","position":9,"title":"","description":"De wereld verandert in hoog tempo en mensen worden steeds veeleisender. We willen duurzamer, gezonder en vooral ook gelukkiger leven. Hoe spelen bedrijven en organisaties in op deze steeds hogere verwachtingen? En hoe weten zij zich succesvol te onderscheiden van de rest?","still":"https:\/\/img-opt.cdn.smartvod.com\/smartvod\/images\/videoland\/data\/images\/2\/v\/6172df0e545eb_[format].jpg","runtime":1320,"editions":{"hd":{"price":0}},"is_downloadable":false}}}