{"id":500963,"ref":"S500963","type":"series","title":"Bergerac","year":1989,"rating":4,"poster":"https:\/\/img-opt.cdn.smartvod.com\/smartvod\/images\/videoland\/data\/images\/j\/q\/62d675c3e2201_[format].jpg","still":"https:\/\/img-opt.cdn.smartvod.com\/smartvod\/images\/videoland\/data\/images\/2\/0\/0658a53c36edd_[format].jpg","cast":{"actors":["John Nettles"]},"genres":["Drama","Misdaad","Mysterie"],"refs":["SN5089","SN5090","SN5196"],"is_adult":false,"is_kids":false,"is_available":true,"description":"Een naakte man zwerft over het eiland Jersey. Hij lijdt aan geheugenverlies. Rechercheur Jim Bergerac ontdekt dat de man, Smythe, zijn vrouw heeft vermoord. De vrienden van Smythe blijken levensgevaarlijk en Bergerac roept de hulp in van de excentrieke Belle.","nicam":{"9":"Mogelijk schadelijk tot 9 jaar","angst":"Angst"},"language":"en","language_full":"Engels","details":{"SN5089":{"id":5089,"ref":"SN5089","type":"season","title":"5","position":5},"SN5090":{"id":5090,"ref":"SN5090","type":"season","title":"6","position":6},"SN5196":{"id":5196,"ref":"SN5196","type":"season","title":"7","position":7,"refs":["E102512","E102510","E102505"]},"E102512":{"id":102512,"ref":"E102512","type":"episode","position":1,"title":"Sea Changes","description":"Een dode zeeman wordt uit het water gevist, naast een vat vol chemicali\u00ebn. Andere vaten uit dezelfde vracht blijken onvindbaar. Vervolgens verdwijnt de Marokkaanse importeur van de vracht spoorloos, net als enkele Engelse meisjes. Zij werden voor het laatst gezien met een man genaamd Alex. De ambitieuze politievrouw Maria Duvane hoopt Alex in de val te lokken.","still":"https:\/\/img-opt.cdn.smartvod.com\/smartvod\/images\/videoland\/data\/images\/z\/u\/53674d1e1947f_[format].jpeg","runtime":3188,"editions":{"hd":{"price":0}},"is_downloadable":true},"E102510":{"id":102510,"ref":"E102510","type":"episode","position":2,"title":"Natural Enemies","description":"Charlie krijgt onheilspellende telefoontjes en een uitgeknipt krantenartikel, waarin wordt gesuggereerd dat hij verantwoordelijk is voor de dood van een oude vrouw. Jim richt zijn pijlen op Jacky Cook, een jonge pyromaan uit Londen die op vakantie is op Jersey, maar vraagt zich af wat haar motief kan zijn.","still":"https:\/\/img-opt.cdn.smartvod.com\/smartvod\/images\/videoland\/data\/images\/z\/u\/53674d1e1947f_[format].jpeg","runtime":3228,"editions":{"hd":{"price":0}},"is_downloadable":true},"E102505":{"id":102505,"ref":"E102505","type":"episode","position":3,"title":"Tangos In The Night","description":"De diamanten van Lady Trowbridge zijn gestolen. Ze doet binnenkort mee aan een tangowedstrijd en Jim verdenkt in eerste instantie haar dansleraar, die heeft gelogen over zijn afkomst. Maar binnen de danswereld en de high society op Jersey bevinden zich nog meer verdachten.","still":"https:\/\/img-opt.cdn.smartvod.com\/smartvod\/images\/videoland\/data\/images\/z\/u\/53674d1e1947f_[format].jpeg","runtime":3269,"editions":{"hd":{"price":0}},"is_downloadable":true}}}