{"id":500810,"ref":"S500810","type":"series","title":"Batwoman","year":2021,"rating":4,"poster":"https:\/\/img-opt.cdn.smartvod.com\/smartvod\/images\/videoland\/data\/images\/4\/x\/61a77ee2542d1_[format].jpg","still":"https:\/\/img-opt.cdn.smartvod.com\/smartvod\/images\/videoland\/data\/images\/5\/s\/61cd6ad15599c_[format].jpg","cast":{"actors":["Rachel Skarsten","Ruby Rose","Meagan Tandy","Nicole Kang","Camrus Johnson"]},"genres":["Actie","Drama"],"refs":["SN4657","SN4658","SN4662"],"is_adult":false,"is_kids":false,"is_available":true,"description":"Drie jaar na Batmans mysterieuze verdwijning heerst er chaos in Gotham City. Jacob Kane probeert met zijn beveiligingsbedrijf de stad te beschermen tegen bendes. Kanes dochter, Kate, besluit een stapje verder te gaan: als Batwoman gaat ze de strijd met de zwaarste criminelen aan.","nicam":{"16":"Mogelijk schadelijk tot 16 jaar","geweld":"Geweld","taalgebruik":"Grof Taalgebruik"},"language":"en","language_full":"Engels","details":{"SN4657":{"id":4657,"ref":"SN4657","type":"season","title":"1","position":1},"SN4658":{"id":4658,"ref":"SN4658","type":"season","title":"2","position":2,"refs":["E93339","E93337","E93345","E93335","E93355","E93349","E93350","E93361","E93354","E93359","E93347","E93360","E93351","E93363","E93362","E93358","E93357","E93356"]},"SN4662":{"id":4662,"ref":"SN4662","type":"season","title":"3","position":3},"E93339":{"id":93339,"ref":"E93339","type":"episode","position":1,"title":"Whatever Happened To Kate Kane?","description":"Kate Kane is nog steeds vermist. De dakloze 25-jarige Ryan Wilder stuit op Batwomans pak en besluit dan dat ze niet langer een slachtoffer wil zijn. Met het pak aan gaat ze aan de slag in Gotham en schakelt ze leden van de nieuwe bende False Face Society uit. 'Bruce Wayne' keert terug naar Gotham, zogenaamd omdat hij op zoek is naar Kate. Maar eigenlijk wil hij zijn pak terug.","still":"https:\/\/img-opt.cdn.smartvod.com\/smartvod\/images\/videoland\/data\/images\/v\/s\/61cb2fd365918_[format].jpg","runtime":2423,"editions":{"hd":{"price":0}},"is_downloadable":true},"E93337":{"id":93337,"ref":"E93337","type":"episode","position":2,"title":"Prior Criminal History","description":"Alice heeft een sluw plan om de aandacht van zowel Gotham als Safiyah te trekken. Nu Kate nog steeds vermist is en de stad in opstand komt, zijn Luke en Mary wanhopig op zoek naar een plaatsvervanger. Ryan staat voor het eerst oog in oog met Alice.","still":"https:\/\/img-opt.cdn.smartvod.com\/smartvod\/images\/videoland\/data\/images\/r\/l\/61cb2fda86bdf_[format].jpg","runtime":2337,"editions":{"hd":{"price":0}},"is_downloadable":true},"E93345":{"id":93345,"ref":"E93345","type":"episode","position":3,"title":"Bat Girl Magic!","description":"Ryan probeert zichzelf te bewijzen als Batwoman en staat voor dezelfde uitdaging als alle superhelden: het leiden van een dubbelleven. Mary is nog steeds positief over Ryan, maar Luke twijfelt. Kane wil de aanvoer van de drug Snakebite in Gotham stoppen.","still":"https:\/\/img-opt.cdn.smartvod.com\/smartvod\/images\/videoland\/data\/images\/f\/7\/61cb2fe273d96_[format].jpg","runtime":2432,"editions":{"hd":{"price":0}},"is_downloadable":true},"E93335":{"id":93335,"ref":"E93335","type":"episode","position":4,"title":"Fair Skin, Blue Eyes","description":"Terwijl Batwoman probeert de verspreiding van de nieuwe drug Snakebite in Gotham te bestrijden, wordt ze met haar pijnlijke verleden geconfronteerd. Degenen die het dichtst bij Kate staan, denken dat ze nog leeft.","still":"https:\/\/img-opt.cdn.smartvod.com\/smartvod\/images\/videoland\/data\/images\/q\/f\/61cb2ea68aa7d_[format].jpg","runtime":2430,"editions":{"hd":{"price":0}},"is_downloadable":true},"E93355":{"id":93355,"ref":"E93355","type":"episode","position":5,"title":"Gore On Canvas","description":"Kane en Moore vragen Batwoman een berucht kunstwerk te promoten. Ryan heeft haar bedenkingen, maar Luke en Mary overtuigen haar om de opdracht aan te nemen. Dit zorgt voor spanningen binnen het Batteam.","still":"https:\/\/img-opt.cdn.smartvod.com\/smartvod\/images\/videoland\/data\/images\/3\/1\/61cb2fe620098_[format].jpg","runtime":2431,"editions":{"hd":{"price":0}},"is_downloadable":true},"E93349":{"id":93349,"ref":"E93349","type":"episode","position":6,"title":"Do Not Resuscitate","description":"De Kryptonite-wond van Ryan Wilder verslechtert en daardoor kan Batwoman Gotham niet goed beschermen. Alices hernieuwde band met een medebewoner van Coryana, een belastingparadijs en een centrum van misdaad, brengt onverwachte complicaties met zich mee.","still":"https:\/\/img-opt.cdn.smartvod.com\/smartvod\/images\/videoland\/data\/images\/4\/6\/61cb2fd8a4269_[format].jpg","runtime":2431,"editions":{"hd":{"price":0}},"is_downloadable":true},"E93350":{"id":93350,"ref":"E93350","type":"episode","position":7,"title":"It's Best You Stop Digging","description":"Ryans toestand verslechtert. Ze zet vraagtekens bij de Batwoman-gedragscode om niet te doden als ze zich realiseert dat de kans om haar moeder te wreken steeds kleiner wordt. Tatiana vult de hiaten voor Alice in over haar tijd op Coryana en haar geschiedenis met Ocean.","still":"https:\/\/img-opt.cdn.smartvod.com\/smartvod\/images\/videoland\/data\/images\/1\/v\/61cb2fef01e66_[format].jpg","runtime":2432,"editions":{"hd":{"price":0}},"is_downloadable":true},"E93361":{"id":93361,"ref":"E93361","type":"episode","position":8,"title":"Survived Much Worse","description":"Batwomans krachten worden flink op de proef gesteld terwijl Alice op zoek gaat naar Kate. Sophie en Jacob hebben hun zinnen gezet op Coryana. Luke en Mary krijgen een onverwachte bezoeker.","still":"https:\/\/img-opt.cdn.smartvod.com\/smartvod\/images\/videoland\/data\/images\/z\/k\/61cb2fdd9d9f6_[format].jpg","runtime":2430,"editions":{"hd":{"price":0}},"is_downloadable":true},"E93354":{"id":93354,"ref":"E93354","type":"episode","position":9,"title":"Rule #1","description":"Batwoman gaat de confrontatie aan met Gothams grootste vijand. Kates dierbaren moeten door nieuwe informatie een aantal moeilijk beslissingen nemen. Ryans gevoelens voor Angelique brengen haar samenwerking met Luke en Mary in gevaar.","still":"https:\/\/img-opt.cdn.smartvod.com\/smartvod\/images\/videoland\/data\/images\/h\/1\/61cb2fdf2aa01_[format].jpg","runtime":2370,"editions":{"hd":{"price":0}},"is_downloadable":true},"E93359":{"id":93359,"ref":"E93359","type":"episode","position":10,"title":"Time Off For Good Behavior","description":"Terwijl Batwoman haar uiterste best doet om Black Mask te verslaan, duikt er een nieuwe vijand op. Dit leidt de aandacht van het Batteam naar een verontrustend probleem in Gotham. Alice en Julia Pennyworth ontdekken dat ze een gemeenschappelijke vijand hebben.","still":"https:\/\/img-opt.cdn.smartvod.com\/smartvod\/images\/videoland\/data\/images\/9\/v\/61cb2fdc232e2_[format].jpg","runtime":2430,"editions":{"hd":{"price":0}},"is_downloadable":true},"E93347":{"id":93347,"ref":"E93347","type":"episode","position":11,"title":"Arrive Alive","description":"Batwoman en The Crows zitten beide de False Face Society op de hielen, die ingredi\u00ebnten voor de drug Snakebite van Gotham City Pharmaceuticals steelt. Dit zorgt voor spanningen en een botsing dreigt. Ryan Wilder smeekt Sophie Moore haar te helpen Kate te vinden.","still":"https:\/\/img-opt.cdn.smartvod.com\/smartvod\/images\/videoland\/data\/images\/d\/h\/61cb2ea85dace_[format].jpg","runtime":2431,"editions":{"hd":{"price":0}},"is_downloadable":true},"E93360":{"id":93360,"ref":"E93360","type":"episode","position":12,"title":"Initiate Self-Destruct","description":"Ryan staat voor een moeilijke beslissing, die Batwomans identiteit kan blootleggen. Hierdoor ontstaat ruzie binnen het Batteam. De plannen die Black Mask voor Kate Kane heeft, lijken zich te ontvouwen. Alice wordt herenigd met iemand uit haar verleden. Sophie moet beslissen waar haar loyaliteit ligt.","still":"https:\/\/img-opt.cdn.smartvod.com\/smartvod\/images\/videoland\/data\/images\/l\/r\/61cb2fe45d9bb_[format].jpg","runtime":2423,"editions":{"hd":{"price":0}},"is_downloadable":true},"E93351":{"id":93351,"ref":"E93351","type":"episode","position":13,"title":"I'll Give You A Clue","description":"Sophie moet het opnemen tegen een vijand uit haar begintijd bij de Crows. Ryan, Mary en Luke raken ook betrokken bij deze strijd. Ondertussen draaien de rollen om voor Alice wanneer ze in heikele omstandigheden belandt. Jacob herbeleeft het verleden.","still":"https:\/\/img-opt.cdn.smartvod.com\/smartvod\/images\/videoland\/data\/images\/w\/s\/61cb2fe0dee40_[format].jpg","runtime":2432,"editions":{"hd":{"price":0}},"is_downloadable":true},"E93363":{"id":93363,"ref":"E93363","type":"episode","position":14,"title":"...And Justice For All","description":"Batwoman staat voor een nieuwe uitdaging wanneer de zucht van Gothams Snakebite-verslaafden onverzadigbaar wordt. Ondertussen houdt Mary Jacob in de gaten in haar medische kliniek. Ze wil meer weten over zijn Snakebiteverslaving.","still":"https:\/\/img-opt.cdn.smartvod.com\/smartvod\/images\/videoland\/data\/images\/8\/r\/61cb2fed24c84_[format].jpg","runtime":2427,"editions":{"hd":{"price":0}},"is_downloadable":true},"E93362":{"id":93362,"ref":"E93362","type":"episode","position":15,"title":"Armed And Dangerous","description":"Terwijl het leven van Luke Fox op het spel staat, zorgen de gevolgen van de verwoestende gebeurtenis dat zijn naasten versneld voor enkele ingrijpende keuzes komen te staan. Betekent dit het einde?","still":"https:\/\/img-opt.cdn.smartvod.com\/smartvod\/images\/videoland\/data\/images\/9\/u\/61cb2fd537ad1_[format].jpg","runtime":2418,"editions":{"hd":{"price":0}},"is_downloadable":true},"E93358":{"id":93358,"ref":"E93358","type":"episode","position":16,"title":"Rebirth","description":"Een bekende vijand brengt een bezoekje aan Gotham. Batwoman en Mary beseffen dat ze meer dan ooit op elkaar moeten vertrouwen. Alice heeft een nieuwe missie en krijgt hulp uit onverwachte hoek.","still":"https:\/\/img-opt.cdn.smartvod.com\/smartvod\/images\/videoland\/data\/images\/9\/b\/61cb2fe88cd90_[format].jpg","runtime":2432,"editions":{"hd":{"price":0}},"is_downloadable":true},"E93357":{"id":93357,"ref":"E93357","type":"episode","position":17,"title":"Kane, Kate","description":"Batwoman heeft het moeilijk, nu Black Mask de inzet blijft verhogen met Circe als handlanger. Ondertussen kruisen de paden van Alice en Safiyah elkaar weer.","still":"https:\/\/img-opt.cdn.smartvod.com\/smartvod\/images\/videoland\/data\/images\/u\/d\/61cb2fd6e136a_[format].jpg","runtime":2421,"editions":{"hd":{"price":0}},"is_downloadable":true},"E93356":{"id":93356,"ref":"E93356","type":"episode","position":18,"title":"Power","description":"Ryan Wilder trekt haar rol als stadsheld in twijfel. Luke Fox, Mary Hamilton, Sophie Moore en Ryan moeten hun krachten bundelen als Black Mask chaos veroorzaakt in Gotham. Alices poging om haar zus te redden, zorgt voor een nieuwe confrontatie met Circe. Een strijd van epische proporties en met onverwachte bondgenootschappen staat op uitbreken.","still":"https:\/\/img-opt.cdn.smartvod.com\/smartvod\/images\/videoland\/data\/images\/j\/i\/61cb2fea6510d_[format].jpg","runtime":2427,"editions":{"hd":{"price":0}},"is_downloadable":true}}}