{"id":500395,"ref":"S500395","type":"series","title":"Plezier En Passie","year":2022,"rating":4,"poster":"https:\/\/img-opt.cdn.smartvod.com\/smartvod\/images\/videoland\/data\/images\/o\/y\/5ef5da3935def_[format].jpg","still":"https:\/\/img-opt.cdn.smartvod.com\/smartvod\/images\/videoland\/data\/images\/y\/r\/5ef5da47d441d_[format].jpg","cast":{},"genres":["Lifestyle"],"refs":["SN3542","SN3887","SN4196","SN4289","SN4586","SN4931","SN5012"],"is_adult":false,"is_kids":false,"is_available":true,"description":"Een bezoek aan de leukste plekken in zowel binnen- als buitenland waar het heerlijk ontspannen en genieten is. We volgen enthousiaste Nederlanders die met veel plezier en vol passie hun vrije tijd invullen.","nicam":{"al":"Alle leeftijden"},"language":"nl","language_full":"Nederlands","details":{"SN3542":{"id":3542,"ref":"SN3542","type":"season","title":"14","position":14},"SN3887":{"id":3887,"ref":"SN3887","type":"season","title":"15","position":15},"SN4196":{"id":4196,"ref":"SN4196","type":"season","title":"16","position":16},"SN4289":{"id":4289,"ref":"SN4289","type":"season","title":"17","position":17},"SN4586":{"id":4586,"ref":"SN4586","type":"season","title":"18","position":18},"SN4931":{"id":4931,"ref":"SN4931","type":"season","title":"19","position":19},"SN5012":{"id":5012,"ref":"SN5012","type":"season","title":"20","position":20,"refs":["E99366","E99375","E99842","E100083","E100426","E100475","E100812"]},"E99366":{"id":99366,"ref":"E99366","type":"episode","position":1,"title":"","description":"Een bezoek aan de leukste plekken in zowel binnen- als buitenland waar het heerlijk ontspannen en genieten is. We volgen enthousiaste Nederlanders die met veel plezier en vol passie hun vrije tijd invullen.","still":"https:\/\/img-opt.cdn.smartvod.com\/smartvod\/images\/videoland\/data\/images\/g\/6\/62a726b999281_[format].jpg","runtime":1320,"editions":{"hd":{"price":0}},"is_downloadable":false},"E99375":{"id":99375,"ref":"E99375","type":"episode","position":2,"title":"","description":"Een bezoek aan de leukste plekken in zowel binnen- als buitenland waar het heerlijk ontspannen en genieten is. We volgen enthousiaste Nederlanders die met veel plezier en vol passie hun vrije tijd invullen.","still":"https:\/\/img-opt.cdn.smartvod.com\/smartvod\/images\/videoland\/data\/images\/x\/b\/62b028961bbe3_[format].jpg","runtime":1320,"editions":{"hd":{"price":0}},"is_downloadable":false},"E99842":{"id":99842,"ref":"E99842","type":"episode","position":3,"title":"","description":"Een bezoek aan de leukste plekken in zowel binnen- als buitenland waar het heerlijk ontspannen en genieten is. We volgen enthousiaste Nederlanders die met veel plezier en vol passie hun vrije tijd invullen.","still":"https:\/\/img-opt.cdn.smartvod.com\/smartvod\/images\/videoland\/data\/images\/2\/m\/62b964eb580a8_[format].jpg","runtime":1320,"editions":{"hd":{"price":0}},"is_downloadable":false},"E100083":{"id":100083,"ref":"E100083","type":"episode","position":4,"title":"","description":"Een bezoek aan de leukste plekken in zowel binnen- als buitenland waar het heerlijk ontspannen en genieten is. We volgen enthousiaste Nederlanders die met veel plezier en vol passie hun vrije tijd invullen.","still":"https:\/\/img-opt.cdn.smartvod.com\/smartvod\/images\/videoland\/data\/images\/m\/5\/62beabbb21c60_[format].jpg","runtime":1320,"editions":{"hd":{"price":0}},"is_downloadable":false},"E100426":{"id":100426,"ref":"E100426","type":"episode","position":5,"title":"","description":"Een bezoek aan de leukste plekken in zowel binnen- als buitenland waar het heerlijk ontspannen en genieten is. We volgen enthousiaste Nederlanders die met veel plezier en vol passie hun vrije tijd invullen.","still":"https:\/\/img-opt.cdn.smartvod.com\/smartvod\/images\/videoland\/data\/images\/n\/h\/62cbe1874de4e_[format].jpg","runtime":1320,"editions":{"hd":{"price":0}},"is_downloadable":false},"E100475":{"id":100475,"ref":"E100475","type":"episode","position":6,"title":"","description":"Een bezoek aan de leukste plekken in zowel binnen- als buitenland waar het heerlijk ontspannen en genieten is. We volgen enthousiaste Nederlanders die met veel plezier en vol passie hun vrije tijd invullen.","still":"https:\/\/img-opt.cdn.smartvod.com\/smartvod\/images\/videoland\/data\/images\/k\/n\/62d11e4a34f73_[format].jpg","runtime":1320,"editions":{"hd":{"price":0}},"is_downloadable":false},"E100812":{"id":100812,"ref":"E100812","type":"episode","position":7,"title":"","description":"Een bezoek aan de leukste plekken in zowel binnen- als buitenland waar het heerlijk ontspannen en genieten is. We volgen enthousiaste Nederlanders die met veel plezier en vol passie hun vrije tijd invullen.","still":"https:\/\/img-opt.cdn.smartvod.com\/smartvod\/images\/videoland\/data\/images\/2\/w\/62d809a7a05ad_[format].jpg","runtime":1320,"editions":{"hd":{"price":0}},"is_downloadable":false}}}