{"id":500209,"ref":"S500209","type":"series","title":"Find Me in Paris","year":2020,"rating":4,"poster":"https:\/\/img-opt.cdn.smartvod.com\/smartvod\/images\/videoland\/data\/images\/q\/j\/603d0240cdf45_[format].jpg","still":"https:\/\/img-opt.cdn.smartvod.com\/smartvod\/images\/videoland\/data\/images\/l\/5\/5df3621f79641_[format].jpg","cast":{"actors":["Jessica Lord","Christy O'Donnell","Eubha Akilade"]},"genres":["Drama","Familie","Kids","Komedie"],"refs":["SN3076","SN3533","SN3804"],"is_adult":false,"is_kids":true,"is_available":true,"description":"De Russische prinses Lena Grisky is een getalenteerde balletdanseres. Als ze een magische ketting krijgt, leeft ze plotseling niet meer in 1905, maar in de 21e eeuw! Terwijl haar vriendje Henri naar haar op zoek gaat, moet Lena uit de greep zien te blijven van de Tijdverzamelaars.","directors":["Matt Bloom"],"nicam":{"6":"Mogelijk schadelijk tot 6 jaar","geweld":"Geweld"},"language":"en","language_full":"Engels","details":{"SN3076":{"id":3076,"ref":"SN3076","type":"season","title":"1","position":1},"SN3533":{"id":3533,"ref":"SN3533","type":"season","title":"2","position":2},"SN3804":{"id":3804,"ref":"SN3804","type":"season","title":"3","position":3,"refs":["E80100","E80093","E80106","E80095","E80105","E80104","E80096","E80115","E80099","E80102","E80098","E80108","E80097","E80109","E80103","E80125","E80127","E80118","E80126","E80117","E80124","E80120","E80123","E80119","E80122","E80121"]},"E80100":{"id":80100,"ref":"E80100","type":"episode","position":1,"title":"This Is 1983","description":"Lena en de crew zijn in 1983, op de vlucht voor het Bureau. De Time Collectors en Thea hebben Parijs bevroren, waarmee ze onbedoeld het Bureau alarmeren. Henri probeert zichzelf te redden.","still":"https:\/\/img-opt.cdn.smartvod.com\/smartvod\/images\/videoland\/data\/images\/d\/i\/5fbd3e6a94a4b_[format].jpg","runtime":1456,"editions":{"hd":{"price":0}},"is_downloadable":true},"E80093":{"id":80093,"ref":"E80093","type":"episode","position":2,"title":"The Future Of Dance","description":"Lena en de crew zijn terug in het heden en hun geheugen is gewist. Ze storten zich vol overgave op hun schoolexamens. Armando en Gabrielle discussi\u00ebren over de toekomst van dans.","still":"https:\/\/img-opt.cdn.smartvod.com\/smartvod\/images\/videoland\/data\/images\/x\/9\/5fbd0d352c2f4_[format].jpg","runtime":1470,"editions":{"hd":{"price":0}},"is_downloadable":true},"E80106":{"id":80106,"ref":"E80106","type":"episode","position":3,"title":"Pair Up","description":"De klas gaat naar het zuiden van Frankrijk voor een workshop. Nu Max weg is, heeft Lena geen danspartner meer, maar gelukkig ontmoet ze Nico. Henri en Bree zitten vast in de jaren 80.","still":"https:\/\/img-opt.cdn.smartvod.com\/smartvod\/images\/videoland\/data\/images\/v\/q\/5fbd10c264de3_[format].jpg","runtime":1465,"editions":{"hd":{"price":0}},"is_downloadable":true},"E80095":{"id":80095,"ref":"E80095","type":"episode","position":4,"title":"Trouble In Paradise","description":"De crew krijgt de kans om auditie te doen voor een belangrijke productie. Ondertussen past Claudine, ge\u00efnspireerd door Thea, niet meer goed tussen haar klasgenoten in 1905. Bij toeval komt ze Frank tegen.","still":"https:\/\/img-opt.cdn.smartvod.com\/smartvod\/images\/videoland\/data\/images\/l\/t\/5fbd0d3731ac6_[format].jpg","runtime":1470,"editions":{"hd":{"price":0}},"is_downloadable":true},"E80105":{"id":80105,"ref":"E80105","type":"episode","position":5,"title":"The New Girl","description":"Lena wordt uitgedaagd door Romy, een jongere danseres die graag met de eerste divisie wil trainen. Lena wint de challenge met gemak, maar Romy wil een herkansing. Ondertussen bereiden Frank en Clive Claudine voor op haar reis naar de toekomst.","still":"https:\/\/img-opt.cdn.smartvod.com\/smartvod\/images\/videoland\/data\/images\/7\/m\/5fbd10b862efe_[format].jpg","runtime":1472,"editions":{"hd":{"price":0}},"is_downloadable":true},"E80104":{"id":80104,"ref":"E80104","type":"episode","position":6,"title":"Trip Down Memory Lane","description":"Lena heeft moeite met een opdracht van Armando, omdat haar geheugen is uitgewist. In de jaren 80 bereiden Bree, Henri en Oscar zich voor op een nieuwe portaaldag.","still":"https:\/\/img-opt.cdn.smartvod.com\/smartvod\/images\/videoland\/data\/images\/6\/t\/5fbd0f8f026e1_[format].jpg","runtime":1467,"editions":{"hd":{"price":0}},"is_downloadable":true},"E80096":{"id":80096,"ref":"E80096","type":"episode","position":7,"title":"Slamming Doors","description":"Armando bedenkt een uitdagende opdracht, maar de spanningen tussen de dansers bedreigen de creativiteit. Romy probeert alles te weten te komen over Lena.","still":"https:\/\/img-opt.cdn.smartvod.com\/smartvod\/images\/videoland\/data\/images\/8\/e\/5fbd0e5f3b7bf_[format].jpg","runtime":1463,"editions":{"hd":{"price":0}},"is_downloadable":true},"E80115":{"id":80115,"ref":"E80115","type":"episode","position":8,"title":"Magic Kiss","description":"Henri is terug in het heden en doet er alles aan om Lena te helpen haar geheugen terug te krijgen. Bree en Kennedy komen per ongeluk terecht in 1905. De studenten van Armando nemen het op tegen die van Gabrielle voor een plek in 'De Notenkraker'.","still":"https:\/\/img-opt.cdn.smartvod.com\/smartvod\/images\/videoland\/data\/images\/0\/u\/5fbd0e639f51e_[format].jpg","runtime":1473,"editions":{"hd":{"price":0}},"is_downloadable":true},"E80099":{"id":80099,"ref":"E80099","type":"episode","position":9,"title":"Old Friends","description":"Nico vermoedt dat Lena haar geheugen terug heeft. Claudine probeert Lena te redden. Jeffs vlog gaat viral. Isaac vraagt Armando om een grotere rol.","still":"https:\/\/img-opt.cdn.smartvod.com\/smartvod\/images\/videoland\/data\/images\/k\/7\/5fbd0f90a230e_[format].jpg","runtime":1462,"editions":{"hd":{"price":0}},"is_downloadable":true},"E80102":{"id":80102,"ref":"E80102","type":"episode","position":10,"title":"Down To The Wire","description":"Lena en Claudine bedenken een plan om Nico's armband te stelen. Op die manier hopen ze Ines haar herinneringen terug te kunnen geven. Ze vragen hulp aan Frank, die in 1905 zit. Jeff voelt zich verraden door Isaac.","still":"https:\/\/img-opt.cdn.smartvod.com\/smartvod\/images\/videoland\/data\/images\/1\/x\/5fbd10b698457_[format].jpg","runtime":1470,"editions":{"hd":{"price":0}},"is_downloadable":true},"E80098":{"id":80098,"ref":"E80098","type":"episode","position":11,"title":"Family Reunion","description":"Lena weet niet goed wat ze moet met het nieuws over haar biologische vader en probeert zich te concentreren op het dansen. Er ontstaat een onverwachte vriendschap tussen Ines en Frank.","still":"https:\/\/img-opt.cdn.smartvod.com\/smartvod\/images\/videoland\/data\/images\/e\/e\/5fbd0e610667e_[format].jpg","runtime":1448,"editions":{"hd":{"price":0}},"is_downloadable":true},"E80108":{"id":80108,"ref":"E80108","type":"episode","position":12,"title":"The Nutcracker","description":"De crew heeft een speciale voorstelling bedacht voor school, maar een mysterieus bal in 1905 brengt de uitvoering in gevaar.","still":"https:\/\/img-opt.cdn.smartvod.com\/smartvod\/images\/videoland\/data\/images\/4\/v\/5fbd17c2d1d49_[format].jpg","runtime":1444,"editions":{"hd":{"price":0}},"is_downloadable":true},"E80097":{"id":80097,"ref":"E80097","type":"episode","position":13,"title":"The Heirs","description":"De Tsjaikovski-nacht staat op het punt van beginnen, maar Ines, Jeff en Isaac zitten vast in 1905. Ondertussen zijn de vier erfgenamen terug in het heden en willen ze antwoorden van Nico.","still":"https:\/\/img-opt.cdn.smartvod.com\/smartvod\/images\/videoland\/data\/images\/s\/m\/5fbd17c106743_[format].jpg","runtime":1475,"editions":{"hd":{"price":0}},"is_downloadable":true},"E80109":{"id":80109,"ref":"E80109","type":"episode","position":14,"title":"The Deal","description":"Lena, Henri, Frank en Nico worden vastgehouden totdat ze een overeenkomst sluiten met het Bureau. Henri en Frank weten niet of ze Nico kunnen vertrouwen. Ondertussen bedenken Jeff, Isaac, Ines en Claudine een ander einde voor de voorstelling.","still":"https:\/\/img-opt.cdn.smartvod.com\/smartvod\/images\/videoland\/data\/images\/0\/u\/5fbd10ba0cbcb_[format].jpg","runtime":1473,"editions":{"hd":{"price":0}},"is_downloadable":true},"E80103":{"id":80103,"ref":"E80103","type":"episode","position":15,"title":"You're All Out","description":"Armando bereidt de studenten voor op de auditie voor het Opera Ballet. Ines wordt toegelaten tot de Paris Science Academy en moet kiezen tussen ballet en wetenschap. Nico heeft het moeilijk met de ontdekking dat het Bureau hem altijd heeft voorgelogen.","still":"https:\/\/img-opt.cdn.smartvod.com\/smartvod\/images\/videoland\/data\/images\/n\/d\/5fbd11f02dae3_[format].jpg","runtime":1452,"editions":{"hd":{"price":0}},"is_downloadable":true},"E80125":{"id":80125,"ref":"E80125","type":"episode","position":16,"title":"Operation Armando","description":"De crew ziet Armando met een onbekende vrouw. Ze denken dat hij de school gaat verlaten en proberen hem van gedachten te laten veranderen. Bree is weer samen met Oscar. Frank heeft een missie: hij probeert het zwakke punt van het Bureau te vinden.","still":"https:\/\/img-opt.cdn.smartvod.com\/smartvod\/images\/videoland\/data\/images\/g\/t\/5fbd11e7a4bb2_[format].jpg","runtime":1468,"editions":{"hd":{"price":0}},"is_downloadable":true},"E80127":{"id":80127,"ref":"E80127","type":"episode","position":17,"title":"What If?","description":"Armando geeft de leerlingen een opdracht waar ze niet blij mee zijn. Bree en Kennedy geven Romy en Simon een rondleiding door de school. Claudine gebruikt haar po\u00ebzie om Henri te helpen bij het schrijven van een nieuw lied.","still":"https:\/\/img-opt.cdn.smartvod.com\/smartvod\/images\/videoland\/data\/images\/2\/2\/5fbd11ecaf57d_[format].jpg","runtime":1471,"editions":{"hd":{"price":0}},"is_downloadable":true},"E80118":{"id":80118,"ref":"E80118","type":"episode","position":18,"title":"Who's Got Talent?","description":"De erfgenamen ontdekken dat het Bureau de school in de gaten houdt. Ze organiseren een talentenjacht om de mensen van het Bureau af te leiden, terwijl Nico hun plan probeert te ontdekken. Er broeit iets tussen Frank en Ines. Bree wil het uitmaken met Oscar.","still":"https:\/\/img-opt.cdn.smartvod.com\/smartvod\/images\/videoland\/data\/images\/t\/2\/5fbd10c435b93_[format].jpg","runtime":1471,"editions":{"hd":{"price":0}},"is_downloadable":true},"E80126":{"id":80126,"ref":"E80126","type":"episode","position":19,"title":"Only The Best","description":"Er zijn nog maar drie plaatsen vrij in het Opera Ballet, dus de druk op de leerlingen neemt toe. Jeff wil een beetje stoom afblazen met hiphop. Romy is bang dat ze niet goed genoeg is om toegelaten te worden op school en heeft een dubieus plan om beter te worden.","still":"https:\/\/img-opt.cdn.smartvod.com\/smartvod\/images\/videoland\/data\/images\/y\/n\/5fbd18eb5b6b7_[format].jpg","runtime":1475,"editions":{"hd":{"price":0}},"is_downloadable":true},"E80117":{"id":80117,"ref":"E80117","type":"episode","position":20,"title":"Rescue Mission","description":"Lena en Nico moeten het Bureau binnen zien te dringen om Romy te redden. Armando geeft de leerlingen individuele opdrachten om de stukken voor hun audities te perfectioneren.","still":"https:\/\/img-opt.cdn.smartvod.com\/smartvod\/images\/videoland\/data\/images\/t\/c\/5fbd10bf22b49_[format].jpg","runtime":1466,"editions":{"hd":{"price":0}},"is_downloadable":true},"E80124":{"id":80124,"ref":"E80124","type":"episode","position":21,"title":"Video Undercover","description":"Iedereen is zich aan het voorbereiden op de audities. Jeff wil een hiphopvideo maken, maar vanwege de audities wil niemand hem helpen. Lena is fan van Henri's nieuwe liedje, tot ze hoort dat Claudine hem hiermee heeft geholpen.","still":"https:\/\/img-opt.cdn.smartvod.com\/smartvod\/images\/videoland\/data\/images\/6\/9\/5fbd11e9740ff_[format].jpg","runtime":1456,"editions":{"hd":{"price":0}},"is_downloadable":true},"E80120":{"id":80120,"ref":"E80120","type":"episode","position":22,"title":"Time To Train","description":"Nico bereidt de erfgenamen voor op hun confrontatie met het Bureau. Jeff hoopt na het sturen van zijn video op positief nieuws van tv-producer Zack. Romy is er nog steeds niet zeker van dat Nico te vertrouwen is.","still":"https:\/\/img-opt.cdn.smartvod.com\/smartvod\/images\/videoland\/data\/images\/1\/x\/5fbd1d9b377ea_[format].jpg","runtime":1465,"editions":{"hd":{"price":0}},"is_downloadable":true},"E80123":{"id":80123,"ref":"E80123","type":"episode","position":23,"title":"No Dance Today","description":"Nog \u00e9\u00e9n dag tot de audities, en Armando wil dat iedereen nog even rust neemt. Hij wil dat niemand nog oefent of zelfs maar aan dansen d\u00e9nkt. Maar dat valt nog niet mee!","still":"https:\/\/img-opt.cdn.smartvod.com\/smartvod\/images\/videoland\/data\/images\/0\/u\/5fbd0f8b02ebf_[format].jpg","runtime":1455,"editions":{"hd":{"price":0}},"is_downloadable":true},"E80119":{"id":80119,"ref":"E80119","type":"episode","position":24,"title":"This Is It","description":"Het is zover: de leerlingen gaan auditie doen voor het Opera Ballet. Romy en Simon doen ook auditie, maar dan voor de balletschool. Tv-producer Zack is in Parijs, heeft hij goed nieuws voor Jeff?","still":"https:\/\/img-opt.cdn.smartvod.com\/smartvod\/images\/videoland\/data\/images\/w\/h\/5fbd0f8d09f47_[format].jpg","runtime":1468,"editions":{"hd":{"price":0}},"is_downloadable":true},"E80122":{"id":80122,"ref":"E80122","type":"episode","position":25,"title":"The Chosen One","description":"De erfgenamen worden 18, en \u00e9\u00e9n van hen zal meegenomen worden door het Bureau. De scholieren krijgen slecht nieuws over hun audities. Toch willen ze Armando en Gabrielle bedanken met een dans.","still":"https:\/\/img-opt.cdn.smartvod.com\/smartvod\/images\/videoland\/data\/images\/7\/p\/5fbd11e400a93_[format].jpg","runtime":1449,"editions":{"hd":{"price":0}},"is_downloadable":true},"E80121":{"id":80121,"ref":"E80121","type":"episode","position":26,"title":"Make It Or Break It","description":"Zes maanden na het gevecht tegen het Bureau is alles anders: Lena leidt het Bureau en wordt ondersteund door Henri, Frank en Nico. Lena, Ines en Isaac staan klaar voor hun eerste optreden met het Opera Ballet. Jeff is daar niet bij: hij is in Los Angeles voor zijn eigen tv-show!","still":"https:\/\/img-opt.cdn.smartvod.com\/smartvod\/images\/videoland\/data\/images\/q\/3\/5fbd11e5d96a4_[format].jpg","runtime":1474,"editions":{"hd":{"price":0}},"is_downloadable":true}}}