{"id":525,"ref":"S525","type":"series","title":"De TV Kantine","year":2021,"rating":4,"poster":"https:\/\/img-opt.cdn.smartvod.com\/smartvod\/images\/videoland\/data\/images\/p\/9\/5e972874dc0f1_[format].jpg","still":"https:\/\/img-opt.cdn.smartvod.com\/smartvod\/images\/videoland\/data\/images\/7\/v\/581b2f7689705_[format].jpg","cast":{"actors":["Carlo Boszhard","Irene Moors"]},"genres":["Komedie"],"refs":["SN839","SN1715","SN2155","SN2739","SN3266","SN3998"],"is_adult":false,"is_kids":false,"is_available":true,"description":"Carlo Boszhard en Irene Moors persifleren wekelijks bekend Nederland. Dat doen zij samen met vele gastacteurs, waaronder Elise Schaap, Ilse Warringa, Annick Boer en Maarten Heijmans. Ook zijn er natuurlijk veel BN'ers die acte de pr\u00e9sence geven.","nicam":{"al":"Alle leeftijden","taalgebruik":"Grof Taalgebruik"},"language":"nl","language_full":"Nederlands","details":{"SN839":{"id":839,"ref":"SN839","type":"season","title":"7","position":1},"SN1715":{"id":1715,"ref":"SN1715","type":"season","title":"8","position":8},"SN2155":{"id":2155,"ref":"SN2155","type":"season","title":"9","position":9},"SN2739":{"id":2739,"ref":"SN2739","type":"season","title":"10","position":10,"refs":["E65016","E65632","E65631","E65634","E65633","E65635","E65637","E65636"]},"SN3266":{"id":3266,"ref":"SN3266","type":"season","title":"11","position":11},"SN3998":{"id":3998,"ref":"SN3998","type":"season","title":"12","position":12},"E65016":{"id":65016,"ref":"E65016","type":"episode","position":1,"title":"","description":"Persiflageprogramma waarin Carlo Boszhard en Irene Moors wekelijks bekend Nederland uitvergroten. In dit tiende seizoen ondergaan ze opnieuw talloze spectaculaire transformaties.","still":"https:\/\/img-opt.cdn.smartvod.com\/smartvod\/images\/videoland\/data\/images\/6\/i\/5c9e46f7ad0ab_[format].jpg","runtime":1486,"editions":{"hd":{"price":0}},"is_downloadable":true},"E65632":{"id":65632,"ref":"E65632","type":"episode","position":2,"title":"","description":"Persiflageprogramma waarin Carlo Boszhard en Irene Moors wekelijks bekend Nederland uitvergroten. In dit tiende seizoen ondergaan ze opnieuw talloze spectaculaire transformaties.","still":"https:\/\/img-opt.cdn.smartvod.com\/smartvod\/images\/videoland\/data\/images\/z\/n\/5ca75ab9968c0_[format].jpg","runtime":1483,"editions":{"hd":{"price":0}},"is_downloadable":true},"E65631":{"id":65631,"ref":"E65631","type":"episode","position":3,"title":"","description":"Persiflageprogramma waarin Carlo Boszhard en Irene Moors wekelijks bekend Nederland uitvergroten. In dit tiende seizoen ondergaan ze opnieuw talloze spectaculaire transformaties.","still":"https:\/\/img-opt.cdn.smartvod.com\/smartvod\/images\/videoland\/data\/images\/l\/l\/5cb42d2252420_[format].jpg","runtime":1443,"editions":{"hd":{"price":0}},"is_downloadable":true},"E65634":{"id":65634,"ref":"E65634","type":"episode","position":4,"title":"","description":"Persiflageprogramma waarin Carlo Boszhard en Irene Moors wekelijks bekend Nederland uitvergroten. In dit tiende seizoen ondergaan ze opnieuw talloze spectaculaire transformaties.","still":"https:\/\/img-opt.cdn.smartvod.com\/smartvod\/images\/videoland\/data\/images\/2\/j\/5cbadc0f07e3a_[format].jpg","runtime":1515,"editions":{"hd":{"price":0}},"is_downloadable":true},"E65633":{"id":65633,"ref":"E65633","type":"episode","position":5,"title":"","description":"Persiflageprogramma waarin Carlo Boszhard en Irene Moors wekelijks bekend Nederland uitvergroten. In dit tiende seizoen ondergaan ze opnieuw talloze spectaculaire transformaties.","still":"https:\/\/img-opt.cdn.smartvod.com\/smartvod\/images\/videoland\/data\/images\/r\/y\/5cc34cff380e9_[format].jpg","runtime":1557,"editions":{"hd":{"price":0}},"is_downloadable":true},"E65635":{"id":65635,"ref":"E65635","type":"episode","position":6,"title":"","description":"Persiflageprogramma waarin Carlo Boszhard en Irene Moors wekelijks bekend Nederland uitvergroten. In dit tiende seizoen ondergaan ze opnieuw talloze spectaculaire transformaties.","still":"https:\/\/img-opt.cdn.smartvod.com\/smartvod\/images\/videoland\/data\/images\/h\/k\/5cce9ddedebd1_[format].jpg","runtime":1502,"editions":{"hd":{"price":0}},"is_downloadable":true},"E65637":{"id":65637,"ref":"E65637","type":"episode","position":7,"title":"","description":"Persiflageprogramma waarin Carlo Boszhard en Irene Moors wekelijks bekend Nederland uitvergroten. In dit tiende seizoen ondergaan ze opnieuw talloze spectaculaire transformaties.","still":"https:\/\/img-opt.cdn.smartvod.com\/smartvod\/images\/videoland\/data\/images\/h\/p\/5cd568f2f0e92_[format].jpg","runtime":1489,"editions":{"hd":{"price":0}},"is_downloadable":true},"E65636":{"id":65636,"ref":"E65636","type":"episode","position":8,"title":"","description":"Persiflageprogramma waarin Carlo Boszhard en Irene Moors wekelijks bekend Nederland uitvergroten. In dit tiende seizoen ondergaan ze opnieuw talloze spectaculaire transformaties.","still":"https:\/\/img-opt.cdn.smartvod.com\/smartvod\/images\/videoland\/data\/images\/w\/5\/5cdebf8f25d62_[format].jpg","runtime":2107,"editions":{"hd":{"price":0}},"is_downloadable":true}}}