{"id":500970,"ref":"S500970","type":"series","title":"Glory Numbered","year":2022,"rating":5,"poster":"https:\/\/img-opt.cdn.smartvod.com\/smartvod\/images\/videoland\/data\/images\/3\/i\/630e0786e6550_[format].jpg","still":"https:\/\/img-opt.cdn.smartvod.com\/smartvod\/images\/videoland\/data\/images\/1\/v\/63008a3dd9471_[format].jpg","cast":{},"genres":[],"refs":["SN5112","SN5113","SN5114","SN5115","SN5116","SN5117"],"is_adult":false,"is_kids":false,"is_available":true,"description":"Glory is een internationale kickboksorganisatie, met tientallen georganiseerde gevechten per jaar.","nicam":{"16":"Mogelijk schadelijk tot 16 jaar","geweld":"Geweld","taalgebruik":"Grof Taalgebruik"},"language":"en","language_full":"Engels","details":{"SN5112":{"id":5112,"ref":"SN5112","type":"season","title":"Glory 76","position":1},"SN5113":{"id":5113,"ref":"SN5113","type":"season","title":"Glory 77","position":2,"refs":["E101613","E102197","E102209","E102201","E102203"]},"SN5114":{"id":5114,"ref":"SN5114","type":"season","title":"Glory 78","position":3},"SN5115":{"id":5115,"ref":"SN5115","type":"season","title":"Glory 79","position":4},"SN5116":{"id":5116,"ref":"SN5116","type":"season","title":"Glory 80","position":5},"SN5117":{"id":5117,"ref":"SN5117","type":"season","title":"Glory 81","position":6},"E101613":{"id":101613,"ref":"E101613","type":"episode","position":1,"title":"Glory 77: Verhoeven vs Khbabez","description":"GLORY Heavyweight-kampioen Rico Verhoeven neemt het op tegen Tarik Khbabez en verder komen Hesdy Gerges en Levi Rigters in actie.","still":"https:\/\/img-opt.cdn.smartvod.com\/smartvod\/images\/videoland\/data\/images\/h\/2\/62ffd0488058a_[format].jpg","runtime":14778,"editions":{"hd":{"price":0}},"is_downloadable":false},"E102197":{"id":102197,"ref":"E102197","type":"episode","position":2,"title":"Glory 77: Tavares vs Abena (Fight)","description":"Verslag van het gevecht tussen Luis Tavares en Donegi Abena.","still":"https:\/\/img-opt.cdn.smartvod.com\/smartvod\/images\/videoland\/data\/images\/7\/m\/62ffd066a11e0_[format].jpg","runtime":1545,"editions":{"hd":{"price":0}},"is_downloadable":false},"E102209":{"id":102209,"ref":"E102209","type":"episode","position":3,"title":"Glory 77: Rigters vs Khbabez (Fight)","description":"Verslag van het gevecht tussen Levi Rigters en Tarik Khbabez.","still":"https:\/\/img-opt.cdn.smartvod.com\/smartvod\/images\/videoland\/data\/images\/c\/p\/62ffd07d7abf2_[format].jpg","runtime":1361,"editions":{"hd":{"price":0}},"is_downloadable":false},"E102201":{"id":102201,"ref":"E102201","type":"episode","position":4,"title":"Glory 77: Verhoeven vs Gerges (Fight)","description":"Verslag van het gevecht tussen Rico Verhoeven en Hesdy Gerges.","still":"https:\/\/img-opt.cdn.smartvod.com\/smartvod\/images\/videoland\/data\/images\/8\/b\/62ffd08a66547_[format].jpg","runtime":1326,"editions":{"hd":{"price":0}},"is_downloadable":false},"E102203":{"id":102203,"ref":"E102203","type":"episode","position":5,"title":"Glory 77: Verhoeven vs Khababez (Fight)","description":"Verslag van het gevecht tussen Rico Verhoeven en Tarik Khbabez.","still":"https:\/\/img-opt.cdn.smartvod.com\/smartvod\/images\/videoland\/data\/images\/x\/f\/62ffd099b5655_[format].jpg","runtime":1134,"editions":{"hd":{"price":0}},"is_downloadable":false}}}