{"id":500175,"ref":"S500175","type":"series","title":"H3L","year":2022,"rating":4,"poster":"https:\/\/img-opt.cdn.smartvod.com\/smartvod\/images\/videoland\/data\/images\/g\/e\/6252fe123100c_[format].jpg","still":"https:\/\/img-opt.cdn.smartvod.com\/smartvod\/images\/videoland\/data\/images\/e\/b\/621bb7373be57_[format].jpg","cast":{"actors":["Romy van de Put","Levy Jansen","Hamza Othman","Davey Driessen","Serah Meijboom","Kymora Sade","Mathil Weich","Jean Salazar Tavera"]},"genres":["Drama","Familie"],"refs":["SN3033","SN3344","SN4134","SN4752"],"is_adult":false,"is_kids":false,"is_available":true,"description":"Twee nieuwe scholieren, Zaka en Joey, waren te lastig op hun oude school en worden overgeplaatst naar H3L, maar ook hier zorgen ze voor problemen als ze al snel botsen met Dylan. Christina wil juist intiemer worden met Dylan en vindt de nieuwe jongens daarom niks. Quinty vindt Zaka en Joey wel tof, maar dat zet haar vriendschap met Christina op scherp.","nicam":{"12":"Mogelijk schadelijk tot 12 jaar","angst":"Angst","seks":"Seks","taalgebruik":"Grof Taalgebruik","discriminatie":"Discriminatie","drugs":"Drugs en\/of alcohol gebruik"},"language":"nl","language_full":"Nederlands","details":{"SN3033":{"id":3033,"ref":"SN3033","type":"season","title":"1","position":1},"SN3344":{"id":3344,"ref":"SN3344","type":"season","title":"2","position":2,"refs":["E73357","E73353","E73356","E73349","E73350","E73354","E73352","E73348","E73351","E73355","E73698","E73699","E73696","E73695","E73697","E73764","E73763","E73768","E73769","E73766","E78125","E78126","E78130","E78127","E78129","E78134","E78131","E78128","E78133","E78132","E78534","E78536","E78532","E78535","E78533","E78898","E78902","E78901","E78900","E78899","E79569","E79570","E79568","E79566","E79567","E79602","E79601","E79599","E79598","E79600","E80085","E80084","E80081","E80083","E80086","E80087","E80079","E80082","E80088","E80080"]},"SN4134":{"id":4134,"ref":"SN4134","type":"season","title":"3","position":3},"SN4752":{"id":4752,"ref":"SN4752","type":"season","title":"4","position":4},"E73357":{"id":73357,"ref":"E73357","type":"episode","position":1,"title":"Geen Nieuw Begin","description":"Olivier krijgt het zwaar te verduren als zijn moeder op school moet komen.","still":"https:\/\/img-opt.cdn.smartvod.com\/smartvod\/images\/videoland\/data\/images\/x\/7\/5e7e12a01989b_[format].jpg","runtime":861,"editions":{"hd":{"price":0}},"is_downloadable":true},"E73353":{"id":73353,"ref":"E73353","type":"episode","position":2,"title":"Het Probleem Dat Boda Heet","description":"Olivier baalt ervan als hij begrijpt dat Boda's aanwezigheid voor Faiz zo irritant is, dat Faiz erover denkt van school te gaan.","still":"https:\/\/img-opt.cdn.smartvod.com\/smartvod\/images\/videoland\/data\/images\/d\/b\/5e8247943618a_[format].jpg","runtime":833,"editions":{"hd":{"price":0}},"is_downloadable":true},"E73356":{"id":73356,"ref":"E73356","type":"episode","position":3,"title":"Eerlijk Duurt Te Lang","description":"Tess zoekt naar een manier om Roos niet als vriendin kwijt te raken.","still":"https:\/\/img-opt.cdn.smartvod.com\/smartvod\/images\/videoland\/data\/images\/r\/x\/5e833ed9a896c_[format].jpg","runtime":773,"editions":{"hd":{"price":0}},"is_downloadable":true},"E73349":{"id":73349,"ref":"E73349","type":"episode","position":4,"title":"Ik Hou Van Je, Klootzak","description":"Ollie is bang dat Faiz bij hem wegtrekt en doet daarom op zijn Ollies zijn best om close te blijven.","still":"https:\/\/img-opt.cdn.smartvod.com\/smartvod\/images\/videoland\/data\/images\/7\/f\/5e84399d7fc28_[format].jpg","runtime":763,"editions":{"hd":{"price":0}},"is_downloadable":true},"E73350":{"id":73350,"ref":"E73350","type":"episode","position":5,"title":"Slet","description":"Thomas komt erachter dat Fleur hem belazert met een ander. Hij vermoedt dat het Faiz is...","still":"https:\/\/img-opt.cdn.smartvod.com\/smartvod\/images\/videoland\/data\/images\/0\/i\/5e84ac7aa8f77_[format].jpg","runtime":654,"editions":{"hd":{"price":0}},"is_downloadable":true},"E73354":{"id":73354,"ref":"E73354","type":"episode","position":6,"title":"Mooiboy","description":"Thomas overweegt geen wraak te nemen, maar als Fleur en Semi...","still":"https:\/\/img-opt.cdn.smartvod.com\/smartvod\/images\/videoland\/data\/images\/2\/h\/5e85866b46704_[format].jpg","runtime":682,"editions":{"hd":{"price":0}},"is_downloadable":true},"E73352":{"id":73352,"ref":"E73352","type":"episode","position":7,"title":"Mocro's Houden Van Kaas","description":"Als Faiz erachter komt dat Thomas met Semi wil vechten, vraagt hij zich af of hij hem moet waarschuwen of niet.","still":"https:\/\/img-opt.cdn.smartvod.com\/smartvod\/images\/videoland\/data\/images\/4\/l\/5e8b43fb86551_[format].jpg","runtime":653,"editions":{"hd":{"price":0}},"is_downloadable":true},"E73348":{"id":73348,"ref":"E73348","type":"episode","position":8,"title":"Lekker Slutty","description":"Roos baalt dat Tess nog steeds afstand houdt. Ze doet er alles aan om Tess te laten inzien dat ze niet meer verliefd op haar is.","still":"https:\/\/img-opt.cdn.smartvod.com\/smartvod\/images\/videoland\/data\/images\/q\/k\/5e8c8e6ae46d0_[format].jpg","runtime":739,"editions":{"hd":{"price":0}},"is_downloadable":true},"E73351":{"id":73351,"ref":"E73351","type":"episode","position":9,"title":"Lekker Exclusief","description":"Roos baalt ervan als er op school allemaal printjes worden opgehangen waar zij als lesbo op staat. Ze zoekt een manier om dat te laten stoppen","still":"https:\/\/img-opt.cdn.smartvod.com\/smartvod\/images\/videoland\/data\/images\/y\/c\/5e8c8e703ebb4_[format].jpg","runtime":714,"editions":{"hd":{"price":0}},"is_downloadable":true},"E73355":{"id":73355,"ref":"E73355","type":"episode","position":10,"title":"H\u00e9 Loser!","description":"Olivier krijgt ruzie met Tess die hem op gluren betrapt. Als ze zijn telefoon sloopt neemt Olivier wraak...","still":"https:\/\/img-opt.cdn.smartvod.com\/smartvod\/images\/videoland\/data\/images\/p\/2\/5e8f2a700581b_[format].jpg","runtime":819,"editions":{"hd":{"price":0}},"is_downloadable":true},"E73698":{"id":73698,"ref":"E73698","type":"episode","position":11,"title":"Broeders","description":"Thomas ziet Fleur en Semi zoenen en besluit dat het nu tijd is voor het gevecht.","still":"https:\/\/img-opt.cdn.smartvod.com\/smartvod\/images\/videoland\/data\/images\/v\/l\/5e8f295b6daa4_[format].jpg","runtime":717,"editions":{"hd":{"price":0}},"is_downloadable":true},"E73699":{"id":73699,"ref":"E73699","type":"episode","position":12,"title":"Pak Me Dan!","description":"Roos doet alsof ze de seksueel getinte opmerkingen over haar grappig vindt, maar eigenlijk is ze gekwetst en voelt ze zich alleen...","still":"https:\/\/img-opt.cdn.smartvod.com\/smartvod\/images\/videoland\/data\/images\/i\/p\/5e8f2b8ec2e6b_[format].jpg","runtime":765,"editions":{"hd":{"price":0}},"is_downloadable":true},"E73696":{"id":73696,"ref":"E73696","type":"episode","position":13,"title":"Over En Uit","description":"Thomas laat Roos inzien dat de aanranding niet haar schuld was, maar die van Wesley.","still":"https:\/\/img-opt.cdn.smartvod.com\/smartvod\/images\/videoland\/data\/images\/v\/x\/5e95f69f1892d_[format].jpg","runtime":806,"editions":{"hd":{"price":0}},"is_downloadable":true},"E73695":{"id":73695,"ref":"E73695","type":"episode","position":14,"title":"Paradise By The Dashboard Light","description":"Olivier krijgt voor straf tijdelijk geen zakgeld meer en vindt een nieuwe bron van inkomsten.","still":"https:\/\/img-opt.cdn.smartvod.com\/smartvod\/images\/videoland\/data\/images\/6\/p\/5e972d2aae44c_[format].jpg","runtime":821,"editions":{"hd":{"price":0}},"is_downloadable":true},"E73697":{"id":73697,"ref":"E73697","type":"episode","position":15,"title":"Ollie's Love Hotel","description":"Olivier drijft Boda tot waanzin, met grote gevolgen...","still":"https:\/\/img-opt.cdn.smartvod.com\/smartvod\/images\/videoland\/data\/images\/r\/u\/5e972c0194e92_[format].jpg","runtime":820,"editions":{"hd":{"price":0}},"is_downloadable":true},"E73764":{"id":73764,"ref":"E73764","type":"episode","position":16,"title":"#Youtoo","description":"Tess verwijt haar klasgenoten dat ze Roos niet de ruimte geven om ervoor uit te komen dat ze lesbisch is.","still":"https:\/\/img-opt.cdn.smartvod.com\/smartvod\/images\/videoland\/data\/images\/7\/5\/5e9cbcfe807af_[format].jpg","runtime":732,"editions":{"hd":{"price":0}},"is_downloadable":true},"E73763":{"id":73763,"ref":"E73763","type":"episode","position":17,"title":"Later, Ouwe","description":"Olivier heeft het verbruid bij Faiz, maar probeert alles om het goed te maken.","still":"https:\/\/img-opt.cdn.smartvod.com\/smartvod\/images\/videoland\/data\/images\/g\/f\/5e9ddc1acf354_[format].jpg","runtime":906,"editions":{"hd":{"price":0}},"is_downloadable":true},"E73768":{"id":73768,"ref":"E73768","type":"episode","position":18,"title":"Son Of A...","description":"Roos reageert nogal bot op het overlijden van Boda, maar Thomas ontdekt waar dit door komt.","still":"https:\/\/img-opt.cdn.smartvod.com\/smartvod\/images\/videoland\/data\/images\/4\/x\/5e9f023eb524a_[format].jpg","runtime":782,"editions":{"hd":{"price":0}},"is_downloadable":true},"E73769":{"id":73769,"ref":"E73769","type":"episode","position":19,"title":"Niet Goed, Geld Kwijt","description":"Ollie weigert een brugger zijn geld terug te geven als hij hem een kapotte telefoon heeft verkocht.","still":"https:\/\/img-opt.cdn.smartvod.com\/smartvod\/images\/videoland\/data\/images\/g\/9\/5ea09b49cccc9_[format].jpg","runtime":844,"editions":{"hd":{"price":0}},"is_downloadable":true},"E73766":{"id":73766,"ref":"E73766","type":"episode","position":20,"title":"Vage Shit","description":"Nadat Thomas mot heeft gekregen met zesdeklasser Finn, gaat deze daten met Roos.","still":"https:\/\/img-opt.cdn.smartvod.com\/smartvod\/images\/videoland\/data\/images\/e\/t\/5ea1960592403_[format].jpg","runtime":694,"editions":{"hd":{"price":0}},"is_downloadable":true},"E78125":{"id":78125,"ref":"E78125","type":"episode","position":21,"title":"Bloody Hell","description":"Tess raakt in contact met Emma, een meisje dat gepest wordt omdat ze zich afsluit. Maar met Emma blijkt meer aan de hand dan op het eerste gezicht lijkt.","still":"https:\/\/img-opt.cdn.smartvod.com\/smartvod\/images\/videoland\/data\/images\/i\/p\/5f48fb4d963ca_[format].jpg","runtime":679,"editions":{"hd":{"price":0}},"is_downloadable":true},"E78126":{"id":78126,"ref":"E78126","type":"episode","position":22,"title":"Spuitjes Geven","description":"Ollie en Faiz doen er alles aan om onder een maatschappelijke stage in het dierenasiel uit te komen.","still":"https:\/\/img-opt.cdn.smartvod.com\/smartvod\/images\/videoland\/data\/images\/2\/g\/5f48fd8f53459_[format].jpg","runtime":814,"editions":{"hd":{"price":0}},"is_downloadable":true},"E78130":{"id":78130,"ref":"E78130","type":"episode","position":23,"title":"De Demonen In Je Hoofd","description":"Terwijl Roos zich zorgen maakt over haar maatschappelijke stage in een verpleeghuis, wordt ze ook nog eens geconfronteerd met de geflipte Alisha.","still":"https:\/\/img-opt.cdn.smartvod.com\/smartvod\/images\/videoland\/data\/images\/z\/3\/5f4e49569d533_[format].jpg","runtime":744,"editions":{"hd":{"price":0}},"is_downloadable":true},"E78127":{"id":78127,"ref":"E78127","type":"episode","position":24,"title":"Yolo","description":"Faiz krijgt het aanbod om in zijn eentje een serieuze stage te gaan lopen op een advocatenkantoor. Maar wil hij dat wel: zonder zijn beste vriend Ollie?","still":"https:\/\/img-opt.cdn.smartvod.com\/smartvod\/images\/videoland\/data\/images\/z\/c\/5f4e589289c88_[format].jpg","runtime":758,"editions":{"hd":{"price":0}},"is_downloadable":true},"E78129":{"id":78129,"ref":"E78129","type":"episode","position":25,"title":"Een Arm Vol Punaises","description":"Tess maakt zich zorgen over Emma. Ze probeert te begrijpen waarom Emma zichzelf pijn doet. Maar kun je iets begrijpen dat je zelf niet kent?","still":"https:\/\/img-opt.cdn.smartvod.com\/smartvod\/images\/videoland\/data\/images\/c\/s\/5f4fc5221e727_[format].jpg","runtime":705,"editions":{"hd":{"price":0}},"is_downloadable":true},"E78134":{"id":78134,"ref":"E78134","type":"episode","position":26,"title":"Dope","description":"Ollie maakt zich zorgen om de losgeslagen Faiz, die nu echt te ver gaat; hij geeft space-bonbons aan de jarige mevrouw Smit!","still":"https:\/\/img-opt.cdn.smartvod.com\/smartvod\/images\/videoland\/data\/images\/5\/r\/5f520486499b9_[format].jpg","runtime":806,"editions":{"hd":{"price":0}},"is_downloadable":true},"E78131":{"id":78131,"ref":"E78131","type":"episode","position":27,"title":"Hey Pleaser!","description":"Thomas heeft het gevoel dat Diaz zwaar de pik op hem heeft. Roos adviseert hem om zich rustig te houden, maar als Thomas zich door Ollie en Faiz laat verleiden om mee te gaan in een zieke grap, loopt het helemaal uit de hand.","still":"https:\/\/img-opt.cdn.smartvod.com\/smartvod\/images\/videoland\/data\/images\/g\/2\/5f563e0f4aec5_[format].jpg","runtime":775,"editions":{"hd":{"price":0}},"is_downloadable":true},"E78128":{"id":78128,"ref":"E78128","type":"episode","position":28,"title":"Bloedbad","description":"Ollie denkt dat hij verantwoordelijk is voor de verwondingen die Emma heeft. Hij wil het goedmaken, maar hij heeft de hulp van Tess nodig. Tess weet alleen wat er echt aan de hand is. Alleen weet ze dat ook over zichzelf?","still":"https:\/\/img-opt.cdn.smartvod.com\/smartvod\/images\/videoland\/data\/images\/x\/y\/5f57630c60056_[format].jpg","runtime":697,"editions":{"hd":{"price":0}},"is_downloadable":true},"E78133":{"id":78133,"ref":"E78133","type":"episode","position":29,"title":"Kutwijf","description":"Roos is onzeker over Finn, helemaal als Alisha hem beschuldigd van iets...","still":"https:\/\/img-opt.cdn.smartvod.com\/smartvod\/images\/videoland\/data\/images\/q\/f\/5f58cad00eb19_[format].jpg","runtime":688,"editions":{"hd":{"price":0}},"is_downloadable":true},"E78132":{"id":78132,"ref":"E78132","type":"episode","position":30,"title":"Chat Secrets","description":"Thomas krijgt in de les uitdagende appjes van iemand waar hij helemaal geen appjes van wil krijgen.","still":"https:\/\/img-opt.cdn.smartvod.com\/smartvod\/images\/videoland\/data\/images\/e\/u\/5f5a0f6d7e3ff_[format].jpg","runtime":886,"editions":{"hd":{"price":0}},"is_downloadable":true},"E78534":{"id":78534,"ref":"E78534","type":"episode","position":31,"title":"Masterlijk","description":"Ollie verdenkt Faiz er openlijk van dat hij Smits portemonnee heeft gejat.","still":"https:\/\/img-opt.cdn.smartvod.com\/smartvod\/images\/videoland\/data\/images\/2\/r\/5f5c838736475_[format].jpg","runtime":744,"editions":{"hd":{"price":0}},"is_downloadable":true},"E78536":{"id":78536,"ref":"E78536","type":"episode","position":32,"title":"Party Time","description":"Tess zoekt een manier om te stoppen met zichzelf dwangmatig te krabben onder haar pleister. Is drank en blowen misschien het antwoord?","still":"https:\/\/img-opt.cdn.smartvod.com\/smartvod\/images\/videoland\/data\/images\/n\/c\/5f5c84cedd7c7_[format].jpg","runtime":645,"editions":{"hd":{"price":0}},"is_downloadable":true},"E78532":{"id":78532,"ref":"E78532","type":"episode","position":33,"title":"Allemaal Alleen","description":"Thomas voelt zich steeds eenzamer worden, door het geheim waar hij meer rondloopt en dat hij met niemand kan delen.","still":"https:\/\/img-opt.cdn.smartvod.com\/smartvod\/images\/videoland\/data\/images\/k\/k\/5f5f7ae9f0224_[format].jpg","runtime":712,"editions":{"hd":{"price":0}},"is_downloadable":true},"E78535":{"id":78535,"ref":"E78535","type":"episode","position":34,"title":"Gekkenhuis","description":"Tess kan zich er niet toe zetten om haar vader in de kliniek op te zoeken. Ze is bang dat ze in dezelfde situatie als hij terecht zal komen.","still":"https:\/\/img-opt.cdn.smartvod.com\/smartvod\/images\/videoland\/data\/images\/4\/t\/5f62216b524dd_[format].jpg","runtime":851,"editions":{"hd":{"price":0}},"is_downloadable":true},"E78533":{"id":78533,"ref":"E78533","type":"episode","position":35,"title":"Aanslag Op Veldhoven","description":"Ollie gaat zich steeds meer zorgen maken om de invloed van Justin op Faiz, helemaal nu er een mes in het spel is...","still":"https:\/\/img-opt.cdn.smartvod.com\/smartvod\/images\/videoland\/data\/images\/9\/1\/5f61f28cee07b_[format].jpg","runtime":843,"editions":{"hd":{"price":0}},"is_downloadable":true},"E78898":{"id":78898,"ref":"E78898","type":"episode","position":36,"title":"Ollie Verdacht","description":"Ollie wordt verdacht van de aanslag op Veldhoven. Als hij Tess vertelt dat Justin de dader is, stapt Tess op Justin af.","still":"https:\/\/img-opt.cdn.smartvod.com\/smartvod\/images\/videoland\/data\/images\/q\/z\/5f65015d2485f_[format].jpg","runtime":731,"editions":{"hd":{"price":0}},"is_downloadable":true},"E78902":{"id":78902,"ref":"E78902","type":"episode","position":37,"title":"Dashcam","description":"Roos raakt ten koste van haar toets meer en meer in de ban van Finn.","still":"https:\/\/img-opt.cdn.smartvod.com\/smartvod\/images\/videoland\/data\/images\/s\/q\/5f65015acb93a_[format].jpg","runtime":801,"editions":{"hd":{"price":0}},"is_downloadable":true},"E78901":{"id":78901,"ref":"E78901","type":"episode","position":38,"title":"Kutproefwerken","description":"Ollie wil met hulp van wat illegaal verkregen ADHD-pilletjes scoren tijdens de proefwerkweek.","still":"https:\/\/img-opt.cdn.smartvod.com\/smartvod\/images\/videoland\/data\/images\/v\/v\/5f69d9469574c_[format].jpg","runtime":672,"editions":{"hd":{"price":0}},"is_downloadable":true},"E78900":{"id":78900,"ref":"E78900","type":"episode","position":39,"title":"Does Lief","description":"Ollie krijgt na een hele slechte proefwerkweek nog een laatste kans, dankzij zijn moeder die desalniettemin helemaal klaar met hem is.","still":"https:\/\/img-opt.cdn.smartvod.com\/smartvod\/images\/videoland\/data\/images\/3\/v\/5f6b97b2ca8b4_[format].jpg","runtime":792,"editions":{"hd":{"price":0}},"is_downloadable":true},"E78899":{"id":78899,"ref":"E78899","type":"episode","position":40,"title":"Waar Is Faiz?","description":"Thomas maakt zich zorgen om Faiz die naar Marokko wil \u00e9n hij bekent Tess dat Diaz hem seksueel lastigvalt.","still":"https:\/\/img-opt.cdn.smartvod.com\/smartvod\/images\/videoland\/data\/images\/x\/w\/5f6c6cf817af0_[format].jpg","runtime":708,"editions":{"hd":{"price":0}},"is_downloadable":true},"E79569":{"id":79569,"ref":"E79569","type":"episode","position":41,"title":"Ontmaskering","description":"Thomas begint zich dankzij Tess langzaam te realiseren dat hij Diaz aan moet geven.","still":"https:\/\/img-opt.cdn.smartvod.com\/smartvod\/images\/videoland\/data\/images\/1\/r\/5f6e3be6d708e_[format].jpg","runtime":804,"editions":{"hd":{"price":0}},"is_downloadable":true},"E79570":{"id":79570,"ref":"E79570","type":"episode","position":42,"title":"Fok Dat","description":"Ollie komt erachter dat Finn helemaal niet zo prettig is als hij zich voordoet. Maar wil Roos dit ook accepteren?","still":"https:\/\/img-opt.cdn.smartvod.com\/smartvod\/images\/videoland\/data\/images\/8\/l\/5f6e3f5f190c3_[format].jpg","runtime":868,"editions":{"hd":{"price":0}},"is_downloadable":true},"E79568":{"id":79568,"ref":"E79568","type":"episode","position":43,"title":"Faiz!","description":"Faiz wil dat Thomas hem helpt naar Marokko te gaan. Tess komt hierachter... Gaat ze hem helpen of lapt ze Faiz erbij?","still":"https:\/\/img-opt.cdn.smartvod.com\/smartvod\/images\/videoland\/data\/images\/0\/c\/5f73924a89ea0_[format].jpg","runtime":623,"editions":{"hd":{"price":0}},"is_downloadable":true},"E79566":{"id":79566,"ref":"E79566","type":"episode","position":44,"title":"Prikken","description":"Roos is helemaal klaar met Finn, maar ze komt er achter dat hij helemaal niet klaar met haar is.","still":"https:\/\/img-opt.cdn.smartvod.com\/smartvod\/images\/videoland\/data\/images\/1\/h\/5f739263406eb_[format].jpg","runtime":836,"editions":{"hd":{"price":0}},"is_downloadable":true},"E79567":{"id":79567,"ref":"E79567","type":"episode","position":45,"title":"Smokkelen","description":"Ollie, Tess, Thomas, Roos en Faiz smokkelen drank voor het schoolfeest de school in.","still":"https:\/\/img-opt.cdn.smartvod.com\/smartvod\/images\/videoland\/data\/images\/h\/e\/5f742394e2fdc_[format].jpg","runtime":749,"editions":{"hd":{"price":0}},"is_downloadable":true},"E79602":{"id":79602,"ref":"E79602","type":"episode","position":46,"title":"A Fuck School Party","description":"Thomas voelt zich uitgedaagd door Faiz en Ollie. Hij zoekt een manier om indruk op ze te maken.","still":"https:\/\/img-opt.cdn.smartvod.com\/smartvod\/images\/videoland\/data\/images\/3\/4\/5f7ad02a8162a_[format].jpg","runtime":769,"editions":{"hd":{"price":0}},"is_downloadable":true},"E79601":{"id":79601,"ref":"E79601","type":"episode","position":47,"title":"Deep Shit","description":"Ollie raakt ge\u00efntrigeerd door een hem onbekend meisje. Het zet zijn vriendschap met Faiz onder druk.","still":"https:\/\/img-opt.cdn.smartvod.com\/smartvod\/images\/videoland\/data\/images\/4\/0\/5f7ae542c4185_[format].jpg","runtime":701,"editions":{"hd":{"price":0}},"is_downloadable":true},"E79599":{"id":79599,"ref":"E79599","type":"episode","position":48,"title":"Karma","description":"Thomas baalt ervan dat de anderen hem de schuld geven dat ze op zaterdag moeten nablijven.","still":"https:\/\/img-opt.cdn.smartvod.com\/smartvod\/images\/videoland\/data\/images\/6\/e\/5f7d6af833915_[format].jpg","runtime":785,"editions":{"hd":{"price":0}},"is_downloadable":true},"E79598":{"id":79598,"ref":"E79598","type":"episode","position":49,"title":"Hacked","description":"Tess is haar laptop waar alle dagboekvideo's op staan kwijt...","still":"https:\/\/img-opt.cdn.smartvod.com\/smartvod\/images\/videoland\/data\/images\/1\/n\/5f7d6fb21e6b9_[format].jpg","runtime":692,"editions":{"hd":{"price":0}},"is_downloadable":true},"E79600":{"id":79600,"ref":"E79600","type":"episode","position":50,"title":"Wiet Telen Voor Beginners","description":"Thomas ontdekt een geheime ruimte op school en haalt Faiz over samen een wietplantage te beginnen.","still":"https:\/\/img-opt.cdn.smartvod.com\/smartvod\/images\/videoland\/data\/images\/o\/f\/5f7ec703e219f_[format].jpg","runtime":882,"editions":{"hd":{"price":0}},"is_downloadable":true},"E80085":{"id":80085,"ref":"E80085","type":"episode","position":51,"title":"Bitchslap","description":"Thomas komt op het idee dat Ollie hen geld kan lenen voor een groeilamp voor hun wietplantage. Maar Ollie heeft wel andere dingen aan zijn hoofd.","still":"https:\/\/img-opt.cdn.smartvod.com\/smartvod\/images\/videoland\/data\/images\/l\/5\/5f7f1c96989d9_[format].jpg","runtime":881,"editions":{"hd":{"price":0}},"is_downloadable":true},"E80084":{"id":80084,"ref":"E80084","type":"episode","position":52,"title":"Kutopmerkingen","description":"Tess komt alleen maar meer onder druk te staan als er meer priv\u00e9filmpjes van haar verschijnen.","still":"https:\/\/img-opt.cdn.smartvod.com\/smartvod\/images\/videoland\/data\/images\/m\/8\/5f84108f5110a_[format].jpg","runtime":649,"editions":{"hd":{"price":0}},"is_downloadable":true},"E80081":{"id":80081,"ref":"E80081","type":"episode","position":53,"title":"THC","description":"Ollie wordt door Roos aan het denken gezet over het plan van Thomas en Faiz om wiet te gaan kweken op school.","still":"https:\/\/img-opt.cdn.smartvod.com\/smartvod\/images\/videoland\/data\/images\/9\/n\/5f846f7472674_[format].jpg","runtime":813,"editions":{"hd":{"price":0}},"is_downloadable":true},"E80083":{"id":80083,"ref":"E80083","type":"episode","position":54,"title":"StressTess","description":"Roos is gekwetst als ze ziet wat Tess over haar zegt in haar dagboekvideo's. En ze is zeker niet de enige die de balen van Tess heeft.","still":"https:\/\/img-opt.cdn.smartvod.com\/smartvod\/images\/videoland\/data\/images\/d\/e\/5f86d5828b279_[format].jpg","runtime":901,"editions":{"hd":{"price":0}},"is_downloadable":true},"E80086":{"id":80086,"ref":"E80086","type":"episode","position":55,"title":"De Pleeschijter","description":"Roos neemt het voor Ollie op als klasgenoten hem schaamteloos vinden.","still":"https:\/\/img-opt.cdn.smartvod.com\/smartvod\/images\/videoland\/data\/images\/f\/v\/5f870913953f3_[format].jpg","runtime":752,"editions":{"hd":{"price":0}},"is_downloadable":true},"E80087":{"id":80087,"ref":"E80087","type":"episode","position":56,"title":"Kutluizen","description":"Thomas besluit Tess te helpen in haar strijd tegen Fleur. Hij heeft een verrassende troef achter de hand.","still":"https:\/\/img-opt.cdn.smartvod.com\/smartvod\/images\/videoland\/data\/images\/k\/c\/5f897e668e4cc_[format].jpg","runtime":751,"editions":{"hd":{"price":0}},"is_downloadable":true},"E80079":{"id":80079,"ref":"E80079","type":"episode","position":57,"title":"The Dark Side","description":"Faiz ziet door Tess in dat hij ego\u00efstisch is en weet Tim zover te krijgen te stoppen met chanteren.","still":"https:\/\/img-opt.cdn.smartvod.com\/smartvod\/images\/videoland\/data\/images\/0\/r\/5f8ea5e65f56d_[format].jpg","runtime":793,"editions":{"hd":{"price":0}},"is_downloadable":true},"E80082":{"id":80082,"ref":"E80082","type":"episode","position":58,"title":"OMG","description":"Ollie verbergt voor Roos dat hij nog maagd is. Maar misschien had hij daar beter eerlijk over kunnen zijn.","still":"https:\/\/img-opt.cdn.smartvod.com\/smartvod\/images\/videoland\/data\/images\/r\/r\/5f8ea83feaf47_[format].jpg","runtime":717,"editions":{"hd":{"price":0}},"is_downloadable":true},"E80088":{"id":80088,"ref":"E80088","type":"episode","position":59,"title":"Overtijd","description":"Roos raakt in paniek als ze overtijd is: het zal toch niet zo zijn dat ze zwanger is?","still":"https:\/\/img-opt.cdn.smartvod.com\/smartvod\/images\/videoland\/data\/images\/c\/s\/5f8ea84ab9b56_[format].jpg","runtime":809,"editions":{"hd":{"price":0}},"is_downloadable":true},"E80080":{"id":80080,"ref":"E80080","type":"episode","position":60,"title":"Faka","description":"Faiz probeert Thomas over te halen om zijn schorsing te negeren en hem te helpen met de plantage.","still":"https:\/\/img-opt.cdn.smartvod.com\/smartvod\/images\/videoland\/data\/images\/u\/s\/5f8eae1c32d1e_[format].jpg","runtime":773,"editions":{"hd":{"price":0}},"is_downloadable":true}}}