{"id":500612,"ref":"S500612","type":"series","title":"Chantals Beauty Camper","year":2021,"rating":4,"poster":"https:\/\/img-opt.cdn.smartvod.com\/smartvod\/images\/videoland\/data\/images\/1\/x\/604b1ba3cb942_[format].jpg","still":"https:\/\/img-opt.cdn.smartvod.com\/smartvod\/images\/videoland\/data\/images\/1\/i\/6128eed256290_[format].jpg","cast":{"actors":["Chantal Janzen","Fred van Leer","Leco van Zadelhoff"]},"genres":["Reality"],"refs":["SN4105","SN4388"],"is_adult":false,"is_kids":false,"is_available":true,"description":"Chantal Janzen, Leco van Zadelhoff en Fred van Leer trekken in hun gepersonaliseerde roze camper kriskras door ons land. Hun missie: mensen die het verdienen aan een make-over helpen. Het drietal zet hun beautykamp op daar waar ze hard nodig zijn. Het tweede seizoen is vanaf 1 september te zien!","nicam":{"al":"Alle leeftijden"},"language":"nl","language_full":"Nederlands","details":{"SN4105":{"id":4105,"ref":"SN4105","type":"season","title":"1","position":1},"SN4388":{"id":4388,"ref":"SN4388","type":"season","title":"2","position":2,"refs":["E89482","E89483","E89484","E89480","E89481","E89485"]},"E89482":{"id":89482,"ref":"E89482","type":"episode","position":1,"title":"","description":"Chantal, Fred en Leco parkeren het roze gevaarte als eerste in Leiden, waar Carolien herstellende is van anorexia. Het gaat gelukkig stukken beter met haar en gaat zelfs weer beginnen aan een nieuwe studie. Fred en Leco helpen Carolien een handje met deze nieuwe start.  De camper stopt ook bij Jaleesa, een verloskundige die zo hard werkt dat ze nul aandacht besteedt aan haar uiterlijk.","still":"https:\/\/img-opt.cdn.smartvod.com\/smartvod\/images\/videoland\/data\/images\/1\/i\/6128eed256290_[format].jpg","runtime":3766,"editions":{"hd":{"price":0}},"is_downloadable":true},"E89483":{"id":89483,"ref":"E89483","type":"episode","position":2,"title":"","description":"Chantal, Fred en Leco zijn aangekomen op de camping, want ook daar zijn genoeg mensen die een Fred en Leco kunnen gebruiken. Lisa is herstellende van een burn-out en terwijl ze denkt een leuk weekendje weg te zijn met haar vriendinnen, krijgt ze een welverdiende make-over. Ook Heidi staat op de camping. Zij heeft al 40 jaar hetzelfde kapsel. Lukt het Leco om daar verandering in te brengen?","still":"https:\/\/img-opt.cdn.smartvod.com\/smartvod\/images\/videoland\/data\/images\/j\/e\/6128eed3ba618_[format].jpg","runtime":3740,"editions":{"hd":{"price":0}},"is_downloadable":true},"E89484":{"id":89484,"ref":"E89484","type":"episode","position":3,"title":"","description":"In Rotterdam nemen Fred en Leco politieagent Natalie onder handen. Door een bedrijfsongeval heeft zij een hersenletsel opgelopen. Ze wordt enorm gemist in de buurt en vooral door het caf\u00e9 voor dragqueens in die wijk. Ook stopt de camper bij de hockeyclub van Dennis. Hij heeft zijn vrouw verloren aan kanker en moet zijn dochters nu alleen opvoeden. Hij heeft alleen weinig verstand van meisjeszaken.","still":"https:\/\/img-opt.cdn.smartvod.com\/smartvod\/images\/videoland\/data\/images\/e\/3\/6142057a5a77c_[format].jpg","runtime":3833,"editions":{"hd":{"price":0}},"is_downloadable":true},"E89480":{"id":89480,"ref":"E89480","type":"episode","position":4,"title":"","description":"Het roze gevaarte zet het beautykamp op bij een kasteel voor een koninklijke make-over. Petra is 1,86 meter en met schoenmaat 45 is het niet makkelijk om kleding en schoenen in de juiste maat te vinden. Ook reist de camper af naar Hardenberg. Merlin is een enorme steun voor haar zus, maar kan wel wat hulp kan gebruiken met het vinden van haar eigen stijl.","still":"https:\/\/img-opt.cdn.smartvod.com\/smartvod\/images\/videoland\/data\/images\/6\/v\/61411b89ca8a1_[format].jpg","runtime":3786,"editions":{"hd":{"price":0}},"is_downloadable":true},"E89481":{"id":89481,"ref":"E89481","type":"episode","position":5,"title":"","description":"De 39-jarige Pascalle heeft taaislijmziekte, waardoor zij nooit had verwacht deze leeftijd te bereiken. Ze schakelt de hulp in van het trio om de volwassen versie van zichzelf te gaan ontdekken. Daarna parkeert de camper bij Zena. Zij woont nog niet zo lang in Nederland en heeft hard geknokt om alles voor haar gezin voor elkaar te krijgen. Haar uiterlijk is daardoor op de tweede plek beland.","still":"https:\/\/img-opt.cdn.smartvod.com\/smartvod\/images\/videoland\/data\/images\/0\/6\/6148387c0fa48_[format].jpg","runtime":3782,"editions":{"hd":{"price":0}},"is_downloadable":true},"E89485":{"id":89485,"ref":"E89485","type":"episode","position":6,"title":"","description":"Chantal, Fred en Leco zijn afgereisd naar Duiven, waar Ingrid op het punt staat te gaan trainen op de atletiekbaan. Ingrid is door collega's aangemeld, omdat zij 30 kilo is afgevallen en nu niets meer heeft om aan te trekken. Verder parkeert de camper bij de dierentuin, want de olifantenverzorgers verzorgen het uiterlijk van de olifanten beter dan dat van zichzelf.","still":"https:\/\/img-opt.cdn.smartvod.com\/smartvod\/images\/videoland\/data\/images\/t\/7\/61517ebb1bc5f_[format].jpg","runtime":3824,"editions":{"hd":{"price":0}},"is_downloadable":true}}}