{"id":500132,"ref":"S500132","type":"series","title":"Hour Of Power","year":2022,"rating":4,"poster":"https:\/\/img-opt.cdn.smartvod.com\/smartvod\/images\/videoland\/data\/images\/r\/r\/5f6378ed91ee7_[format].jpg","still":"https:\/\/img-opt.cdn.smartvod.com\/smartvod\/images\/videoland\/data\/images\/v\/d\/61cc7dec1f3eb_[format].jpg","cast":{"actors":["Jan van den Bosch","Bobby Schuller"]},"genres":[],"refs":["SN2960","SN3155","SN4030","SN4706"],"is_adult":false,"is_kids":false,"is_available":true,"description":"Televisiekerkdienst waarin de positieve boodschap van Gods liefde wordt verkondigd. De voorganger is Bobby Schuller. Presentatie door Jan van den Bosch.","nicam":{"al":"Alle leeftijden"},"language":"nl","language_full":"Nederlands","details":{"SN2960":{"id":2960,"ref":"SN2960","type":"season","title":"18","position":18},"SN3155":{"id":3155,"ref":"SN3155","type":"season","title":"19","position":19},"SN4030":{"id":4030,"ref":"SN4030","type":"season","title":"20","position":20},"SN4706":{"id":4706,"ref":"SN4706","type":"season","title":"21","position":21,"refs":["E94155","E94296","E94294","E94297","E94295","E95342","E95454","E96133","E96248","E96319","E96599","E97035","E97098","E97344","E97522","E97599","E98053","E98247","E98292","E98793","E98798","E99116","E99114","E99112","E99117","E99115","E99113","E99111","E99110","E99109","E101029","E101014","E101021","E101024","E101028","E101022","E101019","E101016","E101013","E101018","E101040","E101043","E101038","E101049","E101031","E101032"]},"E94155":{"id":94155,"ref":"E94155","type":"episode","position":1,"title":"","description":"Televisiekerkdienst waarin de positieve boodschap van Gods liefde wordt verkondigd. De voorganger is Bobby Schuller. De presentatie is in handen van Jan van den Bosch.","still":"https:\/\/img-opt.cdn.smartvod.com\/smartvod\/images\/videoland\/data\/images\/v\/d\/61cc7dec1f3eb_[format].jpg","runtime":3540,"editions":{"hd":{"price":0}},"is_downloadable":false},"E94296":{"id":94296,"ref":"E94296","type":"episode","position":2,"title":"","description":"Televisiekerkdienst waarin de positieve boodschap van Gods liefde wordt verkondigd. De voorganger is Bobby Schuller. De presentatie is in handen van Jan van den Bosch.","still":"https:\/\/img-opt.cdn.smartvod.com\/smartvod\/images\/videoland\/data\/images\/v\/b\/61d983e3306f4_[format].jpg","runtime":3540,"editions":{"hd":{"price":0}},"is_downloadable":false},"E94294":{"id":94294,"ref":"E94294","type":"episode","position":3,"title":"","description":"Televisiekerkdienst waarin de positieve boodschap van Gods liefde wordt verkondigd. De voorganger is Bobby Schuller. De presentatie is in handen van Jan van den Bosch.","still":"https:\/\/img-opt.cdn.smartvod.com\/smartvod\/images\/videoland\/data\/images\/o\/8\/61e0238786620_[format].jpg","runtime":3540,"editions":{"hd":{"price":0}},"is_downloadable":false},"E94297":{"id":94297,"ref":"E94297","type":"episode","position":4,"title":"","description":"Televisiekerkdienst waarin de positieve boodschap van Gods liefde wordt verkondigd. De voorganger is Bobby Schuller. De presentatie is in handen van Jan van den Bosch.","still":"https:\/\/img-opt.cdn.smartvod.com\/smartvod\/images\/videoland\/data\/images\/z\/q\/61eaba0fee6aa_[format].jpg","runtime":3540,"editions":{"hd":{"price":0}},"is_downloadable":false},"E94295":{"id":94295,"ref":"E94295","type":"episode","position":5,"title":"","description":"Televisiekerkdienst waarin de positieve boodschap van Gods liefde wordt verkondigd. De voorganger is Bobby Schuller. De presentatie is in handen van Jan van den Bosch.","still":"https:\/\/img-opt.cdn.smartvod.com\/smartvod\/images\/videoland\/data\/images\/u\/r\/61f41a18b00a5_[format].jpg","runtime":3540,"editions":{"hd":{"price":0}},"is_downloadable":false},"E95342":{"id":95342,"ref":"E95342","type":"episode","position":6,"title":"","description":"Televisiekerkdienst waarin de positieve boodschap van Gods liefde wordt verkondigd. De voorganger is Bobby Schuller. De presentatie is in handen van Jan van den Bosch.","still":"https:\/\/img-opt.cdn.smartvod.com\/smartvod\/images\/videoland\/data\/images\/f\/o\/61f7f1446359b_[format].jpg","runtime":3540,"editions":{"hd":{"price":0}},"is_downloadable":false},"E95454":{"id":95454,"ref":"E95454","type":"episode","position":7,"title":"","description":"Televisiekerkdienst waarin de positieve boodschap van Gods liefde wordt verkondigd. De voorganger is Bobby Schuller. De presentatie is in handen van Jan van den Bosch.","still":"https:\/\/img-opt.cdn.smartvod.com\/smartvod\/images\/videoland\/data\/images\/c\/7\/62067b2c51e29_[format].jpg","runtime":3540,"editions":{"hd":{"price":0}},"is_downloadable":false},"E96133":{"id":96133,"ref":"E96133","type":"episode","position":8,"title":"","description":"Televisiekerkdienst waarin de positieve boodschap van Gods liefde wordt verkondigd. De voorganger is Bobby Schuller. De presentatie is in handen van Jan van den Bosch.","still":"https:\/\/img-opt.cdn.smartvod.com\/smartvod\/images\/videoland\/data\/images\/v\/y\/621212658553e_[format].jpg","runtime":3540,"editions":{"hd":{"price":0}},"is_downloadable":false},"E96248":{"id":96248,"ref":"E96248","type":"episode","position":9,"title":"","description":"Televisiekerkdienst waarin de positieve boodschap van Gods liefde wordt verkondigd. De voorganger is Bobby Schuller. De presentatie is in handen van Jan van den Bosch.","still":"https:\/\/img-opt.cdn.smartvod.com\/smartvod\/images\/videoland\/data\/images\/q\/l\/6218de9d01b1c_[format].jpg","runtime":3540,"editions":{"hd":{"price":0}},"is_downloadable":false},"E96319":{"id":96319,"ref":"E96319","type":"episode","position":10,"title":"","description":"Televisiekerkdienst waarin de positieve boodschap van Gods liefde wordt verkondigd. De voorganger is Bobby Schuller. De presentatie is in handen van Jan van den Bosch.","still":"https:\/\/img-opt.cdn.smartvod.com\/smartvod\/images\/videoland\/data\/images\/h\/5\/6222191cefc5c_[format].jpg","runtime":3540,"editions":{"hd":{"price":0}},"is_downloadable":false},"E96599":{"id":96599,"ref":"E96599","type":"episode","position":11,"title":"","description":"Televisiekerkdienst waarin de positieve boodschap van Gods liefde wordt verkondigd. De voorganger is Bobby Schuller. De presentatie is in handen van Jan van den Bosch.","still":"https:\/\/img-opt.cdn.smartvod.com\/smartvod\/images\/videoland\/data\/images\/5\/e\/622c7f91aa95e_[format].jpg","runtime":3540,"editions":{"hd":{"price":0}},"is_downloadable":false},"E97035":{"id":97035,"ref":"E97035","type":"episode","position":12,"title":"","description":"Televisiekerkdienst waarin de positieve boodschap van Gods liefde wordt verkondigd. De voorganger is Bobby Schuller. De presentatie is in handen van Jan van den Bosch.","still":"https:\/\/img-opt.cdn.smartvod.com\/smartvod\/images\/videoland\/data\/images\/w\/4\/62389fdacc18d_[format].jpg","runtime":3540,"editions":{"hd":{"price":0}},"is_downloadable":false},"E97098":{"id":97098,"ref":"E97098","type":"episode","position":13,"title":"","description":"Televisiekerkdienst waarin de positieve boodschap van Gods liefde wordt verkondigd. De voorganger is Bobby Schuller. De presentatie is in handen van Jan van den Bosch.","still":"https:\/\/img-opt.cdn.smartvod.com\/smartvod\/images\/videoland\/data\/images\/7\/x\/62470ed8b392a_[format].jpg","runtime":3540,"editions":{"hd":{"price":0}},"is_downloadable":false},"E97344":{"id":97344,"ref":"E97344","type":"episode","position":14,"title":"","description":"Televisiekerkdienst waarin de positieve boodschap van Gods liefde wordt verkondigd. De voorganger is Bobby Schuller. De presentatie is in handen van Jan van den Bosch.","still":"https:\/\/img-opt.cdn.smartvod.com\/smartvod\/images\/videoland\/data\/images\/z\/9\/6246c15ccce6a_[format].jpg","runtime":3540,"editions":{"hd":{"price":0}},"is_downloadable":false},"E97522":{"id":97522,"ref":"E97522","type":"episode","position":15,"title":"","description":"Televisiekerkdienst waarin de positieve boodschap van Gods liefde wordt verkondigd. De voorganger is Bobby Schuller. De presentatie is in handen van Jan van den Bosch.","still":"https:\/\/img-opt.cdn.smartvod.com\/smartvod\/images\/videoland\/data\/images\/r\/y\/624f018eb9d34_[format].jpg","runtime":3540,"editions":{"hd":{"price":0}},"is_downloadable":false},"E97599":{"id":97599,"ref":"E97599","type":"episode","position":16,"title":"","description":"Televisiekerkdienst waarin de positieve boodschap van Gods liefde wordt verkondigd. De voorganger is Bobby Schuller. De presentatie is in handen van Jan van den Bosch.","still":"https:\/\/img-opt.cdn.smartvod.com\/smartvod\/images\/videoland\/data\/images\/2\/1\/62583f471f8a0_[format].jpg","runtime":3540,"editions":{"hd":{"price":0}},"is_downloadable":false},"E98053":{"id":98053,"ref":"E98053","type":"episode","position":17,"title":"","description":"Televisiekerkdienst waarin de positieve boodschap van Gods liefde wordt verkondigd. De voorganger is Bobby Schuller. De presentatie is in handen van Jan van den Bosch.","still":"https:\/\/img-opt.cdn.smartvod.com\/smartvod\/images\/videoland\/data\/images\/q\/y\/6266c322eaf36_[format].jpg","runtime":3540,"editions":{"hd":{"price":0}},"is_downloadable":false},"E98247":{"id":98247,"ref":"E98247","type":"episode","position":18,"title":"","description":"Televisiekerkdienst waarin de positieve boodschap van Gods liefde wordt verkondigd. De voorganger is Bobby Schuller. De presentatie is in handen van Jan van den Bosch.","still":"https:\/\/img-opt.cdn.smartvod.com\/smartvod\/images\/videoland\/data\/images\/j\/g\/626c061a2e5cf_[format].jpg","runtime":3540,"editions":{"hd":{"price":0}},"is_downloadable":false},"E98292":{"id":98292,"ref":"E98292","type":"episode","position":19,"title":"","description":"Televisiekerkdienst waarin de positieve boodschap van Gods liefde wordt verkondigd. De voorganger is Bobby Schuller. De presentatie is in handen van Jan van den Bosch.","still":"https:\/\/img-opt.cdn.smartvod.com\/smartvod\/images\/videoland\/data\/images\/w\/m\/62729ed47f488_[format].jpg","runtime":3540,"editions":{"hd":{"price":0}},"is_downloadable":false},"E98793":{"id":98793,"ref":"E98793","type":"episode","position":20,"title":"","description":"Televisiekerkdienst waarin de positieve boodschap van Gods liefde wordt verkondigd. De voorganger is Bobby Schuller. De presentatie is in handen van Jan van den Bosch.","still":"https:\/\/img-opt.cdn.smartvod.com\/smartvod\/images\/videoland\/data\/images\/i\/5\/627cc13956d7c_[format].jpg","runtime":3540,"editions":{"hd":{"price":0}},"is_downloadable":false},"E98798":{"id":98798,"ref":"E98798","type":"episode","position":21,"title":"","description":"Televisiekerkdienst waarin de positieve boodschap van Gods liefde wordt verkondigd. De voorganger is Bobby Schuller. De presentatie is in handen van Jan van den Bosch.","still":"https:\/\/img-opt.cdn.smartvod.com\/smartvod\/images\/videoland\/data\/images\/b\/q\/628b4979778f9_[format].jpg","runtime":3540,"editions":{"hd":{"price":0}},"is_downloadable":false},"E99116":{"id":99116,"ref":"E99116","type":"episode","position":22,"title":"","description":"Televisiekerkdienst waarin de positieve boodschap van Gods liefde wordt verkondigd. De voorganger is Bobby Schuller. De presentatie is in handen van Jan van den Bosch.","still":"https:\/\/img-opt.cdn.smartvod.com\/smartvod\/images\/videoland\/data\/images\/9\/x\/6290d552d1d9d_[format].jpg","runtime":3540,"editions":{"hd":{"price":0}},"is_downloadable":false},"E99114":{"id":99114,"ref":"E99114","type":"episode","position":23,"title":"","description":"Televisiekerkdienst waarin de positieve boodschap van Gods liefde wordt verkondigd. De voorganger is Bobby Schuller. De presentatie is in handen van Jan van den Bosch.","still":"https:\/\/img-opt.cdn.smartvod.com\/smartvod\/images\/videoland\/data\/images\/f\/y\/629f09a8ad2ab_[format].jpg","runtime":3540,"editions":{"hd":{"price":0}},"is_downloadable":false},"E99112":{"id":99112,"ref":"E99112","type":"episode","position":24,"title":"","description":"Televisiekerkdienst waarin de positieve boodschap van Gods liefde wordt verkondigd. De voorganger is Bobby Schuller. De presentatie is in handen van Jan van den Bosch.","still":"https:\/\/img-opt.cdn.smartvod.com\/smartvod\/images\/videoland\/data\/images\/m\/x\/62a8409b0f7a7_[format].jpg","runtime":3540,"editions":{"hd":{"price":0}},"is_downloadable":false},"E99117":{"id":99117,"ref":"E99117","type":"episode","position":25,"title":"","description":"Televisiekerkdienst waarin de positieve boodschap van Gods liefde wordt verkondigd. De voorganger is Bobby Schuller. De presentatie is in handen van Jan van den Bosch.","still":"https:\/\/img-opt.cdn.smartvod.com\/smartvod\/images\/videoland\/data\/images\/o\/e\/62aaed95a97aa_[format].jpg","runtime":3540,"editions":{"hd":{"price":0}},"is_downloadable":false},"E99115":{"id":99115,"ref":"E99115","type":"episode","position":26,"title":"","description":"Televisiekerkdienst waarin de positieve boodschap van Gods liefde wordt verkondigd. De voorganger is Bobby Schuller. De presentatie is in handen van Jan van den Bosch.","still":"https:\/\/img-opt.cdn.smartvod.com\/smartvod\/images\/videoland\/data\/images\/y\/8\/62b4417c8139d_[format].jpg","runtime":3540,"editions":{"hd":{"price":0}},"is_downloadable":false},"E99113":{"id":99113,"ref":"E99113","type":"episode","position":27,"title":"","description":"Televisiekerkdienst waarin de positieve boodschap van Gods liefde wordt verkondigd. De voorganger is Bobby Schuller. De presentatie is in handen van Jan van den Bosch.","still":"https:\/\/img-opt.cdn.smartvod.com\/smartvod\/images\/videoland\/data\/images\/r\/g\/62bd5d289022f_[format].jpg","runtime":3540,"editions":{"hd":{"price":0}},"is_downloadable":false},"E99111":{"id":99111,"ref":"E99111","type":"episode","position":28,"title":"","description":"Televisiekerkdienst waarin de positieve boodschap van Gods liefde wordt verkondigd. De voorganger is Bobby Schuller. De presentatie is in handen van Jan van den Bosch.","still":"https:\/\/img-opt.cdn.smartvod.com\/smartvod\/images\/videoland\/data\/images\/o\/o\/62c6a2354bd65_[format].jpg","runtime":3540,"editions":{"hd":{"price":0}},"is_downloadable":false},"E99110":{"id":99110,"ref":"E99110","type":"episode","position":29,"title":"","description":"Televisiekerkdienst waarin de positieve boodschap van Gods liefde wordt verkondigd. De voorganger is Bobby Schuller. De presentatie is in handen van Jan van den Bosch.","still":"https:\/\/img-opt.cdn.smartvod.com\/smartvod\/images\/videoland\/data\/images\/x\/d\/62cedcb7675f7_[format].jpg","runtime":3540,"editions":{"hd":{"price":0}},"is_downloadable":false},"E99109":{"id":99109,"ref":"E99109","type":"episode","position":30,"title":"","description":"Televisiekerkdienst waarin de positieve boodschap van Gods liefde wordt verkondigd. De voorganger is Bobby Schuller. De presentatie is in handen van Jan van den Bosch.","still":"https:\/\/img-opt.cdn.smartvod.com\/smartvod\/images\/videoland\/data\/images\/r\/g\/62da8778e3b52_[format].jpg","runtime":3540,"editions":{"hd":{"price":0}},"is_downloadable":false},"E101029":{"id":101029,"ref":"E101029","type":"episode","position":31,"title":"","description":"Televisiekerkdienst waarin de positieve boodschap van Gods liefde wordt verkondigd. De voorganger is Bobby Schuller. De presentatie is in handen van Jan van den Bosch.","still":"https:\/\/img-opt.cdn.smartvod.com\/smartvod\/images\/videoland\/data\/images\/5\/9\/62e793e7dbb32_[format].jpg","runtime":3540,"editions":{"hd":{"price":0}},"is_downloadable":false},"E101014":{"id":101014,"ref":"E101014","type":"episode","position":32,"title":"","description":"Televisiekerkdienst waarin de positieve boodschap van Gods liefde wordt verkondigd. De voorganger is Bobby Schuller. De presentatie is in handen van Jan van den Bosch.","still":"https:\/\/img-opt.cdn.smartvod.com\/smartvod\/images\/videoland\/data\/images\/3\/u\/62ebd3135cf29_[format].jpg","runtime":3540,"editions":{"hd":{"price":0}},"is_downloadable":false},"E101021":{"id":101021,"ref":"E101021","type":"episode","position":33,"title":"","description":"Televisiekerkdienst waarin de positieve boodschap van Gods liefde wordt verkondigd. De voorganger is Bobby Schuller. De presentatie is in handen van Jan van den Bosch.","still":"https:\/\/img-opt.cdn.smartvod.com\/smartvod\/images\/videoland\/data\/images\/o\/4\/62f511df855a9_[format].jpg","runtime":3540,"editions":{"hd":{"price":0}},"is_downloadable":false},"E101024":{"id":101024,"ref":"E101024","type":"episode","position":34,"title":"","description":"Televisiekerkdienst waarin de positieve boodschap van Gods liefde wordt verkondigd. De voorganger is Bobby Schuller. De presentatie is in handen van Jan van den Bosch.","still":"https:\/\/img-opt.cdn.smartvod.com\/smartvod\/images\/videoland\/data\/images\/9\/6\/62ff9b39cf582_[format].jpg","runtime":3540,"editions":{"hd":{"price":0}},"is_downloadable":false},"E101028":{"id":101028,"ref":"E101028","type":"episode","position":35,"title":"","description":"Televisiekerkdienst waarin de positieve boodschap van Gods liefde wordt verkondigd. De voorganger is Bobby Schuller. De presentatie is in handen van Jan van den Bosch.","still":"https:\/\/img-opt.cdn.smartvod.com\/smartvod\/images\/videoland\/data\/images\/o\/u\/6307a0c00aeb7_[format].jpg","runtime":3540,"editions":{"hd":{"price":0}},"is_downloadable":false},"E101022":{"id":101022,"ref":"E101022","type":"episode","position":36,"title":"","description":"Televisiekerkdienst waarin de positieve boodschap van Gods liefde wordt verkondigd. De voorganger is Bobby Schuller. De presentatie is in handen van Jan van den Bosch.","still":"https:\/\/img-opt.cdn.smartvod.com\/smartvod\/images\/videoland\/data\/images\/w\/b\/6310d62839934_[format].jpg","runtime":3540,"editions":{"hd":{"price":0}},"is_downloadable":false},"E101019":{"id":101019,"ref":"E101019","type":"episode","position":37,"title":"","description":"Televisiekerkdienst waarin de positieve boodschap van Gods liefde wordt verkondigd. De voorganger is Bobby Schuller. De presentatie is in handen van Jan van den Bosch.","still":"https:\/\/img-opt.cdn.smartvod.com\/smartvod\/images\/videoland\/data\/images\/r\/g\/631b412e2d075_[format].jpg","runtime":3540,"editions":{"hd":{"price":0}},"is_downloadable":false},"E101016":{"id":101016,"ref":"E101016","type":"episode","position":38,"title":"","description":"Televisiekerkdienst waarin de positieve boodschap van Gods liefde wordt verkondigd. De voorganger is Bobby Schuller. De presentatie is in handen van Jan van den Bosch.","still":"https:\/\/img-opt.cdn.smartvod.com\/smartvod\/images\/videoland\/data\/images\/m\/h\/632485094e0c2_[format].jpg","runtime":3540,"editions":{"hd":{"price":0}},"is_downloadable":false},"E101013":{"id":101013,"ref":"E101013","type":"episode","position":39,"title":"","description":"Televisiekerkdienst waarin de positieve boodschap van Gods liefde wordt verkondigd. De voorganger is Bobby Schuller. De presentatie is in handen van Jan van den Bosch.","still":"https:\/\/img-opt.cdn.smartvod.com\/smartvod\/images\/videoland\/data\/images\/z\/u\/53674d1e1947f_[format].jpeg","runtime":3540,"editions":{"hd":{"price":0}},"is_downloadable":false},"E101018":{"id":101018,"ref":"E101018","type":"episode","position":40,"title":"","description":"Televisiekerkdienst waarin de positieve boodschap van Gods liefde wordt verkondigd. De voorganger is Bobby Schuller. De presentatie is in handen van Jan van den Bosch.","still":"https:\/\/img-opt.cdn.smartvod.com\/smartvod\/images\/videoland\/data\/images\/p\/v\/6336ac4b8dd87_[format].jpg","runtime":3540,"editions":{"hd":{"price":0}},"is_downloadable":false},"E101040":{"id":101040,"ref":"E101040","type":"episode","position":41,"title":"","description":"Televisiekerkdienst waarin de positieve boodschap van Gods liefde wordt verkondigd. De voorganger is Bobby Schuller. De presentatie is in handen van Jan van den Bosch.","still":"https:\/\/img-opt.cdn.smartvod.com\/smartvod\/images\/videoland\/data\/images\/v\/6\/633ecefb510c0_[format].jpg","runtime":3540,"editions":{"hd":{"price":0}},"is_downloadable":false},"E101043":{"id":101043,"ref":"E101043","type":"episode","position":42,"title":"","description":"Televisiekerkdienst waarin de positieve boodschap van Gods liefde wordt verkondigd. De voorganger is Bobby Schuller. De presentatie is in handen van Jan van den Bosch.","still":"https:\/\/img-opt.cdn.smartvod.com\/smartvod\/images\/videoland\/data\/images\/c\/2\/6347d6af9b0b4_[format].jpg","runtime":3540,"editions":{"hd":{"price":0}},"is_downloadable":false},"E101038":{"id":101038,"ref":"E101038","type":"episode","position":43,"title":"","description":"Televisiekerkdienst waarin de positieve boodschap van Gods liefde wordt verkondigd. De voorganger is Bobby Schuller. De presentatie is in handen van Jan van den Bosch.","still":"https:\/\/img-opt.cdn.smartvod.com\/smartvod\/images\/videoland\/data\/images\/i\/9\/63512de6bb5b3_[format].jpg","runtime":3540,"editions":{"hd":{"price":0}},"is_downloadable":false},"E101049":{"id":101049,"ref":"E101049","type":"episode","position":44,"title":"","description":"Televisiekerkdienst waarin de positieve boodschap van Gods liefde wordt verkondigd. De voorganger is Bobby Schuller. De presentatie is in handen van Jan van den Bosch.","still":"https:\/\/img-opt.cdn.smartvod.com\/smartvod\/images\/videoland\/data\/images\/i\/s\/635a927a8edd7_[format].jpg","runtime":3540,"editions":{"hd":{"price":0}},"is_downloadable":false},"E101031":{"id":101031,"ref":"E101031","type":"episode","position":45,"title":"","description":"Televisiekerkdienst waarin de positieve boodschap van Gods liefde wordt verkondigd. De voorganger is Bobby Schuller. De presentatie is in handen van Jan van den Bosch.","still":"https:\/\/img-opt.cdn.smartvod.com\/smartvod\/images\/videoland\/data\/images\/4\/6\/63638d9beaa17_[format].jpg","runtime":3540,"editions":{"hd":{"price":0}},"is_downloadable":false},"E101032":{"id":101032,"ref":"E101032","type":"episode","position":46,"title":"","description":"Televisiekerkdienst waarin de positieve boodschap van Gods liefde wordt verkondigd. De voorganger is Bobby Schuller. De presentatie is in handen van Jan van den Bosch.","still":"https:\/\/img-opt.cdn.smartvod.com\/smartvod\/images\/videoland\/data\/images\/o\/s\/636d2331bc5ed_[format].jpg","runtime":3540,"editions":{"hd":{"price":0}},"is_downloadable":false}}}