{"id":500638,"ref":"S500638","type":"series","title":"Eigen Huis & Tuin: Lekker Leven Ruimt Op","year":2021,"rating":4,"poster":"https:\/\/img-opt.cdn.smartvod.com\/smartvod\/images\/videoland\/data\/images\/d\/e\/605b340ecd57f_[format].jpg","still":"https:\/\/img-opt.cdn.smartvod.com\/smartvod\/images\/videoland\/data\/images\/v\/o\/615414d965972_[format].jpg","cast":{},"genres":["Informatief","Lifestyle"],"refs":["SN4156","SN4478"],"is_adult":false,"is_kids":false,"is_available":true,"description":"In dit lifestyleprogramma gaan we aan de slag met je voorjaarsgarderobe. Van tips voor het kopen van tweedehands kleding tot inspiratie voor een metamorfose van je kledingkast, alles komt voorbij.","nicam":{"al":"Alle leeftijden"},"language":"nl","language_full":"Nederlands","details":{"SN4156":{"id":4156,"ref":"SN4156","type":"season","title":"2","position":2},"SN4478":{"id":4478,"ref":"SN4478","type":"season","title":"3","position":3,"refs":["E90880","E90895","E90902","E90882","E91513","E91845"]},"E90880":{"id":90880,"ref":"E90880","type":"episode","position":1,"title":"","description":"In dit lifestyleprogramma gaan we aan de slag gaan met je najaarsgarderobe. Van herfst &amp; winter trends, tips voor het kopen van tweedehands kleding tot inspiratie voor een metamorfose van je kledingkast, alles komt voorbij.","still":"https:\/\/img-opt.cdn.smartvod.com\/smartvod\/images\/videoland\/data\/images\/v\/o\/615414d965972_[format].jpg","runtime":1380,"editions":{"hd":{"price":0}},"is_downloadable":false},"E90895":{"id":90895,"ref":"E90895","type":"episode","position":2,"title":"","description":"In dit lifestyleprogramma gaan we aan de slag gaan met je najaarsgarderobe. Van herfst &amp; winter trends, tips voor het kopen van tweedehands kleding tot inspiratie voor een metamorfose van je kledingkast, alles komt voorbij.","still":"https:\/\/img-opt.cdn.smartvod.com\/smartvod\/images\/videoland\/data\/images\/4\/x\/6161e1b89ed29_[format].jpg","runtime":60,"editions":{"hd":{"price":0}},"is_downloadable":false},"E90902":{"id":90902,"ref":"E90902","type":"episode","position":3,"title":"","description":"In dit lifestyleprogramma gaan we aan de slag gaan met je najaarsgarderobe. Van herfst &amp; winter trends, tips voor het kopen van tweedehands kleding tot inspiratie voor een metamorfose van je kledingkast, alles komt voorbij.","still":"https:\/\/img-opt.cdn.smartvod.com\/smartvod\/images\/videoland\/data\/images\/t\/g\/61544246d3d10_[format].jpg","runtime":1380,"editions":{"hd":{"price":0}},"is_downloadable":false},"E90882":{"id":90882,"ref":"E90882","type":"episode","position":4,"title":"","description":"In dit lifestyleprogramma gaan we aan de slag gaan met je najaarsgarderobe. Van herfst &amp; winter trends, tips voor het kopen van tweedehands kleding tot inspiratie voor een metamorfose van je kledingkast, alles komt voorbij.","still":"https:\/\/img-opt.cdn.smartvod.com\/smartvod\/images\/videoland\/data\/images\/v\/7\/615eb73d6871d_[format].jpg","runtime":1380,"editions":{"hd":{"price":0}},"is_downloadable":false},"E91513":{"id":91513,"ref":"E91513","type":"episode","position":5,"title":"","description":"In dit lifestyleprogramma gaan we aan de slag gaan met je najaarsgarderobe. Van herfst &amp; winter trends, tips voor het kopen van tweedehands kleding tot inspiratie voor een metamorfose van je kledingkast, alles komt voorbij.","still":"https:\/\/img-opt.cdn.smartvod.com\/smartvod\/images\/videoland\/data\/images\/z\/b\/6172c65019df4_[format].jpg","runtime":1320,"editions":{"hd":{"price":0}},"is_downloadable":false},"E91845":{"id":91845,"ref":"E91845","type":"episode","position":6,"title":"","description":"In dit lifestyleprogramma gaan we aan de slag gaan met je najaarsgarderobe. Van herfst &amp; winter trends, tips voor het kopen van tweedehands kleding tot inspiratie voor een metamorfose van je kledingkast, alles komt voorbij.","still":"https:\/\/img-opt.cdn.smartvod.com\/smartvod\/images\/videoland\/data\/images\/m\/6\/617a8f9bc5c05_[format].jpg","runtime":1380,"editions":{"hd":{"price":0}},"is_downloadable":false}}}