{"id":500260,"ref":"S500260","type":"series","title":"De Kliniek","year":2022,"rating":3,"poster":"https:\/\/img-opt.cdn.smartvod.com\/smartvod\/images\/videoland\/data\/images\/f\/e\/62a1b3940d06f_[format].jpg","still":"https:\/\/img-opt.cdn.smartvod.com\/smartvod\/images\/videoland\/data\/images\/l\/7\/62b0357ee1428_[format].jpg","cast":{},"genres":["Reality"],"refs":["SN3172","SN4981"],"is_adult":false,"is_kids":false,"is_available":true,"description":"We volgen plastisch chirurgen tijdens hun werk. Waarom willen mensen iets aan hun uiterlijk veranderen? En wat kunnen en willen plastisch chirurgen doen in het nastreven van het zogenaamde schoonheidsideaal? Volg de indringende verhalen van cli\u00ebnten en zie hoe gepassioneerde artsen zich inzetten voor een beter zelfbeeld en meer zelfvertrouwen.","nicam":{"9":"Mogelijk schadelijk tot 9 jaar","angst":"Angst"},"language":"nl","language_full":"Nederlands","details":{"SN3172":{"id":3172,"ref":"SN3172","type":"season","title":"1","position":1},"SN4981":{"id":4981,"ref":"SN4981","type":"season","title":"2","position":2,"refs":["E98672","E98673","E98861","E99297","E99346","E99376","E99840"]},"E98672":{"id":98672,"ref":"E98672","type":"episode","position":1,"title":"","description":"De 33-jarige Kelly komt op consult bij plastisch chirurg Felicia Smits. Kelly is op eigen kracht heel veel afgevallen, maar dat is ten koste gegaan van haar buik en borsten. Hierdoor durft ze nog steeds niet in een bikini. Kan Felicia haar helpen en ervoor zorgen dat haar grote wens uitkomt?","still":"https:\/\/img-opt.cdn.smartvod.com\/smartvod\/images\/videoland\/data\/images\/l\/7\/62b0357ee1428_[format].jpg","runtime":1320,"editions":{"hd":{"price":0}},"is_downloadable":false},"E98673":{"id":98673,"ref":"E98673","type":"episode","position":2,"title":"","description":"De 58-jarige Mirjam staat altijd voor anderen klaar. Ze heeft een gezinshuis in de Achterhoek, waar jongeren wonen die uit huis zijn geplaatst. Mirjam vindt dat ze er veel ouder uitziet dan ze eigenlijk is. Daarom brengt ze vandaag een bezoek aan plastisch chirurg Jacques van der Meulen. Hij is gespecialiseerd in natuurlijke facelifts.","still":"https:\/\/img-opt.cdn.smartvod.com\/smartvod\/images\/videoland\/data\/images\/5\/q\/62b076f322376_[format].jpg","runtime":1320,"editions":{"hd":{"price":0}},"is_downloadable":false},"E98861":{"id":98861,"ref":"E98861","type":"episode","position":3,"title":"","description":"De 33-jarige Gerita heeft nooit borsten gehad, zelfs niet tijdens of na de zwangerschappen van haar vijf kinderen. Na een heftige tijd wil ze hier eindelijk iets aan doen. Daarom gaat ze vandaag op consult bij plastisch chirurg Laura Zaal, die gespecialiseerd is in borstcorrecties. Kan zij ervoor zorgen dat Gerita weer meer zelfvertrouwen krijgt?","still":"https:\/\/img-opt.cdn.smartvod.com\/smartvod\/images\/videoland\/data\/images\/v\/7\/62b0382dbd76c_[format].jpg","runtime":1320,"editions":{"hd":{"price":0}},"is_downloadable":false},"E99297":{"id":99297,"ref":"E99297","type":"episode","position":4,"title":"","description":"De 28-jarige Dominique kijkt niet graag in de spiegel. Ook vindt ze het niet fijn om op de foto te gaan. De reden hiervoor is haar neus. Ze vindt hem al haar hele leven lelijk en zou graag een neus willen hebben zoals die van haar zusje. Daarom gaat ze vandaag op consult bij KNO-arts Pim Godefroy.","still":"https:\/\/img-opt.cdn.smartvod.com\/smartvod\/images\/videoland\/data\/images\/m\/g\/62b037fd96489_[format].jpg","runtime":1320,"editions":{"hd":{"price":0}},"is_downloadable":false},"E99346":{"id":99346,"ref":"E99346","type":"episode","position":5,"title":"","description":"De 57-jarige Trieni is na een verdrietige tijd niet heel erg blij meer met haar uiterlijk. Ze vindt dat ze er heel oud en vermoeid en uitziet. Daarom brengt ze vandaag een bezoek aan plastisch chirurg Jeroen Stevens. Hij ontwikkelde een bijzondere facelifttechniek waardoor mensen er weer jonger en stralender uit gaan zien.","still":"https:\/\/img-opt.cdn.smartvod.com\/smartvod\/images\/videoland\/data\/images\/h\/p\/62a9c939bc9bc_[format].jpg","runtime":1320,"editions":{"hd":{"price":0}},"is_downloadable":false},"E99376":{"id":99376,"ref":"E99376","type":"episode","position":6,"title":"","description":"Na twee zwangerschappen zijn de borsten van de 32-jarige Ella niet meer wat ze waren. Ze hebben nog wel wat volume, maar ze hangen. Ella zou graag weer naar de sauna gaan zonder zich te schamen. Daarom gaat ze vandaag langs bij plastisch chirurg Marijke van den Elzen. Zij adviseert Ella een borstlift in combinatie met lipofilling.","still":"https:\/\/img-opt.cdn.smartvod.com\/smartvod\/images\/videoland\/data\/images\/y\/q\/62b3039fd89ed_[format].jpg","runtime":1320,"editions":{"hd":{"price":0}},"is_downloadable":false},"E99840":{"id":99840,"ref":"E99840","type":"episode","position":7,"title":"","description":"De 44-jarige Fenneke heeft vanaf dat ze jong was wallen onder haar ogen. Naarmate ze ouder wordt, hangen ook haar bovenoogleden steeds meer. Daarom gaat ze vandaag naar plastisch chirurg Johan Wijbenga. Hij is gespecialiseerd in ooglidcorrecties. En hoe gaat het nu met de kandidaten die dit seizoen een cosmetische ingreep hebben ondergaan?","still":"https:\/\/img-opt.cdn.smartvod.com\/smartvod\/images\/videoland\/data\/images\/g\/c\/62b9d2f3eed4f_[format].jpg","runtime":1320,"editions":{"hd":{"price":0}},"is_downloadable":false}}}