{"id":500553,"ref":"S500553","type":"series","title":"Big Brother","year":2022,"rating":5,"poster":"https:\/\/img-opt.cdn.smartvod.com\/smartvod\/images\/videoland\/data\/images\/u\/f\/60abe045e2645_[format].jpg","still":"https:\/\/img-opt.cdn.smartvod.com\/smartvod\/images\/videoland\/data\/images\/p\/r\/61cdba8f5eb46_[format].jpg","cast":{"actors":["Geraldine Kemper","Peter Van de Veire"]},"genres":["Reality"],"refs":["SN3961","SN4673"],"is_adult":false,"is_kids":false,"is_available":true,"description":"Een groep wildvreemde mensen wordt 24\/7 door camera's wordt gevolgd in het Big Brother-huis. De bewoners worden op de proef met spellen en uitdagingen. Dit seizoen wordt zwaarder, schaarser en onvoorspelbaarder dan ooit en als kijker krijg je n\u00f3g meer invloed.","nicam":{"al":"Alle leeftijden","taalgebruik":"Grof Taalgebruik"},"language":"nl","language_full":"Nederlands","details":{"SN3961":{"id":3961,"ref":"SN3961","type":"season","title":"2021","position":1},"SN4673":{"id":4673,"ref":"SN4673","type":"season","title":"2022","position":2,"refs":["E93766","E94041","E94046","E94049","E94048","E94036","E94039","E94045","E94052","E94043","E94040","E94042","E94047","E94050","E94051","E94044","E94038","E94037","E94054","E94063","E94980","E94988","E95010","E94978","E94963","E94962","E94991","E94989","E94974","E95350","E95443","E95438","E95437","E95441","E95445","E95457","E95498","E95486","E95488","E95503","E95489","E95502","E95487","E95499","E95501","E95497","E95495","E95490","E95494","E95496","E95491","E95500","E95492","E95493","E96368","E96381","E96376","E96607","E96594","E96613","E96691","E96689","E96729","E96719","E97024","E97030","E97067","E97087","E97088","E97049","E97100","E95764"]},"E93766":{"id":93766,"ref":"E93766","type":"episode","position":1,"title":"Ma 3-1-2022","description":"Kick-off van de realityshow waarin een groep wildvreemde mensen Big Brothers experiment aangaat door in zijn huis te gaan wonen, waar ze 24\/7 door camera's worden gevolgd.","still":"https:\/\/img-opt.cdn.smartvod.com\/smartvod\/images\/videoland\/data\/images\/7\/x\/61cdb6b65c7d5_[format].jpg","runtime":4320,"editions":{"hd":{"price":0}},"is_downloadable":false},"E94041":{"id":94041,"ref":"E94041","type":"episode","position":2,"title":"Di 4-1-2022","description":"Een groep wildvreemde mensen wordt 24\/7 door camera's gevolgd in het Big Brother-huis. De bewoners worden op de proef gesteld met spellen en uitdagingen. Dit seizoen wordt zwaarder, schaarser en onvoorspelbaarder dan ooit en als kijker krijg je n\u00f3g meer invloed.","still":"https:\/\/img-opt.cdn.smartvod.com\/smartvod\/images\/videoland\/data\/images\/1\/0\/61cdd52ce4a33_[format].jpg","runtime":2580,"editions":{"hd":{"price":0}},"is_downloadable":false},"E94046":{"id":94046,"ref":"E94046","type":"episode","position":3,"title":"Wo 5-1-2022","description":"Een groep wildvreemde mensen wordt 24\/7 door camera's gevolgd in het Big Brother-huis. De bewoners worden op de proef gesteld met spellen en uitdagingen. Dit seizoen wordt zwaarder, schaarser en onvoorspelbaarder dan ooit en als kijker krijg je n\u00f3g meer invloed.","still":"https:\/\/img-opt.cdn.smartvod.com\/smartvod\/images\/videoland\/data\/images\/7\/i\/61d46caaef04e_[format].jpg","runtime":2580,"editions":{"hd":{"price":0}},"is_downloadable":false},"E94049":{"id":94049,"ref":"E94049","type":"episode","position":4,"title":"Do 6-1-2022","description":"Een groep wildvreemde mensen wordt 24\/7 door camera's gevolgd in het Big Brother-huis. De bewoners worden op de proef gesteld met spellen en uitdagingen. Dit seizoen wordt zwaarder, schaarser en onvoorspelbaarder dan ooit en als kijker krijg je n\u00f3g meer invloed.","still":"https:\/\/img-opt.cdn.smartvod.com\/smartvod\/images\/videoland\/data\/images\/m\/s\/61d824ccb5f82_[format].jpg","runtime":2580,"editions":{"hd":{"price":0}},"is_downloadable":false},"E94048":{"id":94048,"ref":"E94048","type":"episode","position":5,"title":"Vr 7-1-2022","description":"Een groep wildvreemde mensen wordt 24\/7 door camera's gevolgd in het Big Brother-huis. De bewoners worden op de proef gesteld met spellen en uitdagingen. Dit seizoen wordt zwaarder, schaarser en onvoorspelbaarder dan ooit en als kijker krijg je n\u00f3g meer invloed.","still":"https:\/\/img-opt.cdn.smartvod.com\/smartvod\/images\/videoland\/data\/images\/c\/c\/61d987c8b731d_[format].jpg","runtime":2580,"editions":{"hd":{"price":0}},"is_downloadable":false},"E94036":{"id":94036,"ref":"E94036","type":"episode","position":6,"title":"Za 8-1-2022","description":"Een groep wildvreemde mensen wordt 24\/7 door camera's gevolgd in het Big Brother-huis. De bewoners worden op de proef gesteld met spellen en uitdagingen. Dit seizoen wordt zwaarder, schaarser en onvoorspelbaarder dan ooit en als kijker krijg je n\u00f3g meer invloed.","still":"https:\/\/img-opt.cdn.smartvod.com\/smartvod\/images\/videoland\/data\/images\/p\/k\/61d983caae337_[format].jpg","runtime":3333,"editions":{"hd":{"price":0}},"is_downloadable":false},"E94039":{"id":94039,"ref":"E94039","type":"episode","position":7,"title":"Ma 10-1-2022","description":"Een groep wildvreemde mensen wordt 24\/7 door camera's gevolgd in het Big Brother-huis. De bewoners worden op de proef gesteld met spellen en uitdagingen. Dit seizoen wordt zwaarder, schaarser en onvoorspelbaarder dan ooit en als kijker krijg je n\u00f3g meer invloed.","still":"https:\/\/img-opt.cdn.smartvod.com\/smartvod\/images\/videoland\/data\/images\/w\/r\/61d984fdbf39d_[format].jpg","runtime":2580,"editions":{"hd":{"price":0}},"is_downloadable":false},"E94045":{"id":94045,"ref":"E94045","type":"episode","position":8,"title":"Di 11-1-2022","description":"Een groep wildvreemde mensen wordt 24\/7 door camera's gevolgd in het Big Brother-huis. De bewoners worden op de proef gesteld met spellen en uitdagingen. Dit seizoen wordt zwaarder, schaarser en onvoorspelbaarder dan ooit en als kijker krijg je n\u00f3g meer invloed.","still":"https:\/\/img-opt.cdn.smartvod.com\/smartvod\/images\/videoland\/data\/images\/6\/o\/61dc77bba6b67_[format].jpg","runtime":2580,"editions":{"hd":{"price":0}},"is_downloadable":false},"E94052":{"id":94052,"ref":"E94052","type":"episode","position":9,"title":"Wo 12-1-2022","description":"Een groep wildvreemde mensen wordt 24\/7 door camera's gevolgd in het Big Brother-huis. De bewoners worden op de proef gesteld met spellen en uitdagingen. Dit seizoen wordt zwaarder, schaarser en onvoorspelbaarder dan ooit en als kijker krijg je n\u00f3g meer invloed.","still":"https:\/\/img-opt.cdn.smartvod.com\/smartvod\/images\/videoland\/data\/images\/f\/1\/61ddaf76c56a0_[format].jpg","runtime":2580,"editions":{"hd":{"price":0}},"is_downloadable":false},"E94043":{"id":94043,"ref":"E94043","type":"episode","position":10,"title":"Do 13-1-2022","description":"Een groep wildvreemde mensen wordt 24\/7 door camera's gevolgd in het Big Brother-huis. De bewoners worden op de proef gesteld met spellen en uitdagingen. Dit seizoen wordt zwaarder, schaarser en onvoorspelbaarder dan ooit en als kijker krijg je n\u00f3g meer invloed.","still":"https:\/\/img-opt.cdn.smartvod.com\/smartvod\/images\/videoland\/data\/images\/n\/f\/61e06f944dc7a_[format].jpg","runtime":2580,"editions":{"hd":{"price":0}},"is_downloadable":false},"E94040":{"id":94040,"ref":"E94040","type":"episode","position":11,"title":"Vr 14-1-2022","description":"Een groep wildvreemde mensen wordt 24\/7 door camera's gevolgd in het Big Brother-huis. De bewoners worden op de proef gesteld met spellen en uitdagingen. Dit seizoen wordt zwaarder, schaarser en onvoorspelbaarder dan ooit en als kijker krijg je n\u00f3g meer invloed.","still":"https:\/\/img-opt.cdn.smartvod.com\/smartvod\/images\/videoland\/data\/images\/e\/s\/61dfe7cd95e4b_[format].jpg","runtime":2580,"editions":{"hd":{"price":0}},"is_downloadable":false},"E94042":{"id":94042,"ref":"E94042","type":"episode","position":12,"title":"Za 15-1-2022","description":"Een groep wildvreemde mensen wordt 24\/7 door camera's gevolgd in het Big Brother-huis. De bewoners worden op de proef gesteld met spellen en uitdagingen. Dit seizoen wordt zwaarder, schaarser en onvoorspelbaarder dan ooit en als kijker krijg je n\u00f3g meer invloed.","still":"https:\/\/img-opt.cdn.smartvod.com\/smartvod\/images\/videoland\/data\/images\/5\/s\/61dfe8f477b14_[format].jpg","runtime":2520,"editions":{"hd":{"price":0}},"is_downloadable":false},"E94047":{"id":94047,"ref":"E94047","type":"episode","position":13,"title":"Ma 17-1-2022","description":"Een groep wildvreemde mensen wordt 24\/7 door camera's gevolgd in het Big Brother-huis. De bewoners worden op de proef gesteld met spellen en uitdagingen. Dit seizoen wordt zwaarder, schaarser en onvoorspelbaarder dan ooit en als kijker krijg je n\u00f3g meer invloed.","still":"https:\/\/img-opt.cdn.smartvod.com\/smartvod\/images\/videoland\/data\/images\/q\/p\/61e024adbb3c8_[format].jpg","runtime":2580,"editions":{"hd":{"price":0}},"is_downloadable":false},"E94050":{"id":94050,"ref":"E94050","type":"episode","position":14,"title":"Di 18-1-2022","description":"Een groep wildvreemde mensen wordt 24\/7 door camera's gevolgd in het Big Brother-huis. De bewoners worden op de proef gesteld met spellen en uitdagingen. Dit seizoen wordt zwaarder, schaarser en onvoorspelbaarder dan ooit en als kijker krijg je n\u00f3g meer invloed.","still":"https:\/\/img-opt.cdn.smartvod.com\/smartvod\/images\/videoland\/data\/images\/l\/l\/61e0457d1dcfe_[format].jpg","runtime":2580,"editions":{"hd":{"price":0}},"is_downloadable":false},"E94051":{"id":94051,"ref":"E94051","type":"episode","position":15,"title":"Wo 19-1-2022","description":"Een groep wildvreemde mensen wordt 24\/7 door camera's gevolgd in het Big Brother-huis. De bewoners worden op de proef gesteld met spellen en uitdagingen. Dit seizoen wordt zwaarder, schaarser en onvoorspelbaarder dan ooit en als kijker krijg je n\u00f3g meer invloed.","still":"https:\/\/img-opt.cdn.smartvod.com\/smartvod\/images\/videoland\/data\/images\/p\/6\/61e17d3299f21_[format].jpg","runtime":2580,"editions":{"hd":{"price":0}},"is_downloadable":false},"E94044":{"id":94044,"ref":"E94044","type":"episode","position":16,"title":"Do 20-1-2022","description":"Een groep wildvreemde mensen wordt 24\/7 door camera's gevolgd in het Big Brother-huis. De bewoners worden op de proef gesteld met spellen en uitdagingen. Dit seizoen wordt zwaarder, schaarser en onvoorspelbaarder dan ooit en als kijker krijg je n\u00f3g meer invloed.","still":"https:\/\/img-opt.cdn.smartvod.com\/smartvod\/images\/videoland\/data\/images\/w\/d\/61e6e2f54f7bf_[format].jpg","runtime":2580,"editions":{"hd":{"price":0}},"is_downloadable":false},"E94038":{"id":94038,"ref":"E94038","type":"episode","position":17,"title":"Vr 21-1-2022","description":"Een groep wildvreemde mensen wordt 24\/7 door camera's gevolgd in het Big Brother-huis. De bewoners worden op de proef gesteld met spellen en uitdagingen. Dit seizoen wordt zwaarder, schaarser en onvoorspelbaarder dan ooit en als kijker krijg je n\u00f3g meer invloed.","still":"https:\/\/img-opt.cdn.smartvod.com\/smartvod\/images\/videoland\/data\/images\/k\/9\/61e96189a44dc_[format].jpg","runtime":2580,"editions":{"hd":{"price":0}},"is_downloadable":false},"E94037":{"id":94037,"ref":"E94037","type":"episode","position":18,"title":"Za 22-1-2022","description":"Een groep wildvreemde mensen wordt 24\/7 door camera's gevolgd in het Big Brother-huis. De bewoners worden op de proef gesteld met spellen en uitdagingen. Dit seizoen wordt zwaarder, schaarser en onvoorspelbaarder dan ooit en als kijker krijg je n\u00f3g meer invloed.","still":"https:\/\/img-opt.cdn.smartvod.com\/smartvod\/images\/videoland\/data\/images\/8\/w\/61e962b53351b_[format].jpg","runtime":2520,"editions":{"hd":{"price":0}},"is_downloadable":false},"E94054":{"id":94054,"ref":"E94054","type":"episode","position":19,"title":"Ma 24-1-2022","description":"Een groep wildvreemde mensen wordt 24\/7 door camera's gevolgd in het Big Brother-huis. De bewoners worden op de proef gesteld met spellen en uitdagingen. Dit seizoen wordt zwaarder, schaarser en onvoorspelbaarder dan ooit en als kijker krijg je n\u00f3g meer invloed.","still":"https:\/\/img-opt.cdn.smartvod.com\/smartvod\/images\/videoland\/data\/images\/t\/r\/61eadf9145527_[format].jpg","runtime":2580,"editions":{"hd":{"price":0}},"is_downloadable":false},"E94063":{"id":94063,"ref":"E94063","type":"episode","position":20,"title":"Di 25-1-2022","description":"Een groep wildvreemde mensen wordt 24\/7 door camera's gevolgd in het Big Brother-huis. De bewoners worden op de proef gesteld met spellen en uitdagingen. Dit seizoen wordt zwaarder, schaarser en onvoorspelbaarder dan ooit en als kijker krijg je n\u00f3g meer invloed.","still":"https:\/\/img-opt.cdn.smartvod.com\/smartvod\/images\/videoland\/data\/images\/h\/i\/61eecf6b174b3_[format].jpg","runtime":2580,"editions":{"hd":{"price":0}},"is_downloadable":false},"E94980":{"id":94980,"ref":"E94980","type":"episode","position":21,"title":"Wo 26-1-2022","description":"Een groep wildvreemde mensen wordt 24\/7 door camera's gevolgd in het Big Brother-huis. De bewoners worden op de proef gesteld met spellen en uitdagingen. Dit seizoen wordt zwaarder, schaarser en onvoorspelbaarder dan ooit en als kijker krijg je n\u00f3g meer invloed.","still":"https:\/\/img-opt.cdn.smartvod.com\/smartvod\/images\/videoland\/data\/images\/i\/2\/61f01661b2839_[format].jpg","runtime":2580,"editions":{"hd":{"price":0}},"is_downloadable":false},"E94988":{"id":94988,"ref":"E94988","type":"episode","position":22,"title":"Do 27-1-2022","description":"Een groep wildvreemde mensen wordt 24\/7 door camera's gevolgd in het Big Brother-huis. De bewoners worden op de proef gesteld met spellen en uitdagingen. Dit seizoen wordt zwaarder, schaarser en onvoorspelbaarder dan ooit en als kijker krijg je n\u00f3g meer invloed.","still":"https:\/\/img-opt.cdn.smartvod.com\/smartvod\/images\/videoland\/data\/images\/j\/r\/61f0ff85a01de_[format].jpg","runtime":2580,"editions":{"hd":{"price":0}},"is_downloadable":false},"E95010":{"id":95010,"ref":"E95010","type":"episode","position":23,"title":"Vr 28-1-2022","description":"Een groep wildvreemde mensen wordt 24\/7 door camera's gevolgd in het Big Brother-huis. De bewoners worden op de proef gesteld met spellen en uitdagingen. Dit seizoen wordt zwaarder, schaarser en onvoorspelbaarder dan ooit en als kijker krijg je n\u00f3g meer invloed.","still":"https:\/\/img-opt.cdn.smartvod.com\/smartvod\/images\/videoland\/data\/images\/f\/r\/61f3c80c977b9_[format].jpg","runtime":2580,"editions":{"hd":{"price":0}},"is_downloadable":false},"E94978":{"id":94978,"ref":"E94978","type":"episode","position":24,"title":"Za 29-1-2022","description":"Een groep wildvreemde mensen wordt 24\/7 door camera's gevolgd in het Big Brother-huis. De bewoners worden op de proef gesteld met spellen en uitdagingen. Dit seizoen wordt zwaarder, schaarser en onvoorspelbaarder dan ooit en als kijker krijg je n\u00f3g meer invloed.","still":"https:\/\/img-opt.cdn.smartvod.com\/smartvod\/images\/videoland\/data\/images\/o\/2\/61f41a147e486_[format].jpg","runtime":2520,"editions":{"hd":{"price":0}},"is_downloadable":false},"E94963":{"id":94963,"ref":"E94963","type":"episode","position":25,"title":"Ma 31-1-2022","description":"Een groep wildvreemde mensen wordt 24\/7 door camera's gevolgd in het Big Brother-huis. De bewoners worden op de proef gesteld met spellen en uitdagingen. Dit seizoen wordt zwaarder, schaarser en onvoorspelbaarder dan ooit en als kijker krijg je n\u00f3g meer invloed.","still":"https:\/\/img-opt.cdn.smartvod.com\/smartvod\/images\/videoland\/data\/images\/2\/r\/61f41c6343315_[format].jpg","runtime":2580,"editions":{"hd":{"price":0}},"is_downloadable":false},"E94962":{"id":94962,"ref":"E94962","type":"episode","position":26,"title":"Di 1-2-2022","description":"Een groep wildvreemde mensen wordt 24\/7 door camera's gevolgd in het Big Brother-huis. De bewoners worden op de proef gesteld met spellen en uitdagingen. Dit seizoen wordt zwaarder, schaarser en onvoorspelbaarder dan ooit en als kijker krijg je n\u00f3g meer invloed.","still":"https:\/\/img-opt.cdn.smartvod.com\/smartvod\/images\/videoland\/data\/images\/6\/1\/61f7dc2c5d7bc_[format].jpg","runtime":2580,"editions":{"hd":{"price":0}},"is_downloadable":false},"E94991":{"id":94991,"ref":"E94991","type":"episode","position":27,"title":"Wo 2-2-2022","description":"Een groep wildvreemde mensen wordt 24\/7 door camera's gevolgd in het Big Brother-huis. De bewoners worden op de proef gesteld met spellen en uitdagingen. Dit seizoen wordt zwaarder, schaarser en onvoorspelbaarder dan ooit en als kijker krijg je n\u00f3g meer invloed.","still":"https:\/\/img-opt.cdn.smartvod.com\/smartvod\/images\/videoland\/data\/images\/y\/2\/61f7dfbe1deb4_[format].jpg","runtime":2580,"editions":{"hd":{"price":0}},"is_downloadable":false},"E94989":{"id":94989,"ref":"E94989","type":"episode","position":28,"title":"Do 3-2-2022","description":"Een groep wildvreemde mensen wordt 24\/7 door camera's gevolgd in het Big Brother-huis. De bewoners worden op de proef gesteld met spellen en uitdagingen. Dit seizoen wordt zwaarder, schaarser en onvoorspelbaarder dan ooit en als kijker krijg je n\u00f3g meer invloed.","still":"https:\/\/img-opt.cdn.smartvod.com\/smartvod\/images\/videoland\/data\/images\/j\/5\/61f7e6b49dedb_[format].jpg","runtime":2580,"editions":{"hd":{"price":0}},"is_downloadable":false},"E94974":{"id":94974,"ref":"E94974","type":"episode","position":29,"title":"Vr 4-2-2022","description":"Een groep wildvreemde mensen wordt 24\/7 door camera's gevolgd in het Big Brother-huis. De bewoners worden op de proef gesteld met spellen en uitdagingen. Dit seizoen wordt zwaarder, schaarser en onvoorspelbaarder dan ooit en als kijker krijg je n\u00f3g meer invloed.","still":"https:\/\/img-opt.cdn.smartvod.com\/smartvod\/images\/videoland\/data\/images\/x\/m\/61f7e45baf4f3_[format].jpg","runtime":2580,"editions":{"hd":{"price":0}},"is_downloadable":false},"E95350":{"id":95350,"ref":"E95350","type":"episode","position":30,"title":"Za 5-2-2022","description":"Een groep wildvreemde mensen wordt 24\/7 door camera's gevolgd in het Big Brother-huis. De bewoners worden op de proef gesteld met spellen en uitdagingen. Dit seizoen wordt zwaarder, schaarser en onvoorspelbaarder dan ooit en als kijker krijg je n\u00f3g meer invloed.","still":"https:\/\/img-opt.cdn.smartvod.com\/smartvod\/images\/videoland\/data\/images\/e\/s\/61f7eef316c11_[format].jpg","runtime":2520,"editions":{"hd":{"price":0}},"is_downloadable":false},"E95443":{"id":95443,"ref":"E95443","type":"episode","position":31,"title":"Ma 7-2-2022","description":"Een groep wildvreemde mensen wordt 24\/7 door camera's gevolgd in het Big Brother-huis. De bewoners worden op de proef gesteld met spellen en uitdagingen. Dit seizoen wordt zwaarder, schaarser en onvoorspelbaarder dan ooit en als kijker krijg je n\u00f3g meer invloed.","still":"https:\/\/img-opt.cdn.smartvod.com\/smartvod\/images\/videoland\/data\/images\/u\/5\/61fa8c2214615_[format].jpg","runtime":2580,"editions":{"hd":{"price":0}},"is_downloadable":false},"E95438":{"id":95438,"ref":"E95438","type":"episode","position":32,"title":"Di 8-2-2022","description":"Een groep wildvreemde mensen wordt 24\/7 door camera's gevolgd in het Big Brother-huis. De bewoners worden op de proef gesteld met spellen en uitdagingen. Dit seizoen wordt zwaarder, schaarser en onvoorspelbaarder dan ooit en als kijker krijg je n\u00f3g meer invloed.","still":"https:\/\/img-opt.cdn.smartvod.com\/smartvod\/images\/videoland\/data\/images\/i\/i\/6200e324079ec_[format].jpg","runtime":2580,"editions":{"hd":{"price":0}},"is_downloadable":false},"E95437":{"id":95437,"ref":"E95437","type":"episode","position":33,"title":"Wo 9-2-2022","description":"Een groep wildvreemde mensen wordt 24\/7 door camera's gevolgd in het Big Brother-huis. De bewoners worden op de proef gesteld met spellen en uitdagingen. Dit seizoen wordt zwaarder, schaarser en onvoorspelbaarder dan ooit en als kijker krijg je n\u00f3g meer invloed.","still":"https:\/\/img-opt.cdn.smartvod.com\/smartvod\/images\/videoland\/data\/images\/g\/1\/62012142db4ce_[format].jpg","runtime":2580,"editions":{"hd":{"price":0}},"is_downloadable":false},"E95441":{"id":95441,"ref":"E95441","type":"episode","position":34,"title":"Do 10-2-2022","description":"Een groep wildvreemde mensen wordt 24\/7 door camera's gevolgd in het Big Brother-huis. De bewoners worden op de proef gesteld met spellen en uitdagingen. Dit seizoen wordt zwaarder, schaarser en onvoorspelbaarder dan ooit en als kijker krijg je n\u00f3g meer invloed.","still":"https:\/\/img-opt.cdn.smartvod.com\/smartvod\/images\/videoland\/data\/images\/l\/3\/6203b3e5462fb_[format].jpg","runtime":2580,"editions":{"hd":{"price":0}},"is_downloadable":false},"E95445":{"id":95445,"ref":"E95445","type":"episode","position":35,"title":"Vr 11-2-2022","description":"Een groep wildvreemde mensen wordt 24\/7 door camera's gevolgd in het Big Brother-huis. De bewoners worden op de proef gesteld met spellen en uitdagingen. Dit seizoen wordt zwaarder, schaarser en onvoorspelbaarder dan ooit en als kijker krijg je n\u00f3g meer invloed.","still":"https:\/\/img-opt.cdn.smartvod.com\/smartvod\/images\/videoland\/data\/images\/z\/2\/6203b50914a61_[format].jpg","runtime":2580,"editions":{"hd":{"price":0}},"is_downloadable":false},"E95457":{"id":95457,"ref":"E95457","type":"episode","position":36,"title":"Za 12-2-2022","description":"Een groep wildvreemde mensen wordt 24\/7 door camera's gevolgd in het Big Brother-huis. De bewoners worden op de proef gesteld met spellen en uitdagingen. Dit seizoen wordt zwaarder, schaarser en onvoorspelbaarder dan ooit en als kijker krijg je n\u00f3g meer invloed.","still":"https:\/\/img-opt.cdn.smartvod.com\/smartvod\/images\/videoland\/data\/images\/w\/5\/620679fd6511e_[format].jpg","runtime":2520,"editions":{"hd":{"price":0}},"is_downloadable":false},"E95498":{"id":95498,"ref":"E95498","type":"episode","position":37,"title":"Ma 14-2-2022","description":"Een groep wildvreemde mensen wordt 24\/7 door camera's gevolgd in het Big Brother-huis. De bewoners worden op de proef gesteld met spellen en uitdagingen. Dit seizoen wordt zwaarder, schaarser en onvoorspelbaarder dan ooit en als kijker krijg je n\u00f3g meer invloed.","still":"https:\/\/img-opt.cdn.smartvod.com\/smartvod\/images\/videoland\/data\/images\/5\/4\/62067d7fa27e0_[format].jpg","runtime":2580,"editions":{"hd":{"price":0}},"is_downloadable":false},"E95486":{"id":95486,"ref":"E95486","type":"episode","position":38,"title":"Di 15-2-2022","description":"Een groep wildvreemde mensen wordt 24\/7 door camera's gevolgd in het Big Brother-huis. De bewoners worden op de proef gesteld met spellen en uitdagingen. Dit seizoen wordt zwaarder, schaarser en onvoorspelbaarder dan ooit en als kijker krijg je n\u00f3g meer invloed.","still":"https:\/\/img-opt.cdn.smartvod.com\/smartvod\/images\/videoland\/data\/images\/2\/2\/620baae674dbd_[format].jpg","runtime":2580,"editions":{"hd":{"price":0}},"is_downloadable":false},"E95488":{"id":95488,"ref":"E95488","type":"episode","position":39,"title":"Wo 16-2-2022","description":"Een groep wildvreemde mensen wordt 24\/7 door camera's gevolgd in het Big Brother-huis. De bewoners worden op de proef gesteld met spellen en uitdagingen. Dit seizoen wordt zwaarder, schaarser en onvoorspelbaarder dan ooit en als kijker krijg je n\u00f3g meer invloed.","still":"https:\/\/img-opt.cdn.smartvod.com\/smartvod\/images\/videoland\/data\/images\/5\/j\/620e588a34ddb_[format].jpg","runtime":2580,"editions":{"hd":{"price":0}},"is_downloadable":false},"E95503":{"id":95503,"ref":"E95503","type":"episode","position":40,"title":"Do 17-2-2022","description":"Een groep wildvreemde mensen wordt 24\/7 door camera's gevolgd in het Big Brother-huis. De bewoners worden op de proef gesteld met spellen en uitdagingen. Dit seizoen wordt zwaarder, schaarser en onvoorspelbaarder dan ooit en als kijker krijg je n\u00f3g meer invloed.","still":"https:\/\/img-opt.cdn.smartvod.com\/smartvod\/images\/videoland\/data\/images\/e\/3\/620e574129f58_[format].jpg","runtime":2580,"editions":{"hd":{"price":0}},"is_downloadable":false},"E95489":{"id":95489,"ref":"E95489","type":"episode","position":41,"title":"Vr 18-2-2022","description":"Een groep wildvreemde mensen wordt 24\/7 door camera's gevolgd in het Big Brother-huis. De bewoners worden op de proef gesteld met spellen en uitdagingen. Dit seizoen wordt zwaarder, schaarser en onvoorspelbaarder dan ooit en als kijker krijg je n\u00f3g meer invloed.","still":"https:\/\/img-opt.cdn.smartvod.com\/smartvod\/images\/videoland\/data\/images\/j\/s\/620e59a4533ee_[format].jpg","runtime":2580,"editions":{"hd":{"price":0}},"is_downloadable":false},"E95502":{"id":95502,"ref":"E95502","type":"episode","position":42,"title":"Za 19-2-2022","description":"Een groep wildvreemde mensen wordt 24\/7 door camera's gevolgd in het Big Brother-huis. De bewoners worden op de proef gesteld met spellen en uitdagingen. Dit seizoen wordt zwaarder, schaarser en onvoorspelbaarder dan ooit en als kijker krijg je n\u00f3g meer invloed.","still":"https:\/\/img-opt.cdn.smartvod.com\/smartvod\/images\/videoland\/data\/images\/5\/7\/6212113630128_[format].jpg","runtime":2520,"editions":{"hd":{"price":0}},"is_downloadable":false},"E95487":{"id":95487,"ref":"E95487","type":"episode","position":43,"title":"Ma 21-2-2022","description":"Een groep wildvreemde mensen wordt 24\/7 door camera's gevolgd in het Big Brother-huis. De bewoners worden op de proef gesteld met spellen en uitdagingen. Dit seizoen wordt zwaarder, schaarser en onvoorspelbaarder dan ooit en als kijker krijg je n\u00f3g meer invloed.","still":"https:\/\/img-opt.cdn.smartvod.com\/smartvod\/images\/videoland\/data\/images\/2\/5\/621214b4a6b19_[format].jpg","runtime":2580,"editions":{"hd":{"price":0}},"is_downloadable":false},"E95499":{"id":95499,"ref":"E95499","type":"episode","position":44,"title":"Di 22-2-2022","description":"Een groep wildvreemde mensen wordt 24\/7 door camera's gevolgd in het Big Brother-huis. De bewoners worden op de proef gesteld met spellen en uitdagingen. Dit seizoen wordt zwaarder, schaarser en onvoorspelbaarder dan ooit en als kijker krijg je n\u00f3g meer invloed.","still":"https:\/\/img-opt.cdn.smartvod.com\/smartvod\/images\/videoland\/data\/images\/b\/q\/6213d7e2b6869_[format].jpg","runtime":2580,"editions":{"hd":{"price":0}},"is_downloadable":false},"E95501":{"id":95501,"ref":"E95501","type":"episode","position":45,"title":"Wo 23-2-2022","description":"Een groep wildvreemde mensen wordt 24\/7 door camera's gevolgd in het Big Brother-huis. De bewoners worden op de proef gesteld met spellen en uitdagingen. Dit seizoen wordt zwaarder, schaarser en onvoorspelbaarder dan ooit en als kijker krijg je n\u00f3g meer invloed.","still":"https:\/\/img-opt.cdn.smartvod.com\/smartvod\/images\/videoland\/data\/images\/z\/o\/6218dd6ac1c37_[format].jpg","runtime":2580,"editions":{"hd":{"price":0}},"is_downloadable":false},"E95497":{"id":95497,"ref":"E95497","type":"episode","position":46,"title":"Do 24-2-2022","description":"Een groep wildvreemde mensen wordt 24\/7 door camera's gevolgd in het Big Brother-huis. De bewoners worden op de proef gesteld met spellen en uitdagingen. Dit seizoen wordt zwaarder, schaarser en onvoorspelbaarder dan ooit en als kijker krijg je n\u00f3g meer invloed.","still":"https:\/\/img-opt.cdn.smartvod.com\/smartvod\/images\/videoland\/data\/images\/b\/w\/6218d9e7ddfc8_[format].jpg","runtime":2580,"editions":{"hd":{"price":0}},"is_downloadable":false},"E95495":{"id":95495,"ref":"E95495","type":"episode","position":47,"title":"Vr 25-2-2022","description":"Een groep wildvreemde mensen wordt 24\/7 door camera's gevolgd in het Big Brother-huis. De bewoners worden op de proef gesteld met spellen en uitdagingen. Dit seizoen wordt zwaarder, schaarser en onvoorspelbaarder dan ooit en als kijker krijg je n\u00f3g meer invloed.","still":"https:\/\/img-opt.cdn.smartvod.com\/smartvod\/images\/videoland\/data\/images\/0\/0\/6218db178e144_[format].jpg","runtime":2580,"editions":{"hd":{"price":0}},"is_downloadable":false},"E95490":{"id":95490,"ref":"E95490","type":"episode","position":48,"title":"Za 26-2-2022","description":"Een groep wildvreemde mensen wordt 24\/7 door camera's gevolgd in het Big Brother-huis. De bewoners worden op de proef gesteld met spellen en uitdagingen. Dit seizoen wordt zwaarder, schaarser en onvoorspelbaarder dan ooit en als kijker krijg je n\u00f3g meer invloed.","still":"https:\/\/img-opt.cdn.smartvod.com\/smartvod\/images\/videoland\/data\/images\/2\/p\/6218de9557920_[format].jpg","runtime":2520,"editions":{"hd":{"price":0}},"is_downloadable":false},"E95494":{"id":95494,"ref":"E95494","type":"episode","position":49,"title":"Ma 28-2-2022","description":"Een groep wildvreemde mensen wordt 24\/7 door camera's gevolgd in het Big Brother-huis. De bewoners worden op de proef gesteld met spellen en uitdagingen. Dit seizoen wordt zwaarder, schaarser en onvoorspelbaarder dan ooit en als kijker krijg je n\u00f3g meer invloed.","still":"https:\/\/img-opt.cdn.smartvod.com\/smartvod\/images\/videoland\/data\/images\/5\/0\/6218dfbd5f6f4_[format].jpg","runtime":2580,"editions":{"hd":{"price":0}},"is_downloadable":false},"E95496":{"id":95496,"ref":"E95496","type":"episode","position":50,"title":"Di 1-3-2022","description":"Een groep wildvreemde mensen wordt 24\/7 door camera's gevolgd in het Big Brother-huis. De bewoners worden op de proef gesteld met spellen en uitdagingen. Dit seizoen wordt zwaarder, schaarser en onvoorspelbaarder dan ooit en als kijker krijg je n\u00f3g meer invloed.","still":"https:\/\/img-opt.cdn.smartvod.com\/smartvod\/images\/videoland\/data\/images\/h\/g\/621cef2ec700e_[format].jpg","runtime":2580,"editions":{"hd":{"price":0}},"is_downloadable":false},"E95491":{"id":95491,"ref":"E95491","type":"episode","position":51,"title":"Wo 2-3-2022","description":"Een groep wildvreemde mensen wordt 24\/7 door camera's gevolgd in het Big Brother-huis. De bewoners worden op de proef gesteld met spellen en uitdagingen. Dit seizoen wordt zwaarder, schaarser en onvoorspelbaarder dan ooit en als kijker krijg je n\u00f3g meer invloed.","still":"https:\/\/img-opt.cdn.smartvod.com\/smartvod\/images\/videoland\/data\/images\/t\/e\/621e388112f52_[format].jpg","runtime":2580,"editions":{"hd":{"price":0}},"is_downloadable":false},"E95500":{"id":95500,"ref":"E95500","type":"episode","position":52,"title":"Do 3-3-2022","description":"Een groep wildvreemde mensen wordt 24\/7 door camera's gevolgd in het Big Brother-huis. De bewoners worden op de proef gesteld met spellen en uitdagingen. Dit seizoen wordt zwaarder, schaarser en onvoorspelbaarder dan ooit en als kijker krijg je n\u00f3g meer invloed.","still":"https:\/\/img-opt.cdn.smartvod.com\/smartvod\/images\/videoland\/data\/images\/l\/v\/621f2fbb8e991_[format].jpg","runtime":2580,"editions":{"hd":{"price":0}},"is_downloadable":false},"E95492":{"id":95492,"ref":"E95492","type":"episode","position":53,"title":"Vr 4-3-2022","description":"Een groep wildvreemde mensen wordt 24\/7 door camera's gevolgd in het Big Brother-huis. De bewoners worden op de proef gesteld met spellen en uitdagingen. Dit seizoen wordt zwaarder, schaarser en onvoorspelbaarder dan ooit en als kijker krijg je n\u00f3g meer invloed.","still":"https:\/\/img-opt.cdn.smartvod.com\/smartvod\/images\/videoland\/data\/images\/o\/7\/621f622304861_[format].jpg","runtime":2580,"editions":{"hd":{"price":0}},"is_downloadable":false},"E95493":{"id":95493,"ref":"E95493","type":"episode","position":54,"title":"Za 5-3-2022","description":"Een groep wildvreemde mensen wordt 24\/7 door camera's gevolgd in het Big Brother-huis. De bewoners worden op de proef gesteld met spellen en uitdagingen. Dit seizoen wordt zwaarder, schaarser en onvoorspelbaarder dan ooit en als kijker krijg je n\u00f3g meer invloed.","still":"https:\/\/img-opt.cdn.smartvod.com\/smartvod\/images\/videoland\/data\/images\/0\/x\/622217f3c09c5_[format].jpg","runtime":2520,"editions":{"hd":{"price":0}},"is_downloadable":false},"E96368":{"id":96368,"ref":"E96368","type":"episode","position":55,"title":"Ma 7-3-2022","description":"Een groep wildvreemde mensen wordt 24\/7 door camera's gevolgd in het Big Brother-huis. De bewoners worden op de proef gesteld met spellen en uitdagingen. Dit seizoen wordt zwaarder, schaarser en onvoorspelbaarder dan ooit en als kijker krijg je n\u00f3g meer invloed.","still":"https:\/\/img-opt.cdn.smartvod.com\/smartvod\/images\/videoland\/data\/images\/k\/n\/62221a471ced5_[format].jpg","runtime":2580,"editions":{"hd":{"price":0}},"is_downloadable":false},"E96381":{"id":96381,"ref":"E96381","type":"episode","position":56,"title":"Di 8-3-2022","description":"Een groep wildvreemde mensen wordt 24\/7 door camera's gevolgd in het Big Brother-huis. De bewoners worden op de proef gesteld met spellen en uitdagingen. Dit seizoen wordt zwaarder, schaarser en onvoorspelbaarder dan ooit en als kijker krijg je n\u00f3g meer invloed.","still":"https:\/\/img-opt.cdn.smartvod.com\/smartvod\/images\/videoland\/data\/images\/m\/h\/622622ac53e0b_[format].jpg","runtime":2580,"editions":{"hd":{"price":0}},"is_downloadable":false},"E96376":{"id":96376,"ref":"E96376","type":"episode","position":57,"title":"Wo 9-3-2022","description":"Een groep wildvreemde mensen wordt 24\/7 door camera's gevolgd in het Big Brother-huis. De bewoners worden op de proef gesteld met spellen en uitdagingen. Dit seizoen wordt zwaarder, schaarser en onvoorspelbaarder dan ooit en als kijker krijg je n\u00f3g meer invloed.","still":"https:\/\/img-opt.cdn.smartvod.com\/smartvod\/images\/videoland\/data\/images\/z\/e\/6228bd76c3da3_[format].jpg","runtime":2580,"editions":{"hd":{"price":0}},"is_downloadable":false},"E96607":{"id":96607,"ref":"E96607","type":"episode","position":58,"title":"Do 10-3-2022","description":"Een groep wildvreemde mensen wordt 24\/7 door camera's gevolgd in het Big Brother-huis. De bewoners worden op de proef gesteld met spellen en uitdagingen. Dit seizoen wordt zwaarder, schaarser en onvoorspelbaarder dan ooit en als kijker krijg je n\u00f3g meer invloed.","still":"https:\/\/img-opt.cdn.smartvod.com\/smartvod\/images\/videoland\/data\/images\/7\/3\/6228beb4aea08_[format].jpg","runtime":2580,"editions":{"hd":{"price":0}},"is_downloadable":false},"E96594":{"id":96594,"ref":"E96594","type":"episode","position":59,"title":"Vr 11-3-2022","description":"Een groep wildvreemde mensen wordt 24\/7 door camera's gevolgd in het Big Brother-huis. De bewoners worden op de proef gesteld met spellen en uitdagingen. Dit seizoen wordt zwaarder, schaarser en onvoorspelbaarder dan ooit en als kijker krijg je n\u00f3g meer invloed.","still":"https:\/\/img-opt.cdn.smartvod.com\/smartvod\/images\/videoland\/data\/images\/t\/g\/6229c3f28e6a9_[format].jpg","runtime":2580,"editions":{"hd":{"price":0}},"is_downloadable":false},"E96613":{"id":96613,"ref":"E96613","type":"episode","position":60,"title":"Za 12-3-2022","description":"Een groep wildvreemde mensen wordt 24\/7 door camera's gevolgd in het Big Brother-huis. De bewoners worden op de proef gesteld met spellen en uitdagingen. Dit seizoen wordt zwaarder, schaarser en onvoorspelbaarder dan ooit en als kijker krijg je n\u00f3g meer invloed.","still":"https:\/\/img-opt.cdn.smartvod.com\/smartvod\/images\/videoland\/data\/images\/u\/c\/6229c53938aee_[format].jpg","runtime":2940,"editions":{"hd":{"price":0}},"is_downloadable":false},"E96691":{"id":96691,"ref":"E96691","type":"episode","position":61,"title":"Ma 14-3-2022","description":"Een groep wildvreemde mensen wordt 24\/7 door camera's gevolgd in het Big Brother-huis. De bewoners worden op de proef gesteld met spellen en uitdagingen. Dit seizoen wordt zwaarder, schaarser en onvoorspelbaarder dan ooit en als kijker krijg je n\u00f3g meer invloed.","still":"https:\/\/img-opt.cdn.smartvod.com\/smartvod\/images\/videoland\/data\/images\/z\/t\/622f7bb3d70b5_[format].jpg","runtime":2580,"editions":{"hd":{"price":0}},"is_downloadable":false},"E96689":{"id":96689,"ref":"E96689","type":"episode","position":62,"title":"Di 15-3-2022","description":"Een groep wildvreemde mensen wordt 24\/7 door camera's gevolgd in het Big Brother-huis. De bewoners worden op de proef gesteld met spellen en uitdagingen. Dit seizoen wordt zwaarder, schaarser en onvoorspelbaarder dan ooit en als kijker krijg je n\u00f3g meer invloed.","still":"https:\/\/img-opt.cdn.smartvod.com\/smartvod\/images\/videoland\/data\/images\/8\/c\/622f7cd3a9000_[format].jpg","runtime":2580,"editions":{"hd":{"price":0}},"is_downloadable":false},"E96729":{"id":96729,"ref":"E96729","type":"episode","position":63,"title":"Wo 16-3-2022","description":"Een groep wildvreemde mensen wordt 24\/7 door camera's gevolgd in het Big Brother-huis. De bewoners worden op de proef gesteld met spellen en uitdagingen. Dit seizoen wordt zwaarder, schaarser en onvoorspelbaarder dan ooit en als kijker krijg je n\u00f3g meer invloed.","still":"https:\/\/img-opt.cdn.smartvod.com\/smartvod\/images\/videoland\/data\/images\/b\/6\/6230915a63310_[format].jpg","runtime":2580,"editions":{"hd":{"price":0}},"is_downloadable":false},"E96719":{"id":96719,"ref":"E96719","type":"episode","position":64,"title":"Do 17-3-2022","description":"Een groep wildvreemde mensen wordt 24\/7 door camera's gevolgd in het Big Brother-huis. De bewoners worden op de proef gesteld met spellen en uitdagingen. Dit seizoen wordt zwaarder, schaarser en onvoorspelbaarder dan ooit en als kijker krijg je n\u00f3g meer invloed.","still":"https:\/\/img-opt.cdn.smartvod.com\/smartvod\/images\/videoland\/data\/images\/o\/m\/62308f0c9545b_[format].jpg","runtime":2580,"editions":{"hd":{"price":0}},"is_downloadable":false},"E97024":{"id":97024,"ref":"E97024","type":"episode","position":65,"title":"Vr 18-3-2022","description":"Een groep wildvreemde mensen wordt 24\/7 door camera's gevolgd in het Big Brother-huis. De bewoners worden op de proef gesteld met spellen en uitdagingen. Dit seizoen wordt zwaarder, schaarser en onvoorspelbaarder dan ooit en als kijker krijg je n\u00f3g meer invloed.","still":"https:\/\/img-opt.cdn.smartvod.com\/smartvod\/images\/videoland\/data\/images\/w\/w\/6234a3299b45d_[format].jpg","runtime":2580,"editions":{"hd":{"price":0}},"is_downloadable":false},"E97030":{"id":97030,"ref":"E97030","type":"episode","position":66,"title":"Za 19-3-2022","description":"Een groep wildvreemde mensen wordt 24\/7 door camera's gevolgd in het Big Brother-huis. De bewoners worden op de proef gesteld met spellen en uitdagingen. Dit seizoen wordt zwaarder, schaarser en onvoorspelbaarder dan ooit en als kijker krijg je n\u00f3g meer invloed.","still":"https:\/\/img-opt.cdn.smartvod.com\/smartvod\/images\/videoland\/data\/images\/7\/s\/62389eb61333d_[format].jpg","runtime":2580,"editions":{"hd":{"price":0}},"is_downloadable":false},"E97067":{"id":97067,"ref":"E97067","type":"episode","position":67,"title":"Ma 21-3-2022","description":"Een groep wildvreemde mensen wordt 24\/7 door camera's gevolgd in het Big Brother-huis. De bewoners worden op de proef gesteld met spellen en uitdagingen. Dit seizoen wordt zwaarder, schaarser en onvoorspelbaarder dan ooit en als kijker krijg je n\u00f3g meer invloed.","still":"https:\/\/img-opt.cdn.smartvod.com\/smartvod\/images\/videoland\/data\/images\/4\/6\/6238a113439e6_[format].jpg","runtime":2580,"editions":{"hd":{"price":0}},"is_downloadable":false},"E97087":{"id":97087,"ref":"E97087","type":"episode","position":68,"title":"Di 22-3-2022","description":"Een groep wildvreemde mensen wordt 24\/7 door camera's gevolgd in het Big Brother-huis. De bewoners worden op de proef gesteld met spellen en uitdagingen. Dit seizoen wordt zwaarder, schaarser en onvoorspelbaarder dan ooit en als kijker krijg je n\u00f3g meer invloed.","still":"https:\/\/img-opt.cdn.smartvod.com\/smartvod\/images\/videoland\/data\/images\/g\/x\/623b4b0f1bafc_[format].jpg","runtime":2580,"editions":{"hd":{"price":0}},"is_downloadable":false},"E97088":{"id":97088,"ref":"E97088","type":"episode","position":69,"title":"Wo 23-3-2022","description":"Een groep wildvreemde mensen wordt 24\/7 door camera's gevolgd in het Big Brother-huis. De bewoners worden op de proef gesteld met spellen en uitdagingen. Dit seizoen wordt zwaarder, schaarser en onvoorspelbaarder dan ooit en als kijker krijg je n\u00f3g meer invloed.","still":"https:\/\/img-opt.cdn.smartvod.com\/smartvod\/images\/videoland\/data\/images\/s\/b\/623b49e11009b_[format].jpg","runtime":2580,"editions":{"hd":{"price":0}},"is_downloadable":false},"E97049":{"id":97049,"ref":"E97049","type":"episode","position":70,"title":"Do 24-3-2022","description":"Een groep wildvreemde mensen wordt 24\/7 door camera's gevolgd in het Big Brother-huis. De bewoners worden op de proef gesteld met spellen en uitdagingen. Dit seizoen wordt zwaarder, schaarser en onvoorspelbaarder dan ooit en als kijker krijg je n\u00f3g meer invloed.","still":"https:\/\/img-opt.cdn.smartvod.com\/smartvod\/images\/videoland\/data\/images\/1\/p\/623b47a06b19d_[format].jpg","runtime":2580,"editions":{"hd":{"price":0}},"is_downloadable":false},"E97100":{"id":97100,"ref":"E97100","type":"episode","position":71,"title":"Vr 25-3-2022","description":"Een groep wildvreemde mensen wordt 24\/7 door camera's gevolgd in het Big Brother-huis. De bewoners worden op de proef gesteld met spellen en uitdagingen. Dit seizoen wordt zwaarder, schaarser en onvoorspelbaarder dan ooit en als kijker krijg je n\u00f3g meer invloed.","still":"https:\/\/img-opt.cdn.smartvod.com\/smartvod\/images\/videoland\/data\/images\/9\/k\/623d988350188_[format].jpg","runtime":2580,"editions":{"hd":{"price":0}},"is_downloadable":false},"E95764":{"id":95764,"ref":"E95764","type":"episode","position":72,"title":"Za 26-3-2022","description":"Een groep wildvreemde mensen wordt 24\/7 door camera's gevolgd in het Big Brother-huis. De bewoners worden op de proef gesteld met spellen en uitdagingen. Dit seizoen wordt zwaarder, schaarser en onvoorspelbaarder dan ooit en als kijker krijg je n\u00f3g meer invloed.","still":"https:\/\/img-opt.cdn.smartvod.com\/smartvod\/images\/videoland\/data\/images\/9\/6\/623d99ad38c0d_[format].jpg","runtime":3600,"editions":{"hd":{"price":0}},"is_downloadable":false}}}