{"id":500164,"ref":"S500164","type":"series","title":"Angry Birds Toons","year":2016,"rating":4,"poster":"https:\/\/img-opt.cdn.smartvod.com\/smartvod\/images\/videoland\/data\/images\/v\/w\/5d8bad735f829_[format].jpg","still":"https:\/\/img-opt.cdn.smartvod.com\/smartvod\/images\/videoland\/data\/images\/c\/3\/5dbff2bb0583f_[format].jpg","cast":{},"genres":["Kids","Actie","Avontuur"],"refs":["SN3021","SN3034","SN3035"],"is_adult":false,"is_kids":true,"is_available":true,"description":"In Angry Birds Toons is het leven niet altijd makkelijk op Piggie Island. Je favoriete figuren, zoals Chuck, Bomb en Mathilda beleven verschillende avonturen.","nicam":{"al":"Alle leeftijden"},"language":"nl","language_full":"Nederlands","details":{"SN3021":{"id":3021,"ref":"SN3021","type":"season","title":"1","position":1},"SN3034":{"id":3034,"ref":"SN3034","type":"season","title":"2","position":2},"SN3035":{"id":3035,"ref":"SN3035","type":"season","title":"3","position":3,"refs":["E70312","E70316","E70313","E70314","E70315","E70321","E70318","E70320","E70317","E70319","E70325","E70323","E70324","E70326","E70322","E70327","E70330","E70331","E70329","E70332","E70328","E70333","E70334","E70336","E70335","E70337"]},"E70312":{"id":70312,"ref":"E70312","type":"episode","position":1,"title":"Royal Heist","description":"King Pig redt een ei dat is mishandeld. Want van die dingen zitten er geen dertien in een dozijn. Toch?","still":"https:\/\/img-opt.cdn.smartvod.com\/smartvod\/images\/videoland\/data\/images\/4\/7\/5db8323cba021_[format].jpg","runtime":165,"editions":{"hd":{"price":0}},"is_downloadable":true},"E70316":{"id":70316,"ref":"E70316","type":"episode","position":2,"title":"Bad Hair Day","description":"Chuck schrikt als hij een grijze veer ontdekt in zijn verenpak. Hij zal moeten accepteren dat hij geen jong vogeltje meer is.","still":"https:\/\/img-opt.cdn.smartvod.com\/smartvod\/images\/videoland\/data\/images\/0\/o\/5db83a2b5c1ac_[format].jpg","runtime":165,"editions":{"hd":{"price":0}},"is_downloadable":true},"E70313":{"id":70313,"ref":"E70313","type":"episode","position":3,"title":"Golditrotters","description":"Dit biggetje is te groot en stoer voor een stom kinderboek. Golditrotters? Pff, dat is toch helemaal niet eng?","still":"https:\/\/img-opt.cdn.smartvod.com\/smartvod\/images\/videoland\/data\/images\/q\/k\/5db8323799f0c_[format].jpg","runtime":165,"editions":{"hd":{"price":0}},"is_downloadable":true},"E70314":{"id":70314,"ref":"E70314","type":"episode","position":4,"title":"A Fistful of Cabbage","description":"De biggen moeten oppassen, want er is een nieuwe sheriff. En die laat niet over zich heenlopen.","still":"https:\/\/img-opt.cdn.smartvod.com\/smartvod\/images\/videoland\/data\/images\/z\/v\/5db837f41cd00_[format].jpg","runtime":165,"editions":{"hd":{"price":0}},"is_downloadable":true},"E70315":{"id":70315,"ref":"E70315","type":"episode","position":5,"title":"Porkula","description":"Ieder jaar is er \u00e9\u00e9n nacht waarin de gevreesde Porcula opduikt om lekker te gaan smullen. Hij zou alleen beter moeten opletten wat hij eet.","still":"https:\/\/img-opt.cdn.smartvod.com\/smartvod\/images\/videoland\/data\/images\/g\/k\/5db83127cd430_[format].jpg","runtime":165,"editions":{"hd":{"price":0}},"is_downloadable":true},"E70321":{"id":70321,"ref":"E70321","type":"episode","position":6,"title":"Digerydork","description":"Chuck leert, en niet bepaald zachtzinnig, wat je in deze wereld w\u00e9l en beter ni\u00e9t kunt doen.","still":"https:\/\/img-opt.cdn.smartvod.com\/smartvod\/images\/videoland\/data\/images\/x\/j\/5db8392648793_[format].jpg","runtime":165,"editions":{"hd":{"price":0}},"is_downloadable":true},"E70318":{"id":70318,"ref":"E70318","type":"episode","position":7,"title":"The Porktrait","description":"King Pig bewondert de portretten van de leiders v\u00f3\u00f3r hem. Hij probeert het perfecte portret van zichzelf te maken, zodat hij ook bewonderd kan worden. Maar dat is best lastig!","still":"https:\/\/img-opt.cdn.smartvod.com\/smartvod\/images\/videoland\/data\/images\/3\/1\/5db837d3d01a8_[format].jpg","runtime":165,"editions":{"hd":{"price":0}},"is_downloadable":true},"E70320":{"id":70320,"ref":"E70320","type":"episode","position":8,"title":"Fix It","description":"Als het gaan om dingen slopen, is Chuck een echte superster. Als het gaat om dingen repareren, nou ja, dan lopen de resultaten nogal uiteen...","still":"https:\/\/img-opt.cdn.smartvod.com\/smartvod\/images\/videoland\/data\/images\/b\/x\/5db83a355b6bd_[format].jpg","runtime":165,"editions":{"hd":{"price":0}},"is_downloadable":true},"E70317":{"id":70317,"ref":"E70317","type":"episode","position":9,"title":"Age Rage","description":"De poging van Professor Pig om een jeugdserum te maken, mislukt compleet. Maar iedere mislukking is ook weer een nieuwe kans!","still":"https:\/\/img-opt.cdn.smartvod.com\/smartvod\/images\/videoland\/data\/images\/6\/7\/5db8325e2579f_[format].jpg","runtime":165,"editions":{"hd":{"price":0}},"is_downloadable":true},"E70319":{"id":70319,"ref":"E70319","type":"episode","position":10,"title":"Catching the Blues","description":"Mustache Pig grijpt de perfecte kans om eindelijk die ene blauwe vogel te pakken. Ontsnappen lukt nu echt niet meer!","still":"https:\/\/img-opt.cdn.smartvod.com\/smartvod\/images\/videoland\/data\/images\/2\/b\/5db83a4868489_[format].jpg","runtime":165,"editions":{"hd":{"price":0}},"is_downloadable":true},"E70325":{"id":70325,"ref":"E70325","type":"episode","position":11,"title":"Last Tree Standing","description":"Oh dennenboom! Oh! De dennenboom!!!","still":"https:\/\/img-opt.cdn.smartvod.com\/smartvod\/images\/videoland\/data\/images\/3\/n\/5db83453aa2c9_[format].jpg","runtime":165,"editions":{"hd":{"price":0}},"is_downloadable":true},"E70323":{"id":70323,"ref":"E70323","type":"episode","position":12,"title":"Happy Hippy","description":"De biggen blijven Red maar tegen zijn veren instrijken. Er is een bijzondere vogel nodig om hem tot kalmte te bedaren.","still":"https:\/\/img-opt.cdn.smartvod.com\/smartvod\/images\/videoland\/data\/images\/t\/p\/5db83a4d2046c_[format].jpg","runtime":165,"editions":{"hd":{"price":0}},"is_downloadable":true},"E70324":{"id":70324,"ref":"E70324","type":"episode","position":13,"title":"Mind the Pony","description":"Chuck en Bomb doen heel wat stof opwaaien met een reddingsactie midden in Pig City. Wie moet achteraf de rotzooi opruimen?","still":"https:\/\/img-opt.cdn.smartvod.com\/smartvod\/images\/videoland\/data\/images\/w\/g\/5db83a30051e7_[format].jpg","runtime":165,"editions":{"hd":{"price":0}},"is_downloadable":true},"E70326":{"id":70326,"ref":"E70326","type":"episode","position":14,"title":"Robo-Tilda","description":"De biggen hebben Matilda vervangen door een robot look-a-like. Maar komen ze daar mee weg?","still":"https:\/\/img-opt.cdn.smartvod.com\/smartvod\/images\/videoland\/data\/images\/u\/w\/5db836ace6449_[format].jpg","runtime":165,"editions":{"hd":{"price":0}},"is_downloadable":true},"E70322":{"id":70322,"ref":"E70322","type":"episode","position":15,"title":"King of the Ring","description":"King Pig denkt dat hij net zo goed is als de meest gerenommeerde worstelaar van Piggy Island en daagt hem uit.","still":"https:\/\/img-opt.cdn.smartvod.com\/smartvod\/images\/videoland\/data\/images\/k\/m\/5db837ef2d341_[format].jpg","runtime":165,"editions":{"hd":{"price":0}},"is_downloadable":true},"E70327":{"id":70327,"ref":"E70327","type":"episode","position":16,"title":"Spaced Out","description":"Er is meer tussen hemel en aarde. De Blues bijvoorbeeld. Helaas voor Chuck!","still":"https:\/\/img-opt.cdn.smartvod.com\/smartvod\/images\/videoland\/data\/images\/w\/u\/5db8324624e2a_[format].jpg","runtime":165,"editions":{"hd":{"price":0}},"is_downloadable":true},"E70330":{"id":70330,"ref":"E70330","type":"episode","position":17,"title":"Battling Buttlers","description":"Een goede butler heeft een verfijnde smaak en weet alles van etiquette. En dan is er nog de butler van King Pig...","still":"https:\/\/img-opt.cdn.smartvod.com\/smartvod\/images\/videoland\/data\/images\/8\/s\/5db83a3add005_[format].jpg","runtime":165,"editions":{"hd":{"price":0}},"is_downloadable":true},"E70331":{"id":70331,"ref":"E70331","type":"episode","position":18,"title":"Eggsaustion","description":"Chuck zal niet rusten voordat ieder ei veilig is. Maar dan ook echt i\u00e9der ei!","still":"https:\/\/img-opt.cdn.smartvod.com\/smartvod\/images\/videoland\/data\/images\/w\/w\/5db830d50a857_[format].jpg","runtime":165,"editions":{"hd":{"price":0}},"is_downloadable":true},"E70329":{"id":70329,"ref":"E70329","type":"episode","position":19,"title":"Short & Special","description":"De grote biggen mogen alles en hebben de meeste lol. Tot verdriet van een klein biggetje.","still":"https:\/\/img-opt.cdn.smartvod.com\/smartvod\/images\/videoland\/data\/images\/v\/5\/5db830fc88908_[format].jpg","runtime":165,"editions":{"hd":{"price":0}},"is_downloadable":true},"E70332":{"id":70332,"ref":"E70332","type":"episode","position":20,"title":"Horcus Porkus","description":"Er lijkt wel een goochelaar actief, die alle taarten wegtovert. Maar wie zou dat nu toch doen?","still":"https:\/\/img-opt.cdn.smartvod.com\/smartvod\/images\/videoland\/data\/images\/1\/o\/5db83938a0d92_[format].jpg","runtime":181,"editions":{"hd":{"price":0}},"is_downloadable":true},"E70328":{"id":70328,"ref":"E70328","type":"episode","position":21,"title":"Romance in a Bottle","description":"King Pig wisselt cadeautjes uit met een geheime aanbidder. Maar als je flessenpost verstuurt, weet je nooit wie de ontvanger zal zijn.","still":"https:\/\/img-opt.cdn.smartvod.com\/smartvod\/images\/videoland\/data\/images\/d\/o\/5db831f78a4b4_[format].jpg","runtime":165,"editions":{"hd":{"price":0}},"is_downloadable":true},"E70333":{"id":70333,"ref":"E70333","type":"episode","position":22,"title":"The Butler Did It","description":"Er zijn technische problemen tijdens een filmavond en nu heeft King Pig het einde van de film gemist. Hij moet en zal weten hoe de film afloopt!","still":"https:\/\/img-opt.cdn.smartvod.com\/smartvod\/images\/videoland\/data\/images\/4\/c\/5db839492b61c_[format].jpg","runtime":165,"editions":{"hd":{"price":0}},"is_downloadable":true},"E70334":{"id":70334,"ref":"E70334","type":"episode","position":23,"title":"Stalker","description":"King Pig is een pro als het gaat om rommel maken, maar nu is hij echt te ver gegaan.","still":"https:\/\/img-opt.cdn.smartvod.com\/smartvod\/images\/videoland\/data\/images\/2\/c\/5db836a78cccb_[format].jpg","runtime":165,"editions":{"hd":{"price":0}},"is_downloadable":true},"E70336":{"id":70336,"ref":"E70336","type":"episode","position":24,"title":"Photochucked","description":"Chuck maakt iedereen helemaal gek, omdat hij het leuk vindt om in beeld te springen als andere mensen een foto willen maken.","still":"https:\/\/img-opt.cdn.smartvod.com\/smartvod\/images\/videoland\/data\/images\/q\/z\/5db838ff91631_[format].jpg","runtime":165,"editions":{"hd":{"price":0}},"is_downloadable":true},"E70335":{"id":70335,"ref":"E70335","type":"episode","position":25,"title":"Bake On","description":"Een studerende big komt toevallig een taartrecept tegen waar King Pig helemaal wild van is. Betekent dit een nieuwe chef voor Piggy Island?","still":"https:\/\/img-opt.cdn.smartvod.com\/smartvod\/images\/videoland\/data\/images\/s\/8\/5db8393e09ddb_[format].jpg","runtime":165,"editions":{"hd":{"price":0}},"is_downloadable":true},"E70337":{"id":70337,"ref":"E70337","type":"episode","position":26,"title":"Toy Hoggers","description":"De teddybeer van King Pig is kapot en hij besluit hem weg te gooien. Daar krijgt hij al snel spijt van. Hij moet het pluche beestje terug zien te vinden!","still":"https:\/\/img-opt.cdn.smartvod.com\/smartvod\/images\/videoland\/data\/images\/r\/z\/5db836b1e2e9a_[format].jpg","runtime":165,"editions":{"hd":{"price":0}},"is_downloadable":true}}}