{"id":500843,"ref":"S500843","type":"series","title":"Ratjetoe","year":2002,"rating":4,"poster":"https:\/\/img-opt.cdn.smartvod.com\/smartvod\/images\/videoland\/data\/images\/m\/w\/6202923e513e0_[format].jpg","still":"https:\/\/img-opt.cdn.smartvod.com\/smartvod\/images\/videoland\/data\/images\/7\/d\/62120f08438a7_[format].jpg","cast":{},"genres":["Kids"],"refs":["SN4771","SN4774","SN4783","SN4775","SN4776","SN4778","SN4777"],"is_adult":false,"is_kids":true,"is_available":true,"description":"De vier baby's van Ratjetoe hebben een kijk op de wereld die nogal verschilt van die van volwassenen. Ze beleven samen grote avonturen en voeren een dagelijkse strijd tegen de oudere Angeliekje.","nicam":{"al":"Alle leeftijden"},"language":"nl","language_full":"Nederlands","details":{"SN4771":{"id":4771,"ref":"SN4771","type":"season","title":"1","position":1},"SN4774":{"id":4774,"ref":"SN4774","type":"season","title":"2","position":2},"SN4783":{"id":4783,"ref":"SN4783","type":"season","title":"4","position":4},"SN4775":{"id":4775,"ref":"SN4775","type":"season","title":"5","position":5},"SN4776":{"id":4776,"ref":"SN4776","type":"season","title":"6","position":6},"SN4778":{"id":4778,"ref":"SN4778","type":"season","title":"7","position":7,"refs":["E95272","E95270","E95277","E95289","E95278","E95280"]},"SN4777":{"id":4777,"ref":"SN4777","type":"season","title":"8","position":8},"E95272":{"id":95272,"ref":"E95272","type":"episode","position":1,"title":"Brothers Are Monsters\/Cooking With Susie","description":"Tommy denkt dat hij in een monster verandert als er haar op hem terecht is gekomen. Susie krijgt een speelgoedoventje en bakt er vieze snacks mee, maar de kinderen zeggen dat ze heerlijk zijn. Het liegen hebben ze van Didi geleerd.","still":"https:\/\/img-opt.cdn.smartvod.com\/smartvod\/images\/videoland\/data\/images\/b\/7\/62120c78cf397_[format].jpg","runtime":1374,"editions":{"sd":{"price":0}},"is_downloadable":true},"E95270":{"id":95270,"ref":"E95270","type":"episode","position":2,"title":"Officer Chuckie\/Auctioning Grampa","description":"Dicky leert van een agent hoe je je veilig moet gedragen op straat en neemt dit iets te serieus als de kinderen aan het spelen zijn. Op een antiekbeurs zijn de kleintjes bang dat opa wordt verkocht, dus bedenken ze een plan om hem terug te kopen.","still":"https:\/\/img-opt.cdn.smartvod.com\/smartvod\/images\/videoland\/data\/images\/m\/u\/62120c7f862c1_[format].jpg","runtime":1374,"editions":{"sd":{"price":0}},"is_downloadable":true},"E95277":{"id":95277,"ref":"E95277","type":"episode","position":3,"title":"Partners In Crime\/Thumb's Up","description":"Angeliekje benoemt Dil tot haar 'partner' als ze een misdaadfilm heeft gezien. Tommy probeert de anderen te laten stoppen met duimen, omdat hij bang is dat ze anders voor altijd klein zullen blijven.","still":"https:\/\/img-opt.cdn.smartvod.com\/smartvod\/images\/videoland\/data\/images\/f\/c\/62120dade205b_[format].jpg","runtime":1374,"editions":{"sd":{"price":0}},"is_downloadable":true},"E95289":{"id":95289,"ref":"E95289","type":"episode","position":4,"title":"No Place Like Home","description":"Susie moet naar het ziekenhuis om haar amandelen eruit te laten halen. Als ze onder narcose is, droomt ze van een magische wereld die doet denken aan The Wizard of Oz.","still":"https:\/\/img-opt.cdn.smartvod.com\/smartvod\/images\/videoland\/data\/images\/8\/2\/62120ee87aaf1_[format].jpg","runtime":1374,"editions":{"sd":{"price":0}},"is_downloadable":true},"E95278":{"id":95278,"ref":"E95278","type":"episode","position":5,"title":"Be My Valentine","description":"De volwassenen maken zich klaar voor een gemaskerd valentijnsbal. Chas heeft een oude Chevrolet gehuurd, maar niemand weet hoe je de sleutels uit een auto krijgt die op slot zit. Chuck maakt een valentijnskaart voor zijn vader.","still":"https:\/\/img-opt.cdn.smartvod.com\/smartvod\/images\/videoland\/data\/images\/x\/i\/62120c81278f5_[format].jpg","runtime":1374,"editions":{"sd":{"price":0}},"is_downloadable":true},"E95280":{"id":95280,"ref":"E95280","type":"episode","position":6,"title":"Discovering America","description":"Opa en tante Miriam komen terug van vakantie en hebben voor iedereen een souvenir meegebracht, behalve voor Dil. Om ervoor te zorgen dat hij zich niet buitengesloten voelt, gaan de Rugrats op vakantie in hun eigen toerbus.","still":"https:\/\/img-opt.cdn.smartvod.com\/smartvod\/images\/videoland\/data\/images\/y\/0\/62120dafb106d_[format].jpg","runtime":1371,"editions":{"sd":{"price":0}},"is_downloadable":true}}}