{"id":500902,"ref":"S500902","type":"series","title":"Het Roer Om: De Verbouwing Van Een Frans Kasteel","year":2021,"rating":4,"poster":"https:\/\/img-opt.cdn.smartvod.com\/smartvod\/images\/videoland\/data\/images\/i\/u\/6245bb11dce2d_[format].jpg","still":"https:\/\/img-opt.cdn.smartvod.com\/smartvod\/images\/videoland\/data\/images\/h\/m\/624583f4422b4_[format].jpg","cast":{"actors":["Dick Strawbridge","Angel Adoree"]},"genres":["Reality"],"refs":["SN4962","SN4964","SN4963","SN4924"],"is_adult":false,"is_kids":false,"is_available":true,"description":"Dick Strawbridge en zijn vriendin Angel Adoree worden gevolgd bij de renovatie van een kasteel in Frankrijk. Het stel verliet hun woning in het Britse Southend-on-Sea en nam hun intrek in een Frans chateau dat veertig jaar leeg had gestaan.","nicam":{"al":"Alle leeftijden"},"language":"en","language_full":"Engels","details":{"SN4962":{"id":4962,"ref":"SN4962","type":"season","title":"6","position":6},"SN4964":{"id":4964,"ref":"SN4964","type":"season","title":"7","position":7},"SN4963":{"id":4963,"ref":"SN4963","type":"season","title":"8","position":8,"refs":["E98425","E98431","E98427","E98436","E98432","E98426"]},"SN4924":{"id":4924,"ref":"SN4924","type":"season","title":"9","position":9},"E98425":{"id":98425,"ref":"E98425","type":"episode","position":1,"title":"","description":"Dick Strawbridge en zijn vriendin Angel Adoree worden gevolgd bij de renovatie van een kasteel in Frankrijk. Het stel verruilde hun woning in het Britse Southend-on-Sea voor een Frans chateau dat veertig jaar leeg had gestaan.","still":"https:\/\/img-opt.cdn.smartvod.com\/smartvod\/images\/videoland\/data\/images\/l\/0\/626276ceba589_[format].jpg","runtime":2770,"editions":{"hd":{"price":0}},"is_downloadable":true},"E98431":{"id":98431,"ref":"E98431","type":"episode","position":2,"title":"","description":"Dick Strawbridge en zijn vriendin Angel Adoree worden gevolgd bij de renovatie van een kasteel in Frankrijk. Het stel verruilde hun woning in het Britse Southend-on-Sea voor een Frans chateau dat veertig jaar leeg had gestaan.","still":"https:\/\/img-opt.cdn.smartvod.com\/smartvod\/images\/videoland\/data\/images\/x\/9\/626270f206eb9_[format].jpg","runtime":2784,"editions":{"hd":{"price":0}},"is_downloadable":true},"E98427":{"id":98427,"ref":"E98427","type":"episode","position":3,"title":"","description":"Dick Strawbridge en zijn vriendin Angel Adoree worden gevolgd bij de renovatie van een kasteel in Frankrijk. Het stel verruilde hun woning in het Britse Southend-on-Sea voor een Frans chateau dat veertig jaar leeg had gestaan.","still":"https:\/\/img-opt.cdn.smartvod.com\/smartvod\/images\/videoland\/data\/images\/b\/z\/62627344c1071_[format].jpg","runtime":2789,"editions":{"hd":{"price":0}},"is_downloadable":true},"E98436":{"id":98436,"ref":"E98436","type":"episode","position":4,"title":"","description":"Dick Strawbridge en zijn vriendin Angel Adoree worden gevolgd bij de renovatie van een kasteel in Frankrijk. Het stel verruilde hun woning in het Britse Southend-on-Sea voor een Frans chateau dat veertig jaar leeg had gestaan.","still":"https:\/\/img-opt.cdn.smartvod.com\/smartvod\/images\/videoland\/data\/images\/y\/j\/6262722b4f787_[format].jpg","runtime":2783,"editions":{"hd":{"price":0}},"is_downloadable":true},"E98432":{"id":98432,"ref":"E98432","type":"episode","position":5,"title":"","description":"Dick Strawbridge en zijn vriendin Angel Adoree worden gevolgd bij de renovatie van een kasteel in Frankrijk. Het stel verruilde hun woning in het Britse Southend-on-Sea voor een Frans chateau dat veertig jaar leeg had gestaan.","still":"https:\/\/img-opt.cdn.smartvod.com\/smartvod\/images\/videoland\/data\/images\/1\/9\/6262722881846_[format].jpg","runtime":2788,"editions":{"hd":{"price":0}},"is_downloadable":true},"E98426":{"id":98426,"ref":"E98426","type":"episode","position":6,"title":"","description":"Dick Strawbridge en zijn vriendin Angel Adoree worden gevolgd bij de renovatie van een kasteel in Frankrijk. Het stel verruilde hun woning in het Britse Southend-on-Sea voor een Frans chateau dat veertig jaar leeg had gestaan.","still":"https:\/\/img-opt.cdn.smartvod.com\/smartvod\/images\/videoland\/data\/images\/s\/d\/62627475526bb_[format].jpg","runtime":2790,"editions":{"hd":{"price":0}},"is_downloadable":true}}}