{"id":500151,"ref":"S500151","type":"series","title":"The Masked Singer","year":2021,"rating":4,"poster":"https:\/\/img-opt.cdn.smartvod.com\/smartvod\/images\/videoland\/data\/images\/9\/d\/616ea68b67ea2_[format].jpg","still":"https:\/\/img-opt.cdn.smartvod.com\/smartvod\/images\/videoland\/data\/images\/0\/7\/616ea75253a46_[format].jpg","cast":{"actors":["Ruben Nicolai"]},"genres":[],"refs":["SN2992","SN3763","SN4490"],"is_adult":false,"is_kids":false,"is_available":true,"description":"Vijftien bekende Nederlanders gaan onder leiding van presentator Ruben Nicolai zingend de strijd met elkaar aan in de meest bijzondere kostuums. Twee panels, bestaande uit Gerard Joling en Buddy Vedder en Carlo Boszhard en Loretta Schrijver, doen hun uiterste best om de identiteit van de karakters te achterhalen en met hun speculaties punten te verdienen. Na de onthulling kan je in de serie \"The Masked Singer: After the Mask\", exclusief op Videoland, meekijken achter de schermen.","nicam":{"al":"Alle leeftijden"},"language":"nl","language_full":"Nederlands","details":{"SN2992":{"id":2992,"ref":"SN2992","type":"season","title":"1","position":1},"SN3763":{"id":3763,"ref":"SN3763","type":"season","title":"2","position":2,"refs":["E79553","E79668","E79914","E79924","E79920","E79929","E79927","E79918","E82214"]},"SN4490":{"id":4490,"ref":"SN4490","type":"season","title":"3","position":3},"E79553":{"id":79553,"ref":"E79553","type":"episode","position":1,"title":"","description":"Vijftien bekende Nederlanders gaan onder leiding van presentator Ruben Nicolai zingend de strijd met elkaar aan in de meest bijzondere kostuums. Twee panels, bestaande uit Gerard Joling en Buddy Vedder en Carlo Boszhard en Loretta Schrijver, doen hun uiterste best om de identiteit van de karakters te achterhalen en met hun speculaties punten te verdienen. Het publiek in de zaal stemt iedere week op basis van de performances wie zijn of haar masker af moet zetten en de show moet verlaten.","still":"https:\/\/img-opt.cdn.smartvod.com\/smartvod\/images\/videoland\/data\/images\/7\/6\/5f6f4ce6978ba_[format].jpg","runtime":5311,"editions":{"hd":{"price":0}},"is_downloadable":true},"E79668":{"id":79668,"ref":"E79668","type":"episode","position":2,"title":"","description":"Vijftien bekende Nederlanders gaan onder leiding van presentator Ruben Nicolai zingend de strijd met elkaar aan in de meest bijzondere kostuums. Twee panels, bestaande uit Gerard Joling en Buddy Vedder en Carlo Boszhard en Loretta Schrijver, doen hun uiterste best om de identiteit van de karakters te achterhalen en met hun speculaties punten te verdienen. Het publiek in de zaal stemt iedere week op basis van de performances wie zijn of haar masker af moet zetten en de show moet verlaten.","still":"https:\/\/img-opt.cdn.smartvod.com\/smartvod\/images\/videoland\/data\/images\/9\/i\/5f7abfc5ae9de_[format].jpg","runtime":5297,"editions":{"hd":{"price":0}},"is_downloadable":true},"E79914":{"id":79914,"ref":"E79914","type":"episode","position":3,"title":"","description":"Vijftien bekende Nederlanders gaan onder leiding van presentator Ruben Nicolai zingend de strijd met elkaar aan in de meest bijzondere kostuums. Twee panels, bestaande uit Gerard Joling en Buddy Vedder en Carlo Boszhard en Loretta Schrijver, doen hun uiterste best om de identiteit van de karakters te achterhalen en met hun speculaties punten te verdienen. Het publiek in de zaal stemt iedere week op basis van de performances wie zijn of haar masker af moet zetten en de show moet verlaten.","still":"https:\/\/img-opt.cdn.smartvod.com\/smartvod\/images\/videoland\/data\/images\/y\/1\/5f80d2dbd3391_[format].jpg","runtime":5457,"editions":{"hd":{"price":0}},"is_downloadable":true},"E79924":{"id":79924,"ref":"E79924","type":"episode","position":4,"title":"","description":"Vijftien bekende Nederlanders gaan onder leiding van presentator Ruben Nicolai zingend de strijd met elkaar aan in de meest bijzondere kostuums. Twee panels, bestaande uit Gerard Joling en Buddy Vedder en Carlo Boszhard en Loretta Schrijver, doen hun uiterste best om de identiteit van de karakters te achterhalen en met hun speculaties punten te verdienen. Het publiek in de zaal stemt iedere week op basis van de performances wie zijn of haar masker af moet zetten en de show moet verlaten.","still":"https:\/\/img-opt.cdn.smartvod.com\/smartvod\/images\/videoland\/data\/images\/z\/4\/5f8e9903af733_[format].jpg","runtime":5724,"editions":{"hd":{"price":0}},"is_downloadable":true},"E79920":{"id":79920,"ref":"E79920","type":"episode","position":5,"title":"","description":"Vijftien bekende Nederlanders gaan onder leiding van presentator Ruben Nicolai zingend de strijd met elkaar aan in de meest bijzondere kostuums. Twee panels, bestaande uit Gerard Joling en Buddy Vedder en Carlo Boszhard en Loretta Schrijver, doen hun uiterste best om de identiteit van de karakters te achterhalen en met hun speculaties punten te verdienen. Het publiek in de zaal stemt iedere week op basis van de performances wie zijn of haar masker af moet zetten en de show moet verlaten.","still":"https:\/\/img-opt.cdn.smartvod.com\/smartvod\/images\/videoland\/data\/images\/9\/7\/5f930188bac87_[format].jpg","runtime":5673,"editions":{"hd":{"price":0}},"is_downloadable":true},"E79929":{"id":79929,"ref":"E79929","type":"episode","position":6,"title":"","description":"Vijftien bekende Nederlanders gaan onder leiding van presentator Ruben Nicolai zingend de strijd met elkaar aan in de meest bijzondere kostuums. Twee panels, bestaande uit Gerard Joling en Buddy Vedder en Carlo Boszhard en Loretta Schrijver, doen hun uiterste best om de identiteit van de karakters te achterhalen en met hun speculaties punten te verdienen. Het publiek in de zaal stemt iedere week op basis van de performances wie zijn of haar masker af moet zetten en de show moet verlaten.","still":"https:\/\/img-opt.cdn.smartvod.com\/smartvod\/images\/videoland\/data\/images\/i\/w\/5f9fc4b6b4f72_[format].jpg","runtime":5557,"editions":{"hd":{"price":0}},"is_downloadable":true},"E79927":{"id":79927,"ref":"E79927","type":"episode","position":7,"title":"","description":"Vijftien bekende Nederlanders gaan onder leiding van presentator Ruben Nicolai zingend de strijd met elkaar aan in de meest bijzondere kostuums. Twee panels, bestaande uit Gerard Joling en Buddy Vedder en Carlo Boszhard en Loretta Schrijver, doen hun uiterste best om de identiteit van de karakters te achterhalen en met hun speculaties punten te verdienen. Het publiek in de zaal stemt iedere week op basis van de performances wie zijn of haar masker af moet zetten en de show moet verlaten.","still":"https:\/\/img-opt.cdn.smartvod.com\/smartvod\/images\/videoland\/data\/images\/i\/k\/5fa703cb3f8d1_[format].jpg","runtime":5594,"editions":{"hd":{"price":0}},"is_downloadable":true},"E79918":{"id":79918,"ref":"E79918","type":"episode","position":8,"title":"","description":"Vijftien bekende Nederlanders gaan onder leiding van presentator Ruben Nicolai zingend de strijd met elkaar aan in de meest bijzondere kostuums. Twee panels, bestaande uit Gerard Joling en Buddy Vedder en Carlo Boszhard en Loretta Schrijver, doen hun uiterste best om de identiteit van de karakters te achterhalen en met hun speculaties punten te verdienen. Het publiek in de zaal stemt iedere week op basis van de performances wie zijn of haar masker af moet zetten en de show moet verlaten.","still":"https:\/\/img-opt.cdn.smartvod.com\/smartvod\/images\/videoland\/data\/images\/p\/e\/5faecd32d2a14_[format].jpg","runtime":5771,"editions":{"hd":{"price":0}},"is_downloadable":true},"E82214":{"id":82214,"ref":"E82214","type":"episode","position":9,"title":"Oud & Nieuw Special","description":"Vijf nieuwe, feestelijke karakters nemen het tegen elkaar op tijdens spetterende solo's, duetten en groepacts. De panelleden doen weer hun uiterste best om de identiteit te achterhalen van de BN'ers die schuilgaan achter de maskers.","still":"https:\/\/img-opt.cdn.smartvod.com\/smartvod\/images\/videoland\/data\/images\/q\/f\/5fec777b4e36e_[format].jpg","runtime":5469,"editions":{"hd":{"price":0}},"is_downloadable":true}}}