{"id":500947,"ref":"S500947","type":"series","title":"Booba","year":2019,"rating":4,"poster":"https:\/\/img-opt.cdn.smartvod.com\/smartvod\/images\/videoland\/data\/images\/z\/q\/62c2cf0de8f62_[format].jpg","still":"https:\/\/img-opt.cdn.smartvod.com\/smartvod\/images\/videoland\/data\/images\/n\/i\/62c407b21fe9b_[format].jpg","cast":{},"genres":["Kids","Komedie","Animatie"],"refs":["SN5051","SN5064"],"is_adult":false,"is_kids":true,"is_available":true,"description":"Booba is een klein en bijzonder wezentje, altijd klaar om de wereld om hem heen te ontdekken. Hij maakt snel vrienden en samen vinden ze een uitweg uit iedere situatie.","nicam":{"al":"Alle leeftijden"},"language":"nl","language_full":"Nederlands","details":{"SN5051":{"id":5051,"ref":"SN5051","type":"season","title":"2","position":2},"SN5064":{"id":5064,"ref":"SN5064","type":"season","title":"3","position":3,"refs":["E100551","E100575","E100554","E100562","E100573","E100578","E100556","E100571","E100574","E100559","E100568","E100552","E100548","E100570","E100546","E100569","E100560","E100576","E100553","E100547","E100572","E100555","E100550","E100567","E100557","E100565"]},"E100551":{"id":100551,"ref":"E100551","type":"episode","position":1,"title":"Halloween","description":"Booba is een klein en bijzonder wezentje, altijd klaar om de wereld om hem heen te ontdekken. Hij maakt snel vrienden en samen vinden ze een uitweg uit iedere situatie.","still":"https:\/\/img-opt.cdn.smartvod.com\/smartvod\/images\/videoland\/data\/images\/2\/k\/62c7f1143a464_[format].jpg","runtime":293,"editions":{"hd":{"price":0}},"is_downloadable":true},"E100575":{"id":100575,"ref":"E100575","type":"episode","position":2,"title":"Flying","description":"Booba is een klein en bijzonder wezentje, altijd klaar om de wereld om hem heen te ontdekken. Hij maakt snel vrienden en samen vinden ze een uitweg uit iedere situatie.","still":"https:\/\/img-opt.cdn.smartvod.com\/smartvod\/images\/videoland\/data\/images\/s\/e\/62c7efbb41cb5_[format].jpg","runtime":243,"editions":{"hd":{"price":0}},"is_downloadable":true},"E100554":{"id":100554,"ref":"E100554","type":"episode","position":3,"title":"Kitchen Adventure","description":"Booba is een klein en bijzonder wezentje, altijd klaar om de wereld om hem heen te ontdekken. Hij maakt snel vrienden en samen vinden ze een uitweg uit iedere situatie.","still":"https:\/\/img-opt.cdn.smartvod.com\/smartvod\/images\/videoland\/data\/images\/r\/3\/62c7f0ffdd139_[format].jpg","runtime":283,"editions":{"hd":{"price":0}},"is_downloadable":true},"E100562":{"id":100562,"ref":"E100562","type":"episode","position":4,"title":"Santa's Grotto","description":"Booba is een klein en bijzonder wezentje, altijd klaar om de wereld om hem heen te ontdekken. Hij maakt snel vrienden en samen vinden ze een uitweg uit iedere situatie.","still":"https:\/\/img-opt.cdn.smartvod.com\/smartvod\/images\/videoland\/data\/images\/2\/g\/62c7e8bb968b9_[format].jpg","runtime":292,"editions":{"hd":{"price":0}},"is_downloadable":true},"E100573":{"id":100573,"ref":"E100573","type":"episode","position":5,"title":"Office","description":"Booba is een klein en bijzonder wezentje, altijd klaar om de wereld om hem heen te ontdekken. Hij maakt snel vrienden en samen vinden ze een uitweg uit iedere situatie.","still":"https:\/\/img-opt.cdn.smartvod.com\/smartvod\/images\/videoland\/data\/images\/s\/o\/62c7efd77f202_[format].jpg","runtime":292,"editions":{"hd":{"price":0}},"is_downloadable":true},"E100578":{"id":100578,"ref":"E100578","type":"episode","position":6,"title":"Circus Adventure","description":"Booba is een klein en bijzonder wezentje, altijd klaar om de wereld om hem heen te ontdekken. Hij maakt snel vrienden en samen vinden ze een uitweg uit iedere situatie.","still":"https:\/\/img-opt.cdn.smartvod.com\/smartvod\/images\/videoland\/data\/images\/e\/i\/62c7efca4dc9a_[format].jpg","runtime":285,"editions":{"hd":{"price":0}},"is_downloadable":true},"E100556":{"id":100556,"ref":"E100556","type":"episode","position":7,"title":"Booba In The Future","description":"Booba is een klein en bijzonder wezentje, altijd klaar om de wereld om hem heen te ontdekken. Hij maakt snel vrienden en samen vinden ze een uitweg uit iedere situatie.","still":"https:\/\/img-opt.cdn.smartvod.com\/smartvod\/images\/videoland\/data\/images\/b\/3\/62c7f11a6f94d_[format].jpg","runtime":292,"editions":{"hd":{"price":0}},"is_downloadable":true},"E100571":{"id":100571,"ref":"E100571","type":"episode","position":8,"title":"Juice","description":"Booba is een klein en bijzonder wezentje, altijd klaar om de wereld om hem heen te ontdekken. Hij maakt snel vrienden en samen vinden ze een uitweg uit iedere situatie.","still":"https:\/\/img-opt.cdn.smartvod.com\/smartvod\/images\/videoland\/data\/images\/i\/n\/62c7f0eb8dbcb_[format].jpg","runtime":235,"editions":{"hd":{"price":0}},"is_downloadable":true},"E100574":{"id":100574,"ref":"E100574","type":"episode","position":9,"title":"Clay Crafts","description":"Booba is een klein en bijzonder wezentje, altijd klaar om de wereld om hem heen te ontdekken. Hij maakt snel vrienden en samen vinden ze een uitweg uit iedere situatie.","still":"https:\/\/img-opt.cdn.smartvod.com\/smartvod\/images\/videoland\/data\/images\/r\/i\/62c7efdbc0473_[format].jpg","runtime":278,"editions":{"hd":{"price":0}},"is_downloadable":true},"E100559":{"id":100559,"ref":"E100559","type":"episode","position":10,"title":"Firefighter","description":"Booba is een klein en bijzonder wezentje, altijd klaar om de wereld om hem heen te ontdekken. Hij maakt snel vrienden en samen vinden ze een uitweg uit iedere situatie.","still":"https:\/\/img-opt.cdn.smartvod.com\/smartvod\/images\/videoland\/data\/images\/o\/k\/62c7f21f7cd00_[format].jpg","runtime":285,"editions":{"hd":{"price":0}},"is_downloadable":true},"E100568":{"id":100568,"ref":"E100568","type":"episode","position":11,"title":"Easter","description":"Booba is een klein en bijzonder wezentje, altijd klaar om de wereld om hem heen te ontdekken. Hij maakt snel vrienden en samen vinden ze een uitweg uit iedere situatie.","still":"https:\/\/img-opt.cdn.smartvod.com\/smartvod\/images\/videoland\/data\/images\/7\/8\/62c7f0e763397_[format].jpg","runtime":289,"editions":{"hd":{"price":0}},"is_downloadable":true},"E100552":{"id":100552,"ref":"E100552","type":"episode","position":12,"title":"Tooth Fairy","description":"Booba is een klein en bijzonder wezentje, altijd klaar om de wereld om hem heen te ontdekken. Hij maakt snel vrienden en samen vinden ze een uitweg uit iedere situatie.","still":"https:\/\/img-opt.cdn.smartvod.com\/smartvod\/images\/videoland\/data\/images\/7\/r\/62c7f0f1b64e7_[format].jpg","runtime":292,"editions":{"hd":{"price":0}},"is_downloadable":true},"E100548":{"id":100548,"ref":"E100548","type":"episode","position":13,"title":"Watermelon","description":"Booba is een klein en bijzonder wezentje, altijd klaar om de wereld om hem heen te ontdekken. Hij maakt snel vrienden en samen vinden ze een uitweg uit iedere situatie.","still":"https:\/\/img-opt.cdn.smartvod.com\/smartvod\/images\/videoland\/data\/images\/9\/j\/62c7f0f3ad499_[format].jpg","runtime":289,"editions":{"hd":{"price":0}},"is_downloadable":true},"E100570":{"id":100570,"ref":"E100570","type":"episode","position":14,"title":"Funfair","description":"Booba is een klein en bijzonder wezentje, altijd klaar om de wereld om hem heen te ontdekken. Hij maakt snel vrienden en samen vinden ze een uitweg uit iedere situatie.","still":"https:\/\/img-opt.cdn.smartvod.com\/smartvod\/images\/videoland\/data\/images\/b\/3\/62c7efc2226f0_[format].jpg","runtime":289,"editions":{"hd":{"price":0}},"is_downloadable":true},"E100546":{"id":100546,"ref":"E100546","type":"episode","position":15,"title":"Magic Lamp","description":"Booba is een klein en bijzonder wezentje, altijd klaar om de wereld om hem heen te ontdekken. Hij maakt snel vrienden en samen vinden ze een uitweg uit iedere situatie.","still":"https:\/\/img-opt.cdn.smartvod.com\/smartvod\/images\/videoland\/data\/images\/6\/3\/62c7efc40065d_[format].jpg","runtime":292,"editions":{"hd":{"price":0}},"is_downloadable":true},"E100569":{"id":100569,"ref":"E100569","type":"episode","position":16,"title":"Science Museum","description":"Booba is een klein en bijzonder wezentje, altijd klaar om de wereld om hem heen te ontdekken. Hij maakt snel vrienden en samen vinden ze een uitweg uit iedere situatie.","still":"https:\/\/img-opt.cdn.smartvod.com\/smartvod\/images\/videoland\/data\/images\/5\/e\/62c7efcc7d60e_[format].jpg","runtime":290,"editions":{"hd":{"price":0}},"is_downloadable":true},"E100560":{"id":100560,"ref":"E100560","type":"episode","position":17,"title":"Wild West","description":"Booba is een klein en bijzonder wezentje, altijd klaar om de wereld om hem heen te ontdekken. Hij maakt snel vrienden en samen vinden ze een uitweg uit iedere situatie.","still":"https:\/\/img-opt.cdn.smartvod.com\/smartvod\/images\/videoland\/data\/images\/b\/m\/62c7fef752f66_[format].jpg","runtime":289,"editions":{"hd":{"price":0}},"is_downloadable":true},"E100576":{"id":100576,"ref":"E100576","type":"episode","position":18,"title":"Submarine Adventure","description":"Booba is een klein en bijzonder wezentje, altijd klaar om de wereld om hem heen te ontdekken. Hij maakt snel vrienden en samen vinden ze een uitweg uit iedere situatie.","still":"https:\/\/img-opt.cdn.smartvod.com\/smartvod\/images\/videoland\/data\/images\/e\/t\/62c7efddabcd3_[format].jpg","runtime":292,"editions":{"hd":{"price":0}},"is_downloadable":true},"E100553":{"id":100553,"ref":"E100553","type":"episode","position":19,"title":"Magic Photo Booth","description":"Booba is een klein en bijzonder wezentje, altijd klaar om de wereld om hem heen te ontdekken. Hij maakt snel vrienden en samen vinden ze een uitweg uit iedere situatie.","still":"https:\/\/img-opt.cdn.smartvod.com\/smartvod\/images\/videoland\/data\/images\/8\/k\/62c7f10198133_[format].jpg","runtime":287,"editions":{"hd":{"price":0}},"is_downloadable":true},"E100547":{"id":100547,"ref":"E100547","type":"episode","position":20,"title":"Underwater Adventure","description":"Booba is een klein en bijzonder wezentje, altijd klaar om de wereld om hem heen te ontdekken. Hij maakt snel vrienden en samen vinden ze een uitweg uit iedere situatie.","still":"https:\/\/img-opt.cdn.smartvod.com\/smartvod\/images\/videoland\/data\/images\/q\/q\/62c7e9e596b5f_[format].jpg","runtime":293,"editions":{"hd":{"price":0}},"is_downloadable":true},"E100572":{"id":100572,"ref":"E100572","type":"episode","position":21,"title":"Tin Trouble","description":"Booba is een klein en bijzonder wezentje, altijd klaar om de wereld om hem heen te ontdekken. Hij maakt snel vrienden en samen vinden ze een uitweg uit iedere situatie.","still":"https:\/\/img-opt.cdn.smartvod.com\/smartvod\/images\/videoland\/data\/images\/x\/9\/62c7efd42b739_[format].jpg","runtime":292,"editions":{"hd":{"price":0}},"is_downloadable":true},"E100555":{"id":100555,"ref":"E100555","type":"episode","position":22,"title":"Space Adventure","description":"Booba is een klein en bijzonder wezentje, altijd klaar om de wereld om hem heen te ontdekken. Hij maakt snel vrienden en samen vinden ze een uitweg uit iedere situatie.","still":"https:\/\/img-opt.cdn.smartvod.com\/smartvod\/images\/videoland\/data\/images\/r\/q\/62c7f0fbbe83f_[format].jpg","runtime":290,"editions":{"hd":{"price":0}},"is_downloadable":true},"E100550":{"id":100550,"ref":"E100550","type":"episode","position":23,"title":"Obstacle Course Chaos","description":"Booba is een klein en bijzonder wezentje, altijd klaar om de wereld om hem heen te ontdekken. Hij maakt snel vrienden en samen vinden ze een uitweg uit iedere situatie.","still":"https:\/\/img-opt.cdn.smartvod.com\/smartvod\/images\/videoland\/data\/images\/8\/g\/62c7ee9678f39_[format].jpg","runtime":292,"editions":{"hd":{"price":0}},"is_downloadable":true},"E100567":{"id":100567,"ref":"E100567","type":"episode","position":24,"title":"The Robot","description":"Booba is een klein en bijzonder wezentje, altijd klaar om de wereld om hem heen te ontdekken. Hij maakt snel vrienden en samen vinden ze een uitweg uit iedere situatie.","still":"https:\/\/img-opt.cdn.smartvod.com\/smartvod\/images\/videoland\/data\/images\/5\/l\/62c7efc8648b6_[format].jpg","runtime":288,"editions":{"hd":{"price":0}},"is_downloadable":true},"E100557":{"id":100557,"ref":"E100557","type":"episode","position":25,"title":"Library","description":"Booba is een klein en bijzonder wezentje, altijd klaar om de wereld om hem heen te ontdekken. Hij maakt snel vrienden en samen vinden ze een uitweg uit iedere situatie.","still":"https:\/\/img-opt.cdn.smartvod.com\/smartvod\/images\/videoland\/data\/images\/i\/4\/62c7f229eb467_[format].jpg","runtime":292,"editions":{"hd":{"price":0}},"is_downloadable":true},"E100565":{"id":100565,"ref":"E100565","type":"episode","position":26,"title":"Magic Broomstick","description":"Booba is een klein en bijzonder wezentje, altijd klaar om de wereld om hem heen te ontdekken. Hij maakt snel vrienden en samen vinden ze een uitweg uit iedere situatie.","still":"https:\/\/img-opt.cdn.smartvod.com\/smartvod\/images\/videoland\/data\/images\/x\/u\/62c7f0ed54a17_[format].jpg","runtime":295,"editions":{"hd":{"price":0}},"is_downloadable":true}}}