{"id":500132,"ref":"S500132","type":"series","title":"Hour Of Power","year":2022,"rating":4,"poster":"https:\/\/img-opt.cdn.smartvod.com\/smartvod\/images\/videoland\/data\/images\/r\/r\/5f6378ed91ee7_[format].jpg","still":"https:\/\/img-opt.cdn.smartvod.com\/smartvod\/images\/videoland\/data\/images\/v\/d\/61cc7dec1f3eb_[format].jpg","cast":{"actors":["Jan van den Bosch","Bobby Schuller"]},"genres":[],"refs":["SN2960","SN3155","SN4030","SN4706"],"is_adult":false,"is_kids":false,"is_available":true,"description":"Televisiekerkdienst waarin de positieve boodschap van Gods liefde wordt verkondigd. De voorganger is Bobby Schuller. Presentatie door Jan van den Bosch.","nicam":{"al":"Alle leeftijden"},"language":"nl","language_full":"Nederlands","details":{"SN2960":{"id":2960,"ref":"SN2960","type":"season","title":"18","position":18},"SN3155":{"id":3155,"ref":"SN3155","type":"season","title":"19","position":19,"refs":["E71571","E71965","E71963","E71969","E71967","E71962","E71966","E71970","E71971","E71964","E72980","E72978","E72979","E72981","E72982","E73782","E73853","E74005","E74162","E74166","E74164","E74163","E74165","E74161","E74167","E76307","E76308","E76309","E76311","E76310","E76885","E76883","E76882","E76884","E76879","E78642","E78644","E78645","E78643","E79900","E79888","E79885","E79884","E79883","E79887","E81371","E81375","E81374","E81373","E81372","E81369","E81370","E82522"]},"SN4030":{"id":4030,"ref":"SN4030","type":"season","title":"20","position":20},"SN4706":{"id":4706,"ref":"SN4706","type":"season","title":"21","position":21},"E71571":{"id":71571,"ref":"E71571","type":"episode","position":1,"title":"","description":"Televisiekerkdienst waarin de positieve boodschap van Gods liefde wordt verkondigd. De voorganger is Bobby Schuller. De presentatie is in handen van Jan van den Bosch.","still":"https:\/\/img-opt.cdn.smartvod.com\/smartvod\/images\/videoland\/data\/images\/k\/h\/5e1442c218c49_[format].jpg","runtime":3600,"editions":{"hd":{"price":0}},"is_downloadable":false},"E71965":{"id":71965,"ref":"E71965","type":"episode","position":2,"title":"","description":"Televisiekerkdienst waarin de positieve boodschap van Gods liefde wordt verkondigd. De voorganger is Bobby Schuller. De presentatie is in handen van Jan van den Bosch.","still":"https:\/\/img-opt.cdn.smartvod.com\/smartvod\/images\/videoland\/data\/images\/r\/o\/5e1a18db0d080_[format].jpg","runtime":3600,"editions":{"hd":{"price":0}},"is_downloadable":false},"E71963":{"id":71963,"ref":"E71963","type":"episode","position":3,"title":"","description":"Televisiekerkdienst waarin de positieve boodschap van Gods liefde wordt verkondigd. De voorganger is Bobby Schuller. De presentatie is in handen van Jan van den Bosch.","still":"https:\/\/img-opt.cdn.smartvod.com\/smartvod\/images\/videoland\/data\/images\/q\/c\/5e24aabb8c50f_[format].jpg","runtime":3600,"editions":{"hd":{"price":0}},"is_downloadable":false},"E71969":{"id":71969,"ref":"E71969","type":"episode","position":4,"title":"","description":"Televisiekerkdienst waarin de positieve boodschap van Gods liefde wordt verkondigd. De voorganger is Bobby Schuller. De presentatie is in handen van Jan van den Bosch.","still":"https:\/\/img-opt.cdn.smartvod.com\/smartvod\/images\/videoland\/data\/images\/h\/v\/5e2ae4775a8f0_[format].jpg","runtime":3600,"editions":{"hd":{"price":0}},"is_downloadable":false},"E71967":{"id":71967,"ref":"E71967","type":"episode","position":5,"title":"","description":"Televisiekerkdienst waarin de positieve boodschap van Gods liefde wordt verkondigd. De voorganger is Bobby Schuller. De presentatie is in handen van Jan van den Bosch.","still":"https:\/\/img-opt.cdn.smartvod.com\/smartvod\/images\/videoland\/data\/images\/2\/6\/5e35765f66671_[format].jpg","runtime":3600,"editions":{"hd":{"price":0}},"is_downloadable":false},"E71962":{"id":71962,"ref":"E71962","type":"episode","position":6,"title":"","description":"Televisiekerkdienst waarin de positieve boodschap van Gods liefde wordt verkondigd. De voorganger is Bobby Schuller. De presentatie is in handen van Jan van den Bosch.","still":"https:\/\/img-opt.cdn.smartvod.com\/smartvod\/images\/videoland\/data\/images\/q\/f\/5e4027e658806_[format].jpg","runtime":3600,"editions":{"hd":{"price":0}},"is_downloadable":false},"E71966":{"id":71966,"ref":"E71966","type":"episode","position":7,"title":"","description":"Televisiekerkdienst waarin de positieve boodschap van Gods liefde wordt verkondigd. De voorganger is Bobby Schuller. De presentatie is in handen van Jan van den Bosch.","still":"https:\/\/img-opt.cdn.smartvod.com\/smartvod\/images\/videoland\/data\/images\/c\/1\/5e47eca1098ab_[format].jpg","runtime":3600,"editions":{"hd":{"price":0}},"is_downloadable":false},"E71970":{"id":71970,"ref":"E71970","type":"episode","position":8,"title":"","description":"Televisiekerkdienst waarin de positieve boodschap van Gods liefde wordt verkondigd. De voorganger is Bobby Schuller. De presentatie is in handen van Jan van den Bosch.","still":"https:\/\/img-opt.cdn.smartvod.com\/smartvod\/images\/videoland\/data\/images\/w\/y\/5e5383c19bf7f_[format].jpg","runtime":3600,"editions":{"hd":{"price":0}},"is_downloadable":false},"E71971":{"id":71971,"ref":"E71971","type":"episode","position":9,"title":"","description":"Televisiekerkdienst waarin de positieve boodschap van Gods liefde wordt verkondigd. De voorganger is Bobby Schuller. De presentatie is in handen van Jan van den Bosch.","still":"https:\/\/img-opt.cdn.smartvod.com\/smartvod\/images\/videoland\/data\/images\/z\/e\/5e58cf8e0c3e3_[format].jpg","runtime":3600,"editions":{"hd":{"price":0}},"is_downloadable":false},"E71964":{"id":71964,"ref":"E71964","type":"episode","position":10,"title":"","description":"Televisiekerkdienst waarin de positieve boodschap van Gods liefde wordt verkondigd. De voorganger is Bobby Schuller. De presentatie is in handen van Jan van den Bosch.","still":"https:\/\/img-opt.cdn.smartvod.com\/smartvod\/images\/videoland\/data\/images\/t\/0\/5e635de29d64a_[format].jpg","runtime":3600,"editions":{"hd":{"price":0}},"is_downloadable":false},"E72980":{"id":72980,"ref":"E72980","type":"episode","position":11,"title":"","description":"Televisiekerkdienst waarin de positieve boodschap van Gods liefde wordt verkondigd. De voorganger is Bobby Schuller. De presentatie is in handen van Jan van den Bosch.","still":"https:\/\/img-opt.cdn.smartvod.com\/smartvod\/images\/videoland\/data\/images\/1\/w\/5e6fd291b7bb4_[format].jpg","runtime":3600,"editions":{"hd":{"price":0}},"is_downloadable":false},"E72978":{"id":72978,"ref":"E72978","type":"episode","position":12,"title":"","description":"Televisiekerkdienst waarin de positieve boodschap van Gods liefde wordt verkondigd. De voorganger is Bobby Schuller. De presentatie is in handen van Jan van den Bosch.","still":"https:\/\/img-opt.cdn.smartvod.com\/smartvod\/images\/videoland\/data\/images\/7\/u\/5e74d5c5959aa_[format].jpg","runtime":3600,"editions":{"hd":{"price":0}},"is_downloadable":false},"E72979":{"id":72979,"ref":"E72979","type":"episode","position":13,"title":"","description":"Televisiekerkdienst waarin de positieve boodschap van Gods liefde wordt verkondigd. De voorganger is Bobby Schuller. De presentatie is in handen van Jan van den Bosch.","still":"https:\/\/img-opt.cdn.smartvod.com\/smartvod\/images\/videoland\/data\/images\/m\/f\/5e7e13ca04cd3_[format].jpg","runtime":3600,"editions":{"hd":{"price":0}},"is_downloadable":false},"E72981":{"id":72981,"ref":"E72981","type":"episode","position":14,"title":"","description":"Televisiekerkdienst waarin de positieve boodschap van Gods liefde wordt verkondigd. De voorganger is Bobby Schuller. De presentatie is in handen van Jan van den Bosch.","still":"https:\/\/img-opt.cdn.smartvod.com\/smartvod\/images\/videoland\/data\/images\/c\/j\/5e87209aebc6b_[format].jpg","runtime":3600,"editions":{"hd":{"price":0}},"is_downloadable":false},"E72982":{"id":72982,"ref":"E72982","type":"episode","position":15,"title":"","description":"Televisiekerkdienst waarin de positieve boodschap van Gods liefde wordt verkondigd. De voorganger is Bobby Schuller. De presentatie is in handen van Jan van den Bosch.","still":"https:\/\/img-opt.cdn.smartvod.com\/smartvod\/images\/videoland\/data\/images\/6\/x\/5e90e431ec04d_[format].jpg","runtime":3600,"editions":{"hd":{"price":0}},"is_downloadable":false},"E73782":{"id":73782,"ref":"E73782","type":"episode","position":16,"title":"","description":"Televisiekerkdienst waarin de positieve boodschap van Gods liefde wordt verkondigd. De voorganger is Bobby Schuller. De presentatie is in handen van Jan van den Bosch.","still":"https:\/\/img-opt.cdn.smartvod.com\/smartvod\/images\/videoland\/data\/images\/j\/d\/5e9cc085c16df_[format].jpg","runtime":3600,"editions":{"hd":{"price":0}},"is_downloadable":false},"E73853":{"id":73853,"ref":"E73853","type":"episode","position":17,"title":"","description":"Televisiekerkdienst waarin de positieve boodschap van Gods liefde wordt verkondigd. De voorganger is Bobby Schuller. De presentatie is in handen van Jan van den Bosch.","still":"https:\/\/img-opt.cdn.smartvod.com\/smartvod\/images\/videoland\/data\/images\/y\/h\/5ea2f7f093756_[format].jpg","runtime":3600,"editions":{"hd":{"price":0}},"is_downloadable":false},"E74005":{"id":74005,"ref":"E74005","type":"episode","position":18,"title":"","description":"Televisiekerkdienst waarin de positieve boodschap van Gods liefde wordt verkondigd. De voorganger is Bobby Schuller. De presentatie is in handen van Jan van den Bosch.","still":"https:\/\/img-opt.cdn.smartvod.com\/smartvod\/images\/videoland\/data\/images\/h\/p\/5eb062bb5b8e2_[format].jpg","runtime":3600,"editions":{"hd":{"price":0}},"is_downloadable":false},"E74162":{"id":74162,"ref":"E74162","type":"episode","position":19,"title":"","description":"Televisiekerkdienst waarin de positieve boodschap van Gods liefde wordt verkondigd. De voorganger is Bobby Schuller. De presentatie is in handen van Jan van den Bosch.","still":"https:\/\/img-opt.cdn.smartvod.com\/smartvod\/images\/videoland\/data\/images\/2\/f\/5eb7bb9bd5455_[format].jpg","runtime":3600,"editions":{"hd":{"price":0}},"is_downloadable":false},"E74166":{"id":74166,"ref":"E74166","type":"episode","position":20,"title":"","description":"Televisiekerkdienst waarin de positieve boodschap van Gods liefde wordt verkondigd. De voorganger is Bobby Schuller. De presentatie is in handen van Jan van den Bosch.","still":"https:\/\/img-opt.cdn.smartvod.com\/smartvod\/images\/videoland\/data\/images\/c\/k\/5ec259217ab1e_[format].jpg","runtime":3600,"editions":{"hd":{"price":0}},"is_downloadable":false},"E74164":{"id":74164,"ref":"E74164","type":"episode","position":21,"title":"","description":"Televisiekerkdienst waarin de positieve boodschap van Gods liefde wordt verkondigd. De voorganger is Bobby Schuller. De presentatie is in handen van Jan van den Bosch.","still":"https:\/\/img-opt.cdn.smartvod.com\/smartvod\/images\/videoland\/data\/images\/d\/z\/5efdf7b25493e_[format].jpg","runtime":3600,"editions":{"hd":{"price":0}},"is_downloadable":false},"E74163":{"id":74163,"ref":"E74163","type":"episode","position":22,"title":"","description":"Televisiekerkdienst waarin de positieve boodschap van Gods liefde wordt verkondigd. De voorganger is Bobby Schuller. De presentatie is in handen van Jan van den Bosch.","still":"https:\/\/img-opt.cdn.smartvod.com\/smartvod\/images\/videoland\/data\/images\/2\/q\/5ed0eeca6c64c_[format].jpg","runtime":3600,"editions":{"hd":{"price":0}},"is_downloadable":false},"E74165":{"id":74165,"ref":"E74165","type":"episode","position":23,"title":"","description":"Televisiekerkdienst waarin de positieve boodschap van Gods liefde wordt verkondigd. De voorganger is Bobby Schuller. De presentatie is in handen van Jan van den Bosch.","still":"https:\/\/img-opt.cdn.smartvod.com\/smartvod\/images\/videoland\/data\/images\/2\/l\/5eda2f1f730de_[format].jpg","runtime":3600,"editions":{"hd":{"price":0}},"is_downloadable":false},"E74161":{"id":74161,"ref":"E74161","type":"episode","position":24,"title":"","description":"Televisiekerkdienst waarin de positieve boodschap van Gods liefde wordt verkondigd. De voorganger is Bobby Schuller. De presentatie is in handen van Jan van den Bosch.","still":"https:\/\/img-opt.cdn.smartvod.com\/smartvod\/images\/videoland\/data\/images\/j\/t\/5ee3767bed170_[format].jpg","runtime":3600,"editions":{"hd":{"price":0}},"is_downloadable":false},"E74167":{"id":74167,"ref":"E74167","type":"episode","position":25,"title":"","description":"Televisiekerkdienst waarin de positieve boodschap van Gods liefde wordt verkondigd. De voorganger is Bobby Schuller. De presentatie is in handen van Jan van den Bosch.","still":"https:\/\/img-opt.cdn.smartvod.com\/smartvod\/images\/videoland\/data\/images\/y\/g\/5ef056f6c1ef3_[format].jpg","runtime":3600,"editions":{"hd":{"price":0}},"is_downloadable":false},"E76307":{"id":76307,"ref":"E76307","type":"episode","position":26,"title":"","description":"Televisiekerkdienst waarin de positieve boodschap van Gods liefde wordt verkondigd. De voorganger is Bobby Schuller. De presentatie is in handen van Jan van den Bosch.","still":"https:\/\/img-opt.cdn.smartvod.com\/smartvod\/images\/videoland\/data\/images\/o\/f\/5ef8e53b29ba9_[format].jpg","runtime":3600,"editions":{"hd":{"price":0}},"is_downloadable":false},"E76308":{"id":76308,"ref":"E76308","type":"episode","position":27,"title":"","description":"Televisiekerkdienst waarin de positieve boodschap van Gods liefde wordt verkondigd. De voorganger is Bobby Schuller. De presentatie is in handen van Jan van den Bosch.","still":"https:\/\/img-opt.cdn.smartvod.com\/smartvod\/images\/videoland\/data\/images\/c\/l\/5f01b525c1931_[format].jpg","runtime":3600,"editions":{"hd":{"price":0}},"is_downloadable":false},"E76309":{"id":76309,"ref":"E76309","type":"episode","position":28,"title":"","description":"Televisiekerkdienst waarin de positieve boodschap van Gods liefde wordt verkondigd. De voorganger is Bobby Schuller. De presentatie is in handen van Jan van den Bosch.","still":"https:\/\/img-opt.cdn.smartvod.com\/smartvod\/images\/videoland\/data\/images\/c\/k\/5f0b74069c187_[format].jpg","runtime":3600,"editions":{"hd":{"price":0}},"is_downloadable":false},"E76311":{"id":76311,"ref":"E76311","type":"episode","position":29,"title":"","description":"Televisiekerkdienst waarin de positieve boodschap van Gods liefde wordt verkondigd. De voorganger is Bobby Schuller. De presentatie is in handen van Jan van den Bosch.","still":"https:\/\/img-opt.cdn.smartvod.com\/smartvod\/images\/videoland\/data\/images\/4\/l\/5f0c6b43c11a2_[format].jpg","runtime":3600,"editions":{"hd":{"price":0}},"is_downloadable":false},"E76310":{"id":76310,"ref":"E76310","type":"episode","position":30,"title":"","description":"Televisiekerkdienst waarin de positieve boodschap van Gods liefde wordt verkondigd. De voorganger is Bobby Schuller. De presentatie is in handen van Jan van den Bosch.","still":"https:\/\/img-opt.cdn.smartvod.com\/smartvod\/images\/videoland\/data\/images\/h\/b\/5f1ace808dc1a_[format].jpg","runtime":3600,"editions":{"hd":{"price":0}},"is_downloadable":false},"E76885":{"id":76885,"ref":"E76885","type":"episode","position":31,"title":"","description":"Televisiekerkdienst waarin de positieve boodschap van Gods liefde wordt verkondigd. De voorganger is Bobby Schuller. De presentatie is in handen van Jan van den Bosch.","still":"https:\/\/img-opt.cdn.smartvod.com\/smartvod\/images\/videoland\/data\/images\/r\/4\/5f241e4383708_[format].jpg","runtime":3600,"editions":{"hd":{"price":0}},"is_downloadable":false},"E76883":{"id":76883,"ref":"E76883","type":"episode","position":32,"title":"","description":"Televisiekerkdienst waarin de positieve boodschap van Gods liefde wordt verkondigd. De voorganger is Bobby Schuller. De presentatie is in handen van Jan van den Bosch.","still":"https:\/\/img-opt.cdn.smartvod.com\/smartvod\/images\/videoland\/data\/images\/d\/k\/5f2d6a34e78c6_[format].jpg","runtime":3600,"editions":{"hd":{"price":0}},"is_downloadable":false},"E76882":{"id":76882,"ref":"E76882","type":"episode","position":33,"title":"","description":"Televisiekerkdienst waarin de positieve boodschap van Gods liefde wordt verkondigd. De voorganger is Bobby Schuller. De presentatie is in handen van Jan van den Bosch.","still":"https:\/\/img-opt.cdn.smartvod.com\/smartvod\/images\/videoland\/data\/images\/7\/p\/5f3a2e7931acd_[format].jpg","runtime":3600,"editions":{"hd":{"price":0}},"is_downloadable":false},"E76884":{"id":76884,"ref":"E76884","type":"episode","position":34,"title":"","description":"Televisiekerkdienst waarin de positieve boodschap van Gods liefde wordt verkondigd. De voorganger is Bobby Schuller. De presentatie is in handen van Jan van den Bosch.","still":"https:\/\/img-opt.cdn.smartvod.com\/smartvod\/images\/videoland\/data\/images\/1\/9\/5f3f8742234f9_[format].jpg","runtime":3600,"editions":{"hd":{"price":0}},"is_downloadable":false},"E76879":{"id":76879,"ref":"E76879","type":"episode","position":35,"title":"","description":"Televisiekerkdienst waarin de positieve boodschap van Gods liefde wordt verkondigd. De voorganger is Bobby Schuller. De presentatie is in handen van Jan van den Bosch.","still":"https:\/\/img-opt.cdn.smartvod.com\/smartvod\/images\/videoland\/data\/images\/l\/3\/5f48fc5ea6533_[format].jpg","runtime":3600,"editions":{"hd":{"price":0}},"is_downloadable":false},"E78642":{"id":78642,"ref":"E78642","type":"episode","position":36,"title":"","description":"Televisiekerkdienst waarin de positieve boodschap van Gods liefde wordt verkondigd. De voorganger is Bobby Schuller. De presentatie is in handen van Jan van den Bosch.","still":"https:\/\/img-opt.cdn.smartvod.com\/smartvod\/images\/videoland\/data\/images\/6\/9\/5f5237fb2880e_[format].jpg","runtime":3600,"editions":{"hd":{"price":0}},"is_downloadable":false},"E78644":{"id":78644,"ref":"E78644","type":"episode","position":37,"title":"","description":"Televisiekerkdienst waarin de positieve boodschap van Gods liefde wordt verkondigd. De voorganger is Bobby Schuller. De presentatie is in handen van Jan van den Bosch.","still":"https:\/\/img-opt.cdn.smartvod.com\/smartvod\/images\/videoland\/data\/images\/w\/6\/5f5c84b50d91d_[format].jpg","runtime":3600,"editions":{"hd":{"price":0}},"is_downloadable":false},"E78645":{"id":78645,"ref":"E78645","type":"episode","position":38,"title":"","description":"Televisiekerkdienst waarin de positieve boodschap van Gods liefde wordt verkondigd. De voorganger is Bobby Schuller. De presentatie is in handen van Jan van den Bosch.","still":"https:\/\/img-opt.cdn.smartvod.com\/smartvod\/images\/videoland\/data\/images\/4\/r\/5f650033dbcfd_[format].jpg","runtime":3600,"editions":{"hd":{"price":0}},"is_downloadable":false},"E78643":{"id":78643,"ref":"E78643","type":"episode","position":39,"title":"","description":"Televisiekerkdienst waarin de positieve boodschap van Gods liefde wordt verkondigd. De voorganger is Bobby Schuller. De presentatie is in handen van Jan van den Bosch.","still":"https:\/\/img-opt.cdn.smartvod.com\/smartvod\/images\/videoland\/data\/images\/x\/l\/5f6e3d0d49289_[format].jpg","runtime":3600,"editions":{"hd":{"price":0}},"is_downloadable":false},"E79900":{"id":79900,"ref":"E79900","type":"episode","position":40,"title":"","description":"Televisiekerkdienst waarin de positieve boodschap van Gods liefde wordt verkondigd. De voorganger is Bobby Schuller. De presentatie is in handen van Jan van den Bosch.","still":"https:\/\/img-opt.cdn.smartvod.com\/smartvod\/images\/videoland\/data\/images\/k\/i\/5f7ac5a2439cb_[format].jpg","runtime":3600,"editions":{"hd":{"price":0}},"is_downloadable":false},"E79888":{"id":79888,"ref":"E79888","type":"episode","position":41,"title":"","description":"Televisiekerkdienst waarin de positieve boodschap van Gods liefde wordt verkondigd. De voorganger is Bobby Schuller. De presentatie is in handen van Jan van den Bosch.","still":"https:\/\/img-opt.cdn.smartvod.com\/smartvod\/images\/videoland\/data\/images\/t\/0\/5f840e3379570_[format].jpg","runtime":3600,"editions":{"hd":{"price":0}},"is_downloadable":false},"E79885":{"id":79885,"ref":"E79885","type":"episode","position":42,"title":"","description":"Televisiekerkdienst waarin de positieve boodschap van Gods liefde wordt verkondigd. De voorganger is Bobby Schuller. De presentatie is in handen van Jan van den Bosch.","still":"https:\/\/img-opt.cdn.smartvod.com\/smartvod\/images\/videoland\/data\/images\/t\/z\/5f898da97b456_[format].jpg","runtime":3600,"editions":{"hd":{"price":0}},"is_downloadable":false},"E79884":{"id":79884,"ref":"E79884","type":"episode","position":43,"title":"","description":"Televisiekerkdienst waarin de positieve boodschap van Gods liefde wordt verkondigd. De voorganger is Bobby Schuller. De presentatie is in handen van Jan van den Bosch.","still":"https:\/\/img-opt.cdn.smartvod.com\/smartvod\/images\/videoland\/data\/images\/1\/o\/5f94487cdf930_[format].jpg","runtime":3600,"editions":{"hd":{"price":0}},"is_downloadable":false},"E79883":{"id":79883,"ref":"E79883","type":"episode","position":44,"title":"","description":"Televisiekerkdienst waarin de positieve boodschap van Gods liefde wordt verkondigd. De voorganger is Bobby Schuller. De presentatie is in handen van Jan van den Bosch.","still":"https:\/\/img-opt.cdn.smartvod.com\/smartvod\/images\/videoland\/data\/images\/n\/r\/5f9bcdde85ab0_[format].jpg","runtime":3600,"editions":{"hd":{"price":0}},"is_downloadable":false},"E79887":{"id":79887,"ref":"E79887","type":"episode","position":45,"title":"","description":"Televisiekerkdienst waarin de positieve boodschap van Gods liefde wordt verkondigd. De voorganger is Bobby Schuller. De presentatie is in handen van Jan van den Bosch.","still":"https:\/\/img-opt.cdn.smartvod.com\/smartvod\/images\/videoland\/data\/images\/j\/j\/5fa841610fffe_[format].jpg","runtime":3600,"editions":{"hd":{"price":0}},"is_downloadable":false},"E81371":{"id":81371,"ref":"E81371","type":"episode","position":46,"title":"","description":"Televisiekerkdienst waarin de positieve boodschap van Gods liefde wordt verkondigd. De voorganger is Bobby Schuller. De presentatie is in handen van Jan van den Bosch.","still":"https:\/\/img-opt.cdn.smartvod.com\/smartvod\/images\/videoland\/data\/images\/g\/z\/5faecd3b9964a_[format].jpg","runtime":3600,"editions":{"hd":{"price":0}},"is_downloadable":false},"E81375":{"id":81375,"ref":"E81375","type":"episode","position":47,"title":"","description":"Televisiekerkdienst waarin de positieve boodschap van Gods liefde wordt verkondigd. De voorganger is Bobby Schuller. De presentatie is in handen van Jan van den Bosch.","still":"https:\/\/img-opt.cdn.smartvod.com\/smartvod\/images\/videoland\/data\/images\/p\/k\/5fba53f734ce9_[format].jpg","runtime":3600,"editions":{"hd":{"price":0}},"is_downloadable":false},"E81374":{"id":81374,"ref":"E81374","type":"episode","position":48,"title":"","description":"Televisiekerkdienst waarin de positieve boodschap van Gods liefde wordt verkondigd. De voorganger is Bobby Schuller. De presentatie is in handen van Jan van den Bosch.","still":"https:\/\/img-opt.cdn.smartvod.com\/smartvod\/images\/videoland\/data\/images\/g\/d\/5fc12284cdcf6_[format].jpg","runtime":3600,"editions":{"hd":{"price":0}},"is_downloadable":false},"E81373":{"id":81373,"ref":"E81373","type":"episode","position":49,"title":"","description":"Televisiekerkdienst waarin de positieve boodschap van Gods liefde wordt verkondigd. De voorganger is Bobby Schuller. De presentatie is in handen van Jan van den Bosch.","still":"https:\/\/img-opt.cdn.smartvod.com\/smartvod\/images\/videoland\/data\/images\/r\/1\/5fcde6e17c03e_[format].jpg","runtime":3600,"editions":{"hd":{"price":0}},"is_downloadable":false},"E81372":{"id":81372,"ref":"E81372","type":"episode","position":50,"title":"","description":"Televisiekerkdienst waarin de positieve boodschap van Gods liefde wordt verkondigd. De voorganger is Bobby Schuller. De presentatie is in handen van Jan van den Bosch.","still":"https:\/\/img-opt.cdn.smartvod.com\/smartvod\/images\/videoland\/data\/images\/p\/d\/5fd36eadbacde_[format].jpg","runtime":3600,"editions":{"hd":{"price":0}},"is_downloadable":false},"E81369":{"id":81369,"ref":"E81369","type":"episode","position":51,"title":"","description":"Televisiekerkdienst waarin de positieve boodschap van Gods liefde wordt verkondigd. De voorganger is Bobby Schuller. De presentatie is in handen van Jan van den Bosch.","still":"https:\/\/img-opt.cdn.smartvod.com\/smartvod\/images\/videoland\/data\/images\/1\/1\/5fe0c1d585143_[format].jpg","runtime":3600,"editions":{"hd":{"price":0}},"is_downloadable":false},"E81370":{"id":81370,"ref":"E81370","type":"episode","position":52,"title":"","description":"Televisiekerkdienst waarin de positieve boodschap van Gods liefde wordt verkondigd. De voorganger is Bobby Schuller. De presentatie is in handen van Jan van den Bosch.","still":"https:\/\/img-opt.cdn.smartvod.com\/smartvod\/images\/videoland\/data\/images\/n\/s\/5fe355a0233ac_[format].jpg","runtime":3600,"editions":{"hd":{"price":0}},"is_downloadable":false},"E82522":{"id":82522,"ref":"E82522","type":"episode","position":53,"title":"","description":"Televisiekerkdienst waarin de positieve boodschap van Gods liefde wordt verkondigd. De voorganger is Bobby Schuller. De presentatie is in handen van Jan van den Bosch.","still":"https:\/\/img-opt.cdn.smartvod.com\/smartvod\/images\/videoland\/data\/images\/z\/5\/5fe9dddac4eb5_[format].jpg","runtime":3600,"editions":{"hd":{"price":0}},"is_downloadable":false}}}