{"id":500790,"ref":"S500790","type":"series","title":"Dutchie in Dubai","year":2019,"rating":4,"poster":"https:\/\/img-opt.cdn.smartvod.com\/smartvod\/images\/videoland\/data\/images\/n\/c\/619cd89b7177b_[format].jpg","still":"https:\/\/img-opt.cdn.smartvod.com\/smartvod\/images\/videoland\/data\/images\/6\/0\/61e6e1b730345_[format].jpg","cast":{"actors":["Merel Trip"]},"genres":["Reality"],"refs":["SN4621","SN4755"],"is_adult":false,"is_kids":false,"is_available":true,"description":"De 39-jarige Merel Trip uit Amsterdam leidt al acht jaar een droomleven in Dubai. In Nederland was ze Playboy-model en werkte ze in een winkel. In Dubai runt ze als ondernemer haar eigen vipservicebedrijf INVIP en voorziet ze sterren van alle dingen die zij nodig hebben. Merel geeft een inkijkje in haar jetsetleven.","nicam":{"al":"Alle leeftijden","taalgebruik":"Grof Taalgebruik"},"language":"nl","language_full":"Nederlands","details":{"SN4621":{"id":4621,"ref":"SN4621","type":"season","title":"1","position":1},"SN4755":{"id":4755,"ref":"SN4755","type":"season","title":"2","position":2,"refs":["E94807","E94811","E94808","E94805","E94806","E94810","E94804","E94809"]},"E94807":{"id":94807,"ref":"E94807","type":"episode","position":1,"title":"","description":"Merel brengt haar tijd door op Ibiza en laat een andere kant van zichzelf zien. Daarnaast is ze druk bezig om een benefietavond te organiseren voor haar allerbeste jeugdvriendin, Sanne, die de ziekte van Lyme heeft.","still":"https:\/\/img-opt.cdn.smartvod.com\/smartvod\/images\/videoland\/data\/images\/6\/0\/61e6e1b730345_[format].jpg","runtime":469,"editions":{"hd":{"price":0}},"is_downloadable":true},"E94811":{"id":94811,"ref":"E94811","type":"episode","position":2,"title":"","description":"Merel gaat op Ibiza naar een strandfestival. Verder vertelt ze van alles over haar werk. Zo krijgt via Instagram veel berichten van vrouwen die graag voor haar willen werken. Tegelijkertijd kijkt ze ook zelf goed om zich heen of er nog geschikte dames rondlopen voor haar bedrijf.","still":"https:\/\/img-opt.cdn.smartvod.com\/smartvod\/images\/videoland\/data\/images\/9\/y\/61e6e1be52b4a_[format].jpg","runtime":484,"editions":{"hd":{"price":0}},"is_downloadable":true},"E94808":{"id":94808,"ref":"E94808","type":"episode","position":3,"title":"","description":"Merel werkt aan haar Instagram \u00e9n haar gezondheid. Zo hopt ze van een shoot naar een vitamine-infuus. De collaborations blijven binnenstromen bij Merel, die inmiddels een volwaardige influencer is.","still":"https:\/\/img-opt.cdn.smartvod.com\/smartvod\/images\/videoland\/data\/images\/v\/w\/61e6e1ba2cb90_[format].jpg","runtime":448,"editions":{"hd":{"price":0}},"is_downloadable":true},"E94805":{"id":94805,"ref":"E94805","type":"episode","position":4,"title":"","description":"Onderweg naar een club op Ibiza ziet Merel een tafel vol namaakriemen en grijpt haar kans: ze en neemt er een mee voor een tientje. Na de avond in de club gaat ze samen met een vriendin naar een organic farm.","still":"https:\/\/img-opt.cdn.smartvod.com\/smartvod\/images\/videoland\/data\/images\/2\/s\/61e6e2da84706_[format].jpg","runtime":468,"editions":{"hd":{"price":0}},"is_downloadable":true},"E94806":{"id":94806,"ref":"E94806","type":"episode","position":5,"title":"","description":"Merel is terug in Nederland, waar ze een emotioneel bezoek brengt aan haar vriendin Sanne. Zij ligt door de ziekte van Lyme hele dagen op bed. Het is moeilijk voor Merel om haar vriendin zo te zien. Weggaan is dan ook erg lastig.","still":"https:\/\/img-opt.cdn.smartvod.com\/smartvod\/images\/videoland\/data\/images\/k\/9\/61e6e1c000bb1_[format].jpg","runtime":556,"editions":{"hd":{"price":0}},"is_downloadable":true},"E94810":{"id":94810,"ref":"E94810","type":"episode","position":6,"title":"","description":"We maken kennis met de familie van Merel. Ze vertelt over haar ouders, de gezinssituatie tijdens haar jeugd en hoe ze Playboy-model werd. Merels moeder was zeventien toen ze haar kreeg. Haar Molukse vader was al voor de geboorte overleden.","still":"https:\/\/img-opt.cdn.smartvod.com\/smartvod\/images\/videoland\/data\/images\/h\/h\/61e6e1bb7644b_[format].jpg","runtime":572,"editions":{"hd":{"price":0}},"is_downloadable":true},"E94804":{"id":94804,"ref":"E94804","type":"episode","position":7,"title":"","description":"Merel regelt de laatste zaken voor de benefietavond die ze organiseert voor haar vriendin Sanne, die de ziekte van Lyme heeft. Ze bekijkt het caf\u00e9 in Amsterdam waar de avond gaat plaatsvinden en haalt de eerste veilingstukken op, waarmee het geld zal worden ingezameld.","still":"https:\/\/img-opt.cdn.smartvod.com\/smartvod\/images\/videoland\/data\/images\/r\/s\/61e6e1b8b4569_[format].jpg","runtime":566,"editions":{"hd":{"price":0}},"is_downloadable":true},"E94809":{"id":94809,"ref":"E94809","type":"episode","position":8,"title":"","description":"Het is eindelijk tijd voor de benefietavond voor Sanne. Samen met MayDay zet Merel alles op alles om een zo groot mogelijk bedrag op te halen voor hun zieke vriendin. Ze is bloednerveus voor het eindresultaat.","still":"https:\/\/img-opt.cdn.smartvod.com\/smartvod\/images\/videoland\/data\/images\/t\/7\/61e6e1afd7191_[format].jpg","runtime":558,"editions":{"hd":{"price":0}},"is_downloadable":true}}}