{"id":500106,"ref":"S500106","type":"series","title":"New Amsterdam","year":2020,"rating":4,"poster":"https:\/\/img-opt.cdn.smartvod.com\/smartvod\/images\/videoland\/data\/images\/y\/s\/629728f200281_[format].jpg","still":"https:\/\/img-opt.cdn.smartvod.com\/smartvod\/images\/videoland\/data\/images\/s\/m\/61e53f813bfb6_[format].jpg","cast":{"actors":["Ryan Eggold","Freema Agyeman","Janet Montgomery"]},"genres":["Drama"],"refs":["SN2919","SN3586","SN4527","SN5018"],"is_adult":false,"is_kids":false,"is_available":true,"description":"De charmante dokter Max Goodwin is de nieuwe medisch directeur van het oudste overheidsziekenhuis in Amerika. Hij is vastbesloten de bureaucratische werkwijze in het ziekenhuis overhoop te gooien om de pati\u00ebnten uitzonderlijke zorg te verlenen.","directors":["Kate Dennis"],"nicam":{"12":"Mogelijk schadelijk tot 12 jaar","geweld":"Geweld","angst":"Angst"},"language":"en","language_full":"Engels","details":{"SN2919":{"id":2919,"ref":"SN2919","type":"season","title":"1","position":1},"SN3586":{"id":3586,"ref":"SN3586","type":"season","title":"2","position":2,"refs":["E76552","E76553","E76550","E76547","E76543","E76549","E76561","E76545","E76559","E76555","E76551","E76554","E76560","E76564","E76556","E76557","E76563","E76544"]},"SN4527":{"id":4527,"ref":"SN4527","type":"season","title":"3","position":3},"SN5018":{"id":5018,"ref":"SN5018","type":"season","title":"4","position":4},"E76552":{"id":76552,"ref":"E76552","type":"episode","position":1,"title":"Your Turn","description":"Max probeert zijn leven weer op orde te krijgen, drie maanden na de geboorte van zijn dochter. Kapoor worstelt met de stigma's van ouder worden. Reynolds krijgt te maken met een onbetrouwbare nieuwe stagiair.","still":"https:\/\/img-opt.cdn.smartvod.com\/smartvod\/images\/videoland\/data\/images\/4\/5\/5f32b603b9f2e_[format].jpg","runtime":2475,"editions":{"hd":{"price":0}},"is_downloadable":true},"E76553":{"id":76553,"ref":"E76553","type":"episode","position":2,"title":"The Big Picture","description":"Max inventariseert het hele ziekenhuispersoneel om iedereen beter te leren kennen. Dokter Castro breidt haar behandelingsplan uit, zodat meer pati\u00ebnten er gebruik van kunnen maken.","still":"https:\/\/img-opt.cdn.smartvod.com\/smartvod\/images\/videoland\/data\/images\/g\/n\/5f32b5fdeb265_[format].jpg","runtime":2472,"editions":{"hd":{"price":0}},"is_downloadable":true},"E76550":{"id":76550,"ref":"E76550","type":"episode","position":3,"title":"Replacement","description":"Max neemt een gok met een nieuwe assistent en gaat de strijd aan met het bestuur over een nieuw plan. Iggy probeert uit te vinden wat de oorzaak is van een ziekte op zijn unit en Kapoor krijgt schokkend nieuws.","still":"https:\/\/img-opt.cdn.smartvod.com\/smartvod\/images\/videoland\/data\/images\/p\/2\/5f32b5f8e350d_[format].jpg","runtime":2475,"editions":{"hd":{"price":0}},"is_downloadable":true},"E76547":{"id":76547,"ref":"E76547","type":"episode","position":4,"title":"The Denominator","description":"Als Iggy en Kapoor ontdekken dat een pati\u00ebnt mogelijk een loodvergiftiging heeft, richten ze zich op het stadsbestuur. Max' ongevraagde pogingen een pati\u00ebnt te helpen, keren zich tegen hem.","still":"https:\/\/img-opt.cdn.smartvod.com\/smartvod\/images\/videoland\/data\/images\/y\/p\/5f32b5f6c7240_[format].jpg","runtime":2473,"editions":{"hd":{"price":0}},"is_downloadable":true},"E76543":{"id":76543,"ref":"E76543","type":"episode","position":5,"title":"The Karman Line","description":"Sharpe raakt persoonlijk betrokken bij een zaak. Ze werkt samen met Max om de situatie op te lossen voor de pati\u00ebnt. Iggy en Bloom moeten een moeilijke beslissing nemen.","still":"https:\/\/img-opt.cdn.smartvod.com\/smartvod\/images\/videoland\/data\/images\/8\/0\/5f32b4cb04d5c_[format].jpg","runtime":2473,"editions":{"hd":{"price":0}},"is_downloadable":true},"E76549":{"id":76549,"ref":"E76549","type":"episode","position":6,"title":"Righteous Right Hand","description":"Een groepje vrouwen dat op retraite was, belandt op de spoedeisende hulp. Max krijgt informatie die een van hen in gevaar kan brengen. Sharpe en Kapoor werken samen om twee ruzi\u00ebnde zussen met elkaar te verzoenen.","still":"https:\/\/img-opt.cdn.smartvod.com\/smartvod\/images\/videoland\/data\/images\/y\/q\/5f32b850b3bf0_[format].jpg","runtime":2474,"editions":{"hd":{"price":0}},"is_downloadable":true},"E76561":{"id":76561,"ref":"E76561","type":"episode","position":7,"title":"Good Soldiers","description":"Kapoor verwijst een pati\u00ebnt naar de PTSS-groep van Iggy. Een creatief behandelplan veroorzaakt onrust. Sharpe ontdekt een geheim over een pati\u00ebnt, dat Max en het bestuur in de problemen kan brengen.","still":"https:\/\/img-opt.cdn.smartvod.com\/smartvod\/images\/videoland\/data\/images\/z\/7\/5f32b727c90e9_[format].jpg","runtime":2475,"editions":{"hd":{"price":0}},"is_downloadable":true},"E76545":{"id":76545,"ref":"E76545","type":"episode","position":8,"title":"What The Heart Wants","description":"Sharpe belandt in een lastige situatie als ze een afwijkende mening heeft over een pati\u00ebnt. Max moet zijn verdriet onder ogen zien en Bloom neemt een belangrijke stap in haar herstel.","still":"https:\/\/img-opt.cdn.smartvod.com\/smartvod\/images\/videoland\/data\/images\/c\/3\/5f32b4d024c83_[format].jpg","runtime":2470,"editions":{"hd":{"price":0}},"is_downloadable":true},"E76559":{"id":76559,"ref":"E76559","type":"episode","position":9,"title":"The Island","description":"Het ziekenhuis behandelt een gevangene. Om te voorkomen dat meerdere gevangenen ziek worden, brengen de artsen een bezoekje aan de bron: de gevangenis Rikers Island. Reynolds krijgt nieuws dat zijn leven kan veranderen.","still":"https:\/\/img-opt.cdn.smartvod.com\/smartvod\/images\/videoland\/data\/images\/o\/6\/5f32b725aa16c_[format].jpg","runtime":2472,"editions":{"hd":{"price":0}},"is_downloadable":true},"E76555":{"id":76555,"ref":"E76555","type":"episode","position":10,"title":"Code Silver","description":"Nadat de gevangen uit hun kamer ontsnapten, is het ziekenhuis hermetisch afgesloten. Helen en Max komen in een levensgevaarlijke situatie terecht. Bloom moet haar pijn verbijten om een pati\u00ebnt te helpen.","still":"https:\/\/img-opt.cdn.smartvod.com\/smartvod\/images\/videoland\/data\/images\/p\/7\/5f32b601da04f_[format].jpg","runtime":2477,"editions":{"hd":{"price":0}},"is_downloadable":true},"E76551":{"id":76551,"ref":"E76551","type":"episode","position":11,"title":"Hiding Behind Smile","description":"Max heeft het niet makkelijk als alleenstaande vader, maar maakt samen met Luna vrienden op een onverwachte plek. Kapoor neemt een belangrijke stap om zijn familie te helpen.","still":"https:\/\/img-opt.cdn.smartvod.com\/smartvod\/images\/videoland\/data\/images\/t\/r\/5f32b5fade167_[format].jpg","runtime":2450,"editions":{"hd":{"price":0}},"is_downloadable":true},"E76554":{"id":76554,"ref":"E76554","type":"episode","position":12,"title":"14 Years, 2 Months, 8 Days","description":"Max en Reynolds behandelen een jonge pati\u00ebnt die een hartaanval lijkt te hebben gehad. Sharpe wordt zich bewust van iets dat haar carri\u00e8re zal be\u00efnvloeden.","still":"https:\/\/img-opt.cdn.smartvod.com\/smartvod\/images\/videoland\/data\/images\/j\/x\/5f32b5ffd8853_[format].jpg","runtime":2476,"editions":{"hd":{"price":0}},"is_downloadable":true},"E76560":{"id":76560,"ref":"E76560","type":"episode","position":13,"title":"In The Graveyard","description":"De dokters laten zich door niets of niemand tegenhouden om hun pati\u00ebnten te helpen. Reynolds moet een belangrijke beslissing nemen over zijn carri\u00e8re.","still":"https:\/\/img-opt.cdn.smartvod.com\/smartvod\/images\/videoland\/data\/images\/h\/v\/5f32b985c45df_[format].jpg","runtime":2467,"editions":{"hd":{"price":0}},"is_downloadable":true},"E76564":{"id":76564,"ref":"E76564","type":"episode","position":14,"title":"Sabbath","description":"Max moet haast maken om het budget aan te passen, zodat zijn personeel gewoon betaald kan worden. Kapoor maakt kennis met een apparaat dat de toekomst heeft in de geneeskunde. Iggy gaat tegen de bestaande protocollen in om een diagnose te bewijzen. Bloom krijgt een onverwacht bezoek.","still":"https:\/\/img-opt.cdn.smartvod.com\/smartvod\/images\/videoland\/data\/images\/y\/6\/5f32b60794d1b_[format].jpg","runtime":2448,"editions":{"hd":{"price":0}},"is_downloadable":true},"E76556":{"id":76556,"ref":"E76556","type":"episode","position":15,"title":"Double Blind","description":"Max sluit de spoedeisende hulp en wil een grote verandering doorvoeren, om de epidemie rond zware pijnstillers een halt toe te roepen. Sharpe gaat heel ver om haar punt te maken.","still":"https:\/\/img-opt.cdn.smartvod.com\/smartvod\/images\/videoland\/data\/images\/q\/i\/5f32b605c5879_[format].jpg","runtime":2474,"editions":{"hd":{"price":0}},"is_downloadable":true},"E76557":{"id":76557,"ref":"E76557","type":"episode","position":16,"title":"Perspectives","description":"Max, Bloom en Reynolds bijten zich vast in het verleden van een pati\u00ebnt, met het risico aangeklaagd te worden. Iggy confronteert een school met haar onderwijsbeleid. Kapoor laat zich leiden door bijgeloof.","still":"https:\/\/img-opt.cdn.smartvod.com\/smartvod\/images\/videoland\/data\/images\/q\/f\/5f32b84ea3126_[format].jpg","runtime":2475,"editions":{"hd":{"price":0}},"is_downloadable":true},"E76563":{"id":76563,"ref":"E76563","type":"episode","position":17,"title":"Liftoff","description":"Max verdiept zich in crowdfunding. Reynolds loopt zijn laatste rondes in het ziekenhuis. Kapoor steunt een oud-piloot met het accepteren van zijn dwarslaesie.","still":"https:\/\/img-opt.cdn.smartvod.com\/smartvod\/images\/videoland\/data\/images\/j\/5\/5f32b72382c54_[format].jpg","runtime":2473,"editions":{"hd":{"price":0}},"is_downloadable":true},"E76544":{"id":76544,"ref":"E76544","type":"episode","position":18,"title":"A Matter Of Seconds","description":"In het ziekenhuis vertonen meerdere pati\u00ebnten dezelfde alarmerende symptomen. Sharpe en Bloom proberen uit te vinden wat er aan de hand is. Max ontmoet een kind met een zeldzame aandoening en probeert hem in een medisch onderzoek te betrekken. Iggy probeert de lieve vrede te bewaren bij een gescheiden stel.","still":"https:\/\/img-opt.cdn.smartvod.com\/smartvod\/images\/videoland\/data\/images\/c\/l\/5f32b4cd21455_[format].jpg","runtime":3125,"editions":{"hd":{"price":0}},"is_downloadable":true}}}