{"id":500245,"ref":"S500245","type":"series","title":"RTL GP Magazine","year":2022,"rating":4,"poster":"https:\/\/img-opt.cdn.smartvod.com\/smartvod\/images\/videoland\/data\/images\/k\/c\/63296a97195ab_[format].jpg","still":"https:\/\/img-opt.cdn.smartvod.com\/smartvod\/images\/videoland\/data\/images\/d\/i\/6349722452f29_[format].jpg","cast":{},"genres":["Informatief"],"refs":["SN3146","SN3939","SN4738","SN5215"],"is_adult":false,"is_kids":false,"is_available":true,"description":"Autosportprogramma met markante mannen, spectaculaire auto's en snelle motoren. Ga mee op bezoek bij beroemde autocoureurs en stap in zeldzame racewagens. Pure passie voor topsnelheid; riemen vast voor een fascinerende reis door de racewereld!","nicam":{"al":"Alle leeftijden"},"language":"nl","language_full":"Nederlands","details":{"SN3146":{"id":3146,"ref":"SN3146","type":"season","title":"4","position":4},"SN3939":{"id":3939,"ref":"SN3939","type":"season","title":"5","position":5,"refs":["E82471","E82476","E82469","E82475","E82478","E82472","E82470","E82477","E82474","E82473"]},"SN4738":{"id":4738,"ref":"SN4738","type":"season","title":"6","position":6},"SN5215":{"id":5215,"ref":"SN5215","type":"season","title":"7","position":7},"E82471":{"id":82471,"ref":"E82471","type":"episode","position":1,"title":"","description":"Markante mannen, spectaculaire auto's en snelle motoren passeren de revue. Ga mee op bezoek bij beroemde autocoureurs en stap in zeldzame racewagens. Pure passie voor topsnelheid; riemen vast voor een fascinerende reis door de racewereld!","still":"https:\/\/img-opt.cdn.smartvod.com\/smartvod\/images\/videoland\/data\/images\/d\/1\/5ff42265095d8_[format].jpg","runtime":2580,"editions":{"hd":{"price":0}},"is_downloadable":false},"E82476":{"id":82476,"ref":"E82476","type":"episode","position":2,"title":"","description":"Markante mannen, spectaculaire auto's en snelle motoren passeren de revue. Ga mee op bezoek bij beroemde autocoureurs en stap in zeldzame racewagens. Pure passie voor topsnelheid; riemen vast voor een fascinerende reis door de racewereld!","still":"https:\/\/img-opt.cdn.smartvod.com\/smartvod\/images\/videoland\/data\/images\/r\/s\/5ff425e2ce68d_[format].jpg","runtime":2580,"editions":{"hd":{"price":0}},"is_downloadable":false},"E82469":{"id":82469,"ref":"E82469","type":"episode","position":3,"title":"","description":"Markante mannen, spectaculaire auto's en snelle motoren passeren de revue. Ga mee op bezoek bij beroemde autocoureurs en stap in zeldzame racewagens. Pure passie voor topsnelheid; riemen vast voor een fascinerende reis door de racewereld!","still":"https:\/\/img-opt.cdn.smartvod.com\/smartvod\/images\/videoland\/data\/images\/e\/0\/5ff423965e1e9_[format].jpg","runtime":2580,"editions":{"hd":{"price":0}},"is_downloadable":false},"E82475":{"id":82475,"ref":"E82475","type":"episode","position":4,"title":"","description":"Markante mannen, spectaculaire auto's en snelle motoren passeren de revue. Ga mee op bezoek bij beroemde autocoureurs en stap in zeldzame racewagens. Pure passie voor topsnelheid; riemen vast voor een fascinerende reis door de racewereld!","still":"https:\/\/img-opt.cdn.smartvod.com\/smartvod\/images\/videoland\/data\/images\/n\/e\/5ff837b48d75b_[format].jpg","runtime":2580,"editions":{"hd":{"price":0}},"is_downloadable":false},"E82478":{"id":82478,"ref":"E82478","type":"episode","position":5,"title":"","description":"Markante mannen, spectaculaire auto's en snelle motoren passeren de revue. Ga mee op bezoek bij beroemde autocoureurs en stap in zeldzame racewagens. Pure passie voor topsnelheid; riemen vast voor een fascinerende reis door de racewereld!","still":"https:\/\/img-opt.cdn.smartvod.com\/smartvod\/images\/videoland\/data\/images\/l\/0\/600ada69e4279_[format].jpg","runtime":2640,"editions":{"hd":{"price":0}},"is_downloadable":false},"E82472":{"id":82472,"ref":"E82472","type":"episode","position":6,"title":"","description":"Markante mannen, spectaculaire auto's en snelle motoren passeren de revue. Ga mee op bezoek bij beroemde autocoureurs en stap in zeldzame racewagens. Pure passie voor topsnelheid; riemen vast voor een fascinerende reis door de racewereld!","still":"https:\/\/img-opt.cdn.smartvod.com\/smartvod\/images\/videoland\/data\/images\/r\/f\/60142680cf205_[format].jpg","runtime":2340,"editions":{"hd":{"price":0}},"is_downloadable":false},"E82470":{"id":82470,"ref":"E82470","type":"episode","position":7,"title":"","description":"Markante mannen, spectaculaire auto's en snelle motoren passeren de revue. Ga mee op bezoek bij beroemde autocoureurs en stap in zeldzame racewagens. Pure passie voor topsnelheid; riemen vast voor een fascinerende reis door de racewereld!","still":"https:\/\/img-opt.cdn.smartvod.com\/smartvod\/images\/videoland\/data\/images\/z\/j\/601ab497402eb_[format].jpg","runtime":2580,"editions":{"hd":{"price":0}},"is_downloadable":false},"E82477":{"id":82477,"ref":"E82477","type":"episode","position":8,"title":"","description":"Markante mannen, spectaculaire auto's en snelle motoren passeren de revue. Ga mee op bezoek bij beroemde autocoureurs en stap in zeldzame racewagens. Pure passie voor topsnelheid; riemen vast voor een fascinerende reis door de racewereld!","still":"https:\/\/img-opt.cdn.smartvod.com\/smartvod\/images\/videoland\/data\/images\/m\/b\/60267f5e78a98_[format].jpg","runtime":2580,"editions":{"hd":{"price":0}},"is_downloadable":false},"E82474":{"id":82474,"ref":"E82474","type":"episode","position":9,"title":"","description":"Markante mannen, spectaculaire auto's en snelle motoren passeren de revue. Ga mee op bezoek bij beroemde autocoureurs en stap in zeldzame racewagens. Pure passie voor topsnelheid; riemen vast voor een fascinerende reis door de racewereld!","still":"https:\/\/img-opt.cdn.smartvod.com\/smartvod\/images\/videoland\/data\/images\/r\/w\/602a4637e9996_[format].jpg","runtime":2580,"editions":{"hd":{"price":0}},"is_downloadable":false},"E82473":{"id":82473,"ref":"E82473","type":"episode","position":10,"title":"","description":"Markante mannen, spectaculaire auto's en snelle motoren passeren de revue. Ga mee op bezoek bij beroemde autocoureurs en stap in zeldzame racewagens. Pure passie voor topsnelheid; riemen vast voor een fascinerende reis door de racewereld!","still":"https:\/\/img-opt.cdn.smartvod.com\/smartvod\/images\/videoland\/data\/images\/p\/7\/602a94b7d70f2_[format].jpg","runtime":2580,"editions":{"hd":{"price":0}},"is_downloadable":false}}}