{"id":500175,"ref":"S500175","type":"series","title":"H3L","year":2022,"rating":4,"poster":"https:\/\/img-opt.cdn.smartvod.com\/smartvod\/images\/videoland\/data\/images\/g\/e\/6252fe123100c_[format].jpg","still":"https:\/\/img-opt.cdn.smartvod.com\/smartvod\/images\/videoland\/data\/images\/e\/b\/621bb7373be57_[format].jpg","cast":{"actors":["Romy van de Put","Levy Jansen","Hamza Othman","Davey Driessen","Serah Meijboom","Kymora Sade","Mathil Weich","Jean Salazar Tavera"]},"genres":["Drama","Familie"],"refs":["SN3033","SN3344","SN4134","SN4752"],"is_adult":false,"is_kids":false,"is_available":true,"description":"Twee nieuwe scholieren, Zaka en Joey, waren te lastig op hun oude school en worden overgeplaatst naar H3L, maar ook hier zorgen ze voor problemen als ze al snel botsen met Dylan. Christina wil juist intiemer worden met Dylan en vindt de nieuwe jongens daarom niks. Quinty vindt Zaka en Joey wel tof, maar dat zet haar vriendschap met Christina op scherp.","nicam":{"12":"Mogelijk schadelijk tot 12 jaar","angst":"Angst","seks":"Seks","taalgebruik":"Grof Taalgebruik","discriminatie":"Discriminatie","drugs":"Drugs en\/of alcohol gebruik"},"language":"nl","language_full":"Nederlands","details":{"SN3033":{"id":3033,"ref":"SN3033","type":"season","title":"1","position":1},"SN3344":{"id":3344,"ref":"SN3344","type":"season","title":"2","position":2},"SN4134":{"id":4134,"ref":"SN4134","type":"season","title":"3","position":3,"refs":["E85173","E85192","E85209","E85211","E85213","E85172","E85170","E85204","E85210","E85207","E85517","E85514","E85516","E85510","E85512","E85518","E85511","E85509","E85515","E85513","E85522","E85521","E85527","E85523","E85524","E85520","E85528","E85525","E85519","E85526"]},"SN4752":{"id":4752,"ref":"SN4752","type":"season","title":"4","position":4},"E85173":{"id":85173,"ref":"E85173","type":"episode","position":1,"title":"Ik Ken Jouw Soort","description":"Quinty gaat bij haar vader wonen, maar zoals wel vaker in haar leven brengen haar oplossingen en enthousiasme haar in de problemen. Ondertussen heeft Ollie een \"stringy situation\".","still":"https:\/\/img-opt.cdn.smartvod.com\/smartvod\/images\/videoland\/data\/images\/5\/e\/605e0f9552680_[format].jpg","runtime":804,"editions":{"hd":{"price":0}},"is_downloadable":true},"E85192":{"id":85192,"ref":"E85192","type":"episode","position":2,"title":"Bitchslap","description":"Quinty heeft een confronterende eerste schooldag vol nare verrassingen en nieuwe mensen. Dit lijkt een hels jaar te worden...","still":"https:\/\/img-opt.cdn.smartvod.com\/smartvod\/images\/videoland\/data\/images\/m\/n\/6061dc3b880aa_[format].jpg","runtime":776,"editions":{"hd":{"price":0}},"is_downloadable":true},"E85209":{"id":85209,"ref":"E85209","type":"episode","position":3,"title":"Mi Casa, Su Casa","description":"Christina komt erachter dat Ollie alles probeert om Quinty weg te houden van een huisfeest bij hen thuis.","still":"https:\/\/img-opt.cdn.smartvod.com\/smartvod\/images\/videoland\/data\/images\/7\/5\/60633018cc7f5_[format].jpg","runtime":833,"editions":{"hd":{"price":0}},"is_downloadable":true},"E85211":{"id":85211,"ref":"E85211","type":"episode","position":4,"title":"Party Crashen","description":"Faiz wordt uitgenodigd voor het huisfeest, met heftige gevolgen.","still":"https:\/\/img-opt.cdn.smartvod.com\/smartvod\/images\/videoland\/data\/images\/j\/e\/6063301ba8d0c_[format].jpg","runtime":681,"editions":{"hd":{"price":0}},"is_downloadable":true},"E85213":{"id":85213,"ref":"E85213","type":"episode","position":5,"title":"Tong Me Dan!","description":"Op het feestje van Ollie en Quinty loopt het door meerdere oorzaken flink uit de hand.","still":"https:\/\/img-opt.cdn.smartvod.com\/smartvod\/images\/videoland\/data\/images\/r\/3\/6064705f02f79_[format].jpg","runtime":894,"editions":{"hd":{"price":0}},"is_downloadable":true},"E85172":{"id":85172,"ref":"E85172","type":"episode","position":6,"title":"De Pornoschrijfster","description":"Quinty worstelt met de gevolgen van het feestje. Maar daarin blijkt ze niet alleen te staan: ook Christina komt dik in de problemen.","still":"https:\/\/img-opt.cdn.smartvod.com\/smartvod\/images\/videoland\/data\/images\/x\/n\/60680c9c5211f_[format].jpg","runtime":721,"editions":{"hd":{"price":0}},"is_downloadable":true},"E85170":{"id":85170,"ref":"E85170","type":"episode","position":7,"title":"Sorry, Is Niet Genoeg","description":"Quinty vindt Roos wel een coole chick, maar merkt dat dit niet wederzijds is.","still":"https:\/\/img-opt.cdn.smartvod.com\/smartvod\/images\/videoland\/data\/images\/e\/6\/60680dc463eb7_[format].jpg","runtime":861,"editions":{"hd":{"price":0}},"is_downloadable":true},"E85204":{"id":85204,"ref":"E85204","type":"episode","position":8,"title":"Seksverhalen","description":"Christina krijgt een idee hoe ze onder het gezag van haar moeder uit kan komen en dichterbij Dylan.","still":"https:\/\/img-opt.cdn.smartvod.com\/smartvod\/images\/videoland\/data\/images\/5\/7\/606809151491f_[format].jpg","runtime":778,"editions":{"hd":{"price":0}},"is_downloadable":true},"E85210":{"id":85210,"ref":"E85210","type":"episode","position":9,"title":"Fucking Vreemdgaan","description":"Christina krijgt het bewijs te zien dat Quinty niet heeft gelogen over haar moeder, maar of dat alles goedmaakt...","still":"https:\/\/img-opt.cdn.smartvod.com\/smartvod\/images\/videoland\/data\/images\/z\/m\/606809190ed2e_[format].jpg","runtime":777,"editions":{"hd":{"price":0}},"is_downloadable":true},"E85207":{"id":85207,"ref":"E85207","type":"episode","position":10,"title":"Suckerpunch","description":"Dylan krijgt ruzie met Quinty en zoals altijd met Quinty, eindigt dat niet zonder slag of stoot.","still":"https:\/\/img-opt.cdn.smartvod.com\/smartvod\/images\/videoland\/data\/images\/i\/p\/60680916ea8bf_[format].jpg","runtime":764,"editions":{"hd":{"price":0}},"is_downloadable":true},"E85517":{"id":85517,"ref":"E85517","type":"episode","position":11,"title":"Fuck De Maatschappijleer","description":"Dylans strijd met Quinty over de plek in de leerlingenraad heeft onverwachte gevolgen voor hen allebei.","still":"https:\/\/img-opt.cdn.smartvod.com\/smartvod\/images\/videoland\/data\/images\/x\/v\/6068091b5ef90_[format].jpg","runtime":762,"editions":{"hd":{"price":0}},"is_downloadable":true},"E85514":{"id":85514,"ref":"E85514","type":"episode","position":12,"title":"Eigen Regels Eerst","description":"Dylan is pissig op Faiz, iets waar Thomas graag gebruik van maakt. Hij overtuigt Dylan ervan dat Faiz echt een lesje verdient.","still":"https:\/\/img-opt.cdn.smartvod.com\/smartvod\/images\/videoland\/data\/images\/t\/i\/6068091d43fe0_[format].jpg","runtime":784,"editions":{"hd":{"price":0}},"is_downloadable":true},"E85516":{"id":85516,"ref":"E85516","type":"episode","position":13,"title":"Dickpic From Hell","description":"Een dickpic doet de ronde onder de leerlingen op school. Christina merkt dat ze stiekem wel ge\u00efnteresseerd is. In de foto en van wie de dickpic is...","still":"https:\/\/img-opt.cdn.smartvod.com\/smartvod\/images\/videoland\/data\/images\/w\/h\/6068091f38bf7_[format].jpg","runtime":779,"editions":{"hd":{"price":0}},"is_downloadable":true},"E85510":{"id":85510,"ref":"E85510","type":"episode","position":14,"title":"Niet Fokken Met Mij","description":"Dylan wordt jaloers als Christina meer oog heeft voor Faiz dan voor hem.","still":"https:\/\/img-opt.cdn.smartvod.com\/smartvod\/images\/videoland\/data\/images\/k\/b\/60702352eddbb_[format].jpg","runtime":782,"editions":{"hd":{"price":0}},"is_downloadable":true},"E85512":{"id":85512,"ref":"E85512","type":"episode","position":15,"title":"Robba","description":"Het plan van Dylan om Faiz bang te maken loopt helemaal uit de hand...","still":"https:\/\/img-opt.cdn.smartvod.com\/smartvod\/images\/videoland\/data\/images\/t\/m\/60743afd20ba0_[format].jpg","runtime":724,"editions":{"hd":{"price":0}},"is_downloadable":true},"E85518":{"id":85518,"ref":"E85518","type":"episode","position":16,"title":"In De Kast","description":"Dylan vraagt zich af of hij zijn rol bij de overval op moet biechten aan Faiz...","still":"https:\/\/img-opt.cdn.smartvod.com\/smartvod\/images\/videoland\/data\/images\/i\/j\/6076e186babb3_[format].jpg","runtime":757,"editions":{"hd":{"price":0}},"is_downloadable":true},"E85511":{"id":85511,"ref":"E85511","type":"episode","position":17,"title":"Hou Je Bek Nou","description":"Als Dylan ziet hoe de opsluiting Christina aangrijpt en zij vooral wil weten wie het gedaan heeft en waarom, zet hij Tygo onder druk om te bekennen dat hij erachter zat.","still":"https:\/\/img-opt.cdn.smartvod.com\/smartvod\/images\/videoland\/data\/images\/u\/j\/6076e63ad49c1_[format].jpg","runtime":817,"editions":{"hd":{"price":0}},"is_downloadable":true},"E85509":{"id":85509,"ref":"E85509","type":"episode","position":18,"title":"Respect","description":"Dylan ligt overhoop met zichzelf vanwege zijn aandeel in de steekpartij.","still":"https:\/\/img-opt.cdn.smartvod.com\/smartvod\/images\/videoland\/data\/images\/q\/5\/6079a54691e8f_[format].jpg","runtime":875,"editions":{"hd":{"price":0}},"is_downloadable":true},"E85515":{"id":85515,"ref":"E85515","type":"episode","position":19,"title":"Rot Op Met Je Wijze Raad!","description":"Quinty's moeizame relatie met haar vader verslechtert verder als hij partij kiest voor haar stiefmoeder.","still":"https:\/\/img-opt.cdn.smartvod.com\/smartvod\/images\/videoland\/data\/images\/n\/o\/60801f7b2a82e_[format].jpg","runtime":767,"editions":{"hd":{"price":0}},"is_downloadable":true},"E85513":{"id":85513,"ref":"E85513","type":"episode","position":20,"title":"Kopieerhokseks","description":"Quinty twijfelt of ze Christina moet inlichten over het vreemdgaan van haar moeder maar wacht uiteindelijk te lang: Christina komt erachter...","still":"https:\/\/img-opt.cdn.smartvod.com\/smartvod\/images\/videoland\/data\/images\/9\/z\/608139ebdc3f5_[format].jpg","runtime":750,"editions":{"hd":{"price":0}},"is_downloadable":true},"E85522":{"id":85522,"ref":"E85522","type":"episode","position":21,"title":"Bemoei Je Met Je Eigen Shit","description":"Quinty baalt als iemand het seksfilmpje van mevrouw Dieleman en Veldhoven in de klas afspeelt en Christina het allemaal vooral Quinty verwijt.","still":"https:\/\/img-opt.cdn.smartvod.com\/smartvod\/images\/videoland\/data\/images\/u\/z\/60827c2d570a4_[format].jpg","runtime":816,"editions":{"hd":{"price":0}},"is_downloadable":true},"E85521":{"id":85521,"ref":"E85521","type":"episode","position":22,"title":"Bloed, Zweet En Waarheid","description":"Dylan gaat het gevecht aan met Tygo. Maar of Chris hier nou zo blij mee is?","still":"https:\/\/img-opt.cdn.smartvod.com\/smartvod\/images\/videoland\/data\/images\/7\/q\/60827d5f7c577_[format].jpg","runtime":715,"editions":{"hd":{"price":0}},"is_downloadable":true},"E85527":{"id":85527,"ref":"E85527","type":"episode","position":23,"title":"Down En Out","description":"Quinty is verbaasd over de zorgen van Ollie om Tess. Ze vraagt zich af wat er tussen hen speelt.","still":"https:\/\/img-opt.cdn.smartvod.com\/smartvod\/images\/videoland\/data\/images\/z\/3\/60827d714576a_[format].jpg","runtime":873,"editions":{"hd":{"price":0}},"is_downloadable":true},"E85523":{"id":85523,"ref":"E85523","type":"episode","position":24,"title":"Strong Independent Woman","description":"Christina ziet het niet zitten om nog langer samen te werken met creepy Tygo. Ze krijgt hulp van Dylan.","still":"https:\/\/img-opt.cdn.smartvod.com\/smartvod\/images\/videoland\/data\/images\/4\/o\/6082845f93549_[format].jpg","runtime":857,"editions":{"hd":{"price":0}},"is_downloadable":true},"E85524":{"id":85524,"ref":"E85524","type":"episode","position":25,"title":"Time Out Van De Wereld","description":"Chris komt erachter dat Dylan tegen haar gelogen heeft en reageert zich af op Thomas.","still":"https:\/\/img-opt.cdn.smartvod.com\/smartvod\/images\/videoland\/data\/images\/e\/h\/6082ba4c835e0_[format].jpg","runtime":893,"editions":{"hd":{"price":0}},"is_downloadable":true},"E85520":{"id":85520,"ref":"E85520","type":"episode","position":26,"title":"De Waarheid Sucks","description":"Als Quinty ontdekt dat niet Faiz maar Ollie Tess' ongeluk heeft veroorzaakt, vraagt ze zich af of ze hem eigenlijk wel kent, laat staan leuk vindt.","still":"https:\/\/img-opt.cdn.smartvod.com\/smartvod\/images\/videoland\/data\/images\/b\/3\/60895d7e9cd6c_[format].jpg","runtime":860,"editions":{"hd":{"price":0}},"is_downloadable":true},"E85528":{"id":85528,"ref":"E85528","type":"episode","position":27,"title":"Going Down","description":"Quinty begint zich grote zorgen te maken om Ollie, nu zijn schuld in Tess' ongeluk is uitgekomen.","still":"https:\/\/img-opt.cdn.smartvod.com\/smartvod\/images\/videoland\/data\/images\/8\/7\/608bf0169fe3b_[format].jpg","runtime":892,"editions":{"hd":{"price":0}},"is_downloadable":true},"E85525":{"id":85525,"ref":"E85525","type":"episode","position":28,"title":"Seks Rules","description":"Chris baalt van haar keuze om seks te hebben met Thomas, en zoekt een manier om de slechte herinnering kwijt te raken.","still":"https:\/\/img-opt.cdn.smartvod.com\/smartvod\/images\/videoland\/data\/images\/0\/c\/6091141ceb1ee_[format].jpg","runtime":929,"editions":{"hd":{"price":0}},"is_downloadable":true},"E85519":{"id":85519,"ref":"E85519","type":"episode","position":29,"title":"Flikker Maar Op","description":"Quinty wordt helemaal gestoord van haar eigen verliefdheid op Ollie.","still":"https:\/\/img-opt.cdn.smartvod.com\/smartvod\/images\/videoland\/data\/images\/t\/v\/6091141b13d16_[format].jpg","runtime":868,"editions":{"hd":{"price":0}},"is_downloadable":true},"E85526":{"id":85526,"ref":"E85526","type":"episode","position":30,"title":"Gewoon Woedend","description":"Chris is blij dat het contact met haar moeder weer leuk is en ook tussen haar en Dylan is het leuker dan ooit.","still":"https:\/\/img-opt.cdn.smartvod.com\/smartvod\/images\/videoland\/data\/images\/p\/8\/6091156fc9617_[format].jpg","runtime":782,"editions":{"hd":{"price":0}},"is_downloadable":true}}}