{"id":500700,"ref":"S500700","type":"series","title":"Films & Sterren","year":2022,"rating":4,"poster":"https:\/\/img-opt.cdn.smartvod.com\/smartvod\/images\/videoland\/data\/images\/0\/s\/60fad64bbadcc_[format].jpg","still":"https:\/\/img-opt.cdn.smartvod.com\/smartvod\/images\/videoland\/data\/images\/6\/b\/61cc7de506232_[format].jpg","cast":{},"genres":["Lifestyle"],"refs":["SN4360","SN4725"],"is_adult":false,"is_kids":false,"is_available":true,"description":"Filmprogramma waarin Ren\u00e9 Mioch je meeneemt naar premi\u00e8res en filmfestivals en je op de hoogte houdt van wat er te zien is in de bioscoop.","nicam":{"9":"Mogelijk schadelijk tot 9 jaar","angst":"Angst","taalgebruik":"Grof Taalgebruik"},"language":"nl","language_full":"Nederlands","details":{"SN4360":{"id":4360,"ref":"SN4360","type":"season","title":"23","position":23},"SN4725":{"id":4725,"ref":"SN4725","type":"season","title":"24","position":24,"refs":["E94278","E94277","E94279","E95075","E95043","E95449","E95921","E96136","E95813","E96167","E96342","E96627","E96984","E97190","E97398","E97548","E97823","E98132","E98561","E98542","E98580","E98662","E98874","E99301","E99349","E99391","E99859","E100099","E100434","E100484","E100821","E100987","E101293","E101609","E101889","E101974","E102186","E102319","E102438","E102561","E102623","E102720"]},"E94278":{"id":94278,"ref":"E94278","type":"episode","position":1,"title":"","description":"Filmprogramma met exclusieve interviews, filmfestivals, awardshows, rode lopers, kijkjes achter de schermen en nog veel meer!","still":"https:\/\/img-opt.cdn.smartvod.com\/smartvod\/images\/videoland\/data\/images\/6\/b\/61cc7de506232_[format].jpg","runtime":1320,"editions":{"hd":{"price":0}},"is_downloadable":false},"E94277":{"id":94277,"ref":"E94277","type":"episode","position":2,"title":"","description":"Filmprogramma met exclusieve interviews, filmfestivals, awardshows, rode lopers, kijkjes achter de schermen en nog veel meer!","still":"https:\/\/img-opt.cdn.smartvod.com\/smartvod\/images\/videoland\/data\/images\/7\/9\/61d983ce40d13_[format].jpg","runtime":1320,"editions":{"hd":{"price":0}},"is_downloadable":false},"E94279":{"id":94279,"ref":"E94279","type":"episode","position":3,"title":"","description":"Filmprogramma met exclusieve interviews, filmfestivals, awardshows, rode lopers, kijkjes achter de schermen en nog veel meer!","still":"https:\/\/img-opt.cdn.smartvod.com\/smartvod\/images\/videoland\/data\/images\/g\/c\/61e01fff99442_[format].jpg","runtime":1320,"editions":{"hd":{"price":0}},"is_downloadable":false},"E95075":{"id":95075,"ref":"E95075","type":"episode","position":4,"title":"","description":"Filmprogramma met exclusieve interviews, filmfestivals, awardshows, rode lopers, kijkjes achter de schermen en nog veel meer!","still":"https:\/\/img-opt.cdn.smartvod.com\/smartvod\/images\/videoland\/data\/images\/l\/u\/61eaba11eecf8_[format].jpg","runtime":1320,"editions":{"hd":{"price":0}},"is_downloadable":false},"E95043":{"id":95043,"ref":"E95043","type":"episode","position":5,"title":"","description":"Filmprogramma met exclusieve interviews, filmfestivals, awardshows, rode lopers, kijkjes achter de schermen en nog veel meer!","still":"https:\/\/img-opt.cdn.smartvod.com\/smartvod\/images\/videoland\/data\/images\/e\/g\/61f41a1a74419_[format].jpg","runtime":1320,"editions":{"hd":{"price":0}},"is_downloadable":false},"E95449":{"id":95449,"ref":"E95449","type":"episode","position":6,"title":"","description":"Filmprogramma met exclusieve interviews, filmfestivals, awardshows, rode lopers, kijkjes achter de schermen en nog veel meer!","still":"https:\/\/img-opt.cdn.smartvod.com\/smartvod\/images\/videoland\/data\/images\/n\/x\/61f7eb631d96b_[format].jpg","runtime":1320,"editions":{"hd":{"price":0}},"is_downloadable":false},"E95921":{"id":95921,"ref":"E95921","type":"episode","position":7,"title":"","description":"Filmprogramma met exclusieve interviews, filmfestivals, awardshows, rode lopers, kijkjes achter de schermen en nog veel meer!","still":"https:\/\/img-opt.cdn.smartvod.com\/smartvod\/images\/videoland\/data\/images\/h\/x\/62067a0d77d19_[format].jpg","runtime":1320,"editions":{"hd":{"price":0}},"is_downloadable":false},"E96136":{"id":96136,"ref":"E96136","type":"episode","position":8,"title":"","description":"Filmprogramma met exclusieve interviews, filmfestivals, awardshows, rode lopers, kijkjes achter de schermen en nog veel meer!","still":"https:\/\/img-opt.cdn.smartvod.com\/smartvod\/images\/videoland\/data\/images\/t\/k\/621212556a0d4_[format].jpg","runtime":1320,"editions":{"hd":{"price":0}},"is_downloadable":false},"E95813":{"id":95813,"ref":"E95813","type":"episode","position":9,"title":"","description":"Filmprogramma met exclusieve interviews, filmfestivals, awardshows, rode lopers, kijkjes achter de schermen en nog veel meer!","still":"https:\/\/img-opt.cdn.smartvod.com\/smartvod\/images\/videoland\/data\/images\/b\/n\/6218dc40cd34c_[format].jpg","runtime":1320,"editions":{"hd":{"price":0}},"is_downloadable":false},"E96167":{"id":96167,"ref":"E96167","type":"episode","position":10,"title":"","description":"Filmprogramma met exclusieve interviews, filmfestivals, awardshows, rode lopers, kijkjes achter de schermen en nog veel meer!","still":"https:\/\/img-opt.cdn.smartvod.com\/smartvod\/images\/videoland\/data\/images\/t\/9\/622217e184503_[format].jpg","runtime":1320,"editions":{"hd":{"price":0}},"is_downloadable":false},"E96342":{"id":96342,"ref":"E96342","type":"episode","position":11,"title":"","description":"Filmprogramma met exclusieve interviews, filmfestivals, awardshows, rode lopers, kijkjes achter de schermen en nog veel meer!","still":"https:\/\/img-opt.cdn.smartvod.com\/smartvod\/images\/videoland\/data\/images\/d\/h\/6229c51ab20eb_[format].jpg","runtime":1320,"editions":{"hd":{"price":0}},"is_downloadable":false},"E96627":{"id":96627,"ref":"E96627","type":"episode","position":12,"title":"","description":"Filmprogramma met exclusieve interviews, filmfestivals, awardshows, rode lopers, kijkjes achter de schermen en nog veel meer!","still":"https:\/\/img-opt.cdn.smartvod.com\/smartvod\/images\/videoland\/data\/images\/k\/f\/62332d243f218_[format].jpg","runtime":1320,"editions":{"hd":{"price":0}},"is_downloadable":false},"E96984":{"id":96984,"ref":"E96984","type":"episode","position":13,"title":"","description":"Filmprogramma met exclusieve interviews, filmfestivals, awardshows, rode lopers, kijkjes achter de schermen en nog veel meer!","still":"https:\/\/img-opt.cdn.smartvod.com\/smartvod\/images\/videoland\/data\/images\/c\/5\/623d989117fb9_[format].jpg","runtime":1320,"editions":{"hd":{"price":0}},"is_downloadable":false},"E97190":{"id":97190,"ref":"E97190","type":"episode","position":14,"title":"","description":"Filmprogramma met exclusieve interviews, filmfestivals, awardshows, rode lopers, kijkjes achter de schermen en nog veel meer!","still":"https:\/\/img-opt.cdn.smartvod.com\/smartvod\/images\/videoland\/data\/images\/1\/l\/6245b76e94a7b_[format].jpg","runtime":1320,"editions":{"hd":{"price":0}},"is_downloadable":false},"E97398":{"id":97398,"ref":"E97398","type":"episode","position":15,"title":"","description":"Filmprogramma met exclusieve interviews, filmfestivals, awardshows, rode lopers, kijkjes achter de schermen en nog veel meer!","still":"https:\/\/img-opt.cdn.smartvod.com\/smartvod\/images\/videoland\/data\/images\/y\/p\/624daad924432_[format].jpg","runtime":1320,"editions":{"hd":{"price":0}},"is_downloadable":false},"E97548":{"id":97548,"ref":"E97548","type":"episode","position":16,"title":"","description":"Filmprogramma met exclusieve interviews, filmfestivals, awardshows, rode lopers, kijkjes achter de schermen en nog veel meer!","still":"https:\/\/img-opt.cdn.smartvod.com\/smartvod\/images\/videoland\/data\/images\/1\/b\/6257dd818c562_[format].jpg","runtime":1320,"editions":{"hd":{"price":0}},"is_downloadable":false},"E97823":{"id":97823,"ref":"E97823","type":"episode","position":17,"title":"","description":"Filmprogramma met exclusieve interviews, filmfestivals, awardshows, rode lopers, kijkjes achter de schermen en nog veel meer!","still":"https:\/\/img-opt.cdn.smartvod.com\/smartvod\/images\/videoland\/data\/images\/8\/s\/62615a759c683_[format].jpg","runtime":1320,"editions":{"hd":{"price":0}},"is_downloadable":false},"E98132":{"id":98132,"ref":"E98132","type":"episode","position":18,"title":"","description":"Filmprogramma met exclusieve interviews, filmfestivals, awardshows, rode lopers, kijkjes achter de schermen en nog veel meer!","still":"https:\/\/img-opt.cdn.smartvod.com\/smartvod\/images\/videoland\/data\/images\/h\/j\/626a8c0961463_[format].jpg","runtime":1320,"editions":{"hd":{"price":0}},"is_downloadable":false},"E98561":{"id":98561,"ref":"E98561","type":"episode","position":19,"title":"","description":"Filmprogramma met exclusieve interviews, filmfestivals, awardshows, rode lopers, kijkjes achter de schermen en nog veel meer!","still":"https:\/\/img-opt.cdn.smartvod.com\/smartvod\/images\/videoland\/data\/images\/e\/v\/6273d20171e06_[format].jpg","runtime":1320,"editions":{"hd":{"price":0}},"is_downloadable":false},"E98542":{"id":98542,"ref":"E98542","type":"episode","position":20,"title":"","description":"Filmprogramma met exclusieve interviews, filmfestivals, awardshows, rode lopers, kijkjes achter de schermen en nog veel meer!","still":"https:\/\/img-opt.cdn.smartvod.com\/smartvod\/images\/videoland\/data\/images\/j\/7\/627cf6278e531_[format].jpg","runtime":1320,"editions":{"hd":{"price":0}},"is_downloadable":false},"E98580":{"id":98580,"ref":"E98580","type":"episode","position":21,"title":"","description":"Filmprogramma met exclusieve interviews, filmfestivals, awardshows, rode lopers, kijkjes achter de schermen en nog veel meer!","still":"https:\/\/img-opt.cdn.smartvod.com\/smartvod\/images\/videoland\/data\/images\/i\/p\/628648339907d_[format].jpg","runtime":1320,"editions":{"hd":{"price":0}},"is_downloadable":false},"E98662":{"id":98662,"ref":"E98662","type":"episode","position":22,"title":"","description":"Filmprogramma met exclusieve interviews, filmfestivals, awardshows, rode lopers, kijkjes achter de schermen en nog veel meer!","still":"https:\/\/img-opt.cdn.smartvod.com\/smartvod\/images\/videoland\/data\/images\/5\/0\/6290da78b725b_[format].jpg","runtime":1320,"editions":{"hd":{"price":0}},"is_downloadable":false},"E98874":{"id":98874,"ref":"E98874","type":"episode","position":23,"title":"","description":"Filmprogramma met exclusieve interviews, filmfestivals, awardshows, rode lopers, kijkjes achter de schermen en nog veel meer!","still":"https:\/\/img-opt.cdn.smartvod.com\/smartvod\/images\/videoland\/data\/images\/i\/i\/6297bddfef09b_[format].jpg","runtime":1320,"editions":{"hd":{"price":0}},"is_downloadable":false},"E99301":{"id":99301,"ref":"E99301","type":"episode","position":24,"title":"","description":"Filmprogramma met exclusieve interviews, filmfestivals, awardshows, rode lopers, kijkjes achter de schermen en nog veel meer!","still":"https:\/\/img-opt.cdn.smartvod.com\/smartvod\/images\/videoland\/data\/images\/t\/h\/629fb7fbc5b55_[format].jpg","runtime":1320,"editions":{"hd":{"price":0}},"is_downloadable":false},"E99349":{"id":99349,"ref":"E99349","type":"episode","position":25,"title":"","description":"Filmprogramma met exclusieve interviews, filmfestivals, awardshows, rode lopers, kijkjes achter de schermen en nog veel meer!","still":"https:\/\/img-opt.cdn.smartvod.com\/smartvod\/images\/videoland\/data\/images\/l\/2\/62aa4722dc108_[format].jpg","runtime":1320,"editions":{"hd":{"price":0}},"is_downloadable":false},"E99391":{"id":99391,"ref":"E99391","type":"episode","position":26,"title":"","description":"Filmprogramma met exclusieve interviews, filmfestivals, awardshows, rode lopers, kijkjes achter de schermen en nog veel meer!","still":"https:\/\/img-opt.cdn.smartvod.com\/smartvod\/images\/videoland\/data\/images\/x\/v\/62b429670f0ac_[format].jpg","runtime":1320,"editions":{"hd":{"price":0}},"is_downloadable":false},"E99859":{"id":99859,"ref":"E99859","type":"episode","position":27,"title":"","description":"Filmprogramma met exclusieve interviews, filmfestivals, awardshows, rode lopers, kijkjes achter de schermen en nog veel meer!","still":"https:\/\/img-opt.cdn.smartvod.com\/smartvod\/images\/videoland\/data\/images\/6\/2\/62bc5be3eed92_[format].jpg","runtime":1320,"editions":{"hd":{"price":0}},"is_downloadable":false},"E100099":{"id":100099,"ref":"E100099","type":"episode","position":28,"title":"","description":"Filmprogramma met exclusieve interviews, filmfestivals, awardshows, rode lopers, kijkjes achter de schermen en nog veel meer!","still":"https:\/\/img-opt.cdn.smartvod.com\/smartvod\/images\/videoland\/data\/images\/4\/2\/62c5b6178d6df_[format].jpg","runtime":1320,"editions":{"hd":{"price":0}},"is_downloadable":false},"E100434":{"id":100434,"ref":"E100434","type":"episode","position":29,"title":"","description":"Filmprogramma met exclusieve interviews, filmfestivals, awardshows, rode lopers, kijkjes achter de schermen en nog veel meer!","still":"https:\/\/img-opt.cdn.smartvod.com\/smartvod\/images\/videoland\/data\/images\/h\/6\/62cfdab0c5c9d_[format].jpg","runtime":1320,"editions":{"hd":{"price":0}},"is_downloadable":false},"E100484":{"id":100484,"ref":"E100484","type":"episode","position":30,"title":"","description":"Filmprogramma met exclusieve interviews, filmfestivals, awardshows, rode lopers, kijkjes achter de schermen en nog veel meer!","still":"https:\/\/img-opt.cdn.smartvod.com\/smartvod\/images\/videoland\/data\/images\/v\/5\/62d911b483ae3_[format].jpg","runtime":1320,"editions":{"hd":{"price":0}},"is_downloadable":false},"E100821":{"id":100821,"ref":"E100821","type":"episode","position":31,"title":"","description":"Filmprogramma met exclusieve interviews, filmfestivals, awardshows, rode lopers, kijkjes achter de schermen en nog veel meer!","still":"https:\/\/img-opt.cdn.smartvod.com\/smartvod\/images\/videoland\/data\/images\/o\/m\/62e2710f6b44b_[format].jpg","runtime":1320,"editions":{"hd":{"price":0}},"is_downloadable":false},"E100987":{"id":100987,"ref":"E100987","type":"episode","position":32,"title":"","description":"Filmprogramma met exclusieve interviews, filmfestivals, awardshows, rode lopers, kijkjes achter de schermen en nog veel meer!","still":"https:\/\/img-opt.cdn.smartvod.com\/smartvod\/images\/videoland\/data\/images\/z\/g\/62e98135c20bd_[format].jpg","runtime":1320,"editions":{"hd":{"price":0}},"is_downloadable":false},"E101293":{"id":101293,"ref":"E101293","type":"episode","position":33,"title":"","description":"Filmprogramma met exclusieve interviews, filmfestivals, awardshows, rode lopers, kijkjes achter de schermen en nog veel meer!","still":"https:\/\/img-opt.cdn.smartvod.com\/smartvod\/images\/videoland\/data\/images\/9\/s\/62f67b2bc4294_[format].jpg","runtime":1320,"editions":{"hd":{"price":0}},"is_downloadable":false},"E101609":{"id":101609,"ref":"E101609","type":"episode","position":34,"title":"","description":"Filmprogramma met exclusieve interviews, filmfestivals, awardshows, rode lopers, kijkjes achter de schermen en nog veel meer!","still":"https:\/\/img-opt.cdn.smartvod.com\/smartvod\/images\/videoland\/data\/images\/m\/n\/62fe59726c60a_[format].jpg","runtime":1320,"editions":{"hd":{"price":0}},"is_downloadable":false},"E101889":{"id":101889,"ref":"E101889","type":"episode","position":35,"title":"","description":"Filmprogramma met exclusieve interviews, filmfestivals, awardshows, rode lopers, kijkjes achter de schermen en nog veel meer!","still":"https:\/\/img-opt.cdn.smartvod.com\/smartvod\/images\/videoland\/data\/images\/x\/q\/63076b6222def_[format].jpg","runtime":1320,"editions":{"hd":{"price":0}},"is_downloadable":false},"E101974":{"id":101974,"ref":"E101974","type":"episode","position":36,"title":"","description":"Filmprogramma met exclusieve interviews, filmfestivals, awardshows, rode lopers, kijkjes achter de schermen en nog veel meer!","still":"https:\/\/img-opt.cdn.smartvod.com\/smartvod\/images\/videoland\/data\/images\/4\/w\/6310bcea8a28d_[format].jpg","runtime":1320,"editions":{"hd":{"price":0}},"is_downloadable":false},"E102186":{"id":102186,"ref":"E102186","type":"episode","position":37,"title":"","description":"Filmprogramma met exclusieve interviews, filmfestivals, awardshows, rode lopers, kijkjes achter de schermen en nog veel meer!","still":"https:\/\/img-opt.cdn.smartvod.com\/smartvod\/images\/videoland\/data\/images\/y\/n\/6319e14c80b1a_[format].jpg","runtime":1320,"editions":{"hd":{"price":0}},"is_downloadable":false},"E102319":{"id":102319,"ref":"E102319","type":"episode","position":38,"title":"","description":"Filmprogramma met exclusieve interviews, filmfestivals, awardshows, rode lopers, kijkjes achter de schermen en nog veel meer!","still":"https:\/\/img-opt.cdn.smartvod.com\/smartvod\/images\/videoland\/data\/images\/5\/v\/632329740a5b5_[format].jpg","runtime":1320,"editions":{"hd":{"price":0}},"is_downloadable":false},"E102438":{"id":102438,"ref":"E102438","type":"episode","position":39,"title":"","description":"Filmprogramma met exclusieve interviews, filmfestivals, awardshows, rode lopers, kijkjes achter de schermen en nog veel meer!","still":"https:\/\/img-opt.cdn.smartvod.com\/smartvod\/images\/videoland\/data\/images\/w\/n\/632b383a092c5_[format].jpg","runtime":1320,"editions":{"hd":{"price":0}},"is_downloadable":false},"E102561":{"id":102561,"ref":"E102561","type":"episode","position":40,"title":"","description":"Filmprogramma met exclusieve interviews, filmfestivals, awardshows, rode lopers, kijkjes achter de schermen en nog veel meer!","still":"https:\/\/img-opt.cdn.smartvod.com\/smartvod\/images\/videoland\/data\/images\/7\/9\/63357fa66dda9_[format].jpg","runtime":1320,"editions":{"hd":{"price":0}},"is_downloadable":false},"E102623":{"id":102623,"ref":"E102623","type":"episode","position":41,"title":"","description":"Filmprogramma met exclusieve interviews, filmfestivals, awardshows, rode lopers, kijkjes achter de schermen en nog veel meer!","still":"https:\/\/img-opt.cdn.smartvod.com\/smartvod\/images\/videoland\/data\/images\/8\/r\/633d64eeee179_[format].jpg","runtime":1320,"editions":{"hd":{"price":0}},"is_downloadable":false},"E102720":{"id":102720,"ref":"E102720","type":"episode","position":42,"title":"","description":"Filmprogramma met exclusieve interviews, filmfestivals, awardshows, rode lopers, kijkjes achter de schermen en nog veel meer!","still":"https:\/\/img-opt.cdn.smartvod.com\/smartvod\/images\/videoland\/data\/images\/p\/0\/6344385908a6e_[format].jpg","runtime":1320,"editions":{"hd":{"price":0}},"is_downloadable":false}}}