{"id":500416,"ref":"S500416","type":"series","title":"Baywatch","year":2001,"rating":4,"poster":"https:\/\/img-opt.cdn.smartvod.com\/smartvod\/images\/videoland\/data\/images\/4\/6\/5f048a41773e3_[format].jpg","still":"https:\/\/img-opt.cdn.smartvod.com\/smartvod\/images\/videoland\/data\/images\/y\/7\/5f1840e6b6f71_[format].jpg","cast":{"actors":["David Hasselhoff","Jeremy Jackson","Gregory Alan Williams","Billy Warlock","Erika Eleniak","Pamela Anderson"]},"genres":["Actie","Drama"],"refs":["SN3589","SN3588","SN3593","SN3614","SN3615","SN3616","SN3617","SN3618","SN3619"],"is_adult":false,"is_kids":false,"is_available":true,"description":"Baywatch gaat over de strandwachten van Malibu in Californi\u00eb. Onder leiding van Mitch Buchannon krijgen de strandwachten regelmatig te maken met levensbedreigende situaties, waarbij ze bloedstollende reddingsacties uitvoeren. Ook in hun priv\u00e9levens gaat het er soms enerverend aan toe. Je bent nog niet klaar met (Bay)watchen\u2026 Seizoen 10 en 11 vind je onder de Baywatch Hawaii.","nicam":{"9":"Mogelijk schadelijk tot 9 jaar","angst":"Angst","taalgebruik":"Grof Taalgebruik"},"language":"en","language_full":"Engels","details":{"SN3589":{"id":3589,"ref":"SN3589","type":"season","title":"1","position":1},"SN3588":{"id":3588,"ref":"SN3588","type":"season","title":"2","position":2},"SN3593":{"id":3593,"ref":"SN3593","type":"season","title":"3","position":3},"SN3614":{"id":3614,"ref":"SN3614","type":"season","title":"4","position":4},"SN3615":{"id":3615,"ref":"SN3615","type":"season","title":"5","position":5,"refs":["E77189","E77187","E77183","E77176","E77177","E77191","E77190","E77192","E77194","E77195","E77179","E77185","E77196","E77181","E77184","E77188","E77180","E77186","E77182","E77193","E77197","E77178"]},"SN3616":{"id":3616,"ref":"SN3616","type":"season","title":"6","position":6},"SN3617":{"id":3617,"ref":"SN3617","type":"season","title":"7","position":7},"SN3618":{"id":3618,"ref":"SN3618","type":"season","title":"8","position":8},"SN3619":{"id":3619,"ref":"SN3619","type":"season","title":"9","position":9},"E77189":{"id":77189,"ref":"E77189","type":"episode","position":1,"title":"Livin' On The Fault (Part 1)","description":"De strandwachten van Malibu in Californi\u00eb krijgen regelmatig te maken met levensgevaarlijke situaties, waarbij ze bloedstollende reddingsacties uitvoeren. Ook in hun priv\u00e9levens gaat het er soms heftig aan toe.","still":"https:\/\/img-opt.cdn.smartvod.com\/smartvod\/images\/videoland\/data\/images\/h\/h\/5f206b3b7f757_[format].jpg","runtime":2261,"editions":{"hd":{"price":0}},"is_downloadable":true},"E77187":{"id":77187,"ref":"E77187","type":"episode","position":2,"title":"Livin' On The Fault (Part 2)","description":"De strandwachten van Malibu in Californi\u00eb krijgen regelmatig te maken met levensgevaarlijke situaties, waarbij ze bloedstollende reddingsacties uitvoeren. Ook in hun priv\u00e9levens gaat het er soms heftig aan toe.","still":"https:\/\/img-opt.cdn.smartvod.com\/smartvod\/images\/videoland\/data\/images\/e\/0\/5f20668179bd5_[format].jpg","runtime":2377,"editions":{"hd":{"price":0}},"is_downloadable":true},"E77183":{"id":77183,"ref":"E77183","type":"episode","position":3,"title":"Aftershock","description":"De strandwachten van Malibu in Californi\u00eb krijgen regelmatig te maken met levensgevaarlijke situaties, waarbij ze bloedstollende reddingsacties uitvoeren. Ook in hun priv\u00e9levens gaat het er soms heftig aan toe.","still":"https:\/\/img-opt.cdn.smartvod.com\/smartvod\/images\/videoland\/data\/images\/e\/g\/5f1ad904eda8c_[format].jpg","runtime":2458,"editions":{"hd":{"price":0}},"is_downloadable":true},"E77176":{"id":77176,"ref":"E77176","type":"episode","position":4,"title":"Baja Run","description":"De strandwachten van Malibu in Californi\u00eb krijgen regelmatig te maken met levensgevaarlijke situaties, waarbij ze bloedstollende reddingsacties uitvoeren. Ook in hun priv\u00e9levens gaat het er soms heftig aan toe.","still":"https:\/\/img-opt.cdn.smartvod.com\/smartvod\/images\/videoland\/data\/images\/v\/v\/5f1ea5a4ae0e9_[format].jpg","runtime":2457,"editions":{"hd":{"price":0}},"is_downloadable":true},"E77177":{"id":77177,"ref":"E77177","type":"episode","position":5,"title":"Air Buchannon","description":"De strandwachten van Malibu in Californi\u00eb krijgen regelmatig te maken met levensgevaarlijke situaties, waarbij ze bloedstollende reddingsacties uitvoeren. Ook in hun priv\u00e9levens gaat het er soms heftig aan toe.","still":"https:\/\/img-opt.cdn.smartvod.com\/smartvod\/images\/videoland\/data\/images\/l\/7\/5f20667fa09d1_[format].jpg","runtime":2458,"editions":{"hd":{"price":0}},"is_downloadable":true},"E77191":{"id":77191,"ref":"E77191","type":"episode","position":6,"title":"Shortsighted","description":"De strandwachten van Malibu in Californi\u00eb krijgen regelmatig te maken met levensgevaarlijke situaties, waarbij ze bloedstollende reddingsacties uitvoeren. Ook in hun priv\u00e9levens gaat het er soms heftig aan toe.","still":"https:\/\/img-opt.cdn.smartvod.com\/smartvod\/images\/videoland\/data\/images\/m\/s\/5f2068dfab297_[format].jpg","runtime":2458,"editions":{"hd":{"price":0}},"is_downloadable":true},"E77190":{"id":77190,"ref":"E77190","type":"episode","position":7,"title":"Someone To Baywatch","description":"De strandwachten van Malibu in Californi\u00eb krijgen regelmatig te maken met levensgevaarlijke situaties, waarbij ze bloedstollende reddingsacties uitvoeren. Ook in hun priv\u00e9levens gaat het er soms heftig aan toe.","still":"https:\/\/img-opt.cdn.smartvod.com\/smartvod\/images\/videoland\/data\/images\/0\/v\/5f2068ecc9e8f_[format].jpg","runtime":2459,"editions":{"hd":{"price":0}},"is_downloadable":true},"E77192":{"id":77192,"ref":"E77192","type":"episode","position":8,"title":"K-Gas The Grooveyard Of Solid Gold","description":"De strandwachten van Malibu in Californi\u00eb krijgen regelmatig te maken met levensgevaarlijke situaties, waarbij ze bloedstollende reddingsacties uitvoeren. Ook in hun priv\u00e9levens gaat het er soms heftig aan toe.","still":"https:\/\/img-opt.cdn.smartvod.com\/smartvod\/images\/videoland\/data\/images\/p\/w\/5f2068d3a2cfe_[format].jpg","runtime":2402,"editions":{"hd":{"price":0}},"is_downloadable":true},"E77194":{"id":77194,"ref":"E77194","type":"episode","position":9,"title":"Red Wind","description":"De strandwachten van Malibu in Californi\u00eb krijgen regelmatig te maken met levensgevaarlijke situaties, waarbij ze bloedstollende reddingsacties uitvoeren. Ook in hun priv\u00e9levens gaat het er soms heftig aan toe.","still":"https:\/\/img-opt.cdn.smartvod.com\/smartvod\/images\/videoland\/data\/images\/d\/l\/5f2068d8bb022_[format].jpg","runtime":2457,"editions":{"hd":{"price":0}},"is_downloadable":true},"E77195":{"id":77195,"ref":"E77195","type":"episode","position":10,"title":"I Spike","description":"De strandwachten van Malibu in Californi\u00eb krijgen regelmatig te maken met levensgevaarlijke situaties, waarbij ze bloedstollende reddingsacties uitvoeren. Ook in hun priv\u00e9levens gaat het er soms heftig aan toe.","still":"https:\/\/img-opt.cdn.smartvod.com\/smartvod\/images\/videoland\/data\/images\/b\/8\/5f2066831eb77_[format].jpg","runtime":2350,"editions":{"hd":{"price":0}},"is_downloadable":true},"E77179":{"id":77179,"ref":"E77179","type":"episode","position":11,"title":"Silent Night Baywatch Night (Part 1)","description":"De strandwachten van Malibu in Californi\u00eb krijgen regelmatig te maken met levensgevaarlijke situaties, waarbij ze bloedstollende reddingsacties uitvoeren. Ook in hun priv\u00e9levens gaat het er soms heftig aan toe.","still":"https:\/\/img-opt.cdn.smartvod.com\/smartvod\/images\/videoland\/data\/images\/r\/w\/5f206c68aca83_[format].jpg","runtime":2433,"editions":{"hd":{"price":0}},"is_downloadable":true},"E77185":{"id":77185,"ref":"E77185","type":"episode","position":12,"title":"Silent Night Baywatch Night (Part 2)","description":"De strandwachten van Malibu in Californi\u00eb krijgen regelmatig te maken met levensgevaarlijke situaties, waarbij ze bloedstollende reddingsacties uitvoeren. Ook in hun priv\u00e9levens gaat het er soms heftig aan toe.","still":"https:\/\/img-opt.cdn.smartvod.com\/smartvod\/images\/videoland\/data\/images\/u\/y\/5f2067ac1bd9c_[format].jpg","runtime":2392,"editions":{"hd":{"price":0}},"is_downloadable":true},"E77196":{"id":77196,"ref":"E77196","type":"episode","position":13,"title":"Rubber Ducky","description":"De strandwachten van Malibu in Californi\u00eb krijgen regelmatig te maken met levensgevaarlijke situaties, waarbij ze bloedstollende reddingsacties uitvoeren. Ook in hun priv\u00e9levens gaat het er soms heftig aan toe.","still":"https:\/\/img-opt.cdn.smartvod.com\/smartvod\/images\/videoland\/data\/images\/b\/t\/5f2067bc1512b_[format].jpg","runtime":2457,"editions":{"hd":{"price":0}},"is_downloadable":true},"E77181":{"id":77181,"ref":"E77181","type":"episode","position":14,"title":"Homecoming","description":"De strandwachten van Malibu in Californi\u00eb krijgen regelmatig te maken met levensgevaarlijke situaties, waarbij ze bloedstollende reddingsacties uitvoeren. Ook in hun priv\u00e9levens gaat het er soms heftig aan toe.","still":"https:\/\/img-opt.cdn.smartvod.com\/smartvod\/images\/videoland\/data\/images\/2\/c\/5f206b28c6961_[format].jpg","runtime":2458,"editions":{"hd":{"price":0}},"is_downloadable":true},"E77184":{"id":77184,"ref":"E77184","type":"episode","position":15,"title":"Seize The Day","description":"De strandwachten van Malibu in Californi\u00eb krijgen regelmatig te maken met levensgevaarlijke situaties, waarbij ze bloedstollende reddingsacties uitvoeren. Ook in hun priv\u00e9levens gaat het er soms heftig aan toe.","still":"https:\/\/img-opt.cdn.smartvod.com\/smartvod\/images\/videoland\/data\/images\/r\/t\/5f206b26ed1ac_[format].jpg","runtime":2459,"editions":{"hd":{"price":0}},"is_downloadable":true},"E77188":{"id":77188,"ref":"E77188","type":"episode","position":16,"title":"Little Help From My Friends","description":"De strandwachten van Malibu in Californi\u00eb krijgen regelmatig te maken met levensgevaarlijke situaties, waarbij ze bloedstollende reddingsacties uitvoeren. Ook in hun priv\u00e9levens gaat het er soms heftig aan toe.","still":"https:\/\/img-opt.cdn.smartvod.com\/smartvod\/images\/videoland\/data\/images\/i\/b\/5f2067ba5dc4d_[format].jpg","runtime":2458,"editions":{"hd":{"price":0}},"is_downloadable":true},"E77180":{"id":77180,"ref":"E77180","type":"episode","position":17,"title":"Father's Day","description":"De strandwachten van Malibu in Californi\u00eb krijgen regelmatig te maken met levensgevaarlijke situaties, waarbij ze bloedstollende reddingsacties uitvoeren. Ook in hun priv\u00e9levens gaat het er soms heftig aan toe.","still":"https:\/\/img-opt.cdn.smartvod.com\/smartvod\/images\/videoland\/data\/images\/z\/t\/5f2067b15f495_[format].jpg","runtime":2456,"editions":{"hd":{"price":0}},"is_downloadable":true},"E77186":{"id":77186,"ref":"E77186","type":"episode","position":18,"title":"Fire With Fire","description":"De strandwachten van Malibu in Californi\u00eb krijgen regelmatig te maken met levensgevaarlijke situaties, waarbij ze bloedstollende reddingsacties uitvoeren. Ook in hun priv\u00e9levens gaat het er soms heftig aan toe.","still":"https:\/\/img-opt.cdn.smartvod.com\/smartvod\/images\/videoland\/data\/images\/d\/h\/5f2067a3670bc_[format].jpg","runtime":2458,"editions":{"hd":{"price":0}},"is_downloadable":true},"E77182":{"id":77182,"ref":"E77182","type":"episode","position":19,"title":"Deep Trouble","description":"De strandwachten van Malibu in Californi\u00eb krijgen regelmatig te maken met levensgevaarlijke situaties, waarbij ze bloedstollende reddingsacties uitvoeren. Ook in hun priv\u00e9levens gaat het er soms heftig aan toe.","still":"https:\/\/img-opt.cdn.smartvod.com\/smartvod\/images\/videoland\/data\/images\/p\/b\/5f1ada273c3f7_[format].jpg","runtime":2457,"editions":{"hd":{"price":0}},"is_downloadable":true},"E77193":{"id":77193,"ref":"E77193","type":"episode","position":20,"title":"Promised Land","description":"De strandwachten van Malibu in Californi\u00eb krijgen regelmatig te maken met levensgevaarlijke situaties, waarbij ze bloedstollende reddingsacties uitvoeren. Ook in hun priv\u00e9levens gaat het er soms heftig aan toe.","still":"https:\/\/img-opt.cdn.smartvod.com\/smartvod\/images\/videoland\/data\/images\/5\/u\/5f206c655d259_[format].jpg","runtime":2458,"editions":{"hd":{"price":0}},"is_downloadable":true},"E77197":{"id":77197,"ref":"E77197","type":"episode","position":21,"title":"The Runaways","description":"De strandwachten van Malibu in Californi\u00eb krijgen regelmatig te maken met levensgevaarlijke situaties, waarbij ze bloedstollende reddingsacties uitvoeren. Ook in hun priv\u00e9levens gaat het er soms heftig aan toe.","still":"https:\/\/img-opt.cdn.smartvod.com\/smartvod\/images\/videoland\/data\/images\/s\/h\/5f206a055ea32_[format].jpg","runtime":1876,"editions":{"hd":{"price":0}},"is_downloadable":true},"E77178":{"id":77178,"ref":"E77178","type":"episode","position":22,"title":"Wet And Wild","description":"De strandwachten van Malibu in Californi\u00eb krijgen regelmatig te maken met levensgevaarlijke situaties, waarbij ze bloedstollende reddingsacties uitvoeren. Ook in hun priv\u00e9levens gaat het er soms heftig aan toe.","still":"https:\/\/img-opt.cdn.smartvod.com\/smartvod\/images\/videoland\/data\/images\/r\/x\/5f1ec41ad5d30_[format].jpg","runtime":2457,"editions":{"hd":{"price":0}},"is_downloadable":true}}}