{"id":500590,"ref":"S500590","type":"series","title":"Woezel & Pip: Vriendjesclub","year":2021,"rating":5,"poster":"https:\/\/img-opt.cdn.smartvod.com\/smartvod\/images\/videoland\/data\/images\/i\/u\/6037fc5d9f477_[format].jpg","still":"https:\/\/img-opt.cdn.smartvod.com\/smartvod\/images\/videoland\/data\/images\/l\/3\/603e3ee56138c_[format].jpg","cast":{},"genres":["Kids"],"refs":["SN4085","SN4209","SN4320"],"is_adult":false,"is_kids":true,"is_available":true,"description":"Woezel en Pip krijgen een eigen exclusieve serie waarin ze de allerkleinsten meenemen op ontdekkingsreis. Vanuit hun omgetoverde televisiestudio videobellen ze met vriendjes uit het hele land en schakelen ze met hun live reporters op locatie bij de kindjes thuis. \r\n\r\nVoor elke aflevering is een knutselwerkje voor thuis en deze kun je downloaden op www.videoland.com\/nl\/vriendjesclub","nicam":{"al":"Alle leeftijden"},"language":"nl","language_full":"Nederlands","details":{"SN4085":{"id":4085,"ref":"SN4085","type":"season","title":"1","position":1},"SN4209":{"id":4209,"ref":"SN4209","type":"season","title":"2","position":2},"SN4320":{"id":4320,"ref":"SN4320","type":"season","title":"3","position":3,"refs":["E88306","E88295","E88302","E88297","E88304","E88298","E88300"]},"E88306":{"id":88306,"ref":"E88306","type":"episode","position":1,"title":"Woezel & Pip De Vriendjesclub  - Samen Op Reis","description":"Woezel en Pip hebben een opblaasbare aardbol gekregen. Ze gaan nu samen van alles over hele de wereld ontdekken. Zo leren ze het verschil tussen water en land, zoeken de goede dieren bij de goede plekken en graven, zwemmen en vliegen rond de aarde met Molletje. Ook zingen ze met Charlie een liedje over reizen.","still":"https:\/\/img-opt.cdn.smartvod.com\/smartvod\/images\/videoland\/data\/images\/5\/0\/60e6c47996a49_[format].jpg","runtime":871,"editions":{"hd":{"price":0}},"is_downloadable":true},"E88295":{"id":88295,"ref":"E88295","type":"episode","position":2,"title":"Woezel & Pip De Vriendjesclub  - Hoe Voel Jij Je Vandaag?","description":"Vandaag is er weer Vriendjesclub en daarom zijn Woezel en Pip blij. Maar soms voelen ze ook andere dingen. Woezel moet raden hoe Pip zich voelt, Charlie spuit alle monsters weg met zijn monster-ga-weg-spray, Buurpoes probeert een bal op haar hoofd te balanceren en Molletje wordt weer blij gemaakt.","still":"https:\/\/img-opt.cdn.smartvod.com\/smartvod\/images\/videoland\/data\/images\/m\/w\/60e6c34d2f94a_[format].jpg","runtime":815,"editions":{"hd":{"price":0}},"is_downloadable":true},"E88302":{"id":88302,"ref":"E88302","type":"episode","position":3,"title":"Woezel & Pip De Vriendjesclub  - De Leukste Dag Van Het Jaar!","description":"Wat is de leukste dag van het jaar? Sinterklaas? Of nee, toch... De Tovertuinvriendjes kunnen niet kiezen, dus ze gaan ze gewoon allemaal proberen. Ze zingen een liedje voor SinterWoezel, maken drollenkoekjes voor 1 april, verkleden zich in het oranje voor de koning en steken nieuwjaarsconfetti af.","still":"https:\/\/img-opt.cdn.smartvod.com\/smartvod\/images\/videoland\/data\/images\/x\/v\/60e6c476bcec1_[format].jpg","runtime":856,"editions":{"hd":{"price":0}},"is_downloadable":true},"E88297":{"id":88297,"ref":"E88297","type":"episode","position":4,"title":"Woezel & Pip De Vriendjesclub  - De Tijdmachine","description":"De vriendjes leren van alles over vroeger. Pip spreekt Vikingtaal en zingt samen met Woezel een echt Vikinglied. Charlie lacht om de gekste dino's, de Wijze Varen toont de vriendjes een grottekening van een mammoet, Molletje graaft schatten op uit de zandbak en Buurpoes bedenkt een ridderspelletje.","still":"https:\/\/img-opt.cdn.smartvod.com\/smartvod\/images\/videoland\/data\/images\/m\/4\/60e6c46f270a7_[format].jpg","runtime":806,"editions":{"hd":{"price":0}},"is_downloadable":true},"E88304":{"id":88304,"ref":"E88304","type":"episode","position":5,"title":"Woezel & Pip De Vriendjesclub  - Samen Ontdekken","description":"Woezel en Pip ontdekken de planeten en de sterren, want in de ruimte valt van alles te ontdekken. Buurpoes laat haar telescoop zien, Molletje vindt nieuwe sterrenbeelden en Charlie bouwt een echte raket. En als de vriendjes het heel lief vragen, neemt de Wijze Varen hen misschien wel mee de ruimte in!","still":"https:\/\/img-opt.cdn.smartvod.com\/smartvod\/images\/videoland\/data\/images\/7\/3\/60e6c475326e7_[format].jpg","runtime":803,"editions":{"hd":{"price":0}},"is_downloadable":true},"E88298":{"id":88298,"ref":"E88298","type":"episode","position":6,"title":"Woezel & Pip De Vriendjesclub  - Hocus Pocus!","description":"Woezel en Pip hebben een echte goocheldoos gekregen. Daarmee kan iedereen leren toveren. Woezel raadt Pips kaart, Buurpoes tovert een konijn uit een hoed, Molletje wordt door een vriendje voor de gek gehouden en Charlie laat zichzelf verdwijnen.","still":"https:\/\/img-opt.cdn.smartvod.com\/smartvod\/images\/videoland\/data\/images\/b\/w\/60e6c47822a29_[format].jpg","runtime":811,"editions":{"hd":{"price":0}},"is_downloadable":true},"E88300":{"id":88300,"ref":"E88300","type":"episode","position":7,"title":"Woezel & Pip De Vriendjesclub  - Horen, Zien En....","description":"Met je neus kun je... ruiken. En met je oren kun je... horen! Ken jij alle zintuigen al zo goed als de Tovertuinvriendjes? Woezel raadt de geur, Buurpoes luistert of ze haar vriendjes hoort, de Wijze Varen laat de bijzondere ogen van de kameleon en de libelle zien en Molletje proeft zoet en zuur.","still":"https:\/\/img-opt.cdn.smartvod.com\/smartvod\/images\/videoland\/data\/images\/r\/6\/60e6c473b04ce_[format].jpg","runtime":923,"editions":{"hd":{"price":0}},"is_downloadable":true}}}