{"id":500110,"ref":"S500110","type":"series","title":"Keeping Up With the Kardashians","year":2020,"rating":3,"poster":"https:\/\/img-opt.cdn.smartvod.com\/smartvod\/images\/videoland\/data\/images\/n\/e\/61dffb60b11a5_[format].jpg","still":"https:\/\/img-opt.cdn.smartvod.com\/smartvod\/images\/videoland\/data\/images\/v\/h\/5e624ea40a054_[format].jpg","cast":{"actors":["Kim Kardashian West","Kourtney Kardashian","Khloe Kardashian"]},"genres":["Reality"],"refs":["SN2927","SN2928","SN3233","SN4062","SN4396","SN4524"],"is_adult":false,"is_kids":false,"is_available":true,"description":"De Kardashians zijn misschien wel de beroemdste familie van Hollywood. In hun realityserie gaan ze op zoek naar roem, geld en geluk. Het 19e seizoen is vanaf 11 oktober te zien!","nicam":{"6":"Mogelijk schadelijk tot 6 jaar","geweld":"Geweld","taalgebruik":"Grof Taalgebruik"},"language":"en","language_full":"Engels","details":{"SN2927":{"id":2927,"ref":"SN2927","type":"season","title":"15","position":15},"SN2928":{"id":2928,"ref":"SN2928","type":"season","title":"16","position":16},"SN3233":{"id":3233,"ref":"SN3233","type":"season","title":"17","position":17},"SN4062":{"id":4062,"ref":"SN4062","type":"season","title":"18","position":18},"SN4396":{"id":4396,"ref":"SN4396","type":"season","title":"19","position":19},"SN4524":{"id":4524,"ref":"SN4524","type":"season","title":"20","position":20,"refs":["E91624","E91618","E91611","E91622","E91614","E91612","E91620","E91625","E91613","E91616","E91623","E91621","E91619","E91615"]},"E91624":{"id":91624,"ref":"E91624","type":"episode","position":1,"title":"Beginnings And Endings","description":"Nog \u00e9\u00e9n keer geven de families Kardashian en Jenner ons een kijkje in hun glamoureuze leven.","still":"https:\/\/img-opt.cdn.smartvod.com\/smartvod\/images\/videoland\/data\/images\/k\/n\/61a66ddc881b8_[format].jpg","runtime":2541,"editions":{"hd":{"price":0}},"is_downloadable":true},"E91618":{"id":91618,"ref":"E91618","type":"episode","position":2,"title":"No Comment","description":"Nog \u00e9\u00e9n keer geven de families Kardashian en Jenner ons een kijkje in hun glamoureuze leven.","still":"https:\/\/img-opt.cdn.smartvod.com\/smartvod\/images\/videoland\/data\/images\/l\/n\/61a66ee3d7d15_[format].jpg","runtime":2514,"editions":{"hd":{"price":0}},"is_downloadable":true},"E91611":{"id":91611,"ref":"E91611","type":"episode","position":3,"title":"Winners Take All","description":"Nog \u00e9\u00e9n keer geven de families Kardashian en Jenner ons een kijkje in hun glamoureuze leven.","still":"https:\/\/img-opt.cdn.smartvod.com\/smartvod\/images\/videoland\/data\/images\/z\/h\/61a66dd8f3797_[format].jpg","runtime":2514,"editions":{"hd":{"price":0}},"is_downloadable":true},"E91622":{"id":91622,"ref":"E91622","type":"episode","position":4,"title":"New Friends And The Bunker","description":"Nog \u00e9\u00e9n keer geven de families Kardashian en Jenner ons een kijkje in hun glamoureuze leven.","still":"https:\/\/img-opt.cdn.smartvod.com\/smartvod\/images\/videoland\/data\/images\/b\/p\/61a66f023c3fc_[format].jpg","runtime":2514,"editions":{"hd":{"price":0}},"is_downloadable":true},"E91614":{"id":91614,"ref":"E91614","type":"episode","position":5,"title":"Great Ex-pectations","description":"Nog \u00e9\u00e9n keer geven de families Kardashian en Jenner ons een kijkje in hun glamoureuze leven.","still":"https:\/\/img-opt.cdn.smartvod.com\/smartvod\/images\/videoland\/data\/images\/k\/7\/61a66f07d71f1_[format].jpg","runtime":2514,"editions":{"hd":{"price":0}},"is_downloadable":true},"E91612":{"id":91612,"ref":"E91612","type":"episode","position":6,"title":"Summer Of Love","description":"Nog \u00e9\u00e9n keer geven de families Kardashian en Jenner ons een kijkje in hun glamoureuze leven.","still":"https:\/\/img-opt.cdn.smartvod.com\/smartvod\/images\/videoland\/data\/images\/6\/0\/61a66ef06b97a_[format].jpg","runtime":2514,"editions":{"hd":{"price":0}},"is_downloadable":true},"E91620":{"id":91620,"ref":"E91620","type":"episode","position":7,"title":"The End Of An Era","description":"Nog \u00e9\u00e9n keer geven de families Kardashian en Jenner ons een kijkje in hun glamoureuze leven.","still":"https:\/\/img-opt.cdn.smartvod.com\/smartvod\/images\/videoland\/data\/images\/y\/0\/61a66ee03f5f9_[format].jpg","runtime":2514,"editions":{"hd":{"price":0}},"is_downloadable":true},"E91625":{"id":91625,"ref":"E91625","type":"episode","position":8,"title":"Season Of Change","description":"Nog \u00e9\u00e9n keer geven de families Kardashian en Jenner ons een kijkje in hun glamoureuze leven.","still":"https:\/\/img-opt.cdn.smartvod.com\/smartvod\/images\/videoland\/data\/images\/i\/y\/61a66ee846608_[format].jpg","runtime":2515,"editions":{"hd":{"price":0}},"is_downloadable":true},"E91613":{"id":91613,"ref":"E91613","type":"episode","position":9,"title":"Keeping Up With The Kids","description":"Nog \u00e9\u00e9n keer geven de families Kardashian en Jenner ons een kijkje in hun glamoureuze leven.","still":"https:\/\/img-opt.cdn.smartvod.com\/smartvod\/images\/videoland\/data\/images\/4\/l\/61a66ef33634c_[format].jpg","runtime":2514,"editions":{"hd":{"price":0}},"is_downloadable":true},"E91616":{"id":91616,"ref":"E91616","type":"episode","position":10,"title":"Birthdays And Bad News","description":"Nog \u00e9\u00e9n keer geven de families Kardashian en Jenner ons een kijkje in hun glamoureuze leven.","still":"https:\/\/img-opt.cdn.smartvod.com\/smartvod\/images\/videoland\/data\/images\/6\/q\/61a66f0482ab6_[format].jpg","runtime":2514,"editions":{"hd":{"price":0}},"is_downloadable":true},"E91623":{"id":91623,"ref":"E91623","type":"episode","position":11,"title":"The End (Part 1)","description":"Nog \u00e9\u00e9n keer geven de families Kardashian en Jenner ons een kijkje in hun glamoureuze leven.","still":"https:\/\/img-opt.cdn.smartvod.com\/smartvod\/images\/videoland\/data\/images\/o\/r\/61a66ddaa10c7_[format].jpg","runtime":2514,"editions":{"hd":{"price":0}},"is_downloadable":true},"E91621":{"id":91621,"ref":"E91621","type":"episode","position":12,"title":"The End (Part 2)","description":"Nog \u00e9\u00e9n keer geven de families Kardashian en Jenner ons een kijkje in hun glamoureuze leven.","still":"https:\/\/img-opt.cdn.smartvod.com\/smartvod\/images\/videoland\/data\/images\/w\/i\/61a66f06340b0_[format].jpg","runtime":2574,"editions":{"hd":{"price":0}},"is_downloadable":true},"E91619":{"id":91619,"ref":"E91619","type":"episode","position":13,"title":"The Final Curtain (Part 1)","description":"Nog \u00e9\u00e9n keer geven de families Kardashian en Jenner ons een kijkje in hun glamoureuze leven.","still":"https:\/\/img-opt.cdn.smartvod.com\/smartvod\/images\/videoland\/data\/images\/g\/b\/61a66ef54154c_[format].jpg","runtime":2514,"editions":{"hd":{"price":0}},"is_downloadable":true},"E91615":{"id":91615,"ref":"E91615","type":"episode","position":14,"title":"The Final Curtain (Part 2)","description":"Nog \u00e9\u00e9n keer geven de families Kardashian en Jenner ons een kijkje in hun glamoureuze leven.","still":"https:\/\/img-opt.cdn.smartvod.com\/smartvod\/images\/videoland\/data\/images\/k\/d\/61a66ed97ada0_[format].jpg","runtime":2514,"editions":{"hd":{"price":0}},"is_downloadable":true}}}