{"id":500271,"ref":"S500271","type":"series","title":"Sint & Paul Pakken Uit!","year":2020,"rating":4,"poster":"https:\/\/img-opt.cdn.smartvod.com\/smartvod\/images\/videoland\/data\/images\/z\/q\/5f89d1bd6f4cb_[format].jpg","still":"https:\/\/img-opt.cdn.smartvod.com\/smartvod\/images\/videoland\/data\/images\/o\/x\/5fcf94f27e6a4_[format].jpg","cast":{"actors":["Paul de Leeuw"]},"genres":[],"refs":["SN3849","SN3197","SN3933"],"is_adult":false,"is_kids":false,"is_available":true,"description":"Sinterklaas en Paul de Leeuw vieren traditiegetrouw pakjesavond op 5 december. We trekken lootjes met het hele publiek \u00e9n alle bekende gasten en er worden surprises uitgedeeld. Een gezellige en hilarische show, vol met verrassingen voor het publiek en de goedheiligman.","nicam":{"al":"Alle leeftijden","taalgebruik":"Grof Taalgebruik"},"language":"nl","language_full":"Nederlands","details":{"SN3849":{"id":3849,"ref":"SN3849","type":"season","title":"2018","position":1},"SN3197":{"id":3197,"ref":"SN3197","type":"season","title":"2019","position":2},"SN3933":{"id":3933,"ref":"SN3933","type":"season","title":"2020","position":3,"refs":["E82145"]},"E82145":{"id":82145,"ref":"E82145","type":"episode","position":1,"title":"2020","description":"Sinterklaas en Paul de Leeuw vieren traditiegetrouw pakjesavond op 5 december. Ondanks dat Sint tijdens corona in de risicogroep valt, zal hij zoveel mogelijk cadeaus proberen uit te delen. Vanuit de studio en door het land, natuurlijk met gepaste anderhalve mijter afstand. Sint en Paul zorgen voor een warme pakjesavond!","still":"https:\/\/img-opt.cdn.smartvod.com\/smartvod\/images\/videoland\/data\/images\/o\/x\/5fcf94f27e6a4_[format].jpg","runtime":4287,"editions":{"hd":{"price":0}},"is_downloadable":false}}}