{"id":500372,"ref":"S500372","type":"series","title":"Celebrity Ex on the Beach","year":2020,"rating":4,"poster":"https:\/\/img-opt.cdn.smartvod.com\/smartvod\/images\/videoland\/data\/images\/8\/p\/5ef60a79b8438_[format].jpg","still":"https:\/\/img-opt.cdn.smartvod.com\/smartvod\/images\/videoland\/data\/images\/t\/0\/5f2d6919ae179_[format].jpg","cast":{},"genres":["Reality"],"refs":["SN3487","SN3518"],"is_adult":false,"is_kids":false,"is_available":true,"description":"De populairste sterren uit het VK en de VS vertrekken voor een zomer vol liefde met enkele onaangename verrassingen. Wiens ex zal er nu weer arriveren?","nicam":{"12":"Mogelijk schadelijk tot 12 jaar","seks":"Seks","taalgebruik":"Grof Taalgebruik"},"language":"en","language_full":"Engels","details":{"SN3487":{"id":3487,"ref":"SN3487","type":"season","title":"Binnenkort","position":1},"SN3518":{"id":3518,"ref":"SN3518","type":"season","title":"1","position":1,"refs":["E75472","E75475","E75471","E75474","E75478","E75473","E75481","E75470","E75484","E75483","E75480","E75477","E75476","E75482","E75479"]},"E75472":{"id":75472,"ref":"E75472","type":"episode","position":1,"title":"","description":"De populairste tabloidsterren uit het VK en de VS vertrekken voor een zomer vol liefde, met enkele onaangename verrassingen. Ze gaan op date, zijn overgeleverd aan de Tablet of Terror en ervaren op het strand wiens ex er nu weer arriveert.","still":"https:\/\/img-opt.cdn.smartvod.com\/smartvod\/images\/videoland\/data\/images\/t\/0\/5f2d6919ae179_[format].jpg","runtime":3750,"editions":{"hd":{"price":0}},"is_downloadable":true},"E75475":{"id":75475,"ref":"E75475","type":"episode","position":2,"title":"","description":"De populairste tabloidsterren uit het VK en de VS vertrekken voor een zomer vol liefde, met enkele onaangename verrassingen. Ze gaan op date, zijn overgeleverd aan de Tablet of Terror en ervaren op het strand wiens ex er nu weer arriveert.","still":"https:\/\/img-opt.cdn.smartvod.com\/smartvod\/images\/videoland\/data\/images\/7\/q\/5f2d6312e28b7_[format].jpg","runtime":2635,"editions":{"hd":{"price":0}},"is_downloadable":true},"E75471":{"id":75471,"ref":"E75471","type":"episode","position":3,"title":"","description":"De populairste tabloidsterren uit het VK en de VS vertrekken voor een zomer vol liefde, met enkele onaangename verrassingen. Ze gaan op date, zijn overgeleverd aan de Tablet of Terror en ervaren op het strand wiens ex er nu weer arriveert.","still":"https:\/\/img-opt.cdn.smartvod.com\/smartvod\/images\/videoland\/data\/images\/w\/0\/5f2d6a274d9cd_[format].jpg","runtime":2639,"editions":{"hd":{"price":0}},"is_downloadable":true},"E75474":{"id":75474,"ref":"E75474","type":"episode","position":4,"title":"","description":"De populairste tabloidsterren uit het VK en de VS vertrekken voor een zomer vol liefde, met enkele onaangename verrassingen. Ze gaan op date, zijn overgeleverd aan de Tablet of Terror en ervaren op het strand wiens ex er nu weer arriveert.","still":"https:\/\/img-opt.cdn.smartvod.com\/smartvod\/images\/videoland\/data\/images\/1\/v\/5f2d6921d7973_[format].jpg","runtime":2601,"editions":{"hd":{"price":0}},"is_downloadable":true},"E75478":{"id":75478,"ref":"E75478","type":"episode","position":5,"title":"","description":"De populairste tabloidsterren uit het VK en de VS vertrekken voor een zomer vol liefde, met enkele onaangename verrassingen. Ze gaan op date, zijn overgeleverd aan de Tablet of Terror en ervaren op het strand wiens ex er nu weer arriveert.","still":"https:\/\/img-opt.cdn.smartvod.com\/smartvod\/images\/videoland\/data\/images\/k\/u\/5f2d691b9b4bb_[format].jpg","runtime":2617,"editions":{"hd":{"price":0}},"is_downloadable":true},"E75473":{"id":75473,"ref":"E75473","type":"episode","position":6,"title":"","description":"De populairste tabloidsterren uit het VK en de VS vertrekken voor een zomer vol liefde, met enkele onaangename verrassingen. Ze gaan op date, zijn overgeleverd aan de Tablet of Terror en ervaren op het strand wiens ex er nu weer arriveert.","still":"https:\/\/img-opt.cdn.smartvod.com\/smartvod\/images\/videoland\/data\/images\/3\/e\/5f2d691db238e_[format].jpg","runtime":2618,"editions":{"hd":{"price":0}},"is_downloadable":true},"E75481":{"id":75481,"ref":"E75481","type":"episode","position":7,"title":"","description":"De populairste tabloidsterren uit het VK en de VS vertrekken voor een zomer vol liefde, met enkele onaangename verrassingen. Ze gaan op date, zijn overgeleverd aan de Tablet of Terror en ervaren op het strand wiens ex er nu weer arriveert.","still":"https:\/\/img-opt.cdn.smartvod.com\/smartvod\/images\/videoland\/data\/images\/3\/r\/5f2d6a3330ab5_[format].jpg","runtime":2647,"editions":{"hd":{"price":0}},"is_downloadable":true},"E75470":{"id":75470,"ref":"E75470","type":"episode","position":8,"title":"","description":"De populairste tabloidsterren uit het VK en de VS vertrekken voor een zomer vol liefde, met enkele onaangename verrassingen. Ze gaan op date, zijn overgeleverd aan de Tablet of Terror en ervaren op het strand wiens ex er nu weer arriveert.","still":"https:\/\/img-opt.cdn.smartvod.com\/smartvod\/images\/videoland\/data\/images\/t\/n\/5f2d6917be4ee_[format].jpg","runtime":2631,"editions":{"hd":{"price":0}},"is_downloadable":true},"E75484":{"id":75484,"ref":"E75484","type":"episode","position":9,"title":"","description":"De populairste tabloidsterren uit het VK en de VS vertrekken voor een zomer vol liefde, met enkele onaangename verrassingen. Ze gaan op date, zijn overgeleverd aan de Tablet of Terror en ervaren op het strand wiens ex er nu weer arriveert.","still":"https:\/\/img-opt.cdn.smartvod.com\/smartvod\/images\/videoland\/data\/images\/t\/s\/5f2d691fb0f48_[format].jpg","runtime":2633,"editions":{"hd":{"price":0}},"is_downloadable":true},"E75483":{"id":75483,"ref":"E75483","type":"episode","position":10,"title":"","description":"De populairste tabloidsterren uit het VK en de VS vertrekken voor een zomer vol liefde, met enkele onaangename verrassingen. Ze gaan op date, zijn overgeleverd aan de Tablet of Terror en ervaren op het strand wiens ex er nu weer arriveert.","still":"https:\/\/img-opt.cdn.smartvod.com\/smartvod\/images\/videoland\/data\/images\/0\/p\/5f2d6a1b59262_[format].jpg","runtime":2634,"editions":{"hd":{"price":0}},"is_downloadable":true},"E75480":{"id":75480,"ref":"E75480","type":"episode","position":11,"title":"","description":"De populairste tabloidsterren uit het VK en de VS vertrekken voor een zomer vol liefde, met enkele onaangename verrassingen. Ze gaan op date, zijn overgeleverd aan de Tablet of Terror en ervaren op het strand wiens ex er nu weer arriveert.","still":"https:\/\/img-opt.cdn.smartvod.com\/smartvod\/images\/videoland\/data\/images\/w\/k\/5f2d6a1d62fe9_[format].jpg","runtime":2643,"editions":{"hd":{"price":0}},"is_downloadable":true},"E75477":{"id":75477,"ref":"E75477","type":"episode","position":12,"title":"","description":"De populairste tabloidsterren uit het VK en de VS vertrekken voor een zomer vol liefde, met enkele onaangename verrassingen. Ze gaan op date, zijn overgeleverd aan de Tablet of Terror en ervaren op het strand wiens ex er nu weer arriveert.","still":"https:\/\/img-opt.cdn.smartvod.com\/smartvod\/images\/videoland\/data\/images\/h\/g\/5f2d6a313be9f_[format].jpg","runtime":2645,"editions":{"hd":{"price":0}},"is_downloadable":true},"E75476":{"id":75476,"ref":"E75476","type":"episode","position":13,"title":"","description":"De populairste tabloidsterren uit het VK en de VS vertrekken voor een zomer vol liefde, met enkele onaangename verrassingen. Ze gaan op date, zijn overgeleverd aan de Tablet of Terror en ervaren op het strand wiens ex er nu weer arriveert.","still":"https:\/\/img-opt.cdn.smartvod.com\/smartvod\/images\/videoland\/data\/images\/z\/c\/5f2d6a254ef27_[format].jpg","runtime":2646,"editions":{"hd":{"price":0}},"is_downloadable":true},"E75482":{"id":75482,"ref":"E75482","type":"episode","position":14,"title":"","description":"Georgia en Miles leren elkaar beter kennen, maar loopt dit wel goed af? Marissa is tot het gaatje gegaan en Joey en Lorena gaan naar het strand voor de laatste nieuwkomer.","still":"https:\/\/img-opt.cdn.smartvod.com\/smartvod\/images\/videoland\/data\/images\/2\/i\/5f2d6a3ecbef5_[format].jpg","runtime":2647,"editions":{"hd":{"price":0}},"is_downloadable":true},"E75479":{"id":75479,"ref":"E75479","type":"episode","position":15,"title":"","description":"Joey krijgt de schrik van z'n leven, een ex keert terug voor de grote finale en Georgia wordt emotioneel. Leven zij en alle andere stellen nog lang en gelukkig?","still":"https:\/\/img-opt.cdn.smartvod.com\/smartvod\/images\/videoland\/data\/images\/q\/e\/5f2d6927c8be7_[format].jpg","runtime":2637,"editions":{"hd":{"price":0}},"is_downloadable":true}}}