{"id":619,"ref":"S619","type":"series","title":"Goede Tijden, Slechte Tijden (GTST)","year":2022,"rating":5,"poster":"https:\/\/img-opt.cdn.smartvod.com\/smartvod\/images\/videoland\/data\/images\/x\/b\/63048d4134624_[format].jpg","still":"https:\/\/img-opt.cdn.smartvod.com\/smartvod\/images\/videoland\/data\/images\/1\/q\/5f4e039d1b90c_[format].jpg","cast":{"actors":["Jette van der Meij","Caroline de Bruijn","Erik de Vogel","Marly van der Velden","Ferry Doedens","Stephanie van Eer"]},"genres":["Drama"],"refs":["SN1089","SN1297","SN1609","SN1731","SN1948","SN2133","SN2437","SN2595","SN2947","SN3111","SN3686","SN3966","SN4392","SN4710","SN5124"],"is_adult":false,"is_kids":false,"is_available":true,"description":"Nederlandse soapserie over de perikelen rondom verschillende families in het plaatsje Meerdijk.","nicam":{"12":"Mogelijk schadelijk tot 12 jaar","geweld":"Geweld","angst":"Angst","seks":"Seks","taalgebruik":"Grof Taalgebruik"},"language":"nl","language_full":"Nederlands","details":{"SN1089":{"id":1089,"ref":"SN1089","type":"season","title":"Najaar 2015","position":1},"SN1297":{"id":1297,"ref":"SN1297","type":"season","title":"Voorjaar 2016","position":2},"SN1609":{"id":1609,"ref":"SN1609","type":"season","title":"Najaar 2016","position":3,"refs":["E46519","E46520","E46521","E46522","E46523","E46563","E46567","E46575","E46576","E46595","E46656","E46672","E46676","E46686","E46718","E46719","E46768","E46769","E46770","E46771","E46839","E46840","E46841","E46842","E46843","E46914","E46915","E46916","E46917","E46918","E47006","E47007","E47008","E47009","E47010","E47081","E47084","E47086","E47085","E47083","E47239","E47238","E47237","E47241","E47240","E47510","E47513","E47512","E47514","E47511","E47622","E47620","E47621","E47623","E47624","E47722","E47723","E47720","E47721","E47724","E47885","E47883","E47886","E47884","E47887","E48081","E48138","E48238","E48244","E48230","E48236","E48233","E48245","E48235","E48241","E48259","E48260","E48261","E48262","E48263","E48454","E48453","E48456","E48455","E48457"]},"SN1731":{"id":1731,"ref":"SN1731","type":"season","title":"Voorjaar 2017","position":4},"SN1948":{"id":1948,"ref":"SN1948","type":"season","title":"Najaar 2017","position":5},"SN2133":{"id":2133,"ref":"SN2133","type":"season","title":"Voorjaar 2018","position":6},"SN2437":{"id":2437,"ref":"SN2437","type":"season","title":"Najaar 2018","position":7},"SN2595":{"id":2595,"ref":"SN2595","type":"season","title":"Voorjaar 2019","position":8},"SN2947":{"id":2947,"ref":"SN2947","type":"season","title":"Najaar 2019","position":9},"SN3111":{"id":3111,"ref":"SN3111","type":"season","title":"Voorjaar 2020","position":10},"SN3686":{"id":3686,"ref":"SN3686","type":"season","title":"Najaar 2020","position":11},"SN3966":{"id":3966,"ref":"SN3966","type":"season","title":"Voorjaar 2021","position":12},"SN4392":{"id":4392,"ref":"SN4392","type":"season","title":"Najaar 2021","position":13},"SN4710":{"id":4710,"ref":"SN4710","type":"season","title":"Voorjaar 2022","position":14},"SN5124":{"id":5124,"ref":"SN5124","type":"season","title":"Najaar 2022","position":15},"E46519":{"id":46519,"ref":"E46519","type":"episode","position":1,"title":"Afl. 5406","description":"Uitzending RTL 4: Ma 5 Sep Nina hoort dat Noud zijn mond voorbij heeft gepraat. Aysen heeft verschrikkelijk nieuws voor Thijs. Bing is wantrouwig en dwingt Nina tot een keuze. Rover wordt geconfronteerd met de gevolgen van de ondoordachte daad van Sam, Sjoerd, Anna, Job en hemzelf.","still":"https:\/\/img-opt.cdn.smartvod.com\/smartvod\/images\/videoland\/data\/images\/i\/a\/57beea141da3c_[format].jpg","runtime":1382,"editions":{"hd":{"price":0}},"is_downloadable":true},"E46520":{"id":46520,"ref":"E46520","type":"episode","position":2,"title":"Afl. 5407","description":"Uitzending RTL 4: Di 6 Sep Als Rover op de SEH belandt, moet hij met een geloofwaardig verhaal komen. Janine bagatelliseert Nina\u2019s probleem. Rikki probeert met de beste bedoelingen Thijs tot steun te zijn. Noud stort zich op de organisatie van een herdenkingsbijeenkomst.","still":"https:\/\/img-opt.cdn.smartvod.com\/smartvod\/images\/videoland\/data\/images\/m\/s\/57beea1a4d781_[format].jpg","runtime":1345,"editions":{"hd":{"price":0}},"is_downloadable":true},"E46521":{"id":46521,"ref":"E46521","type":"episode","position":3,"title":"Afl. 5408","description":"Uitzending RTL 4: Wo 7 Sep Rover raakt in paniek als het slecht gaat in het ziekenhuis. Rik voelt dat de liefde tussen hem en Janine allemaal nog heel erg gevoelig ligt. Ludo sluit een grote deal, maar weigert dit te vieren. Uit liefde voor Anna gaat Job tegen zijn gevoel in.","still":"https:\/\/img-opt.cdn.smartvod.com\/smartvod\/images\/videoland\/data\/images\/8\/6\/57beea25b14d1_[format].jpg","runtime":1386,"editions":{"hd":{"price":0}},"is_downloadable":true},"E46522":{"id":46522,"ref":"E46522","type":"episode","position":4,"title":"Afl. 5409","description":"Uitzending RTL 4: Do 8 Sep Thijs bemoeit zich met het onderzoek en belandt daardoor in de bak. Noud ontdekt dat hij minder van Sacha weet dan hij dacht, dus heeft hij hulp nodig voor de herdenking. Nina heeft het moeilijk als Bing ondanks alles met haar op huwelijksreis wil. Rikki treft een enorm verslonsd huis aan.","still":"https:\/\/img-opt.cdn.smartvod.com\/smartvod\/images\/videoland\/data\/images\/8\/l\/57beea2c2efd1_[format].jpg","runtime":1374,"editions":{"hd":{"price":0}},"is_downloadable":true},"E46523":{"id":46523,"ref":"E46523","type":"episode","position":5,"title":"Afl. 5410","description":"Uitzending RTL 4: Vr 9 Sep Thijs weet een nadelige situatie in zijn voordeel om te zetten door informatie te stelen. Anton pakt Ludo hard aan en zet hem aan het denken. Sjoerd staat recht tegenover Job in zijn keuze om het geheim al of niet open te gooien. Bing merkt hoezeer Nina op Noud gefocust is.","still":"https:\/\/img-opt.cdn.smartvod.com\/smartvod\/images\/videoland\/data\/images\/s\/o\/57beea32baa28_[format].jpg","runtime":1402,"editions":{"hd":{"price":0}},"is_downloadable":true},"E46563":{"id":46563,"ref":"E46563","type":"episode","position":6,"title":"Afl. 5411","description":"Uitzending RTL 4: Ma 12 Sep Anna en Job komen tot een extreme oplossing om hun schuldgevoel weg te drukken. Nina wordt op een modebeurs benaderd door een talentscout. Ludo wordt onaangenaam verrast in zijn eigen huis en verbergt een geheim voor Bing.","still":"https:\/\/img-opt.cdn.smartvod.com\/smartvod\/images\/videoland\/data\/images\/2\/c\/57cd3a211b4c1_[format].jpg","runtime":1395,"editions":{"hd":{"price":0}},"is_downloadable":true},"E46567":{"id":46567,"ref":"E46567","type":"episode","position":7,"title":"Afl. 5412","description":"Uitzending RTL 4: Di 13 Sep Thijs verliest alle controle als zijn frustratie er keihard uitkomt. Rik heeft groot nieuws voor zijn kinderen en huisgenoten. Janine laat zich uitdagen, maar haar plan draait uit op een fiasco. Ludo is bovenmatig bot tegen een onschuldig iemand.","still":"https:\/\/img-opt.cdn.smartvod.com\/smartvod\/images\/videoland\/data\/images\/3\/6\/57cd3a25afd16_[format].jpg","runtime":1376,"editions":{"hd":{"price":0}},"is_downloadable":true},"E46575":{"id":46575,"ref":"E46575","type":"episode","position":8,"title":"Afl. 5413","description":"Uitzending RTL 4: Wo 14 Sep Nina dwingt een tweede kans af. Noud blijft beweren dat hij niet naar het ziekenhuis hoeft, dan gaat het mis. Aysen start een onderzoek naar wat er met Noud gebeurd is. Rikki gaat door Rik twijfelen aan Thijs.","still":"https:\/\/img-opt.cdn.smartvod.com\/smartvod\/images\/videoland\/data\/images\/4\/t\/57ce71240f2c2_[format].jpg","runtime":1391,"editions":{"hd":{"price":0}},"is_downloadable":true},"E46576":{"id":46576,"ref":"E46576","type":"episode","position":9,"title":"Afl. 5414","description":"Uitzending RTL 4: Do 15 Sep Rover heeft een gewaagd plan waar Sjoerd hem vanaf probeert te houden. Nina baalt dat ze niet bij de uitvaart kan zijn. Thijs realiseert zich dat hij een heleboel dingen verkeerd heeft gedaan.","still":"https:\/\/img-opt.cdn.smartvod.com\/smartvod\/images\/videoland\/data\/images\/g\/6\/57ce886c92a33_[format].jpg","runtime":1398,"editions":{"hd":{"price":0}},"is_downloadable":true},"E46595":{"id":46595,"ref":"E46595","type":"episode","position":10,"title":"Afl. 5415","description":"Uitzending RTL 4: Vr 16 Sep Sjoerd is boos om wat Rover gedaan heeft. Blij nieuws van Rik wordt verstoord door een onaangekondigde gast. Ludo wordt betast, doet krampachtig en raakt ontregeld. Sjoerd vist subtiel naar wat Aysen weet over Sacha.","still":"https:\/\/img-opt.cdn.smartvod.com\/smartvod\/images\/videoland\/data\/images\/5\/1\/57ce88dd2d040_[format].jpg","runtime":1394,"editions":{"hd":{"price":0}},"is_downloadable":true},"E46656":{"id":46656,"ref":"E46656","type":"episode","position":11,"title":"Afl. 5416","description":"Uitzending RTL 4: Ma 19 Sep Rik wil van Janine horen dat ze hem sexy vindt. Noud heeft het moeilijk als hij Sacha's spullen bekijkt, maar ontdekt iets wat hem een doel geeft. Ludo wil niet laten merken dat hij gekwetst is dat Janine hem niet uitnodigt voor haar boeklancering.","still":"https:\/\/img-opt.cdn.smartvod.com\/smartvod\/images\/videoland\/data\/images\/c\/o\/57d29c9ce04f3_[format].jpg","runtime":1342,"editions":{"hd":{"price":0}},"is_downloadable":true},"E46672":{"id":46672,"ref":"E46672","type":"episode","position":12,"title":"Afl. 5417","description":"Uitzending RTL 4: Di 20 Sep Rover krijgt het benauwd als Thijs doorvraagt over zijn bezoek aan het kerkhof. Ludo is afgeleid door Malena waardoor een zakelijke afspraak in gevaar komt. Nina heeft het moeilijk om inspiratie te vinden.","still":"https:\/\/img-opt.cdn.smartvod.com\/smartvod\/images\/videoland\/data\/images\/b\/f\/57d2b34f3108e_[format].jpg","runtime":1394,"editions":{"hd":{"price":0}},"is_downloadable":true},"E46676":{"id":46676,"ref":"E46676","type":"episode","position":13,"title":"Afl. 5418","description":"Uitzending RTL 4: Wo 21 Sep Rover wordt opstandig als Sjoerd en Job hem uittesten. Noud biedt een volstrekt onbekende een slaapplek in Toko aan. Thijs vist subtiel bij Rikki naar informatie over Rover.","still":"https:\/\/img-opt.cdn.smartvod.com\/smartvod\/images\/videoland\/data\/images\/7\/u\/57d2bc40a889a_[format].jpg","runtime":1402,"editions":{"hd":{"price":0}},"is_downloadable":true},"E46686":{"id":46686,"ref":"E46686","type":"episode","position":14,"title":"Afl. 5419","description":"Uitzending RTL 4: Do 22 Sep Nina is het niet eens met Ludo's beslissing over Malena. Anna is rusteloos door het geheim rond Sacha en reageert dit af door Boks op stelten te zetten en heftig te feesten.","still":"https:\/\/img-opt.cdn.smartvod.com\/smartvod\/images\/videoland\/data\/images\/j\/x\/57d80f34a0215_[format].jpg","runtime":1368,"editions":{"hd":{"price":0}},"is_downloadable":true},"E46718":{"id":46718,"ref":"E46718","type":"episode","position":15,"title":"Afl. 5420","description":"Uitzending RTL 4: Vr 23 Sep Thijs bespeelt de gevoelige kant van Rover. Aysen wordt overdonderd als Noud zonder overleg logees binnenhaalt. Anna heeft zichzelf in de problemen gezopen en moet nu een deadline zien te halen.","still":"https:\/\/img-opt.cdn.smartvod.com\/smartvod\/images\/videoland\/data\/images\/a\/7\/57d80f5a10fbd_[format].jpg","runtime":1388,"editions":{"hd":{"price":0}},"is_downloadable":true},"E46719":{"id":46719,"ref":"E46719","type":"episode","position":16,"title":"Afl. 5421","description":"Uitzending RTL 4: Ma 26 Sep Rover ziet scheel van de hoofdpijn, Sjoerd vraagt door naar de oorzaak. Ludo verrast Malena met een intiem cadeau. Rik wil met Janine vieren dat haar boek zo positief gerecenseerd is.","still":"https:\/\/img-opt.cdn.smartvod.com\/smartvod\/images\/videoland\/data\/images\/i\/y\/57daae15aeeba_[format].jpg","runtime":1379,"editions":{"hd":{"price":0}},"is_downloadable":true},"E46768":{"id":46768,"ref":"E46768","type":"episode","position":17,"title":"Afl. 5422","description":"Uitzending RTL 4: Di 27 Sep Rik wil weten waarom Janine steeds maar op Ludo gefocust blijft. Malena moet Ludo bekennen dat ze iets heel stoms gedaan heeft. Thijs wil alles rechtzetten tussen hem en Rikki, maar heeft bijbedoelingen.","still":"https:\/\/img-opt.cdn.smartvod.com\/smartvod\/images\/videoland\/data\/images\/g\/v\/57daae1cc656a_[format].jpg","runtime":1369,"editions":{"hd":{"price":0}},"is_downloadable":true},"E46769":{"id":46769,"ref":"E46769","type":"episode","position":18,"title":"Afl. 5423","description":"Uitzending RTL 4: Wo 28 Sep Job raakt in gesprek met een leuke vrouw die wel in is voor een experiment. Door Rikki's onzekerheid, verknoeit ze iets voor zichzelf. Sam stelt zich een doel en vecht ervoor om dat te halen.","still":"https:\/\/img-opt.cdn.smartvod.com\/smartvod\/images\/videoland\/data\/images\/t\/8\/57e003c751838_[format].jpg","runtime":1393,"editions":{"hd":{"price":0}},"is_downloadable":true},"E46770":{"id":46770,"ref":"E46770","type":"episode","position":19,"title":"Afl. 5424","description":"Uitzending RTL 4: Do 29 Sep Sjors krijgt een telefoontje dat haar leven direct totaal op zijn kop zet. Anna is bereid mee te doen met Jobs bedplannen, maar onder bepaalde voorwaarden. Noud wil perse zijn missie afmaken.","still":"https:\/\/img-opt.cdn.smartvod.com\/smartvod\/images\/videoland\/data\/images\/j\/o\/57e003df8f730_[format].jpg","runtime":1377,"editions":{"hd":{"price":0}},"is_downloadable":true},"E46771":{"id":46771,"ref":"E46771","type":"episode","position":20,"title":"Afl. 5425","description":"Uitzending RTL 4: Vr 30 Sep Ludo onthult aan Rik wat Janine heeft geflikt. Job heeft een fout recht te zetten bij Anna. Malena wil van Ludo weten wat zijn plannen met haar nu eigenlijk zijn.","still":"https:\/\/img-opt.cdn.smartvod.com\/smartvod\/images\/videoland\/data\/images\/a\/0\/57e003e629361_[format].jpg","runtime":1397,"editions":{"hd":{"price":0}},"is_downloadable":true},"E46839":{"id":46839,"ref":"E46839","type":"episode","position":21,"title":"Afl. 5426","description":"Uitzending RTL 4: Ma 3 Okt Sjoerd en Aysen vinden dat Noud te ver gaat en proberen hem te stoppen. Job daagt Anna opnieuw uit tot een opwindend experiment. Ludo wordt uitgedaagd en vervolgens teleurgesteld.","still":"https:\/\/img-opt.cdn.smartvod.com\/smartvod\/images\/videoland\/data\/images\/q\/e\/57e3ba9617597_[format].jpg","runtime":1345,"editions":{"hd":{"price":0}},"is_downloadable":true},"E46840":{"id":46840,"ref":"E46840","type":"episode","position":22,"title":"Afl. 5427","description":"Uitzending RTL 4: Di 4 Okt Anna raakt aangenaam gespannen als ze oog in oog staat met haar date. Als Nina het ongemak voelt tussen Ludo en Malena, neemt Ludo een onverwacht besluit. Noud krijgt een tegenvaller te verwerken.","still":"https:\/\/img-opt.cdn.smartvod.com\/smartvod\/images\/videoland\/data\/images\/t\/l\/57e3bd42ce3a0_[format].jpg","runtime":1377,"editions":{"hd":{"price":0}},"is_downloadable":true},"E46841":{"id":46841,"ref":"E46841","type":"episode","position":23,"title":"Afl. 5428","description":"Uitzending RTL 4: Wo 5 Okt Nina reageert haar deadlinestress af op degene waar ze het meest van houdt. Rikki zit Thijs dwars, juist als ze toenadering zoekt. Janine kan niet verbergen dat Ludo's besluit haar meer doet dan ze toe wil geven.","still":"https:\/\/img-opt.cdn.smartvod.com\/smartvod\/images\/videoland\/data\/images\/w\/r\/57e3ba9b42332_[format].jpg","runtime":1339,"editions":{"hd":{"price":0}},"is_downloadable":true},"E46842":{"id":46842,"ref":"E46842","type":"episode","position":24,"title":"Afl. 5429","description":"Uitzending RTL 4: Do 6 Okt Sam schakelt Rik in om Rover zijn zorgen te laten vergeten en hem op het juiste spoor te krijgen. Ludo laat een zakelijke meeting aan Bing over, omdat hij een date heeft. Helaas loopt deze date niet zoals Ludo wil.","still":"https:\/\/img-opt.cdn.smartvod.com\/smartvod\/images\/videoland\/data\/images\/8\/u\/57e3baa0cabab_[format].jpg","runtime":1267,"editions":{"hd":{"price":0}},"is_downloadable":true},"E46843":{"id":46843,"ref":"E46843","type":"episode","position":25,"title":"Afl. 5430","description":"Uitzending RTL 4: Vr 7 Okt Job gaat samen met Thijs racen op het circuit. Sjoerd is tegen. Hij is bang dat Thijs Job daar belastende uitspraken wil ontfutselen. Sam wordt intens verdrietig van een goedbedoeld bericht.","still":"https:\/\/img-opt.cdn.smartvod.com\/smartvod\/images\/videoland\/data\/images\/5\/2\/57e8d3aad5279_[format].jpg","runtime":1332,"editions":{"hd":{"price":0}},"is_downloadable":true},"E46914":{"id":46914,"ref":"E46914","type":"episode","position":26,"title":"Afl. 5431","description":"Uitzending RTL 4: Ma 10 Okt Job heeft het niet door als Thijs hem uitlokt. Rik merkt dat Janine zich niet helemaal thuis voelt. Hij wil daar iets aan doen, maar heeft daar de hulp van Nina bij nodig.","still":"https:\/\/img-opt.cdn.smartvod.com\/smartvod\/images\/videoland\/data\/images\/n\/1\/57f2044ca98cc_[format].jpg","runtime":1369,"editions":{"hd":{"price":0}},"is_downloadable":true},"E46915":{"id":46915,"ref":"E46915","type":"episode","position":27,"title":"Afl. 5432","description":"Uitzending RTL 4: Di 11 Okt Sjoerd ziet dat het niet goed gaat met Anna. Sam ontsnapt uit het ziekenhuis, maar ze gaat daarbij te ver. De vijf moeten een strategische beslissing nemen, maar iedereen wil iets anders.","still":"https:\/\/img-opt.cdn.smartvod.com\/smartvod\/images\/videoland\/data\/images\/b\/9\/57f204527ccfe_[format].jpg","runtime":1323,"editions":{"hd":{"price":0}},"is_downloadable":true},"E46916":{"id":46916,"ref":"E46916","type":"episode","position":28,"title":"Afl. 5433","description":"Uitzending RTL 4: Wo 12 Okt Bing blundert als hij zijn mening geeft over een ontwerp van Nina. Sjoerd gebruikt een slappe smoes om een afspraakje met Aysen af te zeggen. Thijs' plan om de vijf tegen elkaar uit te spelen, lijkt te werken.","still":"https:\/\/img-opt.cdn.smartvod.com\/smartvod\/images\/videoland\/data\/images\/m\/8\/57f4b5dda1567_[format].jpg","runtime":1380,"editions":{"hd":{"price":0}},"is_downloadable":true},"E46917":{"id":46917,"ref":"E46917","type":"episode","position":29,"title":"Afl. 5434","description":"Uitzending RTL 4: Do 13 Okt Anna maakt een fout die ze niet meer recht kan zetten. Na een desastreuze ontdekking moet Nina aan de bak om haar deadline te halen. Janine treft Noud aan op een plek waar hij niet hoort te zijn.","still":"https:\/\/img-opt.cdn.smartvod.com\/smartvod\/images\/videoland\/data\/images\/3\/r\/57f4b5e17f674_[format].jpg","runtime":1382,"editions":{"hd":{"price":0}},"is_downloadable":true},"E46918":{"id":46918,"ref":"E46918","type":"episode","position":30,"title":"Afl. 5435","description":"Uitzending RTL 4: Vr 14 Okt Ludo laat zich uitdagen om Malena tegemoet te komen. Thijs zet een oude bekende in om Jobs telefoon in handen te krijgen. Rover maakt zichzelf verdacht als hij probeert Sjoerd het huis uit te werken.","still":"https:\/\/img-opt.cdn.smartvod.com\/smartvod\/images\/videoland\/data\/images\/8\/v\/57f65ecf8448b_[format].jpg","runtime":1371,"editions":{"hd":{"price":0}},"is_downloadable":true},"E47006":{"id":47006,"ref":"E47006","type":"episode","position":31,"title":"Afl. 5436","description":"Uitzending RTL 4: Ma 17 Okt Linda gelooft Rovers smoezen niet. Anna kan niet langer zwijgen als Nina wil weten wat haar dwarszit. Janine belandt op een borrel van een groep sportieve collega's van Rik.","still":"https:\/\/img-opt.cdn.smartvod.com\/smartvod\/images\/videoland\/data\/images\/z\/4\/57f773167de10_[format].jpg","runtime":1377,"editions":{"hd":{"price":0}},"is_downloadable":true},"E47007":{"id":47007,"ref":"E47007","type":"episode","position":32,"title":"Afl. 5437","description":"Uitzending RTL 4: Di 18 Okt Job ontdekt dat Anna berichtjes heeft gekregen van een andere vrouw. Sam moet liegen om Rover te beschermen. Ondanks zijn lichamelijke klachten bijt Noud zich vast in zijn zoektocht naar Nico.","still":"https:\/\/img-opt.cdn.smartvod.com\/smartvod\/images\/videoland\/data\/images\/h\/g\/57fd322fb543c_[format].jpg","runtime":1339,"editions":{"hd":{"price":0}},"is_downloadable":true},"E47008":{"id":47008,"ref":"E47008","type":"episode","position":33,"title":"Afl. 5438","description":"Uitzending RTL 4: Wo 19 Okt Thijs merkt dat zijn plan om tweestrijd te zaaien begint te werken. Bing stuit op de eigenwijze Nina en besluit om haar op zijn eigen wijze te helpen. Anna maakt Job duidelijk dat hij veel te laat is met excuses.","still":"https:\/\/img-opt.cdn.smartvod.com\/smartvod\/images\/videoland\/data\/images\/3\/y\/57fd32360d11c_[format].jpg","runtime":1343,"editions":{"hd":{"price":0}},"is_downloadable":true},"E47009":{"id":47009,"ref":"E47009","type":"episode","position":34,"title":"Afl. 5439","description":"Uitzending RTL 4: Do 20 Okt Bing ontdekt dat Nina iets voor hem verbergt. Janine heeft het niet door als Rik een verrassing voor haar organiseert. Anna heeft een kater en krijgt nog even van Sjoerd te horen wat ze gisteravond verkeerd heeft gedaan.","still":"https:\/\/img-opt.cdn.smartvod.com\/smartvod\/images\/videoland\/data\/images\/j\/m\/57fdf93d28fb4_[format].jpg","runtime":1372,"editions":{"hd":{"price":0}},"is_downloadable":true},"E47010":{"id":47010,"ref":"E47010","type":"episode","position":35,"title":"Afl. 5440","description":"Uitzending RTL 4: Vr 21 Okt Het is de dag van de waarheid voor Sam. Zij moet laten zien dat ze genoeg hersteld is om het ziekenhuis te mogen verlaten. Rik en Bing reageren hun frustraties op elkaar af in de boksring.","still":"https:\/\/img-opt.cdn.smartvod.com\/smartvod\/images\/videoland\/data\/images\/g\/j\/57ff25be155b9_[format].jpg","runtime":1386,"editions":{"hd":{"price":0}},"is_downloadable":true},"E47081":{"id":47081,"ref":"E47081","type":"episode","position":36,"title":"Afl. 5441","description":"Uitzending RTL 4: Ma 24 Okt Anna wordt slachtoffer van een zieke actie. Janine weegt de voors en tegens af over een vertrek naar het buitenland. Malena merkt dat Ludo haar afhoudt en dat past niet in haar toekomstbeeld.","still":"https:\/\/img-opt.cdn.smartvod.com\/smartvod\/images\/videoland\/data\/images\/d\/k\/5800905ed05bc_[format].jpg","runtime":1380,"editions":{"hd":{"price":0}},"is_downloadable":true},"E47084":{"id":47084,"ref":"E47084","type":"episode","position":37,"title":"Afl. 5442","description":"Uitzending RTL 4: Di 25 Okt Noud krijgt het idee dat Sjoerd hem ontloopt. Thijs verstopt een zendertje in Anna's colbertje. Zonder het te weten werkt Rikki Thijs tegen. De gestreste Nina betrekt alles wat een beetje tegenzit op haar eigen situatie.","still":"https:\/\/img-opt.cdn.smartvod.com\/smartvod\/images\/videoland\/data\/images\/y\/x\/580605d4f3162_[format].jpg","runtime":1379,"editions":{"hd":{"price":0}},"is_downloadable":true},"E47086":{"id":47086,"ref":"E47086","type":"episode","position":38,"title":"Afl. 5443","description":"Uitzending RTL 4: Wo 26 Okt De vijf krijgen het vermoeden dat ze tegen Thijs strijden. Sjoerd wordt betrapt bij een insluiping. Nina raakt over haar toeren na een uitbarsting van Bing.","still":"https:\/\/img-opt.cdn.smartvod.com\/smartvod\/images\/videoland\/data\/images\/u\/z\/580605de46eb2_[format].jpg","runtime":1404,"editions":{"hd":{"price":0}},"is_downloadable":true},"E47085":{"id":47085,"ref":"E47085","type":"episode","position":39,"title":"Afl. 5444","description":"Uitzending RTL 4: Do 27 Okt Thijs kan Rikki's liefbedoelde aandacht niet meer voelen. Sam doet haar best om Rovers doemdenken uit te bannen. Sjoerd wijst Nouds vriendschappelijke toenadering bot af.","still":"https:\/\/img-opt.cdn.smartvod.com\/smartvod\/images\/videoland\/data\/images\/6\/a\/5807304b74234_[format].jpg","runtime":1358,"editions":{"hd":{"price":0}},"is_downloadable":true},"E47083":{"id":47083,"ref":"E47083","type":"episode","position":40,"title":"Afl. 5445","description":"Uitzending RTL 4: Vr 28 Okt Anton kan het niet geloven als hij ziet wie er op de SEH wordt binnengebracht. Terwijl Janine in een vliegtuig stapt, neemt Ludo een definitieve liefdesbeslissing.","still":"https:\/\/img-opt.cdn.smartvod.com\/smartvod\/images\/videoland\/data\/images\/h\/k\/58075d8dbcfcb_[format].jpg","runtime":1361,"editions":{"hd":{"price":0}},"is_downloadable":true},"E47239":{"id":47239,"ref":"E47239","type":"episode","position":41,"title":"Afl. 5446","description":"Uitzending RTL 4: Ma 31 Okt Nina overdondert Bing met een vurig pleidooi voor hun liefde. Noud heeft het moeilijk met het nieuws dat hij van Sjoerd te horen krijgt. Linda reageert anders dan Rover van haar verwacht.","still":"https:\/\/img-opt.cdn.smartvod.com\/smartvod\/images\/videoland\/data\/images\/k\/r\/580a38b61527d_[format].jpg","runtime":1389,"editions":{"hd":{"price":0}},"is_downloadable":true},"E47238":{"id":47238,"ref":"E47238","type":"episode","position":42,"title":"Afl. 5447","description":"Uitzending RTL 4: Di 1 Nov Bing uit zijn frustratie op een mannenmanier. Anna wil minder drinken, maar het wordt haar niet makkelijk gemaakt. Nina ontdekt dat Janine nooit in haar huwelijk met Bing geloofd heeft.","still":"https:\/\/img-opt.cdn.smartvod.com\/smartvod\/images\/videoland\/data\/images\/j\/z\/580dd89fb381f_[format].jpg","runtime":1329,"editions":{"hd":{"price":0}},"is_downloadable":true},"E47237":{"id":47237,"ref":"E47237","type":"episode","position":43,"title":"Afl. 5448","description":"Uitzending RTL 4: Wo 2 Nov Noud voelt zich geroepen om de depressieve Nina bij zinnen te laten komen. Als Rover een afspraak met een psycholoog heeft, ontdekt Linda dat er iets niet klopt. Bing wordt slachtoffer van zijn eigen haantjesgedrag.","still":"https:\/\/img-opt.cdn.smartvod.com\/smartvod\/images\/videoland\/data\/images\/f\/r\/580f0aee91e65_[format].jpg","runtime":1382,"editions":{"hd":{"price":0}},"is_downloadable":true},"E47241":{"id":47241,"ref":"E47241","type":"episode","position":44,"title":"Afl. 5449","description":"Uitzending RTL 4: Do 3 Nov Anton doet een ontdekking en wil van Linda weten wat ze voor hem achterhoudt. Noud en Sjoerd ontdekken dan Anna niet meer in Boks werkt. Rikki ziet geheime beveiligingsbeelden en merkt dat Thijs tegen haar gelogen heeft.","still":"https:\/\/img-opt.cdn.smartvod.com\/smartvod\/images\/videoland\/data\/images\/o\/6\/58104cb1b3648_[format].jpg","runtime":1370,"editions":{"hd":{"price":0}},"is_downloadable":true},"E47240":{"id":47240,"ref":"E47240","type":"episode","position":45,"title":"Afl. 5450","description":"Uitzending RTL 4: Vr 4 Nov Sam baalt van haar rolstoel als ze door een leuke jongen wordt benaderd. Door stress en onbegrip komen Anna en Job in een crisis. Malena weet een ruzie in haar voordeel te gebruiken.","still":"https:\/\/img-opt.cdn.smartvod.com\/smartvod\/images\/videoland\/data\/images\/s\/2\/58104cae5cf14_[format].jpg","runtime":1333,"editions":{"hd":{"price":0}},"is_downloadable":true},"E47510":{"id":47510,"ref":"E47510","type":"episode","position":46,"title":"Afl. 5451","description":"Uitzending RTL 4: Ma 7 Nov Bing luistert een intiem gesprek af tussen Nina en Noud. Aysen is verbijsterd als Job zijn hart bij haar uitstort. Anna is emotioneel uitgeput en kan niet langer tegen haar geweten in gaan.","still":"https:\/\/img-opt.cdn.smartvod.com\/smartvod\/images\/videoland\/data\/images\/y\/b\/58134b0df3149_[format].jpg","runtime":1379,"editions":{"hd":{"price":0}},"is_downloadable":true},"E47513":{"id":47513,"ref":"E47513","type":"episode","position":47,"title":"Afl. 5452","description":"Uitzending RTL 4: Di 8 Nov Dat het geheim van de vijf onthuld is, heeft consequenties voor Job en Anna, zorgt voor spanning tussen Thijs en Rikki \u00e9n brengt een schok teweeg bij de familie Bouwhuis. Sjoerd is bang om alles te verliezen.","still":"https:\/\/img-opt.cdn.smartvod.com\/smartvod\/images\/videoland\/data\/images\/u\/i\/58185087b17b4_[format].jpg","runtime":1369,"editions":{"hd":{"price":0}},"is_downloadable":true},"E47512":{"id":47512,"ref":"E47512","type":"episode","position":48,"title":"Afl. 5453","description":"Uitzending RTL 4: Wo 9 Nov Bing realiseert zich dat hij Nina mist, maar weet niet of hij haar terug wil. Als de vijf verhoord worden en ze de waarheid openbaar maken, merken ze dat de politie twijfelt aan hun verhaal.","still":"https:\/\/img-opt.cdn.smartvod.com\/smartvod\/images\/videoland\/data\/images\/4\/d\/5819f2727aeb8_[format].jpg","runtime":1420,"editions":{"hd":{"price":0}},"is_downloadable":true},"E47514":{"id":47514,"ref":"E47514","type":"episode","position":49,"title":"Afl. 5454","description":"Uitzending RTL 4: Wo 10 Nov Anton biecht aan Ludo op dat de situatie thuis volledig verkild is. Laura wrijft het Linda in dat het haar eigen schuld is dat ze iedereen is kwijtgeraakt. Nina voelt de druk die de modeshow met zich meebrengt.","still":"https:\/\/img-opt.cdn.smartvod.com\/smartvod\/images\/videoland\/data\/images\/y\/i\/581ae17e4a89d_[format].jpg","runtime":1387,"editions":{"hd":{"price":0}},"is_downloadable":true},"E47511":{"id":47511,"ref":"E47511","type":"episode","position":50,"title":"Afl. 5455","description":"Uitzending RTL 4: Vr 11 Nov Sjoerd voelt zich nog schuldiger als hij hoort dat zijn maandenlange zwijgen persoonlijke gevolgen voor Aysen heeft. Laura ontdekt dat Noud al van het geheim wist en begrijpt niet dat het daarbij liet.","still":"https:\/\/img-opt.cdn.smartvod.com\/smartvod\/images\/videoland\/data\/images\/t\/d\/581ae179ac61c_[format].jpg","runtime":1316,"editions":{"hd":{"price":0}},"is_downloadable":true},"E47622":{"id":47622,"ref":"E47622","type":"episode","position":5456,"title":"Afl. 5456","description":"Uitzending RTL 4: Ma 14 Nov Er ontstaat een levensgevaarlijke situatie als Thijs bij de vijf helemaal door het lint gaat. Ludo ontdekt dat Malena voor Nina werkt. Hij vindt haar opdringerig en wil haar weg hebben.","still":"https:\/\/img-opt.cdn.smartvod.com\/smartvod\/images\/videoland\/data\/images\/k\/m\/581b480289a7f_[format].jpg","runtime":1343,"editions":{"hd":{"price":0}},"is_downloadable":true},"E47620":{"id":47620,"ref":"E47620","type":"episode","position":5457,"title":"Afl. 5457","description":"Uitzending RTL 4: Di 15 Nov Nina is verontwaardigd na een vriendschapspleidooi van Anna. Thijs gaat kapot aan de gedachte dat hij nooit een goede broer is geweest voor Sacha. Ludo laat zich niet door mooie praatjes verleiden.","still":"https:\/\/img-opt.cdn.smartvod.com\/smartvod\/images\/videoland\/data\/images\/t\/e\/581b5448ad7a7_[format].jpg","runtime":1387,"editions":{"hd":{"price":0}},"is_downloadable":true},"E47621":{"id":47621,"ref":"E47621","type":"episode","position":5458,"title":"Afl. 5458","description":"Uitzending RTL 4: Wo 16 Nov De dag van de grote modeshow. Stress, hectiek en tijdsdruk. Nina lijkt het prima aan te kunnen, totdat \u00e9\u00e9n van haar modellen flauwvalt. Anna regelt een hele schare fans voor zichzelf.","still":"https:\/\/img-opt.cdn.smartvod.com\/smartvod\/images\/videoland\/data\/images\/w\/1\/581b544ce4454_[format].jpg","runtime":1334,"editions":{"hd":{"price":0}},"is_downloadable":true},"E47623":{"id":47623,"ref":"E47623","type":"episode","position":5459,"title":"Afl. 5459","description":"Uitzending RTL 4: Do 17 Nov Rover is Antons botte gedrag zat en komt voor zijn moeder op. Malena loopt letterlijk tegen een charmante man op. Ze slaat zijn uitnodiging af, maar hij accepteert dit niet zomaar.","still":"https:\/\/img-opt.cdn.smartvod.com\/smartvod\/images\/videoland\/data\/images\/z\/2\/581b545377a9f_[format].jpg","runtime":1332,"editions":{"hd":{"price":0}},"is_downloadable":true},"E47624":{"id":47624,"ref":"E47624","type":"episode","position":5460,"title":"Afl. 5460","description":"Uitzending RTL 4: Vr 18 Nov Aysen wordt bestolen. Linda heeft geen flauw idee wat Anton, Sam en Rover voor haar aan het organiseren zijn. Thijs neemt zich voor om zijn leven weer positief op te pakken en komt met een plan om dat te doen.","still":"https:\/\/img-opt.cdn.smartvod.com\/smartvod\/images\/videoland\/data\/images\/r\/r\/581b4b4e34b8c_[format].jpg","runtime":1339,"editions":{"hd":{"price":0}},"is_downloadable":true},"E47722":{"id":47722,"ref":"E47722","type":"episode","position":5461,"title":"Afl. 5461","still":"https:\/\/img-opt.cdn.smartvod.com\/smartvod\/images\/videoland\/data\/images\/y\/h\/5825b864afaa6_[format].jpg","runtime":1354,"editions":{"hd":{"price":0}},"is_downloadable":true},"E47723":{"id":47723,"ref":"E47723","type":"episode","position":5462,"title":"Afl. 5462","still":"https:\/\/img-opt.cdn.smartvod.com\/smartvod\/images\/videoland\/data\/images\/3\/v\/5825ecc92f8d6_[format].jpg","runtime":1375,"editions":{"hd":{"price":0}},"is_downloadable":true},"E47720":{"id":47720,"ref":"E47720","type":"episode","position":5463,"title":"Afl. 5463","still":"https:\/\/img-opt.cdn.smartvod.com\/smartvod\/images\/videoland\/data\/images\/2\/b\/5825ecbf99662_[format].jpg","runtime":1369,"editions":{"hd":{"price":0}},"is_downloadable":true},"E47721":{"id":47721,"ref":"E47721","type":"episode","position":5464,"title":"Afl. 5464","still":"https:\/\/img-opt.cdn.smartvod.com\/smartvod\/images\/videoland\/data\/images\/0\/7\/5825ecc3b1c98_[format].jpg","runtime":1398,"editions":{"hd":{"price":0}},"is_downloadable":true},"E47724":{"id":47724,"ref":"E47724","type":"episode","position":5465,"title":"Afl. 5465","still":"https:\/\/img-opt.cdn.smartvod.com\/smartvod\/images\/videoland\/data\/images\/p\/x\/5825ece2ec728_[format].jpg","runtime":1375,"editions":{"hd":{"price":0}},"is_downloadable":true},"E47885":{"id":47885,"ref":"E47885","type":"episode","position":5466,"title":"Afl. 5466","description":"Uitzending RTL 4: Ma 28 Nov Sam negeert het doktersadvies. Bill faket een aandoening om aandacht van Rover te krijgen. Linda krijgt grote verwijten te horen. Marcus wil Meerdijk verlaten, maar Kimberly is het daar totaal niet mee eens.","still":"https:\/\/img-opt.cdn.smartvod.com\/smartvod\/images\/videoland\/data\/images\/1\/f\/582c1102cb289_[format].jpg","runtime":1340,"editions":{"hd":{"price":0}},"is_downloadable":true},"E47883":{"id":47883,"ref":"E47883","type":"episode","position":5467,"title":"Afl. 5467","description":"Uitzending RTL 4: Di 29 Nov Kimberly wordt jaloers. Marcus verstoort een zakenpitch van Bing en Ludo. Als Linda Bill resoluut wegstuurt, laat Anton zien dat er ook een andere kant aan de zaak zit.","still":"https:\/\/img-opt.cdn.smartvod.com\/smartvod\/images\/videoland\/data\/images\/b\/t\/582c110b60bf2_[format].jpg","runtime":1378,"editions":{"hd":{"price":0}},"is_downloadable":true},"E47886":{"id":47886,"ref":"E47886","type":"episode","position":5468,"title":"Afl. 5468","description":"Uitzending RTL 4: Wo 30 Nov Linda vindt Sam opportunistisch en spreekt haar daar op aan. Sjoerd betwijfelt of Aysen wel hetzelfde over hun toekomst denkt als hij. Job is ontevreden, omdat hij niet ongedwongen voor de camera kan staan.","still":"https:\/\/img-opt.cdn.smartvod.com\/smartvod\/images\/videoland\/data\/images\/x\/5\/582c10fee6c03_[format].jpg","runtime":1346,"editions":{"hd":{"price":0}},"is_downloadable":true},"E47884":{"id":47884,"ref":"E47884","type":"episode","position":5469,"title":"Afl. 5469","description":"Uitzending RTL 4: Do 1 Dec Anton leert Sam op een confronterende manier een harde levensles. Anna toont zich Jobs zakelijk manager en probeert een sponsordeal binnen te slepen. Haar grootste obstakel is Job zelf.","still":"https:\/\/img-opt.cdn.smartvod.com\/smartvod\/images\/videoland\/data\/images\/e\/g\/582c110781461_[format].jpg","runtime":1372,"editions":{"hd":{"price":0}},"is_downloadable":true},"E47887":{"id":47887,"ref":"E47887","type":"episode","position":5470,"title":"Afl. 5470","description":"Uitzending RTL 4: Vr 2 Dec Malena moet voor Maddy twee diefstallen plegen. Janine ontdekt dat Lucas niet meer op Hawa\u00ef zit. Aysen en Sjoerd gaan naar het ziekenhuis om de uitslag van hun onderzoek te horen.","still":"https:\/\/img-opt.cdn.smartvod.com\/smartvod\/images\/videoland\/data\/images\/d\/7\/582c10faa15d5_[format].jpg","runtime":1374,"editions":{"hd":{"price":0}},"is_downloadable":true},"E48081":{"id":48081,"ref":"E48081","type":"episode","position":5471,"title":"Afl. 5471","description":"Uitzending RTL 4: Ma 5 Dec Op een mysterieus Sinterklaasfeest krijgt Laura een grote levende surprise. Bill doet zijn best om Antons sympathie te winnen. Ludo krijgt een zware beschuldiging te horen.","still":"https:\/\/img-opt.cdn.smartvod.com\/smartvod\/images\/videoland\/data\/images\/y\/c\/58376275382ae_[format].jpg","runtime":1388,"editions":{"hd":{"price":0}},"is_downloadable":true},"E48138":{"id":48138,"ref":"E48138","type":"episode","position":5472,"title":"Afl. 5472","description":"Uitzending RTL 4: Di 6 Dec Kimberly luistert een telefoontje van Malena af. Janine kan het geheim van Lucas niet verzwijgen. Ze neemt iemand erover in vertrouwen. Ludo ontdekt dat er bij de boekhouding van Sanders Inc. heel veel mis is.","still":"https:\/\/img-opt.cdn.smartvod.com\/smartvod\/images\/videoland\/data\/images\/7\/1\/5837626800d54_[format].jpg","runtime":1357,"editions":{"hd":{"price":0}},"is_downloadable":true},"E48238":{"id":48238,"ref":"E48238","type":"episode","position":5473,"title":"Afl. 5473","description":"Uitzending RTL 4: Wo 7 Dec Anna doet Anton een zakelijk voorstel, maar heeft niet door dat ze concurrentie heeft. Ludo verliest steeds meer de grip als zijn bedrijf alleen maar negatief in de publiciteit komt.","still":"https:\/\/img-opt.cdn.smartvod.com\/smartvod\/images\/videoland\/data\/images\/m\/g\/583f2e7a0f517_[format].jpg","runtime":1383,"editions":{"hd":{"price":0}},"is_downloadable":true},"E48244":{"id":48244,"ref":"E48244","type":"episode","position":5474,"title":"Afl. 5474","description":"Uitzending RTL 4: Do 8 Dec Rover krijgt verschrikkelijk nieuws te horen, maar hij wordt gevraagd het niet door te vertellen. Als Bill mooie beloftes doet aan Sam, gelooft Anton er niets van en start een onderzoek.","still":"https:\/\/img-opt.cdn.smartvod.com\/smartvod\/images\/videoland\/data\/images\/5\/v\/583761a7a0314_[format].jpg","runtime":1398,"editions":{"hd":{"price":0}},"is_downloadable":true},"E48230":{"id":48230,"ref":"E48230","type":"episode","position":5475,"title":"Afl. 5475","description":"Uitzending RTL 4: Vr 9 Dec Sjoerd is onzeker over Aysens toekomstwens. Toch voelt hij dat hij een beslissing moet nemen. Door de mannenstrijd raakt huize Bouwhuis steeds meer in twee kampen verdeeld.","still":"https:\/\/img-opt.cdn.smartvod.com\/smartvod\/images\/videoland\/data\/images\/9\/p\/583761ad3082f_[format].jpg","runtime":1362,"editions":{"hd":{"price":0}},"is_downloadable":true},"E48236":{"id":48236,"ref":"E48236","type":"episode","position":5476,"title":"Afl. 5476","description":"Uitzending RTL 4: Ma 12 Dec Linda wordt verrast door een actie van Bill. Sjoerd blijkt niet tegen injectienaalden te kunnen. Rikki is verbaasd als ze een aanmaning van een incassobureau bij de post vindt. Sam reageert haar onmacht af op haar vriendje.","still":"https:\/\/img-opt.cdn.smartvod.com\/smartvod\/images\/videoland\/data\/images\/6\/1\/583f353011649_[format].jpg","runtime":1357,"editions":{"hd":{"price":0}},"is_downloadable":true},"E48233":{"id":48233,"ref":"E48233","type":"episode","position":5477,"title":"Afl. 5477","description":"Uitzending RTL 4: Di 13 Dec Bing heeft Nina iets te vertellen over Kimberly's verleden. Nina neemt meteen een reputatiebeslissing. Marcus doet een ontdekking waaruit blijkt dat hij enorm in de problemen zit. Rover is het zat dat Sam altijd alle ellende op haar eigen leven betrekt.","still":"https:\/\/img-opt.cdn.smartvod.com\/smartvod\/images\/videoland\/data\/images\/8\/j\/583f352483764_[format].jpg","runtime":1397,"editions":{"hd":{"price":0}},"is_downloadable":true},"E48245":{"id":48245,"ref":"E48245","type":"episode","position":5478,"title":"Afl. 5478","description":"Uitzending RTL 4: Wo 14 Dec Nina staat voor een deadline, maar mist nog iets essentieels in haar plan. Anton twijfelt of hij niet te sentimenteel is over Sapsalon. Thijs oefent de rechtszaak met de vijf verdachten. Wat zij over Sacha's dood te verklaren hebben, raakt hem.","still":"https:\/\/img-opt.cdn.smartvod.com\/smartvod\/images\/videoland\/data\/images\/2\/j\/5847e6f8ce929_[format].jpg","runtime":1375,"editions":{"hd":{"price":0}},"is_downloadable":true},"E48235":{"id":48235,"ref":"E48235","type":"episode","position":5479,"title":"Afl. 5479","description":"Uitzending RTL 4: Do 15 Dec Marcus is getuige van een verkeersongeluk. Anton is ervan overtuigd dat Bill zich als een haantje gedraagt om indruk te maken op Linda. Bing en Marcus moeten nauw samenwerken om een crisis te overleven. Kimberly bedenkt een plan als ze zich buitengesloten voelt.","still":"https:\/\/img-opt.cdn.smartvod.com\/smartvod\/images\/videoland\/data\/images\/u\/h\/583f3529c0b06_[format].jpg","runtime":1344,"editions":{"hd":{"price":0}},"is_downloadable":true},"E48241":{"id":48241,"ref":"E48241","type":"episode","position":5480,"title":"Afl. 5480","description":"Uitzending RTL 4: Vr 16 Dec Sam mag niet verklappen dat ze meer weet over Olivier. Rikki is bang dat Thijs de rechtszaak emotioneel niet aankan. Aysen onderzoekt of er bij het verkeersongeluk misschien sprake is van opzet.","still":"https:\/\/img-opt.cdn.smartvod.com\/smartvod\/images\/videoland\/data\/images\/0\/1\/58414ce896e4d_[format].jpg","runtime":1398,"editions":{"hd":{"price":0}},"is_downloadable":true},"E48259":{"id":48259,"ref":"E48259","type":"episode","position":5481,"title":"Afl. 5481","description":"Uitzending RTL 4: Ma 19 Dec Kimberly doorzoekt stiekem Malena's spullen. Rikki raakt in paniek als Teddy plotseling hoge koorts heeft. Ludo wil weten hoe het kan dat Bing zomaar ineens verschillende Sanders-bv's op zijn naam heeft staan.","still":"https:\/\/img-opt.cdn.smartvod.com\/smartvod\/images\/videoland\/data\/images\/j\/j\/5848285276857_[format].jpg","runtime":1347,"editions":{"hd":{"price":0}},"is_downloadable":true},"E48260":{"id":48260,"ref":"E48260","type":"episode","position":5482,"title":"Afl. 5482","description":"Uitzending RTL 4: Di 20 Dec Rikki is niet blij met de goede raad die haar vader haar geeft. Bill heeft de scheidingspapieren klaar. Hij nodigt Linda uit en haalt herinneringen met haar op.","still":"https:\/\/img-opt.cdn.smartvod.com\/smartvod\/images\/videoland\/data\/images\/0\/e\/5848285ec6479_[format].jpg","runtime":1371,"editions":{"hd":{"price":0}},"is_downloadable":true},"E48261":{"id":48261,"ref":"E48261","type":"episode","position":5483,"title":"Afl. 5483","description":"Uitzending RTL 4: Wo 21 Dec Janine begrijpt er niets van als de teruggekeerde Lucas een feest geeft. Sam nodigt Olivier uit voor een ontspannen dagje op de ijsbaan, maar ze heeft een verborgen agenda.","still":"https:\/\/img-opt.cdn.smartvod.com\/smartvod\/images\/videoland\/data\/images\/9\/k\/584aae204d87b_[format].jpg","runtime":1379,"editions":{"hd":{"price":0}},"is_downloadable":true},"E48262":{"id":48262,"ref":"E48262","type":"episode","position":5484,"title":"Afl. 5484","description":"Uitzending RTL 4: Do 22 Dec Ludo speelt een keihard spel met de pers. Bing denkt onomstotelijk bewijs te hebben dat hij niet schuldig is aan criminele activiteiten. Sam moet een heftige teleurstelling accepteren, maar kan ze dat?","still":"https:\/\/img-opt.cdn.smartvod.com\/smartvod\/images\/videoland\/data\/images\/l\/u\/58482869a81b9_[format].jpg","runtime":1384,"editions":{"hd":{"price":0}},"is_downloadable":true},"E48263":{"id":48263,"ref":"E48263","type":"episode","position":5485,"title":"Afl. 5485","description":"Uitzending RTL 4: Vr 23 Dec Malena krijgt veel en verkeerde aandacht. Marcus en Kimberly hebben niet door dat ze in de gaten gehouden worden. Nina staat voor een onmogelijke beslissing, maar hakt toch de knoop door.","still":"https:\/\/img-opt.cdn.smartvod.com\/smartvod\/images\/videoland\/data\/images\/x\/3\/584828727b6e9_[format].jpg","runtime":1373,"editions":{"hd":{"price":0}},"is_downloadable":true},"E48454":{"id":48454,"ref":"E48454","type":"episode","position":5486,"title":"Afl. 5486","description":"Uitzending RTL 4: Ma 26 Dec Sam heeft Riks hulp nodig om een decemberverrassing voor Olivier te organiseren. Sjoerd en Noud ontfermen zich over een zwerfhond. Marcus krijgt van Aysen een update over wat er met Malena gebeurd is.","still":"https:\/\/img-opt.cdn.smartvod.com\/smartvod\/images\/videoland\/data\/images\/k\/6\/58507ba4ef33a_[format].jpg","runtime":1399,"editions":{"hd":{"price":0}},"is_downloadable":true},"E48453":{"id":48453,"ref":"E48453","type":"episode","position":5487,"title":"Afl. 5487","description":"Uitzending RTL 4: Di 27 Dec Thijs wil een slecht besluit rechtzetten. Nina probeert Bing te stoppen bij een tegenactie richting Ludo. Sjoerd en Noud ontdekken wat de zwerfhond heeft aangericht.","still":"https:\/\/img-opt.cdn.smartvod.com\/smartvod\/images\/videoland\/data\/images\/5\/u\/58507b9ea3cd8_[format].jpg","runtime":1325,"editions":{"hd":{"price":0}},"is_downloadable":true},"E48456":{"id":48456,"ref":"E48456","type":"episode","position":5488,"title":"Afl. 5488","description":"Uitzending RTL 4: Wo 28 Dec Het gaat mis als Sam en Olivier revalidatieoefeningen doen. De situatie met Ludo leidt tot een crisis tussen Bing en Nina. Ludo is op zijn hoede als Bill zich aan hem opdringt.","still":"https:\/\/img-opt.cdn.smartvod.com\/smartvod\/images\/videoland\/data\/images\/e\/z\/58507bb08f3df_[format].jpg","runtime":1367,"editions":{"hd":{"price":0}},"is_downloadable":true},"E48455":{"id":48455,"ref":"E48455","type":"episode","position":5489,"title":"Afl. 5489","description":"Uitzending RTL 4: Do 29 Dec In een opwelling neemt Thijs een rigoureus besluit als de bank geld wil zien. Dit is in het nadeel van zijn hele gezin. Sam is helemaal klaar met het bemoeizuchtige gedrag van haar moeder.","still":"https:\/\/img-opt.cdn.smartvod.com\/smartvod\/images\/videoland\/data\/images\/5\/4\/58507baa27dc4_[format].jpg","runtime":1335,"editions":{"hd":{"price":0}},"is_downloadable":true},"E48457":{"id":48457,"ref":"E48457","type":"episode","position":5490,"title":"Afl. 5490","description":"Uitzending RTL 4: Vr 30 Dec Als Malena bijkomt, is het de vraag hoe ze eraan toe is. Aysen gaat bij Ludo langs, omdat ze hem verdenkt van betrokkenheid bij de aanslag. Job en zijn vrienden bedanken de vrijwilligers van het asiel met een kerstlunch.","still":"https:\/\/img-opt.cdn.smartvod.com\/smartvod\/images\/videoland\/data\/images\/w\/e\/58507bb7b7ffe_[format].jpg","runtime":1328,"editions":{"hd":{"price":0}},"is_downloadable":true}}}