{"id":500788,"ref":"S500788","type":"series","title":"Channah & Quentin: Wat een Bevalling!","year":2020,"rating":4,"poster":"https:\/\/img-opt.cdn.smartvod.com\/smartvod\/images\/videoland\/data\/images\/r\/f\/61e570a663b71_[format].jpg","still":"https:\/\/img-opt.cdn.smartvod.com\/smartvod\/images\/videoland\/data\/images\/i\/s\/61b04fe3bae76_[format].jpg","cast":{"actors":["Channah Koerten","Quentin Jarrett"]},"genres":["Reality"],"refs":["SN4618","SN4619"],"is_adult":false,"is_kids":false,"is_available":true,"description":"Channah en Quentin zijn in verwachting van hun eerste kindje. De uitgerekende datum komt steeds dichterbij, wat de nodige voorbereidingen van het stel verlangt. Hoe bereiden zij zich voor op de komst van de kleine? En kan hun relatie dit wel aan? Als het dan eindelijk zo ver is en er een gezond kindje op de wereld komt, begint het ouderschap pas echt.","nicam":{"al":"Alle leeftijden","taalgebruik":"Grof Taalgebruik"},"language":"nl","language_full":"Nederlands","details":{"SN4618":{"id":4618,"ref":"SN4618","type":"season","title":"1","position":1},"SN4619":{"id":4619,"ref":"SN4619","type":"season","title":"2","position":2,"refs":["E92571","E92581","E92593","E92590","E92562","E92565"]},"E92571":{"id":92571,"ref":"E92571","type":"episode","position":1,"title":"Tadaa! Maak Kennis Met....","description":"Wat fijn dat hij er is! Channah is bevallen en vandaag onthult het stel de naam van hun zoontje. Ze kijken terug op de bevalling en nemen ons mee in de eerste weken als kersverse ouders.","still":"https:\/\/img-opt.cdn.smartvod.com\/smartvod\/images\/videoland\/data\/images\/i\/s\/61b04fe3bae76_[format].jpg","runtime":829,"editions":{"hd":{"price":0}},"is_downloadable":true},"E92581":{"id":92581,"ref":"E92581","type":"episode","position":2,"title":"Voor Het Eerst Met Zijn Drie\u00ebn Op Pad","description":"Vandaag gaan Channah, Quentin en Tiger voor het eerste samen de deur uit. Ook gaan de uitnodigingen voor het grote kraamfeest op de post en vertelt Quentin hoe hij het leven met slaapgebrek ervaart.","still":"https:\/\/img-opt.cdn.smartvod.com\/smartvod\/images\/videoland\/data\/images\/y\/0\/61b04fe828e09_[format].jpg","runtime":834,"editions":{"hd":{"price":0}},"is_downloadable":true},"E92593":{"id":92593,"ref":"E92593","type":"episode","position":3,"title":"Het Wordt Channah Allemaal Even Te Veel","description":"Channah gaat als kersverse moeder voor het eerst weer aan het werk. Ze heeft een presentatieklus en gaat shoppen voor een rodeloperfeestje, en neemt Tiger overal mee naar toe. Gelukkig krijgt ze hulp van Noah Zeeuw.","still":"https:\/\/img-opt.cdn.smartvod.com\/smartvod\/images\/videoland\/data\/images\/t\/4\/61b05a53ebdd0_[format].jpg","runtime":717,"editions":{"hd":{"price":0}},"is_downloadable":true},"E92590":{"id":92590,"ref":"E92590","type":"episode","position":4,"title":"1,5 Uur Te Laat Op Je Eigen Kraamfeest","description":"Het is vandaag Tigers eerste feestje: het kraamfeest! Helaas loopt dit niet helemaal gesmeerd, aangezien Channah en Quentin flinke ruzie hebben gehad. Hierdoor komt Channah 1,5 uur te laat op de viering.","still":"https:\/\/img-opt.cdn.smartvod.com\/smartvod\/images\/videoland\/data\/images\/n\/n\/61b04fdd8e443_[format].jpg","runtime":772,"editions":{"hd":{"price":0}},"is_downloadable":true},"E92562":{"id":92562,"ref":"E92562","type":"episode","position":5,"title":"De Eerste Controle 'Daar Beneden'","description":"Channah en Quentin gaan ter controle naar de verloskundige. Hoe ziet er het daar beneden uit na de bevalling? Kunnen ze weer met elkaar naar bed of is dat nog even geen optie? Ook gaan ze met Tiger naar een babyspa.","still":"https:\/\/img-opt.cdn.smartvod.com\/smartvod\/images\/videoland\/data\/images\/w\/v\/61b04fcdd1c78_[format].jpg","runtime":973,"editions":{"hd":{"price":0}},"is_downloadable":true},"E92565":{"id":92565,"ref":"E92565","type":"episode","position":6,"title":"Eerste Sessie Bij De Relatietherapeut","description":"Tiger gaat voor het eerste naar de oppas. Channah heeft nu de ruimte om een klant te ontvangen en Quentin kan sporten en chillen met zijn vrienden. Verder gaan Channah en Quentin langs bij een relatietherapeut. Valt hun relatie nog te redden?","still":"https:\/\/img-opt.cdn.smartvod.com\/smartvod\/images\/videoland\/data\/images\/z\/u\/61b050fc0d00a_[format].jpg","runtime":918,"editions":{"hd":{"price":0}},"is_downloadable":true}}}