{"id":500318,"ref":"S500318","type":"series","title":"Like Monica","year":2021,"rating":5,"poster":"https:\/\/img-opt.cdn.smartvod.com\/smartvod\/images\/videoland\/data\/images\/z\/s\/60bf985974aba_[format].jpg","still":"https:\/\/img-opt.cdn.smartvod.com\/smartvod\/images\/videoland\/data\/images\/h\/f\/60bfc74b13fc1_[format].jpg","cast":{"actors":["Monica Geuze"]},"genres":["Reality"],"refs":["SN3339","SN4238"],"is_adult":false,"is_kids":false,"is_available":true,"description":"Monica Geuze geeft ons een intiem kijkje in haar leven. Er verandert veel voor deze vlogster, presentatrice en actrice, zowel op zakelijk gebied als priv\u00e9.","nicam":{"al":"Alle leeftijden","taalgebruik":"Grof Taalgebruik"},"language":"nl","language_full":"Nederlands","details":{"SN3339":{"id":3339,"ref":"SN3339","type":"season","title":"1","position":1},"SN4238":{"id":4238,"ref":"SN4238","type":"season","title":"2","position":2,"refs":["E86822","E86817","E86820","E86823","E86818","E86819","E86821","E86824"]},"E86822":{"id":86822,"ref":"E86822","type":"episode","position":1,"title":"Een Nieuwe Fase","description":"Monica zit lekkerder in haar vel dan ooit. Samen met haar grote liefde Robbert koopt ze haar droomhuis. Op zakelijk gebied zijn er veel nieuwe ontwikkelingen. Monica is met haar manager Stanley een eigen onderneming begonnen en haar cosmeticalijn begint eindelijk vorm te krijgen.","still":"https:\/\/img-opt.cdn.smartvod.com\/smartvod\/images\/videoland\/data\/images\/3\/v\/60bf98b801299_[format].jpg","runtime":1535,"editions":{"hd":{"price":0}},"is_downloadable":true},"E86817":{"id":86817,"ref":"E86817","type":"episode","position":2,"title":"Smaakverschillen","description":"De opnames voor 'Temptation Island' vallen precies in de periode dat de verhuizing staat. Dat geeft stress, dus begint Monica lekker op tijd met de voorbereiding. Zij en Robbert maken keuzes voor het huis. Liggen ze \u00fcberhaupt op 1 lijn en hebben ze dezelfde inrichting voor ogen?","still":"https:\/\/img-opt.cdn.smartvod.com\/smartvod\/images\/videoland\/data\/images\/f\/z\/60ca018e7065b_[format].jpg","runtime":1658,"editions":{"hd":{"price":0}},"is_downloadable":true},"E86820":{"id":86820,"ref":"E86820","type":"episode","position":3,"title":"Temptation Preps","description":"In de woonwijk waar Monica en Robbert gaan wonen is een muizenplaag. Met haar muizenfobie zet Mo geen voet in het huis. Monica ontmoet de nieuwe co-host van 'Temptation Island', Victor, die het stokje overneemt van haar beste vriend Kaj.","still":"https:\/\/img-opt.cdn.smartvod.com\/smartvod\/images\/videoland\/data\/images\/3\/8\/60cc8612bfe91_[format].jpg","runtime":1482,"editions":{"hd":{"price":0}},"is_downloadable":true},"E86823":{"id":86823,"ref":"E86823","type":"episode","position":4,"title":"Quality Time","description":"Monica laat haar emoties de vrije loop wanneer het over Lars gaat. Bij het nieuwe huis van Matthijs staat ze doodsangsten uit en op een weekendje weg met Robbert krijgen ze beide een reading.","still":"https:\/\/img-opt.cdn.smartvod.com\/smartvod\/images\/videoland\/data\/images\/7\/x\/60d9749ecf594_[format].jpg","runtime":1576,"editions":{"hd":{"price":0}},"is_downloadable":true},"E86818":{"id":86818,"ref":"E86818","type":"episode","position":5,"title":"Playtime","description":"Zara Lizzy is niet helemaal te spreken over haar nieuwe kamer. Bij Monica slaan de stoppen door als haar kind wordt geslagen door een ander kind en met haar beste vriendin Kiana maakt ze de grachten van Amsterdam onveilig.","still":"https:\/\/img-opt.cdn.smartvod.com\/smartvod\/images\/videoland\/data\/images\/4\/z\/60e1901cf0c1d_[format].jpg","runtime":1324,"editions":{"hd":{"price":0}},"is_downloadable":true},"E86819":{"id":86819,"ref":"E86819","type":"episode","position":6,"title":"50 Tinten Grijs","description":"Monica is not amused als ze een kijkje komt nemen bij het nieuwe huis. Ze kan zich dan ook totaal niet vinden in Robbert zijn mening. Ze is continue afgeleid als het gaat om haar koffers in te pakken voor 'Temptation Island'. Vergeet ze niets?","still":"https:\/\/img-opt.cdn.smartvod.com\/smartvod\/images\/videoland\/data\/images\/f\/o\/60ef2f86ce5da_[format].jpg","runtime":1348,"editions":{"hd":{"price":0}},"is_downloadable":true},"E86821":{"id":86821,"ref":"E86821","type":"episode","position":7,"title":"Temptation","description":"Monica leert tijdens de opnames van 'Temptation Island' een andere kant van Victor kennen. Robbert begint 1600 km verderop aan de verhuizing, maar er wacht hem een onaangename verrassing. Hoe gaan ze dit oplossen?","still":"https:\/\/img-opt.cdn.smartvod.com\/smartvod\/images\/videoland\/data\/images\/b\/n\/60f6c1cc7371d_[format].jpg","runtime":1509,"editions":{"hd":{"price":0}},"is_downloadable":true},"E86824":{"id":86824,"ref":"E86824","type":"episode","position":8,"title":"Eindelijk Over","description":"Monica staat met haar handen in het haar door een tekort aan opbergruimte. Gelukkig krijgt ze wel hulp met het verjagen van negatieve energie tijdens een spirituele reiniging van het huis. Tussen alle verhuisperikelen door moet ook Zara Lizzy's verjaardag nog groots gevierd worden.","still":"https:\/\/img-opt.cdn.smartvod.com\/smartvod\/images\/videoland\/data\/images\/f\/3\/6101735142765_[format].jpg","runtime":1848,"editions":{"hd":{"price":0}},"is_downloadable":true}}}