{"id":500416,"ref":"S500416","type":"series","title":"Baywatch","year":2001,"rating":4,"poster":"https:\/\/img-opt.cdn.smartvod.com\/smartvod\/images\/videoland\/data\/images\/4\/6\/5f048a41773e3_[format].jpg","still":"https:\/\/img-opt.cdn.smartvod.com\/smartvod\/images\/videoland\/data\/images\/y\/7\/5f1840e6b6f71_[format].jpg","cast":{"actors":["David Hasselhoff","Jeremy Jackson","Gregory Alan Williams","Billy Warlock","Erika Eleniak","Pamela Anderson"]},"genres":["Actie","Drama"],"refs":["SN3589","SN3588","SN3593","SN3614","SN3615","SN3616","SN3617","SN3618","SN3619"],"is_adult":false,"is_kids":false,"is_available":true,"description":"Baywatch gaat over de strandwachten van Malibu in Californi\u00eb. Onder leiding van Mitch Buchannon krijgen de strandwachten regelmatig te maken met levensbedreigende situaties, waarbij ze bloedstollende reddingsacties uitvoeren. Ook in hun priv\u00e9levens gaat het er soms enerverend aan toe. Je bent nog niet klaar met (Bay)watchen\u2026 Seizoen 10 en 11 vind je onder de Baywatch Hawaii.","nicam":{"9":"Mogelijk schadelijk tot 9 jaar","angst":"Angst","taalgebruik":"Grof Taalgebruik"},"language":"en","language_full":"Engels","details":{"SN3589":{"id":3589,"ref":"SN3589","type":"season","title":"1","position":1},"SN3588":{"id":3588,"ref":"SN3588","type":"season","title":"2","position":2},"SN3593":{"id":3593,"ref":"SN3593","type":"season","title":"3","position":3},"SN3614":{"id":3614,"ref":"SN3614","type":"season","title":"4","position":4,"refs":["E77160","E77175","E77172","E77171","E77164","E77170","E77154","E77174","E77162","E77166","E77168","E77165","E77161","E77157","E77173","E77167","E77163","E77169","E77156","E77158","E77159","E77155"]},"SN3615":{"id":3615,"ref":"SN3615","type":"season","title":"5","position":5},"SN3616":{"id":3616,"ref":"SN3616","type":"season","title":"6","position":6},"SN3617":{"id":3617,"ref":"SN3617","type":"season","title":"7","position":7},"SN3618":{"id":3618,"ref":"SN3618","type":"season","title":"8","position":8},"SN3619":{"id":3619,"ref":"SN3619","type":"season","title":"9","position":9},"E77160":{"id":77160,"ref":"E77160","type":"episode","position":1,"title":"Race Against Time (Part 1)","description":"De strandwachten van Malibu in Californi\u00eb krijgen regelmatig te maken met levensgevaarlijke situaties, waarbij ze bloedstollende reddingsacties uitvoeren. Ook in hun priv\u00e9levens gaat het er soms heftig aan toe.","still":"https:\/\/img-opt.cdn.smartvod.com\/smartvod\/images\/videoland\/data\/images\/v\/y\/5f1ea22110491_[format].jpg","runtime":2431,"editions":{"hd":{"price":0}},"is_downloadable":true},"E77175":{"id":77175,"ref":"E77175","type":"episode","position":2,"title":"Race Against Time (Part 2)","description":"De strandwachten van Malibu in Californi\u00eb krijgen regelmatig te maken met levensgevaarlijke situaties, waarbij ze bloedstollende reddingsacties uitvoeren. Ook in hun priv\u00e9levens gaat het er soms heftig aan toe.","still":"https:\/\/img-opt.cdn.smartvod.com\/smartvod\/images\/videoland\/data\/images\/9\/h\/5f20667de934c_[format].jpg","runtime":2400,"editions":{"hd":{"price":0}},"is_downloadable":true},"E77172":{"id":77172,"ref":"E77172","type":"episode","position":3,"title":"Lover's Cove","description":"De strandwachten van Malibu in Californi\u00eb krijgen regelmatig te maken met levensgevaarlijke situaties, waarbij ze bloedstollende reddingsacties uitvoeren. Ook in hun priv\u00e9levens gaat het er soms heftig aan toe.","still":"https:\/\/img-opt.cdn.smartvod.com\/smartvod\/images\/videoland\/data\/images\/t\/t\/5f2067af9d96f_[format].jpg","runtime":2452,"editions":{"hd":{"price":0}},"is_downloadable":true},"E77171":{"id":77171,"ref":"E77171","type":"episode","position":4,"title":"Blindside","description":"De strandwachten van Malibu in Californi\u00eb krijgen regelmatig te maken met levensgevaarlijke situaties, waarbij ze bloedstollende reddingsacties uitvoeren. Ook in hun priv\u00e9levens gaat het er soms heftig aan toe.","still":"https:\/\/img-opt.cdn.smartvod.com\/smartvod\/images\/videoland\/data\/images\/x\/e\/5f206b34e4395_[format].jpg","runtime":2430,"editions":{"hd":{"price":0}},"is_downloadable":true},"E77164":{"id":77164,"ref":"E77164","type":"episode","position":5,"title":"Skyrider","description":"De strandwachten van Malibu in Californi\u00eb krijgen regelmatig te maken met levensgevaarlijke situaties, waarbij ze bloedstollende reddingsacties uitvoeren. Ook in hun priv\u00e9levens gaat het er soms heftig aan toe.","still":"https:\/\/img-opt.cdn.smartvod.com\/smartvod\/images\/videoland\/data\/images\/c\/n\/5f1ea5a2c71ea_[format].jpg","runtime":2455,"editions":{"hd":{"price":0}},"is_downloadable":true},"E77170":{"id":77170,"ref":"E77170","type":"episode","position":6,"title":"Tentacles (Part 1)","description":"De strandwachten van Malibu in Californi\u00eb krijgen regelmatig te maken met levensgevaarlijke situaties, waarbij ze bloedstollende reddingsacties uitvoeren. Ook in hun priv\u00e9levens gaat het er soms heftig aan toe.","still":"https:\/\/img-opt.cdn.smartvod.com\/smartvod\/images\/videoland\/data\/images\/d\/g\/5f1ec2eed759e_[format].jpg","runtime":2432,"editions":{"hd":{"price":0}},"is_downloadable":true},"E77154":{"id":77154,"ref":"E77154","type":"episode","position":7,"title":"Tentacles (Part 2)","description":"De strandwachten van Malibu in Californi\u00eb krijgen regelmatig te maken met levensgevaarlijke situaties, waarbij ze bloedstollende reddingsacties uitvoeren. Ook in hun priv\u00e9levens gaat het er soms heftig aan toe.","still":"https:\/\/img-opt.cdn.smartvod.com\/smartvod\/images\/videoland\/data\/images\/j\/d\/5f1ad8fa93f0d_[format].jpg","runtime":2398,"editions":{"hd":{"price":0}},"is_downloadable":true},"E77174":{"id":77174,"ref":"E77174","type":"episode","position":8,"title":"Submersion","description":"De strandwachten van Malibu in Californi\u00eb krijgen regelmatig te maken met levensgevaarlijke situaties, waarbij ze bloedstollende reddingsacties uitvoeren. Ook in hun priv\u00e9levens gaat het er soms heftig aan toe.","still":"https:\/\/img-opt.cdn.smartvod.com\/smartvod\/images\/videoland\/data\/images\/n\/u\/5f2068ce83301_[format].jpg","runtime":2455,"editions":{"hd":{"price":0}},"is_downloadable":true},"E77162":{"id":77162,"ref":"E77162","type":"episode","position":9,"title":"Ironman Buchannon","description":"De strandwachten van Malibu in Californi\u00eb krijgen regelmatig te maken met levensgevaarlijke situaties, waarbij ze bloedstollende reddingsacties uitvoeren. Ook in hun priv\u00e9levens gaat het er soms heftig aan toe.","still":"https:\/\/img-opt.cdn.smartvod.com\/smartvod\/images\/videoland\/data\/images\/h\/w\/5f1ada2f76d97_[format].jpg","runtime":2456,"editions":{"hd":{"price":0}},"is_downloadable":true},"E77166":{"id":77166,"ref":"E77166","type":"episode","position":10,"title":"Tower Of Power","description":"De strandwachten van Malibu in Californi\u00eb krijgen regelmatig te maken met levensgevaarlijke situaties, waarbij ze bloedstollende reddingsacties uitvoeren. Ook in hun priv\u00e9levens gaat het er soms heftig aan toe.","still":"https:\/\/img-opt.cdn.smartvod.com\/smartvod\/images\/videoland\/data\/images\/j\/m\/5f1ada293f646_[format].jpg","runtime":2454,"editions":{"hd":{"price":0}},"is_downloadable":true},"E77168":{"id":77168,"ref":"E77168","type":"episode","position":11,"title":"The Child Inside","description":"De strandwachten van Malibu in Californi\u00eb krijgen regelmatig te maken met levensgevaarlijke situaties, waarbij ze bloedstollende reddingsacties uitvoeren. Ook in hun priv\u00e9levens gaat het er soms heftig aan toe.","still":"https:\/\/img-opt.cdn.smartvod.com\/smartvod\/images\/videoland\/data\/images\/i\/x\/5f1ebd1285efa_[format].jpg","runtime":2455,"editions":{"hd":{"price":0}},"is_downloadable":true},"E77165":{"id":77165,"ref":"E77165","type":"episode","position":12,"title":"Second Time Around","description":"De strandwachten van Malibu in Californi\u00eb krijgen regelmatig te maken met levensgevaarlijke situaties, waarbij ze bloedstollende reddingsacties uitvoeren. Ook in hun priv\u00e9levens gaat het er soms heftig aan toe.","still":"https:\/\/img-opt.cdn.smartvod.com\/smartvod\/images\/videoland\/data\/images\/w\/2\/5f1ea7fadfc6d_[format].jpg","runtime":2292,"editions":{"hd":{"price":0}},"is_downloadable":true},"E77161":{"id":77161,"ref":"E77161","type":"episode","position":13,"title":"Red Knights","description":"De strandwachten van Malibu in Californi\u00eb krijgen regelmatig te maken met levensgevaarlijke situaties, waarbij ze bloedstollende reddingsacties uitvoeren. Ook in hun priv\u00e9levens gaat het er soms heftig aan toe.","still":"https:\/\/img-opt.cdn.smartvod.com\/smartvod\/images\/videoland\/data\/images\/5\/4\/5f1ada2e07283_[format].jpg","runtime":2455,"editions":{"hd":{"price":0}},"is_downloadable":true},"E77157":{"id":77157,"ref":"E77157","type":"episode","position":14,"title":"Coronado Del Soul (Part 1)","description":"De strandwachten van Malibu in Californi\u00eb krijgen regelmatig te maken met levensgevaarlijke situaties, waarbij ze bloedstollende reddingsacties uitvoeren. Ook in hun priv\u00e9levens gaat het er soms heftig aan toe.","still":"https:\/\/img-opt.cdn.smartvod.com\/smartvod\/images\/videoland\/data\/images\/v\/k\/5f1e9b17695db_[format].jpg","runtime":2427,"editions":{"hd":{"price":0}},"is_downloadable":true},"E77173":{"id":77173,"ref":"E77173","type":"episode","position":15,"title":"Coronado Del Soul (Part 2)","description":"De strandwachten van Malibu in Californi\u00eb krijgen regelmatig te maken met levensgevaarlijke situaties, waarbij ze bloedstollende reddingsacties uitvoeren. Ook in hun priv\u00e9levens gaat het er soms heftig aan toe.","still":"https:\/\/img-opt.cdn.smartvod.com\/smartvod\/images\/videoland\/data\/images\/p\/v\/5f2067a92db2c_[format].jpg","runtime":2329,"editions":{"hd":{"price":0}},"is_downloadable":true},"E77167":{"id":77167,"ref":"E77167","type":"episode","position":16,"title":"Mirror, Mirror","description":"De strandwachten van Malibu in Californi\u00eb krijgen regelmatig te maken met levensgevaarlijke situaties, waarbij ze bloedstollende reddingsacties uitvoeren. Ook in hun priv\u00e9levens gaat het er soms heftig aan toe.","still":"https:\/\/img-opt.cdn.smartvod.com\/smartvod\/images\/videoland\/data\/images\/9\/f\/5f1ada2c6d8b1_[format].jpg","runtime":2455,"editions":{"hd":{"price":0}},"is_downloadable":true},"E77163":{"id":77163,"ref":"E77163","type":"episode","position":17,"title":"The Falcon Manifesto","description":"De strandwachten van Malibu in Californi\u00eb krijgen regelmatig te maken met levensgevaarlijke situaties, waarbij ze bloedstollende reddingsacties uitvoeren. Ook in hun priv\u00e9levens gaat het er soms heftig aan toe.","still":"https:\/\/img-opt.cdn.smartvod.com\/smartvod\/images\/videoland\/data\/images\/k\/s\/5f1ada2aedde0_[format].jpg","runtime":2457,"editions":{"hd":{"price":0}},"is_downloadable":true},"E77169":{"id":77169,"ref":"E77169","type":"episode","position":18,"title":"Western Exposure","description":"De strandwachten van Malibu in Californi\u00eb krijgen regelmatig te maken met levensgevaarlijke situaties, waarbij ze bloedstollende reddingsacties uitvoeren. Ook in hun priv\u00e9levens gaat het er soms heftig aan toe.","still":"https:\/\/img-opt.cdn.smartvod.com\/smartvod\/images\/videoland\/data\/images\/k\/e\/5f1ec096d75da_[format].jpg","runtime":2341,"editions":{"hd":{"price":0}},"is_downloadable":true},"E77156":{"id":77156,"ref":"E77156","type":"episode","position":19,"title":"The Life You Save","description":"De strandwachten van Malibu in Californi\u00eb krijgen regelmatig te maken met levensgevaarlijke situaties, waarbij ze bloedstollende reddingsacties uitvoeren. Ook in hun priv\u00e9levens gaat het er soms heftig aan toe.","still":"https:\/\/img-opt.cdn.smartvod.com\/smartvod\/images\/videoland\/data\/images\/r\/c\/5f1ad9037cfbf_[format].jpg","runtime":2457,"editions":{"hd":{"price":0}},"is_downloadable":true},"E77158":{"id":77158,"ref":"E77158","type":"episode","position":20,"title":"Trading Places","description":"De strandwachten van Malibu in Californi\u00eb krijgen regelmatig te maken met levensgevaarlijke situaties, waarbij ze bloedstollende reddingsacties uitvoeren. Ook in hun priv\u00e9levens gaat het er soms heftig aan toe.","still":"https:\/\/img-opt.cdn.smartvod.com\/smartvod\/images\/videoland\/data\/images\/d\/9\/5f1e9c4279cfc_[format].jpg","runtime":2456,"editions":{"hd":{"price":0}},"is_downloadable":true},"E77159":{"id":77159,"ref":"E77159","type":"episode","position":21,"title":"Guys And Dolls","description":"De strandwachten van Malibu in Californi\u00eb krijgen regelmatig te maken met levensgevaarlijke situaties, waarbij ze bloedstollende reddingsacties uitvoeren. Ook in hun priv\u00e9levens gaat het er soms heftig aan toe.","still":"https:\/\/img-opt.cdn.smartvod.com\/smartvod\/images\/videoland\/data\/images\/y\/9\/5f1ea21ea01c2_[format].jpg","runtime":2457,"editions":{"hd":{"price":0}},"is_downloadable":true},"E77155":{"id":77155,"ref":"E77155","type":"episode","position":22,"title":"Rescue Bay","description":"De strandwachten van Malibu in Californi\u00eb krijgen regelmatig te maken met levensgevaarlijke situaties, waarbij ze bloedstollende reddingsacties uitvoeren. Ook in hun priv\u00e9levens gaat het er soms heftig aan toe.","still":"https:\/\/img-opt.cdn.smartvod.com\/smartvod\/images\/videoland\/data\/images\/g\/z\/5f1ad901f121e_[format].jpg","runtime":2456,"editions":{"hd":{"price":0}},"is_downloadable":true}}}