{"id":500864,"ref":"S500864","type":"series","title":"Line Of Duty","year":2012,"rating":4,"poster":"https:\/\/img-opt.cdn.smartvod.com\/smartvod\/images\/videoland\/data\/images\/n\/r\/61fced9052cde_[format].jpg","still":"https:\/\/img-opt.cdn.smartvod.com\/smartvod\/images\/videoland\/data\/images\/r\/5\/6229c2e50439d_[format].jpg","cast":{"actors":["Martin Compston","Lennie James","Adrian Dunbar","Vicky McClure"]},"genres":["Drama","Misdaad"],"refs":["SN4838","SN4856","SN4871","SN4891","SN4892"],"is_adult":false,"is_kids":false,"is_available":true,"description":"Britse misdaadserie over de agenten van een anticorruptie-eenheid. Teamleider Ted Hastings doet samen met rechercheurs Steve Arnott en Kate Fleming onderzoek naar politiechef Tony Gates. De resultaten van Gates' unit zijn z\u00f3 goed, dat Hastings ervan overtuigd is dat er iets niet klopt. Naarmate het onderzoek vordert, komen er niet alleen carri\u00e8res in gevaar, maar ook mensenlevens.","nicam":{"16":"Mogelijk schadelijk tot 16 jaar","geweld":"Geweld","taalgebruik":"Grof Taalgebruik"},"language":"en","language_full":"Engels","details":{"SN4838":{"id":4838,"ref":"SN4838","type":"season","title":"1","position":1},"SN4856":{"id":4856,"ref":"SN4856","type":"season","title":"2","position":2},"SN4871":{"id":4871,"ref":"SN4871","type":"season","title":"3","position":3},"SN4891":{"id":4891,"ref":"SN4891","type":"season","title":"4","position":4,"refs":["E97007","E97011","E97008","E97009","E97010","E97006"]},"SN4892":{"id":4892,"ref":"SN4892","type":"season","title":"5","position":5},"E97007":{"id":97007,"ref":"E97007","type":"episode","position":1,"title":"","still":"https:\/\/img-opt.cdn.smartvod.com\/smartvod\/images\/videoland\/data\/images\/b\/j\/62546ab8c2d37_[format].jpg","runtime":3440,"editions":{"hd":{"price":0}},"is_downloadable":true},"E97011":{"id":97011,"ref":"E97011","type":"episode","position":2,"title":"","still":"https:\/\/img-opt.cdn.smartvod.com\/smartvod\/images\/videoland\/data\/images\/9\/6\/6248d84922562_[format].jpg","runtime":3539,"editions":{"hd":{"price":0}},"is_downloadable":true},"E97008":{"id":97008,"ref":"E97008","type":"episode","position":3,"title":"","still":"https:\/\/img-opt.cdn.smartvod.com\/smartvod\/images\/videoland\/data\/images\/0\/f\/6229c3f41d5dd_[format].jpg","runtime":3531,"editions":{"hd":{"price":0}},"is_downloadable":true},"E97009":{"id":97009,"ref":"E97009","type":"episode","position":4,"title":"","still":"https:\/\/img-opt.cdn.smartvod.com\/smartvod\/images\/videoland\/data\/images\/3\/q\/6229c2e0df47f_[format].jpg","runtime":3496,"editions":{"hd":{"price":0}},"is_downloadable":true},"E97010":{"id":97010,"ref":"E97010","type":"episode","position":5,"title":"","still":"https:\/\/img-opt.cdn.smartvod.com\/smartvod\/images\/videoland\/data\/images\/i\/8\/6229c4011c5d7_[format].jpg","runtime":3516,"editions":{"hd":{"price":0}},"is_downloadable":true},"E97006":{"id":97006,"ref":"E97006","type":"episode","position":6,"title":"","still":"https:\/\/img-opt.cdn.smartvod.com\/smartvod\/images\/videoland\/data\/images\/n\/e\/6229c2c696b17_[format].jpg","runtime":3447,"editions":{"hd":{"price":0}},"is_downloadable":true}}}