{"id":500682,"ref":"S500682","type":"series","title":"Are You The One","year":2019,"rating":4,"poster":"https:\/\/img-opt.cdn.smartvod.com\/smartvod\/images\/videoland\/data\/images\/b\/j\/60c35821f18d4_[format].jpg","still":"https:\/\/img-opt.cdn.smartvod.com\/smartvod\/images\/videoland\/data\/images\/1\/o\/60cb0104f0e62_[format].jpg","cast":{},"genres":["Reality"],"refs":["SN4303","SN4304","SN4305","SN4309","SN4310","SN4311"],"is_adult":false,"is_kids":false,"is_available":true,"description":"Als jouw perfecte match voor je neus zou staan, zou je het dan doorhebben? Voor het meest ambitieuze datingexperiment ooit zijn tien single vrouwen geselecteerd en zijn er via een uitgebreid koppelproces tien single mannen gevonden die hun perfecte match zijn.","nicam":{"al":"Alle leeftijden","taalgebruik":"Grof Taalgebruik"},"language":"en","language_full":"Engels","details":{"SN4303":{"id":4303,"ref":"SN4303","type":"season","title":"1","position":1},"SN4304":{"id":4304,"ref":"SN4304","type":"season","title":"2","position":2},"SN4305":{"id":4305,"ref":"SN4305","type":"season","title":"4","position":4},"SN4309":{"id":4309,"ref":"SN4309","type":"season","title":"6","position":6,"refs":["E88103","E88095","E88098","E88099","E88102","E88107","E88104","E88093","E88097","E88096","E88106","E88094","E88100","E88105","E88101"]},"SN4310":{"id":4310,"ref":"SN4310","type":"season","title":"7","position":7},"SN4311":{"id":4311,"ref":"SN4311","type":"season","title":"8","position":8},"E88103":{"id":88103,"ref":"E88103","type":"episode","position":1,"title":"Swipe Right For Love","description":"22 vrijgezellen komen samen in een huis in New Orleans. Als ze 11 perfecte matches vormen, winnen ze \u00e9\u00e9n miljoen dollar. Al snel springen er vonken over en worden er driehoeksverhoudingen gevormd.","still":"https:\/\/img-opt.cdn.smartvod.com\/smartvod\/images\/videoland\/data\/images\/f\/u\/60cb12af9a0df_[format].jpg","runtime":2448,"editions":{"hd":{"price":0}},"is_downloadable":true},"E88095":{"id":88095,"ref":"E88095","type":"episode","position":2,"title":"Shot Through The Heart","description":"Malcoms playergedrag zorgt voor problemen als hij tussen Diandra en Nurys terechtkomt. Keith en Alexis proberen elkaars hart te breken door met anderen te daten.","still":"https:\/\/img-opt.cdn.smartvod.com\/smartvod\/images\/videoland\/data\/images\/j\/m\/60cb106cb2fae_[format].jpg","runtime":2396,"editions":{"hd":{"price":0}},"is_downloadable":true},"E88098":{"id":88098,"ref":"E88098","type":"episode","position":3,"title":"Love In Limbo","description":"De sterkste stelletjes in het huis worden op de proef gesteld als men gaat twijfelen aan hun band. Michael zet het huis op stelten met zijn pogingen om relaties stuk te maken.","still":"https:\/\/img-opt.cdn.smartvod.com\/smartvod\/images\/videoland\/data\/images\/d\/p\/60cb106b2f548_[format].jpg","runtime":2396,"editions":{"hd":{"price":0}},"is_downloadable":true},"E88099":{"id":88099,"ref":"E88099","type":"episode","position":4,"title":"Bae-trayl","description":"Een onschuldig spel kost \u00e9\u00e9n koppel hun hart. De frustratie groeit tussen koppels die te diep gaan en vrijgezellen die moeite hebben om een klik te vinden.","still":"https:\/\/img-opt.cdn.smartvod.com\/smartvod\/images\/videoland\/data\/images\/m\/1\/60cb13ecd8fa0_[format].jpg","runtime":2396,"editions":{"hd":{"price":0}},"is_downloadable":true},"E88102":{"id":88102,"ref":"E88102","type":"episode","position":5,"title":"Jelly AF","description":"Er ontstaat chaos in het huis wanneer Alivia in tranen is door Kareems aantrekking tot Zoe. Iedereen is gespannen als de meiden voor strategie gaan tijdens de Match-Up-ceremonie.","still":"https:\/\/img-opt.cdn.smartvod.com\/smartvod\/images\/videoland\/data\/images\/2\/e\/60cb12a0e82a0_[format].jpg","runtime":2395,"editions":{"hd":{"price":0}},"is_downloadable":true},"E88107":{"id":88107,"ref":"E88107","type":"episode","position":6,"title":"Don't Come At Me Crazy","description":"Jada is razend als Uche haar op het matje roept, omdat ze Clinton versierde. Twee knipperlichtkoppels zijn weer bij elkaar. De families van de meiden delen g\u00eanante informatie.","still":"https:\/\/img-opt.cdn.smartvod.com\/smartvod\/images\/videoland\/data\/images\/w\/t\/60cb13c315a4d_[format].jpg","runtime":2394,"editions":{"hd":{"price":0}},"is_downloadable":true},"E88104":{"id":88104,"ref":"E88104","type":"episode","position":7,"title":"Sinking Relation-ships","description":"Nurys kan het niet aan dat Malcolm en Diandra iets krijgen. Het huis raakt verdeeld tussen koppels die weigeren uit elkaar te gaan en vrijgezellen die geen klik met iemand hebben.","still":"https:\/\/img-opt.cdn.smartvod.com\/smartvod\/images\/videoland\/data\/images\/i\/m\/60cb119034ed8_[format].jpg","runtime":2394,"editions":{"hd":{"price":0}},"is_downloadable":true},"E88093":{"id":88093,"ref":"E88093","type":"episode","position":8,"title":"Ex-tra Cray","description":"Kareem en Alexis gaan door het lint als Alivia en Keith erachter proberen te komen of ze een perfecte match zijn. Er komen exen om geheimen te onthullen, waaronder een ex die iedereen al kent.","still":"https:\/\/img-opt.cdn.smartvod.com\/smartvod\/images\/videoland\/data\/images\/3\/m\/60cb1069829d0_[format].jpg","runtime":2396,"editions":{"hd":{"price":0}},"is_downloadable":true},"E88097":{"id":88097,"ref":"E88097","type":"episode","position":9,"title":"Tale Of Two Players","description":"Audrey wordt gek als ze ziet dat Michael met Geles aanpapt. Malcolm moet de gevolgen van zijn gedrag onder ogen zien en iedereen in het huis probeert opnieuw de ware te vinden.","still":"https:\/\/img-opt.cdn.smartvod.com\/smartvod\/images\/videoland\/data\/images\/e\/o\/60cb12a943795_[format].jpg","runtime":2396,"editions":{"hd":{"price":0}},"is_downloadable":true},"E88096":{"id":88096,"ref":"E88096","type":"episode","position":10,"title":"No Love In Nola","description":"Jaloezie neemt het over op een wild Mardi Gras-feest. Geles wordt de grootste vijand wanneer ze meerdere mannen in het huis versiert. Dimitri verbruit het bij Jada.","still":"https:\/\/img-opt.cdn.smartvod.com\/smartvod\/images\/videoland\/data\/images\/t\/j\/60cb14f9bfa9f_[format].jpg","runtime":2425,"editions":{"hd":{"price":0}},"is_downloadable":true},"E88106":{"id":88106,"ref":"E88106","type":"episode","position":11,"title":"Love By The Numbers","description":"Tyler hoopt de friendzone uit te kunnen bij Nicole. Shad laat emoties zien. Liefdesverdriet en jaloezie liggen weer op de loer en de deelnemers vestigen hun hoop op Keith voor een winnende strategie.","still":"https:\/\/img-opt.cdn.smartvod.com\/smartvod\/images\/videoland\/data\/images\/3\/k\/60cb13d4de460_[format].jpg","runtime":2425,"editions":{"hd":{"price":0}},"is_downloadable":true},"E88094":{"id":88094,"ref":"E88094","type":"episode","position":12,"title":"Playing With Fire","description":"Met de laatste Match-Up-ceremonie in zicht is het huis wanhopig om de juiste stellen in het Waarheidshok te krijgen en 11 perfecte matches te vormen. Keith en Alexis gaan te ver bij elkaar.","still":"https:\/\/img-opt.cdn.smartvod.com\/smartvod\/images\/videoland\/data\/images\/w\/3\/60cb12b2d508f_[format].jpg","runtime":2405,"editions":{"hd":{"price":0}},"is_downloadable":true},"E88100":{"id":88100,"ref":"E88100","type":"episode","position":13,"title":"I've Got 99 Problems Cuz I Can't Find The One","description":"Presentator Terrence J gunt ons een exclusief kijkje op de deelnemers van dit seizoen en legt uit waarom deze 22 singles niks bakken van relaties.","still":"https:\/\/img-opt.cdn.smartvod.com\/smartvod\/images\/videoland\/data\/images\/u\/v\/60cb13d876951_[format].jpg","runtime":2372,"editions":{"hd":{"price":0}},"is_downloadable":true},"E88105":{"id":88105,"ref":"E88105","type":"episode","position":14,"title":"Reunion The Final Matchup Part 1","description":"Nadat ze wekenlang op zoek zijn geweest naar liefde en hebben gespeeld voor geld, komen de deelnemers weer bijeen om te vertellen over de explosieve momenten, drama achter de schermen en wat er is gebeurd sinds de opnames.","still":"https:\/\/img-opt.cdn.smartvod.com\/smartvod\/images\/videoland\/data\/images\/r\/x\/60cb13d1cd2d3_[format].jpg","runtime":2520,"editions":{"hd":{"price":0}},"is_downloadable":true},"E88101":{"id":88101,"ref":"E88101","type":"episode","position":15,"title":"Reunion The Final Matchup Part 2","description":"Nadat ze wekenlang op zoek zijn geweest naar liefde en hebben gespeeld voor geld, komen de deelnemers weer bijeen om te vertellen over de explosieve momenten, drama achter de schermen en wat er is gebeurd sinds de opnames.","still":"https:\/\/img-opt.cdn.smartvod.com\/smartvod\/images\/videoland\/data\/images\/9\/g\/60cb162b30314_[format].jpg","runtime":2500,"editions":{"hd":{"price":0}},"is_downloadable":true}}}