{"id":500848,"ref":"S500848","type":"series","title":"Who's The Boss","year":1991,"rating":4,"poster":"https:\/\/img-opt.cdn.smartvod.com\/smartvod\/images\/videoland\/data\/images\/3\/m\/61f12bd6d6d1c_[format].jpg","still":"https:\/\/img-opt.cdn.smartvod.com\/smartvod\/images\/videoland\/data\/images\/f\/v\/6218ea54db530_[format].jpg","cast":{"actors":["Tony Danza","Judith Light","Alyssa Milano","Danny Pintauro","Katherine Helmond"]},"genres":["Komedie"],"refs":["SN4798","SN4799","SN4800","SN4801","SN4803","SN4804","SN4805","SN4807"],"is_adult":false,"is_kids":false,"is_available":true,"description":"Weduwnaar en voormalig honkbalprof Tony neemt een baan aan als huishoudhulp bij zakenvrouw Angela en haar zoon. Hij trekt samen met zijn dochter bij hen in en probeert het rommelige huishouden op orde te krijgen. Het lijkt een match made in heaven, of toch niet?","nicam":{"al":"Alle leeftijden"},"language":"en","language_full":"Engels","details":{"SN4798":{"id":4798,"ref":"SN4798","type":"season","title":"1","position":1},"SN4799":{"id":4799,"ref":"SN4799","type":"season","title":"2","position":2,"refs":["E95554","E95541","E95576","E95563","E95585","E95547","E95583","E95581","E95572","E95575","E95586","E95562","E95543","E95582","E95577","E95556","E95584","E95549","E95580","E95587","E95578","E95540","E95566","E95574","E95560","E95555"]},"SN4800":{"id":4800,"ref":"SN4800","type":"season","title":"3","position":3},"SN4801":{"id":4801,"ref":"SN4801","type":"season","title":"4","position":4},"SN4803":{"id":4803,"ref":"SN4803","type":"season","title":"5","position":5},"SN4804":{"id":4804,"ref":"SN4804","type":"season","title":"6","position":6},"SN4805":{"id":4805,"ref":"SN4805","type":"season","title":"7","position":7},"SN4807":{"id":4807,"ref":"SN4807","type":"season","title":"8","position":8},"E95554":{"id":95554,"ref":"E95554","type":"episode","position":1,"title":"It Happened One Summer (part 1)","description":"Weduwnaar en voormalig honkbalprof Tony neemt een baan aan als huishoudhulp bij zakenvrouw Angela en haar zoon. Hij trekt samen met zijn dochter bij hen in en probeert het rommelige huishouden op orde te krijgen. Het lijkt een match made in heaven, of toch niet?","still":"https:\/\/img-opt.cdn.smartvod.com\/smartvod\/images\/videoland\/data\/images\/c\/b\/6218e348b9ab7_[format].jpg","runtime":1472,"editions":{"hd":{"price":0}},"is_downloadable":true},"E95541":{"id":95541,"ref":"E95541","type":"episode","position":2,"title":"It Happened One Summer (part 2)","description":"Weduwnaar en voormalig honkbalprof Tony neemt een baan aan als huishoudhulp bij zakenvrouw Angela en haar zoon. Hij trekt samen met zijn dochter bij hen in en probeert het rommelige huishouden op orde te krijgen. Het lijkt een match made in heaven, of toch niet?","still":"https:\/\/img-opt.cdn.smartvod.com\/smartvod\/images\/videoland\/data\/images\/g\/1\/6218dfc3f02fc_[format].jpg","runtime":1465,"editions":{"hd":{"price":0}},"is_downloadable":true},"E95576":{"id":95576,"ref":"E95576","type":"episode","position":3,"title":"Ad Man Micelli","description":"Weduwnaar en voormalig honkbalprof Tony neemt een baan aan als huishoudhulp bij zakenvrouw Angela en haar zoon. Hij trekt samen met zijn dochter bij hen in en probeert het rommelige huishouden op orde te krijgen. Het lijkt een match made in heaven, of toch niet?","still":"https:\/\/img-opt.cdn.smartvod.com\/smartvod\/images\/videoland\/data\/images\/c\/o\/6218e218436bd_[format].jpg","runtime":1460,"editions":{"hd":{"price":0}},"is_downloadable":true},"E95563":{"id":95563,"ref":"E95563","type":"episode","position":4,"title":"The Heiress","description":"Weduwnaar en voormalig honkbalprof Tony neemt een baan aan als huishoudhulp bij zakenvrouw Angela en haar zoon. Hij trekt samen met zijn dochter bij hen in en probeert het rommelige huishouden op orde te krijgen. Het lijkt een match made in heaven, of toch niet?","still":"https:\/\/img-opt.cdn.smartvod.com\/smartvod\/images\/videoland\/data\/images\/3\/2\/6218e21cd25a0_[format].jpg","runtime":1474,"editions":{"hd":{"price":0}},"is_downloadable":true},"E95585":{"id":95585,"ref":"E95585","type":"episode","position":5,"title":"Tony The Matchmaker","description":"Weduwnaar en voormalig honkbalprof Tony neemt een baan aan als huishoudhulp bij zakenvrouw Angela en haar zoon. Hij trekt samen met zijn dochter bij hen in en probeert het rommelige huishouden op orde te krijgen. Het lijkt een match made in heaven, of toch niet?","still":"https:\/\/img-opt.cdn.smartvod.com\/smartvod\/images\/videoland\/data\/images\/o\/z\/6218e216a4c03_[format].jpg","runtime":1471,"editions":{"hd":{"price":0}},"is_downloadable":true},"E95547":{"id":95547,"ref":"E95547","type":"episode","position":6,"title":"Custody (part 1)","description":"Weduwnaar en voormalig honkbalprof Tony neemt een baan aan als huishoudhulp bij zakenvrouw Angela en haar zoon. Hij trekt samen met zijn dochter bij hen in en probeert het rommelige huishouden op orde te krijgen. Het lijkt een match made in heaven, of toch niet?","still":"https:\/\/img-opt.cdn.smartvod.com\/smartvod\/images\/videoland\/data\/images\/7\/p\/6218e35458ee6_[format].jpg","runtime":1483,"editions":{"hd":{"price":0}},"is_downloadable":true},"E95583":{"id":95583,"ref":"E95583","type":"episode","position":7,"title":"Custody (part 2)","description":"Weduwnaar en voormalig honkbalprof Tony neemt een baan aan als huishoudhulp bij zakenvrouw Angela en haar zoon. Hij trekt samen met zijn dochter bij hen in en probeert het rommelige huishouden op orde te krijgen. Het lijkt een match made in heaven, of toch niet?","still":"https:\/\/img-opt.cdn.smartvod.com\/smartvod\/images\/videoland\/data\/images\/3\/h\/6218e211ed9ce_[format].jpg","runtime":1475,"editions":{"hd":{"price":0}},"is_downloadable":true},"E95581":{"id":95581,"ref":"E95581","type":"episode","position":8,"title":"Hunk Of The Month","description":"Weduwnaar en voormalig honkbalprof Tony neemt een baan aan als huishoudhulp bij zakenvrouw Angela en haar zoon. Hij trekt samen met zijn dochter bij hen in en probeert het rommelige huishouden op orde te krijgen. Het lijkt een match made in heaven, of toch niet?","still":"https:\/\/img-opt.cdn.smartvod.com\/smartvod\/images\/videoland\/data\/images\/4\/m\/6218dfcc7c407_[format].jpg","runtime":1474,"editions":{"hd":{"price":0}},"is_downloadable":true},"E95572":{"id":95572,"ref":"E95572","type":"episode","position":9,"title":"Thanksgiving At Mrs. Rossini's","description":"Weduwnaar en voormalig honkbalprof Tony neemt een baan aan als huishoudhulp bij zakenvrouw Angela en haar zoon. Hij trekt samen met zijn dochter bij hen in en probeert het rommelige huishouden op orde te krijgen. Het lijkt een match made in heaven, of toch niet?","still":"https:\/\/img-opt.cdn.smartvod.com\/smartvod\/images\/videoland\/data\/images\/i\/q\/6218e34d9b666_[format].jpg","runtime":1472,"editions":{"hd":{"price":0}},"is_downloadable":true},"E95575":{"id":95575,"ref":"E95575","type":"episode","position":10,"title":"The Prodigal Father-In-Law","description":"Weduwnaar en voormalig honkbalprof Tony neemt een baan aan als huishoudhulp bij zakenvrouw Angela en haar zoon. Hij trekt samen met zijn dochter bij hen in en probeert het rommelige huishouden op orde te krijgen. Het lijkt een match made in heaven, of toch niet?","still":"https:\/\/img-opt.cdn.smartvod.com\/smartvod\/images\/videoland\/data\/images\/e\/f\/6218e0f8752f0_[format].jpg","runtime":1473,"editions":{"hd":{"price":0}},"is_downloadable":true},"E95586":{"id":95586,"ref":"E95586","type":"episode","position":11,"title":"The Graduate","description":"Weduwnaar en voormalig honkbalprof Tony neemt een baan aan als huishoudhulp bij zakenvrouw Angela en haar zoon. Hij trekt samen met zijn dochter bij hen in en probeert het rommelige huishouden op orde te krijgen. Het lijkt een match made in heaven, of toch niet?","still":"https:\/\/img-opt.cdn.smartvod.com\/smartvod\/images\/videoland\/data\/images\/6\/y\/6218e0e4e0896_[format].jpg","runtime":1471,"editions":{"hd":{"price":0}},"is_downloadable":true},"E95562":{"id":95562,"ref":"E95562","type":"episode","position":12,"title":"Tony The Nanny","description":"Weduwnaar en voormalig honkbalprof Tony neemt een baan aan als huishoudhulp bij zakenvrouw Angela en haar zoon. Hij trekt samen met zijn dochter bij hen in en probeert het rommelige huishouden op orde te krijgen. Het lijkt een match made in heaven, of toch niet?","still":"https:\/\/img-opt.cdn.smartvod.com\/smartvod\/images\/videoland\/data\/images\/q\/e\/6218ea5b02e01_[format].jpg","runtime":1470,"editions":{"hd":{"price":0}},"is_downloadable":true},"E95543":{"id":95543,"ref":"E95543","type":"episode","position":13,"title":"Junior Executive","description":"Weduwnaar en voormalig honkbalprof Tony neemt een baan aan als huishoudhulp bij zakenvrouw Angela en haar zoon. Hij trekt samen met zijn dochter bij hen in en probeert het rommelige huishouden op orde te krijgen. Het lijkt een match made in heaven, of toch niet?","still":"https:\/\/img-opt.cdn.smartvod.com\/smartvod\/images\/videoland\/data\/images\/u\/l\/6218e34f5b286_[format].jpg","runtime":1474,"editions":{"hd":{"price":0}},"is_downloadable":true},"E95582":{"id":95582,"ref":"E95582","type":"episode","position":14,"title":"Educating Tony","description":"Weduwnaar en voormalig honkbalprof Tony neemt een baan aan als huishoudhulp bij zakenvrouw Angela en haar zoon. Hij trekt samen met zijn dochter bij hen in en probeert het rommelige huishouden op orde te krijgen. Het lijkt een match made in heaven, of toch niet?","still":"https:\/\/img-opt.cdn.smartvod.com\/smartvod\/images\/videoland\/data\/images\/n\/t\/6218e6da4e89d_[format].jpg","runtime":1468,"editions":{"hd":{"price":0}},"is_downloadable":true},"E95577":{"id":95577,"ref":"E95577","type":"episode","position":15,"title":"Gotta Dance","description":"Weduwnaar en voormalig honkbalprof Tony neemt een baan aan als huishoudhulp bij zakenvrouw Angela en haar zoon. Hij trekt samen met zijn dochter bij hen in en probeert het rommelige huishouden op orde te krijgen. Het lijkt een match made in heaven, of toch niet?","still":"https:\/\/img-opt.cdn.smartvod.com\/smartvod\/images\/videoland\/data\/images\/8\/i\/6218e0fc10d16_[format].jpg","runtime":1469,"editions":{"hd":{"price":0}},"is_downloadable":true},"E95556":{"id":95556,"ref":"E95556","type":"episode","position":16,"title":"The Babysitter","description":"Weduwnaar en voormalig honkbalprof Tony neemt een baan aan als huishoudhulp bij zakenvrouw Angela en haar zoon. Hij trekt samen met zijn dochter bij hen in en probeert het rommelige huishouden op orde te krijgen. Het lijkt een match made in heaven, of toch niet?","still":"https:\/\/img-opt.cdn.smartvod.com\/smartvod\/images\/videoland\/data\/images\/v\/4\/6218e0f1c2f33_[format].jpg","runtime":1473,"editions":{"hd":{"price":0}},"is_downloadable":true},"E95584":{"id":95584,"ref":"E95584","type":"episode","position":17,"title":"Jonathan Plays Cupid","description":"Weduwnaar en voormalig honkbalprof Tony neemt een baan aan als huishoudhulp bij zakenvrouw Angela en haar zoon. Hij trekt samen met zijn dochter bij hen in en probeert het rommelige huishouden op orde te krijgen. Het lijkt een match made in heaven, of toch niet?","still":"https:\/\/img-opt.cdn.smartvod.com\/smartvod\/images\/videoland\/data\/images\/g\/l\/6218e0fd99924_[format].jpg","runtime":1470,"editions":{"hd":{"price":0}},"is_downloadable":true},"E95549":{"id":95549,"ref":"E95549","type":"episode","position":18,"title":"When Worlds Collide","description":"Weduwnaar en voormalig honkbalprof Tony neemt een baan aan als huishoudhulp bij zakenvrouw Angela en haar zoon. Hij trekt samen met zijn dochter bij hen in en probeert het rommelige huishouden op orde te krijgen. Het lijkt een match made in heaven, of toch niet?","still":"https:\/\/img-opt.cdn.smartvod.com\/smartvod\/images\/videoland\/data\/images\/0\/f\/6218e34387eba_[format].jpg","runtime":1469,"editions":{"hd":{"price":0}},"is_downloadable":true},"E95580":{"id":95580,"ref":"E95580","type":"episode","position":19,"title":"Losers And Other Stranger","description":"Weduwnaar en voormalig honkbalprof Tony neemt een baan aan als huishoudhulp bij zakenvrouw Angela en haar zoon. Hij trekt samen met zijn dochter bij hen in en probeert het rommelige huishouden op orde te krijgen. Het lijkt een match made in heaven, of toch niet?","still":"https:\/\/img-opt.cdn.smartvod.com\/smartvod\/images\/videoland\/data\/images\/x\/d\/6218dfd33c268_[format].jpg","runtime":1470,"editions":{"hd":{"price":0}},"is_downloadable":true},"E95587":{"id":95587,"ref":"E95587","type":"episode","position":20,"title":"Tony For President","description":"Weduwnaar en voormalig honkbalprof Tony neemt een baan aan als huishoudhulp bij zakenvrouw Angela en haar zoon. Hij trekt samen met zijn dochter bij hen in en probeert het rommelige huishouden op orde te krijgen. Het lijkt een match made in heaven, of toch niet?","still":"https:\/\/img-opt.cdn.smartvod.com\/smartvod\/images\/videoland\/data\/images\/x\/6\/6218e0e6d4ba8_[format].jpg","runtime":1469,"editions":{"hd":{"price":0}},"is_downloadable":true},"E95578":{"id":95578,"ref":"E95578","type":"episode","position":21,"title":"Not With My Client, You Don't","description":"Weduwnaar en voormalig honkbalprof Tony neemt een baan aan als huishoudhulp bij zakenvrouw Angela en haar zoon. Hij trekt samen met zijn dochter bij hen in en probeert het rommelige huishouden op orde te krijgen. Het lijkt een match made in heaven, of toch niet?","still":"https:\/\/img-opt.cdn.smartvod.com\/smartvod\/images\/videoland\/data\/images\/v\/b\/6218e0e29f0b8_[format].jpg","runtime":1469,"editions":{"hd":{"price":0}},"is_downloadable":true},"E95540":{"id":95540,"ref":"E95540","type":"episode","position":22,"title":"Angela's New Best Friend","description":"Weduwnaar en voormalig honkbalprof Tony neemt een baan aan als huishoudhulp bij zakenvrouw Angela en haar zoon. Hij trekt samen met zijn dochter bij hen in en probeert het rommelige huishouden op orde te krijgen. Het lijkt een match made in heaven, of toch niet?","still":"https:\/\/img-opt.cdn.smartvod.com\/smartvod\/images\/videoland\/data\/images\/d\/8\/6218dfc277175_[format].jpg","runtime":1468,"editions":{"hd":{"price":0}},"is_downloadable":true},"E95566":{"id":95566,"ref":"E95566","type":"episode","position":23,"title":"There's No Business Like Shoe Business","description":"Weduwnaar en voormalig honkbalprof Tony neemt een baan aan als huishoudhulp bij zakenvrouw Angela en haar zoon. Hij trekt samen met zijn dochter bij hen in en probeert het rommelige huishouden op orde te krijgen. Het lijkt een match made in heaven, of toch niet?","still":"https:\/\/img-opt.cdn.smartvod.com\/smartvod\/images\/videoland\/data\/images\/7\/w\/6218e35b5d324_[format].jpg","runtime":1470,"editions":{"hd":{"price":0}},"is_downloadable":true},"E95574":{"id":95574,"ref":"E95574","type":"episode","position":24,"title":"The Unnatural","description":"Weduwnaar en voormalig honkbalprof Tony neemt een baan aan als huishoudhulp bij zakenvrouw Angela en haar zoon. Hij trekt samen met zijn dochter bij hen in en probeert het rommelige huishouden op orde te krijgen. Het lijkt een match made in heaven, of toch niet?","still":"https:\/\/img-opt.cdn.smartvod.com\/smartvod\/images\/videoland\/data\/images\/7\/0\/6218e35d602ab_[format].jpg","runtime":1469,"editions":{"hd":{"price":0}},"is_downloadable":true},"E95560":{"id":95560,"ref":"E95560","type":"episode","position":25,"title":"Charmed Lives","description":"Weduwnaar en voormalig honkbalprof Tony neemt een baan aan als huishoudhulp bij zakenvrouw Angela en haar zoon. Hij trekt samen met zijn dochter bij hen in en probeert het rommelige huishouden op orde te krijgen. Het lijkt een match made in heaven, of toch niet?","still":"https:\/\/img-opt.cdn.smartvod.com\/smartvod\/images\/videoland\/data\/images\/r\/4\/6218e20eaacbe_[format].jpg","runtime":1472,"editions":{"hd":{"price":0}},"is_downloadable":true},"E95555":{"id":95555,"ref":"E95555","type":"episode","position":26,"title":"The Anniversary Show","description":"Weduwnaar en voormalig honkbalprof Tony neemt een baan aan als huishoudhulp bij zakenvrouw Angela en haar zoon. Hij trekt samen met zijn dochter bij hen in en probeert het rommelige huishouden op orde te krijgen. Het lijkt een match made in heaven, of toch niet?","still":"https:\/\/img-opt.cdn.smartvod.com\/smartvod\/images\/videoland\/data\/images\/j\/n\/6218dfcfde96b_[format].jpg","runtime":1477,"editions":{"hd":{"price":0}},"is_downloadable":true}}}