{"id":619,"ref":"S619","type":"series","title":"Goede Tijden, Slechte Tijden (GTST)","year":2022,"rating":5,"poster":"https:\/\/img-opt.cdn.smartvod.com\/smartvod\/images\/videoland\/data\/images\/x\/b\/63048d4134624_[format].jpg","still":"https:\/\/img-opt.cdn.smartvod.com\/smartvod\/images\/videoland\/data\/images\/1\/q\/5f4e039d1b90c_[format].jpg","cast":{"actors":["Jette van der Meij","Caroline de Bruijn","Erik de Vogel","Marly van der Velden","Ferry Doedens","Stephanie van Eer"]},"genres":["Drama"],"refs":["SN1089","SN1297","SN1609","SN1731","SN1948","SN2133","SN2437","SN2595","SN2947","SN3111","SN3686","SN3966","SN4392","SN4710","SN5124"],"is_adult":false,"is_kids":false,"is_available":true,"description":"Nederlandse soapserie over de perikelen rondom verschillende families in het plaatsje Meerdijk.","nicam":{"12":"Mogelijk schadelijk tot 12 jaar","geweld":"Geweld","angst":"Angst","seks":"Seks","taalgebruik":"Grof Taalgebruik"},"language":"nl","language_full":"Nederlands","details":{"SN1089":{"id":1089,"ref":"SN1089","type":"season","title":"Najaar 2015","position":1},"SN1297":{"id":1297,"ref":"SN1297","type":"season","title":"Voorjaar 2016","position":2},"SN1609":{"id":1609,"ref":"SN1609","type":"season","title":"Najaar 2016","position":3},"SN1731":{"id":1731,"ref":"SN1731","type":"season","title":"Voorjaar 2017","position":4,"refs":["E48486","E48487","E48488","E48490","E48489","E48589","E48587","E48590","E48588","E48591","E48641","E48642","E48643","E48644","E48645","E48818","E48826","E48825","E48822","E48827","E48887","E48888","E48892","E48885","E48883","E49022","E49025","E49024","E49026","E49023","E49027","E49032","E49030","E49031","E49029","E49268","E49267","E49275","E49273","E49274","E49374","E49373","E49377","E49375","E49387","E49413","E49416","E49419","E49421","E49414","E49662","E49665","E49664","E49666","E49663","E49718","E49721","E49720","E49722","E49719","E49785","E49783","E49784","E49786","E49782","E49846","E49848","E49847","E49850","E49849","E49961","E49963","E49964","E49965","E49962","E50016","E50020","E50018","E50017","E50019","E50071","E50070","E50068","E50067","E50069","E50334","E50336","E50338","E50335","E50337","E50372","E50371","E50368","E50370","E50369","E50527","E50529","E50530","E50531","E50528","E50633","E50634","E50637","E50635","E50636","E50672","E50670","E50673","E50671","E50674","E50697","E50696","E50699","E50695","E50698","E50911","E50912","E50913","E50914","E50916","E50963","E50959","E50960","E50953","E50956","E51023","E51022","E51002","E51011","E51017","E51010","E51009","E51014","E51006","E51019"]},"SN1948":{"id":1948,"ref":"SN1948","type":"season","title":"Najaar 2017","position":5},"SN2133":{"id":2133,"ref":"SN2133","type":"season","title":"Voorjaar 2018","position":6},"SN2437":{"id":2437,"ref":"SN2437","type":"season","title":"Najaar 2018","position":7},"SN2595":{"id":2595,"ref":"SN2595","type":"season","title":"Voorjaar 2019","position":8},"SN2947":{"id":2947,"ref":"SN2947","type":"season","title":"Najaar 2019","position":9},"SN3111":{"id":3111,"ref":"SN3111","type":"season","title":"Voorjaar 2020","position":10},"SN3686":{"id":3686,"ref":"SN3686","type":"season","title":"Najaar 2020","position":11},"SN3966":{"id":3966,"ref":"SN3966","type":"season","title":"Voorjaar 2021","position":12},"SN4392":{"id":4392,"ref":"SN4392","type":"season","title":"Najaar 2021","position":13},"SN4710":{"id":4710,"ref":"SN4710","type":"season","title":"Voorjaar 2022","position":14},"SN5124":{"id":5124,"ref":"SN5124","type":"season","title":"Najaar 2022","position":15},"E48486":{"id":48486,"ref":"E48486","type":"episode","position":1,"title":"Afl. 5491","description":"Uitzending RTL 4: Ma 2 Jan Ludo schakelt Anton in, omdat hij zijn medische kennis nodig heeft. Linda denkt een ontspannen middag te kunnen hebben, maar het loopt helemaal anders. Malena kan geen kant op als Marcus haar onder druk zet.","still":"https:\/\/img-opt.cdn.smartvod.com\/smartvod\/images\/videoland\/data\/images\/e\/h\/58533c998bcc7_[format].jpg","runtime":1378,"editions":{"hd":{"price":0}},"is_downloadable":true},"E48487":{"id":48487,"ref":"E48487","type":"episode","position":2,"title":"Afl. 5492","description":"Uitzending RTL 4: Di 3 Jan Kimberly vindt dat het besluit van Marcus tegen alle logica ingaat. Sam wordt door Linda op een idee gebracht en gaat naar Olivier met de vraag van haar leven.","still":"https:\/\/img-opt.cdn.smartvod.com\/smartvod\/images\/videoland\/data\/images\/m\/4\/58533c9e8cfdd_[format].jpg","runtime":1374,"editions":{"hd":{"price":0}},"is_downloadable":true},"E48488":{"id":48488,"ref":"E48488","type":"episode","position":3,"title":"Afl. 5493","description":"Uitzending RTL 4: Wo 4 Jan Sam vermoedt dat Linda haar, achter haar rug om, tegenwerkt. Job weet Rikki te raken met een lief gebaar. Sjoerd schrikt als Aysen wil gaan sporten, net nu de bevruchte eitjes zijn teruggeplaatst.","still":"https:\/\/img-opt.cdn.smartvod.com\/smartvod\/images\/videoland\/data\/images\/4\/m\/58533ca3504fa_[format].jpg","runtime":1378,"editions":{"hd":{"price":0}},"is_downloadable":true},"E48490":{"id":48490,"ref":"E48490","type":"episode","position":4,"title":"Afl. 5494","description":"Uitzending RTL 4: Do 5 Jan Nina wordt overdonderd met het laatste nieuws over Malena, maar dit geeft haar ook een kans op een nieuwe start. Marcus is in paniek als Malena spoorloos verdwenen is.","still":"https:\/\/img-opt.cdn.smartvod.com\/smartvod\/images\/videoland\/data\/images\/b\/5\/58533ca8cf43e_[format].jpg","runtime":1390,"editions":{"hd":{"price":0}},"is_downloadable":true},"E48489":{"id":48489,"ref":"E48489","type":"episode","position":5,"title":"Afl. 5495","description":"Uitzending RTL 4: Vr 6 Jan Rikki krijgt goed nieuws \u00e9n slecht nieuws over de toestand van Teddy. Anna heeft moeite met het feit dat Job zo amicaal met zijn fans omgaat. Nina ontdekt welk geheim Lucas met zich meedraagt.","still":"https:\/\/img-opt.cdn.smartvod.com\/smartvod\/images\/videoland\/data\/images\/u\/s\/5853ebf2431bd_[format].jpg","runtime":1364,"editions":{"hd":{"price":0}},"is_downloadable":true},"E48589":{"id":48589,"ref":"E48589","type":"episode","position":6,"title":"Afl. 5496","description":"Uitzending RTL 4: Ma 9 Jan Het nieuws van Sjoerd en Rikki slaat in als een bom. Thijs sluit zichzelf op. Als Noud Aysen betrapt, kan ze haar geheim niet verzwijgen. Aan de andere kant kan Noud zijn eigen geheim ook niet voor zich houden.","still":"https:\/\/img-opt.cdn.smartvod.com\/smartvod\/images\/videoland\/data\/images\/u\/e\/5859bbffdfb2d_[format].jpg","runtime":1352,"editions":{"hd":{"price":0}},"is_downloadable":true},"E48587":{"id":48587,"ref":"E48587","type":"episode","position":7,"title":"Afl. 5497","description":"Uitzending RTL 4: Di 10 Jan Ludo ontdekt dat ook zijn priv\u00e9bankrekeningen bevroren zijn. Sam krijgt te horen dat haar korset eindelijk af mag. Ze neemt het er meteen van. Malena is doodsbang als ze bezoek krijgt.","still":"https:\/\/img-opt.cdn.smartvod.com\/smartvod\/images\/videoland\/data\/images\/n\/t\/5859bc0b3db0a_[format].jpg","runtime":1364,"editions":{"hd":{"price":0}},"is_downloadable":true},"E48590":{"id":48590,"ref":"E48590","type":"episode","position":8,"title":"Afl. 5498","description":"Uitzending RTL 4: Wo 11 Jan Anna en Job krijgen een fantastische sponsordeal aangeboden. Bing is verrast over welk standpunt Maxime inneemt in het conflict dat hij met Nina heeft. Malena ziet een kans om uit haar benarde situatie te ontkomen.","still":"https:\/\/img-opt.cdn.smartvod.com\/smartvod\/images\/videoland\/data\/images\/6\/v\/585ab4419126d_[format].jpg","runtime":1373,"editions":{"hd":{"price":0}},"is_downloadable":true},"E48588":{"id":48588,"ref":"E48588","type":"episode","position":9,"title":"Afl. 5499","description":"Uitzending RTL 4: Do 12 Jan Linda wordt overdonderd door een bruiloftsidee van Sam. Marcus en Malena hakken beiden een lastige knoop door. Marcus heeft het zwaar tijdens een familiemoment.","still":"https:\/\/img-opt.cdn.smartvod.com\/smartvod\/images\/videoland\/data\/images\/b\/c\/585cf102a4027_[format].jpg","runtime":1368,"editions":{"hd":{"price":0}},"is_downloadable":true},"E48591":{"id":48591,"ref":"E48591","type":"episode","position":10,"title":"Afl. 5500","description":"Uitzending RTL 4: Vr 13 Jan Bij het dubbelhuwelijk van Linda en Anton en Sam en Olivier wordt vier keer 'ja' gezegd, maar ook \u00e9\u00e9n keer verraad gepleegd. Thijs krijgt de uitslag van zijn vaderschapstest.","still":"https:\/\/img-opt.cdn.smartvod.com\/smartvod\/images\/videoland\/data\/images\/3\/p\/585cf10766aab_[format].jpg","runtime":1377,"editions":{"hd":{"price":0}},"is_downloadable":true},"E48641":{"id":48641,"ref":"E48641","type":"episode","position":11,"title":"Afl. 5501","description":"Uitzending RTL 4: Ma 16 Jan Sam durft niet naar het ziekenhuis te gaan. Noud verwijt Sjoerd dat hij geen begrip voor Aysen heeft. Rikki probeert toenadering tot Thijs te zoeken, omdat Teddy nu boven alles gaat.","still":"https:\/\/img-opt.cdn.smartvod.com\/smartvod\/images\/videoland\/data\/images\/4\/5\/586c3b15ed704_[format].jpg","runtime":1371,"editions":{"hd":{"price":0}},"is_downloadable":true},"E48642":{"id":48642,"ref":"E48642","type":"episode","position":12,"title":"Afl. 5502","description":"Uitzending RTL 4: Di 17 Jan Bing triomfeert als hij oog in oog staat met Ludo. Sam weet een tegenslag om te buigen naar iets positiefs. Kimberly doet voor de buitenwereld alsof het vertrek van haar vader haar niets doet.","still":"https:\/\/img-opt.cdn.smartvod.com\/smartvod\/images\/videoland\/data\/images\/4\/1\/586c3b1062ac3_[format].jpg","runtime":1370,"editions":{"hd":{"price":0}},"is_downloadable":true},"E48643":{"id":48643,"ref":"E48643","type":"episode","position":13,"title":"Afl. 5503","description":"Uitzending RTL 4: Wo 18 Jan Linda kan haar geheim niet langer verzwijgen. Job beschuldigt Anna ervan dat ze misbruik maakt van zijn priv\u00e9situatie. Janine probeert een brug te bouwen als haar gezin uiteenvalt.","still":"https:\/\/img-opt.cdn.smartvod.com\/smartvod\/images\/videoland\/data\/images\/m\/u\/587b435e41505_[format].jpg","runtime":1377,"editions":{"hd":{"price":0}},"is_downloadable":true},"E48644":{"id":48644,"ref":"E48644","type":"episode","position":14,"title":"Afl. 5504","description":"Uitzending RTL 4: Do 19 Jan Nina merkt dat Kimberly een grote fout heeft gemaakt. Kimberly komt echter met een geweldige oplossing. Ludo moet zijn woorden inslikken als hij Maxime om hulp vraagt.","still":"https:\/\/img-opt.cdn.smartvod.com\/smartvod\/images\/videoland\/data\/images\/k\/4\/5864df0fc5b1b_[format].jpg","runtime":1389,"editions":{"hd":{"price":0}},"is_downloadable":true},"E48645":{"id":48645,"ref":"E48645","type":"episode","position":15,"title":"Afl. 5505","description":"Uitzending RTL 4: Vr 20 Jan Rikki schrikt enorm als het slechter gaat met Teddy. De oplossing ligt voor handen, maar de medische implicaties zijn groot. Sam kan het niet aan als Olivier een heftig besluit neemt.","still":"https:\/\/img-opt.cdn.smartvod.com\/smartvod\/images\/videoland\/data\/images\/p\/e\/58699eec4a4bb_[format].jpg","runtime":1386,"editions":{"hd":{"price":0}},"is_downloadable":true},"E48818":{"id":48818,"ref":"E48818","type":"episode","position":16,"title":"Afl. 5506","description":"Uitzending RTL 4: Ma 23 Jan Anton krijgt met een moeilijk medisch dilemma te maken. Het is spannend en onzeker hoe Thijs uit de operatie komt. Rikki is bang dat Teddy het niet haalt.","still":"https:\/\/img-opt.cdn.smartvod.com\/smartvod\/images\/videoland\/data\/images\/c\/6\/587b43596c05a_[format].jpg","runtime":1346,"editions":{"hd":{"price":0}},"is_downloadable":true},"E48826":{"id":48826,"ref":"E48826","type":"episode","position":17,"title":"Afl. 5507","description":"Uitzending RTL 4: Di 24 Jan De samenwerking tussen Maxime en Bing tegen Ludo gaat niet gemakkelijk. Als Lucas met Kasper het gesprek aangaat over hiv, bereikt hij precies het tegenovergestelde van zijn doel.","still":"https:\/\/img-opt.cdn.smartvod.com\/smartvod\/images\/videoland\/data\/images\/l\/x\/587d4a32d89e8_[format].jpg","runtime":1342,"editions":{"hd":{"price":0}},"is_downloadable":true},"E48825":{"id":48825,"ref":"E48825","type":"episode","position":18,"title":"Afl. 5508","description":"Uitzending RTL 4: Wo 25 Jan Nina ontdekt met welke wraakplannen Bing bezig is. Een reddingsplan van Janine loopt helemaal verkeerd af. Als Sam niet weet waar ze het moet zoeken van verdriet, komt ze uit bij... Bill.","still":"https:\/\/img-opt.cdn.smartvod.com\/smartvod\/images\/videoland\/data\/images\/n\/t\/587f042da91cd_[format].jpg","runtime":1364,"editions":{"hd":{"price":0}},"is_downloadable":true},"E48822":{"id":48822,"ref":"E48822","type":"episode","position":19,"title":"Afl. 5509","description":"Uitzending RTL 4: Do 26 Jan Rikki merkt iets aan Thijs. Kimberly dringt zich op aan Noud. Ludo krijgt bewijzen dat Maddy nog volop bezig is met haar strijd tegen hem. Job probeert zijn geldproblemen voor Anna verborgen te houden.","still":"https:\/\/img-opt.cdn.smartvod.com\/smartvod\/images\/videoland\/data\/images\/x\/d\/587eba794b5c1_[format].jpg","runtime":1372,"editions":{"hd":{"price":0}},"is_downloadable":true},"E48827":{"id":48827,"ref":"E48827","type":"episode","position":20,"title":"Afl. 5510","description":"Uitzending RTL 4: Vr 27 Jan Sam en Olivier beleven hun allerlaatste dag en avond samen. Hun verdriet wordt verzacht door medeleven, een borrel en sterke verhalen. Anna probeert onder een moeilijke afspraak uit te komen.","still":"https:\/\/img-opt.cdn.smartvod.com\/smartvod\/images\/videoland\/data\/images\/y\/s\/587eba6a19cbe_[format].jpg","runtime":1406,"editions":{"hd":{"price":0}},"is_downloadable":true},"E48887":{"id":48887,"ref":"E48887","type":"episode","position":21,"title":"Afl. 5511","description":"Uitzending RTL 4: Ma 30 Jan Kimberly wordt door Rover op een idee gebracht om Noud te imponeren. Thijs mag het ziekenhuis uit en heeft een verrassing voor Rikki. Nina haalt Bing over om naar de persconferentie van Ludo te gaan.","still":"https:\/\/img-opt.cdn.smartvod.com\/smartvod\/images\/videoland\/data\/images\/0\/r\/5881e60351814_[format].jpg","runtime":1381,"editions":{"hd":{"price":0}},"is_downloadable":true},"E48888":{"id":48888,"ref":"E48888","type":"episode","position":22,"title":"Afl. 5512","description":"Uitzending RTL 4: Di 31 Jan Job en Sjoerd hebben iets uit te leggen als Anna foto's ontdekt waar zij samen op staan. Bill wil er voor Sam zijn en krijgt steun uit een hoek waar hij dat niet verwacht.","still":"https:\/\/img-opt.cdn.smartvod.com\/smartvod\/images\/videoland\/data\/images\/q\/z\/58823e3771238_[format].jpg","runtime":1374,"editions":{"hd":{"price":0}},"is_downloadable":true},"E48892":{"id":48892,"ref":"E48892","type":"episode","position":23,"title":"Afl. 5513","description":"Uitzending RTL 4: Wo 1 Feb Maxime hoort Bill een zakelijk voorstel doen aan Ludo en treedt meteen op. Sam probeert met een hobby haar verdriet om Olivier in goede banen te leiden. Anton ziet dat het niet goed gaat met Sjoerd.","still":"https:\/\/img-opt.cdn.smartvod.com\/smartvod\/images\/videoland\/data\/images\/t\/m\/58823e2e7f666_[format].jpg","runtime":1376,"editions":{"hd":{"price":0}},"is_downloadable":true},"E48885":{"id":48885,"ref":"E48885","type":"episode","position":24,"title":"Afl. 5514","description":"Uitzending RTL 4: Do 2 Feb Linda en Bill gaan op zoek wanneer Sam spoorloos verdwenen is. Kimberly grijpt in als Lucas door Maxime betutteld wordt. Er wordt lacherig gedaan over Jobs status als BN'er, totdat er een bloedmooie dame binnenloopt.","still":"https:\/\/img-opt.cdn.smartvod.com\/smartvod\/images\/videoland\/data\/images\/g\/l\/58823e40ec144_[format].jpg","runtime":1391,"editions":{"hd":{"price":0}},"is_downloadable":true},"E48883":{"id":48883,"ref":"E48883","type":"episode","position":25,"title":"Afl. 5515","description":"Uitzending RTL 4: Vr 3 Feb Rikki en Thijs krijgen goed nieuws en dat heeft invloed op de verhouding tussen hen. Maxime krijgt het voor elkaar dat Janine argwanend wordt tegenover Bill. Kimberly hangt een zielig verhaal op bij Noud.","still":"https:\/\/img-opt.cdn.smartvod.com\/smartvod\/images\/videoland\/data\/images\/9\/3\/58823e4d6dcdf_[format].jpg","runtime":1392,"editions":{"hd":{"price":0}},"is_downloadable":true},"E49022":{"id":49022,"ref":"E49022","type":"episode","position":26,"title":"Afl. 5516","description":"Uitzending RTL 4: Ma 6 Feb. Janine krijgt een bericht waardoor haar hele leven op zijn kop komt te staan. Ludo is in shock als hij de reden hoort waarom Bill geen zaken meer met hem wil doen.","still":"https:\/\/img-opt.cdn.smartvod.com\/smartvod\/images\/videoland\/data\/images\/s\/w\/588934d485952_[format].jpg","runtime":1365,"editions":{"hd":{"price":0}},"is_downloadable":true},"E49025":{"id":49025,"ref":"E49025","type":"episode","position":27,"title":"Afl. 5517","description":"Uitzending RTL 4: Di 7 Feb. Als Teddy uit het ziekenhuis thuiskomt, krijgt Thijs slecht nieuws dat niet strookt met wat hij wil. Hij bedenkt een sluw plan om Rikki te paaien. Anna en Job hebben een half jaar verkering en dat wil Anna vieren.","still":"https:\/\/img-opt.cdn.smartvod.com\/smartvod\/images\/videoland\/data\/images\/7\/7\/5887e5c6ec35c_[format].jpg","runtime":1396,"editions":{"hd":{"price":0}},"is_downloadable":true},"E49024":{"id":49024,"ref":"E49024","type":"episode","position":28,"title":"Afl. 5518","description":"Uitzending RTL 4: Wo 8 Feb. Sjoerd maakt een grote fout met Bram en verliest het vertrouwen in zichzelf. Linda probeert er het beste van te maken als ze met Bill en Sam in een huurhuisje aan het strand arriveert.","still":"https:\/\/img-opt.cdn.smartvod.com\/smartvod\/images\/videoland\/data\/images\/2\/o\/588934cc52816_[format].jpg","runtime":1354,"editions":{"hd":{"price":0}},"is_downloadable":true},"E49026":{"id":49026,"ref":"E49026","type":"episode","position":29,"title":"Afl. 5519","description":"Uitzending RTL 4: Do 4 Feb. Sam gaat uitwaaien op het strand. Als ze daar later in haar doka de foto's van ontwikkelt, ontdekt ze iets. Sjoerd is zo in de war dat hij Rikki een vreemd voorstel doet.","still":"https:\/\/img-opt.cdn.smartvod.com\/smartvod\/images\/videoland\/data\/images\/4\/b\/588934c7ea2e3_[format].jpg","runtime":1355,"editions":{"hd":{"price":0}},"is_downloadable":true},"E49023":{"id":49023,"ref":"E49023","type":"episode","position":30,"title":"Afl. 5520","description":"Uitzending RTL 4: Vr 10 Feb. Linda heeft de hulp van Bill nodig als ze tegen Sam liegt. Ludo licht Janine in als hij vermoedens heeft over de identiteit van Maddy. Lucas probeert meerdere versierpogingen te weerstaan.","still":"https:\/\/img-opt.cdn.smartvod.com\/smartvod\/images\/videoland\/data\/images\/h\/n\/588934d06c111_[format].jpg","runtime":1373,"editions":{"hd":{"price":0}},"is_downloadable":true},"E49027":{"id":49027,"ref":"E49027","type":"episode","position":31,"title":"Afl. 5521","description":"Uitzending RTL 4: Ma 13 Feb. Er is een huwelijk gepland en er vindt een ontvoering plaats. Rikki heeft een emotionele avond als ze diep nadenkt over haar huwelijksgeloften. Anton dwingt Sjoerd om naar de bruiloft te gaan.","still":"https:\/\/img-opt.cdn.smartvod.com\/smartvod\/images\/videoland\/data\/images\/p\/r\/5894b34458718_[format].jpg","runtime":1346,"editions":{"hd":{"price":0}},"is_downloadable":true},"E49032":{"id":49032,"ref":"E49032","type":"episode","position":32,"title":"Afl. 5522","description":"Uitzending RTL 4: Di 14 Feb. Lucas wordt betrapt bij iets wat hij geheim wil houden. Maxime is op haar hoede als ze een uitnodiging krijgt van Ludo. Bing en Bill komen in conflict.","still":"https:\/\/img-opt.cdn.smartvod.com\/smartvod\/images\/videoland\/data\/images\/9\/s\/589c355777c2e_[format].jpg","runtime":1337,"editions":{"hd":{"price":0}},"is_downloadable":true},"E49030":{"id":49030,"ref":"E49030","type":"episode","position":33,"title":"Afl. 5523","description":"Uitzending RTL 4: Wo 15 Feb. Als Kimberly wakker wordt, ligt ze niet meer in haar eentje in bed. Rover vraagt Bing uit te leggen waarom vrouwen op hem vallen. Als Linda hem negeert, werkt dit averechts en dringt Bill zich alleen maar verder op.","still":"https:\/\/img-opt.cdn.smartvod.com\/smartvod\/images\/videoland\/data\/images\/f\/f\/589d7aa7bf09b_[format].jpg","runtime":1328,"editions":{"hd":{"price":0}},"is_downloadable":true},"E49031":{"id":49031,"ref":"E49031","type":"episode","position":34,"title":"Afl. 5524","description":"Uitzending RTL 4: Do 16 Feb. Lucas gaat akkoord met een date, ook al wil hij eigenlijk niet. Job is de ster in een commercial, maar jaloerse Anna saboteert de opnames. Sam eist van Bill een verklaring voor zijn opdringerige gedrag.","still":"https:\/\/img-opt.cdn.smartvod.com\/smartvod\/images\/videoland\/data\/images\/o\/n\/589d7aa264945_[format].jpg","runtime":1376,"editions":{"hd":{"price":0}},"is_downloadable":true},"E49029":{"id":49029,"ref":"E49029","type":"episode","position":35,"title":"Afl. 5525","description":"Uitzending RTL 4: Vr 17 Feb. Anna voelt zich belazerd en opzij gezet door Job. Job geeft aan Noud toe dat hij daar niets van begrijpt. Net als Ludo en Janine denken dat het leven meezit, staat ze een grote tegenslag te wachten.","still":"https:\/\/img-opt.cdn.smartvod.com\/smartvod\/images\/videoland\/data\/images\/h\/4\/589d7aac60b50_[format].jpg","runtime":1364,"editions":{"hd":{"price":0}},"is_downloadable":true},"E49268":{"id":49268,"ref":"E49268","type":"episode","position":5526,"title":"Afl. 5526","description":"Uitzending RTL 4: Ma 20 Feb Ludo krijgt slecht nieuws van de bank en reageert zich af op Maxime. Rover is verrast als Kimberly zich een lotgenoot in de liefde noemt. Linda wordt gedwongen om Bill in een kwaad daglicht te stellen.","still":"https:\/\/img-opt.cdn.smartvod.com\/smartvod\/images\/videoland\/data\/images\/8\/r\/58a2b82c81508_[format].jpg","runtime":1383,"editions":{"hd":{"price":0}},"is_downloadable":true},"E49267":{"id":49267,"ref":"E49267","type":"episode","position":5527,"title":"Afl. 5527","description":"Uitzending RTL 4: Di 21 Feb Anton maakt een duidelijke liefdeskeuze. Rover is diep geschokt als Sam hem precies inlicht over wat er in hun gezin speelt. Laura springt tussen een gevecht in De Rozenboom.","still":"https:\/\/img-opt.cdn.smartvod.com\/smartvod\/images\/videoland\/data\/images\/e\/9\/58a2b83160835_[format].jpg","runtime":1375,"editions":{"hd":{"price":0}},"is_downloadable":true},"E49275":{"id":49275,"ref":"E49275","type":"episode","position":5528,"title":"Afl. 5528","description":"Uitzending RTL 4: Wo 22 Feb Anna is het doelwit van een aanslag. Ludo weigert te accepteren dat zijn teloorgang definitief is. Rikki houdt Bram thuis van school en liegt tegen Rik. Lucas kan zijn gevoelens voor Felix niet onderdrukken.","still":"https:\/\/img-opt.cdn.smartvod.com\/smartvod\/images\/videoland\/data\/images\/q\/0\/58a2b80c4f1c3_[format].jpg","runtime":1388,"editions":{"hd":{"price":0}},"is_downloadable":true},"E49273":{"id":49273,"ref":"E49273","type":"episode","position":5529,"title":"Afl. 5529","description":"Uitzending RTL 4: Do 23 Feb Job pakt het handig aan als hij de blits wil maken bij zijn fans. Lucas en Felix verliezen zich in een jaren 80-verkleedfeest. Rik wil niet dat Bram het slachtoffer wordt van Rikki's neurotische gedrag.","still":"https:\/\/img-opt.cdn.smartvod.com\/smartvod\/images\/videoland\/data\/images\/c\/w\/58a463360a75e_[format].jpg","runtime":1312,"editions":{"hd":{"price":0}},"is_downloadable":true},"E49274":{"id":49274,"ref":"E49274","type":"episode","position":5530,"title":"Afl. 5530","description":"Uitzending RTL 4: Vr 24 Feb Bing zoekt een geldbron voor zijn nieuwe bedrijf en stelt daarom Nina voor een onmogelijk dilemma. Anton verbergt voor Rover dat hij Linda mist. Maxime ontdekt dat Bill ge\u00efnteresseerd is in het huis van Ludo.","still":"https:\/\/img-opt.cdn.smartvod.com\/smartvod\/images\/videoland\/data\/images\/8\/s\/58a46befa2e81_[format].jpg","runtime":1363,"editions":{"hd":{"price":0}},"is_downloadable":true},"E49374":{"id":49374,"ref":"E49374","type":"episode","position":5531,"title":"Afl. 5531","description":"Uitzending RTL 4: Ma 27 Feb Linda laat zich door Anton niet wegsturen. Sam heeft het gevoel dat ze fout op fout stapelt. Als Jobs werk en populariteit voor spanning met zijn zus zorgen, neemt hij een 'dure' beslissing.","still":"https:\/\/img-opt.cdn.smartvod.com\/smartvod\/images\/videoland\/data\/images\/7\/q\/58a46be9d178f_[format].jpg","runtime":1385,"editions":{"hd":{"price":0}},"is_downloadable":true},"E49373":{"id":49373,"ref":"E49373","type":"episode","position":5532,"title":"Afl. 5532","description":"Uitzending RTL 4: Di 28 Feb Lucas, Noud en Kimberly hebben in het ziekenhuis een g\u00eanante ontmoeting. De radeloze Rikki pleegt een diefstal. Linda wordt voor het blok gezet als Bill te snel conclusies in zijn voordeel trekt.","still":"https:\/\/img-opt.cdn.smartvod.com\/smartvod\/images\/videoland\/data\/images\/e\/d\/58aaa43fc21ec_[format].jpg","runtime":1390,"editions":{"hd":{"price":0}},"is_downloadable":true},"E49377":{"id":49377,"ref":"E49377","type":"episode","position":5533,"title":"Afl. 5533","description":"Uitzending RTL 4: Wo 1 Maart Kimberly heeft onvermoede talenten en Ludo wordt daarmee geconfronteerd. Bij Bing en Nina vallen klappen. Uit liefde voor zijn dochter neemt Rik een besluit dat tegen zijn gevoel in gaat.","still":"https:\/\/img-opt.cdn.smartvod.com\/smartvod\/images\/videoland\/data\/images\/a\/3\/58aaaaa574339_[format].jpg","runtime":1382,"editions":{"hd":{"price":0}},"is_downloadable":true},"E49375":{"id":49375,"ref":"E49375","type":"episode","position":5534,"title":"Afl. 5534","description":"Uitzending RTL 4: Do 2 Maart Een duistere limousine, een kantoor in Wolgograd en een atelier in Zuid-Frankrijk zijn het decor voor gebeurtenissen in het verleden, die bepalend zijn voor wat er nu in Meerdijk bij de familie Sanders speelt.","still":"https:\/\/img-opt.cdn.smartvod.com\/smartvod\/images\/videoland\/data\/images\/9\/f\/58aaaa91e1947_[format].jpg","runtime":1393,"editions":{"hd":{"price":0}},"is_downloadable":true},"E49387":{"id":49387,"ref":"E49387","type":"episode","position":5535,"title":"Afl. 5535","description":"Uitzending RTL 4: Vr 3 Maart Ludo's bezittingen worden geveild. Als zijn huis onder de hamer gaat, ontstaat er een biedoorlog tot er een bekende onbekende verschijnt. Als Anna Job probeert te kleineren, laat Job dit niet zomaar gebeuren.","still":"https:\/\/img-opt.cdn.smartvod.com\/smartvod\/images\/videoland\/data\/images\/f\/n\/58aaaaaa0418a_[format].jpg","runtime":1339,"editions":{"hd":{"price":0}},"is_downloadable":true},"E49413":{"id":49413,"ref":"E49413","type":"episode","position":5536,"title":"Afl. 5536","description":"Uitzending RTL 4: Ma 6 Maart Maxime probeert Ludo in de laten zien dat het beter is als ze samenwerken om hun vijand te grazen te nemen. Linda kan niet verzwijgen dat ze helemaal niet in Ludo's huis wil wonen.","still":"https:\/\/img-opt.cdn.smartvod.com\/smartvod\/images\/videoland\/data\/images\/z\/7\/58ad4fb87801e_[format].jpg","runtime":1376,"editions":{"hd":{"price":0}},"is_downloadable":true},"E49416":{"id":49416,"ref":"E49416","type":"episode","position":5537,"title":"Afl. 5537","description":"Uitzending RTL 4: Di 7 Maart Anton raakt bezorgd als hij ziet hoe Rikki met Bram omgaat. Noud merkt dat Job de zaken in CS laat versloffen en zich op de verkeerde dingen focust. Linda gaat met andere ogen naar Anton kijken.","still":"https:\/\/img-opt.cdn.smartvod.com\/smartvod\/images\/videoland\/data\/images\/p\/v\/58ad4fbd807c4_[format].jpg","runtime":1381,"editions":{"hd":{"price":0}},"is_downloadable":true},"E49419":{"id":49419,"ref":"E49419","type":"episode","position":5538,"title":"Afl. 5538","description":"Uitzending RTL 4: Wo 8 Maart Rik zet een huisgenoot op straat. Als Rikki woedend wordt op Job, belooft hij zijn leven te beteren. Maar doet hij dit ook? Anton verwijt Rik dat hij een slechte en onverantwoordelijke opa is.","still":"https:\/\/img-opt.cdn.smartvod.com\/smartvod\/images\/videoland\/data\/images\/y\/t\/58ad4fc3f2f26_[format].jpg","runtime":1391,"editions":{"hd":{"price":0}},"is_downloadable":true},"E49421":{"id":49421,"ref":"E49421","type":"episode","position":5539,"title":"Afl. 5539","description":"Uitzending RTL 4: Do 9 Maart Rik zet een huisgenoot op straat. Als Rikki woedend wordt op Job, belooft hij zijn leven te beteren. Maar doet hij dit ook? Anton verwijt Rik dat hij een slechte en onverantwoordelijke opa is.","still":"https:\/\/img-opt.cdn.smartvod.com\/smartvod\/images\/videoland\/data\/images\/a\/a\/58b56fb4ee427_[format].jpg","runtime":1388,"editions":{"hd":{"price":0}},"is_downloadable":true},"E49414":{"id":49414,"ref":"E49414","type":"episode","position":5540,"title":"Afl. 5540","description":"Uitzending RTL 4: Vr 10 Maart Nina is bang dat Bing haar het leven moeilijk wil maken. Bing ontdekt wat Sjors hem geflikt heeft. Wanneer Ludo Sjors aanspreekt, merkt hij al snel hoe standvastig zij kan zijn.","still":"https:\/\/img-opt.cdn.smartvod.com\/smartvod\/images\/videoland\/data\/images\/l\/t\/58b56fadf240a_[format].jpg","runtime":1340,"editions":{"hd":{"price":0}},"is_downloadable":true},"E49662":{"id":49662,"ref":"E49662","type":"episode","position":5541,"title":"Afl. 5541","description":"Uitzending RTL 4: Ma 13 Maart Ludo kan niet anders dan Maxime in vertrouwen nemen over wat hij Martine in het verleden heeft geflikt. Sjors lokt een ruzie uit tussen Bing en Nina.","still":"https:\/\/img-opt.cdn.smartvod.com\/smartvod\/images\/videoland\/data\/images\/y\/1\/58b7e9651c292_[format].jpg","runtime":1282,"editions":{"hd":{"price":0}},"is_downloadable":true},"E49665":{"id":49665,"ref":"E49665","type":"episode","position":5542,"title":"Afl. 5542","description":"Uitzending RTL 4: Di 14 Maart Rover is jarig en hij wordt achttien. Maar hij heeft geen behoefte om het te vieren. Bill wil echter een surpriseparty organiseren. Linda is tegen, want dan moet ze Anton ook uitnodigen.","still":"https:\/\/img-opt.cdn.smartvod.com\/smartvod\/images\/videoland\/data\/images\/j\/y\/58b7e96a5a6d1_[format].jpg","runtime":1381,"editions":{"hd":{"price":0}},"is_downloadable":true},"E49664":{"id":49664,"ref":"E49664","type":"episode","position":5543,"title":"Afl. 5543","description":"Uitzending RTL 4: Wo 15 Maart Ludo presenteert zijn nieuwe bedrijf aan de pers. Maxime legt op deze persconferentie ook een verklaring af, maar er is nog iemand die het woord neemt. Rik doet zijn best om Rikki af te leiden van haar verdriet.","still":"https:\/\/img-opt.cdn.smartvod.com\/smartvod\/images\/videoland\/data\/images\/a\/i\/58b7e96e304da_[format].jpg","runtime":1374,"editions":{"hd":{"price":0}},"is_downloadable":true},"E49666":{"id":49666,"ref":"E49666","type":"episode","position":5544,"title":"Afl. 5544","description":"Uitzending RTL 4: Do 16 Maart Anna ziet een kans om Job terug te pakken. Job sloopt een complete hotelkamer. Rover is op een leuke date, maar wordt steeds afgeleid. In zijn strijd met Ludo maakt Bing een strategische keuze.","still":"https:\/\/img-opt.cdn.smartvod.com\/smartvod\/images\/videoland\/data\/images\/s\/r\/58b7e973ac4f7_[format].jpg","runtime":1337,"editions":{"hd":{"price":0}},"is_downloadable":true},"E49663":{"id":49663,"ref":"E49663","type":"episode","position":5545,"title":"Afl. 5545","description":"Uitzending RTL 4: Vr 17 Maart Rikki houdt zich met succes schuil, totdat Laura een ontdekking doet. Kimberly krijgt een rotgevoel als Rover een date voor haar regelt. Job bespeelt zijn fans in de hoop hun aandacht terug te krijgen.","still":"https:\/\/img-opt.cdn.smartvod.com\/smartvod\/images\/videoland\/data\/images\/j\/g\/58b7e9796dfd6_[format].jpg","runtime":1372,"editions":{"hd":{"price":0}},"is_downloadable":true},"E49718":{"id":49718,"ref":"E49718","type":"episode","position":5546,"title":"Afl. 5546","description":"Uitzending RTL 4: Ma 20 Maart Bing grijpt in als hij een negatieve publicatie over Nina in handen krijgt. Sjors bedenkt een plan waarmee ze Martines bezoedelde naam kan zuiveren. Anton en Rik voeren de druk zo hoog op bij Rikki dat ze wegvlucht.","still":"https:\/\/img-opt.cdn.smartvod.com\/smartvod\/images\/videoland\/data\/images\/j\/4\/58c7d06c3a08d_[format].jpg","runtime":1378,"editions":{"hd":{"price":0}},"is_downloadable":true},"E49721":{"id":49721,"ref":"E49721","type":"episode","position":5547,"title":"Afl. 5547","description":"Uitzending RTL 4: Di 21 Maart Ludo en Maxime zijn er getuige van dat Bing de oorlog verklaart aan Martine. Lucas vindt dat hij lang genoeg met zijn geheim heeft rondgelopen. Rover begint onwillig aan een sloopklus, maar krijgt er steeds meer lol in.","still":"https:\/\/img-opt.cdn.smartvod.com\/smartvod\/images\/videoland\/data\/images\/6\/t\/58c1528fea08f_[format].jpg","runtime":1382,"editions":{"hd":{"price":0}},"is_downloadable":true},"E49720":{"id":49720,"ref":"E49720","type":"episode","position":5548,"title":"Afl. 5548","description":"Uitzending RTL 4: Wo 22 Maart Job bedenkt een manier om Anna en Antonio in diskrediet te brengen. Hij misbruikt daarbij een onwetende vriendin en weet stiekem sabotage te plegen.","still":"https:\/\/img-opt.cdn.smartvod.com\/smartvod\/images\/videoland\/data\/images\/5\/i\/58c7d071a4d44_[format].jpg","runtime":1374,"editions":{"hd":{"price":0}},"is_downloadable":true},"E49722":{"id":49722,"ref":"E49722","type":"episode","position":5549,"title":"Afl. 5549","description":"Uitzending RTL 4: Do 23 Maart Celia ontdekt dat Rover heel erg hoogtevrees heeft en gebruikt dit in haar voordeel. Job reageert zijn frustratie af op iets kostbaars van Sam. Linda heeft geen behoefte aan Martine, maar Bill zoekt Martine juist op.","still":"https:\/\/img-opt.cdn.smartvod.com\/smartvod\/images\/videoland\/data\/images\/x\/t\/58c8f4ea17c26_[format].jpg","runtime":1384,"editions":{"hd":{"price":0}},"is_downloadable":true},"E49719":{"id":49719,"ref":"E49719","type":"episode","position":5550,"title":"Afl. 5550","description":"Uitzending RTL 4: Vr 24 Maart Bill vervalt in oude gewoontes als hij verwacht dat hij met Linda kan pronken bij een zakendiner. De toenadering tussen Ludo en Bing loopt precies zoals Bing dat wil.","still":"https:\/\/img-opt.cdn.smartvod.com\/smartvod\/images\/videoland\/data\/images\/2\/k\/58c9520152afd_[format].jpg","runtime":1365,"editions":{"hd":{"price":0}},"is_downloadable":true},"E49785":{"id":49785,"ref":"E49785","type":"episode","position":5551,"title":"Afl. 5551","description":"Uitzending RTL 4: Ma 27 Maart Job wordt in elkaar gebeukt. Bill heeft een duur cadeau, maar Linda laat zich niet omkopen. Rover en Sam fantaseren over de inrichting van hun nieuwe huis. Lucas betrapt Felix met een ander.","still":"https:\/\/img-opt.cdn.smartvod.com\/smartvod\/images\/videoland\/data\/images\/l\/y\/58cf8fb0b14bb_[format].jpg","runtime":1378,"editions":{"hd":{"price":0}},"is_downloadable":true},"E49783":{"id":49783,"ref":"E49783","type":"episode","position":5552,"title":"Afl. 5552","description":"Uitzending RTL 4: Di 28 Maart Bing en Martine zijn het niet eens over de beste strategie om Ludo kapot te maken. Sjors baalt als haar dochter teleurgesteld wordt. Ludo neemt een heel groot risico als hij Bing wil testen.","still":"https:\/\/img-opt.cdn.smartvod.com\/smartvod\/images\/videoland\/data\/images\/u\/g\/58ca535e9b4e7_[format].jpg","runtime":1333,"editions":{"hd":{"price":0}},"is_downloadable":true},"E49784":{"id":49784,"ref":"E49784","type":"episode","position":5553,"title":"Afl. 5553","description":"Uitzending RTL 4: Wo 29 Maart Linda schrikt als ze niet in haar eigen bed wakker wordt. Kimberly probeert Celia voor gek te zetten. Job laat zijn fans weten dat hij een ingrijpende carri\u00e8reswitch maakt.","still":"https:\/\/img-opt.cdn.smartvod.com\/smartvod\/images\/videoland\/data\/images\/h\/i\/58c9758029b3e_[format].jpg","runtime":1374,"editions":{"hd":{"price":0}},"is_downloadable":true},"E49786":{"id":49786,"ref":"E49786","type":"episode","position":5554,"title":"Afl. 5554","description":"Uitzending RTL 4: Do 30 Maart Celia is niet blij met de plannen van Rover. Sjors en Lana genieten van heel andere dingen dan Martine. Anna wordt met een hete verrassingsactie in CS geconfronteerd.","still":"https:\/\/img-opt.cdn.smartvod.com\/smartvod\/images\/videoland\/data\/images\/v\/s\/58ca535850a3d_[format].jpg","runtime":1350,"editions":{"hd":{"price":0}},"is_downloadable":true},"E49782":{"id":49782,"ref":"E49782","type":"episode","position":5555,"title":"Afl. 5555","description":"Uitzending RTL 4: Vr 31 Maart Het notarisbezoek van Bing loopt verkeerd af. Ludo keert in zichzelf als Janine hem wantrouwt. Hij neemt Maxime wel in vertrouwen over zijn plannen. Als Sjors wil oefenen voor Lana's fietsexamen, schrikt Martine daarvan.","still":"https:\/\/img-opt.cdn.smartvod.com\/smartvod\/images\/videoland\/data\/images\/r\/i\/58cf989d97a8e_[format].jpg","runtime":1386,"editions":{"hd":{"price":0}},"is_downloadable":true},"E49846":{"id":49846,"ref":"E49846","type":"episode","position":5556,"title":"Afl. 5556","description":"Uitzending RTL 4: Ma 3 Apr Het notarisbezoek van Bing loopt verkeerd af. Ludo keert in zichzelf als Janine hem wantrouwt. Hij neemt Maxime wel in vertrouwen over zijn plannen. Als Sjors wil oefenen voor Lana's fietsexamen, schrikt Martine daarvan.","still":"https:\/\/img-opt.cdn.smartvod.com\/smartvod\/images\/videoland\/data\/images\/g\/1\/58d4f22402816_[format].jpg","runtime":1357,"editions":{"hd":{"price":0}},"is_downloadable":true},"E49848":{"id":49848,"ref":"E49848","type":"episode","position":5557,"title":"Afl. 5557","description":"Uitzending RTL 4: Di 4 Apr Als Rikki met school wil stoppen, doet Rik onderzoek naar de reden. Hij ontdekt nog meer over zijn dochter. Kimberly vraagt hulp aan Celia om nader tot Rover te komen.","still":"https:\/\/img-opt.cdn.smartvod.com\/smartvod\/images\/videoland\/data\/images\/2\/h\/58d51fa3b1842_[format].jpg","runtime":1386,"editions":{"hd":{"price":0}},"is_downloadable":true},"E49847":{"id":49847,"ref":"E49847","type":"episode","position":5558,"title":"Afl. 5558","description":"Uitzending RTL 4: Wo 5 Apr Als Aysen met audiobewijs tegen Ludo komt, weet hij dat hij diep in de problemen zit. Nina komt erachter dat de fusieplannen van haar vader bedoeld waren om haar man te testen.","still":"https:\/\/img-opt.cdn.smartvod.com\/smartvod\/images\/videoland\/data\/images\/m\/6\/58d90b15a8384_[format].jpg","runtime":1372,"editions":{"hd":{"price":0}},"is_downloadable":true},"E49850":{"id":49850,"ref":"E49850","type":"episode","position":5559,"title":"Afl. 5559","description":"Uitzending RTL 4: Do 6 Apr Sam en Rover starten hun plan om Linda en Anton weer te koppelen. Felix leidt Lucas af van zijn familieproblemen. Dit loopt voor Lucas uit op een vieze vernedering. Maxime is blij als haar kunst op waarde geschat wordt.","still":"https:\/\/img-opt.cdn.smartvod.com\/smartvod\/images\/videoland\/data\/images\/t\/y\/58db4a9ec7b00_[format].jpg","runtime":1354,"editions":{"hd":{"price":0}},"is_downloadable":true},"E49849":{"id":49849,"ref":"E49849","type":"episode","position":5560,"title":"Afl. 5560","description":"Uitzending RTL 4: Vr 7 Apr Bing wordt door een verpleegkundige onder handen genomen. Ludo wil Nina zijn kant van het verhaal vertellen. Kimberly heeft het moeilijk als Rover haar hulp wil bij het organiseren van een romantische avond voor Celia.","still":"https:\/\/img-opt.cdn.smartvod.com\/smartvod\/images\/videoland\/data\/images\/9\/w\/58d51fab0fc66_[format].jpg","runtime":1381,"editions":{"hd":{"price":0}},"is_downloadable":true},"E49961":{"id":49961,"ref":"E49961","type":"episode","position":5561,"title":"Afl. 5561","description":"Nederlandse soapserie over de perikelen rondom verschillende families in het plaatsje Meerdijk","still":"https:\/\/img-opt.cdn.smartvod.com\/smartvod\/images\/videoland\/data\/images\/u\/1\/58de05bd1c072_[format].jpg","runtime":1306,"editions":{"hd":{"price":0}},"is_downloadable":true},"E49963":{"id":49963,"ref":"E49963","type":"episode","position":5562,"title":"Afl. 5562","description":"Nederlandse soapserie over de perikelen rondom verschillende families in het plaatsje Meerdijk","still":"https:\/\/img-opt.cdn.smartvod.com\/smartvod\/images\/videoland\/data\/images\/v\/n\/58e20602bf492_[format].jpg","runtime":1329,"editions":{"hd":{"price":0}},"is_downloadable":true},"E49964":{"id":49964,"ref":"E49964","type":"episode","position":5563,"title":"Afl. 5563","description":"Nederlandse soapserie over de perikelen rondom verschillende families in het plaatsje Meerdijk.","still":"https:\/\/img-opt.cdn.smartvod.com\/smartvod\/images\/videoland\/data\/images\/t\/5\/58e206084482e_[format].jpg","runtime":1368,"editions":{"hd":{"price":0}},"is_downloadable":true},"E49965":{"id":49965,"ref":"E49965","type":"episode","position":5564,"title":"Afl. 5564","description":"Nederlandse soapserie over de perikelen rondom verschillende families in het plaatsje Meerdijk.","still":"https:\/\/img-opt.cdn.smartvod.com\/smartvod\/images\/videoland\/data\/images\/e\/l\/58e73d2777b13_[format].jpg","runtime":1338,"editions":{"hd":{"price":0}},"is_downloadable":true},"E49962":{"id":49962,"ref":"E49962","type":"episode","position":5565,"title":"Afl. 5565","description":"Nederlandse soapserie over de perikelen rondom verschillende families in het plaatsje Meerdijk.","still":"https:\/\/img-opt.cdn.smartvod.com\/smartvod\/images\/videoland\/data\/images\/w\/v\/58e73d214aa44_[format].jpg","runtime":1333,"editions":{"hd":{"price":0}},"is_downloadable":true},"E50016":{"id":50016,"ref":"E50016","type":"episode","position":5566,"title":"Afl. 5566","description":"Uitzending RTL 4: Ma 17 Apr Job raakt bij een vechtpartij betrokken. Rikki raakt in de put als ze een gevaarlijk goedje gebruikt. Bing en Nina worden wanhopig over Bings uitzichtloze toestand.","still":"https:\/\/img-opt.cdn.smartvod.com\/smartvod\/images\/videoland\/data\/images\/y\/4\/58e73d1a046ee_[format].jpg","runtime":1374,"editions":{"hd":{"price":0}},"is_downloadable":true},"E50020":{"id":50020,"ref":"E50020","type":"episode","position":5567,"title":"Afl. 5567","description":"Uitzending RTL 4: Di 18 Apr Na slecht nieuws over Sjoerd accepteert Anton de hulp van Linda. Job en Anna maken met een leugen hun agenda vrij om tijd voor elkaar te hebben. Bing wil bewijzen dat hij op eigen kracht kan functioneren.","still":"https:\/\/img-opt.cdn.smartvod.com\/smartvod\/images\/videoland\/data\/images\/k\/7\/58e79d8fa9160_[format].jpg","runtime":1379,"editions":{"hd":{"price":0}},"is_downloadable":true},"E50018":{"id":50018,"ref":"E50018","type":"episode","position":5568,"title":"Afl. 5568","description":"Uitzending RTL 4: Wo 19 Apr Laura heeft heel slecht nieuws voor Janine. Sam en Linda helpen bij een verhuizing. Rover voelt zich schuldig als Kimberly zijn beslissing niet leuk vindt. Ludo voelt zich machteloos achter de tralies.","still":"https:\/\/img-opt.cdn.smartvod.com\/smartvod\/images\/videoland\/data\/images\/y\/d\/58efaccfd39d8_[format].jpg","runtime":1332,"editions":{"hd":{"price":0}},"is_downloadable":true},"E50017":{"id":50017,"ref":"E50017","type":"episode","position":5569,"title":"Afl. 5569","description":"Uitzending RTL 4: Do 20 Apr Maxime is blij als ze een schilderij verkoopt, tot ze erachter komt wie de koper is. Kimberly zoekt hulp, maar wordt afgesnauwd. Linda wordt opgevrolijkt met een verrassingslunch.","still":"https:\/\/img-opt.cdn.smartvod.com\/smartvod\/images\/videoland\/data\/images\/0\/l\/58efacc2694eb_[format].jpg","runtime":1355,"editions":{"hd":{"price":0}},"is_downloadable":true},"E50019":{"id":50019,"ref":"E50019","type":"episode","position":5570,"title":"Afl. 5570","description":"Uitzending RTL 4: Vr 21 Apr Nina heeft een grote verrassing voor Aysen. Kimberly is verbijsterd door een telefoontje. Martine doet een ontdekking over Bill en spreekt hem daarop aan. Rik accepteert het gedrag van Bing niet meer.","still":"https:\/\/img-opt.cdn.smartvod.com\/smartvod\/images\/videoland\/data\/images\/k\/1\/58efacc8dc83f_[format].jpg","runtime":1372,"editions":{"hd":{"price":0}},"is_downloadable":true},"E50071":{"id":50071,"ref":"E50071","type":"episode","position":5571,"title":"Afl. 5571","description":"Uitzending RTL 4: Ma 24 Apr Nina heeft een plan en daar probeert ze Aysen bij te betrekken. Bing roept de hulp in van Sjors als hij voor Nina een verrassing aan het voorbereiden is. Sam krijgt de uitslag van de fotowedstrijd.","still":"https:\/\/img-opt.cdn.smartvod.com\/smartvod\/images\/videoland\/data\/images\/8\/7\/58f08f92ac88a_[format].jpg","runtime":1346,"editions":{"hd":{"price":0}},"is_downloadable":true},"E50070":{"id":50070,"ref":"E50070","type":"episode","position":5572,"title":"Afl. 5572","description":"Uitzending RTL 4: Di 25 Apr Sjors is bang dat Martine zich met criminele zaken bezighoudt. Rik ziet dat het zijn dochter pijn doet als ze 'nutteloos' toe moet kijken hoe anderen haar problemen oplossen.","still":"https:\/\/img-opt.cdn.smartvod.com\/smartvod\/images\/videoland\/data\/images\/9\/q\/58f0a11e5a3f4_[format].jpg","runtime":1326,"editions":{"hd":{"price":0}},"is_downloadable":true},"E50068":{"id":50068,"ref":"E50068","type":"episode","position":5573,"title":"Afl. 5573","description":"Uitzending RTL 4: Wo 26 Apr Maxime en Janine doen er alles aan om Ludo af te houden van een daad die hij nooit meer ongedaan kan maken. Job en Anna schieten Rikki te hulp. Het frustreert Bing dat zijn handicap zijn werk in de weg staat.","still":"https:\/\/img-opt.cdn.smartvod.com\/smartvod\/images\/videoland\/data\/images\/n\/9\/58f0a116b7279_[format].jpg","runtime":1357,"editions":{"hd":{"price":0}},"is_downloadable":true},"E50067":{"id":50067,"ref":"E50067","type":"episode","position":5574,"title":"Afl. 5574","description":"Uitzending RTL 4: Do 27 Apr Rikki licht Aysen in over een belangrijke ontdekking. Rover komt op televisie met een emotionele oproep. Anton maakt indruk op Linda door te laten zien dat hij de juiste prioriteiten weet te stellen.","still":"https:\/\/img-opt.cdn.smartvod.com\/smartvod\/images\/videoland\/data\/images\/6\/k\/58f74931103bf_[format].jpg","runtime":1305,"editions":{"hd":{"price":0}},"is_downloadable":true},"E50069":{"id":50069,"ref":"E50069","type":"episode","position":5575,"title":"Afl. 5575","description":"Uitzending RTL 4: Vr 28 Apr Als Aysen een paniektelefoontje krijgt, gaat ze meteen op pad. Kimberly blijft maar aan Rover denken en bespeelt haar bewaker. Maxime belooft Anton dat ze er alles aan zal doen om Martine te slim af te zijn.","still":"https:\/\/img-opt.cdn.smartvod.com\/smartvod\/images\/videoland\/data\/images\/q\/7\/58f85aa38c9db_[format].jpg","runtime":1321,"editions":{"hd":{"price":0}},"is_downloadable":true},"E50334":{"id":50334,"ref":"E50334","type":"episode","position":5576,"title":"Afl. 5576","description":"Uitzending RTL 4: Ma 1 Mei Rover wordt gepakt bij een illegale actie. Er is fantastisch nieuws voor Kimberly. Aysen krijgt een code waardoor ze toegang heeft tot al Malena's computerbestanden.","still":"https:\/\/img-opt.cdn.smartvod.com\/smartvod\/images\/videoland\/data\/images\/m\/n\/58f9b88291b86_[format].jpg","runtime":1371,"editions":{"hd":{"price":0}},"is_downloadable":true},"E50336":{"id":50336,"ref":"E50336","type":"episode","position":5577,"title":"Afl. 5577","description":"Uitzending RTL 4: Di 2 Mei Rover laat zich overhalen om Kimberly de liefde te verklaren. Rikki's wereld staat op zijn kop, maar alles gaat goed. Linda heeft een Mexicaanse 'welkom thuis'-verrassing voor de Bouwhuisjes.","still":"https:\/\/img-opt.cdn.smartvod.com\/smartvod\/images\/videoland\/data\/images\/c\/e\/58fdc97b2049f_[format].jpg","runtime":1379,"editions":{"hd":{"price":0}},"is_downloadable":true},"E50338":{"id":50338,"ref":"E50338","type":"episode","position":5578,"title":"Afl. 5578","description":"Uitzending RTL 4: Wo 3 Mei Door een misverstand besluiten Lucas en Felix om te gaan samenwonen. Anna wordt geconfronteerd met Rikki's moedergeluk en verklapt haar geheim aan Sam. Anton stoort Linda op haar werk.","still":"https:\/\/img-opt.cdn.smartvod.com\/smartvod\/images\/videoland\/data\/images\/u\/m\/58fee8c415651_[format].jpg","runtime":1376,"editions":{"hd":{"price":0}},"is_downloadable":true},"E50335":{"id":50335,"ref":"E50335","type":"episode","position":5579,"title":"Afl. 5579","description":"Uitzending RTL 4: Do 4 Mei Nina is getuige van een heftige confrontatie tussen Sjors en Malena. Ze weet dit in haar voordeel te gebruiken. Lucas ontdekt iets over het verleden van Felix dat hij nog niet wist.","still":"https:\/\/img-opt.cdn.smartvod.com\/smartvod\/images\/videoland\/data\/images\/k\/1\/59004bd31b81c_[format].jpg","runtime":1359,"editions":{"hd":{"price":0}},"is_downloadable":true},"E50337":{"id":50337,"ref":"E50337","type":"episode","position":5580,"title":"Afl. 5580","description":"Uitzending RTL 4: Vr 5 Mei Janine krijgt goed \u00e9n slecht nieuws van Ludo. Sjors geeft in vertrouwen toe dat ze twijfelt aan de oprechte bedoelingen van haar moeder. Maxime ontdekt een spoor naar de man die haar ooit in Frankrijk ronselde.","still":"https:\/\/img-opt.cdn.smartvod.com\/smartvod\/images\/videoland\/data\/images\/q\/z\/5907084a40405_[format].jpg","runtime":1381,"editions":{"hd":{"price":0}},"is_downloadable":true},"E50372":{"id":50372,"ref":"E50372","type":"episode","position":5581,"title":"Afl. 5581","description":"Uitzending RTL 4: Ma 8 Mei Job is heel enthousiast over een camperreis door Europa, Anna niet. Sam en Linda organiseren een nieuwe 'eerste date' met Anton. Sjoerd, Rover en Kimberly openen thuisrestaurant 'De Gouden Gieter'.","still":"https:\/\/img-opt.cdn.smartvod.com\/smartvod\/images\/videoland\/data\/images\/q\/f\/590708505dcc3_[format].jpg","runtime":1339,"editions":{"hd":{"price":0}},"is_downloadable":true},"E50371":{"id":50371,"ref":"E50371","type":"episode","position":5582,"title":"Afl. 5582","description":"Uitzending RTL 4: Di 9 Mei Maxime breekt in en komt daardoor in een benarde situatie terecht. Noud krijgt klappen. Onbedoeld, maar wel raak. Felix heeft eerst ruzie met Lucas en daarna met Bing.","still":"https:\/\/img-opt.cdn.smartvod.com\/smartvod\/images\/videoland\/data\/images\/g\/t\/59073c8862b48_[format].jpg","runtime":1319,"editions":{"hd":{"price":0}},"is_downloadable":true},"E50368":{"id":50368,"ref":"E50368","type":"episode","position":5583,"title":"Afl. 5583","description":"Uitzending RTL 4: Wo 10 Mei Anna verstopt een brief voor Nina en Kimberly. Anton ontdekt de plannen van Anna. Job mag er, wat betreft Anna, absoluut niet achter komen wat deze plannen zijn.","still":"https:\/\/img-opt.cdn.smartvod.com\/smartvod\/images\/videoland\/data\/images\/e\/v\/5909877fb4da2_[format].jpg","runtime":1317,"editions":{"hd":{"price":0}},"is_downloadable":true},"E50370":{"id":50370,"ref":"E50370","type":"episode","position":5584,"title":"Afl. 5584","description":"Uitzending RTL 4: Do 11 Mei Rik wordt verrast door een opdringerige oude kennis uit de gevangenis. Bing heeft direct geen goed gevoel bij deze man. Lucas denkt weg te komen met een leugentje om bestwil.","still":"https:\/\/img-opt.cdn.smartvod.com\/smartvod\/images\/videoland\/data\/images\/9\/a\/5909878780da5_[format].jpg","runtime":1329,"editions":{"hd":{"price":0}},"is_downloadable":true},"E50369":{"id":50369,"ref":"E50369","type":"episode","position":5585,"title":"Afl. 5585","description":"Uitzending RTL 4: Vr 12 Mei Na smeekbedes mag Nina in Ludo's cel. Ze treft een obsessieve en uitgeputte man aan. Janines zoektocht levert informatie over de scherpschutter op.","still":"https:\/\/img-opt.cdn.smartvod.com\/smartvod\/images\/videoland\/data\/images\/4\/b\/59083b7d5b42b_[format].jpg","runtime":1365,"editions":{"hd":{"price":0}},"is_downloadable":true},"E50527":{"id":50527,"ref":"E50527","type":"episode","position":5586,"title":"Afl. 5586","description":"Uitzending RTL 4: Ma 15 Mei Sjors' wereld stort in als Bing nieuws heeft over Ludo en haar moeder een bekentenis doet. Nina, Janine en Maxime beseffen dat ze door hun fanatisme totaal aan Ludo voorbij zijn gegaan.","still":"https:\/\/img-opt.cdn.smartvod.com\/smartvod\/images\/videoland\/data\/images\/j\/x\/5907341d3d72a_[format].jpg","runtime":1380,"editions":{"hd":{"price":0}},"is_downloadable":true},"E50529":{"id":50529,"ref":"E50529","type":"episode","position":5587,"title":"Afl. 5587","description":"Uitzending RTL 4: Di 16 Mei Rik wordt stilletjes met een duister dealtje opgezadeld. Kimberly heeft stress omdat ze CS in haar eentje moet runnen. Sam mag toelating doen voor de kunstacademie, maar moet wel een foto-opdracht afronden.","still":"https:\/\/img-opt.cdn.smartvod.com\/smartvod\/images\/videoland\/data\/images\/1\/c\/590c6de6960e1_[format].jpg","runtime":1354,"editions":{"hd":{"price":0}},"is_downloadable":true},"E50530":{"id":50530,"ref":"E50530","type":"episode","position":5588,"title":"Afl. 5588","description":"Uitzending RTL 4: Wo 17 Mei Anton verrast Linda met een dagje ongeremd shoppen, met een sieraad \u00e9n met een verzoek. Rik vraagt Aysen in te grijpen, omdat hij bedreigd en ge\u00efntimideerd wordt.","still":"https:\/\/img-opt.cdn.smartvod.com\/smartvod\/images\/videoland\/data\/images\/x\/u\/590ee5d6a6138_[format].jpg","runtime":1346,"editions":{"hd":{"price":0}},"is_downloadable":true},"E50531":{"id":50531,"ref":"E50531","type":"episode","position":5589,"title":"Afl. 5589","description":"Uitzending RTL 4: Do 18 Mei Nina bekent aan Janine dat ze denkt dat haar huwelijk voorbij is, z\u00f3 groot voelt voor haar de kloof met Bing. Sjors voorziet dat ze de gevangenis in moet en vraagt Rik om voogd te zijn voor Lana.","still":"https:\/\/img-opt.cdn.smartvod.com\/smartvod\/images\/videoland\/data\/images\/e\/h\/590ee5fc076dd_[format].jpg","runtime":1377,"editions":{"hd":{"price":0}},"is_downloadable":true},"E50528":{"id":50528,"ref":"E50528","type":"episode","position":5590,"title":"Afl. 5590","description":"Uitzending RTL 4: Vr 19 Mei Martine neemt twee afscheidsfilmpjes op en pakt haar koffers. Wat ze niet weet, is dat iemand haar toevallig ziet. Sjors vertelt Bing en Nina dat ze weet wie de aanslag op hem heeft beraamd.","still":"https:\/\/img-opt.cdn.smartvod.com\/smartvod\/images\/videoland\/data\/images\/1\/8\/590ee61807abe_[format].jpg","runtime":1419,"editions":{"hd":{"price":0}},"is_downloadable":true},"E50633":{"id":50633,"ref":"E50633","type":"episode","position":5591,"title":"Afl. 5591","description":"Uitzending RTL 4: Ma 22 Mei Nina brengt zichzelf in een levensgevaarlijke positie als ze de opdrachten en raadgevingen van priv\u00e9detective Leon naast zich neerlegt. Sjors heeft een verbijsterende mededeling voor Bing.","still":"https:\/\/img-opt.cdn.smartvod.com\/smartvod\/images\/videoland\/data\/images\/j\/z\/591aa7d8c6143_[format].jpg","runtime":1337,"editions":{"hd":{"price":0}},"is_downloadable":true},"E50634":{"id":50634,"ref":"E50634","type":"episode","position":5592,"title":"Afl. 5592","description":"Uitzending RTL 4: Di 23 Mei Nina Nina wordt in shock afgevoerd, maar moet bij de politie een verklaring afleggen. Sjors zwijgt als Lana vraagt naar wat er met oma gebeurd is. Ludo krijgt twee aanbiedingen en gaat op allebei in.","still":"https:\/\/img-opt.cdn.smartvod.com\/smartvod\/images\/videoland\/data\/images\/9\/f\/591aa79abeaae_[format].jpg","runtime":1392,"editions":{"hd":{"price":0}},"is_downloadable":true},"E50637":{"id":50637,"ref":"E50637","type":"episode","position":5593,"title":"Afl. 5593","description":"Uitzending RTL 4: Wo 24 Mei Nina Rover komt in actie tegen de gemeente en voor de asielzoekers. Als zijn moeder tegengas geeft, is hij daar al snel klaar mee. Sjoerd heeft niet door dat Rikki het niet trekt als hij in haar buurt is.","still":"https:\/\/img-opt.cdn.smartvod.com\/smartvod\/images\/videoland\/data\/images\/d\/q\/591af81e0ce25_[format].jpg","runtime":1368,"editions":{"hd":{"price":0}},"is_downloadable":true},"E50635":{"id":50635,"ref":"E50635","type":"episode","position":5594,"title":"Afl. 5594","description":"Uitzending RTL 4: Do 25 Mei Rik krijgt een versnelde cursus zelfverdediging van Aysen en van het \u00e9\u00e9n komt het ander. Sjoerd en Job proberen Noud aan een meisje te koppelen. Bill doet een goede daad voor Rover.","still":"https:\/\/img-opt.cdn.smartvod.com\/smartvod\/images\/videoland\/data\/images\/l\/k\/591c71fc73f8a_[format].jpg","runtime":1379,"editions":{"hd":{"price":0}},"is_downloadable":true},"E50636":{"id":50636,"ref":"E50636","type":"episode","position":5595,"title":"Afl. 5595","description":"Uitzending RTL 4: Vr 26 Mei Vandaag komt er een eind aan het geheimzinnige gedoe en presenteert Lucas zijn verrassing aan Felix. Dat gaat niet vlekkeloos. Bill biedt Ludo een baan aan. Linda en Anton trekken een conclusie over hun latrelatie.","still":"https:\/\/img-opt.cdn.smartvod.com\/smartvod\/images\/videoland\/data\/images\/6\/l\/591c73c5b34a8_[format].jpg","runtime":1380,"editions":{"hd":{"price":0}},"is_downloadable":true},"E50672":{"id":50672,"ref":"E50672","type":"episode","position":5596,"title":"Afl. 5596","description":"Uitzending RTL 4: Ma 29 Mei Nina komt in conflict met Bing als hij, na alles wat er gebeurd is, Sjors nog steeds blijft steunen. Janine wil niet dat Ludo de strijd aangaat met Bill. Rover is niet blij met het dure cadeau van Anton.","still":"https:\/\/img-opt.cdn.smartvod.com\/smartvod\/images\/videoland\/data\/images\/x\/k\/59213f6ae3c9e_[format].jpg","runtime":1370,"editions":{"hd":{"price":0}},"is_downloadable":true},"E50670":{"id":50670,"ref":"E50670","type":"episode","position":5597,"title":"Afl. 5597","description":"Uitzending RTL 4: Di 30 Mei Ludo en Janine verlaten met hun laatste spullen hun suite in De Rozenboom. Maxime maakt Bill duidelijk dat hij niet hoeft te hopen op romantiek. Rover krijgt te horen wat de nieuwe locatie is van het AZC.","still":"https:\/\/img-opt.cdn.smartvod.com\/smartvod\/images\/videoland\/data\/images\/0\/p\/592295d219938_[format].jpg","runtime":1374,"editions":{"hd":{"price":0}},"is_downloadable":true},"E50673":{"id":50673,"ref":"E50673","type":"episode","position":5598,"title":"Afl. 5598","description":"Uitzending RTL 4: Wo 31 Mei Ludo en Janine organiseren een uitgebreid familiediner in een krappe flat. Goed nieuws voor Rikki: ze heeft een baan. Ook doet ze een bekentenis aan Sjoerd.","still":"https:\/\/img-opt.cdn.smartvod.com\/smartvod\/images\/videoland\/data\/images\/p\/x\/5922d04626e67_[format].jpg","runtime":1381,"editions":{"hd":{"price":0}},"is_downloadable":true},"E50671":{"id":50671,"ref":"E50671","type":"episode","position":5599,"title":"Afl. 5599","description":"Uitzending RTL 4: Do 1 Juni Rik en Aysen werken aan hun plan om Jos te grazen te nemen, totdat Jos laat doorschemeren dat hij Rik verdacht vindt doen. Lucas krijgt hoop als Felix eindelijk met hem wil afspreken.","still":"https:\/\/img-opt.cdn.smartvod.com\/smartvod\/images\/videoland\/data\/images\/0\/m\/592418a3376ca_[format].jpg","runtime":1379,"editions":{"hd":{"price":0}},"is_downloadable":true},"E50674":{"id":50674,"ref":"E50674","type":"episode","position":5600,"title":"Afl. 5600","description":"Uitzending RTL 4: Vr 2 Juni Sjors stort haar hart uit bij een wildvreemde. Maxime gaat in op een uitnodiging van Bill. Ze ontdekken een gezamenlijke liefde die hen nostalgisch stemt. Rover vraagt zich af aan wiens kant Linda staat.","still":"https:\/\/img-opt.cdn.smartvod.com\/smartvod\/images\/videoland\/data\/images\/s\/j\/5924187d4d891_[format].jpg","runtime":1361,"editions":{"hd":{"price":0}},"is_downloadable":true},"E50697":{"id":50697,"ref":"E50697","type":"episode","position":5601,"title":"Afl. 5601","description":"Uitzending RTL 4: Ma 5 Juni Sjoerd helpt Bram van zijn zwemangst af. Maxime liegt als Janine wil weten of ze Bill leuk vindt. Bill heeft dubbel pech. Rover voelt zich verraden door zijn vader.","still":"https:\/\/img-opt.cdn.smartvod.com\/smartvod\/images\/videoland\/data\/images\/z\/n\/59256feaec1fd_[format].jpg","runtime":1365,"editions":{"hd":{"price":0}},"is_downloadable":true},"E50696":{"id":50696,"ref":"E50696","type":"episode","position":5602,"title":"Afl. 5602","description":"Uitzending RTL 4: Di 6 Juni Sjoerd gaat op de vuist als hij hoort wat Aysen heeft gedaan. Ludo zoekt een baan, maar zijn verleden zit hem daarbij in de weg. Felix ontdekt dat Lucas een heel belangrijke beslissing voor hem heeft achtergehouden.","still":"https:\/\/img-opt.cdn.smartvod.com\/smartvod\/images\/videoland\/data\/images\/z\/e\/59256ff28f63c_[format].jpg","runtime":1391,"editions":{"hd":{"price":0}},"is_downloadable":true},"E50699":{"id":50699,"ref":"E50699","type":"episode","position":5603,"title":"Afl. 5603","description":"Uitzending RTL 4: Wo 7 Juni Bing is het slachtoffer van een wraakactie: Boks wordt kort en klein geslagen. Maar door wie? Er zijn beveiligingsbeelden. Rik twijfelt of hij zijn undercoveractie vol kan blijven houden. Nina vraagt Aysen om hulp.","still":"https:\/\/img-opt.cdn.smartvod.com\/smartvod\/images\/videoland\/data\/images\/3\/q\/5925700981dc8_[format].jpg","runtime":1382,"editions":{"hd":{"price":0}},"is_downloadable":true},"E50695":{"id":50695,"ref":"E50695","type":"episode","position":5604,"title":"Afl. 5604","description":"Uitzending RTL 4: Do 8 Juni Noud krijgt een verontrustend bericht van Becky. Rik wordt veiligheidshalve voor een onmogelijke keuze gesteld. Felix en Lucas merken dat het dansen tussen hen in staat.","still":"https:\/\/img-opt.cdn.smartvod.com\/smartvod\/images\/videoland\/data\/images\/k\/d\/5925ddb710965_[format].jpg","runtime":1394,"editions":{"hd":{"price":0}},"is_downloadable":true},"E50698":{"id":50698,"ref":"E50698","type":"episode","position":5605,"title":"Afl. 5605","description":"Uitzending RTL 4: Vr 9 Juni Maxime ziet een kans om Ludo \u00e9n om Bill te helpen, maar dan moeten de twee kemphanen wel een deal willen sluiten. Noud krijgt hulp bij het checken van de betrouwbaarheid van Becky.","still":"https:\/\/img-opt.cdn.smartvod.com\/smartvod\/images\/videoland\/data\/images\/w\/0\/592dc0a678079_[format].jpg","runtime":1367,"editions":{"hd":{"price":0}},"is_downloadable":true},"E50911":{"id":50911,"ref":"E50911","type":"episode","position":5606,"title":"Afl. 5606","description":"Uitzending RTL 4: Ma 12 Juni Nina snapt er niets van als Bing vrede sluit met Jos. Sjoerd verrast Rikki met een romantisch avondje naar de sauna. Ludo bluft bij Bill dat hij hem kan helpen. Dat gaat hem echter wel iets kosten.","still":"https:\/\/img-opt.cdn.smartvod.com\/smartvod\/images\/videoland\/data\/images\/q\/o\/592e8831add37_[format].jpg","runtime":1382,"editions":{"hd":{"price":0}},"is_downloadable":true},"E50912":{"id":50912,"ref":"E50912","type":"episode","position":5607,"title":"Afl. 5607","description":"Uitzending RTL 4: Di 13 Juni Noud wordt achterdochtig als Becky hem weer om geld vraagt. Maxime heeft slecht nieuws voor Noud, Lucas, Aysen, Kimberly en Felix. Ludo laat zich niet in het nauw drijven en legt een eisenpakket neer bij de wethouder.","still":"https:\/\/img-opt.cdn.smartvod.com\/smartvod\/images\/videoland\/data\/images\/x\/b\/59301f154e890_[format].jpg","runtime":1364,"editions":{"hd":{"price":0}},"is_downloadable":true},"E50913":{"id":50913,"ref":"E50913","type":"episode","position":5608,"title":"Afl. 5608","description":"Uitzending RTL 4: Wo 14 juni Het is erop of eronder voor Sam. Ze is zeer gespannen over de uitslag van haar eindexamen. Kimberly heeft iets heel leuks voor haar vriendje bedacht, maar ze wordt teleurgesteld als hij andere plannen heeft.","still":"https:\/\/img-opt.cdn.smartvod.com\/smartvod\/images\/videoland\/data\/images\/z\/v\/593117f46e514_[format].jpg","runtime":1391,"editions":{"hd":{"price":0}},"is_downloadable":true},"E50914":{"id":50914,"ref":"E50914","type":"episode","position":5609,"title":"Afl. 5609","description":"Uitzending RTL 4: Do 15 juni Maxime wordt door haar financieel adviseur ingelicht. Het is tijd voor een moeilijk keuze. Rikki ervaart dat samen voor een kind zorgen een stuk makkelijker is dan alleen.","still":"https:\/\/img-opt.cdn.smartvod.com\/smartvod\/images\/videoland\/data\/images\/d\/r\/59317afa5d888_[format].jpg","runtime":1309,"editions":{"hd":{"price":0}},"is_downloadable":true},"E50916":{"id":50916,"ref":"E50916","type":"episode","position":5610,"title":"Afl. 5610","description":"Uitzending RTL 4: Vr 16 juni Rik en Aysen proberen in het geheim af te spreken. Niemand ziet het zitten als Jos weer interesse heeft in een Meerdijkse horecazaak. Na een totale mislukking moeten Maxime en Bill improviseren.","still":"https:\/\/img-opt.cdn.smartvod.com\/smartvod\/images\/videoland\/data\/images\/q\/7\/593905625477f_[format].jpg","runtime":1337,"editions":{"hd":{"price":0}},"is_downloadable":true},"E50963":{"id":50963,"ref":"E50963","type":"episode","position":5611,"title":"Afl. 5611","description":"Uitzending RTL 4: Ma 19 juni Noud, Sjoerd en Job verzinnen een verhaal om Becky naar Meerdijk te lokken en te ontmaskeren. Ludo moet keihard aan de bak om zijn plannen door de gemeenteraad heen te loodsen.","still":"https:\/\/img-opt.cdn.smartvod.com\/smartvod\/images\/videoland\/data\/images\/j\/0\/5939067e73902_[format].jpg","runtime":1337,"editions":{"hd":{"price":0}},"is_downloadable":true},"E50959":{"id":50959,"ref":"E50959","type":"episode","position":5612,"title":"Afl. 5612","description":"Uitzending RTL 4: Di 20 juni Rover beschuldigt Bill ervan dat hij de beslissing van de gemeenteraad heeft be\u00efnvloed. Aysen weigert in te gaan op Nouds vraag om op afstand een computerlocatie te traceren. Ze heeft wel een andere oplossing voor hem.","still":"https:\/\/img-opt.cdn.smartvod.com\/smartvod\/images\/videoland\/data\/images\/7\/f\/593906a69eeec_[format].jpg","runtime":1324,"editions":{"hd":{"price":0}},"is_downloadable":true},"E50960":{"id":50960,"ref":"E50960","type":"episode","position":5613,"title":"Afl. 5613","description":"Uitzending RTL 4: Wo 21 juni Rover organiseert een protestmars naar het stadhuis. Jos eist de hulp van Rik als hij Caf\u00e9 De Koning wil kopen, en daarna heeft Jos nog een onprettige verrassing voor Rik.","still":"https:\/\/img-opt.cdn.smartvod.com\/smartvod\/images\/videoland\/data\/images\/b\/n\/593e696c21d69_[format].jpg","runtime":1343,"editions":{"hd":{"price":0}},"is_downloadable":true},"E50953":{"id":50953,"ref":"E50953","type":"episode","position":5614,"title":"Afl. 5614","description":"Uitzending RTL 4: Do 22 juni Maxime en Bill komen nog nader tot elkaar als ze hun diepste angsten blootgeven aan elkaar. Rikki doet research en vindt een aantal kwalijke zaken over Jos.","still":"https:\/\/img-opt.cdn.smartvod.com\/smartvod\/images\/videoland\/data\/images\/i\/2\/593e6964e00ce_[format].jpg","runtime":1365,"editions":{"hd":{"price":0}},"is_downloadable":true},"E50956":{"id":50956,"ref":"E50956","type":"episode","position":5615,"title":"Afl. 5615","description":"Uitzending RTL 4: Vr 23 juni Rik licht Aysen in dat hij een manier heeft ontdekt om Jos erin te luizen. Hij gaat ermee aan de slag en brengt zichzelf zo in een gevaarlijke situatie. Sjoerd doet Rikki spontaan een vergaand voorstel.","still":"https:\/\/img-opt.cdn.smartvod.com\/smartvod\/images\/videoland\/data\/images\/q\/8\/59436c8706e61_[format].jpg","runtime":1375,"editions":{"hd":{"price":0}},"is_downloadable":true},"E51023":{"id":51023,"ref":"E51023","type":"episode","position":5616,"title":"Afl. 5616","description":"Uitzending RTL 4: Ma 26 juni Nina weet hoe gevaarlijk Jos is en is het niet eens met de manier waarop Bing de confrontatie met Jos zoekt. Rik doet een poging om Marco's vertrouwen de winnen; hij zoekt bewijzen tegen Jos.","still":"https:\/\/img-opt.cdn.smartvod.com\/smartvod\/images\/videoland\/data\/images\/y\/b\/59439f3143598_[format].jpg","runtime":1385,"editions":{"hd":{"price":0}},"is_downloadable":true},"E51022":{"id":51022,"ref":"E51022","type":"episode","position":5617,"title":"Afl. 5617","description":"Uitzending RTL 4: Di 27 juni Een keiharde actie van Marco gooit al Riks plannen in de war. Rik moet aan de bak om de politie erbuiten te houden. Maxime heeft het moeilijk als Ludo afgeeft op Bill en doet Ludo een bekentenis.","still":"https:\/\/img-opt.cdn.smartvod.com\/smartvod\/images\/videoland\/data\/images\/u\/j\/59439f4358e8b_[format].jpg","runtime":1362,"editions":{"hd":{"price":0}},"is_downloadable":true},"E51002":{"id":51002,"ref":"E51002","type":"episode","position":5618,"title":"Afl. 5618","description":"Uitzending RTL 4: Wo 28 juni Maxime heeft een fantastisch nieuwtje voor Nina. Rover weet door Amir te ontkomen aan de agressie van Jos. Rikki ontdekt haar droomhuis. Sjoerd belooft haar dat hij alles op alles zal zetten om die droom waar te maken.","still":"https:\/\/img-opt.cdn.smartvod.com\/smartvod\/images\/videoland\/data\/images\/f\/0\/59439f4a96914_[format].jpg","runtime":1371,"editions":{"hd":{"price":0}},"is_downloadable":true},"E51011":{"id":51011,"ref":"E51011","type":"episode","position":5619,"title":"Afl. 5619","description":"Uitzending RTL 4: Do 29  juni Sjors begeeft zich op vijandig terrein. Sjoerd probeert een goede indruk te maken op Laura, omdat hij bij haar een toekomst ziet. Kimberly snapt er niets van dat Noud Becky nog niet heeft afgezworen.","still":"https:\/\/img-opt.cdn.smartvod.com\/smartvod\/images\/videoland\/data\/images\/j\/k\/59439f8019c1c_[format].jpg","runtime":1356,"editions":{"hd":{"price":0}},"is_downloadable":true},"E51017":{"id":51017,"ref":"E51017","type":"episode","position":5620,"title":"Afl. 5620","description":"Uitzending RTL 4: Vr 30 juni Rik sluit zich bij Jos en Marco aan als zij een klusje voorbereiden. Marco komt echter met een verrassende vraag bij Rik. Aysen vindt dat Rik zich met zijn actie onnodig in gevaar brengt. En ze heeft gelijk.","still":"https:\/\/img-opt.cdn.smartvod.com\/smartvod\/images\/videoland\/data\/images\/3\/b\/59439f9b36f28_[format].jpg","runtime":1377,"editions":{"hd":{"price":0}},"is_downloadable":true},"E51010":{"id":51010,"ref":"E51010","type":"episode","position":5621,"title":"Afl. 5621","description":"Uitzending RTL 4: Ma 3 Juli Iedereen reageert enthousiast als Maxime met geweldig nieuws komt. Iedereen behalve Ludo. Sjors en Amir moeten bijspringen als Bing een probleem heeft. Sjoerd verrast Rikki met een illegale actie.","still":"https:\/\/img-opt.cdn.smartvod.com\/smartvod\/images\/videoland\/data\/images\/s\/g\/5950a7e603b8e_[format].jpg","runtime":1372,"editions":{"hd":{"price":0}},"is_downloadable":true},"E51009":{"id":51009,"ref":"E51009","type":"episode","position":5622,"title":"Afl. 5622","description":"Uitzending RTL 4: Di 4 Juli Sam moet een toelatingstest voor de academie doen. Ze probeert haar zenuwen onder controle te houden, maar het gedrag van haar moeder werkt niet mee. Kimberly heeft een plannetje voor een stoute middag.","still":"https:\/\/img-opt.cdn.smartvod.com\/smartvod\/images\/videoland\/data\/images\/o\/v\/5950a7df85b40_[format].jpg","runtime":1337,"editions":{"hd":{"price":0}},"is_downloadable":true},"E51014":{"id":51014,"ref":"E51014","type":"episode","position":5623,"title":"Afl. 5623","description":"Uitzending RTL 4: Wo 5 Juli Rik heeft niet door dat Jos een spelletje met hem speelt. Noud gaat op onderzoek uit om erachter te komen door wie hij 'gecatfisht' wordt. Na een actie van Kimberly is het crisis tussen haar en Rover.","still":"https:\/\/img-opt.cdn.smartvod.com\/smartvod\/images\/videoland\/data\/images\/f\/v\/5950bd4393cbc_[format].jpg","runtime":1365,"editions":{"hd":{"price":0}},"is_downloadable":true},"E51006":{"id":51006,"ref":"E51006","type":"episode","position":5624,"title":"Afl. 5624","description":"Uitzending RTL 4: Do 6 Juli Nina krijgt meerdere mysterieuze verrassingsenveloppen. Waar leidt dit naartoe? Maxime realiseert zich dat haar toekomstplannen be\u00efnvloed worden door haar broer. Ze vindt dit eigenlijk absurd.","still":"https:\/\/img-opt.cdn.smartvod.com\/smartvod\/images\/videoland\/data\/images\/3\/f\/5950bd358efb3_[format].jpg","runtime":1366,"editions":{"hd":{"price":0}},"is_downloadable":true},"E51019":{"id":51019,"ref":"E51019","type":"episode","position":5625,"title":"Afl. 5625","description":"Uitzending RTL 4: Vr 7 Juli Omdat Boks overvol is, hebben Maxime en Bill een romantisch avondje in haar atelier. Lucas en Felix oefenen hun dans in een zaal. Rover en Amir speechen op een voorlichtingsavond van het AZC.","still":"https:\/\/img-opt.cdn.smartvod.com\/smartvod\/images\/videoland\/data\/images\/z\/z\/5950bd3c21c5e_[format].jpg","runtime":1532,"editions":{"hd":{"price":0}},"is_downloadable":true}}}