{"id":495,"ref":"S495","type":"series","title":"Zwarte Tulp","year":2016,"rating":5,"poster":"https:\/\/img-opt.cdn.smartvod.com\/smartvod\/images\/videoland\/data\/images\/m\/h\/5d6576c44bb2d_[format].jpg","still":"https:\/\/img-opt.cdn.smartvod.com\/smartvod\/images\/videoland\/data\/images\/s\/4\/5b112b40ab8d4_[format].jpg","cast":{"actors":["Puck van Stijn","Anna Drijver","Carolien Spoor","Huub Stapel","Abbey Hoes","Linda van Dyck","Roeland Fernhout","Benja Bruijning","Marcel Musters","Gijs Naber","Willem Voogd"]},"genres":["Drama"],"refs":["SN771","SN1445"],"is_adult":false,"is_kids":false,"is_available":true,"description":"Dramaserie waarin de ontwikkelingen tussen twee families uit de bollenstreek centraal staan. Vanwege een mysterieus ongeluk in het verleden zijn de families erfvijanden geworden. Hun al jarenlang voortdurende vete wordt versterkt en actueel gehouden door de race om de zwarte tulp. Beetje bij beetje wordt het mysterie uit het verleden ontrafeld. Niets is wat het lijkt, maar zeker is dat er belangrijke keuzes gemaakt moeten worden over leven en dood, liefde en haat, loslaten en vasthouden, harmonie en chaos.","directors":["Ben Sombogaart","Ties Schenk","Vincent Schuurman"],"nicam":{"12":"Mogelijk schadelijk tot 12 jaar","angst":"Angst","seks":"Seks"},"language":"nl","language_full":"Nederlands","details":{"SN771":{"id":771,"ref":"SN771","type":"season","title":"1","position":1},"SN1445":{"id":1445,"ref":"SN1445","type":"season","title":"2","position":2,"refs":["E43809","E43813","E43815","E43819","E43821","E43823","E43827","E43831","E43835","E43837","E43839","E43841"]},"E43809":{"id":43809,"ref":"E43809","type":"episode","position":1,"title":"Ver Van Huis","description":"De doem van de Zwarte Tulp lijkt voorbij. Emma en Felix en hun twee dochters wonen samen; Lynn is gelukkig met Sjoerd en Joeri met Zo\u00eb. Kat en Ben zijn ondanks de detentie van Ben in blijde afwachting van hun baby. Maar aan de hemel staat een grote donkere wolk: de nachtmerrie van Jisanne.","still":"https:\/\/img-opt.cdn.smartvod.com\/smartvod\/images\/videoland\/data\/images\/h\/0\/578876ddc4525_[format].jpg","runtime":2480,"editions":{"hd":{"price":0}},"is_downloadable":false},"E43813":{"id":43813,"ref":"E43813","type":"episode","position":2,"title":"Niet Met Elkaar, Niet Zonder Elkaar","description":"Ben wordt in de gevangenis bedreigd en vindt bescherming bij een groep die een wederprestatie van hem wil: Kat moet coca\u00efne de gevangenis in smokkelen. Emma overschreeuwt haar gevoel van afkeer voor Felix door hem mee uit te vragen. Ze laat zich echter betrappen met een andere man, waarna Felix zijn conclusies trekt. Henk wordt nog steeds achtervolgd door de dood van Martijn en besluit een pelgrimstocht te maken. Marieke wordt verliefd op Nick.","still":"https:\/\/img-opt.cdn.smartvod.com\/smartvod\/images\/videoland\/data\/images\/k\/0\/5714a21dd40b2_[format].jpg","runtime":2490,"editions":{"hd":{"price":0}},"is_downloadable":false},"E43815":{"id":43815,"ref":"E43815","type":"episode","position":3,"title":"Donkere Wolken","description":"Als Kat ontdekt hoe slecht Ben zich staande houdt in de gevangenis, neemt ze een vergaande beslissing. Jisanne is ten einde raad wanneer haar nachtmerries uit lijken te komen. Lynn raakt meer en meer getraumatiseerd. Emma wordt opnieuw met haar onmacht geconfronteerd door het vertrek van Felix. Lilian neemt noodgedwongen het roer over bij Kester B.V., maar komt voor een onaangename verrassing te staan. Nick en Marieke gaan op date.","still":"https:\/\/img-opt.cdn.smartvod.com\/smartvod\/images\/videoland\/data\/images\/j\/r\/5714a29a503b1_[format].jpg","runtime":2460,"editions":{"hd":{"price":0}},"is_downloadable":false},"E43819":{"id":43819,"ref":"E43819","type":"episode","position":4,"title":"Samuel","description":"Emma staat er na het vertrek van Felix en het ongeluk van Sacha alleen voor. De ontmoeting met de mysterieuze Samuel geeft Jisanne nieuwe hoop. De komst van de baby van Ben en Kat wordt overschaduwd door hun hoogoplopende meningsverschil. Lilian is bang dat ze met de komst van Robert van de regen in de drup is gekomen. Joeri begint met gemengde gevoelens aan zijn nieuwe baan. Lilian werkt zich in op kantoor en nodigt Robert uit om bij haar thuis te komen logeren.","still":"https:\/\/img-opt.cdn.smartvod.com\/smartvod\/images\/videoland\/data\/images\/w\/k\/5714a2e7234be_[format].jpg","runtime":2495,"editions":{"hd":{"price":0}},"is_downloadable":false},"E43821":{"id":43821,"ref":"E43821","type":"episode","position":5,"title":"Hou Me Vast","description":"Jisanne leert Samuel beter kennen en vindt bij hem begrip voor haar nachtmerries. Emma blijkt nog gevoelens te hebben voor Samuel. Joeri stopt met het slikken van zijn pillen en begint de droom van Jisanne serieus te nemen. Lynn voelt de verlammende aanwezigheid van Martijn maar weet zich er overheen te zetten. Ben heeft er alles voor over om Kat uit de gevangenis te houden. Marieke stelt Nick voor aan de rest van de familie. Lilian en Robert krijgen respect voor elkaar.","still":"https:\/\/img-opt.cdn.smartvod.com\/smartvod\/images\/videoland\/data\/images\/z\/g\/5714a337b28b1_[format].jpg","runtime":2640,"editions":{"hd":{"price":0}},"is_downloadable":false},"E43823":{"id":43823,"ref":"E43823","type":"episode","position":6,"title":"Koude Douche","description":"Tijdens de babyshower voor het kind van Ben en Kat lopen de gemoederen tussen de diverse partijen hoog op. Ben weigert zich tot wanhoop van Kat om zich bij de feiten neer te leggen. Kat kan ten slotte haar geheim niet langer voor zich houden. De spanning tussen Emma en Samuel wordt onhoudbaar. Joeri wil Lynn nu wel helpen en dwingt Jisanne mee te doen. Kat gaat in detentie. Lynn en Joeri zoenen en worden betrapt door Zoe.","still":"https:\/\/img-opt.cdn.smartvod.com\/smartvod\/images\/videoland\/data\/images\/r\/x\/5714a3cd7d47d_[format].jpg","runtime":2475,"editions":{"hd":{"price":0}},"is_downloadable":false},"E43827":{"id":43827,"ref":"E43827","type":"episode","position":7,"title":"Gevaarlijke Vrienden","description":"Kat probeert zich staande te houden in de gevangenis en krijgt steun van Maaike. Ben zoekt naar geld voor een dure advocaat. Ben wantrouwt Nick met als gevolg dat Marieke haar hart opent voor hem. Ben graaft bollen voor de zwarte tulp op en gooit ze op de markt. Lilian en Robert hebben er echter ook een klant voor. Luuk wil Samuel weg hebben. Joeri wordt verscheurd door zijn gevoelens voor Lynn.  Lilian en Robert gaan als een echtpaar naar een etentje. Emma ontdekt de waarheid omtrent het vertrek van Samuel. De maat is vol. Ze vertrekt naar Bangkok om de tulp z\u00e9lf te gaan verkopen.","still":"https:\/\/img-opt.cdn.smartvod.com\/smartvod\/images\/videoland\/data\/images\/r\/4\/571f55b4a6399_[format].jpg","runtime":2460,"editions":{"hd":{"price":0}},"is_downloadable":false},"E43831":{"id":43831,"ref":"E43831","type":"episode","position":8,"title":"Volg Je Hart","description":"Emma draagt de leiding voor het bedrijf over aan Ben. Lilian baalt als Henk terug komt en zijn positie thuis en in het bedrijf herneemt. Henk ontdekt dat Lilian en Robert tegen zijn wil in gaan en besluit Ben te helpen. Kat is bang dat haar baby gevaar loopt in de gevangenis. Ben vertelt Nick de waarheid, met onverwachte gevolgen voor Marieke. Jisanne voelt zich thuis in het gezin van Samuel en Jolanda, die haar steeds meer in palmt. Martijn jaagt Lynn in de armen van Joeri.","still":"https:\/\/img-opt.cdn.smartvod.com\/smartvod\/images\/videoland\/data\/images\/3\/t\/571f587b254ae_[format].jpg","runtime":2600,"editions":{"hd":{"price":0}},"is_downloadable":false},"E43835":{"id":43835,"ref":"E43835","type":"episode","position":9,"title":"Liefde Is het Mooiste Wat Er Is","description":"Marieke en Nick gaan trouwen. Lynn en Joeri draaien om elkaar heen. Joeri laat haar op zijn kamer logeren. Ze worden bijna betrapt door Emma, die net terug komt uit Bangkok. Jisanne gaat ervandoor met een beeldje. Samuel probeert Jisanne te helpen. Jolanda wint steeds meer Jisanne\u00b4s hart. Dat brengt haar in conflict met Samuel, die dat niet leuk voor Emma vindt. Henk heeft de hulp van Robert nodig om tot een akkoord te komen met Podorovsky. Lilian kiest volledig Roberts kant, omdat ze verliefd op hem is.","still":"https:\/\/img-opt.cdn.smartvod.com\/smartvod\/images\/videoland\/data\/images\/s\/6\/571f56196305d_[format].jpg","runtime":2405,"editions":{"hd":{"price":0}},"is_downloadable":false},"E43837":{"id":43837,"ref":"E43837","type":"episode","position":10,"title":"Haar Eigen Bestwil","description":"Joeri raakt steeds meer geobsedeerd door Jisanne\u2019s nachtmerrie. Lynn ontdekt dat ze bang is voor de verkeerde. Emma komt tot de conclusie dat Jisanne beter af is bij Samuel en Jolanda. Kat is blij als ze verlof krijgt, maar ziet alle hoop vervliegen. Marieke laat zich door Nick overtuigen om het huis te verkopen en liegt tegen haar kinderen. Lilian behaalt een overwinning op Ben, maar loopt een blauwtje bij Robert.","still":"https:\/\/img-opt.cdn.smartvod.com\/smartvod\/images\/videoland\/data\/images\/7\/u\/5727057dd4000_[format].jpg","runtime":2460,"editions":{"hd":{"price":0}},"is_downloadable":false},"E43839":{"id":43839,"ref":"E43839","type":"episode","position":11,"title":"Erop Of Eronder","description":"Met hulp van Samuel durft Jisanne eindelijk haar droom in te gaan, maar op het verkeerde moment. Lynn probeert met hulp van Martijn te ontsnappen aan Joeri, maar loopt met open ogen in de val. Ben en Kat nemen de grootste beslissing uit hun leven, maar stuiten daarbij op Toos. Marieke moet erkennen dat haar relatie met Nick op lucht is gebouwd. Emma vecht voor de liefde van haar dochter. Jolanda vreest Samuel kwijt te raken aan Emma en gaat heel ver om dat te voorkomen. Lilian gaat wraak nemen op Robert en heeft daar de hulp van Henk bij nodig. En er is eindelijk nieuws van Sacha.","still":"https:\/\/img-opt.cdn.smartvod.com\/smartvod\/images\/videoland\/data\/images\/y\/t\/572705c0041d0_[format].jpg","runtime":2675,"editions":{"hd":{"price":0}},"is_downloadable":false},"E43841":{"id":43841,"ref":"E43841","type":"episode","position":12,"title":"Tot de Dood Ons Scheidt","description":"De familie verzamelt zich voor de begrafenis van een dierbare. Emma leert Jisanne te helpen met haar problemen. Samuel neemt afscheid van twee grote liefdes. Jolanda bezoekt Emma om hun rivaliteit te begraven. Joeri komt bij zinnen, maar maakt zich nog steeds zorgen. Henk en Lilian vinden elkaar in het werk. Lynn besluit zich te herenigen met Martijn. Marieke ontmaskert Nick, die dat niet over zijn kant laat gaan. Jisanne probeert te voorkomen dat haar nachtmerrie bewaarheid wordt.","still":"https:\/\/img-opt.cdn.smartvod.com\/smartvod\/images\/videoland\/data\/images\/2\/7\/572705ffe5d9e_[format].jpg","runtime":2400,"editions":{"hd":{"price":0}},"is_downloadable":false}}}