{"id":500404,"ref":"S500404","type":"series","title":"RTL Nieuws","year":2022,"rating":5,"poster":"https:\/\/img-opt.cdn.smartvod.com\/smartvod\/images\/videoland\/data\/images\/d\/d\/5ef5a693d5f84_[format].jpg","still":"https:\/\/img-opt.cdn.smartvod.com\/smartvod\/images\/videoland\/data\/images\/o\/e\/5ef5a6a442ab1_[format].jpg","cast":{},"genres":["Nieuws en Actualiteit"],"refs":["SN4724","SN4695","SN4694","SN4693","SN4692","SN3978","SN3994","SN3985","SN3990","SN3991"],"is_adult":false,"is_kids":false,"is_available":true,"description":"Dagelijks het laatste nieuws uit binnen- en buitenland. Voor nog meer nieuws kunt u ook gebruikmaken van onze mobiele apps.","nicam":{},"language":"nl","language_full":"Nederlands","details":{"SN4724":{"id":4724,"ref":"SN4724","type":"season","title":"2022 06:30","position":1},"SN4695":{"id":4695,"ref":"SN4695","type":"season","title":"2022 09:00","position":2},"SN4694":{"id":4694,"ref":"SN4694","type":"season","title":"2022 18:00","position":3},"SN4693":{"id":4693,"ref":"SN4693","type":"season","title":"2022 19:30","position":4},"SN4692":{"id":4692,"ref":"SN4692","type":"season","title":"2022 Laat","position":5},"SN3978":{"id":3978,"ref":"SN3978","type":"season","title":"2021 06:30","position":6},"SN3994":{"id":3994,"ref":"SN3994","type":"season","title":"2021 09:00","position":7,"refs":["E92930","E92940","E93109","E93082","E93094","E93199","E93205","E93224","E93442","E93454","E93489","E93505","E93504","E93534","E93545","E93755","E93764","E93759","E93901","E93908","E93892","E93909","E93906","E93903","E93911"]},"SN3985":{"id":3985,"ref":"SN3985","type":"season","title":"2021 18:00","position":8},"SN3990":{"id":3990,"ref":"SN3990","type":"season","title":"2021 19:30","position":9},"SN3991":{"id":3991,"ref":"SN3991","type":"season","title":"2021 Laat","position":10},"E92930":{"id":92930,"ref":"E92930","type":"episode","position":234,"title":"09:00 uur - Ma 29-11-2021","description":"Dagelijks het laatste nieuws uit binnen- en buitenland. Voor nog meer nieuws kunt u ook gebruikmaken van onze mobiele apps.","still":"https:\/\/img-opt.cdn.smartvod.com\/smartvod\/images\/videoland\/data\/images\/9\/2\/61a66c8f48162_[format].jpg","runtime":360,"editions":{"hd":{"price":0}},"is_downloadable":false},"E92940":{"id":92940,"ref":"E92940","type":"episode","position":235,"title":"09:00 uur - Di 30-11-2021","description":"Dagelijks het laatste nieuws uit binnen- en buitenland. Voor nog meer nieuws kunt u ook gebruikmaken van onze mobiele apps.","still":"https:\/\/img-opt.cdn.smartvod.com\/smartvod\/images\/videoland\/data\/images\/j\/b\/61a66b81c3e20_[format].jpg","runtime":360,"editions":{"hd":{"price":0}},"is_downloadable":false},"E93109":{"id":93109,"ref":"E93109","type":"episode","position":236,"title":"09:00 uur - Wo 1-12-2021","description":"Dagelijks het laatste nieuws uit binnen- en buitenland. Voor nog meer nieuws kunt u ook gebruikmaken van onze mobiele apps.","still":"https:\/\/img-opt.cdn.smartvod.com\/smartvod\/images\/videoland\/data\/images\/v\/y\/61a66dcf15026_[format].jpg","runtime":360,"editions":{"hd":{"price":0}},"is_downloadable":false},"E93082":{"id":93082,"ref":"E93082","type":"episode","position":237,"title":"09:00 uur - Do 2-12-2021","description":"Dagelijks het laatste nieuws uit binnen- en buitenland. Voor nog meer nieuws kunt u ook gebruikmaken van onze mobiele apps.","still":"https:\/\/img-opt.cdn.smartvod.com\/smartvod\/images\/videoland\/data\/images\/k\/x\/61a66f0d323c8_[format].jpg","runtime":360,"editions":{"hd":{"price":0}},"is_downloadable":false},"E93094":{"id":93094,"ref":"E93094","type":"episode","position":238,"title":"09:00 uur - Vr 3-12-2021","description":"Dagelijks het laatste nieuws uit binnen- en buitenland. Voor nog meer nieuws kunt u ook gebruikmaken van onze mobiele apps.","still":"https:\/\/img-opt.cdn.smartvod.com\/smartvod\/images\/videoland\/data\/images\/6\/r\/61a6714dd797b_[format].jpg","runtime":360,"editions":{"hd":{"price":0}},"is_downloadable":false},"E93199":{"id":93199,"ref":"E93199","type":"episode","position":239,"title":"09:00 uur - Ma 6-12-2021","description":"Dagelijks het laatste nieuws uit binnen- en buitenland. Voor nog meer nieuws kunt u ook gebruikmaken van onze mobiele apps.","still":"https:\/\/img-opt.cdn.smartvod.com\/smartvod\/images\/videoland\/data\/images\/3\/l\/61aa42a594a9c_[format].jpg","runtime":360,"editions":{"hd":{"price":0}},"is_downloadable":false},"E93205":{"id":93205,"ref":"E93205","type":"episode","position":240,"title":"09:00 uur - Di 7-12-2021","description":"Dagelijks het laatste nieuws uit binnen- en buitenland. Voor nog meer nieuws kunt u ook gebruikmaken van onze mobiele apps.","still":"https:\/\/img-opt.cdn.smartvod.com\/smartvod\/images\/videoland\/data\/images\/r\/y\/61aa4623e28d6_[format].jpg","runtime":360,"editions":{"hd":{"price":0}},"is_downloadable":false},"E93224":{"id":93224,"ref":"E93224","type":"episode","position":241,"title":"09:00 uur - Wo 8-12-2021","description":"Dagelijks het laatste nieuws uit binnen- en buitenland. Voor nog meer nieuws kunt u ook gebruikmaken van onze mobiele apps.","still":"https:\/\/img-opt.cdn.smartvod.com\/smartvod\/images\/videoland\/data\/images\/f\/t\/61b2210c07890_[format].jpg","runtime":360,"editions":{"hd":{"price":0}},"is_downloadable":false},"E93442":{"id":93442,"ref":"E93442","type":"episode","position":242,"title":"09:00 uur - Do 9-12-2021","description":"Dagelijks het laatste nieuws uit binnen- en buitenland. Voor nog meer nieuws kunt u ook gebruikmaken van onze mobiele apps.","still":"https:\/\/img-opt.cdn.smartvod.com\/smartvod\/images\/videoland\/data\/images\/6\/v\/61b2210fa9efb_[format].jpg","runtime":360,"editions":{"hd":{"price":0}},"is_downloadable":false},"E93454":{"id":93454,"ref":"E93454","type":"episode","position":243,"title":"09:00 uur - Vr 10-12-2021","description":"Dagelijks het laatste nieuws uit binnen- en buitenland. Voor nog meer nieuws kunt u ook gebruikmaken van onze mobiele apps.","still":"https:\/\/img-opt.cdn.smartvod.com\/smartvod\/images\/videoland\/data\/images\/t\/o\/61b5c5e98eaa7_[format].jpg","runtime":360,"editions":{"hd":{"price":0}},"is_downloadable":false},"E93489":{"id":93489,"ref":"E93489","type":"episode","position":244,"title":"09:00 uur - Ma 13-12-2021","description":"Dagelijks het laatste nieuws uit binnen- en buitenland. Voor nog meer nieuws kunt u ook gebruikmaken van onze mobiele apps.","still":"https:\/\/img-opt.cdn.smartvod.com\/smartvod\/images\/videoland\/data\/images\/9\/2\/61b5c7129f7d1_[format].jpg","runtime":360,"editions":{"hd":{"price":0}},"is_downloadable":false},"E93505":{"id":93505,"ref":"E93505","type":"episode","position":245,"title":"09:00 uur - Di 14-12-2021","description":"Dagelijks het laatste nieuws uit binnen- en buitenland. Voor nog meer nieuws kunt u ook gebruikmaken van onze mobiele apps.","still":"https:\/\/img-opt.cdn.smartvod.com\/smartvod\/images\/videoland\/data\/images\/j\/0\/61ba07a313c0c_[format].jpg","runtime":360,"editions":{"hd":{"price":0}},"is_downloadable":false},"E93504":{"id":93504,"ref":"E93504","type":"episode","position":246,"title":"09:00 uur - Wo 15-12-2021","description":"Dagelijks het laatste nieuws uit binnen- en buitenland. Voor nog meer nieuws kunt u ook gebruikmaken van onze mobiele apps.","still":"https:\/\/img-opt.cdn.smartvod.com\/smartvod\/images\/videoland\/data\/images\/0\/0\/61ba01ed0b48f_[format].jpg","runtime":360,"editions":{"hd":{"price":0}},"is_downloadable":false},"E93534":{"id":93534,"ref":"E93534","type":"episode","position":247,"title":"09:00 uur - Do 16-12-2021","description":"Dagelijks het laatste nieuws uit binnen- en buitenland. Voor nog meer nieuws kunt u ook gebruikmaken van onze mobiele apps.","still":"https:\/\/img-opt.cdn.smartvod.com\/smartvod\/images\/videoland\/data\/images\/c\/g\/61ba09fb1dccc_[format].jpg","runtime":360,"editions":{"hd":{"price":0}},"is_downloadable":false},"E93545":{"id":93545,"ref":"E93545","type":"episode","position":248,"title":"09:00 uur - Vr 17-12-2021","description":"Dagelijks het laatste nieuws uit binnen- en buitenland. Voor nog meer nieuws kunt u ook gebruikmaken van onze mobiele apps.","still":"https:\/\/img-opt.cdn.smartvod.com\/smartvod\/images\/videoland\/data\/images\/b\/x\/61bc5d595ca16_[format].jpg","runtime":360,"editions":{"hd":{"price":0}},"is_downloadable":false},"E93755":{"id":93755,"ref":"E93755","type":"episode","position":249,"title":"09:00 uur - Ma 20-12-2021","description":"Dagelijks het laatste nieuws uit binnen- en buitenland. Voor nog meer nieuws kunt u ook gebruikmaken van onze mobiele apps.","still":"https:\/\/img-opt.cdn.smartvod.com\/smartvod\/images\/videoland\/data\/images\/f\/t\/61c03d8a18c51_[format].jpg","runtime":360,"editions":{"hd":{"price":0}},"is_downloadable":false},"E93764":{"id":93764,"ref":"E93764","type":"episode","position":250,"title":"09:00 uur - Di 21-12-2021","description":"Dagelijks het laatste nieuws uit binnen- en buitenland. Voor nog meer nieuws kunt u ook gebruikmaken van onze mobiele apps.","still":"https:\/\/img-opt.cdn.smartvod.com\/smartvod\/images\/videoland\/data\/images\/v\/k\/61c3749d82d1d_[format].jpg","runtime":360,"editions":{"hd":{"price":0}},"is_downloadable":false},"E93759":{"id":93759,"ref":"E93759","type":"episode","position":251,"title":"09:00 uur - Wo 22-12-2021","description":"Dagelijks het laatste nieuws uit binnen- en buitenland. Voor nog meer nieuws kunt u ook gebruikmaken van onze mobiele apps.","still":"https:\/\/img-opt.cdn.smartvod.com\/smartvod\/images\/videoland\/data\/images\/n\/u\/61c37cd475974_[format].jpg","runtime":360,"editions":{"hd":{"price":0}},"is_downloadable":false},"E93901":{"id":93901,"ref":"E93901","type":"episode","position":252,"title":"09:00 uur - Do 23-12-2021","description":"Dagelijks het laatste nieuws uit binnen- en buitenland. Voor nog meer nieuws kunt u ook gebruikmaken van onze mobiele apps.","still":"https:\/\/img-opt.cdn.smartvod.com\/smartvod\/images\/videoland\/data\/images\/i\/l\/61c3804c95209_[format].jpg","runtime":360,"editions":{"hd":{"price":0}},"is_downloadable":false},"E93908":{"id":93908,"ref":"E93908","type":"episode","position":253,"title":"09:00 uur - Vr 24-12-2021","description":"Dagelijks het laatste nieuws uit binnen- en buitenland. Voor nog meer nieuws kunt u ook gebruikmaken van onze mobiele apps.","still":"https:\/\/img-opt.cdn.smartvod.com\/smartvod\/images\/videoland\/data\/images\/t\/6\/61c9dad60d6e5_[format].jpg","runtime":360,"editions":{"hd":{"price":0}},"is_downloadable":false},"E93892":{"id":93892,"ref":"E93892","type":"episode","position":254,"title":"09:00 uur - Ma 27-12-2021","description":"Dagelijks het laatste nieuws uit binnen- en buitenland. Voor nog meer nieuws kunt u ook gebruikmaken van onze mobiele apps.","still":"https:\/\/img-opt.cdn.smartvod.com\/smartvod\/images\/videoland\/data\/images\/y\/7\/61cb21cc65511_[format].jpg","runtime":360,"editions":{"hd":{"price":0}},"is_downloadable":false},"E93909":{"id":93909,"ref":"E93909","type":"episode","position":255,"title":"09:00 uur - Di 28-12-2021","description":"Dagelijks het laatste nieuws uit binnen- en buitenland. Voor nog meer nieuws kunt u ook gebruikmaken van onze mobiele apps.","still":"https:\/\/img-opt.cdn.smartvod.com\/smartvod\/images\/videoland\/data\/images\/9\/9\/61cb209c59e7b_[format].jpg","runtime":360,"editions":{"hd":{"price":0}},"is_downloadable":false},"E93906":{"id":93906,"ref":"E93906","type":"episode","position":256,"title":"09:00 uur - Wo 29-12-2021","description":"Dagelijks het laatste nieuws uit binnen- en buitenland. Voor nog meer nieuws kunt u ook gebruikmaken van onze mobiele apps.","still":"https:\/\/img-opt.cdn.smartvod.com\/smartvod\/images\/videoland\/data\/images\/c\/x\/61cb21ca85b03_[format].jpg","runtime":360,"editions":{"hd":{"price":0}},"is_downloadable":false},"E93903":{"id":93903,"ref":"E93903","type":"episode","position":257,"title":"09:00 uur - Do 30-12-2021","description":"Dagelijks het laatste nieuws uit binnen- en buitenland. Voor nog meer nieuws kunt u ook gebruikmaken van onze mobiele apps.","still":"https:\/\/img-opt.cdn.smartvod.com\/smartvod\/images\/videoland\/data\/images\/o\/1\/61cb30fea076d_[format].jpg","runtime":360,"editions":{"hd":{"price":0}},"is_downloadable":false},"E93911":{"id":93911,"ref":"E93911","type":"episode","position":258,"title":"09:00 uur - Vr 31-12-2021","description":"Dagelijks het laatste nieuws uit binnen- en buitenland. Voor nog meer nieuws kunt u ook gebruikmaken van onze mobiele apps.","still":"https:\/\/img-opt.cdn.smartvod.com\/smartvod\/images\/videoland\/data\/images\/4\/2\/61cb32462a200_[format].jpg","runtime":360,"editions":{"hd":{"price":0}},"is_downloadable":false}}}