{"id":500983,"ref":"S500983","type":"series","title":"Lewis","year":2010,"rating":4,"poster":"https:\/\/img-opt.cdn.smartvod.com\/smartvod\/images\/videoland\/data\/images\/m\/t\/62ecf44cc87d8_[format].png","still":"https:\/\/img-opt.cdn.smartvod.com\/smartvod\/images\/videoland\/data\/images\/2\/0\/0658a53c36edd_[format].jpg","cast":{"actors":["Kevin Whately","Laurence Fox","Clare Holman"]},"genres":["Misdaad"],"refs":["SN5143","SN5144","SN5199"],"is_adult":false,"is_kids":false,"is_available":true,"description":"Britse misdaadserie over rechercheur Robert Lewis, die jarenlang Inspector Morse assisteerde. Inmiddels heeft Lewis een hogere functie gekregen bij de politie in Oxford. Samen met zijn nieuwe assistent, James Hathaway, lost hij allerlei misdaden op.","nicam":{"12":"Mogelijk schadelijk tot 12 jaar","angst":"Angst","taalgebruik":"Grof Taalgebruik"},"language":"en","language_full":"Engels","details":{"SN5143":{"id":5143,"ref":"SN5143","type":"season","title":"1","position":1},"SN5144":{"id":5144,"ref":"SN5144","type":"season","title":"2","position":2},"SN5199":{"id":5199,"ref":"SN5199","type":"season","title":"3","position":3,"refs":["E102534"]},"E102534":{"id":102534,"ref":"E102534","type":"episode","position":1,"title":"Allegory Of Love","description":"Een jonge barvrouw wordt vermoord na het bezoeken van de boekpresentatie van een professor. Niet veel later valt er opnieuw een slachtoffer. Terwijl Lewis en Hathaway in de zaak duiken, gaat de realiteit steeds meer lijken op de fantasie uit het boek.","still":"https:\/\/img-opt.cdn.smartvod.com\/smartvod\/images\/videoland\/data\/images\/z\/u\/53674d1e1947f_[format].jpeg","runtime":5555,"editions":{"hd":{"price":0}},"is_downloadable":true}}}