{"id":500627,"ref":"S500627","type":"series","title":"House Vision","year":2022,"rating":4,"poster":"https:\/\/img-opt.cdn.smartvod.com\/smartvod\/images\/videoland\/data\/images\/d\/k\/60476a0894162_[format].jpg","still":"https:\/\/img-opt.cdn.smartvod.com\/smartvod\/images\/videoland\/data\/images\/z\/i\/61cc7b894729c_[format].jpg","cast":{"actors":["Koert-Jan de Bruijn","Nana Piguillet-Appiah"]},"genres":["Informatief"],"refs":["SN4135","SN4728"],"is_adult":false,"is_kids":false,"is_available":true,"description":"De beleving van het kopen, huren of verhuren van een vakantiewoning of tweede huis in binnen- of buitenland staat centraal. De woning en alles wat daarbij komt kijken wordt optimaal onder de aandacht gebracht: de omgeving, het park, de natuur en de toeristische attracties.","nicam":{"al":"Alle leeftijden"},"language":"nl","language_full":"Nederlands","details":{"SN4135":{"id":4135,"ref":"SN4135","type":"season","title":"21","position":21},"SN4728":{"id":4728,"ref":"SN4728","type":"season","title":"22","position":22,"refs":["E94283","E94285","E94289","E95051","E95078","E95455","E95917","E96132","E95818","E96163","E96345","E96623","E96983","E97183","E97394","E97537","E97805","E98135","E98528","E98565","E98593","E98649","E98863","E99292","E99341","E99379","E99846","E100088","E100424","E100479","E100815","E100980","E101287","E101599","E101883","E101964","E102183","E102329","E102424","E102551","E103016","E102698"]},"E94283":{"id":94283,"ref":"E94283","type":"episode","position":1,"title":"","description":"De beleving van het kopen, huren of verhuren van een vakantiewoning of tweede huis in binnen- of buitenland staat centraal. De woning en alles wat daarbij komt kijken wordt optimaal onder de aandacht gebracht: de omgeving, het park, de natuur en de toeristische attracties.","still":"https:\/\/img-opt.cdn.smartvod.com\/smartvod\/images\/videoland\/data\/images\/z\/i\/61cc7b894729c_[format].jpg","runtime":1320,"editions":{"hd":{"price":0}},"is_downloadable":false},"E94285":{"id":94285,"ref":"E94285","type":"episode","position":2,"title":"","description":"De beleving van het kopen, huren of verhuren van een vakantiewoning of tweede huis in binnen- of buitenland staat centraal. De woning en alles wat daarbij komt kijken wordt optimaal onder de aandacht gebracht: de omgeving, het park, de natuur en de toeristische attracties.","still":"https:\/\/img-opt.cdn.smartvod.com\/smartvod\/images\/videoland\/data\/images\/z\/x\/61fd071c52825_[format].jpg","runtime":1320,"editions":{"hd":{"price":0}},"is_downloadable":false},"E94289":{"id":94289,"ref":"E94289","type":"episode","position":3,"title":"","description":"De beleving van het kopen, huren of verhuren van een vakantiewoning of tweede huis in binnen- of buitenland staat centraal. De woning en alles wat daarbij komt kijken wordt optimaal onder de aandacht gebracht: de omgeving, het park, de natuur en de toeristische attracties.","still":"https:\/\/img-opt.cdn.smartvod.com\/smartvod\/images\/videoland\/data\/images\/2\/6\/61e01ffde4ec0_[format].jpg","runtime":1320,"editions":{"hd":{"price":0}},"is_downloadable":false},"E95051":{"id":95051,"ref":"E95051","type":"episode","position":4,"title":"","description":"De beleving van het kopen, huren of verhuren van een vakantiewoning of tweede huis in binnen- of buitenland staat centraal. De woning en alles wat daarbij komt kijken wordt optimaal onder de aandacht gebracht: de omgeving, het park, de natuur en de toeristische attracties.","still":"https:\/\/img-opt.cdn.smartvod.com\/smartvod\/images\/videoland\/data\/images\/u\/d\/61eab8e758b79_[format].jpg","runtime":1320,"editions":{"hd":{"price":0}},"is_downloadable":false},"E95078":{"id":95078,"ref":"E95078","type":"episode","position":5,"title":"","description":"De beleving van het kopen, huren of verhuren van een vakantiewoning of tweede huis in binnen- of buitenland staat centraal. De woning en alles wat daarbij komt kijken wordt optimaal onder de aandacht gebracht: de omgeving, het park, de natuur en de toeristische attracties.","still":"https:\/\/img-opt.cdn.smartvod.com\/smartvod\/images\/videoland\/data\/images\/9\/3\/61f41a12adc05_[format].jpg","runtime":1320,"editions":{"hd":{"price":0}},"is_downloadable":false},"E95455":{"id":95455,"ref":"E95455","type":"episode","position":6,"title":"","description":"De beleving van het kopen, huren of verhuren van een vakantiewoning of tweede huis in binnen- of buitenland staat centraal. De woning en alles wat daarbij komt kijken wordt optimaal onder de aandacht gebracht: de omgeving, het park, de natuur en de toeristische attracties.","still":"https:\/\/img-opt.cdn.smartvod.com\/smartvod\/images\/videoland\/data\/images\/o\/9\/61f7eef1624ea_[format].jpg","runtime":1320,"editions":{"hd":{"price":0}},"is_downloadable":false},"E95917":{"id":95917,"ref":"E95917","type":"episode","position":7,"title":"","description":"De beleving van het kopen, huren of verhuren van een vakantiewoning of tweede huis in binnen- of buitenland staat centraal. De woning en alles wat daarbij komt kijken wordt optimaal onder de aandacht gebracht: de omgeving, het park, de natuur en de toeristische attracties.","still":"https:\/\/img-opt.cdn.smartvod.com\/smartvod\/images\/videoland\/data\/images\/t\/t\/620e3d5f3aa4a_[format].jpg","runtime":1320,"editions":{"hd":{"price":0}},"is_downloadable":false},"E96132":{"id":96132,"ref":"E96132","type":"episode","position":8,"title":"","description":"De beleving van het kopen, huren of verhuren van een vakantiewoning of tweede huis in binnen- of buitenland staat centraal. De woning en alles wat daarbij komt kijken wordt optimaal onder de aandacht gebracht: de omgeving, het park, de natuur en de toeristische attracties.","still":"https:\/\/img-opt.cdn.smartvod.com\/smartvod\/images\/videoland\/data\/images\/h\/s\/6212125730269_[format].jpg","runtime":1320,"editions":{"hd":{"price":0}},"is_downloadable":false},"E95818":{"id":95818,"ref":"E95818","type":"episode","position":9,"title":"","description":"De beleving van het kopen, huren of verhuren van een vakantiewoning of tweede huis in binnen- of buitenland staat centraal. De woning en alles wat daarbij komt kijken wordt optimaal onder de aandacht gebracht: de omgeving, het park, de natuur en de toeristische attracties.","still":"https:\/\/img-opt.cdn.smartvod.com\/smartvod\/images\/videoland\/data\/images\/e\/s\/6218dc3d32c81_[format].jpg","runtime":1320,"editions":{"hd":{"price":0}},"is_downloadable":false},"E96163":{"id":96163,"ref":"E96163","type":"episode","position":10,"title":"","description":"De beleving van het kopen, huren of verhuren van een vakantiewoning of tweede huis in binnen- of buitenland staat centraal. De woning en alles wat daarbij komt kijken wordt optimaal onder de aandacht gebracht: de omgeving, het park, de natuur en de toeristische attracties.","still":"https:\/\/img-opt.cdn.smartvod.com\/smartvod\/images\/videoland\/data\/images\/l\/t\/622217f707edf_[format].jpg","runtime":1320,"editions":{"hd":{"price":0}},"is_downloadable":false},"E96345":{"id":96345,"ref":"E96345","type":"episode","position":11,"title":"","description":"De beleving van het kopen, huren of verhuren van een vakantiewoning of tweede huis in binnen- of buitenland staat centraal. De woning en alles wat daarbij komt kijken wordt optimaal onder de aandacht gebracht: de omgeving, het park, de natuur en de toeristische attracties.","still":"https:\/\/img-opt.cdn.smartvod.com\/smartvod\/images\/videoland\/data\/images\/0\/p\/6229c52f9e26f_[format].jpg","runtime":1320,"editions":{"hd":{"price":0}},"is_downloadable":false},"E96623":{"id":96623,"ref":"E96623","type":"episode","position":12,"title":"","description":"De beleving van het kopen, huren of verhuren van een vakantiewoning of tweede huis in binnen- of buitenland staat centraal. De woning en alles wat daarbij komt kijken wordt optimaal onder de aandacht gebracht: de omgeving, het park, de natuur en de toeristische attracties.","still":"https:\/\/img-opt.cdn.smartvod.com\/smartvod\/images\/videoland\/data\/images\/u\/r\/62389eb03e86e_[format].jpg","runtime":1320,"editions":{"hd":{"price":0}},"is_downloadable":false},"E96983":{"id":96983,"ref":"E96983","type":"episode","position":13,"title":"","description":"De beleving van het kopen, huren of verhuren van een vakantiewoning of tweede huis in binnen- of buitenland staat centraal. De woning en alles wat daarbij komt kijken wordt optimaal onder de aandacht gebracht: de omgeving, het park, de natuur en de toeristische attracties.","still":"https:\/\/img-opt.cdn.smartvod.com\/smartvod\/images\/videoland\/data\/images\/d\/e\/623d9896e5f66_[format].jpg","runtime":1320,"editions":{"hd":{"price":0}},"is_downloadable":false},"E97183":{"id":97183,"ref":"E97183","type":"episode","position":14,"title":"","description":"De beleving van het kopen, huren of verhuren van een vakantiewoning of tweede huis in binnen- of buitenland staat centraal. De woning en alles wat daarbij komt kijken wordt optimaal onder de aandacht gebracht: de omgeving, het park, de natuur en de toeristische attracties.","still":"https:\/\/img-opt.cdn.smartvod.com\/smartvod\/images\/videoland\/data\/images\/r\/1\/624bfe1ff0263_[format].jpg","runtime":1320,"editions":{"hd":{"price":0}},"is_downloadable":false},"E97394":{"id":97394,"ref":"E97394","type":"episode","position":15,"title":"","description":"De beleving van het kopen, huren of verhuren van een vakantiewoning of tweede huis in binnen- of buitenland staat centraal. De woning en alles wat daarbij komt kijken wordt optimaal onder de aandacht gebracht: de omgeving, het park, de natuur en de toeristische attracties.","still":"https:\/\/img-opt.cdn.smartvod.com\/smartvod\/images\/videoland\/data\/images\/x\/k\/62504f6e0bc59_[format].jpg","runtime":1320,"editions":{"hd":{"price":0}},"is_downloadable":false},"E97537":{"id":97537,"ref":"E97537","type":"episode","position":16,"title":"","description":"De beleving van het kopen, huren of verhuren van een vakantiewoning of tweede huis in binnen- of buitenland staat centraal. De woning en alles wat daarbij komt kijken wordt optimaal onder de aandacht gebracht: de omgeving, het park, de natuur en de toeristische attracties.","still":"https:\/\/img-opt.cdn.smartvod.com\/smartvod\/images\/videoland\/data\/images\/2\/j\/6255994b969da_[format].jpg","runtime":1320,"editions":{"hd":{"price":0}},"is_downloadable":false},"E97805":{"id":97805,"ref":"E97805","type":"episode","position":17,"title":"","description":"De beleving van het kopen, huren of verhuren van een vakantiewoning of tweede huis in binnen- of buitenland staat centraal. De woning en alles wat daarbij komt kijken wordt optimaal onder de aandacht gebracht: de omgeving, het park, de natuur en de toeristische attracties.","still":"https:\/\/img-opt.cdn.smartvod.com\/smartvod\/images\/videoland\/data\/images\/r\/6\/626116518531e_[format].jpg","runtime":1320,"editions":{"hd":{"price":0}},"is_downloadable":false},"E98135":{"id":98135,"ref":"E98135","type":"episode","position":18,"title":"","description":"De beleving van het kopen, huren of verhuren van een vakantiewoning of tweede huis in binnen- of buitenland staat centraal. De woning en alles wat daarbij komt kijken wordt optimaal onder de aandacht gebracht: de omgeving, het park, de natuur en de toeristische attracties.","still":"https:\/\/img-opt.cdn.smartvod.com\/smartvod\/images\/videoland\/data\/images\/x\/6\/626a65514aa25_[format].jpg","runtime":1320,"editions":{"hd":{"price":0}},"is_downloadable":false},"E98528":{"id":98528,"ref":"E98528","type":"episode","position":19,"title":"","description":"De beleving van het kopen, huren of verhuren van een vakantiewoning of tweede huis in binnen- of buitenland staat centraal. De woning en alles wat daarbij komt kijken wordt optimaal onder de aandacht gebracht: de omgeving, het park, de natuur en de toeristische attracties.","still":"https:\/\/img-opt.cdn.smartvod.com\/smartvod\/images\/videoland\/data\/images\/m\/0\/6272578481249_[format].jpg","runtime":1320,"editions":{"hd":{"price":0}},"is_downloadable":false},"E98565":{"id":98565,"ref":"E98565","type":"episode","position":20,"title":"","description":"De beleving van het kopen, huren of verhuren van een vakantiewoning of tweede huis in binnen- of buitenland staat centraal. De woning en alles wat daarbij komt kijken wordt optimaal onder de aandacht gebracht: de omgeving, het park, de natuur en de toeristische attracties.","still":"https:\/\/img-opt.cdn.smartvod.com\/smartvod\/images\/videoland\/data\/images\/d\/z\/627a6e5442c1c_[format].jpg","runtime":1320,"editions":{"hd":{"price":0}},"is_downloadable":false},"E98593":{"id":98593,"ref":"E98593","type":"episode","position":21,"title":"","description":"De beleving van het kopen, huren of verhuren van een vakantiewoning of tweede huis in binnen- of buitenland staat centraal. De woning en alles wat daarbij komt kijken wordt optimaal onder de aandacht gebracht: de omgeving, het park, de natuur en de toeristische attracties.","still":"https:\/\/img-opt.cdn.smartvod.com\/smartvod\/images\/videoland\/data\/images\/s\/x\/62839bc6860c6_[format].jpg","runtime":1320,"editions":{"hd":{"price":0}},"is_downloadable":false},"E98649":{"id":98649,"ref":"E98649","type":"episode","position":22,"title":"","description":"De beleving van het kopen, huren of verhuren van een vakantiewoning of tweede huis in binnen- of buitenland staat centraal. De woning en alles wat daarbij komt kijken wordt optimaal onder de aandacht gebracht: de omgeving, het park, de natuur en de toeristische attracties.","still":"https:\/\/img-opt.cdn.smartvod.com\/smartvod\/images\/videoland\/data\/images\/d\/u\/628de9afde10d_[format].jpg","runtime":1320,"editions":{"hd":{"price":0}},"is_downloadable":false},"E98863":{"id":98863,"ref":"E98863","type":"episode","position":23,"title":"","description":"De beleving van het kopen, huren of verhuren van een vakantiewoning of tweede huis in binnen- of buitenland staat centraal. De woning en alles wat daarbij komt kijken wordt optimaal onder de aandacht gebracht: de omgeving, het park, de natuur en de toeristische attracties.","still":"https:\/\/img-opt.cdn.smartvod.com\/smartvod\/images\/videoland\/data\/images\/2\/q\/6298d8c6249b2_[format].jpg","runtime":1320,"editions":{"hd":{"price":0}},"is_downloadable":false},"E99292":{"id":99292,"ref":"E99292","type":"episode","position":24,"title":"","description":"De beleving van het kopen, huren of verhuren van een vakantiewoning of tweede huis in binnen- of buitenland staat centraal. De woning en alles wat daarbij komt kijken wordt optimaal onder de aandacht gebracht: de omgeving, het park, de natuur en de toeristische attracties.","still":"https:\/\/img-opt.cdn.smartvod.com\/smartvod\/images\/videoland\/data\/images\/c\/c\/62a1af7d6dfba_[format].jpg","runtime":1320,"editions":{"hd":{"price":0}},"is_downloadable":false},"E99341":{"id":99341,"ref":"E99341","type":"episode","position":25,"title":"","description":"De beleving van het kopen, huren of verhuren van een vakantiewoning of tweede huis in binnen- of buitenland staat centraal. De woning en alles wat daarbij komt kijken wordt optimaal onder de aandacht gebracht: de omgeving, het park, de natuur en de toeristische attracties.","still":"https:\/\/img-opt.cdn.smartvod.com\/smartvod\/images\/videoland\/data\/images\/q\/k\/62aae910452fc_[format].jpg","runtime":1320,"editions":{"hd":{"price":0}},"is_downloadable":false},"E99379":{"id":99379,"ref":"E99379","type":"episode","position":26,"title":"","description":"De beleving van het kopen, huren of verhuren van een vakantiewoning of tweede huis in binnen- of buitenland staat centraal. De woning en alles wat daarbij komt kijken wordt optimaal onder de aandacht gebracht: de omgeving, het park, de natuur en de toeristische attracties.","still":"https:\/\/img-opt.cdn.smartvod.com\/smartvod\/images\/videoland\/data\/images\/z\/t\/62b30acb9e046_[format].jpg","runtime":1320,"editions":{"hd":{"price":0}},"is_downloadable":false},"E99846":{"id":99846,"ref":"E99846","type":"episode","position":27,"title":"","description":"De beleving van het kopen, huren of verhuren van een vakantiewoning of tweede huis in binnen- of buitenland staat centraal. De woning en alles wat daarbij komt kijken wordt optimaal onder de aandacht gebracht: de omgeving, het park, de natuur en de toeristische attracties.","still":"https:\/\/img-opt.cdn.smartvod.com\/smartvod\/images\/videoland\/data\/images\/6\/s\/62bc0d7638b7f_[format].jpg","runtime":1320,"editions":{"hd":{"price":0}},"is_downloadable":false},"E100088":{"id":100088,"ref":"E100088","type":"episode","position":28,"title":"","description":"De beleving van het kopen, huren of verhuren van een vakantiewoning of tweede huis in binnen- of buitenland staat centraal. De woning en alles wat daarbij komt kijken wordt optimaal onder de aandacht gebracht: de omgeving, het park, de natuur en de toeristische attracties.","still":"https:\/\/img-opt.cdn.smartvod.com\/smartvod\/images\/videoland\/data\/images\/3\/r\/62c693a8c6af4_[format].jpg","runtime":1320,"editions":{"hd":{"price":0}},"is_downloadable":false},"E100424":{"id":100424,"ref":"E100424","type":"episode","position":29,"title":"","description":"De beleving van het kopen, huren of verhuren van een vakantiewoning of tweede huis in binnen- of buitenland staat centraal. De woning en alles wat daarbij komt kijken wordt optimaal onder de aandacht gebracht: de omgeving, het park, de natuur en de toeristische attracties.","still":"https:\/\/img-opt.cdn.smartvod.com\/smartvod\/images\/videoland\/data\/images\/u\/l\/62cbe0e77f314_[format].jpg","runtime":1320,"editions":{"hd":{"price":0}},"is_downloadable":false},"E100479":{"id":100479,"ref":"E100479","type":"episode","position":30,"title":"","description":"De beleving van het kopen, huren of verhuren van een vakantiewoning of tweede huis in binnen- of buitenland staat centraal. De woning en alles wat daarbij komt kijken wordt optimaal onder de aandacht gebracht: de omgeving, het park, de natuur en de toeristische attracties.","still":"https:\/\/img-opt.cdn.smartvod.com\/smartvod\/images\/videoland\/data\/images\/5\/e\/62d14fe574634_[format].jpg","runtime":1320,"editions":{"hd":{"price":0}},"is_downloadable":false},"E100815":{"id":100815,"ref":"E100815","type":"episode","position":31,"title":"","description":"De beleving van het kopen, huren of verhuren van een vakantiewoning of tweede huis in binnen- of buitenland staat centraal. De woning en alles wat daarbij komt kijken wordt optimaal onder de aandacht gebracht: de omgeving, het park, de natuur en de toeristische attracties.","still":"https:\/\/img-opt.cdn.smartvod.com\/smartvod\/images\/videoland\/data\/images\/y\/g\/62debe9721dfe_[format].jpg","runtime":1320,"editions":{"hd":{"price":0}},"is_downloadable":false},"E100980":{"id":100980,"ref":"E100980","type":"episode","position":32,"title":"","description":"De beleving van het kopen, huren of verhuren van een vakantiewoning of tweede huis in binnen- of buitenland staat centraal. De woning en alles wat daarbij komt kijken wordt optimaal onder de aandacht gebracht: de omgeving, het park, de natuur en de toeristische attracties.","still":"https:\/\/img-opt.cdn.smartvod.com\/smartvod\/images\/videoland\/data\/images\/9\/0\/62e904f2721b4_[format].jpg","runtime":1320,"editions":{"hd":{"price":0}},"is_downloadable":false},"E101287":{"id":101287,"ref":"E101287","type":"episode","position":33,"title":"","description":"De beleving van het kopen, huren of verhuren van een vakantiewoning of tweede huis in binnen- of buitenland staat centraal. De woning en alles wat daarbij komt kijken wordt optimaal onder de aandacht gebracht: de omgeving, het park, de natuur en de toeristische attracties.","still":"https:\/\/img-opt.cdn.smartvod.com\/smartvod\/images\/videoland\/data\/images\/t\/n\/62e9183a2cf15_[format].jpg","runtime":1320,"editions":{"hd":{"price":0}},"is_downloadable":false},"E101599":{"id":101599,"ref":"E101599","type":"episode","position":34,"title":"","description":"De beleving van het kopen, huren of verhuren van een vakantiewoning of tweede huis in binnen- of buitenland staat centraal. De woning en alles wat daarbij komt kijken wordt optimaal onder de aandacht gebracht: de omgeving, het park, de natuur en de toeristische attracties.","still":"https:\/\/img-opt.cdn.smartvod.com\/smartvod\/images\/videoland\/data\/images\/5\/c\/62fc9ef9b49a4_[format].jpg","runtime":1320,"editions":{"hd":{"price":0}},"is_downloadable":false},"E101883":{"id":101883,"ref":"E101883","type":"episode","position":35,"title":"","description":"De beleving van het kopen, huren of verhuren van een vakantiewoning of tweede huis in binnen- of buitenland staat centraal. De woning en alles wat daarbij komt kijken wordt optimaal onder de aandacht gebracht: de omgeving, het park, de natuur en de toeristische attracties.","still":"https:\/\/img-opt.cdn.smartvod.com\/smartvod\/images\/videoland\/data\/images\/u\/9\/630632c6a9ce2_[format].jpg","runtime":1320,"editions":{"hd":{"price":0}},"is_downloadable":false},"E101964":{"id":101964,"ref":"E101964","type":"episode","position":36,"title":"","description":"De beleving van het kopen, huren of verhuren van een vakantiewoning of tweede huis in binnen- of buitenland staat centraal. De woning en alles wat daarbij komt kijken wordt optimaal onder de aandacht gebracht: de omgeving, het park, de natuur en de toeristische attracties.","still":"https:\/\/img-opt.cdn.smartvod.com\/smartvod\/images\/videoland\/data\/images\/o\/y\/630e254a6fa5f_[format].jpg","runtime":1320,"editions":{"hd":{"price":0}},"is_downloadable":false},"E102183":{"id":102183,"ref":"E102183","type":"episode","position":37,"title":"","description":"De beleving van het kopen, huren of verhuren van een vakantiewoning of tweede huis in binnen- of buitenland staat centraal. De woning en alles wat daarbij komt kijken wordt optimaal onder de aandacht gebracht: de omgeving, het park, de natuur en de toeristische attracties.","still":"https:\/\/img-opt.cdn.smartvod.com\/smartvod\/images\/videoland\/data\/images\/e\/y\/631760339d662_[format].jpg","runtime":1320,"editions":{"hd":{"price":0}},"is_downloadable":false},"E102329":{"id":102329,"ref":"E102329","type":"episode","position":38,"title":"","description":"De beleving van het kopen, huren of verhuren van een vakantiewoning of tweede huis in binnen- of buitenland staat centraal. De woning en alles wat daarbij komt kijken wordt optimaal onder de aandacht gebracht: de omgeving, het park, de natuur en de toeristische attracties.","still":"https:\/\/img-opt.cdn.smartvod.com\/smartvod\/images\/videoland\/data\/images\/z\/8\/6320a8c6810a7_[format].jpg","runtime":1320,"editions":{"hd":{"price":0}},"is_downloadable":false},"E102424":{"id":102424,"ref":"E102424","type":"episode","position":39,"title":"","description":"De beleving van het kopen, huren of verhuren van een vakantiewoning of tweede huis in binnen- of buitenland staat centraal. De woning en alles wat daarbij komt kijken wordt optimaal onder de aandacht gebracht: de omgeving, het park, de natuur en de toeristische attracties.","still":"https:\/\/img-opt.cdn.smartvod.com\/smartvod\/images\/videoland\/data\/images\/3\/k\/632ac4b00dea8_[format].jpg","runtime":1320,"editions":{"hd":{"price":0}},"is_downloadable":false},"E102551":{"id":102551,"ref":"E102551","type":"episode","position":40,"title":"","description":"De beleving van het kopen, huren of verhuren van een vakantiewoning of tweede huis in binnen- of buitenland staat centraal. De woning en alles wat daarbij komt kijken wordt optimaal onder de aandacht gebracht: de omgeving, het park, de natuur en de toeristische attracties.","still":"https:\/\/img-opt.cdn.smartvod.com\/smartvod\/images\/videoland\/data\/images\/l\/q\/6334132977a16_[format].jpg","runtime":1320,"editions":{"hd":{"price":0}},"is_downloadable":false},"E103016":{"id":103016,"ref":"E103016","type":"episode","position":41,"title":"","description":"De beleving van het kopen, huren of verhuren van een vakantiewoning of tweede huis in binnen- of buitenland staat centraal. De woning en alles wat daarbij komt kijken wordt optimaal onder de aandacht gebracht: de omgeving, het park, de natuur en de toeristische attracties.","still":"https:\/\/img-opt.cdn.smartvod.com\/smartvod\/images\/videoland\/data\/images\/d\/9\/633d3a6e83d92_[format].jpg","runtime":1320,"editions":{"hd":{"price":0}},"is_downloadable":false},"E102698":{"id":102698,"ref":"E102698","type":"episode","position":42,"title":"","description":"De beleving van het kopen, huren of verhuren van een vakantiewoning of tweede huis in binnen- of buitenland staat centraal. De woning en alles wat daarbij komt kijken wordt optimaal onder de aandacht gebracht: de omgeving, het park, de natuur en de toeristische attracties.","still":"https:\/\/img-opt.cdn.smartvod.com\/smartvod\/images\/videoland\/data\/images\/8\/9\/6346af78da36b_[format].jpg","runtime":1320,"editions":{"hd":{"price":0}},"is_downloadable":false}}}