{"id":500368,"ref":"S500368","type":"series","title":"Flodder","year":1995,"rating":4,"poster":"https:\/\/img-opt.cdn.smartvod.com\/smartvod\/images\/videoland\/data\/images\/u\/e\/5ee7598f006dc_[format].jpg","still":"https:\/\/img-opt.cdn.smartvod.com\/smartvod\/images\/videoland\/data\/images\/c\/x\/5ef0c19ab6826_[format].jpg","cast":{"actors":["Tatjana Simic","Nelly Frijda","Stefan de Walle","Coen van Vrijberghe de Coningh","Lou Landr\u00e9"]},"genres":[],"refs":["SN3476","SN3477","SN3478"],"is_adult":false,"is_kids":false,"is_available":true,"description":"De meest asociale familie van Nederland in hun eigen TV-Serie","nicam":{"6":"Mogelijk schadelijk tot 6 jaar","geweld":"Geweld","taalgebruik":"Grof Taalgebruik"},"language":"nl","language_full":"Nederlands","details":{"SN3476":{"id":3476,"ref":"SN3476","type":"season","title":"1","position":1},"SN3477":{"id":3477,"ref":"SN3477","type":"season","title":"2","position":2,"refs":["E74891","E75144","E75195","E75191","E75197","E75199","E75192","E75193","E75196","E75194","E75201","E75198","E75200"]},"SN3478":{"id":3478,"ref":"SN3478","type":"season","title":"3","position":3},"E74891":{"id":74891,"ref":"E74891","type":"episode","position":1,"title":"De Dubbelgangster","description":"Een van de buren heeft een geniaal plan om de Flodders in diskrediet te brengen. Hij huurt een dubbelgangster van ma Flodder in. Die moet de wijk op stelten zetten, zodat de Flodders de schuld krijgen.","still":"https:\/\/img-opt.cdn.smartvod.com\/smartvod\/images\/videoland\/data\/images\/g\/f\/5ef0c19905462_[format].jpg","runtime":1472,"editions":{"sd":{"price":0}},"is_downloadable":false},"E75144":{"id":75144,"ref":"E75144","type":"episode","position":2,"title":"In de Ring","description":"Johnnie daagt een van de jongens uit de buurt uit voor een bokspartij. Zijn kroegvrienden sluiten optimistisch hoge weddenschappen op hem af. Helaas blijkt de jongen de plaatselijke kampioen te zijn.","still":"https:\/\/img-opt.cdn.smartvod.com\/smartvod\/images\/videoland\/data\/images\/9\/p\/5ef0c19c7fc93_[format].jpg","runtime":1460,"editions":{"sd":{"price":0}},"is_downloadable":false},"E75195":{"id":75195,"ref":"E75195","type":"episode","position":3,"title":"De Afrekening","description":"Een oude vrijer van ma Flodder is uit de gevangenis ontslagen. Johnnie vermoedt dat hij wraak komt nemen, omdat ma hem destijds heeft verlinkt.","still":"https:\/\/img-opt.cdn.smartvod.com\/smartvod\/images\/videoland\/data\/images\/l\/z\/5ef0c1a6bf55a_[format].jpg","runtime":1384,"editions":{"sd":{"price":0}},"is_downloadable":false},"E75191":{"id":75191,"ref":"E75191","type":"episode","position":4,"title":"Lopende Zaken","description":"Johnnie probeert geld te verdienen aan de jaarlijkse hardloopwedstrijd door Zonnedael. Helaas gaat er wat mis en komt het aan op de benen van dochter Kees om de wedstrijd te winnen.","still":"https:\/\/img-opt.cdn.smartvod.com\/smartvod\/images\/videoland\/data\/images\/b\/m\/5ef0c2d5e0efc_[format].jpg","runtime":1464,"editions":{"sd":{"price":0}},"is_downloadable":false},"E75197":{"id":75197,"ref":"E75197","type":"episode","position":5,"title":"Doodziek","description":"Ma Flodder krijgt bij de dokter te horen dat zij niet zo lang meer te leven heeft. Johnnie sluit een hoge levensverzekering op haar af.","still":"https:\/\/img-opt.cdn.smartvod.com\/smartvod\/images\/videoland\/data\/images\/t\/9\/5ef0c3eecb2d8_[format].jpg","runtime":1469,"editions":{"sd":{"price":0}},"is_downloadable":false},"E75199":{"id":75199,"ref":"E75199","type":"episode","position":6,"title":"De Penvriend","description":"Dochter Kees heeft een gangster die een levenslange gevangenisstraf uitzit, beloofd om met hem te trouwen als hij ooit vrijkomt. Als hij plotseling vervroegd wordt vrijgelaten, begint de ellende.","still":"https:\/\/img-opt.cdn.smartvod.com\/smartvod\/images\/videoland\/data\/images\/9\/8\/5ef0c2d7c52f6_[format].jpg","runtime":1461,"editions":{"sd":{"price":0}},"is_downloadable":false},"E75192":{"id":75192,"ref":"E75192","type":"episode","position":7,"title":"Onder Hypnose","description":"Zoon Kees heeft per post een doe-het-zelfcursus hypnose besteld. Helaas blijkt hij zelf de enige te zijn die daar gevoelig voor is.","still":"https:\/\/img-opt.cdn.smartvod.com\/smartvod\/images\/videoland\/data\/images\/h\/d\/5ef0c1adc69f0_[format].jpg","runtime":1460,"editions":{"sd":{"price":0}},"is_downloadable":false},"E75193":{"id":75193,"ref":"E75193","type":"episode","position":8,"title":"Op Heterdaad","description":"Er wordt weer op grote schaal in Zonnedael ingebroken. De buurt besluit een aantal buurtwachters aan te stellen. Niemand wil zich beschikbaar stellen, behalve Johnnie en zoon Kees.","still":"https:\/\/img-opt.cdn.smartvod.com\/smartvod\/images\/videoland\/data\/images\/d\/q\/5ef0c1afa12f7_[format].jpg","runtime":1472,"editions":{"sd":{"price":0}},"is_downloadable":false},"E75196":{"id":75196,"ref":"E75196","type":"episode","position":9,"title":"Kees Verliefd","description":"Dochter Kees wordt smoorverliefd op een motoragent. Johnnie ziet de nieuwe vriend van zijn zuster helemaal niet zitten, omdat hij daardoor bij zijn vrienden in diskrediet wordt gebracht.","still":"https:\/\/img-opt.cdn.smartvod.com\/smartvod\/images\/videoland\/data\/images\/c\/4\/5ef0c3f27ef67_[format].jpg","runtime":1451,"editions":{"sd":{"price":0}},"is_downloadable":false},"E75194":{"id":75194,"ref":"E75194","type":"episode","position":10,"title":"Familie Klikspaan","description":"Johnnie wordt gedwongen mee te werken aan het oprollen van een internationaal misdaadsyndicaat. Voor hun eigen veiligheid moeten de familieleden nu hun huis verlaten. Ze komen volledig vermomd terug.","still":"https:\/\/img-opt.cdn.smartvod.com\/smartvod\/images\/videoland\/data\/images\/j\/5\/5ef0c1b2dbac4_[format].jpg","runtime":1459,"editions":{"sd":{"price":0}},"is_downloadable":false},"E75201":{"id":75201,"ref":"E75201","type":"episode","position":11,"title":"Ontvoerd","description":"Een tweetal ontvoerders denkt met het ontvoeren van een inwoner van Zonnedael een hoop geld te kunnen binnenhalen. Helaas valt hun keuze op Toet.","still":"https:\/\/img-opt.cdn.smartvod.com\/smartvod\/images\/videoland\/data\/images\/b\/5\/5ef0c2cfcf73e_[format].jpg","runtime":1472,"editions":{"sd":{"price":0}},"is_downloadable":false},"E75198":{"id":75198,"ref":"E75198","type":"episode","position":12,"title":"Contact Gestoord","description":"Ma Flodder lijkt zich eenzaam en alleen te voelen. Dochter Kees besluit een contactadvertentie voor haar moeder in de krant te zetten. De enige die reageert, is Sjakie.","still":"https:\/\/img-opt.cdn.smartvod.com\/smartvod\/images\/videoland\/data\/images\/3\/r\/5ef0c2d416275_[format].jpg","runtime":1455,"editions":{"sd":{"price":0}},"is_downloadable":false},"E75200":{"id":75200,"ref":"E75200","type":"episode","position":13,"title":"Zalig Uiteinde","description":"Zoon Kees vindt in het zwembad een vliegtuigbom die tijdens een militaire oefening per ongeluk is gedropt. Johnnie denkt eerst dat de bom bij het vuurwerkpakket hoort dat hij heeft besteld.","still":"https:\/\/img-opt.cdn.smartvod.com\/smartvod\/images\/videoland\/data\/images\/g\/g\/5ef0c3f0c7a97_[format].jpg","runtime":1440,"editions":{"sd":{"price":0}},"is_downloadable":false}}}