{"id":619,"ref":"S619","type":"series","title":"Goede Tijden, Slechte Tijden (GTST)","year":2022,"rating":5,"poster":"https:\/\/img-opt.cdn.smartvod.com\/smartvod\/images\/videoland\/data\/images\/x\/b\/63048d4134624_[format].jpg","still":"https:\/\/img-opt.cdn.smartvod.com\/smartvod\/images\/videoland\/data\/images\/1\/q\/5f4e039d1b90c_[format].jpg","cast":{"actors":["Jette van der Meij","Caroline de Bruijn","Erik de Vogel","Marly van der Velden","Ferry Doedens","Stephanie van Eer"]},"genres":["Drama"],"refs":["SN1089","SN1297","SN1609","SN1731","SN1948","SN2133","SN2437","SN2595","SN2947","SN3111","SN3686","SN3966","SN4392","SN4710","SN5124"],"is_adult":false,"is_kids":false,"is_available":true,"description":"Nederlandse soapserie over de perikelen rondom verschillende families in het plaatsje Meerdijk.","nicam":{"12":"Mogelijk schadelijk tot 12 jaar","geweld":"Geweld","angst":"Angst","seks":"Seks","taalgebruik":"Grof Taalgebruik"},"language":"nl","language_full":"Nederlands","details":{"SN1089":{"id":1089,"ref":"SN1089","type":"season","title":"Najaar 2015","position":1},"SN1297":{"id":1297,"ref":"SN1297","type":"season","title":"Voorjaar 2016","position":2},"SN1609":{"id":1609,"ref":"SN1609","type":"season","title":"Najaar 2016","position":3},"SN1731":{"id":1731,"ref":"SN1731","type":"season","title":"Voorjaar 2017","position":4},"SN1948":{"id":1948,"ref":"SN1948","type":"season","title":"Najaar 2017","position":5},"SN2133":{"id":2133,"ref":"SN2133","type":"season","title":"Voorjaar 2018","position":6},"SN2437":{"id":2437,"ref":"SN2437","type":"season","title":"Najaar 2018","position":7,"refs":["E60179","E60178","E60177","E60176","E60180","E60194","E60196","E60192","E60195","E60193","E60422","E60423","E60433","E60439","E60437","E60434","E60436","E60435","E60438","E60432","E60899","E60900","E60902","E60903","E60901","E60907","E60905","E60904","E60906","E60947","E60961","E60958","E60959","E60962","E60960","E61194","E61190","E61192","E61191","E61193","E61307","E61302","E61301","E61304","E61308","E61331","E61332","E61333","E61330","E61334","E61464","E61468","E61465","E61466","E61467","E61462","E61463","E61469","E61471","E61470","E61901","E61904","E61903","E61905","E61907","E62021","E62023","E62024","E62022","E62025","E62020","E62029","E62028","E62026","E62027","E62151","E62147","E62139","E62153","E62145","E62144","E62150","E62146","E62149","E62152","E62148"]},"SN2595":{"id":2595,"ref":"SN2595","type":"season","title":"Voorjaar 2019","position":8},"SN2947":{"id":2947,"ref":"SN2947","type":"season","title":"Najaar 2019","position":9},"SN3111":{"id":3111,"ref":"SN3111","type":"season","title":"Voorjaar 2020","position":10},"SN3686":{"id":3686,"ref":"SN3686","type":"season","title":"Najaar 2020","position":11},"SN3966":{"id":3966,"ref":"SN3966","type":"season","title":"Voorjaar 2021","position":12},"SN4392":{"id":4392,"ref":"SN4392","type":"season","title":"Najaar 2021","position":13},"SN4710":{"id":4710,"ref":"SN4710","type":"season","title":"Voorjaar 2022","position":14},"SN5124":{"id":5124,"ref":"SN5124","type":"season","title":"Najaar 2022","position":15},"E60179":{"id":60179,"ref":"E60179","type":"episode","position":1,"title":"Afl 5846 Ma 3 Sep","description":"Uitzending RTL 4: Ma 3 Sep Aysen treft een halfnaakte man in huis aan. Ludo spreekt Bing erop aan dat hij zijn kinderen niet moet verwaarlozen. Kimberly kan het niet geloven als ze benaderd wordt een oude liefde.","still":"https:\/\/img-opt.cdn.smartvod.com\/smartvod\/images\/videoland\/data\/images\/t\/r\/5b8109094a5e6_[format].jpg","runtime":1392,"editions":{"hd":{"price":0}},"is_downloadable":true},"E60178":{"id":60178,"ref":"E60178","type":"episode","position":2,"title":"Afl 5847 Di 4 Sep","description":"Uitzending RTL 4: Di 4 Sep Aysen probeert op een ongebruikelijke manier een baan te krijgen, maar Eduard Stern is een taaie. Riks revalidatie begint. Hij schrikt van de toekomst die hem voorgespiegeld wordt.","still":"https:\/\/img-opt.cdn.smartvod.com\/smartvod\/images\/videoland\/data\/images\/4\/t\/5b8109062a21f_[format].jpg","runtime":1352,"editions":{"hd":{"price":0}},"is_downloadable":true},"E60177":{"id":60177,"ref":"E60177","type":"episode","position":3,"title":"Afl 5848 Wo 5 Sep","description":"Uitzending RTL 4: Wo 5 Sep Rik komt in de problemen omdat hij financi\u00eble dingen niet goed heeft geregeld. Lucas treft een nieuwe kans op geluk. Linda krijgt het verwijt dat ze belangrijke gebeurtenissen heeft verzwegen.","still":"https:\/\/img-opt.cdn.smartvod.com\/smartvod\/images\/videoland\/data\/images\/c\/5\/5b8109028a650_[format].jpg","runtime":1353,"editions":{"hd":{"price":0}},"is_downloadable":true},"E60176":{"id":60176,"ref":"E60176","type":"episode","position":4,"title":"Afl 5849 Do 6 Sep","description":"Uitzending RTL 4: Do 6 Sep Lucas verzwijgt zijn diepste zorgen. Sjors heeft een nieuwe baan en stoot haar werkzaamheden voor Amirs stichting af. Anton vraagt zich af waarom Amir daarmee instemt.","still":"https:\/\/img-opt.cdn.smartvod.com\/smartvod\/images\/videoland\/data\/images\/p\/2\/5b8108ff3c136_[format].jpg","runtime":1335,"editions":{"hd":{"price":0}},"is_downloadable":true},"E60180":{"id":60180,"ref":"E60180","type":"episode","position":5,"title":"Afl 5850 Vr 7 Sep","description":"Uitzending RTL 4: Vr 7 Sep Janine kan het niet aan als de zaak rond Nina geen prioriteit meer heeft. Bing krijgt te maken met een oplichter. Als CS in de problemen komt, concludeert Kimberly dat zij daar verantwoordelijk voor is.","still":"https:\/\/img-opt.cdn.smartvod.com\/smartvod\/images\/videoland\/data\/images\/4\/o\/5b81090c5c5d9_[format].jpg","runtime":1309,"editions":{"hd":{"price":0}},"is_downloadable":true},"E60194":{"id":60194,"ref":"E60194","type":"episode","position":6,"title":"Afl 5851 Ma 10 Sep","description":"Uitzending RTL 4: Ma 10 Sep Als Carlos in Meerdijk verschijnt, gaat hij meteen op onderzoek uit. Hij is vooral ge\u00efnteresseerd in het verleden van Bing. Aysen weigert onder supervisie van Daan te werken en gaat haar eigen gang.","still":"https:\/\/img-opt.cdn.smartvod.com\/smartvod\/images\/videoland\/data\/images\/b\/q\/5b86585f38df1_[format].jpg","runtime":1391,"editions":{"hd":{"price":0}},"is_downloadable":true},"E60196":{"id":60196,"ref":"E60196","type":"episode","position":7,"title":"Afl 5852 Di 11 Sep","description":"Uitzending RTL 4: Di 11 Sep Linda oppert dat een paragnost misschien wel iets kan betekenen in de zoektocht naar Nina. Kimberly voelt zich eenzaam en heeft behoefte aan een schouder om op uit te huilen.","still":"https:\/\/img-opt.cdn.smartvod.com\/smartvod\/images\/videoland\/data\/images\/p\/6\/5b87a78aac014_[format].jpg","runtime":1331,"editions":{"hd":{"price":0}},"is_downloadable":true},"E60192":{"id":60192,"ref":"E60192","type":"episode","position":8,"title":"Afl 5853 Wo 12 Sep","description":"Uitzending RTL 4: Wo 12 Sep Daan stelt Aysen fysiek zwaar op de proef als ze een stormbaan moeten bedwingen, maar Aysen laat zich niet kennen. Amir heeft geen geluk als hij met heel veel moeite achter Sjors aan zit.","still":"https:\/\/img-opt.cdn.smartvod.com\/smartvod\/images\/videoland\/data\/images\/4\/n\/5b87a8bf6142e_[format].jpg","runtime":1367,"editions":{"hd":{"price":0}},"is_downloadable":true},"E60195":{"id":60195,"ref":"E60195","type":"episode","position":9,"title":"Afl 5854 Do 13 Sep","description":"Uitzending RTL 4: Do 13 Sep Janine is aanvankelijk sceptisch als de paragnost zich aandient. Door Noud gaat Daan met andere ogen naar Aysen kijken. Zo\u00eb houdt zich volop bezig met haar inkomstenplan.","still":"https:\/\/img-opt.cdn.smartvod.com\/smartvod\/images\/videoland\/data\/images\/d\/z\/5b87ab0b5b55e_[format].jpg","runtime":1380,"editions":{"hd":{"price":0}},"is_downloadable":true},"E60193":{"id":60193,"ref":"E60193","type":"episode","position":10,"title":"Afl 5855 Vr 14 Sep","description":"Uitzending RTL 4: Vr 14 Sep Carlos verdwijnt weer uit Meerdijk, net zo plotseling als hij opdook. Bing probeert om meer over Carlos te weten te komen. Samen met Janine puzzelt Bing de aanwijzingen die ze tot nu toe verzameld hebben bij elkaar.","still":"https:\/\/img-opt.cdn.smartvod.com\/smartvod\/images\/videoland\/data\/images\/u\/f\/5b87ab1217272_[format].jpg","runtime":1341,"editions":{"hd":{"price":0}},"is_downloadable":true},"E60422":{"id":60422,"ref":"E60422","type":"episode","position":11,"title":"Afl 5856 Ma 17 Sep","description":"Uitzending RTL 4: Ma 17 Sep Bing heeft geen geduld: hij voelt de concurrentie en wil actie ondernemen tegen Carlos. Kimberly denkt dat ze excuses moet maken aan Janine. Lucas toont respect voor alles wat leeft.","still":"https:\/\/img-opt.cdn.smartvod.com\/smartvod\/images\/videoland\/data\/images\/3\/2\/5b9162f35dcc5_[format].jpg","runtime":1314,"editions":{"hd":{"price":0}},"is_downloadable":true},"E60423":{"id":60423,"ref":"E60423","type":"episode","position":12,"title":"Afl 5857 Di 18 Sep","description":"Uitzending RTL 4: Di 18 Sep Aysen is getuige van een misdaad en treedt meteen hard op. Lucas heeft het heel leuk als hij Flo 'helpt' met het opnemen van een duurzaamheidsvlog. Janine heeft niet door dat Ludo heftige dingen voor haar verzwijgt.","still":"https:\/\/img-opt.cdn.smartvod.com\/smartvod\/images\/videoland\/data\/images\/v\/y\/5b9391ee67bbf_[format].jpg","runtime":1349,"editions":{"hd":{"price":0}},"is_downloadable":true},"E60433":{"id":60433,"ref":"E60433","type":"episode","position":13,"title":"Afl 5858 Wo 19 Sep","description":"Uitzending RTL 4: Wo 19 Sep Zo\u00eb wordt compleet overrompeld door een voorstel van Daan. Rik wil revalideren in Engeland, maar stuit op een lange wachtlijst. Amir raakt verward door goed nieuws. Daan gaat naar zijn opa.","still":"https:\/\/img-opt.cdn.smartvod.com\/smartvod\/images\/videoland\/data\/images\/1\/a\/5b9162f739281_[format].jpg","runtime":1381,"editions":{"hd":{"price":0}},"is_downloadable":true},"E60439":{"id":60439,"ref":"E60439","type":"episode","position":14,"title":"Afl 5859 Do 20 Sep","description":"Uitzending RTL 4: Do 20 Sep Lana en Q voelen zich ongemakkelijk als ze betrapt worden. Ludo wil dat Bing meedoet om 'de zaak Nina' op zijn manier aan te pakken. Zo\u00eb heeft te weinig geld, een rijke tante en een slechte familieband: tijd voor actie.","still":"https:\/\/img-opt.cdn.smartvod.com\/smartvod\/images\/videoland\/data\/images\/t\/p\/5b92e0f70ca35_[format].jpg","runtime":1357,"editions":{"hd":{"price":0}},"is_downloadable":true},"E60437":{"id":60437,"ref":"E60437","type":"episode","position":15,"title":"Afl 5860 Vr 21 Sep","description":"Uitzending RTL 4: Vr 21 Sep Bing is nauw betrokken bij een ontvoering. Als Kimberly verdrinkt in het werk, dient zich gelukkig iemand aan. Marieke moet in het ziekenhuis verschillende tests ondergaan, maar wil niet dat iemand dit weet.","still":"https:\/\/img-opt.cdn.smartvod.com\/smartvod\/images\/videoland\/data\/images\/f\/v\/5b92e0fa72d46_[format].jpg","runtime":1347,"editions":{"hd":{"price":0}},"is_downloadable":true},"E60434":{"id":60434,"ref":"E60434","type":"episode","position":16,"title":"Afl 5861 Ma 24 Sep","description":"Uitzending RTL 4: Ma 24 Sep Janine is op een missie en heeft daar oude fotoboeken voor nodig. Ludo probeert een conflict buiten de politie om op te lossen. Linda weet niet wat ze hoort als Q nogal intieme vragen aan haar stelt. Bing moet samenwerken met iemand die hij verschrikkelijk vindt.","still":"https:\/\/img-opt.cdn.smartvod.com\/smartvod\/images\/videoland\/data\/images\/5\/a\/5b9cd6fd99d96_[format].jpg","runtime":1321,"editions":{"hd":{"price":0}},"is_downloadable":true},"E60436":{"id":60436,"ref":"E60436","type":"episode","position":17,"title":"Afl 5862 Di 25 Sep","description":"Uitzending RTL 4: Di 25 Sep Aysen wordt op een vreemde plek verrast door een halfnaakte man die ze maar al te goed kent. Marieke is erg onzeker door de diagnose. Carlos komt met een onverwacht voorstel.","still":"https:\/\/img-opt.cdn.smartvod.com\/smartvod\/images\/videoland\/data\/images\/h\/n\/5b9f8a5ed0ef0_[format].jpg","runtime":1365,"editions":{"hd":{"price":0}},"is_downloadable":true},"E60435":{"id":60435,"ref":"E60435","type":"episode","position":18,"title":"Afl 5863 Wo 26 Sep","description":"Uitzending RTL 4: Wo 26 Sep Lana is ontroostbaar als Q pas iets met haar wil als ze achttien is. Flo ziet het helemaal niet zitten als Lucas hem wil helpen met zijn vlog, totdat hij merkt wat Lucas' inbreng kan zijn.","still":"https:\/\/img-opt.cdn.smartvod.com\/smartvod\/images\/videoland\/data\/images\/i\/0\/5b9fbccdf08a6_[format].jpg","runtime":1356,"editions":{"hd":{"price":0}},"is_downloadable":true},"E60438":{"id":60438,"ref":"E60438","type":"episode","position":19,"title":"Afl 5864 Do 27 Sep","description":"Uitzending RTL 4: Do 27 Sep Lucas besluit dat het huis verduurzaamd moet worden. Aysen weigert een werkopdracht van haar meerdere. Zo\u00eb stapelt de ene leugen op de andere om haar aanstaande schoonvader om de tuin te leiden.","still":"https:\/\/img-opt.cdn.smartvod.com\/smartvod\/images\/videoland\/data\/images\/z\/6\/5ba35707236fc_[format].jpg","runtime":1376,"editions":{"hd":{"price":0}},"is_downloadable":true},"E60432":{"id":60432,"ref":"E60432","type":"episode","position":20,"title":"Afl 5865 Vr 28 Sep","description":"Uitzending RTL 4: Vr 28 Sep Marieke begrijpt de reden niet als Mark een portret van haar wil schilderen. Rover laat het er niet bij zitten wanneer Kimberly zijn hulpvraag afwijst. Carlos licht Bing in over een foute beslissing.","still":"https:\/\/img-opt.cdn.smartvod.com\/smartvod\/images\/videoland\/data\/images\/l\/b\/5ba288cd75e17_[format].jpg","runtime":1391,"editions":{"hd":{"price":0}},"is_downloadable":true},"E60899":{"id":60899,"ref":"E60899","type":"episode","position":5866,"title":"Afl 5866 Ma 1 Okt","description":"Uitzending RTL 4: Ma 1 Okt Mark kapt Marieke af als zij openlijk begint over haar aandoening. Laura wil meedoen in het 'groen' maken van De Koning. Bing en Carlos hebben een diep en moeilijk gesprek.","still":"https:\/\/img-opt.cdn.smartvod.com\/smartvod\/images\/videoland\/data\/images\/o\/u\/5ba35ce9b718b_[format].jpg","runtime":1396,"editions":{"hd":{"price":0}},"is_downloadable":true},"E60900":{"id":60900,"ref":"E60900","type":"episode","position":5867,"title":"Afl 5867 Di 2 Okt","description":"Uitzending RTL 4: Di 2 Okt Daan overvalt Zo\u00eb met een dwingende planning voor de feestdagen bij de familie Stern. Rover nodigt zichzelf uit als Kimberly met Q een spelletje doet. Amir weet Sjors te charmeren en te verleiden.","still":"https:\/\/img-opt.cdn.smartvod.com\/smartvod\/images\/videoland\/data\/images\/x\/7\/5ba9e3fb55cd0_[format].jpg","runtime":1386,"editions":{"hd":{"price":0}},"is_downloadable":true},"E60902":{"id":60902,"ref":"E60902","type":"episode","position":5868,"title":"Afl 5868 Wo 3 Okt","description":"Uitzending RTL 4: Wo 3 Okt Aysen en Zo\u00eb lokken Daan naar het park om hem een lesje te leren. Q en Flo bemiddelen tussen Lucas en Laura. Linda raakt gestrest door een extra werkopdracht.","still":"https:\/\/img-opt.cdn.smartvod.com\/smartvod\/images\/videoland\/data\/images\/t\/q\/5ba9e530bae74_[format].jpg","runtime":1384,"editions":{"hd":{"price":0}},"is_downloadable":true},"E60903":{"id":60903,"ref":"E60903","type":"episode","position":5869,"title":"Afl 5869 Do 4 Okt","description":"Uitzending RTL 4: Do 4 Okt Mark ziet hoe de situatie uit de hand loopt op een feestje van Marieke. Noud roept de dames die ooit een pact sloten bij elkaar. Ludo vindt het moeilijk om in de huidige omstandigheden te feesten.","still":"https:\/\/img-opt.cdn.smartvod.com\/smartvod\/images\/videoland\/data\/images\/y\/4\/5bab784750586_[format].jpg","runtime":1375,"editions":{"hd":{"price":0}},"is_downloadable":true},"E60901":{"id":60901,"ref":"E60901","type":"episode","position":5870,"title":"Afl 5870 Vr 5 Okt","description":"Uitzending RTL 4: Vr 5 Okt Bing trekt een conclusie over Nina en hij heeft het bij het rechte eind. Janine is geschokt en bang na het nieuws van Marieke. Rover benoemt Kimberly's onzekerheid.","still":"https:\/\/img-opt.cdn.smartvod.com\/smartvod\/images\/videoland\/data\/images\/u\/4\/5bab8d5f210e0_[format].jpg","runtime":1362,"editions":{"hd":{"price":0}},"is_downloadable":true},"E60907":{"id":60907,"ref":"E60907","type":"episode","position":5871,"title":"Afl 5871 Ma 8 Okt","description":"Uitzending RTL 4: Ma 8 Okt Janine verzwijgt een belangrijke gebeurtenis voor Marieke. Mark en Kimberly komen in conflict. Carlos krijgt afschuwelijk nieuws te horen en geeft zichzelf hiervan de schuld.","still":"https:\/\/img-opt.cdn.smartvod.com\/smartvod\/images\/videoland\/data\/images\/y\/m\/5bae0c0abafd7_[format].jpg","runtime":1349,"editions":{"hd":{"price":0}},"is_downloadable":true},"E60905":{"id":60905,"ref":"E60905","type":"episode","position":5872,"title":"Afl 5872 Di 9 Okt","description":"Uitzending RTL 4: Di 9 Okt Sjors geeft Bing goede raad. Als Kimberly ruzie zoekt met Rover, begrijpt hij precies waarom dit is. Lucas krijgt steeds meer lol in het duurzame feestje wat hij organiseert.","still":"https:\/\/img-opt.cdn.smartvod.com\/smartvod\/images\/videoland\/data\/images\/o\/m\/5bb329071f9f0_[format].jpg","runtime":1364,"editions":{"hd":{"price":0}},"is_downloadable":true},"E60904":{"id":60904,"ref":"E60904","type":"episode","position":5873,"title":"Afl 5873 Wo 10 Okt","description":"Uitzending RTL 4: Wo 10 Okt Zo\u00eb komt zichzelf tegen als ze een stap te ver gaat met Daan. Kimberly doet een bekentenis bij Noud en begrijpt het niet als hij haar afwimpelt. Mark spreekt Marieke met harde woorden aan.","still":"https:\/\/img-opt.cdn.smartvod.com\/smartvod\/images\/videoland\/data\/images\/o\/b\/5bb32a335d0ea_[format].jpg","runtime":1328,"editions":{"hd":{"price":0}},"is_downloadable":true},"E60906":{"id":60906,"ref":"E60906","type":"episode","position":5874,"title":"Afl 5874 Do 11 Okt","description":"Uitzending RTL 4: Do 11 Okt Zo\u00eb komt zichzelf tegen als ze een stap te ver gaat met Daan. Kimberly doet een bekentenis bij Noud en begrijpt het niet als hij haar afwimpelt. Mark spreekt Marieke met harde woorden aan.","still":"https:\/\/img-opt.cdn.smartvod.com\/smartvod\/images\/videoland\/data\/images\/s\/j\/5bb5bf2632fa7_[format].jpg","runtime":1393,"editions":{"hd":{"price":0}},"is_downloadable":true},"E60947":{"id":60947,"ref":"E60947","type":"episode","position":5875,"title":"Afl 5875 Vr 12 Okt","description":"Uitzending RTL 4: Vr 12 Okt Amir stapt met een missie op Sjors af: hij wil haar terug. Janine wordt geconfronteerd met een angstaanjagend toekomstbeeld. Carlos wordt aan het denken gezet over het opvoeden van andermans kinderen.","still":"https:\/\/img-opt.cdn.smartvod.com\/smartvod\/images\/videoland\/data\/images\/w\/1\/5bb5bf29567d0_[format].jpg","runtime":1332,"editions":{"hd":{"price":0}},"is_downloadable":true},"E60961":{"id":60961,"ref":"E60961","type":"episode","position":5876,"title":"Afl 5876 Ma 15 Okt","description":"Uitzending RTL 4: Ma 15 Okt Daan en Zo\u00eb weten dat ze illegaal bezig zijn, toch zetten ze hun samenwerking door. Ludo verwijt Bing dat hij star is en hij denkt dat Nina daar de oorzaak van is.","still":"https:\/\/img-opt.cdn.smartvod.com\/smartvod\/images\/videoland\/data\/images\/e\/a\/5bba4d2750356_[format].jpg","runtime":1347,"editions":{"hd":{"price":0}},"is_downloadable":true},"E60958":{"id":60958,"ref":"E60958","type":"episode","position":5877,"title":"Afl 5877 Di 16 Okt","description":"Uitzending RTL 4: Di 17 Okt Tussen Kimberly en Noud loopt het stroef, omdat ze telkens te eerlijk tegen elkaar zijn. Marieke vraagt Anton om medische raad bij een precair probleem. Amir baalt van de mislukte toenadering met Sjors.","still":"https:\/\/img-opt.cdn.smartvod.com\/smartvod\/images\/videoland\/data\/images\/q\/z\/5bbb1b671d4da_[format].jpg","runtime":1344,"editions":{"hd":{"price":0}},"is_downloadable":true},"E60959":{"id":60959,"ref":"E60959","type":"episode","position":5878,"title":"Afl 5878 Wo 17 Okt","description":"Uitzending RTL 4: Wo 17 Okt Kimberly wacht tevergeefs op Noud. Laura ziet dat Noud niet lekker in zijn vel zit en gaat op zoek naar de reden. Lucas wordt door Flo aan het werk gezet. Hij vindt het maar eentonig en zoekt afleiding.","still":"https:\/\/img-opt.cdn.smartvod.com\/smartvod\/images\/videoland\/data\/images\/v\/4\/5bbc845a8afea_[format].jpg","runtime":1361,"editions":{"hd":{"price":0}},"is_downloadable":true},"E60962":{"id":60962,"ref":"E60962","type":"episode","position":5879,"title":"Afl 5879 Do 18 Okt","description":"Uitzending RTL 4: Do 18 Okt Mark heeft grote moeite met alles wat Marieke de laatste tijd overkomt. Hij zoekt afleiding op een hotelkamer. Als Bing ruzie zoekt, is de kans groot dat de situatie ontploft. En dat gebeurt dan ook.","still":"https:\/\/img-opt.cdn.smartvod.com\/smartvod\/images\/videoland\/data\/images\/k\/m\/5bbdbfa3cad1b_[format].jpg","runtime":1345,"editions":{"hd":{"price":0}},"is_downloadable":true},"E60960":{"id":60960,"ref":"E60960","type":"episode","position":5880,"title":"Afl 5880 Vr 19 Okt","description":"Uitzending RTL 4: Vr 19 Okt Als Aysen onder de douche wil stappen, is er iets goed mis. Eduard krijgt te horen wat zijn kleinzoon hem flikt. Zo\u00eb probeert een probleem op te lossen door insluiping en vervalsing.","still":"https:\/\/img-opt.cdn.smartvod.com\/smartvod\/images\/videoland\/data\/images\/9\/a\/5bbdc446945c3_[format].jpg","runtime":1332,"editions":{"hd":{"price":0}},"is_downloadable":true},"E61194":{"id":61194,"ref":"E61194","type":"episode","position":5881,"title":"Afl 5881 Ma 22 Okt","description":"Uitzending RTL 4: Ma 22 Okt Sjors verwijt Amir dat zijn geheim hun verhouding op scherp heeft gezet. Een romantische afspraak van Bing wordt twee keer verstoord door vervelende dagelijkse realiteit en daarna nog een keer door iets aparts.","still":"https:\/\/img-opt.cdn.smartvod.com\/smartvod\/images\/videoland\/data\/images\/b\/b\/5bc047a687bd8_[format].jpg","runtime":1396,"editions":{"hd":{"price":0}},"is_downloadable":true},"E61190":{"id":61190,"ref":"E61190","type":"episode","position":5882,"title":"Afl 5882 Di 23 Okt","description":"Uitzending RTL 4: Di 23 Okt Mark voelt zich vreselijk als hij de situatie van Marieke niet naar zijn hand kan zetten. Anton trapt op de rem als Lucas overenthousiast zonnepanelen promoot. Nina wil dat Bing uitzoekt of de identiteit van JoJo klopt.","still":"https:\/\/img-opt.cdn.smartvod.com\/smartvod\/images\/videoland\/data\/images\/s\/v\/5bc1fcbe1fc32_[format].jpg","runtime":1361,"editions":{"hd":{"price":0}},"is_downloadable":true},"E61192":{"id":61192,"ref":"E61192","type":"episode","position":5883,"title":"Afl 5883 Wo 24 Okt","description":"Uitzending RTL 4: Wo 24 Okt Laura krijgt een plan als ze ziet dat het tussen Noud en Kimberly niet echt soepel loopt. Als JoJo Lucas en Rover ontmoet, voelt ze bij een van hen direct vlinders in haar buik.","still":"https:\/\/img-opt.cdn.smartvod.com\/smartvod\/images\/videoland\/data\/images\/o\/e\/5bc58442a8b03_[format].jpg","runtime":1377,"editions":{"hd":{"price":0}},"is_downloadable":true},"E61191":{"id":61191,"ref":"E61191","type":"episode","position":5884,"title":"Afl 5884 Do 25 Okt","description":"Uitzending RTL 4: Do 25 Okt Janine ziet dat haar zusje achteruit gaat en bedenkt een manier om haar geestelijk actief te houden. Daan boekt een overwinning, maar ook een verlies. Flo voert actie voor het behoud van een historische boom.","still":"https:\/\/img-opt.cdn.smartvod.com\/smartvod\/images\/videoland\/data\/images\/p\/d\/5bc7764ee0586_[format].jpg","runtime":1395,"editions":{"hd":{"price":0}},"is_downloadable":true},"E61193":{"id":61193,"ref":"E61193","type":"episode","position":5885,"title":"Afl 5885 Vr 26 Okt","description":"Uitzending RTL 4: Vr 26 Okt Rover haalt een vervelende truc uit om Noud op een zijspoor te zetten. Kimberly is zenuwachtig voor een lezing die ze in De Rozenboom geeft. Nina wordt overvallen door een heftige jaloezie.","still":"https:\/\/img-opt.cdn.smartvod.com\/smartvod\/images\/videoland\/data\/images\/5\/w\/5bc8367edf43a_[format].jpg","runtime":1389,"editions":{"hd":{"price":0}},"is_downloadable":true},"E61307":{"id":61307,"ref":"E61307","type":"episode","position":5886,"title":"Afl 5886 Ma 29 Okt","description":"Uitzending RTL 4: Ma 29 Okt Bij Noud komen gevoelens van vroeger naar boven borrelen. Laura en Kimberly zijn verbijsterd als ze de uitdossing van Aysen zien. Bing en Daan kunnen het goed met elkaar vinden als het over vrouwen gaat.","still":"https:\/\/img-opt.cdn.smartvod.com\/smartvod\/images\/videoland\/data\/images\/d\/0\/5bc84dee3ef2a_[format].jpg","runtime":1380,"editions":{"hd":{"price":0}},"is_downloadable":true},"E61302":{"id":61302,"ref":"E61302","type":"episode","position":5887,"title":"Afl 5887 Di 30 Okt","description":"Uitzending RTL 4: Di 30 Okt Nina zadelt JoJo op met vervelende klusjes. Daan is niet plan om het erbij te laten zitten als Aysen hem buitenspel zet. Laura probeert Noud in te laten zien dat hij een kansloze missie nastreeft.","still":"https:\/\/img-opt.cdn.smartvod.com\/smartvod\/images\/videoland\/data\/images\/n\/y\/5bcd7edd821fd_[format].jpg","runtime":1372,"editions":{"hd":{"price":0}},"is_downloadable":true},"E61301":{"id":61301,"ref":"E61301","type":"episode","position":5888,"title":"Afl 5888 Wo 31 Okt","description":"Uitzending RTL 4: Wo 31 Okt Lucas voert de anti-AZM-actie die Flo steeds heeft proberen te vermijden. JoJo krijgt een grote verantwoordelijkheid in haar schoot geworpen. Marieke kan niet begrijpen dat Mark haar diepste wens niet serieus neemt.","still":"https:\/\/img-opt.cdn.smartvod.com\/smartvod\/images\/videoland\/data\/images\/q\/6\/5bced17f55733_[format].jpg","runtime":1329,"editions":{"hd":{"price":0}},"is_downloadable":true},"E61304":{"id":61304,"ref":"E61304","type":"episode","position":5889,"title":"Afl 5889 Do 1 Nov","description":"Uitzending RTL 4: Do 1 Nov Net als Lucas de pers te woord wil staan, wordt alle aandacht door iemand anders getrokken. Janine krijgt te horen waar Mark allemaal mee bezig is als Ludo Mark de wacht aanzegt.","still":"https:\/\/img-opt.cdn.smartvod.com\/smartvod\/images\/videoland\/data\/images\/p\/e\/5bd08a220c6e1_[format].jpg","runtime":1365,"editions":{"hd":{"price":0}},"is_downloadable":true},"E61308":{"id":61308,"ref":"E61308","type":"episode","position":5890,"title":"Afl 5890 Vr 2 Nov","description":"Uitzending RTL 4: Vr 2 Nov Aysen stuurt een gestolen item direct door naar Duitsland. Daans geheime actie wordt ontdekt. Mark en Janine botsen om de volmacht van Marieke. Zo\u00eb gaat de uitdaging aan om haar moeder een make-over te geven.","still":"https:\/\/img-opt.cdn.smartvod.com\/smartvod\/images\/videoland\/data\/images\/x\/w\/5bd2bdce87857_[format].jpg","runtime":1377,"editions":{"hd":{"price":0}},"is_downloadable":true},"E61331":{"id":61331,"ref":"E61331","type":"episode","position":5891,"title":"Afl 5891 Ma 5 Nov","description":"Uitzending RTL 4: Ma 5 Nov Q heeft een leuk maar lastig uitvoerbaar idee voor Lana's verjaardag. Laura helpt Zo\u00eb, maar met tegenzin. Als Janine Marieke betrekt bij de research voor haar boek, valt er een gewonde.","still":"https:\/\/img-opt.cdn.smartvod.com\/smartvod\/images\/videoland\/data\/images\/1\/p\/5bd2c0267a0d1_[format].jpg","runtime":1379,"editions":{"hd":{"price":0}},"is_downloadable":true},"E61332":{"id":61332,"ref":"E61332","type":"episode","position":5892,"title":"Afl 5892 Di 6 Nov","description":"Uitzending RTL 4: Di 6 Nov In het begin is Nina heel blij met haar babyshower, tot ze op een sabotage stuit. Aysen begeeft zich in het hol van de leeuw en moet zich door kritische vragen heen worstelen.","still":"https:\/\/img-opt.cdn.smartvod.com\/smartvod\/images\/videoland\/data\/images\/v\/6\/5bd6f76f6001e_[format].jpg","runtime":1376,"editions":{"hd":{"price":0}},"is_downloadable":true},"E61333":{"id":61333,"ref":"E61333","type":"episode","position":5893,"title":"Afl 5893 Wo 7 Nov","description":"Uitzending RTL 4: Wo 7 Nov JoJo krijgt te maken met racistisch gedrag. Lucas heeft zichzelf niet in de hand wanneer hij Flo met een andere man ziet. Lana's verjaardag dreigt in het water te vallen. Mark kan de aftakeling van Marieke niet aan.","still":"https:\/\/img-opt.cdn.smartvod.com\/smartvod\/images\/videoland\/data\/images\/j\/k\/5bd84697925b9_[format].jpg","runtime":1331,"editions":{"hd":{"price":0}},"is_downloadable":true},"E61330":{"id":61330,"ref":"E61330","type":"episode","position":5894,"title":"Afl 5894 Do 8 Nov","description":"Uitzending RTL 4: Do 8 Nov Het moet Zo\u00eb's grote dag worden, maar er dienen zich meerdere problemen aan. Eduard heeft een kostbaar erfstuk voor Daan. Wanneer Rover in een opwelling begint te zoenen, is de dame in kwestie dolblij.","still":"https:\/\/img-opt.cdn.smartvod.com\/smartvod\/images\/videoland\/data\/images\/d\/1\/5bd84c7609f88_[format].jpg","runtime":1370,"editions":{"hd":{"price":0}},"is_downloadable":true},"E61334":{"id":61334,"ref":"E61334","type":"episode","position":5895,"title":"Afl 5895 Vr 9 Nov","description":"Uitzending RTL 4: Vr 9 Nov Als Daan een blauwtje loopt, moet hij zijn fantasie aanspreken voor een oplossing. Noud stelt Kimberly diep teleur. Aysen maakt een grote inschattingsfout bij haar undercoverwerk.","still":"https:\/\/img-opt.cdn.smartvod.com\/smartvod\/images\/videoland\/data\/images\/x\/w\/5bdafff6169b3_[format].jpg","runtime":1372,"editions":{"hd":{"price":0}},"is_downloadable":true},"E61464":{"id":61464,"ref":"E61464","type":"episode","position":5896,"title":"Afl 5896 Ma 12 Nov","description":"Uitzending RTL 4: Ma 12 Nov Nouds verliest alle hoop. Q en JoJo grijpen ongevraagd in als Flo zijn vlog niet geloofwaardig meer vindt. Zo\u00eb neemt een moeilijke beslissing over Daan.","still":"https:\/\/img-opt.cdn.smartvod.com\/smartvod\/images\/videoland\/data\/images\/f\/9\/5bdd2daedd983_[format].jpg","runtime":1384,"editions":{"hd":{"price":0}},"is_downloadable":true},"E61468":{"id":61468,"ref":"E61468","type":"episode","position":5897,"title":"Afl 5897 Di 13 Nov","description":"Uitzending RTL 4: Di 13 Nov Laura probeert haar zorgen om zichzelf en om Noud weg te drukken, maar ze wordt er keihard mee geconfronteerd. Billy heeft haar huiswerk gedaan en lokt Ludo uit. Rover en JoJo kijken verschillend tegen hun situatie aan.","still":"https:\/\/img-opt.cdn.smartvod.com\/smartvod\/images\/videoland\/data\/images\/8\/e\/5bdd2db26b883_[format].jpg","runtime":1394,"editions":{"hd":{"price":0}},"is_downloadable":true},"E61465":{"id":61465,"ref":"E61465","type":"episode","position":5898,"title":"Afl 5898 Wo 14 Nov","description":"Uitzending RTL 4: Wo 14 Nov Janine heeft Linda's hulp nodig om Marieke niet te laten ontsporen. Ludo wordt door Billy in het nauw gedreven. Aysen duikt in het verleden van Ludo en doet een ontdekking.","still":"https:\/\/img-opt.cdn.smartvod.com\/smartvod\/images\/videoland\/data\/images\/9\/b\/5bdd2db5d905f_[format].jpg","runtime":1379,"editions":{"hd":{"price":0}},"is_downloadable":true},"E61466":{"id":61466,"ref":"E61466","type":"episode","position":5899,"title":"Afl 5899 Do 15 Nov","description":"Uitzending RTL 4: Do 15 Nov Daan wil zich met Aysens undercoveroperatie bemoeien, maar zij weigert al zijn inbreng. De onhoudbare situatie van Zo\u00eb kan volgens haar alleen opgelost worden door te polderen.","still":"https:\/\/img-opt.cdn.smartvod.com\/smartvod\/images\/videoland\/data\/images\/t\/f\/5be3d5932f473_[format].jpg","runtime":1385,"editions":{"hd":{"price":0}},"is_downloadable":true},"E61467":{"id":61467,"ref":"E61467","type":"episode","position":5900,"title":"Afl 5900 Vr 16 Nov","description":"Uitzending RTL 4: Vr 16 Nov Amir moet kiezen tussen twee vrouwen. Nina belandt in het ziekenhuis. Marieke heeft een prettig idee voor Mark, maar daarvoor moeten wel Ludo en Janine het pand verlaten.","still":"https:\/\/img-opt.cdn.smartvod.com\/smartvod\/images\/videoland\/data\/images\/l\/w\/5bdd2db91dfc3_[format].jpg","runtime":1320,"editions":{"hd":{"price":0}},"is_downloadable":true},"E61462":{"id":61462,"ref":"E61462","type":"episode","position":5901,"title":"Afl 5901 Ma 19 Nov","description":"Uitzending RTL 4: Ma 19 Nov Bing en Nina vrezen voor het leven van de kleine baby en beginnen te twijfelen over de naam. Amir worstelt in het geheim met zijn vadergevoelens. Aysen wordt verrast door een bekentenis van Zo\u00eb.","still":"https:\/\/img-opt.cdn.smartvod.com\/smartvod\/images\/videoland\/data\/images\/7\/k\/5be57b7bbaf49_[format].jpg","runtime":1376,"editions":{"hd":{"price":0}},"is_downloadable":true},"E61463":{"id":61463,"ref":"E61463","type":"episode","position":5902,"title":"Afl 5902 Di 20 Nov","description":"Uitzending RTL 4: Di 20 Nov Rover moet van Linda op zoek naar een baan. Kimberly krijgt hulp van Marieke om Rover te veroveren. Lucas ontloopt zijn nieuwe neefje. Marieke ontdekt iets wat grote gevolgen heeft.","still":"https:\/\/img-opt.cdn.smartvod.com\/smartvod\/images\/videoland\/data\/images\/b\/9\/5be568d45e5c2_[format].jpg","runtime":1372,"editions":{"hd":{"price":0}},"is_downloadable":true},"E61469":{"id":61469,"ref":"E61469","type":"episode","position":5903,"title":"Afl 5903 Wo 21 Nov","description":"Uitzending RTL 4: Wo 21 Nov Sjors wil samenwonen met Amir, maar Amir probeert haar op andere gedachten te brengen. Marieke komt tot het besef dat ze een hele grote fout heeft gemaakt. Mark heeft een onverwachte ontmoeting in de supermarkt.","still":"https:\/\/img-opt.cdn.smartvod.com\/smartvod\/images\/videoland\/data\/images\/c\/5\/5be57a4d8eeb0_[format].jpg","runtime":1366,"editions":{"hd":{"price":0}},"is_downloadable":true},"E61471":{"id":61471,"ref":"E61471","type":"episode","position":5904,"title":"Afl 5904 Do 22 Nov","description":"Uitzending RTL 4: Do 22 Nov Maria komt haar zoon Rik opzoeken, maar schrikt als ze oog in oog staat met iemand uit haar verleden. Aysen en Ludo smeden een plan waarbij ze allebei wat te winnen hebben.","still":"https:\/\/img-opt.cdn.smartvod.com\/smartvod\/images\/videoland\/data\/images\/f\/4\/5be57ca213fe4_[format].jpg","runtime":1402,"editions":{"hd":{"price":0}},"is_downloadable":true},"E61470":{"id":61470,"ref":"E61470","type":"episode","position":5905,"title":"Afl 5905 Vr 23 Nov","description":"Uitzending RTL 4: Vr 23 Nov Nina mag uit het ziekenhuis vertrekken, maar weigert. Daan wil tot Riks verbijstering met Zo\u00eb in de Rozenboom gaan wonen. Maria ontdekt dat haar geheim nog veel ingewikkelder is dan ze al dacht.","still":"https:\/\/img-opt.cdn.smartvod.com\/smartvod\/images\/videoland\/data\/images\/x\/y\/5be95adea12c8_[format].jpg","runtime":1369,"editions":{"hd":{"price":0}},"is_downloadable":true},"E61901":{"id":61901,"ref":"E61901","type":"episode","position":5906,"title":"Afl 5906 Ma 26 Nov","description":"Uitzending RTL 4: Ma 26 Nov Kimberly gooit haar lichaam in de strijd om Rover te verleiden. Amir wordt jaloers als hij getuige is van een intiem moment tussen Bing en Max. Sjors herdenkt haar moeder, maar dat verloopt anders dan verwacht.","still":"https:\/\/img-opt.cdn.smartvod.com\/smartvod\/images\/videoland\/data\/images\/x\/z\/5bec26f1da49a_[format].jpg","runtime":1362,"editions":{"hd":{"price":0}},"is_downloadable":true},"E61904":{"id":61904,"ref":"E61904","type":"episode","position":5907,"title":"Afl 5907 Di 27 Nov","description":"Uitzending RTL 4: Di 27 Nov Amir wordt onder druk gezet door Sjors en besluit eerlijk te zijn. Marieke verstoort de luisterboekpresentatie van Janine. Aysen raakt gefrustreerd als haar plan niet loopt zoals bedacht.","still":"https:\/\/img-opt.cdn.smartvod.com\/smartvod\/images\/videoland\/data\/images\/n\/3\/5bec29411841e_[format].jpg","runtime":1388,"editions":{"hd":{"price":0}},"is_downloadable":true},"E61903":{"id":61903,"ref":"E61903","type":"episode","position":5908,"title":"Afl 5908 Wo 28 Nov","description":"Uitzending RTL 4: Wo 28 Nov Zo\u00eb komt door een uitnodiging van Daan voor een dilemma te staan. Jojo gaat de confrontatie met Kimberly aan en wordt hierin gesteund door Aysen. Mark krijgt de woede van Marieke over zich heen.","still":"https:\/\/img-opt.cdn.smartvod.com\/smartvod\/images\/videoland\/data\/images\/c\/0\/5bec824ba44b1_[format].jpg","runtime":1380,"editions":{"hd":{"price":0}},"is_downloadable":true},"E61905":{"id":61905,"ref":"E61905","type":"episode","position":5909,"title":"Afl 5909 Do 29 Nov","description":"Uitzending RTL 4: Do 29 Nov Janine kan niet voorkomen dat Marieke Sjors aanvliegt. Mark krijgt steun uit onverwachte hoek. Nina en Bing krijgen een meningsverschil over Amir. Zo\u00eb verrast Rik met een romantische date.","still":"https:\/\/img-opt.cdn.smartvod.com\/smartvod\/images\/videoland\/data\/images\/d\/3\/5bec84a346781_[format].jpg","runtime":1390,"editions":{"hd":{"price":0}},"is_downloadable":true},"E61907":{"id":61907,"ref":"E61907","type":"episode","position":5910,"title":"Afl 5910 Vr 30 Nov","description":"Uitzending RTL 4: Vr 30 Nov Door bemoeienis van Maria ontstaat er een ruzie tussen Zo\u00eb en Rik. Daan wordt onderdeel van Aysens dubbelspel. Aysen raakt gefrustreerd als haar samenspel met Ludo niet oplevert wat ze hoopte.","still":"https:\/\/img-opt.cdn.smartvod.com\/smartvod\/images\/videoland\/data\/images\/l\/w\/5bed5d6dd7e5a_[format].jpg","runtime":1383,"editions":{"hd":{"price":0}},"is_downloadable":true},"E62021":{"id":62021,"ref":"E62021","type":"episode","position":5911,"title":"Afl 5911 Ma 3 Dec","description":"Uitzending RTL 4: Ma 3 Dec Sjors gaat door het stof in een poging om het bij te leggen met Amir. Bing blijkt een fervent aanhanger van het principe rust, reinheid en regelmaat. Janine heeft geen zin in Mark en werkt hem de deur uit.","still":"https:\/\/img-opt.cdn.smartvod.com\/smartvod\/images\/videoland\/data\/images\/1\/o\/5bf3d41acc508_[format].jpg","runtime":1367,"editions":{"hd":{"price":0}},"is_downloadable":true},"E62023":{"id":62023,"ref":"E62023","type":"episode","position":5912,"title":"Afl 5912 Di 4 Dec","description":"Uitzending RTL 4: Di 4 Dec Maria moet met kracht worden tegengehouden als ze Daan dreigt aan te vliegen. Nina heeft genoeg van de dwingende manier waarop Amir zijn 'recht' probeert te halen. Rik neemt een heftig besluit.","still":"https:\/\/img-opt.cdn.smartvod.com\/smartvod\/images\/videoland\/data\/images\/z\/n\/5bf7e147693db_[format].jpg","runtime":1386,"editions":{"hd":{"price":0}},"is_downloadable":true},"E62024":{"id":62024,"ref":"E62024","type":"episode","position":5913,"title":"Afl 5913 Wo 5 Dec","description":"Uitzending RTL 4: Wo 5 Dec Marieke geeft het sintfeest een originele draai. Kimberly en JoJo werken samen om Rover af te straffen. JoJo vindt dit moeilijk. Als Janine Mark verbiedt om in de buurt van Marieke te komen, gaat hem dat veel te ver.","still":"https:\/\/img-opt.cdn.smartvod.com\/smartvod\/images\/videoland\/data\/images\/8\/d\/5bf7e2696d5ed_[format].jpg","runtime":1393,"editions":{"hd":{"price":0}},"is_downloadable":true},"E62022":{"id":62022,"ref":"E62022","type":"episode","position":5914,"title":"Afl 5914 Do 6 Dec","description":"Uitzending RTL 4: Do 6 Dec Lucas wil dolgraag naar New York, maar stuit op Laura die niet de verantwoordelijkheid voor De Koning wil dragen. Aysen komt bij Billy in een situatie terecht waaruit ze zich niet kan onttrekken.","still":"https:\/\/img-opt.cdn.smartvod.com\/smartvod\/images\/videoland\/data\/images\/c\/3\/5bfadaeecbbbb_[format].jpg","runtime":1405,"editions":{"hd":{"price":0}},"is_downloadable":true},"E62025":{"id":62025,"ref":"E62025","type":"episode","position":5915,"title":"Afl 5915 Vr 7 Dec","description":"Uitzending RTL 4: Vr 7 Dec Jef en Q komen in een hoogoplopend conflict over gehaktballen. Als Bing en Laura er bij betrokken raken, loopt het uit de hand. Maria ziet hoe Rik en Zo\u00eb ijskoud met elkaar omgaan.","still":"https:\/\/img-opt.cdn.smartvod.com\/smartvod\/images\/videoland\/data\/images\/x\/j\/5bfd561b8205b_[format].jpg","runtime":1388,"editions":{"hd":{"price":0}},"is_downloadable":true},"E62020":{"id":62020,"ref":"E62020","type":"episode","position":5916,"title":"Afl 5916 Ma 10 Dec","description":"Uitzending RTL 4: Ma 10 Dec Nina en Amir hebben een geheime afspraak wat betreft Max. JoJo wordt overrompeld als Rover haar een liedje aanbiedt voor haar auditie. Linda stelt Janine gerust als er weer een element uit haar boek in het echt gebeurt.","still":"https:\/\/img-opt.cdn.smartvod.com\/smartvod\/images\/videoland\/data\/images\/a\/z\/5c02da331746f_[format].jpg","runtime":1379,"editions":{"hd":{"price":0}},"is_downloadable":true},"E62029":{"id":62029,"ref":"E62029","type":"episode","position":5917,"title":"Afl 5917 Di 11 Dec","description":"Uitzending RTL 4: Di 11 Dec Na een bedreiging besluit Aysen Het Paleis te beveiligen. Daar moet wel Kimberly voor omgepraat worden. In Huize Sanders ziet men steeds meer in dat Mariekes tijd begint op te raken.","still":"https:\/\/img-opt.cdn.smartvod.com\/smartvod\/images\/videoland\/data\/images\/8\/1\/5c02db6606ba9_[format].jpg","runtime":1365,"editions":{"hd":{"price":0}},"is_downloadable":true},"E62028":{"id":62028,"ref":"E62028","type":"episode","position":5918,"title":"Afl 5918 Wo 12 Dec","description":"Uitzending RTL 4: Do 12 Dec Bing snapt niets van Riks emigratieplannen. Aysen wil weten of Janine Marieke verdenkt van het glasincident. JoJo is niet zomaar gespannen voor de auditie, ze is doodsbang voor afwijzing door iedereen.","still":"https:\/\/img-opt.cdn.smartvod.com\/smartvod\/images\/videoland\/data\/images\/v\/h\/5c02f41220497_[format].jpg","runtime":1331,"editions":{"hd":{"price":0}},"is_downloadable":true},"E62026":{"id":62026,"ref":"E62026","type":"episode","position":5919,"title":"Afl 5919 Do 13 Dec","description":"Uitzending RTL 4: Do 13 Dec Janine komt op een dood spoor als geen enkele arts wil helpen. Anton treft Rover achter zijn mengpaneel. Hij wil meteen een dj-cursus en gaat uit zijn dak. Eduard gooit het zwangerschapsplan open en verwijt Zo\u00eb hiervan de kwade genius te zijn.","still":"https:\/\/img-opt.cdn.smartvod.com\/smartvod\/images\/videoland\/data\/images\/h\/n\/5c02f8aec4576_[format].jpg","runtime":1342,"editions":{"hd":{"price":0}},"is_downloadable":true},"E62027":{"id":62027,"ref":"E62027","type":"episode","position":5920,"title":"Afl 5920 Vr 14 Dec","description":"Uitzending RTL 4: Vr 14 Dec Zo\u00eb heeft redenen om Daan dankbaar te zijn en zoekt steun bij Aysen. Rik wil niet dat Maria zich voor hem opoffert. Laura ontdekt de ware reden waarom Maria zich zo intens met Daan, Rik en Zo\u00eb bezighoudt.","still":"https:\/\/img-opt.cdn.smartvod.com\/smartvod\/images\/videoland\/data\/images\/a\/y\/5c079e270eca6_[format].jpg","runtime":1368,"editions":{"hd":{"price":0}},"is_downloadable":true},"E62151":{"id":62151,"ref":"E62151","type":"episode","position":5921,"title":"Afl 5921 Ma 17 Dec","description":"Uitzending RTL 4: Ma 17 Dec Als Aysen de waarheid spreekt, wordt haar dat niet in dank afgenomen. Jef is terecht bang dat zijn gehaktballenbedrog openbaar wordt en komt in conflict met Laura.","still":"https:\/\/img-opt.cdn.smartvod.com\/smartvod\/images\/videoland\/data\/images\/i\/r\/5c0a2c075b5a6_[format].jpg","runtime":1386,"editions":{"hd":{"price":0}},"is_downloadable":true},"E62147":{"id":62147,"ref":"E62147","type":"episode","position":5922,"title":"Afl 5922 Di 18 Dec","description":"Uitzending RTL 4: Di 18 Dec Bing heeft een plan en dat begint met een diefstal. JoJo zingt haar auditie voor de toelatingscommissie. Het gaat niet vlekkeloos. Laura zoekt een onlinemanier om de negativiteit rond het gehaktballenbedrog op te lossen.","still":"https:\/\/img-opt.cdn.smartvod.com\/smartvod\/images\/videoland\/data\/images\/d\/p\/5c0e647ebcb1f_[format].jpg","runtime":1369,"editions":{"hd":{"price":0}},"is_downloadable":true},"E62139":{"id":62139,"ref":"E62139","type":"episode","position":5923,"title":"Afl 5923 Wo 19 Dec","description":"Uitzending RTL 4: Wo 19 Dec Ludo is verbijsterd door een publicatie over hem. Als ook de politie een onderzoek naar hem start, is de ellende compleet. Hij gaat verhaal halen bij Marieke en Mark. Max krijgt een horrorcadeau.","still":"https:\/\/img-opt.cdn.smartvod.com\/smartvod\/images\/videoland\/data\/images\/2\/p\/5c0e774c9f69a_[format].jpg","runtime":1381,"editions":{"hd":{"price":0}},"is_downloadable":true},"E62153":{"id":62153,"ref":"E62153","type":"episode","position":5924,"title":"Afl 5924 Do 20 Dec","description":"Uitzending RTL 4: Do 20 Dec Rover heeft een verrassing voor JoJo. Daan merkt op dat Bing zich verdacht gedraagt en gaat op onderzoek uit. Sjors probeert Amir af te remmen als hij een nieuwe oppasafspraak wil maken.","still":"https:\/\/img-opt.cdn.smartvod.com\/smartvod\/images\/videoland\/data\/images\/s\/c\/5c0e7acf0ab6c_[format].jpg","runtime":1382,"editions":{"hd":{"price":0}},"is_downloadable":true},"E62145":{"id":62145,"ref":"E62145","type":"episode","position":5925,"title":"Afl 5925 Vr 21 Dec","description":"Uitzending RTL 4: Vr 21 Dec Q wordt gescout als fotomodel. Linda vindt het een ongekende kans. Tijdens een televisie-interview neemt Marieke het ongevraagd van Janine over. Na een strijd met Bing besluit JoJo dat het beter is als ze verhuist.","still":"https:\/\/img-opt.cdn.smartvod.com\/smartvod\/images\/videoland\/data\/images\/r\/q\/5c12269b719ab_[format].jpg","runtime":1389,"editions":{"hd":{"price":0}},"is_downloadable":true},"E62144":{"id":62144,"ref":"E62144","type":"episode","position":5926,"title":"Afl 5926 Ma 24 Dec","description":"Uitzending RTL 4: Ma 24 Dec Bing doet alsof hij enthousiast is over een cadeau van Sjors en Amir. Marieke voelt zich in de steek gelaten door haar familie en komt zelf in actie. Ze wordt betrapt.","still":"https:\/\/img-opt.cdn.smartvod.com\/smartvod\/images\/videoland\/data\/images\/b\/9\/5c151372dea55_[format].jpg","runtime":1339,"editions":{"hd":{"price":0}},"is_downloadable":true},"E62150":{"id":62150,"ref":"E62150","type":"episode","position":5927,"title":"Afl 5927 Di 25 Dec","description":"Uitzending RTL 4: Di 25 Dec Zo\u00eb krijgt mail van iemand waar ze dat nooit van had verwacht. Daan vraagt hulp aan precies het verkeerde figuur. Jef en Laura kunnen hun ruzie niet bijleggen, dus dreigt het voor beiden een eenzame kerst te worden.","still":"https:\/\/img-opt.cdn.smartvod.com\/smartvod\/images\/videoland\/data\/images\/v\/9\/5c18a6e0e23dd_[format].jpg","runtime":1382,"editions":{"hd":{"price":0}},"is_downloadable":true},"E62146":{"id":62146,"ref":"E62146","type":"episode","position":5928,"title":"Afl 5928 Wo 26 Dec","description":"Uitzending RTL 4: Wo 26 Dec Anton co\u00f6rdineert dit jaar het Bouwhuis-kerstdiner. Amir en Sjors verheugen zich op een intieme middag. Janine doet een bizarre ontdekking over Marieke en confronteert haar daarmee.","still":"https:\/\/img-opt.cdn.smartvod.com\/smartvod\/images\/videoland\/data\/images\/w\/f\/5c18e016e260e_[format].jpg","runtime":1397,"editions":{"hd":{"price":0}},"is_downloadable":true},"E62149":{"id":62149,"ref":"E62149","type":"episode","position":5929,"title":"Afl 5929 Do 27 Dec","description":"Uitzending RTL 4: Do 27 Dec JoJo en Rover treffen een onbekend meisje aan de ontbijttafel. Amir is ontdaan na een medicijnendiefstal in het ziekenhuis. Daan laat Bing weten dat hun plan in werking is gesteld.","still":"https:\/\/img-opt.cdn.smartvod.com\/smartvod\/images\/videoland\/data\/images\/7\/m\/5c1948663e034_[format].jpg","runtime":1323,"editions":{"hd":{"price":0}},"is_downloadable":true},"E62152":{"id":62152,"ref":"E62152","type":"episode","position":5930,"title":"Afl 5930 Vr 28 Dec","description":"Uitzending RTL 4: Vr 28 Dec Linda verafschuwt het als Anton een ego\u00efstische keuze maakt. Daan wordt betrapt als hij naar zijn geheime woonruimte wil sneaken. Lana doet een poging om Q enthousiast te maken voor het modellenwerk.","still":"https:\/\/img-opt.cdn.smartvod.com\/smartvod\/images\/videoland\/data\/images\/n\/v\/5c1a571f6a35c_[format].jpg","runtime":1325,"editions":{"hd":{"price":0}},"is_downloadable":true},"E62148":{"id":62148,"ref":"E62148","type":"episode","position":5931,"title":"Afl 5931 Ma 31 Dec","description":"Uitzending RTL 4: Ma 31 Dec Laura en Jef moeten na hun debacle in De Koning verantwoording afleggen bij Lucas. Ludo wijst meteen naar Marieke als er een nieuwe dreigement is, maar Janine neemt het voor haar zus op.","still":"https:\/\/img-opt.cdn.smartvod.com\/smartvod\/images\/videoland\/data\/images\/0\/b\/5c1b6246f1cc5_[format].jpg","runtime":1375,"editions":{"hd":{"price":0}},"is_downloadable":true}}}