{"id":500706,"ref":"S500706","type":"series","title":"Ninja Warrior Australi\u00eb","year":2021,"rating":4,"poster":"https:\/\/img-opt.cdn.smartvod.com\/smartvod\/images\/videoland\/data\/images\/o\/n\/61029ea158232_[format].jpg","still":"https:\/\/img-opt.cdn.smartvod.com\/smartvod\/images\/videoland\/data\/images\/4\/t\/62a0a866f2454_[format].jpg","cast":{"actors":["Rebecca Maddern","Ben Fordham","Freddie Flintoff"]},"genres":["Competitie","Sport"],"refs":["SN4985","SN5061","SN4376","SN4506","SN4858"],"is_adult":false,"is_kids":false,"is_available":true,"description":"Australische competitieshow waarin de kandidaten rennend, springend, kruipend, hangend en slingerend de meest idiote obstakels moeten overwinnen om de titel Australian Ninja Warrior te veroveren.","nicam":{"al":"Alle leeftijden"},"language":"en","language_full":"Engels","details":{"SN4985":{"id":4985,"ref":"SN4985","type":"season","title":"1","position":1},"SN5061":{"id":5061,"ref":"SN5061","type":"season","title":"2","position":2},"SN4376":{"id":4376,"ref":"SN4376","type":"season","title":"3","position":3},"SN4506":{"id":4506,"ref":"SN4506","type":"season","title":"4","position":4,"refs":["E91195","E91237","E91240","E91241","E91192","E91243","E91218","E91223","E91177","E91247"]},"SN4858":{"id":4858,"ref":"SN4858","type":"season","title":"5","position":5},"E91195":{"id":91195,"ref":"E91195","type":"episode","position":1,"title":"","description":"Sportieve, sterke Australi\u00ebrs proberen rennend, springend, kruipend, hangend en slingerend de meest idiote obstakels te overwinnen om de titel Australian Ninja Warrior te veroveren. De winnaar maakt kans op 400.000 Australische dollar.","still":"https:\/\/img-opt.cdn.smartvod.com\/smartvod\/images\/videoland\/data\/images\/w\/0\/6164932969a9d_[format].jpg","runtime":4665,"editions":{"hd":{"price":0}},"is_downloadable":true},"E91237":{"id":91237,"ref":"E91237","type":"episode","position":2,"title":"","description":"Sportieve, sterke Australi\u00ebrs proberen rennend, springend, kruipend, hangend en slingerend de meest idiote obstakels te overwinnen om de titel Australian Ninja Warrior te veroveren. De winnaar maakt kans op 400.000 Australische dollar.","still":"https:\/\/img-opt.cdn.smartvod.com\/smartvod\/images\/videoland\/data\/images\/y\/0\/6172c651e5b17_[format].jpg","runtime":4466,"editions":{"hd":{"price":0}},"is_downloadable":true},"E91240":{"id":91240,"ref":"E91240","type":"episode","position":3,"title":"","description":"Sportieve, sterke Australi\u00ebrs proberen rennend, springend, kruipend, hangend en slingerend de meest idiote obstakels te overwinnen om de titel Australian Ninja Warrior te veroveren. De winnaar maakt kans op 400.000 Australische dollar.","still":"https:\/\/img-opt.cdn.smartvod.com\/smartvod\/images\/videoland\/data\/images\/z\/m\/6196555d36653_[format].jpg","runtime":4163,"editions":{"hd":{"price":0}},"is_downloadable":true},"E91241":{"id":91241,"ref":"E91241","type":"episode","position":4,"title":"","description":"Sportieve, sterke Australi\u00ebrs proberen rennend, springend, kruipend, hangend en slingerend de meest idiote obstakels te overwinnen om de titel Australian Ninja Warrior te veroveren. De winnaar maakt kans op 400.000 Australische dollar.","still":"https:\/\/img-opt.cdn.smartvod.com\/smartvod\/images\/videoland\/data\/images\/1\/i\/61a6727980c66_[format].jpg","runtime":4525,"editions":{"hd":{"price":0}},"is_downloadable":true},"E91192":{"id":91192,"ref":"E91192","type":"episode","position":5,"title":"","description":"Sportieve, sterke Australi\u00ebrs proberen rennend, springend, kruipend, hangend en slingerend de meest idiote obstakels te overwinnen om de titel Australian Ninja Warrior te veroveren. De winnaar maakt kans op 400.000 Australische dollar.","still":"https:\/\/img-opt.cdn.smartvod.com\/smartvod\/images\/videoland\/data\/images\/i\/0\/61b5c5ded6f27_[format].jpg","runtime":4848,"editions":{"hd":{"price":0}},"is_downloadable":true},"E91243":{"id":91243,"ref":"E91243","type":"episode","position":6,"title":"","description":"Sportieve, sterke Australi\u00ebrs proberen rennend, springend, kruipend, hangend en slingerend de meest idiote obstakels te overwinnen om de titel Australian Ninja Warrior te veroveren. De winnaar maakt kans op 400.000 Australische dollar.","still":"https:\/\/img-opt.cdn.smartvod.com\/smartvod\/images\/videoland\/data\/images\/c\/u\/61c37366cf7ad_[format].jpg","runtime":4802,"editions":{"hd":{"price":0}},"is_downloadable":true},"E91218":{"id":91218,"ref":"E91218","type":"episode","position":7,"title":"","description":"Sportieve, sterke Australi\u00ebrs proberen rennend, springend, kruipend, hangend en slingerend de meest idiote obstakels te overwinnen om de titel Australian Ninja Warrior te veroveren. De winnaar maakt kans op 400.000 Australische dollar.","still":"https:\/\/img-opt.cdn.smartvod.com\/smartvod\/images\/videoland\/data\/images\/7\/u\/61c9d9ab31da6_[format].jpg","runtime":4721,"editions":{"hd":{"price":0}},"is_downloadable":true},"E91223":{"id":91223,"ref":"E91223","type":"episode","position":8,"title":"","description":"Sportieve, sterke Australi\u00ebrs proberen rennend, springend, kruipend, hangend en slingerend de meest idiote obstakels te overwinnen om de titel Australian Ninja Warrior te veroveren. De winnaar maakt kans op 400.000 Australische dollar.","still":"https:\/\/img-opt.cdn.smartvod.com\/smartvod\/images\/videoland\/data\/images\/q\/7\/61cc73562fa1c_[format].jpg","runtime":5163,"editions":{"hd":{"price":0}},"is_downloadable":true},"E91177":{"id":91177,"ref":"E91177","type":"episode","position":9,"title":"","description":"Sportieve, sterke Australi\u00ebrs proberen rennend, springend, kruipend, hangend en slingerend de meest idiote obstakels te overwinnen om de titel Australian Ninja Warrior te veroveren. De winnaar maakt kans op 400.000 Australische dollar.","still":"https:\/\/img-opt.cdn.smartvod.com\/smartvod\/images\/videoland\/data\/images\/0\/i\/61d983ed57a37_[format].jpg","runtime":4533,"editions":{"hd":{"price":0}},"is_downloadable":true},"E91247":{"id":91247,"ref":"E91247","type":"episode","position":10,"title":"","description":"Sportieve, sterke Australi\u00ebrs proberen rennend, springend, kruipend, hangend en slingerend de meest idiote obstakels te overwinnen om de titel Australian Ninja Warrior te veroveren. De winnaar maakt kans op 400.000 Australische dollar.","still":"https:\/\/img-opt.cdn.smartvod.com\/smartvod\/images\/videoland\/data\/images\/9\/s\/61dfe8ea78e31_[format].jpg","runtime":4678,"editions":{"hd":{"price":0}},"is_downloadable":true}}}