{"id":500211,"ref":"S500211","type":"series","title":"Peter Pan","year":2014,"rating":3,"poster":"https:\/\/img-opt.cdn.smartvod.com\/smartvod\/images\/videoland\/data\/images\/r\/3\/62c2ccf9ec3c0_[format].jpg","still":"https:\/\/img-opt.cdn.smartvod.com\/smartvod\/images\/videoland\/data\/images\/k\/k\/62c7e8b52f737_[format].jpg","cast":{},"genres":["Animatie","Avontuur","Kids"],"refs":["SN3078","SN5055"],"is_adult":false,"is_kids":true,"is_available":true,"description":"Wendy Darling en haar broers John en Michael worden door de vreemde en brutale Peter Pan meegenomen naar Neverland. Wendy kan haar ogen niet geloven: alle verhalen uit hun kindertijd worden werkelijkheid! Voordat ze het weten, nemen ze het op tegen de vreselijke Kapitein Haak, praten ze met bomen en redden ze een prinses uit de klauwen van een vreemd wezen. De Darlings worden snel volwassen... op de enige plek waar je altijd kind blijft!","nicam":{"6":"Mogelijk schadelijk tot 6 jaar","geweld":"Geweld","angst":"Angst","taalgebruik":"Grof Taalgebruik"},"language":"nl","language_full":"Nederlands","details":{"SN3078":{"id":3078,"ref":"SN3078","type":"season","title":"1","position":1},"SN5055":{"id":5055,"ref":"SN5055","type":"season","title":"2","position":2,"refs":["E100346","E100371","E100353","E100354","E100361","E100360","E100374","E100349","E100377","E100375","E100350","E100357","E100364","E100373","E100370","E100345","E100363","E100358","E100362","E100368","E100369","E100372","E100366","E100355","E100344","E100356"]},"E100346":{"id":100346,"ref":"E100346","type":"episode","position":1,"title":"Peter Zit Vast","description":"Haak is op zoek naar een schat, maar vindt een sextant die hij meeneemt. Hij weet niet dat hij daarmee de doorgang naar Fantasieland afsluit. Peter zit vast in Londen, en Wendy in Fantasieland. Wendy probeert met Tinkerbel een oplossing te vinden en Peter doet hetzelfde met John en Michael.","still":"https:\/\/img-opt.cdn.smartvod.com\/smartvod\/images\/videoland\/data\/images\/k\/k\/62c7e8b52f737_[format].jpg","runtime":1324,"editions":{"hd":{"price":0}},"is_downloadable":true},"E100371":{"id":100371,"ref":"E100371","type":"episode","position":2,"title":"Het Piratenleven","description":"John oefent voor zijn toneelrol als Cyrano. Peter biedt aan om hem te leren schermen. Maar voordat het zover is, worden John en Dagan door een zuigbloem verwisseld. Gelukkig krijgt John, als Dagan, piratenles van Haak, maar hij moet voor zonsondergang zorgen dat hij weer in zijn oude lichaam terugkeert.","still":"https:\/\/img-opt.cdn.smartvod.com\/smartvod\/images\/videoland\/data\/images\/b\/w\/62c80f7050fbd_[format].jpg","runtime":1324,"editions":{"hd":{"price":0}},"is_downloadable":true},"E100353":{"id":100353,"ref":"E100353","type":"episode","position":3,"title":"Als Problemen Zich Opstapelen","description":"De Indianen gaan een dag oogsten en de Slimme Kinderen moeten op het dorp met de Heilige Steen passen. Michael moet voor Pakwa, de magische kikker, zorgen. Maar al gauw gaat er van alles mis.","still":"https:\/\/img-opt.cdn.smartvod.com\/smartvod\/images\/videoland\/data\/images\/3\/g\/62c7e8bd6ac7a_[format].jpg","runtime":1324,"editions":{"hd":{"price":0}},"is_downloadable":true},"E100354":{"id":100354,"ref":"E100354","type":"episode","position":4,"title":"Dief, Vijand En Vriend","description":"Haak weet het grote boek van Fantasieland te stelen. Hij roept allerlei monsters uit het bos op om voor hem te werken, zodat hij de domme piraten kan lozen. Peter en zijn vrienden komen Sienna tegen. Samen met haar weten ze het boek weer terug te stelen.","still":"https:\/\/img-opt.cdn.smartvod.com\/smartvod\/images\/videoland\/data\/images\/y\/4\/62c7f11042e5c_[format].jpg","runtime":1307,"editions":{"hd":{"price":0}},"is_downloadable":true},"E100361":{"id":100361,"ref":"E100361","type":"episode","position":5,"title":"Pas Op Voor Wendybell","description":"Er is water uit het fee\u00ebnmeer gestolen. Wendy drinkt er per ongeluk wat van en verandert in een feetje. Haak had Sienna opdracht gegeven het water te stelen, zodat hij de toverkracht ervan kan krijgen. Maar als hij het uiteindelijk drinkt, verandert ook hij in een kleine fee.","still":"https:\/\/img-opt.cdn.smartvod.com\/smartvod\/images\/videoland\/data\/images\/w\/8\/62c7e8bf4cf3d_[format].jpg","runtime":1324,"editions":{"hd":{"price":0}},"is_downloadable":true},"E100360":{"id":100360,"ref":"E100360","type":"episode","position":6,"title":"Laat Mama Met Rust","description":"Chubs, John, Michael en Wendy houden een kookwedstrijd. John en Michael willen Wendy laten zien wat ze kunnen en zoeken daarom het ei van het moerasmonster voor een omelet. Dat monster wordt woest en wil haar ei terug.","still":"https:\/\/img-opt.cdn.smartvod.com\/smartvod\/images\/videoland\/data\/images\/d\/l\/62cb2fc39eeaf_[format].jpg","runtime":1324,"editions":{"hd":{"price":0}},"is_downloadable":true},"E100374":{"id":100374,"ref":"E100374","type":"episode","position":7,"title":"Na-Aper","description":"John ergert zich aan Michael, die hem na-aapt. Hij stuurt hem weg. Michael komt bij de meerminnenlagune en drinkt van het water. De meerminnen zien hun kans schoon Fantasieland over te nemen.","still":"https:\/\/img-opt.cdn.smartvod.com\/smartvod\/images\/videoland\/data\/images\/k\/0\/62c7f10e65322_[format].jpg","runtime":1325,"editions":{"hd":{"price":0}},"is_downloadable":true},"E100349":{"id":100349,"ref":"E100349","type":"episode","position":8,"title":"Goud, Goud, Goud!","description":"De piraten morren dat er nergens een schat te vinden is. Haak doet de wens bij de Fluisterboom dat alles wat hij aanraakt in goud verandert. John is het beu dat hij altijd als laatste in een team wordt gekozen. Hij wenst dat hij sterk is in plaats van slim.","still":"https:\/\/img-opt.cdn.smartvod.com\/smartvod\/images\/videoland\/data\/images\/5\/0\/62c7f21a8a661_[format].jpg","runtime":1324,"editions":{"hd":{"price":0}},"is_downloadable":true},"E100377":{"id":100377,"ref":"E100377","type":"episode","position":9,"title":"Meiden Aan De Macht!","description":"Een spannende schattenjacht van de indianen loopt uit op een strijd tussen de meiden en de jongens.","still":"https:\/\/img-opt.cdn.smartvod.com\/smartvod\/images\/videoland\/data\/images\/f\/s\/62c7e9df09018_[format].jpg","runtime":1324,"editions":{"hd":{"price":0}},"is_downloadable":true},"E100375":{"id":100375,"ref":"E100375","type":"episode","position":10,"title":"Peters Luitenant","description":"De kapitein is jarig en de piraten zoeken een cadeau. Ze ontdekken de hypnobloem en krijgen Peter in hun macht. Wendy, John, Michael en de Slimme Kinderen moeten iets bedenken om dat ongedaan te maken.","still":"https:\/\/img-opt.cdn.smartvod.com\/smartvod\/images\/videoland\/data\/images\/r\/6\/62c7e8c100283_[format].jpg","runtime":1324,"editions":{"hd":{"price":0}},"is_downloadable":true},"E100350":{"id":100350,"ref":"E100350","type":"episode","position":11,"title":"Fantasieland Staat Op Z'n Kop","description":"Michael is te enthousiast bij het helpen om een toverdrankje te maken en gooit er iets verkeerds in. Alles in Fantasieland staat op zijn kop. Haak wil intussen de totem van de indianen stelen om een toverspreuk te kunnen gebruiken.","still":"https:\/\/img-opt.cdn.smartvod.com\/smartvod\/images\/videoland\/data\/images\/9\/w\/62c7efbfdb8b3_[format].jpg","runtime":1324,"editions":{"hd":{"price":0}},"is_downloadable":true},"E100357":{"id":100357,"ref":"E100357","type":"episode","position":12,"title":"Lach Eens Naar Het Vogeltje!","description":"Michael wil een foto maken in Fantasieland, maar alles wat hij fotografeert, verdwijnt. Als bijna iedereen verdwenen is, krijgt hij hulp uit onverwachte hoek.","still":"https:\/\/img-opt.cdn.smartvod.com\/smartvod\/images\/videoland\/data\/images\/4\/v\/62c7e8c2b6a0b_[format].jpg","runtime":1323,"editions":{"hd":{"price":0}},"is_downloadable":true},"E100364":{"id":100364,"ref":"E100364","type":"episode","position":13,"title":"Samenwerken, Jongens!","description":"Kapitein Spierbal komt uit de film gelopen door een truc van Synapse. Sienna krijgt onbedoeld een serum over zich heen en groeit uit tot een reus. Peter en Spierbal ruzi\u00ebn wie het beste de boel weer recht kan zetten.","still":"https:\/\/img-opt.cdn.smartvod.com\/smartvod\/images\/videoland\/data\/images\/x\/u\/62c7e8b707b03_[format].jpg","runtime":1324,"editions":{"hd":{"price":0}},"is_downloadable":true},"E100373":{"id":100373,"ref":"E100373","type":"episode","position":14,"title":"De Talentenjacht","description":"De Slimme Kinderen laten zien welke nieuwe trucs ze tegen de piraten hebben bedacht. John ontdekt dat er ergens een Onzichtbaarheidshaak is en wil die vinden. Maar Sienna wil dat ook.","still":"https:\/\/img-opt.cdn.smartvod.com\/smartvod\/images\/videoland\/data\/images\/1\/n\/62c7efd208152_[format].jpg","runtime":1324,"editions":{"hd":{"price":0}},"is_downloadable":true},"E100370":{"id":100370,"ref":"E100370","type":"episode","position":15,"title":"De Ruziesteen","description":"Jon, Michael en Wendy hebben ruzie. Peter neemt ze mee naar de Ruziesteen, die alle woede opslurpt. Maar de steen raakt overbelast en heel Fantasieland raakt uit balans.","still":"https:\/\/img-opt.cdn.smartvod.com\/smartvod\/images\/videoland\/data\/images\/2\/5\/62c7efc635ef6_[format].jpg","runtime":1324,"editions":{"hd":{"price":0}},"is_downloadable":true},"E100345":{"id":100345,"ref":"E100345","type":"episode","position":16,"title":"De Verrader","description":"Tiger Lily moet Noctaurum, een monster, tegenhouden door zeven diamanten te zoeken. Maar steeds zijn de piraten hen te snel af. Wie is toch de verrader?","still":"https:\/\/img-opt.cdn.smartvod.com\/smartvod\/images\/videoland\/data\/images\/q\/2\/62c7ee987365e_[format].jpg","runtime":1324,"editions":{"hd":{"price":0}},"is_downloadable":true},"E100363":{"id":100363,"ref":"E100363","type":"episode","position":17,"title":"De Grote Chumbalaya","description":"Iedereen is verdwenen uit Fantasieland. Het blijkt dat de Chumba's ze verlamd hebben uit opdracht van de Grote Chumbalaya. En dat blijkt een verzinsel van Loki te zijn. Peter, John, Wendy en Michael proberen alles weer in orde te maken.","still":"https:\/\/img-opt.cdn.smartvod.com\/smartvod\/images\/videoland\/data\/images\/l\/q\/62c7e7b0e6074_[format].jpg","runtime":1324,"editions":{"hd":{"price":0}},"is_downloadable":true},"E100358":{"id":100358,"ref":"E100358","type":"episode","position":18,"title":"De Symfonie Van De Sterren","description":"Bij het opvoeren van de Symfonie van de Sterren zingt Jake Sorrow vals, waardoor de zon verdwijnt. Peter en zijn vriendjes proberen de Symfonie van de Sterren zuiver te spelen en de zon weer terug te brengen aan de hemel.","still":"https:\/\/img-opt.cdn.smartvod.com\/smartvod\/images\/videoland\/data\/images\/h\/g\/62c7f0f58454c_[format].jpg","runtime":1324,"editions":{"hd":{"price":0}},"is_downloadable":true},"E100362":{"id":100362,"ref":"E100362","type":"episode","position":19,"title":"Blijf Altijd Jong","description":"Michael raakt zijn nachtlampje kwijt en moet op een eigen kamer gaan slapen, omdat hij al een grote jongen is. Maar hij wil liever klein blijven en kiest ervoor om in Fantasieland te gaan wonen.","still":"https:\/\/img-opt.cdn.smartvod.com\/smartvod\/images\/videoland\/data\/images\/b\/r\/62c7efd5d7f4c_[format].jpg","runtime":1324,"editions":{"hd":{"price":0}},"is_downloadable":true},"E100368":{"id":100368,"ref":"E100368","type":"episode","position":20,"title":"Apenstreken","description":"John krijgt een totemdier toegewezen: een aapje. Die gaat ervandoor met Johns bril en het boek van Fantasieland. Haak krijgt het aapje met het boek in handen en al gauw zijn alle Slimme Kinderen gevangen. John moet in zijn eentje de hele boel redden.","still":"https:\/\/img-opt.cdn.smartvod.com\/smartvod\/images\/videoland\/data\/images\/8\/y\/62c7e7aad7d82_[format].jpg","runtime":1324,"editions":{"hd":{"price":0}},"is_downloadable":true},"E100369":{"id":100369,"ref":"E100369","type":"episode","position":21,"title":"De Waterfee","description":"Al het water in Fantasieland is opgedroogd doordat de waterfee gevangen is genomen. Michael wordt door de meerminnen in een vis veranderd, zodat hij haar op kan zoeken.","still":"https:\/\/img-opt.cdn.smartvod.com\/smartvod\/images\/videoland\/data\/images\/3\/t\/62c7f23b2d52c_[format].jpg","runtime":1324,"editions":{"hd":{"price":0}},"is_downloadable":true},"E100372":{"id":100372,"ref":"E100372","type":"episode","position":22,"title":"Kinderspel","description":"Haak probeert met magische, van het opperhoofd gestolen poppen de macht over Fantasieland te grijpen.","still":"https:\/\/img-opt.cdn.smartvod.com\/smartvod\/images\/videoland\/data\/images\/l\/8\/62c7e9e75e8b5_[format].jpg","runtime":1324,"editions":{"hd":{"price":0}},"is_downloadable":true},"E100366":{"id":100366,"ref":"E100366","type":"episode","position":23,"title":"Wendy In Het Kwadraat","description":"Wendy zou wel eens willen dat er meer van haar zouden zijn, zodat ze alles kan doen waar ze eigenlijk geen tijd voor heeft. Wanneer ze in Fantasieland in slaap valt onder een magische treurwilg, komt haar wens uit.","still":"https:\/\/img-opt.cdn.smartvod.com\/smartvod\/images\/videoland\/data\/images\/l\/s\/62c7e7b2afea2_[format].jpg","runtime":1324,"editions":{"hd":{"price":0}},"is_downloadable":true},"E100355":{"id":100355,"ref":"E100355","type":"episode","position":24,"title":"De Voorspelling Van Fantasieland (Deel 1)","description":"Haak is op zoek naar een schelp met daarin de geest van Barrum. Als hij die oproept, krijgt hij oeroude krachten. Peter komt daar achter en gaat met Haak de wedstrijd aan wie de schelp het eerste vindt.","still":"https:\/\/img-opt.cdn.smartvod.com\/smartvod\/images\/videoland\/data\/images\/g\/v\/62c7f0fd9dde2_[format].jpg","runtime":1324,"editions":{"hd":{"price":0}},"is_downloadable":true},"E100344":{"id":100344,"ref":"E100344","type":"episode","position":25,"title":"De Voorspelling Van Fantasieland (Deel 2)","description":"Michael vindt de schelp met Barrum erin. Hij kan nu alles wensen wat hij wil. Maar de wensen pakken allemaal net iets anders uit dan bedoeld.","still":"https:\/\/img-opt.cdn.smartvod.com\/smartvod\/images\/videoland\/data\/images\/r\/9\/62c7e8b32d944_[format].jpg","runtime":1324,"editions":{"hd":{"price":0}},"is_downloadable":true},"E100356":{"id":100356,"ref":"E100356","type":"episode","position":26,"title":"De Voorspelling Van Fantasieland (Deel 3)","description":"Haak trekt als een ware tiran door Fantasieland nu hij Barrum en zijn schelp in zijn macht heeft. Wanneer deze schelp breekt en Barrum op hol slaat, weet Michael hem te kalmeren en betovert Pink een nieuwe schelp waarin Barrum rust kan vinden.","still":"https:\/\/img-opt.cdn.smartvod.com\/smartvod\/images\/videoland\/data\/images\/s\/z\/62c7efd02e27b_[format].jpg","runtime":1324,"editions":{"hd":{"price":0}},"is_downloadable":true}}}