{"id":500160,"ref":"S500160","type":"series","title":"Kees van der Spek: Oplichters Aangepakt","year":2021,"rating":4,"poster":"https:\/\/img-opt.cdn.smartvod.com\/smartvod\/images\/videoland\/data\/images\/p\/p\/5db2b074b41e2_[format].jpg","still":"https:\/\/img-opt.cdn.smartvod.com\/smartvod\/images\/videoland\/data\/images\/q\/t\/6255bbd151da3_[format].jpg","cast":{"actors":["Kees van der Spek"]},"genres":[],"refs":["SN3222","SN3016","SN3696","SN3826","SN4205","SN4876"],"is_adult":false,"is_kids":false,"is_available":true,"description":"Programma waarin Kees van der Spek met de verborgen camera de wijde wereld intrekt en oplichters, fraudeurs, afpersers en andere criminelen ontmaskert. Niet alleen in het buitenland, maar ook op eigen bodem doet Van der Spek spraakmakende onthullingen. Dat leidt soms tot pittige confrontaties met de oplichters.","nicam":{"al":"Alle leeftijden","taalgebruik":"Grof Taalgebruik"},"language":"nl","language_full":"Nederlands","details":{"SN3222":{"id":3222,"ref":"SN3222","type":"season","title":"1","position":1},"SN3016":{"id":3016,"ref":"SN3016","type":"season","title":"2","position":2},"SN3696":{"id":3696,"ref":"SN3696","type":"season","title":"3","position":3},"SN3826":{"id":3826,"ref":"SN3826","type":"season","title":"4","position":4,"refs":["E80294","E80293","E80505","E81155","E85960","E85961","E85962"]},"SN4205":{"id":4205,"ref":"SN4205","type":"season","title":"5","position":5},"SN4876":{"id":4876,"ref":"SN4876","type":"season","title":"6","position":6},"E80294":{"id":80294,"ref":"E80294","type":"episode","position":1,"title":"","description":"Jaarlijks wordt er voor tussen de 10 en de 15 miljoen euro aan steigerdelen van bouwplaatsen in Nederland gestolen. Een groep gedupeerde steigerbouwers is het spuugzat en besluit het heft in eigen hand te nemen. Er vallen klappen en de politie komt in actie.","still":"https:\/\/img-opt.cdn.smartvod.com\/smartvod\/images\/videoland\/data\/images\/w\/g\/5f85c92bc8f59_[format].jpg","runtime":2564,"editions":{"hd":{"price":0}},"is_downloadable":true},"E80293":{"id":80293,"ref":"E80293","type":"episode","position":2,"title":"","description":"Thomas werd slachtoffer van sextortion. Een knappe dame op internet die hem voor de webcam vroeg uit de kleren te gaan, bleek een afperser. Alles was opgenomen en zou op social media worden gepost als hij niet snel zou betalen. Kees en zijn team ontdekken dat de afperser een man is die in Ivoorkust woont.","still":"https:\/\/img-opt.cdn.smartvod.com\/smartvod\/images\/videoland\/data\/images\/5\/g\/5f8ea844dae47_[format].jpg","runtime":2534,"editions":{"hd":{"price":0}},"is_downloadable":true},"E80505":{"id":80505,"ref":"E80505","type":"episode","position":3,"title":"","description":"De alleenstaande moeder Laura kreeg een persoonlijk berichtje van een bekende Australische acteur. Maar achter de profielfoto ging een onbekende crimineel schuil die haar duizenden euro's afhandig maakte. Kees achterhaalt waar hij woont en laat Laura de confrontatie aangaan met haar oplichter.","still":"https:\/\/img-opt.cdn.smartvod.com\/smartvod\/images\/videoland\/data\/images\/q\/x\/5f944d3c2ff1c_[format].jpg","runtime":2511,"editions":{"hd":{"price":0}},"is_downloadable":true},"E81155":{"id":81155,"ref":"E81155","type":"episode","position":4,"title":"","description":"Influencers als Bram Krikke en Maradonnie worden er stapelgek van: seksbots. Nepprofielen van hitsige dames die je meelokken naar louche datingsites. Wie zitten hierachter? Kees en een geheime bron starten een onderzoek en komen uit bij enkele Nederlandse bedrijven.","still":"https:\/\/img-opt.cdn.smartvod.com\/smartvod\/images\/videoland\/data\/images\/y\/z\/5f9fc70e98c00_[format].jpg","runtime":2634,"editions":{"hd":{"price":0}},"is_downloadable":true},"E85960":{"id":85960,"ref":"E85960","type":"episode","position":5,"title":"","description":"Kees en zijn team komen in contact met twee mannen die voor zes ton zijn bestolen door een jeugdvriend. Deze jeugdvriend blijkt een van de grootste en bekendste oplichters van Nederland te zijn. Hij staat zelfs internationaal gesignaleerd, omdat hij nog vierenhalf jaar celstraf moet uitzitten. Samen met een priv\u00e9detective ontdekt Kees dat de crimineel onder valse naam aan de Spaanse Costa huisjes verhuurt.","still":"https:\/\/img-opt.cdn.smartvod.com\/smartvod\/images\/videoland\/data\/images\/y\/4\/6144b31885a39_[format].jpg","runtime":2562,"editions":{"hd":{"price":0}},"is_downloadable":true},"E85961":{"id":85961,"ref":"E85961","type":"episode","position":6,"title":"","description":"Het ongelooflijke verslag van een speurtocht door Itali\u00eb en Centraal-Afrika naar een oplichter die websites van Nederlandse ondernemers kopieert en hen zo ernstig dupeert. Kees en zijn team ontdekken dat het gaat om een zeer invloedrijke dader: een beroemde Afrikaanse profeet die uitverkochte voetbalstadions in vervoering brengt, en die bescherming geniet van hoge overheidsfunctionarissen.","still":"https:\/\/img-opt.cdn.smartvod.com\/smartvod\/images\/videoland\/data\/images\/v\/s\/60827d7af4094_[format].jpg","runtime":2549,"editions":{"hd":{"price":0}},"is_downloadable":true},"E85962":{"id":85962,"ref":"E85962","type":"episode","position":7,"title":"","description":"In deze special op dodenherdenking gaat Kees op zoek naar de identiteit van een onbekende man die in 1995 levenloos werd aangetroffen langs de ring A10 in Amsterdam. Hij werd destijds anoniem begraven. Zou het na een kwart eeuw nog mogelijk zijn om DNA uit zijn resten te isoleren? Een speurtocht leidt naar een vrouw in Limburg die al heel erg lang haar vader zoekt.","still":"https:\/\/img-opt.cdn.smartvod.com\/smartvod\/images\/videoland\/data\/images\/4\/6\/6091581514db4_[format].jpg","runtime":2352,"editions":{"hd":{"price":0}},"is_downloadable":true}}}