{"id":500268,"ref":"S500268","type":"series","title":"Spitsbroers","year":2015,"rating":4,"poster":"https:\/\/img-opt.cdn.smartvod.com\/smartvod\/images\/videoland\/data\/images\/9\/g\/5e17b14926322_[format].jpg","still":"https:\/\/img-opt.cdn.smartvod.com\/smartvod\/images\/videoland\/data\/images\/s\/g\/5e1d79b62e3f5_[format].jpg","cast":{"actors":["Joren Seldeslachts","Kris Cuppens","Oscar Willems"]},"genres":["Drama"],"refs":["SN3185","SN3186"],"is_adult":false,"is_kids":false,"is_available":true,"description":"De broers Dennis en Alan Moerman voetballen samen bij vierdeklasser Genk VV en dromen allebei van een carri\u00e8re als profvoetballer. Maar terwijl de ene een profcontract krijgt bij het grote KRC Genk en kan genieten van een leven vol glamour en glitter, krijgt de andere tegen alle verwachtingen in nergens een contract aangeboden.","nicam":{"12":"Mogelijk schadelijk tot 12 jaar","taalgebruik":"Grof Taalgebruik"},"language":"nl","language_full":"Nederlands","details":{"SN3185":{"id":3185,"ref":"SN3185","type":"season","title":"1","position":1},"SN3186":{"id":3186,"ref":"SN3186","type":"season","title":"2","position":2,"refs":["E71873","E71875","E71870","E71868","E71874","E71872","E71871","E71876","E71877","E71869"]},"E71873":{"id":71873,"ref":"E71873","type":"episode","position":1,"title":"","description":"De broers Dennis en Alan Moerman voetballen samen bij vierdeklasser Genk VV en dromen allebei van een carri\u00e8re als profvoetballer. Maar terwijl de ene een profcontract krijgt bij het grote KRC Genk en kan genieten van een leven vol glamour en glitter, krijgt de andere tegen alle verwachtingen in nergens een contract aangeboden.","still":"https:\/\/img-opt.cdn.smartvod.com\/smartvod\/images\/videoland\/data\/images\/s\/g\/5e1d79b62e3f5_[format].jpg","runtime":3064,"editions":{"hd":{"price":0}},"is_downloadable":true},"E71875":{"id":71875,"ref":"E71875","type":"episode","position":2,"title":"","description":"De broers Dennis en Alan Moerman voetballen samen bij vierdeklasser Genk VV en dromen allebei van een carri\u00e8re als profvoetballer. Maar terwijl de ene een profcontract krijgt bij het grote KRC Genk en kan genieten van een leven vol glamour en glitter, krijgt de andere tegen alle verwachtingen in nergens een contract aangeboden.","still":"https:\/\/img-opt.cdn.smartvod.com\/smartvod\/images\/videoland\/data\/images\/4\/i\/5e1d79b8e82fa_[format].jpg","runtime":3152,"editions":{"hd":{"price":0}},"is_downloadable":true},"E71870":{"id":71870,"ref":"E71870","type":"episode","position":3,"title":"","description":"De broers Dennis en Alan Moerman voetballen samen bij vierdeklasser Genk VV en dromen allebei van een carri\u00e8re als profvoetballer. Maar terwijl de ene een profcontract krijgt bij het grote KRC Genk en kan genieten van een leven vol glamour en glitter, krijgt de andere tegen alle verwachtingen in nergens een contract aangeboden.","still":"https:\/\/img-opt.cdn.smartvod.com\/smartvod\/images\/videoland\/data\/images\/t\/g\/5e1d78b5abb45_[format].jpg","runtime":3132,"editions":{"hd":{"price":0}},"is_downloadable":true},"E71868":{"id":71868,"ref":"E71868","type":"episode","position":4,"title":"","description":"De broers Dennis en Alan Moerman voetballen samen bij vierdeklasser Genk VV en dromen allebei van een carri\u00e8re als profvoetballer. Maar terwijl de ene een profcontract krijgt bij het grote KRC Genk en kan genieten van een leven vol glamour en glitter, krijgt de andere tegen alle verwachtingen in nergens een contract aangeboden.","still":"https:\/\/img-opt.cdn.smartvod.com\/smartvod\/images\/videoland\/data\/images\/5\/o\/5e1d78ad80a21_[format].jpg","runtime":3176,"editions":{"hd":{"price":0}},"is_downloadable":true},"E71874":{"id":71874,"ref":"E71874","type":"episode","position":5,"title":"","description":"De broers Dennis en Alan Moerman voetballen samen bij vierdeklasser Genk VV en dromen allebei van een carri\u00e8re als profvoetballer. Maar terwijl de ene een profcontract krijgt bij het grote KRC Genk en kan genieten van een leven vol glamour en glitter, krijgt de andere tegen alle verwachtingen in nergens een contract aangeboden.","still":"https:\/\/img-opt.cdn.smartvod.com\/smartvod\/images\/videoland\/data\/images\/1\/5\/5e1d79bbb3da9_[format].jpg","runtime":3144,"editions":{"hd":{"price":0}},"is_downloadable":true},"E71872":{"id":71872,"ref":"E71872","type":"episode","position":6,"title":"","description":"De broers Dennis en Alan Moerman voetballen samen bij vierdeklasser Genk VV en dromen allebei van een carri\u00e8re als profvoetballer. Maar terwijl de ene een profcontract krijgt bij het grote KRC Genk en kan genieten van een leven vol glamour en glitter, krijgt de andere tegen alle verwachtingen in nergens een contract aangeboden.","still":"https:\/\/img-opt.cdn.smartvod.com\/smartvod\/images\/videoland\/data\/images\/b\/y\/5e1d79b34a356_[format].jpg","runtime":3370,"editions":{"hd":{"price":0}},"is_downloadable":true},"E71871":{"id":71871,"ref":"E71871","type":"episode","position":7,"title":"","description":"De broers Dennis en Alan Moerman voetballen samen bij vierdeklasser Genk VV en dromen allebei van een carri\u00e8re als profvoetballer. Maar terwijl de ene een profcontract krijgt bij het grote KRC Genk en kan genieten van een leven vol glamour en glitter, krijgt de andere tegen alle verwachtingen in nergens een contract aangeboden.","still":"https:\/\/img-opt.cdn.smartvod.com\/smartvod\/images\/videoland\/data\/images\/n\/o\/5e1d78b04322a_[format].jpg","runtime":3452,"editions":{"hd":{"price":0}},"is_downloadable":true},"E71876":{"id":71876,"ref":"E71876","type":"episode","position":8,"title":"","description":"De broers Dennis en Alan Moerman voetballen samen bij vierdeklasser Genk VV en dromen allebei van een carri\u00e8re als profvoetballer. Maar terwijl de ene een profcontract krijgt bij het grote KRC Genk en kan genieten van een leven vol glamour en glitter, krijgt de andere tegen alle verwachtingen in nergens een contract aangeboden.","still":"https:\/\/img-opt.cdn.smartvod.com\/smartvod\/images\/videoland\/data\/images\/c\/8\/5e1d788e1fbd6_[format].jpg","runtime":3125,"editions":{"hd":{"price":0}},"is_downloadable":true},"E71877":{"id":71877,"ref":"E71877","type":"episode","position":9,"title":"","description":"De broers Dennis en Alan Moerman voetballen samen bij vierdeklasser Genk VV en dromen allebei van een carri\u00e8re als profvoetballer. Maar terwijl de ene een profcontract krijgt bij het grote KRC Genk en kan genieten van een leven vol glamour en glitter, krijgt de andere tegen alle verwachtingen in nergens een contract aangeboden.","still":"https:\/\/img-opt.cdn.smartvod.com\/smartvod\/images\/videoland\/data\/images\/x\/v\/5e1d7adf70777_[format].jpg","runtime":3094,"editions":{"hd":{"price":0}},"is_downloadable":true},"E71869":{"id":71869,"ref":"E71869","type":"episode","position":10,"title":"","description":"De broers Dennis en Alan Moerman voetballen samen bij vierdeklasser Genk VV en dromen allebei van een carri\u00e8re als profvoetballer. Maar terwijl de ene een profcontract krijgt bij het grote KRC Genk en kan genieten van een leven vol glamour en glitter, krijgt de andere tegen alle verwachtingen in nergens een contract aangeboden.","still":"https:\/\/img-opt.cdn.smartvod.com\/smartvod\/images\/videoland\/data\/images\/f\/z\/5e1d78b2de6ac_[format].jpg","runtime":3027,"editions":{"hd":{"price":0}},"is_downloadable":true}}}