{"id":500635,"ref":"S500635","type":"series","title":"Life Is Beautiful","year":2022,"rating":4,"poster":"https:\/\/img-opt.cdn.smartvod.com\/smartvod\/images\/videoland\/data\/images\/q\/o\/604e44bf19142_[format].jpg","still":"https:\/\/img-opt.cdn.smartvod.com\/smartvod\/images\/videoland\/data\/images\/l\/0\/630c86617a470_[format].jpg","cast":{},"genres":["Lifestyle"],"refs":["SN4150","SN4285","SN4447","SN4736","SN5046","SN5170"],"is_adult":false,"is_kids":false,"is_available":true,"description":"Lifestyleprogramma voor de moderne man of vrouw die wil genieten van bereikbare luxe. Thuis, onderweg of waar ook ter wereld.","nicam":{"al":"Alle leeftijden"},"language":"nl","language_full":"Nederlands","details":{"SN4150":{"id":4150,"ref":"SN4150","type":"season","title":"22","position":22},"SN4285":{"id":4285,"ref":"SN4285","type":"season","title":"23","position":23},"SN4447":{"id":4447,"ref":"SN4447","type":"season","title":"24","position":24,"refs":["E90287","E90289","E90286","E90288","E90554","E90896","E91209","E91375","E91609","E91868","E92195","E92164","E92604","E92810","E93470","E93584","E93937"]},"SN4736":{"id":4736,"ref":"SN4736","type":"season","title":"25","position":25},"SN5046":{"id":5046,"ref":"SN5046","type":"season","title":"26","position":26},"SN5170":{"id":5170,"ref":"SN5170","type":"season","title":"27","position":27},"E90287":{"id":90287,"ref":"E90287","type":"episode","position":1,"title":"","description":"Lifestyleprogramma voor de moderne man of vrouw die wil genieten van bereikbare luxe. Thuis, onderweg of waar ook ter wereld.","still":"https:\/\/img-opt.cdn.smartvod.com\/smartvod\/images\/videoland\/data\/images\/0\/d\/6131ccaa9d9e7_[format].jpg","runtime":1380,"editions":{"hd":{"price":0}},"is_downloadable":false},"E90289":{"id":90289,"ref":"E90289","type":"episode","position":2,"title":"","description":"Lifestyleprogramma voor de moderne man of vrouw die wil genieten van bereikbare luxe. Thuis, onderweg of waar ook ter wereld.","still":"https:\/\/img-opt.cdn.smartvod.com\/smartvod\/images\/videoland\/data\/images\/v\/9\/6131e79c30b57_[format].jpg","runtime":1320,"editions":{"hd":{"price":0}},"is_downloadable":false},"E90286":{"id":90286,"ref":"E90286","type":"episode","position":3,"title":"","description":"Lifestyleprogramma voor de moderne man of vrouw die wil genieten van bereikbare luxe. Thuis, onderweg of waar ook ter wereld.","still":"https:\/\/img-opt.cdn.smartvod.com\/smartvod\/images\/videoland\/data\/images\/i\/2\/617a9d06b6b94_[format].jpg","runtime":1320,"editions":{"hd":{"price":0}},"is_downloadable":false},"E90288":{"id":90288,"ref":"E90288","type":"episode","position":4,"title":"","description":"Lifestyleprogramma voor de moderne man of vrouw die wil genieten van bereikbare luxe. Thuis, onderweg of waar ook ter wereld.","still":"https:\/\/img-opt.cdn.smartvod.com\/smartvod\/images\/videoland\/data\/images\/d\/h\/61447703703b1_[format].jpg","runtime":1320,"editions":{"hd":{"price":0}},"is_downloadable":false},"E90554":{"id":90554,"ref":"E90554","type":"episode","position":5,"title":"","description":"Lifestyleprogramma voor de moderne man of vrouw die wil genieten van bereikbare luxe. Thuis, onderweg of waar ook ter wereld.","still":"https:\/\/img-opt.cdn.smartvod.com\/smartvod\/images\/videoland\/data\/images\/i\/b\/614dd72b991b8_[format].jpg","runtime":1320,"editions":{"hd":{"price":0}},"is_downloadable":false},"E90896":{"id":90896,"ref":"E90896","type":"episode","position":6,"title":"","description":"Lifestyleprogramma voor de moderne man of vrouw die wil genieten van bereikbare luxe. Thuis, onderweg of waar ook ter wereld.","still":"https:\/\/img-opt.cdn.smartvod.com\/smartvod\/images\/videoland\/data\/images\/i\/r\/615ae35d34a50_[format].jpg","runtime":1200,"editions":{"hd":{"price":0}},"is_downloadable":false},"E91209":{"id":91209,"ref":"E91209","type":"episode","position":7,"title":"","description":"Lifestyleprogramma voor de moderne man of vrouw die wil genieten van bereikbare luxe. Thuis, onderweg of waar ook ter wereld.","still":"https:\/\/img-opt.cdn.smartvod.com\/smartvod\/images\/videoland\/data\/images\/o\/l\/6164931717c16_[format].jpg","runtime":1200,"editions":{"hd":{"price":0}},"is_downloadable":false},"E91375":{"id":91375,"ref":"E91375","type":"episode","position":8,"title":"","description":"Lifestyleprogramma voor de moderne man of vrouw die wil genieten van bereikbare luxe. Thuis, onderweg of waar ook ter wereld.","still":"https:\/\/img-opt.cdn.smartvod.com\/smartvod\/images\/videoland\/data\/images\/i\/z\/6168462179267_[format].jpg","runtime":1320,"editions":{"hd":{"price":0}},"is_downloadable":false},"E91609":{"id":91609,"ref":"E91609","type":"episode","position":9,"title":"","description":"Lifestyleprogramma voor de moderne man of vrouw die wil genieten van bereikbare luxe. Thuis, onderweg of waar ook ter wereld.","still":"https:\/\/img-opt.cdn.smartvod.com\/smartvod\/images\/videoland\/data\/images\/5\/p\/61714644a1567_[format].jpg","runtime":1320,"editions":{"hd":{"price":0}},"is_downloadable":false},"E91868":{"id":91868,"ref":"E91868","type":"episode","position":10,"title":"","description":"Lifestyleprogramma voor de moderne man of vrouw die wil genieten van bereikbare luxe. Thuis, onderweg of waar ook ter wereld.","still":"https:\/\/img-opt.cdn.smartvod.com\/smartvod\/images\/videoland\/data\/images\/p\/u\/617ab8a4bfabc_[format].jpg","runtime":1320,"editions":{"hd":{"price":0}},"is_downloadable":false},"E92195":{"id":92195,"ref":"E92195","type":"episode","position":11,"title":"","description":"Lifestyleprogramma voor de moderne man of vrouw die wil genieten van bereikbare luxe. Thuis, onderweg of waar ook ter wereld.","still":"https:\/\/img-opt.cdn.smartvod.com\/smartvod\/images\/videoland\/data\/images\/m\/u\/6182873e090c4_[format].jpg","runtime":1320,"editions":{"hd":{"price":0}},"is_downloadable":false},"E92164":{"id":92164,"ref":"E92164","type":"episode","position":12,"title":"","description":"Lifestyleprogramma voor de moderne man of vrouw die wil genieten van bereikbare luxe. Thuis, onderweg of waar ook ter wereld.","still":"https:\/\/img-opt.cdn.smartvod.com\/smartvod\/images\/videoland\/data\/images\/9\/j\/61829ba51b07a_[format].jpg","runtime":1320,"editions":{"hd":{"price":0}},"is_downloadable":false},"E92604":{"id":92604,"ref":"E92604","type":"episode","position":13,"title":"","description":"Lifestyleprogramma voor de moderne man of vrouw die wil genieten van bereikbare luxe. Thuis, onderweg of waar ook ter wereld.","still":"https:\/\/img-opt.cdn.smartvod.com\/smartvod\/images\/videoland\/data\/images\/i\/x\/619379c2970cb_[format].jpg","runtime":1320,"editions":{"hd":{"price":0}},"is_downloadable":false},"E92810":{"id":92810,"ref":"E92810","type":"episode","position":14,"title":"","description":"Lifestyleprogramma voor de moderne man of vrouw die wil genieten van bereikbare luxe. Thuis, onderweg of waar ook ter wereld.","still":"https:\/\/img-opt.cdn.smartvod.com\/smartvod\/images\/videoland\/data\/images\/o\/2\/61a66b5bcac4b_[format].jpg","runtime":1320,"editions":{"hd":{"price":0}},"is_downloadable":false},"E93470":{"id":93470,"ref":"E93470","type":"episode","position":16,"title":"","description":"Lifestyleprogramma voor de moderne man of vrouw die wil genieten van bereikbare luxe. Thuis, onderweg of waar ook ter wereld.","still":"https:\/\/img-opt.cdn.smartvod.com\/smartvod\/images\/videoland\/data\/images\/l\/d\/61b5c607579b6_[format].jpg","runtime":1320,"editions":{"hd":{"price":0}},"is_downloadable":false},"E93584":{"id":93584,"ref":"E93584","type":"episode","position":17,"title":"","description":"Lifestyleprogramma voor de moderne man of vrouw die wil genieten van bereikbare luxe. Thuis, onderweg of waar ook ter wereld.","still":"https:\/\/img-opt.cdn.smartvod.com\/smartvod\/images\/videoland\/data\/images\/x\/h\/61b3730318c3f_[format].jpg","runtime":1320,"editions":{"hd":{"price":0}},"is_downloadable":false},"E93937":{"id":93937,"ref":"E93937","type":"episode","position":18,"title":"","description":"Lifestyleprogramma voor de moderne man of vrouw die wil genieten van bereikbare luxe. Thuis, onderweg of waar ook ter wereld.","still":"https:\/\/img-opt.cdn.smartvod.com\/smartvod\/images\/videoland\/data\/images\/0\/1\/61c9d9af05dea_[format].jpg","runtime":1320,"editions":{"hd":{"price":0}},"is_downloadable":false}}}