{"id":500928,"ref":"S500928","type":"series","title":"Chateau Planckaert","year":2021,"rating":4,"poster":"https:\/\/img-opt.cdn.smartvod.com\/smartvod\/images\/videoland\/data\/images\/n\/v\/6294ccd6dd6ae_[format].jpg","still":"https:\/\/img-opt.cdn.smartvod.com\/smartvod\/images\/videoland\/data\/images\/p\/v\/6298b484c5e70_[format].jpg","cast":{"actors":["Eddy Planckaert","Christa Planckaert"]},"genres":[],"refs":["SN4986","SN5004"],"is_adult":false,"is_kids":false,"is_available":true,"description":"Voormalig profwielrenner Eddy Planckaert en zijn familie gaan een avontuurlijke uitdaging aan om van een verwaarloosd kasteel in Frankrijk een mooie chambre d'h\u00f4te te maken.","nicam":{"9":"Mogelijk schadelijk tot 9 jaar","angst":"Angst","taalgebruik":"Grof Taalgebruik"},"language":"nl","language_full":"Nederlands","details":{"SN4986":{"id":4986,"ref":"SN4986","type":"season","title":"1","position":1},"SN5004":{"id":5004,"ref":"SN5004","type":"season","title":"2","position":2,"refs":["E99277","E99285","E99283","E99280","E99289","E99281","E99278","E99284","E99288","E99279","E99282","E99286","E99276","E99287","E99290"]},"E99277":{"id":99277,"ref":"E99277","type":"episode","position":1,"title":"","description":"Corona heeft roet in het eten gegooid wat betreft de bouwplannen van het kasteel. De familie neemt de moeilijke beslissing om zich op te splitsen. De mannen trekken zonder hun gezinnen naar Frankrijk om de renovatie van hun kasteel te vervolgen. Stephanie en Christa zorgen ondertussen vol toewijding voor m\u00e9m\u00e9 Clara.","still":"https:\/\/img-opt.cdn.smartvod.com\/smartvod\/images\/videoland\/data\/images\/t\/c\/62b581c300f99_[format].jpg","runtime":2086,"editions":{"hd":{"price":0}},"is_downloadable":true},"E99285":{"id":99285,"ref":"E99285","type":"episode","position":2,"title":"","description":"De scheiding van de familie begint zijn tol te eisen. Terwijl de mannen volop doorwerken aan het kasteel in Frankrijk, runnen Stephanie en Magali hun gezinsleven en de chambres d'h\u00f4tes. De kinderen missen hun vaders verschrikkelijk en kunnen hun geluk niet op als ze weer thuiskomen.","still":"https:\/\/img-opt.cdn.smartvod.com\/smartvod\/images\/videoland\/data\/images\/y\/4\/62b5af76f0e18_[format].jpg","runtime":2180,"editions":{"hd":{"price":0}},"is_downloadable":true},"E99283":{"id":99283,"ref":"E99283","type":"episode","position":3,"title":"","description":"De familie moet belangrijke knopen doorhakken. Hoe gaat de toekomst van de kinderen eruitzien in Frankrijk? Niet iedereen staat te springen om in Frankrijk naar school te gaan. Chef Martijn en zijn vrouw Virginie willen de chambres d'h\u00f4tes in de Ardennen gaan managen en worden getest tijdens een volgeboekt weekend. Junior doet mee aan het examen om racepiloot te worden.","still":"https:\/\/img-opt.cdn.smartvod.com\/smartvod\/images\/videoland\/data\/images\/q\/m\/62b5ae62e84d7_[format].jpg","runtime":2267,"editions":{"hd":{"price":0}},"is_downloadable":true},"E99280":{"id":99280,"ref":"E99280","type":"episode","position":4,"title":"","description":"Het bezoek aan de toekomstige school in Frankrijk doet Magali en Stephanie nadenken over de grote levensveranderingen voor hun kinderen. De nieuwste wielergeneratie Planckaert, Devon en Mageno, menen het serieus met de wielersport en gaan trainen met hun vaders.","still":"https:\/\/img-opt.cdn.smartvod.com\/smartvod\/images\/videoland\/data\/images\/8\/o\/62bf17b77fd22_[format].jpg","runtime":2163,"editions":{"hd":{"price":0}},"is_downloadable":true},"E99289":{"id":99289,"ref":"E99289","type":"episode","position":5,"title":"","description":"Christopher en Francesco starten met de langverwachte bouw van de kasteeltorens in Frankrijk. Onder leiding van Devon maken de vrouwen en kinderen zelf meubels en ze bereiden het familieverblijf voor op de verhuizing. Wanneer iedereen terug in Belgi\u00eb is, slaat het noodlot toe:  Junior komt zwaar ten val met zijn motor en moet met spoed geopereerd worden.","still":"https:\/\/img-opt.cdn.smartvod.com\/smartvod\/images\/videoland\/data\/images\/z\/7\/62c05d754f39f_[format].jpg","runtime":2535,"editions":{"hd":{"price":0}},"is_downloadable":true},"E99281":{"id":99281,"ref":"E99281","type":"episode","position":6,"title":"","description":"Junior zit in zak en as en Iluna inspecteert haar nieuwe school in Frankrijk. Intussen wordt de vervallen serre nieuw leven ingeblazen. De kinderen steken de handen uit de mouwen voor hun clubhuis. Christopher en Francesco starten aan de bouw van de beruchte uilenkotjes, maar doen eerst een vreemde ontdekking in hun kraanmachine.","still":"https:\/\/img-opt.cdn.smartvod.com\/smartvod\/images\/videoland\/data\/images\/j\/h\/62c05d734378f_[format].jpg","runtime":2190,"editions":{"hd":{"price":0}},"is_downloadable":true},"E99278":{"id":99278,"ref":"E99278","type":"episode","position":7,"title":"","description":"Mageno en Devon zetten de eerste stappen in hun wielercarri\u00e8re en gaan langs bij een sportdokter. De conditie van Mageno wordt al meteen op de proef gesteld bij zijn allereerste koers in Belgi\u00eb. Voor Eddy en Christa lijkt een verhuizing naar Frankrijk er nog niet meteen in te zitten.","still":"https:\/\/img-opt.cdn.smartvod.com\/smartvod\/images\/videoland\/data\/images\/q\/9\/62c7f92aab1dd_[format].jpg","runtime":2236,"editions":{"hd":{"price":0}},"is_downloadable":true},"E99284":{"id":99284,"ref":"E99284","type":"episode","position":8,"title":"","description":"De Planckaerts krijgen onverwacht hoog bezoek op het kasteel. Mageno traint samen met zijn vader voor zijn eerste koers op Franse bodem en maakt de wedstrijd voor zijn supporters wel erg spannend. Terwijl Christopher en Francesco voor een uitdaging staan met de schouwen in het kasteel, rekenen Stephanie en Magali af met een drukke zomerplanning.","still":"https:\/\/img-opt.cdn.smartvod.com\/smartvod\/images\/videoland\/data\/images\/3\/r\/62c80025462d1_[format].jpg","runtime":2103,"editions":{"hd":{"price":0}},"is_downloadable":true},"E99288":{"id":99288,"ref":"E99288","type":"episode","position":9,"title":"","description":"Eddy, Christa, Junior en m\u00e9m\u00e9 Clara keren na maanden afwezigheid weer terug naar Frankrijk. Francesco en Christopher krijgen hulp bij de werken aan het kasteel. Magali, Stephanie en Noa steken de handen uit de mouwen en worden ingewijd in de wondere wereld van het pottenbakken.","still":"https:\/\/img-opt.cdn.smartvod.com\/smartvod\/images\/videoland\/data\/images\/i\/y\/62c7fefd33e5e_[format].jpg","runtime":2231,"editions":{"hd":{"price":0}},"is_downloadable":true},"E99279":{"id":99279,"ref":"E99279","type":"episode","position":10,"title":"","description":"In Frankrijk zijn de Planckaerts weer compleet. Eddy en Christa ontdekken de voortgang van de werken aan het kasteel en de opgeknapte serre. De vrouwen zijn het kamperen beu. Op het kasteel hebben de mannen af te rekenen met een ongenode gast. Christa wordt getrakteerd op een shoppinguitje in Moulins.","still":"https:\/\/img-opt.cdn.smartvod.com\/smartvod\/images\/videoland\/data\/images\/z\/o\/62d2e2e95fa03_[format].jpg","runtime":2110,"editions":{"hd":{"price":0}},"is_downloadable":true},"E99282":{"id":99282,"ref":"E99282","type":"episode","position":11,"title":"","description":"Na een werkvakantie is de familie even terug in Belgi\u00eb, want Devon moet onder het mes. In de chambres d'h\u00f4tes in de Ardennen moeten Francesco en Christopher een aantal dringende klusjes opknappen. Het wordt de familie hoe langer hoe meer duidelijk dat de combinatie van het kasteel in Frankrijk en het runnen van de chambres d'h\u00f4tes in Belgi\u00eb niet meer houdbaar is.","still":"https:\/\/img-opt.cdn.smartvod.com\/smartvod\/images\/videoland\/data\/images\/p\/t\/62d2e2eba239e_[format].jpg","runtime":2151,"editions":{"hd":{"price":0}},"is_downloadable":true},"E99286":{"id":99286,"ref":"E99286","type":"episode","position":12,"title":"","description":"De zomervakantie is voorbij en de familie maakt zich klaar voor een langdurig verblijf in Frankrijk. Alles wordt in gereedheid gebracht om er enkele maanden te werken en te wonen. De kinderen bereiden zich voor op een nieuw schooljaar en dat is voor jong en oud bijzonder spannend.","still":"https:\/\/img-opt.cdn.smartvod.com\/smartvod\/images\/videoland\/data\/images\/i\/x\/62d2e1bb8e42c_[format].jpg","runtime":2148,"editions":{"hd":{"price":0}},"is_downloadable":true},"E99276":{"id":99276,"ref":"E99276","type":"episode","position":13,"title":"","description":"Langzaam maar zeker installeren de Planckaerts zich voor een aantal maanden in Frankrijk. Terwijl de kinderen helemaal klaar zijn voor hun eerste online lessen thuis, zetten de mannen grote stappen in de renovatiewerken aan het kasteel. Junior gaat met rasse schreden vooruit en mag voor het eerst na zijn motorongeval weer racen.","still":"https:\/\/img-opt.cdn.smartvod.com\/smartvod\/images\/videoland\/data\/images\/b\/4\/62daa54974918_[format].jpg","runtime":2102,"editions":{"hd":{"price":0}},"is_downloadable":true},"E99287":{"id":99287,"ref":"E99287","type":"episode","position":14,"title":"","description":"M\u00e9m\u00e9 Clara wordt 95! Terwijl de kinderen op stap gaan in het dorp, genieten de ouders van wat tijd samen. Francesco en Magali bakken hun eerste potje en Christopher en Stephanie beleven een innig moment tijdens de renovatiewerken. Devon mag voor het eerst na zijn operatie weer fietsen.","still":"https:\/\/img-opt.cdn.smartvod.com\/smartvod\/images\/videoland\/data\/images\/y\/0\/62daa663a9833_[format].jpg","runtime":2146,"editions":{"hd":{"price":0}},"is_downloadable":true},"E99290":{"id":99290,"ref":"E99290","type":"episode","position":15,"title":"","description":"De Planckaerts wijden het kasteel in met een gezellig en warm Breugelfeest. De organisatie verloopt op z'n Planckaerts: gezellig, druk en met de nodige obstakels. Als klap op de vuurpijl zorgen Francesco en Christopher nog voor een verrassing.","still":"https:\/\/img-opt.cdn.smartvod.com\/smartvod\/images\/videoland\/data\/images\/v\/g\/62de77b62e759_[format].jpg","runtime":2179,"editions":{"hd":{"price":0}},"is_downloadable":true}}}