{"id":500824,"ref":"S500824","type":"series","title":"Gomorra","year":2018,"rating":4,"poster":"https:\/\/img-opt.cdn.smartvod.com\/smartvod\/images\/videoland\/data\/images\/q\/e\/61c1c3f6f0565_[format].jpg","still":"https:\/\/img-opt.cdn.smartvod.com\/smartvod\/images\/videoland\/data\/images\/n\/v\/623596488f402_[format].jpg","cast":{"actors":["Salvatore Esposito","Marco D'Amore","Ivana Lotito","Cristiana Dell'Anna"]},"genres":[],"refs":["SN4704","SN4714","SN4713","SN4715"],"is_adult":false,"is_kids":false,"is_available":true,"description":"De jonge Ciro Di Marzio is de trouwe rechterhand van de Napolitaanse godfather Pietro Savastano. Als Pietro bij een nutteloze wraakactie meerdere leden van zijn eigen clan opoffert, breekt er iets in Ciro. Hij heeft geen vertrouwen meer in zijn godfather en besluit zich tegen hem te keren.","nicam":{"16":"Mogelijk schadelijk tot 16 jaar","geweld":"Geweld","angst":"Angst","taalgebruik":"Grof Taalgebruik","drugs":"Drugs en\/of alcohol gebruik"},"language":"it","language_full":"Italiaans","details":{"SN4704":{"id":4704,"ref":"SN4704","type":"season","title":"1","position":1},"SN4714":{"id":4714,"ref":"SN4714","type":"season","title":"2","position":2},"SN4713":{"id":4713,"ref":"SN4713","type":"season","title":"3","position":3},"SN4715":{"id":4715,"ref":"SN4715","type":"season","title":"4","position":4,"refs":["E94218","E94231","E94220","E94222","E94226","E94227","E94233","E94229","E94237","E94224","E94236","E94235"]},"E94218":{"id":94218,"ref":"E94218","type":"episode","position":1,"title":"","description":"Na de dood van een metgezel slaat Genny op de vlucht. Hij probeert een deal met de Levante-clan te sluiten om gezamenlijk keihard terug te slaan.","still":"https:\/\/img-opt.cdn.smartvod.com\/smartvod\/images\/videoland\/data\/images\/3\/d\/61e17c0931c10_[format].jpeg","runtime":3067,"editions":{"hd":{"price":0}},"is_downloadable":true},"E94231":{"id":94231,"ref":"E94231","type":"episode","position":2,"title":"","description":"Genny's wil een eerlijk bestaan opbouwen en integreren in het welvarende Napels. Door zijn gewelddadige verleden achter zich te laten, hoopt hij zijn zoon een normaal leven te kunnen bieden.","still":"https:\/\/img-opt.cdn.smartvod.com\/smartvod\/images\/videoland\/data\/images\/l\/u\/61e17c0edfcff_[format].jpeg","runtime":2701,"editions":{"hd":{"price":0}},"is_downloadable":true},"E94220":{"id":94220,"ref":"E94220","type":"episode","position":3,"title":"","description":"Genny heeft de criminaliteit achter zich gelaten. Patrizia heeft de coca\u00efnehandel in handen en levert aan de belangrijkste families in Napels. Een geheim verbindt haar lot aan dat van de Levante-clan.","still":"https:\/\/img-opt.cdn.smartvod.com\/smartvod\/images\/videoland\/data\/images\/v\/d\/61e17c0ab0c56_[format].jpeg","runtime":2718,"editions":{"hd":{"price":0}},"is_downloadable":true},"E94222":{"id":94222,"ref":"E94222","type":"episode","position":4,"title":"","description":"Genny reist af naar Londen voor een belangrijke zakelijke deal. Door een onverwachte gebeurtenis wordt hij geconfronteerd met demonen uit zijn verleden.","still":"https:\/\/img-opt.cdn.smartvod.com\/smartvod\/images\/videoland\/data\/images\/p\/4\/61e17c0c2aca0_[format].jpeg","runtime":2612,"editions":{"hd":{"price":0}},"is_downloadable":true},"E94226":{"id":94226,"ref":"E94226","type":"episode","position":5,"title":"","description":"De politie neemt een omvangrijke lading coca\u00efne in beslag. De vrede tussen de verschillende clans komt hierdoor in gevaar. Patrizia moet alle zeilen bijzetten om een nieuwe oorlog te voorkomen.","still":"https:\/\/img-opt.cdn.smartvod.com\/smartvod\/images\/videoland\/data\/images\/r\/d\/61e17c162525a_[format].jpeg","runtime":2581,"editions":{"hd":{"price":0}},"is_downloadable":true},"E94227":{"id":94227,"ref":"E94227","type":"episode","position":6,"title":"","description":"Na de inbeslagname van de drugs voelt Nicola dat hij het vertrouwen van Patrizia heeft verloren. Hij probeert te achterhalen wie de verrader is, maar overziet niet wat voor machtsspel er wordt gespeeld.","still":"https:\/\/img-opt.cdn.smartvod.com\/smartvod\/images\/videoland\/data\/images\/b\/k\/61e17c14981c4_[format].jpeg","runtime":2819,"editions":{"hd":{"price":0}},"is_downloadable":true},"E94233":{"id":94233,"ref":"E94233","type":"episode","position":7,"title":"","description":"Het lange wachten op een nieuwe lading drugs dwingt clans om alternatieve manieren te vinden om te overleven. Enzo probeert te bewijzen dat hij een echte leider is.","still":"https:\/\/img-opt.cdn.smartvod.com\/smartvod\/images\/videoland\/data\/images\/5\/r\/61e17c1084385_[format].jpeg","runtime":2566,"editions":{"hd":{"price":0}},"is_downloadable":true},"E94229":{"id":94229,"ref":"E94229","type":"episode","position":8,"title":"","description":"Tijdens de bouw van de luchthaven wordt een massagraf ontdekt. Genny's nieuwe bedrijf komt hierdoor op negatieve wijze in de schijnwerpers te staan en het hele project lijkt te mislukken.","still":"https:\/\/img-opt.cdn.smartvod.com\/smartvod\/images\/videoland\/data\/images\/6\/7\/61e17c11dfa30_[format].jpeg","runtime":2489,"editions":{"hd":{"price":0}},"is_downloadable":true},"E94237":{"id":94237,"ref":"E94237","type":"episode","position":9,"title":"","description":"De Capaccos willen Forcella veroveren en slaan keihard toe. Enzo raakt steeds verder ge\u00efsoleerd en dreigt niet alleen zijn buurt, maar ook de loyaliteit van zijn mannen te verliezen.","still":"https:\/\/img-opt.cdn.smartvod.com\/smartvod\/images\/videoland\/data\/images\/e\/6\/61e17d345d1a4_[format].jpeg","runtime":2547,"editions":{"hd":{"price":0}},"is_downloadable":true},"E94224":{"id":94224,"ref":"E94224","type":"episode","position":10,"title":"","description":"Patrizia ontdekt eindelijk wie verantwoordelijk is voor alle tegenslagen die ze heeft gehad. Ze moet een moeilijke keuze maken: zich aansluiten bij de Levante-clan of een vernietigende oorlog starten.","still":"https:\/\/img-opt.cdn.smartvod.com\/smartvod\/images\/videoland\/data\/images\/1\/7\/61e17c0d82e94_[format].jpeg","runtime":2497,"editions":{"hd":{"price":0}},"is_downloadable":true},"E94236":{"id":94236,"ref":"E94236","type":"episode","position":11,"title":"","description":"De oorlog tussen Patrizia en de Levante-clan dwingt Mickey tot een onmogelijke keuze: blijft hij zijn geliefde trouw of is hij loyaal aan zijn familie? Genny twijfelt of hij een gigantische fout heeft begaan.","still":"https:\/\/img-opt.cdn.smartvod.com\/smartvod\/images\/videoland\/data\/images\/c\/1\/61e17c134b96f_[format].jpeg","runtime":2825,"editions":{"hd":{"price":0}},"is_downloadable":true},"E94235":{"id":94235,"ref":"E94235","type":"episode","position":12,"title":"","description":"Het moment van de waarheid is aangebroken. Welke keuzes worden er gemaakt? De uitkomst daarvan bepaalt wie er zal regeren over de bebloede ru\u00efnes van Napels.","still":"https:\/\/img-opt.cdn.smartvod.com\/smartvod\/images\/videoland\/data\/images\/x\/3\/61e17c1a45acb_[format].jpeg","runtime":2827,"editions":{"hd":{"price":0}},"is_downloadable":true}}}