{"id":500843,"ref":"S500843","type":"series","title":"Ratjetoe","year":2002,"rating":4,"poster":"https:\/\/img-opt.cdn.smartvod.com\/smartvod\/images\/videoland\/data\/images\/m\/w\/6202923e513e0_[format].jpg","still":"https:\/\/img-opt.cdn.smartvod.com\/smartvod\/images\/videoland\/data\/images\/7\/d\/62120f08438a7_[format].jpg","cast":{},"genres":["Kids"],"refs":["SN4771","SN4774","SN4783","SN4775","SN4776","SN4778","SN4777"],"is_adult":false,"is_kids":true,"is_available":true,"description":"De vier baby's van Ratjetoe hebben een kijk op de wereld die nogal verschilt van die van volwassenen. Ze beleven samen grote avonturen en voeren een dagelijkse strijd tegen de oudere Angeliekje.","nicam":{"al":"Alle leeftijden"},"language":"nl","language_full":"Nederlands","details":{"SN4771":{"id":4771,"ref":"SN4771","type":"season","title":"1","position":1},"SN4774":{"id":4774,"ref":"SN4774","type":"season","title":"2","position":2},"SN4783":{"id":4783,"ref":"SN4783","type":"season","title":"4","position":4},"SN4775":{"id":4775,"ref":"SN4775","type":"season","title":"5","position":5,"refs":["E95254","E95263","E95259","E95251","E95256","E95265","E95245","E95243","E95246","E95244"]},"SN4776":{"id":4776,"ref":"SN4776","type":"season","title":"6","position":6},"SN4778":{"id":4778,"ref":"SN4778","type":"season","title":"7","position":7},"SN4777":{"id":4777,"ref":"SN4777","type":"season","title":"8","position":8},"E95254":{"id":95254,"ref":"E95254","type":"episode","position":1,"title":"Angeliekjes Neus\/De Schat","description":"Door een muggenbeet wordt Angelica eerlijk doordat ze aan Pinokkio moet denken. De kleintjes blijken slimmer te zijn dan een monteur als ze op zoek gaan naar de 'schat' van Stu.","still":"https:\/\/img-opt.cdn.smartvod.com\/smartvod\/images\/videoland\/data\/images\/2\/c\/6210ec4141329_[format].jpg","runtime":1374,"editions":{"sd":{"price":0}},"is_downloadable":true},"E95263":{"id":95263,"ref":"E95263","type":"episode","position":2,"title":"Opa's Beestjes\/Gelukstreffer","description":"De kleintjes zijn bang dat er 'slechtbeestjes' in het bed van opa Lou leven. Opa neemt de kinderen mee naar een spelletje bingo in het bejaardencentrum.","still":"https:\/\/img-opt.cdn.smartvod.com\/smartvod\/images\/videoland\/data\/images\/1\/0\/62120c7a8fea3_[format].jpg","runtime":1374,"editions":{"sd":{"price":0}},"is_downloadable":true},"E95259":{"id":95259,"ref":"E95259","type":"episode","position":3,"title":"Misdaad Loont Niet\/De Babysitters","description":"Als Chaz een date heeft met een politieagente, vertelt Angelica aan de kleintjes dat de politie slechte mensen arresteert. De broer en schoonzus van Didi willen misschien een baby en passen daarom op de kinderen.","still":"https:\/\/img-opt.cdn.smartvod.com\/smartvod\/images\/videoland\/data\/images\/b\/b\/62120c7361b68_[format].jpg","runtime":1374,"editions":{"sd":{"price":0}},"is_downloadable":true},"E95251":{"id":95251,"ref":"E95251","type":"episode","position":4,"title":"Het Woord Van De Dag\/Jonathan Past Op","description":"Angelica leert een scheldwoord van de presentator van haar favoriete kinderprogramma, maar het wordt weggepiept. Jonathan past op de kinderen en zoekt manieren om Charlotte te chanteren.","still":"https:\/\/img-opt.cdn.smartvod.com\/smartvod\/images\/videoland\/data\/images\/n\/r\/62120d9f4c7a8_[format].jpg","runtime":1374,"editions":{"sd":{"price":0}},"is_downloadable":true},"E95256":{"id":95256,"ref":"E95256","type":"episode","position":5,"title":"Hij Zag, Zij Zag\/Piggy's Pizza Paleis","description":"Het meisje op wie Dicky verliefd is, heeft een overbeschermende broer. De groep gaat naar een pizzatent speciaal voor gezinnen en probeert Angelica's kaartjes terug te krijgen van een varken dat ze 'gestolen' heeft.","still":"https:\/\/img-opt.cdn.smartvod.com\/smartvod\/images\/videoland\/data\/images\/7\/2\/621210128d8c4_[format].jpg","runtime":1374,"editions":{"sd":{"price":0}},"is_downloadable":true},"E95265":{"id":95265,"ref":"E95265","type":"episode","position":6,"title":"De Eerste Snee\/Dicky Groeit","description":"Tommy adopteert kuikentjes, maar weet ze te beschermen tegen een hardloper. De kleintjes denken dat Dicky groter is geworden als zijn kleren zijn gekrompen in de was.","still":"https:\/\/img-opt.cdn.smartvod.com\/smartvod\/images\/videoland\/data\/images\/m\/1\/62120eeba18bb_[format].jpg","runtime":1374,"editions":{"sd":{"price":0}},"is_downloadable":true},"E95245":{"id":95245,"ref":"E95245","type":"episode","position":7,"title":"Nieuwe Fiets\/Waar Is Opa?","description":"Dicky vindt het eng om op zijn nieuwe fiets met twee wielen te rijden. Tijdens een tripje met de auto laten Stu en Didi opa per ongeluk achter. Tommy en Dicky proberen opa de kans te geven om hen in te halen.","still":"https:\/\/img-opt.cdn.smartvod.com\/smartvod\/images\/videoland\/data\/images\/5\/w\/62120ffd8f399_[format].jpg","runtime":1374,"editions":{"sd":{"price":0}},"is_downloadable":true},"E95243":{"id":95243,"ref":"E95243","type":"episode","position":8,"title":"Het Wilde Wilde Westen\/Angeliekje Voor Een Dag","description":"De kinderen spelen een Western na om ijsbonnen van Angelica terug te krijgen. Tommy droomt dat Dicky en Angelica van persoonlijkheid wisselen.","still":"https:\/\/img-opt.cdn.smartvod.com\/smartvod\/images\/videoland\/data\/images\/n\/4\/6210ee8e54afc_[format].jpg","runtime":1374,"editions":{"sd":{"price":0}},"is_downloadable":true},"E95246":{"id":95246,"ref":"E95246","type":"episode","position":9,"title":"Oppassen Op Fluffy\/Slaapproblemen","description":"Chas en Dicky passen op de kat van Angelica als zij weg is. Tommy en Dicky zijn bang voor het 'Zandmannetje' als Chas op stap is en Stu en Didi op de kinderen passen.","still":"https:\/\/img-opt.cdn.smartvod.com\/smartvod\/images\/videoland\/data\/images\/h\/0\/62121122ee584_[format].jpg","runtime":1374,"editions":{"sd":{"price":0}},"is_downloadable":true},"E95244":{"id":95244,"ref":"E95244","type":"episode","position":10,"title":"Naar De Kelder\/Timmy's Verjaardag","description":"De kleintjes gaan de kelder in om speelgoed te zoeken dat ze kwijt zijn. De kinderen gaan naar het partijtje van hun rivaal, waar de meisjes niet mee mogen doen vanwege luizen.","still":"https:\/\/img-opt.cdn.smartvod.com\/smartvod\/images\/videoland\/data\/images\/q\/n\/621210048d613_[format].jpg","runtime":1375,"editions":{"sd":{"price":0}},"is_downloadable":true}}}