{"id":500706,"ref":"S500706","type":"series","title":"Ninja Warrior Australi\u00eb","year":2021,"rating":4,"poster":"https:\/\/img-opt.cdn.smartvod.com\/smartvod\/images\/videoland\/data\/images\/o\/n\/61029ea158232_[format].jpg","still":"https:\/\/img-opt.cdn.smartvod.com\/smartvod\/images\/videoland\/data\/images\/4\/t\/62a0a866f2454_[format].jpg","cast":{"actors":["Rebecca Maddern","Ben Fordham","Freddie Flintoff"]},"genres":["Competitie","Sport"],"refs":["SN4985","SN5061","SN4376","SN4506","SN4858"],"is_adult":false,"is_kids":false,"is_available":true,"description":"Australische competitieshow waarin de kandidaten rennend, springend, kruipend, hangend en slingerend de meest idiote obstakels moeten overwinnen om de titel Australian Ninja Warrior te veroveren.","nicam":{"al":"Alle leeftijden"},"language":"en","language_full":"Engels","details":{"SN4985":{"id":4985,"ref":"SN4985","type":"season","title":"1","position":1},"SN5061":{"id":5061,"ref":"SN5061","type":"season","title":"2","position":2},"SN4376":{"id":4376,"ref":"SN4376","type":"season","title":"3","position":3,"refs":["E89358","E89359","E89360","E89356","E89362","E89361","E89365","E89364","E89357","E89363"]},"SN4506":{"id":4506,"ref":"SN4506","type":"season","title":"4","position":4},"SN4858":{"id":4858,"ref":"SN4858","type":"season","title":"5","position":5},"E89358":{"id":89358,"ref":"E89358","type":"episode","position":1,"title":"Australian Ninja Warrior","description":"Australische competitieshow waarin de kandidaten rennend, springend, kruipend, hangend en slingerend de meest idiote obstakels moeten overwinnen om de titel Australian Ninja Warrior te veroveren.","still":"https:\/\/img-opt.cdn.smartvod.com\/smartvod\/images\/videoland\/data\/images\/d\/d\/6109541912c36_[format].jpg","runtime":4500,"editions":{"hd":{"price":0}},"is_downloadable":false},"E89359":{"id":89359,"ref":"E89359","type":"episode","position":2,"title":"","description":"Australische competitieshow waarin de kandidaten rennend, springend, kruipend, hangend en slingerend de meest idiote obstakels moeten overwinnen om de titel Australian Ninja Warrior te veroveren.","still":"https:\/\/img-opt.cdn.smartvod.com\/smartvod\/images\/videoland\/data\/images\/p\/0\/610956751c986_[format].jpg","runtime":4500,"editions":{"hd":{"price":0}},"is_downloadable":false},"E89360":{"id":89360,"ref":"E89360","type":"episode","position":3,"title":"Australian Ninja Warrior","description":"Australische competitieshow waarin de kandidaten rennend, springend, kruipend, hangend en slingerend de meest idiote obstakels moeten overwinnen om de titel Australian Ninja Warrior te veroveren.","still":"https:\/\/img-opt.cdn.smartvod.com\/smartvod\/images\/videoland\/data\/images\/3\/d\/6109554cf2573_[format].jpg","runtime":4080,"editions":{"hd":{"price":0}},"is_downloadable":false},"E89356":{"id":89356,"ref":"E89356","type":"episode","position":4,"title":"Australian Ninja Warrior","description":"Australische competitieshow waarin de kandidaten rennend, springend, kruipend, hangend en slingerend de meest idiote obstakels moeten overwinnen om de titel Australian Ninja Warrior te veroveren.","still":"https:\/\/img-opt.cdn.smartvod.com\/smartvod\/images\/videoland\/data\/images\/u\/u\/610958dcaf65e_[format].jpg","runtime":4500,"editions":{"hd":{"price":0}},"is_downloadable":false},"E89362":{"id":89362,"ref":"E89362","type":"episode","position":5,"title":"Australian Ninja Warrior","description":"Australische competitieshow waarin de kandidaten rennend, springend, kruipend, hangend en slingerend de meest idiote obstakels moeten overwinnen om de titel Australian Ninja Warrior te veroveren.","still":"https:\/\/img-opt.cdn.smartvod.com\/smartvod\/images\/videoland\/data\/images\/z\/t\/611fa75934a1d_[format].jpg","runtime":4500,"editions":{"hd":{"price":0}},"is_downloadable":false},"E89361":{"id":89361,"ref":"E89361","type":"episode","position":6,"title":"Australian Ninja Warrior","description":"Australische competitieshow waarin de kandidaten rennend, springend, kruipend, hangend en slingerend de meest idiote obstakels moeten overwinnen om de titel Australian Ninja Warrior te veroveren.","still":"https:\/\/img-opt.cdn.smartvod.com\/smartvod\/images\/videoland\/data\/images\/v\/y\/61239d03e784d_[format].jpg","runtime":4500,"editions":{"hd":{"price":0}},"is_downloadable":false},"E89365":{"id":89365,"ref":"E89365","type":"episode","position":7,"title":"Australian Ninja Warrior","description":"Australische competitieshow waarin de kandidaten rennend, springend, kruipend, hangend en slingerend de meest idiote obstakels moeten overwinnen om de titel Australian Ninja Warrior te veroveren.","still":"https:\/\/img-opt.cdn.smartvod.com\/smartvod\/images\/videoland\/data\/images\/q\/x\/612f80875774a_[format].jpg","runtime":4500,"editions":{"hd":{"price":0}},"is_downloadable":false},"E89364":{"id":89364,"ref":"E89364","type":"episode","position":8,"title":"Australian Ninja Warrior","description":"Australische competitieshow waarin de kandidaten rennend, springend, kruipend, hangend en slingerend de meest idiote obstakels moeten overwinnen om de titel Australian Ninja Warrior te veroveren.","still":"https:\/\/img-opt.cdn.smartvod.com\/smartvod\/images\/videoland\/data\/images\/q\/g\/61542ace88ecf_[format].jpg","runtime":4500,"editions":{"hd":{"price":0}},"is_downloadable":false},"E89357":{"id":89357,"ref":"E89357","type":"episode","position":9,"title":"Australian Ninja Warrior","description":"Australische competitieshow waarin de kandidaten rennend, springend, kruipend, hangend en slingerend de meest idiote obstakels moeten overwinnen om de titel Australian Ninja Warrior te veroveren.","still":"https:\/\/img-opt.cdn.smartvod.com\/smartvod\/images\/videoland\/data\/images\/n\/p\/6151deaae5521_[format].jpg","runtime":4080,"editions":{"hd":{"price":0}},"is_downloadable":false},"E89363":{"id":89363,"ref":"E89363","type":"episode","position":10,"title":"Australian Ninja Warrior","description":"Australische competitieshow waarin de kandidaten rennend, springend, kruipend, hangend en slingerend de meest idiote obstakels moeten overwinnen om de titel Australian Ninja Warrior te veroveren.","still":"https:\/\/img-opt.cdn.smartvod.com\/smartvod\/images\/videoland\/data\/images\/h\/f\/6151c51166380_[format].jpg","runtime":4500,"editions":{"hd":{"price":0}},"is_downloadable":false}}}