{"id":500635,"ref":"S500635","type":"series","title":"Life Is Beautiful","year":2022,"rating":4,"poster":"https:\/\/img-opt.cdn.smartvod.com\/smartvod\/images\/videoland\/data\/images\/q\/o\/604e44bf19142_[format].jpg","still":"https:\/\/img-opt.cdn.smartvod.com\/smartvod\/images\/videoland\/data\/images\/l\/0\/630c86617a470_[format].jpg","cast":{},"genres":["Lifestyle"],"refs":["SN4150","SN4285","SN4447","SN4736","SN5046","SN5170"],"is_adult":false,"is_kids":false,"is_available":true,"description":"Lifestyleprogramma voor de moderne man of vrouw die wil genieten van bereikbare luxe. Thuis, onderweg of waar ook ter wereld.","nicam":{"al":"Alle leeftijden"},"language":"nl","language_full":"Nederlands","details":{"SN4150":{"id":4150,"ref":"SN4150","type":"season","title":"22","position":22},"SN4285":{"id":4285,"ref":"SN4285","type":"season","title":"23","position":23},"SN4447":{"id":4447,"ref":"SN4447","type":"season","title":"24","position":24},"SN4736":{"id":4736,"ref":"SN4736","type":"season","title":"25","position":25,"refs":["E94342","E94340","E94350","E95057","E95125","E95456","E95913","E96143","E95824","E96179","E96354","E96639","E97000","E97196","E97408","E97552","E97814","E98126","E98533","E98534","E98585","E98661","E98879","E99299","E99358"]},"SN5046":{"id":5046,"ref":"SN5046","type":"season","title":"26","position":26},"SN5170":{"id":5170,"ref":"SN5170","type":"season","title":"27","position":27},"E94342":{"id":94342,"ref":"E94342","type":"episode","position":1,"title":"","description":"Lifestyleprogramma voor de moderne man of vrouw die wil genieten van bereikbare luxe. Thuis, onderweg of waar ook ter wereld.","still":"https:\/\/img-opt.cdn.smartvod.com\/smartvod\/images\/videoland\/data\/images\/v\/0\/61fd07edf0edb_[format].jpg","runtime":1320,"editions":{"hd":{"price":0}},"is_downloadable":false},"E94340":{"id":94340,"ref":"E94340","type":"episode","position":2,"title":"","description":"Lifestyleprogramma voor de moderne man of vrouw die wil genieten van bereikbare luxe. Thuis, onderweg of waar ook ter wereld.","still":"https:\/\/img-opt.cdn.smartvod.com\/smartvod\/images\/videoland\/data\/images\/t\/v\/61d983ebaf1b1_[format].jpg","runtime":1320,"editions":{"hd":{"price":0}},"is_downloadable":false},"E94350":{"id":94350,"ref":"E94350","type":"episode","position":3,"title":"","description":"Lifestyleprogramma voor de moderne man of vrouw die wil genieten van bereikbare luxe. Thuis, onderweg of waar ook ter wereld.","still":"https:\/\/img-opt.cdn.smartvod.com\/smartvod\/images\/videoland\/data\/images\/j\/u\/61fd081b39752_[format].jpg","runtime":1320,"editions":{"hd":{"price":0}},"is_downloadable":false},"E95057":{"id":95057,"ref":"E95057","type":"episode","position":4,"title":"","description":"Lifestyleprogramma voor de moderne man of vrouw die wil genieten van bereikbare luxe. Thuis, onderweg of waar ook ter wereld.","still":"https:\/\/img-opt.cdn.smartvod.com\/smartvod\/images\/videoland\/data\/images\/8\/k\/61eadf9dd0c29_[format].jpg","runtime":1320,"editions":{"hd":{"price":0}},"is_downloadable":false},"E95125":{"id":95125,"ref":"E95125","type":"episode","position":5,"title":"","description":"Lifestyleprogramma voor de moderne man of vrouw die wil genieten van bereikbare luxe. Thuis, onderweg of waar ook ter wereld.","still":"https:\/\/img-opt.cdn.smartvod.com\/smartvod\/images\/videoland\/data\/images\/t\/e\/61f41a2cdbbe6_[format].jpg","runtime":1320,"editions":{"hd":{"price":0}},"is_downloadable":false},"E95456":{"id":95456,"ref":"E95456","type":"episode","position":6,"title":"","description":"Lifestyleprogramma voor de moderne man of vrouw die wil genieten van bereikbare luxe. Thuis, onderweg of waar ook ter wereld.","still":"https:\/\/img-opt.cdn.smartvod.com\/smartvod\/images\/videoland\/data\/images\/n\/5\/61f7f26cbba2c_[format].jpg","runtime":1320,"editions":{"hd":{"price":0}},"is_downloadable":false},"E95913":{"id":95913,"ref":"E95913","type":"episode","position":7,"title":"","description":"Lifestyleprogramma voor de moderne man of vrouw die wil genieten van bereikbare luxe. Thuis, onderweg of waar ook ter wereld.","still":"https:\/\/img-opt.cdn.smartvod.com\/smartvod\/images\/videoland\/data\/images\/5\/c\/62067b3021354_[format].jpg","runtime":1320,"editions":{"hd":{"price":0}},"is_downloadable":false},"E96143":{"id":96143,"ref":"E96143","type":"episode","position":8,"title":"","description":"Lifestyleprogramma voor de moderne man of vrouw die wil genieten van bereikbare luxe. Thuis, onderweg of waar ook ter wereld.","still":"https:\/\/img-opt.cdn.smartvod.com\/smartvod\/images\/videoland\/data\/images\/y\/u\/621211453858f_[format].jpg","runtime":1320,"editions":{"hd":{"price":0}},"is_downloadable":false},"E95824":{"id":95824,"ref":"E95824","type":"episode","position":9,"title":"","description":"Lifestyleprogramma voor de moderne man of vrouw die wil genieten van bereikbare luxe. Thuis, onderweg of waar ook ter wereld.","still":"https:\/\/img-opt.cdn.smartvod.com\/smartvod\/images\/videoland\/data\/images\/7\/u\/6218dd8b444ae_[format].jpg","runtime":1320,"editions":{"hd":{"price":0}},"is_downloadable":false},"E96179":{"id":96179,"ref":"E96179","type":"episode","position":10,"title":"","description":"Lifestyleprogramma voor de moderne man of vrouw die wil genieten van bereikbare luxe. Thuis, onderweg of waar ook ter wereld.","still":"https:\/\/img-opt.cdn.smartvod.com\/smartvod\/images\/videoland\/data\/images\/0\/b\/62221918392e2_[format].jpg","runtime":1320,"editions":{"hd":{"price":0}},"is_downloadable":false},"E96354":{"id":96354,"ref":"E96354","type":"episode","position":11,"title":"","description":"Lifestyleprogramma voor de moderne man of vrouw die wil genieten van bereikbare luxe. Thuis, onderweg of waar ook ter wereld.","still":"https:\/\/img-opt.cdn.smartvod.com\/smartvod\/images\/videoland\/data\/images\/m\/u\/622c7f8ca57b4_[format].jpg","runtime":1320,"editions":{"hd":{"price":0}},"is_downloadable":false},"E96639":{"id":96639,"ref":"E96639","type":"episode","position":12,"title":"","description":"Lifestyleprogramma voor de moderne man of vrouw die wil genieten van bereikbare luxe. Thuis, onderweg of waar ook ter wereld.","still":"https:\/\/img-opt.cdn.smartvod.com\/smartvod\/images\/videoland\/data\/images\/6\/0\/6238a10cc2913_[format].jpg","runtime":1320,"editions":{"hd":{"price":0}},"is_downloadable":false},"E97000":{"id":97000,"ref":"E97000","type":"episode","position":13,"title":"","description":"Lifestyleprogramma voor de moderne man of vrouw die wil genieten van bereikbare luxe. Thuis, onderweg of waar ook ter wereld.","still":"https:\/\/img-opt.cdn.smartvod.com\/smartvod\/images\/videoland\/data\/images\/m\/m\/62470ecf7c43c_[format].jpg","runtime":1320,"editions":{"hd":{"price":0}},"is_downloadable":false},"E97196":{"id":97196,"ref":"E97196","type":"episode","position":14,"title":"","description":"Lifestyleprogramma voor de moderne man of vrouw die wil genieten van bereikbare luxe. Thuis, onderweg of waar ook ter wereld.","still":"https:\/\/img-opt.cdn.smartvod.com\/smartvod\/images\/videoland\/data\/images\/i\/i\/624bff4b5924b_[format].jpg","runtime":1320,"editions":{"hd":{"price":0}},"is_downloadable":false},"E97408":{"id":97408,"ref":"E97408","type":"episode","position":15,"title":"","description":"Lifestyleprogramma voor de moderne man of vrouw die wil genieten van bereikbare luxe. Thuis, onderweg of waar ook ter wereld.","still":"https:\/\/img-opt.cdn.smartvod.com\/smartvod\/images\/videoland\/data\/images\/p\/t\/62456d0ff2438_[format].jpg","runtime":1320,"editions":{"hd":{"price":0}},"is_downloadable":false},"E97552":{"id":97552,"ref":"E97552","type":"episode","position":16,"title":"","description":"Lifestyleprogramma voor de moderne man of vrouw die wil genieten van bereikbare luxe. Thuis, onderweg of waar ook ter wereld.","still":"https:\/\/img-opt.cdn.smartvod.com\/smartvod\/images\/videoland\/data\/images\/u\/6\/624ed964171a2_[format].jpg","runtime":1320,"editions":{"hd":{"price":0}},"is_downloadable":false},"E97814":{"id":97814,"ref":"E97814","type":"episode","position":17,"title":"","description":"Lifestyleprogramma voor de moderne man of vrouw die wil genieten van bereikbare luxe. Thuis, onderweg of waar ook ter wereld.","still":"https:\/\/img-opt.cdn.smartvod.com\/smartvod\/images\/videoland\/data\/images\/z\/l\/6257d9e734d0c_[format].jpg","runtime":1320,"editions":{"hd":{"price":0}},"is_downloadable":false},"E98126":{"id":98126,"ref":"E98126","type":"episode","position":18,"title":"","description":"Lifestyleprogramma voor de moderne man of vrouw die wil genieten van bereikbare luxe. Thuis, onderweg of waar ook ter wereld.","still":"https:\/\/img-opt.cdn.smartvod.com\/smartvod\/images\/videoland\/data\/images\/t\/u\/62612a11cf655_[format].jpg","runtime":1320,"editions":{"hd":{"price":0}},"is_downloadable":false},"E98533":{"id":98533,"ref":"E98533","type":"episode","position":19,"title":"","description":"Lifestyleprogramma voor de moderne man of vrouw die wil genieten van bereikbare luxe. Thuis, onderweg of waar ook ter wereld.","still":"https:\/\/img-opt.cdn.smartvod.com\/smartvod\/images\/videoland\/data\/images\/u\/z\/626a5f8e7152c_[format].jpg","runtime":1320,"editions":{"hd":{"price":0}},"is_downloadable":false},"E98534":{"id":98534,"ref":"E98534","type":"episode","position":20,"title":"","description":"Lifestyleprogramma voor de moderne man of vrouw die wil genieten van bereikbare luxe. Thuis, onderweg of waar ook ter wereld.","still":"https:\/\/img-opt.cdn.smartvod.com\/smartvod\/images\/videoland\/data\/images\/h\/5\/627241074b46d_[format].jpg","runtime":1320,"editions":{"hd":{"price":0}},"is_downloadable":false},"E98585":{"id":98585,"ref":"E98585","type":"episode","position":21,"title":"","description":"Lifestyleprogramma voor de moderne man of vrouw die wil genieten van bereikbare luxe. Thuis, onderweg of waar ook ter wereld.","still":"https:\/\/img-opt.cdn.smartvod.com\/smartvod\/images\/videoland\/data\/images\/0\/s\/627f93e338d13_[format].jpg","runtime":1320,"editions":{"hd":{"price":0}},"is_downloadable":false},"E98661":{"id":98661,"ref":"E98661","type":"episode","position":22,"title":"","description":"Lifestyleprogramma voor de moderne man of vrouw die wil genieten van bereikbare luxe. Thuis, onderweg of waar ook ter wereld.","still":"https:\/\/img-opt.cdn.smartvod.com\/smartvod\/images\/videoland\/data\/images\/l\/v\/6285ff9870add_[format].jpg","runtime":1320,"editions":{"hd":{"price":0}},"is_downloadable":false},"E98879":{"id":98879,"ref":"E98879","type":"episode","position":23,"title":"","description":"Lifestyleprogramma voor de moderne man of vrouw die wil genieten van bereikbare luxe. Thuis, onderweg of waar ook ter wereld.","still":"https:\/\/img-opt.cdn.smartvod.com\/smartvod\/images\/videoland\/data\/images\/4\/3\/62908eaeb6d0d_[format].jpg","runtime":1320,"editions":{"hd":{"price":0}},"is_downloadable":false},"E99299":{"id":99299,"ref":"E99299","type":"episode","position":24,"title":"","description":"Lifestyleprogramma voor de moderne man of vrouw die wil genieten van bereikbare luxe. Thuis, onderweg of waar ook ter wereld.","still":"https:\/\/img-opt.cdn.smartvod.com\/smartvod\/images\/videoland\/data\/images\/y\/i\/6299c68fcefc5_[format].jpg","runtime":1320,"editions":{"hd":{"price":0}},"is_downloadable":false},"E99358":{"id":99358,"ref":"E99358","type":"episode","position":25,"title":"","description":"Lifestyleprogramma voor de moderne man of vrouw die wil genieten van bereikbare luxe. Thuis, onderweg of waar ook ter wereld.","still":"https:\/\/img-opt.cdn.smartvod.com\/smartvod\/images\/videoland\/data\/images\/9\/0\/62a0b8d80672d_[format].jpg","runtime":1320,"editions":{"hd":{"price":0}},"is_downloadable":false}}}