{"id":619,"ref":"S619","type":"series","title":"Goede Tijden, Slechte Tijden (GTST)","year":2022,"rating":5,"poster":"https:\/\/img-opt.cdn.smartvod.com\/smartvod\/images\/videoland\/data\/images\/x\/b\/63048d4134624_[format].jpg","still":"https:\/\/img-opt.cdn.smartvod.com\/smartvod\/images\/videoland\/data\/images\/1\/q\/5f4e039d1b90c_[format].jpg","cast":{"actors":["Jette van der Meij","Caroline de Bruijn","Erik de Vogel","Marly van der Velden","Ferry Doedens","Stephanie van Eer"]},"genres":["Drama"],"refs":["SN1089","SN1297","SN1609","SN1731","SN1948","SN2133","SN2437","SN2595","SN2947","SN3111","SN3686","SN3966","SN4392","SN4710","SN5124"],"is_adult":false,"is_kids":false,"is_available":true,"description":"Nederlandse soapserie over de perikelen rondom verschillende families in het plaatsje Meerdijk.","nicam":{"12":"Mogelijk schadelijk tot 12 jaar","geweld":"Geweld","angst":"Angst","seks":"Seks","taalgebruik":"Grof Taalgebruik"},"language":"nl","language_full":"Nederlands","details":{"SN1089":{"id":1089,"ref":"SN1089","type":"season","title":"Najaar 2015","position":1},"SN1297":{"id":1297,"ref":"SN1297","type":"season","title":"Voorjaar 2016","position":2},"SN1609":{"id":1609,"ref":"SN1609","type":"season","title":"Najaar 2016","position":3},"SN1731":{"id":1731,"ref":"SN1731","type":"season","title":"Voorjaar 2017","position":4},"SN1948":{"id":1948,"ref":"SN1948","type":"season","title":"Najaar 2017","position":5},"SN2133":{"id":2133,"ref":"SN2133","type":"season","title":"Voorjaar 2018","position":6},"SN2437":{"id":2437,"ref":"SN2437","type":"season","title":"Najaar 2018","position":7},"SN2595":{"id":2595,"ref":"SN2595","type":"season","title":"Voorjaar 2019","position":8},"SN2947":{"id":2947,"ref":"SN2947","type":"season","title":"Najaar 2019","position":9,"refs":["E69058","E69061","E69062","E69059","E69060","E69164","E69167","E69166","E69165","E69168","E69273","E69275","E69274","E69276","E69277","E69321","E69319","E69320","E69318","E69322","E69538","E69541","E69543","E69542","E69545","E69753","E69752","E69755","E69754","E69756","E69851","E69847","E69854","E69848","E69853","E69855","E69849","E69846","E69852","E69850","E69862","E69856","E69860","E69858","E69857","E69859","E69861","E69867","E69863","E69866","E70461","E70465","E70468","E70467","E70466","E70470","E70469","E70471","E70473","E70472","E70476","E70477","E70474","E70475","E70478","E70480","E70481","E70479","E70483","E70485","E70484","E70486","E70482","E70487","E70488","E70868","E70872","E70869","E70871","E70870","E70895","E70893","E70897","E70896","E70894","E71019","E71023","E71024","E71022","E71025","E71173","E71175"]},"SN3111":{"id":3111,"ref":"SN3111","type":"season","title":"Voorjaar 2020","position":10},"SN3686":{"id":3686,"ref":"SN3686","type":"season","title":"Najaar 2020","position":11},"SN3966":{"id":3966,"ref":"SN3966","type":"season","title":"Voorjaar 2021","position":12},"SN4392":{"id":4392,"ref":"SN4392","type":"season","title":"Najaar 2021","position":13},"SN4710":{"id":4710,"ref":"SN4710","type":"season","title":"Voorjaar 2022","position":14},"SN5124":{"id":5124,"ref":"SN5124","type":"season","title":"Najaar 2022","position":15},"E69058":{"id":69058,"ref":"E69058","type":"episode","position":1,"title":"Afl 6066 Ma 26 Aug","description":"Uitzending RTL 4: Ma 26 Aug Ludo en Billy spannen samen tegen Janine. Anton verwijt Bing dat hij eerder bij JoJo had moeten ingrijpen. Daan trekt een conclusie over hem en Nina. Sjors wordt bedreigd en aangevallen.","still":"https:\/\/img-opt.cdn.smartvod.com\/smartvod\/images\/videoland\/data\/images\/e\/9\/5d5e434f4cad2_[format].jpg","runtime":1377,"editions":{"hd":{"price":0}},"is_downloadable":true},"E69061":{"id":69061,"ref":"E69061","type":"episode","position":2,"title":"Afl 6067 Di 27 Aug","description":"Uitzending RTL 4: Di 27 Aug JoJo mag voorlopig het ziekenhuis niet verlaten. Kimberly ergert zich als Valentijn weer eens ego\u00efstisch reageert. Rik doet Daan een mooi aanbod.","still":"https:\/\/img-opt.cdn.smartvod.com\/smartvod\/images\/videoland\/data\/images\/k\/w\/5d5e4355a07d3_[format].jpg","runtime":1378,"editions":{"hd":{"price":0}},"is_downloadable":true},"E69062":{"id":69062,"ref":"E69062","type":"episode","position":3,"title":"Afl 6068 Wo 28 Aug","description":"Uitzending RTL 4: Wo 28 Aug Nina is bezorgd als Ludo de een na de andere rare beslissing neemt. Kimberly is het slachtoffer van negatieve reacties op de vlog. JoJo wil haar diabetes verborgen houden en vraagt Bing om hulp. Billy doet een bekentenis bij haar dochter.","still":"https:\/\/img-opt.cdn.smartvod.com\/smartvod\/images\/videoland\/data\/images\/2\/g\/5d5e4352a86d7_[format].jpg","runtime":1361,"editions":{"hd":{"price":0}},"is_downloadable":true},"E69059":{"id":69059,"ref":"E69059","type":"episode","position":4,"title":"Afl 6069 Do 29 Aug","description":"Uitzending RTL 4: Do 29 Aug Rik solliciteert, maar zijn me-tooverleden zit hem dwars. Nina en Janine snappen niets van de situatie rond Ludo. Anton werpt zich op als personal coach van Amir. Daan probeert Nina op te vrolijken.","still":"https:\/\/img-opt.cdn.smartvod.com\/smartvod\/images\/videoland\/data\/images\/b\/t\/5d5e4359d0533_[format].jpg","runtime":1362,"editions":{"hd":{"price":0}},"is_downloadable":true},"E69060":{"id":69060,"ref":"E69060","type":"episode","position":5,"title":"Afl 6070 Vr 30 Aug","description":"Uitzending RTL 4: Vr 30 Aug Shanti is bang dat ze getest wordt door een mysteryshopper. Carmen wijst Ludo op de spelregels die zij hem heeft opgelegd. JoJo moet over haar prikangst heen geholpen worden.","still":"https:\/\/img-opt.cdn.smartvod.com\/smartvod\/images\/videoland\/data\/images\/x\/y\/5d5e435d20837_[format].jpg","runtime":1366,"editions":{"hd":{"price":0}},"is_downloadable":true},"E69164":{"id":69164,"ref":"E69164","type":"episode","position":6,"title":"Afl 6071 Ma 2 Sep","description":"Uitzending RTL 4: Ma 2 Sep Billy en Ludo moeten samenwerken, maar kunnen dit niet. Valentijn is blut. Hij hij wil niet dat iemand dit weet. Carmen denkt dat ze Rob een plezier doet, maar in zijn ogen brengt ze hun plan in gevaar.","still":"https:\/\/img-opt.cdn.smartvod.com\/smartvod\/images\/videoland\/data\/images\/z\/5\/5d6235778d2ab_[format].jpg","runtime":1375,"editions":{"hd":{"price":0}},"is_downloadable":true},"E69167":{"id":69167,"ref":"E69167","type":"episode","position":7,"title":"Afl 6072 Di 3 Sep","description":"Uitzending RTL 4: Di 3 Sep Carmen weet ervoor te zorgen dat ze als vip wordt behandeld in CS. Anton vindt dat Janine Ludo niet zomaar zijn gang moet laten gaan, maar Janine is er klaar mee. Linda gaat heel ver om Anton zijn baan terug te bezorgen.","still":"https:\/\/img-opt.cdn.smartvod.com\/smartvod\/images\/videoland\/data\/images\/s\/4\/5d64d1771c013_[format].jpg","runtime":1370,"editions":{"hd":{"price":0}},"is_downloadable":true},"E69166":{"id":69166,"ref":"E69166","type":"episode","position":8,"title":"Afl 6073 Wo 4 Sep","description":"Uitzending RTL 4: Wo 4 Sep Rob moet tot het uiterste gaan om Carmen binnenboord te houden. Kimberly vraagt hulp aan Rover als de bodyshamer weer toeslaat. Nina is ziek en heeft verzorging nodig, maar alleen Daan is beschikbaar.","still":"https:\/\/img-opt.cdn.smartvod.com\/smartvod\/images\/videoland\/data\/images\/m\/y\/5d64d17d4ba0a_[format].jpg","runtime":1374,"editions":{"hd":{"price":0}},"is_downloadable":true},"E69165":{"id":69165,"ref":"E69165","type":"episode","position":9,"title":"Afl 6074 Do 5 Sep","description":"Uitzending RTL 4: Do 5 Sep Anton doet een grote ontdekking over Tiffy. Rik krijgt te maken met een personeelsstaking. Daan wil eerst niet ingaan op een flirt, totdat hij ontdekt wie er achter hem aan zit.","still":"https:\/\/img-opt.cdn.smartvod.com\/smartvod\/images\/videoland\/data\/images\/i\/5\/5d64d2a00a614_[format].jpg","runtime":1407,"editions":{"hd":{"price":0}},"is_downloadable":true},"E69168":{"id":69168,"ref":"E69168","type":"episode","position":10,"title":"Afl 6075 Vr 6 Sep","description":"Uitzending RTL 4: Vr 6 Sep Sjors schrikt als ze ontdekt hoe slecht Amir eraan toe is. Er zijn meerdere dingen die Tiffy moet opbiechten aan Anton. Carmen verstoort een date van Rob. Shanti heeft een feestelijke verrassing voor haar moeder.","still":"https:\/\/img-opt.cdn.smartvod.com\/smartvod\/images\/videoland\/data\/images\/c\/7\/5d64d3ca8db24_[format].jpg","runtime":1407,"editions":{"hd":{"price":0}},"is_downloadable":true},"E69273":{"id":69273,"ref":"E69273","type":"episode","position":11,"title":"Afl 6076 Ma 9 Sep","description":"Uitzending RTL 4: Ma 9 Sep Sjors wordt uitgedaagd en kan zich niet beheersen. Rover snapt niet dat Kimberly zich nog steeds met Harma bezighoudt. Billy gebruikt haar improvisatietalent om Carmen er uiteindelijk in te kunnen luizen.","still":"https:\/\/img-opt.cdn.smartvod.com\/smartvod\/images\/videoland\/data\/images\/p\/k\/5d68dd7436137_[format].jpg","runtime":1321,"editions":{"hd":{"price":0}},"is_downloadable":true},"E69275":{"id":69275,"ref":"E69275","type":"episode","position":12,"title":"Afl 6077 Di 10 Sep","description":"Uitzending RTL 4: Di 10 Sep Daan regelt een date. Sjors is zo met zichzelf bezig dat ze niet doorheeft dat Amir aan het afglijden is. Shanti ziet niets in de manier waarop Rik van zijn discutabele imago probeert af te komen.","still":"https:\/\/img-opt.cdn.smartvod.com\/smartvod\/images\/videoland\/data\/images\/z\/u\/5d68dfc79086d_[format].jpg","runtime":1375,"editions":{"hd":{"price":0}},"is_downloadable":true},"E69274":{"id":69274,"ref":"E69274","type":"episode","position":13,"title":"Afl 6078 Wo 11 Sep","description":"Uitzending RTL 4: Wo 11 Sep JoJo is getuige van een financi\u00eble deal tussen Bing en Valentijn. Puck is dolblij met haar romantische vriendje. Nina heeft fantasie\u00ebn die haar verwarren. Kimberly wordt begluurd.","still":"https:\/\/img-opt.cdn.smartvod.com\/smartvod\/images\/videoland\/data\/images\/b\/9\/5d6d2c3524397_[format].jpg","runtime":1396,"editions":{"hd":{"price":0}},"is_downloadable":true},"E69276":{"id":69276,"ref":"E69276","type":"episode","position":14,"title":"Afl 6079 Do 12 Sep","description":"Uitzending RTL 4: Do 12 Sep Lucas raakt in paniek als Tiffy te veel van hem vraagt. Bing moet ingrijpen wanneer JoJo haar diabetesspullen niet bij zich heeft. Als Sjors en Amir hun huis inrichten, is Amir onzeker over iets wat hij neer wil zetten.","still":"https:\/\/img-opt.cdn.smartvod.com\/smartvod\/images\/videoland\/data\/images\/1\/5\/5d6fa29407984_[format].jpg","runtime":1344,"editions":{"hd":{"price":0}},"is_downloadable":true},"E69277":{"id":69277,"ref":"E69277","type":"episode","position":15,"title":"Afl 6080 Vr 13 Sep","description":"Uitzending RTL 4: Vr 13 Sep Bing belandt bezorgd en boos in het ziekenhuis. Hij neemt een besluit wat hem later wordt verweten. Janine deelt haar diepste gevoelens met Linda en Laura. Carmen heeft nog een troef die ze uitspeelt tegen Ludo en Billy.","still":"https:\/\/img-opt.cdn.smartvod.com\/smartvod\/images\/videoland\/data\/images\/6\/1\/5d70b84f01687_[format].jpg","runtime":1317,"editions":{"hd":{"price":0}},"is_downloadable":true},"E69321":{"id":69321,"ref":"E69321","type":"episode","position":16,"title":"Afl 6081 Ma 16 Sep","description":"Uitzending RTL 4: Ma 16 Sep Daan dringt zich op aan Nina. Billy doet een belangrijke medische ontdekking over Carmen. Om Janine aan zich te binden, maakt Rob het steeds bonter. JoJo voelt zich verraden door Kimberly en Bing.","still":"https:\/\/img-opt.cdn.smartvod.com\/smartvod\/images\/videoland\/data\/images\/m\/v\/5d7a49579dd15_[format].jpg","runtime":1317,"editions":{"hd":{"price":0}},"is_downloadable":true},"E69319":{"id":69319,"ref":"E69319","type":"episode","position":17,"title":"Afl 6082 Di 17 Sep","description":"Uitzending RTL 4: Di 17 Sep Kimberly moet het slim spelen om JoJo op het juiste spoor te zetten wat betreft haar diabetes. Valentijn zint op een tegenactie als de andere vloggers hem weg willen werken. Bing reageert zijn ongeduld af.","still":"https:\/\/img-opt.cdn.smartvod.com\/smartvod\/images\/videoland\/data\/images\/5\/6\/5d7a49429e6c8_[format].jpg","runtime":1389,"editions":{"hd":{"price":0}},"is_downloadable":true},"E69320":{"id":69320,"ref":"E69320","type":"episode","position":18,"title":"Afl 6083 Wo 18 Sep","description":"Uitzending RTL 4: Wo 18 Sep Tiffy heeft haarscherp door dat Lucas zenuwachtig is over het vaderschap. Als Amir gevraagd wordt om met zijn mishandelingsverhaal naar buiten te treden, raakt hij in paniek.","still":"https:\/\/img-opt.cdn.smartvod.com\/smartvod\/images\/videoland\/data\/images\/8\/3\/5d7a495d28f7d_[format].jpg","runtime":1376,"editions":{"hd":{"price":0}},"is_downloadable":true},"E69318":{"id":69318,"ref":"E69318","type":"episode","position":19,"title":"Afl 6084 Do 19 Sep","description":"Uitzending RTL 4: Do 19 Sep Sjors en Amir zijn het niet eens over hoe ze Davy moeten aanpakken. Janine trekt een conclusie over haar relatie met Rob. Door een angstaanjagende gebeurtenis komen Lucas en Tiffy nader tot elkaar.","still":"https:\/\/img-opt.cdn.smartvod.com\/smartvod\/images\/videoland\/data\/images\/7\/w\/5d7a497749410_[format].jpg","runtime":1356,"editions":{"hd":{"price":0}},"is_downloadable":true},"E69322":{"id":69322,"ref":"E69322","type":"episode","position":20,"title":"Afl 6085 Vr 20 Sep","description":"Uitzending RTL 4: Vr 20 Sep Ludo en Billy bezoeken Carmen. Janine heeft groot nieuws voor Linda en Anton, maar Rob wil dat ze het nog verzwijgt. Valentijn verricht een goed daad. Nina drukt haar ware gevoelens weg als Daan en Puck hun date plannen.","still":"https:\/\/img-opt.cdn.smartvod.com\/smartvod\/images\/videoland\/data\/images\/u\/m\/5d7a49856e677_[format].jpg","runtime":1347,"editions":{"hd":{"price":0}},"is_downloadable":true},"E69538":{"id":69538,"ref":"E69538","type":"episode","position":21,"title":"Afl 6086 Ma 23 Sep","description":"Uitzending RTL 4: Ma 23 Sep Janine overvalt Nina met nieuws over haar en Ludo en met nieuws over haar en Rob. Ludo daagt Alex uit om met bewijzen tegen hem te komen. Shanti wil bemiddelen tussen Kimberly en Harma. Robs houding staat Billy niet aan.","still":"https:\/\/img-opt.cdn.smartvod.com\/smartvod\/images\/videoland\/data\/images\/r\/g\/5d7a4a121092e_[format].jpg","runtime":1385,"editions":{"hd":{"price":0}},"is_downloadable":true},"E69541":{"id":69541,"ref":"E69541","type":"episode","position":22,"title":"Afl 6087 Di 24 Sep","description":"Uitzending RTL 4: Di 24 Sep Rob valt buitensporig uit tegen Janine. Daan krijgt er steeds meer lol in als hij met Puck uitgaat. Sjors voelt zich gekwetst als Amir haar hulp niet wil. Janine doorziet al snel de ware bedoeling van Nina's bezoek.","still":"https:\/\/img-opt.cdn.smartvod.com\/smartvod\/images\/videoland\/data\/images\/7\/k\/5d7a4a27ed6a2_[format].jpg","runtime":1372,"editions":{"hd":{"price":0}},"is_downloadable":true},"E69543":{"id":69543,"ref":"E69543","type":"episode","position":23,"title":"Afl 6088 Wo 25 Sep","description":"Uitzending RTL 4: Wo 25 Sep Valentijn krijgt het idee om een benefietconcert te geven voor diabetes. Rob probeert onder een valse naam tickets te boeken. Kimberly en Shanti ontdekken dat Harma haar leven hopeloos en uitzichtloos vindt.","still":"https:\/\/img-opt.cdn.smartvod.com\/smartvod\/images\/videoland\/data\/images\/m\/9\/5d7b5ab710f64_[format].jpg","runtime":1376,"editions":{"hd":{"price":0}},"is_downloadable":true},"E69542":{"id":69542,"ref":"E69542","type":"episode","position":24,"title":"Afl 6089 Do 26 Sep","description":"Uitzending RTL 4: Do 27 Sep Amir moet aan Sjors bekennen dat hij opnieuw een paniekaanval heeft gehad. Lucas zweert het daten af nu hij vader gaat worden. Bij een fotoshoot geeft Valentijn de fotograaf een geheime opdracht.","still":"https:\/\/img-opt.cdn.smartvod.com\/smartvod\/images\/videoland\/data\/images\/l\/j\/5d7b5cf61386d_[format].jpg","runtime":1379,"editions":{"hd":{"price":0}},"is_downloadable":true},"E69545":{"id":69545,"ref":"E69545","type":"episode","position":25,"title":"Afl 6090 Vr 27 Sep","description":"Uitzending RTL 4: Vr 27 Sep Via Ludo ontdekt Billy dat Rob tegen haar liegt. Daan daagt Nina uit door overdreven veel aandacht aan Puck te geven. Janine smeekt Rob om eerlijk te zijn over alles.","still":"https:\/\/img-opt.cdn.smartvod.com\/smartvod\/images\/videoland\/data\/images\/7\/3\/5d7b6529e668e_[format].jpg","runtime":1356,"editions":{"hd":{"price":0}},"is_downloadable":true},"E69753":{"id":69753,"ref":"E69753","type":"episode","position":26,"title":"Afl 6091 Ma 30 Sep","description":"Uitzending RTL 4: Ma 30 Sep Janine deelt haar donkerste vermoedens met Nina. Rik denkt te weten waarom Daan niet wil verhuizen naar een eigen woning. Puck neemt een artistieke beslissing die ongunstig kan uitpakken voor LaNina.","still":"https:\/\/img-opt.cdn.smartvod.com\/smartvod\/images\/videoland\/data\/images\/u\/2\/5d81de2c5a647_[format].jpg","runtime":1375,"editions":{"hd":{"price":0}},"is_downloadable":true},"E69752":{"id":69752,"ref":"E69752","type":"episode","position":27,"title":"Afl 6092 Di 1 Okt","description":"Uitzending RTL 4: Di 1 Okt JoJo trekt haar conclusies als ze het idee heeft dat ze door Valentijn gepiepeld wordt. In haar werk ontbreekt het Puck aan zelfvertrouwen, maar Daan is niet van plan om haar aan te laten modderen.","still":"https:\/\/img-opt.cdn.smartvod.com\/smartvod\/images\/videoland\/data\/images\/p\/k\/5d81e9df145f6_[format].jpg","runtime":1374,"editions":{"hd":{"price":0}},"is_downloadable":true},"E69755":{"id":69755,"ref":"E69755","type":"episode","position":28,"title":"Afl 6093 Wo 2 Okt","description":"Uitzending RTL 4: Wo 2 Okt Lucas merkt dat Amir heel erg opziet tegen de lotgenotengroep en komt met een oplossing. Rover verwijt Valentijn dat hij misbruik maakt van JoJo's diabetes. Bing weet Sjors op het rechte spoor te zetten.","still":"https:\/\/img-opt.cdn.smartvod.com\/smartvod\/images\/videoland\/data\/images\/b\/w\/5d834cf3893c4_[format].jpg","runtime":1363,"editions":{"hd":{"price":0}},"is_downloadable":true},"E69754":{"id":69754,"ref":"E69754","type":"episode","position":29,"title":"Afl 6094 Do 3 Okt","description":"Uitzending RTL 4: Do 3 Okt Amir heeft het idee dat hij zijn eigen gevoelens verloochend heeft. Daan regelt op handige wijze woonruimte. Kimberly helpt Harma door haar op de meest botte manier in het openbaar te laten verschijnen.","still":"https:\/\/img-opt.cdn.smartvod.com\/smartvod\/images\/videoland\/data\/images\/s\/e\/5d834cfe6caf3_[format].jpg","runtime":1376,"editions":{"hd":{"price":0}},"is_downloadable":true},"E69756":{"id":69756,"ref":"E69756","type":"episode","position":30,"title":"Afl 6095 Vr 4 Okt","description":"Uitzending RTL 4: Vr 4 Okt Als Shanti voelt dat ze voorgelogen is, probeert Billy haar te paaien. Zelfs met zijn beste vriend Anton wil Ludo het niet over Janine hebben. Laura en Kimberly werken samen aan een positieve doorbraak bij Harma.","still":"https:\/\/img-opt.cdn.smartvod.com\/smartvod\/images\/videoland\/data\/images\/1\/b\/5d834d0386ceb_[format].jpg","runtime":1381,"editions":{"hd":{"price":0}},"is_downloadable":true},"E69851":{"id":69851,"ref":"E69851","type":"episode","position":31,"title":"Afl 6096 Ma 7 Okt","description":"Uitzending RTL 4: Ma 7 Okt Valentijn heeft snel geld nodig voor de huur. Kimberly krijgt een geweldig aanbod uit Amerika. Linda vindt dat Janine niet in het verleden moet blijven hangen. Lucas beseft dat het ouderschap niet alleen maar leuk is.","still":"https:\/\/img-opt.cdn.smartvod.com\/smartvod\/images\/videoland\/data\/images\/9\/o\/5d91bbdfb1e6c_[format].jpg","runtime":1280,"editions":{"hd":{"price":0}},"is_downloadable":true},"E69847":{"id":69847,"ref":"E69847","type":"episode","position":32,"title":"Afl 6097 Di 8 Okt","description":"Uitzending RTL 4: Di 8 Okt Lucas ontloopt zijn verantwoordelijkheid, totdat Anton zich ermee bemoeit. De beslissing die Lucas dan neemt, is gigantisch. Als Puck en Daan het leuk hebben, gedraagt Nina zich heel onredelijk.","still":"https:\/\/img-opt.cdn.smartvod.com\/smartvod\/images\/videoland\/data\/images\/1\/p\/5d935031c28c5_[format].jpg","runtime":1288,"editions":{"hd":{"price":0}},"is_downloadable":true},"E69854":{"id":69854,"ref":"E69854","type":"episode","position":33,"title":"Afl 6098 Wo 9 Okt","description":"Uitzending RTL 4: Wo 9 Okt Laura vindt dat Lucas zijn overhaaste besluit moet terugdraaien. Amir baalt als Sjors zich wil aansluiten bij de lotgenotengroep en reageert zich heel onverstandig af. Daan weet precies wat er bij Nina speelt.","still":"https:\/\/img-opt.cdn.smartvod.com\/smartvod\/images\/videoland\/data\/images\/r\/b\/5d93503cdb69b_[format].jpg","runtime":1330,"editions":{"hd":{"price":0}},"is_downloadable":true},"E69848":{"id":69848,"ref":"E69848","type":"episode","position":34,"title":"Afl 6099 Do 10 Okt","description":"Uitzending RTL 4: Do 10 Okt Shanti wil Billy verrassen voor haar verjaardag. Daan meldt zich bij Janine: hij wil onderzoek doen naar de dood van Rob. Kimberly stuntelt bij het maken van een vlog, maar krijgt onverwachte hulp.","still":"https:\/\/img-opt.cdn.smartvod.com\/smartvod\/images\/videoland\/data\/images\/e\/j\/5d93505676b9a_[format].jpg","runtime":1298,"editions":{"hd":{"price":0}},"is_downloadable":true},"E69853":{"id":69853,"ref":"E69853","type":"episode","position":35,"title":"Afl 6100 Vr 11 Okt","description":"Uitzending RTL 4: Vr 11 Okt Na een vrijpartij moet Rover bekennen dat hij meer voelt voor de dame in kwestie. Sjors en Amir blijken tegenpolen als het gaat over wie het slachtoffer is van Amirs trauma.","still":"https:\/\/img-opt.cdn.smartvod.com\/smartvod\/images\/videoland\/data\/images\/t\/s\/5d91be3f0b2d8_[format].jpg","runtime":1324,"editions":{"hd":{"price":0}},"is_downloadable":true},"E69855":{"id":69855,"ref":"E69855","type":"episode","position":36,"title":"Afl 6101 Ma 14 Okt","description":"Uitzending RTL 4: Ma 14 Okt Na een ongeluk zijn Sjors en Amir het niet eens over het plan van aanpak. Daan stelt Billy voor dat zij gaan samenwerken. Lana heeft het door als JoJo haar een geheim probeert te ontfutselen.","still":"https:\/\/img-opt.cdn.smartvod.com\/smartvod\/images\/videoland\/data\/images\/8\/q\/5d9affbf06c89_[format].jpg","runtime":1374,"editions":{"hd":{"price":0}},"is_downloadable":true},"E69849":{"id":69849,"ref":"E69849","type":"episode","position":37,"title":"Afl 6102 Di 15 Okt","description":"Uitzending RTL 4: Di 15 Okt Lucas weet Laura te verrassen, maar op een negatieve manier. Amir verzwijgt dat hij Bobby ontmoet heeft. Kimberly verwijt Rover dat hij haar manipuleert. Het wordt Tiffy te veel als ze overstelpt wordt door kraambezoek.","still":"https:\/\/img-opt.cdn.smartvod.com\/smartvod\/images\/videoland\/data\/images\/l\/v\/5d98951288a00_[format].jpg","runtime":1329,"editions":{"hd":{"price":0}},"is_downloadable":true},"E69846":{"id":69846,"ref":"E69846","type":"episode","position":38,"title":"Afl 6103 Wo 16 Okt","description":"Uitzending RTL 4: Wo 16 Okt Ludo gaat op onderzoek uit als hij vermoedt dat Valentijn liegt over zijn studie. Nina probeert Janine af te schudden om naar een geheime afspraak te gaan. Shanti krijgt advies over haar relatie met haar moeder.","still":"https:\/\/img-opt.cdn.smartvod.com\/smartvod\/images\/videoland\/data\/images\/3\/0\/5d9d845505dde_[format].jpg","runtime":1381,"editions":{"hd":{"price":0}},"is_downloadable":true},"E69852":{"id":69852,"ref":"E69852","type":"episode","position":39,"title":"Afl 6104 Do 17 Okt","description":"Uitzending RTL 4: Do 17 Okt JoJo wil Valentijn dolgraag vergeten, maar dat lukt haar niet. Ludo zet Valentijn voor een onmogelijke keuze. Nina draait door als Daan haar heel handig bespeelt. Tiffy voelt haarfijn aan waar Daans pijn zit.","still":"https:\/\/img-opt.cdn.smartvod.com\/smartvod\/images\/videoland\/data\/images\/u\/6\/5d9f3e1392a33_[format].jpg","runtime":1301,"editions":{"hd":{"price":0}},"is_downloadable":true},"E69850":{"id":69850,"ref":"E69850","type":"episode","position":40,"title":"Afl 6105 Vr 18 Okt","description":"Uitzending RTL 4: Vr 18 Okt Billy test Daan door hem een nietsontziende opdracht te geven. Hoewel Rover en Kimberly samen genieten, is Rover bang voor een negatieve reactie van Linda. Nina krijgt een persoonlijke afwijzing te verwerken.","still":"https:\/\/img-opt.cdn.smartvod.com\/smartvod\/images\/videoland\/data\/images\/9\/5\/5d9e0e9991445_[format].jpg","runtime":1386,"editions":{"hd":{"price":0}},"is_downloadable":true},"E69862":{"id":69862,"ref":"E69862","type":"episode","position":41,"title":"Afl 6106 Ma 21 Okt","description":"Uitzending RTL 4: Vr 21 Okt Sjors komt in conflict met Amir als ze erop aanstuurt dat Bobby uit hun huis vertrekt. Lucas baalt als Tiffy thuis mag bevallen en zij dit ook graag wil. Daan helpt Puck bij een grootscheepse anti-Nina-actie.","still":"https:\/\/img-opt.cdn.smartvod.com\/smartvod\/images\/videoland\/data\/images\/q\/1\/5da421a2da056_[format].jpg","runtime":1340,"editions":{"hd":{"price":0}},"is_downloadable":true},"E69856":{"id":69856,"ref":"E69856","type":"episode","position":42,"title":"Afl 6107 Di 22 Okt","description":"Uitzending RTL 4: Wo 22 Okt Tiffy's bevalling begint. Anton wil er meteen heen, maar wordt tegengehouden. Puck probeert deals te sluiten met grote modewarenhuizen. Valentijn wil dat Lana en JoJo hun negatieve filmpje offline halen.","still":"https:\/\/img-opt.cdn.smartvod.com\/smartvod\/images\/videoland\/data\/images\/f\/o\/5da5a90b31d1e_[format].jpg","runtime":1269,"editions":{"hd":{"price":0}},"is_downloadable":true},"E69860":{"id":69860,"ref":"E69860","type":"episode","position":43,"title":"Afl 6108 Wo 23 Okt","description":"Uitzending RTL 4: Wo 23 Okt Daan beseft dat hij niet verder komt bij Billy. Laura heeft niet door dat ze Shanti onzeker maakt met haar gedrag. Als Ludo op kraamvisite gaat, belandt hij in een ongemakkelijke situatie.","still":"https:\/\/img-opt.cdn.smartvod.com\/smartvod\/images\/videoland\/data\/images\/0\/m\/5da5b9737e87f_[format].jpg","runtime":1359,"editions":{"hd":{"price":0}},"is_downloadable":true},"E69858":{"id":69858,"ref":"E69858","type":"episode","position":44,"title":"Afl 6109 Do 24 Okt","description":"Uitzending RTL 4: Do 24 Okt Kimberly verrast JoJo door de benefietavond op te luisteren met bijzondere gasten. Lana ergert zich aan Valentijn en reageert dit af op haar huisgenoten. Bing heeft het gevoel te falen als broer en wil dit rechtzetten.","still":"https:\/\/img-opt.cdn.smartvod.com\/smartvod\/images\/videoland\/data\/images\/7\/r\/5da5baa99eb3b_[format].jpg","runtime":1365,"editions":{"hd":{"price":0}},"is_downloadable":true},"E69857":{"id":69857,"ref":"E69857","type":"episode","position":45,"title":"Afl 6110 Vr 25 Okt","description":"Uitzending RTL 4: Vr 25 Okt Ludo en Valentijn zijn op elkaar aangewezen en ontdooien bij een bezoek aan het Rijksmuseum. Lana is er getuige van hoe Bobby Amir weet te bespelen. Puck wil Linda voor zich gebruiken en papt met haar aan.","still":"https:\/\/img-opt.cdn.smartvod.com\/smartvod\/images\/videoland\/data\/images\/x\/e\/5da84e6396686_[format].jpg","runtime":1306,"editions":{"hd":{"price":0}},"is_downloadable":true},"E69859":{"id":69859,"ref":"E69859","type":"episode","position":46,"title":"Afl 6111 Ma 28 Okt","description":"Uitzending RTL 4: Ma 28 Okt Janine focust op haar toekomstplannen met Wolf, maar die worden doorkruist. Antons eerste werkdag in het ziekenhuis verloopt niet erg soepel. Amir verzwijgt bij Anton dat hij Bobby in huis heeft genomen.","still":"https:\/\/img-opt.cdn.smartvod.com\/smartvod\/images\/videoland\/data\/images\/n\/s\/5daa18973ecb4_[format].jpg","runtime":1331,"editions":{"hd":{"price":0}},"is_downloadable":true},"E69861":{"id":69861,"ref":"E69861","type":"episode","position":47,"title":"Afl 6112 Di 29 Okt","description":"Uitzending RTL 4: Di 29 Okt Janine probeert over haar angsten heen te stappen. Nina hoort heftige dingen over Puck en maakt hier misbruik van. Puck gaat de strijd aan en heeft een investeerder nodig voor een nieuw plan.","still":"https:\/\/img-opt.cdn.smartvod.com\/smartvod\/images\/videoland\/data\/images\/f\/7\/5dadbea2e6c06_[format].jpg","runtime":1376,"editions":{"hd":{"price":0}},"is_downloadable":true},"E69867":{"id":69867,"ref":"E69867","type":"episode","position":48,"title":"Afl 6113 Wo 30 Okt","description":"Uitzending RTL 4: Wo 30 Okt Lana wil bewijzen dat Bobby niet deugt. Daan moet alles op alles zetten om het hysterische gedrag van Nina binnen de perken te houden. Shanti is blij als Rik haar hulp aanbiedt bij de boekhouding van De Koning.","still":"https:\/\/img-opt.cdn.smartvod.com\/smartvod\/images\/videoland\/data\/images\/r\/2\/5daea8f856bb6_[format].jpg","runtime":1342,"editions":{"hd":{"price":0}},"is_downloadable":true},"E69863":{"id":69863,"ref":"E69863","type":"episode","position":49,"title":"Afl 6114 Do 31 Okt","description":"Uitzending RTL 4: Do 31 Okt Amir probeert op emotionele wijze Lana voor zich te winnen. Tiffy ziet erg op tegen al het kraambezoek. Shanti wordt ongemakkelijk als ze vermoedt dat Rik haar wil versieren.","still":"https:\/\/img-opt.cdn.smartvod.com\/smartvod\/images\/videoland\/data\/images\/q\/l\/5daebcdf509c8_[format].jpg","runtime":1360,"editions":{"hd":{"price":0}},"is_downloadable":true},"E69866":{"id":69866,"ref":"E69866","type":"episode","position":50,"title":"Afl 6115 Vr 1 Nov","description":"Uitzending RTL 4: Vr 1 Nov Nina moet liegen tegen Bing omdat ze de verleiding van Daan niet kan weerstaan. Valentijn doorziet Ludo's gevoelens. Als Shanti in de problemen komt, weet haar moeder een passende oplossing.","still":"https:\/\/img-opt.cdn.smartvod.com\/smartvod\/images\/videoland\/data\/images\/1\/g\/5db04fff19c75_[format].jpg","runtime":1386,"editions":{"hd":{"price":0}},"is_downloadable":true},"E70461":{"id":70461,"ref":"E70461","type":"episode","position":51,"title":"Afl 6116 Ma 4 Nov","description":"Uitzending RTL 4: Ma 4 Nov Janine durft, zelfs bij haar beste vrienden, niet toe te geven waar ze mee zit. Rik verzorgt een perfecte avond in De Koning. Rover treft voorbereidingen voor een romantische avond. Valentijn chanteert Bobby.","still":"https:\/\/img-opt.cdn.smartvod.com\/smartvod\/images\/videoland\/data\/images\/v\/1\/5db2a47b05c9f_[format].jpg","runtime":1349,"editions":{"hd":{"price":0}},"is_downloadable":true},"E70465":{"id":70465,"ref":"E70465","type":"episode","position":52,"title":"Afl 6117 Di 5 Nov","description":"Uitzending RTL 4: Di 5 Nov Anton ontdekt iets over Janine en leeft met haar mee. Als Ludo hier getuige van is, trekt hij de verkeerde conclusies. Rover en JoJo geloven niet dat Lucas het vol kan houden om een modelvader te zijn.","still":"https:\/\/img-opt.cdn.smartvod.com\/smartvod\/images\/videoland\/data\/images\/h\/5\/5db30a7502043_[format].jpg","runtime":1370,"editions":{"hd":{"price":0}},"is_downloadable":true},"E70468":{"id":70468,"ref":"E70468","type":"episode","position":53,"title":"Afl 6118 Wo 6 Nov","description":"Uitzending RTL 4: Wo 6 Nov Daan doorziet dat Rik een oogje heeft op Shanti. Nina baalt van Daans gedrag en reageert dit af op Bing. Lucas kan niet geloven wat Rover, JoJo en Kimberly hem geflikt hebben. Puck heeft een huurachterstand en geen geld.","still":"https:\/\/img-opt.cdn.smartvod.com\/smartvod\/images\/videoland\/data\/images\/c\/y\/5db6af3f2a554_[format].jpg","runtime":1361,"editions":{"hd":{"price":0}},"is_downloadable":true},"E70467":{"id":70467,"ref":"E70467","type":"episode","position":54,"title":"Afl 6119 Do 7 Nov","description":"Uitzending RTL 4: Do 7 Nov Daan manipuleert Puck zodat hij er voordeel bij heeft. Als Manu een ongeluk heeft gehad, kan Bing Nina niet bereiken. Shanti confronteert Rik met wat ze over hem heeft gehoord. Billy baalt van Shanti's mannenkeuze.","still":"https:\/\/img-opt.cdn.smartvod.com\/smartvod\/images\/videoland\/data\/images\/e\/f\/5db81702de5f0_[format].jpg","runtime":1380,"editions":{"hd":{"price":0}},"is_downloadable":true},"E70466":{"id":70466,"ref":"E70466","type":"episode","position":55,"title":"Afl 6120 Vr 8 Nov","description":"Uitzending RTL 4: Vr 8 Nov Janine en Anton hebben samen een geheime afspraak. Sjors is verontrust als ze denkt dat Lana iets met Bobby wil. Als Lana een totale make-over wil, vraagt JoJo zich af of ze niet veel te ver gaat.","still":"https:\/\/img-opt.cdn.smartvod.com\/smartvod\/images\/videoland\/data\/images\/b\/8\/5db819611f761_[format].jpg","runtime":1363,"editions":{"hd":{"price":0}},"is_downloadable":true},"E70470":{"id":70470,"ref":"E70470","type":"episode","position":56,"title":"Afl 6121 Ma 11 Nov","description":"Uitzending RTL 4: Ma 11 Nov Rover heeft een werkconflict dat steeds hoger oploopt. Linda gaat op onderzoek uit als ze aanwijzingen vindt dat Anton weer vreemdgaat. Rik heeft een date met Shanti.","still":"https:\/\/img-opt.cdn.smartvod.com\/smartvod\/images\/videoland\/data\/images\/q\/r\/5dbabd875d156_[format].jpg","runtime":1365,"editions":{"hd":{"price":0}},"is_downloadable":true},"E70469":{"id":70469,"ref":"E70469","type":"episode","position":57,"title":"Afl 6122 Di 12 Nov","description":"Uitzending RTL 4: Di 12 Nov Nina doet er alles aan om Daan te negeren omdat er geen toekomst voor hen is. Anton wordt onder druk gezet om vertrouwelijke informatie openbaar te maken.","still":"https:\/\/img-opt.cdn.smartvod.com\/smartvod\/images\/videoland\/data\/images\/i\/6\/5dbacdeeed1e2_[format].jpg","runtime":1363,"editions":{"hd":{"price":0}},"is_downloadable":true},"E70471":{"id":70471,"ref":"E70471","type":"episode","position":58,"title":"Afl 6123 Wo 13 Nov","description":"Uitzending RTL 4: Wo 13 Nov Lucas en Tiffy zijn heel onzeker of ze het als ouders wel goed doen. Jojo wordt gevraagd als zangeres, maar vindt de aanleiding te emotioneel. Nina zit klem tussen twee situaties die al haar aandacht vragen.","still":"https:\/\/img-opt.cdn.smartvod.com\/smartvod\/images\/videoland\/data\/images\/o\/o\/5dbad4fc578e8_[format].jpg","runtime":1374,"editions":{"hd":{"price":0}},"is_downloadable":true},"E70473":{"id":70473,"ref":"E70473","type":"episode","position":59,"title":"Afl 6124 Do 14 Nov","description":"Uitzending RTL 4: Do 14 Nov Nina wil iets voor haar moeder betekenen en eist dat Lucas met haar meedoet. Daans plannen voor een romantische date worden doorkruist door Pucks verwijten. Lana vindt dat Sjors en Amir hun geheim moeten openbaren.","still":"https:\/\/img-opt.cdn.smartvod.com\/smartvod\/images\/videoland\/data\/images\/d\/i\/5dbc530a05012_[format].jpg","runtime":1355,"editions":{"hd":{"price":0}},"is_downloadable":true},"E70472":{"id":70472,"ref":"E70472","type":"episode","position":60,"title":"Afl 6125 Vr 15 Nov","description":"Uitzending RTL 4: Vr 15 Nov Sjors wil van Bobby af omdat haar gezin eraan onderdoor gaat. Billy voelt dat ze iets voor Shanti moet doen als zij teleurgesteld is in de liefde en dus gaat ze bij Rik langs. Valentijn is getuige van een misdaad.","still":"https:\/\/img-opt.cdn.smartvod.com\/smartvod\/images\/videoland\/data\/images\/g\/2\/5dc15c0ed4a64_[format].jpg","runtime":1365,"editions":{"hd":{"price":0}},"is_downloadable":true},"E70476":{"id":70476,"ref":"E70476","type":"episode","position":61,"title":"Afl 6126 Ma 18 Nov","description":"Uitzending RTL 4: Ma 18 Nov Lucas heeft een ziekenhuisfobie, dus staat Nina er alleen voor. Janine ontmoet een lotgenoot waarvan ze niet veel begrijpt. Anton heeft zwijgplicht, maar Ludo zet hem onder druk.","still":"https:\/\/img-opt.cdn.smartvod.com\/smartvod\/images\/videoland\/data\/images\/5\/3\/5dc40bf8be88c_[format].jpg","runtime":1380,"editions":{"hd":{"price":0}},"is_downloadable":true},"E70477":{"id":70477,"ref":"E70477","type":"episode","position":62,"title":"Afl 6127 Di 19 Nov","description":"Uitzending RTL 4: Di 18 Nov Een pechdag voor Puck: zowel zakelijk als priv\u00e9 zit het enorm tegen. Tiffy neemt Janine in vertrouwen over een fout van Lucas. Nina heeft het fijn met Bing en dat verwart haar. Laura probeert Janine te beschermen.","still":"https:\/\/img-opt.cdn.smartvod.com\/smartvod\/images\/videoland\/data\/images\/0\/9\/5dc566d2a2d7c_[format].jpg","runtime":1380,"editions":{"hd":{"price":0}},"is_downloadable":true},"E70474":{"id":70474,"ref":"E70474","type":"episode","position":63,"title":"Afl 6128 Wo 20 Nov","description":"Uitzending RTL 4: Wo 20 Nov Linda hoopt dat Rover en Kimberly hun reisplannen uitstellen. Om wat zekerder te zijn, praat ze op Kimberly in. Nina wordt boos op Daan als hij geen geduld voor haar kan opbrengen. Ze lucht haar hart bij Shanti.","still":"https:\/\/img-opt.cdn.smartvod.com\/smartvod\/images\/videoland\/data\/images\/u\/y\/5dc566d7e985a_[format].jpg","runtime":1357,"editions":{"hd":{"price":0}},"is_downloadable":true},"E70475":{"id":70475,"ref":"E70475","type":"episode","position":64,"title":"Afl 6129 Do 21 Nov","description":"Uitzending RTL 4: Do 21 Nov Shanti wordt door Rik uitgedaagd. Billy schiet haar dochter te hulp als het in de keuken allemaal niet zo vlot gaat. Lana vraagt Bobby op date, dan komt ze erachter dat hij tegen haar gelogen heeft.","still":"https:\/\/img-opt.cdn.smartvod.com\/smartvod\/images\/videoland\/data\/images\/2\/o\/5dca9c6ac6981_[format].jpg","runtime":1350,"editions":{"hd":{"price":0}},"is_downloadable":true},"E70478":{"id":70478,"ref":"E70478","type":"episode","position":65,"title":"Afl 6130 Vr 22 Nov","description":"Uitzending RTL 4: Vr 22 Nov Lucas neemt zich voor om zijn moeder nu \u00e9cht bij te staan in het ziekenhuis. Shanti geniet van haar date, totdat de romantiek verstoord wordt. Billy en Laura brullen mee met smartlappen en hebben de grootste lol.","still":"https:\/\/img-opt.cdn.smartvod.com\/smartvod\/images\/videoland\/data\/images\/u\/3\/5dcbb803336ab_[format].jpg","runtime":1380,"editions":{"hd":{"price":0}},"is_downloadable":true},"E70480":{"id":70480,"ref":"E70480","type":"episode","position":66,"title":"Afl 6131 Ma 25 Nov","description":"Uitzending RTL 4: Ma 25 Nov Janine wordt keihard geconfronteerd met een onmogelijke keuze. Nina regelt iets leuks voor Bing, maar hij kan haar eerdere uitspraken niet van zich af zetten. Linda wordt overvallen door verbouwingsplannen van Anton.","still":"https:\/\/img-opt.cdn.smartvod.com\/smartvod\/images\/videoland\/data\/images\/t\/v\/5dce6eef89c38_[format].jpg","runtime":1380,"editions":{"hd":{"price":0}},"is_downloadable":true},"E70481":{"id":70481,"ref":"E70481","type":"episode","position":67,"title":"Afl 6132 Di 26 Nov","description":"Uitzending RTL 4: Di 26 Nov Nina is het niet eens met de beslissing van haar moeder. Eva geeft Janine op een bijzondere manier steun en kracht. Ludo houdt zich afzijdig. Sjors confronteert Amir met wat hij weet over Bobby's criminaliteit.","still":"https:\/\/img-opt.cdn.smartvod.com\/smartvod\/images\/videoland\/data\/images\/b\/7\/5dd24c1f3e5c9_[format].jpg","runtime":1378,"editions":{"hd":{"price":0}},"is_downloadable":true},"E70479":{"id":70479,"ref":"E70479","type":"episode","position":68,"title":"Afl 6133 Wo 27 Nov","description":"Uitzending RTL 4: Wo 27 Nov Een oude bekende duikt op. Daan baalt dat hij niet met Nina in contact kan komen en dat maakt het slechtste in hem los. Shanti en Rik dagen elkaar uit: het is De Koning versus Boks. Lana dringt zich op aan Bobby.","still":"https:\/\/img-opt.cdn.smartvod.com\/smartvod\/images\/videoland\/data\/images\/c\/z\/5dd2ac1c4762c_[format].jpg","runtime":1364,"editions":{"hd":{"price":0}},"is_downloadable":true},"E70483":{"id":70483,"ref":"E70483","type":"episode","position":69,"title":"Afl 6134 Do 28 Nov","description":"Uitzending RTL 4: Do 28 Nov Shanti wordt gekwetst als ze Rik over de liefde hoort praten. Om Bing niet achterdochtig te maken, wordt Nina gedwongen om te improviseren. Sint is op bezoek in Boks. Tiffy en Puck spannen samen.","still":"https:\/\/img-opt.cdn.smartvod.com\/smartvod\/images\/videoland\/data\/images\/8\/o\/5dd28c781f94e_[format].jpg","runtime":1377,"editions":{"hd":{"price":0}},"is_downloadable":true},"E70485":{"id":70485,"ref":"E70485","type":"episode","position":70,"title":"Afl 6135 Vr 29 Nov","description":"Uitzending RTL 4: Vr 29 Nov Shanti en Rik durven allebei niet een eerste stap te zetten. Linda ontdekt wat Anton achter haar rug om heeft uitgespookt. Valentijn wil graag weer in de garage komen wonen, dus probeert hij Linda in te palmen.","still":"https:\/\/img-opt.cdn.smartvod.com\/smartvod\/images\/videoland\/data\/images\/7\/1\/5dd692873f0ca_[format].jpg","runtime":1369,"editions":{"hd":{"price":0}},"is_downloadable":true},"E70484":{"id":70484,"ref":"E70484","type":"episode","position":71,"title":"Afl 6136 Ma 2 Dec","description":"Uitzending RTL 4: Ma 2 Dec","still":"https:\/\/img-opt.cdn.smartvod.com\/smartvod\/images\/videoland\/data\/images\/j\/y\/5dd7fa554705d_[format].jpg","runtime":1352,"editions":{"hd":{"price":0}},"is_downloadable":true},"E70486":{"id":70486,"ref":"E70486","type":"episode","position":72,"title":"Afl 6137 Di 3 Dec","description":"Uitzending RTL 4: Wo 4 Nov","still":"https:\/\/img-opt.cdn.smartvod.com\/smartvod\/images\/videoland\/data\/images\/v\/g\/5dd7fb85ab7c3_[format].jpg","runtime":1365,"editions":{"hd":{"price":0}},"is_downloadable":true},"E70482":{"id":70482,"ref":"E70482","type":"episode","position":73,"title":"Afl 6138 Wo 4 Dec","description":"Uitzending RTL 4: Wo 4 Dec","still":"https:\/\/img-opt.cdn.smartvod.com\/smartvod\/images\/videoland\/data\/images\/d\/d\/5ddbca76c9d30_[format].jpg","runtime":1367,"editions":{"hd":{"price":0}},"is_downloadable":true},"E70487":{"id":70487,"ref":"E70487","type":"episode","position":74,"title":"Afl 6139 Do 5 Dec","description":"Uitzending RTL 4: Do 5 Dec","still":"https:\/\/img-opt.cdn.smartvod.com\/smartvod\/images\/videoland\/data\/images\/o\/q\/5ddcfc52f12bd_[format].jpg","runtime":1373,"editions":{"hd":{"price":0}},"is_downloadable":true},"E70488":{"id":70488,"ref":"E70488","type":"episode","position":75,"title":"Afl 6140 Vr 6 Dec","description":"Uitzending RTL 4: Vr 6 Dec","still":"https:\/\/img-opt.cdn.smartvod.com\/smartvod\/images\/videoland\/data\/images\/9\/h\/5ddd404b04f6f_[format].jpg","runtime":1352,"editions":{"hd":{"price":0}},"is_downloadable":true},"E70868":{"id":70868,"ref":"E70868","type":"episode","position":76,"title":"Afl 6141 Ma 9 Dec","description":"Uitzending RTL 4: Ma 9 Dec Lana moet in kritieke toestand meteen door naar de OK. Nina zegt een afspraak af om haar moeder in de gaten te kunnen houden. Linda is getuige van een ruzie tussen Billy en Laura.","still":"https:\/\/img-opt.cdn.smartvod.com\/smartvod\/images\/videoland\/data\/images\/t\/2\/5de1314a8a9b7_[format].jpg","runtime":1378,"editions":{"hd":{"price":0}},"is_downloadable":true},"E70872":{"id":70872,"ref":"E70872","type":"episode","position":77,"title":"Afl 6142 Di 10 Dec","description":"Uitzending RTL 4: Di 10 Dec Janine laat zich er door Eva van overtuigen dat het ontmoeten van lotgenoten een goed idee is. Valentijn en JoJo horen het nieuws over Lana. Amir krijgt grote verwijten naar zijn hoofd geslingerd.","still":"https:\/\/img-opt.cdn.smartvod.com\/smartvod\/images\/videoland\/data\/images\/1\/r\/5de1372369dc7_[format].jpg","runtime":1371,"editions":{"hd":{"price":0}},"is_downloadable":true},"E70869":{"id":70869,"ref":"E70869","type":"episode","position":78,"title":"Afl 6143 Wo 11 Dec","description":"Uitzending RTL 4: Wo 11 Dec Amir doet een poging om het goed te maken met Sjors. Nina en Daan zorgen ervoor dat ze een ongestoorde tijd samen kunnen beleven. Puck heeft grote problemen met de levering van haar LaPuck kledinglijn.","still":"https:\/\/img-opt.cdn.smartvod.com\/smartvod\/images\/videoland\/data\/images\/q\/c\/5de530563e82f_[format].jpg","runtime":1380,"editions":{"hd":{"price":0}},"is_downloadable":true},"E70871":{"id":70871,"ref":"E70871","type":"episode","position":79,"title":"Afl 6144 Do 12 Dec","description":"Uitzending RTL 4: Do 12 Dec Valentijn weet niet hoe hij toenadering moet zoeken tot Lana. Hij krijgt hulp uit onverwachte hoek. Rik en Shanti ontdekken dat ze in precies dezelfde onprettige positie zitten.","still":"https:\/\/img-opt.cdn.smartvod.com\/smartvod\/images\/videoland\/data\/images\/e\/8\/5de5318048a0d_[format].jpg","runtime":1380,"editions":{"hd":{"price":0}},"is_downloadable":true},"E70870":{"id":70870,"ref":"E70870","type":"episode","position":80,"title":"Afl 6145 Vr 13 Dec","description":"Uitzending RTL 4: Vr 13 Dec Shanti baalt van haar moeder en daagt haar uit. Dit leidt tot een ongekende bekentenis. Linda leert een les van Tiffy. Janine komt in actie als ze een financi\u00eble buffer wil opbouwen vanwege haar ziekte.","still":"https:\/\/img-opt.cdn.smartvod.com\/smartvod\/images\/videoland\/data\/images\/n\/1\/5de67f7ae42df_[format].jpg","runtime":1379,"editions":{"hd":{"price":0}},"is_downloadable":true},"E70895":{"id":70895,"ref":"E70895","type":"episode","position":81,"title":"Afl 6146 Ma 16 Dec","description":"Uitzending RTL 4: Ma 16 Dec Daan baalt als Nola zijn liefdesplannen verstoort. Janine laat zich niet door Ludo tegenhouden als ze een feestje wil bouwen. Shanti vindt dat Billy haar een absurd voorstel doet. Daardoor ontstaat er een familiecrisis.","still":"https:\/\/img-opt.cdn.smartvod.com\/smartvod\/images\/videoland\/data\/images\/0\/g\/5ded67dae5077_[format].jpg","runtime":1350,"editions":{"hd":{"price":0}},"is_downloadable":true},"E70893":{"id":70893,"ref":"E70893","type":"episode","position":82,"title":"Afl 6147 Di 17 Dec","description":"Uitzending RTL 4: Di 17 Dec Anton verheugt zich erop om met Linda samen te zijn, maar zij heeft vooral behoefte aan mensen om zich heen. Janine laat weten dat zij door niemand en op geen enkele manier emotioneel onder druk gezet wil worden.","still":"https:\/\/img-opt.cdn.smartvod.com\/smartvod\/images\/videoland\/data\/images\/w\/p\/5ded69033b904_[format].jpg","runtime":1363,"editions":{"hd":{"price":0}},"is_downloadable":true},"E70897":{"id":70897,"ref":"E70897","type":"episode","position":83,"title":"Afl 6148 Wo 18 Dec","description":"Uitzending RTL 4: Wo 18 Dec Door een keuze van Amir bekoelt zijn relatie met Sjors nog meer. Als Billy met een verrassing staat, stuurt Shanti haar weg. Ludo houdt zich groot, maar zijn eenzaamheid komt keihard binnen.","still":"https:\/\/img-opt.cdn.smartvod.com\/smartvod\/images\/videoland\/data\/images\/4\/v\/5df08cf2b563c_[format].jpg","runtime":1346,"editions":{"hd":{"price":0}},"is_downloadable":true},"E70896":{"id":70896,"ref":"E70896","type":"episode","position":84,"title":"Afl 6149 Do 19 Dec","description":"Uitzending RTL 4: Do 19 Dec Puck heeft het moeilijk en vraagt hulp aan Linda. Die krijgt ze, maar anders dan verwacht. Amir speelt hoog spel als hij Sjors overdondert met een vergaand voorstel. Bobby windt zich op als hij Valentijn met Lana ziet.","still":"https:\/\/img-opt.cdn.smartvod.com\/smartvod\/images\/videoland\/data\/images\/t\/s\/5df136d7a88c0_[format].jpg","runtime":1363,"editions":{"hd":{"price":0}},"is_downloadable":true},"E70894":{"id":70894,"ref":"E70894","type":"episode","position":85,"title":"Afl 6150 Vr 20 Dec","description":"Uitzending RTL 4: Vr 20 Dec Shanti is het totaal niet eens met de manier waarop haar moeder over De Koning denkt te kunnen beslissen. Rik heeft belastende informatie en wil naar de politie stappen.","still":"https:\/\/img-opt.cdn.smartvod.com\/smartvod\/images\/videoland\/data\/images\/3\/o\/5df143dab0564_[format].jpg","runtime":1306,"editions":{"hd":{"price":0}},"is_downloadable":true},"E71019":{"id":71019,"ref":"E71019","type":"episode","position":86,"title":"Afl 6151 Ma 23 Dec","description":"Uitzending RTL 4: Ma 23 Dec Sjors laat Amir haar ware gevoelens zien. Lana krijgt goed nieuws en maakt een nieuwe vriendin. Janine roept de hulp in van Nina en Lucas. Puck waarschuwt Shanti voor Rik.","still":"https:\/\/img-opt.cdn.smartvod.com\/smartvod\/images\/videoland\/data\/images\/8\/4\/5df519c3291fd_[format].jpg","runtime":1364,"editions":{"hd":{"price":0}},"is_downloadable":true},"E71023":{"id":71023,"ref":"E71023","type":"episode","position":87,"title":"Afl 6152 Di 24 Dec","description":"Uitzending RTL 4: Di 24 Dec Rik doet een ontdekking waar hij niets van begrijpt. Het huwelijk tussen Bing en Nina leeft weer op. Lana ziet dat er thuis dingen veranderd zijn.","still":"https:\/\/img-opt.cdn.smartvod.com\/smartvod\/images\/videoland\/data\/images\/x\/8\/5df7d30d52dca_[format].jpg","runtime":1349,"editions":{"hd":{"price":0}},"is_downloadable":true},"E71024":{"id":71024,"ref":"E71024","type":"episode","position":88,"title":"Afl 6153 Wo 25 Dec","description":"Uitzending RTL 4: Wo 25 Dec Daan is blij als Nina met hem af wil spreken. Valentijn vraagt Ludo om liefdesadvies. Linda snuffelt door haar verleden en krijgt daardoor plannen voor de toekomst.","still":"https:\/\/img-opt.cdn.smartvod.com\/smartvod\/images\/videoland\/data\/images\/w\/u\/5df8ee9f82840_[format].jpg","runtime":1369,"editions":{"hd":{"price":0}},"is_downloadable":true},"E71022":{"id":71022,"ref":"E71022","type":"episode","position":89,"title":"Afl 6154 Do 26 Dec","description":"Uitzending RTL 4: Do 26 Dec Bing bereidt een romantisch avondje voor. Billy strijdt met Shanti, maar heeft groot respect voor hoe haar dochter de zaak aanpakt. Anton haalt Linda's plannen naar beneden en komt daardoor in conflict met Ludo.","still":"https:\/\/img-opt.cdn.smartvod.com\/smartvod\/images\/videoland\/data\/images\/s\/p\/5dfa52e8985ba_[format].jpg","runtime":1371,"editions":{"hd":{"price":0}},"is_downloadable":true},"E71025":{"id":71025,"ref":"E71025","type":"episode","position":90,"title":"Afl 6155 Vr 27 Dec","description":"Uitzending RTL 4: Vr 27 Dec Valentijn besluit dat hij het anders moet aanpakken om Lana te versieren. Janine wordt keihard geconfronteerd met de consequenties van haar ziekte. Laura vindt dat Linda een onzalig plan heeft en geeft tegengas.","still":"https:\/\/img-opt.cdn.smartvod.com\/smartvod\/images\/videoland\/data\/images\/8\/h\/5dfb305d9e994_[format].jpg","runtime":1380,"editions":{"hd":{"price":0}},"is_downloadable":true},"E71173":{"id":71173,"ref":"E71173","type":"episode","position":91,"title":"Afl 6156 Ma 30 Dec","description":"Uitzending RTL 4: Ma 30 Dec Bing helpt zijn kinderen om geld te verdienen op de winterfair. Rik treft een oude vriend waarmee hij vroeger heeft samengewerkt. Shanti is slachtoffer van een verkeersongeluk.","still":"https:\/\/img-opt.cdn.smartvod.com\/smartvod\/images\/videoland\/data\/images\/6\/g\/5dfcf25ed6aae_[format].jpg","runtime":1365,"editions":{"hd":{"price":0}},"is_downloadable":true},"E71175":{"id":71175,"ref":"E71175","type":"episode","position":92,"title":"Afl 6157 Di 31 Dec","description":"Uitzending RTL 4: Di 31 Dec Nina weet zeker dat ze het slachtoffer is van een gemeen plan. Shanti verafschuwt haar moeder en zou haar het liefst zien verdwijnen. Bobby wil geen geheime relatie met Lana, maar wat hij wel wil, k\u00e1n gewoon niet.","still":"https:\/\/img-opt.cdn.smartvod.com\/smartvod\/images\/videoland\/data\/images\/n\/3\/5e0072d746322_[format].jpg","runtime":1336,"editions":{"hd":{"price":0}},"is_downloadable":true}}}