{"id":500689,"ref":"S500689","type":"series","title":"B&B Vol liefde","year":2022,"rating":4,"poster":"https:\/\/img-opt.cdn.smartvod.com\/smartvod\/images\/videoland\/data\/images\/z\/1\/630873d367ba7_[format].jpg","still":"https:\/\/img-opt.cdn.smartvod.com\/smartvod\/images\/videoland\/data\/images\/k\/9\/62c81e8bc8c6a_[format].jpg","cast":{"actors":["Art Rooijakkers"]},"genres":["Reality"],"refs":["SN4325","SN5028"],"is_adult":false,"is_kids":false,"is_available":true,"description":"Zes alleenstaande eigenaren van een bed and breakfast verspreid over Europa gaan op zoek naar de liefde van hun leven. Welke Nederlandse partner durft over de grens te kijken en maakt het avontuur van deze eigenaren compleet?","nicam":{"al":"Alle leeftijden"},"language":"nl","language_full":"Nederlands","details":{"SN4325":{"id":4325,"ref":"SN4325","type":"season","title":"1","position":1},"SN5028":{"id":5028,"ref":"SN5028","type":"season","title":"2","position":2,"refs":["E99780","E99781","E99749","E99753","E99741","E99754","E99744","E99756","E99786","E99750","E99745","E99777","E99751","E99774","E99742","E99748","E99755","E99783","E99766","E99759","E99770","E99778","E99740","E99771","E99765","E99796","E99793","E99788","E99794","E99795","E99790","E99791","E99792","E99787","E99789"]},"E99780":{"id":99780,"ref":"E99780","type":"episode","position":1,"title":"","description":"Acht alleenstaande eigenaren van een bed and breakfast verspreid over Europa gaan op zoek naar de liefde van hun leven. Welke Nederlandse partner durft over de grens te kijken en maakt het avontuur van deze eigenaren compleet?","still":"https:\/\/img-opt.cdn.smartvod.com\/smartvod\/images\/videoland\/data\/images\/j\/8\/62c7de298f349_[format].jpg","runtime":3295,"editions":{"hd":{"price":0}},"is_downloadable":true},"E99781":{"id":99781,"ref":"E99781","type":"episode","position":2,"title":"","description":"Acht alleenstaande eigenaren van een bed and breakfast verspreid over Europa gaan op zoek naar de liefde van hun leven. Welke Nederlandse partner durft over de grens te kijken en maakt het avontuur van deze eigenaren compleet?","still":"https:\/\/img-opt.cdn.smartvod.com\/smartvod\/images\/videoland\/data\/images\/9\/i\/62c7f932b1243_[format].jpg","runtime":3286,"editions":{"hd":{"price":0}},"is_downloadable":true},"E99749":{"id":99749,"ref":"E99749","type":"episode","position":3,"title":"","description":"Acht alleenstaande eigenaren van een bed and breakfast verspreid over Europa gaan op zoek naar de liefde van hun leven. Welke Nederlandse partner durft over de grens te kijken en maakt het avontuur van deze eigenaren compleet?","still":"https:\/\/img-opt.cdn.smartvod.com\/smartvod\/images\/videoland\/data\/images\/f\/g\/62c811df9ff38_[format].jpg","runtime":3234,"editions":{"hd":{"price":0}},"is_downloadable":true},"E99753":{"id":99753,"ref":"E99753","type":"episode","position":4,"title":"","description":"Acht alleenstaande eigenaren van een bed and breakfast verspreid over Europa gaan op zoek naar de liefde van hun leven. Welke Nederlandse partner durft over de grens te kijken en maakt het avontuur van deze eigenaren compleet?","still":"https:\/\/img-opt.cdn.smartvod.com\/smartvod\/images\/videoland\/data\/images\/5\/6\/62c811e686d23_[format].jpg","runtime":3298,"editions":{"hd":{"price":0}},"is_downloadable":true},"E99741":{"id":99741,"ref":"E99741","type":"episode","position":5,"title":"","description":"Acht alleenstaande eigenaren van een bed and breakfast verspreid over Europa gaan op zoek naar de liefde van hun leven. Welke Nederlandse partner durft over de grens te kijken en maakt het avontuur van deze eigenaren compleet?","still":"https:\/\/img-opt.cdn.smartvod.com\/smartvod\/images\/videoland\/data\/images\/0\/p\/62c812ec843a0_[format].jpg","runtime":3255,"editions":{"hd":{"price":0}},"is_downloadable":true},"E99754":{"id":99754,"ref":"E99754","type":"episode","position":6,"title":"","description":"Acht alleenstaande eigenaren van een bed and breakfast verspreid over Europa gaan op zoek naar de liefde van hun leven. Welke Nederlandse partner durft over de grens te kijken en maakt het avontuur van deze eigenaren compleet?","still":"https:\/\/img-opt.cdn.smartvod.com\/smartvod\/images\/videoland\/data\/images\/8\/e\/62c811ef3001b_[format].jpg","runtime":3263,"editions":{"hd":{"price":0}},"is_downloadable":true},"E99744":{"id":99744,"ref":"E99744","type":"episode","position":7,"title":"","description":"Acht alleenstaande eigenaren van een bed and breakfast verspreid over Europa gaan op zoek naar de liefde van hun leven. Welke Nederlandse partner durft over de grens te kijken en maakt het avontuur van deze eigenaren compleet?","still":"https:\/\/img-opt.cdn.smartvod.com\/smartvod\/images\/videoland\/data\/images\/6\/n\/62cfd9e68fce6_[format].jpg","runtime":3281,"editions":{"hd":{"price":0}},"is_downloadable":true},"E99756":{"id":99756,"ref":"E99756","type":"episode","position":8,"title":"","description":"Acht alleenstaande eigenaren van een bed and breakfast verspreid over Europa gaan op zoek naar de liefde van hun leven. Welke Nederlandse partner durft over de grens te kijken en maakt het avontuur van deze eigenaren compleet?","still":"https:\/\/img-opt.cdn.smartvod.com\/smartvod\/images\/videoland\/data\/images\/n\/v\/62d02168bff88_[format].jpg","runtime":3264,"editions":{"hd":{"price":0}},"is_downloadable":true},"E99786":{"id":99786,"ref":"E99786","type":"episode","position":9,"title":"","description":"Acht alleenstaande eigenaren van een bed and breakfast verspreid over Europa gaan op zoek naar de liefde van hun leven. Welke Nederlandse partner durft over de grens te kijken en maakt het avontuur van deze eigenaren compleet?","still":"https:\/\/img-opt.cdn.smartvod.com\/smartvod\/images\/videoland\/data\/images\/v\/9\/62cfc3a2d5835_[format].jpg","runtime":3267,"editions":{"hd":{"price":0}},"is_downloadable":true},"E99750":{"id":99750,"ref":"E99750","type":"episode","position":10,"title":"","description":"Acht alleenstaande eigenaren van een bed and breakfast verspreid over Europa gaan op zoek naar de liefde van hun leven. Welke Nederlandse partner durft over de grens te kijken en maakt het avontuur van deze eigenaren compleet?","still":"https:\/\/img-opt.cdn.smartvod.com\/smartvod\/images\/videoland\/data\/images\/b\/i\/62d02068b3392_[format].jpg","runtime":3203,"editions":{"hd":{"price":0}},"is_downloadable":true},"E99745":{"id":99745,"ref":"E99745","type":"episode","position":11,"title":"","description":"Acht alleenstaande eigenaren van een bed and breakfast verspreid over Europa gaan op zoek naar de liefde van hun leven. Welke Nederlandse partner durft over de grens te kijken en maakt het avontuur van deze eigenaren compleet?","still":"https:\/\/img-opt.cdn.smartvod.com\/smartvod\/images\/videoland\/data\/images\/0\/d\/62d3015359a88_[format].jpg","runtime":3270,"editions":{"hd":{"price":0}},"is_downloadable":true},"E99777":{"id":99777,"ref":"E99777","type":"episode","position":12,"title":"","description":"Acht alleenstaande eigenaren van een bed and breakfast verspreid over Europa gaan op zoek naar de liefde van hun leven. Welke Nederlandse partner durft over de grens te kijken en maakt het avontuur van deze eigenaren compleet?","still":"https:\/\/img-opt.cdn.smartvod.com\/smartvod\/images\/videoland\/data\/images\/t\/g\/62d67872ac4d1_[format].jpg","runtime":3213,"editions":{"hd":{"price":0}},"is_downloadable":true},"E99751":{"id":99751,"ref":"E99751","type":"episode","position":13,"title":"","description":"Acht alleenstaande eigenaren van een bed and breakfast verspreid over Europa gaan op zoek naar de liefde van hun leven. Welke Nederlandse partner durft over de grens te kijken en maakt het avontuur van deze eigenaren compleet?","still":"https:\/\/img-opt.cdn.smartvod.com\/smartvod\/images\/videoland\/data\/images\/0\/e\/62d6c370f0f97_[format].jpg","runtime":3300,"editions":{"hd":{"price":0}},"is_downloadable":true},"E99774":{"id":99774,"ref":"E99774","type":"episode","position":14,"title":"","description":"Acht alleenstaande eigenaren van een bed and breakfast verspreid over Europa gaan op zoek naar de liefde van hun leven. Welke Nederlandse partner durft over de grens te kijken en maakt het avontuur van deze eigenaren compleet?","still":"https:\/\/img-opt.cdn.smartvod.com\/smartvod\/images\/videoland\/data\/images\/k\/g\/62d7f0b4a8459_[format].jpg","runtime":3190,"editions":{"hd":{"price":0}},"is_downloadable":true},"E99742":{"id":99742,"ref":"E99742","type":"episode","position":15,"title":"","description":"Acht alleenstaande eigenaren van een bed and breakfast verspreid over Europa gaan op zoek naar de liefde van hun leven. Welke Nederlandse partner durft over de grens te kijken en maakt het avontuur van deze eigenaren compleet?","still":"https:\/\/img-opt.cdn.smartvod.com\/smartvod\/images\/videoland\/data\/images\/w\/m\/62d9447374f98_[format].jpg","runtime":3193,"editions":{"hd":{"price":0}},"is_downloadable":true},"E99748":{"id":99748,"ref":"E99748","type":"episode","position":16,"title":"","description":"Acht alleenstaande eigenaren van een bed and breakfast verspreid over Europa gaan op zoek naar de liefde van hun leven. Welke Nederlandse partner durft over de grens te kijken en maakt het avontuur van deze eigenaren compleet?","still":"https:\/\/img-opt.cdn.smartvod.com\/smartvod\/images\/videoland\/data\/images\/0\/o\/62daa79973a9c_[format].jpg","runtime":3266,"editions":{"hd":{"price":0}},"is_downloadable":true},"E99755":{"id":99755,"ref":"E99755","type":"episode","position":17,"title":"","description":"Acht alleenstaande eigenaren van een bed and breakfast verspreid over Europa gaan op zoek naar de liefde van hun leven. Welke Nederlandse partner durft over de grens te kijken en maakt het avontuur van deze eigenaren compleet?","still":"https:\/\/img-opt.cdn.smartvod.com\/smartvod\/images\/videoland\/data\/images\/i\/r\/62debbada7f43_[format].jpg","runtime":3209,"editions":{"hd":{"price":0}},"is_downloadable":true},"E99783":{"id":99783,"ref":"E99783","type":"episode","position":18,"title":"","description":"Acht alleenstaande eigenaren van een bed and breakfast verspreid over Europa gaan op zoek naar de liefde van hun leven. Welke Nederlandse partner durft over de grens te kijken en maakt het avontuur van deze eigenaren compleet?","still":"https:\/\/img-opt.cdn.smartvod.com\/smartvod\/images\/videoland\/data\/images\/f\/k\/62e0f082b31d0_[format].jpg","runtime":3287,"editions":{"hd":{"price":0}},"is_downloadable":true},"E99766":{"id":99766,"ref":"E99766","type":"episode","position":19,"title":"","description":"Acht alleenstaande eigenaren van een bed and breakfast verspreid over Europa gaan op zoek naar de liefde van hun leven. Welke Nederlandse partner durft over de grens te kijken en maakt het avontuur van deze eigenaren compleet?","still":"https:\/\/img-opt.cdn.smartvod.com\/smartvod\/images\/videoland\/data\/images\/9\/w\/62e1703ed64e0_[format].jpg","runtime":3234,"editions":{"hd":{"price":0}},"is_downloadable":true},"E99759":{"id":99759,"ref":"E99759","type":"episode","position":20,"title":"","description":"Acht alleenstaande eigenaren van een bed and breakfast verspreid over Europa gaan op zoek naar de liefde van hun leven. Welke Nederlandse partner durft over de grens te kijken en maakt het avontuur van deze eigenaren compleet?","still":"https:\/\/img-opt.cdn.smartvod.com\/smartvod\/images\/videoland\/data\/images\/h\/0\/62e29675a1ea5_[format].jpg","runtime":3222,"editions":{"hd":{"price":0}},"is_downloadable":true},"E99770":{"id":99770,"ref":"E99770","type":"episode","position":21,"title":"","description":"Acht alleenstaande eigenaren van een bed and breakfast verspreid over Europa gaan op zoek naar de liefde van hun leven. Welke Nederlandse partner durft over de grens te kijken en maakt het avontuur van deze eigenaren compleet?","still":"https:\/\/img-opt.cdn.smartvod.com\/smartvod\/images\/videoland\/data\/images\/d\/9\/62e395dabb2de_[format].jpg","runtime":3249,"editions":{"hd":{"price":0}},"is_downloadable":true},"E99778":{"id":99778,"ref":"E99778","type":"episode","position":22,"title":"","description":"Acht alleenstaande eigenaren van een bed and breakfast verspreid over Europa gaan op zoek naar de liefde van hun leven. Welke Nederlandse partner durft over de grens te kijken en maakt het avontuur van deze eigenaren compleet?","still":"https:\/\/img-opt.cdn.smartvod.com\/smartvod\/images\/videoland\/data\/images\/m\/s\/62e7e94e87289_[format].jpg","runtime":3301,"editions":{"hd":{"price":0}},"is_downloadable":true},"E99740":{"id":99740,"ref":"E99740","type":"episode","position":23,"title":"","description":"Acht alleenstaande eigenaren van een bed and breakfast verspreid over Europa gaan op zoek naar de liefde van hun leven. Welke Nederlandse partner durft over de grens te kijken en maakt het avontuur van deze eigenaren compleet?","still":"https:\/\/img-opt.cdn.smartvod.com\/smartvod\/images\/videoland\/data\/images\/s\/f\/62e944277ca6b_[format].jpg","runtime":3293,"editions":{"hd":{"price":0}},"is_downloadable":true},"E99771":{"id":99771,"ref":"E99771","type":"episode","position":24,"title":"","description":"Acht alleenstaande eigenaren van een bed and breakfast verspreid over Europa gaan op zoek naar de liefde van hun leven. Welke Nederlandse partner durft over de grens te kijken en maakt het avontuur van deze eigenaren compleet?","still":"https:\/\/img-opt.cdn.smartvod.com\/smartvod\/images\/videoland\/data\/images\/k\/f\/62ea879927b00_[format].jpg","runtime":3286,"editions":{"hd":{"price":0}},"is_downloadable":true},"E99765":{"id":99765,"ref":"E99765","type":"episode","position":25,"title":"","description":"Acht alleenstaande eigenaren van een bed and breakfast verspreid over Europa gaan op zoek naar de liefde van hun leven. Welke Nederlandse partner durft over de grens te kijken en maakt het avontuur van deze eigenaren compleet?","still":"https:\/\/img-opt.cdn.smartvod.com\/smartvod\/images\/videoland\/data\/images\/g\/i\/62ec0cab3df40_[format].jpg","runtime":3282,"editions":{"hd":{"price":0}},"is_downloadable":true},"E99796":{"id":99796,"ref":"E99796","type":"episode","position":26,"title":"","description":"Acht alleenstaande eigenaren van een bed and breakfast verspreid over Europa gaan op zoek naar de liefde van hun leven. Welke Nederlandse partner durft over de grens te kijken en maakt het avontuur van deze eigenaren compleet?","still":"https:\/\/img-opt.cdn.smartvod.com\/smartvod\/images\/videoland\/data\/images\/u\/f\/62ed2cf672e12_[format].jpg","runtime":3265,"editions":{"hd":{"price":0}},"is_downloadable":true},"E99793":{"id":99793,"ref":"E99793","type":"episode","position":27,"title":"","description":"Acht alleenstaande eigenaren van een bed and breakfast verspreid over Europa gaan op zoek naar de liefde van hun leven. Welke Nederlandse partner durft over de grens te kijken en maakt het avontuur van deze eigenaren compleet?","still":"https:\/\/img-opt.cdn.smartvod.com\/smartvod\/images\/videoland\/data\/images\/v\/s\/62ee4d36d1a73_[format].jpg","runtime":3214,"editions":{"hd":{"price":0}},"is_downloadable":true},"E99788":{"id":99788,"ref":"E99788","type":"episode","position":28,"title":"","description":"Acht alleenstaande eigenaren van een bed and breakfast verspreid over Europa gaan op zoek naar de liefde van hun leven. Welke Nederlandse partner durft over de grens te kijken en maakt het avontuur van deze eigenaren compleet?","still":"https:\/\/img-opt.cdn.smartvod.com\/smartvod\/images\/videoland\/data\/images\/7\/r\/62f2291ae58c7_[format].jpg","runtime":3195,"editions":{"hd":{"price":0}},"is_downloadable":true},"E99794":{"id":99794,"ref":"E99794","type":"episode","position":29,"title":"","description":"Acht alleenstaande eigenaren van een bed and breakfast verspreid over Europa gaan op zoek naar de liefde van hun leven. Welke Nederlandse partner durft over de grens te kijken en maakt het avontuur van deze eigenaren compleet?","still":"https:\/\/img-opt.cdn.smartvod.com\/smartvod\/images\/videoland\/data\/images\/4\/9\/62f2767381d61_[format].jpg","runtime":3268,"editions":{"hd":{"price":0}},"is_downloadable":true},"E99795":{"id":99795,"ref":"E99795","type":"episode","position":30,"title":"","description":"Acht alleenstaande eigenaren van een bed and breakfast verspreid over Europa gaan op zoek naar de liefde van hun leven. Welke Nederlandse partner durft over de grens te kijken en maakt het avontuur van deze eigenaren compleet?","still":"https:\/\/img-opt.cdn.smartvod.com\/smartvod\/images\/videoland\/data\/images\/v\/0\/62f4f64a84475_[format].jpg","runtime":3245,"editions":{"hd":{"price":0}},"is_downloadable":true},"E99790":{"id":99790,"ref":"E99790","type":"episode","position":31,"title":"","description":"Acht alleenstaande eigenaren van een bed and breakfast verspreid over Europa gaan op zoek naar de liefde van hun leven. Welke Nederlandse partner durft over de grens te kijken en maakt het avontuur van deze eigenaren compleet?","still":"https:\/\/img-opt.cdn.smartvod.com\/smartvod\/images\/videoland\/data\/images\/o\/6\/62fa54edeccb6_[format].jpg","runtime":3237,"editions":{"hd":{"price":0}},"is_downloadable":true},"E99791":{"id":99791,"ref":"E99791","type":"episode","position":32,"title":"","description":"Acht alleenstaande eigenaren van een bed and breakfast verspreid over Europa gaan op zoek naar de liefde van hun leven. Welke Nederlandse partner durft over de grens te kijken en maakt het avontuur van deze eigenaren compleet?","still":"https:\/\/img-opt.cdn.smartvod.com\/smartvod\/images\/videoland\/data\/images\/x\/l\/62fa562d4e69c_[format].jpg","runtime":3317,"editions":{"hd":{"price":0}},"is_downloadable":true},"E99792":{"id":99792,"ref":"E99792","type":"episode","position":33,"title":"","description":"Acht alleenstaande eigenaren van een bed and breakfast verspreid over Europa gaan op zoek naar de liefde van hun leven. Welke Nederlandse partner durft over de grens te kijken en maakt het avontuur van deze eigenaren compleet?","still":"https:\/\/img-opt.cdn.smartvod.com\/smartvod\/images\/videoland\/data\/images\/7\/b\/62fbb224ca2d4_[format].jpg","runtime":3266,"editions":{"hd":{"price":0}},"is_downloadable":true},"E99787":{"id":99787,"ref":"E99787","type":"episode","position":34,"title":"","description":"Acht alleenstaande eigenaren van een bed and breakfast verspreid over Europa gaan op zoek naar de liefde van hun leven. Welke Nederlandse partner durft over de grens te kijken en maakt het avontuur van deze eigenaren compleet?","still":"https:\/\/img-opt.cdn.smartvod.com\/smartvod\/images\/videoland\/data\/images\/e\/d\/62fd0ab2aae53_[format].jpg","runtime":3110,"editions":{"hd":{"price":0}},"is_downloadable":true},"E99789":{"id":99789,"ref":"E99789","type":"episode","position":35,"title":"","description":"Acht alleenstaande eigenaren van een bed and breakfast verspreid over Europa gaan op zoek naar de liefde van hun leven. Welke Nederlandse partner durft over de grens te kijken en maakt het avontuur van deze eigenaren compleet?","still":"https:\/\/img-opt.cdn.smartvod.com\/smartvod\/images\/videoland\/data\/images\/f\/y\/62fe8c337d7ba_[format].jpg","runtime":3237,"editions":{"hd":{"price":0}},"is_downloadable":true}}}