{"id":500055,"ref":"S500055","type":"series","title":"BankGiro Miljonairs","year":2021,"rating":4,"poster":"https:\/\/img-opt.cdn.smartvod.com\/smartvod\/images\/videoland\/data\/images\/9\/f\/60477e8895367_[format].jpg","still":"https:\/\/img-opt.cdn.smartvod.com\/smartvod\/images\/videoland\/data\/images\/x\/r\/5ffae08cb778a_[format].jpg","cast":{"actors":["Robert ten Brink"]},"genres":["Spelshow"],"refs":["SN2820","SN3055","SN3254","SN3680","SN3995"],"is_adult":false,"is_kids":false,"is_available":true,"description":"Spelshow waarin de kandidaten wekelijks kans maken op het winnen van 1 miljoen euro. Hiervoor moeten zij vijftien meerkeuzevragen foutloos beantwoorden, waarbij zij gebruik mogen maken van drie hulplijnen.","nicam":{"al":"Alle leeftijden"},"language":"nl","language_full":"Nederlands","details":{"SN2820":{"id":2820,"ref":"SN2820","type":"season","title":"1","position":1},"SN3055":{"id":3055,"ref":"SN3055","type":"season","title":"2","position":2},"SN3254":{"id":3254,"ref":"SN3254","type":"season","title":"3","position":3},"SN3680":{"id":3680,"ref":"SN3680","type":"season","title":"4","position":4},"SN3995":{"id":3995,"ref":"SN3995","type":"season","title":"5","position":5,"refs":["E83148","E83150","E83149","E83155","E83152","E83147","E83145","E83151"]},"E83148":{"id":83148,"ref":"E83148","type":"episode","position":1,"title":"","description":"De kandidaten maken wekelijks kans op het winnen van 1 miljoen euro. Hiervoor moeten zij vijftien meerkeuzevragen foutloos beantwoorden, waarbij zij gebruik mogen maken van drie hulplijnen.","still":"https:\/\/img-opt.cdn.smartvod.com\/smartvod\/images\/videoland\/data\/images\/x\/r\/5ffae08cb778a_[format].jpg","runtime":2580,"editions":{"hd":{"price":0}},"is_downloadable":false},"E83150":{"id":83150,"ref":"E83150","type":"episode","position":2,"title":"","description":"De kandidaten maken wekelijks kans op het winnen van 1 miljoen euro. Hiervoor moeten zij vijftien meerkeuzevragen foutloos beantwoorden, waarbij zij gebruik mogen maken van drie hulplijnen.","still":"https:\/\/img-opt.cdn.smartvod.com\/smartvod\/images\/videoland\/data\/images\/2\/u\/5ffeb1efa9706_[format].jpg","runtime":2580,"editions":{"hd":{"price":0}},"is_downloadable":false},"E83149":{"id":83149,"ref":"E83149","type":"episode","position":3,"title":"","description":"De kandidaten maken wekelijks kans op het winnen van 1 miljoen euro. Hiervoor moeten zij vijftien meerkeuzevragen foutloos beantwoorden, waarbij zij gebruik mogen maken van drie hulplijnen.","still":"https:\/\/img-opt.cdn.smartvod.com\/smartvod\/images\/videoland\/data\/images\/4\/7\/600ada846a8e3_[format].jpg","runtime":2580,"editions":{"hd":{"price":0}},"is_downloadable":false},"E83155":{"id":83155,"ref":"E83155","type":"episode","position":4,"title":"","description":"De kandidaten maken wekelijks kans op het winnen van 1 miljoen euro. Hiervoor moeten zij vijftien meerkeuzevragen foutloos beantwoorden, waarbij zij gebruik mogen maken van drie hulplijnen.","still":"https:\/\/img-opt.cdn.smartvod.com\/smartvod\/images\/videoland\/data\/images\/u\/z\/6012d1755a4ba_[format].jpg","runtime":2580,"editions":{"hd":{"price":0}},"is_downloadable":false},"E83152":{"id":83152,"ref":"E83152","type":"episode","position":5,"title":"","description":"De kandidaten maken wekelijks kans op het winnen van 1 miljoen euro. Hiervoor moeten zij vijftien meerkeuzevragen foutloos beantwoorden, waarbij zij gebruik mogen maken van drie hulplijnen.","still":"https:\/\/img-opt.cdn.smartvod.com\/smartvod\/images\/videoland\/data\/images\/0\/x\/601a9d26be286_[format].jpg","runtime":2580,"editions":{"hd":{"price":0}},"is_downloadable":false},"E83147":{"id":83147,"ref":"E83147","type":"episode","position":6,"title":"","description":"De kandidaten maken wekelijks kans op het winnen van 1 miljoen euro. Hiervoor moeten zij vijftien meerkeuzevragen foutloos beantwoorden, waarbij zij gebruik mogen maken van drie hulplijnen.","still":"https:\/\/img-opt.cdn.smartvod.com\/smartvod\/images\/videoland\/data\/images\/q\/g\/6024fcad2b312_[format].jpg","runtime":2580,"editions":{"hd":{"price":0}},"is_downloadable":false},"E83145":{"id":83145,"ref":"E83145","type":"episode","position":7,"title":"","description":"De kandidaten maken wekelijks kans op het winnen van 1 miljoen euro. Hiervoor moeten zij vijftien meerkeuzevragen foutloos beantwoorden, waarbij zij gebruik mogen maken van drie hulplijnen.","still":"https:\/\/img-opt.cdn.smartvod.com\/smartvod\/images\/videoland\/data\/images\/i\/d\/602a451cceebe_[format].jpg","runtime":2580,"editions":{"hd":{"price":0}},"is_downloadable":false},"E83151":{"id":83151,"ref":"E83151","type":"episode","position":8,"title":"","description":"De kandidaten maken wekelijks kans op het winnen van 1 miljoen euro. Hiervoor moeten zij vijftien meerkeuzevragen foutloos beantwoorden, waarbij zij gebruik mogen maken van drie hulplijnen.","still":"https:\/\/img-opt.cdn.smartvod.com\/smartvod\/images\/videoland\/data\/images\/x\/6\/602a6f2f47c1b_[format].jpg","runtime":2580,"editions":{"hd":{"price":0}},"is_downloadable":false}}}