{"id":500138,"ref":"S500138","type":"series","title":"RTL Autowereld","year":2022,"rating":4,"poster":"https:\/\/img-opt.cdn.smartvod.com\/smartvod\/images\/videoland\/data\/images\/g\/o\/62f9f695765aa_[format].jpg","still":"https:\/\/img-opt.cdn.smartvod.com\/smartvod\/images\/videoland\/data\/images\/g\/w\/631896ad615b1_[format].jpg","cast":{},"genres":[],"refs":["SN2967","SN3771","SN4090","SN4454","SN4809","SN5183"],"is_adult":false,"is_kids":false,"is_available":true,"description":"Informatief programma gemaakt door autoliefhebbers voor autoliefhebbers. Een team van coureurs, presentatoren en klassiekersexperts test de nieuwste modellen, bezoeken shows en races en maken de mooiste roadtrips.","nicam":{"al":"Alle leeftijden"},"language":"nl","language_full":"Nederlands","details":{"SN2967":{"id":2967,"ref":"SN2967","type":"season","title":"34","position":34},"SN3771":{"id":3771,"ref":"SN3771","type":"season","title":"35","position":35},"SN4090":{"id":4090,"ref":"SN4090","type":"season","title":"36","position":36},"SN4454":{"id":4454,"ref":"SN4454","type":"season","title":"37","position":37,"refs":["E90389","E90392","E90394","E90715","E90716","E91336","E91608","E91941","E92196","E92206","E92611","E92813"]},"SN4809":{"id":4809,"ref":"SN4809","type":"season","title":"38","position":38},"SN5183":{"id":5183,"ref":"SN5183","type":"season","title":"39","position":39},"E90389":{"id":90389,"ref":"E90389","type":"episode","position":1,"title":"","description":"Een team van coureurs, presentatoren en klassiekersexperts rijdt met de meest bijzondere en exclusieve auto's \u00e9n maakt je wegwijs in de wereld van duurzame mobiliteit. Hybride, volledig elektrisch, waterstof: wat past het beste in jouw leven en hoe leuk, mooi of praktisch zijn deze nieuwe modellen eigenlijk?","still":"https:\/\/img-opt.cdn.smartvod.com\/smartvod\/images\/videoland\/data\/images\/x\/e\/617aa1f161653_[format].jpg","runtime":1320,"editions":{"hd":{"price":0}},"is_downloadable":false},"E90392":{"id":90392,"ref":"E90392","type":"episode","position":2,"title":"","description":"Een team van coureurs, presentatoren en klassiekersexperts rijdt met de meest bijzondere en exclusieve auto's \u00e9n maakt je wegwijs in de wereld van duurzame mobiliteit. Hybride, volledig elektrisch, waterstof: wat past het beste in jouw leven en hoe leuk, mooi of praktisch zijn deze nieuwe modellen eigenlijk?","still":"https:\/\/img-opt.cdn.smartvod.com\/smartvod\/images\/videoland\/data\/images\/i\/y\/614dd77bcd61e_[format].jpg","runtime":1320,"editions":{"hd":{"price":0}},"is_downloadable":false},"E90394":{"id":90394,"ref":"E90394","type":"episode","position":3,"title":"","description":"Een team van coureurs, presentatoren en klassiekersexperts rijdt met de meest bijzondere en exclusieve auto's \u00e9n maakt je wegwijs in de wereld van duurzame mobiliteit. Hybride, volledig elektrisch, waterstof: wat past het beste in jouw leven en hoe leuk, mooi of praktisch zijn deze nieuwe modellen eigenlijk?","still":"https:\/\/img-opt.cdn.smartvod.com\/smartvod\/images\/videoland\/data\/images\/4\/3\/6151bd5b95ace_[format].jpg","runtime":1320,"editions":{"hd":{"price":0}},"is_downloadable":false},"E90715":{"id":90715,"ref":"E90715","type":"episode","position":4,"title":"","description":"Een team van coureurs, presentatoren en klassiekersexperts rijdt met de meest bijzondere en exclusieve auto's \u00e9n maakt je wegwijs in de wereld van duurzame mobiliteit. Hybride, volledig elektrisch, waterstof: wat past het beste in jouw leven en hoe leuk, mooi of praktisch zijn deze nieuwe modellen eigenlijk?","still":"https:\/\/img-opt.cdn.smartvod.com\/smartvod\/images\/videoland\/data\/images\/r\/c\/6163fe2468741_[format].jpg","runtime":1380,"editions":{"hd":{"price":0}},"is_downloadable":false},"E90716":{"id":90716,"ref":"E90716","type":"episode","position":5,"title":"","description":"Een team van coureurs, presentatoren en klassiekersexperts rijdt met de meest bijzondere en exclusieve auto's \u00e9n maakt je wegwijs in de wereld van duurzame mobiliteit. Hybride, volledig elektrisch, waterstof: wat past het beste in jouw leven en hoe leuk, mooi of praktisch zijn deze nieuwe modellen eigenlijk?","still":"https:\/\/img-opt.cdn.smartvod.com\/smartvod\/images\/videoland\/data\/images\/n\/t\/615eb67d825e8_[format].jpg","runtime":1380,"editions":{"hd":{"price":0}},"is_downloadable":false},"E91336":{"id":91336,"ref":"E91336","type":"episode","position":6,"title":"","description":"Een team van coureurs, presentatoren en klassiekersexperts rijdt met de meest bijzondere en exclusieve auto's \u00e9n maakt je wegwijs in de wereld van duurzame mobiliteit. Hybride, volledig elektrisch, waterstof: wat past het beste in jouw leven en hoe leuk, mooi of praktisch zijn deze nieuwe modellen eigenlijk?","still":"https:\/\/img-opt.cdn.smartvod.com\/smartvod\/images\/videoland\/data\/images\/4\/h\/616c2b540a5d4_[format].jpg","runtime":1380,"editions":{"hd":{"price":0}},"is_downloadable":false},"E91608":{"id":91608,"ref":"E91608","type":"episode","position":7,"title":"","description":"Een team van coureurs, presentatoren en klassiekersexperts rijdt met de meest bijzondere en exclusieve auto's \u00e9n maakt je wegwijs in de wereld van duurzame mobiliteit. Hybride, volledig elektrisch, waterstof: wat past het beste in jouw leven en hoe leuk, mooi of praktisch zijn deze nieuwe modellen eigenlijk?","still":"https:\/\/img-opt.cdn.smartvod.com\/smartvod\/images\/videoland\/data\/images\/t\/c\/61712cb116d3b_[format].jpg","runtime":1380,"editions":{"hd":{"price":0}},"is_downloadable":false},"E91941":{"id":91941,"ref":"E91941","type":"episode","position":8,"title":"","description":"Een team van coureurs, presentatoren en klassiekersexperts rijdt met de meest bijzondere en exclusieve auto's \u00e9n maakt je wegwijs in de wereld van duurzame mobiliteit. Hybride, volledig elektrisch, waterstof: wat past het beste in jouw leven en hoe leuk, mooi of praktisch zijn deze nieuwe modellen eigenlijk?","still":"https:\/\/img-opt.cdn.smartvod.com\/smartvod\/images\/videoland\/data\/images\/z\/j\/617a64d458f10_[format].jpg","runtime":1380,"editions":{"hd":{"price":0}},"is_downloadable":false},"E92196":{"id":92196,"ref":"E92196","type":"episode","position":9,"title":"","description":"Een team van coureurs, presentatoren en klassiekersexperts rijdt met de meest bijzondere en exclusieve auto's \u00e9n maakt je wegwijs in de wereld van duurzame mobiliteit. Hybride, volledig elektrisch, waterstof: wat past het beste in jouw leven en hoe leuk, mooi of praktisch zijn deze nieuwe modellen eigenlijk?","still":"https:\/\/img-opt.cdn.smartvod.com\/smartvod\/images\/videoland\/data\/images\/y\/w\/618254db91bcf_[format].jpg","runtime":1380,"editions":{"hd":{"price":0}},"is_downloadable":false},"E92206":{"id":92206,"ref":"E92206","type":"episode","position":10,"title":"","description":"Een team van coureurs, presentatoren en klassiekersexperts rijdt met de meest bijzondere en exclusieve auto's \u00e9n maakt je wegwijs in de wereld van duurzame mobiliteit. Hybride, volledig elektrisch, waterstof: wat past het beste in jouw leven en hoe leuk, mooi of praktisch zijn deze nieuwe modellen eigenlijk?","still":"https:\/\/img-opt.cdn.smartvod.com\/smartvod\/images\/videoland\/data\/images\/r\/r\/618ce0fb47b5b_[format].jpg","runtime":1380,"editions":{"hd":{"price":0}},"is_downloadable":false},"E92611":{"id":92611,"ref":"E92611","type":"episode","position":11,"title":"","description":"Een team van coureurs, presentatoren en klassiekersexperts rijdt met de meest bijzondere en exclusieve auto's \u00e9n maakt je wegwijs in de wereld van duurzame mobiliteit. Hybride, volledig elektrisch, waterstof: wat past het beste in jouw leven en hoe leuk, mooi of praktisch zijn deze nieuwe modellen eigenlijk?","still":"https:\/\/img-opt.cdn.smartvod.com\/smartvod\/images\/videoland\/data\/images\/7\/s\/61961cbcc377c_[format].jpg","runtime":1380,"editions":{"hd":{"price":0}},"is_downloadable":false},"E92813":{"id":92813,"ref":"E92813","type":"episode","position":12,"title":"","description":"Een team van coureurs, presentatoren en klassiekersexperts rijdt met de meest bijzondere en exclusieve auto's \u00e9n maakt je wegwijs in de wereld van duurzame mobiliteit. Hybride, volledig elektrisch, waterstof: wat past het beste in jouw leven en hoe leuk, mooi of praktisch zijn deze nieuwe modellen eigenlijk?","still":"https:\/\/img-opt.cdn.smartvod.com\/smartvod\/images\/videoland\/data\/images\/r\/4\/61a66b84f0c89_[format].jpg","runtime":1380,"editions":{"hd":{"price":0}},"is_downloadable":false}}}