{"id":500927,"ref":"S500927","type":"series","title":"Spoedeisende Hulp In De Nacht","year":2021,"rating":4,"poster":"https:\/\/img-opt.cdn.smartvod.com\/smartvod\/images\/videoland\/data\/images\/w\/4\/6295dc2339640_[format].jpg","still":"https:\/\/img-opt.cdn.smartvod.com\/smartvod\/images\/videoland\/data\/images\/b\/s\/629b4a71afd33_[format].jpg","cast":{},"genres":["Reality"],"refs":["SN4984","SN4983"],"is_adult":false,"is_kids":false,"is_available":true,"description":"Een blik achter de schermen tijdens de nachtdienst op de spoedafdeling van het Britse ziekenhuis Hull Royal Infirmary. De nachtelijke uitdagingen zijn groot voor het personeel en geen dag is hetzelfde.","nicam":{"12":"Mogelijk schadelijk tot 12 jaar","angst":"Angst"},"language":"en","language_full":"Engels","details":{"SN4984":{"id":4984,"ref":"SN4984","type":"season","title":"1","position":1},"SN4983":{"id":4983,"ref":"SN4983","type":"season","title":"2","position":2,"refs":["E98688","E98675","E98697","E98699","E98680","E98689","E98677","E98696","E98678","E98685","E98691","E98690"]},"E98688":{"id":98688,"ref":"E98688","type":"episode","position":1,"title":"","description":"Een blik achter de schermen tijdens de nachtdienst op de spoedafdeling van het Britse ziekenhuis Hull Royal Infirmary. De nachtelijke uitdagingen zijn groot voor het personeel en geen dag is hetzelfde.","still":"https:\/\/img-opt.cdn.smartvod.com\/smartvod\/images\/videoland\/data\/images\/b\/s\/629b4a71afd33_[format].jpg","runtime":2645,"editions":{"hd":{"price":0}},"is_downloadable":true},"E98675":{"id":98675,"ref":"E98675","type":"episode","position":2,"title":"","description":"Een blik achter de schermen tijdens de nachtdienst op de spoedafdeling van het Britse ziekenhuis Hull Royal Infirmary. De nachtelijke uitdagingen zijn groot voor het personeel en geen dag is hetzelfde.","still":"https:\/\/img-opt.cdn.smartvod.com\/smartvod\/images\/videoland\/data\/images\/e\/f\/629b3a1085dd1_[format].jpg","runtime":2623,"editions":{"hd":{"price":0}},"is_downloadable":true},"E98697":{"id":98697,"ref":"E98697","type":"episode","position":3,"title":"","description":"Een blik achter de schermen tijdens de nachtdienst op de spoedafdeling van het Britse ziekenhuis Hull Royal Infirmary. De nachtelijke uitdagingen zijn groot voor het personeel en geen dag is hetzelfde.","still":"https:\/\/img-opt.cdn.smartvod.com\/smartvod\/images\/videoland\/data\/images\/6\/2\/629b4a6f8d5dc_[format].jpg","runtime":2647,"editions":{"hd":{"price":0}},"is_downloadable":true},"E98699":{"id":98699,"ref":"E98699","type":"episode","position":4,"title":"","description":"Een blik achter de schermen tijdens de nachtdienst op de spoedafdeling van het Britse ziekenhuis Hull Royal Infirmary. De nachtelijke uitdagingen zijn groot voor het personeel en geen dag is hetzelfde.","still":"https:\/\/img-opt.cdn.smartvod.com\/smartvod\/images\/videoland\/data\/images\/h\/3\/629b16df08f73_[format].jpg","runtime":2637,"editions":{"hd":{"price":0}},"is_downloadable":true},"E98680":{"id":98680,"ref":"E98680","type":"episode","position":5,"title":"","description":"Een blik achter de schermen tijdens de nachtdienst op de spoedafdeling van het Britse ziekenhuis Hull Royal Infirmary. De nachtelijke uitdagingen zijn groot voor het personeel en geen dag is hetzelfde.","still":"https:\/\/img-opt.cdn.smartvod.com\/smartvod\/images\/videoland\/data\/images\/d\/2\/629b15ce1d0b6_[format].jpg","runtime":2621,"editions":{"hd":{"price":0}},"is_downloadable":true},"E98689":{"id":98689,"ref":"E98689","type":"episode","position":6,"title":"","description":"Een blik achter de schermen tijdens de nachtdienst op de spoedafdeling van het Britse ziekenhuis Hull Royal Infirmary. De nachtelijke uitdagingen zijn groot voor het personeel en geen dag is hetzelfde.","still":"https:\/\/img-opt.cdn.smartvod.com\/smartvod\/images\/videoland\/data\/images\/m\/d\/62990fdc3d6e8_[format].jpg","runtime":2624,"editions":{"hd":{"price":0}},"is_downloadable":true},"E98677":{"id":98677,"ref":"E98677","type":"episode","position":7,"title":"","description":"Een blik achter de schermen tijdens de nachtdienst op de spoedafdeling van het Britse ziekenhuis Hull Royal Infirmary. De nachtelijke uitdagingen zijn groot voor het personeel en geen dag is hetzelfde.","still":"https:\/\/img-opt.cdn.smartvod.com\/smartvod\/images\/videoland\/data\/images\/d\/p\/629b4a78181a8_[format].jpg","runtime":2606,"editions":{"hd":{"price":0}},"is_downloadable":true},"E98696":{"id":98696,"ref":"E98696","type":"episode","position":8,"title":"","description":"Een blik achter de schermen tijdens de nachtdienst op de spoedafdeling van het Britse ziekenhuis Hull Royal Infirmary. De nachtelijke uitdagingen zijn groot voor het personeel en geen dag is hetzelfde.","still":"https:\/\/img-opt.cdn.smartvod.com\/smartvod\/images\/videoland\/data\/images\/h\/x\/629910f5c123d_[format].jpg","runtime":2630,"editions":{"hd":{"price":0}},"is_downloadable":true},"E98678":{"id":98678,"ref":"E98678","type":"episode","position":9,"title":"","description":"Een blik achter de schermen tijdens de nachtdienst op de spoedafdeling van het Britse ziekenhuis Hull Royal Infirmary. De nachtelijke uitdagingen zijn groot voor het personeel en geen dag is hetzelfde.","still":"https:\/\/img-opt.cdn.smartvod.com\/smartvod\/images\/videoland\/data\/images\/d\/j\/629b3a0c62536_[format].jpg","runtime":2625,"editions":{"hd":{"price":0}},"is_downloadable":true},"E98685":{"id":98685,"ref":"E98685","type":"episode","position":10,"title":"","description":"Een blik achter de schermen tijdens de nachtdienst op de spoedafdeling van het Britse ziekenhuis Hull Royal Infirmary. De nachtelijke uitdagingen zijn groot voor het personeel en geen dag is hetzelfde.","still":"https:\/\/img-opt.cdn.smartvod.com\/smartvod\/images\/videoland\/data\/images\/h\/e\/629b15ca09adb_[format].jpg","runtime":2637,"editions":{"hd":{"price":0}},"is_downloadable":true},"E98691":{"id":98691,"ref":"E98691","type":"episode","position":11,"title":"","description":"Een blik achter de schermen tijdens de nachtdienst op de spoedafdeling van het Britse ziekenhuis Hull Royal Infirmary. De nachtelijke uitdagingen zijn groot voor het personeel en geen dag is hetzelfde.","still":"https:\/\/img-opt.cdn.smartvod.com\/smartvod\/images\/videoland\/data\/images\/g\/w\/629b3a07a1327_[format].jpg","runtime":2628,"editions":{"hd":{"price":0}},"is_downloadable":true},"E98690":{"id":98690,"ref":"E98690","type":"episode","position":12,"title":"","description":"Een blik achter de schermen tijdens de nachtdienst op de spoedafdeling van het Britse ziekenhuis Hull Royal Infirmary. De nachtelijke uitdagingen zijn groot voor het personeel en geen dag is hetzelfde.","still":"https:\/\/img-opt.cdn.smartvod.com\/smartvod\/images\/videoland\/data\/images\/i\/j\/629b3a12a3c39_[format].jpg","runtime":2638,"editions":{"hd":{"price":0}},"is_downloadable":true}}}