{"id":641,"ref":"S641","type":"series","title":"Flikken Gent","year":2009,"rating":5,"poster":"https:\/\/img-opt.cdn.smartvod.com\/smartvod\/images\/videoland\/data\/images\/g\/7\/561227d316f29_[format].jpg","still":"https:\/\/img-opt.cdn.smartvod.com\/smartvod\/images\/videoland\/data\/images\/b\/v\/56bb61c5c3484_[format].jpg","cast":{"actors":["Joke Devynck","Hubert Damen","Andrea Croonenberghs","Maarten Bosmans"]},"genres":["Misdaad"],"refs":["SN1119","SN1121","SN1165","SN1173","SN1175","SN1197","SN1201","SN1239","SN1245","SN1265"],"is_adult":false,"is_kids":false,"is_available":true,"description":"In Flikken wordt het politieteam van Gent gevolgd. We zien ook wat er zich in het priv\u00e9leven van de agenten afspeelt.","directors":["Pierre De Clercq"],"nicam":{"12":"Mogelijk schadelijk tot 12 jaar","geweld":"Geweld","angst":"Angst","taalgebruik":"Grof Taalgebruik"},"language":"nl","language_full":"Nederlands","details":{"SN1119":{"id":1119,"ref":"SN1119","type":"season","title":"1","position":1},"SN1121":{"id":1121,"ref":"SN1121","type":"season","title":"2","position":2},"SN1165":{"id":1165,"ref":"SN1165","type":"season","title":"3","position":3},"SN1173":{"id":1173,"ref":"SN1173","type":"season","title":"4","position":4},"SN1175":{"id":1175,"ref":"SN1175","type":"season","title":"5","position":5},"SN1197":{"id":1197,"ref":"SN1197","type":"season","title":"6","position":6},"SN1201":{"id":1201,"ref":"SN1201","type":"season","title":"7","position":7,"refs":["E40161","E40163","E40165","E40167","E40169","E40171","E40173","E40175","E40177","E40179","E40181","E40183","E40185"]},"SN1239":{"id":1239,"ref":"SN1239","type":"season","title":"8","position":8},"SN1245":{"id":1245,"ref":"SN1245","type":"season","title":"9","position":9},"SN1265":{"id":1265,"ref":"SN1265","type":"season","title":"10","position":10},"E40161":{"id":40161,"ref":"E40161","type":"episode","position":1,"title":"Johan","description":"De openingsavond vindt plaats van de wielerzesdaagse in 'Het Kuipke'. Wielrenners bekampen elkaar in de piste, de Gentse flikken staan paraat om zakkenrollers te onderscheppen en de orde te handhaven.","still":"https:\/\/img-opt.cdn.smartvod.com\/smartvod\/images\/videoland\/data\/images\/q\/o\/5673dd464317d_[format].png","runtime":2802,"editions":{"sd":{"price":0}},"is_downloadable":true},"E40163":{"id":40163,"ref":"E40163","type":"episode","position":2,"title":"Martin Dunn Blues","description":"Britt is gevlucht voor commissaris Van Reeth van de federale politie en zet op eigen houtje de zoektocht naar de geheimzinnige Martin Dunn verder. Intussen proberen de teamleden zich te concentreren op een ongeval.","still":"https:\/\/img-opt.cdn.smartvod.com\/smartvod\/images\/videoland\/data\/images\/g\/u\/5673e057509f9_[format].png","runtime":2890,"editions":{"sd":{"price":0}},"is_downloadable":true},"E40165":{"id":40165,"ref":"E40165","type":"episode","position":3,"title":"Ademloos","description":"Britt verneemt de verbijsterende waarheid over Alek, maar het is te laat. Ze zit met een groep Oost Europese vluchtelingen in een luchtdichte container opgesloten.","still":"https:\/\/img-opt.cdn.smartvod.com\/smartvod\/images\/videoland\/data\/images\/e\/c\/567431cd3d5fb_[format].png","runtime":2804,"editions":{"sd":{"price":0}},"is_downloadable":true},"E40167":{"id":40167,"ref":"E40167","type":"episode","position":4,"title":"E\u00e9n Keer Winnen","description":"John overtuigt Merel om een duo te vormen met Tina. Wanneer een bejaarde dame doodvriest in een bushokje, is Merel ervan overtuigd dat het dametje door haar meedogenloze volwassen kinderen gedumpt werd.","still":"https:\/\/img-opt.cdn.smartvod.com\/smartvod\/images\/videoland\/data\/images\/p\/9\/567433306188d_[format].png","runtime":3002,"editions":{"sd":{"price":0}},"is_downloadable":true},"E40169":{"id":40169,"ref":"E40169","type":"episode","position":5,"title":"Stop","description":"Merel en Tina leren elkaar beter kennen in een verkrachtingszaak. Het slachtoffer verzwijgt op z'n minst \u00e9\u00e9n belangrijk detail uit haar beroepsleven. De verdachte blijkt een onuitstaanbare macho te zijn \u00e9n een oude vriend van Nick.","still":"https:\/\/img-opt.cdn.smartvod.com\/smartvod\/images\/videoland\/data\/images\/i\/6\/5677bbffb89e4_[format].png","runtime":2856,"editions":{"sd":{"price":0}},"is_downloadable":true},"E40171":{"id":40171,"ref":"E40171","type":"episode","position":6,"title":"Groen","description":"Er wordt een brandbom gegooid in de woning van vrederechter Heijermans. Hij verdenkt meteen de jongens van ALARM. Deze milieugroepering bezet een natuurgebied in de Gentse havenzone en de rechter gaf zelf het bevel tot ontruiming.","still":"https:\/\/img-opt.cdn.smartvod.com\/smartvod\/images\/videoland\/data\/images\/r\/d\/5677bc689dab5_[format].png","runtime":2839,"editions":{"sd":{"price":0}},"is_downloadable":true},"E40173":{"id":40173,"ref":"E40173","type":"episode","position":7,"title":"Big Brother","description":"De 15-jarige An Hoeybergs sluipt 's nachts het huis uit. Haar moeder is erg ongerust, maar vader Hoeybergs vertrouwt erop dat ze terugkomt. An heeft echter een geheim waar ze niet met haar ouders over kan praten.","still":"https:\/\/img-opt.cdn.smartvod.com\/smartvod\/images\/videoland\/data\/images\/w\/f\/5677bcc0453d5_[format].png","runtime":3131,"editions":{"sd":{"price":0}},"is_downloadable":true},"E40175":{"id":40175,"ref":"E40175","type":"episode","position":8,"title":"Hart Van Steen","description":"Een bejaard echtpaar wordt bestolen door twee jongemannen die zich uitgeven voor agenten. John voelt zich persoonlijk geraakt. want iemand misbruikt 'zijn' uniform om burgers te bestelen.","still":"https:\/\/img-opt.cdn.smartvod.com\/smartvod\/images\/videoland\/data\/images\/4\/s\/5677bd5a5ea35_[format].png","runtime":2965,"editions":{"sd":{"price":0}},"is_downloadable":true},"E40177":{"id":40177,"ref":"E40177","type":"episode","position":9,"title":"Moederskind","description":"De 7-jarige Bram De Schepper gaat zwemmen met zijn moeder. Opeens is hij verdwenen. De zoektocht van het team leidt naar een fotograaf met een vunzige hobby en een schimmig verleden.","still":"https:\/\/img-opt.cdn.smartvod.com\/smartvod\/images\/videoland\/data\/images\/y\/h\/5677bdbd7dfe0_[format].png","runtime":2801,"editions":{"sd":{"price":0}},"is_downloadable":true},"E40179":{"id":40179,"ref":"E40179","type":"episode","position":10,"title":"Game, Set and Match","description":"Een jonge tennisspeler wordt onwel tijdens een training en stuikt ineen. In het ziekenhuis weigert hij echter alle hulp. Hij geeft Maaike Martens een klap en vlucht.","still":"https:\/\/img-opt.cdn.smartvod.com\/smartvod\/images\/videoland\/data\/images\/q\/8\/5677be71d1e0f_[format].png","runtime":3322,"editions":{"sd":{"price":0}},"is_downloadable":true},"E40181":{"id":40181,"ref":"E40181","type":"episode","position":11,"title":"Zwart","description":"Dominique heeft via Taverniers een Poolse zwartwerker ingeschakeld voor de verbouwing van het appartement. Pasmans zit daar behoorlijk mee in zijn maag.","still":"https:\/\/img-opt.cdn.smartvod.com\/smartvod\/images\/videoland\/data\/images\/3\/t\/5677c1711ed41_[format].png","runtime":3241,"editions":{"sd":{"price":0}},"is_downloadable":true},"E40183":{"id":40183,"ref":"E40183","type":"episode","position":12,"title":"Tommy","description":"Tommy ontvoert zijn dochter en verdwijnt spoorloos. Er wordt gevreesd voor een vlucht naar het buitenland, maar volgens een psychotherapeute bij de federale politie moeten ze ook rekening houden met een ultieme wanhoopsdaad.","still":"https:\/\/img-opt.cdn.smartvod.com\/smartvod\/images\/videoland\/data\/images\/m\/7\/5677c204ba733_[format].png","runtime":2849,"editions":{"sd":{"price":0}},"is_downloadable":true},"E40185":{"id":40185,"ref":"E40185","type":"episode","position":13,"title":"Lola","description":"John moet knopen doorhakken in de zaak van Brigitte Vandaele en Marianne Van Dijck. Raymond probeert zich te verzoenen met zijn zoon.","still":"https:\/\/img-opt.cdn.smartvod.com\/smartvod\/images\/videoland\/data\/images\/0\/7\/5677c27e9e683_[format].png","runtime":3036,"editions":{"sd":{"price":0}},"is_downloadable":true}}}