{"id":595,"ref":"S595","type":"series","title":"Kees en Co","year":2006,"rating":3,"poster":"https:\/\/img-opt.cdn.smartvod.com\/smartvod\/images\/videoland\/data\/images\/v\/0\/58c267074cb5a_[format].jpg","still":"https:\/\/img-opt.cdn.smartvod.com\/smartvod\/images\/videoland\/data\/images\/g\/s\/581b587b7e57a_[format].jpg","cast":{"actors":["Simone Kleinsma","Rik Hoogendoorn","Amber Teterissa"]},"genres":["Komedie","Familie"],"refs":["SN1023","SN1039","SN1155","SN1195","SN1231","SN1353","SN1521","SN1523"],"is_adult":false,"is_kids":false,"is_available":true,"description":"Nederlandse comedyserie over het leven van Kees Heistee, haar gezin en haar beste vriendin en tevens overbuurvrouw Sonja.","nicam":{"al":"Alle leeftijden"},"language":"nl","language_full":"Nederlands","details":{"SN1023":{"id":1023,"ref":"SN1023","type":"season","title":"1","position":1},"SN1039":{"id":1039,"ref":"SN1039","type":"season","title":"2","position":2},"SN1155":{"id":1155,"ref":"SN1155","type":"season","title":"3","position":3},"SN1195":{"id":1195,"ref":"SN1195","type":"season","title":"4","position":4},"SN1231":{"id":1231,"ref":"SN1231","type":"season","title":"5","position":5},"SN1353":{"id":1353,"ref":"SN1353","type":"season","title":"6","position":6},"SN1521":{"id":1521,"ref":"SN1521","type":"season","title":"7","position":7},"SN1523":{"id":1523,"ref":"SN1523","type":"season","title":"8","position":8,"refs":["E45189","E45191","E45193","E45195","E45197","E45199","E45201","E45203","E45205","E45211","E45207","E45213","E45209"]},"E45189":{"id":45189,"ref":"E45189","type":"episode","position":1,"title":"Op Leeftijd","description":"Sonja raakt in de ban van de jonge klusjesman die haar huis schildert. Ze vraagt Kees uit te vissen of hij wellicht interesse heeft in 'een oudere vrouw'. Onnavolgbaar subtiel vist Kees uit hoe klusjesman Jim op romantisch gebied staat tegenover dames op leeftijd. En wat blijkt: Jim voelt wel degelijk wat voor wat rijpere vrouwen. Alleen niet voor Sonja. Hij houdt meer van blond. Kees' vreemde gedrag doet Frank vermoeden dat ze een verhouding heeft. Hij besluit met Sonja te gaan praten.","still":"https:\/\/img-opt.cdn.smartvod.com\/smartvod\/images\/videoland\/data\/images\/8\/a\/574ebe562007a_[format].jpg","runtime":1377,"editions":{"sd":{"price":0}},"is_downloadable":true},"E45191":{"id":45191,"ref":"E45191","type":"episode","position":2,"title":"Simone Kleinsma","description":"Kees en Frank gaan naar een theatervoorstelling van Simone Kleinsma. Frank valt als een blok voor deze theaterster. Tot ongenoegen van Kees. Na een goede nachtrust besluit Kees echter dat ze niet kleinzielig moet doen over Franks fantasie. Samen met Sonja verzint ze een fantastische verrassing als verjaardagscadeau voor hem. Zijn kinderen hebben ook een idee voor hun vaders verjaardag: een ontmoeting met Simone Kleinsma. En laten de verrassingen nu net op hetzelfde moment gepland staan.","still":"https:\/\/img-opt.cdn.smartvod.com\/smartvod\/images\/videoland\/data\/images\/i\/m\/574ebe91121e7_[format].jpg","runtime":1386,"editions":{"sd":{"price":0}},"is_downloadable":true},"E45193":{"id":45193,"ref":"E45193","type":"episode","position":3,"title":"Roze Wolk","description":"Mari\u00ebl heeft een belangrijke beslissing in haar leven genomen: ze wil zich laten ontmaagden. Het liefst door een wildvreemde. In een poging dit te voorkomen vraagt Frank aan Kees eens met haar te gaan praten, dus organiseert Kees een avondje uit. Maar terwijl Frank thuis op zijn dochter zit te wachten en tot overmaat van ramp ook nog zijn ex op bezoek krijgt, mengt ook Sonja zich in het gesprek tussen Kees en Mari\u00ebl. En als er dan een aantrekkelijke jongen het caf\u00e9 binnenkomt, gaat het gesprek een heel andere richting op dan aanvankelijk bedoeld.","still":"https:\/\/img-opt.cdn.smartvod.com\/smartvod\/images\/videoland\/data\/images\/2\/r\/574ee3ae63940_[format].jpg","runtime":1400,"editions":{"sd":{"price":0}},"is_downloadable":true},"E45195":{"id":45195,"ref":"E45195","type":"episode","position":4,"title":"Eitje","description":"Puberende Mari\u00ebl heeft haar zinnen gezet op een nieuwe, gruwelijk dure spijkerbroek. Maar Frank is niet van plan die te betalen en hij verbiedt Kees om Mari\u00ebl tegemoet te komen. Toch loopt Mari\u00ebl ineens in de nieuwe spijkerbroek.","still":"https:\/\/img-opt.cdn.smartvod.com\/smartvod\/images\/videoland\/data\/images\/2\/v\/574ee3deb3603_[format].jpg","runtime":1396,"editions":{"sd":{"price":0}},"is_downloadable":true},"E45197":{"id":45197,"ref":"E45197","type":"episode","position":5,"title":"Pla!","description":"Kees en Frank worstelen zonder dat ze het van elkaar weten met de verschijnselen van het ouder worden. Kees vreest dat ze in de overgang raakt, en Frank huivert voor een beginnende vorm van kaalheid. Er met elkaar over praten kunnen ze niet. Maar over iets anders ook niet meer. Daardoor blijft alleen het weer over als dodelijk saai gespreksonderwerp. Reden voor Sonja en Franks kinderen om de helpende hand te bieden, maar of dat nou echt helpt?","still":"https:\/\/img-opt.cdn.smartvod.com\/smartvod\/images\/videoland\/data\/images\/z\/x\/574ee402a27a9_[format].jpg","runtime":1323,"editions":{"sd":{"price":0}},"is_downloadable":true},"E45199":{"id":45199,"ref":"E45199","type":"episode","position":6,"title":"Karel","description":"Sonja neemt een drastische maatregel om haar eenzaamheid te doorbreken: ze gaat samenwonen. Haar nieuwe vriend is alleen klein, wat dikkig en nogal behaard, vertelt ze Kees. Kees gruwt al bij de gedachte alleen. Frank heeft zijn geheel eigen reactie op de hartaanval van een goede vriend. Hij besluit om elke dag heen en weer naar Kees' huis te rennen. Maar dat is makkelijker gezegd dan gedaan en als hij dan ook nog Kees met Sonja's nieuwe vriend innig op de bank treft, krijgt zijn hart het helem\u00e1\u00e1l flink te voorduren.","still":"https:\/\/img-opt.cdn.smartvod.com\/smartvod\/images\/videoland\/data\/images\/a\/t\/574ee42fe900c_[format].jpg","runtime":1411,"editions":{"sd":{"price":0}},"is_downloadable":true},"E45201":{"id":45201,"ref":"E45201","type":"episode","position":7,"title":"Het Gras Is","description":"Sonja haalt Kees over wat meer sjeu in hun leven te brengen door te gaan sporten. En wel golfen. Maar de randverschijnselen van het golfen blijken op Kees een veel grotere aantrekkingskracht te hebben dan het spelletje zelf. Zeker als het randverschijnsel Floris heet en haar mee uit eten vraagt. Frank verliest zijn hoofd aan een belspelletje. Of beter gezegd: aan de bevallige jongedame die het spelletje presenteert. Maar ja, wat doe je als je in een relatie zit en plotseling gevoelens voor een ander krijgt? Liegen natuurlijk. Maar of dat in dit geval wat oplost?","still":"https:\/\/img-opt.cdn.smartvod.com\/smartvod\/images\/videoland\/data\/images\/s\/5\/574ee46709f45_[format].jpg","runtime":1410,"editions":{"sd":{"price":0}},"is_downloadable":true},"E45203":{"id":45203,"ref":"E45203","type":"episode","position":8,"title":"Kiplekker","description":"De eeuwige discussie bij Frank thuis over koken wordt nieuw leven ingeblazen: Frank wil graag dat Kees hem een bepaald gerecht leert maken. Wat Kees niet weet is dat Sonja haar afwezigheid aangrijpt om samen met Mari\u00ebl, Kees' huis eens volledig te restylen. Kees heeft namelijk gezegd dat ze zich niet helemaal lekker voelt in haar huis. Maar of dat gevoel verbetert, is nog maar de vraag.","still":"https:\/\/img-opt.cdn.smartvod.com\/smartvod\/images\/videoland\/data\/images\/u\/y\/574ee4b2eb4b2_[format].jpg","runtime":1400,"editions":{"sd":{"price":0}},"is_downloadable":true},"E45205":{"id":45205,"ref":"E45205","type":"episode","position":9,"title":"Det's Mie","description":"Sonja weet Kees ervan te doordringen dat ze gevangen zitten in de dagelijkse sleur van hun leven. En vooral: dat ze daar iets aan moeten gaan doen. De enige vrouw die ze kennen die in hun ogen wel een afwisselend leven leidt is Joke, de ex van Frank. Frank is het tegelijkertijd helemaal niet eens met de levensstijl van zijn ex. Hij vindt het niet goed dat Mari\u00ebl en Steven keer op keer met een nieuwe man worden geconfronteerd. Hij besluit haar te helpen om van haar huidige vriend een blijvertje te maken.","still":"https:\/\/img-opt.cdn.smartvod.com\/smartvod\/images\/videoland\/data\/images\/d\/o\/574ee4d47822c_[format].jpg","runtime":1368,"editions":{"sd":{"price":0}},"is_downloadable":true},"E45211":{"id":45211,"ref":"E45211","type":"episode","position":10,"title":"Donatelli's","description":"Kees heeft een paar schoenen gezien om van te dromen. Klein probleem: ze kosten driehonderd euro per stuk. En Kees kan het, ondanks het aandringen van Sonja, niet over haar hart verkrijgen om zeshonderd euro aan een paar schoenen uit te geven. Mari\u00ebl heeft een schoolvriendinnetje. Op zich niets bijzonders. Maar het meisje is lesbisch en dat maakt de twee heren in het huis, Frank en Steven, behoorlijk onrustig. Ze hebben allebei zo hun eigen motieven en manieren om uit te zoeken hoe het zit met Mari\u00ebls seksuele geaardheid.","still":"https:\/\/img-opt.cdn.smartvod.com\/smartvod\/images\/videoland\/data\/images\/a\/o\/574ee59765009_[format].jpg","runtime":1397,"editions":{"sd":{"price":0}},"is_downloadable":true},"E45207":{"id":45207,"ref":"E45207","type":"episode","position":11,"title":"Tegen Het Zere Been","description":"Franks ex, Joke, heeft een probleem: ze heeft een vriendje dat niet wil accepteren dat zij er geen zin meer in heeft. De enige mogelijkheid die Joke ziet, is een verhaal op te hangen dat ze weer terug is bij Frank. Maar om het geloofwaardig te maken, wil ze dan ook nog een paar dagen bij Frank en de kinderen intrekken. Kees vraagt zich af of dit wel de manier is waarop ze wil leven. Ze kunnen toch niet voor eeuwig doorgaan met de lat-relatie? Ze besluit in samenspraak met Sonja dat het tijd wordt om Frank voor de keuze te stellen: alles of niets.","still":"https:\/\/img-opt.cdn.smartvod.com\/smartvod\/images\/videoland\/data\/images\/p\/c\/574ee5238fabd_[format].jpg","runtime":1378,"editions":{"sd":{"price":0}},"is_downloadable":true},"E45213":{"id":45213,"ref":"E45213","type":"episode","position":12,"title":"Snik, Snik","description":"Kees vraagt zich af wat ze aanmoet met de rest van haar leven. Het kan toch niet altijd zo blijven tot ze oud en versleten is? Sonja wordt tot haar grote genoegen versierd door een onbekende man. Frank bereidt Steven voor dat er een moment gaat komen dat hij op zichzelf zal moeten gaan wonen. Maar als Mari\u00ebl vertelt dat ze van plan is om bij haar vriendje in te trekken, slaat de schrik hem om het hart.","still":"https:\/\/img-opt.cdn.smartvod.com\/smartvod\/images\/videoland\/data\/images\/h\/1\/574ee5bab7289_[format].jpg","runtime":1393,"editions":{"sd":{"price":0}},"is_downloadable":true},"E45209":{"id":45209,"ref":"E45209","type":"episode","position":13,"title":"Eind Goed, Bijna Al Goed","description":"Hoe kan een slagroompunt de aanleiding zijn om een jarenlange vriendschap in ruzie te laten eindigen? Sonja en Kees weten het voor elkaar te krijgen. En als twee vrouwen ruzie hebben, moet de rest van de wereld het weten. Vooral hun beider mannen Frank en Jaap. Die zitten echter niet op het spoor van ruzie, maar juist dat van de liefde. Waar dat allemaal toe leidt? Een prettige ontknoping, dat staat vast.","still":"https:\/\/img-opt.cdn.smartvod.com\/smartvod\/images\/videoland\/data\/images\/1\/n\/574ee55e858ea_[format].jpg","runtime":1509,"editions":{"sd":{"price":0}},"is_downloadable":true}}}