{"id":500067,"ref":"S500067","type":"series","title":"Love Island Het Thuisfront","year":2020,"rating":4,"poster":"https:\/\/img-opt.cdn.smartvod.com\/smartvod\/images\/videoland\/data\/images\/6\/s\/5d88958e3fcc3_[format].jpg","still":"https:\/\/img-opt.cdn.smartvod.com\/smartvod\/images\/videoland\/data\/images\/l\/t\/5f5236d42ddc7_[format].jpg","cast":{},"genres":["Reality"],"refs":["SN2838","SN2984","SN3731"],"is_adult":false,"is_kids":false,"is_available":true,"description":"De islanders laten thuis alles en iedereen achter voor hun avontuur op Gran Canaria. Vrienden en familieleden die op de hoogte willen blijven, hebben geen andere keuze dan te volgen op het scherm hoe ze het er van afbrengen. We volgen de entourage van de cast terwijl ze thuis supporteren voor hun islander en zijn\/haar zoektocht naar de ware liefde.","nicam":{"al":"Alle leeftijden","taalgebruik":"Grof Taalgebruik"},"language":"nl","language_full":"Nederlands","details":{"SN2838":{"id":2838,"ref":"SN2838","type":"season","title":"1","position":1},"SN2984":{"id":2984,"ref":"SN2984","type":"season","title":"2","position":2},"SN3731":{"id":3731,"ref":"SN3731","type":"season","title":"3","position":3,"refs":["E78877","E78876","E78878","E78874","E78875","E78881"]},"E78877":{"id":78877,"ref":"E78877","type":"episode","position":1,"title":"Love Island - Het Thuisfront","description":"We maken kennis met de ouders en zus van surfgod Remco en drie van zijn beste vrienden! Hoe vinden ze dat Remco zich staande houdt tussen de mooie dames en de enorme hoeveelheid testosteron? En loopt zijn droomvrouw rond in de villa? Ook gaan we langs bij de familie van Fabienne en haar BFF Bo. Is de mooie Fabienne zichzelf op Love Island en wat zoekt deze bombshell eigenlijk in een man?","still":"https:\/\/img-opt.cdn.smartvod.com\/smartvod\/images\/videoland\/data\/images\/l\/t\/5f5236d42ddc7_[format].jpg","runtime":561,"editions":{"hd":{"price":0}},"is_downloadable":true},"E78876":{"id":78876,"ref":"E78876","type":"episode","position":2,"title":"Love Island - Het Thuisfront","description":"We bezoeken het thuisfront van de ras-Amsterdamse Joan en haar Mert, die van Turkse komaf is. In Amsterdam nemen de zus en vriendinnen van Joan geen blad voor de mond. En ook in Lochem, waar Merts familie woont, is Love Island h\u00e9t onderwerp van gesprek. Samen met een van Merts beste vrienden kijkt de familie hoe zoonlief het ervanaf brengt. Dat Joan meer dan welkom is in de familie mag duidelijk zijn; pa Murat noemt haar al schoondochter.","still":"https:\/\/img-opt.cdn.smartvod.com\/smartvod\/images\/videoland\/data\/images\/z\/r\/5f5b96e7a7302_[format].jpg","runtime":511,"editions":{"hd":{"price":0}},"is_downloadable":true},"E78878":{"id":78878,"ref":"E78878","type":"episode","position":3,"title":"Love Island - Het Thuisfront","description":"De islanders laten alles en iedereen thuis achter voor het grote avontuur op Gran Canaria. Hun familie en vrienden hebben maar \u00e9\u00e9n optie om op de hoogte te blijven van wat er zich allemaal afspeelt: via het scherm. We volgen de achterban van de cast terwijl ze thuis vanaf de bank meebeleven hoe het hun islander vergaat in de zoektocht naar ware liefde.","still":"https:\/\/img-opt.cdn.smartvod.com\/smartvod\/images\/videoland\/data\/images\/0\/d\/5f64fa55b1e07_[format].jpg","runtime":495,"editions":{"hd":{"price":0}},"is_downloadable":true},"E78874":{"id":78874,"ref":"E78874","type":"episode","position":4,"title":"Love Island - Het Thuisfront","description":"We bezoeken het thuisfront van de Brabantse dames Imen en Eilish. De beste vriendin en schoonzus van Imen willen niets liever dan dat ze een jongen vindt die ook voor vol haar gaat. Hopen ze dat Remco haar trouw blijft in Casa Amor? En hoewel Eilish haar moeder had beloofd dat ze niet met een Vlaming thuis zou komen, zit ze nu toch echt romantisch aan tafel met Gianni. Binnenkort een Belg op de bank in Brabant?","still":"https:\/\/img-opt.cdn.smartvod.com\/smartvod\/images\/videoland\/data\/images\/g\/f\/5f6e0144e6192_[format].jpg","runtime":492,"editions":{"hd":{"price":0}},"is_downloadable":true},"E78875":{"id":78875,"ref":"E78875","type":"episode","position":5,"title":"Love Island - Het Thuisfront","description":"We maken kennis met de moeder, het nichtje en de vriendinnen van yogadocente Jaimy. Wat vinden zij van de Vlaamse Matthe\u00fcs, waar Jaimy in Casa Amor als een blok voor gevallen is? Ook met de vriendinnen van Matthe\u00fcs kijken we naar dit verliefde koppel. Heeft hij na alle strubbelingen dan eindelijk de ware gevonden in de villa?","still":"https:\/\/img-opt.cdn.smartvod.com\/smartvod\/images\/videoland\/data\/images\/7\/2\/5f7ac0efa8fb3_[format].jpg","runtime":498,"editions":{"hd":{"price":0}},"is_downloadable":true},"E78881":{"id":78881,"ref":"E78881","type":"episode","position":6,"title":"Love Island - Het Thuisfront","description":"We zijn terug bij het thuisfront van Joan en Mert. Op de bank in Lochem kijken moeder en beste vriend met trots naar de ontwikkeling die hun Mert doormaakt. Maar of mama Sevim ook zo te spreken is over zijn twijfelachtige rol als oppasvader? Ook het zusje en nichtje van Joan volgen de ontwikkelingen in de villa op de voet. Wat kan 'oude fiets' Joan haar jonge vlam nog leren? En zullen ze Mert binnenkort eindelijk ontmoeten?","still":"https:\/\/img-opt.cdn.smartvod.com\/smartvod\/images\/videoland\/data\/images\/u\/j\/5f80d2d88e642_[format].jpg","runtime":500,"editions":{"hd":{"price":0}},"is_downloadable":true}}}