{"id":500911,"ref":"S500911","type":"series","title":"De Sneeuwman: De Geheimen van een Kindermoordenaar","year":2022,"rating":4,"poster":"https:\/\/img-opt.cdn.smartvod.com\/smartvod\/images\/videoland\/data\/images\/l\/v\/628b6fddcbe95_[format].jpg","still":"https:\/\/img-opt.cdn.smartvod.com\/smartvod\/images\/videoland\/data\/images\/q\/n\/628b52073807a_[format].jpg","cast":{},"genres":["Documentaire"],"refs":["SN5005","SN4944"],"is_adult":false,"is_kids":false,"is_available":true,"description":"De 11-jarige Jessica Laven verdween op 27 juli 1991 spoorloos van de aardbodem. De laatste die haar in leven zag, was haar moordenaar: Michel Stokx. De onschuldig ogende vrachtwagenchauffeur bleek een manipulatieve seriemoordenaar die vele gruweldaden beging. Regisseur Flynn von Kleist reconstrueert de ijzingwekkende zaak van een van de ergste kindermoordenaars uit onze geschiedenis. De reconstructiebeelden zijn fictief en gespeeld door acteurs. De getoonde bedrijven staan los van de inhoud.","directors":["Flynn von Kleist"],"nicam":{"14":"Mogelijk schadelijk tot 14 jaar","angst":"Angst","taalgebruik":"Grof Taalgebruik"},"language":"nl","language_full":"Nederlands","details":{"SN5005":{"id":5005,"ref":"SN5005","type":"season","title":"Binnenkort","position":1},"SN4944":{"id":4944,"ref":"SN4944","type":"season","title":"1","position":2,"refs":["E98000","E98003","E98007"]},"E98000":{"id":98000,"ref":"E98000","type":"episode","position":1,"title":"Drang","description":"Als de 11-jarige Jessica Laven na een zwempartijtje spoorloos verdwijnt, is dat de start van een groot politieonderzoek. Even later wordt haar levenloze lichaam in de berm van de snelweg aangetroffen. Ze blijkt te zijn gewurgd. Vrachtwagenchauffeur Michel Stokx komt als mogelijke verdachte in beeld. Hij heeft een flink misbruikverleden, maar ontkent bij hoog en bij laag \u00e9n heeft een alibi. De reconstructiebeelden zijn fictief en gespeeld door acteurs. De getoonde bedrijven staan los van de inhoud.","still":"https:\/\/img-opt.cdn.smartvod.com\/smartvod\/images\/videoland\/data\/images\/v\/v\/628d394631eb5_[format].jpg","runtime":1471,"editions":{"hd":{"price":0}},"is_downloadable":true},"E98003":{"id":98003,"ref":"E98003","type":"episode","position":2,"title":"Vaas","description":"Het politieonderzoek naar de moord op Jessica neemt een verrassende wending. Uit de ritgegevens van zijn vrachtwagen blijkt dat Michel Stokx in verband kan worden gebracht met twee vermoorde Duitse jongens. Stocks belandt voor de drie kindermoorden achter tralies. Jaren later worstelt zijn dochter met het duistere verleden en de gruweldaden van haar vader. De reconstructiebeelden zijn fictief en gespeeld door acteurs. De getoonde bedrijven staan los van de inhoud.","still":"https:\/\/img-opt.cdn.smartvod.com\/smartvod\/images\/videoland\/data\/images\/k\/q\/628d394a42913_[format].jpg","runtime":1388,"editions":{"hd":{"price":0}},"is_downloadable":true},"E98007":{"id":98007,"ref":"E98007","type":"episode","position":3,"title":"Geheimhouder","description":"Michel Stokx stierf in de gevangenis een gruwelijke dood. Welke geheimen nam de kindermoordenaar mee in zijn graf? Hoeveel doden heeft hij werkelijk op zijn geweten? Vandaag de dag gaan twee moeders nog steeds gebukt onder de nooit opgehelderde verdwijningen van hun dochters. Er is nog een iemand die opheldering kan verschaffen: zijn vroegere advocaat, die met zijn geweten in het reine wil komen. De reconstructiebeelden zijn fictief en gespeeld door acteurs. De getoonde bedrijven staan los van de inhoud.","still":"https:\/\/img-opt.cdn.smartvod.com\/smartvod\/images\/videoland\/data\/images\/b\/g\/628d3950172ce_[format].jpg","runtime":1626,"editions":{"hd":{"price":0}},"is_downloadable":true}}}