{"id":500473,"ref":"S500473","type":"series","title":"Eigen Huis & Tuin: Lekker Leven","year":2022,"rating":4,"poster":"https:\/\/img-opt.cdn.smartvod.com\/smartvod\/images\/videoland\/data\/images\/8\/7\/5f4e314c1c7ad_[format].jpg","still":"https:\/\/img-opt.cdn.smartvod.com\/smartvod\/images\/videoland\/data\/images\/5\/0\/5f4e581eea2d4_[format].jpg","cast":{"actors":["Froukje de Both","Tom Groot","Hugo Kennis"]},"genres":["Informatief","Lifestyle"],"refs":["SN3728","SN4044","SN4429","SN4855"],"is_adult":false,"is_kids":false,"is_available":true,"description":"Dagelijkse inspiratie voor een lekker leven in en om het huis. Presentatrice Froukje de Both, kok Hugo Kennis en een team van experts, onder wie tuinman Tom Groot, geven praktische tips op het gebied van wonen, lifestyle, tuinieren en koken. Daarmee kun je zelf direct aan de slag om je leven leuker \u00e9n gezonder te maken.","nicam":{"al":"Alle leeftijden"},"language":"nl","language_full":"Nederlands","details":{"SN3728":{"id":3728,"ref":"SN3728","type":"season","title":"1","position":1},"SN4044":{"id":4044,"ref":"SN4044","type":"season","title":"2","position":2,"refs":["E83773","E83776","E83767","E83771","E83775","E83769","E83768","E83770","E83772","E83774","E84813","E84808","E84817","E84811","E84810","E84805","E84815","E84814","E84807","E84806","E84809","E84818","E84816","E84804","E84812","E85176","E85187","E85197","E85273","E85290","E85336","E85344","E85320","E85345","E85347","E85342","E85328","E85331","E85341","E85330","E85327","E85343","E85321","E85319","E85318","E86108","E86094","E86134","E86145","E86132","E86206","E86200","E86228","E86229","E86233","E86389","E86413","E86407","E86423","E86469","E86511","E86541","E86527","E86559","E86560","E86669","E86733","E86718","E87014","E87004","E87042","E87057","E87060","E87219","E87202"]},"SN4429":{"id":4429,"ref":"SN4429","type":"season","title":"3","position":3},"SN4855":{"id":4855,"ref":"SN4855","type":"season","title":"4","position":4},"E83773":{"id":83773,"ref":"E83773","type":"episode","position":1,"title":"","description":"Dagelijkse inspiratie voor een lekker leven in en om het huis. Presentatrice Froukje de Both, kok Hugo Kennis en een team van experts, onder wie tuinman Tom Groot, geven praktische tips op het gebied van wonen, lifestyle, tuinieren en koken. Daarmee kun je zelf direct aan de slag om je leven leuker \u00e9n gezonder te maken.","still":"https:\/\/img-opt.cdn.smartvod.com\/smartvod\/images\/videoland\/data\/images\/r\/i\/62b3a81f89022_[format].jpg","runtime":2580,"editions":{"hd":{"price":0}},"is_downloadable":false},"E83776":{"id":83776,"ref":"E83776","type":"episode","position":2,"title":"","description":"Dagelijkse inspiratie voor een lekker leven in en om het huis. Presentatrice Froukje de Both, kok Hugo Kennis en een team van experts, onder wie tuinman Tom Groot, geven praktische tips op het gebied van wonen, lifestyle, tuinieren en koken. Daarmee kun je zelf direct aan de slag om je leven leuker \u00e9n gezonder te maken.","still":"https:\/\/img-opt.cdn.smartvod.com\/smartvod\/images\/videoland\/data\/images\/x\/3\/62b572faee27d_[format].jpg","runtime":2580,"editions":{"hd":{"price":0}},"is_downloadable":false},"E83767":{"id":83767,"ref":"E83767","type":"episode","position":3,"title":"","description":"Dagelijkse inspiratie voor een lekker leven in en om het huis. Presentatrice Froukje de Both, kok Hugo Kennis en een team van experts, onder wie tuinman Tom Groot, geven praktische tips op het gebied van wonen, lifestyle, tuinieren en koken. Daarmee kun je zelf direct aan de slag om je leven leuker \u00e9n gezonder te maken.","still":"https:\/\/img-opt.cdn.smartvod.com\/smartvod\/images\/videoland\/data\/images\/g\/o\/62b64a09e94e2_[format].jpg","runtime":2580,"editions":{"hd":{"price":0}},"is_downloadable":false},"E83771":{"id":83771,"ref":"E83771","type":"episode","position":4,"title":"","description":"Dagelijkse inspiratie voor een lekker leven in en om het huis. Presentatrice Froukje de Both, kok Hugo Kennis en een team van experts, onder wie tuinman Tom Groot, geven praktische tips op het gebied van wonen, lifestyle, tuinieren en koken. Daarmee kun je zelf direct aan de slag om je leven leuker \u00e9n gezonder te maken.","still":"https:\/\/img-opt.cdn.smartvod.com\/smartvod\/images\/videoland\/data\/images\/6\/y\/62b79285dae9d_[format].jpg","runtime":2580,"editions":{"hd":{"price":0}},"is_downloadable":false},"E83775":{"id":83775,"ref":"E83775","type":"episode","position":5,"title":"","description":"Dagelijkse inspiratie voor een lekker leven in en om het huis. Presentatrice Froukje de Both, kok Hugo Kennis en een team van experts, onder wie tuinman Tom Groot, geven praktische tips op het gebied van wonen, lifestyle, tuinieren en koken. Daarmee kun je zelf direct aan de slag om je leven leuker \u00e9n gezonder te maken.","still":"https:\/\/img-opt.cdn.smartvod.com\/smartvod\/images\/videoland\/data\/images\/c\/e\/62b8e52e82bac_[format].jpg","runtime":2580,"editions":{"hd":{"price":0}},"is_downloadable":false},"E83769":{"id":83769,"ref":"E83769","type":"episode","position":6,"title":"","description":"Dagelijkse inspiratie voor een lekker leven in en om het huis. Presentatrice Froukje de Both, kok Hugo Kennis en een team van experts, onder wie tuinman Tom Groot, geven praktische tips op het gebied van wonen, lifestyle, tuinieren en koken. Daarmee kun je zelf direct aan de slag om je leven leuker \u00e9n gezonder te maken.","still":"https:\/\/img-opt.cdn.smartvod.com\/smartvod\/images\/videoland\/data\/images\/e\/1\/62bcd969ea381_[format].jpg","runtime":2580,"editions":{"hd":{"price":0}},"is_downloadable":false},"E83768":{"id":83768,"ref":"E83768","type":"episode","position":7,"title":"","description":"Dagelijkse inspiratie voor een lekker leven in en om het huis. Presentatrice Froukje de Both, kok Hugo Kennis en een team van experts, onder wie tuinman Tom Groot, geven praktische tips op het gebied van wonen, lifestyle, tuinieren en koken. Daarmee kun je zelf direct aan de slag om je leven leuker \u00e9n gezonder te maken.","still":"https:\/\/img-opt.cdn.smartvod.com\/smartvod\/images\/videoland\/data\/images\/1\/4\/62be2db6b62fb_[format].jpg","runtime":2460,"editions":{"hd":{"price":0}},"is_downloadable":false},"E83770":{"id":83770,"ref":"E83770","type":"episode","position":8,"title":"","description":"Dagelijkse inspiratie voor een lekker leven in en om het huis. Presentatrice Froukje de Both, kok Hugo Kennis en een team van experts, onder wie tuinman Tom Groot, geven praktische tips op het gebied van wonen, lifestyle, tuinieren en koken. Daarmee kun je zelf direct aan de slag om je leven leuker \u00e9n gezonder te maken.","still":"https:\/\/img-opt.cdn.smartvod.com\/smartvod\/images\/videoland\/data\/images\/1\/g\/62c004c562839_[format].jpg","runtime":2580,"editions":{"hd":{"price":0}},"is_downloadable":false},"E83772":{"id":83772,"ref":"E83772","type":"episode","position":9,"title":"","description":"Dagelijkse inspiratie voor een lekker leven in en om het huis. Presentatrice Froukje de Both, kok Hugo Kennis en een team van experts, onder wie tuinman Tom Groot, geven praktische tips op het gebied van wonen, lifestyle, tuinieren en koken. Daarmee kun je zelf direct aan de slag om je leven leuker \u00e9n gezonder te maken.","still":"https:\/\/img-opt.cdn.smartvod.com\/smartvod\/images\/videoland\/data\/images\/c\/e\/62c0cf9524410_[format].jpg","runtime":2580,"editions":{"hd":{"price":0}},"is_downloadable":false},"E83774":{"id":83774,"ref":"E83774","type":"episode","position":10,"title":"","description":"Dagelijkse inspiratie voor een lekker leven in en om het huis. Presentatrice Froukje de Both, kok Hugo Kennis en een team van experts, onder wie tuinman Tom Groot, geven praktische tips op het gebied van wonen, lifestyle, tuinieren en koken. Daarmee kun je zelf direct aan de slag om je leven leuker \u00e9n gezonder te maken.","still":"https:\/\/img-opt.cdn.smartvod.com\/smartvod\/images\/videoland\/data\/images\/b\/2\/62c2201d908d6_[format].jpg","runtime":2580,"editions":{"hd":{"price":0}},"is_downloadable":false},"E84813":{"id":84813,"ref":"E84813","type":"episode","position":11,"title":"","description":"Dagelijkse inspiratie voor een lekker leven in en om het huis. Presentatrice Froukje de Both, kok Hugo Kennis en een team van experts, onder wie tuinman Tom Groot, geven praktische tips op het gebied van wonen, lifestyle, tuinieren en koken. Daarmee kun je zelf direct aan de slag om je leven leuker \u00e9n gezonder te maken.","still":"https:\/\/img-opt.cdn.smartvod.com\/smartvod\/images\/videoland\/data\/images\/d\/p\/62c616323557b_[format].jpg","runtime":2580,"editions":{"hd":{"price":0}},"is_downloadable":false},"E84808":{"id":84808,"ref":"E84808","type":"episode","position":12,"title":"","description":"Dagelijkse inspiratie voor een lekker leven in en om het huis. Presentatrice Froukje de Both, kok Hugo Kennis en een team van experts, onder wie tuinman Tom Groot, geven praktische tips op het gebied van wonen, lifestyle, tuinieren en koken. Daarmee kun je zelf direct aan de slag om je leven leuker \u00e9n gezonder te maken.","still":"https:\/\/img-opt.cdn.smartvod.com\/smartvod\/images\/videoland\/data\/images\/l\/o\/62c766fca4ab3_[format].jpg","runtime":2580,"editions":{"hd":{"price":0}},"is_downloadable":false},"E84817":{"id":84817,"ref":"E84817","type":"episode","position":13,"title":"","description":"Dagelijkse inspiratie voor een lekker leven in en om het huis. Presentatrice Froukje de Both, kok Hugo Kennis en een team van experts, onder wie tuinman Tom Groot, geven praktische tips op het gebied van wonen, lifestyle, tuinieren en koken. Daarmee kun je zelf direct aan de slag om je leven leuker \u00e9n gezonder te maken.","still":"https:\/\/img-opt.cdn.smartvod.com\/smartvod\/images\/videoland\/data\/images\/t\/6\/62c8b7cb68109_[format].jpg","runtime":2580,"editions":{"hd":{"price":0}},"is_downloadable":false},"E84811":{"id":84811,"ref":"E84811","type":"episode","position":14,"title":"","description":"Dagelijkse inspiratie voor een lekker leven in en om het huis. Presentatrice Froukje de Both, kok Hugo Kennis en een team van experts, onder wie tuinman Tom Groot, geven praktische tips op het gebied van wonen, lifestyle, tuinieren en koken. Daarmee kun je zelf direct aan de slag om je leven leuker \u00e9n gezonder te maken.","still":"https:\/\/img-opt.cdn.smartvod.com\/smartvod\/images\/videoland\/data\/images\/1\/t\/62ca0930ba35d_[format].jpg","runtime":2580,"editions":{"hd":{"price":0}},"is_downloadable":false},"E84810":{"id":84810,"ref":"E84810","type":"episode","position":15,"title":"","description":"Dagelijkse inspiratie voor een lekker leven in en om het huis. Presentatrice Froukje de Both, kok Hugo Kennis en een team van experts, onder wie tuinman Tom Groot, geven praktische tips op het gebied van wonen, lifestyle, tuinieren en koken. Daarmee kun je zelf direct aan de slag om je leven leuker \u00e9n gezonder te maken.","still":"https:\/\/img-opt.cdn.smartvod.com\/smartvod\/images\/videoland\/data\/images\/e\/r\/62cb5a1034676_[format].jpg","runtime":2580,"editions":{"hd":{"price":0}},"is_downloadable":false},"E84805":{"id":84805,"ref":"E84805","type":"episode","position":16,"title":"","description":"Dagelijkse inspiratie voor een lekker leven in en om het huis. Presentatrice Froukje de Both, kok Hugo Kennis en een team van experts, onder wie tuinman Tom Groot, geven praktische tips op het gebied van wonen, lifestyle, tuinieren en koken. Daarmee kun je zelf direct aan de slag om je leven leuker \u00e9n gezonder te maken.","still":"https:\/\/img-opt.cdn.smartvod.com\/smartvod\/images\/videoland\/data\/images\/l\/g\/604250f3c33f6_[format].jpg","runtime":2580,"editions":{"hd":{"price":0}},"is_downloadable":false},"E84815":{"id":84815,"ref":"E84815","type":"episode","position":17,"title":"","description":"Dagelijkse inspiratie voor een lekker leven in en om het huis. Presentatrice Froukje de Both, kok Hugo Kennis en een team van experts, onder wie tuinman Tom Groot, geven praktische tips op het gebied van wonen, lifestyle, tuinieren en koken. Daarmee kun je zelf direct aan de slag om je leven leuker \u00e9n gezonder te maken.","still":"https:\/\/img-opt.cdn.smartvod.com\/smartvod\/images\/videoland\/data\/images\/t\/y\/62d0a37282253_[format].jpg","runtime":2580,"editions":{"hd":{"price":0}},"is_downloadable":false},"E84814":{"id":84814,"ref":"E84814","type":"episode","position":18,"title":"","description":"Dagelijkse inspiratie voor een lekker leven in en om het huis. Presentatrice Froukje de Both, kok Hugo Kennis en een team van experts, onder wie tuinman Tom Groot, geven praktische tips op het gebied van wonen, lifestyle, tuinieren en koken. Daarmee kun je zelf direct aan de slag om je leven leuker \u00e9n gezonder te maken.","still":"https:\/\/img-opt.cdn.smartvod.com\/smartvod\/images\/videoland\/data\/images\/q\/t\/62d1f4c2575b1_[format].jpg","runtime":2580,"editions":{"hd":{"price":0}},"is_downloadable":false},"E84807":{"id":84807,"ref":"E84807","type":"episode","position":19,"title":"","description":"Dagelijkse inspiratie voor een lekker leven in en om het huis. Presentatrice Froukje de Both, kok Hugo Kennis en een team van experts, onder wie tuinman Tom Groot, geven praktische tips op het gebied van wonen, lifestyle, tuinieren en koken. Daarmee kun je zelf direct aan de slag om je leven leuker \u00e9n gezonder te maken.","still":"https:\/\/img-opt.cdn.smartvod.com\/smartvod\/images\/videoland\/data\/images\/c\/z\/62d346a2b9bed_[format].jpg","runtime":2580,"editions":{"hd":{"price":0}},"is_downloadable":false},"E84806":{"id":84806,"ref":"E84806","type":"episode","position":20,"title":"","description":"Dagelijkse inspiratie voor een lekker leven in en om het huis. Presentatrice Froukje de Both, kok Hugo Kennis en een team van experts, onder wie tuinman Tom Groot, geven praktische tips op het gebied van wonen, lifestyle, tuinieren en koken. Daarmee kun je zelf direct aan de slag om je leven leuker \u00e9n gezonder te maken.","still":"https:\/\/img-opt.cdn.smartvod.com\/smartvod\/images\/videoland\/data\/images\/z\/5\/62d496ef48654_[format].jpg","runtime":2580,"editions":{"hd":{"price":0}},"is_downloadable":false},"E84809":{"id":84809,"ref":"E84809","type":"episode","position":21,"title":"","description":"Dagelijkse inspiratie voor een lekker leven in en om het huis. Presentatrice Froukje de Both, kok Hugo Kennis en een team van experts, onder wie tuinman Tom Groot, geven praktische tips op het gebied van wonen, lifestyle, tuinieren en koken. Daarmee kun je zelf direct aan de slag om je leven leuker \u00e9n gezonder te maken.","still":"https:\/\/img-opt.cdn.smartvod.com\/smartvod\/images\/videoland\/data\/images\/4\/m\/62d8870285f02_[format].jpg","runtime":2580,"editions":{"hd":{"price":0}},"is_downloadable":false},"E84818":{"id":84818,"ref":"E84818","type":"episode","position":22,"title":"","description":"Dagelijkse inspiratie voor een lekker leven in en om het huis. Presentatrice Froukje de Both, kok Hugo Kennis en een team van experts, onder wie tuinman Tom Groot, geven praktische tips op het gebied van wonen, lifestyle, tuinieren en koken. Daarmee kun je zelf direct aan de slag om je leven leuker \u00e9n gezonder te maken.","still":"https:\/\/img-opt.cdn.smartvod.com\/smartvod\/images\/videoland\/data\/images\/v\/y\/62d9db609c1ee_[format].jpg","runtime":2580,"editions":{"hd":{"price":0}},"is_downloadable":false},"E84816":{"id":84816,"ref":"E84816","type":"episode","position":23,"title":"","description":"Dagelijkse inspiratie voor een lekker leven in en om het huis. Presentatrice Froukje de Both, kok Hugo Kennis en een team van experts, onder wie tuinman Tom Groot, geven praktische tips op het gebied van wonen, lifestyle, tuinieren en koken. Daarmee kun je zelf direct aan de slag om je leven leuker \u00e9n gezonder te maken.","still":"https:\/\/img-opt.cdn.smartvod.com\/smartvod\/images\/videoland\/data\/images\/l\/z\/62db2d0d5ecb1_[format].jpg","runtime":2580,"editions":{"hd":{"price":0}},"is_downloadable":false},"E84804":{"id":84804,"ref":"E84804","type":"episode","position":24,"title":"","description":"Dagelijkse inspiratie voor een lekker leven in en om het huis. Presentatrice Froukje de Both, kok Hugo Kennis en een team van experts, onder wie tuinman Tom Groot, geven praktische tips op het gebied van wonen, lifestyle, tuinieren en koken. Daarmee kun je zelf direct aan de slag om je leven leuker \u00e9n gezonder te maken.","still":"https:\/\/img-opt.cdn.smartvod.com\/smartvod\/images\/videoland\/data\/images\/5\/v\/62dc8044ea652_[format].jpg","runtime":2580,"editions":{"hd":{"price":0}},"is_downloadable":false},"E84812":{"id":84812,"ref":"E84812","type":"episode","position":25,"title":"","description":"Dagelijkse inspiratie voor een lekker leven in en om het huis. Presentatrice Froukje de Both, kok Hugo Kennis en een team van experts, onder wie tuinman Tom Groot, geven praktische tips op het gebied van wonen, lifestyle, tuinieren en koken. Daarmee kun je zelf direct aan de slag om je leven leuker \u00e9n gezonder te maken.","still":"https:\/\/img-opt.cdn.smartvod.com\/smartvod\/images\/videoland\/data\/images\/9\/p\/62ddcfef1e462_[format].jpg","runtime":2580,"editions":{"hd":{"price":0}},"is_downloadable":false},"E85176":{"id":85176,"ref":"E85176","type":"episode","position":26,"title":"","description":"Dagelijkse inspiratie voor een lekker leven in en om het huis. Presentatrice Froukje de Both, kok Hugo Kennis en een team van experts, onder wie tuinman Tom Groot, geven praktische tips op het gebied van wonen, lifestyle, tuinieren en koken. Daarmee kun je zelf direct aan de slag om je leven leuker \u00e9n gezonder te maken.","still":"https:\/\/img-opt.cdn.smartvod.com\/smartvod\/images\/videoland\/data\/images\/n\/w\/62e1c4a9d62ea_[format].jpg","runtime":2580,"editions":{"hd":{"price":0}},"is_downloadable":false},"E85187":{"id":85187,"ref":"E85187","type":"episode","position":27,"title":"","description":"Dagelijkse inspiratie voor een lekker leven in en om het huis. Presentatrice Froukje de Both, kok Hugo Kennis en een team van experts, onder wie tuinman Tom Groot, geven praktische tips op het gebied van wonen, lifestyle, tuinieren en koken. Daarmee kun je zelf direct aan de slag om je leven leuker \u00e9n gezonder te maken.","still":"https:\/\/img-opt.cdn.smartvod.com\/smartvod\/images\/videoland\/data\/images\/b\/d\/62e315fde9046_[format].jpg","runtime":2580,"editions":{"hd":{"price":0}},"is_downloadable":false},"E85197":{"id":85197,"ref":"E85197","type":"episode","position":28,"title":"","description":"Dagelijkse inspiratie voor een lekker leven in en om het huis. Presentatrice Froukje de Both, kok Hugo Kennis en een team van experts, onder wie tuinman Tom Groot, geven praktische tips op het gebied van wonen, lifestyle, tuinieren en koken. Daarmee kun je zelf direct aan de slag om je leven leuker \u00e9n gezonder te maken.","still":"https:\/\/img-opt.cdn.smartvod.com\/smartvod\/images\/videoland\/data\/images\/5\/k\/62e4680f1fd3c_[format].jpg","runtime":2580,"editions":{"hd":{"price":0}},"is_downloadable":false},"E85273":{"id":85273,"ref":"E85273","type":"episode","position":29,"title":"","description":"Dagelijkse inspiratie voor een lekker leven in en om het huis. Presentatrice Froukje de Both, kok Hugo Kennis en een team van experts, onder wie tuinman Tom Groot, geven praktische tips op het gebied van wonen, lifestyle, tuinieren en koken. Daarmee kun je zelf direct aan de slag om je leven leuker \u00e9n gezonder te maken.","still":"https:\/\/img-opt.cdn.smartvod.com\/smartvod\/images\/videoland\/data\/images\/i\/i\/62e5ba98c2064_[format].jpg","runtime":2580,"editions":{"hd":{"price":0}},"is_downloadable":false},"E85290":{"id":85290,"ref":"E85290","type":"episode","position":30,"title":"","description":"Dagelijkse inspiratie voor een lekker leven in en om het huis. Presentatrice Froukje de Both, kok Hugo Kennis en een team van experts, onder wie tuinman Tom Groot, geven praktische tips op het gebied van wonen, lifestyle, tuinieren en koken. Daarmee kun je zelf direct aan de slag om je leven leuker \u00e9n gezonder te maken.","still":"https:\/\/img-opt.cdn.smartvod.com\/smartvod\/images\/videoland\/data\/images\/q\/k\/62e70acea2883_[format].jpg","runtime":2580,"editions":{"hd":{"price":0}},"is_downloadable":false},"E85336":{"id":85336,"ref":"E85336","type":"episode","position":31,"title":"","description":"Dagelijkse inspiratie voor een lekker leven in en om het huis. Presentatrice Froukje de Both, kok Hugo Kennis en een team van experts, onder wie tuinman Tom Groot, geven praktische tips op het gebied van wonen, lifestyle, tuinieren en koken. Daarmee kun je zelf direct aan de slag om je leven leuker \u00e9n gezonder te maken.","still":"https:\/\/img-opt.cdn.smartvod.com\/smartvod\/images\/videoland\/data\/images\/k\/d\/62eb024f2e82c_[format].jpg","runtime":2580,"editions":{"hd":{"price":0}},"is_downloadable":false},"E85344":{"id":85344,"ref":"E85344","type":"episode","position":32,"title":"","description":"Dagelijkse inspiratie voor een lekker leven in en om het huis. Presentatrice Froukje de Both, kok Hugo Kennis en een team van experts, onder wie tuinman Tom Groot, geven praktische tips op het gebied van wonen, lifestyle, tuinieren en koken. Daarmee kun je zelf direct aan de slag om je leven leuker \u00e9n gezonder te maken.","still":"https:\/\/img-opt.cdn.smartvod.com\/smartvod\/images\/videoland\/data\/images\/c\/w\/62ec55412eeb0_[format].jpg","runtime":2580,"editions":{"hd":{"price":0}},"is_downloadable":false},"E85320":{"id":85320,"ref":"E85320","type":"episode","position":33,"title":"","description":"Dagelijkse inspiratie voor een lekker leven in en om het huis. Presentatrice Froukje de Both, kok Hugo Kennis en een team van experts, onder wie tuinman Tom Groot, geven praktische tips op het gebied van wonen, lifestyle, tuinieren en koken. Daarmee kun je zelf direct aan de slag om je leven leuker \u00e9n gezonder te maken.","still":"https:\/\/img-opt.cdn.smartvod.com\/smartvod\/images\/videoland\/data\/images\/n\/y\/62eda48a8a149_[format].jpg","runtime":2580,"editions":{"hd":{"price":0}},"is_downloadable":false},"E85345":{"id":85345,"ref":"E85345","type":"episode","position":34,"title":"","description":"Dagelijkse inspiratie voor een lekker leven in en om het huis. Presentatrice Froukje de Both, kok Hugo Kennis en een team van experts, onder wie tuinman Tom Groot, geven praktische tips op het gebied van wonen, lifestyle, tuinieren en koken. Daarmee kun je zelf direct aan de slag om je leven leuker \u00e9n gezonder te maken.","still":"https:\/\/img-opt.cdn.smartvod.com\/smartvod\/images\/videoland\/data\/images\/m\/p\/62eefac03e1df_[format].jpg","runtime":2580,"editions":{"hd":{"price":0}},"is_downloadable":false},"E85347":{"id":85347,"ref":"E85347","type":"episode","position":35,"title":"","description":"Dagelijkse inspiratie voor een lekker leven in en om het huis. Presentatrice Froukje de Both, kok Hugo Kennis en een team van experts, onder wie tuinman Tom Groot, geven praktische tips op het gebied van wonen, lifestyle, tuinieren en koken. Daarmee kun je zelf direct aan de slag om je leven leuker \u00e9n gezonder te maken.","still":"https:\/\/img-opt.cdn.smartvod.com\/smartvod\/images\/videoland\/data\/images\/w\/8\/62f048b2962fc_[format].jpg","runtime":2580,"editions":{"hd":{"price":0}},"is_downloadable":false},"E85342":{"id":85342,"ref":"E85342","type":"episode","position":36,"title":"","description":"Dagelijkse inspiratie voor een lekker leven in en om het huis. Presentatrice Froukje de Both, kok Hugo Kennis en een team van experts, onder wie tuinman Tom Groot, geven praktische tips op het gebied van wonen, lifestyle, tuinieren en koken. Daarmee kun je zelf direct aan de slag om je leven leuker \u00e9n gezonder te maken.","still":"https:\/\/img-opt.cdn.smartvod.com\/smartvod\/images\/videoland\/data\/images\/4\/z\/606c26a3580cf_[format].jpg","runtime":2580,"editions":{"hd":{"price":0}},"is_downloadable":false},"E85328":{"id":85328,"ref":"E85328","type":"episode","position":37,"title":"","description":"Dagelijkse inspiratie voor een lekker leven in en om het huis. Presentatrice Froukje de Both, kok Hugo Kennis en een team van experts, onder wie tuinman Tom Groot, geven praktische tips op het gebied van wonen, lifestyle, tuinieren en koken. Daarmee kun je zelf direct aan de slag om je leven leuker \u00e9n gezonder te maken.","still":"https:\/\/img-opt.cdn.smartvod.com\/smartvod\/images\/videoland\/data\/images\/w\/k\/606c27d0c28d5_[format].jpg","runtime":2580,"editions":{"hd":{"price":0}},"is_downloadable":false},"E85331":{"id":85331,"ref":"E85331","type":"episode","position":38,"title":"","description":"Dagelijkse inspiratie voor een lekker leven in en om het huis. Presentatrice Froukje de Both, kok Hugo Kennis en een team van experts, onder wie tuinman Tom Groot, geven praktische tips op het gebied van wonen, lifestyle, tuinieren en koken. Daarmee kun je zelf direct aan de slag om je leven leuker \u00e9n gezonder te maken.","still":"https:\/\/img-opt.cdn.smartvod.com\/smartvod\/images\/videoland\/data\/images\/b\/e\/606c258ea4759_[format].jpg","runtime":2580,"editions":{"hd":{"price":0}},"is_downloadable":false},"E85341":{"id":85341,"ref":"E85341","type":"episode","position":39,"title":"","description":"Dagelijkse inspiratie voor een lekker leven in en om het huis. Presentatrice Froukje de Both, kok Hugo Kennis en een team van experts, onder wie tuinman Tom Groot, geven praktische tips op het gebied van wonen, lifestyle, tuinieren en koken. Daarmee kun je zelf direct aan de slag om je leven leuker \u00e9n gezonder te maken.","still":"https:\/\/img-opt.cdn.smartvod.com\/smartvod\/images\/videoland\/data\/images\/x\/p\/606c2b4c0def4_[format].jpg","runtime":2580,"editions":{"hd":{"price":0}},"is_downloadable":false},"E85330":{"id":85330,"ref":"E85330","type":"episode","position":40,"title":"","description":"Dagelijkse inspiratie voor een lekker leven in en om het huis. Presentatrice Froukje de Both, kok Hugo Kennis en een team van experts, onder wie tuinman Tom Groot, geven praktische tips op het gebied van wonen, lifestyle, tuinieren en koken. Daarmee kun je zelf direct aan de slag om je leven leuker \u00e9n gezonder te maken.","still":"https:\/\/img-opt.cdn.smartvod.com\/smartvod\/images\/videoland\/data\/images\/b\/1\/606d6da60f73c_[format].jpg","runtime":2580,"editions":{"hd":{"price":0}},"is_downloadable":false},"E85327":{"id":85327,"ref":"E85327","type":"episode","position":41,"title":"","description":"Dagelijkse inspiratie voor een lekker leven in en om het huis. Presentatrice Froukje de Both, kok Hugo Kennis en een team van experts, onder wie tuinman Tom Groot, geven praktische tips op het gebied van wonen, lifestyle, tuinieren en koken. Daarmee kun je zelf direct aan de slag om je leven leuker \u00e9n gezonder te maken.","still":"https:\/\/img-opt.cdn.smartvod.com\/smartvod\/images\/videoland\/data\/images\/t\/i\/607004eab29a0_[format].jpg","runtime":2580,"editions":{"hd":{"price":0}},"is_downloadable":false},"E85343":{"id":85343,"ref":"E85343","type":"episode","position":42,"title":"","description":"Dagelijkse inspiratie voor een lekker leven in en om het huis. Presentatrice Froukje de Both, kok Hugo Kennis en een team van experts, onder wie tuinman Tom Groot, geven praktische tips op het gebied van wonen, lifestyle, tuinieren en koken. Daarmee kun je zelf direct aan de slag om je leven leuker \u00e9n gezonder te maken.","still":"https:\/\/img-opt.cdn.smartvod.com\/smartvod\/images\/videoland\/data\/images\/7\/6\/60700bdb152d9_[format].jpg","runtime":2580,"editions":{"hd":{"price":0}},"is_downloadable":false},"E85321":{"id":85321,"ref":"E85321","type":"episode","position":43,"title":"","description":"Dagelijkse inspiratie voor een lekker leven in en om het huis. Presentatrice Froukje de Both, kok Hugo Kennis en een team van experts, onder wie tuinman Tom Groot, geven praktische tips op het gebied van wonen, lifestyle, tuinieren en koken. Daarmee kun je zelf direct aan de slag om je leven leuker \u00e9n gezonder te maken.","still":"https:\/\/img-opt.cdn.smartvod.com\/smartvod\/images\/videoland\/data\/images\/v\/q\/6070210e8f5f9_[format].jpg","runtime":2580,"editions":{"hd":{"price":0}},"is_downloadable":false},"E85319":{"id":85319,"ref":"E85319","type":"episode","position":44,"title":"","description":"Dagelijkse inspiratie voor een lekker leven in en om het huis. Presentatrice Froukje de Both, kok Hugo Kennis en een team van experts, onder wie tuinman Tom Groot, geven praktische tips op het gebied van wonen, lifestyle, tuinieren en koken. Daarmee kun je zelf direct aan de slag om je leven leuker \u00e9n gezonder te maken.","still":"https:\/\/img-opt.cdn.smartvod.com\/smartvod\/images\/videoland\/data\/images\/o\/p\/607026d247157_[format].jpg","runtime":2580,"editions":{"hd":{"price":0}},"is_downloadable":false},"E85318":{"id":85318,"ref":"E85318","type":"episode","position":45,"title":"","description":"Dagelijkse inspiratie voor een lekker leven in en om het huis. Presentatrice Froukje de Both, kok Hugo Kennis en een team van experts, onder wie tuinman Tom Groot, geven praktische tips op het gebied van wonen, lifestyle, tuinieren en koken. Daarmee kun je zelf direct aan de slag om je leven leuker \u00e9n gezonder te maken.","still":"https:\/\/img-opt.cdn.smartvod.com\/smartvod\/images\/videoland\/data\/images\/6\/f\/6076de135eeea_[format].jpg","runtime":2580,"editions":{"hd":{"price":0}},"is_downloadable":false},"E86108":{"id":86108,"ref":"E86108","type":"episode","position":46,"title":"","description":"Dagelijkse inspiratie voor een lekker leven in en om het huis. Presentatrice Froukje de Both, kok Hugo Kennis en een team van experts, onder wie tuinman Tom Groot, geven praktische tips op het gebied van wonen, lifestyle, tuinieren en koken. Daarmee kun je zelf direct aan de slag om je leven leuker \u00e9n gezonder te maken.","still":"https:\/\/img-opt.cdn.smartvod.com\/smartvod\/images\/videoland\/data\/images\/2\/s\/6076e62b1d432_[format].jpg","runtime":2580,"editions":{"hd":{"price":0}},"is_downloadable":false},"E86094":{"id":86094,"ref":"E86094","type":"episode","position":47,"title":"","description":"Dagelijkse inspiratie voor een lekker leven in en om het huis. Presentatrice Froukje de Both, kok Hugo Kennis en een team van experts, onder wie tuinman Tom Groot, geven praktische tips op het gebied van wonen, lifestyle, tuinieren en koken. Daarmee kun je zelf direct aan de slag om je leven leuker \u00e9n gezonder te maken.","still":"https:\/\/img-opt.cdn.smartvod.com\/smartvod\/images\/videoland\/data\/images\/z\/z\/6076eae38ac56_[format].jpg","runtime":2580,"editions":{"hd":{"price":0}},"is_downloadable":false},"E86134":{"id":86134,"ref":"E86134","type":"episode","position":48,"title":"","description":"Dagelijkse inspiratie voor een lekker leven in en om het huis. Presentatrice Froukje de Both, kok Hugo Kennis en een team van experts, onder wie tuinman Tom Groot, geven praktische tips op het gebied van wonen, lifestyle, tuinieren en koken. Daarmee kun je zelf direct aan de slag om je leven leuker \u00e9n gezonder te maken.","still":"https:\/\/img-opt.cdn.smartvod.com\/smartvod\/images\/videoland\/data\/images\/z\/i\/607d33e07df37_[format].jpg","runtime":2580,"editions":{"hd":{"price":0}},"is_downloadable":false},"E86145":{"id":86145,"ref":"E86145","type":"episode","position":49,"title":"","description":"Dagelijkse inspiratie voor een lekker leven in en om het huis. Presentatrice Froukje de Both, kok Hugo Kennis en een team van experts, onder wie tuinman Tom Groot, geven praktische tips op het gebied van wonen, lifestyle, tuinieren en koken. Daarmee kun je zelf direct aan de slag om je leven leuker \u00e9n gezonder te maken.","still":"https:\/\/img-opt.cdn.smartvod.com\/smartvod\/images\/videoland\/data\/images\/r\/8\/607d389429672_[format].jpg","runtime":2580,"editions":{"hd":{"price":0}},"is_downloadable":false},"E86132":{"id":86132,"ref":"E86132","type":"episode","position":50,"title":"","description":"Dagelijkse inspiratie voor een lekker leven in en om het huis. Presentatrice Froukje de Both, kok Hugo Kennis en een team van experts, onder wie tuinman Tom Groot, geven praktische tips op het gebied van wonen, lifestyle, tuinieren en koken. Daarmee kun je zelf direct aan de slag om je leven leuker \u00e9n gezonder te maken.","still":"https:\/\/img-opt.cdn.smartvod.com\/smartvod\/images\/videoland\/data\/images\/s\/o\/607d3aec4bc82_[format].jpg","runtime":2580,"editions":{"hd":{"price":0}},"is_downloadable":false},"E86206":{"id":86206,"ref":"E86206","type":"episode","position":51,"title":"","description":"Dagelijkse inspiratie voor een lekker leven in en om het huis. Presentatrice Froukje de Both, kok Hugo Kennis en een team van experts, onder wie tuinman Tom Groot, geven praktische tips op het gebied van wonen, lifestyle, tuinieren en koken. Daarmee kun je zelf direct aan de slag om je leven leuker \u00e9n gezonder te maken.","still":"https:\/\/img-opt.cdn.smartvod.com\/smartvod\/images\/videoland\/data\/images\/2\/y\/607d456a5b90a_[format].jpg","runtime":2580,"editions":{"hd":{"price":0}},"is_downloadable":false},"E86200":{"id":86200,"ref":"E86200","type":"episode","position":52,"title":"","description":"Dagelijkse inspiratie voor een lekker leven in en om het huis. Presentatrice Froukje de Both, kok Hugo Kennis en een team van experts, onder wie tuinman Tom Groot, geven praktische tips op het gebied van wonen, lifestyle, tuinieren en koken. Daarmee kun je zelf direct aan de slag om je leven leuker \u00e9n gezonder te maken.","still":"https:\/\/img-opt.cdn.smartvod.com\/smartvod\/images\/videoland\/data\/images\/0\/z\/607d48ee69f92_[format].jpg","runtime":2580,"editions":{"hd":{"price":0}},"is_downloadable":false},"E86228":{"id":86228,"ref":"E86228","type":"episode","position":53,"title":"","description":"Dagelijkse inspiratie voor een lekker leven in en om het huis. Presentatrice Froukje de Both, kok Hugo Kennis en een team van experts, onder wie tuinman Tom Groot, geven praktische tips op het gebied van wonen, lifestyle, tuinieren en koken. Daarmee kun je zelf direct aan de slag om je leven leuker \u00e9n gezonder te maken.","still":"https:\/\/img-opt.cdn.smartvod.com\/smartvod\/images\/videoland\/data\/images\/t\/y\/607d4d9cd916f_[format].jpg","runtime":2580,"editions":{"hd":{"price":0}},"is_downloadable":false},"E86229":{"id":86229,"ref":"E86229","type":"episode","position":54,"title":"","description":"Dagelijkse inspiratie voor een lekker leven in en om het huis. Presentatrice Froukje de Both, kok Hugo Kennis en een team van experts, onder wie tuinman Tom Groot, geven praktische tips op het gebied van wonen, lifestyle, tuinieren en koken. Daarmee kun je zelf direct aan de slag om je leven leuker \u00e9n gezonder te maken.","still":"https:\/\/img-opt.cdn.smartvod.com\/smartvod\/images\/videoland\/data\/images\/q\/3\/6082b928a28ed_[format].jpg","runtime":2580,"editions":{"hd":{"price":0}},"is_downloadable":false},"E86233":{"id":86233,"ref":"E86233","type":"episode","position":55,"title":"","description":"Dagelijkse inspiratie voor een lekker leven in en om het huis. Presentatrice Froukje de Both, kok Hugo Kennis en een team van experts, onder wie tuinman Tom Groot, geven praktische tips op het gebied van wonen, lifestyle, tuinieren en koken. Daarmee kun je zelf direct aan de slag om je leven leuker \u00e9n gezonder te maken.","still":"https:\/\/img-opt.cdn.smartvod.com\/smartvod\/images\/videoland\/data\/images\/o\/6\/6089567717d9c_[format].jpg","runtime":2580,"editions":{"hd":{"price":0}},"is_downloadable":false},"E86389":{"id":86389,"ref":"E86389","type":"episode","position":56,"title":"","description":"Dagelijkse inspiratie voor een lekker leven in en om het huis. Presentatrice Froukje de Both, kok Hugo Kennis en een team van experts, onder wie tuinman Tom Groot, geven praktische tips op het gebied van wonen, lifestyle, tuinieren en koken. Daarmee kun je zelf direct aan de slag om je leven leuker \u00e9n gezonder te maken.","still":"https:\/\/img-opt.cdn.smartvod.com\/smartvod\/images\/videoland\/data\/images\/7\/t\/608fce595435e_[format].jpg","runtime":2580,"editions":{"hd":{"price":0}},"is_downloadable":false},"E86413":{"id":86413,"ref":"E86413","type":"episode","position":57,"title":"","description":"Dagelijkse inspiratie voor een lekker leven in en om het huis. Presentatrice Froukje de Both, kok Hugo Kennis en een team van experts, onder wie tuinman Tom Groot, geven praktische tips op het gebied van wonen, lifestyle, tuinieren en koken. Daarmee kun je zelf direct aan de slag om je leven leuker \u00e9n gezonder te maken.","still":"https:\/\/img-opt.cdn.smartvod.com\/smartvod\/images\/videoland\/data\/images\/0\/8\/608ff9bf601d7_[format].jpg","runtime":2580,"editions":{"hd":{"price":0}},"is_downloadable":false},"E86407":{"id":86407,"ref":"E86407","type":"episode","position":58,"title":"","description":"Dagelijkse inspiratie voor een lekker leven in en om het huis. Presentatrice Froukje de Both, kok Hugo Kennis en een team van experts, onder wie tuinman Tom Groot, geven praktische tips op het gebied van wonen, lifestyle, tuinieren en koken. Daarmee kun je zelf direct aan de slag om je leven leuker \u00e9n gezonder te maken.","still":"https:\/\/img-opt.cdn.smartvod.com\/smartvod\/images\/videoland\/data\/images\/h\/u\/60911568a57fc_[format].jpg","runtime":2580,"editions":{"hd":{"price":0}},"is_downloadable":false},"E86423":{"id":86423,"ref":"E86423","type":"episode","position":59,"title":"","description":"Dagelijkse inspiratie voor een lekker leven in en om het huis. Presentatrice Froukje de Both, kok Hugo Kennis en een team van experts, onder wie tuinman Tom Groot, geven praktische tips op het gebied van wonen, lifestyle, tuinieren en koken. Daarmee kun je zelf direct aan de slag om je leven leuker \u00e9n gezonder te maken.","still":"https:\/\/img-opt.cdn.smartvod.com\/smartvod\/images\/videoland\/data\/images\/h\/0\/6091167e47918_[format].jpg","runtime":2580,"editions":{"hd":{"price":0}},"is_downloadable":false},"E86469":{"id":86469,"ref":"E86469","type":"episode","position":60,"title":"","description":"Dagelijkse inspiratie voor een lekker leven in en om het huis. Presentatrice Froukje de Both, kok Hugo Kennis en een team van experts, onder wie tuinman Tom Groot, geven praktische tips op het gebied van wonen, lifestyle, tuinieren en koken. Daarmee kun je zelf direct aan de slag om je leven leuker \u00e9n gezonder te maken.","still":"https:\/\/img-opt.cdn.smartvod.com\/smartvod\/images\/videoland\/data\/images\/w\/i\/6095446f01eef_[format].jpg","runtime":2460,"editions":{"hd":{"price":0}},"is_downloadable":false},"E86511":{"id":86511,"ref":"E86511","type":"episode","position":61,"title":"","description":"Dagelijkse inspiratie voor een lekker leven in en om het huis. Presentatrice Froukje de Both, kok Hugo Kennis en een team van experts, onder wie tuinman Tom Groot, geven praktische tips op het gebied van wonen, lifestyle, tuinieren en koken. Daarmee kun je zelf direct aan de slag om je leven leuker \u00e9n gezonder te maken.","still":"https:\/\/img-opt.cdn.smartvod.com\/smartvod\/images\/videoland\/data\/images\/z\/g\/609959b123fde_[format].jpg","runtime":2580,"editions":{"hd":{"price":0}},"is_downloadable":false},"E86541":{"id":86541,"ref":"E86541","type":"episode","position":62,"title":"","description":"Dagelijkse inspiratie voor een lekker leven in en om het huis. Presentatrice Froukje de Both, kok Hugo Kennis en een team van experts, onder wie tuinman Tom Groot, geven praktische tips op het gebied van wonen, lifestyle, tuinieren en koken. Daarmee kun je zelf direct aan de slag om je leven leuker \u00e9n gezonder te maken.","still":"https:\/\/img-opt.cdn.smartvod.com\/smartvod\/images\/videoland\/data\/images\/y\/7\/609958a779ea3_[format].jpg","runtime":2580,"editions":{"hd":{"price":0}},"is_downloadable":false},"E86527":{"id":86527,"ref":"E86527","type":"episode","position":63,"title":"","description":"Dagelijkse inspiratie voor een lekker leven in en om het huis. Presentatrice Froukje de Both, kok Hugo Kennis en een team van experts, onder wie tuinman Tom Groot, geven praktische tips op het gebied van wonen, lifestyle, tuinieren en koken. Daarmee kun je zelf direct aan de slag om je leven leuker \u00e9n gezonder te maken.","still":"https:\/\/img-opt.cdn.smartvod.com\/smartvod\/images\/videoland\/data\/images\/3\/5\/609b620f8aa21_[format].jpg","runtime":2580,"editions":{"hd":{"price":0}},"is_downloadable":false},"E86559":{"id":86559,"ref":"E86559","type":"episode","position":64,"title":"","description":"Dagelijkse inspiratie voor een lekker leven in en om het huis. Presentatrice Froukje de Both, kok Hugo Kennis en een team van experts, onder wie tuinman Tom Groot, geven praktische tips op het gebied van wonen, lifestyle, tuinieren en koken. Daarmee kun je zelf direct aan de slag om je leven leuker \u00e9n gezonder te maken.","still":"https:\/\/img-opt.cdn.smartvod.com\/smartvod\/images\/videoland\/data\/images\/b\/l\/609bdacf29f4b_[format].jpg","runtime":2580,"editions":{"hd":{"price":0}},"is_downloadable":false},"E86560":{"id":86560,"ref":"E86560","type":"episode","position":65,"title":"","description":"Dagelijkse inspiratie voor een lekker leven in en om het huis. Presentatrice Froukje de Both, kok Hugo Kennis en een team van experts, onder wie tuinman Tom Groot, geven praktische tips op het gebied van wonen, lifestyle, tuinieren en koken. Daarmee kun je zelf direct aan de slag om je leven leuker \u00e9n gezonder te maken.","still":"https:\/\/img-opt.cdn.smartvod.com\/smartvod\/images\/videoland\/data\/images\/h\/1\/60a36f57311e1_[format].jpg","runtime":2580,"editions":{"hd":{"price":0}},"is_downloadable":false},"E86669":{"id":86669,"ref":"E86669","type":"episode","position":66,"title":"","description":"Dagelijkse inspiratie voor een lekker leven in en om het huis. Presentatrice Froukje de Both, kok Hugo Kennis en een team van experts, onder wie tuinman Tom Groot, geven praktische tips op het gebied van wonen, lifestyle, tuinieren en koken. Daarmee kun je zelf direct aan de slag om je leven leuker \u00e9n gezonder te maken.","still":"https:\/\/img-opt.cdn.smartvod.com\/smartvod\/images\/videoland\/data\/images\/5\/i\/60a371b9f3b1e_[format].jpg","runtime":2460,"editions":{"hd":{"price":0}},"is_downloadable":false},"E86733":{"id":86733,"ref":"E86733","type":"episode","position":67,"title":"","description":"Dagelijkse inspiratie voor een lekker leven in en om het huis. Presentatrice Froukje de Both, kok Hugo Kennis en een team van experts, onder wie tuinman Tom Groot, geven praktische tips op het gebied van wonen, lifestyle, tuinieren en koken. Daarmee kun je zelf direct aan de slag om je leven leuker \u00e9n gezonder te maken.","still":"https:\/\/img-opt.cdn.smartvod.com\/smartvod\/images\/videoland\/data\/images\/z\/s\/60a3741010acc_[format].jpg","runtime":2580,"editions":{"hd":{"price":0}},"is_downloadable":false},"E86718":{"id":86718,"ref":"E86718","type":"episode","position":68,"title":"","description":"Dagelijkse inspiratie voor een lekker leven in en om het huis. Presentatrice Froukje de Both, kok Hugo Kennis en een team van experts, onder wie tuinman Tom Groot, geven praktische tips op het gebied van wonen, lifestyle, tuinieren en koken. Daarmee kun je zelf direct aan de slag om je leven leuker \u00e9n gezonder te maken.","still":"https:\/\/img-opt.cdn.smartvod.com\/smartvod\/images\/videoland\/data\/images\/f\/k\/60a3d1cc1954e_[format].jpg","runtime":2580,"editions":{"hd":{"price":0}},"is_downloadable":false},"E87014":{"id":87014,"ref":"E87014","type":"episode","position":69,"title":"","description":"Dagelijkse inspiratie voor een lekker leven in en om het huis. Presentatrice Froukje de Both, kok Hugo Kennis en een team van experts, onder wie tuinman Tom Groot, geven praktische tips op het gebied van wonen, lifestyle, tuinieren en koken. Daarmee kun je zelf direct aan de slag om je leven leuker \u00e9n gezonder te maken.","still":"https:\/\/img-opt.cdn.smartvod.com\/smartvod\/images\/videoland\/data\/images\/b\/n\/60a3d430e04a1_[format].jpg","runtime":2580,"editions":{"hd":{"price":0}},"is_downloadable":false},"E87004":{"id":87004,"ref":"E87004","type":"episode","position":70,"title":"","description":"Dagelijkse inspiratie voor een lekker leven in en om het huis. Presentatrice Froukje de Both, kok Hugo Kennis en een team van experts, onder wie tuinman Tom Groot, geven praktische tips op het gebied van wonen, lifestyle, tuinieren en koken. Daarmee kun je zelf direct aan de slag om je leven leuker \u00e9n gezonder te maken.","still":"https:\/\/img-opt.cdn.smartvod.com\/smartvod\/images\/videoland\/data\/images\/9\/q\/60a3d67521467_[format].jpg","runtime":2580,"editions":{"hd":{"price":0}},"is_downloadable":false},"E87042":{"id":87042,"ref":"E87042","type":"episode","position":71,"title":"","description":"Dagelijkse inspiratie voor een lekker leven in en om het huis. Presentatrice Froukje de Both, kok Hugo Kennis en een team van experts, onder wie tuinman Tom Groot, geven praktische tips op het gebied van wonen, lifestyle, tuinieren en koken. Daarmee kun je zelf direct aan de slag om je leven leuker \u00e9n gezonder te maken.","still":"https:\/\/img-opt.cdn.smartvod.com\/smartvod\/images\/videoland\/data\/images\/b\/l\/60a7a31f821ab_[format].jpg","runtime":2580,"editions":{"hd":{"price":0}},"is_downloadable":false},"E87057":{"id":87057,"ref":"E87057","type":"episode","position":72,"title":"","description":"Dagelijkse inspiratie voor een lekker leven in en om het huis. Presentatrice Froukje de Both, kok Hugo Kennis en een team van experts, onder wie tuinman Tom Groot, geven praktische tips op het gebied van wonen, lifestyle, tuinieren en koken. Daarmee kun je zelf direct aan de slag om je leven leuker \u00e9n gezonder te maken.","still":"https:\/\/img-opt.cdn.smartvod.com\/smartvod\/images\/videoland\/data\/images\/d\/m\/60a7a45b73cfb_[format].jpg","runtime":2580,"editions":{"hd":{"price":0}},"is_downloadable":false},"E87060":{"id":87060,"ref":"E87060","type":"episode","position":73,"title":"","description":"Dagelijkse inspiratie voor een lekker leven in en om het huis. Presentatrice Froukje de Both, kok Hugo Kennis en een team van experts, onder wie tuinman Tom Groot, geven praktische tips op het gebied van wonen, lifestyle, tuinieren en koken. Daarmee kun je zelf direct aan de slag om je leven leuker \u00e9n gezonder te maken.","still":"https:\/\/img-opt.cdn.smartvod.com\/smartvod\/images\/videoland\/data\/images\/5\/b\/60a7a579b620d_[format].jpg","runtime":2580,"editions":{"hd":{"price":0}},"is_downloadable":false},"E87219":{"id":87219,"ref":"E87219","type":"episode","position":74,"title":"","description":"Dagelijkse inspiratie voor een lekker leven in en om het huis. Presentatrice Froukje de Both, kok Hugo Kennis en een team van experts, onder wie tuinman Tom Groot, geven praktische tips op het gebied van wonen, lifestyle, tuinieren en koken. Daarmee kun je zelf direct aan de slag om je leven leuker \u00e9n gezonder te maken.","still":"https:\/\/img-opt.cdn.smartvod.com\/smartvod\/images\/videoland\/data\/images\/9\/v\/60ae7087a876e_[format].jpg","runtime":2580,"editions":{"hd":{"price":0}},"is_downloadable":false},"E87202":{"id":87202,"ref":"E87202","type":"episode","position":75,"title":"","description":"Dagelijkse inspiratie voor een lekker leven in en om het huis. Presentatrice Froukje de Both, kok Hugo Kennis en een team van experts, onder wie tuinman Tom Groot, geven praktische tips op het gebied van wonen, lifestyle, tuinieren en koken. Daarmee kun je zelf direct aan de slag om je leven leuker \u00e9n gezonder te maken.","still":"https:\/\/img-opt.cdn.smartvod.com\/smartvod\/images\/videoland\/data\/images\/i\/e\/60afabc2808aa_[format].jpg","runtime":2580,"editions":{"hd":{"price":0}},"is_downloadable":false}}}