{"id":500969,"ref":"S500969","type":"series","title":"Glory Collision","year":2022,"rating":5,"poster":"https:\/\/img-opt.cdn.smartvod.com\/smartvod\/images\/videoland\/data\/images\/z\/4\/62fcfc1565407_[format].jpg","still":"https:\/\/img-opt.cdn.smartvod.com\/smartvod\/images\/videoland\/data\/images\/d\/d\/63008a325ed7a_[format].jpg","cast":{},"genres":["Sport"],"refs":["SN5108","SN5109","SN5110","SN5111"],"is_adult":false,"is_kids":false,"is_available":true,"description":"Verslag van diverse wedstrijden van 's werelds grootste kickboksorganisatie: GLORY.","nicam":{"16":"Mogelijk schadelijk tot 16 jaar","geweld":"Geweld","taalgebruik":"Grof Taalgebruik"},"language":"en","language_full":"Engels","details":{"SN5108":{"id":5108,"ref":"SN5108","type":"season","title":"1","position":1},"SN5109":{"id":5109,"ref":"SN5109","type":"season","title":"2","position":2},"SN5110":{"id":5110,"ref":"SN5110","type":"season","title":"3","position":3,"refs":["E101616","E102199"]},"SN5111":{"id":5111,"ref":"SN5111","type":"season","title":"4","position":4},"E101616":{"id":101616,"ref":"E101616","type":"episode","position":1,"title":"Collision 3: Verhoeven vs Ben Saddik","description":"GLORY Heavyweight-kampioen Rico Verhoeven verdedigt zijn titel tegen Jamal Ben Saddik. Met verder wedstrijden van G\u00f6khan Saki, Sergej Maslobojev, Antonio Plazibat, Michael Duut en meer.","still":"https:\/\/img-opt.cdn.smartvod.com\/smartvod\/images\/videoland\/data\/images\/0\/k\/62ff9510a3254_[format].jpg","runtime":2787,"editions":{"hd":{"price":0}},"is_downloadable":false},"E102199":{"id":102199,"ref":"E102199","type":"episode","position":2,"title":"Collision 3: Verhoeven vs Ben Saddik (Fight)","description":"Verslag van de wedstrijd tussen Rico Verhoeven en Jamal Ben Saddik.","still":"https:\/\/img-opt.cdn.smartvod.com\/smartvod\/images\/videoland\/data\/images\/q\/k\/62ffd1fb77807_[format].jpg","runtime":2161,"editions":{"hd":{"price":0}},"is_downloadable":false}}}