{"id":500699,"ref":"S500699","type":"series","title":"Best Of Bright","year":2022,"rating":4,"poster":"https:\/\/img-opt.cdn.smartvod.com\/smartvod\/images\/videoland\/data\/images\/d\/m\/61decb2904e0e_[format].jpg","still":"https:\/\/img-opt.cdn.smartvod.com\/smartvod\/images\/videoland\/data\/images\/p\/z\/629879c49bdd2_[format].jpg","cast":{"actors":["Merijn Doggen"]},"genres":["Informatief"],"refs":["SN4349","SN4600","SN4802","SN4995"],"is_adult":false,"is_kids":false,"is_available":true,"description":"Bright test de nieuwste gadgets en helpt je technologie te begrijpen. Het programma wordt gepresenteerd door de gezichten van het Youtube-kanaal van Bright.","nicam":{"al":"Alle leeftijden"},"language":"nl","language_full":"Nederlands","details":{"SN4349":{"id":4349,"ref":"SN4349","type":"season","title":"7","position":7},"SN4600":{"id":4600,"ref":"SN4600","type":"season","title":"8","position":8},"SN4802":{"id":4802,"ref":"SN4802","type":"season","title":"9","position":9,"refs":["E95636","E95763","E95762","E95960","E96281","E96494","E96630","E96985","E97186","E97392","E97536","E97808","E98133","E98520","E98572","E98584","E98655"]},"SN4995":{"id":4995,"ref":"SN4995","type":"season","title":"10","position":10},"E95636":{"id":95636,"ref":"E95636","type":"episode","position":5,"title":"","description":"Bright test de nieuwste gadgets en helpt je technologie te begrijpen. Het programma wordt gepresenteerd door de gezichten van het Youtube-kanaal van Bright.","still":"https:\/\/img-opt.cdn.smartvod.com\/smartvod\/images\/videoland\/data\/images\/0\/f\/61f7eee74ada8_[format].jpg","runtime":1380,"editions":{"hd":{"price":0}},"is_downloadable":false},"E95763":{"id":95763,"ref":"E95763","type":"episode","position":6,"title":"","description":"Bright test de nieuwste gadgets en helpt je technologie te begrijpen. Het programma wordt gepresenteerd door de gezichten van het Youtube-kanaal van Bright.","still":"https:\/\/img-opt.cdn.smartvod.com\/smartvod\/images\/videoland\/data\/images\/7\/4\/620679ff3d435_[format].jpg","runtime":1380,"editions":{"hd":{"price":0}},"is_downloadable":false},"E95762":{"id":95762,"ref":"E95762","type":"episode","position":7,"title":"","description":"Bright test de nieuwste gadgets en helpt je technologie te begrijpen. Het programma wordt gepresenteerd door de gezichten van het Youtube-kanaal van Bright.","still":"https:\/\/img-opt.cdn.smartvod.com\/smartvod\/images\/videoland\/data\/images\/m\/5\/6212113fdeab2_[format].jpg","runtime":1380,"editions":{"hd":{"price":0}},"is_downloadable":false},"E95960":{"id":95960,"ref":"E95960","type":"episode","position":8,"title":"","description":"Bright test de nieuwste gadgets en helpt je technologie te begrijpen. Het programma wordt gepresenteerd door de gezichten van het Youtube-kanaal van Bright.","still":"https:\/\/img-opt.cdn.smartvod.com\/smartvod\/images\/videoland\/data\/images\/n\/2\/6218dc37864f3_[format].jpg","runtime":1380,"editions":{"hd":{"price":0}},"is_downloadable":false},"E96281":{"id":96281,"ref":"E96281","type":"episode","position":9,"title":"","description":"Bright test de nieuwste gadgets en helpt je technologie te begrijpen. Het programma wordt gepresenteerd door de gezichten van het Youtube-kanaal van Bright.","still":"https:\/\/img-opt.cdn.smartvod.com\/smartvod\/images\/videoland\/data\/images\/d\/v\/622216b94cf78_[format].jpg","runtime":1380,"editions":{"hd":{"price":0}},"is_downloadable":false},"E96494":{"id":96494,"ref":"E96494","type":"episode","position":10,"title":"","description":"Bright test de nieuwste gadgets en helpt je technologie te begrijpen. Het programma wordt gepresenteerd door de gezichten van het Youtube-kanaal van Bright.","still":"https:\/\/img-opt.cdn.smartvod.com\/smartvod\/images\/videoland\/data\/images\/q\/q\/622f7ba33a735_[format].jpg","runtime":1380,"editions":{"hd":{"price":0}},"is_downloadable":false},"E96630":{"id":96630,"ref":"E96630","type":"episode","position":11,"title":"","description":"Bright test de nieuwste gadgets en helpt je technologie te begrijpen. Het programma wordt gepresenteerd door de gezichten van het Youtube-kanaal van Bright.","still":"https:\/\/img-opt.cdn.smartvod.com\/smartvod\/images\/videoland\/data\/images\/y\/z\/62389eb399f0e_[format].jpg","runtime":1380,"editions":{"hd":{"price":0}},"is_downloadable":false},"E96985":{"id":96985,"ref":"E96985","type":"episode","position":12,"title":"","description":"Bright test de nieuwste gadgets en helpt je technologie te begrijpen. Het programma wordt gepresenteerd door de gezichten van het Youtube-kanaal van Bright.","still":"https:\/\/img-opt.cdn.smartvod.com\/smartvod\/images\/videoland\/data\/images\/d\/d\/623d98a811555_[format].jpg","runtime":1380,"editions":{"hd":{"price":0}},"is_downloadable":false},"E97186":{"id":97186,"ref":"E97186","type":"episode","position":13,"title":"","description":"Bright test de nieuwste gadgets en helpt je technologie te begrijpen. Het programma wordt gepresenteerd door de gezichten van het Youtube-kanaal van Bright.","still":"https:\/\/img-opt.cdn.smartvod.com\/smartvod\/images\/videoland\/data\/images\/8\/n\/62470ffe9b52b_[format].jpg","runtime":1380,"editions":{"hd":{"price":0}},"is_downloadable":false},"E97392":{"id":97392,"ref":"E97392","type":"episode","position":14,"title":"","description":"Bright test de nieuwste gadgets en helpt je technologie te begrijpen. Het programma wordt gepresenteerd door de gezichten van het Youtube-kanaal van Bright.","still":"https:\/\/img-opt.cdn.smartvod.com\/smartvod\/images\/videoland\/data\/images\/h\/9\/624f0be03c84d_[format].jpg","runtime":1380,"editions":{"hd":{"price":0}},"is_downloadable":false},"E97536":{"id":97536,"ref":"E97536","type":"episode","position":15,"title":"","description":"Bright test de nieuwste gadgets en helpt je technologie te begrijpen. Het programma wordt gepresenteerd door de gezichten van het Youtube-kanaal van Bright.","still":"https:\/\/img-opt.cdn.smartvod.com\/smartvod\/images\/videoland\/data\/images\/s\/l\/6257d905acb9c_[format].jpg","runtime":1380,"editions":{"hd":{"price":0}},"is_downloadable":false},"E97808":{"id":97808,"ref":"E97808","type":"episode","position":16,"title":"","description":"Bright test de nieuwste gadgets en helpt je technologie te begrijpen. Het programma wordt gepresenteerd door de gezichten van het Youtube-kanaal van Bright.","still":"https:\/\/img-opt.cdn.smartvod.com\/smartvod\/images\/videoland\/data\/images\/f\/8\/625e99e25e760_[format].jpg","runtime":1380,"editions":{"hd":{"price":0}},"is_downloadable":false},"E98133":{"id":98133,"ref":"E98133","type":"episode","position":17,"title":"","description":"Bright test de nieuwste gadgets en helpt je technologie te begrijpen. Het programma wordt gepresenteerd door de gezichten van het Youtube-kanaal van Bright.","still":"https:\/\/img-opt.cdn.smartvod.com\/smartvod\/images\/videoland\/data\/images\/1\/p\/6266c69fc14e1_[format].jpg","runtime":1380,"editions":{"hd":{"price":0}},"is_downloadable":false},"E98520":{"id":98520,"ref":"E98520","type":"episode","position":18,"title":"","description":"Bright test de nieuwste gadgets en helpt je technologie te begrijpen. Het programma wordt gepresenteerd door de gezichten van het Youtube-kanaal van Bright.","still":"https:\/\/img-opt.cdn.smartvod.com\/smartvod\/images\/videoland\/data\/images\/b\/z\/626a82b0f191b_[format].jpg","runtime":1380,"editions":{"hd":{"price":0}},"is_downloadable":false},"E98572":{"id":98572,"ref":"E98572","type":"episode","position":19,"title":"","description":"Bright test de nieuwste gadgets en helpt je technologie te begrijpen. Het programma wordt gepresenteerd door de gezichten van het Youtube-kanaal van Bright.","still":"https:\/\/img-opt.cdn.smartvod.com\/smartvod\/images\/videoland\/data\/images\/s\/u\/626ab93623592_[format].jpg","runtime":1380,"editions":{"hd":{"price":0}},"is_downloadable":false},"E98584":{"id":98584,"ref":"E98584","type":"episode","position":20,"title":"","description":"Bright test de nieuwste gadgets en helpt je technologie te begrijpen. Het programma wordt gepresenteerd door de gezichten van het Youtube-kanaal van Bright.","still":"https:\/\/img-opt.cdn.smartvod.com\/smartvod\/images\/videoland\/data\/images\/z\/n\/62877c3123995_[format].jpg","runtime":1380,"editions":{"hd":{"price":0}},"is_downloadable":false},"E98655":{"id":98655,"ref":"E98655","type":"episode","position":21,"title":"","description":"Bright test de nieuwste gadgets en helpt je technologie te begrijpen. Het programma wordt gepresenteerd door de gezichten van het Youtube-kanaal van Bright.","still":"https:\/\/img-opt.cdn.smartvod.com\/smartvod\/images\/videoland\/data\/images\/4\/4\/628e20cdc1167_[format].jpg","runtime":1380,"editions":{"hd":{"price":0}},"is_downloadable":false}}}