{"id":500672,"ref":"S500672","type":"series","title":"Heel Holland Woont","year":2021,"rating":4,"poster":"https:\/\/img-opt.cdn.smartvod.com\/smartvod\/images\/videoland\/data\/images\/9\/o\/609946c00407f_[format].jpg","still":"https:\/\/img-opt.cdn.smartvod.com\/smartvod\/images\/videoland\/data\/images\/k\/0\/630736e977943_[format].jpg","cast":{},"genres":["Informatief"],"refs":["SN4263","SN4497","SN5171"],"is_adult":false,"is_kids":false,"is_available":true,"description":"In dit programma wordt alles over wonen van A tot Z behandeld: van bouwkavel tot verbouwing en van aankoop tot interieurinrichting. We nemen je elke week mee naar d\u00e9 experts die ons woongenot mogelijk maken.","nicam":{"al":"Alle leeftijden"},"language":"nl","language_full":"Nederlands","details":{"SN4263":{"id":4263,"ref":"SN4263","type":"season","title":"1","position":1},"SN4497":{"id":4497,"ref":"SN4497","type":"season","title":"2","position":2},"SN5171":{"id":5171,"ref":"SN5171","type":"season","title":"3","position":3,"refs":["E102280","E102282","E102284","E102313","E102428","E102556","E102628","E102710"]},"E102280":{"id":102280,"ref":"E102280","type":"episode","position":1,"title":"","description":"In dit programma behandelen we alles over wonen van A tot Z: van een nieuwe woning tot aan die extra touch voor je huidige woning en van aankoop tot interieurinrichting. Elke week nemen we je mee naar d\u00e9 experts die ons woongenot mogelijk maken.","still":"https:\/\/img-opt.cdn.smartvod.com\/smartvod\/images\/videoland\/data\/images\/k\/0\/630736e977943_[format].jpg","runtime":1320,"editions":{"hd":{"price":0}},"is_downloadable":false},"E102282":{"id":102282,"ref":"E102282","type":"episode","position":2,"title":"","description":"In dit programma behandelen we alles over wonen van A tot Z: van een nieuwe woning tot aan die extra touch voor je huidige woning en van aankoop tot interieurinrichting. Elke week nemen we je mee naar d\u00e9 experts die ons woongenot mogelijk maken.","still":"https:\/\/img-opt.cdn.smartvod.com\/smartvod\/images\/videoland\/data\/images\/5\/e\/6308e5efe53d1_[format].jpg","runtime":1320,"editions":{"hd":{"price":0}},"is_downloadable":false},"E102284":{"id":102284,"ref":"E102284","type":"episode","position":3,"title":"","description":"In dit programma behandelen we alles over wonen van A tot Z: van een nieuwe woning tot aan die extra touch voor je huidige woning en van aankoop tot interieurinrichting. Elke week nemen we je mee naar d\u00e9 experts die ons woongenot mogelijk maken.","still":"https:\/\/img-opt.cdn.smartvod.com\/smartvod\/images\/videoland\/data\/images\/u\/f\/6315bda7e3e4f_[format].jpg","runtime":1320,"editions":{"hd":{"price":0}},"is_downloadable":false},"E102313":{"id":102313,"ref":"E102313","type":"episode","position":4,"title":"","description":"In dit programma behandelen we alles over wonen van A tot Z: van een nieuwe woning tot aan die extra touch voor je huidige woning en van aankoop tot interieurinrichting. Elke week nemen we je mee naar d\u00e9 experts die ons woongenot mogelijk maken.","still":"https:\/\/img-opt.cdn.smartvod.com\/smartvod\/images\/videoland\/data\/images\/h\/z\/6320a23e098d0_[format].jpg","runtime":1320,"editions":{"hd":{"price":0}},"is_downloadable":false},"E102428":{"id":102428,"ref":"E102428","type":"episode","position":5,"title":"","description":"In dit programma behandelen we alles over wonen van A tot Z: van een nieuwe woning tot aan die extra touch voor je huidige woning en van aankoop tot interieurinrichting. Elke week nemen we je mee naar d\u00e9 experts die ons woongenot mogelijk maken.","still":"https:\/\/img-opt.cdn.smartvod.com\/smartvod\/images\/videoland\/data\/images\/g\/o\/63288b94f2086_[format].jpg","runtime":1320,"editions":{"hd":{"price":0}},"is_downloadable":false},"E102556":{"id":102556,"ref":"E102556","type":"episode","position":6,"title":"","description":"In dit programma behandelen we alles over wonen van A tot Z: van een nieuwe woning tot aan die extra touch voor je huidige woning en van aankoop tot interieurinrichting. Elke week nemen we je mee naar d\u00e9 experts die ons woongenot mogelijk maken.","still":"https:\/\/img-opt.cdn.smartvod.com\/smartvod\/images\/videoland\/data\/images\/z\/n\/6336d1c6cc78c_[format].jpg","runtime":1320,"editions":{"hd":{"price":0}},"is_downloadable":false},"E102628":{"id":102628,"ref":"E102628","type":"episode","position":7,"title":"","description":"In dit programma behandelen we alles over wonen van A tot Z: van een nieuwe woning tot aan die extra touch voor je huidige woning en van aankoop tot interieurinrichting. Elke week nemen we je mee naar d\u00e9 experts die ons woongenot mogelijk maken.","still":"https:\/\/img-opt.cdn.smartvod.com\/smartvod\/images\/videoland\/data\/images\/1\/v\/63400238dfeca_[format].jpg","runtime":1320,"editions":{"hd":{"price":0}},"is_downloadable":false},"E102710":{"id":102710,"ref":"E102710","type":"episode","position":8,"title":"","description":"In dit programma behandelen we alles over wonen van A tot Z: van een nieuwe woning tot aan die extra touch voor je huidige woning en van aankoop tot interieurinrichting. Elke week nemen we je mee naar d\u00e9 experts die ons woongenot mogelijk maken.","still":"https:\/\/img-opt.cdn.smartvod.com\/smartvod\/images\/videoland\/data\/images\/z\/0\/63498b6eca265_[format].jpg","runtime":1320,"editions":{"hd":{"price":0}},"is_downloadable":false}}}