{"id":500611,"ref":"S500611","type":"series","title":"Alex Rider","year":2020,"rating":5,"poster":"https:\/\/img-opt.cdn.smartvod.com\/smartvod\/images\/videoland\/data\/images\/b\/g\/61dff9d1168e4_[format].jpg","still":"https:\/\/img-opt.cdn.smartvod.com\/smartvod\/images\/videoland\/data\/images\/5\/b\/61af5ff121a1c_[format].jpg","cast":{"actors":["Otto Farrant","Ronk\u1eb9 Adekoluejo","Brenock O'Connor"]},"genres":["Actie","Avontuur","Familie"],"refs":["SN4103","SN4637"],"is_adult":false,"is_kids":false,"is_available":true,"description":"De tiener Alex Rider is zonder het te weten van kleins af aan klaargestoomd voor de gevaarlijke wereld van de spionage. Hij wordt onder druk gezet om te helpen bij het onderzoek naar de dood van zijn oom. Met tegenzin neemt Alex een nieuwe identiteit aan en gaat hij undercover op een afgelegen kostschool in de Franse Alpen.","directors":["Andreas Prochaska"],"nicam":{"12":"Mogelijk schadelijk tot 12 jaar","angst":"Angst","taalgebruik":"Grof Taalgebruik"},"language":"en","language_full":"Engels","details":{"SN4103":{"id":4103,"ref":"SN4103","type":"season","title":"1","position":1},"SN4637":{"id":4637,"ref":"SN4637","type":"season","title":"2","position":2,"refs":["E93010","E93008","E93005","E93012","E93004","E93009","E93011","E93007"]},"E93010":{"id":93010,"ref":"E93010","type":"episode","position":1,"title":"Surf","description":"Alex probeert de herinneringen aan zijn missie naar Point Blanc achter zich te laten en gaat op vakantie naar Cornwall. Eenmaal daar duikt er een oude vijand op. Hierdoor wordt Alex de spionagewereld weer ingetrokken.","still":"https:\/\/img-opt.cdn.smartvod.com\/smartvod\/images\/videoland\/data\/images\/p\/e\/61a67280ab67f_[format].jpg","runtime":2354,"editions":{"hd":{"price":0}},"is_downloadable":true},"E93008":{"id":93008,"ref":"E93008","type":"episode","position":2,"title":"Hunt","description":"Alex wil koste wat kost Alan Blunt opsporen en hem waarschuwen. Met zijn zoekactie komt hij in het vaarwater van een andere afdeling terecht. Die afdeling zit achter een gevaarlijke cyberterrorist aan. Beide partijen beginnen te beseffen dat de twee zaken met elkaar te maken hebben.","still":"https:\/\/img-opt.cdn.smartvod.com\/smartvod\/images\/videoland\/data\/images\/5\/o\/61aa6b9004844_[format].jpg","runtime":2706,"editions":{"hd":{"price":0}},"is_downloadable":true},"E93005":{"id":93005,"ref":"E93005","type":"episode","position":3,"title":"Mirror","description":"Alex weigert zijn onderzoek naar de aanslag op Ed Pleasance op te geven. Met de hulp van Sabina en Tom ontdekt Alex een nieuwe aanwijzing die gelinkt is aan de Pentagon-hack. Hierdoor krijgt Smoking Mirror hem in het vizier.","still":"https:\/\/img-opt.cdn.smartvod.com\/smartvod\/images\/videoland\/data\/images\/l\/8\/61aa6b8b579ff_[format].jpg","runtime":2468,"editions":{"hd":{"price":0}},"is_downloadable":true},"E93012":{"id":93012,"ref":"E93012","type":"episode","position":4,"title":"Serpent","description":"Alex wil meer te weten komen over de mysterieuze videogame Feathered Serpent. Achter de game zit een charismatische miljardair. Om hem te kunnen spreken, infiltreert Alex in een prestigieus evenement.","still":"https:\/\/img-opt.cdn.smartvod.com\/smartvod\/images\/videoland\/data\/images\/4\/n\/61a6727c7e806_[format].jpg","runtime":2577,"editions":{"hd":{"price":0}},"is_downloadable":true},"E93004":{"id":93004,"ref":"E93004","type":"episode","position":5,"title":"Threats","description":"Alex wil de geheimen achter het tweede deel van Feathered Serpent blootleggen. Hij bevindt zich op gevaarlijk terrein en vraagt hulp aan een oude vriend. Hoe lang zal het duren voordat Blunt Alex een halt toe roept, nu zijn eigen onderzoek uit de hand loopt?","still":"https:\/\/img-opt.cdn.smartvod.com\/smartvod\/images\/videoland\/data\/images\/u\/b\/61aa6b91c266c_[format].jpg","runtime":2439,"editions":{"hd":{"price":0}},"is_downloadable":true},"E93009":{"id":93009,"ref":"E93009","type":"episode","position":6,"title":"Heist","description":"Alex, Tom en Kyra reizen naar Amsterdam om in het hart van Damian Crays operatie te infiltreren. Cray heeft binnenkort een ontmoeting met de president van de Verenigde Staten. Een goede reden voor het ministerie om hem door te lichten.","still":"https:\/\/img-opt.cdn.smartvod.com\/smartvod\/images\/videoland\/data\/images\/o\/6\/61aa6cb72c40a_[format].jpg","runtime":2571,"editions":{"hd":{"price":0}},"is_downloadable":true},"E93011":{"id":93011,"ref":"E93011","type":"episode","position":7,"title":"Assassin","description":"Jacks carri\u00e8re staat op het spel als ze Alex helpt Amsterdam te ontvluchten en bewijs te leveren aan het ministerie. De Amerikaanse president is inmiddels in het Verenigd Koninkrijk aangekomen. Is Alex te laat om Cray te stoppen?","still":"https:\/\/img-opt.cdn.smartvod.com\/smartvod\/images\/videoland\/data\/images\/o\/q\/61aa6b8e304a6_[format].jpg","runtime":2442,"editions":{"hd":{"price":0}},"is_downloadable":true},"E93007":{"id":93007,"ref":"E93007","type":"episode","position":8,"title":"Strike","description":"Na de lancering van deel twee van Feathered Serpent wordt de omvang van Crays plan pas echt duidelijk. In een race tegen de klok probeert Alex een catastrofale \u200b\u200baanval te voorkomen.","still":"https:\/\/img-opt.cdn.smartvod.com\/smartvod\/images\/videoland\/data\/images\/o\/c\/61aa6b937eac7_[format].jpg","runtime":2522,"editions":{"hd":{"price":0}},"is_downloadable":true}}}