{"id":500392,"ref":"S500392","type":"series","title":"Married At First Sight Australi\u00eb","year":2022,"rating":4,"poster":"https:\/\/img-opt.cdn.smartvod.com\/smartvod\/images\/videoland\/data\/images\/v\/u\/626a9a1496534_[format].jpg","still":"https:\/\/img-opt.cdn.smartvod.com\/smartvod\/images\/videoland\/data\/images\/j\/f\/62b58d16f0b5d_[format].jpg","cast":{},"genres":["Reality"],"refs":["SN4314","SN4316","SN4315","SN3916","SN3832","SN3540","SN3711","SN4279","SN4977"],"is_adult":false,"is_kids":false,"is_available":true,"description":"Het grootste sociale experiment van Australi\u00eb is terug! In deze aflevering leren we de 20 deelnemers kennen en zien we welke stellen de experts hebben gevormd.","nicam":{"al":"Alle leeftijden","taalgebruik":"Grof Taalgebruik"},"language":"en","language_full":"Engels","details":{"SN4314":{"id":4314,"ref":"SN4314","type":"season","title":"1","position":1},"SN4316":{"id":4316,"ref":"SN4316","type":"season","title":"2","position":2},"SN4315":{"id":4315,"ref":"SN4315","type":"season","title":"3","position":3,"refs":["E88282","E88277","E88276","E88270","E88268","E88271","E88279","E88272"]},"SN3916":{"id":3916,"ref":"SN3916","type":"season","title":"4","position":4},"SN3832":{"id":3832,"ref":"SN3832","type":"season","title":"5","position":5},"SN3540":{"id":3540,"ref":"SN3540","type":"season","title":"6","position":6},"SN3711":{"id":3711,"ref":"SN3711","type":"season","title":"7","position":7},"SN4279":{"id":4279,"ref":"SN4279","type":"season","title":"8","position":8},"SN4977":{"id":4977,"ref":"SN4977","type":"season","title":"9","position":9},"E88282":{"id":88282,"ref":"E88282","type":"episode","position":1,"title":"","description":"Een groep singles hoopt de liefde van hun leven te vinden. De deelnemers worden door experts gekoppeld en ontmoeten hun match pas als ze voor het altaar staan. Durven ze elkaar het jawoord te geven?","still":"https:\/\/img-opt.cdn.smartvod.com\/smartvod\/images\/videoland\/data\/images\/y\/6\/60f006082c9a3_[format].jpg","runtime":3726,"editions":{"hd":{"price":0}},"is_downloadable":true},"E88277":{"id":88277,"ref":"E88277","type":"episode","position":2,"title":"","description":"Een groep singles hoopt de liefde van hun leven te vinden. De deelnemers worden door experts gekoppeld en ontmoeten hun match pas als ze voor het altaar staan. Durven ze elkaar het jawoord te geven?","still":"https:\/\/img-opt.cdn.smartvod.com\/smartvod\/images\/videoland\/data\/images\/p\/e\/60f00601dbed9_[format].jpg","runtime":3472,"editions":{"hd":{"price":0}},"is_downloadable":true},"E88276":{"id":88276,"ref":"E88276","type":"episode","position":3,"title":"","description":"Een groep singles hoopt de liefde van hun leven te vinden. De deelnemers worden door experts gekoppeld en ontmoeten hun match pas als ze voor het altaar staan. Durven ze elkaar het jawoord te geven?","still":"https:\/\/img-opt.cdn.smartvod.com\/smartvod\/images\/videoland\/data\/images\/9\/k\/60f0060e707a9_[format].jpg","runtime":3062,"editions":{"hd":{"price":0}},"is_downloadable":true},"E88270":{"id":88270,"ref":"E88270","type":"episode","position":4,"title":"","description":"Een groep singles hoopt de liefde van hun leven te vinden. De deelnemers worden door experts gekoppeld en ontmoeten hun match pas als ze voor het altaar staan. Durven ze elkaar het jawoord te geven?","still":"https:\/\/img-opt.cdn.smartvod.com\/smartvod\/images\/videoland\/data\/images\/o\/p\/60f006133f679_[format].jpg","runtime":3325,"editions":{"hd":{"price":0}},"is_downloadable":true},"E88268":{"id":88268,"ref":"E88268","type":"episode","position":5,"title":"","description":"Een groep singles hoopt de liefde van hun leven te vinden. De deelnemers worden door experts gekoppeld en ontmoeten hun match pas als ze voor het altaar staan. Durven ze elkaar het jawoord te geven?","still":"https:\/\/img-opt.cdn.smartvod.com\/smartvod\/images\/videoland\/data\/images\/i\/g\/60f005fb96b39_[format].jpg","runtime":2805,"editions":{"hd":{"price":0}},"is_downloadable":true},"E88271":{"id":88271,"ref":"E88271","type":"episode","position":6,"title":"","description":"Een groep singles hoopt de liefde van hun leven te vinden. De deelnemers worden door experts gekoppeld en ontmoeten hun match pas als ze voor het altaar staan. Durven ze elkaar het jawoord te geven?","still":"https:\/\/img-opt.cdn.smartvod.com\/smartvod\/images\/videoland\/data\/images\/l\/8\/60f005fd202dc_[format].jpg","runtime":3151,"editions":{"hd":{"price":0}},"is_downloadable":true},"E88279":{"id":88279,"ref":"E88279","type":"episode","position":7,"title":"","description":"Een groep singles hoopt de liefde van hun leven te vinden. De deelnemers worden door experts gekoppeld en ontmoeten hun match pas als ze voor het altaar staan. Durven ze elkaar het jawoord te geven?","still":"https:\/\/img-opt.cdn.smartvod.com\/smartvod\/images\/videoland\/data\/images\/i\/7\/60f00604cc866_[format].jpg","runtime":2707,"editions":{"hd":{"price":0}},"is_downloadable":true},"E88272":{"id":88272,"ref":"E88272","type":"episode","position":8,"title":"","description":"Een groep singles hoopt de liefde van hun leven te vinden. De deelnemers worden door experts gekoppeld en ontmoeten hun match pas als ze voor het altaar staan. Durven ze elkaar het jawoord te geven?","still":"https:\/\/img-opt.cdn.smartvod.com\/smartvod\/images\/videoland\/data\/images\/4\/z\/60f006119ffbe_[format].jpg","runtime":3290,"editions":{"hd":{"price":0}},"is_downloadable":true}}}