{"id":837,"ref":"S837","type":"series","title":"Younger","year":2021,"rating":5,"poster":"https:\/\/img-opt.cdn.smartvod.com\/smartvod\/images\/videoland\/data\/images\/6\/h\/6079a4c16d5a7_[format].jpg","still":"https:\/\/img-opt.cdn.smartvod.com\/smartvod\/images\/videoland\/data\/images\/n\/4\/5dc2c744b9640_[format].jpg","cast":{"actors":["Sutton Foster","Debi Mazar","Hilary Duff","Miriam Shor","Nico Tortorella"]},"genres":["Komedie","Romantiek"],"refs":["SN1537","SN1638","SN1744","SN2094","SN2324","SN2816","SN4199"],"is_adult":false,"is_kids":false,"is_available":true,"description":"De 40-jarige Liza is door haar scheiding plotseling een alleenstaande moeder geworden en komt er tijdens haar zoektocht naar werk achter dat het op haar leeftijd bijna onmogelijk is om weer aan de bak te komen. Maar wanneer Liza in een bar versierd wordt door een twintiger die denkt dat ze zijn leeftijd is, ziet ze ineens nieuwe mogelijkheden.  Met de hulp van een make-over door haar beste vriendin Maggie gaat ze voortaan door het leven als iemand van 26. Maar weet ze wel hoe de huidige twintigers praten en zich gedragen?","directors":["Darren Star"],"nicam":{"al":"Alle leeftijden","taalgebruik":"Grof Taalgebruik"},"language":"en","language_full":"Engels","details":{"SN1537":{"id":1537,"ref":"SN1537","type":"season","title":"1","position":1},"SN1638":{"id":1638,"ref":"SN1638","type":"season","title":"2","position":2},"SN1744":{"id":1744,"ref":"SN1744","type":"season","title":"3","position":3},"SN2094":{"id":2094,"ref":"SN2094","type":"season","title":"4","position":4},"SN2324":{"id":2324,"ref":"SN2324","type":"season","title":"5","position":5},"SN2816":{"id":2816,"ref":"SN2816","type":"season","title":"6","position":6},"SN4199":{"id":4199,"ref":"SN4199","type":"season","title":"7","position":7,"refs":["E86111","E86112","E86110","E86118","E86120","E86116","E86119","E86115","E86121","E86114","E86117","E86113"]},"E86111":{"id":86111,"ref":"E86111","type":"episode","position":1,"title":"A Decent Proposal","description":"Terwijl Diana op huwelijksreis gaat, denkt Liza na over het aanzoek van Charles. Kelsey wijst Quinn af, maar begint vervolgens aan zichzelf te twijfelen. Laura wordt 30 en viert dat groots.","still":"https:\/\/img-opt.cdn.smartvod.com\/smartvod\/images\/videoland\/data\/images\/q\/w\/607d33d3479ae_[format].jpg","runtime":1622,"editions":{"hd":{"price":0}},"is_downloadable":true},"E86112":{"id":86112,"ref":"E86112","type":"episode","position":2,"title":"It's The End Of The World, Worm Girl","description":"Liza is bang dat ze Charles nu voorgoed kwijt is. Liza en Kelsey doen hun uiterste best om een jonge klimaatactivist zo ver te krijgen dat deze een boek schrijft.","still":"https:\/\/img-opt.cdn.smartvod.com\/smartvod\/images\/videoland\/data\/images\/k\/h\/607d98a0134a6_[format].jpg","runtime":1377,"editions":{"hd":{"price":0}},"is_downloadable":true},"E86110":{"id":86110,"ref":"E86110","type":"episode","position":3,"title":"FKA Millennial","description":"Liza stort zich na haar breakup vol op haar werk en een nieuwe pitch van een sexy surfer. Het team van Empirical vergadert met Quinn Tyler. Haar laatste boek was ge\u00efnspireerd door Charles. Ook organiseert Empirical een feestje.","still":"https:\/\/img-opt.cdn.smartvod.com\/smartvod\/images\/videoland\/data\/images\/q\/j\/607d989e4f98c_[format].jpg","runtime":1348,"editions":{"hd":{"price":0}},"is_downloadable":true},"E86118":{"id":86118,"ref":"E86118","type":"episode","position":4,"title":"Risky Business","description":"Liza reist naar Montauk om surfer Kai te helpen inspiratie te vinden. Ze komt als herboren terug. Na een onverwacht avontuur met Quinn twijfelt Kelsey over haar beslissing bij Empirical te blijven. De nieuwe scharrel van Josh is nogal luidruchtig.","still":"https:\/\/img-opt.cdn.smartvod.com\/smartvod\/images\/videoland\/data\/images\/i\/l\/60827d79482df_[format].jpg","runtime":1435,"editions":{"hd":{"price":0}},"is_downloadable":true},"E86120":{"id":86120,"ref":"E86120","type":"episode","position":5,"title":"The Last Unicorn","description":"De relatie van Charles en Quinn komt in de openbaarheid en Liza besluit Quinns nieuwe boek te factchecken. Maggie krijgt een aanbod voor een nieuwe baan. Er bloeit iets op tussen Liza en iemand uit haar oude leven.","still":"https:\/\/img-opt.cdn.smartvod.com\/smartvod\/images\/videoland\/data\/images\/g\/2\/609114280900a_[format].jpg","runtime":1631,"editions":{"hd":{"price":0}},"is_downloadable":true},"E86116":{"id":86116,"ref":"E86116","type":"episode","position":6,"title":"The F Word","description":"Kelsey en Liza willen meer jonge schrijvers aantrekken en organiseren een underground literair evenement. Liza vraagt zich af of ze Charles moet vertellen over Quinns bedoelingen. Maggie krijgt een uitnodiging voor een diner bij de decaan.","still":"https:\/\/img-opt.cdn.smartvod.com\/smartvod\/images\/videoland\/data\/images\/o\/x\/609958abc215a_[format].jpg","runtime":1660,"editions":{"hd":{"price":0}},"is_downloadable":true},"E86119":{"id":86119,"ref":"E86119","type":"episode","position":7,"title":"The Son Also Rises","description":"Na de dood van een schrijver uit de stal van Empirical wordt Charles geconfronteerd met zijn verleden. Maggie geeft les en krijgt te maken met de expliciete foto's van Kamila. Kelsey besluit te verhuizen.","still":"https:\/\/img-opt.cdn.smartvod.com\/smartvod\/images\/videoland\/data\/images\/6\/o\/60a3d0b10949f_[format].jpg","runtime":1599,"editions":{"hd":{"price":0}},"is_downloadable":true},"E86115":{"id":86115,"ref":"E86115","type":"episode","position":8,"title":"The Baroness","description":"Caitlin vraag Liza om haar te helpen bij een evenement. Liza moet hiervoor Quinn om een gunst vragen. Kelsey krijgt al snel spijt van haar reality-tv-debuut. Maggie wordt aangevallen op social media.","still":"https:\/\/img-opt.cdn.smartvod.com\/smartvod\/images\/videoland\/data\/images\/g\/o\/60a7a44fc6d6f_[format].jpg","runtime":1459,"editions":{"hd":{"price":0}},"is_downloadable":true},"E86121":{"id":86121,"ref":"E86121","type":"episode","position":9,"title":"Fallout","description":"Liza en Charles moeten nauw samenwerken om een schrijvend echtpaar te strikken. Kelsey moet hard aan de slag om een schrijver bij Inkubator te houden.","still":"https:\/\/img-opt.cdn.smartvod.com\/smartvod\/images\/videoland\/data\/images\/s\/i\/60b73a8cc98b3_[format].jpg","runtime":1646,"editions":{"hd":{"price":0}},"is_downloadable":true},"E86114":{"id":86114,"ref":"E86114","type":"episode","position":10,"title":"Inku-baited","description":"Nu ze gecanceld is, moet Maggie uitwijken naar een nieuwe locatie voor haar expositie. Liza nodigt Charles uit bij Inkubator. Als Clare helpt met een app voor Inkubator, voelt Kelsey zich schuldig omdat ze datet met Clares ex, Rob.","still":"https:\/\/img-opt.cdn.smartvod.com\/smartvod\/images\/videoland\/data\/images\/o\/9\/60be3109316af_[format].jpg","runtime":1781,"editions":{"hd":{"price":0}},"is_downloadable":true},"E86117":{"id":86117,"ref":"E86117","type":"episode","position":11,"title":"Make No Mustique","description":"Liza en Charles lijken steeds dichterbij elkaar te komen, maar een exotisch tripje gooit roet in het eten. Kelsey verhuist naar het appartement van Rob en Lauren organiseert een housewarmingparty.","still":"https:\/\/img-opt.cdn.smartvod.com\/smartvod\/images\/videoland\/data\/images\/3\/4\/60c8c2e1ef9f6_[format].jpg","runtime":1535,"editions":{"hd":{"price":0}},"is_downloadable":true},"E86113":{"id":86113,"ref":"E86113","type":"episode","position":12,"title":"Older","description":"Charles en Liza zijn weer samen en willen niet meer liegen tegen elkaar. Maar al snel dwingen Kelseys plannen voor Inkubator Liza om de waarheid te verzwijgen. Lauren heeft romantische plannen voor Max. Er springt een vonk over tussen Maggie en een vroegere vijand.","still":"https:\/\/img-opt.cdn.smartvod.com\/smartvod\/images\/videoland\/data\/images\/x\/p\/60cb175b9c965_[format].jpg","runtime":2643,"editions":{"hd":{"price":0}},"is_downloadable":true}}}