{"id":500157,"ref":"S500157","type":"series","title":"Dag Sinterklaas","year":2020,"rating":4,"poster":"https:\/\/img-opt.cdn.smartvod.com\/smartvod\/images\/videoland\/data\/images\/j\/0\/5f9c321036d1d_[format].jpg","still":"https:\/\/img-opt.cdn.smartvod.com\/smartvod\/images\/videoland\/data\/images\/r\/g\/5f97df453a2e8_[format].jpg","cast":{},"genres":["Familie","Kids"],"refs":["SN3010","SN3818"],"is_adult":false,"is_kids":true,"is_available":true,"description":"Sinterklaas, Piet en hun vrienden beleven avonturen en beantwoorden vragen over alles wat met het kinderfeest op en rond 6 december te maken heeft.","nicam":{"al":"Alle leeftijden"},"language":"nl","language_full":"Nederlands","details":{"SN3010":{"id":3010,"ref":"SN3010","type":"season","title":"1","position":1},"SN3818":{"id":3818,"ref":"SN3818","type":"season","title":"2","position":2,"refs":["E80230","E80227","E80229","E80225","E80226","E80228","E80224","E80231","E80233","E80232"]},"E80230":{"id":80230,"ref":"E80230","type":"episode","position":1,"title":"Slechtweervandaag","description":"Kneta Knieschijf is bang voor de paardenhapper. Bovendien is Slechtweervandaag een veel te gevaarlijke naam voor een paard. Hoe komen Sinterklaas en Piet eigenlijk aan die naam?","still":"https:\/\/img-opt.cdn.smartvod.com\/smartvod\/images\/videoland\/data\/images\/r\/g\/5f97df453a2e8_[format].jpg","runtime":880,"editions":{"hd":{"price":0}},"is_downloadable":true},"E80227":{"id":80227,"ref":"E80227","type":"episode","position":2,"title":"Sint in bad","description":"Sinterklaas vindt het heerlijk om in bad brieven te lezen van de kinderen. Palomita is heel nieuwsgierig naar de kleren van Sinterklaas en maakt van de gelegenheid gebruik om ze even aan te passen.","still":"https:\/\/img-opt.cdn.smartvod.com\/smartvod\/images\/videoland\/data\/images\/4\/n\/5f97e071a5360_[format].jpg","runtime":892,"editions":{"hd":{"price":0}},"is_downloadable":true},"E80229":{"id":80229,"ref":"E80229","type":"episode","position":3,"title":"Het boek","description":"Sinterklaas kan zijn bril nergens vinden. Is er een dief in huis geweest? Gelukkig is Piet er om de Sint te helpen als hij een beetje verstrooid is.","still":"https:\/\/img-opt.cdn.smartvod.com\/smartvod\/images\/videoland\/data\/images\/k\/t\/5f97e06785517_[format].jpg","runtime":880,"editions":{"hd":{"price":0}},"is_downloadable":true},"E80225":{"id":80225,"ref":"E80225","type":"episode","position":4,"title":"Brieven en tekeningen","description":"Professor Van den Uytleg weet dat je de Sint blij kan maken met een tekening. Trots toont hij zijn kunstwerkje aan Sinterklaas, maar die is minder blij dan de professor verwacht had. Sint en Piet laten hem zien wat er met alle tekeningen van de kinderen gebeurt.","still":"https:\/\/img-opt.cdn.smartvod.com\/smartvod\/images\/videoland\/data\/images\/h\/o\/5f97df3b01a84_[format].jpg","runtime":880,"editions":{"hd":{"price":0}},"is_downloadable":true},"E80226":{"id":80226,"ref":"E80226","type":"episode","position":5,"title":"Snoepgooien en snoepstrooien","description":"Piet laat Ramon zien hoe goed hij kan snoepgooien en snoepstrooien. Intussen vraagt Sinterklaas zich af hou oud hij is en schakelt de hulp in van de professor.","still":"https:\/\/img-opt.cdn.smartvod.com\/smartvod\/images\/videoland\/data\/images\/w\/j\/5f97df3e82eb7_[format].jpg","runtime":902,"editions":{"hd":{"price":0}},"is_downloadable":true},"E80228":{"id":80228,"ref":"E80228","type":"episode","position":6,"title":"Sinterklaasliedje","description":"Piet wil een mooi Sinterklaasliedje maken en gaat op zoek naar inspiratie. De Stafhouder heeft hard gewerkt aan een parkeerkaart voor paarden op de daken.","still":"https:\/\/img-opt.cdn.smartvod.com\/smartvod\/images\/videoland\/data\/images\/o\/8\/5f97df4030cf7_[format].jpg","runtime":897,"editions":{"hd":{"price":0}},"is_downloadable":true},"E80224":{"id":80224,"ref":"E80224","type":"episode","position":7,"title":"Speelgoed","description":"Sinterklaas toont zijn lievelingsspeelgoed aan Piet: een stokje. Kneta Knieschijf vindt een stokje gevaarlijk speelgoed, maar Piet heeft dolle pret.","still":"https:\/\/img-opt.cdn.smartvod.com\/smartvod\/images\/videoland\/data\/images\/w\/e\/5f97df3d07d00_[format].jpg","runtime":936,"editions":{"hd":{"price":0}},"is_downloadable":true},"E80231":{"id":80231,"ref":"E80231","type":"episode","position":8,"title":"Fietsen op de daken","description":"Sinterklaas en Piet horen een fietsbel op de daken. Even later vindt Piet een zak vol gestolen spullen. Zou er een dief op de daken zijn?","still":"https:\/\/img-opt.cdn.smartvod.com\/smartvod\/images\/videoland\/data\/images\/h\/r\/5f97df4379e09_[format].jpg","runtime":880,"editions":{"hd":{"price":0}},"is_downloadable":true},"E80233":{"id":80233,"ref":"E80233","type":"episode","position":9,"title":"Het geloof in Sinterklaas","description":"De Sint lijkt heel ziek. Hij gaat op zijn bed liggen en wil met rust worden gelaten. Conchita en Piet maken zich zorgen, want Sinterklaas denkt dat er kinderen zijn die niet in hem geloven.","still":"https:\/\/img-opt.cdn.smartvod.com\/smartvod\/images\/videoland\/data\/images\/m\/u\/5f97df41dd347_[format].jpg","runtime":937,"editions":{"hd":{"price":0}},"is_downloadable":true},"E80232":{"id":80232,"ref":"E80232","type":"episode","position":10,"title":"Sinterklaas verliefd","description":"Piet en Ramon lezen een boek over verliefd zijn. Wat voel je dan? Ze vragen uitleg aan Sinterklaas, die hen een verhaal vertelt van lang geleden.","still":"https:\/\/img-opt.cdn.smartvod.com\/smartvod\/images\/videoland\/data\/images\/b\/y\/5f97e0700b31b_[format].jpg","runtime":938,"editions":{"hd":{"price":0}},"is_downloadable":true}}}