{"id":500392,"ref":"S500392","type":"series","title":"Married At First Sight Australi\u00eb","year":2022,"rating":4,"poster":"https:\/\/img-opt.cdn.smartvod.com\/smartvod\/images\/videoland\/data\/images\/v\/u\/626a9a1496534_[format].jpg","still":"https:\/\/img-opt.cdn.smartvod.com\/smartvod\/images\/videoland\/data\/images\/j\/f\/62b58d16f0b5d_[format].jpg","cast":{},"genres":["Reality"],"refs":["SN4314","SN4316","SN4315","SN3916","SN3832","SN3540","SN3711","SN4279","SN4977"],"is_adult":false,"is_kids":false,"is_available":true,"description":"Het grootste sociale experiment van Australi\u00eb is terug! In deze aflevering leren we de 20 deelnemers kennen en zien we welke stellen de experts hebben gevormd.","nicam":{"al":"Alle leeftijden","taalgebruik":"Grof Taalgebruik"},"language":"en","language_full":"Engels","details":{"SN4314":{"id":4314,"ref":"SN4314","type":"season","title":"1","position":1},"SN4316":{"id":4316,"ref":"SN4316","type":"season","title":"2","position":2},"SN4315":{"id":4315,"ref":"SN4315","type":"season","title":"3","position":3},"SN3916":{"id":3916,"ref":"SN3916","type":"season","title":"4","position":4},"SN3832":{"id":3832,"ref":"SN3832","type":"season","title":"5","position":5},"SN3540":{"id":3540,"ref":"SN3540","type":"season","title":"6","position":6},"SN3711":{"id":3711,"ref":"SN3711","type":"season","title":"7","position":7},"SN4279":{"id":4279,"ref":"SN4279","type":"season","title":"8","position":8,"refs":["E87281","E87286","E87282","E87287","E87289","E87288","E87285","E87290","E87284","E87283","E87294","E87298","E87292","E87293","E87295","E87300","E87299","E87291","E87296","E87297","E88491","E88514","E88484","E88482","E88496","E88504","E88478","E88493","E88483","E88510","E88568","E88565","E88566","E88572"]},"SN4977":{"id":4977,"ref":"SN4977","type":"season","title":"9","position":9},"E87281":{"id":87281,"ref":"E87281","type":"episode","position":1,"title":"","description":"18 Australische singles beginnen aan een experiment. Ze gaan trouwen met iemand die ze nog niet kennen. Melissa, die nog nooit een date heeft gehad, is gekoppeld aan radioman Bryce, die een half jaar eerder nog verloofd was. Oud-topsporter Jake gaat trouwen met Rebecca.","still":"https:\/\/img-opt.cdn.smartvod.com\/smartvod\/images\/videoland\/data\/images\/w\/3\/60bd09c5409aa_[format].jpg","runtime":5233,"editions":{"hd":{"price":0}},"is_downloadable":true},"E87286":{"id":87286,"ref":"E87286","type":"episode","position":2,"title":"","description":"We maken kennis met drie nieuwe koppels. Single moeder Samantha gaat trouwen met kraanmachinist Cameron. Muzikant Booka wordt gekoppeld aan psychologiestudent Brett. Coco heeft een pilatesstudio en gaat trouwen met Sam, die een eigen kledingmerk heeft.","still":"https:\/\/img-opt.cdn.smartvod.com\/smartvod\/images\/videoland\/data\/images\/h\/d\/60bd09caed1a7_[format].jpg","runtime":4843,"editions":{"hd":{"price":0}},"is_downloadable":true},"E87282":{"id":87282,"ref":"E87282","type":"episode","position":3,"title":"","description":"Lerares Alana heeft de matchmakers een pittige opdracht gegeven: ze zoekt niet alleen een echtgenoot, maar ook de vader van haar toekomstige kinderen. Jo heeft drie kinderen en wordt gekoppeld aan een man die ook al kinderen heeft.","still":"https:\/\/img-opt.cdn.smartvod.com\/smartvod\/images\/videoland\/data\/images\/6\/z\/60bdfd6b5a4b0_[format].jpg","runtime":4732,"editions":{"hd":{"price":0}},"is_downloadable":true},"E87287":{"id":87287,"ref":"E87287","type":"episode","position":4,"title":"","description":"De pasgetrouwde stellen zijn op huwelijksreis. Bij het ene koppel verloopt dat een stuk soepeler dan bij het andere...","still":"https:\/\/img-opt.cdn.smartvod.com\/smartvod\/images\/videoland\/data\/images\/p\/2\/60be2fc67d033_[format].jpg","runtime":3917,"editions":{"hd":{"price":0}},"is_downloadable":true},"E87289":{"id":87289,"ref":"E87289","type":"episode","position":5,"title":"","description":"Opnieuw beginnen twee stellen aan een bijzonder experiment We zien een uiterst romantische bruiloft en een waar het een stuk klungeliger aan toe gaat.","still":"https:\/\/img-opt.cdn.smartvod.com\/smartvod\/images\/videoland\/data\/images\/5\/7\/60c36ec108d28_[format].jpg","runtime":4655,"editions":{"hd":{"price":0}},"is_downloadable":true},"E87288":{"id":87288,"ref":"E87288","type":"episode","position":6,"title":"","description":"Na de huwelijksreizen ontmoeten de stellen elkaar tijdens het eerste etentje. E\u00e9n koppel heeft al afstand van elkaar genomen.","still":"https:\/\/img-opt.cdn.smartvod.com\/smartvod\/images\/videoland\/data\/images\/4\/8\/60c7a8635c99d_[format].jpg","runtime":3718,"editions":{"hd":{"price":0}},"is_downloadable":true},"E87285":{"id":87285,"ref":"E87285","type":"episode","position":7,"title":"","description":"Het is Confessions Week en de deelnemers krijgen opdrachten om elkaar beter te leren kennen. Expert John Aiken probeert een koppel te helpen met hun relatieproblemen.","still":"https:\/\/img-opt.cdn.smartvod.com\/smartvod\/images\/videoland\/data\/images\/c\/m\/60c8c2eb82685_[format].jpg","runtime":3897,"editions":{"hd":{"price":0}},"is_downloadable":true},"E87290":{"id":87290,"ref":"E87290","type":"episode","position":8,"title":"","description":"Het vervolg van Confessions Week. Bryce leert over het verleden van Melissa. Lukt het Sam en Cam opnieuw te beginnen? Coco vraagt een andere deelnemer om advies.","still":"https:\/\/img-opt.cdn.smartvod.com\/smartvod\/images\/videoland\/data\/images\/2\/x\/60cb16363dc7a_[format].jpg","runtime":3799,"editions":{"hd":{"price":0}},"is_downloadable":true},"E87284":{"id":87284,"ref":"E87284","type":"episode","position":9,"title":"","description":"Het is tijd voor de eerste verbintenisceremonie. De koppels moeten beslissen of ze bij elkaar willen blijven, of het experiment be\u00ebindigen.","still":"https:\/\/img-opt.cdn.smartvod.com\/smartvod\/images\/videoland\/data\/images\/j\/8\/60cb4d2eb55d9_[format].jpg","runtime":4240,"editions":{"hd":{"price":0}},"is_downloadable":true},"E87283":{"id":87283,"ref":"E87283","type":"episode","position":10,"title":"","description":"De koppels krijgen romantische opdrachten tijdens Intimacy Week. Sommige stellen komen inderdaad een stapje verder in hun relatie, maar bij andere slaan de twijfels toe.","still":"https:\/\/img-opt.cdn.smartvod.com\/smartvod\/images\/videoland\/data\/images\/e\/0\/60cb175d39daa_[format].jpg","runtime":3979,"editions":{"hd":{"price":0}},"is_downloadable":true},"E87294":{"id":87294,"ref":"E87294","type":"episode","position":11,"title":"","description":"Vervolg Intimacy Week. Cameron en Coco hebben een stiekeme ontmoeting en vragen zich af hoe ze nu verder moeten.","still":"https:\/\/img-opt.cdn.smartvod.com\/smartvod\/images\/videoland\/data\/images\/h\/8\/60cb1acb0d7dc_[format].jpg","runtime":3908,"editions":{"hd":{"price":0}},"is_downloadable":true},"E87298":{"id":87298,"ref":"E87298","type":"episode","position":12,"title":"","description":"Tijdens het tweede etentje vraagt Coco of Samantha het goed vindt als zij het probeert met Cam. Maar al tijdens het etentje begint Coco te twijfelen over haar besluit...","still":"https:\/\/img-opt.cdn.smartvod.com\/smartvod\/images\/videoland\/data\/images\/k\/y\/60cb1e4f537d9_[format].jpg","runtime":3827,"editions":{"hd":{"price":0}},"is_downloadable":true},"E87292":{"id":87292,"ref":"E87292","type":"episode","position":13,"title":"","description":"De koppels hebben opnieuw een verbintenisceremonie. De experts hebben de nodige vragen voor Coco en Cam.","still":"https:\/\/img-opt.cdn.smartvod.com\/smartvod\/images\/videoland\/data\/images\/2\/k\/60cb35cf79308_[format].jpg","runtime":4135,"editions":{"hd":{"price":0}},"is_downloadable":true},"E87293":{"id":87293,"ref":"E87293","type":"episode","position":14,"title":"","description":"James laat een dag niks van zich horen en Jo vraagt zich af waar ze aan toe is. Er worden twee nieuwe stellen toegevoegd aan het experiment. De overige deelnemers zijn te gast op hun bruiloften.","still":"https:\/\/img-opt.cdn.smartvod.com\/smartvod\/images\/videoland\/data\/images\/o\/p\/60e18eed7679a_[format].jpg","runtime":4359,"editions":{"hd":{"price":0}},"is_downloadable":true},"E87295":{"id":87295,"ref":"E87295","type":"episode","position":15,"title":"","description":"Opnieuw is er een huwelijk. Ondertussen zien we hoe het de nieuwe stellen vergaat op hun huwelijksreis. Jo en James overleggen of ze hun relatie nog een kans willen geven.","still":"https:\/\/img-opt.cdn.smartvod.com\/smartvod\/images\/videoland\/data\/images\/u\/z\/60e190068eeb9_[format].jpg","runtime":4458,"editions":{"hd":{"price":0}},"is_downloadable":true},"E87300":{"id":87300,"ref":"E87300","type":"episode","position":16,"title":"","description":"De nieuwe koppels schuiven voor het eerst aan bij het etentje. Bryce en Melissa zorgen voor het nodige drama. Joanna wil nu eindelijk wel eens wat antwoorden van James.","still":"https:\/\/img-opt.cdn.smartvod.com\/smartvod\/images\/videoland\/data\/images\/l\/w\/60e1902437310_[format].jpg","runtime":3859,"editions":{"hd":{"price":0}},"is_downloadable":true},"E87299":{"id":87299,"ref":"E87299","type":"episode","position":17,"title":"","description":"Alle stellen zijn aanwezig op de derde verbintenisceremonie. E\u00e9n koppel verlaat het experiment. Melissa wordt geconfronteerd met haar verlatingsangst.","still":"https:\/\/img-opt.cdn.smartvod.com\/smartvod\/images\/videoland\/data\/images\/d\/d\/60e8716bc5ce3_[format].jpg","runtime":3860,"editions":{"hd":{"price":0}},"is_downloadable":true},"E87291":{"id":87291,"ref":"E87291","type":"episode","position":18,"title":"","description":"De nieuwe koppels leren elkaar in sneltreinvaart kennen als ze gaan samenwonen. De andere koppels krijgen feedback van hun families.","still":"https:\/\/img-opt.cdn.smartvod.com\/smartvod\/images\/videoland\/data\/images\/1\/8\/60e872a797ff7_[format].jpg","runtime":3778,"editions":{"hd":{"price":0}},"is_downloadable":true},"E87296":{"id":87296,"ref":"E87296","type":"episode","position":19,"title":"","description":"De nieuwe koppels leren elkaar in sneltreinvaart kennen als ze gaan samenwonen. De andere koppels krijgen feedback van hun families.","still":"https:\/\/img-opt.cdn.smartvod.com\/smartvod\/images\/videoland\/data\/images\/3\/v\/60e872a3ac97c_[format].jpg","runtime":3989,"editions":{"hd":{"price":0}},"is_downloadable":true},"E87297":{"id":87297,"ref":"E87297","type":"episode","position":20,"title":"","description":"Tijdens het etentje zijn we getuige van een dramatische break-up. Het gaat goed tussen Bryce en Melissa, maar brengt Rebecca daar verandering in?","still":"https:\/\/img-opt.cdn.smartvod.com\/smartvod\/images\/videoland\/data\/images\/f\/w\/60f01fd19674a_[format].jpg","runtime":3683,"editions":{"hd":{"price":0}},"is_downloadable":true},"E88491":{"id":88491,"ref":"E88491","type":"episode","position":21,"title":"","description":"Tijdens de verbintenisceremonie neemt Bryce een schokkende beslissing. Een gesprek op de bank maakt bij Booka en Brett veel emoties los.","still":"https:\/\/img-opt.cdn.smartvod.com\/smartvod\/images\/videoland\/data\/images\/f\/o\/60f57ae0571c3_[format].jpg","runtime":4117,"editions":{"hd":{"price":0}},"is_downloadable":true},"E88514":{"id":88514,"ref":"E88514","type":"episode","position":22,"title":"","description":"Voor het eerst gaan de stellen samen met elkaar tijd doorbrengen. Sommige koppels bereiken een nieuwe fase in hun relatie. Oude wonden tussen Bryce en Rebecca worden opengereten.","still":"https:\/\/img-opt.cdn.smartvod.com\/smartvod\/images\/videoland\/data\/images\/c\/k\/60f57d45d80df_[format].jpg","runtime":3556,"editions":{"hd":{"price":0}},"is_downloadable":true},"E88484":{"id":88484,"ref":"E88484","type":"episode","position":23,"title":"","description":"Voor het eerst gaan de stellen samen met elkaar tijd doorbrengen. Sommige koppels bereiken een nieuwe fase in hun relatie. Oude wonden tussen Bryce en Rebecca worden opengereten.","still":"https:\/\/img-opt.cdn.smartvod.com\/smartvod\/images\/videoland\/data\/images\/0\/k\/60fae1a748353_[format].jpg","runtime":3733,"editions":{"hd":{"price":0}},"is_downloadable":true},"E88482":{"id":88482,"ref":"E88482","type":"episode","position":24,"title":"","description":"Tijdens het etentje wil Bryce zijn excuses aanbieden aan Rebecca. Maar zij vergeeft hem niet en dan blijken meerdere mensen iets over Bryce te willen zeggen.","still":"https:\/\/img-opt.cdn.smartvod.com\/smartvod\/images\/videoland\/data\/images\/5\/w\/60fecdf49e305_[format].jpg","runtime":3561,"editions":{"hd":{"price":0}},"is_downloadable":true},"E88496":{"id":88496,"ref":"E88496","type":"episode","position":25,"title":"","description":"De stellen zijn toe aan hun laatste verbintenisceremonie. Meerdere koppels twijfelen aan hun toekomst. Kiezen ze toch nog voor elkaar of verlaten ze het experiment?","still":"https:\/\/img-opt.cdn.smartvod.com\/smartvod\/images\/videoland\/data\/images\/1\/m\/60fff7a1d7abc_[format].jpg","runtime":3974,"editions":{"hd":{"price":0}},"is_downloadable":true},"E88504":{"id":88504,"ref":"E88504","type":"episode","position":26,"title":"","description":"De overgebleven stellen gaat voor de laatste keer op date. Patrick heeft de ultieme date bedacht voor Belinda. Liam wil Georgia een andere kant van zichzelf laten zien. Melissa maakt kennis met de vrienden van Bryce.","still":"https:\/\/img-opt.cdn.smartvod.com\/smartvod\/images\/videoland\/data\/images\/z\/p\/610590e953fc6_[format].jpg","runtime":3652,"editions":{"hd":{"price":0}},"is_downloadable":true},"E88478":{"id":88478,"ref":"E88478","type":"episode","position":27,"title":"","description":"Het vervolg van de laatste dates. Jake weet nog steeds niet hoe Bec over hem denkt. Jason organiseert een romantische date voor Alana. Na de laatste dates gaan de mannen en de vrouwen apart van elkaar een avondje stappen.","still":"https:\/\/img-opt.cdn.smartvod.com\/smartvod\/images\/videoland\/data\/images\/l\/b\/61080064774b9_[format].jpg","runtime":3699,"editions":{"hd":{"price":0}},"is_downloadable":true},"E88493":{"id":88493,"ref":"E88493","type":"episode","position":28,"title":"","description":"Op het laatste etentje staat de Honesty Box centraal. Durft iedereen eerlijk te zijn tegen zijn of haar partner? En heeft Bryce echt een geheime vriendin?","still":"https:\/\/img-opt.cdn.smartvod.com\/smartvod\/images\/videoland\/data\/images\/k\/0\/6108017eb72bc_[format].jpg","runtime":3935,"editions":{"hd":{"price":0}},"is_downloadable":true},"E88483":{"id":88483,"ref":"E88483","type":"episode","position":29,"title":"","description":"De deelnemers moeten nu besluiten of ze hun geloften willen hernieuwen. Kiezen ze opnieuw voor hun partner, of gaan ze als single verder?","still":"https:\/\/img-opt.cdn.smartvod.com\/smartvod\/images\/videoland\/data\/images\/8\/x\/610958e5b8ef0_[format].jpg","runtime":4724,"editions":{"hd":{"price":0}},"is_downloadable":true},"E88510":{"id":88510,"ref":"E88510","type":"episode","position":30,"title":"","description":"De deelnemers moeten nu besluiten of ze hun geloften willen hernieuwen. Kiezen ze opnieuw voor hun partner, of gaan ze als single verder?","still":"https:\/\/img-opt.cdn.smartvod.com\/smartvod\/images\/videoland\/data\/images\/6\/r\/61095a08483d8_[format].jpg","runtime":4055,"editions":{"hd":{"price":0}},"is_downloadable":true},"E88568":{"id":88568,"ref":"E88568","type":"episode","position":31,"title":"","description":"Na het experiment ziet iedereen elkaar weer bij het re\u00fcnie-etentje.","still":"https:\/\/img-opt.cdn.smartvod.com\/smartvod\/images\/videoland\/data\/images\/g\/1\/610d3963c29f8_[format].jpg","runtime":4643,"editions":{"hd":{"price":0}},"is_downloadable":true},"E88565":{"id":88565,"ref":"E88565","type":"episode","position":32,"title":"","description":"De deelnemers blikken samen met de experts terug op het experiment. Welke lessen hebben ze geleerd en welke geheimen komen nog aan de oppervlakte?","still":"https:\/\/img-opt.cdn.smartvod.com\/smartvod\/images\/videoland\/data\/images\/m\/b\/611a0cfd9eb9d_[format].jpg","runtime":5099,"editions":{"hd":{"price":0}},"is_downloadable":true},"E88566":{"id":88566,"ref":"E88566","type":"episode","position":33,"title":"","description":"De deelnemers van voorgaande seizoen ontmoeten elkaar tijdens een bijzondere re\u00fcnie.","still":"https:\/\/img-opt.cdn.smartvod.com\/smartvod\/images\/videoland\/data\/images\/4\/6\/611a152a5748e_[format].jpg","runtime":4598,"editions":{"hd":{"price":0}},"is_downloadable":true},"E88572":{"id":88572,"ref":"E88572","type":"episode","position":34,"title":"","description":"De deelnemers van voorgaande seizoen ontmoeten elkaar tijdens een bijzondere re\u00fcnie.","still":"https:\/\/img-opt.cdn.smartvod.com\/smartvod\/images\/videoland\/data\/images\/8\/s\/611cbcd690c55_[format].jpg","runtime":4363,"editions":{"hd":{"price":0}},"is_downloadable":true}}}