{"id":500699,"ref":"S500699","type":"series","title":"Best Of Bright","year":2022,"rating":4,"poster":"https:\/\/img-opt.cdn.smartvod.com\/smartvod\/images\/videoland\/data\/images\/d\/m\/61decb2904e0e_[format].jpg","still":"https:\/\/img-opt.cdn.smartvod.com\/smartvod\/images\/videoland\/data\/images\/p\/z\/629879c49bdd2_[format].jpg","cast":{"actors":["Merijn Doggen"]},"genres":["Informatief"],"refs":["SN4349","SN4600","SN4802","SN4995"],"is_adult":false,"is_kids":false,"is_available":true,"description":"Bright test de nieuwste gadgets en helpt je technologie te begrijpen. Het programma wordt gepresenteerd door de gezichten van het Youtube-kanaal van Bright.","nicam":{"al":"Alle leeftijden"},"language":"nl","language_full":"Nederlands","details":{"SN4349":{"id":4349,"ref":"SN4349","type":"season","title":"7","position":7},"SN4600":{"id":4600,"ref":"SN4600","type":"season","title":"8","position":8},"SN4802":{"id":4802,"ref":"SN4802","type":"season","title":"9","position":9},"SN4995":{"id":4995,"ref":"SN4995","type":"season","title":"10","position":10,"refs":["E98862","E99296","E99345","E99381","E99844","E100084","E100422","E100473","E100813","E100979","E101286","E101598"]},"E98862":{"id":98862,"ref":"E98862","type":"episode","position":1,"title":"","description":"Bright test de nieuwste gadgets en helpt je technologie te begrijpen. Het programma wordt gepresenteerd door de gezichten van het Youtube-kanaal van Bright.","still":"https:\/\/img-opt.cdn.smartvod.com\/smartvod\/images\/videoland\/data\/images\/p\/z\/629879c49bdd2_[format].jpg","runtime":1380,"editions":{"hd":{"price":0}},"is_downloadable":false},"E99296":{"id":99296,"ref":"E99296","type":"episode","position":2,"title":"","description":"Bright test de nieuwste gadgets en helpt je technologie te begrijpen. Het programma wordt gepresenteerd door de gezichten van het Youtube-kanaal van Bright.","still":"https:\/\/img-opt.cdn.smartvod.com\/smartvod\/images\/videoland\/data\/images\/9\/i\/62a1c8971a0fd_[format].jpg","runtime":1380,"editions":{"hd":{"price":0}},"is_downloadable":false},"E99345":{"id":99345,"ref":"E99345","type":"episode","position":3,"title":"","description":"Bright test de nieuwste gadgets en helpt je technologie te begrijpen. Het programma wordt gepresenteerd door de gezichten van het Youtube-kanaal van Bright.","still":"https:\/\/img-opt.cdn.smartvod.com\/smartvod\/images\/videoland\/data\/images\/i\/w\/62aae6335c0df_[format].jpg","runtime":1380,"editions":{"hd":{"price":0}},"is_downloadable":false},"E99381":{"id":99381,"ref":"E99381","type":"episode","position":4,"title":"","description":"Bright test de nieuwste gadgets en helpt je technologie te begrijpen. Het programma wordt gepresenteerd door de gezichten van het Youtube-kanaal van Bright.","still":"https:\/\/img-opt.cdn.smartvod.com\/smartvod\/images\/videoland\/data\/images\/k\/t\/62b43867894aa_[format].jpg","runtime":1380,"editions":{"hd":{"price":0}},"is_downloadable":false},"E99844":{"id":99844,"ref":"E99844","type":"episode","position":5,"title":"","description":"Bright test de nieuwste gadgets en helpt je technologie te begrijpen. Het programma wordt gepresenteerd door de gezichten van het Youtube-kanaal van Bright.","still":"https:\/\/img-opt.cdn.smartvod.com\/smartvod\/images\/videoland\/data\/images\/m\/z\/62bb091e48421_[format].jpg","runtime":1380,"editions":{"hd":{"price":0}},"is_downloadable":false},"E100084":{"id":100084,"ref":"E100084","type":"episode","position":6,"title":"","description":"Bright test de nieuwste gadgets en helpt je technologie te begrijpen. Het programma wordt gepresenteerd door de gezichten van het Youtube-kanaal van Bright.","still":"https:\/\/img-opt.cdn.smartvod.com\/smartvod\/images\/videoland\/data\/images\/f\/x\/62beabbee2154_[format].jpg","runtime":1380,"editions":{"hd":{"price":0}},"is_downloadable":false},"E100422":{"id":100422,"ref":"E100422","type":"episode","position":7,"title":"","description":"Bright test de nieuwste gadgets en helpt je technologie te begrijpen. Het programma wordt gepresenteerd door de gezichten van het Youtube-kanaal van Bright.","still":"https:\/\/img-opt.cdn.smartvod.com\/smartvod\/images\/videoland\/data\/images\/i\/w\/62c5869be77cb_[format].jpg","runtime":1380,"editions":{"hd":{"price":0}},"is_downloadable":false},"E100473":{"id":100473,"ref":"E100473","type":"episode","position":8,"title":"","description":"Bright test de nieuwste gadgets en helpt je technologie te begrijpen. Het programma wordt gepresenteerd door de gezichten van het Youtube-kanaal van Bright.","still":"https:\/\/img-opt.cdn.smartvod.com\/smartvod\/images\/videoland\/data\/images\/g\/n\/62d5699381b49_[format].jpg","runtime":1380,"editions":{"hd":{"price":0}},"is_downloadable":false},"E100813":{"id":100813,"ref":"E100813","type":"episode","position":9,"title":"","description":"Bright test de nieuwste gadgets en helpt je technologie te begrijpen. Het programma wordt gepresenteerd door de gezichten van het Youtube-kanaal van Bright.","still":"https:\/\/img-opt.cdn.smartvod.com\/smartvod\/images\/videoland\/data\/images\/u\/i\/62d5696cac3be_[format].jpg","runtime":1380,"editions":{"hd":{"price":0}},"is_downloadable":false},"E100979":{"id":100979,"ref":"E100979","type":"episode","position":10,"title":"","description":"Bright test de nieuwste gadgets en helpt je technologie te begrijpen. Het programma wordt gepresenteerd door de gezichten van het Youtube-kanaal van Bright.","still":"https:\/\/img-opt.cdn.smartvod.com\/smartvod\/images\/videoland\/data\/images\/r\/d\/62d5e140a7aa7_[format].jpg","runtime":1380,"editions":{"hd":{"price":0}},"is_downloadable":false},"E101286":{"id":101286,"ref":"E101286","type":"episode","position":11,"title":"","description":"Bright test de nieuwste gadgets en helpt je technologie te begrijpen. Het programma wordt gepresenteerd door de gezichten van het Youtube-kanaal van Bright.","still":"https:\/\/img-opt.cdn.smartvod.com\/smartvod\/images\/videoland\/data\/images\/2\/0\/62f3c9d677d96_[format].jpg","runtime":1380,"editions":{"hd":{"price":0}},"is_downloadable":false},"E101598":{"id":101598,"ref":"E101598","type":"episode","position":12,"title":"","description":"Bright test de nieuwste gadgets en helpt je technologie te begrijpen. Het programma wordt gepresenteerd door de gezichten van het Youtube-kanaal van Bright.","still":"https:\/\/img-opt.cdn.smartvod.com\/smartvod\/images\/videoland\/data\/images\/4\/7\/62fcfaeb2e6d0_[format].jpg","runtime":1380,"editions":{"hd":{"price":0}},"is_downloadable":false}}}