{"id":500205,"ref":"S500205","type":"series","title":"Vis TV","year":2022,"rating":3,"poster":"https:\/\/img-opt.cdn.smartvod.com\/smartvod\/images\/videoland\/data\/images\/l\/u\/5ddbfcad8f94f_[format].jpg","still":"https:\/\/img-opt.cdn.smartvod.com\/smartvod\/images\/videoland\/data\/images\/t\/5\/5ff422b29c745_[format].jpg","cast":{"actors":["Marco Kraal"]},"genres":[],"refs":["SN4698","SN3073","SN3860","SN3989","SN4737"],"is_adult":false,"is_kids":false,"is_available":true,"description":"Hengelsportprogramma waarin presentator Marco Kraal samen met een bijzondere sportvisser avonturen beleeft aan de waterkant. De ene week wordt er midden in de stad gevist en de andere week midden in de natuur.","nicam":{"al":"Alle leeftijden"},"language":"nl","language_full":"Nederlands","details":{"SN4698":{"id":4698,"ref":"SN4698","type":"season","title":"22","position":22},"SN3073":{"id":3073,"ref":"SN3073","type":"season","title":"24","position":24},"SN3860":{"id":3860,"ref":"SN3860","type":"season","title":"25","position":25},"SN3989":{"id":3989,"ref":"SN3989","type":"season","title":"26","position":26},"SN4737":{"id":4737,"ref":"SN4737","type":"season","title":"27","position":27,"refs":["E94346","E94344","E94341","E95040","E95122","E95451","E95922","E96134","E95821","E96183","E96351","E96638"]},"E94346":{"id":94346,"ref":"E94346","type":"episode","position":1,"title":"","description":"Sportvissers en presentatoren Marco Kraal en Daniel Weijers beleven spannende visavonturen. Dat doen ze op bekende Hollandse stekken, met in iedere aflevering een verhaal uit onze verre of meer recente geschiedenis.","still":"https:\/\/img-opt.cdn.smartvod.com\/smartvod\/images\/videoland\/data\/images\/o\/m\/61fd086daaeca_[format].jpg","runtime":1380,"editions":{"hd":{"price":0}},"is_downloadable":false},"E94344":{"id":94344,"ref":"E94344","type":"episode","position":2,"title":"","description":"Sportvissers en presentatoren Marco Kraal en Daniel Weijers beleven spannende visavonturen. Dat doen ze op bekende Hollandse stekken, met in iedere aflevering een verhaal uit onze verre of meer recente geschiedenis.","still":"https:\/\/img-opt.cdn.smartvod.com\/smartvod\/images\/videoland\/data\/images\/c\/0\/61fd08d791eea_[format].jpg","runtime":1380,"editions":{"hd":{"price":0}},"is_downloadable":false},"E94341":{"id":94341,"ref":"E94341","type":"episode","position":3,"title":"","description":"Sportvissers en presentatoren Marco Kraal en Daniel Weijers beleven spannende visavonturen. Dat doen ze op bekende Hollandse stekken, met in iedere aflevering een verhaal uit onze verre of meer recente geschiedenis.","still":"https:\/\/img-opt.cdn.smartvod.com\/smartvod\/images\/videoland\/data\/images\/f\/e\/61fd0915bffe3_[format].jpg","runtime":1380,"editions":{"hd":{"price":0}},"is_downloadable":false},"E95040":{"id":95040,"ref":"E95040","type":"episode","position":4,"title":"","description":"Sportvissers en presentatoren Marco Kraal en Daniel Weijers beleven spannende visavonturen. Dat doen ze op bekende Hollandse stekken, met in iedere aflevering een verhaal uit onze verre of meer recente geschiedenis.","still":"https:\/\/img-opt.cdn.smartvod.com\/smartvod\/images\/videoland\/data\/images\/3\/h\/61eab8eab1862_[format].jpg","runtime":1380,"editions":{"hd":{"price":0}},"is_downloadable":false},"E95122":{"id":95122,"ref":"E95122","type":"episode","position":5,"title":"","description":"Sportvissers en presentatoren Marco Kraal en Daniel Weijers beleven spannende visavonturen. Dat doen ze op bekende Hollandse stekken, met in iedere aflevering een verhaal uit onze verre of meer recente geschiedenis.","still":"https:\/\/img-opt.cdn.smartvod.com\/smartvod\/images\/videoland\/data\/images\/2\/s\/61f41a3193609_[format].jpg","runtime":1380,"editions":{"hd":{"price":0}},"is_downloadable":false},"E95451":{"id":95451,"ref":"E95451","type":"episode","position":6,"title":"","description":"Sportvissers en presentatoren Marco Kraal en Daniel Weijers beleven spannende visavonturen. Dat doen ze op bekende Hollandse stekken, met in iedere aflevering een verhaal uit onze verre of meer recente geschiedenis.","still":"https:\/\/img-opt.cdn.smartvod.com\/smartvod\/images\/videoland\/data\/images\/p\/n\/61f7f14cab2a4_[format].jpg","runtime":1380,"editions":{"hd":{"price":0}},"is_downloadable":false},"E95922":{"id":95922,"ref":"E95922","type":"episode","position":7,"title":"","description":"Sportvissers en presentatoren Marco Kraal en Daniel Weijers beleven spannende visavonturen. Dat doen ze op bekende Hollandse stekken, met in iedere aflevering een verhaal uit onze verre of meer recente geschiedenis.","still":"https:\/\/img-opt.cdn.smartvod.com\/smartvod\/images\/videoland\/data\/images\/4\/x\/620a3a841f3b3_[format].jpg","runtime":1380,"editions":{"hd":{"price":0}},"is_downloadable":false},"E96134":{"id":96134,"ref":"E96134","type":"episode","position":8,"title":"","description":"Sportvissers en presentatoren Marco Kraal en Daniel Weijers beleven spannende visavonturen. Dat doen ze op bekende Hollandse stekken, met in iedere aflevering een verhaal uit onze verre of meer recente geschiedenis.","still":"https:\/\/img-opt.cdn.smartvod.com\/smartvod\/images\/videoland\/data\/images\/u\/r\/631c13fe91f5b_[format].jpg","runtime":1380,"editions":{"hd":{"price":0}},"is_downloadable":false},"E95821":{"id":95821,"ref":"E95821","type":"episode","position":9,"title":"","description":"Sportvissers en presentatoren Marco Kraal en Daniel Weijers beleven spannende visavonturen. Dat doen ze op bekende Hollandse stekken, met in iedere aflevering een verhaal uit onze verre of meer recente geschiedenis.","still":"https:\/\/img-opt.cdn.smartvod.com\/smartvod\/images\/videoland\/data\/images\/0\/v\/6218dd8837d86_[format].jpg","runtime":1380,"editions":{"hd":{"price":0}},"is_downloadable":false},"E96183":{"id":96183,"ref":"E96183","type":"episode","position":10,"title":"","description":"Sportvissers en presentatoren Marco Kraal en Daniel Weijers beleven spannende visavonturen. Dat doen ze op bekende Hollandse stekken, met in iedere aflevering een verhaal uit onze verre of meer recente geschiedenis.","still":"https:\/\/img-opt.cdn.smartvod.com\/smartvod\/images\/videoland\/data\/images\/x\/2\/622219143e825_[format].jpg","runtime":1380,"editions":{"hd":{"price":0}},"is_downloadable":false},"E96351":{"id":96351,"ref":"E96351","type":"episode","position":11,"title":"","description":"Sportvissers en presentatoren Marco Kraal en Daniel Weijers beleven spannende visavonturen. Dat doen ze op bekende Hollandse stekken, met in iedere aflevering een verhaal uit onze verre of meer recente geschiedenis.","still":"https:\/\/img-opt.cdn.smartvod.com\/smartvod\/images\/videoland\/data\/images\/x\/z\/622c7f8e45bee_[format].jpg","runtime":1380,"editions":{"hd":{"price":0}},"is_downloadable":false},"E96638":{"id":96638,"ref":"E96638","type":"episode","position":12,"title":"","description":"Sportvissers en presentatoren Marco Kraal en Daniel Weijers beleven spannende visavonturen. Dat doen ze op bekende Hollandse stekken, met in iedere aflevering een verhaal uit onze verre of meer recente geschiedenis.","still":"https:\/\/img-opt.cdn.smartvod.com\/smartvod\/images\/videoland\/data\/images\/8\/q\/62389ec224cfa_[format].jpg","runtime":1380,"editions":{"hd":{"price":0}},"is_downloadable":false}}}