{"id":500840,"ref":"S500840","type":"series","title":"Saving Hope","year":2017,"rating":4,"poster":"https:\/\/img-opt.cdn.smartvod.com\/smartvod\/images\/videoland\/data\/images\/d\/c\/631f00f6df978_[format].jpg","still":"https:\/\/img-opt.cdn.smartvod.com\/smartvod\/images\/videoland\/data\/images\/o\/v\/632d5cbaa7368_[format].jpg","cast":{"actors":["Erica Durance","Michael Shanks","Julia Chan","Benjamin Ayres"]},"genres":[],"refs":["SN4761","SN5094","SN5095","SN5096","SN5097"],"is_adult":false,"is_kids":false,"is_available":true,"description":"Charlie Harris is hoofd chirurgie in een Canadees ziekenhuis. Na een verkeersongeluk belandt hij in een coma. Terwijl zijn verloofde en haar collega-artsen hun best doen om andere pati\u00ebnten te redden, bezoekt Harris de ziekenhuiszalen, niet zeker of hij een geest is of een verzinsel van zijn eigen verbeelding.","nicam":{"16":"Mogelijk schadelijk tot 16 jaar","geweld":"Geweld","taalgebruik":"Grof Taalgebruik"},"language":"en","language_full":"Engels","details":{"SN4761":{"id":4761,"ref":"SN4761","type":"season","title":"1","position":1},"SN5094":{"id":5094,"ref":"SN5094","type":"season","title":"2","position":2},"SN5095":{"id":5095,"ref":"SN5095","type":"season","title":"3","position":3},"SN5096":{"id":5096,"ref":"SN5096","type":"season","title":"4","position":4,"refs":["E101350","E101354","E101346","E101336","E101332","E101340","E101333","E101347","E101339","E101335","E101352","E101329","E101334","E101331","E101357","E101356","E101338","E101343"]},"SN5097":{"id":5097,"ref":"SN5097","type":"season","title":"5","position":5},"E101350":{"id":101350,"ref":"E101350","type":"episode","position":1,"title":"Sympathy For The Devil","description":"Alex is terug van zwangerschapsverlof en krijgt het meteen voor haar kiezen. Ze heeft een aanvaring met een nieuwe chirurg en krijgt een veroordeelde moordenaar met een gescheurde maagzweer als pati\u00ebnt. Zach en Maggie moeten in isolatie, wanneer ze in contact komen met een pati\u00ebnt die symptomen van Ebola vertoont.","still":"https:\/\/img-opt.cdn.smartvod.com\/smartvod\/images\/videoland\/data\/images\/x\/b\/632070e0ba839_[format].jpg","runtime":2494,"editions":{"hd":{"price":0}},"is_downloadable":true},"E101354":{"id":101354,"ref":"E101354","type":"episode","position":2,"title":"Beasts Of Burden","description":"Alex riskeert haar reputatie, wanneer ze twijfelt aan de methodes van een oudere chirurg. Charlie heeft moeite om een pati\u00ebnt ervan te overtuigen dat het amputeren van zijn been de beste keuze is. Maggie twijfelt aan haar toekomst bij Hope Zion.","still":"https:\/\/img-opt.cdn.smartvod.com\/smartvod\/images\/videoland\/data\/images\/0\/c\/63206f9c11fdb_[format].jpg","runtime":2494,"editions":{"hd":{"price":0}},"is_downloadable":true},"E101346":{"id":101346,"ref":"E101346","type":"episode","position":3,"title":"Start Me Up","description":"Alex zoekt de balans tussen haar verantwoordelijkheid als moeder en het werk als chirurg. Shahir helpt een pati\u00ebnt met acute pijn in haar gezicht. Zach en Charlie behandelen een conci\u00ebrge van het ziekenhuis met een verbrijzelde elleboog.","still":"https:\/\/img-opt.cdn.smartvod.com\/smartvod\/images\/videoland\/data\/images\/z\/u\/53674d1e1947f_[format].jpeg","runtime":2494,"editions":{"hd":{"price":0}},"is_downloadable":true},"E101336":{"id":101336,"ref":"E101336","type":"episode","position":4,"title":"Miss You","description":"Alex komt oog in oog te staan met de man die verantwoordelijk is voor de drugsverslaving van haar overleden broer. Cassie en Dana doen hun best het slachtoffer van een zuuraanval te redden. Charlie probeert de geest van de vrouw te overtuigen om niet op te geven.","still":"https:\/\/img-opt.cdn.smartvod.com\/smartvod\/images\/videoland\/data\/images\/l\/3\/63206f9a71f66_[format].jpg","runtime":2494,"editions":{"hd":{"price":0}},"is_downloadable":true},"E101332":{"id":101332,"ref":"E101332","type":"episode","position":5,"title":"Heart Of Stone","description":"Alex helpt een jonge motorcrosser met leukemie. Charlie probeert de vader van een overleden vrouw te overtuigen om haar hart te doneren. Dawn heeft moeite met haar vriend, wanneer hij per se wil meekijken in de operatiekamer.","still":"https:\/\/img-opt.cdn.smartvod.com\/smartvod\/images\/videoland\/data\/images\/z\/u\/53674d1e1947f_[format].jpeg","runtime":2494,"editions":{"hd":{"price":0}},"is_downloadable":true},"E101340":{"id":101340,"ref":"E101340","type":"episode","position":6,"title":"Rock And A Hard Place","description":"Alex probeert het leven van een urban explorer te redden. Charlie krijgt informatie door van de geest van de pati\u00ebnt en hierdoor belandt Alex in een lastige situatie. Maggie behandelt een zwangere generaal met een goedaardige cyste.","still":"https:\/\/img-opt.cdn.smartvod.com\/smartvod\/images\/videoland\/data\/images\/w\/z\/632070e63e44a_[format].jpg","runtime":2494,"editions":{"hd":{"price":0}},"is_downloadable":true},"E101333":{"id":101333,"ref":"E101333","type":"episode","position":7,"title":"Can't You Hear Me Knocking?","description":"Alex behandelt een pati\u00ebnt met een agressieve hersentumor en ziet in een dodelijk virus een ongewone kuur. Charlie confronteert in de geestenwereld een transgender football coach met een belangrijke keuze. Dana en Cassie inspireren een slachtoffer van een zuuraanval om haar leven weer op te pakken.","still":"https:\/\/img-opt.cdn.smartvod.com\/smartvod\/images\/videoland\/data\/images\/j\/y\/632070e9aa2a8_[format].jpg","runtime":2494,"editions":{"hd":{"price":0}},"is_downloadable":true},"E101347":{"id":101347,"ref":"E101347","type":"episode","position":8,"title":"Waiting On A Friend","description":"De dood van een trapezeartiest zet een kettingreactie van nierdonoren en ontvangers in werking. Alex en Shahir moeten dit proces in goede banen leiden. Dana krijgt te maken met een praatgrage professor tijdens een chemokuur.","still":"https:\/\/img-opt.cdn.smartvod.com\/smartvod\/images\/videoland\/data\/images\/6\/f\/632070df2279c_[format].jpg","runtime":2494,"editions":{"hd":{"price":0}},"is_downloadable":true},"E101339":{"id":101339,"ref":"E101339","type":"episode","position":9,"title":"Shattered","description":"Na een bomaanslag tijdens een hardloopwedstrijd voor het goede doel, neemt Hope Zion een groot deel van de slachtoffers onder hun hoede. Wanneer de pati\u00ebnten lang moeten wachten op hulp en er een tekort aan bloed is, lopen de gemoederen hoog op. Het wordt helemaal penibel, als blijkt dat de dader als eerste voor zijn verwondingen is geholpen.","still":"https:\/\/img-opt.cdn.smartvod.com\/smartvod\/images\/videoland\/data\/images\/z\/u\/53674d1e1947f_[format].jpeg","runtime":2483,"editions":{},"is_downloadable":true},"E101335":{"id":101335,"ref":"E101335","type":"episode","position":10,"title":"Emotional Rescue","description":"Alex heeft het er moeilijk mee dat ze onbewust de dader van een bomaanslag heeft geholpen. Het lot van Maggie ligt in handen van Shahir. De geest van Maggie dwaalt door het ziekenhuis en Charlie probeert haar te helpen.","still":"https:\/\/img-opt.cdn.smartvod.com\/smartvod\/images\/videoland\/data\/images\/z\/u\/53674d1e1947f_[format].jpeg","runtime":2469,"editions":{"hd":{"price":0}},"is_downloadable":true},"E101352":{"id":101352,"ref":"E101352","type":"episode","position":11,"title":"All Down The Line","description":"Alex vindt het moeilijk om aan te zien hoe Dana met haar behandeling omgaat. Charlie en Asha hebben hun handen vol aan een moeder die in het ziekenhuis belandt met een levensbedreigende bekkenblessure. Maggie is weer aan het werk en behandelt een zwangere vrouw die net haar man is verloren.","still":"https:\/\/img-opt.cdn.smartvod.com\/smartvod\/images\/videoland\/data\/images\/z\/u\/53674d1e1947f_[format].jpeg","runtime":2494,"editions":{"hd":{"price":0}},"is_downloadable":true},"E101329":{"id":101329,"ref":"E101329","type":"episode","position":12,"title":"Shine A Light","description":"Alex en Dawn proberen een vrouw zo lang mogelijk in leven te houden, zodat ze afscheid kan nemen van haar familie. Charlie troost de geest van een overleden kind. Dana en Shahir proberen de kerstsfeer te ontwijken, maar kunnen er uiteindelijk niet omheen.","still":"https:\/\/img-opt.cdn.smartvod.com\/smartvod\/images\/videoland\/data\/images\/j\/l\/63206e753aeb5_[format].jpg","runtime":2494,"editions":{"hd":{"price":0}},"is_downloadable":true},"E101334":{"id":101334,"ref":"E101334","type":"episode","position":13,"title":"Goodbye Girl","description":"Alex probeert een professionele blik te behouden, wanneer Kris in het ziekenhuis belandt na een ongeluk door rijden onder invloed. Bishop en Maggie staan lijnrecht tegenover elkaar tijdens de behandeling van een vrouw die met complicaties na een maagverkleining wordt opgenomen. Zach en Dev helpen een pati\u00ebnt die door een spijkerpistool is verwond.","still":"https:\/\/img-opt.cdn.smartvod.com\/smartvod\/images\/videoland\/data\/images\/8\/i\/63207ed2deed6_[format].jpg","runtime":2494,"editions":{"hd":{"price":0}},"is_downloadable":true},"E101331":{"id":101331,"ref":"E101331","type":"episode","position":14,"title":"You Can't Always Get What You Want","description":"Alex en Bishop vermoeden dat een moeder schuldig is aan de ziekte van haar kind. Charlie behandelt een koppige acteur die zijn levensbedreigende situatie niet serieus neemt. Dana helpt Maggie als ze bijna haar medische vergunning kwijtraakt.","still":"https:\/\/img-opt.cdn.smartvod.com\/smartvod\/images\/videoland\/data\/images\/m\/1\/632070d443ad5_[format].jpg","runtime":2494,"editions":{"hd":{"price":0}},"is_downloadable":true},"E101357":{"id":101357,"ref":"E101357","type":"episode","position":15,"title":"Not Fade Away","description":"Om erachter te komen hoe het leven zonder gave zou zijn, probeert Charlie een bijgelovige boer te helpen zonder zijn spirituele kant aan te spreken, maar dat valt niet mee. Alex probeert Dana een hart onder de riem te steken en stelt voor om te ontsnappen van de afdeling oncologie. Zach en Dawn behandelen een gewonde wandelaar.","still":"https:\/\/img-opt.cdn.smartvod.com\/smartvod\/images\/videoland\/data\/images\/z\/u\/53674d1e1947f_[format].jpeg","runtime":2494,"editions":{"hd":{"price":0}},"is_downloadable":true},"E101356":{"id":101356,"ref":"E101356","type":"episode","position":16,"title":"Torn And Frayed","description":"Alex werkt samen met Cassie om een jonge vrouw te helpen ontsnappen aan het misbruik van haar partner. Dawn wordt geconfronteerd met een pati\u00ebnt die ernstige complicaties ervaart door een haperende pacemaker.","still":"https:\/\/img-opt.cdn.smartvod.com\/smartvod\/images\/videoland\/data\/images\/z\/u\/53674d1e1947f_[format].jpeg","runtime":2494,"editions":{"hd":{"price":0}},"is_downloadable":true},"E101338":{"id":101338,"ref":"E101338","type":"episode","position":17,"title":"Anybody Seen My Baby","description":"Verpleegster Kristine krijgt een hartaanval en Charlie moet zijn operatie uitstellen om haar te helpen. Alex helpt hem om de onrustige geest van Kristine te kalmeren. Maggie, Bishop en Cassie proberen een vrouw en haar ongeboren baby te redden.","still":"https:\/\/img-opt.cdn.smartvod.com\/smartvod\/images\/videoland\/data\/images\/z\/u\/53674d1e1947f_[format].jpeg","runtime":2494,"editions":{"hd":{"price":0}},"is_downloadable":true},"E101343":{"id":101343,"ref":"E101343","type":"episode","position":18,"title":"Let Me Go","description":"De tumor van Charlie blijkt gevaarlijker dan gedacht. Alex en Shahir zetten alles op alles om zijn leven te redden. Dawn behandelt samen met Maggie een jongen met een gat in zijn hart.","still":"https:\/\/img-opt.cdn.smartvod.com\/smartvod\/images\/videoland\/data\/images\/z\/u\/53674d1e1947f_[format].jpeg","runtime":2494,"editions":{"hd":{"price":0}},"is_downloadable":true}}}