{"id":500508,"ref":"S500508","type":"series","title":"Je Gaat Het Maken","year":2022,"rating":3,"poster":"https:\/\/img-opt.cdn.smartvod.com\/smartvod\/images\/videoland\/data\/images\/h\/j\/5f8994a728527_[format].jpg","still":"https:\/\/img-opt.cdn.smartvod.com\/smartvod\/images\/videoland\/data\/images\/p\/k\/5f899568bcd30_[format].jpg","cast":{"actors":["Pernille La Lau"]},"genres":["Informatief"],"refs":["SN3830","SN4811"],"is_adult":false,"is_kids":false,"is_available":true,"description":"Pernille La Lau duikt in de wereld van de bouw en infrastructuur. Dit doet ze met mensen die zich ori\u00ebnteren op een carri\u00e8remove en hun kansen willen beproeven in een voor hen nieuwe sector. Een loopbaancoach onderzoekt de competenties en vaardigheden en hieruit volgt een advies voor een functie in de bouw. De kandidaten worden twee dagen op de proef gesteld in deze functie om kans te maken op een volledig opleidingstraject.","nicam":{"al":"Alle leeftijden"},"language":"nl","language_full":"Nederlands","details":{"SN3830":{"id":3830,"ref":"SN3830","type":"season","title":"2","position":2},"SN4811":{"id":4811,"ref":"SN4811","type":"season","title":"3","position":3,"refs":["E95914","E95775","E95774","E95812","E96169","E96339"]},"E95914":{"id":95914,"ref":"E95914","type":"episode","position":1,"title":"","description":"Pernille La Lau duikt in de wereld van de bouw en infrastructuur. Dit doet ze met mensen die zich ori\u00ebnteren op een carri\u00e8remove en hun kansen willen beproeven in een voor hen nieuwe sector. Een loopbaancoach onderzoekt de competenties en vaardigheden en hieruit volgt een advies voor een functie in de bouw. De kandidaten worden twee dagen op de proef gesteld in deze functie om kans te maken op een volledig opleidingstraject.","still":"https:\/\/img-opt.cdn.smartvod.com\/smartvod\/images\/videoland\/data\/images\/e\/v\/61fa888c6775f_[format].jpg","runtime":1320,"editions":{"hd":{"price":0}},"is_downloadable":false},"E95775":{"id":95775,"ref":"E95775","type":"episode","position":2,"title":"","description":"Pernille La Lau duikt in de wereld van de bouw en infrastructuur. Dit doet ze met mensen die zich ori\u00ebnteren op een carri\u00e8remove en hun kansen willen beproeven in een voor hen nieuwe sector. Een loopbaancoach onderzoekt de competenties en vaardigheden en hieruit volgt een advies voor een functie in de bouw. De kandidaten worden twee dagen op de proef gesteld in deze functie om kans te maken op een volledig opleidingstraject.","still":"https:\/\/img-opt.cdn.smartvod.com\/smartvod\/images\/videoland\/data\/images\/v\/5\/6226534f95c6d_[format].jpg","runtime":1320,"editions":{"hd":{"price":0}},"is_downloadable":false},"E95774":{"id":95774,"ref":"E95774","type":"episode","position":3,"title":"","description":"Pernille La Lau duikt in de wereld van de bouw en infrastructuur. Dit doet ze met mensen die zich ori\u00ebnteren op een carri\u00e8remove en hun kansen willen beproeven in een voor hen nieuwe sector. Een loopbaancoach onderzoekt de competenties en vaardigheden en hieruit volgt een advies voor een functie in de bouw. De kandidaten worden twee dagen op de proef gesteld in deze functie om kans te maken op een volledig opleidingstraject.","still":"https:\/\/img-opt.cdn.smartvod.com\/smartvod\/images\/videoland\/data\/images\/s\/c\/6226535d777dc_[format].jpg","runtime":1320,"editions":{"hd":{"price":0}},"is_downloadable":false},"E95812":{"id":95812,"ref":"E95812","type":"episode","position":4,"title":"","description":"Pernille La Lau duikt in de wereld van de bouw en infrastructuur. Dit doet ze met mensen die zich ori\u00ebnteren op een carri\u00e8remove en hun kansen willen beproeven in een voor hen nieuwe sector. Een loopbaancoach onderzoekt de competenties en vaardigheden en hieruit volgt een advies voor een functie in de bouw. De kandidaten worden twee dagen op de proef gesteld in deze functie om kans te maken op een volledig opleidingstraject.","still":"https:\/\/img-opt.cdn.smartvod.com\/smartvod\/images\/videoland\/data\/images\/4\/v\/6226536801e1b_[format].jpg","runtime":1320,"editions":{"hd":{"price":0}},"is_downloadable":false},"E96169":{"id":96169,"ref":"E96169","type":"episode","position":5,"title":"","description":"Pernille La Lau duikt in de wereld van de bouw en infrastructuur. Dit doet ze met mensen die zich ori\u00ebnteren op een carri\u00e8remove en hun kansen willen beproeven in een voor hen nieuwe sector. Een loopbaancoach onderzoekt de competenties en vaardigheden en hieruit volgt een advies voor een functie in de bouw. De kandidaten worden twee dagen op de proef gesteld in deze functie om kans te maken op een volledig opleidingstraject.","still":"https:\/\/img-opt.cdn.smartvod.com\/smartvod\/images\/videoland\/data\/images\/q\/w\/622653ca9d888_[format].jpg","runtime":1320,"editions":{"hd":{"price":0}},"is_downloadable":false},"E96339":{"id":96339,"ref":"E96339","type":"episode","position":6,"title":"","description":"Pernille La Lau duikt in de wereld van de bouw en infrastructuur. Dit doet ze met mensen die zich ori\u00ebnteren op een carri\u00e8remove en hun kansen willen beproeven in een voor hen nieuwe sector. Een loopbaancoach onderzoekt de competenties en vaardigheden en hieruit volgt een advies voor een functie in de bouw. De kandidaten worden twee dagen op de proef gesteld in deze functie om kans te maken op een volledig opleidingstraject.","still":"https:\/\/img-opt.cdn.smartvod.com\/smartvod\/images\/videoland\/data\/images\/4\/1\/622653d57242a_[format].jpg","runtime":1320,"editions":{"hd":{"price":0}},"is_downloadable":false}}}