{"id":500269,"ref":"S500269","type":"series","title":"The L Word: Generation Q","year":2021,"rating":4,"poster":"https:\/\/img-opt.cdn.smartvod.com\/smartvod\/images\/videoland\/data\/images\/8\/4\/611a7047820bc_[format].jpg","still":"https:\/\/img-opt.cdn.smartvod.com\/smartvod\/images\/videoland\/data\/images\/j\/g\/5e8f2db6e7663_[format].jpg","cast":{"actors":["Jennifer Beals","Leisha Hailey","Katherine Moennig"]},"genres":["Drama"],"refs":["SN3187","SN4393"],"is_adult":false,"is_kids":false,"is_available":true,"description":"Volg de levens van een groepje lesbi\u00ebnnes en andere LGBTQ'ers in Los Angeles. Zie hoe ze omgaan met liefde, liefdesverdriet, seks, tegenslagen en succes! Seizoen 2 is vanaf 21 augustus wekelijks te zien.","directors":["Steph Green"],"nicam":{"12":"Mogelijk schadelijk tot 12 jaar","seks":"Seks","taalgebruik":"Grof Taalgebruik"},"language":"en","language_full":"Engels","details":{"SN3187":{"id":3187,"ref":"SN3187","type":"season","title":"1","position":1},"SN4393":{"id":4393,"ref":"SN4393","type":"season","title":"2","position":2,"refs":["E89527","E89526","E89529","E89525","E89523","E89524","E89521","E89530","E89522","E89528"]},"E89527":{"id":89527,"ref":"E89527","type":"episode","position":1,"title":"Late To The Party","description":"Bette krijgt te maken met grote veranderingen in haar leven. Shane wordt de pokerscene van Los Angeles ingezogen. Sophie, Dani en Finley moeten zien om te gaan met de gevolgen van Sophies keuze.","still":"https:\/\/img-opt.cdn.smartvod.com\/smartvod\/images\/videoland\/data\/images\/t\/7\/611e70cc06b27_[format].jpg","runtime":3389,"editions":{"hd":{"price":0}},"is_downloadable":true},"E89526":{"id":89526,"ref":"E89526","type":"episode","position":2,"title":"Lean On Me","description":"Bette maakt grote stappen op haar nieuwe werk. Shane strijdt om Tess aan boord te krijgen met een fris idee voor de bar. Alice denkt dat Nat iets voor haar verbergt. Micah worstelt met zijn relatie met Jos\u00e9.","still":"https:\/\/img-opt.cdn.smartvod.com\/smartvod\/images\/videoland\/data\/images\/x\/8\/6128ed8c8a6de_[format].jpg","runtime":3402,"editions":{"hd":{"price":0}},"is_downloadable":true},"E89529":{"id":89529,"ref":"E89529","type":"episode","position":3,"title":"Luck Be A Lady","description":"Bette krijgt weer zin in haar werk. Angie krijgt groot nieuws, dat ingewikkeld is voor de situatie thuis. Het gaat niet zoals gepland met het nieuwe bedrijf van Shane en Tess. Micah begint aan een nieuwe baan en vraagt Maribel om ondersteuning.","still":"https:\/\/img-opt.cdn.smartvod.com\/smartvod\/images\/videoland\/data\/images\/l\/w\/612f81acb7fcf_[format].jpg","runtime":3180,"editions":{"hd":{"price":0}},"is_downloadable":true},"E89525":{"id":89525,"ref":"E89525","type":"episode","position":4,"title":"Lake House","description":"Bette is op een missie om de bewonderde artiest Pippa Pascal te vinden. Angie krijgt nieuwe informatie over haar donor. Tom wil dat Alice haar emoties toelaat. De relatie tussen Shane en Tess wordt steeds sterker.","still":"https:\/\/img-opt.cdn.smartvod.com\/smartvod\/images\/videoland\/data\/images\/2\/f\/613f2a88e3b05_[format].jpg","runtime":3005,"editions":{"hd":{"price":0}},"is_downloadable":true},"E89523":{"id":89523,"ref":"E89523","type":"episode","position":5,"title":"Lobsters, Too","description":"Bette, Tina en Carrie ondersteunen samen Angie. Iemand uit Shanes verleden duikt plotseling op. Nu het boek van Alice klaar is, vragen Tom en zij zich af wat ze voor elkaar zijn. Dani wil dat Rodolfo haar alles vertelt. De vriendschap tussen Maribel en Micah wordt steeds hechter.","still":"https:\/\/img-opt.cdn.smartvod.com\/smartvod\/images\/videoland\/data\/images\/v\/s\/614833d24c9e7_[format].jpg","runtime":3426,"editions":{"hd":{"price":0}},"is_downloadable":true},"E89524":{"id":89524,"ref":"E89524","type":"episode","position":6,"title":"Love Shack","description":"Tijdens een karaokeavond wordt Bette gedwongen om eerlijk te zijn over wat ze \u00e9cht wil. Alice wordt geconfronteerd met haar gevoelens voor Tom. Micah probeert uit te vinden wat de status is tussen hem en Maribel.","still":"https:\/\/img-opt.cdn.smartvod.com\/smartvod\/images\/videoland\/data\/images\/x\/m\/6151767ec09a5_[format].jpg","runtime":3038,"editions":{"hd":{"price":0}},"is_downloadable":true},"E89521":{"id":89521,"ref":"E89521","type":"episode","position":7,"title":"Light","description":"Angie is bang dat de situatie tussen haar en Jordi is verslechterd. Alice is in de war na een ontmoeting met iemand uit haar verleden. Dani probeert uit te vinden wat haar tegenhoudt in haar priv\u00e9leven. Sophie vraagt zich af hoe volwassen Finley is.","still":"https:\/\/img-opt.cdn.smartvod.com\/smartvod\/images\/videoland\/data\/images\/o\/0\/6155c2e517a33_[format].jpg","runtime":3004,"editions":{"hd":{"price":0}},"is_downloadable":true},"E89530":{"id":89530,"ref":"E89530","type":"episode","position":8,"title":"Launch Party","description":"Een verrassende onthulling leidt tot onenigheid tussen Bette en Dani. Shane moet moet haar gevoelens voor Tess onder ogen zien. Alice vraagt zich af of ze Tom een geheim moet vertellen. Na een schokkende gebeurtenis vinden Sophie en Finley het moeilijk om verder te gaan.","still":"https:\/\/img-opt.cdn.smartvod.com\/smartvod\/images\/videoland\/data\/images\/1\/u\/615f509764b07_[format].jpg","runtime":3187,"editions":{"hd":{"price":0}},"is_downloadable":true},"E89522":{"id":89522,"ref":"E89522","type":"episode","position":9,"title":"Last Dance","description":"De spanningen tussen Bette, Tina en Angie lopen op. Shane worstelt met een geheim en Alice twijfelt hoeveel openheid ze tijdens haar tour moet geven over haar persoonlijke leven.","still":"https:\/\/img-opt.cdn.smartvod.com\/smartvod\/images\/videoland\/data\/images\/6\/1\/616c21dac1cbd_[format].jpg","runtime":2874,"editions":{"hd":{"price":0}},"is_downloadable":true},"E89528":{"id":89528,"ref":"E89528","type":"episode","position":10,"title":"Last Call","description":"De bruiloft van Tina en Carrie komt snel dichterbij en Bette moet een belangrijke beslissing nemen. Shane en Tess komen op een lastig punt in hun relatie. Dani moet beslissen of ze haar vader wil verdedigen. De spanning tussen Sophie en Finley loopt steeds verder op.","still":"https:\/\/img-opt.cdn.smartvod.com\/smartvod\/images\/videoland\/data\/images\/t\/u\/6172e70b070da_[format].jpg","runtime":2866,"editions":{"hd":{"price":0}},"is_downloadable":true}}}