{"id":500848,"ref":"S500848","type":"series","title":"Who's The Boss","year":1991,"rating":4,"poster":"https:\/\/img-opt.cdn.smartvod.com\/smartvod\/images\/videoland\/data\/images\/3\/m\/61f12bd6d6d1c_[format].jpg","still":"https:\/\/img-opt.cdn.smartvod.com\/smartvod\/images\/videoland\/data\/images\/f\/v\/6218ea54db530_[format].jpg","cast":{"actors":["Tony Danza","Judith Light","Alyssa Milano","Danny Pintauro","Katherine Helmond"]},"genres":["Komedie"],"refs":["SN4798","SN4799","SN4800","SN4801","SN4803","SN4804","SN4805","SN4807"],"is_adult":false,"is_kids":false,"is_available":true,"description":"Weduwnaar en voormalig honkbalprof Tony neemt een baan aan als huishoudhulp bij zakenvrouw Angela en haar zoon. Hij trekt samen met zijn dochter bij hen in en probeert het rommelige huishouden op orde te krijgen. Het lijkt een match made in heaven, of toch niet?","nicam":{"al":"Alle leeftijden"},"language":"en","language_full":"Engels","details":{"SN4798":{"id":4798,"ref":"SN4798","type":"season","title":"1","position":1},"SN4799":{"id":4799,"ref":"SN4799","type":"season","title":"2","position":2},"SN4800":{"id":4800,"ref":"SN4800","type":"season","title":"3","position":3},"SN4801":{"id":4801,"ref":"SN4801","type":"season","title":"4","position":4},"SN4803":{"id":4803,"ref":"SN4803","type":"season","title":"5","position":5},"SN4804":{"id":4804,"ref":"SN4804","type":"season","title":"6","position":6},"SN4805":{"id":4805,"ref":"SN4805","type":"season","title":"7","position":7},"SN4807":{"id":4807,"ref":"SN4807","type":"season","title":"8","position":8,"refs":["E95744","E95742","E95741","E95732","E95738","E95725","E95730","E95736","E95726","E95733","E95728","E95734","E95737","E95739","E95731","E95727","E95735","E95749","E95746","E95743","E95747","E95740","E95745","E95748"]},"E95744":{"id":95744,"ref":"E95744","type":"episode","position":1,"title":"Seer Of Love","description":"Weduwnaar en voormalig honkbalprof Tony neemt een baan aan als huishoudhulp bij zakenvrouw Angela en haar zoon. Hij trekt samen met zijn dochter bij hen in en probeert het rommelige huishouden op orde te krijgen. Het lijkt een match made in heaven, of toch niet?","still":"https:\/\/img-opt.cdn.smartvod.com\/smartvod\/images\/videoland\/data\/images\/f\/v\/6218ea54db530_[format].jpg","runtime":1445,"editions":{"hd":{"price":0}},"is_downloadable":true},"E95742":{"id":95742,"ref":"E95742","type":"episode","position":2,"title":"An Affair To Forget","description":"Weduwnaar en voormalig honkbalprof Tony neemt een baan aan als huishoudhulp bij zakenvrouw Angela en haar zoon. Hij trekt samen met zijn dochter bij hen in en probeert het rommelige huishouden op orde te krijgen. Het lijkt een match made in heaven, of toch niet?","still":"https:\/\/img-opt.cdn.smartvod.com\/smartvod\/images\/videoland\/data\/images\/i\/y\/6218e7f50d31b_[format].jpg","runtime":1444,"editions":{"hd":{"price":0}},"is_downloadable":true},"E95741":{"id":95741,"ref":"E95741","type":"episode","position":3,"title":"Misery","description":"Weduwnaar en voormalig honkbalprof Tony neemt een baan aan als huishoudhulp bij zakenvrouw Angela en haar zoon. Hij trekt samen met zijn dochter bij hen in en probeert het rommelige huishouden op orde te krijgen. Het lijkt een match made in heaven, of toch niet?","still":"https:\/\/img-opt.cdn.smartvod.com\/smartvod\/images\/videoland\/data\/images\/j\/b\/6218ea514b090_[format].jpg","runtime":1434,"editions":{"hd":{"price":0}},"is_downloadable":true},"E95732":{"id":95732,"ref":"E95732","type":"episode","position":4,"title":"Selling Sam Short","description":"Weduwnaar en voormalig honkbalprof Tony neemt een baan aan als huishoudhulp bij zakenvrouw Angela en haar zoon. Hij trekt samen met zijn dochter bij hen in en probeert het rommelige huishouden op orde te krijgen. Het lijkt een match made in heaven, of toch niet?","still":"https:\/\/img-opt.cdn.smartvod.com\/smartvod\/images\/videoland\/data\/images\/3\/t\/6218e6e38b408_[format].jpg","runtime":1444,"editions":{"hd":{"price":0}},"is_downloadable":true},"E95738":{"id":95738,"ref":"E95738","type":"episode","position":5,"title":"Tony Bags A Big One","description":"Weduwnaar en voormalig honkbalprof Tony neemt een baan aan als huishoudhulp bij zakenvrouw Angela en haar zoon. Hij trekt samen met zijn dochter bij hen in en probeert het rommelige huishouden op orde te krijgen. Het lijkt een match made in heaven, of toch niet?","still":"https:\/\/img-opt.cdn.smartvod.com\/smartvod\/images\/videoland\/data\/images\/f\/i\/6218eb711b880_[format].jpg","runtime":1420,"editions":{"hd":{"price":0}},"is_downloadable":true},"E95725":{"id":95725,"ref":"E95725","type":"episode","position":6,"title":"A Well-Kept Housekeeper","description":"Weduwnaar en voormalig honkbalprof Tony neemt een baan aan als huishoudhulp bij zakenvrouw Angela en haar zoon. Hij trekt samen met zijn dochter bij hen in en probeert het rommelige huishouden op orde te krijgen. Het lijkt een match made in heaven, of toch niet?","still":"https:\/\/img-opt.cdn.smartvod.com\/smartvod\/images\/videoland\/data\/images\/k\/s\/6218e93ac0a62_[format].jpg","runtime":1445,"editions":{"hd":{"price":0}},"is_downloadable":true},"E95730":{"id":95730,"ref":"E95730","type":"episode","position":7,"title":"Death And Love (part 1)","description":"Weduwnaar en voormalig honkbalprof Tony neemt een baan aan als huishoudhulp bij zakenvrouw Angela en haar zoon. Hij trekt samen met zijn dochter bij hen in en probeert het rommelige huishouden op orde te krijgen. Het lijkt een match made in heaven, of toch niet?","still":"https:\/\/img-opt.cdn.smartvod.com\/smartvod\/images\/videoland\/data\/images\/4\/q\/6218e9243e200_[format].jpg","runtime":1424,"editions":{"hd":{"price":0}},"is_downloadable":true},"E95736":{"id":95736,"ref":"E95736","type":"episode","position":8,"title":"Death And Love (part 2)","description":"Weduwnaar en voormalig honkbalprof Tony neemt een baan aan als huishoudhulp bij zakenvrouw Angela en haar zoon. Hij trekt samen met zijn dochter bij hen in en probeert het rommelige huishouden op orde te krijgen. Het lijkt een match made in heaven, of toch niet?","still":"https:\/\/img-opt.cdn.smartvod.com\/smartvod\/images\/videoland\/data\/images\/0\/t\/6218ea57e0d6f_[format].jpg","runtime":1444,"editions":{"hd":{"price":0}},"is_downloadable":true},"E95726":{"id":95726,"ref":"E95726","type":"episode","position":9,"title":"Grandmommie Dearest","description":"Weduwnaar en voormalig honkbalprof Tony neemt een baan aan als huishoudhulp bij zakenvrouw Angela en haar zoon. Hij trekt samen met zijn dochter bij hen in en probeert het rommelige huishouden op orde te krijgen. Het lijkt een match made in heaven, of toch niet?","still":"https:\/\/img-opt.cdn.smartvod.com\/smartvod\/images\/videoland\/data\/images\/e\/g\/6218e91df3e29_[format].jpg","runtime":1443,"editions":{"hd":{"price":0}},"is_downloadable":true},"E95733":{"id":95733,"ref":"E95733","type":"episode","position":10,"title":"Field Of Screams","description":"Weduwnaar en voormalig honkbalprof Tony neemt een baan aan als huishoudhulp bij zakenvrouw Angela en haar zoon. Hij trekt samen met zijn dochter bij hen in en probeert het rommelige huishouden op orde te krijgen. Het lijkt een match made in heaven, of toch niet?","still":"https:\/\/img-opt.cdn.smartvod.com\/smartvod\/images\/videoland\/data\/images\/z\/2\/6218e59b05d9a_[format].jpg","runtime":1388,"editions":{"hd":{"price":0}},"is_downloadable":true},"E95728":{"id":95728,"ref":"E95728","type":"episode","position":11,"title":"This Sold House","description":"Weduwnaar en voormalig honkbalprof Tony neemt een baan aan als huishoudhulp bij zakenvrouw Angela en haar zoon. Hij trekt samen met zijn dochter bij hen in en probeert het rommelige huishouden op orde te krijgen. Het lijkt een match made in heaven, of toch niet?","still":"https:\/\/img-opt.cdn.smartvod.com\/smartvod\/images\/videoland\/data\/images\/0\/h\/6218e93c5fe9d_[format].jpg","runtime":1440,"editions":{"hd":{"price":0}},"is_downloadable":true},"E95734":{"id":95734,"ref":"E95734","type":"episode","position":12,"title":"Tony Can You Spare A Dime","description":"Weduwnaar en voormalig honkbalprof Tony neemt een baan aan als huishoudhulp bij zakenvrouw Angela en haar zoon. Hij trekt samen met zijn dochter bij hen in en probeert het rommelige huishouden op orde te krijgen. Het lijkt een match made in heaven, of toch niet?","still":"https:\/\/img-opt.cdn.smartvod.com\/smartvod\/images\/videoland\/data\/images\/l\/f\/6218e8017b6f2_[format].jpg","runtime":1439,"editions":{"hd":{"price":0}},"is_downloadable":true},"E95737":{"id":95737,"ref":"E95737","type":"episode","position":13,"title":"Mrs. Al","description":"Weduwnaar en voormalig honkbalprof Tony neemt een baan aan als huishoudhulp bij zakenvrouw Angela en haar zoon. Hij trekt samen met zijn dochter bij hen in en probeert het rommelige huishouden op orde te krijgen. Het lijkt een match made in heaven, of toch niet?","still":"https:\/\/img-opt.cdn.smartvod.com\/smartvod\/images\/videoland\/data\/images\/0\/3\/6218e92e540df_[format].jpg","runtime":1435,"editions":{"hd":{"price":0}},"is_downloadable":true},"E95739":{"id":95739,"ref":"E95739","type":"episode","position":14,"title":"Who's The Boss","description":"Weduwnaar en voormalig honkbalprof Tony neemt een baan aan als huishoudhulp bij zakenvrouw Angela en haar zoon. Hij trekt samen met zijn dochter bij hen in en probeert het rommelige huishouden op orde te krijgen. Het lijkt een match made in heaven, of toch niet?","still":"https:\/\/img-opt.cdn.smartvod.com\/smartvod\/images\/videoland\/data\/images\/3\/m\/6218ea5647990_[format].jpg","runtime":1416,"editions":{"hd":{"price":0}},"is_downloadable":true},"E95731":{"id":95731,"ref":"E95731","type":"episode","position":15,"title":"Tony Micelli, This Is Your Life","description":"Weduwnaar en voormalig honkbalprof Tony neemt een baan aan als huishoudhulp bij zakenvrouw Angela en haar zoon. Hij trekt samen met zijn dochter bij hen in en probeert het rommelige huishouden op orde te krijgen. Het lijkt een match made in heaven, of toch niet?","still":"https:\/\/img-opt.cdn.smartvod.com\/smartvod\/images\/videoland\/data\/images\/v\/g\/6218e91c4675c_[format].jpg","runtime":1444,"editions":{"hd":{"price":0}},"is_downloadable":true},"E95727":{"id":95727,"ref":"E95727","type":"episode","position":16,"title":"Allergic To Love","description":"Weduwnaar en voormalig honkbalprof Tony neemt een baan aan als huishoudhulp bij zakenvrouw Angela en haar zoon. Hij trekt samen met zijn dochter bij hen in en probeert het rommelige huishouden op orde te krijgen. Het lijkt een match made in heaven, of toch niet?","still":"https:\/\/img-opt.cdn.smartvod.com\/smartvod\/images\/videoland\/data\/images\/k\/x\/6218e6e53e43c_[format].jpg","runtime":1444,"editions":{"hd":{"price":0}},"is_downloadable":true},"E95735":{"id":95735,"ref":"E95735","type":"episode","position":17,"title":"Better Off Wed (part 1)","description":"Weduwnaar en voormalig honkbalprof Tony neemt een baan aan als huishoudhulp bij zakenvrouw Angela en haar zoon. Hij trekt samen met zijn dochter bij hen in en probeert het rommelige huishouden op orde te krijgen. Het lijkt een match made in heaven, of toch niet?","still":"https:\/\/img-opt.cdn.smartvod.com\/smartvod\/images\/videoland\/data\/images\/8\/o\/6218e92a72490_[format].jpg","runtime":1422,"editions":{"hd":{"price":0}},"is_downloadable":true},"E95749":{"id":95749,"ref":"E95749","type":"episode","position":18,"title":"Better Off Wed (part 2)","description":"Weduwnaar en voormalig honkbalprof Tony neemt een baan aan als huishoudhulp bij zakenvrouw Angela en haar zoon. Hij trekt samen met zijn dochter bij hen in en probeert het rommelige huishouden op orde te krijgen. Het lijkt een match made in heaven, of toch niet?","still":"https:\/\/img-opt.cdn.smartvod.com\/smartvod\/images\/videoland\/data\/images\/y\/7\/6218e8172f5f6_[format].jpg","runtime":1444,"editions":{"hd":{"price":0}},"is_downloadable":true},"E95746":{"id":95746,"ref":"E95746","type":"episode","position":19,"title":"Tony And The Honeymooners","description":"Weduwnaar en voormalig honkbalprof Tony neemt een baan aan als huishoudhulp bij zakenvrouw Angela en haar zoon. Hij trekt samen met zijn dochter bij hen in en probeert het rommelige huishouden op orde te krijgen. Het lijkt een match made in heaven, of toch niet?","still":"https:\/\/img-opt.cdn.smartvod.com\/smartvod\/images\/videoland\/data\/images\/q\/l\/6218ea4c25f5d_[format].jpg","runtime":1445,"editions":{"hd":{"price":0}},"is_downloadable":true},"E95743":{"id":95743,"ref":"E95743","type":"episode","position":20,"title":"Split Decision","description":"Weduwnaar en voormalig honkbalprof Tony neemt een baan aan als huishoudhulp bij zakenvrouw Angela en haar zoon. Hij trekt samen met zijn dochter bij hen in en probeert het rommelige huishouden op orde te krijgen. Het lijkt een match made in heaven, of toch niet?","still":"https:\/\/img-opt.cdn.smartvod.com\/smartvod\/images\/videoland\/data\/images\/n\/n\/6218e93602025_[format].jpg","runtime":1440,"editions":{"hd":{"price":0}},"is_downloadable":true},"E95747":{"id":95747,"ref":"E95747","type":"episode","position":21,"title":"Mr. Micelli Builds His Dream House","description":"Weduwnaar en voormalig honkbalprof Tony neemt een baan aan als huishoudhulp bij zakenvrouw Angela en haar zoon. Hij trekt samen met zijn dochter bij hen in en probeert het rommelige huishouden op orde te krijgen. Het lijkt een match made in heaven, of toch niet?","still":"https:\/\/img-opt.cdn.smartvod.com\/smartvod\/images\/videoland\/data\/images\/0\/o\/6218e9347a4a8_[format].jpg","runtime":1434,"editions":{"hd":{"price":0}},"is_downloadable":true},"E95740":{"id":95740,"ref":"E95740","type":"episode","position":22,"title":"Savor The Veal (part 1)","description":"Weduwnaar en voormalig honkbalprof Tony neemt een baan aan als huishoudhulp bij zakenvrouw Angela en haar zoon. Hij trekt samen met zijn dochter bij hen in en probeert het rommelige huishouden op orde te krijgen. Het lijkt een match made in heaven, of toch niet?","still":"https:\/\/img-opt.cdn.smartvod.com\/smartvod\/images\/videoland\/data\/images\/2\/9\/6218ea483dd4e_[format].jpg","runtime":1455,"editions":{"hd":{"price":0}},"is_downloadable":true},"E95745":{"id":95745,"ref":"E95745","type":"episode","position":23,"title":"Savor The Veal (part 2)","description":"Weduwnaar en voormalig honkbalprof Tony neemt een baan aan als huishoudhulp bij zakenvrouw Angela en haar zoon. Hij trekt samen met zijn dochter bij hen in en probeert het rommelige huishouden op orde te krijgen. Het lijkt een match made in heaven, of toch niet?","still":"https:\/\/img-opt.cdn.smartvod.com\/smartvod\/images\/videoland\/data\/images\/5\/g\/6218ea596ecd6_[format].jpg","runtime":1552,"editions":{"hd":{"price":0}},"is_downloadable":true},"E95748":{"id":95748,"ref":"E95748","type":"episode","position":24,"title":"Savor The Veal (part 3)","description":"Weduwnaar en voormalig honkbalprof Tony neemt een baan aan als huishoudhulp bij zakenvrouw Angela en haar zoon. Hij trekt samen met zijn dochter bij hen in en probeert het rommelige huishouden op orde te krijgen. Het lijkt een match made in heaven, of toch niet?","still":"https:\/\/img-opt.cdn.smartvod.com\/smartvod\/images\/videoland\/data\/images\/y\/y\/6218e93917b85_[format].jpg","runtime":1527,"editions":{"hd":{"price":0}},"is_downloadable":true}}}