{"id":500138,"ref":"S500138","type":"series","title":"RTL Autowereld","year":2022,"rating":4,"poster":"https:\/\/img-opt.cdn.smartvod.com\/smartvod\/images\/videoland\/data\/images\/g\/o\/62f9f695765aa_[format].jpg","still":"https:\/\/img-opt.cdn.smartvod.com\/smartvod\/images\/videoland\/data\/images\/g\/w\/631896ad615b1_[format].jpg","cast":{},"genres":[],"refs":["SN2967","SN3771","SN4090","SN4454","SN4809","SN5183"],"is_adult":false,"is_kids":false,"is_available":true,"description":"Informatief programma gemaakt door autoliefhebbers voor autoliefhebbers. Een team van coureurs, presentatoren en klassiekersexperts test de nieuwste modellen, bezoeken shows en races en maken de mooiste roadtrips.","nicam":{"al":"Alle leeftijden"},"language":"nl","language_full":"Nederlands","details":{"SN2967":{"id":2967,"ref":"SN2967","type":"season","title":"34","position":34},"SN3771":{"id":3771,"ref":"SN3771","type":"season","title":"35","position":35},"SN4090":{"id":4090,"ref":"SN4090","type":"season","title":"36","position":36},"SN4454":{"id":4454,"ref":"SN4454","type":"season","title":"37","position":37},"SN4809":{"id":4809,"ref":"SN4809","type":"season","title":"38","position":38},"SN5183":{"id":5183,"ref":"SN5183","type":"season","title":"39","position":39,"refs":["E102336","E102694","E102630","E102706"]},"E102336":{"id":102336,"ref":"E102336","type":"episode","position":1,"title":"","description":"Een team van coureurs, presentatoren en klassiekersexperts rijdt met de meest bijzondere en exclusieve auto's \u00e9n maakt je wegwijs in de wereld van duurzame mobiliteit. Hybride, volledig elektrisch, waterstof: wat past het beste in jouw leven en hoe leuk, mooi of praktisch zijn deze nieuwe modellen eigenlijk?","still":"https:\/\/img-opt.cdn.smartvod.com\/smartvod\/images\/videoland\/data\/images\/g\/w\/631896ad615b1_[format].jpg","runtime":1380,"editions":{"hd":{"price":0}},"is_downloadable":false},"E102694":{"id":102694,"ref":"E102694","type":"episode","position":2,"title":"","description":"Een team van coureurs, presentatoren en klassiekersexperts rijdt met de meest bijzondere en exclusieve auto's \u00e9n maakt je wegwijs in de wereld van duurzame mobiliteit. Hybride, volledig elektrisch, waterstof: wat past het beste in jouw leven en hoe leuk, mooi of praktisch zijn deze nieuwe modellen eigenlijk?","still":"https:\/\/img-opt.cdn.smartvod.com\/smartvod\/images\/videoland\/data\/images\/v\/s\/63284e0a75a3f_[format].jpg","runtime":1380,"editions":{"hd":{"price":0}},"is_downloadable":false},"E102630":{"id":102630,"ref":"E102630","type":"episode","position":4,"title":"","description":"Een team van coureurs, presentatoren en klassiekersexperts rijdt met de meest bijzondere en exclusieve auto's \u00e9n maakt je wegwijs in de wereld van duurzame mobiliteit. Hybride, volledig elektrisch, waterstof: wat past het beste in jouw leven en hoe leuk, mooi of praktisch zijn deze nieuwe modellen eigenlijk?","still":"https:\/\/img-opt.cdn.smartvod.com\/smartvod\/images\/videoland\/data\/images\/7\/8\/633c45ec0949c_[format].jpg","runtime":1380,"editions":{"hd":{"price":0}},"is_downloadable":false},"E102706":{"id":102706,"ref":"E102706","type":"episode","position":5,"title":"","description":"Een team van coureurs, presentatoren en klassiekersexperts rijdt met de meest bijzondere en exclusieve auto's \u00e9n maakt je wegwijs in de wereld van duurzame mobiliteit. Hybride, volledig elektrisch, waterstof: wat past het beste in jouw leven en hoe leuk, mooi of praktisch zijn deze nieuwe modellen eigenlijk?","still":"https:\/\/img-opt.cdn.smartvod.com\/smartvod\/images\/videoland\/data\/images\/3\/x\/634690313bfc4_[format].jpg","runtime":1380,"editions":{"hd":{"price":0}},"is_downloadable":false}}}