{"id":500001,"ref":"S500001","type":"series","title":"De Sterkste Man","year":2019,"rating":4,"poster":"https:\/\/img-opt.cdn.smartvod.com\/smartvod\/images\/videoland\/data\/images\/f\/g\/62050346c1c84_[format].jpg","still":"https:\/\/img-opt.cdn.smartvod.com\/smartvod\/images\/videoland\/data\/images\/2\/0\/0658a53c36edd_[format].jpg","cast":{},"genres":[],"refs":["SN3255","SN4606","SN4828","SN5220"],"is_adult":false,"is_kids":false,"is_available":true,"description":"Verslag van de Strongman Champions League, die uit een serie van zestien wedstrijden bestaat. De sterksten van de wereld moeten onder meer vliegtuigen trekken en zware voorwerpen als boomstammen en betonballen tillen.","nicam":{"al":"Alle leeftijden","taalgebruik":"Grof Taalgebruik"},"language":"en","language_full":"Engels","details":{"SN3255":{"id":3255,"ref":"SN3255","type":"season","title":"2019","position":2},"SN4606":{"id":4606,"ref":"SN4606","type":"season","title":"2021","position":3},"SN4828":{"id":4828,"ref":"SN4828","type":"season","title":"3","position":3,"refs":["E96003","E96005","E96001","E96012","E96008","E96014","E96002","E96010","E96007","E96009","E96000","E96016","E96013","E95998","E95999","E96019"]},"SN5220":{"id":5220,"ref":"SN5220","type":"season","title":"23","position":23},"E96003":{"id":96003,"ref":"E96003","type":"episode","position":1,"title":"","description":"Verslag van de Strongman Champions League, die uit een serie van zestien wedstrijden bestaat. De sterksten van de wereld moeten onder meer vliegtuigen trekken en zware voorwerpen als boomstammen en betonballen tillen.","still":"https:\/\/img-opt.cdn.smartvod.com\/smartvod\/images\/videoland\/data\/images\/r\/e\/622217f557ef9_[format].jpg","runtime":2751,"editions":{"hd":{"price":0}},"is_downloadable":true},"E96005":{"id":96005,"ref":"E96005","type":"episode","position":2,"title":"","description":"Stage 2 in Finland, met Kelvin de Ruiter en wereldkampioen Aivars Smaukstelis uit Letland. De mannen werken vier onderdelen af, waaronder superzware vrachtwagens.","still":"https:\/\/img-opt.cdn.smartvod.com\/smartvod\/images\/videoland\/data\/images\/y\/z\/6229c4044079e_[format].jpg","runtime":2720,"editions":{"hd":{"price":0}},"is_downloadable":true},"E96001":{"id":96001,"ref":"E96001","type":"episode","position":3,"title":"","description":"Verslag van de Strongman Champions League, die uit een serie van zestien wedstrijden bestaat. De sterksten van de wereld moeten onder meer vliegtuigen trekken en zware voorwerpen als boomstammen en betonballen tillen.","still":"https:\/\/img-opt.cdn.smartvod.com\/smartvod\/images\/videoland\/data\/images\/y\/y\/622b57117ba2b_[format].jpg","runtime":2719,"editions":{"hd":{"price":0}},"is_downloadable":true},"E96012":{"id":96012,"ref":"E96012","type":"episode","position":4,"title":"","description":"Verslag van de Strongman Champions League, die uit een serie van zestien wedstrijden bestaat. De sterksten van de wereld moeten onder meer vliegtuigen trekken en zware voorwerpen als boomstammen en betonballen tillen.","still":"https:\/\/img-opt.cdn.smartvod.com\/smartvod\/images\/videoland\/data\/images\/y\/r\/623839e86304c_[format].jpg","runtime":2701,"editions":{"hd":{"price":0}},"is_downloadable":true},"E96008":{"id":96008,"ref":"E96008","type":"episode","position":5,"title":"","description":"Verslag van de Strongman Champions League, die uit een serie van zestien wedstrijden bestaat. De sterksten van de wereld moeten onder meer vliegtuigen trekken en zware voorwerpen als boomstammen en betonballen tillen.","still":"https:\/\/img-opt.cdn.smartvod.com\/smartvod\/images\/videoland\/data\/images\/p\/m\/623ef48b46030_[format].jpg","runtime":2802,"editions":{"hd":{"price":0}},"is_downloadable":true},"E96014":{"id":96014,"ref":"E96014","type":"episode","position":6,"title":"","description":"Verslag van de Strongman Champions League, die uit een serie van zestien wedstrijden bestaat. De sterksten van de wereld moeten onder meer vliegtuigen trekken en zware voorwerpen als boomstammen en betonballen tillen.","still":"https:\/\/img-opt.cdn.smartvod.com\/smartvod\/images\/videoland\/data\/images\/2\/2\/62458b59595a4_[format].jpg","runtime":2700,"editions":{"hd":{"price":0}},"is_downloadable":true},"E96002":{"id":96002,"ref":"E96002","type":"episode","position":7,"title":"","description":"Verslag van de Strongman Champions League, die uit een serie van zestien wedstrijden bestaat. De sterksten van de wereld moeten onder meer vliegtuigen trekken en zware voorwerpen als boomstammen en betonballen tillen.","still":"https:\/\/img-opt.cdn.smartvod.com\/smartvod\/images\/videoland\/data\/images\/m\/c\/624d9307331d7_[format].jpg","runtime":2675,"editions":{"hd":{"price":0}},"is_downloadable":true},"E96010":{"id":96010,"ref":"E96010","type":"episode","position":8,"title":"","description":"Verslag van de Strongman Champions League, die uit een serie van zestien wedstrijden bestaat. De sterksten van de wereld moeten onder meer vliegtuigen trekken en zware voorwerpen als boomstammen en betonballen tillen.","still":"https:\/\/img-opt.cdn.smartvod.com\/smartvod\/images\/videoland\/data\/images\/7\/x\/6251a3bfbe95a_[format].jpg","runtime":2714,"editions":{"hd":{"price":0}},"is_downloadable":true},"E96007":{"id":96007,"ref":"E96007","type":"episode","position":9,"title":"","description":"Verslag van de Strongman Champions League, die uit een serie van zestien wedstrijden bestaat. De sterksten van de wereld moeten onder meer vliegtuigen trekken en zware voorwerpen als boomstammen en betonballen tillen.","still":"https:\/\/img-opt.cdn.smartvod.com\/smartvod\/images\/videoland\/data\/images\/t\/g\/624ccb43266e9_[format].jpg","runtime":2696,"editions":{"hd":{"price":0}},"is_downloadable":true},"E96009":{"id":96009,"ref":"E96009","type":"episode","position":10,"title":"","description":"Verslag van de Strongman Champions League, die uit een serie van zestien wedstrijden bestaat. De sterksten van de wereld moeten onder meer vliegtuigen trekken en zware voorwerpen als boomstammen en betonballen tillen.","still":"https:\/\/img-opt.cdn.smartvod.com\/smartvod\/images\/videoland\/data\/images\/p\/n\/626fbd39317d5_[format].jpg","runtime":2659,"editions":{"hd":{"price":0}},"is_downloadable":true},"E96000":{"id":96000,"ref":"E96000","type":"episode","position":11,"title":"","description":"Verslag van de Strongman Champions League, die uit een serie van zestien wedstrijden bestaat. De sterksten van de wereld moeten onder meer vliegtuigen trekken en zware voorwerpen als boomstammen en betonballen tillen.","still":"https:\/\/img-opt.cdn.smartvod.com\/smartvod\/images\/videoland\/data\/images\/5\/j\/627650072492c_[format].jpg","runtime":2662,"editions":{"hd":{"price":0}},"is_downloadable":true},"E96016":{"id":96016,"ref":"E96016","type":"episode","position":12,"title":"","description":"Verslag van de Strongman Champions League, die uit een serie van zestien wedstrijden bestaat. De sterksten van de wereld moeten onder meer vliegtuigen trekken en zware voorwerpen als boomstammen en betonballen tillen.","still":"https:\/\/img-opt.cdn.smartvod.com\/smartvod\/images\/videoland\/data\/images\/w\/s\/6280bec80353e_[format].jpg","runtime":2711,"editions":{"hd":{"price":0}},"is_downloadable":true},"E96013":{"id":96013,"ref":"E96013","type":"episode","position":13,"title":"","description":"Verslag van de Strongman Champions League, die uit een serie van zestien wedstrijden bestaat. De sterksten van de wereld moeten onder meer vliegtuigen trekken en zware voorwerpen als boomstammen en betonballen tillen.","still":"https:\/\/img-opt.cdn.smartvod.com\/smartvod\/images\/videoland\/data\/images\/8\/z\/6287b52c18d3e_[format].jpg","runtime":2733,"editions":{"hd":{"price":0}},"is_downloadable":true},"E95998":{"id":95998,"ref":"E95998","type":"episode","position":14,"title":"","description":"Verslag van de Strongman Champions League, die uit een serie van zestien wedstrijden bestaat. De sterksten van de wereld moeten onder meer vliegtuigen trekken en zware voorwerpen als boomstammen en betonballen tillen.","still":"https:\/\/img-opt.cdn.smartvod.com\/smartvod\/images\/videoland\/data\/images\/l\/i\/6290795e65d87_[format].jpg","runtime":2744,"editions":{"hd":{"price":0}},"is_downloadable":true},"E95999":{"id":95999,"ref":"E95999","type":"episode","position":15,"title":"","description":"Verslag van de Strongman Champions League, die uit een serie van zestien wedstrijden bestaat. De sterksten van de wereld moeten onder meer vliegtuigen trekken en zware voorwerpen als boomstammen en betonballen tillen.","still":"https:\/\/img-opt.cdn.smartvod.com\/smartvod\/images\/videoland\/data\/images\/7\/5\/6299078b5ca87_[format].jpg","runtime":2735,"editions":{"hd":{"price":0}},"is_downloadable":true},"E96019":{"id":96019,"ref":"E96019","type":"episode","position":16,"title":"","description":"Verslag van de Strongman Champions League, die uit een serie van zestien wedstrijden bestaat. De sterksten van de wereld moeten onder meer vliegtuigen trekken en zware voorwerpen als boomstammen en betonballen tillen.","still":"https:\/\/img-opt.cdn.smartvod.com\/smartvod\/images\/videoland\/data\/images\/0\/4\/62b17bccc14c3_[format].jpg","runtime":2700,"editions":{"hd":{"price":0}},"is_downloadable":true}}}