{"id":500904,"ref":"S500904","type":"series","title":"Amazing Spaces","year":2019,"rating":4,"poster":"https:\/\/img-opt.cdn.smartvod.com\/smartvod\/images\/videoland\/data\/images\/b\/q\/6245af042c7b3_[format].jpg","still":"https:\/\/img-opt.cdn.smartvod.com\/smartvod\/images\/videoland\/data\/images\/r\/5\/626b9fb3a20d9_[format].jpg","cast":{},"genres":["Documentaire"],"refs":["SN4999","SN4998","SN5000","SN5001","SN4926","SN4927"],"is_adult":false,"is_kids":false,"is_available":true,"description":"Architect George Clarke bezoekt mensen die op een creatieve manier gebruikmaken van kleine (leef)ruimtes.","nicam":{"al":"Alle leeftijden"},"language":"en","language_full":"Engels","details":{"SN4999":{"id":4999,"ref":"SN4999","type":"season","title":"3","position":3},"SN4998":{"id":4998,"ref":"SN4998","type":"season","title":"4","position":4},"SN5000":{"id":5000,"ref":"SN5000","type":"season","title":"5","position":5},"SN5001":{"id":5001,"ref":"SN5001","type":"season","title":"6","position":6},"SN4926":{"id":4926,"ref":"SN4926","type":"season","title":"8","position":8},"SN4927":{"id":4927,"ref":"SN4927","type":"season","title":"9","position":9,"refs":["E97697","E97689","E97696","E97694","E97691","E97683","E97684","E97687"]},"E97697":{"id":97697,"ref":"E97697","type":"episode","position":1,"title":"","description":"George Clarke bezoekt Chili om daar bijzondere architectuur te bekijken. Ook bezoekt hij een stel dat een 'verdwijnende' badkamer heeft. Zijn eigen bouwplan voor dit seizoen is een observatorium.","still":"https:\/\/img-opt.cdn.smartvod.com\/smartvod\/images\/videoland\/data\/images\/r\/5\/626b9fb3a20d9_[format].jpg","runtime":2759,"editions":{"hd":{"price":0}},"is_downloadable":true},"E97689":{"id":97689,"ref":"E97689","type":"episode","position":2,"title":"","description":"Een moeder is vastberaden een kapotte schuur om te toveren tot een familiewoning. Ook bezoekt George een stel dat een woonboot tot een luxueuze woonruimte omtovert.","still":"https:\/\/img-opt.cdn.smartvod.com\/smartvod\/images\/videoland\/data\/images\/9\/e\/626ce57ad0a40_[format].jpg","runtime":2762,"editions":{"hd":{"price":0}},"is_downloadable":true},"E97696":{"id":97696,"ref":"E97696","type":"episode","position":3,"title":"","description":"Een vliegtuigtechnicus bouwt een vliegtuigmotor om tot supersonische camper. In Chili bezoekt George een wijnmakerij.","still":"https:\/\/img-opt.cdn.smartvod.com\/smartvod\/images\/videoland\/data\/images\/1\/x\/62795b5757fab_[format].jpg","runtime":2772,"editions":{"hd":{"price":0}},"is_downloadable":true},"E97694":{"id":97694,"ref":"E97694","type":"episode","position":4,"title":"","description":"George ontmoet een koppe dat een touringcar wil ombouwen tot huis, inclusief een garage voor hun Mini!. Om inspiratie op te doen voor zijn eigen observatorium, bezoekt George een van 's werelds grootste telescopen.","still":"https:\/\/img-opt.cdn.smartvod.com\/smartvod\/images\/videoland\/data\/images\/l\/m\/62795b63b9167_[format].jpg","runtime":2729,"editions":{"hd":{"price":0}},"is_downloadable":true},"E97691":{"id":97691,"ref":"E97691","type":"episode","position":5,"title":"","description":"George ziet hoe een bouwproject wordt gebruikt om geld in te zamelen voor een goed doel. De 23-jarige Max laat zien hoe hij een kleine herdershut bouwt.","still":"https:\/\/img-opt.cdn.smartvod.com\/smartvod\/images\/videoland\/data\/images\/v\/5\/6280bece0a3f5_[format].jpg","runtime":2758,"editions":{"hd":{"price":0}},"is_downloadable":true},"E97683":{"id":97683,"ref":"E97683","type":"episode","position":6,"title":"","description":"Paul lijdt aan spierdystrofie, maar probeert desondanks een oude circuswagon te redden. George ontdekt een klein hotel dat is vermomd als een boom.","still":"https:\/\/img-opt.cdn.smartvod.com\/smartvod\/images\/videoland\/data\/images\/f\/t\/6280bec9b3ecc_[format].jpg","runtime":2775,"editions":{"hd":{"price":0}},"is_downloadable":true},"E97684":{"id":97684,"ref":"E97684","type":"episode","position":7,"title":"","description":"George ziet hoe Chris en Jodie bezig zijn met de verbouwing van een oude camper. Een ander stel probeert van een kapot treinstel een rustiek toevluchtsoord te maken.","still":"https:\/\/img-opt.cdn.smartvod.com\/smartvod\/images\/videoland\/data\/images\/1\/l\/628a906d7097e_[format].jpg","runtime":2778,"editions":{"hd":{"price":0}},"is_downloadable":true},"E97687":{"id":97687,"ref":"E97687","type":"episode","position":8,"title":"","description":"George en Will leggen de laatste hand aan hun observatorium. Tim wil een schuur bouwen met oude vensters en drijfhout.","still":"https:\/\/img-opt.cdn.smartvod.com\/smartvod\/images\/videoland\/data\/images\/o\/4\/628a9070309b2_[format].jpg","runtime":2774,"editions":{"hd":{"price":0}},"is_downloadable":true}}}