{"id":619,"ref":"S619","type":"series","title":"Goede Tijden, Slechte Tijden (GTST)","year":2022,"rating":5,"poster":"https:\/\/img-opt.cdn.smartvod.com\/smartvod\/images\/videoland\/data\/images\/x\/b\/63048d4134624_[format].jpg","still":"https:\/\/img-opt.cdn.smartvod.com\/smartvod\/images\/videoland\/data\/images\/1\/q\/5f4e039d1b90c_[format].jpg","cast":{"actors":["Jette van der Meij","Caroline de Bruijn","Erik de Vogel","Marly van der Velden","Ferry Doedens","Stephanie van Eer"]},"genres":["Drama"],"refs":["SN1089","SN1297","SN1609","SN1731","SN1948","SN2133","SN2437","SN2595","SN2947","SN3111","SN3686","SN3966","SN4392","SN4710","SN5124"],"is_adult":false,"is_kids":false,"is_available":true,"description":"Nederlandse soapserie over de perikelen rondom verschillende families in het plaatsje Meerdijk.","nicam":{"12":"Mogelijk schadelijk tot 12 jaar","geweld":"Geweld","angst":"Angst","seks":"Seks","taalgebruik":"Grof Taalgebruik"},"language":"nl","language_full":"Nederlands","details":{"SN1089":{"id":1089,"ref":"SN1089","type":"season","title":"Najaar 2015","position":1},"SN1297":{"id":1297,"ref":"SN1297","type":"season","title":"Voorjaar 2016","position":2},"SN1609":{"id":1609,"ref":"SN1609","type":"season","title":"Najaar 2016","position":3},"SN1731":{"id":1731,"ref":"SN1731","type":"season","title":"Voorjaar 2017","position":4},"SN1948":{"id":1948,"ref":"SN1948","type":"season","title":"Najaar 2017","position":5},"SN2133":{"id":2133,"ref":"SN2133","type":"season","title":"Voorjaar 2018","position":6},"SN2437":{"id":2437,"ref":"SN2437","type":"season","title":"Najaar 2018","position":7},"SN2595":{"id":2595,"ref":"SN2595","type":"season","title":"Voorjaar 2019","position":8},"SN2947":{"id":2947,"ref":"SN2947","type":"season","title":"Najaar 2019","position":9},"SN3111":{"id":3111,"ref":"SN3111","type":"season","title":"Voorjaar 2020","position":10},"SN3686":{"id":3686,"ref":"SN3686","type":"season","title":"Najaar 2020","position":11},"SN3966":{"id":3966,"ref":"SN3966","type":"season","title":"Voorjaar 2021","position":12},"SN4392":{"id":4392,"ref":"SN4392","type":"season","title":"Najaar 2021","position":13,"refs":["E89502","E89505","E89510","E89500","E89506","E89507","E89512","E89511","E89509","E89504","E89508","E89513","E89503","E89501","E89499","E89498","E90297","E90293","E90290","E90292","E90295","E90291","E90294","E90296","E90674","E90670","E90671","E90672","E90673","E90675","E90676","E90668","E90677","E90669","E90667","E90666","E91113","E91112","E91103","E91110","E91102","E91117","E91105","E91115","E91107","E91114","E91108","E91104","E91109","E91106","E91116","E91111","E92037","E92044","E92036","E92031","E92038","E92041","E92035","E92042","E92043","E92040","E92039","E92034","E92699","E92695","E92698","E92696","E92697","E92694","E92700","E92693"]},"SN4710":{"id":4710,"ref":"SN4710","type":"season","title":"Voorjaar 2022","position":14},"SN5124":{"id":5124,"ref":"SN5124","type":"season","title":"Najaar 2022","position":15},"E89502":{"id":89502,"ref":"E89502","type":"episode","position":1,"title":"Afl 6436 Ma 30 Aug","description":"De familie Verduyn is opgetogen vanwege de komst van baby Tom, maar is Demi eigenlijk wel klaar voor het moederschap? Richard is in alle staten wanneer hij opeens voor Ludo blijkt te werken. Lukt het hem om contact te krijgen met Billy?","still":"https:\/\/img-opt.cdn.smartvod.com\/smartvod\/images\/videoland\/data\/images\/i\/5\/611fa3ec62dae_[format].jpg","runtime":1276,"editions":{"hd":{"price":0}},"is_downloadable":true},"E89505":{"id":89505,"ref":"E89505","type":"episode","position":2,"title":"Afl 6437 Di 31 Aug","description":"Marwan worstelt met zijn schuldgevoelens. Ludo, Janine en Richard doen een schokkende ontdekking en kunnen niet anders dan een samenwerking aan gaan.","still":"https:\/\/img-opt.cdn.smartvod.com\/smartvod\/images\/videoland\/data\/images\/f\/x\/611fa2beb24ba_[format].jpg","runtime":1309,"editions":{"hd":{"price":0}},"is_downloadable":true},"E89510":{"id":89510,"ref":"E89510","type":"episode","position":3,"title":"Afl 6438 Wo 1 Sep","description":"Roman blijkt populair te zijn bij de pati\u00ebnten, maar daar is Anton niet blij mee. Demi laat Tom vol trots aan haar vriendinnen zien. Rik is op zijn hoede als hij ziet hoe gelukkig Shanti wordt bij het zien van de baby.","still":"https:\/\/img-opt.cdn.smartvod.com\/smartvod\/images\/videoland\/data\/images\/d\/f\/611fa3de2a5e0_[format].jpg","runtime":1309,"editions":{"hd":{"price":0}},"is_downloadable":true},"E89500":{"id":89500,"ref":"E89500","type":"episode","position":4,"title":"Afl 6439 Do 2 Sep","description":"Marwan raakt gefrustreerd als de politie niet verder komt in het onderzoek. Ludo en Richard zoeken een oplossing om een gezamenlijk geheim te verbergen. Zullen ze het eens worden met elkaar?","still":"https:\/\/img-opt.cdn.smartvod.com\/smartvod\/images\/videoland\/data\/images\/e\/j\/611fa3da67a82_[format].jpg","runtime":1315,"editions":{"hd":{"price":0}},"is_downloadable":true},"E89506":{"id":89506,"ref":"E89506","type":"episode","position":5,"title":"Afl 6440 Ma 6 Sep","description":"Ludo en Janine voelen zich in het nauw gedreven wanneer Dorien de politie wil inschakelen. Shanti komt in contact met een oude jeugdliefde. Demi kan zich moeilijk concentreren op haar school.","still":"https:\/\/img-opt.cdn.smartvod.com\/smartvod\/images\/videoland\/data\/images\/6\/j\/6128ed955b7f6_[format].jpg","runtime":1268,"editions":{"hd":{"price":0}},"is_downloadable":true},"E89507":{"id":89507,"ref":"E89507","type":"episode","position":6,"title":"Afl 6441 Di 7 Sep","description":"Marwan krijgt een tip over de mogelijke dader en wil er achteraan. Demi twijfelt of ze haar school wel moet afmaken. JoJo houdt zich groot in het ziekenhuis.","still":"https:\/\/img-opt.cdn.smartvod.com\/smartvod\/images\/videoland\/data\/images\/u\/d\/6128edaaa777a_[format].jpg","runtime":1281,"editions":{"hd":{"price":0}},"is_downloadable":true},"E89512":{"id":89512,"ref":"E89512","type":"episode","position":7,"title":"Afl 6442 Wo 8 Sep","description":"Shanti raakt zenuwachtig voor haar afspraak met Dries. Linda hoopt op een intieme middag met Anton. JoJo probeert haar angst onder controle te krijgen. Saskia maakt zich zorgen over hun financi\u00ebn.","still":"https:\/\/img-opt.cdn.smartvod.com\/smartvod\/images\/videoland\/data\/images\/3\/j\/6128eec2ecd63_[format].jpg","runtime":1297,"editions":{"hd":{"price":0}},"is_downloadable":true},"E89511":{"id":89511,"ref":"E89511","type":"episode","position":8,"title":"Afl 6443 Do 9 Sep","description":"Richard heeft liefdesverdriet om Billy en zoekt troost bij Larissa. Anton is het niet eens over de manier waarop Roman contact met zijn pati\u00ebnten onderhoudt. Janine voelt zich schuldig en doet Ludo een voorstel. Gaat hij hiermee akkoord?","still":"https:\/\/img-opt.cdn.smartvod.com\/smartvod\/images\/videoland\/data\/images\/6\/9\/6128eed847369_[format].jpg","runtime":1283,"editions":{"hd":{"price":0}},"is_downloadable":true},"E89509":{"id":89509,"ref":"E89509","type":"episode","position":9,"title":"Afl 6444 Ma 13 Sep","description":"Daan doet een belangrijke ontdekking in het onderzoek naar Leon. Steef heeft een belangrijk game-toernooi, maar moet eigenlijk op Tom passen. Bing neemt JoJo mee naar de buurtsuper. Lukt het om haar angstgevoelens kwijt te raken?","still":"https:\/\/img-opt.cdn.smartvod.com\/smartvod\/images\/videoland\/data\/images\/o\/t\/612f81ab36c27_[format].jpg","runtime":1261,"editions":{"hd":{"price":0}},"is_downloadable":true},"E89504":{"id":89504,"ref":"E89504","type":"episode","position":10,"title":"Afl 6445 Di 14 Sep","description":"Richard probeert zichzelf niet verdacht te maken bij Daan, maar wat vindt Ludo van zijn gekozen tactiek? Shanti wordt aan het twijfelen gebracht over Billy's eerlijkheid. Marwan krijgt verontrustende berichtjes van Nanda en wil weten wie zijn broer neergestoken heeft.","still":"https:\/\/img-opt.cdn.smartvod.com\/smartvod\/images\/videoland\/data\/images\/8\/h\/6140ccb4658d3_[format].jpg","runtime":1309,"editions":{"hd":{"price":0}},"is_downloadable":true},"E89508":{"id":89508,"ref":"E89508","type":"episode","position":11,"title":"Afl 6446 Wo 15 Sep","description":"Linda wordt achterdochtig wanneer Anton opeens gezond gaat leven. Saskia krijgt onverwachte aandacht van haar collega. JoJo krijgt een grote klus aangeboden door DJ Douglas, maar twijfelt of ze die wel aan kan nemen.","still":"https:\/\/img-opt.cdn.smartvod.com\/smartvod\/images\/videoland\/data\/images\/e\/r\/6142434c7946a_[format].jpg","runtime":1311,"editions":{"hd":{"price":0}},"is_downloadable":true},"E89513":{"id":89513,"ref":"E89513","type":"episode","position":12,"title":"Afl 6447 Do 16 Sep","description":"Janine doet er alles aan om haar schuldgevoel over het lijk van Leon kwijt te raken. Shanti krijgt eindelijk een langverwachte reactie. Richard daagt Ludo uit om samen te werken. Durft Marwan zijn vader te vertellen over de werkelijke reden van de steekpartij?","still":"https:\/\/img-opt.cdn.smartvod.com\/smartvod\/images\/videoland\/data\/images\/m\/x\/614399a27946b_[format].jpg","runtime":1314,"editions":{"hd":{"price":0}},"is_downloadable":true},"E89503":{"id":89503,"ref":"E89503","type":"episode","position":13,"title":"Afl 6448 Ma 20 Sep","description":"Ludo en Janine schrikken wanneer ze in de krant lezen dat de auto van Leon is gevonden. Saskia is bang dat haar relatie met Julian te veel in een sleur terecht is gekomen. Terwijl Alex het steekwapen van Ilyas heeft gevonden, denkt Daan meer te weten over Leons einde.","still":"https:\/\/img-opt.cdn.smartvod.com\/smartvod\/images\/videoland\/data\/images\/j\/r\/6140a1574e42d_[format].jpg","runtime":1320,"editions":{"hd":{"price":0}},"is_downloadable":true},"E89501":{"id":89501,"ref":"E89501","type":"episode","position":14,"title":"Afl 6449 Di 21 Sep","description":"Shanti probeert te achterhalen wie haar vader was. JoJo heeft steeds meer moeite met de situatie van Ilyas. Janine wil graag weten wat er in het zwarte boekje staat. Zal Ludo het haar kunnen vertellen?","still":"https:\/\/img-opt.cdn.smartvod.com\/smartvod\/images\/videoland\/data\/images\/j\/3\/61533e74754f4_[format].jpg","runtime":1282,"editions":{"hd":{"price":0}},"is_downloadable":true},"E89499":{"id":89499,"ref":"E89499","type":"episode","position":15,"title":"Afl 6450 Wo 22 Sep","description":"JoJo is verbijsterd als Ilyas haar lijkt te herkennen. Julian wordt door Bing aan het denken gezet over zijn relatie met Saskia. Als Shanti de zoektocht wil opgeven, gaat Rik stiekem op onderzoek uit. Zal hij informatie over haar vader weten te vinden?","still":"https:\/\/img-opt.cdn.smartvod.com\/smartvod\/images\/videoland\/data\/images\/t\/4\/615325822a569_[format].jpg","runtime":1270,"editions":{"hd":{"price":0}},"is_downloadable":true},"E89498":{"id":89498,"ref":"E89498","type":"episode","position":16,"title":"Afl 6451 Do 23 Sep","description":"Daan vindt een aanwijzing in het kanaal waar ook de auto van Leon lag. Zal hij achter de waarheid komen? Henk probeert indruk te maken op Laura en sluit zich aan bij een klaverjasclubje. Marwan bekent dat de daders het eigenlijk op hem gemunt hadden. Hoe zal JoJo hierop reageren?","still":"https:\/\/img-opt.cdn.smartvod.com\/smartvod\/images\/videoland\/data\/images\/6\/0\/61537057c78ea_[format].jpg","runtime":1310,"editions":{"hd":{"price":0}},"is_downloadable":true},"E90297":{"id":90297,"ref":"E90297","type":"episode","position":17,"title":"Afl 6452 Ma 27 Sep","description":"Volg de perikelen rondom verschillende families in het plaatsje Meerdijk.","still":"https:\/\/img-opt.cdn.smartvod.com\/smartvod\/images\/videoland\/data\/images\/h\/g\/6153795e5aa17_[format].jpg","runtime":1272,"editions":{"hd":{"price":0}},"is_downloadable":true},"E90293":{"id":90293,"ref":"E90293","type":"episode","position":18,"title":"Afl 6453 Di 28 Sep","description":"Volg de perikelen rondom verschillende families in het plaatsje Meerdijk.","still":"https:\/\/img-opt.cdn.smartvod.com\/smartvod\/images\/videoland\/data\/images\/e\/f\/6149048996633_[format].jpg","runtime":1256,"editions":{"hd":{"price":0}},"is_downloadable":true},"E90290":{"id":90290,"ref":"E90290","type":"episode","position":19,"title":"Afl 6454 Wo 29 Sep","description":"Julian krijgt een mooi voorstel van Sami, maar daar is Marwan niet direct enthousiast over. Anton krijgt last van vervelende bijwerkingen. Wordt het tijd voor JoJo om Ilyas los te laten?","still":"https:\/\/img-opt.cdn.smartvod.com\/smartvod\/images\/videoland\/data\/images\/1\/d\/614a55fdbc99c_[format].jpg","runtime":1299,"editions":{"hd":{"price":0}},"is_downloadable":true},"E90292":{"id":90292,"ref":"E90292","type":"episode","position":20,"title":"Afl 6455 Do 30 Sep","description":"Volg de perikelen rondom verschillende families in het plaatsje Meerdijk.","still":"https:\/\/img-opt.cdn.smartvod.com\/smartvod\/images\/videoland\/data\/images\/m\/4\/614ba77f9e46d_[format].jpg","runtime":1258,"editions":{"hd":{"price":0}},"is_downloadable":true},"E90295":{"id":90295,"ref":"E90295","type":"episode","position":21,"title":"Afl 6456 Ma 4 Okt","description":"Volg de perikelen rondom verschillende families in het plaatsje Meerdijk.","still":"https:\/\/img-opt.cdn.smartvod.com\/smartvod\/images\/videoland\/data\/images\/r\/q\/6151e31c0b6ad_[format].jpg","runtime":1313,"editions":{"hd":{"price":0}},"is_downloadable":true},"E90291":{"id":90291,"ref":"E90291","type":"episode","position":22,"title":"Afl 6457 Di 5 Okt","description":"Volg de perikelen rondom verschillende families in het plaatsje Meerdijk.","still":"https:\/\/img-opt.cdn.smartvod.com\/smartvod\/images\/videoland\/data\/images\/f\/4\/6151d87f97949_[format].jpg","runtime":1315,"editions":{"hd":{"price":0}},"is_downloadable":true},"E90294":{"id":90294,"ref":"E90294","type":"episode","position":23,"title":"Afl 6458 Wo 6 Okt","description":"Volg de perikelen rondom verschillende families in het plaatsje Meerdijk.","still":"https:\/\/img-opt.cdn.smartvod.com\/smartvod\/images\/videoland\/data\/images\/n\/e\/6152bd16d599d_[format].jpg","runtime":1302,"editions":{"hd":{"price":0}},"is_downloadable":true},"E90296":{"id":90296,"ref":"E90296","type":"episode","position":24,"title":"Afl 6459 Do 7 Okt","description":"Volg de perikelen rondom verschillende families in het plaatsje Meerdijk.","still":"https:\/\/img-opt.cdn.smartvod.com\/smartvod\/images\/videoland\/data\/images\/x\/n\/615340ad8c995_[format].jpg","runtime":1299,"editions":{"hd":{"price":0}},"is_downloadable":true},"E90674":{"id":90674,"ref":"E90674","type":"episode","position":25,"title":"Afl 6460 Ma 11 Okt","description":"Saskia probeert Roman op afstand te houden. Daan probeert Groen te overtuigen om het onderzoek voort te zetten. Richard wil weten waar Ludo mee bezig is.","still":"https:\/\/img-opt.cdn.smartvod.com\/smartvod\/images\/videoland\/data\/images\/v\/q\/6151b41ebf0bf_[format].jpg","runtime":1315,"editions":{"hd":{"price":0}},"is_downloadable":true},"E90670":{"id":90670,"ref":"E90670","type":"episode","position":26,"title":"Afl 6461 Di 12 Okt","description":"Rik vindt dat Shanti een DNA-test met haar vader moet doen. Linda is stomverbaasd als Anton iedere vorm van intimiteit afwijst. Marwan voelt zich ontzettend eenzaam. Lukt het hem om hiermee om te gaan?","still":"https:\/\/img-opt.cdn.smartvod.com\/smartvod\/images\/videoland\/data\/images\/z\/z\/615b2cd76a18c_[format].jpg","runtime":1317,"editions":{"hd":{"price":0}},"is_downloadable":true},"E90671":{"id":90671,"ref":"E90671","type":"episode","position":27,"title":"Afl 6462 Wo 13 Okt","description":"Janine vertelt Richard de harde waarheid. Merel uit haar zorgen over Marwan, maar vertelt niet alles wat er is gebeurd. Anton heeft een romantische verrassing voor Linda bedacht.","still":"https:\/\/img-opt.cdn.smartvod.com\/smartvod\/images\/videoland\/data\/images\/h\/w\/615c21aa2c00b_[format].jpg","runtime":1318,"editions":{"hd":{"price":0}},"is_downloadable":true},"E90672":{"id":90672,"ref":"E90672","type":"episode","position":28,"title":"Afl 6463 Do 14 Okt","description":"Daan schrikt als Ludo hem confronteert. Zal hij zich laten chanteren? Bing heeft er moeite mee dat Lydia nu bij hem in huis voor de kinderen zorgt. Henk wil een Bingo organiseren in De Koning.","still":"https:\/\/img-opt.cdn.smartvod.com\/smartvod\/images\/videoland\/data\/images\/7\/g\/615c828116ae6_[format].jpg","runtime":1321,"editions":{"hd":{"price":0}},"is_downloadable":true},"E90673":{"id":90673,"ref":"E90673","type":"episode","position":29,"title":"Afl 6464 Ma 18 Okt","description":"Volg de perikelen rondom verschillende families in het plaatsje Meerdijk.","still":"https:\/\/img-opt.cdn.smartvod.com\/smartvod\/images\/videoland\/data\/images\/2\/z\/615c8242eb5d1_[format].jpg","runtime":1317,"editions":{"hd":{"price":0}},"is_downloadable":true},"E90675":{"id":90675,"ref":"E90675","type":"episode","position":30,"title":"Afl 6465 Di 19 Okt","description":"Daan krijgt handige informatie van Dorien, maar Ludo is niet zeker of Daans plan wel gaat werken. Shanti adviseert Saskia om afstand te houden van Roman.","still":"https:\/\/img-opt.cdn.smartvod.com\/smartvod\/images\/videoland\/data\/images\/r\/q\/615c81c4ed5bd_[format].jpg","runtime":1261,"editions":{"hd":{"price":0}},"is_downloadable":true},"E90676":{"id":90676,"ref":"E90676","type":"episode","position":31,"title":"Afl 6466 Wo 20 Okt","description":"Henk organiseert een Bingo avond in De Koning. Demi heeft niet door dat Marwan haar zus leuk vindt. Ludo zet Daan onder druk. Zal Daan Shanti inzetten om Billy te vinden?","still":"https:\/\/img-opt.cdn.smartvod.com\/smartvod\/images\/videoland\/data\/images\/o\/y\/615c985a7cad2_[format].jpg","runtime":1294,"editions":{"hd":{"price":0}},"is_downloadable":true},"E90668":{"id":90668,"ref":"E90668","type":"episode","position":32,"title":"Afl 6467 Do 21 Okt","description":"Daan probeert Ludo's chantage in zijn eigen voordeel te keren en stelt harde eisen. Bing heeft een nieuwe selectietraining voor Manu geregeld. Shanti twijfelt of ze het wel slim is om contact met Billy te zoeken.","still":"https:\/\/img-opt.cdn.smartvod.com\/smartvod\/images\/videoland\/data\/images\/f\/7\/615c871ca0ec8_[format].jpg","runtime":1268,"editions":{"hd":{"price":0}},"is_downloadable":true},"E90677":{"id":90677,"ref":"E90677","type":"episode","position":33,"title":"Afl 6468 Ma 25 Okt","description":"Daan baalt als Billy niet getraceerd is. Steef heeft moeite met de zuinigheid van zijn ouders en koopt voor Julian een nieuwe jas. Saskia heeft moeite om afstand te nemen van Roman.","still":"https:\/\/img-opt.cdn.smartvod.com\/smartvod\/images\/videoland\/data\/images\/n\/o\/616416569f8a2_[format].jpg","runtime":1241,"editions":{"hd":{"price":0}},"is_downloadable":true},"E90669":{"id":90669,"ref":"E90669","type":"episode","position":34,"title":"Afl 6469 Di 26 Okt","description":"Rik wil een einde maken aan de chantage van Ludo. Julian en Saskia hebben een hoog oplopend conflict. Steef brengt Demi op een idee. Shanti krijgt van Pieter een boek cadeau. Durft ze te bekennen dat ze niet goed is in lezen?","still":"https:\/\/img-opt.cdn.smartvod.com\/smartvod\/images\/videoland\/data\/images\/q\/s\/61641b0e2d569_[format].jpg","runtime":1298,"editions":{"hd":{"price":0}},"is_downloadable":true},"E90667":{"id":90667,"ref":"E90667","type":"episode","position":35,"title":"Afl 6470 Wo 27 Okt","description":"Merel voelt zich ongemakkelijk als ze ziet dat Demi nog gevoelens heeft voor Marwan. Janine moet voor controle naar de mammapoli. Ludo wordt door Richard aan het denken gezet.","still":"https:\/\/img-opt.cdn.smartvod.com\/smartvod\/images\/videoland\/data\/images\/e\/d\/61641666f0f44_[format].jpg","runtime":1218,"editions":{"hd":{"price":0}},"is_downloadable":true},"E90666":{"id":90666,"ref":"E90666","type":"episode","position":36,"title":"Afl 6471 Do 28 Okt","description":"Janine is vastbesloten dat Ludo zijn chantage moet stoppen. Zal Ludo daarin meegaan? Daan ziet geen andere optie dan te stoppen bij de politie. Shanti blijkt meer met haar vader gemeen te hebben dan ze van tevoren dacht.","still":"https:\/\/img-opt.cdn.smartvod.com\/smartvod\/images\/videoland\/data\/images\/n\/q\/61641b0087ee2_[format].jpg","runtime":1317,"editions":{"hd":{"price":0}},"is_downloadable":true},"E91113":{"id":91113,"ref":"E91113","type":"episode","position":37,"title":"Afl 6472 Ma 1 Nov","description":"Daan wil naar Dubai vertrekken, maar krijgt dan nieuws over Billy. Julian en Saskia worden verrast voor hun 19-jarig huwelijk met een romantisch dagje samen. Merel vindt dat Demi eerlijk tegen Marwan moet zijn.","still":"https:\/\/img-opt.cdn.smartvod.com\/smartvod\/images\/videoland\/data\/images\/u\/0\/616d4d7f8cc1b_[format].jpg","runtime":1252,"editions":{"hd":{"price":0}},"is_downloadable":true},"E91112":{"id":91112,"ref":"E91112","type":"episode","position":38,"title":"Afl 6473 Di 2 Nov","description":"Shanti is nerveus voor een etentje met Pieter en Noortje, maar krijgt wijze raad van Laura. Daan overtuigt Rik dat hij geen andere keus heeft dan voor Ludo te werken.","still":"https:\/\/img-opt.cdn.smartvod.com\/smartvod\/images\/videoland\/data\/images\/b\/2\/616d525e90b85_[format].jpg","runtime":1250,"editions":{"hd":{"price":0}},"is_downloadable":true},"E91103":{"id":91103,"ref":"E91103","type":"episode","position":39,"title":"Afl 6474 Wo 3 Nov","description":"Saskia geniet van het appcontact met Roman. Anton schept op over zijn seksleven met Linda en Henk ziet de spanning tussen Merel en Marwan. Biecht Merel haar verliefdheid op?","still":"https:\/\/img-opt.cdn.smartvod.com\/smartvod\/images\/videoland\/data\/images\/e\/r\/616d52e7c9dcd_[format].jpg","runtime":1240,"editions":{"hd":{"price":0}},"is_downloadable":true},"E91110":{"id":91110,"ref":"E91110","type":"episode","position":40,"title":"Afl 6475 Do 4 Nov","description":"Ludo probeert Daan in te palmen door hem een auto van de zaak te geven. Rik is bezorgd om Daan en neemt Janine in vertrouwen. Linda en Anton hebben ruzie, maar denken dat niemand dat doorheeft.","still":"https:\/\/img-opt.cdn.smartvod.com\/smartvod\/images\/videoland\/data\/images\/z\/7\/616d4d3224321_[format].jpg","runtime":1327,"editions":{"hd":{"price":0}},"is_downloadable":true},"E91102":{"id":91102,"ref":"E91102","type":"episode","position":41,"title":"Afl 6476 Ma 8 Nov","description":"Daan vraagt Rik om hem te steunen. Billy wil graag haar kant van het verhaal vertellen, maar Shanti heeft daar geen behoefte aan. Bing wil naar Nina toe. Kan hij zijn kinderen hier achterlaten?","still":"https:\/\/img-opt.cdn.smartvod.com\/smartvod\/images\/videoland\/data\/images\/c\/m\/617695322c762_[format].jpg","runtime":1264,"editions":{"hd":{"price":0}},"is_downloadable":true},"E91117":{"id":91117,"ref":"E91117","type":"episode","position":42,"title":"Afl 6477 Di 9 Nov","description":"Daan doet zijn best om Ludo zijn loyaliteit bewijzen. Demi regelt een date voor Merel. Saskia twijfelt als ze hoort dat Roman ook naar het diabetescongres gaat. Is het verstandig om nu mee te gaan?","still":"https:\/\/img-opt.cdn.smartvod.com\/smartvod\/images\/videoland\/data\/images\/2\/2\/617694d61eb1d_[format].jpg","runtime":1243,"editions":{"hd":{"price":0}},"is_downloadable":true},"E91105":{"id":91105,"ref":"E91105","type":"episode","position":43,"title":"Afl 6478 Wo 10 Nov","description":"Steef krijgt ruzie met Julian als hij besluit om te stoppen met school. Shanti wordt aan het twijfelen gebracht als Pieter het verhaal van Billy bevestigt.","still":"https:\/\/img-opt.cdn.smartvod.com\/smartvod\/images\/videoland\/data\/images\/g\/n\/61768f610ce05_[format].jpg","runtime":1257,"editions":{"hd":{"price":0}},"is_downloadable":true},"E91115":{"id":91115,"ref":"E91115","type":"episode","position":44,"title":"Afl 6479 Do 11 Nov","description":"Richard is ge\u00efrriteerd als hij op Nola moet passen. Demi is bang dat ze het verkeerd heeft aangepakt met Marwan en krijgt advies van Merel. Billy lijkt tot Shanti door te dringen.","still":"https:\/\/img-opt.cdn.smartvod.com\/smartvod\/images\/videoland\/data\/images\/e\/i\/61768f17dbf7e_[format].jpg","runtime":1263,"editions":{"hd":{"price":0}},"is_downloadable":true},"E91107":{"id":91107,"ref":"E91107","type":"episode","position":45,"title":"Afl 6480 Ma 15 Nov","description":"Zal Billy toe durven geven aan haar gevoelens voor Richard? Julian wil niet dat Steef het contract tekent voor het gameteam. Saskia gaat met Roman naar een meerdaags congres. Kan ze zijn charmes weerstaan?","still":"https:\/\/img-opt.cdn.smartvod.com\/smartvod\/images\/videoland\/data\/images\/8\/x\/617ffa5b1e40a_[format].jpg","runtime":1267,"editions":{"hd":{"price":0}},"is_downloadable":true},"E91114":{"id":91114,"ref":"E91114","type":"episode","position":46,"title":"Afl 6481 Di 16 Nov","description":"Henk geeft Merel liefdesadvies. Steef werkt een plan uit om zijn ouders te overtuigen. Janine vindt het lastig dat Lydia weer komt werken en Daan gaat opzoek naar belastende informatie over Ludo en Richard.","still":"https:\/\/img-opt.cdn.smartvod.com\/smartvod\/images\/videoland\/data\/images\/q\/6\/617ffaa3e5653_[format].jpg","runtime":1317,"editions":{"hd":{"price":0}},"is_downloadable":true},"E91108":{"id":91108,"ref":"E91108","type":"episode","position":47,"title":"Afl 6482 Wo 17 Nov","description":"Weet Daan Lydia te overtuigen? Merel is aan het daten. Anton ziet op tegen de afspraak met de seksuoloog. Durft Saskia Shanti in vertrouwen te nemen over haar gevoelens voor Roman?","still":"https:\/\/img-opt.cdn.smartvod.com\/smartvod\/images\/videoland\/data\/images\/k\/e\/617fffdc030d0_[format].jpg","runtime":1318,"editions":{"hd":{"price":0}},"is_downloadable":true},"E91104":{"id":91104,"ref":"E91104","type":"episode","position":48,"title":"Afl 6483 Do 18 Nov","description":"Merel probeert Demi te overtuigen om Marwan uit haar hoofd te zetten. Daan schrikt als Janine opeens vragen gaat stellen aan Lydia. Anton en Linda bespreken het advies van de seksuoloog. Shanti wordt door Pieter uitgenodigd voor een drankje.","still":"https:\/\/img-opt.cdn.smartvod.com\/smartvod\/images\/videoland\/data\/images\/t\/y\/617ffa8050652_[format].jpg","runtime":1312,"editions":{"hd":{"price":0}},"is_downloadable":true},"E91109":{"id":91109,"ref":"E91109","type":"episode","position":49,"title":"Afl 6484 Ma 22 Nov","description":"Daan luistert gespannen mee met Billy en Richard. Steef raakt ge\u00efrriteerd, omdat hij nergens rustig kan gamen. Shanti wil haar band met Billy niet herstellen en wordt door Pieter meegenomen naar haar oma.","still":"https:\/\/img-opt.cdn.smartvod.com\/smartvod\/images\/videoland\/data\/images\/p\/q\/61892869e9abc_[format].jpg","runtime":1320,"editions":{"hd":{"price":0}},"is_downloadable":true},"E91106":{"id":91106,"ref":"E91106","type":"episode","position":50,"title":"Afl 6485 Di 23 Nov","description":"Gaat Saskia in op Romans avances? Pieter probeert Shanti op andere gedachten te brengen. Merel kan haar gevoelens voor Marwan nauwelijks onderdrukken.","still":"https:\/\/img-opt.cdn.smartvod.com\/smartvod\/images\/videoland\/data\/images\/7\/9\/618927fa7b3a8_[format].jpg","runtime":1303,"editions":{"hd":{"price":0}},"is_downloadable":true},"E91116":{"id":91116,"ref":"E91116","type":"episode","position":51,"title":"Afl 6486 Wo 24 Nov","description":"Henk helpt Demi wanneer Julian en Saskia nog niets van haar liefdesverdriet weten. Anton en Linda krijgen wilde fantasie\u00ebn. Ludo is verbijsterd als Lydia plotseling ontslag neemt.","still":"https:\/\/img-opt.cdn.smartvod.com\/smartvod\/images\/videoland\/data\/images\/u\/b\/6189233ee4555_[format].jpg","runtime":1319,"editions":{"hd":{"price":0}},"is_downloadable":true},"E91111":{"id":91111,"ref":"E91111","type":"episode","position":52,"title":"Afl 6487 Do 25 Nov","description":"Zal Lydia eerlijk zijn tegen Ludo en Janine? Steefs bespreking met het game-team lijkt meer op een avondje doorzakken. Billy probeert te achterhalen wat Francisca heeft gezegd. Wat houdt zij achter?","still":"https:\/\/img-opt.cdn.smartvod.com\/smartvod\/images\/videoland\/data\/images\/w\/r\/6189281f7c629_[format].jpg","runtime":1313,"editions":{"hd":{"price":0}},"is_downloadable":true},"E92037":{"id":92037,"ref":"E92037","type":"episode","position":53,"title":"Afl 6488 Ma 29 Nov","description":"Shanti hoopt dat Rik zijn gedachten over Billy wil bijstellen. Daan wordt door Ludo onder druk gezet. Steef boekt succes met zijn gamewedstrijden. En lukt het Saskia om haar gevoelens verborgen te houden?","still":"https:\/\/img-opt.cdn.smartvod.com\/smartvod\/images\/videoland\/data\/images\/k\/f\/6192507ec5fcf_[format].jpg","runtime":1251,"editions":{"hd":{"price":0}},"is_downloadable":true},"E92044":{"id":92044,"ref":"E92044","type":"episode","position":54,"title":"Afl 6489 Di 30 Nov","description":"Saskia baalt als Roman en Julian vriendschappelijk met elkaar om gaan. Merel vindt het lastig om Marwan te zien. Lukt het Linda en Anton om hun fantasie los te laten?","still":"https:\/\/img-opt.cdn.smartvod.com\/smartvod\/images\/videoland\/data\/images\/5\/v\/61924cb06e1ac_[format].jpg","runtime":1289,"editions":{"hd":{"price":0}},"is_downloadable":true},"E92036":{"id":92036,"ref":"E92036","type":"episode","position":55,"title":"Afl 6490 Wo 1 Dec","description":"Is Henk blij met een onverwachte gast in Meerdijk? Tom moet naar het ziekenhuis. Richard doet er alles aan om Billy te vergeten. Billy en Pieter nemen Shanti mee naar de plek waar ze elkaar voor het eerst hebben ontmoet.","still":"https:\/\/img-opt.cdn.smartvod.com\/smartvod\/images\/videoland\/data\/images\/h\/9\/61924ca72a448_[format].jpg","runtime":1315,"editions":{"hd":{"price":0}},"is_downloadable":true},"E92031":{"id":92031,"ref":"E92031","type":"episode","position":56,"title":"Afl 6491 Do 2 Dec","description":"Sinterklaas brengt een bezoek aan De Koning. Daan krijgt een belangrijke aanwijzing en gaat erop af. Anton en Linda hebben een verrassende mededeling voor hun collega's.","still":"https:\/\/img-opt.cdn.smartvod.com\/smartvod\/images\/videoland\/data\/images\/e\/h\/61924c93df45e_[format].jpg","runtime":1271,"editions":{"hd":{"price":0}},"is_downloadable":true},"E92038":{"id":92038,"ref":"E92038","type":"episode","position":57,"title":"Afl 6492 Ma 6 Dec","description":"Zal Ludo de waarheid tegen Daan zeggen? Richard raakt gefrustreerd en denkt dat er nog meer verborgen camera's zijn. Merel zoekt stiekem Marwan op in de buurtsuper. Staan Linda en Anton nog achter hun plannen?","still":"https:\/\/img-opt.cdn.smartvod.com\/smartvod\/images\/videoland\/data\/images\/8\/h\/61a121cf3a396_[format].jpg","runtime":1289,"editions":{"hd":{"price":0}},"is_downloadable":true},"E92041":{"id":92041,"ref":"E92041","type":"episode","position":58,"title":"Afl 6493 Di 7 Dec","description":"Billy maakt zich zorgen over Pieters gezondheid. Rik heeft zijn vraagtekens over het voogdijverzoek en hoort Daan uit. Janine probeert Richard aan een huis te helpen, tot groot ongenoegen van Ludo.","still":"https:\/\/img-opt.cdn.smartvod.com\/smartvod\/images\/videoland\/data\/images\/o\/c\/61a122fe7dd43_[format].jpg","runtime":1267,"editions":{"hd":{"price":0}},"is_downloadable":true},"E92035":{"id":92035,"ref":"E92035","type":"episode","position":59,"title":"Afl 6494 Wo 8 Dec","description":"Billy eist dat Pieter de waarheid aan Shanti vertelt. Steef is gespannen voor zijn date met de bekende influencer Abby. Saskia weigert om fulltime in de praktijk te komen werken.","still":"https:\/\/img-opt.cdn.smartvod.com\/smartvod\/images\/videoland\/data\/images\/k\/4\/61a66a33167eb_[format].jpg","runtime":1269,"editions":{"hd":{"price":0}},"is_downloadable":true},"E92042":{"id":92042,"ref":"E92042","type":"episode","position":60,"title":"Afl 6495 Do 9 Dec","description":"Merel heeft een romantische verrassing voor Marwan. Saskia voelt zich schuldig naar Roman. Janine spreekt Richard aan op zijn woede richting Ludo. Zal het ooit nog goed komen tussen hen?","still":"https:\/\/img-opt.cdn.smartvod.com\/smartvod\/images\/videoland\/data\/images\/e\/2\/61a66dde8eda5_[format].jpg","runtime":1278,"editions":{"hd":{"price":0}},"is_downloadable":true},"E92043":{"id":92043,"ref":"E92043","type":"episode","position":61,"title":"Afl 6496 Ma 13 Dec","description":"Richard neemt Daan mee naar een belangrijke zakenrelatie van Ludo. Roman wil samen met Saskia de praktijk restylen. Heeft Abby wel oog voor Steef?","still":"https:\/\/img-opt.cdn.smartvod.com\/smartvod\/images\/videoland\/data\/images\/r\/5\/61aa35a2a8de2_[format].jpg","runtime":1295,"editions":{"hd":{"price":0}},"is_downloadable":true},"E92040":{"id":92040,"ref":"E92040","type":"episode","position":62,"title":"Afl 6497 Di 14 Dec","description":"Saskia is verbaasd als Roman al een nieuwe assistent op het oog heeft. Richard is een zeer waardevol kunstwerk op het spoor, maar Ludo wil er niets van weten.","still":"https:\/\/img-opt.cdn.smartvod.com\/smartvod\/images\/videoland\/data\/images\/r\/q\/61aa44dfb6437_[format].jpg","runtime":1318,"editions":{"hd":{"price":0}},"is_downloadable":true},"E92039":{"id":92039,"ref":"E92039","type":"episode","position":63,"title":"Afl 6498 Wo 15 Dec","description":"Bing krijgt aangenaam bezoek. Shanti maakt zich zorgen over haar band met Noortje. Julian heeft voor Saskia een romantische verrassing. Kan Saskia dit waarderen?","still":"https:\/\/img-opt.cdn.smartvod.com\/smartvod\/images\/videoland\/data\/images\/3\/0\/61aa4737350b2_[format].jpg","runtime":1280,"editions":{"hd":{"price":0}},"is_downloadable":true},"E92034":{"id":92034,"ref":"E92034","type":"episode","position":64,"title":"Afl 6499 Do 16 dec","description":"Kan Daan Richard op andere gedachten brengen? Merel heeft grote moeite om haar gevoelens voor Marwan geheim te houden. Steef krijgt liefdesadvies van Laura.","still":"https:\/\/img-opt.cdn.smartvod.com\/smartvod\/images\/videoland\/data\/images\/z\/q\/61b05b8a9d3d6_[format].jpg","runtime":1277,"editions":{"hd":{"price":0}},"is_downloadable":true},"E92699":{"id":92699,"ref":"E92699","type":"episode","position":65,"title":"Afl 6500 Ma 20 dec","description":"Rik twijfelt of het slim is om met Mare als investeerder door te gaan. Roman en Saskia geven de praktijk een nieuwe look. Lukt het Daan om Richard een deal te laten sluiten met Antonio Ruzza?","still":"https:\/\/img-opt.cdn.smartvod.com\/smartvod\/images\/videoland\/data\/images\/l\/3\/61b5c1257e3d6_[format].jpg","runtime":1295,"editions":{"hd":{"price":0}},"is_downloadable":true},"E92695":{"id":92695,"ref":"E92695","type":"episode","position":66,"title":"Afl 6501 Di 21 dec","description":"Bing probeert Nola gerust te stellen. Merel en Marwan zoeken een plek waar ze even ongestoord met zijn twee\u00ebn kunnen zijn. Slaagt Daan in zijn poging Richards vertrouwen terug te winnen?","still":"https:\/\/img-opt.cdn.smartvod.com\/smartvod\/images\/videoland\/data\/images\/d\/5\/61b7638bb077f_[format].jpg","runtime":1302,"editions":{"hd":{"price":0}},"is_downloadable":true},"E92698":{"id":92698,"ref":"E92698","type":"episode","position":67,"title":"Afl 6502 Wo 22 Dec","description":"Terwijl Merel en Marwan een romantische dag op het strand hebben, probeert Demi erachter te komen met wie Marwan aan het daten is. Billy doet haar best om aardig te zijn voor Noortje.","still":"https:\/\/img-opt.cdn.smartvod.com\/smartvod\/images\/videoland\/data\/images\/f\/d\/61b8bc0101394_[format].jpg","runtime":1306,"editions":{"hd":{"price":0}},"is_downloadable":true},"E92696":{"id":92696,"ref":"E92696","type":"episode","position":68,"title":"Afl 6503 Do 23 Dec","description":"Billy is het zat dat Pieter zijn geheim voor iedereen verzwijgt. Julian en Saskia genieten online mee van de date tussen Steef en Abby. Henk wil dat Merel eerlijk is tegen Demi over Marwan.","still":"https:\/\/img-opt.cdn.smartvod.com\/smartvod\/images\/videoland\/data\/images\/0\/t\/61ba01fb1127b_[format].jpg","runtime":1303,"editions":{"hd":{"price":0}},"is_downloadable":true},"E92697":{"id":92697,"ref":"E92697","type":"episode","position":69,"title":"Afl 6504 Ma 27 dec","description":"Komt Demi er eindelijk achter met wie Marwan aan het daten is? Daan moet tegen Rik liegen over zijn ontslag bij Ludo. Abby vraagt of Steef meegaat naar het Digital Award Gala. Kan hij onder de gourmetavond met zijn familie uit?","still":"https:\/\/img-opt.cdn.smartvod.com\/smartvod\/images\/videoland\/data\/images\/5\/o\/61b8790d3c068_[format].jpg","runtime":1283,"editions":{"hd":{"price":0}},"is_downloadable":true},"E92694":{"id":92694,"ref":"E92694","type":"episode","position":70,"title":"Afl 6505 Di 28 Dec","description":"Lukt het Ludo om zijn plan met Antonio Ruzza voor Janine verborgen te houden? Demi zoekt op aanraden van Henk afleiding in streetdance. Rik probeert Shanti op een andere manier naar Pieters keuze te laten kijken.","still":"https:\/\/img-opt.cdn.smartvod.com\/smartvod\/images\/videoland\/data\/images\/l\/n\/61c0e46676ae6_[format].jpg","runtime":1281,"editions":{"hd":{"price":0}},"is_downloadable":true},"E92700":{"id":92700,"ref":"E92700","type":"episode","position":71,"title":"Afl 6506 Wo 29 Dec","description":"De spanningen tussen Merel en Marwan lopen hoog op. Demi vindt steun bij Henk. Roman heeft een cadeau voor Saskia. Bing kan Mare maar niet uit zijn hoofd zetten.","still":"https:\/\/img-opt.cdn.smartvod.com\/smartvod\/images\/videoland\/data\/images\/t\/4\/61c20df4a6f91_[format].jpg","runtime":1266,"editions":{"hd":{"price":0}},"is_downloadable":true},"E92693":{"id":92693,"ref":"E92693","type":"episode","position":72,"title":"Afl 6507 Do 30 Dec","description":"Mare wil weten wat Bing precies van haar wil. Zal Bing eerlijk zijn? Steef krijgt van Julian op zijn kop. Roman wordt ondervraagd door twee rechercheurs.","still":"https:\/\/img-opt.cdn.smartvod.com\/smartvod\/images\/videoland\/data\/images\/k\/y\/61c3781694d9a_[format].jpg","runtime":1285,"editions":{"hd":{"price":0}},"is_downloadable":true}}}