{"id":500628,"ref":"S500628","type":"series","title":"In De Ban Van","year":2022,"rating":4,"poster":"https:\/\/img-opt.cdn.smartvod.com\/smartvod\/images\/videoland\/data\/images\/9\/q\/604b881eb2b1a_[format].jpg","still":"https:\/\/img-opt.cdn.smartvod.com\/smartvod\/images\/videoland\/data\/images\/d\/6\/626699bedc215_[format].jpg","cast":{"actors":["Nathalie den Dekker"]},"genres":["Informatief","Lifestyle"],"refs":["SN4136","SN4445","SN4908"],"is_adult":false,"is_kids":false,"is_available":true,"description":"Zakelijk programma waarin we worden ge\u00efnformeerd over allerlei aspecten die betrekking hebben op milieu, wonen, zorg, beauty en vrijetijdsbesteding in binnen en buitenland. Vanuit onze studio in het hart van de Hoge Veluwe presenteert Nathalie Den Dekker dit alles op een spontane manier.","nicam":{"al":"Alle leeftijden"},"language":"nl","language_full":"Nederlands","details":{"SN4136":{"id":4136,"ref":"SN4136","type":"season","title":"5","position":5},"SN4445":{"id":4445,"ref":"SN4445","type":"season","title":"6","position":6},"SN4908":{"id":4908,"ref":"SN4908","type":"season","title":"7","position":7,"refs":["E97389","E97401","E97556","E97810","E98601","E98665"]},"E97389":{"id":97389,"ref":"E97389","type":"episode","position":1,"title":"","description":"Zakelijk programma over allerlei aspecten die betrekking hebben op milieu, wonen, zorg, beauty en vrijetijdsbesteding in binnen en buitenland.","still":"https:\/\/img-opt.cdn.smartvod.com\/smartvod\/images\/videoland\/data\/images\/d\/6\/626699bedc215_[format].jpg","runtime":1380,"editions":{"hd":{"price":0}},"is_downloadable":false},"E97401":{"id":97401,"ref":"E97401","type":"episode","position":2,"title":"","description":"Zakelijk programma over allerlei aspecten die betrekking hebben op milieu, wonen, zorg, beauty en vrijetijdsbesteding in binnen en buitenland.","still":"https:\/\/img-opt.cdn.smartvod.com\/smartvod\/images\/videoland\/data\/images\/i\/y\/62711a860910c_[format].jpg","runtime":1380,"editions":{"hd":{"price":0}},"is_downloadable":false},"E97556":{"id":97556,"ref":"E97556","type":"episode","position":3,"title":"","description":"Zakelijk programma over allerlei aspecten die betrekking hebben op milieu, wonen, zorg, beauty en vrijetijdsbesteding in binnen en buitenland.","still":"https:\/\/img-opt.cdn.smartvod.com\/smartvod\/images\/videoland\/data\/images\/g\/q\/627241f0bbc8f_[format].jpg","runtime":1380,"editions":{"hd":{"price":0}},"is_downloadable":false},"E97810":{"id":97810,"ref":"E97810","type":"episode","position":4,"title":"","description":"Zakelijk programma over allerlei aspecten die betrekking hebben op milieu, wonen, zorg, beauty en vrijetijdsbesteding in binnen en buitenland.","still":"https:\/\/img-opt.cdn.smartvod.com\/smartvod\/images\/videoland\/data\/images\/i\/y\/627cd1958883e_[format].jpg","runtime":1380,"editions":{"hd":{"price":0}},"is_downloadable":false},"E98601":{"id":98601,"ref":"E98601","type":"episode","position":5,"title":"","description":"Zakelijk programma over allerlei aspecten die betrekking hebben op milieu, wonen, zorg, beauty en vrijetijdsbesteding in binnen en buitenland.","still":"https:\/\/img-opt.cdn.smartvod.com\/smartvod\/images\/videoland\/data\/images\/n\/j\/62820d49df1f7_[format].jpg","runtime":1380,"editions":{"hd":{"price":0}},"is_downloadable":false},"E98665":{"id":98665,"ref":"E98665","type":"episode","position":6,"title":"","description":"Zakelijk programma over allerlei aspecten die betrekking hebben op milieu, wonen, zorg, beauty en vrijetijdsbesteding in binnen en buitenland.","still":"https:\/\/img-opt.cdn.smartvod.com\/smartvod\/images\/videoland\/data\/images\/v\/0\/6287b50905a4d_[format].jpg","runtime":1380,"editions":{"hd":{"price":0}},"is_downloadable":false}}}