{"id":727,"ref":"S727","type":"series","title":"H2O: Just Add Water","year":2010,"rating":5,"poster":"https:\/\/img-opt.cdn.smartvod.com\/smartvod\/images\/videoland\/data\/images\/c\/m\/56ab52ee83c2f_[format].jpg","still":"https:\/\/img-opt.cdn.smartvod.com\/smartvod\/images\/videoland\/data\/images\/9\/c\/62d011c2829e3_[format].jpg","cast":{"actors":["Cariba Heine","Phoebe Tonkin","Angus McLaren"]},"genres":["Kids"],"refs":["SN1345","SN1598","SN5068"],"is_adult":false,"is_kids":true,"is_available":true,"description":"NEDERLANDS ONDERTITELD. H2O is een Australische televisieserie over drie vriendinnen die door een magische gebeurtenis veranderen in zeemeerminnen als ze in contact met water komen.","directors":["Jonathan M. Shiff"],"nicam":{"9":"Mogelijk schadelijk tot 9 jaar","angst":"Angst"},"language":"en","language_full":"Engels","details":{"SN1345":{"id":1345,"ref":"SN1345","type":"season","title":"1","position":1},"SN1598":{"id":1598,"ref":"SN1598","type":"season","title":"2","position":2,"refs":["E100687","E100726","E100702","E100701","E100705","E100715","E100704","E100718","E100723","E100711","E100724","E100707","E100725","E100721","E100708","E100706","E100712","E100710","E100720","E100709","E100717","E100719","E100716","E100722","E100713","E100714"]},"SN5068":{"id":5068,"ref":"SN5068","type":"season","title":"3","position":3},"E100687":{"id":100687,"ref":"E100687","type":"episode","position":1,"title":"Stormy Weather","description":"Onder invloed van de volle maan zijn de krachten van de meiden enorm toegenomen en richten een ravage aan op de boot van Lewis.  De volgende dag realiseren ze zich dat ze hem nog steeds nodig hebben.","still":"https:\/\/img-opt.cdn.smartvod.com\/smartvod\/images\/videoland\/data\/images\/4\/x\/62c7efd9cc781_[format].jpg","runtime":1445,"editions":{"hd":{"price":0}},"is_downloadable":true},"E100726":{"id":100726,"ref":"E100726","type":"episode","position":2,"title":"Control","description":"Emma gebruikt haar nieuwe krachten om Elliott een voetbalwedstrijd te laten winnen.","still":"https:\/\/img-opt.cdn.smartvod.com\/smartvod\/images\/videoland\/data\/images\/y\/h\/62c7f92220e03_[format].jpg","runtime":1488,"editions":{"hd":{"price":0}},"is_downloadable":true},"E100702":{"id":100702,"ref":"E100702","type":"episode","position":3,"title":"The One That Got Away","description":"Zane is terug en hij is nog steeds verliefd op Rikki. Hij komt erachter dat ze nog steeds een zeemeermin is en probeert haar voor hem terug te winnen.","still":"https:\/\/img-opt.cdn.smartvod.com\/smartvod\/images\/videoland\/data\/images\/d\/6\/62c7f21cb6e2f_[format].jpg","runtime":1491,"editions":{"hd":{"price":0}},"is_downloadable":true},"E100701":{"id":100701,"ref":"E100701","type":"episode","position":4,"title":"Fire and Ice","description":"Rikki komt bij Emma logeren en brengt wat leven in de brouwerij. Emma probeert met Rikki te concurreren door rebels te zijn en geeft een feest.","still":"https:\/\/img-opt.cdn.smartvod.com\/smartvod\/images\/videoland\/data\/images\/6\/0\/62c7f227a545a_[format].jpg","runtime":1493,"editions":{"hd":{"price":0}},"is_downloadable":true},"E100705":{"id":100705,"ref":"E100705","type":"episode","position":5,"title":"Hocus Pocus","description":"Lewis vindt een oud boek over zeemeerminnen. Cleo probeert om Don en haar moeder bij elkaar te krijgen door haar krachten te gebruiken.","still":"https:\/\/img-opt.cdn.smartvod.com\/smartvod\/images\/videoland\/data\/images\/x\/o\/62c7f224bbd82_[format].jpg","runtime":1485,"editions":{"hd":{"price":0}},"is_downloadable":true},"E100715":{"id":100715,"ref":"E100715","type":"episode","position":6,"title":"Pressure Cooker","description":"Don blijkt een vriendin te hebben. Cleo is geschokt als ze erachter komt dat het de moeder van Charlotte is.","still":"https:\/\/img-opt.cdn.smartvod.com\/smartvod\/images\/videoland\/data\/images\/h\/5\/62c7f0e98ef49_[format].jpg","runtime":1494,"editions":{"hd":{"price":0}},"is_downloadable":true},"E100704":{"id":100704,"ref":"E100704","type":"episode","position":7,"title":"In Hot Water","description":"Een zeemeerminnen voorstelling is helemaal misgegaan en leidt tot een vermissing van een dolfijn uit het Marine Park.","still":"https:\/\/img-opt.cdn.smartvod.com\/smartvod\/images\/videoland\/data\/images\/o\/1\/62c7f22fe2689_[format].jpg","runtime":1444,"editions":{"hd":{"price":0}},"is_downloadable":true},"E100718":{"id":100718,"ref":"E100718","type":"episode","position":8,"title":"Wrong Side of the Tracks","description":"Zane heeft ruzie met een man in een park, maar hij weet dan nog niet dat het Rikki\u2019s vader is. Rikki schaamt zich voor haar achtergrond, maar moet haar vader voorstellen aan Zane.","still":"https:\/\/img-opt.cdn.smartvod.com\/smartvod\/images\/videoland\/data\/images\/v\/o\/62c7f9407329b_[format].jpg","runtime":1449,"editions":{"hd":{"price":0}},"is_downloadable":true},"E100723":{"id":100723,"ref":"E100723","type":"episode","position":9,"title":"Riding for a Fall","description":"Emma ontmoet Ash, een knappe paardrij instructeur. Als een paard ziek wordt, gebruikt Emma haar krachten om het beter te maken.","still":"https:\/\/img-opt.cdn.smartvod.com\/smartvod\/images\/videoland\/data\/images\/o\/q\/62c7f346cb25e_[format].jpg","runtime":1495,"editions":{"hd":{"price":0}},"is_downloadable":true},"E100711":{"id":100711,"ref":"E100711","type":"episode","position":10,"title":"Missed the Boat","description":"Cleo doet het niet goed op school en er wordt haar een tutor toegewezen, - Charlotte. Cleo wil Lewis terug, maar haar houding ten opzichte van Charlotte drijft hem verder van haar weg.","still":"https:\/\/img-opt.cdn.smartvod.com\/smartvod\/images\/videoland\/data\/images\/h\/1\/62c7f24866e24_[format].jpg","runtime":1453,"editions":{"hd":{"price":0}},"is_downloadable":true},"E100724":{"id":100724,"ref":"E100724","type":"episode","position":11,"title":"In Over Our Heads","description":"Zane hoort dat er een schat onder de oceaan verborgen zit en vraagt de meiden op onderzoek uit te gaan. Dan raakt Rikki gewond.","still":"https:\/\/img-opt.cdn.smartvod.com\/smartvod\/images\/videoland\/data\/images\/n\/u\/62c7f344b39ae_[format].jpg","runtime":1445,"editions":{"hd":{"price":0}},"is_downloadable":true},"E100707":{"id":100707,"ref":"E100707","type":"episode","position":12,"title":"Fish Fever","description":"Nadat Emma haar vinger heeft geprikt aan een stuk koraal begint ze zich raar te gedragen. Cleo\u2019s vis Hector vertoont hetzelfde gedrag.","still":"https:\/\/img-opt.cdn.smartvod.com\/smartvod\/images\/videoland\/data\/images\/d\/1\/62c7f22bcf7f3_[format].jpg","runtime":1491,"editions":{"hd":{"price":0}},"is_downloadable":true},"E100725":{"id":100725,"ref":"E100725","type":"episode","position":13,"title":"Moonwalker","description":"Don neemt de familie mee naar een camping op het eiland Mako tijdens volle maan.","still":"https:\/\/img-opt.cdn.smartvod.com\/smartvod\/images\/videoland\/data\/images\/n\/l\/62c7fef9351f1_[format].jpg","runtime":1490,"editions":{"hd":{"price":0}},"is_downloadable":true},"E100721":{"id":100721,"ref":"E100721","type":"episode","position":14,"title":"Get Off My Tail","description":"Als Ash terug komt als supervisor van de Juice bar ontslaat hij Emma, maar dan realiseert hij zich dat hij fout zat en neemt haar weer aan. Hij vraagt haar met hem uit te gaan.","still":"https:\/\/img-opt.cdn.smartvod.com\/smartvod\/images\/videoland\/data\/images\/0\/2\/62c7f92ecfadf_[format].jpg","runtime":1495,"editions":{"hd":{"price":0}},"is_downloadable":true},"E100708":{"id":100708,"ref":"E100708","type":"episode","position":15,"title":"Irresistible","description":"Nate heeft een toverdrank dat hem onweerstaanbaar maakt voor de zeemeerminnen. Alle drie de meiden vallen als een blok voor hem. Lewis en Zane spannen samen om Nate te stoppen.","still":"https:\/\/img-opt.cdn.smartvod.com\/smartvod\/images\/videoland\/data\/images\/p\/f\/62c7f23730c19_[format].jpg","runtime":1495,"editions":{"hd":{"price":0}},"is_downloadable":true},"E100706":{"id":100706,"ref":"E100706","type":"episode","position":16,"title":"Double Trouble","description":"Elliot en Kim krijgen verkering. Cleo en Lewis begeleiden de twee tijdens hun date.","still":"https:\/\/img-opt.cdn.smartvod.com\/smartvod\/images\/videoland\/data\/images\/c\/i\/62c7f24142be0_[format].jpg","runtime":1471,"editions":{"hd":{"price":0}},"is_downloadable":true},"E100712":{"id":100712,"ref":"E100712","type":"episode","position":17,"title":"Moonstruck","description":"Emma moet de meisjes beloven niets te vertellen aan Ash over hun zeemeerminnenbestaan.  Bij volle maan doen Rikki en Cleo er alles aan om Emma onder de aandacht te brengen van Ash.","still":"https:\/\/img-opt.cdn.smartvod.com\/smartvod\/images\/videoland\/data\/images\/7\/c\/62c7f23d39707_[format].jpg","runtime":1459,"editions":{"hd":{"price":0}},"is_downloadable":true},"E100710":{"id":100710,"ref":"E100710","type":"episode","position":18,"title":"The Heat is On","description":"Zane en Ash hebben ruzie. Rikki en Emma kiezen ieder een andere kant. Dit split de groep en aan Cleo de taak om ze weer samen te brengen om hun 1-jarige zeemeerminnenbestaan te vieren.","still":"https:\/\/img-opt.cdn.smartvod.com\/smartvod\/images\/videoland\/data\/images\/1\/3\/62c7f246475dc_[format].jpg","runtime":1492,"editions":{"hd":{"price":0}},"is_downloadable":true},"E100720":{"id":100720,"ref":"E100720","type":"episode","position":19,"title":"The Gracie Code: Part 1","description":"Lewis onderzoek leidt naar Max \u2013 het vriendje van Gracie in de jaren vijftig. Max geeft Lewis het advies te wachten op zijn ware liefde.","still":"https:\/\/img-opt.cdn.smartvod.com\/smartvod\/images\/videoland\/data\/images\/f\/x\/62c7f3498d2a3_[format].jpg","runtime":1494,"editions":{"hd":{"price":0}},"is_downloadable":true},"E100709":{"id":100709,"ref":"E100709","type":"episode","position":20,"title":"The Gracie Code: Part 2","description":"Charlotte komt erachter dat Gracie haar grootmoeder was. Lewis probeert haar tegen te houden, maar dan ziet ze een oude film van Gracie als een zeemeermin.","still":"https:\/\/img-opt.cdn.smartvod.com\/smartvod\/images\/videoland\/data\/images\/v\/r\/62c7f1052d201_[format].jpg","runtime":1462,"editions":{"hd":{"price":0}},"is_downloadable":true},"E100717":{"id":100717,"ref":"E100717","type":"episode","position":21,"title":"And Then There Were Four","description":"Bij een bijzonder sterke volle maan wordt Charlotte geraakt door de magie en krijgt ze een staart.","still":"https:\/\/img-opt.cdn.smartvod.com\/smartvod\/images\/videoland\/data\/images\/w\/j\/62c811db38428_[format].jpg","runtime":1482,"editions":{"hd":{"price":0}},"is_downloadable":true},"E100719":{"id":100719,"ref":"E100719","type":"episode","position":22,"title":"Bubble, Bubble, Toil and Trouble","description":"Nu Charlotte ook een zeemeermin is, wil Lewis haar accepteren in de groep. Emma en Cleo zijn het daarmee eens. Maar hoe gaat dat met Cleo?","still":"https:\/\/img-opt.cdn.smartvod.com\/smartvod\/images\/videoland\/data\/images\/x\/r\/62c811d90222e_[format].jpg","runtime":1484,"editions":{"hd":{"price":0}},"is_downloadable":true},"E100716":{"id":100716,"ref":"E100716","type":"episode","position":23,"title":"Reckles","description":"Charlotte zorgt voor onheil. Lewis en de meiden moet haar beschermen om ontdekking te voorkomen.","still":"https:\/\/img-opt.cdn.smartvod.com\/smartvod\/images\/videoland\/data\/images\/h\/7\/62c7f34d9ed95_[format].jpg","runtime":1450,"editions":{"hd":{"price":0}},"is_downloadable":true},"E100722":{"id":100722,"ref":"E100722","type":"episode","position":24,"title":"Three's Company","description":"Rikki heeft er genoeg van en loopt weg van de groep. Zane probeert haar te genezen van haar zeemeerminnenbestaan en haar normaal te maken.","still":"https:\/\/img-opt.cdn.smartvod.com\/smartvod\/images\/videoland\/data\/images\/c\/r\/62c7f21865a30_[format].jpg","runtime":1495,"editions":{"hd":{"price":0}},"is_downloadable":true},"E100713":{"id":100713,"ref":"E100713","type":"episode","position":25,"title":"Sea Change","description":"Voor Cleo wordt de druk te groot. Charlotte ziet dat Lewis meer om Cleo geeft dan om haar. Lewis maakt het uit met haar en kust met Cleo.","still":"https:\/\/img-opt.cdn.smartvod.com\/smartvod\/images\/videoland\/data\/images\/0\/p\/62c7f34ba1168_[format].jpg","runtime":1495,"editions":{"hd":{"price":0}},"is_downloadable":true},"E100714":{"id":100714,"ref":"E100714","type":"episode","position":26,"title":"Unfathomable","description":"Als zeemeerminnen vechten de meiden tegen de volkomen krankzinnige Charlotte. De meisjes winnen en Charlotte keert terug naar het normale bestaan.","still":"https:\/\/img-opt.cdn.smartvod.com\/smartvod\/images\/videoland\/data\/images\/b\/l\/62c7f342a02cb_[format].jpg","runtime":1447,"editions":{"hd":{"price":0}},"is_downloadable":true}}}