{"id":500419,"ref":"S500419","type":"series","title":"Charmed (1998)","year":1998,"rating":4,"poster":"https:\/\/img-opt.cdn.smartvod.com\/smartvod\/images\/videoland\/data\/images\/8\/3\/5f1aec9e6290a_[format].jpg","still":"https:\/\/img-opt.cdn.smartvod.com\/smartvod\/images\/videoland\/data\/images\/l\/q\/5f48fa095a71e_[format].jpg","cast":{"actors":["Shannen Doherty","Holly Marie Combs","Alyssa Milano","Dorian Gregory","Ted King","Brian Krause"]},"genres":["Drama","Fantasy","Mysterie"],"refs":["SN3596","SN3597","SN3598","SN3622","SN3640","SN3639","SN3638","SN3637"],"is_adult":false,"is_kids":false,"is_available":true,"description":"De zussen Phoebe, Prue en Piper Halliwell wonen samen in het familielandhuis Halliwell Manor. Op een dag ontdekken de zussen dat ze de machtigste, goedaardige heksen ter wereld zijn. Hun taak: de wereld beschermen tegen demonen en andere kwaadwillende wezens.","nicam":{"12":"Mogelijk schadelijk tot 12 jaar","geweld":"Geweld","angst":"Angst"},"language":"en","language_full":"Engels","details":{"SN3596":{"id":3596,"ref":"SN3596","type":"season","title":"1","position":1},"SN3597":{"id":3597,"ref":"SN3597","type":"season","title":"2","position":2},"SN3598":{"id":3598,"ref":"SN3598","type":"season","title":"3","position":3},"SN3622":{"id":3622,"ref":"SN3622","type":"season","title":"4","position":4,"refs":["E77314","E77313","E77304","E77299","E77297","E77300","E77302","E77311","E77315","E77312","E77298","E77294","E77306","E77301","E77303","E77305","E77296","E77308","E77307","E77310","E77309","E77295"]},"SN3640":{"id":3640,"ref":"SN3640","type":"season","title":"5","position":5},"SN3639":{"id":3639,"ref":"SN3639","type":"season","title":"6","position":6},"SN3638":{"id":3638,"ref":"SN3638","type":"season","title":"7","position":7},"SN3637":{"id":3637,"ref":"SN3637","type":"season","title":"8","position":8},"E77314":{"id":77314,"ref":"E77314","type":"episode","position":1,"title":"Charmed Again (1)","description":"De zussen Phoebe, Prue en Piper Halliwell wonen samen in het familielandhuis Halliwell Manor. Op een dag ontdekken de zussen dat ze de machtigste goedaardige heksen ter wereld zijn. Hun taak: de wereld beschermen tegen demonen en andere kwaadwillende wezens.","still":"https:\/\/img-opt.cdn.smartvod.com\/smartvod\/images\/videoland\/data\/images\/i\/x\/5f48f7a505087_[format].jpg","runtime":2541,"editions":{"hd":{"price":0}},"is_downloadable":true},"E77313":{"id":77313,"ref":"E77313","type":"episode","position":2,"title":"Charmed Again (2)","description":"De zussen Phoebe, Prue en Piper Halliwell wonen samen in het familielandhuis Halliwell Manor. Op een dag ontdekken de zussen dat ze de machtigste goedaardige heksen ter wereld zijn. Hun taak: de wereld beschermen tegen demonen en andere kwaadwillende wezens.","still":"https:\/\/img-opt.cdn.smartvod.com\/smartvod\/images\/videoland\/data\/images\/t\/y\/5f48f55b0e504_[format].jpg","runtime":2537,"editions":{"hd":{"price":0}},"is_downloadable":true},"E77304":{"id":77304,"ref":"E77304","type":"episode","position":3,"title":"Hell Hath No Fury","description":"De zussen Phoebe, Prue en Piper Halliwell wonen samen in het familielandhuis Halliwell Manor. Op een dag ontdekken de zussen dat ze de machtigste goedaardige heksen ter wereld zijn. Hun taak: de wereld beschermen tegen demonen en andere kwaadwillende wezens.","still":"https:\/\/img-opt.cdn.smartvod.com\/smartvod\/images\/videoland\/data\/images\/7\/s\/5f48f41a9e667_[format].jpg","runtime":2487,"editions":{"hd":{"price":0}},"is_downloadable":true},"E77299":{"id":77299,"ref":"E77299","type":"episode","position":4,"title":"Enter The Demon","description":"De zussen Phoebe, Prue en Piper Halliwell wonen samen in het familielandhuis Halliwell Manor. Op een dag ontdekken de zussen dat ze de machtigste goedaardige heksen ter wereld zijn. Hun taak: de wereld beschermen tegen demonen en andere kwaadwillende wezens.","still":"https:\/\/img-opt.cdn.smartvod.com\/smartvod\/images\/videoland\/data\/images\/v\/5\/5f48f560e867e_[format].jpg","runtime":2540,"editions":{"hd":{"price":0}},"is_downloadable":true},"E77297":{"id":77297,"ref":"E77297","type":"episode","position":5,"title":"Size Matters","description":"De zussen Phoebe, Prue en Piper Halliwell wonen samen in het familielandhuis Halliwell Manor. Op een dag ontdekken de zussen dat ze de machtigste goedaardige heksen ter wereld zijn. Hun taak: de wereld beschermen tegen demonen en andere kwaadwillende wezens.","still":"https:\/\/img-opt.cdn.smartvod.com\/smartvod\/images\/videoland\/data\/images\/7\/7\/5f48f311c1714_[format].jpg","runtime":2416,"editions":{"hd":{"price":0}},"is_downloadable":true},"E77300":{"id":77300,"ref":"E77300","type":"episode","position":6,"title":"A Knight To Remember","description":"De zussen Phoebe, Prue en Piper Halliwell wonen samen in het familielandhuis Halliwell Manor. Op een dag ontdekken de zussen dat ze de machtigste goedaardige heksen ter wereld zijn. Hun taak: de wereld beschermen tegen demonen en andere kwaadwillende wezens.","still":"https:\/\/img-opt.cdn.smartvod.com\/smartvod\/images\/videoland\/data\/images\/0\/0\/5f48f423b7f9a_[format].jpg","runtime":2460,"editions":{"hd":{"price":0}},"is_downloadable":true},"E77302":{"id":77302,"ref":"E77302","type":"episode","position":7,"title":"Brain Drain","description":"De zussen Phoebe, Prue en Piper Halliwell wonen samen in het familielandhuis Halliwell Manor. Op een dag ontdekken de zussen dat ze de machtigste goedaardige heksen ter wereld zijn. Hun taak: de wereld beschermen tegen demonen en andere kwaadwillende wezens.","still":"https:\/\/img-opt.cdn.smartvod.com\/smartvod\/images\/videoland\/data\/images\/3\/b\/5f48fb3b50716_[format].jpg","runtime":2529,"editions":{"hd":{"price":0}},"is_downloadable":true},"E77311":{"id":77311,"ref":"E77311","type":"episode","position":8,"title":"Black As Cole","description":"De zussen Phoebe, Prue en Piper Halliwell wonen samen in het familielandhuis Halliwell Manor. Op een dag ontdekken de zussen dat ze de machtigste goedaardige heksen ter wereld zijn. Hun taak: de wereld beschermen tegen demonen en andere kwaadwillende wezens.","still":"https:\/\/img-opt.cdn.smartvod.com\/smartvod\/images\/videoland\/data\/images\/0\/7\/5f48fa0cbac89_[format].jpg","runtime":2446,"editions":{"hd":{"price":0}},"is_downloadable":true},"E77315":{"id":77315,"ref":"E77315","type":"episode","position":9,"title":"Muse to My Ears","description":"De zussen Phoebe, Prue en Piper Halliwell wonen samen in het familielandhuis Halliwell Manor. Op een dag ontdekken de zussen dat ze de machtigste goedaardige heksen ter wereld zijn. Hun taak: de wereld beschermen tegen demonen en andere kwaadwillende wezens.","still":"https:\/\/img-opt.cdn.smartvod.com\/smartvod\/images\/videoland\/data\/images\/5\/m\/5f48f6776bda0_[format].jpg","runtime":2442,"editions":{"hd":{"price":0}},"is_downloadable":true},"E77312":{"id":77312,"ref":"E77312","type":"episode","position":10,"title":"A Paige from the Past","description":"De zussen Phoebe, Prue en Piper Halliwell wonen samen in het familielandhuis Halliwell Manor. Op een dag ontdekken de zussen dat ze de machtigste goedaardige heksen ter wereld zijn. Hun taak: de wereld beschermen tegen demonen en andere kwaadwillende wezens.","still":"https:\/\/img-opt.cdn.smartvod.com\/smartvod\/images\/videoland\/data\/images\/h\/k\/5f48fa008089d_[format].jpg","runtime":2556,"editions":{"hd":{"price":0}},"is_downloadable":true},"E77298":{"id":77298,"ref":"E77298","type":"episode","position":11,"title":"Trial By Magic","description":"De zussen Phoebe, Prue en Piper Halliwell wonen samen in het familielandhuis Halliwell Manor. Op een dag ontdekken de zussen dat ze de machtigste goedaardige heksen ter wereld zijn. Hun taak: de wereld beschermen tegen demonen en andere kwaadwillende wezens.","still":"https:\/\/img-opt.cdn.smartvod.com\/smartvod\/images\/videoland\/data\/images\/d\/u\/5f48f68ca36f1_[format].jpg","runtime":2553,"editions":{"hd":{"price":0}},"is_downloadable":true},"E77294":{"id":77294,"ref":"E77294","type":"episode","position":12,"title":"Lost And Bound","description":"De zussen Phoebe, Prue en Piper Halliwell wonen samen in het familielandhuis Halliwell Manor. Op een dag ontdekken de zussen dat ze de machtigste goedaardige heksen ter wereld zijn. Hun taak: de wereld beschermen tegen demonen en andere kwaadwillende wezens.","still":"https:\/\/img-opt.cdn.smartvod.com\/smartvod\/images\/videoland\/data\/images\/0\/q\/5f48f8cf4f3e4_[format].jpg","runtime":2465,"editions":{"hd":{"price":0}},"is_downloadable":true},"E77306":{"id":77306,"ref":"E77306","type":"episode","position":13,"title":"Charmed And Dangerous","description":"De zussen Phoebe, Prue en Piper Halliwell wonen samen in het familielandhuis Halliwell Manor. Op een dag ontdekken de zussen dat ze de machtigste goedaardige heksen ter wereld zijn. Hun taak: de wereld beschermen tegen demonen en andere kwaadwillende wezens.","still":"https:\/\/img-opt.cdn.smartvod.com\/smartvod\/images\/videoland\/data\/images\/4\/p\/5f48f688d090d_[format].jpg","runtime":2543,"editions":{"hd":{"price":0}},"is_downloadable":true},"E77301":{"id":77301,"ref":"E77301","type":"episode","position":14,"title":"The Three Faces Of Phoebe","description":"De zussen Phoebe, Prue en Piper Halliwell wonen samen in het familielandhuis Halliwell Manor. Op een dag ontdekken de zussen dat ze de machtigste goedaardige heksen ter wereld zijn. Hun taak: de wereld beschermen tegen demonen en andere kwaadwillende wezens.","still":"https:\/\/img-opt.cdn.smartvod.com\/smartvod\/images\/videoland\/data\/images\/5\/k\/5f48f42036831_[format].jpg","runtime":2546,"editions":{"hd":{"price":0}},"is_downloadable":true},"E77303":{"id":77303,"ref":"E77303","type":"episode","position":15,"title":"Marry-Go-Round","description":"De zussen Phoebe, Prue en Piper Halliwell wonen samen in het familielandhuis Halliwell Manor. Op een dag ontdekken de zussen dat ze de machtigste goedaardige heksen ter wereld zijn. Hun taak: de wereld beschermen tegen demonen en andere kwaadwillende wezens.","still":"https:\/\/img-opt.cdn.smartvod.com\/smartvod\/images\/videoland\/data\/images\/z\/t\/5f48f9f76e00d_[format].jpg","runtime":2553,"editions":{"hd":{"price":0}},"is_downloadable":true},"E77305":{"id":77305,"ref":"E77305","type":"episode","position":16,"title":"The Fifth Halliwheel","description":"De zussen Phoebe, Prue en Piper Halliwell wonen samen in het familielandhuis Halliwell Manor. Op een dag ontdekken de zussen dat ze de machtigste goedaardige heksen ter wereld zijn. Hun taak: de wereld beschermen tegen demonen en andere kwaadwillende wezens.","still":"https:\/\/img-opt.cdn.smartvod.com\/smartvod\/images\/videoland\/data\/images\/6\/q\/5f48f5570b78f_[format].jpg","runtime":2523,"editions":{"hd":{"price":0}},"is_downloadable":true},"E77296":{"id":77296,"ref":"E77296","type":"episode","position":17,"title":"Saving Private Leo","description":"De zussen Phoebe, Prue en Piper Halliwell wonen samen in het familielandhuis Halliwell Manor. Op een dag ontdekken de zussen dat ze de machtigste goedaardige heksen ter wereld zijn. Hun taak: de wereld beschermen tegen demonen en andere kwaadwillende wezens.","still":"https:\/\/img-opt.cdn.smartvod.com\/smartvod\/images\/videoland\/data\/images\/7\/1\/5f48f41c5b9dd_[format].jpg","runtime":2551,"editions":{"hd":{"price":0}},"is_downloadable":true},"E77308":{"id":77308,"ref":"E77308","type":"episode","position":18,"title":"Bite Me","description":"De zussen Phoebe, Prue en Piper Halliwell wonen samen in het familielandhuis Halliwell Manor. Op een dag ontdekken de zussen dat ze de machtigste goedaardige heksen ter wereld zijn. Hun taak: de wereld beschermen tegen demonen en andere kwaadwillende wezens.","still":"https:\/\/img-opt.cdn.smartvod.com\/smartvod\/images\/videoland\/data\/images\/8\/m\/5f48f687136d1_[format].jpg","runtime":2488,"editions":{"hd":{"price":0}},"is_downloadable":true},"E77307":{"id":77307,"ref":"E77307","type":"episode","position":19,"title":"We're Off To See The Wizard","description":"De zussen Phoebe, Prue en Piper Halliwell wonen samen in het familielandhuis Halliwell Manor. Op een dag ontdekken de zussen dat ze de machtigste goedaardige heksen ter wereld zijn. Hun taak: de wereld beschermen tegen demonen en andere kwaadwillende wezens.","still":"https:\/\/img-opt.cdn.smartvod.com\/smartvod\/images\/videoland\/data\/images\/g\/6\/5f48f5590ca50_[format].jpg","runtime":2511,"editions":{"hd":{"price":0}},"is_downloadable":true},"E77310":{"id":77310,"ref":"E77310","type":"episode","position":20,"title":"Long Live The Queen","description":"De zussen Phoebe, Prue en Piper Halliwell wonen samen in het familielandhuis Halliwell Manor. Op een dag ontdekken de zussen dat ze de machtigste goedaardige heksen ter wereld zijn. Hun taak: de wereld beschermen tegen demonen en andere kwaadwillende wezens.","still":"https:\/\/img-opt.cdn.smartvod.com\/smartvod\/images\/videoland\/data\/images\/q\/0\/5f48f8ec7f3e8_[format].jpg","runtime":2483,"editions":{"hd":{"price":0}},"is_downloadable":true},"E77309":{"id":77309,"ref":"E77309","type":"episode","position":21,"title":"Womb Raider","description":"De zussen Phoebe, Prue en Piper Halliwell wonen samen in het familielandhuis Halliwell Manor. Op een dag ontdekken de zussen dat ze de machtigste goedaardige heksen ter wereld zijn. Hun taak: de wereld beschermen tegen demonen en andere kwaadwillende wezens.","still":"https:\/\/img-opt.cdn.smartvod.com\/smartvod\/images\/videoland\/data\/images\/w\/2\/5f48f6757ecc6_[format].jpg","runtime":2427,"editions":{"hd":{"price":0}},"is_downloadable":true},"E77295":{"id":77295,"ref":"E77295","type":"episode","position":22,"title":"Witch Way Now?","description":"De zussen Phoebe, Prue en Piper Halliwell wonen samen in het familielandhuis Halliwell Manor. Op een dag ontdekken de zussen dat ze de machtigste goedaardige heksen ter wereld zijn. Hun taak: de wereld beschermen tegen demonen en andere kwaadwillende wezens.","still":"https:\/\/img-opt.cdn.smartvod.com\/smartvod\/images\/videoland\/data\/images\/j\/e\/5f48fb3d15e54_[format].jpg","runtime":2512,"editions":{"hd":{"price":0}},"is_downloadable":true}}}