{"id":500404,"ref":"S500404","type":"series","title":"RTL Nieuws","year":2022,"rating":5,"poster":"https:\/\/img-opt.cdn.smartvod.com\/smartvod\/images\/videoland\/data\/images\/d\/d\/5ef5a693d5f84_[format].jpg","still":"https:\/\/img-opt.cdn.smartvod.com\/smartvod\/images\/videoland\/data\/images\/o\/e\/5ef5a6a442ab1_[format].jpg","cast":{},"genres":["Nieuws en Actualiteit"],"refs":["SN4724","SN4695","SN4694","SN4693","SN4692","SN3978","SN3994","SN3985","SN3990","SN3991"],"is_adult":false,"is_kids":false,"is_available":true,"description":"Dagelijks het laatste nieuws uit binnen- en buitenland. Voor nog meer nieuws kunt u ook gebruikmaken van onze mobiele apps.","nicam":{},"language":"nl","language_full":"Nederlands","details":{"SN4724":{"id":4724,"ref":"SN4724","type":"season","title":"2022 06:30","position":1},"SN4695":{"id":4695,"ref":"SN4695","type":"season","title":"2022 09:00","position":2},"SN4694":{"id":4694,"ref":"SN4694","type":"season","title":"2022 18:00","position":3},"SN4693":{"id":4693,"ref":"SN4693","type":"season","title":"2022 19:30","position":4},"SN4692":{"id":4692,"ref":"SN4692","type":"season","title":"2022 Laat","position":5},"SN3978":{"id":3978,"ref":"SN3978","type":"season","title":"2021 06:30","position":6},"SN3994":{"id":3994,"ref":"SN3994","type":"season","title":"2021 09:00","position":7},"SN3985":{"id":3985,"ref":"SN3985","type":"season","title":"2021 18:00","position":8},"SN3990":{"id":3990,"ref":"SN3990","type":"season","title":"2021 19:30","position":9,"refs":["E92795","E92820","E92806","E92811","E92942","E92924","E93105","E93096","E93104","E93085","E93187","E93194","E93214","E93211","E93451","E93440","E93438","E93483","E93508","E93511","E93501","E93546","E93542","E93547","E93549","E93746","E93763","E93740","E93920","E93931","E93887","E93927","E93895","E93916","E93925","E93924","E93894"]},"SN3991":{"id":3991,"ref":"SN3991","type":"season","title":"2021 Laat","position":10},"E92795":{"id":92795,"ref":"E92795","type":"episode","position":329,"title":"19:30 uur - Do 25-11-2021","description":"Dagelijks het laatste nieuws uit binnen- en buitenland. Voor nog meer nieuws kunt u ook gebruikmaken van onze mobiele apps.","still":"https:\/\/img-opt.cdn.smartvod.com\/smartvod\/images\/videoland\/data\/images\/m\/j\/619e375f514c3_[format].jpg","runtime":1200,"editions":{"hd":{"price":0}},"is_downloadable":false},"E92820":{"id":92820,"ref":"E92820","type":"episode","position":330,"title":"19:30 uur - Vr 26-11-2021","description":"Dagelijks het laatste nieuws uit binnen- en buitenland. Voor nog meer nieuws kunt u ook gebruikmaken van onze mobiele apps.","still":"https:\/\/img-opt.cdn.smartvod.com\/smartvod\/images\/videoland\/data\/images\/u\/1\/619e38977c8b6_[format].jpg","runtime":1200,"editions":{"hd":{"price":0}},"is_downloadable":false},"E92806":{"id":92806,"ref":"E92806","type":"episode","position":331,"title":"19:30 uur - Za 27-11-2021","description":"Dagelijks het laatste nieuws uit binnen- en buitenland. Voor nog meer nieuws kunt u ook gebruikmaken van onze mobiele apps.","still":"https:\/\/img-opt.cdn.smartvod.com\/smartvod\/images\/videoland\/data\/images\/y\/7\/619e38a942397_[format].jpg","runtime":1200,"editions":{"hd":{"price":0}},"is_downloadable":false},"E92811":{"id":92811,"ref":"E92811","type":"episode","position":332,"title":"19:30 uur - Zo 28-11-2021","description":"Dagelijks het laatste nieuws uit binnen- en buitenland. Voor nog meer nieuws kunt u ook gebruikmaken van onze mobiele apps.","still":"https:\/\/img-opt.cdn.smartvod.com\/smartvod\/images\/videoland\/data\/images\/y\/f\/61a66b5d5eb8f_[format].jpg","runtime":1200,"editions":{"hd":{"price":0}},"is_downloadable":false},"E92942":{"id":92942,"ref":"E92942","type":"episode","position":333,"title":"19:30 uur - Ma 29-11-2021","description":"Dagelijks het laatste nieuws uit binnen- en buitenland. Voor nog meer nieuws kunt u ook gebruikmaken van onze mobiele apps.","still":"https:\/\/img-opt.cdn.smartvod.com\/smartvod\/images\/videoland\/data\/images\/f\/y\/61a66b74cb766_[format].jpg","runtime":1200,"editions":{"hd":{"price":0}},"is_downloadable":false},"E92924":{"id":92924,"ref":"E92924","type":"episode","position":334,"title":"19:30 uur - Di 30-11-2021","description":"Dagelijks het laatste nieuws uit binnen- en buitenland. Voor nog meer nieuws kunt u ook gebruikmaken van onze mobiele apps.","still":"https:\/\/img-opt.cdn.smartvod.com\/smartvod\/images\/videoland\/data\/images\/u\/2\/61a66b7da630e_[format].jpg","runtime":1200,"editions":{"hd":{"price":0}},"is_downloadable":false},"E93105":{"id":93105,"ref":"E93105","type":"episode","position":335,"title":"19:30 uur - Wo 1-12-2021","description":"Dagelijks het laatste nieuws uit binnen- en buitenland. Voor nog meer nieuws kunt u ook gebruikmaken van onze mobiele apps.","still":"https:\/\/img-opt.cdn.smartvod.com\/smartvod\/images\/videoland\/data\/images\/6\/t\/61a66dcca63be_[format].jpg","runtime":1200,"editions":{"hd":{"price":0}},"is_downloadable":false},"E93096":{"id":93096,"ref":"E93096","type":"episode","position":336,"title":"19:30 uur - Do 2-12-2021","description":"Dagelijks het laatste nieuws uit binnen- en buitenland. Voor nog meer nieuws kunt u ook gebruikmaken van onze mobiele apps.","still":"https:\/\/img-opt.cdn.smartvod.com\/smartvod\/images\/videoland\/data\/images\/t\/2\/61a6701518ebe_[format].jpg","runtime":1200,"editions":{"hd":{"price":0}},"is_downloadable":false},"E93104":{"id":93104,"ref":"E93104","type":"episode","position":337,"title":"19:30 uur - Vr 3-12-2021","description":"Dagelijks het laatste nieuws uit binnen- en buitenland. Voor nog meer nieuws kunt u ook gebruikmaken van onze mobiele apps.","still":"https:\/\/img-opt.cdn.smartvod.com\/smartvod\/images\/videoland\/data\/images\/u\/8\/61a6725b34e82_[format].jpg","runtime":1200,"editions":{"hd":{"price":0}},"is_downloadable":false},"E93085":{"id":93085,"ref":"E93085","type":"episode","position":338,"title":"19:30 uur - Za 4-12-2021","description":"Dagelijks het laatste nieuws uit binnen- en buitenland. Voor nog meer nieuws kunt u ook gebruikmaken van onze mobiele apps.","still":"https:\/\/img-opt.cdn.smartvod.com\/smartvod\/images\/videoland\/data\/images\/t\/m\/61a6738a59d7b_[format].jpg","runtime":1200,"editions":{"hd":{"price":0}},"is_downloadable":false},"E93187":{"id":93187,"ref":"E93187","type":"episode","position":339,"title":"19:30 uur - Zo 5-12-2021","description":"Dagelijks het laatste nieuws uit binnen- en buitenland. Voor nog meer nieuws kunt u ook gebruikmaken van onze mobiele apps.","still":"https:\/\/img-opt.cdn.smartvod.com\/smartvod\/images\/videoland\/data\/images\/7\/m\/61ad10c09ae5a_[format].jpg","runtime":1200,"editions":{"hd":{"price":0}},"is_downloadable":false},"E93194":{"id":93194,"ref":"E93194","type":"episode","position":340,"title":"19:30 uur - Ma 6-12-2021","description":"Dagelijks het laatste nieuws uit binnen- en buitenland. Voor nog meer nieuws kunt u ook gebruikmaken van onze mobiele apps.","still":"https:\/\/img-opt.cdn.smartvod.com\/smartvod\/images\/videoland\/data\/images\/g\/k\/61aa43bd0f4af_[format].jpg","runtime":1200,"editions":{"hd":{"price":0}},"is_downloadable":false},"E93214":{"id":93214,"ref":"E93214","type":"episode","position":341,"title":"19:30 uur - Di 7-12-2021","description":"Dagelijks het laatste nieuws uit binnen- en buitenland. Voor nog meer nieuws kunt u ook gebruikmaken van onze mobiele apps.","still":"https:\/\/img-opt.cdn.smartvod.com\/smartvod\/images\/videoland\/data\/images\/i\/s\/61aa462764f08_[format].jpg","runtime":1200,"editions":{"hd":{"price":0}},"is_downloadable":false},"E93211":{"id":93211,"ref":"E93211","type":"episode","position":342,"title":"19:30 uur - Wo 8-12-2021","description":"Dagelijks het laatste nieuws uit binnen- en buitenland. Voor nog meer nieuws kunt u ook gebruikmaken van onze mobiele apps.","still":"https:\/\/img-opt.cdn.smartvod.com\/smartvod\/images\/videoland\/data\/images\/2\/9\/61b221083aa50_[format].jpg","runtime":1200,"editions":{"hd":{"price":0}},"is_downloadable":false},"E93451":{"id":93451,"ref":"E93451","type":"episode","position":343,"title":"19:30 uur - Do 9-12-2021","description":"Dagelijks het laatste nieuws uit binnen- en buitenland. Voor nog meer nieuws kunt u ook gebruikmaken van onze mobiele apps.","still":"https:\/\/img-opt.cdn.smartvod.com\/smartvod\/images\/videoland\/data\/images\/w\/t\/61b5c5ce5baaf_[format].jpg","runtime":1200,"editions":{"hd":{"price":0}},"is_downloadable":false},"E93440":{"id":93440,"ref":"E93440","type":"episode","position":344,"title":"19:30 uur - Vr 10-12-2021","description":"Dagelijks het laatste nieuws uit binnen- en buitenland. Voor nog meer nieuws kunt u ook gebruikmaken van onze mobiele apps.","still":"https:\/\/img-opt.cdn.smartvod.com\/smartvod\/images\/videoland\/data\/images\/w\/y\/61b22111bd240_[format].jpg","runtime":1200,"editions":{"hd":{"price":0}},"is_downloadable":false},"E93438":{"id":93438,"ref":"E93438","type":"episode","position":345,"title":"19:30 uur - Za 11-12-2021","description":"Dagelijks het laatste nieuws uit binnen- en buitenland. Voor nog meer nieuws kunt u ook gebruikmaken van onze mobiele apps.","still":"https:\/\/img-opt.cdn.smartvod.com\/smartvod\/images\/videoland\/data\/images\/n\/o\/61b5c5e1abdc1_[format].jpg","runtime":1200,"editions":{"hd":{"price":0}},"is_downloadable":false},"E93483":{"id":93483,"ref":"E93483","type":"episode","position":346,"title":"19:30 uur - Zo 12-12-2021","description":"Dagelijks het laatste nieuws uit binnen- en buitenland. Voor nog meer nieuws kunt u ook gebruikmaken van onze mobiele apps.","still":"https:\/\/img-opt.cdn.smartvod.com\/smartvod\/images\/videoland\/data\/images\/q\/e\/61b5c70a0bbf4_[format].jpg","runtime":1200,"editions":{"hd":{"price":0}},"is_downloadable":false},"E93508":{"id":93508,"ref":"E93508","type":"episode","position":347,"title":"19:30 uur - Ma 13-12-2021","description":"Dagelijks het laatste nieuws uit binnen- en buitenland. Voor nog meer nieuws kunt u ook gebruikmaken van onze mobiele apps.","still":"https:\/\/img-opt.cdn.smartvod.com\/smartvod\/images\/videoland\/data\/images\/x\/2\/61b5c8294ce76_[format].jpg","runtime":1200,"editions":{"hd":{"price":0}},"is_downloadable":false},"E93511":{"id":93511,"ref":"E93511","type":"episode","position":348,"title":"19:30 uur - Di 14-12-2021","description":"Dagelijks het laatste nieuws uit binnen- en buitenland. Voor nog meer nieuws kunt u ook gebruikmaken van onze mobiele apps.","still":"https:\/\/img-opt.cdn.smartvod.com\/smartvod\/images\/videoland\/data\/images\/k\/5\/61b5c71882b55_[format].jpg","runtime":1200,"editions":{"hd":{"price":0}},"is_downloadable":false},"E93501":{"id":93501,"ref":"E93501","type":"episode","position":349,"title":"19:30 uur - Wo 15-12-2021","description":"Dagelijks het laatste nieuws uit binnen- en buitenland. Voor nog meer nieuws kunt u ook gebruikmaken van onze mobiele apps.","still":"https:\/\/img-opt.cdn.smartvod.com\/smartvod\/images\/videoland\/data\/images\/3\/s\/61ba0b29840a5_[format].jpg","runtime":1200,"editions":{"hd":{"price":0}},"is_downloadable":false},"E93546":{"id":93546,"ref":"E93546","type":"episode","position":350,"title":"19:30 uur - Do 16-12-2021","description":"Dagelijks het laatste nieuws uit binnen- en buitenland. Voor nog meer nieuws kunt u ook gebruikmaken van onze mobiele apps.","still":"https:\/\/img-opt.cdn.smartvod.com\/smartvod\/images\/videoland\/data\/images\/k\/v\/61ba0eb2e2333_[format].jpg","runtime":1200,"editions":{"hd":{"price":0}},"is_downloadable":false},"E93542":{"id":93542,"ref":"E93542","type":"episode","position":351,"title":"19:30 uur - Vr 17-12-2021","description":"Dagelijks het laatste nieuws uit binnen- en buitenland. Voor nog meer nieuws kunt u ook gebruikmaken van onze mobiele apps.","still":"https:\/\/img-opt.cdn.smartvod.com\/smartvod\/images\/videoland\/data\/images\/f\/m\/61bc5d524bb30_[format].jpg","runtime":1200,"editions":{"hd":{"price":0}},"is_downloadable":false},"E93547":{"id":93547,"ref":"E93547","type":"episode","position":352,"title":"19:30 uur - Za 18-12-2021","description":"Dagelijks het laatste nieuws uit binnen- en buitenland. Voor nog meer nieuws kunt u ook gebruikmaken van onze mobiele apps.","still":"https:\/\/img-opt.cdn.smartvod.com\/smartvod\/images\/videoland\/data\/images\/c\/w\/61c3712a75b38_[format].jpg","runtime":1200,"editions":{"hd":{"price":0}},"is_downloadable":false},"E93549":{"id":93549,"ref":"E93549","type":"episode","position":353,"title":"19:30 uur - Zo 19-12-2021","description":"Dagelijks het laatste nieuws uit binnen- en buitenland. Voor nog meer nieuws kunt u ook gebruikmaken van onze mobiele apps.","still":"https:\/\/img-opt.cdn.smartvod.com\/smartvod\/images\/videoland\/data\/images\/y\/6\/61c3712c58d81_[format].jpg","runtime":1200,"editions":{"hd":{"price":0}},"is_downloadable":false},"E93746":{"id":93746,"ref":"E93746","type":"episode","position":354,"title":"19:30 uur - Ma 20-12-2021","description":"Dagelijks het laatste nieuws uit binnen- en buitenland. Voor nog meer nieuws kunt u ook gebruikmaken van onze mobiele apps.","still":"https:\/\/img-opt.cdn.smartvod.com\/smartvod\/images\/videoland\/data\/images\/n\/7\/61c3738c6c7ee_[format].jpg","runtime":1200,"editions":{"hd":{"price":0}},"is_downloadable":false},"E93763":{"id":93763,"ref":"E93763","type":"episode","position":355,"title":"19:30 uur - Di 21-12-2021","description":"Dagelijks het laatste nieuws uit binnen- en buitenland. Voor nog meer nieuws kunt u ook gebruikmaken van onze mobiele apps.","still":"https:\/\/img-opt.cdn.smartvod.com\/smartvod\/images\/videoland\/data\/images\/9\/v\/61c375dc6fbf1_[format].jpg","runtime":1200,"editions":{"hd":{"price":0}},"is_downloadable":false},"E93740":{"id":93740,"ref":"E93740","type":"episode","position":356,"title":"19:30 uur - Wo 22-12-2021","description":"Dagelijks het laatste nieuws uit binnen- en buitenland. Voor nog meer nieuws kunt u ook gebruikmaken van onze mobiele apps.","still":"https:\/\/img-opt.cdn.smartvod.com\/smartvod\/images\/videoland\/data\/images\/y\/4\/61c37cca53f6f_[format].jpg","runtime":1200,"editions":{"hd":{"price":0}},"is_downloadable":false},"E93920":{"id":93920,"ref":"E93920","type":"episode","position":357,"title":"19:30 uur - Do 23-12-2021","description":"Dagelijks het laatste nieuws uit binnen- en buitenland. Voor nog meer nieuws kunt u ook gebruikmaken van onze mobiele apps.","still":"https:\/\/img-opt.cdn.smartvod.com\/smartvod\/images\/videoland\/data\/images\/0\/w\/61c37dfcb9bc0_[format].jpg","runtime":1200,"editions":{"hd":{"price":0}},"is_downloadable":false},"E93931":{"id":93931,"ref":"E93931","type":"episode","position":358,"title":"19:30 uur - Vr 24-12-2021","description":"Dagelijks het laatste nieuws uit binnen- en buitenland. Voor nog meer nieuws kunt u ook gebruikmaken van onze mobiele apps.","still":"https:\/\/img-opt.cdn.smartvod.com\/smartvod\/images\/videoland\/data\/images\/e\/x\/61c9dad7d8ff8_[format].jpg","runtime":1200,"editions":{"hd":{"price":0}},"is_downloadable":false},"E93887":{"id":93887,"ref":"E93887","type":"episode","position":359,"title":"19:30 uur - Za 25-12-2021","description":"Dagelijks het laatste nieuws uit binnen- en buitenland. Voor nog meer nieuws kunt u ook gebruikmaken van onze mobiele apps.","still":"https:\/\/img-opt.cdn.smartvod.com\/smartvod\/images\/videoland\/data\/images\/t\/b\/61cb1e4f7e43d_[format].jpg","runtime":1200,"editions":{"hd":{"price":0}},"is_downloadable":false},"E93927":{"id":93927,"ref":"E93927","type":"episode","position":360,"title":"19:30 uur - Zo 26-12-2021","description":"Dagelijks het laatste nieuws uit binnen- en buitenland. Voor nog meer nieuws kunt u ook gebruikmaken van onze mobiele apps.","still":"https:\/\/img-opt.cdn.smartvod.com\/smartvod\/images\/videoland\/data\/images\/i\/i\/61c9d88321a13_[format].jpg","runtime":1200,"editions":{"hd":{"price":0}},"is_downloadable":false},"E93895":{"id":93895,"ref":"E93895","type":"episode","position":361,"title":"19:30 uur - Ma 27-12-2021","description":"Dagelijks het laatste nieuws uit binnen- en buitenland. Voor nog meer nieuws kunt u ook gebruikmaken van onze mobiele apps.","still":"https:\/\/img-opt.cdn.smartvod.com\/smartvod\/images\/videoland\/data\/images\/n\/q\/61cb1e5c4a467_[format].jpg","runtime":1200,"editions":{"hd":{"price":0}},"is_downloadable":false},"E93916":{"id":93916,"ref":"E93916","type":"episode","position":362,"title":"19:30 uur - Di 28-12-2021","description":"Dagelijks het laatste nieuws uit binnen- en buitenland. Voor nog meer nieuws kunt u ook gebruikmaken van onze mobiele apps.","still":"https:\/\/img-opt.cdn.smartvod.com\/smartvod\/images\/videoland\/data\/images\/l\/m\/61cb21c716472_[format].jpg","runtime":1200,"editions":{"hd":{"price":0}},"is_downloadable":false},"E93925":{"id":93925,"ref":"E93925","type":"episode","position":363,"title":"19:30 uur - Wo 29-12-2021","description":"Dagelijks het laatste nieuws uit binnen- en buitenland. Voor nog meer nieuws kunt u ook gebruikmaken van onze mobiele apps.","still":"https:\/\/img-opt.cdn.smartvod.com\/smartvod\/images\/videoland\/data\/images\/2\/s\/61cb20974fdf5_[format].jpg","runtime":1200,"editions":{"hd":{"price":0}},"is_downloadable":false},"E93924":{"id":93924,"ref":"E93924","type":"episode","position":364,"title":"19:30 uur - Do 30-12-2021","description":"Dagelijks het laatste nieuws uit binnen- en buitenland. Voor nog meer nieuws kunt u ook gebruikmaken van onze mobiele apps.","still":"https:\/\/img-opt.cdn.smartvod.com\/smartvod\/images\/videoland\/data\/images\/i\/0\/61cb3232dc5ca_[format].jpg","runtime":1200,"editions":{"hd":{"price":0}},"is_downloadable":false},"E93894":{"id":93894,"ref":"E93894","type":"episode","position":365,"title":"19:30 uur - Vr 31-12-2021","description":"Dagelijks het laatste nieuws uit binnen- en buitenland. Voor nog meer nieuws kunt u ook gebruikmaken van onze mobiele apps.","still":"https:\/\/img-opt.cdn.smartvod.com\/smartvod\/images\/videoland\/data\/images\/y\/v\/61cb33594b18b_[format].jpg","runtime":1200,"editions":{"hd":{"price":0}},"is_downloadable":false}}}