{"id":500423,"ref":"S500423","type":"series","title":"Baywatch Hawaii","year":2001,"rating":3,"poster":"https:\/\/img-opt.cdn.smartvod.com\/smartvod\/images\/videoland\/data\/images\/5\/j\/5f1ad4ddc07d6_[format].jpg","still":"https:\/\/img-opt.cdn.smartvod.com\/smartvod\/images\/videoland\/data\/images\/m\/9\/5f2954e9d5b16_[format].jpg","cast":{"actors":["David Hasselhoff","Jason Brooks","Brooke Burns","Jason Momoa","Simmone Mackinnon","Krista Allen"]},"genres":["Actie","Drama"],"refs":["SN3606","SN3607"],"is_adult":false,"is_kids":false,"is_available":true,"description":"De strandwachten van Hawa\u00ef krijgen regelmatig te maken met levensgevaarlijke situaties, waarbij ze bloedstollende reddingsacties uitvoeren. Ook in hun priv\u00e9levens gaat het er soms heftig aan toe.","nicam":{"12":"Mogelijk schadelijk tot 12 jaar","angst":"Angst","taalgebruik":"Grof Taalgebruik"},"language":"en","language_full":"Engels","details":{"SN3606":{"id":3606,"ref":"SN3606","type":"season","title":"1","position":1},"SN3607":{"id":3607,"ref":"SN3607","type":"season","title":"2","position":2,"refs":["E76942","E76914","E76912","E76929","E76922","E76932","E76937","E76946","E76936","E76945","E76935","E76939","E76934","E76938","E76933","E76931","E76910","E76940","E76941","E76944","E76943","E76913"]},"E76942":{"id":76942,"ref":"E76942","type":"episode","position":1,"title":"Soul Survivor","description":"De strandwachten van Hawa\u00ef krijgen regelmatig te maken met levensgevaarlijke situaties, waarbij ze bloedstollende reddingsacties uitvoeren. Ook in hun priv\u00e9levens gaat het er soms heftig aan toe.","still":"https:\/\/img-opt.cdn.smartvod.com\/smartvod\/images\/videoland\/data\/images\/m\/9\/5f2954e9d5b16_[format].jpg","runtime":2475,"editions":{"hd":{"price":0}},"is_downloadable":true},"E76914":{"id":76914,"ref":"E76914","type":"episode","position":2,"title":"A Knife In The Heart","description":"De strandwachten van Hawa\u00ef krijgen regelmatig te maken met levensgevaarlijke situaties, waarbij ze bloedstollende reddingsacties uitvoeren. Ook in hun priv\u00e9levens gaat het er soms heftig aan toe.","still":"https:\/\/img-opt.cdn.smartvod.com\/smartvod\/images\/videoland\/data\/images\/o\/q\/5f29528e55fd4_[format].jpg","runtime":2488,"editions":{"hd":{"price":0}},"is_downloadable":true},"E76912":{"id":76912,"ref":"E76912","type":"episode","position":3,"title":"Bad Boyz","description":"De strandwachten van Hawa\u00ef krijgen regelmatig te maken met levensgevaarlijke situaties, waarbij ze bloedstollende reddingsacties uitvoeren. Ook in hun priv\u00e9levens gaat het er soms heftig aan toe.","still":"https:\/\/img-opt.cdn.smartvod.com\/smartvod\/images\/videoland\/data\/images\/g\/o\/5f29501fa58ce_[format].jpg","runtime":2487,"editions":{"hd":{"price":0}},"is_downloadable":true},"E76929":{"id":76929,"ref":"E76929","type":"episode","position":4,"title":"Dangerous Games","description":"De strandwachten van Hawa\u00ef krijgen regelmatig te maken met levensgevaarlijke situaties, waarbij ze bloedstollende reddingsacties uitvoeren. Ook in hun priv\u00e9levens gaat het er soms heftig aan toe.","still":"https:\/\/img-opt.cdn.smartvod.com\/smartvod\/images\/videoland\/data\/images\/d\/u\/5f2952861caf3_[format].jpg","runtime":2487,"editions":{"hd":{"price":0}},"is_downloadable":true},"E76922":{"id":76922,"ref":"E76922","type":"episode","position":5,"title":"Stone Cold","description":"De strandwachten van Hawa\u00ef krijgen regelmatig te maken met levensgevaarlijke situaties, waarbij ze bloedstollende reddingsacties uitvoeren. Ook in hun priv\u00e9levens gaat het er soms heftig aan toe.","still":"https:\/\/img-opt.cdn.smartvod.com\/smartvod\/images\/videoland\/data\/images\/n\/v\/5f2950275f738_[format].jpg","runtime":2496,"editions":{"hd":{"price":0}},"is_downloadable":true},"E76932":{"id":76932,"ref":"E76932","type":"episode","position":6,"title":"Broken Promises","description":"De strandwachten van Hawa\u00ef krijgen regelmatig te maken met levensgevaarlijke situaties, waarbij ze bloedstollende reddingsacties uitvoeren. Ook in hun priv\u00e9levens gaat het er soms heftig aan toe.","still":"https:\/\/img-opt.cdn.smartvod.com\/smartvod\/images\/videoland\/data\/images\/9\/w\/5f29502b61d0f_[format].jpg","runtime":2485,"editions":{"hd":{"price":0}},"is_downloadable":true},"E76937":{"id":76937,"ref":"E76937","type":"episode","position":7,"title":"Dream Girl","description":"De strandwachten van Hawa\u00ef krijgen regelmatig te maken met levensgevaarlijke situaties, waarbij ze bloedstollende reddingsacties uitvoeren. Ook in hun priv\u00e9levens gaat het er soms heftig aan toe.","still":"https:\/\/img-opt.cdn.smartvod.com\/smartvod\/images\/videoland\/data\/images\/u\/w\/5f2953ade2dc8_[format].jpg","runtime":2479,"editions":{"hd":{"price":0}},"is_downloadable":true},"E76946":{"id":76946,"ref":"E76946","type":"episode","position":8,"title":"The Cage","description":"De strandwachten van Hawa\u00ef krijgen regelmatig te maken met levensgevaarlijke situaties, waarbij ze bloedstollende reddingsacties uitvoeren. Ook in hun priv\u00e9levens gaat het er soms heftig aan toe.","still":"https:\/\/img-opt.cdn.smartvod.com\/smartvod\/images\/videoland\/data\/images\/4\/n\/5f2a9cee1dd69_[format].jpg","runtime":2484,"editions":{"hd":{"price":0}},"is_downloadable":true},"E76936":{"id":76936,"ref":"E76936","type":"episode","position":9,"title":"Ben","description":"De strandwachten van Hawa\u00ef krijgen regelmatig te maken met levensgevaarlijke situaties, waarbij ze bloedstollende reddingsacties uitvoeren. Ook in hun priv\u00e9levens gaat het er soms heftig aan toe.","still":"https:\/\/img-opt.cdn.smartvod.com\/smartvod\/images\/videoland\/data\/images\/n\/b\/5f2953a7b3fa9_[format].jpg","runtime":2486,"editions":{"hd":{"price":0}},"is_downloadable":true},"E76945":{"id":76945,"ref":"E76945","type":"episode","position":10,"title":"Ties That Bind","description":"De strandwachten van Hawa\u00ef krijgen regelmatig te maken met levensgevaarlijke situaties, waarbij ze bloedstollende reddingsacties uitvoeren. Ook in hun priv\u00e9levens gaat het er soms heftig aan toe.","still":"https:\/\/img-opt.cdn.smartvod.com\/smartvod\/images\/videoland\/data\/images\/t\/4\/5f2953b266d44_[format].jpg","runtime":2491,"editions":{"hd":{"price":0}},"is_downloadable":true},"E76935":{"id":76935,"ref":"E76935","type":"episode","position":11,"title":"Black Widow","description":"De strandwachten van Hawa\u00ef krijgen regelmatig te maken met levensgevaarlijke situaties, waarbij ze bloedstollende reddingsacties uitvoeren. Ook in hun priv\u00e9levens gaat het er soms heftig aan toe.","still":"https:\/\/img-opt.cdn.smartvod.com\/smartvod\/images\/videoland\/data\/images\/h\/7\/5f29527ebda17_[format].jpg","runtime":2487,"editions":{"hd":{"price":0}},"is_downloadable":true},"E76939":{"id":76939,"ref":"E76939","type":"episode","position":12,"title":"The Ex-Files","description":"De strandwachten van Hawa\u00ef krijgen regelmatig te maken met levensgevaarlijke situaties, waarbij ze bloedstollende reddingsacties uitvoeren. Ook in hun priv\u00e9levens gaat het er soms heftig aan toe.","still":"https:\/\/img-opt.cdn.smartvod.com\/smartvod\/images\/videoland\/data\/images\/d\/5\/5f29514ee482c_[format].jpg","runtime":2482,"editions":{"hd":{"price":0}},"is_downloadable":true},"E76934":{"id":76934,"ref":"E76934","type":"episode","position":13,"title":"The Stalker","description":"De strandwachten van Hawa\u00ef krijgen regelmatig te maken met levensgevaarlijke situaties, waarbij ze bloedstollende reddingsacties uitvoeren. Ook in hun priv\u00e9levens gaat het er soms heftig aan toe.","still":"https:\/\/img-opt.cdn.smartvod.com\/smartvod\/images\/videoland\/data\/images\/5\/6\/5f29502db2c17_[format].jpg","runtime":2484,"editions":{"hd":{"price":0}},"is_downloadable":true},"E76938":{"id":76938,"ref":"E76938","type":"episode","position":14,"title":"Father Faust","description":"De strandwachten van Hawa\u00ef krijgen regelmatig te maken met levensgevaarlijke situaties, waarbij ze bloedstollende reddingsacties uitvoeren. Ook in hun priv\u00e9levens gaat het er soms heftig aan toe.","still":"https:\/\/img-opt.cdn.smartvod.com\/smartvod\/images\/videoland\/data\/images\/0\/9\/5f2953b026095_[format].jpg","runtime":2484,"editions":{"hd":{"price":0}},"is_downloadable":true},"E76933":{"id":76933,"ref":"E76933","type":"episode","position":15,"title":"A Good Man In A Storm","description":"De strandwachten van Hawa\u00ef krijgen regelmatig te maken met levensgevaarlijke situaties, waarbij ze bloedstollende reddingsacties uitvoeren. Ook in hun priv\u00e9levens gaat het er soms heftig aan toe.","still":"https:\/\/img-opt.cdn.smartvod.com\/smartvod\/images\/videoland\/data\/images\/u\/h\/5f295294ae841_[format].jpg","runtime":2487,"editions":{"hd":{"price":0}},"is_downloadable":true},"E76931":{"id":76931,"ref":"E76931","type":"episode","position":16,"title":"My Father, The Hero","description":"De strandwachten van Hawa\u00ef krijgen regelmatig te maken met levensgevaarlijke situaties, waarbij ze bloedstollende reddingsacties uitvoeren. Ook in hun priv\u00e9levens gaat het er soms heftig aan toe.","still":"https:\/\/img-opt.cdn.smartvod.com\/smartvod\/images\/videoland\/data\/images\/g\/e\/5f2952749bb65_[format].jpg","runtime":2486,"editions":{"hd":{"price":0}},"is_downloadable":true},"E76910":{"id":76910,"ref":"E76910","type":"episode","position":17,"title":"Boiling Point","description":"De strandwachten van Hawa\u00ef krijgen regelmatig te maken met levensgevaarlijke situaties, waarbij ze bloedstollende reddingsacties uitvoeren. Ook in hun priv\u00e9levens gaat het er soms heftig aan toe.","still":"https:\/\/img-opt.cdn.smartvod.com\/smartvod\/images\/videoland\/data\/images\/b\/9\/5f295031b5919_[format].jpg","runtime":2484,"editions":{"hd":{"price":0}},"is_downloadable":true},"E76940":{"id":76940,"ref":"E76940","type":"episode","position":18,"title":"The Return Of Jessie","description":"De strandwachten van Hawa\u00ef krijgen regelmatig te maken met levensgevaarlijke situaties, waarbij ze bloedstollende reddingsacties uitvoeren. Ook in hun priv\u00e9levens gaat het er soms heftig aan toe.","still":"https:\/\/img-opt.cdn.smartvod.com\/smartvod\/images\/videoland\/data\/images\/c\/h\/5f29517326981_[format].jpg","runtime":2482,"editions":{"hd":{"price":0}},"is_downloadable":true},"E76941":{"id":76941,"ref":"E76941","type":"episode","position":19,"title":"Trapped","description":"De strandwachten van Hawa\u00ef krijgen regelmatig te maken met levensgevaarlijke situaties, waarbij ze bloedstollende reddingsacties uitvoeren. Ook in hun priv\u00e9levens gaat het er soms heftig aan toe.","still":"https:\/\/img-opt.cdn.smartvod.com\/smartvod\/images\/videoland\/data\/images\/k\/h\/5f295174d730d_[format].jpg","runtime":2479,"editions":{"hd":{"price":0}},"is_downloadable":true},"E76944":{"id":76944,"ref":"E76944","type":"episode","position":20,"title":"Dead Reckoning","description":"De strandwachten van Hawa\u00ef krijgen regelmatig te maken met levensgevaarlijke situaties, waarbij ze bloedstollende reddingsacties uitvoeren. Ook in hun priv\u00e9levens gaat het er soms heftig aan toe.","still":"https:\/\/img-opt.cdn.smartvod.com\/smartvod\/images\/videoland\/data\/images\/z\/r\/5f29514706c07_[format].jpg","runtime":2484,"editions":{"hd":{"price":0}},"is_downloadable":true},"E76943":{"id":76943,"ref":"E76943","type":"episode","position":21,"title":"Makapu'u Lighthouse","description":"De strandwachten van Hawa\u00ef krijgen regelmatig te maken met levensgevaarlijke situaties, waarbij ze bloedstollende reddingsacties uitvoeren. Ook in hun priv\u00e9levens gaat het er soms heftig aan toe.","still":"https:\/\/img-opt.cdn.smartvod.com\/smartvod\/images\/videoland\/data\/images\/7\/5\/5f295276b1c19_[format].jpg","runtime":2481,"editions":{"hd":{"price":0}},"is_downloadable":true},"E76913":{"id":76913,"ref":"E76913","type":"episode","position":22,"title":"Rescue Me","description":"De strandwachten van Hawa\u00ef krijgen regelmatig te maken met levensgevaarlijke situaties, waarbij ze bloedstollende reddingsacties uitvoeren. Ook in hun priv\u00e9levens gaat het er soms heftig aan toe.","still":"https:\/\/img-opt.cdn.smartvod.com\/smartvod\/images\/videoland\/data\/images\/0\/x\/5f29502fc3739_[format].jpg","runtime":2482,"editions":{"hd":{"price":0}},"is_downloadable":true}}}