{"id":500669,"ref":"S500669","type":"series","title":"De Verhulstjes","year":2022,"rating":4,"poster":"https:\/\/img-opt.cdn.smartvod.com\/smartvod\/images\/videoland\/data\/images\/y\/h\/61dff92d17b3f_[format].jpg","still":"https:\/\/img-opt.cdn.smartvod.com\/smartvod\/images\/videoland\/data\/images\/8\/8\/61c1a4bbe1b35_[format].jpg","cast":{"actors":["Gert Verhulst","Jos Verhulst","Ellen Callebout","Viktor Verhulst","Marie Verhulst","Jef Oomen"]},"genres":["Reality"],"refs":["SN4259","SN4614","SN4966"],"is_adult":false,"is_kids":false,"is_available":true,"description":"Gert Verhulst, zijn vrouw Ellen, zoon Viktor, dochter Marie en haar vriend Jef, opa Jos en honden Leo en Marcel geven een unieke inkijk in hun leven.","nicam":{"al":"Alle leeftijden","taalgebruik":"Grof Taalgebruik"},"language":"nl","language_full":"Nederlands","details":{"SN4259":{"id":4259,"ref":"SN4259","type":"season","title":"1","position":1},"SN4614":{"id":4614,"ref":"SN4614","type":"season","title":"2","position":2},"SN4966":{"id":4966,"ref":"SN4966","type":"season","title":"3","position":3,"refs":["E98504","E98508","E98503","E98506","E98505","E98507"]},"E98504":{"id":98504,"ref":"E98504","type":"episode","position":1,"title":"","description":"Studio-100 baas Gert Verhulst en zijn gezin geven een uniek inkijkje in hun leven. Dit seizoen volgen we het wel en wee van Gert, Ellen, Viktor en Marie in Antwerpen.","still":"https:\/\/img-opt.cdn.smartvod.com\/smartvod\/images\/videoland\/data\/images\/0\/c\/6280bec54103b_[format].jpg","runtime":2608,"editions":{"hd":{"price":0}},"is_downloadable":true},"E98508":{"id":98508,"ref":"E98508","type":"episode","position":2,"title":"","description":"Studio-100 baas Gert Verhulst en zijn gezin geven een uniek inkijkje in hun leven. Dit seizoen volgen we het wel en wee van Gert, Ellen, Viktor en Marie in Antwerpen.","still":"https:\/\/img-opt.cdn.smartvod.com\/smartvod\/images\/videoland\/data\/images\/b\/j\/6280bd8fbfb6a_[format].jpg","runtime":2847,"editions":{"hd":{"price":0}},"is_downloadable":true},"E98503":{"id":98503,"ref":"E98503","type":"episode","position":3,"title":"","description":"Studio-100 baas Gert Verhulst en zijn gezin geven een uniek inkijkje in hun leven. Dit seizoen volgen we het wel en wee van Gert, Ellen, Viktor en Marie in Antwerpen.","still":"https:\/\/img-opt.cdn.smartvod.com\/smartvod\/images\/videoland\/data\/images\/r\/w\/6280bec2958fc_[format].jpg","runtime":2824,"editions":{"hd":{"price":0}},"is_downloadable":true},"E98506":{"id":98506,"ref":"E98506","type":"episode","position":4,"title":"","description":"Studio-100 baas Gert Verhulst en zijn gezin geven een uniek inkijkje in hun leven. Dit seizoen volgen we het wel en wee van Gert, Ellen, Viktor en Marie in Antwerpen.","still":"https:\/\/img-opt.cdn.smartvod.com\/smartvod\/images\/videoland\/data\/images\/r\/7\/6280bebe46754_[format].jpg","runtime":2840,"editions":{"hd":{"price":0}},"is_downloadable":true},"E98505":{"id":98505,"ref":"E98505","type":"episode","position":5,"title":"","description":"Studio-100 baas Gert Verhulst en zijn gezin geven een uniek inkijkje in hun leven. Dit seizoen volgen we het wel en wee van Gert, Ellen, Viktor en Marie in Antwerpen.","still":"https:\/\/img-opt.cdn.smartvod.com\/smartvod\/images\/videoland\/data\/images\/b\/5\/6280bec3dc3af_[format].jpg","runtime":2670,"editions":{"hd":{"price":0}},"is_downloadable":true},"E98507":{"id":98507,"ref":"E98507","type":"episode","position":6,"title":"","description":"Studio-100 baas Gert Verhulst en zijn gezin geven een uniek inkijkje in hun leven. Dit seizoen volgen we het wel en wee van Gert, Ellen, Viktor en Marie in Antwerpen.","still":"https:\/\/img-opt.cdn.smartvod.com\/smartvod\/images\/videoland\/data\/images\/h\/w\/6280becc928b2_[format].jpg","runtime":2939,"editions":{"hd":{"price":0}},"is_downloadable":true}}}