{"id":769,"ref":"S769","type":"series","title":"Flin en Flo","year":2015,"rating":4,"poster":"https:\/\/img-opt.cdn.smartvod.com\/smartvod\/images\/videoland\/data\/images\/4\/c\/5c98c109a6695_[format].jpg","still":"https:\/\/img-opt.cdn.smartvod.com\/smartvod\/images\/videoland\/data\/images\/w\/l\/57ebd02cc6d9f_[format].jpg","cast":{"actors":["Soy Kroon"]},"genres":["Kids"],"refs":["SN1407","SN2737","SN2740"],"is_adult":false,"is_kids":true,"is_available":true,"description":"De draak Flin en de ridder Flo zijn onverwachts vrienden zijn geworden. Flo heeft ooit Flins leven gered toen hij nog klein was. Sindsdien hebben de twee een hechte band. Samen vliegen ze de wereld rond in Flo's Draco: de houten draak die hij zelf gebouwd heeft. In hun zoektocht naar kwaadaardige draken beleven de twee helden spannende avonturen waar ze zich samen elke keer weer weten uit te redden.","nicam":{"al":"Alle leeftijden"},"language":"nl","language_full":"Nederlands","details":{"SN1407":{"id":1407,"ref":"SN1407","type":"season","title":"1","position":1},"SN2737":{"id":2737,"ref":"SN2737","type":"season","title":"2","position":2,"refs":["E64985","E64999","E64992","E65002","E64998","E65003","E64988","E64996","E64995","E64994","E64993","E64986","E64991","E64989","E65001","E64987","E64990","E64997","E65000","E65014","E65013","E65011","E65018","E65027","E65009"]},"SN2740":{"id":2740,"ref":"SN2740","type":"season","title":"3","position":3},"E64985":{"id":64985,"ref":"E64985","type":"episode","position":1,"title":"","description":"Kinderserie over draak Flin en ridder Flo, die onverwachts vrienden zijn geworden toen Flo het leven van de toen nog kleine Flin redde. Samen vliegen ze de wereld rond op zoek naar kwaadaardige draken.","still":"https:\/\/img-opt.cdn.smartvod.com\/smartvod\/images\/videoland\/data\/images\/v\/u\/5cbf08d8af8ce_[format].jpg","runtime":600,"editions":{"hd":{"price":0}},"is_downloadable":true},"E64999":{"id":64999,"ref":"E64999","type":"episode","position":2,"title":"","description":"Kinderserie over draak Flin en ridder Flo, die onverwachts vrienden zijn geworden toen Flo het leven van de toen nog kleine Flin redde. Samen vliegen ze de wereld rond op zoek naar kwaadaardige draken.","still":"https:\/\/img-opt.cdn.smartvod.com\/smartvod\/images\/videoland\/data\/images\/9\/t\/5cbf08dcae71c_[format].jpg","runtime":559,"editions":{"hd":{"price":0}},"is_downloadable":true},"E64992":{"id":64992,"ref":"E64992","type":"episode","position":3,"title":"","description":"Kinderserie over draak Flin en ridder Flo, die onverwachts vrienden zijn geworden toen Flo het leven van de toen nog kleine Flin redde. Samen vliegen ze de wereld rond op zoek naar kwaadaardige draken.","still":"https:\/\/img-opt.cdn.smartvod.com\/smartvod\/images\/videoland\/data\/images\/j\/j\/5cbf08df2ea21_[format].jpg","runtime":600,"editions":{"hd":{"price":0}},"is_downloadable":true},"E65002":{"id":65002,"ref":"E65002","type":"episode","position":4,"title":"","description":"Kinderserie over draak Flin en ridder Flo, die onverwachts vrienden zijn geworden toen Flo het leven van de toen nog kleine Flin redde. Samen vliegen ze de wereld rond op zoek naar kwaadaardige draken.","still":"https:\/\/img-opt.cdn.smartvod.com\/smartvod\/images\/videoland\/data\/images\/t\/i\/5cbf08e1d74d9_[format].jpg","runtime":600,"editions":{"hd":{"price":0}},"is_downloadable":true},"E64998":{"id":64998,"ref":"E64998","type":"episode","position":5,"title":"","description":"Kinderserie over draak Flin en ridder Flo, die onverwachts vrienden zijn geworden toen Flo het leven van de toen nog kleine Flin redde. Samen vliegen ze de wereld rond op zoek naar kwaadaardige draken.","still":"https:\/\/img-opt.cdn.smartvod.com\/smartvod\/images\/videoland\/data\/images\/8\/b\/5cbf08e6145de_[format].jpg","runtime":597,"editions":{"hd":{"price":0}},"is_downloadable":true},"E65003":{"id":65003,"ref":"E65003","type":"episode","position":6,"title":"","description":"Kinderserie over draak Flin en ridder Flo, die onverwachts vrienden zijn geworden toen Flo het leven van de toen nog kleine Flin redde. Samen vliegen ze de wereld rond op zoek naar kwaadaardige draken.","still":"https:\/\/img-opt.cdn.smartvod.com\/smartvod\/images\/videoland\/data\/images\/0\/e\/5cbf08e8d9ac2_[format].jpg","runtime":600,"editions":{"hd":{"price":0}},"is_downloadable":true},"E64988":{"id":64988,"ref":"E64988","type":"episode","position":7,"title":"","description":"Kinderserie over draak Flin en ridder Flo, die onverwachts vrienden zijn geworden toen Flo het leven van de toen nog kleine Flin redde. Samen vliegen ze de wereld rond op zoek naar kwaadaardige draken.","still":"https:\/\/img-opt.cdn.smartvod.com\/smartvod\/images\/videoland\/data\/images\/7\/4\/5cbf08ec78d92_[format].jpg","runtime":600,"editions":{"hd":{"price":0}},"is_downloadable":true},"E64996":{"id":64996,"ref":"E64996","type":"episode","position":8,"title":"","description":"Kinderserie over draak Flin en ridder Flo, die onverwachts vrienden zijn geworden toen Flo het leven van de toen nog kleine Flin redde. Samen vliegen ze de wereld rond op zoek naar kwaadaardige draken.","still":"https:\/\/img-opt.cdn.smartvod.com\/smartvod\/images\/videoland\/data\/images\/8\/0\/5cbf08efe5e79_[format].jpg","runtime":599,"editions":{"hd":{"price":0}},"is_downloadable":true},"E64995":{"id":64995,"ref":"E64995","type":"episode","position":9,"title":"","description":"Kinderserie over draak Flin en ridder Flo, die onverwachts vrienden zijn geworden toen Flo het leven van de toen nog kleine Flin redde. Samen vliegen ze de wereld rond op zoek naar kwaadaardige draken.","still":"https:\/\/img-opt.cdn.smartvod.com\/smartvod\/images\/videoland\/data\/images\/5\/m\/5cbf08f69ec4b_[format].jpg","runtime":600,"editions":{"hd":{"price":0}},"is_downloadable":true},"E64994":{"id":64994,"ref":"E64994","type":"episode","position":10,"title":"","description":"Kinderserie over draak Flin en ridder Flo, die onverwachts vrienden zijn geworden toen Flo het leven van de toen nog kleine Flin redde. Samen vliegen ze de wereld rond op zoek naar kwaadaardige draken.","still":"https:\/\/img-opt.cdn.smartvod.com\/smartvod\/images\/videoland\/data\/images\/3\/o\/5cbf09fb43ccb_[format].jpg","runtime":600,"editions":{"hd":{"price":0}},"is_downloadable":true},"E64993":{"id":64993,"ref":"E64993","type":"episode","position":11,"title":"","description":"Kinderserie over draak Flin en ridder Flo, die onverwachts vrienden zijn geworden toen Flo het leven van de toen nog kleine Flin redde. Samen vliegen ze de wereld rond op zoek naar kwaadaardige draken.","still":"https:\/\/img-opt.cdn.smartvod.com\/smartvod\/images\/videoland\/data\/images\/o\/i\/5cbf09fdcc32e_[format].jpg","runtime":600,"editions":{"hd":{"price":0}},"is_downloadable":true},"E64986":{"id":64986,"ref":"E64986","type":"episode","position":12,"title":"","description":"Kinderserie over draak Flin en ridder Flo, die onverwachts vrienden zijn geworden toen Flo het leven van de toen nog kleine Flin redde. Samen vliegen ze de wereld rond op zoek naar kwaadaardige draken.","still":"https:\/\/img-opt.cdn.smartvod.com\/smartvod\/images\/videoland\/data\/images\/r\/j\/5cbf0a0011d50_[format].jpg","runtime":597,"editions":{"hd":{"price":0}},"is_downloadable":true},"E64991":{"id":64991,"ref":"E64991","type":"episode","position":13,"title":"","description":"Kinderserie over draak Flin en ridder Flo, die onverwachts vrienden zijn geworden toen Flo het leven van de toen nog kleine Flin redde. Samen vliegen ze de wereld rond op zoek naar kwaadaardige draken.","still":"https:\/\/img-opt.cdn.smartvod.com\/smartvod\/images\/videoland\/data\/images\/k\/t\/5cbf0a02343c7_[format].jpg","runtime":600,"editions":{"hd":{"price":0}},"is_downloadable":true},"E64989":{"id":64989,"ref":"E64989","type":"episode","position":14,"title":"","description":"Kinderserie over draak Flin en ridder Flo, die onverwachts vrienden zijn geworden toen Flo het leven van de toen nog kleine Flin redde. Samen vliegen ze de wereld rond op zoek naar kwaadaardige draken.","still":"https:\/\/img-opt.cdn.smartvod.com\/smartvod\/images\/videoland\/data\/images\/7\/c\/5cbf0a045f8c6_[format].jpg","runtime":600,"editions":{"hd":{"price":0}},"is_downloadable":true},"E65001":{"id":65001,"ref":"E65001","type":"episode","position":15,"title":"","description":"Kinderserie over draak Flin en ridder Flo, die onverwachts vrienden zijn geworden toen Flo het leven van de toen nog kleine Flin redde. Samen vliegen ze de wereld rond op zoek naar kwaadaardige draken.","still":"https:\/\/img-opt.cdn.smartvod.com\/smartvod\/images\/videoland\/data\/images\/7\/u\/5cbf0a0694d03_[format].jpg","runtime":600,"editions":{"hd":{"price":0}},"is_downloadable":true},"E64987":{"id":64987,"ref":"E64987","type":"episode","position":16,"title":"","description":"Kinderserie over draak Flin en ridder Flo, die onverwachts vrienden zijn geworden toen Flo het leven van de toen nog kleine Flin redde. Samen vliegen ze de wereld rond op zoek naar kwaadaardige draken.","still":"https:\/\/img-opt.cdn.smartvod.com\/smartvod\/images\/videoland\/data\/images\/z\/l\/5cbf0a0ab0367_[format].jpg","runtime":540,"editions":{"hd":{"price":0}},"is_downloadable":true},"E64990":{"id":64990,"ref":"E64990","type":"episode","position":17,"title":"","description":"Kinderserie over draak Flin en ridder Flo, die onverwachts vrienden zijn geworden toen Flo het leven van de toen nog kleine Flin redde. Samen vliegen ze de wereld rond op zoek naar kwaadaardige draken.","still":"https:\/\/img-opt.cdn.smartvod.com\/smartvod\/images\/videoland\/data\/images\/u\/9\/5cbf0a0f99c02_[format].jpg","runtime":598,"editions":{"hd":{"price":0}},"is_downloadable":true},"E64997":{"id":64997,"ref":"E64997","type":"episode","position":18,"title":"","description":"Kinderserie over draak Flin en ridder Flo, die onverwachts vrienden zijn geworden toen Flo het leven van de toen nog kleine Flin redde. Samen vliegen ze de wereld rond op zoek naar kwaadaardige draken.","still":"https:\/\/img-opt.cdn.smartvod.com\/smartvod\/images\/videoland\/data\/images\/w\/h\/5cbf0a13c153d_[format].jpg","runtime":595,"editions":{"hd":{"price":0}},"is_downloadable":true},"E65000":{"id":65000,"ref":"E65000","type":"episode","position":19,"title":"","description":"Kinderserie over draak Flin en ridder Flo, die onverwachts vrienden zijn geworden toen Flo het leven van de toen nog kleine Flin redde. Samen vliegen ze de wereld rond op zoek naar kwaadaardige draken.","still":"https:\/\/img-opt.cdn.smartvod.com\/smartvod\/images\/videoland\/data\/images\/9\/u\/5cbf0a16b0f06_[format].jpg","runtime":581,"editions":{"hd":{"price":0}},"is_downloadable":true},"E65014":{"id":65014,"ref":"E65014","type":"episode","position":20,"title":"","description":"Kinderserie over draak Flin en ridder Flo, die onverwachts vrienden zijn geworden toen Flo het leven van de toen nog kleine Flin redde. Samen vliegen ze de wereld rond op zoek naar kwaadaardige draken.","still":"https:\/\/img-opt.cdn.smartvod.com\/smartvod\/images\/videoland\/data\/images\/0\/p\/5cbf0a19218cd_[format].jpg","runtime":600,"editions":{"hd":{"price":0}},"is_downloadable":true},"E65013":{"id":65013,"ref":"E65013","type":"episode","position":21,"title":"","description":"Kinderserie over draak Flin en ridder Flo, die onverwachts vrienden zijn geworden toen Flo het leven van de toen nog kleine Flin redde. Samen vliegen ze de wereld rond op zoek naar kwaadaardige draken.","still":"https:\/\/img-opt.cdn.smartvod.com\/smartvod\/images\/videoland\/data\/images\/1\/w\/5cbf0a1b94ffe_[format].jpg","runtime":600,"editions":{"hd":{"price":0}},"is_downloadable":true},"E65011":{"id":65011,"ref":"E65011","type":"episode","position":22,"title":"","description":"Kinderserie over draak Flin en ridder Flo, die onverwachts vrienden zijn geworden toen Flo het leven van de toen nog kleine Flin redde. Samen vliegen ze de wereld rond op zoek naar kwaadaardige draken.","still":"https:\/\/img-opt.cdn.smartvod.com\/smartvod\/images\/videoland\/data\/images\/t\/o\/5cbf0a1eadbe5_[format].jpg","runtime":600,"editions":{"hd":{"price":0}},"is_downloadable":true},"E65018":{"id":65018,"ref":"E65018","type":"episode","position":23,"title":"","description":"Kinderserie over draak Flin en ridder Flo, die onverwachts vrienden zijn geworden toen Flo het leven van de toen nog kleine Flin redde. Samen vliegen ze de wereld rond op zoek naar kwaadaardige draken.","still":"https:\/\/img-opt.cdn.smartvod.com\/smartvod\/images\/videoland\/data\/images\/1\/m\/5cbf15b2c06cb_[format].jpg","runtime":600,"editions":{"hd":{"price":0}},"is_downloadable":true},"E65027":{"id":65027,"ref":"E65027","type":"episode","position":24,"title":"","description":"Kinderserie over draak Flin en ridder Flo, die onverwachts vrienden zijn geworden toen Flo het leven van de toen nog kleine Flin redde. Samen vliegen ze de wereld rond op zoek naar kwaadaardige draken.","still":"https:\/\/img-opt.cdn.smartvod.com\/smartvod\/images\/videoland\/data\/images\/j\/t\/5cbf15b524862_[format].jpg","runtime":597,"editions":{"hd":{"price":0}},"is_downloadable":true},"E65009":{"id":65009,"ref":"E65009","type":"episode","position":25,"title":"","description":"Kinderserie over draak Flin en ridder Flo, die onverwachts vrienden zijn geworden toen Flo het leven van de toen nog kleine Flin redde. Samen vliegen ze de wereld rond op zoek naar kwaadaardige draken.","still":"https:\/\/img-opt.cdn.smartvod.com\/smartvod\/images\/videoland\/data\/images\/j\/6\/5cbf15b78c2a0_[format].jpg","runtime":585,"editions":{"hd":{"price":0}},"is_downloadable":true}}}