{"id":500789,"ref":"S500789","type":"series","title":"Camp To Go","year":2022,"rating":4,"poster":"https:\/\/img-opt.cdn.smartvod.com\/smartvod\/images\/videoland\/data\/images\/d\/l\/619796d6090a2_[format].jpg","still":"https:\/\/img-opt.cdn.smartvod.com\/smartvod\/images\/videoland\/data\/images\/0\/0\/626a82ef3b7af_[format].jpg","cast":{"actors":["Sander Janson"]},"genres":["Lifestyle"],"refs":["SN4620","SN4818"],"is_adult":false,"is_kids":false,"is_available":true,"description":"Presentator Sander Janson verrast twee families met een lekker lang kampeerweekend op de mooiste campings in Nederland. De kampeerdebutanten krijgen daarvoor een splinternieuwe camper, caravan, tent, vouwwagen of daktent mee. De families vloggen zelf tijdens hun kampeervakantie, waardoor we een mooi inkijkje krijgen in het camping- en camperleven.","nicam":{"al":"Alle leeftijden"},"language":"nl","language_full":"Nederlands","details":{"SN4620":{"id":4620,"ref":"SN4620","type":"season","title":"2","position":2},"SN4818":{"id":4818,"ref":"SN4818","type":"season","title":"3","position":3,"refs":["E95819","E96168","E96340","E96624"]},"E95819":{"id":95819,"ref":"E95819","type":"episode","position":1,"title":"","description":"We volgen de zusjes Appelman, die voor het eerst met een caravan op pad gaan. De familie Middelweerd reist met hun drie kinderen richting Noord-Jutland. De oudste zoon, de 10-jarige Hugo, gaat voor het eerst alleen in een tentje slapen.","still":"https:\/\/img-opt.cdn.smartvod.com\/smartvod\/images\/videoland\/data\/images\/0\/0\/626a82ef3b7af_[format].jpg","runtime":1320,"editions":{"hd":{"price":0}},"is_downloadable":false},"E96168":{"id":96168,"ref":"E96168","type":"episode","position":2,"title":"","description":"We gaan op pad met de familie Kooymans. Vader Lars is niet zo van het kamperen en gaat voor het eerst met een caravan op de trekhaak richting het Deense Zuid-Jutland. Hoe zal het Lars en zijn gezin bevallen op de camping?","still":"https:\/\/img-opt.cdn.smartvod.com\/smartvod\/images\/videoland\/data\/images\/b\/b\/626a82f0b5045_[format].jpg","runtime":1320,"editions":{"hd":{"price":0}},"is_downloadable":false},"E96340":{"id":96340,"ref":"E96340","type":"episode","position":3,"title":"","description":"Dick en Evelien varen normaliter varen in hun kano over de Nederlandse rivieren, maar nu kiezen ze voor het Mariager Fjord in het Deense Noord-Jutland. Ze toeren in een mooie campervan door het prachtige landschap.","still":"https:\/\/img-opt.cdn.smartvod.com\/smartvod\/images\/videoland\/data\/images\/0\/j\/626a82f7132ea_[format].jpg","runtime":1320,"editions":{"hd":{"price":0}},"is_downloadable":false},"E96624":{"id":96624,"ref":"E96624","type":"episode","position":4,"title":"","description":"Laura en Wijnand gaan met hun 12-jarige zoon Jesse voor het eerst kamperen met een vouwwagen. Wijnand is gek van vissen, dus hij kan zich uitleven bij de meren rondom de camping. Zal er nog een zelfgevangen visje op de barbecue belanden?","still":"https:\/\/img-opt.cdn.smartvod.com\/smartvod\/images\/videoland\/data\/images\/b\/8\/626a82f866de7_[format].jpg","runtime":1320,"editions":{"hd":{"price":0}},"is_downloadable":false}}}