{"id":416,"ref":"S416","type":"series","title":"Nieuwe Buren","year":2019,"rating":5,"poster":"https:\/\/img-opt.cdn.smartvod.com\/smartvod\/images\/videoland\/data\/images\/n\/k\/5d657a933b9a9_[format].jpg","still":"https:\/\/img-opt.cdn.smartvod.com\/smartvod\/images\/videoland\/data\/images\/i\/x\/5b114fec7ad69_[format].jpg","cast":{"actors":["Bracha van Doesburgh","Daan Schuurmans","Anneke Blok","Tibor Luk\u00e1cs","Fockeline Ouwerkerk","Abbey Hoes","Fedja van Hu\u00eat","Karina Smulders","Thijs R\u00f6mer","Katja Schuurman","Benja Bruijning","Anna Drijver"]},"genres":["Drama","Thriller"],"refs":["SN580","SN1691","SN2153","SN2746"],"is_adult":false,"is_kids":false,"is_available":true,"description":"In dit nieuwe seizoen probeert Eva een nieuw bestaan op te bouwen. Zij krijgt hierbij hulp van haar nieuwe buren, maar niets is wat het lijkt. Er duiken al snel problemen op, met alle gevolgen van dien... Nieuwe Buren is gebaseerd op de gelijknamige bestseller van Saskia Noort.","directors":["Bobby Boermans"],"nicam":{"16":"Mogelijk schadelijk tot 16 jaar","geweld":"Geweld","taalgebruik":"Grof Taalgebruik"},"language":"nl","language_full":"Nederlands","details":{"SN580":{"id":580,"ref":"SN580","type":"season","title":"1","position":1},"SN1691":{"id":1691,"ref":"SN1691","type":"season","title":"2","position":2},"SN2153":{"id":2153,"ref":"SN2153","type":"season","title":"3","position":3,"refs":["E55264","E55268","E55265","E55273","E55271","E55270","E55272","E55269","E55266","E55267"]},"SN2746":{"id":2746,"ref":"SN2746","type":"season","title":"4","position":4},"E55264":{"id":55264,"ref":"E55264","type":"episode","position":1,"title":"","description":"De rust lijkt teruggekeerd in de Zonnewijk. Eva en Peter stappen in het huwelijksbootje. Alleen de offici\u00eble voogdij over Roosje staat het gewenste gezin nog in de weg. Dan doet Milo een ontdekking.","still":"https:\/\/img-opt.cdn.smartvod.com\/smartvod\/images\/videoland\/data\/images\/u\/n\/5a7830ff87506_[format].jpg","runtime":2324,"editions":{"hd":{"price":0}},"is_downloadable":true},"E55268":{"id":55268,"ref":"E55268","type":"episode","position":2,"title":"","description":"Roosje gaat een dag op stap met Milo en Anouk. Fay wordt in Antwerpen lastiggevallen door een stalker. Lilly verlaat de gevangenis en brengt samen met Carl een bezoek aan de garage, maar of dat nou zo een goed idee is.","still":"https:\/\/img-opt.cdn.smartvod.com\/smartvod\/images\/videoland\/data\/images\/4\/9\/5a7879a77c10a_[format].jpg","runtime":2673,"editions":{"hd":{"price":0}},"is_downloadable":true},"E55265":{"id":55265,"ref":"E55265","type":"episode","position":3,"title":"","description":"Anouk en Milo verhuizen naar de Zonnewijk, waar Luc aanpapt met Fay. Lilly handelt wat zaakjes af voor haar bajesvriendinnen. Ondertussen loopt de burenruzie tussen Eva en Ian flink op. Eva wordt het allemaal teveel en zoekt daarom hulp bij een lifecoach.","still":"https:\/\/img-opt.cdn.smartvod.com\/smartvod\/images\/videoland\/data\/images\/s\/u\/5a7879b0530c2_[format].jpg","runtime":2425,"editions":{"hd":{"price":0}},"is_downloadable":true},"E55273":{"id":55273,"ref":"E55273","type":"episode","position":4,"title":"","description":"Anouk wil weten wat Milo met Roosje van plan is. Zelf probeert ze zich te focussen op Break Point en gaat op trainingsweekend met Milo. Fay geeft een home alone-feestje in de hoop nieuwe vrienden te maken op school.","still":"https:\/\/img-opt.cdn.smartvod.com\/smartvod\/images\/videoland\/data\/images\/g\/5\/5a96f2e99c77c_[format].jpg","runtime":2609,"editions":{"hd":{"price":0}},"is_downloadable":true},"E55271":{"id":55271,"ref":"E55271","type":"episode","position":5,"title":"","description":"Fay heeft huisarrest. Luc wordt het huis uitgezet en Lilly dreigt het verkeerde pad op te gaan. Eva gaat op zoek naar vergiffenis. Niet iedereen blijkt te zijn wie ze beweren te zijn. En dat zou nog eens voor problemen kunnen zorgen.","still":"https:\/\/img-opt.cdn.smartvod.com\/smartvod\/images\/videoland\/data\/images\/f\/8\/5a96f2eea656f_[format].jpg","runtime":2447,"editions":{"hd":{"price":0}},"is_downloadable":true},"E55270":{"id":55270,"ref":"E55270","type":"episode","position":6,"title":"","description":"Fay komt achter het geheim van Milo. Marc neemt contact op met Eva en Peter. Carl maakt zich in de tussentijd zorgen om zijn zoon, maar of dat nou degene is waar hij zich zorgen om moet maken? Berouw komt immers pas na de zonde.","still":"https:\/\/img-opt.cdn.smartvod.com\/smartvod\/images\/videoland\/data\/images\/0\/c\/5a96f2f333d9c_[format].jpg","runtime":2264,"editions":{"hd":{"price":0}},"is_downloadable":true},"E55272":{"id":55272,"ref":"E55272","type":"episode","position":7,"title":"","description":"De spanning loopt hoog op in huize Milo en Anouk. Bij Lilly, Carl en Luc is de rust weer wedergekeerd. Peter kan zich in tegenstelling tot Fay maar nauwelijks iets van de vorige avond herinneren.","still":"https:\/\/img-opt.cdn.smartvod.com\/smartvod\/images\/videoland\/data\/images\/x\/s\/5a96f2fb6f322_[format].jpg","runtime":2464,"editions":{"hd":{"price":0}},"is_downloadable":true},"E55269":{"id":55269,"ref":"E55269","type":"episode","position":8,"title":"","description":"Fay is spoorloos en dat komt in de hele Zonnewijk hard aan. Helemaal nu Peter hoofdverdachte nummer een is. Dat ze de Zonnewijk tussen al die hypocrieten een kindvriendelijke buurt durven te noemen\u2026","still":"https:\/\/img-opt.cdn.smartvod.com\/smartvod\/images\/videoland\/data\/images\/q\/c\/5a96f307cdc45_[format].jpg","runtime":2434,"editions":{"hd":{"price":0}},"is_downloadable":true},"E55266":{"id":55266,"ref":"E55266","type":"episode","position":9,"title":"","description":"Iedereen in de Zonnewijk is alleen maar met zichzelf bezig. Milo heeft zich flink in de nesten gewerkt en kan wel een advocaat gebruiken. Ook Lilly staat onder druk. Met Peter gaat het bergafwaarts en een spelletje truth or dare valt daardoor rauw op zijn dak.","still":"https:\/\/img-opt.cdn.smartvod.com\/smartvod\/images\/videoland\/data\/images\/j\/g\/5a950db41560d_[format].jpg","runtime":2572,"editions":{"hd":{"price":0}},"is_downloadable":true},"E55267":{"id":55267,"ref":"E55267","type":"episode","position":10,"title":"","description":"Zelfs al zou Eva Milo vertrouwen en ze krijgt Roosje, kan ze Peter dan nog wel vertrouwen? Ze komt tot de conclusie dat ze eigenlijk alleen zichzelf kan vertrouwen. Zoals eigenlijk iedereen in de Zonnewijk\u2026","still":"https:\/\/img-opt.cdn.smartvod.com\/smartvod\/images\/videoland\/data\/images\/f\/i\/5a950db7d2a00_[format].jpg","runtime":2402,"editions":{"hd":{"price":0}},"is_downloadable":true}}}