{"id":500983,"ref":"S500983","type":"series","title":"Lewis","year":2010,"rating":4,"poster":"https:\/\/img-opt.cdn.smartvod.com\/smartvod\/images\/videoland\/data\/images\/m\/t\/62ecf44cc87d8_[format].png","still":"https:\/\/img-opt.cdn.smartvod.com\/smartvod\/images\/videoland\/data\/images\/2\/0\/0658a53c36edd_[format].jpg","cast":{"actors":["Kevin Whately","Laurence Fox","Clare Holman"]},"genres":["Misdaad"],"refs":["SN5143","SN5144","SN5199"],"is_adult":false,"is_kids":false,"is_available":true,"description":"Britse misdaadserie over rechercheur Robert Lewis, die jarenlang Inspector Morse assisteerde. Inmiddels heeft Lewis een hogere functie gekregen bij de politie in Oxford. Samen met zijn nieuwe assistent, James Hathaway, lost hij allerlei misdaden op.","nicam":{"12":"Mogelijk schadelijk tot 12 jaar","angst":"Angst","taalgebruik":"Grof Taalgebruik"},"language":"en","language_full":"Engels","details":{"SN5143":{"id":5143,"ref":"SN5143","type":"season","title":"1","position":1},"SN5144":{"id":5144,"ref":"SN5144","type":"season","title":"2","position":2,"refs":["E101869","E101870","E101875","E101871"]},"SN5199":{"id":5199,"ref":"SN5199","type":"season","title":"3","position":3},"E101869":{"id":101869,"ref":"E101869","type":"episode","position":1,"title":"And The Moonbeams Kiss The Sea","description":"Een student en een medewerker van de Bodleian Library zijn vermoord. Lewis ontdekt dat er een verband is tussen de moorden en dat de slachtoffers met schimmige zaakjes bezig waren.","still":"https:\/\/img-opt.cdn.smartvod.com\/smartvod\/images\/videoland\/data\/images\/h\/0\/630f9e1f198ee_[format].jpg","runtime":5488,"editions":{"hd":{"price":0}},"is_downloadable":true},"E101870":{"id":101870,"ref":"E101870","type":"episode","position":2,"title":"Music To Die For","description":"Lewis onderzoekt de moord op een professor, die gewurgd is. De man was bezig met het organiseren van een Wagneriaans operafestival. Lewis ontdekt een connectie naar zijn vroegere mentor, Inspector Morse.","still":"https:\/\/img-opt.cdn.smartvod.com\/smartvod\/images\/videoland\/data\/images\/1\/x\/631908aadad6a_[format].jpg","runtime":5571,"editions":{"hd":{"price":0}},"is_downloadable":true},"E101875":{"id":101875,"ref":"E101875","type":"episode","position":3,"title":"Life Born Of Fire","description":"Na het bedreigen van een dominee pleegt student Will McEwan zelfmoord. Een dag later wordt de dominee vermoord teruggevonden. McEwan bezocht eerder een kerkelijke groep voor jongeren met levensvragen over bijvoorbeeld homoseksualiteit. Hathaway wordt persoonlijk geraakt door de zaak, want hij was bevriend met McEwan.","still":"https:\/\/img-opt.cdn.smartvod.com\/smartvod\/images\/videoland\/data\/images\/2\/8\/63233a6f1e5f4_[format].jpg","runtime":5549,"editions":{"hd":{"price":0}},"is_downloadable":true},"E101871":{"id":101871,"ref":"E101871","type":"episode","position":4,"title":"The Great And The Good","description":"Lewis en Hathaway onderzoeken de verkrachting van een schoolmeisje, dat door de dader gedrogeerd werd. Ze komen al snel op het spoor van een verdachte en worden vervolgens geconfronteerd met enkele bizarre moorden.","still":"https:\/\/img-opt.cdn.smartvod.com\/smartvod\/images\/videoland\/data\/images\/z\/u\/53674d1e1947f_[format].jpeg","runtime":5576,"editions":{"hd":{"price":0}},"is_downloadable":true}}}