{"id":619,"ref":"S619","type":"series","title":"Goede Tijden, Slechte Tijden (GTST)","year":2022,"rating":5,"poster":"https:\/\/img-opt.cdn.smartvod.com\/smartvod\/images\/videoland\/data\/images\/x\/b\/63048d4134624_[format].jpg","still":"https:\/\/img-opt.cdn.smartvod.com\/smartvod\/images\/videoland\/data\/images\/1\/q\/5f4e039d1b90c_[format].jpg","cast":{"actors":["Jette van der Meij","Caroline de Bruijn","Erik de Vogel","Marly van der Velden","Ferry Doedens","Stephanie van Eer"]},"genres":["Drama"],"refs":["SN1089","SN1297","SN1609","SN1731","SN1948","SN2133","SN2437","SN2595","SN2947","SN3111","SN3686","SN3966","SN4392","SN4710","SN5124"],"is_adult":false,"is_kids":false,"is_available":true,"description":"Nederlandse soapserie over de perikelen rondom verschillende families in het plaatsje Meerdijk.","nicam":{"12":"Mogelijk schadelijk tot 12 jaar","geweld":"Geweld","angst":"Angst","seks":"Seks","taalgebruik":"Grof Taalgebruik"},"language":"nl","language_full":"Nederlands","details":{"SN1089":{"id":1089,"ref":"SN1089","type":"season","title":"Najaar 2015","position":1},"SN1297":{"id":1297,"ref":"SN1297","type":"season","title":"Voorjaar 2016","position":2},"SN1609":{"id":1609,"ref":"SN1609","type":"season","title":"Najaar 2016","position":3},"SN1731":{"id":1731,"ref":"SN1731","type":"season","title":"Voorjaar 2017","position":4},"SN1948":{"id":1948,"ref":"SN1948","type":"season","title":"Najaar 2017","position":5},"SN2133":{"id":2133,"ref":"SN2133","type":"season","title":"Voorjaar 2018","position":6},"SN2437":{"id":2437,"ref":"SN2437","type":"season","title":"Najaar 2018","position":7},"SN2595":{"id":2595,"ref":"SN2595","type":"season","title":"Voorjaar 2019","position":8,"refs":["E62587","E62588","E62589","E62590","E62612","E62613","E62611","E62615","E62614","E62760","E62762","E62759","E62763","E62757","E62846","E62842","E62843","E62845","E62844","E62926","E62930","E62927","E62929","E62928","E63120","E63118","E63119","E63117","E63121","E63328","E63331","E63333","E63332","E63329","E63620","E63619","E63616","E63617","E63618","E63857","E63858","E63859","E63861","E63860","E64046","E64048","E64049","E64047","E64050","E64383","E64380","E64378","E64382","E64373","E64375","E64377","E64379","E64376","E64381","E64591","E64589","E64593","E64592","E64590","E64945","E64944","E64942","E64943","E64941","E65268","E65269","E65270","E65271","E65272","E65625","E65627","E65629","E65628","E65630","E65778","E65775","E65780","E65779","E65781","E65914","E65916","E65917","E65918","E65919","E66086","E66087","E66089","E66088","E66085","E66111","E66112","E66113","E66114","E66115","E66199","E66208","E66209","E66200","E66201","E66320","E66318","E66322","E66319","E66321","E66533","E66526","E66528","E66531","E66530","E66654","E66653","E66655","E66656","E66659","E66773","E66774","E66778","E66777","E66776","E66804","E66801","E66803","E66805","E66802","E67143","E67141","E67145","E67139","E67142"]},"SN2947":{"id":2947,"ref":"SN2947","type":"season","title":"Najaar 2019","position":9},"SN3111":{"id":3111,"ref":"SN3111","type":"season","title":"Voorjaar 2020","position":10},"SN3686":{"id":3686,"ref":"SN3686","type":"season","title":"Najaar 2020","position":11},"SN3966":{"id":3966,"ref":"SN3966","type":"season","title":"Voorjaar 2021","position":12},"SN4392":{"id":4392,"ref":"SN4392","type":"season","title":"Najaar 2021","position":13},"SN4710":{"id":4710,"ref":"SN4710","type":"season","title":"Voorjaar 2022","position":14},"SN5124":{"id":5124,"ref":"SN5124","type":"season","title":"Najaar 2022","position":15},"E62587":{"id":62587,"ref":"E62587","type":"episode","position":1,"title":"Afl 5932 Di 1 Jan","description":"Uitzending RTL 4: Di 1 Jan Linda doorkruist Antons nieuwjaarplannen. Lucas wil de bovenverdieping van De Koning verbouwen. Daan schrikt hiervan, heeft dus snel geld nodig en voert de druk op Bing op.","still":"https:\/\/img-opt.cdn.smartvod.com\/smartvod\/images\/videoland\/data\/images\/9\/3\/5c208fab32c42_[format].jpg","runtime":1327,"editions":{"hd":{"price":0}},"is_downloadable":true},"E62588":{"id":62588,"ref":"E62588","type":"episode","position":2,"title":"Afl 5933 Wo 2 Jan","description":"Uitzending RTL 4: Wo 2 Jan JoJo is verrast als ze ontdekt dat Rik jarig is, maar hij er niets aan wil doen. Lana moet ingrijpen als Q moeite heeft met een sexy fotoshoot. Daan zoekt op allerlei manieren naar betaalbare woonruimte.","still":"https:\/\/img-opt.cdn.smartvod.com\/smartvod\/images\/videoland\/data\/images\/8\/l\/5c20a5f27ffc9_[format].jpg","runtime":1374,"editions":{"hd":{"price":0}},"is_downloadable":true},"E62589":{"id":62589,"ref":"E62589","type":"episode","position":3,"title":"Afl 5934 Do 3 Jan","description":"Uitzending RTL 4: Do 3 Jan Amir en Sjors zien het als een doorbraak als Bing hen vraagt om op Max te komen oppassen. Als Tiffy Anton vraagt naar zijn buitenechtelijke kinderen, borrelen er allerlei levensvragen bij hem op.","still":"https:\/\/img-opt.cdn.smartvod.com\/smartvod\/images\/videoland\/data\/images\/a\/3\/5c20b9df2080b_[format].jpg","runtime":1375,"editions":{"hd":{"price":0}},"is_downloadable":true},"E62590":{"id":62590,"ref":"E62590","type":"episode","position":4,"title":"Afl 5935 Vr 4 Jan","description":"Uitzending RTL 4: Vr 4 Jan Bij een vermissing wordt een zoektocht gestart. Nina schakelt de politie in. Bing kan zijn blinde woede niet onderdrukken. Op aanwijzing van Aysen komt Mark op een idee over de verblijfplaats van Marieke.","still":"https:\/\/img-opt.cdn.smartvod.com\/smartvod\/images\/videoland\/data\/images\/t\/r\/5c20f0ef72bb9_[format].jpg","runtime":1236,"editions":{"hd":{"price":0}},"is_downloadable":true},"E62612":{"id":62612,"ref":"E62612","type":"episode","position":5,"title":"Afl 5936 Ma 7 Jan","description":"Uitzending RTL 4: Ma 7 Jan Bing regelt een advocaat om Amir bij te staan, maar geeft de man wel instructies mee. Anton zal er vrede mee moeten gaan hebben dat Tiffy niet zomaar uit zijn leven gaat verdwijnen.","still":"https:\/\/img-opt.cdn.smartvod.com\/smartvod\/images\/videoland\/data\/images\/g\/1\/5c26256ef377f_[format].jpg","runtime":1331,"editions":{"hd":{"price":0}},"is_downloadable":true},"E62613":{"id":62613,"ref":"E62613","type":"episode","position":6,"title":"Afl 5937 Di 8 Jan","description":"Uitzending RTL 4: Di 8 Jan Bing zet Daan onder druk om extra bewijslast in hun anti-Amirplan aan te maken. Linda tikt Anton op zijn vingers als hij onge\u00efnteresseerd is in zijn huisgenoten.","still":"https:\/\/img-opt.cdn.smartvod.com\/smartvod\/images\/videoland\/data\/images\/n\/a\/5c262ff655335_[format].jpg","runtime":1377,"editions":{"hd":{"price":0}},"is_downloadable":true},"E62611":{"id":62611,"ref":"E62611","type":"episode","position":7,"title":"Afl 5938 Wo 9 Jan","description":"Uitzending RTL 4: Wo 9 Jan Marieke draait door in de crisisopvang. Mark kan dit niet aan en verwijt Ludo hiervan de oorzaak te zijn. Zo\u00eb heeft een zetje nodig als ze de afspraak met haar vader wil afzeggen.","still":"https:\/\/img-opt.cdn.smartvod.com\/smartvod\/images\/videoland\/data\/images\/m\/m\/5c2681f001a84_[format].jpg","runtime":1323,"editions":{"hd":{"price":0}},"is_downloadable":true},"E62615":{"id":62615,"ref":"E62615","type":"episode","position":8,"title":"Afl 5939 Do 10 Jan","description":"Uitzending RTL 4: Do 10 Jan Marieke verricht een heldendaad. Als Alex Amir arresteert, concludeert Sjors dat Bing hem een luizenstreek heeft geleverd. Aysen, Rik en Bing raken in verwarring door een appbericht.","still":"https:\/\/img-opt.cdn.smartvod.com\/smartvod\/images\/videoland\/data\/images\/g\/w\/5c2c730f9e40f_[format].jpg","runtime":1352,"editions":{"hd":{"price":0}},"is_downloadable":true},"E62614":{"id":62614,"ref":"E62614","type":"episode","position":9,"title":"Afl 5940 Vr 11 Jan","description":"Uitzending RTL 4: Vr 11 Jan JoJo verbijstert Rover met een onverwachte beslissing. Lana doet haar best om te relaxen als ze voor de camera staat. Zo\u00eb heeft het leuk met haar vader, totdat hij een andere kant van zichzelf laat zien.","still":"https:\/\/img-opt.cdn.smartvod.com\/smartvod\/images\/videoland\/data\/images\/t\/0\/5c2ccaf6f21a8_[format].jpg","runtime":1358,"editions":{"hd":{"price":0}},"is_downloadable":true},"E62760":{"id":62760,"ref":"E62760","type":"episode","position":10,"title":"Afl 5941 Ma 14 Jan","description":"Uitzending RTL 4: Ma 14 Jan Rik en Zo\u00eb veroorzaken een explosieve situatie in De Rozenboom. Nina is de vele leugens van Bing helemaal zat. Sjors probeert de politie ervan te overtuigen dat zij onderzoek moeten doen naar Bing.","still":"https:\/\/img-opt.cdn.smartvod.com\/smartvod\/images\/videoland\/data\/images\/g\/0\/5c2f81e7bc7c0_[format].jpg","runtime":1351,"editions":{"hd":{"price":0}},"is_downloadable":true},"E62762":{"id":62762,"ref":"E62762","type":"episode","position":11,"title":"Afl 5942 Di 15 Jan","description":"Uitzending RTL 4: Di 15 Jan Zo\u00eb krijgt een onmogelijke opdracht waar ze wanhopig van wordt. Sjors betrekt Rover bij een inbraak. Ludo krijgt een alarmerend telefoontje van Bing. Na een biecht aan JoJo vraagt Nina haar om hulp.","still":"https:\/\/img-opt.cdn.smartvod.com\/smartvod\/images\/videoland\/data\/images\/9\/2\/5c3331329da8c_[format].jpg","runtime":1332,"editions":{"hd":{"price":0}},"is_downloadable":true},"E62759":{"id":62759,"ref":"E62759","type":"episode","position":12,"title":"Afl 5943 Wo 16 Jan","description":"Uitzending RTL 4: Wo 16 Jan Aysen raakt verwikkeld in een vuurgevecht. Janine is verbijsterd als Ludo haar inlicht over wie er vermoedelijk achter de aanslagen zit. Anton kan niet ontkennen dat hij heel erg gecharmeerd is van Shanti.","still":"https:\/\/img-opt.cdn.smartvod.com\/smartvod\/images\/videoland\/data\/images\/e\/p\/5c33590f9d94a_[format].jpg","runtime":1343,"editions":{"hd":{"price":0}},"is_downloadable":true},"E62763":{"id":62763,"ref":"E62763","type":"episode","position":13,"title":"Afl 5944 Do 17 Jan","description":"Uitzending RTL 4: Do 17 Jan Nina zet Daan in bij een actie waar ze Bing buiten wil houden. Waar Sjors twijfelt aan Bing, blijft Amir in zijn vriend geloven. Shanti probeert een werkplek te versieren, maar wordt door Kimberly dwarsgezeten.","still":"https:\/\/img-opt.cdn.smartvod.com\/smartvod\/images\/videoland\/data\/images\/8\/b\/5c3364c6628f9_[format].jpg","runtime":1350,"editions":{"hd":{"price":0}},"is_downloadable":true},"E62757":{"id":62757,"ref":"E62757","type":"episode","position":14,"title":"Afl 5945 Vr 18 Jan","description":"Uitzending RTL 4: Vr 18 Jan Mark kondigt verhuisplannen aan. Janine krijgt een verontrustend bericht over Lucas. Ondanks meelevend liefdesadvies van anderen, forceert JoJo zich toch. Lana neemt Linda in vertrouwen over haar sabotage.","still":"https:\/\/img-opt.cdn.smartvod.com\/smartvod\/images\/videoland\/data\/images\/h\/f\/5c33697358da7_[format].jpg","runtime":1300,"editions":{"hd":{"price":0}},"is_downloadable":true},"E62846":{"id":62846,"ref":"E62846","type":"episode","position":15,"title":"Afl 5946 Ma 21 Jan","description":"Uitzending RTL 4: Ma 21 Jan Terwijl Ludo zijn vermoedens probeert te bevestigen, verzwijgt Janine dat ze iemand anders verdenkt van de aanslagen. Ze regelt via via een bezoek aan een extra beveiligde inrichting.","still":"https:\/\/img-opt.cdn.smartvod.com\/smartvod\/images\/videoland\/data\/images\/y\/n\/5c348e6b38d04_[format].jpg","runtime":1372,"editions":{"hd":{"price":0}},"is_downloadable":true},"E62842":{"id":62842,"ref":"E62842","type":"episode","position":16,"title":"Afl 5947 Di 22 Jan","description":"Uitzending RTL 4: Di 22 Jan Sjors heeft wraakgevoelens, toch weet Bing haar te verrassen. Lucas ontwaakt in een situatie waar hij niets van begrijpt, maar neemt het er wel van.","still":"https:\/\/img-opt.cdn.smartvod.com\/smartvod\/images\/videoland\/data\/images\/8\/v\/5c349579ae32e_[format].jpg","runtime":1378,"editions":{"hd":{"price":0}},"is_downloadable":true},"E62843":{"id":62843,"ref":"E62843","type":"episode","position":17,"title":"Afl 5948 Wo 23 Jan","description":"Uitzending RTL 4: Wo 23 Jan Anton neemt een eenzijdige levensbeslissing waar hij Linda mee in de problemen brengt. Een gestreste Laura moet in haar eentje de Koning draaiende zien te houden nu Lucas spoorloos is.","still":"https:\/\/img-opt.cdn.smartvod.com\/smartvod\/images\/videoland\/data\/images\/e\/p\/5c34969f59024_[format].jpg","runtime":1381,"editions":{"hd":{"price":0}},"is_downloadable":true},"E62845":{"id":62845,"ref":"E62845","type":"episode","position":18,"title":"Afl 5949 Do 24 Jan","description":"Uitzending RTL 4: Do 24 Jan Aysen constateert tot haar frustratie dat Daan Shanti leuk vindt. Tijd om hem een lesje te leren, en wie kan ze daar beter voor gebruiken dan Shanti zelf\u2026 Rik benadert een priv\u00e9detective. Zo\u00eb heeft even geen zin meer in mannen in haar leven.","still":"https:\/\/img-opt.cdn.smartvod.com\/smartvod\/images\/videoland\/data\/images\/m\/i\/5c3ee93938308_[format].jpg","runtime":1342,"editions":{"hd":{"price":0}},"is_downloadable":true},"E62844":{"id":62844,"ref":"E62844","type":"episode","position":19,"title":"Afl 5950 Vr 25 Jan","description":"Uitzending RTL 4: Vr 25 Jan Janine en Ludo krijgen een shockerende videoboodschap van Lucas. Terwijl Janine in actie komt, start Ludo een plan B. Ze houden hun agenda's voor elkaar verborgen.","still":"https:\/\/img-opt.cdn.smartvod.com\/smartvod\/images\/videoland\/data\/images\/9\/a\/5c3ef169b47af_[format].jpg","runtime":1355,"editions":{"hd":{"price":0}},"is_downloadable":true},"E62926":{"id":62926,"ref":"E62926","type":"episode","position":20,"title":"Afl 5951 Ma 28 Jan","description":"Uitzending RTL 4: Ma 28 Jan Lucas is bang dat hij binnenkort het loodje legt. Rik hoort Appolonia uit over Zo\u00ebs vader. Bing en Nina luisteren via de babyfoon mee met een gesprek dat niet voor hun oren bedoeld is.","still":"https:\/\/img-opt.cdn.smartvod.com\/smartvod\/images\/videoland\/data\/images\/x\/6\/5c3f204a4c6f0_[format].jpg","runtime":1350,"editions":{"hd":{"price":0}},"is_downloadable":true},"E62930":{"id":62930,"ref":"E62930","type":"episode","position":21,"title":"Afl 5952 Di 29 Jan","description":"Uitzending RTL 4: Di 29 Jan Linda probeert Anton tevreden te houden als hij allerlei wilde plannen in zijn hoofd krijgt. Rik start een zoekactie. Q heeft haarfijn in de gaten dat JoJo en Kimberly een koppelingspoging ondernemen.","still":"https:\/\/img-opt.cdn.smartvod.com\/smartvod\/images\/videoland\/data\/images\/k\/v\/5c3f2ad6e297f_[format].jpg","runtime":1337,"editions":{"hd":{"price":0}},"is_downloadable":true},"E62927":{"id":62927,"ref":"E62927","type":"episode","position":22,"title":"Afl 5953 Wo 30 Jan","description":"Uitzending RTL 4: Wo 30 Jan Lana houdt zich groot als ze getuige is van een schokkend tafereel. Aysen weigert liefdesverdriet te hebben, maar reageert zich wel af op een onschuldige vriendin. Q krijgt op zijn kop.","still":"https:\/\/img-opt.cdn.smartvod.com\/smartvod\/images\/videoland\/data\/images\/8\/2\/5c40441969239_[format].jpg","runtime":1353,"editions":{"hd":{"price":0}},"is_downloadable":true},"E62929":{"id":62929,"ref":"E62929","type":"episode","position":23,"title":"Afl 5954 Do 31 Jan","description":"Uitzending RTL 4: Do 31 Jan Bij Lucas gaat het licht uit. Janine ontvangt een geheimzinnig pakketje en bevindt zich niet veel later in het hart van een politiecolonne. Aysen betrapt Daan wanneer hij geheime informatie lekt.","still":"https:\/\/img-opt.cdn.smartvod.com\/smartvod\/images\/videoland\/data\/images\/e\/1\/5c485ac785b31_[format].jpg","runtime":1345,"editions":{"hd":{"price":0}},"is_downloadable":true},"E62928":{"id":62928,"ref":"E62928","type":"episode","position":24,"title":"Afl 5955 Vr 1 Feb","description":"Uitzending RTL 4: Vr 1 Feb Ludo en Mark krijgen aanwijzingen dat het niet goed is afgelopen met Janines actie. Alle frustratie komt er bij Linda uit als Laura haar vraagt hoe het met haar gaat. Nina heeft goed nieuws voor haar familie.","still":"https:\/\/img-opt.cdn.smartvod.com\/smartvod\/images\/videoland\/data\/images\/9\/f\/5c4882a1e237e_[format].jpg","runtime":1362,"editions":{"hd":{"price":0}},"is_downloadable":true},"E63120":{"id":63120,"ref":"E63120","type":"episode","position":25,"title":"Afl 5956 Ma 4 Feb","description":"Uitzending RTL 4: Ma 4 Feb Nina bedenkt een bevrijdingsplan waar Ludo niets in ziet. Tiffy\u00b4s speciale talenten worden ingezet om een mysterie te ontrafelen. Hein begint aan de uitvoering van zijn masterplan. Mark vindt steun bij Sjors.","still":"https:\/\/img-opt.cdn.smartvod.com\/smartvod\/images\/videoland\/data\/images\/a\/r\/5c4b0d06bb87c_[format].jpg","runtime":1388,"editions":{"hd":{"price":0}},"is_downloadable":true},"E63118":{"id":63118,"ref":"E63118","type":"episode","position":26,"title":"Afl 5957 Di 5 Feb","description":"Uitzending RTL 4: Di 5 Feb Hein moet zichzelf kalmeren, anders komt zijn ultieme wraak in gevaar. Mark krijgt door dat Ludo belangrijke informatie niet met hem deelt. Aysen krijgt een mogelijk aanknopingspunt te horen.","still":"https:\/\/img-opt.cdn.smartvod.com\/smartvod\/images\/videoland\/data\/images\/y\/u\/5c4b108bea45a_[format].jpg","runtime":1294,"editions":{"hd":{"price":0}},"is_downloadable":true},"E63119":{"id":63119,"ref":"E63119","type":"episode","position":27,"title":"Afl 5958 Wo 6 Feb","description":"Uitzending RTL 4: Wo 6 Feb Bing ontdekt dat hij buiten een blijde gebeurtenis wordt gehouden. Terwijl Aysen een aanhouding doet, wordt Daan in de ambulance afgevoerd. Mark neemt een groot besluit.","still":"https:\/\/img-opt.cdn.smartvod.com\/smartvod\/images\/videoland\/data\/images\/f\/7\/5c4b1fc3473f7_[format].jpg","runtime":1368,"editions":{"hd":{"price":0}},"is_downloadable":true},"E63117":{"id":63117,"ref":"E63117","type":"episode","position":28,"title":"Afl 5959 Do 7 Feb","description":"Uitzending RTL 4: Do 7 Feb Rik krijgt een dossier van een priv\u00e9detective. Tiffy wordt overdonderd door verwijten dat zij de oorzaak is van alle spanningen binnen het huwelijk van Linda en Anton.","still":"https:\/\/img-opt.cdn.smartvod.com\/smartvod\/images\/videoland\/data\/images\/b\/f\/5c4b166b5a82c_[format].jpg","runtime":1363,"editions":{"hd":{"price":0}},"is_downloadable":true},"E63121":{"id":63121,"ref":"E63121","type":"episode","position":29,"title":"Afl 5960 Vr 8 Feb","description":"Uitzending RTL 4: Vr 8 Feb Daan denkt dat hij er klaar voor is om vader te worden. Rover en JoJo krijgen een conflict dat door Tiffy wordt aangezwengeld. Rik wordt emotioneel door problemen uit het verleden.","still":"https:\/\/img-opt.cdn.smartvod.com\/smartvod\/images\/videoland\/data\/images\/g\/q\/5c530413842fd_[format].jpg","runtime":1376,"editions":{"hd":{"price":0}},"is_downloadable":true},"E63328":{"id":63328,"ref":"E63328","type":"episode","position":30,"title":"Afl 5961 Ma 11 Feb","description":"Uitzending RTL 4: Ma 11 Feb Daan zet zijn opa om meerdere redenen onder druk. Sjors wil dat Amir een gebaar van vriendschap doet naar Bing. Ludo is kritisch over keuzes van Nina en Bing.","still":"https:\/\/img-opt.cdn.smartvod.com\/smartvod\/images\/videoland\/data\/images\/t\/j\/5c530c4ab8c32_[format].jpg","runtime":1388,"editions":{"hd":{"price":0}},"is_downloadable":true},"E63331":{"id":63331,"ref":"E63331","type":"episode","position":31,"title":"Afl 5962 Di 12 Feb","description":"Uitzending RTL 4: Di 12 Feb Rik krijgt slecht nieuws over zijn plan. Laura moet aan Zo\u00eb bekennen dat ze haar niet de volle waarheid heeft verteld. Rover baalt als hij ontdekt dat hij zijn vriendinnetje niet zo goed lijkt te kennen.","still":"https:\/\/img-opt.cdn.smartvod.com\/smartvod\/images\/videoland\/data\/images\/m\/y\/5c5837535436e_[format].jpg","runtime":1364,"editions":{"hd":{"price":0}},"is_downloadable":true},"E63333":{"id":63333,"ref":"E63333","type":"episode","position":32,"title":"Afl 5963 Wo 13 Feb","description":"Uitzending RTL 4: Wo 13 Feb De inwoners van Het Paleis zijn verdeeld over de actie van Rik. Janine kan er niet tegen als Mark zijn zaak uitzichtloos vindt. Anton heeft geen zin in een preek van zijn vriend.","still":"https:\/\/img-opt.cdn.smartvod.com\/smartvod\/images\/videoland\/data\/images\/e\/e\/5c59970e7da5d_[format].jpg","runtime":1344,"editions":{"hd":{"price":0}},"is_downloadable":true},"E63332":{"id":63332,"ref":"E63332","type":"episode","position":33,"title":"Afl 5964 Do 14 Feb","description":"Uitzending RTL 4: Do 14 Feb Rover stuurt JoJo voor Valentijn half Meerdijk door. Linda kan zich niet beheersen en maakt haar man in het openbaar belachelijk. Zo\u00eb wil iets opbiechten aan Rik, maar dat kost haar grote moeite.","still":"https:\/\/img-opt.cdn.smartvod.com\/smartvod\/images\/videoland\/data\/images\/d\/z\/5c5afd8701c4a_[format].jpg","runtime":1398,"editions":{"hd":{"price":0}},"is_downloadable":true},"E63329":{"id":63329,"ref":"E63329","type":"episode","position":34,"title":"Afl 5965 Vr 15 Feb","description":"Uitzending RTL 4: Vr 15 Feb Bing wordt niet gezien als hij met een gigantische verrassing voor Amir staat. Linda hoopt dat Anton weer thuiskomt. Anton is zichzelf niet als hij in de buurt van Shanti komt.","still":"https:\/\/img-opt.cdn.smartvod.com\/smartvod\/images\/videoland\/data\/images\/3\/g\/5c5c527f2c3bf_[format].jpg","runtime":1328,"editions":{"hd":{"price":0}},"is_downloadable":true},"E63620":{"id":63620,"ref":"E63620","type":"episode","position":35,"title":"Afl 5966 Ma 18 Feb","description":"Uitzending RTL 4: Ma 18 Feb Anton heeft het ene misverstand nog niet achter zich gelaten of hij belandt alweer in het volgende. Als er weer iemand bij hem intrekt, vindt Rik het nodig om huisregels op te stellen.","still":"https:\/\/img-opt.cdn.smartvod.com\/smartvod\/images\/videoland\/data\/images\/d\/2\/5c5e862bb59a0_[format].jpg","runtime":1389,"editions":{"hd":{"price":0}},"is_downloadable":true},"E63619":{"id":63619,"ref":"E63619","type":"episode","position":36,"title":"Afl 5967 Di 19 Feb","description":"Uitzending RTL 4: Di 19 Feb Lucas en Flo hebben overweldigend nieuws voor Janine. Lana heeft een plan om met Q mee te gaan naar New York. Er is echter \u00e9\u00e9n obstakel: haar moeder. Tiffy ontdekt een enorme vergissing van Anton.","still":"https:\/\/img-opt.cdn.smartvod.com\/smartvod\/images\/videoland\/data\/images\/2\/i\/5c5eb515a70d0_[format].jpg","runtime":1360,"editions":{"hd":{"price":0}},"is_downloadable":true},"E63616":{"id":63616,"ref":"E63616","type":"episode","position":37,"title":"Afl 5968 Wo 20 Feb","description":"Uitzending RTL 4: Wo 20 Feb Anton klopt bij Ludo aan voor juridische hulp. Lana grijpt het ceremoniemeesterschap aan om haar moeder te tonen hoe zelfstandig ze is. Bing, Rik en Amir maken er een mannenmiddag van en die loopt flink uit de hand.","still":"https:\/\/img-opt.cdn.smartvod.com\/smartvod\/images\/videoland\/data\/images\/y\/u\/5c63d7e2cda9c_[format].jpg","runtime":1386,"editions":{"hd":{"price":0}},"is_downloadable":true},"E63617":{"id":63617,"ref":"E63617","type":"episode","position":38,"title":"Afl 5969 Do 21 Feb","description":"Uitzending RTL 4: Do 21 Feb Er wordt druk op Nina gelegd om een modeongeluk op te lossen. Rik heeft zijn kleinzoon op bezoek en dat gaat mis. Linda en Anton hebben ieder zo hun gedachten als ze relatietherapie krijgen aangeraden.","still":"https:\/\/img-opt.cdn.smartvod.com\/smartvod\/images\/videoland\/data\/images\/x\/7\/5c6528374dbcc_[format].jpg","runtime":1369,"editions":{"hd":{"price":0}},"is_downloadable":true},"E63618":{"id":63618,"ref":"E63618","type":"episode","position":39,"title":"Afl 5970 Vr 22 Feb","description":"Uitzending RTL 4: Vr 22 Feb Daan heeft een geheime ontmoeting op een afgesproken locatie. Nina twijfelt, terecht, als Lucas zichzelf als kinderoppas van Max opwerpt. Kimberly baalt dat ze alleen reacties krijgt van macho's en dubieuze types.","still":"https:\/\/img-opt.cdn.smartvod.com\/smartvod\/images\/videoland\/data\/images\/s\/6\/5c6529638b98f_[format].jpg","runtime":1375,"editions":{"hd":{"price":0}},"is_downloadable":true},"E63857":{"id":63857,"ref":"E63857","type":"episode","position":40,"title":"Afl 5971 Ma 25 Feb","description":"Uitzending RTL 4: Ma 25 Feb Als Lucas te veel onder druk gezet wordt, sluit hij zich af. Linda heeft goede hoop dat haar huwelijk herstelt. Janine twijfelt hier openlijk aan. Aysen en Shanti hebben allebei een teleurstellende ervaring.","still":"https:\/\/img-opt.cdn.smartvod.com\/smartvod\/images\/videoland\/data\/images\/n\/t\/5c67bc071c4ca_[format].jpg","runtime":1392,"editions":{"hd":{"price":0}},"is_downloadable":true},"E63858":{"id":63858,"ref":"E63858","type":"episode","position":41,"title":"Afl 5972 Di 26 Feb","description":"Uitzending RTL 4: Di 26 Feb Rover ziet dat het niet goed gaat met zijn moeder en gaat daarom de dialoog aan met Anton. Kimberly en Lucas flirten met dezelfde jongen. Rob constateert dat Linda Anton niet de ruimte geeft die hij nodig heeft.","still":"https:\/\/img-opt.cdn.smartvod.com\/smartvod\/images\/videoland\/data\/images\/y\/o\/5c6abcbb593b1_[format].jpg","runtime":1351,"editions":{"hd":{"price":0}},"is_downloadable":true},"E63859":{"id":63859,"ref":"E63859","type":"episode","position":42,"title":"Afl 5973 Wo 27 Feb","description":"Uitzending RTL 4: Wo 27 Feb Zo\u00eb verprutst een tentamen en reageert zich onredelijk af. Amir kan een onmogelijke opgave maar moeilijk overzien, gelukkig heeft Bing goede raad. Sjors ontdekt dat er vals gespeeld wordt.","still":"https:\/\/img-opt.cdn.smartvod.com\/smartvod\/images\/videoland\/data\/images\/5\/y\/5c6ac299b0403_[format].jpg","runtime":1364,"editions":{"hd":{"price":0}},"is_downloadable":true},"E63861":{"id":63861,"ref":"E63861","type":"episode","position":43,"title":"Afl 5974 Do 28 Feb","description":"Uitzending RTL 4: Do 28 Feb Amir moet op zijn werk verantwoording afleggen voor een fout die hij gemaakt heeft. Nina pikt het niet als Flo afgeeft op Lucas. Zo\u00eb chanteert Rik emotioneel, maar hij weigert zich in een hoek te laten drukken.","still":"https:\/\/img-opt.cdn.smartvod.com\/smartvod\/images\/videoland\/data\/images\/u\/w\/5c6c04e4cfcbf_[format].jpg","runtime":1348,"editions":{"hd":{"price":0}},"is_downloadable":true},"E63860":{"id":63860,"ref":"E63860","type":"episode","position":44,"title":"Afl 5975 Vr 1 Mrt","description":"Uitzending RTL 4: Vr 1 Mrt Shanti komt door Laura in een moeilijke positie terecht. JoJo wil Rover opvrolijken, maar hij zit opgesloten in zijn eigen gedachten. Janine en Ludo snappen niet waarom Nina ineens zoveel aandacht voor hen heeft.","still":"https:\/\/img-opt.cdn.smartvod.com\/smartvod\/images\/videoland\/data\/images\/t\/j\/5c6ad55e958e8_[format].jpg","runtime":1377,"editions":{"hd":{"price":0}},"is_downloadable":true},"E64046":{"id":64046,"ref":"E64046","type":"episode","position":45,"title":"Afl 5976 Ma 4 Mrt","description":"Uitzending RTL 4: Ma 4 Mrt Flo maakt Lucas duidelijk dat hij het bij Boukje absoluut niet mag verprutsen. Daan is uitgenodigd voor een bedrijfsfeest. Hij moet nog wel een oppas vinden voor Louise. Nina redt iemand uit een penibele situatie.","still":"https:\/\/img-opt.cdn.smartvod.com\/smartvod\/images\/videoland\/data\/images\/0\/i\/5c7279356fba3_[format].jpg","runtime":1329,"editions":{"hd":{"price":0}},"is_downloadable":true},"E64048":{"id":64048,"ref":"E64048","type":"episode","position":46,"title":"Afl 5977 Di 5 Mrt","description":"Uitzending RTL 4: Di 5 Mrt Daan schaamt zich voor een onnodig ongeluk waarvan drie dames het slachtoffer zijn. Linda doet of ze verrast is als ze Rob bij een leesclub treft. Anton en Shanti vormen hun eigen leesclubje.","still":"https:\/\/img-opt.cdn.smartvod.com\/smartvod\/images\/videoland\/data\/images\/l\/7\/5c740a0c40bcb_[format].jpg","runtime":1369,"editions":{"hd":{"price":0}},"is_downloadable":true},"E64049":{"id":64049,"ref":"E64049","type":"episode","position":47,"title":"Afl 5978 Wo 6 Mrt","description":"Uitzending RTL 4: Wo 6 Mrt  JoJo wordt na een succesvol optreden benaderd door een platenbaas. Kimberly en Tiffy hebben grote moeite om hun geheim verborgen te houden. Sjors probeert uit alle macht op Linda in te praten.","still":"https:\/\/img-opt.cdn.smartvod.com\/smartvod\/images\/videoland\/data\/images\/i\/i\/5c740d81b2e9b_[format].jpg","runtime":1332,"editions":{"hd":{"price":0}},"is_downloadable":true},"E64047":{"id":64047,"ref":"E64047","type":"episode","position":48,"title":"Afl 5979 Do 7 Mrt","description":"Uitzending RTL 4: Do 6 Mrt Amir krijgt teleurstellend nieuws. Sjors wil zich daarmee bemoeien, maar hij weigert haar inbreng. Kimberly begint te twijfelen aan het grote geluk als Tiffy haar ontloopt. JoJo hoort een demo van haar nieuwe sound.","still":"https:\/\/img-opt.cdn.smartvod.com\/smartvod\/images\/videoland\/data\/images\/s\/8\/5c7693327df6f_[format].jpg","runtime":1407,"editions":{"hd":{"price":0}},"is_downloadable":true},"E64050":{"id":64050,"ref":"E64050","type":"episode","position":49,"title":"Afl 5980 Vr 8 Mrt","description":"Uitzending RTL 4: Vr 8 Mrt Sjors verliest haar zelfbeheersing bij de verkeerde persoon. Aysen doorziet Daan als hij probeert te verbergen dat hij zich geen raad weet met een kind. Bing en Rover bemiddelen allebei in een conflict.","still":"https:\/\/img-opt.cdn.smartvod.com\/smartvod\/images\/videoland\/data\/images\/h\/g\/5c7805868fff6_[format].jpg","runtime":1386,"editions":{"hd":{"price":0}},"is_downloadable":true},"E64383":{"id":64383,"ref":"E64383","type":"episode","position":50,"title":"Afl 5981 Ma 11 Mrt","description":"Uitzending RTL 4: Ma 11 Mrt Lana komt terug uit New York. Ze verzwijgt aan haar moeder wat er daar gebeurd is. JoJo heeft geld nodig en houdt er daarom meerdere baantjes tegelijk op na.","still":"https:\/\/img-opt.cdn.smartvod.com\/smartvod\/images\/videoland\/data\/images\/n\/e\/5c7a9f27d7368_[format].jpg","runtime":1399,"editions":{"hd":{"price":0}},"is_downloadable":true},"E64380":{"id":64380,"ref":"E64380","type":"episode","position":5982,"title":"Afl 5982 Di 12 Mrt","description":"Uitzending RTL 4: Di 12 Mrt Zo\u00eb is ongewild getuige van een geheime ontmoeting. Rik weet niet wat er gebeurt als Linda hem ineens begint te knuffelen. Aysen doorziet haarfijn wat Kimberly precies dwarszit.","still":"https:\/\/img-opt.cdn.smartvod.com\/smartvod\/images\/videoland\/data\/images\/f\/u\/5c7d2ab34b2e7_[format].jpg","runtime":1393,"editions":{"hd":{"price":0}},"is_downloadable":true},"E64378":{"id":64378,"ref":"E64378","type":"episode","position":5983,"title":"Afl 5983 Wo 13 Mrt","description":"Uitzending RTL 4: Wo 13 Mrt Sjors ontdekt dat Lana een gigantische telefoonrekening heeft en door Rover raakt JoJo in een financi\u00eble crisis. De twee meiden spreken af te zullen samenwerken om hun problemen het hoofd te bieden.","still":"https:\/\/img-opt.cdn.smartvod.com\/smartvod\/images\/videoland\/data\/images\/0\/t\/5c7e92963cd4a_[format].jpg","runtime":1397,"editions":{"hd":{"price":0}},"is_downloadable":true},"E64382":{"id":64382,"ref":"E64382","type":"episode","position":5984,"title":"Afl 5984 Do 14 Mrt","description":"Uitzending RTL 4: Do 14 Mrt Flo hoort de uitslag van het fertiliteitsonderzoek. Lucas krijgt een afwijzing. Lana en JoJo doen hun best om geld te verdienen, als Laura ingrijpt. Daan en Aysen hebben alleen oog voor elkaar, maar worden gestoord.","still":"https:\/\/img-opt.cdn.smartvod.com\/smartvod\/images\/videoland\/data\/images\/u\/6\/5c7fda9d1cf3c_[format].jpg","runtime":1392,"editions":{"hd":{"price":0}},"is_downloadable":true},"E64373":{"id":64373,"ref":"E64373","type":"episode","position":5985,"title":"Afl 5985 Vr 15 Mrt","description":"Uitzending RTL 4: Vr 15 Mrt Ludo vindt dat Anton zich verdacht gedraagt en doet een ontdekking over hem. Als Nina zichzelf niet is, raadt Bing haar aan om afleiding te zoeken. Shanti verheugt zich op een romantisch rendez-vous in De Rozenboom.","still":"https:\/\/img-opt.cdn.smartvod.com\/smartvod\/images\/videoland\/data\/images\/l\/c\/5c7f9c816cb43_[format].jpg","runtime":1372,"editions":{"hd":{"price":0}},"is_downloadable":true},"E64375":{"id":64375,"ref":"E64375","type":"episode","position":5986,"title":"Afl 5986 Ma 18 Mrt","description":"Uitzending RTL 4: Ma 18 Mrt Rob heeft Linda door als zij op slinkse wijze alleen met hem wil zijn. Anton en Shanti dagen elkaar uit om een leuke avond te hebben. Janine raakt in de war van de waanbeelden in haar hoofd.","still":"https:\/\/img-opt.cdn.smartvod.com\/smartvod\/images\/videoland\/data\/images\/o\/n\/5c7fa38331995_[format].jpg","runtime":1346,"editions":{"hd":{"price":0}},"is_downloadable":true},"E64377":{"id":64377,"ref":"E64377","type":"episode","position":5987,"title":"Afl 5987 Di 19 Mrt","description":"Uitzending RTL 4: Di 19 Mrt Daan moet een van zijn grote angsten onder ogen komen. Als Aysen denkt een leuke verrassing voor Daan te hebben, wordt ze zelf verrast. Laura krijgt een telefoontje uit Canada en moet met schokkend nieuws naar Rik.","still":"https:\/\/img-opt.cdn.smartvod.com\/smartvod\/images\/videoland\/data\/images\/k\/6\/5c8571733968e_[format].jpg","runtime":1304,"editions":{"hd":{"price":0}},"is_downloadable":true},"E64379":{"id":64379,"ref":"E64379","type":"episode","position":5988,"title":"Afl 5988 Wo 20 Mrt","description":"Uitzending RTL 4: Wo 20 Mrt Nina is het totaal niet eens met een besluit van Sjors. Lana probeert JoJo ervan te overtuigen dat zij een goed plan heeft om aan geld te komen. Lucas en Flo zoeken verder naar een wensmoeder.","still":"https:\/\/img-opt.cdn.smartvod.com\/smartvod\/images\/videoland\/data\/images\/a\/y\/5c86678b805ad_[format].jpg","runtime":1349,"editions":{"hd":{"price":0}},"is_downloadable":true},"E64376":{"id":64376,"ref":"E64376","type":"episode","position":5989,"title":"Afl 5989 Do 21 Mrt","description":"Uitzending RTL 4: Do 21 Mrt Laura heeft een gigantisch geheim en dat drukt op haar geweten. JoJo raakt in paniek als ze haar bankrekening checkt. Lana is er klaar mee dat haar moeder haar constant in de gaten houdt.","still":"https:\/\/img-opt.cdn.smartvod.com\/smartvod\/images\/videoland\/data\/images\/4\/d\/5c866c3b80d16_[format].jpg","runtime":1369,"editions":{"hd":{"price":0}},"is_downloadable":true},"E64381":{"id":64381,"ref":"E64381","type":"episode","position":5990,"title":"Afl 5990 Vr 22 Mrt","description":"Uitzending RTL 4: Vr 22 Mrt Shanti doorziet het als Anton smoes op smoes stapelt. Linda heeft een nieuwe reden om bij Rob op de stoep te staan. Lucas roept de hulp in van Nina, omdat hij en Flo maar niet op een lijn kunnen komen.","still":"https:\/\/img-opt.cdn.smartvod.com\/smartvod\/images\/videoland\/data\/images\/5\/f\/5c89038662692_[format].jpg","runtime":1328,"editions":{"hd":{"price":0}},"is_downloadable":true},"E64591":{"id":64591,"ref":"E64591","type":"episode","position":5991,"title":"Afl 5991 Ma 25 Mrt","description":"Uitzending RTL 4: Ma 25 Mrt Aysen heeft het gevoel dat Daan dingen voor haar geheim houdt. Laura voelt zich niet op haar gemak bij Bing. Rik reageert het verdriet om zijn  moeder af op Zo\u00eb. Anton is boos op Tiffy.","still":"https:\/\/img-opt.cdn.smartvod.com\/smartvod\/images\/videoland\/data\/images\/5\/g\/5c8bfae34c6fd_[format].jpg","runtime":1398,"editions":{"hd":{"price":0}},"is_downloadable":true},"E64589":{"id":64589,"ref":"E64589","type":"episode","position":5992,"title":"Afl 5992 Di 26 Mrt","description":"Uitzending RTL 4: Di 26 Mrt Laura baalt als Daan niet op haar plannen in wil gaan. Zo\u00eb is nieuwsgierig wat Lucas van Tiffy wil en hoort haar uit. Aysen helpt Daan om zijn frustratie rond zijn biologische moeder te beteugelen.","still":"https:\/\/img-opt.cdn.smartvod.com\/smartvod\/images\/videoland\/data\/images\/g\/o\/5c8f99e99ebe1_[format].jpg","runtime":1388,"editions":{"hd":{"price":0}},"is_downloadable":true},"E64593":{"id":64593,"ref":"E64593","type":"episode","position":5993,"title":"Afl 5993 Wo 27 Mrt","description":"Uitzending RTL 4: Wo 27 Mrt Shanti belooft Anton een romantische verrassing, maar daar moet hij wel wat voor doen. Sjors krijgt een teleurstelling te verwerken wat betreft haar trouwjurk. Linda misbruikt een vriendin om dichter bij Rob te komen.","still":"https:\/\/img-opt.cdn.smartvod.com\/smartvod\/images\/videoland\/data\/images\/2\/0\/5c8f9d5f9e827_[format].jpg","runtime":1392,"editions":{"hd":{"price":0}},"is_downloadable":true},"E64592":{"id":64592,"ref":"E64592","type":"episode","position":5994,"title":"Afl 5994 Do 28 Mrt","description":"Uitzending RTL 4: Do 28 Mrt JoJo en Lana shoppen zich suf op het internet. Lucas maakt een medische afspraak voor iemand anders. Janine krijgt een voorstel wat ze niet ziet zitten. Ludo wijst Anton erop dat hij een puinhoop van zijn leven maakt.","still":"https:\/\/img-opt.cdn.smartvod.com\/smartvod\/images\/videoland\/data\/images\/y\/v\/5c910b025c580_[format].jpg","runtime":1357,"editions":{"hd":{"price":0}},"is_downloadable":true},"E64590":{"id":64590,"ref":"E64590","type":"episode","position":5995,"title":"Afl 5995 Vr 29 Mrt","description":"Uitzending RTL 4: Vr 29 Mrt Laura krijgt iets onder ogen wat niet voor haar bedoeld is. JoJo en Lana's vrolijke bui wordt verstoord door een vervelend bericht. Daan onderbreekt Aysens werk en doet geheimzinnig over de reden.","still":"https:\/\/img-opt.cdn.smartvod.com\/smartvod\/images\/videoland\/data\/images\/j\/b\/5c910c362b4d0_[format].jpg","runtime":1393,"editions":{"hd":{"price":0}},"is_downloadable":true},"E64945":{"id":64945,"ref":"E64945","type":"episode","position":5996,"title":"Afl 5996 Ma 1 Apr","description":"Uitzending RTL 4: Ma 1 Apr Ludo krijgt een liefdesverklaring. Laura laat zich er door Daan niet uitzetten. Zo\u00eb heeft een grote verrassing voor Rik geregeld. Ze hoopt hem ermee te kunnen opvrolijken.","still":"https:\/\/img-opt.cdn.smartvod.com\/smartvod\/images\/videoland\/data\/images\/0\/u\/5c938d2f4a471_[format].jpg","runtime":1402,"editions":{"hd":{"price":0}},"is_downloadable":true},"E64944":{"id":64944,"ref":"E64944","type":"episode","position":5997,"title":"Afl 5997 Di 2 Apr","description":"Uitzending RTL 4: Di 2 Apr JoJo en Lana worden onder druk gezet door criminelen. Linda wil dat Rob stopt met Janines therapie. Janine heeft grote moeite zich over te geven aan haar situatie. Anton begrijpt niet waar Shanti mee bezig is.","still":"https:\/\/img-opt.cdn.smartvod.com\/smartvod\/images\/videoland\/data\/images\/j\/d\/5c988cdae97d4_[format].jpg","runtime":1396,"editions":{"hd":{"price":0}},"is_downloadable":true},"E64942":{"id":64942,"ref":"E64942","type":"episode","position":5998,"title":"Afl 5998 Wo 3 Apr","description":"Uitzending RTL 4: Wo 3 Apr Linda belandt in een catfight. Daarna heeft ze een advocaat nodig. Ook zoekt ze ruzie met een oude vriend. Aysen wordt uitgenodigd voor een promotiegesprek. Tiffy is er met haar hoofd niet bij en raakt verdwaald.","still":"https:\/\/img-opt.cdn.smartvod.com\/smartvod\/images\/videoland\/data\/images\/v\/u\/5c94a5418ac12_[format].jpg","runtime":1350,"editions":{"hd":{"price":0}},"is_downloadable":true},"E64943":{"id":64943,"ref":"E64943","type":"episode","position":5999,"title":"Afl 5999 Do 4 Apr","description":"Uitzending RTL 4: Do 4 Apr Na een afzegging moet Lana aan de bak om de vrijgezellenparty van haar moeder alsnog te laten slagen. Bing bereidt zich voor op Lapland en zoekt zijn betaalpas. Laura eist dat Daan hun geheim verborgen houdt.","still":"https:\/\/img-opt.cdn.smartvod.com\/smartvod\/images\/videoland\/data\/images\/4\/t\/5c9b937eaf32b_[format].jpg","runtime":1384,"editions":{"hd":{"price":0}},"is_downloadable":true},"E64941":{"id":64941,"ref":"E64941","type":"episode","position":6000,"title":"Afl 6000 Vr 5 Apr","description":"Uitzending RTL 4: Vr 5 Apr De bruiloft van Sjors en Amir nadert. Amir wordt 'ontvoerd' naar Lapland, waar hij een overvol programma ondergaat. Sjors maakt zich klaar voor de mooiste dag van haar leven.","still":"https:\/\/img-opt.cdn.smartvod.com\/smartvod\/images\/videoland\/data\/images\/1\/8\/5c9b93833a2a0_[format].jpg","runtime":2644,"editions":{"hd":{"price":0}},"is_downloadable":true},"E65268":{"id":65268,"ref":"E65268","type":"episode","position":6001,"title":"Afl 6001 Ma 8 Apr","description":"Uitzending RTL 4: Ma 8 Apr Amir voelt zich machteloos na het ongeluk en moet door Bing op het juiste spoor worden gezet. Lana haalt zich allerlei doemscenario's in haar hoofd. JoJo is helemaal niet blij met alle aandacht die Rover aan Romy geeft.","still":"https:\/\/img-opt.cdn.smartvod.com\/smartvod\/images\/videoland\/data\/images\/g\/w\/5c9cca0308ab3_[format].jpg","runtime":1374,"editions":{"hd":{"price":0}},"is_downloadable":true},"E65269":{"id":65269,"ref":"E65269","type":"episode","position":6002,"title":"Afl 6002 Di 9 Apr","description":"Uitzending RTL 4: Di 9 Apr Linda en Anton lijken af te stevenen op een regelrechte vechtscheiding. Nina vindt Amir's gedrag verdacht, maar Sjors heeft er wel een verklaring voor. Daan schrikt van zijn eigen acties.","still":"https:\/\/img-opt.cdn.smartvod.com\/smartvod\/images\/videoland\/data\/images\/l\/8\/5c9df034cac02_[format].jpg","runtime":1374,"editions":{"hd":{"price":0}},"is_downloadable":true},"E65270":{"id":65270,"ref":"E65270","type":"episode","position":6003,"title":"Afl 6003 Wo 10 Apr","description":"Uitzending RTL 4: Wo 10 Apr Tussen Shanti en Billy blijkt het een en ander te spelen. Anton schakelt de politie in als hij zijn zin niet krijgt. Laura probeert haar Louise-plan aan Daan te slijten. Tiffy moet bemiddelen tussen Lucas en Flo.","still":"https:\/\/img-opt.cdn.smartvod.com\/smartvod\/images\/videoland\/data\/images\/1\/8\/5ca21a8ee7282_[format].jpg","runtime":1331,"editions":{"hd":{"price":0}},"is_downloadable":true},"E65271":{"id":65271,"ref":"E65271","type":"episode","position":6004,"title":"Afl 6004 Do 11 Apr","description":"Uitzending RTL 4: Do 11 Apr Ludo wil een schilderij op een veilig kopen en is verrast als hij ontdekt wie zijn grootste concurrent is. Janine voelt zich ongemakkelijk als Rob achter haar ware gevoelens probeert te komen.","still":"https:\/\/img-opt.cdn.smartvod.com\/smartvod\/images\/videoland\/data\/images\/7\/p\/5ca4d2a75d021_[format].jpg","runtime":1396,"editions":{"hd":{"price":0}},"is_downloadable":true},"E65272":{"id":65272,"ref":"E65272","type":"episode","position":6005,"title":"Afl 6005 Vr 12 Apr","description":"Uitzending RTL 4: Vr 12 Apr Lana licht JoJo in als ze ziet hoe Rover zich uitslooft voor Romy. denkt een fijne verrassing geregeld te hebben voor Sjors, maar het loopt anders. Nina en Sjors maken zich grote zorgen over Bing.","still":"https:\/\/img-opt.cdn.smartvod.com\/smartvod\/images\/videoland\/data\/images\/c\/w\/5ca5c8c1ed5ba_[format].jpg","runtime":1397,"editions":{"hd":{"price":0}},"is_downloadable":true},"E65625":{"id":65625,"ref":"E65625","type":"episode","position":6006,"title":"Afl 6006 Ma 15 Apr","description":"Uitzending RTL 4: Ma 15 Apr Als Sjors beweert dingen gezien te hebben, concludeert Amir dat ze flink in de war is. Zo\u00eb en Rik zijn dolgelukkig met elkaar, totdat Rik haar iets vraagt. Janine ontdekt dat Ludo cadeaus krijgt.","still":"https:\/\/img-opt.cdn.smartvod.com\/smartvod\/images\/videoland\/data\/images\/0\/x\/5ca75ab5a83b1_[format].jpg","runtime":1368,"editions":{"hd":{"price":0}},"is_downloadable":true},"E65627":{"id":65627,"ref":"E65627","type":"episode","position":6007,"title":"Afl 6007 Di 16 Apr","description":"Uitzending RTL 4: Di 16 Apr Sjors is op zoek naar een medestander en is blij als Nina naar haar wil luisteren. Robs plannetje begint vorm te krijgen. Ludo laat zijn mannen een inbraak plegen. Wanneer Rik eerlijk is, zet hij Zo\u00eb onbedoeld onder druk.","still":"https:\/\/img-opt.cdn.smartvod.com\/smartvod\/images\/videoland\/data\/images\/t\/d\/5caafd2b5a0a6_[format].jpg","runtime":1402,"editions":{"hd":{"price":0}},"is_downloadable":true},"E65629":{"id":65629,"ref":"E65629","type":"episode","position":6008,"title":"Afl 6008 Wo 17 Apr","description":"Uitzending RTL 4: Wo 17 Apr Linda opent een postpakket van Anton. Aysen laat onderzoek doen naar Shanti. Billy denkt aan tien jaar terug en herbeleeft een aantal levensbepalende gebeurtenissen.","still":"https:\/\/img-opt.cdn.smartvod.com\/smartvod\/images\/videoland\/data\/images\/g\/u\/5cac77b45342c_[format].jpg","runtime":1352,"editions":{"hd":{"price":0}},"is_downloadable":true},"E65628":{"id":65628,"ref":"E65628","type":"episode","position":6009,"title":"Afl 6009 Do 18 Apr","description":"Uitzending RTL 4: Do 18 Apr Tiffy kan niet wachten en doet een zwangerschapstest zonder Lucas en Flo. JoJo is het spuugzat dat zij en Lana in de klauwen van een oplichtersbende terecht gekomen zijn. Linda gaat de strijd aan met Shanti.","still":"https:\/\/img-opt.cdn.smartvod.com\/smartvod\/images\/videoland\/data\/images\/z\/z\/5cac78da8788e_[format].jpg","runtime":1385,"editions":{"hd":{"price":0}},"is_downloadable":true},"E65630":{"id":65630,"ref":"E65630","type":"episode","position":6010,"title":"Afl 6010 Vr 19 Apr","description":"Uitzending RTL 4: Vr 19 Apr Het ontsnappingsplan van JoJo lijkt te lukken, maar wordt verstoord. Een onredelijke reactie van Flo maakt Tiffy angstig voor de toekomst. Rob accepteert geen smoezen van Janine. Bing doet een verbijsterende ontdekking.","still":"https:\/\/img-opt.cdn.smartvod.com\/smartvod\/images\/videoland\/data\/images\/g\/6\/5caef1b209700_[format].jpg","runtime":1395,"editions":{"hd":{"price":0}},"is_downloadable":true},"E65778":{"id":65778,"ref":"E65778","type":"episode","position":6011,"title":"Afl 6011 Ma 22 Apr","description":"Uitzending RTL 4: Ma 22 Apr Bing schopt een rel op het politiebureau. Lana probeert JoJo te porren voor haar vluchtplannen. Nina raakt ongerust na een telefoontje van Aysen. Sjors begrijpt niet waar zij een woede-uitbarsting aan verdiend heeft.","still":"https:\/\/img-opt.cdn.smartvod.com\/smartvod\/images\/videoland\/data\/images\/6\/w\/5cb07c9cd23e7_[format].jpg","runtime":1372,"editions":{"hd":{"price":0}},"is_downloadable":true},"E65775":{"id":65775,"ref":"E65775","type":"episode","position":6012,"title":"Afl 6012 Di 23 Apr","description":"Uitzending RTL 4: Di 23 Apr Daan houdt Rik nauwlettend in de gaten en treedt hard tegen hem op. Nina merkt dat Janine zich anders gedraagt dan normaal. JoJo gaat haar eigen pad volgen, ook al is Lana het daar helemaal niet mee eens.","still":"https:\/\/img-opt.cdn.smartvod.com\/smartvod\/images\/videoland\/data\/images\/y\/m\/5cb42e4ce7285_[format].jpg","runtime":1378,"editions":{"hd":{"price":0}},"is_downloadable":true},"E65780":{"id":65780,"ref":"E65780","type":"episode","position":6013,"title":"Afl 6013 Wo 24 Apr","description":"Uitzending RTL 4: Wo 24 Apr Aysen neemt maatregelen na een illegale huiszoeking. Als Anton niet thuis is, drijft Linda de strijd met Shanti op. Shanti start een tegenactie. Ludo krijgt een lucratief aanbod. Sjors is diep teleurgesteld in Amir.","still":"https:\/\/img-opt.cdn.smartvod.com\/smartvod\/images\/videoland\/data\/images\/e\/j\/5cb42e4f7e061_[format].jpg","runtime":1343,"editions":{"hd":{"price":0}},"is_downloadable":true},"E65779":{"id":65779,"ref":"E65779","type":"episode","position":6014,"title":"Afl 6014 Do 25 Apr","description":"Uitzending RTL 4: Do 25 Apr Anton verwijt Lucas en Flo dat Tiffy door hun toedoen uit zijn leven is verdwenen. Janine gaat de strijd aan met Ludo. Als Ludo vermoedt dat dit is ingefluisterd door Rob, gaat hij verhaal halen.","still":"https:\/\/img-opt.cdn.smartvod.com\/smartvod\/images\/videoland\/data\/images\/t\/2\/5cb5c17046567_[format].jpg","runtime":1348,"editions":{"hd":{"price":0}},"is_downloadable":true},"E65781":{"id":65781,"ref":"E65781","type":"episode","position":6015,"title":"Afl 6015 Vr 26 Apr","description":"Uitzending RTL 4: Vr 26 Apr JoJo liegt over de reden waarom ze haar broer niet onder ogen kan komen. Als Rover haar zwaar teleurstelt, neemt ze een drastisch besluit. Lucas voelt zich schuldig over het voorstel dat hij aan Flo heeft gedaan.","still":"https:\/\/img-opt.cdn.smartvod.com\/smartvod\/images\/videoland\/data\/images\/0\/8\/5cb6e53c0fac6_[format].jpg","runtime":1351,"editions":{"hd":{"price":0}},"is_downloadable":true},"E65914":{"id":65914,"ref":"E65914","type":"episode","position":6016,"title":"Afl 6016 Ma 29 Apr","description":"Uitzending RTL 4: Ma 29 Apr Door Daan wordt Riks leven flink ontregeld. Sjors voert een gemeen plannetje uit. Als JoJo de waarheid vertelt, wordt ze niet direct geloofd. Laura krijgt allerlei verwijten naar haar hoofd geslingerd.","still":"https:\/\/img-opt.cdn.smartvod.com\/smartvod\/images\/videoland\/data\/images\/p\/6\/5cb9a32fd8c24_[format].jpg","runtime":1344,"editions":{"hd":{"price":0}},"is_downloadable":true},"E65916":{"id":65916,"ref":"E65916","type":"episode","position":6017,"title":"Afl 6017 Di 30 Apr","description":"Uitzending RTL 4: Di 30 Apr Anton en Shanti concluderen dat Linda totaal aan het doordraaien is. Rover wil het opnemen voor Romy, maar wordt tegengehouden. Rik gaat met andere ogen naar Louise kijken. Janine en Nina leggen hun onenigheid bij.","still":"https:\/\/img-opt.cdn.smartvod.com\/smartvod\/images\/videoland\/data\/images\/y\/y\/5cb88fcf10a79_[format].jpg","runtime":1329,"editions":{"hd":{"price":0}},"is_downloadable":true},"E65917":{"id":65917,"ref":"E65917","type":"episode","position":6018,"title":"Afl 6018 Wo 1 Mei","description":"Uitzending RTL 4: Wo 1 Mei Anton en Shanti concluderen dat Linda totaal aan het doordraaien is. Rover wil het opnemen voor Romy, maar wordt tegengehouden. Rik gaat met andere ogen naar Louise kijken. Janine en Nina leggen hun onenigheid bij.","still":"https:\/\/img-opt.cdn.smartvod.com\/smartvod\/images\/videoland\/data\/images\/w\/n\/5cbf6449c5ca6_[format].jpg","runtime":1368,"editions":{"hd":{"price":0}},"is_downloadable":true},"E65918":{"id":65918,"ref":"E65918","type":"episode","position":6019,"title":"Afl 6019 Do 2 Mei","description":"Uitzending RTL 4: Do 2 Mei Lucas wijst Flo op de mindere kanten van hun kinderwensplan. Janine snapt niet waarom al haar therapieafspraken zijn gecanceld. Billy zoekt toenadering tot Ludo om erachter te komen hoe diep zijn conflict met Janine is.","still":"https:\/\/img-opt.cdn.smartvod.com\/smartvod\/images\/videoland\/data\/images\/a\/g\/5cc0754833b1a_[format].jpg","runtime":1318,"editions":{"hd":{"price":0}},"is_downloadable":true},"E65919":{"id":65919,"ref":"E65919","type":"episode","position":6020,"title":"Afl 6020 Vr 3 Mei","description":"Uitzending RTL 4: Vr 3 Mei Lana maakt een groot gebaar in de hoop dat JoJo zich met haar wil verzoenen. JoJo schakelt Rover in om het weer bij te leggen met Bing. Ludo ergert zich enorm als Janine hem negeert.","still":"https:\/\/img-opt.cdn.smartvod.com\/smartvod\/images\/videoland\/data\/images\/6\/5\/5cc1a97beecb8_[format].jpg","runtime":1379,"editions":{"hd":{"price":0}},"is_downloadable":true},"E66086":{"id":66086,"ref":"E66086","type":"episode","position":6021,"title":"Afl 6021 Ma 6 Mei","description":"Uitzending RTL 4: Ma 6 Mei Sjors zet Lana aan tot illegale activiteiten. Romy probeert zich aan de opdringerige Amir te ontworstelen. Als Linda Rover vraagt om haar te helpen in een anti-Anton-actie, doet hij graag mee.","still":"https:\/\/img-opt.cdn.smartvod.com\/smartvod\/images\/videoland\/data\/images\/r\/3\/5cc2c647d1daa_[format].jpg","runtime":1392,"editions":{"hd":{"price":0}},"is_downloadable":true},"E66087":{"id":66087,"ref":"E66087","type":"episode","position":6022,"title":"Afl 6022 Di 7 Mei","description":"Uitzending RTL 4: Di 7 Mei Lana ontdekt dat ze er een familielid bij heeft. Janine neemt Rob in vertrouwen over iets wat ze niet eens met Ludo gedeeld heeft. Sjors kan niet geloven dat Amir de smoezen van Romy slikt.","still":"https:\/\/img-opt.cdn.smartvod.com\/smartvod\/images\/videoland\/data\/images\/g\/6\/5cc2c7673a38d_[format].jpg","runtime":1384,"editions":{"hd":{"price":0}},"is_downloadable":true},"E66089":{"id":66089,"ref":"E66089","type":"episode","position":6023,"title":"Afl 6023 Wo 8 Mei","description":"Uitzending RTL 4: Wo 8 Mei Kimberly ontdekt dat Ludo uiterst ge\u00efrriteerd raakt als Janine met Rob op pad gaat. Rik wordt beschuldigd van seksueel wangedrag. Zo\u00eb steunt hem, maar kan toch haar twijfel niet uitschakelen.","still":"https:\/\/img-opt.cdn.smartvod.com\/smartvod\/images\/videoland\/data\/images\/o\/2\/5cc2c76a0a696_[format].jpg","runtime":1356,"editions":{"hd":{"price":0}},"is_downloadable":true},"E66088":{"id":66088,"ref":"E66088","type":"episode","position":6024,"title":"Afl 6024 Do 9 Mei","description":"Uitzending RTL 4: Do 9 Mei Gedreven door drugs, neemt Linda een ondoordacht en levensbedreigend besluit. Aysen snapt Daans goede raad aan Rik niet: contact zoeken is het domste wat hij kan doen.","still":"https:\/\/img-opt.cdn.smartvod.com\/smartvod\/images\/videoland\/data\/images\/8\/w\/5cc985975e6fb_[format].jpg","runtime":1373,"editions":{"hd":{"price":0}},"is_downloadable":true},"E66085":{"id":66085,"ref":"E66085","type":"episode","position":6025,"title":"Afl 6025 Vr 10 Mei","description":"Uitzending RTL 4: Vr 10 Mei Anton en Shanti moeten strijden voor hun leven. JoJo heeft een plan om aan Bings verstikkende huisarrest te ontkomen. Sjors en Nina komen erachter wat er werkelijk aan de hand is met Romy.","still":"https:\/\/img-opt.cdn.smartvod.com\/smartvod\/images\/videoland\/data\/images\/z\/y\/5ccaec2e331ea_[format].jpg","runtime":1385,"editions":{"hd":{"price":0}},"is_downloadable":true},"E66111":{"id":66111,"ref":"E66111","type":"episode","position":6026,"title":"Afl 6026 Ma 13 Mei","description":"Uitzending RTL 4: Ma 13 Mei JoJo snapt niets van een berichtje van Rover dat hij een paar dagen weg en onbereikbaar is. Daan geniet wanneer Rik door Bing op non-actief wordt gesteld. Romy gaat over tot fysiek geweld als Sjors haar tegenwerkt.","still":"https:\/\/img-opt.cdn.smartvod.com\/smartvod\/images\/videoland\/data\/images\/6\/6\/5ccc2e7828b37_[format].jpg","runtime":1373,"editions":{"hd":{"price":0}},"is_downloadable":true},"E66112":{"id":66112,"ref":"E66112","type":"episode","position":6027,"title":"Afl 6027 Di 14 Mei","description":"Uitzending RTL 4: Di 13 Mei Linda krijgt de aanklacht tegen zich te horen. Anton kan er niet over uit dat Linda zo is veranderd. Amir moet vechten voor zijn leven. JoJo probeert Bing ervan te overtuigen dat Rover in gevaar is.","still":"https:\/\/img-opt.cdn.smartvod.com\/smartvod\/images\/videoland\/data\/images\/3\/5\/5ccc36b69468e_[format].jpg","runtime":1341,"editions":{"hd":{"price":0}},"is_downloadable":true},"E66113":{"id":66113,"ref":"E66113","type":"episode","position":6028,"title":"Afl 6028 Wo 15 Mei","description":"Uitzending RTL 4: Wo 15 Mei JoJo gaat op zoek naar aanwijzingen voor de verblijfplaats van Rover. Shanti is goed gehumeurd als ze denkt dat ze Linda verslagen heeft. Linda kan niet geloven wat ze in een schuurtje aantreft.","still":"https:\/\/img-opt.cdn.smartvod.com\/smartvod\/images\/videoland\/data\/images\/t\/l\/5cd153a2e8f83_[format].jpg","runtime":1341,"editions":{"hd":{"price":0}},"is_downloadable":true},"E66114":{"id":66114,"ref":"E66114","type":"episode","position":6029,"title":"Afl 6029 Do 16 Mei","description":"Uitzending RTL 4: Do 16 Mei Billy dringt zich aan Ludo op. Zo\u00eb wil dat Rik uit de buurt blijft van Jet. Shanti is woest op Anton en wil dat hij een eerdere verklaring intrekt. Rob trekt zijn leugens niet langer en is eindelijk eerlijk tegen Janine.","still":"https:\/\/img-opt.cdn.smartvod.com\/smartvod\/images\/videoland\/data\/images\/0\/k\/5cd28203c3b26_[format].jpg","runtime":1376,"editions":{"hd":{"price":0}},"is_downloadable":true},"E66115":{"id":66115,"ref":"E66115","type":"episode","position":6030,"title":"Afl 6030 Vr 17 Mei","description":"Uitzending RTL 4: Vr 17 Mei Zo\u00eb kan niet ontkennen wat ze gezien heeft, maar Rik voelt zich door haar verraden. Billy krijgt twee waarheden over haar dochter te horen. Janine verwijt Ludo dat hij Billy niet heeft tegengehouden.","still":"https:\/\/img-opt.cdn.smartvod.com\/smartvod\/images\/videoland\/data\/images\/h\/x\/5cd412c2e1f7d_[format].jpg","runtime":1373,"editions":{"hd":{"price":0}},"is_downloadable":true},"E66199":{"id":66199,"ref":"E66199","type":"episode","position":6031,"title":"Afl 6031 Ma 20 Mei","description":"Uitzending RTL 4: Ma 20 Mei Ludo neemt Janine in vertrouwen over zijn plannen met Billy. Anton brengt een serenade. Billy wil dat Shanti voor zichzelf kiest. Janine geeft Rob de gelegenheid om zijn kant van het verhaal te vertellen.","still":"https:\/\/img-opt.cdn.smartvod.com\/smartvod\/images\/videoland\/data\/images\/t\/c\/5cd6ce5b0e9f4_[format].jpg","runtime":1385,"editions":{"hd":{"price":0}},"is_downloadable":true},"E66208":{"id":66208,"ref":"E66208","type":"episode","position":6032,"title":"Afl 6032 Di 21 Mei","description":"Uitzending RTL 4: Di 21 Mei Shanti slikt haar babynieuws in als de situatie haar helemaal niet bevalt. JoJo is reuzeblij als Rover thuiskomt, maar is niet blij als hij er meteen vandoor wil. Billy toont aan Linda hoeveel macht zij heeft.","still":"https:\/\/img-opt.cdn.smartvod.com\/smartvod\/images\/videoland\/data\/images\/8\/w\/5cd96be75a443_[format].jpg","runtime":1380,"editions":{"hd":{"price":0}},"is_downloadable":true},"E66209":{"id":66209,"ref":"E66209","type":"episode","position":6033,"title":"Afl 6033 Wo 22 Mei","description":"Uitzending RTL 4: Vr 17 Mei JoJo waardeert het als Kimberly en Lana een anti-Rover-dag voor haar organiseren. Wat grappig begint, eindigt in een catastrofe. Aysen wil van Zo\u00eb weten wat zij precies heeft zien gebeuren tussen Rik en Jet.","still":"https:\/\/img-opt.cdn.smartvod.com\/smartvod\/images\/videoland\/data\/images\/h\/j\/5cdaa46367842_[format].jpg","runtime":1364,"editions":{"hd":{"price":0}},"is_downloadable":true},"E66200":{"id":66200,"ref":"E66200","type":"episode","position":6034,"title":"Afl 6034 Do 23 Mei","description":"Uitzending RTL 4: Do 23 Mei Daan geniet van de strubbelingen tussen Rik en Zo\u00eb. Zo\u00eb is getuige van een geheim ontmoeting. JoJo maakt misbruik van haar blessure. Nina doet moeite om haar ouders bij elkaar te houden.","still":"https:\/\/img-opt.cdn.smartvod.com\/smartvod\/images\/videoland\/data\/images\/i\/s\/5cdbd3ea8fc85_[format].jpg","runtime":1341,"editions":{"hd":{"price":0}},"is_downloadable":true},"E66201":{"id":66201,"ref":"E66201","type":"episode","position":6035,"title":"Afl 6035 Vr 24 Mei","description":"Uitzending RTL 4: Vr 24 Mei Amir wordt overrompeld door een move die hij niet zag aankomen. Linda doet grote moeite om Rover dicht bij zich te houden. Anton kan er niet tegen dat Shanti zich blijft opdringen.","still":"https:\/\/img-opt.cdn.smartvod.com\/smartvod\/images\/videoland\/data\/images\/5\/0\/5cdd117b6806a_[format].jpg","runtime":1386,"editions":{"hd":{"price":0}},"is_downloadable":true},"E66320":{"id":66320,"ref":"E66320","type":"episode","position":6036,"title":"Afl 6036 Ma 27 Mei","description":"Uitzending RTL 4: Ma 27 Mei Shanti weigert aan de eisen van Anton te voldoen. Linda is van mening dat Shanti Anton chanteert. Lucas probeert uit alle macht de aanwezigheid van 'Vic' geheim te houden.","still":"https:\/\/img-opt.cdn.smartvod.com\/smartvod\/images\/videoland\/data\/images\/2\/1\/5ce10982c994f_[format].jpg","runtime":1365,"editions":{"hd":{"price":0}},"is_downloadable":true},"E66318":{"id":66318,"ref":"E66318","type":"episode","position":6037,"title":"Afl 6037 Di 28 Mei","description":"Uitzending RTL 4: Di 28 Mei Als Aysen hoort dat Daan Rik belazerd heeft, eist ze dat hij het rechtzet. De klik tussen Zo\u00eb en Aysen zorgt voor een verhuizing. Shanti vraagt hulp aan Nina, Sjors en Amir, maar hun goede raad bevalt haar niet.","still":"https:\/\/img-opt.cdn.smartvod.com\/smartvod\/images\/videoland\/data\/images\/j\/q\/5ce2798948070_[format].jpg","runtime":1340,"editions":{"hd":{"price":0}},"is_downloadable":true},"E66322":{"id":66322,"ref":"E66322","type":"episode","position":6038,"title":"Afl 6038 Wo 29 Mei","description":"Uitzending RTL 4: Wo 29 Mei Als Billy Ludo begint te verleiden, heeft hij meteen door dat dit een test is. Anton gaat de confrontatie met Shanti aan en eist dat ze toegeeft dat ze van alles loopt te faken.","still":"https:\/\/img-opt.cdn.smartvod.com\/smartvod\/images\/videoland\/data\/images\/t\/z\/5ce2933ed81ff_[format].jpg","runtime":1347,"editions":{"hd":{"price":0}},"is_downloadable":true},"E66319":{"id":66319,"ref":"E66319","type":"episode","position":6039,"title":"Afl 6039 Do 30 Mei","description":"Uitzending RTL 4: Do 30 Mei Anton ontdekt dat hij Shanti veel eerder had moeten geloven. Nu is het te laat. Ludo ontdekt dat hij er door Billy ingeluisd is. Kimberly ontdekt dat JoJo 'Vic' al langer kent dan ze wil toegeven.","still":"https:\/\/img-opt.cdn.smartvod.com\/smartvod\/images\/videoland\/data\/images\/z\/p\/5ce297f6b2e04_[format].jpg","runtime":1373,"editions":{"hd":{"price":0}},"is_downloadable":true},"E66321":{"id":66321,"ref":"E66321","type":"episode","position":6040,"title":"Afl 6040 Vr 31 Mei","description":"Uitzending RTL 4: Vr 31 Mei Aysen wordt erbij gehaald als er plotseling iemand verdwenen is. Kimberly gaat veel te ver als ze JoJo wil aftroeven door `Vic\u00b4 te versieren. Ze krijgt wel zijn ware identiteit te horen.","still":"https:\/\/img-opt.cdn.smartvod.com\/smartvod\/images\/videoland\/data\/images\/h\/2\/5ce29803e092a_[format].jpg","runtime":1357,"editions":{"hd":{"price":0}},"is_downloadable":true},"E66533":{"id":66533,"ref":"E66533","type":"episode","position":6041,"title":"Afl 6041 Ma 3 Juni","description":"Uitzending RTL 4: Ma 3 Juni Kimberly belooft dat ze JoJo zal helpen bij het versieren van Vic. Janine wantrouwt Ludo. Als het hem officieel gevraagd wordt, ontkent Ludo elke betrokkenheid bij de vermissing van Rob.","still":"https:\/\/img-opt.cdn.smartvod.com\/smartvod\/images\/videoland\/data\/images\/p\/u\/5ce9354eacaf9_[format].jpg","runtime":1372,"editions":{"hd":{"price":0}},"is_downloadable":true},"E66526":{"id":66526,"ref":"E66526","type":"episode","position":6042,"title":"Afl 6042 Di 4 Juni","description":"Uitzending RTL 4: Di 4 Jun Lucas beraamt een plan om Ludo en Janine te herenigen. Hij heeft de hulp van Nina nodig. Zo\u00eb zorgt onbedoeld voor een ruzie tussen Rik en Laura. Daan wordt door Aysen van een interessante politiezaak afgehaald.","still":"https:\/\/img-opt.cdn.smartvod.com\/smartvod\/images\/videoland\/data\/images\/m\/7\/5cebcdcdd9406_[format].jpg","runtime":1373,"editions":{"hd":{"price":0}},"is_downloadable":true},"E66528":{"id":66528,"ref":"E66528","type":"episode","position":6043,"title":"Afl 6043 Wo 5 Juni","description":"Uitzending RTL 4: Wo 5 Jun Valentijn ontdekt dat hij teveel risico heeft genomen. Linda ziet Antons schuldgevoelens en moedigt hem aan om naar Shanti te gaan. Shanti transformeert zichzelf tot sexy stoeipoes. Billy heeft wraakplannen.","still":"https:\/\/img-opt.cdn.smartvod.com\/smartvod\/images\/videoland\/data\/images\/h\/u\/5ced170f5af9d_[format].jpg","runtime":1369,"editions":{"hd":{"price":0}},"is_downloadable":true},"E66531":{"id":66531,"ref":"E66531","type":"episode","position":6044,"title":"Afl 6044 Do 6 Juni","description":"Uitzending RTL 4: Do 6 Jun Shanti is verbijsterd als ze ontdekt wat Billy geflikt heeft. Anton behoedt Linda van een bijna fatale fout. Daan handelt overmoedig als hij Louise bij Rik weghaalt. Hij krijgt echter hulp uit onverwachte hoek.","still":"https:\/\/img-opt.cdn.smartvod.com\/smartvod\/images\/videoland\/data\/images\/n\/q\/5cee8a87513f5_[format].jpg","runtime":1319,"editions":{"hd":{"price":0}},"is_downloadable":true},"E66530":{"id":66530,"ref":"E66530","type":"episode","position":6045,"title":"Afl 6045 Vr 7 Juni","description":"Uitzending RTL 4: Vr 7 Jun Billy krijgt een melding van haar inbraakalarm. Sjors beklaagt zich bij Kimberly over de koppigheid van Amir. De oplossing die Kimberly hiervoor bedenkt, loopt helemaal mis. Zo\u00eb loopt een droomprins tegen het lijf.","still":"https:\/\/img-opt.cdn.smartvod.com\/smartvod\/images\/videoland\/data\/images\/2\/8\/5cee9fa83caad_[format].jpg","runtime":1405,"editions":{"hd":{"price":0}},"is_downloadable":true},"E66654":{"id":66654,"ref":"E66654","type":"episode","position":6046,"title":"Afl 6046 Ma 10 Juni","description":"Uitzending RTL 4: Ma 10 Jun Nina moet een dronken Shanti zien af te houden van een slecht idee. Nabil doet zich voor als iemand die hij niet is. Linda is bang voor Rovers reactie op haar verslaving.","still":"https:\/\/img-opt.cdn.smartvod.com\/smartvod\/images\/videoland\/data\/images\/j\/6\/5cf3c4d7b5924_[format].jpg","runtime":1274,"editions":{"hd":{"price":0}},"is_downloadable":true},"E66653":{"id":66653,"ref":"E66653","type":"episode","position":6047,"title":"Afl 6047 Di 11 Juni","description":"Uitzending RTL 4: Di 11 Jun Shanti belandt in het ziekenhuis. Zo\u00eb loopt onverwacht een romantische setting in en hoort wie hier verantwoordelijk voor is. JoJo zoekt toenadering tot Valentijn. Lana begrijpt echt niet waarom.","still":"https:\/\/img-opt.cdn.smartvod.com\/smartvod\/images\/videoland\/data\/images\/l\/o\/5cf4cdaa25f77_[format].jpg","runtime":1382,"editions":{"hd":{"price":0}},"is_downloadable":true},"E66655":{"id":66655,"ref":"E66655","type":"episode","position":6048,"title":"Afl 6048 Wo 12 Juni","description":"Uitzending RTL 4: Wo 12 Jun Ludo en Billy verheugen zich op de kunstveiling. Lana krijgt de uitslag van haar eindexamen. Sjors en Amir bezichtigen een huis. Janine plaatst een online oproep om Rob op te sporen.","still":"https:\/\/img-opt.cdn.smartvod.com\/smartvod\/images\/videoland\/data\/images\/j\/t\/5cf4d962cb389_[format].jpg","runtime":1380,"editions":{"hd":{"price":0}},"is_downloadable":true},"E66656":{"id":66656,"ref":"E66656","type":"episode","position":6049,"title":"Afl 6049 Do 13 Juni","description":"Uitzending RTL 4: Do 13 Jun Rover wil hogerop en moet zich daarvoor aansluiten bij de vlog van Valentijn. Ludo onthult ten overstaan van pers en publiek wat hij de hele tijd al van plan was. Valentijn vraagt JoJo om hulp bij een prank.","still":"https:\/\/img-opt.cdn.smartvod.com\/smartvod\/images\/videoland\/data\/images\/k\/e\/5cf77a06d00c8_[format].jpg","runtime":1357,"editions":{"hd":{"price":0}},"is_downloadable":true},"E66659":{"id":66659,"ref":"E66659","type":"episode","position":6050,"title":"Afl 6050 Vr 14 Juni","description":"Uitzending RTL 4: Vr 14 Jun Nabil krijgt klappen. Lucas heeft de spierballen van Valentijn nodig. Daan komt iets op het spoor. Rik ziet onrecht en schakelt de autoriteiten in. Shanti vindt het moeilijk om met de pers om te gaan.","still":"https:\/\/img-opt.cdn.smartvod.com\/smartvod\/images\/videoland\/data\/images\/t\/7\/5cf77b39e15b9_[format].jpg","runtime":1295,"editions":{"hd":{"price":0}},"is_downloadable":true},"E66773":{"id":66773,"ref":"E66773","type":"episode","position":6051,"title":"Afl 6051 Ma 17 Juni","description":"Uitzending RTL 4: Ma 17 Jun Als het conflict tussen Rik en Daan uit de hand loopt, valt er een slachtoffer. Janine wordt uit haar eigen huis gezet. Valentijn en Rover gaan een weddenschap aan met Lucas. Lana wil een tussenjaar.","still":"https:\/\/img-opt.cdn.smartvod.com\/smartvod\/images\/videoland\/data\/images\/w\/h\/5cfa2d7260c53_[format].jpg","runtime":1337,"editions":{"hd":{"price":0}},"is_downloadable":true},"E66774":{"id":66774,"ref":"E66774","type":"episode","position":6052,"title":"Afl 6052 Di 18 Juni","description":"Uitzending RTL 4: Di 18 Jun Zo\u00eb probeert Nabil op haar af te laten knappen. Anton komt in een situatie waar hij eerste hulp moet verrichten. Aysen krijgt slecht nieuws van Laura, maar er zit een positief randje aan. Rik liegt tegen de politie.","still":"https:\/\/img-opt.cdn.smartvod.com\/smartvod\/images\/videoland\/data\/images\/n\/l\/5cfa30f97f5a5_[format].jpg","runtime":1355,"editions":{"hd":{"price":0}},"is_downloadable":true},"E66778":{"id":66778,"ref":"E66778","type":"episode","position":6053,"title":"Afl 6053 Wo 19 Juni","description":"Uitzending RTL 4: Wo 19 Jun Valentijn hoopt met Shanti samen te werken tegen Nina. Als dat niet naar zijn zin is, manipuleert hij haar. Rik moet zijn aandacht verdelen tussen Zo\u00eb en Daan. Janines onderzoek naar Billy dreigt vast te lopen.","still":"https:\/\/img-opt.cdn.smartvod.com\/smartvod\/images\/videoland\/data\/images\/m\/g\/5cff517340127_[format].jpg","runtime":1383,"editions":{"hd":{"price":0}},"is_downloadable":true},"E66777":{"id":66777,"ref":"E66777","type":"episode","position":6054,"title":"Afl 6054 Do 20 Juni","description":"Uitzending RTL 4: Do 20 Jun Shanti is heel ongelukkig met een online filmpje. Sjors gaat met een concurrente de strijd aan om een huis. Als Kimberly onrecht ziet, komt ze doortastend in actie. Valentijn heeft zich in de nesten gewerkt.","still":"https:\/\/img-opt.cdn.smartvod.com\/smartvod\/images\/videoland\/data\/images\/9\/b\/5cffbf9b2e98f_[format].jpg","runtime":1341,"editions":{"hd":{"price":0}},"is_downloadable":true},"E66776":{"id":66776,"ref":"E66776","type":"episode","position":6055,"title":"Afl 6055 Vr 21 Juni","description":"Uitzending RTL 4: Vr 21 Jun JoJo wil bij het vlogteam, maar krijgt een onmogelijke toelatingsopdracht. Ludo lijkt van de aardbodem verdwenen. Shanti ziet dan Nina onwel wordt en raakt vervolgens zelf ook buiten westen.","still":"https:\/\/img-opt.cdn.smartvod.com\/smartvod\/images\/videoland\/data\/images\/o\/b\/5d02536703f5b_[format].jpg","runtime":1336,"editions":{"hd":{"price":0}},"is_downloadable":true},"E66804":{"id":66804,"ref":"E66804","type":"episode","position":6056,"title":"Afl 6056 Ma 24 Juni","description":"Uitzending RTL 4: Ma 24 Jun Rik belandt in een gevecht. Sjors moet naar de notaris en hoopt dit buiten Amir om te kunnen doen. Valentijn en Rover weten voor henzelf woonruimte te versieren. Nina heeft een mooie verrassing voor Shanti.","still":"https:\/\/img-opt.cdn.smartvod.com\/smartvod\/images\/videoland\/data\/images\/3\/j\/5d03ae42a0d4f_[format].jpg","runtime":1364,"editions":{"hd":{"price":0}},"is_downloadable":true},"E66801":{"id":66801,"ref":"E66801","type":"episode","position":6057,"title":"Afl 6057 Di 25 Juni","description":"Uitzending RTL 4: Di 25 Jun Lucas laat Zo\u00eb inzien dat ze misschien een enorme levenskans laat liggen. Bing vindt dat hij niet voldoende aandacht krijgt. Er wordt gereageerd op Janines oproep.","still":"https:\/\/img-opt.cdn.smartvod.com\/smartvod\/images\/videoland\/data\/images\/8\/f\/5d03b09e38acd_[format].jpg","runtime":1378,"editions":{"hd":{"price":0}},"is_downloadable":true},"E66803":{"id":66803,"ref":"E66803","type":"episode","position":6058,"title":"Afl 6058 Wo 26 Juni","description":"Uitzending RTL 4: Wo 26 Jun Rover en Valentijn willen, ook al is hen dat verboden, toch een kleine housewarming organiseren. Door een sabotageactie van Lana loopt dit uit de hand. Rik voelt zich machteloos na slecht nieuws uit het ziekenhuis.","still":"https:\/\/img-opt.cdn.smartvod.com\/smartvod\/images\/videoland\/data\/images\/0\/p\/5d073cce4ae69_[format].jpg","runtime":1272,"editions":{"hd":{"price":0}},"is_downloadable":true},"E66805":{"id":66805,"ref":"E66805","type":"episode","position":6059,"title":"Afl 6059 Do 27 Juni","description":"Uitzending RTL 4: Do 27 Jun Van Anton is \u00e9\u00e9n van zijn jeugdtrofee\u00ebn gestolen. Als Aysen getuige is van een geheime ontmoeting van Janine, gaat ze op onderzoek uit. Ook Nina, Lucas en Linda merken dat het niet goed gaat met Janine.","still":"https:\/\/img-opt.cdn.smartvod.com\/smartvod\/images\/videoland\/data\/images\/y\/f\/5d073cd154f83_[format].jpg","runtime":1342,"editions":{"hd":{"price":0}},"is_downloadable":true},"E66802":{"id":66802,"ref":"E66802","type":"episode","position":6060,"title":"Afl 6060 Vr 28 Juni","description":"Uitzending RTL 4: Vr 28 Jun Bing ontdekt op wie JoJo verliefd is en vindt hem niet geschikt. Lana wil het land uit en liegt over de reden. Zo\u00eb heeft een afspraak voor een date waar ze hulp bij nodig heeft.","still":"https:\/\/img-opt.cdn.smartvod.com\/smartvod\/images\/videoland\/data\/images\/q\/y\/5d073cd4491ae_[format].jpg","runtime":1330,"editions":{"hd":{"price":0}},"is_downloadable":true},"E67143":{"id":67143,"ref":"E67143","type":"episode","position":6061,"title":"Afl 6061 Ma 1 Juli","description":"Uitzending RTL 4: Ma 1 Jul Sjors is het gedram van Lana helemaal zat. Anton raakt betrokken bij een hoogoplopend arbeidsconflict. Rover en Valentijn hebben een tegengestelde visie over de inrichting van hun gezamenlijke woning.","still":"https:\/\/img-opt.cdn.smartvod.com\/smartvod\/images\/videoland\/data\/images\/m\/r\/5d09e6d66704d_[format].jpg","runtime":1380,"editions":{"hd":{"price":0}},"is_downloadable":true},"E67141":{"id":67141,"ref":"E67141","type":"episode","position":6062,"title":"Afl 6062 Di 2 Juli","description":"Uitzending RTL 4: Di 2 Jul Laura ontdekt dat Rik uitgaven doet die hij zich niet kan veroorloven. Aysen wordt betrapt bij een illegale aankoop. Het voelt voor Anton alsof hij aan een nieuw hoofdstuk in zijn leven begint.","still":"https:\/\/img-opt.cdn.smartvod.com\/smartvod\/images\/videoland\/data\/images\/e\/x\/5d0a8056ec7a1_[format].jpg","runtime":1354,"editions":{"hd":{"price":0}},"is_downloadable":true},"E67145":{"id":67145,"ref":"E67145","type":"episode","position":6063,"title":"Afl 6063 Wo 3 Juli","description":"Uitzending RTL 4: Wo 3 Jul Als Janine bij haar positieven komt, heeft ze geen idee wat er gebeurd is, waar ze zich bevindt en in wiens handen ze gevallen is. Aysen belandt in een levensgevaarlijke situatie.","still":"https:\/\/img-opt.cdn.smartvod.com\/smartvod\/images\/videoland\/data\/images\/n\/d\/5d0a8506c086e_[format].jpg","runtime":1379,"editions":{"hd":{"price":0}},"is_downloadable":true},"E67139":{"id":67139,"ref":"E67139","type":"episode","position":6064,"title":"Afl 6064 Do 4 Juli","description":"Uitzending RTL 4: Do 4 Jul Zo\u00eb is supergelukkig totdat ze ontdekt wat daar het prijskaartje van is. JoJo wordt tegen haar zin gebombardeerd tot hoofdact van de vloglancering. Bing en Nina hopen Daan te kunnen stimuleren met foute muziek.","still":"https:\/\/img-opt.cdn.smartvod.com\/smartvod\/images\/videoland\/data\/images\/e\/0\/5d0b3f5ad168e_[format].jpg","runtime":1470,"editions":{"hd":{"price":0}},"is_downloadable":true},"E67142":{"id":67142,"ref":"E67142","type":"episode","position":6065,"title":"Afl 6065 Vr 5 Juli","description":"Uitzending RTL 4: Vr 5 Jul Amir draait zijn eerste dienst op een traumahelikopter en komt in een heftig ongeluk terecht. Janine doet een schokkende ontdekking over Ludo. Nina wordt overrompeld als ze aan Daans ziekenhuisbed zit.","still":"https:\/\/img-opt.cdn.smartvod.com\/smartvod\/images\/videoland\/data\/images\/z\/0\/5d107754537b3_[format].jpg","runtime":1537,"editions":{"hd":{"price":0}},"is_downloadable":true}}}