{"id":500308,"ref":"S500308","type":"series","title":"All You Need Is Love Kerstspecial","year":2019,"rating":5,"poster":"https:\/\/img-opt.cdn.smartvod.com\/smartvod\/images\/videoland\/data\/images\/j\/u\/5fe453697a683_[format].jpg","still":"https:\/\/img-opt.cdn.smartvod.com\/smartvod\/images\/videoland\/data\/images\/4\/p\/5fe23f4ed1571_[format].jpg","cast":{"actors":["Robert ten Brink"]},"genres":["Reality"],"refs":["SN3282","SN3283","SN3284","SN3285","SN3278","SN3934"],"is_adult":false,"is_kids":false,"is_available":true,"description":"Kerstspecial waarin Robert ten Brink samen met zijn team voor hartverwarmende herenigingen en romantische verrassingen zorgt.","nicam":{"al":"Alle leeftijden"},"language":"nl","language_full":"Nederlands","details":{"SN3282":{"id":3282,"ref":"SN3282","type":"season","title":"2015","position":3},"SN3283":{"id":3283,"ref":"SN3283","type":"season","title":"2016","position":4},"SN3284":{"id":3284,"ref":"SN3284","type":"season","title":"2017","position":5},"SN3285":{"id":3285,"ref":"SN3285","type":"season","title":"2018","position":6,"refs":["E62205"]},"SN3278":{"id":3278,"ref":"SN3278","type":"season","title":"2019","position":7},"SN3934":{"id":3934,"ref":"SN3934","type":"season","title":"2020","position":8},"E62205":{"id":62205,"ref":"E62205","type":"episode","position":1,"title":"2018","description":"Kerstspecial waarin Robert ten Brink samen met zijn team voor hartverwarmende herenigingen en romantische verrassingen zorgt.","still":"https:\/\/img-opt.cdn.smartvod.com\/smartvod\/images\/videoland\/data\/images\/y\/b\/5c1f5a525b590_[format].jpg","runtime":8236,"editions":{"hd":{"price":0}},"is_downloadable":true}}}