{"id":500531,"ref":"S500531","type":"series","title":"Zeeman Confronteert","year":2022,"rating":4,"poster":"https:\/\/img-opt.cdn.smartvod.com\/smartvod\/images\/videoland\/data\/images\/u\/0\/5fa966b724b9c_[format].jpg","still":"https:\/\/img-opt.cdn.smartvod.com\/smartvod\/images\/videoland\/data\/images\/x\/1\/6283c9d32891b_[format].jpg","cast":{"actors":["Thijs Zeeman","Nico van den Dries"]},"genres":["Misdaad","Reality"],"refs":["SN3873","SN4582","SN4936"],"is_adult":false,"is_kids":false,"is_available":true,"description":"Thijs Zeeman springt in de bres voor Nederlanders die een ernstig probleem hebben waarbij niemand ze kan of wil helpen. Zeeman staat deze mensen bij, zodat zij eindelijk hun leven weer terugkrijgen.","nicam":{"al":"Alle leeftijden","taalgebruik":"Grof Taalgebruik"},"language":"nl","language_full":"Nederlands","details":{"SN3873":{"id":3873,"ref":"SN3873","type":"season","title":"1","position":1},"SN4582":{"id":4582,"ref":"SN4582","type":"season","title":"2","position":2},"SN4936":{"id":4936,"ref":"SN4936","type":"season","title":"3","position":3,"refs":["E97857","E97853","E97854","E97859","E97856","E97858","E97855"]},"E97857":{"id":97857,"ref":"E97857","type":"episode","position":1,"title":"Stalkers","description":"We zien hoe het leven van de normaal zo spontane Suzie volledig in het teken staat van haar stalkende ex, Jan. Hij kan maar niet accepteren dat zijn relatie met Suzie over is en gaat heel ver om haar proberen terug te krijgen. Vernielde auto's, achtervolgingen en op de ramen van haar woning bonken: hij deint nergens voor terug.","still":"https:\/\/img-opt.cdn.smartvod.com\/smartvod\/images\/videoland\/data\/images\/k\/x\/627bd1d6825a4_[format].jpg","runtime":2598,"editions":{"hd":{"price":0}},"is_downloadable":true},"E97853":{"id":97853,"ref":"E97853","type":"episode","position":2,"title":"Stalkers","description":"Thijs Zeeman en zijn team duiken in een zaak die ze \u00e9igenlijk al opgelost hadden: de Ameland-zaak. Daarin concludeerde het team dat het de jongste zoon van Edward was die zijn eigen gezin en hele wijk stalkte. Moeder Nynke vertelt Thijs nu dat haar dochter verschrikkelijke berichten ontvangt \u00e9n dat het vriendje van haar dochter de jongste zoon van Edward is.","still":"https:\/\/img-opt.cdn.smartvod.com\/smartvod\/images\/videoland\/data\/images\/2\/9\/628219a2ee17a_[format].jpg","runtime":2617,"editions":{"hd":{"price":0}},"is_downloadable":true},"E97854":{"id":97854,"ref":"E97854","type":"episode","position":3,"title":"Stalkers","description":"Thijs Zeeman krijgt te maken met een manier van stalken die hij nog nooit heeft meegemaakt. Het hele huis van Cherissa en haar gezin wordt digitaal overgenomen, waardoor ze zich thuis niet meer veilig voelen. De stalker gaat uiteindelijk alle grenzen over als hij seksuele berichten over hun zesjarige dochter stuurt. Alle vingers wijzen naar \u00e9\u00e9n dader, maar dan neemt de zaak een bizarre wending.","still":"https:\/\/img-opt.cdn.smartvod.com\/smartvod\/images\/videoland\/data\/images\/e\/t\/628d3955e3a50_[format].jpg","runtime":2712,"editions":{"hd":{"price":0}},"is_downloadable":true},"E97859":{"id":97859,"ref":"E97859","type":"episode","position":4,"title":"Stalkers","description":"De 38-jarige Nancy leek zeven jaar geleden een nieuwe vriendschap te hebben gesloten. Helaas blijkt het om een stalker te gaan. Bij Marco slaan alle stoppen door als blijkt dat zijn gevoelens voor Nancy niet wederzijds zijn. Midden in de nacht bonkt hij op haar deur en probeert deze zelfs met een bijl in te slaan. Zelfs nu Nancy is verhuisd, blijft hij jacht maken op haar adres en haar bedreigen.","still":"https:\/\/img-opt.cdn.smartvod.com\/smartvod\/images\/videoland\/data\/images\/e\/5\/6296610517c6f_[format].jpg","runtime":2750,"editions":{"hd":{"price":0}},"is_downloadable":true},"E97856":{"id":97856,"ref":"E97856","type":"episode","position":5,"title":"Stalkers","description":"Het leven van de Gelderse Cato wordt vier jaar geleden op zijn kop gezet als zij tijdens haar stage in de psychiatrie in aanraking komt met psychiatrisch pati\u00ebnt Berry. Na een incident op de werkvloer vreest ze continu voor haar leven. Ze wordt achtervolgd en ontvangt racistische berichten en doodsbedreigingen. Maar tijdens het onderzoek volgt er een onverwachte wending.","still":"https:\/\/img-opt.cdn.smartvod.com\/smartvod\/images\/videoland\/data\/images\/w\/s\/62b17f3dbe0fc_[format].jpg","runtime":2818,"editions":{"hd":{"price":0}},"is_downloadable":true},"E97858":{"id":97858,"ref":"E97858","type":"episode","position":6,"title":"Stalkers","description":"Thijs Zeeman en zijn team schieten de 29-jarige Rafaela te hulp om een van de heftigste stalkers ooit te stoppen. Rafaela heeft jaren gevangen gezeten in een gewelddadige relatie. En iedere keer als ze de relatie verbreekt, ontploft haar inmiddels ex en schroomt hij niet voor extreme daden. Ook hun 4-jarige zoontje wordt betrokken in de stalking.","still":"https:\/\/img-opt.cdn.smartvod.com\/smartvod\/images\/videoland\/data\/images\/b\/b\/62b17cfb1af6a_[format].jpg","runtime":2779,"editions":{"hd":{"price":0}},"is_downloadable":true},"E97855":{"id":97855,"ref":"E97855","type":"episode","position":7,"title":"Stalkers","description":"Eric en Yasinee proberen hun Thaise vriendin Foncy te helpen als zij niet langer verder wil in haar relatie. En dat komt hen extreem duur te staan. Vanaf het moment dat zij haar onderdak bieden, kennen ze geen rust meer. Met onder meer nachtelijke schreeuwpartijen voor hun deur, meerdere lekgestoken banden, bekraste auto's en zelf stenen door de ruiten. Nergens voelen ze zich meer veilig.","still":"https:\/\/img-opt.cdn.smartvod.com\/smartvod\/images\/videoland\/data\/images\/u\/2\/62b1dbd30e697_[format].jpg","runtime":2795,"editions":{"hd":{"price":0}},"is_downloadable":true}}}