{"id":500598,"ref":"S500598","type":"series","title":"Dit Is Holland","year":2022,"rating":4,"poster":"https:\/\/img-opt.cdn.smartvod.com\/smartvod\/images\/videoland\/data\/images\/e\/4\/601d9f3b8c798_[format].jpg","still":"https:\/\/img-opt.cdn.smartvod.com\/smartvod\/images\/videoland\/data\/images\/5\/k\/6307354bc1290_[format].jpg","cast":{"actors":["Dirk Taat"]},"genres":["Lifestyle"],"refs":["SN4078","SN4440","SN4793","SN5172"],"is_adult":false,"is_kids":false,"is_available":true,"description":"We reizen stad en land af op zoek naar passievolle verhalen uit ondernemend Nederland. Daarbij horen we persoonlijke verhalen, ontdekken bijzondere achtergronden en krijgen een uniek kijkje achter de schermen. Wie zitten er achter al onze dagelijkse producten en goederen? Presentator Dirk Taat bezoekt ondertussen een locatie in de regio van die week.","nicam":{"al":"Alle leeftijden"},"language":"nl","language_full":"Nederlands","details":{"SN4078":{"id":4078,"ref":"SN4078","type":"season","title":"2","position":2},"SN4440":{"id":4440,"ref":"SN4440","type":"season","title":"3","position":3},"SN4793":{"id":4793,"ref":"SN4793","type":"season","title":"4","position":4},"SN5172":{"id":5172,"ref":"SN5172","type":"season","title":"5","position":5,"refs":["E102293","E102294","E102281","E102323","E102429","E102564","E102620","E102705"]},"E102293":{"id":102293,"ref":"E102293","type":"episode","position":1,"title":"","description":"We reizen stad en land af op zoek naar passievolle verhalen uit ondernemend Nederland. Daarbij horen we persoonlijke verhalen, ontdekken bijzondere achtergronden en krijgen een uniek kijkje achter de schermen. Wie zitten er achter al onze dagelijkse producten en goederen? Presentator Dirk Taat bezoekt ondertussen een locatie in de regio van die week.","still":"https:\/\/img-opt.cdn.smartvod.com\/smartvod\/images\/videoland\/data\/images\/5\/k\/6307354bc1290_[format].jpg","runtime":1320,"editions":{"hd":{"price":0}},"is_downloadable":false},"E102294":{"id":102294,"ref":"E102294","type":"episode","position":2,"title":"","description":"We reizen stad en land af op zoek naar passievolle verhalen uit ondernemend Nederland. Daarbij horen we persoonlijke verhalen, ontdekken bijzondere achtergronden en krijgen een uniek kijkje achter de schermen. Wie zitten er achter al onze dagelijkse producten en goederen? Presentator Dirk Taat bezoekt ondertussen een locatie in de regio van die week.","still":"https:\/\/img-opt.cdn.smartvod.com\/smartvod\/images\/videoland\/data\/images\/7\/3\/6308bceed1569_[format].jpg","runtime":1320,"editions":{"hd":{"price":0}},"is_downloadable":false},"E102281":{"id":102281,"ref":"E102281","type":"episode","position":3,"title":"","description":"We reizen stad en land af op zoek naar passievolle verhalen uit ondernemend Nederland. Daarbij horen we persoonlijke verhalen, ontdekken bijzondere achtergronden en krijgen een uniek kijkje achter de schermen. Wie zitten er achter al onze dagelijkse producten en goederen? Presentator Dirk Taat bezoekt ondertussen een locatie in de regio van die week.","still":"https:\/\/img-opt.cdn.smartvod.com\/smartvod\/images\/videoland\/data\/images\/e\/f\/6311e1b68eefb_[format].jpg","runtime":1320,"editions":{"hd":{"price":0}},"is_downloadable":false},"E102323":{"id":102323,"ref":"E102323","type":"episode","position":4,"title":"","description":"We reizen stad en land af op zoek naar passievolle verhalen uit ondernemend Nederland. Daarbij horen we persoonlijke verhalen, ontdekken bijzondere achtergronden en krijgen een uniek kijkje achter de schermen. Wie zitten er achter al onze dagelijkse producten en goederen? Presentator Dirk Taat bezoekt ondertussen een locatie in de regio van die week.","still":"https:\/\/img-opt.cdn.smartvod.com\/smartvod\/images\/videoland\/data\/images\/s\/e\/631b4817917e7_[format].jpg","runtime":1320,"editions":{"hd":{"price":0}},"is_downloadable":false},"E102429":{"id":102429,"ref":"E102429","type":"episode","position":5,"title":"","description":"We reizen stad en land af op zoek naar passievolle verhalen uit ondernemend Nederland. Daarbij horen we persoonlijke verhalen, ontdekken bijzondere achtergronden en krijgen een uniek kijkje achter de schermen. Wie zitten er achter al onze dagelijkse producten en goederen? Presentator Dirk Taat bezoekt ondertussen een locatie in de regio van die week.","still":"https:\/\/img-opt.cdn.smartvod.com\/smartvod\/images\/videoland\/data\/images\/z\/t\/632481017487c_[format].jpg","runtime":1320,"editions":{"hd":{"price":0}},"is_downloadable":false},"E102564":{"id":102564,"ref":"E102564","type":"episode","position":6,"title":"","description":"We reizen stad en land af op zoek naar passievolle verhalen uit ondernemend Nederland. Daarbij horen we persoonlijke verhalen, ontdekken bijzondere achtergronden en krijgen een uniek kijkje achter de schermen. Wie zitten er achter al onze dagelijkse producten en goederen? Presentator Dirk Taat bezoekt ondertussen een locatie in de regio van die week.","still":"https:\/\/img-opt.cdn.smartvod.com\/smartvod\/images\/videoland\/data\/images\/0\/4\/632c7fbf4c519_[format].jpg","runtime":1320,"editions":{"hd":{"price":0}},"is_downloadable":false},"E102620":{"id":102620,"ref":"E102620","type":"episode","position":7,"title":"","description":"We reizen stad en land af op zoek naar passievolle verhalen uit ondernemend Nederland. Daarbij horen we persoonlijke verhalen, ontdekken bijzondere achtergronden en krijgen een uniek kijkje achter de schermen. Wie zitten er achter al onze dagelijkse producten en goederen? Presentator Dirk Taat bezoekt ondertussen een locatie in de regio van die week.","still":"https:\/\/img-opt.cdn.smartvod.com\/smartvod\/images\/videoland\/data\/images\/l\/b\/6336cb6e80ba6_[format].jpg","runtime":1320,"editions":{"hd":{"price":0}},"is_downloadable":false},"E102705":{"id":102705,"ref":"E102705","type":"episode","position":8,"title":"","description":"We reizen stad en land af op zoek naar passievolle verhalen uit ondernemend Nederland. Daarbij horen we persoonlijke verhalen, ontdekken bijzondere achtergronden en krijgen een uniek kijkje achter de schermen. Wie zitten er achter al onze dagelijkse producten en goederen? Presentator Dirk Taat bezoekt ondertussen een locatie in de regio van die week.","still":"https:\/\/img-opt.cdn.smartvod.com\/smartvod\/images\/videoland\/data\/images\/7\/6\/633fe5d29ebed_[format].jpg","runtime":1320,"editions":{"hd":{"price":0}},"is_downloadable":false}}}