{"id":665,"ref":"S665","type":"series","title":"Robocar Poli","year":2011,"rating":4,"poster":"https:\/\/img-opt.cdn.smartvod.com\/smartvod\/images\/videoland\/data\/images\/x\/4\/5970abadc407f_[format].jpg","still":"https:\/\/img-opt.cdn.smartvod.com\/smartvod\/images\/videoland\/data\/images\/w\/a\/57ebd8a5c062c_[format].jpg","cast":{},"genres":["Kids","Animatie"],"refs":["SN1183","SN3162"],"is_adult":false,"is_kids":true,"is_available":true,"description":"Het Robocarteam is een groepje hulpvoertuigen met speciale eigenschappen. Ze staan altijd klaar om de mensen in Broom's Town te redden uit gevaarlijke situaties.","nicam":{"al":"Alle leeftijden"},"language":"nl","language_full":"Nederlands","details":{"SN1183":{"id":1183,"ref":"SN1183","type":"season","title":"1","position":1},"SN3162":{"id":3162,"ref":"SN3162","type":"season","title":"3","position":3,"refs":["E71669","E71674","E71682","E71671","E71690","E71676","E71677","E71678","E71665","E71689","E71673","E71686","E71672","E71679","E71683","E71675","E71667","E71688","E71668","E71687","E71685","E71681","E71666","E71680"]},"E71669":{"id":71669,"ref":"E71669","type":"episode","position":3,"title":"Maak je Geen Zorgen, Bussie","description":"Animatieserie over het Robocar-team, een groepje hulpvoertuigen met speciale eigenschappen. Ze staan altijd klaar om de mensen in Bezemstad te redden uit gevaarlijke situaties.","still":"https:\/\/img-opt.cdn.smartvod.com\/smartvod\/images\/videoland\/data\/images\/w\/i\/5e1847c34d2c7_[format].jpg","runtime":746,"editions":{"hd":{"price":0}},"is_downloadable":true},"E71674":{"id":71674,"ref":"E71674","type":"episode","position":4,"title":"Duwers Kleine Neefje","description":"Animatieserie over het Robocar-team, een groepje hulpvoertuigen met speciale eigenschappen. Ze staan altijd klaar om de mensen in Bezemstad te redden uit gevaarlijke situaties.","still":"https:\/\/img-opt.cdn.smartvod.com\/smartvod\/images\/videoland\/data\/images\/t\/r\/5e1847c0b7ddb_[format].jpg","runtime":746,"editions":{"hd":{"price":0}},"is_downloadable":true},"E71682":{"id":71682,"ref":"E71682","type":"episode","position":5,"title":"Een Cadeau Voor Poetsie","description":"Animatieserie over het Robocar-team, een groepje hulpvoertuigen met speciale eigenschappen. Ze staan altijd klaar om de mensen in Bezemstad te redden uit gevaarlijke situaties.","still":"https:\/\/img-opt.cdn.smartvod.com\/smartvod\/images\/videoland\/data\/images\/j\/h\/5e1847d8580da_[format].jpg","runtime":746,"editions":{"hd":{"price":0}},"is_downloadable":true},"E71671":{"id":71671,"ref":"E71671","type":"episode","position":6,"title":"Ons Geheime Clubhuis","description":"Animatieserie over het Robocar-team, een groepje hulpvoertuigen met speciale eigenschappen. Ze staan altijd klaar om de mensen in Bezemstad te redden uit gevaarlijke situaties.","still":"https:\/\/img-opt.cdn.smartvod.com\/smartvod\/images\/videoland\/data\/images\/h\/j\/5e1848ce62646_[format].jpg","runtime":746,"editions":{"hd":{"price":0}},"is_downloadable":true},"E71690":{"id":71690,"ref":"E71690","type":"episode","position":7,"title":"Terry's Nieuwe Vriend","description":"Animatieserie over het Robocar-team, een groepje hulpvoertuigen met speciale eigenschappen. Ze staan altijd klaar om de mensen in Bezemstad te redden uit gevaarlijke situaties.","still":"https:\/\/img-opt.cdn.smartvod.com\/smartvod\/images\/videoland\/data\/images\/4\/c\/5e1847cb51921_[format].jpg","runtime":746,"editions":{"hd":{"price":0}},"is_downloadable":true},"E71676":{"id":71676,"ref":"E71676","type":"episode","position":8,"title":"Heli's Windmolentje","description":"Animatieserie over het Robocar-team, een groepje hulpvoertuigen met speciale eigenschappen. Ze staan altijd klaar om de mensen in Bezemstad te redden uit gevaarlijke situaties.","still":"https:\/\/img-opt.cdn.smartvod.com\/smartvod\/images\/videoland\/data\/images\/i\/m\/5e1847be42b57_[format].jpg","runtime":746,"editions":{"hd":{"price":0}},"is_downloadable":true},"E71677":{"id":71677,"ref":"E71677","type":"episode","position":9,"title":"Micky is Eenzaam","description":"Animatieserie over het Robocar-team, een groepje hulpvoertuigen met speciale eigenschappen. Ze staan altijd klaar om de mensen in Bezemstad te redden uit gevaarlijke situaties.","still":"https:\/\/img-opt.cdn.smartvod.com\/smartvod\/images\/videoland\/data\/images\/b\/s\/5e184a022e778_[format].jpg","runtime":746,"editions":{"hd":{"price":0}},"is_downloadable":true},"E71678":{"id":71678,"ref":"E71678","type":"episode","position":10,"title":"Tot Hier en Niet Verder","description":"Animatieserie over het Robocar-team, een groepje hulpvoertuigen met speciale eigenschappen. Ze staan altijd klaar om de mensen in Bezemstad te redden uit gevaarlijke situaties.","still":"https:\/\/img-opt.cdn.smartvod.com\/smartvod\/images\/videoland\/data\/images\/f\/l\/5e1848d3b0535_[format].jpg","runtime":746,"editions":{"hd":{"price":0}},"is_downloadable":true},"E71665":{"id":71665,"ref":"E71665","type":"episode","position":11,"title":"Schilderen Maar","description":"Animatieserie over het Robocar-team, een groepje hulpvoertuigen met speciale eigenschappen. Ze staan altijd klaar om de mensen in Bezemstad te redden uit gevaarlijke situaties.","still":"https:\/\/img-opt.cdn.smartvod.com\/smartvod\/images\/videoland\/data\/images\/h\/d\/5e1847ae49b6c_[format].jpg","runtime":746,"editions":{"hd":{"price":0}},"is_downloadable":true},"E71689":{"id":71689,"ref":"E71689","type":"episode","position":12,"title":"Ik Zoek een Vriendje","description":"Animatieserie over het Robocar-team, een groepje hulpvoertuigen met speciale eigenschappen. Ze staan altijd klaar om de mensen in Bezemstad te redden uit gevaarlijke situaties.","still":"https:\/\/img-opt.cdn.smartvod.com\/smartvod\/images\/videoland\/data\/images\/v\/5\/5e1849ff632d1_[format].jpg","runtime":746,"editions":{"hd":{"price":0}},"is_downloadable":true},"E71673":{"id":71673,"ref":"E71673","type":"episode","position":13,"title":"Help Me van M'n Hik Af","description":"Animatieserie over het Robocar-team, een groepje hulpvoertuigen met speciale eigenschappen. Ze staan altijd klaar om de mensen in Bezemstad te redden uit gevaarlijke situaties.","still":"https:\/\/img-opt.cdn.smartvod.com\/smartvod\/images\/videoland\/data\/images\/4\/f\/5e1847a4b4180_[format].jpg","runtime":746,"editions":{"hd":{"price":0}},"is_downloadable":true},"E71686":{"id":71686,"ref":"E71686","type":"episode","position":14,"title":"Poli's Geheim","description":"Animatieserie over het Robocar-team, een groepje hulpvoertuigen met speciale eigenschappen. Ze staan altijd klaar om de mensen in Bezemstad te redden uit gevaarlijke situaties.","still":"https:\/\/img-opt.cdn.smartvod.com\/smartvod\/images\/videoland\/data\/images\/9\/c\/5e1849f74522a_[format].jpg","runtime":746,"editions":{"hd":{"price":0}},"is_downloadable":true},"E71672":{"id":71672,"ref":"E71672","type":"episode","position":15,"title":"De Uitnodiging","description":"Animatieserie over het Robocar-team, een groepje hulpvoertuigen met speciale eigenschappen. Ze staan altijd klaar om de mensen in Bezemstad te redden uit gevaarlijke situaties.","still":"https:\/\/img-opt.cdn.smartvod.com\/smartvod\/images\/videoland\/data\/images\/8\/p\/5e18468ccb14e_[format].jpg","runtime":746,"editions":{"hd":{"price":0}},"is_downloadable":true},"E71679":{"id":71679,"ref":"E71679","type":"episode","position":16,"title":"Spookie Doet Alsof","description":"Animatieserie over het Robocar-team, een groepje hulpvoertuigen met speciale eigenschappen. Ze staan altijd klaar om de mensen in Bezemstad te redden uit gevaarlijke situaties.","still":"https:\/\/img-opt.cdn.smartvod.com\/smartvod\/images\/videoland\/data\/images\/3\/x\/5e18479f164f1_[format].jpg","runtime":746,"editions":{"hd":{"price":0}},"is_downloadable":true},"E71683":{"id":71683,"ref":"E71683","type":"episode","position":17,"title":"Alles Verwisseld","description":"Animatieserie over het Robocar-team, een groepje hulpvoertuigen met speciale eigenschappen. Ze staan altijd klaar om de mensen in Bezemstad te redden uit gevaarlijke situaties.","still":"https:\/\/img-opt.cdn.smartvod.com\/smartvod\/images\/videoland\/data\/images\/0\/n\/5e1847b0b9284_[format].jpg","runtime":746,"editions":{"hd":{"price":0}},"is_downloadable":true},"E71675":{"id":71675,"ref":"E71675","type":"episode","position":18,"title":"Eerlijk Zeggen","description":"Animatieserie over het Robocar-team, een groepje hulpvoertuigen met speciale eigenschappen. Ze staan altijd klaar om de mensen in Bezemstad te redden uit gevaarlijke situaties.","still":"https:\/\/img-opt.cdn.smartvod.com\/smartvod\/images\/videoland\/data\/images\/d\/v\/5e1847c873765_[format].jpg","runtime":746,"editions":{"hd":{"price":0}},"is_downloadable":true},"E71667":{"id":71667,"ref":"E71667","type":"episode","position":19,"title":"Er Zijn Wel Regels","description":"Animatieserie over het Robocar-team, een groepje hulpvoertuigen met speciale eigenschappen. Ze staan altijd klaar om de mensen in Bezemstad te redden uit gevaarlijke situaties.","still":"https:\/\/img-opt.cdn.smartvod.com\/smartvod\/images\/videoland\/data\/images\/q\/8\/5e1847bbc1acb_[format].jpg","runtime":746,"editions":{"hd":{"price":0}},"is_downloadable":true},"E71688":{"id":71688,"ref":"E71688","type":"episode","position":20,"title":"U Kunt Het, Meneer Bouwer","description":"Animatieserie over het Robocar-team, een groepje hulpvoertuigen met speciale eigenschappen. Ze staan altijd klaar om de mensen in Bezemstad te redden uit gevaarlijke situaties.","still":"https:\/\/img-opt.cdn.smartvod.com\/smartvod\/images\/videoland\/data\/images\/x\/9\/5e1847c5cbac7_[format].jpg","runtime":746,"editions":{"hd":{"price":0}},"is_downloadable":true},"E71668":{"id":71668,"ref":"E71668","type":"episode","position":21,"title":"Poetsie Wordt Boos","description":"Animatieserie over het Robocar-team, een groepje hulpvoertuigen met speciale eigenschappen. Ze staan altijd klaar om de mensen in Bezemstad te redden uit gevaarlijke situaties.","still":"https:\/\/img-opt.cdn.smartvod.com\/smartvod\/images\/videoland\/data\/images\/o\/y\/5e18467f03eea_[format].jpg","runtime":746,"editions":{"hd":{"price":0}},"is_downloadable":true},"E71687":{"id":71687,"ref":"E71687","type":"episode","position":22,"title":"Max Krijgt Een Vis","description":"Animatieserie over het Robocar-team, een groepje hulpvoertuigen met speciale eigenschappen. Ze staan altijd klaar om de mensen in Bezemstad te redden uit gevaarlijke situaties.","still":"https:\/\/img-opt.cdn.smartvod.com\/smartvod\/images\/videoland\/data\/images\/d\/u\/5e1847d03b060_[format].jpg","runtime":746,"editions":{"hd":{"price":0}},"is_downloadable":true},"E71685":{"id":71685,"ref":"E71685","type":"episode","position":23,"title":"De Warmste Dag in Bezemstad","description":"Animatieserie over het Robocar-team, een groepje hulpvoertuigen met speciale eigenschappen. Ze staan altijd klaar om de mensen in Bezemstad te redden uit gevaarlijke situaties.","still":"https:\/\/img-opt.cdn.smartvod.com\/smartvod\/images\/videoland\/data\/images\/4\/g\/5e1847d5e13cd_[format].jpg","runtime":746,"editions":{"hd":{"price":0}},"is_downloadable":true},"E71681":{"id":71681,"ref":"E71681","type":"episode","position":24,"title":"De Medaille Voor Mevrouw Bel","description":"Animatieserie over het Robocar-team, een groepje hulpvoertuigen met speciale eigenschappen. Ze staan altijd klaar om de mensen in Bezemstad te redden uit gevaarlijke situaties.","still":"https:\/\/img-opt.cdn.smartvod.com\/smartvod\/images\/videoland\/data\/images\/m\/o\/5e1847d31fd2d_[format].jpg","runtime":746,"editions":{"hd":{"price":0}},"is_downloadable":true},"E71666":{"id":71666,"ref":"E71666","type":"episode","position":25,"title":"Wie is Het Grootst","description":"Animatieserie over het Robocar-team, een groepje hulpvoertuigen met speciale eigenschappen. Ze staan altijd klaar om de mensen in Bezemstad te redden uit gevaarlijke situaties.","still":"https:\/\/img-opt.cdn.smartvod.com\/smartvod\/images\/videoland\/data\/images\/c\/z\/5e1847b8eac6e_[format].jpg","runtime":746,"editions":{"hd":{"price":0}},"is_downloadable":true},"E71680":{"id":71680,"ref":"E71680","type":"episode","position":26,"title":"Ambers Training","description":"Animatieserie over het Robocar-team, een groepje hulpvoertuigen met speciale eigenschappen. Ze staan altijd klaar om de mensen in Bezemstad te redden uit gevaarlijke situaties.","still":"https:\/\/img-opt.cdn.smartvod.com\/smartvod\/images\/videoland\/data\/images\/w\/m\/5e1848d10bca5_[format].jpg","runtime":746,"editions":{"hd":{"price":0}},"is_downloadable":true}}}