{"id":500970,"ref":"S500970","type":"series","title":"Glory Numbered","year":2022,"rating":5,"poster":"https:\/\/img-opt.cdn.smartvod.com\/smartvod\/images\/videoland\/data\/images\/3\/i\/630e0786e6550_[format].jpg","still":"https:\/\/img-opt.cdn.smartvod.com\/smartvod\/images\/videoland\/data\/images\/1\/v\/63008a3dd9471_[format].jpg","cast":{},"genres":[],"refs":["SN5112","SN5113","SN5114","SN5115","SN5116","SN5117"],"is_adult":false,"is_kids":false,"is_available":true,"description":"Glory is een internationale kickboksorganisatie, met tientallen georganiseerde gevechten per jaar.","nicam":{"16":"Mogelijk schadelijk tot 16 jaar","geweld":"Geweld","taalgebruik":"Grof Taalgebruik"},"language":"en","language_full":"Engels","details":{"SN5112":{"id":5112,"ref":"SN5112","type":"season","title":"Glory 76","position":1},"SN5113":{"id":5113,"ref":"SN5113","type":"season","title":"Glory 77","position":2},"SN5114":{"id":5114,"ref":"SN5114","type":"season","title":"Glory 78","position":3,"refs":["E101615","E102210","E102206","E102198"]},"SN5115":{"id":5115,"ref":"SN5115","type":"season","title":"Glory 79","position":4},"SN5116":{"id":5116,"ref":"SN5116","type":"season","title":"Glory 80","position":5},"SN5117":{"id":5117,"ref":"SN5117","type":"season","title":"Glory 81","position":6},"E101615":{"id":101615,"ref":"E101615","type":"episode","position":1,"title":"Glory 78: Hari vs Wrzosek","description":"Kickbokslegende Badr Hari neemt het op tegen uitdager Arkadiusz Wrzosek. Alex Pereira verdedigt zijn titel tegen Artem Vakhitov.","still":"https:\/\/img-opt.cdn.smartvod.com\/smartvod\/images\/videoland\/data\/images\/o\/b\/62ffd0a8999a9_[format].jpg","runtime":12412,"editions":{"hd":{"price":0}},"is_downloadable":false},"E102210":{"id":102210,"ref":"E102210","type":"episode","position":2,"title":"Glory 78: Tavares vs Micheletti (Fight)","description":"Verslag van de wedstrijd tussen Luis Tavares en Felipe Micheletti.","still":"https:\/\/img-opt.cdn.smartvod.com\/smartvod\/images\/videoland\/data\/images\/x\/f\/62ffd0c2255f8_[format].jpg","runtime":1590,"editions":{"hd":{"price":0}},"is_downloadable":false},"E102206":{"id":102206,"ref":"E102206","type":"episode","position":3,"title":"Glory 78: Rigters vs. Mozny (Fight)","description":"Verslag van de wedstrijd tussen Levi Rigters en Tomas Mozny.","still":"https:\/\/img-opt.cdn.smartvod.com\/smartvod\/images\/videoland\/data\/images\/z\/l\/62ffd0ce84c4f_[format].jpg","runtime":1298,"editions":{"hd":{"price":0}},"is_downloadable":false},"E102198":{"id":102198,"ref":"E102198","type":"episode","position":4,"title":"Glory 78: Hari vs Wrzosek (Fight)","description":"Verslag van de wedstrijd tussen Badr Hari en  Arkadiusz Wrzosek.","still":"https:\/\/img-opt.cdn.smartvod.com\/smartvod\/images\/videoland\/data\/images\/o\/t\/62ffd0dc175b2_[format].jpg","runtime":1513,"editions":{"hd":{"price":0}},"is_downloadable":false}}}