{"id":500848,"ref":"S500848","type":"series","title":"Who's The Boss","year":1991,"rating":4,"poster":"https:\/\/img-opt.cdn.smartvod.com\/smartvod\/images\/videoland\/data\/images\/3\/m\/61f12bd6d6d1c_[format].jpg","still":"https:\/\/img-opt.cdn.smartvod.com\/smartvod\/images\/videoland\/data\/images\/f\/v\/6218ea54db530_[format].jpg","cast":{"actors":["Tony Danza","Judith Light","Alyssa Milano","Danny Pintauro","Katherine Helmond"]},"genres":["Komedie"],"refs":["SN4798","SN4799","SN4800","SN4801","SN4803","SN4804","SN4805","SN4807"],"is_adult":false,"is_kids":false,"is_available":true,"description":"Weduwnaar en voormalig honkbalprof Tony neemt een baan aan als huishoudhulp bij zakenvrouw Angela en haar zoon. Hij trekt samen met zijn dochter bij hen in en probeert het rommelige huishouden op orde te krijgen. Het lijkt een match made in heaven, of toch niet?","nicam":{"al":"Alle leeftijden"},"language":"en","language_full":"Engels","details":{"SN4798":{"id":4798,"ref":"SN4798","type":"season","title":"1","position":1},"SN4799":{"id":4799,"ref":"SN4799","type":"season","title":"2","position":2},"SN4800":{"id":4800,"ref":"SN4800","type":"season","title":"3","position":3,"refs":["E95634","E95635","E95599","E95624","E95588","E95619","E95613","E95601","E95630","E95600","E95627","E95632","E95594","E95629","E95631","E95612","E95633","E95622","E95620","E95621","E95625","E95623","E95628","E95626"]},"SN4801":{"id":4801,"ref":"SN4801","type":"season","title":"4","position":4},"SN4803":{"id":4803,"ref":"SN4803","type":"season","title":"5","position":5},"SN4804":{"id":4804,"ref":"SN4804","type":"season","title":"6","position":6},"SN4805":{"id":4805,"ref":"SN4805","type":"season","title":"7","position":7},"SN4807":{"id":4807,"ref":"SN4807","type":"season","title":"8","position":8},"E95634":{"id":95634,"ref":"E95634","type":"episode","position":1,"title":"Angela Gets Fired (part 1)","description":"Weduwnaar en voormalig honkbalprof Tony neemt een baan aan als huishoudhulp bij zakenvrouw Angela en haar zoon. Hij trekt samen met zijn dochter bij hen in en probeert het rommelige huishouden op orde te krijgen. Het lijkt een match made in heaven, of toch niet?","still":"https:\/\/img-opt.cdn.smartvod.com\/smartvod\/images\/videoland\/data\/images\/g\/o\/6218dfd7eca9f_[format].jpg","runtime":1421,"editions":{"hd":{"price":0}},"is_downloadable":true},"E95635":{"id":95635,"ref":"E95635","type":"episode","position":2,"title":"Angela Gets Fired (part 2)","description":"Weduwnaar en voormalig honkbalprof Tony neemt een baan aan als huishoudhulp bij zakenvrouw Angela en haar zoon. Hij trekt samen met zijn dochter bij hen in en probeert het rommelige huishouden op orde te krijgen. Het lijkt een match made in heaven, of toch niet?","still":"https:\/\/img-opt.cdn.smartvod.com\/smartvod\/images\/videoland\/data\/images\/t\/x\/6218e46aa2f10_[format].jpg","runtime":1428,"editions":{"hd":{"price":0}},"is_downloadable":true},"E95599":{"id":95599,"ref":"E95599","type":"episode","position":3,"title":"Daddy's Little Montague Girl","description":"Weduwnaar en voormalig honkbalprof Tony neemt een baan aan als huishoudhulp bij zakenvrouw Angela en haar zoon. Hij trekt samen met zijn dochter bij hen in en probeert het rommelige huishouden op orde te krijgen. Het lijkt een match made in heaven, of toch niet?","still":"https:\/\/img-opt.cdn.smartvod.com\/smartvod\/images\/videoland\/data\/images\/w\/1\/6218e100d425f_[format].jpg","runtime":1423,"editions":{"hd":{"price":0}},"is_downloadable":true},"E95624":{"id":95624,"ref":"E95624","type":"episode","position":4,"title":"Mona's Limo","description":"Weduwnaar en voormalig honkbalprof Tony neemt een baan aan als huishoudhulp bij zakenvrouw Angela en haar zoon. Hij trekt samen met zijn dochter bij hen in en probeert het rommelige huishouden op orde te krijgen. Het lijkt een match made in heaven, of toch niet?","still":"https:\/\/img-opt.cdn.smartvod.com\/smartvod\/images\/videoland\/data\/images\/r\/d\/6218e7fa8e718_[format].jpg","runtime":1422,"editions":{"hd":{"price":0}},"is_downloadable":true},"E95588":{"id":95588,"ref":"E95588","type":"episode","position":5,"title":"The Hickey","description":"Weduwnaar en voormalig honkbalprof Tony neemt een baan aan als huishoudhulp bij zakenvrouw Angela en haar zoon. Hij trekt samen met zijn dochter bij hen in en probeert het rommelige huishouden op orde te krijgen. Het lijkt een match made in heaven, of toch niet?","still":"https:\/\/img-opt.cdn.smartvod.com\/smartvod\/images\/videoland\/data\/images\/0\/9\/6218e214f4185_[format].jpg","runtime":1424,"editions":{"hd":{"price":0}},"is_downloadable":true},"E95619":{"id":95619,"ref":"E95619","type":"episode","position":6,"title":"Wedding Bells","description":"Weduwnaar en voormalig honkbalprof Tony neemt een baan aan als huishoudhulp bij zakenvrouw Angela en haar zoon. Hij trekt samen met zijn dochter bij hen in en probeert het rommelige huishouden op orde te krijgen. Het lijkt een match made in heaven, of toch niet?","still":"https:\/\/img-opt.cdn.smartvod.com\/smartvod\/images\/videoland\/data\/images\/5\/m\/6218e346efd00_[format].jpg","runtime":1424,"editions":{"hd":{"price":0}},"is_downloadable":true},"E95613":{"id":95613,"ref":"E95613","type":"episode","position":7,"title":"Jonathan The Gymnast","description":"Weduwnaar en voormalig honkbalprof Tony neemt een baan aan als huishoudhulp bij zakenvrouw Angela en haar zoon. Hij trekt samen met zijn dochter bij hen in en probeert het rommelige huishouden op orde te krijgen. Het lijkt een match made in heaven, of toch niet?","still":"https:\/\/img-opt.cdn.smartvod.com\/smartvod\/images\/videoland\/data\/images\/z\/i\/6218e0ee2b299_[format].jpg","runtime":1422,"editions":{"hd":{"price":0}},"is_downloadable":true},"E95601":{"id":95601,"ref":"E95601","type":"episode","position":8,"title":"Semi-Private Lives","description":"Weduwnaar en voormalig honkbalprof Tony neemt een baan aan als huishoudhulp bij zakenvrouw Angela en haar zoon. Hij trekt samen met zijn dochter bij hen in en probeert het rommelige huishouden op orde te krijgen. Het lijkt een match made in heaven, of toch niet?","still":"https:\/\/img-opt.cdn.smartvod.com\/smartvod\/images\/videoland\/data\/images\/c\/v\/6218e35f6bf04_[format].jpg","runtime":1421,"editions":{"hd":{"price":0}},"is_downloadable":true},"E95630":{"id":95630,"ref":"E95630","type":"episode","position":9,"title":"Forgive Me, Tony","description":"Weduwnaar en voormalig honkbalprof Tony neemt een baan aan als huishoudhulp bij zakenvrouw Angela en haar zoon. Hij trekt samen met zijn dochter bij hen in en probeert het rommelige huishouden op orde te krijgen. Het lijkt een match made in heaven, of toch niet?","still":"https:\/\/img-opt.cdn.smartvod.com\/smartvod\/images\/videoland\/data\/images\/6\/t\/6218e47c3f5bd_[format].jpg","runtime":1423,"editions":{"hd":{"price":0}},"is_downloadable":true},"E95600":{"id":95600,"ref":"E95600","type":"episode","position":10,"title":"Spud Micelli","description":"Weduwnaar en voormalig honkbalprof Tony neemt een baan aan als huishoudhulp bij zakenvrouw Angela en haar zoon. Hij trekt samen met zijn dochter bij hen in en probeert het rommelige huishouden op orde te krijgen. Het lijkt een match made in heaven, of toch niet?","still":"https:\/\/img-opt.cdn.smartvod.com\/smartvod\/images\/videoland\/data\/images\/r\/1\/6218e5a2a4dbe_[format].jpg","runtime":1424,"editions":{"hd":{"price":0}},"is_downloadable":true},"E95627":{"id":95627,"ref":"E95627","type":"episode","position":11,"title":"The Christmas Card","description":"Weduwnaar en voormalig honkbalprof Tony neemt een baan aan als huishoudhulp bij zakenvrouw Angela en haar zoon. Hij trekt samen met zijn dochter bij hen in en probeert het rommelige huishouden op orde te krijgen. Het lijkt een match made in heaven, of toch niet?","still":"https:\/\/img-opt.cdn.smartvod.com\/smartvod\/images\/videoland\/data\/images\/7\/4\/6218e59e116b9_[format].jpg","runtime":1420,"editions":{"hd":{"price":0}},"is_downloadable":true},"E95632":{"id":95632,"ref":"E95632","type":"episode","position":12,"title":"The Way We Was","description":"Weduwnaar en voormalig honkbalprof Tony neemt een baan aan als huishoudhulp bij zakenvrouw Angela en haar zoon. Hij trekt samen met zijn dochter bij hen in en probeert het rommelige huishouden op orde te krijgen. Het lijkt een match made in heaven, of toch niet?","still":"https:\/\/img-opt.cdn.smartvod.com\/smartvod\/images\/videoland\/data\/images\/k\/f\/6218e5a6d8c97_[format].jpg","runtime":1422,"editions":{"hd":{"price":0}},"is_downloadable":true},"E95594":{"id":95594,"ref":"E95594","type":"episode","position":13,"title":"Jonathan Kills Tony","description":"Weduwnaar en voormalig honkbalprof Tony neemt een baan aan als huishoudhulp bij zakenvrouw Angela en haar zoon. Hij trekt samen met zijn dochter bij hen in en probeert het rommelige huishouden op orde te krijgen. Het lijkt een match made in heaven, of toch niet?","still":"https:\/\/img-opt.cdn.smartvod.com\/smartvod\/images\/videoland\/data\/images\/t\/k\/6218e21375021_[format].jpg","runtime":1418,"editions":{"hd":{"price":0}},"is_downloadable":true},"E95629":{"id":95629,"ref":"E95629","type":"episode","position":14,"title":"Marie's Secret","description":"Weduwnaar en voormalig honkbalprof Tony neemt een baan aan als huishoudhulp bij zakenvrouw Angela en haar zoon. Hij trekt samen met zijn dochter bij hen in en probeert het rommelige huishouden op orde te krijgen. Het lijkt een match made in heaven, of toch niet?","still":"https:\/\/img-opt.cdn.smartvod.com\/smartvod\/images\/videoland\/data\/images\/u\/v\/6218e48176478_[format].jpg","runtime":1426,"editions":{"hd":{"price":0}},"is_downloadable":true},"E95631":{"id":95631,"ref":"E95631","type":"episode","position":15,"title":"Tony The Patchmaker","description":"Weduwnaar en voormalig honkbalprof Tony neemt een baan aan als huishoudhulp bij zakenvrouw Angela en haar zoon. Hij trekt samen met zijn dochter bij hen in en probeert het rommelige huishouden op orde te krijgen. Het lijkt een match made in heaven, of toch niet?","still":"https:\/\/img-opt.cdn.smartvod.com\/smartvod\/images\/videoland\/data\/images\/0\/0\/6218e6d8a75e7_[format].jpg","runtime":1419,"editions":{"hd":{"price":0}},"is_downloadable":true},"E95612":{"id":95612,"ref":"E95612","type":"episode","position":16,"title":"Hit the Road, Chad","description":"Weduwnaar en voormalig honkbalprof Tony neemt een baan aan als huishoudhulp bij zakenvrouw Angela en haar zoon. Hij trekt samen met zijn dochter bij hen in en probeert het rommelige huishouden op orde te krijgen. Het lijkt een match made in heaven, of toch niet?","still":"https:\/\/img-opt.cdn.smartvod.com\/smartvod\/images\/videoland\/data\/images\/b\/f\/6218e21b4e64e_[format].jpg","runtime":1424,"editions":{"hd":{"price":0}},"is_downloadable":true},"E95633":{"id":95633,"ref":"E95633","type":"episode","position":17,"title":"Raging Housekeeper","description":"Weduwnaar en voormalig honkbalprof Tony neemt een baan aan als huishoudhulp bij zakenvrouw Angela en haar zoon. Hij trekt samen met zijn dochter bij hen in en probeert het rommelige huishouden op orde te krijgen. Het lijkt een match made in heaven, of toch niet?","still":"https:\/\/img-opt.cdn.smartvod.com\/smartvod\/images\/videoland\/data\/images\/p\/o\/6218e46c4c115_[format].jpg","runtime":1422,"editions":{"hd":{"price":0}},"is_downloadable":true},"E95622":{"id":95622,"ref":"E95622","type":"episode","position":18,"title":"The Proposal","description":"Weduwnaar en voormalig honkbalprof Tony neemt een baan aan als huishoudhulp bij zakenvrouw Angela en haar zoon. Hij trekt samen met zijn dochter bij hen in en probeert het rommelige huishouden op orde te krijgen. Het lijkt een match made in heaven, of toch niet?","still":"https:\/\/img-opt.cdn.smartvod.com\/smartvod\/images\/videoland\/data\/images\/x\/v\/6218e597b7138_[format].jpg","runtime":1420,"editions":{"hd":{"price":0}},"is_downloadable":true},"E95620":{"id":95620,"ref":"E95620","type":"episode","position":19,"title":"Diet In Cell Block 11","description":"Weduwnaar en voormalig honkbalprof Tony neemt een baan aan als huishoudhulp bij zakenvrouw Angela en haar zoon. Hij trekt samen met zijn dochter bij hen in en probeert het rommelige huishouden op orde te krijgen. Het lijkt een match made in heaven, of toch niet?","still":"https:\/\/img-opt.cdn.smartvod.com\/smartvod\/images\/videoland\/data\/images\/1\/g\/6218e220102aa_[format].jpg","runtime":1390,"editions":{"hd":{"price":0}},"is_downloadable":true},"E95621":{"id":95621,"ref":"E95621","type":"episode","position":20,"title":"Older Than Springtime","description":"Weduwnaar en voormalig honkbalprof Tony neemt een baan aan als huishoudhulp bij zakenvrouw Angela en haar zoon. Hij trekt samen met zijn dochter bij hen in en probeert het rommelige huishouden op orde te krijgen. Het lijkt een match made in heaven, of toch niet?","still":"https:\/\/img-opt.cdn.smartvod.com\/smartvod\/images\/videoland\/data\/images\/1\/i\/6218e470ba579_[format].jpg","runtime":1420,"editions":{"hd":{"price":0}},"is_downloadable":true},"E95625":{"id":95625,"ref":"E95625","type":"episode","position":21,"title":"Walk On The Mild Side","description":"Weduwnaar en voormalig honkbalprof Tony neemt een baan aan als huishoudhulp bij zakenvrouw Angela en haar zoon. Hij trekt samen met zijn dochter bij hen in en probeert het rommelige huishouden op orde te krijgen. Het lijkt een match made in heaven, of toch niet?","still":"https:\/\/img-opt.cdn.smartvod.com\/smartvod\/images\/videoland\/data\/images\/t\/1\/6218e5a12d34a_[format].jpg","runtime":1419,"editions":{"hd":{"price":0}},"is_downloadable":true},"E95623":{"id":95623,"ref":"E95623","type":"episode","position":22,"title":"Reconcilable Differences","description":"Weduwnaar en voormalig honkbalprof Tony neemt een baan aan als huishoudhulp bij zakenvrouw Angela en haar zoon. Hij trekt samen met zijn dochter bij hen in en probeert het rommelige huishouden op orde te krijgen. Het lijkt een match made in heaven, of toch niet?","still":"https:\/\/img-opt.cdn.smartvod.com\/smartvod\/images\/videoland\/data\/images\/l\/2\/6218e3451b363_[format].jpg","runtime":1419,"editions":{"hd":{"price":0}},"is_downloadable":true},"E95628":{"id":95628,"ref":"E95628","type":"episode","position":23,"title":"Mona","description":"Weduwnaar en voormalig honkbalprof Tony neemt een baan aan als huishoudhulp bij zakenvrouw Angela en haar zoon. Hij trekt samen met zijn dochter bij hen in en probeert het rommelige huishouden op orde te krijgen. Het lijkt een match made in heaven, of toch niet?","still":"https:\/\/img-opt.cdn.smartvod.com\/smartvod\/images\/videoland\/data\/images\/t\/o\/6218e6ccd0482_[format].jpg","runtime":1425,"editions":{"hd":{"price":0}},"is_downloadable":true},"E95626":{"id":95626,"ref":"E95626","type":"episode","position":24,"title":"A Moving Episode","description":"Weduwnaar en voormalig honkbalprof Tony neemt een baan aan als huishoudhulp bij zakenvrouw Angela en haar zoon. Hij trekt samen met zijn dochter bij hen in en probeert het rommelige huishouden op orde te krijgen. Het lijkt een match made in heaven, of toch niet?","still":"https:\/\/img-opt.cdn.smartvod.com\/smartvod\/images\/videoland\/data\/images\/6\/r\/6218e34c05313_[format].jpg","runtime":1391,"editions":{"hd":{"price":0}},"is_downloadable":true}}}