{"id":500249,"ref":"S500249","type":"series","title":"De Douane In Actie","year":2021,"rating":4,"poster":"https:\/\/img-opt.cdn.smartvod.com\/smartvod\/images\/videoland\/data\/images\/4\/d\/5eb3c5c93b765_[format].jpg","still":"https:\/\/img-opt.cdn.smartvod.com\/smartvod\/images\/videoland\/data\/images\/r\/b\/604102d6c659f_[format].jpg","cast":{},"genres":["Reality"],"refs":["SN3152","SN4073"],"is_adult":false,"is_kids":false,"is_available":true,"description":"Reportageserie waarin we een uniek kijkje nemen in de wereld van de Nederlandse Douane. We leren de mensen kennen die onze landsgrenzen, kust,  zee- en luchthavens controleren op smokkelwaar. En dat brengt hen in spannende en soms zelfs gevaarlijke situaties.","nicam":{"al":"Alle leeftijden","taalgebruik":"Grof Taalgebruik"},"language":"nl","language_full":"Nederlands","details":{"SN3152":{"id":3152,"ref":"SN3152","type":"season","title":"1","position":1},"SN4073":{"id":4073,"ref":"SN4073","type":"season","title":"2","position":2,"refs":["E84203","E84202","E84241","E84498","E84500","E84496","E84497","E84499"]},"E84203":{"id":84203,"ref":"E84203","type":"episode","position":1,"title":"","description":"In Rotterdam vinden douaniers een verdachte lading op een vrachtschip uit Zuid-Amerika. Op Schiphol reageert de speurhond op een reiziger met een rugtas uit het Caribisch gebied. En de wapenexperts verwonderen zich erover wat mensen allemaal per post versturen.","still":"https:\/\/img-opt.cdn.smartvod.com\/smartvod\/images\/videoland\/data\/images\/r\/b\/604102d6c659f_[format].jpg","runtime":2524,"editions":{"hd":{"price":0}},"is_downloadable":true},"E84202":{"id":84202,"ref":"E84202","type":"episode","position":2,"title":"","description":"We maken kennis met het speciale undercoverteam van de douane dat op Schiphol probeert drugssmokkelaars te onderscheppen. Verder volgen we douaniers bij een nachtelijke controle op accijnsgoederen aan onze zuidgrens. En we zien hoe douaniers van Douane Schiphol Cargo naar verdovende middelen speuren tussen gedroogde vis.","still":"https:\/\/img-opt.cdn.smartvod.com\/smartvod\/images\/videoland\/data\/images\/1\/m\/604a4b6b0194a_[format].jpg","runtime":2549,"editions":{"hd":{"price":0}},"is_downloadable":true},"E84241":{"id":84241,"ref":"E84241","type":"episode","position":3,"title":"","description":"Speurhondgeleiders doen een grote ontdekking in een container van een vrachtschip uit Zuid-Amerika. In Vlissingen komt het duikteam van de douane in actie bij de controle van een vrachtschip. En douaniers van Douane Schiphol Cargo onderzoeken een tip over een lading fruit met mogelijk verdovende middelen.","still":"https:\/\/img-opt.cdn.smartvod.com\/smartvod\/images\/videoland\/data\/images\/9\/6\/604b8b652d13e_[format].jpg","runtime":2512,"editions":{"hd":{"price":0}},"is_downloadable":true},"E84498":{"id":84498,"ref":"E84498","type":"episode","position":4,"title":"","description":"Een enorme lading badhanddoeken levert veel vraagtekens op voor de douaniers van Douane Schiphol Cargo. Het undercoverteam van de douane zit achter een mogelijke drugssmokkelaar uit Brazili\u00eb aan. En het team liquide middelen ziet veel passagiers met te veel cash geld naar het buitenland reizen.","still":"https:\/\/img-opt.cdn.smartvod.com\/smartvod\/images\/videoland\/data\/images\/o\/c\/605b045bec6d4_[format].jpg","runtime":2526,"editions":{"hd":{"price":0}},"is_downloadable":true},"E84500":{"id":84500,"ref":"E84500","type":"episode","position":5,"title":"","description":"In Rotterdam komt het Team Bijzondere Bijstand van de douane in actie als er een insluiper gesignaleerd is in het havengebied. Bij de bloemenveiling Aalsmeer voert de douane een grote accijnscontrole uit. En in Maastricht loopt een kleine zending koffiebonen tussen het fruit in het oog.","still":"https:\/\/img-opt.cdn.smartvod.com\/smartvod\/images\/videoland\/data\/images\/y\/i\/6066c6d770aee_[format].jpg","runtime":2538,"editions":{"hd":{"price":0}},"is_downloadable":true},"E84496":{"id":84496,"ref":"E84496","type":"episode","position":6,"title":"","description":"Een reiziger uit Cura\u00e7ao valt door zijn gedrag op bij de douaniers op Schiphol. Wat heeft hij te verbergen? Een passagier heeft een koffer vol met verschillende merken gymschoenen. Zijn ze echt of nep? Verder buigen douaniers zich over een soort stalen cilinder die per post is verstuurd.","still":"https:\/\/img-opt.cdn.smartvod.com\/smartvod\/images\/videoland\/data\/images\/h\/0\/606f205101050_[format].jpg","runtime":2559,"editions":{"hd":{"price":0}},"is_downloadable":true},"E84497":{"id":84497,"ref":"E84497","type":"episode","position":7,"title":"","description":"Bij een accijnscontrole in Overijssel vinden douaniers een auto met apparatuur voor een verboden ruimte. Maar waar zit die? De wapenexperts vinden tussen de post weer allemaal vuur- en steekwapens. En er blijkt iets niet te kloppen met de bagage van een jonge moeder uit Zuid-Amerika.","still":"https:\/\/img-opt.cdn.smartvod.com\/smartvod\/images\/videoland\/data\/images\/h\/t\/6076ddf335027_[format].jpg","runtime":2549,"editions":{"hd":{"price":0}},"is_downloadable":true},"E84499":{"id":84499,"ref":"E84499","type":"episode","position":8,"title":"","description":"Het droneteam van de douane surveilleert boven de haven van Rotterdam en ziet alles. In de haven van IJmuiden worden vlak na de Brexit passagiers en vrachtverkeer van een ferry gecontroleerd. Verder ontdekken douaniers een transport met mogelijk stralingsgevaar.","still":"https:\/\/img-opt.cdn.smartvod.com\/smartvod\/images\/videoland\/data\/images\/f\/p\/607d388a41075_[format].jpg","runtime":2538,"editions":{"hd":{"price":0}},"is_downloadable":true}}}