{"id":500205,"ref":"S500205","type":"series","title":"Vis TV","year":2022,"rating":3,"poster":"https:\/\/img-opt.cdn.smartvod.com\/smartvod\/images\/videoland\/data\/images\/l\/u\/5ddbfcad8f94f_[format].jpg","still":"https:\/\/img-opt.cdn.smartvod.com\/smartvod\/images\/videoland\/data\/images\/t\/5\/5ff422b29c745_[format].jpg","cast":{"actors":["Marco Kraal"]},"genres":[],"refs":["SN4698","SN3073","SN3860","SN3989","SN4737"],"is_adult":false,"is_kids":false,"is_available":true,"description":"Hengelsportprogramma waarin presentator Marco Kraal samen met een bijzondere sportvisser avonturen beleeft aan de waterkant. De ene week wordt er midden in de stad gevist en de andere week midden in de natuur.","nicam":{"al":"Alle leeftijden"},"language":"nl","language_full":"Nederlands","details":{"SN4698":{"id":4698,"ref":"SN4698","type":"season","title":"22","position":22},"SN3073":{"id":3073,"ref":"SN3073","type":"season","title":"24","position":24},"SN3860":{"id":3860,"ref":"SN3860","type":"season","title":"25","position":25,"refs":["E81086","E81080","E81088","E81083","E81078","E81082","E81085","E81087","E81079","E81077","E81081","E81084"]},"SN3989":{"id":3989,"ref":"SN3989","type":"season","title":"26","position":26},"SN4737":{"id":4737,"ref":"SN4737","type":"season","title":"27","position":27},"E81086":{"id":81086,"ref":"E81086","type":"episode","position":1,"title":"","description":"Hengelsportprogramma met als thema 'back to nature' waarin sportvissers en presentatoren Marco Kraal en Daniel Weijers spannende visavonturen beleven. Alleen de mooiste outdoorplekken van Nederland worden aangedaan.","still":"https:\/\/img-opt.cdn.smartvod.com\/smartvod\/images\/videoland\/data\/images\/l\/x\/6179d4ee52ddf_[format].jpg","runtime":1473,"editions":{"hd":{"price":0}},"is_downloadable":true},"E81080":{"id":81080,"ref":"E81080","type":"episode","position":2,"title":"","description":"Hengelsportprogramma met als thema 'back to nature' waarin sportvissers en presentatoren Marco Kraal en Daniel Weijers spannende visavonturen beleven. Alleen de mooiste outdoorplekken van Nederland worden aangedaan.","still":"https:\/\/img-opt.cdn.smartvod.com\/smartvod\/images\/videoland\/data\/images\/r\/h\/6179d53b22338_[format].jpg","runtime":1357,"editions":{"hd":{"price":0}},"is_downloadable":true},"E81088":{"id":81088,"ref":"E81088","type":"episode","position":3,"title":"","description":"Hengelsportprogramma met als thema 'back to nature' waarin sportvissers en presentatoren Marco Kraal en Daniel Weijers spannende visavonturen beleven. Alleen de mooiste outdoorplekken van Nederland worden aangedaan.","still":"https:\/\/img-opt.cdn.smartvod.com\/smartvod\/images\/videoland\/data\/images\/m\/3\/617b25b04e235_[format].jpg","runtime":1330,"editions":{"hd":{"price":0}},"is_downloadable":true},"E81083":{"id":81083,"ref":"E81083","type":"episode","position":4,"title":"","description":"Hengelsportprogramma met als thema 'back to nature' waarin sportvissers en presentatoren Marco Kraal en Daniel Weijers spannende visavonturen beleven. Alleen de mooiste outdoorplekken van Nederland worden aangedaan.","still":"https:\/\/img-opt.cdn.smartvod.com\/smartvod\/images\/videoland\/data\/images\/8\/9\/617b2547411de_[format].jpg","runtime":1495,"editions":{"hd":{"price":0}},"is_downloadable":true},"E81078":{"id":81078,"ref":"E81078","type":"episode","position":5,"title":"","description":"Hengelsportprogramma met als thema 'back to nature' waarin sportvissers en presentatoren Marco Kraal en Daniel Weijers spannende visavonturen beleven. Alleen de mooiste outdoorplekken van Nederland worden aangedaan.","still":"https:\/\/img-opt.cdn.smartvod.com\/smartvod\/images\/videoland\/data\/images\/o\/g\/617c77c07e365_[format].jpg","runtime":1396,"editions":{"hd":{"price":0}},"is_downloadable":true},"E81082":{"id":81082,"ref":"E81082","type":"episode","position":6,"title":"","description":"Hengelsportprogramma met als thema 'back to nature' waarin sportvissers en presentatoren Marco Kraal en Daniel Weijers spannende visavonturen beleven. Alleen de mooiste outdoorplekken van Nederland worden aangedaan.","still":"https:\/\/img-opt.cdn.smartvod.com\/smartvod\/images\/videoland\/data\/images\/y\/d\/617c788eb3ca8_[format].jpg","runtime":1496,"editions":{"hd":{"price":0}},"is_downloadable":true},"E81085":{"id":81085,"ref":"E81085","type":"episode","position":7,"title":"","description":"Hengelsportprogramma met als thema 'back to nature' waarin sportvissers en presentatoren Marco Kraal en Daniel Weijers spannende visavonturen beleven. Alleen de mooiste outdoorplekken van Nederland worden aangedaan.","still":"https:\/\/img-opt.cdn.smartvod.com\/smartvod\/images\/videoland\/data\/images\/v\/4\/617dc93e89289_[format].jpg","runtime":1486,"editions":{"hd":{"price":0}},"is_downloadable":true},"E81087":{"id":81087,"ref":"E81087","type":"episode","position":8,"title":"","description":"Hengelsportprogramma met als thema 'back to nature' waarin sportvissers en presentatoren Marco Kraal en Daniel Weijers spannende visavonturen beleven. Alleen de mooiste outdoorplekken van Nederland worden aangedaan.","still":"https:\/\/img-opt.cdn.smartvod.com\/smartvod\/images\/videoland\/data\/images\/1\/e\/617dc94d5e762_[format].jpg","runtime":1494,"editions":{"hd":{"price":0}},"is_downloadable":true},"E81079":{"id":81079,"ref":"E81079","type":"episode","position":9,"title":"","description":"Hengelsportprogramma met als thema 'back to nature' waarin sportvissers en presentatoren Marco Kraal en Daniel Weijers spannende visavonturen beleven. Alleen de mooiste outdoorplekken van Nederland worden aangedaan.","still":"https:\/\/img-opt.cdn.smartvod.com\/smartvod\/images\/videoland\/data\/images\/s\/7\/617f28150126c_[format].jpg","runtime":1343,"editions":{"hd":{"price":0}},"is_downloadable":true},"E81077":{"id":81077,"ref":"E81077","type":"episode","position":10,"title":"","description":"Hengelsportprogramma met als thema 'back to nature' waarin sportvissers en presentatoren Marco Kraal en Daniel Weijers spannende visavonturen beleven. Alleen de mooiste outdoorplekken van Nederland worden aangedaan.","still":"https:\/\/img-opt.cdn.smartvod.com\/smartvod\/images\/videoland\/data\/images\/9\/7\/617f270c5dcc0_[format].jpg","runtime":1320,"editions":{"hd":{"price":0}},"is_downloadable":true},"E81081":{"id":81081,"ref":"E81081","type":"episode","position":11,"title":"","description":"Hengelsportprogramma met als thema 'back to nature' waarin sportvissers en presentatoren Marco Kraal en Daniel Weijers spannende visavonturen beleven. Alleen de mooiste outdoorplekken van Nederland worden aangedaan.","still":"https:\/\/img-opt.cdn.smartvod.com\/smartvod\/images\/videoland\/data\/images\/m\/o\/61831dfdd912b_[format].jpg","runtime":1503,"editions":{"hd":{"price":0}},"is_downloadable":true},"E81084":{"id":81084,"ref":"E81084","type":"episode","position":12,"title":"","description":"Hengelsportprogramma met als thema 'back to nature' waarin sportvissers en presentatoren Marco Kraal en Daniel Weijers spannende visavonturen beleven. Alleen de mooiste outdoorplekken van Nederland worden aangedaan.","still":"https:\/\/img-opt.cdn.smartvod.com\/smartvod\/images\/videoland\/data\/images\/2\/l\/61831c8b939ec_[format].jpg","runtime":1503,"editions":{"hd":{"price":0}},"is_downloadable":true}}}