{"id":500680,"ref":"S500680","type":"series","title":"Nurses","year":2022,"rating":4,"poster":"https:\/\/img-opt.cdn.smartvod.com\/smartvod\/images\/videoland\/data\/images\/w\/f\/630881291c311_[format].jpg","still":"https:\/\/img-opt.cdn.smartvod.com\/smartvod\/images\/videoland\/data\/images\/s\/0\/62e770282b89c_[format].jpg","cast":{"actors":["Tiera Skovbye","Natascha Calis","Jordan Johnson-Hinds","Sandy Sidhu","Donald MacLean jr.","Cathy White"]},"genres":["Drama"],"refs":["SN4299","SN5053"],"is_adult":false,"is_kids":false,"is_available":true,"description":"Volg het leven van vijf jonge verpleegkundigen in een druk ziekenhuis in Toronto. Ze zorgen met veel toewijding voor hun pati\u00ebnten en kampen ondertussen met hun eigen problemen.","nicam":{"12":"Mogelijk schadelijk tot 12 jaar","angst":"Angst","taalgebruik":"Grof Taalgebruik"},"language":"en","language_full":"Engels","details":{"SN4299":{"id":4299,"ref":"SN4299","type":"season","title":"1","position":1},"SN5053":{"id":5053,"ref":"SN5053","type":"season","title":"2","position":2,"refs":["E100311","E100313","E100315","E100316","E100319","E100318","E100312","E100320","E100317","E100321"]},"E100311":{"id":100311,"ref":"E100311","type":"episode","position":1,"title":"A Thousand Battles","description":"Grace springt bij op een \u200b\u200bdrukke spoedeisende hulp om indruk te maken op haar nieuwe manager Kate Faulkner. Naz heeft goed contact met een pati\u00ebnt die een gerenommeerde chef-kok is. Keon begeleidt twee hartpati\u00ebnten.","still":"https:\/\/img-opt.cdn.smartvod.com\/smartvod\/images\/videoland\/data\/images\/w\/r\/62e3d19e93e35_[format].jpg","runtime":2472,"editions":{"hd":{"price":0}},"is_downloadable":true},"E100313":{"id":100313,"ref":"E100313","type":"episode","position":2,"title":"Chaos Magnet","description":"Grace helpt een jonge panische vader die binnenkomt bij St. Mary's omdat zijn baby ziek lijkt. Ashley en Wolf krijgen te maken met een uit de hand gelopen huwelijksfeest als de bruid in spe wordt binnengebracht; ze zit vastgeklemd in een winkelwagentje. Keon heeft een pati\u00ebnt die misschien wel nooit meer zal kunnen lopen.","still":"https:\/\/img-opt.cdn.smartvod.com\/smartvod\/images\/videoland\/data\/images\/p\/4\/62e395de74ec9_[format].jpg","runtime":2535,"editions":{"hd":{"price":0}},"is_downloadable":true},"E100315":{"id":100315,"ref":"E100315","type":"episode","position":3,"title":"Night Moves","description":"Wolf krijgt bezoek van Markie, die hem nog een kans geeft. Ashley en Candy proberen een pati\u00ebnt te helpen die ziek is van verliefdheid. Keon en Naz ontmoeten een pati\u00ebnt die beweert onoverwinnelijk te zijn. Een jongen maakt zich zorgen over zijn opa.","still":"https:\/\/img-opt.cdn.smartvod.com\/smartvod\/images\/videoland\/data\/images\/2\/8\/62e3e341ed6d4_[format].jpg","runtime":2501,"editions":{"hd":{"price":0}},"is_downloadable":true},"E100316":{"id":100316,"ref":"E100316","type":"episode","position":4,"title":"It's Showtime","description":"Grace en Ashley zijn het oneens over de vraag of een chirurg al dan niet in staat is een operatie uit te voeren. Keon ontdekt de worsteling van zijn veeleisende pati\u00ebnt met de vroege stadia van dementie. Wolf gaat naar een afkickkliniek, waar hij ER-arts Ivy Turcotte ontmoet.","still":"https:\/\/img-opt.cdn.smartvod.com\/smartvod\/images\/videoland\/data\/images\/d\/s\/62e3e20d2b216_[format].jpg","runtime":2536,"editions":{"hd":{"price":0}},"is_downloadable":true},"E100319":{"id":100319,"ref":"E100319","type":"episode","position":5,"title":"Code Orange","description":"Grace en Ashley zijn het nog steeds niet eens over de operatie. Terug van verlof is Wolf vastbesloten om met een schone lei te beginnen, totdat hij op de eerste hulp wordt gezet, samen met dr. Turcotte en een onmogelijke pati\u00ebnt. Keon leert hoe een hardere aanpak hem tot een betere verpleger en leider kan maken.","still":"https:\/\/img-opt.cdn.smartvod.com\/smartvod\/images\/videoland\/data\/images\/2\/p\/62e3d1ad9afbf_[format].jpg","runtime":2486,"editions":{"hd":{"price":0}},"is_downloadable":true},"E100318":{"id":100318,"ref":"E100318","type":"episode","position":6,"title":"Ghosts","description":"Grace komt in een lastig parket als haar zus, die letselschadeadvocaat is, een van haar collega's onderuit probeert te halen. Wolf ontdekt hoe ernstig de verslaving van dr. Ivy Turcotte is en hoe ver hij bereid is te gaan om haar te helpen. Naz troost een wietverslaafde pati\u00ebnt met een hart van goud.","still":"https:\/\/img-opt.cdn.smartvod.com\/smartvod\/images\/videoland\/data\/images\/4\/g\/62e3e337d87c0_[format].jpg","runtime":2536,"editions":{"hd":{"price":0}},"is_downloadable":true},"E100312":{"id":100312,"ref":"E100312","type":"episode","position":7,"title":"Prima Facie","description":"Wolf ontrafelt het mysterie van een dakloze tiener die er slecht aan toe is en leert daarbij het een en ander over volwassen worden. Ashley probeert een zwangere pati\u00ebnte met een kind in stuitligging te helpen. Naz realiseert zich dat Doug toch niet de geschikte man voor haar is... maar misschien Keon wel.","still":"https:\/\/img-opt.cdn.smartvod.com\/smartvod\/images\/videoland\/data\/images\/4\/4\/62e395e544506_[format].jpg","runtime":2535,"editions":{"hd":{"price":0}},"is_downloadable":true},"E100320":{"id":100320,"ref":"E100320","type":"episode","position":8,"title":"Best Day Ever","description":"De grenzen van Naz en Grace als verplegers worden op de proef gesteld als ze mee moeten draaien op de brandwondenafdeling. Ze zijn het niet eens over hoe ze met een ernstig verbrande pati\u00ebnt om moeten gaan. Wolf behandelt een jonge, talentvolle ijshockeyspeler.","still":"https:\/\/img-opt.cdn.smartvod.com\/smartvod\/images\/videoland\/data\/images\/0\/8\/62e3d1a8482c0_[format].jpg","runtime":2505,"editions":{"hd":{"price":0}},"is_downloadable":true},"E100317":{"id":100317,"ref":"E100317","type":"episode","position":9,"title":"The Wish Factory","description":"Grace heeft de taak om de laatste dag van een terminale pati\u00ebnt speciaal te maken. Keon is nog aan het bijkomen van de fout die hij met Naz heeft gemaakt en werkt met een pati\u00ebnt die kampt met de gevolgen van een mislukte afslankoperatie.","still":"https:\/\/img-opt.cdn.smartvod.com\/smartvod\/images\/videoland\/data\/images\/2\/w\/62e3d1a4b5888_[format].jpg","runtime":2536,"editions":{"hd":{"price":0}},"is_downloadable":true},"E100321":{"id":100321,"ref":"E100321","type":"episode","position":10,"title":"Struck","description":"Een pati\u00ebnt van Grace overleeft een blikseminslag. Een man met een niet te opereren hersentumor laat Naz zien dat je soms een sprong in het diepe moet wagen. Wolf helpt bij de geboorte van een premature baby, terwijl het ziekenhuis voor het eerst te maken krijgt met het coronavirus.","still":"https:\/\/img-opt.cdn.smartvod.com\/smartvod\/images\/videoland\/data\/images\/r\/n\/62e39706ebc91_[format].jpg","runtime":2535,"editions":{"hd":{"price":0}},"is_downloadable":true}}}