{"id":500678,"ref":"S500678","type":"series","title":"De Bachelor","year":2022,"rating":5,"poster":"https:\/\/img-opt.cdn.smartvod.com\/smartvod\/images\/videoland\/data\/images\/n\/y\/620244d509cce_[format].jpg","still":"https:\/\/img-opt.cdn.smartvod.com\/smartvod\/images\/videoland\/data\/images\/b\/2\/61fd05ad9afa5_[format].jpg","cast":{"actors":["Thomas van der Vlugt","Tony Junior"]},"genres":["Competitie","Reality"],"refs":["SN4284","SN4750"],"is_adult":false,"is_kids":false,"is_available":true,"description":"Bachelor Thomas van der Vlugt gaat in Mexico op zoek naar de ware liefde. Prachtige vrouwen hopen op een date en gooien al hun charmes in de strijd om zijn hart te veroveren. Maar zal er echt liefde ontstaan? En wie neemt die allerlaatste roos in ontvangst?","nicam":{"al":"Alle leeftijden","taalgebruik":"Grof Taalgebruik"},"language":"nl","language_full":"Nederlands","details":{"SN4284":{"id":4284,"ref":"SN4284","type":"season","title":"1","position":1},"SN4750":{"id":4750,"ref":"SN4750","type":"season","title":"2","position":3,"refs":["E94674","E94682","E94686","E94671","E94680","E94678","E94663","E94687","E94669","E94675","E94688","E94670","E94662"]},"E94674":{"id":94674,"ref":"E94674","type":"episode","position":1,"title":"","description":"De bachelor ontvangt een parade aan prachtige dames. De vrouw die de meeste indruk achterlaat, krijgt de 'first impression rose' en daarmee de eerste een-op-eendate. Maar net als Thomas die wil geven, gebeurt er iets onverwachts.","still":"https:\/\/img-opt.cdn.smartvod.com\/smartvod\/images\/videoland\/data\/images\/5\/3\/62067c65a23f3_[format].jpg","runtime":2940,"editions":{"hd":{"price":0}},"is_downloadable":true},"E94682":{"id":94682,"ref":"E94682","type":"episode","position":2,"title":"","description":"Thomas moet een beslissing nemen: wie krijgt nu die 'first impression rose'? En met de eerste rozenceremonie in het vizier, barst op de cocktailparty de strijd om de aandacht van Thomas los.","still":"https:\/\/img-opt.cdn.smartvod.com\/smartvod\/images\/videoland\/data\/images\/u\/8\/620baadb846e8_[format].jpg","runtime":2974,"editions":{"hd":{"price":0}},"is_downloadable":true},"E94686":{"id":94686,"ref":"E94686","type":"episode","position":3,"title":"","description":"Het is tijd voor de eerste dates. De bachelor doet zijn avontuurlijke imago eer aan door de dames voor een uitdaging te stellen. Op de cocktailparty speelt een van de vrouwen zichzelf erg in de kijker. Maar of dat in goede aarde valt bij de rest?","still":"https:\/\/img-opt.cdn.smartvod.com\/smartvod\/images\/videoland\/data\/images\/e\/r\/62149de114fb3_[format].jpg","runtime":3411,"editions":{"hd":{"price":0}},"is_downloadable":true},"E94671":{"id":94671,"ref":"E94671","type":"episode","position":4,"title":"","description":"De dames trekken letterlijk ten strijde voor de bachelor. De beloning is een diner met rode rozen op het menu. Na ook een romantische een-op-eendate groeit voor veel andere dames de noodzaak om op de cocktailparty een moment met Thomas op te eisen.","still":"https:\/\/img-opt.cdn.smartvod.com\/smartvod\/images\/videoland\/data\/images\/t\/t\/621e210a0465b_[format].jpg","runtime":3031,"editions":{"hd":{"price":0}},"is_downloadable":true},"E94680":{"id":94680,"ref":"E94680","type":"episode","position":5,"title":"","description":"De bachelor zet de dames voor het blok met een verrassingsbezoek: wie voelt zich zonder make-up ook op haar gemak? Op een avontuurlijke, maar romantische een-op-een date lijkt er iets moois op te bloeien. En tijdens een speelse groepsdate op het strand stijgt de temperatuur tot een hoogtepunt.","still":"https:\/\/img-opt.cdn.smartvod.com\/smartvod\/images\/videoland\/data\/images\/j\/b\/622852cfa8cc3_[format].jpg","runtime":3080,"editions":{"hd":{"price":0}},"is_downloadable":true},"E94678":{"id":94678,"ref":"E94678","type":"episode","position":6,"title":"","description":"Tijdens een romantische een-op-eendate gaat de bachelor deze keer een stapje verder. De strijdlust in alle vrouwen wakkert aan. Ze doen hun uiterste best om een wild rose te bemachtigen die garant staat voor het kapen van andermans date. Bij de rozenceremonie lopen de emoties zowel bij Thomas als de dames hoog op.","still":"https:\/\/img-opt.cdn.smartvod.com\/smartvod\/images\/videoland\/data\/images\/q\/z\/6230821bd398d_[format].jpg","runtime":2830,"editions":{"hd":{"price":0}},"is_downloadable":true},"E94663":{"id":94663,"ref":"E94663","type":"episode","position":7,"title":"","description":"Zonder blikken of blozen zet een van de dames een wild rose in waarmee ze een date kaapt. Maar ten koste van wie? En wat zijn voor haar de gevolgen? De onzekerheid slaat toe. Ondertussen hopen veel dames eindelijk een een-op-eendate te krijgen, maar de bachelor trekt zijn eigen plan.","still":"https:\/\/img-opt.cdn.smartvod.com\/smartvod\/images\/videoland\/data\/images\/c\/6\/623b4537a2d83_[format].jpg","runtime":3024,"editions":{"hd":{"price":0}},"is_downloadable":true},"E94687":{"id":94687,"ref":"E94687","type":"episode","position":8,"title":"","description":"De Bachelor onderzoekt met wie er fysieke aantrekkingskracht is en met wie niet. En dat heeft een drastisch besluit tot gevolg. Tijdens de cocktailparty vestigt Thomas bijna al zijn aandacht op maar \u00e9\u00e9n dame, waarop de rest van de vrouwen het heft in eigen handen neemt.","still":"https:\/\/img-opt.cdn.smartvod.com\/smartvod\/images\/videoland\/data\/images\/f\/3\/624324d6eba87_[format].jpg","runtime":3381,"editions":{"hd":{"price":0}},"is_downloadable":true},"E94669":{"id":94669,"ref":"E94669","type":"episode","position":9,"title":"","description":"De bachelor neemt meerdere dames mee op een-op-een date en nu het vinden van de ware liefde dichterbij komt, worden er niet alleen zoenen gedeeld. Met veel aanwezige vlinders zorgt jaloezie voor een overheersend rare sfeer bij de cocktailparty.","still":"https:\/\/img-opt.cdn.smartvod.com\/smartvod\/images\/videoland\/data\/images\/7\/c\/624daaf45d110_[format].jpg","runtime":3249,"editions":{"hd":{"price":0}},"is_downloadable":true},"E94675":{"id":94675,"ref":"E94675","type":"episode","position":10,"title":"","description":"Zus Willemijn en vriend Patrick leggen de vijf overgebleven dames het vuur aan de schenen in het selecteren van de ideale vrouw voor Thomas. Hun heldere advies zorgt bij de bachelor voor duidelijkheid \u00e9n daardoor een groot en heftig afscheid bij de rozenceremonie.","still":"https:\/\/img-opt.cdn.smartvod.com\/smartvod\/images\/videoland\/data\/images\/9\/g\/6253d6a33424a_[format].jpg","runtime":3276,"editions":{"hd":{"price":0}},"is_downloadable":true},"E94688":{"id":94688,"ref":"E94688","type":"episode","position":11,"title":"","description":"De beste vrienden van de drie overgebleven dames zijn afgereisd naar Mexico. Wordt de bachelor goedgekeurd \u00e9n lukt het om hem nog verder in te pakken? Bij alle dates lijkt de sfeer intiemer, maar wie wordt er uitgenodigd op een 24-uursdate?","still":"https:\/\/img-opt.cdn.smartvod.com\/smartvod\/images\/videoland\/data\/images\/q\/1\/625ef7786b9b6_[format].jpg","runtime":3615,"editions":{"hd":{"price":0}},"is_downloadable":true},"E94670":{"id":94670,"ref":"E94670","type":"episode","position":12,"title":"","description":"In een-op-eendates van maar liefst 24 uur lang met zowel Merel als Maureen hoopt Thomas zekerheid te vinden: brengt dit avontuur hem echt: de ware liefde? Is zijn hart gestolen en wie krijgt dan die allerlaatste roos?","still":"https:\/\/img-opt.cdn.smartvod.com\/smartvod\/images\/videoland\/data\/images\/2\/q\/626a392054228_[format].jpg","runtime":3456,"editions":{"hd":{"price":0}},"is_downloadable":true},"E94662":{"id":94662,"ref":"E94662","type":"episode","position":13,"title":"","description":"Een half jaar na de terugkomst van het bewogen liefdesavontuur in Mexico zien de negentien dames en hun bachelor elkaar weer. Een broodnodige nabeschouwing waarin veel duidelijk wordt. Met als brandende vraag: heeft de liefde tussen Thomas en de dame van zijn keuze standgehouden?","still":"https:\/\/img-opt.cdn.smartvod.com\/smartvod\/images\/videoland\/data\/images\/r\/0\/62712e5b75797_[format].jpg","runtime":3423,"editions":{"hd":{"price":0}},"is_downloadable":true}}}