{"id":743,"ref":"S743","type":"series","title":"Lolly Lolbroek","year":2016,"rating":4,"poster":"https:\/\/img-opt.cdn.smartvod.com\/smartvod\/images\/videoland\/data\/images\/f\/4\/5922a4fb08851_[format].jpg","still":"https:\/\/img-opt.cdn.smartvod.com\/smartvod\/images\/videoland\/data\/images\/z\/j\/57ebd59aed4ce_[format].jpg","cast":{"actors":["Eva Kolsteren","Wannes Lacroix","Amber Michiels"]},"genres":["Kids"],"refs":["SN1385","SN1893","SN1920"],"is_adult":false,"is_kids":true,"is_available":true,"description":"Lolly Lolbroek is de dochter van Lex Lolbroek, een uitvinder die vaak van huis is. Daardoor kan Lolly lekker haar gang gaan samen met haar vrienden Kara en Marx. Het huis en de tuin van Lolly zijn een ware speeltuin, waarin de drie jongelui geregeld een uitvinding van Lolly\u00b4s vader uittesten. Maar die experimenten lopen telkens weer fout en zeker wanneer buurman Hubert weer eens binnenloopt voor een stukje taart.","nicam":{"al":"Alle leeftijden"},"language":"nl","language_full":"Nederlands","details":{"SN1385":{"id":1385,"ref":"SN1385","type":"season","title":"1","position":1},"SN1893":{"id":1893,"ref":"SN1893","type":"season","title":"2","position":2,"refs":["E50779","E50741","E50755","E50763","E50773","E50760","E50740","E50735","E50737","E50742","E50736","E50738","E50739"]},"SN1920":{"id":1920,"ref":"SN1920","type":"season","title":"3","position":3},"E50779":{"id":50779,"ref":"E50779","type":"episode","position":1,"title":"","description":"Kinderserie over Lolly, de dochter van uitvinder Lex Lolbroek. Lolly test zijn uitvindingen met haar vrienden Kara en Marx. Maar de experimenten lopen steeds verkeerd af, zeker als buurman Hubert in de buurt is.","still":"https:\/\/img-opt.cdn.smartvod.com\/smartvod\/images\/videoland\/data\/images\/7\/d\/5922d18d4823f_[format].jpg","runtime":690,"editions":{"hd":{"price":0}},"is_downloadable":false},"E50741":{"id":50741,"ref":"E50741","type":"episode","position":2,"title":"","description":"Kinderserie over Lolly, de dochter van uitvinder Lex Lolbroek. Lolly test zijn uitvindingen met haar vrienden Kara en Marx. Maar de experimenten lopen steeds verkeerd af, zeker als buurman Hubert in de buurt is.","still":"https:\/\/img-opt.cdn.smartvod.com\/smartvod\/images\/videoland\/data\/images\/b\/e\/5922d194d7cc0_[format].jpg","runtime":720,"editions":{"hd":{"price":0}},"is_downloadable":false},"E50755":{"id":50755,"ref":"E50755","type":"episode","position":3,"title":"","description":"Kinderserie over Lolly, de dochter van uitvinder Lex Lolbroek. Lolly test zijn uitvindingen met haar vrienden Kara en Marx. Maar de experimenten lopen steeds verkeerd af, zeker als buurman Hubert in de buurt is.","still":"https:\/\/img-opt.cdn.smartvod.com\/smartvod\/images\/videoland\/data\/images\/f\/4\/5922d19dd2385_[format].jpg","runtime":727,"editions":{"hd":{"price":0}},"is_downloadable":false},"E50763":{"id":50763,"ref":"E50763","type":"episode","position":4,"title":"","description":"Kinderserie over Lolly, de dochter van uitvinder Lex Lolbroek. Lolly test zijn uitvindingen met haar vrienden Kara en Marx. Maar de experimenten lopen steeds verkeerd af, zeker als buurman Hubert in de buurt is.","still":"https:\/\/img-opt.cdn.smartvod.com\/smartvod\/images\/videoland\/data\/images\/e\/r\/5922d1a66de7f_[format].jpg","runtime":709,"editions":{"hd":{"price":0}},"is_downloadable":false},"E50773":{"id":50773,"ref":"E50773","type":"episode","position":5,"title":"","description":"Kinderserie over Lolly, de dochter van uitvinder Lex Lolbroek. Lolly test zijn uitvindingen met haar vrienden Kara en Marx. Maar de experimenten lopen steeds verkeerd af, zeker als buurman Hubert in de buurt is.","still":"https:\/\/img-opt.cdn.smartvod.com\/smartvod\/images\/videoland\/data\/images\/k\/c\/5922d1ae16783_[format].jpg","runtime":680,"editions":{"hd":{"price":0}},"is_downloadable":false},"E50760":{"id":50760,"ref":"E50760","type":"episode","position":6,"title":"","description":"Kinderserie over Lolly, de dochter van uitvinder Lex Lolbroek. Lolly test zijn uitvindingen met haar vrienden Kara en Marx. Maar de experimenten lopen steeds verkeerd af, zeker als buurman Hubert in de buurt is.","still":"https:\/\/img-opt.cdn.smartvod.com\/smartvod\/images\/videoland\/data\/images\/f\/n\/5922d1b62c05c_[format].jpg","runtime":722,"editions":{"hd":{"price":0}},"is_downloadable":false},"E50740":{"id":50740,"ref":"E50740","type":"episode","position":7,"title":"","description":"Kinderserie over Lolly, de dochter van uitvinder Lex Lolbroek. Lolly test zijn uitvindingen met haar vrienden Kara en Marx. Maar de experimenten lopen steeds verkeerd af, zeker als buurman Hubert in de buurt is.","still":"https:\/\/img-opt.cdn.smartvod.com\/smartvod\/images\/videoland\/data\/images\/e\/k\/5922d15961dd2_[format].jpg","runtime":769,"editions":{"hd":{"price":0}},"is_downloadable":false},"E50735":{"id":50735,"ref":"E50735","type":"episode","position":8,"title":"","description":"Kinderserie over Lolly, de dochter van uitvinder Lex Lolbroek. Lolly test zijn uitvindingen met haar vrienden Kara en Marx. Maar de experimenten lopen steeds verkeerd af, zeker als buurman Hubert in de buurt is.","still":"https:\/\/img-opt.cdn.smartvod.com\/smartvod\/images\/videoland\/data\/images\/2\/f\/5922d1616395c_[format].jpg","runtime":739,"editions":{"hd":{"price":0}},"is_downloadable":false},"E50737":{"id":50737,"ref":"E50737","type":"episode","position":9,"title":"","description":"Kinderserie over Lolly, de dochter van uitvinder Lex Lolbroek. Lolly test zijn uitvindingen met haar vrienden Kara en Marx. Maar de experimenten lopen steeds verkeerd af, zeker als buurman Hubert in de buurt is.","still":"https:\/\/img-opt.cdn.smartvod.com\/smartvod\/images\/videoland\/data\/images\/u\/0\/5922d16a61ba0_[format].jpg","runtime":768,"editions":{"hd":{"price":0}},"is_downloadable":false},"E50742":{"id":50742,"ref":"E50742","type":"episode","position":10,"title":"","description":"Kinderserie over Lolly, de dochter van uitvinder Lex Lolbroek. Lolly test zijn uitvindingen met haar vrienden Kara en Marx. Maar de experimenten lopen steeds verkeerd af, zeker als buurman Hubert in de buurt is.","still":"https:\/\/img-opt.cdn.smartvod.com\/smartvod\/images\/videoland\/data\/images\/w\/w\/5922d170ddef7_[format].jpg","runtime":757,"editions":{"hd":{"price":0}},"is_downloadable":false},"E50736":{"id":50736,"ref":"E50736","type":"episode","position":11,"title":"","description":"Kinderserie over Lolly, de dochter van uitvinder Lex Lolbroek. Lolly test zijn uitvindingen met haar vrienden Kara en Marx. Maar de experimenten lopen steeds verkeerd af, zeker als buurman Hubert in de buurt is.","still":"https:\/\/img-opt.cdn.smartvod.com\/smartvod\/images\/videoland\/data\/images\/5\/s\/5922d17834e57_[format].jpg","runtime":696,"editions":{"hd":{"price":0}},"is_downloadable":false},"E50738":{"id":50738,"ref":"E50738","type":"episode","position":12,"title":"","description":"Kinderserie over Lolly, de dochter van uitvinder Lex Lolbroek. Lolly test zijn uitvindingen met haar vrienden Kara en Marx. Maar de experimenten lopen steeds verkeerd af, zeker als buurman Hubert in de buurt is.","still":"https:\/\/img-opt.cdn.smartvod.com\/smartvod\/images\/videoland\/data\/images\/w\/r\/5922d17f81d27_[format].jpg","runtime":714,"editions":{"hd":{"price":0}},"is_downloadable":false},"E50739":{"id":50739,"ref":"E50739","type":"episode","position":13,"title":"","description":"Kinderserie over Lolly, de dochter van uitvinder Lex Lolbroek. Lolly test zijn uitvindingen met haar vrienden Kara en Marx. Maar de experimenten lopen steeds verkeerd af, zeker als buurman Hubert in de buurt is.","still":"https:\/\/img-opt.cdn.smartvod.com\/smartvod\/images\/videoland\/data\/images\/x\/9\/5922d186541e2_[format].jpg","runtime":750,"editions":{"hd":{"price":0}},"is_downloadable":false}}}