{"id":500353,"ref":"S500353","type":"series","title":"The Hills: New Beginnings","year":2021,"rating":5,"poster":"https:\/\/img-opt.cdn.smartvod.com\/smartvod\/images\/videoland\/data\/images\/2\/0\/60f188f8a74f3_[format].jpg","still":"https:\/\/img-opt.cdn.smartvod.com\/smartvod\/images\/videoland\/data\/images\/e\/2\/60f4005351fa5_[format].jpg","cast":{"actors":["Spencer Pratt","Brody Jenner","Heidi Montag","Audrina Patridge"]},"genres":["Reality"],"refs":["SN3422","SN4344"],"is_adult":false,"is_kids":false,"is_available":true,"description":"In MTV's The Hills: New Beginnings volgen we de beroemde vriendengroep bij hun terugkeer naar de stad die ze als twintigers liefhadden en verlieten. Als dertigers met een oog op de toekomst overdenken ze nu hun oude fouten, maken ze nieuwe en proberen ze hun roem terug te krijgen.","nicam":{"al":"Alle leeftijden","taalgebruik":"Grof Taalgebruik"},"language":"en","language_full":"Engels","details":{"SN3422":{"id":3422,"ref":"SN3422","type":"season","title":"1","position":1},"SN4344":{"id":4344,"ref":"SN4344","type":"season","title":"2","position":2,"refs":["E88812","E88814","E88816","E88813","E88810","E88811","E88808","E88815","E88809","E88807","E88805","E88806"]},"E88812":{"id":88812,"ref":"E88812","type":"episode","position":1,"title":"Burying The Past","description":"Na bijna een jaar uit elkaar te zijn geweest, herenigt de groep zich in de hoop een nieuwe start te maken. Brody probeert zijn lichaam en ziel opnieuw uit te vinden terwijl hij zich concentreert op het herstellen van z'n band met Kaitlynn.","still":"https:\/\/img-opt.cdn.smartvod.com\/smartvod\/images\/videoland\/data\/images\/e\/2\/60f4005351fa5_[format].jpg","runtime":2494,"editions":{"hd":{"price":0}},"is_downloadable":true},"E88814":{"id":88814,"ref":"E88814","type":"episode","position":2,"title":"Best Friends Kissing","description":"Brody en Audrina ontdekken een nieuwe romance en Brandon wil z'n relatie naar een hoger niveau tillen. Heidi en Spencer zijn het niet eens over de uitbreiding van hun gezin en moeten stoom afblazen. Jason en Ashley krijgen levensveranderend nieuws.","still":"https:\/\/img-opt.cdn.smartvod.com\/smartvod\/images\/videoland\/data\/images\/k\/3\/60fae09130621_[format].jpg","runtime":2417,"editions":{"hd":{"price":0}},"is_downloadable":true},"E88816":{"id":88816,"ref":"E88816","type":"episode","position":3,"title":"The Last Hurrah","description":"De vakantie van de groep neemt een wending als Kaitlynn onverwacht oog in oog komt te staan met Brody's nieuwe vlam. Brandons hoop op een romantische trip met Dani komt in gevaar na een grote carri\u00e8refout, terwijl een onwaarschijnlijke band opbloeit.","still":"https:\/\/img-opt.cdn.smartvod.com\/smartvod\/images\/videoland\/data\/images\/9\/v\/61058e7a35cfb_[format].jpg","runtime":2417,"editions":{"hd":{"price":0}},"is_downloadable":true},"E88813":{"id":88813,"ref":"E88813","type":"episode","position":4,"title":"Who's A Better Kisser","description":"Brody en Heidi's vriendschap staat op het spel als een etentje eindigt in ruzie. Terwijl Brody zich afvraagt of Amber geschikt voor hem is, laat Audrina's eerste kus met Sean haar achter met vragen. Justin begint zich open te stellen voor de groep.","still":"https:\/\/img-opt.cdn.smartvod.com\/smartvod\/images\/videoland\/data\/images\/w\/3\/610959f7d62a4_[format].jpg","runtime":2417,"editions":{"hd":{"price":0}},"is_downloadable":true},"E88810":{"id":88810,"ref":"E88810","type":"episode","position":5,"title":"You Told Her?!","description":"Heidi en Spencer zijn geschokt als ze horen dat hun gedrag in opspraak is gekomen. Audrina heeft onenigheid met zowel Brody als Sean en ondertussen doet Caroline een gedurfde uitspraak over haar ware gevoelens voor Kaitlynn.","still":"https:\/\/img-opt.cdn.smartvod.com\/smartvod\/images\/videoland\/data\/images\/h\/e\/611a0e1e9f835_[format].jpg","runtime":2417,"editions":{"hd":{"price":0}},"is_downloadable":true},"E88811":{"id":88811,"ref":"E88811","type":"episode","position":6,"title":"I'm Back In LA Bitches!","description":"De groep viert het bezoek van Kristin Cavallari. Er ontstaat spanning tussen Heidi en Audrina. Justin en Jason versterken hun vriendschap. Een goede avond wordt een goede morgen als Brody en Audrina hun chemie eindelijk op de proef stellen.","still":"https:\/\/img-opt.cdn.smartvod.com\/smartvod\/images\/videoland\/data\/images\/j\/e\/611fa2ab703fa_[format].jpg","runtime":2417,"editions":{"hd":{"price":0}},"is_downloadable":true},"E88808":{"id":88808,"ref":"E88808","type":"episode","position":7,"title":"Who Slept At Your House?","description":"Nadat Kristin Brody aanpakt vanwege zijn 'slaapfeestje' met Audrina, gaan er geruchten rond waardoor Kaitlynn zich buitengesloten voelt. Caroline confronteert Kaitlynn met hun ijzige band en Jason hoort dat Spencer z'n nuchterheid in twijfel trekt.","still":"https:\/\/img-opt.cdn.smartvod.com\/smartvod\/images\/videoland\/data\/images\/x\/r\/61239d0f539ce_[format].jpg","runtime":2417,"editions":{"hd":{"price":0}},"is_downloadable":true},"E88815":{"id":88815,"ref":"E88815","type":"episode","position":8,"title":"Get Dessert And Bail","description":"Brody en Audrina flirten steeds vaker. De oorlog tussen de Pratts en Wahlers bereikt een hoogtepunt, terwijl Dani Brandon in de kou laat staan. De vriendschap tussen Audrina en Heidi hangt aan een zijden draadje.","still":"https:\/\/img-opt.cdn.smartvod.com\/smartvod\/images\/videoland\/data\/images\/y\/r\/612f81b709177_[format].jpg","runtime":2417,"editions":{"hd":{"price":0}},"is_downloadable":true},"E88809":{"id":88809,"ref":"E88809","type":"episode","position":9,"title":"Time Heals Not Some Things","description":"Heidi en Spencer zitten in een benarde financi\u00eble situatie. Terwijl Kaitlynns nieuwe relatie opbloeit, dreigt een fling uit Brandons verleden roet in het eten te gooien voor Dani. Justin heeft na een moeilijke tijd weer contact met z'n vader.","still":"https:\/\/img-opt.cdn.smartvod.com\/smartvod\/images\/videoland\/data\/images\/p\/i\/612f88a4f1650_[format].jpg","runtime":2417,"editions":{"hd":{"price":0}},"is_downloadable":true},"E88807":{"id":88807,"ref":"E88807","type":"episode","position":10,"title":"That's Math Right There","description":"Kaitlynn beslist om bij haar vriend in te trekken en iedereen vraagt zich af wat er aan de hand is. Heidi en Spencer maken zich zorgen over de toekomst van hun bedrijf. Brandon denkt na over z'n relatie, terwijl Audrina de waarheid over Brody ontdekt.","still":"https:\/\/img-opt.cdn.smartvod.com\/smartvod\/images\/videoland\/data\/images\/r\/w\/612f8af3daf5d_[format].jpg","runtime":2417,"editions":{"hd":{"price":0}},"is_downloadable":true},"E88805":{"id":88805,"ref":"E88805","type":"episode","position":11,"title":"What About Me?","description":"Tijdens Speidi's wellnessretraite doen er geruchten de ronde dat Kaitlynn zwanger is. Brandon onthult schokkend nieuws over z'n relatie. De Wahlers proberen vrede te sluiten met de Pratts, maar worden afgeleid door potenti\u00eble grote veranderingen.","still":"https:\/\/img-opt.cdn.smartvod.com\/smartvod\/images\/videoland\/data\/images\/4\/d\/612f8c133445c_[format].jpg","runtime":2417,"editions":{"hd":{"price":0}},"is_downloadable":true},"E88806":{"id":88806,"ref":"E88806","type":"episode","position":12,"title":"Timing Is Everything","description":"Kaitlynn vertelt Brody over haar zwangerschap, maar maakt zich zorgen om wat er gebeurt als hij Kris treft. De Pratts en de Wahlers doen eindelijk wat aan de vete in de groep. Justin ontdekt hoe belangrijk het is om vriendschappen te onderhouden.","still":"https:\/\/img-opt.cdn.smartvod.com\/smartvod\/images\/videoland\/data\/images\/1\/0\/6151c762b2f13_[format].jpg","runtime":2417,"editions":{"hd":{"price":0}},"is_downloadable":true}}}