{"id":500695,"ref":"S500695","type":"series","title":"Canada's Drag Race","year":2021,"rating":5,"poster":"https:\/\/img-opt.cdn.smartvod.com\/smartvod\/images\/videoland\/data\/images\/3\/6\/62cd76b81ec76_[format].jpg","still":"https:\/\/img-opt.cdn.smartvod.com\/smartvod\/images\/videoland\/data\/images\/5\/m\/62e670ab3c67c_[format].jpg","cast":{"actors":["Brooke Lynn Hytes","Jeffrey Bowyer-Chapman","Stacey McKenzie"]},"genres":["Competitie","Lifestyle"],"refs":["SN4338","SN4716"],"is_adult":false,"is_kids":false,"is_available":true,"description":"Twaalf drag queens strijden om de titel 'Canada's Next Drag Superstar'. De queens worden uitgedaagd op het gebied van zingen, dansen, acteren, imiteren, kostuums maken en improviseren.","nicam":{"al":"Alle leeftijden","taalgebruik":"Grof Taalgebruik"},"language":"en","language_full":"Engels","details":{"SN4338":{"id":4338,"ref":"SN4338","type":"season","title":"1","position":1},"SN4716":{"id":4716,"ref":"SN4716","type":"season","title":"2","position":2,"refs":["E94238","E94245","E94243","E94247","E94241","E94240","E94246","E94239","E94242","E94244"]},"E94238":{"id":94238,"ref":"E94238","type":"episode","position":1,"title":"Lost And Fierce","description":"Twaalf van Canada's beste drag queens tonen hun ontwerptalent door achtergelaten kleding te transformeren tot prachtige partyoutfits.","still":"https:\/\/img-opt.cdn.smartvod.com\/smartvod\/images\/videoland\/data\/images\/k\/v\/62e394b98f9bb_[format].jpg","runtime":3443,"editions":{"hd":{"price":0}},"is_downloadable":true},"E94245":{"id":94245,"ref":"E94245","type":"episode","position":2,"title":"Under The Big Top","description":"De queens treden live op tijdens de Rusical genaamd Under the Big Top.","still":"https:\/\/img-opt.cdn.smartvod.com\/smartvod\/images\/videoland\/data\/images\/3\/l\/62e393a415c21_[format].jpg","runtime":3444,"editions":{"hd":{"price":0}},"is_downloadable":true},"E94243":{"id":94243,"ref":"E94243","type":"episode","position":3,"title":"Screech","description":"De queens overacteren tijdens de spooktaculaire slasherfilm Screech.","still":"https:\/\/img-opt.cdn.smartvod.com\/smartvod\/images\/videoland\/data\/images\/6\/3\/62e393a24a924_[format].jpg","runtime":3437,"editions":{"hd":{"price":0}},"is_downloadable":true},"E94247":{"id":94247,"ref":"E94247","type":"episode","position":4,"title":"The Snatch Game","description":"De queens tonen hun beste imitaties van beroemdheden tijden de iconische Snatch Game.","still":"https:\/\/img-opt.cdn.smartvod.com\/smartvod\/images\/videoland\/data\/images\/j\/p\/62e3939c555bd_[format].jpg","runtime":3445,"editions":{"hd":{"price":0}},"is_downloadable":true},"E94241":{"id":94241,"ref":"E94241","type":"episode","position":5,"title":"Bye Flop","description":"De queens schrijven een origineel popcountrynummer over break-ups en treden daarmee op.","still":"https:\/\/img-opt.cdn.smartvod.com\/smartvod\/images\/videoland\/data\/images\/w\/e\/62e394bb9d6de_[format].jpg","runtime":3417,"editions":{"hd":{"price":0}},"is_downloadable":true},"E94240":{"id":94240,"ref":"E94240","type":"episode","position":6,"title":"The Sinner's Ball","description":"De queens worden uitgedaagd om drie verschillende catwalkoutfits te tonen tijden het Sinner's Ball.","still":"https:\/\/img-opt.cdn.smartvod.com\/smartvod\/images\/videoland\/data\/images\/i\/g\/62e393832883d_[format].jpg","runtime":3419,"editions":{"hd":{"price":0}},"is_downloadable":true},"E94246":{"id":94246,"ref":"E94246","type":"episode","position":7,"title":"The Roast Of Brooke Lynn Hytes","description":"De queens laten zich helemaal gaan tijdens de roast van de enige echte Brooke Lynn Hytes.","still":"https:\/\/img-opt.cdn.smartvod.com\/smartvod\/images\/videoland\/data\/images\/r\/z\/62e3939e51df5_[format].jpg","runtime":3441,"editions":{"hd":{"price":0}},"is_downloadable":true},"E94239":{"id":94239,"ref":"E94239","type":"episode","position":8,"title":"Prom","description":"De queens vormen koppels met tieners voor de make-overs van hun leven.","still":"https:\/\/img-opt.cdn.smartvod.com\/smartvod\/images\/videoland\/data\/images\/y\/7\/62e393857ffa3_[format].jpg","runtime":3450,"editions":{"hd":{"price":0}},"is_downloadable":true},"E94242":{"id":94242,"ref":"E94242","type":"episode","position":9,"title":"The Reunion","description":"De ge\u00eblimineerde queens keren terug om samen met de finalisten terug te blikken op alle pikante gebeurtenissen van het afgelopen seizoen. Een schokkende twist overrompelt de queens.","still":"https:\/\/img-opt.cdn.smartvod.com\/smartvod\/images\/videoland\/data\/images\/k\/m\/62e393a03be8c_[format].jpg","runtime":3428,"editions":{"hd":{"price":0}},"is_downloadable":true},"E94244":{"id":94244,"ref":"E94244","type":"episode","position":10,"title":"Queen Of The North","description":"De finalisten treden op met een zelfgeschreven remix van de hit Queen of the North van Brooke Lynn Hytes.","still":"https:\/\/img-opt.cdn.smartvod.com\/smartvod\/images\/videoland\/data\/images\/t\/t\/62e3939640400_[format].jpg","runtime":3443,"editions":{"hd":{"price":0}},"is_downloadable":true}}}