{"id":500669,"ref":"S500669","type":"series","title":"De Verhulstjes","year":2022,"rating":4,"poster":"https:\/\/img-opt.cdn.smartvod.com\/smartvod\/images\/videoland\/data\/images\/y\/h\/61dff92d17b3f_[format].jpg","still":"https:\/\/img-opt.cdn.smartvod.com\/smartvod\/images\/videoland\/data\/images\/8\/8\/61c1a4bbe1b35_[format].jpg","cast":{"actors":["Gert Verhulst","Jos Verhulst","Ellen Callebout","Viktor Verhulst","Marie Verhulst","Jef Oomen"]},"genres":["Reality"],"refs":["SN4259","SN4614","SN4966"],"is_adult":false,"is_kids":false,"is_available":true,"description":"Gert Verhulst, zijn vrouw Ellen, zoon Viktor, dochter Marie en haar vriend Jef, opa Jos en honden Leo en Marcel geven een unieke inkijk in hun leven.","nicam":{"al":"Alle leeftijden","taalgebruik":"Grof Taalgebruik"},"language":"nl","language_full":"Nederlands","details":{"SN4259":{"id":4259,"ref":"SN4259","type":"season","title":"1","position":1},"SN4614":{"id":4614,"ref":"SN4614","type":"season","title":"2","position":2,"refs":["E92460","E92464","E92463","E92470","E92471","E92469","E92462"]},"SN4966":{"id":4966,"ref":"SN4966","type":"season","title":"3","position":3},"E92460":{"id":92460,"ref":"E92460","type":"episode","position":1,"title":"","description":"Studio-100 baas Gert Verhulst en zijn gezin geven een uniek inkijkje in hun leven. Dit seizoen gaan de Verhulstjes op vakantie naar het zonnige Saint-Tropez.","still":"https:\/\/img-opt.cdn.smartvod.com\/smartvod\/images\/videoland\/data\/images\/u\/s\/61bc5e8f531af_[format].jpg","runtime":2762,"editions":{"hd":{"price":0}},"is_downloadable":true},"E92464":{"id":92464,"ref":"E92464","type":"episode","position":2,"title":"","description":"Studio-100 baas Gert Verhulst en zijn gezin geven een uniek inkijkje in hun leven. Dit seizoen gaan de Verhulstjes op vakantie naar het zonnige Saint-Tropez.","still":"https:\/\/img-opt.cdn.smartvod.com\/smartvod\/images\/videoland\/data\/images\/g\/c\/61bc5e9c0e77f_[format].jpg","runtime":2741,"editions":{"hd":{"price":0}},"is_downloadable":true},"E92463":{"id":92463,"ref":"E92463","type":"episode","position":3,"title":"","description":"Studio-100 baas Gert Verhulst en zijn gezin geven een uniek inkijkje in hun leven. Dit seizoen gaan de Verhulstjes op vakantie naar het zonnige Saint-Tropez.","still":"https:\/\/img-opt.cdn.smartvod.com\/smartvod\/images\/videoland\/data\/images\/o\/5\/61bc5e955a0f8_[format].jpg","runtime":2592,"editions":{"hd":{"price":0}},"is_downloadable":true},"E92470":{"id":92470,"ref":"E92470","type":"episode","position":4,"title":"","description":"Studio-100 baas Gert Verhulst en zijn gezin geven een uniek inkijkje in hun leven. Dit seizoen gaan de Verhulstjes op vakantie naar het zonnige Saint-Tropez.","still":"https:\/\/img-opt.cdn.smartvod.com\/smartvod\/images\/videoland\/data\/images\/u\/k\/61bc5ea301bff_[format].jpg","runtime":2665,"editions":{"hd":{"price":0}},"is_downloadable":true},"E92471":{"id":92471,"ref":"E92471","type":"episode","position":5,"title":"","description":"Studio-100 baas Gert Verhulst en zijn gezin geven een uniek inkijkje in hun leven. Dit seizoen gaan de Verhulstjes op vakantie naar het zonnige Saint-Tropez.","still":"https:\/\/img-opt.cdn.smartvod.com\/smartvod\/images\/videoland\/data\/images\/g\/w\/61bc5e9f7710c_[format].jpg","runtime":2893,"editions":{"hd":{"price":0}},"is_downloadable":true},"E92469":{"id":92469,"ref":"E92469","type":"episode","position":6,"title":"","description":"Studio-100 baas Gert Verhulst en zijn gezin geven een uniek inkijkje in hun leven. Dit seizoen gaan de Verhulstjes op vakantie naar het zonnige Saint-Tropez.","still":"https:\/\/img-opt.cdn.smartvod.com\/smartvod\/images\/videoland\/data\/images\/t\/5\/61bc5fa33a108_[format].jpg","runtime":2663,"editions":{"hd":{"price":0}},"is_downloadable":true},"E92462":{"id":92462,"ref":"E92462","type":"episode","position":7,"title":"","description":"Studio-100 baas Gert Verhulst en zijn gezin geven een uniek inkijkje in hun leven. Dit seizoen gaan de Verhulstjes op vakantie naar het zonnige Saint-Tropez.","still":"https:\/\/img-opt.cdn.smartvod.com\/smartvod\/images\/videoland\/data\/images\/h\/j\/61bc5e9a6c1e5_[format].jpg","runtime":2869,"editions":{"hd":{"price":0}},"is_downloadable":true}}}