{"id":500615,"ref":"S500615","type":"series","title":"S.W.A.T.","year":2021,"rating":4,"poster":"https:\/\/img-opt.cdn.smartvod.com\/smartvod\/images\/videoland\/data\/images\/m\/h\/60896de6d71de_[format].jpg","still":"https:\/\/img-opt.cdn.smartvod.com\/smartvod\/images\/videoland\/data\/images\/e\/7\/608a679c425be_[format].jpeg","cast":{"actors":["Alex Russell","Jay Harrington","Shemar Moore"]},"genres":["Actie","Avontuur","Misdaad"],"refs":["SN4109","SN4111","SN4288","SN5036"],"is_adult":false,"is_kids":false,"is_available":true,"description":"Als de politie in Los Angeles hulp nodig heeft, komt het S.W.A.T.-team van Daniel 'Hondo' Harrelson in actie. De voormalig marinier is loyaal aan zijn collega's in het blauw, maar ook aan 'de straat' en pleit voor wederzijds respect. De goedgetrainde mannen en vrouwen uit Hondo's team nemen dagelijks risico's om levens te redden en misdaden op te lossen.","nicam":{"12":"Mogelijk schadelijk tot 12 jaar","geweld":"Geweld","angst":"Angst"},"language":"en","language_full":"Engels","details":{"SN4109":{"id":4109,"ref":"SN4109","type":"season","title":"1","position":1},"SN4111":{"id":4111,"ref":"SN4111","type":"season","title":"2","position":2,"refs":["E84716","E84719","E84712","E84720","E84714","E84717","E84711","E84715","E84713","E84718","E84710","E84721","E84725","E84732","E84724","E84722","E84730","E84727","E84726","E84731","E84729","E84728","E84723"]},"SN4288":{"id":4288,"ref":"SN4288","type":"season","title":"3","position":3},"SN5036":{"id":5036,"ref":"SN5036","type":"season","title":"4","position":4},"E84716":{"id":84716,"ref":"E84716","type":"episode","position":1,"title":"Shaky Town","description":"Het S.W.A.T.-team van Daniel 'Hondo' Harrelson ondersteunt de politie van Los Angeles. De voormalig marinier is loyaal aan zijn collega's in het blauw, maar ook aan 'de straat' en pleit voor wederzijds respect.","still":"https:\/\/img-opt.cdn.smartvod.com\/smartvod\/images\/videoland\/data\/images\/k\/r\/6082858bd2c9d_[format].jpg","runtime":2469,"editions":{"hd":{"price":0}},"is_downloadable":true},"E84719":{"id":84719,"ref":"E84719","type":"episode","position":2,"title":"Gasoline Drum","description":"Het S.W.A.T.-team van Daniel 'Hondo' Harrelson ondersteunt de politie van Los Angeles. De voormalig marinier is loyaal aan zijn collega's in het blauw, maar ook aan 'de straat' en pleit voor wederzijds respect.","still":"https:\/\/img-opt.cdn.smartvod.com\/smartvod\/images\/videoland\/data\/images\/l\/9\/60828a427655d_[format].jpg","runtime":2470,"editions":{"hd":{"price":0}},"is_downloadable":true},"E84712":{"id":84712,"ref":"E84712","type":"episode","position":3,"title":"Fire And Smoke","description":"Het S.W.A.T.-team van Daniel 'Hondo' Harrelson ondersteunt de politie van Los Angeles. De voormalig marinier is loyaal aan zijn collega's in het blauw, maar ook aan 'de straat' en pleit voor wederzijds respect.","still":"https:\/\/img-opt.cdn.smartvod.com\/smartvod\/images\/videoland\/data\/images\/y\/2\/60828a3f22a14_[format].jpg","runtime":2400,"editions":{"hd":{"price":0}},"is_downloadable":true},"E84720":{"id":84720,"ref":"E84720","type":"episode","position":4,"title":"Saving Face","description":"Het S.W.A.T.-team van Daniel 'Hondo' Harrelson ondersteunt de politie van Los Angeles. De voormalig marinier is loyaal aan zijn collega's in het blauw, maar ook aan 'de straat' en pleit voor wederzijds respect.","still":"https:\/\/img-opt.cdn.smartvod.com\/smartvod\/images\/videoland\/data\/images\/6\/g\/60827e8c1955f_[format].jpg","runtime":2465,"editions":{"hd":{"price":0}},"is_downloadable":true},"E84714":{"id":84714,"ref":"E84714","type":"episode","position":5,"title":"S.O.S.","description":"Het S.W.A.T.-team van Daniel 'Hondo' Harrelson ondersteunt de politie van Los Angeles. De voormalig marinier is loyaal aan zijn collega's in het blauw, maar ook aan 'de straat' en pleit voor wederzijds respect.","still":"https:\/\/img-opt.cdn.smartvod.com\/smartvod\/images\/videoland\/data\/images\/d\/y\/6082858db2933_[format].jpg","runtime":2427,"editions":{"hd":{"price":0}},"is_downloadable":true},"E84717":{"id":84717,"ref":"E84717","type":"episode","position":6,"title":"Never Again","description":"Het S.W.A.T.-team van Daniel 'Hondo' Harrelson ondersteunt de politie van Los Angeles. De voormalig marinier is loyaal aan zijn collega's in het blauw, maar ook aan 'de straat' en pleit voor wederzijds respect.","still":"https:\/\/img-opt.cdn.smartvod.com\/smartvod\/images\/videoland\/data\/images\/r\/w\/60828919af936_[format].jpg","runtime":2474,"editions":{"hd":{"price":0}},"is_downloadable":true},"E84711":{"id":84711,"ref":"E84711","type":"episode","position":7,"title":"Inheritance","description":"Het S.W.A.T.-team van Daniel 'Hondo' Harrelson ondersteunt de politie van Los Angeles. De voormalig marinier is loyaal aan zijn collega's in het blauw, maar ook aan 'de straat' en pleit voor wederzijds respect.","still":"https:\/\/img-opt.cdn.smartvod.com\/smartvod\/images\/videoland\/data\/images\/8\/6\/60828912e5ecc_[format].jpg","runtime":2440,"editions":{"hd":{"price":0}},"is_downloadable":true},"E84715":{"id":84715,"ref":"E84715","type":"episode","position":8,"title":"The Tiffany Experience","description":"Het S.W.A.T.-team van Daniel 'Hondo' Harrelson ondersteunt de politie van Los Angeles. De voormalig marinier is loyaal aan zijn collega's in het blauw, maar ook aan 'de straat' en pleit voor wederzijds respect.","still":"https:\/\/img-opt.cdn.smartvod.com\/smartvod\/images\/videoland\/data\/images\/h\/o\/60828a3bc29c5_[format].jpg","runtime":2470,"editions":{"hd":{"price":0}},"is_downloadable":true},"E84713":{"id":84713,"ref":"E84713","type":"episode","position":9,"title":"Day Off","description":"Het S.W.A.T.-team van Daniel 'Hondo' Harrelson ondersteunt de politie van Los Angeles. De voormalig marinier is loyaal aan zijn collega's in het blauw, maar ook aan 'de straat' en pleit voor wederzijds respect.","still":"https:\/\/img-opt.cdn.smartvod.com\/smartvod\/images\/videoland\/data\/images\/j\/9\/608287e587671_[format].jpg","runtime":2438,"editions":{"hd":{"price":0}},"is_downloadable":true},"E84718":{"id":84718,"ref":"E84718","type":"episode","position":10,"title":"1000 Joules","description":"Het S.W.A.T.-team van Daniel 'Hondo' Harrelson ondersteunt de politie van Los Angeles. De voormalig marinier is loyaal aan zijn collega's in het blauw, maar ook aan 'de straat' en pleit voor wederzijds respect.","still":"https:\/\/img-opt.cdn.smartvod.com\/smartvod\/images\/videoland\/data\/images\/g\/8\/60828a48e9789_[format].jpg","runtime":2448,"editions":{"hd":{"price":0}},"is_downloadable":true},"E84710":{"id":84710,"ref":"E84710","type":"episode","position":11,"title":"School","description":"Het S.W.A.T.-team van Daniel 'Hondo' Harrelson ondersteunt de politie van Los Angeles. De voormalig marinier is loyaal aan zijn collega's in het blauw, maar ook aan 'de straat' en pleit voor wederzijds respect.","still":"https:\/\/img-opt.cdn.smartvod.com\/smartvod\/images\/videoland\/data\/images\/v\/7\/60828a441149d_[format].jpg","runtime":2468,"editions":{"hd":{"price":0}},"is_downloadable":true},"E84721":{"id":84721,"ref":"E84721","type":"episode","position":12,"title":"Los Huesos","description":"Het S.W.A.T.-team van Daniel 'Hondo' Harrelson ondersteunt de politie van Los Angeles. De voormalig marinier is loyaal aan zijn collega's in het blauw, maar ook aan 'de straat' en pleit voor wederzijds respect.","still":"https:\/\/img-opt.cdn.smartvod.com\/smartvod\/images\/videoland\/data\/images\/w\/2\/60828923b51b7_[format].jpg","runtime":2469,"editions":{"hd":{"price":0}},"is_downloadable":true},"E84725":{"id":84725,"ref":"E84725","type":"episode","position":13,"title":"Encore","description":"Het S.W.A.T.-team van Daniel 'Hondo' Harrelson ondersteunt de politie van Los Angeles. De voormalig marinier is loyaal aan zijn collega's in het blauw, maar ook aan 'de straat' en pleit voor wederzijds respect.","still":"https:\/\/img-opt.cdn.smartvod.com\/smartvod\/images\/videoland\/data\/images\/t\/j\/6082892232115_[format].jpg","runtime":2428,"editions":{"hd":{"price":0}},"is_downloadable":true},"E84732":{"id":84732,"ref":"E84732","type":"episode","position":14,"title":"The B-Team","description":"Het S.W.A.T.-team van Daniel 'Hondo' Harrelson ondersteunt de politie van Los Angeles. De voormalig marinier is loyaal aan zijn collega's in het blauw, maar ook aan 'de straat' en pleit voor wederzijds respect.","still":"https:\/\/img-opt.cdn.smartvod.com\/smartvod\/images\/videoland\/data\/images\/u\/e\/60828a40dcb8a_[format].jpg","runtime":2427,"editions":{"hd":{"price":0}},"is_downloadable":true},"E84724":{"id":84724,"ref":"E84724","type":"episode","position":15,"title":"Fallen","description":"Het S.W.A.T.-team van Daniel 'Hondo' Harrelson ondersteunt de politie van Los Angeles. De voormalig marinier is loyaal aan zijn collega's in het blauw, maar ook aan 'de straat' en pleit voor wederzijds respect.","still":"https:\/\/img-opt.cdn.smartvod.com\/smartvod\/images\/videoland\/data\/images\/g\/e\/60828a54c2b14_[format].jpg","runtime":2416,"editions":{"hd":{"price":0}},"is_downloadable":true},"E84722":{"id":84722,"ref":"E84722","type":"episode","position":16,"title":"Pride","description":"Het S.W.A.T.-team van Daniel 'Hondo' Harrelson ondersteunt de politie van Los Angeles. De voormalig marinier is loyaal aan zijn collega's in het blauw, maar ook aan 'de straat' en pleit voor wederzijds respect.","still":"https:\/\/img-opt.cdn.smartvod.com\/smartvod\/images\/videoland\/data\/images\/v\/1\/60828a564b1a8_[format].jpg","runtime":2469,"editions":{"hd":{"price":0}},"is_downloadable":true},"E84730":{"id":84730,"ref":"E84730","type":"episode","position":17,"title":"Jack","description":"Het S.W.A.T.-team van Daniel 'Hondo' Harrelson ondersteunt de politie van Los Angeles. De voormalig marinier is loyaal aan zijn collega's in het blauw, maar ook aan 'de straat' en pleit voor wederzijds respect.","still":"https:\/\/img-opt.cdn.smartvod.com\/smartvod\/images\/videoland\/data\/images\/n\/i\/60828a532a103_[format].jpg","runtime":2473,"editions":{"hd":{"price":0}},"is_downloadable":true},"E84727":{"id":84727,"ref":"E84727","type":"episode","position":18,"title":"Cash Flow","description":"Het S.W.A.T.-team van Daniel 'Hondo' Harrelson ondersteunt de politie van Los Angeles. De voormalig marinier is loyaal aan zijn collega's in het blauw, maar ook aan 'de straat' en pleit voor wederzijds respect.","still":"https:\/\/img-opt.cdn.smartvod.com\/smartvod\/images\/videoland\/data\/images\/c\/q\/60828a45ae42e_[format].jpg","runtime":2407,"editions":{"hd":{"price":0}},"is_downloadable":true},"E84726":{"id":84726,"ref":"E84726","type":"episode","position":19,"title":"Invisible","description":"Het S.W.A.T.-team van Daniel 'Hondo' Harrelson ondersteunt de politie van Los Angeles. De voormalig marinier is loyaal aan zijn collega's in het blauw, maar ook aan 'de straat' en pleit voor wederzijds respect.","still":"https:\/\/img-opt.cdn.smartvod.com\/smartvod\/images\/videoland\/data\/images\/e\/k\/6082890f7d3b9_[format].jpg","runtime":2472,"editions":{"hd":{"price":0}},"is_downloadable":true},"E84731":{"id":84731,"ref":"E84731","type":"episode","position":20,"title":"Rocket Fuel","description":"Het S.W.A.T.-team van Daniel 'Hondo' Harrelson ondersteunt de politie van Los Angeles. De voormalig marinier is loyaal aan zijn collega's in het blauw, maar ook aan 'de straat' en pleit voor wederzijds respect.","still":"https:\/\/img-opt.cdn.smartvod.com\/smartvod\/images\/videoland\/data\/images\/y\/m\/60828a477177e_[format].jpg","runtime":2470,"editions":{"hd":{"price":0}},"is_downloadable":true},"E84729":{"id":84729,"ref":"E84729","type":"episode","position":21,"title":"Day Of Dread","description":"Het S.W.A.T.-team van Daniel 'Hondo' Harrelson ondersteunt de politie van Los Angeles. De voormalig marinier is loyaal aan zijn collega's in het blauw, maar ook aan 'de straat' en pleit voor wederzijds respect.","still":"https:\/\/img-opt.cdn.smartvod.com\/smartvod\/images\/videoland\/data\/images\/m\/e\/60828a4c4cf0b_[format].jpg","runtime":2444,"editions":{"hd":{"price":0}},"is_downloadable":true},"E84728":{"id":84728,"ref":"E84728","type":"episode","position":22,"title":"Trigger Creep","description":"Het S.W.A.T.-team van Daniel 'Hondo' Harrelson ondersteunt de politie van Los Angeles. De voormalig marinier is loyaal aan zijn collega's in het blauw, maar ook aan 'de straat' en pleit voor wederzijds respect.","still":"https:\/\/img-opt.cdn.smartvod.com\/smartvod\/images\/videoland\/data\/images\/q\/l\/6082892075026_[format].jpg","runtime":2476,"editions":{"hd":{"price":0}},"is_downloadable":true},"E84723":{"id":84723,"ref":"E84723","type":"episode","position":23,"title":"Kangaroo","description":"Het S.W.A.T.-team van Daniel 'Hondo' Harrelson ondersteunt de politie van Los Angeles. De voormalig marinier is loyaal aan zijn collega's in het blauw, maar ook aan 'de straat' en pleit voor wederzijds respect.","still":"https:\/\/img-opt.cdn.smartvod.com\/smartvod\/images\/videoland\/data\/images\/i\/0\/6082891ea33fa_[format].jpg","runtime":2462,"editions":{"hd":{"price":0}},"is_downloadable":true}}}