{"id":500416,"ref":"S500416","type":"series","title":"Baywatch","year":2001,"rating":4,"poster":"https:\/\/img-opt.cdn.smartvod.com\/smartvod\/images\/videoland\/data\/images\/4\/6\/5f048a41773e3_[format].jpg","still":"https:\/\/img-opt.cdn.smartvod.com\/smartvod\/images\/videoland\/data\/images\/y\/7\/5f1840e6b6f71_[format].jpg","cast":{"actors":["David Hasselhoff","Jeremy Jackson","Gregory Alan Williams","Billy Warlock","Erika Eleniak","Pamela Anderson"]},"genres":["Actie","Drama"],"refs":["SN3589","SN3588","SN3593","SN3614","SN3615","SN3616","SN3617","SN3618","SN3619"],"is_adult":false,"is_kids":false,"is_available":true,"description":"Baywatch gaat over de strandwachten van Malibu in Californi\u00eb. Onder leiding van Mitch Buchannon krijgen de strandwachten regelmatig te maken met levensbedreigende situaties, waarbij ze bloedstollende reddingsacties uitvoeren. Ook in hun priv\u00e9levens gaat het er soms enerverend aan toe. Je bent nog niet klaar met (Bay)watchen\u2026 Seizoen 10 en 11 vind je onder de Baywatch Hawaii.","nicam":{"9":"Mogelijk schadelijk tot 9 jaar","angst":"Angst","taalgebruik":"Grof Taalgebruik"},"language":"en","language_full":"Engels","details":{"SN3589":{"id":3589,"ref":"SN3589","type":"season","title":"1","position":1},"SN3588":{"id":3588,"ref":"SN3588","type":"season","title":"2","position":2,"refs":["E76582","E76570","E76601","E76609","E76589","E76596","E76567","E76617","E76583","E76571","E76600","E76615","E76598","E76576","E76616","E76568","E76595","E76569","E76572","E76619","E76592","E76604"]},"SN3593":{"id":3593,"ref":"SN3593","type":"season","title":"3","position":3},"SN3614":{"id":3614,"ref":"SN3614","type":"season","title":"4","position":4},"SN3615":{"id":3615,"ref":"SN3615","type":"season","title":"5","position":5},"SN3616":{"id":3616,"ref":"SN3616","type":"season","title":"6","position":6},"SN3617":{"id":3617,"ref":"SN3617","type":"season","title":"7","position":7},"SN3618":{"id":3618,"ref":"SN3618","type":"season","title":"8","position":8},"SN3619":{"id":3619,"ref":"SN3619","type":"season","title":"9","position":9},"E76582":{"id":76582,"ref":"E76582","type":"episode","position":1,"title":"Nightmare Bay (Part 1)","description":"Baywatch gaat over de strandwachten van Malibu in Californi\u00eb. Onder leiding van Mitch Buchannon krijgen de strandwachten regelmatig te maken met levensbedreigende situaties, waarbij ze bloedstollende reddingsacties uitvoeren. Ook in hun priv\u00e9levens gaat het er soms enerverend aan toe.","still":"https:\/\/img-opt.cdn.smartvod.com\/smartvod\/images\/videoland\/data\/images\/d\/c\/5f17124797c54_[format].jpg","runtime":2390,"editions":{"hd":{"price":0}},"is_downloadable":true},"E76570":{"id":76570,"ref":"E76570","type":"episode","position":2,"title":"Nightmare Bay (Part 2)","description":"Baywatch gaat over de strandwachten van Malibu in Californi\u00eb. Onder leiding van Mitch Buchannon krijgen de strandwachten regelmatig te maken met levensbedreigende situaties, waarbij ze bloedstollende reddingsacties uitvoeren. Ook in hun priv\u00e9levens gaat het er soms enerverend aan toe.","still":"https:\/\/img-opt.cdn.smartvod.com\/smartvod\/images\/videoland\/data\/images\/n\/c\/5f2a9cec9c166_[format].jpg","runtime":2387,"editions":{"hd":{"price":0}},"is_downloadable":true},"E76601":{"id":76601,"ref":"E76601","type":"episode","position":3,"title":"The One Who Got Away","description":"Baywatch gaat over de strandwachten van Malibu in Californi\u00eb. Onder leiding van Mitch Buchannon krijgen de strandwachten regelmatig te maken met levensbedreigende situaties, waarbij ze bloedstollende reddingsacties uitvoeren. Ook in hun priv\u00e9levens gaat het er soms enerverend aan toe.","still":"https:\/\/img-opt.cdn.smartvod.com\/smartvod\/images\/videoland\/data\/images\/h\/v\/5f170fdf19b1d_[format].jpg","runtime":2491,"editions":{"hd":{"price":0}},"is_downloadable":true},"E76609":{"id":76609,"ref":"E76609","type":"episode","position":4,"title":"Money, Honey","description":"Baywatch gaat over de strandwachten van Malibu in Californi\u00eb. Onder leiding van Mitch Buchannon krijgen de strandwachten regelmatig te maken met levensbedreigende situaties, waarbij ze bloedstollende reddingsacties uitvoeren. Ook in hun priv\u00e9levens gaat het er soms enerverend aan toe.","still":"https:\/\/img-opt.cdn.smartvod.com\/smartvod\/images\/videoland\/data\/images\/f\/m\/5f17110490c17_[format].jpg","runtime":2489,"editions":{"hd":{"price":0}},"is_downloadable":true},"E76589":{"id":76589,"ref":"E76589","type":"episode","position":5,"title":"The Fabulous Buchannon Boys","description":"Baywatch gaat over de strandwachten van Malibu in Californi\u00eb. Onder leiding van Mitch Buchannon krijgen de strandwachten regelmatig te maken met levensbedreigende situaties, waarbij ze bloedstollende reddingsacties uitvoeren. Ook in hun priv\u00e9levens gaat het er soms enerverend aan toe.","still":"https:\/\/img-opt.cdn.smartvod.com\/smartvod\/images\/videoland\/data\/images\/k\/f\/5f170fe3607d4_[format].jpg","runtime":2520,"editions":{"hd":{"price":0}},"is_downloadable":true},"E76596":{"id":76596,"ref":"E76596","type":"episode","position":6,"title":"Point Of Attack","description":"Baywatch gaat over de strandwachten van Malibu in Californi\u00eb. Onder leiding van Mitch Buchannon krijgen de strandwachten regelmatig te maken met levensbedreigende situaties, waarbij ze bloedstollende reddingsacties uitvoeren. Ook in hun priv\u00e9levens gaat het er soms enerverend aan toe.","still":"https:\/\/img-opt.cdn.smartvod.com\/smartvod\/images\/videoland\/data\/images\/v\/3\/5f170feac22dc_[format].jpg","runtime":2489,"editions":{"hd":{"price":0}},"is_downloadable":true},"E76567":{"id":76567,"ref":"E76567","type":"episode","position":7,"title":"Sandcastles","description":"Baywatch gaat over de strandwachten van Malibu in Californi\u00eb. Onder leiding van Mitch Buchannon krijgen de strandwachten regelmatig te maken met levensbedreigende situaties, waarbij ze bloedstollende reddingsacties uitvoeren. Ook in hun priv\u00e9levens gaat het er soms enerverend aan toe.","still":"https:\/\/img-opt.cdn.smartvod.com\/smartvod\/images\/videoland\/data\/images\/w\/2\/5f170eab3b6cd_[format].jpg","runtime":2514,"editions":{"hd":{"price":0}},"is_downloadable":true},"E76617":{"id":76617,"ref":"E76617","type":"episode","position":8,"title":"Thin Or Die","description":"Baywatch gaat over de strandwachten van Malibu in Californi\u00eb. Onder leiding van Mitch Buchannon krijgen de strandwachten regelmatig te maken met levensbedreigende situaties, waarbij ze bloedstollende reddingsacties uitvoeren. Ook in hun priv\u00e9levens gaat het er soms enerverend aan toe.","still":"https:\/\/img-opt.cdn.smartvod.com\/smartvod\/images\/videoland\/data\/images\/n\/l\/5f17111a42660_[format].jpg","runtime":2519,"editions":{"hd":{"price":0}},"is_downloadable":true},"E76583":{"id":76583,"ref":"E76583","type":"episode","position":9,"title":"The Trophy (Part 1)","description":"Baywatch gaat over de strandwachten van Malibu in Californi\u00eb. Onder leiding van Mitch Buchannon krijgen de strandwachten regelmatig te maken met levensbedreigende situaties, waarbij ze bloedstollende reddingsacties uitvoeren. Ook in hun priv\u00e9levens gaat het er soms enerverend aan toe.","still":"https:\/\/img-opt.cdn.smartvod.com\/smartvod\/images\/videoland\/data\/images\/o\/2\/5f17110894b36_[format].jpg","runtime":2422,"editions":{"hd":{"price":0}},"is_downloadable":true},"E76571":{"id":76571,"ref":"E76571","type":"episode","position":10,"title":"The Trophy (Part 2)","description":"Baywatch gaat over de strandwachten van Malibu in Californi\u00eb. Onder leiding van Mitch Buchannon krijgen de strandwachten regelmatig te maken met levensbedreigende situaties, waarbij ze bloedstollende reddingsacties uitvoeren. Ook in hun priv\u00e9levens gaat het er soms enerverend aan toe.","still":"https:\/\/img-opt.cdn.smartvod.com\/smartvod\/images\/videoland\/data\/images\/c\/h\/5f170eb0e35bf_[format].jpg","runtime":2463,"editions":{"hd":{"price":0}},"is_downloadable":true},"E76600":{"id":76600,"ref":"E76600","type":"episode","position":11,"title":"If Looks Could Kill","description":"Baywatch gaat over de strandwachten van Malibu in Californi\u00eb. Onder leiding van Mitch Buchannon krijgen de strandwachten regelmatig te maken met levensbedreigende situaties, waarbij ze bloedstollende reddingsacties uitvoeren. Ook in hun priv\u00e9levens gaat het er soms enerverend aan toe.","still":"https:\/\/img-opt.cdn.smartvod.com\/smartvod\/images\/videoland\/data\/images\/f\/3\/5f17122ebd6fe_[format].jpg","runtime":2519,"editions":{"hd":{"price":0}},"is_downloadable":true},"E76615":{"id":76615,"ref":"E76615","type":"episode","position":12,"title":"Reunion - 12","description":"Baywatch gaat over de strandwachten van Malibu in Californi\u00eb. Onder leiding van Mitch Buchannon krijgen de strandwachten regelmatig te maken met levensbedreigende situaties, waarbij ze bloedstollende reddingsacties uitvoeren. Ook in hun priv\u00e9levens gaat het er soms enerverend aan toe.","still":"https:\/\/img-opt.cdn.smartvod.com\/smartvod\/images\/videoland\/data\/images\/1\/6\/5f171123d5a46_[format].jpg","runtime":2202,"editions":{"hd":{"price":0}},"is_downloadable":true},"E76598":{"id":76598,"ref":"E76598","type":"episode","position":13,"title":"Now Sit Right Back And You'll Hear A Tale","description":"Baywatch gaat over de strandwachten van Malibu in Californi\u00eb. Onder leiding van Mitch Buchannon krijgen de strandwachten regelmatig te maken met levensbedreigende situaties, waarbij ze bloedstollende reddingsacties uitvoeren. Ook in hun priv\u00e9levens gaat het er soms enerverend aan toe.","still":"https:\/\/img-opt.cdn.smartvod.com\/smartvod\/images\/videoland\/data\/images\/q\/f\/5f170fec843f5_[format].jpg","runtime":2433,"editions":{"hd":{"price":0}},"is_downloadable":true},"E76576":{"id":76576,"ref":"E76576","type":"episode","position":14,"title":"War Of Nerves","description":"Baywatch gaat over de strandwachten van Malibu in Californi\u00eb. Onder leiding van Mitch Buchannon krijgen de strandwachten regelmatig te maken met levensbedreigende situaties, waarbij ze bloedstollende reddingsacties uitvoeren. Ook in hun priv\u00e9levens gaat het er soms enerverend aan toe.","still":"https:\/\/img-opt.cdn.smartvod.com\/smartvod\/images\/videoland\/data\/images\/0\/p\/5f170fd6e2e12_[format].jpg","runtime":2485,"editions":{"hd":{"price":0}},"is_downloadable":true},"E76616":{"id":76616,"ref":"E76616","type":"episode","position":15,"title":"Big Monday","description":"Baywatch gaat over de strandwachten van Malibu in Californi\u00eb. Onder leiding van Mitch Buchannon krijgen de strandwachten regelmatig te maken met levensbedreigende situaties, waarbij ze bloedstollende reddingsacties uitvoeren. Ook in hun priv\u00e9levens gaat het er soms enerverend aan toe.","still":"https:\/\/img-opt.cdn.smartvod.com\/smartvod\/images\/videoland\/data\/images\/w\/z\/5f17287a65051_[format].jpg","runtime":2484,"editions":{"hd":{"price":0}},"is_downloadable":true},"E76568":{"id":76568,"ref":"E76568","type":"episode","position":16,"title":"Sea Of Flames","description":"Baywatch gaat over de strandwachten van Malibu in Californi\u00eb. Onder leiding van Mitch Buchannon krijgen de strandwachten regelmatig te maken met levensbedreigende situaties, waarbij ze bloedstollende reddingsacties uitvoeren. Ook in hun priv\u00e9levens gaat het er soms enerverend aan toe.","still":"https:\/\/img-opt.cdn.smartvod.com\/smartvod\/images\/videoland\/data\/images\/z\/4\/5f15fc74d6153_[format].jpg","runtime":2385,"editions":{"hd":{"price":0}},"is_downloadable":true},"E76595":{"id":76595,"ref":"E76595","type":"episode","position":17,"title":"The Chamber","description":"Baywatch gaat over de strandwachten van Malibu in Californi\u00eb. Onder leiding van Mitch Buchannon krijgen de strandwachten regelmatig te maken met levensbedreigende situaties, waarbij ze bloedstollende reddingsacties uitvoeren. Ook in hun priv\u00e9levens gaat het er soms enerverend aan toe.","still":"https:\/\/img-opt.cdn.smartvod.com\/smartvod\/images\/videoland\/data\/images\/s\/n\/5f171102a86e1_[format].jpg","runtime":2484,"editions":{"hd":{"price":0}},"is_downloadable":true},"E76569":{"id":76569,"ref":"E76569","type":"episode","position":18,"title":"Shark's Cove","description":"Baywatch gaat over de strandwachten van Malibu in Californi\u00eb. Onder leiding van Mitch Buchannon krijgen de strandwachten regelmatig te maken met levensbedreigende situaties, waarbij ze bloedstollende reddingsacties uitvoeren. Ook in hun priv\u00e9levens gaat het er soms enerverend aan toe.","still":"https:\/\/img-opt.cdn.smartvod.com\/smartvod\/images\/videoland\/data\/images\/8\/j\/5f170ead47474_[format].jpg","runtime":2484,"editions":{"hd":{"price":0}},"is_downloadable":true},"E76572":{"id":76572,"ref":"E76572","type":"episode","position":19,"title":"The Lost Treasure Of Tower 12","description":"Baywatch gaat over de strandwachten van Malibu in Californi\u00eb. Onder leiding van Mitch Buchannon krijgen de strandwachten regelmatig te maken met levensbedreigende situaties, waarbij ze bloedstollende reddingsacties uitvoeren. Ook in hun priv\u00e9levens gaat het er soms enerverend aan toe.","still":"https:\/\/img-opt.cdn.smartvod.com\/smartvod\/images\/videoland\/data\/images\/2\/k\/5f170eb292bf9_[format].jpg","runtime":2483,"editions":{"hd":{"price":0}},"is_downloadable":true},"E76619":{"id":76619,"ref":"E76619","type":"episode","position":20,"title":"The Big Spill","description":"Baywatch gaat over de strandwachten van Malibu in Californi\u00eb. Onder leiding van Mitch Buchannon krijgen de strandwachten regelmatig te maken met levensbedreigende situaties, waarbij ze bloedstollende reddingsacties uitvoeren. Ook in hun priv\u00e9levens gaat het er soms enerverend aan toe.","still":"https:\/\/img-opt.cdn.smartvod.com\/smartvod\/images\/videoland\/data\/images\/n\/3\/5f17110f56f79_[format].jpg","runtime":2486,"editions":{"hd":{"price":0}},"is_downloadable":true},"E76592":{"id":76592,"ref":"E76592","type":"episode","position":21,"title":"Game Of Chance","description":"Baywatch gaat over de strandwachten van Malibu in Californi\u00eb. Onder leiding van Mitch Buchannon krijgen de strandwachten regelmatig te maken met levensbedreigende situaties, waarbij ze bloedstollende reddingsacties uitvoeren. Ook in hun priv\u00e9levens gaat het er soms enerverend aan toe.","still":"https:\/\/img-opt.cdn.smartvod.com\/smartvod\/images\/videoland\/data\/images\/d\/v\/5f170fe8f2e59_[format].jpg","runtime":2471,"editions":{"hd":{"price":0}},"is_downloadable":true},"E76604":{"id":76604,"ref":"E76604","type":"episode","position":22,"title":"Summer Of '85","description":"Baywatch gaat over de strandwachten van Malibu in Californi\u00eb. Onder leiding van Mitch Buchannon krijgen de strandwachten regelmatig te maken met levensbedreigende situaties, waarbij ze bloedstollende reddingsacties uitvoeren. Ook in hun priv\u00e9levens gaat het er soms enerverend aan toe.","still":"https:\/\/img-opt.cdn.smartvod.com\/smartvod\/images\/videoland\/data\/images\/0\/b\/5f1712494f4a1_[format].jpg","runtime":2484,"editions":{"hd":{"price":0}},"is_downloadable":true}}}