{"id":500914,"ref":"S500914","type":"series","title":"De 1% Quiz","year":2022,"rating":4,"poster":"https:\/\/img-opt.cdn.smartvod.com\/smartvod\/images\/videoland\/data\/images\/u\/z\/627a29312a1ea_[format].jpg","still":"https:\/\/img-opt.cdn.smartvod.com\/smartvod\/images\/videoland\/data\/images\/u\/6\/63087d6c032e8_[format].jpg","cast":{"actors":["Tijl Beckand"]},"genres":[],"refs":["SN4948","SN5122"],"is_adult":false,"is_kids":false,"is_available":true,"description":"In dit quizprogramma draait het om logisch en creatief nadenken. Er wordt niet getest wat je van school hebt onthouden, maar hoe je hersenen \u00e9cht werken. Honderd kandidaten moeten tegelijk raadsels en puzzels oplossen, die steeds moeilijker worden. De eerste vraag is in een representatief publieksonderzoek door 90% van de Nederlanders goed beantwoord, de finalevraag slechts door 1%.","nicam":{"al":"Alle leeftijden"},"language":"nl","language_full":"Nederlands","details":{"SN4948":{"id":4948,"ref":"SN4948","type":"season","title":"1","position":1},"SN5122":{"id":5122,"ref":"SN5122","type":"season","title":"2","position":2,"refs":["E101709","E101722","E101713","E101718","E101726","E101729"]},"E101709":{"id":101709,"ref":"E101709","type":"episode","position":1,"title":"","description":"In dit quizprogramma draait het om logisch en creatief nadenken. Er wordt niet getest wat je van school hebt onthouden, maar hoe je hersenen \u00e9cht werken. Honderd kandidaten moeten tegelijk raadsels en puzzels oplossen, die steeds moeilijker worden. De eerste vraag is in een representatief publieksonderzoek door 90% van de Nederlanders goed beantwoord, de finalevraag slechts door 1%.","still":"https:\/\/img-opt.cdn.smartvod.com\/smartvod\/images\/videoland\/data\/images\/c\/b\/63076b553abce_[format].jpg","runtime":2497,"editions":{"hd":{"price":0}},"is_downloadable":true},"E101722":{"id":101722,"ref":"E101722","type":"episode","position":2,"title":"","description":"In dit quizprogramma draait het om logisch en creatief nadenken. Er wordt niet getest wat je van school hebt onthouden, maar hoe je hersenen \u00e9cht werken. Honderd kandidaten moeten tegelijk raadsels en puzzels oplossen, die steeds moeilijker worden. De eerste vraag is in een representatief publieksonderzoek door 90% van de Nederlanders goed beantwoord, de finalevraag slechts door 1%.","still":"https:\/\/img-opt.cdn.smartvod.com\/smartvod\/images\/videoland\/data\/images\/1\/0\/630767c72733f_[format].jpg","runtime":2528,"editions":{"hd":{"price":0}},"is_downloadable":true},"E101713":{"id":101713,"ref":"E101713","type":"episode","position":3,"title":"","description":"In dit quizprogramma draait het om logisch en creatief nadenken. Er wordt niet getest wat je van school hebt onthouden, maar hoe je hersenen \u00e9cht werken. Honderd kandidaten moeten tegelijk raadsels en puzzels oplossen, die steeds moeilijker worden. De eerste vraag is in een representatief publieksonderzoek door 90% van de Nederlanders goed beantwoord, de finalevraag slechts door 1%.","still":"https:\/\/img-opt.cdn.smartvod.com\/smartvod\/images\/videoland\/data\/images\/g\/x\/6310a70b28b7d_[format].jpg","runtime":2507,"editions":{"hd":{"price":0}},"is_downloadable":true},"E101718":{"id":101718,"ref":"E101718","type":"episode","position":4,"title":"","description":"In dit quizprogramma draait het om logisch en creatief nadenken. Er wordt niet getest wat je van school hebt onthouden, maar hoe je hersenen \u00e9cht werken. Honderd kandidaten moeten tegelijk raadsels en puzzels oplossen, die steeds moeilijker worden. De eerste vraag is in een representatief publieksonderzoek door 90% van de Nederlanders goed beantwoord, de finalevraag slechts door 1%.","still":"https:\/\/img-opt.cdn.smartvod.com\/smartvod\/images\/videoland\/data\/images\/y\/d\/631b5d3517cdd_[format].jpg","runtime":2521,"editions":{"hd":{"price":0}},"is_downloadable":true},"E101726":{"id":101726,"ref":"E101726","type":"episode","position":5,"title":"","description":"In dit quizprogramma draait het om logisch en creatief nadenken. Er wordt niet getest wat je van school hebt onthouden, maar hoe je hersenen \u00e9cht werken. Honderd kandidaten moeten tegelijk raadsels en puzzels oplossen, die steeds moeilijker worden. De eerste vraag is in een representatief publieksonderzoek door 90% van de Nederlanders goed beantwoord, de finalevraag slechts door 1%.","still":"https:\/\/img-opt.cdn.smartvod.com\/smartvod\/images\/videoland\/data\/images\/y\/m\/63206af2447c6_[format].jpg","runtime":2453,"editions":{"hd":{"price":0}},"is_downloadable":true},"E101729":{"id":101729,"ref":"E101729","type":"episode","position":6,"title":"","description":"In dit quizprogramma draait het om logisch en creatief nadenken. Er wordt niet getest wat je van school hebt onthouden, maar hoe je hersenen \u00e9cht werken. Honderd kandidaten moeten tegelijk raadsels en puzzels oplossen, die steeds moeilijker worden. De eerste vraag is in een representatief publieksonderzoek door 90% van de Nederlanders goed beantwoord, de finalevraag slechts door 1%.","still":"https:\/\/img-opt.cdn.smartvod.com\/smartvod\/images\/videoland\/data\/images\/o\/t\/63206d4e23285_[format].jpg","runtime":2528,"editions":{"hd":{"price":0}},"is_downloadable":true}}}