{"id":500327,"ref":"S500327","type":"series","title":"LEGO Masters","year":2022,"rating":4,"poster":"https:\/\/img-opt.cdn.smartvod.com\/smartvod\/images\/videoland\/data\/images\/0\/5\/62f0d701d4d52_[format].jpg","still":"https:\/\/img-opt.cdn.smartvod.com\/smartvod\/images\/videoland\/data\/images\/l\/s\/63087cdcd4519_[format].jpg","cast":{"actors":["Ruben Nicolai","Jamai Loman"]},"genres":["Competitie","Spelshow"],"refs":["SN3362","SN4108","SN5084"],"is_adult":false,"is_kids":false,"is_available":true,"description":"Acht duo's worden uitgedaagd met bijzondere LEGO-opdrachten die ze binnen een bepaald aantal uur moeten volbrengen. De deelnemers bouwen de spectaculaire bouwwerken helemaal uit het hoofd, want er zijn geen bouwtekeningen. De jurering wordt verzorgd door de Brickmaster, een expert op het gebied van LEGO.","nicam":{"al":"Alle leeftijden"},"language":"nl","language_full":"Nederlands","details":{"SN3362":{"id":3362,"ref":"SN3362","type":"season","title":"1","position":1},"SN4108":{"id":4108,"ref":"SN4108","type":"season","title":"2","position":2,"refs":["E84677","E84673","E84678","E84675","E84680","E84672","E84679","E84674","E84676"]},"SN5084":{"id":5084,"ref":"SN5084","type":"season","title":"3","position":3},"E84677":{"id":84677,"ref":"E84677","type":"episode","position":1,"title":"","description":"De strijd is begonnen! De teams bouwen samen een geweldig en fantasierijk pretpark. Als de bouwers na 15 uur uitgeput maar voldaan denken dat ze klaar zijn, volgt er een twist.","still":"https:\/\/img-opt.cdn.smartvod.com\/smartvod\/images\/videoland\/data\/images\/b\/l\/6049e1fac62f9_[format].jpg","runtime":4472,"editions":{"hd":{"price":0}},"is_downloadable":true},"E84673":{"id":84673,"ref":"E84673","type":"episode","position":2,"title":"","description":"Deze aflevering staat in het teken van hoogte. Voor opdracht 1 wordt een deel van de studio leeggehaald, want de teams hebben de ruimte nodig. Opdracht 2 is de eerste eliminatieopdracht van dit seizoen. Aan het eind van de aflevering wordt het eerste team naar huis gestuurd.","still":"https:\/\/img-opt.cdn.smartvod.com\/smartvod\/images\/videoland\/data\/images\/b\/0\/60548433ed0c4_[format].jpg","runtime":4404,"editions":{"hd":{"price":0}},"is_downloadable":true},"E84678":{"id":84678,"ref":"E84678","type":"episode","position":3,"title":"","description":"Het wordt weer spannend voor de zeven overgebleven teams, want ook deze aflevering heeft een eliminatie. Voor de eerste opdracht moeten de bouwers een voorwerp exact nabouwen. En voordat opdracht 2 begint, hebben Ruben en K\u00fcrt een onaangename verrassing voor de teams.","still":"https:\/\/img-opt.cdn.smartvod.com\/smartvod\/images\/videoland\/data\/images\/v\/c\/60602bcd23650_[format].jpg","runtime":4500,"editions":{"hd":{"price":0}},"is_downloadable":true},"E84675":{"id":84675,"ref":"E84675","type":"episode","position":4,"title":"","description":"Opdracht 1 staat in het teken van Pasen. De teams moeten een paasei bouwen. Voor opdracht 2 moeten de bouwers een meedogenloze trilplaat trotseren. Hoewel er deze aflevering geen eliminatie is, staat er toch een hoop op het spel.","still":"https:\/\/img-opt.cdn.smartvod.com\/smartvod\/images\/videoland\/data\/images\/9\/w\/606807e6d2088_[format].jpg","runtime":4442,"editions":{"hd":{"price":0}},"is_downloadable":true},"E84680":{"id":84680,"ref":"E84680","type":"episode","position":5,"title":"","description":"De aflevering staat in het teken van kunst. Voordat opdracht 1 van start gaat, worden de zes teams uit elkaar gehaald. De bouwers worden individueel op de proef gesteld. Voor opdracht 2 morgen ze weer samen aan de slag. Deze challenge doet een enorm beroep op hun bouwkunsten en creativiteit.","still":"https:\/\/img-opt.cdn.smartvod.com\/smartvod\/images\/videoland\/data\/images\/w\/1\/606f2052a8c3e_[format].jpg","runtime":4494,"editions":{"hd":{"price":0}},"is_downloadable":true},"E84672":{"id":84672,"ref":"E84672","type":"episode","position":6,"title":"","description":"Voor opdracht 1 wordt er een beroep gedaan op de kennis van de bouwers over biologie: iets met een voedselketen. De vijf teams bewijzen dat we te maken hebben met echt de allerbeste bouwers van Nederland en Belgi\u00eb. Voor opdracht 2 wordt de hele studio op zijn kop gezet.","still":"https:\/\/img-opt.cdn.smartvod.com\/smartvod\/images\/videoland\/data\/images\/g\/n\/6076e0549c8c4_[format].jpg","runtime":4438,"editions":{"hd":{"price":0}},"is_downloadable":true},"E84679":{"id":84679,"ref":"E84679","type":"episode","position":7,"title":"","description":"Deze speciale aflevering staat helemaal in het teken van de wereldberoemde Star Wars-films. Er komt indrukwekkend bezoek in de studio en zelfs de brickshop is in hogere sferen. Het team dat deze aflevering het beste bouwt, wint een geweldige prijs.","still":"https:\/\/img-opt.cdn.smartvod.com\/smartvod\/images\/videoland\/data\/images\/z\/8\/607ec6f365768_[format].jpg","runtime":4404,"editions":{"hd":{"price":0}},"is_downloadable":true},"E84674":{"id":84674,"ref":"E84674","type":"episode","position":8,"title":"","description":"De opdrachten worden steeds moeilijker en de overgebleven teams raken steeds vermoeider. Maar met de finale in zicht, gaan de acht overgebleven bouwers er met nieuwe energie tegenaan. Helaas gaat er vlak voor opdracht 1 iets gruwelijk mis, of deed Ruben het expres?","still":"https:\/\/img-opt.cdn.smartvod.com\/smartvod\/images\/videoland\/data\/images\/n\/i\/608c1dd335808_[format].jpg","runtime":4402,"editions":{"hd":{"price":0}},"is_downloadable":true},"E84676":{"id":84676,"ref":"E84676","type":"episode","position":9,"title":"","description":"De finale! De teams beginnen aan een bouwmarathon van 28 uur. En ze moeten echt alles uit de kast trekken, want niet alleen BRICKMASTER moet ge\u00efmponeerd worden, ook de gastjury. En die bestaat uit kids uit Nederland en Belgi\u00eb \u00e9n de allerhoogste LEGO-designer ter wereld.","still":"https:\/\/img-opt.cdn.smartvod.com\/smartvod\/images\/videoland\/data\/images\/h\/1\/609546b73944f_[format].jpg","runtime":4426,"editions":{"hd":{"price":0}},"is_downloadable":true}}}