{"id":500706,"ref":"S500706","type":"series","title":"Ninja Warrior Australi\u00eb","year":2021,"rating":4,"poster":"https:\/\/img-opt.cdn.smartvod.com\/smartvod\/images\/videoland\/data\/images\/o\/n\/61029ea158232_[format].jpg","still":"https:\/\/img-opt.cdn.smartvod.com\/smartvod\/images\/videoland\/data\/images\/4\/t\/62a0a866f2454_[format].jpg","cast":{"actors":["Rebecca Maddern","Ben Fordham","Freddie Flintoff"]},"genres":["Competitie","Sport"],"refs":["SN4985","SN5061","SN4376","SN4506","SN4858"],"is_adult":false,"is_kids":false,"is_available":true,"description":"Australische competitieshow waarin de kandidaten rennend, springend, kruipend, hangend en slingerend de meest idiote obstakels moeten overwinnen om de titel Australian Ninja Warrior te veroveren.","nicam":{"al":"Alle leeftijden"},"language":"en","language_full":"Engels","details":{"SN4985":{"id":4985,"ref":"SN4985","type":"season","title":"1","position":1},"SN5061":{"id":5061,"ref":"SN5061","type":"season","title":"2","position":2,"refs":["E100452","E100455","E100449","E100453","E100456","E100445","E100454","E100447","E100451","E100446","E100448","E100450"]},"SN4376":{"id":4376,"ref":"SN4376","type":"season","title":"3","position":3},"SN4506":{"id":4506,"ref":"SN4506","type":"season","title":"4","position":4},"SN4858":{"id":4858,"ref":"SN4858","type":"season","title":"5","position":5},"E100452":{"id":100452,"ref":"E100452","type":"episode","position":1,"title":"","description":"Strijdlustige Australi\u00ebrs moeten rennend, springend, kruipend, hangend en slingerend de meest idiote obstakels overwinnen om de titel Australian Ninja Warrior te veroveren. De winnaar krijgt 100.000 dollar. Als er geen winnaar is, gaat het geld in de jackpot.","still":"https:\/\/img-opt.cdn.smartvod.com\/smartvod\/images\/videoland\/data\/images\/3\/j\/62bf17ab12932_[format].jpg","runtime":4395,"editions":{"hd":{"price":0}},"is_downloadable":true},"E100455":{"id":100455,"ref":"E100455","type":"episode","position":2,"title":"","description":"Strijdlustige Australi\u00ebrs moeten rennend, springend, kruipend, hangend en slingerend de meest idiote obstakels overwinnen om de titel Australian Ninja Warrior te veroveren. De winnaar krijgt 100.000 dollar. Als er geen winnaar is, gaat het geld in de jackpot.","still":"https:\/\/img-opt.cdn.smartvod.com\/smartvod\/images\/videoland\/data\/images\/f\/x\/62bf17b1a5b9c_[format].jpg","runtime":4248,"editions":{"hd":{"price":0}},"is_downloadable":true},"E100449":{"id":100449,"ref":"E100449","type":"episode","position":3,"title":"","description":"Strijdlustige Australi\u00ebrs moeten rennend, springend, kruipend, hangend en slingerend de meest idiote obstakels overwinnen om de titel Australian Ninja Warrior te veroveren. De winnaar krijgt 100.000 dollar. Als er geen winnaar is, gaat het geld in de jackpot.","still":"https:\/\/img-opt.cdn.smartvod.com\/smartvod\/images\/videoland\/data\/images\/6\/d\/62bf17c1960f8_[format].jpg","runtime":4474,"editions":{"hd":{"price":0}},"is_downloadable":true},"E100453":{"id":100453,"ref":"E100453","type":"episode","position":4,"title":"","description":"Strijdlustige Australi\u00ebrs moeten rennend, springend, kruipend, hangend en slingerend de meest idiote obstakels overwinnen om de titel Australian Ninja Warrior te veroveren. De winnaar krijgt 100.000 dollar. Als er geen winnaar is, gaat het geld in de jackpot.","still":"https:\/\/img-opt.cdn.smartvod.com\/smartvod\/images\/videoland\/data\/images\/1\/u\/62bf17b3b7164_[format].jpg","runtime":4314,"editions":{"hd":{"price":0}},"is_downloadable":true},"E100456":{"id":100456,"ref":"E100456","type":"episode","position":5,"title":"","description":"Strijdlustige Australi\u00ebrs moeten rennend, springend, kruipend, hangend en slingerend de meest idiote obstakels overwinnen om de titel Australian Ninja Warrior te veroveren. De winnaar krijgt 100.000 dollar. Als er geen winnaar is, gaat het geld in de jackpot.","still":"https:\/\/img-opt.cdn.smartvod.com\/smartvod\/images\/videoland\/data\/images\/z\/f\/62bf17b98e74a_[format].jpg","runtime":3836,"editions":{"hd":{"price":0}},"is_downloadable":true},"E100445":{"id":100445,"ref":"E100445","type":"episode","position":6,"title":"","description":"Strijdlustige Australi\u00ebrs moeten rennend, springend, kruipend, hangend en slingerend de meest idiote obstakels overwinnen om de titel Australian Ninja Warrior te veroveren. De winnaar krijgt 100.000 dollar. Als er geen winnaar is, gaat het geld in de jackpot.","still":"https:\/\/img-opt.cdn.smartvod.com\/smartvod\/images\/videoland\/data\/images\/3\/q\/62bf169807f48_[format].jpg","runtime":4077,"editions":{"hd":{"price":0}},"is_downloadable":true},"E100454":{"id":100454,"ref":"E100454","type":"episode","position":7,"title":"","description":"Strijdlustige Australi\u00ebrs moeten rennend, springend, kruipend, hangend en slingerend de meest idiote obstakels overwinnen om de titel Australian Ninja Warrior te veroveren. De winnaar krijgt 100.000 dollar. Als er geen winnaar is, gaat het geld in de jackpot.","still":"https:\/\/img-opt.cdn.smartvod.com\/smartvod\/images\/videoland\/data\/images\/2\/7\/62bf17bd5a743_[format].jpg","runtime":4280,"editions":{"hd":{"price":0}},"is_downloadable":true},"E100447":{"id":100447,"ref":"E100447","type":"episode","position":8,"title":"","description":"Strijdlustige Australi\u00ebrs moeten rennend, springend, kruipend, hangend en slingerend de meest idiote obstakels overwinnen om de titel Australian Ninja Warrior te veroveren. De winnaar krijgt 100.000 dollar. Als er geen winnaar is, gaat het geld in de jackpot.","still":"https:\/\/img-opt.cdn.smartvod.com\/smartvod\/images\/videoland\/data\/images\/o\/w\/62bf17c36706c_[format].jpg","runtime":4065,"editions":{"hd":{"price":0}},"is_downloadable":true},"E100451":{"id":100451,"ref":"E100451","type":"episode","position":9,"title":"","description":"Strijdlustige Australi\u00ebrs moeten rennend, springend, kruipend, hangend en slingerend de meest idiote obstakels overwinnen om de titel Australian Ninja Warrior te veroveren. De winnaar krijgt 100.000 dollar. Als er geen winnaar is, gaat het geld in de jackpot.","still":"https:\/\/img-opt.cdn.smartvod.com\/smartvod\/images\/videoland\/data\/images\/p\/k\/62bf17bf21386_[format].jpg","runtime":4066,"editions":{"hd":{"price":0}},"is_downloadable":true},"E100446":{"id":100446,"ref":"E100446","type":"episode","position":10,"title":"","description":"Strijdlustige Australi\u00ebrs moeten rennend, springend, kruipend, hangend en slingerend de meest idiote obstakels overwinnen om de titel Australian Ninja Warrior te veroveren. De winnaar krijgt 100.000 dollar. Als er geen winnaar is, gaat het geld in de jackpot.","still":"https:\/\/img-opt.cdn.smartvod.com\/smartvod\/images\/videoland\/data\/images\/f\/e\/62bf17add86aa_[format].jpg","runtime":4489,"editions":{"hd":{"price":0}},"is_downloadable":true},"E100448":{"id":100448,"ref":"E100448","type":"episode","position":11,"title":"","description":"Strijdlustige Australi\u00ebrs moeten rennend, springend, kruipend, hangend en slingerend de meest idiote obstakels overwinnen om de titel Australian Ninja Warrior te veroveren. De winnaar krijgt 100.000 dollar. Als er geen winnaar is, gaat het geld in de jackpot.","still":"https:\/\/img-opt.cdn.smartvod.com\/smartvod\/images\/videoland\/data\/images\/2\/2\/62bf1688e914c_[format].jpg","runtime":4329,"editions":{"hd":{"price":0}},"is_downloadable":true},"E100450":{"id":100450,"ref":"E100450","type":"episode","position":12,"title":"","description":"Strijdlustige Australi\u00ebrs moeten rennend, springend, kruipend, hangend en slingerend de meest idiote obstakels overwinnen om de titel Australian Ninja Warrior te veroveren. De winnaar krijgt 100.000 dollar. Als er geen winnaar is, gaat het geld in de jackpot.","still":"https:\/\/img-opt.cdn.smartvod.com\/smartvod\/images\/videoland\/data\/images\/8\/3\/62bf18d7187a5_[format].jpg","runtime":4372,"editions":{"hd":{"price":0}},"is_downloadable":true}}}