{"id":500998,"ref":"S500998","type":"series","title":"Yianni: Supercar Customiser","year":2019,"rating":4,"poster":"https:\/\/img-opt.cdn.smartvod.com\/smartvod\/images\/videoland\/data\/images\/d\/y\/6311e6f95be38_[format].jpg","still":"https:\/\/img-opt.cdn.smartvod.com\/smartvod\/images\/videoland\/data\/images\/3\/3\/6320677a4496b_[format].jpg","cast":{"actors":["Yianni Charalambous"]},"genres":["Documentaire"],"refs":["SN5190","SN5191"],"is_adult":false,"is_kids":false,"is_available":true,"description":"We volgen de Britse supercarcustomizer Yianni Charalambous tijdens zijn werkzaamheden in zijn op maat gemaakte Londense garage, Yiannimize. Diverse beroemdheden als Harry Styles, Gordon Ramsay en Rupert Grint weten de weg naar zijn garage blind te vinden.","nicam":{"al":"Alle leeftijden"},"language":"en","language_full":"Engels","details":{"SN5190":{"id":5190,"ref":"SN5190","type":"season","title":"1","position":1},"SN5191":{"id":5191,"ref":"SN5191","type":"season","title":"2","position":2,"refs":["E102484","E102483","E102478","E102468","E102480","E102473","E102476","E102486","E102469","E102481","E102482","E102470","E102471","E102485","E102479","E102472","E102477","E102475","E102487","E102474"]},"E102484":{"id":102484,"ref":"E102484","type":"episode","position":1,"title":"","description":"We volgen de Britse supercarcustomizer Yianni Charalambous tijdens zijn werkzaamheden in zijn op maat gemaakte Londense garage, Yiannimize.","still":"https:\/\/img-opt.cdn.smartvod.com\/smartvod\/images\/videoland\/data\/images\/3\/3\/6320677a4496b_[format].jpg","runtime":1272,"editions":{"hd":{"price":0}},"is_downloadable":true},"E102483":{"id":102483,"ref":"E102483","type":"episode","position":2,"title":"","description":"We volgen de Britse supercarcustomizer Yianni Charalambous tijdens zijn werkzaamheden in zijn op maat gemaakte Londense garage, Yiannimize.","still":"https:\/\/img-opt.cdn.smartvod.com\/smartvod\/images\/videoland\/data\/images\/t\/d\/6320677056703_[format].jpg","runtime":1272,"editions":{"hd":{"price":0}},"is_downloadable":true},"E102478":{"id":102478,"ref":"E102478","type":"episode","position":3,"title":"","description":"We volgen de Britse supercarcustomizer Yianni Charalambous tijdens zijn werkzaamheden in zijn op maat gemaakte Londense garage, Yiannimize.","still":"https:\/\/img-opt.cdn.smartvod.com\/smartvod\/images\/videoland\/data\/images\/w\/b\/6320676517f74_[format].jpg","runtime":1273,"editions":{"hd":{"price":0}},"is_downloadable":true},"E102468":{"id":102468,"ref":"E102468","type":"episode","position":4,"title":"","description":"We volgen de Britse supercarcustomizer Yianni Charalambous tijdens zijn werkzaamheden in zijn op maat gemaakte Londense garage, Yiannimize.","still":"https:\/\/img-opt.cdn.smartvod.com\/smartvod\/images\/videoland\/data\/images\/6\/i\/6320678cdecd2_[format].jpg","runtime":1279,"editions":{"hd":{"price":0}},"is_downloadable":true},"E102480":{"id":102480,"ref":"E102480","type":"episode","position":5,"title":"","description":"We volgen de Britse supercarcustomizer Yianni Charalambous tijdens zijn werkzaamheden in zijn op maat gemaakte Londense garage, Yiannimize.","still":"https:\/\/img-opt.cdn.smartvod.com\/smartvod\/images\/videoland\/data\/images\/1\/4\/63206787355a8_[format].jpg","runtime":1241,"editions":{"hd":{"price":0}},"is_downloadable":true},"E102473":{"id":102473,"ref":"E102473","type":"episode","position":6,"title":"","description":"We volgen de Britse supercarcustomizer Yianni Charalambous tijdens zijn werkzaamheden in zijn op maat gemaakte Londense garage, Yiannimize.","still":"https:\/\/img-opt.cdn.smartvod.com\/smartvod\/images\/videoland\/data\/images\/e\/2\/6320676897922_[format].jpg","runtime":1258,"editions":{"hd":{"price":0}},"is_downloadable":true},"E102476":{"id":102476,"ref":"E102476","type":"episode","position":7,"title":"","description":"We volgen de Britse supercarcustomizer Yianni Charalambous tijdens zijn werkzaamheden in zijn op maat gemaakte Londense garage, Yiannimize.","still":"https:\/\/img-opt.cdn.smartvod.com\/smartvod\/images\/videoland\/data\/images\/9\/u\/632068a40d530_[format].jpg","runtime":1254,"editions":{"hd":{"price":0}},"is_downloadable":true},"E102486":{"id":102486,"ref":"E102486","type":"episode","position":8,"title":"","description":"We volgen de Britse supercarcustomizer Yianni Charalambous tijdens zijn werkzaamheden in zijn op maat gemaakte Londense garage, Yiannimize.","still":"https:\/\/img-opt.cdn.smartvod.com\/smartvod\/images\/videoland\/data\/images\/c\/h\/632068ac9c545_[format].jpg","runtime":1269,"editions":{"hd":{"price":0}},"is_downloadable":true},"E102469":{"id":102469,"ref":"E102469","type":"episode","position":9,"title":"","description":"We volgen de Britse supercarcustomizer Yianni Charalambous tijdens zijn werkzaamheden in zijn op maat gemaakte Londense garage, Yiannimize.","still":"https:\/\/img-opt.cdn.smartvod.com\/smartvod\/images\/videoland\/data\/images\/h\/6\/63206781bdad3_[format].jpg","runtime":1271,"editions":{"hd":{"price":0}},"is_downloadable":true},"E102481":{"id":102481,"ref":"E102481","type":"episode","position":10,"title":"","description":"We volgen de Britse supercarcustomizer Yianni Charalambous tijdens zijn werkzaamheden in zijn op maat gemaakte Londense garage, Yiannimize.","still":"https:\/\/img-opt.cdn.smartvod.com\/smartvod\/images\/videoland\/data\/images\/k\/8\/632068aae025e_[format].jpg","runtime":1258,"editions":{"hd":{"price":0}},"is_downloadable":true},"E102482":{"id":102482,"ref":"E102482","type":"episode","position":11,"title":"","description":"We volgen de Britse supercarcustomizer Yianni Charalambous tijdens zijn werkzaamheden in zijn op maat gemaakte Londense garage, Yiannimize.","still":"https:\/\/img-opt.cdn.smartvod.com\/smartvod\/images\/videoland\/data\/images\/k\/n\/6320678019eae_[format].jpg","runtime":1263,"editions":{"hd":{"price":0}},"is_downloadable":true},"E102470":{"id":102470,"ref":"E102470","type":"episode","position":12,"title":"","description":"We volgen de Britse supercarcustomizer Yianni Charalambous tijdens zijn werkzaamheden in zijn op maat gemaakte Londense garage, Yiannimize.","still":"https:\/\/img-opt.cdn.smartvod.com\/smartvod\/images\/videoland\/data\/images\/c\/4\/6320689aedb0a_[format].jpg","runtime":1265,"editions":{"hd":{"price":0}},"is_downloadable":true},"E102471":{"id":102471,"ref":"E102471","type":"episode","position":13,"title":"","description":"We volgen de Britse supercarcustomizer Yianni Charalambous tijdens zijn werkzaamheden in zijn op maat gemaakte Londense garage, Yiannimize.","still":"https:\/\/img-opt.cdn.smartvod.com\/smartvod\/images\/videoland\/data\/images\/v\/o\/63206896e7afb_[format].jpg","runtime":1258,"editions":{"hd":{"price":0}},"is_downloadable":true},"E102485":{"id":102485,"ref":"E102485","type":"episode","position":14,"title":"","description":"We volgen de Britse supercarcustomizer Yianni Charalambous tijdens zijn werkzaamheden in zijn op maat gemaakte Londense garage, Yiannimize.","still":"https:\/\/img-opt.cdn.smartvod.com\/smartvod\/images\/videoland\/data\/images\/j\/j\/632068b62c449_[format].jpg","runtime":1277,"editions":{"hd":{"price":0}},"is_downloadable":true},"E102479":{"id":102479,"ref":"E102479","type":"episode","position":15,"title":"","description":"We volgen de Britse supercarcustomizer Yianni Charalambous tijdens zijn werkzaamheden in zijn op maat gemaakte Londense garage, Yiannimize.","still":"https:\/\/img-opt.cdn.smartvod.com\/smartvod\/images\/videoland\/data\/images\/3\/x\/6320678355359_[format].jpg","runtime":1265,"editions":{"hd":{"price":0}},"is_downloadable":true},"E102472":{"id":102472,"ref":"E102472","type":"episode","position":16,"title":"","description":"We volgen de Britse supercarcustomizer Yianni Charalambous tijdens zijn werkzaamheden in zijn op maat gemaakte Londense garage, Yiannimize.","still":"https:\/\/img-opt.cdn.smartvod.com\/smartvod\/images\/videoland\/data\/images\/8\/f\/6320677205566_[format].jpg","runtime":1254,"editions":{"hd":{"price":0}},"is_downloadable":true},"E102477":{"id":102477,"ref":"E102477","type":"episode","position":17,"title":"","description":"We volgen de Britse supercarcustomizer Yianni Charalambous tijdens zijn werkzaamheden in zijn op maat gemaakte Londense garage, Yiannimize.","still":"https:\/\/img-opt.cdn.smartvod.com\/smartvod\/images\/videoland\/data\/images\/t\/w\/6320688f50ffd_[format].jpg","runtime":1249,"editions":{"hd":{"price":0}},"is_downloadable":true},"E102475":{"id":102475,"ref":"E102475","type":"episode","position":18,"title":"","description":"We volgen de Britse supercarcustomizer Yianni Charalambous tijdens zijn werkzaamheden in zijn op maat gemaakte Londense garage, Yiannimize.","still":"https:\/\/img-opt.cdn.smartvod.com\/smartvod\/images\/videoland\/data\/images\/3\/c\/63206778285a4_[format].jpg","runtime":1264,"editions":{"hd":{"price":0}},"is_downloadable":true},"E102487":{"id":102487,"ref":"E102487","type":"episode","position":19,"title":"","description":"We volgen de Britse supercarcustomizer Yianni Charalambous tijdens zijn werkzaamheden in zijn op maat gemaakte Londense garage, Yiannimize.","still":"https:\/\/img-opt.cdn.smartvod.com\/smartvod\/images\/videoland\/data\/images\/v\/g\/6320677c8948b_[format].jpg","runtime":1272,"editions":{"hd":{"price":0}},"is_downloadable":true},"E102474":{"id":102474,"ref":"E102474","type":"episode","position":20,"title":"","description":"We volgen de Britse supercarcustomizer Yianni Charalambous tijdens zijn werkzaamheden in zijn op maat gemaakte Londense garage, Yiannimize.","still":"https:\/\/img-opt.cdn.smartvod.com\/smartvod\/images\/videoland\/data\/images\/i\/r\/632068a5c554b_[format].jpg","runtime":1246,"editions":{"hd":{"price":0}},"is_downloadable":true}}}