{"id":500428,"ref":"S500428","type":"series","title":"The Bold Type","year":2021,"rating":4,"poster":"https:\/\/img-opt.cdn.smartvod.com\/smartvod\/images\/videoland\/data\/images\/p\/4\/60a5125f727b3_[format].jpg","still":"https:\/\/img-opt.cdn.smartvod.com\/smartvod\/images\/videoland\/data\/images\/u\/r\/60b09f49da634_[format].jpg","cast":{"actors":["Katie Stevens","Aisha Dee","Meghann Fahy"]},"genres":["Drama","Komedie"],"refs":["SN3648","SN3649","SN3650","SN3651","SN4233"],"is_adult":false,"is_kids":false,"is_available":true,"description":"Fans van Younger kunnen hun hart ophalen met The Bold Type. Een serie over het lief en leed van de mensen achter het wereldwijde vrouwenmagazine Scarlet.","directors":["Sarah Watson"],"nicam":{"12":"Mogelijk schadelijk tot 12 jaar","seks":"Seks","taalgebruik":"Grof Taalgebruik","drugs":"Drugs en\/of alcohol gebruik"},"language":"en","language_full":"Engels","details":{"SN3648":{"id":3648,"ref":"SN3648","type":"season","title":"1","position":1},"SN3649":{"id":3649,"ref":"SN3649","type":"season","title":"2","position":2},"SN3650":{"id":3650,"ref":"SN3650","type":"season","title":"3","position":3},"SN3651":{"id":3651,"ref":"SN3651","type":"season","title":"4","position":4,"refs":["E77777","E77782","E77778","E77776","E77772","E77785","E77771","E77783","E77779","E77774","E77773","E77781","E77775","E77780","E77784","E77770"]},"SN4233":{"id":4233,"ref":"SN4233","type":"season","title":"5","position":5},"E77777":{"id":77777,"ref":"E77777","type":"episode","position":1,"title":"Legends Of The Fall Issue","description":"Alle medewerkers van Scarlet moeten zich aanpassen aan de nieuwe dynamiek binnen het bedrijf. Jane probeert om te gaan met de nieuwe rol van Jacqueline. Sutton maakt de balans op van haar positie bij Scarlet.","still":"https:\/\/img-opt.cdn.smartvod.com\/smartvod\/images\/videoland\/data\/images\/6\/6\/5f51fc4088347_[format].jpg","runtime":2375,"editions":{"hd":{"price":0}},"is_downloadable":true},"E77782":{"id":77782,"ref":"E77782","type":"episode","position":2,"title":"#Scarlet","description":"Kat wordt geconfronteerd met een zangeres die haar in het verleden om hulp vroeg om uit de kast te komen. Jane wacht op de uitslag van haar mammogram en raakt in paniek. De relatie op afstand tussen Sutton en Richard levert problemen op.","still":"https:\/\/img-opt.cdn.smartvod.com\/smartvod\/images\/videoland\/data\/images\/m\/i\/5f5203474b9a9_[format].jpg","runtime":2422,"editions":{"hd":{"price":0}},"is_downloadable":true},"E77778":{"id":77778,"ref":"E77778","type":"episode","position":3,"title":"Marathon","description":"Kat doet haar uiterste best om een transgender die wil meedoen aan de New York City Marathon te helpen. Jane en Ryan proberen hun relatie te herstellen. De situatie op het werk veroorzaakt problemen tussen Jacqueline en haar man.","still":"https:\/\/img-opt.cdn.smartvod.com\/smartvod\/images\/videoland\/data\/images\/e\/d\/5f52034a15e77_[format].jpg","runtime":2424,"editions":{"hd":{"price":0}},"is_downloadable":true},"E77776":{"id":77776,"ref":"E77776","type":"episode","position":4,"title":"Babes In Toyland","description":"Jane schrijft een artikel over een seksclub en hoopt daarmee te bewijzen dat ze klaar is voor een volgende stap in haar carri\u00e8re. Kat besluit weer te gaan daten. Sutton twijfelt aan haar aanpak om promotie te krijgen.","still":"https:\/\/img-opt.cdn.smartvod.com\/smartvod\/images\/videoland\/data\/images\/b\/s\/5f52034d27c55_[format].jpg","runtime":2386,"editions":{"hd":{"price":0}},"is_downloadable":true},"E77772":{"id":77772,"ref":"E77772","type":"episode","position":5,"title":"Tearing Down The Donut Wall","description":"Janes onderzoek naar millennials en hun bruiloften komt plotseling stil te liggen als ze een geheim van Jacqueline ontdekt. Kat denkt dat ze kan omgaan met ongecompliceerd daten, maar komt erachter dat ze dit toch wel ingewikkeld vindt.","still":"https:\/\/img-opt.cdn.smartvod.com\/smartvod\/images\/videoland\/data\/images\/9\/8\/5f52034fe14c9_[format].jpg","runtime":2400,"editions":{"hd":{"price":0}},"is_downloadable":true},"E77785":{"id":77785,"ref":"E77785","type":"episode","position":6,"title":"To Peg Or Not To Peg","description":"Kat denkt na over de vooroordelen die er bestaan over de rolpatronen in de slaapkamer. Jane voelt zich een bedrieger als ze moet spreken op een seminar over gezondheid. Sutton probeert een band op te bouwen met de moeder van Richard.","still":"https:\/\/img-opt.cdn.smartvod.com\/smartvod\/images\/videoland\/data\/images\/6\/w\/5f51fb0b9d5fb_[format].jpg","runtime":2398,"editions":{"hd":{"price":0}},"is_downloadable":true},"E77771":{"id":77771,"ref":"E77771","type":"episode","position":7,"title":"The Space Between","description":"Kat en Adena moeten samenwerken aan een project voor Scarlet. De situatie is gespannen als Adena hoort over Kats recente liefdesleven. Sutton krijgt haar eerste solo-stylingopdracht en hoopt hierdoor een mode-influencer te worden. Jane neemt een besluit over haar gezondheid.","still":"https:\/\/img-opt.cdn.smartvod.com\/smartvod\/images\/videoland\/data\/images\/u\/n\/5f52033f4c8ad_[format].jpg","runtime":2384,"editions":{"hd":{"price":0}},"is_downloadable":true},"E77783":{"id":77783,"ref":"E77783","type":"episode","position":8,"title":"Stardust","description":"Jane is dolblij als haar broer Evan op bezoek komt en stelt hem voor aan Ryan. Adena vraagt Kat om hulp hoe ze moet omgaan met RJ, waardoor er meer problemen ontstaan tussen Kat en het bestuur. Richard is terug van San Francisco, en Sutton en hij storten zich op hun trouwplannen.","still":"https:\/\/img-opt.cdn.smartvod.com\/smartvod\/images\/videoland\/data\/images\/x\/y\/5f51f9fb474f2_[format].jpg","runtime":2415,"editions":{"hd":{"price":0}},"is_downloadable":true},"E77779":{"id":77779,"ref":"E77779","type":"episode","position":9,"title":"5, 6, 7, 8","description":"Jane besluit om een onvergetelijk vrijgezellenfeest te organiseren voor Sutton, maar het lukt de bruid niet om ervan genieten. Kat ontdekt verrassende informatie over RJ, waardoor ze gaat twijfelen aan de morele principes van het bedrijf. Jane krijgt te maken met ernstige persoonlijke problemen.","still":"https:\/\/img-opt.cdn.smartvod.com\/smartvod\/images\/videoland\/data\/images\/j\/c\/5f51fb14b9e55_[format].jpg","runtime":2422,"editions":{"hd":{"price":0}},"is_downloadable":true},"E77774":{"id":77774,"ref":"E77774","type":"episode","position":10,"title":"Some Kind Of Wonderful","description":"Het is de trouwdag van Sutton en Richard, en Sutton staat voor een belangrijke beslissing. Jane probeert vrolijk te zijn voor haar vriendinnen, terwijl ze worstelt met wat ze heeft ontdekt. Kats strijd tegen het bestuur heeft onverwachte consequenties.","still":"https:\/\/img-opt.cdn.smartvod.com\/smartvod\/images\/videoland\/data\/images\/8\/n\/5f52034233913_[format].jpg","runtime":2396,"editions":{"hd":{"price":0}},"is_downloadable":true},"E77773":{"id":77773,"ref":"E77773","type":"episode","position":11,"title":"Leveling Up","description":"Drie maanden na haar operatie keert Jane bij Scarlet terug. Kat moet de harde waarheid onder ogen zien, als ze gedwongen wordt verantwoordelijkheid te nemen. Sutton krijgt schokkend nieuws dat haar wereld op zijn kop zet.","still":"https:\/\/img-opt.cdn.smartvod.com\/smartvod\/images\/videoland\/data\/images\/z\/z\/5f51fa0052ccd_[format].jpg","runtime":2417,"editions":{"hd":{"price":0}},"is_downloadable":true},"E77781":{"id":77781,"ref":"E77781","type":"episode","position":12,"title":"Snow Day","description":"Een sneeuwstorm legt New York plat en Kat zit vast op haar nieuwe werk met iemand met wie ze in de clinch ligt. Sutton probeert haar carri\u00e8re en haar relatie in balans te brengen. Jane probeert te wedijveren met Jacqueline. Oliver komt oog in oog met zijn ex te staan.","still":"https:\/\/img-opt.cdn.smartvod.com\/smartvod\/images\/videoland\/data\/images\/u\/3\/5f51f9e8ef9bc_[format].jpg","runtime":2374,"editions":{"hd":{"price":0}},"is_downloadable":true},"E77775":{"id":77775,"ref":"E77775","type":"episode","position":13,"title":"Lost","description":"Sutton worstelt met de enorme veranderingen in haar leven. Op aandringen van Kat begint Jane weer met daten. Kat denkt na over haar volgende stap, terwijl ze in een financieel onzekere situatie zit. Ze vraagt Alex om hulp.","still":"https:\/\/img-opt.cdn.smartvod.com\/smartvod\/images\/videoland\/data\/images\/u\/p\/5f51f9e675d1b_[format].jpg","runtime":2370,"editions":{"hd":{"price":0}},"is_downloadable":true},"E77780":{"id":77780,"ref":"E77780","type":"episode","position":14,"title":"The Truth Will Set You Free","description":"Jane voelt zich niet thuis in haar lichaam na de operatie, maar een bezoek van haar vader verandert haar kijk op de situatie. Sutton en Richard bespreken hun toekomstplannen. Kat probeert vooruitgang in haar werk te boeken met een podcast, maar er hangt wel een prijskaartje aan haar eerste aflevering.","still":"https:\/\/img-opt.cdn.smartvod.com\/smartvod\/images\/videoland\/data\/images\/c\/e\/5f520344ba290_[format].jpg","runtime":2377,"editions":{"hd":{"price":0}},"is_downloadable":true},"E77784":{"id":77784,"ref":"E77784","type":"episode","position":15,"title":"Love","description":"Kat, Jane, Sutton, Jacqueline en Alex denken na over hun liefdesleven. Hierdoor krijgen ze meer begrip voor hun partners, of er ontstaat juist een onoverbrugbare kloof.","still":"https:\/\/img-opt.cdn.smartvod.com\/smartvod\/images\/videoland\/data\/images\/f\/x\/5f51f9fd9f3ad_[format].jpg","runtime":2418,"editions":{"hd":{"price":0}},"is_downloadable":true},"E77770":{"id":77770,"ref":"E77770","type":"episode","position":16,"title":"Not Far From The Tree","description":"Sutton gaat terug naar huis en vervalt al snel in oude patronen. Jane stuit op een geweldig verhaal dat gevolgen kan hebben voor Jacqueline. Kat heeft geen zin om haar nieuwe liefdesleven te delen met Jane en Sutton.","still":"https:\/\/img-opt.cdn.smartvod.com\/smartvod\/images\/videoland\/data\/images\/f\/n\/5f51fc3e35964_[format].jpg","runtime":2411,"editions":{"hd":{"price":0}},"is_downloadable":true}}}