{"id":500756,"ref":"S500756","type":"series","title":"LEGO City Adventures","year":2022,"rating":4,"poster":"https:\/\/img-opt.cdn.smartvod.com\/smartvod\/images\/videoland\/data\/images\/9\/t\/616967a2d14b7_[format].jpg","still":"https:\/\/img-opt.cdn.smartvod.com\/smartvod\/images\/videoland\/data\/images\/h\/o\/62d7faa261361_[format].jpg","cast":{},"genres":["Actie","Animatie","Kids"],"refs":["SN4514","SN4515","SN5065"],"is_adult":false,"is_kids":true,"is_available":true,"description":"De inwoners van LEGO City komen elkaar tegen in hilarische en vaak onverwachte situaties. Beleef de wensen, dromen en avonturen van dappere politiemannen, gekke schurken, dansende brandweermannen, overenthousiaste klusjesmannen, achterbakse zakenlui, zingende vuilnisvrouwen en een burgermeester in een ma\u00efskolfpak.","nicam":{"6":"Mogelijk schadelijk tot 6 jaar","geweld":"Geweld","angst":"Angst"},"language":"nl","language_full":"Nederlands","details":{"SN4514":{"id":4514,"ref":"SN4514","type":"season","title":"1","position":1},"SN4515":{"id":4515,"ref":"SN4515","type":"season","title":"2","position":2},"SN5065":{"id":5065,"ref":"SN5065","type":"season","title":"3","position":3,"refs":["E100598","E100591","E100585","E100584","E100579","E100583","E100597","E100595","E100587","E100588","E100580","E100590","E100592","E100599","E100593","E100582","E100596","E100589","E100594","E100581","E100993","E100994"]},"E100598":{"id":100598,"ref":"E100598","type":"episode","position":1,"title":"Dank Hank","description":"Hakbijl Hank heeft het gehad met de respectloze Fendrich en gaat werken voor zijn aartsrivale Mary Sinclair.","still":"https:\/\/img-opt.cdn.smartvod.com\/smartvod\/images\/videoland\/data\/images\/z\/c\/62daa2d983b78_[format].jpg","runtime":643,"editions":{"hd":{"price":0}},"is_downloadable":true},"E100591":{"id":100591,"ref":"E100591","type":"episode","position":2,"title":"Kijken De Kids Nog?","description":"Dankzij het Zusterstad Agenten Uitwisselingsprogramma verschijnt agent Gracie Goedhart ten tonele. Maar zij wordt al gauw populairder dan Duke.","still":"https:\/\/img-opt.cdn.smartvod.com\/smartvod\/images\/videoland\/data\/images\/c\/1\/62d946e3b7183_[format].jpg","runtime":643,"editions":{"hd":{"price":0}},"is_downloadable":true},"E100585":{"id":100585,"ref":"E100585","type":"episode","position":3,"title":"De Vuilnisdetective","description":"Als de nieuwslezer Craig Woodman vermist raakt, vraagt de wanhopige Gabby Tocamera vuilnisdame Shirley Grijper haar te helpen haar naam te zuiveren.","still":"https:\/\/img-opt.cdn.smartvod.com\/smartvod\/images\/videoland\/data\/images\/3\/t\/62d946d752cdf_[format].jpg","runtime":643,"editions":{"hd":{"price":0}},"is_downloadable":true},"E100584":{"id":100584,"ref":"E100584","type":"episode","position":4,"title":"De Meester-Architect","description":"De krachtcentrale van de stad wordt onstabiel en meester-architect Ave Empire wil ingrijpen. Maar eerst moet hij bewijzen dat hij geen vampier is.","still":"https:\/\/img-opt.cdn.smartvod.com\/smartvod\/images\/videoland\/data\/images\/r\/k\/62daa2d6c98b8_[format].jpg","runtime":643,"editions":{"hd":{"price":0}},"is_downloadable":true},"E100579":{"id":100579,"ref":"E100579","type":"episode","position":5,"title":"Terug Naar School","description":"Als er op een school tablets verdwijnen, gaan de detectives Partnur en Grizzled undercover als leraar en leerling om de dief te pakken.","still":"https:\/\/img-opt.cdn.smartvod.com\/smartvod\/images\/videoland\/data\/images\/i\/o\/62daa2f6472bb_[format].jpg","runtime":643,"editions":{"hd":{"price":0}},"is_downloadable":true},"E100583":{"id":100583,"ref":"E100583","type":"episode","position":6,"title":"Wij Zijn Kampioenen","description":"Een inzamelingsactie waarbij de brandweer strijd tegen de politie begint leuk, maar wordt steeds ernstiger omdat Tread Octane meedoet als vervanger.","still":"https:\/\/img-opt.cdn.smartvod.com\/smartvod\/images\/videoland\/data\/images\/y\/8\/62d95bfa4d386_[format].jpg","runtime":643,"editions":{"hd":{"price":0}},"is_downloadable":true},"E100597":{"id":100597,"ref":"E100597","type":"episode","position":7,"title":"Wylde Wex","description":"Nadat hij zijn beste vriend doctor Wylde heeft ontdooid, moet doctor Wexler hem helpen zich aan te passen aan de wereld, die een jaar verder is.","still":"https:\/\/img-opt.cdn.smartvod.com\/smartvod\/images\/videoland\/data\/images\/x\/g\/62daa2db9ce0d_[format].jpg","runtime":643,"editions":{"hd":{"price":0}},"is_downloadable":true},"E100595":{"id":100595,"ref":"E100595","type":"episode","position":8,"title":"Boem Gaan De Zaken","description":"Daisy wil niet meer bij haar bemoeizuchtige moeder wonen en begint een eigen zaak, in de hoop daarmee een eigen schuilplaats te kunnen betalen.","still":"https:\/\/img-opt.cdn.smartvod.com\/smartvod\/images\/videoland\/data\/images\/d\/d\/62d95d28f15ef_[format].jpg","runtime":643,"editions":{"hd":{"price":0}},"is_downloadable":true},"E100587":{"id":100587,"ref":"E100587","type":"episode","position":9,"title":"Van Ruilen Komt Huilen","description":"Met behulp van Harl Hubbs giga kraan, is Ave Empire vastberaden om zijn 'perfecte' concertzaal op de perfecte plek in de stad te zetten.","still":"https:\/\/img-opt.cdn.smartvod.com\/smartvod\/images\/videoland\/data\/images\/s\/5\/62daa2f805d5a_[format].jpg","runtime":643,"editions":{"hd":{"price":0}},"is_downloadable":true},"E100588":{"id":100588,"ref":"E100588","type":"episode","position":10,"title":"Licht! Camera! Grizzled!","description":"Detective Sam Grizzled adviseert bij een actiefilm over een kunstroof die hij heeft weten te voorkomen in zijn jongere jaren als politieagent.","still":"https:\/\/img-opt.cdn.smartvod.com\/smartvod\/images\/videoland\/data\/images\/d\/k\/62d95d1569bf0_[format].jpg","runtime":643,"editions":{"hd":{"price":0}},"is_downloadable":true},"E100580":{"id":100580,"ref":"E100580","type":"episode","position":11,"title":"Duke Tijd","description":"Als een uitgeputte Duke Detain een onkarakteristieke fout maakt tijdens \u00e9\u00e9n van zijn diensten, vraagt hij voor het allereerst een vrije dag aan.","still":"https:\/\/img-opt.cdn.smartvod.com\/smartvod\/images\/videoland\/data\/images\/n\/5\/62d95be88ea8d_[format].jpg","runtime":643,"editions":{"hd":{"price":0}},"is_downloadable":true},"E100590":{"id":100590,"ref":"E100590","type":"episode","position":12,"title":"Harpy Stubbs","description":"Er ontstaat een onwaarschijnlijke vriendschap tussen Poppy Starr, 's werelds grootste popster en Harl Hubbs, de bescheiden helpende klusjesman.","still":"https:\/\/img-opt.cdn.smartvod.com\/smartvod\/images\/videoland\/data\/images\/4\/n\/62daa2e1cf5b1_[format].jpg","runtime":643,"editions":{"hd":{"price":0}},"is_downloadable":true},"E100592":{"id":100592,"ref":"E100592","type":"episode","position":13,"title":"Klein Maar Onverschrokken","description":"Maddy wordt reporter voor een noodlijdende krant. Onder de naam Nomi D. Plume gebruik ze haar anonimiteit als kind om verhalen op te pikken.","still":"https:\/\/img-opt.cdn.smartvod.com\/smartvod\/images\/videoland\/data\/images\/0\/c\/62da600d87300_[format].jpg","runtime":643,"editions":{"hd":{"price":0}},"is_downloadable":true},"E100599":{"id":100599,"ref":"E100599","type":"episode","position":14,"title":"Groen Licht","description":"Fendrich wil een high-tech apparaat stelen tijdens het transport naar de Eco-krachtcentrale. Wheeler stuurt Allen eropuit om hem tegen te houden.","still":"https:\/\/img-opt.cdn.smartvod.com\/smartvod\/images\/videoland\/data\/images\/1\/3\/62d95d176e071_[format].jpg","runtime":643,"editions":{"hd":{"price":0}},"is_downloadable":true},"E100593":{"id":100593,"ref":"E100593","type":"episode","position":15,"title":"Coole Tante Freya","description":"Freya wil zo graag een coole pret-tante zijn voor Billy, dat ze het wilde kind in zichzelf weer terugvindt en helemaal doordraait.","still":"https:\/\/img-opt.cdn.smartvod.com\/smartvod\/images\/videoland\/data\/images\/j\/q\/62da600b6b50e_[format].jpg","runtime":643,"editions":{"hd":{"price":0}},"is_downloadable":true},"E100582":{"id":100582,"ref":"E100582","type":"episode","position":16,"title":"De Staande Koe Van De Lage Landen","description":"Winston W. Woest probeert de mysterieuze Staande Koe van de Lage Landen te vinden, die volgens hem in de stad is. Dat kan rampzalige gevolgen hebben.","still":"https:\/\/img-opt.cdn.smartvod.com\/smartvod\/images\/videoland\/data\/images\/i\/j\/62d946ea62da1_[format].jpg","runtime":643,"editions":{"hd":{"price":0}},"is_downloadable":true},"E100596":{"id":100596,"ref":"E100596","type":"episode","position":17,"title":"Stuntstad","description":"Alex en zijn stuntmotorrijders komen naar de stad, maar ontdekken dat daar dagelijks al stunts worden uitgehaald. Ze moeten hun show flink aanpassen.","still":"https:\/\/img-opt.cdn.smartvod.com\/smartvod\/images\/videoland\/data\/images\/n\/d\/62daa2e00321f_[format].jpg","runtime":643,"editions":{"hd":{"price":0}},"is_downloadable":true},"E100589":{"id":100589,"ref":"E100589","type":"episode","position":18,"title":"Vaders En Gasten","description":"De strenge en serieuze vader van Wheeler komt naar de stad om uit te zoeken of hij wil investeren in de stuntshow waar Wheeler zo van houdt.","still":"https:\/\/img-opt.cdn.smartvod.com\/smartvod\/images\/videoland\/data\/images\/m\/p\/62daa2e387fa6_[format].jpg","runtime":643,"editions":{"hd":{"price":0}},"is_downloadable":true},"E100594":{"id":100594,"ref":"E100594","type":"episode","position":19,"title":"Fleck De Clown","description":"Als de crimineel de Beetnemer dreigt burgemeester Fleck publiekelijk voor schut te zetten, schakelt Carol Yea Duke DeTain in om hem te beschermen.","still":"https:\/\/img-opt.cdn.smartvod.com\/smartvod\/images\/videoland\/data\/images\/q\/s\/62daa2de292b2_[format].jpg","runtime":643,"editions":{"hd":{"price":0}},"is_downloadable":true},"E100581":{"id":100581,"ref":"E100581","type":"episode","position":20,"title":"Spelen Met Vuur","description":"Veiligheidsinspecteur McCormack kan niet omgaan met de chaos van de grote stad en wil verregaande veiligheidsmaatregelen instellen bij de stuntshow.","still":"https:\/\/img-opt.cdn.smartvod.com\/smartvod\/images\/videoland\/data\/images\/u\/5\/62d95d217f3a7_[format].jpg","runtime":643,"editions":{"hd":{"price":0}},"is_downloadable":true},"E100993":{"id":100993,"ref":"E100993","type":"episode","position":21,"title":"Een Handje Helpen","description":"Billy en Maddy doen mee met een obstakelrace voor kinderen en krijgen hulp van het stuntteam.","still":"https:\/\/img-opt.cdn.smartvod.com\/smartvod\/images\/videoland\/data\/images\/s\/o\/62daa2f470768_[format].jpg","runtime":643,"editions":{"hd":{"price":0}},"is_downloadable":true},"E100994":{"id":100994,"ref":"E100994","type":"episode","position":22,"title":"Riooldolfijnen","description":"Gabby Tocamera maakt een documentaire over de milieuvriendelijke stad en stuit op een mysterie omtrent de verdwijning van de riooldolfijnen.","still":"https:\/\/img-opt.cdn.smartvod.com\/smartvod\/images\/videoland\/data\/images\/x\/0\/62daa2f2aff02_[format].jpg","runtime":643,"editions":{"hd":{"price":0}},"is_downloadable":true}}}