{"id":500684,"ref":"S500684","type":"series","title":"Lodewijks Droomtuinen","year":2021,"rating":4,"poster":"https:\/\/img-opt.cdn.smartvod.com\/smartvod\/images\/videoland\/data\/images\/w\/f\/60d085b78ff27_[format].jpg","still":"https:\/\/img-opt.cdn.smartvod.com\/smartvod\/images\/videoland\/data\/images\/8\/2\/62a7433bc230f_[format].jpg","cast":{},"genres":["Informatief","Lifestyle"],"refs":["SN4318","SN5015"],"is_adult":false,"is_kids":false,"is_available":true,"description":"Lodewijk Hoekstra, de 'groenste tuinman' van Nederland, doet een make-over van een indrukwekkende tuin in het Gooise Naarden. Verder besteden we aandacht aan laatste exclusieve tuintrends en tonen de mooiste droomtuinen van Nederland.","nicam":{"al":"Alle leeftijden"},"language":"nl","language_full":"Nederlands","details":{"SN4318":{"id":4318,"ref":"SN4318","type":"season","title":"1","position":1},"SN5015":{"id":5015,"ref":"SN5015","type":"season","title":"2","position":2,"refs":["E99372","E99390","E99857","E100098","E100437","E100482","E100819","E100986","E101290","E101603"]},"E99372":{"id":99372,"ref":"E99372","type":"episode","position":1,"title":"","description":"Lodewijk Hoekstra, de 'groenste tuinman' van Nederland, doet een make-over van een indrukwekkende tuin in het Gooise Bussum. Ook komen de laatste exclusieve en inspirerende tuintrends voorbij \u00e9n kunnen we wegdromen bij de mooiste droomtuinen van Nederland.","still":"https:\/\/img-opt.cdn.smartvod.com\/smartvod\/images\/videoland\/data\/images\/8\/2\/62a7433bc230f_[format].jpg","runtime":1320,"editions":{"hd":{"price":0}},"is_downloadable":false},"E99390":{"id":99390,"ref":"E99390","type":"episode","position":2,"title":"","description":"Lodewijk Hoekstra, de 'groenste tuinman' van Nederland, doet een make-over van een indrukwekkende tuin in het Gooise Bussum. Ook komen de laatste exclusieve en inspirerende tuintrends voorbij \u00e9n kunnen we wegdromen bij de mooiste droomtuinen van Nederland.","still":"https:\/\/img-opt.cdn.smartvod.com\/smartvod\/images\/videoland\/data\/images\/0\/c\/62c7df6337edb_[format].jpg","runtime":1320,"editions":{"hd":{"price":0}},"is_downloadable":false},"E99857":{"id":99857,"ref":"E99857","type":"episode","position":3,"title":"","description":"Lodewijk Hoekstra, de 'groenste tuinman' van Nederland, doet een make-over van een indrukwekkende tuin in het Gooise Bussum. Ook komen de laatste exclusieve en inspirerende tuintrends voorbij \u00e9n kunnen we wegdromen bij de mooiste droomtuinen van Nederland.","still":"https:\/\/img-opt.cdn.smartvod.com\/smartvod\/images\/videoland\/data\/images\/z\/4\/62befd474834a_[format].jpg","runtime":1320,"editions":{"hd":{"price":0}},"is_downloadable":false},"E100098":{"id":100098,"ref":"E100098","type":"episode","position":4,"title":"","description":"Lodewijk Hoekstra, de 'groenste tuinman' van Nederland, doet een make-over van een indrukwekkende tuin in het Gooise Bussum. Ook komen de laatste exclusieve en inspirerende tuintrends voorbij \u00e9n kunnen we wegdromen bij de mooiste droomtuinen van Nederland.","still":"https:\/\/img-opt.cdn.smartvod.com\/smartvod\/images\/videoland\/data\/images\/f\/2\/62c2eb0cba235_[format].jpg","runtime":1320,"editions":{"hd":{"price":0}},"is_downloadable":false},"E100437":{"id":100437,"ref":"E100437","type":"episode","position":5,"title":"","description":"Lodewijk Hoekstra, de 'groenste tuinman' van Nederland, doet een make-over van een indrukwekkende tuin in het Gooise Bussum. Ook komen de laatste exclusieve en inspirerende tuintrends voorbij \u00e9n kunnen we wegdromen bij de mooiste droomtuinen van Nederland.","still":"https:\/\/img-opt.cdn.smartvod.com\/smartvod\/images\/videoland\/data\/images\/2\/j\/62c83e92183ba_[format].jpg","runtime":1320,"editions":{"hd":{"price":0}},"is_downloadable":false},"E100482":{"id":100482,"ref":"E100482","type":"episode","position":6,"title":"","description":"Lodewijk Hoekstra, de 'groenste tuinman' van Nederland, doet een make-over van een indrukwekkende tuin in het Gooise Bussum. Ook komen de laatste exclusieve en inspirerende tuintrends voorbij \u00e9n kunnen we wegdromen bij de mooiste droomtuinen van Nederland.","still":"https:\/\/img-opt.cdn.smartvod.com\/smartvod\/images\/videoland\/data\/images\/g\/v\/62d5192e82147_[format].jpg","runtime":1320,"editions":{"hd":{"price":0}},"is_downloadable":false},"E100819":{"id":100819,"ref":"E100819","type":"episode","position":7,"title":"","description":"Lodewijk Hoekstra, de 'groenste tuinman' van Nederland, doet een make-over van een indrukwekkende tuin in het Gooise Bussum. Ook komen de laatste exclusieve en inspirerende tuintrends voorbij \u00e9n kunnen we wegdromen bij de mooiste droomtuinen van Nederland.","still":"https:\/\/img-opt.cdn.smartvod.com\/smartvod\/images\/videoland\/data\/images\/4\/h\/62de5738dde7e_[format].jpg","runtime":1320,"editions":{"hd":{"price":0}},"is_downloadable":false},"E100986":{"id":100986,"ref":"E100986","type":"episode","position":8,"title":"","description":"Lodewijk Hoekstra, de 'groenste tuinman' van Nederland, doet een make-over van een indrukwekkende tuin in het Gooise Bussum. Ook komen de laatste exclusieve en inspirerende tuintrends voorbij \u00e9n kunnen we wegdromen bij de mooiste droomtuinen van Nederland.","still":"https:\/\/img-opt.cdn.smartvod.com\/smartvod\/images\/videoland\/data\/images\/z\/u\/53674d1e1947f_[format].jpeg","runtime":1320,"editions":{"hd":{"price":0}},"is_downloadable":false},"E101290":{"id":101290,"ref":"E101290","type":"episode","position":9,"title":"","description":"Lodewijk Hoekstra, de 'groenste tuinman' van Nederland, doet een make-over van een indrukwekkende tuin in het Gooise Bussum. Ook komen de laatste exclusieve en inspirerende tuintrends voorbij \u00e9n kunnen we wegdromen bij de mooiste droomtuinen van Nederland.","still":"https:\/\/img-opt.cdn.smartvod.com\/smartvod\/images\/videoland\/data\/images\/n\/9\/62e796ee2e67d_[format].jpg","runtime":1320,"editions":{"hd":{"price":0}},"is_downloadable":false},"E101603":{"id":101603,"ref":"E101603","type":"episode","position":10,"title":"","description":"Lodewijk Hoekstra, de 'groenste tuinman' van Nederland, doet een make-over van een indrukwekkende tuin in het Gooise Bussum. Ook komen de laatste exclusieve en inspirerende tuintrends voorbij \u00e9n kunnen we wegdromen bij de mooiste droomtuinen van Nederland.","still":"https:\/\/img-opt.cdn.smartvod.com\/smartvod\/images\/videoland\/data\/images\/h\/j\/62fdf0fa57990_[format].jpg","runtime":1320,"editions":{"hd":{"price":0}},"is_downloadable":false}}}