{"id":500058,"ref":"S500058","type":"series","title":"Love Island","year":2022,"rating":4,"poster":"https:\/\/img-opt.cdn.smartvod.com\/smartvod\/images\/videoland\/data\/images\/6\/8\/62c6a747644bd_[format].jpg","still":"https:\/\/img-opt.cdn.smartvod.com\/smartvod\/images\/videoland\/data\/images\/b\/y\/62c81430be1bd_[format].jpg","cast":{"actors":["Holly Mae Brood","Viktor Verhulst"]},"genres":["Reality"],"refs":["SN2823","SN3725","SN5035"],"is_adult":false,"is_kids":false,"is_available":true,"description":"We volgen een aantal jonge singles tijdens hun verblijf in een luxueus vakantiehuis op een idyllisch eiland. Ze hopen de ware liefde te vinden tijdens hun summer of love, waarbij ze dag en nacht onder toezicht staan van camera's. Om zo lang mogelijk op het eiland te mogen blijven, moeten de singles koppels vormen. Als kijker heb je thuis het (liefdes)lot van de kandidaten volledig in handen. Via de 'Love Island'-app kun je stemmen op je favoriete koppel.","nicam":{"12":"Mogelijk schadelijk tot 12 jaar","seks":"Seks","taalgebruik":"Grof Taalgebruik","drugs":"Drugs en\/of alcohol gebruik"},"language":"nl","language_full":"Nederlands","details":{"SN2823":{"id":2823,"ref":"SN2823","type":"season","title":"1","position":1},"SN3725":{"id":3725,"ref":"SN3725","type":"season","title":"2","position":2},"SN5035":{"id":5035,"ref":"SN5035","type":"season","title":"3","position":3,"refs":["E99834","E99836","E100137","E100153","E100149","E100147","E100152","E100150","E100148","E100136","E100145","E100139","E100144","E100151","E100142","E100141","E100140","E100143","E100146","E100138","E100157","E100159","E100155","E100161","E100158","E100154","E100156","E100160","E99838","E99833"]},"E99834":{"id":99834,"ref":"E99834","type":"episode","position":1,"title":"","description":"Jonge singles hopen tijdens hun verblijf in een luxueuze villa op een idyllisch eiland de ware liefde te vinden. Tijdens hun summer of love staan ze dag en nacht onder toezicht van camera's. Om zo lang mogelijk op het eiland te mogen blijven, moeten de singles koppels vormen. Via de Love Island-app kun jij stemmen op je favoriete koppel en heb je het (liefdes)lot van de kandidaten in handen.","still":"https:\/\/img-opt.cdn.smartvod.com\/smartvod\/images\/videoland\/data\/images\/l\/5\/62d17b1993fd1_[format].jpg","runtime":3403,"editions":{"hd":{"price":0}},"is_downloadable":true},"E99836":{"id":99836,"ref":"E99836","type":"episode","position":2,"title":"","description":"Jonge singles hopen tijdens hun verblijf in een luxueuze villa op een idyllisch eiland de ware liefde te vinden. Tijdens hun summer of love staan ze dag en nacht onder toezicht van camera's. Om zo lang mogelijk op het eiland te mogen blijven, moeten de singles koppels vormen. Via de Love Island-app kun jij stemmen op je favoriete koppel en heb je het (liefdes)lot van de kandidaten in handen.","still":"https:\/\/img-opt.cdn.smartvod.com\/smartvod\/images\/videoland\/data\/images\/g\/e\/62cfd9e87ea49_[format].jpg","runtime":2629,"editions":{"hd":{"price":0}},"is_downloadable":true},"E100137":{"id":100137,"ref":"E100137","type":"episode","position":3,"title":"","description":"Jonge singles hopen tijdens hun verblijf in een luxueuze villa op een idyllisch eiland de ware liefde te vinden. Tijdens hun summer of love staan ze dag en nacht onder toezicht van camera's. Om zo lang mogelijk op het eiland te mogen blijven, moeten de singles koppels vormen. Via de Love Island-app kun jij stemmen op je favoriete koppel en heb je het (liefdes)lot van de kandidaten in handen.","still":"https:\/\/img-opt.cdn.smartvod.com\/smartvod\/images\/videoland\/data\/images\/9\/f\/62d0206485a83_[format].jpg","runtime":2493,"editions":{"hd":{"price":0}},"is_downloadable":true},"E100153":{"id":100153,"ref":"E100153","type":"episode","position":4,"title":"","description":"Jonge singles hopen tijdens hun verblijf in een luxueuze villa op een idyllisch eiland de ware liefde te vinden. Tijdens hun summer of love staan ze dag en nacht onder toezicht van camera's. Om zo lang mogelijk op het eiland te mogen blijven, moeten de singles koppels vormen. Via de Love Island-app kun jij stemmen op je favoriete koppel en heb je het (liefdes)lot van de kandidaten in handen.","still":"https:\/\/img-opt.cdn.smartvod.com\/smartvod\/images\/videoland\/data\/images\/5\/u\/62d17b175a6d9_[format].jpg","runtime":2463,"editions":{"hd":{"price":0}},"is_downloadable":true},"E100149":{"id":100149,"ref":"E100149","type":"episode","position":5,"title":"","description":"Jonge singles hopen tijdens hun verblijf in een luxueuze villa op een idyllisch eiland de ware liefde te vinden. Tijdens hun summer of love staan ze dag en nacht onder toezicht van camera's. Om zo lang mogelijk op het eiland te mogen blijven, moeten de singles koppels vormen. Via de Love Island-app kun jij stemmen op je favoriete koppel en heb je het (liefdes)lot van de kandidaten in handen.","still":"https:\/\/img-opt.cdn.smartvod.com\/smartvod\/images\/videoland\/data\/images\/4\/2\/62d2e1af016f4_[format].jpg","runtime":2478,"editions":{"hd":{"price":0}},"is_downloadable":true},"E100147":{"id":100147,"ref":"E100147","type":"episode","position":6,"title":"","description":"Jonge singles hopen tijdens hun verblijf in een luxueuze villa op een idyllisch eiland de ware liefde te vinden. Tijdens hun summer of love staan ze dag en nacht onder toezicht van camera's. Om zo lang mogelijk op het eiland te mogen blijven, moeten de singles koppels vormen. Via de Love Island-app kun jij stemmen op je favoriete koppel en heb je het (liefdes)lot van de kandidaten in handen.","still":"https:\/\/img-opt.cdn.smartvod.com\/smartvod\/images\/videoland\/data\/images\/y\/x\/62d3015c220a9_[format].jpg","runtime":2604,"editions":{"hd":{"price":0}},"is_downloadable":true},"E100152":{"id":100152,"ref":"E100152","type":"episode","position":7,"title":"","description":"Jonge singles hopen tijdens hun verblijf in een luxueuze villa op een idyllisch eiland de ware liefde te vinden. Tijdens hun summer of love staan ze dag en nacht onder toezicht van camera's. Om zo lang mogelijk op het eiland te mogen blijven, moeten de singles koppels vormen. Via de Love Island-app kun jij stemmen op je favoriete koppel en heb je het (liefdes)lot van de kandidaten in handen.","still":"https:\/\/img-opt.cdn.smartvod.com\/smartvod\/images\/videoland\/data\/images\/g\/q\/62d6786f8bcc9_[format].jpg","runtime":2635,"editions":{"hd":{"price":0}},"is_downloadable":true},"E100150":{"id":100150,"ref":"E100150","type":"episode","position":8,"title":"","description":"Jonge singles hopen tijdens hun verblijf in een luxueuze villa op een idyllisch eiland de ware liefde te vinden. Tijdens hun summer of love staan ze dag en nacht onder toezicht van camera's. Om zo lang mogelijk op het eiland te mogen blijven, moeten de singles koppels vormen. Via de Love Island-app kun jij stemmen op je favoriete koppel en heb je het (liefdes)lot van de kandidaten in handen.","still":"https:\/\/img-opt.cdn.smartvod.com\/smartvod\/images\/videoland\/data\/images\/r\/o\/62d7b15361e52_[format].jpg","runtime":2513,"editions":{"hd":{"price":0}},"is_downloadable":true},"E100148":{"id":100148,"ref":"E100148","type":"episode","position":9,"title":"","description":"Jonge singles hopen tijdens hun verblijf in een luxueuze villa op een idyllisch eiland de ware liefde te vinden. Tijdens hun summer of love staan ze dag en nacht onder toezicht van camera's. Om zo lang mogelijk op het eiland te mogen blijven, moeten de singles koppels vormen. Via de Love Island-app kun jij stemmen op je favoriete koppel en heb je het (liefdes)lot van de kandidaten in handen.","still":"https:\/\/img-opt.cdn.smartvod.com\/smartvod\/images\/videoland\/data\/images\/c\/j\/62d83943599f2_[format].jpg","runtime":2505,"editions":{"hd":{"price":0}},"is_downloadable":true},"E100136":{"id":100136,"ref":"E100136","type":"episode","position":10,"title":"","description":"Jonge singles hopen tijdens hun verblijf in een luxueuze villa op een idyllisch eiland de ware liefde te vinden. Tijdens hun summer of love staan ze dag en nacht onder toezicht van camera's. Om zo lang mogelijk op het eiland te mogen blijven, moeten de singles koppels vormen. Via de Love Island-app kun jij stemmen op je favoriete koppel en heb je het (liefdes)lot van de kandidaten in handen.","still":"https:\/\/img-opt.cdn.smartvod.com\/smartvod\/images\/videoland\/data\/images\/x\/x\/62da4d4b526e2_[format].jpg","runtime":2534,"editions":{"hd":{"price":0}},"is_downloadable":true},"E100145":{"id":100145,"ref":"E100145","type":"episode","position":11,"title":"","description":"Jonge singles hopen tijdens hun verblijf in een luxueuze villa op een idyllisch eiland de ware liefde te vinden. Tijdens hun summer of love staan ze dag en nacht onder toezicht van camera's. Om zo lang mogelijk op het eiland te mogen blijven, moeten de singles koppels vormen. Via de Love Island-app kun jij stemmen op je favoriete koppel en heb je het (liefdes)lot van de kandidaten in handen.","still":"https:\/\/img-opt.cdn.smartvod.com\/smartvod\/images\/videoland\/data\/images\/l\/d\/62de742ed7495_[format].jpg","runtime":2572,"editions":{"hd":{"price":0}},"is_downloadable":true},"E100139":{"id":100139,"ref":"E100139","type":"episode","position":12,"title":"","description":"Jonge singles hopen tijdens hun verblijf in een luxueuze villa op een idyllisch eiland de ware liefde te vinden. Tijdens hun summer of love staan ze dag en nacht onder toezicht van camera's. Om zo lang mogelijk op het eiland te mogen blijven, moeten de singles koppels vormen. Via de Love Island-app kun jij stemmen op je favoriete koppel en heb je het (liefdes)lot van de kandidaten in handen.","still":"https:\/\/img-opt.cdn.smartvod.com\/smartvod\/images\/videoland\/data\/images\/7\/7\/62de7431ab083_[format].jpg","runtime":2408,"editions":{"hd":{"price":0}},"is_downloadable":true},"E100144":{"id":100144,"ref":"E100144","type":"episode","position":13,"title":"","description":"Jonge singles hopen tijdens hun verblijf in een luxueuze villa op een idyllisch eiland de ware liefde te vinden. Tijdens hun summer of love staan ze dag en nacht onder toezicht van camera's. Om zo lang mogelijk op het eiland te mogen blijven, moeten de singles koppels vormen. Via de Love Island-app kun jij stemmen op je favoriete koppel en heb je het (liefdes)lot van de kandidaten in handen.","still":"https:\/\/img-opt.cdn.smartvod.com\/smartvod\/images\/videoland\/data\/images\/b\/2\/62dedda7377c3_[format].jpg","runtime":2528,"editions":{"hd":{"price":0}},"is_downloadable":true},"E100151":{"id":100151,"ref":"E100151","type":"episode","position":14,"title":"","description":"Jonge singles hopen tijdens hun verblijf in een luxueuze villa op een idyllisch eiland de ware liefde te vinden. Tijdens hun summer of love staan ze dag en nacht onder toezicht van camera's. Om zo lang mogelijk op het eiland te mogen blijven, moeten de singles koppels vormen. Via de Love Island-app kun jij stemmen op je favoriete koppel en heb je het (liefdes)lot van de kandidaten in handen.","still":"https:\/\/img-opt.cdn.smartvod.com\/smartvod\/images\/videoland\/data\/images\/c\/o\/62e0f084ee355_[format].jpg","runtime":2442,"editions":{"hd":{"price":0}},"is_downloadable":true},"E100142":{"id":100142,"ref":"E100142","type":"episode","position":15,"title":"","description":"Jonge singles hopen tijdens hun verblijf in een luxueuze villa op een idyllisch eiland de ware liefde te vinden. Tijdens hun summer of love staan ze dag en nacht onder toezicht van camera's. Om zo lang mogelijk op het eiland te mogen blijven, moeten de singles koppels vormen. Via de Love Island-app kun jij stemmen op je favoriete koppel en heb je het (liefdes)lot van de kandidaten in handen.","still":"https:\/\/img-opt.cdn.smartvod.com\/smartvod\/images\/videoland\/data\/images\/j\/w\/62e16f13af764_[format].jpg","runtime":2444,"editions":{"hd":{"price":0}},"is_downloadable":true},"E100141":{"id":100141,"ref":"E100141","type":"episode","position":16,"title":"","description":"Jonge singles hopen tijdens hun verblijf in een luxueuze villa op een idyllisch eiland de ware liefde te vinden. Tijdens hun summer of love staan ze dag en nacht onder toezicht van camera's. Om zo lang mogelijk op het eiland te mogen blijven, moeten de singles koppels vormen. Via de Love Island-app kun jij stemmen op je favoriete koppel en heb je het (liefdes)lot van de kandidaten in handen.","still":"https:\/\/img-opt.cdn.smartvod.com\/smartvod\/images\/videoland\/data\/images\/l\/n\/62e2d47e9c941_[format].jpg","runtime":2402,"editions":{"hd":{"price":0}},"is_downloadable":true},"E100140":{"id":100140,"ref":"E100140","type":"episode","position":17,"title":"","description":"Jonge singles hopen tijdens hun verblijf in een luxueuze villa op een idyllisch eiland de ware liefde te vinden. Tijdens hun summer of love staan ze dag en nacht onder toezicht van camera's. Om zo lang mogelijk op het eiland te mogen blijven, moeten de singles koppels vormen. Via de Love Island-app kun jij stemmen op je favoriete koppel en heb je het (liefdes)lot van de kandidaten in handen.","still":"https:\/\/img-opt.cdn.smartvod.com\/smartvod\/images\/videoland\/data\/images\/u\/e\/62e7e9498ec47_[format].jpg","runtime":2417,"editions":{"hd":{"price":0}},"is_downloadable":true},"E100143":{"id":100143,"ref":"E100143","type":"episode","position":18,"title":"","description":"Jonge singles hopen tijdens hun verblijf in een luxueuze villa op een idyllisch eiland de ware liefde te vinden. Tijdens hun summer of love staan ze dag en nacht onder toezicht van camera's. Om zo lang mogelijk op het eiland te mogen blijven, moeten de singles koppels vormen. Via de Love Island-app kun jij stemmen op je favoriete koppel en heb je het (liefdes)lot van de kandidaten in handen.","still":"https:\/\/img-opt.cdn.smartvod.com\/smartvod\/images\/videoland\/data\/images\/x\/p\/62e672474d823_[format].jpg","runtime":2654,"editions":{"hd":{"price":0}},"is_downloadable":true},"E100146":{"id":100146,"ref":"E100146","type":"episode","position":19,"title":"","description":"Jonge singles hopen tijdens hun verblijf in een luxueuze villa op een idyllisch eiland de ware liefde te vinden. Tijdens hun summer of love staan ze dag en nacht onder toezicht van camera's. Om zo lang mogelijk op het eiland te mogen blijven, moeten de singles koppels vormen. Via de Love Island-app kun jij stemmen op je favoriete koppel en heb je het (liefdes)lot van de kandidaten in handen.","still":"https:\/\/img-opt.cdn.smartvod.com\/smartvod\/images\/videoland\/data\/images\/b\/y\/62e808eb79392_[format].jpg","runtime":2688,"editions":{"hd":{"price":0}},"is_downloadable":true},"E100138":{"id":100138,"ref":"E100138","type":"episode","position":20,"title":"","description":"Jonge singles hopen tijdens hun verblijf in een luxueuze villa op een idyllisch eiland de ware liefde te vinden. Tijdens hun summer of love staan ze dag en nacht onder toezicht van camera's. Om zo lang mogelijk op het eiland te mogen blijven, moeten de singles koppels vormen. Via de Love Island-app kun jij stemmen op je favoriete koppel en heb je het (liefdes)lot van de kandidaten in handen.","still":"https:\/\/img-opt.cdn.smartvod.com\/smartvod\/images\/videoland\/data\/images\/b\/c\/62e9674f59f73_[format].jpg","runtime":2405,"editions":{"hd":{"price":0}},"is_downloadable":true},"E100157":{"id":100157,"ref":"E100157","type":"episode","position":21,"title":"","description":"Jonge singles hopen tijdens hun verblijf in een luxueuze villa op een idyllisch eiland de ware liefde te vinden. Tijdens hun summer of love staan ze dag en nacht onder toezicht van camera's. Om zo lang mogelijk op het eiland te mogen blijven, moeten de singles koppels vormen. Via de Love Island-app kun jij stemmen op je favoriete koppel en heb je het (liefdes)lot van de kandidaten in handen.","still":"https:\/\/img-opt.cdn.smartvod.com\/smartvod\/images\/videoland\/data\/images\/x\/7\/62eabeab56f23_[format].jpg","runtime":2406,"editions":{"hd":{"price":0}},"is_downloadable":true},"E100159":{"id":100159,"ref":"E100159","type":"episode","position":22,"title":"","description":"Jonge singles hopen tijdens hun verblijf in een luxueuze villa op een idyllisch eiland de ware liefde te vinden. Tijdens hun summer of love staan ze dag en nacht onder toezicht van camera's. Om zo lang mogelijk op het eiland te mogen blijven, moeten de singles koppels vormen. Via de Love Island-app kun jij stemmen op je favoriete koppel en heb je het (liefdes)lot van de kandidaten in handen.","still":"https:\/\/img-opt.cdn.smartvod.com\/smartvod\/images\/videoland\/data\/images\/f\/t\/62ec1d0f3f491_[format].jpg","runtime":2410,"editions":{"hd":{"price":0}},"is_downloadable":true},"E100155":{"id":100155,"ref":"E100155","type":"episode","position":23,"title":"","description":"Jonge singles hopen tijdens hun verblijf in een luxueuze villa op een idyllisch eiland de ware liefde te vinden. Tijdens hun summer of love staan ze dag en nacht onder toezicht van camera's. Om zo lang mogelijk op het eiland te mogen blijven, moeten de singles koppels vormen. Via de Love Island-app kun jij stemmen op je favoriete koppel en heb je het (liefdes)lot van de kandidaten in handen.","still":"https:\/\/img-opt.cdn.smartvod.com\/smartvod\/images\/videoland\/data\/images\/t\/z\/62ee337152c33_[format].jpg","runtime":2502,"editions":{"hd":{"price":0}},"is_downloadable":true},"E100161":{"id":100161,"ref":"E100161","type":"episode","position":24,"title":"","description":"Jonge singles hopen tijdens hun verblijf in een luxueuze villa op een idyllisch eiland de ware liefde te vinden. Tijdens hun summer of love staan ze dag en nacht onder toezicht van camera's. Om zo lang mogelijk op het eiland te mogen blijven, moeten de singles koppels vormen. Via de Love Island-app kun jij stemmen op je favoriete koppel en heb je het (liefdes)lot van de kandidaten in handen.","still":"https:\/\/img-opt.cdn.smartvod.com\/smartvod\/images\/videoland\/data\/images\/w\/1\/62f0037f94cfb_[format].jpg","runtime":2429,"editions":{"hd":{"price":0}},"is_downloadable":true},"E100158":{"id":100158,"ref":"E100158","type":"episode","position":25,"title":"","description":"Jonge singles hopen tijdens hun verblijf in een luxueuze villa op een idyllisch eiland de ware liefde te vinden. Tijdens hun summer of love staan ze dag en nacht onder toezicht van camera's. Om zo lang mogelijk op het eiland te mogen blijven, moeten de singles koppels vormen. Via de Love Island-app kun jij stemmen op je favoriete koppel en heb je het (liefdes)lot van de kandidaten in handen.","still":"https:\/\/img-opt.cdn.smartvod.com\/smartvod\/images\/videoland\/data\/images\/i\/h\/62f14946d8b98_[format].jpg","runtime":2410,"editions":{"hd":{"price":0}},"is_downloadable":true},"E100154":{"id":100154,"ref":"E100154","type":"episode","position":26,"title":"","description":"Jonge singles hopen tijdens hun verblijf in een luxueuze villa op een idyllisch eiland de ware liefde te vinden. Tijdens hun summer of love staan ze dag en nacht onder toezicht van camera's. Om zo lang mogelijk op het eiland te mogen blijven, moeten de singles koppels vormen. Via de Love Island-app kun jij stemmen op je favoriete koppel en heb je het (liefdes)lot van de kandidaten in handen.","still":"https:\/\/img-opt.cdn.smartvod.com\/smartvod\/images\/videoland\/data\/images\/y\/6\/62f3589ed6962_[format].jpg","runtime":2421,"editions":{"hd":{"price":0}},"is_downloadable":true},"E100156":{"id":100156,"ref":"E100156","type":"episode","position":27,"title":"","description":"Jonge singles hopen tijdens hun verblijf in een luxueuze villa op een idyllisch eiland de ware liefde te vinden. Tijdens hun summer of love staan ze dag en nacht onder toezicht van camera's. Om zo lang mogelijk op het eiland te mogen blijven, moeten de singles koppels vormen. Via de Love Island-app kun jij stemmen op je favoriete koppel en heb je het (liefdes)lot van de kandidaten in handen.","still":"https:\/\/img-opt.cdn.smartvod.com\/smartvod\/images\/videoland\/data\/images\/j\/8\/62f3e9ef74800_[format].jpg","runtime":2409,"editions":{"hd":{"price":0}},"is_downloadable":true},"E100160":{"id":100160,"ref":"E100160","type":"episode","position":28,"title":"","description":"Jonge singles hopen tijdens hun verblijf in een luxueuze villa op een idyllisch eiland de ware liefde te vinden. Tijdens hun summer of love staan ze dag en nacht onder toezicht van camera's. Om zo lang mogelijk op het eiland te mogen blijven, moeten de singles koppels vormen. Via de Love Island-app kun jij stemmen op je favoriete koppel en heb je het (liefdes)lot van de kandidaten in handen.","still":"https:\/\/img-opt.cdn.smartvod.com\/smartvod\/images\/videoland\/data\/images\/3\/w\/62f536bf088a9_[format].jpg","runtime":2408,"editions":{"hd":{"price":0}},"is_downloadable":true},"E99838":{"id":99838,"ref":"E99838","type":"episode","position":29,"title":"","description":"Jonge singles hopen tijdens hun verblijf in een luxueuze villa op een idyllisch eiland de ware liefde te vinden. Tijdens hun summer of love staan ze dag en nacht onder toezicht van camera's. Om zo lang mogelijk op het eiland te mogen blijven, moeten de singles koppels vormen. Via de Love Island-app kun jij stemmen op je favoriete koppel en heb je het (liefdes)lot van de kandidaten in handen.","still":"https:\/\/img-opt.cdn.smartvod.com\/smartvod\/images\/videoland\/data\/images\/5\/n\/62fa54e72c842_[format].jpg","runtime":2496,"editions":{"hd":{"price":0}},"is_downloadable":true},"E99833":{"id":99833,"ref":"E99833","type":"episode","position":30,"title":"","description":"Jonge singles hopen tijdens hun verblijf in een luxueuze villa op een idyllisch eiland de ware liefde te vinden. Tijdens hun summer of love staan ze dag en nacht onder toezicht van camera's. Om zo lang mogelijk op het eiland te mogen blijven, moeten de singles koppels vormen. Via de Love Island-app kun jij stemmen op je favoriete koppel en heb je het (liefdes)lot van de kandidaten in handen.","still":"https:\/\/img-opt.cdn.smartvod.com\/smartvod\/images\/videoland\/data\/images\/x\/5\/62fa54ea29c04_[format].jpg","runtime":3915,"editions":{"hd":{"price":0}},"is_downloadable":true}}}