{"id":500528,"ref":"S500528","type":"series","title":"Temple","year":2021,"rating":4,"poster":"https:\/\/img-opt.cdn.smartvod.com\/smartvod\/images\/videoland\/data\/images\/s\/1\/6166ce64a422e_[format].jpg","still":"https:\/\/img-opt.cdn.smartvod.com\/smartvod\/images\/videoland\/data\/images\/i\/v\/616548cff21ad_[format].jpg","cast":{"actors":["Carice van Houten","Mark Strong","Daniel Mays"]},"genres":["Drama","Misdaad"],"refs":["SN3869","SN4492"],"is_adult":false,"is_kids":false,"is_available":true,"description":"In een doolhof van verlaten diensttunnels onder Temple Underground Station runt de zeer gerespecteerde chirurg Daniel Milton een illegale medische kliniek die criminelen en andere wanhopige pati\u00ebnten behandelt die geen hulp kunnen of willen zoeken bij reguliere medische voorzieningen. Daniel zet de kliniek op om een geneesmiddel te vinden voor zijn vrouw, Beth, die aan een terminale ziekte lijdt. Lee, een medewerker van Temple Station, en Anna (Carice van Houten), een medisch onderzoeker, helpen hem de kliniek te runnen. Een serie vol geheimhouding, uitstapjes en vertrouwenskwesties.","directors":["Mark O'Rowe"],"nicam":{"12":"Mogelijk schadelijk tot 12 jaar","geweld":"Geweld","angst":"Angst","taalgebruik":"Grof Taalgebruik"},"language":"en","language_full":"Engels","details":{"SN3869":{"id":3869,"ref":"SN3869","type":"season","title":"1","position":1},"SN4492":{"id":4492,"ref":"SN4492","type":"season","title":"2","position":2,"refs":["E91014","E91027","E91010","E91025","E91008","E91020","E91032"]},"E91014":{"id":91014,"ref":"E91014","type":"episode","position":1,"title":"","description":"Daniel wil vergeten dat de bunker ooit heeft bestaan \u200b\u200ben wil zijn familie weer bij elkaar brengen. Maar als hij wordt ingehaald door zijn wandaden, dreigt hij alles te verliezen. Ondertussen dreigt Anna het slechte pad op te gaan. Lee komt in een crisis terecht. Beth twijfelt aan wat Daniel haar heeft verteld. Eve leidt een geheim dubbelleven.","still":"https:\/\/img-opt.cdn.smartvod.com\/smartvod\/images\/videoland\/data\/images\/e\/9\/61892c372cc4f_[format].jpg","runtime":2658,"editions":{"hd":{"price":0}},"is_downloadable":true},"E91027":{"id":91027,"ref":"E91027","type":"episode","position":2,"title":"","description":"Een wanhopige Daniel en Lee beseffen wat er op het spel staat als ze door gewapende bewakers naar een luxe villa worden ge\u00ebscorteerd om een \u200b\u200bbuitenlandse politicus te opereren. Anna en Beth krijgen onenigheid als Beth besluit haar onderzoek voort te zetten. De hereniging tussen Eve en Beth was rampzalig.","still":"https:\/\/img-opt.cdn.smartvod.com\/smartvod\/images\/videoland\/data\/images\/t\/4\/61892c39194f3_[format].jpg","runtime":2708,"editions":{"hd":{"price":0}},"is_downloadable":true},"E91010":{"id":91010,"ref":"E91010","type":"episode","position":3,"title":"","description":"Daniel krijgt van Gubby een nieuwe opdracht terwijl hij probeert zijn leven weer op orde te krijgen. Anna overschrijdt een morele grens om te krijgen wat ze nodig heeft voor haar proces. Beth onderzoekt wat Daniel allemaal uitspookt. De resultaten zijn verontrustend. Eve ziet hoe ongerust haar moeder is en laat haar de bunker zien.","still":"https:\/\/img-opt.cdn.smartvod.com\/smartvod\/images\/videoland\/data\/images\/8\/r\/61892c3aa3612_[format].jpg","runtime":2646,"editions":{"hd":{"price":0}},"is_downloadable":true},"E91025":{"id":91025,"ref":"E91025","type":"episode","position":4,"title":"","description":"Daniel wordt geconfronteerd met de gevolgen van zijn daden. Ondertussen wordt Lees horizon verbreed als hij Eves vriend Ash ontmoet. Anna is vastbesloten om koste wat kost resultaat te boeken.","still":"https:\/\/img-opt.cdn.smartvod.com\/smartvod\/images\/videoland\/data\/images\/w\/l\/61892c3d24161_[format].jpg","runtime":2652,"editions":{"hd":{"price":0}},"is_downloadable":true},"E91008":{"id":91008,"ref":"E91008","type":"episode","position":5,"title":"","description":"Daniel ontdekt wat ervoor nodig is om Gubby te trotseren. Lee en Ash gaan op verkenningsmissie. Eve wordt onder druk gezet door Moloney. Anna's roekeloze gedrag komt tot een hoogtepunt.","still":"https:\/\/img-opt.cdn.smartvod.com\/smartvod\/images\/videoland\/data\/images\/h\/e\/61892c3ebb211_[format].jpg","runtime":2708,"editions":{"hd":{"price":0}},"is_downloadable":true},"E91020":{"id":91020,"ref":"E91020","type":"episode","position":6,"title":"","description":"Daniel en Anna gaan op een roadtrip om het lijk van Moloney te dumpen. Ze kruipen door het oog van de naald en onderweg komt Daniel erachter dat hij echt van Anna houdt.","still":"https:\/\/img-opt.cdn.smartvod.com\/smartvod\/images\/videoland\/data\/images\/n\/2\/61892c40b415c_[format].jpg","runtime":2547,"editions":{"hd":{"price":0}},"is_downloadable":true},"E91032":{"id":91032,"ref":"E91032","type":"episode","position":7,"title":"","description":"Daniel is geschokt als hij hoort dat Eve is gearresteerd voor de moord op Moloney. Hij wil niet dat zijn dochter opdraait voor de fouten die hij gemaakt heeft. Lee en Ash bereiden zich voor om de wereld te veranderen. Anna is bij een farmaceutisch bedrijf en doet daar een schokkende ontdekking.","still":"https:\/\/img-opt.cdn.smartvod.com\/smartvod\/images\/videoland\/data\/images\/c\/q\/61892c4310694_[format].jpg","runtime":2672,"editions":{"hd":{"price":0}},"is_downloadable":true}}}