{"id":500602,"ref":"S500602","type":"series","title":"Way Of Living","year":2022,"rating":4,"poster":"https:\/\/img-opt.cdn.smartvod.com\/smartvod\/images\/videoland\/data\/images\/5\/7\/6158a12609176_[format].jpg","still":"https:\/\/img-opt.cdn.smartvod.com\/smartvod\/images\/videoland\/data\/images\/r\/k\/632b21fa6d3b1_[format].jpg","cast":{"actors":["Arno Raymakers","Sanne Heijen"]},"genres":["Consument","Lifestyle"],"refs":["SN4086","SN4487","SN4914","SN5207"],"is_adult":false,"is_kids":false,"is_available":true,"description":"Sanne Heijen en Arno Raymakers reizen de wereld rond, op zoek naar unieke vakantiehuizen en tweede woningen.","nicam":{"al":"Alle leeftijden"},"language":"nl","language_full":"Nederlands","details":{"SN4086":{"id":4086,"ref":"SN4086","type":"season","title":"11","position":11},"SN4487":{"id":4487,"ref":"SN4487","type":"season","title":"12","position":12},"SN4914":{"id":4914,"ref":"SN4914","type":"season","title":"13","position":13,"refs":["E97441","E97442","E97440","E97557"]},"SN5207":{"id":5207,"ref":"SN5207","type":"season","title":"14","position":14},"E97441":{"id":97441,"ref":"E97441","type":"episode","position":1,"title":"","description":"Sanne en Fred laten zien waarom investeren in een vakantiewoning aan de Costa Blanca zo lucratief is. Arno belandt verder in het hoogste skidorp van Oostenrijk, waar Ralph aan de piste een nieuw resort gaat bouwen. Na alle beperkingen kon de Second Home Beurs onlangs weer ouderwets van start! Ambassadeurs Arno en Sanne waren ook weer van de partij en lieten diverse gasten aanschuiven aan hun beursstudiotafel.","still":"https:\/\/img-opt.cdn.smartvod.com\/smartvod\/images\/videoland\/data\/images\/f\/9\/626a867eb6f5b_[format].jpg","runtime":1320,"editions":{"hd":{"price":0}},"is_downloadable":false},"E97442":{"id":97442,"ref":"E97442","type":"episode","position":2,"title":"","description":"Arno bezoekt de Costa Blanca en Fred laat er zien dat je hier in Spanje meer huis voor je geld krijgt. Sanne zit nog in de sneeuw en krijgt haar eerste lessen langlaufen. Ook geeft Ralph haar een rondleiding in een showwoning. Arno onderzoekt de mogelijkheden voor een woning in Dubai tijdens een launch party. Op de SH Beurs praten Jeroen, Maarten en Patricia over hun bijzondere bedrijf en schuift Laurens aan voor advies over vermogensopbouw.","still":"https:\/\/img-opt.cdn.smartvod.com\/smartvod\/images\/videoland\/data\/images\/j\/7\/62456d10d5dfc_[format].jpg","runtime":1320,"editions":{"hd":{"price":0}},"is_downloadable":false},"E97440":{"id":97440,"ref":"E97440","type":"episode","position":3,"title":"","description":"Sanne is in Loul\u00e9, Portugal, waar Gerard haar de bouw van een nieuw vijfsterrenresort laat zien. Vervolgens vliegt ze naar de besneeuwde hellingen van het Silvretta Montafon-skigebied. In de wekelijkse Second Home-rubriek schuift Theodora aan voor tips over Florida, viert Mark feest vanwege het 25-jarig bestaan van zijn Spaanse organisatie en geeft Arno uitleg over FIRE, de nieuwe trend in beleggen. Tot slot heeft Sanne nog interieurtips.","still":"https:\/\/img-opt.cdn.smartvod.com\/smartvod\/images\/videoland\/data\/images\/g\/z\/624e9a439515a_[format].jpg","runtime":1320,"editions":{"hd":{"price":0}},"is_downloadable":false},"E97557":{"id":97557,"ref":"E97557","type":"episode","position":4,"title":"","description":"Aan de Costa Blanca kijken Sanne en Arno terug naar hun bezoeken aan die regio met expat en pensionado Theo.  In Vorarlberg ontdekt Arno de geneugten van de stad Bludenz. In de studio op de Second Home Beurs schuift Tom aan van de beursorganisatie, vertelt Gerard over vakantiehuismogelijkheden in de Algarve en heeft financieel expert Laurens weer vermogenstips. Tot slot sluiten we af met een interieurtip van Sanne.","still":"https:\/\/img-opt.cdn.smartvod.com\/smartvod\/images\/videoland\/data\/images\/s\/u\/6257d9e5875e6_[format].jpg","runtime":1320,"editions":{"hd":{"price":0}},"is_downloadable":false}}}