{"id":500682,"ref":"S500682","type":"series","title":"Are You The One","year":2019,"rating":4,"poster":"https:\/\/img-opt.cdn.smartvod.com\/smartvod\/images\/videoland\/data\/images\/b\/j\/60c35821f18d4_[format].jpg","still":"https:\/\/img-opt.cdn.smartvod.com\/smartvod\/images\/videoland\/data\/images\/1\/o\/60cb0104f0e62_[format].jpg","cast":{},"genres":["Reality"],"refs":["SN4303","SN4304","SN4305","SN4309","SN4310","SN4311"],"is_adult":false,"is_kids":false,"is_available":true,"description":"Als jouw perfecte match voor je neus zou staan, zou je het dan doorhebben? Voor het meest ambitieuze datingexperiment ooit zijn tien single vrouwen geselecteerd en zijn er via een uitgebreid koppelproces tien single mannen gevonden die hun perfecte match zijn.","nicam":{"al":"Alle leeftijden","taalgebruik":"Grof Taalgebruik"},"language":"en","language_full":"Engels","details":{"SN4303":{"id":4303,"ref":"SN4303","type":"season","title":"1","position":1},"SN4304":{"id":4304,"ref":"SN4304","type":"season","title":"2","position":2},"SN4305":{"id":4305,"ref":"SN4305","type":"season","title":"4","position":4,"refs":["E88055","E88060","E88070","E88074","E88069","E88071","E88067","E88057","E88058","E88064"]},"SN4309":{"id":4309,"ref":"SN4309","type":"season","title":"6","position":6},"SN4310":{"id":4310,"ref":"SN4310","type":"season","title":"7","position":7},"SN4311":{"id":4311,"ref":"SN4311","type":"season","title":"8","position":8},"E88055":{"id":88055,"ref":"E88055","type":"episode","position":1,"title":"Perfect Match At First Sight","description":"20 singles arriveren op Hawa\u00ef om liefde te vinden en 1 miljoen dollar te winnen. Is er gelijk sprake van liefde op het eerste gezicht? Het wordt meteen ongemakkelijk tijdens de Match-Up-ceremonie.","still":"https:\/\/img-opt.cdn.smartvod.com\/smartvod\/images\/videoland\/data\/images\/g\/7\/60cb116b82afe_[format].jpg","runtime":2440,"editions":{"hd":{"price":0}},"is_downloadable":false},"E88060":{"id":88060,"ref":"E88060","type":"episode","position":2,"title":"Punch Drunk Love","description":"John ontploft na een onverwachtse wending in z'n relatie met Julia. De status van Asaf en Francesca is twijfelachtig als een tripje naar de Bonkkamer mislukt. Kaylen onthult iets over haar relatie met Gio waardoor het huis in shock is.","still":"https:\/\/img-opt.cdn.smartvod.com\/smartvod\/images\/videoland\/data\/images\/c\/v\/60cb13c4ca6a4_[format].jpg","runtime":2517,"editions":{"hd":{"price":0}},"is_downloadable":false},"E88070":{"id":88070,"ref":"E88070","type":"episode","position":3,"title":"She Don't Want You","description":"John flipt als Stephen Julia probeert te versieren. Tori en Camille richten hun pijlen op dezelfde jongen. De druk is hoog bij de 'gouden koppels' die naar het Waarheidshok moeten.","still":"https:\/\/img-opt.cdn.smartvod.com\/smartvod\/images\/videoland\/data\/images\/y\/6\/60cb118e8d9ed_[format].jpg","runtime":2517,"editions":{"hd":{"price":0}},"is_downloadable":false},"E88074":{"id":88074,"ref":"E88074","type":"episode","position":4,"title":"Three's A Crowd","description":"Het huis ligt overhoop wanneer de perfecte relatie van Gio en Kaylen geen stand houdt. Asaf heeft seks met de verkeerde persoon.","still":"https:\/\/img-opt.cdn.smartvod.com\/smartvod\/images\/videoland\/data\/images\/5\/l\/60cb1298a55b8_[format].jpg","runtime":2516,"editions":{"hd":{"price":0}},"is_downloadable":false},"E88069":{"id":88069,"ref":"E88069","type":"episode","position":5,"title":"Beer Goggles","description":"Iedereen is gespannen door de saga van Gio en Kaylen terwijl Gio achter Julia aan gaat, en alle andere meiden in het huis. Cam en Victoria hebben een avond die ze maar snel moeten vergeten.","still":"https:\/\/img-opt.cdn.smartvod.com\/smartvod\/images\/videoland\/data\/images\/v\/u\/60cb106639902_[format].jpg","runtime":2517,"editions":{"hd":{"price":0}},"is_downloadable":false},"E88071":{"id":88071,"ref":"E88071","type":"episode","position":6,"title":"Mamma's Boys","description":"De jongens laten zich van hun zachte kant zien als hun moeders beschamende feitjes onthullen. Stephen wordt parano\u00efde van Gio's interesse in Julia. Francesca valt voor Gio's trucjes.","still":"https:\/\/img-opt.cdn.smartvod.com\/smartvod\/images\/videoland\/data\/images\/u\/5\/60cb12a2a0e91_[format].jpg","runtime":2516,"editions":{"hd":{"price":0}},"is_downloadable":false},"E88067":{"id":88067,"ref":"E88067","type":"episode","position":7,"title":"Pulling Punches","description":"Een Adam en Eva-feest zorgt voor jaloezie wanneer de stelletjes andere mensen opzoeken. Er ontstaat een zeshoeksverhouding en er wordt gevochten als John, Tyler, Stephen en Gio hun gevoelens proberen te begrijpen.","still":"https:\/\/img-opt.cdn.smartvod.com\/smartvod\/images\/videoland\/data\/images\/s\/c\/60cb12b4c0f9e_[format].jpg","runtime":2516,"editions":{"hd":{"price":0}},"is_downloadable":false},"E88057":{"id":88057,"ref":"E88057","type":"episode","position":8,"title":"Great Ex-pectations","description":"Voor een g\u00eanante uitdaging komen de exen van de mannen over hen roddelen. Gio en Stephan komen eindelijk achter de waarheid over Julia.","still":"https:\/\/img-opt.cdn.smartvod.com\/smartvod\/images\/videoland\/data\/images\/b\/5\/60cb150771965_[format].jpg","runtime":2517,"editions":{"hd":{"price":0}},"is_downloadable":false},"E88058":{"id":88058,"ref":"E88058","type":"episode","position":9,"title":"Third Eye Blind","description":"Oude conflicten bereiken het kookpunt en alles stort in als een epische ruzie voor tranen zorgt. Er zijn nog twee Match-Ups te gaan en het huis probeert een strategie te bedenken om te winnen.","still":"https:\/\/img-opt.cdn.smartvod.com\/smartvod\/images\/videoland\/data\/images\/c\/5\/60cb161b0ffb0_[format].jpg","runtime":2516,"editions":{"hd":{"price":0}},"is_downloadable":false},"E88064":{"id":88064,"ref":"E88064","type":"episode","position":10,"title":"All Or Nothing","description":"Het is alles of niets in de tiende en laatste Match-Up-ceremonie. De strategie van de groep wijst op bepaalde matches, maar Asaf twijfelt of hij z'n hart moet volgen of een teamspeler moet zijn.","still":"https:\/\/img-opt.cdn.smartvod.com\/smartvod\/images\/videoland\/data\/images\/2\/q\/60cb12c47d9c5_[format].jpg","runtime":2498,"editions":{"hd":{"price":0}},"is_downloadable":false}}}