{"id":500639,"ref":"S500639","type":"series","title":"AlpenHaus!","year":2022,"rating":4,"poster":"https:\/\/img-opt.cdn.smartvod.com\/smartvod\/images\/videoland\/data\/images\/y\/f\/62fcbb6159a5a_[format].jpg","still":"https:\/\/img-opt.cdn.smartvod.com\/smartvod\/images\/videoland\/data\/images\/n\/9\/6307369e1efaf_[format].jpg","cast":{"actors":["Arno Raymakers"]},"genres":["Consument","Lifestyle"],"refs":["SN4158","SN4575","SN4819","SN5176"],"is_adult":false,"is_kids":false,"is_available":true,"description":"Arno Raymakers gaat op zoek naar het succesverhaal achter de Nederlandse ondernemer Ralph, die aan het hoofd van een organisatie met meer dan tweehonderd werknemers, tientallen resorts en bijna 500 accommodaties in Oostenrijk. In deze wintereditie neemt Arno je mee naar de diverse regio's waar Ralphs 'Alpin Family' actief is. Hij laat zien hoe mooi de omgeving is en wat voor spannende winterse activiteiten je daar kunt beleven.","nicam":{"al":"Alle leeftijden"},"language":"nl","language_full":"Nederlands","details":{"SN4158":{"id":4158,"ref":"SN4158","type":"season","title":"1","position":1},"SN4575":{"id":4575,"ref":"SN4575","type":"season","title":"2","position":2},"SN4819":{"id":4819,"ref":"SN4819","type":"season","title":"3","position":3,"refs":["E95825","E96176","E96348","E96631"]},"SN5176":{"id":5176,"ref":"SN5176","type":"season","title":"4","position":4},"E95825":{"id":95825,"ref":"E95825","type":"episode","position":1,"title":"","description":"Sanne en Arno zijn terug in de Alpen. Ook dit seizoen volgen ze de succesvolle Nederlandse ondernemer Ralph. Arno maakt met hem per helikopter een rondje langs alle resorts, geniet van zijn nieuwe logeeradres en neemt een kijkje bij de een fotoshoot. Sanne leert van chef Matt hoe je sushi maakt. Vervolgens vertrekt ze naar Montafon. Ze ontdekt de regio per arrenslee en daarna laat Ralph haar kennismaken met een nieuw hotelproject.","still":"https:\/\/img-opt.cdn.smartvod.com\/smartvod\/images\/videoland\/data\/images\/j\/i\/6218dd8d7a147_[format].jpg","runtime":1320,"editions":{"hd":{"price":0}},"is_downloadable":false},"E96176":{"id":96176,"ref":"E96176","type":"episode","position":2,"title":"","description":"Sanne is in Montafon en gaat samen met de Nederlandse Katharina de berg de Hochjoch verkennen. Na de tocht wordt gedineerd in een uniek decor: een skilift! Met vastgoedspecialist Gerard bezoekt ze vervolgens het allernieuwste Alpin Family-project en 's avonds mag ze plaats nemen in een pistenbully! Arno is ondertussen in Leogang. Samen met Ralph probeert hij de ski's uit van achtvoudig wereldkampioen Marcel Hirscher, waarna hij ook die skifabriek bezoekt.","still":"https:\/\/img-opt.cdn.smartvod.com\/smartvod\/images\/videoland\/data\/images\/n\/p\/6222192f78ff1_[format].jpg","runtime":1320,"editions":{"hd":{"price":0}},"is_downloadable":false},"E96348":{"id":96348,"ref":"E96348","type":"episode","position":3,"title":"","description":"Arno gaat in Leogang ski\u00ebn met skileraar Tim. In Zell am See heeft hij vervolgens een afspraak met Ralph. De sloop van twee huizen luidt daar de start in van een nieuw resort. In Stuhlfelden beleven ze s' avonds een uniek culinair avontuur en de volgende dag wordt koers gezet naar K\u00fchtai. Sanne is in Gargellen met Bonny en Gerard aan het sneeuwschoenwandelen. Ook laat ze ons het hagelnieuwe Silvretta Park zien.","still":"https:\/\/img-opt.cdn.smartvod.com\/smartvod\/images\/videoland\/data\/images\/0\/w\/622f7ba1917e2_[format].jpg","runtime":1320,"editions":{"hd":{"price":0}},"is_downloadable":false},"E96631":{"id":96631,"ref":"E96631","type":"episode","position":4,"title":"","description":"Sanne ontdekt met Ralph het schitterende Nova-skigebied waar hij alles vertelt over het nieuwe resort in Montafon. 's Avonds gaat ze op avontuur in het donker: nachtrodelen! Arno heeft in K\u00fchtai een ski-date met de Nederlandse skilerares Michelle uit Innsbruck. De dag eindigt met de Zieseltoer, een tocht met een rupsbandvoertuig. Tot slot keert hij terug naar Zell am See waar Ralph over zijn eerste stappen als ondernemer vertelt.","still":"https:\/\/img-opt.cdn.smartvod.com\/smartvod\/images\/videoland\/data\/images\/k\/9\/62389eae7f884_[format].jpg","runtime":1320,"editions":{"hd":{"price":0}},"is_downloadable":false}}}