{"id":500160,"ref":"S500160","type":"series","title":"Kees van der Spek: Oplichters Aangepakt","year":2021,"rating":4,"poster":"https:\/\/img-opt.cdn.smartvod.com\/smartvod\/images\/videoland\/data\/images\/p\/p\/5db2b074b41e2_[format].jpg","still":"https:\/\/img-opt.cdn.smartvod.com\/smartvod\/images\/videoland\/data\/images\/q\/t\/6255bbd151da3_[format].jpg","cast":{"actors":["Kees van der Spek"]},"genres":[],"refs":["SN3222","SN3016","SN3696","SN3826","SN4205","SN4876"],"is_adult":false,"is_kids":false,"is_available":true,"description":"Programma waarin Kees van der Spek met de verborgen camera de wijde wereld intrekt en oplichters, fraudeurs, afpersers en andere criminelen ontmaskert. Niet alleen in het buitenland, maar ook op eigen bodem doet Van der Spek spraakmakende onthullingen. Dat leidt soms tot pittige confrontaties met de oplichters.","nicam":{"al":"Alle leeftijden","taalgebruik":"Grof Taalgebruik"},"language":"nl","language_full":"Nederlands","details":{"SN3222":{"id":3222,"ref":"SN3222","type":"season","title":"1","position":1},"SN3016":{"id":3016,"ref":"SN3016","type":"season","title":"2","position":2,"refs":["E70026","E70040","E70041","E70037","E70036","E70025","E70046","E70050"]},"SN3696":{"id":3696,"ref":"SN3696","type":"season","title":"3","position":3},"SN3826":{"id":3826,"ref":"SN3826","type":"season","title":"4","position":4},"SN4205":{"id":4205,"ref":"SN4205","type":"season","title":"5","position":5},"SN4876":{"id":4876,"ref":"SN4876","type":"season","title":"6","position":6},"E70026":{"id":70026,"ref":"E70026","type":"episode","position":1,"title":"Nembutal","description":"Kees en zijn team komen een bende op het spoor die zich specialiseert in oplichting met zelfdodingsmiddelen. Een 81-jarige gedupeerde uit Oss vertelt zijn onthutsende verhaal en belandt ongewild in de onzekere positie dat hij niet weet of het door hem gekochte middel echt is. Terwijl Kees in een ver land de oplichters op de hielen zit, besluit de man het middel in te nemen.","still":"https:\/\/img-opt.cdn.smartvod.com\/smartvod\/images\/videoland\/data\/images\/q\/m\/5db80edfc9aaa_[format].jpg","runtime":2657,"editions":{"hd":{"price":0}},"is_downloadable":true},"E70040":{"id":70040,"ref":"E70040","type":"episode","position":2,"title":"Magda","description":"De alleenstaande moeder Magda wordt via internet verliefd op een knappe Amerikaan. Ze lijkt wel betoverd. De man blijkt een oplichter die haar veel geld afhandig maakt. Kees en zijn team zetten hightechapparatuur in en gaan naar hem op jacht. Ze belanden in Nigeria, waar Kees bovendien wordt ingewijd in de voodoorituelen die de oplichter gebruikte om Magda in zijn macht te krijgen.","still":"https:\/\/img-opt.cdn.smartvod.com\/smartvod\/images\/videoland\/data\/images\/3\/z\/5dbc403f1c14b_[format].jpg","runtime":2596,"editions":{"hd":{"price":0}},"is_downloadable":true},"E70041":{"id":70041,"ref":"E70041","type":"episode","position":3,"title":"Aruba","description":"Een oplichter uit Hilversum blijkt ook zijn eigen kinderen voor vele tienduizenden euro's te hebben gedupeerd. Hij is naar Aruba gevlucht, waar hij denkt veilig te zitten. Kees neemt zijn getraumatiseerde zoon en dochter, die dankzij hun vader zes jaar in de schuldsanering hebben gezeten, mee naar het eiland voor een zeer emotionele confrontatie.","still":"https:\/\/img-opt.cdn.smartvod.com\/smartvod\/images\/videoland\/data\/images\/u\/j\/5dc56808a83ed_[format].jpg","runtime":2569,"editions":{"hd":{"price":0}},"is_downloadable":true},"E70037":{"id":70037,"ref":"E70037","type":"episode","position":4,"title":"Karola","description":"De lichamelijk gehandicapte Karola heeft in haar leven zeer veel te verduren gehad. Op het internet zoekt ze steun voor haar verdriet. Maar in plaats van een schouder om uit te huilen, stuit ze op een man die haar van bijna 50.000 euro berooft. Kees en zijn team lokken de daders digitaal uit de tent en ontdekken dat ze zich schuilhouden in Itali\u00eb. Dit is het begin van een hachelijk avontuur.","still":"https:\/\/img-opt.cdn.smartvod.com\/smartvod\/images\/videoland\/data\/images\/v\/w\/5dcbdd8d98c7a_[format].jpg","runtime":2444,"editions":{"hd":{"price":0}},"is_downloadable":true},"E70036":{"id":70036,"ref":"E70036","type":"episode","position":5,"title":"Parijs en Milaan","description":"Parijs en Milaan, twee mondaine steden die bekend zijn van de mode, hebben een zeer verschillende keerzijde. In Milaan worden toeristen bij het station aangeklampt door bootvluchtelingen die voor de drugsmaffia blijken te werken en in Parijs zijn reizigers het slachtoffer van balletje-balletjespelers en nepcollectanten. Deze keer leidt het in de Franse hoofdstad tot een reeks heftige confrontaties.","still":"https:\/\/img-opt.cdn.smartvod.com\/smartvod\/images\/videoland\/data\/images\/6\/0\/5ddce73b94249_[format].jpg","runtime":2632,"editions":{"hd":{"price":0}},"is_downloadable":true},"E70025":{"id":70025,"ref":"E70025","type":"episode","position":6,"title":"Bitcoin-advertenties","description":"Kees gaat op jacht naar de daders achter de gewraakte bitcoin-advertenties op social media, waar de beeltenis van een dozijn bekende Nederlanders voor wordt misbruikt. Het wordt een spannende en ook gevaarlijke zoektocht via Siberi\u00eb naar Centraal-Afrika, waarbij de chauffeur van Kees en zijn cameraman worden gegijzeld door handlangers van de oplichters.","still":"https:\/\/img-opt.cdn.smartvod.com\/smartvod\/images\/videoland\/data\/images\/n\/1\/5de767834aad3_[format].jpg","runtime":2676,"editions":{"hd":{"price":0}},"is_downloadable":true},"E70046":{"id":70046,"ref":"E70046","type":"episode","position":7,"title":"De charlatan","description":"Kees en zijn team blijven deze keer in Nederland en onderzoeken de werkwijze van een oer-Hollandse charlatan. Een vijftiger die met gladde praatjes dames inpalmt en ze voor tienduizenden euro's oplicht. Zou de politie eindelijk in actie komen als twee ooggetuigen ook nog melden dat hij in het bezit is van een vuurwapen?","still":"https:\/\/img-opt.cdn.smartvod.com\/smartvod\/images\/videoland\/data\/images\/o\/m\/5def5083916b3_[format].jpg","runtime":2676,"editions":{"hd":{"price":0}},"is_downloadable":true},"E70050":{"id":70050,"ref":"E70050","type":"episode","position":8,"title":"Suriname","description":"Kees onderzoekt een vermissingszaak van veertig jaar geleden. De toen 38-jarige Willemijn van der Meer verdween spoorloos. Haar toenmalige echtgenoot verhuisde naar Suriname. Leeft hij nog?","still":"https:\/\/img-opt.cdn.smartvod.com\/smartvod\/images\/videoland\/data\/images\/1\/t\/5df8ed7d1d74e_[format].jpg","runtime":2684,"editions":{"hd":{"price":0}},"is_downloadable":true}}}