{"id":500106,"ref":"S500106","type":"series","title":"New Amsterdam","year":2020,"rating":4,"poster":"https:\/\/img-opt.cdn.smartvod.com\/smartvod\/images\/videoland\/data\/images\/y\/s\/629728f200281_[format].jpg","still":"https:\/\/img-opt.cdn.smartvod.com\/smartvod\/images\/videoland\/data\/images\/s\/m\/61e53f813bfb6_[format].jpg","cast":{"actors":["Ryan Eggold","Freema Agyeman","Janet Montgomery"]},"genres":["Drama"],"refs":["SN2919","SN3586","SN4527","SN5018"],"is_adult":false,"is_kids":false,"is_available":true,"description":"De charmante dokter Max Goodwin is de nieuwe medisch directeur van het oudste overheidsziekenhuis in Amerika. Hij is vastbesloten de bureaucratische werkwijze in het ziekenhuis overhoop te gooien om de pati\u00ebnten uitzonderlijke zorg te verlenen.","directors":["Kate Dennis"],"nicam":{"12":"Mogelijk schadelijk tot 12 jaar","geweld":"Geweld","angst":"Angst"},"language":"en","language_full":"Engels","details":{"SN2919":{"id":2919,"ref":"SN2919","type":"season","title":"1","position":1},"SN3586":{"id":3586,"ref":"SN3586","type":"season","title":"2","position":2},"SN4527":{"id":4527,"ref":"SN4527","type":"season","title":"3","position":3},"SN5018":{"id":5018,"ref":"SN5018","type":"season","title":"4","position":4,"refs":["E99407","E99405","E99400","E99402","E99401","E99404","E99399","E99403","E99406","E99414","E99410","E99416","E99409","E99413","E99417","E99412","E99418","E99419","E99415","E99411","E99420","E99408"]},"E99407":{"id":99407,"ref":"E99407","type":"episode","position":1,"title":"More Joy","description":"De relatie tussen Max en Sharpe wordt persoonlijker. Iggy schakelt een oude kennis in om te helpen bij een gespannen situatie in het ziekenhuis. Reynolds bevindt zich in een lastige positie met Dr. Baptiste en zijn vrouw, Dr. Lyn Malvo.","still":"https:\/\/img-opt.cdn.smartvod.com\/smartvod\/images\/videoland\/data\/images\/k\/l\/62bd55c454150_[format].jpg","runtime":2507,"editions":{"hd":{"price":0}},"is_downloadable":true},"E99405":{"id":99405,"ref":"E99405","type":"episode","position":2,"title":"We're In This Together","description":"Max adviseert een jonge studente op een wetenschapsbeurs. Bloom moedigt Dr. Shinwari aan om assertiever te zijn op de spoedeisende hulp. Iggy krijgt een lesje in nederigheid. Brantley heeft een verrassing voor het personeel.","still":"https:\/\/img-opt.cdn.smartvod.com\/smartvod\/images\/videoland\/data\/images\/x\/b\/62bd55c260881_[format].jpg","runtime":2478,"editions":{"hd":{"price":0}},"is_downloadable":true},"E99400":{"id":99400,"ref":"E99400","type":"episode","position":3,"title":"Same As It Ever Was","description":"Max en Sharpe maken hun relatie bekend aan het ziekenhuispersoneel. Het team krijgt te maken met een overvolle en onderbemande IC. Iedereen moet bijspringen. Iggy's zeer kritische feedback maakt hem niet populair bij zijn pati\u00ebnten.","still":"https:\/\/img-opt.cdn.smartvod.com\/smartvod\/images\/videoland\/data\/images\/r\/u\/62bd55ba87aa3_[format].jpg","runtime":2474,"editions":{"hd":{"price":0}},"is_downloadable":true},"E99402":{"id":99402,"ref":"E99402","type":"episode","position":4,"title":"Seed Money","description":"Max heeft moeite de budgetten rond te krijgen in het ziekenhuis. Dr. Sharpe wil graag vervolgonderzoeken voor kankerpati\u00ebnten bieden, voordat het te laat is. Bloom is niet blij met het nieuwe schema voor de nachttdiensten van Dr. Shinwari. Reynolds heeft een interessant gesprek met Dr. Malvo over hun toekomst.","still":"https:\/\/img-opt.cdn.smartvod.com\/smartvod\/images\/videoland\/data\/images\/m\/c\/62bd55c0964be_[format].jpg","runtime":2470,"editions":{"hd":{"price":0}},"is_downloadable":true},"E99401":{"id":99401,"ref":"E99401","type":"episode","position":5,"title":"This Be The Verse","description":"Dr. Veronica Fuentes is de nieuwe budgetgerichte administrateur van het ziekenhuis. Zij probeert de manier waarop Max de boel heeft geleid te veranderen. Max doet zijn uiterste best om een \u200b\u200bpati\u00ebnt in nood te helpen. Dr. Sharpe en Iggy liggen met elkaar overhoop over een ernstige kwestie. Bloom komt tot een schokkend besef over haar moeder.","still":"https:\/\/img-opt.cdn.smartvod.com\/smartvod\/images\/videoland\/data\/images\/o\/t\/62bd55bc7203e_[format].jpg","runtime":2478,"editions":{"hd":{"price":0}},"is_downloadable":true},"E99404":{"id":99404,"ref":"E99404","type":"episode","position":6,"title":"Laughter And Hope And A Sock In The Eye","description":"Dr. Reynolds en dr. Malvo hebben een openhartig gesprek met dr. Baptiste. Max komt iets meer te weten over Sharpe wanneer iemand uit haar verleden weer opduikt. Iggy speelt scheidsrechter tussen twee jonge pati\u00ebnten en hun families. Dr. Wilder heroverweegt Max' aanbod om bij de staf te komen.","still":"https:\/\/img-opt.cdn.smartvod.com\/smartvod\/images\/videoland\/data\/images\/9\/z\/62bd55ca01b33_[format].jpg","runtime":2471,"editions":{"hd":{"price":0}},"is_downloadable":true},"E99399":{"id":99399,"ref":"E99399","type":"episode","position":7,"title":"Harmony","description":"Max en Bloom zijn geschokt als een gevaarlijk plan aan het licht komt door een dodelijk ambulance-ongeluk. Dr. Fuentes zet Iggy onder druk om pati\u00ebnten aan te nemen. Sharpe realiseert zich dat haar bezuinigingen haar afdeling nadelig be\u00efnvloed hebben. Reynolds, Baptiste en Malvo streven naar een akkoord.","still":"https:\/\/img-opt.cdn.smartvod.com\/smartvod\/images\/videoland\/data\/images\/7\/8\/62bd55b86c4a1_[format].jpg","runtime":2472,"editions":{"hd":{"price":0}},"is_downloadable":true},"E99403":{"id":99403,"ref":"E99403","type":"episode","position":8,"title":"Paid In Full","description":"Max staat voor een ingrijpende beslissing wanneer New Amsterdam ten prooi valt aan een grootschalige ransomware-aanval. Het wordt duidelijk hoe kwetsbaar het ziekenhuis eigenlijk is.","still":"https:\/\/img-opt.cdn.smartvod.com\/smartvod\/images\/videoland\/data\/images\/3\/1\/62bd59350c494_[format].jpg","runtime":2477,"editions":{"hd":{"price":0}},"is_downloadable":true},"E99406":{"id":99406,"ref":"E99406","type":"episode","position":9,"title":"In A Strange Land","description":"Een brand vernietigt de kerk waar meerdere immigranten zonder papieren verbleven. Max neemt drastische maatregelen om ze te helpen. Sharpe en Malvo helpen een pati\u00ebnt met een levensbedreigende aandoening. Dr. Reynolds is in tweestrijd over zijn nieuwe functie. Brantley probeert de situatie met dr. Fuentes recht te zetten.","still":"https:\/\/img-opt.cdn.smartvod.com\/smartvod\/images\/videoland\/data\/images\/w\/0\/62bd55be75a14_[format].jpg","runtime":2473,"editions":{"hd":{"price":0}},"is_downloadable":true},"E99414":{"id":99414,"ref":"E99414","type":"episode","position":10,"title":"Death Is The Rule. Life Is The Exception","description":"Terwijl Max en dr. Sharpe zich voorbereiden op hun vertrek naar Londen, treft een dodelijk virus het ziekenhuis. Leyla confronteert Bloom met een geheim. Iggy heeft de moeilijke taak twee rouwende ouders onder ogen te laten zien dat hun zoon niet meer leeft.","still":"https:\/\/img-opt.cdn.smartvod.com\/smartvod\/images\/videoland\/data\/images\/m\/6\/62bd55d47929e_[format].jpg","runtime":2476,"editions":{"hd":{"price":0}},"is_downloadable":true},"E99410":{"id":99410,"ref":"E99410","type":"episode","position":11,"title":"Talkin' Bout A Revolution","description":"Max en Helen settelen in Londen en zijn daar erg gelukkig. Dr. Fuentes wordt medisch directeur, maar dit heeft desastreuze gevolgen. Bloom helpt een pati\u00ebnt die denkt dat hij vervloekt is. Iggy probeert zijn psychiatrische pati\u00ebnten aan een betaalde baan te helpen.","still":"https:\/\/img-opt.cdn.smartvod.com\/smartvod\/images\/videoland\/data\/images\/p\/h\/62bd55ab5cac8_[format].jpg","runtime":2504,"editions":{"hd":{"price":0}},"is_downloadable":true},"E99416":{"id":99416,"ref":"E99416","type":"episode","position":12,"title":"The Crossover","description":"Helen neemt de teugels in handen in het NHS Hampstead Hospital. Max gebruikt zijn creativiteit om een \u200b\u200bpati\u00ebnt in nood te helpen. Reynolds komt tot een besluit over Dr. Malvo. Iggy en Bloom helpen hun pati\u00ebnten de onderliggende oorzaak van hun stress te begrijpen. Dr. Wilder past ongebruikelijke technieken toe.","still":"https:\/\/img-opt.cdn.smartvod.com\/smartvod\/images\/videoland\/data\/images\/8\/u\/62bd55cc0c842_[format].jpg","runtime":2464,"editions":{"hd":{"price":0}},"is_downloadable":true},"E99409":{"id":99409,"ref":"E99409","type":"episode","position":13,"title":"Family","description":"Max en Helen raken eraan gewend om hun levens te delen. Toch blijken ze nog niet helemaal op dezelfde golflengte te zitten als Helen bezoek krijgt van haar moeder, die haar heel eigen kijk op hun relatie heeft. Bloom en Reynolds hebben hun handen vol aan een gezin dat betrokken is geraakt bij een ernstig auto-ongeluk. Iggy en Trevor komen nader tot elkaar als zakenpartners.","still":"https:\/\/img-opt.cdn.smartvod.com\/smartvod\/images\/videoland\/data\/images\/v\/f\/62bd55cf06bfe_[format].jpg","runtime":2475,"editions":{"hd":{"price":0}},"is_downloadable":true},"E99413":{"id":99413,"ref":"E99413","type":"episode","position":14,"title":"...Unto The Breach","description":"Terwijl het team samenkomt na het verlies van een dierbare, beseffen Max en Helen hoezeer New Amsterdam is veranderd sinds hun vertrek. Bloom worstelt met een grote beslissing. Dr. Fuentes herinnert het team er nogmaals aan wie de touwtjes in handen heeft.","still":"https:\/\/img-opt.cdn.smartvod.com\/smartvod\/images\/videoland\/data\/images\/k\/c\/62bd55d0b4f4e_[format].jpg","runtime":2477,"editions":{"hd":{"price":0}},"is_downloadable":true},"E99417":{"id":99417,"ref":"E99417","type":"episode","position":15,"title":"Two Doors","description":"Max heeft een gedurfd plan om New Amsterdam te helpen voordat het te laat is. Reynolds en Dr. Fuentes kibbelen over de aanpak van een \u200b\u200briskante operatie. Dr. Wilder vraagt \u200b\u200bdr. Castries om hulp bij een terminale pati\u00ebnt met kanker. Iggy helpt een vader en zoon om te gaan met een gedeeld trauma.","still":"https:\/\/img-opt.cdn.smartvod.com\/smartvod\/images\/videoland\/data\/images\/r\/g\/62bd55d9d6f14_[format].jpg","runtime":2475,"editions":{"hd":{"price":0}},"is_downloadable":true},"E99412":{"id":99412,"ref":"E99412","type":"episode","position":16,"title":"All Night Long","description":"Het team van New Amsterdam gaat een avondje uit, maar moet de volgende dag de gevolgen daarvan onder ogen zien. Iggy helpt een mysterieuze pati\u00ebnt een trauma uit het verleden onder ogen te zien. Reynolds en dr. Malvo bespreken hun toekomst. Leyla heeft slecht nieuws voor Bloom.","still":"https:\/\/img-opt.cdn.smartvod.com\/smartvod\/images\/videoland\/data\/images\/3\/y\/62bd56d94fb88_[format].jpg","runtime":2475,"editions":{"hd":{"price":0}},"is_downloadable":true},"E99418":{"id":99418,"ref":"E99418","type":"episode","position":17,"title":"Unfinished Business","description":"Het team kampt nog steeds met de gevolgen van hun avondje uit. Max en Helen bespreken hun mogelijkheden voor de toekomst. Martin krijgt eindelijk te horen wat Iggy's geheim is. Reynolds en dr. Malvo bepalen hoe ze verder willen gaan met hun relatie.","still":"https:\/\/img-opt.cdn.smartvod.com\/smartvod\/images\/videoland\/data\/images\/9\/9\/62bd55d657cb5_[format].jpg","runtime":2475,"editions":{"hd":{"price":0}},"is_downloadable":true},"E99419":{"id":99419,"ref":"E99419","type":"episode","position":18,"title":"No Ifs, And Or Buts","description":"Max bedenkt een plan zodat dr. Fuentes de laan uitgestuurd kan worden. Helen ziet haar medische complicatie onder ogen. Iggy helpt twee pati\u00ebnten bij het verwerken van een relatiebreuk, waardoor hij moet nadenken over zijn eigen huwelijk. Bloom en dr. Castries komen tot overeenstemming.","still":"https:\/\/img-opt.cdn.smartvod.com\/smartvod\/images\/videoland\/data\/images\/k\/5\/62bd55c62bdb5_[format].jpg","runtime":2473,"editions":{"hd":{"price":0}},"is_downloadable":true},"E99415":{"id":99415,"ref":"E99415","type":"episode","position":19,"title":"Truth Be Told","description":"Max ontdekt een cruciale fout in het plan van dr. Fuentes om de medische kliniek van UMI te kopen, wat haar uiteindelijke ondergang zou kunnen betekenen. Bloom behandelt twee middelbare scholieren aan levensbedreigende verwondingen en ontdekt een gevaarlijke situatie. Reynolds helpt een broer en zus een familiecrisis het hoofd te bieden.","still":"https:\/\/img-opt.cdn.smartvod.com\/smartvod\/images\/videoland\/data\/images\/k\/f\/62bd55d2a2033_[format].jpg","runtime":2474,"editions":{"hd":{"price":0}},"is_downloadable":true},"E99411":{"id":99411,"ref":"E99411","type":"episode","position":20,"title":"Rise","description":"Max ontdekt dat de bezuinigingen van dr. Fuentes New Amsterdam ernstig beschadigen en besluit dat het nu of nooit is. Iggy heeft een ongebruikelijke benadering om door te dringen tot een jonge pati\u00ebnt in nood. Reynolds en Wilder voeren een riskante, levensreddende operatie uit bij een ongeboren tweeling.","still":"https:\/\/img-opt.cdn.smartvod.com\/smartvod\/images\/videoland\/data\/images\/9\/r\/62bd55ad78bc9_[format].jpg","runtime":2472,"editions":{"hd":{"price":0}},"is_downloadable":true},"E99420":{"id":99420,"ref":"E99420","type":"episode","position":21,"title":"Castles Made Of Sand","description":"Als een verpleeghuis haar deuren sluit, moet New Amsterdam noodgedwongen veel nieuwe pati\u00ebnten opnemen. Max worstelt met zijn besluit om terug te gaan naar Londen. Reynolds reageert zijn persoonlijke frustraties af op zijn afdeling, met bijna desastreuze gevolgen. Iggy's werk zet hem aan het denken over zijn huwelijk en persoonlijke leven.","still":"https:\/\/img-opt.cdn.smartvod.com\/smartvod\/images\/videoland\/data\/images\/c\/d\/62bd55d824a31_[format].jpg","runtime":2459,"editions":{"hd":{"price":0}},"is_downloadable":true},"E99408":{"id":99408,"ref":"E99408","type":"episode","position":22,"title":"I'll Be Your Shelter","description":"Een orkaan nadert New York. Bloom en het team haasten zich om de juiste voorbereidingen te treffen. Max en Helen maken plannen voor een intieme bruiloft in New York na haar terugkeer uit Londen. Iggy en Martin staan voor een belangrijke keuze. Reynolds gaat eindelijk in gesprek met zijn vader.","still":"https:\/\/img-opt.cdn.smartvod.com\/smartvod\/images\/videoland\/data\/images\/i\/j\/62bd55c834b06_[format].jpg","runtime":2473,"editions":{"hd":{"price":0}},"is_downloadable":true}}}