{"id":500374,"ref":"S500374","type":"series","title":"Het Huis Anubis","year":2009,"rating":4,"poster":"https:\/\/img-opt.cdn.smartvod.com\/smartvod\/images\/videoland\/data\/images\/m\/8\/5f251207a1e87_[format].jpg","still":"https:\/\/img-opt.cdn.smartvod.com\/smartvod\/images\/videoland\/data\/images\/4\/6\/5f2513da73606_[format].jpg","cast":{},"genres":["Kids","Drama"],"refs":["SN3529","SN3530","SN3531","SN3535"],"is_adult":false,"is_kids":true,"is_available":true,"description":"In een statig pand uit 1900, dat dienstdoet als internaat, wonen acht jongeren samen onder leiding van conci\u00ebrge Victor. Wanneer nieuwkomer Nienke als ontgroening een nacht moet doorbrengen op de zolder van het huis doet ze een bizarre ontdekking: het huis heeft een groot mysterie waar niemand iets van afweet.","nicam":{"9":"Mogelijk schadelijk tot 9 jaar","angst":"Angst","taalgebruik":"Grof Taalgebruik"},"language":"nl","language_full":"Nederlands","details":{"SN3529":{"id":3529,"ref":"SN3529","type":"season","title":"1","position":1},"SN3530":{"id":3530,"ref":"SN3530","type":"season","title":"2","position":2},"SN3531":{"id":3531,"ref":"SN3531","type":"season","title":"3","position":3},"SN3535":{"id":3535,"ref":"SN3535","type":"season","title":"4","position":4,"refs":["E75978","E75975","E75974","E75995","E75983","E76002","E75987","E75990","E76001","E75991","E75988","E75993","E75986","E75982","E76004","E76003","E75972","E75998","E75997","E76007","E76000","E75994","E75992","E75996","E76005","E76029","E76042","E76045","E76027","E76044","E76035","E76011","E76023","E76037","E76024","E76031","E76026","E76028","E76040","E76017","E76021","E76046","E76025","E76019","E76039","E76012","E76036","E76014","E76020","E76013"]},"E75978":{"id":75978,"ref":"E75978","type":"episode","position":1,"title":"","description":"Een groep tieners woont samen op een internaat. Als er een nieuwe leerling komt, stuiten ze op een groot mysterie. Want het huis heeft een verleden, een verborgen geschiedenis. En die hadden ze maar beter met rust kunnen laten...","still":"https:\/\/img-opt.cdn.smartvod.com\/smartvod\/images\/videoland\/data\/images\/i\/5\/5f2415d97699f_[format].jpg","runtime":921,"editions":{"hd":{"price":0}},"is_downloadable":true},"E75975":{"id":75975,"ref":"E75975","type":"episode","position":2,"title":"","description":"Een groep tieners woont samen op een internaat. Als er een nieuwe leerling komt, stuiten ze op een groot mysterie. Want het huis heeft een verleden, een verborgen geschiedenis. En die hadden ze maar beter met rust kunnen laten...","still":"https:\/\/img-opt.cdn.smartvod.com\/smartvod\/images\/videoland\/data\/images\/5\/u\/5f2415d7c71c0_[format].jpg","runtime":746,"editions":{"hd":{"price":0}},"is_downloadable":true},"E75974":{"id":75974,"ref":"E75974","type":"episode","position":3,"title":"","description":"Een groep tieners woont samen op een internaat. Als er een nieuwe leerling komt, stuiten ze op een groot mysterie. Want het huis heeft een verleden, een verborgen geschiedenis. En die hadden ze maar beter met rust kunnen laten...","still":"https:\/\/img-opt.cdn.smartvod.com\/smartvod\/images\/videoland\/data\/images\/b\/x\/5f2415d642223_[format].jpg","runtime":719,"editions":{"hd":{"price":0}},"is_downloadable":true},"E75995":{"id":75995,"ref":"E75995","type":"episode","position":4,"title":"","description":"Een groep tieners woont samen op een internaat. Als er een nieuwe leerling komt, stuiten ze op een groot mysterie. Want het huis heeft een verleden, een verborgen geschiedenis. En die hadden ze maar beter met rust kunnen laten...","still":"https:\/\/img-opt.cdn.smartvod.com\/smartvod\/images\/videoland\/data\/images\/b\/n\/5f2415eac2444_[format].jpg","runtime":734,"editions":{"hd":{"price":0}},"is_downloadable":true},"E75983":{"id":75983,"ref":"E75983","type":"episode","position":5,"title":"","description":"Een groep tieners woont samen op een internaat. Als er een nieuwe leerling komt, stuiten ze op een groot mysterie. Want het huis heeft een verleden, een verborgen geschiedenis. En die hadden ze maar beter met rust kunnen laten...","still":"https:\/\/img-opt.cdn.smartvod.com\/smartvod\/images\/videoland\/data\/images\/y\/m\/5f2415dc862b2_[format].jpg","runtime":733,"editions":{"hd":{"price":0}},"is_downloadable":true},"E76002":{"id":76002,"ref":"E76002","type":"episode","position":6,"title":"","description":"Een groep tieners woont samen op een internaat. Als er een nieuwe leerling komt, stuiten ze op een groot mysterie. Want het huis heeft een verleden, een verborgen geschiedenis. En die hadden ze maar beter met rust kunnen laten...","still":"https:\/\/img-opt.cdn.smartvod.com\/smartvod\/images\/videoland\/data\/images\/p\/g\/5f2416004c563_[format].jpg","runtime":760,"editions":{"hd":{"price":0}},"is_downloadable":true},"E75987":{"id":75987,"ref":"E75987","type":"episode","position":7,"title":"","description":"Een groep tieners woont samen op een internaat. Als er een nieuwe leerling komt, stuiten ze op een groot mysterie. Want het huis heeft een verleden, een verborgen geschiedenis. En die hadden ze maar beter met rust kunnen laten...","still":"https:\/\/img-opt.cdn.smartvod.com\/smartvod\/images\/videoland\/data\/images\/8\/t\/5f2415df93376_[format].jpg","runtime":761,"editions":{"hd":{"price":0}},"is_downloadable":true},"E75990":{"id":75990,"ref":"E75990","type":"episode","position":8,"title":"","description":"Een groep tieners woont samen op een internaat. Als er een nieuwe leerling komt, stuiten ze op een groot mysterie. Want het huis heeft een verleden, een verborgen geschiedenis. En die hadden ze maar beter met rust kunnen laten...","still":"https:\/\/img-opt.cdn.smartvod.com\/smartvod\/images\/videoland\/data\/images\/n\/w\/5f2415e2b5924_[format].jpg","runtime":764,"editions":{"hd":{"price":0}},"is_downloadable":true},"E76001":{"id":76001,"ref":"E76001","type":"episode","position":9,"title":"","description":"Een groep tieners woont samen op een internaat. Als er een nieuwe leerling komt, stuiten ze op een groot mysterie. Want het huis heeft een verleden, een verborgen geschiedenis. En die hadden ze maar beter met rust kunnen laten...","still":"https:\/\/img-opt.cdn.smartvod.com\/smartvod\/images\/videoland\/data\/images\/e\/t\/5f2415f30ca93_[format].jpg","runtime":800,"editions":{"hd":{"price":0}},"is_downloadable":true},"E75991":{"id":75991,"ref":"E75991","type":"episode","position":10,"title":"","description":"Een groep tieners woont samen op een internaat. Als er een nieuwe leerling komt, stuiten ze op een groot mysterie. Want het huis heeft een verleden, een verborgen geschiedenis. En die hadden ze maar beter met rust kunnen laten...","still":"https:\/\/img-opt.cdn.smartvod.com\/smartvod\/images\/videoland\/data\/images\/c\/z\/5f2415e477c02_[format].jpg","runtime":748,"editions":{"hd":{"price":0}},"is_downloadable":true},"E75988":{"id":75988,"ref":"E75988","type":"episode","position":11,"title":"","description":"Een groep tieners woont samen op een internaat. Als er een nieuwe leerling komt, stuiten ze op een groot mysterie. Want het huis heeft een verleden, een verborgen geschiedenis. En die hadden ze maar beter met rust kunnen laten...","still":"https:\/\/img-opt.cdn.smartvod.com\/smartvod\/images\/videoland\/data\/images\/5\/7\/5f2415e138f2d_[format].jpg","runtime":720,"editions":{"hd":{"price":0}},"is_downloadable":true},"E75993":{"id":75993,"ref":"E75993","type":"episode","position":12,"title":"","description":"Een groep tieners woont samen op een internaat. Als er een nieuwe leerling komt, stuiten ze op een groot mysterie. Want het huis heeft een verleden, een verborgen geschiedenis. En die hadden ze maar beter met rust kunnen laten...","still":"https:\/\/img-opt.cdn.smartvod.com\/smartvod\/images\/videoland\/data\/images\/2\/c\/5f2415e78a453_[format].jpg","runtime":774,"editions":{"hd":{"price":0}},"is_downloadable":true},"E75986":{"id":75986,"ref":"E75986","type":"episode","position":13,"title":"","description":"Een groep tieners woont samen op een internaat. Als er een nieuwe leerling komt, stuiten ze op een groot mysterie. Want het huis heeft een verleden, een verborgen geschiedenis. En die hadden ze maar beter met rust kunnen laten...","still":"https:\/\/img-opt.cdn.smartvod.com\/smartvod\/images\/videoland\/data\/images\/p\/t\/5f2415de2a85a_[format].jpg","runtime":771,"editions":{"hd":{"price":0}},"is_downloadable":true},"E75982":{"id":75982,"ref":"E75982","type":"episode","position":14,"title":"","description":"Een groep tieners woont samen op een internaat. Als er een nieuwe leerling komt, stuiten ze op een groot mysterie. Want het huis heeft een verleden, een verborgen geschiedenis. En die hadden ze maar beter met rust kunnen laten...","still":"https:\/\/img-opt.cdn.smartvod.com\/smartvod\/images\/videoland\/data\/images\/y\/z\/5f2415db0c083_[format].jpg","runtime":797,"editions":{"hd":{"price":0}},"is_downloadable":true},"E76004":{"id":76004,"ref":"E76004","type":"episode","position":15,"title":"","description":"Een groep tieners woont samen op een internaat. Als er een nieuwe leerling komt, stuiten ze op een groot mysterie. Want het huis heeft een verleden, een verborgen geschiedenis. En die hadden ze maar beter met rust kunnen laten...","still":"https:\/\/img-opt.cdn.smartvod.com\/smartvod\/images\/videoland\/data\/images\/l\/d\/5f24160387a42_[format].jpg","runtime":716,"editions":{"hd":{"price":0}},"is_downloadable":true},"E76003":{"id":76003,"ref":"E76003","type":"episode","position":16,"title":"","description":"Een groep tieners woont samen op een internaat. Als er een nieuwe leerling komt, stuiten ze op een groot mysterie. Want het huis heeft een verleden, een verborgen geschiedenis. En die hadden ze maar beter met rust kunnen laten...","still":"https:\/\/img-opt.cdn.smartvod.com\/smartvod\/images\/videoland\/data\/images\/1\/k\/5f241601df09d_[format].jpg","runtime":788,"editions":{"hd":{"price":0}},"is_downloadable":true},"E75972":{"id":75972,"ref":"E75972","type":"episode","position":17,"title":"","description":"Een groep tieners woont samen op een internaat. Als er een nieuwe leerling komt, stuiten ze op een groot mysterie. Want het huis heeft een verleden, een verborgen geschiedenis. En die hadden ze maar beter met rust kunnen laten...","still":"https:\/\/img-opt.cdn.smartvod.com\/smartvod\/images\/videoland\/data\/images\/d\/h\/5f2415d4b15c5_[format].jpg","runtime":763,"editions":{"hd":{"price":0}},"is_downloadable":true},"E75998":{"id":75998,"ref":"E75998","type":"episode","position":18,"title":"","description":"Een groep tieners woont samen op een internaat. Als er een nieuwe leerling komt, stuiten ze op een groot mysterie. Want het huis heeft een verleden, een verborgen geschiedenis. En die hadden ze maar beter met rust kunnen laten...","still":"https:\/\/img-opt.cdn.smartvod.com\/smartvod\/images\/videoland\/data\/images\/r\/4\/5f2415f00b08f_[format].jpg","runtime":794,"editions":{"hd":{"price":0}},"is_downloadable":true},"E75997":{"id":75997,"ref":"E75997","type":"episode","position":19,"title":"","description":"Een groep tieners woont samen op een internaat. Als er een nieuwe leerling komt, stuiten ze op een groot mysterie. Want het huis heeft een verleden, een verborgen geschiedenis. En die hadden ze maar beter met rust kunnen laten...","still":"https:\/\/img-opt.cdn.smartvod.com\/smartvod\/images\/videoland\/data\/images\/4\/u\/5f2415ee55a0c_[format].jpg","runtime":726,"editions":{"hd":{"price":0}},"is_downloadable":true},"E76007":{"id":76007,"ref":"E76007","type":"episode","position":20,"title":"","description":"Een groep tieners woont samen op een internaat. Als er een nieuwe leerling komt, stuiten ze op een groot mysterie. Want het huis heeft een verleden, een verborgen geschiedenis. En die hadden ze maar beter met rust kunnen laten...","still":"https:\/\/img-opt.cdn.smartvod.com\/smartvod\/images\/videoland\/data\/images\/2\/e\/5f241606ca201_[format].jpg","runtime":714,"editions":{"hd":{"price":0}},"is_downloadable":true},"E76000":{"id":76000,"ref":"E76000","type":"episode","position":21,"title":"","description":"Een groep tieners woont samen op een internaat. Als er een nieuwe leerling komt, stuiten ze op een groot mysterie. Want het huis heeft een verleden, een verborgen geschiedenis. En die hadden ze maar beter met rust kunnen laten...","still":"https:\/\/img-opt.cdn.smartvod.com\/smartvod\/images\/videoland\/data\/images\/y\/5\/5f2415f18b7e7_[format].jpg","runtime":728,"editions":{"hd":{"price":0}},"is_downloadable":true},"E75994":{"id":75994,"ref":"E75994","type":"episode","position":22,"title":"","description":"Een groep tieners woont samen op een internaat. Als er een nieuwe leerling komt, stuiten ze op een groot mysterie. Want het huis heeft een verleden, een verborgen geschiedenis. En die hadden ze maar beter met rust kunnen laten...","still":"https:\/\/img-opt.cdn.smartvod.com\/smartvod\/images\/videoland\/data\/images\/v\/m\/5f2415e9285ff_[format].jpg","runtime":727,"editions":{"hd":{"price":0}},"is_downloadable":true},"E75992":{"id":75992,"ref":"E75992","type":"episode","position":23,"title":"","description":"Een groep tieners woont samen op een internaat. Als er een nieuwe leerling komt, stuiten ze op een groot mysterie. Want het huis heeft een verleden, een verborgen geschiedenis. En die hadden ze maar beter met rust kunnen laten...","still":"https:\/\/img-opt.cdn.smartvod.com\/smartvod\/images\/videoland\/data\/images\/e\/b\/5f2415e603f1b_[format].jpg","runtime":732,"editions":{"hd":{"price":0}},"is_downloadable":true},"E75996":{"id":75996,"ref":"E75996","type":"episode","position":24,"title":"","description":"Een groep tieners woont samen op een internaat. Als er een nieuwe leerling komt, stuiten ze op een groot mysterie. Want het huis heeft een verleden, een verborgen geschiedenis. En die hadden ze maar beter met rust kunnen laten...","still":"https:\/\/img-opt.cdn.smartvod.com\/smartvod\/images\/videoland\/data\/images\/8\/d\/5f2415ec607f7_[format].jpg","runtime":762,"editions":{"hd":{"price":0}},"is_downloadable":true},"E76005":{"id":76005,"ref":"E76005","type":"episode","position":25,"title":"","description":"Een groep tieners woont samen op een internaat. Als er een nieuwe leerling komt, stuiten ze op een groot mysterie. Want het huis heeft een verleden, een verborgen geschiedenis. En die hadden ze maar beter met rust kunnen laten...","still":"https:\/\/img-opt.cdn.smartvod.com\/smartvod\/images\/videoland\/data\/images\/x\/1\/5f2416054343c_[format].jpg","runtime":761,"editions":{"hd":{"price":0}},"is_downloadable":true},"E76029":{"id":76029,"ref":"E76029","type":"episode","position":26,"title":"","description":"Een groep tieners woont samen op een internaat. Als er een nieuwe leerling komt, stuiten ze op een groot mysterie. Want het huis heeft een verleden, een verborgen geschiedenis. En die hadden ze maar beter met rust kunnen laten...","still":"https:\/\/img-opt.cdn.smartvod.com\/smartvod\/images\/videoland\/data\/images\/j\/r\/5f24161fa6630_[format].jpg","runtime":760,"editions":{"hd":{"price":0}},"is_downloadable":true},"E76042":{"id":76042,"ref":"E76042","type":"episode","position":27,"title":"","description":"Een groep tieners woont samen op een internaat. Als er een nieuwe leerling komt, stuiten ze op een groot mysterie. Want het huis heeft een verleden, een verborgen geschiedenis. En die hadden ze maar beter met rust kunnen laten...","still":"https:\/\/img-opt.cdn.smartvod.com\/smartvod\/images\/videoland\/data\/images\/s\/f\/5f24162c4778d_[format].jpg","runtime":763,"editions":{"hd":{"price":0}},"is_downloadable":true},"E76045":{"id":76045,"ref":"E76045","type":"episode","position":28,"title":"","description":"Een groep tieners woont samen op een internaat. Als er een nieuwe leerling komt, stuiten ze op een groot mysterie. Want het huis heeft een verleden, een verborgen geschiedenis. En die hadden ze maar beter met rust kunnen laten...","still":"https:\/\/img-opt.cdn.smartvod.com\/smartvod\/images\/videoland\/data\/images\/0\/b\/5f24162ff2ca4_[format].jpg","runtime":755,"editions":{"hd":{"price":0}},"is_downloadable":true},"E76027":{"id":76027,"ref":"E76027","type":"episode","position":29,"title":"","description":"Een groep tieners woont samen op een internaat. Als er een nieuwe leerling komt, stuiten ze op een groot mysterie. Want het huis heeft een verleden, een verborgen geschiedenis. En die hadden ze maar beter met rust kunnen laten...","still":"https:\/\/img-opt.cdn.smartvod.com\/smartvod\/images\/videoland\/data\/images\/y\/j\/5f24161c4b4bf_[format].jpg","runtime":758,"editions":{"hd":{"price":0}},"is_downloadable":true},"E76044":{"id":76044,"ref":"E76044","type":"episode","position":30,"title":"","description":"Een groep tieners woont samen op een internaat. Als er een nieuwe leerling komt, stuiten ze op een groot mysterie. Want het huis heeft een verleden, een verborgen geschiedenis. En die hadden ze maar beter met rust kunnen laten...","still":"https:\/\/img-opt.cdn.smartvod.com\/smartvod\/images\/videoland\/data\/images\/f\/q\/5f241631c7d75_[format].jpg","runtime":725,"editions":{"hd":{"price":0}},"is_downloadable":true},"E76035":{"id":76035,"ref":"E76035","type":"episode","position":31,"title":"","description":"Een groep tieners woont samen op een internaat. Als er een nieuwe leerling komt, stuiten ze op een groot mysterie. Want het huis heeft een verleden, een verborgen geschiedenis. En die hadden ze maar beter met rust kunnen laten...","still":"https:\/\/img-opt.cdn.smartvod.com\/smartvod\/images\/videoland\/data\/images\/t\/2\/5f241622c7e2e_[format].jpg","runtime":762,"editions":{"hd":{"price":0}},"is_downloadable":true},"E76011":{"id":76011,"ref":"E76011","type":"episode","position":32,"title":"","description":"Een groep tieners woont samen op een internaat. Als er een nieuwe leerling komt, stuiten ze op een groot mysterie. Want het huis heeft een verleden, een verborgen geschiedenis. En die hadden ze maar beter met rust kunnen laten...","still":"https:\/\/img-opt.cdn.smartvod.com\/smartvod\/images\/videoland\/data\/images\/g\/e\/5f24160871594_[format].jpg","runtime":765,"editions":{"hd":{"price":0}},"is_downloadable":true},"E76023":{"id":76023,"ref":"E76023","type":"episode","position":33,"title":"","description":"Een groep tieners woont samen op een internaat. Als er een nieuwe leerling komt, stuiten ze op een groot mysterie. Want het huis heeft een verleden, een verborgen geschiedenis. En die hadden ze maar beter met rust kunnen laten...","still":"https:\/\/img-opt.cdn.smartvod.com\/smartvod\/images\/videoland\/data\/images\/3\/2\/5f24161558066_[format].jpg","runtime":774,"editions":{"hd":{"price":0}},"is_downloadable":true},"E76037":{"id":76037,"ref":"E76037","type":"episode","position":34,"title":"","description":"Een groep tieners woont samen op een internaat. Als er een nieuwe leerling komt, stuiten ze op een groot mysterie. Want het huis heeft een verleden, een verborgen geschiedenis. En die hadden ze maar beter met rust kunnen laten...","still":"https:\/\/img-opt.cdn.smartvod.com\/smartvod\/images\/videoland\/data\/images\/c\/u\/5f2416275c657_[format].jpg","runtime":806,"editions":{"hd":{"price":0}},"is_downloadable":true},"E76024":{"id":76024,"ref":"E76024","type":"episode","position":35,"title":"","description":"Een groep tieners woont samen op een internaat. Als er een nieuwe leerling komt, stuiten ze op een groot mysterie. Want het huis heeft een verleden, een verborgen geschiedenis. En die hadden ze maar beter met rust kunnen laten...","still":"https:\/\/img-opt.cdn.smartvod.com\/smartvod\/images\/videoland\/data\/images\/7\/6\/5f241616e42b0_[format].jpg","runtime":761,"editions":{"hd":{"price":0}},"is_downloadable":true},"E76031":{"id":76031,"ref":"E76031","type":"episode","position":36,"title":"","description":"Een groep tieners woont samen op een internaat. Als er een nieuwe leerling komt, stuiten ze op een groot mysterie. Want het huis heeft een verleden, een verborgen geschiedenis. En die hadden ze maar beter met rust kunnen laten...","still":"https:\/\/img-opt.cdn.smartvod.com\/smartvod\/images\/videoland\/data\/images\/f\/9\/5f24162134f9e_[format].jpg","runtime":731,"editions":{"hd":{"price":0}},"is_downloadable":true},"E76026":{"id":76026,"ref":"E76026","type":"episode","position":37,"title":"","description":"Een groep tieners woont samen op een internaat. Als er een nieuwe leerling komt, stuiten ze op een groot mysterie. Want het huis heeft een verleden, een verborgen geschiedenis. En die hadden ze maar beter met rust kunnen laten...","still":"https:\/\/img-opt.cdn.smartvod.com\/smartvod\/images\/videoland\/data\/images\/5\/x\/5f24161a31154_[format].jpg","runtime":774,"editions":{"hd":{"price":0}},"is_downloadable":true},"E76028":{"id":76028,"ref":"E76028","type":"episode","position":38,"title":"","description":"Een groep tieners woont samen op een internaat. Als er een nieuwe leerling komt, stuiten ze op een groot mysterie. Want het huis heeft een verleden, een verborgen geschiedenis. En die hadden ze maar beter met rust kunnen laten...","still":"https:\/\/img-opt.cdn.smartvod.com\/smartvod\/images\/videoland\/data\/images\/l\/w\/5f24161e2e36b_[format].jpg","runtime":813,"editions":{"hd":{"price":0}},"is_downloadable":true},"E76040":{"id":76040,"ref":"E76040","type":"episode","position":39,"title":"","description":"Een groep tieners woont samen op een internaat. Als er een nieuwe leerling komt, stuiten ze op een groot mysterie. Want het huis heeft een verleden, een verborgen geschiedenis. En die hadden ze maar beter met rust kunnen laten...","still":"https:\/\/img-opt.cdn.smartvod.com\/smartvod\/images\/videoland\/data\/images\/n\/d\/5f24162a9dafa_[format].jpg","runtime":732,"editions":{"hd":{"price":0}},"is_downloadable":true},"E76017":{"id":76017,"ref":"E76017","type":"episode","position":40,"title":"","description":"Een groep tieners woont samen op een internaat. Als er een nieuwe leerling komt, stuiten ze op een groot mysterie. Want het huis heeft een verleden, een verborgen geschiedenis. En die hadden ze maar beter met rust kunnen laten...","still":"https:\/\/img-opt.cdn.smartvod.com\/smartvod\/images\/videoland\/data\/images\/s\/n\/5f24160f24119_[format].jpg","runtime":753,"editions":{"hd":{"price":0}},"is_downloadable":true},"E76021":{"id":76021,"ref":"E76021","type":"episode","position":41,"title":"","description":"Een groep tieners woont samen op een internaat. Als er een nieuwe leerling komt, stuiten ze op een groot mysterie. Want het huis heeft een verleden, een verborgen geschiedenis. En die hadden ze maar beter met rust kunnen laten...","still":"https:\/\/img-opt.cdn.smartvod.com\/smartvod\/images\/videoland\/data\/images\/2\/p\/5f241613c922f_[format].jpg","runtime":748,"editions":{"hd":{"price":0}},"is_downloadable":true},"E76046":{"id":76046,"ref":"E76046","type":"episode","position":42,"title":"","description":"Een groep tieners woont samen op een internaat. Als er een nieuwe leerling komt, stuiten ze op een groot mysterie. Want het huis heeft een verleden, een verborgen geschiedenis. En die hadden ze maar beter met rust kunnen laten...","still":"https:\/\/img-opt.cdn.smartvod.com\/smartvod\/images\/videoland\/data\/images\/y\/g\/5f23edffcc09a_[format].jpg","runtime":757,"editions":{"hd":{"price":0}},"is_downloadable":true},"E76025":{"id":76025,"ref":"E76025","type":"episode","position":43,"title":"","description":"Een groep tieners woont samen op een internaat. Als er een nieuwe leerling komt, stuiten ze op een groot mysterie. Want het huis heeft een verleden, een verborgen geschiedenis. En die hadden ze maar beter met rust kunnen laten...","still":"https:\/\/img-opt.cdn.smartvod.com\/smartvod\/images\/videoland\/data\/images\/3\/9\/5f241618a237e_[format].jpg","runtime":760,"editions":{"hd":{"price":0}},"is_downloadable":true},"E76019":{"id":76019,"ref":"E76019","type":"episode","position":44,"title":"","description":"Een groep tieners woont samen op een internaat. Als er een nieuwe leerling komt, stuiten ze op een groot mysterie. Want het huis heeft een verleden, een verborgen geschiedenis. En die hadden ze maar beter met rust kunnen laten...","still":"https:\/\/img-opt.cdn.smartvod.com\/smartvod\/images\/videoland\/data\/images\/1\/h\/5f241610d93c5_[format].jpg","runtime":764,"editions":{"hd":{"price":0}},"is_downloadable":true},"E76039":{"id":76039,"ref":"E76039","type":"episode","position":45,"title":"","description":"Een groep tieners woont samen op een internaat. Als er een nieuwe leerling komt, stuiten ze op een groot mysterie. Want het huis heeft een verleden, een verborgen geschiedenis. En die hadden ze maar beter met rust kunnen laten...","still":"https:\/\/img-opt.cdn.smartvod.com\/smartvod\/images\/videoland\/data\/images\/h\/0\/5f241629036f3_[format].jpg","runtime":796,"editions":{"hd":{"price":0}},"is_downloadable":true},"E76012":{"id":76012,"ref":"E76012","type":"episode","position":46,"title":"","description":"Een groep tieners woont samen op een internaat. Als er een nieuwe leerling komt, stuiten ze op een groot mysterie. Want het huis heeft een verleden, een verborgen geschiedenis. En die hadden ze maar beter met rust kunnen laten...","still":"https:\/\/img-opt.cdn.smartvod.com\/smartvod\/images\/videoland\/data\/images\/c\/9\/5f241609ec3e1_[format].jpg","runtime":891,"editions":{"hd":{"price":0}},"is_downloadable":true},"E76036":{"id":76036,"ref":"E76036","type":"episode","position":47,"title":"","description":"Een groep tieners woont samen op een internaat. Als er een nieuwe leerling komt, stuiten ze op een groot mysterie. Want het huis heeft een verleden, een verborgen geschiedenis. En die hadden ze maar beter met rust kunnen laten...","still":"https:\/\/img-opt.cdn.smartvod.com\/smartvod\/images\/videoland\/data\/images\/s\/9\/5f2416246ebcd_[format].jpg","runtime":749,"editions":{"hd":{"price":0}},"is_downloadable":true},"E76014":{"id":76014,"ref":"E76014","type":"episode","position":48,"title":"","description":"Een groep tieners woont samen op een internaat. Als er een nieuwe leerling komt, stuiten ze op een groot mysterie. Want het huis heeft een verleden, een verborgen geschiedenis. En die hadden ze maar beter met rust kunnen laten...","still":"https:\/\/img-opt.cdn.smartvod.com\/smartvod\/images\/videoland\/data\/images\/i\/4\/5f24160d91d25_[format].jpg","runtime":757,"editions":{"hd":{"price":0}},"is_downloadable":true},"E76020":{"id":76020,"ref":"E76020","type":"episode","position":49,"title":"","description":"Een groep tieners woont samen op een internaat. Als er een nieuwe leerling komt, stuiten ze op een groot mysterie. Want het huis heeft een verleden, een verborgen geschiedenis. En die hadden ze maar beter met rust kunnen laten...","still":"https:\/\/img-opt.cdn.smartvod.com\/smartvod\/images\/videoland\/data\/images\/4\/u\/5f2416124c463_[format].jpg","runtime":735,"editions":{"hd":{"price":0}},"is_downloadable":true},"E76013":{"id":76013,"ref":"E76013","type":"episode","position":50,"title":"","description":"Een groep tieners woont samen op een internaat. Als er een nieuwe leerling komt, stuiten ze op een groot mysterie. Want het huis heeft een verleden, een verborgen geschiedenis. En die hadden ze maar beter met rust kunnen laten...","still":"https:\/\/img-opt.cdn.smartvod.com\/smartvod\/images\/videoland\/data\/images\/1\/g\/5f24160bbfe52_[format].jpg","runtime":948,"editions":{"hd":{"price":0}},"is_downloadable":true}}}