{"id":500578,"ref":"S500578","type":"series","title":"Nederland Ontdekt","year":2022,"rating":4,"poster":"https:\/\/img-opt.cdn.smartvod.com\/smartvod\/images\/videoland\/data\/images\/m\/n\/6001aa836cfb9_[format].jpg","still":"https:\/\/img-opt.cdn.smartvod.com\/smartvod\/images\/videoland\/data\/images\/d\/7\/6321068715f9a_[format].jpg","cast":{"actors":["Inge de Bruijn"]},"genres":["Lifestyle"],"refs":["SN4031","SN4523","SN4779","SN5205"],"is_adult":false,"is_kids":false,"is_available":true,"description":"Presentatrice Inge de Bruijn neemt je mee naar de mooiste plekken binnen en buiten Nederland om te bezoeken. Met aandacht voor de nieuwste trends en ontwikkelingen op het gebied van lifestyle, travel, health en beauty.","nicam":{"al":"Alle leeftijden"},"language":"nl","language_full":"Nederlands","details":{"SN4031":{"id":4031,"ref":"SN4031","type":"season","title":"3","position":3},"SN4523":{"id":4523,"ref":"SN4523","type":"season","title":"4","position":4},"SN4779":{"id":4779,"ref":"SN4779","type":"season","title":"5","position":5,"refs":["E95319","E95395","E95924","E96142","E95831","E96172","E96358"]},"SN5205":{"id":5205,"ref":"SN5205","type":"season","title":"7","position":7},"E95319":{"id":95319,"ref":"E95319","type":"episode","position":1,"title":"","description":"Presentatrice Inge de Bruijn neemt je mee naar de mooiste plekken binnen en buiten Nederland om te bezoeken. Met aandacht voor de nieuwste trends en ontwikkelingen op het gebied van lifestyle, travel, health en beauty.","still":"https:\/\/img-opt.cdn.smartvod.com\/smartvod\/images\/videoland\/data\/images\/u\/w\/61f41a337d6cf_[format].jpg","runtime":1320,"editions":{"hd":{"price":0}},"is_downloadable":false},"E95395":{"id":95395,"ref":"E95395","type":"episode","position":2,"title":"","description":"Presentatrice Inge de Bruijn neemt je mee naar de mooiste plekken binnen en buiten Nederland om te bezoeken. Met aandacht voor de nieuwste trends en ontwikkelingen op het gebied van lifestyle, travel, health en beauty.","still":"https:\/\/img-opt.cdn.smartvod.com\/smartvod\/images\/videoland\/data\/images\/t\/c\/61f7f140ad20d_[format].jpg","runtime":1320,"editions":{"hd":{"price":0}},"is_downloadable":false},"E95924":{"id":95924,"ref":"E95924","type":"episode","position":3,"title":"","description":"Presentatrice Inge de Bruijn neemt je mee naar de mooiste plekken binnen en buiten Nederland om te bezoeken. Met aandacht voor de nieuwste trends en ontwikkelingen op het gebied van lifestyle, travel, health en beauty.","still":"https:\/\/img-opt.cdn.smartvod.com\/smartvod\/images\/videoland\/data\/images\/y\/v\/62067c5bb80a8_[format].jpg","runtime":1320,"editions":{"hd":{"price":0}},"is_downloadable":false},"E96142":{"id":96142,"ref":"E96142","type":"episode","position":4,"title":"","description":"Presentatrice Inge de Bruijn neemt je mee naar de mooiste plekken binnen en buiten Nederland om te bezoeken. Met aandacht voor de nieuwste trends en ontwikkelingen op het gebied van lifestyle, travel, health en beauty.","still":"https:\/\/img-opt.cdn.smartvod.com\/smartvod\/images\/videoland\/data\/images\/5\/g\/6212138d88a21_[format].jpg","runtime":1320,"editions":{"hd":{"price":0}},"is_downloadable":false},"E95831":{"id":95831,"ref":"E95831","type":"episode","position":5,"title":"","description":"Presentatrice Inge de Bruijn neemt je mee naar de mooiste plekken binnen en buiten Nederland om te bezoeken. Met aandacht voor de nieuwste trends en ontwikkelingen op het gebied van lifestyle, travel, health en beauty.","still":"https:\/\/img-opt.cdn.smartvod.com\/smartvod\/images\/videoland\/data\/images\/4\/4\/6218dea396a31_[format].jpg","runtime":1320,"editions":{"hd":{"price":0}},"is_downloadable":false},"E96172":{"id":96172,"ref":"E96172","type":"episode","position":6,"title":"","description":"Presentatrice Inge de Bruijn neemt je mee naar de mooiste plekken binnen en buiten Nederland om te bezoeken. Met aandacht voor de nieuwste trends en ontwikkelingen op het gebied van lifestyle, travel, health en beauty.","still":"https:\/\/img-opt.cdn.smartvod.com\/smartvod\/images\/videoland\/data\/images\/s\/2\/62221807bb6c0_[format].jpg","runtime":1320,"editions":{"hd":{"price":0}},"is_downloadable":false},"E96358":{"id":96358,"ref":"E96358","type":"episode","position":7,"title":"","description":"Presentatrice Inge de Bruijn neemt je mee naar de mooiste plekken binnen en buiten Nederland om te bezoeken. Met aandacht voor de nieuwste trends en ontwikkelingen op het gebied van lifestyle, travel, health en beauty.","still":"https:\/\/img-opt.cdn.smartvod.com\/smartvod\/images\/videoland\/data\/images\/o\/0\/622f7cce09f6f_[format].jpg","runtime":1320,"editions":{"hd":{"price":0}},"is_downloadable":false}}}