{"id":500465,"ref":"S500465","type":"series","title":"Veerkracht: Gevecht tegen Corona","year":2022,"rating":5,"poster":"https:\/\/img-opt.cdn.smartvod.com\/smartvod\/images\/videoland\/data\/images\/u\/g\/61dd839ca68c0_[format].jpg","still":"https:\/\/img-opt.cdn.smartvod.com\/smartvod\/images\/videoland\/data\/images\/i\/0\/5f5f8128d76fa_[format].jpg","cast":{},"genres":["Documentaire","Reality"],"refs":["SN3713","SN4772"],"is_adult":false,"is_kids":false,"is_available":true,"description":"Bernhoven is een klein regioziekenhuis in Uden, Noord-Brabant. Het ligt in het hart van de corona-uitbraak in Nederland. Er zijn 150 bedden, maar uiteindelijk moeten meer dan 600 mensen worden opgenomen. De artsen en verpleegkundigen draaien overuren en er is een gebrek aan bedden, mensen, materiaal en apparatuur. Maar inventiviteit, flexibiliteit en doorzettingsvermogen is er in overvloed. Een verhaal over menselijke veerkracht in een tijd van crisis.","nicam":{"9":"Mogelijk schadelijk tot 9 jaar","angst":"Angst"},"language":"nl","language_full":"Nederlands","details":{"SN3713":{"id":3713,"ref":"SN3713","type":"season","title":"1","position":1},"SN4772":{"id":4772,"ref":"SN4772","type":"season","title":"2","position":2,"refs":["E94311"]},"E94311":{"id":94311,"ref":"E94311","type":"episode","position":1,"title":"De Rek is Eruit","description":"We zijn terug in ziekenhuis Bernhoven in Uden. 20 maanden na de eerste coronagolf vecht het personeel nog altijd om het hoofd boven water te houden. Tijdens de vierde golf in december 2021 zet iedereen alle zeilen bij om code zwart af te wenden. De reguliere zorg wordt weer afgeschaald, er is een blijvend personeelstekort en bedden worden gesloten. De zorg loopt vast! Hoe houden de artsen en verplegers zich staande?","still":"https:\/\/img-opt.cdn.smartvod.com\/smartvod\/images\/videoland\/data\/images\/9\/c\/61dfe7bc6d255_[format].jpg","runtime":2357,"editions":{"hd":{"price":0}},"is_downloadable":true}}}