{"id":500245,"ref":"S500245","type":"series","title":"RTL GP Magazine","year":2022,"rating":4,"poster":"https:\/\/img-opt.cdn.smartvod.com\/smartvod\/images\/videoland\/data\/images\/k\/c\/63296a97195ab_[format].jpg","still":"https:\/\/img-opt.cdn.smartvod.com\/smartvod\/images\/videoland\/data\/images\/d\/i\/6349722452f29_[format].jpg","cast":{},"genres":["Informatief"],"refs":["SN3146","SN3939","SN4738","SN5215"],"is_adult":false,"is_kids":false,"is_available":true,"description":"Autosportprogramma met markante mannen, spectaculaire auto's en snelle motoren. Ga mee op bezoek bij beroemde autocoureurs en stap in zeldzame racewagens. Pure passie voor topsnelheid; riemen vast voor een fascinerende reis door de racewereld!","nicam":{"al":"Alle leeftijden"},"language":"nl","language_full":"Nederlands","details":{"SN3146":{"id":3146,"ref":"SN3146","type":"season","title":"4","position":4},"SN3939":{"id":3939,"ref":"SN3939","type":"season","title":"5","position":5},"SN4738":{"id":4738,"ref":"SN4738","type":"season","title":"6","position":6},"SN5215":{"id":5215,"ref":"SN5215","type":"season","title":"7","position":7,"refs":["E102724"]},"E102724":{"id":102724,"ref":"E102724","type":"episode","position":1,"title":"GP Magazine","description":"GP Magazine neemt je mee op een uniek reis door de racewereld. Met bijzondere coureurs aan tafel en legendarische raceauto's op het circuit. Pure raceromantiek: soms aangrijpend, vaak hilarisch en altijd boeiend!","still":"https:\/\/img-opt.cdn.smartvod.com\/smartvod\/images\/videoland\/data\/images\/d\/i\/6349722452f29_[format].jpg","runtime":1380,"editions":{"hd":{"price":0}},"is_downloadable":false}}}