{"id":500254,"ref":"S500254","type":"series","title":"Jinek","year":2022,"rating":5,"poster":"https:\/\/img-opt.cdn.smartvod.com\/smartvod\/images\/videoland\/data\/images\/7\/j\/612f713228e84_[format].jpg","still":"https:\/\/img-opt.cdn.smartvod.com\/smartvod\/images\/videoland\/data\/images\/7\/i\/612f7146bd3ef_[format].jpg","cast":{"actors":["Eva Jinek"]},"genres":["Talkshow en Interview"],"refs":["SN3160","SN3663","SN3984","SN4430","SN4844","SN5076"],"is_adult":false,"is_kids":false,"is_available":true,"description":"Eva Jinek voert het gesprek van de dag met de hoofdrolspelers uit de actualiteit. Journalistiek, scherp, onderhoudend en over onderwerpen uit de media, cultuur, sport en maatschappij.","nicam":{"6":"Mogelijk schadelijk tot 6 jaar","geweld":"Geweld","angst":"Angst","taalgebruik":"Grof Taalgebruik"},"language":"nl","language_full":"Nederlands","details":{"SN3160":{"id":3160,"ref":"SN3160","type":"season","title":"1","position":1},"SN3663":{"id":3663,"ref":"SN3663","type":"season","title":"2","position":2},"SN3984":{"id":3984,"ref":"SN3984","type":"season","title":"3","position":3},"SN4430":{"id":4430,"ref":"SN4430","type":"season","title":"4","position":4},"SN4844":{"id":4844,"ref":"SN4844","type":"season","title":"5","position":5,"refs":["E96240","E96207","E96203","E96211","E96194","E96191","E96200","E96224","E96212","E96210","E96363","E96392","E96372","E96605","E96590","E96699","E96688","E96712","E96717","E97041","E97081","E97073","E97054","E97062","E97095","E97124","E97152","E97156","E97332","E97462","E97490","E97488","E97517","E97520","E97594","E97587","E97579","E97615","E97603","E97981","E97963","E97989","E97973","E98056","E98090","E98224","E98204","E98235","E98212"]},"SN5076":{"id":5076,"ref":"SN5076","type":"season","title":"6","position":6},"E96240":{"id":96240,"ref":"E96240","type":"episode","position":1,"title":"Ma 21-2-2022","description":"Met: -Mark Rutte over de gemeenteraadsverkiezingen. -Irene Schouten en Kjeld Nuis blikken terug op de Olympische Winterspelen. -Peter Pannekoek, Harm Edens en Jan Jaap van der Wal over een nieuw seizoen Dit Was Het Nieuws.","still":"https:\/\/img-opt.cdn.smartvod.com\/smartvod\/images\/videoland\/data\/images\/s\/k\/631629e782cd6_[format].jpg","runtime":4200,"editions":{"hd":{"price":0}},"is_downloadable":false},"E96207":{"id":96207,"ref":"E96207","type":"episode","position":2,"title":"Di 22-2-2022","description":"Met: -Wouter de Winther over de opgelopen spanning in Oekra\u00efne. -Europese Unie wil sancties tegen Rusland. Minister van Buitenlandse Zaken Wopke Hoekstra reageert. -Ruben Nicolai over het nieuwe seizoen van De Erfgenaam.","still":"https:\/\/img-opt.cdn.smartvod.com\/smartvod\/images\/videoland\/data\/images\/j\/v\/6213d7ec2de22_[format].jpg","runtime":4200,"editions":{"hd":{"price":0}},"is_downloadable":false},"E96203":{"id":96203,"ref":"E96203","type":"episode","position":3,"title":"Wo 23-2-2022","description":"Met: -Staatssecretaris Cultuur en Media Gunay Uslu over rondetafelgesprek grensoverschrijdend gedrag. -Gesprek met Jeroen Akkermans en Tom van 't Einde over de ontwikkelingen in Oekra\u00efne. -Speciale editie Expeditie Robinson van start met oud-winnaars en finalisten. Deelnemers Gregory Sedoc, Dominique Hazeleger, Hugo Kennis en Ferry Doedens zijn te gast.","still":"https:\/\/img-opt.cdn.smartvod.com\/smartvod\/images\/videoland\/data\/images\/b\/1\/6218d9e083119_[format].jpg","runtime":4200,"editions":{"hd":{"price":0}},"is_downloadable":false},"E96211":{"id":96211,"ref":"E96211","type":"episode","position":4,"title":"Do 24-2-2022","description":"Deze uitzending staat geheel in het teken van de Russische aanval op Oekra\u00efne. We praten erover met onder meer Beatrice de Graaf, Wouter de Winther, Dani\u00ebl Verlaan, Gijs Rademaker, Victoria Koblenko en Tom Middendorp.","still":"https:\/\/img-opt.cdn.smartvod.com\/smartvod\/images\/videoland\/data\/images\/7\/c\/6218dd68d8bd2_[format].jpg","runtime":4200,"editions":{"hd":{"price":0}},"is_downloadable":false},"E96194":{"id":96194,"ref":"E96194","type":"episode","position":5,"title":"Vr 25-2-2022","description":"Met: -Tim de Wit, Floor Bremer en Kajsa Ollongren over de oorlog in Oekra\u00efne. -Thijs Zonneveld, Sietse Bakker en Aran Bade over de deelname van Rusland aan het Songfestival. -Burgemeesters Ahmed Aboutaleb en Bart de Wever strijden samen tegen de internationale drugshandel.","still":"https:\/\/img-opt.cdn.smartvod.com\/smartvod\/images\/videoland\/data\/images\/j\/f\/6218db0db90ec_[format].jpg","runtime":4200,"editions":{"hd":{"price":0}},"is_downloadable":false},"E96191":{"id":96191,"ref":"E96191","type":"episode","position":6,"title":"Ma 28-2-2022","description":"Met: -Derk Sauer en Marietje Schaake over de oorlog in Oekra\u00efne. -Youp van 't Hek over zijn prentenboek voor pensionado's. -Officier Niels van Woensel en CDA-Kamerlid Raymond Knops over het gebruik van kernwapens.","still":"https:\/\/img-opt.cdn.smartvod.com\/smartvod\/images\/videoland\/data\/images\/l\/j\/6218eb74bbf05_[format].jpg","runtime":4200,"editions":{"hd":{"price":0}},"is_downloadable":false},"E96200":{"id":96200,"ref":"E96200","type":"episode","position":7,"title":"Di 1-3-2022","description":"Met: -Nil\u00fcfer G\u00fcndo\u011fan doet samen met haar advocaten Carry en Geert-Jan Knoops haar verhaal. -Paulien Heesbeen nam afgelopen weekend zes Oekra\u00efners in huis. Ze schuiven samen aan. -De laatste ontwikkelingen van de oorlog in Oekra\u00efne met Bert Koenders en Geert Jan Hahn. -Van steigerbouwer tot catwalkmodel in Milaan: Timo Pan doet zijn verhaal.","still":"https:\/\/img-opt.cdn.smartvod.com\/smartvod\/images\/videoland\/data\/images\/o\/e\/621cee182d5da_[format].jpg","runtime":4200,"editions":{"hd":{"price":0}},"is_downloadable":false},"E96224":{"id":96224,"ref":"E96224","type":"episode","position":8,"title":"Wo 2-3-2022","description":"Met: -Teun van de Keuken over de jaren 80. -Tom Middendorp, Karel Burger Dirven en Tom van 't Einde over de oorlog in Oekra\u00efne. -Marieke van Schaik van het Nederlandse Rode Kruis over de actiedag voor Giro555.","still":"https:\/\/img-opt.cdn.smartvod.com\/smartvod\/images\/videoland\/data\/images\/n\/w\/621e38870fa3d_[format].jpg","runtime":4200,"editions":{"hd":{"price":0}},"is_downloadable":false},"E96212":{"id":96212,"ref":"E96212","type":"episode","position":9,"title":"Do 3-3-2022","description":"Met:  Geert Jan Hahn, Joris Voorhoeve en Dani\u00ebl Verlaan over de oorlog in Oekra\u00efne. -S10 over haar liedje voor het Eurovisie Songfestival. -Kees van der Spek en Paul Vugts over de moord op Peter R. de Vries.","still":"https:\/\/img-opt.cdn.smartvod.com\/smartvod\/images\/videoland\/data\/images\/c\/0\/621f2fc0eeeb1_[format].jpg","runtime":4200,"editions":{"hd":{"price":0}},"is_downloadable":false},"E96210":{"id":96210,"ref":"E96210","type":"episode","position":10,"title":"Vr 4-3-2022","description":"Met: -Kernenergie-deskundige Ronald Schram en Victoria Koblenko over de oorlog in Oekra\u00efne. -Wouter de Winther en Floor Bremer over het eerste lijsttrekkersdebat. -Coen Swijnenberg over giro 555. -Paul van Riessen over de Russische superjachten.","still":"https:\/\/img-opt.cdn.smartvod.com\/smartvod\/images\/videoland\/data\/images\/d\/4\/621f60faa2634_[format].jpg","runtime":4200,"editions":{"hd":{"price":0}},"is_downloadable":false},"E96363":{"id":96363,"ref":"E96363","type":"episode","position":11,"title":"Di 8-3-2022","description":"Met: -Wouter de Winther, Pieter Omtzigt en Geert Jan Hahn over de enorme vluchtelingenstroom uit Oekra\u00efne. -Antoinette Hertsenberg over de koopkrachtdaling. -Boer Kees Huizinga verliet na 20 jaar zijn bedrijf in Oekra\u00efne. -Karen Soeters en Niels Kalkman over de situatie voor huisdieren in oorlogsgebied en hun opvang in Nederland.","still":"https:\/\/img-opt.cdn.smartvod.com\/smartvod\/images\/videoland\/data\/images\/0\/i\/6226275317418_[format].jpg","runtime":4200,"editions":{"hd":{"price":0}},"is_downloadable":false},"E96392":{"id":96392,"ref":"E96392","type":"episode","position":12,"title":"Wo 9-3-2022","description":"Met: -Andr\u00e9 van Duin heeft eindelijk een standbeeld, gemaakt door Street Art Frankey. -Klaas Dijkhoff en Gerdi Verbeet over de gemeenteraadsverkiezingen. -Tom Middendorp over de oorlog in Oekra\u00efne.","still":"https:\/\/img-opt.cdn.smartvod.com\/smartvod\/images\/videoland\/data\/images\/s\/u\/6228bd7ab37a5_[format].jpg","runtime":4200,"editions":{"hd":{"price":0}},"is_downloadable":false},"E96372":{"id":96372,"ref":"E96372","type":"episode","position":13,"title":"Do 10-3-2022","description":"Met: -Frans Timmermans en Rusland-kenner Mari\u00eblle Weijermars over Putin en de oorlog in Oekra\u00efne. -Harry de Winter over het allerlaatste seizoen van Wintertijd. -Shirma Rouse treedt op. -Robert Doornbos over de Netflix-serie over Red Bull en Max Verstappen. -Arjan en Maaike Warmerdam vangen Oekra\u00efense vluchtelingen op.","still":"https:\/\/img-opt.cdn.smartvod.com\/smartvod\/images\/videoland\/data\/images\/u\/2\/6228be9df2624_[format].jpg","runtime":4200,"editions":{"hd":{"price":0}},"is_downloadable":false},"E96605":{"id":96605,"ref":"E96605","type":"episode","position":14,"title":"Vr 11-3-2022","description":"Met: -Andr\u00e9 Kuipers over de gevolgen van de oorlog in Oekra\u00efne voor de ruimtevaart. -Angela de Jong, Antoinnette Scheulderman en \u00d6zcan Akyol bespreken het medianieuws. -Tom Sauer woonde dertig jaar in Rusland, maar is het land nu ontvlucht. -Juf Jiska gaat met haar basisschoolleerlingen actievoeren voor Oekra\u00efne.","still":"https:\/\/img-opt.cdn.smartvod.com\/smartvod\/images\/videoland\/data\/images\/6\/o\/6229c2d7c7931_[format].jpg","runtime":4200,"editions":{"hd":{"price":0}},"is_downloadable":false},"E96590":{"id":96590,"ref":"E96590","type":"episode","position":15,"title":"Ma 14-3-2022","description":"Met: -George Ezra treedt op. -Europaverslaggever BNR Geert Jan Hahn en Evgeniy Levchenko over de oorlog in Oekra\u00efne. -Comedian Alex Ploeg over opmerkelijke verkiezingscampagnes. -Wopke Hoekstra en Anja Gerashchenko, oud-burgemeester van het Oost-Oekra\u00efnse Vvedenka, over de oorlog in Oekra\u00efne en de Nederlandse gemeenteraadsverkiezingen.","still":"https:\/\/img-opt.cdn.smartvod.com\/smartvod\/images\/videoland\/data\/images\/4\/s\/622c7f9011500_[format].jpg","runtime":4200,"editions":{"hd":{"price":0}},"is_downloadable":false},"E96699":{"id":96699,"ref":"E96699","type":"episode","position":16,"title":"Di 15-3-2022","description":"Met: -Minister Dilan Yesilg\u00f6z: hoeveel Oekra\u00efense vluchtelingen kan Nederland opvangen? -Floor Bremer en Gijs Rademaker analyseren slotdebat gemeenteraadsverkiezingen. -Erin Jackson leerde pas vijf jaar geleden schaatsen en haalde toch goud op de Olympische Spelen. -Wat hebben Donnie en Mart Hoogkamer gemeen met Ed Sheeran en Justin Bieber?","still":"https:\/\/img-opt.cdn.smartvod.com\/smartvod\/images\/videoland\/data\/images\/g\/o\/622f7ce451dd7_[format].jpg","runtime":4200,"editions":{"hd":{"price":0}},"is_downloadable":false},"E96688":{"id":96688,"ref":"E96688","type":"episode","position":17,"title":"Jinek & RTL Nieuws Uitslagenavond - Wo 16-3-2022","description":"Deze uitzending staat geheel in het teken van de gemeenteraadsverkiezingen. We bespreken de uitslagen en de belangrijkste thema's met o.a. met Gerdi Verbeet, Fons Lambie, Jack de Vries en Sophie Frankenmolen.","still":"https:\/\/img-opt.cdn.smartvod.com\/smartvod\/images\/videoland\/data\/images\/z\/m\/6230821fe5e61_[format].jpg","runtime":6000,"editions":{"hd":{"price":0}},"is_downloadable":false},"E96712":{"id":96712,"ref":"E96712","type":"episode","position":18,"title":"Do 17-3-2022","description":"Met: -Nil\u00fcfer G\u00fcndo\u011fan, Geert-Jan en Carry Knoops over de beschuldiging van ongewenst gedrag. -Floor Bremer over de uitslag van de gemeenteraadsverkiezingen. -Gijs Groenteman en Marcel van Roosmalen over De Pannenkoekencaravan. -Amber Brantsen en Christijan Albers over de start van het Formule 1-seizoen.","still":"https:\/\/img-opt.cdn.smartvod.com\/smartvod\/images\/videoland\/data\/images\/q\/7\/62346081e4731_[format].jpg","runtime":4680,"editions":{"hd":{"price":0}},"is_downloadable":false},"E96717":{"id":96717,"ref":"E96717","type":"episode","position":19,"title":"Vr 18-3-2022","description":"Met: -Tom van 't Einde en Victoria Koblenko over de oorlog in Oekra\u00efne. -Kjeld Nuis over zijn snelheidsrecord. -Angela de Jong, Jan Slagter en Leonie ter Braak bespreken het medianieuws van de afgelopen week.","still":"https:\/\/img-opt.cdn.smartvod.com\/smartvod\/images\/videoland\/data\/images\/5\/x\/6234a3279a300_[format].jpg","runtime":4200,"editions":{"hd":{"price":0}},"is_downloadable":false},"E97041":{"id":97041,"ref":"E97041","type":"episode","position":20,"title":"Ma 21-3-2022","description":"Met: -Tom Middendorp over gebruik hypersonische raketten door Rusland. -Sjoerd van Ramshorst en Leonne Stentler over de nieuwe baan van Marc Overmars. -Hans Klok gaat op tournee met de Oekra\u00efense acrobatenact Three G.","still":"https:\/\/img-opt.cdn.smartvod.com\/smartvod\/images\/videoland\/data\/images\/l\/t\/62389fe1c92ba_[format].jpg","runtime":4200,"editions":{"hd":{"price":0}},"is_downloadable":false},"E97081":{"id":97081,"ref":"E97081","type":"episode","position":21,"title":"Di 22-3-2022","description":"Met: -Robert de Hoog en Giovanni Caminita vertellen waarom The Godfather de beste film aller tijden is. -Oud-commandant der strijdkrachten Mart de Kruif en politiek commentator Wouter de Winther over wat de internationale gemeenschap kan betekenen voor de oorlog in Oekra\u00efne. -Patricia Klaus uit Kampen en Annemarie van Gaal over de stijgende energieprijzen. -Joris Linssen schreef een boek over zijn stiefvader en grote voorbeeld Louis.","still":"https:\/\/img-opt.cdn.smartvod.com\/smartvod\/images\/videoland\/data\/images\/r\/j\/6238a2328680e_[format].jpg","runtime":4200,"editions":{"hd":{"price":0}},"is_downloadable":false},"E97073":{"id":97073,"ref":"E97073","type":"episode","position":22,"title":"Wo 23-3-2022","description":"Met: -Fleur Agema en Frank Hendrickx over de rol van Hugo de Jonge in de omstreden mondkapjesdeal. -De Toppers over hun nieuwe show. -Jasper Krabb\u00e9 over zijn nieuwe kunstproject. -Franky van Hintum en Coen van Oosten bakken snacks voor Oekra\u00efense vluchtelingen.","still":"https:\/\/img-opt.cdn.smartvod.com\/smartvod\/images\/videoland\/data\/images\/f\/z\/623b49e4917ec_[format].jpg","runtime":4200,"editions":{"hd":{"price":0}},"is_downloadable":false},"E97054":{"id":97054,"ref":"E97054","type":"episode","position":23,"title":"Do 24-3-2022","description":"Met: -Geert Jan Hahn en Tom van 't Einde over de belangrijkste uitkomsten van de EU-top. -Geraldine Kemper en Belle Barb\u00e9 over de orgasmekloof. -Hans Kraay jr. over het WK voetbal in Qatar. -Dolf Jansen over de Barkley Marathons.","still":"https:\/\/img-opt.cdn.smartvod.com\/smartvod\/images\/videoland\/data\/images\/4\/e\/623b47a23fb7d_[format].jpg","runtime":4200,"editions":{"hd":{"price":0}},"is_downloadable":false},"E97062":{"id":97062,"ref":"E97062","type":"episode","position":24,"title":"Vr 25-3-2022","description":"Met: -Jack van Gelder, Hila Noorzai en Stella Bergsma bespreken de mediaweek. -Victoria Koblenko en Europa-correspondent Stefan de Vries over wat Europa moet doen om Poetin te stoppen. -Frits Wester over zijn vriendschap met Piet Paulusma. -Janet Ramesar werd slachtoffer van de toeslagenaffaire.","still":"https:\/\/img-opt.cdn.smartvod.com\/smartvod\/images\/videoland\/data\/images\/o\/z\/623d988f3d2e6_[format].jpg","runtime":4200,"editions":{"hd":{"price":0}},"is_downloadable":false},"E97095":{"id":97095,"ref":"E97095","type":"episode","position":25,"title":"Ma 28-3-2022","description":"Met: -Noa Johannes en Ren\u00e9 Mioch over de woedeuitbarsting van Will Smith bij de Oscars. -Geert-Jan Hahn en Tom van 't Einde over de verwarrende speech van Joe Biden. -Tijl Beckand, Irene Moors en Jamie Westland over het nieuwe seizoen van De Verraders. -Miljonair Rick van Stippent crashte met z'n Lamborghini.","still":"https:\/\/img-opt.cdn.smartvod.com\/smartvod\/images\/videoland\/data\/images\/p\/x\/624595a8d0fe4_[format].jpg","runtime":4200,"editions":{"hd":{"price":0}},"is_downloadable":false},"E97124":{"id":97124,"ref":"E97124","type":"episode","position":26,"title":"Di 29-3-2022","description":"Met: -Wouter de Winther over de rol van Hugo de Jonge in de mondkapjesdeal. -Kris Kross Amsterdam, rapper Donnie en zanger Tino Martin over hun single Uit M'n Bol.","still":"https:\/\/img-opt.cdn.smartvod.com\/smartvod\/images\/videoland\/data\/images\/2\/7\/624595f062550_[format].jpg","runtime":4200,"editions":{"hd":{"price":0}},"is_downloadable":false},"E97152":{"id":97152,"ref":"E97152","type":"episode","position":27,"title":"Wo 30-3-2022","description":"Met: -Amara Onwuka over de verwachte sneeuwstorm. -Diederik Gommers over het einde van de coronacrisis. -Melissa Hendrikse en Katarina Justic over de haarziekte alopecia. -Tim den Besten maakte de documentaire Van De Andere Kant. -Ronald de Boer, Frank de Boer en John van Lottum over padel.","still":"https:\/\/img-opt.cdn.smartvod.com\/smartvod\/images\/videoland\/data\/images\/7\/0\/6245962789295_[format].jpg","runtime":4200,"editions":{"hd":{"price":0}},"is_downloadable":false},"E97156":{"id":97156,"ref":"E97156","type":"episode","position":28,"title":"Do 31-3-2022","description":"Met: -Tom Meerbeek en Jolise Stol over de liquidatie bij een McDonald's. -Floor Bremer en Evgeniy Levchenko over de toespraak van de Oekra\u00efense president. -Richard Korver en Priscilla de Vreugd over de toeslagenaffaire. -Di-Rect treedt op.","still":"https:\/\/img-opt.cdn.smartvod.com\/smartvod\/images\/videoland\/data\/images\/g\/9\/6246ea8ec4490_[format].jpg","runtime":4200,"editions":{"hd":{"price":0}},"is_downloadable":false},"E97332":{"id":97332,"ref":"E97332","type":"episode","position":29,"title":"Vr 1-4-2022","description":"Met: -Clouseau treedt op met nieuwe muziek. -Nikkie de Jager over de tv-show De Enige Echte. -Marc-Marie Huijbregts, Kees van der Spek en Caroline van der Plas bespreken de week.","still":"https:\/\/img-opt.cdn.smartvod.com\/smartvod\/images\/videoland\/data\/images\/g\/b\/6247795961d04_[format].jpg","runtime":4200,"editions":{"hd":{"price":0}},"is_downloadable":false},"E97462":{"id":97462,"ref":"E97462","type":"episode","position":30,"title":"Ma 4-4-2022","description":"Met: -Eddy van Wessel, Victoria Koblenko en Karel Burger Dirven over de oorlogsbeelden uit het Oekra\u00efense Boetsja. -Harm Edens over het klimaatrapport. -Thomas Dekker en Angela de Jong over Mathieu van der Poel.","still":"https:\/\/img-opt.cdn.smartvod.com\/smartvod\/images\/videoland\/data\/images\/4\/k\/624b727e73a5d_[format].jpg","runtime":4200,"editions":{"hd":{"price":0}},"is_downloadable":false},"E97490":{"id":97490,"ref":"E97490","type":"episode","position":31,"title":"Di 5-4-2022","description":"Met: -Wouter de Winther en Fleur Agema over de omstreden mondkapjesdeal en de positie van Hugo de Jonge. -Oud-commandant der landstrijdkrachten Mart de Kruif over nieuwe fase oorlog in Oekra\u00efne. -Willem Engel is weer op vrije voeten. Saskia Belleman over wat hem nog te wachten staat. -Willie Wartaal en Olga Commandeur over meer bewegen. -Castleden van de Nederlandse Netflix-serie Dirty Lines zijn te gast.","still":"https:\/\/img-opt.cdn.smartvod.com\/smartvod\/images\/videoland\/data\/images\/8\/3\/624cc46c69372_[format].jpg","runtime":4200,"editions":{"hd":{"price":0}},"is_downloadable":false},"E97488":{"id":97488,"ref":"E97488","type":"episode","position":32,"title":"Wo 6-4-2022","description":"Met: -Marieke van de Zilver over de wankele positie van Hugo de Jonge. -Splinter Chabot over zijn nieuwe roman. -Antoinette Hertsenberg wil betere voorlichting over risicovolle Brazilian butt lift. -Douanebaas Nanette van Schelven legt Russische jachten aan de ketting. -Topondernemer  Michel Perridon doet mee aan Celebrity Apprentice.","still":"https:\/\/img-opt.cdn.smartvod.com\/smartvod\/images\/videoland\/data\/images\/d\/0\/624f0e184cc0c_[format].jpg","runtime":4200,"editions":{"hd":{"price":0}},"is_downloadable":false},"E97517":{"id":97517,"ref":"E97517","type":"episode","position":33,"title":"Do 7-4-2022","description":"Met: -Wouter de Winther, Stefan Vermeulen en Roderik van Grieken over Hugo de Jonge en de mondkapjesdeal. -Marieke Lucas Rijneveld, Dolf Jansen en Anna Gimbr\u00e8re over de Boekenweek. -Voetbalshirtverzamelaar Jesse Rabbeljee over het beroemde shirt van Diego Maradona.","still":"https:\/\/img-opt.cdn.smartvod.com\/smartvod\/images\/videoland\/data\/images\/c\/3\/625011188d110_[format].jpg","runtime":4200,"editions":{"hd":{"price":0}},"is_downloadable":false},"E97520":{"id":97520,"ref":"E97520","type":"episode","position":34,"title":"Vr 8-4-2022","description":"Met: -We praten met het schrijversechtpaar Nicci Gerrard en Sean French. -Angela de Jong en Gerald Roethof bespreken de mediaweek. -Stefan de Vries over het eerste bezoek van EU-leider Von der Leyen aan Boetsja. -Vooruitblik op het Eurovisie Songfestival met Cornald Maas, Edsilia Rombley en deelnemers Kalush Orchestra en Chanel.","still":"https:\/\/img-opt.cdn.smartvod.com\/smartvod\/images\/videoland\/data\/images\/4\/r\/6250ae86e84ce_[format].jpg","runtime":4200,"editions":{"hd":{"price":0}},"is_downloadable":false},"E97594":{"id":97594,"ref":"E97594","type":"episode","position":35,"title":"Ma 11-4-2022","description":"Met: -Olympi\u00ebrs Marit Bouwmeester, Nadine Broersen en Inge Jansen vertellen over hun zwangerschap en hun plannen om terug te keren aan de wereldtop. -Nienke Brinkman over haar marathonrecord in Rotterdam. -Danny Vera en Krezip traden op in het Artis-Groote Museum. -Mart de Kruif en Sybrand Buma over verslechterende situatie Donbass.","still":"https:\/\/img-opt.cdn.smartvod.com\/smartvod\/images\/videoland\/data\/images\/r\/u\/62555b8400aff_[format].jpg","runtime":4200,"editions":{"hd":{"price":0}},"is_downloadable":false},"E97587":{"id":97587,"ref":"E97587","type":"episode","position":36,"title":"Di 12-4-2022","description":"Met: -Hans Spekman, Gerdi Verbeet en Wouter de Winther over het opstappen van Lilianne Ploumen als partijleider van de PvdA.","still":"https:\/\/img-opt.cdn.smartvod.com\/smartvod\/images\/videoland\/data\/images\/f\/k\/6255f7f36e64b_[format].jpg","runtime":4200,"editions":{"hd":{"price":0}},"is_downloadable":false},"E97579":{"id":97579,"ref":"E97579","type":"episode","position":37,"title":"Wo 13-4-2022","description":"Met: -Paul van Riessen en Constance Scholten over het onderzoek van Quote naar EarthToday. -Joost Vullings, Wouke van Scherrenburg, Mat Herben, Joost Eerdmans, Hans Spekman en Paul Jansen over de moord op Pim Fortuyn.","still":"https:\/\/img-opt.cdn.smartvod.com\/smartvod\/images\/videoland\/data\/images\/c\/z\/62574cb8cf5f9_[format].jpg","runtime":4200,"editions":{"hd":{"price":0}},"is_downloadable":false},"E97615":{"id":97615,"ref":"E97615","type":"episode","position":38,"title":"Do 14-4-2022","description":"Met: -Winston Gerschtanowitz reageert op ophef over goededoelenplatform. -Saskia Belleman en Paul Vugts over beelden advocaat Youssef T. -Sander Schimmelpenninck, Nynke de Jong en Alexander Kl\u00f6pping over een revolutie in podcastland. -Soundos El Ahmadi over haar niewe serie.","still":"https:\/\/img-opt.cdn.smartvod.com\/smartvod\/images\/videoland\/data\/images\/7\/6\/62589bd65bfb1_[format].jpg","runtime":4200,"editions":{"hd":{"price":0}},"is_downloadable":false},"E97603":{"id":97603,"ref":"E97603","type":"episode","position":39,"title":"Vr 15-4-2022","description":"Met: -Tom Egbers over nieuw filmmateriaal Johan Cruijff. -Nielson zingt een medley van zijn bekendste hits. -Yeliz \u00c7i\u00e7ek over Rihanna's babybuik. -Tim de Wit over het bezoek van Harry en Meghan aan Nederland. -\u00d6zcan Akyol, Michiel Vos en Angela de Jong bespreken de mediaweek.","still":"https:\/\/img-opt.cdn.smartvod.com\/smartvod\/images\/videoland\/data\/images\/d\/5\/6259fc98b0d64_[format].jpg","runtime":4200,"editions":{"hd":{"price":0}},"is_downloadable":false},"E97981":{"id":97981,"ref":"E97981","type":"episode","position":40,"title":"Ma 18-4-2022","description":"Met: -Floor Bremer en oud-D66-lid Marleen Weener over het grensoverschrijdende gedrag bij D66. -Merol over haar debuutalbum. -Tim de Wit en Marc-Marie Huijbregts over de documentaire Elizabeth: A Portrait In Parts. -Marcus en Erwin zijn te zien in een nieuwe documentaire over gigolo's.","still":"https:\/\/img-opt.cdn.smartvod.com\/smartvod\/images\/videoland\/data\/images\/4\/n\/625df29b0f3fa_[format].jpg","runtime":4200,"editions":{"hd":{"price":0}},"is_downloadable":false},"E97963":{"id":97963,"ref":"E97963","type":"episode","position":41,"title":"Di 19-4-2022","description":"Met: -Wouter de Winther over de MeToo-kwestie binnen D66. -Marcel Levi en Sjaan Nederkoorn over waarom kinderen vaak geen groente eten. -Correspondent Geert Jan Hahn over de strijd in de Oekra\u00efense Donbas. -Katja Schuurman, Jon Karthaus en Diederik Jekel na 21 jaar terug met Costa!!","still":"https:\/\/img-opt.cdn.smartvod.com\/smartvod\/images\/videoland\/data\/images\/s\/7\/625f333777ee3_[format].jpg","runtime":4200,"editions":{"hd":{"price":0}},"is_downloadable":false},"E97989":{"id":97989,"ref":"E97989","type":"episode","position":42,"title":"Wo 20-4-2022","description":"Met: -Strafrechtadvocaat S\u00e9bas Diekstra over de misstanden in The Voice of Holland. -Hans Kraay jr. over voetbalcoach Erik ten Hag. -Pia Douwes over haar rol in The Prom. -Erik Mouthaan vertelt over zijn boek. -Bioloog M\u00e1ty\u00e1s Bittenbinder over de 'monsterwesp'.","still":"https:\/\/img-opt.cdn.smartvod.com\/smartvod\/images\/videoland\/data\/images\/4\/n\/626087433f27e_[format].jpg","runtime":4200,"editions":{"hd":{"price":0}},"is_downloadable":false},"E97973":{"id":97973,"ref":"E97973","type":"episode","position":43,"title":"Do 21-4-2022","description":"Met: -Wouter de Winther en Floor Bremer over de excuses van D66-leider Sigrid Kaag. -Antoinette Hertsenberg helpt bewoners van volkswijken om gezonder te gaan leven. -De megapopulaire zangeres Karsu volgt haar culinaire passie in Ierland. -Ad Visser viert zijn 75e verjaardag met een bijzondere documentaire.","still":"https:\/\/img-opt.cdn.smartvod.com\/smartvod\/images\/videoland\/data\/images\/o\/d\/6261d5ca60250_[format].jpg","runtime":4200,"editions":{"hd":{"price":0}},"is_downloadable":false},"E98056":{"id":98056,"ref":"E98056","type":"episode","position":44,"title":"Vr 22-4-2022","description":"Met: -Minister voor Onderwijs Dennis Wiersma over een salarisverhoging voor basisschoolleraren. -Anouk is terug met een nieuwe plaat en solotour. -Joost Vullings, Evi Hanssen en Leonie ter Braak bespreken de nieuwsweek.","still":"https:\/\/img-opt.cdn.smartvod.com\/smartvod\/images\/videoland\/data\/images\/n\/q\/626325cfb4892_[format].jpg","runtime":4200,"editions":{"hd":{"price":0}},"is_downloadable":false},"E98090":{"id":98090,"ref":"E98090","type":"episode","position":45,"title":"Ma 25-4-2022","description":"Eva Jinek voert het gesprek van de dag met de hoofdrolspelers uit de actualiteit. Journalistiek, scherp, onderhoudend en over onderwerpen uit de media, cultuur, sport en maatschappij.","still":"https:\/\/img-opt.cdn.smartvod.com\/smartvod\/images\/videoland\/data\/images\/3\/m\/62671b218eaf5_[format].jpg","runtime":4200,"editions":{"hd":{"price":0}},"is_downloadable":false},"E98224":{"id":98224,"ref":"E98224","type":"episode","position":46,"title":"Di 26-4-2022","description":"Eva Jinek voert het gesprek van de dag met de hoofdrolspelers uit de actualiteit. Journalistiek, scherp, onderhoudend en over onderwerpen uit de media, cultuur, sport en maatschappij.","still":"https:\/\/img-opt.cdn.smartvod.com\/smartvod\/images\/videoland\/data\/images\/z\/d\/62686d4147151_[format].jpg","runtime":4200,"editions":{"hd":{"price":0}},"is_downloadable":false},"E98204":{"id":98204,"ref":"E98204","type":"episode","position":47,"title":"Wo 27-4-2022","description":"Met: -Justine Marcella, Jon van Eerd en Arno Kantelberg over Koningsdag. -Johan Derksen ligt onder vuur vanwege het misbruiken van een vrouw. Marjan Olfers reageert. -Cabaretier Kasper van der Laan over het succes van zijn debuutvoorstelling. -Waylon gaat in het Nederlands zingen!","still":"https:\/\/img-opt.cdn.smartvod.com\/smartvod\/images\/videoland\/data\/images\/0\/o\/6269c2780580d_[format].jpg","runtime":4200,"editions":{"hd":{"price":0}},"is_downloadable":false},"E98235":{"id":98235,"ref":"E98235","type":"episode","position":48,"title":"Do 28-4-2022","description":"Met: -Janke Dekker van meldpunt MORES over de uitspraken Johan Derksen. -Danny Vera, Simon Keizer, Guus Meeuwis, Davina Michelle, Kraantje Pappie, Miss Montreal en Di-Rect over de Vrienden Van Amstel-concerten.","still":"https:\/\/img-opt.cdn.smartvod.com\/smartvod\/images\/videoland\/data\/images\/3\/e\/626b0d3a2c357_[format].jpg","runtime":4200,"editions":{"hd":{"price":0}},"is_downloadable":false},"E98212":{"id":98212,"ref":"E98212","type":"episode","position":49,"title":"Vr 29-4-2022","description":"Met: -Patrick Lodiers, Tijl Beckand, Ruben van der Meer, Ruben Nicolai en Jeroen van Koningsbrugge komen terug met improvisatieshows. -Samantha Steenwijk over rechtszaak tegen Yvonne Coldeweijer. -Estavana Polman over roerige tijd. -Saskia Noort en Ruud van Os over het einde van talkshow VI.","still":"https:\/\/img-opt.cdn.smartvod.com\/smartvod\/images\/videoland\/data\/images\/2\/b\/626c606d19c1c_[format].jpg","runtime":4200,"editions":{"hd":{"price":0}},"is_downloadable":false}}}