{"id":500436,"ref":"S500436","type":"series","title":"The Rookie","year":2021,"rating":4,"poster":"https:\/\/img-opt.cdn.smartvod.com\/smartvod\/images\/videoland\/data\/images\/2\/1\/62cd759cbfd98_[format].jpg","still":"https:\/\/img-opt.cdn.smartvod.com\/smartvod\/images\/videoland\/data\/images\/7\/l\/5f4267864a78c_[format].jpg","cast":{"actors":["Nathan Fillion","Melissa O'Neil","Alyssa Diaz","Richard T. Jones"]},"genres":["Actie","Misdaad"],"refs":["SN3646","SN4355","SN5062"],"is_adult":false,"is_kids":false,"is_available":true,"description":"De serie volgt John Nolan, een veertigjarige man, die van zijn comfortabele, kleine stadsleven naar Los Angeles verhuist om zijn droom na te streven politieagent te worden voor de politie van Los Angeles.","directors":["Michael Goi"],"nicam":{"12":"Mogelijk schadelijk tot 12 jaar","geweld":"Geweld","angst":"Angst"},"language":"en","language_full":"Engels","details":{"SN3646":{"id":3646,"ref":"SN3646","type":"season","title":"1","position":1},"SN4355":{"id":4355,"ref":"SN4355","type":"season","title":"2","position":2},"SN5062":{"id":5062,"ref":"SN5062","type":"season","title":"3","position":3,"refs":["E100461","E100459","E100465","E100457","E100458","E100464","E100460","E100462","E100468","E100470","E100466","E100467","E100469","E100463"]},"E100461":{"id":100461,"ref":"E100461","type":"episode","position":1,"title":"Consequences","description":"Nolan is bijna aan het eind van zijn training. Hij staat voor zijn grootste uitdaging tot nu toe. Heeft hij in het verleden de juiste keuzes gemaakt?","still":"https:\/\/img-opt.cdn.smartvod.com\/smartvod\/images\/videoland\/data\/images\/o\/3\/62f6619e3042b_[format].jpg","runtime":2478,"editions":{"hd":{"price":0}},"is_downloadable":true},"E100459":{"id":100459,"ref":"E100459","type":"episode","position":2,"title":"In Justice","description":"Nolan wordt samen met Nyla Harper aangewezen om de reputatie van de politie te verbeteren in een lastige wijk. Nolan is vastberaden een positieve indruk te maken, maar Harper heeft haar twijfels.","still":"https:\/\/img-opt.cdn.smartvod.com\/smartvod\/images\/videoland\/data\/images\/n\/1\/62f661a9b6921_[format].jpg","runtime":2475,"editions":{"hd":{"price":0}},"is_downloadable":true},"E100465":{"id":100465,"ref":"E100465","type":"episode","position":3,"title":"La Fiera","description":"Nolans krijgt onverwachts bezoek van zijn moeder. Sergeant Grey overweegt met pensioen te gaan.","still":"https:\/\/img-opt.cdn.smartvod.com\/smartvod\/images\/videoland\/data\/images\/b\/1\/62f661b36af0b_[format].jpg","runtime":2481,"editions":{"hd":{"price":0}},"is_downloadable":true},"E100457":{"id":100457,"ref":"E100457","type":"episode","position":4,"title":"Sabotage","description":"De situatie tussen West en zijn nieuwe begeleider is ge\u00ebscaleerd. Hij probeert met sergeant Grey een oplossing te vinden.","still":"https:\/\/img-opt.cdn.smartvod.com\/smartvod\/images\/videoland\/data\/images\/1\/3\/62f6619c10881_[format].jpg","runtime":2481,"editions":{"hd":{"price":0}},"is_downloadable":true},"E100458":{"id":100458,"ref":"E100458","type":"episode","position":5,"title":"Lockdown","description":"Nolan wordt gegijzeld door een man die niets meer te verliezen heeft. Het politiebureau gaat in lockdown en de agenten proberen de gijzelnemer te identificeren.","still":"https:\/\/img-opt.cdn.smartvod.com\/smartvod\/images\/videoland\/data\/images\/o\/3\/62f661b768422_[format].jpg","runtime":2478,"editions":{"hd":{"price":0}},"is_downloadable":true},"E100464":{"id":100464,"ref":"E100464","type":"episode","position":6,"title":"Revelations","description":"Nolans beslissing om te beginnen aan een nieuwe opleiding valt hem tegen. Chen overweegt undercoverwerk te gaan doen.","still":"https:\/\/img-opt.cdn.smartvod.com\/smartvod\/images\/videoland\/data\/images\/1\/7\/62f6606b5ad1a_[format].jpg","runtime":2480,"editions":{"hd":{"price":0}},"is_downloadable":true},"E100460":{"id":100460,"ref":"E100460","type":"episode","position":7,"title":"True Crime","description":"Het team analyseert een recente zaak waarin een voormalig kindsterretje in zijn volwassen leven een sekteleider werd.","still":"https:\/\/img-opt.cdn.smartvod.com\/smartvod\/images\/videoland\/data\/images\/e\/3\/62f661adbef22_[format].jpg","runtime":2479,"editions":{"hd":{"price":0}},"is_downloadable":true},"E100462":{"id":100462,"ref":"E100462","type":"episode","position":8,"title":"Bad Blood","description":"Nolan, Harper en Lopez houden zich bezig met de ontvoering van de zoon van een rechter die veel vijanden heeft gemaakt.","still":"https:\/\/img-opt.cdn.smartvod.com\/smartvod\/images\/videoland\/data\/images\/2\/m\/62f661a1f3187_[format].jpg","runtime":2476,"editions":{"hd":{"price":0}},"is_downloadable":true},"E100468":{"id":100468,"ref":"E100468","type":"episode","position":9,"title":"Amber","description":"In een ziekenhuis is een pasgeboren baby gestolen. Er wordt een Amber Alert verstuurd en de politie gaat op zoek naar het kindje. Ondertussen werken Jackson en Chen voor het laatst als 'rookies'.","still":"https:\/\/img-opt.cdn.smartvod.com\/smartvod\/images\/videoland\/data\/images\/j\/d\/62f661b1a7219_[format].jpg","runtime":2479,"editions":{"hd":{"price":0}},"is_downloadable":true},"E100470":{"id":100470,"ref":"E100470","type":"episode","position":10,"title":"Man Of Honor","description":"Harper en Nolan reageren op een oproep over een bankoverval. Ze realiseren zich dat de overvaller niet alleen door geldnood gedreven wordt. Jackson en Chen gaan er voor het eerst op uit zonder begeleiders.","still":"https:\/\/img-opt.cdn.smartvod.com\/smartvod\/images\/videoland\/data\/images\/2\/h\/62f66069520b6_[format].jpg","runtime":2476,"editions":{"hd":{"price":0}},"is_downloadable":true},"E100466":{"id":100466,"ref":"E100466","type":"episode","position":11,"title":"New Blood","description":"Professor Fiona Ryan heeft mysterieuze berichten ontvangen en nu is haar autoruit ingeslagen. Nolan biedt zich aan om 's nachts haar huis te bewaken.","still":"https:\/\/img-opt.cdn.smartvod.com\/smartvod\/images\/videoland\/data\/images\/e\/l\/62f661abd3d3d_[format].jpg","runtime":2475,"editions":{"hd":{"price":0}},"is_downloadable":true},"E100467":{"id":100467,"ref":"E100467","type":"episode","position":12,"title":"Brave Heart","description":"Nolans zoon moet plotseling worden opgenomen in het ziekenhuis. Daar wordt Nolan geconfronteerd met zijn ex-vrouw. Lopez ontdekt dat 'La Fiera' in hetzelfde ziekenhuis ligt en vraagt zich af waarom.","still":"https:\/\/img-opt.cdn.smartvod.com\/smartvod\/images\/videoland\/data\/images\/w\/g\/62f661b5427ef_[format].jpg","runtime":2479,"editions":{"hd":{"price":0}},"is_downloadable":true},"E100469":{"id":100469,"ref":"E100469","type":"episode","position":13,"title":"Triple Duty","description":"Nolan en Bradford hopen een drugsoorlog in de kiem te kunnen smoren, voordat er onschuldige slachtoffers vallen.","still":"https:\/\/img-opt.cdn.smartvod.com\/smartvod\/images\/videoland\/data\/images\/g\/j\/62f66198006be_[format].jpg","runtime":2479,"editions":{"hd":{"price":0}},"is_downloadable":true},"E100463":{"id":100463,"ref":"E100463","type":"episode","position":14,"title":"Treshold","description":"Nolan raakt licht gewond als hij een winkeldief achtervolgt. De officier van justitie wil daarom de verdachte aanklagen, maar Nolan vindt dat niet nodig.","still":"https:\/\/img-opt.cdn.smartvod.com\/smartvod\/images\/videoland\/data\/images\/3\/o\/62f661afd85a3_[format].jpg","runtime":2481,"editions":{"hd":{"price":0}},"is_downloadable":true}}}