{"id":500419,"ref":"S500419","type":"series","title":"Charmed (1998)","year":1998,"rating":4,"poster":"https:\/\/img-opt.cdn.smartvod.com\/smartvod\/images\/videoland\/data\/images\/8\/3\/5f1aec9e6290a_[format].jpg","still":"https:\/\/img-opt.cdn.smartvod.com\/smartvod\/images\/videoland\/data\/images\/l\/q\/5f48fa095a71e_[format].jpg","cast":{"actors":["Shannen Doherty","Holly Marie Combs","Alyssa Milano","Dorian Gregory","Ted King","Brian Krause"]},"genres":["Drama","Fantasy","Mysterie"],"refs":["SN3596","SN3597","SN3598","SN3622","SN3640","SN3639","SN3638","SN3637"],"is_adult":false,"is_kids":false,"is_available":true,"description":"De zussen Phoebe, Prue en Piper Halliwell wonen samen in het familielandhuis Halliwell Manor. Op een dag ontdekken de zussen dat ze de machtigste, goedaardige heksen ter wereld zijn. Hun taak: de wereld beschermen tegen demonen en andere kwaadwillende wezens.","nicam":{"12":"Mogelijk schadelijk tot 12 jaar","geweld":"Geweld","angst":"Angst"},"language":"en","language_full":"Engels","details":{"SN3596":{"id":3596,"ref":"SN3596","type":"season","title":"1","position":1},"SN3597":{"id":3597,"ref":"SN3597","type":"season","title":"2","position":2},"SN3598":{"id":3598,"ref":"SN3598","type":"season","title":"3","position":3},"SN3622":{"id":3622,"ref":"SN3622","type":"season","title":"4","position":4},"SN3640":{"id":3640,"ref":"SN3640","type":"season","title":"5","position":5,"refs":["E77327","E77318","E77334","E77324","E77321","E77335","E77326","E77316","E77331","E77332","E77322","E77330","E77329","E77337","E77338","E77319","E77333","E77320","E77325","E77323","E77317","E77328","E77336"]},"SN3639":{"id":3639,"ref":"SN3639","type":"season","title":"6","position":6},"SN3638":{"id":3638,"ref":"SN3638","type":"season","title":"7","position":7},"SN3637":{"id":3637,"ref":"SN3637","type":"season","title":"8","position":8},"E77327":{"id":77327,"ref":"E77327","type":"episode","position":1,"title":"A Witch's Tail (1)","description":"De zussen Phoebe, Prue en Piper Halliwell wonen samen in het familielandhuis Halliwell Manor. Op een dag ontdekken de zussen dat ze de machtigste goedaardige heksen ter wereld zijn. Hun taak: de wereld beschermen tegen demonen en andere kwaadwillende wezens.","still":"https:\/\/img-opt.cdn.smartvod.com\/smartvod\/images\/videoland\/data\/images\/w\/j\/5f48f8e3d748b_[format].jpg","runtime":2536,"editions":{"hd":{"price":0}},"is_downloadable":true},"E77318":{"id":77318,"ref":"E77318","type":"episode","position":2,"title":"A Witch's Tail (2)","description":"De zussen Phoebe, Prue en Piper Halliwell wonen samen in het familielandhuis Halliwell Manor. Op een dag ontdekken de zussen dat ze de machtigste goedaardige heksen ter wereld zijn. Hun taak: de wereld beschermen tegen demonen en andere kwaadwillende wezens.","still":"https:\/\/img-opt.cdn.smartvod.com\/smartvod\/images\/videoland\/data\/images\/k\/3\/5f48f69892174_[format].jpg","runtime":2463,"editions":{"hd":{"price":0}},"is_downloadable":true},"E77334":{"id":77334,"ref":"E77334","type":"episode","position":3,"title":"Happily Ever After","description":"De zussen Phoebe, Prue en Piper Halliwell wonen samen in het familielandhuis Halliwell Manor. Op een dag ontdekken de zussen dat ze de machtigste goedaardige heksen ter wereld zijn. Hun taak: de wereld beschermen tegen demonen en andere kwaadwillende wezens.","still":"https:\/\/img-opt.cdn.smartvod.com\/smartvod\/images\/videoland\/data\/images\/7\/m\/5f48f7c6c15fd_[format].jpg","runtime":2519,"editions":{"hd":{"price":0}},"is_downloadable":true},"E77324":{"id":77324,"ref":"E77324","type":"episode","position":4,"title":"Siren's Song","description":"De zussen Phoebe, Prue en Piper Halliwell wonen samen in het familielandhuis Halliwell Manor. Op een dag ontdekken de zussen dat ze de machtigste goedaardige heksen ter wereld zijn. Hun taak: de wereld beschermen tegen demonen en andere kwaadwillende wezens.","still":"https:\/\/img-opt.cdn.smartvod.com\/smartvod\/images\/videoland\/data\/images\/5\/d\/5f48f3088f0bb_[format].jpg","runtime":2448,"editions":{"hd":{"price":0}},"is_downloadable":true},"E77321":{"id":77321,"ref":"E77321","type":"episode","position":5,"title":"Witches In Tights","description":"De zussen Phoebe, Prue en Piper Halliwell wonen samen in het familielandhuis Halliwell Manor. Op een dag ontdekken de zussen dat ze de machtigste goedaardige heksen ter wereld zijn. Hun taak: de wereld beschermen tegen demonen en andere kwaadwillende wezens.","still":"https:\/\/img-opt.cdn.smartvod.com\/smartvod\/images\/videoland\/data\/images\/u\/m\/5f48f8e229d4a_[format].jpg","runtime":2455,"editions":{"hd":{"price":0}},"is_downloadable":true},"E77335":{"id":77335,"ref":"E77335","type":"episode","position":6,"title":"The Eyes Have It","description":"De zussen Phoebe, Prue en Piper Halliwell wonen samen in het familielandhuis Halliwell Manor. Op een dag ontdekken de zussen dat ze de machtigste goedaardige heksen ter wereld zijn. Hun taak: de wereld beschermen tegen demonen en andere kwaadwillende wezens.","still":"https:\/\/img-opt.cdn.smartvod.com\/smartvod\/images\/videoland\/data\/images\/l\/9\/5f48f7b53b1f5_[format].jpg","runtime":2456,"editions":{"hd":{"price":0}},"is_downloadable":true},"E77326":{"id":77326,"ref":"E77326","type":"episode","position":7,"title":"Sympathy For The Demon","description":"De zussen Phoebe, Prue en Piper Halliwell wonen samen in het familielandhuis Halliwell Manor. Op een dag ontdekken de zussen dat ze de machtigste goedaardige heksen ter wereld zijn. Hun taak: de wereld beschermen tegen demonen en andere kwaadwillende wezens.","still":"https:\/\/img-opt.cdn.smartvod.com\/smartvod\/images\/videoland\/data\/images\/h\/7\/5f48f566f1b12_[format].jpg","runtime":2452,"editions":{"hd":{"price":0}},"is_downloadable":true},"E77316":{"id":77316,"ref":"E77316","type":"episode","position":8,"title":"A Witch In Time","description":"De zussen Phoebe, Prue en Piper Halliwell wonen samen in het familielandhuis Halliwell Manor. Op een dag ontdekken de zussen dat ze de machtigste goedaardige heksen ter wereld zijn. Hun taak: de wereld beschermen tegen demonen en andere kwaadwillende wezens.","still":"https:\/\/img-opt.cdn.smartvod.com\/smartvod\/images\/videoland\/data\/images\/o\/k\/5f48fb48243c7_[format].jpg","runtime":2441,"editions":{"hd":{"price":0}},"is_downloadable":true},"E77331":{"id":77331,"ref":"E77331","type":"episode","position":9,"title":"Sam I Am","description":"De zussen Phoebe, Prue en Piper Halliwell wonen samen in het familielandhuis Halliwell Manor. Op een dag ontdekken de zussen dat ze de machtigste goedaardige heksen ter wereld zijn. Hun taak: de wereld beschermen tegen demonen en andere kwaadwillende wezens.","still":"https:\/\/img-opt.cdn.smartvod.com\/smartvod\/images\/videoland\/data\/images\/g\/3\/5f48f7ca620e3_[format].jpg","runtime":2528,"editions":{"hd":{"price":0}},"is_downloadable":true},"E77332":{"id":77332,"ref":"E77332","type":"episode","position":10,"title":"Y Tu Mummy Tambien","description":"De zussen Phoebe, Prue en Piper Halliwell wonen samen in het familielandhuis Halliwell Manor. Op een dag ontdekken de zussen dat ze de machtigste goedaardige heksen ter wereld zijn. Hun taak: de wereld beschermen tegen demonen en andere kwaadwillende wezens.","still":"https:\/\/img-opt.cdn.smartvod.com\/smartvod\/images\/videoland\/data\/images\/s\/l\/5f48f5550e5c8_[format].jpg","runtime":2418,"editions":{"hd":{"price":0}},"is_downloadable":true},"E77322":{"id":77322,"ref":"E77322","type":"episode","position":11,"title":"The Importance Of Being Phoebe","description":"De zussen Phoebe, Prue en Piper Halliwell wonen samen in het familielandhuis Halliwell Manor. Op een dag ontdekken de zussen dat ze de machtigste goedaardige heksen ter wereld zijn. Hun taak: de wereld beschermen tegen demonen en andere kwaadwillende wezens.","still":"https:\/\/img-opt.cdn.smartvod.com\/smartvod\/images\/videoland\/data\/images\/q\/g\/5f48f9f9544ce_[format].jpg","runtime":2525,"editions":{"hd":{"price":0}},"is_downloadable":true},"E77330":{"id":77330,"ref":"E77330","type":"episode","position":12,"title":"Centennial Charmed","description":"De zussen Phoebe, Prue en Piper Halliwell wonen samen in het familielandhuis Halliwell Manor. Op een dag ontdekken de zussen dat ze de machtigste goedaardige heksen ter wereld zijn. Hun taak: de wereld beschermen tegen demonen en andere kwaadwillende wezens.","still":"https:\/\/img-opt.cdn.smartvod.com\/smartvod\/images\/videoland\/data\/images\/r\/z\/5f48f568bfdab_[format].jpg","runtime":2536,"editions":{"hd":{"price":0}},"is_downloadable":true},"E77329":{"id":77329,"ref":"E77329","type":"episode","position":13,"title":"House Call","description":"De zussen Phoebe, Prue en Piper Halliwell wonen samen in het familielandhuis Halliwell Manor. Op een dag ontdekken de zussen dat ze de machtigste goedaardige heksen ter wereld zijn. Hun taak: de wereld beschermen tegen demonen en andere kwaadwillende wezens.","still":"https:\/\/img-opt.cdn.smartvod.com\/smartvod\/images\/videoland\/data\/images\/w\/1\/5f48f55d2d911_[format].jpg","runtime":2445,"editions":{"hd":{"price":0}},"is_downloadable":true},"E77337":{"id":77337,"ref":"E77337","type":"episode","position":14,"title":"Sand Francisco Dreamin'","description":"De zussen Phoebe, Prue en Piper Halliwell wonen samen in het familielandhuis Halliwell Manor. Op een dag ontdekken de zussen dat ze de machtigste goedaardige heksen ter wereld zijn. Hun taak: de wereld beschermen tegen demonen en andere kwaadwillende wezens.","still":"https:\/\/img-opt.cdn.smartvod.com\/smartvod\/images\/videoland\/data\/images\/f\/l\/5f48f562bc23f_[format].jpg","runtime":2446,"editions":{"hd":{"price":0}},"is_downloadable":true},"E77338":{"id":77338,"ref":"E77338","type":"episode","position":15,"title":"The Day The Magic Died","description":"De zussen Phoebe, Prue en Piper Halliwell wonen samen in het familielandhuis Halliwell Manor. Op een dag ontdekken de zussen dat ze de machtigste goedaardige heksen ter wereld zijn. Hun taak: de wereld beschermen tegen demonen en andere kwaadwillende wezens.","still":"https:\/\/img-opt.cdn.smartvod.com\/smartvod\/images\/videoland\/data\/images\/j\/u\/5f48f68117dab_[format].jpg","runtime":2520,"editions":{"hd":{"price":0}},"is_downloadable":true},"E77319":{"id":77319,"ref":"E77319","type":"episode","position":16,"title":"Baby's First Demon","description":"De zussen Phoebe, Prue en Piper Halliwell wonen samen in het familielandhuis Halliwell Manor. Op een dag ontdekken de zussen dat ze de machtigste goedaardige heksen ter wereld zijn. Hun taak: de wereld beschermen tegen demonen en andere kwaadwillende wezens.","still":"https:\/\/img-opt.cdn.smartvod.com\/smartvod\/images\/videoland\/data\/images\/c\/x\/5f48f5472f53b_[format].jpg","runtime":2440,"editions":{"hd":{"price":0}},"is_downloadable":true},"E77333":{"id":77333,"ref":"E77333","type":"episode","position":17,"title":"Lucky Charmed","description":"De zussen Phoebe, Prue en Piper Halliwell wonen samen in het familielandhuis Halliwell Manor. Op een dag ontdekken de zussen dat ze de machtigste goedaardige heksen ter wereld zijn. Hun taak: de wereld beschermen tegen demonen en andere kwaadwillende wezens.","still":"https:\/\/img-opt.cdn.smartvod.com\/smartvod\/images\/videoland\/data\/images\/q\/t\/5f48f68e95d47_[format].jpg","runtime":2503,"editions":{"hd":{"price":0}},"is_downloadable":true},"E77320":{"id":77320,"ref":"E77320","type":"episode","position":18,"title":"Cat House","description":"De zussen Phoebe, Prue en Piper Halliwell wonen samen in het familielandhuis Halliwell Manor. Op een dag ontdekken de zussen dat ze de machtigste goedaardige heksen ter wereld zijn. Hun taak: de wereld beschermen tegen demonen en andere kwaadwillende wezens.","still":"https:\/\/img-opt.cdn.smartvod.com\/smartvod\/images\/videoland\/data\/images\/s\/3\/5f48f56492106_[format].jpg","runtime":2406,"editions":{"hd":{"price":0}},"is_downloadable":true},"E77325":{"id":77325,"ref":"E77325","type":"episode","position":19,"title":"Nymphs Just Wanna Have Fun","description":"De zussen Phoebe, Prue en Piper Halliwell wonen samen in het familielandhuis Halliwell Manor. Op een dag ontdekken de zussen dat ze de machtigste goedaardige heksen ter wereld zijn. Hun taak: de wereld beschermen tegen demonen en andere kwaadwillende wezens.","still":"https:\/\/img-opt.cdn.smartvod.com\/smartvod\/images\/videoland\/data\/images\/9\/h\/5f48f55f01e45_[format].jpg","runtime":2460,"editions":{"hd":{"price":0}},"is_downloadable":true},"E77323":{"id":77323,"ref":"E77323","type":"episode","position":20,"title":"Sense And Sense Ability","description":"De zussen Phoebe, Prue en Piper Halliwell wonen samen in het familielandhuis Halliwell Manor. Op een dag ontdekken de zussen dat ze de machtigste goedaardige heksen ter wereld zijn. Hun taak: de wereld beschermen tegen demonen en andere kwaadwillende wezens.","still":"https:\/\/img-opt.cdn.smartvod.com\/smartvod\/images\/videoland\/data\/images\/p\/k\/5f48f9fcccf63_[format].jpg","runtime":2509,"editions":{"hd":{"price":0}},"is_downloadable":true},"E77317":{"id":77317,"ref":"E77317","type":"episode","position":21,"title":"Necromancing The Stone","description":"De zussen Phoebe, Prue en Piper Halliwell wonen samen in het familielandhuis Halliwell Manor. Op een dag ontdekken de zussen dat ze de machtigste goedaardige heksen ter wereld zijn. Hun taak: de wereld beschermen tegen demonen en andere kwaadwillende wezens.","still":"https:\/\/img-opt.cdn.smartvod.com\/smartvod\/images\/videoland\/data\/images\/z\/y\/5f48f68aad2ab_[format].jpg","runtime":2514,"editions":{"hd":{"price":0}},"is_downloadable":true},"E77328":{"id":77328,"ref":"E77328","type":"episode","position":22,"title":"Oh My Goddess (1)","description":"De zussen Phoebe, Prue en Piper Halliwell wonen samen in het familielandhuis Halliwell Manor. Op een dag ontdekken de zussen dat ze de machtigste goedaardige heksen ter wereld zijn. Hun taak: de wereld beschermen tegen demonen en andere kwaadwillende wezens.","still":"https:\/\/img-opt.cdn.smartvod.com\/smartvod\/images\/videoland\/data\/images\/1\/f\/5f48f79f18221_[format].jpg","runtime":2438,"editions":{"hd":{"price":0}},"is_downloadable":true},"E77336":{"id":77336,"ref":"E77336","type":"episode","position":23,"title":"Oh My Goddess (2)","description":"De zussen Phoebe, Prue en Piper Halliwell wonen samen in het familielandhuis Halliwell Manor. Op een dag ontdekken de zussen dat ze de machtigste goedaardige heksen ter wereld zijn. Hun taak: de wereld beschermen tegen demonen en andere kwaadwillende wezens.","still":"https:\/\/img-opt.cdn.smartvod.com\/smartvod\/images\/videoland\/data\/images\/3\/z\/5f48fc527b8e1_[format].jpg","runtime":2547,"editions":{"hd":{"price":0}},"is_downloadable":true}}}