{"1289330633":{"id":"1289330633","media_id":"","title":"A Stones Throw Away","first":"A","description":"Een eenzame man die gek wordt van het alleen zijn vindt een machine die kunstmatige nostalgie biedt - tegen een prijs.","duration":"194","type":"movie","seasons":"","icon":"https:\/\/t-mobiletv.nl:443\/CPS\/images\/universal\/film\/poster\/202210\/20221028\/75\/20221028191029538l52.jpg","category":"Animatie, Kort","vidcollection":"","ord":"39","datum":"20160601"},"1175985184":{"id":"1175985184","media_id":"","title":"Abbado dirigeert Prokofjev, Berg & Tsjaikovski","first":"A","description":"Claudio Abbado stond in 2010 op de bok voor het S\u00edmon Bol\u00edvar Youth Orchestra ter gelegenheid van het Lucerne Paasfestival 2010. Solist is de getalenteerde Oostenrijkse sopraan Anna Prohaska. Op het programma staan Sergej Prokofjevs Scythische Suite, Op. 20, Alban Bergs Lulu-suite voor sopraan en orkest, en Pamina's Aria uit W. A. Mozarts opera De toverfluit. Het orkest speelt tot besluit Pjotr Iljitsj Tsjaikovski's Symfonie nr. 6, Op. 74.","duration":"6554","type":"movie","seasons":"","icon":"https:\/\/t-mobiletv.nl:443\/CPS\/images\/universal\/film\/poster\/202204\/20220405\/73\/2022040521250680321o.jpg","category":"Muziek, Klassieke muziek, Concert","vidcollection":"","ord":"11","datum":"20100101"},"1289330618":{"id":"1289330618","media_id":"","title":"Airmail","first":"A","description":"Een meisje wordt verliefd op een bokser die ze nooit zal kunnen ontmoeten, maar de brief-vogels zullen haar lot voor altijd veranderen. Zullen de berichten in de lucht haar dromen doen uitkomen?","duration":"368","type":"movie","seasons":"","icon":"https:\/\/t-mobiletv.nl:443\/CPS\/images\/universal\/film\/poster\/202210\/20221028\/88\/20221028191528463txe.jpg","category":"Animatie, Kort","vidcollection":"","ord":"30","datum":"20140601"},"1290481004":{"id":"1290481004","media_id":"","title":"Another Homeland","first":"A","description":"Een reis door mysterieuze plaatsen, ruimtes waar Gabriel Garc\u00eda M\u00e1rquez de meeste van zijn boeken en scenario's schreef, de huizen waarin hij woonde, en de vrienden die hij bezocht in zijn dagelijkse leven in Mexico.","duration":"1706","type":"movie","seasons":"","icon":"https:\/\/t-mobiletv.nl:443\/CPS\/images\/universal\/film\/poster\/202210\/20221031\/77\/20221031173618767nj4.jpg","category":"Kort","vidcollection":"","ord":"43","datum":"20210601"},"1289330615":{"id":"1289330615","media_id":"","title":"Anton","first":"A","description":"De tienjarige Anton is het middelpunt van zijn gezin. Zijn ouders raken in financi\u00eble problemen en proberen hem daar buiten te houden. Anton probeert de aandacht van zijn ouders terug te winnen, maar gaat voorbij aan de grenzen van anderen en van hemzelf.","duration":"1465","type":"movie","seasons":"","icon":"https:\/\/t-mobiletv.nl:443\/CPS\/images\/universal\/film\/poster\/202210\/20221028\/79\/20221028194237817w9w.jpg","category":"Drama, Kort, Nederlandstalig","vidcollection":"","ord":"32","datum":"20140601"},"1176552012":{"id":"1176552012","media_id":"","title":"Bach - Goldbergvariaties (BWV 988)","first":"B","description":"De Chinese pianist Zhu Xiao-Mei speelt J. S. Bachs Goldbergvariaties (BWV 988) op het Bachfestival Leipzig. Deze opname werd in juni 2014 gemaakt in de Thomaskerk, waar Bach het grootste deel van zijn carri\u00e8re doorbracht als 'Thomaskantor': de muzikaal leider van het jongenskoor, het Thomanerchor. De Goldbergvariaties bestaan uit \u00e9\u00e9n aria en een verzameling van 30 variaties. Het werk verscheen in 1741 en ontleent z'n naam aan klavecinist Johann Gottlieb Goldberg. De Goldbergvariaties zijn geen melodische variaties op een thema \u2013 niet de melodie, maar de baslijn en akkoordprogressie van de aria vormen de basis voor de variaties. Elke derde variatie in de reeks van 30 is een canon met een stijgend patroon. De Goldbergvariaties behoren tot Bachs meest geliefde werken, die dankzij de legendarische opnames die Glenn Gould in 1955 en 1981 van dit werk maakte een n\u00f3g groter publiek hebben bereikt.","duration":"5160","type":"movie","seasons":"","icon":"https:\/\/t-mobiletv.nl:443\/CPS\/images\/universal\/film\/poster\/202204\/20220406\/17\/202204061114112958ov.jpg","category":"Muziek, Klassieke muziek, Concert","vidcollection":"","ord":"14","datum":"20140101"},"1177408290":{"id":"1177408290","media_id":"","title":"Barbara Hannigan: A Late Night Concert","first":"B","description":"Barbara Hannigan dirigeert het Mahler Chamber Orchestra in deze concertopname vanaf het Lucerne Festival 2014. Er zijn pianisten die tegelijk dirigeren, en concertmeesters die tegelijk dirigeren, maar een stersopraan die een ensemble leidt terwijl ze de lastigste coloraturen zingt... Dat was nog nooit vertoond! Dit concert begint met de Ouverture uit Gioachino Rossini's opera 'La scala di seta', gevolgd door drie concertaria's van W. A. Mozart: Vado, ma dove? O Dei!, K. 583, Un moto di gioia, K. 579 en Misera, dove son? K. 369. Na uitvoeringen van Gy\u00f6rgy Ligeti's 'Concert Rom\u00e2nesc' en 'Mysteries of the Macabre', besluit het concert met Gabriel Faur\u00e9's suite 'Pell\u00e9as et M\u00e9lisande', Op. 80.","duration":"4304","type":"movie","seasons":"","icon":"https:\/\/t-mobiletv.nl:443\/CPS\/images\/universal\/film\/poster\/202204\/20220407\/81\/20220407125210626hcp.jpg","category":"Muziek, Klassieke muziek, Concert","vidcollection":"","ord":"15","datum":"20140101"},"1175963458":{"id":"1175963458","media_id":"","title":"Concerten in quarantaine: Liederen en pianowerken","first":"C","description":"Sopraan Olena Tokar en pianist Igor Grishin voeren Lieder en pianomuziek uit, opgenomen op 30 maart 2020 in Schinkel Pavillon in Berlijn. Het programma begint met vijf liederen van Pauline Viardot: 'Two Roses', 'On Georgia's Hills', 'Evening Song', 'The Gardener', en 'The Mermaid's Song'. Grishin speelt enkele werken voor piano solo: Franz Schuberts Impromptu, opus 90, nr. 2 en 3, en Aleksandr Skrjabins Pianosonate nr. 4, opus 30. Het programma gaat verder met Anton\u00edn Dvo\u0159\u00e1ks Zigeunerliederen, opus 55, met tot besluit vier liederen van Pjotr Iljitsj Tsjaikovski: zijn opus 57 nr. 1, opus 63 nr. 2, opus 38 nr. 2, en opus 47 nr. 6.","duration":"3297","type":"movie","seasons":"","icon":"https:\/\/t-mobiletv.nl:443\/CPS\/images\/universal\/film\/poster\/202204\/20220405\/5\/20220405170721387y04.jpg","category":"Muziek, Klassieke muziek, Concert","vidcollection":"","ord":"8","datum":"20200101"},"1289330630":{"id":"1289330630","media_id":"","title":"Costa Morena","first":"C","description":"De haven van Brindisi (Itali\u00eb). Ettore is een sjofele en eenzame vrachtwagenchauffeur die van zijn werk houdt. Hij gaat van de veerboot in zijn rode truck en komt in een situatie terecht die hem op de proef zal stellen.","duration":"780","type":"movie","seasons":"","icon":"https:\/\/t-mobiletv.nl:443\/CPS\/images\/universal\/film\/poster\/202210\/20221028\/91\/20221028193209010y8x.jpg","category":"Drama, Kort","vidcollection":"","ord":"36","datum":"20190601"},"1277741610":{"id":"1277741610","media_id":"","title":"Counting Backwards","first":"C","description":"Als tiener werd Sally verkracht en hoewel ze de pijn heeft begraven, vergiftigt het langzaam de relatie met haar dochter. Als gebeurtenissen uit het verleden aan het licht komen, worden we gedwongen onze innerlijke moed te onderzoeken.","duration":"1843","type":"movie","seasons":"","icon":"https:\/\/t-mobiletv.nl:443\/CPS\/images\/universal\/film\/poster\/202209\/20220930\/64\/20220930193051091jbo.jpg","category":"Drama, Kort","vidcollection":"","ord":"29","datum":"20140601"},"1277722947":{"id":"1277722947","media_id":"","title":"Cowboys Janken Ook","first":"C","description":"Als Sven na een avondje uit in Amsterdam een gevecht uitlokt, komt zijn beste vriend in een coma terecht, en is er niets anders dan voorheen.","duration":"1436","type":"movie","seasons":"","icon":"https:\/\/t-mobiletv.nl:443\/CPS\/images\/universal\/film\/poster\/202209\/20220930\/40\/20220930185435845fqa.jpg","category":"Drama, Kort","vidcollection":"","ord":"24","datum":"20140601"},"1277722941":{"id":"1277722941","media_id":"","title":"Dhummas","first":"D","description":"Een ontmoeting tussen een oude bedlegerige grootmoeder, die haar geheugen verloren zou hebben, en een jong meisje ontketent een interessant en intrigerend gesprek. Een aantal dingen wordt niet gezegd en het ongezegde vormt de essentie van het verhaal.","duration":"1181","type":"movie","seasons":"","icon":"https:\/\/t-mobiletv.nl:443\/CPS\/images\/universal\/film\/poster\/202209\/20220930\/56\/20220930183117763t1l.jpg","category":"Drama, Kort","vidcollection":"","ord":"20","datum":"20190601"},"1162069858":{"id":"1162069858","media_id":"","title":"Ed Sheeran: Live at iTunes Festival","first":"E","description":"Ed Sheeran weet hoe je een enorme zaal intiem kunt laten aanvoelen. Uitgerust met zijn gitaar en zijn ongelooflijke stem gaf Ed in 2014 een geweldig optreden op het iTunes Festival, dat plaatsvond in het Roundhouse Art Centre in Londen.","duration":"6296","type":"movie","seasons":"","icon":"https:\/\/t-mobiletv.nl:443\/CPS\/images\/universal\/film\/poster\/202203\/20220315\/1\/20220315184902001c54.jpg","category":"Muziek, Folk, Concert","vidcollection":"","ord":"7","datum":"20140101"},"1289330627":{"id":"1289330627","media_id":"","title":"En Pointe","first":"E","description":"Op een podium, ten overstaan van het comit\u00e9 van een prestigieuze Franse balletacademie, vervangt Camilla haar beste vriendin Sara, die na een mysterieus ongeluk is afgehaakt. Maar was het wel een ongeluk?","duration":"515","type":"movie","seasons":"","icon":"https:\/\/t-mobiletv.nl:443\/CPS\/images\/universal\/film\/poster\/202210\/20221028\/73\/20221028192308199pd5.jpg","category":"Drama, Kort","vidcollection":"","ord":"33","datum":"20190601"},"1289331180":{"id":"1289331180","media_id":"","title":"Falling Star","first":"F","description":"De laatste bewuste momenten van Stalin. Een evocatie van de mentale chaos van het Vadertje van het Volk die leed aan waanidee\u00ebn van vervolging en onnoemelijke macht gedurende de drie dagen van zijn doodsstrijd.","duration":"1096","type":"movie","seasons":"","icon":"https:\/\/t-mobiletv.nl:443\/CPS\/images\/universal\/film\/poster\/202210\/20221028\/64\/20221028194737832yeo.jpg","category":"Animatie, Kort","vidcollection":"","ord":"41","datum":"20190601"},"1289330624":{"id":"1289330624","media_id":"","title":"Flower and the Girl","first":"F","description":"Een hartverwarmend verhaal over een schaduwmeisje dat echt wordt.","duration":"536","type":"movie","seasons":"","icon":"https:\/\/t-mobiletv.nl:443\/CPS\/images\/universal\/film\/poster\/202210\/20221028\/27\/20221028192733391w58.jpg","category":"Animatie, Kort","vidcollection":"","ord":"34","datum":"20200601"},"1177406732":{"id":"1177406732","media_id":"","title":"Gabriela Montero speelt Ravel & Montero","first":"G","description":"De Venezolaanse pianist Gabriela Montero wordt in deze opname bijgestaan door het Youth Orchestra of the Americas onder leiding van Carlos Miguel Prieto. Op het programma staan Maurice Ravels Pianoconcert in G, evenals twee van Montero\u2019s eigen werken: het Latin Concerto en improvisaties. Dit concert vond plaats in \u00e9\u00e9n van de spectaculairste concertzalen ter wereld, het Teatro del Lago in Frutillar, gelegen in het midden van de Patagonische steppe. Deze concertzaal, die in 2010 werd geopend, staat op de oevers van het op \u00e9\u00e9n na grootste meer van Chili, met uitzicht op een met eeuwige sneeuw bedekte vulkaan. In het begeleidende interview spreekt Montero over componeren, improviseren, en het uitvoeren van haar eigen werk naast dat van anderen. Zij bespreekt haar thuisland, Venezuela, waar ze om politieke redenen niet meer optreedt.","duration":"5462","type":"movie","seasons":"","icon":"https:\/\/t-mobiletv.nl:443\/CPS\/images\/universal\/film\/poster\/202204\/20220407\/78\/20220407134345839xo5.jpg","category":"Muziek, Klassieke muziek, Concert","vidcollection":"","ord":"16","datum":"20170101"},"1277722938":{"id":"1277722938","media_id":"","title":"Gone","first":"G","description":"Nadat ze op een missie zijn gestuurd om een ??terroristisch bolwerk te lokaliseren, worden twee legersoldaten in krijgsgevangenschap genomen.","duration":"1368","type":"movie","seasons":"","icon":"https:\/\/t-mobiletv.nl:443\/CPS\/images\/universal\/film\/poster\/202209\/20220930\/60\/20220930184732256h1n.jpg","category":"Actie, Kort","vidcollection":"","ord":"21","datum":"20170601"},"1289330621":{"id":"1289330621","media_id":"","title":"Hold Me Down","first":"H","description":"Hold Me Down is gebaseerd op ware gebeurtenissen en toont een dag uit het leven van een 19-jarige alleenstaande moeder die werkt als stripper in een illegale nachtclub om haar kind te onderhouden in het zuiden van de Bronx.","duration":"1583","type":"movie","seasons":"","icon":"https:\/\/t-mobiletv.nl:443\/CPS\/images\/universal\/film\/poster\/202210\/20221028\/6\/20221028195210128qo2.jpg","category":"Drama, Kort","vidcollection":"","ord":"35","datum":"20180601"},"1277722655":{"id":"1277722655","media_id":"","title":"Hungry Joe","first":"H","description":"Een alleenstaande moeder worstelt om een band te krijgen met haar apathische kind, geboren met een onverzadigbare en steeds onmenselijkere eetlust.","duration":"1296","type":"movie","seasons":"","icon":"https:\/\/t-mobiletv.nl:443\/CPS\/images\/universal\/film\/poster\/202209\/20220930\/59\/20220930185240672a98.jpg","category":"Horror, Kort, Thriller","vidcollection":"","ord":"22","datum":"20200601"},"1277741348":{"id":"1277741348","media_id":"","title":"Like","first":"L","description":"Een mysterieuze seriemoordenaar is gastheer van een macabere show waarin hij zijn slachtoffers beproeft en executeert, en dit uitzendt via livestream. Het publiek kan via likes beslissen of het slachtoffer wordt gedood of gespaard.","duration":"1172","type":"movie","seasons":"","icon":"https:\/\/t-mobiletv.nl:443\/CPS\/images\/universal\/film\/poster\/202209\/20220930\/30\/20220930192211771xg8.jpg","category":"Horror, Kort, Thriller","vidcollection":"","ord":"28","datum":"20160601"},"1289331177":{"id":"1289331177","media_id":"","title":"Mr Plastimime","first":"M","description":"De routine van een ondergewaardeerde mimespeler vervaagt in de realiteit met een reeks bijna-ongelukken die uitlopen op een noodlottige ontmoeting voor Mr Plastimime.","duration":"570","type":"movie","seasons":"","icon":"https:\/\/t-mobiletv.nl:443\/CPS\/images\/universal\/film\/poster\/202210\/20221028\/26\/20221028192553807kax.jpg","category":"Animatie, Kort","vidcollection":"","ord":"38","datum":"20140601"},"1277722950":{"id":"1277722950","media_id":"","title":"My Best Friend Is Stuck On The Ceiling","first":"M","description":"Connor, die heimelijk verliefd is op zijn beste vriendin Rach, heeft een geweldig verjaardagscadeau voor haar gekocht - iets dat haar zeker van haar stuk zal brengen.","duration":"602","type":"movie","seasons":"","icon":"https:\/\/t-mobiletv.nl:443\/CPS\/images\/universal\/film\/poster\/202209\/20220930\/8\/20220930181653133ofq.jpg","category":"Kort","vidcollection":"","ord":"25","datum":"20150601"},"1177406735":{"id":"1177406735","media_id":"","title":"Nelsons dirigeert Tsjaikovski en Sjostakovitsj","first":"N","description":"In mei 2019 presenteerde Andris Nelsons, als nieuwe chefdirigent van het Gewandhausorchester Leipzig, een concertprogramma rondom Pjotr Iljitsj Tsjaikovski\u2019s Symfonie nr. 5 en Dmitri Sjostakovitsj' Vioolconcert nr. 1 met de buitengewonde violist Baiba Skride. Tsjaikovski vond zijn werk maar een mislukking, en meende dat zijn creativiteit was uitgeput. Geplaagd door twijfel aan zijn eigen kunnen heeft hij nooit veel vertrouwen ontwikkeld in zijn grote creatieve kracht. Na Tsjaikovski's werk betreedt Baiba Skride het podium met Igor Stravinsky's Elegie voor soloviool, alvorens ze soleert in Sjostakovitsj' Vioolconcert. In Sjostakovitsj' compositie gunt de viool zich geen moment de tijd om te ademen: zonder pauze vertelt het instrument een duister verhaal, dat uitmondt in een vicieuze cirkel van ostinato baslijnen, totdat het instrument tenslotte uitbarst in een prachtig lied.","duration":"6237","type":"movie","seasons":"","icon":"https:\/\/t-mobiletv.nl:443\/CPS\/images\/universal\/film\/poster\/202204\/20220407\/3\/20220407135711443uwi.jpg","category":"Muziek, Klassieke muziek, Concert","vidcollection":"","ord":"18","datum":"20190101"},"1177408293":{"id":"1177408293","media_id":"","title":"Nelsons en Opolais spelen Dvo\u0159\u00e1k","first":"N","description":"Dirigent Andris Nelsons en zijn toenmalige vrouw, de geweldige sopraan Kristine Opolais, presenteren een programma gewijd aan Antonin Dvo\u0159\u00e1k met het Gewandhausorchester Leipzig. Met haar warme, tedere, vriendelijke timbre wekt zij de melodie\u00ebn tot leven die de componist verweefde in zijn gelaagde muziek. Nelsons\u2019 tempo's blijven kalm en ontspannen, waardoor de onge\u00ebvenaarde schoonheid van Dvo\u0159\u00e1ks muziek de kans krijgt tot bloei te komen en het Gewandhaus te betoveren. Het programma begint met 'Othello', een concertouverture voor orkest, Op. 93. Opolais zingt Song to the Moon uit de opera 'Rusalka', Songs my Mother Taught Me uit Zigeunerliederen, Op. 55\/4. Hierop volgen Polonaise en O, marno, marno to je uit 'Rusalka' en Dobr\u00e1! J\u00e1 mu je d\u00e1m!... Jak je mi? uit Bedrich Smetana's opera 'Dalibor'. Het concert sluit af met een uitvoering van Dvo\u0159\u00e1ks Symfonie nr. 9 in e-klein, Op. 95 (\u201cUit de Nieuwe Wereld\u201d). Dit programma werd opgenomen in het Gewandhaus Leipzig in mei 2017.","duration":"6045","type":"movie","seasons":"","icon":"https:\/\/t-mobiletv.nl:443\/CPS\/images\/universal\/film\/poster\/202204\/20220407\/84\/20220407135719654389.jpg","category":"Muziek, Klassieke muziek, Concert","vidcollection":"","ord":"17","datum":"20170101"},"1175963452":{"id":"1175963452","media_id":"","title":"Quarantaineconcerten: Schumann, Reger & Liszt","first":"Q","description":"Tabea Zimmermann (altviool) en Francesco Piemontesi (piano) traden op 17 april 2020 op in Schinkel Pavillon in Berlijn. Op het programma staan Robert Schumanns Phantasiest\u00fccke voor klarinet en piano, Opus 73, Max Regers Suite nr. 1 in g klein, Opus 131d, Franz Liszts L\u00e9gende S.175, nr. 1, en Robert Schumanns M\u00e4rchenbilder, Opus 113.","duration":"3443","type":"movie","seasons":"","icon":"https:\/\/t-mobiletv.nl:443\/CPS\/images\/universal\/film\/poster\/202204\/20220405\/41\/20220405171518399l6u.jpg","category":"Muziek, Klassieke muziek, Concert","vidcollection":"","ord":"10","datum":"20200101"},"1175963449":{"id":"1175963449","media_id":"","title":"Quarantaineconcerten: Severin von Eckardstein","first":"Q","description":"Tussen maart en mei 2020 stelde het Berlijnse Schinkel Pavillon onder de noemer 'Concerts in Quarantine' haar onverwachts vrijgekomen tentoonstellingsruimte ter beschikking van een reeks concerten 'in isolatie'. Als onderdeel van deze reeks speelt pianist Severin von Eckardstein Claude Debussy's Pr\u00e9lude \u00e0 l'apr\u00e8s-midi d'un faune (in het pianoarrangement van Vyacheslav Gryaznov), Fr\u00e9d\u00e9ric Chopins Nocturne Op. 27 Nr. 1, Nikolaj Medtners Elegie\u00ebn voor piano, Op. 59, Nr. 2, Sergej Prokofjevs Pianosonate Nr. 8, Op. 84, en ter besluit Medtners Sprookje, Op. 34, Nr. 2.","duration":"3570","type":"movie","seasons":"","icon":"https:\/\/t-mobiletv.nl:443\/CPS\/images\/universal\/film\/poster\/202204\/20220405\/63\/202204051712467855uz.jpg","category":"Muziek, Klassieke muziek, Concert","vidcollection":"","ord":"9","datum":"20200101"},"1176552009":{"id":"1176552009","media_id":"","title":"Ron Carter - Foursight","first":"R","description":"Een avond met het Foursight Quartet belooft een heerlijke rondleiding door Ron Carters enorme discografie. Sinds zijn debuut in 1959 werkte deze meesterbassist mee aan het ongelooflijke aantal van 2.500 albums. Na vroege ervaringen in de bands van Jaki Byard en Eric Dolphy werd Carter gevraagd voor Miles Davis\u2019 legendarische VSOP, samen met pianist Herbie Hancock, saxofonist Wayne Shorter en drummer Tony Williams. De bassist is een geweldige solist, die even goed tot zijn recht komt in een intieme triobezetting als in een experimentele groep of met een groot orkest. Op Jazz sous les pommiers 2019 doet deze jazzlegende een weloverwogen greep uit zijn rijke oeuvre.","duration":"5170","type":"movie","seasons":"","icon":"https:\/\/t-mobiletv.nl:443\/CPS\/images\/universal\/film\/poster\/202204\/20220406\/72\/20220406111617183e7w.jpg","category":"Muziek, Jazz, Concert","vidcollection":"","ord":"6","datum":"20190101"},"1290916523":{"id":"1290916523","media_id":"","title":"Sexy Shopping","first":"S","description":"Miah, een Bengaalse immigrant, besluit zijn vrouw te vertellen over zijn zware leven in Itali\u00eb.","duration":"937","type":"movie","seasons":"","icon":"https:\/\/t-mobiletv.nl:443\/CPS\/images\/universal\/film\/poster\/202211\/20221101\/41\/20221101172447407h8u.jpg","category":"Kort","vidcollection":"","ord":"44","datum":"20140601"},"1175985187":{"id":"1175985187","media_id":"","title":"Sibelius - Kullervo, Op. 7","first":"S","description":"De Finse percussionist en dirigent Santtu-Matias Rouvali leidt het G\u00f6teborg Symfonieorkest en het Orphei Dr\u00e4ngar Mannenkoor in een uitvoering van Jean Sibelius' Kullervo, Op. 7. Solisten zijn de sopraan Johanna Rusanen-Kartano en bariton Ville Rusanen. Dit werk, dat vaak als 'koorsymfonie' wordt gezien, is een suite van symfonische delen. Toch vermijdt het de traditionele symfonische opbouw: de vijf delen vormen een set opzichzelfstaande toondichten. In Sibelius' leven werd het werk slechts vier keer uitgevoerd. De componist weigerde het uit te geven: hij gaf pas kort voor zijn dood in 1957 toestemming tot publicatie. Deze opname is gemaakt in 2018 in Konserthuset G\u00f6teborg.","duration":"5004","type":"movie","seasons":"","icon":"https:\/\/t-mobiletv.nl:443\/CPS\/images\/universal\/film\/poster\/202204\/20220405\/7\/20220405201701911i6t.jpg","category":"Muziek, Klassieke muziek, Concert","vidcollection":"","ord":"13","datum":"20180101"},"1175985181":{"id":"1175985181","media_id":"","title":"Sjtsjedrins Dubbelconcert, Franck en Dvor\u00e1k","first":"S","description":"Het Lucerne Symphony Orchestra onder leiding van Neeme J\u00e4rvi presenteert de wereldpremi\u00e8re van Rodion Sjtsjedrins Dubbelconcert voor cello, piano en orkest. De solisten zijn Martha Argerich (piano) en Mischa Maisky (cello). Op het programma staan Anton\u00edn Dvo\u0159\u00e1ks Scherzo capriccioso in Des, Op. 66, B 131, Sjtsjedrins bovengenoemde Dubbelconcert \"Romantic Offering\", C\u00e9sar Francks Sonate voor piano en cello in A, en Dmitri Sjostakovitsj's Symfonie nr. 9, Op. 70. Deze premi\u00e8re-uitvoering werd opgenomen in het Kultuur- en Congrescentrum van Luzern, het KKL, op 9 februari 2011. Het Lucerne Symphony Orchestra, orkest-in-residentie in het KKL, is het oudste symfonieorkest van Zwitserland en heeft internationaal grote faam opgebouwd.","duration":"6704","type":"movie","seasons":"","icon":"https:\/\/t-mobiletv.nl:443\/CPS\/images\/universal\/film\/poster\/202204\/20220405\/3\/20220405211533064gmm.jpg","category":"Muziek, Klassieke muziek, Concert","vidcollection":"","ord":"12","datum":"20110101"},"1289331174":{"id":"1289331174","media_id":"","title":"Take My Hand","first":"T","description":"Een jonge vrouw is gebroken en rouwt om het verlies van haar enige kind wanneer haar beste vrienden haar te hulp schieten. De onophoudelijke pijn van de vrouw vertroebelt haar vermogen om te geloven.","duration":"1036","type":"movie","seasons":"","icon":"https:\/\/t-mobiletv.nl:443\/CPS\/images\/universal\/film\/poster\/202210\/20221028\/15\/2022102819420572223g.jpg","category":"Drama, Kort","vidcollection":"","ord":"37","datum":"20190601"},"1289330636":{"id":"1289330636","media_id":"","title":"The Boogie Man","first":"T","description":"Een jonge, vastberaden danseres raakt verwikkeld in een confrontatie met een mysterieuze aanwezigheid, verborgen achter een kastdeur.","duration":"380","type":"movie","seasons":"","icon":"https:\/\/t-mobiletv.nl:443\/CPS\/images\/universal\/film\/poster\/202210\/20221028\/50\/20221028191543908luk.jpg","category":"Horror, Kort","vidcollection":"","ord":"40","datum":"20190601"},"1277722658":{"id":"1277722658","media_id":"","title":"The Fig Tree","first":"T","description":"Extremadura (Spanje), 19e eeuw. Vier herders komen overeen om een kaartspel te laten beslissen wie van hen de landeigenaar van het dorp zal doden.","duration":"1055","type":"movie","seasons":"","icon":"https:\/\/t-mobiletv.nl:443\/CPS\/images\/universal\/film\/poster\/202209\/20220930\/27\/20220930182755512uda.jpg","category":"Drama, Kort","vidcollection":"","ord":"19","datum":"20190601"},"1277722652":{"id":"1277722652","media_id":"","title":"The Observer Effect","first":"T","description":"Een vrouw wordt achtervolgd door een man met moordlustige gedachten. Als het noodlottige tijdstip nadert, gebeuren er wrede dingen waardoor de ongelooflijke waarheid en een geheim dat hun leven zal veranderen boven tafel komt.","duration":"1137","type":"movie","seasons":"","icon":"https:\/\/t-mobiletv.nl:443\/CPS\/images\/universal\/film\/poster\/202209\/20220930\/34\/202209301834088976wz.jpg","category":"Kort, Thriller","vidcollection":"","ord":"17","datum":"20170601"},"1277722935":{"id":"1277722935","media_id":"","title":"The Plan","first":"T","description":"In een afgelegen landhuis volgt een schepsel de bevelen van zijn meester op om een duister plan uit te voeren dat de wereld zal veranderen. Ondertussen is een wanhopige vader op zoek naar zijn vermiste dochter.","duration":"751","type":"movie","seasons":"","icon":"https:\/\/t-mobiletv.nl:443\/CPS\/images\/universal\/film\/poster\/202209\/20220930\/86\/202209301823295243it.jpg","category":"Horror, Kort","vidcollection":"","ord":"16","datum":"20170601"},"1289330612":{"id":"1289330612","media_id":"","title":"To Gerard","first":"T","description":"Gerard, een oude postbode, weet een jong meisje genaamd Jules te charmeren met een goocheltruc. Op dat moment zetten deze twee artiesten een kettingreactie in gang die hun leven voor altijd zal veranderen.","duration":"425","type":"movie","seasons":"","icon":"https:\/\/t-mobiletv.nl:443\/CPS\/images\/universal\/film\/poster\/202210\/20221028\/2\/20221028191916088uum.jpg","category":"Animatie, Kort","vidcollection":"","ord":"31","datum":"20200601"},"1277722649":{"id":"1277722649","media_id":"","title":"Toothache","first":"T","description":"Nadat Amanda's tanden beginnen uit te vallen, zal ze snel de gruwelijke reden ontdekken waarom.","duration":"293","type":"movie","seasons":"","icon":"https:\/\/t-mobiletv.nl:443\/CPS\/images\/universal\/film\/poster\/202209\/20220930\/50\/20220930181233044z4e.jpg","category":"Horror, Kort","vidcollection":"","ord":"15","datum":"20190601"},"1289331183":{"id":"1289331183","media_id":"","title":"True Colours","first":"T","description":"0","duration":"615","type":"movie","seasons":"","icon":"https:\/\/t-mobiletv.nl:443\/CPS\/images\/universal\/film\/poster\/202210\/20221028\/63\/20221028192700034tbw.jpg","category":"Drama, Kort","vidcollection":"","ord":"42","datum":"20210601"},"1277741602":{"id":"1277741602","media_id":"","title":"Tulip Hill","first":"T","description":"In het holst van de nacht worden in 1876 twee mensen naar de gevangenis gebracht: een kindermeisje dat zal worden opgehangen en een tienjarig meisje dat niet weet wat ze heeft gedaan.","duration":"594","type":"movie","seasons":"","icon":"https:\/\/t-mobiletv.nl:443\/CPS\/images\/universal\/film\/poster\/202209\/20220930\/29\/20220930191801456e52.jpg","category":"Drama, Kort","vidcollection":"","ord":"26","datum":"20160601"},"1277722661":{"id":"1277722661","media_id":"","title":"Unremarkable","first":"U","description":"Een verhaal over een vrouw die tijdens een vakantie met haar familie wordt doodgeschoten, en over de verschillende mensen - de politie, de begrafenisondernemer, haar familie - die met haar lichaam in aanraking komen op weg naar haar begrafenis.","duration":"765","type":"movie","seasons":"","icon":"https:\/\/t-mobiletv.nl:443\/CPS\/images\/universal\/film\/poster\/202209\/20220930\/29\/202209301820327840j3.jpg","category":"Drama, Kort","vidcollection":"","ord":"23","datum":"20150601"},"1277722944":{"id":"1277722944","media_id":"","title":"Washed Away","first":"W","description":"Op een winderig strand vindt een rouwende schilder Picasso's Guernica in het zand getekend. Hij bewondert de kunst, maar ziet dat de vloed opkomt. Als hij de zee niet kan tegenhouden, moet hij zich overgeven aan de vergankelijkheid van het leven.","duration":"489","type":"movie","seasons":"","icon":"https:\/\/t-mobiletv.nl:443\/CPS\/images\/universal\/film\/poster\/202209\/20220930\/33\/20220930181627212p62.jpg","category":"Drama, Kort","vidcollection":"","ord":"18","datum":"20190601"},"1277741351":{"id":"1277741351","media_id":"","title":"Woman Outside","first":"W","description":"Een mentaal onstabiele dakloze vrouw maakt een onverwachte connectie met een zakenvrouw die gevangen zit in een moeizaam huwelijk.","duration":"1164","type":"movie","seasons":"","icon":"https:\/\/t-mobiletv.nl:443\/CPS\/images\/universal\/film\/poster\/202209\/20220930\/96\/20220930192217187uug.jpg","category":"Drama, Kort","vidcollection":"","ord":"27","datum":"20150601"}}