{"crid:~~2F~~2Fog.libertyglobal.com~~2F38400~~2F100FOOTWAVE":{"id":"crid:~~2F~~2Fog.libertyglobal.com~~2F38400~~2F100FOOTWAVE","title":"100 Foot Wave","first":"other","description":"De serie legt op intieme wijze de tien jaar durende reis vast van surfpionier Garrett McNamara. Nadat hij Nazare, Portugal bezocht in de hoop te surfen op een \"100-foot wave\", dreef hij de sport naar steeds grotere hoogten.","duration":"0","type":"show","seasons":"[{\"seriesNumber\":1,\"id\":\"crid:~~2F~~2Fog.libertyglobal.com~~2F38400~~2FZ173971\"}]","icon":"https:\/\/staticqbr-nl-prod.prod.cdn.dmdsdp.com\/image-service\/ImagesEPG\/OndemandImages\/OBO\/GI\/crid~~3A~~2F~~2Fog.libertyglobal.com~~2F38400~~2F100FOOTWAVE\/793bb4c8fa9bfa03a3c914b2ca2d329a.jpg","category":"Drama, Ware verhalen","vidcollection":"","ord":"3","datum":"19700101"},"crid:~~2F~~2Fog.libertyglobal.com~~2F38400~~2FAFFAIRTHE":{"id":"crid:~~2F~~2Fog.libertyglobal.com~~2F38400~~2FAFFAIRTHE","title":"Affair, The","first":"A","description":"","duration":"0","type":"show","seasons":"[{\"seriesNumber\":1,\"id\":\"crid:~~2F~~2Fog.libertyglobal.com~~2F38400~~2FZ173477\"}]","icon":"https:\/\/staticqbr-nl-prod.prod.cdn.dmdsdp.com\/image-service\/ImagesEPG\/OndemandImages\/OBO\/GI\/crid~~3A~~2F~~2Fog.libertyglobal.com~~2F38400~~2FAFFAIRTHE\/ae22d01a4c28af49f6a0bf48aef9fd90.jpg","category":"Dramaseries, Melodrama","vidcollection":"","ord":"6","datum":"19700101"},"crid:~~2F~~2Fog.libertyglobal.com~~2F38400~~2FAMERICANRUST":{"id":"crid:~~2F~~2Fog.libertyglobal.com~~2F38400~~2FAMERICANRUST","title":"American Rust","first":"A","description":"","duration":"0","type":"show","seasons":"[{\"seriesNumber\":1,\"id\":\"crid:~~2F~~2Fog.libertyglobal.com~~2F38400~~2FZ173454\"}]","icon":"https:\/\/staticqbr-nl-prod.prod.cdn.dmdsdp.com\/image-service\/ImagesEPG\/OndemandImages\/OBO\/GI\/crid~~3A~~2F~~2Fog.libertyglobal.com~~2F38400~~2FAMERICANRUST\/4f66a07e44c8510ce3207d3957994061.jpg","category":"","vidcollection":"","ord":"9","datum":"19700101"},"crid:~~2F~~2Fog.libertyglobal.com~~2F38400~~2FBETTY":{"id":"crid:~~2F~~2Fog.libertyglobal.com~~2F38400~~2FBETTY","title":"Betty","first":"B","description":"Een diverse groep jonge vrouwen zoekt hun weg in de door mannen gedomineerde wereld van het skateboarden in New York City.","duration":"0","type":"show","seasons":"[{\"seriesNumber\":1,\"id\":\"crid:~~2F~~2Fog.libertyglobal.com~~2F38400~~2FZ162635\"},{\"seriesNumber\":2,\"id\":\"crid:~~2F~~2Fog.libertyglobal.com~~2F38400~~2FZ170467\"}]","icon":"https:\/\/staticqbr-nl-prod.prod.cdn.dmdsdp.com\/image-service\/ImagesEPG\/OndemandImages\/OBO\/GI\/crid~~3A~~2F~~2Fog.libertyglobal.com~~2F38400~~2FBETTY\/b20b8a84b6987519d478df73cafd7320.jpg","category":"Komedie","vidcollection":"","ord":"12","datum":"19700101"},"crid:~~2F~~2Fog.libertyglobal.com~~2F38400~~2FBLACKMONDAY":{"id":"crid:~~2F~~2Fog.libertyglobal.com~~2F38400~~2FBLACKMONDAY","title":"Black Monday","first":"B","description":"","duration":"0","type":"show","seasons":"[{\"seriesNumber\":1,\"id\":\"crid:~~2F~~2Fog.libertyglobal.com~~2F38400~~2FZ173482\"},{\"seriesNumber\":2,\"id\":\"crid:~~2F~~2Fog.libertyglobal.com~~2F38400~~2FZ173483\"}]","icon":"https:\/\/staticqbr-nl-prod.prod.cdn.dmdsdp.com\/image-service\/ImagesEPG\/OndemandImages\/OBO\/GI\/crid~~3A~~2F~~2Fog.libertyglobal.com~~2F38400~~2FBLACKMONDAY\/09df0a169e81e77bb7e1399bf665d7f0.jpg","category":"","vidcollection":"","ord":"16","datum":"19700101"},"crid:~~2F~~2Fog.libertyglobal.com~~2F38400~~2FBLOODTREASURE":{"id":"crid:~~2F~~2Fog.libertyglobal.com~~2F38400~~2FBLOODTREASURE","title":"Blood & Treasure","first":"B","description":"","duration":"0","type":"show","seasons":"[{\"seriesNumber\":1,\"id\":\"crid:~~2F~~2Fog.libertyglobal.com~~2F38400~~2FZ173553\"}]","icon":"https:\/\/staticqbr-nl-prod.prod.cdn.dmdsdp.com\/image-service\/ImagesEPG\/OndemandImages\/OBO\/GI\/crid~~3A~~2F~~2Fog.libertyglobal.com~~2F38400~~2FBLOODTREASURE\/293110da87a0f3261a48e4063dcde3e3.jpg","category":"","vidcollection":"","ord":"17","datum":"19700101"},"crid:~~2F~~2Fog.libertyglobal.com~~2F38400~~2FBLUEBLOODS":{"id":"crid:~~2F~~2Fog.libertyglobal.com~~2F38400~~2FBLUEBLOODS","title":"Blue Bloods","first":"B","description":"","duration":"0","type":"show","seasons":"[{\"seriesNumber\":1,\"id\":\"crid:~~2F~~2Fog.libertyglobal.com~~2F38400~~2FZ173678\"}]","icon":"https:\/\/staticqbr-nl-prod.prod.cdn.dmdsdp.com\/image-service\/ImagesEPG\/OndemandImages\/OBO\/GI\/crid~~3A~~2F~~2Fog.libertyglobal.com~~2F38400~~2FBLUEBLOODS\/06e055dcc7bfca3b0a13ff29985410b8.jpg","category":"","vidcollection":"","ord":"18","datum":"19700101"},"crid:~~2F~~2Fog.libertyglobal.com~~2F38400~~2FCALIFORNICATION":{"id":"crid:~~2F~~2Fog.libertyglobal.com~~2F38400~~2FCALIFORNICATION","title":"Californication","first":"C","description":"","duration":"0","type":"show","seasons":"[{\"seriesNumber\":1,\"id\":\"crid:~~2F~~2Fog.libertyglobal.com~~2F38400~~2FZ173484\"},{\"seriesNumber\":2,\"id\":\"crid:~~2F~~2Fog.libertyglobal.com~~2F38400~~2FZ173485\"},{\"seriesNumber\":3,\"id\":\"crid:~~2F~~2Fog.libertyglobal.com~~2F38400~~2FZ173486\"},{\"seriesNumber\":4,\"id\":\"crid:~~2F~~2Fog.libertyglobal.com~~2F38400~~2FZ173487\"},{\"seriesNumber\":5,\"id\":\"crid:~~2F~~2Fog.libertyglobal.com~~2F38400~~2FZ173488\"}]","icon":"https:\/\/staticqbr-nl-prod.prod.cdn.dmdsdp.com\/image-service\/ImagesEPG\/OndemandImages\/OBO\/GI\/crid~~3A~~2F~~2Fog.libertyglobal.com~~2F38400~~2FCALIFORNICATION\/1b8696b319f57fc8d55637f5f81c7694.jpg","category":"","vidcollection":"","ord":"22","datum":"19700101"},"crid:~~2F~~2Fog.libertyglobal.com~~2F38400~~2FCITYONAHILL":{"id":"crid:~~2F~~2Fog.libertyglobal.com~~2F38400~~2FCITYONAHILL","title":"City on a Hill","first":"C","description":"In het begin van de jaren 90 was corruptie en racisme de norm in Boston, totdat een Afrikaans-Amerikaanse districtsprocureur uit Brooklyn in de stad aankwam en voor verandering pleitte.","duration":"0","type":"show","seasons":"[{\"seriesNumber\":1,\"id\":\"crid:~~2F~~2Fog.libertyglobal.com~~2F38400~~2FZ173491\"},{\"seriesNumber\":2,\"id\":\"crid:~~2F~~2Fog.libertyglobal.com~~2F38400~~2FZ173456\"}]","icon":"https:\/\/staticqbr-nl-prod.prod.cdn.dmdsdp.com\/image-service\/ImagesEPG\/OndemandImages\/OBO\/GI\/crid~~3A~~2F~~2Fog.libertyglobal.com~~2F38400~~2FCITYONAHILL\/2ac93156e2fe0c94f8f4ffe893adaa52.jpg","category":"Dramaseries, Melodrama","vidcollection":"","ord":"25","datum":"19700101"},"crid:~~2F~~2Fog.libertyglobal.com~~2F38400~~2FCURBYOURENTHUSIASM":{"id":"crid:~~2F~~2Fog.libertyglobal.com~~2F38400~~2FCURBYOURENTHUSIASM","title":"Curb Your Enthusiasm","first":"C","description":"Larry David is... Larry David, die het goede leven leidt in Los Angeles en van de ene na de andere misstap struikelt.","duration":"0","type":"show","seasons":"[{\"seriesNumber\":9,\"id\":\"crid:~~2F~~2Fog.libertyglobal.com~~2F38400~~2FZ141783\"},{\"seriesNumber\":10,\"id\":\"crid:~~2F~~2Fog.libertyglobal.com~~2F38400~~2FZ158561\"},{\"seriesNumber\":11,\"id\":\"crid:~~2F~~2Fog.libertyglobal.com~~2F38400~~2FZ172859\"}]","icon":"https:\/\/staticqbr-nl-prod.prod.cdn.dmdsdp.com\/image-service\/ImagesEPG\/OndemandImages\/OBO\/GI\/crid~~3A~~2F~~2Fog.libertyglobal.com~~2F38400~~2FCURBYOURENTHUSIASM\/1e5cf69b43c050454f5eb82efea2fdea.jpg","category":"Komedie","vidcollection":"","ord":"31","datum":"19700101"},"crid:~~2F~~2Fog.libertyglobal.com~~2F38400~~2FDEADWOOD":{"id":"crid:~~2F~~2Fog.libertyglobal.com~~2F38400~~2FDEADWOOD","title":"Deadwood","first":"D","description":"In een tijdperk van plundering en hebzucht trekt de grootste goudvondst in de Amerikaanse geschiedenis een horde rusteloze buitenbeentjes naar een outlaw-nederzetting waar alles en iedereen een prijs heeft. Welkom in Deadwood...","duration":"0","type":"show","seasons":"[{\"seriesNumber\":1,\"id\":\"crid:~~2F~~2Fog.libertyglobal.com~~2F38400~~2FZ173682\"}]","icon":"https:\/\/staticqbr-nl-prod.prod.cdn.dmdsdp.com\/image-service\/ImagesEPG\/OndemandImages\/OBO\/GI\/crid~~3A~~2F~~2Fog.libertyglobal.com~~2F38400~~2FDEADWOOD\/bc6660a5584022386cbc828565549fa7.jpg","category":"Dramaseries, Melodrama","vidcollection":"","ord":"36","datum":"19700101"},"crid:~~2F~~2Fog.libertyglobal.com~~2F38400~~2FDEXTER":{"id":"crid:~~2F~~2Fog.libertyglobal.com~~2F38400~~2FDEXTER","title":"Dexter","first":"D","description":"","duration":"0","type":"show","seasons":"[{\"seriesNumber\":1,\"id\":\"crid:~~2F~~2Fog.libertyglobal.com~~2F38400~~2FZ173492\"}]","icon":"https:\/\/staticqbr-nl-prod.prod.cdn.dmdsdp.com\/image-service\/ImagesEPG\/OndemandImages\/OBO\/GI\/crid~~3A~~2F~~2Fog.libertyglobal.com~~2F38400~~2FDEXTER\/6cebee1068664e2fbed3167538f5383c.jpg","category":"","vidcollection":"","ord":"37","datum":"19700101"},"crid:~~2F~~2Fog.libertyglobal.com~~2F38400~~2FEVIL":{"id":"crid:~~2F~~2Fog.libertyglobal.com~~2F38400~~2FEVIL","title":"Evil","first":"E","description":"Een sceptische vrouwelijke psycholoog sluit zich aan bij een priester in opleiding en een aannemer om samen de meest onverklaarbare mysteries op te lossen.","duration":"0","type":"show","seasons":"[{\"seriesNumber\":1,\"id\":\"crid:~~2F~~2Fog.libertyglobal.com~~2F38400~~2FZ173458\"},{\"seriesNumber\":2,\"id\":\"crid:~~2F~~2Fog.libertyglobal.com~~2F38400~~2FZ173835\"}]","icon":"https:\/\/staticqbr-nl-prod.prod.cdn.dmdsdp.com\/image-service\/ImagesEPG\/OndemandImages\/OBO\/GI\/crid~~3A~~2F~~2Fog.libertyglobal.com~~2F38400~~2FEVIL\/01ee9e211939594422888862a7ead096.jpg","category":"Dramaseries, Horror","vidcollection":"","ord":"39","datum":"19700101"},"crid:~~2F~~2Fog.libertyglobal.com~~2F38400~~2FFLATBUSHMISDEMEANORS":{"id":"crid:~~2F~~2Fog.libertyglobal.com~~2F38400~~2FFLATBUSHMISDEMEANORS","title":"Flatbush Misdemeanors","first":"F","description":"","duration":"0","type":"show","seasons":"[{\"seriesNumber\":1,\"id\":\"crid:~~2F~~2Fog.libertyglobal.com~~2F38400~~2FZ173588\"}]","icon":"https:\/\/staticqbr-nl-prod.prod.cdn.dmdsdp.com\/image-service\/ImagesEPG\/OndemandImages\/OBO\/GI\/crid~~3A~~2F~~2Fog.libertyglobal.com~~2F38400~~2FFLATBUSHMISDEMEANORS\/ae7e9df81de853c06c43471bd150de5c.jpg","category":"","vidcollection":"","ord":"44","datum":"19700101"},"crid:~~2F~~2Fog.libertyglobal.com~~2F38400~~2FGOODFIGHTTHE":{"id":"crid:~~2F~~2Fog.libertyglobal.com~~2F38400~~2FGOODFIGHTTHE","title":"Good Fight, The","first":"G","description":"","duration":"0","type":"show","seasons":"[{\"seriesNumber\":1,\"id\":\"crid:~~2F~~2Fog.libertyglobal.com~~2F38400~~2FZ173500\"},{\"seriesNumber\":2,\"id\":\"crid:~~2F~~2Fog.libertyglobal.com~~2F38400~~2FZ173501\"}]","icon":"https:\/\/staticqbr-nl-prod.prod.cdn.dmdsdp.com\/image-service\/ImagesEPG\/OndemandImages\/OBO\/GI\/crid~~3A~~2F~~2Fog.libertyglobal.com~~2F38400~~2FGOODFIGHTTHE\/cc7bb52e2372dbabcedbd1ae90df23f2.jpg","category":"","vidcollection":"","ord":"47","datum":"19700101"},"crid:~~2F~~2Fog.libertyglobal.com~~2F38400~~2FGOODLORDBIRDTHE":{"id":"crid:~~2F~~2Fog.libertyglobal.com~~2F38400~~2FGOODLORDBIRDTHE","title":"Good Lord Bird, The","first":"G","description":"","duration":"0","type":"show","seasons":"[{\"seriesNumber\":1,\"id\":\"crid:~~2F~~2Fog.libertyglobal.com~~2F38400~~2FZ173591\"}]","icon":"https:\/\/staticqbr-nl-prod.prod.cdn.dmdsdp.com\/image-service\/ImagesEPG\/OndemandImages\/OBO\/GI\/crid~~3A~~2F~~2Fog.libertyglobal.com~~2F38400~~2FGOODLORDBIRDTHE\/52e86a041c7a88a00dfa9e6a83c94aed.jpg","category":"","vidcollection":"","ord":"48","datum":"19700101"},"crid:~~2F~~2Fog.libertyglobal.com~~2F38400~~2FGOODWIFETHE":{"id":"crid:~~2F~~2Fog.libertyglobal.com~~2F38400~~2FGOODWIFETHE","title":"Good Wife, The","first":"G","description":"","duration":"0","type":"show","seasons":"[{\"seriesNumber\":1,\"id\":\"crid:~~2F~~2Fog.libertyglobal.com~~2F38400~~2FZ173685\"}]","icon":"https:\/\/staticqbr-nl-prod.prod.cdn.dmdsdp.com\/image-service\/ImagesEPG\/OndemandImages\/OBO\/GI\/crid~~3A~~2F~~2Fog.libertyglobal.com~~2F38400~~2FGOODWIFETHE\/32782128613f06154756ffb99ed99704.jpg","category":"","vidcollection":"","ord":"49","datum":"19700101"},"crid:~~2F~~2Fog.libertyglobal.com~~2F38400~~2FHARPERHOUSETHE":{"id":"crid:~~2F~~2Fog.libertyglobal.com~~2F38400~~2FHARPERHOUSETHE","title":"Harper House, The","first":"H","description":"The Harper House volgt een overmoedig vrouwelijk gezinshoofd in haar strijd om een hogere status voor zichzelf en voor haar familie te bereiken, nadat ze haar baan is kwijtgeraakt.","duration":"0","type":"show","seasons":"[{\"seriesNumber\":1,\"id\":\"crid:~~2F~~2Fog.libertyglobal.com~~2F38400~~2FZ173594\"}]","icon":"https:\/\/staticqbr-nl-prod.prod.cdn.dmdsdp.com\/image-service\/ImagesEPG\/OndemandImages\/OBO\/GI\/crid~~3A~~2F~~2Fog.libertyglobal.com~~2F38400~~2FHARPERHOUSETHE\/256700679d54c47ae23194d42cda414a.jpg","category":"Komedie","vidcollection":"","ord":"52","datum":"19700101"},"crid:~~2F~~2Fog.libertyglobal.com~~2F38400~~2FHOUSEBROKEN":{"id":"crid:~~2F~~2Fog.libertyglobal.com~~2F38400~~2FHOUSEBROKEN","title":"Housebroken","first":"H","description":"","duration":"0","type":"show","seasons":"[{\"seriesNumber\":1,\"id\":\"crid:~~2F~~2Fog.libertyglobal.com~~2F38400~~2FZ173595\"}]","icon":"https:\/\/staticqbr-nl-prod.prod.cdn.dmdsdp.com\/image-service\/ImagesEPG\/OndemandImages\/OBO\/GI\/crid~~3A~~2F~~2Fog.libertyglobal.com~~2F38400~~2FHOUSEBROKEN\/b680cc787eb3d40d027cf0bdeb2a4692.jpg","category":"","vidcollection":"","ord":"59","datum":"19700101"},"crid:~~2F~~2Fog.libertyglobal.com~~2F38400~~2FINTHEDARK":{"id":"crid:~~2F~~2Fog.libertyglobal.com~~2F38400~~2FINTHEDARK","title":"In the Dark","first":"I","description":"Murphy, een blinde vrouw van in de twintig, gaat door het leven in een dronken waas. Ze heeft maar twee vrienden: Jess, haar verstandige kamergenote en Tyson, een drugsdealer die haar redde van een gewelddadige overval.","duration":"0","type":"show","seasons":"[{\"seriesNumber\":1,\"id\":\"crid:~~2F~~2Fog.libertyglobal.com~~2F38400~~2FZ173557\"},{\"seriesNumber\":2,\"id\":\"crid:~~2F~~2Fog.libertyglobal.com~~2F38400~~2FZ173558\"}]","icon":"https:\/\/staticqbr-nl-prod.prod.cdn.dmdsdp.com\/image-service\/ImagesEPG\/OndemandImages\/OBO\/GI\/crid~~3A~~2F~~2Fog.libertyglobal.com~~2F38400~~2FINTHEDARK\/0840ed8c2e667a6bca2836a5e55ee36e.jpg","category":"Dramaseries, Melodrama","vidcollection":"","ord":"62","datum":"19700101"},"crid:~~2F~~2Fog.libertyglobal.com~~2F38400~~2FINTREATMENT":{"id":"crid:~~2F~~2Fog.libertyglobal.com~~2F38400~~2FINTREATMENT","title":"In Treatment","first":"I","description":"Verschillende cli\u00ebnten zijn in behandeling bij Brooke in Los Angeles. Kwesties zoals de wereldwijde pandemie en recente sociale- en culturele verschuivingen vormen een achtergrond voor het werk van Brooke.","duration":"0","type":"show","seasons":"[{\"seriesNumber\":4,\"id\":\"crid:~~2F~~2Fog.libertyglobal.com~~2F38400~~2FZ173973\"}]","icon":"https:\/\/staticqbr-nl-prod.prod.cdn.dmdsdp.com\/image-service\/ImagesEPG\/OndemandImages\/OBO\/GI\/crid~~3A~~2F~~2Fog.libertyglobal.com~~2F38400~~2FINTREATMENT\/aea46b4ed9f0bce424542e8446203f72.jpg","category":"Dramaseries, Melodrama","vidcollection":"","ord":"63","datum":"19700101"},"crid:~~2F~~2Fog.libertyglobal.com~~2F38400~~2FINSECURE":{"id":"crid:~~2F~~2Fog.libertyglobal.com~~2F38400~~2FINSECURE","title":"Insecure","first":"I","description":"Het vijfde en laatste seizoen van Insecure. Issa Dee en haar beste vriendin Molly delen vriendschap en ongemakkelijke ervaringen in Los Angeles.","duration":"0","type":"show","seasons":"[{\"seriesNumber\":1,\"id\":\"crid:~~2F~~2Fog.libertyglobal.com~~2F38400~~2FZ132641\"},{\"seriesNumber\":2,\"id\":\"crid:~~2F~~2Fog.libertyglobal.com~~2F38400~~2FZ142097\"},{\"seriesNumber\":3,\"id\":\"crid:~~2F~~2Fog.libertyglobal.com~~2F38400~~2FZ147335\"},{\"seriesNumber\":4,\"id\":\"crid:~~2F~~2Fog.libertyglobal.com~~2F38400~~2FZ157912\"},{\"seriesNumber\":5,\"id\":\"crid:~~2F~~2Fog.libertyglobal.com~~2F38400~~2FZ172413\"}]","icon":"https:\/\/staticqbr-nl-prod.prod.cdn.dmdsdp.com\/image-service\/ImagesEPG\/OndemandImages\/OBO\/GI\/crid~~3A~~2F~~2Fog.libertyglobal.com~~2F38400~~2FINSECURE\/c2cc1fda983f05c745b4657efa832cfa.jpg","category":"Komedie","vidcollection":"","ord":"60","datum":"19700101"},"crid:~~2F~~2Fog.libertyglobal.com~~2F38400~~2FJOEPICKETT":{"id":"crid:~~2F~~2Fog.libertyglobal.com~~2F38400~~2FJOEPICKETT","title":"Joe Pickett","first":"J","description":"Als de nieuwe Game Warden van Saddlestring, Wyoming, moet Joe een moord onderzoeken die te dicht bij huis komt en zijn familie in gevaar brengt.","duration":"0","type":"show","seasons":"[{\"seriesNumber\":1,\"id\":\"crid:~~2F~~2Fog.libertyglobal.com~~2F38400~~2FZ173597\"}]","icon":"https:\/\/staticqbr-nl-prod.prod.cdn.dmdsdp.com\/image-service\/ImagesEPG\/OndemandImages\/OBO\/GI\/crid~~3A~~2F~~2Fog.libertyglobal.com~~2F38400~~2FJOEPICKETT\/cf55acf6acda328fee14bd62d9828939.jpg","category":"Dramaseries, Melodrama","vidcollection":"","ord":"66","datum":"19700101"},"crid:~~2F~~2Fog.libertyglobal.com~~2F38400~~2FKIDDING":{"id":"crid:~~2F~~2Fog.libertyglobal.com~~2F38400~~2FKIDDING","title":"Kidding","first":"K","description":"Jeff, alias Mr. Pickles, is een icoon op de Amerikaanse kindertelevisie. Maar wanneer zijn familie uit elkaar dreigt te vallen realiseert hij zich dat geen van zijn sprookjes of handpoppen hem zullen steunen tijdens deze moeilijke periode.","duration":"0","type":"show","seasons":"[{\"seriesNumber\":1,\"id\":\"crid:~~2F~~2Fog.libertyglobal.com~~2F38400~~2FZ173559\"}]","icon":"https:\/\/staticqbr-nl-prod.prod.cdn.dmdsdp.com\/image-service\/ImagesEPG\/OndemandImages\/OBO\/GI\/crid~~3A~~2F~~2Fog.libertyglobal.com~~2F38400~~2FKIDDING\/65a6c5d5893afb4f55a3aa86c1c2972c.jpg","category":"Sitcoms","vidcollection":"","ord":"67","datum":"19700101"},"crid:~~2F~~2Fog.libertyglobal.com~~2F38400~~2FLOUDESTVOICETHE":{"id":"crid:~~2F~~2Fog.libertyglobal.com~~2F38400~~2FLOUDESTVOICETHE","title":"Loudest Voice, The","first":"L","description":"De nietsontziende Roger Ailes gaat aan de slag voor de nieuwe zender Fox News van Rupert Murdoch. Hij wil conservatieve kijkers hun eigen nieuws brengen, dat niet per se over feiten hoeft te gaan.","duration":"0","type":"show","seasons":"[{\"seriesNumber\":1,\"id\":\"crid:~~2F~~2Fog.libertyglobal.com~~2F38400~~2FZ154005\"}]","icon":"https:\/\/staticqbr-nl-prod.prod.cdn.dmdsdp.com\/image-service\/ImagesEPG\/OndemandImages\/OBO\/GI\/crid~~3A~~2F~~2Fog.libertyglobal.com~~2F38400~~2FLOUDESTVOICETHE\/7bec0a1ef357f18f63ff663627b65ba6.jpg","category":"Drama, Melodrama","vidcollection":"","ord":"74","datum":"19700101"},"crid:~~2F~~2Fog.libertyglobal.com~~2F38400~~2FMADAMSECRETARY":{"id":"crid:~~2F~~2Fog.libertyglobal.com~~2F38400~~2FMADAMSECRETARY","title":"Madam Secretary","first":"M","description":"","duration":"0","type":"show","seasons":"[{\"seriesNumber\":1,\"id\":\"crid:~~2F~~2Fog.libertyglobal.com~~2F38400~~2FZ173627\"}]","icon":"https:\/\/staticqbr-nl-prod.prod.cdn.dmdsdp.com\/image-service\/ImagesEPG\/OndemandImages\/OBO\/GI\/crid~~3A~~2F~~2Fog.libertyglobal.com~~2F38400~~2FMADAMSECRETARY\/9c803216bdba87167b307dbeb91628d2.jpg","category":"","vidcollection":"","ord":"76","datum":"19700101"},"crid:~~2F~~2Fog.libertyglobal.com~~2F38400~~2FMOODYSTHE":{"id":"crid:~~2F~~2Fog.libertyglobal.com~~2F38400~~2FMOODYSTHE","title":"Moodys, The","first":"M","description":"","duration":"0","type":"show","seasons":"[{\"seriesNumber\":1,\"id\":\"crid:~~2F~~2Fog.libertyglobal.com~~2F38400~~2FZ173563\"}]","icon":"https:\/\/staticqbr-nl-prod.prod.cdn.dmdsdp.com\/image-service\/ImagesEPG\/OndemandImages\/OBO\/GI\/crid~~3A~~2F~~2Fog.libertyglobal.com~~2F38400~~2FMOODYSTHE\/5419c955b66606a076a8c6f48e74fda7.jpg","category":"","vidcollection":"","ord":"80","datum":"19700101"},"crid:~~2F~~2Fog.libertyglobal.com~~2F38400~~2FMOONBASE8":{"id":"crid:~~2F~~2Fog.libertyglobal.com~~2F38400~~2FMOONBASE8","title":"Moonbase 8","first":"M","description":"","duration":"0","type":"show","seasons":"[{\"seriesNumber\":1,\"id\":\"crid:~~2F~~2Fog.libertyglobal.com~~2F38400~~2FZ173599\"}]","icon":"https:\/\/staticqbr-nl-prod.prod.cdn.dmdsdp.com\/image-service\/ImagesEPG\/OndemandImages\/OBO\/GI\/crid~~3A~~2F~~2Fog.libertyglobal.com~~2F38400~~2FMOONBASE8\/a492a516fcd77335093f4041b619989f.jpg","category":"","vidcollection":"","ord":"81","datum":"19700101"},"crid:~~2F~~2Fog.libertyglobal.com~~2F38400~~2FNOACTIVITY":{"id":"crid:~~2F~~2Fog.libertyglobal.com~~2F38400~~2FNOACTIVITY","title":"No Activity","first":"N","description":"","duration":"0","type":"show","seasons":"[{\"seriesNumber\":1,\"id\":\"crid:~~2F~~2Fog.libertyglobal.com~~2F38400~~2FZ173631\"},{\"seriesNumber\":2,\"id\":\"crid:~~2F~~2Fog.libertyglobal.com~~2F38400~~2FZ173564\"}]","icon":"https:\/\/staticqbr-nl-prod.prod.cdn.dmdsdp.com\/image-service\/ImagesEPG\/OndemandImages\/OBO\/GI\/crid~~3A~~2F~~2Fog.libertyglobal.com~~2F38400~~2FNOACTIVITY\/846080d9553db014ca83b761ea2f86dd.jpg","category":"","vidcollection":"","ord":"84","datum":"19700101"},"crid:~~2F~~2Fog.libertyglobal.com~~2F38400~~2FNURSEJACKIE":{"id":"crid:~~2F~~2Fog.libertyglobal.com~~2F38400~~2FNURSEJACKIE","title":"Nurse Jackie","first":"N","description":"Jackie Peyton is een wilskrachtige en briljante - maar zeer gebrekkige - verpleegster op de spoedeisende hulp die werkt in de gecompliceerde en hectische omgeving van een ziekenhuis in New York.","duration":"0","type":"show","seasons":"[{\"seriesNumber\":1,\"id\":\"crid:~~2F~~2Fog.libertyglobal.com~~2F38400~~2FZ173691\"}]","icon":"https:\/\/staticqbr-nl-prod.prod.cdn.dmdsdp.com\/image-service\/ImagesEPG\/OndemandImages\/OBO\/GI\/crid~~3A~~2F~~2Fog.libertyglobal.com~~2F38400~~2FNURSEJACKIE\/e5f7e734c24e7707bc428350ed735d0b.jpg","category":"Komedie, Film, Komedie","vidcollection":"","ord":"86","datum":"19700101"},"crid:~~2F~~2Fog.libertyglobal.com~~2F38400~~2FOBAMAINPURSUITOFAMOREPERFECTUNION":{"id":"crid:~~2F~~2Fog.libertyglobal.com~~2F38400~~2FOBAMAINPURSUITOFAMOREPERFECTUNION","title":"Obama: In Pursuit of a More Perfect Union","first":"O","description":"Deze driedelige documentaire beschrijft de persoonlijke en politieke reis van president Barack Obama, door middel van gesprekken met collega's, vrienden en critici, afgewisseld met zijn eigen toespraken en interviews.","duration":"0","type":"show","seasons":"[{\"seriesNumber\":1,\"id\":\"crid:~~2F~~2Fog.libertyglobal.com~~2F38400~~2FZ171718\"}]","icon":"https:\/\/staticqbr-nl-prod.prod.cdn.dmdsdp.com\/image-service\/ImagesEPG\/OndemandImages\/OBO\/GI\/crid~~3A~~2F~~2Fog.libertyglobal.com~~2F38400~~2FOBAMAINPURSUITOFAMOREPERFECTUNION\/92f8eb0d417555a2d9c4f12f4edb2222.jpg","category":"Documentaire","vidcollection":"","ord":"87","datum":"19700101"},"crid:~~2F~~2Fog.libertyglobal.com~~2F38400~~2FPAINTINGWITHJOHN":{"id":"crid:~~2F~~2Fog.libertyglobal.com~~2F38400~~2FPAINTINGWITHJOHN","title":"Painting with John","first":"P","description":"","duration":"0","type":"show","seasons":"[{\"seriesNumber\":1,\"id\":\"crid:~~2F~~2Fog.libertyglobal.com~~2F38400~~2FZ173975\"}]","icon":"https:\/\/staticqbr-nl-prod.prod.cdn.dmdsdp.com\/image-service\/ImagesEPG\/OndemandImages\/OBO\/GI\/crid~~3A~~2F~~2Fog.libertyglobal.com~~2F38400~~2FPAINTINGWITHJOHN\/ecfbabb3476326c258b30f9ba990d11c.jpg","category":"","vidcollection":"","ord":"89","datum":"19700101"},"crid:~~2F~~2Fog.libertyglobal.com~~2F38400~~2FPENNYDREADFUL":{"id":"crid:~~2F~~2Fog.libertyglobal.com~~2F38400~~2FPENNYDREADFUL","title":"Penny Dreadful","first":"P","description":"","duration":"0","type":"show","seasons":"[{\"seriesNumber\":1,\"id\":\"crid:~~2F~~2Fog.libertyglobal.com~~2F38400~~2FZ173504\"}]","icon":"https:\/\/staticqbr-nl-prod.prod.cdn.dmdsdp.com\/image-service\/ImagesEPG\/OndemandImages\/OBO\/GI\/crid~~3A~~2F~~2Fog.libertyglobal.com~~2F38400~~2FPENNYDREADFUL\/96d3b3dc5956e17f66191635dfc5cfda.jpg","category":"","vidcollection":"","ord":"91","datum":"19700101"},"crid:~~2F~~2Fog.libertyglobal.com~~2F38400~~2FRAYDONOVAN":{"id":"crid:~~2F~~2Fog.libertyglobal.com~~2F38400~~2FRAYDONOVAN","title":"Ray Donovan","first":"R","description":"","duration":"0","type":"show","seasons":"[{\"seriesNumber\":1,\"id\":\"crid:~~2F~~2Fog.libertyglobal.com~~2F38400~~2FZ173507\"},{\"seriesNumber\":2,\"id\":\"crid:~~2F~~2Fog.libertyglobal.com~~2F38400~~2FZ173508\"},{\"seriesNumber\":3,\"id\":\"crid:~~2F~~2Fog.libertyglobal.com~~2F38400~~2FZ173509\"},{\"seriesNumber\":5,\"id\":\"crid:~~2F~~2Fog.libertyglobal.com~~2F38400~~2FZ141522\"},{\"seriesNumber\":6,\"id\":\"crid:~~2F~~2Fog.libertyglobal.com~~2F38400~~2FZ149096\"},{\"seriesNumber\":7,\"id\":\"crid:~~2F~~2Fog.libertyglobal.com~~2F38400~~2FZ155436\"}]","icon":"https:\/\/staticqbr-nl-prod.prod.cdn.dmdsdp.com\/image-service\/ImagesEPG\/OndemandImages\/OBO\/GI\/crid~~3A~~2F~~2Fog.libertyglobal.com~~2F38400~~2FRAYDONOVAN\/539a3a6ad6660eb9d80285f8e51a6bcc.jpg","category":"","vidcollection":"","ord":"92","datum":"19700101"},"crid:~~2F~~2Fog.libertyglobal.com~~2F38400~~2FREIGN":{"id":"crid:~~2F~~2Fog.libertyglobal.com~~2F38400~~2FREIGN","title":"Reign","first":"R","description":"","duration":"0","type":"show","seasons":"[{\"seriesNumber\":1,\"id\":\"crid:~~2F~~2Fog.libertyglobal.com~~2F38400~~2FZ173696\"}]","icon":"https:\/\/staticqbr-nl-prod.prod.cdn.dmdsdp.com\/image-service\/ImagesEPG\/OndemandImages\/OBO\/GI\/crid~~3A~~2F~~2Fog.libertyglobal.com~~2F38400~~2FREIGN\/ae6eee6eba523aa6f6cd46cfd88897ee.jpg","category":"","vidcollection":"","ord":"93","datum":"19700101"},"crid:~~2F~~2Fog.libertyglobal.com~~2F38400~~2FSCENESFROMAMARRIAGE":{"id":"crid:~~2F~~2Fog.libertyglobal.com~~2F38400~~2FSCENESFROMAMARRIAGE","title":"Scenes from a Marriage","first":"S","description":"Deze moderne bewerking van Ingmar Bergman's klassieker verkent liefde, haat, verlangen, monogamie, het huwelijk en echtscheiding door de bril van een hedendaags Amerikaans koppel. ","duration":"0","type":"show","seasons":"[{\"seriesNumber\":1,\"id\":\"crid:~~2F~~2Fog.libertyglobal.com~~2F38400~~2FZ172108\"}]","icon":"https:\/\/staticqbr-nl-prod.prod.cdn.dmdsdp.com\/image-service\/ImagesEPG\/OndemandImages\/OBO\/GI\/crid~~3A~~2F~~2Fog.libertyglobal.com~~2F38400~~2FSCENESFROMAMARRIAGE\/a820d46b0c4ee08e00f85b7b3f16e3ca.jpg","category":"Dramaseries","vidcollection":"","ord":"99","datum":"19700101"},"crid:~~2F~~2Fog.libertyglobal.com~~2F38400~~2FSEALTEAM":{"id":"crid:~~2F~~2Fog.libertyglobal.com~~2F38400~~2FSEALTEAM","title":"SEAL Team","first":"S","description":"","duration":"0","type":"show","seasons":"[{\"seriesNumber\":1,\"id\":\"crid:~~2F~~2Fog.libertyglobal.com~~2F38400~~2FZ173637\"}]","icon":"https:\/\/staticqbr-nl-prod.prod.cdn.dmdsdp.com\/image-service\/ImagesEPG\/OndemandImages\/OBO\/GI\/crid~~3A~~2F~~2Fog.libertyglobal.com~~2F38400~~2FSEALTEAM\/5a4c5ded6c612fc9ace62bafbb8eff3a.jpg","category":"","vidcollection":"","ord":"100","datum":"19700101"},"crid:~~2F~~2Fog.libertyglobal.com~~2F38400~~2FSPYCITY":{"id":"crid:~~2F~~2Fog.libertyglobal.com~~2F38400~~2FSPYCITY","title":"Spy City","first":"S","description":"In 1961 wordt de Engelse spion Fielding Scott naar Berlijn gestuurd om een verrader in de Britse ambassade of onder de geallieerden op te sporen.","duration":"0","type":"show","seasons":"[{\"seriesNumber\":1,\"id\":\"crid:~~2F~~2Fog.libertyglobal.com~~2F38400~~2FZ173604\"}]","icon":"https:\/\/staticqbr-nl-prod.prod.cdn.dmdsdp.com\/image-service\/ImagesEPG\/OndemandImages\/OBO\/GI\/crid~~3A~~2F~~2Fog.libertyglobal.com~~2F38400~~2FSPYCITY\/7293431a4c76b20f722d24fa54b160b4.jpg","category":"Dramaseries, Thriller","vidcollection":"","ord":"108","datum":"19700101"},"crid:~~2F~~2Fog.libertyglobal.com~~2F38400~~2FSTATIONELEVEN":{"id":"crid:~~2F~~2Fog.libertyglobal.com~~2F38400~~2FSTATIONELEVEN","title":"Station Eleven","first":"S","description":"Verdeeld over meerdere tijdlijnen worden verschillende overlevenden van een verwoestende grieppandemie gevolgd als ze de wereld opnieuw proberen op te bouwen, terwijl ze vasthouden aan het beste van wat verloren is gegaan.","duration":"0","type":"show","seasons":"[{\"seriesNumber\":1,\"id\":\"crid:~~2F~~2Fog.libertyglobal.com~~2F38400~~2FZ173605\"}]","icon":"https:\/\/staticqbr-nl-prod.prod.cdn.dmdsdp.com\/image-service\/ImagesEPG\/OndemandImages\/OBO\/GI\/crid~~3A~~2F~~2Fog.libertyglobal.com~~2F38400~~2FSTATIONELEVEN\/24fb50f7460c98147caa08b660e5329f.jpg","category":"Dramaseries, Sciencefiction","vidcollection":"","ord":"109","datum":"19700101"},"crid:~~2F~~2Fog.libertyglobal.com~~2F38400~~2FSUCCESSION":{"id":"crid:~~2F~~2Fog.libertyglobal.com~~2F38400~~2FSUCCESSION","title":"Succession","first":"S","description":"Succesion volgt de levens van de familie Roy als ze nadenken over hun toekomst wanneer hun verouderende vader (Brian Cox) begint terug te stappen van zijn conglomeraat van media en entertainment.","duration":"0","type":"show","seasons":"[{\"seriesNumber\":3,\"id\":\"crid:~~2F~~2Fog.libertyglobal.com~~2F38400~~2FZ172709\"}]","icon":"https:\/\/staticqbr-nl-prod.prod.cdn.dmdsdp.com\/image-service\/ImagesEPG\/OndemandImages\/OBO\/GI\/crid~~3A~~2F~~2Fog.libertyglobal.com~~2F38400~~2FSUCCESSION\/4062d998cd4e690b5318a92061849aa0.jpg","category":"Dramaseries, Melodrama","vidcollection":"","ord":"110","datum":"19700101"},"crid:~~2F~~2Fog.libertyglobal.com~~2F38400~~2FWHITELOTUSTHE":{"id":"crid:~~2F~~2Fog.libertyglobal.com~~2F38400~~2FWHITELOTUSTHE","title":"White Lotus, The","first":"W","description":"De serie volgt de vakanties van verschillende hotelgasten, terwijl ze ontspannen en bijkomen in het paradijs. Maar met elke dag die voorbijgaat, komt er een duistere kant aan het licht bij deze, op het eerste gezicht, perfecte reizigers.","duration":"0","type":"show","seasons":"[{\"seriesNumber\":1,\"id\":\"crid:~~2F~~2Fog.libertyglobal.com~~2F38400~~2FZ170569\"}]","icon":"https:\/\/staticqbr-nl-prod.prod.cdn.dmdsdp.com\/image-service\/ImagesEPG\/OndemandImages\/OBO\/GI\/crid~~3A~~2F~~2Fog.libertyglobal.com~~2F38400~~2FWHITELOTUSTHE\/e327b30e31a1c7af47a2751fb166be72.jpg","category":"Dramaseries, Melodrama","vidcollection":"","ord":"117","datum":"19700101"},"crid:~~2F~~2Fog.libertyglobal.com~~2F38400~~2FWHYWOMENKILL":{"id":"crid:~~2F~~2Fog.libertyglobal.com~~2F38400~~2FWHYWOMENKILL","title":"Why Women Kill","first":"W","description":"","duration":"0","type":"show","seasons":"[{\"seriesNumber\":1,\"id\":\"crid:~~2F~~2Fog.libertyglobal.com~~2F38400~~2FZ173569\"}]","icon":"https:\/\/staticqbr-nl-prod.prod.cdn.dmdsdp.com\/image-service\/ImagesEPG\/OndemandImages\/OBO\/GI\/crid~~3A~~2F~~2Fog.libertyglobal.com~~2F38400~~2FWHYWOMENKILL\/8b109b99ed63f9f4a9b3d7be5f0645c0.jpg","category":"","vidcollection":"","ord":"118","datum":"19700101"},"crid:~~2F~~2Fog.libertyglobal.com~~2F38400~~2FWORKINPROGRESS":{"id":"crid:~~2F~~2Fog.libertyglobal.com~~2F38400~~2FWORKINPROGRESS","title":"Work in Progress","first":"W","description":"","duration":"0","type":"show","seasons":"[{\"seriesNumber\":1,\"id\":\"crid:~~2F~~2Fog.libertyglobal.com~~2F38400~~2FZ173570\"}]","icon":"https:\/\/staticqbr-nl-prod.prod.cdn.dmdsdp.com\/image-service\/ImagesEPG\/OndemandImages\/OBO\/GI\/crid~~3A~~2F~~2Fog.libertyglobal.com~~2F38400~~2FWORKINPROGRESS\/b5a41ab422e5e97555271edda261afb0.jpg","category":"","vidcollection":"","ord":"120","datum":"19700101"},"crid:~~2F~~2Fog.libertyglobal.com~~2F38400~~2FYELLOWJACKETS":{"id":"crid:~~2F~~2Fog.libertyglobal.com~~2F38400~~2FYELLOWJACKETS","title":"Yellowjackets","first":"Y","description":"Een team getalenteerde voetbalmeisjes overleeft een vliegtuigramp in de afgelegen noordelijke wildernis. Wat daar is gebeurd weten alleen zij. Vijfentwintig jaar later ontdekken ze dat wat in de wildernis begon, nog lang niet voorbij is.","duration":"0","type":"show","seasons":"[{\"seriesNumber\":1,\"id\":\"crid:~~2F~~2Fog.libertyglobal.com~~2F38400~~2FZ173609\"}]","icon":"https:\/\/staticqbr-nl-prod.prod.cdn.dmdsdp.com\/image-service\/ImagesEPG\/OndemandImages\/OBO\/GI\/crid~~3A~~2F~~2Fog.libertyglobal.com~~2F38400~~2FYELLOWJACKETS\/8cf7440e24fb434b649c04ad619375e1.jpg","category":"Dramaseries, Horror","vidcollection":"","ord":"121","datum":"19700101"}}