<programme channel="1uWAPcrmwNYPMkRQdDJBKVqwVwTdgABlYPpmQPe8" start="20221119230000 +0000" stop="20221120010000 +0000" catchup-id="38Q6PsJ0f5xvB06Ml-X3DtR0r5KeNgS2Lb_h9CQn"><title>Non-stop de beste Schlager muziek</title><date></date><icon src="https://m7be2.solocoo.tv/m7be2iphone/mmchan/mpimages/208x308/zhtCD_MZZMLcxMPCSSVrPA.jpg"></icon><desc></desc><category></category></programme><programme channel="1uWAPcrmwNYPMkRQdDJBKVqwVwTdgABlYPpmQPe8" start="20221120010000 +0000" stop="20221120030000 +0000" catchup-id="JxCyc7-vXEgR90xytgVXnRuzIxreHnARSr3kS7jD"><title>Non-stop de beste Schlager muziek</title><date></date><icon src="https://m7be2.solocoo.tv/m7be2iphone/mmchan/mpimages/208x308/zhtCD_MZZMLcxMPCSSVrPA.jpg"></icon><desc></desc><category></category></programme><programme channel="1uWAPcrmwNYPMkRQdDJBKVqwVwTdgABlYPpmQPe8" start="20221120030000 +0000" stop="20221120050000 +0000" catchup-id="mJOSSRK34b7dXuLCW7eSYXe2xJ-BWbpIJqg3kQ1-"><title>Non-stop de beste Schlager muziek</title><date></date><icon src="https://m7be2.solocoo.tv/m7be2iphone/mmchan/mpimages/208x308/zhtCD_MZZMLcxMPCSSVrPA.jpg"></icon><desc></desc><category></category></programme><programme channel="1uWAPcrmwNYPMkRQdDJBKVqwVwTdgABlYPpmQPe8" start="20221120050000 +0000" stop="20221120070000 +0000" catchup-id="oHwc7a7BjuWZuFvmhL0AM0sNOecBcDvhOhZviZzn"><title>Non-stop de beste Schlager muziek</title><date></date><icon src="https://m7be2.solocoo.tv/m7be2iphone/mmchan/mpimages/208x308/zhtCD_MZZMLcxMPCSSVrPA.jpg"></icon><desc></desc><category></category></programme><programme channel="1uWAPcrmwNYPMkRQdDJBKVqwVwTdgABlYPpmQPe8" start="20221120070000 +0000" stop="20221120090000 +0000" catchup-id="3_0ONJDH7ZuXMczRPyjwZcvpNjFsn3CuJqjrRHBT"><title>Non-stop de beste Schlager muziek</title><date></date><icon src="https://m7be2.solocoo.tv/m7be2iphone/mmchan/mpimages/208x308/zhtCD_MZZMLcxMPCSSVrPA.jpg"></icon><desc></desc><category></category></programme><programme channel="1uWAPcrmwNYPMkRQdDJBKVqwVwTdgABlYPpmQPe8" start="20221120090000 +0000" stop="20221120110000 +0000" catchup-id="Yp0C4b5CcTYjdRQ43ngFWXfWL7L4UW-Vrmi_huXn"><title>Non-stop de beste Schlager muziek</title><date></date><icon src="https://m7be2.solocoo.tv/m7be2iphone/mmchan/mpimages/208x308/zhtCD_MZZMLcxMPCSSVrPA.jpg"></icon><desc></desc><category></category></programme><programme channel="1uWAPcrmwNYPMkRQdDJBKVqwVwTdgABlYPpmQPe8" start="20221120110000 +0000" stop="20221120130000 +0000" catchup-id="L603d_AxSXeTYm_KT1sJ9YeCatI71nPuLZf0V2h3"><title>Non-stop de beste Schlager muziek</title><date></date><icon src="https://m7be2.solocoo.tv/m7be2iphone/mmchan/mpimages/208x308/zhtCD_MZZMLcxMPCSSVrPA.jpg"></icon><desc></desc><category></category></programme><programme channel="1uWAPcrmwNYPMkRQdDJBKVqwVwTdgABlYPpmQPe8" start="20221120130000 +0000" stop="20221120150000 +0000" catchup-id="tHQHyqfb3dAgjWZldfAa5Pfks2_jYjCh9szvsqys"><title>Non-stop de beste Schlager muziek</title><date></date><icon src="https://m7be2.solocoo.tv/m7be2iphone/mmchan/mpimages/208x308/zhtCD_MZZMLcxMPCSSVrPA.jpg"></icon><desc></desc><category></category></programme><programme channel="1uWAPcrmwNYPMkRQdDJBKVqwVwTdgABlYPpmQPe8" start="20221120150000 +0000" stop="20221120170000 +0000" catchup-id="9g-sFbsF7LDADDpfAFQbk0mmhUCwASyLaFpbFu1N"><title>Non-stop de beste Schlager muziek</title><date></date><icon src="https://m7be2.solocoo.tv/m7be2iphone/mmchan/mpimages/208x308/zhtCD_MZZMLcxMPCSSVrPA.jpg"></icon><desc></desc><category></category></programme><programme channel="1uWAPcrmwNYPMkRQdDJBKVqwVwTdgABlYPpmQPe8" start="20221120170000 +0000" stop="20221120190000 +0000" catchup-id="31mr24mgRiDsc1x9FWrmV3APR37JfbedAqy2qIh6"><title>Non-stop de beste Schlager muziek</title><date></date><icon src="https://m7be2.solocoo.tv/m7be2iphone/mmchan/mpimages/208x308/zhtCD_MZZMLcxMPCSSVrPA.jpg"></icon><desc></desc><category></category></programme><programme channel="1uWAPcrmwNYPMkRQdDJBKVqwVwTdgABlYPpmQPe8" start="20221120190000 +0000" stop="20221120210000 +0000" catchup-id="tMsR7tHyUeVBvNTAbVxTZRnee3-31xwVHwgzvHw1"><title>Non-stop de beste Schlager muziek</title><date></date><icon src="https://m7be2.solocoo.tv/m7be2iphone/mmchan/mpimages/208x308/zhtCD_MZZMLcxMPCSSVrPA.jpg"></icon><desc></desc><category></category></programme><programme channel="1uWAPcrmwNYPMkRQdDJBKVqwVwTdgABlYPpmQPe8" start="20221120210000 +0000" stop="20221120230000 +0000" catchup-id="p1z0M1P5XPcoCpVISmTHo_3XDxAj2ICITXMgafSd"><title>Non-stop de beste Schlager muziek</title><date></date><icon src="https://m7be2.solocoo.tv/m7be2iphone/mmchan/mpimages/208x308/zhtCD_MZZMLcxMPCSSVrPA.jpg"></icon><desc></desc><category></category></programme><programme channel="1uWAPcrmwNYPMkRQdDJBKVqwVwTdgABlYPpmQPe8" start="20221120230000 +0000" stop="20221121010000 +0000" catchup-id="jj-JOUnqr7tLSokzvCA9WjoOwwP6uHutxOmy3LJk"><title>Non-stop de beste Schlager muziek</title><date></date><icon src="https://m7be2.solocoo.tv/m7be2iphone/mmchan/mpimages/208x308/zhtCD_MZZMLcxMPCSSVrPA.jpg"></icon><desc></desc><category></category></programme><programme channel="1uWAPcrmwNYPMkRQdDJBKVqwVwTdgABlYPpmQPe8" start="20221121010000 +0000" stop="20221121030000 +0000" catchup-id="RF02nxXc1PFm5SVUNcXx36zRWBoJlfTzQ4aScBRW"><title>Non-stop de beste Schlager muziek</title><date></date><icon src="https://m7be2.solocoo.tv/m7be2iphone/mmchan/mpimages/208x308/zhtCD_MZZMLcxMPCSSVrPA.jpg"></icon><desc></desc><category></category></programme><programme channel="1uWAPcrmwNYPMkRQdDJBKVqwVwTdgABlYPpmQPe8" start="20221121030000 +0000" stop="20221121050000 +0000" catchup-id="vLScQyXiL95Nc-NE-T9r5nQ5alM3VWiuM4BNcwYG"><title>Non-stop de beste Schlager muziek</title><date></date><icon src="https://m7be2.solocoo.tv/m7be2iphone/mmchan/mpimages/208x308/zhtCD_MZZMLcxMPCSSVrPA.jpg"></icon><desc></desc><category></category></programme><programme channel="1uWAPcrmwNYPMkRQdDJBKVqwVwTdgABlYPpmQPe8" start="20221121050000 +0000" stop="20221121070000 +0000" catchup-id="WxWxgBg9ElkVptOfrpETR21xU9WQlu2MLXVBp3Je"><title>Non-stop de beste Schlager muziek</title><date></date><icon src="https://m7be2.solocoo.tv/m7be2iphone/mmchan/mpimages/208x308/zhtCD_MZZMLcxMPCSSVrPA.jpg"></icon><desc></desc><category></category></programme><programme channel="1uWAPcrmwNYPMkRQdDJBKVqwVwTdgABlYPpmQPe8" start="20221121070000 +0000" stop="20221121090000 +0000" catchup-id="kxZR6QBBOOfL-5z1PsuYZ0O5kagP5-iOquz283_m"><title>Non-stop de beste Schlager muziek</title><date></date><icon src="https://m7be2.solocoo.tv/m7be2iphone/mmchan/mpimages/208x308/zhtCD_MZZMLcxMPCSSVrPA.jpg"></icon><desc></desc><category></category></programme><programme channel="1uWAPcrmwNYPMkRQdDJBKVqwVwTdgABlYPpmQPe8" start="20221121090000 +0000" stop="20221121110000 +0000" catchup-id="Gl1GINxH0vYzYKnq3c3c-b_Av2I6mkdCpPZ6XcND"><title>Non-stop de beste Schlager muziek</title><date></date><icon src="https://m7be2.solocoo.tv/m7be2iphone/mmchan/mpimages/208x308/zhtCD_MZZMLcxMPCSSVrPA.jpg"></icon><desc></desc><category></category></programme><programme channel="1uWAPcrmwNYPMkRQdDJBKVqwVwTdgABlYPpmQPe8" start="20221121110000 +0000" stop="20221121130000 +0000" catchup-id="wGvuvVRKzzYnxm173Ofvr7xzBf0Vwn3wiIz2vA3g"><title>Non-stop de beste Schlager muziek</title><date></date><icon src="https://m7be2.solocoo.tv/m7be2iphone/mmchan/mpimages/208x308/zhtCD_MZZMLcxMPCSSVrPA.jpg"></icon><desc></desc><category></category></programme><programme channel="1uWAPcrmwNYPMkRQdDJBKVqwVwTdgABlYPpmQPe8" start="20221121130000 +0000" stop="20221121150000 +0000" catchup-id="UDbkIfPjj7GNNiIMDiJCSc6fqE3jZb3_zr9onqGe"><title>Non-stop de beste Schlager muziek</title><date></date><icon src="https://m7be2.solocoo.tv/m7be2iphone/mmchan/mpimages/208x308/zhtCD_MZZMLcxMPCSSVrPA.jpg"></icon><desc></desc><category></category></programme><programme channel="1uWAPcrmwNYPMkRQdDJBKVqwVwTdgABlYPpmQPe8" start="20221121150000 +0000" stop="20221121170000 +0000" catchup-id="y3I8LDqAYkpjErIWS_H--_KbaLO47cEGYM2RCz-y"><title>Non-stop de beste Schlager muziek</title><date></date><icon src="https://m7be2.solocoo.tv/m7be2iphone/mmchan/mpimages/208x308/zhtCD_MZZMLcxMPCSSVrPA.jpg"></icon><desc></desc><category></category></programme><programme channel="1uWAPcrmwNYPMkRQdDJBKVqwVwTdgABlYPpmQPe8" start="20221121170000 +0000" stop="20221121190000 +0000" catchup-id="pfCzVwXDG-vuTUN1wR_Ocx2v1Xq8NUgvh99WeLxX"><title>Non-stop de beste Schlager muziek</title><date></date><icon src="https://m7be2.solocoo.tv/m7be2iphone/mmchan/mpimages/208x308/zhtCD_MZZMLcxMPCSSVrPA.jpg"></icon><desc></desc><category></category></programme><programme channel="1uWAPcrmwNYPMkRQdDJBKVqwVwTdgABlYPpmQPe8" start="20221121190000 +0000" stop="20221121210000 +0000" catchup-id="6q7pM_I38yOui4TkerHXJ67gvZgDPx0tmX71d8Xm"><title>Non-stop de beste Schlager muziek</title><date></date><icon src="https://m7be2.solocoo.tv/m7be2iphone/mmchan/mpimages/208x308/zhtCD_MZZMLcxMPCSSVrPA.jpg"></icon><desc></desc><category></category></programme><programme channel="1uWAPcrmwNYPMkRQdDJBKVqwVwTdgABlYPpmQPe8" start="20221121210000 +0000" stop="20221121230000 +0000" catchup-id="0cxdEOGyP1q_1GbNPXwiOH8M33uEWDomd0hhuXBH"><title>Non-stop de beste Schlager muziek</title><date></date><icon src="https://m7be2.solocoo.tv/m7be2iphone/mmchan/mpimages/208x308/zhtCD_MZZMLcxMPCSSVrPA.jpg"></icon><desc></desc><category></category></programme><programme channel="1uWAPcrmwNYPMkRQdDJBKVqwVwTdgABlYPpmQPe8" start="20221121230000 +0000" stop="20221122010000 +0000" catchup-id="pytcsYNplQNlNIBMwsvLP4_PeFdpP2E2Hep6UAOr"><title>Non-stop de beste Schlager muziek</title><date></date><icon src="https://m7be2.solocoo.tv/m7be2iphone/mmchan/mpimages/208x308/zhtCD_MZZMLcxMPCSSVrPA.jpg"></icon><desc></desc><category></category></programme><programme channel="1uWAPcrmwNYPMkRQdDJBKVqwVwTdgABlYPpmQPe8" start="20221122010000 +0000" stop="20221122030000 +0000" catchup-id="dbLGnu3W4kgHJNA6OiLvErIl_4_r1M30y5_du5_i"><title>Non-stop de beste Schlager muziek</title><date></date><icon src="https://m7be2.solocoo.tv/m7be2iphone/mmchan/mpimages/208x308/zhtCD_MZZMLcxMPCSSVrPA.jpg"></icon><desc></desc><category></category></programme><programme channel="1uWAPcrmwNYPMkRQdDJBKVqwVwTdgABlYPpmQPe8" start="20221122030000 +0000" stop="20221122050000 +0000" catchup-id="2anl4VvCk-TQd-obh5s3-gfDfgTizesiK-o0il3u"><title>Non-stop de beste Schlager muziek</title><date></date><icon src="https://m7be2.solocoo.tv/m7be2iphone/mmchan/mpimages/208x308/zhtCD_MZZMLcxMPCSSVrPA.jpg"></icon><desc></desc><category></category></programme><programme channel="1uWAPcrmwNYPMkRQdDJBKVqwVwTdgABlYPpmQPe8" start="20221122050000 +0000" stop="20221122070000 +0000" catchup-id="Be9POUWGqvGxWtY_lE4ngnaHCZlLQXhbE13ioSkW"><title>Non-stop de beste Schlager muziek</title><date></date><icon src="https://m7be2.solocoo.tv/m7be2iphone/mmchan/mpimages/208x308/zhtCD_MZZMLcxMPCSSVrPA.jpg"></icon><desc></desc><category></category></programme><programme channel="1uWAPcrmwNYPMkRQdDJBKVqwVwTdgABlYPpmQPe8" start="20221122070000 +0000" stop="20221122090000 +0000" catchup-id="lJko7yQiR7Bgdv-spMth41BegaGVR903z2KUWMHE"><title>Non-stop de beste Schlager muziek</title><date></date><icon src="https://m7be2.solocoo.tv/m7be2iphone/mmchan/mpimages/208x308/zhtCD_MZZMLcxMPCSSVrPA.jpg"></icon><desc></desc><category></category></programme><programme channel="1uWAPcrmwNYPMkRQdDJBKVqwVwTdgABlYPpmQPe8" start="20221122090000 +0000" stop="20221122110000 +0000" catchup-id="f8MVaGxcvM6Bblizsp70HSqSNF9LJiiFtZe3ZUiI"><title>Non-stop de beste Schlager muziek</title><date></date><icon src="https://m7be2.solocoo.tv/m7be2iphone/mmchan/mpimages/208x308/zhtCD_MZZMLcxMPCSSVrPA.jpg"></icon><desc></desc><category></category></programme><programme channel="1uWAPcrmwNYPMkRQdDJBKVqwVwTdgABlYPpmQPe8" start="20221122110000 +0000" stop="20221122130000 +0000" catchup-id="Ftk1UvtWXqXsR4WiInw8iP-BjST0H68wYcOqPcxp"><title>Non-stop de beste Schlager muziek</title><date></date><icon src="https://m7be2.solocoo.tv/m7be2iphone/mmchan/mpimages/208x308/zhtCD_MZZMLcxMPCSSVrPA.jpg"></icon><desc></desc><category></category></programme><programme channel="1uWAPcrmwNYPMkRQdDJBKVqwVwTdgABlYPpmQPe8" start="20221122130000 +0000" stop="20221122150000 +0000" catchup-id="SgIbDF-W2qnLqdFsE_Elxfrhz4KY-hIyqOXpcOwe"><title>Non-stop de beste Schlager muziek</title><date></date><icon src="https://m7be2.solocoo.tv/m7be2iphone/mmchan/mpimages/208x308/zhtCD_MZZMLcxMPCSSVrPA.jpg"></icon><desc></desc><category></category></programme><programme channel="1uWAPcrmwNYPMkRQdDJBKVqwVwTdgABlYPpmQPe8" start="20221122150000 +0000" stop="20221122170000 +0000" catchup-id="tT01G0Q2WutaflS9G6xCZ329bG6at3d46HKlFW72"><title>Non-stop de beste Schlager muziek</title><date></date><icon src="https://m7be2.solocoo.tv/m7be2iphone/mmchan/mpimages/208x308/zhtCD_MZZMLcxMPCSSVrPA.jpg"></icon><desc></desc><category></category></programme><programme channel="1uWAPcrmwNYPMkRQdDJBKVqwVwTdgABlYPpmQPe8" start="20221122170000 +0000" stop="20221122190000 +0000" catchup-id="CJEUSt4tW3QL2Niw8aclc-UrJh7_jAJ5OoUYZ1a7"><title>Non-stop de beste Schlager muziek</title><date></date><icon src="https://m7be2.solocoo.tv/m7be2iphone/mmchan/mpimages/208x308/zhtCD_MZZMLcxMPCSSVrPA.jpg"></icon><desc></desc><category></category></programme><programme channel="1uWAPcrmwNYPMkRQdDJBKVqwVwTdgABlYPpmQPe8" start="20221122190000 +0000" stop="20221122210000 +0000" catchup-id="MYmBWiZhanAPWYVUHzhXtunKaia-EP4BiSaOFTe2"><title>Non-stop de beste Schlager muziek</title><date></date><icon src="https://m7be2.solocoo.tv/m7be2iphone/mmchan/mpimages/208x308/zhtCD_MZZMLcxMPCSSVrPA.jpg"></icon><desc></desc><category></category></programme><programme channel="1uWAPcrmwNYPMkRQdDJBKVqwVwTdgABlYPpmQPe8" start="20221122210000 +0000" stop="20221122230000 +0000" catchup-id="z-iXLkC7HiutxaTYL50lMWA2X6I-MGzbWfgIeHAE"><title>Non-stop de beste Schlager muziek</title><date></date><icon src="https://m7be2.solocoo.tv/m7be2iphone/mmchan/mpimages/208x308/zhtCD_MZZMLcxMPCSSVrPA.jpg"></icon><desc></desc><category></category></programme><programme channel="1uWAPcrmwNYPMkRQdDJBKVqwVwTdgABlYPpmQPe8" start="20221122230000 +0000" stop="20221123010000 +0000" catchup-id="f3ugfuwzAcpR4oJT4zJvd9-aNRysjk-pY3cBHCTu"><title>Non-stop de beste Schlager muziek</title><date></date><icon src="https://m7be2.solocoo.tv/m7be2iphone/mmchan/mpimages/208x308/zhtCD_MZZMLcxMPCSSVrPA.jpg"></icon><desc></desc><category></category></programme><programme channel="1uWAPcrmwNYPMkRQdDJBKVqwVwTdgABlYPpmQPe8" start="20221123010000 +0000" stop="20221123030000 +0000" catchup-id="g8JFtBODJucQ-DzFH8FZ4KqQpTDvelN7HUnCeBIK"><title>Non-stop de beste Schlager muziek</title><date></date><icon src="https://m7be2.solocoo.tv/m7be2iphone/mmchan/mpimages/208x308/zhtCD_MZZMLcxMPCSSVrPA.jpg"></icon><desc></desc><category></category></programme><programme channel="1uWAPcrmwNYPMkRQdDJBKVqwVwTdgABlYPpmQPe8" start="20221123030000 +0000" stop="20221123050000 +0000" catchup-id="spRwysmU7VJOA6ndL015N-Dxn-VgW9omSmjs36vK"><title>Non-stop de beste Schlager muziek</title><date></date><icon src="https://m7be2.solocoo.tv/m7be2iphone/mmchan/mpimages/208x308/zhtCD_MZZMLcxMPCSSVrPA.jpg"></icon><desc></desc><category></category></programme><programme channel="1uWAPcrmwNYPMkRQdDJBKVqwVwTdgABlYPpmQPe8" start="20221123050000 +0000" stop="20221123070000 +0000" catchup-id="VyEhPWiipouWRYJMAZbKyCFrN8Ut51OQXtjzx7g4"><title>Non-stop de beste Schlager muziek</title><date></date><icon src="https://m7be2.solocoo.tv/m7be2iphone/mmchan/mpimages/208x308/zhtCD_MZZMLcxMPCSSVrPA.jpg"></icon><desc></desc><category></category></programme><programme channel="1uWAPcrmwNYPMkRQdDJBKVqwVwTdgABlYPpmQPe8" start="20221123070000 +0000" stop="20221123090000 +0000" catchup-id="a5V9TkgN3_5tf-aiGuI4yPBHa_6dmvcsAh5WWczw"><title>Non-stop de beste Schlager muziek</title><date></date><icon src="https://m7be2.solocoo.tv/m7be2iphone/mmchan/mpimages/208x308/zhtCD_MZZMLcxMPCSSVrPA.jpg"></icon><desc></desc><category></category></programme><programme channel="1uWAPcrmwNYPMkRQdDJBKVqwVwTdgABlYPpmQPe8" start="20221123090000 +0000" stop="20221123110000 +0000" catchup-id="3ZXGEnBCsIXsSp3MvQ2k53qM00l51kC016rPo_Lx"><title>Non-stop de beste Schlager muziek</title><date></date><icon src="https://m7be2.solocoo.tv/m7be2iphone/mmchan/mpimages/208x308/zhtCD_MZZMLcxMPCSSVrPA.jpg"></icon><desc></desc><category></category></programme><programme channel="1uWAPcrmwNYPMkRQdDJBKVqwVwTdgABlYPpmQPe8" start="20221123110000 +0000" stop="20221123130000 +0000" catchup-id="Bma6C_E7LxhXddJ0VH7mosfW671pKnCSAthxHh_D"><title>Non-stop de beste Schlager muziek</title><date></date><icon src="https://m7be2.solocoo.tv/m7be2iphone/mmchan/mpimages/208x308/zhtCD_MZZMLcxMPCSSVrPA.jpg"></icon><desc></desc><category></category></programme><programme channel="1uWAPcrmwNYPMkRQdDJBKVqwVwTdgABlYPpmQPe8" start="20221123130000 +0000" stop="20221123150000 +0000" catchup-id="FEGlfg_LXSZDIu95vw2HG-5q2q14874ummfR8zDl"><title>Non-stop de beste Schlager muziek</title><date></date><icon src="https://m7be2.solocoo.tv/m7be2iphone/mmchan/mpimages/208x308/zhtCD_MZZMLcxMPCSSVrPA.jpg"></icon><desc></desc><category></category></programme><programme channel="1uWAPcrmwNYPMkRQdDJBKVqwVwTdgABlYPpmQPe8" start="20221123150000 +0000" stop="20221123170000 +0000" catchup-id="8izPJ5dMF0slrrZiplfmZMR-QbDkeytzuNBPP17j"><title>Non-stop de beste Schlager muziek</title><date></date><icon src="https://m7be2.solocoo.tv/m7be2iphone/mmchan/mpimages/208x308/zhtCD_MZZMLcxMPCSSVrPA.jpg"></icon><desc></desc><category></category></programme><programme channel="1uWAPcrmwNYPMkRQdDJBKVqwVwTdgABlYPpmQPe8" start="20221123170000 +0000" stop="20221123190000 +0000" catchup-id="8oRRsglccWmYcIGk3DigaG_7W7ObR0FrKIcaN5f6"><title>Non-stop de beste Schlager muziek</title><date></date><icon src="https://m7be2.solocoo.tv/m7be2iphone/mmchan/mpimages/208x308/zhtCD_MZZMLcxMPCSSVrPA.jpg"></icon><desc></desc><category></category></programme><programme channel="1uWAPcrmwNYPMkRQdDJBKVqwVwTdgABlYPpmQPe8" start="20221123190000 +0000" stop="20221123210000 +0000" catchup-id="FauTm02HiIhco4iYlFew3BzXGUgvpFmBsBCDSSxV"><title>Non-stop de beste Schlager muziek</title><date></date><icon src="https://m7be2.solocoo.tv/m7be2iphone/mmchan/mpimages/208x308/zhtCD_MZZMLcxMPCSSVrPA.jpg"></icon><desc></desc><category></category></programme><programme channel="1uWAPcrmwNYPMkRQdDJBKVqwVwTdgABlYPpmQPe8" start="20221123210000 +0000" stop="20221123230000 +0000" catchup-id="g6rEy3Vot7J9fh5nCM4x_HLKGDpdUcFjxYWwBtdi"><title>Non-stop de beste Schlager muziek</title><date></date><icon src="https://m7be2.solocoo.tv/m7be2iphone/mmchan/mpimages/208x308/zhtCD_MZZMLcxMPCSSVrPA.jpg"></icon><desc></desc><category></category></programme><programme channel="1uWAPcrmwNYPMkRQdDJBKVqwVwTdgABlYPpmQPe8" start="20221123230000 +0000" stop="20221124010000 +0000" catchup-id="TOjPcPxtXGZ1mp1hZrZveen3TPZp4PM7N_8Gi6Hr"><title>Non-stop de beste Schlager muziek</title><date></date><icon src="https://m7be2.solocoo.tv/m7be2iphone/mmchan/mpimages/208x308/zhtCD_MZZMLcxMPCSSVrPA.jpg"></icon><desc></desc><category></category></programme><programme channel="1uWAPcrmwNYPMkRQdDJBKVqwVwTdgABlYPpmQPe8" start="20221124010000 +0000" stop="20221124030000 +0000" catchup-id="klIoBfQvPiLXsAirVFvJu6ep5dFOT4OuJF--hptH"><title>Non-stop de beste Schlager muziek</title><date></date><icon src="https://m7be2.solocoo.tv/m7be2iphone/mmchan/mpimages/208x308/zhtCD_MZZMLcxMPCSSVrPA.jpg"></icon><desc></desc><category></category></programme><programme channel="1uWAPcrmwNYPMkRQdDJBKVqwVwTdgABlYPpmQPe8" start="20221124030000 +0000" stop="20221124050000 +0000" catchup-id="qOIXQ--qF5RXry2h6gIDmfGtLMdfGLzLX1dp6fN6"><title>Non-stop de beste Schlager muziek</title><date></date><icon src="https://m7be2.solocoo.tv/m7be2iphone/mmchan/mpimages/208x308/zhtCD_MZZMLcxMPCSSVrPA.jpg"></icon><desc></desc><category></category></programme><programme channel="1uWAPcrmwNYPMkRQdDJBKVqwVwTdgABlYPpmQPe8" start="20221124050000 +0000" stop="20221124070000 +0000" catchup-id="m5ENtpYmkC4HWFb8RmbeFhpVcI99dqXum89jk740"><title>Non-stop de beste Schlager muziek</title><date></date><icon src="https://m7be2.solocoo.tv/m7be2iphone/mmchan/mpimages/208x308/zhtCD_MZZMLcxMPCSSVrPA.jpg"></icon><desc></desc><category></category></programme><programme channel="1uWAPcrmwNYPMkRQdDJBKVqwVwTdgABlYPpmQPe8" start="20221124070000 +0000" stop="20221124090000 +0000" catchup-id="7mcTJFxpt1Reesic1GO7kpffiYzVzceVnrLGwU3J"><title>Non-stop de beste Schlager muziek</title><date></date><icon src="https://m7be2.solocoo.tv/m7be2iphone/mmchan/mpimages/208x308/zhtCD_MZZMLcxMPCSSVrPA.jpg"></icon><desc></desc><category></category></programme><programme channel="1uWAPcrmwNYPMkRQdDJBKVqwVwTdgABlYPpmQPe8" start="20221124090000 +0000" stop="20221124110000 +0000" catchup-id="n1f-la4_7sc8BYxegNXCSoSvAktIgTnVC64XONWi"><title>Non-stop de beste Schlager muziek</title><date></date><icon src="https://m7be2.solocoo.tv/m7be2iphone/mmchan/mpimages/208x308/zhtCD_MZZMLcxMPCSSVrPA.jpg"></icon><desc></desc><category></category></programme><programme channel="1uWAPcrmwNYPMkRQdDJBKVqwVwTdgABlYPpmQPe8" start="20221124110000 +0000" stop="20221124130000 +0000" catchup-id="G_N2fzOQn0cqH3KGa3uc4GVzwZ8vFN3aXlZALeIS"><title>Non-stop de beste Schlager muziek</title><date></date><icon src="https://m7be2.solocoo.tv/m7be2iphone/mmchan/mpimages/208x308/zhtCD_MZZMLcxMPCSSVrPA.jpg"></icon><desc></desc><category></category></programme><programme channel="1uWAPcrmwNYPMkRQdDJBKVqwVwTdgABlYPpmQPe8" start="20221124130000 +0000" stop="20221124150000 +0000" catchup-id="n89f5yijWDd5OmNKdpJK-nDoKodNDcn2rcgmAEy1"><title>Non-stop de beste Schlager muziek</title><date></date><icon src="https://m7be2.solocoo.tv/m7be2iphone/mmchan/mpimages/208x308/zhtCD_MZZMLcxMPCSSVrPA.jpg"></icon><desc></desc><category></category></programme><programme channel="1uWAPcrmwNYPMkRQdDJBKVqwVwTdgABlYPpmQPe8" start="20221124150000 +0000" stop="20221124170000 +0000" catchup-id="OxbGZJoD2m6i3O0jOFaGKq3eAQQ7znudVF2AZqoY"><title>Non-stop de beste Schlager muziek</title><date></date><icon src="https://m7be2.solocoo.tv/m7be2iphone/mmchan/mpimages/208x308/zhtCD_MZZMLcxMPCSSVrPA.jpg"></icon><desc></desc><category></category></programme><programme channel="1uWAPcrmwNYPMkRQdDJBKVqwVwTdgABlYPpmQPe8" start="20221124170000 +0000" stop="20221124190000 +0000" catchup-id="0Wn4NtAxiNPFYWEns4e-BYYr4L-ysni4tBkzrG1R"><title>Non-stop de beste Schlager muziek</title><date></date><icon src="https://m7be2.solocoo.tv/m7be2iphone/mmchan/mpimages/208x308/zhtCD_MZZMLcxMPCSSVrPA.jpg"></icon><desc></desc><category></category></programme><programme channel="1uWAPcrmwNYPMkRQdDJBKVqwVwTdgABlYPpmQPe8" start="20221124190000 +0000" stop="20221124210000 +0000" catchup-id="dOO7LKyrplbpDrPNT6wOVSYzJysY7Qa4Uwa3ryMt"><title>Non-stop de beste Schlager muziek</title><date></date><icon src="https://m7be2.solocoo.tv/m7be2iphone/mmchan/mpimages/208x308/zhtCD_MZZMLcxMPCSSVrPA.jpg"></icon><desc></desc><category></category></programme><programme channel="1uWAPcrmwNYPMkRQdDJBKVqwVwTdgABlYPpmQPe8" start="20221124210000 +0000" stop="20221124230000 +0000" catchup-id="L9XC-CuFuVu3gAxcCWq5SROL6Al8HWnhI1j1uGEZ"><title>Non-stop de beste Schlager muziek</title><date></date><icon src="https://m7be2.solocoo.tv/m7be2iphone/mmchan/mpimages/208x308/zhtCD_MZZMLcxMPCSSVrPA.jpg"></icon><desc></desc><category></category></programme><programme channel="1uWAPcrmwNYPMkRQdDJBKVqwVwTdgABlYPpmQPe8" start="20221124230000 +0000" stop="20221125010000 +0000" catchup-id="AMoWVkJIStYXOnOx5Y_WPy9iwym9C7sBANJtnCDi"><title>Non-stop de beste Schlager muziek</title><date></date><icon src="https://m7be2.solocoo.tv/m7be2iphone/mmchan/mpimages/208x308/zhtCD_MZZMLcxMPCSSVrPA.jpg"></icon><desc></desc><category></category></programme><programme channel="1uWAPcrmwNYPMkRQdDJBKVqwVwTdgABlYPpmQPe8" start="20221125010000 +0000" stop="20221125030000 +0000" catchup-id="jnxQ60jwKl3gfOIEJ6dBdyz9HfM1SxAziqiGA94_"><title>Non-stop de beste Schlager muziek</title><date></date><icon src="https://m7be2.solocoo.tv/m7be2iphone/mmchan/mpimages/208x308/zhtCD_MZZMLcxMPCSSVrPA.jpg"></icon><desc></desc><category></category></programme><programme channel="1uWAPcrmwNYPMkRQdDJBKVqwVwTdgABlYPpmQPe8" start="20221125030000 +0000" stop="20221125050000 +0000" catchup-id="86HmpfdmxD8vZS6gpZ1JoiuIBnCIefiQuVA5EDxy"><title>Non-stop de beste Schlager muziek</title><date></date><icon src="https://m7be2.solocoo.tv/m7be2iphone/mmchan/mpimages/208x308/zhtCD_MZZMLcxMPCSSVrPA.jpg"></icon><desc></desc><category></category></programme><programme channel="1uWAPcrmwNYPMkRQdDJBKVqwVwTdgABlYPpmQPe8" start="20221125050000 +0000" stop="20221125070000 +0000" catchup-id="RiKKL402_rArNgt6uXaDWxxz9K8aao5QELd6D6rd"><title>Non-stop de beste Schlager muziek</title><date></date><icon src="https://m7be2.solocoo.tv/m7be2iphone/mmchan/mpimages/208x308/zhtCD_MZZMLcxMPCSSVrPA.jpg"></icon><desc></desc><category></category></programme><programme channel="1uWAPcrmwNYPMkRQdDJBKVqwVwTdgABlYPpmQPe8" start="20221125070000 +0000" stop="20221125090000 +0000" catchup-id="WhyMn4FEDgx2CuW1tNb9d0DEWR6V49SIn5OFVZtQ"><title>Non-stop de beste Schlager muziek</title><date></date><icon src="https://m7be2.solocoo.tv/m7be2iphone/mmchan/mpimages/208x308/zhtCD_MZZMLcxMPCSSVrPA.jpg"></icon><desc></desc><category></category></programme><programme channel="1uWAPcrmwNYPMkRQdDJBKVqwVwTdgABlYPpmQPe8" start="20221125090000 +0000" stop="20221125110000 +0000" catchup-id="VGdcOVnJx9DSu2TtUmkxs595rs9qr2_8ZRbQr_PJ"><title>Non-stop de beste Schlager muziek</title><date></date><icon src="https://m7be2.solocoo.tv/m7be2iphone/mmchan/mpimages/208x308/zhtCD_MZZMLcxMPCSSVrPA.jpg"></icon><desc></desc><category></category></programme><programme channel="1uWAPcrmwNYPMkRQdDJBKVqwVwTdgABlYPpmQPe8" start="20221125110000 +0000" stop="20221125130000 +0000" catchup-id="ojcLFDIZ4BgBSTjInvTULwL_P7OLplLLYTB99_lm"><title>Non-stop de beste Schlager muziek</title><date></date><icon src="https://m7be2.solocoo.tv/m7be2iphone/mmchan/mpimages/208x308/zhtCD_MZZMLcxMPCSSVrPA.jpg"></icon><desc></desc><category></category></programme><programme channel="1uWAPcrmwNYPMkRQdDJBKVqwVwTdgABlYPpmQPe8" start="20221125130000 +0000" stop="20221125150000 +0000" catchup-id="DVBS0wLoOuRq28ETbmwlu1plALJL7Ve2Rvr0crTu"><title>Non-stop de beste Schlager muziek</title><date></date><icon src="https://m7be2.solocoo.tv/m7be2iphone/mmchan/mpimages/208x308/zhtCD_MZZMLcxMPCSSVrPA.jpg"></icon><desc></desc><category></category></programme><programme channel="1uWAPcrmwNYPMkRQdDJBKVqwVwTdgABlYPpmQPe8" start="20221125150000 +0000" stop="20221125170000 +0000" catchup-id="3wKwpUGwdzh0ZAAdATrCGUVXcB5H1eLVKgAEwHxW"><title>Non-stop de beste Schlager muziek</title><date></date><icon src="https://m7be2.solocoo.tv/m7be2iphone/mmchan/mpimages/208x308/zhtCD_MZZMLcxMPCSSVrPA.jpg"></icon><desc></desc><category></category></programme><programme channel="1uWAPcrmwNYPMkRQdDJBKVqwVwTdgABlYPpmQPe8" start="20221125170000 +0000" stop="20221125190000 +0000" catchup-id="sK_gzah1MOB1J9B_o21wPG4x-VolE0PrlhlFEC61"><title>Non-stop de beste Schlager muziek</title><date></date><icon src="https://m7be2.solocoo.tv/m7be2iphone/mmchan/mpimages/208x308/zhtCD_MZZMLcxMPCSSVrPA.jpg"></icon><desc></desc><category></category></programme><programme channel="1uWAPcrmwNYPMkRQdDJBKVqwVwTdgABlYPpmQPe8" start="20221125190000 +0000" stop="20221125210000 +0000" catchup-id="3YXlqJx8ItlxCCtJFPhp-Lb5NKdWo9V1yaaU4iL_"><title>Non-stop de beste Schlager muziek</title><date></date><icon src="https://m7be2.solocoo.tv/m7be2iphone/mmchan/mpimages/208x308/zhtCD_MZZMLcxMPCSSVrPA.jpg"></icon><desc></desc><category></category></programme><programme channel="1uWAPcrmwNYPMkRQdDJBKVqwVwTdgABlYPpmQPe8" start="20221125210000 +0000" stop="20221125230000 +0000" catchup-id="epA8ihF9aSC8K852P4dSKmi5WMags860IulO9Tmp"><title>Non-stop de beste Schlager muziek</title><date></date><icon src="https://m7be2.solocoo.tv/m7be2iphone/mmchan/mpimages/208x308/zhtCD_MZZMLcxMPCSSVrPA.jpg"></icon><desc></desc><category></category></programme><programme channel="1uWAPcrmwNYPMkRQdDJBKVqwVwTdgABlYPpmQPe8" start="20221125230000 +0000" stop="20221126010000 +0000" catchup-id="JXvd-o9khOQW-whgfiLPvqwKDSqtigczNBKglfGq"><title>Non-stop de beste Schlager muziek</title><date></date><icon src="https://m7be2.solocoo.tv/m7be2iphone/mmchan/mpimages/208x308/zhtCD_MZZMLcxMPCSSVrPA.jpg"></icon><desc></desc><category></category></programme><programme channel="1uWAPcrmwNYPMkRQdDJBKVqwVwTdgABlYPpmQPe8" start="20221126010000 +0000" stop="20221126030000 +0000" catchup-id="SNwZ3tpv1EhXF2X4ypSusdybd8xqNJlEm0kL9VCz"><title>Non-stop de beste Schlager muziek</title><date></date><icon src="https://m7be2.solocoo.tv/m7be2iphone/mmchan/mpimages/208x308/zhtCD_MZZMLcxMPCSSVrPA.jpg"></icon><desc></desc><category></category></programme><programme channel="1uWAPcrmwNYPMkRQdDJBKVqwVwTdgABlYPpmQPe8" start="20221126030000 +0000" stop="20221126050000 +0000" catchup-id="i_h8rXl1pfkXDArdh6ss0-ADBAetesPuupETNoPG"><title>Non-stop de beste Schlager muziek</title><date></date><icon src="https://m7be2.solocoo.tv/m7be2iphone/mmchan/mpimages/208x308/zhtCD_MZZMLcxMPCSSVrPA.jpg"></icon><desc></desc><category></category></programme><programme channel="1uWAPcrmwNYPMkRQdDJBKVqwVwTdgABlYPpmQPe8" start="20221126050000 +0000" stop="20221126070000 +0000" catchup-id="yesLwkpysXmhB2ZGRCrxG8a3eSQqD3MPBQN6r8oP"><title>Non-stop de beste Schlager muziek</title><date></date><icon src="https://m7be2.solocoo.tv/m7be2iphone/mmchan/mpimages/208x308/zhtCD_MZZMLcxMPCSSVrPA.jpg"></icon><desc></desc><category></category></programme><programme channel="1uWAPcrmwNYPMkRQdDJBKVqwVwTdgABlYPpmQPe8" start="20221126070000 +0000" stop="20221126090000 +0000" catchup-id="9BKnnCwuUkab0Oess2jlj6osZ2n5FBrFg7yM2qmN"><title>Non-stop de beste Schlager muziek</title><date></date><icon src="https://m7be2.solocoo.tv/m7be2iphone/mmchan/mpimages/208x308/zhtCD_MZZMLcxMPCSSVrPA.jpg"></icon><desc></desc><category></category></programme><programme channel="1uWAPcrmwNYPMkRQdDJBKVqwVwTdgABlYPpmQPe8" start="20221126090000 +0000" stop="20221126110000 +0000" catchup-id="o8LqzxSvUb8gJa2GbdysvuX6QhRm3phlJ98hXR2t"><title>Non-stop de beste Schlager muziek</title><date></date><icon src="https://m7be2.solocoo.tv/m7be2iphone/mmchan/mpimages/208x308/zhtCD_MZZMLcxMPCSSVrPA.jpg"></icon><desc></desc><category></category></programme><programme channel="1uWAPcrmwNYPMkRQdDJBKVqwVwTdgABlYPpmQPe8" start="20221126110000 +0000" stop="20221126130000 +0000" catchup-id="Xb4gaR2Suh1Hp6cArlOeYMV3A2tQOClDMw3KsjaH"><title>Non-stop de beste Schlager muziek</title><date></date><icon src="https://m7be2.solocoo.tv/m7be2iphone/mmchan/mpimages/208x308/zhtCD_MZZMLcxMPCSSVrPA.jpg"></icon><desc></desc><category></category></programme><programme channel="1uWAPcrmwNYPMkRQdDJBKVqwVwTdgABlYPpmQPe8" start="20221126130000 +0000" stop="20221126150000 +0000" catchup-id="fsQ3DJLFnajrGlmdfM-orcwu027WtMtUf_b7mvT6"><title>Non-stop de beste Schlager muziek</title><date></date><icon src="https://m7be2.solocoo.tv/m7be2iphone/mmchan/mpimages/208x308/zhtCD_MZZMLcxMPCSSVrPA.jpg"></icon><desc></desc><category></category></programme><programme channel="1uWAPcrmwNYPMkRQdDJBKVqwVwTdgABlYPpmQPe8" start="20221126150000 +0000" stop="20221126170000 +0000" catchup-id="BXig8CaNbeyb5nuAi8bAQhczgcm_I4CmLbhtfpfq"><title>Non-stop de beste Schlager muziek</title><date></date><icon src="https://m7be2.solocoo.tv/m7be2iphone/mmchan/mpimages/208x308/zhtCD_MZZMLcxMPCSSVrPA.jpg"></icon><desc></desc><category></category></programme><programme channel="1uWAPcrmwNYPMkRQdDJBKVqwVwTdgABlYPpmQPe8" start="20221126170000 +0000" stop="20221126190000 +0000" catchup-id="-EszD4ED0sIpCezaHKkJfxaXx-KoVaXMwfpkOtbr"><title>Non-stop de beste Schlager muziek</title><date></date><icon src="https://m7be2.solocoo.tv/m7be2iphone/mmchan/mpimages/260x145/zhtCD_MZZMLcxMPCSSVrPA.jpg"></icon><desc></desc><category></category></programme><programme channel="1uWAPcrmwNYPMkRQdDJBKVqwVwTdgABlYPpmQPe8" start="20221126190000 +0000" stop="20221126210000 +0000" catchup-id="lkbw7TFxzeTcV3Hcfk_3nSpfYMm1SU2TvbfOXVhh"><title>Non-stop de beste Schlager muziek</title><date></date><icon src="https://m7be2.solocoo.tv/m7be2iphone/mmchan/mpimages/260x145/zhtCD_MZZMLcxMPCSSVrPA.jpg"></icon><desc></desc><category></category></programme><programme channel="1uWAPcrmwNYPMkRQdDJBKVqwVwTdgABlYPpmQPe8" start="20221126210000 +0000" stop="20221126230000 +0000" catchup-id="XpXV2lnczQnEH5EFEa1LJcY4fWrOVnvkBK0nNDHP"><title>Non-stop de beste Schlager muziek</title><date></date><icon src="https://m7be2.solocoo.tv/m7be2iphone/mmchan/mpimages/260x145/zhtCD_MZZMLcxMPCSSVrPA.jpg"></icon><desc></desc><category></category></programme><programme channel="1uWAPcrmwNYPMkRQdDJBKVqwVwTdgABlYPpmQPe8" start="20221126230000 +0000" stop="20221127010000 +0000" catchup-id="kP7YIN47qUujym9Q1VXlqzj4aPsFvo0OZmqjUyAe"><title>Non-stop de beste Schlager muziek</title><date></date><icon src="https://m7be2.solocoo.tv/m7be2iphone/mmchan/mpimages/260x145/zhtCD_MZZMLcxMPCSSVrPA.jpg"></icon><desc></desc><category></category></programme><programme channel="1uWAPcrmwNYPMkRQdDJBKVqwVwTdgABlYPpmQPe8" start="20221127010000 +0000" stop="20221127030000 +0000" catchup-id="vvqOgp9I5mibpb5GO_HSaZbUOSq2RDGVRtQmLsCD"><title>Non-stop de beste Schlager muziek</title><date></date><icon src="https://m7be2.solocoo.tv/m7be2iphone/mmchan/mpimages/260x145/zhtCD_MZZMLcxMPCSSVrPA.jpg"></icon><desc></desc><category></category></programme><programme channel="1uWAPcrmwNYPMkRQdDJBKVqwVwTdgABlYPpmQPe8" start="20221127030000 +0000" stop="20221127050000 +0000" catchup-id="2s0fOyD3M3HlE4Why8YLL_DgnZ9POn7o_-4sUO7i"><title>Non-stop de beste Schlager muziek</title><date></date><icon src="https://m7be2.solocoo.tv/m7be2iphone/mmchan/mpimages/260x145/zhtCD_MZZMLcxMPCSSVrPA.jpg"></icon><desc></desc><category></category></programme><programme channel="1uWAPcrmwNYPMkRQdDJBKVqwVwTdgABlYPpmQPe8" start="20221127050000 +0000" stop="20221127070000 +0000" catchup-id="UgE6NURccE4l4nN_9boOJR9lIM1RDDQVSQPoB6p4"><title>Non-stop de beste Schlager muziek</title><date></date><icon src="https://m7be2.solocoo.tv/m7be2iphone/mmchan/mpimages/260x145/zhtCD_MZZMLcxMPCSSVrPA.jpg"></icon><desc></desc><category></category></programme><programme channel="1uWAPcrmwNYPMkRQdDJBKVqwVwTdgABlYPpmQPe8" start="20221127070000 +0000" stop="20221127090000 +0000" catchup-id="xbC__-VTlqP6fyUfH_fxNl39H220LrKqsnsO_dcB"><title>Non-stop de beste Schlager muziek</title><date></date><icon src="https://m7be2.solocoo.tv/m7be2iphone/mmchan/mpimages/260x145/zhtCD_MZZMLcxMPCSSVrPA.jpg"></icon><desc></desc><category></category></programme><programme channel="1uWAPcrmwNYPMkRQdDJBKVqwVwTdgABlYPpmQPe8" start="20221127090000 +0000" stop="20221127110000 +0000" catchup-id="WjV54OQsFbzjG2eTewt7EEYyS2NbD_1zxSXykqff"><title>Non-stop de beste Schlager muziek</title><date></date><icon src="https://m7be2.solocoo.tv/m7be2iphone/mmchan/mpimages/260x145/zhtCD_MZZMLcxMPCSSVrPA.jpg"></icon><desc></desc><category></category></programme><programme channel="1uWAPcrmwNYPMkRQdDJBKVqwVwTdgABlYPpmQPe8" start="20221127110000 +0000" stop="20221127130000 +0000" catchup-id="5--y9VxtFUwTBgbHmjizs4JBgq30Gf0zc9YBhBst"><title>Non-stop de beste Schlager muziek</title><date></date><icon src="https://m7be2.solocoo.tv/m7be2iphone/mmchan/mpimages/260x145/zhtCD_MZZMLcxMPCSSVrPA.jpg"></icon><desc></desc><category></category></programme><programme channel="1uWAPcrmwNYPMkRQdDJBKVqwVwTdgABlYPpmQPe8" start="20221127130000 +0000" stop="20221127150000 +0000" catchup-id="wpFpsaQRshGxfjXbZlIoz5I_UhI2rXq-0-WdpwPj"><title>Non-stop de beste Schlager muziek</title><date></date><icon src="https://m7be2.solocoo.tv/m7be2iphone/mmchan/mpimages/260x145/zhtCD_MZZMLcxMPCSSVrPA.jpg"></icon><desc></desc><category></category></programme><programme channel="1uWAPcrmwNYPMkRQdDJBKVqwVwTdgABlYPpmQPe8" start="20221127150000 +0000" stop="20221127170000 +0000" catchup-id="TuYlfCsD2gu6O2eQehZrI5AE4QRHKF-M97TzMFqt"><title>Non-stop de beste Schlager muziek</title><date></date><icon src="https://m7be2.solocoo.tv/m7be2iphone/mmchan/mpimages/260x145/zhtCD_MZZMLcxMPCSSVrPA.jpg"></icon><desc></desc><category></category></programme><programme channel="1uWAPcrmwNYPMkRQdDJBKVqwVwTdgABlYPpmQPe8" start="20221127170000 +0000" stop="20221127190000 +0000" catchup-id="Y0r9Zqjv5Ge1Ku25R0mQLGwsdOp6EQH7rt7PiqMp"><title>Non-stop de beste Schlager muziek</title><date></date><icon src="https://m7be2.solocoo.tv/m7be2iphone/mmchan/mpimages/260x145/zhtCD_MZZMLcxMPCSSVrPA.jpg"></icon><desc></desc><category></category></programme><programme channel="1uWAPcrmwNYPMkRQdDJBKVqwVwTdgABlYPpmQPe8" start="20221127190000 +0000" stop="20221127210000 +0000" catchup-id="VFwUZWkO42BcGpsbDlzSW7UxpApj6UYl5IAreT-a"><title>Non-stop de beste Schlager muziek</title><date></date><icon src="https://m7be2.solocoo.tv/m7be2iphone/mmchan/mpimages/260x145/zhtCD_MZZMLcxMPCSSVrPA.jpg"></icon><desc></desc><category></category></programme><programme channel="1uWAPcrmwNYPMkRQdDJBKVqwVwTdgABlYPpmQPe8" start="20221127210000 +0000" stop="20221127230000 +0000" catchup-id="ImOwS5e4JHaPWc_0gBVAjhBdk8aOfPjRahxURYun"><title>Non-stop de beste Schlager muziek</title><date></date><icon src="https://m7be2.solocoo.tv/m7be2iphone/mmchan/mpimages/260x145/zhtCD_MZZMLcxMPCSSVrPA.jpg"></icon><desc></desc><category></category></programme><programme channel="1uWAPcrmwNYPMkRQdDJBKVqwVwTdgABlYPpmQPe8" start="20221127230000 +0000" stop="20221128010000 +0000" catchup-id="38ypmUkC-9Gn4kBziLm7QHr0KPkca-5uQYOPAeQY"><title>Non-stop de beste Schlager muziek</title><date></date><icon src="https://m7be2.solocoo.tv/m7be2iphone/mmchan/mpimages/260x145/zhtCD_MZZMLcxMPCSSVrPA.jpg"></icon><desc></desc><category></category></programme><programme channel="1uWAPcrmwNYPMkRQdDJBKVqwVwTdgABlYPpmQPe8" start="20221128010000 +0000" stop="20221128030000 +0000" catchup-id="mX5jbsVPc-wq-rtXpxb6wJz03w-PatTaGvbrlSJ4"><title>Non-stop de beste Schlager muziek</title><date></date><icon src="https://m7be2.solocoo.tv/m7be2iphone/mmchan/mpimages/260x145/zhtCD_MZZMLcxMPCSSVrPA.jpg"></icon><desc></desc><category></category></programme><programme channel="1uWAPcrmwNYPMkRQdDJBKVqwVwTdgABlYPpmQPe8" start="20221128030000 +0000" stop="20221128050000 +0000" catchup-id="tNLGrmpCmLrXBGDKpGFBSIBIOihzunfZGqlGphc0"><title>Non-stop de beste Schlager muziek</title><date></date><icon src="https://m7be2.solocoo.tv/m7be2iphone/mmchan/mpimages/260x145/zhtCD_MZZMLcxMPCSSVrPA.jpg"></icon><desc></desc><category></category></programme><programme channel="1uWAPcrmwNYPMkRQdDJBKVqwVwTdgABlYPpmQPe8" start="20221128050000 +0000" stop="20221128070000 +0000" catchup-id="_wgTZs9VYTo8m3IS6Gqz8dUwVQdI9dleRW-p69H5"><title>Non-stop de beste Schlager muziek</title><date></date><icon src="https://m7be2.solocoo.tv/m7be2iphone/mmchan/mpimages/260x145/zhtCD_MZZMLcxMPCSSVrPA.jpg"></icon><desc></desc><category></category></programme><programme channel="1uWAPcrmwNYPMkRQdDJBKVqwVwTdgABlYPpmQPe8" start="20221128070000 +0000" stop="20221128090000 +0000" catchup-id="BYteMzOhcRHEvlsNpi-WhLGqac8iTEB3qvW_ICsw"><title>Non-stop de beste Schlager muziek</title><date></date><icon src="https://m7be2.solocoo.tv/m7be2iphone/mmchan/mpimages/260x145/zhtCD_MZZMLcxMPCSSVrPA.jpg"></icon><desc></desc><category></category></programme><programme channel="1uWAPcrmwNYPMkRQdDJBKVqwVwTdgABlYPpmQPe8" start="20221128090000 +0000" stop="20221128110000 +0000" catchup-id="O2Bh1LHZ_ndU8AaTUvDB6L2V1Px2S4M4wfH2VMW-"><title>Non-stop de beste Schlager muziek</title><date></date><icon src="https://m7be2.solocoo.tv/m7be2iphone/mmchan/mpimages/260x145/zhtCD_MZZMLcxMPCSSVrPA.jpg"></icon><desc></desc><category></category></programme><programme channel="1uWAPcrmwNYPMkRQdDJBKVqwVwTdgABlYPpmQPe8" start="20221128110000 +0000" stop="20221128130000 +0000" catchup-id="iQqwXkw_TaCcBtP6cZHQQwoWPYAf7VHph76_MJl8"><title>Non-stop de beste Schlager muziek</title><date></date><icon src="https://m7be2.solocoo.tv/m7be2iphone/mmchan/mpimages/260x145/zhtCD_MZZMLcxMPCSSVrPA.jpg"></icon><desc></desc><category></category></programme><programme channel="1uWAPcrmwNYPMkRQdDJBKVqwVwTdgABlYPpmQPe8" start="20221128130000 +0000" stop="20221128150000 +0000" catchup-id="Jj7RlDCWFo75P46bXnuaDEC3qxfTUvLLdwjgFiGH"><title>Non-stop de beste Schlager muziek</title><date></date><icon src="https://m7be2.solocoo.tv/m7be2iphone/mmchan/mpimages/260x145/zhtCD_MZZMLcxMPCSSVrPA.jpg"></icon><desc></desc><category></category></programme><programme channel="1uWAPcrmwNYPMkRQdDJBKVqwVwTdgABlYPpmQPe8" start="20221128150000 +0000" stop="20221128170000 +0000" catchup-id="X30_8ajkbymkAFEmlu2OvUNuZyF3lEAK_lOPvMu1"><title>Non-stop de beste Schlager muziek</title><date></date><icon src="https://m7be2.solocoo.tv/m7be2iphone/mmchan/mpimages/260x145/zhtCD_MZZMLcxMPCSSVrPA.jpg"></icon><desc></desc><category></category></programme><programme channel="1uWAPcrmwNYPMkRQdDJBKVqwVwTdgABlYPpmQPe8" start="20221128170000 +0000" stop="20221128190000 +0000" catchup-id="25840R5xwKVrUaxHmhgZ0jVfhS1AsyrAMO7Hsj5o"><title>Non-stop de beste Schlager muziek</title><date></date><icon src="https://m7be2.solocoo.tv/m7be2iphone/mmchan/mpimages/260x145/zhtCD_MZZMLcxMPCSSVrPA.jpg"></icon><desc></desc><category></category></programme><programme channel="1uWAPcrmwNYPMkRQdDJBKVqwVwTdgABlYPpmQPe8" start="20221128190000 +0000" stop="20221128210000 +0000" catchup-id="b-PPL4uqLF0BGc3H9fv7yE_MMrKdBmKS16kEV5ZY"><title>Non-stop de beste Schlager muziek</title><date></date><icon src="https://m7be2.solocoo.tv/m7be2iphone/mmchan/mpimages/260x145/zhtCD_MZZMLcxMPCSSVrPA.jpg"></icon><desc></desc><category></category></programme><programme channel="1uWAPcrmwNYPMkRQdDJBKVqwVwTdgABlYPpmQPe8" start="20221128210000 +0000" stop="20221128230000 +0000" catchup-id="RGssrrLV57lOMGcfSFyXgA3830qtFBAFY_-8yMYj"><title>Non-stop de beste Schlager muziek</title><date></date><icon src="https://m7be2.solocoo.tv/m7be2iphone/mmchan/mpimages/260x145/zhtCD_MZZMLcxMPCSSVrPA.jpg"></icon><desc></desc><category></category></programme><programme channel="1uWAPcrmwNYPMkRQdDJBKVqwVwTdgABlYPpmQPe8" start="20221128230000 +0000" stop="20221129010000 +0000" catchup-id="5BfMY_xNiTnnoWpl-ht5LOy7kTLRPLe1gv91tHZs"><title>Non-stop de beste Schlager muziek</title><date></date><icon src="https://m7be2.solocoo.tv/m7be2iphone/mmchan/mpimages/260x145/zhtCD_MZZMLcxMPCSSVrPA.jpg"></icon><desc></desc><category></category></programme><programme channel="1uWAPcrmwNYPMkRQdDJBKVqwVwTdgABlYPpmQPe8" start="20221129010000 +0000" stop="20221129030000 +0000" catchup-id="x9BXv45i_qlPFyBrrREAKgDRcLr9ErtBnyPGw9xS"><title>Non-stop de beste Schlager muziek</title><date></date><icon src="https://m7be2.solocoo.tv/m7be2iphone/mmchan/mpimages/260x145/zhtCD_MZZMLcxMPCSSVrPA.jpg"></icon><desc></desc><category></category></programme><programme channel="1uWAPcrmwNYPMkRQdDJBKVqwVwTdgABlYPpmQPe8" start="20221129030000 +0000" stop="20221129050000 +0000" catchup-id="amNgXrDWgqJ1Wjk96Bbt-UGdagijkwF11x1Ux15H"><title>Non-stop de beste Schlager muziek</title><date></date><icon src="https://m7be2.solocoo.tv/m7be2iphone/mmchan/mpimages/260x145/zhtCD_MZZMLcxMPCSSVrPA.jpg"></icon><desc></desc><category></category></programme><programme channel="1uWAPcrmwNYPMkRQdDJBKVqwVwTdgABlYPpmQPe8" start="20221129050000 +0000" stop="20221129070000 +0000" catchup-id="q-GO0dRtFHdP_1Jbsur2BLvnL5T-b72K4EL80Gdf"><title>Non-stop de beste Schlager muziek</title><date></date><icon src="https://m7be2.solocoo.tv/m7be2iphone/mmchan/mpimages/260x145/zhtCD_MZZMLcxMPCSSVrPA.jpg"></icon><desc></desc><category></category></programme><programme channel="1uWAPcrmwNYPMkRQdDJBKVqwVwTdgABlYPpmQPe8" start="20221129070000 +0000" stop="20221129090000 +0000" catchup-id="Fsotc9RZgpUmZkVNeuhd1OQWDdkewmFSjJAbtpc-"><title>Non-stop de beste Schlager muziek</title><date></date><icon src="https://m7be2.solocoo.tv/m7be2iphone/mmchan/mpimages/260x145/zhtCD_MZZMLcxMPCSSVrPA.jpg"></icon><desc></desc><category></category></programme><programme channel="1uWAPcrmwNYPMkRQdDJBKVqwVwTdgABlYPpmQPe8" start="20221129090000 +0000" stop="20221129110000 +0000" catchup-id="nx2EIaSN3Re5_fFlaV97Xnl6Q5tYWEGXOWI7FHZK"><title>Non-stop de beste Schlager muziek</title><date></date><icon src="https://m7be2.solocoo.tv/m7be2iphone/mmchan/mpimages/260x145/zhtCD_MZZMLcxMPCSSVrPA.jpg"></icon><desc></desc><category></category></programme><programme channel="1uWAPcrmwNYPMkRQdDJBKVqwVwTdgABlYPpmQPe8" start="20221129110000 +0000" stop="20221129130000 +0000" catchup-id="sRCU48DtJxG1xOjJMEULJzkG5yDfE3RvbNN4LcE-"><title>Non-stop de beste Schlager muziek</title><date></date><icon src="https://m7be2.solocoo.tv/m7be2iphone/mmchan/mpimages/260x145/zhtCD_MZZMLcxMPCSSVrPA.jpg"></icon><desc></desc><category></category></programme><programme channel="1uWAPcrmwNYPMkRQdDJBKVqwVwTdgABlYPpmQPe8" start="20221129130000 +0000" stop="20221129150000 +0000" catchup-id="Iv0r_cNfcoiDyYSf60JGTJUwG42jVcwyBryCsIKj"><title>Non-stop de beste Schlager muziek</title><date></date><icon src="https://m7be2.solocoo.tv/m7be2iphone/mmchan/mpimages/260x145/zhtCD_MZZMLcxMPCSSVrPA.jpg"></icon><desc></desc><category></category></programme><programme channel="1uWAPcrmwNYPMkRQdDJBKVqwVwTdgABlYPpmQPe8" start="20221129150000 +0000" stop="20221129170000 +0000" catchup-id="FHkLXRwhoPVYAoFy7mxlG0GQTmacCWY9C9iwnDfC"><title>Non-stop de beste Schlager muziek</title><date></date><icon src="https://m7be2.solocoo.tv/m7be2iphone/mmchan/mpimages/260x145/zhtCD_MZZMLcxMPCSSVrPA.jpg"></icon><desc></desc><category></category></programme><programme channel="1uWAPcrmwNYPMkRQdDJBKVqwVwTdgABlYPpmQPe8" start="20221129170000 +0000" stop="20221129190000 +0000" catchup-id="2GHEHyRueYQ1G0mGv6jMo1DE9uoINbvzBdcOjzjS"><title>Non-stop de beste Schlager muziek</title><date></date><icon src="https://m7be2.solocoo.tv/m7be2iphone/mmchan/mpimages/260x145/zhtCD_MZZMLcxMPCSSVrPA.jpg"></icon><desc></desc><category></category></programme><programme channel="1uWAPcrmwNYPMkRQdDJBKVqwVwTdgABlYPpmQPe8" start="20221129190000 +0000" stop="20221129210000 +0000" catchup-id="NagiLvXXNjOOZCIa_nSz6OFGH0CL5WjbdNJlYx_M"><title>Non-stop de beste Schlager muziek</title><date></date><icon src="https://m7be2.solocoo.tv/m7be2iphone/mmchan/mpimages/260x145/zhtCD_MZZMLcxMPCSSVrPA.jpg"></icon><desc></desc><category></category></programme><programme channel="1uWAPcrmwNYPMkRQdDJBKVqwVwTdgABlYPpmQPe8" start="20221129210000 +0000" stop="20221129230000 +0000" catchup-id="MmTGsCYPVcr39_KRUptfGqYemGtH6eJT8LLWyVZL"><title>Non-stop de beste Schlager muziek</title><date></date><icon src="https://m7be2.solocoo.tv/m7be2iphone/mmchan/mpimages/260x145/zhtCD_MZZMLcxMPCSSVrPA.jpg"></icon><desc></desc><category></category></programme><programme channel="1uWAPcrmwNYPMkRQdDJBKVqwVwTdgABlYPpmQPe8" start="20221129230000 +0000" stop="20221130010000 +0000" catchup-id="BVkzn5atiknZO9bzu92dXPaNgkT377hJx6MBPOk7"><title>Non-stop de beste Schlager muziek</title><date></date><icon src="https://m7be2.solocoo.tv/m7be2iphone/mmchan/mpimages/260x145/zhtCD_MZZMLcxMPCSSVrPA.jpg"></icon><desc></desc><category></category></programme><programme channel="1uWAPcrmwNYPMkRQdDJBKVqwVwTdgABlYPpmQPe8" start="20221130010000 +0000" stop="20221130030000 +0000" catchup-id="D0KVtS04671LRQ5KFpJQEl0J6OubYZh4-rMSGfg6"><title>Non-stop de beste Schlager muziek</title><date></date><icon src="https://m7be2.solocoo.tv/m7be2iphone/mmchan/mpimages/260x145/zhtCD_MZZMLcxMPCSSVrPA.jpg"></icon><desc></desc><category></category></programme><programme channel="1uWAPcrmwNYPMkRQdDJBKVqwVwTdgABlYPpmQPe8" start="20221130030000 +0000" stop="20221130050000 +0000" catchup-id="TZBU5eyEndk6-npI6UYLvGmM1oK0_73pkyIx4_a4"><title>Non-stop de beste Schlager muziek</title><date></date><icon src="https://m7be2.solocoo.tv/m7be2iphone/mmchan/mpimages/260x145/zhtCD_MZZMLcxMPCSSVrPA.jpg"></icon><desc></desc><category></category></programme><programme channel="1uWAPcrmwNYPMkRQdDJBKVqwVwTdgABlYPpmQPe8" start="20221130050000 +0000" stop="20221130070000 +0000" catchup-id="mnllqJmElFxbTrk0yr_LHpdieWvY94EPtu3W_eOL"><title>Non-stop de beste Schlager muziek</title><date></date><icon src="https://m7be2.solocoo.tv/m7be2iphone/mmchan/mpimages/260x145/zhtCD_MZZMLcxMPCSSVrPA.jpg"></icon><desc></desc><category></category></programme><programme channel="1uWAPcrmwNYPMkRQdDJBKVqwVwTdgABlYPpmQPe8" start="20221130070000 +0000" stop="20221130090000 +0000" catchup-id="IodB0QaMsDI4a2yJJ2T5TQf-C521ybNJit1lvvG1"><title>Non-stop de beste Schlager muziek</title><date></date><icon src="https://m7be2.solocoo.tv/m7be2iphone/mmchan/mpimages/260x145/zhtCD_MZZMLcxMPCSSVrPA.jpg"></icon><desc></desc><category></category></programme><programme channel="1uWAPcrmwNYPMkRQdDJBKVqwVwTdgABlYPpmQPe8" start="20221130090000 +0000" stop="20221130110000 +0000" catchup-id="AdqY9m_bHSXaHB82duQm8Ilkz65GboB79jnxc0-R"><title>Non-stop de beste Schlager muziek</title><date></date><icon src="https://m7be2.solocoo.tv/m7be2iphone/mmchan/mpimages/260x145/zhtCD_MZZMLcxMPCSSVrPA.jpg"></icon><desc></desc><category></category></programme><programme channel="1uWAPcrmwNYPMkRQdDJBKVqwVwTdgABlYPpmQPe8" start="20221130110000 +0000" stop="20221130130000 +0000" catchup-id="GVg90Mqu5DVUlAjOIl8LpM9rzl64u020EAVVA3qU"><title>Non-stop de beste Schlager muziek</title><date></date><icon src="https://m7be2.solocoo.tv/m7be2iphone/mmchan/mpimages/260x145/zhtCD_MZZMLcxMPCSSVrPA.jpg"></icon><desc></desc><category></category></programme><programme channel="1uWAPcrmwNYPMkRQdDJBKVqwVwTdgABlYPpmQPe8" start="20221130130000 +0000" stop="20221130150000 +0000" catchup-id="bVjGP9ajfuXXp0WLobH3WYqGu3FeU-6E5vlAZCNl"><title>Non-stop de beste Schlager muziek</title><date></date><icon src="https://m7be2.solocoo.tv/m7be2iphone/mmchan/mpimages/260x145/zhtCD_MZZMLcxMPCSSVrPA.jpg"></icon><desc></desc><category></category></programme><programme channel="1uWAPcrmwNYPMkRQdDJBKVqwVwTdgABlYPpmQPe8" start="20221130150000 +0000" stop="20221130170000 +0000" catchup-id="9_1eIOWqeIQdLSmaZ5Zxonalt-1v58ELBQQoMwt3"><title>Non-stop de beste Schlager muziek</title><date></date><icon src="https://m7be2.solocoo.tv/m7be2iphone/mmchan/mpimages/260x145/zhtCD_MZZMLcxMPCSSVrPA.jpg"></icon><desc></desc><category></category></programme><programme channel="1uWAPcrmwNYPMkRQdDJBKVqwVwTdgABlYPpmQPe8" start="20221130170000 +0000" stop="20221130190000 +0000" catchup-id="eBorGad5DzAoNV8TtcwsszsSGltrmSptbCNmLGIU"><title>Non-stop de beste Schlager muziek</title><date></date><icon src="https://m7be2.solocoo.tv/m7be2iphone/mmchan/mpimages/260x145/zhtCD_MZZMLcxMPCSSVrPA.jpg"></icon><desc></desc><category></category></programme><programme channel="1uWAPcrmwNYPMkRQdDJBKVqwVwTdgABlYPpmQPe8" start="20221130190000 +0000" stop="20221130210000 +0000" catchup-id="cdr79VRP5FSugADwA79WaAvh4oWBbiYXEMJa3byp"><title>Non-stop de beste Schlager muziek</title><date></date><icon src="https://m7be2.solocoo.tv/m7be2iphone/mmchan/mpimages/260x145/zhtCD_MZZMLcxMPCSSVrPA.jpg"></icon><desc></desc><category></category></programme><programme channel="1uWAPcrmwNYPMkRQdDJBKVqwVwTdgABlYPpmQPe8" start="20221130210000 +0000" stop="20221130230000 +0000" catchup-id="5AyibioIHh-7YwlzCvEkE3rzeRTLhFagyc4TSJu0"><title>Non-stop de beste Schlager muziek</title><date></date><icon src="https://m7be2.solocoo.tv/m7be2iphone/mmchan/mpimages/260x145/zhtCD_MZZMLcxMPCSSVrPA.jpg"></icon><desc></desc><category></category></programme><programme channel="1uWAPcrmwNYPMkRQdDJBKVqwVwTdgABlYPpmQPe8" start="20221130230000 +0000" stop="20221201010000 +0000" catchup-id="Gr1oVnI0yksPRyimiyNwcBgNBS3u7yVobWqVDsDC"><title>Non-stop de beste Schlager muziek</title><date></date><icon src="https://m7be2.solocoo.tv/m7be2iphone/mmchan/mpimages/260x145/zhtCD_MZZMLcxMPCSSVrPA.jpg"></icon><desc></desc><category></category></programme><programme channel="1uWAPcrmwNYPMkRQdDJBKVqwVwTdgABlYPpmQPe8" start="20221201010000 +0000" stop="20221201030000 +0000" catchup-id="6-UR_iwGikAvRK275jEQbHPiYA-g7m_q_On7Qh-7"><title>Non-stop de beste Schlager muziek</title><date></date><icon src="https://m7be2.solocoo.tv/m7be2iphone/mmchan/mpimages/260x145/zhtCD_MZZMLcxMPCSSVrPA.jpg"></icon><desc></desc><category></category></programme><programme channel="1uWAPcrmwNYPMkRQdDJBKVqwVwTdgABlYPpmQPe8" start="20221201030000 +0000" stop="20221201050000 +0000" catchup-id="CIu40Eo6Y-lRzuxro21v5fnl65oyrYCUaRxlgoL_"><title>Non-stop de beste Schlager muziek</title><date></date><icon src="https://m7be2.solocoo.tv/m7be2iphone/mmchan/mpimages/260x145/zhtCD_MZZMLcxMPCSSVrPA.jpg"></icon><desc></desc><category></category></programme><programme channel="1uWAPcrmwNYPMkRQdDJBKVqwVwTdgABlYPpmQPe8" start="20221201050000 +0000" stop="20221201070000 +0000" catchup-id="yhmTuTxivalxC7Cq4eOjRF6Zg2qeszQpTlZHYLIY"><title>Non-stop de beste Schlager muziek</title><date></date><icon src="https://m7be2.solocoo.tv/m7be2iphone/mmchan/mpimages/260x145/zhtCD_MZZMLcxMPCSSVrPA.jpg"></icon><desc></desc><category></category></programme><programme channel="1uWAPcrmwNYPMkRQdDJBKVqwVwTdgABlYPpmQPe8" start="20221201070000 +0000" stop="20221201090000 +0000" catchup-id="eaoiTLTUMAx_F_cbC41CTJabRHMgdBcbDID4kbjP"><title>Non-stop de beste Schlager muziek</title><date></date><icon src="https://m7be2.solocoo.tv/m7be2iphone/mmchan/mpimages/260x145/zhtCD_MZZMLcxMPCSSVrPA.jpg"></icon><desc></desc><category></category></programme><programme channel="1uWAPcrmwNYPMkRQdDJBKVqwVwTdgABlYPpmQPe8" start="20221201090000 +0000" stop="20221201110000 +0000" catchup-id="D0SknqaIkNwBfF6XZBGZjxJXC4LKL6QRWPFC7C6D"><title>Non-stop de beste Schlager muziek</title><date></date><icon src="https://m7be2.solocoo.tv/m7be2iphone/mmchan/mpimages/260x145/zhtCD_MZZMLcxMPCSSVrPA.jpg"></icon><desc></desc><category></category></programme><programme channel="1uWAPcrmwNYPMkRQdDJBKVqwVwTdgABlYPpmQPe8" start="20221201110000 +0000" stop="20221201130000 +0000" catchup-id="mAGeryecooJ3tdSobRpDmCwnMxrj7rhRdmTta528"><title>Non-stop de beste Schlager muziek</title><date></date><icon src="https://m7be2.solocoo.tv/m7be2iphone/mmchan/mpimages/260x145/zhtCD_MZZMLcxMPCSSVrPA.jpg"></icon><desc></desc><category></category></programme><programme channel="1uWAPcrmwNYPMkRQdDJBKVqwVwTdgABlYPpmQPe8" start="20221201130000 +0000" stop="20221201150000 +0000" catchup-id="Ijy969JOp8E_qVbqQK6UPlrfITa70Y4vFLdH_ZjW"><title>Non-stop de beste Schlager muziek</title><date></date><icon src="https://m7be2.solocoo.tv/m7be2iphone/mmchan/mpimages/260x145/zhtCD_MZZMLcxMPCSSVrPA.jpg"></icon><desc></desc><category></category></programme><programme channel="1uWAPcrmwNYPMkRQdDJBKVqwVwTdgABlYPpmQPe8" start="20221201150000 +0000" stop="20221201170000 +0000" catchup-id="qldORiPYphCx_MSEsnyckERrgANwD6LgWRv8BLCR"><title>Non-stop de beste Schlager muziek</title><date></date><icon src="https://m7be2.solocoo.tv/m7be2iphone/mmchan/mpimages/260x145/zhtCD_MZZMLcxMPCSSVrPA.jpg"></icon><desc></desc><category></category></programme><programme channel="1uWAPcrmwNYPMkRQdDJBKVqwVwTdgABlYPpmQPe8" start="20221201170000 +0000" stop="20221201190000 +0000" catchup-id="urT2gAOr-TAx9M4XtJ99pzM4MZJ5XO8OQonkTVAn"><title>Non-stop de beste Schlager muziek</title><date></date><icon src="https://m7be2.solocoo.tv/m7be2iphone/mmchan/mpimages/260x145/zhtCD_MZZMLcxMPCSSVrPA.jpg"></icon><desc></desc><category></category></programme><programme channel="1uWAPcrmwNYPMkRQdDJBKVqwVwTdgABlYPpmQPe8" start="20221201190000 +0000" stop="20221201210000 +0000" catchup-id="OZOoC9Rwz1pL_sAlia99vjaVi8h5MQz_Oo9x1UiZ"><title>Non-stop de beste Schlager muziek</title><date></date><icon src="https://m7be2.solocoo.tv/m7be2iphone/mmchan/mpimages/260x145/zhtCD_MZZMLcxMPCSSVrPA.jpg"></icon><desc></desc><category></category></programme><programme channel="1uWAPcrmwNYPMkRQdDJBKVqwVwTdgABlYPpmQPe8" start="20221201210000 +0000" stop="20221201230000 +0000" catchup-id="fFBKAZPzAN7DRob3YdHft0iGeViktsXae1fdVYzb"><title>Non-stop de beste Schlager muziek</title><date></date><icon src="https://m7be2.solocoo.tv/m7be2iphone/mmchan/mpimages/260x145/zhtCD_MZZMLcxMPCSSVrPA.jpg"></icon><desc></desc><category></category></programme><programme channel="1uWAPcrmwNYPMkRQdDJBKVqwVwTdgABlYPpmQPe8" start="20221201230000 +0000" stop="20221202010000 +0000" catchup-id="dF0i9zYZyf-YRCPoFY3lBuQhbs6DXxOgp2EdcJ9V"><title>Non-stop de beste Schlager muziek</title><date></date><icon src="https://m7be2.solocoo.tv/m7be2iphone/mmchan/mpimages/260x145/zhtCD_MZZMLcxMPCSSVrPA.jpg"></icon><desc></desc><category></category></programme><programme channel="1uWAPcrmwNYPMkRQdDJBKVqwVwTdgABlYPpmQPe8" start="20221202010000 +0000" stop="20221202030000 +0000" catchup-id="_7LSBLeey5XOwEx976AWIUg7CBf1WxNrzKQzmhW6"><title>Non-stop de beste Schlager muziek</title><date></date><icon src="https://m7be2.solocoo.tv/m7be2iphone/mmchan/mpimages/260x145/zhtCD_MZZMLcxMPCSSVrPA.jpg"></icon><desc></desc><category></category></programme><programme channel="1uWAPcrmwNYPMkRQdDJBKVqwVwTdgABlYPpmQPe8" start="20221202030000 +0000" stop="20221202050000 +0000" catchup-id="gBTvHilekwKgd5r_Z2HWUs0y7gEaRxM0lvDLY8xQ"><title>Non-stop de beste Schlager muziek</title><date></date><icon src="https://m7be2.solocoo.tv/m7be2iphone/mmchan/mpimages/260x145/zhtCD_MZZMLcxMPCSSVrPA.jpg"></icon><desc></desc><category></category></programme><programme channel="1uWAPcrmwNYPMkRQdDJBKVqwVwTdgABlYPpmQPe8" start="20221202050000 +0000" stop="20221202070000 +0000" catchup-id="9UlDefb18_5Tog1__mi5orjTdo97auj4FsiNecEK"><title>Non-stop de beste Schlager muziek</title><date></date><icon src="https://m7be2.solocoo.tv/m7be2iphone/mmchan/mpimages/260x145/zhtCD_MZZMLcxMPCSSVrPA.jpg"></icon><desc></desc><category></category></programme><programme channel="1uWAPcrmwNYPMkRQdDJBKVqwVwTdgABlYPpmQPe8" start="20221202070000 +0000" stop="20221202090000 +0000" catchup-id="-GfhKh-kQ2E2KD3JY_dKsfK8Cf47aTjOqWY5Fhui"><title>Non-stop de beste Schlager muziek</title><date></date><icon src="https://m7be2.solocoo.tv/m7be2iphone/mmchan/mpimages/260x145/zhtCD_MZZMLcxMPCSSVrPA.jpg"></icon><desc></desc><category></category></programme><programme channel="1uWAPcrmwNYPMkRQdDJBKVqwVwTdgABlYPpmQPe8" start="20221202090000 +0000" stop="20221202110000 +0000" catchup-id="GPdw8vcVCZkqMyQE0cRRbJXV0p0OqIgPjEAlz-hB"><title>Non-stop de beste Schlager muziek</title><date></date><icon src="https://m7be2.solocoo.tv/m7be2iphone/mmchan/mpimages/260x145/zhtCD_MZZMLcxMPCSSVrPA.jpg"></icon><desc></desc><category></category></programme><programme channel="1uWAPcrmwNYPMkRQdDJBKVqwVwTdgABlYPpmQPe8" start="20221202110000 +0000" stop="20221202130000 +0000" catchup-id="ApkBmkneYfzqWzxE7bJN03kO3wz6WVWH5CbYHydK"><title>Non-stop de beste Schlager muziek</title><date></date><icon src="https://m7be2.solocoo.tv/m7be2iphone/mmchan/mpimages/260x145/zhtCD_MZZMLcxMPCSSVrPA.jpg"></icon><desc></desc><category></category></programme><programme channel="1uWAPcrmwNYPMkRQdDJBKVqwVwTdgABlYPpmQPe8" start="20221202130000 +0000" stop="20221202150000 +0000" catchup-id="spiS6pCs07RHvxvXn2htdCAuA3EvHL5ojoskivxy"><title>Non-stop de beste Schlager muziek</title><date></date><icon src="https://m7be2.solocoo.tv/m7be2iphone/mmchan/mpimages/260x145/zhtCD_MZZMLcxMPCSSVrPA.jpg"></icon><desc></desc><category></category></programme><programme channel="1uWAPcrmwNYPMkRQdDJBKVqwVwTdgABlYPpmQPe8" start="20221202150000 +0000" stop="20221202170000 +0000" catchup-id="tDBE6bVLadexPZiTL0a2QLcz2skcP-FNgfblGJ9N"><title>Non-stop de beste Schlager muziek</title><date></date><icon src="https://m7be2.solocoo.tv/m7be2iphone/mmchan/mpimages/260x145/zhtCD_MZZMLcxMPCSSVrPA.jpg"></icon><desc></desc><category></category></programme><programme channel="1uWAPcrmwNYPMkRQdDJBKVqwVwTdgABlYPpmQPe8" start="20221202170000 +0000" stop="20221202190000 +0000" catchup-id="nv_oe68LRgFxTEBC2YIUUVYOuC3CqVJVuVjDe8Mc"><title>Non-stop de beste Schlager muziek</title><date></date><icon src="https://m7be2.solocoo.tv/m7be2iphone/mmchan/mpimages/260x145/zhtCD_MZZMLcxMPCSSVrPA.jpg"></icon><desc></desc><category></category></programme><programme channel="1uWAPcrmwNYPMkRQdDJBKVqwVwTdgABlYPpmQPe8" start="20221202190000 +0000" stop="20221202210000 +0000" catchup-id="OLHi887UlqNEP3u-vmh621BZwSWDzGBEHmGD0QIo"><title>Non-stop de beste Schlager muziek</title><date></date><icon src="https://m7be2.solocoo.tv/m7be2iphone/mmchan/mpimages/260x145/zhtCD_MZZMLcxMPCSSVrPA.jpg"></icon><desc></desc><category></category></programme><programme channel="1uWAPcrmwNYPMkRQdDJBKVqwVwTdgABlYPpmQPe8" start="20221202210000 +0000" stop="20221202230000 +0000" catchup-id="WfX09c_bKJWYB_gVitTLr5LV3miooeXOGfeAP5dt"><title>Non-stop de beste Schlager muziek</title><date></date><icon src="https://m7be2.solocoo.tv/m7be2iphone/mmchan/mpimages/260x145/zhtCD_MZZMLcxMPCSSVrPA.jpg"></icon><desc></desc><category></category></programme><programme channel="1uWAPcrmwNYPMkRQdDJBKVqwVwTdgABlYPpmQPe8" start="20221202230000 +0000" stop="20221203010000 +0000" catchup-id="Brmf2PNaAzLcd4XCSgghEhzP21PvWBOP1mU3yQSq"><title>Non-stop de beste Schlager muziek</title><date></date><icon src="https://m7be2.solocoo.tv/m7be2iphone/mmchan/mpimages/260x145/zhtCD_MZZMLcxMPCSSVrPA.jpg"></icon><desc></desc><category></category></programme><programme channel="1uWAPcrmwNYPMkRQdDJBKVqwVwTdgABlYPpmQPe8" start="20221203010000 +0000" stop="20221203030000 +0000" catchup-id="v5b2dsRooOtm5Q5Q0wp1qZ71mUkMfvlnddF6zXkh"><title>Non-stop de beste Schlager muziek</title><date></date><icon src="https://m7be2.solocoo.tv/m7be2iphone/mmchan/mpimages/260x145/zhtCD_MZZMLcxMPCSSVrPA.jpg"></icon><desc></desc><category></category></programme><programme channel="1uWAPcrmwNYPMkRQdDJBKVqwVwTdgABlYPpmQPe8" start="20221203030000 +0000" stop="20221203050000 +0000" catchup-id="q2weFnjmR7QovqtS7n_gaaTC07FuW_2BF0ZmWBAQ"><title>Non-stop de beste Schlager muziek</title><date></date><icon src="https://m7be2.solocoo.tv/m7be2iphone/mmchan/mpimages/260x145/zhtCD_MZZMLcxMPCSSVrPA.jpg"></icon><desc></desc><category></category></programme><programme channel="1uWAPcrmwNYPMkRQdDJBKVqwVwTdgABlYPpmQPe8" start="20221203050000 +0000" stop="20221203070000 +0000" catchup-id="ynaRNneuxmxpqUlpQMpEjBkYLLr9LIkEU0UMKzSd"><title>Non-stop de beste Schlager muziek</title><date></date><icon src="https://m7be2.solocoo.tv/m7be2iphone/mmchan/mpimages/260x145/zhtCD_MZZMLcxMPCSSVrPA.jpg"></icon><desc></desc><category></category></programme><programme channel="1uWAPcrmwNYPMkRQdDJBKVqwVwTdgABlYPpmQPe8" start="20221203070000 +0000" stop="20221203090000 +0000" catchup-id="3rCf7gph12vbzM55VpbLU5aeYNMnsHhU5C0_pG5H"><title>Non-stop de beste Schlager muziek</title><date></date><icon src="https://m7be2.solocoo.tv/m7be2iphone/mmchan/mpimages/260x145/zhtCD_MZZMLcxMPCSSVrPA.jpg"></icon><desc></desc><category></category></programme><programme channel="1uWAPcrmwNYPMkRQdDJBKVqwVwTdgABlYPpmQPe8" start="20221203090000 +0000" stop="20221203110000 +0000" catchup-id="5Ayk-KFDv21rISu0f9yrAc86zBTTyo6nciBZo9FU"><title>Non-stop de beste Schlager muziek</title><date></date><icon src="https://m7be2.solocoo.tv/m7be2iphone/mmchan/mpimages/260x145/zhtCD_MZZMLcxMPCSSVrPA.jpg"></icon><desc></desc><category></category></programme><programme channel="1uWAPcrmwNYPMkRQdDJBKVqwVwTdgABlYPpmQPe8" start="20221203110000 +0000" stop="20221203130000 +0000" catchup-id="0KQ8Rd4EjY8BHOIBuYMC09uAwDUpZp0GqQuSUpH2"><title>Non-stop de beste Schlager muziek</title><date></date><icon src="https://m7be2.solocoo.tv/m7be2iphone/mmchan/mpimages/260x145/zhtCD_MZZMLcxMPCSSVrPA.jpg"></icon><desc></desc><category></category></programme><programme channel="1uWAPcrmwNYPMkRQdDJBKVqwVwTdgABlYPpmQPe8" start="20221203130000 +0000" stop="20221203150000 +0000" catchup-id="WLqJsqCc5Oko1jYx1DEJq4XCySbJ1G9y7gp-kXyp"><title>Non-stop de beste Schlager muziek</title><date></date><icon src="https://m7be2.solocoo.tv/m7be2iphone/mmchan/mpimages/260x145/zhtCD_MZZMLcxMPCSSVrPA.jpg"></icon><desc></desc><category></category></programme><programme channel="1uWAPcrmwNYPMkRQdDJBKVqwVwTdgABlYPpmQPe8" start="20221203150000 +0000" stop="20221203170000 +0000" catchup-id="G2B-zGpArZZtUYOBEExCW8muAkKVQM_f415D4jbk"><title>Non-stop de beste Schlager muziek</title><date></date><icon src="https://m7be2.solocoo.tv/m7be2iphone/mmchan/mpimages/260x145/zhtCD_MZZMLcxMPCSSVrPA.jpg"></icon><desc></desc><category></category></programme><programme channel="1uWAPcrmwNYPMkRQdDJBKVqwVwTdgABlYPpmQPe8" start="20221203170000 +0000" stop="20221203190000 +0000" catchup-id="z7aPm2iqKWFX_A9r_1opRmtOcNbkxWqppp-uzwGM"><title>Non-stop de beste Schlager muziek</title><date></date><icon src="https://m7be2.solocoo.tv/m7be2iphone/mmchan/mpimages/260x145/zhtCD_MZZMLcxMPCSSVrPA.jpg"></icon><desc></desc><category></category></programme><programme channel="1uWAPcrmwNYPMkRQdDJBKVqwVwTdgABlYPpmQPe8" start="20221203190000 +0000" stop="20221203210000 +0000" catchup-id="-_v2TLUb5QoVliC-HWWkHU2_syzQMfbnoqaFEZ4U"><title>Non-stop de beste Schlager muziek</title><date></date><icon src="https://m7be2.solocoo.tv/m7be2iphone/mmchan/mpimages/260x145/zhtCD_MZZMLcxMPCSSVrPA.jpg"></icon><desc></desc><category></category></programme><programme channel="1uWAPcrmwNYPMkRQdDJBKVqwVwTdgABlYPpmQPe8" start="20221203210000 +0000" stop="20221203230000 +0000" catchup-id="pPwckXFEc5oofSw9sjicj671h94VTSYLq7Ap8-u3"><title>Non-stop de beste Schlager muziek</title><date></date><icon src="https://m7be2.solocoo.tv/m7be2iphone/mmchan/mpimages/260x145/zhtCD_MZZMLcxMPCSSVrPA.jpg"></icon><desc></desc><category></category></programme>