<programme channel="1a61r0sy68EzFUw6Z3LtMSoqZ9WtEfMM9aycFU1N" start="20221118230000 +0000" stop="20221119050000 +0000" catchup-id="h-XLz6FNB6yDSInxYO_IavRTqwK5larAYckU-V9F"><title>Nick Music</title><date></date><icon src="https://m7be2.solocoo.tv/m7be2iphone/mmchan/mpimages/208x308/Rb5FchfOoYLk7HhFH4gRTA.jpg"></icon><desc>De leukste videoclips van de grootste artiesten, 24 uur per dag op Nick Music!</desc><category></category></programme><programme channel="1a61r0sy68EzFUw6Z3LtMSoqZ9WtEfMM9aycFU1N" start="20221119050000 +0000" stop="20221119110000 +0000" catchup-id="UBomq8VUbIAPBPU_WmobYyH3G7pg4Ps_89QR7_cw"><title>Nick Music</title><date></date><icon src="https://m7be2.solocoo.tv/m7be2iphone/mmchan/mpimages/208x308/jWX4ZFCBsVWlghjrXmea5g.jpg"></icon><desc>De leukste videoclips van de grootste artiesten, 24 uur per dag op Nick Music!</desc><category></category></programme><programme channel="1a61r0sy68EzFUw6Z3LtMSoqZ9WtEfMM9aycFU1N" start="20221119110000 +0000" stop="20221119170000 +0000" catchup-id="NWdDxLbZjYhmxzumwYrA6uBf74djDEOKGH2yz4Bj"><title>Nick Music</title><date></date><icon src="https://m7be2.solocoo.tv/m7be2iphone/mmchan/mpimages/208x308/jWX4ZFCBsVWlghjrXmea5g.jpg"></icon><desc>De leukste videoclips van de grootste artiesten, 24 uur per dag op Nick Music!</desc><category></category></programme><programme channel="1a61r0sy68EzFUw6Z3LtMSoqZ9WtEfMM9aycFU1N" start="20221119170000 +0000" stop="20221119230000 +0000" catchup-id="Q1uT5UD4ZNNqzJCZKTHZQczIEXjkeyzsxFL1apxO"><title>Nick Music</title><date></date><icon src="https://m7be2.solocoo.tv/m7be2iphone/mmchan/mpimages/208x308/Rb5FchfOoYLk7HhFH4gRTA.jpg"></icon><desc>De leukste videoclips van de grootste artiesten, 24 uur per dag op Nick Music!</desc><category></category></programme><programme channel="1a61r0sy68EzFUw6Z3LtMSoqZ9WtEfMM9aycFU1N" start="20221119230000 +0000" stop="20221120050000 +0000" catchup-id="joqelw5fnNRrjvMMrHFmmcosIIFwfmkRA8Rq1bnn"><title>Nick Music</title><date></date><icon src="https://m7be2.solocoo.tv/m7be2iphone/mmchan/mpimages/208x308/Rb5FchfOoYLk7HhFH4gRTA.jpg"></icon><desc>De leukste videoclips van de grootste artiesten, 24 uur per dag op Nick Music!</desc><category></category></programme><programme channel="1a61r0sy68EzFUw6Z3LtMSoqZ9WtEfMM9aycFU1N" start="20221120050000 +0000" stop="20221120110000 +0000" catchup-id="w2BrHu8zHulyHLJXGrLIPt_VLrS_jiPAYYl_-1IN"><title>Nick Music</title><date></date><icon src="https://m7be2.solocoo.tv/m7be2iphone/mmchan/mpimages/208x308/jWX4ZFCBsVWlghjrXmea5g.jpg"></icon><desc>De leukste videoclips van de grootste artiesten, 24 uur per dag op Nick Music!</desc><category></category></programme><programme channel="1a61r0sy68EzFUw6Z3LtMSoqZ9WtEfMM9aycFU1N" start="20221120110000 +0000" stop="20221120170000 +0000" catchup-id="TtOTPmeSqc4pZS617bNdXRNcFCdD3mGOQCvilVVD"><title>Nick Music</title><date></date><icon src="https://m7be2.solocoo.tv/m7be2iphone/mmchan/mpimages/208x308/Rb5FchfOoYLk7HhFH4gRTA.jpg"></icon><desc>De leukste videoclips van de grootste artiesten, 24 uur per dag op Nick Music!</desc><category></category></programme><programme channel="1a61r0sy68EzFUw6Z3LtMSoqZ9WtEfMM9aycFU1N" start="20221120170000 +0000" stop="20221120230000 +0000" catchup-id="FPtmfhR9P4YVK-fsn9aidjNXMCWRNur8LR8epm8I"><title>Nick Music</title><date></date><icon src="https://m7be2.solocoo.tv/m7be2iphone/mmchan/mpimages/208x308/jWX4ZFCBsVWlghjrXmea5g.jpg"></icon><desc>De leukste videoclips van de grootste artiesten, 24 uur per dag op Nick Music!</desc><category></category></programme><programme channel="1a61r0sy68EzFUw6Z3LtMSoqZ9WtEfMM9aycFU1N" start="20221120230000 +0000" stop="20221121050000 +0000" catchup-id="E6C7M1BDhmTAzwi16YSncflhR2qAy6ukOL4b4sYh"><title>Nick Music</title><date></date><icon src="https://m7be2.solocoo.tv/m7be2iphone/mmchan/mpimages/208x308/Rb5FchfOoYLk7HhFH4gRTA.jpg"></icon><desc>De leukste videoclips van de grootste artiesten, 24 uur per dag op Nick Music!</desc><category></category></programme><programme channel="1a61r0sy68EzFUw6Z3LtMSoqZ9WtEfMM9aycFU1N" start="20221121050000 +0000" stop="20221121110000 +0000" catchup-id="9VsySCBtsEXQD7pIU6vyjnL2wBJ53lAWk-EsLcMp"><title>Nick Music</title><date></date><icon src="https://m7be2.solocoo.tv/m7be2iphone/mmchan/mpimages/208x308/jWX4ZFCBsVWlghjrXmea5g.jpg"></icon><desc>De leukste videoclips van de grootste artiesten, 24 uur per dag op Nick Music!</desc><category></category></programme><programme channel="1a61r0sy68EzFUw6Z3LtMSoqZ9WtEfMM9aycFU1N" start="20221121110000 +0000" stop="20221121170000 +0000" catchup-id="9_LFAg8gbj6i67yRnxRqdnX4jVV6s1Pp1S47fpkr"><title>Nick Music</title><date></date><icon src="https://m7be2.solocoo.tv/m7be2iphone/mmchan/mpimages/208x308/Rb5FchfOoYLk7HhFH4gRTA.jpg"></icon><desc>De leukste videoclips van de grootste artiesten, 24 uur per dag op Nick Music!</desc><category></category></programme><programme channel="1a61r0sy68EzFUw6Z3LtMSoqZ9WtEfMM9aycFU1N" start="20221121170000 +0000" stop="20221121230000 +0000" catchup-id="6WwCLx1sNNPogGzqdU2qe_jKrx8hbLagoF3-SxIN"><title>Nick Music</title><date></date><icon src="https://m7be2.solocoo.tv/m7be2iphone/mmchan/mpimages/208x308/jWX4ZFCBsVWlghjrXmea5g.jpg"></icon><desc>De leukste videoclips van de grootste artiesten, 24 uur per dag op Nick Music!</desc><category></category></programme><programme channel="1a61r0sy68EzFUw6Z3LtMSoqZ9WtEfMM9aycFU1N" start="20221121230000 +0000" stop="20221122050000 +0000" catchup-id="l7Y_kMmJO3-NDt6viZnIgHeCO3EN3d569ySVfbUL"><title>Nick Music</title><date></date><icon src="https://m7be2.solocoo.tv/m7be2iphone/mmchan/mpimages/208x308/Rb5FchfOoYLk7HhFH4gRTA.jpg"></icon><desc>De leukste videoclips van de grootste artiesten, 24 uur per dag op Nick Music!</desc><category></category></programme><programme channel="1a61r0sy68EzFUw6Z3LtMSoqZ9WtEfMM9aycFU1N" start="20221122050000 +0000" stop="20221122110000 +0000" catchup-id="V9wLUimZBdktegbxamPWYdx1i5c2bVHNUah8w7aj"><title>Nick Music</title><date></date><icon src="https://m7be2.solocoo.tv/m7be2iphone/mmchan/mpimages/208x308/Rb5FchfOoYLk7HhFH4gRTA.jpg"></icon><desc>De leukste videoclips van de grootste artiesten, 24 uur per dag op Nick Music!</desc><category></category></programme><programme channel="1a61r0sy68EzFUw6Z3LtMSoqZ9WtEfMM9aycFU1N" start="20221122110000 +0000" stop="20221122170000 +0000" catchup-id="ApCJ7LVwXCfNdYauKOz46-eC6WyYevHGxegJhQaL"><title>Nick Music</title><date></date><icon src="https://m7be2.solocoo.tv/m7be2iphone/mmchan/mpimages/208x308/jWX4ZFCBsVWlghjrXmea5g.jpg"></icon><desc>De leukste videoclips van de grootste artiesten, 24 uur per dag op Nick Music!</desc><category></category></programme><programme channel="1a61r0sy68EzFUw6Z3LtMSoqZ9WtEfMM9aycFU1N" start="20221122170000 +0000" stop="20221122230000 +0000" catchup-id="sf5U_Bp1fNCmiz0-hVAZ2R1QZ0waTXiZH_FoxEsH"><title>Nick Music</title><date></date><icon src="https://m7be2.solocoo.tv/m7be2iphone/mmchan/mpimages/208x308/Rb5FchfOoYLk7HhFH4gRTA.jpg"></icon><desc>De leukste videoclips van de grootste artiesten, 24 uur per dag op Nick Music!</desc><category></category></programme><programme channel="1a61r0sy68EzFUw6Z3LtMSoqZ9WtEfMM9aycFU1N" start="20221122230000 +0000" stop="20221123050000 +0000" catchup-id="JZnkWx8rLZ_wd8GmpSUXlRtWVYwawugjIehPCL-0"><title>Nick Music</title><date></date><icon src="https://m7be2.solocoo.tv/m7be2iphone/mmchan/mpimages/208x308/jWX4ZFCBsVWlghjrXmea5g.jpg"></icon><desc>De leukste videoclips van de grootste artiesten, 24 uur per dag op Nick Music!</desc><category></category></programme><programme channel="1a61r0sy68EzFUw6Z3LtMSoqZ9WtEfMM9aycFU1N" start="20221123050000 +0000" stop="20221123110000 +0000" catchup-id="tdArkLtUT3jQhKwBKmbASAiaSH9ZRRy3fA6hbtKA"><title>Nick Music</title><date></date><icon src="https://m7be2.solocoo.tv/m7be2iphone/mmchan/mpimages/208x308/Rb5FchfOoYLk7HhFH4gRTA.jpg"></icon><desc>De leukste videoclips van de grootste artiesten, 24 uur per dag op Nick Music!</desc><category></category></programme><programme channel="1a61r0sy68EzFUw6Z3LtMSoqZ9WtEfMM9aycFU1N" start="20221123110000 +0000" stop="20221123170000 +0000" catchup-id="yBOIWuF-Am71Z_AFqIpWywOtLKeoGR4-LlymE4x1"><title>Nick Music</title><date></date><icon src="https://m7be2.solocoo.tv/m7be2iphone/mmchan/mpimages/208x308/Rb5FchfOoYLk7HhFH4gRTA.jpg"></icon><desc>De leukste videoclips van de grootste artiesten, 24 uur per dag op Nick Music!</desc><category></category></programme><programme channel="1a61r0sy68EzFUw6Z3LtMSoqZ9WtEfMM9aycFU1N" start="20221123170000 +0000" stop="20221123230000 +0000" catchup-id="c3TJP2oHWELFDOMwvEKeNay9nhWy857C919AUJWN"><title>Nick Music</title><date></date><icon src="https://m7be2.solocoo.tv/m7be2iphone/mmchan/mpimages/208x308/jWX4ZFCBsVWlghjrXmea5g.jpg"></icon><desc>De leukste videoclips van de grootste artiesten, 24 uur per dag op Nick Music!</desc><category></category></programme><programme channel="1a61r0sy68EzFUw6Z3LtMSoqZ9WtEfMM9aycFU1N" start="20221123230000 +0000" stop="20221124050000 +0000" catchup-id="7Y5b_UcfGg3zPcT7z0x_suB8Uj3yi7UXj-4e51fb"><title>Nick Music</title><date></date><icon src="https://m7be2.solocoo.tv/m7be2iphone/mmchan/mpimages/208x308/jWX4ZFCBsVWlghjrXmea5g.jpg"></icon><desc>De leukste videoclips van de grootste artiesten, 24 uur per dag op Nick Music!</desc><category></category></programme><programme channel="1a61r0sy68EzFUw6Z3LtMSoqZ9WtEfMM9aycFU1N" start="20221124050000 +0000" stop="20221124110000 +0000" catchup-id="rrCINgy5nw_QA_0vQdsOZQgUooMfaP-TBEGV9fSD"><title>Nick Music</title><date></date><icon src="https://m7be2.solocoo.tv/m7be2iphone/mmchan/mpimages/208x308/Rb5FchfOoYLk7HhFH4gRTA.jpg"></icon><desc>De leukste videoclips van de grootste artiesten, 24 uur per dag op Nick Music!</desc><category></category></programme><programme channel="1a61r0sy68EzFUw6Z3LtMSoqZ9WtEfMM9aycFU1N" start="20221124110000 +0000" stop="20221124170000 +0000" catchup-id="lXPg1W3kLqbTxnFy0oYj5bHeVxoQgg8_SbxPDmE1"><title>Nick Music</title><date></date><icon src="https://m7be2.solocoo.tv/m7be2iphone/mmchan/mpimages/208x308/Rb5FchfOoYLk7HhFH4gRTA.jpg"></icon><desc>De leukste videoclips van de grootste artiesten, 24 uur per dag op Nick Music!</desc><category></category></programme><programme channel="1a61r0sy68EzFUw6Z3LtMSoqZ9WtEfMM9aycFU1N" start="20221124170000 +0000" stop="20221124230000 +0000" catchup-id="2CIcuc1Ogb6UM3AMVNLnSsVq7Cue7bgfWtCi-ldB"><title>Nick Music</title><date></date><icon src="https://m7be2.solocoo.tv/m7be2iphone/mmchan/mpimages/208x308/jWX4ZFCBsVWlghjrXmea5g.jpg"></icon><desc>De leukste videoclips van de grootste artiesten, 24 uur per dag op Nick Music!</desc><category></category></programme><programme channel="1a61r0sy68EzFUw6Z3LtMSoqZ9WtEfMM9aycFU1N" start="20221124230000 +0000" stop="20221125050000 +0000" catchup-id="H15nDXzpehcI8dCvIoHOZlZtFtBtPkXQMQQq3LCc"><title>Nick Music</title><date></date><icon src="https://m7be2.solocoo.tv/m7be2iphone/mmchan/mpimages/208x308/jWX4ZFCBsVWlghjrXmea5g.jpg"></icon><desc>De leukste videoclips van de grootste artiesten, 24 uur per dag op Nick Music!</desc><category></category></programme><programme channel="1a61r0sy68EzFUw6Z3LtMSoqZ9WtEfMM9aycFU1N" start="20221125050000 +0000" stop="20221125110000 +0000" catchup-id="6hC1OEZmlv6z06suC7zBdYBh2RGZ0ooh55BZlfPk"><title>Nick Music</title><date></date><icon src="https://m7be2.solocoo.tv/m7be2iphone/mmchan/mpimages/208x308/Rb5FchfOoYLk7HhFH4gRTA.jpg"></icon><desc>De leukste videoclips van de grootste artiesten, 24 uur per dag op Nick Music!</desc><category></category></programme><programme channel="1a61r0sy68EzFUw6Z3LtMSoqZ9WtEfMM9aycFU1N" start="20221125110000 +0000" stop="20221125170000 +0000" catchup-id="pNS3-kVSocRRA0YDVrNtq2LdX636QPxFuAYPzI6Q"><title>Nick Music</title><date></date><icon src="https://m7be2.solocoo.tv/m7be2iphone/mmchan/mpimages/208x308/Rb5FchfOoYLk7HhFH4gRTA.jpg"></icon><desc>De leukste videoclips van de grootste artiesten, 24 uur per dag op Nick Music!</desc><category></category></programme><programme channel="1a61r0sy68EzFUw6Z3LtMSoqZ9WtEfMM9aycFU1N" start="20221125170000 +0000" stop="20221125230000 +0000" catchup-id="shhUAytoEhsWol_2gyxcLNHpJnLpYPGdwYjY17TB"><title>Nick Music</title><date></date><icon src="https://m7be2.solocoo.tv/m7be2iphone/mmchan/mpimages/208x308/jWX4ZFCBsVWlghjrXmea5g.jpg"></icon><desc>De leukste videoclips van de grootste artiesten, 24 uur per dag op Nick Music!</desc><category></category></programme><programme channel="1a61r0sy68EzFUw6Z3LtMSoqZ9WtEfMM9aycFU1N" start="20221125230000 +0000" stop="20221126050000 +0000" catchup-id="KSiGtO6zFLm15rIU7789FKTE6ucL2-KUi155XAza"><title>Nick Music</title><date></date><icon src="https://m7be2.solocoo.tv/m7be2iphone/mmchan/mpimages/208x308/jWX4ZFCBsVWlghjrXmea5g.jpg"></icon><desc>De leukste videoclips van de grootste artiesten, 24 uur per dag op Nick Music!</desc><category></category></programme><programme channel="1a61r0sy68EzFUw6Z3LtMSoqZ9WtEfMM9aycFU1N" start="20221126050000 +0000" stop="20221126110000 +0000" catchup-id="mnqMEq8bjdld6sd16rYg06xiO4tdbNZETUggf_V7"><title>Nick Music</title><date></date><icon src="https://m7be2.solocoo.tv/m7be2iphone/mmchan/mpimages/260x145/Rb5FchfOoYLk7HhFH4gRTA.jpg"></icon><desc>De leukste videoclips van de grootste artiesten, 24 uur per dag op Nick Music!</desc><category></category></programme><programme channel="1a61r0sy68EzFUw6Z3LtMSoqZ9WtEfMM9aycFU1N" start="20221126110000 +0000" stop="20221126170000 +0000" catchup-id="8fdtWL4bJxgzp1cYPMf_M1OQIp2Spw0zcgLyDUkl"><title>Nick Music</title><date></date><icon src="https://m7be2.solocoo.tv/m7be2iphone/mmchan/mpimages/260x145/Rb5FchfOoYLk7HhFH4gRTA.jpg"></icon><desc>De leukste videoclips van de grootste artiesten, 24 uur per dag op Nick Music!</desc><category></category></programme><programme channel="1a61r0sy68EzFUw6Z3LtMSoqZ9WtEfMM9aycFU1N" start="20221126170000 +0000" stop="20221126230000 +0000" catchup-id="74AxYCP_LdiSqCN0DhOhDOfqfCcPRZaP3MDbqUvq"><title>Nick Music</title><date></date><icon src="https://m7be2.solocoo.tv/m7be2iphone/mmchan/mpimages/260x145/jWX4ZFCBsVWlghjrXmea5g.jpg"></icon><desc>De leukste videoclips van de grootste artiesten, 24 uur per dag op Nick Music!</desc><category></category></programme><programme channel="1a61r0sy68EzFUw6Z3LtMSoqZ9WtEfMM9aycFU1N" start="20221126230000 +0000" stop="20221127050000 +0000" catchup-id="fEO7N1QorJRmj52i2vaaHroPasei8g9Mcnc4Deof"><title>Nick Music</title><date></date><icon src="https://m7be2.solocoo.tv/m7be2iphone/mmchan/mpimages/260x145/jWX4ZFCBsVWlghjrXmea5g.jpg"></icon><desc>De leukste videoclips van de grootste artiesten, 24 uur per dag op Nick Music!</desc><category></category></programme><programme channel="1a61r0sy68EzFUw6Z3LtMSoqZ9WtEfMM9aycFU1N" start="20221127050000 +0000" stop="20221127110000 +0000" catchup-id="OE63YBfexqAEZxEIY8bsbuB7uUG6nMH50u7hM1BX"><title>Nick Music</title><date></date><icon src="https://m7be2.solocoo.tv/m7be2iphone/mmchan/mpimages/260x145/Rb5FchfOoYLk7HhFH4gRTA.jpg"></icon><desc>De leukste videoclips van de grootste artiesten, 24 uur per dag op Nick Music!</desc><category></category></programme><programme channel="1a61r0sy68EzFUw6Z3LtMSoqZ9WtEfMM9aycFU1N" start="20221127110000 +0000" stop="20221127170000 +0000" catchup-id="_97ayPdDSyYfd1gizlNbgCF4RLGktCratG3i7dQf"><title>Nick Music</title><date></date><icon src="https://m7be2.solocoo.tv/m7be2iphone/mmchan/mpimages/260x145/Rb5FchfOoYLk7HhFH4gRTA.jpg"></icon><desc>De leukste videoclips van de grootste artiesten, 24 uur per dag op Nick Music!</desc><category></category></programme><programme channel="1a61r0sy68EzFUw6Z3LtMSoqZ9WtEfMM9aycFU1N" start="20221127170000 +0000" stop="20221127230000 +0000" catchup-id="Jy89vxlBOPWAXS7wmbn1cGcMeYAkB8vIgcLkE3fE"><title>Nick Music</title><date></date><icon src="https://m7be2.solocoo.tv/m7be2iphone/mmchan/mpimages/260x145/jWX4ZFCBsVWlghjrXmea5g.jpg"></icon><desc>De leukste videoclips van de grootste artiesten, 24 uur per dag op Nick Music!</desc><category></category></programme><programme channel="1a61r0sy68EzFUw6Z3LtMSoqZ9WtEfMM9aycFU1N" start="20221127230000 +0000" stop="20221128050000 +0000" catchup-id="SKWMc9iDt5DLXbwbXgWJ4rixSQJrw2tAYlxLPrhH"><title>Nick Music</title><date></date><icon src="https://m7be2.solocoo.tv/m7be2iphone/mmchan/mpimages/260x145/jWX4ZFCBsVWlghjrXmea5g.jpg"></icon><desc>De leukste videoclips van de grootste artiesten, 24 uur per dag op Nick Music!</desc><category></category></programme><programme channel="1a61r0sy68EzFUw6Z3LtMSoqZ9WtEfMM9aycFU1N" start="20221128050000 +0000" stop="20221128110000 +0000" catchup-id="r32CQUHzyMJz1susqAzwjBNxYzAb8ZYONEArv-8w"><title>Nick Music</title><date></date><icon src="https://m7be2.solocoo.tv/m7be2iphone/mmchan/mpimages/260x145/Rb5FchfOoYLk7HhFH4gRTA.jpg"></icon><desc>De leukste videoclips van de grootste artiesten, 24 uur per dag op Nick Music!</desc><category></category></programme><programme channel="1a61r0sy68EzFUw6Z3LtMSoqZ9WtEfMM9aycFU1N" start="20221128110000 +0000" stop="20221128170000 +0000" catchup-id="zLQ-UObDYdcR2JnL4awaY8RwsLLhxIMSTjK153Co"><title>Nick Music</title><date></date><icon src="https://m7be2.solocoo.tv/m7be2iphone/mmchan/mpimages/260x145/jWX4ZFCBsVWlghjrXmea5g.jpg"></icon><desc>De leukste videoclips van de grootste artiesten, 24 uur per dag op Nick Music!</desc><category></category></programme><programme channel="1a61r0sy68EzFUw6Z3LtMSoqZ9WtEfMM9aycFU1N" start="20221128170000 +0000" stop="20221128230000 +0000" catchup-id="hZjdHqPQGO3kAzjJSYIFAIA6vylsCSwNzLfLgnka"><title>Nick Music</title><date></date><icon src="https://m7be2.solocoo.tv/m7be2iphone/mmchan/mpimages/260x145/jWX4ZFCBsVWlghjrXmea5g.jpg"></icon><desc>De leukste videoclips van de grootste artiesten, 24 uur per dag op Nick Music!</desc><category></category></programme><programme channel="1a61r0sy68EzFUw6Z3LtMSoqZ9WtEfMM9aycFU1N" start="20221128230000 +0000" stop="20221129050000 +0000" catchup-id="vW8dzoI-KvTkVcPS5JT66tKScwgnRwCaUo8_iNr5"><title>Nick Music</title><date></date><icon src="https://m7be2.solocoo.tv/m7be2iphone/mmchan/mpimages/260x145/Rb5FchfOoYLk7HhFH4gRTA.jpg"></icon><desc>De leukste videoclips van de grootste artiesten, 24 uur per dag op Nick Music!</desc><category></category></programme><programme channel="1a61r0sy68EzFUw6Z3LtMSoqZ9WtEfMM9aycFU1N" start="20221129050000 +0000" stop="20221129110000 +0000" catchup-id="DqYF0h-NPdinf-PNVlGUAejTrYcZ_MZT__AbW-pl"><title>Nick Music</title><date></date><icon src="https://m7be2.solocoo.tv/m7be2iphone/mmchan/mpimages/260x145/jWX4ZFCBsVWlghjrXmea5g.jpg"></icon><desc>De leukste videoclips van de grootste artiesten, 24 uur per dag op Nick Music!</desc><category></category></programme><programme channel="1a61r0sy68EzFUw6Z3LtMSoqZ9WtEfMM9aycFU1N" start="20221129110000 +0000" stop="20221129170000 +0000" catchup-id="3gfOSNx2W5DOAfAhhdRbujzCvAIeszzmd-OYUeFS"><title>Nick Music</title><date></date><icon src="https://m7be2.solocoo.tv/m7be2iphone/mmchan/mpimages/260x145/Rb5FchfOoYLk7HhFH4gRTA.jpg"></icon><desc>De leukste videoclips van de grootste artiesten, 24 uur per dag op Nick Music!</desc><category></category></programme><programme channel="1a61r0sy68EzFUw6Z3LtMSoqZ9WtEfMM9aycFU1N" start="20221129170000 +0000" stop="20221129230000 +0000" catchup-id="XEJE8wV4Euc9uKn7fv0AOqZ807A45GvPVK_sanfE"><title>Nick Music</title><date></date><icon src="https://m7be2.solocoo.tv/m7be2iphone/mmchan/mpimages/260x145/jWX4ZFCBsVWlghjrXmea5g.jpg"></icon><desc>De leukste videoclips van de grootste artiesten, 24 uur per dag op Nick Music!</desc><category></category></programme><programme channel="1a61r0sy68EzFUw6Z3LtMSoqZ9WtEfMM9aycFU1N" start="20221129230000 +0000" stop="20221130050000 +0000" catchup-id="OdBWTRQVtfP5Mk-rf46p_lIyvJKm74-7a6s-HfQF"><title>Nick Music</title><date></date><icon src="https://m7be2.solocoo.tv/m7be2iphone/mmchan/mpimages/260x145/Rb5FchfOoYLk7HhFH4gRTA.jpg"></icon><desc>De leukste videoclips van de grootste artiesten, 24 uur per dag op Nick Music!</desc><category></category></programme><programme channel="1a61r0sy68EzFUw6Z3LtMSoqZ9WtEfMM9aycFU1N" start="20221130050000 +0000" stop="20221130110000 +0000" catchup-id="BHhXHHg5f8cjOielRGdvtJlhmi9ifuL69CkUBr36"><title>Nick Music</title><date></date><icon src="https://m7be2.solocoo.tv/m7be2iphone/mmchan/mpimages/260x145/jWX4ZFCBsVWlghjrXmea5g.jpg"></icon><desc>De leukste videoclips van de grootste artiesten, 24 uur per dag op Nick Music!</desc><category></category></programme><programme channel="1a61r0sy68EzFUw6Z3LtMSoqZ9WtEfMM9aycFU1N" start="20221130110000 +0000" stop="20221130170000 +0000" catchup-id="0rJyjI9yNBQP-I99H8EYjTpbMMws8A6klpz3FxU5"><title>Nick Music</title><date></date><icon src="https://m7be2.solocoo.tv/m7be2iphone/mmchan/mpimages/260x145/jWX4ZFCBsVWlghjrXmea5g.jpg"></icon><desc>De leukste videoclips van de grootste artiesten, 24 uur per dag op Nick Music!</desc><category></category></programme><programme channel="1a61r0sy68EzFUw6Z3LtMSoqZ9WtEfMM9aycFU1N" start="20221130170000 +0000" stop="20221130230000 +0000" catchup-id="J5hjLGSN5mWnQK26GWHnpw0Vg-KiFXwv5vU3AV2B"><title>Nick Music</title><date></date><icon src="https://m7be2.solocoo.tv/m7be2iphone/mmchan/mpimages/260x145/Rb5FchfOoYLk7HhFH4gRTA.jpg"></icon><desc>De leukste videoclips van de grootste artiesten, 24 uur per dag op Nick Music!</desc><category></category></programme><programme channel="1a61r0sy68EzFUw6Z3LtMSoqZ9WtEfMM9aycFU1N" start="20221130230000 +0000" stop="20221201050000 +0000" catchup-id="3xSmynV9zr8stuUcD7zeUnAC9luncq2EUntw_Xar"><title>Nick Music</title><date></date><icon src="https://m7be2.solocoo.tv/m7be2iphone/mmchan/mpimages/260x145/Rb5FchfOoYLk7HhFH4gRTA.jpg"></icon><desc>De leukste videoclips van de grootste artiesten, 24 uur per dag op Nick Music!</desc><category></category></programme><programme channel="1a61r0sy68EzFUw6Z3LtMSoqZ9WtEfMM9aycFU1N" start="20221201050000 +0000" stop="20221201110000 +0000" catchup-id="spilq__-E4DHJRNYR5_UDHb-DN2EJU7jX6956jmL"><title>Nick Music</title><date></date><icon src="https://m7be2.solocoo.tv/m7be2iphone/mmchan/mpimages/260x145/jWX4ZFCBsVWlghjrXmea5g.jpg"></icon><desc>De leukste videoclips van de grootste artiesten, 24 uur per dag op Nick Music!</desc><category></category></programme><programme channel="1a61r0sy68EzFUw6Z3LtMSoqZ9WtEfMM9aycFU1N" start="20221201110000 +0000" stop="20221201170000 +0000" catchup-id="Y04B1dBYSnrsIQzUJHVXLgSp8RzL6xD1_kw8qzeL"><title>Nick Music</title><date></date><icon src="https://m7be2.solocoo.tv/m7be2iphone/mmchan/mpimages/260x145/jWX4ZFCBsVWlghjrXmea5g.jpg"></icon><desc>De leukste videoclips van de grootste artiesten, 24 uur per dag op Nick Music!</desc><category></category></programme><programme channel="1a61r0sy68EzFUw6Z3LtMSoqZ9WtEfMM9aycFU1N" start="20221201170000 +0000" stop="20221201230000 +0000" catchup-id="DP7xzTGxa3VrQ4pXxNwyx5OfYQ2cDZzn0CPQhlN1"><title>Nick Music</title><date></date><icon src="https://m7be2.solocoo.tv/m7be2iphone/mmchan/mpimages/260x145/Rb5FchfOoYLk7HhFH4gRTA.jpg"></icon><desc>De leukste videoclips van de grootste artiesten, 24 uur per dag op Nick Music!</desc><category></category></programme><programme channel="1a61r0sy68EzFUw6Z3LtMSoqZ9WtEfMM9aycFU1N" start="20221201230000 +0000" stop="20221202050000 +0000" catchup-id="iwjryPB1p4OTCPPYwmLp_OAZZlhWRpo8fuCczjgG"><title>Nick Music</title><date></date><icon src="https://m7be2.solocoo.tv/m7be2iphone/mmchan/mpimages/260x145/Rb5FchfOoYLk7HhFH4gRTA.jpg"></icon><desc>De leukste videoclips van de grootste artiesten, 24 uur per dag op Nick Music!</desc><category></category></programme><programme channel="1a61r0sy68EzFUw6Z3LtMSoqZ9WtEfMM9aycFU1N" start="20221202050000 +0000" stop="20221202110000 +0000" catchup-id="rKEvG7CNFI1shQ80ug-DJAB7MIb5Yatbmo8sQDsd"><title>Nick Music</title><date></date><icon src="https://m7be2.solocoo.tv/m7be2iphone/mmchan/mpimages/260x145/Rb5FchfOoYLk7HhFH4gRTA.jpg"></icon><desc>De leukste videoclips van de grootste artiesten, 24 uur per dag op Nick Music!</desc><category></category></programme><programme channel="1a61r0sy68EzFUw6Z3LtMSoqZ9WtEfMM9aycFU1N" start="20221202110000 +0000" stop="20221202170000 +0000" catchup-id="XO8DzGPikxmgBymYovjwBreMh39QWogdJLVsaBHB"><title>Nick Music</title><date></date><icon src="https://m7be2.solocoo.tv/m7be2iphone/mmchan/mpimages/260x145/Rb5FchfOoYLk7HhFH4gRTA.jpg"></icon><desc>De leukste videoclips van de grootste artiesten, 24 uur per dag op Nick Music!</desc><category></category></programme><programme channel="1a61r0sy68EzFUw6Z3LtMSoqZ9WtEfMM9aycFU1N" start="20221202170000 +0000" stop="20221202230000 +0000" catchup-id="iNWQXwCgXSk9OhP9evPSlOBVIyPHEFWaJbUTA2Te"><title>Nick Music</title><date></date><icon src="https://m7be2.solocoo.tv/m7be2iphone/mmchan/mpimages/260x145/jWX4ZFCBsVWlghjrXmea5g.jpg"></icon><desc>De leukste videoclips van de grootste artiesten, 24 uur per dag op Nick Music!</desc><category></category></programme><programme channel="1a61r0sy68EzFUw6Z3LtMSoqZ9WtEfMM9aycFU1N" start="20221202230000 +0000" stop="20221203050000 +0000" catchup-id="VH6C2IZzom9rBBrdxIWjeF0Y2d2DDjKgfni2-K04"><title>Nick Music</title><date></date><icon src="https://m7be2.solocoo.tv/m7be2iphone/mmchan/mpimages/260x145/jWX4ZFCBsVWlghjrXmea5g.jpg"></icon><desc>De leukste videoclips van de grootste artiesten, 24 uur per dag op Nick Music!</desc><category></category></programme><programme channel="1a61r0sy68EzFUw6Z3LtMSoqZ9WtEfMM9aycFU1N" start="20221203050000 +0000" stop="20221203110000 +0000" catchup-id="IilTU7ox7oMziSCrrL0BrUiYAtOs0Gi7Q9bl2vD-"><title>Nick Music</title><date></date><icon src="https://m7be2.solocoo.tv/m7be2iphone/mmchan/mpimages/260x145/jWX4ZFCBsVWlghjrXmea5g.jpg"></icon><desc>De leukste videoclips van de grootste artiesten, 24 uur per dag op Nick Music!</desc><category></category></programme><programme channel="1a61r0sy68EzFUw6Z3LtMSoqZ9WtEfMM9aycFU1N" start="20221203110000 +0000" stop="20221203170000 +0000" catchup-id="PCyjyyLbw0yGG23R6bcWLfVopgIKeTEu052JjzZ8"><title>Nick Music</title><date></date><icon src="https://m7be2.solocoo.tv/m7be2iphone/mmchan/mpimages/260x145/Rb5FchfOoYLk7HhFH4gRTA.jpg"></icon><desc>De leukste videoclips van de grootste artiesten, 24 uur per dag op Nick Music!</desc><category></category></programme>