<programme channel="BFKX-rwOIt-AB-ZgXHYaezFanZ5_q83BxK91ojNw" start="20221119230000 +0000" stop="20221120050000 +0000" catchup-id="ZGQ4shBanGV3pMujXquAVlkLED1dtV0zc_BVnXJz"><title>Moonlight Melodies</title><date></date><icon src="https://m7be2.solocoo.tv/m7be2iphone/mmchan/mpimages/208x308/PLUKblm1lLz3HdR87s4vsg.jpg"></icon><desc></desc><category></category></programme><programme channel="BFKX-rwOIt-AB-ZgXHYaezFanZ5_q83BxK91ojNw" start="20221120050000 +0000" stop="20221120090000 +0000" catchup-id="C7xb1kOaLRAnmg5X61jdxkU9qVw5niqzFMZZz7UE"><title>Dawn Chorus</title><date></date><icon src="https://m7be2.solocoo.tv/m7be2iphone/mmchan/mpimages/208x308/dYfNfbOTrtPTJ0OBuVg_Qw.jpg"></icon><desc></desc><category></category></programme><programme channel="BFKX-rwOIt-AB-ZgXHYaezFanZ5_q83BxK91ojNw" start="20221120090000 +0000" stop="20221120100000 +0000" catchup-id="exBzQXjoXamGV1C8vZmKELpU4EQGc3YoxCXbWUHE"><title>Simply Strings</title><date></date><icon src="https://m7be2.solocoo.tv/m7be2iphone/mmchan/mpimages/208x308/8KFV_f8HNIDHHMtLqi2vOg.jpg"></icon><desc></desc><category></category></programme><programme channel="BFKX-rwOIt-AB-ZgXHYaezFanZ5_q83BxK91ojNw" start="20221120100000 +0000" stop="20221120110000 +0000" catchup-id="cJSzLUzzCm3r1akVqg_Gin0_vdP-SWx_ndcj_eMM"><title>Tenors &amp; Divas</title><date></date><icon src="https://m7be2.solocoo.tv/m7be2iphone/mmchan/mpimages/208x308/NozFDHeIOpCN2O6NZQoxLg.jpg"></icon><desc></desc><category></category></programme><programme channel="BFKX-rwOIt-AB-ZgXHYaezFanZ5_q83BxK91ojNw" start="20221120110000 +0000" stop="20221120120000 +0000" catchup-id="Q8HVLZslToB2JbU4M1HJht_DWWhGj4VyYnA_zaHi"><title>Hall of Fame</title><date></date><icon src="https://m7be2.solocoo.tv/m7be2iphone/mmchan/mpimages/208x308/-ykD9zMHOMAiwBpGRMg4IA.jpg"></icon><desc></desc><category></category></programme><programme channel="BFKX-rwOIt-AB-ZgXHYaezFanZ5_q83BxK91ojNw" start="20221120120000 +0000" stop="20221120160000 +0000" catchup-id="_SemVBjpwOnJcdbQdfsb-urCljjb67A_y1Hpfe6v"><title>Sunday Selection</title><date></date><icon src="https://m7be2.solocoo.tv/m7be2iphone/mmchan/mpimages/208x308/W-HzgVXt6-xK5MfVCglZ0g.jpg"></icon><desc></desc><category></category></programme><programme channel="BFKX-rwOIt-AB-ZgXHYaezFanZ5_q83BxK91ojNw" start="20221120160000 +0000" stop="20221120170000 +0000" catchup-id="aDXBzHWvo5JvceCD_6Epkz8i0TODLgt1mIByLmOx"><title>Simply Strings</title><date></date><icon src="https://m7be2.solocoo.tv/m7be2iphone/mmchan/mpimages/208x308/8KFV_f8HNIDHHMtLqi2vOg.jpg"></icon><desc></desc><category></category></programme><programme channel="BFKX-rwOIt-AB-ZgXHYaezFanZ5_q83BxK91ojNw" start="20221120170000 +0000" stop="20221120180000 +0000" catchup-id="C2fb8U9oC7gy8ITPKccPn2S_Qc1u6tg3Wgf68ttX"><title>Pure Piano</title><date></date><icon src="https://m7be2.solocoo.tv/m7be2iphone/mmchan/mpimages/208x308/SYvYqLEStKblQ_9V_cuXUQ.jpg"></icon><desc></desc><category></category></programme><programme channel="BFKX-rwOIt-AB-ZgXHYaezFanZ5_q83BxK91ojNw" start="20221120180000 +0000" stop="20221120190000 +0000" catchup-id="wn2bqpIL-KUGFcAK6Yo0vCavuof_dS22tpd6bh7B"><title>Tenors &amp; Divas</title><date></date><icon src="https://m7be2.solocoo.tv/m7be2iphone/mmchan/mpimages/208x308/NozFDHeIOpCN2O6NZQoxLg.jpg"></icon><desc></desc><category></category></programme><programme channel="BFKX-rwOIt-AB-ZgXHYaezFanZ5_q83BxK91ojNw" start="20221120190000 +0000" stop="20221120200000 +0000" catchup-id="MJlArKWxNRsYU71BUqLK85X1hmHwpJNQG_hXGROV"><title>Around the World</title><date></date><icon src="https://m7be2.solocoo.tv/m7be2iphone/mmchan/mpimages/208x308/pQajb1W6NkkL2wgvjX9ZMQ.jpg"></icon><desc></desc><category></category></programme><programme channel="BFKX-rwOIt-AB-ZgXHYaezFanZ5_q83BxK91ojNw" start="20221120200000 +0000" stop="20221120230000 +0000" catchup-id="ksKzmFCQiGMHNV2xdr156WZrGOXdFOL0GrTSBcj7"><title>Evening Encore</title><date></date><icon src="https://m7be2.solocoo.tv/m7be2iphone/mmchan/mpimages/208x308/MeyibRsg7jy9aFmpwMmBBg.jpg"></icon><desc></desc><category></category></programme><programme channel="BFKX-rwOIt-AB-ZgXHYaezFanZ5_q83BxK91ojNw" start="20221120230000 +0000" stop="20221121050000 +0000" catchup-id="ne8i6KoyHWrzWYa20O0iTcslVAZITKD8ujrJW645"><title>Moonlight Melodies</title><date></date><icon src="https://m7be2.solocoo.tv/m7be2iphone/mmchan/mpimages/208x308/PLUKblm1lLz3HdR87s4vsg.jpg"></icon><desc></desc><category></category></programme><programme channel="BFKX-rwOIt-AB-ZgXHYaezFanZ5_q83BxK91ojNw" start="20221121050000 +0000" stop="20221121090000 +0000" catchup-id="rvvJPXo72L4mSfm23W1DypYxX1scVLx5EcURzr68"><title>Dawn Chorus</title><date></date><icon src="https://m7be2.solocoo.tv/m7be2iphone/mmchan/mpimages/208x308/dYfNfbOTrtPTJ0OBuVg_Qw.jpg"></icon><desc></desc><category></category></programme><programme channel="BFKX-rwOIt-AB-ZgXHYaezFanZ5_q83BxK91ojNw" start="20221121090000 +0000" stop="20221121100000 +0000" catchup-id="Yi3AFVFt-_hjmZORzUaMbYNkD-lB73KblWoKhk_p"><title>Simply Strings</title><date></date><icon src="https://m7be2.solocoo.tv/m7be2iphone/mmchan/mpimages/208x308/8KFV_f8HNIDHHMtLqi2vOg.jpg"></icon><desc></desc><category></category></programme><programme channel="BFKX-rwOIt-AB-ZgXHYaezFanZ5_q83BxK91ojNw" start="20221121100000 +0000" stop="20221121110000 +0000" catchup-id="GmfMlXWZW1GzrGF2Bpu8pIPucCnCx5cCXmotpkbO"><title>Tenors &amp; Divas</title><date></date><icon src="https://m7be2.solocoo.tv/m7be2iphone/mmchan/mpimages/208x308/NozFDHeIOpCN2O6NZQoxLg.jpg"></icon><desc></desc><category></category></programme><programme channel="BFKX-rwOIt-AB-ZgXHYaezFanZ5_q83BxK91ojNw" start="20221121110000 +0000" stop="20221121120000 +0000" catchup-id="fWLPng72x07uR3lOZIdhUdUHyzc4NSOjol5NkEZk"><title>Hall of Fame</title><date></date><icon src="https://m7be2.solocoo.tv/m7be2iphone/mmchan/mpimages/208x308/-ykD9zMHOMAiwBpGRMg4IA.jpg"></icon><desc></desc><category></category></programme><programme channel="BFKX-rwOIt-AB-ZgXHYaezFanZ5_q83BxK91ojNw" start="20221121120000 +0000" stop="20221121160000 +0000" catchup-id="1rMYpBstObS1gy3uBVpJn7UeEBVLNHEM6noVnjBn"><title>Afternoon Overture</title><date></date><icon src="https://m7be2.solocoo.tv/m7be2iphone/mmchan/mpimages/208x308/KM5eD8fMzwPnZMwn_yH9fw.jpg"></icon><desc></desc><category></category></programme><programme channel="BFKX-rwOIt-AB-ZgXHYaezFanZ5_q83BxK91ojNw" start="20221121160000 +0000" stop="20221121170000 +0000" catchup-id="7mSPcqRb17gLRx0Q9CDv7PWx6jWeTyQNb43r8kaC"><title>Simply Strings</title><date></date><icon src="https://m7be2.solocoo.tv/m7be2iphone/mmchan/mpimages/208x308/8KFV_f8HNIDHHMtLqi2vOg.jpg"></icon><desc></desc><category></category></programme><programme channel="BFKX-rwOIt-AB-ZgXHYaezFanZ5_q83BxK91ojNw" start="20221121170000 +0000" stop="20221121180000 +0000" catchup-id="8_vHk1bg3sWB7dwykPvMW6it6Q33uVGRwwTBNTKt"><title>Pure Piano</title><date></date><icon src="https://m7be2.solocoo.tv/m7be2iphone/mmchan/mpimages/208x308/SYvYqLEStKblQ_9V_cuXUQ.jpg"></icon><desc></desc><category></category></programme><programme channel="BFKX-rwOIt-AB-ZgXHYaezFanZ5_q83BxK91ojNw" start="20221121180000 +0000" stop="20221121190000 +0000" catchup-id="_-XJiiHbA7Kfj2uPnWLXwrRT8dkWuDI5DBrkgUO5"><title>Tenors &amp; Divas</title><date></date><icon src="https://m7be2.solocoo.tv/m7be2iphone/mmchan/mpimages/208x308/NozFDHeIOpCN2O6NZQoxLg.jpg"></icon><desc></desc><category></category></programme><programme channel="BFKX-rwOIt-AB-ZgXHYaezFanZ5_q83BxK91ojNw" start="20221121190000 +0000" stop="20221121200000 +0000" catchup-id="XVH8YaSlhe6OjPNZ2dhHZv0Ddq8gnmzR-DnpOb_s"><title>Hall of Fame</title><date></date><icon src="https://m7be2.solocoo.tv/m7be2iphone/mmchan/mpimages/208x308/-ykD9zMHOMAiwBpGRMg4IA.jpg"></icon><desc></desc><category></category></programme><programme channel="BFKX-rwOIt-AB-ZgXHYaezFanZ5_q83BxK91ojNw" start="20221121200000 +0000" stop="20221121230000 +0000" catchup-id="eGnKfIq1dzPHfjblmhQIdiFwVZJaXsbxrQBqPQ-S"><title>Evening Encore</title><date></date><icon src="https://m7be2.solocoo.tv/m7be2iphone/mmchan/mpimages/208x308/MeyibRsg7jy9aFmpwMmBBg.jpg"></icon><desc></desc><category></category></programme><programme channel="BFKX-rwOIt-AB-ZgXHYaezFanZ5_q83BxK91ojNw" start="20221121230000 +0000" stop="20221122050000 +0000" catchup-id="_7_sC2f4kOXQZdPFcF4VeEen-M6hUKpYRwmQHBWF"><title>Moonlight Melodies</title><date></date><icon src="https://m7be2.solocoo.tv/m7be2iphone/mmchan/mpimages/208x308/PLUKblm1lLz3HdR87s4vsg.jpg"></icon><desc></desc><category></category></programme><programme channel="BFKX-rwOIt-AB-ZgXHYaezFanZ5_q83BxK91ojNw" start="20221122050000 +0000" stop="20221122090000 +0000" catchup-id="8NmfFuDiR_7kju0W-iyCQ_jjq9oA6hwgOzZL7mAo"><title>Dawn Chorus</title><date></date><icon src="https://m7be2.solocoo.tv/m7be2iphone/mmchan/mpimages/208x308/dYfNfbOTrtPTJ0OBuVg_Qw.jpg"></icon><desc></desc><category></category></programme><programme channel="BFKX-rwOIt-AB-ZgXHYaezFanZ5_q83BxK91ojNw" start="20221122090000 +0000" stop="20221122100000 +0000" catchup-id="bgx_FVnOXSv7VhrrHZ7HsGFHDuXycdIw1yRC5ofO"><title>Simply Strings</title><date></date><icon src="https://m7be2.solocoo.tv/m7be2iphone/mmchan/mpimages/208x308/8KFV_f8HNIDHHMtLqi2vOg.jpg"></icon><desc></desc><category></category></programme><programme channel="BFKX-rwOIt-AB-ZgXHYaezFanZ5_q83BxK91ojNw" start="20221122100000 +0000" stop="20221122110000 +0000" catchup-id="XeqNv1aOPtqHa9vRB3ek1u6sCuSXlK2upYLu6iNR"><title>Tenors &amp; Divas</title><date></date><icon src="https://m7be2.solocoo.tv/m7be2iphone/mmchan/mpimages/208x308/NozFDHeIOpCN2O6NZQoxLg.jpg"></icon><desc></desc><category></category></programme><programme channel="BFKX-rwOIt-AB-ZgXHYaezFanZ5_q83BxK91ojNw" start="20221122110000 +0000" stop="20221122120000 +0000" catchup-id="oFkU6Q-nYzC7NmQslSaaRU9QtF0OSGS5kHJjAPiJ"><title>Hall of Fame</title><date></date><icon src="https://m7be2.solocoo.tv/m7be2iphone/mmchan/mpimages/208x308/-ykD9zMHOMAiwBpGRMg4IA.jpg"></icon><desc></desc><category></category></programme><programme channel="BFKX-rwOIt-AB-ZgXHYaezFanZ5_q83BxK91ojNw" start="20221122120000 +0000" stop="20221122160000 +0000" catchup-id="UV9ErHfwD5x5RNX6OIWRpff1M8fMjLGYIRmaGTw9"><title>Afternoon Overture</title><date></date><icon src="https://m7be2.solocoo.tv/m7be2iphone/mmchan/mpimages/208x308/KM5eD8fMzwPnZMwn_yH9fw.jpg"></icon><desc></desc><category></category></programme><programme channel="BFKX-rwOIt-AB-ZgXHYaezFanZ5_q83BxK91ojNw" start="20221122160000 +0000" stop="20221122170000 +0000" catchup-id="GmtoKu_P109ljPDWzO_XLC3OPAMj_qnwszB7_I6b"><title>Simply Strings</title><date></date><icon src="https://m7be2.solocoo.tv/m7be2iphone/mmchan/mpimages/208x308/8KFV_f8HNIDHHMtLqi2vOg.jpg"></icon><desc></desc><category></category></programme><programme channel="BFKX-rwOIt-AB-ZgXHYaezFanZ5_q83BxK91ojNw" start="20221122170000 +0000" stop="20221122180000 +0000" catchup-id="32IdLA3_RaHlbFprB1KuqH-O_ZjdzWO-b6ZZNelu"><title>Pure Piano</title><date></date><icon src="https://m7be2.solocoo.tv/m7be2iphone/mmchan/mpimages/208x308/SYvYqLEStKblQ_9V_cuXUQ.jpg"></icon><desc></desc><category></category></programme><programme channel="BFKX-rwOIt-AB-ZgXHYaezFanZ5_q83BxK91ojNw" start="20221122180000 +0000" stop="20221122190000 +0000" catchup-id="t6IGIbkiC1W-k7V4ztbl7kBIlpZ28SsyZU_sRJOq"><title>Tenors &amp; Divas</title><date></date><icon src="https://m7be2.solocoo.tv/m7be2iphone/mmchan/mpimages/208x308/NozFDHeIOpCN2O6NZQoxLg.jpg"></icon><desc></desc><category></category></programme><programme channel="BFKX-rwOIt-AB-ZgXHYaezFanZ5_q83BxK91ojNw" start="20221122190000 +0000" stop="20221122200000 +0000" catchup-id="ibEsQOCLn71ZyXgia0TJ--Mi3mCNPmG5hvoRrxM9"><title>Hall of Fame</title><date></date><icon src="https://m7be2.solocoo.tv/m7be2iphone/mmchan/mpimages/208x308/-ykD9zMHOMAiwBpGRMg4IA.jpg"></icon><desc></desc><category></category></programme><programme channel="BFKX-rwOIt-AB-ZgXHYaezFanZ5_q83BxK91ojNw" start="20221122200000 +0000" stop="20221122230000 +0000" catchup-id="pBAJl50K6mUzJjsUxK01jZm-NDywHyWOPxa5431r"><title>Evening Encore</title><date></date><icon src="https://m7be2.solocoo.tv/m7be2iphone/mmchan/mpimages/208x308/MeyibRsg7jy9aFmpwMmBBg.jpg"></icon><desc></desc><category></category></programme><programme channel="BFKX-rwOIt-AB-ZgXHYaezFanZ5_q83BxK91ojNw" start="20221122230000 +0000" stop="20221123050000 +0000" catchup-id="je62crFLI4iz7gJVuhqycIwxSDZqRCG0FLBNzsAv"><title>Moonlight Melodies</title><date></date><icon src="https://m7be2.solocoo.tv/m7be2iphone/mmchan/mpimages/208x308/PLUKblm1lLz3HdR87s4vsg.jpg"></icon><desc></desc><category></category></programme><programme channel="BFKX-rwOIt-AB-ZgXHYaezFanZ5_q83BxK91ojNw" start="20221123050000 +0000" stop="20221123090000 +0000" catchup-id="731ZKbECnjhk5NMSferk5DGMujkRfSBG7UVZmKGv"><title>Dawn Chorus</title><date></date><icon src="https://m7be2.solocoo.tv/m7be2iphone/mmchan/mpimages/208x308/dYfNfbOTrtPTJ0OBuVg_Qw.jpg"></icon><desc></desc><category></category></programme><programme channel="BFKX-rwOIt-AB-ZgXHYaezFanZ5_q83BxK91ojNw" start="20221123090000 +0000" stop="20221123100000 +0000" catchup-id="xz1y-cLOO2OaRjzxTM04Y5IjKfTMh-12gdmBoZGU"><title>Simply Strings</title><date></date><icon src="https://m7be2.solocoo.tv/m7be2iphone/mmchan/mpimages/208x308/8KFV_f8HNIDHHMtLqi2vOg.jpg"></icon><desc></desc><category></category></programme><programme channel="BFKX-rwOIt-AB-ZgXHYaezFanZ5_q83BxK91ojNw" start="20221123100000 +0000" stop="20221123110000 +0000" catchup-id="B-g4fOmai2qz5_5TplnFOcRrFZrl_KxN9GA2tsn9"><title>Tenors &amp; Divas</title><date></date><icon src="https://m7be2.solocoo.tv/m7be2iphone/mmchan/mpimages/208x308/NozFDHeIOpCN2O6NZQoxLg.jpg"></icon><desc></desc><category></category></programme><programme channel="BFKX-rwOIt-AB-ZgXHYaezFanZ5_q83BxK91ojNw" start="20221123110000 +0000" stop="20221123120000 +0000" catchup-id="2ghh5nTW2-DlNi7Wq69vyUsx3EcVTQhqmIx_yT7D"><title>Hall of Fame</title><date></date><icon src="https://m7be2.solocoo.tv/m7be2iphone/mmchan/mpimages/208x308/-ykD9zMHOMAiwBpGRMg4IA.jpg"></icon><desc></desc><category></category></programme><programme channel="BFKX-rwOIt-AB-ZgXHYaezFanZ5_q83BxK91ojNw" start="20221123120000 +0000" stop="20221123160000 +0000" catchup-id="Y2MljicIzyM6L9Z3qNq4nh28lbC_TJ77Q1evfPCj"><title>Afternoon Overture</title><date></date><icon src="https://m7be2.solocoo.tv/m7be2iphone/mmchan/mpimages/208x308/KM5eD8fMzwPnZMwn_yH9fw.jpg"></icon><desc></desc><category></category></programme><programme channel="BFKX-rwOIt-AB-ZgXHYaezFanZ5_q83BxK91ojNw" start="20221123160000 +0000" stop="20221123170000 +0000" catchup-id="b333V0mVnbybSmwy3890KGbNVCOCN-WXMy0Y30on"><title>Simply Strings</title><date></date><icon src="https://m7be2.solocoo.tv/m7be2iphone/mmchan/mpimages/208x308/8KFV_f8HNIDHHMtLqi2vOg.jpg"></icon><desc></desc><category></category></programme><programme channel="BFKX-rwOIt-AB-ZgXHYaezFanZ5_q83BxK91ojNw" start="20221123170000 +0000" stop="20221123180000 +0000" catchup-id="lH92HojBPB5oYCu5SK3Fd24Q21ZMA3FjDMNaX-uv"><title>Pure Piano</title><date></date><icon src="https://m7be2.solocoo.tv/m7be2iphone/mmchan/mpimages/208x308/SYvYqLEStKblQ_9V_cuXUQ.jpg"></icon><desc></desc><category></category></programme><programme channel="BFKX-rwOIt-AB-ZgXHYaezFanZ5_q83BxK91ojNw" start="20221123180000 +0000" stop="20221123190000 +0000" catchup-id="bFzuxES9d3dUDhPK7g4KDHx5Ptxc6V0ww8ow0Loi"><title>Tenors &amp; Divas</title><date></date><icon src="https://m7be2.solocoo.tv/m7be2iphone/mmchan/mpimages/208x308/NozFDHeIOpCN2O6NZQoxLg.jpg"></icon><desc></desc><category></category></programme><programme channel="BFKX-rwOIt-AB-ZgXHYaezFanZ5_q83BxK91ojNw" start="20221123190000 +0000" stop="20221123200000 +0000" catchup-id="yEfLR1J5mZPWiEJeT8Oo6NwvGFPyWM0slbUxU9wz"><title>Hall of Fame</title><date></date><icon src="https://m7be2.solocoo.tv/m7be2iphone/mmchan/mpimages/208x308/-ykD9zMHOMAiwBpGRMg4IA.jpg"></icon><desc></desc><category></category></programme><programme channel="BFKX-rwOIt-AB-ZgXHYaezFanZ5_q83BxK91ojNw" start="20221123200000 +0000" stop="20221123230000 +0000" catchup-id="bYpR_42NGCFSLWpvbsVVgsbLunTPYd-RZvbq17_F"><title>Evening Encore</title><date></date><icon src="https://m7be2.solocoo.tv/m7be2iphone/mmchan/mpimages/208x308/MeyibRsg7jy9aFmpwMmBBg.jpg"></icon><desc></desc><category></category></programme><programme channel="BFKX-rwOIt-AB-ZgXHYaezFanZ5_q83BxK91ojNw" start="20221123230000 +0000" stop="20221124050000 +0000" catchup-id="1XckuZQfTuXiDPeqSxcdItlXXMh5LrM-dPsWx0wL"><title>Moonlight Melodies</title><date></date><icon src="https://m7be2.solocoo.tv/m7be2iphone/mmchan/mpimages/208x308/PLUKblm1lLz3HdR87s4vsg.jpg"></icon><desc></desc><category></category></programme><programme channel="BFKX-rwOIt-AB-ZgXHYaezFanZ5_q83BxK91ojNw" start="20221124050000 +0000" stop="20221124090000 +0000" catchup-id="3W5etIdepM5O2ZDbI7hAp0CKx7rK1MlUgp3f8ZyS"><title>Dawn Chorus</title><date></date><icon src="https://m7be2.solocoo.tv/m7be2iphone/mmchan/mpimages/208x308/dYfNfbOTrtPTJ0OBuVg_Qw.jpg"></icon><desc></desc><category></category></programme><programme channel="BFKX-rwOIt-AB-ZgXHYaezFanZ5_q83BxK91ojNw" start="20221124090000 +0000" stop="20221124100000 +0000" catchup-id="MwgGMKDviJo5prO60g3jN_ksDSTW2U_MUqiyn3Vf"><title>Simply Strings</title><date></date><icon src="https://m7be2.solocoo.tv/m7be2iphone/mmchan/mpimages/208x308/8KFV_f8HNIDHHMtLqi2vOg.jpg"></icon><desc></desc><category></category></programme><programme channel="BFKX-rwOIt-AB-ZgXHYaezFanZ5_q83BxK91ojNw" start="20221124100000 +0000" stop="20221124110000 +0000" catchup-id="ApLjqZL6lxke1sW5MUsjAd74Yb3Gjmea9HVeC1ws"><title>Tenors &amp; Divas</title><date></date><icon src="https://m7be2.solocoo.tv/m7be2iphone/mmchan/mpimages/208x308/NozFDHeIOpCN2O6NZQoxLg.jpg"></icon><desc></desc><category></category></programme><programme channel="BFKX-rwOIt-AB-ZgXHYaezFanZ5_q83BxK91ojNw" start="20221124110000 +0000" stop="20221124120000 +0000" catchup-id="aKwV0700cPkIzBvfi9SFBw5VMk4FLSq1-9i_lRJD"><title>Hall of Fame</title><date></date><icon src="https://m7be2.solocoo.tv/m7be2iphone/mmchan/mpimages/208x308/-ykD9zMHOMAiwBpGRMg4IA.jpg"></icon><desc></desc><category></category></programme><programme channel="BFKX-rwOIt-AB-ZgXHYaezFanZ5_q83BxK91ojNw" start="20221124120000 +0000" stop="20221124160000 +0000" catchup-id="8yd5Qjr6gLK1N8D8qiDv0Q9LUpMMLQCEQtGEl3dz"><title>Afternoon Overture</title><date></date><icon src="https://m7be2.solocoo.tv/m7be2iphone/mmchan/mpimages/208x308/KM5eD8fMzwPnZMwn_yH9fw.jpg"></icon><desc></desc><category></category></programme><programme channel="BFKX-rwOIt-AB-ZgXHYaezFanZ5_q83BxK91ojNw" start="20221124160000 +0000" stop="20221124170000 +0000" catchup-id="TCya8LE6Z8dBnwNl_fkF_cIzZ8H3-4IHkXn0Feu8"><title>Simply Strings</title><date></date><icon src="https://m7be2.solocoo.tv/m7be2iphone/mmchan/mpimages/208x308/8KFV_f8HNIDHHMtLqi2vOg.jpg"></icon><desc></desc><category></category></programme><programme channel="BFKX-rwOIt-AB-ZgXHYaezFanZ5_q83BxK91ojNw" start="20221124170000 +0000" stop="20221124180000 +0000" catchup-id="LYd16UPfbvjTG2DwLn5m77D4JnMPRziTZ4ymaHdp"><title>Pure Piano</title><date></date><icon src="https://m7be2.solocoo.tv/m7be2iphone/mmchan/mpimages/208x308/SYvYqLEStKblQ_9V_cuXUQ.jpg"></icon><desc></desc><category></category></programme><programme channel="BFKX-rwOIt-AB-ZgXHYaezFanZ5_q83BxK91ojNw" start="20221124180000 +0000" stop="20221124190000 +0000" catchup-id="1wkssiEdrweHTJYmnF3c9Kg04wvH-M7Bqloa8zcw"><title>Tenors &amp; Divas</title><date></date><icon src="https://m7be2.solocoo.tv/m7be2iphone/mmchan/mpimages/208x308/NozFDHeIOpCN2O6NZQoxLg.jpg"></icon><desc></desc><category></category></programme><programme channel="BFKX-rwOIt-AB-ZgXHYaezFanZ5_q83BxK91ojNw" start="20221124190000 +0000" stop="20221124200000 +0000" catchup-id="EqIKntEK4Op2ipiAQIudgzUPvvzzcUL8MbRHIpjr"><title>Hall of Fame</title><date></date><icon src="https://m7be2.solocoo.tv/m7be2iphone/mmchan/mpimages/208x308/-ykD9zMHOMAiwBpGRMg4IA.jpg"></icon><desc></desc><category></category></programme><programme channel="BFKX-rwOIt-AB-ZgXHYaezFanZ5_q83BxK91ojNw" start="20221124200000 +0000" stop="20221124230000 +0000" catchup-id="DzTaGLxXglaUGznrmrPnxgwlUBukJxWVzTA9RZdf"><title>Evening Encore</title><date></date><icon src="https://m7be2.solocoo.tv/m7be2iphone/mmchan/mpimages/208x308/MeyibRsg7jy9aFmpwMmBBg.jpg"></icon><desc></desc><category></category></programme><programme channel="BFKX-rwOIt-AB-ZgXHYaezFanZ5_q83BxK91ojNw" start="20221124230000 +0000" stop="20221125050000 +0000" catchup-id="bEeKcACvQwURZgU3JpY0sgCgXKY9EldgSDoXqfu9"><title>Moonlight Melodies</title><date></date><icon src="https://m7be2.solocoo.tv/m7be2iphone/mmchan/mpimages/208x308/PLUKblm1lLz3HdR87s4vsg.jpg"></icon><desc></desc><category></category></programme><programme channel="BFKX-rwOIt-AB-ZgXHYaezFanZ5_q83BxK91ojNw" start="20221125050000 +0000" stop="20221125090000 +0000" catchup-id="AwIXASaj8X4VZIrLOtd9ae6rqc6Grwt6UrRGeQlM"><title>Dawn Chorus</title><date></date><icon src="https://m7be2.solocoo.tv/m7be2iphone/mmchan/mpimages/208x308/dYfNfbOTrtPTJ0OBuVg_Qw.jpg"></icon><desc></desc><category></category></programme><programme channel="BFKX-rwOIt-AB-ZgXHYaezFanZ5_q83BxK91ojNw" start="20221125090000 +0000" stop="20221125100000 +0000" catchup-id="-htBK7_8uVaVkfBEbakEC7S7vUb_FvBUIM6omzTW"><title>Simply Strings</title><date></date><icon src="https://m7be2.solocoo.tv/m7be2iphone/mmchan/mpimages/208x308/8KFV_f8HNIDHHMtLqi2vOg.jpg"></icon><desc></desc><category></category></programme><programme channel="BFKX-rwOIt-AB-ZgXHYaezFanZ5_q83BxK91ojNw" start="20221125100000 +0000" stop="20221125110000 +0000" catchup-id="rd15Ftk9efnHHVl6PhRpj_Jc9PqJPpq_C4BLnrxA"><title>Tenors &amp; Divas</title><date></date><icon src="https://m7be2.solocoo.tv/m7be2iphone/mmchan/mpimages/208x308/NozFDHeIOpCN2O6NZQoxLg.jpg"></icon><desc></desc><category></category></programme><programme channel="BFKX-rwOIt-AB-ZgXHYaezFanZ5_q83BxK91ojNw" start="20221125110000 +0000" stop="20221125120000 +0000" catchup-id="pbIYZLuR_EuaulkruSAcQJKqT3v1AHXC73z7CNfV"><title>Hall of Fame</title><date></date><icon src="https://m7be2.solocoo.tv/m7be2iphone/mmchan/mpimages/208x308/-ykD9zMHOMAiwBpGRMg4IA.jpg"></icon><desc></desc><category></category></programme><programme channel="BFKX-rwOIt-AB-ZgXHYaezFanZ5_q83BxK91ojNw" start="20221125120000 +0000" stop="20221125160000 +0000" catchup-id="5jafo9wFO9jUn299o1VANKsbq5B73fUi5t9lyo3i"><title>Afternoon Overture</title><date></date><icon src="https://m7be2.solocoo.tv/m7be2iphone/mmchan/mpimages/208x308/KM5eD8fMzwPnZMwn_yH9fw.jpg"></icon><desc></desc><category></category></programme><programme channel="BFKX-rwOIt-AB-ZgXHYaezFanZ5_q83BxK91ojNw" start="20221125160000 +0000" stop="20221125170000 +0000" catchup-id="2qQZHBxZJqWRrBkqX0C07kcUBok77-ola5lUel2r"><title>Simply Strings</title><date></date><icon src="https://m7be2.solocoo.tv/m7be2iphone/mmchan/mpimages/208x308/8KFV_f8HNIDHHMtLqi2vOg.jpg"></icon><desc></desc><category></category></programme><programme channel="BFKX-rwOIt-AB-ZgXHYaezFanZ5_q83BxK91ojNw" start="20221125170000 +0000" stop="20221125180000 +0000" catchup-id="sXtahCz35r2zaccCIV1IX4Bzo8NeBGKAhLP_D-Mx"><title>Pure Piano</title><date></date><icon src="https://m7be2.solocoo.tv/m7be2iphone/mmchan/mpimages/208x308/SYvYqLEStKblQ_9V_cuXUQ.jpg"></icon><desc></desc><category></category></programme><programme channel="BFKX-rwOIt-AB-ZgXHYaezFanZ5_q83BxK91ojNw" start="20221125180000 +0000" stop="20221125200000 +0000" catchup-id="tn31Gd4u0zEjXDqXVll5sQCa-k7qaOihYoOFMXCW"><title>Hall of Fame</title><date></date><icon src="https://m7be2.solocoo.tv/m7be2iphone/mmchan/mpimages/208x308/-ykD9zMHOMAiwBpGRMg4IA.jpg"></icon><desc></desc><category></category></programme><programme channel="BFKX-rwOIt-AB-ZgXHYaezFanZ5_q83BxK91ojNw" start="20221125200000 +0000" stop="20221125210000 +0000" catchup-id="Y_CbiAmCgcneyNSFmN01_sY98gX7tt5-Jt_ZVMya"><title>Italian Opera Month</title><date></date><icon src="https://m7be2.solocoo.tv/m7be2iphone/mmchan/mpimages/208x308/pQajb1W6NkkL2wgvjX9ZMQ.jpg"></icon><desc></desc><category></category></programme><programme channel="BFKX-rwOIt-AB-ZgXHYaezFanZ5_q83BxK91ojNw" start="20221125210000 +0000" stop="20221125230000 +0000" catchup-id="2ZQC8Zsr9VreY5jNLZIrBnJ7bJwFnvvpquWpSzO9"><title>Evening Encore</title><date></date><icon src="https://m7be2.solocoo.tv/m7be2iphone/mmchan/mpimages/208x308/MeyibRsg7jy9aFmpwMmBBg.jpg"></icon><desc></desc><category></category></programme><programme channel="BFKX-rwOIt-AB-ZgXHYaezFanZ5_q83BxK91ojNw" start="20221125230000 +0000" stop="20221126050000 +0000" catchup-id="OXYJWC_5K58bkQN-B_0dtD9NkZKJdKEviH2LFavi"><title>Moonlight Melodies</title><date></date><icon src="https://m7be2.solocoo.tv/m7be2iphone/mmchan/mpimages/208x308/PLUKblm1lLz3HdR87s4vsg.jpg"></icon><desc></desc><category></category></programme><programme channel="BFKX-rwOIt-AB-ZgXHYaezFanZ5_q83BxK91ojNw" start="20221126050000 +0000" stop="20221126090000 +0000" catchup-id="J3OCGUo0SnnBZB1TQ4-kCBeG6Gskk_36cA0j-9f8"><title>Dawn Chorus</title><date></date><icon src="https://m7be2.solocoo.tv/m7be2iphone/mmchan/mpimages/208x308/dYfNfbOTrtPTJ0OBuVg_Qw.jpg"></icon><desc></desc><category></category></programme><programme channel="BFKX-rwOIt-AB-ZgXHYaezFanZ5_q83BxK91ojNw" start="20221126090000 +0000" stop="20221126100000 +0000" catchup-id="6G7OQ3TnnLsvjLrKdOtew0uyhukykJDdLtN1m7Qk"><title>Simply Strings</title><date></date><icon src="https://m7be2.solocoo.tv/m7be2iphone/mmchan/mpimages/208x308/8KFV_f8HNIDHHMtLqi2vOg.jpg"></icon><desc></desc><category></category></programme><programme channel="BFKX-rwOIt-AB-ZgXHYaezFanZ5_q83BxK91ojNw" start="20221126100000 +0000" stop="20221126110000 +0000" catchup-id="cnHNECmpf_TdofDGA4R-k9m2m-2NJwP2aM4pYQ-k"><title>Tenors &amp; Divas</title><date></date><icon src="https://m7be2.solocoo.tv/m7be2iphone/mmchan/mpimages/208x308/NozFDHeIOpCN2O6NZQoxLg.jpg"></icon><desc></desc><category></category></programme><programme channel="BFKX-rwOIt-AB-ZgXHYaezFanZ5_q83BxK91ojNw" start="20221126110000 +0000" stop="20221126120000 +0000" catchup-id="GKNVi98EOfykuB7dFHXlr4UlSts7sTGw9jlVN7SK"><title>Hall of Fame</title><date></date><icon src="https://m7be2.solocoo.tv/m7be2iphone/mmchan/mpimages/208x308/-ykD9zMHOMAiwBpGRMg4IA.jpg"></icon><desc></desc><category></category></programme><programme channel="BFKX-rwOIt-AB-ZgXHYaezFanZ5_q83BxK91ojNw" start="20221126120000 +0000" stop="20221126160000 +0000" catchup-id="OkS1Y6CXDGHnNrIgUDsU9Q6tKLYWJe4u--esd8ss"><title>Saturday Selection</title><date></date><icon src="https://m7be2.solocoo.tv/m7be2iphone/mmchan/mpimages/208x308/97ydDE0iuEC6uv3147OYBA.jpg"></icon><desc></desc><category></category></programme><programme channel="BFKX-rwOIt-AB-ZgXHYaezFanZ5_q83BxK91ojNw" start="20221126160000 +0000" stop="20221126170000 +0000" catchup-id="3bkHxpqTtqteVFJOkeCVG_6vli8kF2Q29i1-H5fw"><title>Simply Strings</title><date></date><icon src="https://m7be2.solocoo.tv/m7be2iphone/mmchan/mpimages/208x308/8KFV_f8HNIDHHMtLqi2vOg.jpg"></icon><desc></desc><category></category></programme><programme channel="BFKX-rwOIt-AB-ZgXHYaezFanZ5_q83BxK91ojNw" start="20221126170000 +0000" stop="20221126180000 +0000" catchup-id="7DYlbD_u6M7SVcgskCkH2MSBukBHkxYBzHggcOcI"><title>Pure Piano</title><date></date><icon src="https://m7be2.solocoo.tv/m7be2iphone/mmchan/mpimages/260x145/SYvYqLEStKblQ_9V_cuXUQ.jpg"></icon><desc></desc><category></category></programme><programme channel="BFKX-rwOIt-AB-ZgXHYaezFanZ5_q83BxK91ojNw" start="20221126180000 +0000" stop="20221126190000 +0000" catchup-id="bDYZx9iMBt-C_HXYsE1McX_Z0QfRkQYMa25HxbBH"><title>Tenors &amp; Divas</title><date></date><icon src="https://m7be2.solocoo.tv/m7be2iphone/mmchan/mpimages/260x145/NozFDHeIOpCN2O6NZQoxLg.jpg"></icon><desc></desc><category></category></programme><programme channel="BFKX-rwOIt-AB-ZgXHYaezFanZ5_q83BxK91ojNw" start="20221126190000 +0000" stop="20221126200000 +0000" catchup-id="xpU2UxhfPFF3TaKSOuOp7-jq4Mbc4YnJu_Z3kw9d"><title>At the Movies</title><date></date><icon src="https://m7be2.solocoo.tv/m7be2iphone/mmchan/mpimages/260x145/pM9IcpcKKeAp7wVru-7IMQ.jpg"></icon><desc></desc><category></category></programme><programme channel="BFKX-rwOIt-AB-ZgXHYaezFanZ5_q83BxK91ojNw" start="20221126200000 +0000" stop="20221126230000 +0000" catchup-id="WLnglNwc29bhKY5tvozz8ohUnixVkJz3wyBfLMIk"><title>Evening Encore</title><date></date><icon src="https://m7be2.solocoo.tv/m7be2iphone/mmchan/mpimages/260x145/MeyibRsg7jy9aFmpwMmBBg.jpg"></icon><desc></desc><category></category></programme><programme channel="BFKX-rwOIt-AB-ZgXHYaezFanZ5_q83BxK91ojNw" start="20221126230000 +0000" stop="20221127050000 +0000" catchup-id="PtB6oankgybJGWKjYU9EZnH_l4Q79mu5_F1mpGR2"><title>Moonlight Melodies</title><date></date><icon src="https://m7be2.solocoo.tv/m7be2iphone/mmchan/mpimages/260x145/PLUKblm1lLz3HdR87s4vsg.jpg"></icon><desc></desc><category></category></programme><programme channel="BFKX-rwOIt-AB-ZgXHYaezFanZ5_q83BxK91ojNw" start="20221127050000 +0000" stop="20221127090000 +0000" catchup-id="wX7bLercc2fsLbSSreKF-7b_MMYuCkEkGNBSWfYC"><title>Dawn Chorus</title><date></date><icon src="https://m7be2.solocoo.tv/m7be2iphone/mmchan/mpimages/260x145/dYfNfbOTrtPTJ0OBuVg_Qw.jpg"></icon><desc></desc><category></category></programme><programme channel="BFKX-rwOIt-AB-ZgXHYaezFanZ5_q83BxK91ojNw" start="20221127090000 +0000" stop="20221127100000 +0000" catchup-id="lSWMYzif6lxHE7GFGzQ3ocXrSHpIFXvC-a_CtflC"><title>Simply Strings</title><date></date><icon src="https://m7be2.solocoo.tv/m7be2iphone/mmchan/mpimages/260x145/8KFV_f8HNIDHHMtLqi2vOg.jpg"></icon><desc></desc><category></category></programme><programme channel="BFKX-rwOIt-AB-ZgXHYaezFanZ5_q83BxK91ojNw" start="20221127100000 +0000" stop="20221127110000 +0000" catchup-id="K9LtrJ-pobFR6yDjsxrG1L0jQp4g4xkB_vO7RbaM"><title>Tenors &amp; Divas</title><date></date><icon src="https://m7be2.solocoo.tv/m7be2iphone/mmchan/mpimages/260x145/NozFDHeIOpCN2O6NZQoxLg.jpg"></icon><desc></desc><category></category></programme><programme channel="BFKX-rwOIt-AB-ZgXHYaezFanZ5_q83BxK91ojNw" start="20221127110000 +0000" stop="20221127120000 +0000" catchup-id="CcuAqJsJq5mXERfcen5tD71bB8sqlCPT3m_9BOrr"><title>Hall of Fame</title><date></date><icon src="https://m7be2.solocoo.tv/m7be2iphone/mmchan/mpimages/260x145/-ykD9zMHOMAiwBpGRMg4IA.jpg"></icon><desc></desc><category></category></programme><programme channel="BFKX-rwOIt-AB-ZgXHYaezFanZ5_q83BxK91ojNw" start="20221127120000 +0000" stop="20221127160000 +0000" catchup-id="9ylCf2FFQV0MKF-1fBSxHbHcLcwjaucZbI0o1hdD"><title>Sunday Selection</title><date></date><icon src="https://m7be2.solocoo.tv/m7be2iphone/mmchan/mpimages/260x145/W-HzgVXt6-xK5MfVCglZ0g.jpg"></icon><desc></desc><category></category></programme><programme channel="BFKX-rwOIt-AB-ZgXHYaezFanZ5_q83BxK91ojNw" start="20221127160000 +0000" stop="20221127170000 +0000" catchup-id="REC-qK5RdD4XE7fA9oaCe7dUjVnoJaDsHQG4eNBZ"><title>Simply Strings</title><date></date><icon src="https://m7be2.solocoo.tv/m7be2iphone/mmchan/mpimages/260x145/8KFV_f8HNIDHHMtLqi2vOg.jpg"></icon><desc></desc><category></category></programme><programme channel="BFKX-rwOIt-AB-ZgXHYaezFanZ5_q83BxK91ojNw" start="20221127170000 +0000" stop="20221127180000 +0000" catchup-id="GszAkXNib7W7QZGRT_DGpRGf6qzcsoGzXd3aHN6j"><title>Pure Piano</title><date></date><icon src="https://m7be2.solocoo.tv/m7be2iphone/mmchan/mpimages/260x145/SYvYqLEStKblQ_9V_cuXUQ.jpg"></icon><desc></desc><category></category></programme><programme channel="BFKX-rwOIt-AB-ZgXHYaezFanZ5_q83BxK91ojNw" start="20221127180000 +0000" stop="20221127190000 +0000" catchup-id="ptTeh0D-bcQ5R6SooI2riXN-hbtEjXVOwny57_o2"><title>Tenors &amp; Divas</title><date></date><icon src="https://m7be2.solocoo.tv/m7be2iphone/mmchan/mpimages/260x145/NozFDHeIOpCN2O6NZQoxLg.jpg"></icon><desc></desc><category></category></programme><programme channel="BFKX-rwOIt-AB-ZgXHYaezFanZ5_q83BxK91ojNw" start="20221127190000 +0000" stop="20221127200000 +0000" catchup-id="EPE-SyjhEFMgzpIdM8aPKgpBL_1I8OjSQnQLcGS0"><title>Around the World</title><date></date><icon src="https://m7be2.solocoo.tv/m7be2iphone/mmchan/mpimages/260x145/pQajb1W6NkkL2wgvjX9ZMQ.jpg"></icon><desc></desc><category></category></programme><programme channel="BFKX-rwOIt-AB-ZgXHYaezFanZ5_q83BxK91ojNw" start="20221127200000 +0000" stop="20221127230000 +0000" catchup-id="GPjKn5JClpkdPVjNFzv_fZwQAPa8oOgT19-yBJBH"><title>Evening Encore</title><date></date><icon src="https://m7be2.solocoo.tv/m7be2iphone/mmchan/mpimages/260x145/MeyibRsg7jy9aFmpwMmBBg.jpg"></icon><desc></desc><category></category></programme><programme channel="BFKX-rwOIt-AB-ZgXHYaezFanZ5_q83BxK91ojNw" start="20221127230000 +0000" stop="20221128050000 +0000" catchup-id="mXCjeeSNbYs5UeMPj-VcCRTrDTlnbkd-okGtWtaX"><title>Moonlight Melodies</title><date></date><icon src="https://m7be2.solocoo.tv/m7be2iphone/mmchan/mpimages/260x145/PLUKblm1lLz3HdR87s4vsg.jpg"></icon><desc></desc><category></category></programme><programme channel="BFKX-rwOIt-AB-ZgXHYaezFanZ5_q83BxK91ojNw" start="20221128050000 +0000" stop="20221128090000 +0000" catchup-id="LrdIE_fWOYb05x8DzKlcteztmu9fCwgBCXeiG6CG"><title>Dawn Chorus</title><date></date><icon src="https://m7be2.solocoo.tv/m7be2iphone/mmchan/mpimages/260x145/dYfNfbOTrtPTJ0OBuVg_Qw.jpg"></icon><desc></desc><category></category></programme><programme channel="BFKX-rwOIt-AB-ZgXHYaezFanZ5_q83BxK91ojNw" start="20221128090000 +0000" stop="20221128100000 +0000" catchup-id="gQ73y-fZEoPuOmv6-tkMUhuZ0Nb9uGF9zYDXlNGg"><title>Simply Strings</title><date></date><icon src="https://m7be2.solocoo.tv/m7be2iphone/mmchan/mpimages/260x145/8KFV_f8HNIDHHMtLqi2vOg.jpg"></icon><desc></desc><category></category></programme><programme channel="BFKX-rwOIt-AB-ZgXHYaezFanZ5_q83BxK91ojNw" start="20221128100000 +0000" stop="20221128110000 +0000" catchup-id="qX5TEyLz7KenjaiPx6G2RAJNmB8ucTx2OSo45EN7"><title>Tenors &amp; Divas</title><date></date><icon src="https://m7be2.solocoo.tv/m7be2iphone/mmchan/mpimages/260x145/NozFDHeIOpCN2O6NZQoxLg.jpg"></icon><desc></desc><category></category></programme><programme channel="BFKX-rwOIt-AB-ZgXHYaezFanZ5_q83BxK91ojNw" start="20221128110000 +0000" stop="20221128120000 +0000" catchup-id="ElYi-KX-MgqrQO76KWu62t0s2maZ37Xst7o7SODM"><title>Hall of Fame</title><date></date><icon src="https://m7be2.solocoo.tv/m7be2iphone/mmchan/mpimages/260x145/-ykD9zMHOMAiwBpGRMg4IA.jpg"></icon><desc></desc><category></category></programme><programme channel="BFKX-rwOIt-AB-ZgXHYaezFanZ5_q83BxK91ojNw" start="20221128120000 +0000" stop="20221128160000 +0000" catchup-id="X-tvUZf0iZWiK0LWOf8LQ7v3eLpmJ0o-ku8MEXeJ"><title>Afternoon Overture</title><date></date><icon src="https://m7be2.solocoo.tv/m7be2iphone/mmchan/mpimages/260x145/KM5eD8fMzwPnZMwn_yH9fw.jpg"></icon><desc></desc><category></category></programme><programme channel="BFKX-rwOIt-AB-ZgXHYaezFanZ5_q83BxK91ojNw" start="20221128160000 +0000" stop="20221128170000 +0000" catchup-id="ZrMYVrr6rlOqszN4ZmtwiKq2voLDjaKNolka4_hY"><title>Simply Strings</title><date></date><icon src="https://m7be2.solocoo.tv/m7be2iphone/mmchan/mpimages/260x145/8KFV_f8HNIDHHMtLqi2vOg.jpg"></icon><desc></desc><category></category></programme><programme channel="BFKX-rwOIt-AB-ZgXHYaezFanZ5_q83BxK91ojNw" start="20221128170000 +0000" stop="20221128180000 +0000" catchup-id="kK-pUf01KulMqH6nWqRg3A021T_ipU1NuSddlHLR"><title>Pure Piano</title><date></date><icon src="https://m7be2.solocoo.tv/m7be2iphone/mmchan/mpimages/260x145/SYvYqLEStKblQ_9V_cuXUQ.jpg"></icon><desc></desc><category></category></programme><programme channel="BFKX-rwOIt-AB-ZgXHYaezFanZ5_q83BxK91ojNw" start="20221128180000 +0000" stop="20221128190000 +0000" catchup-id="hbgmOCE2YTHccCgWcDaJtMYHRQvXQTjZcDY_k8WG"><title>Tenors &amp; Divas</title><date></date><icon src="https://m7be2.solocoo.tv/m7be2iphone/mmchan/mpimages/260x145/NozFDHeIOpCN2O6NZQoxLg.jpg"></icon><desc></desc><category></category></programme><programme channel="BFKX-rwOIt-AB-ZgXHYaezFanZ5_q83BxK91ojNw" start="20221128190000 +0000" stop="20221128200000 +0000" catchup-id="j55a6gWfNV4Tmz5gXU9kRbpFGRdBveVdAhQc4o2y"><title>Hall of Fame</title><date></date><icon src="https://m7be2.solocoo.tv/m7be2iphone/mmchan/mpimages/260x145/-ykD9zMHOMAiwBpGRMg4IA.jpg"></icon><desc></desc><category></category></programme><programme channel="BFKX-rwOIt-AB-ZgXHYaezFanZ5_q83BxK91ojNw" start="20221128200000 +0000" stop="20221128230000 +0000" catchup-id="SuLDoxK_0XiakjkCtlmFNvRi6FnRLizRSEGMZDhi"><title>Evening Encore</title><date></date><icon src="https://m7be2.solocoo.tv/m7be2iphone/mmchan/mpimages/260x145/MeyibRsg7jy9aFmpwMmBBg.jpg"></icon><desc></desc><category></category></programme><programme channel="BFKX-rwOIt-AB-ZgXHYaezFanZ5_q83BxK91ojNw" start="20221128230000 +0000" stop="20221129050000 +0000" catchup-id="aH3rhdjwJRgjKx7HNoFqTzbhiWwv4DH3nxCKmpZr"><title>Moonlight Melodies</title><date></date><icon src="https://m7be2.solocoo.tv/m7be2iphone/mmchan/mpimages/260x145/PLUKblm1lLz3HdR87s4vsg.jpg"></icon><desc></desc><category></category></programme><programme channel="BFKX-rwOIt-AB-ZgXHYaezFanZ5_q83BxK91ojNw" start="20221129050000 +0000" stop="20221129090000 +0000" catchup-id="_0x4ldhJ8Pj0MrEZPlDOKbPNzp9cCbNINm7eGl0-"><title>Dawn Chorus</title><date></date><icon src="https://m7be2.solocoo.tv/m7be2iphone/mmchan/mpimages/260x145/dYfNfbOTrtPTJ0OBuVg_Qw.jpg"></icon><desc></desc><category></category></programme><programme channel="BFKX-rwOIt-AB-ZgXHYaezFanZ5_q83BxK91ojNw" start="20221129090000 +0000" stop="20221129100000 +0000" catchup-id="CmUpdeIdmEMNcJ9jQb7uUMOx6JKluy3mmisdm35X"><title>Simply Strings</title><date></date><icon src="https://m7be2.solocoo.tv/m7be2iphone/mmchan/mpimages/260x145/8KFV_f8HNIDHHMtLqi2vOg.jpg"></icon><desc></desc><category></category></programme><programme channel="BFKX-rwOIt-AB-ZgXHYaezFanZ5_q83BxK91ojNw" start="20221129100000 +0000" stop="20221129110000 +0000" catchup-id="ZMDLqZDy1GIEBfQNSh-YD6qgmPteVJBSgqorq5cs"><title>Tenors &amp; Divas</title><date></date><icon src="https://m7be2.solocoo.tv/m7be2iphone/mmchan/mpimages/260x145/NozFDHeIOpCN2O6NZQoxLg.jpg"></icon><desc></desc><category></category></programme><programme channel="BFKX-rwOIt-AB-ZgXHYaezFanZ5_q83BxK91ojNw" start="20221129110000 +0000" stop="20221129120000 +0000" catchup-id="53rRDlIIiVi49zU41S5NjuvcmTcx7VOmw7AixeBK"><title>Hall of Fame</title><date></date><icon src="https://m7be2.solocoo.tv/m7be2iphone/mmchan/mpimages/260x145/-ykD9zMHOMAiwBpGRMg4IA.jpg"></icon><desc></desc><category></category></programme><programme channel="BFKX-rwOIt-AB-ZgXHYaezFanZ5_q83BxK91ojNw" start="20221129120000 +0000" stop="20221129160000 +0000" catchup-id="fR0FnwcZOWMatxnEbVcbjSV-GTczCa_RUwIf_Cu9"><title>Afternoon Overture</title><date></date><icon src="https://m7be2.solocoo.tv/m7be2iphone/mmchan/mpimages/260x145/KM5eD8fMzwPnZMwn_yH9fw.jpg"></icon><desc></desc><category></category></programme><programme channel="BFKX-rwOIt-AB-ZgXHYaezFanZ5_q83BxK91ojNw" start="20221129160000 +0000" stop="20221129170000 +0000" catchup-id="dec0INL_V2HGnxpGDzR82PbR8nFvbsYnvNSov1SB"><title>Simply Strings</title><date></date><icon src="https://m7be2.solocoo.tv/m7be2iphone/mmchan/mpimages/260x145/8KFV_f8HNIDHHMtLqi2vOg.jpg"></icon><desc></desc><category></category></programme><programme channel="BFKX-rwOIt-AB-ZgXHYaezFanZ5_q83BxK91ojNw" start="20221129170000 +0000" stop="20221129180000 +0000" catchup-id="J3jjBa8uf55EUislslkHXLX4-VI2eyyHEBUhi2VP"><title>Pure Piano</title><date></date><icon src="https://m7be2.solocoo.tv/m7be2iphone/mmchan/mpimages/260x145/SYvYqLEStKblQ_9V_cuXUQ.jpg"></icon><desc></desc><category></category></programme><programme channel="BFKX-rwOIt-AB-ZgXHYaezFanZ5_q83BxK91ojNw" start="20221129180000 +0000" stop="20221129190000 +0000" catchup-id="NApRBMnTgegX_79t3_wbSej7fnwV59ZutZOgC6w5"><title>Tenors &amp; Divas</title><date></date><icon src="https://m7be2.solocoo.tv/m7be2iphone/mmchan/mpimages/260x145/NozFDHeIOpCN2O6NZQoxLg.jpg"></icon><desc></desc><category></category></programme><programme channel="BFKX-rwOIt-AB-ZgXHYaezFanZ5_q83BxK91ojNw" start="20221129190000 +0000" stop="20221129200000 +0000" catchup-id="Hfdgu4ekMCdaQvgOcstTvsVxK1tyQcjBeum95pQB"><title>Hall of Fame</title><date></date><icon src="https://m7be2.solocoo.tv/m7be2iphone/mmchan/mpimages/260x145/-ykD9zMHOMAiwBpGRMg4IA.jpg"></icon><desc></desc><category></category></programme><programme channel="BFKX-rwOIt-AB-ZgXHYaezFanZ5_q83BxK91ojNw" start="20221129200000 +0000" stop="20221129230000 +0000" catchup-id="zbGl1N42ICwGb4VAlQkdP3vUDmZAAQMlGKtMQ12j"><title>Evening Encore</title><date></date><icon src="https://m7be2.solocoo.tv/m7be2iphone/mmchan/mpimages/260x145/MeyibRsg7jy9aFmpwMmBBg.jpg"></icon><desc></desc><category></category></programme><programme channel="BFKX-rwOIt-AB-ZgXHYaezFanZ5_q83BxK91ojNw" start="20221129230000 +0000" stop="20221130050000 +0000" catchup-id="PCseYD4UXoMX2bE-_U3VW8VczW3ZK33XR1Wqb8XA"><title>Moonlight Melodies</title><date></date><icon src="https://m7be2.solocoo.tv/m7be2iphone/mmchan/mpimages/260x145/PLUKblm1lLz3HdR87s4vsg.jpg"></icon><desc></desc><category></category></programme><programme channel="BFKX-rwOIt-AB-ZgXHYaezFanZ5_q83BxK91ojNw" start="20221130050000 +0000" stop="20221130090000 +0000" catchup-id="jWVEmls0LS-P_7gjmWIdUJ3qRJDJXg1uKs5aK1PG"><title>Dawn Chorus</title><date></date><icon src="https://m7be2.solocoo.tv/m7be2iphone/mmchan/mpimages/260x145/dYfNfbOTrtPTJ0OBuVg_Qw.jpg"></icon><desc></desc><category></category></programme><programme channel="BFKX-rwOIt-AB-ZgXHYaezFanZ5_q83BxK91ojNw" start="20221130090000 +0000" stop="20221130100000 +0000" catchup-id="r7I7x7utYKN7mVk2PslfjehuhQMINEje_24DXM1z"><title>Simply Strings</title><date></date><icon src="https://m7be2.solocoo.tv/m7be2iphone/mmchan/mpimages/260x145/8KFV_f8HNIDHHMtLqi2vOg.jpg"></icon><desc></desc><category></category></programme><programme channel="BFKX-rwOIt-AB-ZgXHYaezFanZ5_q83BxK91ojNw" start="20221130100000 +0000" stop="20221130110000 +0000" catchup-id="haV3GlLieN35R4xZUxujF732X3xw2LIDc9ZRgvt8"><title>Tenors &amp; Divas</title><date></date><icon src="https://m7be2.solocoo.tv/m7be2iphone/mmchan/mpimages/260x145/NozFDHeIOpCN2O6NZQoxLg.jpg"></icon><desc></desc><category></category></programme><programme channel="BFKX-rwOIt-AB-ZgXHYaezFanZ5_q83BxK91ojNw" start="20221130110000 +0000" stop="20221130120000 +0000" catchup-id="GM4AnlAa7ClZ_K_PpB3CuV09wV4Z3EFUGYUR6vzo"><title>Hall of Fame</title><date></date><icon src="https://m7be2.solocoo.tv/m7be2iphone/mmchan/mpimages/260x145/-ykD9zMHOMAiwBpGRMg4IA.jpg"></icon><desc></desc><category></category></programme><programme channel="BFKX-rwOIt-AB-ZgXHYaezFanZ5_q83BxK91ojNw" start="20221130120000 +0000" stop="20221130160000 +0000" catchup-id="hb1e1lXBSpoimpInx_GDVddefBRKxqoXu2ZfXsBM"><title>Afternoon Overture</title><date></date><icon src="https://m7be2.solocoo.tv/m7be2iphone/mmchan/mpimages/260x145/KM5eD8fMzwPnZMwn_yH9fw.jpg"></icon><desc></desc><category></category></programme><programme channel="BFKX-rwOIt-AB-ZgXHYaezFanZ5_q83BxK91ojNw" start="20221130160000 +0000" stop="20221130170000 +0000" catchup-id="yncc2I0XaX8lYru8ktAX5rE9y-SaR-MopgTyAe54"><title>Simply Strings</title><date></date><icon src="https://m7be2.solocoo.tv/m7be2iphone/mmchan/mpimages/260x145/8KFV_f8HNIDHHMtLqi2vOg.jpg"></icon><desc></desc><category></category></programme><programme channel="BFKX-rwOIt-AB-ZgXHYaezFanZ5_q83BxK91ojNw" start="20221130170000 +0000" stop="20221130180000 +0000" catchup-id="F938QYaX2yKve9JFds3RvFPdMEF-YLGmD9-lNuTq"><title>Pure Piano</title><date></date><icon src="https://m7be2.solocoo.tv/m7be2iphone/mmchan/mpimages/260x145/SYvYqLEStKblQ_9V_cuXUQ.jpg"></icon><desc></desc><category></category></programme><programme channel="BFKX-rwOIt-AB-ZgXHYaezFanZ5_q83BxK91ojNw" start="20221130180000 +0000" stop="20221130190000 +0000" catchup-id="Gu8Gg_Rz_zDrtFPAf7e4TEBjhpyuydjX1YGc6nMy"><title>Tenors &amp; Divas</title><date></date><icon src="https://m7be2.solocoo.tv/m7be2iphone/mmchan/mpimages/260x145/NozFDHeIOpCN2O6NZQoxLg.jpg"></icon><desc></desc><category></category></programme><programme channel="BFKX-rwOIt-AB-ZgXHYaezFanZ5_q83BxK91ojNw" start="20221130190000 +0000" stop="20221130200000 +0000" catchup-id="3fyZbt0WNJkDE5qHKix-7_h2i_1jbFIs69uFEj7e"><title>Hall of Fame</title><date></date><icon src="https://m7be2.solocoo.tv/m7be2iphone/mmchan/mpimages/260x145/-ykD9zMHOMAiwBpGRMg4IA.jpg"></icon><desc></desc><category></category></programme><programme channel="BFKX-rwOIt-AB-ZgXHYaezFanZ5_q83BxK91ojNw" start="20221130200000 +0000" stop="20221130230000 +0000" catchup-id="K2rA76_-md5D5A3LquPaoC8ko9JioYtGkIMXrtp-"><title>Evening Encore</title><date></date><icon src="https://m7be2.solocoo.tv/m7be2iphone/mmchan/mpimages/260x145/MeyibRsg7jy9aFmpwMmBBg.jpg"></icon><desc></desc><category></category></programme>