<programme channel="O7u9KkM0xGhIgPd7SI3vCYXo-isfcKEhVe-fYkWo" start="20221118230000 +0000" stop="20221119000000 +0000" catchup-id="A1l-F9ojf-lFnKvkWLmxs_OXMfY1g9ckRt_MFV2s"><title>Je kijkt naar de sterren</title><date></date><icon src="https://m7be2.solocoo.tv/m7be2iphone/mmchan/mpimages/208x308/2DXFImC9AODSlYFMd3cOAA.jpg"></icon><desc></desc><category></category></programme><programme channel="O7u9KkM0xGhIgPd7SI3vCYXo-isfcKEhVe-fYkWo" start="20221119000000 +0000" stop="20221119010000 +0000" catchup-id="2UAkiBJkarXQy7eHxIjXoMZzjw4kwPyK_033hJrq"><title>Eenzame Hartenbureau</title><date></date><icon src="https://m7be2.solocoo.tv/m7be2iphone/mmchan/mpimages/208x308/ys8w-JyYSqd0atSw2Ec-gg.jpg"></icon><desc></desc><category></category></programme><programme channel="O7u9KkM0xGhIgPd7SI3vCYXo-isfcKEhVe-fYkWo" start="20221119010000 +0000" stop="20221119050000 +0000" catchup-id="6Fw3kp9dguJ5AkzjQGEd3GgS8IjHzf3ZtR7YfnrU"><title>Je kijkt naar de sterren</title><date></date><icon src="https://m7be2.solocoo.tv/m7be2iphone/mmchan/mpimages/208x308/2DXFImC9AODSlYFMd3cOAA.jpg"></icon><desc></desc><category></category></programme><programme channel="O7u9KkM0xGhIgPd7SI3vCYXo-isfcKEhVe-fYkWo" start="20221119050000 +0000" stop="20221119060000 +0000" catchup-id="0GAevmUGdTWVyZ14weMpORyoBBUqznvQQmojh94G"><title>Nog even soezen</title><date></date><icon src="https://m7be2.solocoo.tv/m7be2iphone/mmchan/mpimages/208x308/EP9L00Ledo0KH-bgcbZJFw.jpg"></icon><desc></desc><category></category></programme><programme channel="O7u9KkM0xGhIgPd7SI3vCYXo-isfcKEhVe-fYkWo" start="20221119060000 +0000" stop="20221119070000 +0000" catchup-id="MgRyKx96dlrLlHcdZ1uP4D18Q620woB0oi8resBq"><title>Goeiemorgen weekend</title><date></date><icon src="https://m7be2.solocoo.tv/m7be2iphone/mmchan/mpimages/208x308/I8-mDdGw4NLvo3SCGwX7Ww.jpg"></icon><desc></desc><category></category></programme><programme channel="O7u9KkM0xGhIgPd7SI3vCYXo-isfcKEhVe-fYkWo" start="20221119070000 +0000" stop="20221119080000 +0000" catchup-id="sIMAs7Ci8toMo9iNaudZgxw-2tO-cjmXxWrXWLyo"><title>Al-1-maar-hits!</title><date></date><icon src="https://m7be2.solocoo.tv/m7be2iphone/mmchan/mpimages/208x308/R6lYp9QZdiAjDGhfISmPlA.jpg"></icon><desc></desc><category></category></programme><programme channel="O7u9KkM0xGhIgPd7SI3vCYXo-isfcKEhVe-fYkWo" start="20221119080000 +0000" stop="20221119090000 +0000" catchup-id="o_7sxp-ke-81netIunN96XUD0Nq_8rxGfXY1tJbl"><title>Een Uur Sorry Music</title><date></date><icon src="https://m7be2.solocoo.tv/m7be2iphone/mmchan/mpimages/208x308/Ogyhv6tpa37BNREUDHzSSA.jpg"></icon><desc></desc><category></category></programme><programme channel="O7u9KkM0xGhIgPd7SI3vCYXo-isfcKEhVe-fYkWo" start="20221119090000 +0000" stop="20221119100000 +0000" catchup-id="DCfbz8s_uULr-KYQNmN6H-CNqy4SBA8cUr9fGwZP"><title>Hadiemicha</title><date></date><icon src="https://m7be2.solocoo.tv/m7be2iphone/mmchan/mpimages/208x308/mGLMMr0lXjnuL0tE8cqxmQ.jpg"></icon><desc></desc><category></category></programme><programme channel="O7u9KkM0xGhIgPd7SI3vCYXo-isfcKEhVe-fYkWo" start="20221119100000 +0000" stop="20221119110000 +0000" catchup-id="-JOG1zderF1MnpBe_WjMvyEu3MvDzw2LqzhjFAHR"><title>Al-1-maar-hits!</title><date></date><icon src="https://m7be2.solocoo.tv/m7be2iphone/mmchan/mpimages/208x308/R6lYp9QZdiAjDGhfISmPlA.jpg"></icon><desc></desc><category></category></programme><programme channel="O7u9KkM0xGhIgPd7SI3vCYXo-isfcKEhVe-fYkWo" start="20221119110000 +0000" stop="20221119120000 +0000" catchup-id="40zNj-zLFtNfc5QAno-PfrWUmhWBfhzTh05UVTuI"><title>Request</title><date></date><icon src="https://m7be2.solocoo.tv/m7be2iphone/mmchan/mpimages/208x308/bKQoyqnYdrN_uyXnc4e-ZA.jpg"></icon><desc></desc><category></category></programme><programme channel="O7u9KkM0xGhIgPd7SI3vCYXo-isfcKEhVe-fYkWo" start="20221119120000 +0000" stop="20221119130000 +0000" catchup-id="noCn4PFTPF8cWNiRA21Fvyt2oi8lFExAAxLV-hK5"><title>Al-1-maar-hits!</title><date></date><icon src="https://m7be2.solocoo.tv/m7be2iphone/mmchan/mpimages/208x308/R6lYp9QZdiAjDGhfISmPlA.jpg"></icon><desc></desc><category></category></programme><programme channel="O7u9KkM0xGhIgPd7SI3vCYXo-isfcKEhVe-fYkWo" start="20221119130000 +0000" stop="20221119133000 +0000" catchup-id="YCuNpomGIWLPf-cs4CUnYnHlUY-cauV4UYCR7hF_"><title>Hart voor muziek</title><date></date><icon src="https://m7be2.solocoo.tv/m7be2iphone/mmchan/mpimages/208x308/fMJD2fMENxRkjLOf51ZYAg.jpg"></icon><desc></desc><category></category></programme><programme channel="O7u9KkM0xGhIgPd7SI3vCYXo-isfcKEhVe-fYkWo" start="20221119133000 +0000" stop="20221119140000 +0000" catchup-id="SUz8AVbEfUSBugCC0LvvzQH8-pf2sQVhqWnn6giL"><title>Al-1-maar-hits!</title><date></date><icon src="https://m7be2.solocoo.tv/m7be2iphone/mmchan/mpimages/208x308/R6lYp9QZdiAjDGhfISmPlA.jpg"></icon><desc></desc><category></category></programme><programme channel="O7u9KkM0xGhIgPd7SI3vCYXo-isfcKEhVe-fYkWo" start="20221119140000 +0000" stop="20221119150000 +0000" catchup-id="LVK77BWXyuKhHJd6p9QT4enKbZgle17HSqcw2IjE"><title>Nieuwelingen</title><date></date><icon src="https://m7be2.solocoo.tv/m7be2iphone/mmchan/mpimages/208x308/0mGuZe1UZESV2q5dL4T5pw.jpg"></icon><desc></desc><category></category></programme><programme channel="O7u9KkM0xGhIgPd7SI3vCYXo-isfcKEhVe-fYkWo" start="20221119150000 +0000" stop="20221119180000 +0000" catchup-id="u6osb07acZOxlVhcep0TYlX920m8tvl04QN0ADm6"><title>De Vlaamse 40</title><date></date><icon src="https://m7be2.solocoo.tv/m7be2iphone/mmchan/mpimages/208x308/kVgQ04fpuO-YroBPQKnJOA.jpg"></icon><desc></desc><category></category></programme><programme channel="O7u9KkM0xGhIgPd7SI3vCYXo-isfcKEhVe-fYkWo" start="20221119180000 +0000" stop="20221119190000 +0000" catchup-id="39ATL9isXpibxgkAit8tN-VA2HcDxHJcCd9K7BSc"><title>Waar is dat feestje?</title><date></date><icon src="https://m7be2.solocoo.tv/m7be2iphone/mmchan/mpimages/208x308/TTI_2curYBKlEs6NhdDZrg.jpg"></icon><desc></desc><category></category></programme><programme channel="O7u9KkM0xGhIgPd7SI3vCYXo-isfcKEhVe-fYkWo" start="20221119190000 +0000" stop="20221119200000 +0000" catchup-id="RRsLUiEJWi_xXYQzUU2fbpQrnXJuG280k93TIF5Y"><title>Trendsetters In Bed Met</title><date></date><icon src="https://m7be2.solocoo.tv/m7be2iphone/mmchan/mpimages/208x308/ys8w-JyYSqd0atSw2Ec-gg.jpg"></icon><desc></desc><category></category></programme><programme channel="O7u9KkM0xGhIgPd7SI3vCYXo-isfcKEhVe-fYkWo" start="20221119200000 +0000" stop="20221119210000 +0000" catchup-id="BHkmqrui0-fGZL_A80sIbCYZGdx7ZzjrNknt7zCs"><title>Trendsetters Shopping</title><date></date><icon src="https://m7be2.solocoo.tv/m7be2iphone/mmchan/mpimages/208x308/ys8w-JyYSqd0atSw2Ec-gg.jpg"></icon><desc></desc><category></category></programme><programme channel="O7u9KkM0xGhIgPd7SI3vCYXo-isfcKEhVe-fYkWo" start="20221119210000 +0000" stop="20221119220000 +0000" catchup-id="4BkWZXPPjx7VNX2F9gsuCxYkbeNaI0sqpwstW0P1"><title>Een Uur Sorry Music</title><date></date><icon src="https://m7be2.solocoo.tv/m7be2iphone/mmchan/mpimages/208x308/Ogyhv6tpa37BNREUDHzSSA.jpg"></icon><desc></desc><category></category></programme><programme channel="O7u9KkM0xGhIgPd7SI3vCYXo-isfcKEhVe-fYkWo" start="20221119220000 +0000" stop="20221119230000 +0000" catchup-id="A4UcqDNrrdc6f6uJ4hH4UOhIOWSXse37AHhf86Ne"><title>Al-1-maar-hits!</title><date></date><icon src="https://m7be2.solocoo.tv/m7be2iphone/mmchan/mpimages/208x308/R6lYp9QZdiAjDGhfISmPlA.jpg"></icon><desc></desc><category></category></programme><programme channel="O7u9KkM0xGhIgPd7SI3vCYXo-isfcKEhVe-fYkWo" start="20221119230000 +0000" stop="20221120050000 +0000" catchup-id="YZ3LjaTa6uGK1rAze32lYsUQR9mdgg5onQW6a79S"><title>Je kijkt naar de sterren</title><date></date><icon src="https://m7be2.solocoo.tv/m7be2iphone/mmchan/mpimages/208x308/2DXFImC9AODSlYFMd3cOAA.jpg"></icon><desc></desc><category></category></programme><programme channel="O7u9KkM0xGhIgPd7SI3vCYXo-isfcKEhVe-fYkWo" start="20221120050000 +0000" stop="20221120070000 +0000" catchup-id="ZA3WR9EyhQ83F8BDdWpXDwVyaYhfMfBmS_2LokTi"><title>Nog even soezen</title><date></date><icon src="https://m7be2.solocoo.tv/m7be2iphone/mmchan/mpimages/208x308/EP9L00Ledo0KH-bgcbZJFw.jpg"></icon><desc></desc><category></category></programme><programme channel="O7u9KkM0xGhIgPd7SI3vCYXo-isfcKEhVe-fYkWo" start="20221120070000 +0000" stop="20221120080000 +0000" catchup-id="oTfbaVUh18X_LriEwR64CLwZjTGZCc-qAUwehUur"><title>Goeiemorgen weekend</title><date></date><icon src="https://m7be2.solocoo.tv/m7be2iphone/mmchan/mpimages/208x308/I8-mDdGw4NLvo3SCGwX7Ww.jpg"></icon><desc></desc><category></category></programme><programme channel="O7u9KkM0xGhIgPd7SI3vCYXo-isfcKEhVe-fYkWo" start="20221120080000 +0000" stop="20221120090000 +0000" catchup-id="de0KadIOYpfalW1A4gt1publKv8CgoN9vawUeBle"><title>Duits Schlagerfestival</title><date></date><icon src="https://m7be2.solocoo.tv/m7be2iphone/mmchan/mpimages/208x308/JIEOAQuDrxjty9RmsO6gJg.jpg"></icon><desc></desc><category></category></programme><programme channel="O7u9KkM0xGhIgPd7SI3vCYXo-isfcKEhVe-fYkWo" start="20221120090000 +0000" stop="20221120110000 +0000" catchup-id="xp0WzoRO7TFvPxTfPyfsXw-_6Nbp7fwRDgSM55j-"><title>Herbert</title><date></date><icon src="https://m7be2.solocoo.tv/m7be2iphone/mmchan/mpimages/208x308/JdXFALd9cNnPz3iKpQF5jQ.jpg"></icon><desc></desc><category></category></programme><programme channel="O7u9KkM0xGhIgPd7SI3vCYXo-isfcKEhVe-fYkWo" start="20221120110000 +0000" stop="20221120115000 +0000" catchup-id="MdFgcBVqTtqsx7UxhPxMUUqq7OLlvgwPBE5E6qd6"><title>De Vlaamse Top 10 non stop</title><date></date><icon src="https://m7be2.solocoo.tv/m7be2iphone/mmchan/mpimages/208x308/Dumhjcy-_lL9DFeZZrmvUw.jpg"></icon><desc></desc><category></category></programme><programme channel="O7u9KkM0xGhIgPd7SI3vCYXo-isfcKEhVe-fYkWo" start="20221120115000 +0000" stop="20221120130000 +0000" catchup-id="EQgiutcE7GzGP-rUUW3R4vIM-vxsOJppNz6YenSK"><title>Al-1-maar-hits!</title><date></date><icon src="https://m7be2.solocoo.tv/m7be2iphone/mmchan/mpimages/208x308/R6lYp9QZdiAjDGhfISmPlA.jpg"></icon><desc></desc><category></category></programme><programme channel="O7u9KkM0xGhIgPd7SI3vCYXo-isfcKEhVe-fYkWo" start="20221120130000 +0000" stop="20221120140000 +0000" catchup-id="O0GStErU0EuUEIdX4evIcv3I25YLMXgexqG_atBt"><title>Affiche</title><date></date><icon src="https://m7be2.solocoo.tv/m7be2iphone/mmchan/mpimages/208x308/xp8TaZrtSZtiW-BdoBUOHw.jpg"></icon><desc></desc><category></category></programme><programme channel="O7u9KkM0xGhIgPd7SI3vCYXo-isfcKEhVe-fYkWo" start="20221120140000 +0000" stop="20221120150000 +0000" catchup-id="btWNskdA1Eu9eWiH5py7Ofccg-CxKWkel8hV1fO0"><title>Al-1-maar-hits!</title><date></date><icon src="https://m7be2.solocoo.tv/m7be2iphone/mmchan/mpimages/208x308/R6lYp9QZdiAjDGhfISmPlA.jpg"></icon><desc></desc><category></category></programme><programme channel="O7u9KkM0xGhIgPd7SI3vCYXo-isfcKEhVe-fYkWo" start="20221120150000 +0000" stop="20221120160000 +0000" catchup-id="YTGHs_RviUfEpAzrjpex-ZOGMTtrrj18ptu3lfwl"><title>Trendsetters In Bed Met</title><date></date><icon src="https://m7be2.solocoo.tv/m7be2iphone/mmchan/mpimages/208x308/ys8w-JyYSqd0atSw2Ec-gg.jpg"></icon><desc></desc><category></category></programme><programme channel="O7u9KkM0xGhIgPd7SI3vCYXo-isfcKEhVe-fYkWo" start="20221120160000 +0000" stop="20221120200000 +0000" catchup-id="Rm4Kg5f4NWNW28F1PKmiY7iTYl59TA21qMuxA9Qq"><title>Al-1-maar-hits!</title><date></date><icon src="https://m7be2.solocoo.tv/m7be2iphone/mmchan/mpimages/208x308/R6lYp9QZdiAjDGhfISmPlA.jpg"></icon><desc></desc><category></category></programme><programme channel="O7u9KkM0xGhIgPd7SI3vCYXo-isfcKEhVe-fYkWo" start="20221120200000 +0000" stop="20221120210000 +0000" catchup-id="vm52fSFgPgYhxWARbYeEF_wYbLa-zszWHIIEZovJ"><title>Hadiemicha</title><date></date><icon src="https://m7be2.solocoo.tv/m7be2iphone/mmchan/mpimages/208x308/IWgcxHscNEuHyAfBOOvrZg.jpg"></icon><desc></desc><category></category></programme><programme channel="O7u9KkM0xGhIgPd7SI3vCYXo-isfcKEhVe-fYkWo" start="20221120210000 +0000" stop="20221120220000 +0000" catchup-id="n06kzDN1sJ12wUT3-fwD2JaqwDA7cg0ZZxLhi4oV"><title>Eenzame Hartenbureau</title><date></date><icon src="https://m7be2.solocoo.tv/m7be2iphone/mmchan/mpimages/208x308/ys8w-JyYSqd0atSw2Ec-gg.jpg"></icon><desc></desc><category></category></programme><programme channel="O7u9KkM0xGhIgPd7SI3vCYXo-isfcKEhVe-fYkWo" start="20221120220000 +0000" stop="20221120230000 +0000" catchup-id="MmHFf2-NG7DAwLystjg04_SmrKVw8suwjc09zZFc"><title>Jukebox</title><date></date><icon src="https://m7be2.solocoo.tv/m7be2iphone/mmchan/mpimages/208x308/ys8w-JyYSqd0atSw2Ec-gg.jpg"></icon><desc></desc><category></category></programme><programme channel="O7u9KkM0xGhIgPd7SI3vCYXo-isfcKEhVe-fYkWo" start="20221120230000 +0000" stop="20221121010000 +0000" catchup-id="7TABStHXyYa04dCx8bPXzs6g-FzPd27vy0-UXkNM"><title>Herbert</title><date></date><icon src="https://m7be2.solocoo.tv/m7be2iphone/mmchan/mpimages/208x308/JdXFALd9cNnPz3iKpQF5jQ.jpg"></icon><desc></desc><category></category></programme><programme channel="O7u9KkM0xGhIgPd7SI3vCYXo-isfcKEhVe-fYkWo" start="20221121010000 +0000" stop="20221121050000 +0000" catchup-id="W30TDGuTAir9SLyb3z4_pFgUIFPvXR1kT9EW_Ce_"><title>Je kijkt naar de sterren</title><date></date><icon src="https://m7be2.solocoo.tv/m7be2iphone/mmchan/mpimages/208x308/2DXFImC9AODSlYFMd3cOAA.jpg"></icon><desc></desc><category></category></programme><programme channel="O7u9KkM0xGhIgPd7SI3vCYXo-isfcKEhVe-fYkWo" start="20221121050000 +0000" stop="20221121060000 +0000" catchup-id="VvEdK0uenvnkfhigdauKzPA95iB3dkmHeCbz-i3I"><title>Nog even soezen</title><date></date><icon src="https://m7be2.solocoo.tv/m7be2iphone/mmchan/mpimages/208x308/EP9L00Ledo0KH-bgcbZJFw.jpg"></icon><desc></desc><category></category></programme><programme channel="O7u9KkM0xGhIgPd7SI3vCYXo-isfcKEhVe-fYkWo" start="20221121060000 +0000" stop="20221121070000 +0000" catchup-id="RtDcv5Dtdpyi6IjEUVX4xqt_m2ZMdxmPtAVboTNR"><title>Goeiemorgen morgen</title><date></date><icon src="https://m7be2.solocoo.tv/m7be2iphone/mmchan/mpimages/208x308/5pGQV5NU4QRyP7gwRpjwtg.jpg"></icon><desc></desc><category></category></programme><programme channel="O7u9KkM0xGhIgPd7SI3vCYXo-isfcKEhVe-fYkWo" start="20221121070000 +0000" stop="20221121080000 +0000" catchup-id="XIy1dKrbHePcRMdx-bgh3k-YH1E6u45HoiPis1K9"><title>Al-1-maar-hits!</title><date></date><icon src="https://m7be2.solocoo.tv/m7be2iphone/mmchan/mpimages/208x308/R6lYp9QZdiAjDGhfISmPlA.jpg"></icon><desc></desc><category></category></programme><programme channel="O7u9KkM0xGhIgPd7SI3vCYXo-isfcKEhVe-fYkWo" start="20221121080000 +0000" stop="20221121090000 +0000" catchup-id="ByuwItOIAXF5vbv5pXKvs_VChev286nvOheHs3zl"><title>Een Uur Sorry Music</title><date></date><icon src="https://m7be2.solocoo.tv/m7be2iphone/mmchan/mpimages/208x308/Ogyhv6tpa37BNREUDHzSSA.jpg"></icon><desc></desc><category></category></programme><programme channel="O7u9KkM0xGhIgPd7SI3vCYXo-isfcKEhVe-fYkWo" start="20221121090000 +0000" stop="20221121110000 +0000" catchup-id="ploTbKvop_sYieRwx2pY5LWevXArpZ69tBL6-ojO"><title>Léééf !</title><date></date><icon src="https://m7be2.solocoo.tv/m7be2iphone/mmchan/mpimages/208x308/IYn4Hb5UF-hq5CT3qrLQIw.jpg"></icon><desc></desc><category></category></programme><programme channel="O7u9KkM0xGhIgPd7SI3vCYXo-isfcKEhVe-fYkWo" start="20221121110000 +0000" stop="20221121150000 +0000" catchup-id="ObQ2e53jqMPAVLsWGf_a_D_KQitMCNOukoleVs7b"><title>Al-1-maar-hits!</title><date></date><icon src="https://m7be2.solocoo.tv/m7be2iphone/mmchan/mpimages/208x308/R6lYp9QZdiAjDGhfISmPlA.jpg"></icon><desc></desc><category></category></programme><programme channel="O7u9KkM0xGhIgPd7SI3vCYXo-isfcKEhVe-fYkWo" start="20221121150000 +0000" stop="20221121180000 +0000" catchup-id="hEbch6woeF_51JyNZH2GknNXIMxmXREUGnYS8qnu"><title>Wat een Dag</title><date></date><icon src="https://m7be2.solocoo.tv/m7be2iphone/mmchan/mpimages/208x308/xkylcPBUIeRYcIwYyZqvSA.jpg"></icon><desc></desc><category></category></programme><programme channel="O7u9KkM0xGhIgPd7SI3vCYXo-isfcKEhVe-fYkWo" start="20221121180000 +0000" stop="20221121190000 +0000" catchup-id="hTGuuBjnS2zxT-8U_2DHtQNyqj6gIhsqgR-T2VwK"><title>Al-1-maar-hits!</title><date></date><icon src="https://m7be2.solocoo.tv/m7be2iphone/mmchan/mpimages/208x308/R6lYp9QZdiAjDGhfISmPlA.jpg"></icon><desc></desc><category></category></programme><programme channel="O7u9KkM0xGhIgPd7SI3vCYXo-isfcKEhVe-fYkWo" start="20221121190000 +0000" stop="20221121200000 +0000" catchup-id="FKEJwwfaqVSepYd2bv-EbIbxR4xl1RxZzN5BW6Fw"><title>Een Uur Sorry Music</title><date></date><icon src="https://m7be2.solocoo.tv/m7be2iphone/mmchan/mpimages/208x308/Ogyhv6tpa37BNREUDHzSSA.jpg"></icon><desc></desc><category></category></programme><programme channel="O7u9KkM0xGhIgPd7SI3vCYXo-isfcKEhVe-fYkWo" start="20221121200000 +0000" stop="20221121210000 +0000" catchup-id="D0Dav2J067eSwOH3F6uNUQodHgQ5fblYPa94jr9-"><title>In levende lijve</title><date></date><icon src="https://m7be2.solocoo.tv/m7be2iphone/mmchan/mpimages/208x308/fhQH2xr5xgLP6p2PKNIw2w.jpg"></icon><desc></desc><category></category></programme><programme channel="O7u9KkM0xGhIgPd7SI3vCYXo-isfcKEhVe-fYkWo" start="20221121210000 +0000" stop="20221121230000 +0000" catchup-id="ptafJae84_OgnlHbmYUfxXFiSNd-2AD82l8A4cje"><title>Al-1-maar-hits!</title><date></date><icon src="https://m7be2.solocoo.tv/m7be2iphone/mmchan/mpimages/208x308/R6lYp9QZdiAjDGhfISmPlA.jpg"></icon><desc></desc><category></category></programme><programme channel="O7u9KkM0xGhIgPd7SI3vCYXo-isfcKEhVe-fYkWo" start="20221121230000 +0000" stop="20221122050000 +0000" catchup-id="r2Va6J_TemGR1h15HPqU-0HWBUcngbfoqMFStCU1"><title>Je kijkt naar de sterren</title><date></date><icon src="https://m7be2.solocoo.tv/m7be2iphone/mmchan/mpimages/208x308/2DXFImC9AODSlYFMd3cOAA.jpg"></icon><desc></desc><category></category></programme><programme channel="O7u9KkM0xGhIgPd7SI3vCYXo-isfcKEhVe-fYkWo" start="20221122050000 +0000" stop="20221122060000 +0000" catchup-id="yY2sX-ZoRjl9oT81ct626Z0Yx2iYJo_wv6mzIlVH"><title>Nog even soezen</title><date></date><icon src="https://m7be2.solocoo.tv/m7be2iphone/mmchan/mpimages/208x308/EP9L00Ledo0KH-bgcbZJFw.jpg"></icon><desc></desc><category></category></programme><programme channel="O7u9KkM0xGhIgPd7SI3vCYXo-isfcKEhVe-fYkWo" start="20221122060000 +0000" stop="20221122070000 +0000" catchup-id="2Zk_jHRTYkk1RHQCOmR5tiRI-Cfwn3r-d7QR4i11"><title>Goeiemorgen morgen</title><date></date><icon src="https://m7be2.solocoo.tv/m7be2iphone/mmchan/mpimages/208x308/5pGQV5NU4QRyP7gwRpjwtg.jpg"></icon><desc></desc><category></category></programme><programme channel="O7u9KkM0xGhIgPd7SI3vCYXo-isfcKEhVe-fYkWo" start="20221122070000 +0000" stop="20221122080000 +0000" catchup-id="HgwIZ3QDRr1ZjmtGoEgKy_2ChhyG7VYtcd75KHz8"><title>Al-1-maar-hits!</title><date></date><icon src="https://m7be2.solocoo.tv/m7be2iphone/mmchan/mpimages/208x308/R6lYp9QZdiAjDGhfISmPlA.jpg"></icon><desc></desc><category></category></programme><programme channel="O7u9KkM0xGhIgPd7SI3vCYXo-isfcKEhVe-fYkWo" start="20221122080000 +0000" stop="20221122090000 +0000" catchup-id="AYGB6538_9PNafMbGnlrarkb7u_6ckplpcEhRv7N"><title>Een Uur Sorry Music</title><date></date><icon src="https://m7be2.solocoo.tv/m7be2iphone/mmchan/mpimages/208x308/Ogyhv6tpa37BNREUDHzSSA.jpg"></icon><desc></desc><category></category></programme><programme channel="O7u9KkM0xGhIgPd7SI3vCYXo-isfcKEhVe-fYkWo" start="20221122090000 +0000" stop="20221122110000 +0000" catchup-id="djUJ1pHeZ_laC3buoiZZwXUm4Ybe22fnqb2YT0Da"><title>Léééf !</title><date></date><icon src="https://m7be2.solocoo.tv/m7be2iphone/mmchan/mpimages/208x308/IYn4Hb5UF-hq5CT3qrLQIw.jpg"></icon><desc></desc><category></category></programme><programme channel="O7u9KkM0xGhIgPd7SI3vCYXo-isfcKEhVe-fYkWo" start="20221122110000 +0000" stop="20221122150000 +0000" catchup-id="yyF5hWexDuifXO81Qib-ms3eAnDM8gXBp11Ac7Rv"><title>Al-1-maar-hits!</title><date></date><icon src="https://m7be2.solocoo.tv/m7be2iphone/mmchan/mpimages/208x308/R6lYp9QZdiAjDGhfISmPlA.jpg"></icon><desc></desc><category></category></programme><programme channel="O7u9KkM0xGhIgPd7SI3vCYXo-isfcKEhVe-fYkWo" start="20221122150000 +0000" stop="20221122180000 +0000" catchup-id="Jx5q98knWDF7HC6eZ6HD1VR7rJuaH5DSTe2QbF8H"><title>Wat een Dag</title><date></date><icon src="https://m7be2.solocoo.tv/m7be2iphone/mmchan/mpimages/208x308/xkylcPBUIeRYcIwYyZqvSA.jpg"></icon><desc></desc><category></category></programme><programme channel="O7u9KkM0xGhIgPd7SI3vCYXo-isfcKEhVe-fYkWo" start="20221122180000 +0000" stop="20221122190000 +0000" catchup-id="R-9PZ_-6N9DiNn65CE7wSLLlB4RTLeQKn9sJh8_n"><title>Al-1-maar-hits!</title><date></date><icon src="https://m7be2.solocoo.tv/m7be2iphone/mmchan/mpimages/208x308/R6lYp9QZdiAjDGhfISmPlA.jpg"></icon><desc></desc><category></category></programme><programme channel="O7u9KkM0xGhIgPd7SI3vCYXo-isfcKEhVe-fYkWo" start="20221122190000 +0000" stop="20221122200000 +0000" catchup-id="_oxh7WsoCeSgPGLL92zNkpJC9O0MeDcsAZmKLyBC"><title>Een Uur Sorry Music</title><date></date><icon src="https://m7be2.solocoo.tv/m7be2iphone/mmchan/mpimages/208x308/Ogyhv6tpa37BNREUDHzSSA.jpg"></icon><desc></desc><category></category></programme><programme channel="O7u9KkM0xGhIgPd7SI3vCYXo-isfcKEhVe-fYkWo" start="20221122200000 +0000" stop="20221122210000 +0000" catchup-id="u832c__N4P92FdS9eM7g_bWDrR6TBm01x-kwfWUa"><title>Request</title><date></date><icon src="https://m7be2.solocoo.tv/m7be2iphone/mmchan/mpimages/208x308/bKQoyqnYdrN_uyXnc4e-ZA.jpg"></icon><desc></desc><category></category></programme><programme channel="O7u9KkM0xGhIgPd7SI3vCYXo-isfcKEhVe-fYkWo" start="20221122210000 +0000" stop="20221122230000 +0000" catchup-id="Uu_QN7sTCbiHcwJmx09jkR5RJXxvzrSgiePrx7f6"><title>Al-1-maar-hits!</title><date></date><icon src="https://m7be2.solocoo.tv/m7be2iphone/mmchan/mpimages/208x308/R6lYp9QZdiAjDGhfISmPlA.jpg"></icon><desc></desc><category></category></programme><programme channel="O7u9KkM0xGhIgPd7SI3vCYXo-isfcKEhVe-fYkWo" start="20221122230000 +0000" stop="20221123050000 +0000" catchup-id="OYzQFOiaRgBKywanbWeQLn_9tjj9EHNrZ8FwPzdb"><title>Je kijkt naar de sterren</title><date></date><icon src="https://m7be2.solocoo.tv/m7be2iphone/mmchan/mpimages/208x308/2DXFImC9AODSlYFMd3cOAA.jpg"></icon><desc></desc><category></category></programme><programme channel="O7u9KkM0xGhIgPd7SI3vCYXo-isfcKEhVe-fYkWo" start="20221123050000 +0000" stop="20221123060000 +0000" catchup-id="pE4V26VgYOs0PF1cmRqXV8hxq88BvzKO7s3ZClrC"><title>Nog even soezen</title><date></date><icon src="https://m7be2.solocoo.tv/m7be2iphone/mmchan/mpimages/208x308/EP9L00Ledo0KH-bgcbZJFw.jpg"></icon><desc></desc><category></category></programme><programme channel="O7u9KkM0xGhIgPd7SI3vCYXo-isfcKEhVe-fYkWo" start="20221123060000 +0000" stop="20221123070000 +0000" catchup-id="csOMzIfuHfYzRwQcBb6IbzF4ZXXYPo8II2mqlb60"><title>Goeiemorgen morgen</title><date></date><icon src="https://m7be2.solocoo.tv/m7be2iphone/mmchan/mpimages/208x308/5pGQV5NU4QRyP7gwRpjwtg.jpg"></icon><desc></desc><category></category></programme><programme channel="O7u9KkM0xGhIgPd7SI3vCYXo-isfcKEhVe-fYkWo" start="20221123070000 +0000" stop="20221123080000 +0000" catchup-id="oC-eqLZenj_4k9nKwx5Ri3wxqrCcK8mn9FURbe1j"><title>Al-1-maar-hits!</title><date></date><icon src="https://m7be2.solocoo.tv/m7be2iphone/mmchan/mpimages/208x308/R6lYp9QZdiAjDGhfISmPlA.jpg"></icon><desc></desc><category></category></programme><programme channel="O7u9KkM0xGhIgPd7SI3vCYXo-isfcKEhVe-fYkWo" start="20221123080000 +0000" stop="20221123090000 +0000" catchup-id="pcR9w2YyQm3qJZhg7ADEk8whr0JfpkRYG6DpiRnh"><title>Een Uur Sorry Music</title><date></date><icon src="https://m7be2.solocoo.tv/m7be2iphone/mmchan/mpimages/208x308/Ogyhv6tpa37BNREUDHzSSA.jpg"></icon><desc></desc><category></category></programme><programme channel="O7u9KkM0xGhIgPd7SI3vCYXo-isfcKEhVe-fYkWo" start="20221123090000 +0000" stop="20221123110000 +0000" catchup-id="k-mz6Vrn42dhwNrEZJhr2Wd1WuXnB5_xzDtLQz3I"><title>Léééf !</title><date></date><icon src="https://m7be2.solocoo.tv/m7be2iphone/mmchan/mpimages/208x308/IYn4Hb5UF-hq5CT3qrLQIw.jpg"></icon><desc></desc><category></category></programme><programme channel="O7u9KkM0xGhIgPd7SI3vCYXo-isfcKEhVe-fYkWo" start="20221123110000 +0000" stop="20221123150000 +0000" catchup-id="nsyO9BQTDidhnlGxyT8DLKzkmavhXHuZFtJl9Kh4"><title>Al-1-maar-hits!</title><date></date><icon src="https://m7be2.solocoo.tv/m7be2iphone/mmchan/mpimages/208x308/R6lYp9QZdiAjDGhfISmPlA.jpg"></icon><desc></desc><category></category></programme><programme channel="O7u9KkM0xGhIgPd7SI3vCYXo-isfcKEhVe-fYkWo" start="20221123150000 +0000" stop="20221123180000 +0000" catchup-id="qKg4SA7HzbPVhgMFwuIqgrP0UdWhMyFsWM0F2hMQ"><title>Wat een Dag</title><date></date><icon src="https://m7be2.solocoo.tv/m7be2iphone/mmchan/mpimages/208x308/xkylcPBUIeRYcIwYyZqvSA.jpg"></icon><desc></desc><category></category></programme><programme channel="O7u9KkM0xGhIgPd7SI3vCYXo-isfcKEhVe-fYkWo" start="20221123180000 +0000" stop="20221123190000 +0000" catchup-id="sZhMMQZGpAsmJ1AFiGlzappYVeQRMd3OCGKq9ClT"><title>Al-1-maar-hits!</title><date></date><icon src="https://m7be2.solocoo.tv/m7be2iphone/mmchan/mpimages/208x308/R6lYp9QZdiAjDGhfISmPlA.jpg"></icon><desc></desc><category></category></programme><programme channel="O7u9KkM0xGhIgPd7SI3vCYXo-isfcKEhVe-fYkWo" start="20221123190000 +0000" stop="20221123200000 +0000" catchup-id="TXeR-REpVu7vb1RqcxSG8zWU0bVvBZsutAkFW1r2"><title>Een Uur Sorry Music</title><date></date><icon src="https://m7be2.solocoo.tv/m7be2iphone/mmchan/mpimages/208x308/Ogyhv6tpa37BNREUDHzSSA.jpg"></icon><desc></desc><category></category></programme><programme channel="O7u9KkM0xGhIgPd7SI3vCYXo-isfcKEhVe-fYkWo" start="20221123200000 +0000" stop="20221123210000 +0000" catchup-id="WbZuP8FPgAtySUWxKgx2kdOD1-HFKBHvU3nfVh2Z"><title>Affiche</title><date></date><icon src="https://m7be2.solocoo.tv/m7be2iphone/mmchan/mpimages/208x308/xp8TaZrtSZtiW-BdoBUOHw.jpg"></icon><desc></desc><category></category></programme><programme channel="O7u9KkM0xGhIgPd7SI3vCYXo-isfcKEhVe-fYkWo" start="20221123210000 +0000" stop="20221123230000 +0000" catchup-id="fFX8QDv3bs03eoJuhKMhrqHcIUWjQpXmaBWvr-NK"><title>Al-1-maar-hits!</title><date></date><icon src="https://m7be2.solocoo.tv/m7be2iphone/mmchan/mpimages/208x308/R6lYp9QZdiAjDGhfISmPlA.jpg"></icon><desc></desc><category></category></programme><programme channel="O7u9KkM0xGhIgPd7SI3vCYXo-isfcKEhVe-fYkWo" start="20221123230000 +0000" stop="20221124050000 +0000" catchup-id="HqFBO-JtrvMMn8eQ6pQgqRvuIyaEgfy4dcVfFar9"><title>Je kijkt naar de sterren</title><date></date><icon src="https://m7be2.solocoo.tv/m7be2iphone/mmchan/mpimages/208x308/2DXFImC9AODSlYFMd3cOAA.jpg"></icon><desc></desc><category></category></programme><programme channel="O7u9KkM0xGhIgPd7SI3vCYXo-isfcKEhVe-fYkWo" start="20221124050000 +0000" stop="20221124060000 +0000" catchup-id="DFYYLuFXPTn-wUkqtdlHef1uzYPpSeqepUbtzg2Z"><title>Nog even soezen</title><date></date><icon src="https://m7be2.solocoo.tv/m7be2iphone/mmchan/mpimages/208x308/EP9L00Ledo0KH-bgcbZJFw.jpg"></icon><desc></desc><category></category></programme><programme channel="O7u9KkM0xGhIgPd7SI3vCYXo-isfcKEhVe-fYkWo" start="20221124060000 +0000" stop="20221124070000 +0000" catchup-id="kweXs1rlJDGaxOPXhJw8sCfuUyfHBuTMjFS-hSb2"><title>Goeiemorgen morgen</title><date></date><icon src="https://m7be2.solocoo.tv/m7be2iphone/mmchan/mpimages/208x308/5pGQV5NU4QRyP7gwRpjwtg.jpg"></icon><desc></desc><category></category></programme><programme channel="O7u9KkM0xGhIgPd7SI3vCYXo-isfcKEhVe-fYkWo" start="20221124070000 +0000" stop="20221124080000 +0000" catchup-id="q16t4tJQ4I-D9Tl3f3AP_DcB7bDqSm1Qtowb-cXI"><title>Al-1-maar-hits!</title><date></date><icon src="https://m7be2.solocoo.tv/m7be2iphone/mmchan/mpimages/208x308/R6lYp9QZdiAjDGhfISmPlA.jpg"></icon><desc></desc><category></category></programme><programme channel="O7u9KkM0xGhIgPd7SI3vCYXo-isfcKEhVe-fYkWo" start="20221124080000 +0000" stop="20221124090000 +0000" catchup-id="MdLKiOAVcJ24NSK20hVGZ8-Su9wlqvDPZNri5x0o"><title>Een Uur Sorry Music</title><date></date><icon src="https://m7be2.solocoo.tv/m7be2iphone/mmchan/mpimages/208x308/Ogyhv6tpa37BNREUDHzSSA.jpg"></icon><desc></desc><category></category></programme><programme channel="O7u9KkM0xGhIgPd7SI3vCYXo-isfcKEhVe-fYkWo" start="20221124090000 +0000" stop="20221124110000 +0000" catchup-id="nPCQILNT-zHPeBzQFl_HWtHcyXZfp4Wg7bQeWCj7"><title>Léééf !</title><date></date><icon src="https://m7be2.solocoo.tv/m7be2iphone/mmchan/mpimages/208x308/IYn4Hb5UF-hq5CT3qrLQIw.jpg"></icon><desc></desc><category></category></programme><programme channel="O7u9KkM0xGhIgPd7SI3vCYXo-isfcKEhVe-fYkWo" start="20221124110000 +0000" stop="20221124150000 +0000" catchup-id="y33548KXYyjZrUl3eTG9vdbgnKVBOl9OhzQoWWv6"><title>Al-1-maar-hits!</title><date></date><icon src="https://m7be2.solocoo.tv/m7be2iphone/mmchan/mpimages/208x308/R6lYp9QZdiAjDGhfISmPlA.jpg"></icon><desc></desc><category></category></programme><programme channel="O7u9KkM0xGhIgPd7SI3vCYXo-isfcKEhVe-fYkWo" start="20221124150000 +0000" stop="20221124180000 +0000" catchup-id="B9N4HGX9L2-zf-0ykBILMkCeKDSeWBUAOdl00Ain"><title>Wat een Dag</title><date></date><icon src="https://m7be2.solocoo.tv/m7be2iphone/mmchan/mpimages/208x308/xkylcPBUIeRYcIwYyZqvSA.jpg"></icon><desc></desc><category></category></programme><programme channel="O7u9KkM0xGhIgPd7SI3vCYXo-isfcKEhVe-fYkWo" start="20221124180000 +0000" stop="20221124190000 +0000" catchup-id="QzzpeQUVm6q9pGAgkjDMubRIt48aIXV1dH2j7SJQ"><title>Al-1-maar-hits!</title><date></date><icon src="https://m7be2.solocoo.tv/m7be2iphone/mmchan/mpimages/208x308/R6lYp9QZdiAjDGhfISmPlA.jpg"></icon><desc></desc><category></category></programme><programme channel="O7u9KkM0xGhIgPd7SI3vCYXo-isfcKEhVe-fYkWo" start="20221124190000 +0000" stop="20221124200000 +0000" catchup-id="RzPh2hsflMo8wOSUArGX35EoqwBuE1DbL0ZtF4zj"><title>Een Uur Sorry Music</title><date></date><icon src="https://m7be2.solocoo.tv/m7be2iphone/mmchan/mpimages/208x308/Ogyhv6tpa37BNREUDHzSSA.jpg"></icon><desc></desc><category></category></programme><programme channel="O7u9KkM0xGhIgPd7SI3vCYXo-isfcKEhVe-fYkWo" start="20221124200000 +0000" stop="20221124210000 +0000" catchup-id="z4prEAJrUjf-W9XGpWs4atsImBqwaQx9_E3N7Xza"><title>Eenzame Hartenbureau</title><date></date><icon src="https://m7be2.solocoo.tv/m7be2iphone/mmchan/mpimages/208x308/ys8w-JyYSqd0atSw2Ec-gg.jpg"></icon><desc></desc><category></category></programme><programme channel="O7u9KkM0xGhIgPd7SI3vCYXo-isfcKEhVe-fYkWo" start="20221124210000 +0000" stop="20221124220000 +0000" catchup-id="ZppSFnL_oFdFZc-Hm33YmUDigK-j8F90Km-iDQxn"><title>Trendsetters In Bed Met</title><date></date><icon src="https://m7be2.solocoo.tv/m7be2iphone/mmchan/mpimages/208x308/ys8w-JyYSqd0atSw2Ec-gg.jpg"></icon><desc></desc><category></category></programme><programme channel="O7u9KkM0xGhIgPd7SI3vCYXo-isfcKEhVe-fYkWo" start="20221124220000 +0000" stop="20221124230000 +0000" catchup-id="GnBu2bWxuo3Q5LyqGQK-8hK3lCpH7ABNbVXzhA8a"><title>Al-1-maar-hits!</title><date></date><icon src="https://m7be2.solocoo.tv/m7be2iphone/mmchan/mpimages/208x308/R6lYp9QZdiAjDGhfISmPlA.jpg"></icon><desc></desc><category></category></programme><programme channel="O7u9KkM0xGhIgPd7SI3vCYXo-isfcKEhVe-fYkWo" start="20221124230000 +0000" stop="20221125050000 +0000" catchup-id="4R46Cjc_X7Y9lfW9estrry5y3bUuIRybz8COpE-7"><title>Je kijkt naar de sterren</title><date></date><icon src="https://m7be2.solocoo.tv/m7be2iphone/mmchan/mpimages/208x308/2DXFImC9AODSlYFMd3cOAA.jpg"></icon><desc></desc><category></category></programme><programme channel="O7u9KkM0xGhIgPd7SI3vCYXo-isfcKEhVe-fYkWo" start="20221125050000 +0000" stop="20221125060000 +0000" catchup-id="cNLigbvgSElslgERiEtO2xcFad28BlGNbjmNs9l1"><title>Nog even soezen</title><date></date><icon src="https://m7be2.solocoo.tv/m7be2iphone/mmchan/mpimages/208x308/EP9L00Ledo0KH-bgcbZJFw.jpg"></icon><desc></desc><category></category></programme><programme channel="O7u9KkM0xGhIgPd7SI3vCYXo-isfcKEhVe-fYkWo" start="20221125060000 +0000" stop="20221125070000 +0000" catchup-id="ZX0YJdfft-4L2A_FM6yXMTDeff-bFsR-YZ7IzIUz"><title>Goeiemorgen morgen</title><date></date><icon src="https://m7be2.solocoo.tv/m7be2iphone/mmchan/mpimages/208x308/5pGQV5NU4QRyP7gwRpjwtg.jpg"></icon><desc></desc><category></category></programme><programme channel="O7u9KkM0xGhIgPd7SI3vCYXo-isfcKEhVe-fYkWo" start="20221125070000 +0000" stop="20221125080000 +0000" catchup-id="l5A-1u6eS99Y3Ir8awpEbNq9Xv5SlCE-LWfU5f02"><title>Al-1-maar-hits!</title><date></date><icon src="https://m7be2.solocoo.tv/m7be2iphone/mmchan/mpimages/208x308/R6lYp9QZdiAjDGhfISmPlA.jpg"></icon><desc></desc><category></category></programme><programme channel="O7u9KkM0xGhIgPd7SI3vCYXo-isfcKEhVe-fYkWo" start="20221125080000 +0000" stop="20221125090000 +0000" catchup-id="0OZvyUH5KkkWjazRQTWiQqXdeps3lvH_cQydDWEu"><title>Een Uur Sorry Music</title><date></date><icon src="https://m7be2.solocoo.tv/m7be2iphone/mmchan/mpimages/208x308/Ogyhv6tpa37BNREUDHzSSA.jpg"></icon><desc></desc><category></category></programme><programme channel="O7u9KkM0xGhIgPd7SI3vCYXo-isfcKEhVe-fYkWo" start="20221125090000 +0000" stop="20221125170000 +0000" catchup-id="SdUudmGIJRhXT1V4C4kjFdTse_yaI_7eIgr0Ni_H"><title>Vrolijke Vrijdag</title><date></date><icon src="https://m7be2.solocoo.tv/m7be2iphone/mmchan/mpimages/208x308/ys8w-JyYSqd0atSw2Ec-gg.jpg"></icon><desc></desc><category></category></programme><programme channel="O7u9KkM0xGhIgPd7SI3vCYXo-isfcKEhVe-fYkWo" start="20221125170000 +0000" stop="20221125180000 +0000" catchup-id="rYik2tlGPOGms5cnJBdmDuQlKh2K9lnDecOTk3p4"><title>Al-1-maar-hits!</title><date></date><icon src="https://m7be2.solocoo.tv/m7be2iphone/mmchan/mpimages/208x308/R6lYp9QZdiAjDGhfISmPlA.jpg"></icon><desc></desc><category></category></programme><programme channel="O7u9KkM0xGhIgPd7SI3vCYXo-isfcKEhVe-fYkWo" start="20221125180000 +0000" stop="20221125200000 +0000" catchup-id="9FpD0jBeAja7goCWh-gm8xvctPGiFXnzunjre6mW"><title>Waar is dat feestje?</title><date></date><icon src="https://m7be2.solocoo.tv/m7be2iphone/mmchan/mpimages/208x308/TTI_2curYBKlEs6NhdDZrg.jpg"></icon><desc></desc><category></category></programme><programme channel="O7u9KkM0xGhIgPd7SI3vCYXo-isfcKEhVe-fYkWo" start="20221125200000 +0000" stop="20221125210000 +0000" catchup-id="Q_IabA_hX6CA4QJQ5HCL7pLE9huw9sN3dpbrcml_"><title>Al-1-maar-hits!</title><date></date><icon src="https://m7be2.solocoo.tv/m7be2iphone/mmchan/mpimages/208x308/R6lYp9QZdiAjDGhfISmPlA.jpg"></icon><desc></desc><category></category></programme><programme channel="O7u9KkM0xGhIgPd7SI3vCYXo-isfcKEhVe-fYkWo" start="20221125210000 +0000" stop="20221125220000 +0000" catchup-id="9P_mdzMpQ2_DpeFrc5nnKnwpwqHg8iwmeJXN_H2H"><title>Een Uur Sorry Music</title><date></date><icon src="https://m7be2.solocoo.tv/m7be2iphone/mmchan/mpimages/208x308/Ogyhv6tpa37BNREUDHzSSA.jpg"></icon><desc></desc><category></category></programme><programme channel="O7u9KkM0xGhIgPd7SI3vCYXo-isfcKEhVe-fYkWo" start="20221125220000 +0000" stop="20221125230000 +0000" catchup-id="_MgdHUvmh_2dTRcYkq9So37x5jNdX-OgnPO-shMH"><title>Al-1-maar-hits!</title><date></date><icon src="https://m7be2.solocoo.tv/m7be2iphone/mmchan/mpimages/208x308/R6lYp9QZdiAjDGhfISmPlA.jpg"></icon><desc></desc><category></category></programme><programme channel="O7u9KkM0xGhIgPd7SI3vCYXo-isfcKEhVe-fYkWo" start="20221125230000 +0000" stop="20221126000000 +0000" catchup-id="M66wxtKSM431T58XmpkORNfIbqK_O0jTYJmDvzWy"><title>Je kijkt naar de sterren</title><date></date><icon src="https://m7be2.solocoo.tv/m7be2iphone/mmchan/mpimages/208x308/2DXFImC9AODSlYFMd3cOAA.jpg"></icon><desc></desc><category></category></programme><programme channel="O7u9KkM0xGhIgPd7SI3vCYXo-isfcKEhVe-fYkWo" start="20221126000000 +0000" stop="20221126010000 +0000" catchup-id="8BAxuJK5US-Xs8TWMi6TNHo_TqSNSRZKqujX77yg"><title>Eenzame Hartenbureau</title><date></date><icon src="https://m7be2.solocoo.tv/m7be2iphone/mmchan/mpimages/208x308/ys8w-JyYSqd0atSw2Ec-gg.jpg"></icon><desc></desc><category></category></programme><programme channel="O7u9KkM0xGhIgPd7SI3vCYXo-isfcKEhVe-fYkWo" start="20221126010000 +0000" stop="20221126050000 +0000" catchup-id="s-xs2rUcPhcPSTkQeiodtNnj8Ln5tO4xMnBUducW"><title>Je kijkt naar de sterren</title><date></date><icon src="https://m7be2.solocoo.tv/m7be2iphone/mmchan/mpimages/208x308/2DXFImC9AODSlYFMd3cOAA.jpg"></icon><desc></desc><category></category></programme><programme channel="O7u9KkM0xGhIgPd7SI3vCYXo-isfcKEhVe-fYkWo" start="20221126050000 +0000" stop="20221126060000 +0000" catchup-id="cormGkh_oxrEIYt9aARhNkMaSL_TEAz1z4OKXxE8"><title>Nog even soezen</title><date></date><icon src="https://m7be2.solocoo.tv/m7be2iphone/mmchan/mpimages/260x145/EP9L00Ledo0KH-bgcbZJFw.jpg"></icon><desc></desc><category></category></programme><programme channel="O7u9KkM0xGhIgPd7SI3vCYXo-isfcKEhVe-fYkWo" start="20221126060000 +0000" stop="20221126070000 +0000" catchup-id="Or0LkBgmPAuSroCSmLHRM0vV1wppWl7vzbACcfnM"><title>Goeiemorgen weekend</title><date></date><icon src="https://m7be2.solocoo.tv/m7be2iphone/mmchan/mpimages/260x145/I8-mDdGw4NLvo3SCGwX7Ww.jpg"></icon><desc></desc><category></category></programme><programme channel="O7u9KkM0xGhIgPd7SI3vCYXo-isfcKEhVe-fYkWo" start="20221126070000 +0000" stop="20221126080000 +0000" catchup-id="oD6VQ1twRcBZVjeZKQtcGPTtSYq6t25p5iqQ6nU9"><title>Al-1-maar-hits!</title><date></date><icon src="https://m7be2.solocoo.tv/m7be2iphone/mmchan/mpimages/260x145/R6lYp9QZdiAjDGhfISmPlA.jpg"></icon><desc></desc><category></category></programme><programme channel="O7u9KkM0xGhIgPd7SI3vCYXo-isfcKEhVe-fYkWo" start="20221126080000 +0000" stop="20221126090000 +0000" catchup-id="J2gyC8RUuXohrbiieviuV2HsUmRjyIPcP6TKpog4"><title>Een Uur Sorry Music</title><date></date><icon src="https://m7be2.solocoo.tv/m7be2iphone/mmchan/mpimages/260x145/Ogyhv6tpa37BNREUDHzSSA.jpg"></icon><desc></desc><category></category></programme><programme channel="O7u9KkM0xGhIgPd7SI3vCYXo-isfcKEhVe-fYkWo" start="20221126090000 +0000" stop="20221126100000 +0000" catchup-id="2Yea06KPs4wtqeSI2Zig4WTIot9Jhx0SJjhNv96v"><title>Hadiemicha</title><date></date><icon src="https://m7be2.solocoo.tv/m7be2iphone/mmchan/mpimages/260x145/IWgcxHscNEuHyAfBOOvrZg.jpg"></icon><desc></desc><category></category></programme><programme channel="O7u9KkM0xGhIgPd7SI3vCYXo-isfcKEhVe-fYkWo" start="20221126100000 +0000" stop="20221126110000 +0000" catchup-id="pn97EGE64i5hf7MxD4xxqVdekc_XX8hUjr3pQtsQ"><title>Al-1-maar-hits!</title><date></date><icon src="https://m7be2.solocoo.tv/m7be2iphone/mmchan/mpimages/260x145/R6lYp9QZdiAjDGhfISmPlA.jpg"></icon><desc></desc><category></category></programme><programme channel="O7u9KkM0xGhIgPd7SI3vCYXo-isfcKEhVe-fYkWo" start="20221126110000 +0000" stop="20221126120000 +0000" catchup-id="WYtwtW47r964N7tNrecEluwJWux2W3p0epxK9Sgu"><title>Request</title><date></date><icon src="https://m7be2.solocoo.tv/m7be2iphone/mmchan/mpimages/260x145/bKQoyqnYdrN_uyXnc4e-ZA.jpg"></icon><desc></desc><category></category></programme><programme channel="O7u9KkM0xGhIgPd7SI3vCYXo-isfcKEhVe-fYkWo" start="20221126120000 +0000" stop="20221126130000 +0000" catchup-id="q32m55v4xYAOGHBXoFpfTvBLHzTTzzgBKTou0fyu"><title>Al-1-maar-hits!</title><date></date><icon src="https://m7be2.solocoo.tv/m7be2iphone/mmchan/mpimages/260x145/R6lYp9QZdiAjDGhfISmPlA.jpg"></icon><desc></desc><category></category></programme><programme channel="O7u9KkM0xGhIgPd7SI3vCYXo-isfcKEhVe-fYkWo" start="20221126130000 +0000" stop="20221126133000 +0000" catchup-id="b0KUxBFbsQMl61va1ihnyj4p4fVnswTj_2J8h07o"><title>Hart voor muziek</title><date></date><icon src="https://m7be2.solocoo.tv/m7be2iphone/mmchan/mpimages/260x145/fMJD2fMENxRkjLOf51ZYAg.jpg"></icon><desc></desc><category></category></programme><programme channel="O7u9KkM0xGhIgPd7SI3vCYXo-isfcKEhVe-fYkWo" start="20221126133000 +0000" stop="20221126140000 +0000" catchup-id="Muc18mKAOLU4s3meQpYzz7qUh3oX5Fm_LBBdz_cT"><title>Al-1-maar-hits!</title><date></date><icon src="https://m7be2.solocoo.tv/m7be2iphone/mmchan/mpimages/260x145/R6lYp9QZdiAjDGhfISmPlA.jpg"></icon><desc></desc><category></category></programme><programme channel="O7u9KkM0xGhIgPd7SI3vCYXo-isfcKEhVe-fYkWo" start="20221126140000 +0000" stop="20221126150000 +0000" catchup-id="bkXQLevybxw-OnAn3jrQ8WuSP3G3GO4EwhqGNLGc"><title>Nieuwelingen</title><date></date><icon src="https://m7be2.solocoo.tv/m7be2iphone/mmchan/mpimages/260x145/0mGuZe1UZESV2q5dL4T5pw.jpg"></icon><desc></desc><category></category></programme><programme channel="O7u9KkM0xGhIgPd7SI3vCYXo-isfcKEhVe-fYkWo" start="20221126150000 +0000" stop="20221126180000 +0000" catchup-id="StPiUnIXk8nM1bHEccengE59AXT9VJnkTTjt--dl"><title>De Vlaamse 40</title><date></date><icon src="https://m7be2.solocoo.tv/m7be2iphone/mmchan/mpimages/260x145/kVgQ04fpuO-YroBPQKnJOA.jpg"></icon><desc></desc><category></category></programme><programme channel="O7u9KkM0xGhIgPd7SI3vCYXo-isfcKEhVe-fYkWo" start="20221126180000 +0000" stop="20221126190000 +0000" catchup-id="v9ol3EzYw1sfZmLUgHTKntRd-JMC1zKxMV9e4yjY"><title>Waar is dat feestje?</title><date></date><icon src="https://m7be2.solocoo.tv/m7be2iphone/mmchan/mpimages/260x145/TTI_2curYBKlEs6NhdDZrg.jpg"></icon><desc></desc><category></category></programme><programme channel="O7u9KkM0xGhIgPd7SI3vCYXo-isfcKEhVe-fYkWo" start="20221126190000 +0000" stop="20221126200000 +0000" catchup-id="X-Ld2OITaDT9Q-lobW1CK1Grjht1FLo8QugsQiR5"><title>Trendsetters In Bed Met</title><date></date><icon src="https://m7be2.solocoo.tv/m7be2iphone/mmchan/mpimages/260x145/ys8w-JyYSqd0atSw2Ec-gg.jpg"></icon><desc></desc><category></category></programme><programme channel="O7u9KkM0xGhIgPd7SI3vCYXo-isfcKEhVe-fYkWo" start="20221126200000 +0000" stop="20221126210000 +0000" catchup-id="htJXv6adsPN9rB-5kGyOVJCO9hNauOv1joRLIJ0a"><title>Al-1-maar-hits!</title><date></date><icon src="https://m7be2.solocoo.tv/m7be2iphone/mmchan/mpimages/260x145/R6lYp9QZdiAjDGhfISmPlA.jpg"></icon><desc></desc><category></category></programme><programme channel="O7u9KkM0xGhIgPd7SI3vCYXo-isfcKEhVe-fYkWo" start="20221126210000 +0000" stop="20221126220000 +0000" catchup-id="svdXZRvv1OuRKHQKdsbL-AndBqSQ7nsCpR98G3Nv"><title>Een Uur Sorry Music</title><date></date><icon src="https://m7be2.solocoo.tv/m7be2iphone/mmchan/mpimages/260x145/Ogyhv6tpa37BNREUDHzSSA.jpg"></icon><desc></desc><category></category></programme><programme channel="O7u9KkM0xGhIgPd7SI3vCYXo-isfcKEhVe-fYkWo" start="20221126220000 +0000" stop="20221126230000 +0000" catchup-id="hBxRlMUIbLzlokQ9F9Evm6Nr0lo91gU1Z3nFn9im"><title>Al-1-maar-hits!</title><date></date><icon src="https://m7be2.solocoo.tv/m7be2iphone/mmchan/mpimages/260x145/R6lYp9QZdiAjDGhfISmPlA.jpg"></icon><desc></desc><category></category></programme><programme channel="O7u9KkM0xGhIgPd7SI3vCYXo-isfcKEhVe-fYkWo" start="20221126230000 +0000" stop="20221127050000 +0000" catchup-id="gjwfAGt3cih9p0-3porJivfHMguG7NOrlNDdf890"><title>Je kijkt naar de sterren</title><date></date><icon src="https://m7be2.solocoo.tv/m7be2iphone/mmchan/mpimages/260x145/2DXFImC9AODSlYFMd3cOAA.jpg"></icon><desc></desc><category></category></programme><programme channel="O7u9KkM0xGhIgPd7SI3vCYXo-isfcKEhVe-fYkWo" start="20221127050000 +0000" stop="20221127070000 +0000" catchup-id="qqvaUn4NbT1SpV3IwOukWpAwcZ6kzGlBGVJ13n_s"><title>Nog even soezen</title><date></date><icon src="https://m7be2.solocoo.tv/m7be2iphone/mmchan/mpimages/260x145/EP9L00Ledo0KH-bgcbZJFw.jpg"></icon><desc></desc><category></category></programme><programme channel="O7u9KkM0xGhIgPd7SI3vCYXo-isfcKEhVe-fYkWo" start="20221127070000 +0000" stop="20221127080000 +0000" catchup-id="PuL5GfGttUp44-6B-F9kM7M8vY5bLkfYdcroRReS"><title>Goeiemorgen weekend</title><date></date><icon src="https://m7be2.solocoo.tv/m7be2iphone/mmchan/mpimages/260x145/I8-mDdGw4NLvo3SCGwX7Ww.jpg"></icon><desc></desc><category></category></programme><programme channel="O7u9KkM0xGhIgPd7SI3vCYXo-isfcKEhVe-fYkWo" start="20221127080000 +0000" stop="20221127090000 +0000" catchup-id="bpXdfZGm_pGo3QI84dul4F_JPLJoyOTs_4b_ZVtc"><title>Duits Schlagerfestival</title><date></date><icon src="https://m7be2.solocoo.tv/m7be2iphone/mmchan/mpimages/260x145/JIEOAQuDrxjty9RmsO6gJg.jpg"></icon><desc></desc><category></category></programme><programme channel="O7u9KkM0xGhIgPd7SI3vCYXo-isfcKEhVe-fYkWo" start="20221127090000 +0000" stop="20221127110000 +0000" catchup-id="A48yYcmnZH0uQEJrITFAr0sPLNvbLYrbfrt8wRtE"><title>Herbert</title><date></date><icon src="https://m7be2.solocoo.tv/m7be2iphone/mmchan/mpimages/260x145/JdXFALd9cNnPz3iKpQF5jQ.jpg"></icon><desc></desc><category></category></programme><programme channel="O7u9KkM0xGhIgPd7SI3vCYXo-isfcKEhVe-fYkWo" start="20221127110000 +0000" stop="20221127115000 +0000" catchup-id="OBHhEGfCrmn-F1x954o7zWDVF_Sc0I5If6BoTgBC"><title>De Vlaamse Top 10 non stop</title><date></date><icon src="https://m7be2.solocoo.tv/m7be2iphone/mmchan/mpimages/260x145/Dumhjcy-_lL9DFeZZrmvUw.jpg"></icon><desc></desc><category></category></programme><programme channel="O7u9KkM0xGhIgPd7SI3vCYXo-isfcKEhVe-fYkWo" start="20221127115000 +0000" stop="20221127130000 +0000" catchup-id="Nh-Gw6TT1BrdGGvkiI-tlzA3_bBu0FjgOAs5TbkD"><title>Al-1-maar-hits!</title><date></date><icon src="https://m7be2.solocoo.tv/m7be2iphone/mmchan/mpimages/260x145/R6lYp9QZdiAjDGhfISmPlA.jpg"></icon><desc></desc><category></category></programme><programme channel="O7u9KkM0xGhIgPd7SI3vCYXo-isfcKEhVe-fYkWo" start="20221127130000 +0000" stop="20221127140000 +0000" catchup-id="vVjyLtU8If30uFNrDN-87RTuJy_SMlG_ueZhjJeC"><title>Affiche</title><date></date><icon src="https://m7be2.solocoo.tv/m7be2iphone/mmchan/mpimages/260x145/xp8TaZrtSZtiW-BdoBUOHw.jpg"></icon><desc></desc><category></category></programme><programme channel="O7u9KkM0xGhIgPd7SI3vCYXo-isfcKEhVe-fYkWo" start="20221127140000 +0000" stop="20221127150000 +0000" catchup-id="uE4iJ-zCnP53eMr2dYa6q96SuWv7NOwDxbIBOOtZ"><title>Al-1-maar-hits!</title><date></date><icon src="https://m7be2.solocoo.tv/m7be2iphone/mmchan/mpimages/260x145/R6lYp9QZdiAjDGhfISmPlA.jpg"></icon><desc></desc><category></category></programme><programme channel="O7u9KkM0xGhIgPd7SI3vCYXo-isfcKEhVe-fYkWo" start="20221127150000 +0000" stop="20221127160000 +0000" catchup-id="xJXQfrhkJtGF-hPsihiXYwTd3Jp3G8tKTkWayu8s"><title>Trendsetters In Bed Met</title><date></date><icon src="https://m7be2.solocoo.tv/m7be2iphone/mmchan/mpimages/260x145/ys8w-JyYSqd0atSw2Ec-gg.jpg"></icon><desc></desc><category></category></programme><programme channel="O7u9KkM0xGhIgPd7SI3vCYXo-isfcKEhVe-fYkWo" start="20221127160000 +0000" stop="20221127200000 +0000" catchup-id="8VAw98rgFFeOglq2itu6dptTYhFCuTUBbuk4PCub"><title>Al-1-maar-hits!</title><date></date><icon src="https://m7be2.solocoo.tv/m7be2iphone/mmchan/mpimages/260x145/R6lYp9QZdiAjDGhfISmPlA.jpg"></icon><desc></desc><category></category></programme><programme channel="O7u9KkM0xGhIgPd7SI3vCYXo-isfcKEhVe-fYkWo" start="20221127200000 +0000" stop="20221127210000 +0000" catchup-id="VgnFttj6Qq9WMncObwTbyQQt9eAm9r7Y7NaWWeFg"><title>Hadiemicha</title><date></date><icon src="https://m7be2.solocoo.tv/m7be2iphone/mmchan/mpimages/260x145/IWgcxHscNEuHyAfBOOvrZg.jpg"></icon><desc></desc><category></category></programme><programme channel="O7u9KkM0xGhIgPd7SI3vCYXo-isfcKEhVe-fYkWo" start="20221127210000 +0000" stop="20221127220000 +0000" catchup-id="4BUFYh_Wucf7IZhXnZcFgS3HS8fJHSQXXKFr2roP"><title>Eenzame Hartenbureau</title><date></date><icon src="https://m7be2.solocoo.tv/m7be2iphone/mmchan/mpimages/260x145/ys8w-JyYSqd0atSw2Ec-gg.jpg"></icon><desc></desc><category></category></programme><programme channel="O7u9KkM0xGhIgPd7SI3vCYXo-isfcKEhVe-fYkWo" start="20221127220000 +0000" stop="20221127230000 +0000" catchup-id="oyQh7AOeouHbgqXOOwwDF6R-JUxHAJh2e68DfejH"><title>Jukebox</title><date></date><icon src="https://m7be2.solocoo.tv/m7be2iphone/mmchan/mpimages/260x145/ys8w-JyYSqd0atSw2Ec-gg.jpg"></icon><desc></desc><category></category></programme><programme channel="O7u9KkM0xGhIgPd7SI3vCYXo-isfcKEhVe-fYkWo" start="20221127230000 +0000" stop="20221128010000 +0000" catchup-id="_uJHHsnouyOb4JXPQ_2e8n-yotVZ2ZAJDRT1gM4a"><title>Herbert</title><date></date><icon src="https://m7be2.solocoo.tv/m7be2iphone/mmchan/mpimages/260x145/JdXFALd9cNnPz3iKpQF5jQ.jpg"></icon><desc></desc><category></category></programme><programme channel="O7u9KkM0xGhIgPd7SI3vCYXo-isfcKEhVe-fYkWo" start="20221128010000 +0000" stop="20221128050000 +0000" catchup-id="9iWKULn14-LeD2nM1QfZVGESGQC8FrV9tipOOUBy"><title>Je kijkt naar de sterren</title><date></date><icon src="https://m7be2.solocoo.tv/m7be2iphone/mmchan/mpimages/260x145/2DXFImC9AODSlYFMd3cOAA.jpg"></icon><desc></desc><category></category></programme><programme channel="O7u9KkM0xGhIgPd7SI3vCYXo-isfcKEhVe-fYkWo" start="20221128050000 +0000" stop="20221128060000 +0000" catchup-id="zjPqsA_xCxdiaW11tUGsp7haCKu9KURFSR89QzBA"><title>Nog even soezen</title><date></date><icon src="https://m7be2.solocoo.tv/m7be2iphone/mmchan/mpimages/260x145/EP9L00Ledo0KH-bgcbZJFw.jpg"></icon><desc></desc><category></category></programme><programme channel="O7u9KkM0xGhIgPd7SI3vCYXo-isfcKEhVe-fYkWo" start="20221128060000 +0000" stop="20221128070000 +0000" catchup-id="8ytOGhsNdATojc8nqJdainj6XLg2hccBdWzi_gNb"><title>Goeiemorgen morgen</title><date></date><icon src="https://m7be2.solocoo.tv/m7be2iphone/mmchan/mpimages/260x145/5pGQV5NU4QRyP7gwRpjwtg.jpg"></icon><desc></desc><category></category></programme><programme channel="O7u9KkM0xGhIgPd7SI3vCYXo-isfcKEhVe-fYkWo" start="20221128070000 +0000" stop="20221128080000 +0000" catchup-id="NXJeW9zZD2LaijXXK77dDC9P7L8y-Gu0dzPk-x_7"><title>Al-1-maar-hits!</title><date></date><icon src="https://m7be2.solocoo.tv/m7be2iphone/mmchan/mpimages/260x145/R6lYp9QZdiAjDGhfISmPlA.jpg"></icon><desc></desc><category></category></programme><programme channel="O7u9KkM0xGhIgPd7SI3vCYXo-isfcKEhVe-fYkWo" start="20221128080000 +0000" stop="20221128090000 +0000" catchup-id="QxMt0pUIwvp-4xmI5g1mLBXD4MGXLgZd0kjDhPeP"><title>Een Uur Sorry Music</title><date></date><icon src="https://m7be2.solocoo.tv/m7be2iphone/mmchan/mpimages/260x145/Ogyhv6tpa37BNREUDHzSSA.jpg"></icon><desc></desc><category></category></programme><programme channel="O7u9KkM0xGhIgPd7SI3vCYXo-isfcKEhVe-fYkWo" start="20221128090000 +0000" stop="20221128110000 +0000" catchup-id="xryoFhPjm9ROA8ZhlXkrtQWfs1jjFHQdwsH_-l8L"><title>Léééf !</title><date></date><icon src="https://m7be2.solocoo.tv/m7be2iphone/mmchan/mpimages/260x145/IYn4Hb5UF-hq5CT3qrLQIw.jpg"></icon><desc></desc><category></category></programme><programme channel="O7u9KkM0xGhIgPd7SI3vCYXo-isfcKEhVe-fYkWo" start="20221128110000 +0000" stop="20221128150000 +0000" catchup-id="DV9iOfpY4_2toVvp2NDHgBH-Yzc3b6khdKJF9_H_"><title>Al-1-maar-hits!</title><date></date><icon src="https://m7be2.solocoo.tv/m7be2iphone/mmchan/mpimages/260x145/R6lYp9QZdiAjDGhfISmPlA.jpg"></icon><desc></desc><category></category></programme><programme channel="O7u9KkM0xGhIgPd7SI3vCYXo-isfcKEhVe-fYkWo" start="20221128150000 +0000" stop="20221128180000 +0000" catchup-id="gQR2p6YZyXYIi3JvR3cUbdmjZ4CsYXNlMa60XRxV"><title>Wat een Dag</title><date></date><icon src="https://m7be2.solocoo.tv/m7be2iphone/mmchan/mpimages/260x145/xkylcPBUIeRYcIwYyZqvSA.jpg"></icon><desc></desc><category></category></programme><programme channel="O7u9KkM0xGhIgPd7SI3vCYXo-isfcKEhVe-fYkWo" start="20221128180000 +0000" stop="20221128190000 +0000" catchup-id="m2p71sJI0gMdwlxBMgaMbh7mrxcotWNm_cS5cUHu"><title>Al-1-maar-hits!</title><date></date><icon src="https://m7be2.solocoo.tv/m7be2iphone/mmchan/mpimages/260x145/R6lYp9QZdiAjDGhfISmPlA.jpg"></icon><desc></desc><category></category></programme><programme channel="O7u9KkM0xGhIgPd7SI3vCYXo-isfcKEhVe-fYkWo" start="20221128190000 +0000" stop="20221128200000 +0000" catchup-id="55jlM1TD-IL9_4ELJ0_-ERvsykcp7jFoicxUa4_e"><title>Een Uur Sorry Music</title><date></date><icon src="https://m7be2.solocoo.tv/m7be2iphone/mmchan/mpimages/260x145/Ogyhv6tpa37BNREUDHzSSA.jpg"></icon><desc></desc><category></category></programme><programme channel="O7u9KkM0xGhIgPd7SI3vCYXo-isfcKEhVe-fYkWo" start="20221128200000 +0000" stop="20221128210000 +0000" catchup-id="Vb9zeEkQrNP7FKkc49aOEYo6XJw8SPC8Adrb7TrY"><title>In levende lijve</title><date></date><icon src="https://m7be2.solocoo.tv/m7be2iphone/mmchan/mpimages/260x145/fhQH2xr5xgLP6p2PKNIw2w.jpg"></icon><desc></desc><category></category></programme><programme channel="O7u9KkM0xGhIgPd7SI3vCYXo-isfcKEhVe-fYkWo" start="20221128210000 +0000" stop="20221128230000 +0000" catchup-id="MKebNpHGoJAUrJvjjanUWzRUpQ7eFl1RsaEwOVan"><title>Al-1-maar-hits!</title><date></date><icon src="https://m7be2.solocoo.tv/m7be2iphone/mmchan/mpimages/260x145/R6lYp9QZdiAjDGhfISmPlA.jpg"></icon><desc></desc><category></category></programme><programme channel="O7u9KkM0xGhIgPd7SI3vCYXo-isfcKEhVe-fYkWo" start="20221128230000 +0000" stop="20221129050000 +0000" catchup-id="MNZFpXV17h-S5dVubZ1abcrqQGulwNFBznru8NSz"><title>Je kijkt naar de sterren</title><date></date><icon src="https://m7be2.solocoo.tv/m7be2iphone/mmchan/mpimages/260x145/2DXFImC9AODSlYFMd3cOAA.jpg"></icon><desc></desc><category></category></programme><programme channel="O7u9KkM0xGhIgPd7SI3vCYXo-isfcKEhVe-fYkWo" start="20221129050000 +0000" stop="20221129060000 +0000" catchup-id="ye8zzctvG28zXX9xqD-2TRgsmxPLdLuZ3-ZZ2C1c"><title>Nog even soezen</title><date></date><icon src="https://m7be2.solocoo.tv/m7be2iphone/mmchan/mpimages/260x145/EP9L00Ledo0KH-bgcbZJFw.jpg"></icon><desc></desc><category></category></programme><programme channel="O7u9KkM0xGhIgPd7SI3vCYXo-isfcKEhVe-fYkWo" start="20221129060000 +0000" stop="20221129070000 +0000" catchup-id="xDQhlHfIaRo7r-seBSZDB7mcqSr7YBtGdolhrVG9"><title>Goeiemorgen morgen</title><date></date><icon src="https://m7be2.solocoo.tv/m7be2iphone/mmchan/mpimages/260x145/5pGQV5NU4QRyP7gwRpjwtg.jpg"></icon><desc></desc><category></category></programme><programme channel="O7u9KkM0xGhIgPd7SI3vCYXo-isfcKEhVe-fYkWo" start="20221129070000 +0000" stop="20221129080000 +0000" catchup-id="Tu7yIl7R_bEDtuVESPFA8i7xDuvAIyYzbD9GKCmU"><title>Al-1-maar-hits!</title><date></date><icon src="https://m7be2.solocoo.tv/m7be2iphone/mmchan/mpimages/260x145/R6lYp9QZdiAjDGhfISmPlA.jpg"></icon><desc></desc><category></category></programme><programme channel="O7u9KkM0xGhIgPd7SI3vCYXo-isfcKEhVe-fYkWo" start="20221129080000 +0000" stop="20221129090000 +0000" catchup-id="YrTdPOqRV1mtHt8rRN9y06nGu-otFyQQ2xlIL24x"><title>Een Uur Sorry Music</title><date></date><icon src="https://m7be2.solocoo.tv/m7be2iphone/mmchan/mpimages/260x145/Ogyhv6tpa37BNREUDHzSSA.jpg"></icon><desc></desc><category></category></programme><programme channel="O7u9KkM0xGhIgPd7SI3vCYXo-isfcKEhVe-fYkWo" start="20221129090000 +0000" stop="20221129110000 +0000" catchup-id="KUIIOnqs1aNHQbITJS65HZLzUjBmH67ADg6swPk2"><title>Léééf !</title><date></date><icon src="https://m7be2.solocoo.tv/m7be2iphone/mmchan/mpimages/260x145/IYn4Hb5UF-hq5CT3qrLQIw.jpg"></icon><desc></desc><category></category></programme><programme channel="O7u9KkM0xGhIgPd7SI3vCYXo-isfcKEhVe-fYkWo" start="20221129110000 +0000" stop="20221129150000 +0000" catchup-id="RPoiN3tBAz1WYC0F925oehrwvoymCOAIy8LTkz0J"><title>Al-1-maar-hits!</title><date></date><icon src="https://m7be2.solocoo.tv/m7be2iphone/mmchan/mpimages/260x145/R6lYp9QZdiAjDGhfISmPlA.jpg"></icon><desc></desc><category></category></programme><programme channel="O7u9KkM0xGhIgPd7SI3vCYXo-isfcKEhVe-fYkWo" start="20221129150000 +0000" stop="20221129180000 +0000" catchup-id="JHQ95VLIJTj_Gm3xlp7fbJAZy7g9gxha8hs-BlZa"><title>Wat een Dag</title><date></date><icon src="https://m7be2.solocoo.tv/m7be2iphone/mmchan/mpimages/260x145/xkylcPBUIeRYcIwYyZqvSA.jpg"></icon><desc></desc><category></category></programme><programme channel="O7u9KkM0xGhIgPd7SI3vCYXo-isfcKEhVe-fYkWo" start="20221129180000 +0000" stop="20221129190000 +0000" catchup-id="VQGz0LeO9KNd5X_54G4ertBQ-_3K0c19kENuUyET"><title>Al-1-maar-hits!</title><date></date><icon src="https://m7be2.solocoo.tv/m7be2iphone/mmchan/mpimages/260x145/R6lYp9QZdiAjDGhfISmPlA.jpg"></icon><desc></desc><category></category></programme><programme channel="O7u9KkM0xGhIgPd7SI3vCYXo-isfcKEhVe-fYkWo" start="20221129190000 +0000" stop="20221129200000 +0000" catchup-id="R1sciOgMam9vV1TWiahH_H8y9OeFsycecCc7vx7J"><title>Een Uur Sorry Music</title><date></date><icon src="https://m7be2.solocoo.tv/m7be2iphone/mmchan/mpimages/260x145/Ogyhv6tpa37BNREUDHzSSA.jpg"></icon><desc></desc><category></category></programme><programme channel="O7u9KkM0xGhIgPd7SI3vCYXo-isfcKEhVe-fYkWo" start="20221129200000 +0000" stop="20221129210000 +0000" catchup-id="7nOXWpiVUOuUfuf2Bxtgu86uKner9sPGFwqZr9GP"><title>Request</title><date></date><icon src="https://m7be2.solocoo.tv/m7be2iphone/mmchan/mpimages/260x145/bKQoyqnYdrN_uyXnc4e-ZA.jpg"></icon><desc></desc><category></category></programme><programme channel="O7u9KkM0xGhIgPd7SI3vCYXo-isfcKEhVe-fYkWo" start="20221129210000 +0000" stop="20221129230000 +0000" catchup-id="ckJyllYswQzHX1LKnEAHQ4BHukKsV9WGyeHdrIS_"><title>Al-1-maar-hits!</title><date></date><icon src="https://m7be2.solocoo.tv/m7be2iphone/mmchan/mpimages/260x145/R6lYp9QZdiAjDGhfISmPlA.jpg"></icon><desc></desc><category></category></programme><programme channel="O7u9KkM0xGhIgPd7SI3vCYXo-isfcKEhVe-fYkWo" start="20221129230000 +0000" stop="20221130050000 +0000" catchup-id="ABegVvj3GkmaOuGDC8ZQGsaWCPJYAfcoiL9IgCra"><title>Je kijkt naar de sterren</title><date></date><icon src="https://m7be2.solocoo.tv/m7be2iphone/mmchan/mpimages/260x145/2DXFImC9AODSlYFMd3cOAA.jpg"></icon><desc></desc><category></category></programme><programme channel="O7u9KkM0xGhIgPd7SI3vCYXo-isfcKEhVe-fYkWo" start="20221130050000 +0000" stop="20221130060000 +0000" catchup-id="3vKA7F86lbpxi5yhghv1YZezzP-sXDy7OZec__RR"><title>Nog even soezen</title><date></date><icon src="https://m7be2.solocoo.tv/m7be2iphone/mmchan/mpimages/260x145/EP9L00Ledo0KH-bgcbZJFw.jpg"></icon><desc></desc><category></category></programme><programme channel="O7u9KkM0xGhIgPd7SI3vCYXo-isfcKEhVe-fYkWo" start="20221130060000 +0000" stop="20221130070000 +0000" catchup-id="iOFVMGlrvtfEkCeFzlMah8hbYmhsTW6LjTGT9cgS"><title>Goeiemorgen morgen</title><date></date><icon src="https://m7be2.solocoo.tv/m7be2iphone/mmchan/mpimages/260x145/5pGQV5NU4QRyP7gwRpjwtg.jpg"></icon><desc></desc><category></category></programme><programme channel="O7u9KkM0xGhIgPd7SI3vCYXo-isfcKEhVe-fYkWo" start="20221130070000 +0000" stop="20221130080000 +0000" catchup-id="B877Kntk3WK8MkLbaVqhMZn3jDkehrnBtNXSTlU5"><title>Al-1-maar-hits!</title><date></date><icon src="https://m7be2.solocoo.tv/m7be2iphone/mmchan/mpimages/260x145/R6lYp9QZdiAjDGhfISmPlA.jpg"></icon><desc></desc><category></category></programme><programme channel="O7u9KkM0xGhIgPd7SI3vCYXo-isfcKEhVe-fYkWo" start="20221130080000 +0000" stop="20221130090000 +0000" catchup-id="IHAIaJEDyCoDE4g875UrhpZXkFtGp71E5kYNmu8v"><title>Een Uur Sorry Music</title><date></date><icon src="https://m7be2.solocoo.tv/m7be2iphone/mmchan/mpimages/260x145/Ogyhv6tpa37BNREUDHzSSA.jpg"></icon><desc></desc><category></category></programme><programme channel="O7u9KkM0xGhIgPd7SI3vCYXo-isfcKEhVe-fYkWo" start="20221130090000 +0000" stop="20221130110000 +0000" catchup-id="NyKT8bgDL90DuxeC27TEKJiLpqNku9CFoIQsQf1P"><title>Léééf !</title><date></date><icon src="https://m7be2.solocoo.tv/m7be2iphone/mmchan/mpimages/260x145/IYn4Hb5UF-hq5CT3qrLQIw.jpg"></icon><desc></desc><category></category></programme><programme channel="O7u9KkM0xGhIgPd7SI3vCYXo-isfcKEhVe-fYkWo" start="20221130110000 +0000" stop="20221130150000 +0000" catchup-id="1C9HC1OrMgfCcG74yHMWpHRLWNVKjnDTAOJvudRs"><title>Al-1-maar-hits!</title><date></date><icon src="https://m7be2.solocoo.tv/m7be2iphone/mmchan/mpimages/260x145/R6lYp9QZdiAjDGhfISmPlA.jpg"></icon><desc></desc><category></category></programme><programme channel="O7u9KkM0xGhIgPd7SI3vCYXo-isfcKEhVe-fYkWo" start="20221130150000 +0000" stop="20221130180000 +0000" catchup-id="fWRjB3Gism7B_KLhKfh4KjiY_H2p48uf3LR0UbqG"><title>Wat een Dag</title><date></date><icon src="https://m7be2.solocoo.tv/m7be2iphone/mmchan/mpimages/260x145/xkylcPBUIeRYcIwYyZqvSA.jpg"></icon><desc></desc><category></category></programme><programme channel="O7u9KkM0xGhIgPd7SI3vCYXo-isfcKEhVe-fYkWo" start="20221130180000 +0000" stop="20221130190000 +0000" catchup-id="7OFoFhahn3aV_3Y0_UuNElw7-vlg1bBjsrb7GXOr"><title>Al-1-maar-hits!</title><date></date><icon src="https://m7be2.solocoo.tv/m7be2iphone/mmchan/mpimages/260x145/R6lYp9QZdiAjDGhfISmPlA.jpg"></icon><desc></desc><category></category></programme><programme channel="O7u9KkM0xGhIgPd7SI3vCYXo-isfcKEhVe-fYkWo" start="20221130190000 +0000" stop="20221130200000 +0000" catchup-id="IoUNVZlZ9cY8Pr7LcG_NEW0imEBRfrvZTZ_Gt4J3"><title>Een Uur Sorry Music</title><date></date><icon src="https://m7be2.solocoo.tv/m7be2iphone/mmchan/mpimages/260x145/Ogyhv6tpa37BNREUDHzSSA.jpg"></icon><desc></desc><category></category></programme><programme channel="O7u9KkM0xGhIgPd7SI3vCYXo-isfcKEhVe-fYkWo" start="20221130200000 +0000" stop="20221130210000 +0000" catchup-id="bRi1Jt8D8xfDQXaQCjiIAF_gUPitboNGiHoMTdjR"><title>Affiche</title><date></date><icon src="https://m7be2.solocoo.tv/m7be2iphone/mmchan/mpimages/260x145/xp8TaZrtSZtiW-BdoBUOHw.jpg"></icon><desc></desc><category></category></programme><programme channel="O7u9KkM0xGhIgPd7SI3vCYXo-isfcKEhVe-fYkWo" start="20221130210000 +0000" stop="20221130230000 +0000" catchup-id="n7KwbAIVCwn-cjN6s9rFlRBhqmsde-3ejirIrZzK"><title>Al-1-maar-hits!</title><date></date><icon src="https://m7be2.solocoo.tv/m7be2iphone/mmchan/mpimages/260x145/R6lYp9QZdiAjDGhfISmPlA.jpg"></icon><desc></desc><category></category></programme><programme channel="O7u9KkM0xGhIgPd7SI3vCYXo-isfcKEhVe-fYkWo" start="20221130230000 +0000" stop="20221201050000 +0000" catchup-id="XqNVd3RvW3qIirAKlHHRcT7klejgz6K3NvkJcSp2"><title>Je kijkt naar de sterren</title><date></date><icon src="https://m7be2.solocoo.tv/m7be2iphone/mmchan/mpimages/260x145/2DXFImC9AODSlYFMd3cOAA.jpg"></icon><desc></desc><category></category></programme><programme channel="O7u9KkM0xGhIgPd7SI3vCYXo-isfcKEhVe-fYkWo" start="20221201050000 +0000" stop="20221201060000 +0000" catchup-id="m3tbKoIeSHplBS3vLwps30vqvipUgX27-KpPl4xH"><title>Nog even soezen</title><date></date><icon src="https://m7be2.solocoo.tv/m7be2iphone/mmchan/mpimages/260x145/EP9L00Ledo0KH-bgcbZJFw.jpg"></icon><desc></desc><category></category></programme><programme channel="O7u9KkM0xGhIgPd7SI3vCYXo-isfcKEhVe-fYkWo" start="20221201060000 +0000" stop="20221201070000 +0000" catchup-id="qiHOCj-XZx9iK8VCtqNo_Vpb9z5FBs2UumYd8LWu"><title>Goeiemorgen morgen</title><date></date><icon src="https://m7be2.solocoo.tv/m7be2iphone/mmchan/mpimages/260x145/5pGQV5NU4QRyP7gwRpjwtg.jpg"></icon><desc></desc><category></category></programme><programme channel="O7u9KkM0xGhIgPd7SI3vCYXo-isfcKEhVe-fYkWo" start="20221201070000 +0000" stop="20221201080000 +0000" catchup-id="klbJ9VfmIumKpDQs0wyuQvh8CHYXQHM2aGabqQqT"><title>Al-1-maar-hits!</title><date></date><icon src="https://m7be2.solocoo.tv/m7be2iphone/mmchan/mpimages/260x145/R6lYp9QZdiAjDGhfISmPlA.jpg"></icon><desc></desc><category></category></programme><programme channel="O7u9KkM0xGhIgPd7SI3vCYXo-isfcKEhVe-fYkWo" start="20221201080000 +0000" stop="20221201090000 +0000" catchup-id="6GlMs-5GZHr6D_C_ote2j3WzhHeiSbLydOFR97_4"><title>Een Uur Sorry Music</title><date></date><icon src="https://m7be2.solocoo.tv/m7be2iphone/mmchan/mpimages/260x145/Ogyhv6tpa37BNREUDHzSSA.jpg"></icon><desc></desc><category></category></programme><programme channel="O7u9KkM0xGhIgPd7SI3vCYXo-isfcKEhVe-fYkWo" start="20221201090000 +0000" stop="20221201110000 +0000" catchup-id="u0yKGzf64PdY70vpQpcwmp3LRhPOHeo9VBLb9XK1"><title>Léééf !</title><date></date><icon src="https://m7be2.solocoo.tv/m7be2iphone/mmchan/mpimages/260x145/IYn4Hb5UF-hq5CT3qrLQIw.jpg"></icon><desc></desc><category></category></programme><programme channel="O7u9KkM0xGhIgPd7SI3vCYXo-isfcKEhVe-fYkWo" start="20221201110000 +0000" stop="20221201150000 +0000" catchup-id="hCvXirzO_Rurp8y16b8xyTdApFNOP_lJO7GtSBJ2"><title>Al-1-maar-hits!</title><date></date><icon src="https://m7be2.solocoo.tv/m7be2iphone/mmchan/mpimages/260x145/R6lYp9QZdiAjDGhfISmPlA.jpg"></icon><desc></desc><category></category></programme><programme channel="O7u9KkM0xGhIgPd7SI3vCYXo-isfcKEhVe-fYkWo" start="20221201150000 +0000" stop="20221201180000 +0000" catchup-id="qs-E430WDCG1BxQbU5lBfF8UKNuUTseqRGj1rArG"><title>Wat een Dag</title><date></date><icon src="https://m7be2.solocoo.tv/m7be2iphone/mmchan/mpimages/260x145/xkylcPBUIeRYcIwYyZqvSA.jpg"></icon><desc></desc><category></category></programme><programme channel="O7u9KkM0xGhIgPd7SI3vCYXo-isfcKEhVe-fYkWo" start="20221201180000 +0000" stop="20221201190000 +0000" catchup-id="PoHVnGBFolNKsHSCMjgh0fo0Y0qJT7EE_Vz8Naht"><title>Al-1-maar-hits!</title><date></date><icon src="https://m7be2.solocoo.tv/m7be2iphone/mmchan/mpimages/260x145/R6lYp9QZdiAjDGhfISmPlA.jpg"></icon><desc></desc><category></category></programme><programme channel="O7u9KkM0xGhIgPd7SI3vCYXo-isfcKEhVe-fYkWo" start="20221201190000 +0000" stop="20221201200000 +0000" catchup-id="V3JOSClLGLGIqBvWAN4GU1uIbK-i2juI9ONBrJND"><title>Een Uur Sorry Music</title><date></date><icon src="https://m7be2.solocoo.tv/m7be2iphone/mmchan/mpimages/260x145/Ogyhv6tpa37BNREUDHzSSA.jpg"></icon><desc></desc><category></category></programme><programme channel="O7u9KkM0xGhIgPd7SI3vCYXo-isfcKEhVe-fYkWo" start="20221201200000 +0000" stop="20221201210000 +0000" catchup-id="ZWI7H-PSmS3Ylff8s-51eI6SUAZxalX-bXQFHG4l"><title>Eenzame Hartenbureau</title><date></date><icon src="https://m7be2.solocoo.tv/m7be2iphone/mmchan/mpimages/260x145/ys8w-JyYSqd0atSw2Ec-gg.jpg"></icon><desc></desc><category></category></programme><programme channel="O7u9KkM0xGhIgPd7SI3vCYXo-isfcKEhVe-fYkWo" start="20221201210000 +0000" stop="20221201220000 +0000" catchup-id="lq3fe9GUsV_-tbfeFw8ikVqc1WZQSrSvmqhLyZF3"><title>Trendsetters In Bed Met</title><date></date><icon src="https://m7be2.solocoo.tv/m7be2iphone/mmchan/mpimages/260x145/ys8w-JyYSqd0atSw2Ec-gg.jpg"></icon><desc></desc><category></category></programme><programme channel="O7u9KkM0xGhIgPd7SI3vCYXo-isfcKEhVe-fYkWo" start="20221201220000 +0000" stop="20221201230000 +0000" catchup-id="ZTVh-lgCWUP_xRuDlZSkSjxjZ8FcalbNl0T6xCTF"><title>Al-1-maar-hits!</title><date></date><icon src="https://m7be2.solocoo.tv/m7be2iphone/mmchan/mpimages/260x145/R6lYp9QZdiAjDGhfISmPlA.jpg"></icon><desc></desc><category></category></programme><programme channel="O7u9KkM0xGhIgPd7SI3vCYXo-isfcKEhVe-fYkWo" start="20221201230000 +0000" stop="20221202050000 +0000" catchup-id="2Xr0hn_68ZOA-KMG_dgalPh4lopbN2QsnGVIHnON"><title>Je kijkt naar de sterren</title><date></date><icon src="https://m7be2.solocoo.tv/m7be2iphone/mmchan/mpimages/260x145/2DXFImC9AODSlYFMd3cOAA.jpg"></icon><desc></desc><category></category></programme><programme channel="O7u9KkM0xGhIgPd7SI3vCYXo-isfcKEhVe-fYkWo" start="20221202050000 +0000" stop="20221202060000 +0000" catchup-id="_O2UWHwrRtrSjiwfqceq9YJy1UoGgj7L6H30-Yx7"><title>Nog even soezen</title><date></date><icon src="https://m7be2.solocoo.tv/m7be2iphone/mmchan/mpimages/260x145/EP9L00Ledo0KH-bgcbZJFw.jpg"></icon><desc></desc><category></category></programme><programme channel="O7u9KkM0xGhIgPd7SI3vCYXo-isfcKEhVe-fYkWo" start="20221202060000 +0000" stop="20221202070000 +0000" catchup-id="dsAS2giUYRPUn_EJpoBGezIjHIw5Kb1q9hULqLBE"><title>Goeiemorgen morgen</title><date></date><icon src="https://m7be2.solocoo.tv/m7be2iphone/mmchan/mpimages/260x145/5pGQV5NU4QRyP7gwRpjwtg.jpg"></icon><desc></desc><category></category></programme><programme channel="O7u9KkM0xGhIgPd7SI3vCYXo-isfcKEhVe-fYkWo" start="20221202070000 +0000" stop="20221202080000 +0000" catchup-id="Ye7VjbDgcdNeBo5u_n47wBhOflLptfz_lBn_ZuMm"><title>Al-1-maar-hits!</title><date></date><icon src="https://m7be2.solocoo.tv/m7be2iphone/mmchan/mpimages/260x145/R6lYp9QZdiAjDGhfISmPlA.jpg"></icon><desc></desc><category></category></programme><programme channel="O7u9KkM0xGhIgPd7SI3vCYXo-isfcKEhVe-fYkWo" start="20221202080000 +0000" stop="20221202090000 +0000" catchup-id="4H3HCpuu9RITbcHBSjIeEOYgCYOzShUgTCjLe4Oq"><title>Een Uur Sorry Music</title><date></date><icon src="https://m7be2.solocoo.tv/m7be2iphone/mmchan/mpimages/260x145/Ogyhv6tpa37BNREUDHzSSA.jpg"></icon><desc></desc><category></category></programme><programme channel="O7u9KkM0xGhIgPd7SI3vCYXo-isfcKEhVe-fYkWo" start="20221202090000 +0000" stop="20221202170000 +0000" catchup-id="SDg1YmXe0VN7iorV3oAIddk1izHwbVJZv8enMYOa"><title>Vrolijke Vrijdag</title><date></date><icon src="https://m7be2.solocoo.tv/m7be2iphone/mmchan/mpimages/260x145/ys8w-JyYSqd0atSw2Ec-gg.jpg"></icon><desc></desc><category></category></programme><programme channel="O7u9KkM0xGhIgPd7SI3vCYXo-isfcKEhVe-fYkWo" start="20221202170000 +0000" stop="20221202180000 +0000" catchup-id="H2qnKS51CDmhJjxD1-7nwq963ZHPpSx6mQVbNOEb"><title>Al-1-maar-hits!</title><date></date><icon src="https://m7be2.solocoo.tv/m7be2iphone/mmchan/mpimages/260x145/R6lYp9QZdiAjDGhfISmPlA.jpg"></icon><desc></desc><category></category></programme><programme channel="O7u9KkM0xGhIgPd7SI3vCYXo-isfcKEhVe-fYkWo" start="20221202180000 +0000" stop="20221202200000 +0000" catchup-id="7bZZJ9kYlelt5Z-QJaSsqNZwU4mpJerdylRdLrNv"><title>Waar is dat feestje?</title><date></date><icon src="https://m7be2.solocoo.tv/m7be2iphone/mmchan/mpimages/260x145/TTI_2curYBKlEs6NhdDZrg.jpg"></icon><desc></desc><category></category></programme><programme channel="O7u9KkM0xGhIgPd7SI3vCYXo-isfcKEhVe-fYkWo" start="20221202200000 +0000" stop="20221202210000 +0000" catchup-id="6fOkPY-p05KpA4vFHtETjvJCfpBvksP3Oc-ICwEq"><title>Al-1-maar-hits!</title><date></date><icon src="https://m7be2.solocoo.tv/m7be2iphone/mmchan/mpimages/260x145/R6lYp9QZdiAjDGhfISmPlA.jpg"></icon><desc></desc><category></category></programme><programme channel="O7u9KkM0xGhIgPd7SI3vCYXo-isfcKEhVe-fYkWo" start="20221202210000 +0000" stop="20221202220000 +0000" catchup-id="jZhx1JMYqFnfnoVVMMMy7arvIMdfNV6LoE26RF2x"><title>Een Uur Sorry Music</title><date></date><icon src="https://m7be2.solocoo.tv/m7be2iphone/mmchan/mpimages/260x145/Ogyhv6tpa37BNREUDHzSSA.jpg"></icon><desc></desc><category></category></programme><programme channel="O7u9KkM0xGhIgPd7SI3vCYXo-isfcKEhVe-fYkWo" start="20221202220000 +0000" stop="20221202230000 +0000" catchup-id="TcjNMPxiv04tDo1iKZR5j_x0iZaD-UG8Sogv0dAB"><title>Al-1-maar-hits!</title><date></date><icon src="https://m7be2.solocoo.tv/m7be2iphone/mmchan/mpimages/260x145/R6lYp9QZdiAjDGhfISmPlA.jpg"></icon><desc></desc><category></category></programme><programme channel="O7u9KkM0xGhIgPd7SI3vCYXo-isfcKEhVe-fYkWo" start="20221202230000 +0000" stop="20221203000000 +0000" catchup-id="iG6HANm3fljH5oqwdnOLVVsbqSuDdINvvKPfPa3P"><title>Je kijkt naar de sterren</title><date></date><icon src="https://m7be2.solocoo.tv/m7be2iphone/mmchan/mpimages/260x145/2DXFImC9AODSlYFMd3cOAA.jpg"></icon><desc></desc><category></category></programme><programme channel="O7u9KkM0xGhIgPd7SI3vCYXo-isfcKEhVe-fYkWo" start="20221203000000 +0000" stop="20221203010000 +0000" catchup-id="zm1cKWuDIrDsXyepS_3T2Xji8z5GAPZRtSyQKvi8"><title>Eenzame Hartenbureau</title><date></date><icon src="https://m7be2.solocoo.tv/m7be2iphone/mmchan/mpimages/260x145/ys8w-JyYSqd0atSw2Ec-gg.jpg"></icon><desc></desc><category></category></programme><programme channel="O7u9KkM0xGhIgPd7SI3vCYXo-isfcKEhVe-fYkWo" start="20221203010000 +0000" stop="20221203050000 +0000" catchup-id="AvDsiKL2nOShKwvCNQjTpH7XygssjtN8xp2PJ_9z"><title>Je kijkt naar de sterren</title><date></date><icon src="https://m7be2.solocoo.tv/m7be2iphone/mmchan/mpimages/260x145/2DXFImC9AODSlYFMd3cOAA.jpg"></icon><desc></desc><category></category></programme><programme channel="O7u9KkM0xGhIgPd7SI3vCYXo-isfcKEhVe-fYkWo" start="20221203050000 +0000" stop="20221203060000 +0000" catchup-id="XvQjWQlfo9ZpikbA1RuVFndfr2O2Ns4odgE-RBNW"><title>Nog even soezen</title><date></date><icon src="https://m7be2.solocoo.tv/m7be2iphone/mmchan/mpimages/260x145/EP9L00Ledo0KH-bgcbZJFw.jpg"></icon><desc></desc><category></category></programme><programme channel="O7u9KkM0xGhIgPd7SI3vCYXo-isfcKEhVe-fYkWo" start="20221203060000 +0000" stop="20221203070000 +0000" catchup-id="cBDgu2plEw-qSt_V2rP2WEBWQ0CAi_7w_fonTdam"><title>Goeiemorgen weekend</title><date></date><icon src="https://m7be2.solocoo.tv/m7be2iphone/mmchan/mpimages/260x145/I8-mDdGw4NLvo3SCGwX7Ww.jpg"></icon><desc></desc><category></category></programme><programme channel="O7u9KkM0xGhIgPd7SI3vCYXo-isfcKEhVe-fYkWo" start="20221203070000 +0000" stop="20221203080000 +0000" catchup-id="jwDYAXMwrHr4iWE95gi69MX6X5lGGQAAb1REDn6s"><title>Al-1-maar-hits!</title><date></date><icon src="https://m7be2.solocoo.tv/m7be2iphone/mmchan/mpimages/260x145/R6lYp9QZdiAjDGhfISmPlA.jpg"></icon><desc></desc><category></category></programme><programme channel="O7u9KkM0xGhIgPd7SI3vCYXo-isfcKEhVe-fYkWo" start="20221203080000 +0000" stop="20221203090000 +0000" catchup-id="TlNGmciIiGZh0KF4z98Z_MblmGqqU5kQX5Zjpq2m"><title>Een Uur Sorry Music</title><date></date><icon src="https://m7be2.solocoo.tv/m7be2iphone/mmchan/mpimages/260x145/Ogyhv6tpa37BNREUDHzSSA.jpg"></icon><desc></desc><category></category></programme><programme channel="O7u9KkM0xGhIgPd7SI3vCYXo-isfcKEhVe-fYkWo" start="20221203090000 +0000" stop="20221203100000 +0000" catchup-id="ODIEt4Rsi6PASFFTArKs5kimNn--sZygmmrdljs9"><title>Hadiemicha</title><date></date><icon src="https://m7be2.solocoo.tv/m7be2iphone/mmchan/mpimages/260x145/IWgcxHscNEuHyAfBOOvrZg.jpg"></icon><desc></desc><category></category></programme><programme channel="O7u9KkM0xGhIgPd7SI3vCYXo-isfcKEhVe-fYkWo" start="20221203100000 +0000" stop="20221203110000 +0000" catchup-id="m6ey7tB0evziD_ocMZoxMKP7lHGmaZLySO3XBTiM"><title>Al-1-maar-hits!</title><date></date><icon src="https://m7be2.solocoo.tv/m7be2iphone/mmchan/mpimages/260x145/R6lYp9QZdiAjDGhfISmPlA.jpg"></icon><desc></desc><category></category></programme><programme channel="O7u9KkM0xGhIgPd7SI3vCYXo-isfcKEhVe-fYkWo" start="20221203110000 +0000" stop="20221203120000 +0000" catchup-id="M0tACyS_T_r3M5wGyO_ImBWGjdUOpDdNMzmD7Ufg"><title>Request</title><date></date><icon src="https://m7be2.solocoo.tv/m7be2iphone/mmchan/mpimages/260x145/bKQoyqnYdrN_uyXnc4e-ZA.jpg"></icon><desc></desc><category></category></programme><programme channel="O7u9KkM0xGhIgPd7SI3vCYXo-isfcKEhVe-fYkWo" start="20221203120000 +0000" stop="20221203130000 +0000" catchup-id="RowldlMQEbrEHwQZTeEjXLRdkMGWA16kzqie_ceb"><title>Al-1-maar-hits!</title><date></date><icon src="https://m7be2.solocoo.tv/m7be2iphone/mmchan/mpimages/260x145/R6lYp9QZdiAjDGhfISmPlA.jpg"></icon><desc></desc><category></category></programme><programme channel="O7u9KkM0xGhIgPd7SI3vCYXo-isfcKEhVe-fYkWo" start="20221203130000 +0000" stop="20221203133000 +0000" catchup-id="e50grfM8FS9ztjcaw8cqkh-Hw9T_ZOlWcCR-W9Q9"><title>Hart voor muziek</title><date></date><icon src="https://m7be2.solocoo.tv/m7be2iphone/mmchan/mpimages/260x145/fMJD2fMENxRkjLOf51ZYAg.jpg"></icon><desc></desc><category></category></programme><programme channel="O7u9KkM0xGhIgPd7SI3vCYXo-isfcKEhVe-fYkWo" start="20221203133000 +0000" stop="20221203140000 +0000" catchup-id="RFAtImUPaeqxVJ_T1M5TNJ4IOhKsaOKsldV0GWDr"><title>Al-1-maar-hits!</title><date></date><icon src="https://m7be2.solocoo.tv/m7be2iphone/mmchan/mpimages/260x145/R6lYp9QZdiAjDGhfISmPlA.jpg"></icon><desc></desc><category></category></programme><programme channel="O7u9KkM0xGhIgPd7SI3vCYXo-isfcKEhVe-fYkWo" start="20221203140000 +0000" stop="20221203150000 +0000" catchup-id="lCUYYTze60u259va0Wy1th3ogM7ZYtCob9FRTvBu"><title>Nieuwelingen</title><date></date><icon src="https://m7be2.solocoo.tv/m7be2iphone/mmchan/mpimages/260x145/0mGuZe1UZESV2q5dL4T5pw.jpg"></icon><desc></desc><category></category></programme><programme channel="O7u9KkM0xGhIgPd7SI3vCYXo-isfcKEhVe-fYkWo" start="20221203150000 +0000" stop="20221203180000 +0000" catchup-id="Nkhe5nZan16hfnnnwG6t-kb-1w_P3mKGRpidDjtn"><title>De Vlaamse 40</title><date></date><icon src="https://m7be2.solocoo.tv/m7be2iphone/mmchan/mpimages/260x145/kVgQ04fpuO-YroBPQKnJOA.jpg"></icon><desc></desc><category></category></programme><programme channel="O7u9KkM0xGhIgPd7SI3vCYXo-isfcKEhVe-fYkWo" start="20221203180000 +0000" stop="20221203190000 +0000" catchup-id="rdUPI4dHiXOxLmk0PF2AK1WofoiV9im4Ke2FPKkX"><title>Waar is dat feestje?</title><date></date><icon src="https://m7be2.solocoo.tv/m7be2iphone/mmchan/mpimages/260x145/TTI_2curYBKlEs6NhdDZrg.jpg"></icon><desc></desc><category></category></programme><programme channel="O7u9KkM0xGhIgPd7SI3vCYXo-isfcKEhVe-fYkWo" start="20221203190000 +0000" stop="20221203200000 +0000" catchup-id="Nv0jGoLb8gmwYbWEsEvFRgq3gUu0_ePogvAO3XjZ"><title>Trendsetters In Bed Met</title><date></date><icon src="https://m7be2.solocoo.tv/m7be2iphone/mmchan/mpimages/260x145/ys8w-JyYSqd0atSw2Ec-gg.jpg"></icon><desc></desc><category></category></programme><programme channel="O7u9KkM0xGhIgPd7SI3vCYXo-isfcKEhVe-fYkWo" start="20221203200000 +0000" stop="20221203210000 +0000" catchup-id="rFF6f5z_k2NFcmc1PtKE8IFHESqI-oAuExsbrzzQ"><title>Al-1-maar-hits!</title><date></date><icon src="https://m7be2.solocoo.tv/m7be2iphone/mmchan/mpimages/260x145/R6lYp9QZdiAjDGhfISmPlA.jpg"></icon><desc></desc><category></category></programme><programme channel="O7u9KkM0xGhIgPd7SI3vCYXo-isfcKEhVe-fYkWo" start="20221203210000 +0000" stop="20221203220000 +0000" catchup-id="2wUOHjxwScRv5GDR8S0opqbwiVPpDJ8wFvQd5LD8"><title>Een Uur Sorry Music</title><date></date><icon src="https://m7be2.solocoo.tv/m7be2iphone/mmchan/mpimages/260x145/Ogyhv6tpa37BNREUDHzSSA.jpg"></icon><desc></desc><category></category></programme>