<programme channel="Mpw70GftHQ_H60VOCrbNThnMkX07uVwp9a3re83Y" start="20221120010000 +0000" stop="20221120030000 +0000" catchup-id="b9xBROjdukVgkLRdcclqu_uMah5IGF0DKAtaWGEx"><title>Non-Stop Nostalgia</title><date></date><icon src="https://m7be2.solocoo.tv/m7be2iphone/mmchan/mpimages/208x308/JBzqwmtYmJi4QcWix-UF-w.jpg"></icon><desc></desc><category></category></programme><programme channel="Mpw70GftHQ_H60VOCrbNThnMkX07uVwp9a3re83Y" start="20221120030000 +0000" stop="20221120070000 +0000" catchup-id="ZGPUS0WvlP6h993zpLGnMoD063QIpMUhTioR0_ax"><title>Non-Stop Nostalgia</title><date></date><icon src="https://m7be2.solocoo.tv/m7be2iphone/mmchan/mpimages/208x308/JBzqwmtYmJi4QcWix-UF-w.jpg"></icon><desc></desc><category></category></programme><programme channel="Mpw70GftHQ_H60VOCrbNThnMkX07uVwp9a3re83Y" start="20221120070000 +0000" stop="20221120080000 +0000" catchup-id="x87Tbx99mDrQJfZEZ1aigIMigGvBoKOeRbvRKDrt"><title>Class Of 2009</title><date></date><icon src="https://m7be2.solocoo.tv/m7be2iphone/mmchan/mpimages/208x308/mR7-iHqEqlwfFE0PSMM5UA.jpg"></icon><desc></desc><category></category></programme><programme channel="Mpw70GftHQ_H60VOCrbNThnMkX07uVwp9a3re83Y" start="20221120080000 +0000" stop="20221120100000 +0000" catchup-id="8sI-ace_eQK6l5at4TYeh7egV50CgNx6Q-KPCEKd"><title>We Love the 00s!</title><date></date><icon src="https://m7be2.solocoo.tv/m7be2iphone/mmchan/mpimages/208x308/y0WcGYpv5sZpRjBcGxBI3g.jpg"></icon><desc></desc><category></category></programme><programme channel="Mpw70GftHQ_H60VOCrbNThnMkX07uVwp9a3re83Y" start="20221120100000 +0000" stop="20221120130000 +0000" catchup-id="3-MusZnzMzO60eD2J383pMXZ_0uqKLA3gb2jrM-C"><title>Top 40 R'n'b &amp; Hip Hop Vs Dance Anthems!</title><date></date><icon src="https://m7be2.solocoo.tv/m7be2iphone/mmchan/mpimages/208x308/mzb0QAU4w5vVfWICPmxulw.jpg"></icon><desc></desc><category></category></programme><programme channel="Mpw70GftHQ_H60VOCrbNThnMkX07uVwp9a3re83Y" start="20221120130000 +0000" stop="20221120140000 +0000" catchup-id="Ktqt4ww8Rv5GgrblHgMDdUnJZ3rQgAjCrAhxbLNz"><title>Class Of 2009</title><date></date><icon src="https://m7be2.solocoo.tv/m7be2iphone/mmchan/mpimages/208x308/mR7-iHqEqlwfFE0PSMM5UA.jpg"></icon><desc></desc><category></category></programme><programme channel="Mpw70GftHQ_H60VOCrbNThnMkX07uVwp9a3re83Y" start="20221120140000 +0000" stop="20221120180000 +0000" catchup-id="F_1MGkkiMGEj0jzjbZ4bkyA3kNvgArvYcgr4JK3e"><title>Hits Don't Lie!</title><date></date><icon src="https://m7be2.solocoo.tv/m7be2iphone/mmchan/mpimages/208x308/AxB7PsCHbCfhLb8DHG4yhg.jpg"></icon><desc></desc><category></category></programme><programme channel="Mpw70GftHQ_H60VOCrbNThnMkX07uVwp9a3re83Y" start="20221120180000 +0000" stop="20221120190000 +0000" catchup-id="oChj8A65bV5HYS4HYEDVX4ym9RTAFMiobk63rGfh"><title>Crazy In Love</title><date></date><icon src="https://m7be2.solocoo.tv/m7be2iphone/mmchan/mpimages/208x308/RfEAKLqf87ZWQjfxKegNMA.jpg"></icon><desc></desc><category></category></programme><programme channel="Mpw70GftHQ_H60VOCrbNThnMkX07uVwp9a3re83Y" start="20221120190000 +0000" stop="20221121010000 +0000" catchup-id="iqrhGTXfrItC5is5qgUStQoFfYpc56eX5U1usy_T"><title>Non-Stop Nostalgia</title><date></date><icon src="https://m7be2.solocoo.tv/m7be2iphone/mmchan/mpimages/208x308/JBzqwmtYmJi4QcWix-UF-w.jpg"></icon><desc></desc><category></category></programme><programme channel="Mpw70GftHQ_H60VOCrbNThnMkX07uVwp9a3re83Y" start="20221121010000 +0000" stop="20221121030000 +0000" catchup-id="7K6Ts5ZHFC8ACiA6Hq7d_NdvJ1CYTlwltTYpVaQg"><title>Non-Stop Nostalgia</title><date></date><icon src="https://m7be2.solocoo.tv/m7be2iphone/mmchan/mpimages/208x308/JBzqwmtYmJi4QcWix-UF-w.jpg"></icon><desc></desc><category></category></programme><programme channel="Mpw70GftHQ_H60VOCrbNThnMkX07uVwp9a3re83Y" start="20221121030000 +0000" stop="20221121070000 +0000" catchup-id="daVPGyEUkchDLHYb_NcVc_OpkXnIngP24-dippIu"><title>Non-Stop Nostalgia</title><date></date><icon src="https://m7be2.solocoo.tv/m7be2iphone/mmchan/mpimages/208x308/JBzqwmtYmJi4QcWix-UF-w.jpg"></icon><desc></desc><category></category></programme><programme channel="Mpw70GftHQ_H60VOCrbNThnMkX07uVwp9a3re83Y" start="20221121070000 +0000" stop="20221121080000 +0000" catchup-id="pGkpv2h2U-5PEY3KrHzBsAHSvI4nioxkxp33o3LJ"><title>Rock Vs Pop: The Boys!</title><date></date><icon src="https://m7be2.solocoo.tv/m7be2iphone/mmchan/mpimages/208x308/HIA-cnFGWeZbMnqDHyCA-w.jpg"></icon><desc></desc><category></category></programme><programme channel="Mpw70GftHQ_H60VOCrbNThnMkX07uVwp9a3re83Y" start="20221121080000 +0000" stop="20221121130000 +0000" catchup-id="C-5DuV2BjxKmX7hIwsK8IixEGv3gQypGenTg3qcy"><title>We Love the 00s!</title><date></date><icon src="https://m7be2.solocoo.tv/m7be2iphone/mmchan/mpimages/208x308/y0WcGYpv5sZpRjBcGxBI3g.jpg"></icon><desc></desc><category></category></programme><programme channel="Mpw70GftHQ_H60VOCrbNThnMkX07uVwp9a3re83Y" start="20221121130000 +0000" stop="20221121140000 +0000" catchup-id="A5N7udDmfRdI_5vgbyQWUWE6i3Nlb3S7S1yxkEL0"><title>Rock Vs Pop: The Boys!</title><date></date><icon src="https://m7be2.solocoo.tv/m7be2iphone/mmchan/mpimages/208x308/HIA-cnFGWeZbMnqDHyCA-w.jpg"></icon><desc></desc><category></category></programme><programme channel="Mpw70GftHQ_H60VOCrbNThnMkX07uVwp9a3re83Y" start="20221121140000 +0000" stop="20221121180000 +0000" catchup-id="3d5Vh2p26UPB8TTKoZl0Hc0LgIVdDrDqIaPwYx2h"><title>Hits Don't Lie!</title><date></date><icon src="https://m7be2.solocoo.tv/m7be2iphone/mmchan/mpimages/208x308/AxB7PsCHbCfhLb8DHG4yhg.jpg"></icon><desc></desc><category></category></programme><programme channel="Mpw70GftHQ_H60VOCrbNThnMkX07uVwp9a3re83Y" start="20221121180000 +0000" stop="20221121190000 +0000" catchup-id="MCJ6KfaYIxIldLUa2anb66uR_RaMcF1mu2NeSbgs"><title>Chillout Zone</title><date></date><icon src="https://m7be2.solocoo.tv/m7be2iphone/mmchan/mpimages/208x308/DySmNBav-1Nz--qtvJF1BQ.jpg"></icon><desc></desc><category></category></programme><programme channel="Mpw70GftHQ_H60VOCrbNThnMkX07uVwp9a3re83Y" start="20221121190000 +0000" stop="20221122010000 +0000" catchup-id="keibd95UepYt6tuAe9o2RT5GyAKDJ4gc4nU7snN3"><title>Non-Stop Nostalgia</title><date></date><icon src="https://m7be2.solocoo.tv/m7be2iphone/mmchan/mpimages/208x308/JBzqwmtYmJi4QcWix-UF-w.jpg"></icon><desc></desc><category></category></programme><programme channel="Mpw70GftHQ_H60VOCrbNThnMkX07uVwp9a3re83Y" start="20221122010000 +0000" stop="20221122030000 +0000" catchup-id="38DU06AYWsndfK_JawD38tNEF8pE0qdxDTOeW1u8"><title>Non-Stop Nostalgia</title><date></date><icon src="https://m7be2.solocoo.tv/m7be2iphone/mmchan/mpimages/208x308/JBzqwmtYmJi4QcWix-UF-w.jpg"></icon><desc></desc><category></category></programme><programme channel="Mpw70GftHQ_H60VOCrbNThnMkX07uVwp9a3re83Y" start="20221122030000 +0000" stop="20221122070000 +0000" catchup-id="LRc9IHRjfL7qE3c7w-X7uUcPyrzJc2Ufux7yDpZw"><title>Non-Stop Nostalgia</title><date></date><icon src="https://m7be2.solocoo.tv/m7be2iphone/mmchan/mpimages/208x308/JBzqwmtYmJi4QcWix-UF-w.jpg"></icon><desc></desc><category></category></programme><programme channel="Mpw70GftHQ_H60VOCrbNThnMkX07uVwp9a3re83Y" start="20221122070000 +0000" stop="20221122080000 +0000" catchup-id="aC9KDUAqXP5J1qGAMseys6jsVISDUZkiTdDaaJaG"><title>Class Of 2000!</title><date></date><icon src="https://m7be2.solocoo.tv/m7be2iphone/mmchan/mpimages/208x308/mR7-iHqEqlwfFE0PSMM5UA.jpg"></icon><desc></desc><category></category></programme><programme channel="Mpw70GftHQ_H60VOCrbNThnMkX07uVwp9a3re83Y" start="20221122080000 +0000" stop="20221122130000 +0000" catchup-id="JyuPraLXC8jQ-e8XwDIO8_b8gVnOl5XhRnH4iR1a"><title>We Love the 00s!</title><date></date><icon src="https://m7be2.solocoo.tv/m7be2iphone/mmchan/mpimages/208x308/y0WcGYpv5sZpRjBcGxBI3g.jpg"></icon><desc></desc><category></category></programme><programme channel="Mpw70GftHQ_H60VOCrbNThnMkX07uVwp9a3re83Y" start="20221122130000 +0000" stop="20221122140000 +0000" catchup-id="-FnC1UOpyyh85K7ZwxvawD0q-QphFEtM7NKsSZgO"><title>Class Of 2000!</title><date></date><icon src="https://m7be2.solocoo.tv/m7be2iphone/mmchan/mpimages/208x308/mR7-iHqEqlwfFE0PSMM5UA.jpg"></icon><desc></desc><category></category></programme><programme channel="Mpw70GftHQ_H60VOCrbNThnMkX07uVwp9a3re83Y" start="20221122140000 +0000" stop="20221122180000 +0000" catchup-id="nrJ0Nm9W_NBrBXMvHrVTr7SAp-9NUQ33vgi0bM5V"><title>Hits Don't Lie!</title><date></date><icon src="https://m7be2.solocoo.tv/m7be2iphone/mmchan/mpimages/208x308/AxB7PsCHbCfhLb8DHG4yhg.jpg"></icon><desc></desc><category></category></programme><programme channel="Mpw70GftHQ_H60VOCrbNThnMkX07uVwp9a3re83Y" start="20221122180000 +0000" stop="20221122190000 +0000" catchup-id="rROD4Yfuf2bEbUDHcXT0RM068htAJse05jaGWkMr"><title>Classic Collabs!</title><date></date><icon src="https://m7be2.solocoo.tv/m7be2iphone/mmchan/mpimages/208x308/tDgJT9UUuv5E3uVSgscNRQ.jpg"></icon><desc></desc><category></category></programme><programme channel="Mpw70GftHQ_H60VOCrbNThnMkX07uVwp9a3re83Y" start="20221122190000 +0000" stop="20221123010000 +0000" catchup-id="igxmvAPtkzG3KOrb27ZJ10qmxgjpbJ9J7OBpSjV3"><title>Non-Stop Nostalgia</title><date></date><icon src="https://m7be2.solocoo.tv/m7be2iphone/mmchan/mpimages/208x308/JBzqwmtYmJi4QcWix-UF-w.jpg"></icon><desc></desc><category></category></programme><programme channel="Mpw70GftHQ_H60VOCrbNThnMkX07uVwp9a3re83Y" start="20221123010000 +0000" stop="20221123030000 +0000" catchup-id="TTcRBchXEzj1kUdRGg9tITyAZ6dtzxLw0LYgwkbR"><title>Non-Stop Nostalgia</title><date></date><icon src="https://m7be2.solocoo.tv/m7be2iphone/mmchan/mpimages/208x308/JBzqwmtYmJi4QcWix-UF-w.jpg"></icon><desc></desc><category></category></programme><programme channel="Mpw70GftHQ_H60VOCrbNThnMkX07uVwp9a3re83Y" start="20221123030000 +0000" stop="20221123070000 +0000" catchup-id="yYnjRqPgCvrpAG_5UTCRIg1Tl0vvm4G-J8N8FQ8y"><title>Non-Stop Nostalgia</title><date></date><icon src="https://m7be2.solocoo.tv/m7be2iphone/mmchan/mpimages/208x308/JBzqwmtYmJi4QcWix-UF-w.jpg"></icon><desc></desc><category></category></programme><programme channel="Mpw70GftHQ_H60VOCrbNThnMkX07uVwp9a3re83Y" start="20221123070000 +0000" stop="20221123080000 +0000" catchup-id="G6I652XgbCe71xVqyWM3WFJsq6aISIHBtqwFQafD"><title>2 4 1 Hits!</title><date></date><icon src="https://m7be2.solocoo.tv/m7be2iphone/mmchan/mpimages/208x308/UiocjkjOEoXxCHZJd0wfzQ.jpg"></icon><desc></desc><category></category></programme><programme channel="Mpw70GftHQ_H60VOCrbNThnMkX07uVwp9a3re83Y" start="20221123080000 +0000" stop="20221123130000 +0000" catchup-id="zOskE0p4kI5c-QkQipGoqxa8puYs2JK4v83oIGBN"><title>We Love the 00s!</title><date></date><icon src="https://m7be2.solocoo.tv/m7be2iphone/mmchan/mpimages/208x308/y0WcGYpv5sZpRjBcGxBI3g.jpg"></icon><desc></desc><category></category></programme><programme channel="Mpw70GftHQ_H60VOCrbNThnMkX07uVwp9a3re83Y" start="20221123130000 +0000" stop="20221123140000 +0000" catchup-id="Dc8XQgHrcHBTcWRFvGDog34o_oYZFyP_yFxbdMrw"><title>2 4 1 Hits!</title><date></date><icon src="https://m7be2.solocoo.tv/m7be2iphone/mmchan/mpimages/208x308/UiocjkjOEoXxCHZJd0wfzQ.jpg"></icon><desc></desc><category></category></programme><programme channel="Mpw70GftHQ_H60VOCrbNThnMkX07uVwp9a3re83Y" start="20221123140000 +0000" stop="20221123180000 +0000" catchup-id="baTzDCGu_Q7XqEk3hfvs2zhE5bNAkvRtJXTa-U_N"><title>Hits Don't Lie!</title><date></date><icon src="https://m7be2.solocoo.tv/m7be2iphone/mmchan/mpimages/208x308/AxB7PsCHbCfhLb8DHG4yhg.jpg"></icon><desc></desc><category></category></programme><programme channel="Mpw70GftHQ_H60VOCrbNThnMkX07uVwp9a3re83Y" start="20221123180000 +0000" stop="20221123190000 +0000" catchup-id="lE-R4-R8G9ZVza3Zwqn4x_fh4ioS5qAM6Pd0cAnp"><title>Can't Fight the Pop Ballads!</title><date></date><icon src="https://m7be2.solocoo.tv/m7be2iphone/mmchan/mpimages/208x308/PsGvszHhULfRHVPa2nWC4w.jpg"></icon><desc></desc><category></category></programme><programme channel="Mpw70GftHQ_H60VOCrbNThnMkX07uVwp9a3re83Y" start="20221123190000 +0000" stop="20221124010000 +0000" catchup-id="Q-2rTlcG-RcyD98VIi0daqYmggm2jYxNIMCOp874"><title>Non-Stop Nostalgia</title><date></date><icon src="https://m7be2.solocoo.tv/m7be2iphone/mmchan/mpimages/208x308/JBzqwmtYmJi4QcWix-UF-w.jpg"></icon><desc></desc><category></category></programme><programme channel="Mpw70GftHQ_H60VOCrbNThnMkX07uVwp9a3re83Y" start="20221124010000 +0000" stop="20221124030000 +0000" catchup-id="5gP0u1oFBC5X-2cH0mHz24DRLiJxrrZe4FtGSGU-"><title>Non-Stop Nostalgia</title><date></date><icon src="https://m7be2.solocoo.tv/m7be2iphone/mmchan/mpimages/208x308/JBzqwmtYmJi4QcWix-UF-w.jpg"></icon><desc></desc><category></category></programme><programme channel="Mpw70GftHQ_H60VOCrbNThnMkX07uVwp9a3re83Y" start="20221124030000 +0000" stop="20221124070000 +0000" catchup-id="lGnYHC_mZwM4_xeHkltWSv8nIYDfX8N3HiiopjKJ"><title>Non-Stop Nostalgia</title><date></date><icon src="https://m7be2.solocoo.tv/m7be2iphone/mmchan/mpimages/208x308/JBzqwmtYmJi4QcWix-UF-w.jpg"></icon><desc></desc><category></category></programme><programme channel="Mpw70GftHQ_H60VOCrbNThnMkX07uVwp9a3re83Y" start="20221124070000 +0000" stop="20221124080000 +0000" catchup-id="49uuc5q2fBRSiAzCHN7lp1WrKwgB1GLP13JitzD1"><title>Class Of 2001!</title><date></date><icon src="https://m7be2.solocoo.tv/m7be2iphone/mmchan/mpimages/208x308/mR7-iHqEqlwfFE0PSMM5UA.jpg"></icon><desc></desc><category></category></programme><programme channel="Mpw70GftHQ_H60VOCrbNThnMkX07uVwp9a3re83Y" start="20221124080000 +0000" stop="20221124130000 +0000" catchup-id="sbuWQsAqcMUelgh-fu8Yy4RDSG5VoeWMnHdwPfVK"><title>We Love the 00s!</title><date></date><icon src="https://m7be2.solocoo.tv/m7be2iphone/mmchan/mpimages/208x308/y0WcGYpv5sZpRjBcGxBI3g.jpg"></icon><desc></desc><category></category></programme><programme channel="Mpw70GftHQ_H60VOCrbNThnMkX07uVwp9a3re83Y" start="20221124130000 +0000" stop="20221124140000 +0000" catchup-id="eYnSb46v3JP_s6fL4JRe1ja31OXr7r-EkHGVAGnC"><title>Class Of 2001!</title><date></date><icon src="https://m7be2.solocoo.tv/m7be2iphone/mmchan/mpimages/208x308/mR7-iHqEqlwfFE0PSMM5UA.jpg"></icon><desc></desc><category></category></programme><programme channel="Mpw70GftHQ_H60VOCrbNThnMkX07uVwp9a3re83Y" start="20221124140000 +0000" stop="20221124180000 +0000" catchup-id="iDdzWEFeLow-QZLqkbAlVMCv2e49JyphwyZ5iPOy"><title>Hits Don't Lie!</title><date></date><icon src="https://m7be2.solocoo.tv/m7be2iphone/mmchan/mpimages/208x308/AxB7PsCHbCfhLb8DHG4yhg.jpg"></icon><desc></desc><category></category></programme><programme channel="Mpw70GftHQ_H60VOCrbNThnMkX07uVwp9a3re83Y" start="20221124180000 +0000" stop="20221124190000 +0000" catchup-id="bA_ymvrkDzZ1lKF6O4iCg-XR3JmSJy-Uhp1yxSTK"><title>Rap &amp; R'n'B Jamz</title><date></date><icon src="https://m7be2.solocoo.tv/m7be2iphone/mmchan/mpimages/208x308/GE9A1mNSYv4TFLHeMjo4ow.jpg"></icon><desc></desc><category></category></programme><programme channel="Mpw70GftHQ_H60VOCrbNThnMkX07uVwp9a3re83Y" start="20221124190000 +0000" stop="20221125010000 +0000" catchup-id="mC6tmkorS2TRhQDL2Ga1RVLpbFOAcD3vM3qvZ_AZ"><title>Non-Stop Nostalgia</title><date></date><icon src="https://m7be2.solocoo.tv/m7be2iphone/mmchan/mpimages/208x308/JBzqwmtYmJi4QcWix-UF-w.jpg"></icon><desc></desc><category></category></programme><programme channel="Mpw70GftHQ_H60VOCrbNThnMkX07uVwp9a3re83Y" start="20221125010000 +0000" stop="20221125030000 +0000" catchup-id="48KzgfxO7Y5bWz9VQt004J7o8m2sSQPprwomXwxa"><title>Non-Stop Nostalgia</title><date></date><icon src="https://m7be2.solocoo.tv/m7be2iphone/mmchan/mpimages/208x308/JBzqwmtYmJi4QcWix-UF-w.jpg"></icon><desc></desc><category></category></programme><programme channel="Mpw70GftHQ_H60VOCrbNThnMkX07uVwp9a3re83Y" start="20221125030000 +0000" stop="20221125070000 +0000" catchup-id="djMGTyIXpg_BXBRPgNkUAB-sVL_42rItZ8uoPwo6"><title>Non-Stop Nostalgia</title><date></date><icon src="https://m7be2.solocoo.tv/m7be2iphone/mmchan/mpimages/208x308/JBzqwmtYmJi4QcWix-UF-w.jpg"></icon><desc></desc><category></category></programme><programme channel="Mpw70GftHQ_H60VOCrbNThnMkX07uVwp9a3re83Y" start="20221125070000 +0000" stop="20221125080000 +0000" catchup-id="--OA0w9t1ndJzBspwsRioLIWYNOHsi3g_XdzExam"><title>Maroon 5 X Coldplay</title><date></date><icon src="https://m7be2.solocoo.tv/m7be2iphone/mmchan/mpimages/208x308/mzb0QAU4w5vVfWICPmxulw.jpg"></icon><desc></desc><category></category></programme><programme channel="Mpw70GftHQ_H60VOCrbNThnMkX07uVwp9a3re83Y" start="20221125080000 +0000" stop="20221125130000 +0000" catchup-id="UeaXTto0OVwE_fhzFap4hK276VvAMXGfUuMYbtXq"><title>We Love the 00s!</title><date></date><icon src="https://m7be2.solocoo.tv/m7be2iphone/mmchan/mpimages/208x308/y0WcGYpv5sZpRjBcGxBI3g.jpg"></icon><desc></desc><category></category></programme><programme channel="Mpw70GftHQ_H60VOCrbNThnMkX07uVwp9a3re83Y" start="20221125130000 +0000" stop="20221125140000 +0000" catchup-id="1TjeRT7qHqRsp-1lwovPiD0Bl9SZEWL0VtF3J2wg"><title>Maroon 5 X Coldplay</title><date></date><icon src="https://m7be2.solocoo.tv/m7be2iphone/mmchan/mpimages/208x308/mzb0QAU4w5vVfWICPmxulw.jpg"></icon><desc></desc><category></category></programme><programme channel="Mpw70GftHQ_H60VOCrbNThnMkX07uVwp9a3re83Y" start="20221125140000 +0000" stop="20221125180000 +0000" catchup-id="O2bPrrreSzh9qjmuCaSKhYiwifEuW71N7iQJoEHp"><title>Hits Don't Lie!</title><date></date><icon src="https://m7be2.solocoo.tv/m7be2iphone/mmchan/mpimages/208x308/AxB7PsCHbCfhLb8DHG4yhg.jpg"></icon><desc></desc><category></category></programme><programme channel="Mpw70GftHQ_H60VOCrbNThnMkX07uVwp9a3re83Y" start="20221125180000 +0000" stop="20221125190000 +0000" catchup-id="4RoYfJHxDWPiPBGA9tHWD-1UK2tLY2-0lom-W5_R"><title>Dancefloor Fillers!</title><date></date><icon src="https://m7be2.solocoo.tv/m7be2iphone/mmchan/mpimages/208x308/v64JURu4Beei97ZNbtxMvw.jpg"></icon><desc></desc><category></category></programme><programme channel="Mpw70GftHQ_H60VOCrbNThnMkX07uVwp9a3re83Y" start="20221125190000 +0000" stop="20221125220000 +0000" catchup-id="fk_IRboMFbBetjgzZtADvQP_xlUyzQcQCnPtwevN"><title>40 Feel-Good Anthems From The Boys!</title><date></date><icon src="https://m7be2.solocoo.tv/m7be2iphone/mmchan/mpimages/208x308/-lE9wgkVlHIugWtp6hEhNA.jpg"></icon><desc></desc><category></category></programme><programme channel="Mpw70GftHQ_H60VOCrbNThnMkX07uVwp9a3re83Y" start="20221125220000 +0000" stop="20221126010000 +0000" catchup-id="RMxHdoCphWSXWCg9RJJPJjESpWbG0BgCPq0IxKV3"><title>Non-Stop Nostalgia</title><date></date><icon src="https://m7be2.solocoo.tv/m7be2iphone/mmchan/mpimages/208x308/JBzqwmtYmJi4QcWix-UF-w.jpg"></icon><desc></desc><category></category></programme><programme channel="Mpw70GftHQ_H60VOCrbNThnMkX07uVwp9a3re83Y" start="20221126010000 +0000" stop="20221126030000 +0000" catchup-id="MzI_6GWvr5OmUwuti5ptgpcfoiOF9rSCxmJwIfh6"><title>Non-Stop Nostalgia</title><date></date><icon src="https://m7be2.solocoo.tv/m7be2iphone/mmchan/mpimages/208x308/JBzqwmtYmJi4QcWix-UF-w.jpg"></icon><desc></desc><category></category></programme><programme channel="Mpw70GftHQ_H60VOCrbNThnMkX07uVwp9a3re83Y" start="20221126030000 +0000" stop="20221126070000 +0000" catchup-id="I66Y5nJHOCTA0547WE--yF8CkDeP7em7MR6PBdDy"><title>Non-Stop Nostalgia</title><date></date><icon src="https://m7be2.solocoo.tv/m7be2iphone/mmchan/mpimages/208x308/JBzqwmtYmJi4QcWix-UF-w.jpg"></icon><desc></desc><category></category></programme><programme channel="Mpw70GftHQ_H60VOCrbNThnMkX07uVwp9a3re83Y" start="20221126070000 +0000" stop="20221126100000 +0000" catchup-id="vRUOwtLU8o6eI90CSGbkVrsoawY4CcU5yofR_jg6"><title>Boys In Love! Top 40</title><date></date><icon src="https://m7be2.solocoo.tv/m7be2iphone/mmchan/mpimages/208x308/Rb5FchfOoYLk7HhFH4gRTA.jpg"></icon><desc></desc><category></category></programme><programme channel="Mpw70GftHQ_H60VOCrbNThnMkX07uVwp9a3re83Y" start="20221126100000 +0000" stop="20221126130000 +0000" catchup-id="FiJ67_X_VDkA2DTg_Z8W7nPHufcBArIXzYDGnKSm"><title>We Love the 00s!</title><date></date><icon src="https://m7be2.solocoo.tv/m7be2iphone/mmchan/mpimages/208x308/y0WcGYpv5sZpRjBcGxBI3g.jpg"></icon><desc></desc><category></category></programme><programme channel="Mpw70GftHQ_H60VOCrbNThnMkX07uVwp9a3re83Y" start="20221126130000 +0000" stop="20221126140000 +0000" catchup-id="226Ls26sAizjfisgVHOO2m4fN3jTGARwzSXe6iM7"><title>2 4 1 Hits!</title><date></date><icon src="https://m7be2.solocoo.tv/m7be2iphone/mmchan/mpimages/208x308/UiocjkjOEoXxCHZJd0wfzQ.jpg"></icon><desc></desc><category></category></programme><programme channel="Mpw70GftHQ_H60VOCrbNThnMkX07uVwp9a3re83Y" start="20221126140000 +0000" stop="20221126180000 +0000" catchup-id="-R4Kz1v-QMdW6sPN82N-q19u346L1J-RdKPRmlOp"><title>Hits Don't Lie!</title><date></date><icon src="https://m7be2.solocoo.tv/m7be2iphone/mmchan/mpimages/260x145/AxB7PsCHbCfhLb8DHG4yhg.jpg"></icon><desc></desc><category></category></programme><programme channel="Mpw70GftHQ_H60VOCrbNThnMkX07uVwp9a3re83Y" start="20221126180000 +0000" stop="20221126190000 +0000" catchup-id="5qTzoad3zjCnC6aOneodvdIJ3BJk7Kd_j9iST-w9"><title>Rock'N'Roll Anthems!</title><date></date><icon src="https://m7be2.solocoo.tv/m7be2iphone/mmchan/mpimages/260x145/cUVhY1LE34N4JnS8dy9fuQ.jpg"></icon><desc></desc><category></category></programme><programme channel="Mpw70GftHQ_H60VOCrbNThnMkX07uVwp9a3re83Y" start="20221126190000 +0000" stop="20221127010000 +0000" catchup-id="2Zcphh-dH4CTLsrMBp_zj6ycTNwy1rqcWGxdtQ-k"><title>Non-Stop Nostalgia</title><date></date><icon src="https://m7be2.solocoo.tv/m7be2iphone/mmchan/mpimages/260x145/JBzqwmtYmJi4QcWix-UF-w.jpg"></icon><desc></desc><category></category></programme><programme channel="Mpw70GftHQ_H60VOCrbNThnMkX07uVwp9a3re83Y" start="20221127010000 +0000" stop="20221127030000 +0000" catchup-id="4ebDYJjyaD3S6ZpyRg6wppww7QXQxbChpJ5gaHd1"><title>Non-Stop Nostalgia</title><date></date><icon src="https://m7be2.solocoo.tv/m7be2iphone/mmchan/mpimages/260x145/JBzqwmtYmJi4QcWix-UF-w.jpg"></icon><desc></desc><category></category></programme><programme channel="Mpw70GftHQ_H60VOCrbNThnMkX07uVwp9a3re83Y" start="20221127030000 +0000" stop="20221127070000 +0000" catchup-id="W5ruvmoifNjORyqj1_zxKcih-OKTsbB8A7ifugGZ"><title>Non-Stop Nostalgia</title><date></date><icon src="https://m7be2.solocoo.tv/m7be2iphone/mmchan/mpimages/260x145/JBzqwmtYmJi4QcWix-UF-w.jpg"></icon><desc></desc><category></category></programme><programme channel="Mpw70GftHQ_H60VOCrbNThnMkX07uVwp9a3re83Y" start="20221127070000 +0000" stop="20221127080000 +0000" catchup-id="p8OGHHcDO9oLPGorC2bkZLt8BaGE3aOAYMI1T95V"><title>Class Of 2002!</title><date></date><icon src="https://m7be2.solocoo.tv/m7be2iphone/mmchan/mpimages/260x145/mR7-iHqEqlwfFE0PSMM5UA.jpg"></icon><desc></desc><category></category></programme><programme channel="Mpw70GftHQ_H60VOCrbNThnMkX07uVwp9a3re83Y" start="20221127080000 +0000" stop="20221127100000 +0000" catchup-id="Z1SE2Ntp3y8FBdnfTaq_OmAPZqF7brtA2L24Ysol"><title>We Love the 00s!</title><date></date><icon src="https://m7be2.solocoo.tv/m7be2iphone/mmchan/mpimages/260x145/y0WcGYpv5sZpRjBcGxBI3g.jpg"></icon><desc></desc><category></category></programme><programme channel="Mpw70GftHQ_H60VOCrbNThnMkX07uVwp9a3re83Y" start="20221127100000 +0000" stop="20221127130000 +0000" catchup-id="X0hZXzRH9_BTa6mh0f6wZw4V6DX7YJe8wvEGjas4"><title>Mega Hits From the Boys! Top 40</title><date></date><icon src="https://m7be2.solocoo.tv/m7be2iphone/mmchan/mpimages/260x145/6nUHh4oz7-GyZi805s7RSA.jpg"></icon><desc></desc><category></category></programme><programme channel="Mpw70GftHQ_H60VOCrbNThnMkX07uVwp9a3re83Y" start="20221127130000 +0000" stop="20221127140000 +0000" catchup-id="lQH7ELrGBh1pBrE9QTasSMxe44vgem0XDGaLXSI4"><title>Class Of 2002!</title><date></date><icon src="https://m7be2.solocoo.tv/m7be2iphone/mmchan/mpimages/260x145/mR7-iHqEqlwfFE0PSMM5UA.jpg"></icon><desc></desc><category></category></programme><programme channel="Mpw70GftHQ_H60VOCrbNThnMkX07uVwp9a3re83Y" start="20221127140000 +0000" stop="20221127180000 +0000" catchup-id="KfTbUuexR_Zg73q185ixXKRIqdbDH0CjBz5F3c-f"><title>Hits Don't Lie!</title><date></date><icon src="https://m7be2.solocoo.tv/m7be2iphone/mmchan/mpimages/260x145/AxB7PsCHbCfhLb8DHG4yhg.jpg"></icon><desc></desc><category></category></programme><programme channel="Mpw70GftHQ_H60VOCrbNThnMkX07uVwp9a3re83Y" start="20221127180000 +0000" stop="20221127190000 +0000" catchup-id="HpH7tOBaLFLxrTgsf2NeCMAB5hNX_TcrEZOZQfio"><title>Crazy In Love</title><date></date><icon src="https://m7be2.solocoo.tv/m7be2iphone/mmchan/mpimages/260x145/RfEAKLqf87ZWQjfxKegNMA.jpg"></icon><desc></desc><category></category></programme><programme channel="Mpw70GftHQ_H60VOCrbNThnMkX07uVwp9a3re83Y" start="20221127190000 +0000" stop="20221128010000 +0000" catchup-id="0jQXrr0T-yu-LZOyJ_XiAP-f7etcL4BTwtRR_n0P"><title>Non-Stop Nostalgia</title><date></date><icon src="https://m7be2.solocoo.tv/m7be2iphone/mmchan/mpimages/260x145/JBzqwmtYmJi4QcWix-UF-w.jpg"></icon><desc></desc><category></category></programme><programme channel="Mpw70GftHQ_H60VOCrbNThnMkX07uVwp9a3re83Y" start="20221128010000 +0000" stop="20221128030000 +0000" catchup-id="7VaNP6OTl2AekGLJTcc3WGOH7UXnv9VyUVv5-I1Q"><title>Non-Stop Nostalgia</title><date></date><icon src="https://m7be2.solocoo.tv/m7be2iphone/mmchan/mpimages/260x145/JBzqwmtYmJi4QcWix-UF-w.jpg"></icon><desc></desc><category></category></programme><programme channel="Mpw70GftHQ_H60VOCrbNThnMkX07uVwp9a3re83Y" start="20221128030000 +0000" stop="20221128070000 +0000" catchup-id="g4vq1MwZ1iXRqRclvkjPUPEYROoBzS5LTCmCs2ut"><title>Non-Stop Nostalgia</title><date></date><icon src="https://m7be2.solocoo.tv/m7be2iphone/mmchan/mpimages/260x145/JBzqwmtYmJi4QcWix-UF-w.jpg"></icon><desc></desc><category></category></programme><programme channel="Mpw70GftHQ_H60VOCrbNThnMkX07uVwp9a3re83Y" start="20221128070000 +0000" stop="20221128080000 +0000" catchup-id="P3Zvl4KGSeAUnFRtgj6glZkbjfTiChySQkDW9x8k"><title>Worldwide Hits From the Boys!</title><date></date><icon src="https://m7be2.solocoo.tv/m7be2iphone/mmchan/mpimages/260x145/jWX4ZFCBsVWlghjrXmea5g.jpg"></icon><desc></desc><category></category></programme><programme channel="Mpw70GftHQ_H60VOCrbNThnMkX07uVwp9a3re83Y" start="20221128080000 +0000" stop="20221128130000 +0000" catchup-id="fkqUt0W743KmJxJoHELG6EeXGVdV1KN_q-wVnLaM"><title>We Love the 00s!</title><date></date><icon src="https://m7be2.solocoo.tv/m7be2iphone/mmchan/mpimages/260x145/y0WcGYpv5sZpRjBcGxBI3g.jpg"></icon><desc></desc><category></category></programme><programme channel="Mpw70GftHQ_H60VOCrbNThnMkX07uVwp9a3re83Y" start="20221128130000 +0000" stop="20221128140000 +0000" catchup-id="3PNIpfN9Ra0SukYP80aW5h4V5nCot7orrPCuuZVZ"><title>Worldwide Hits From the Boys!</title><date></date><icon src="https://m7be2.solocoo.tv/m7be2iphone/mmchan/mpimages/260x145/jWX4ZFCBsVWlghjrXmea5g.jpg"></icon><desc></desc><category></category></programme><programme channel="Mpw70GftHQ_H60VOCrbNThnMkX07uVwp9a3re83Y" start="20221128140000 +0000" stop="20221128180000 +0000" catchup-id="ajPzz9CI27Ej5j-Cq-1Ar3sFEn-YE7dfomVHYwXF"><title>Hits Don't Lie!</title><date></date><icon src="https://m7be2.solocoo.tv/m7be2iphone/mmchan/mpimages/260x145/AxB7PsCHbCfhLb8DHG4yhg.jpg"></icon><desc></desc><category></category></programme><programme channel="Mpw70GftHQ_H60VOCrbNThnMkX07uVwp9a3re83Y" start="20221128180000 +0000" stop="20221128190000 +0000" catchup-id="FYvugZ-RE9VFqs5vNk79P0d-MCkxV4gHm0rrbeh0"><title>Chillout Zone</title><date></date><icon src="https://m7be2.solocoo.tv/m7be2iphone/mmchan/mpimages/260x145/DySmNBav-1Nz--qtvJF1BQ.jpg"></icon><desc></desc><category></category></programme><programme channel="Mpw70GftHQ_H60VOCrbNThnMkX07uVwp9a3re83Y" start="20221128190000 +0000" stop="20221129010000 +0000" catchup-id="YGqJd78yvpYnEhyva_lsC-e5cICXxYLg9wxBR1vP"><title>Non-Stop Nostalgia</title><date></date><icon src="https://m7be2.solocoo.tv/m7be2iphone/mmchan/mpimages/260x145/JBzqwmtYmJi4QcWix-UF-w.jpg"></icon><desc></desc><category></category></programme><programme channel="Mpw70GftHQ_H60VOCrbNThnMkX07uVwp9a3re83Y" start="20221129010000 +0000" stop="20221129030000 +0000" catchup-id="7yYQd_ZMLgsehomjIaLJvHLyLXOux5c0I4JQVGDT"><title>Non-Stop Nostalgia</title><date></date><icon src="https://m7be2.solocoo.tv/m7be2iphone/mmchan/mpimages/260x145/JBzqwmtYmJi4QcWix-UF-w.jpg"></icon><desc></desc><category></category></programme><programme channel="Mpw70GftHQ_H60VOCrbNThnMkX07uVwp9a3re83Y" start="20221129030000 +0000" stop="20221129070000 +0000" catchup-id="dYrGQ0E9NiZggJE5xCul8KYimpgd7h0aARyegXOz"><title>Non-Stop Nostalgia</title><date></date><icon src="https://m7be2.solocoo.tv/m7be2iphone/mmchan/mpimages/260x145/JBzqwmtYmJi4QcWix-UF-w.jpg"></icon><desc></desc><category></category></programme><programme channel="Mpw70GftHQ_H60VOCrbNThnMkX07uVwp9a3re83Y" start="20221129070000 +0000" stop="20221129080000 +0000" catchup-id="UX4TyxvM_o61y8vmFxWYMThp2shaNYckB4EDHUi7"><title>Class Of 2004!</title><date></date><icon src="https://m7be2.solocoo.tv/m7be2iphone/mmchan/mpimages/260x145/mR7-iHqEqlwfFE0PSMM5UA.jpg"></icon><desc></desc><category></category></programme><programme channel="Mpw70GftHQ_H60VOCrbNThnMkX07uVwp9a3re83Y" start="20221129080000 +0000" stop="20221129130000 +0000" catchup-id="riz6FqrHG7gFLbOHTPJlGgRuTC4lnF7RKYT11zAD"><title>We Love the 00s!</title><date></date><icon src="https://m7be2.solocoo.tv/m7be2iphone/mmchan/mpimages/260x145/y0WcGYpv5sZpRjBcGxBI3g.jpg"></icon><desc></desc><category></category></programme><programme channel="Mpw70GftHQ_H60VOCrbNThnMkX07uVwp9a3re83Y" start="20221129130000 +0000" stop="20221129140000 +0000" catchup-id="_FedWUeH0slo3D5rWoSNIg4nbmMdEanvV4VUyiIN"><title>Class Of 2004!</title><date></date><icon src="https://m7be2.solocoo.tv/m7be2iphone/mmchan/mpimages/260x145/mR7-iHqEqlwfFE0PSMM5UA.jpg"></icon><desc></desc><category></category></programme><programme channel="Mpw70GftHQ_H60VOCrbNThnMkX07uVwp9a3re83Y" start="20221129140000 +0000" stop="20221129180000 +0000" catchup-id="GzpJLBXaUcG0gmt4qMHyF_qUlN_SzuWnAgtc5Xwa"><title>Hits Don't Lie!</title><date></date><icon src="https://m7be2.solocoo.tv/m7be2iphone/mmchan/mpimages/260x145/AxB7PsCHbCfhLb8DHG4yhg.jpg"></icon><desc></desc><category></category></programme><programme channel="Mpw70GftHQ_H60VOCrbNThnMkX07uVwp9a3re83Y" start="20221129180000 +0000" stop="20221129190000 +0000" catchup-id="lzogOrKbpQkZo8ii7mPWVCgZuR4Uk0C24f1r4ntJ"><title>Classic Collabs!</title><date></date><icon src="https://m7be2.solocoo.tv/m7be2iphone/mmchan/mpimages/260x145/tDgJT9UUuv5E3uVSgscNRQ.jpg"></icon><desc></desc><category></category></programme><programme channel="Mpw70GftHQ_H60VOCrbNThnMkX07uVwp9a3re83Y" start="20221129190000 +0000" stop="20221130010000 +0000" catchup-id="mjRSuLdYwCrTJrhLn0EjfrTHsG3Ue7U7SuLElvOU"><title>Non-Stop Nostalgia</title><date></date><icon src="https://m7be2.solocoo.tv/m7be2iphone/mmchan/mpimages/260x145/JBzqwmtYmJi4QcWix-UF-w.jpg"></icon><desc></desc><category></category></programme><programme channel="Mpw70GftHQ_H60VOCrbNThnMkX07uVwp9a3re83Y" start="20221130010000 +0000" stop="20221130030000 +0000" catchup-id="E5lOoWQ2CXzYfG81ZydrTFComB1u49NxkPrEiYlv"><title>Non-Stop Nostalgia</title><date></date><icon src="https://m7be2.solocoo.tv/m7be2iphone/mmchan/mpimages/260x145/JBzqwmtYmJi4QcWix-UF-w.jpg"></icon><desc></desc><category></category></programme><programme channel="Mpw70GftHQ_H60VOCrbNThnMkX07uVwp9a3re83Y" start="20221130030000 +0000" stop="20221130070000 +0000" catchup-id="JzRjqjM9WZye0smPEOqTjr03uvSezSbJpF6vlhJU"><title>Non-Stop Nostalgia</title><date></date><icon src="https://m7be2.solocoo.tv/m7be2iphone/mmchan/mpimages/260x145/JBzqwmtYmJi4QcWix-UF-w.jpg"></icon><desc></desc><category></category></programme><programme channel="Mpw70GftHQ_H60VOCrbNThnMkX07uVwp9a3re83Y" start="20221130070000 +0000" stop="20221130080000 +0000" catchup-id="u5jZnpwU4W9QE6RpV_vp6qQzzJPGtPGIjqHs4K5u"><title>2 4 1 Hits!</title><date></date><icon src="https://m7be2.solocoo.tv/m7be2iphone/mmchan/mpimages/260x145/UiocjkjOEoXxCHZJd0wfzQ.jpg"></icon><desc></desc><category></category></programme><programme channel="Mpw70GftHQ_H60VOCrbNThnMkX07uVwp9a3re83Y" start="20221130080000 +0000" stop="20221130130000 +0000" catchup-id="DEPwbhhxo-9E5JTwkii6j4aBDpeMeX9w9HZona1z"><title>We Love the 00s!</title><date></date><icon src="https://m7be2.solocoo.tv/m7be2iphone/mmchan/mpimages/260x145/y0WcGYpv5sZpRjBcGxBI3g.jpg"></icon><desc></desc><category></category></programme><programme channel="Mpw70GftHQ_H60VOCrbNThnMkX07uVwp9a3re83Y" start="20221130130000 +0000" stop="20221130140000 +0000" catchup-id="qXM_NxwOZw4aDQV9VncVrE1jNiL38j5J-rHIsyLx"><title>2 4 1 Hits!</title><date></date><icon src="https://m7be2.solocoo.tv/m7be2iphone/mmchan/mpimages/260x145/UiocjkjOEoXxCHZJd0wfzQ.jpg"></icon><desc></desc><category></category></programme><programme channel="Mpw70GftHQ_H60VOCrbNThnMkX07uVwp9a3re83Y" start="20221130140000 +0000" stop="20221130180000 +0000" catchup-id="z0ijw4PH0bnj1MAkqUKtSpdHhmNKRVWNayoQHB-2"><title>Hits Don't Lie!</title><date></date><icon src="https://m7be2.solocoo.tv/m7be2iphone/mmchan/mpimages/260x145/AxB7PsCHbCfhLb8DHG4yhg.jpg"></icon><desc></desc><category></category></programme><programme channel="Mpw70GftHQ_H60VOCrbNThnMkX07uVwp9a3re83Y" start="20221130180000 +0000" stop="20221130190000 +0000" catchup-id="GzXuvitINznAb1tw-3tp07RhLxSz1Wq0j7mS8AwH"><title>Can't Fight the Pop Ballads!</title><date></date><icon src="https://m7be2.solocoo.tv/m7be2iphone/mmchan/mpimages/260x145/PsGvszHhULfRHVPa2nWC4w.jpg"></icon><desc></desc><category></category></programme><programme channel="Mpw70GftHQ_H60VOCrbNThnMkX07uVwp9a3re83Y" start="20221130190000 +0000" stop="20221201010000 +0000" catchup-id="dr583ZBmeSjlh9_bXbiErfTqBsZhqgaTg2PTG8P2"><title>Non-Stop Nostalgia</title><date></date><icon src="https://m7be2.solocoo.tv/m7be2iphone/mmchan/mpimages/260x145/JBzqwmtYmJi4QcWix-UF-w.jpg"></icon><desc></desc><category></category></programme><programme channel="Mpw70GftHQ_H60VOCrbNThnMkX07uVwp9a3re83Y" start="20221201010000 +0000" stop="20221201030000 +0000" catchup-id="nzCda7JN-3csEM_y458CwR6CRTY-da6GlvMV4Exx"><title>Non-Stop Nostalgia</title><date></date><icon src="https://m7be2.solocoo.tv/m7be2iphone/mmchan/mpimages/260x145/JBzqwmtYmJi4QcWix-UF-w.jpg"></icon><desc></desc><category></category></programme><programme channel="Mpw70GftHQ_H60VOCrbNThnMkX07uVwp9a3re83Y" start="20221201030000 +0000" stop="20221201070000 +0000" catchup-id="Lo3Z7CH1ef_9msmzi_IEFs9RO2Zlki8-TJgohdGh"><title>Non-Stop Nostalgia</title><date></date><icon src="https://m7be2.solocoo.tv/m7be2iphone/mmchan/mpimages/260x145/JBzqwmtYmJi4QcWix-UF-w.jpg"></icon><desc></desc><category></category></programme><programme channel="Mpw70GftHQ_H60VOCrbNThnMkX07uVwp9a3re83Y" start="20221201070000 +0000" stop="20221201080000 +0000" catchup-id="ggxAifHsciSmlJeiGoP404x941hJEhSuh5P6WI7Z"><title>Class Of 2005!</title><date></date><icon src="https://m7be2.solocoo.tv/m7be2iphone/mmchan/mpimages/260x145/mR7-iHqEqlwfFE0PSMM5UA.jpg"></icon><desc></desc><category></category></programme><programme channel="Mpw70GftHQ_H60VOCrbNThnMkX07uVwp9a3re83Y" start="20221201080000 +0000" stop="20221201130000 +0000" catchup-id="zEeJQ_2Fyl4f9d7gcjzp-0YUFyN0lps6CWqTTMLj"><title>We Love the 00s!</title><date></date><icon src="https://m7be2.solocoo.tv/m7be2iphone/mmchan/mpimages/260x145/y0WcGYpv5sZpRjBcGxBI3g.jpg"></icon><desc></desc><category></category></programme><programme channel="Mpw70GftHQ_H60VOCrbNThnMkX07uVwp9a3re83Y" start="20221201130000 +0000" stop="20221201140000 +0000" catchup-id="oemEWINtQ6LTZw8z-IjE9WyiUA95amUmiHaH5cR6"><title>Class Of 2005!</title><date></date><icon src="https://m7be2.solocoo.tv/m7be2iphone/mmchan/mpimages/260x145/mR7-iHqEqlwfFE0PSMM5UA.jpg"></icon><desc></desc><category></category></programme><programme channel="Mpw70GftHQ_H60VOCrbNThnMkX07uVwp9a3re83Y" start="20221201140000 +0000" stop="20221201180000 +0000" catchup-id="5MA7N0meUP129J2Ds2gK8HRCx7uMcScAAXEKLCzq"><title>Hits Don't Lie!</title><date></date><icon src="https://m7be2.solocoo.tv/m7be2iphone/mmchan/mpimages/260x145/AxB7PsCHbCfhLb8DHG4yhg.jpg"></icon><desc></desc><category></category></programme><programme channel="Mpw70GftHQ_H60VOCrbNThnMkX07uVwp9a3re83Y" start="20221201180000 +0000" stop="20221201190000 +0000" catchup-id="gwN-fKk_Xlc5_waWlKr_G_DoYageqwG6qLBtbrXr"><title>Rap &amp; R'n'B Jamz</title><date></date><icon src="https://m7be2.solocoo.tv/m7be2iphone/mmchan/mpimages/260x145/GE9A1mNSYv4TFLHeMjo4ow.jpg"></icon><desc></desc><category></category></programme><programme channel="Mpw70GftHQ_H60VOCrbNThnMkX07uVwp9a3re83Y" start="20221201190000 +0000" stop="20221202010000 +0000" catchup-id="Y0mv2G54-JVLAyKQWrG-TBGWFo-86_DtitYvCdPB"><title>Non-Stop Nostalgia</title><date></date><icon src="https://m7be2.solocoo.tv/m7be2iphone/mmchan/mpimages/260x145/JBzqwmtYmJi4QcWix-UF-w.jpg"></icon><desc></desc><category></category></programme><programme channel="Mpw70GftHQ_H60VOCrbNThnMkX07uVwp9a3re83Y" start="20221202010000 +0000" stop="20221202030000 +0000" catchup-id="66WcZhVC2pU3f1Vb7CdZEotCeN0vBIQReZ4P2uLH"><title>Non-Stop Nostalgia</title><date></date><icon src="https://m7be2.solocoo.tv/m7be2iphone/mmchan/mpimages/260x145/JBzqwmtYmJi4QcWix-UF-w.jpg"></icon><desc></desc><category></category></programme><programme channel="Mpw70GftHQ_H60VOCrbNThnMkX07uVwp9a3re83Y" start="20221202030000 +0000" stop="20221202070000 +0000" catchup-id="t39DJ2cAucgTkUnb9bKR9Jnqfc0i7SpwMrC6tzaN"><title>Non-Stop Nostalgia</title><date></date><icon src="https://m7be2.solocoo.tv/m7be2iphone/mmchan/mpimages/260x145/JBzqwmtYmJi4QcWix-UF-w.jpg"></icon><desc></desc><category></category></programme><programme channel="Mpw70GftHQ_H60VOCrbNThnMkX07uVwp9a3re83Y" start="20221202070000 +0000" stop="20221202080000 +0000" catchup-id="6f0f8SNwEVrSEvocC3cLnRRT1onxjxB-h_4h2WEM"><title>Eminem X Kanye West</title><date></date><icon src="https://m7be2.solocoo.tv/m7be2iphone/mmchan/mpimages/260x145/Rb5FchfOoYLk7HhFH4gRTA.jpg"></icon><desc></desc><category></category></programme><programme channel="Mpw70GftHQ_H60VOCrbNThnMkX07uVwp9a3re83Y" start="20221202080000 +0000" stop="20221202130000 +0000" catchup-id="-n8E2lJOGibHSjj-rTIIU_6lqQPkcHWaQnUBNilv"><title>We Love the 00s!</title><date></date><icon src="https://m7be2.solocoo.tv/m7be2iphone/mmchan/mpimages/260x145/y0WcGYpv5sZpRjBcGxBI3g.jpg"></icon><desc></desc><category></category></programme><programme channel="Mpw70GftHQ_H60VOCrbNThnMkX07uVwp9a3re83Y" start="20221202130000 +0000" stop="20221202140000 +0000" catchup-id="GvYoYbNiwgZai8IJii-fK950j1QDJMkk7PHI4Qjn"><title>Eminem X Kanye West</title><date></date><icon src="https://m7be2.solocoo.tv/m7be2iphone/mmchan/mpimages/260x145/Rb5FchfOoYLk7HhFH4gRTA.jpg"></icon><desc></desc><category></category></programme><programme channel="Mpw70GftHQ_H60VOCrbNThnMkX07uVwp9a3re83Y" start="20221202140000 +0000" stop="20221202180000 +0000" catchup-id="DSqXl5dsVgsIWdwnwRCn-bN-7eMZoQR-38bip0wS"><title>Hits Don't Lie!</title><date></date><icon src="https://m7be2.solocoo.tv/m7be2iphone/mmchan/mpimages/260x145/AxB7PsCHbCfhLb8DHG4yhg.jpg"></icon><desc></desc><category></category></programme><programme channel="Mpw70GftHQ_H60VOCrbNThnMkX07uVwp9a3re83Y" start="20221202180000 +0000" stop="20221202190000 +0000" catchup-id="WFXnkwdwTc-Q6G2WfUKnp5Zit8iwmSkbYfLht7Qd"><title>Dancefloor Fillers!</title><date></date><icon src="https://m7be2.solocoo.tv/m7be2iphone/mmchan/mpimages/260x145/v64JURu4Beei97ZNbtxMvw.jpg"></icon><desc></desc><category></category></programme><programme channel="Mpw70GftHQ_H60VOCrbNThnMkX07uVwp9a3re83Y" start="20221202190000 +0000" stop="20221202220000 +0000" catchup-id="ujS0ALu5mSfH3e54j9aRtkZ31k0M-k2UH5wYQ_dU"><title>Boys In Love! Top 40</title><date></date><icon src="https://m7be2.solocoo.tv/m7be2iphone/mmchan/mpimages/260x145/jWX4ZFCBsVWlghjrXmea5g.jpg"></icon><desc></desc><category></category></programme><programme channel="Mpw70GftHQ_H60VOCrbNThnMkX07uVwp9a3re83Y" start="20221202220000 +0000" stop="20221203010000 +0000" catchup-id="vT5vYHQzjITSR946HzzyEZ2IHwzXgOBlxRUH6ZYo"><title>Non-Stop Nostalgia</title><date></date><icon src="https://m7be2.solocoo.tv/m7be2iphone/mmchan/mpimages/260x145/JBzqwmtYmJi4QcWix-UF-w.jpg"></icon><desc></desc><category></category></programme><programme channel="Mpw70GftHQ_H60VOCrbNThnMkX07uVwp9a3re83Y" start="20221203010000 +0000" stop="20221203030000 +0000" catchup-id="ttB1KRKrgthpc_iYexNzy5_VhKXTvhX00BizM9WP"><title>Non-Stop Nostalgia</title><date></date><icon src="https://m7be2.solocoo.tv/m7be2iphone/mmchan/mpimages/260x145/JBzqwmtYmJi4QcWix-UF-w.jpg"></icon><desc></desc><category></category></programme><programme channel="Mpw70GftHQ_H60VOCrbNThnMkX07uVwp9a3re83Y" start="20221203030000 +0000" stop="20221203070000 +0000" catchup-id="BYgZM2aauPDuQCg9f2ceSVylaFu3HVP4uESN_CBb"><title>Non-Stop Nostalgia</title><date></date><icon src="https://m7be2.solocoo.tv/m7be2iphone/mmchan/mpimages/260x145/JBzqwmtYmJi4QcWix-UF-w.jpg"></icon><desc></desc><category></category></programme><programme channel="Mpw70GftHQ_H60VOCrbNThnMkX07uVwp9a3re83Y" start="20221203070000 +0000" stop="20221203100000 +0000" catchup-id="iXBktUbOG8E3CVuiBHaYQPXOQ5Y1iJOCh_AaUNPt"><title>Top 40 Greatest Showmen Of The 00s!</title><date></date><icon src="https://m7be2.solocoo.tv/m7be2iphone/mmchan/mpimages/260x145/Rb5FchfOoYLk7HhFH4gRTA.jpg"></icon><desc></desc><category></category></programme><programme channel="Mpw70GftHQ_H60VOCrbNThnMkX07uVwp9a3re83Y" start="20221203100000 +0000" stop="20221203130000 +0000" catchup-id="FYWQHIg9VQoeEV0KP-cx_efLcAbDO43JbYO3gUrb"><title>We Love the 00s!</title><date></date><icon src="https://m7be2.solocoo.tv/m7be2iphone/mmchan/mpimages/260x145/y0WcGYpv5sZpRjBcGxBI3g.jpg"></icon><desc></desc><category></category></programme><programme channel="Mpw70GftHQ_H60VOCrbNThnMkX07uVwp9a3re83Y" start="20221203130000 +0000" stop="20221203140000 +0000" catchup-id="FrXAHqT2jh03icmlS6J-nY3Slg5xc2Z-eo3ru9DP"><title>2 4 1 Hits!</title><date></date><icon src="https://m7be2.solocoo.tv/m7be2iphone/mmchan/mpimages/260x145/UiocjkjOEoXxCHZJd0wfzQ.jpg"></icon><desc></desc><category></category></programme><programme channel="Mpw70GftHQ_H60VOCrbNThnMkX07uVwp9a3re83Y" start="20221203140000 +0000" stop="20221203180000 +0000" catchup-id="e8AgpSHezq35lAH-SRyxKxKGI0oEHQNphJtMvwIG"><title>Hits Don't Lie!</title><date></date><icon src="https://m7be2.solocoo.tv/m7be2iphone/mmchan/mpimages/260x145/AxB7PsCHbCfhLb8DHG4yhg.jpg"></icon><desc></desc><category></category></programme><programme channel="Mpw70GftHQ_H60VOCrbNThnMkX07uVwp9a3re83Y" start="20221203180000 +0000" stop="20221203190000 +0000" catchup-id="7myCOwrdwvitixA2tdLqzNYUbcEEfaZ4UeSqfu_U"><title>Rock'N'Roll Anthems!</title><date></date><icon src="https://m7be2.solocoo.tv/m7be2iphone/mmchan/mpimages/260x145/cUVhY1LE34N4JnS8dy9fuQ.jpg"></icon><desc></desc><category></category></programme><programme channel="Mpw70GftHQ_H60VOCrbNThnMkX07uVwp9a3re83Y" start="20221203190000 +0000" stop="20221204010000 +0000" catchup-id="fpaHcGTl4icwgJIrcRdu2uKS-KQPe4xcaOi2kl2H"><title>Non-Stop Nostalgia</title><date></date><icon src="https://m7be2.solocoo.tv/m7be2iphone/mmchan/mpimages/260x145/JBzqwmtYmJi4QcWix-UF-w.jpg"></icon><desc></desc><category></category></programme>