<programme channel="SU8j9Ce1vrvKFuPntS1BYU6YQvaj7ayY4yF8SpiQ" start="20221119230200 +0000" stop="20221120011100 +0000" catchup-id="yDwIzp1aep62n6KNtJelt114jJHbHcDmcZjgz8Yb"><title>Nikita Bellucci Obsessions Vol.7</title><date></date><icon src="https://m7be2.solocoo.tv/m7be2iphone/mmchan/mpimages/208x308/JH_IhhmYOLTVtJtyaivcGA.jpg"></icon><desc></desc><category></category></programme><programme channel="SU8j9Ce1vrvKFuPntS1BYU6YQvaj7ayY4yF8SpiQ" start="20221120011100 +0000" stop="20221120031100 +0000" catchup-id="c29F6-gOwL8GqCpkc9-hNgfNx3aQJL7nSgMp5jGN"><title>Revelation</title><date></date><icon src="https://m7be2.solocoo.tv/m7be2iphone/mmchan/mpimages/208x308/RPvy6kuOIHbF7BJYmMkujQ.jpg"></icon><desc></desc><category></category></programme><programme channel="SU8j9Ce1vrvKFuPntS1BYU6YQvaj7ayY4yF8SpiQ" start="20221120031100 +0000" stop="20221120035200 +0000" catchup-id="zlTkBpND3hxuCAeNNfYoWnlfucscejyKYQVez4sH"><title>Rendez-Vous Coquin Au Bord De La Piscine/Naughty Date By the Pool</title><date></date><icon src="https://m7be2.solocoo.tv/m7be2iphone/mmchan/mpimages/208x308/jzBpqRKNUUsGVOTkXx8Q2A.jpg"></icon><desc></desc><category></category></programme><programme channel="SU8j9Ce1vrvKFuPntS1BYU6YQvaj7ayY4yF8SpiQ" start="20221120035200 +0000" stop="20221120040000 +0000" catchup-id="eQV2IOL4jC-K1TgVDnTJc93768WCjJQn-mbf_LGv"><title>Spice Vol.1</title><date></date><icon src="https://m7be2.solocoo.tv/m7be2iphone/mmchan/mpimages/208x308/QXeqW06wvyZAGj4EqfCNzA.jpg"></icon><desc></desc><category></category></programme><programme channel="SU8j9Ce1vrvKFuPntS1BYU6YQvaj7ayY4yF8SpiQ" start="20221120040000 +0000" stop="20221120220000 +0000" catchup-id="YEBEgd_mi0oY8IldESWkf-eH6Lm0xjZPDH92dZIa"><title>Broadcast starts at 23:00</title><date></date><icon src="https://m7be2.solocoo.tv/m7be2iphone/mmchan/mpimages/208x308/SPlnw02b2S-ZGS6zeTYr7g.jpg"></icon><desc></desc><category></category></programme><programme channel="SU8j9Ce1vrvKFuPntS1BYU6YQvaj7ayY4yF8SpiQ" start="20221120220000 +0000" stop="20221120222000 +0000" catchup-id="IkWqqw_Jv0eEeWgCIsUpJr_jTiFXk9D3xhKJV1mn"><title>Liya L'indecente Part. 4</title><date></date><icon src="https://m7be2.solocoo.tv/m7be2iphone/mmchan/mpimages/208x308/VlyXDSepLD8T78vAr-LSsg.jpg"></icon><desc></desc><category></category></programme><programme channel="SU8j9Ce1vrvKFuPntS1BYU6YQvaj7ayY4yF8SpiQ" start="20221120222000 +0000" stop="20221120222600 +0000" catchup-id="dIa4M6gLkzSiL_i7KV0A1k0I_YPEQ3ZY9dSdaFun"><title>Elsa Jean - Ivy Wolfe</title><date></date><icon src="https://m7be2.solocoo.tv/m7be2iphone/mmchan/mpimages/208x308/QXeqW06wvyZAGj4EqfCNzA.jpg"></icon><desc></desc><category></category></programme><programme channel="SU8j9Ce1vrvKFuPntS1BYU6YQvaj7ayY4yF8SpiQ" start="20221120222600 +0000" stop="20221120224900 +0000" catchup-id="mKomOcYZqk80vX8DgYkW9pFDNH6Lf9pA8-vuKI7c"><title>9 Nuits Part. 3</title><date></date><icon src="https://m7be2.solocoo.tv/m7be2iphone/mmchan/mpimages/208x308/mzUMqPChdW4LmpYKUd99gQ.jpg"></icon><desc></desc><category></category></programme><programme channel="SU8j9Ce1vrvKFuPntS1BYU6YQvaj7ayY4yF8SpiQ" start="20221120224900 +0000" stop="20221120230000 +0000" catchup-id="FkozAHpxQvA9OsgSl-6s4JwQ9OoZyas-sCGqJ8xB"><title>From Behind Alex Craig - Bella Et John</title><date></date><icon src="https://m7be2.solocoo.tv/m7be2iphone/mmchan/mpimages/208x308/9jdrBk_sSvH3vAXQsWJw4A.jpg"></icon><desc></desc><category></category></programme><programme channel="SU8j9Ce1vrvKFuPntS1BYU6YQvaj7ayY4yF8SpiQ" start="20221120230000 +0000" stop="20221121002600 +0000" catchup-id="tl0VDqWA5y10Qq000wsatKJxvMnMoKDSpzv7cSgF"><title>Une Orgie Pour Cassie</title><date></date><icon src="https://m7be2.solocoo.tv/m7be2iphone/mmchan/mpimages/208x308/9RkzUcTZ_c2ph4L6ubBCxw.jpg"></icon><desc></desc><category></category></programme><programme channel="SU8j9Ce1vrvKFuPntS1BYU6YQvaj7ayY4yF8SpiQ" start="20221121002600 +0000" stop="20221121023400 +0000" catchup-id="no8HZsJLL31caHfouSQOW3CpdyL9vfcMN4BqZ6AX"><title>Nikita Bellucci Obsessions Vol.7</title><date></date><icon src="https://m7be2.solocoo.tv/m7be2iphone/mmchan/mpimages/208x308/OHCo9BPRpJyx8t8wR43t9A.jpg"></icon><desc></desc><category></category></programme><programme channel="SU8j9Ce1vrvKFuPntS1BYU6YQvaj7ayY4yF8SpiQ" start="20221121023400 +0000" stop="20221121033000 +0000" catchup-id="Zq7k1xiGxROfsluusTF_Fyww9jm_8BZ5X1mzXlQl"><title>Les Envies D'angela White/Angela White's Cravings</title><date></date><icon src="https://m7be2.solocoo.tv/m7be2iphone/mmchan/mpimages/208x308/6RZTI86QYeXNwca4lBZzKw.jpg"></icon><desc></desc><category></category></programme><programme channel="SU8j9Ce1vrvKFuPntS1BYU6YQvaj7ayY4yF8SpiQ" start="20221121033000 +0000" stop="20221121040000 +0000" catchup-id="JIkUb_sZxvKmMyR5ONjR3fq6zx3xNBM4lkMY7WUg"><title>My First Interracial Vol. 2 - Part. 3</title><date></date><icon src="https://m7be2.solocoo.tv/m7be2iphone/mmchan/mpimages/208x308/RPvy6kuOIHbF7BJYmMkujQ.jpg"></icon><desc></desc><category></category></programme><programme channel="SU8j9Ce1vrvKFuPntS1BYU6YQvaj7ayY4yF8SpiQ" start="20221121040000 +0000" stop="20221121220000 +0000" catchup-id="rRgBj2luIEPVuo6TIvHkcfapwyx3ojnODMLoaOYX"><title>Broadcast starts at 23:00</title><date></date><icon src="https://m7be2.solocoo.tv/m7be2iphone/mmchan/mpimages/208x308/SPlnw02b2S-ZGS6zeTYr7g.jpg"></icon><desc></desc><category></category></programme><programme channel="SU8j9Ce1vrvKFuPntS1BYU6YQvaj7ayY4yF8SpiQ" start="20221121220000 +0000" stop="20221121220900 +0000" catchup-id="ANpgWFOScSsUjv0kEPSOV0pvh8AnXne_GfXlI_JN"><title>Sunset Part. 4</title><date></date><icon src="https://m7be2.solocoo.tv/m7be2iphone/mmchan/mpimages/208x308/9jdrBk_sSvH3vAXQsWJw4A.jpg"></icon><desc></desc><category></category></programme><programme channel="SU8j9Ce1vrvKFuPntS1BYU6YQvaj7ayY4yF8SpiQ" start="20221121220900 +0000" stop="20221121221400 +0000" catchup-id="VtOw5Jqvbg3TiQkhuvNaeHmpPRsL2lv4pYG67aPl"><title>Natalia Starr</title><date></date><icon src="https://m7be2.solocoo.tv/m7be2iphone/mmchan/mpimages/208x308/mzUMqPChdW4LmpYKUd99gQ.jpg"></icon><desc></desc><category></category></programme><programme channel="SU8j9Ce1vrvKFuPntS1BYU6YQvaj7ayY4yF8SpiQ" start="20221121221400 +0000" stop="20221121223500 +0000" catchup-id="9EnlU4K64m7kq2yvJjh3Gy86I1YdFR2ZANblGf6Z"><title>Seconde Chance Part. 2</title><date></date><icon src="https://m7be2.solocoo.tv/m7be2iphone/mmchan/mpimages/208x308/6RZTI86QYeXNwca4lBZzKw.jpg"></icon><desc></desc><category></category></programme><programme channel="SU8j9Ce1vrvKFuPntS1BYU6YQvaj7ayY4yF8SpiQ" start="20221121223500 +0000" stop="20221121230200 +0000" catchup-id="_EM3kNFCMIPcc17VeORNbpaXkC79fRK_mi5HAbM2"><title>Bts - Corps A Corps</title><date></date><icon src="https://m7be2.solocoo.tv/m7be2iphone/mmchan/mpimages/208x308/4RxWUCb12eikSfAUt3Avng.jpg"></icon><desc></desc><category></category></programme><programme channel="SU8j9Ce1vrvKFuPntS1BYU6YQvaj7ayY4yF8SpiQ" start="20221121230200 +0000" stop="20221122012300 +0000" catchup-id="oaYO0lrF1A4zp1YEGIcMW34c7hp-DiZfBd6otZuV"><title>Explicit Acts</title><date></date><icon src="https://m7be2.solocoo.tv/m7be2iphone/mmchan/mpimages/208x308/9RkzUcTZ_c2ph4L6ubBCxw.jpg"></icon><desc></desc><category></category></programme><programme channel="SU8j9Ce1vrvKFuPntS1BYU6YQvaj7ayY4yF8SpiQ" start="20221122012300 +0000" stop="20221122024800 +0000" catchup-id="MfvOlpOmWz_YOVxWZROyFIx3xT1O1D0jX7ucCctY"><title>Une Orgie Pour Cassie</title><date></date><icon src="https://m7be2.solocoo.tv/m7be2iphone/mmchan/mpimages/208x308/O17wo5jkE6DvyVgaT1_f0w.jpg"></icon><desc></desc><category></category></programme><programme channel="SU8j9Ce1vrvKFuPntS1BYU6YQvaj7ayY4yF8SpiQ" start="20221122024800 +0000" stop="20221122033300 +0000" catchup-id="DBkfmke3cidT9uTTgkVnI3x4vMjcsNHRCaatEO7y"><title>Teanna En Studio/Teanna In Studio</title><date></date><icon src="https://m7be2.solocoo.tv/m7be2iphone/mmchan/mpimages/208x308/XlaSfs_MlDJ6Z_1sjISOBw.jpg"></icon><desc></desc><category></category></programme><programme channel="SU8j9Ce1vrvKFuPntS1BYU6YQvaj7ayY4yF8SpiQ" start="20221122033300 +0000" stop="20221122035600 +0000" catchup-id="WepQFzcF2ms7AweMoJjcRfy0lSE6Xp2RSNGHizIv"><title>Pieds Et Mains Liés/Hands And Feet Tied</title><date></date><icon src="https://m7be2.solocoo.tv/m7be2iphone/mmchan/mpimages/208x308/VlyXDSepLD8T78vAr-LSsg.jpg"></icon><desc></desc><category></category></programme><programme channel="SU8j9Ce1vrvKFuPntS1BYU6YQvaj7ayY4yF8SpiQ" start="20221122035600 +0000" stop="20221122040000 +0000" catchup-id="JZT1ESZ39cl71oTqRHcCoJ7r0503dueWEwv4QXu9"><title>Nikita Bellucci Obsessions Vol.7</title><date></date><icon src="https://m7be2.solocoo.tv/m7be2iphone/mmchan/mpimages/208x308/QXeqW06wvyZAGj4EqfCNzA.jpg"></icon><desc></desc><category></category></programme><programme channel="SU8j9Ce1vrvKFuPntS1BYU6YQvaj7ayY4yF8SpiQ" start="20221122040000 +0000" stop="20221122220000 +0000" catchup-id="Uv8c6r8CABQGGNTXiF8Ng3q5XnS00rNN9-vql-bv"><title>Broadcast starts at 23:00</title><date></date><icon src="https://m7be2.solocoo.tv/m7be2iphone/mmchan/mpimages/208x308/SPlnw02b2S-ZGS6zeTYr7g.jpg"></icon><desc></desc><category></category></programme><programme channel="SU8j9Ce1vrvKFuPntS1BYU6YQvaj7ayY4yF8SpiQ" start="20221122220000 +0000" stop="20221122221700 +0000" catchup-id="Cei1ZTbWBlq-NA5apipQXM-1EHDLBUiK0WKKKzbQ"><title>9 Nuits Part. 2</title><date></date><icon src="https://m7be2.solocoo.tv/m7be2iphone/mmchan/mpimages/208x308/XlaSfs_MlDJ6Z_1sjISOBw.jpg"></icon><desc></desc><category></category></programme><programme channel="SU8j9Ce1vrvKFuPntS1BYU6YQvaj7ayY4yF8SpiQ" start="20221122221700 +0000" stop="20221122222100 +0000" catchup-id="nbGqhlsXylNFT-YHmscsOH5wOIhT_USKdxxK1dTS"><title>Gina Valentina - Eliza Ibarra</title><date></date><icon src="https://m7be2.solocoo.tv/m7be2iphone/mmchan/mpimages/208x308/6RZTI86QYeXNwca4lBZzKw.jpg"></icon><desc></desc><category></category></programme><programme channel="SU8j9Ce1vrvKFuPntS1BYU6YQvaj7ayY4yF8SpiQ" start="20221122222100 +0000" stop="20221122224000 +0000" catchup-id="0HIuWSEAhXCdawD5n8i7bHI0uu-Us3udS-dR9E-F"><title>9 Nuits Part. 4</title><date></date><icon src="https://m7be2.solocoo.tv/m7be2iphone/mmchan/mpimages/208x308/9jdrBk_sSvH3vAXQsWJw4A.jpg"></icon><desc></desc><category></category></programme><programme channel="SU8j9Ce1vrvKFuPntS1BYU6YQvaj7ayY4yF8SpiQ" start="20221122224000 +0000" stop="20221122230000 +0000" catchup-id="RJrZCipDI2WaD_28kTH2yLkrcnBKIvOdIpKw9K8I"><title>Bts Luxure 20</title><date></date><icon src="https://m7be2.solocoo.tv/m7be2iphone/mmchan/mpimages/208x308/JH_IhhmYOLTVtJtyaivcGA.jpg"></icon><desc></desc><category></category></programme><programme channel="SU8j9Ce1vrvKFuPntS1BYU6YQvaj7ayY4yF8SpiQ" start="20221122230000 +0000" stop="20221123014200 +0000" catchup-id="tW7E5B5lpWIb7DD7kx_t1ERm7_afPFrwZKU42K1-"><title>Sex Dance / Sex Dance</title><date></date><icon src="https://m7be2.solocoo.tv/m7be2iphone/mmchan/mpimages/208x308/9jdrBk_sSvH3vAXQsWJw4A.jpg"></icon><desc></desc><category></category></programme><programme channel="SU8j9Ce1vrvKFuPntS1BYU6YQvaj7ayY4yF8SpiQ" start="20221123014200 +0000" stop="20221123040000 +0000" catchup-id="p6waRYqVnnkRmDYSybCzCwZ6qbkdaykJm_Hp5Yx5"><title>Explicit Acts</title><date></date><icon src="https://m7be2.solocoo.tv/m7be2iphone/mmchan/mpimages/208x308/jzBpqRKNUUsGVOTkXx8Q2A.jpg"></icon><desc></desc><category></category></programme><programme channel="SU8j9Ce1vrvKFuPntS1BYU6YQvaj7ayY4yF8SpiQ" start="20221123040000 +0000" stop="20221123220000 +0000" catchup-id="5wSIZRnN5ZFQm9WfhJQimBVHP8sz6X1SdyDmAsnQ"><title>Broadcast starts at 23:00</title><date></date><icon src="https://m7be2.solocoo.tv/m7be2iphone/mmchan/mpimages/208x308/SPlnw02b2S-ZGS6zeTYr7g.jpg"></icon><desc></desc><category></category></programme><programme channel="SU8j9Ce1vrvKFuPntS1BYU6YQvaj7ayY4yF8SpiQ" start="20221123220000 +0000" stop="20221123221700 +0000" catchup-id="fHFzDUAqcgnhUvyj805eLQTQT58L2ARKtUfMkZQY"><title>Corps A Corps Part. 3</title><date></date><icon src="https://m7be2.solocoo.tv/m7be2iphone/mmchan/mpimages/208x308/iZJpT5yGeSfdmU-SZvSBvg.jpg"></icon><desc></desc><category></category></programme><programme channel="SU8j9Ce1vrvKFuPntS1BYU6YQvaj7ayY4yF8SpiQ" start="20221123221700 +0000" stop="20221123222200 +0000" catchup-id="UQkkay9GgNGjGPswd8GP-0ldsyeVGsi7cEu7BrQ1"><title>Riley Reid - Teanna Trump</title><date></date><icon src="https://m7be2.solocoo.tv/m7be2iphone/mmchan/mpimages/208x308/VlyXDSepLD8T78vAr-LSsg.jpg"></icon><desc></desc><category></category></programme><programme channel="SU8j9Ce1vrvKFuPntS1BYU6YQvaj7ayY4yF8SpiQ" start="20221123222200 +0000" stop="20221123223500 +0000" catchup-id="vYSIjGZ3fC-zCvC6CpwBa_n3-s_8SL_m2FLi5xex"><title>Seconde Chance Part. 3</title><date></date><icon src="https://m7be2.solocoo.tv/m7be2iphone/mmchan/mpimages/208x308/XlaSfs_MlDJ6Z_1sjISOBw.jpg"></icon><desc></desc><category></category></programme><programme channel="SU8j9Ce1vrvKFuPntS1BYU6YQvaj7ayY4yF8SpiQ" start="20221123223500 +0000" stop="20221123230300 +0000" catchup-id="Np7hrnLBPV9fBjEubDlN0La8LtQpuf7mNRjqpxJE"><title>Bts - Pornochic Lola &amp; Angelika</title><date></date><icon src="https://m7be2.solocoo.tv/m7be2iphone/mmchan/mpimages/208x308/mzUMqPChdW4LmpYKUd99gQ.jpg"></icon><desc></desc><category></category></programme><programme channel="SU8j9Ce1vrvKFuPntS1BYU6YQvaj7ayY4yF8SpiQ" start="20221123230300 +0000" stop="20221124013900 +0000" catchup-id="k4AWS6s94pJ0-2XjBZP-xxDGu7FFkoO2y9il3xiz"><title>Good Girls Vol.2</title><date></date><icon src="https://m7be2.solocoo.tv/m7be2iphone/mmchan/mpimages/208x308/JH_IhhmYOLTVtJtyaivcGA.jpg"></icon><desc></desc><category></category></programme><programme channel="SU8j9Ce1vrvKFuPntS1BYU6YQvaj7ayY4yF8SpiQ" start="20221124013900 +0000" stop="20221124034200 +0000" catchup-id="u4ZREV1lAnQ3d1CpQjppCf-LN1sF-Ql1ZgJH5PN1"><title>Girls At Work - Les Associees</title><date></date><icon src="https://m7be2.solocoo.tv/m7be2iphone/mmchan/mpimages/208x308/QXeqW06wvyZAGj4EqfCNzA.jpg"></icon><desc></desc><category></category></programme><programme channel="SU8j9Ce1vrvKFuPntS1BYU6YQvaj7ayY4yF8SpiQ" start="20221124034200 +0000" stop="20221124040000 +0000" catchup-id="pFPGQqNg_2Bv3W8PMPIw_ebya1lGKaGjkLKWYr5E"><title>Explicit Acts</title><date></date><icon src="https://m7be2.solocoo.tv/m7be2iphone/mmchan/mpimages/208x308/4RxWUCb12eikSfAUt3Avng.jpg"></icon><desc></desc><category></category></programme><programme channel="SU8j9Ce1vrvKFuPntS1BYU6YQvaj7ayY4yF8SpiQ" start="20221124040000 +0000" stop="20221124220000 +0000" catchup-id="eXA83o0K9r_7hhnlGVsLG3IiljilHOk0r0ktXzIK"><title>Broadcast starts at 23:00</title><date></date><icon src="https://m7be2.solocoo.tv/m7be2iphone/mmchan/mpimages/208x308/SPlnw02b2S-ZGS6zeTYr7g.jpg"></icon><desc></desc><category></category></programme><programme channel="SU8j9Ce1vrvKFuPntS1BYU6YQvaj7ayY4yF8SpiQ" start="20221124220000 +0000" stop="20221124220900 +0000" catchup-id="Rnwu9F508X-4IW-j1vXqS9PEFiBgCiwR4Rde8iKD"><title>Sunset Part. 3</title><date></date><icon src="https://m7be2.solocoo.tv/m7be2iphone/mmchan/mpimages/208x308/RPvy6kuOIHbF7BJYmMkujQ.jpg"></icon><desc></desc><category></category></programme><programme channel="SU8j9Ce1vrvKFuPntS1BYU6YQvaj7ayY4yF8SpiQ" start="20221124220900 +0000" stop="20221124221300 +0000" catchup-id="ZjG7VVcA2yb0oKz721G5hmHr_WwszFzmQf62OYkU"><title>Tori Black</title><date></date><icon src="https://m7be2.solocoo.tv/m7be2iphone/mmchan/mpimages/208x308/4RxWUCb12eikSfAUt3Avng.jpg"></icon><desc></desc><category></category></programme><programme channel="SU8j9Ce1vrvKFuPntS1BYU6YQvaj7ayY4yF8SpiQ" start="20221124221300 +0000" stop="20221124223000 +0000" catchup-id="ythoaDTU5Fsnk_S2LZEhdEwfVgh73-X1lABajCtE"><title>Seconde Chance Part. 4</title><date></date><icon src="https://m7be2.solocoo.tv/m7be2iphone/mmchan/mpimages/208x308/VlyXDSepLD8T78vAr-LSsg.jpg"></icon><desc></desc><category></category></programme><programme channel="SU8j9Ce1vrvKFuPntS1BYU6YQvaj7ayY4yF8SpiQ" start="20221124223000 +0000" stop="20221124230000 +0000" catchup-id="RkIDkcc7B_5r-PyVGw8C83rBtThHi4HAlt_N2PXu"><title>Bts - Revenge</title><date></date><icon src="https://m7be2.solocoo.tv/m7be2iphone/mmchan/mpimages/208x308/mzUMqPChdW4LmpYKUd99gQ.jpg"></icon><desc></desc><category></category></programme><programme channel="SU8j9Ce1vrvKFuPntS1BYU6YQvaj7ayY4yF8SpiQ" start="20221124230000 +0000" stop="20221124233600 +0000" catchup-id="owQFjY9-vv9bckPiVzaiLQUBtRy9zhTpSyOu5v98"><title>Clara 4 You</title><date></date><icon src="https://m7be2.solocoo.tv/m7be2iphone/mmchan/mpimages/208x308/iZJpT5yGeSfdmU-SZvSBvg.jpg"></icon><desc></desc><category></category></programme><programme channel="SU8j9Ce1vrvKFuPntS1BYU6YQvaj7ayY4yF8SpiQ" start="20221124233600 +0000" stop="20221125021100 +0000" catchup-id="APQQT66GjvZ8a-CiqD9wKcv_9W9mnXRqrn6pepXW"><title>Good Girls Vol.2</title><date></date><icon src="https://m7be2.solocoo.tv/m7be2iphone/mmchan/mpimages/208x308/mzUMqPChdW4LmpYKUd99gQ.jpg"></icon><desc></desc><category></category></programme><programme channel="SU8j9Ce1vrvKFuPntS1BYU6YQvaj7ayY4yF8SpiQ" start="20221125021100 +0000" stop="20221125025500 +0000" catchup-id="a_ssr8qVc5bx1a9pDcAAJtXqGd1We5Tgc9Y9IPnS"><title>Première Anal Pour Une Teen/First Anal For A Teen</title><date></date><icon src="https://m7be2.solocoo.tv/m7be2iphone/mmchan/mpimages/208x308/XlaSfs_MlDJ6Z_1sjISOBw.jpg"></icon><desc></desc><category></category></programme><programme channel="SU8j9Ce1vrvKFuPntS1BYU6YQvaj7ayY4yF8SpiQ" start="20221125025500 +0000" stop="20221125033400 +0000" catchup-id="zlrkoo6FAZWaOr-XFyAL7hRcQMRxo8Oe0xDkxAYg"><title>Plan À 3 Avec Deux Beautés Métisses/Threesome With Two Ebony Beauties</title><date></date><icon src="https://m7be2.solocoo.tv/m7be2iphone/mmchan/mpimages/208x308/JH_IhhmYOLTVtJtyaivcGA.jpg"></icon><desc></desc><category></category></programme><programme channel="SU8j9Ce1vrvKFuPntS1BYU6YQvaj7ayY4yF8SpiQ" start="20221125033400 +0000" stop="20221125035700 +0000" catchup-id="GMDn9zX0IXq6UNp3Omdr406fuVCgvdVt6J7FKkbN"><title>Ginebra, Son Mari Et Un Inconnu/Ginebra, Her Husband And A Stranger</title><date></date><icon src="https://m7be2.solocoo.tv/m7be2iphone/mmchan/mpimages/208x308/9jdrBk_sSvH3vAXQsWJw4A.jpg"></icon><desc></desc><category></category></programme><programme channel="SU8j9Ce1vrvKFuPntS1BYU6YQvaj7ayY4yF8SpiQ" start="20221125035700 +0000" stop="20221125040000 +0000" catchup-id="aKrbzFklIgfMKtfIOAugEfEzjB6-YVMZY6tIU_Mz"><title>Sex Dance / Sex Dance</title><date></date><icon src="https://m7be2.solocoo.tv/m7be2iphone/mmchan/mpimages/208x308/9RkzUcTZ_c2ph4L6ubBCxw.jpg"></icon><desc></desc><category></category></programme><programme channel="SU8j9Ce1vrvKFuPntS1BYU6YQvaj7ayY4yF8SpiQ" start="20221125040000 +0000" stop="20221125220000 +0000" catchup-id="wUY0SbwMhhKbOio2oCPQUBwkBakg3uyhTZ8uYEjI"><title>Broadcast starts at 23:00</title><date></date><icon src="https://m7be2.solocoo.tv/m7be2iphone/mmchan/mpimages/208x308/SPlnw02b2S-ZGS6zeTYr7g.jpg"></icon><desc></desc><category></category></programme><programme channel="SU8j9Ce1vrvKFuPntS1BYU6YQvaj7ayY4yF8SpiQ" start="20221125220000 +0000" stop="20221125222100 +0000" catchup-id="tlMBcsGZXK1FYioEFe7CpW0RvVtJNs5ImnBOJr0S"><title>9 Nuits Part. 3</title><date></date><icon src="https://m7be2.solocoo.tv/m7be2iphone/mmchan/mpimages/208x308/XlaSfs_MlDJ6Z_1sjISOBw.jpg"></icon><desc></desc><category></category></programme><programme channel="SU8j9Ce1vrvKFuPntS1BYU6YQvaj7ayY4yF8SpiQ" start="20221125222100 +0000" stop="20221125222400 +0000" catchup-id="jmGfPNyAl152qa3oPJrK6D4Dp1Zhlweuktac-AtE"><title>Kenna James</title><date></date><icon src="https://m7be2.solocoo.tv/m7be2iphone/mmchan/mpimages/208x308/O17wo5jkE6DvyVgaT1_f0w.jpg"></icon><desc></desc><category></category></programme><programme channel="SU8j9Ce1vrvKFuPntS1BYU6YQvaj7ayY4yF8SpiQ" start="20221125222400 +0000" stop="20221125224500 +0000" catchup-id="BKbH-pg0-dDC6bzQdiQ5hZ2UgMrYv2lOoFcnjF_j"><title>Bella L'indecente Part. 4</title><date></date><icon src="https://m7be2.solocoo.tv/m7be2iphone/mmchan/mpimages/208x308/4RxWUCb12eikSfAUt3Avng.jpg"></icon><desc></desc><category></category></programme><programme channel="SU8j9Ce1vrvKFuPntS1BYU6YQvaj7ayY4yF8SpiQ" start="20221125224500 +0000" stop="20221125225600 +0000" catchup-id="mdLu4ZtDyLcWaSYpbWkRFdbMtH2g5UfgK9nk23rp"><title>Bts Sucre &amp; Sale</title><date></date><icon src="https://m7be2.solocoo.tv/m7be2iphone/mmchan/mpimages/208x308/QXeqW06wvyZAGj4EqfCNzA.jpg"></icon><desc></desc><category></category></programme><programme channel="SU8j9Ce1vrvKFuPntS1BYU6YQvaj7ayY4yF8SpiQ" start="20221125225600 +0000" stop="20221125230100 +0000" catchup-id="Sml4gqRmqjgE4nvENIs1CQFSbSbJbCxFH4RYaj0q"><title>Sunset Part. 6</title><date></date><icon src="https://m7be2.solocoo.tv/m7be2iphone/mmchan/mpimages/208x308/VlyXDSepLD8T78vAr-LSsg.jpg"></icon><desc></desc><category></category></programme><programme channel="SU8j9Ce1vrvKFuPntS1BYU6YQvaj7ayY4yF8SpiQ" start="20221125230100 +0000" stop="20221126013000 +0000" catchup-id="MzrDsq0aLQ62YA2KG9GVIpv4vDt1bb5QxGTYUqYu"><title>Climax 2 / Climax 2</title><date></date><icon src="https://m7be2.solocoo.tv/m7be2iphone/mmchan/mpimages/208x308/9jdrBk_sSvH3vAXQsWJw4A.jpg"></icon><desc></desc><category></category></programme><programme channel="SU8j9Ce1vrvKFuPntS1BYU6YQvaj7ayY4yF8SpiQ" start="20221126013000 +0000" stop="20221126035700 +0000" catchup-id="xQPxweIDTka8WYc_EaafGZQ822KO1FAtHB38eOxJ"><title>Luxure Les Perversion De Ma Femme / Luxure - My Wife'S Perversions</title><date></date><icon src="https://m7be2.solocoo.tv/m7be2iphone/mmchan/mpimages/208x308/JH_IhhmYOLTVtJtyaivcGA.jpg"></icon><desc></desc><category></category></programme><programme channel="SU8j9Ce1vrvKFuPntS1BYU6YQvaj7ayY4yF8SpiQ" start="20221126035700 +0000" stop="20221126040000 +0000" catchup-id="qIdUSE7TC13Oh9YoRVHfpmxtWmYBMBcVWVZ3cT4C"><title>Good Girls Vol.2</title><date></date><icon src="https://m7be2.solocoo.tv/m7be2iphone/mmchan/mpimages/208x308/OHCo9BPRpJyx8t8wR43t9A.jpg"></icon><desc></desc><category></category></programme><programme channel="SU8j9Ce1vrvKFuPntS1BYU6YQvaj7ayY4yF8SpiQ" start="20221126040000 +0000" stop="20221126220000 +0000" catchup-id="kGw5yPR0jxgb2WbHdS93nZs0qwheqUovU7jb2sLy"><title>Broadcast starts at 23:00</title><date></date><icon src="https://m7be2.solocoo.tv/m7be2iphone/mmchan/mpimages/260x145/SPlnw02b2S-ZGS6zeTYr7g.jpg"></icon><desc></desc><category></category></programme><programme channel="SU8j9Ce1vrvKFuPntS1BYU6YQvaj7ayY4yF8SpiQ" start="20221126220000 +0000" stop="20221126221300 +0000" catchup-id="1PhO3MPzOhE6KlHfg-v3pl5IJ7mljRZyQGgiexuD"><title>Revenge Part3</title><date></date><icon src="https://m7be2.solocoo.tv/m7be2iphone/mmchan/mpimages/260x145/9jdrBk_sSvH3vAXQsWJw4A.jpg"></icon><desc></desc><category></category></programme><programme channel="SU8j9Ce1vrvKFuPntS1BYU6YQvaj7ayY4yF8SpiQ" start="20221126221300 +0000" stop="20221126221900 +0000" catchup-id="PED94yjn--5Ld0KHqeXXgGFZgoNgXWRRC8B8IKar"><title>Arianna Marie - Emily Willis</title><date></date><icon src="https://m7be2.solocoo.tv/m7be2iphone/mmchan/mpimages/260x145/9RkzUcTZ_c2ph4L6ubBCxw.jpg"></icon><desc></desc><category></category></programme><programme channel="SU8j9Ce1vrvKFuPntS1BYU6YQvaj7ayY4yF8SpiQ" start="20221126221900 +0000" stop="20221126223700 +0000" catchup-id="dqAIj5qoGm2D13_GIgWhvqPScM8xM_dNF0KHIexP"><title>Seconde Chance Part. 1</title><date></date><icon src="https://m7be2.solocoo.tv/m7be2iphone/mmchan/mpimages/260x145/6RZTI86QYeXNwca4lBZzKw.jpg"></icon><desc></desc><category></category></programme><programme channel="SU8j9Ce1vrvKFuPntS1BYU6YQvaj7ayY4yF8SpiQ" start="20221126223700 +0000" stop="20221126225500 +0000" catchup-id="qvHFIzaVaF5gKUtlbyxErlGjC4YkFs4Ei_W5t7Uh"><title>Bts - Une Nuit A L.A</title><date></date><icon src="https://m7be2.solocoo.tv/m7be2iphone/mmchan/mpimages/260x145/O17wo5jkE6DvyVgaT1_f0w.jpg"></icon><desc></desc><category></category></programme><programme channel="SU8j9Ce1vrvKFuPntS1BYU6YQvaj7ayY4yF8SpiQ" start="20221126225500 +0000" stop="20221126230000 +0000" catchup-id="1ky8bMa3_TJRRZOB3omcwWT_9Mf9WLbMM5MXtxhl"><title>Sunset Part. 6</title><date></date><icon src="https://m7be2.solocoo.tv/m7be2iphone/mmchan/mpimages/260x145/VlyXDSepLD8T78vAr-LSsg.jpg"></icon><desc></desc><category></category></programme><programme channel="SU8j9Ce1vrvKFuPntS1BYU6YQvaj7ayY4yF8SpiQ" start="20221126230000 +0000" stop="20221127014800 +0000" catchup-id="wevXnHVp2Qk6PjJ5QGmfVZwaUVmEkzYSdhS86GeJ"><title>Club Vxn Vol.10</title><date></date><icon src="https://m7be2.solocoo.tv/m7be2iphone/mmchan/mpimages/260x145/9RkzUcTZ_c2ph4L6ubBCxw.jpg"></icon><desc></desc><category></category></programme><programme channel="SU8j9Ce1vrvKFuPntS1BYU6YQvaj7ayY4yF8SpiQ" start="20221127014800 +0000" stop="20221127022300 +0000" catchup-id="RXPT1l6zyrSQQMuhR22wzXfhYcybPIQb1KGoWE75"><title>Clara 4 You</title><date></date><icon src="https://m7be2.solocoo.tv/m7be2iphone/mmchan/mpimages/260x145/iZJpT5yGeSfdmU-SZvSBvg.jpg"></icon><desc></desc><category></category></programme><programme channel="SU8j9Ce1vrvKFuPntS1BYU6YQvaj7ayY4yF8SpiQ" start="20221127022300 +0000" stop="20221127031300 +0000" catchup-id="ScfKmbKcuJX32oeZRhaQmwyqewCMTJK6EqjQraXu"><title>Plan À 3 Avec Vue/Threesome With A View</title><date></date><icon src="https://m7be2.solocoo.tv/m7be2iphone/mmchan/mpimages/260x145/PtKoEp3ajPBqP3RGfmZ8kg.jpg"></icon><desc></desc><category></category></programme><programme channel="SU8j9Ce1vrvKFuPntS1BYU6YQvaj7ayY4yF8SpiQ" start="20221127031300 +0000" stop="20221127035400 +0000" catchup-id="XdXr2o5OjOzzFK1A7V0BVxfDX92IRWv6FJS2FrlG"><title>Rendez-Vous Coquin Au Bord De La Piscine/Naughty Date By the Pool</title><date></date><icon src="https://m7be2.solocoo.tv/m7be2iphone/mmchan/mpimages/260x145/mzUMqPChdW4LmpYKUd99gQ.jpg"></icon><desc></desc><category></category></programme><programme channel="SU8j9Ce1vrvKFuPntS1BYU6YQvaj7ayY4yF8SpiQ" start="20221127035400 +0000" stop="20221127040000 +0000" catchup-id="aArGpOJEYaEr5dp0mH2XGcKUqRmGs1_--kvtSRC-"><title>Clara 4 You</title><date></date><icon src="https://m7be2.solocoo.tv/m7be2iphone/mmchan/mpimages/260x145/JH_IhhmYOLTVtJtyaivcGA.jpg"></icon><desc></desc><category></category></programme><programme channel="SU8j9Ce1vrvKFuPntS1BYU6YQvaj7ayY4yF8SpiQ" start="20221127040000 +0000" stop="20221127220000 +0000" catchup-id="c3yd8zoRAQmNAxpYerH0eOJa0ESRqdI_k7u4Cp1y"><title>Broadcast starts at 23:00</title><date></date><icon src="https://m7be2.solocoo.tv/m7be2iphone/mmchan/mpimages/260x145/SPlnw02b2S-ZGS6zeTYr7g.jpg"></icon><desc></desc><category></category></programme><programme channel="SU8j9Ce1vrvKFuPntS1BYU6YQvaj7ayY4yF8SpiQ" start="20221127220000 +0000" stop="20221127222600 +0000" catchup-id="8c7Uqm7yF0QOR3ZBHnzzr7NcsVwH5gSlyOsWg0Jr"><title>A_Larret Part 4</title><date></date><icon src="https://m7be2.solocoo.tv/m7be2iphone/mmchan/mpimages/260x145/RPvy6kuOIHbF7BJYmMkujQ.jpg"></icon><desc></desc><category></category></programme><programme channel="SU8j9Ce1vrvKFuPntS1BYU6YQvaj7ayY4yF8SpiQ" start="20221127222600 +0000" stop="20221127223000 +0000" catchup-id="IvM_eTwxWoxPKYdsyEnpAhs_BFxTeTl5JLv6yKuX"><title>Riley Steele</title><date></date><icon src="https://m7be2.solocoo.tv/m7be2iphone/mmchan/mpimages/260x145/6RZTI86QYeXNwca4lBZzKw.jpg"></icon><desc></desc><category></category></programme><programme channel="SU8j9Ce1vrvKFuPntS1BYU6YQvaj7ayY4yF8SpiQ" start="20221127223000 +0000" stop="20221127225400 +0000" catchup-id="8Gb4C9vrz0IS5_vvAKEYkz5Tl05V77h1qwMA5CIZ"><title>Bella L'indecente Part. 1</title><date></date><icon src="https://m7be2.solocoo.tv/m7be2iphone/mmchan/mpimages/260x145/O17wo5jkE6DvyVgaT1_f0w.jpg"></icon><desc></desc><category></category></programme><programme channel="SU8j9Ce1vrvKFuPntS1BYU6YQvaj7ayY4yF8SpiQ" start="20221127225400 +0000" stop="20221127230500 +0000" catchup-id="TPQWMj0fxNqBupx0VSNEOZiPpXaTwYWCV_2TBbus"><title>Bts Bella Et John</title><date></date><icon src="https://m7be2.solocoo.tv/m7be2iphone/mmchan/mpimages/260x145/4RxWUCb12eikSfAUt3Avng.jpg"></icon><desc></desc><category></category></programme><programme channel="SU8j9Ce1vrvKFuPntS1BYU6YQvaj7ayY4yF8SpiQ" start="20221127230500 +0000" stop="20221128010200 +0000" catchup-id="71lD4q28vljxW-rlweqq6Xy5x6GnTTYaOP-VHIiY"><title>Rose Escorte De Luxe /Rose Escort Deluxe</title><date></date><icon src="https://m7be2.solocoo.tv/m7be2iphone/mmchan/mpimages/260x145/jzBpqRKNUUsGVOTkXx8Q2A.jpg"></icon><desc></desc><category></category></programme><programme channel="SU8j9Ce1vrvKFuPntS1BYU6YQvaj7ayY4yF8SpiQ" start="20221128010200 +0000" stop="20221128034800 +0000" catchup-id="c5HeCgqn5DlaXH0Ev9pmb0mIzcdBGNb4AvnmisCc"><title>Club Vxn Vol.10</title><date></date><icon src="https://m7be2.solocoo.tv/m7be2iphone/mmchan/mpimages/260x145/mzUMqPChdW4LmpYKUd99gQ.jpg"></icon><desc></desc><category></category></programme><programme channel="SU8j9Ce1vrvKFuPntS1BYU6YQvaj7ayY4yF8SpiQ" start="20221128034800 +0000" stop="20221128040000 +0000" catchup-id="0oqbikY0Q2A2Cna1QhDw_fM0K5ffK-PVQlEeHSRO"><title>Climax 2 / Climax 2</title><date></date><icon src="https://m7be2.solocoo.tv/m7be2iphone/mmchan/mpimages/260x145/XlaSfs_MlDJ6Z_1sjISOBw.jpg"></icon><desc></desc><category></category></programme><programme channel="SU8j9Ce1vrvKFuPntS1BYU6YQvaj7ayY4yF8SpiQ" start="20221128040000 +0000" stop="20221128220000 +0000" catchup-id="Umw45h1ymcyCAlwwVFfrVi1NXJuRCFu1J-81Y7Jo"><title>Broadcast starts at 23:00</title><date></date><icon src="https://m7be2.solocoo.tv/m7be2iphone/mmchan/mpimages/260x145/SPlnw02b2S-ZGS6zeTYr7g.jpg"></icon><desc></desc><category></category></programme><programme channel="SU8j9Ce1vrvKFuPntS1BYU6YQvaj7ayY4yF8SpiQ" start="20221128220000 +0000" stop="20221128221000 +0000" catchup-id="banwv4ofR0npzGrwt1PTkIpwoNa4OK75p4kamwBG"><title>Elsa Jean - Ivy Wolfe</title><date></date><icon src="https://m7be2.solocoo.tv/m7be2iphone/mmchan/mpimages/260x145/iZJpT5yGeSfdmU-SZvSBvg.jpg"></icon><desc></desc><category></category></programme><programme channel="SU8j9Ce1vrvKFuPntS1BYU6YQvaj7ayY4yF8SpiQ" start="20221128221000 +0000" stop="20221128223100 +0000" catchup-id="LCjqKXWiEKZp3gtjc2V51tGVo5Ta5T7oSLnASaG4"><title>Une Nuit A L.A Part. 5</title><date></date><icon src="https://m7be2.solocoo.tv/m7be2iphone/mmchan/mpimages/260x145/jzBpqRKNUUsGVOTkXx8Q2A.jpg"></icon><desc></desc><category></category></programme><programme channel="SU8j9Ce1vrvKFuPntS1BYU6YQvaj7ayY4yF8SpiQ" start="20221128223100 +0000" stop="20221128230000 +0000" catchup-id="q3c6y6jTt4UT-QN-6PX7jXbR9lkbG8Ult9AuOfsN"><title>Bts Whitney La Soumise</title><date></date><icon src="https://m7be2.solocoo.tv/m7be2iphone/mmchan/mpimages/260x145/mzUMqPChdW4LmpYKUd99gQ.jpg"></icon><desc></desc><category></category></programme><programme channel="SU8j9Ce1vrvKFuPntS1BYU6YQvaj7ayY4yF8SpiQ" start="20221128230000 +0000" stop="20221129015500 +0000" catchup-id="ZN89p5umwnV6eonqCCgqqMjpii81oxU8YzjYOp-s"><title>Anal Threesomes Vol.10</title><date></date><icon src="https://m7be2.solocoo.tv/m7be2iphone/mmchan/mpimages/260x145/RPvy6kuOIHbF7BJYmMkujQ.jpg"></icon><desc></desc><category></category></programme><programme channel="SU8j9Ce1vrvKFuPntS1BYU6YQvaj7ayY4yF8SpiQ" start="20221129015500 +0000" stop="20221129035100 +0000" catchup-id="0yZ-jtAWkdywoMs2Hh6bbEd1UqQBij3MZU98tNoh"><title>Rose Escorte De Luxe /Rose Escort Deluxe</title><date></date><icon src="https://m7be2.solocoo.tv/m7be2iphone/mmchan/mpimages/260x145/6RZTI86QYeXNwca4lBZzKw.jpg"></icon><desc></desc><category></category></programme><programme channel="SU8j9Ce1vrvKFuPntS1BYU6YQvaj7ayY4yF8SpiQ" start="20221129035100 +0000" stop="20221129040000 +0000" catchup-id="WlC7G-idibj2_9UbB0P9g-c3JYKcBBJgk4hleP4N"><title>Club Vxn Vol.10</title><date></date><icon src="https://m7be2.solocoo.tv/m7be2iphone/mmchan/mpimages/260x145/jzBpqRKNUUsGVOTkXx8Q2A.jpg"></icon><desc></desc><category></category></programme><programme channel="SU8j9Ce1vrvKFuPntS1BYU6YQvaj7ayY4yF8SpiQ" start="20221129040000 +0000" stop="20221129220000 +0000" catchup-id="7vm83V8zoCauMQKYBzcm-J-k7hMgSDsHfSmRtiOJ"><title>Broadcast starts at 23:00</title><date></date><icon src="https://m7be2.solocoo.tv/m7be2iphone/mmchan/mpimages/260x145/SPlnw02b2S-ZGS6zeTYr7g.jpg"></icon><desc></desc><category></category></programme><programme channel="SU8j9Ce1vrvKFuPntS1BYU6YQvaj7ayY4yF8SpiQ" start="20221129220000 +0000" stop="20221129221300 +0000" catchup-id="CV2FpqsnSPlUHGLn-BlnSGE9c60cLzYB4Kf0rbtm"><title>Revenge Part5</title><date></date><icon src="https://m7be2.solocoo.tv/m7be2iphone/mmchan/mpimages/260x145/OHCo9BPRpJyx8t8wR43t9A.jpg"></icon><desc></desc><category></category></programme><programme channel="SU8j9Ce1vrvKFuPntS1BYU6YQvaj7ayY4yF8SpiQ" start="20221129221300 +0000" stop="20221129221500 +0000" catchup-id="8tYWR1Gsol4KOxwkUxWxxQSFmj1G43U_tmjiZ2mC"><title>Dorcel Q Emily Willis Eng</title><date></date><icon src="https://m7be2.solocoo.tv/m7be2iphone/mmchan/mpimages/260x145/RPvy6kuOIHbF7BJYmMkujQ.jpg"></icon><desc></desc><category></category></programme><programme channel="SU8j9Ce1vrvKFuPntS1BYU6YQvaj7ayY4yF8SpiQ" start="20221129221500 +0000" stop="20221129224400 +0000" catchup-id="eiQLsMbw_uK0oO7kJ5Sks4zTEqyCfaUkECEZxHqD"><title>Love Etc Part. 4</title><date></date><icon src="https://m7be2.solocoo.tv/m7be2iphone/mmchan/mpimages/260x145/O17wo5jkE6DvyVgaT1_f0w.jpg"></icon><desc></desc><category></category></programme><programme channel="SU8j9Ce1vrvKFuPntS1BYU6YQvaj7ayY4yF8SpiQ" start="20221129224400 +0000" stop="20221129230000 +0000" catchup-id="Mc5AzAnWM3-vCDvASGstRI6Fly6lqqNCDK8OWiWW"><title>Interview Anna Polina</title><date></date><icon src="https://m7be2.solocoo.tv/m7be2iphone/mmchan/mpimages/260x145/PtKoEp3ajPBqP3RGfmZ8kg.jpg"></icon><desc></desc><category></category></programme><programme channel="SU8j9Ce1vrvKFuPntS1BYU6YQvaj7ayY4yF8SpiQ" start="20221129230000 +0000" stop="20221130005600 +0000" catchup-id="8zjlpkStC-LWbQbvodcDadpKcOXAYosqUtffabNb"><title>Back In the Game/Negociations Charnelles</title><date></date><icon src="https://m7be2.solocoo.tv/m7be2iphone/mmchan/mpimages/260x145/QXeqW06wvyZAGj4EqfCNzA.jpg"></icon><desc></desc><category></category></programme><programme channel="SU8j9Ce1vrvKFuPntS1BYU6YQvaj7ayY4yF8SpiQ" start="20221130005600 +0000" stop="20221130035100 +0000" catchup-id="gcxFFlsqsRL9eQMl2HEUistT9GQqfYUfVFCblgfz"><title>Anal Threesomes Vol.10</title><date></date><icon src="https://m7be2.solocoo.tv/m7be2iphone/mmchan/mpimages/260x145/mzUMqPChdW4LmpYKUd99gQ.jpg"></icon><desc></desc><category></category></programme><programme channel="SU8j9Ce1vrvKFuPntS1BYU6YQvaj7ayY4yF8SpiQ" start="20221130035100 +0000" stop="20221130040000 +0000" catchup-id="r1Lv4erFxbj1Q9-ZS98eZPNovcZkGIWOX5gzXCZS"><title>Rose Escorte De Luxe /Rose Escort Deluxe</title><date></date><icon src="https://m7be2.solocoo.tv/m7be2iphone/mmchan/mpimages/260x145/4RxWUCb12eikSfAUt3Avng.jpg"></icon><desc></desc><category></category></programme><programme channel="SU8j9Ce1vrvKFuPntS1BYU6YQvaj7ayY4yF8SpiQ" start="20221130040000 +0000" stop="20221130220000 +0000" catchup-id="u01GEIF4_VDCWJkRJkUPttFz46VqcDRoEYu60dx4"><title>Broadcast starts at 23:00</title><date></date><icon src="https://m7be2.solocoo.tv/m7be2iphone/mmchan/mpimages/260x145/SPlnw02b2S-ZGS6zeTYr7g.jpg"></icon><desc></desc><category></category></programme><programme channel="SU8j9Ce1vrvKFuPntS1BYU6YQvaj7ayY4yF8SpiQ" start="20221130220000 +0000" stop="20221130221300 +0000" catchup-id="VVxMrZk3aahYgeA6n9GLaeBuCYxk2s6C1mwHXEwI"><title>Revenge Part1</title><date></date><icon src="https://m7be2.solocoo.tv/m7be2iphone/mmchan/mpimages/260x145/4RxWUCb12eikSfAUt3Avng.jpg"></icon><desc></desc><category></category></programme><programme channel="SU8j9Ce1vrvKFuPntS1BYU6YQvaj7ayY4yF8SpiQ" start="20221130221300 +0000" stop="20221130221500 +0000" catchup-id="69nfTHpFq-87SPtjSvKX7iePt9KOz-LUDjOkTcYw"><title>Dorcel Q Eve Sweet Eng</title><date></date><icon src="https://m7be2.solocoo.tv/m7be2iphone/mmchan/mpimages/260x145/9jdrBk_sSvH3vAXQsWJw4A.jpg"></icon><desc></desc><category></category></programme><programme channel="SU8j9Ce1vrvKFuPntS1BYU6YQvaj7ayY4yF8SpiQ" start="20221130221500 +0000" stop="20221130223100 +0000" catchup-id="Q2lYn47vwxm1Bxc47grHpX5i_8ibP5fep7WdY8FA"><title>Sucre &amp; Sale</title><date></date><icon src="https://m7be2.solocoo.tv/m7be2iphone/mmchan/mpimages/260x145/QXeqW06wvyZAGj4EqfCNzA.jpg"></icon><desc></desc><category></category></programme><programme channel="SU8j9Ce1vrvKFuPntS1BYU6YQvaj7ayY4yF8SpiQ" start="20221130223100 +0000" stop="20221130230100 +0000" catchup-id="AinCjpQiVu7-HNdivTBgBuDKYiBMyBp7cw3SXEEE"><title>Bts - Revenge</title><date></date><icon src="https://m7be2.solocoo.tv/m7be2iphone/mmchan/mpimages/260x145/JH_IhhmYOLTVtJtyaivcGA.jpg"></icon><desc></desc><category></category></programme><programme channel="SU8j9Ce1vrvKFuPntS1BYU6YQvaj7ayY4yF8SpiQ" start="20221130230100 +0000" stop="20221201013400 +0000" catchup-id="cZ3TICsQl-JgVULk6c4itE5ebgscnMnxx6TN7nJ-"><title>Anal</title><date></date><icon src="https://m7be2.solocoo.tv/m7be2iphone/mmchan/mpimages/260x145/XlaSfs_MlDJ6Z_1sjISOBw.jpg"></icon><desc></desc><category></category></programme><programme channel="SU8j9Ce1vrvKFuPntS1BYU6YQvaj7ayY4yF8SpiQ" start="20221201013400 +0000" stop="20221201035900 +0000" catchup-id="I_-W2UMMCEeDjEo_DTkfgxzc77TrUl-TMp11JLnE"><title>Climax 2 / Climax 2</title><date></date><icon src="https://m7be2.solocoo.tv/m7be2iphone/mmchan/mpimages/260x145/O17wo5jkE6DvyVgaT1_f0w.jpg"></icon><desc></desc><category></category></programme><programme channel="SU8j9Ce1vrvKFuPntS1BYU6YQvaj7ayY4yF8SpiQ" start="20221201035900 +0000" stop="20221201040000 +0000" catchup-id="hDbkFlHgPga89ZjpRDBCJXfr5f9J98_BGqU9VwLI"><title>Anal Threesomes Vol.10</title><date></date><icon src="https://m7be2.solocoo.tv/m7be2iphone/mmchan/mpimages/260x145/6RZTI86QYeXNwca4lBZzKw.jpg"></icon><desc></desc><category></category></programme><programme channel="SU8j9Ce1vrvKFuPntS1BYU6YQvaj7ayY4yF8SpiQ" start="20221201040000 +0000" stop="20221201220000 +0000" catchup-id="7i3WLeUt5tmVHFu7SgHeoJ4d7FIlZXfiA7IoIqU6"><title>Broadcast starts at 23:00</title><date></date><icon src="https://m7be2.solocoo.tv/m7be2iphone/mmchan/mpimages/260x145/SPlnw02b2S-ZGS6zeTYr7g.jpg"></icon><desc></desc><category></category></programme><programme channel="SU8j9Ce1vrvKFuPntS1BYU6YQvaj7ayY4yF8SpiQ" start="20221201220000 +0000" stop="20221201220300 +0000" catchup-id="qHvgJE5rmXxTz7sNkclmETqBgfQecWgEY9FwMfXh"><title>Explicit Acts</title><date></date><icon src="https://m7be2.solocoo.tv/m7be2iphone/mmchan/mpimages/260x145/XlaSfs_MlDJ6Z_1sjISOBw.jpg"></icon><desc></desc><category></category></programme><programme channel="SU8j9Ce1vrvKFuPntS1BYU6YQvaj7ayY4yF8SpiQ" start="20221201220300 +0000" stop="20221201221200 +0000" catchup-id="uwxOH2IZx-5avWRXjjQPgxjagnTXdEsad4v-X4dh"><title>Revenge Part1</title><date></date><icon src="https://m7be2.solocoo.tv/m7be2iphone/mmchan/mpimages/260x145/6RZTI86QYeXNwca4lBZzKw.jpg"></icon><desc></desc><category></category></programme><programme channel="SU8j9Ce1vrvKFuPntS1BYU6YQvaj7ayY4yF8SpiQ" start="20221201221200 +0000" stop="20221201224300 +0000" catchup-id="u0qUYrq8HqvK1965uIcluMWiGtPTSfunhJG8DxdL"><title>Bts Whitney La Soumise</title><date></date><icon src="https://m7be2.solocoo.tv/m7be2iphone/mmchan/mpimages/260x145/O17wo5jkE6DvyVgaT1_f0w.jpg"></icon><desc></desc><category></category></programme><programme channel="SU8j9Ce1vrvKFuPntS1BYU6YQvaj7ayY4yF8SpiQ" start="20221201224300 +0000" stop="20221201230000 +0000" catchup-id="92P49pXfSqgSjjs6Fy3-VMryluYTOSuc8a83SKwY"><title>9 Nuits Part. 5</title><date></date><icon src="https://m7be2.solocoo.tv/m7be2iphone/mmchan/mpimages/260x145/jzBpqRKNUUsGVOTkXx8Q2A.jpg"></icon><desc></desc><category></category></programme><programme channel="SU8j9Ce1vrvKFuPntS1BYU6YQvaj7ayY4yF8SpiQ" start="20221201230000 +0000" stop="20221202004300 +0000" catchup-id="ySxYpxq0GZINeFiFlOCk7W0JdWngZV0WBNSJ4kxO"><title>8 Masseuses</title><date></date><icon src="https://m7be2.solocoo.tv/m7be2iphone/mmchan/mpimages/260x145/iZJpT5yGeSfdmU-SZvSBvg.jpg"></icon><desc></desc><category></category></programme><programme channel="SU8j9Ce1vrvKFuPntS1BYU6YQvaj7ayY4yF8SpiQ" start="20221202004300 +0000" stop="20221202031600 +0000" catchup-id="5-LzT_ViUDdU00FKnONfC2JYTB4-iOrXtA9s-Do-"><title>Anal</title><date></date><icon src="https://m7be2.solocoo.tv/m7be2iphone/mmchan/mpimages/260x145/mzUMqPChdW4LmpYKUd99gQ.jpg"></icon><desc></desc><category></category></programme><programme channel="SU8j9Ce1vrvKFuPntS1BYU6YQvaj7ayY4yF8SpiQ" start="20221202031600 +0000" stop="20221202035800 +0000" catchup-id="LGr49W0kyoRbVOZzV3gOQts0VUxSBg90QaM9PSmc"><title>Ariana Marie Affamé De Dp / Ariana Marie Hungry For Dp</title><date></date><icon src="https://m7be2.solocoo.tv/m7be2iphone/mmchan/mpimages/260x145/XlaSfs_MlDJ6Z_1sjISOBw.jpg"></icon><desc></desc><category></category></programme><programme channel="SU8j9Ce1vrvKFuPntS1BYU6YQvaj7ayY4yF8SpiQ" start="20221202035800 +0000" stop="20221202040000 +0000" catchup-id="avgyOgS_BhoKj4uf91iKo7hgC4TcyVr2dusa3qo8"><title>Back In the Game/Negociations Charnelles</title><date></date><icon src="https://m7be2.solocoo.tv/m7be2iphone/mmchan/mpimages/260x145/9jdrBk_sSvH3vAXQsWJw4A.jpg"></icon><desc></desc><category></category></programme><programme channel="SU8j9Ce1vrvKFuPntS1BYU6YQvaj7ayY4yF8SpiQ" start="20221202040000 +0000" stop="20221202220000 +0000" catchup-id="Rlu2DzG7wBOO12wGRwtd1aWvDh_kVpteMlG23TzH"><title>Broadcast starts at 23:00</title><date></date><icon src="https://m7be2.solocoo.tv/m7be2iphone/mmchan/mpimages/260x145/SPlnw02b2S-ZGS6zeTYr7g.jpg"></icon><desc></desc><category></category></programme><programme channel="SU8j9Ce1vrvKFuPntS1BYU6YQvaj7ayY4yF8SpiQ" start="20221202220000 +0000" stop="20221202220300 +0000" catchup-id="Y1PZx7zbcDo0YLa4Ly-6y-Tl6ZwTkveZKZ_N4ikf"><title>Tiffany La Soumise / Tiffany, Desires Of Submission</title><date></date><icon src="https://m7be2.solocoo.tv/m7be2iphone/mmchan/mpimages/260x145/XlaSfs_MlDJ6Z_1sjISOBw.jpg"></icon><desc></desc><category></category></programme><programme channel="SU8j9Ce1vrvKFuPntS1BYU6YQvaj7ayY4yF8SpiQ" start="20221202220300 +0000" stop="20221202222800 +0000" catchup-id="YGoj6-5dwdRv2ITiFpL4L0-Mwd4EcspkQEMXcWL6"><title>A_Larret Part 3</title><date></date><icon src="https://m7be2.solocoo.tv/m7be2iphone/mmchan/mpimages/260x145/9jdrBk_sSvH3vAXQsWJw4A.jpg"></icon><desc></desc><category></category></programme><programme channel="SU8j9Ce1vrvKFuPntS1BYU6YQvaj7ayY4yF8SpiQ" start="20221202222800 +0000" stop="20221202223400 +0000" catchup-id="o-1C3slRJu1cdWYqfD9xAdwEDOnv0bHSxJ7hF4et"><title>Bts Climax 2</title><date></date><icon src="https://m7be2.solocoo.tv/m7be2iphone/mmchan/mpimages/260x145/iZJpT5yGeSfdmU-SZvSBvg.jpg"></icon><desc></desc><category></category></programme><programme channel="SU8j9Ce1vrvKFuPntS1BYU6YQvaj7ayY4yF8SpiQ" start="20221202223400 +0000" stop="20221202230000 +0000" catchup-id="p43afpJWiMQu_mDjInjMR4K704wstli39W9Nozog"><title>A_Larret Part 4</title><date></date><icon src="https://m7be2.solocoo.tv/m7be2iphone/mmchan/mpimages/260x145/VlyXDSepLD8T78vAr-LSsg.jpg"></icon><desc></desc><category></category></programme><programme channel="SU8j9Ce1vrvKFuPntS1BYU6YQvaj7ayY4yF8SpiQ" start="20221202230000 +0000" stop="20221203003300 +0000" catchup-id="3YaRk3HVGopIYCCteIzimqh2TqE0fNV42oZUXJf9"><title>Seconde Chance / Second Chance</title><date></date><icon src="https://m7be2.solocoo.tv/m7be2iphone/mmchan/mpimages/260x145/JH_IhhmYOLTVtJtyaivcGA.jpg"></icon><desc></desc><category></category></programme><programme channel="SU8j9Ce1vrvKFuPntS1BYU6YQvaj7ayY4yF8SpiQ" start="20221203003300 +0000" stop="20221203021600 +0000" catchup-id="jZFUIzgJK0I1KCYi37MGtVfau_A3csRWlo1txBid"><title>8 Masseuses</title><date></date><icon src="https://m7be2.solocoo.tv/m7be2iphone/mmchan/mpimages/260x145/QXeqW06wvyZAGj4EqfCNzA.jpg"></icon><desc></desc><category></category></programme><programme channel="SU8j9Ce1vrvKFuPntS1BYU6YQvaj7ayY4yF8SpiQ" start="20221203021600 +0000" stop="20221203033300 +0000" catchup-id="alkDZPRr8qCHLxSD7wagAxdWYFwrnpjQguyIRgZb"><title>Clea Gaultier Private Life Vol.1</title><date></date><icon src="https://m7be2.solocoo.tv/m7be2iphone/mmchan/mpimages/260x145/6RZTI86QYeXNwca4lBZzKw.jpg"></icon><desc></desc><category></category></programme><programme channel="SU8j9Ce1vrvKFuPntS1BYU6YQvaj7ayY4yF8SpiQ" start="20221203033300 +0000" stop="20221203035900 +0000" catchup-id="SWKXm-bqnlnG-bOch8R5gK-KLFgSgG8wC9l1BDYu"><title>Tiffany La Soumise / Tiffany, Desires Of Submission</title><date></date><icon src="https://m7be2.solocoo.tv/m7be2iphone/mmchan/mpimages/260x145/O17wo5jkE6DvyVgaT1_f0w.jpg"></icon><desc></desc><category></category></programme><programme channel="SU8j9Ce1vrvKFuPntS1BYU6YQvaj7ayY4yF8SpiQ" start="20221203035900 +0000" stop="20221203040000 +0000" catchup-id="biNVppY-9Gr47cWN6WwBuD92XduwYeRn9ztcUrlB"><title>Anal</title><date></date><icon src="https://m7be2.solocoo.tv/m7be2iphone/mmchan/mpimages/260x145/RPvy6kuOIHbF7BJYmMkujQ.jpg"></icon><desc></desc><category></category></programme><programme channel="SU8j9Ce1vrvKFuPntS1BYU6YQvaj7ayY4yF8SpiQ" start="20221203040000 +0000" stop="20221203220000 +0000" catchup-id="Xpvwz2WeZxqhdTzZ6gytZ3EBn-tcVVa3KtP0Egrl"><title>Broadcast starts at 23:00</title><date></date><icon src="https://m7be2.solocoo.tv/m7be2iphone/mmchan/mpimages/260x145/SPlnw02b2S-ZGS6zeTYr7g.jpg"></icon><desc></desc><category></category></programme><programme channel="SU8j9Ce1vrvKFuPntS1BYU6YQvaj7ayY4yF8SpiQ" start="20221203220000 +0000" stop="20221203220300 +0000" catchup-id="PWU-uA4yL9tE0iDHg57kwFfB2KCvlvqTFFriSvmQ"><title>Plaisir Matinal Avec La Sublime Riley / Morning Pleasure With the Sublime Riley</title><date></date><icon src="https://m7be2.solocoo.tv/m7be2iphone/mmchan/mpimages/260x145/O17wo5jkE6DvyVgaT1_f0w.jpg"></icon><desc></desc><category></category></programme><programme channel="SU8j9Ce1vrvKFuPntS1BYU6YQvaj7ayY4yF8SpiQ" start="20221203220300 +0000" stop="20221203222400 +0000" catchup-id="L6VU_QAxNlBSmdyK7jmOTVnI0OVUjU3U5OTdzLdt"><title>9 Nuits Part. 3</title><date></date><icon src="https://m7be2.solocoo.tv/m7be2iphone/mmchan/mpimages/260x145/RPvy6kuOIHbF7BJYmMkujQ.jpg"></icon><desc></desc><category></category></programme><programme channel="SU8j9Ce1vrvKFuPntS1BYU6YQvaj7ayY4yF8SpiQ" start="20221203222400 +0000" stop="20221203224200 +0000" catchup-id="IWlv2Hx3fg2WVC5RVmabYEVs5Qu3fqc_B9IDeYJJ"><title>Interview Anna Polina</title><date></date><icon src="https://m7be2.solocoo.tv/m7be2iphone/mmchan/mpimages/260x145/jzBpqRKNUUsGVOTkXx8Q2A.jpg"></icon><desc></desc><category></category></programme><programme channel="SU8j9Ce1vrvKFuPntS1BYU6YQvaj7ayY4yF8SpiQ" start="20221203224200 +0000" stop="20221203230000 +0000" catchup-id="kBHh7SmR4HOPoEOokX9hHBcC9ROHlkGTXZzsx31i"><title>A_Larret Part 5</title><date></date><icon src="https://m7be2.solocoo.tv/m7be2iphone/mmchan/mpimages/260x145/PtKoEp3ajPBqP3RGfmZ8kg.jpg"></icon><desc></desc><category></category></programme>