<programme channel="UZYysXfobARiMj1_pu4MsuGbvKXyl0cJEygUFyGk" start="20221118230000 +0000" stop="20221119004000 +0000" catchup-id="JAOE-dLRSFVgSDJfqh6t0rGR7rXyxZzzLGmuFp7X"><title>Danika Mori Vol.1</title><date></date><icon src="https://m7be2.solocoo.tv/m7be2iphone/mmchan/mpimages/208x308/iZJpT5yGeSfdmU-SZvSBvg.jpg"></icon><desc></desc><category></category></programme><programme channel="UZYysXfobARiMj1_pu4MsuGbvKXyl0cJEygUFyGk" start="20221119004000 +0000" stop="20221119020900 +0000" catchup-id="kkQPpFcGjXmiNijPmJ56Xy1p0bTfCvZof9boXDUP"><title>Les Folies D'angel Emily Vol.2</title><date></date><icon src="https://m7be2.solocoo.tv/m7be2iphone/mmchan/mpimages/208x308/mzUMqPChdW4LmpYKUd99gQ.jpg"></icon><desc></desc><category></category></programme><programme channel="UZYysXfobARiMj1_pu4MsuGbvKXyl0cJEygUFyGk" start="20221119020900 +0000" stop="20221119030700 +0000" catchup-id="_f2asJrAZhtht_zgvN9L5A6d0ZvLeTq-Op7mzSU2"><title>Kenna</title><date></date><icon src="https://m7be2.solocoo.tv/m7be2iphone/mmchan/mpimages/208x308/XlaSfs_MlDJ6Z_1sjISOBw.jpg"></icon><desc></desc><category></category></programme><programme channel="UZYysXfobARiMj1_pu4MsuGbvKXyl0cJEygUFyGk" start="20221119030700 +0000" stop="20221119035500 +0000" catchup-id="bvwRxdt1mglZzvnTFehQtFnzfxHOcSsGDE3QnVkw"><title>My First Interracial Part 1</title><date></date><icon src="https://m7be2.solocoo.tv/m7be2iphone/mmchan/mpimages/208x308/9jdrBk_sSvH3vAXQsWJw4A.jpg"></icon><desc></desc><category></category></programme><programme channel="UZYysXfobARiMj1_pu4MsuGbvKXyl0cJEygUFyGk" start="20221119035500 +0000" stop="20221119040000 +0000" catchup-id="X9XQh0BzTV_53zrfDPEWoTlZbftgdmYGNw_UUiiy"><title>Sextwoo Vol.1</title><date></date><icon src="https://m7be2.solocoo.tv/m7be2iphone/mmchan/mpimages/208x308/9RkzUcTZ_c2ph4L6ubBCxw.jpg"></icon><desc></desc><category></category></programme><programme channel="UZYysXfobARiMj1_pu4MsuGbvKXyl0cJEygUFyGk" start="20221119040000 +0000" stop="20221119230000 +0000" catchup-id="RfLKaLAp_yM3Z6YbITi0w7vP57zQ6yi9l4ILCdT5"><title>Broadcast starts at 00:00</title><date></date><icon src="https://m7be2.solocoo.tv/m7be2iphone/mmchan/mpimages/208x308/SPlnw02b2S-ZGS6zeTYr7g.jpg"></icon><desc></desc><category></category></programme><programme channel="UZYysXfobARiMj1_pu4MsuGbvKXyl0cJEygUFyGk" start="20221119230000 +0000" stop="20221120014500 +0000" catchup-id="agQJrXENfeNSttlk3lc_G-k9ysa-KbvuEwYwrSpA"><title>Bad Girls - Lesbian Desires</title><date></date><icon src="https://m7be2.solocoo.tv/m7be2iphone/mmchan/mpimages/208x308/jzBpqRKNUUsGVOTkXx8Q2A.jpg"></icon><desc></desc><category></category></programme><programme channel="UZYysXfobARiMj1_pu4MsuGbvKXyl0cJEygUFyGk" start="20221120014500 +0000" stop="20221120032500 +0000" catchup-id="fjTkb8x7-PRdkseGJPThGMQCrcuVvPoD_JIx67FZ"><title>Danika Mori Vol.1</title><date></date><icon src="https://m7be2.solocoo.tv/m7be2iphone/mmchan/mpimages/208x308/iZJpT5yGeSfdmU-SZvSBvg.jpg"></icon><desc></desc><category></category></programme><programme channel="UZYysXfobARiMj1_pu4MsuGbvKXyl0cJEygUFyGk" start="20221120032500 +0000" stop="20221120035900 +0000" catchup-id="akj5cdQOq7R0dKHIbgXWV29mIQJBTapaFDLBpl6v"><title>Jia</title><date></date><icon src="https://m7be2.solocoo.tv/m7be2iphone/mmchan/mpimages/208x308/mzUMqPChdW4LmpYKUd99gQ.jpg"></icon><desc></desc><category></category></programme><programme channel="UZYysXfobARiMj1_pu4MsuGbvKXyl0cJEygUFyGk" start="20221120035900 +0000" stop="20221120040000 +0000" catchup-id="IFmGqnKDaJpHfa5SjUzDgGPk-Am5lp6uEizoBlG8"><title>Les Folies D'angel Emily Vol.2</title><date></date><icon src="https://m7be2.solocoo.tv/m7be2iphone/mmchan/mpimages/208x308/XlaSfs_MlDJ6Z_1sjISOBw.jpg"></icon><desc></desc><category></category></programme><programme channel="UZYysXfobARiMj1_pu4MsuGbvKXyl0cJEygUFyGk" start="20221120040000 +0000" stop="20221120230000 +0000" catchup-id="mz8s2iHfah1bK35op_Co_HcN3IiwdqdNE_rtm6L7"><title>Broadcast starts at 00:00</title><date></date><icon src="https://m7be2.solocoo.tv/m7be2iphone/mmchan/mpimages/208x308/SPlnw02b2S-ZGS6zeTYr7g.jpg"></icon><desc></desc><category></category></programme><programme channel="UZYysXfobARiMj1_pu4MsuGbvKXyl0cJEygUFyGk" start="20221120230000 +0000" stop="20221121005300 +0000" catchup-id="RGgSH92x7uLYg2mxIvlIb9ybqcF49D_f3Ekh636l"><title>Clea &amp; Anissa Escortes De Luxe</title><date></date><icon src="https://m7be2.solocoo.tv/m7be2iphone/mmchan/mpimages/208x308/OHCo9BPRpJyx8t8wR43t9A.jpg"></icon><desc></desc><category></category></programme><programme channel="UZYysXfobARiMj1_pu4MsuGbvKXyl0cJEygUFyGk" start="20221121005300 +0000" stop="20221121033800 +0000" catchup-id="QvDZxx6KAsN1Ec7T2Zivnl7w5jOtG7IlkazIpDNN"><title>Bad Girls - Lesbian Desires</title><date></date><icon src="https://m7be2.solocoo.tv/m7be2iphone/mmchan/mpimages/208x308/RPvy6kuOIHbF7BJYmMkujQ.jpg"></icon><desc></desc><category></category></programme><programme channel="UZYysXfobARiMj1_pu4MsuGbvKXyl0cJEygUFyGk" start="20221121033800 +0000" stop="20221121040000 +0000" catchup-id="742nz-iW_m6t8onx-oTkboeVCK0zzUkKLdNyOXUA"><title>Elle S'offre Entierement A Un Client</title><date></date><icon src="https://m7be2.solocoo.tv/m7be2iphone/mmchan/mpimages/208x308/4RxWUCb12eikSfAUt3Avng.jpg"></icon><desc></desc><category></category></programme><programme channel="UZYysXfobARiMj1_pu4MsuGbvKXyl0cJEygUFyGk" start="20221121040000 +0000" stop="20221121230000 +0000" catchup-id="LZyyTejvViYai6YZvzIjv91vS6iNy05PzkViSCqF"><title>Broadcast starts at 00:00</title><date></date><icon src="https://m7be2.solocoo.tv/m7be2iphone/mmchan/mpimages/208x308/SPlnw02b2S-ZGS6zeTYr7g.jpg"></icon><desc></desc><category></category></programme><programme channel="UZYysXfobARiMj1_pu4MsuGbvKXyl0cJEygUFyGk" start="20221121230000 +0000" stop="20221122013900 +0000" catchup-id="JFKLOsUfEc3YsdX4BZ51jPv2VRVSzhvTriCd7xsP"><title>Blacked Raw Vol.43</title><date></date><icon src="https://m7be2.solocoo.tv/m7be2iphone/mmchan/mpimages/208x308/9jdrBk_sSvH3vAXQsWJw4A.jpg"></icon><desc></desc><category></category></programme><programme channel="UZYysXfobARiMj1_pu4MsuGbvKXyl0cJEygUFyGk" start="20221122013900 +0000" stop="20221122033200 +0000" catchup-id="5UdO8ELmqCRpcdI4DFlGSY1nQFEoaTv4U9KKb5Bw"><title>Clea &amp; Anissa Escortes De Luxe</title><date></date><icon src="https://m7be2.solocoo.tv/m7be2iphone/mmchan/mpimages/208x308/9RkzUcTZ_c2ph4L6ubBCxw.jpg"></icon><desc></desc><category></category></programme><programme channel="UZYysXfobARiMj1_pu4MsuGbvKXyl0cJEygUFyGk" start="20221122033200 +0000" stop="20221122035800 +0000" catchup-id="ax2tIrVHKK87pa1ptoiwzrEN8K-Frqg8WH3t8zuD"><title>Cara &amp; Lucy S'offrent A 4 Hommes Pour Une Orgie Fantastique</title><date></date><icon src="https://m7be2.solocoo.tv/m7be2iphone/mmchan/mpimages/208x308/PtKoEp3ajPBqP3RGfmZ8kg.jpg"></icon><desc></desc><category></category></programme><programme channel="UZYysXfobARiMj1_pu4MsuGbvKXyl0cJEygUFyGk" start="20221122035800 +0000" stop="20221122040000 +0000" catchup-id="fgh0T2XfQAAdadZRdrewOoSLKBoFE1iA77iSDF9l"><title>Bad Girls - Lesbian Desires</title><date></date><icon src="https://m7be2.solocoo.tv/m7be2iphone/mmchan/mpimages/208x308/VlyXDSepLD8T78vAr-LSsg.jpg"></icon><desc></desc><category></category></programme><programme channel="UZYysXfobARiMj1_pu4MsuGbvKXyl0cJEygUFyGk" start="20221122040000 +0000" stop="20221122230000 +0000" catchup-id="-t4v-oPcMF1RpjhfeAWxs9VnZYstcw7CjBpakIlm"><title>Broadcast starts at 00:00</title><date></date><icon src="https://m7be2.solocoo.tv/m7be2iphone/mmchan/mpimages/208x308/SPlnw02b2S-ZGS6zeTYr7g.jpg"></icon><desc></desc><category></category></programme><programme channel="UZYysXfobARiMj1_pu4MsuGbvKXyl0cJEygUFyGk" start="20221122230000 +0000" stop="20221123003200 +0000" catchup-id="tBZPjjKavx7u93-LKFevUrh32H8X-iiFYw9RLIcl"><title>Eva Elfie Vol.1</title><date></date><icon src="https://m7be2.solocoo.tv/m7be2iphone/mmchan/mpimages/208x308/O17wo5jkE6DvyVgaT1_f0w.jpg"></icon><desc></desc><category></category></programme><programme channel="UZYysXfobARiMj1_pu4MsuGbvKXyl0cJEygUFyGk" start="20221123003200 +0000" stop="20221123031200 +0000" catchup-id="7c64tIqbdNgvDV7-t6bWvd-RDpSc8KGsT61tnPD5"><title>Blacked Raw Vol.43</title><date></date><icon src="https://m7be2.solocoo.tv/m7be2iphone/mmchan/mpimages/208x308/jzBpqRKNUUsGVOTkXx8Q2A.jpg"></icon><desc></desc><category></category></programme><programme channel="UZYysXfobARiMj1_pu4MsuGbvKXyl0cJEygUFyGk" start="20221123031200 +0000" stop="20221123033400 +0000" catchup-id="eTlDfAZs48JnBsz4C94VlTsHXjHjFrnblwbyd_0y"><title>Mariska, 40 Ans Et Tres Gourmande</title><date></date><icon src="https://m7be2.solocoo.tv/m7be2iphone/mmchan/mpimages/208x308/iZJpT5yGeSfdmU-SZvSBvg.jpg"></icon><desc></desc><category></category></programme><programme channel="UZYysXfobARiMj1_pu4MsuGbvKXyl0cJEygUFyGk" start="20221123033400 +0000" stop="20221123035800 +0000" catchup-id="5chIH9_CHcTIDsFQKO0L-GFUWsy-ADEHYBkykQwn"><title>Baise Au Dortoir Avec La Belle Blue Angel</title><date></date><icon src="https://m7be2.solocoo.tv/m7be2iphone/mmchan/mpimages/208x308/mzUMqPChdW4LmpYKUd99gQ.jpg"></icon><desc></desc><category></category></programme><programme channel="UZYysXfobARiMj1_pu4MsuGbvKXyl0cJEygUFyGk" start="20221123035800 +0000" stop="20221123040000 +0000" catchup-id="iaazPRFLAHVtMYP2dm6aWUrJ2olYaKMDnQtkAqq2"><title>Clea &amp; Anissa Escortes De Luxe</title><date></date><icon src="https://m7be2.solocoo.tv/m7be2iphone/mmchan/mpimages/208x308/XlaSfs_MlDJ6Z_1sjISOBw.jpg"></icon><desc></desc><category></category></programme><programme channel="UZYysXfobARiMj1_pu4MsuGbvKXyl0cJEygUFyGk" start="20221123040000 +0000" stop="20221123230000 +0000" catchup-id="jwEE73AwcFmZ4kSWbu65OoeTjR0BMi55NbZ8KvEW"><title>Broadcast starts at 00:00</title><date></date><icon src="https://m7be2.solocoo.tv/m7be2iphone/mmchan/mpimages/208x308/SPlnw02b2S-ZGS6zeTYr7g.jpg"></icon><desc></desc><category></category></programme><programme channel="UZYysXfobARiMj1_pu4MsuGbvKXyl0cJEygUFyGk" start="20221123230000 +0000" stop="20221124014600 +0000" catchup-id="B9P--kPWXPWZjkJ6YA1lF2z7Uzxma7_WU-Aq-aB8"><title>La Nouvelle Fille Au Pair</title><date></date><icon src="https://m7be2.solocoo.tv/m7be2iphone/mmchan/mpimages/208x308/mzUMqPChdW4LmpYKUd99gQ.jpg"></icon><desc></desc><category></category></programme><programme channel="UZYysXfobARiMj1_pu4MsuGbvKXyl0cJEygUFyGk" start="20221124014600 +0000" stop="20221124031800 +0000" catchup-id="j3zDiiYkpVyMm9-0WbsncM6lt528pP11J17FpLUe"><title>Eva Elfie Vol.1</title><date></date><icon src="https://m7be2.solocoo.tv/m7be2iphone/mmchan/mpimages/208x308/XlaSfs_MlDJ6Z_1sjISOBw.jpg"></icon><desc></desc><category></category></programme><programme channel="UZYysXfobARiMj1_pu4MsuGbvKXyl0cJEygUFyGk" start="20221124031800 +0000" stop="20221124035800 +0000" catchup-id="F-AFEfXH_Nowp55JgkREJzmgpvBffdt745aB1mxj"><title>Skye</title><date></date><icon src="https://m7be2.solocoo.tv/m7be2iphone/mmchan/mpimages/208x308/9jdrBk_sSvH3vAXQsWJw4A.jpg"></icon><desc></desc><category></category></programme><programme channel="UZYysXfobARiMj1_pu4MsuGbvKXyl0cJEygUFyGk" start="20221124035800 +0000" stop="20221124040000 +0000" catchup-id="bAbbEP4I-0G8nMzCyPPsj5WFHDAo1v1mugd5ehJj"><title>Blacked Raw Vol.43</title><date></date><icon src="https://m7be2.solocoo.tv/m7be2iphone/mmchan/mpimages/208x308/9RkzUcTZ_c2ph4L6ubBCxw.jpg"></icon><desc></desc><category></category></programme><programme channel="UZYysXfobARiMj1_pu4MsuGbvKXyl0cJEygUFyGk" start="20221124040000 +0000" stop="20221124230000 +0000" catchup-id="85zFoFfvDuJ8Q_KOE7knKAJ5ZqMglyEtGxA_16E5"><title>Broadcast starts at 00:00</title><date></date><icon src="https://m7be2.solocoo.tv/m7be2iphone/mmchan/mpimages/208x308/SPlnw02b2S-ZGS6zeTYr7g.jpg"></icon><desc></desc><category></category></programme><programme channel="UZYysXfobARiMj1_pu4MsuGbvKXyl0cJEygUFyGk" start="20221124230000 +0000" stop="20221125001900 +0000" catchup-id="_87_94jFFyoWm-DIMmg_Wkn9wzUyNmJR3CCcqt8y"><title>Fuck V.i.p Cockaine</title><date></date><icon src="https://m7be2.solocoo.tv/m7be2iphone/mmchan/mpimages/208x308/iZJpT5yGeSfdmU-SZvSBvg.jpg"></icon><desc></desc><category></category></programme><programme channel="UZYysXfobARiMj1_pu4MsuGbvKXyl0cJEygUFyGk" start="20221125001900 +0000" stop="20221125030500 +0000" catchup-id="Ub-fHxKodDRLwC0PF-nI9EBDZli8gDEel-7I5Xpp"><title>La Nouvelle Fille Au Pair</title><date></date><icon src="https://m7be2.solocoo.tv/m7be2iphone/mmchan/mpimages/208x308/mzUMqPChdW4LmpYKUd99gQ.jpg"></icon><desc></desc><category></category></programme><programme channel="UZYysXfobARiMj1_pu4MsuGbvKXyl0cJEygUFyGk" start="20221125030500 +0000" stop="20221125034000 +0000" catchup-id="gYC0LYrTUGHgOZPZ_t_uHiHup7pCCNGEPFpTSbZc"><title>Alli</title><date></date><icon src="https://m7be2.solocoo.tv/m7be2iphone/mmchan/mpimages/208x308/XlaSfs_MlDJ6Z_1sjISOBw.jpg"></icon><desc></desc><category></category></programme><programme channel="UZYysXfobARiMj1_pu4MsuGbvKXyl0cJEygUFyGk" start="20221125034000 +0000" stop="20221125040000 +0000" catchup-id="dc1_oG1b9fObawC--zKc57ZGTUVawlrrzLU1meHN"><title>Claire Castel, Comblee Par 4 Hommes</title><date></date><icon src="https://m7be2.solocoo.tv/m7be2iphone/mmchan/mpimages/208x308/9jdrBk_sSvH3vAXQsWJw4A.jpg"></icon><desc></desc><category></category></programme><programme channel="UZYysXfobARiMj1_pu4MsuGbvKXyl0cJEygUFyGk" start="20221125040000 +0000" stop="20221125230000 +0000" catchup-id="LOG3NOTAIMPDjrw73X76Rr6SMPDqRzvj_yge0eHM"><title>Broadcast starts at 00:00</title><date></date><icon src="https://m7be2.solocoo.tv/m7be2iphone/mmchan/mpimages/260x145/SPlnw02b2S-ZGS6zeTYr7g.jpg"></icon><desc></desc><category></category></programme><programme channel="UZYysXfobARiMj1_pu4MsuGbvKXyl0cJEygUFyGk" start="20221125230000 +0000" stop="20221126001300 +0000" catchup-id="hYxlVZHtQbzVnDC3GF1rU-UM-mdYCmagA1qjyBBv"><title>Secret Crush Vol.4</title><date></date><icon src="https://m7be2.solocoo.tv/m7be2iphone/mmchan/mpimages/260x145/6RZTI86QYeXNwca4lBZzKw.jpg"></icon><desc></desc><category></category></programme><programme channel="UZYysXfobARiMj1_pu4MsuGbvKXyl0cJEygUFyGk" start="20221126001300 +0000" stop="20221126013300 +0000" catchup-id="1qpo4PArZDzD3gONM5O0mfEirR_OBk1x7wy_UdaZ"><title>Fuck V.i.p Cockaine</title><date></date><icon src="https://m7be2.solocoo.tv/m7be2iphone/mmchan/mpimages/260x145/O17wo5jkE6DvyVgaT1_f0w.jpg"></icon><desc></desc><category></category></programme><programme channel="UZYysXfobARiMj1_pu4MsuGbvKXyl0cJEygUFyGk" start="20221126013300 +0000" stop="20221126033800 +0000" catchup-id="D454Ss5zl2AQ7ayEkXR4V3rpYGHnPl22VtZf5KuW"><title>Tina Kay's Intimate Videos Vol.3</title><date></date><icon src="https://m7be2.solocoo.tv/m7be2iphone/mmchan/mpimages/260x145/jzBpqRKNUUsGVOTkXx8Q2A.jpg"></icon><desc></desc><category></category></programme><programme channel="UZYysXfobARiMj1_pu4MsuGbvKXyl0cJEygUFyGk" start="20221126033800 +0000" stop="20221126035900 +0000" catchup-id="lll-v-s843wTXq4GybK35QksXYKgftYOdMEGI9J3"><title>Ma Femme Aime Se Faire Baiser En Exterieur</title><date></date><icon src="https://m7be2.solocoo.tv/m7be2iphone/mmchan/mpimages/260x145/iZJpT5yGeSfdmU-SZvSBvg.jpg"></icon><desc></desc><category></category></programme><programme channel="UZYysXfobARiMj1_pu4MsuGbvKXyl0cJEygUFyGk" start="20221126035900 +0000" stop="20221126040000 +0000" catchup-id="Tc4yzqTcmN7wtsuxrLjACpT5Qabl9zfVsbQP7jiE"><title>La Nouvelle Fille Au Pair</title><date></date><icon src="https://m7be2.solocoo.tv/m7be2iphone/mmchan/mpimages/260x145/mzUMqPChdW4LmpYKUd99gQ.jpg"></icon><desc></desc><category></category></programme><programme channel="UZYysXfobARiMj1_pu4MsuGbvKXyl0cJEygUFyGk" start="20221126040000 +0000" stop="20221126230000 +0000" catchup-id="OV3x5Ubam9RzW5U0mHlxTyXW-7rVfAWorYmmJx5g"><title>Broadcast starts at 00:00</title><date></date><icon src="https://m7be2.solocoo.tv/m7be2iphone/mmchan/mpimages/260x145/SPlnw02b2S-ZGS6zeTYr7g.jpg"></icon><desc></desc><category></category></programme><programme channel="UZYysXfobARiMj1_pu4MsuGbvKXyl0cJEygUFyGk" start="20221126230000 +0000" stop="20221127013700 +0000" catchup-id="NZ4-gZEt7FXbyE-eZYWDj5dStr_QxndzZF0ptvKu"><title>Tushy Raw Vol.27</title><date></date><icon src="https://m7be2.solocoo.tv/m7be2iphone/mmchan/mpimages/260x145/jzBpqRKNUUsGVOTkXx8Q2A.jpg"></icon><desc></desc><category></category></programme><programme channel="UZYysXfobARiMj1_pu4MsuGbvKXyl0cJEygUFyGk" start="20221127013700 +0000" stop="20221127025100 +0000" catchup-id="42-nul6CMy4Yd8M4lPRKddRaU88NGEtBFT-bJokg"><title>Secret Crush Vol.4</title><date></date><icon src="https://m7be2.solocoo.tv/m7be2iphone/mmchan/mpimages/260x145/iZJpT5yGeSfdmU-SZvSBvg.jpg"></icon><desc></desc><category></category></programme><programme channel="UZYysXfobARiMj1_pu4MsuGbvKXyl0cJEygUFyGk" start="20221127025100 +0000" stop="20221127032800 +0000" catchup-id="unHrhsauvJ0VXTceweCMkQIhDD6rqAfzbHHa2dLP"><title>Heat</title><date></date><icon src="https://m7be2.solocoo.tv/m7be2iphone/mmchan/mpimages/260x145/mzUMqPChdW4LmpYKUd99gQ.jpg"></icon><desc></desc><category></category></programme><programme channel="UZYysXfobARiMj1_pu4MsuGbvKXyl0cJEygUFyGk" start="20221127032800 +0000" stop="20221127035900 +0000" catchup-id="8TnMlsQ7nEHJztiOLXmJqg9LXIjUud1kr8WER_Su"><title>Sodom - Scene 1</title><date></date><icon src="https://m7be2.solocoo.tv/m7be2iphone/mmchan/mpimages/260x145/XlaSfs_MlDJ6Z_1sjISOBw.jpg"></icon><desc></desc><category></category></programme><programme channel="UZYysXfobARiMj1_pu4MsuGbvKXyl0cJEygUFyGk" start="20221127035900 +0000" stop="20221127040000 +0000" catchup-id="266o_5AKBeNXkF3DAeNe_kkTr0F7FA6skWvD6Vx4"><title>Fuck V.i.p Cockaine</title><date></date><icon src="https://m7be2.solocoo.tv/m7be2iphone/mmchan/mpimages/260x145/9jdrBk_sSvH3vAXQsWJw4A.jpg"></icon><desc></desc><category></category></programme><programme channel="UZYysXfobARiMj1_pu4MsuGbvKXyl0cJEygUFyGk" start="20221127040000 +0000" stop="20221127230000 +0000" catchup-id="UALp6vdSV86QYnCFK8hPqtgGSz9Zm3yGoscIvn7u"><title>Broadcast starts at 00:00</title><date></date><icon src="https://m7be2.solocoo.tv/m7be2iphone/mmchan/mpimages/260x145/SPlnw02b2S-ZGS6zeTYr7g.jpg"></icon><desc></desc><category></category></programme><programme channel="UZYysXfobARiMj1_pu4MsuGbvKXyl0cJEygUFyGk" start="20221127230000 +0000" stop="20221128004000 +0000" catchup-id="kNDsP4y4XvxB0tDbbSqj-xYVW4uRWjPbbfqkRTD8"><title>Nora &amp; Theo Vol.3</title><date></date><icon src="https://m7be2.solocoo.tv/m7be2iphone/mmchan/mpimages/260x145/O17wo5jkE6DvyVgaT1_f0w.jpg"></icon><desc></desc><category></category></programme><programme channel="UZYysXfobARiMj1_pu4MsuGbvKXyl0cJEygUFyGk" start="20221128004000 +0000" stop="20221128031700 +0000" catchup-id="gDxB6dJOBcXI3taxP_G5Gi68KH5cLJaCp4YqER4b"><title>Tushy Raw Vol.27</title><date></date><icon src="https://m7be2.solocoo.tv/m7be2iphone/mmchan/mpimages/260x145/jzBpqRKNUUsGVOTkXx8Q2A.jpg"></icon><desc></desc><category></category></programme><programme channel="UZYysXfobARiMj1_pu4MsuGbvKXyl0cJEygUFyGk" start="20221128031700 +0000" stop="20221128034000 +0000" catchup-id="QK6NDSfed7nWtE2HirEN7LB4Fz3M0bQ25zJ8Lt6Q"><title>Adultere Dans Le Jardin Avec 2 Gourmandes</title><date></date><icon src="https://m7be2.solocoo.tv/m7be2iphone/mmchan/mpimages/260x145/iZJpT5yGeSfdmU-SZvSBvg.jpg"></icon><desc></desc><category></category></programme><programme channel="UZYysXfobARiMj1_pu4MsuGbvKXyl0cJEygUFyGk" start="20221128034000 +0000" stop="20221128035800 +0000" catchup-id="CeYoRlSWZKnZ6DpQPDVPT636l8yWhaOAGuR5xDWz"><title>Plan A 3 Avec La Bourgeoise Anna Polina</title><date></date><icon src="https://m7be2.solocoo.tv/m7be2iphone/mmchan/mpimages/260x145/mzUMqPChdW4LmpYKUd99gQ.jpg"></icon><desc></desc><category></category></programme><programme channel="UZYysXfobARiMj1_pu4MsuGbvKXyl0cJEygUFyGk" start="20221128035800 +0000" stop="20221128040000 +0000" catchup-id="1ebcrbXqEUo_Riwfw2K1u-0a6wG3oZz968GojCtu"><title>Secret Crush Vol.4</title><date></date><icon src="https://m7be2.solocoo.tv/m7be2iphone/mmchan/mpimages/260x145/XlaSfs_MlDJ6Z_1sjISOBw.jpg"></icon><desc></desc><category></category></programme><programme channel="UZYysXfobARiMj1_pu4MsuGbvKXyl0cJEygUFyGk" start="20221128040000 +0000" stop="20221128230000 +0000" catchup-id="ov3WxlydftPRhpsEa3Wvp6XJsG6yjccvJpppQ1D6"><title>Broadcast starts at 00:00</title><date></date><icon src="https://m7be2.solocoo.tv/m7be2iphone/mmchan/mpimages/260x145/SPlnw02b2S-ZGS6zeTYr7g.jpg"></icon><desc></desc><category></category></programme><programme channel="UZYysXfobARiMj1_pu4MsuGbvKXyl0cJEygUFyGk" start="20221128230000 +0000" stop="20221129003500 +0000" catchup-id="VYZU59rq9qb66ZduDg8KCSNDw8GoMXTYoZjsSYVQ"><title>Lesbiennes De Luxe Vol 1</title><date></date><icon src="https://m7be2.solocoo.tv/m7be2iphone/mmchan/mpimages/260x145/jzBpqRKNUUsGVOTkXx8Q2A.jpg"></icon><desc></desc><category></category></programme><programme channel="UZYysXfobARiMj1_pu4MsuGbvKXyl0cJEygUFyGk" start="20221129003500 +0000" stop="20221129021500 +0000" catchup-id="D4XLySPQbro_8iIvppSCS60ty1aABLiyMM0xew4t"><title>Nora &amp; Theo Vol.3</title><date></date><icon src="https://m7be2.solocoo.tv/m7be2iphone/mmchan/mpimages/260x145/iZJpT5yGeSfdmU-SZvSBvg.jpg"></icon><desc></desc><category></category></programme><programme channel="UZYysXfobARiMj1_pu4MsuGbvKXyl0cJEygUFyGk" start="20221129021500 +0000" stop="20221129025300 +0000" catchup-id="6xe1NPI3WXt65DXrv3jD-A8EMqFSNy3_ktJAf1sj"><title>Anastasia</title><date></date><icon src="https://m7be2.solocoo.tv/m7be2iphone/mmchan/mpimages/260x145/mzUMqPChdW4LmpYKUd99gQ.jpg"></icon><desc></desc><category></category></programme><programme channel="UZYysXfobARiMj1_pu4MsuGbvKXyl0cJEygUFyGk" start="20221129025300 +0000" stop="20221129032600 +0000" catchup-id="EN93hwK8TSeDRIz4qOFkMTFav1YjKmDzDx3DH7Fw"><title>Depression</title><date></date><icon src="https://m7be2.solocoo.tv/m7be2iphone/mmchan/mpimages/260x145/XlaSfs_MlDJ6Z_1sjISOBw.jpg"></icon><desc></desc><category></category></programme><programme channel="UZYysXfobARiMj1_pu4MsuGbvKXyl0cJEygUFyGk" start="20221129032600 +0000" stop="20221129035900 +0000" catchup-id="EF8ZNosSWq85YehoM7PCPIfrVyNHCICHCOGuHGAI"><title>Cassie, La Masseuse Tres Gourmande</title><date></date><icon src="https://m7be2.solocoo.tv/m7be2iphone/mmchan/mpimages/260x145/9jdrBk_sSvH3vAXQsWJw4A.jpg"></icon><desc></desc><category></category></programme><programme channel="UZYysXfobARiMj1_pu4MsuGbvKXyl0cJEygUFyGk" start="20221129035900 +0000" stop="20221129040000 +0000" catchup-id="DS8kOnnqq4alEqa0pxbSlLv1ZNLcwOsMcz9wKZQT"><title>Tushy Raw Vol.27</title><date></date><icon src="https://m7be2.solocoo.tv/m7be2iphone/mmchan/mpimages/260x145/9RkzUcTZ_c2ph4L6ubBCxw.jpg"></icon><desc></desc><category></category></programme><programme channel="UZYysXfobARiMj1_pu4MsuGbvKXyl0cJEygUFyGk" start="20221129040000 +0000" stop="20221129230000 +0000" catchup-id="9umjyh-hXl3z80h6zrNXn-DcFQ8NjNm1HaXXfJDD"><title>Broadcast starts at 00:00</title><date></date><icon src="https://m7be2.solocoo.tv/m7be2iphone/mmchan/mpimages/260x145/SPlnw02b2S-ZGS6zeTYr7g.jpg"></icon><desc></desc><category></category></programme><programme channel="UZYysXfobARiMj1_pu4MsuGbvKXyl0cJEygUFyGk" start="20221129230000 +0000" stop="20221130012900 +0000" catchup-id="Wo_fWPtMGk3RLpbLZdO11QrwI4Y5w4v3QgZLTWwP"><title>Tushy Raw Vol.34</title><date></date><icon src="https://m7be2.solocoo.tv/m7be2iphone/mmchan/mpimages/260x145/4RxWUCb12eikSfAUt3Avng.jpg"></icon><desc></desc><category></category></programme><programme channel="UZYysXfobARiMj1_pu4MsuGbvKXyl0cJEygUFyGk" start="20221130012900 +0000" stop="20221130030500 +0000" catchup-id="y20M-akKbdFwHJAs6LgdpJq7xyaMWJNB8AUNsqGV"><title>Lesbiennes De Luxe Vol 1</title><date></date><icon src="https://m7be2.solocoo.tv/m7be2iphone/mmchan/mpimages/260x145/6RZTI86QYeXNwca4lBZzKw.jpg"></icon><desc></desc><category></category></programme><programme channel="UZYysXfobARiMj1_pu4MsuGbvKXyl0cJEygUFyGk" start="20221130030500 +0000" stop="20221130033100 +0000" catchup-id="9Drl-uLYA72oU__pxpQ3cODm_jusmEtN2FIeaASx"><title>Megan Rain Offerte A 2 Hommes Pour Son Premier Dorcel</title><date></date><icon src="https://m7be2.solocoo.tv/m7be2iphone/mmchan/mpimages/260x145/O17wo5jkE6DvyVgaT1_f0w.jpg"></icon><desc></desc><category></category></programme><programme channel="UZYysXfobARiMj1_pu4MsuGbvKXyl0cJEygUFyGk" start="20221130033100 +0000" stop="20221130035900 +0000" catchup-id="qLS3L4plLfzRMIVaoB_XLm2yTfnk2jIfRypV3Pcz"><title>Mina Sauvage, After Work Pervers</title><date></date><icon src="https://m7be2.solocoo.tv/m7be2iphone/mmchan/mpimages/260x145/jzBpqRKNUUsGVOTkXx8Q2A.jpg"></icon><desc></desc><category></category></programme><programme channel="UZYysXfobARiMj1_pu4MsuGbvKXyl0cJEygUFyGk" start="20221130035900 +0000" stop="20221130040000 +0000" catchup-id="SF5KSJzeMOiJ6R9bb1j0mf0PUantIg1SktHCv0P2"><title>Nora &amp; Theo Vol.3</title><date></date><icon src="https://m7be2.solocoo.tv/m7be2iphone/mmchan/mpimages/260x145/iZJpT5yGeSfdmU-SZvSBvg.jpg"></icon><desc></desc><category></category></programme><programme channel="UZYysXfobARiMj1_pu4MsuGbvKXyl0cJEygUFyGk" start="20221130040000 +0000" stop="20221130230000 +0000" catchup-id="t-z_zCSgwbn1Hax0AT4tcEwfozHtSFjh8ZOiiz6s"><title>Broadcast starts at 00:00</title><date></date><icon src="https://m7be2.solocoo.tv/m7be2iphone/mmchan/mpimages/260x145/SPlnw02b2S-ZGS6zeTYr7g.jpg"></icon><desc></desc><category></category></programme><programme channel="UZYysXfobARiMj1_pu4MsuGbvKXyl0cJEygUFyGk" start="20221130230000 +0000" stop="20221201015400 +0000" catchup-id="PdNElof5Oh3Cw-SHNPqkaNrncKiIC-sThTOIgVyf"><title>Blacked Raw Vol.49</title><date></date><icon src="https://m7be2.solocoo.tv/m7be2iphone/mmchan/mpimages/260x145/OHCo9BPRpJyx8t8wR43t9A.jpg"></icon><desc></desc><category></category></programme><programme channel="UZYysXfobARiMj1_pu4MsuGbvKXyl0cJEygUFyGk" start="20221201015400 +0000" stop="20221201023300 +0000" catchup-id="8ptmed3bIMSeD_SjJbatmoieZA-6HoKBE5l8EBsi"><title>Chloe</title><date></date><icon src="https://m7be2.solocoo.tv/m7be2iphone/mmchan/mpimages/260x145/PtKoEp3ajPBqP3RGfmZ8kg.jpg"></icon><desc></desc><category></category></programme><programme channel="UZYysXfobARiMj1_pu4MsuGbvKXyl0cJEygUFyGk" start="20221201023300 +0000" stop="20221201032100 +0000" catchup-id="R_pE_o1mWeFeYYferZ4i9NFnN32_F42tGV7yE7hd"><title>Dani Daniels Deeper - Part 2</title><date></date><icon src="https://m7be2.solocoo.tv/m7be2iphone/mmchan/mpimages/260x145/jzBpqRKNUUsGVOTkXx8Q2A.jpg"></icon><desc></desc><category></category></programme><programme channel="UZYysXfobARiMj1_pu4MsuGbvKXyl0cJEygUFyGk" start="20221201032100 +0000" stop="20221201035900 +0000" catchup-id="I3AMNtD7kyW42OJnXT3aP2oV2FmGsVWXIKxFMsLO"><title>Carolina</title><date></date><icon src="https://m7be2.solocoo.tv/m7be2iphone/mmchan/mpimages/260x145/4RxWUCb12eikSfAUt3Avng.jpg"></icon><desc></desc><category></category></programme><programme channel="UZYysXfobARiMj1_pu4MsuGbvKXyl0cJEygUFyGk" start="20221201035900 +0000" stop="20221201040000 +0000" catchup-id="2_lIQ2a8CNeKUcJ8Y-AWV4Y290MEgJV1fQAXW_2I"><title>Lesbiennes De Luxe Vol 1 - Part 1</title><date></date><icon src="https://m7be2.solocoo.tv/m7be2iphone/mmchan/mpimages/260x145/9jdrBk_sSvH3vAXQsWJw4A.jpg"></icon><desc></desc><category></category></programme><programme channel="UZYysXfobARiMj1_pu4MsuGbvKXyl0cJEygUFyGk" start="20221201040000 +0000" stop="20221201230000 +0000" catchup-id="aHJVxLPZH0P8E3DvExFBYygRqVVb3TESEKram54u"><title>Broadcast starts at 00:00</title><date></date><icon src="https://m7be2.solocoo.tv/m7be2iphone/mmchan/mpimages/260x145/SPlnw02b2S-ZGS6zeTYr7g.jpg"></icon><desc></desc><category></category></programme><programme channel="UZYysXfobARiMj1_pu4MsuGbvKXyl0cJEygUFyGk" start="20221201230000 +0000" stop="20221202003200 +0000" catchup-id="8OcNAivwRuIrZJ0I7DLAO5tjx2dONenxquKwG0vv"><title>Nora &amp; Theo Vol.2</title><date></date><icon src="https://m7be2.solocoo.tv/m7be2iphone/mmchan/mpimages/260x145/OHCo9BPRpJyx8t8wR43t9A.jpg"></icon><desc></desc><category></category></programme><programme channel="UZYysXfobARiMj1_pu4MsuGbvKXyl0cJEygUFyGk" start="20221202003200 +0000" stop="20221202032600 +0000" catchup-id="JIZ0MdhorZkovqZTq2n0pLCJU1AYXwO6P4UaENBi"><title>Blacked Raw Vol.49</title><date></date><icon src="https://m7be2.solocoo.tv/m7be2iphone/mmchan/mpimages/260x145/RPvy6kuOIHbF7BJYmMkujQ.jpg"></icon><desc></desc><category></category></programme><programme channel="UZYysXfobARiMj1_pu4MsuGbvKXyl0cJEygUFyGk" start="20221202032600 +0000" stop="20221202035800 +0000" catchup-id="dEG_CCPTavvtCrDPyCdtwMxKnhy0GGLHUZnMUYkS"><title>Sodom - Scene 1</title><date></date><icon src="https://m7be2.solocoo.tv/m7be2iphone/mmchan/mpimages/260x145/mzUMqPChdW4LmpYKUd99gQ.jpg"></icon><desc></desc><category></category></programme><programme channel="UZYysXfobARiMj1_pu4MsuGbvKXyl0cJEygUFyGk" start="20221202035800 +0000" stop="20221202040000 +0000" catchup-id="lcf5FY9CXGeEYZMntjXSy0R_morNNGV5U-ZPrFYQ"><title>Tushy Raw Vol.34</title><date></date><icon src="https://m7be2.solocoo.tv/m7be2iphone/mmchan/mpimages/260x145/PtKoEp3ajPBqP3RGfmZ8kg.jpg"></icon><desc></desc><category></category></programme><programme channel="UZYysXfobARiMj1_pu4MsuGbvKXyl0cJEygUFyGk" start="20221202040000 +0000" stop="20221202230000 +0000" catchup-id="pNa2mmsw4cxmU80ypkBGyXL-Fay0yZc6G8RFvp7v"><title>Broadcast starts at 00:00</title><date></date><icon src="https://m7be2.solocoo.tv/m7be2iphone/mmchan/mpimages/260x145/SPlnw02b2S-ZGS6zeTYr7g.jpg"></icon><desc></desc><category></category></programme>