<programme channel="_UYjSRWSLFN5Hd_fsHLVUseJQEpghRZfdxOjocP0" start="20221118230000 +0000" stop="20221119040000 +0000" catchup-id="TI6u8hekDOw9vdkS5IlDDv-e_81bQaaXl-1vj_2W"><title>Feest in de tent</title><date></date><icon src="https://m7be2.solocoo.tv/m7be2iphone/mmchan/mpimages/208x308/oVeTWRCvODAtlXPUUUpWow.jpg"></icon><desc>Waar is dat feestje? Hier is dat feestje! De gezelligste clips zie je elk weekend bij TV Oranje.</desc><category></category></programme><programme channel="_UYjSRWSLFN5Hd_fsHLVUseJQEpghRZfdxOjocP0" start="20221119040000 +0000" stop="20221119060000 +0000" catchup-id="0gNHygtUCobvyGius0WyuLeaRIFa9FT6B1LSNost"><title>De laatste ronde</title><date></date><icon src="https://m7be2.solocoo.tv/m7be2iphone/mmchan/mpimages/208x308/-I16svhg1-fTvIFjTe4Qvg.jpg"></icon><desc>Wie trekt er aan de bel en geeft het laatste rondje? TV Oranje gaat in elk geval door tot het einde.</desc><category></category></programme><programme channel="_UYjSRWSLFN5Hd_fsHLVUseJQEpghRZfdxOjocP0" start="20221119060000 +0000" stop="20221119070000 +0000" catchup-id="zTG9ckVqyaPUUuDM-VzQ_IRM_EgYpSIiH3o5brYv"><title>Kinderclips</title><date></date><icon src="https://m7be2.solocoo.tv/m7be2iphone/mmchan/mpimages/208x308/SPBfdi7wVxFath1XcCqIdw.jpg"></icon><desc>De leukste kinderclips zie je bij TV Oranje. Zing je mee?</desc><category></category></programme><programme channel="_UYjSRWSLFN5Hd_fsHLVUseJQEpghRZfdxOjocP0" start="20221119070000 +0000" stop="20221119090000 +0000" catchup-id="yJvZ5u7y8vxSjKSQgCg8iu0Ojy5Ro17oYBzJ3oyd"><title>Wakker in het weekend</title><date></date><icon src="https://m7be2.solocoo.tv/m7be2iphone/mmchan/mpimages/208x308/8oE5vsEs1GNGoGpWHfCe9w.jpg"></icon><desc>Ook voor de vroege vogels heeft TV Oranje volop clips van eigen bodem.</desc><category></category></programme><programme channel="_UYjSRWSLFN5Hd_fsHLVUseJQEpghRZfdxOjocP0" start="20221119090000 +0000" stop="20221119110000 +0000" catchup-id="o5mb4L-PfLaJ4jXg1Nh-KmlKGi6KFh4u94QFKLH5"><title>Hit Explosie</title><date></date><icon src="https://m7be2.solocoo.tv/m7be2iphone/mmchan/mpimages/208x308/yBdjRJHgq-LMFGL5oqpUVw.jpg"></icon><desc>Een explosie van Nederlandse knallers: de nieuwste clips van eigen bodem zie je in de Hit Explosie op TV Oranje.</desc><category></category></programme><programme channel="_UYjSRWSLFN5Hd_fsHLVUseJQEpghRZfdxOjocP0" start="20221119110000 +0000" stop="20221119130000 +0000" catchup-id="HQjkwi4igl0GfPqzsMjt_x8YWYjamzN-SjCY9jcc"><title>Weekendpauze</title><date></date><icon src="https://m7be2.solocoo.tv/m7be2iphone/mmchan/mpimages/208x308/7DOEo7GnI9AeR6WuP9iB7w.jpg"></icon><desc>Even helemaal niks anders doen dan genieten van de leukste clips van eigen bodem!</desc><category></category></programme><programme channel="_UYjSRWSLFN5Hd_fsHLVUseJQEpghRZfdxOjocP0" start="20221119130000 +0000" stop="20221119150000 +0000" catchup-id="-JRfTtrMURB8LmcMoqr9tNPqm040FRG03ffNmyML"><title>Groeten uit Holland</title><date></date><icon src="https://m7be2.solocoo.tv/m7be2iphone/mmchan/mpimages/208x308/D0EsN0jquI-GSXBDoaC2gw.jpg"></icon><desc>Een muzikale ansichtkaart met de leukste clips van eigen bodem.</desc><category></category></programme><programme channel="_UYjSRWSLFN5Hd_fsHLVUseJQEpghRZfdxOjocP0" start="20221119150000 +0000" stop="20221119163000 +0000" catchup-id="39VQ-VvmeGuFwY_HQOMvOQnHTDPE76l4jg6KEHhi"><title>Oranje Top 30</title><date></date><icon src="https://m7be2.solocoo.tv/m7be2iphone/mmchan/mpimages/208x308/TC6kL0Njko2ZLjVKN2bHcA.jpg"></icon><desc>De 30 populairste nummers van eigen bodem, gebaseerd op gegevens van de media, handel en industrie. Kijk voor de gehele lijst op oranjetop30.nl.</desc><category></category></programme><programme channel="_UYjSRWSLFN5Hd_fsHLVUseJQEpghRZfdxOjocP0" start="20221119163000 +0000" stop="20221119170000 +0000" catchup-id="i7QzTo4vwwWeGc-wogfV1alLirGrMzq6ok-bewCV"><title>TV Oranje live</title><date></date><icon src="https://m7be2.solocoo.tv/m7be2iphone/mmchan/mpimages/208x308/c7BuCcsj_HsnUQ2a0GBhJA.jpg"></icon><desc>De beste live optredens van jouw favoriete Nederlandse artiesten.</desc><category></category></programme><programme channel="_UYjSRWSLFN5Hd_fsHLVUseJQEpghRZfdxOjocP0" start="20221119170000 +0000" stop="20221119180000 +0000" catchup-id="ImgDwXWM1SGhnYv8NbntaVGmMfS9iPcZZ8tFHv9-"><title>Verzoekparade</title><date></date><icon src="https://m7be2.solocoo.tv/m7be2iphone/mmchan/mpimages/208x308/5K-3myMpxaAoawqOOHT9WA.jpg"></icon><desc>De meest aangevraagde clips van vandaag. Breng je stem uit via verzoekparade.nl en zie jouw favoriete clip morgen bij TV Oranje!</desc><category></category></programme><programme channel="_UYjSRWSLFN5Hd_fsHLVUseJQEpghRZfdxOjocP0" start="20221119180000 +0000" stop="20221119190000 +0000" catchup-id="0v8JP4JgdNl7Ulb7PqeGFL-TQKLXIAuZNpVuSp62"><title>TV Oranje klassiekers</title><date></date><icon src="https://m7be2.solocoo.tv/m7be2iphone/mmchan/mpimages/208x308/zyIn6moTcEEEpcyS3Fx1GQ.jpg"></icon><desc>Een selectie van Hollandse hits van weleer uit de archieven van TV Oranje.</desc><category></category></programme><programme channel="_UYjSRWSLFN5Hd_fsHLVUseJQEpghRZfdxOjocP0" start="20221119190000 +0000" stop="20221119200000 +0000" catchup-id="o2OE4QDnGrZ4B4XCDJvBT10htUrFkAnHPxBJAm86"><title>Het uur van...</title><date></date><icon src="https://m7be2.solocoo.tv/m7be2iphone/mmchan/mpimages/208x308/-RsJH5dJGXnJIBtBP0BY1Q.jpg"></icon><desc>Elke zaterdag zie je tussen 19:00 en 20:00 uur op TV Oranje een uur lang non-stop je favoriete artiest.</desc><category></category></programme><programme channel="_UYjSRWSLFN5Hd_fsHLVUseJQEpghRZfdxOjocP0" start="20221119200000 +0000" stop="20221119230000 +0000" catchup-id="3G0-v9F1LmB8g_QYFTm5ZTTEyVffEtnuvZ7oDRME"><title>Borreltijd</title><date></date><icon src="https://m7be2.solocoo.tv/m7be2iphone/mmchan/mpimages/208x308/fzUI59q3S5io5bSdgcq33Q.jpg"></icon><desc>Jouw uitgaansavond begint met deze feestelijke clips, die borrelen van energie.</desc><category></category></programme><programme channel="_UYjSRWSLFN5Hd_fsHLVUseJQEpghRZfdxOjocP0" start="20221119230000 +0000" stop="20221120040000 +0000" catchup-id="YpUSovWTGg47AyVMgidUmWHwwp_UYJu5HQnJuSw7"><title>Feest in de tent</title><date></date><icon src="https://m7be2.solocoo.tv/m7be2iphone/mmchan/mpimages/208x308/oVeTWRCvODAtlXPUUUpWow.jpg"></icon><desc>Waar is dat feestje? Hier is dat feestje! De gezelligste clips zie je elk weekend bij TV Oranje.</desc><category></category></programme><programme channel="_UYjSRWSLFN5Hd_fsHLVUseJQEpghRZfdxOjocP0" start="20221120040000 +0000" stop="20221120060000 +0000" catchup-id="fUjPSbyO6ab48co2c5e3eoV7exk-LLC2kjiRqPxN"><title>De laatste ronde</title><date></date><icon src="https://m7be2.solocoo.tv/m7be2iphone/mmchan/mpimages/208x308/-I16svhg1-fTvIFjTe4Qvg.jpg"></icon><desc>Wie trekt er aan de bel en geeft het laatste rondje? TV Oranje gaat in elk geval door tot het einde.</desc><category></category></programme><programme channel="_UYjSRWSLFN5Hd_fsHLVUseJQEpghRZfdxOjocP0" start="20221120060000 +0000" stop="20221120070000 +0000" catchup-id="Vd0savHhU0-Uvyxf3Ubc3MihZpSDVdzvJeEs5SAj"><title>Kinderclips</title><date></date><icon src="https://m7be2.solocoo.tv/m7be2iphone/mmchan/mpimages/208x308/SPBfdi7wVxFath1XcCqIdw.jpg"></icon><desc>De leukste kinderclips zie je bij TV Oranje. Zing je mee?</desc><category></category></programme><programme channel="_UYjSRWSLFN5Hd_fsHLVUseJQEpghRZfdxOjocP0" start="20221120070000 +0000" stop="20221120090000 +0000" catchup-id="mIjKf-K5L25YYftcc0sj3EBXWZhR6-KXiZsqmHTU"><title>Wakker in het weekend</title><date></date><icon src="https://m7be2.solocoo.tv/m7be2iphone/mmchan/mpimages/208x308/8oE5vsEs1GNGoGpWHfCe9w.jpg"></icon><desc>Ook voor de vroege vogels heeft TV Oranje volop clips van eigen bodem.</desc><category></category></programme><programme channel="_UYjSRWSLFN5Hd_fsHLVUseJQEpghRZfdxOjocP0" start="20221120090000 +0000" stop="20221120100000 +0000" catchup-id="mSGrDlUXQN5YBeDZz34yUEqydS2YuSmhG341NRtJ"><title>TV Oranje klassiekers</title><date></date><icon src="https://m7be2.solocoo.tv/m7be2iphone/mmchan/mpimages/208x308/zyIn6moTcEEEpcyS3Fx1GQ.jpg"></icon><desc>Een selectie van Hollandse hits van weleer uit de archieven van TV Oranje.</desc><category></category></programme><programme channel="_UYjSRWSLFN5Hd_fsHLVUseJQEpghRZfdxOjocP0" start="20221120100000 +0000" stop="20221120110000 +0000" catchup-id="b2yt5dJXqBLnAzkvRNFxCfib3HOMD2rHJWP7iNGs"><title>Oranje Top 30</title><date></date><icon src="https://m7be2.solocoo.tv/m7be2iphone/mmchan/mpimages/208x308/TC6kL0Njko2ZLjVKN2bHcA.jpg"></icon><desc>De 30 populairste nummers van eigen bodem, gebaseerd op gegevens van de media, handel en industrie. Kijk voor de gehele lijst op oranjetop30.nl.</desc><category></category></programme><programme channel="_UYjSRWSLFN5Hd_fsHLVUseJQEpghRZfdxOjocP0" start="20221120110000 +0000" stop="20221120130000 +0000" catchup-id="yV9Ir0pfNsckkDCH291Kh0jpKae8CanIlhLBfjKE"><title>Weekendpauze</title><date></date><icon src="https://m7be2.solocoo.tv/m7be2iphone/mmchan/mpimages/208x308/7DOEo7GnI9AeR6WuP9iB7w.jpg"></icon><desc>Even helemaal niks anders doen dan genieten van de leukste clips van eigen bodem!</desc><category></category></programme><programme channel="_UYjSRWSLFN5Hd_fsHLVUseJQEpghRZfdxOjocP0" start="20221120130000 +0000" stop="20221120150000 +0000" catchup-id="2RSZQPJj8N8ci1BOlOt_tJnwQjjWAeAR4xRzcnaQ"><title>Groeten uit Holland</title><date></date><icon src="https://m7be2.solocoo.tv/m7be2iphone/mmchan/mpimages/208x308/D0EsN0jquI-GSXBDoaC2gw.jpg"></icon><desc>Een muzikale ansichtkaart met de leukste clips van eigen bodem.</desc><category></category></programme><programme channel="_UYjSRWSLFN5Hd_fsHLVUseJQEpghRZfdxOjocP0" start="20221120150000 +0000" stop="20221120170000 +0000" catchup-id="zYe8ZuYcRJGtgRIfIpl-CP7mqTMTQO9dHtDTmg_O"><title>SchlagerTV</title><date></date><icon src="https://m7be2.solocoo.tv/m7be2iphone/mmchan/mpimages/208x308/RD7JZUdEHtgNXq-ZwWNWFg.jpg"></icon><desc>De gezelligste Duitstalige muziek van onze zusterzender SchlagerTV zie je elke zondag twee uur lang bij TV Oranje!</desc><category></category></programme><programme channel="_UYjSRWSLFN5Hd_fsHLVUseJQEpghRZfdxOjocP0" start="20221120170000 +0000" stop="20221120180000 +0000" catchup-id="laWiDNOPKMfHE-f8awf_w-zd54yeGVLUa5CX5MJA"><title>Verzoekparade</title><date></date><icon src="https://m7be2.solocoo.tv/m7be2iphone/mmchan/mpimages/208x308/5K-3myMpxaAoawqOOHT9WA.jpg"></icon><desc>De meest aangevraagde clips van vandaag. Breng je stem uit via verzoekparade.nl en zie jouw favoriete clip morgen bij TV Oranje!</desc><category></category></programme><programme channel="_UYjSRWSLFN5Hd_fsHLVUseJQEpghRZfdxOjocP0" start="20221120180000 +0000" stop="20221120210000 +0000" catchup-id="0mXO6bAzYNPVzZqD3HQ7lXXRBG83KnhtbhDxmHDg"><title>Hollandse Hits</title><date></date><icon src="https://m7be2.solocoo.tv/m7be2iphone/mmchan/mpimages/208x308/IQlHNQZQlVl9ddu_FcEjGw.jpg"></icon><desc>Een heerlijke mix met Hollandse Hits van toen en nu.</desc><category></category></programme><programme channel="_UYjSRWSLFN5Hd_fsHLVUseJQEpghRZfdxOjocP0" start="20221120210000 +0000" stop="20221120230000 +0000" catchup-id="Rz1svvPBLTSDV_b3RQ_orjATzsOGXPHkrweGVwq7"><title>Voor het slapen</title><date></date><icon src="https://m7be2.solocoo.tv/m7be2iphone/mmchan/mpimages/208x308/3b6gSqsy3bweTp6iN-Oeww.jpg"></icon><desc>Nog even een paar clips van eigen bodem en dan naar bed.</desc><category></category></programme><programme channel="_UYjSRWSLFN5Hd_fsHLVUseJQEpghRZfdxOjocP0" start="20221120230000 +0000" stop="20221121040000 +0000" catchup-id="VozuQ0rwk6HMlUw4P-FJ3UD3TqX5FZTZlzCPaz9z"><title>TV Oranje Nonstop</title><date></date><icon src="https://m7be2.solocoo.tv/m7be2iphone/mmchan/mpimages/208x308/5K-3myMpxaAoawqOOHT9WA.jpg"></icon><desc>Non-stop de beste muziek van eigen bodem.</desc><category></category></programme><programme channel="_UYjSRWSLFN5Hd_fsHLVUseJQEpghRZfdxOjocP0" start="20221121040000 +0000" stop="20221121060000 +0000" catchup-id="qLutlXG-0S-3QzcUynTwGYBlZrU1Vyboc5N_GjDu"><title>Wakker worden</title><date></date><icon src="https://m7be2.solocoo.tv/m7be2iphone/mmchan/mpimages/208x308/nDtazRN7_kU-JAPJdLbSXA.jpg"></icon><desc>Opstaan met je favoriete artiesten en de beste hits van eigen bodem.</desc><category></category></programme><programme channel="_UYjSRWSLFN5Hd_fsHLVUseJQEpghRZfdxOjocP0" start="20221121060000 +0000" stop="20221121070000 +0000" catchup-id="HBa54QMOyKMs-AKoUKYvm6Avjnz_J-Pyr_BcmE1m"><title>Kinderclips</title><date></date><icon src="https://m7be2.solocoo.tv/m7be2iphone/mmchan/mpimages/208x308/SPBfdi7wVxFath1XcCqIdw.jpg"></icon><desc>De leukste kinderclips zie je bij TV Oranje. Zing je mee?</desc><category></category></programme><programme channel="_UYjSRWSLFN5Hd_fsHLVUseJQEpghRZfdxOjocP0" start="20221121070000 +0000" stop="20221121090000 +0000" catchup-id="VIwrRjmG8R72fWR2l8JrfDK3iVTctBRzFnIw9eXg"><title>Koffieclips</title><date></date><icon src="https://m7be2.solocoo.tv/m7be2iphone/mmchan/mpimages/208x308/JqfW9at5anm5tbYg57jLNQ.jpg"></icon><desc>Lekkere muziek van eigen bodem voor bij de koffie.</desc><category></category></programme><programme channel="_UYjSRWSLFN5Hd_fsHLVUseJQEpghRZfdxOjocP0" start="20221121090000 +0000" stop="20221121110000 +0000" catchup-id="IYfPXSRybD9QGnNlW1HS0YlHbpRJGTvyh2dV3HEo"><title>Aan het werk</title><date></date><icon src="https://m7be2.solocoo.tv/m7be2iphone/mmchan/mpimages/208x308/pzj_T3nmlWC9LrwnRpsLJg.jpg"></icon><desc>Lekker aan de slag met muziek van eigen bodem.</desc><category></category></programme><programme channel="_UYjSRWSLFN5Hd_fsHLVUseJQEpghRZfdxOjocP0" start="20221121110000 +0000" stop="20221121130000 +0000" catchup-id="XUJFTlpkQCSfKdwm9NKSnh-I6wJlM15NlTZ2kCcx"><title>Middagpauze</title><date></date><icon src="https://m7be2.solocoo.tv/m7be2iphone/mmchan/mpimages/208x308/TqSBlbn2W-jPUGt1_w_7ag.jpg"></icon><desc>TV Oranje maakt jouw lunchpauze compleet met smakelijke muziek van eigen bodem.</desc><category></category></programme><programme channel="_UYjSRWSLFN5Hd_fsHLVUseJQEpghRZfdxOjocP0" start="20221121130000 +0000" stop="20221121150000 +0000" catchup-id="PiKNZj_MtTddnf2RLEmMJUv9VKuLVA2fqe-vRy1H"><title>Heel Hollands</title><date></date><icon src="https://m7be2.solocoo.tv/m7be2iphone/mmchan/mpimages/208x308/81z5gcELWAb2kGuj-l-RwA.jpg"></icon><desc>Alleen maar muziek van eigen bodem, daarvoor moet je natuurlijk bij TV Oranje zijn!</desc><category></category></programme><programme channel="_UYjSRWSLFN5Hd_fsHLVUseJQEpghRZfdxOjocP0" start="20221121150000 +0000" stop="20221121170000 +0000" catchup-id="G98Gqne4GCXFiYgPrKvLC1DqyV5_dGAzjlmrH4RM"><title>Tijd voor thuis</title><date></date><icon src="https://m7be2.solocoo.tv/m7be2iphone/mmchan/mpimages/208x308/2T6V2FQRyq-a2ET8iVfVYA.jpg"></icon><desc>Voel je helemaal thuis met deze heerlijke muziek van eigen bodem.</desc><category></category></programme><programme channel="_UYjSRWSLFN5Hd_fsHLVUseJQEpghRZfdxOjocP0" start="20221121170000 +0000" stop="20221121180000 +0000" catchup-id="T9iuXcOT5gszQubuQuwy_9VjXq8QeR8V1gjjxI5w"><title>Verzoekparade</title><date></date><icon src="https://m7be2.solocoo.tv/m7be2iphone/mmchan/mpimages/208x308/5K-3myMpxaAoawqOOHT9WA.jpg"></icon><desc>De meest aangevraagde clips van vandaag. Breng je stem uit via verzoekparade.nl en zie jouw favoriete clip morgen bij TV Oranje!</desc><category></category></programme><programme channel="_UYjSRWSLFN5Hd_fsHLVUseJQEpghRZfdxOjocP0" start="20221121180000 +0000" stop="20221121210000 +0000" catchup-id="tAXjNvf2r7WivRZK0wSb4eIsSqbUU0RRMmJ1JNfy"><title>Hollandse Hits</title><date></date><icon src="https://m7be2.solocoo.tv/m7be2iphone/mmchan/mpimages/208x308/IQlHNQZQlVl9ddu_FcEjGw.jpg"></icon><desc>Een heerlijke mix met Hollandse Hits van toen en nu.</desc><category></category></programme><programme channel="_UYjSRWSLFN5Hd_fsHLVUseJQEpghRZfdxOjocP0" start="20221121210000 +0000" stop="20221121230000 +0000" catchup-id="uygyi7OKMbV97gQX2qHY3ORmz9XIic1b9Bhw2PGo"><title>Voor het slapen</title><date></date><icon src="https://m7be2.solocoo.tv/m7be2iphone/mmchan/mpimages/208x308/3b6gSqsy3bweTp6iN-Oeww.jpg"></icon><desc>Nog even een paar clips van eigen bodem en dan naar bed.</desc><category></category></programme><programme channel="_UYjSRWSLFN5Hd_fsHLVUseJQEpghRZfdxOjocP0" start="20221121230000 +0000" stop="20221122040000 +0000" catchup-id="rHmNr12RnZHIjVgTYXbH1e4iZssUpiBcGDc0va8I"><title>TV Oranje Nonstop</title><date></date><icon src="https://m7be2.solocoo.tv/m7be2iphone/mmchan/mpimages/208x308/5K-3myMpxaAoawqOOHT9WA.jpg"></icon><desc>Non-stop de beste muziek van eigen bodem.</desc><category></category></programme><programme channel="_UYjSRWSLFN5Hd_fsHLVUseJQEpghRZfdxOjocP0" start="20221122040000 +0000" stop="20221122060000 +0000" catchup-id="HbzeoLwh5PQtED5I5YCig_EsO3i7mjJOkffZoF0N"><title>Wakker worden</title><date></date><icon src="https://m7be2.solocoo.tv/m7be2iphone/mmchan/mpimages/208x308/nDtazRN7_kU-JAPJdLbSXA.jpg"></icon><desc>Opstaan met je favoriete artiesten en de beste hits van eigen bodem.</desc><category></category></programme><programme channel="_UYjSRWSLFN5Hd_fsHLVUseJQEpghRZfdxOjocP0" start="20221122060000 +0000" stop="20221122070000 +0000" catchup-id="ch_EVUh279ZGMp_5DFHcnQg-qqOh5TOkeaOwNEMU"><title>Kinderclips</title><date></date><icon src="https://m7be2.solocoo.tv/m7be2iphone/mmchan/mpimages/208x308/SPBfdi7wVxFath1XcCqIdw.jpg"></icon><desc>De leukste kinderclips zie je bij TV Oranje. Zing je mee?</desc><category></category></programme><programme channel="_UYjSRWSLFN5Hd_fsHLVUseJQEpghRZfdxOjocP0" start="20221122070000 +0000" stop="20221122090000 +0000" catchup-id="mTNH1_lUsFccSO3PL15q6CY3nWuQe2Qa62hjnUYi"><title>Koffieclips</title><date></date><icon src="https://m7be2.solocoo.tv/m7be2iphone/mmchan/mpimages/208x308/JqfW9at5anm5tbYg57jLNQ.jpg"></icon><desc>Lekkere muziek van eigen bodem voor bij de koffie.</desc><category></category></programme><programme channel="_UYjSRWSLFN5Hd_fsHLVUseJQEpghRZfdxOjocP0" start="20221122090000 +0000" stop="20221122110000 +0000" catchup-id="wKv4J3iaDUYOjydhLrJAS7iJNQMocGehs5uJQRIH"><title>Aan het werk</title><date></date><icon src="https://m7be2.solocoo.tv/m7be2iphone/mmchan/mpimages/208x308/pzj_T3nmlWC9LrwnRpsLJg.jpg"></icon><desc>Lekker aan de slag met muziek van eigen bodem.</desc><category></category></programme><programme channel="_UYjSRWSLFN5Hd_fsHLVUseJQEpghRZfdxOjocP0" start="20221122110000 +0000" stop="20221122130000 +0000" catchup-id="jUcqLMkrXyb-gqNJIqrW330EbdwDFKaHQAEw_UYo"><title>Middagpauze</title><date></date><icon src="https://m7be2.solocoo.tv/m7be2iphone/mmchan/mpimages/208x308/TqSBlbn2W-jPUGt1_w_7ag.jpg"></icon><desc>TV Oranje maakt jouw lunchpauze compleet met smakelijke muziek van eigen bodem.</desc><category></category></programme><programme channel="_UYjSRWSLFN5Hd_fsHLVUseJQEpghRZfdxOjocP0" start="20221122130000 +0000" stop="20221122150000 +0000" catchup-id="F8XrjNWcNLmak2qOndMFBkPpEtIPDTfUKyG3uVBF"><title>Heel Hollands</title><date></date><icon src="https://m7be2.solocoo.tv/m7be2iphone/mmchan/mpimages/208x308/81z5gcELWAb2kGuj-l-RwA.jpg"></icon><desc>Alleen maar muziek van eigen bodem, daarvoor moet je natuurlijk bij TV Oranje zijn!</desc><category></category></programme><programme channel="_UYjSRWSLFN5Hd_fsHLVUseJQEpghRZfdxOjocP0" start="20221122150000 +0000" stop="20221122170000 +0000" catchup-id="8oZYhFRO_mEYFvj2FJ0Wae3CI9uEeNYYsJbztggJ"><title>Tijd voor thuis</title><date></date><icon src="https://m7be2.solocoo.tv/m7be2iphone/mmchan/mpimages/208x308/2T6V2FQRyq-a2ET8iVfVYA.jpg"></icon><desc>Voel je helemaal thuis met deze heerlijke muziek van eigen bodem.</desc><category></category></programme><programme channel="_UYjSRWSLFN5Hd_fsHLVUseJQEpghRZfdxOjocP0" start="20221122170000 +0000" stop="20221122180000 +0000" catchup-id="4OotkDXebMu0Hlf9SxKP-59NBIqmF0mVr05kEvZX"><title>Verzoekparade</title><date></date><icon src="https://m7be2.solocoo.tv/m7be2iphone/mmchan/mpimages/208x308/5K-3myMpxaAoawqOOHT9WA.jpg"></icon><desc>De meest aangevraagde clips van vandaag. Breng je stem uit via verzoekparade.nl en zie jouw favoriete clip morgen bij TV Oranje!</desc><category></category></programme><programme channel="_UYjSRWSLFN5Hd_fsHLVUseJQEpghRZfdxOjocP0" start="20221122180000 +0000" stop="20221122210000 +0000" catchup-id="IZ58RpkXWVoWxDiDbbvJrTJ-DH2liJgZIr7Lh46D"><title>Hollandse Hits</title><date></date><icon src="https://m7be2.solocoo.tv/m7be2iphone/mmchan/mpimages/208x308/IQlHNQZQlVl9ddu_FcEjGw.jpg"></icon><desc>Een heerlijke mix met Hollandse Hits van toen en nu.</desc><category></category></programme><programme channel="_UYjSRWSLFN5Hd_fsHLVUseJQEpghRZfdxOjocP0" start="20221122210000 +0000" stop="20221122230000 +0000" catchup-id="wqZHixpDhEj0t2_aNaIrFbD6Pp9QSLggKUANt8g9"><title>Voor het slapen</title><date></date><icon src="https://m7be2.solocoo.tv/m7be2iphone/mmchan/mpimages/208x308/3b6gSqsy3bweTp6iN-Oeww.jpg"></icon><desc>Nog even een paar clips van eigen bodem en dan naar bed.</desc><category></category></programme><programme channel="_UYjSRWSLFN5Hd_fsHLVUseJQEpghRZfdxOjocP0" start="20221122230000 +0000" stop="20221123040000 +0000" catchup-id="wJSliCDD7G9nQKipDTV7AzSZIz72DFMfPKiw2l2X"><title>TV Oranje Nonstop</title><date></date><icon src="https://m7be2.solocoo.tv/m7be2iphone/mmchan/mpimages/208x308/5K-3myMpxaAoawqOOHT9WA.jpg"></icon><desc>Non-stop de beste muziek van eigen bodem.</desc><category></category></programme><programme channel="_UYjSRWSLFN5Hd_fsHLVUseJQEpghRZfdxOjocP0" start="20221123040000 +0000" stop="20221123060000 +0000" catchup-id="xq9_uEfDkUUUAXYrO9ggqCq5uG-LDWUlSV1srCib"><title>Wakker worden</title><date></date><icon src="https://m7be2.solocoo.tv/m7be2iphone/mmchan/mpimages/208x308/nDtazRN7_kU-JAPJdLbSXA.jpg"></icon><desc>Opstaan met je favoriete artiesten en de beste hits van eigen bodem.</desc><category></category></programme><programme channel="_UYjSRWSLFN5Hd_fsHLVUseJQEpghRZfdxOjocP0" start="20221123060000 +0000" stop="20221123070000 +0000" catchup-id="X8DOtTJROvxCV8Pzvl3W9MIjARnA5INWZ0ai8WwU"><title>Kinderclips</title><date></date><icon src="https://m7be2.solocoo.tv/m7be2iphone/mmchan/mpimages/208x308/SPBfdi7wVxFath1XcCqIdw.jpg"></icon><desc>De leukste kinderclips zie je bij TV Oranje. Zing je mee?</desc><category></category></programme><programme channel="_UYjSRWSLFN5Hd_fsHLVUseJQEpghRZfdxOjocP0" start="20221123070000 +0000" stop="20221123090000 +0000" catchup-id="_JDVGQVD4JQjIERVRcJWPfuD9GTAwBmb4njTutgN"><title>Koffieclips</title><date></date><icon src="https://m7be2.solocoo.tv/m7be2iphone/mmchan/mpimages/208x308/JqfW9at5anm5tbYg57jLNQ.jpg"></icon><desc>Lekkere muziek van eigen bodem voor bij de koffie.</desc><category></category></programme><programme channel="_UYjSRWSLFN5Hd_fsHLVUseJQEpghRZfdxOjocP0" start="20221123090000 +0000" stop="20221123110000 +0000" catchup-id="IwXCrPxoC3umOdOPxGcj9qa9x055M-s-LKNKQU8F"><title>Aan het werk</title><date></date><icon src="https://m7be2.solocoo.tv/m7be2iphone/mmchan/mpimages/208x308/pzj_T3nmlWC9LrwnRpsLJg.jpg"></icon><desc>Lekker aan de slag met muziek van eigen bodem.</desc><category></category></programme><programme channel="_UYjSRWSLFN5Hd_fsHLVUseJQEpghRZfdxOjocP0" start="20221123110000 +0000" stop="20221123130000 +0000" catchup-id="7RlkSD2FPB1wk-AiFkm0siETCKblaViJ4mho5-Kv"><title>Middagpauze</title><date></date><icon src="https://m7be2.solocoo.tv/m7be2iphone/mmchan/mpimages/208x308/TqSBlbn2W-jPUGt1_w_7ag.jpg"></icon><desc>TV Oranje maakt jouw lunchpauze compleet met smakelijke muziek van eigen bodem.</desc><category></category></programme><programme channel="_UYjSRWSLFN5Hd_fsHLVUseJQEpghRZfdxOjocP0" start="20221123130000 +0000" stop="20221123150000 +0000" catchup-id="rrwv3qDTRG9zYdHxnhNd1AVQGmjEK3p4buD1I4d6"><title>Heel Hollands</title><date></date><icon src="https://m7be2.solocoo.tv/m7be2iphone/mmchan/mpimages/208x308/81z5gcELWAb2kGuj-l-RwA.jpg"></icon><desc>Alleen maar muziek van eigen bodem, daarvoor moet je natuurlijk bij TV Oranje zijn!</desc><category></category></programme><programme channel="_UYjSRWSLFN5Hd_fsHLVUseJQEpghRZfdxOjocP0" start="20221123150000 +0000" stop="20221123170000 +0000" catchup-id="jvKgUtVPHHy-bBZAil1d4nUdjrS1IdKyer_ceTpU"><title>Tijd voor thuis</title><date></date><icon src="https://m7be2.solocoo.tv/m7be2iphone/mmchan/mpimages/208x308/2T6V2FQRyq-a2ET8iVfVYA.jpg"></icon><desc>Voel je helemaal thuis met deze heerlijke muziek van eigen bodem.</desc><category></category></programme><programme channel="_UYjSRWSLFN5Hd_fsHLVUseJQEpghRZfdxOjocP0" start="20221123170000 +0000" stop="20221123180000 +0000" catchup-id="uoiEYaB5RiVg3SRY94Ek9dppns6m1PnPbrp5b33K"><title>Verzoekparade</title><date></date><icon src="https://m7be2.solocoo.tv/m7be2iphone/mmchan/mpimages/208x308/5K-3myMpxaAoawqOOHT9WA.jpg"></icon><desc>De meest aangevraagde clips van vandaag. Breng je stem uit via verzoekparade.nl en zie jouw favoriete clip morgen bij TV Oranje!</desc><category></category></programme><programme channel="_UYjSRWSLFN5Hd_fsHLVUseJQEpghRZfdxOjocP0" start="20221123180000 +0000" stop="20221123210000 +0000" catchup-id="5OK6TroAF0cPStebEPzhIZKOh1N3LW6E4AMpqXb4"><title>Hollandse Hits</title><date></date><icon src="https://m7be2.solocoo.tv/m7be2iphone/mmchan/mpimages/208x308/IQlHNQZQlVl9ddu_FcEjGw.jpg"></icon><desc>Een heerlijke mix met Hollandse Hits van toen en nu.</desc><category></category></programme><programme channel="_UYjSRWSLFN5Hd_fsHLVUseJQEpghRZfdxOjocP0" start="20221123210000 +0000" stop="20221123230000 +0000" catchup-id="4yk_c_L_cZdCUzIXVOiOEpJUjxLcQV4cY722RsL9"><title>Voor het slapen</title><date></date><icon src="https://m7be2.solocoo.tv/m7be2iphone/mmchan/mpimages/208x308/3b6gSqsy3bweTp6iN-Oeww.jpg"></icon><desc>Nog even een paar clips van eigen bodem en dan naar bed.</desc><category></category></programme><programme channel="_UYjSRWSLFN5Hd_fsHLVUseJQEpghRZfdxOjocP0" start="20221123230000 +0000" stop="20221124040000 +0000" catchup-id="odJn8tu26kfCdPcsNATZH_VxV4TqWkXA5G5GYT8o"><title>TV Oranje Nonstop</title><date></date><icon src="https://m7be2.solocoo.tv/m7be2iphone/mmchan/mpimages/208x308/5K-3myMpxaAoawqOOHT9WA.jpg"></icon><desc>Non-stop de beste muziek van eigen bodem.</desc><category></category></programme><programme channel="_UYjSRWSLFN5Hd_fsHLVUseJQEpghRZfdxOjocP0" start="20221124040000 +0000" stop="20221124060000 +0000" catchup-id="ax9UAsuop5P3xY4gOrCiThNTs4uvLIFczMzwrcCK"><title>Wakker worden</title><date></date><icon src="https://m7be2.solocoo.tv/m7be2iphone/mmchan/mpimages/208x308/nDtazRN7_kU-JAPJdLbSXA.jpg"></icon><desc>Opstaan met je favoriete artiesten en de beste hits van eigen bodem.</desc><category></category></programme><programme channel="_UYjSRWSLFN5Hd_fsHLVUseJQEpghRZfdxOjocP0" start="20221124060000 +0000" stop="20221124070000 +0000" catchup-id="6Oh96-mXMz79FQhB_cxyHMkkjOww3LfKmJDjZNFo"><title>Kinderclips</title><date></date><icon src="https://m7be2.solocoo.tv/m7be2iphone/mmchan/mpimages/208x308/SPBfdi7wVxFath1XcCqIdw.jpg"></icon><desc>De leukste kinderclips zie je bij TV Oranje. Zing je mee?</desc><category></category></programme><programme channel="_UYjSRWSLFN5Hd_fsHLVUseJQEpghRZfdxOjocP0" start="20221124070000 +0000" stop="20221124090000 +0000" catchup-id="WYJGEs_4_YSFgkPlnyqLHPc_UwFK3E6iNEYl4WSW"><title>Koffieclips</title><date></date><icon src="https://m7be2.solocoo.tv/m7be2iphone/mmchan/mpimages/208x308/JqfW9at5anm5tbYg57jLNQ.jpg"></icon><desc>Lekkere muziek van eigen bodem voor bij de koffie.</desc><category></category></programme><programme channel="_UYjSRWSLFN5Hd_fsHLVUseJQEpghRZfdxOjocP0" start="20221124090000 +0000" stop="20221124110000 +0000" catchup-id="w8oz_ZmS3trCz2ZslBMVdOVebsSeJT5A7fLUT1Ug"><title>Aan het werk</title><date></date><icon src="https://m7be2.solocoo.tv/m7be2iphone/mmchan/mpimages/208x308/pzj_T3nmlWC9LrwnRpsLJg.jpg"></icon><desc>Lekker aan de slag met muziek van eigen bodem.</desc><category></category></programme><programme channel="_UYjSRWSLFN5Hd_fsHLVUseJQEpghRZfdxOjocP0" start="20221124110000 +0000" stop="20221124130000 +0000" catchup-id="_HRdE7jDvnRypgrULf0uOokhPhFSLyTa1yl431Wk"><title>Middagpauze</title><date></date><icon src="https://m7be2.solocoo.tv/m7be2iphone/mmchan/mpimages/208x308/TqSBlbn2W-jPUGt1_w_7ag.jpg"></icon><desc>TV Oranje maakt jouw lunchpauze compleet met smakelijke muziek van eigen bodem.</desc><category></category></programme><programme channel="_UYjSRWSLFN5Hd_fsHLVUseJQEpghRZfdxOjocP0" start="20221124130000 +0000" stop="20221124150000 +0000" catchup-id="6yOAkRjyoAZ-OLOGZVlZjeG3wYD93ctScXpQo1ji"><title>Heel Hollands</title><date></date><icon src="https://m7be2.solocoo.tv/m7be2iphone/mmchan/mpimages/208x308/81z5gcELWAb2kGuj-l-RwA.jpg"></icon><desc>Alleen maar muziek van eigen bodem, daarvoor moet je natuurlijk bij TV Oranje zijn!</desc><category></category></programme><programme channel="_UYjSRWSLFN5Hd_fsHLVUseJQEpghRZfdxOjocP0" start="20221124150000 +0000" stop="20221124170000 +0000" catchup-id="eYXZ0A_x7u6AC2TGFScUaefprHgmiSQ4TTzn8qBx"><title>Tijd voor thuis</title><date></date><icon src="https://m7be2.solocoo.tv/m7be2iphone/mmchan/mpimages/208x308/2T6V2FQRyq-a2ET8iVfVYA.jpg"></icon><desc>Voel je helemaal thuis met deze heerlijke muziek van eigen bodem.</desc><category></category></programme><programme channel="_UYjSRWSLFN5Hd_fsHLVUseJQEpghRZfdxOjocP0" start="20221124170000 +0000" stop="20221124180000 +0000" catchup-id="GjF8Wzl-8xBCSJpek7eQU9WZDRLZ9CuyujpYNu2N"><title>Verzoekparade</title><date></date><icon src="https://m7be2.solocoo.tv/m7be2iphone/mmchan/mpimages/208x308/5K-3myMpxaAoawqOOHT9WA.jpg"></icon><desc>De meest aangevraagde clips van vandaag. Breng je stem uit via verzoekparade.nl en zie jouw favoriete clip morgen bij TV Oranje!</desc><category></category></programme><programme channel="_UYjSRWSLFN5Hd_fsHLVUseJQEpghRZfdxOjocP0" start="20221124180000 +0000" stop="20221124210000 +0000" catchup-id="iRK-PcJSS4hw1gYgRlYBHfbszMHpLS7ChXWv8qv5"><title>Hollandse Hits</title><date></date><icon src="https://m7be2.solocoo.tv/m7be2iphone/mmchan/mpimages/208x308/IQlHNQZQlVl9ddu_FcEjGw.jpg"></icon><desc>Een heerlijke mix met Hollandse Hits van toen en nu.</desc><category></category></programme><programme channel="_UYjSRWSLFN5Hd_fsHLVUseJQEpghRZfdxOjocP0" start="20221124210000 +0000" stop="20221124230000 +0000" catchup-id="l68g0MClW8X6BWmN-09O0faSX1wA31eC_4ORUyTU"><title>Voor het slapen</title><date></date><icon src="https://m7be2.solocoo.tv/m7be2iphone/mmchan/mpimages/208x308/3b6gSqsy3bweTp6iN-Oeww.jpg"></icon><desc>Nog even een paar clips van eigen bodem en dan naar bed.</desc><category></category></programme><programme channel="_UYjSRWSLFN5Hd_fsHLVUseJQEpghRZfdxOjocP0" start="20221124230000 +0000" stop="20221125040000 +0000" catchup-id="f8ylyFwpb5Ar02q7blVP7R0C7tVjPECR7bOufro3"><title>TV Oranje Nonstop</title><date></date><icon src="https://m7be2.solocoo.tv/m7be2iphone/mmchan/mpimages/208x308/5K-3myMpxaAoawqOOHT9WA.jpg"></icon><desc>Non-stop de beste muziek van eigen bodem.</desc><category></category></programme><programme channel="_UYjSRWSLFN5Hd_fsHLVUseJQEpghRZfdxOjocP0" start="20221125040000 +0000" stop="20221125060000 +0000" catchup-id="V3cgrL3UB5jO6ROTI9CHsZUcC054raNQV2fzCemn"><title>Wakker worden</title><date></date><icon src="https://m7be2.solocoo.tv/m7be2iphone/mmchan/mpimages/208x308/nDtazRN7_kU-JAPJdLbSXA.jpg"></icon><desc>Opstaan met je favoriete artiesten en de beste hits van eigen bodem.</desc><category></category></programme><programme channel="_UYjSRWSLFN5Hd_fsHLVUseJQEpghRZfdxOjocP0" start="20221125060000 +0000" stop="20221125070000 +0000" catchup-id="g7W6IxoqpnHxXRRmS0bT57brvRu_ClpWmtkTBiQZ"><title>Kinderclips</title><date></date><icon src="https://m7be2.solocoo.tv/m7be2iphone/mmchan/mpimages/208x308/SPBfdi7wVxFath1XcCqIdw.jpg"></icon><desc>De leukste kinderclips zie je bij TV Oranje. Zing je mee?</desc><category></category></programme><programme channel="_UYjSRWSLFN5Hd_fsHLVUseJQEpghRZfdxOjocP0" start="20221125070000 +0000" stop="20221125090000 +0000" catchup-id="mRCvEl1x6IiLIssPPW3eco-r9zYPBq4hiYkZ-vu9"><title>Koffieclips</title><date></date><icon src="https://m7be2.solocoo.tv/m7be2iphone/mmchan/mpimages/208x308/JqfW9at5anm5tbYg57jLNQ.jpg"></icon><desc>Lekkere muziek van eigen bodem voor bij de koffie.</desc><category></category></programme><programme channel="_UYjSRWSLFN5Hd_fsHLVUseJQEpghRZfdxOjocP0" start="20221125090000 +0000" stop="20221125110000 +0000" catchup-id="o3nRU_IARAEVbFUOXLEd6_O9B2wLs2Y97rLFeL4I"><title>Aan het werk</title><date></date><icon src="https://m7be2.solocoo.tv/m7be2iphone/mmchan/mpimages/208x308/pzj_T3nmlWC9LrwnRpsLJg.jpg"></icon><desc>Lekker aan de slag met muziek van eigen bodem.</desc><category></category></programme><programme channel="_UYjSRWSLFN5Hd_fsHLVUseJQEpghRZfdxOjocP0" start="20221125110000 +0000" stop="20221125130000 +0000" catchup-id="pH1oq--PyXNMtJeQ0_9FybfGBMNrQVrk2Bybtzgy"><title>Middagpauze</title><date></date><icon src="https://m7be2.solocoo.tv/m7be2iphone/mmchan/mpimages/208x308/TqSBlbn2W-jPUGt1_w_7ag.jpg"></icon><desc>TV Oranje maakt jouw lunchpauze compleet met smakelijke muziek van eigen bodem.</desc><category></category></programme><programme channel="_UYjSRWSLFN5Hd_fsHLVUseJQEpghRZfdxOjocP0" start="20221125130000 +0000" stop="20221125150000 +0000" catchup-id="9G7t1n1ssMYYoEvLFFN2hkILDbq2SP83WSfDZh5K"><title>Heel Hollands</title><date></date><icon src="https://m7be2.solocoo.tv/m7be2iphone/mmchan/mpimages/208x308/81z5gcELWAb2kGuj-l-RwA.jpg"></icon><desc>Alleen maar muziek van eigen bodem, daarvoor moet je natuurlijk bij TV Oranje zijn!</desc><category></category></programme><programme channel="_UYjSRWSLFN5Hd_fsHLVUseJQEpghRZfdxOjocP0" start="20221125150000 +0000" stop="20221125170000 +0000" catchup-id="3gD7Fcf-Ip8erUpFiuWL6ZGVTiy_pu2b65cjop0z"><title>Tijd voor thuis</title><date></date><icon src="https://m7be2.solocoo.tv/m7be2iphone/mmchan/mpimages/208x308/2T6V2FQRyq-a2ET8iVfVYA.jpg"></icon><desc>Voel je helemaal thuis met deze heerlijke muziek van eigen bodem.</desc><category></category></programme><programme channel="_UYjSRWSLFN5Hd_fsHLVUseJQEpghRZfdxOjocP0" start="20221125170000 +0000" stop="20221125180000 +0000" catchup-id="Qn_D7HG6d93vd7K6I0A80kMG6gCK47-M8JhsYuTJ"><title>Verzoekparade</title><date></date><icon src="https://m7be2.solocoo.tv/m7be2iphone/mmchan/mpimages/208x308/5K-3myMpxaAoawqOOHT9WA.jpg"></icon><desc>De meest aangevraagde clips van vandaag. Breng je stem uit via verzoekparade.nl en zie jouw favoriete clip morgen bij TV Oranje!</desc><category></category></programme><programme channel="_UYjSRWSLFN5Hd_fsHLVUseJQEpghRZfdxOjocP0" start="20221125180000 +0000" stop="20221125190000 +0000" catchup-id="-Oq_S8NgAj5H2Fe58-V5Ukgh8iltcc-G2-soIMja"><title>TV Oranje live</title><date></date><icon src="https://m7be2.solocoo.tv/m7be2iphone/mmchan/mpimages/208x308/c7BuCcsj_HsnUQ2a0GBhJA.jpg"></icon><desc>De beste live optredens van jouw favoriete Nederlandse artiesten.</desc><category></category></programme><programme channel="_UYjSRWSLFN5Hd_fsHLVUseJQEpghRZfdxOjocP0" start="20221125190000 +0000" stop="20221125200000 +0000" catchup-id="xg2TA6Dx4nZQyUZnailWR8BGVX1wC9aEz9R6MZON"><title>Oranje Top 30</title><date></date><icon src="https://m7be2.solocoo.tv/m7be2iphone/mmchan/mpimages/208x308/TC6kL0Njko2ZLjVKN2bHcA.jpg"></icon><desc>De 30 populairste nummers van eigen bodem, gebaseerd op gegevens van de media, handel en industrie. Kijk voor de gehele lijst op oranjetop30.nl.</desc><category></category></programme><programme channel="_UYjSRWSLFN5Hd_fsHLVUseJQEpghRZfdxOjocP0" start="20221125200000 +0000" stop="20221125230000 +0000" catchup-id="AdsOW4PMhCxGI5a2sMnihehBXnBM1y6bPO0Xq_NV"><title>Borreltijd</title><date></date><icon src="https://m7be2.solocoo.tv/m7be2iphone/mmchan/mpimages/208x308/fzUI59q3S5io5bSdgcq33Q.jpg"></icon><desc>Jouw uitgaansavond begint met deze feestelijke clips, die borrelen van energie.</desc><category></category></programme><programme channel="_UYjSRWSLFN5Hd_fsHLVUseJQEpghRZfdxOjocP0" start="20221125230000 +0000" stop="20221126040000 +0000" catchup-id="XOs5OTXqPwg8_DsYtvS7dJEaxG9FkdfToey_MAG7"><title>Feest in de tent</title><date></date><icon src="https://m7be2.solocoo.tv/m7be2iphone/mmchan/mpimages/208x308/oVeTWRCvODAtlXPUUUpWow.jpg"></icon><desc>Waar is dat feestje? Hier is dat feestje! De gezelligste clips zie je elk weekend bij TV Oranje.</desc><category></category></programme><programme channel="_UYjSRWSLFN5Hd_fsHLVUseJQEpghRZfdxOjocP0" start="20221126040000 +0000" stop="20221126060000 +0000" catchup-id="sucSXY2b9Uq7EfpYxEIM89EDet3aCV8hPEKzg_j7"><title>De laatste ronde</title><date></date><icon src="https://m7be2.solocoo.tv/m7be2iphone/mmchan/mpimages/260x145/-I16svhg1-fTvIFjTe4Qvg.jpg"></icon><desc>Wie trekt er aan de bel en geeft het laatste rondje? TV Oranje gaat in elk geval door tot het einde.</desc><category></category></programme><programme channel="_UYjSRWSLFN5Hd_fsHLVUseJQEpghRZfdxOjocP0" start="20221126060000 +0000" stop="20221126070000 +0000" catchup-id="2kbZi9GlYytwK7CkeaeoGIWdLseVJ725E1RweGl7"><title>Kinderclips</title><date></date><icon src="https://m7be2.solocoo.tv/m7be2iphone/mmchan/mpimages/260x145/SPBfdi7wVxFath1XcCqIdw.jpg"></icon><desc>De leukste kinderclips zie je bij TV Oranje. Zing je mee?</desc><category></category></programme><programme channel="_UYjSRWSLFN5Hd_fsHLVUseJQEpghRZfdxOjocP0" start="20221126070000 +0000" stop="20221126090000 +0000" catchup-id="WfBA2puagscA6fyCd6L4nfA7WdT-gBOFbbLTL-Gj"><title>Wakker in het weekend</title><date></date><icon src="https://m7be2.solocoo.tv/m7be2iphone/mmchan/mpimages/260x145/8oE5vsEs1GNGoGpWHfCe9w.jpg"></icon><desc>Ook voor de vroege vogels heeft TV Oranje volop clips van eigen bodem.</desc><category></category></programme><programme channel="_UYjSRWSLFN5Hd_fsHLVUseJQEpghRZfdxOjocP0" start="20221126090000 +0000" stop="20221126110000 +0000" catchup-id="QfZOVEg-FTrtoU0lgvD-DPjZR-J5Nyzp7T_Mgnm-"><title>Hit Explosie</title><date></date><icon src="https://m7be2.solocoo.tv/m7be2iphone/mmchan/mpimages/260x145/yBdjRJHgq-LMFGL5oqpUVw.jpg"></icon><desc>Een explosie van Nederlandse knallers: de nieuwste clips van eigen bodem zie je in de Hit Explosie op TV Oranje.</desc><category></category></programme><programme channel="_UYjSRWSLFN5Hd_fsHLVUseJQEpghRZfdxOjocP0" start="20221126110000 +0000" stop="20221126130000 +0000" catchup-id="meAlYzlmwbt81OLE1U_Vp-1aDAgXuYwieINKy26s"><title>Weekendpauze</title><date></date><icon src="https://m7be2.solocoo.tv/m7be2iphone/mmchan/mpimages/260x145/7DOEo7GnI9AeR6WuP9iB7w.jpg"></icon><desc>Even helemaal niks anders doen dan genieten van de leukste clips van eigen bodem!</desc><category></category></programme><programme channel="_UYjSRWSLFN5Hd_fsHLVUseJQEpghRZfdxOjocP0" start="20221126130000 +0000" stop="20221126150000 +0000" catchup-id="o3aE-NZs3I-7Ohas-yK12Oqz-r6-3JKs8HLgmgdA"><title>Groeten uit Holland</title><date></date><icon src="https://m7be2.solocoo.tv/m7be2iphone/mmchan/mpimages/260x145/D0EsN0jquI-GSXBDoaC2gw.jpg"></icon><desc>Een muzikale ansichtkaart met de leukste clips van eigen bodem.</desc><category></category></programme><programme channel="_UYjSRWSLFN5Hd_fsHLVUseJQEpghRZfdxOjocP0" start="20221126150000 +0000" stop="20221126163000 +0000" catchup-id="l7Xzpp9a06Timlf7sRyO0ipBCSNiauBoBN76Zw3j"><title>Oranje Top 30</title><date></date><icon src="https://m7be2.solocoo.tv/m7be2iphone/mmchan/mpimages/260x145/TC6kL0Njko2ZLjVKN2bHcA.jpg"></icon><desc>De 30 populairste nummers van eigen bodem, gebaseerd op gegevens van de media, handel en industrie. Kijk voor de gehele lijst op oranjetop30.nl.</desc><category></category></programme><programme channel="_UYjSRWSLFN5Hd_fsHLVUseJQEpghRZfdxOjocP0" start="20221126163000 +0000" stop="20221126170000 +0000" catchup-id="DVUklDOyPslNb9wm5xFsx_abQ7Gvf1o3ai3x6lJY"><title>TV Oranje live</title><date></date><icon src="https://m7be2.solocoo.tv/m7be2iphone/mmchan/mpimages/260x145/c7BuCcsj_HsnUQ2a0GBhJA.jpg"></icon><desc>De beste live optredens van jouw favoriete Nederlandse artiesten.</desc><category></category></programme><programme channel="_UYjSRWSLFN5Hd_fsHLVUseJQEpghRZfdxOjocP0" start="20221126170000 +0000" stop="20221126180000 +0000" catchup-id="-Eu7pYlZvHxoQaygd-BtPmj7xQI-rxSACbXE1mqm"><title>Verzoekparade</title><date></date><icon src="https://m7be2.solocoo.tv/m7be2iphone/mmchan/mpimages/260x145/5K-3myMpxaAoawqOOHT9WA.jpg"></icon><desc>De meest aangevraagde clips van vandaag. Breng je stem uit via verzoekparade.nl en zie jouw favoriete clip morgen bij TV Oranje!</desc><category></category></programme><programme channel="_UYjSRWSLFN5Hd_fsHLVUseJQEpghRZfdxOjocP0" start="20221126180000 +0000" stop="20221126190000 +0000" catchup-id="Sl14LTP8hOjDaIN1qyFwulDwd1S8wec0YIn1Siv7"><title>TV Oranje klassiekers</title><date></date><icon src="https://m7be2.solocoo.tv/m7be2iphone/mmchan/mpimages/260x145/zyIn6moTcEEEpcyS3Fx1GQ.jpg"></icon><desc>Een selectie van Hollandse hits van weleer uit de archieven van TV Oranje.</desc><category></category></programme><programme channel="_UYjSRWSLFN5Hd_fsHLVUseJQEpghRZfdxOjocP0" start="20221126190000 +0000" stop="20221126200000 +0000" catchup-id="P2ksUeoRGz62z9tRFNpTyVX36D28qAfub2SLZ7v0"><title>Het uur van...</title><date></date><icon src="https://m7be2.solocoo.tv/m7be2iphone/mmchan/mpimages/260x145/-RsJH5dJGXnJIBtBP0BY1Q.jpg"></icon><desc>Elke zaterdag zie je tussen 19:00 en 20:00 uur op TV Oranje een uur lang non-stop je favoriete artiest.</desc><category></category></programme><programme channel="_UYjSRWSLFN5Hd_fsHLVUseJQEpghRZfdxOjocP0" start="20221126200000 +0000" stop="20221126230000 +0000" catchup-id="nzyFJD6nX-3L3cg2aigo-p8ueaI-9pq06uCfcqk0"><title>Borreltijd</title><date></date><icon src="https://m7be2.solocoo.tv/m7be2iphone/mmchan/mpimages/260x145/fzUI59q3S5io5bSdgcq33Q.jpg"></icon><desc>Jouw uitgaansavond begint met deze feestelijke clips, die borrelen van energie.</desc><category></category></programme><programme channel="_UYjSRWSLFN5Hd_fsHLVUseJQEpghRZfdxOjocP0" start="20221126230000 +0000" stop="20221127040000 +0000" catchup-id="zaSzZqFxyvErFgd5dNCJ0btIrwpZC4qaJxNNqoUB"><title>Feest in de tent</title><date></date><icon src="https://m7be2.solocoo.tv/m7be2iphone/mmchan/mpimages/260x145/oVeTWRCvODAtlXPUUUpWow.jpg"></icon><desc>Waar is dat feestje? Hier is dat feestje! De gezelligste clips zie je elk weekend bij TV Oranje.</desc><category></category></programme><programme channel="_UYjSRWSLFN5Hd_fsHLVUseJQEpghRZfdxOjocP0" start="20221127040000 +0000" stop="20221127060000 +0000" catchup-id="itd-vKtZcnSq9qshcY9_qnQqZBwKAWh1879U--af"><title>De laatste ronde</title><date></date><icon src="https://m7be2.solocoo.tv/m7be2iphone/mmchan/mpimages/260x145/-I16svhg1-fTvIFjTe4Qvg.jpg"></icon><desc>Wie trekt er aan de bel en geeft het laatste rondje? TV Oranje gaat in elk geval door tot het einde.</desc><category></category></programme><programme channel="_UYjSRWSLFN5Hd_fsHLVUseJQEpghRZfdxOjocP0" start="20221127060000 +0000" stop="20221127070000 +0000" catchup-id="LBwfdzDNY4YoFfBwg_mDFea5JHICl1HvID8ncvJE"><title>Kinderclips</title><date></date><icon src="https://m7be2.solocoo.tv/m7be2iphone/mmchan/mpimages/260x145/SPBfdi7wVxFath1XcCqIdw.jpg"></icon><desc>De leukste kinderclips zie je bij TV Oranje. Zing je mee?</desc><category></category></programme><programme channel="_UYjSRWSLFN5Hd_fsHLVUseJQEpghRZfdxOjocP0" start="20221127070000 +0000" stop="20221127090000 +0000" catchup-id="AmFhd2Bcp-L8ubA_1XeWunRLtgOIl2TnKcZSTzlZ"><title>Wakker in het weekend</title><date></date><icon src="https://m7be2.solocoo.tv/m7be2iphone/mmchan/mpimages/260x145/8oE5vsEs1GNGoGpWHfCe9w.jpg"></icon><desc>Ook voor de vroege vogels heeft TV Oranje volop clips van eigen bodem.</desc><category></category></programme><programme channel="_UYjSRWSLFN5Hd_fsHLVUseJQEpghRZfdxOjocP0" start="20221127090000 +0000" stop="20221127100000 +0000" catchup-id="UO7C7pHXBB67i5KjVmhx16IqeOPYM8oNRT4XGdul"><title>TV Oranje klassiekers</title><date></date><icon src="https://m7be2.solocoo.tv/m7be2iphone/mmchan/mpimages/260x145/zyIn6moTcEEEpcyS3Fx1GQ.jpg"></icon><desc>Een selectie van Hollandse hits van weleer uit de archieven van TV Oranje.</desc><category></category></programme><programme channel="_UYjSRWSLFN5Hd_fsHLVUseJQEpghRZfdxOjocP0" start="20221127100000 +0000" stop="20221127110000 +0000" catchup-id="QW8YVRHOsffI9IKtkxUJtuhOH0Xh93xdjntvNGh-"><title>Oranje Top 30</title><date></date><icon src="https://m7be2.solocoo.tv/m7be2iphone/mmchan/mpimages/260x145/TC6kL0Njko2ZLjVKN2bHcA.jpg"></icon><desc>De 30 populairste nummers van eigen bodem, gebaseerd op gegevens van de media, handel en industrie. Kijk voor de gehele lijst op oranjetop30.nl.</desc><category></category></programme><programme channel="_UYjSRWSLFN5Hd_fsHLVUseJQEpghRZfdxOjocP0" start="20221127110000 +0000" stop="20221127130000 +0000" catchup-id="OYWg1FnCvNvuNFjDmz0_gP3q-yoaZ1V90RJYOOw8"><title>Weekendpauze</title><date></date><icon src="https://m7be2.solocoo.tv/m7be2iphone/mmchan/mpimages/260x145/7DOEo7GnI9AeR6WuP9iB7w.jpg"></icon><desc>Even helemaal niks anders doen dan genieten van de leukste clips van eigen bodem!</desc><category></category></programme><programme channel="_UYjSRWSLFN5Hd_fsHLVUseJQEpghRZfdxOjocP0" start="20221127130000 +0000" stop="20221127150000 +0000" catchup-id="MqyViPyyS2H0Trk2Pe6huZZRldF8P6YRiW7Mbdmr"><title>Groeten uit Holland</title><date></date><icon src="https://m7be2.solocoo.tv/m7be2iphone/mmchan/mpimages/260x145/D0EsN0jquI-GSXBDoaC2gw.jpg"></icon><desc>Een muzikale ansichtkaart met de leukste clips van eigen bodem.</desc><category></category></programme><programme channel="_UYjSRWSLFN5Hd_fsHLVUseJQEpghRZfdxOjocP0" start="20221127150000 +0000" stop="20221127170000 +0000" catchup-id="oHp9smX3YL7-JiRDsMKtF3A4yaQ82yNK7jncvI4_"><title>SchlagerTV</title><date></date><icon src="https://m7be2.solocoo.tv/m7be2iphone/mmchan/mpimages/260x145/RD7JZUdEHtgNXq-ZwWNWFg.jpg"></icon><desc>De gezelligste Duitstalige muziek van onze zusterzender SchlagerTV zie je elke zondag twee uur lang bij TV Oranje!</desc><category></category></programme><programme channel="_UYjSRWSLFN5Hd_fsHLVUseJQEpghRZfdxOjocP0" start="20221127170000 +0000" stop="20221127180000 +0000" catchup-id="L5ECwQe6ZSzcSvG--E-ci2etu8JelgX68JTIGn1a"><title>Verzoekparade</title><date></date><icon src="https://m7be2.solocoo.tv/m7be2iphone/mmchan/mpimages/260x145/5K-3myMpxaAoawqOOHT9WA.jpg"></icon><desc>De meest aangevraagde clips van vandaag. Breng je stem uit via verzoekparade.nl en zie jouw favoriete clip morgen bij TV Oranje!</desc><category></category></programme><programme channel="_UYjSRWSLFN5Hd_fsHLVUseJQEpghRZfdxOjocP0" start="20221127180000 +0000" stop="20221127210000 +0000" catchup-id="pU8wFTul-xXeAPsvJ2Y9rPb8Cz8ojkvT1wBi4-03"><title>Hollandse Hits</title><date></date><icon src="https://m7be2.solocoo.tv/m7be2iphone/mmchan/mpimages/260x145/IQlHNQZQlVl9ddu_FcEjGw.jpg"></icon><desc>Een heerlijke mix met Hollandse Hits van toen en nu.</desc><category></category></programme><programme channel="_UYjSRWSLFN5Hd_fsHLVUseJQEpghRZfdxOjocP0" start="20221127210000 +0000" stop="20221127230000 +0000" catchup-id="XuVukbhqTT8uKF__-NNnsydc6c6DFZT6hw3o1I9x"><title>Voor het slapen</title><date></date><icon src="https://m7be2.solocoo.tv/m7be2iphone/mmchan/mpimages/260x145/3b6gSqsy3bweTp6iN-Oeww.jpg"></icon><desc>Nog even een paar clips van eigen bodem en dan naar bed.</desc><category></category></programme><programme channel="_UYjSRWSLFN5Hd_fsHLVUseJQEpghRZfdxOjocP0" start="20221127230000 +0000" stop="20221128040000 +0000" catchup-id="PId9Wdp0WUeK379lg6WoU9gvUW0MLHgm5vNcCWpi"><title>TV Oranje Nonstop</title><date></date><icon src="https://m7be2.solocoo.tv/m7be2iphone/mmchan/mpimages/260x145/5K-3myMpxaAoawqOOHT9WA.jpg"></icon><desc>Non-stop de beste muziek van eigen bodem.</desc><category></category></programme><programme channel="_UYjSRWSLFN5Hd_fsHLVUseJQEpghRZfdxOjocP0" start="20221128040000 +0000" stop="20221128060000 +0000" catchup-id="etI9ECV0kLL7bgIrdz5kVcis69u8tWwjtvjJpUSA"><title>Wakker worden</title><date></date><icon src="https://m7be2.solocoo.tv/m7be2iphone/mmchan/mpimages/260x145/nDtazRN7_kU-JAPJdLbSXA.jpg"></icon><desc>Opstaan met je favoriete artiesten en de beste hits van eigen bodem.</desc><category></category></programme><programme channel="_UYjSRWSLFN5Hd_fsHLVUseJQEpghRZfdxOjocP0" start="20221128060000 +0000" stop="20221128070000 +0000" catchup-id="8EXQV9RpjKoHeTh5zyowBHcsOdkolnTAiFUvF_2z"><title>Kinderclips</title><date></date><icon src="https://m7be2.solocoo.tv/m7be2iphone/mmchan/mpimages/260x145/SPBfdi7wVxFath1XcCqIdw.jpg"></icon><desc>De leukste kinderclips zie je bij TV Oranje. Zing je mee?</desc><category></category></programme><programme channel="_UYjSRWSLFN5Hd_fsHLVUseJQEpghRZfdxOjocP0" start="20221128070000 +0000" stop="20221128090000 +0000" catchup-id="YmNzBPlDPvjpP8v1l6mbAYVJJMKAjAv6vLfNo6yI"><title>Koffieclips</title><date></date><icon src="https://m7be2.solocoo.tv/m7be2iphone/mmchan/mpimages/260x145/JqfW9at5anm5tbYg57jLNQ.jpg"></icon><desc>Lekkere muziek van eigen bodem voor bij de koffie.</desc><category></category></programme><programme channel="_UYjSRWSLFN5Hd_fsHLVUseJQEpghRZfdxOjocP0" start="20221128090000 +0000" stop="20221128110000 +0000" catchup-id="rPj-IIprlsE833aWccATRD6cGh2L9Ipv7rOai-YA"><title>Aan het werk</title><date></date><icon src="https://m7be2.solocoo.tv/m7be2iphone/mmchan/mpimages/260x145/pzj_T3nmlWC9LrwnRpsLJg.jpg"></icon><desc>Lekker aan de slag met muziek van eigen bodem.</desc><category></category></programme><programme channel="_UYjSRWSLFN5Hd_fsHLVUseJQEpghRZfdxOjocP0" start="20221128110000 +0000" stop="20221128130000 +0000" catchup-id="SJ4hOXiAEWwKxO2ttW44C8_o1nTcH97rS3oZLuyh"><title>Middagpauze</title><date></date><icon src="https://m7be2.solocoo.tv/m7be2iphone/mmchan/mpimages/260x145/TqSBlbn2W-jPUGt1_w_7ag.jpg"></icon><desc>TV Oranje maakt jouw lunchpauze compleet met smakelijke muziek van eigen bodem.</desc><category></category></programme><programme channel="_UYjSRWSLFN5Hd_fsHLVUseJQEpghRZfdxOjocP0" start="20221128130000 +0000" stop="20221128150000 +0000" catchup-id="h1bdCbiVvggZtNTLb5kjlb6uz8bB3FZHdLzxyJkb"><title>Heel Hollands</title><date></date><icon src="https://m7be2.solocoo.tv/m7be2iphone/mmchan/mpimages/260x145/81z5gcELWAb2kGuj-l-RwA.jpg"></icon><desc>Alleen maar muziek van eigen bodem, daarvoor moet je natuurlijk bij TV Oranje zijn!</desc><category></category></programme><programme channel="_UYjSRWSLFN5Hd_fsHLVUseJQEpghRZfdxOjocP0" start="20221128150000 +0000" stop="20221128170000 +0000" catchup-id="hZKoy_VvSYnoIRXtQlAO0_jmP-OvsWZrIDBGlSSN"><title>Tijd voor thuis</title><date></date><icon src="https://m7be2.solocoo.tv/m7be2iphone/mmchan/mpimages/260x145/2T6V2FQRyq-a2ET8iVfVYA.jpg"></icon><desc>Voel je helemaal thuis met deze heerlijke muziek van eigen bodem.</desc><category></category></programme><programme channel="_UYjSRWSLFN5Hd_fsHLVUseJQEpghRZfdxOjocP0" start="20221128170000 +0000" stop="20221128180000 +0000" catchup-id="NBi-rXsqtOav-cwcdcQbdRsIIaHuXSM2kwcH1kdf"><title>Verzoekparade</title><date></date><icon src="https://m7be2.solocoo.tv/m7be2iphone/mmchan/mpimages/260x145/5K-3myMpxaAoawqOOHT9WA.jpg"></icon><desc>De meest aangevraagde clips van vandaag. Breng je stem uit via verzoekparade.nl en zie jouw favoriete clip morgen bij TV Oranje!</desc><category></category></programme><programme channel="_UYjSRWSLFN5Hd_fsHLVUseJQEpghRZfdxOjocP0" start="20221128180000 +0000" stop="20221128210000 +0000" catchup-id="W7ybvIa9eKh4NgFV8J3OgPqUWWQW7k24y1XCveif"><title>Hollandse Hits</title><date></date><icon src="https://m7be2.solocoo.tv/m7be2iphone/mmchan/mpimages/260x145/IQlHNQZQlVl9ddu_FcEjGw.jpg"></icon><desc>Een heerlijke mix met Hollandse Hits van toen en nu.</desc><category></category></programme><programme channel="_UYjSRWSLFN5Hd_fsHLVUseJQEpghRZfdxOjocP0" start="20221128210000 +0000" stop="20221128230000 +0000" catchup-id="pG7T78UlV1kVZn_BnhJ3_RWE41SNdw4F5UMOtnnG"><title>Voor het slapen</title><date></date><icon src="https://m7be2.solocoo.tv/m7be2iphone/mmchan/mpimages/260x145/3b6gSqsy3bweTp6iN-Oeww.jpg"></icon><desc>Nog even een paar clips van eigen bodem en dan naar bed.</desc><category></category></programme><programme channel="_UYjSRWSLFN5Hd_fsHLVUseJQEpghRZfdxOjocP0" start="20221128230000 +0000" stop="20221129040000 +0000" catchup-id="T-XdkG8CR_wmJCYzxEjbbn03qqjTLLm5OdkpHHxN"><title>TV Oranje Nonstop</title><date></date><icon src="https://m7be2.solocoo.tv/m7be2iphone/mmchan/mpimages/260x145/5K-3myMpxaAoawqOOHT9WA.jpg"></icon><desc>Non-stop de beste muziek van eigen bodem.</desc><category></category></programme><programme channel="_UYjSRWSLFN5Hd_fsHLVUseJQEpghRZfdxOjocP0" start="20221129040000 +0000" stop="20221129060000 +0000" catchup-id="W3-eWZct36LCkgxKOWHP_HSbWKbInb-5recG_6nW"><title>Wakker worden</title><date></date><icon src="https://m7be2.solocoo.tv/m7be2iphone/mmchan/mpimages/260x145/nDtazRN7_kU-JAPJdLbSXA.jpg"></icon><desc>Opstaan met je favoriete artiesten en de beste hits van eigen bodem.</desc><category></category></programme><programme channel="_UYjSRWSLFN5Hd_fsHLVUseJQEpghRZfdxOjocP0" start="20221129060000 +0000" stop="20221129070000 +0000" catchup-id="2bMvI5hGrNeThjhyUltNo9evPj7Bbrcw60kBl07O"><title>Kinderclips</title><date></date><icon src="https://m7be2.solocoo.tv/m7be2iphone/mmchan/mpimages/260x145/SPBfdi7wVxFath1XcCqIdw.jpg"></icon><desc>De leukste kinderclips zie je bij TV Oranje. Zing je mee?</desc><category></category></programme><programme channel="_UYjSRWSLFN5Hd_fsHLVUseJQEpghRZfdxOjocP0" start="20221129070000 +0000" stop="20221129090000 +0000" catchup-id="CBpJddavg3acnWEINduFRYajwXaet3SxzN9r9nMn"><title>Koffieclips</title><date></date><icon src="https://m7be2.solocoo.tv/m7be2iphone/mmchan/mpimages/260x145/JqfW9at5anm5tbYg57jLNQ.jpg"></icon><desc>Lekkere muziek van eigen bodem voor bij de koffie.</desc><category></category></programme><programme channel="_UYjSRWSLFN5Hd_fsHLVUseJQEpghRZfdxOjocP0" start="20221129090000 +0000" stop="20221129110000 +0000" catchup-id="KOnMiCnkC8CmQCotpRE8Xw5fYsJ_dTbserZum_RQ"><title>Aan het werk</title><date></date><icon src="https://m7be2.solocoo.tv/m7be2iphone/mmchan/mpimages/260x145/pzj_T3nmlWC9LrwnRpsLJg.jpg"></icon><desc>Lekker aan de slag met muziek van eigen bodem.</desc><category></category></programme><programme channel="_UYjSRWSLFN5Hd_fsHLVUseJQEpghRZfdxOjocP0" start="20221129110000 +0000" stop="20221129130000 +0000" catchup-id="ez7TrBqVoo_cHpUov0GKppELSNJQBynwS21ZDGUm"><title>Middagpauze</title><date></date><icon src="https://m7be2.solocoo.tv/m7be2iphone/mmchan/mpimages/260x145/TqSBlbn2W-jPUGt1_w_7ag.jpg"></icon><desc>TV Oranje maakt jouw lunchpauze compleet met smakelijke muziek van eigen bodem.</desc><category></category></programme><programme channel="_UYjSRWSLFN5Hd_fsHLVUseJQEpghRZfdxOjocP0" start="20221129130000 +0000" stop="20221129150000 +0000" catchup-id="0MDDVAhDgfOhZ7nePqRDhqypxtgpGM1uqWzHrTd1"><title>Heel Hollands</title><date></date><icon src="https://m7be2.solocoo.tv/m7be2iphone/mmchan/mpimages/260x145/81z5gcELWAb2kGuj-l-RwA.jpg"></icon><desc>Alleen maar muziek van eigen bodem, daarvoor moet je natuurlijk bij TV Oranje zijn!</desc><category></category></programme><programme channel="_UYjSRWSLFN5Hd_fsHLVUseJQEpghRZfdxOjocP0" start="20221129150000 +0000" stop="20221129170000 +0000" catchup-id="XYKPBktQTjplZNcKghbD6Y2YTVLZsaWivoULXY69"><title>Tijd voor thuis</title><date></date><icon src="https://m7be2.solocoo.tv/m7be2iphone/mmchan/mpimages/260x145/2T6V2FQRyq-a2ET8iVfVYA.jpg"></icon><desc>Voel je helemaal thuis met deze heerlijke muziek van eigen bodem.</desc><category></category></programme><programme channel="_UYjSRWSLFN5Hd_fsHLVUseJQEpghRZfdxOjocP0" start="20221129170000 +0000" stop="20221129180000 +0000" catchup-id="lYJ5D4izv4atdooEKFzHp544CljhiN_eUKowyLW5"><title>Verzoekparade</title><date></date><icon src="https://m7be2.solocoo.tv/m7be2iphone/mmchan/mpimages/260x145/5K-3myMpxaAoawqOOHT9WA.jpg"></icon><desc>De meest aangevraagde clips van vandaag. Breng je stem uit via verzoekparade.nl en zie jouw favoriete clip morgen bij TV Oranje!</desc><category></category></programme><programme channel="_UYjSRWSLFN5Hd_fsHLVUseJQEpghRZfdxOjocP0" start="20221129180000 +0000" stop="20221129210000 +0000" catchup-id="vGW__CqL7GMHPtFz6IJ5zqczGYoBpJJfsg6ZwEqq"><title>Hollandse Hits</title><date></date><icon src="https://m7be2.solocoo.tv/m7be2iphone/mmchan/mpimages/260x145/IQlHNQZQlVl9ddu_FcEjGw.jpg"></icon><desc>Een heerlijke mix met Hollandse Hits van toen en nu.</desc><category></category></programme><programme channel="_UYjSRWSLFN5Hd_fsHLVUseJQEpghRZfdxOjocP0" start="20221129210000 +0000" stop="20221129230000 +0000" catchup-id="hoRRrLNHTNVNDUaWyNc0GRXcjkBYH77Uj7E4e1nR"><title>Voor het slapen</title><date></date><icon src="https://m7be2.solocoo.tv/m7be2iphone/mmchan/mpimages/260x145/3b6gSqsy3bweTp6iN-Oeww.jpg"></icon><desc>Nog even een paar clips van eigen bodem en dan naar bed.</desc><category></category></programme><programme channel="_UYjSRWSLFN5Hd_fsHLVUseJQEpghRZfdxOjocP0" start="20221129230000 +0000" stop="20221130040000 +0000" catchup-id="C_KctcGrOyWRroElhObzqPUjvkQMCPqvsPwHGvFB"><title>TV Oranje Nonstop</title><date></date><icon src="https://m7be2.solocoo.tv/m7be2iphone/mmchan/mpimages/260x145/5K-3myMpxaAoawqOOHT9WA.jpg"></icon><desc>Non-stop de beste muziek van eigen bodem.</desc><category></category></programme><programme channel="_UYjSRWSLFN5Hd_fsHLVUseJQEpghRZfdxOjocP0" start="20221130040000 +0000" stop="20221130060000 +0000" catchup-id="QSSk-73js71pg1zZw0ZG5VJvta1DU-lnLZ9nqqdU"><title>Wakker worden</title><date></date><icon src="https://m7be2.solocoo.tv/m7be2iphone/mmchan/mpimages/260x145/nDtazRN7_kU-JAPJdLbSXA.jpg"></icon><desc>Opstaan met je favoriete artiesten en de beste hits van eigen bodem.</desc><category></category></programme><programme channel="_UYjSRWSLFN5Hd_fsHLVUseJQEpghRZfdxOjocP0" start="20221130060000 +0000" stop="20221130070000 +0000" catchup-id="COh_4QIM6sbk8HChmgvnLdefrTnHs02mO8LSFQ4w"><title>Kinderclips</title><date></date><icon src="https://m7be2.solocoo.tv/m7be2iphone/mmchan/mpimages/260x145/SPBfdi7wVxFath1XcCqIdw.jpg"></icon><desc>De leukste kinderclips zie je bij TV Oranje. Zing je mee?</desc><category></category></programme><programme channel="_UYjSRWSLFN5Hd_fsHLVUseJQEpghRZfdxOjocP0" start="20221130070000 +0000" stop="20221130090000 +0000" catchup-id="9kgQetPouoD-dPQlzWGeYyPwEb8dPiO4jXTZiB-T"><title>Koffieclips</title><date></date><icon src="https://m7be2.solocoo.tv/m7be2iphone/mmchan/mpimages/260x145/JqfW9at5anm5tbYg57jLNQ.jpg"></icon><desc>Lekkere muziek van eigen bodem voor bij de koffie.</desc><category></category></programme><programme channel="_UYjSRWSLFN5Hd_fsHLVUseJQEpghRZfdxOjocP0" start="20221130090000 +0000" stop="20221130110000 +0000" catchup-id="A03giWHRc7N9JOPCuluLTXfdZRYDp3WvnrDb2JgH"><title>Aan het werk</title><date></date><icon src="https://m7be2.solocoo.tv/m7be2iphone/mmchan/mpimages/260x145/pzj_T3nmlWC9LrwnRpsLJg.jpg"></icon><desc>Lekker aan de slag met muziek van eigen bodem.</desc><category></category></programme><programme channel="_UYjSRWSLFN5Hd_fsHLVUseJQEpghRZfdxOjocP0" start="20221130110000 +0000" stop="20221130130000 +0000" catchup-id="qNNW8ZURAy-cqcqpT_3qwhQFkxpHlPmORLRt21RA"><title>Middagpauze</title><date></date><icon src="https://m7be2.solocoo.tv/m7be2iphone/mmchan/mpimages/260x145/TqSBlbn2W-jPUGt1_w_7ag.jpg"></icon><desc>TV Oranje maakt jouw lunchpauze compleet met smakelijke muziek van eigen bodem.</desc><category></category></programme><programme channel="_UYjSRWSLFN5Hd_fsHLVUseJQEpghRZfdxOjocP0" start="20221130130000 +0000" stop="20221130150000 +0000" catchup-id="T71jbCPyBNAkyF1EJuXhsSw6rkdzuoNVGmwu6ttA"><title>Heel Hollands</title><date></date><icon src="https://m7be2.solocoo.tv/m7be2iphone/mmchan/mpimages/260x145/81z5gcELWAb2kGuj-l-RwA.jpg"></icon><desc>Alleen maar muziek van eigen bodem, daarvoor moet je natuurlijk bij TV Oranje zijn!</desc><category></category></programme><programme channel="_UYjSRWSLFN5Hd_fsHLVUseJQEpghRZfdxOjocP0" start="20221130150000 +0000" stop="20221130170000 +0000" catchup-id="IOXC81B_DtiG67X5eX2X1cgjzzmA-E9VAvix61Oo"><title>Tijd voor thuis</title><date></date><icon src="https://m7be2.solocoo.tv/m7be2iphone/mmchan/mpimages/260x145/2T6V2FQRyq-a2ET8iVfVYA.jpg"></icon><desc>Voel je helemaal thuis met deze heerlijke muziek van eigen bodem.</desc><category></category></programme><programme channel="_UYjSRWSLFN5Hd_fsHLVUseJQEpghRZfdxOjocP0" start="20221130170000 +0000" stop="20221130180000 +0000" catchup-id="lj_-zuq9aeiyR3ICYw8S1VmtdiXqzjmyJXSAbe-w"><title>Verzoekparade</title><date></date><icon src="https://m7be2.solocoo.tv/m7be2iphone/mmchan/mpimages/260x145/5K-3myMpxaAoawqOOHT9WA.jpg"></icon><desc>De meest aangevraagde clips van vandaag. Breng je stem uit via verzoekparade.nl en zie jouw favoriete clip morgen bij TV Oranje!</desc><category></category></programme><programme channel="_UYjSRWSLFN5Hd_fsHLVUseJQEpghRZfdxOjocP0" start="20221130180000 +0000" stop="20221130210000 +0000" catchup-id="AltALMOMIm9t1y5EZjKfX8bjpOpOWFMfMsCNDsFw"><title>Hollandse Hits</title><date></date><icon src="https://m7be2.solocoo.tv/m7be2iphone/mmchan/mpimages/260x145/IQlHNQZQlVl9ddu_FcEjGw.jpg"></icon><desc>Een heerlijke mix met Hollandse Hits van toen en nu.</desc><category></category></programme><programme channel="_UYjSRWSLFN5Hd_fsHLVUseJQEpghRZfdxOjocP0" start="20221130210000 +0000" stop="20221130230000 +0000" catchup-id="NyISNBs8tfYRoEeLLKQWJyjr2g8Yq4WYSntR6NBP"><title>Voor het slapen</title><date></date><icon src="https://m7be2.solocoo.tv/m7be2iphone/mmchan/mpimages/260x145/3b6gSqsy3bweTp6iN-Oeww.jpg"></icon><desc>Nog even een paar clips van eigen bodem en dan naar bed.</desc><category></category></programme><programme channel="_UYjSRWSLFN5Hd_fsHLVUseJQEpghRZfdxOjocP0" start="20221130230000 +0000" stop="20221201040000 +0000" catchup-id="nj3wjoOVKXVJgTKdhPsmh0HXQLjjDjkxfkDF64kn"><title>TV Oranje Nonstop</title><date></date><icon src="https://m7be2.solocoo.tv/m7be2iphone/mmchan/mpimages/260x145/5K-3myMpxaAoawqOOHT9WA.jpg"></icon><desc>Non-stop de beste muziek van eigen bodem.</desc><category></category></programme><programme channel="_UYjSRWSLFN5Hd_fsHLVUseJQEpghRZfdxOjocP0" start="20221201040000 +0000" stop="20221201060000 +0000" catchup-id="XDMgHLQRNDcg6m6s4Jqo5x8QwD_jnTRgTpt3cUwo"><title>Wakker worden</title><date></date><icon src="https://m7be2.solocoo.tv/m7be2iphone/mmchan/mpimages/260x145/nDtazRN7_kU-JAPJdLbSXA.jpg"></icon><desc>Opstaan met je favoriete artiesten en de beste hits van eigen bodem.</desc><category></category></programme><programme channel="_UYjSRWSLFN5Hd_fsHLVUseJQEpghRZfdxOjocP0" start="20221201060000 +0000" stop="20221201070000 +0000" catchup-id="MgmOzzJjSQBCCEmX7QpRldV0ADbTSA-wBd5QlFhg"><title>Kinderclips</title><date></date><icon src="https://m7be2.solocoo.tv/m7be2iphone/mmchan/mpimages/260x145/SPBfdi7wVxFath1XcCqIdw.jpg"></icon><desc>De leukste kinderclips zie je bij TV Oranje. Zing je mee?</desc><category></category></programme><programme channel="_UYjSRWSLFN5Hd_fsHLVUseJQEpghRZfdxOjocP0" start="20221201070000 +0000" stop="20221201090000 +0000" catchup-id="lDBfUJBLeHCxNaiEcK5U1rTBKoVvvypC_3p12wVY"><title>Koffieclips</title><date></date><icon src="https://m7be2.solocoo.tv/m7be2iphone/mmchan/mpimages/260x145/JqfW9at5anm5tbYg57jLNQ.jpg"></icon><desc>Lekkere muziek van eigen bodem voor bij de koffie.</desc><category></category></programme><programme channel="_UYjSRWSLFN5Hd_fsHLVUseJQEpghRZfdxOjocP0" start="20221201090000 +0000" stop="20221201110000 +0000" catchup-id="wdATJFRs2sS1I1OM0dFgH8su0T7M9ZcimUOCpWwj"><title>Aan het werk</title><date></date><icon src="https://m7be2.solocoo.tv/m7be2iphone/mmchan/mpimages/260x145/pzj_T3nmlWC9LrwnRpsLJg.jpg"></icon><desc>Lekker aan de slag met muziek van eigen bodem.</desc><category></category></programme><programme channel="_UYjSRWSLFN5Hd_fsHLVUseJQEpghRZfdxOjocP0" start="20221201110000 +0000" stop="20221201130000 +0000" catchup-id="ozX_NcBUu8OiRX2ciI6-tSmcCWLEeDSIoT3sFlPk"><title>Middagpauze</title><date></date><icon src="https://m7be2.solocoo.tv/m7be2iphone/mmchan/mpimages/260x145/TqSBlbn2W-jPUGt1_w_7ag.jpg"></icon><desc>TV Oranje maakt jouw lunchpauze compleet met smakelijke muziek van eigen bodem.</desc><category></category></programme><programme channel="_UYjSRWSLFN5Hd_fsHLVUseJQEpghRZfdxOjocP0" start="20221201130000 +0000" stop="20221201150000 +0000" catchup-id="PQSE48LiGz4O3TSG4tk7ZPRFlmeZVcf97IAXksiR"><title>Heel Hollands</title><date></date><icon src="https://m7be2.solocoo.tv/m7be2iphone/mmchan/mpimages/260x145/81z5gcELWAb2kGuj-l-RwA.jpg"></icon><desc>Alleen maar muziek van eigen bodem, daarvoor moet je natuurlijk bij TV Oranje zijn!</desc><category></category></programme><programme channel="_UYjSRWSLFN5Hd_fsHLVUseJQEpghRZfdxOjocP0" start="20221201150000 +0000" stop="20221201170000 +0000" catchup-id="15bCsd9Q0xio-FXl2bPK8WAK1tpqSRrjPXQy8z3B"><title>Tijd voor thuis</title><date></date><icon src="https://m7be2.solocoo.tv/m7be2iphone/mmchan/mpimages/260x145/2T6V2FQRyq-a2ET8iVfVYA.jpg"></icon><desc>Voel je helemaal thuis met deze heerlijke muziek van eigen bodem.</desc><category></category></programme><programme channel="_UYjSRWSLFN5Hd_fsHLVUseJQEpghRZfdxOjocP0" start="20221201170000 +0000" stop="20221201180000 +0000" catchup-id="_ZRBk9VbrUpbhj2gNl1yo3R4DhFyot3CVGgIUumJ"><title>Verzoekparade</title><date></date><icon src="https://m7be2.solocoo.tv/m7be2iphone/mmchan/mpimages/260x145/5K-3myMpxaAoawqOOHT9WA.jpg"></icon><desc>De meest aangevraagde clips van vandaag. Breng je stem uit via verzoekparade.nl en zie jouw favoriete clip morgen bij TV Oranje!</desc><category></category></programme><programme channel="_UYjSRWSLFN5Hd_fsHLVUseJQEpghRZfdxOjocP0" start="20221201180000 +0000" stop="20221201210000 +0000" catchup-id="ZY42VPMFU2LzxLxCuV-PRRCoy0hcqOhYcOaFv6WM"><title>Hollandse Hits</title><date></date><icon src="https://m7be2.solocoo.tv/m7be2iphone/mmchan/mpimages/260x145/IQlHNQZQlVl9ddu_FcEjGw.jpg"></icon><desc>Een heerlijke mix met Hollandse Hits van toen en nu.</desc><category></category></programme><programme channel="_UYjSRWSLFN5Hd_fsHLVUseJQEpghRZfdxOjocP0" start="20221201210000 +0000" stop="20221201230000 +0000" catchup-id="M_jhG7QVtrn4bjPKknNDvjuUDrGf0PR_j6SWdEjm"><title>Voor het slapen</title><date></date><icon src="https://m7be2.solocoo.tv/m7be2iphone/mmchan/mpimages/260x145/3b6gSqsy3bweTp6iN-Oeww.jpg"></icon><desc>Nog even een paar clips van eigen bodem en dan naar bed.</desc><category></category></programme><programme channel="_UYjSRWSLFN5Hd_fsHLVUseJQEpghRZfdxOjocP0" start="20221201230000 +0000" stop="20221202040000 +0000" catchup-id="Avkn-YKJIfTeu-TV2p8HMw-aJqIwT6JNvl7sievY"><title>TV Oranje Nonstop</title><date></date><icon src="https://m7be2.solocoo.tv/m7be2iphone/mmchan/mpimages/260x145/5K-3myMpxaAoawqOOHT9WA.jpg"></icon><desc>Non-stop de beste muziek van eigen bodem.</desc><category></category></programme><programme channel="_UYjSRWSLFN5Hd_fsHLVUseJQEpghRZfdxOjocP0" start="20221202040000 +0000" stop="20221202060000 +0000" catchup-id="-7uah2BcuKb0wPX7l9bsPucdVAuU49KNYensvLMt"><title>Wakker worden</title><date></date><icon src="https://m7be2.solocoo.tv/m7be2iphone/mmchan/mpimages/260x145/nDtazRN7_kU-JAPJdLbSXA.jpg"></icon><desc>Opstaan met je favoriete artiesten en de beste hits van eigen bodem.</desc><category></category></programme><programme channel="_UYjSRWSLFN5Hd_fsHLVUseJQEpghRZfdxOjocP0" start="20221202060000 +0000" stop="20221202070000 +0000" catchup-id="ECxEseArMqi79b9eJrF-UAvHdebK5fFH01OqSrxV"><title>Kinderclips</title><date></date><icon src="https://m7be2.solocoo.tv/m7be2iphone/mmchan/mpimages/260x145/SPBfdi7wVxFath1XcCqIdw.jpg"></icon><desc>De leukste kinderclips zie je bij TV Oranje. Zing je mee?</desc><category></category></programme><programme channel="_UYjSRWSLFN5Hd_fsHLVUseJQEpghRZfdxOjocP0" start="20221202070000 +0000" stop="20221202090000 +0000" catchup-id="rnNsd-LSpRClxMRt9krgn7LQAsINwZ0hFmnD6YXx"><title>Koffieclips</title><date></date><icon src="https://m7be2.solocoo.tv/m7be2iphone/mmchan/mpimages/260x145/JqfW9at5anm5tbYg57jLNQ.jpg"></icon><desc>Lekkere muziek van eigen bodem voor bij de koffie.</desc><category></category></programme><programme channel="_UYjSRWSLFN5Hd_fsHLVUseJQEpghRZfdxOjocP0" start="20221202090000 +0000" stop="20221202110000 +0000" catchup-id="d48Gjcy-fnTTzF3o2bpM3dnWM_H7KC6h3vflzmV5"><title>Aan het werk</title><date></date><icon src="https://m7be2.solocoo.tv/m7be2iphone/mmchan/mpimages/260x145/pzj_T3nmlWC9LrwnRpsLJg.jpg"></icon><desc>Lekker aan de slag met muziek van eigen bodem.</desc><category></category></programme><programme channel="_UYjSRWSLFN5Hd_fsHLVUseJQEpghRZfdxOjocP0" start="20221202110000 +0000" stop="20221202130000 +0000" catchup-id="aaRPaFmj7EpQ1l1BbewQpt3buT2MuYN8xLyuoi5R"><title>Middagpauze</title><date></date><icon src="https://m7be2.solocoo.tv/m7be2iphone/mmchan/mpimages/260x145/TqSBlbn2W-jPUGt1_w_7ag.jpg"></icon><desc>TV Oranje maakt jouw lunchpauze compleet met smakelijke muziek van eigen bodem.</desc><category></category></programme><programme channel="_UYjSRWSLFN5Hd_fsHLVUseJQEpghRZfdxOjocP0" start="20221202130000 +0000" stop="20221202150000 +0000" catchup-id="MPpSjGaVGXi3hmR-U846KW5mTkNjhzFJbgSzGEcB"><title>Heel Hollands</title><date></date><icon src="https://m7be2.solocoo.tv/m7be2iphone/mmchan/mpimages/260x145/81z5gcELWAb2kGuj-l-RwA.jpg"></icon><desc>Alleen maar muziek van eigen bodem, daarvoor moet je natuurlijk bij TV Oranje zijn!</desc><category></category></programme><programme channel="_UYjSRWSLFN5Hd_fsHLVUseJQEpghRZfdxOjocP0" start="20221202150000 +0000" stop="20221202170000 +0000" catchup-id="KNaV7z7wyhtDb7XZ1pvSYiSTa_XLVYJ0SE2MTXVx"><title>Tijd voor thuis</title><date></date><icon src="https://m7be2.solocoo.tv/m7be2iphone/mmchan/mpimages/260x145/2T6V2FQRyq-a2ET8iVfVYA.jpg"></icon><desc>Voel je helemaal thuis met deze heerlijke muziek van eigen bodem.</desc><category></category></programme><programme channel="_UYjSRWSLFN5Hd_fsHLVUseJQEpghRZfdxOjocP0" start="20221202170000 +0000" stop="20221202180000 +0000" catchup-id="6b7tvn7HK8A0lC3z5ULlDyge7b9rXxXO9x-13Qp6"><title>Verzoekparade</title><date></date><icon src="https://m7be2.solocoo.tv/m7be2iphone/mmchan/mpimages/260x145/5K-3myMpxaAoawqOOHT9WA.jpg"></icon><desc>De meest aangevraagde clips van vandaag. Breng je stem uit via verzoekparade.nl en zie jouw favoriete clip morgen bij TV Oranje!</desc><category></category></programme><programme channel="_UYjSRWSLFN5Hd_fsHLVUseJQEpghRZfdxOjocP0" start="20221202180000 +0000" stop="20221202190000 +0000" catchup-id="66a5PZ23BdvXUj7B5lIYwW8uprhoYOVmKbLoK5rH"><title>TV Oranje live</title><date></date><icon src="https://m7be2.solocoo.tv/m7be2iphone/mmchan/mpimages/260x145/c7BuCcsj_HsnUQ2a0GBhJA.jpg"></icon><desc>De beste live optredens van jouw favoriete Nederlandse artiesten.</desc><category></category></programme><programme channel="_UYjSRWSLFN5Hd_fsHLVUseJQEpghRZfdxOjocP0" start="20221202190000 +0000" stop="20221202200000 +0000" catchup-id="pW0ibXuqpLSuwxwXFdJAVbMVWAIittR5J8axhAG1"><title>Oranje Top 30</title><date></date><icon src="https://m7be2.solocoo.tv/m7be2iphone/mmchan/mpimages/260x145/TC6kL0Njko2ZLjVKN2bHcA.jpg"></icon><desc>De 30 populairste nummers van eigen bodem, gebaseerd op gegevens van de media, handel en industrie. Kijk voor de gehele lijst op oranjetop30.nl.</desc><category></category></programme><programme channel="_UYjSRWSLFN5Hd_fsHLVUseJQEpghRZfdxOjocP0" start="20221202200000 +0000" stop="20221202230000 +0000" catchup-id="qkfoX5BruNfxch0Ulq6PO-aKFSymbJ_cefuVjohK"><title>Borreltijd</title><date></date><icon src="https://m7be2.solocoo.tv/m7be2iphone/mmchan/mpimages/260x145/fzUI59q3S5io5bSdgcq33Q.jpg"></icon><desc>Jouw uitgaansavond begint met deze feestelijke clips, die borrelen van energie.</desc><category></category></programme><programme channel="_UYjSRWSLFN5Hd_fsHLVUseJQEpghRZfdxOjocP0" start="20221202230000 +0000" stop="20221203040000 +0000" catchup-id="h2Vfw6kbCvdGdrfZoz1RQvvI-k9OWtZRtJ8i75Tw"><title>Feest in de tent</title><date></date><icon src="https://m7be2.solocoo.tv/m7be2iphone/mmchan/mpimages/260x145/oVeTWRCvODAtlXPUUUpWow.jpg"></icon><desc>Waar is dat feestje? Hier is dat feestje! De gezelligste clips zie je elk weekend bij TV Oranje.</desc><category></category></programme><programme channel="_UYjSRWSLFN5Hd_fsHLVUseJQEpghRZfdxOjocP0" start="20221203040000 +0000" stop="20221203060000 +0000" catchup-id="VlDXAK-izt_B0PgUhOmVkY6Pcgp6h-iIK9qGdT1c"><title>De laatste ronde</title><date></date><icon src="https://m7be2.solocoo.tv/m7be2iphone/mmchan/mpimages/260x145/-I16svhg1-fTvIFjTe4Qvg.jpg"></icon><desc>Wie trekt er aan de bel en geeft het laatste rondje? TV Oranje gaat in elk geval door tot het einde.</desc><category></category></programme><programme channel="_UYjSRWSLFN5Hd_fsHLVUseJQEpghRZfdxOjocP0" start="20221203060000 +0000" stop="20221203070000 +0000" catchup-id="uYh8XAQ9ILjNOMhvqsWxd-6r365iuZgZBkUPBzzD"><title>Kinderclips</title><date></date><icon src="https://m7be2.solocoo.tv/m7be2iphone/mmchan/mpimages/260x145/SPBfdi7wVxFath1XcCqIdw.jpg"></icon><desc>De leukste kinderclips zie je bij TV Oranje. Zing je mee?</desc><category></category></programme><programme channel="_UYjSRWSLFN5Hd_fsHLVUseJQEpghRZfdxOjocP0" start="20221203070000 +0000" stop="20221203090000 +0000" catchup-id="4caWQ79HHlg58Obdze7eiO0V6xioKhsYxX-YhzIb"><title>Wakker in het weekend</title><date></date><icon src="https://m7be2.solocoo.tv/m7be2iphone/mmchan/mpimages/260x145/8oE5vsEs1GNGoGpWHfCe9w.jpg"></icon><desc>Ook voor de vroege vogels heeft TV Oranje volop clips van eigen bodem.</desc><category></category></programme><programme channel="_UYjSRWSLFN5Hd_fsHLVUseJQEpghRZfdxOjocP0" start="20221203090000 +0000" stop="20221203110000 +0000" catchup-id="_VWCJhPLroc7qoPMxr15HoNjiL7VLqvhDHeuPp-e"><title>Hit Explosie</title><date></date><icon src="https://m7be2.solocoo.tv/m7be2iphone/mmchan/mpimages/260x145/yBdjRJHgq-LMFGL5oqpUVw.jpg"></icon><desc>Een explosie van Nederlandse knallers: de nieuwste clips van eigen bodem zie je in de Hit Explosie op TV Oranje.</desc><category></category></programme><programme channel="_UYjSRWSLFN5Hd_fsHLVUseJQEpghRZfdxOjocP0" start="20221203110000 +0000" stop="20221203130000 +0000" catchup-id="xGPz5N6sijgGeZK9ZAUV4wOJn2PaXa4-8LqQ60kT"><title>Weekendpauze</title><date></date><icon src="https://m7be2.solocoo.tv/m7be2iphone/mmchan/mpimages/260x145/7DOEo7GnI9AeR6WuP9iB7w.jpg"></icon><desc>Even helemaal niks anders doen dan genieten van de leukste clips van eigen bodem!</desc><category></category></programme><programme channel="_UYjSRWSLFN5Hd_fsHLVUseJQEpghRZfdxOjocP0" start="20221203130000 +0000" stop="20221203150000 +0000" catchup-id="GghpfXVInYHeVev_CqmQLu60UXp7gmtN-GybxQGT"><title>Groeten uit Holland</title><date></date><icon src="https://m7be2.solocoo.tv/m7be2iphone/mmchan/mpimages/260x145/D0EsN0jquI-GSXBDoaC2gw.jpg"></icon><desc>Een muzikale ansichtkaart met de leukste clips van eigen bodem.</desc><category></category></programme><programme channel="_UYjSRWSLFN5Hd_fsHLVUseJQEpghRZfdxOjocP0" start="20221203150000 +0000" stop="20221203163000 +0000" catchup-id="HB6Yi8KT9HE4qJWERLvMyUxotIHsJC1XiHx6aiAX"><title>Oranje Top 30</title><date></date><icon src="https://m7be2.solocoo.tv/m7be2iphone/mmchan/mpimages/260x145/TC6kL0Njko2ZLjVKN2bHcA.jpg"></icon><desc>De 30 populairste nummers van eigen bodem, gebaseerd op gegevens van de media, handel en industrie. Kijk voor de gehele lijst op oranjetop30.nl.</desc><category></category></programme><programme channel="_UYjSRWSLFN5Hd_fsHLVUseJQEpghRZfdxOjocP0" start="20221203163000 +0000" stop="20221203170000 +0000" catchup-id="cPsgAtlT9ml8x7pgGaKnQ1jt1B0RTc5Xl24ROjoV"><title>TV Oranje live</title><date></date><icon src="https://m7be2.solocoo.tv/m7be2iphone/mmchan/mpimages/260x145/c7BuCcsj_HsnUQ2a0GBhJA.jpg"></icon><desc>De beste live optredens van jouw favoriete Nederlandse artiesten.</desc><category></category></programme><programme channel="_UYjSRWSLFN5Hd_fsHLVUseJQEpghRZfdxOjocP0" start="20221203170000 +0000" stop="20221203180000 +0000" catchup-id="LWBxnnTd3KJvYvx7yEa00qstr6qv5BMOxPERVPNy"><title>Verzoekparade</title><date></date><icon src="https://m7be2.solocoo.tv/m7be2iphone/mmchan/mpimages/260x145/5K-3myMpxaAoawqOOHT9WA.jpg"></icon><desc>De meest aangevraagde clips van vandaag. Breng je stem uit via verzoekparade.nl en zie jouw favoriete clip morgen bij TV Oranje!</desc><category></category></programme><programme channel="_UYjSRWSLFN5Hd_fsHLVUseJQEpghRZfdxOjocP0" start="20221203180000 +0000" stop="20221203190000 +0000" catchup-id="xwHPZTax3d_R8BG11BEqLVjC0mOvfPm8dezbUVya"><title>TV Oranje klassiekers</title><date></date><icon src="https://m7be2.solocoo.tv/m7be2iphone/mmchan/mpimages/260x145/zyIn6moTcEEEpcyS3Fx1GQ.jpg"></icon><desc>Een selectie van Hollandse hits van weleer uit de archieven van TV Oranje.</desc><category></category></programme><programme channel="_UYjSRWSLFN5Hd_fsHLVUseJQEpghRZfdxOjocP0" start="20221203190000 +0000" stop="20221203200000 +0000" catchup-id="ycH0ECrzMe8lN4u2Ljyk8E66hlRX2l9-NfFTmwJg"><title>Het uur van...</title><date></date><icon src="https://m7be2.solocoo.tv/m7be2iphone/mmchan/mpimages/260x145/-RsJH5dJGXnJIBtBP0BY1Q.jpg"></icon><desc>Elke zaterdag zie je tussen 19:00 en 20:00 uur op TV Oranje een uur lang non-stop je favoriete artiest.</desc><category></category></programme>