<programme channel="fihFodygJCOhuXOXvVoXntW565KjvZ5H3YRBfl38" start="20221120000000 +0000" stop="20221120060000 +0000" catchup-id="dmvrFwjuw-0R3gb7R5RDn9E4AQw7VtWuHS82A6_E"><title>SLEEPIN'</title><date></date><icon src="https://m7be2.solocoo.tv/m7be2iphone/mmchan/mpimages/208x308/NjeKAOvF8N_C5RgB5H4Vtw.jpg"></icon><desc></desc><category></category></programme><programme channel="fihFodygJCOhuXOXvVoXntW565KjvZ5H3YRBfl38" start="20221120060000 +0000" stop="20221120100000 +0000" catchup-id="339gcqCLKIhSCO2ZAeA2vA5Az3ReLIpTokyrHQ0X"><title>MORNIN'</title><date></date><icon src="https://m7be2.solocoo.tv/m7be2iphone/mmchan/mpimages/208x308/NjeKAOvF8N_C5RgB5H4Vtw.jpg"></icon><desc></desc><category></category></programme><programme channel="fihFodygJCOhuXOXvVoXntW565KjvZ5H3YRBfl38" start="20221120100000 +0000" stop="20221120110000 +0000" catchup-id="AyMd8qCZkfCKFnT2Yo84kwWXtpPwaCXy2UYPEgoL"><title>SPOTIFY CZECH LIST</title><date></date><icon src="https://m7be2.solocoo.tv/m7be2iphone/mmchan/mpimages/208x308/NjeKAOvF8N_C5RgB5H4Vtw.jpg"></icon><desc></desc><category></category></programme><programme channel="fihFodygJCOhuXOXvVoXntW565KjvZ5H3YRBfl38" start="20221120110000 +0000" stop="20221120130000 +0000" catchup-id="dZDwz37cAv49YJNj8oel4SPYEDGWb22fd5u6dxBu"><title>CHILLIN'</title><date></date><icon src="https://m7be2.solocoo.tv/m7be2iphone/mmchan/mpimages/208x308/NjeKAOvF8N_C5RgB5H4Vtw.jpg"></icon><desc></desc><category></category></programme><programme channel="fihFodygJCOhuXOXvVoXntW565KjvZ5H3YRBfl38" start="20221120130000 +0000" stop="20221120140000 +0000" catchup-id="knycVlBzq9qDbqJQ5kJFic4jZ5vRQdhNnIveSBrm"><title>ÓČKO BLACK LIST</title><date></date><icon src="https://m7be2.solocoo.tv/m7be2iphone/mmchan/mpimages/208x308/NjeKAOvF8N_C5RgB5H4Vtw.jpg"></icon><desc></desc><category></category></programme><programme channel="fihFodygJCOhuXOXvVoXntW565KjvZ5H3YRBfl38" start="20221120140000 +0000" stop="20221120150000 +0000" catchup-id="nC0DaQYhKKezGGwHlyq5VnQcFQh3Qz5q7mj7J6dq"><title>CHILLIN'</title><date></date><icon src="https://m7be2.solocoo.tv/m7be2iphone/mmchan/mpimages/208x308/NjeKAOvF8N_C5RgB5H4Vtw.jpg"></icon><desc></desc><category></category></programme><programme channel="fihFodygJCOhuXOXvVoXntW565KjvZ5H3YRBfl38" start="20221120150000 +0000" stop="20221120151000 +0000" catchup-id="ufrCyKxmYGCSCxf3-jTYFl5qz9YrPKqTIzpBneLg"><title>TRIPLESHOT</title><date></date><icon src="https://m7be2.solocoo.tv/m7be2iphone/mmchan/mpimages/208x308/NjeKAOvF8N_C5RgB5H4Vtw.jpg"></icon><desc></desc><category></category></programme><programme channel="fihFodygJCOhuXOXvVoXntW565KjvZ5H3YRBfl38" start="20221120151000 +0000" stop="20221120180000 +0000" catchup-id="DHbVOFyR4HuIeUAqI11MQiAWs-vq5osvVaK6wCM8"><title>CHILLIN'</title><date></date><icon src="https://m7be2.solocoo.tv/m7be2iphone/mmchan/mpimages/208x308/NjeKAOvF8N_C5RgB5H4Vtw.jpg"></icon><desc></desc><category></category></programme><programme channel="fihFodygJCOhuXOXvVoXntW565KjvZ5H3YRBfl38" start="20221120180000 +0000" stop="20221120190000 +0000" catchup-id="DcusiQjpHwz-qsqnO3vkbxGTnYJErxTzmWstNMCV"><title>CZ&amp;SK</title><date></date><icon src="https://m7be2.solocoo.tv/m7be2iphone/mmchan/mpimages/208x308/Rhu74ivcpmzKSR9vwBWF3A.jpg"></icon><desc></desc><category></category></programme><programme channel="fihFodygJCOhuXOXvVoXntW565KjvZ5H3YRBfl38" start="20221120190000 +0000" stop="20221120200000 +0000" catchup-id="MgkhHrmm21pD6BuHJT-NFnyTT70GH8qGQKz_JFE_"><title>ROOTS</title><date></date><icon src="https://m7be2.solocoo.tv/m7be2iphone/mmchan/mpimages/208x308/NjeKAOvF8N_C5RgB5H4Vtw.jpg"></icon><desc></desc><category></category></programme><programme channel="fihFodygJCOhuXOXvVoXntW565KjvZ5H3YRBfl38" start="20221120200000 +0000" stop="20221120230000 +0000" catchup-id="HdgfHDG72eaReRc7_pc8zbWpV5T_UA2i6rABcAFX"><title>CHILLIN'</title><date></date><icon src="https://m7be2.solocoo.tv/m7be2iphone/mmchan/mpimages/208x308/NjeKAOvF8N_C5RgB5H4Vtw.jpg"></icon><desc></desc><category></category></programme><programme channel="fihFodygJCOhuXOXvVoXntW565KjvZ5H3YRBfl38" start="20221120230000 +0000" stop="20221121060000 +0000" catchup-id="ruNn4kEepT9T7G6Djp36NhYVhqJHCAchySGA1ZJY"><title>SLEEPIN'</title><date></date><icon src="https://m7be2.solocoo.tv/m7be2iphone/mmchan/mpimages/208x308/NjeKAOvF8N_C5RgB5H4Vtw.jpg"></icon><desc></desc><category></category></programme><programme channel="fihFodygJCOhuXOXvVoXntW565KjvZ5H3YRBfl38" start="20221121060000 +0000" stop="20221121100000 +0000" catchup-id="NmxkuvBOogYbUjJxx6LQ3pA8xLm1taOdsnhJZN3c"><title>MORNIN'</title><date></date><icon src="https://m7be2.solocoo.tv/m7be2iphone/mmchan/mpimages/208x308/NjeKAOvF8N_C5RgB5H4Vtw.jpg"></icon><desc></desc><category></category></programme><programme channel="fihFodygJCOhuXOXvVoXntW565KjvZ5H3YRBfl38" start="20221121100000 +0000" stop="20221121110000 +0000" catchup-id="Pz7UAi-pjenlunSUNY1kiQKWxYiedQznshJB4av6"><title>LATINO</title><date></date><icon src="https://m7be2.solocoo.tv/m7be2iphone/mmchan/mpimages/208x308/NjeKAOvF8N_C5RgB5H4Vtw.jpg"></icon><desc></desc><category></category></programme><programme channel="fihFodygJCOhuXOXvVoXntW565KjvZ5H3YRBfl38" start="20221121110000 +0000" stop="20221121180000 +0000" catchup-id="Nhh0fblyQRCAhHGbk8fhGz4KnXK9c0_VPlajr1Mo"><title>WORKIN'</title><date></date><icon src="https://m7be2.solocoo.tv/m7be2iphone/mmchan/mpimages/208x308/NjeKAOvF8N_C5RgB5H4Vtw.jpg"></icon><desc></desc><category></category></programme><programme channel="fihFodygJCOhuXOXvVoXntW565KjvZ5H3YRBfl38" start="20221121180000 +0000" stop="20221121190000 +0000" catchup-id="egyrDtuzN2VtRsZBLOQuFiEBTi9DkzcTaSMW2II1"><title>CZ&amp;SK</title><date></date><icon src="https://m7be2.solocoo.tv/m7be2iphone/mmchan/mpimages/208x308/Rhu74ivcpmzKSR9vwBWF3A.jpg"></icon><desc></desc><category></category></programme><programme channel="fihFodygJCOhuXOXvVoXntW565KjvZ5H3YRBfl38" start="20221121190000 +0000" stop="20221121210000 +0000" catchup-id="QYe399dcqxO20p7GHGHjeOslBz5gGcrAOj35lwgL"><title>TRUESCHOOL</title><date></date><icon src="https://m7be2.solocoo.tv/m7be2iphone/mmchan/mpimages/208x308/NjeKAOvF8N_C5RgB5H4Vtw.jpg"></icon><desc></desc><category></category></programme><programme channel="fihFodygJCOhuXOXvVoXntW565KjvZ5H3YRBfl38" start="20221121210000 +0000" stop="20221121230000 +0000" catchup-id="G9IVnU2aea2LLhXc4_Whq_r9gdl2hVoMw31iJrrY"><title>CHILLIN'</title><date></date><icon src="https://m7be2.solocoo.tv/m7be2iphone/mmchan/mpimages/208x308/NjeKAOvF8N_C5RgB5H4Vtw.jpg"></icon><desc></desc><category></category></programme><programme channel="fihFodygJCOhuXOXvVoXntW565KjvZ5H3YRBfl38" start="20221121230000 +0000" stop="20221122060000 +0000" catchup-id="jnfM9dPKySGwin_b2ho66_MMdgM6nd8pJ-UMd71L"><title>SLEEPIN'</title><date></date><icon src="https://m7be2.solocoo.tv/m7be2iphone/mmchan/mpimages/208x308/NjeKAOvF8N_C5RgB5H4Vtw.jpg"></icon><desc></desc><category></category></programme><programme channel="fihFodygJCOhuXOXvVoXntW565KjvZ5H3YRBfl38" start="20221122060000 +0000" stop="20221122100000 +0000" catchup-id="oJoRRbinlAFRdjNHSfVYx5JfsBzQa3FrL7UzXo40"><title>MORNIN'</title><date></date><icon src="https://m7be2.solocoo.tv/m7be2iphone/mmchan/mpimages/208x308/NjeKAOvF8N_C5RgB5H4Vtw.jpg"></icon><desc></desc><category></category></programme><programme channel="fihFodygJCOhuXOXvVoXntW565KjvZ5H3YRBfl38" start="20221122100000 +0000" stop="20221122110000 +0000" catchup-id="hXxon6Ka9728-CU2Viw3UdswoQGRbl0DI7Il5O9Y"><title>TRUESCHOOL</title><date></date><icon src="https://m7be2.solocoo.tv/m7be2iphone/mmchan/mpimages/208x308/NjeKAOvF8N_C5RgB5H4Vtw.jpg"></icon><desc></desc><category></category></programme><programme channel="fihFodygJCOhuXOXvVoXntW565KjvZ5H3YRBfl38" start="20221122110000 +0000" stop="20221122180000 +0000" catchup-id="bUYUaqMtFcX5BOCkE-Z7OYzMngoj2z-fgu-X0_Oq"><title>WORKIN'</title><date></date><icon src="https://m7be2.solocoo.tv/m7be2iphone/mmchan/mpimages/208x308/NjeKAOvF8N_C5RgB5H4Vtw.jpg"></icon><desc></desc><category></category></programme><programme channel="fihFodygJCOhuXOXvVoXntW565KjvZ5H3YRBfl38" start="20221122180000 +0000" stop="20221122190000 +0000" catchup-id="ERrfDW-kGSwVLIsPaTzEYwmLA2Q3GpBxXZszKzK6"><title>CZ&amp;SK</title><date></date><icon src="https://m7be2.solocoo.tv/m7be2iphone/mmchan/mpimages/208x308/Rhu74ivcpmzKSR9vwBWF3A.jpg"></icon><desc></desc><category></category></programme><programme channel="fihFodygJCOhuXOXvVoXntW565KjvZ5H3YRBfl38" start="20221122190000 +0000" stop="20221122200000 +0000" catchup-id="ybNeBqbJ3IIZuKpj7Ul8p7XNGQfEdPZhsK3yIECP"><title>GRIME TIME</title><date></date><icon src="https://m7be2.solocoo.tv/m7be2iphone/mmchan/mpimages/208x308/NjeKAOvF8N_C5RgB5H4Vtw.jpg"></icon><desc></desc><category></category></programme><programme channel="fihFodygJCOhuXOXvVoXntW565KjvZ5H3YRBfl38" start="20221122200000 +0000" stop="20221122210000 +0000" catchup-id="vHnn3kp6CgwkQp1UURDFGPbZNKtBQ-Y854OpsidM"><title>ÓČKO BLACK LIST</title><date></date><icon src="https://m7be2.solocoo.tv/m7be2iphone/mmchan/mpimages/208x308/NjeKAOvF8N_C5RgB5H4Vtw.jpg"></icon><desc></desc><category></category></programme><programme channel="fihFodygJCOhuXOXvVoXntW565KjvZ5H3YRBfl38" start="20221122210000 +0000" stop="20221122220000 +0000" catchup-id="XqClOa3JPEdiVJSQu3vOMrTMDwecpJVr_jin04H6"><title>REWIND! 5. ELEMENT</title><date></date><icon src="https://m7be2.solocoo.tv/m7be2iphone/mmchan/mpimages/208x308/KRPi9zWjunw6VvSIMGq66Q.jpg"></icon><desc></desc><category></category></programme><programme channel="fihFodygJCOhuXOXvVoXntW565KjvZ5H3YRBfl38" start="20221122220000 +0000" stop="20221122230000 +0000" catchup-id="-PxVvNELQotfzXeVi8UqE7yBFx9VpxlAJjyMLcLu"><title>CHILLIN'</title><date></date><icon src="https://m7be2.solocoo.tv/m7be2iphone/mmchan/mpimages/208x308/NjeKAOvF8N_C5RgB5H4Vtw.jpg"></icon><desc></desc><category></category></programme><programme channel="fihFodygJCOhuXOXvVoXntW565KjvZ5H3YRBfl38" start="20221122230000 +0000" stop="20221123060000 +0000" catchup-id="LY6vkxdiPLsdvoGjz7XIJrIyp6tN0_gxCwzBFE5c"><title>SLEEPIN'</title><date></date><icon src="https://m7be2.solocoo.tv/m7be2iphone/mmchan/mpimages/208x308/NjeKAOvF8N_C5RgB5H4Vtw.jpg"></icon><desc></desc><category></category></programme><programme channel="fihFodygJCOhuXOXvVoXntW565KjvZ5H3YRBfl38" start="20221123060000 +0000" stop="20221123100000 +0000" catchup-id="WGLLInQWmYJU4INecDltZPb66FsuNeR2yz32fsz9"><title>MORNIN'</title><date></date><icon src="https://m7be2.solocoo.tv/m7be2iphone/mmchan/mpimages/208x308/NjeKAOvF8N_C5RgB5H4Vtw.jpg"></icon><desc></desc><category></category></programme><programme channel="fihFodygJCOhuXOXvVoXntW565KjvZ5H3YRBfl38" start="20221123100000 +0000" stop="20221123110000 +0000" catchup-id="5aiumqyRv_BIAoPI5j1CVrn3oDwe9Bo2KHUSpvm0"><title>GRIME TIME</title><date></date><icon src="https://m7be2.solocoo.tv/m7be2iphone/mmchan/mpimages/208x308/NjeKAOvF8N_C5RgB5H4Vtw.jpg"></icon><desc></desc><category></category></programme><programme channel="fihFodygJCOhuXOXvVoXntW565KjvZ5H3YRBfl38" start="20221123110000 +0000" stop="20221123170000 +0000" catchup-id="GYYeesAudKUW02UN05NzmKyWX0U3N0DiwO_TqP7I"><title>WORKIN'</title><date></date><icon src="https://m7be2.solocoo.tv/m7be2iphone/mmchan/mpimages/208x308/NjeKAOvF8N_C5RgB5H4Vtw.jpg"></icon><desc></desc><category></category></programme><programme channel="fihFodygJCOhuXOXvVoXntW565KjvZ5H3YRBfl38" start="20221123170000 +0000" stop="20221123171000 +0000" catchup-id="6jdvCkArtUaO2NZuQGohjzDxJXCO0HzsCJ0pQVTf"><title>TRIPLESHOT</title><date></date><icon src="https://m7be2.solocoo.tv/m7be2iphone/mmchan/mpimages/208x308/NjeKAOvF8N_C5RgB5H4Vtw.jpg"></icon><desc></desc><category></category></programme><programme channel="fihFodygJCOhuXOXvVoXntW565KjvZ5H3YRBfl38" start="20221123171000 +0000" stop="20221123180000 +0000" catchup-id="TOGAA5Ce68kGLKS5xhx5keSLa9GVNE4xuTF6RTWZ"><title>WORKIN'</title><date></date><icon src="https://m7be2.solocoo.tv/m7be2iphone/mmchan/mpimages/208x308/NjeKAOvF8N_C5RgB5H4Vtw.jpg"></icon><desc></desc><category></category></programme><programme channel="fihFodygJCOhuXOXvVoXntW565KjvZ5H3YRBfl38" start="20221123180000 +0000" stop="20221123190000 +0000" catchup-id="OK6srTgzEDoAYSb4-7j5wLcPr_y_21BB94PLB3c5"><title>SPOTIFY CZECH LIST</title><date></date><icon src="https://m7be2.solocoo.tv/m7be2iphone/mmchan/mpimages/208x308/NjeKAOvF8N_C5RgB5H4Vtw.jpg"></icon><desc></desc><category></category></programme><programme channel="fihFodygJCOhuXOXvVoXntW565KjvZ5H3YRBfl38" start="20221123190000 +0000" stop="20221123200000 +0000" catchup-id="FQYA5ibLKJhW88OYTTv-OSKC3Bv4OAe3j-qJEuHb"><title>R&amp;B JAMMIN'</title><date></date><icon src="https://m7be2.solocoo.tv/m7be2iphone/mmchan/mpimages/208x308/NjeKAOvF8N_C5RgB5H4Vtw.jpg"></icon><desc></desc><category></category></programme><programme channel="fihFodygJCOhuXOXvVoXntW565KjvZ5H3YRBfl38" start="20221123200000 +0000" stop="20221123210000 +0000" catchup-id="L2AopqNU8bvl_HvvAME02ipLPuQkYvXSCdkpgieT"><title>US TOP CHART</title><date></date><icon src="https://m7be2.solocoo.tv/m7be2iphone/mmchan/mpimages/208x308/NjeKAOvF8N_C5RgB5H4Vtw.jpg"></icon><desc></desc><category></category></programme><programme channel="fihFodygJCOhuXOXvVoXntW565KjvZ5H3YRBfl38" start="20221123210000 +0000" stop="20221123220000 +0000" catchup-id="9kc-mix_14pRmHcPIc0W0pRPC53Ngqhitdl_dFmZ"><title>CHILLIN'</title><date></date><icon src="https://m7be2.solocoo.tv/m7be2iphone/mmchan/mpimages/208x308/NjeKAOvF8N_C5RgB5H4Vtw.jpg"></icon><desc></desc><category></category></programme><programme channel="fihFodygJCOhuXOXvVoXntW565KjvZ5H3YRBfl38" start="20221123220000 +0000" stop="20221123230000 +0000" catchup-id="AojXAVmGMFNPT3kPr7Y98HwIfmJlohwf0WgMbh1l"><title>REWIND! 5. ELEMENT</title><date></date><icon src="https://m7be2.solocoo.tv/m7be2iphone/mmchan/mpimages/208x308/KRPi9zWjunw6VvSIMGq66Q.jpg"></icon><desc></desc><category></category></programme><programme channel="fihFodygJCOhuXOXvVoXntW565KjvZ5H3YRBfl38" start="20221123230000 +0000" stop="20221124060000 +0000" catchup-id="sv7JGuMFVtn95t41Md8u-ITrEI0L9e2Pj94c9Qps"><title>SLEEPIN'</title><date></date><icon src="https://m7be2.solocoo.tv/m7be2iphone/mmchan/mpimages/208x308/NjeKAOvF8N_C5RgB5H4Vtw.jpg"></icon><desc></desc><category></category></programme><programme channel="fihFodygJCOhuXOXvVoXntW565KjvZ5H3YRBfl38" start="20221124060000 +0000" stop="20221124100000 +0000" catchup-id="L8pVlW_w_og21n8o2zvbE6FCOJaLVjY6UDVveXty"><title>MORNIN'</title><date></date><icon src="https://m7be2.solocoo.tv/m7be2iphone/mmchan/mpimages/208x308/NjeKAOvF8N_C5RgB5H4Vtw.jpg"></icon><desc></desc><category></category></programme><programme channel="fihFodygJCOhuXOXvVoXntW565KjvZ5H3YRBfl38" start="20221124100000 +0000" stop="20221124110000 +0000" catchup-id="6jmIZ4Oc23FPo2pSRnPO8_B5VFeYJU355UE36cBH"><title>R&amp;B JAMMIN'</title><date></date><icon src="https://m7be2.solocoo.tv/m7be2iphone/mmchan/mpimages/208x308/NjeKAOvF8N_C5RgB5H4Vtw.jpg"></icon><desc></desc><category></category></programme><programme channel="fihFodygJCOhuXOXvVoXntW565KjvZ5H3YRBfl38" start="20221124110000 +0000" stop="20221124130000 +0000" catchup-id="7QQWVOnH_JXBgq5C6zGze1gBUNulHXGRt0-FWw1x"><title>WORKIN'</title><date></date><icon src="https://m7be2.solocoo.tv/m7be2iphone/mmchan/mpimages/208x308/NjeKAOvF8N_C5RgB5H4Vtw.jpg"></icon><desc></desc><category></category></programme><programme channel="fihFodygJCOhuXOXvVoXntW565KjvZ5H3YRBfl38" start="20221124130000 +0000" stop="20221124131000 +0000" catchup-id="ojPqbO6jO2tkFYkQgiyd5faRd2bipt6I3ZorRfb3"><title>TRIPLESHOT</title><date></date><icon src="https://m7be2.solocoo.tv/m7be2iphone/mmchan/mpimages/208x308/NjeKAOvF8N_C5RgB5H4Vtw.jpg"></icon><desc></desc><category></category></programme><programme channel="fihFodygJCOhuXOXvVoXntW565KjvZ5H3YRBfl38" start="20221124131000 +0000" stop="20221124180000 +0000" catchup-id="bJ1l2wx6-YhDPEOf6ESOut3kVERl-EkqHr_NIiJ1"><title>WORKIN'</title><date></date><icon src="https://m7be2.solocoo.tv/m7be2iphone/mmchan/mpimages/208x308/NjeKAOvF8N_C5RgB5H4Vtw.jpg"></icon><desc></desc><category></category></programme><programme channel="fihFodygJCOhuXOXvVoXntW565KjvZ5H3YRBfl38" start="20221124180000 +0000" stop="20221124190000 +0000" catchup-id="MRyBER11hRvFHXzinAWRkHisEZDU3rXynIysYV3Z"><title>CZ&amp;SK</title><date></date><icon src="https://m7be2.solocoo.tv/m7be2iphone/mmchan/mpimages/208x308/Rhu74ivcpmzKSR9vwBWF3A.jpg"></icon><desc></desc><category></category></programme><programme channel="fihFodygJCOhuXOXvVoXntW565KjvZ5H3YRBfl38" start="20221124190000 +0000" stop="20221124200000 +0000" catchup-id="95Pvcj7iGf578MKTcOgx-1aF9zHM2-p8PcGdzYVG"><title>FRESH</title><date></date><icon src="https://m7be2.solocoo.tv/m7be2iphone/mmchan/mpimages/208x308/NjeKAOvF8N_C5RgB5H4Vtw.jpg"></icon><desc></desc><category></category></programme><programme channel="fihFodygJCOhuXOXvVoXntW565KjvZ5H3YRBfl38" start="20221124200000 +0000" stop="20221124210000 +0000" catchup-id="uhlH28fOxDW50J0tTU6F9EsATWXciXSQeppVk_Of"><title>CHILLIN'</title><date></date><icon src="https://m7be2.solocoo.tv/m7be2iphone/mmchan/mpimages/208x308/NjeKAOvF8N_C5RgB5H4Vtw.jpg"></icon><desc></desc><category></category></programme><programme channel="fihFodygJCOhuXOXvVoXntW565KjvZ5H3YRBfl38" start="20221124210000 +0000" stop="20221124220000 +0000" catchup-id="9eJLSTqKrVaJqwggpsNhrwN2wUtiapKNdjc7iLCL"><title>ROOTS</title><date></date><icon src="https://m7be2.solocoo.tv/m7be2iphone/mmchan/mpimages/208x308/NjeKAOvF8N_C5RgB5H4Vtw.jpg"></icon><desc></desc><category></category></programme><programme channel="fihFodygJCOhuXOXvVoXntW565KjvZ5H3YRBfl38" start="20221124220000 +0000" stop="20221124230000 +0000" catchup-id="-Q2A_CkESfeJg9s5-qIeJW6Uv0i534BMfmPmQQyM"><title>CHILLIN'</title><date></date><icon src="https://m7be2.solocoo.tv/m7be2iphone/mmchan/mpimages/208x308/NjeKAOvF8N_C5RgB5H4Vtw.jpg"></icon><desc></desc><category></category></programme><programme channel="fihFodygJCOhuXOXvVoXntW565KjvZ5H3YRBfl38" start="20221124230000 +0000" stop="20221125060000 +0000" catchup-id="tEg0JavMAdxSs0EZkcezQSprRj-GtVEGgHNJADvk"><title>SLEEPIN'</title><date></date><icon src="https://m7be2.solocoo.tv/m7be2iphone/mmchan/mpimages/208x308/NjeKAOvF8N_C5RgB5H4Vtw.jpg"></icon><desc></desc><category></category></programme><programme channel="fihFodygJCOhuXOXvVoXntW565KjvZ5H3YRBfl38" start="20221125060000 +0000" stop="20221125100000 +0000" catchup-id="Vv4_lLlgrGJu85o5FFmL8EUzbEo7HebUGJ_NqpUt"><title>MORNIN'</title><date></date><icon src="https://m7be2.solocoo.tv/m7be2iphone/mmchan/mpimages/208x308/NjeKAOvF8N_C5RgB5H4Vtw.jpg"></icon><desc></desc><category></category></programme><programme channel="fihFodygJCOhuXOXvVoXntW565KjvZ5H3YRBfl38" start="20221125100000 +0000" stop="20221125110000 +0000" catchup-id="5dWHfY4WjIIEhQSwagtJUdhTQlw_scKcu1PPoNxD"><title>FRESH</title><date></date><icon src="https://m7be2.solocoo.tv/m7be2iphone/mmchan/mpimages/208x308/NjeKAOvF8N_C5RgB5H4Vtw.jpg"></icon><desc></desc><category></category></programme><programme channel="fihFodygJCOhuXOXvVoXntW565KjvZ5H3YRBfl38" start="20221125110000 +0000" stop="20221125140000 +0000" catchup-id="yJgKl639Hs1vZi0Ju1w-n0lOhi3xFAz6hXKoFaEp"><title>WORKIN'</title><date></date><icon src="https://m7be2.solocoo.tv/m7be2iphone/mmchan/mpimages/208x308/NjeKAOvF8N_C5RgB5H4Vtw.jpg"></icon><desc></desc><category></category></programme><programme channel="fihFodygJCOhuXOXvVoXntW565KjvZ5H3YRBfl38" start="20221125140000 +0000" stop="20221125141000 +0000" catchup-id="Moc295UXGNr-QFf4bjO0JR7C2Gb3Rxrb2BgxjvfQ"><title>TRIPLESHOT</title><date></date><icon src="https://m7be2.solocoo.tv/m7be2iphone/mmchan/mpimages/208x308/NjeKAOvF8N_C5RgB5H4Vtw.jpg"></icon><desc></desc><category></category></programme><programme channel="fihFodygJCOhuXOXvVoXntW565KjvZ5H3YRBfl38" start="20221125141000 +0000" stop="20221125170000 +0000" catchup-id="ImtszUk2JjZ4rOAKl8blIjsmEvLOQRWwH4aTgtqR"><title>WORKIN'</title><date></date><icon src="https://m7be2.solocoo.tv/m7be2iphone/mmchan/mpimages/208x308/NjeKAOvF8N_C5RgB5H4Vtw.jpg"></icon><desc></desc><category></category></programme><programme channel="fihFodygJCOhuXOXvVoXntW565KjvZ5H3YRBfl38" start="20221125170000 +0000" stop="20221125180000 +0000" catchup-id="w67hnnKKXIXsT9AFIV4rEoD41vedOSyw9tn1T8DN"><title>SPOTIFY CZECH LIST</title><date></date><icon src="https://m7be2.solocoo.tv/m7be2iphone/mmchan/mpimages/208x308/NjeKAOvF8N_C5RgB5H4Vtw.jpg"></icon><desc></desc><category></category></programme><programme channel="fihFodygJCOhuXOXvVoXntW565KjvZ5H3YRBfl38" start="20221125180000 +0000" stop="20221125190000 +0000" catchup-id="03y-eiUXWJs1tOcf8XfbaRlmyXY-EbtU9h2KPILu"><title>CZ&amp;SK</title><date></date><icon src="https://m7be2.solocoo.tv/m7be2iphone/mmchan/mpimages/208x308/Rhu74ivcpmzKSR9vwBWF3A.jpg"></icon><desc></desc><category></category></programme><programme channel="fihFodygJCOhuXOXvVoXntW565KjvZ5H3YRBfl38" start="20221125190000 +0000" stop="20221125200000 +0000" catchup-id="_Eu52RBUoA3t8AdpEuCW16G375_boncjmj40g_rt"><title>LATINO</title><date></date><icon src="https://m7be2.solocoo.tv/m7be2iphone/mmchan/mpimages/208x308/NjeKAOvF8N_C5RgB5H4Vtw.jpg"></icon><desc></desc><category></category></programme><programme channel="fihFodygJCOhuXOXvVoXntW565KjvZ5H3YRBfl38" start="20221125200000 +0000" stop="20221126000000 +0000" catchup-id="q5liXodboTPS37hjiOayeAbNqj89BoJoYQMD_rPq"><title>JUMPIN'</title><date></date><icon src="https://m7be2.solocoo.tv/m7be2iphone/mmchan/mpimages/208x308/NjeKAOvF8N_C5RgB5H4Vtw.jpg"></icon><desc></desc><category></category></programme><programme channel="fihFodygJCOhuXOXvVoXntW565KjvZ5H3YRBfl38" start="20221126000000 +0000" stop="20221126060000 +0000" catchup-id="rBXsqfISkFoa-Tcja2FLMdK3iLA385XECdECH__x"><title>SLEEPIN'</title><date></date><icon src="https://m7be2.solocoo.tv/m7be2iphone/mmchan/mpimages/208x308/NjeKAOvF8N_C5RgB5H4Vtw.jpg"></icon><desc></desc><category></category></programme><programme channel="fihFodygJCOhuXOXvVoXntW565KjvZ5H3YRBfl38" start="20221126060000 +0000" stop="20221126100000 +0000" catchup-id="_G49sb_fOCETdsAF4z9bEN8LujhnrEypOCec6-JF"><title>MORNIN'</title><date></date><icon src="https://m7be2.solocoo.tv/m7be2iphone/mmchan/mpimages/208x308/NjeKAOvF8N_C5RgB5H4Vtw.jpg"></icon><desc></desc><category></category></programme><programme channel="fihFodygJCOhuXOXvVoXntW565KjvZ5H3YRBfl38" start="20221126100000 +0000" stop="20221126101000 +0000" catchup-id="eKAel18vgql5PEnzAEi2M3OHFATGY6_27WMB2RWl"><title>TRIPLESHOT</title><date></date><icon src="https://m7be2.solocoo.tv/m7be2iphone/mmchan/mpimages/208x308/NjeKAOvF8N_C5RgB5H4Vtw.jpg"></icon><desc></desc><category></category></programme><programme channel="fihFodygJCOhuXOXvVoXntW565KjvZ5H3YRBfl38" start="20221126101000 +0000" stop="20221126110000 +0000" catchup-id="LC4MMqxEu9unyLjaW56yO4cvGC94Fdqt11SL-oZe"><title>MORNIN'</title><date></date><icon src="https://m7be2.solocoo.tv/m7be2iphone/mmchan/mpimages/208x308/NjeKAOvF8N_C5RgB5H4Vtw.jpg"></icon><desc></desc><category></category></programme><programme channel="fihFodygJCOhuXOXvVoXntW565KjvZ5H3YRBfl38" start="20221126110000 +0000" stop="20221126130000 +0000" catchup-id="MY7gKDabZQPxfvbwfy8IClDHNyemkJxWCAzBdH1o"><title>CHILLIN'</title><date></date><icon src="https://m7be2.solocoo.tv/m7be2iphone/mmchan/mpimages/208x308/NjeKAOvF8N_C5RgB5H4Vtw.jpg"></icon><desc></desc><category></category></programme><programme channel="fihFodygJCOhuXOXvVoXntW565KjvZ5H3YRBfl38" start="20221126130000 +0000" stop="20221126140000 +0000" catchup-id="3lSsDm4s2LBwA03rhPYYPz-D3yC0lv55DHceLwrm"><title>US TOP CHART</title><date></date><icon src="https://m7be2.solocoo.tv/m7be2iphone/mmchan/mpimages/208x308/NjeKAOvF8N_C5RgB5H4Vtw.jpg"></icon><desc></desc><category></category></programme><programme channel="fihFodygJCOhuXOXvVoXntW565KjvZ5H3YRBfl38" start="20221126140000 +0000" stop="20221126180000 +0000" catchup-id="1D34fHO5aCepfiA43yrpHIoPXaL4Z7ZIU8baspZm"><title>CHILLIN'</title><date></date><icon src="https://m7be2.solocoo.tv/m7be2iphone/mmchan/mpimages/260x145/NjeKAOvF8N_C5RgB5H4Vtw.jpg"></icon><desc></desc><category></category></programme><programme channel="fihFodygJCOhuXOXvVoXntW565KjvZ5H3YRBfl38" start="20221126180000 +0000" stop="20221126190000 +0000" catchup-id="QB0gwCKOod2JniZSCm7skUm4my5850XTTqUAcOTp"><title>CZ&amp;SK</title><date></date><icon src="https://m7be2.solocoo.tv/m7be2iphone/mmchan/mpimages/260x145/Rhu74ivcpmzKSR9vwBWF3A.jpg"></icon><desc></desc><category></category></programme><programme channel="fihFodygJCOhuXOXvVoXntW565KjvZ5H3YRBfl38" start="20221126190000 +0000" stop="20221126200000 +0000" catchup-id="ilX0HSkVo9dOv07vftpBrcMvmvf3AnLGkcNeNyjJ"><title>FRESH</title><date></date><icon src="https://m7be2.solocoo.tv/m7be2iphone/mmchan/mpimages/260x145/NjeKAOvF8N_C5RgB5H4Vtw.jpg"></icon><desc></desc><category></category></programme><programme channel="fihFodygJCOhuXOXvVoXntW565KjvZ5H3YRBfl38" start="20221126200000 +0000" stop="20221127000000 +0000" catchup-id="S6zFT4FLl0nHrL6aiB4UOPREwy2JjZQLeoeJbUVh"><title>JUMPIN'</title><date></date><icon src="https://m7be2.solocoo.tv/m7be2iphone/mmchan/mpimages/260x145/NjeKAOvF8N_C5RgB5H4Vtw.jpg"></icon><desc></desc><category></category></programme><programme channel="fihFodygJCOhuXOXvVoXntW565KjvZ5H3YRBfl38" start="20221127000000 +0000" stop="20221127060000 +0000" catchup-id="4Djt4u80GyWgA5f_1qUCQm4WG0tK9RTvY6V2Qvnc"><title>SLEEPIN'</title><date></date><icon src="https://m7be2.solocoo.tv/m7be2iphone/mmchan/mpimages/260x145/NjeKAOvF8N_C5RgB5H4Vtw.jpg"></icon><desc></desc><category></category></programme><programme channel="fihFodygJCOhuXOXvVoXntW565KjvZ5H3YRBfl38" start="20221127060000 +0000" stop="20221127100000 +0000" catchup-id="qa4AjwnHHCANM3VEjqzZQmoIPdaGq6wOWpDS2GPi"><title>MORNIN'</title><date></date><icon src="https://m7be2.solocoo.tv/m7be2iphone/mmchan/mpimages/260x145/NjeKAOvF8N_C5RgB5H4Vtw.jpg"></icon><desc></desc><category></category></programme><programme channel="fihFodygJCOhuXOXvVoXntW565KjvZ5H3YRBfl38" start="20221127100000 +0000" stop="20221127110000 +0000" catchup-id="NnEIGcbT7JVhf2ZzsfXnZi8JOsLXYEj_gw8D_vnH"><title>SPOTIFY CZECH LIST</title><date></date><icon src="https://m7be2.solocoo.tv/m7be2iphone/mmchan/mpimages/260x145/NjeKAOvF8N_C5RgB5H4Vtw.jpg"></icon><desc></desc><category></category></programme><programme channel="fihFodygJCOhuXOXvVoXntW565KjvZ5H3YRBfl38" start="20221127110000 +0000" stop="20221127130000 +0000" catchup-id="3H6HzL9B2mkdFhd2aNShZeaV8aAqCxTPtji0ISVH"><title>CHILLIN'</title><date></date><icon src="https://m7be2.solocoo.tv/m7be2iphone/mmchan/mpimages/260x145/NjeKAOvF8N_C5RgB5H4Vtw.jpg"></icon><desc></desc><category></category></programme><programme channel="fihFodygJCOhuXOXvVoXntW565KjvZ5H3YRBfl38" start="20221127130000 +0000" stop="20221127140000 +0000" catchup-id="VSh-JXiMOE4wZ_PAsP3Keq9LQc-F0hY9z4-vmzpN"><title>ÓČKO BLACK LIST</title><date></date><icon src="https://m7be2.solocoo.tv/m7be2iphone/mmchan/mpimages/260x145/NjeKAOvF8N_C5RgB5H4Vtw.jpg"></icon><desc></desc><category></category></programme><programme channel="fihFodygJCOhuXOXvVoXntW565KjvZ5H3YRBfl38" start="20221127140000 +0000" stop="20221127150000 +0000" catchup-id="a31MQW7Fq3NsEfmScJngNKLQv_HbE2ww-DLHOJZ-"><title>CHILLIN'</title><date></date><icon src="https://m7be2.solocoo.tv/m7be2iphone/mmchan/mpimages/260x145/NjeKAOvF8N_C5RgB5H4Vtw.jpg"></icon><desc></desc><category></category></programme><programme channel="fihFodygJCOhuXOXvVoXntW565KjvZ5H3YRBfl38" start="20221127150000 +0000" stop="20221127151000 +0000" catchup-id="o2_2Rh-A8iQ4EZVjRw7e7mKBv9iCLX0UkXxmARV2"><title>TRIPLESHOT</title><date></date><icon src="https://m7be2.solocoo.tv/m7be2iphone/mmchan/mpimages/260x145/NjeKAOvF8N_C5RgB5H4Vtw.jpg"></icon><desc></desc><category></category></programme><programme channel="fihFodygJCOhuXOXvVoXntW565KjvZ5H3YRBfl38" start="20221127151000 +0000" stop="20221127180000 +0000" catchup-id="9R1LkZSTgnLSG96muWONCtb_4EHOF1MOH5fY8TAb"><title>CHILLIN'</title><date></date><icon src="https://m7be2.solocoo.tv/m7be2iphone/mmchan/mpimages/260x145/NjeKAOvF8N_C5RgB5H4Vtw.jpg"></icon><desc></desc><category></category></programme><programme channel="fihFodygJCOhuXOXvVoXntW565KjvZ5H3YRBfl38" start="20221127180000 +0000" stop="20221127190000 +0000" catchup-id="VfTPyeOLJJM2JX8oqwG1yNPK2Ip1_KMU58g4VS3G"><title>CZ&amp;SK</title><date></date><icon src="https://m7be2.solocoo.tv/m7be2iphone/mmchan/mpimages/260x145/Rhu74ivcpmzKSR9vwBWF3A.jpg"></icon><desc></desc><category></category></programme><programme channel="fihFodygJCOhuXOXvVoXntW565KjvZ5H3YRBfl38" start="20221127190000 +0000" stop="20221127200000 +0000" catchup-id="8LMMJH4E4zTIkwASS2jqAobOHEbmFE0PDHQK4T_l"><title>ROOTS</title><date></date><icon src="https://m7be2.solocoo.tv/m7be2iphone/mmchan/mpimages/260x145/NjeKAOvF8N_C5RgB5H4Vtw.jpg"></icon><desc></desc><category></category></programme><programme channel="fihFodygJCOhuXOXvVoXntW565KjvZ5H3YRBfl38" start="20221127200000 +0000" stop="20221127230000 +0000" catchup-id="t4jcgm6pTuN9P9dkpTDAXqY9XBp3LSat7IPkmQP7"><title>CHILLIN'</title><date></date><icon src="https://m7be2.solocoo.tv/m7be2iphone/mmchan/mpimages/260x145/NjeKAOvF8N_C5RgB5H4Vtw.jpg"></icon><desc></desc><category></category></programme><programme channel="fihFodygJCOhuXOXvVoXntW565KjvZ5H3YRBfl38" start="20221127230000 +0000" stop="20221128060000 +0000" catchup-id="6jJmC3hx3tdQ88bWT1g4gjlBBdbTqKuBBWDRURXu"><title>SLEEPIN'</title><date></date><icon src="https://m7be2.solocoo.tv/m7be2iphone/mmchan/mpimages/260x145/NjeKAOvF8N_C5RgB5H4Vtw.jpg"></icon><desc></desc><category></category></programme><programme channel="fihFodygJCOhuXOXvVoXntW565KjvZ5H3YRBfl38" start="20221128060000 +0000" stop="20221128100000 +0000" catchup-id="RFa-mzHYFOHxBC3bwcGkDsdJJ17J51y3FsXd_gqj"><title>MORNIN'</title><date></date><icon src="https://m7be2.solocoo.tv/m7be2iphone/mmchan/mpimages/260x145/NjeKAOvF8N_C5RgB5H4Vtw.jpg"></icon><desc></desc><category></category></programme><programme channel="fihFodygJCOhuXOXvVoXntW565KjvZ5H3YRBfl38" start="20221128100000 +0000" stop="20221128110000 +0000" catchup-id="gy3-GVx9uss4ydgvKZCK4sWAy70LiL-gaGcbWl2B"><title>LATINO</title><date></date><icon src="https://m7be2.solocoo.tv/m7be2iphone/mmchan/mpimages/260x145/NjeKAOvF8N_C5RgB5H4Vtw.jpg"></icon><desc></desc><category></category></programme><programme channel="fihFodygJCOhuXOXvVoXntW565KjvZ5H3YRBfl38" start="20221128110000 +0000" stop="20221128180000 +0000" catchup-id="MyFxu1UIzq2IhwPpWdiEqS0BlgWcMqanJrzsSQj5"><title>WORKIN'</title><date></date><icon src="https://m7be2.solocoo.tv/m7be2iphone/mmchan/mpimages/260x145/NjeKAOvF8N_C5RgB5H4Vtw.jpg"></icon><desc></desc><category></category></programme><programme channel="fihFodygJCOhuXOXvVoXntW565KjvZ5H3YRBfl38" start="20221128180000 +0000" stop="20221128190000 +0000" catchup-id="XBen2D3pTlBq-8PVrb_pqcvOsTknNgClkuSwmu8W"><title>CZ&amp;SK</title><date></date><icon src="https://m7be2.solocoo.tv/m7be2iphone/mmchan/mpimages/260x145/Rhu74ivcpmzKSR9vwBWF3A.jpg"></icon><desc></desc><category></category></programme><programme channel="fihFodygJCOhuXOXvVoXntW565KjvZ5H3YRBfl38" start="20221128190000 +0000" stop="20221128200000 +0000" catchup-id="aLr6fuJ_feoPPXU7IB7xmwYZx7z096AmKbbtKhVL"><title>TRUESCHOOL</title><date></date><icon src="https://m7be2.solocoo.tv/m7be2iphone/mmchan/mpimages/260x145/NjeKAOvF8N_C5RgB5H4Vtw.jpg"></icon><desc></desc><category></category></programme><programme channel="fihFodygJCOhuXOXvVoXntW565KjvZ5H3YRBfl38" start="20221128200000 +0000" stop="20221128210000 +0000" catchup-id="Yi8eYvh9KRWWRDk-OLcQgZaAJqGmBNsRpv2e_eLm"><title>O BLACK TALK</title><date></date><icon src="https://m7be2.solocoo.tv/m7be2iphone/mmchan/mpimages/260x145/NjeKAOvF8N_C5RgB5H4Vtw.jpg"></icon><desc></desc><category></category></programme><programme channel="fihFodygJCOhuXOXvVoXntW565KjvZ5H3YRBfl38" start="20221128210000 +0000" stop="20221128230000 +0000" catchup-id="Htre_a9VKV4nTiUA7NKYOw1Do4gNEdkCdlwDYGSi"><title>CHILLIN'</title><date></date><icon src="https://m7be2.solocoo.tv/m7be2iphone/mmchan/mpimages/260x145/NjeKAOvF8N_C5RgB5H4Vtw.jpg"></icon><desc></desc><category></category></programme><programme channel="fihFodygJCOhuXOXvVoXntW565KjvZ5H3YRBfl38" start="20221128230000 +0000" stop="20221129060000 +0000" catchup-id="deYVJS4vxYkxAm3bojtk77FGBgLvAmsc2a4wqtQS"><title>SLEEPIN'</title><date></date><icon src="https://m7be2.solocoo.tv/m7be2iphone/mmchan/mpimages/260x145/NjeKAOvF8N_C5RgB5H4Vtw.jpg"></icon><desc></desc><category></category></programme><programme channel="fihFodygJCOhuXOXvVoXntW565KjvZ5H3YRBfl38" start="20221129060000 +0000" stop="20221129100000 +0000" catchup-id="DQtbGtzqrptWQIlDWHGSEffdnQVsxUypaYRBDYrw"><title>MORNIN'</title><date></date><icon src="https://m7be2.solocoo.tv/m7be2iphone/mmchan/mpimages/260x145/NjeKAOvF8N_C5RgB5H4Vtw.jpg"></icon><desc></desc><category></category></programme><programme channel="fihFodygJCOhuXOXvVoXntW565KjvZ5H3YRBfl38" start="20221129100000 +0000" stop="20221129110000 +0000" catchup-id="rRt_UBfHIaSIlB0FXeKvg2PqSGRHO6kgPlwiwFZ0"><title>TRUESCHOOL</title><date></date><icon src="https://m7be2.solocoo.tv/m7be2iphone/mmchan/mpimages/260x145/NjeKAOvF8N_C5RgB5H4Vtw.jpg"></icon><desc></desc><category></category></programme><programme channel="fihFodygJCOhuXOXvVoXntW565KjvZ5H3YRBfl38" start="20221129110000 +0000" stop="20221129180000 +0000" catchup-id="KDZXscyymgeGlbVaexDiduUkmyOXH4bwcinyfk1b"><title>WORKIN'</title><date></date><icon src="https://m7be2.solocoo.tv/m7be2iphone/mmchan/mpimages/260x145/NjeKAOvF8N_C5RgB5H4Vtw.jpg"></icon><desc></desc><category></category></programme><programme channel="fihFodygJCOhuXOXvVoXntW565KjvZ5H3YRBfl38" start="20221129180000 +0000" stop="20221129190000 +0000" catchup-id="BNPmlQ-QKFcsU9YDdjz9zOAnAkr_Z9S60PL8dLyC"><title>CZ&amp;SK</title><date></date><icon src="https://m7be2.solocoo.tv/m7be2iphone/mmchan/mpimages/260x145/Rhu74ivcpmzKSR9vwBWF3A.jpg"></icon><desc></desc><category></category></programme><programme channel="fihFodygJCOhuXOXvVoXntW565KjvZ5H3YRBfl38" start="20221129190000 +0000" stop="20221129200000 +0000" catchup-id="Kmcf6s5YwKyxyo8BpOuTG0nPOYMgo3FoUQd5zPjn"><title>GRIME TIME</title><date></date><icon src="https://m7be2.solocoo.tv/m7be2iphone/mmchan/mpimages/260x145/NjeKAOvF8N_C5RgB5H4Vtw.jpg"></icon><desc></desc><category></category></programme><programme channel="fihFodygJCOhuXOXvVoXntW565KjvZ5H3YRBfl38" start="20221129200000 +0000" stop="20221129210000 +0000" catchup-id="EnK4DtbkHdq7KMXHO4Oct4W8mRWw0EShh9RcSE63"><title>ÓČKO BLACK LIST</title><date></date><icon src="https://m7be2.solocoo.tv/m7be2iphone/mmchan/mpimages/260x145/NjeKAOvF8N_C5RgB5H4Vtw.jpg"></icon><desc></desc><category></category></programme><programme channel="fihFodygJCOhuXOXvVoXntW565KjvZ5H3YRBfl38" start="20221129210000 +0000" stop="20221129220000 +0000" catchup-id="E1Zt2w8aG0cc1aziZ809yPpJgZLTDhvPQ8B9r3F1"><title>REWIND! 5. ELEMENT</title><date></date><icon src="https://m7be2.solocoo.tv/m7be2iphone/mmchan/mpimages/260x145/KRPi9zWjunw6VvSIMGq66Q.jpg"></icon><desc></desc><category></category></programme><programme channel="fihFodygJCOhuXOXvVoXntW565KjvZ5H3YRBfl38" start="20221129220000 +0000" stop="20221129230000 +0000" catchup-id="O20IP6QSaf4vmWmlmo0eUJwSPm4uOEvfFpnSL3e5"><title>O BLACK TALK</title><date></date><icon src="https://m7be2.solocoo.tv/m7be2iphone/mmchan/mpimages/260x145/NjeKAOvF8N_C5RgB5H4Vtw.jpg"></icon><desc></desc><category></category></programme><programme channel="fihFodygJCOhuXOXvVoXntW565KjvZ5H3YRBfl38" start="20221129230000 +0000" stop="20221130060000 +0000" catchup-id="SsNzFRVT-vmlJCeU55ZuhWXpJ5Rj8gzDmbVz6_Tt"><title>SLEEPIN'</title><date></date><icon src="https://m7be2.solocoo.tv/m7be2iphone/mmchan/mpimages/260x145/NjeKAOvF8N_C5RgB5H4Vtw.jpg"></icon><desc></desc><category></category></programme><programme channel="fihFodygJCOhuXOXvVoXntW565KjvZ5H3YRBfl38" start="20221130060000 +0000" stop="20221130100000 +0000" catchup-id="MUwhlUUVjZd81XfMv6I4u3cWVm_taKcK2HapmosI"><title>MORNIN'</title><date></date><icon src="https://m7be2.solocoo.tv/m7be2iphone/mmchan/mpimages/260x145/NjeKAOvF8N_C5RgB5H4Vtw.jpg"></icon><desc></desc><category></category></programme><programme channel="fihFodygJCOhuXOXvVoXntW565KjvZ5H3YRBfl38" start="20221130100000 +0000" stop="20221130110000 +0000" catchup-id="0B-vZ2ZG-D_Z5A4LAtUDmPUM49b0RBvg0PxgDwdW"><title>GRIME TIME</title><date></date><icon src="https://m7be2.solocoo.tv/m7be2iphone/mmchan/mpimages/260x145/NjeKAOvF8N_C5RgB5H4Vtw.jpg"></icon><desc></desc><category></category></programme><programme channel="fihFodygJCOhuXOXvVoXntW565KjvZ5H3YRBfl38" start="20221130110000 +0000" stop="20221130170000 +0000" catchup-id="2mJZ_dwy427gKszXBiNBhDkYCMTM8fkIWlPgNGXC"><title>WORKIN'</title><date></date><icon src="https://m7be2.solocoo.tv/m7be2iphone/mmchan/mpimages/260x145/NjeKAOvF8N_C5RgB5H4Vtw.jpg"></icon><desc></desc><category></category></programme><programme channel="fihFodygJCOhuXOXvVoXntW565KjvZ5H3YRBfl38" start="20221130170000 +0000" stop="20221130171000 +0000" catchup-id="MR4WDRn1DSs7uiVxuUA3wf4Qg4_-0jfeKz1UQGcc"><title>TRIPLESHOT</title><date></date><icon src="https://m7be2.solocoo.tv/m7be2iphone/mmchan/mpimages/260x145/NjeKAOvF8N_C5RgB5H4Vtw.jpg"></icon><desc></desc><category></category></programme><programme channel="fihFodygJCOhuXOXvVoXntW565KjvZ5H3YRBfl38" start="20221130171000 +0000" stop="20221130180000 +0000" catchup-id="sli_LkxJoDCgS1oQUC7J2-z93ictRibFOzHMQiO9"><title>WORKIN'</title><date></date><icon src="https://m7be2.solocoo.tv/m7be2iphone/mmchan/mpimages/260x145/NjeKAOvF8N_C5RgB5H4Vtw.jpg"></icon><desc></desc><category></category></programme><programme channel="fihFodygJCOhuXOXvVoXntW565KjvZ5H3YRBfl38" start="20221130180000 +0000" stop="20221130190000 +0000" catchup-id="2fSLRY294BVjvruUXSARfPEmDFe3R1nxfMfEg6Uw"><title>SPOTIFY CZECH LIST</title><date></date><icon src="https://m7be2.solocoo.tv/m7be2iphone/mmchan/mpimages/260x145/NjeKAOvF8N_C5RgB5H4Vtw.jpg"></icon><desc></desc><category></category></programme><programme channel="fihFodygJCOhuXOXvVoXntW565KjvZ5H3YRBfl38" start="20221130190000 +0000" stop="20221130200000 +0000" catchup-id="pFUIUQVsfsEMcaP-Eh9GOUp-ygcPVmaMCu-Azehw"><title>R&amp;B JAMMIN'</title><date></date><icon src="https://m7be2.solocoo.tv/m7be2iphone/mmchan/mpimages/260x145/NjeKAOvF8N_C5RgB5H4Vtw.jpg"></icon><desc></desc><category></category></programme><programme channel="fihFodygJCOhuXOXvVoXntW565KjvZ5H3YRBfl38" start="20221130200000 +0000" stop="20221130210000 +0000" catchup-id="ozKQcqGpmD4zWHJNBCuqGS2Dj66UUQJrzdPs32MJ"><title>O BLACK TALK</title><date></date><icon src="https://m7be2.solocoo.tv/m7be2iphone/mmchan/mpimages/260x145/NjeKAOvF8N_C5RgB5H4Vtw.jpg"></icon><desc></desc><category></category></programme><programme channel="fihFodygJCOhuXOXvVoXntW565KjvZ5H3YRBfl38" start="20221130210000 +0000" stop="20221130220000 +0000" catchup-id="a-OGWE_MAm5H0gvq4dZsfBezwSYfDsFT33DU5HyL"><title>CHILLIN'</title><date></date><icon src="https://m7be2.solocoo.tv/m7be2iphone/mmchan/mpimages/260x145/NjeKAOvF8N_C5RgB5H4Vtw.jpg"></icon><desc></desc><category></category></programme><programme channel="fihFodygJCOhuXOXvVoXntW565KjvZ5H3YRBfl38" start="20221130220000 +0000" stop="20221130230000 +0000" catchup-id="I0nMrFzN6FyCvNBpuDcMxqb8tNRwkc7p9c18KrAq"><title>REWIND! 5. ELEMENT</title><date></date><icon src="https://m7be2.solocoo.tv/m7be2iphone/mmchan/mpimages/260x145/KRPi9zWjunw6VvSIMGq66Q.jpg"></icon><desc></desc><category></category></programme><programme channel="fihFodygJCOhuXOXvVoXntW565KjvZ5H3YRBfl38" start="20221130230000 +0000" stop="20221201060000 +0000" catchup-id="J0qrxeE9Y2w_hUQQeRRqplCOckJuqBCSJhId5R2r"><title>SLEEPIN'</title><date></date><icon src="https://m7be2.solocoo.tv/m7be2iphone/mmchan/mpimages/260x145/NjeKAOvF8N_C5RgB5H4Vtw.jpg"></icon><desc></desc><category></category></programme><programme channel="fihFodygJCOhuXOXvVoXntW565KjvZ5H3YRBfl38" start="20221201060000 +0000" stop="20221201100000 +0000" catchup-id="HhG4FxE16aOgOBrcF15sltRp7YLZYCA0lh7IH0ie"><title>MORNIN'</title><date></date><icon src="https://m7be2.solocoo.tv/m7be2iphone/mmchan/mpimages/260x145/NjeKAOvF8N_C5RgB5H4Vtw.jpg"></icon><desc></desc><category></category></programme><programme channel="fihFodygJCOhuXOXvVoXntW565KjvZ5H3YRBfl38" start="20221201100000 +0000" stop="20221201110000 +0000" catchup-id="cyUzgjH9LYp7c-OFSG2TYpiaA6gMcSZ15D9eauol"><title>R&amp;B JAMMIN'</title><date></date><icon src="https://m7be2.solocoo.tv/m7be2iphone/mmchan/mpimages/260x145/NjeKAOvF8N_C5RgB5H4Vtw.jpg"></icon><desc></desc><category></category></programme><programme channel="fihFodygJCOhuXOXvVoXntW565KjvZ5H3YRBfl38" start="20221201110000 +0000" stop="20221201130000 +0000" catchup-id="mqWQ27cEF56_YRDQsXyQaSOCAFpT1Kg5c_HDxNDr"><title>WORKIN'</title><date></date><icon src="https://m7be2.solocoo.tv/m7be2iphone/mmchan/mpimages/260x145/NjeKAOvF8N_C5RgB5H4Vtw.jpg"></icon><desc></desc><category></category></programme><programme channel="fihFodygJCOhuXOXvVoXntW565KjvZ5H3YRBfl38" start="20221201130000 +0000" stop="20221201131000 +0000" catchup-id="NFUC9ClxBgWTGkbAfjGz9GWHfgyFbAj6ckeYnPOj"><title>TRIPLESHOT</title><date></date><icon src="https://m7be2.solocoo.tv/m7be2iphone/mmchan/mpimages/260x145/NjeKAOvF8N_C5RgB5H4Vtw.jpg"></icon><desc></desc><category></category></programme><programme channel="fihFodygJCOhuXOXvVoXntW565KjvZ5H3YRBfl38" start="20221201131000 +0000" stop="20221201180000 +0000" catchup-id="I4Qd8ZXWl7BUEJDM2xRF2_wF_7hlM-qt_1VgPEnX"><title>WORKIN'</title><date></date><icon src="https://m7be2.solocoo.tv/m7be2iphone/mmchan/mpimages/260x145/NjeKAOvF8N_C5RgB5H4Vtw.jpg"></icon><desc></desc><category></category></programme><programme channel="fihFodygJCOhuXOXvVoXntW565KjvZ5H3YRBfl38" start="20221201180000 +0000" stop="20221201190000 +0000" catchup-id="qiZbyzu6iKT8_fC9vrCs0jy9yuof6oKxCKd2h0wR"><title>O BLACK TALK</title><date></date><icon src="https://m7be2.solocoo.tv/m7be2iphone/mmchan/mpimages/260x145/NjeKAOvF8N_C5RgB5H4Vtw.jpg"></icon><desc></desc><category></category></programme><programme channel="fihFodygJCOhuXOXvVoXntW565KjvZ5H3YRBfl38" start="20221201190000 +0000" stop="20221201200000 +0000" catchup-id="YH3ue2wgw2uVYPrblGA1SGuzQ3jDuaF7wiiyxdxs"><title>FRESH</title><date></date><icon src="https://m7be2.solocoo.tv/m7be2iphone/mmchan/mpimages/260x145/NjeKAOvF8N_C5RgB5H4Vtw.jpg"></icon><desc></desc><category></category></programme><programme channel="fihFodygJCOhuXOXvVoXntW565KjvZ5H3YRBfl38" start="20221201200000 +0000" stop="20221201210000 +0000" catchup-id="JZWvnQ12Ids5C3ZUDDGQrT5JYaUzSxK1SSvj6gBU"><title>CHILLIN'</title><date></date><icon src="https://m7be2.solocoo.tv/m7be2iphone/mmchan/mpimages/260x145/NjeKAOvF8N_C5RgB5H4Vtw.jpg"></icon><desc></desc><category></category></programme><programme channel="fihFodygJCOhuXOXvVoXntW565KjvZ5H3YRBfl38" start="20221201210000 +0000" stop="20221201220000 +0000" catchup-id="RnyUAniIW9jozEArLmz9QdAHK0yQFx5ty4R1sCoz"><title>ROOTS</title><date></date><icon src="https://m7be2.solocoo.tv/m7be2iphone/mmchan/mpimages/260x145/NjeKAOvF8N_C5RgB5H4Vtw.jpg"></icon><desc></desc><category></category></programme><programme channel="fihFodygJCOhuXOXvVoXntW565KjvZ5H3YRBfl38" start="20221201220000 +0000" stop="20221201230000 +0000" catchup-id="E-yFn4XwsurO7qZDCxnfQ9bIj9Qo0IXhp13WYVmU"><title>CHILLIN'</title><date></date><icon src="https://m7be2.solocoo.tv/m7be2iphone/mmchan/mpimages/260x145/NjeKAOvF8N_C5RgB5H4Vtw.jpg"></icon><desc></desc><category></category></programme><programme channel="fihFodygJCOhuXOXvVoXntW565KjvZ5H3YRBfl38" start="20221201230000 +0000" stop="20221202060000 +0000" catchup-id="z-xt43OVlZ5TQ5aABsuEPSoj5sAi7yCVRba73W2V"><title>SLEEPIN'</title><date></date><icon src="https://m7be2.solocoo.tv/m7be2iphone/mmchan/mpimages/260x145/NjeKAOvF8N_C5RgB5H4Vtw.jpg"></icon><desc></desc><category></category></programme><programme channel="fihFodygJCOhuXOXvVoXntW565KjvZ5H3YRBfl38" start="20221202060000 +0000" stop="20221202100000 +0000" catchup-id="CttAiFK56vVznHEJNqiouKAit5mbvV0L5st6MrxF"><title>MORNIN'</title><date></date><icon src="https://m7be2.solocoo.tv/m7be2iphone/mmchan/mpimages/260x145/NjeKAOvF8N_C5RgB5H4Vtw.jpg"></icon><desc></desc><category></category></programme><programme channel="fihFodygJCOhuXOXvVoXntW565KjvZ5H3YRBfl38" start="20221202100000 +0000" stop="20221202110000 +0000" catchup-id="o-QylG55u4Wvb4i-9dy7ziP8EIVyfE8IvEL3uoRG"><title>FRESH</title><date></date><icon src="https://m7be2.solocoo.tv/m7be2iphone/mmchan/mpimages/260x145/NjeKAOvF8N_C5RgB5H4Vtw.jpg"></icon><desc></desc><category></category></programme><programme channel="fihFodygJCOhuXOXvVoXntW565KjvZ5H3YRBfl38" start="20221202110000 +0000" stop="20221202140000 +0000" catchup-id="i5edNqq8l9BnpX8-vznQOOCfB3YXhPDzL2M_pcDi"><title>WORKIN'</title><date></date><icon src="https://m7be2.solocoo.tv/m7be2iphone/mmchan/mpimages/260x145/NjeKAOvF8N_C5RgB5H4Vtw.jpg"></icon><desc></desc><category></category></programme><programme channel="fihFodygJCOhuXOXvVoXntW565KjvZ5H3YRBfl38" start="20221202140000 +0000" stop="20221202141000 +0000" catchup-id="fxiUSk0kIwKww3H-EU6phXfS5Bd-Zl-nBZFN-kOp"><title>TRIPLESHOT</title><date></date><icon src="https://m7be2.solocoo.tv/m7be2iphone/mmchan/mpimages/260x145/NjeKAOvF8N_C5RgB5H4Vtw.jpg"></icon><desc></desc><category></category></programme><programme channel="fihFodygJCOhuXOXvVoXntW565KjvZ5H3YRBfl38" start="20221202141000 +0000" stop="20221202170000 +0000" catchup-id="q-DgaKSPLmCW4OTeD1K_RJbU5AX-CRD52ebJzt0K"><title>WORKIN'</title><date></date><icon src="https://m7be2.solocoo.tv/m7be2iphone/mmchan/mpimages/260x145/NjeKAOvF8N_C5RgB5H4Vtw.jpg"></icon><desc></desc><category></category></programme><programme channel="fihFodygJCOhuXOXvVoXntW565KjvZ5H3YRBfl38" start="20221202170000 +0000" stop="20221202180000 +0000" catchup-id="Ae0w8nkBiQC5_b0J5qywjXmGXecJ0-_-B0JHaPHP"><title>SPOTIFY CZECH LIST</title><date></date><icon src="https://m7be2.solocoo.tv/m7be2iphone/mmchan/mpimages/260x145/NjeKAOvF8N_C5RgB5H4Vtw.jpg"></icon><desc></desc><category></category></programme><programme channel="fihFodygJCOhuXOXvVoXntW565KjvZ5H3YRBfl38" start="20221202180000 +0000" stop="20221202190000 +0000" catchup-id="Ss5PfMud-SHVU98jiFKgV2rlnw-AkceFZXvjGMdK"><title>CZ&amp;SK</title><date></date><icon src="https://m7be2.solocoo.tv/m7be2iphone/mmchan/mpimages/260x145/Rhu74ivcpmzKSR9vwBWF3A.jpg"></icon><desc></desc><category></category></programme><programme channel="fihFodygJCOhuXOXvVoXntW565KjvZ5H3YRBfl38" start="20221202190000 +0000" stop="20221202200000 +0000" catchup-id="MfamFfgev53TN14MIBs4I56bsaGSB7typubctwNH"><title>O BLACK TALK</title><date></date><icon src="https://m7be2.solocoo.tv/m7be2iphone/mmchan/mpimages/260x145/NjeKAOvF8N_C5RgB5H4Vtw.jpg"></icon><desc></desc><category></category></programme><programme channel="fihFodygJCOhuXOXvVoXntW565KjvZ5H3YRBfl38" start="20221202200000 +0000" stop="20221203000000 +0000" catchup-id="6ELwnRpshSSLHfnkSo_NsvvfMtJHAl5HUAwbpvAT"><title>JUMPIN'</title><date></date><icon src="https://m7be2.solocoo.tv/m7be2iphone/mmchan/mpimages/260x145/NjeKAOvF8N_C5RgB5H4Vtw.jpg"></icon><desc></desc><category></category></programme><programme channel="fihFodygJCOhuXOXvVoXntW565KjvZ5H3YRBfl38" start="20221203000000 +0000" stop="20221203060000 +0000" catchup-id="_2dZ7NVzwFUKruYZDY6NOdIa5f-nB3I4sqFDU_9V"><title>SLEEPIN'</title><date></date><icon src="https://m7be2.solocoo.tv/m7be2iphone/mmchan/mpimages/260x145/NjeKAOvF8N_C5RgB5H4Vtw.jpg"></icon><desc></desc><category></category></programme><programme channel="fihFodygJCOhuXOXvVoXntW565KjvZ5H3YRBfl38" start="20221203060000 +0000" stop="20221203100000 +0000" catchup-id="LV6VfAIpVKitnrUzQ3iYnASW2-gkQhxSslsv95pi"><title>MORNIN'</title><date></date><icon src="https://m7be2.solocoo.tv/m7be2iphone/mmchan/mpimages/260x145/NjeKAOvF8N_C5RgB5H4Vtw.jpg"></icon><desc></desc><category></category></programme><programme channel="fihFodygJCOhuXOXvVoXntW565KjvZ5H3YRBfl38" start="20221203100000 +0000" stop="20221203101000 +0000" catchup-id="9kSmYCIZkEK8ASrboklSi10gQlUjYQYn9e3_0_2Y"><title>TRIPLESHOT</title><date></date><icon src="https://m7be2.solocoo.tv/m7be2iphone/mmchan/mpimages/260x145/NjeKAOvF8N_C5RgB5H4Vtw.jpg"></icon><desc></desc><category></category></programme><programme channel="fihFodygJCOhuXOXvVoXntW565KjvZ5H3YRBfl38" start="20221203101000 +0000" stop="20221203110000 +0000" catchup-id="pLeLKq8YU2Bnrhq-1-jGW_sdeDzbDz8KMzBpgYTJ"><title>MORNIN'</title><date></date><icon src="https://m7be2.solocoo.tv/m7be2iphone/mmchan/mpimages/260x145/NjeKAOvF8N_C5RgB5H4Vtw.jpg"></icon><desc></desc><category></category></programme><programme channel="fihFodygJCOhuXOXvVoXntW565KjvZ5H3YRBfl38" start="20221203110000 +0000" stop="20221203130000 +0000" catchup-id="PBqiHS1DdH7IpTNw_W_Sp9MPVjBK1LO1sLTxdkRf"><title>CHILLIN'</title><date></date><icon src="https://m7be2.solocoo.tv/m7be2iphone/mmchan/mpimages/260x145/NjeKAOvF8N_C5RgB5H4Vtw.jpg"></icon><desc></desc><category></category></programme><programme channel="fihFodygJCOhuXOXvVoXntW565KjvZ5H3YRBfl38" start="20221203130000 +0000" stop="20221203140000 +0000" catchup-id="1JTDgIGCynuzOFThBbjOU3qxa76xVt9qHogqTLPe"><title>US TOP CHART</title><date></date><icon src="https://m7be2.solocoo.tv/m7be2iphone/mmchan/mpimages/260x145/NjeKAOvF8N_C5RgB5H4Vtw.jpg"></icon><desc></desc><category></category></programme><programme channel="fihFodygJCOhuXOXvVoXntW565KjvZ5H3YRBfl38" start="20221203140000 +0000" stop="20221203160000 +0000" catchup-id="mzEv9vvu6wCdXaa7M7krdr4AAYXTpCAYwc4rfGva"><title>CHILLIN'</title><date></date><icon src="https://m7be2.solocoo.tv/m7be2iphone/mmchan/mpimages/260x145/NjeKAOvF8N_C5RgB5H4Vtw.jpg"></icon><desc></desc><category></category></programme><programme channel="fihFodygJCOhuXOXvVoXntW565KjvZ5H3YRBfl38" start="20221203160000 +0000" stop="20221203170000 +0000" catchup-id="OE7fVjSWsnSKT0YnPCQSvI-S0mV_g5C57Vsjn0RJ"><title>O BLACK TALK</title><date></date><icon src="https://m7be2.solocoo.tv/m7be2iphone/mmchan/mpimages/260x145/NjeKAOvF8N_C5RgB5H4Vtw.jpg"></icon><desc></desc><category></category></programme><programme channel="fihFodygJCOhuXOXvVoXntW565KjvZ5H3YRBfl38" start="20221203170000 +0000" stop="20221203190000 +0000" catchup-id="b3kWtEsT45CpHnQE2QsNh7t1BZOjEsFK0RzfK-_w"><title>CHILLIN'</title><date></date><icon src="https://m7be2.solocoo.tv/m7be2iphone/mmchan/mpimages/260x145/NjeKAOvF8N_C5RgB5H4Vtw.jpg"></icon><desc></desc><category></category></programme><programme channel="fihFodygJCOhuXOXvVoXntW565KjvZ5H3YRBfl38" start="20221203190000 +0000" stop="20221203200000 +0000" catchup-id="8XBKp_qFalhM57v5M_6Dmz-iCplvKuw1J42fRJAv"><title>FRESH</title><date></date><icon src="https://m7be2.solocoo.tv/m7be2iphone/mmchan/mpimages/260x145/NjeKAOvF8N_C5RgB5H4Vtw.jpg"></icon><desc></desc><category></category></programme><programme channel="fihFodygJCOhuXOXvVoXntW565KjvZ5H3YRBfl38" start="20221203200000 +0000" stop="20221204000000 +0000" catchup-id="8os-0PsTP48fmCrXcsQabhv2OiGBXMsfGwU_2EDV"><title>JUMPIN'</title><date></date><icon src="https://m7be2.solocoo.tv/m7be2iphone/mmchan/mpimages/260x145/NjeKAOvF8N_C5RgB5H4Vtw.jpg"></icon><desc></desc><category></category></programme>