<programme channel="o73NpJY2tTyCcy_EDHmUHyApTZd4YV9pPCGxUVGz" start="20221119001000 +0000" stop="20221119005000 +0000" catchup-id="z7zg-p40rhpoGut1ugfxxnxUdCc9oFXADpSNDysS"><title>Escort N5 Part 2</title><date></date><icon src="https://m7be2.solocoo.tv/m7be2iphone/mmchan/mpimages/208x308/r8pAvzsI3Ck3CeaiHj5EHg.jpg"></icon><desc></desc><category></category></programme><programme channel="o73NpJY2tTyCcy_EDHmUHyApTZd4YV9pPCGxUVGz" start="20221119005000 +0000" stop="20221119022000 +0000" catchup-id="uPATnpBfh-3Sy24tMVmiVo4skAmXeKZoEMJQTzta"><title>I Killed My BFF: The Preacher's Daughter</title><date></date><icon src="https://m7be2.solocoo.tv/m7be2iphone/mmchan/mpimages/208x308/Rrri3Lyztf7WN-D50yIYAQ.jpg"></icon><desc></desc><category></category></programme><programme channel="o73NpJY2tTyCcy_EDHmUHyApTZd4YV9pPCGxUVGz" start="20221119022000 +0000" stop="20221119035500 +0000" catchup-id="M-3Jkh9nI1Z5KAPv2CT-3uAdMAnknO5j4U-Nic14"><title>The Wrong Babysitter</title><date></date><icon src="https://m7be2.solocoo.tv/m7be2iphone/mmchan/mpimages/208x308/MRLrBiAskMRruhlb4BFRkA.jpg"></icon><desc></desc><category></category></programme><programme channel="o73NpJY2tTyCcy_EDHmUHyApTZd4YV9pPCGxUVGz" start="20221119035500 +0000" stop="20221119053000 +0000" catchup-id="ULjSuHqC2FYR1PfnXl9shBHirb42vUYcJNGzjcky"><title>Dying for the Crown</title><date></date><icon src="https://m7be2.solocoo.tv/m7be2iphone/mmchan/mpimages/208x308/3axX9nEFO8_B4yCevWwC0w.jpg"></icon><desc></desc><category></category></programme><programme channel="o73NpJY2tTyCcy_EDHmUHyApTZd4YV9pPCGxUVGz" start="20221119053000 +0000" stop="20221119070500 +0000" catchup-id="n-0WMQ5JQ1oY__4gi-_UU42RO-bOGb6wTtIz6fNC"><title>Heksje Lilly, De draak en het magische boek</title><date></date><icon src="https://m7be2.solocoo.tv/m7be2iphone/mmchan/mpimages/208x308/KMMQtQ1Awo0L0LhvPgOxMg.jpg"></icon><desc></desc><category></category></programme><programme channel="o73NpJY2tTyCcy_EDHmUHyApTZd4YV9pPCGxUVGz" start="20221119070500 +0000" stop="20221119084000 +0000" catchup-id="pP4pHIfW71Z0Uwp2N4D2Ck0oOMa7TELMpEnEh8-C"><title>De Dolle Tweeling 2</title><date></date><icon src="https://m7be2.solocoo.tv/m7be2iphone/mmchan/mpimages/208x308/1YVBrCRJdBstAIRKKC_Xgg.jpg"></icon><desc></desc><category></category></programme><programme channel="o73NpJY2tTyCcy_EDHmUHyApTZd4YV9pPCGxUVGz" start="20221119084000 +0000" stop="20221119103000 +0000" catchup-id="PUd5Z2tTulj10QJL2yxGqgxoDmeLBWnmsLkNbBYz"><title>De Boskampi's</title><date></date><icon src="https://m7be2.solocoo.tv/m7be2iphone/mmchan/mpimages/208x308/OgQNHaylEE2kyZyI7FyXPQ.jpg"></icon><desc></desc><category></category></programme><programme channel="o73NpJY2tTyCcy_EDHmUHyApTZd4YV9pPCGxUVGz" start="20221119103000 +0000" stop="20221119121500 +0000" catchup-id="WN3oAPU-6cPDv3f55DLtQYuaVZvYsCG3AqGvZAhz"><title>De Schippers van de Kameleon</title><date></date><icon src="https://m7be2.solocoo.tv/m7be2iphone/mmchan/mpimages/208x308/Jxcf3b811GgDCzSkO9JDkg.jpg"></icon><desc></desc><category></category></programme><programme channel="o73NpJY2tTyCcy_EDHmUHyApTZd4YV9pPCGxUVGz" start="20221119121500 +0000" stop="20221119134500 +0000" catchup-id="WMjXGpjzp-Yf-SlbE8fnLUMVuBzBfrjGYdTn1lbK"><title>De Emoji Film</title><date></date><icon src="https://m7be2.solocoo.tv/m7be2iphone/mmchan/mpimages/208x308/EjkyiVkmKSj4kRdPqJjCow.jpg"></icon><desc></desc><category></category></programme><programme channel="o73NpJY2tTyCcy_EDHmUHyApTZd4YV9pPCGxUVGz" start="20221119134500 +0000" stop="20221119152000 +0000" catchup-id="DCEPR4mLTlHZFknhrllNgAigoqzeLQvbB9Izcs--"><title>Jungle Boy</title><date></date><icon src="https://m7be2.solocoo.tv/m7be2iphone/mmchan/mpimages/208x308/iIlVyudubas5S0X4D0n3kA.jpg"></icon><desc></desc><category></category></programme><programme channel="o73NpJY2tTyCcy_EDHmUHyApTZd4YV9pPCGxUVGz" start="20221119152000 +0000" stop="20221119172500 +0000" catchup-id="cgU0x49SJQnfqGiDI4SciGVag5wY2Bfc4oZuFsFU"><title>Le grand bain</title><date></date><icon src="https://m7be2.solocoo.tv/m7be2iphone/mmchan/mpimages/208x308/ugbQyKCkOqdX7QoAszM2GA.jpg"></icon><desc></desc><category></category></programme><programme channel="o73NpJY2tTyCcy_EDHmUHyApTZd4YV9pPCGxUVGz" start="20221119172500 +0000" stop="20221119193000 +0000" catchup-id="a588cgavQMlZZE92lyZQaH9BHIiwfVtM5ORDTgFx"><title>Jayne Mansfield's Car</title><date></date><icon src="https://m7be2.solocoo.tv/m7be2iphone/mmchan/mpimages/208x308/xYt8gGG4eOrDwFepGK37BA.jpg"></icon><desc></desc><category></category></programme><programme channel="o73NpJY2tTyCcy_EDHmUHyApTZd4YV9pPCGxUVGz" start="20221119193000 +0000" stop="20221119222500 +0000" catchup-id="P_9OvLgZXiGKMnUVxc2ac74dsUo35CAFsHtALHIi"><title>Cloud Atlas</title><date></date><icon src="https://m7be2.solocoo.tv/m7be2iphone/mmchan/mpimages/208x308/MdI19qmk7oiHXK09Drh-dg.jpg"></icon><desc></desc><category></category></programme><programme channel="o73NpJY2tTyCcy_EDHmUHyApTZd4YV9pPCGxUVGz" start="20221119222500 +0000" stop="20221119235000 +0000" catchup-id="ap-TknTPR56YsBX7flrcUNjORDXZ5Brh46cGgpuV"><title>The Squid and the Whale</title><date></date><icon src="https://m7be2.solocoo.tv/m7be2iphone/mmchan/mpimages/208x308/YiZNJkfQbn6dka4VIsGp9Q.jpg"></icon><desc></desc><category></category></programme><programme channel="o73NpJY2tTyCcy_EDHmUHyApTZd4YV9pPCGxUVGz" start="20221119235000 +0000" stop="20221120002000 +0000" catchup-id="cJxIpW5zVR3Z8B6inw6--1AcgNFeY5Ga_AwLnwg0"><title>A Touch of Lust 2</title><date></date><icon src="https://m7be2.solocoo.tv/m7be2iphone/mmchan/mpimages/208x308/r8pAvzsI3Ck3CeaiHj5EHg.jpg"></icon><desc></desc><category></category></programme><programme channel="o73NpJY2tTyCcy_EDHmUHyApTZd4YV9pPCGxUVGz" start="20221120002000 +0000" stop="20221120010000 +0000" catchup-id="qMkUaFzHu45Ff6zOoRDJozM1AKQs3oWMefdKnHrO"><title>Seduced by the Boss 2</title><date></date><icon src="https://m7be2.solocoo.tv/m7be2iphone/mmchan/mpimages/208x308/Re9GDyQTeqfp7rI2sKMNOA.jpg"></icon><desc></desc><category></category></programme><programme channel="o73NpJY2tTyCcy_EDHmUHyApTZd4YV9pPCGxUVGz" start="20221120010000 +0000" stop="20221120023000 +0000" catchup-id="xbOzBx64ofqnjq8CXXMd3Au4lhXW-FLR8-EC-d9X"><title>Watching Over You</title><date></date><icon src="https://m7be2.solocoo.tv/m7be2iphone/mmchan/mpimages/208x308/PtasJsluvETvSocNXs4mpA.jpg"></icon><desc></desc><category></category></programme><programme channel="o73NpJY2tTyCcy_EDHmUHyApTZd4YV9pPCGxUVGz" start="20221120023000 +0000" stop="20221120040000 +0000" catchup-id="cGSMweuaRKOzbZWKCffTWO11PlfbsY6musm6QSjs"><title>Girlfriend Killer</title><date></date><icon src="https://m7be2.solocoo.tv/m7be2iphone/mmchan/mpimages/208x308/ZGDRRI_LuZnLEuCoGX20XQ.jpg"></icon><desc></desc><category></category></programme><programme channel="o73NpJY2tTyCcy_EDHmUHyApTZd4YV9pPCGxUVGz" start="20221120040000 +0000" stop="20221120053000 +0000" catchup-id="FI-gzORxhCte3EiLVFClO30um10CXLu4z0mMLCLA"><title>Staged Killer</title><date></date><icon src="https://m7be2.solocoo.tv/m7be2iphone/mmchan/mpimages/208x308/cd_fP534hdM3cJ6f8By2OA.jpg"></icon><desc></desc><category></category></programme><programme channel="o73NpJY2tTyCcy_EDHmUHyApTZd4YV9pPCGxUVGz" start="20221120053000 +0000" stop="20221120065500 +0000" catchup-id="tR-5kK3B3aBw8bkxp70mWzat-9d-TQvEtJFPhTMq"><title>Elias: Alle Ankers Vooruit!</title><date></date><icon src="https://m7be2.solocoo.tv/m7be2iphone/mmchan/mpimages/208x308/m5bV_qjFNuHW1O4GDZxtAQ.jpg"></icon><desc></desc><category></category></programme><programme channel="o73NpJY2tTyCcy_EDHmUHyApTZd4YV9pPCGxUVGz" start="20221120065500 +0000" stop="20221120082500 +0000" catchup-id="CPzQm7oeS_x2W-JGah1b4dRw1VJBqvE7FDUC1YxT"><title>K9: Legende van de Verloren Schat</title><date></date><icon src="https://m7be2.solocoo.tv/m7be2iphone/mmchan/mpimages/208x308/tNOloKSoM1QMcwR0K6eQtA.jpg"></icon><desc></desc><category></category></programme><programme channel="o73NpJY2tTyCcy_EDHmUHyApTZd4YV9pPCGxUVGz" start="20221120082500 +0000" stop="20221120100000 +0000" catchup-id="hm604ZsySOjqWG-X75vJQ57qh_hoko0fzOqkhoye"><title>Monsterjagers</title><date></date><icon src="https://m7be2.solocoo.tv/m7be2iphone/mmchan/mpimages/208x308/4oxqGMGmD1Z8t0hbzGtRzA.jpg"></icon><desc></desc><category></category></programme><programme channel="o73NpJY2tTyCcy_EDHmUHyApTZd4YV9pPCGxUVGz" start="20221120100000 +0000" stop="20221120113500 +0000" catchup-id="2KDhwmcIRCWiDPnPK7m0JqpLJX05ypGVDT95p8nH"><title>Sammy 2: Sammy's nieuwe avonturen</title><date></date><icon src="https://m7be2.solocoo.tv/m7be2iphone/mmchan/mpimages/208x308/RXGUazO38TyGJq8b9DevZA.jpg"></icon><desc></desc><category></category></programme><programme channel="o73NpJY2tTyCcy_EDHmUHyApTZd4YV9pPCGxUVGz" start="20221120113500 +0000" stop="20221120131000 +0000" catchup-id="v1ydril-VB3Z6Ou4KH1AcqXF-3PljwO6ZqsEMc9e"><title>Diep in de Zee</title><date></date><icon src="https://m7be2.solocoo.tv/m7be2iphone/mmchan/mpimages/208x308/nXDZNsXASSObEiHphOt6fA.jpg"></icon><desc></desc><category></category></programme><programme channel="o73NpJY2tTyCcy_EDHmUHyApTZd4YV9pPCGxUVGz" start="20221120131000 +0000" stop="20221120143500 +0000" catchup-id="0C_u2qOMJRGWSFW87iqFRg3vswtWWqFOrR0YI5tq"><title>Thor en de Legende van Walhallah</title><date></date><icon src="https://m7be2.solocoo.tv/m7be2iphone/mmchan/mpimages/208x308/ufKmu1tfPSK45z9Zmmq73A.jpg"></icon><desc></desc><category></category></programme><programme channel="o73NpJY2tTyCcy_EDHmUHyApTZd4YV9pPCGxUVGz" start="20221120143500 +0000" stop="20221120161500 +0000" catchup-id="mO8BNLpSkHScLQLmj8LQ_Wkc02tJygJ6A_B06CVK"><title>Razend</title><date></date><icon src="https://m7be2.solocoo.tv/m7be2iphone/mmchan/mpimages/208x308/uYz6BNAFDHJ4TEbqiqUlPg.jpg"></icon><desc></desc><category></category></programme><programme channel="o73NpJY2tTyCcy_EDHmUHyApTZd4YV9pPCGxUVGz" start="20221120161500 +0000" stop="20221120174500 +0000" catchup-id="3w7UmQbqm7pnAISxJbAZ1t8jRmRIIbCvtyrxgQeN"><title>De Piraten! Alle Buitenbeentjes Aan Dek</title><date></date><icon src="https://m7be2.solocoo.tv/m7be2iphone/mmchan/mpimages/208x308/xFj1gmYNpaQsA9DbjcczMA.jpg"></icon><desc></desc><category></category></programme><programme channel="o73NpJY2tTyCcy_EDHmUHyApTZd4YV9pPCGxUVGz" start="20221120174500 +0000" stop="20221120193000 +0000" catchup-id="_ow8Nue-km3BGXjhNtCylMJ1i8NytcLbGu0wBDHy"><title>Jackie</title><date></date><icon src="https://m7be2.solocoo.tv/m7be2iphone/mmchan/mpimages/208x308/EAZ2PJP5-B0BQO7hdctQOw.jpg"></icon><desc></desc><category></category></programme><programme channel="o73NpJY2tTyCcy_EDHmUHyApTZd4YV9pPCGxUVGz" start="20221120193000 +0000" stop="20221120214500 +0000" catchup-id="Q4s1qS8ugWxNvi6Vt_XXKW3-MVuQeh27iU5E_CgK"><title>Foxcatcher</title><date></date><icon src="https://m7be2.solocoo.tv/m7be2iphone/mmchan/mpimages/208x308/CJTg37HEtefvRCQYW6a95w.jpg"></icon><desc></desc><category></category></programme><programme channel="o73NpJY2tTyCcy_EDHmUHyApTZd4YV9pPCGxUVGz" start="20221120214500 +0000" stop="20221120225500 +0000" catchup-id="ihyr2d0WP-EwI1g6drrVFsfCsqdBHqe2efavMKG-"><title>Narcos: Mexico : El Padrino</title><date></date><icon src="https://m7be2.solocoo.tv/m7be2iphone/mmchan/mpimages/208x308/NLn1SOfoGNu_MLchGdlqQQ.jpg"></icon><desc></desc><category></category></programme><programme channel="o73NpJY2tTyCcy_EDHmUHyApTZd4YV9pPCGxUVGz" start="20221120225500 +0000" stop="20221120235500 +0000" catchup-id="L15ZRv99rtsScCxJVbZAQUL11SiPNAxlUlMfhNlW"><title>Narcos: Mexico : Rafa, Rafa, Rafa!</title><date></date><icon src="https://m7be2.solocoo.tv/m7be2iphone/mmchan/mpimages/208x308/C-hkCoiSvD-TXersb3SHyA.jpg"></icon><desc></desc><category></category></programme><programme channel="o73NpJY2tTyCcy_EDHmUHyApTZd4YV9pPCGxUVGz" start="20221120235500 +0000" stop="20221121003000 +0000" catchup-id="ro_Ym95nR4vfrZbFrdCfzlzq9Gqo43CpfQ1lhyT3"><title>The Passionate Three 1</title><date></date><icon src="https://m7be2.solocoo.tv/m7be2iphone/mmchan/mpimages/208x308/UZ9EppRnhdvCokPp7KX0bQ.jpg"></icon><desc></desc><category></category></programme><programme channel="o73NpJY2tTyCcy_EDHmUHyApTZd4YV9pPCGxUVGz" start="20221121003000 +0000" stop="20221121005000 +0000" catchup-id="8dyTTVYGrxCTvb41rLSIKg3G4PV63mtls0C3_YkU"><title>Delicate But Raw 1</title><date></date><icon src="https://m7be2.solocoo.tv/m7be2iphone/mmchan/mpimages/208x308/k0keWQ3x2oZ_kM_0yABwiw.jpg"></icon><desc></desc><category></category></programme><programme channel="o73NpJY2tTyCcy_EDHmUHyApTZd4YV9pPCGxUVGz" start="20221121005000 +0000" stop="20221121022000 +0000" catchup-id="zgzk9fmaWIzmEeDr-FGji-e6JCJbizKqgJqj19S5"><title>Miss Meadows</title><date></date><icon src="https://m7be2.solocoo.tv/m7be2iphone/mmchan/mpimages/208x308/A69UJM1CC_fN-BZDi_mMLQ.jpg"></icon><desc></desc><category></category></programme><programme channel="o73NpJY2tTyCcy_EDHmUHyApTZd4YV9pPCGxUVGz" start="20221121022000 +0000" stop="20221121035000 +0000" catchup-id="fOkhoWsHg7t26S_6nbah-3APCXChYnriAUzbHEiv"><title>Atlantis Down</title><date></date><icon src="https://m7be2.solocoo.tv/m7be2iphone/mmchan/mpimages/208x308/os8gxJh0kiLuJwS1NBNKGQ.jpg"></icon><desc></desc><category></category></programme><programme channel="o73NpJY2tTyCcy_EDHmUHyApTZd4YV9pPCGxUVGz" start="20221121035000 +0000" stop="20221121053000 +0000" catchup-id="o9tUEqVqjMX-6yVrq0TSq4agHt7TF74G1h3hCMnt"><title>The Humanity Bureau</title><date></date><icon src="https://m7be2.solocoo.tv/m7be2iphone/mmchan/mpimages/208x308/vA48IEXvKN6_XNTTlpdOrA.jpg"></icon><desc></desc><category></category></programme><programme channel="o73NpJY2tTyCcy_EDHmUHyApTZd4YV9pPCGxUVGz" start="20221121053000 +0000" stop="20221121071500 +0000" catchup-id="I98U9724IuzXMEmBf2zeD4h-dBmfQONildit2oXL"><title>Let's Blame It on Judas</title><date></date><icon src="https://m7be2.solocoo.tv/m7be2iphone/mmchan/mpimages/208x308/Pz_vavDNBR38xSE0ZYwHfg.jpg"></icon><desc></desc><category></category></programme><programme channel="o73NpJY2tTyCcy_EDHmUHyApTZd4YV9pPCGxUVGz" start="20221121071500 +0000" stop="20221121083500 +0000" catchup-id="UklufuWq-UZOaAbMG4xeLUofQLve3N41eOzZih55"><title>10 Things We Should Do Before We Break Up</title><date></date><icon src="https://m7be2.solocoo.tv/m7be2iphone/mmchan/mpimages/208x308/DoQhfNg6Bt1hdHyt4MR9EA.jpg"></icon><desc></desc><category></category></programme><programme channel="o73NpJY2tTyCcy_EDHmUHyApTZd4YV9pPCGxUVGz" start="20221121083500 +0000" stop="20221121101000 +0000" catchup-id="qfObnR0iNVn3YzBMqSQjMMt25WnwNGPDxphMCHT2"><title>Nowhere Safe</title><date></date><icon src="https://m7be2.solocoo.tv/m7be2iphone/mmchan/mpimages/208x308/5QiNrai4MhAr6XPEoYQphQ.jpg"></icon><desc></desc><category></category></programme><programme channel="o73NpJY2tTyCcy_EDHmUHyApTZd4YV9pPCGxUVGz" start="20221121101000 +0000" stop="20221121114500 +0000" catchup-id="YAOtcg5fFrtIJEtQdqgn2dFmz9v4wiUYx2G_xp9U"><title>The English Teacher</title><date></date><icon src="https://m7be2.solocoo.tv/m7be2iphone/mmchan/mpimages/208x308/RiULXT8VNCgOjnqTQoYEfg.jpg"></icon><desc></desc><category></category></programme><programme channel="o73NpJY2tTyCcy_EDHmUHyApTZd4YV9pPCGxUVGz" start="20221121114500 +0000" stop="20221121132000 +0000" catchup-id="ztYnEz2aP109f5DC4BSciwyAdrLgxetbLFqtre29"><title>ABCs of Superheroes</title><date></date><icon src="https://m7be2.solocoo.tv/m7be2iphone/mmchan/mpimages/208x308/HGvcdxTDAXxmOLMFWyREjQ.jpg"></icon><desc></desc><category></category></programme><programme channel="o73NpJY2tTyCcy_EDHmUHyApTZd4YV9pPCGxUVGz" start="20221121132000 +0000" stop="20221121145500 +0000" catchup-id="dJBvzi1-GLGeLXUKX9V5FRKtq1T4Z3qJmOkZ5Ko4"><title>Solitary Man</title><date></date><icon src="https://m7be2.solocoo.tv/m7be2iphone/mmchan/mpimages/208x308/4SVk7Qh9Pr3rHasqbaFm4g.jpg"></icon><desc></desc><category></category></programme><programme channel="o73NpJY2tTyCcy_EDHmUHyApTZd4YV9pPCGxUVGz" start="20221121145500 +0000" stop="20221121162000 +0000" catchup-id="WJLo8SSG7V3ZCJdug0y-uZQQW9HjApHdvQ1qmqw0"><title>The Squid and the Whale</title><date></date><icon src="https://m7be2.solocoo.tv/m7be2iphone/mmchan/mpimages/208x308/YiZNJkfQbn6dka4VIsGp9Q.jpg"></icon><desc></desc><category></category></programme><programme channel="o73NpJY2tTyCcy_EDHmUHyApTZd4YV9pPCGxUVGz" start="20221121162000 +0000" stop="20221121175500 +0000" catchup-id="zActFQ9V8uRY5BUHrwFdLFMu1HWOagOuwc3MmASb"><title>It's a Disaster</title><date></date><icon src="https://m7be2.solocoo.tv/m7be2iphone/mmchan/mpimages/208x308/Bf_cgvOtKae7tkg_ZX7U_Q.jpg"></icon><desc></desc><category></category></programme><programme channel="o73NpJY2tTyCcy_EDHmUHyApTZd4YV9pPCGxUVGz" start="20221121175500 +0000" stop="20221121193000 +0000" catchup-id="Se1_uVkKl0HDaoHntldxwVGZGU6WnkS9oTf20y5C"><title>Liever verliefd</title><date></date><icon src="https://m7be2.solocoo.tv/m7be2iphone/mmchan/mpimages/208x308/XrjYNGa74Ug22PcHgbPzEw.jpg"></icon><desc></desc><category></category></programme><programme channel="o73NpJY2tTyCcy_EDHmUHyApTZd4YV9pPCGxUVGz" start="20221121193000 +0000" stop="20221121210500 +0000" catchup-id="ek0YQxoIfXeUOtP93RGbG-Ze74rSJ23wlzfNMD64"><title>Rifkin's Festival</title><date></date><icon src="https://m7be2.solocoo.tv/m7be2iphone/mmchan/mpimages/208x308/9yiWUm9bdmrt-LJowJhRvA.jpg"></icon><desc></desc><category></category></programme><programme channel="o73NpJY2tTyCcy_EDHmUHyApTZd4YV9pPCGxUVGz" start="20221121210500 +0000" stop="20221121221500 +0000" catchup-id="abi733ip7nuqWM9aC2bKUZp6Fa9eeG0dmsLP1BN0"><title>Narcos: Mexico : The Colombian Connection</title><date></date><icon src="https://m7be2.solocoo.tv/m7be2iphone/mmchan/mpimages/208x308/r6_Yo2y-R5yS5jmmzFk-2A.jpg"></icon><desc></desc><category></category></programme><programme channel="o73NpJY2tTyCcy_EDHmUHyApTZd4YV9pPCGxUVGz" start="20221121221500 +0000" stop="20221121231500 +0000" catchup-id="kGHsxEd3ncZQ0-2DraCDJd-8VV8L04ddXM1R_GUy"><title>Narcos: Mexico : La Última Frontera</title><date></date><icon src="https://m7be2.solocoo.tv/m7be2iphone/mmchan/mpimages/208x308/xoLw-naMGEFCVl922yy9LQ.jpg"></icon><desc></desc><category></category></programme><programme channel="o73NpJY2tTyCcy_EDHmUHyApTZd4YV9pPCGxUVGz" start="20221121231500 +0000" stop="20221121234500 +0000" catchup-id="K-mji7qR-lrtPFK00YHDM_CPiJ6XRWXI95cUb_fd"><title>The Passionate Three 2</title><date></date><icon src="https://m7be2.solocoo.tv/m7be2iphone/mmchan/mpimages/208x308/UZ9EppRnhdvCokPp7KX0bQ.jpg"></icon><desc></desc><category></category></programme><programme channel="o73NpJY2tTyCcy_EDHmUHyApTZd4YV9pPCGxUVGz" start="20221121234500 +0000" stop="20221122001000 +0000" catchup-id="0OcxSjJGUWbU3ERYUsfjiVX5ZE8DCAuiZkw3XcH3"><title>So Wet Beside Her 3</title><date></date><icon src="https://m7be2.solocoo.tv/m7be2iphone/mmchan/mpimages/208x308/R7GO4j_bygbCwbe0T972Lw.jpg"></icon><desc></desc><category></category></programme><programme channel="o73NpJY2tTyCcy_EDHmUHyApTZd4YV9pPCGxUVGz" start="20221122001000 +0000" stop="20221122021500 +0000" catchup-id="LpTOWnU_LcFsru5pawqg7UdjK6MeHwWEOMnaADSU"><title>The Black Dahlia</title><date></date><icon src="https://m7be2.solocoo.tv/m7be2iphone/mmchan/mpimages/208x308/6Fmk3ZufPjOlOOXzS_69pA.jpg"></icon><desc></desc><category></category></programme><programme channel="o73NpJY2tTyCcy_EDHmUHyApTZd4YV9pPCGxUVGz" start="20221122021500 +0000" stop="20221122040000 +0000" catchup-id="xZ-J6NPvoMN5CUK82FvXj1cP7mE7fdpc2bpt0F7P"><title>The Tender Hook</title><date></date><icon src="https://m7be2.solocoo.tv/m7be2iphone/mmchan/mpimages/208x308/u5Q6O2TEc8hOvvMDIDxlqA.jpg"></icon><desc></desc><category></category></programme><programme channel="o73NpJY2tTyCcy_EDHmUHyApTZd4YV9pPCGxUVGz" start="20221122040000 +0000" stop="20221122053000 +0000" catchup-id="WW-tmYW1sOjc_eWl3wIIcoNF-stlmi4hR-kB5SZR"><title>His Perfect Obsession</title><date></date><icon src="https://m7be2.solocoo.tv/m7be2iphone/mmchan/mpimages/208x308/Srw6rQJJoDzAZWOkXzfdNg.jpg"></icon><desc></desc><category></category></programme><programme channel="o73NpJY2tTyCcy_EDHmUHyApTZd4YV9pPCGxUVGz" start="20221122053000 +0000" stop="20221122060500 +0000" catchup-id="_utE2Vk4pVITFkLSN0HfnPMcjsLXaDDhhX5I22tN"><title>Hollywood's Best Film Directors : Chris Columbus</title><date></date><icon src="https://m7be2.solocoo.tv/m7be2iphone/mmchan/mpimages/208x308/ESXSVt0C1HrdXdn3_VDuww.jpg"></icon><desc></desc><category></category></programme><programme channel="o73NpJY2tTyCcy_EDHmUHyApTZd4YV9pPCGxUVGz" start="20221122060500 +0000" stop="20221122074500 +0000" catchup-id="0EpBkEGN3ulPJqvXmEKXiGvZDnXXNuuy5P0WHpMQ"><title>Heaven Sent</title><date></date><icon src="https://m7be2.solocoo.tv/m7be2iphone/mmchan/mpimages/208x308/W5zR7YjOhDwVse2tp7jFUQ.jpg"></icon><desc></desc><category></category></programme><programme channel="o73NpJY2tTyCcy_EDHmUHyApTZd4YV9pPCGxUVGz" start="20221122074500 +0000" stop="20221122092000 +0000" catchup-id="bNAYlgcw7SekJdx--Yg7x6Pu8V-H1ayNSXK4seQB"><title>Love in the Vineyard</title><date></date><icon src="https://m7be2.solocoo.tv/m7be2iphone/mmchan/mpimages/208x308/zTN7feMNj8WQ57RgnToxNg.jpg"></icon><desc></desc><category></category></programme><programme channel="o73NpJY2tTyCcy_EDHmUHyApTZd4YV9pPCGxUVGz" start="20221122092000 +0000" stop="20221122105500 +0000" catchup-id="dZx_KKyccxBj42r4fEV23VxHU_xByikpAJVcW94d"><title>Liz &amp; Dick</title><date></date><icon src="https://m7be2.solocoo.tv/m7be2iphone/mmchan/mpimages/208x308/bv3osxHtvPYKUxgkMXtwVA.jpg"></icon><desc></desc><category></category></programme><programme channel="o73NpJY2tTyCcy_EDHmUHyApTZd4YV9pPCGxUVGz" start="20221122105500 +0000" stop="20221122122500 +0000" catchup-id="VXiEZjqg5TdWmi5kiSMs57kCeympR4SfZOxKFEJ3"><title>Whitney</title><date></date><icon src="https://m7be2.solocoo.tv/m7be2iphone/mmchan/mpimages/208x308/aBiDAhLovFmFUOju-j7VrQ.jpg"></icon><desc></desc><category></category></programme><programme channel="o73NpJY2tTyCcy_EDHmUHyApTZd4YV9pPCGxUVGz" start="20221122122500 +0000" stop="20221122135500 +0000" catchup-id="tNfhyIYrcQeIdCmAUAIP1IJE8hJ7Yjhfi70Vtfxo"><title>No One Would Tell</title><date></date><icon src="https://m7be2.solocoo.tv/m7be2iphone/mmchan/mpimages/208x308/EH2XOwwy43u51CvIyTnohw.jpg"></icon><desc></desc><category></category></programme><programme channel="o73NpJY2tTyCcy_EDHmUHyApTZd4YV9pPCGxUVGz" start="20221122135500 +0000" stop="20221122143000 +0000" catchup-id="iHHmUwx-2ff4OtRF1NTYxj9Mis9qV27njrUzTClK"><title>Hollywood's Best Film Directors : Doug Liman</title><date></date><icon src="https://m7be2.solocoo.tv/m7be2iphone/mmchan/mpimages/208x308/-ZzM7Uze2awlwf3MpVCqMg.jpg"></icon><desc></desc><category></category></programme><programme channel="o73NpJY2tTyCcy_EDHmUHyApTZd4YV9pPCGxUVGz" start="20221122143000 +0000" stop="20221122161500 +0000" catchup-id="wnva1_V_PeTPoIB4TXK3IcZn2p5-arSKgVMQ-e6g"><title>Zack &amp; Miri Make a Porno</title><date></date><icon src="https://m7be2.solocoo.tv/m7be2iphone/mmchan/mpimages/208x308/uRnfFJMu4kZAl5Dpq-jYYg.jpg"></icon><desc></desc><category></category></programme><programme channel="o73NpJY2tTyCcy_EDHmUHyApTZd4YV9pPCGxUVGz" start="20221122161500 +0000" stop="20221122175000 +0000" catchup-id="WA0fUD0eL3hv3xiT8WE-4Zej5KeYlkSkA6-PhTyL"><title>Roald Dahl's Esio Trot</title><date></date><icon src="https://m7be2.solocoo.tv/m7be2iphone/mmchan/mpimages/208x308/dfzb9xHSpT67csPvT01tEQ.jpg"></icon><desc></desc><category></category></programme><programme channel="o73NpJY2tTyCcy_EDHmUHyApTZd4YV9pPCGxUVGz" start="20221122175000 +0000" stop="20221122193000 +0000" catchup-id="gzVpPaHTPW35lbd0dpTd2Z3YHSOnY1v4Vdr-jA20"><title>Mister Mayfair - Shooting Paul</title><date></date><icon src="https://m7be2.solocoo.tv/m7be2iphone/mmchan/mpimages/208x308/-AcJOpF7eXh3dVDD0xN4vA.jpg"></icon><desc></desc><category></category></programme><programme channel="o73NpJY2tTyCcy_EDHmUHyApTZd4YV9pPCGxUVGz" start="20221122193000 +0000" stop="20221122213000 +0000" catchup-id="FKMBppe8TdI9stUV35VZ-TiYtE8M2RY0TJzAKko9"><title>Duska</title><date></date><icon src="https://m7be2.solocoo.tv/m7be2iphone/mmchan/mpimages/208x308/klMCMD3IYNDwG8eDpvcb_w.jpg"></icon><desc></desc><category></category></programme><programme channel="o73NpJY2tTyCcy_EDHmUHyApTZd4YV9pPCGxUVGz" start="20221122213000 +0000" stop="20221123002500 +0000" catchup-id="bbdrwZ7sWiuKzdijudMw0hxFNLNY_r6hOA_ROdci"><title>Cloud Atlas</title><date></date><icon src="https://m7be2.solocoo.tv/m7be2iphone/mmchan/mpimages/208x308/MdI19qmk7oiHXK09Drh-dg.jpg"></icon><desc></desc><category></category></programme><programme channel="o73NpJY2tTyCcy_EDHmUHyApTZd4YV9pPCGxUVGz" start="20221123002500 +0000" stop="20221123005500 +0000" catchup-id="bw3PeXF2GuodaTKgh_6rfZlzmB9g7NcPL2aUHw4f"><title>Seduced by the Boss 1</title><date></date><icon src="https://m7be2.solocoo.tv/m7be2iphone/mmchan/mpimages/208x308/k0keWQ3x2oZ_kM_0yABwiw.jpg"></icon><desc></desc><category></category></programme><programme channel="o73NpJY2tTyCcy_EDHmUHyApTZd4YV9pPCGxUVGz" start="20221123005500 +0000" stop="20221123022500 +0000" catchup-id="qSTnpH7FY4lxfrpnNGcOP3JKrXxKONndXRTF-JV8"><title>Abduction of Angie</title><date></date><icon src="https://m7be2.solocoo.tv/m7be2iphone/mmchan/mpimages/208x308/NN4Bu97_WjBu-tJXV7oxNw.jpg"></icon><desc></desc><category></category></programme><programme channel="o73NpJY2tTyCcy_EDHmUHyApTZd4YV9pPCGxUVGz" start="20221123022500 +0000" stop="20221123035500 +0000" catchup-id="GQ8waNuHJ5S_HZUrvzl5a17UwiERKx4MVX0QZ8FO"><title>A Stranger With My Kids</title><date></date><icon src="https://m7be2.solocoo.tv/m7be2iphone/mmchan/mpimages/208x308/xiOXh7B-1GnqROqJZ_tGBA.jpg"></icon><desc></desc><category></category></programme><programme channel="o73NpJY2tTyCcy_EDHmUHyApTZd4YV9pPCGxUVGz" start="20221123035500 +0000" stop="20221123053000 +0000" catchup-id="Me5CEa28MEjpdBEhMQ2gSMkIcni88nBY-bUuW0F2"><title>The Bag of Flour</title><date></date><icon src="https://m7be2.solocoo.tv/m7be2iphone/mmchan/mpimages/208x308/uQs5slBntGVR1s04jbWJIA.jpg"></icon><desc></desc><category></category></programme><programme channel="o73NpJY2tTyCcy_EDHmUHyApTZd4YV9pPCGxUVGz" start="20221123053000 +0000" stop="20221123070500 +0000" catchup-id="Bgwzp9SLcq6-Jg0A_MMkGSSAUpgbL3t-heHdjjO_"><title>Miss Nobody</title><date></date><icon src="https://m7be2.solocoo.tv/m7be2iphone/mmchan/mpimages/208x308/3UGDNzlSdmwqDG9jZUrfjw.jpg"></icon><desc></desc><category></category></programme><programme channel="o73NpJY2tTyCcy_EDHmUHyApTZd4YV9pPCGxUVGz" start="20221123070500 +0000" stop="20221123083500 +0000" catchup-id="sxRuEQ094FYxR6lxU9A19crmxjQT-alZSbQM1ZnN"><title>Story of a Girl</title><date></date><icon src="https://m7be2.solocoo.tv/m7be2iphone/mmchan/mpimages/208x308/XmVCLF-L6OcVeOwpqEcSHw.jpg"></icon><desc></desc><category></category></programme><programme channel="o73NpJY2tTyCcy_EDHmUHyApTZd4YV9pPCGxUVGz" start="20221123083500 +0000" stop="20221123100500 +0000" catchup-id="YTYnSQW-RYVFzWqBlgWB--95zuYc622-IStBNuRN"><title>Oscar Pistorius: Blade Runner Killer</title><date></date><icon src="https://m7be2.solocoo.tv/m7be2iphone/mmchan/mpimages/208x308/jiy7e-sSqfbBotfPd3gNaQ.jpg"></icon><desc></desc><category></category></programme><programme channel="o73NpJY2tTyCcy_EDHmUHyApTZd4YV9pPCGxUVGz" start="20221123100500 +0000" stop="20221123113500 +0000" catchup-id="ZQ5rzGWxgWYndaz0oofvAS7Fzagq-OM7Om1BmYzT"><title>Framed by my Fiancé</title><date></date><icon src="https://m7be2.solocoo.tv/m7be2iphone/mmchan/mpimages/208x308/Wa2WZQhHDQUx57BENHePsQ.jpg"></icon><desc></desc><category></category></programme><programme channel="o73NpJY2tTyCcy_EDHmUHyApTZd4YV9pPCGxUVGz" start="20221123113500 +0000" stop="20221123131000 +0000" catchup-id="wUBucjaAa4qKWpH_Ijd3c7ZIEDck-V7f8bHdSxzZ"><title>De Dolle Tweeling 2</title><date></date><icon src="https://m7be2.solocoo.tv/m7be2iphone/mmchan/mpimages/208x308/1YVBrCRJdBstAIRKKC_Xgg.jpg"></icon><desc></desc><category></category></programme><programme channel="o73NpJY2tTyCcy_EDHmUHyApTZd4YV9pPCGxUVGz" start="20221123131000 +0000" stop="20221123144000 +0000" catchup-id="8E6ZQ2SSCw3sX4LHqC878PS0e64GLk10A-17OLAK"><title>Jack bestelt een broertje</title><date></date><icon src="https://m7be2.solocoo.tv/m7be2iphone/mmchan/mpimages/208x308/tJ2AuWwd-g2sKv4dX2JjHA.jpg"></icon><desc></desc><category></category></programme><programme channel="o73NpJY2tTyCcy_EDHmUHyApTZd4YV9pPCGxUVGz" start="20221123144000 +0000" stop="20221123160500 +0000" catchup-id="tbL5PtQ8T8hU_-_ITWsIQIUqJCa7xr2UODdpZTIS"><title>Thor en de Legende van Walhallah</title><date></date><icon src="https://m7be2.solocoo.tv/m7be2iphone/mmchan/mpimages/208x308/ufKmu1tfPSK45z9Zmmq73A.jpg"></icon><desc></desc><category></category></programme><programme channel="o73NpJY2tTyCcy_EDHmUHyApTZd4YV9pPCGxUVGz" start="20221123160500 +0000" stop="20221123175500 +0000" catchup-id="F_qvl3L5viEOFEl-adSJarJ9AWRR7nXCc-k8I-1x"><title>Lover of Loser</title><date></date><icon src="https://m7be2.solocoo.tv/m7be2iphone/mmchan/mpimages/208x308/_IXhfcz23KYXbrTHRJUCHA.jpg"></icon><desc></desc><category></category></programme><programme channel="o73NpJY2tTyCcy_EDHmUHyApTZd4YV9pPCGxUVGz" start="20221123175500 +0000" stop="20221123193000 +0000" catchup-id="43WBWbhOc5q4Os8lRRmF8gy4JMFrFGb9K-qRLFv9"><title>Solitary Man</title><date></date><icon src="https://m7be2.solocoo.tv/m7be2iphone/mmchan/mpimages/208x308/4SVk7Qh9Pr3rHasqbaFm4g.jpg"></icon><desc></desc><category></category></programme><programme channel="o73NpJY2tTyCcy_EDHmUHyApTZd4YV9pPCGxUVGz" start="20221123193000 +0000" stop="20221123212500 +0000" catchup-id="UDbZIy1Wy2W8QpbON-gTs7rGsaJaXFZ2t1RbzKRW"><title>Mermaids</title><date></date><icon src="https://m7be2.solocoo.tv/m7be2iphone/mmchan/mpimages/208x308/WmFhLddMDaX_bdW69PMbew.jpg"></icon><desc></desc><category></category></programme><programme channel="o73NpJY2tTyCcy_EDHmUHyApTZd4YV9pPCGxUVGz" start="20221123212500 +0000" stop="20221123233000 +0000" catchup-id="8eRHxF5w9LOvaMw067i-AAcGCiypN5QPQOCEUfKq"><title>Jayne Mansfield's Car</title><date></date><icon src="https://m7be2.solocoo.tv/m7be2iphone/mmchan/mpimages/208x308/xYt8gGG4eOrDwFepGK37BA.jpg"></icon><desc></desc><category></category></programme><programme channel="o73NpJY2tTyCcy_EDHmUHyApTZd4YV9pPCGxUVGz" start="20221123233000 +0000" stop="20221124000000 +0000" catchup-id="9gPGIXGupa7qHYiv7YutgaDCiWa19pIV_0254UHI"><title>Steamy Stories 1</title><date></date><icon src="https://m7be2.solocoo.tv/m7be2iphone/mmchan/mpimages/208x308/obyZDwFZrwFEiFh2EJR4gQ.jpg"></icon><desc></desc><category></category></programme><programme channel="o73NpJY2tTyCcy_EDHmUHyApTZd4YV9pPCGxUVGz" start="20221124000000 +0000" stop="20221124004000 +0000" catchup-id="MXc4SUrU8mdnoYTVFsjl2Gql4CR9U2n3i4nmkknl"><title>Escort N5 Part 1</title><date></date><icon src="https://m7be2.solocoo.tv/m7be2iphone/mmchan/mpimages/208x308/K_B1cc3nCrwLM3rydUHLIg.jpg"></icon><desc></desc><category></category></programme><programme channel="o73NpJY2tTyCcy_EDHmUHyApTZd4YV9pPCGxUVGz" start="20221124004000 +0000" stop="20221124022000 +0000" catchup-id="X876ez0OV52PKwr8uiOisd5hDGz7iqik2c_yK4tT"><title>The Outsider</title><date></date><icon src="https://m7be2.solocoo.tv/m7be2iphone/mmchan/mpimages/208x308/Zd4fK7WP010itWtnHlVeuQ.jpg"></icon><desc></desc><category></category></programme><programme channel="o73NpJY2tTyCcy_EDHmUHyApTZd4YV9pPCGxUVGz" start="20221124022000 +0000" stop="20221124035500 +0000" catchup-id="c6VEwKGGBMpbdRTUvCK_pRGgWc3tyGDNJcdh2Inx"><title>The Assassination</title><date></date><icon src="https://m7be2.solocoo.tv/m7be2iphone/mmchan/mpimages/208x308/eOMwVvyeiS7R_siZdpFtlQ.jpg"></icon><desc></desc><category></category></programme><programme channel="o73NpJY2tTyCcy_EDHmUHyApTZd4YV9pPCGxUVGz" start="20221124035500 +0000" stop="20221124053000 +0000" catchup-id="QZKg3GdNAQ5xRHMD6VGzNAQK6uLHgywCUbEdnA3e"><title>Bangkok Bound</title><date></date><icon src="https://m7be2.solocoo.tv/m7be2iphone/mmchan/mpimages/208x308/yM7RXbu6wplZGbGqiJQjgg.jpg"></icon><desc></desc><category></category></programme><programme channel="o73NpJY2tTyCcy_EDHmUHyApTZd4YV9pPCGxUVGz" start="20221124053000 +0000" stop="20221124071000 +0000" catchup-id="lVtnyW63yPE3MQmXcLSYgGt9NDGi1P15Za6M1_Xx"><title>Good Morning Heartache</title><date></date><icon src="https://m7be2.solocoo.tv/m7be2iphone/mmchan/mpimages/208x308/GOeRhsGRBGMXVnP1LwdxZA.jpg"></icon><desc></desc><category></category></programme><programme channel="o73NpJY2tTyCcy_EDHmUHyApTZd4YV9pPCGxUVGz" start="20221124071000 +0000" stop="20221124085000 +0000" catchup-id="FbFCPuu-A2AXxEqq_1Ox3amup9iocqmYHNmaH3W7"><title>10 Rules for Falling in Love</title><date></date><icon src="https://m7be2.solocoo.tv/m7be2iphone/mmchan/mpimages/208x308/nKwlWqycxEdworjz3ehLaQ.jpg"></icon><desc></desc><category></category></programme><programme channel="o73NpJY2tTyCcy_EDHmUHyApTZd4YV9pPCGxUVGz" start="20221124085000 +0000" stop="20221124103500 +0000" catchup-id="_I7oJjz69lUEzVqYCYLsowUSazvl4TWdNDYauEnN"><title>Vanilla and Chocolate</title><date></date><icon src="https://m7be2.solocoo.tv/m7be2iphone/mmchan/mpimages/208x308/1aUki649UkA-Uxx55CerKw.jpg"></icon><desc></desc><category></category></programme><programme channel="o73NpJY2tTyCcy_EDHmUHyApTZd4YV9pPCGxUVGz" start="20221124103500 +0000" stop="20221124121000 +0000" catchup-id="M7eQuOMP5uATGhdWiruuKmiKUsFQxfmSi8vlavMX"><title>Liever verliefd</title><date></date><icon src="https://m7be2.solocoo.tv/m7be2iphone/mmchan/mpimages/208x308/XrjYNGa74Ug22PcHgbPzEw.jpg"></icon><desc></desc><category></category></programme><programme channel="o73NpJY2tTyCcy_EDHmUHyApTZd4YV9pPCGxUVGz" start="20221124121000 +0000" stop="20221124135000 +0000" catchup-id="188p3NFjIwt6Ghzche40VXBl0VoNskCT7vOUcwbS"><title>De Wonderwinkel van Mr. Magorium</title><date></date><icon src="https://m7be2.solocoo.tv/m7be2iphone/mmchan/mpimages/208x308/5TbXb3R3NoOIs5RhCpIPkg.jpg"></icon><desc></desc><category></category></programme><programme channel="o73NpJY2tTyCcy_EDHmUHyApTZd4YV9pPCGxUVGz" start="20221124135000 +0000" stop="20221124153000 +0000" catchup-id="1Z6MOtjzrCyatZnaUPUjjaxymdJ9Y7IUxfHKrMkx"><title>Owd Bob</title><date></date><icon src="https://m7be2.solocoo.tv/m7be2iphone/mmchan/mpimages/208x308/NaSEkXfYTANzEv0ls1ocdw.jpg"></icon><desc></desc><category></category></programme><programme channel="o73NpJY2tTyCcy_EDHmUHyApTZd4YV9pPCGxUVGz" start="20221124153000 +0000" stop="20221124174000 +0000" catchup-id="ov8XKh8tug5UsIe6AEAARQ9rYlGyx7qIj-Vq2F-u"><title>Hope</title><date></date><icon src="https://m7be2.solocoo.tv/m7be2iphone/mmchan/mpimages/208x308/NCvSM9XGiUwWJPaL_H2O4g.jpg"></icon><desc></desc><category></category></programme><programme channel="o73NpJY2tTyCcy_EDHmUHyApTZd4YV9pPCGxUVGz" start="20221124174000 +0000" stop="20221124193000 +0000" catchup-id="NlAJfdmoSf6kM1MgdZ1PQoTdgyAApisOkcudnAyu"><title>Whiplash</title><date></date><icon src="https://m7be2.solocoo.tv/m7be2iphone/mmchan/mpimages/208x308/JfAapbEdLiXoP-RAWkDe0A.jpg"></icon><desc></desc><category></category></programme><programme channel="o73NpJY2tTyCcy_EDHmUHyApTZd4YV9pPCGxUVGz" start="20221124193000 +0000" stop="20221124211000 +0000" catchup-id="flC5Enc_jxZ4J1V84utgi2L6QDu4fLQpcmwPXyAW"><title>Year One</title><date></date><icon src="https://m7be2.solocoo.tv/m7be2iphone/mmchan/mpimages/208x308/bWSnqd9YSWmWnwvNNZ-yTw.jpg"></icon><desc></desc><category></category></programme><programme channel="o73NpJY2tTyCcy_EDHmUHyApTZd4YV9pPCGxUVGz" start="20221124211000 +0000" stop="20221124232500 +0000" catchup-id="WiG4dCx2zADkXBzRYUr7vcZVKufAUgL-5-3yBbhS"><title>Foxcatcher</title><date></date><icon src="https://m7be2.solocoo.tv/m7be2iphone/mmchan/mpimages/208x308/CJTg37HEtefvRCQYW6a95w.jpg"></icon><desc></desc><category></category></programme><programme channel="o73NpJY2tTyCcy_EDHmUHyApTZd4YV9pPCGxUVGz" start="20221124232500 +0000" stop="20221125000000 +0000" catchup-id="pt_08_21BaQz6P3hcr7sKxAykcbGx4INV17qI_E9"><title>The Artist 2</title><date></date><icon src="https://m7be2.solocoo.tv/m7be2iphone/mmchan/mpimages/208x308/gEznr8gR0BUD3TJcLYhVnw.jpg"></icon><desc></desc><category></category></programme><programme channel="o73NpJY2tTyCcy_EDHmUHyApTZd4YV9pPCGxUVGz" start="20221125000000 +0000" stop="20221125003000 +0000" catchup-id="gRrUim9ofRppaG02FSWYkU06LnsNVstoh7SFXo-3"><title>So Wet Beside Her 2</title><date></date><icon src="https://m7be2.solocoo.tv/m7be2iphone/mmchan/mpimages/208x308/bWyqprS8Mhuixlj1DJMbYA.jpg"></icon><desc></desc><category></category></programme><programme channel="o73NpJY2tTyCcy_EDHmUHyApTZd4YV9pPCGxUVGz" start="20221125003000 +0000" stop="20221125020000 +0000" catchup-id="LVbUUzY-oUAvEU_Q0_YwBboLq5S9F5zkiCDbkID-"><title>Murdered at 17</title><date></date><icon src="https://m7be2.solocoo.tv/m7be2iphone/mmchan/mpimages/208x308/Oh_qpuzV7tdjlXN4tURdoA.jpg"></icon><desc></desc><category></category></programme><programme channel="o73NpJY2tTyCcy_EDHmUHyApTZd4YV9pPCGxUVGz" start="20221125020000 +0000" stop="20221125040000 +0000" catchup-id="zGZ018smcuxgYb0AnPdCTQJk-B3B531NiAj7N-WD"><title>The Pagan King</title><date></date><icon src="https://m7be2.solocoo.tv/m7be2iphone/mmchan/mpimages/208x308/uvRXEd6IAxIwbNUdJ4qGBA.jpg"></icon><desc></desc><category></category></programme><programme channel="o73NpJY2tTyCcy_EDHmUHyApTZd4YV9pPCGxUVGz" start="20221125040000 +0000" stop="20221125053000 +0000" catchup-id="iHWw9ggBo92XX7GJL22UQeOZnjS9RCdZLo_raLWG"><title>Killer Single Dad</title><date></date><icon src="https://m7be2.solocoo.tv/m7be2iphone/mmchan/mpimages/208x308/egqrV-_C25ByxYeSC7STJg.jpg"></icon><desc></desc><category></category></programme><programme channel="o73NpJY2tTyCcy_EDHmUHyApTZd4YV9pPCGxUVGz" start="20221125053000 +0000" stop="20221125074000 +0000" catchup-id="etpz4SalBFgNQIcJKS7bQ2D1RAmKsLoSVietBDaz"><title>Madre</title><date></date><icon src="https://m7be2.solocoo.tv/m7be2iphone/mmchan/mpimages/208x308/Wbk-us2wSlsNJUXU2rqLAQ.jpg"></icon><desc></desc><category></category></programme><programme channel="o73NpJY2tTyCcy_EDHmUHyApTZd4YV9pPCGxUVGz" start="20221125074000 +0000" stop="20221125093000 +0000" catchup-id="gxd63ienlJgGQpHI3jpnjBiZEouHWtcdA4Si-dW8"><title>Admission</title><date></date><icon src="https://m7be2.solocoo.tv/m7be2iphone/mmchan/mpimages/208x308/mJ7j8zmMKIYTzs1fMf6u4g.jpg"></icon><desc></desc><category></category></programme><programme channel="o73NpJY2tTyCcy_EDHmUHyApTZd4YV9pPCGxUVGz" start="20221125093000 +0000" stop="20221125114000 +0000" catchup-id="zkrZOlZF8mQzyw0KUe0o34av8tBXuR4s2Ps0Z1By"><title>The People vs. Larry Flynt</title><date></date><icon src="https://m7be2.solocoo.tv/m7be2iphone/mmchan/mpimages/208x308/nPdfynndn5ihOVMiOD2_nQ.jpg"></icon><desc></desc><category></category></programme><programme channel="o73NpJY2tTyCcy_EDHmUHyApTZd4YV9pPCGxUVGz" start="20221125114000 +0000" stop="20221125131000 +0000" catchup-id="5EfPIV4044A-shcKsklY_edwFitF6FI-1ALn4w7l"><title>Mister Mayfair</title><date></date><icon src="https://m7be2.solocoo.tv/m7be2iphone/mmchan/mpimages/208x308/KxkZxA8kCTXinBtHVQX96g.jpg"></icon><desc></desc><category></category></programme><programme channel="o73NpJY2tTyCcy_EDHmUHyApTZd4YV9pPCGxUVGz" start="20221125131000 +0000" stop="20221125144000 +0000" catchup-id="NUUSZ8KJDlxL9MTiZZd0aWZqeFtmyaKQKKVH9LJG"><title>Mister Mayfair - A Song to Kill For</title><date></date><icon src="https://m7be2.solocoo.tv/m7be2iphone/mmchan/mpimages/208x308/iYBtbcQFBX3X5p2G-LBbsw.jpg"></icon><desc></desc><category></category></programme><programme channel="o73NpJY2tTyCcy_EDHmUHyApTZd4YV9pPCGxUVGz" start="20221125144000 +0000" stop="20221125161000 +0000" catchup-id="sa-BUSwZon5M0zFyEB6GWvhCFbYDKVzy99iVqoe4"><title>Mister Mayfair - The Spyce of Life</title><date></date><icon src="https://m7be2.solocoo.tv/m7be2iphone/mmchan/mpimages/208x308/oWI-UC9z66PEdM6HBIMl3A.jpg"></icon><desc></desc><category></category></programme><programme channel="o73NpJY2tTyCcy_EDHmUHyApTZd4YV9pPCGxUVGz" start="20221125161000 +0000" stop="20221125175000 +0000" catchup-id="k8ZPlKzZbBx9VDod2UrbwMEegx1BZjT7jEUHqSiC"><title>Mister Mayfair - Shooting Paul</title><date></date><icon src="https://m7be2.solocoo.tv/m7be2iphone/mmchan/mpimages/208x308/-AcJOpF7eXh3dVDD0xN4vA.jpg"></icon><desc></desc><category></category></programme><programme channel="o73NpJY2tTyCcy_EDHmUHyApTZd4YV9pPCGxUVGz" start="20221125175000 +0000" stop="20221125193000 +0000" catchup-id="h2_DYHExeUQTNiG5AvzwXcAuQOsCs_lsae7MFIt8"><title>Mister Mayfair - Serena's Game</title><date></date><icon src="https://m7be2.solocoo.tv/m7be2iphone/mmchan/mpimages/208x308/99-ujvGngKaF5MAHYDvC6A.jpg"></icon><desc></desc><category></category></programme><programme channel="o73NpJY2tTyCcy_EDHmUHyApTZd4YV9pPCGxUVGz" start="20221125193000 +0000" stop="20221125211000 +0000" catchup-id="MGdVkaiczMfLE7t9kwgSW6kDtMh7gJ301vHHMNGK"><title>Fargo</title><date></date><icon src="https://m7be2.solocoo.tv/m7be2iphone/mmchan/mpimages/208x308/xktr26kEZFRQJ3iuO2vvLQ.jpg"></icon><desc></desc><category></category></programme><programme channel="o73NpJY2tTyCcy_EDHmUHyApTZd4YV9pPCGxUVGz" start="20221125211000 +0000" stop="20221125230500 +0000" catchup-id="4Wjkhg4UhJMIYSMhsx0kdNC49We18cr0VTIGstfX"><title>The Reckoning</title><date></date><icon src="https://m7be2.solocoo.tv/m7be2iphone/mmchan/mpimages/208x308/zq8TFDzbzuYK1CYRcKFwzA.jpg"></icon><desc></desc><category></category></programme><programme channel="o73NpJY2tTyCcy_EDHmUHyApTZd4YV9pPCGxUVGz" start="20221125230500 +0000" stop="20221126005500 +0000" catchup-id="zMfOV9zrfRDzJ5dL5FyX3Owmo8z4JblbrvOv0z_C"><title>Pride and Prejudice and Zombies</title><date></date><icon src="https://m7be2.solocoo.tv/m7be2iphone/mmchan/mpimages/208x308/X_XLVbzSdEm1fkr9GXAkSA.jpg"></icon><desc></desc><category></category></programme><programme channel="o73NpJY2tTyCcy_EDHmUHyApTZd4YV9pPCGxUVGz" start="20221126005500 +0000" stop="20221126012500 +0000" catchup-id="8nbYgpduwooMBtJqndn5TIss9zOsakct4zcoJVdO"><title>Wet! 1</title><date></date><icon src="https://m7be2.solocoo.tv/m7be2iphone/mmchan/mpimages/208x308/gEznr8gR0BUD3TJcLYhVnw.jpg"></icon><desc></desc><category></category></programme><programme channel="o73NpJY2tTyCcy_EDHmUHyApTZd4YV9pPCGxUVGz" start="20221126012500 +0000" stop="20221126033000 +0000" catchup-id="yDZwDx8n1shm00Rdkod1M33xQRcGMlg_ltTZ30h0"><title>The 6th Day</title><date></date><icon src="https://m7be2.solocoo.tv/m7be2iphone/mmchan/mpimages/208x308/ZGmEbZVmuo8oS6dBAgLS_A.jpg"></icon><desc></desc><category></category></programme><programme channel="o73NpJY2tTyCcy_EDHmUHyApTZd4YV9pPCGxUVGz" start="20221126033000 +0000" stop="20221126040500 +0000" catchup-id="kc93wq_hYi_N0Ztg051_Bmnsou1waVruqUY8xppU"><title>Hollywood's Best Film Directors : Kenneth Branagh</title><date></date><icon src="https://m7be2.solocoo.tv/m7be2iphone/mmchan/mpimages/208x308/VAJbnshBM8LMKwQtgDj0wg.jpg"></icon><desc></desc><category></category></programme><programme channel="o73NpJY2tTyCcy_EDHmUHyApTZd4YV9pPCGxUVGz" start="20221126040500 +0000" stop="20221126053000 +0000" catchup-id="KpgCo8onXChkHTTUhq483CUMBbNfLbcvHKe4raNi"><title>The Ambassador to Bern</title><date></date><icon src="https://m7be2.solocoo.tv/m7be2iphone/mmchan/mpimages/260x145/8GFqPASRO-_JLppS5pAxhg.jpg"></icon><desc></desc><category></category></programme><programme channel="o73NpJY2tTyCcy_EDHmUHyApTZd4YV9pPCGxUVGz" start="20221126053000 +0000" stop="20221126070500 +0000" catchup-id="tj-RrSlI0wsRI8uaeA8f8JQ2RZK9qtEn4B9UEKmz"><title>Vader met vier kinderen: Op de top</title><date></date><icon src="https://m7be2.solocoo.tv/m7be2iphone/mmchan/mpimages/260x145/aA9CS5njZnBp-oY1BXRNkQ.jpg"></icon><desc></desc><category></category></programme><programme channel="o73NpJY2tTyCcy_EDHmUHyApTZd4YV9pPCGxUVGz" start="20221126070500 +0000" stop="20221126085000 +0000" catchup-id="Uvo2u3VFBefB0PJEGIdqbdR3aC2JTpYnnGEIXLDv"><title>Yoko</title><date></date><icon src="https://m7be2.solocoo.tv/m7be2iphone/mmchan/mpimages/260x145/PrHccWlB8fCHXaSl6C4KPw.jpg"></icon><desc></desc><category></category></programme><programme channel="o73NpJY2tTyCcy_EDHmUHyApTZd4YV9pPCGxUVGz" start="20221126085000 +0000" stop="20221126103500 +0000" catchup-id="0FCuBUUP4_P4RHMPPbADePkyXBOKhaMNtOQKusGs"><title>Snuf de Hond in Oorlogstijd</title><date></date><icon src="https://m7be2.solocoo.tv/m7be2iphone/mmchan/mpimages/260x145/8jomXUmvxfmFAyhfKBpnzw.jpg"></icon><desc></desc><category></category></programme><programme channel="o73NpJY2tTyCcy_EDHmUHyApTZd4YV9pPCGxUVGz" start="20221126103500 +0000" stop="20221126120500 +0000" catchup-id="ZuCCPQQbuhoKWmNCxbMcJxkGhM2z-zz4gLmIGoT5"><title>De Piraten! Alle Buitenbeentjes Aan Dek</title><date></date><icon src="https://m7be2.solocoo.tv/m7be2iphone/mmchan/mpimages/260x145/xFj1gmYNpaQsA9DbjcczMA.jpg"></icon><desc></desc><category></category></programme><programme channel="o73NpJY2tTyCcy_EDHmUHyApTZd4YV9pPCGxUVGz" start="20221126120500 +0000" stop="20221126135500 +0000" catchup-id="AQPmuocW-LxVjGgHt-2H-e0oTez793P064Xvmsa1"><title>Timboektoe</title><date></date><icon src="https://m7be2.solocoo.tv/m7be2iphone/mmchan/mpimages/260x145/nk2PkoJ_mTvxpP2nTBShGg.jpg"></icon><desc></desc><category></category></programme><programme channel="o73NpJY2tTyCcy_EDHmUHyApTZd4YV9pPCGxUVGz" start="20221126135500 +0000" stop="20221126160000 +0000" catchup-id="WBbz7D-EMztZKJyr-7sgXdjVsqeHH3GQPh6gAC8q"><title>Radeloos</title><date></date><icon src="https://m7be2.solocoo.tv/m7be2iphone/mmchan/mpimages/260x145/1ww9CpT19Jm32oq5w4Ezrw.jpg"></icon><desc></desc><category></category></programme><programme channel="o73NpJY2tTyCcy_EDHmUHyApTZd4YV9pPCGxUVGz" start="20221126160000 +0000" stop="20221126174500 +0000" catchup-id="6zpocqRpMrg5zHG_3tX964RbQo-NB5GX0tE2qqnZ"><title>Jackie</title><date></date><icon src="https://m7be2.solocoo.tv/m7be2iphone/mmchan/mpimages/260x145/EAZ2PJP5-B0BQO7hdctQOw.jpg"></icon><desc></desc><category></category></programme><programme channel="o73NpJY2tTyCcy_EDHmUHyApTZd4YV9pPCGxUVGz" start="20221126174500 +0000" stop="20221126193000 +0000" catchup-id="hZCbfpbvThT7UFj27PvAhod_iQdm0uCtzIgvCqbl"><title>Desperately Seeking Susan</title><date></date><icon src="https://m7be2.solocoo.tv/m7be2iphone/mmchan/mpimages/260x145/--_v7C6mDPyXxXg8ekZR-Q.jpg"></icon><desc></desc><category></category></programme><programme channel="o73NpJY2tTyCcy_EDHmUHyApTZd4YV9pPCGxUVGz" start="20221126193000 +0000" stop="20221126212500 +0000" catchup-id="gs_wvES9Rm9lG71WNN9LeJgZyhb5NtlQyh26pR0N"><title>Malavita</title><date></date><icon src="https://m7be2.solocoo.tv/m7be2iphone/mmchan/mpimages/260x145/GaNSD8CZ1BMsskU7NGaS6A.jpg"></icon><desc></desc><category></category></programme><programme channel="o73NpJY2tTyCcy_EDHmUHyApTZd4YV9pPCGxUVGz" start="20221126212500 +0000" stop="20221126232500 +0000" catchup-id="VkC9_2iHM3dEje06rUM1-vm08H6xpm5SPrSR_zPL"><title>Daglicht</title><date></date><icon src="https://m7be2.solocoo.tv/m7be2iphone/mmchan/mpimages/260x145/nKSy7KHSmfISc3GBNzHfDQ.jpg"></icon><desc></desc><category></category></programme><programme channel="o73NpJY2tTyCcy_EDHmUHyApTZd4YV9pPCGxUVGz" start="20221126232500 +0000" stop="20221127000000 +0000" catchup-id="hdg7KJGEWl3jWYTZFcuYstOhfNp4crLw8Gq4TOwX"><title>Delicate But Raw II 1</title><date></date><icon src="https://m7be2.solocoo.tv/m7be2iphone/mmchan/mpimages/260x145/bWyqprS8Mhuixlj1DJMbYA.jpg"></icon><desc></desc><category></category></programme><programme channel="o73NpJY2tTyCcy_EDHmUHyApTZd4YV9pPCGxUVGz" start="20221127000000 +0000" stop="20221127015000 +0000" catchup-id="Yl-xWUJOW16EG07WbheGHEn-gg5DbGFXKr7fK-Fq"><title>Nothing But the Truth</title><date></date><icon src="https://m7be2.solocoo.tv/m7be2iphone/mmchan/mpimages/260x145/1sxQXUVLe2oG_vrbhVDoIQ.jpg"></icon><desc></desc><category></category></programme><programme channel="o73NpJY2tTyCcy_EDHmUHyApTZd4YV9pPCGxUVGz" start="20221127015000 +0000" stop="20221127034000 +0000" catchup-id="_g4HpmG4Ncdh0SwNHlf-WHSvnwXfgjtVALjyRZgd"><title>The Expatriate</title><date></date><icon src="https://m7be2.solocoo.tv/m7be2iphone/mmchan/mpimages/260x145/LYmPY8hfY6SNUbx-5GpohA.jpg"></icon><desc></desc><category></category></programme><programme channel="o73NpJY2tTyCcy_EDHmUHyApTZd4YV9pPCGxUVGz" start="20221127034000 +0000" stop="20221127053000 +0000" catchup-id="mSeNZoyTwX-STzEgLuhoT48B7Dy7n3F9R1oBSp4T"><title>Krews</title><date></date><icon src="https://m7be2.solocoo.tv/m7be2iphone/mmchan/mpimages/260x145/t0fmRZH1jJkRAnAWoT1Juw.jpg"></icon><desc></desc><category></category></programme><programme channel="o73NpJY2tTyCcy_EDHmUHyApTZd4YV9pPCGxUVGz" start="20221127053000 +0000" stop="20221127070500 +0000" catchup-id="o-KV9loKTaHGORWLgY-qrNG1YuvnrFYKsonXM-8X"><title>Heksje Lilly en de reis naar Mandolan</title><date></date><icon src="https://m7be2.solocoo.tv/m7be2iphone/mmchan/mpimages/260x145/QH04ALBPVSZdj8I72N-E6w.jpg"></icon><desc></desc><category></category></programme><programme channel="o73NpJY2tTyCcy_EDHmUHyApTZd4YV9pPCGxUVGz" start="20221127070500 +0000" stop="20221127084000 +0000" catchup-id="AXEDFEq_X9mhPZyrG4kmmzIwOPxXIKPcmaseWWnz"><title>Vampierzusjes 2: Vleermuizen in je buik</title><date></date><icon src="https://m7be2.solocoo.tv/m7be2iphone/mmchan/mpimages/260x145/ncyhdrNIfxFCWV4SImdUiA.jpg"></icon><desc></desc><category></category></programme><programme channel="o73NpJY2tTyCcy_EDHmUHyApTZd4YV9pPCGxUVGz" start="20221127084000 +0000" stop="20221127100500 +0000" catchup-id="t1KLJZk56Gjoykw09oLalna16vzS5Gce-5tvTXDr"><title>Casper &amp; Emma – Beste vriendjes</title><date></date><icon src="https://m7be2.solocoo.tv/m7be2iphone/mmchan/mpimages/260x145/YI6Bk2hmr9rsv70ePmwbuA.jpg"></icon><desc></desc><category></category></programme><programme channel="o73NpJY2tTyCcy_EDHmUHyApTZd4YV9pPCGxUVGz" start="20221127100500 +0000" stop="20221127113500 +0000" catchup-id="tHA0MjeEKCxpgLmjov-umvN0z1fymoTzI3aUP2DV"><title>De Dolle Tweeling</title><date></date><icon src="https://m7be2.solocoo.tv/m7be2iphone/mmchan/mpimages/260x145/_OyDJ51zeOMBWrhqSGUOLg.jpg"></icon><desc></desc><category></category></programme><programme channel="o73NpJY2tTyCcy_EDHmUHyApTZd4YV9pPCGxUVGz" start="20221127113500 +0000" stop="20221127130500 +0000" catchup-id="K_uoeKkGX6yNznhAF2wIxERR4FITWnvYTGR_jxif"><title>De Emoji Film</title><date></date><icon src="https://m7be2.solocoo.tv/m7be2iphone/mmchan/mpimages/260x145/EjkyiVkmKSj4kRdPqJjCow.jpg"></icon><desc></desc><category></category></programme><programme channel="o73NpJY2tTyCcy_EDHmUHyApTZd4YV9pPCGxUVGz" start="20221127130500 +0000" stop="20221127143500 +0000" catchup-id="kR1joMAenDmvYV7KJog4LBm7F7J-wUb8yTsX0f9U"><title>First Kiss</title><date></date><icon src="https://m7be2.solocoo.tv/m7be2iphone/mmchan/mpimages/260x145/Xuf0_F2ZCSPAQjR3FR9eyw.jpg"></icon><desc></desc><category></category></programme><programme channel="o73NpJY2tTyCcy_EDHmUHyApTZd4YV9pPCGxUVGz" start="20221127143500 +0000" stop="20221127161500 +0000" catchup-id="d66WTk4zJX-ABLb1-N2uGbAiOeEVxQVIarFquTwF"><title>Antoinette dans les Cévennes</title><date></date><icon src="https://m7be2.solocoo.tv/m7be2iphone/mmchan/mpimages/260x145/TXP1ppNrTlS5SNmfL-vPfQ.jpg"></icon><desc></desc><category></category></programme><programme channel="o73NpJY2tTyCcy_EDHmUHyApTZd4YV9pPCGxUVGz" start="20221127161500 +0000" stop="20221127180000 +0000" catchup-id="yAVW68pOyPPFBmNHpIElR_F_4zjoSHsPwY4ts4Gd"><title>Fête de famille</title><date></date><icon src="https://m7be2.solocoo.tv/m7be2iphone/mmchan/mpimages/260x145/kvznk3ohtcIJK_Je91J2WQ.jpg"></icon><desc></desc><category></category></programme><programme channel="o73NpJY2tTyCcy_EDHmUHyApTZd4YV9pPCGxUVGz" start="20221127180000 +0000" stop="20221127193000 +0000" catchup-id="Z6uyl5Q99fcSg_c95iKwJEohYNLUN6w85N9T1zqX"><title>Adieu les cons</title><date></date><icon src="https://m7be2.solocoo.tv/m7be2iphone/mmchan/mpimages/260x145/Zag4K5BfyCiL9ZSKSUnpIg.jpg"></icon><desc></desc><category></category></programme><programme channel="o73NpJY2tTyCcy_EDHmUHyApTZd4YV9pPCGxUVGz" start="20221127193000 +0000" stop="20221127211500 +0000" catchup-id="0ObP_HGj4QaFkHdspVEmhKyL4VxdCQgvO8JS88-L"><title>Sibyl</title><date></date><icon src="https://m7be2.solocoo.tv/m7be2iphone/mmchan/mpimages/260x145/T6RAFfiLY3UJVYD35_yyvA.jpg"></icon><desc></desc><category></category></programme><programme channel="o73NpJY2tTyCcy_EDHmUHyApTZd4YV9pPCGxUVGz" start="20221127211500 +0000" stop="20221127222500 +0000" catchup-id="iw43cr-CTSHpgnLCk4uxaw8VpF404GMFUZUeo2NX"><title>Narcos: Mexico : The Colombian Connection</title><date></date><icon src="https://m7be2.solocoo.tv/m7be2iphone/mmchan/mpimages/260x145/r6_Yo2y-R5yS5jmmzFk-2A.jpg"></icon><desc></desc><category></category></programme><programme channel="o73NpJY2tTyCcy_EDHmUHyApTZd4YV9pPCGxUVGz" start="20221127222500 +0000" stop="20221127232500 +0000" catchup-id="xcCvk0yvren-wRfuCfbi7qMm1WAv6_qd424MpZm5"><title>Narcos: Mexico : La Última Frontera</title><date></date><icon src="https://m7be2.solocoo.tv/m7be2iphone/mmchan/mpimages/260x145/xoLw-naMGEFCVl922yy9LQ.jpg"></icon><desc></desc><category></category></programme><programme channel="o73NpJY2tTyCcy_EDHmUHyApTZd4YV9pPCGxUVGz" start="20221127232500 +0000" stop="20221128000000 +0000" catchup-id="lraE3oC2LfJ8Us9am9_p7EPLyhwRJz_vZU1szIdy"><title>The Artist 1</title><date></date><icon src="https://m7be2.solocoo.tv/m7be2iphone/mmchan/mpimages/260x145/bWyqprS8Mhuixlj1DJMbYA.jpg"></icon><desc></desc><category></category></programme><programme channel="o73NpJY2tTyCcy_EDHmUHyApTZd4YV9pPCGxUVGz" start="20221128000000 +0000" stop="20221128003000 +0000" catchup-id="jtljg8-4OOx0M6PW99-Wf5I-4DWMIOfUAP4WY4uO"><title>Steamy Stories 3</title><date></date><icon src="https://m7be2.solocoo.tv/m7be2iphone/mmchan/mpimages/260x145/UJwAHyZsRfSwUuEdmvxxig.jpg"></icon><desc></desc><category></category></programme><programme channel="o73NpJY2tTyCcy_EDHmUHyApTZd4YV9pPCGxUVGz" start="20221128003000 +0000" stop="20221128021000 +0000" catchup-id="x5A535JXdUHUryb8h8rDJPzqRMyUeeuW1zUBL58y"><title>The Phantom Father</title><date></date><icon src="https://m7be2.solocoo.tv/m7be2iphone/mmchan/mpimages/260x145/mGlUnHnUCZdniLkn4_H6Ng.jpg"></icon><desc></desc><category></category></programme><programme channel="o73NpJY2tTyCcy_EDHmUHyApTZd4YV9pPCGxUVGz" start="20221128021000 +0000" stop="20221128035000 +0000" catchup-id="pivsdHSl1I9OsDVb2VAveOGvrz3WqsR50SkcWDd3"><title>North &amp; South: The Battle of New Market</title><date></date><icon src="https://m7be2.solocoo.tv/m7be2iphone/mmchan/mpimages/260x145/5QPZyNNHC3RGRe3VGNH3kw.jpg"></icon><desc></desc><category></category></programme><programme channel="o73NpJY2tTyCcy_EDHmUHyApTZd4YV9pPCGxUVGz" start="20221128035000 +0000" stop="20221128053000 +0000" catchup-id="wie4ArOhfJ_6C5i12Nde5ArmImSHUVPIoI-JAU1l"><title>Answer Me</title><date></date><icon src="https://m7be2.solocoo.tv/m7be2iphone/mmchan/mpimages/260x145/-WUDT28J6sBoCwvWTYmDfg.jpg"></icon><desc></desc><category></category></programme><programme channel="o73NpJY2tTyCcy_EDHmUHyApTZd4YV9pPCGxUVGz" start="20221128053000 +0000" stop="20221128070500 +0000" catchup-id="4Wr6f7ylA2kXHSqg6LLJncY5NjMCI9U7wCz_Xw29"><title>Roald Dahl's Esio Trot</title><date></date><icon src="https://m7be2.solocoo.tv/m7be2iphone/mmchan/mpimages/260x145/dfzb9xHSpT67csPvT01tEQ.jpg"></icon><desc></desc><category></category></programme><programme channel="o73NpJY2tTyCcy_EDHmUHyApTZd4YV9pPCGxUVGz" start="20221128070500 +0000" stop="20221128084500 +0000" catchup-id="g8V4DIeUeIuiVzRrDH2sHdpRH8TtOcTuObwCTrWn"><title>Love Type D</title><date></date><icon src="https://m7be2.solocoo.tv/m7be2iphone/mmchan/mpimages/260x145/aNy8UkKLEkHe0_dgfIcK8g.jpg"></icon><desc></desc><category></category></programme><programme channel="o73NpJY2tTyCcy_EDHmUHyApTZd4YV9pPCGxUVGz" start="20221128084500 +0000" stop="20221128104000 +0000" catchup-id="WaZCNj6lvJxgxW4dT7Hrc7pKKQOSepIuxxFpBNHa"><title>Bravetown</title><date></date><icon src="https://m7be2.solocoo.tv/m7be2iphone/mmchan/mpimages/260x145/QQMJX9iXC5fzu_nNsQPbZg.jpg"></icon><desc></desc><category></category></programme><programme channel="o73NpJY2tTyCcy_EDHmUHyApTZd4YV9pPCGxUVGz" start="20221128104000 +0000" stop="20221128123000 +0000" catchup-id="5yUXpeKxf2keDClTXQtDA6kMuwtmnNDRcLtfNOB9"><title>Film Stars Don't Die in Liverpool</title><date></date><icon src="https://m7be2.solocoo.tv/m7be2iphone/mmchan/mpimages/260x145/9MpIr_WbtN-z7CcSssQL7A.jpg"></icon><desc></desc><category></category></programme><programme channel="o73NpJY2tTyCcy_EDHmUHyApTZd4YV9pPCGxUVGz" start="20221128123000 +0000" stop="20221128141000 +0000" catchup-id="1grwGCp3i_gPOJs0-JR9QO89Fj9pPou2RHmk7lwS"><title>The Forger</title><date></date><icon src="https://m7be2.solocoo.tv/m7be2iphone/mmchan/mpimages/260x145/v643w22WXiBF83cRUPXVIw.jpg"></icon><desc></desc><category></category></programme><programme channel="o73NpJY2tTyCcy_EDHmUHyApTZd4YV9pPCGxUVGz" start="20221128141000 +0000" stop="20221128160000 +0000" catchup-id="AEOXYaNcAeULZf1mW62AzZnrwTwacCtjuZ3k33cZ"><title>The Company Men</title><date></date><icon src="https://m7be2.solocoo.tv/m7be2iphone/mmchan/mpimages/260x145/MtW7EtagCckP6OAIo5zRlQ.jpg"></icon><desc></desc><category></category></programme><programme channel="o73NpJY2tTyCcy_EDHmUHyApTZd4YV9pPCGxUVGz" start="20221128160000 +0000" stop="20221128175000 +0000" catchup-id="Gi-Q7heZJQ_pksJwB2MnLlQvAnatRseAe0ZLJPDq"><title>The Young and Prodigious T.S. Spivet</title><date></date><icon src="https://m7be2.solocoo.tv/m7be2iphone/mmchan/mpimages/260x145/JeNPuT8KRwxIPTJTXrXErQ.jpg"></icon><desc></desc><category></category></programme><programme channel="o73NpJY2tTyCcy_EDHmUHyApTZd4YV9pPCGxUVGz" start="20221128175000 +0000" stop="20221128193000 +0000" catchup-id="iPcA8XPQpfOd8Cq72J8GjewmbfQGrp-gvRE8RxmR"><title>The Year Dolly Parton Was My Mom</title><date></date><icon src="https://m7be2.solocoo.tv/m7be2iphone/mmchan/mpimages/260x145/NAW-vOpVszikl8u6d9DvRA.jpg"></icon><desc></desc><category></category></programme><programme channel="o73NpJY2tTyCcy_EDHmUHyApTZd4YV9pPCGxUVGz" start="20221128193000 +0000" stop="20221128212000 +0000" catchup-id="bbmzVTi67vSa3K07Oq_HTTmpGg41or8gRF-vqb9t"><title>The Postcard Killings</title><date></date><icon src="https://m7be2.solocoo.tv/m7be2iphone/mmchan/mpimages/260x145/dzP-YTiaZIv6YXt9RF0XJA.jpg"></icon><desc></desc><category></category></programme><programme channel="o73NpJY2tTyCcy_EDHmUHyApTZd4YV9pPCGxUVGz" start="20221128212000 +0000" stop="20221128223000 +0000" catchup-id="Chhq8jkC0aOH2QmYq064tCgSmjP83dYcYnfo8tz4"><title>Narcos: Mexico : Jefe de Jefes</title><date></date><icon src="https://m7be2.solocoo.tv/m7be2iphone/mmchan/mpimages/260x145/0a3v1pE4Z3fU0IvJD92n8w.jpg"></icon><desc></desc><category></category></programme><programme channel="o73NpJY2tTyCcy_EDHmUHyApTZd4YV9pPCGxUVGz" start="20221128223000 +0000" stop="20221128233500 +0000" catchup-id="vKyQLB_hk5WmOlK_u0j7Lc5rOmOLCOQrW8CrKCio"><title>Narcos: Mexico : Just Say No</title><date></date><icon src="https://m7be2.solocoo.tv/m7be2iphone/mmchan/mpimages/260x145/0a3v1pE4Z3fU0IvJD92n8w.jpg"></icon><desc></desc><category></category></programme><programme channel="o73NpJY2tTyCcy_EDHmUHyApTZd4YV9pPCGxUVGz" start="20221128233500 +0000" stop="20221129001000 +0000" catchup-id="-pu91BeJAIc6Fq2xZdHel6UIo_L1XXVyr3if6nYH"><title>The Artist 3</title><date></date><icon src="https://m7be2.solocoo.tv/m7be2iphone/mmchan/mpimages/260x145/UZ9EppRnhdvCokPp7KX0bQ.jpg"></icon><desc></desc><category></category></programme><programme channel="o73NpJY2tTyCcy_EDHmUHyApTZd4YV9pPCGxUVGz" start="20221129001000 +0000" stop="20221129004000 +0000" catchup-id="u6pEgXDxabNmNJFhk7DtAgqmT2gsuiCs-APlh9zA"><title>Wet! 3</title><date></date><icon src="https://m7be2.solocoo.tv/m7be2iphone/mmchan/mpimages/260x145/r8pAvzsI3Ck3CeaiHj5EHg.jpg"></icon><desc></desc><category></category></programme><programme channel="o73NpJY2tTyCcy_EDHmUHyApTZd4YV9pPCGxUVGz" start="20221129004000 +0000" stop="20221129023000 +0000" catchup-id="mvmFgtyYrrcglOIXsDXZDklK18snfZq7gsDvPPMV"><title>Misery</title><date></date><icon src="https://m7be2.solocoo.tv/m7be2iphone/mmchan/mpimages/260x145/g2goQSWqa4EAlOhhCNTwUQ.jpg"></icon><desc></desc><category></category></programme><programme channel="o73NpJY2tTyCcy_EDHmUHyApTZd4YV9pPCGxUVGz" start="20221129023000 +0000" stop="20221129040000 +0000" catchup-id="urqo-7YCMviy_NJwbdGGwO9jeiQVmSl2XQQr3_Xq"><title>Standoff</title><date></date><icon src="https://m7be2.solocoo.tv/m7be2iphone/mmchan/mpimages/260x145/CPM4zcIAR5N2SXPlpjs8xQ.jpg"></icon><desc></desc><category></category></programme><programme channel="o73NpJY2tTyCcy_EDHmUHyApTZd4YV9pPCGxUVGz" start="20221129040000 +0000" stop="20221129053000 +0000" catchup-id="UCH_EYP-x3beWjtQYygaVFe-n1fgWdWBwuJnW_wz"><title>No One Lives</title><date></date><icon src="https://m7be2.solocoo.tv/m7be2iphone/mmchan/mpimages/260x145/uRX4ONClxFn0bc89pxB9aA.jpg"></icon><desc></desc><category></category></programme><programme channel="o73NpJY2tTyCcy_EDHmUHyApTZd4YV9pPCGxUVGz" start="20221129053000 +0000" stop="20221129071000 +0000" catchup-id="KuB97_WFUtCNpC_mCznwopoWEu8PnQscu16mrxfj"><title>Ride Like a Girl</title><date></date><icon src="https://m7be2.solocoo.tv/m7be2iphone/mmchan/mpimages/260x145/ntCDeRsFmRvMlUL5ImCBdA.jpg"></icon><desc></desc><category></category></programme><programme channel="o73NpJY2tTyCcy_EDHmUHyApTZd4YV9pPCGxUVGz" start="20221129071000 +0000" stop="20221129085000 +0000" catchup-id="GzStJjYRufg4qIOyU-NvBy8p2L8cVGqMxtbqAKHL"><title>The Better Half</title><date></date><icon src="https://m7be2.solocoo.tv/m7be2iphone/mmchan/mpimages/260x145/915H3aOtSapHF9rZ3DVq_g.jpg"></icon><desc></desc><category></category></programme><programme channel="o73NpJY2tTyCcy_EDHmUHyApTZd4YV9pPCGxUVGz" start="20221129085000 +0000" stop="20221129104500 +0000" catchup-id="F0xeZUphcbvIfPzUThWC_8arvw40VClJjnLTj65c"><title>How to Lose Friends &amp; Alienate People</title><date></date><icon src="https://m7be2.solocoo.tv/m7be2iphone/mmchan/mpimages/260x145/cc6ug5JWab4nYbMDKG8Esw.jpg"></icon><desc></desc><category></category></programme><programme channel="o73NpJY2tTyCcy_EDHmUHyApTZd4YV9pPCGxUVGz" start="20221129104500 +0000" stop="20221129123000 +0000" catchup-id="YuM5hC617k6aEbggKaNbx5BjDhSHKZFCQBbL8V9e"><title>Blame</title><date></date><icon src="https://m7be2.solocoo.tv/m7be2iphone/mmchan/mpimages/260x145/DLsAvoQnoNNLkO1FiI-ofg.jpg"></icon><desc></desc><category></category></programme><programme channel="o73NpJY2tTyCcy_EDHmUHyApTZd4YV9pPCGxUVGz" start="20221129123000 +0000" stop="20221129142500 +0000" catchup-id="ZdXSzRlQregZQj6vBGrexlc7FMS9ViC1KUWKbDO3"><title>Rat Race</title><date></date><icon src="https://m7be2.solocoo.tv/m7be2iphone/mmchan/mpimages/260x145/kSHREEuSbUxJpm8n9fg3Pw.jpg"></icon><desc></desc><category></category></programme><programme channel="o73NpJY2tTyCcy_EDHmUHyApTZd4YV9pPCGxUVGz" start="20221129142500 +0000" stop="20221129161000 +0000" catchup-id="fRXORewUw_DeOe2mhTxz5_U-cZHx7KjqHE8NrG72"><title>America's Sweethearts</title><date></date><icon src="https://m7be2.solocoo.tv/m7be2iphone/mmchan/mpimages/260x145/wc-LZ_469qX_wG2YQlNJDw.jpg"></icon><desc></desc><category></category></programme><programme channel="o73NpJY2tTyCcy_EDHmUHyApTZd4YV9pPCGxUVGz" start="20221129161000 +0000" stop="20221129175000 +0000" catchup-id="5kcG7Wf2JzFZvJqXp-8PxoyAFqW2TeXdy4CkDinl"><title>Year One</title><date></date><icon src="https://m7be2.solocoo.tv/m7be2iphone/mmchan/mpimages/260x145/bWSnqd9YSWmWnwvNNZ-yTw.jpg"></icon><desc></desc><category></category></programme><programme channel="o73NpJY2tTyCcy_EDHmUHyApTZd4YV9pPCGxUVGz" start="20221129175000 +0000" stop="20221129193000 +0000" catchup-id="TFuLOSzSbzmDOoTFJ27VmYq2l2Ri7aJVgsCc4GIJ"><title>Mister Mayfair - Serena's Game</title><date></date><icon src="https://m7be2.solocoo.tv/m7be2iphone/mmchan/mpimages/260x145/99-ujvGngKaF5MAHYDvC6A.jpg"></icon><desc></desc><category></category></programme><programme channel="o73NpJY2tTyCcy_EDHmUHyApTZd4YV9pPCGxUVGz" start="20221129193000 +0000" stop="20221129212000 +0000" catchup-id="TT-zUQ5oH5kJw_iHSo_636dV50tu0pFVRedvvOXd"><title>Get Shorty</title><date></date><icon src="https://m7be2.solocoo.tv/m7be2iphone/mmchan/mpimages/260x145/gkBoHsUCVQQLYQ1qkxg-Pg.jpg"></icon><desc></desc><category></category></programme><programme channel="o73NpJY2tTyCcy_EDHmUHyApTZd4YV9pPCGxUVGz" start="20221129212000 +0000" stop="20221129231500 +0000" catchup-id="lP0V3vxLq5IGcwNR8oax_J4Wasg2JOROlD25ox7e"><title>Malavita</title><date></date><icon src="https://m7be2.solocoo.tv/m7be2iphone/mmchan/mpimages/260x145/GaNSD8CZ1BMsskU7NGaS6A.jpg"></icon><desc></desc><category></category></programme><programme channel="o73NpJY2tTyCcy_EDHmUHyApTZd4YV9pPCGxUVGz" start="20221129231500 +0000" stop="20221129235000 +0000" catchup-id="YXZmVo75XdGdzINeBifWRL5or1nxjflFJni6xTyu"><title>Steamy Stories 2</title><date></date><icon src="https://m7be2.solocoo.tv/m7be2iphone/mmchan/mpimages/260x145/U9xOOF7-lxFdeub0UaMJNQ.jpg"></icon><desc></desc><category></category></programme><programme channel="o73NpJY2tTyCcy_EDHmUHyApTZd4YV9pPCGxUVGz" start="20221129235000 +0000" stop="20221130002000 +0000" catchup-id="jGkI1sJtbpuG4Oe64OH5ncEFpbMIDJg74zpXINvb"><title>A Touch of Lust 3</title><date></date><icon src="https://m7be2.solocoo.tv/m7be2iphone/mmchan/mpimages/260x145/R7GO4j_bygbCwbe0T972Lw.jpg"></icon><desc></desc><category></category></programme><programme channel="o73NpJY2tTyCcy_EDHmUHyApTZd4YV9pPCGxUVGz" start="20221130002000 +0000" stop="20221130020000 +0000" catchup-id="U3xQW4WaoBKtS2w6UXKpImnXswj5ihCMeNzy8b_7"><title>The Baytown Outlaws</title><date></date><icon src="https://m7be2.solocoo.tv/m7be2iphone/mmchan/mpimages/260x145/ffCFFVwICItB_fSUVzIzbg.jpg"></icon><desc></desc><category></category></programme><programme channel="o73NpJY2tTyCcy_EDHmUHyApTZd4YV9pPCGxUVGz" start="20221130020000 +0000" stop="20221130035000 +0000" catchup-id="TZFJTTFpWK-wfprvWAtQMulGlieWsJy58yKOcOAj"><title>Stephen King's A Good Marriage</title><date></date><icon src="https://m7be2.solocoo.tv/m7be2iphone/mmchan/mpimages/260x145/dqwW6aFWpFHPrIKMP9tALg.jpg"></icon><desc></desc><category></category></programme><programme channel="o73NpJY2tTyCcy_EDHmUHyApTZd4YV9pPCGxUVGz" start="20221130035000 +0000" stop="20221130053000 +0000" catchup-id="tcTqjBWtNKz796khy1k-kHUtjvy0A7QGeKQeej-P"><title>The Cooler</title><date></date><icon src="https://m7be2.solocoo.tv/m7be2iphone/mmchan/mpimages/260x145/mwogX_N3baTAKyOGECp6fQ.jpg"></icon><desc></desc><category></category></programme><programme channel="o73NpJY2tTyCcy_EDHmUHyApTZd4YV9pPCGxUVGz" start="20221130053000 +0000" stop="20221130073000 +0000" catchup-id="5xI8ED6oZTw_AJUnmMN6ARWfxkep2wXha2gWPLj7"><title>Agatha Christie's Crooked House</title><date></date><icon src="https://m7be2.solocoo.tv/m7be2iphone/mmchan/mpimages/260x145/iYRHGqWz46M7mv2JA1sVHg.jpg"></icon><desc></desc><category></category></programme><programme channel="o73NpJY2tTyCcy_EDHmUHyApTZd4YV9pPCGxUVGz" start="20221130073000 +0000" stop="20221130091500 +0000" catchup-id="62VcjvH_BS7IGdSOtdYoAeEorv7SLIVPtb_S8qxL"><title>Driven to Dance</title><date></date><icon src="https://m7be2.solocoo.tv/m7be2iphone/mmchan/mpimages/260x145/cEj4niG9CN6P342kAEH4jw.jpg"></icon><desc></desc><category></category></programme><programme channel="o73NpJY2tTyCcy_EDHmUHyApTZd4YV9pPCGxUVGz" start="20221130091500 +0000" stop="20221130105000 +0000" catchup-id="LZfqThTXhjBNxpblpCoR5KRuzAuoT9ioWZCre_8r"><title>Cruise</title><date></date><icon src="https://m7be2.solocoo.tv/m7be2iphone/mmchan/mpimages/260x145/SJoB-gw7wJi7fGIs49kA2g.jpg"></icon><desc></desc><category></category></programme><programme channel="o73NpJY2tTyCcy_EDHmUHyApTZd4YV9pPCGxUVGz" start="20221130105000 +0000" stop="20221130122500 +0000" catchup-id="wNgElohoKhXuAMMQL-v85DNVQv8pYS074yC6cMz-"><title>Heksje Lilly, De draak en het magische boek</title><date></date><icon src="https://m7be2.solocoo.tv/m7be2iphone/mmchan/mpimages/260x145/KMMQtQ1Awo0L0LhvPgOxMg.jpg"></icon><desc></desc><category></category></programme><programme channel="o73NpJY2tTyCcy_EDHmUHyApTZd4YV9pPCGxUVGz" start="20221130122500 +0000" stop="20221130140500 +0000" catchup-id="Rr7smETJOuw8V-_oF8mBp7tq5I0c0fNPPHUzbY4X"><title>Vampierzusjes</title><date></date><icon src="https://m7be2.solocoo.tv/m7be2iphone/mmchan/mpimages/260x145/O1p8emMVG-72cX54fmAE4w.jpg"></icon><desc></desc><category></category></programme><programme channel="o73NpJY2tTyCcy_EDHmUHyApTZd4YV9pPCGxUVGz" start="20221130140500 +0000" stop="20221130153000 +0000" catchup-id="El_9DJS_zsCNMP-Zj2hkcqXkXhVQwrU6T1hgXrmT"><title>Zappbios: De Film van Dylan Haegens</title><date></date><icon src="https://m7be2.solocoo.tv/m7be2iphone/mmchan/mpimages/260x145/HLinjJOwwIuimuVed3jGsw.jpg"></icon><desc></desc><category></category></programme><programme channel="o73NpJY2tTyCcy_EDHmUHyApTZd4YV9pPCGxUVGz" start="20221130153000 +0000" stop="20221130175000 +0000" catchup-id="LNHOZs3hE4zVsCqze4DzNdbEsXaXN1uSx2vN_D0-"><title>De scheepsjongens van Bontekoe</title><date></date><icon src="https://m7be2.solocoo.tv/m7be2iphone/mmchan/mpimages/260x145/vaZDd3tUFc6gwVTpaJd7nQ.jpg"></icon><desc></desc><category></category></programme><programme channel="o73NpJY2tTyCcy_EDHmUHyApTZd4YV9pPCGxUVGz" start="20221130175000 +0000" stop="20221130193000 +0000" catchup-id="sUyDxqQMT26kwAAMnCd4eflZ5fllPVOMPcvTvf3c"><title>De Wonderwinkel van Mr. Magorium</title><date></date><icon src="https://m7be2.solocoo.tv/m7be2iphone/mmchan/mpimages/260x145/5TbXb3R3NoOIs5RhCpIPkg.jpg"></icon><desc></desc><category></category></programme><programme channel="o73NpJY2tTyCcy_EDHmUHyApTZd4YV9pPCGxUVGz" start="20221130193000 +0000" stop="20221130213000 +0000" catchup-id="DgKWdDS2y4DqqtTK5z_hvSFu7B_svWwosIRBYr2a"><title>Be Cool</title><date></date><icon src="https://m7be2.solocoo.tv/m7be2iphone/mmchan/mpimages/260x145/MNSWB4NFgExzFkf1t-1KnA.jpg"></icon><desc></desc><category></category></programme><programme channel="o73NpJY2tTyCcy_EDHmUHyApTZd4YV9pPCGxUVGz" start="20221130213000 +0000" stop="20221130233000 +0000" catchup-id="ZzzEj_Hv6Z5uofNVsL3HNfXhivR_GU4Wapw2zoRY"><title>Daglicht</title><date></date><icon src="https://m7be2.solocoo.tv/m7be2iphone/mmchan/mpimages/260x145/nKSy7KHSmfISc3GBNzHfDQ.jpg"></icon><desc></desc><category></category></programme><programme channel="o73NpJY2tTyCcy_EDHmUHyApTZd4YV9pPCGxUVGz" start="20221130233000 +0000" stop="20221201000000 +0000" catchup-id="Oo0mmsKudOFxPSIz0lZgF-WD9dMOyJdY4kQudO1k"><title>Wet! 2</title><date></date><icon src="https://m7be2.solocoo.tv/m7be2iphone/mmchan/mpimages/260x145/gEznr8gR0BUD3TJcLYhVnw.jpg"></icon><desc></desc><category></category></programme><programme channel="o73NpJY2tTyCcy_EDHmUHyApTZd4YV9pPCGxUVGz" start="20221201000000 +0000" stop="20221201002500 +0000" catchup-id="l9UaJtInKbnTt5zB9GGfy-0-UWYdW2u6Z0qwhyDe"><title>Black Obsession 2</title><date></date><icon src="https://m7be2.solocoo.tv/m7be2iphone/mmchan/mpimages/260x145/R7GO4j_bygbCwbe0T972Lw.jpg"></icon><desc></desc><category></category></programme><programme channel="o73NpJY2tTyCcy_EDHmUHyApTZd4YV9pPCGxUVGz" start="20221201002500 +0000" stop="20221201015500 +0000" catchup-id="yfcj6XY-syiLh2wy1N77ka4eWuG72F7rYGHq44g1"><title>Deadly Patient</title><date></date><icon src="https://m7be2.solocoo.tv/m7be2iphone/mmchan/mpimages/260x145/oRQ7uArp1gGLaI7bX0TMHg.jpg"></icon><desc></desc><category></category></programme><programme channel="o73NpJY2tTyCcy_EDHmUHyApTZd4YV9pPCGxUVGz" start="20221201015500 +0000" stop="20221201032500 +0000" catchup-id="6mWlax7HRbRWogSKP92U-bALKev74HTIQQqCXK35"><title>Killer in Red</title><date></date><icon src="https://m7be2.solocoo.tv/m7be2iphone/mmchan/mpimages/260x145/KMnPWjD3paFKVVpggRY4_g.jpg"></icon><desc></desc><category></category></programme><programme channel="o73NpJY2tTyCcy_EDHmUHyApTZd4YV9pPCGxUVGz" start="20221201032500 +0000" stop="20221201045500 +0000" catchup-id="drI2pvLYn2DY55gbHDwgocRAt37fCFI9h7DAII6J"><title>The Wrong Student</title><date></date><icon src="https://m7be2.solocoo.tv/m7be2iphone/mmchan/mpimages/260x145/9z9NuuAmZDVwa-OxTbDVqg.jpg"></icon><desc></desc><category></category></programme><programme channel="o73NpJY2tTyCcy_EDHmUHyApTZd4YV9pPCGxUVGz" start="20221201045500 +0000" stop="20221201053000 +0000" catchup-id="PRlzzzcnPVzShcBr76y4hhyTiBvWKzopzf45QhYp"><title>Hollywood's Best Film Directors : Jean-Pierre Jeunet</title><date></date><icon src="https://m7be2.solocoo.tv/m7be2iphone/mmchan/mpimages/260x145/p0ocAgX31-vUtgSv53qUAA.jpg"></icon><desc></desc><category></category></programme><programme channel="o73NpJY2tTyCcy_EDHmUHyApTZd4YV9pPCGxUVGz" start="20221201053000 +0000" stop="20221201060500 +0000" catchup-id="zolQGiw4mI-Zfmdu_WENHGoakJRghAFeNmx6bEBE"><title>Hollywood's Best Film Directors : Jan de Bont</title><date></date><icon src="https://m7be2.solocoo.tv/m7be2iphone/mmchan/mpimages/260x145/3QAKXAjmhSk_LNzhbujnzA.jpg"></icon><desc></desc><category></category></programme><programme channel="o73NpJY2tTyCcy_EDHmUHyApTZd4YV9pPCGxUVGz" start="20221201060500 +0000" stop="20221201074000 +0000" catchup-id="TzueUBtgK6n9LHDJGN2wdlV9KC8ZTrHRLHXKyk_O"><title>Citizen Jane</title><date></date><icon src="https://m7be2.solocoo.tv/m7be2iphone/mmchan/mpimages/260x145/93M_A-Ui56XL43PG8o60ZQ.jpg"></icon><desc></desc><category></category></programme><programme channel="o73NpJY2tTyCcy_EDHmUHyApTZd4YV9pPCGxUVGz" start="20221201074000 +0000" stop="20221201081500 +0000" catchup-id="gvaUzSiOoPjgT99wWcapLW6-q9qLS0BXisq9Z-sJ"><title>Hollywood's Best Film Directors : Paul Verhoeven</title><date></date><icon src="https://m7be2.solocoo.tv/m7be2iphone/mmchan/mpimages/260x145/mzhf1KB19o2sBQQJk7TASQ.jpg"></icon><desc></desc><category></category></programme><programme channel="o73NpJY2tTyCcy_EDHmUHyApTZd4YV9pPCGxUVGz" start="20221201081500 +0000" stop="20221201095000 +0000" catchup-id="3z53biWrck7n8_TXta8KOmMkYzoNG-V8x43jZXuU"><title>Nowhere Safe</title><date></date><icon src="https://m7be2.solocoo.tv/m7be2iphone/mmchan/mpimages/260x145/5QiNrai4MhAr6XPEoYQphQ.jpg"></icon><desc></desc><category></category></programme><programme channel="o73NpJY2tTyCcy_EDHmUHyApTZd4YV9pPCGxUVGz" start="20221201095000 +0000" stop="20221201102500 +0000" catchup-id="bdoWAtN2gZd3ZnAB-5Fz-UZ48t6LRYBg1sz6Rr0p"><title>Hollywood's Best Film Directors : Joel Schumacher</title><date></date><icon src="https://m7be2.solocoo.tv/m7be2iphone/mmchan/mpimages/260x145/FoqtYAzcB0gLOV9Aopke0g.jpg"></icon><desc></desc><category></category></programme><programme channel="o73NpJY2tTyCcy_EDHmUHyApTZd4YV9pPCGxUVGz" start="20221201102500 +0000" stop="20221201122000 +0000" catchup-id="7DelOQu2pWExiqL4hA1K-G8aktkbV8rYU16drabD"><title>Preggoland</title><date></date><icon src="https://m7be2.solocoo.tv/m7be2iphone/mmchan/mpimages/260x145/MGgTrkzeIDspMuc8jNFngQ.jpg"></icon><desc></desc><category></category></programme><programme channel="o73NpJY2tTyCcy_EDHmUHyApTZd4YV9pPCGxUVGz" start="20221201122000 +0000" stop="20221201140000 +0000" catchup-id="kNWgq9A4sGWUFRB1QmxYw1TgYN0xYdzcQYR22ioX"><title>The Year Dolly Parton Was My Mom</title><date></date><icon src="https://m7be2.solocoo.tv/m7be2iphone/mmchan/mpimages/260x145/NAW-vOpVszikl8u6d9DvRA.jpg"></icon><desc></desc><category></category></programme><programme channel="o73NpJY2tTyCcy_EDHmUHyApTZd4YV9pPCGxUVGz" start="20221201140000 +0000" stop="20221201153500 +0000" catchup-id="D68J9RhfEEYrSG76HqokNlqBwctg3Ao77Oc4hw7w"><title>Love in the Vineyard</title><date></date><icon src="https://m7be2.solocoo.tv/m7be2iphone/mmchan/mpimages/260x145/zTN7feMNj8WQ57RgnToxNg.jpg"></icon><desc></desc><category></category></programme><programme channel="o73NpJY2tTyCcy_EDHmUHyApTZd4YV9pPCGxUVGz" start="20221201153500 +0000" stop="20221201174000 +0000" catchup-id="jNGtIWxTn3hck3V1dtp9FK5wOvaR2CXoTnv5AluJ"><title>Le grand bain</title><date></date><icon src="https://m7be2.solocoo.tv/m7be2iphone/mmchan/mpimages/260x145/ugbQyKCkOqdX7QoAszM2GA.jpg"></icon><desc></desc><category></category></programme><programme channel="o73NpJY2tTyCcy_EDHmUHyApTZd4YV9pPCGxUVGz" start="20221201174000 +0000" stop="20221201193000 +0000" catchup-id="_ZK6KJj3cR1_ohCJL7HqKNZdKCVxAd3K1PRIu-yu"><title>Bienvenue chez les Ch'tis</title><date></date><icon src="https://m7be2.solocoo.tv/m7be2iphone/mmchan/mpimages/260x145/L6tZJqRW5O0rFDojvwU61g.jpg"></icon><desc></desc><category></category></programme><programme channel="o73NpJY2tTyCcy_EDHmUHyApTZd4YV9pPCGxUVGz" start="20221201193000 +0000" stop="20221201212000 +0000" catchup-id="m6GMiwM_G9jG-XRaWv3GQHQ-QEZxqBmXcUQf_V1q"><title>Crypto</title><date></date><icon src="https://m7be2.solocoo.tv/m7be2iphone/mmchan/mpimages/260x145/JVRNxK7yHkgbT9Xsb71LYQ.jpg"></icon><desc></desc><category></category></programme><programme channel="o73NpJY2tTyCcy_EDHmUHyApTZd4YV9pPCGxUVGz" start="20221201212000 +0000" stop="20221201230500 +0000" catchup-id="o66Gwc4krqb8G0Sj3wKxnckbfJAJpQbpXp3eHFzq"><title>Redemption Day</title><date></date><icon src="https://m7be2.solocoo.tv/m7be2iphone/mmchan/mpimages/260x145/WAmnKWC1gbtbQ2DVVZ1Ugw.jpg"></icon><desc></desc><category></category></programme><programme channel="o73NpJY2tTyCcy_EDHmUHyApTZd4YV9pPCGxUVGz" start="20221201230500 +0000" stop="20221201233500 +0000" catchup-id="-Rum_HYXyfOoNMInWTeT8FRsbQ1JoKdWuVNHBSQM"><title>A Touch of Lust 1</title><date></date><icon src="https://m7be2.solocoo.tv/m7be2iphone/mmchan/mpimages/260x145/gEznr8gR0BUD3TJcLYhVnw.jpg"></icon><desc></desc><category></category></programme><programme channel="o73NpJY2tTyCcy_EDHmUHyApTZd4YV9pPCGxUVGz" start="20221201233500 +0000" stop="20221202000500 +0000" catchup-id="9Y7Kg9aoYrpn3MkUoR0TXfl0fSFuq8aH1Io8q-b-"><title>A Touch of Lust 2</title><date></date><icon src="https://m7be2.solocoo.tv/m7be2iphone/mmchan/mpimages/260x145/r8pAvzsI3Ck3CeaiHj5EHg.jpg"></icon><desc></desc><category></category></programme><programme channel="o73NpJY2tTyCcy_EDHmUHyApTZd4YV9pPCGxUVGz" start="20221202000500 +0000" stop="20221202014000 +0000" catchup-id="wcGJhPm3UMTTiWiuywPqTfbWRzzqX4rQ1T0gwfOb"><title>Dog Eat Dog</title><date></date><icon src="https://m7be2.solocoo.tv/m7be2iphone/mmchan/mpimages/260x145/osT1pubh661xcc0oZVUOtw.jpg"></icon><desc></desc><category></category></programme><programme channel="o73NpJY2tTyCcy_EDHmUHyApTZd4YV9pPCGxUVGz" start="20221202014000 +0000" stop="20221202031500 +0000" catchup-id="lEPLN62c69sMLt7s6iMs8YBFfoSSIDh0SqXkmJlK"><title>The Assassination</title><date></date><icon src="https://m7be2.solocoo.tv/m7be2iphone/mmchan/mpimages/260x145/eOMwVvyeiS7R_siZdpFtlQ.jpg"></icon><desc></desc><category></category></programme><programme channel="o73NpJY2tTyCcy_EDHmUHyApTZd4YV9pPCGxUVGz" start="20221202031500 +0000" stop="20221202045500 +0000" catchup-id="P6-0azdgTfmbmWtQZjDSCdkCf-o9x-JNE0HyiMcd"><title>The Humanity Bureau</title><date></date><icon src="https://m7be2.solocoo.tv/m7be2iphone/mmchan/mpimages/260x145/vA48IEXvKN6_XNTTlpdOrA.jpg"></icon><desc></desc><category></category></programme><programme channel="o73NpJY2tTyCcy_EDHmUHyApTZd4YV9pPCGxUVGz" start="20221202045500 +0000" stop="20221202053000 +0000" catchup-id="QuznU-QylTMa2gxZDrRzjGZatpk_lSaxUQxdgUPb"><title>Hollywood's Best Film Directors : Wolfgang Petersen</title><date></date><icon src="https://m7be2.solocoo.tv/m7be2iphone/mmchan/mpimages/260x145/w51QHqC70TIl0NLXNVGf2Q.jpg"></icon><desc></desc><category></category></programme><programme channel="o73NpJY2tTyCcy_EDHmUHyApTZd4YV9pPCGxUVGz" start="20221202053000 +0000" stop="20221202060500 +0000" catchup-id="hmKK9WDso9A5GRxI8Bxg59oken9dJZgpai2KscXN"><title>Hollywood's Best Film Directors : Barry Sonnenfeld</title><date></date><icon src="https://m7be2.solocoo.tv/m7be2iphone/mmchan/mpimages/260x145/Z1S49MFcscD2eYcJvYE4ag.jpg"></icon><desc></desc><category></category></programme><programme channel="o73NpJY2tTyCcy_EDHmUHyApTZd4YV9pPCGxUVGz" start="20221202060500 +0000" stop="20221202074500 +0000" catchup-id="-tqn_y3RzTauga0AZOFNsu04KLFxie1fxS8A-nEf"><title>10 Rules for Falling in Love</title><date></date><icon src="https://m7be2.solocoo.tv/m7be2iphone/mmchan/mpimages/260x145/nKwlWqycxEdworjz3ehLaQ.jpg"></icon><desc></desc><category></category></programme><programme channel="o73NpJY2tTyCcy_EDHmUHyApTZd4YV9pPCGxUVGz" start="20221202074500 +0000" stop="20221202082000 +0000" catchup-id="g6YtfsfcukhO0M6OSP5o2hD0MC94WDCoLzSSi158"><title>Hollywood's Best Film Directors : Francis Ford Coppola</title><date></date><icon src="https://m7be2.solocoo.tv/m7be2iphone/mmchan/mpimages/260x145/GygZ6w7c5ZDGak6aVm7BnA.jpg"></icon><desc></desc><category></category></programme><programme channel="o73NpJY2tTyCcy_EDHmUHyApTZd4YV9pPCGxUVGz" start="20221202082000 +0000" stop="20221202100000 +0000" catchup-id="ABvhoA_8NA56B6Vgsp84m6hgGNOYmn9RIzM_p6Kq"><title>The Better Half</title><date></date><icon src="https://m7be2.solocoo.tv/m7be2iphone/mmchan/mpimages/260x145/915H3aOtSapHF9rZ3DVq_g.jpg"></icon><desc></desc><category></category></programme><programme channel="o73NpJY2tTyCcy_EDHmUHyApTZd4YV9pPCGxUVGz" start="20221202100000 +0000" stop="20221202103500 +0000" catchup-id="jxbe8ES-ojnSdVNy88MxGy6u2oUDASwgGMpVaCQ1"><title>Hollywood's Best Film Directors : Ivan Reitman</title><date></date><icon src="https://m7be2.solocoo.tv/m7be2iphone/mmchan/mpimages/260x145/Z1S49MFcscD2eYcJvYE4ag.jpg"></icon><desc></desc><category></category></programme><programme channel="o73NpJY2tTyCcy_EDHmUHyApTZd4YV9pPCGxUVGz" start="20221202103500 +0000" stop="20221202121500 +0000" catchup-id="YdLAQY-U5QSZ9RYL86mCwkkQ958vaDbyi0B9wsd8"><title>The Phantom Father</title><date></date><icon src="https://m7be2.solocoo.tv/m7be2iphone/mmchan/mpimages/260x145/mGlUnHnUCZdniLkn4_H6Ng.jpg"></icon><desc></desc><category></category></programme><programme channel="o73NpJY2tTyCcy_EDHmUHyApTZd4YV9pPCGxUVGz" start="20221202121500 +0000" stop="20221202141000 +0000" catchup-id="phv90XcjylrGg32RNY-ofHQIIj7jxzq52ikNbZf5"><title>Remembrance</title><date></date><icon src="https://m7be2.solocoo.tv/m7be2iphone/mmchan/mpimages/260x145/FcZlfHPREdL9sRlRPP2iMA.jpg"></icon><desc></desc><category></category></programme><programme channel="o73NpJY2tTyCcy_EDHmUHyApTZd4YV9pPCGxUVGz" start="20221202141000 +0000" stop="20221202155500 +0000" catchup-id="QQTER_aVqTxn0XQnn5NintfszpHdQy29A03jfjut"><title>Driven to Dance</title><date></date><icon src="https://m7be2.solocoo.tv/m7be2iphone/mmchan/mpimages/260x145/cEj4niG9CN6P342kAEH4jw.jpg"></icon><desc></desc><category></category></programme><programme channel="o73NpJY2tTyCcy_EDHmUHyApTZd4YV9pPCGxUVGz" start="20221202155500 +0000" stop="20221202175500 +0000" catchup-id="dGHGaspPbsn3RWMl6JRb6kdlrFN_Wpf4Gf1gbycf"><title>Agatha Christie's Crooked House</title><date></date><icon src="https://m7be2.solocoo.tv/m7be2iphone/mmchan/mpimages/260x145/iYRHGqWz46M7mv2JA1sVHg.jpg"></icon><desc></desc><category></category></programme><programme channel="o73NpJY2tTyCcy_EDHmUHyApTZd4YV9pPCGxUVGz" start="20221202175500 +0000" stop="20221202193000 +0000" catchup-id="5zFS4sI2ID2o3bxmbi8_JJ1dKmNYBbJttiQVHA6z"><title>Fanboys</title><date></date><icon src="https://m7be2.solocoo.tv/m7be2iphone/mmchan/mpimages/260x145/hYl6p2UEP15624J2f4QCCQ.jpg"></icon><desc></desc><category></category></programme><programme channel="o73NpJY2tTyCcy_EDHmUHyApTZd4YV9pPCGxUVGz" start="20221202193000 +0000" stop="20221202210500 +0000" catchup-id="M4yhPEf0567BEz1pUbBkGcUT94cl3xia2-EkLW1S"><title>Office Uprising</title><date></date><icon src="https://m7be2.solocoo.tv/m7be2iphone/mmchan/mpimages/260x145/jRsJqDFfHPGQKX9iwVe_iw.jpg"></icon><desc></desc><category></category></programme><programme channel="o73NpJY2tTyCcy_EDHmUHyApTZd4YV9pPCGxUVGz" start="20221202210500 +0000" stop="20221202225000 +0000" catchup-id="BDu-CXQybnwGYlgX1QH3frDZACah45ZDCiMrdwFd"><title>Drag Me to Hell</title><date></date><icon src="https://m7be2.solocoo.tv/m7be2iphone/mmchan/mpimages/260x145/t3yURwUFyZohivD-pJvkAw.jpg"></icon><desc></desc><category></category></programme><programme channel="o73NpJY2tTyCcy_EDHmUHyApTZd4YV9pPCGxUVGz" start="20221202225000 +0000" stop="20221203003500 +0000" catchup-id="z1v6CBvnyxj4vqbh6auM4NUDkT72MmBIwQ921f_X"><title>Daniel Isn't Real</title><date></date><icon src="https://m7be2.solocoo.tv/m7be2iphone/mmchan/mpimages/260x145/JSzmhuQwECorfjjVgZbVMg.jpg"></icon><desc></desc><category></category></programme><programme channel="o73NpJY2tTyCcy_EDHmUHyApTZd4YV9pPCGxUVGz" start="20221203003500 +0000" stop="20221203010000 +0000" catchup-id="3YBus7XMdzGHh0OWWEZMYSqWW8EJiLIxJlERcHM-"><title>Black Obsession 1</title><date></date><icon src="https://m7be2.solocoo.tv/m7be2iphone/mmchan/mpimages/260x145/bWyqprS8Mhuixlj1DJMbYA.jpg"></icon><desc></desc><category></category></programme><programme channel="o73NpJY2tTyCcy_EDHmUHyApTZd4YV9pPCGxUVGz" start="20221203010000 +0000" stop="20221203013500 +0000" catchup-id="biFneHcruvzsEloebPRwDcs1m0sDKqIMUMFfby7H"><title>Hollywood's Best Film Directors : James Mangold</title><date></date><icon src="https://m7be2.solocoo.tv/m7be2iphone/mmchan/mpimages/260x145/ESXSVt0C1HrdXdn3_VDuww.jpg"></icon><desc></desc><category></category></programme><programme channel="o73NpJY2tTyCcy_EDHmUHyApTZd4YV9pPCGxUVGz" start="20221203013500 +0000" stop="20221203025500 +0000" catchup-id="8PsN3Y0tKBWpmgox8dPR8LbUzJHS0es4RMg6VNKX"><title>10 Things We Should Do Before We Break Up</title><date></date><icon src="https://m7be2.solocoo.tv/m7be2iphone/mmchan/mpimages/260x145/DoQhfNg6Bt1hdHyt4MR9EA.jpg"></icon><desc></desc><category></category></programme><programme channel="o73NpJY2tTyCcy_EDHmUHyApTZd4YV9pPCGxUVGz" start="20221203025500 +0000" stop="20221203033000 +0000" catchup-id="hO3lhKZwGJbN7eFFXQTPIAIusMEFQeN860VJvb7M"><title>Hollywood's Best Film Directors : Norman Jewison</title><date></date><icon src="https://m7be2.solocoo.tv/m7be2iphone/mmchan/mpimages/260x145/3QAKXAjmhSk_LNzhbujnzA.jpg"></icon><desc></desc><category></category></programme><programme channel="o73NpJY2tTyCcy_EDHmUHyApTZd4YV9pPCGxUVGz" start="20221203033000 +0000" stop="20221203045500 +0000" catchup-id="PVzzofY_GXf-u9EcT3Vew3nxMDiN7QlvBSkLfJdC"><title>The Ambassador to Bern</title><date></date><icon src="https://m7be2.solocoo.tv/m7be2iphone/mmchan/mpimages/260x145/8GFqPASRO-_JLppS5pAxhg.jpg"></icon><desc></desc><category></category></programme><programme channel="o73NpJY2tTyCcy_EDHmUHyApTZd4YV9pPCGxUVGz" start="20221203045500 +0000" stop="20221203053000 +0000" catchup-id="0cEyRv8cDToS8QGS-MJ9MOPNbBEDn90VS_Qxtx3n"><title>Hollywood's Best Film Directors : Mike Newell</title><date></date><icon src="https://m7be2.solocoo.tv/m7be2iphone/mmchan/mpimages/260x145/x7oxTpKPJWZJSwFp_YwfdA.jpg"></icon><desc></desc><category></category></programme><programme channel="o73NpJY2tTyCcy_EDHmUHyApTZd4YV9pPCGxUVGz" start="20221203053000 +0000" stop="20221203070500 +0000" catchup-id="m6tRm8e7hwNEu2oZU9LsuhIO0Pk71x_5hK0EXj4C"><title>Heksje Lilly, De draak en het magische boek</title><date></date><icon src="https://m7be2.solocoo.tv/m7be2iphone/mmchan/mpimages/260x145/KMMQtQ1Awo0L0LhvPgOxMg.jpg"></icon><desc></desc><category></category></programme><programme channel="o73NpJY2tTyCcy_EDHmUHyApTZd4YV9pPCGxUVGz" start="20221203070500 +0000" stop="20221203084000 +0000" catchup-id="YBlsXB4y7vDpXCq28teRnN66hRAygriX1Ul5ugtf"><title>Diep in de Zee</title><date></date><icon src="https://m7be2.solocoo.tv/m7be2iphone/mmchan/mpimages/260x145/nXDZNsXASSObEiHphOt6fA.jpg"></icon><desc></desc><category></category></programme><programme channel="o73NpJY2tTyCcy_EDHmUHyApTZd4YV9pPCGxUVGz" start="20221203084000 +0000" stop="20221203103000 +0000" catchup-id="bp5O_JDUMYq1F2WSD-j8Y3CDW7TrvWevB-WgntNF"><title>Kameleon 2</title><date></date><icon src="https://m7be2.solocoo.tv/m7be2iphone/mmchan/mpimages/260x145/mn32JGkCQt9B47-An2jjhA.jpg"></icon><desc></desc><category></category></programme><programme channel="o73NpJY2tTyCcy_EDHmUHyApTZd4YV9pPCGxUVGz" start="20221203103000 +0000" stop="20221203121000 +0000" catchup-id="kS3T0q3BPqRJnnIJGLT8RUZTmtJN5DkACvlMyRAN"><title>De Dolle Tweeling 4 - Meer dan Beste Vriendinnen</title><date></date><icon src="https://m7be2.solocoo.tv/m7be2iphone/mmchan/mpimages/260x145/WztdV_YOI_8Z_2ve83WwlQ.jpg"></icon><desc></desc><category></category></programme><programme channel="o73NpJY2tTyCcy_EDHmUHyApTZd4YV9pPCGxUVGz" start="20221203121000 +0000" stop="20221203135000 +0000" catchup-id="uc_1b56FfMHMfL15ufKQ-q-zHN1qF55PhlgrE7o_"><title>Razend</title><date></date><icon src="https://m7be2.solocoo.tv/m7be2iphone/mmchan/mpimages/260x145/uYz6BNAFDHJ4TEbqiqUlPg.jpg"></icon><desc></desc><category></category></programme><programme channel="o73NpJY2tTyCcy_EDHmUHyApTZd4YV9pPCGxUVGz" start="20221203135000 +0000" stop="20221203155500 +0000" catchup-id="dGQLwrDUDP9cy0DJpln0cgCgiXz63zqx2SgbVeQ5"><title>Radeloos</title><date></date><icon src="https://m7be2.solocoo.tv/m7be2iphone/mmchan/mpimages/260x145/1ww9CpT19Jm32oq5w4Ezrw.jpg"></icon><desc></desc><category></category></programme><programme channel="o73NpJY2tTyCcy_EDHmUHyApTZd4YV9pPCGxUVGz" start="20221203155500 +0000" stop="20221203173500 +0000" catchup-id="Vs2XP_gn-sPuASchvRl5dJiuPLpcXQ8SZ_2d50-T"><title>Love Type D</title><date></date><icon src="https://m7be2.solocoo.tv/m7be2iphone/mmchan/mpimages/260x145/aNy8UkKLEkHe0_dgfIcK8g.jpg"></icon><desc></desc><category></category></programme><programme channel="o73NpJY2tTyCcy_EDHmUHyApTZd4YV9pPCGxUVGz" start="20221203173500 +0000" stop="20221203193000 +0000" catchup-id="iloaCXMTv6WytHleYOrtUEQDeqm613tX81XxOJ_Q"><title>Finding Your Feet</title><date></date><icon src="https://m7be2.solocoo.tv/m7be2iphone/mmchan/mpimages/260x145/8cbqpFp9Isarm8jVdYWbAg.jpg"></icon><desc></desc><category></category></programme><programme channel="o73NpJY2tTyCcy_EDHmUHyApTZd4YV9pPCGxUVGz" start="20221203193000 +0000" stop="20221203213000 +0000" catchup-id="C4_k-GYOqW91PWrub_RcVxFB2b6nX2IphgjNEGP6"><title>Mona Lisa Smile</title><date></date><icon src="https://m7be2.solocoo.tv/m7be2iphone/mmchan/mpimages/260x145/d2KK2dpjWqQqiqbtywvKRg.jpg"></icon><desc></desc><category></category></programme>