<programme channel="jgat-7l6XUdU7RQcJVn-9FSBRVVjPuSJs-CmOy8K" start="20221119015500 +0000" stop="20221119030000 +0000" catchup-id="rHY0v436EJNiE_jSe5y6yCCoHKY7RfWWLhfERrvw"><title>Sunshine Tour Hoogtepunten : PGA Championship</title><date></date><icon src="https://m7be2.solocoo.tv/m7be2iphone/mmchan/mpimages/208x308/XdUZfBUACLpS8YW02GlhBg.jpg"></icon><desc>De hoogtepunten van de PGA Championship, gespeeld in de Sunshine Tour.</desc><category></category></programme><programme channel="jgat-7l6XUdU7RQcJVn-9FSBRVVjPuSJs-CmOy8K" start="20221119030000 +0000" stop="20221119060000 +0000" catchup-id="rfK06FGQalyK7jBbEhhXiuLOnLV0qsv1KkQyvATL"><title>European Tour: DP World Tour Championship </title><date></date><icon src="https://m7be2.solocoo.tv/m7be2iphone/mmchan/mpimages/208x308/pZkiEYxl5ux-0AsXcwxRMw.jpg"></icon><desc>Herhaling van de tweede dag van het DP World Tour Championship, het eindtoernooi van de European Tour, gespeeld op Jumeirah Golf Estates, in Dubai, Verenigde Arabische Emiraten.</desc><category></category></programme><programme channel="jgat-7l6XUdU7RQcJVn-9FSBRVVjPuSJs-CmOy8K" start="20221119060000 +0000" stop="20221119070000 +0000" catchup-id="7xpBpTRoxto4KcHrnX1X8sl3gRBJAnXC8tWiOK--"><title>Golf: PGA Champions Tour Hoogtepunten : Charles Schwab Cup Championship</title><date></date><icon src="https://m7be2.solocoo.tv/m7be2iphone/mmchan/mpimages/208x308/_pQAP4wRPtud1KqPogXLpw.jpg"></icon><desc>Hoogtepunten van de PGA Tour Champions van afgelopen weekend.</desc><category></category></programme><programme channel="jgat-7l6XUdU7RQcJVn-9FSBRVVjPuSJs-CmOy8K" start="20221119070000 +0000" stop="20221119130000 +0000" catchup-id="AkbcHm7Y8WpBZxvrPzg--fZ2B_Kr4z-IpEdI9iQ_"><title>Golf: European Tour - DP World Tour Championship, Dubai : Dag 3</title><date></date><icon src="https://m7be2.solocoo.tv/m7be2iphone/mmchan/mpimages/208x308/pZkiEYxl5ux-0AsXcwxRMw.jpg"></icon><desc>Verslag van de derde dag van het DP World Tour Championship, het eindtoernooi van de European Tour, gespeeld op Jumeirah Golf Estates, in Dubai, Verenigde Arabische Emiraten.</desc><category></category></programme><programme channel="jgat-7l6XUdU7RQcJVn-9FSBRVVjPuSJs-CmOy8K" start="20221119130000 +0000" stop="20221119140000 +0000" catchup-id="rmBdD_iDuGNv9wayyrxJ-rRO6gAMnfywWxsZHnp3"><title>Golf: Asian Tour Hoogtepunten : International Series Egypte</title><date></date><icon src="https://m7be2.solocoo.tv/m7be2iphone/mmchan/mpimages/208x308/-ioVNWanb_8JvywHOZEhUg.jpg"></icon><desc></desc><category></category></programme><programme channel="jgat-7l6XUdU7RQcJVn-9FSBRVVjPuSJs-CmOy8K" start="20221119140000 +0000" stop="20221119150000 +0000" catchup-id="cB1tvOOt6o2fYGiAIEQ1YK4z7x-EJ8uhgLHnJ5GZ"><title>Golf PGA Tour: Hoogtepunten : Cadence Bank Houston Open</title><date></date><icon src="https://m7be2.solocoo.tv/m7be2iphone/mmchan/mpimages/208x308/QLIDKopZTqjENweQ-5iB1A.jpg"></icon><desc>Alle hoogtepunten de Cadence Bank Houston Open, gespeeld in de PGA Tour.</desc><category></category></programme><programme channel="jgat-7l6XUdU7RQcJVn-9FSBRVVjPuSJs-CmOy8K" start="20221119150000 +0000" stop="20221119163000 +0000" catchup-id="UyG7pw2MxGB1zAgKc7pvIHezrxbtieAoZIe7iO53"><title>Golf: LPGA Hoogtepunten : Pelican Woman's Championship</title><date></date><icon src="https://m7be2.solocoo.tv/m7be2iphone/mmchan/mpimages/208x308/B5mKKwmSXEqeq-hIEU32Sg.jpg"></icon><desc></desc><category></category></programme><programme channel="jgat-7l6XUdU7RQcJVn-9FSBRVVjPuSJs-CmOy8K" start="20221119163000 +0000" stop="20221119170000 +0000" catchup-id="i4NLTIiu4IMsha2KqM9ymwIYCY3saYsGqXjAQfDj"><title>European Tour: Hoogtepunten : Nedbank Golf Challenge</title><date></date><icon src="https://m7be2.solocoo.tv/m7be2iphone/mmchan/mpimages/208x308/y0eZWCO12ZJe0tgLIEnP7w.jpg"></icon><desc></desc><category></category></programme><programme channel="jgat-7l6XUdU7RQcJVn-9FSBRVVjPuSJs-CmOy8K" start="20221119170000 +0000" stop="20221119180000 +0000" catchup-id="PSOM0o9imWAmGxe9zU3oHrjAO9BkfjPGBpKHeqnO"><title>Sunshine Tour Hoogtepunten : PGA Championship</title><date></date><icon src="https://m7be2.solocoo.tv/m7be2iphone/mmchan/mpimages/208x308/XdUZfBUACLpS8YW02GlhBg.jpg"></icon><desc></desc><category></category></programme><programme channel="jgat-7l6XUdU7RQcJVn-9FSBRVVjPuSJs-CmOy8K" start="20221119180000 +0000" stop="20221119190000 +0000" catchup-id="Bb2oDw2inEDVWASV-2MPRdVHqrlTjoG1450uYC7D"><title>Golf: Asian Tour Hoogtepunten : International Series Egypte</title><date></date><icon src="https://m7be2.solocoo.tv/m7be2iphone/mmchan/mpimages/208x308/-ioVNWanb_8JvywHOZEhUg.jpg"></icon><desc>Alle hoogtepunten de International Series Egypte, gespeeld in de Asian Tour.</desc><category></category></programme><programme channel="jgat-7l6XUdU7RQcJVn-9FSBRVVjPuSJs-CmOy8K" start="20221119190000 +0000" stop="20221119220000 +0000" catchup-id="VXg-Vmob4-UgqP0qcdDHyloXT2ogEmmt25sZB6QJ"><title>European Tour: DP World Tour Championship </title><date></date><icon src="https://m7be2.solocoo.tv/m7be2iphone/mmchan/mpimages/208x308/pZkiEYxl5ux-0AsXcwxRMw.jpg"></icon><desc>Herhaling van de derde dag van het DP World Tour Championship, het eindtoernooi van de European Tour, gespeeld op Jumeirah Golf Estates, in Dubai, Verenigde Arabische Emiraten.</desc><category></category></programme><programme channel="jgat-7l6XUdU7RQcJVn-9FSBRVVjPuSJs-CmOy8K" start="20221119220000 +0000" stop="20221119223000 +0000" catchup-id="be7G5WtMqKqDBdkgolT3pasJhsCAbcsMgZsE3fkF"><title>PGA Tour: The Cut</title><date></date><icon src="https://m7be2.solocoo.tv/m7be2iphone/mmchan/mpimages/208x308/TBFWqi-uPHyuaxcxRx9GMA.jpg"></icon><desc>Golfmagazine met het laatste nieuws en achtergronden uit de US PGA Tour.</desc><category></category></programme><programme channel="jgat-7l6XUdU7RQcJVn-9FSBRVVjPuSJs-CmOy8K" start="20221119223000 +0000" stop="20221119230000 +0000" catchup-id="p9RA2LN03pU446ObkL4YOd32F2olsClljEeJ99an"><title>European Tour: Hoogtepunten : Nedbank Golf Challenge</title><date></date><icon src="https://m7be2.solocoo.tv/m7be2iphone/mmchan/mpimages/208x308/y0eZWCO12ZJe0tgLIEnP7w.jpg"></icon><desc></desc><category></category></programme><programme channel="jgat-7l6XUdU7RQcJVn-9FSBRVVjPuSJs-CmOy8K" start="20221119230000 +0000" stop="20221120020000 +0000" catchup-id="-B6VpVex7KYFvJsVtlJ_-Z55e30Hgmebl985Y-xl"><title>European Tour: DP World Tour Championship </title><date></date><icon src="https://m7be2.solocoo.tv/m7be2iphone/mmchan/mpimages/208x308/pZkiEYxl5ux-0AsXcwxRMw.jpg"></icon><desc></desc><category></category></programme><programme channel="jgat-7l6XUdU7RQcJVn-9FSBRVVjPuSJs-CmOy8K" start="20221120020000 +0000" stop="20221120030000 +0000" catchup-id="qJGWneZ585c6ODjKHck6-4o34PDfCvrN5tTd3rSq"><title>Golf: Asian Tour Hoogtepunten : International Series Egypte</title><date></date><icon src="https://m7be2.solocoo.tv/m7be2iphone/mmchan/mpimages/208x308/-ioVNWanb_8JvywHOZEhUg.jpg"></icon><desc></desc><category></category></programme><programme channel="jgat-7l6XUdU7RQcJVn-9FSBRVVjPuSJs-CmOy8K" start="20221120030000 +0000" stop="20221120060000 +0000" catchup-id="spwsmcCKWGuKbh-SASOFH9r12STzQf6_KgOX5uZY"><title>European Tour: DP World Tour Championship </title><date></date><icon src="https://m7be2.solocoo.tv/m7be2iphone/mmchan/mpimages/208x308/pZkiEYxl5ux-0AsXcwxRMw.jpg"></icon><desc>Herhaling van de derde dag van het DP World Tour Championship, het eindtoernooi van de European Tour, gespeeld op Jumeirah Golf Estates, in Dubai, Verenigde Arabische Emiraten.</desc><category></category></programme><programme channel="jgat-7l6XUdU7RQcJVn-9FSBRVVjPuSJs-CmOy8K" start="20221120060000 +0000" stop="20221120063000 +0000" catchup-id="Zk1HPqhjQF_OVocqN2mgrqdYy0KUN5gzd2cgREPh"><title>PGA Tour: The Cut</title><date></date><icon src="https://m7be2.solocoo.tv/m7be2iphone/mmchan/mpimages/208x308/TBFWqi-uPHyuaxcxRx9GMA.jpg"></icon><desc>Golfmagazine met het laatste nieuws en achtergronden uit de US PGA Tour.</desc><category></category></programme><programme channel="jgat-7l6XUdU7RQcJVn-9FSBRVVjPuSJs-CmOy8K" start="20221120063000 +0000" stop="20221120123000 +0000" catchup-id="iUeqBJdMN3mrUX5EGYX7Tcz9VIvJ_5ywXuhowhl2"><title>Golf: European Tour - DP World Tour Championship, Dubai : Dag 4</title><date></date><icon src="https://m7be2.solocoo.tv/m7be2iphone/mmchan/mpimages/208x308/pZkiEYxl5ux-0AsXcwxRMw.jpg"></icon><desc>Verslag van de vierde en beslissende dag van het DP World Tour Championship, het eindtoernooi van de European Tour, gespeeld op Jumeirah Golf Estates, in Dubai, Verenigde Arabische Emiraten.</desc><category></category></programme><programme channel="jgat-7l6XUdU7RQcJVn-9FSBRVVjPuSJs-CmOy8K" start="20221120123000 +0000" stop="20221120140000 +0000" catchup-id="pIC1flz0gvd1CIHPZoqz3OsGrPMW-Sr0eHm4K8XS"><title>Golf: LPGA Hoogtepunten : Pelican Woman's Championship</title><date></date><icon src="https://m7be2.solocoo.tv/m7be2iphone/mmchan/mpimages/208x308/B5mKKwmSXEqeq-hIEU32Sg.jpg"></icon><desc></desc><category></category></programme><programme channel="jgat-7l6XUdU7RQcJVn-9FSBRVVjPuSJs-CmOy8K" start="20221120140000 +0000" stop="20221120150000 +0000" catchup-id="efGpf67K5EOu3TC-pQ1TDkLq3Okf9Ojxsjnk-BYu"><title>Golf: Asian Tour Hoogtepunten : International Series Egypte</title><date></date><icon src="https://m7be2.solocoo.tv/m7be2iphone/mmchan/mpimages/208x308/-ioVNWanb_8JvywHOZEhUg.jpg"></icon><desc></desc><category></category></programme><programme channel="jgat-7l6XUdU7RQcJVn-9FSBRVVjPuSJs-CmOy8K" start="20221120150000 +0000" stop="20221120160000 +0000" catchup-id="fQTQvzPFCnKIHRSb9_tPGCYPALwIeczfMR3yC8BR"><title>Sunshine Tour Hoogtepunten : PGA Championship</title><date></date><icon src="https://m7be2.solocoo.tv/m7be2iphone/mmchan/mpimages/208x308/XdUZfBUACLpS8YW02GlhBg.jpg"></icon><desc>De hoogtepunten van de PGA Championship, gespeeld in de Sunshine Tour.</desc><category></category></programme><programme channel="jgat-7l6XUdU7RQcJVn-9FSBRVVjPuSJs-CmOy8K" start="20221120160000 +0000" stop="20221120170000 +0000" catchup-id="Ebf9x9xB1T-XJt960dKdCjSo7AsGKZGFa_qfIXC_"><title>Golf PGA Tour: Hoogtepunten : Cadence Bank Houston Open</title><date></date><icon src="https://m7be2.solocoo.tv/m7be2iphone/mmchan/mpimages/208x308/QLIDKopZTqjENweQ-5iB1A.jpg"></icon><desc>Alle hoogtepunten de Cadence Bank Houston Open, gespeeld in de PGA Tour.</desc><category></category></programme><programme channel="jgat-7l6XUdU7RQcJVn-9FSBRVVjPuSJs-CmOy8K" start="20221120170000 +0000" stop="20221120180000 +0000" catchup-id="ShLr0DtAbUOjItti_QAVTEn1i0jowmBQv90nVnBU"><title>Golf History : The FedExCup Official Film</title><date></date><icon src="https://m7be2.solocoo.tv/m7be2iphone/mmchan/mpimages/208x308/BCd1VmYXx4VA2lwff2OC5A.jpg"></icon><desc>Hoogtepunten van de FedEx Cup Playoffs, gespeeld in de PGA Tour van 2022.</desc><category></category></programme><programme channel="jgat-7l6XUdU7RQcJVn-9FSBRVVjPuSJs-CmOy8K" start="20221120180000 +0000" stop="20221120183000 +0000" catchup-id="Qtbr41_4PABgYrIC8tt9wDLcry_QScuSoulItls9"><title>PGA Tour: The Cut</title><date></date><icon src="https://m7be2.solocoo.tv/m7be2iphone/mmchan/mpimages/208x308/TBFWqi-uPHyuaxcxRx9GMA.jpg"></icon><desc></desc><category></category></programme><programme channel="jgat-7l6XUdU7RQcJVn-9FSBRVVjPuSJs-CmOy8K" start="20221120183000 +0000" stop="20221120190000 +0000" catchup-id="3Bms7Sty17BJ96JmzNiJrGGr1TbDlLn-zQ-T3ZCa"><title>European Tour: Hoogtepunten : Nedbank Golf Challenge</title><date></date><icon src="https://m7be2.solocoo.tv/m7be2iphone/mmchan/mpimages/208x308/y0eZWCO12ZJe0tgLIEnP7w.jpg"></icon><desc>Hoogtepunten van de Nedbank Golf Challenge, gespeeld in de European Tour van 2022.</desc><category></category></programme><programme channel="jgat-7l6XUdU7RQcJVn-9FSBRVVjPuSJs-CmOy8K" start="20221120190000 +0000" stop="20221120220000 +0000" catchup-id="v-g5eo4ltpOTBLRuF-8jq9inVNARKL5izCmS-G4T"><title>European Tour: DP World Tour Championship </title><date></date><icon src="https://m7be2.solocoo.tv/m7be2iphone/mmchan/mpimages/208x308/pZkiEYxl5ux-0AsXcwxRMw.jpg"></icon><desc>Herhaling van de vierde en beslissende dag van het DP World Tour Championship, het eindtoernooi van de European Tour, gespeeld op Jumeirah Golf Estates, in Dubai, Verenigde Arabische Emiraten.</desc><category></category></programme><programme channel="jgat-7l6XUdU7RQcJVn-9FSBRVVjPuSJs-CmOy8K" start="20221120220000 +0000" stop="20221120230000 +0000" catchup-id="ikUb0_L3RF6V-dmeChftyHvr_w_6oA8reZthQyT-"><title>Sunshine Tour Hoogtepunten : PGA Championship</title><date></date><icon src="https://m7be2.solocoo.tv/m7be2iphone/mmchan/mpimages/208x308/XdUZfBUACLpS8YW02GlhBg.jpg"></icon><desc>De hoogtepunten van de PGA Championship, gespeeld in de Sunshine Tour.</desc><category></category></programme><programme channel="jgat-7l6XUdU7RQcJVn-9FSBRVVjPuSJs-CmOy8K" start="20221120230000 +0000" stop="20221121020000 +0000" catchup-id="0i_jNmulyaQyYT3bN_MBu4HjeYSecqEEx5xgD_fR"><title>European Tour: DP World Tour Championship </title><date></date><icon src="https://m7be2.solocoo.tv/m7be2iphone/mmchan/mpimages/208x308/pZkiEYxl5ux-0AsXcwxRMw.jpg"></icon><desc></desc><category></category></programme><programme channel="jgat-7l6XUdU7RQcJVn-9FSBRVVjPuSJs-CmOy8K" start="20221121020000 +0000" stop="20221121023000 +0000" catchup-id="LX4puEpU9F5p5s7w2Q-Et_W5gOWJY0zWtcjxDRYW"><title>PGA Tour: The Cut</title><date></date><icon src="https://m7be2.solocoo.tv/m7be2iphone/mmchan/mpimages/208x308/TBFWqi-uPHyuaxcxRx9GMA.jpg"></icon><desc></desc><category></category></programme><programme channel="jgat-7l6XUdU7RQcJVn-9FSBRVVjPuSJs-CmOy8K" start="20221121023000 +0000" stop="20221121030000 +0000" catchup-id="qRsngN0fieS6oNqOHEftNWecGhDnjUe6jeGLKPaU"><title>European Tour: Hoogtepunten : Nedbank Golf Challenge</title><date></date><icon src="https://m7be2.solocoo.tv/m7be2iphone/mmchan/mpimages/208x308/y0eZWCO12ZJe0tgLIEnP7w.jpg"></icon><desc></desc><category></category></programme><programme channel="jgat-7l6XUdU7RQcJVn-9FSBRVVjPuSJs-CmOy8K" start="20221121030000 +0000" stop="20221121060000 +0000" catchup-id="PH9jHdPNIgsHkdHdvvRYdhxbn3atM17BlRiAjPzR"><title>European Tour: DP World Tour Championship </title><date></date><icon src="https://m7be2.solocoo.tv/m7be2iphone/mmchan/mpimages/208x308/pZkiEYxl5ux-0AsXcwxRMw.jpg"></icon><desc></desc><category></category></programme><programme channel="jgat-7l6XUdU7RQcJVn-9FSBRVVjPuSJs-CmOy8K" start="20221121060000 +0000" stop="20221121090000 +0000" catchup-id="iANsteM1Pb9oc7g_JfEwTS_DJ7EMM7jHLRfUnqlQ"><title>European Tour: DP World Tour Championship </title><date></date><icon src="https://m7be2.solocoo.tv/m7be2iphone/mmchan/mpimages/208x308/pZkiEYxl5ux-0AsXcwxRMw.jpg"></icon><desc>Herhaling van de derde dag van het DP World Tour Championship, het eindtoernooi van de European Tour, gespeeld op Jumeirah Golf Estates, in Dubai, Verenigde Arabische Emiraten.</desc><category></category></programme><programme channel="jgat-7l6XUdU7RQcJVn-9FSBRVVjPuSJs-CmOy8K" start="20221121090000 +0000" stop="20221121100000 +0000" catchup-id="fykNJTaJZmcSZI7ytwmA4Z5OfNZqglfFH1Kw8sHc"><title>Sunshine Tour Hoogtepunten : PGA Championship</title><date></date><icon src="https://m7be2.solocoo.tv/m7be2iphone/mmchan/mpimages/208x308/XdUZfBUACLpS8YW02GlhBg.jpg"></icon><desc>De hoogtepunten van de PGA Championship, gespeeld in de Sunshine Tour.</desc><category></category></programme><programme channel="jgat-7l6XUdU7RQcJVn-9FSBRVVjPuSJs-CmOy8K" start="20221121100000 +0000" stop="20221121110000 +0000" catchup-id="jHkTvt8KTcbhpfFhveBImArChBXNl6HxPQjxddXA"><title>Golf: Asian Tour Hoogtepunten : International Series Egypte</title><date></date><icon src="https://m7be2.solocoo.tv/m7be2iphone/mmchan/mpimages/208x308/-ioVNWanb_8JvywHOZEhUg.jpg"></icon><desc></desc><category></category></programme><programme channel="jgat-7l6XUdU7RQcJVn-9FSBRVVjPuSJs-CmOy8K" start="20221121110000 +0000" stop="20221121140000 +0000" catchup-id="ewg7zjCxZDivWIXjgA2qKo4iD6Zuk82ydGjNDqt1"><title>European Tour: DP World Tour Championship </title><date></date><icon src="https://m7be2.solocoo.tv/m7be2iphone/mmchan/mpimages/208x308/pZkiEYxl5ux-0AsXcwxRMw.jpg"></icon><desc>Herhaling van de derde dag van het DP World Tour Championship, het eindtoernooi van de European Tour, gespeeld op Jumeirah Golf Estates, in Dubai, Verenigde Arabische Emiraten.</desc><category></category></programme><programme channel="jgat-7l6XUdU7RQcJVn-9FSBRVVjPuSJs-CmOy8K" start="20221121140000 +0000" stop="20221121170000 +0000" catchup-id="09UOGW3Feax2S5bsqz3US0KsL6lpLzPxFSFgZzhA"><title>European Tour: DP World Tour Championship </title><date></date><icon src="https://m7be2.solocoo.tv/m7be2iphone/mmchan/mpimages/208x308/pZkiEYxl5ux-0AsXcwxRMw.jpg"></icon><desc>Herhaling van de vierde en beslissende dag van het DP World Tour Championship, het eindtoernooi van de European Tour, gespeeld op Jumeirah Golf Estates, in Dubai, Verenigde Arabische Emiraten.</desc><category></category></programme><programme channel="jgat-7l6XUdU7RQcJVn-9FSBRVVjPuSJs-CmOy8K" start="20221121170000 +0000" stop="20221121173000 +0000" catchup-id="XTnLtIBnH0uBVQ7RwOT0KzVu7evwJJ2GP-OSpkos"><title>PGA Tour: The Cut</title><date></date><icon src="https://m7be2.solocoo.tv/m7be2iphone/mmchan/mpimages/208x308/TBFWqi-uPHyuaxcxRx9GMA.jpg"></icon><desc>Golfmagazine met het laatste nieuws en achtergronden uit de US PGA Tour.</desc><category></category></programme><programme channel="jgat-7l6XUdU7RQcJVn-9FSBRVVjPuSJs-CmOy8K" start="20221121173000 +0000" stop="20221121182500 +0000" catchup-id="mMPZcLCG5oqmTPaPrN_eCswJXXigFYmd3jy_nJGq"><title>Golf PGA Tour: Hoogtepunten : Cadence Bank Houston Open</title><date></date><icon src="https://m7be2.solocoo.tv/m7be2iphone/mmchan/mpimages/208x308/QLIDKopZTqjENweQ-5iB1A.jpg"></icon><desc>Alle hoogtepunten de Cadence Bank Houston Open, gespeeld in de PGA Tour.</desc><category></category></programme><programme channel="jgat-7l6XUdU7RQcJVn-9FSBRVVjPuSJs-CmOy8K" start="20221121182500 +0000" stop="20221121200500 +0000" catchup-id="PSJ62s5qHYXPMEIpfDduEFZzXXlk_jxCbJRxhYRa"><title>Golf: LPGA Hoogtepunten : CME Group Tour Championship</title><date></date><icon src="https://m7be2.solocoo.tv/m7be2iphone/mmchan/mpimages/208x308/B5mKKwmSXEqeq-hIEU32Sg.jpg"></icon><desc>Verslag van de vierde dag van het CME Group Tour Championship, gespeeld in de LPGA.</desc><category></category></programme><programme channel="jgat-7l6XUdU7RQcJVn-9FSBRVVjPuSJs-CmOy8K" start="20221121200500 +0000" stop="20221121220500 +0000" catchup-id="Eo4w5B-HlHD2Y_Vg9xrOxNoC2IRbvdt_dfDFu2ed"><title>European Tour: Samenvatting : DP World Tour Championship - Dag 4</title><date></date><icon src="https://m7be2.solocoo.tv/m7be2iphone/mmchan/mpimages/208x308/wKoYL1pYSXzoQLYSY-lsyQ.jpg"></icon><desc>Samenvatting van de vierde en beslissende dag van het DP World Tour Championship, het eindtoernooi van de European Tour, gespeeld op Jumeirah Golf Estates, in Dubai, Verenigde Arabische Emiraten.</desc><category></category></programme><programme channel="jgat-7l6XUdU7RQcJVn-9FSBRVVjPuSJs-CmOy8K" start="20221121220500 +0000" stop="20221121230000 +0000" catchup-id="G2fh3P77B3j962PEu0naZbdget3IUGBBdZ1CC9HQ"><title>Golf History : The FedExCup Official Film</title><date></date><icon src="https://m7be2.solocoo.tv/m7be2iphone/mmchan/mpimages/208x308/BCd1VmYXx4VA2lwff2OC5A.jpg"></icon><desc>Hoogtepunten van de FedEx Cup Playoffs, gespeeld in de PGA Tour van 2022.</desc><category></category></programme><programme channel="jgat-7l6XUdU7RQcJVn-9FSBRVVjPuSJs-CmOy8K" start="20221121230000 +0000" stop="20221122020000 +0000" catchup-id="M_AxgHmKc28UbsfxZ0exM7ir6pjgrE2X_DG7hKZp"><title>European Tour: DP World Tour Championship </title><date></date><icon src="https://m7be2.solocoo.tv/m7be2iphone/mmchan/mpimages/208x308/pZkiEYxl5ux-0AsXcwxRMw.jpg"></icon><desc>Herhaling van de derde dag van het DP World Tour Championship, het eindtoernooi van de European Tour, gespeeld op Jumeirah Golf Estates, in Dubai, Verenigde Arabische Emiraten.</desc><category></category></programme><programme channel="jgat-7l6XUdU7RQcJVn-9FSBRVVjPuSJs-CmOy8K" start="20221122020000 +0000" stop="20221122030000 +0000" catchup-id="59GKXuZBh9FEvUXtjRqvlvEKL7sNwNlYXs5iF5OX"><title>Golf PGA Tour: Hoogtepunten : Cadence Bank Houston Open</title><date></date><icon src="https://m7be2.solocoo.tv/m7be2iphone/mmchan/mpimages/208x308/QLIDKopZTqjENweQ-5iB1A.jpg"></icon><desc>Alle hoogtepunten de Cadence Bank Houston Open, gespeeld in de PGA Tour.</desc><category></category></programme><programme channel="jgat-7l6XUdU7RQcJVn-9FSBRVVjPuSJs-CmOy8K" start="20221122030000 +0000" stop="20221122060000 +0000" catchup-id="qeaIPy4QYolGii3zFs3OYrf-bln6IGW44K47UY5y"><title>European Tour: DP World Tour Championship </title><date></date><icon src="https://m7be2.solocoo.tv/m7be2iphone/mmchan/mpimages/208x308/pZkiEYxl5ux-0AsXcwxRMw.jpg"></icon><desc>Herhaling van de derde dag van het DP World Tour Championship, het eindtoernooi van de European Tour, gespeeld op Jumeirah Golf Estates, in Dubai, Verenigde Arabische Emiraten.</desc><category></category></programme><programme channel="jgat-7l6XUdU7RQcJVn-9FSBRVVjPuSJs-CmOy8K" start="20221122060000 +0000" stop="20221122070500 +0000" catchup-id="dXx6JTrtRqOz2R9w4d1b6s7obXQ9JrmtpYC94TjU"><title>Golf: PGA Champions Tour Hoogtepunten : Charles Schwab Cup Championship</title><date></date><icon src="https://m7be2.solocoo.tv/m7be2iphone/mmchan/mpimages/208x308/_pQAP4wRPtud1KqPogXLpw.jpg"></icon><desc>Hoogtepunten van de PGA Tour Champions van afgelopen weekend.</desc><category></category></programme><programme channel="jgat-7l6XUdU7RQcJVn-9FSBRVVjPuSJs-CmOy8K" start="20221122070500 +0000" stop="20221122090500 +0000" catchup-id="0QT5cwJULdUKcLKHIexvas8PDOI0V9xcbCLHUTQn"><title>European Tour: Samenvatting : DP World Tour Championship - Dag 4</title><date></date><icon src="https://m7be2.solocoo.tv/m7be2iphone/mmchan/mpimages/208x308/wKoYL1pYSXzoQLYSY-lsyQ.jpg"></icon><desc>Samenvatting van de vierde en beslissende dag van het DP World Tour Championship, het eindtoernooi van de European Tour, gespeeld op Jumeirah Golf Estates, in Dubai, Verenigde Arabische Emiraten.</desc><category></category></programme><programme channel="jgat-7l6XUdU7RQcJVn-9FSBRVVjPuSJs-CmOy8K" start="20221122090500 +0000" stop="20221122100000 +0000" catchup-id="y36yWTFwKZdUOALI52cFBC43SXKXXSe3dUnjCqxh"><title>Golf History : The FedExCup Official Film</title><date></date><icon src="https://m7be2.solocoo.tv/m7be2iphone/mmchan/mpimages/208x308/BCd1VmYXx4VA2lwff2OC5A.jpg"></icon><desc>Hoogtepunten van de FedEx Cup Playoffs, gespeeld in de PGA Tour van 2022.</desc><category></category></programme><programme channel="jgat-7l6XUdU7RQcJVn-9FSBRVVjPuSJs-CmOy8K" start="20221122100000 +0000" stop="20221122103500 +0000" catchup-id="RHdkst7XgzdCU3sFBwojX_-Wg_eja2nhnidEHjCi"><title>PGA Tour: The Cut</title><date></date><icon src="https://m7be2.solocoo.tv/m7be2iphone/mmchan/mpimages/208x308/TBFWqi-uPHyuaxcxRx9GMA.jpg"></icon><desc>Golfmagazine met het laatste nieuws en achtergronden uit de US PGA Tour.</desc><category></category></programme><programme channel="jgat-7l6XUdU7RQcJVn-9FSBRVVjPuSJs-CmOy8K" start="20221122103500 +0000" stop="20221122120500 +0000" catchup-id="VCU80dEAz5fMX-D3NSwpTiZx6gNNMJgHRn2LhML5"><title>Golf: LPGA Hoogtepunten : CME Group Tour Championship</title><date></date><icon src="https://m7be2.solocoo.tv/m7be2iphone/mmchan/mpimages/208x308/B5mKKwmSXEqeq-hIEU32Sg.jpg"></icon><desc>Verslag van de vierde dag van het CME Group Tour Championship, gespeeld in de LPGA.</desc><category></category></programme><programme channel="jgat-7l6XUdU7RQcJVn-9FSBRVVjPuSJs-CmOy8K" start="20221122120500 +0000" stop="20221122150500 +0000" catchup-id="Mu04C0gtN-vJOxe1K-EfFl8Mea6I9nbeEd5wJnA7"><title>European Tour: DP World Tour Championship </title><date></date><icon src="https://m7be2.solocoo.tv/m7be2iphone/mmchan/mpimages/208x308/pZkiEYxl5ux-0AsXcwxRMw.jpg"></icon><desc>Herhaling van de derde dag van het DP World Tour Championship, het eindtoernooi van de European Tour, gespeeld op Jumeirah Golf Estates, in Dubai, Verenigde Arabische Emiraten.</desc><category></category></programme><programme channel="jgat-7l6XUdU7RQcJVn-9FSBRVVjPuSJs-CmOy8K" start="20221122150500 +0000" stop="20221122180500 +0000" catchup-id="mBX8KhYO5_LA089y4CDNW-D8AZh3HIZNE8dbu3vX"><title>European Tour: DP World Tour Championship </title><date></date><icon src="https://m7be2.solocoo.tv/m7be2iphone/mmchan/mpimages/208x308/pZkiEYxl5ux-0AsXcwxRMw.jpg"></icon><desc>Herhaling van de vierde en beslissende dag van het DP World Tour Championship, het eindtoernooi van de European Tour, gespeeld op Jumeirah Golf Estates, in Dubai, Verenigde Arabische Emiraten.</desc><category></category></programme><programme channel="jgat-7l6XUdU7RQcJVn-9FSBRVVjPuSJs-CmOy8K" start="20221122180500 +0000" stop="20221122190000 +0000" catchup-id="jmCmPnNv_B99qZMMPpDikroQnq6eLcm2BirfI_KP"><title>Golf History : The FedExCup Official Film</title><date></date><icon src="https://m7be2.solocoo.tv/m7be2iphone/mmchan/mpimages/208x308/BCd1VmYXx4VA2lwff2OC5A.jpg"></icon><desc>Hoogtepunten van de FedEx Cup Playoffs, gespeeld in de PGA Tour van 2022.</desc><category></category></programme><programme channel="jgat-7l6XUdU7RQcJVn-9FSBRVVjPuSJs-CmOy8K" start="20221122190000 +0000" stop="20221122200500 +0000" catchup-id="ETqT7asULA9nNnWJfYIyxoWDV2t0-JpiyIhK3ioa"><title>Golf PGA Tour: Hoogtepunten : Cadence Bank Houston Open</title><date></date><icon src="https://m7be2.solocoo.tv/m7be2iphone/mmchan/mpimages/208x308/QLIDKopZTqjENweQ-5iB1A.jpg"></icon><desc>Alle hoogtepunten de Cadence Bank Houston Open, gespeeld in de PGA Tour.</desc><category></category></programme><programme channel="jgat-7l6XUdU7RQcJVn-9FSBRVVjPuSJs-CmOy8K" start="20221122200500 +0000" stop="20221122210000 +0000" catchup-id="ZxJaGp-dSO6aWzdSKfB1F5w4ruILOf73znjD5Jv0"><title>Sunshine Tour Hoogtepunten : PGA Championship</title><date></date><icon src="https://m7be2.solocoo.tv/m7be2iphone/mmchan/mpimages/208x308/XdUZfBUACLpS8YW02GlhBg.jpg"></icon><desc>De hoogtepunten van de PGA Championship, gespeeld in de Sunshine Tour.</desc><category></category></programme><programme channel="jgat-7l6XUdU7RQcJVn-9FSBRVVjPuSJs-CmOy8K" start="20221122210000 +0000" stop="20221122213500 +0000" catchup-id="ug4f5PV1d8TLTPQVJIv1WKgmGkwLmTYnuNYRUHf7"><title>PGA Tour: The Cut</title><date></date><icon src="https://m7be2.solocoo.tv/m7be2iphone/mmchan/mpimages/208x308/TBFWqi-uPHyuaxcxRx9GMA.jpg"></icon><desc>Golfmagazine met het laatste nieuws en achtergronden uit de US PGA Tour.</desc><category></category></programme><programme channel="jgat-7l6XUdU7RQcJVn-9FSBRVVjPuSJs-CmOy8K" start="20221122213500 +0000" stop="20221122220500 +0000" catchup-id="zJksSsXt6FtuVQBW0OxayfyxUl_EFwVK4hDJU4pd"><title>European Tour: Hoogtepunten : Nedbank Golf Challenge</title><date></date><icon src="https://m7be2.solocoo.tv/m7be2iphone/mmchan/mpimages/208x308/y0eZWCO12ZJe0tgLIEnP7w.jpg"></icon><desc>Hoogtepunten van de Nedbank Golf Challenge, gespeeld in de European Tour van 2022.</desc><category></category></programme><programme channel="jgat-7l6XUdU7RQcJVn-9FSBRVVjPuSJs-CmOy8K" start="20221122220500 +0000" stop="20221122230000 +0000" catchup-id="2eQcC8pcZpwvP2fyxY355TlKtd03KeVY8z5BQuf6"><title>Golf PGA Tour: Hoogtepunten : Cadence Bank Houston Open</title><date></date><icon src="https://m7be2.solocoo.tv/m7be2iphone/mmchan/mpimages/208x308/QLIDKopZTqjENweQ-5iB1A.jpg"></icon><desc>Alle hoogtepunten de Cadence Bank Houston Open, gespeeld in de PGA Tour.</desc><category></category></programme><programme channel="jgat-7l6XUdU7RQcJVn-9FSBRVVjPuSJs-CmOy8K" start="20221122230000 +0000" stop="20221123020000 +0000" catchup-id="s78pijucSPbwvLivFYR2R9Gu1dP2_7t4KcyyOYjJ"><title>European Tour: DP World Tour Championship </title><date></date><icon src="https://m7be2.solocoo.tv/m7be2iphone/mmchan/mpimages/208x308/pZkiEYxl5ux-0AsXcwxRMw.jpg"></icon><desc>Herhaling van de vierde en beslissende dag van het DP World Tour Championship, het eindtoernooi van de European Tour, gespeeld op Jumeirah Golf Estates, in Dubai, Verenigde Arabische Emiraten.</desc><category></category></programme><programme channel="jgat-7l6XUdU7RQcJVn-9FSBRVVjPuSJs-CmOy8K" start="20221123020000 +0000" stop="20221123030000 +0000" catchup-id="9BCgMJwuNyrb-RCHi1Mmq1EmqjVbo9EFW2F3iQxK"><title>Golf: Asian Tour Hoogtepunten : International Series Egypte</title><date></date><icon src="https://m7be2.solocoo.tv/m7be2iphone/mmchan/mpimages/208x308/-ioVNWanb_8JvywHOZEhUg.jpg"></icon><desc>Alle hoogtepunten de International Series Egypte, gespeeld in de Asian Tour.</desc><category></category></programme><programme channel="jgat-7l6XUdU7RQcJVn-9FSBRVVjPuSJs-CmOy8K" start="20221123030000 +0000" stop="20221123060000 +0000" catchup-id="aWokhkEyAaAw8_v5bhN1QzE7M4RWH-WyuDuOe-RE"><title>European Tour: DP World Tour Championship </title><date></date><icon src="https://m7be2.solocoo.tv/m7be2iphone/mmchan/mpimages/208x308/pZkiEYxl5ux-0AsXcwxRMw.jpg"></icon><desc>Herhaling van de vierde en beslissende dag van het DP World Tour Championship, het eindtoernooi van de European Tour, gespeeld op Jumeirah Golf Estates, in Dubai, Verenigde Arabische Emiraten.</desc><category></category></programme><programme channel="jgat-7l6XUdU7RQcJVn-9FSBRVVjPuSJs-CmOy8K" start="20221123060000 +0000" stop="20221123070000 +0000" catchup-id="m3gHebM7r2HtCSDvJiq7Nvv6seVdmEsplzBFzcuk"><title>Golf PGA Tour: Hoogtepunten : Cadence Bank Houston Open</title><date></date><icon src="https://m7be2.solocoo.tv/m7be2iphone/mmchan/mpimages/208x308/QLIDKopZTqjENweQ-5iB1A.jpg"></icon><desc>Alle hoogtepunten de Cadence Bank Houston Open, gespeeld in de PGA Tour.</desc><category></category></programme><programme channel="jgat-7l6XUdU7RQcJVn-9FSBRVVjPuSJs-CmOy8K" start="20221123070000 +0000" stop="20221123080000 +0000" catchup-id="BxmPsS-73CZ-4bt4T_AhnpGhe3uNpTxyfF-vWedn"><title>Sunshine Tour Hoogtepunten : PGA Championship</title><date></date><icon src="https://m7be2.solocoo.tv/m7be2iphone/mmchan/mpimages/208x308/XdUZfBUACLpS8YW02GlhBg.jpg"></icon><desc></desc><category></category></programme><programme channel="jgat-7l6XUdU7RQcJVn-9FSBRVVjPuSJs-CmOy8K" start="20221123080000 +0000" stop="20221123083000 +0000" catchup-id="wBvspe5nai0jr-1ZyFb2H_bFCfSZR_aZmQN8-lH9"><title>PGA Tour: The Cut</title><date></date><icon src="https://m7be2.solocoo.tv/m7be2iphone/mmchan/mpimages/208x308/TBFWqi-uPHyuaxcxRx9GMA.jpg"></icon><desc>Golfmagazine met het laatste nieuws en achtergronden uit de US PGA Tour.</desc><category></category></programme><programme channel="jgat-7l6XUdU7RQcJVn-9FSBRVVjPuSJs-CmOy8K" start="20221123083000 +0000" stop="20221123100000 +0000" catchup-id="r_uwZpWV2H8FN5PpifSPoTxtJx61W42g0izziwn9"><title>Golf: LPGA Hoogtepunten : CME Group Tour Championship</title><date></date><icon src="https://m7be2.solocoo.tv/m7be2iphone/mmchan/mpimages/208x308/B5mKKwmSXEqeq-hIEU32Sg.jpg"></icon><desc></desc><category></category></programme><programme channel="jgat-7l6XUdU7RQcJVn-9FSBRVVjPuSJs-CmOy8K" start="20221123100000 +0000" stop="20221123130000 +0000" catchup-id="mEDQTdbaBtqPxkQvNJKx-LtszqGrfkm47-bqzuDg"><title>European Tour: DP World Tour Championship </title><date></date><icon src="https://m7be2.solocoo.tv/m7be2iphone/mmchan/mpimages/208x308/pZkiEYxl5ux-0AsXcwxRMw.jpg"></icon><desc>Herhaling van de derde dag van het DP World Tour Championship, het eindtoernooi van de European Tour, gespeeld op Jumeirah Golf Estates, in Dubai, Verenigde Arabische Emiraten.</desc><category></category></programme><programme channel="jgat-7l6XUdU7RQcJVn-9FSBRVVjPuSJs-CmOy8K" start="20221123130000 +0000" stop="20221123160000 +0000" catchup-id="X_7TSYPQk8nOUDAW4ycEwL2986w_hsBIROONAnk_"><title>European Tour: DP World Tour Championship </title><date></date><icon src="https://m7be2.solocoo.tv/m7be2iphone/mmchan/mpimages/208x308/pZkiEYxl5ux-0AsXcwxRMw.jpg"></icon><desc>Herhaling van de vierde en beslissende dag van het DP World Tour Championship, het eindtoernooi van de European Tour, gespeeld op Jumeirah Golf Estates, in Dubai, Verenigde Arabische Emiraten.</desc><category></category></programme><programme channel="jgat-7l6XUdU7RQcJVn-9FSBRVVjPuSJs-CmOy8K" start="20221123160000 +0000" stop="20221123163500 +0000" catchup-id="yI_yTgzuH4BeUwA-Oqv7g0Tfc_FEG6Wqj1W99Ry3"><title>PGA Tour: The Cut</title><date></date><icon src="https://m7be2.solocoo.tv/m7be2iphone/mmchan/mpimages/208x308/TBFWqi-uPHyuaxcxRx9GMA.jpg"></icon><desc>Golfmagazine met het laatste nieuws en achtergronden uit de US PGA Tour.</desc><category></category></programme><programme channel="jgat-7l6XUdU7RQcJVn-9FSBRVVjPuSJs-CmOy8K" start="20221123163500 +0000" stop="20221123170500 +0000" catchup-id="sqG23b0pEKRitDUuUAhmyFRlBBdf9sCI5CAT9psQ"><title>European Tour: Hoogtepunten : DP World Tour Championship</title><date></date><icon src="https://m7be2.solocoo.tv/m7be2iphone/mmchan/mpimages/208x308/y0eZWCO12ZJe0tgLIEnP7w.jpg"></icon><desc>Hoogtepunten van de DP World Tour Championship, gespeeld in de European Tour van 2022.</desc><category></category></programme><programme channel="jgat-7l6XUdU7RQcJVn-9FSBRVVjPuSJs-CmOy8K" start="20221123170500 +0000" stop="20221123180000 +0000" catchup-id="NpKriyxywXvJ1h7aA5nPhApJSVf0QM2JQfDsEj-z"><title>PGA Tour: The RSM Classic : Hoogtepunten</title><date></date><icon src="https://m7be2.solocoo.tv/m7be2iphone/mmchan/mpimages/208x308/XRrwbMbU760NHr-raXg-Yg.jpg"></icon><desc>Alle hoogtepunten de The RSM Classic, gespeeld in de PGA Tour.</desc><category></category></programme><programme channel="jgat-7l6XUdU7RQcJVn-9FSBRVVjPuSJs-CmOy8K" start="20221123180000 +0000" stop="20221123193000 +0000" catchup-id="qthAp1pvk7Zi8VLRh562OAzJBqeTBKcyN5XXuLOd"><title>Golf: LPGA Hoogtepunten : CME Group Tour Championship</title><date></date><icon src="https://m7be2.solocoo.tv/m7be2iphone/mmchan/mpimages/208x308/B5mKKwmSXEqeq-hIEU32Sg.jpg"></icon><desc>Verslag van de vierde dag van het CME Group Tour Championship, gespeeld in de LPGA.</desc><category></category></programme><programme channel="jgat-7l6XUdU7RQcJVn-9FSBRVVjPuSJs-CmOy8K" start="20221123193000 +0000" stop="20221123200000 +0000" catchup-id="tI89Td_z944Lyn0W3S04zR7S9-k3mv0R9-cwf0OA"><title>PGA Tour: The Cut</title><date></date><icon src="https://m7be2.solocoo.tv/m7be2iphone/mmchan/mpimages/208x308/TBFWqi-uPHyuaxcxRx9GMA.jpg"></icon><desc>Golfmagazine met het laatste nieuws en achtergronden uit de US PGA Tour.</desc><category></category></programme><programme channel="jgat-7l6XUdU7RQcJVn-9FSBRVVjPuSJs-CmOy8K" start="20221123200000 +0000" stop="20221123203000 +0000" catchup-id="gCtjqUSs6Sm3cHy1yUJTDFkXHhXDFILB7r9LXuOn"><title>European Tour: Hoogtepunten : DP World Tour Championship</title><date></date><icon src="https://m7be2.solocoo.tv/m7be2iphone/mmchan/mpimages/208x308/y0eZWCO12ZJe0tgLIEnP7w.jpg"></icon><desc>Hoogtepunten van de DP World Tour Championship, gespeeld in de European Tour van 2022.</desc><category></category></programme><programme channel="jgat-7l6XUdU7RQcJVn-9FSBRVVjPuSJs-CmOy8K" start="20221123203000 +0000" stop="20221123212500 +0000" catchup-id="t6PnRZWZecwceao9ocw5G4VPGqakKAe42xAbXc9D"><title>Presidents Cup</title><date></date><icon src="https://m7be2.solocoo.tv/m7be2iphone/mmchan/mpimages/208x308/wImVxo9--A4wX7n41NZEOQ.jpg"></icon><desc>Alle hoogtepunten van de Presidents Cup 2022, gespeeld op donderdag 22 tot en met zondag 29 september 2022 op de de Quail Hollow Golf Club in Charlotte, Verenigde Staten. In the Presidents Cup namen de 12 beste golfers uit Amerika het opnemen tegen de 12 beste Internationale golfers.</desc><category></category></programme><programme channel="jgat-7l6XUdU7RQcJVn-9FSBRVVjPuSJs-CmOy8K" start="20221123212500 +0000" stop="20221124003500 +0000" catchup-id="ls0Ij00w0g4tvJlt__OraN_aRV5KXx76ezh-xbep"><title>European Tour: DP World Tour Championship </title><date></date><icon src="https://m7be2.solocoo.tv/m7be2iphone/mmchan/mpimages/208x308/pZkiEYxl5ux-0AsXcwxRMw.jpg"></icon><desc>Herhaling van de vierde en beslissende dag van het DP World Tour Championship, het eindtoernooi van de European Tour, gespeeld op Jumeirah Golf Estates, in Dubai, Verenigde Arabische Emiraten.</desc><category></category></programme><programme channel="jgat-7l6XUdU7RQcJVn-9FSBRVVjPuSJs-CmOy8K" start="20221124003500 +0000" stop="20221124010000 +0000" catchup-id="XDVoXABiAYYqth_qkjFUHfOIV22IyrVqgiFSj5Rd"><title>PGA Tour: The Cut</title><date></date><icon src="https://m7be2.solocoo.tv/m7be2iphone/mmchan/mpimages/208x308/TBFWqi-uPHyuaxcxRx9GMA.jpg"></icon><desc>Golfmagazine met het laatste nieuws en achtergronden uit de US PGA Tour.</desc><category></category></programme><programme channel="jgat-7l6XUdU7RQcJVn-9FSBRVVjPuSJs-CmOy8K" start="20221124010000 +0000" stop="20221124013500 +0000" catchup-id="bkaWfq7uF_1sSe0Bp6PsJMa3H1igK83VvBzMYP5N"><title>European Tour: Hoogtepunten : DP World Tour Championship</title><date></date><icon src="https://m7be2.solocoo.tv/m7be2iphone/mmchan/mpimages/208x308/y0eZWCO12ZJe0tgLIEnP7w.jpg"></icon><desc>Hoogtepunten van de DP World Tour Championship, gespeeld in de European Tour van 2022.</desc><category></category></programme><programme channel="jgat-7l6XUdU7RQcJVn-9FSBRVVjPuSJs-CmOy8K" start="20221124013500 +0000" stop="20221124023000 +0000" catchup-id="fiL8x2RG2iCWJaRm2E1s8O08lZGDJxi59lhKgXt0"><title>PGA Tour: The RSM Classic : Hoogtepunten</title><date></date><icon src="https://m7be2.solocoo.tv/m7be2iphone/mmchan/mpimages/208x308/XRrwbMbU760NHr-raXg-Yg.jpg"></icon><desc>Alle hoogtepunten de The RSM Classic, gespeeld in de PGA Tour.</desc><category></category></programme><programme channel="jgat-7l6XUdU7RQcJVn-9FSBRVVjPuSJs-CmOy8K" start="20221124023000 +0000" stop="20221124060000 +0000" catchup-id="N37OpIJ1BP08naVzd_ysmFcygPA8zSOVc5tf3Xu3"><title>Golf: Australian PGA Championship : Dag 1</title><date></date><icon src="https://m7be2.solocoo.tv/m7be2iphone/mmchan/mpimages/208x308/V2CDrMMqzIHZJhb3E-NR5Q.jpg"></icon><desc>Verslag van de eerste dag van de Fortinet Australian PGA Championship, gespeeld op de Royal Queensland Golf Club, Brisbane, Queensland, Australië.</desc><category></category></programme><programme channel="jgat-7l6XUdU7RQcJVn-9FSBRVVjPuSJs-CmOy8K" start="20221124060000 +0000" stop="20221124063500 +0000" catchup-id="TR01ZVo4YVRtejajiHh0jiHY4BpSXLT9C56WFpE_"><title>PGA Tour: The Cut</title><date></date><icon src="https://m7be2.solocoo.tv/m7be2iphone/mmchan/mpimages/208x308/TBFWqi-uPHyuaxcxRx9GMA.jpg"></icon><desc>Golfmagazine met het laatste nieuws en achtergronden uit de US PGA Tour.</desc><category></category></programme><programme channel="jgat-7l6XUdU7RQcJVn-9FSBRVVjPuSJs-CmOy8K" start="20221124063500 +0000" stop="20221124070500 +0000" catchup-id="nAnCcYiDV4lQDtapt3fniYWwanfFFZFUhuimOBBm"><title>European Tour: Hoogtepunten : DP World Tour Championship</title><date></date><icon src="https://m7be2.solocoo.tv/m7be2iphone/mmchan/mpimages/208x308/y0eZWCO12ZJe0tgLIEnP7w.jpg"></icon><desc>Hoogtepunten van de DP World Tour Championship, gespeeld in de European Tour van 2022.</desc><category></category></programme><programme channel="jgat-7l6XUdU7RQcJVn-9FSBRVVjPuSJs-CmOy8K" start="20221124070500 +0000" stop="20221124080000 +0000" catchup-id="3vnIMz8dO6QtRuO27PcoAVO_F3GLboQzWuhcKQuf"><title>PGA Tour: The RSM Classic : Hoogtepunten</title><date></date><icon src="https://m7be2.solocoo.tv/m7be2iphone/mmchan/mpimages/208x308/XRrwbMbU760NHr-raXg-Yg.jpg"></icon><desc>Alle hoogtepunten de The RSM Classic, gespeeld in de PGA Tour.</desc><category></category></programme><programme channel="jgat-7l6XUdU7RQcJVn-9FSBRVVjPuSJs-CmOy8K" start="20221124080000 +0000" stop="20221124093500 +0000" catchup-id="bHHc6eaM48lC07qXSc-n-nKSIXxvK83iuV4fgeAm"><title>Golf: LPGA Hoogtepunten : CME Group Tour Championship</title><date></date><icon src="https://m7be2.solocoo.tv/m7be2iphone/mmchan/mpimages/208x308/B5mKKwmSXEqeq-hIEU32Sg.jpg"></icon><desc>Verslag van de vierde dag van het CME Group Tour Championship, gespeeld in de LPGA.</desc><category></category></programme><programme channel="jgat-7l6XUdU7RQcJVn-9FSBRVVjPuSJs-CmOy8K" start="20221124093500 +0000" stop="20221124100000 +0000" catchup-id="kT7wRgs9GdklX7DxPMQff1OWM_5BmunoDYN0PAov"><title>PGA Tour: The Cut</title><date></date><icon src="https://m7be2.solocoo.tv/m7be2iphone/mmchan/mpimages/208x308/TBFWqi-uPHyuaxcxRx9GMA.jpg"></icon><desc>Golfmagazine met het laatste nieuws en achtergronden uit de US PGA Tour.</desc><category></category></programme><programme channel="jgat-7l6XUdU7RQcJVn-9FSBRVVjPuSJs-CmOy8K" start="20221124100000 +0000" stop="20221124150500 +0000" catchup-id="eAGCuNNgHXX8xeAh2Pqrv1NZLDA_dSJDdKClKBd9"><title>Golf: European Tour - Joburg Open : Dag 1</title><date></date><icon src="https://m7be2.solocoo.tv/m7be2iphone/mmchan/mpimages/208x308/vmPVz9plQ76c0vUPLXPgaA.jpg"></icon><desc>Verslag van de eerste dag van de Joburg Open, gespeeld op de Randpark Golf Club, Johannesburg.</desc><category></category></programme><programme channel="jgat-7l6XUdU7RQcJVn-9FSBRVVjPuSJs-CmOy8K" start="20221124150500 +0000" stop="20221124180500 +0000" catchup-id="vCspFFm7nE3IjNuNwQgkPXR-jNXMUbsyDLgVN4vg"><title>Golf: Australian PGA Championship </title><date></date><icon src="https://m7be2.solocoo.tv/m7be2iphone/mmchan/mpimages/208x308/V2CDrMMqzIHZJhb3E-NR5Q.jpg"></icon><desc>Herhaling van de eerste dag van de Fortinet Australian PGA Championship, gespeeld op de Royal Queensland Golf Club, Brisbane, Queensland, Australië.</desc><category></category></programme><programme channel="jgat-7l6XUdU7RQcJVn-9FSBRVVjPuSJs-CmOy8K" start="20221124180500 +0000" stop="20221124183000 +0000" catchup-id="NQJ5SELgKePIIqIKIJnhu25W8gPYToDETkXGUT5u"><title>PGA Tour: The Cut</title><date></date><icon src="https://m7be2.solocoo.tv/m7be2iphone/mmchan/mpimages/208x308/TBFWqi-uPHyuaxcxRx9GMA.jpg"></icon><desc>Golfmagazine met het laatste nieuws en achtergronden uit de US PGA Tour.</desc><category></category></programme><programme channel="jgat-7l6XUdU7RQcJVn-9FSBRVVjPuSJs-CmOy8K" start="20221124183000 +0000" stop="20221124190000 +0000" catchup-id="O1lbbEoSAQNgHU9hF8V_AwB-RSARAWhTr9ipZU5U"><title>European Tour: Hoogtepunten : DP World Tour Championship</title><date></date><icon src="https://m7be2.solocoo.tv/m7be2iphone/mmchan/mpimages/208x308/y0eZWCO12ZJe0tgLIEnP7w.jpg"></icon><desc>Hoogtepunten van de DP World Tour Championship, gespeeld in de European Tour van 2022.</desc><category></category></programme><programme channel="jgat-7l6XUdU7RQcJVn-9FSBRVVjPuSJs-CmOy8K" start="20221124190000 +0000" stop="20221124200000 +0000" catchup-id="lXnfny40jjv5vKdQtQSq2YZYTcFZBQdhLCo266EQ"><title>PGA Tour: The RSM Classic : Hoogtepunten</title><date></date><icon src="https://m7be2.solocoo.tv/m7be2iphone/mmchan/mpimages/208x308/XRrwbMbU760NHr-raXg-Yg.jpg"></icon><desc>Alle hoogtepunten de The RSM Classic, gespeeld in de PGA Tour.</desc><category></category></programme><programme channel="jgat-7l6XUdU7RQcJVn-9FSBRVVjPuSJs-CmOy8K" start="20221124200000 +0000" stop="20221124202500 +0000" catchup-id="QKuXUq0lhIvGax67wIMR6bPZR4BGuR3p1cbTEDSN"><title>PGA Tour: The Cut</title><date></date><icon src="https://m7be2.solocoo.tv/m7be2iphone/mmchan/mpimages/208x308/TBFWqi-uPHyuaxcxRx9GMA.jpg"></icon><desc>Golfmagazine met het laatste nieuws en achtergronden uit de US PGA Tour.</desc><category></category></programme><programme channel="jgat-7l6XUdU7RQcJVn-9FSBRVVjPuSJs-CmOy8K" start="20221124202500 +0000" stop="20221124233000 +0000" catchup-id="9Er3ooxr02HHE43L8vQeS1bUHZ1HXqKxT6RENbRf"><title>Golf: European Tour - Joburg Open </title><date></date><icon src="https://m7be2.solocoo.tv/m7be2iphone/mmchan/mpimages/208x308/vmPVz9plQ76c0vUPLXPgaA.jpg"></icon><desc>Herhaling van de eerste dag van de Joburg Open, gespeeld op de Randpark Golf Club, Johannesburg.</desc><category></category></programme><programme channel="jgat-7l6XUdU7RQcJVn-9FSBRVVjPuSJs-CmOy8K" start="20221124233000 +0000" stop="20221125023000 +0000" catchup-id="H5-hOFQd9zt5Ghq_h7e5UCl7Hta7HTl5GFyfGg3b"><title>Golf: Australian PGA Championship </title><date></date><icon src="https://m7be2.solocoo.tv/m7be2iphone/mmchan/mpimages/208x308/V2CDrMMqzIHZJhb3E-NR5Q.jpg"></icon><desc>Herhaling van de eerste dag van de Fortinet Australian PGA Championship, gespeeld op de Royal Queensland Golf Club, Brisbane, Queensland, Australië.</desc><category></category></programme><programme channel="jgat-7l6XUdU7RQcJVn-9FSBRVVjPuSJs-CmOy8K" start="20221125023000 +0000" stop="20221125060000 +0000" catchup-id="sLYARihQZ3hj4dWghwWB-HDWB1dUznDHHpgFocTr"><title>Golf: Australian PGA Championship : Dag 2</title><date></date><icon src="https://m7be2.solocoo.tv/m7be2iphone/mmchan/mpimages/208x308/V2CDrMMqzIHZJhb3E-NR5Q.jpg"></icon><desc>Verslag van de tweede dag van de Fortinet Australian PGA Championship, gespeeld op de Royal Queensland Golf Club, Brisbane, Queensland, Australië.</desc><category></category></programme><programme channel="jgat-7l6XUdU7RQcJVn-9FSBRVVjPuSJs-CmOy8K" start="20221125060000 +0000" stop="20221125065500 +0000" catchup-id="rVkbyppCQ9MsA_0CmGTiUmgpSMaSKql5LvsWh5UA"><title>PGA Tour: The RSM Classic : Hoogtepunten</title><date></date><icon src="https://m7be2.solocoo.tv/m7be2iphone/mmchan/mpimages/208x308/XRrwbMbU760NHr-raXg-Yg.jpg"></icon><desc>Alle hoogtepunten de The RSM Classic, gespeeld in de PGA Tour.</desc><category></category></programme><programme channel="jgat-7l6XUdU7RQcJVn-9FSBRVVjPuSJs-CmOy8K" start="20221125065500 +0000" stop="20221125100000 +0000" catchup-id="gHCTQz70OhUkGezMru2l0lnrHFA2shHptthWSP5L"><title>Golf: European Tour - Joburg Open </title><date></date><icon src="https://m7be2.solocoo.tv/m7be2iphone/mmchan/mpimages/208x308/vmPVz9plQ76c0vUPLXPgaA.jpg"></icon><desc>Herhaling van de eerste dag van de Joburg Open, gespeeld op de Randpark Golf Club, Johannesburg.</desc><category></category></programme><programme channel="jgat-7l6XUdU7RQcJVn-9FSBRVVjPuSJs-CmOy8K" start="20221125100000 +0000" stop="20221125150000 +0000" catchup-id="wlGUCHngM72Z6NxrxRl9hwAPVcrumsGMptSDHj2T"><title>Golf: European Tour - Joburg Open : Dag 2</title><date></date><icon src="https://m7be2.solocoo.tv/m7be2iphone/mmchan/mpimages/208x308/vmPVz9plQ76c0vUPLXPgaA.jpg"></icon><desc>Verslag van de tweede dag van de Joburg Open, gespeeld op de Randpark Golf Club, Johannesburg.</desc><category></category></programme><programme channel="jgat-7l6XUdU7RQcJVn-9FSBRVVjPuSJs-CmOy8K" start="20221125150000 +0000" stop="20221125180500 +0000" catchup-id="ayDt_qthoTL4XqgKk7NP3ftJeUq7hXq4wl5P1D5T"><title>Golf: Australian PGA Championship </title><date></date><icon src="https://m7be2.solocoo.tv/m7be2iphone/mmchan/mpimages/260x145/V2CDrMMqzIHZJhb3E-NR5Q.jpg"></icon><desc>Herhaling van de tweede dag van de Fortinet Australian PGA Championship, gespeeld op de Royal Queensland Golf Club, Brisbane, Queensland, Australië.</desc><category></category></programme><programme channel="jgat-7l6XUdU7RQcJVn-9FSBRVVjPuSJs-CmOy8K" start="20221125180500 +0000" stop="20221125190000 +0000" catchup-id="ac0F1MS9i5Gt39r71kxlaQ8tfrlQqqZFRdqAuNHY"><title>PGA Tour: The RSM Classic : Hoogtepunten</title><date></date><icon src="https://m7be2.solocoo.tv/m7be2iphone/mmchan/mpimages/260x145/XRrwbMbU760NHr-raXg-Yg.jpg"></icon><desc>Alle hoogtepunten de The RSM Classic, gespeeld in de PGA Tour.</desc><category></category></programme><programme channel="jgat-7l6XUdU7RQcJVn-9FSBRVVjPuSJs-CmOy8K" start="20221125190000 +0000" stop="20221125203000 +0000" catchup-id="gMAkSr421kJ38iN9YvfUN2JH2Ru8-zqigNuG0uY_"><title>Golf: LPGA Hoogtepunten : CME Group Tour Championship</title><date></date><icon src="https://m7be2.solocoo.tv/m7be2iphone/mmchan/mpimages/260x145/B5mKKwmSXEqeq-hIEU32Sg.jpg"></icon><desc>Verslag van de vierde dag van het CME Group Tour Championship, gespeeld in de LPGA.</desc><category></category></programme><programme channel="jgat-7l6XUdU7RQcJVn-9FSBRVVjPuSJs-CmOy8K" start="20221125203000 +0000" stop="20221125233000 +0000" catchup-id="Y8YGBsSSi1ozDnGGOo_rtjSYljDbYL5cAAL6jRCb"><title>Golf: European Tour - Joburg Open </title><date></date><icon src="https://m7be2.solocoo.tv/m7be2iphone/mmchan/mpimages/260x145/vmPVz9plQ76c0vUPLXPgaA.jpg"></icon><desc>Herhaling van de tweede dag van de Joburg Open, gespeeld op de Randpark Golf Club, Johannesburg.</desc><category></category></programme><programme channel="jgat-7l6XUdU7RQcJVn-9FSBRVVjPuSJs-CmOy8K" start="20221125233000 +0000" stop="20221126023000 +0000" catchup-id="CgDW4tUGL4yFMeWUbNvRKSoQnRoFAKX-cRAuipA1"><title>Golf: Australian PGA Championship </title><date></date><icon src="https://m7be2.solocoo.tv/m7be2iphone/mmchan/mpimages/260x145/V2CDrMMqzIHZJhb3E-NR5Q.jpg"></icon><desc>Herhaling van de tweede dag van de Fortinet Australian PGA Championship, gespeeld op de Royal Queensland Golf Club, Brisbane, Queensland, Australië.</desc><category></category></programme><programme channel="jgat-7l6XUdU7RQcJVn-9FSBRVVjPuSJs-CmOy8K" start="20221126023000 +0000" stop="20221126060000 +0000" catchup-id="dlt9-VhIJouL4txgOkvqkB6ZlV51IraaLYLxTJXF"><title>Golf: Australian PGA Championship : Dag 3</title><date></date><icon src="https://m7be2.solocoo.tv/m7be2iphone/mmchan/mpimages/260x145/V2CDrMMqzIHZJhb3E-NR5Q.jpg"></icon><desc>Verslag van de derde dag van de Fortinet Australian PGA Championship, gespeeld op de Royal Queensland Golf Club, Brisbane, Queensland, Australië.</desc><category></category></programme><programme channel="jgat-7l6XUdU7RQcJVn-9FSBRVVjPuSJs-CmOy8K" start="20221126060000 +0000" stop="20221126065500 +0000" catchup-id="dQpDeoKaikU3FfBNTdBP5hR2hCiAJdlcmrJgQWzP"><title>Presidents Cup</title><date></date><icon src="https://m7be2.solocoo.tv/m7be2iphone/mmchan/mpimages/260x145/wImVxo9--A4wX7n41NZEOQ.jpg"></icon><desc>Alle hoogtepunten van de Presidents Cup 2022, gespeeld op donderdag 22 tot en met zondag 29 september 2022 op de de Quail Hollow Golf Club in Charlotte, Verenigde Staten. In the Presidents Cup namen de 12 beste golfers uit Amerika het opnemen tegen de 12 beste Internationale golfers.</desc><category></category></programme><programme channel="jgat-7l6XUdU7RQcJVn-9FSBRVVjPuSJs-CmOy8K" start="20221126065500 +0000" stop="20221126100000 +0000" catchup-id="18T2VJ-DrFkmcFRl0IeOg6GHwH2yfpzE-kBWcMVn"><title>Golf: European Tour - Joburg Open </title><date></date><icon src="https://m7be2.solocoo.tv/m7be2iphone/mmchan/mpimages/260x145/vmPVz9plQ76c0vUPLXPgaA.jpg"></icon><desc>Herhaling van de tweede dag van de Joburg Open, gespeeld op de Randpark Golf Club, Johannesburg.</desc><category></category></programme><programme channel="jgat-7l6XUdU7RQcJVn-9FSBRVVjPuSJs-CmOy8K" start="20221126100000 +0000" stop="20221126143500 +0000" catchup-id="N2KQSmQM2kdufoouyuxQRP5q3pET0Fqlw438DwKh"><title>Golf: European Tour - Joburg Open : Dag 3</title><date></date><icon src="https://m7be2.solocoo.tv/m7be2iphone/mmchan/mpimages/260x145/vmPVz9plQ76c0vUPLXPgaA.jpg"></icon><desc>Verslag van de derde dag van de Joburg Open, gespeeld op de Randpark Golf Club, Johannesburg.</desc><category></category></programme><programme channel="jgat-7l6XUdU7RQcJVn-9FSBRVVjPuSJs-CmOy8K" start="20221126143500 +0000" stop="20221126160500 +0000" catchup-id="Ud8ZRS0qt8TudxbNuGYxKNRlxZwtX9m4mNz8Cu99"><title>Golf: LPGA Hoogtepunten : CME Group Tour Championship</title><date></date><icon src="https://m7be2.solocoo.tv/m7be2iphone/mmchan/mpimages/260x145/B5mKKwmSXEqeq-hIEU32Sg.jpg"></icon><desc>Verslag van de vierde dag van het CME Group Tour Championship, gespeeld in de LPGA.</desc><category></category></programme><programme channel="jgat-7l6XUdU7RQcJVn-9FSBRVVjPuSJs-CmOy8K" start="20221126160500 +0000" stop="20221126163000 +0000" catchup-id="pwpeF5Z7bbUnujqbyFW8cRvPd3frr6aYnok_Blld"><title>PGA Tour: The Cut</title><date></date><icon src="https://m7be2.solocoo.tv/m7be2iphone/mmchan/mpimages/260x145/TBFWqi-uPHyuaxcxRx9GMA.jpg"></icon><desc>Golfmagazine met het laatste nieuws en achtergronden uit de US PGA Tour.</desc><category></category></programme><programme channel="jgat-7l6XUdU7RQcJVn-9FSBRVVjPuSJs-CmOy8K" start="20221126163000 +0000" stop="20221126173500 +0000" catchup-id="4t96qDMVhiChYt3YAe70eKkiLk9OVMSppAiaukW2"><title>Golf History : The FedExCup Official Film</title><date></date><icon src="https://m7be2.solocoo.tv/m7be2iphone/mmchan/mpimages/260x145/BCd1VmYXx4VA2lwff2OC5A.jpg"></icon><desc>Hoogtepunten van de FedEx Cup Playoffs, gespeeld in de PGA Tour van 2022.</desc><category></category></programme><programme channel="jgat-7l6XUdU7RQcJVn-9FSBRVVjPuSJs-CmOy8K" start="20221126173500 +0000" stop="20221126183000 +0000" catchup-id="TNyULEC8TFpfuT7evx-pX61mTznEqSWPfbJnC92a"><title>Presidents Cup</title><date></date><icon src="https://m7be2.solocoo.tv/m7be2iphone/mmchan/mpimages/260x145/wImVxo9--A4wX7n41NZEOQ.jpg"></icon><desc>Alle hoogtepunten van de Presidents Cup 2022, gespeeld op donderdag 22 tot en met zondag 29 september 2022 op de de Quail Hollow Golf Club in Charlotte, Verenigde Staten. In the Presidents Cup namen de 12 beste golfers uit Amerika het opnemen tegen de 12 beste Internationale golfers.</desc><category></category></programme><programme channel="jgat-7l6XUdU7RQcJVn-9FSBRVVjPuSJs-CmOy8K" start="20221126183000 +0000" stop="20221126193500 +0000" catchup-id="jx615UxjHvZcwf0bJUWRKGFtaI4NJIud4GR6e-p_"><title>Sunshine Tour Hoogtepunten : PGA Championship</title><date></date><icon src="https://m7be2.solocoo.tv/m7be2iphone/mmchan/mpimages/260x145/XdUZfBUACLpS8YW02GlhBg.jpg"></icon><desc>De hoogtepunten van de PGA Championship, gespeeld in de Sunshine Tour.</desc><category></category></programme><programme channel="jgat-7l6XUdU7RQcJVn-9FSBRVVjPuSJs-CmOy8K" start="20221126193500 +0000" stop="20221126203000 +0000" catchup-id="XdmsxeIPZFAmbns0u2AmE65MECLLT4YCE_c7rSyf"><title>PGA Tour: The RSM Classic : Hoogtepunten</title><date></date><icon src="https://m7be2.solocoo.tv/m7be2iphone/mmchan/mpimages/260x145/XRrwbMbU760NHr-raXg-Yg.jpg"></icon><desc>Alle hoogtepunten de The RSM Classic, gespeeld in de PGA Tour.</desc><category></category></programme><programme channel="jgat-7l6XUdU7RQcJVn-9FSBRVVjPuSJs-CmOy8K" start="20221126203000 +0000" stop="20221126233000 +0000" catchup-id="2AnHY4yFxq_gkvM5x0Zv_bGh4SmqvlgR5c5XFXXa"><title>Golf: European Tour - Joburg Open </title><date></date><icon src="https://m7be2.solocoo.tv/m7be2iphone/mmchan/mpimages/260x145/vmPVz9plQ76c0vUPLXPgaA.jpg"></icon><desc>Herhaling van de derde dag van de Joburg Open, gespeeld op de Randpark Golf Club, Johannesburg.</desc><category></category></programme><programme channel="jgat-7l6XUdU7RQcJVn-9FSBRVVjPuSJs-CmOy8K" start="20221126233000 +0000" stop="20221127023000 +0000" catchup-id="YIssomB1LE0QOqpgsleEyk3N0z7uhapNnTc95SNO"><title>Golf: Australian PGA Championship </title><date></date><icon src="https://m7be2.solocoo.tv/m7be2iphone/mmchan/mpimages/260x145/V2CDrMMqzIHZJhb3E-NR5Q.jpg"></icon><desc>Herhaling van de derde dag van de Fortinet Australian PGA Championship, gespeeld op de Royal Queensland Golf Club, Brisbane, Queensland, Australië.</desc><category></category></programme><programme channel="jgat-7l6XUdU7RQcJVn-9FSBRVVjPuSJs-CmOy8K" start="20221127023000 +0000" stop="20221127060000 +0000" catchup-id="P7S0p8deL7KYvmxEUe7T-uNUbeOIGglih35nRNHy"><title>Golf: Australian PGA Championship : Dag 4</title><date></date><icon src="https://m7be2.solocoo.tv/m7be2iphone/mmchan/mpimages/260x145/V2CDrMMqzIHZJhb3E-NR5Q.jpg"></icon><desc>Verslag van de laatste en beslissende dag van de Fortinet Australian PGA Championship, gespeeld op de Royal Queensland Golf Club, Brisbane, Queensland, Australië.</desc><category></category></programme><programme channel="jgat-7l6XUdU7RQcJVn-9FSBRVVjPuSJs-CmOy8K" start="20221127060000 +0000" stop="20221127070000 +0000" catchup-id="R4p9Cz5W2QIJIK2ex8pefWFei4B-zsiuOsqXBe7W"><title>Golf History : The FedExCup Official Film</title><date></date><icon src="https://m7be2.solocoo.tv/m7be2iphone/mmchan/mpimages/260x145/BCd1VmYXx4VA2lwff2OC5A.jpg"></icon><desc>Hoogtepunten van de FedEx Cup Playoffs, gespeeld in de PGA Tour van 2022.</desc><category></category></programme><programme channel="jgat-7l6XUdU7RQcJVn-9FSBRVVjPuSJs-CmOy8K" start="20221127070000 +0000" stop="20221127100000 +0000" catchup-id="WRYkEOPGY00CPktK5u2DvCgZSQSJc7ChXKzDfLJs"><title>Golf: European Tour - Joburg Open </title><date></date><icon src="https://m7be2.solocoo.tv/m7be2iphone/mmchan/mpimages/260x145/vmPVz9plQ76c0vUPLXPgaA.jpg"></icon><desc>Herhaling van de derde dag van de Joburg Open, gespeeld op de Randpark Golf Club, Johannesburg.</desc><category></category></programme><programme channel="jgat-7l6XUdU7RQcJVn-9FSBRVVjPuSJs-CmOy8K" start="20221127100000 +0000" stop="20221127143000 +0000" catchup-id="ZCcDOi6f31rnWJjdPhTOYRhwukU-arVDTxeHVKhy"><title>Golf: European Tour - Joburg Open : Dag 4</title><date></date><icon src="https://m7be2.solocoo.tv/m7be2iphone/mmchan/mpimages/260x145/vmPVz9plQ76c0vUPLXPgaA.jpg"></icon><desc>Verslag van de laatste en beslissende dag van de Joburg Open, gespeeld op de Randpark Golf Club, Johannesburg.</desc><category></category></programme><programme channel="jgat-7l6XUdU7RQcJVn-9FSBRVVjPuSJs-CmOy8K" start="20221127143000 +0000" stop="20221127153000 +0000" catchup-id="giWaVLF44eKDqOhHCdrSCgFoutrhg3GJbFGCMu0D"><title>Sunshine Tour Hoogtepunten : PGA Championship</title><date></date><icon src="https://m7be2.solocoo.tv/m7be2iphone/mmchan/mpimages/260x145/XdUZfBUACLpS8YW02GlhBg.jpg"></icon><desc>De hoogtepunten van de PGA Championship, gespeeld in de Sunshine Tour.</desc><category></category></programme><programme channel="jgat-7l6XUdU7RQcJVn-9FSBRVVjPuSJs-CmOy8K" start="20221127153000 +0000" stop="20221127163000 +0000" catchup-id="egvWnQf8hAvVqPdwDaoMK5EDFbN01uS8oO8wo8ZV"><title>Presidents Cup</title><date></date><icon src="https://m7be2.solocoo.tv/m7be2iphone/mmchan/mpimages/260x145/wImVxo9--A4wX7n41NZEOQ.jpg"></icon><desc>Alle hoogtepunten van de Presidents Cup 2022, gespeeld op donderdag 22 tot en met zondag 29 september 2022 op de de Quail Hollow Golf Club in Charlotte, Verenigde Staten. In the Presidents Cup namen de 12 beste golfers uit Amerika het opnemen tegen de 12 beste Internationale golfers.</desc><category></category></programme><programme channel="jgat-7l6XUdU7RQcJVn-9FSBRVVjPuSJs-CmOy8K" start="20221127163000 +0000" stop="20221127170000 +0000" catchup-id="3BlgaM4vaOZjoNQGjsMkeZcv4WPJbOiUYS5ArfAk"><title>PGA Tour: The Cut</title><date></date><icon src="https://m7be2.solocoo.tv/m7be2iphone/mmchan/mpimages/260x145/TBFWqi-uPHyuaxcxRx9GMA.jpg"></icon><desc>Golfmagazine met het laatste nieuws en achtergronden uit de US PGA Tour.</desc><category></category></programme><programme channel="jgat-7l6XUdU7RQcJVn-9FSBRVVjPuSJs-CmOy8K" start="20221127170000 +0000" stop="20221127183000 +0000" catchup-id="-XPNlLbZHqXYmGqZJACxALMCcmSxdMYOW99QxnmV"><title>Golf: LPGA Hoogtepunten : CME Group Tour Championship</title><date></date><icon src="https://m7be2.solocoo.tv/m7be2iphone/mmchan/mpimages/260x145/B5mKKwmSXEqeq-hIEU32Sg.jpg"></icon><desc>Verslag van de vierde dag van het CME Group Tour Championship, gespeeld in de LPGA.</desc><category></category></programme><programme channel="jgat-7l6XUdU7RQcJVn-9FSBRVVjPuSJs-CmOy8K" start="20221127183000 +0000" stop="20221127193000 +0000" catchup-id="6BBYSjYJ1Lx1YFLUPcbhoqyzVF0XNQ33GmCWZbMy"><title>Golf History : The FedExCup Official Film</title><date></date><icon src="https://m7be2.solocoo.tv/m7be2iphone/mmchan/mpimages/260x145/BCd1VmYXx4VA2lwff2OC5A.jpg"></icon><desc>Hoogtepunten van de FedEx Cup Playoffs, gespeeld in de PGA Tour van 2022.</desc><category></category></programme><programme channel="jgat-7l6XUdU7RQcJVn-9FSBRVVjPuSJs-CmOy8K" start="20221127193000 +0000" stop="20221127203000 +0000" catchup-id="JIcN4wziOKbrlGWmgrXK6baXlFh4ER6Xvg5Ww5kf"><title>Presidents Cup</title><date></date><icon src="https://m7be2.solocoo.tv/m7be2iphone/mmchan/mpimages/260x145/wImVxo9--A4wX7n41NZEOQ.jpg"></icon><desc>Alle hoogtepunten van de Presidents Cup 2022, gespeeld op donderdag 22 tot en met zondag 29 september 2022 op de de Quail Hollow Golf Club in Charlotte, Verenigde Staten. In the Presidents Cup namen de 12 beste golfers uit Amerika het opnemen tegen de 12 beste Internationale golfers.</desc><category></category></programme><programme channel="jgat-7l6XUdU7RQcJVn-9FSBRVVjPuSJs-CmOy8K" start="20221127203000 +0000" stop="20221127233000 +0000" catchup-id="K0ImAY38DadD4u-FC1OeikfGu07SbHl39sWbNsww"><title>Golf: European Tour - Joburg Open </title><date></date><icon src="https://m7be2.solocoo.tv/m7be2iphone/mmchan/mpimages/260x145/vmPVz9plQ76c0vUPLXPgaA.jpg"></icon><desc>Herhaling van de laatste en beslissende dag van de Joburg Open, gespeeld op de Randpark Golf Club, Johannesburg.</desc><category></category></programme><programme channel="jgat-7l6XUdU7RQcJVn-9FSBRVVjPuSJs-CmOy8K" start="20221127233000 +0000" stop="20221128023000 +0000" catchup-id="v4o0_ibJwG9_S8vKgs69gWMSlOrdwi94D22HDMuy"><title>Golf: Australian PGA Championship </title><date></date><icon src="https://m7be2.solocoo.tv/m7be2iphone/mmchan/mpimages/260x145/V2CDrMMqzIHZJhb3E-NR5Q.jpg"></icon><desc>Herhaling van de laatste en beslissende dag van de Fortinet Australian PGA Championship, gespeeld op de Royal Queensland Golf Club, Brisbane, Queensland, Australië.</desc><category></category></programme><programme channel="jgat-7l6XUdU7RQcJVn-9FSBRVVjPuSJs-CmOy8K" start="20221128023000 +0000" stop="20221128040000 +0000" catchup-id="mm8Wr5Qd7gHNapvhkn9EJYYSXmhisiur5hPYIfVf"><title>Golf: LPGA Hoogtepunten : CME Group Tour Championship</title><date></date><icon src="https://m7be2.solocoo.tv/m7be2iphone/mmchan/mpimages/260x145/B5mKKwmSXEqeq-hIEU32Sg.jpg"></icon><desc>Verslag van de vierde dag van het CME Group Tour Championship, gespeeld in de LPGA.</desc><category></category></programme><programme channel="jgat-7l6XUdU7RQcJVn-9FSBRVVjPuSJs-CmOy8K" start="20221128040000 +0000" stop="20221128050000 +0000" catchup-id="SMvX8mhd-UnXJshkxuJVwuUFR8URYaZmHQCDWtdn"><title>Presidents Cup</title><date></date><icon src="https://m7be2.solocoo.tv/m7be2iphone/mmchan/mpimages/260x145/wImVxo9--A4wX7n41NZEOQ.jpg"></icon><desc>Alle hoogtepunten van de Presidents Cup 2022, gespeeld op donderdag 22 tot en met zondag 29 september 2022 op de de Quail Hollow Golf Club in Charlotte, Verenigde Staten. In the Presidents Cup namen de 12 beste golfers uit Amerika het opnemen tegen de 12 beste Internationale golfers.</desc><category></category></programme><programme channel="jgat-7l6XUdU7RQcJVn-9FSBRVVjPuSJs-CmOy8K" start="20221128050000 +0000" stop="20221128060000 +0000" catchup-id="WcHBNVP9u2fA2R0vXsMiQPbsma7-n4OwvBJ4ini3"><title>Sunshine Tour Hoogtepunten : PGA Championship</title><date></date><icon src="https://m7be2.solocoo.tv/m7be2iphone/mmchan/mpimages/260x145/XdUZfBUACLpS8YW02GlhBg.jpg"></icon><desc>De hoogtepunten van de PGA Championship, gespeeld in de Sunshine Tour.</desc><category></category></programme><programme channel="jgat-7l6XUdU7RQcJVn-9FSBRVVjPuSJs-CmOy8K" start="20221128060000 +0000" stop="20221128090000 +0000" catchup-id="Fh4_YXvp9LyQwROc25UMinB9GzikK3jn13bo1HQq"><title>Golf: European Tour - Joburg Open </title><date></date><icon src="https://m7be2.solocoo.tv/m7be2iphone/mmchan/mpimages/260x145/vmPVz9plQ76c0vUPLXPgaA.jpg"></icon><desc>Herhaling van de laatste en beslissende dag van de Joburg Open, gespeeld op de Randpark Golf Club, Johannesburg.</desc><category></category></programme><programme channel="jgat-7l6XUdU7RQcJVn-9FSBRVVjPuSJs-CmOy8K" start="20221128090000 +0000" stop="20221128100000 +0000" catchup-id="EeBSU0dMb1Q8vWdwOJwsl6wZPMZnstga9L_8ZCLa"><title>Golf History : The FedExCup Official Film</title><date></date><icon src="https://m7be2.solocoo.tv/m7be2iphone/mmchan/mpimages/260x145/BCd1VmYXx4VA2lwff2OC5A.jpg"></icon><desc>Hoogtepunten van de FedEx Cup Playoffs, gespeeld in de PGA Tour van 2022.</desc><category></category></programme><programme channel="jgat-7l6XUdU7RQcJVn-9FSBRVVjPuSJs-CmOy8K" start="20221128100000 +0000" stop="20221128110000 +0000" catchup-id="HBbfGVZmhuA8t_N8nBUAJVgJFVFaPJbdBxXnBeDl"><title>Presidents Cup</title><date></date><icon src="https://m7be2.solocoo.tv/m7be2iphone/mmchan/mpimages/260x145/wImVxo9--A4wX7n41NZEOQ.jpg"></icon><desc>Alle hoogtepunten van de Presidents Cup 2022, gespeeld op donderdag 22 tot en met zondag 29 september 2022 op de de Quail Hollow Golf Club in Charlotte, Verenigde Staten. In the Presidents Cup namen de 12 beste golfers uit Amerika het opnemen tegen de 12 beste Internationale golfers.</desc><category></category></programme><programme channel="jgat-7l6XUdU7RQcJVn-9FSBRVVjPuSJs-CmOy8K" start="20221128110000 +0000" stop="20221128140000 +0000" catchup-id="UbjFsUl2JE3Nb1vtOO9dkeRxKzfZPwruDwJ1vilJ"><title>Golf: European Tour - Joburg Open </title><date></date><icon src="https://m7be2.solocoo.tv/m7be2iphone/mmchan/mpimages/260x145/vmPVz9plQ76c0vUPLXPgaA.jpg"></icon><desc>Herhaling van de laatste en beslissende dag van de Joburg Open, gespeeld op de Randpark Golf Club, Johannesburg.</desc><category></category></programme><programme channel="jgat-7l6XUdU7RQcJVn-9FSBRVVjPuSJs-CmOy8K" start="20221128140000 +0000" stop="20221128170000 +0000" catchup-id="PsrG-jmBlail44PBJLpQNgQpKkFTyXEbeL1MsOfs"><title>Golf: Australian PGA Championship </title><date></date><icon src="https://m7be2.solocoo.tv/m7be2iphone/mmchan/mpimages/260x145/V2CDrMMqzIHZJhb3E-NR5Q.jpg"></icon><desc>Herhaling van de laatste en beslissende dag van de Fortinet Australian PGA Championship, gespeeld op de Royal Queensland Golf Club, Brisbane, Queensland, Australië.</desc><category></category></programme><programme channel="jgat-7l6XUdU7RQcJVn-9FSBRVVjPuSJs-CmOy8K" start="20221128170000 +0000" stop="20221128180000 +0000" catchup-id="v-WhM7QCcPhtZzHcsqtuNzVKy5LC5YgoB5ZEu7GC"><title>Presidents Cup</title><date></date><icon src="https://m7be2.solocoo.tv/m7be2iphone/mmchan/mpimages/260x145/wImVxo9--A4wX7n41NZEOQ.jpg"></icon><desc>Alle hoogtepunten van de Presidents Cup 2022, gespeeld op donderdag 22 tot en met zondag 29 september 2022 op de de Quail Hollow Golf Club in Charlotte, Verenigde Staten. In the Presidents Cup namen de 12 beste golfers uit Amerika het opnemen tegen de 12 beste Internationale golfers.</desc><category></category></programme><programme channel="jgat-7l6XUdU7RQcJVn-9FSBRVVjPuSJs-CmOy8K" start="20221128180000 +0000" stop="20221128190000 +0000" catchup-id="CRGGUIt7fIaBgjvt9MQd415ZCsra4ZfheHDXZcv7"><title>Golf History : The FedExCup Official Film</title><date></date><icon src="https://m7be2.solocoo.tv/m7be2iphone/mmchan/mpimages/260x145/BCd1VmYXx4VA2lwff2OC5A.jpg"></icon><desc>Hoogtepunten van de FedEx Cup Playoffs, gespeeld in de PGA Tour van 2022.</desc><category></category></programme><programme channel="jgat-7l6XUdU7RQcJVn-9FSBRVVjPuSJs-CmOy8K" start="20221128190000 +0000" stop="20221128200000 +0000" catchup-id="OP3VafDs-zdRV3qOSlX-_UVWndEs5krQflakz9kf"><title>PGA Tour: The RSM Classic : Hoogtepunten</title><date></date><icon src="https://m7be2.solocoo.tv/m7be2iphone/mmchan/mpimages/260x145/XRrwbMbU760NHr-raXg-Yg.jpg"></icon><desc>Alle hoogtepunten de The RSM Classic, gespeeld in de PGA Tour.</desc><category></category></programme><programme channel="jgat-7l6XUdU7RQcJVn-9FSBRVVjPuSJs-CmOy8K" start="20221128200000 +0000" stop="20221128220000 +0000" catchup-id="EYniXhqhU32wQsWyBS4DFXgpqF_2WBKVD8XHilaa"><title>European Tour: Samenvatting : European Tour: Joburg Open - Dag 4 </title><date></date><icon src="https://m7be2.solocoo.tv/m7be2iphone/mmchan/mpimages/260x145/wKoYL1pYSXzoQLYSY-lsyQ.jpg"></icon><desc>Samenvatting van de laatste en beslissende dag van de Joburg Open, gespeeld op de Randpark Golf Club, Johannesburg.</desc><category></category></programme><programme channel="jgat-7l6XUdU7RQcJVn-9FSBRVVjPuSJs-CmOy8K" start="20221128220000 +0000" stop="20221128230000 +0000" catchup-id="VCNMJUIj4MavexvLvMY7hJ_Jo8v_HxZQEXlLuTXD"><title>Sunshine Tour Hoogtepunten : PGA Championship</title><date></date><icon src="https://m7be2.solocoo.tv/m7be2iphone/mmchan/mpimages/260x145/XdUZfBUACLpS8YW02GlhBg.jpg"></icon><desc>De hoogtepunten van de PGA Championship, gespeeld in de Sunshine Tour.</desc><category></category></programme><programme channel="jgat-7l6XUdU7RQcJVn-9FSBRVVjPuSJs-CmOy8K" start="20221128230000 +0000" stop="20221129020000 +0000" catchup-id="qXiFPPIJqWqheZpUxIZ7uhUJMbn6X32fBgQ5oORs"><title>Golf: Australian PGA Championship </title><date></date><icon src="https://m7be2.solocoo.tv/m7be2iphone/mmchan/mpimages/260x145/V2CDrMMqzIHZJhb3E-NR5Q.jpg"></icon><desc>Herhaling van de derde dag van de Fortinet Australian PGA Championship, gespeeld op de Royal Queensland Golf Club, Brisbane, Queensland, Australië.</desc><category></category></programme><programme channel="jgat-7l6XUdU7RQcJVn-9FSBRVVjPuSJs-CmOy8K" start="20221129020000 +0000" stop="20221129030000 +0000" catchup-id="up4VJbRVCX8z8zUdZvyxNN6eYUkNznm70rq_lfa9"><title>PGA Tour: The RSM Classic : Hoogtepunten</title><date></date><icon src="https://m7be2.solocoo.tv/m7be2iphone/mmchan/mpimages/260x145/XRrwbMbU760NHr-raXg-Yg.jpg"></icon><desc>Alle hoogtepunten de The RSM Classic, gespeeld in de PGA Tour.</desc><category></category></programme><programme channel="jgat-7l6XUdU7RQcJVn-9FSBRVVjPuSJs-CmOy8K" start="20221129030000 +0000" stop="20221129060000 +0000" catchup-id="TDSFjBsIcSnPm8LPGWXcWW30ucDOkqAJbOB8uPUC"><title>Golf: European Tour - Joburg Open </title><date></date><icon src="https://m7be2.solocoo.tv/m7be2iphone/mmchan/mpimages/260x145/vmPVz9plQ76c0vUPLXPgaA.jpg"></icon><desc>Herhaling van de derde dag van de Joburg Open, gespeeld op de Randpark Golf Club, Johannesburg.</desc><category></category></programme><programme channel="jgat-7l6XUdU7RQcJVn-9FSBRVVjPuSJs-CmOy8K" start="20221129060000 +0000" stop="20221129070000 +0000" catchup-id="3fy2XFvTek5-mUymsJU6AX47gMK0DjIyGXlkBOSi"><title>PGA Tour: The RSM Classic : Hoogtepunten</title><date></date><icon src="https://m7be2.solocoo.tv/m7be2iphone/mmchan/mpimages/260x145/XRrwbMbU760NHr-raXg-Yg.jpg"></icon><desc>Alle hoogtepunten de The RSM Classic, gespeeld in de PGA Tour.</desc><category></category></programme><programme channel="jgat-7l6XUdU7RQcJVn-9FSBRVVjPuSJs-CmOy8K" start="20221129070000 +0000" stop="20221129090000 +0000" catchup-id="JvKXjZXRnHZo0FXHYV29m1UFU8-Ky3qx0dqY0p3e"><title>European Tour: Samenvatting : European Tour: Joburg Open - Dag 4 </title><date></date><icon src="https://m7be2.solocoo.tv/m7be2iphone/mmchan/mpimages/260x145/wKoYL1pYSXzoQLYSY-lsyQ.jpg"></icon><desc>Samenvatting van de laatste en beslissende dag van de Joburg Open, gespeeld op de Randpark Golf Club, Johannesburg.</desc><category></category></programme><programme channel="jgat-7l6XUdU7RQcJVn-9FSBRVVjPuSJs-CmOy8K" start="20221129090000 +0000" stop="20221129100000 +0000" catchup-id="EbLa1n1KSFoVkWNQv7oZI90TQd2kgoG0UwbUXnJm"><title>PGA Tour: The Presidents Cup : Presidents Cup 2022 </title><date></date><icon src="https://m7be2.solocoo.tv/m7be2iphone/mmchan/mpimages/260x145/h8Xbn2PcBin4Bbk375o9Ow.jpg"></icon><desc></desc><category></category></programme><programme channel="jgat-7l6XUdU7RQcJVn-9FSBRVVjPuSJs-CmOy8K" start="20221129100000 +0000" stop="20221129110000 +0000" catchup-id="4c3cudWpKtJas58Gax6IXmv92BPntJ1GZKJ361ul"><title>PGA Tour: The RSM Classic : Golf: The RSM Classic </title><date></date><icon src="https://m7be2.solocoo.tv/m7be2iphone/mmchan/mpimages/260x145/XRrwbMbU760NHr-raXg-Yg.jpg"></icon><desc>Alle hoogtepunten de The RSM Classic, gespeeld in de PGA Tour.</desc><category></category></programme><programme channel="jgat-7l6XUdU7RQcJVn-9FSBRVVjPuSJs-CmOy8K" start="20221129110000 +0000" stop="20221129113000 +0000" catchup-id="GpsHMydLY6DVk1TLs0P2Jgevsy2DEO8ESWESOAAn"><title>PGA Tour: The Cut</title><date></date><icon src="https://m7be2.solocoo.tv/m7be2iphone/mmchan/mpimages/260x145/TBFWqi-uPHyuaxcxRx9GMA.jpg"></icon><desc>Golfmagazine met het laatste nieuws en achtergronden uit de US PGA Tour.</desc><category></category></programme><programme channel="jgat-7l6XUdU7RQcJVn-9FSBRVVjPuSJs-CmOy8K" start="20221129113000 +0000" stop="20221129120000 +0000" catchup-id="n_Ix7X5x0oJABxV_3YsvqPCmPnAwPDEEZh7HmC7M"><title>European Tour: Hoogtepunten : DP World Tour Championship</title><date></date><icon src="https://m7be2.solocoo.tv/m7be2iphone/mmchan/mpimages/260x145/y0eZWCO12ZJe0tgLIEnP7w.jpg"></icon><desc>Hoogtepunten van de DP World Tour Championship, gespeeld in de European Tour van 2022.</desc><category></category></programme><programme channel="jgat-7l6XUdU7RQcJVn-9FSBRVVjPuSJs-CmOy8K" start="20221129120000 +0000" stop="20221129150000 +0000" catchup-id="xY6YsF5qzbfDXzVBAjmAShBqFh8Ks94KAdTetPq1"><title>Golf: European Tour - Joburg Open </title><date></date><icon src="https://m7be2.solocoo.tv/m7be2iphone/mmchan/mpimages/260x145/vmPVz9plQ76c0vUPLXPgaA.jpg"></icon><desc>Herhaling van de derde dag van de Joburg Open, gespeeld op de Randpark Golf Club, Johannesburg.</desc><category></category></programme><programme channel="jgat-7l6XUdU7RQcJVn-9FSBRVVjPuSJs-CmOy8K" start="20221129150000 +0000" stop="20221129180000 +0000" catchup-id="ij2FjRdn2NjqJjYxkuU6LYbCK5DRKkKBq6oZqld5"><title>Golf: European Tour - Joburg Open </title><date></date><icon src="https://m7be2.solocoo.tv/m7be2iphone/mmchan/mpimages/260x145/vmPVz9plQ76c0vUPLXPgaA.jpg"></icon><desc>Herhaling van de laatste en beslissende dag van de Joburg Open, gespeeld op de Randpark Golf Club, Johannesburg.</desc><category></category></programme><programme channel="jgat-7l6XUdU7RQcJVn-9FSBRVVjPuSJs-CmOy8K" start="20221129180000 +0000" stop="20221129190000 +0000" catchup-id="H4JtUYMbdtcxYEE8MtJpASMRhrbLIQDPs03hhyZb"><title>Presidents Cup</title><date></date><icon src="https://m7be2.solocoo.tv/m7be2iphone/mmchan/mpimages/260x145/wImVxo9--A4wX7n41NZEOQ.jpg"></icon><desc>Alle hoogtepunten van de Presidents Cup 2022, gespeeld op donderdag 22 tot en met zondag 29 september 2022 op de de Quail Hollow Golf Club in Charlotte, Verenigde Staten. In the Presidents Cup namen de 12 beste golfers uit Amerika het opnemen tegen de 12 beste Internationale golfers.</desc><category></category></programme><programme channel="jgat-7l6XUdU7RQcJVn-9FSBRVVjPuSJs-CmOy8K" start="20221129190000 +0000" stop="20221129193000 +0000" catchup-id="n5EL2iuohtHbi7-WE288ZaYBZ1V3FJwxpqngFghn"><title>PGA Tour: The Cut</title><date></date><icon src="https://m7be2.solocoo.tv/m7be2iphone/mmchan/mpimages/260x145/TBFWqi-uPHyuaxcxRx9GMA.jpg"></icon><desc>Golfmagazine met het laatste nieuws en achtergronden uit de US PGA Tour.</desc><category></category></programme><programme channel="jgat-7l6XUdU7RQcJVn-9FSBRVVjPuSJs-CmOy8K" start="20221129193000 +0000" stop="20221129203000 +0000" catchup-id="z0GFgRJhPrc5yGa_5tu5_7uJ31pTahWW1rNsO82K"><title>Golf History : The FedExCup Official Film</title><date></date><icon src="https://m7be2.solocoo.tv/m7be2iphone/mmchan/mpimages/260x145/BCd1VmYXx4VA2lwff2OC5A.jpg"></icon><desc>Hoogtepunten van de FedEx Cup Playoffs, gespeeld in de PGA Tour van 2022.</desc><category></category></programme><programme channel="jgat-7l6XUdU7RQcJVn-9FSBRVVjPuSJs-CmOy8K" start="20221129203000 +0000" stop="20221129210000 +0000" catchup-id="-QBVzYhX2COVIrebxjIltSB4euZKO8B8pdn-t-BY"><title>European Tour: Hoogtepunten : DP World Tour Championship</title><date></date><icon src="https://m7be2.solocoo.tv/m7be2iphone/mmchan/mpimages/260x145/y0eZWCO12ZJe0tgLIEnP7w.jpg"></icon><desc>Hoogtepunten van de DP World Tour Championship, gespeeld in de European Tour van 2022.</desc><category></category></programme><programme channel="jgat-7l6XUdU7RQcJVn-9FSBRVVjPuSJs-CmOy8K" start="20221129210000 +0000" stop="20221129220000 +0000" catchup-id="5qkFV2i1wpYnyhDNgDaslPNJbVBlXzRheciqeue3"><title>PGA Tour: The RSM Classic : Hoogtepunten</title><date></date><icon src="https://m7be2.solocoo.tv/m7be2iphone/mmchan/mpimages/260x145/XRrwbMbU760NHr-raXg-Yg.jpg"></icon><desc>Alle hoogtepunten de The RSM Classic, gespeeld in de PGA Tour.</desc><category></category></programme><programme channel="jgat-7l6XUdU7RQcJVn-9FSBRVVjPuSJs-CmOy8K" start="20221129220000 +0000" stop="20221129230000 +0000" catchup-id="7cAmyZaB-283EqejItt1ii_UUTuJyhMiIfmQ6dKs"><title>Presidents Cup</title><date></date><icon src="https://m7be2.solocoo.tv/m7be2iphone/mmchan/mpimages/260x145/wImVxo9--A4wX7n41NZEOQ.jpg"></icon><desc>Alle hoogtepunten van de Presidents Cup 2022, gespeeld op donderdag 22 tot en met zondag 29 september 2022 op de de Quail Hollow Golf Club in Charlotte, Verenigde Staten. In the Presidents Cup namen de 12 beste golfers uit Amerika het opnemen tegen de 12 beste Internationale golfers.</desc><category></category></programme><programme channel="jgat-7l6XUdU7RQcJVn-9FSBRVVjPuSJs-CmOy8K" start="20221129230000 +0000" stop="20221130020000 +0000" catchup-id="iOKwJ_nBnvJjg9dV4PIyiHpNfH-PpPa-J8dFdtmh"><title>Golf: Australian PGA Championship </title><date></date><icon src="https://m7be2.solocoo.tv/m7be2iphone/mmchan/mpimages/260x145/V2CDrMMqzIHZJhb3E-NR5Q.jpg"></icon><desc>Herhaling van de laatste en beslissende dag van de Fortinet Australian PGA Championship, gespeeld op de Royal Queensland Golf Club, Brisbane, Queensland, Australië.</desc><category></category></programme><programme channel="jgat-7l6XUdU7RQcJVn-9FSBRVVjPuSJs-CmOy8K" start="20221130020000 +0000" stop="20221130030000 +0000" catchup-id="qEXk5-pzEuXl1JmwBWtsz7YmNFZLPZhv7ntsMA5U"><title>Sunshine Tour Hoogtepunten : PGA Championship</title><date></date><icon src="https://m7be2.solocoo.tv/m7be2iphone/mmchan/mpimages/260x145/XdUZfBUACLpS8YW02GlhBg.jpg"></icon><desc>De hoogtepunten van de PGA Championship, gespeeld in de Sunshine Tour.</desc><category></category></programme><programme channel="jgat-7l6XUdU7RQcJVn-9FSBRVVjPuSJs-CmOy8K" start="20221130030000 +0000" stop="20221130060000 +0000" catchup-id="AsKMDxHwM4bkI8ZXHaN5_MMt9cQp39DXtYz5FgLv"><title>Golf: European Tour - Joburg Open </title><date></date><icon src="https://m7be2.solocoo.tv/m7be2iphone/mmchan/mpimages/260x145/vmPVz9plQ76c0vUPLXPgaA.jpg"></icon><desc>Herhaling van de laatste en beslissende dag van de Joburg Open, gespeeld op de Randpark Golf Club, Johannesburg.</desc><category></category></programme><programme channel="jgat-7l6XUdU7RQcJVn-9FSBRVVjPuSJs-CmOy8K" start="20221130060000 +0000" stop="20221130070000 +0000" catchup-id="OQfMGPdfhMlUIvyESTJXtxXEycew_5gJQ8RHdfQv"><title>Golf History : The FedExCup Official Film</title><date></date><icon src="https://m7be2.solocoo.tv/m7be2iphone/mmchan/mpimages/260x145/BCd1VmYXx4VA2lwff2OC5A.jpg"></icon><desc>Hoogtepunten van de FedEx Cup Playoffs, gespeeld in de PGA Tour van 2022.</desc><category></category></programme><programme channel="jgat-7l6XUdU7RQcJVn-9FSBRVVjPuSJs-CmOy8K" start="20221130070000 +0000" stop="20221130083000 +0000" catchup-id="vm5BRbxTV84VmGM1elwaUX9lqGHKsbgczaqDkui6"><title>Golf: LPGA Hoogtepunten : CME Group Tour Championship</title><date></date><icon src="https://m7be2.solocoo.tv/m7be2iphone/mmchan/mpimages/260x145/B5mKKwmSXEqeq-hIEU32Sg.jpg"></icon><desc>Verslag van de vierde dag van het CME Group Tour Championship, gespeeld in de LPGA.</desc><category></category></programme><programme channel="jgat-7l6XUdU7RQcJVn-9FSBRVVjPuSJs-CmOy8K" start="20221130083000 +0000" stop="20221130090000 +0000" catchup-id="IlxukvpG2F6ENE-PjB8p4_3J0BZoduXXn735SOPX"><title>PGA Tour: The Cut</title><date></date><icon src="https://m7be2.solocoo.tv/m7be2iphone/mmchan/mpimages/260x145/TBFWqi-uPHyuaxcxRx9GMA.jpg"></icon><desc>Golfmagazine met het laatste nieuws en achtergronden uit de US PGA Tour.</desc><category></category></programme><programme channel="jgat-7l6XUdU7RQcJVn-9FSBRVVjPuSJs-CmOy8K" start="20221130090000 +0000" stop="20221130100000 +0000" catchup-id="ntpsURfthqQ3RFy_emSnaIsmqsMGXsdvC4UiWHAP"><title>Sunshine Tour Hoogtepunten : PGA Championship</title><date></date><icon src="https://m7be2.solocoo.tv/m7be2iphone/mmchan/mpimages/260x145/XdUZfBUACLpS8YW02GlhBg.jpg"></icon><desc>De hoogtepunten van de PGA Championship, gespeeld in de Sunshine Tour.</desc><category></category></programme><programme channel="jgat-7l6XUdU7RQcJVn-9FSBRVVjPuSJs-CmOy8K" start="20221130100000 +0000" stop="20221130130000 +0000" catchup-id="aDU_H8ttO7eQcshwMHHGGDVgAi69xIYDvVQjz29R"><title>Golf: Australian PGA Championship </title><date></date><icon src="https://m7be2.solocoo.tv/m7be2iphone/mmchan/mpimages/260x145/V2CDrMMqzIHZJhb3E-NR5Q.jpg"></icon><desc>Herhaling van de derde dag van de Fortinet Australian PGA Championship, gespeeld op de Royal Queensland Golf Club, Brisbane, Queensland, Australië.</desc><category></category></programme><programme channel="jgat-7l6XUdU7RQcJVn-9FSBRVVjPuSJs-CmOy8K" start="20221130130000 +0000" stop="20221130160000 +0000" catchup-id="LD4d3B4VXiJtMisf7-4WcBFWspZqVQ3pXIaLaaAC"><title>Golf: Australian PGA Championship </title><date></date><icon src="https://m7be2.solocoo.tv/m7be2iphone/mmchan/mpimages/260x145/IbvbBlqJfrosa2z0yDTVLQ.jpg"></icon><desc>Herhaling van de laatste en beslissende dag van de Fortinet Australian PGA Championship, gespeeld op de Royal Queensland Golf Club, Brisbane, Queensland, Australië.</desc><category></category></programme><programme channel="jgat-7l6XUdU7RQcJVn-9FSBRVVjPuSJs-CmOy8K" start="20221130160000 +0000" stop="20221130163000 +0000" catchup-id="YBH8BpH4nwjTZBrPB9EOA9yWag8U1D69Lhr8ED4X"><title>PGA Tour: The Cut</title><date></date><icon src="https://m7be2.solocoo.tv/m7be2iphone/mmchan/mpimages/260x145/TBFWqi-uPHyuaxcxRx9GMA.jpg"></icon><desc>Golfmagazine met het laatste nieuws en achtergronden uit de US PGA Tour.</desc><category></category></programme><programme channel="jgat-7l6XUdU7RQcJVn-9FSBRVVjPuSJs-CmOy8K" start="20221130163000 +0000" stop="20221130170000 +0000" catchup-id="tTlzBRVs4LCn697HsV4TVDmEOZZycV0pZPmBwEzh"><title>European Tour: Hoogtepunten : Joburg Open</title><date></date><icon src="https://m7be2.solocoo.tv/m7be2iphone/mmchan/mpimages/260x145/y0eZWCO12ZJe0tgLIEnP7w.jpg"></icon><desc>Hoogtepunten van de Joburg Open, gespeeld in de European Tour van 2023.</desc><category></category></programme><programme channel="jgat-7l6XUdU7RQcJVn-9FSBRVVjPuSJs-CmOy8K" start="20221130170000 +0000" stop="20221130180000 +0000" catchup-id="fGENLMrgWZ8NDDUisU5uGbOnnbBnUDBUE1QKVMj5"><title>European Tour: Samenvatting : European Tour: G4D Tour Series Finale </title><date></date><icon src="https://m7be2.solocoo.tv/m7be2iphone/mmchan/mpimages/260x145/wKoYL1pYSXzoQLYSY-lsyQ.jpg"></icon><desc>Hoogtepunten van de G4D Tour Series Finale in de DP World Tour Championship, waarbij de top 8 golfers op de wereldranglijst voor golfers met een handicap strijden om de ultieme prijs in golf voor gehandicapten de Tour Championship.</desc><category></category></programme><programme channel="jgat-7l6XUdU7RQcJVn-9FSBRVVjPuSJs-CmOy8K" start="20221130180000 +0000" stop="20221130190000 +0000" catchup-id="XMidCkUHhz0_m8HkYdlJru-2FtWq0nt0dp5_WPuE"><title>Golf: </title><date></date><icon src="https://m7be2.solocoo.tv/m7be2iphone/mmchan/mpimages/260x145/lVQKJxa2soE6WtspM0mEuA.jpg"></icon><desc></desc><category></category></programme><programme channel="jgat-7l6XUdU7RQcJVn-9FSBRVVjPuSJs-CmOy8K" start="20221130190000 +0000" stop="20221130193000 +0000" catchup-id="WxuIiwfQOgy4rNix-IIJCryitSdtfv6_pxpFAcZE"><title>Golf: Hero World Challenge : The Hero Challenge - Backboard Challenge</title><date></date><icon src="https://m7be2.solocoo.tv/m7be2iphone/mmchan/mpimages/260x145/22hkCq1jM7SB8fX_Wp-5VQ.jpg"></icon><desc>In The Hero Challange nemen bekende golf professionals het onderling tegen elkaar op in een Golf Challenge.</desc><category></category></programme><programme channel="jgat-7l6XUdU7RQcJVn-9FSBRVVjPuSJs-CmOy8K" start="20221130193000 +0000" stop="20221130200000 +0000" catchup-id="Xq-mELPHXv0G3pF1Agw-pRWwPPzXbUQa6OLgCEQa"><title>European Tour: Hoogtepunten : Joburg Open</title><date></date><icon src="https://m7be2.solocoo.tv/m7be2iphone/mmchan/mpimages/260x145/y0eZWCO12ZJe0tgLIEnP7w.jpg"></icon><desc>Hoogtepunten van de Joburg Open, gespeeld in de European Tour van 2023.</desc><category></category></programme><programme channel="jgat-7l6XUdU7RQcJVn-9FSBRVVjPuSJs-CmOy8K" start="20221130200000 +0000" stop="20221130210000 +0000" catchup-id="4hPHSoypb5ZoYojFHsLgWE7upeu8vonAwb9iYRLa"><title>Presidents Cup</title><date></date><icon src="https://m7be2.solocoo.tv/m7be2iphone/mmchan/mpimages/260x145/wImVxo9--A4wX7n41NZEOQ.jpg"></icon><desc>Alle hoogtepunten van de Presidents Cup 2022, gespeeld op donderdag 22 tot en met zondag 29 september 2022 op de de Quail Hollow Golf Club in Charlotte, Verenigde Staten. In the Presidents Cup namen de 12 beste golfers uit Amerika het opnemen tegen de 12 beste Internationale golfers.</desc><category></category></programme><programme channel="jgat-7l6XUdU7RQcJVn-9FSBRVVjPuSJs-CmOy8K" start="20221130210000 +0000" stop="20221130213000 +0000" catchup-id="pTGA5ZwRbUQxOq1hU3MrL9RF0QWXM16Mu8764pm1"><title>European Tour: Hoogtepunten : Joburg Open</title><date></date><icon src="https://m7be2.solocoo.tv/m7be2iphone/mmchan/mpimages/260x145/y0eZWCO12ZJe0tgLIEnP7w.jpg"></icon><desc>Hoogtepunten van de Joburg Open, gespeeld in de European Tour van 2023.</desc><category></category></programme><programme channel="jgat-7l6XUdU7RQcJVn-9FSBRVVjPuSJs-CmOy8K" start="20221130213000 +0000" stop="20221130223000 +0000" catchup-id="ay1ipbSn0zDn-cCDx3uqM5Br-YA1u73PRYXpsq3e"><title>Golf History : The FedExCup Official Film</title><date></date><icon src="https://m7be2.solocoo.tv/m7be2iphone/mmchan/mpimages/260x145/BCd1VmYXx4VA2lwff2OC5A.jpg"></icon><desc>Hoogtepunten van de FedEx Cup Playoffs, gespeeld in de PGA Tour van 2022.</desc><category></category></programme><programme channel="jgat-7l6XUdU7RQcJVn-9FSBRVVjPuSJs-CmOy8K" start="20221130223000 +0000" stop="20221130230000 +0000" catchup-id="xtstj8Qyd_z6_fYSWzrB8RscJI3eQC69At8hAq3q"><title>PGA Tour: The Cut</title><date></date><icon src="https://m7be2.solocoo.tv/m7be2iphone/mmchan/mpimages/260x145/TBFWqi-uPHyuaxcxRx9GMA.jpg"></icon><desc>Golfmagazine met het laatste nieuws en achtergronden uit de US PGA Tour.</desc><category></category></programme><programme channel="jgat-7l6XUdU7RQcJVn-9FSBRVVjPuSJs-CmOy8K" start="20221130230000 +0000" stop="20221130233000 +0000" catchup-id="Oo1uM4977jKtdNoTFrj7jipfY3Sl3A3596JOwVUF"><title>European Tour: Hoogtepunten : Joburg Open</title><date></date><icon src="https://m7be2.solocoo.tv/m7be2iphone/mmchan/mpimages/260x145/y0eZWCO12ZJe0tgLIEnP7w.jpg"></icon><desc>Hoogtepunten van de Joburg Open, gespeeld in de European Tour van 2023.</desc><category></category></programme><programme channel="jgat-7l6XUdU7RQcJVn-9FSBRVVjPuSJs-CmOy8K" start="20221130233000 +0000" stop="20221201003000 +0000" catchup-id="17XteDIjxZS0MHvgqKJ-CQmClq_V8c8fBxvVuS1u"><title>Golf: </title><date></date><icon src="https://m7be2.solocoo.tv/m7be2iphone/mmchan/mpimages/260x145/lVQKJxa2soE6WtspM0mEuA.jpg"></icon><desc></desc><category></category></programme><programme channel="jgat-7l6XUdU7RQcJVn-9FSBRVVjPuSJs-CmOy8K" start="20221201003000 +0000" stop="20221201010000 +0000" catchup-id="OtHPhU7K6x8jkwCxWA2Lf5OOLycmBD00VNZRTTXw"><title>PGA Tour: The Cut</title><date></date><icon src="https://m7be2.solocoo.tv/m7be2iphone/mmchan/mpimages/260x145/TBFWqi-uPHyuaxcxRx9GMA.jpg"></icon><desc>Golfmagazine met het laatste nieuws en achtergronden uit de US PGA Tour.</desc><category></category></programme><programme channel="jgat-7l6XUdU7RQcJVn-9FSBRVVjPuSJs-CmOy8K" start="20221201010000 +0000" stop="20221201060000 +0000" catchup-id="RNKrLdWqxDxWR37fufh7664HlJd9Nr0OGtww_McA"><title>Golf: ISPS Handa Women's Australian Open : Dag 1</title><date></date><icon src="https://m7be2.solocoo.tv/m7be2iphone/mmchan/mpimages/260x145/wImVxo9--A4wX7n41NZEOQ.jpg"></icon><desc>Verslag van de eerste dag van de ISPS Handa Australian Open, gespeeld op de The Victoria Golf Club &amp; Kingston Heath Golf Club, Melbourne, Victoria, Australië.</desc><category></category></programme><programme channel="jgat-7l6XUdU7RQcJVn-9FSBRVVjPuSJs-CmOy8K" start="20221201060000 +0000" stop="20221201090000 +0000" catchup-id="3-557twfttP-9y9_VVEGsm6GHeXCuJa8JXNB2cS6"><title>Golf: Australian PGA Championship </title><date></date><icon src="https://m7be2.solocoo.tv/m7be2iphone/mmchan/mpimages/260x145/IbvbBlqJfrosa2z0yDTVLQ.jpg"></icon><desc>Herhaling van de laatste en beslissende dag van de Fortinet Australian PGA Championship, gespeeld op de Royal Queensland Golf Club, Brisbane, Queensland, Australië.</desc><category></category></programme><programme channel="jgat-7l6XUdU7RQcJVn-9FSBRVVjPuSJs-CmOy8K" start="20221201090000 +0000" stop="20221201093000 +0000" catchup-id="EhPQ9YTMOftLkdyvKhhm1cJt0gaQp7nbBKpFL6zC"><title>European Tour: Hoogtepunten : Joburg Open</title><date></date><icon src="https://m7be2.solocoo.tv/m7be2iphone/mmchan/mpimages/260x145/y0eZWCO12ZJe0tgLIEnP7w.jpg"></icon><desc>Hoogtepunten van de Joburg Open, gespeeld in de European Tour van 2023.</desc><category></category></programme><programme channel="jgat-7l6XUdU7RQcJVn-9FSBRVVjPuSJs-CmOy8K" start="20221201093000 +0000" stop="20221201100000 +0000" catchup-id="WOosZaTpCbyqz6viJrIedLhx30QOCKh8NPFX9RjO"><title>PGA Tour: The Cut</title><date></date><icon src="https://m7be2.solocoo.tv/m7be2iphone/mmchan/mpimages/260x145/TBFWqi-uPHyuaxcxRx9GMA.jpg"></icon><desc>Golfmagazine met het laatste nieuws en achtergronden uit de US PGA Tour.</desc><category></category></programme><programme channel="jgat-7l6XUdU7RQcJVn-9FSBRVVjPuSJs-CmOy8K" start="20221201100000 +0000" stop="20221201150000 +0000" catchup-id="ZNk-URlWT8Hbi8_cGucVPro1vDGjE4febhG51y2V"><title>Golf: Investec South African Open : Dag 1</title><date></date><icon src="https://m7be2.solocoo.tv/m7be2iphone/mmchan/mpimages/260x145/BLuXPhEkaTsepq1PiUd8RA.jpg"></icon><desc>Verslag van de eerste dag van de Investec South African Open, gespeeld op de Blair Atholl Golf Estate, Centurion, Zuid-Afrika</desc><category></category></programme><programme channel="jgat-7l6XUdU7RQcJVn-9FSBRVVjPuSJs-CmOy8K" start="20221201150000 +0000" stop="20221201153000 +0000" catchup-id="fNmhe7LjAwdwbRPREIxUVprzxWB0BlRdReYoPMOy"><title>Golf: Hero World Challenge : The Hero Challenge - Backboard Challenge</title><date></date><icon src="https://m7be2.solocoo.tv/m7be2iphone/mmchan/mpimages/260x145/22hkCq1jM7SB8fX_Wp-5VQ.jpg"></icon><desc>In The Hero Challange nemen bekende golf professionals het onderling tegen elkaar op in een Golf Challenge.</desc><category></category></programme><programme channel="jgat-7l6XUdU7RQcJVn-9FSBRVVjPuSJs-CmOy8K" start="20221201153000 +0000" stop="20221201160000 +0000" catchup-id="fC3mS5AAUewKEE1FiXYOcA3odCqVGQiCwZyXc0GE"><title>European Tour: Hoogtepunten : Joburg Open</title><date></date><icon src="https://m7be2.solocoo.tv/m7be2iphone/mmchan/mpimages/260x145/y0eZWCO12ZJe0tgLIEnP7w.jpg"></icon><desc>Hoogtepunten van de Joburg Open, gespeeld in de European Tour van 2023.</desc><category></category></programme><programme channel="jgat-7l6XUdU7RQcJVn-9FSBRVVjPuSJs-CmOy8K" start="20221201160000 +0000" stop="20221201170000 +0000" catchup-id="fQ2Jy11sztFXEPodVNo79D7SUh61SeCDrRUwsAlo"><title>Golf History : The FedExCup Official Film</title><date></date><icon src="https://m7be2.solocoo.tv/m7be2iphone/mmchan/mpimages/260x145/BCd1VmYXx4VA2lwff2OC5A.jpg"></icon><desc>Hoogtepunten van de FedEx Cup Playoffs, gespeeld in de PGA Tour van 2022.</desc><category></category></programme><programme channel="jgat-7l6XUdU7RQcJVn-9FSBRVVjPuSJs-CmOy8K" start="20221201170000 +0000" stop="20221201173000 +0000" catchup-id="rv8rUqxe4v6m29gaMsnJzoEX2-v230cBfyLH6-Z7"><title>PGA Tour: The Cut</title><date></date><icon src="https://m7be2.solocoo.tv/m7be2iphone/mmchan/mpimages/260x145/TBFWqi-uPHyuaxcxRx9GMA.jpg"></icon><desc>Golfmagazine met het laatste nieuws en achtergronden uit de US PGA Tour.</desc><category></category></programme><programme channel="jgat-7l6XUdU7RQcJVn-9FSBRVVjPuSJs-CmOy8K" start="20221201173000 +0000" stop="20221201180000 +0000" catchup-id="N8ayl1rfCJajuzNXw17x9Xbp8lOQfaVWewa9Yxuv"><title>European Tour: Hoogtepunten : Joburg Open</title><date></date><icon src="https://m7be2.solocoo.tv/m7be2iphone/mmchan/mpimages/260x145/y0eZWCO12ZJe0tgLIEnP7w.jpg"></icon><desc>Hoogtepunten van de Joburg Open, gespeeld in de European Tour van 2023.</desc><category></category></programme><programme channel="jgat-7l6XUdU7RQcJVn-9FSBRVVjPuSJs-CmOy8K" start="20221201180000 +0000" stop="20221201190000 +0000" catchup-id="dB_avRtDt1q9EIUxydhTqyL9cN3qw9k582T-nCSZ"><title>Golf History : The FedExCup Official Film</title><date></date><icon src="https://m7be2.solocoo.tv/m7be2iphone/mmchan/mpimages/260x145/BCd1VmYXx4VA2lwff2OC5A.jpg"></icon><desc>Hoogtepunten van de FedEx Cup Playoffs, gespeeld in de PGA Tour van 2022.</desc><category></category></programme><programme channel="jgat-7l6XUdU7RQcJVn-9FSBRVVjPuSJs-CmOy8K" start="20221201190000 +0000" stop="20221201230000 +0000" catchup-id="LC3lz7VYQeyxAGSchIOF8i2ixVBfNfLAA1pEBSOS"><title>Golf: Hero World Challenge : Dag 1</title><date></date><icon src="https://m7be2.solocoo.tv/m7be2iphone/mmchan/mpimages/260x145/3zvlwzNlvFWY-7JKxtNrww.jpg"></icon><desc>Verslag van de eerste dag van de Hero World Challenge, gespeeld op de Albany Golf Club in New Providence, Bahama's.</desc><category></category></programme><programme channel="jgat-7l6XUdU7RQcJVn-9FSBRVVjPuSJs-CmOy8K" start="20221201230000 +0000" stop="20221202010000 +0000" catchup-id="3QRFBRhFeiodVWbhSjg7rlcpMWFdG0PNVaIV9QoA"><title>European Tour: Samenvatting : European Tour: Joburg Open - Dag 4 </title><date></date><icon src="https://m7be2.solocoo.tv/m7be2iphone/mmchan/mpimages/260x145/wKoYL1pYSXzoQLYSY-lsyQ.jpg"></icon><desc>Samenvatting van de laatste en beslissende dag van de Joburg Open, gespeeld op de Randpark Golf Club, Johannesburg.</desc><category></category></programme><programme channel="jgat-7l6XUdU7RQcJVn-9FSBRVVjPuSJs-CmOy8K" start="20221202010000 +0000" stop="20221202060000 +0000" catchup-id="Me6GLqSbaP50qlpTWbvopLajnmLaopIPCsRWUkFy"><title>Golf: ISPS Handa Women's Australian Open : Dag 2</title><date></date><icon src="https://m7be2.solocoo.tv/m7be2iphone/mmchan/mpimages/260x145/wImVxo9--A4wX7n41NZEOQ.jpg"></icon><desc>Verslag van de tweede dag van de ISPS Handa Australian Open, gespeeld op de The Victoria Golf Club &amp; Kingston Heath Golf Club, Melbourne, Victoria, Australië.</desc><category></category></programme><programme channel="jgat-7l6XUdU7RQcJVn-9FSBRVVjPuSJs-CmOy8K" start="20221202060000 +0000" stop="20221202070000 +0000" catchup-id="lsfM1DQbVS-APgTKkUXenGHYYmSAjQUcAxfjP2qb"><title>European Tour: Samenvatting : European Tour: G4D Tour Series Finale </title><date></date><icon src="https://m7be2.solocoo.tv/m7be2iphone/mmchan/mpimages/260x145/wKoYL1pYSXzoQLYSY-lsyQ.jpg"></icon><desc>Hoogtepunten van de G4D Tour Series Finale in de DP World Tour Championship, waarbij de top 8 golfers op de wereldranglijst voor golfers met een handicap strijden om de ultieme prijs in golf voor gehandicapten de Tour Championship.</desc><category></category></programme><programme channel="jgat-7l6XUdU7RQcJVn-9FSBRVVjPuSJs-CmOy8K" start="20221202070000 +0000" stop="20221202100000 +0000" catchup-id="Am0TAMmhgIv5IwrpUkn7nNjOpUjUg2ghsw-Qqa10"><title>Golf: Investec South African Open </title><date></date><icon src="https://m7be2.solocoo.tv/m7be2iphone/mmchan/mpimages/260x145/BLuXPhEkaTsepq1PiUd8RA.jpg"></icon><desc>Herhaling van de eerste dag van de Investec South African Open, gespeeld op de Blair Atholl Golf Estate, Centurion, Zuid-Afrika</desc><category></category></programme><programme channel="jgat-7l6XUdU7RQcJVn-9FSBRVVjPuSJs-CmOy8K" start="20221202100000 +0000" stop="20221202150000 +0000" catchup-id="pBOoyO7mP8uGkGf6SzRdliLIg_2u2YtALsQN3wgm"><title>Golf: Investec South African Open : Dag 2</title><date></date><icon src="https://m7be2.solocoo.tv/m7be2iphone/mmchan/mpimages/260x145/BLuXPhEkaTsepq1PiUd8RA.jpg"></icon><desc>Verslag van de tweede dag van de Investec South African Open, gespeeld op de Blair Atholl Golf Estate, Centurion, Zuid-Afrika</desc><category></category></programme><programme channel="jgat-7l6XUdU7RQcJVn-9FSBRVVjPuSJs-CmOy8K" start="20221202150000 +0000" stop="20221202153000 +0000" catchup-id="LXd9oBvc0WeSqxGUN9uzQewhHUQPzTsTvx4LTaL9"><title>European Tour: Hoogtepunten : Joburg Open</title><date></date><icon src="https://m7be2.solocoo.tv/m7be2iphone/mmchan/mpimages/260x145/y0eZWCO12ZJe0tgLIEnP7w.jpg"></icon><desc>Hoogtepunten van de Joburg Open, gespeeld in de European Tour van 2023.</desc><category></category></programme><programme channel="jgat-7l6XUdU7RQcJVn-9FSBRVVjPuSJs-CmOy8K" start="20221202153000 +0000" stop="20221202160000 +0000" catchup-id="bLwXCRimCtw9WfSug-ibIlizYpYxt7ILr7NNVyjU"><title>PGA Tour: The Cut</title><date></date><icon src="https://m7be2.solocoo.tv/m7be2iphone/mmchan/mpimages/260x145/TBFWqi-uPHyuaxcxRx9GMA.jpg"></icon><desc>Golfmagazine met het laatste nieuws en achtergronden uit de US PGA Tour.</desc><category></category></programme><programme channel="jgat-7l6XUdU7RQcJVn-9FSBRVVjPuSJs-CmOy8K" start="20221202160000 +0000" stop="20221202190000 +0000" catchup-id="x8y491jEai8Ge1q7DAN3PFp5rGUqn9TViUHru9nr"><title>Golf: Hero World Challenge </title><date></date><icon src="https://m7be2.solocoo.tv/m7be2iphone/mmchan/mpimages/260x145/3zvlwzNlvFWY-7JKxtNrww.jpg"></icon><desc>Herhaling van de eerste dag van de Hero World Challenge, gespeeld op de Albany Golf Club in New Providence, Bahama's.</desc><category></category></programme><programme channel="jgat-7l6XUdU7RQcJVn-9FSBRVVjPuSJs-CmOy8K" start="20221202190000 +0000" stop="20221202230000 +0000" catchup-id="gY31D6MLGkcuLwGuVHg04R9KQUwrfmD_KKeT6FDi"><title>Golf: Hero World Challenge : Dag 2</title><date></date><icon src="https://m7be2.solocoo.tv/m7be2iphone/mmchan/mpimages/260x145/3zvlwzNlvFWY-7JKxtNrww.jpg"></icon><desc>Verslag van de tweede dag van de Hero World Challenge, gespeeld op de Albany Golf Club in New Providence, Bahama's.</desc><category></category></programme>