<programme channel="pbdVif7JUO7YVFvU-YzEIgFIwKNSHb5lMctKzNLy" start="20221120015900 +0000" stop="20221120030000 +0000" catchup-id="Laf6Wl_P_lHyDorEQsqKptYs-iYiHz5ZLpsf45Wu"><title>... So 80s!</title><date></date><icon src="https://m7be2.solocoo.tv/m7be2iphone/mmchan/mpimages/208x308/qN7K9sviOrcV2l2iz95Uvg.jpg"></icon><desc>Get ready because we're bringing you nothing but classic hits and iconic anthems from the 80s!</desc><category></category></programme><programme channel="pbdVif7JUO7YVFvU-YzEIgFIwKNSHb5lMctKzNLy" start="20221120030000 +0000" stop="20221120070000 +0000" catchup-id="mP00pbGRenbjjpiSiN6ObDbVjmB22CSyxs6f_XaD"><title>Non-Stop 80s Hits!</title><date></date><icon src="https://m7be2.solocoo.tv/m7be2iphone/mmchan/mpimages/208x308/kwAGA0oAVhOr4ig-L0fR8Q.jpg"></icon><desc>We got hits... We got hits from the 80s. And guess what? They don't stop! You're welcome!</desc><category></category></programme><programme channel="pbdVif7JUO7YVFvU-YzEIgFIwKNSHb5lMctKzNLy" start="20221120070000 +0000" stop="20221120102700 +0000" catchup-id="vjFB9hUm_7woQsIRc6Ss3nZ5OoiPtdd_AvKJX6To"><title>80s School Of Rock: The Boys!</title><date></date><icon src="https://m7be2.solocoo.tv/m7be2iphone/mmchan/mpimages/208x308/O546I-TTAbWp3G1OOfPf9w.jpg"></icon><desc>Welcome to the 80s School Of Rock, where we bring you some of the loudest and most rockin' hits from the 80s boys!</desc><category></category></programme><programme channel="pbdVif7JUO7YVFvU-YzEIgFIwKNSHb5lMctKzNLy" start="20221120102700 +0000" stop="20221120150000 +0000" catchup-id="7cdC6R7KjKdINe4VY6P9fiQsRZTg-ajT_cIm30TV"><title>I Want My MTV 80s!</title><date></date><icon src="https://m7be2.solocoo.tv/m7be2iphone/mmchan/mpimages/208x308/uyK9V0TDoX--Sfskr-l-Rw.jpg"></icon><desc>It's non-stop nostalgia right here at MTV 80s - and that's what we want, right now!</desc><category></category></programme><programme channel="pbdVif7JUO7YVFvU-YzEIgFIwKNSHb5lMctKzNLy" start="20221120150000 +0000" stop="20221120170000 +0000" catchup-id="k2Afr4RHte0B7zoQGNo1H-LdQW44drFoqM_7J-S_"><title>Forever 80s!</title><date></date><icon src="https://m7be2.solocoo.tv/m7be2iphone/mmchan/mpimages/208x308/tJecYEsfyWtoMVZtv3faTw.jpg"></icon><desc>Check out all of the best hits from one of the biggest decades in music!</desc><category></category></programme><programme channel="pbdVif7JUO7YVFvU-YzEIgFIwKNSHb5lMctKzNLy" start="20221120170000 +0000" stop="20221120195900 +0000" catchup-id="RNvxBa9qJHkhs3vEg-FCHb7fW2XKxvEvmKV2svFX"><title>80s Power Ballad Heaven!</title><date></date><icon src="https://m7be2.solocoo.tv/m7be2iphone/mmchan/mpimages/208x308/hrwQEbO4EH4rPVU2eXOcMQ.jpg"></icon><desc>We've selected some of the most iconic 80s power ballads ever recorded to play for you right now on MTV 80s!</desc><category></category></programme><programme channel="pbdVif7JUO7YVFvU-YzEIgFIwKNSHb5lMctKzNLy" start="20221120195900 +0000" stop="20221121010000 +0000" catchup-id="UB30ELvDPxj411ttxbHoHKOQRfepITjN42pOZO7w"><title>... So 80s!</title><date></date><icon src="https://m7be2.solocoo.tv/m7be2iphone/mmchan/mpimages/208x308/qN7K9sviOrcV2l2iz95Uvg.jpg"></icon><desc>Get ready because we're bringing you nothing but classic hits and iconic anthems from the 80s!</desc><category></category></programme><programme channel="pbdVif7JUO7YVFvU-YzEIgFIwKNSHb5lMctKzNLy" start="20221121010000 +0000" stop="20221121030000 +0000" catchup-id="9_f3gut25X6oXqNclkCIoE35ngwsloxuREihh61u"><title>... So 80s!</title><date></date><icon src="https://m7be2.solocoo.tv/m7be2iphone/mmchan/mpimages/208x308/qN7K9sviOrcV2l2iz95Uvg.jpg"></icon><desc>Get ready because we're bringing you nothing but classic hits and iconic anthems from the 80s!</desc><category></category></programme><programme channel="pbdVif7JUO7YVFvU-YzEIgFIwKNSHb5lMctKzNLy" start="20221121030000 +0000" stop="20221121065900 +0000" catchup-id="qFFhye_cUr5wUXWrI731w4xhgm00SSIOlIRZ6J09"><title>Non-Stop 80s Hits!</title><date></date><icon src="https://m7be2.solocoo.tv/m7be2iphone/mmchan/mpimages/208x308/kwAGA0oAVhOr4ig-L0fR8Q.jpg"></icon><desc>We got hits... We got hits from the 80s. And guess what? They don't stop! You're welcome!</desc><category></category></programme><programme channel="pbdVif7JUO7YVFvU-YzEIgFIwKNSHb5lMctKzNLy" start="20221121065900 +0000" stop="20221121105900 +0000" catchup-id="P-0PRefeDuXgEFiq_m_1wpddp9p5fB_1mQQoxBji"><title>Gold! Greatest Hits Of the 80s</title><date></date><icon src="https://m7be2.solocoo.tv/m7be2iphone/mmchan/mpimages/208x308/Ko-NgbBKooE-jsL7sc6Zxw.jpg"></icon><desc>Pencil us in because we've organised the greatest hits of the '80s for you...you're welcome!</desc><category></category></programme><programme channel="pbdVif7JUO7YVFvU-YzEIgFIwKNSHb5lMctKzNLy" start="20221121105900 +0000" stop="20221121145900 +0000" catchup-id="5YIq3bqUVpHzWNub9y9Xn6KxWt0KG9s_kOV5sqf1"><title>I Want My MTV 80s!</title><date></date><icon src="https://m7be2.solocoo.tv/m7be2iphone/mmchan/mpimages/208x308/uyK9V0TDoX--Sfskr-l-Rw.jpg"></icon><desc>It's non-stop nostalgia right here at MTV 80s - and that's what we want, right now!</desc><category></category></programme><programme channel="pbdVif7JUO7YVFvU-YzEIgFIwKNSHb5lMctKzNLy" start="20221121145900 +0000" stop="20221121170000 +0000" catchup-id="LVL8Fy0VAB36e1bsNXIHW3r4u4pfVDNDcRddKxuM"><title>Forever 80s!</title><date></date><icon src="https://m7be2.solocoo.tv/m7be2iphone/mmchan/mpimages/208x308/tJecYEsfyWtoMVZtv3faTw.jpg"></icon><desc>Check out all of the best hits from one of the biggest decades in music!</desc><category></category></programme><programme channel="pbdVif7JUO7YVFvU-YzEIgFIwKNSHb5lMctKzNLy" start="20221121170000 +0000" stop="20221121185900 +0000" catchup-id="hczaiccyFfia_TK2QGx0UzstAQSN-9p22-t_WmFL"><title>Who's That 80s Girl?</title><date></date><icon src="https://m7be2.solocoo.tv/m7be2iphone/mmchan/mpimages/208x308/sYS5bW1DC8puaN8BfMrc4A.jpg"></icon><desc>Check out all of the greatest hits from our favourite girls of the 80s!</desc><category></category></programme><programme channel="pbdVif7JUO7YVFvU-YzEIgFIwKNSHb5lMctKzNLy" start="20221121185900 +0000" stop="20221121195900 +0000" catchup-id="9mglQ-Z5owkqdnBMzMiRWWUzzsiL-3jUBM2isoR8"><title>Greatest 80s Rock: Play It Loud!</title><date></date><icon src="https://m7be2.solocoo.tv/m7be2iphone/mmchan/mpimages/208x308/Wh04FwBscjZ4ptryVyt7xw.jpg"></icon><desc>Hard! Alternative! Heavy! Post-punk! Metal! Indie! Goth! Call it what you want, but turn up the volume as we delve into the decade's best rock tracks in all their incarnations, right here on MTV80s!</desc><category></category></programme><programme channel="pbdVif7JUO7YVFvU-YzEIgFIwKNSHb5lMctKzNLy" start="20221121195900 +0000" stop="20221122010000 +0000" catchup-id="69577dEElqD7z2Nox9rit7JYAylSIAYDxrl4CE-V"><title>... So 80s!</title><date></date><icon src="https://m7be2.solocoo.tv/m7be2iphone/mmchan/mpimages/208x308/qN7K9sviOrcV2l2iz95Uvg.jpg"></icon><desc>Get ready because we're bringing you nothing but classic hits and iconic anthems from the 80s!</desc><category></category></programme><programme channel="pbdVif7JUO7YVFvU-YzEIgFIwKNSHb5lMctKzNLy" start="20221122010000 +0000" stop="20221122030000 +0000" catchup-id="S52DOJBVc7YwnOoBmXBbJLPr8Wes23HWz18zZanD"><title>... So 80s!</title><date></date><icon src="https://m7be2.solocoo.tv/m7be2iphone/mmchan/mpimages/208x308/qN7K9sviOrcV2l2iz95Uvg.jpg"></icon><desc>Get ready because we're bringing you nothing but classic hits and iconic anthems from the 80s!</desc><category></category></programme><programme channel="pbdVif7JUO7YVFvU-YzEIgFIwKNSHb5lMctKzNLy" start="20221122030000 +0000" stop="20221122070000 +0000" catchup-id="fUuy6ADPQ-ELPZK8nj9x1F7l7rW73qKVJze68M1O"><title>Non-Stop 80s Hits!</title><date></date><icon src="https://m7be2.solocoo.tv/m7be2iphone/mmchan/mpimages/208x308/kwAGA0oAVhOr4ig-L0fR8Q.jpg"></icon><desc>We got hits... We got hits from the 80s. And guess what? They don't stop! You're welcome!</desc><category></category></programme><programme channel="pbdVif7JUO7YVFvU-YzEIgFIwKNSHb5lMctKzNLy" start="20221122070000 +0000" stop="20221122110000 +0000" catchup-id="0-sCjHxlqwX0H_eulrI6prbKD1JQ0-ZoOtPPB8Cg"><title>Gold! Greatest Hits Of the 80s</title><date></date><icon src="https://m7be2.solocoo.tv/m7be2iphone/mmchan/mpimages/208x308/Ko-NgbBKooE-jsL7sc6Zxw.jpg"></icon><desc>Pencil us in because we've organised the greatest hits of the '80s for you...you're welcome!</desc><category></category></programme><programme channel="pbdVif7JUO7YVFvU-YzEIgFIwKNSHb5lMctKzNLy" start="20221122110000 +0000" stop="20221122145900 +0000" catchup-id="DT3e3mnJQtrnH3m5J6K4KAp_APOaKkV61xbqFURf"><title>I Want My MTV 80s!</title><date></date><icon src="https://m7be2.solocoo.tv/m7be2iphone/mmchan/mpimages/208x308/uyK9V0TDoX--Sfskr-l-Rw.jpg"></icon><desc>It's non-stop nostalgia right here at MTV 80s - and that's what we want, right now!</desc><category></category></programme><programme channel="pbdVif7JUO7YVFvU-YzEIgFIwKNSHb5lMctKzNLy" start="20221122145900 +0000" stop="20221122170000 +0000" catchup-id="onxIhVRFCgl08xUXTa5OvT7CuDZcg7o8lfhGk1rt"><title>Forever 80s!</title><date></date><icon src="https://m7be2.solocoo.tv/m7be2iphone/mmchan/mpimages/208x308/tJecYEsfyWtoMVZtv3faTw.jpg"></icon><desc>Check out all of the best hits from one of the biggest decades in music!</desc><category></category></programme><programme channel="pbdVif7JUO7YVFvU-YzEIgFIwKNSHb5lMctKzNLy" start="20221122170000 +0000" stop="20221122190000 +0000" catchup-id="SaxyRyMO9gq20xpr2-6QCFwYxdETXOcb1V7Tfqic"><title>Electric 80s!</title><date></date><icon src="https://m7be2.solocoo.tv/m7be2iphone/mmchan/mpimages/208x308/PVNW6g9f6ZLVXSwdidGwmA.jpg"></icon><desc>Tune in as we play all of the biggest electronic and synth pop hits from the 80s!</desc><category></category></programme><programme channel="pbdVif7JUO7YVFvU-YzEIgFIwKNSHb5lMctKzNLy" start="20221122190000 +0000" stop="20221122195900 +0000" catchup-id="_8_vJiWkL5Wii2WPAltuM8Nxxf-Jj-zDYpIONNDn"><title>Greatest 80s Rock: Play It Loud!</title><date></date><icon src="https://m7be2.solocoo.tv/m7be2iphone/mmchan/mpimages/208x308/Wh04FwBscjZ4ptryVyt7xw.jpg"></icon><desc>Hard! Alternative! Heavy! Post-punk! Metal! Indie! Goth! Call it what you want, but turn up the volume as we delve into the decade's best rock tracks in all their incarnations, right here on MTV80s!</desc><category></category></programme><programme channel="pbdVif7JUO7YVFvU-YzEIgFIwKNSHb5lMctKzNLy" start="20221122195900 +0000" stop="20221123005900 +0000" catchup-id="umVbyt1MZl_EOUatEKCkxSkVcXOAAPhJN94Kxz0k"><title>... So 80s!</title><date></date><icon src="https://m7be2.solocoo.tv/m7be2iphone/mmchan/mpimages/208x308/qN7K9sviOrcV2l2iz95Uvg.jpg"></icon><desc>Get ready because we're bringing you nothing but classic hits and iconic anthems from the 80s!</desc><category></category></programme><programme channel="pbdVif7JUO7YVFvU-YzEIgFIwKNSHb5lMctKzNLy" start="20221123005900 +0000" stop="20221123030000 +0000" catchup-id="8PPyTqDBzdmdbFOynmfcBmwvbM0V84HFFCTA3K34"><title>... So 80s!</title><date></date><icon src="https://m7be2.solocoo.tv/m7be2iphone/mmchan/mpimages/208x308/qN7K9sviOrcV2l2iz95Uvg.jpg"></icon><desc>Get ready because we're bringing you nothing but classic hits and iconic anthems from the 80s!</desc><category></category></programme><programme channel="pbdVif7JUO7YVFvU-YzEIgFIwKNSHb5lMctKzNLy" start="20221123030000 +0000" stop="20221123070000 +0000" catchup-id="f3lR2AXZnBVi8QndSSO9JIwNtjuCQBGF9FHwJCdM"><title>Non-Stop 80s Hits!</title><date></date><icon src="https://m7be2.solocoo.tv/m7be2iphone/mmchan/mpimages/208x308/kwAGA0oAVhOr4ig-L0fR8Q.jpg"></icon><desc>We got hits... We got hits from the 80s. And guess what? They don't stop! You're welcome!</desc><category></category></programme><programme channel="pbdVif7JUO7YVFvU-YzEIgFIwKNSHb5lMctKzNLy" start="20221123070000 +0000" stop="20221123110100 +0000" catchup-id="oUpZPncibrn_g07a2TqB0tZ3VccdqS36AM-crj34"><title>Gold! Greatest Hits Of the 80s</title><date></date><icon src="https://m7be2.solocoo.tv/m7be2iphone/mmchan/mpimages/208x308/Ko-NgbBKooE-jsL7sc6Zxw.jpg"></icon><desc>Pencil us in because we've organised the greatest hits of the '80s for you...you're welcome!</desc><category></category></programme><programme channel="pbdVif7JUO7YVFvU-YzEIgFIwKNSHb5lMctKzNLy" start="20221123110100 +0000" stop="20221123143400 +0000" catchup-id="uFGd6_4mZBjRHufAB-kUUd3Nz90EtDlwNUyFxhPt"><title>Top Hits Of 1984!</title><date></date><icon src="https://m7be2.solocoo.tv/m7be2iphone/mmchan/mpimages/208x308/jWX4ZFCBsVWlghjrXmea5g.jpg"></icon><desc>We're counting down 50 of the biggest hits from another great year of the 80s! These are the top hits of 1984!</desc><category></category></programme><programme channel="pbdVif7JUO7YVFvU-YzEIgFIwKNSHb5lMctKzNLy" start="20221123143400 +0000" stop="20221123165900 +0000" catchup-id="aU4EXER_d-G_Lg-Ge6cF8RByw48q70sX2hu-xohI"><title>Forever 80s!</title><date></date><icon src="https://m7be2.solocoo.tv/m7be2iphone/mmchan/mpimages/208x308/tJecYEsfyWtoMVZtv3faTw.jpg"></icon><desc>Check out all of the best hits from one of the biggest decades in music!</desc><category></category></programme><programme channel="pbdVif7JUO7YVFvU-YzEIgFIwKNSHb5lMctKzNLy" start="20221123165900 +0000" stop="20221123190000 +0000" catchup-id="uz2u-RJNrWkF-f9JQh79ydH0l6iw07Lq_TJRu-EE"><title>The Power Of Love!</title><date></date><icon src="https://m7be2.solocoo.tv/m7be2iphone/mmchan/mpimages/208x308/TN5EgSB24RHQDxJKVtevig.jpg"></icon><desc>The power of love is strong here at MTV which is why we've put all of the best 80s love songs together in one playlist!</desc><category></category></programme><programme channel="pbdVif7JUO7YVFvU-YzEIgFIwKNSHb5lMctKzNLy" start="20221123190000 +0000" stop="20221123200000 +0000" catchup-id="xQ__nrm77I4tj5bJchKg7gAZddLLgV1LB7avfR1t"><title>Greatest 80s Rock: Play It Loud!</title><date></date><icon src="https://m7be2.solocoo.tv/m7be2iphone/mmchan/mpimages/208x308/Wh04FwBscjZ4ptryVyt7xw.jpg"></icon><desc>Hard! Alternative! Heavy! Post-punk! Metal! Indie! Goth! Call it what you want, but turn up the volume as we delve into the decade's best rock tracks in all their incarnations, right here on MTV80s!</desc><category></category></programme><programme channel="pbdVif7JUO7YVFvU-YzEIgFIwKNSHb5lMctKzNLy" start="20221123200000 +0000" stop="20221124005900 +0000" catchup-id="wwIOhRYsSAQvfZkzf23fQdTFWh9vYQUEuAqEt43X"><title>... So 80s!</title><date></date><icon src="https://m7be2.solocoo.tv/m7be2iphone/mmchan/mpimages/208x308/qN7K9sviOrcV2l2iz95Uvg.jpg"></icon><desc>Get ready because we're bringing you nothing but classic hits and iconic anthems from the 80s!</desc><category></category></programme><programme channel="pbdVif7JUO7YVFvU-YzEIgFIwKNSHb5lMctKzNLy" start="20221124005900 +0000" stop="20221124030000 +0000" catchup-id="i-By1Ukc82ni_B_VJOH2jxs23xGSXnHdY1SvzWZ6"><title>... So 80s!</title><date></date><icon src="https://m7be2.solocoo.tv/m7be2iphone/mmchan/mpimages/208x308/qN7K9sviOrcV2l2iz95Uvg.jpg"></icon><desc>Get ready because we're bringing you nothing but classic hits and iconic anthems from the 80s!</desc><category></category></programme><programme channel="pbdVif7JUO7YVFvU-YzEIgFIwKNSHb5lMctKzNLy" start="20221124030000 +0000" stop="20221124065900 +0000" catchup-id="Q7AwSBmZ8_bulxGBIEVQoNBofquOlRDwIl8KrIHW"><title>Non-Stop 80s Hits!</title><date></date><icon src="https://m7be2.solocoo.tv/m7be2iphone/mmchan/mpimages/208x308/kwAGA0oAVhOr4ig-L0fR8Q.jpg"></icon><desc>We got hits... We got hits from the 80s. And guess what? They don't stop! You're welcome!</desc><category></category></programme><programme channel="pbdVif7JUO7YVFvU-YzEIgFIwKNSHb5lMctKzNLy" start="20221124065900 +0000" stop="20221124110000 +0000" catchup-id="4etVz2uctGtb5jQ5WhawjmWHicPHFbdX0Elhp0y_"><title>Gold! Greatest Hits Of the 80s</title><date></date><icon src="https://m7be2.solocoo.tv/m7be2iphone/mmchan/mpimages/208x308/Ko-NgbBKooE-jsL7sc6Zxw.jpg"></icon><desc>Pencil us in because we've organised the greatest hits of the '80s for you...you're welcome!</desc><category></category></programme><programme channel="pbdVif7JUO7YVFvU-YzEIgFIwKNSHb5lMctKzNLy" start="20221124110000 +0000" stop="20221124150000 +0000" catchup-id="VPqRA4dDX8zBmvUH7TJkrwmeNFfUzAik0Ex7O-C8"><title>I Want My MTV 80s!</title><date></date><icon src="https://m7be2.solocoo.tv/m7be2iphone/mmchan/mpimages/208x308/uyK9V0TDoX--Sfskr-l-Rw.jpg"></icon><desc>It's non-stop nostalgia right here at MTV 80s - and that's what we want, right now!</desc><category></category></programme><programme channel="pbdVif7JUO7YVFvU-YzEIgFIwKNSHb5lMctKzNLy" start="20221124150000 +0000" stop="20221124165900 +0000" catchup-id="bfOaXfUHVNdmx1hbjSHeLY6fhtu3ljFeHicwWwdU"><title>Forever 80s!</title><date></date><icon src="https://m7be2.solocoo.tv/m7be2iphone/mmchan/mpimages/208x308/tJecYEsfyWtoMVZtv3faTw.jpg"></icon><desc>Check out all of the best hits from one of the biggest decades in music!</desc><category></category></programme><programme channel="pbdVif7JUO7YVFvU-YzEIgFIwKNSHb5lMctKzNLy" start="20221124165900 +0000" stop="20221124190000 +0000" catchup-id="8C7LgFgDqovFN92amdx1PmvP0JmNZc8k36CioTms"><title>Wild Boys Of The 80s!</title><date></date><icon src="https://m7be2.solocoo.tv/m7be2iphone/mmchan/mpimages/208x308/2oNgCO6je1qtZO5AmlWvWg.jpg"></icon><desc>These boys were born to be wild in the 80s! Check out all of their huge hits and iconic anthems right here!</desc><category></category></programme><programme channel="pbdVif7JUO7YVFvU-YzEIgFIwKNSHb5lMctKzNLy" start="20221124190000 +0000" stop="20221124195900 +0000" catchup-id="HsoqlRk5fYvWX96ilk9_QmKRuwybS-c6h35QdeCQ"><title>Greatest 80s Rock: Play It Loud!</title><date></date><icon src="https://m7be2.solocoo.tv/m7be2iphone/mmchan/mpimages/208x308/Wh04FwBscjZ4ptryVyt7xw.jpg"></icon><desc>Hard! Alternative! Heavy! Post-punk! Metal! Indie! Goth! Call it what you want, but turn up the volume as we delve into the decade's best rock tracks in all their incarnations, right here on MTV80s!</desc><category></category></programme><programme channel="pbdVif7JUO7YVFvU-YzEIgFIwKNSHb5lMctKzNLy" start="20221124195900 +0000" stop="20221125005900 +0000" catchup-id="sQkKmjTvnF1L5Qo1xO8QQohjnjDZunJUo1yoID5y"><title>... So 80s!</title><date></date><icon src="https://m7be2.solocoo.tv/m7be2iphone/mmchan/mpimages/208x308/qN7K9sviOrcV2l2iz95Uvg.jpg"></icon><desc>Get ready because we're bringing you nothing but classic hits and iconic anthems from the 80s!</desc><category></category></programme><programme channel="pbdVif7JUO7YVFvU-YzEIgFIwKNSHb5lMctKzNLy" start="20221125005900 +0000" stop="20221125030000 +0000" catchup-id="0GpJfkU8QXS11Rzx9giZrvuWzgF-RRd8nGIp9MHZ"><title>... So 80s!</title><date></date><icon src="https://m7be2.solocoo.tv/m7be2iphone/mmchan/mpimages/208x308/qN7K9sviOrcV2l2iz95Uvg.jpg"></icon><desc>Get ready because we're bringing you nothing but classic hits and iconic anthems from the 80s!</desc><category></category></programme><programme channel="pbdVif7JUO7YVFvU-YzEIgFIwKNSHb5lMctKzNLy" start="20221125030000 +0000" stop="20221125070000 +0000" catchup-id="kyBIstDrH9ZwRnwJG9UFbnZLNC936XiOvftQSsmh"><title>Non-Stop 80s Hits!</title><date></date><icon src="https://m7be2.solocoo.tv/m7be2iphone/mmchan/mpimages/208x308/kwAGA0oAVhOr4ig-L0fR8Q.jpg"></icon><desc>We got hits... We got hits from the 80s. And guess what? They don't stop! You're welcome!</desc><category></category></programme><programme channel="pbdVif7JUO7YVFvU-YzEIgFIwKNSHb5lMctKzNLy" start="20221125070000 +0000" stop="20221125110100 +0000" catchup-id="5BL_tku6wWcsqS6FuuoeCUwdxQ6eSrVeTLZ2lwDR"><title>Gold! Greatest Hits Of the 80s</title><date></date><icon src="https://m7be2.solocoo.tv/m7be2iphone/mmchan/mpimages/208x308/Ko-NgbBKooE-jsL7sc6Zxw.jpg"></icon><desc>Pencil us in because we've organised the greatest hits of the '80s for you...you're welcome!</desc><category></category></programme><programme channel="pbdVif7JUO7YVFvU-YzEIgFIwKNSHb5lMctKzNLy" start="20221125110100 +0000" stop="20221125150000 +0000" catchup-id="mYAvBe2tfingwNiMo2NL0Dj8UtU-GFtM81t0N5e1"><title>I Want My MTV 80s!</title><date></date><icon src="https://m7be2.solocoo.tv/m7be2iphone/mmchan/mpimages/208x308/uyK9V0TDoX--Sfskr-l-Rw.jpg"></icon><desc>It's non-stop nostalgia right here at MTV 80s - and that's what we want, right now!</desc><category></category></programme><programme channel="pbdVif7JUO7YVFvU-YzEIgFIwKNSHb5lMctKzNLy" start="20221125150000 +0000" stop="20221125200100 +0000" catchup-id="lZ2-si9DScA8QGCJHC1_AzHXm9hzMP_jG84p233F"><title>Pump Up the 80s Party!</title><date></date><icon src="https://m7be2.solocoo.tv/m7be2iphone/mmchan/mpimages/208x308/srkX5s8vk71LdK8ALCdaPA.jpg"></icon><desc>We've chosen all of the best 80s hits to go into one epic 80s party playlist. So pump up the volume and get ready to dance with some classic 80s tunes!</desc><category></category></programme><programme channel="pbdVif7JUO7YVFvU-YzEIgFIwKNSHb5lMctKzNLy" start="20221125200100 +0000" stop="20221125210000 +0000" catchup-id="ccy8Ma_mpls7aaXgUMOHzlzlGbEkMKQuQ5WWTTT0"><title>Pump Up the 80s Party!</title><date></date><icon src="https://m7be2.solocoo.tv/m7be2iphone/mmchan/mpimages/208x308/srkX5s8vk71LdK8ALCdaPA.jpg"></icon><desc>We've chosen all of the best 80s hits to go into one epic 80s party playlist. So pump up the volume and get ready to dance with some classic 80s tunes!</desc><category></category></programme><programme channel="pbdVif7JUO7YVFvU-YzEIgFIwKNSHb5lMctKzNLy" start="20221125210000 +0000" stop="20221126020000 +0000" catchup-id="bWqB7EGBSO9oPKc3O8jHg_i5A_I1hvcoxXtQ6s6T"><title>... So 80s!</title><date></date><icon src="https://m7be2.solocoo.tv/m7be2iphone/mmchan/mpimages/208x308/qN7K9sviOrcV2l2iz95Uvg.jpg"></icon><desc>Get ready because we're bringing you nothing but classic hits and iconic anthems from the 80s!</desc><category></category></programme><programme channel="pbdVif7JUO7YVFvU-YzEIgFIwKNSHb5lMctKzNLy" start="20221126020000 +0000" stop="20221126030000 +0000" catchup-id="bwb703CwIW12S28LZDtJflZU_9TcJGcMHAy-0CXw"><title>... So 80s!</title><date></date><icon src="https://m7be2.solocoo.tv/m7be2iphone/mmchan/mpimages/208x308/qN7K9sviOrcV2l2iz95Uvg.jpg"></icon><desc>Get ready because we're bringing you nothing but classic hits and iconic anthems from the 80s!</desc><category></category></programme><programme channel="pbdVif7JUO7YVFvU-YzEIgFIwKNSHb5lMctKzNLy" start="20221126030000 +0000" stop="20221126065900 +0000" catchup-id="8vRUBb6QzqIQcsNTQOsbR8QRM2iGiZfAGORl7PRQ"><title>Non-Stop 80s Hits!</title><date></date><icon src="https://m7be2.solocoo.tv/m7be2iphone/mmchan/mpimages/208x308/kwAGA0oAVhOr4ig-L0fR8Q.jpg"></icon><desc>We got hits... We got hits from the 80s. And guess what? They don't stop! You're welcome!</desc><category></category></programme><programme channel="pbdVif7JUO7YVFvU-YzEIgFIwKNSHb5lMctKzNLy" start="20221126065900 +0000" stop="20221126105900 +0000" catchup-id="4fqMAaNQo06Vcr6vSofZOiDtgFHPJNrOzvoIRDQ0"><title>Gold! Greatest Hits Of the 80s</title><date></date><icon src="https://m7be2.solocoo.tv/m7be2iphone/mmchan/mpimages/208x308/Ko-NgbBKooE-jsL7sc6Zxw.jpg"></icon><desc>Pencil us in because we've organised the greatest hits of the '80s for you...you're welcome!</desc><category></category></programme><programme channel="pbdVif7JUO7YVFvU-YzEIgFIwKNSHb5lMctKzNLy" start="20221126105900 +0000" stop="20221126145900 +0000" catchup-id="HVWCXzwoB6JtwD8jYUzBgCbasQBhmERHBRPsX-Hb"><title>I Want My MTV 80s!</title><date></date><icon src="https://m7be2.solocoo.tv/m7be2iphone/mmchan/mpimages/208x308/uyK9V0TDoX--Sfskr-l-Rw.jpg"></icon><desc>It's non-stop nostalgia right here at MTV 80s - and that's what we want, right now!</desc><category></category></programme><programme channel="pbdVif7JUO7YVFvU-YzEIgFIwKNSHb5lMctKzNLy" start="20221126145900 +0000" stop="20221126170000 +0000" catchup-id="MZpHnQToBEc6VS8zYtHz_bnQ-cmuc0PCX1aTvZ7S"><title>Forever 80s!</title><date></date><icon src="https://m7be2.solocoo.tv/m7be2iphone/mmchan/mpimages/208x308/tJecYEsfyWtoMVZtv3faTw.jpg"></icon><desc>Check out all of the best hits from one of the biggest decades in music!</desc><category></category></programme><programme channel="pbdVif7JUO7YVFvU-YzEIgFIwKNSHb5lMctKzNLy" start="20221126170000 +0000" stop="20221126202200 +0000" catchup-id="1uwPkZY5q3Lmtx2_TWhaBUdJapJSgFfY1yvpGo3P"><title>Boys Boys Boys: 50 Pop Hits!</title><date></date><icon src="https://m7be2.solocoo.tv/m7be2iphone/mmchan/mpimages/260x145/jWX4ZFCBsVWlghjrXmea5g.jpg"></icon><desc>We're bringing you 50 pop hits from the 80s boys we all know and love!</desc><category></category></programme><programme channel="pbdVif7JUO7YVFvU-YzEIgFIwKNSHb5lMctKzNLy" start="20221126202200 +0000" stop="20221127020100 +0000" catchup-id="u9jd4L0ruPdVf4QNTcJGgi9bhpC8wVRRy8C_v-Fw"><title>... So 80s!</title><date></date><icon src="https://m7be2.solocoo.tv/m7be2iphone/mmchan/mpimages/260x145/qN7K9sviOrcV2l2iz95Uvg.jpg"></icon><desc>Get ready because we're bringing you nothing but classic hits and iconic anthems from the 80s!</desc><category></category></programme><programme channel="pbdVif7JUO7YVFvU-YzEIgFIwKNSHb5lMctKzNLy" start="20221127020100 +0000" stop="20221127030000 +0000" catchup-id="cvgi71rJYpbMkznxmuofFkCX4dEKRNBhvym6yQaM"><title>... So 80s!</title><date></date><icon src="https://m7be2.solocoo.tv/m7be2iphone/mmchan/mpimages/260x145/qN7K9sviOrcV2l2iz95Uvg.jpg"></icon><desc>Get ready because we're bringing you nothing but classic hits and iconic anthems from the 80s!</desc><category></category></programme><programme channel="pbdVif7JUO7YVFvU-YzEIgFIwKNSHb5lMctKzNLy" start="20221127030000 +0000" stop="20221127065900 +0000" catchup-id="--HAbr5XngCXfVN3LeKFdnuXbje0er7q_nTuxe77"><title>Non-Stop 80s Hits!</title><date></date><icon src="https://m7be2.solocoo.tv/m7be2iphone/mmchan/mpimages/260x145/kwAGA0oAVhOr4ig-L0fR8Q.jpg"></icon><desc>We got hits... We got hits from the 80s. And guess what? They don't stop! You're welcome!</desc><category></category></programme><programme channel="pbdVif7JUO7YVFvU-YzEIgFIwKNSHb5lMctKzNLy" start="20221127065900 +0000" stop="20221127102900 +0000" catchup-id="jEqNWTEsB0srorhDgfTWprzvkgK5fybkJa7KMhcS"><title>Boys Boys Boys: 50 Pop Hits!</title><date></date><icon src="https://m7be2.solocoo.tv/m7be2iphone/mmchan/mpimages/260x145/jWX4ZFCBsVWlghjrXmea5g.jpg"></icon><desc>We're bringing you 50 pop hits from the 80s boys we all know and love!</desc><category></category></programme><programme channel="pbdVif7JUO7YVFvU-YzEIgFIwKNSHb5lMctKzNLy" start="20221127102900 +0000" stop="20221127145900 +0000" catchup-id="2-dQYExuKfEixCKeZQ9N4_yB85w9hmsCXibFZBA2"><title>I Want My MTV 80s!</title><date></date><icon src="https://m7be2.solocoo.tv/m7be2iphone/mmchan/mpimages/260x145/uyK9V0TDoX--Sfskr-l-Rw.jpg"></icon><desc>It's non-stop nostalgia right here at MTV 80s - and that's what we want, right now!</desc><category></category></programme><programme channel="pbdVif7JUO7YVFvU-YzEIgFIwKNSHb5lMctKzNLy" start="20221127145900 +0000" stop="20221127170000 +0000" catchup-id="fjBsFOVrcwQYgyr2kKiIsEjHUpj_1TQi8-AETxbO"><title>Forever 80s!</title><date></date><icon src="https://m7be2.solocoo.tv/m7be2iphone/mmchan/mpimages/260x145/tJecYEsfyWtoMVZtv3faTw.jpg"></icon><desc>Check out all of the best hits from one of the biggest decades in music!</desc><category></category></programme><programme channel="pbdVif7JUO7YVFvU-YzEIgFIwKNSHb5lMctKzNLy" start="20221127170000 +0000" stop="20221127200100 +0000" catchup-id="kkMjSU2qujcrnuLAL0YP_o0C6OcOPBWjScdOZRks"><title>80s Power Ballad Heaven!</title><date></date><icon src="https://m7be2.solocoo.tv/m7be2iphone/mmchan/mpimages/260x145/hrwQEbO4EH4rPVU2eXOcMQ.jpg"></icon><desc>We've selected some of the most iconic 80s power ballads ever recorded to play for you right now on MTV 80s!</desc><category></category></programme><programme channel="pbdVif7JUO7YVFvU-YzEIgFIwKNSHb5lMctKzNLy" start="20221127200100 +0000" stop="20221128005900 +0000" catchup-id="Z6i1Q5wGwpNYh5lNBCiCntpRqQZh8kUJdl2IA2Wg"><title>... So 80s!</title><date></date><icon src="https://m7be2.solocoo.tv/m7be2iphone/mmchan/mpimages/260x145/qN7K9sviOrcV2l2iz95Uvg.jpg"></icon><desc>Get ready because we're bringing you nothing but classic hits and iconic anthems from the 80s!</desc><category></category></programme><programme channel="pbdVif7JUO7YVFvU-YzEIgFIwKNSHb5lMctKzNLy" start="20221128005900 +0000" stop="20221128030000 +0000" catchup-id="2tc2-DSLWO-wlVZ3GU4B0aUbfESIpdFecsOMbWsm"><title>... So 80s!</title><date></date><icon src="https://m7be2.solocoo.tv/m7be2iphone/mmchan/mpimages/260x145/qN7K9sviOrcV2l2iz95Uvg.jpg"></icon><desc>Get ready because we're bringing you nothing but classic hits and iconic anthems from the 80s!</desc><category></category></programme><programme channel="pbdVif7JUO7YVFvU-YzEIgFIwKNSHb5lMctKzNLy" start="20221128030000 +0000" stop="20221128065900 +0000" catchup-id="l2_3EIlIWMqxk3brawdcLTDni182kTR7gJ1EaL_i"><title>Non-Stop 80s Hits!</title><date></date><icon src="https://m7be2.solocoo.tv/m7be2iphone/mmchan/mpimages/260x145/kwAGA0oAVhOr4ig-L0fR8Q.jpg"></icon><desc>We got hits... We got hits from the 80s. And guess what? They don't stop! You're welcome!</desc><category></category></programme><programme channel="pbdVif7JUO7YVFvU-YzEIgFIwKNSHb5lMctKzNLy" start="20221128065900 +0000" stop="20221128110000 +0000" catchup-id="X9Q4NyVwLV4Glguk8G16nGz8CeOa0mcGOxdGCmpT"><title>Gold! Greatest Hits Of the 80s</title><date></date><icon src="https://m7be2.solocoo.tv/m7be2iphone/mmchan/mpimages/260x145/Ko-NgbBKooE-jsL7sc6Zxw.jpg"></icon><desc>Pencil us in because we've organised the greatest hits of the '80s for you...you're welcome!</desc><category></category></programme><programme channel="pbdVif7JUO7YVFvU-YzEIgFIwKNSHb5lMctKzNLy" start="20221128110000 +0000" stop="20221128150000 +0000" catchup-id="JIo2iAjRMmN9OQ6MwoZUyOqqpPnTInWv7sf28OSD"><title>I Want My MTV 80s!</title><date></date><icon src="https://m7be2.solocoo.tv/m7be2iphone/mmchan/mpimages/260x145/uyK9V0TDoX--Sfskr-l-Rw.jpg"></icon><desc>It's non-stop nostalgia right here at MTV 80s - and that's what we want, right now!</desc><category></category></programme><programme channel="pbdVif7JUO7YVFvU-YzEIgFIwKNSHb5lMctKzNLy" start="20221128150000 +0000" stop="20221128170000 +0000" catchup-id="YmbYBKQAO5UbHtQRARW9c79pgfuufU8HFIbWu4bH"><title>Forever 80s!</title><date></date><icon src="https://m7be2.solocoo.tv/m7be2iphone/mmchan/mpimages/260x145/tJecYEsfyWtoMVZtv3faTw.jpg"></icon><desc>Check out all of the best hits from one of the biggest decades in music!</desc><category></category></programme><programme channel="pbdVif7JUO7YVFvU-YzEIgFIwKNSHb5lMctKzNLy" start="20221128170000 +0000" stop="20221128190000 +0000" catchup-id="QHnHyt8rbsU9O9N_ZkMbjwwnlxqXvn8q_Pqm9pID"><title>Who's That 80s Girl?</title><date></date><icon src="https://m7be2.solocoo.tv/m7be2iphone/mmchan/mpimages/260x145/sYS5bW1DC8puaN8BfMrc4A.jpg"></icon><desc>Check out all of the greatest hits from our favourite girls of the 80s!</desc><category></category></programme><programme channel="pbdVif7JUO7YVFvU-YzEIgFIwKNSHb5lMctKzNLy" start="20221128190000 +0000" stop="20221128200000 +0000" catchup-id="KrAEOWp_MZXPp8rpE2ykKSiEM5LC8K0PPQX1rk5L"><title>Greatest 80s Rock: Play It Loud!</title><date></date><icon src="https://m7be2.solocoo.tv/m7be2iphone/mmchan/mpimages/260x145/Wh04FwBscjZ4ptryVyt7xw.jpg"></icon><desc>Hard! Alternative! Heavy! Post-punk! Metal! Indie! Goth! Call it what you want, but turn up the volume as we delve into the decade's best rock tracks in all their incarnations, right here on MTV80s!</desc><category></category></programme><programme channel="pbdVif7JUO7YVFvU-YzEIgFIwKNSHb5lMctKzNLy" start="20221128200000 +0000" stop="20221129010000 +0000" catchup-id="mfh-QYy_KpFjWzShkutWJGCGqoNeYAWQXJil6N_W"><title>... So 80s!</title><date></date><icon src="https://m7be2.solocoo.tv/m7be2iphone/mmchan/mpimages/260x145/qN7K9sviOrcV2l2iz95Uvg.jpg"></icon><desc>Get ready because we're bringing you nothing but classic hits and iconic anthems from the 80s!</desc><category></category></programme><programme channel="pbdVif7JUO7YVFvU-YzEIgFIwKNSHb5lMctKzNLy" start="20221129010000 +0000" stop="20221129030000 +0000" catchup-id="3ynxb5jD6kBzuUSTEfmb7NLTf8_iCrZCf5NiXy2H"><title>... So 80s!</title><date></date><icon src="https://m7be2.solocoo.tv/m7be2iphone/mmchan/mpimages/260x145/qN7K9sviOrcV2l2iz95Uvg.jpg"></icon><desc>Get ready because we're bringing you nothing but classic hits and iconic anthems from the 80s!</desc><category></category></programme><programme channel="pbdVif7JUO7YVFvU-YzEIgFIwKNSHb5lMctKzNLy" start="20221129030000 +0000" stop="20221129070000 +0000" catchup-id="sCte4znfJD7GNNlbrSJ8nYoXprxNzTwN1f7ITnQf"><title>Non-Stop 80s Hits!</title><date></date><icon src="https://m7be2.solocoo.tv/m7be2iphone/mmchan/mpimages/260x145/kwAGA0oAVhOr4ig-L0fR8Q.jpg"></icon><desc>We got hits... We got hits from the 80s. And guess what? They don't stop! You're welcome!</desc><category></category></programme><programme channel="pbdVif7JUO7YVFvU-YzEIgFIwKNSHb5lMctKzNLy" start="20221129070000 +0000" stop="20221129110000 +0000" catchup-id="02D2bzQbavCYZf2z5CRSl2RyniRT2T-o7VBaqqVC"><title>Gold! Greatest Hits Of the 80s</title><date></date><icon src="https://m7be2.solocoo.tv/m7be2iphone/mmchan/mpimages/260x145/Ko-NgbBKooE-jsL7sc6Zxw.jpg"></icon><desc>Pencil us in because we've organised the greatest hits of the '80s for you...you're welcome!</desc><category></category></programme><programme channel="pbdVif7JUO7YVFvU-YzEIgFIwKNSHb5lMctKzNLy" start="20221129110000 +0000" stop="20221129150000 +0000" catchup-id="4yBHYZjXFI-yXZaee9qheCEQR7EHIIX3QAYyJWV5"><title>I Want My MTV 80s!</title><date></date><icon src="https://m7be2.solocoo.tv/m7be2iphone/mmchan/mpimages/260x145/uyK9V0TDoX--Sfskr-l-Rw.jpg"></icon><desc>It's non-stop nostalgia right here at MTV 80s - and that's what we want, right now!</desc><category></category></programme><programme channel="pbdVif7JUO7YVFvU-YzEIgFIwKNSHb5lMctKzNLy" start="20221129150000 +0000" stop="20221129170000 +0000" catchup-id="y2ileeAxPo95TER2JdH2IX35fxT0jbe6T7cwfNSq"><title>Forever 80s!</title><date></date><icon src="https://m7be2.solocoo.tv/m7be2iphone/mmchan/mpimages/260x145/tJecYEsfyWtoMVZtv3faTw.jpg"></icon><desc>Check out all of the best hits from one of the biggest decades in music!</desc><category></category></programme><programme channel="pbdVif7JUO7YVFvU-YzEIgFIwKNSHb5lMctKzNLy" start="20221129170000 +0000" stop="20221129190000 +0000" catchup-id="gX7nmk3lS1Q13d99D0Ekd1dihRMF5V-v0mRmvzHL"><title>Electric 80s!</title><date></date><icon src="https://m7be2.solocoo.tv/m7be2iphone/mmchan/mpimages/260x145/PVNW6g9f6ZLVXSwdidGwmA.jpg"></icon><desc>Tune in as we play all of the biggest electronic and synth pop hits from the 80s!</desc><category></category></programme><programme channel="pbdVif7JUO7YVFvU-YzEIgFIwKNSHb5lMctKzNLy" start="20221129190000 +0000" stop="20221129200000 +0000" catchup-id="iIJIe-sao2e1gDbL1QGkXPbZL7r28x4mnqwRU_nh"><title>Greatest 80s Rock: Play It Loud!</title><date></date><icon src="https://m7be2.solocoo.tv/m7be2iphone/mmchan/mpimages/260x145/Wh04FwBscjZ4ptryVyt7xw.jpg"></icon><desc>Hard! Alternative! Heavy! Post-punk! Metal! Indie! Goth! Call it what you want, but turn up the volume as we delve into the decade's best rock tracks in all their incarnations, right here on MTV80s!</desc><category></category></programme><programme channel="pbdVif7JUO7YVFvU-YzEIgFIwKNSHb5lMctKzNLy" start="20221129200000 +0000" stop="20221130010000 +0000" catchup-id="GWd8AWTLq8gDnQA5sGmegcurUPdBw4e0jLXTx9Qh"><title>... So 80s!</title><date></date><icon src="https://m7be2.solocoo.tv/m7be2iphone/mmchan/mpimages/260x145/qN7K9sviOrcV2l2iz95Uvg.jpg"></icon><desc>Get ready because we're bringing you nothing but classic hits and iconic anthems from the 80s!</desc><category></category></programme><programme channel="pbdVif7JUO7YVFvU-YzEIgFIwKNSHb5lMctKzNLy" start="20221130010000 +0000" stop="20221130030000 +0000" catchup-id="LG1skJcj8lHkh5k2tyirUIqt4M4K648PoNqI62JV"><title>... So 80s!</title><date></date><icon src="https://m7be2.solocoo.tv/m7be2iphone/mmchan/mpimages/260x145/qN7K9sviOrcV2l2iz95Uvg.jpg"></icon><desc>Get ready because we're bringing you nothing but classic hits and iconic anthems from the 80s!</desc><category></category></programme><programme channel="pbdVif7JUO7YVFvU-YzEIgFIwKNSHb5lMctKzNLy" start="20221130030000 +0000" stop="20221130070000 +0000" catchup-id="vhkG7EwyanbN13TTVi_olFHIkednkM-IkrADOfGs"><title>Non-Stop 80s Hits!</title><date></date><icon src="https://m7be2.solocoo.tv/m7be2iphone/mmchan/mpimages/260x145/kwAGA0oAVhOr4ig-L0fR8Q.jpg"></icon><desc>We got hits... We got hits from the 80s. And guess what? They don't stop! You're welcome!</desc><category></category></programme><programme channel="pbdVif7JUO7YVFvU-YzEIgFIwKNSHb5lMctKzNLy" start="20221130070000 +0000" stop="20221130110000 +0000" catchup-id="h8n8R0ybXtGbKol7YpdHS1xGdh0JOS9v_dSuL9B2"><title>Gold! Greatest Hits Of the 80s</title><date></date><icon src="https://m7be2.solocoo.tv/m7be2iphone/mmchan/mpimages/260x145/Ko-NgbBKooE-jsL7sc6Zxw.jpg"></icon><desc>Pencil us in because we've organised the greatest hits of the '80s for you...you're welcome!</desc><category></category></programme><programme channel="pbdVif7JUO7YVFvU-YzEIgFIwKNSHb5lMctKzNLy" start="20221130110000 +0000" stop="20221130150000 +0000" catchup-id="_crNUFZkXcbPO4p3avNYLy1C73oyfG1m1JtVn07-"><title>Top Hits Of 1987!</title><date></date><icon src="https://m7be2.solocoo.tv/m7be2iphone/mmchan/mpimages/260x145/jWX4ZFCBsVWlghjrXmea5g.jpg"></icon><desc>We're counting down 50 of the biggest hits from another great year of the 80s! These are the top hits of 1987!</desc><category></category></programme><programme channel="pbdVif7JUO7YVFvU-YzEIgFIwKNSHb5lMctKzNLy" start="20221130150000 +0000" stop="20221130170000 +0000" catchup-id="FXIy7-GF3po3Lw27N7snziY3O9Qt3wBCeuPnUYDI"><title>Forever 80s!</title><date></date><icon src="https://m7be2.solocoo.tv/m7be2iphone/mmchan/mpimages/260x145/tJecYEsfyWtoMVZtv3faTw.jpg"></icon><desc>Check out all of the best hits from one of the biggest decades in music!</desc><category></category></programme><programme channel="pbdVif7JUO7YVFvU-YzEIgFIwKNSHb5lMctKzNLy" start="20221130170000 +0000" stop="20221130190000 +0000" catchup-id="NFAd2CShr07kmg0QQNGm3DcUN-_SXVdqh6s4Tiyw"><title>The Power Of Love!</title><date></date><icon src="https://m7be2.solocoo.tv/m7be2iphone/mmchan/mpimages/260x145/TN5EgSB24RHQDxJKVtevig.jpg"></icon><desc>The power of love is strong here at MTV which is why we've put all of the best 80s love songs together in one playlist!</desc><category></category></programme><programme channel="pbdVif7JUO7YVFvU-YzEIgFIwKNSHb5lMctKzNLy" start="20221130190000 +0000" stop="20221130200000 +0000" catchup-id="RmHNE0EqFt8_ub4QPMa6kb8eukl134tZ3f0xnrVv"><title>Greatest 80s Rock: Play It Loud!</title><date></date><icon src="https://m7be2.solocoo.tv/m7be2iphone/mmchan/mpimages/260x145/Wh04FwBscjZ4ptryVyt7xw.jpg"></icon><desc>Hard! Alternative! Heavy! Post-punk! Metal! Indie! Goth! Call it what you want, but turn up the volume as we delve into the decade's best rock tracks in all their incarnations, right here on MTV80s!</desc><category></category></programme><programme channel="pbdVif7JUO7YVFvU-YzEIgFIwKNSHb5lMctKzNLy" start="20221130200000 +0000" stop="20221201010000 +0000" catchup-id="McCtIKxKxlMJdTiTFAQeA-nOFwrFeqguwbxZZtIz"><title>... So 80s!</title><date></date><icon src="https://m7be2.solocoo.tv/m7be2iphone/mmchan/mpimages/260x145/qN7K9sviOrcV2l2iz95Uvg.jpg"></icon><desc>Get ready because we're bringing you nothing but classic hits and iconic anthems from the 80s!</desc><category></category></programme><programme channel="pbdVif7JUO7YVFvU-YzEIgFIwKNSHb5lMctKzNLy" start="20221201010000 +0000" stop="20221201030000 +0000" catchup-id="9Hbnt_p55AfAaeAUtUR-myPlnLpimfq_tZZPfzH2"><title>... So 80s!</title><date></date><icon src="https://m7be2.solocoo.tv/m7be2iphone/mmchan/mpimages/260x145/qN7K9sviOrcV2l2iz95Uvg.jpg"></icon><desc>Get ready because we're bringing you nothing but classic hits and iconic anthems from the 80s!</desc><category></category></programme><programme channel="pbdVif7JUO7YVFvU-YzEIgFIwKNSHb5lMctKzNLy" start="20221201030000 +0000" stop="20221201070000 +0000" catchup-id="P9q5T5dwujl9RWCKmeYTAT5cV19-gTjLCcoiqYOr"><title>Non-Stop 80s Hits!</title><date></date><icon src="https://m7be2.solocoo.tv/m7be2iphone/mmchan/mpimages/260x145/kwAGA0oAVhOr4ig-L0fR8Q.jpg"></icon><desc>We got hits... We got hits from the 80s. And guess what? They don't stop! You're welcome!</desc><category></category></programme><programme channel="pbdVif7JUO7YVFvU-YzEIgFIwKNSHb5lMctKzNLy" start="20221201070000 +0000" stop="20221201110000 +0000" catchup-id="ed4XtLMHG5Ktq7YIjtUb05ZKzlrWc-clPbgMS0PK"><title>Gold! Greatest Hits Of the 80s</title><date></date><icon src="https://m7be2.solocoo.tv/m7be2iphone/mmchan/mpimages/260x145/Ko-NgbBKooE-jsL7sc6Zxw.jpg"></icon><desc>Pencil us in because we've organised the greatest hits of the '80s for you...you're welcome!</desc><category></category></programme><programme channel="pbdVif7JUO7YVFvU-YzEIgFIwKNSHb5lMctKzNLy" start="20221201110000 +0000" stop="20221201150000 +0000" catchup-id="5b3SidGfvQ58o02XylY5n0_Pd_h676VglYt5lX78"><title>I Want My MTV 80s!</title><date></date><icon src="https://m7be2.solocoo.tv/m7be2iphone/mmchan/mpimages/260x145/uyK9V0TDoX--Sfskr-l-Rw.jpg"></icon><desc>It's non-stop nostalgia right here at MTV 80s - and that's what we want, right now!</desc><category></category></programme><programme channel="pbdVif7JUO7YVFvU-YzEIgFIwKNSHb5lMctKzNLy" start="20221201150000 +0000" stop="20221201170000 +0000" catchup-id="NWoooo_rcaqj7zwRXmGdIDwzu-jy-cG1ZH8-4Btp"><title>Forever 80s!</title><date></date><icon src="https://m7be2.solocoo.tv/m7be2iphone/mmchan/mpimages/260x145/tJecYEsfyWtoMVZtv3faTw.jpg"></icon><desc>Check out all of the best hits from one of the biggest decades in music!</desc><category></category></programme><programme channel="pbdVif7JUO7YVFvU-YzEIgFIwKNSHb5lMctKzNLy" start="20221201170000 +0000" stop="20221201190000 +0000" catchup-id="OwOJ2zIgEs26SrVsklP2xU7Y4LZW3UWc9_mNBRUY"><title>Wild Boys Of The 80s!</title><date></date><icon src="https://m7be2.solocoo.tv/m7be2iphone/mmchan/mpimages/260x145/2oNgCO6je1qtZO5AmlWvWg.jpg"></icon><desc>These boys were born to be wild in the 80s! Check out all of their huge hits and iconic anthems right here!</desc><category></category></programme><programme channel="pbdVif7JUO7YVFvU-YzEIgFIwKNSHb5lMctKzNLy" start="20221201190000 +0000" stop="20221201200000 +0000" catchup-id="MJXlYqQMveRYsLh0uwX2BBXYSVL33YobbY34YSsk"><title>Greatest 80s Rock: Play It Loud!</title><date></date><icon src="https://m7be2.solocoo.tv/m7be2iphone/mmchan/mpimages/260x145/Wh04FwBscjZ4ptryVyt7xw.jpg"></icon><desc>Hard! Alternative! Heavy! Post-punk! Metal! Indie! Goth! Call it what you want, but turn up the volume as we delve into the decade's best rock tracks in all their incarnations, right here on MTV80s!</desc><category></category></programme><programme channel="pbdVif7JUO7YVFvU-YzEIgFIwKNSHb5lMctKzNLy" start="20221201200000 +0000" stop="20221202010000 +0000" catchup-id="tJ1tAs8zpv126TzghpLsaKcqMl9gl0LOosw5sD3e"><title>... So 80s!</title><date></date><icon src="https://m7be2.solocoo.tv/m7be2iphone/mmchan/mpimages/260x145/qN7K9sviOrcV2l2iz95Uvg.jpg"></icon><desc>Get ready because we're bringing you nothing but classic hits and iconic anthems from the 80s!</desc><category></category></programme><programme channel="pbdVif7JUO7YVFvU-YzEIgFIwKNSHb5lMctKzNLy" start="20221202010000 +0000" stop="20221202030000 +0000" catchup-id="lhn7_iUW-uNeAZsc5IeraF2GM9A7VGwY_PvtSauv"><title>... So 80s!</title><date></date><icon src="https://m7be2.solocoo.tv/m7be2iphone/mmchan/mpimages/260x145/qN7K9sviOrcV2l2iz95Uvg.jpg"></icon><desc>Get ready because we're bringing you nothing but classic hits and iconic anthems from the 80s!</desc><category></category></programme><programme channel="pbdVif7JUO7YVFvU-YzEIgFIwKNSHb5lMctKzNLy" start="20221202030000 +0000" stop="20221202070000 +0000" catchup-id="LWdGWVUSAx4mXx0Voc1EdDKcojIddl1FJtRf_v8z"><title>Non-Stop 80s Hits!</title><date></date><icon src="https://m7be2.solocoo.tv/m7be2iphone/mmchan/mpimages/260x145/kwAGA0oAVhOr4ig-L0fR8Q.jpg"></icon><desc>We got hits... We got hits from the 80s. And guess what? They don't stop! You're welcome!</desc><category></category></programme><programme channel="pbdVif7JUO7YVFvU-YzEIgFIwKNSHb5lMctKzNLy" start="20221202070000 +0000" stop="20221202110000 +0000" catchup-id="Xt4lKqfPESTAtHNlQMoDunWanFaf2IBCZ3Ua80Ie"><title>Gold! Greatest Hits Of the 80s</title><date></date><icon src="https://m7be2.solocoo.tv/m7be2iphone/mmchan/mpimages/260x145/Ko-NgbBKooE-jsL7sc6Zxw.jpg"></icon><desc>Pencil us in because we've organised the greatest hits of the '80s for you...you're welcome!</desc><category></category></programme><programme channel="pbdVif7JUO7YVFvU-YzEIgFIwKNSHb5lMctKzNLy" start="20221202110000 +0000" stop="20221202150000 +0000" catchup-id="dcigtcx1OHyVdp7pS6ByBlqm91pBIUoqpe-M1i1U"><title>I Want My MTV 80s!</title><date></date><icon src="https://m7be2.solocoo.tv/m7be2iphone/mmchan/mpimages/260x145/uyK9V0TDoX--Sfskr-l-Rw.jpg"></icon><desc>It's non-stop nostalgia right here at MTV 80s - and that's what we want, right now!</desc><category></category></programme><programme channel="pbdVif7JUO7YVFvU-YzEIgFIwKNSHb5lMctKzNLy" start="20221202150000 +0000" stop="20221202200000 +0000" catchup-id="Op0Pfw7sbgNGZxIdB2JVellyytxalH37Qlx6l_NN"><title>Pump Up the 80s Party!</title><date></date><icon src="https://m7be2.solocoo.tv/m7be2iphone/mmchan/mpimages/260x145/srkX5s8vk71LdK8ALCdaPA.jpg"></icon><desc>We've chosen all of the best 80s hits to go into one epic 80s party playlist. So pump up the volume and get ready to dance with some classic 80s tunes!</desc><category></category></programme><programme channel="pbdVif7JUO7YVFvU-YzEIgFIwKNSHb5lMctKzNLy" start="20221202200000 +0000" stop="20221202210000 +0000" catchup-id="TbNAz1uHCRXU7grgmmiViZT_XNbUmnZZfW6uMXHa"><title>Pump Up the 80s Party!</title><date></date><icon src="https://m7be2.solocoo.tv/m7be2iphone/mmchan/mpimages/260x145/srkX5s8vk71LdK8ALCdaPA.jpg"></icon><desc>We've chosen all of the best 80s hits to go into one epic 80s party playlist. So pump up the volume and get ready to dance with some classic 80s tunes!</desc><category></category></programme><programme channel="pbdVif7JUO7YVFvU-YzEIgFIwKNSHb5lMctKzNLy" start="20221202210000 +0000" stop="20221203020000 +0000" catchup-id="yNvzMnYHqKjiLNpaxjC9ddH5BP0EnmQ_rMQ1oDgh"><title>... So 80s!</title><date></date><icon src="https://m7be2.solocoo.tv/m7be2iphone/mmchan/mpimages/260x145/qN7K9sviOrcV2l2iz95Uvg.jpg"></icon><desc>Get ready because we're bringing you nothing but classic hits and iconic anthems from the 80s!</desc><category></category></programme><programme channel="pbdVif7JUO7YVFvU-YzEIgFIwKNSHb5lMctKzNLy" start="20221203020000 +0000" stop="20221203030000 +0000" catchup-id="TphzU4hv-Z_JjY0tZKHkuc1-9_jnJdL6le4kHcCC"><title>... So 80s!</title><date></date><icon src="https://m7be2.solocoo.tv/m7be2iphone/mmchan/mpimages/260x145/qN7K9sviOrcV2l2iz95Uvg.jpg"></icon><desc>Get ready because we're bringing you nothing but classic hits and iconic anthems from the 80s!</desc><category></category></programme><programme channel="pbdVif7JUO7YVFvU-YzEIgFIwKNSHb5lMctKzNLy" start="20221203030000 +0000" stop="20221203070000 +0000" catchup-id="LF2-y7IDGLv-UiYMYaCoPF673YVeDHyPFm1daavk"><title>Non-Stop 80s Hits!</title><date></date><icon src="https://m7be2.solocoo.tv/m7be2iphone/mmchan/mpimages/260x145/kwAGA0oAVhOr4ig-L0fR8Q.jpg"></icon><desc>We got hits... We got hits from the 80s. And guess what? They don't stop! You're welcome!</desc><category></category></programme><programme channel="pbdVif7JUO7YVFvU-YzEIgFIwKNSHb5lMctKzNLy" start="20221203070000 +0000" stop="20221203110000 +0000" catchup-id="cH-Uar5Ohc1Lt9gPFjo4TzKpGZYzGRznUivYY0zS"><title>Gold! Greatest Hits Of the 80s</title><date></date><icon src="https://m7be2.solocoo.tv/m7be2iphone/mmchan/mpimages/260x145/Ko-NgbBKooE-jsL7sc6Zxw.jpg"></icon><desc>Pencil us in because we've organised the greatest hits of the '80s for you...you're welcome!</desc><category></category></programme><programme channel="pbdVif7JUO7YVFvU-YzEIgFIwKNSHb5lMctKzNLy" start="20221203110000 +0000" stop="20221203150000 +0000" catchup-id="jB7PH-2TKxCbqukNhtlu6mTgi5cm2TTJqNswJKRE"><title>I Want My MTV 80s!</title><date></date><icon src="https://m7be2.solocoo.tv/m7be2iphone/mmchan/mpimages/260x145/uyK9V0TDoX--Sfskr-l-Rw.jpg"></icon><desc>It's non-stop nostalgia right here at MTV 80s - and that's what we want, right now!</desc><category></category></programme><programme channel="pbdVif7JUO7YVFvU-YzEIgFIwKNSHb5lMctKzNLy" start="20221203150000 +0000" stop="20221203170000 +0000" catchup-id="CmFXrdv8iMcPDuRuauFDT4lq6Ex5kTuVrsx1b0pp"><title>Forever 80s!</title><date></date><icon src="https://m7be2.solocoo.tv/m7be2iphone/mmchan/mpimages/260x145/tJecYEsfyWtoMVZtv3faTw.jpg"></icon><desc>Check out all of the best hits from one of the biggest decades in music!</desc><category></category></programme><programme channel="pbdVif7JUO7YVFvU-YzEIgFIwKNSHb5lMctKzNLy" start="20221203170000 +0000" stop="20221203210000 +0000" catchup-id="PM6MIO2_p7KHCN19dfRMsPp7YLL5eaE1AG6QjSGr"><title>Top 50 Feelgood 80s Anthems!</title><date></date><icon src="https://m7be2.solocoo.tv/m7be2iphone/mmchan/mpimages/260x145/SjeqQ4KA-_BZqlkLTNkwnw.jpg"></icon><desc>We're sending out a feel good hug of 80s music, join us as we countdown the greatest 80s Feel Good Anthems!</desc><category></category></programme><programme channel="pbdVif7JUO7YVFvU-YzEIgFIwKNSHb5lMctKzNLy" start="20221203210000 +0000" stop="20221204020000 +0000" catchup-id="HrRkE2hPJviwjKtH_pr06rRsddn0tJl0Sh-4ypps"><title>... So 80s!</title><date></date><icon src="https://m7be2.solocoo.tv/m7be2iphone/mmchan/mpimages/260x145/qN7K9sviOrcV2l2iz95Uvg.jpg"></icon><desc>Get ready because we're bringing you nothing but classic hits and iconic anthems from the 80s!</desc><category></category></programme>