<programme channel="ps7Lvqxl4O_1RkifJVXq6A-jY7jvedsqUPmHEiwS" start="20221119233100 +0000" stop="20221120000700 +0000" catchup-id="UkQoXZzRgSdfRFwWZlQkmhC-xAlWbj87Sgzafy8L"><title>Allo Allo : A Winkle in Time</title><date></date><icon src="https://m7be2.solocoo.tv/m7be2iphone/mmchan/mpimages/208x308/HbYli5Rr12qbsE0UEuv_uQ.jpg"></icon><desc></desc><category></category></programme><programme channel="ps7Lvqxl4O_1RkifJVXq6A-jY7jvedsqUPmHEiwS" start="20221120000700 +0000" stop="20221120020500 +0000" catchup-id="wJGPqvTA5afSvyFxkaJsxwRalBRpk3ImypFV8CuZ"><title>Labor Day</title><date></date><icon src="https://m7be2.solocoo.tv/m7be2iphone/mmchan/mpimages/208x308/5LIr6eFju8dm2YOu7JDxAw.jpg"></icon><desc>De depressieve Adele en haar 13-jarige zoontje worden aangesproken door een gewonde man, Frank. Hij blijkt een ontsnapte gevangene te zijn en dwingt Adele om hem mee naar huis te nemen en te verzorgen. Frank en Adele raken in gesprek en vertellen elkaar hun levensverhaal. In het weekend dat ze samen zijn, lijkt er iets moois op te bloeien. Maar de politie is nog steeds op zoek naar Frank, dus wat voor toekomst hebben ze?</desc><category></category></programme><programme channel="ps7Lvqxl4O_1RkifJVXq6A-jY7jvedsqUPmHEiwS" start="20221120020500 +0000" stop="20221120053500 +0000" catchup-id="3pC1j6FYRIX-rJzd23V7rZy6CxkyjcjIp5KLjztU"><title>Teleshop 8: Mediashop : Homeshopping</title><date></date><icon src="https://m7be2.solocoo.tv/m7be2iphone/mmchan/mpimages/208x308/l3fymPeHIRGOQMfW1R45hQ.jpg"></icon><desc>Homeshopping</desc><category></category></programme><programme channel="ps7Lvqxl4O_1RkifJVXq6A-jY7jvedsqUPmHEiwS" start="20221120053500 +0000" stop="20221120160500 +0000" catchup-id="ODN_N-9XKR9RYtk-wMTdOu91yGskrSKw78Yzm1Dq"><title>Teleshop 8: Mediashop : Homeshopping</title><date></date><icon src="https://m7be2.solocoo.tv/m7be2iphone/mmchan/mpimages/208x308/l3fymPeHIRGOQMfW1R45hQ.jpg"></icon><desc>Homeshopping</desc><category></category></programme><programme channel="ps7Lvqxl4O_1RkifJVXq6A-jY7jvedsqUPmHEiwS" start="20221120160500 +0000" stop="20221120170400 +0000" catchup-id="qO5NoAcppGhVXMvpOnWC-_5HPa1wHD57n7kD7SIe"><title>Murder, She Wrote : Murder on the Thirtieth Floor</title><date></date><icon src="https://m7be2.solocoo.tv/m7be2iphone/mmchan/mpimages/208x308/71xibAE8r_SUhfxyuZYm7w.jpg"></icon><desc>De uitgever van Jessica's laatste boek is van een hoog gebouw gesprongen. De politie denkt dat het om zelfmoord gaat, maar Jessica gelooft er niks van en gaat op zoek naar de waarheid.</desc><category></category></programme><programme channel="ps7Lvqxl4O_1RkifJVXq6A-jY7jvedsqUPmHEiwS" start="20221120170400 +0000" stop="20221120180200 +0000" catchup-id="gtSMClxUs2kpoAWodpP1t95vcu4ehW7CoAFPP9re"><title>Verkopen of Verbouwen Vancouver</title><date></date><icon src="https://m7be2.solocoo.tv/m7be2iphone/mmchan/mpimages/208x308/DjfWKcuxE7zAdB-yZjkMCw.jpg"></icon><desc></desc><category></category></programme><programme channel="ps7Lvqxl4O_1RkifJVXq6A-jY7jvedsqUPmHEiwS" start="20221120180200 +0000" stop="20221120190000 +0000" catchup-id="Y-4AJCkLoARdNKzx_yLdK8EZg8rWdXE0jzrXKQ1U"><title>Verkopen of Verbouwen Vancouver</title><date></date><icon src="https://m7be2.solocoo.tv/m7be2iphone/mmchan/mpimages/208x308/DjfWKcuxE7zAdB-yZjkMCw.jpg"></icon><desc></desc><category></category></programme><programme channel="ps7Lvqxl4O_1RkifJVXq6A-jY7jvedsqUPmHEiwS" start="20221120190000 +0000" stop="20221120195700 +0000" catchup-id="nDXKqc1QhMgxLM8KQRSeIKQj8HjYw1qCpAIOolkw"><title>CSI: Crime Scene Investigation : Code Blue Plate Special</title><date></date><icon src="https://m7be2.solocoo.tv/m7be2iphone/mmchan/mpimages/208x308/gPfuVxpB5bF1aNeROcCEzA.jpg"></icon><desc>De CSI-collega's arriveren goedgehumeurd bij hun favoriete restaurant om daar samen te gaan eten. In plaats van een rustige, gezellige avond met elkaar te hebben, moeten ze meteen weer aan het werk. In het restaurant heeft namelijk een gruwelijk tafereel plaatsgevonden met als resultaat acht doden. Sara richt zich gelijk op een verdachte, terwijl de rest van het team alle feiten probeert vast te leggen.</desc><category></category></programme><programme channel="ps7Lvqxl4O_1RkifJVXq6A-jY7jvedsqUPmHEiwS" start="20221120195700 +0000" stop="20221120205400 +0000" catchup-id="QOKPlA7J2rpHn0O12L2ohcU_q83xD-VVc0tPbBc7"><title>CSI: Crime Scene Investigation : Wild Flowers</title><date></date><icon src="https://m7be2.solocoo.tv/m7be2iphone/mmchan/mpimages/208x308/gPfuVxpB5bF1aNeROcCEzA.jpg"></icon><desc>Tijdens een groot dancefeest in de woestijn wordt een jonge vrouw doodgeschoten. Het CSI-team gaat op zoek naar aanwijzingen en naar haar vermiste vriendin.</desc><category></category></programme><programme channel="ps7Lvqxl4O_1RkifJVXq6A-jY7jvedsqUPmHEiwS" start="20221120205400 +0000" stop="20221120215100 +0000" catchup-id="cRS9ocU1i4knYtUxT06kTgFl3sMIH4qEN-9Au1m2"><title>CSI: Crime Scene Investigation : It Was a Very Good Year</title><date></date><icon src="https://m7be2.solocoo.tv/m7be2iphone/mmchan/mpimages/208x308/gPfuVxpB5bF1aNeROcCEzA.jpg"></icon><desc>Een beroemde muziekhistorica wordt dood in een piano gevonden. Greg Sanders is behoorlijk van slag, omdat de omgekomen vrouw een bekende van hem is.</desc><category></category></programme><programme channel="ps7Lvqxl4O_1RkifJVXq6A-jY7jvedsqUPmHEiwS" start="20221120215100 +0000" stop="20221120224800 +0000" catchup-id="m_Y-c1OLDuVQFn_8RHSghTCpGlWajLb3tNfm1pRn"><title>CSI: Crime Scene Investigation : Once Bitten</title><date></date><icon src="https://m7be2.solocoo.tv/m7be2iphone/mmchan/mpimages/208x308/gPfuVxpB5bF1aNeROcCEzA.jpg"></icon><desc>Het team onderzoekt een zaak waarbij een politiehond zijn baasje zou hebben doodgebeten. Na enig onderzoek wordt die theorie al snel weerlegd. Finlay en Morgan verdiepen zich in een zaak waarbij een bekende echtscheidingsadvocaat is vermoord. Hij had veel vijanden.</desc><category></category></programme><programme channel="ps7Lvqxl4O_1RkifJVXq6A-jY7jvedsqUPmHEiwS" start="20221120224800 +0000" stop="20221120234600 +0000" catchup-id="weaYZjigvfQqBYvzzLq8EGEarFlC3jAK-QNoWu4o"><title>CSI: Crime Scene Investigation : Pick and Roll</title><date></date><icon src="https://m7be2.solocoo.tv/m7be2iphone/mmchan/mpimages/208x308/gPfuVxpB5bF1aNeROcCEzA.jpg"></icon><desc>D.B. Russell raakt betrokken bij het onderzoek naar de dood van een basketbalcoach. Deze zaak raakt hem persoonlijk, want de man was de coach van zijn zoontje.</desc><category></category></programme><programme channel="ps7Lvqxl4O_1RkifJVXq6A-jY7jvedsqUPmHEiwS" start="20221120234600 +0000" stop="20221121010100 +0000" catchup-id="EG8jBss0LX6SMziR7iD-LQXAEp12PZQLmRVzOVDH"><title>Teleshop 8: Mediashop : Homeshopping</title><date></date><icon src="https://m7be2.solocoo.tv/m7be2iphone/mmchan/mpimages/208x308/l3fymPeHIRGOQMfW1R45hQ.jpg"></icon><desc>Homeshopping</desc><category></category></programme><programme channel="ps7Lvqxl4O_1RkifJVXq6A-jY7jvedsqUPmHEiwS" start="20221121010100 +0000" stop="20221121013100 +0000" catchup-id="0An-4UQ82TnWg9ieSft3DJ3mfI5P0lxkPhbdy_Qu"><title>Teleshop 8: Mediashop : Homeshopping</title><date></date><icon src="https://m7be2.solocoo.tv/m7be2iphone/mmchan/mpimages/208x308/l3fymPeHIRGOQMfW1R45hQ.jpg"></icon><desc>Homeshopping</desc><category></category></programme><programme channel="ps7Lvqxl4O_1RkifJVXq6A-jY7jvedsqUPmHEiwS" start="20221121013100 +0000" stop="20221121053600 +0000" catchup-id="MoclPrTA8UUcx3_k6T_y2u3HIwBssxw_QEAYiPj9"><title>Homeshopping : Mediashop - RTL 8 ZoomML_V01_05</title><date></date><icon src="https://m7be2.solocoo.tv/m7be2iphone/mmchan/mpimages/208x308/dmk7ysuOue4qkFxz6SOMGQ.jpg"></icon><desc></desc><category></category></programme><programme channel="ps7Lvqxl4O_1RkifJVXq6A-jY7jvedsqUPmHEiwS" start="20221121053600 +0000" stop="20221121160600 +0000" catchup-id="14PkM4lqynexlT7ubdmZQN9DbTtoZx1yBapvpfup"><title>Teleshop 8: Mediashop : Homeshopping</title><date></date><icon src="https://m7be2.solocoo.tv/m7be2iphone/mmchan/mpimages/208x308/l3fymPeHIRGOQMfW1R45hQ.jpg"></icon><desc>Homeshopping</desc><category></category></programme><programme channel="ps7Lvqxl4O_1RkifJVXq6A-jY7jvedsqUPmHEiwS" start="20221121160600 +0000" stop="20221121170400 +0000" catchup-id="sM9NNzYVtPyTJEJtbbR00hM2eZzJ2fT_mBapz7nI"><title>Murder, She Wrote : Time to Die</title><date></date><icon src="https://m7be2.solocoo.tv/m7be2iphone/mmchan/mpimages/208x308/71xibAE8r_SUhfxyuZYm7w.jpg"></icon><desc>Een veelbelovende leerling uit Jessica's schrijfklasje wordt verdacht van de moord op zijn stiefvader. Er zijn infraroodopnames gemaakt die zijn schuld lijken aan te tonen.</desc><category></category></programme><programme channel="ps7Lvqxl4O_1RkifJVXq6A-jY7jvedsqUPmHEiwS" start="20221121170400 +0000" stop="20221121173300 +0000" catchup-id="CN_UEn9hCijnkQS4H9bklQEqWVSRz11LeMTVMznD"><title>Mooi en Meedogenloos</title><date></date><icon src="https://m7be2.solocoo.tv/m7be2iphone/mmchan/mpimages/208x308/FpNtbiGHVG_liLQsvqqIyQ.jpg"></icon><desc></desc><category></category></programme><programme channel="ps7Lvqxl4O_1RkifJVXq6A-jY7jvedsqUPmHEiwS" start="20221121173300 +0000" stop="20221121182900 +0000" catchup-id="a7_TebmlTyy0kqu0UXVK-iY4Cdbc6bSngDsZ6XUV"><title>ER : Fear of flying</title><date></date><icon src="https://m7be2.solocoo.tv/m7be2iphone/mmchan/mpimages/208x308/9_r-zaQZLOu6WVKvj4RykQ.jpg"></icon><desc></desc><category></category></programme><programme channel="ps7Lvqxl4O_1RkifJVXq6A-jY7jvedsqUPmHEiwS" start="20221121182900 +0000" stop="20221121192700 +0000" catchup-id="X8MCIWcEz4jxCeG2O_NIqKZB6DzS0g2v8G5NLsgm"><title>ER : No brain, no gain</title><date></date><icon src="https://m7be2.solocoo.tv/m7be2iphone/mmchan/mpimages/208x308/YDf_sbvZ6uxplIOjbxgcbg.jpg"></icon><desc></desc><category></category></programme><programme channel="ps7Lvqxl4O_1RkifJVXq6A-jY7jvedsqUPmHEiwS" start="20221121192700 +0000" stop="20221121211400 +0000" catchup-id="0-OWPfPc3X8yC6aynUdBDIhAi0SD8qsr9pIbVFeX"><title>Welcome to Christmas</title><date></date><icon src="https://m7be2.solocoo.tv/m7be2iphone/mmchan/mpimages/208x308/1OG7WX8SXwXIBhIYEnTWAw.jpg"></icon><desc></desc><category></category></programme><programme channel="ps7Lvqxl4O_1RkifJVXq6A-jY7jvedsqUPmHEiwS" start="20221121211400 +0000" stop="20221121230600 +0000" catchup-id="LX9PmVVRT4eY4TzNLx7YKNiAPRBhrmaMtkzgOlFy"><title>One Snowy Christmas</title><date></date><icon src="https://m7be2.solocoo.tv/m7be2iphone/mmchan/mpimages/208x308/aegrfusSP9BUHzEhLWhEvg.jpg"></icon><desc>Advocate Kelly reist af naar Vermont om kerst te vieren met haar familie. Haar moeder runt een oud pension, dat nodig opgeknapt moet worden. Bij toeval maakt Kelly kennis met de knappe aannemer Forrest. Hij helpt met klussen en er ontstaat iets tussen Kelly en hem. Maar als er een bod wordt gedaan op het pension, verliest Kelly haar vertrouwen in hem.</desc><category></category></programme><programme channel="ps7Lvqxl4O_1RkifJVXq6A-jY7jvedsqUPmHEiwS" start="20221121230600 +0000" stop="20221122000600 +0000" catchup-id="sAhPga_GuxbDTd2Ftf0sujPKNEHqS9dmsUgUh-vV"><title>ER : Fear of flying</title><date></date><icon src="https://m7be2.solocoo.tv/m7be2iphone/mmchan/mpimages/208x308/9_r-zaQZLOu6WVKvj4RykQ.jpg"></icon><desc></desc><category></category></programme><programme channel="ps7Lvqxl4O_1RkifJVXq6A-jY7jvedsqUPmHEiwS" start="20221122000600 +0000" stop="20221122010600 +0000" catchup-id="oWj3vuqctqitkk2xYouZCivglfzHgYV5uUfuVYDM"><title>Teleshop 8: Mediashop : Homeshopping</title><date></date><icon src="https://m7be2.solocoo.tv/m7be2iphone/mmchan/mpimages/208x308/l3fymPeHIRGOQMfW1R45hQ.jpg"></icon><desc>Homeshopping</desc><category></category></programme><programme channel="ps7Lvqxl4O_1RkifJVXq6A-jY7jvedsqUPmHEiwS" start="20221122010600 +0000" stop="20221122053600 +0000" catchup-id="pd_tX1WXkPH6A7tb5DA1Jh1Iok3zbLhDV6FDLo1S"><title>Teleshop 8: Mediashop : Homeshopping</title><date></date><icon src="https://m7be2.solocoo.tv/m7be2iphone/mmchan/mpimages/208x308/l3fymPeHIRGOQMfW1R45hQ.jpg"></icon><desc>Homeshopping</desc><category></category></programme><programme channel="ps7Lvqxl4O_1RkifJVXq6A-jY7jvedsqUPmHEiwS" start="20221122053600 +0000" stop="20221122153600 +0000" catchup-id="1YV1q5VhpxbT7iq2XGv9q5XHG7kDBoCsdyRLLs8U"><title>Teleshop 8: Mediashop : Homeshopping</title><date></date><icon src="https://m7be2.solocoo.tv/m7be2iphone/mmchan/mpimages/208x308/l3fymPeHIRGOQMfW1R45hQ.jpg"></icon><desc>Homeshopping</desc><category></category></programme><programme channel="ps7Lvqxl4O_1RkifJVXq6A-jY7jvedsqUPmHEiwS" start="20221122153600 +0000" stop="20221122160500 +0000" catchup-id="KCu6jcXxxBzx2P1Qj3hMFf8Q-1wAJCBJp5Gh9cC-"><title>Goede tijden, slechte tijden</title><date></date><icon src="https://m7be2.solocoo.tv/m7be2iphone/mmchan/mpimages/208x308/gmbiqlD9VcA_htVM8z6klg.jpg"></icon><desc>Linda maakt haar onzekerheid bespreekbaar met Luuk. Nola heeft het naar haar zin op het slaapfeestje van Chanel. Ze geniet van haar nieuwe vriendinnen en vergeet daardoor even de bemoeienissen van haar ouders.</desc><category></category></programme><programme channel="ps7Lvqxl4O_1RkifJVXq6A-jY7jvedsqUPmHEiwS" start="20221122160500 +0000" stop="20221122170400 +0000" catchup-id="hAl3wbsfVAL2nd066alUco-0GMrtj-7gi8JHDDPZ"><title>Murder, She Wrote : The Dying Game</title><date></date><icon src="https://m7be2.solocoo.tv/m7be2iphone/mmchan/mpimages/208x308/71xibAE8r_SUhfxyuZYm7w.jpg"></icon><desc>Jessica is in New York. Haar vriend Floyd Larkin heeft het druk met een moord die is gepleegd in zijn warenhuis. Hij vertelt Jessica dat hij van plan is zijn winkel te verkopen aan een concurrerende keten. Als de eigenaar van die keten wordt vermoord, is er geen gebrek aan verdachten.</desc><category></category></programme><programme channel="ps7Lvqxl4O_1RkifJVXq6A-jY7jvedsqUPmHEiwS" start="20221122170400 +0000" stop="20221122173300 +0000" catchup-id="ptDrhd7tsS6vAZk_MMcTQy0nd3NWuqQmv3a4zgfi"><title>Mooi en Meedogenloos</title><date></date><icon src="https://m7be2.solocoo.tv/m7be2iphone/mmchan/mpimages/208x308/FpNtbiGHVG_liLQsvqqIyQ.jpg"></icon><desc></desc><category></category></programme><programme channel="ps7Lvqxl4O_1RkifJVXq6A-jY7jvedsqUPmHEiwS" start="20221122173300 +0000" stop="20221122183100 +0000" catchup-id="JARxECXmoWG7INXr6rDNZrW7akOEFhUmM_8ONetP"><title>ER : Union station</title><date></date><icon src="https://m7be2.solocoo.tv/m7be2iphone/mmchan/mpimages/208x308/IkGXZccBFmANGmAyaqI1nQ.jpg"></icon><desc></desc><category></category></programme><programme channel="ps7Lvqxl4O_1RkifJVXq6A-jY7jvedsqUPmHEiwS" start="20221122183100 +0000" stop="20221122192900 +0000" catchup-id="j7fNo4ClSuB1h0uu3xFb-3hUAxYdvOnk9wICzOVi"><title>ER : Ask me no questions, I'll tell you no lies</title><date></date><icon src="https://m7be2.solocoo.tv/m7be2iphone/mmchan/mpimages/208x308/FyXbab2chwFWNZ03axHVOQ.jpg"></icon><desc></desc><category></category></programme><programme channel="ps7Lvqxl4O_1RkifJVXq6A-jY7jvedsqUPmHEiwS" start="20221122192900 +0000" stop="20221122212400 +0000" catchup-id="9mZEsWH4RI8X64kFd9E18Qm001BogW0H9JCA6fQ2"><title>Christmas on My Mind</title><date></date><icon src="https://m7be2.solocoo.tv/m7be2iphone/mmchan/mpimages/208x308/z3nPUgzYlLmC3OoMoUFb2g.jpg"></icon><desc>De afgelopen twee jaar is Lucy's leven compleet veranderd. Na het overlijden van haar tante werd ze aangesteld als directeur van het kunstfonds en Lucy verloofde zich ook nog eens met haar CFO, Brad. Dan slaat het noodlot toe: aan de vooravond van hun huwelijk glijdt ze uit op straat en als ze weer wakker wordt in het ziekenhuis kan ze zich nog maar weinig herinneren. Ze wil zo snel mogelijk Zach laten weten dat het goed met haar gaat, maar wie is Zach?</desc><category></category></programme><programme channel="ps7Lvqxl4O_1RkifJVXq6A-jY7jvedsqUPmHEiwS" start="20221122212400 +0000" stop="20221122231000 +0000" catchup-id="9zs313PikjOyDB4WfkpY2l1cOzuBwE0RfCwDqx6G"><title>A Christmas to Savour</title><date></date><icon src="https://m7be2.solocoo.tv/m7be2iphone/mmchan/mpimages/208x308/nv8kGApdn_QT1AU1dwQMog.jpg"></icon><desc>Chef-kok Scarlett runt met haar beste vriendin een restaurant. Om inspiratie op te doen voor de feestdagen, wordt Scarlett naar een kookcursus gestuurd. Daar komt ze een oude rivaal tegen. Scarlett krijgt het ultieme kerstgevoel als er gevoelens tussen hen opbloeien.</desc><category></category></programme><programme channel="ps7Lvqxl4O_1RkifJVXq6A-jY7jvedsqUPmHEiwS" start="20221122231000 +0000" stop="20221123001000 +0000" catchup-id="yFIwtOhZHkixVv9LKCvOugbytgTKKq8QTxFV5c3f"><title>ER : Union station</title><date></date><icon src="https://m7be2.solocoo.tv/m7be2iphone/mmchan/mpimages/208x308/IkGXZccBFmANGmAyaqI1nQ.jpg"></icon><desc></desc><category></category></programme><programme channel="ps7Lvqxl4O_1RkifJVXq6A-jY7jvedsqUPmHEiwS" start="20221123001000 +0000" stop="20221123011000 +0000" catchup-id="5tPZtNt4yNgMnENq9LNo1Q3qqNJlUHRng8evUIOR"><title>Teleshop 8: Mediashop : Homeshopping</title><date></date><icon src="https://m7be2.solocoo.tv/m7be2iphone/mmchan/mpimages/208x308/l3fymPeHIRGOQMfW1R45hQ.jpg"></icon><desc>Homeshopping</desc><category></category></programme><programme channel="ps7Lvqxl4O_1RkifJVXq6A-jY7jvedsqUPmHEiwS" start="20221123011000 +0000" stop="20221123014500 +0000" catchup-id="PRkhHF1dG0yg8dpMWX1m4Sa2TXmAKVyRKqIhrKNt"><title>Teleshop 8: Mediashop : Homeshopping</title><date></date><icon src="https://m7be2.solocoo.tv/m7be2iphone/mmchan/mpimages/208x308/l3fymPeHIRGOQMfW1R45hQ.jpg"></icon><desc>Homeshopping</desc><category></category></programme><programme channel="ps7Lvqxl4O_1RkifJVXq6A-jY7jvedsqUPmHEiwS" start="20221123014500 +0000" stop="20221123053500 +0000" catchup-id="WKtYZqzgnHFfBABpXqQJKcWEt-2arGNfonhUc4tK"><title>Homeshopping : Mediashop - RTL 8 ZoomML_V01_05</title><date></date><icon src="https://m7be2.solocoo.tv/m7be2iphone/mmchan/mpimages/208x308/dmk7ysuOue4qkFxz6SOMGQ.jpg"></icon><desc></desc><category></category></programme><programme channel="ps7Lvqxl4O_1RkifJVXq6A-jY7jvedsqUPmHEiwS" start="20221123053500 +0000" stop="20221123153500 +0000" catchup-id="dh-hy-TvUgBfwV4gwFVO0Gy381SLICXwXXpgix5u"><title>Teleshop 8: Mediashop : Homeshopping</title><date></date><icon src="https://m7be2.solocoo.tv/m7be2iphone/mmchan/mpimages/208x308/l3fymPeHIRGOQMfW1R45hQ.jpg"></icon><desc>Homeshopping</desc><category></category></programme><programme channel="ps7Lvqxl4O_1RkifJVXq6A-jY7jvedsqUPmHEiwS" start="20221123153500 +0000" stop="20221123160400 +0000" catchup-id="N8LymgTpyHqslPHDMak1V5X0p5pKJATkDQmuXGaJ"><title>Goede tijden, slechte tijden</title><date></date><icon src="https://m7be2.solocoo.tv/m7be2iphone/mmchan/mpimages/208x308/gmbiqlD9VcA_htVM8z6klg.jpg"></icon><desc>Laura zoekt afleiding in haar werk en is verbaasd als ze hoort van de ruzie tussen Shanti en Saskia. Ze biedt haar hulp aan om de ruzie te sussen. Stefano blijft het Daan moeilijk maken in het Veilinghuis, maar werkt zichzelf hierdoor in de nesten.</desc><category></category></programme><programme channel="ps7Lvqxl4O_1RkifJVXq6A-jY7jvedsqUPmHEiwS" start="20221123160400 +0000" stop="20221123170300 +0000" catchup-id="tejK-lIqKWmtIcjsmFpE0cvZMNzoYNreiiMUsn7T"><title>Murder, She Wrote : The Trouble with Seth</title><date></date><icon src="https://m7be2.solocoo.tv/m7be2iphone/mmchan/mpimages/208x308/71xibAE8r_SUhfxyuZYm7w.jpg"></icon><desc>Dr. Seth Hazlett is spoorloos verdwenen. In zijn kantoor worden bloedvlekken aangetroffen. Jessica wil weten wat er is gebeurd en gaat naar hem op zoek.</desc><category></category></programme><programme channel="ps7Lvqxl4O_1RkifJVXq6A-jY7jvedsqUPmHEiwS" start="20221123170300 +0000" stop="20221123173200 +0000" catchup-id="0lJsyndThnuhHJXpRE7A9h2QTw1vhuTn12ayLVQr"><title>Mooi en Meedogenloos</title><date></date><icon src="https://m7be2.solocoo.tv/m7be2iphone/mmchan/mpimages/208x308/FpNtbiGHVG_liLQsvqqIyQ.jpg"></icon><desc></desc><category></category></programme><programme channel="ps7Lvqxl4O_1RkifJVXq6A-jY7jvedsqUPmHEiwS" start="20221123173200 +0000" stop="20221123183000 +0000" catchup-id="nYA9e-U7WuC4AJczAlDcdZrR3GH0qY6Ae2yxmuox"><title>ER : Homeless for the holidays</title><date></date><icon src="https://m7be2.solocoo.tv/m7be2iphone/mmchan/mpimages/208x308/io1OyioGmzTSalnTxrrkWA.jpg"></icon><desc></desc><category></category></programme><programme channel="ps7Lvqxl4O_1RkifJVXq6A-jY7jvedsqUPmHEiwS" start="20221123183000 +0000" stop="20221123192800 +0000" catchup-id="AMxWLJ_-VPhcAMSXMlloFmK0LmzM6F3I0yuGYyf8"><title>ER : Night Shift</title><date></date><icon src="https://m7be2.solocoo.tv/m7be2iphone/mmchan/mpimages/208x308/mLZ_2u3FMGlQd0DFimamRA.jpg"></icon><desc></desc><category></category></programme><programme channel="ps7Lvqxl4O_1RkifJVXq6A-jY7jvedsqUPmHEiwS" start="20221123192800 +0000" stop="20221123211300 +0000" catchup-id="01kEKr5kCpvnGiJCoEGLaRgPbt1HZHaLlDTnGNKq"><title>Countdown To Christmas: Deliver By Christmas</title><date></date><icon src="https://m7be2.solocoo.tv/m7be2iphone/mmchan/mpimages/208x308/HDaagDUI28T4ra51k2n7Fg.jpg"></icon><desc>Bakker Molly en weduwnaar Josh ontmoeten elkaar als ze allebei dezelfde kerstboom willen kopen. Er is duidelijk een wederzijdse aantrekkingskracht, maar desondanks vervolgen ze ieder hun eigen weg. Molly blijft aan Josh denken, maar ze is ook erg gecharmeerd van een mysterieuze klant met wie ze alleen via de e-mail en telefoon contact heeft gehad. Ze beseft niet dat Josh de mysterieuze klant is.</desc><category></category></programme><programme channel="ps7Lvqxl4O_1RkifJVXq6A-jY7jvedsqUPmHEiwS" start="20221123211300 +0000" stop="20221123230700 +0000" catchup-id="fTd4j0ZXPoolGi7PKDuQAR2DZfziTfjSeiKy-RRN"><title>Countdown To Christmas: A Cape Cod Christmas</title><date></date><icon src="https://m7be2.solocoo.tv/m7be2iphone/mmchan/mpimages/208x308/IBt8I-QL-npEjr8CKmbrXA.jpg"></icon><desc>Margot organiseert een kerstdiner met haar broers en zussen in hun familiehuis voordat dit verkocht wordt. Margot wil dit niet. Als ze jeugdliefde Chris tegen het lijf loopt, probeert hij de broers en zussen op andere gedachten te brengen.</desc><category></category></programme><programme channel="ps7Lvqxl4O_1RkifJVXq6A-jY7jvedsqUPmHEiwS" start="20221123230700 +0000" stop="20221124000700 +0000" catchup-id="n4pSe3lx5ePaoNlysGJOivi6i0UG0_uMIMAGWxi_"><title>ER : Homeless for the holidays</title><date></date><icon src="https://m7be2.solocoo.tv/m7be2iphone/mmchan/mpimages/208x308/io1OyioGmzTSalnTxrrkWA.jpg"></icon><desc></desc><category></category></programme><programme channel="ps7Lvqxl4O_1RkifJVXq6A-jY7jvedsqUPmHEiwS" start="20221124000700 +0000" stop="20221124010700 +0000" catchup-id="HWbhMKRJDkh5RR1O8hxpjcwfIBj8EjAxslMAln3C"><title>Teleshop 8: Mediashop : Homeshopping</title><date></date><icon src="https://m7be2.solocoo.tv/m7be2iphone/mmchan/mpimages/208x308/l3fymPeHIRGOQMfW1R45hQ.jpg"></icon><desc>Homeshopping</desc><category></category></programme><programme channel="ps7Lvqxl4O_1RkifJVXq6A-jY7jvedsqUPmHEiwS" start="20221124010700 +0000" stop="20221124053700 +0000" catchup-id="oL3_UUMxPQxhUw7Pa85LU6iZ8nfFCJSiHNS4-_Dw"><title>Teleshop 8: Mediashop : Homeshopping</title><date></date><icon src="https://m7be2.solocoo.tv/m7be2iphone/mmchan/mpimages/208x308/l3fymPeHIRGOQMfW1R45hQ.jpg"></icon><desc>Homeshopping</desc><category></category></programme><programme channel="ps7Lvqxl4O_1RkifJVXq6A-jY7jvedsqUPmHEiwS" start="20221124053700 +0000" stop="20221124153000 +0000" catchup-id="sBxIKGndV1-QINQJ8a9STCdV2ZxEdvsKBRek6DOK"><title>Teleshop 8: Mediashop : Homeshopping</title><date></date><icon src="https://m7be2.solocoo.tv/m7be2iphone/mmchan/mpimages/208x308/l3fymPeHIRGOQMfW1R45hQ.jpg"></icon><desc></desc><category></category></programme><programme channel="ps7Lvqxl4O_1RkifJVXq6A-jY7jvedsqUPmHEiwS" start="20221124153000 +0000" stop="20221124160000 +0000" catchup-id="Da4Iws1eFn5NpXYFI0d0XopNW36tyYmAr0MTTXi_"><title>Goede tijden, slechte tijden</title><date></date><icon src="https://m7be2.solocoo.tv/m7be2iphone/mmchan/mpimages/208x308/gmbiqlD9VcA_htVM8z6klg.jpg"></icon><desc>Cato is verrast als Daan haar bedankt voor haar hulp bij het zoeken naar een nieuwe liefde, maar raakt hierdoor in verwarring wat betreft haar eigen liefdesleven. Luuk biedt aan om even achter de bar van de Koning te helpen. Hoe gaat hij dat ervan afbrengen?</desc><category></category></programme><programme channel="ps7Lvqxl4O_1RkifJVXq6A-jY7jvedsqUPmHEiwS" start="20221124160000 +0000" stop="20221124170000 +0000" catchup-id="Q67LarM23iAK4_eumii-_Z5YqCOhMswivDbdOGhT"><title>Murder, She Wrote : Roadkill</title><date></date><icon src="https://m7be2.solocoo.tv/m7be2iphone/mmchan/mpimages/208x308/71xibAE8r_SUhfxyuZYm7w.jpg"></icon><desc>Jessica is op bezoek bij een vriend in Texas. Ze helpt de eigenaar van een klein transportbedrijf, wiens zoon wordt verdacht van de moord op de ex-man van zijn vriendin.</desc><category></category></programme><programme channel="ps7Lvqxl4O_1RkifJVXq6A-jY7jvedsqUPmHEiwS" start="20221124170000 +0000" stop="20221124172900 +0000" catchup-id="8Z5wBPkZrC6wppKC_xPIGz4fjUWCP-FzcpUrA3lV"><title>Mooi en Meedogenloos</title><date></date><icon src="https://m7be2.solocoo.tv/m7be2iphone/mmchan/mpimages/208x308/FpNtbiGHVG_liLQsvqqIyQ.jpg"></icon><desc></desc><category></category></programme><programme channel="ps7Lvqxl4O_1RkifJVXq6A-jY7jvedsqUPmHEiwS" start="20221124172900 +0000" stop="20221124182900 +0000" catchup-id="zwhJDOJTgZnMM2bqkdaLhnhO0XwMKVYm3TTg1K4H"><title>ER : Post-mortem</title><date></date><icon src="https://m7be2.solocoo.tv/m7be2iphone/mmchan/mpimages/208x308/r6gQM3E8UqEiIT5r81yDRg.jpg"></icon><desc></desc><category></category></programme><programme channel="ps7Lvqxl4O_1RkifJVXq6A-jY7jvedsqUPmHEiwS" start="20221124182900 +0000" stop="20221124192800 +0000" catchup-id="WaSe1ilETP5al8IYajraV_BJXsSPNc2-kdo_faZD"><title>ER : Fortune's Fools</title><date></date><icon src="https://m7be2.solocoo.tv/m7be2iphone/mmchan/mpimages/208x308/9DfUshlHIhJu7cbMxIRbmQ.jpg"></icon><desc></desc><category></category></programme><programme channel="ps7Lvqxl4O_1RkifJVXq6A-jY7jvedsqUPmHEiwS" start="20221124192800 +0000" stop="20221124211400 +0000" catchup-id="LdcQ5VGMBmtrTHzUUODJEA9qFInw-HaLENvFDf-t"><title>Countdown To Christmas: Cross Country Christmas</title><date></date><icon src="https://m7be2.solocoo.tv/m7be2iphone/mmchan/mpimages/208x308/vlvYXeYe9TPq5Gxy4_wGeQ.jpg"></icon><desc>Voormalige klasgenoten Lina en Max reizen tijdens de kerstvakantie naar huis in hetzelfde vliegtuig. Door een storm moet er een noodlanding gemaakt worden. Lina en Max zullen met tegenzin moeten samenwerken om op tijd thuis te komen voor Kerstmis. Ze gebruiken voor hun lange trip elk voertuig dat op hun pad komt. Alleen blijkt samenwerken niet zo makkelijk.</desc><category></category></programme><programme channel="ps7Lvqxl4O_1RkifJVXq6A-jY7jvedsqUPmHEiwS" start="20221124211400 +0000" stop="20221124230500 +0000" catchup-id="1Vmvvq4xH2WNh3ygwHx3FRDzwwBL-R6py2jIubS8"><title>Spotlight on Christmas</title><date></date><icon src="https://m7be2.solocoo.tv/m7be2iphone/mmchan/mpimages/208x308/vyK0fyLdTtLjMaAamng4JQ.jpg"></icon><desc>Hollywoodactrice Olivia wordt twee weken voor kerst gedumpt door haar vriend. Ze heeft geen zin in paparazzi en wijkt uit naar haar geboortedorp. Daar wordt ze geconfronteerd met haar familie, een nieuwe vlam en een journalist die haar gevolgd is. Olivia realiseert zich steeds meer dat ze verlangt naar een plek waar ze zichzelf kan zijn...</desc><category></category></programme><programme channel="ps7Lvqxl4O_1RkifJVXq6A-jY7jvedsqUPmHEiwS" start="20221124230500 +0000" stop="20221125000700 +0000" catchup-id="7r_87NfFFMHhAdwXTaS3a2w0zXxfiVIjXmk9Ptne"><title>ER : Post-mortem</title><date></date><icon src="https://m7be2.solocoo.tv/m7be2iphone/mmchan/mpimages/208x308/r6gQM3E8UqEiIT5r81yDRg.jpg"></icon><desc></desc><category></category></programme><programme channel="ps7Lvqxl4O_1RkifJVXq6A-jY7jvedsqUPmHEiwS" start="20221125000700 +0000" stop="20221125010700 +0000" catchup-id="h4p30ZKUCf_gGY1GFrY76Li0YS23cqbWPf5cet3Q"><title>Teleshop 8: Mediashop : Homeshopping</title><date></date><icon src="https://m7be2.solocoo.tv/m7be2iphone/mmchan/mpimages/208x308/l3fymPeHIRGOQMfW1R45hQ.jpg"></icon><desc>Homeshopping</desc><category></category></programme><programme channel="ps7Lvqxl4O_1RkifJVXq6A-jY7jvedsqUPmHEiwS" start="20221125010700 +0000" stop="20221125053700 +0000" catchup-id="caGtyXGThHaUbVl09zWP-9IfgWxR3S7lamfCOohL"><title>Teleshop 8: Mediashop : Homeshopping</title><date></date><icon src="https://m7be2.solocoo.tv/m7be2iphone/mmchan/mpimages/208x308/l3fymPeHIRGOQMfW1R45hQ.jpg"></icon><desc>Homeshopping</desc><category></category></programme><programme channel="ps7Lvqxl4O_1RkifJVXq6A-jY7jvedsqUPmHEiwS" start="20221125053700 +0000" stop="20221125153200 +0000" catchup-id="UHMz7jcTfv1_YaMf7CJ-cEFOZ08sxivdmtxjOydA"><title>Teleshop 8: Mediashop : Homeshopping</title><date></date><icon src="https://m7be2.solocoo.tv/m7be2iphone/mmchan/mpimages/208x308/l3fymPeHIRGOQMfW1R45hQ.jpg"></icon><desc></desc><category></category></programme><programme channel="ps7Lvqxl4O_1RkifJVXq6A-jY7jvedsqUPmHEiwS" start="20221125153200 +0000" stop="20221125160200 +0000" catchup-id="nF9RsQuvAEtCQtZ8mF_gEm4dlNioXX9r7AcKBEW_"><title>Goede tijden, slechte tijden</title><date></date><icon src="https://m7be2.solocoo.tv/m7be2iphone/mmchan/mpimages/208x308/gmbiqlD9VcA_htVM8z6klg.jpg"></icon><desc>Ludo raakt geëmotioneerd als hij ziet dat Nola in orde is, Nina is ontroerd als ze haar vader van deze kant ziet. Rik is jarig! Stefano en Daan schuiven de problemen die ze op het werk hebben even aan de kant en verrassen hem met een bezoek.</desc><category></category></programme><programme channel="ps7Lvqxl4O_1RkifJVXq6A-jY7jvedsqUPmHEiwS" start="20221125160200 +0000" stop="20221125170300 +0000" catchup-id="4Cp1w8s5bzzO_2XG-uqNZCQu9AlpvLLZKC4324AT"><title>Murder, She Wrote : A Murderous Muse</title><date></date><icon src="https://m7be2.solocoo.tv/m7be2iphone/mmchan/mpimages/208x308/71xibAE8r_SUhfxyuZYm7w.jpg"></icon><desc>Een onschuldige man is opgepakt voor de moord op een legendarische maestro. Jessica gaat op zoek naar het motief voor de moord én de echte dader.</desc><category></category></programme><programme channel="ps7Lvqxl4O_1RkifJVXq6A-jY7jvedsqUPmHEiwS" start="20221125170300 +0000" stop="20221125173200 +0000" catchup-id="1S5zeTv7-aop9Xgor4e_xdNzQbQbZv8fvLoAPuQY"><title>Mooi en Meedogenloos</title><date></date><icon src="https://m7be2.solocoo.tv/m7be2iphone/mmchan/mpimages/208x308/FpNtbiGHVG_liLQsvqqIyQ.jpg"></icon><desc></desc><category></category></programme><programme channel="ps7Lvqxl4O_1RkifJVXq6A-jY7jvedsqUPmHEiwS" start="20221125173200 +0000" stop="20221125183000 +0000" catchup-id="YMnkbCB0PsTneBZ_MzhALoGwUJojnfOybTG3TxuW"><title>ER : Who's Appy Now?</title><date></date><icon src="https://m7be2.solocoo.tv/m7be2iphone/mmchan/mpimages/208x308/-K4f55BKxEt8sjgklgmPjg.jpg"></icon><desc></desc><category></category></programme><programme channel="ps7Lvqxl4O_1RkifJVXq6A-jY7jvedsqUPmHEiwS" start="20221125183000 +0000" stop="20221125192700 +0000" catchup-id="fuPBcOq15tzLzrp9-4YWy0sDecZXmETol3tpJCGx"><title>ER : The long way around</title><date></date><icon src="https://m7be2.solocoo.tv/m7be2iphone/mmchan/mpimages/208x308/awdmLtTL5cWS39l7qIlD7g.jpg"></icon><desc></desc><category></category></programme><programme channel="ps7Lvqxl4O_1RkifJVXq6A-jY7jvedsqUPmHEiwS" start="20221125192700 +0000" stop="20221125211200 +0000" catchup-id="tJamD4yMda3ZONQEaN_atP8bM8E73b0A4FGem5lM"><title>Countdown To Christmas: Fixing Up Christmas</title><date></date><icon src="https://m7be2.solocoo.tv/m7be2iphone/mmchan/mpimages/208x308/DSCIUzQwweRRKHcW054-Cw.jpg"></icon><desc>Eventplanner Holly moet een spetterend kerstfeest organiseren voor een groot architectenbureau. Het bedrijf hoopt hiermee de burgemeester over te halen een project goed te keuren. Holly moet samenwerken met de zoon van de baas, en die heeft hele andere ideeën bij 'het perfecte kerstfeest'.</desc><category></category></programme><programme channel="ps7Lvqxl4O_1RkifJVXq6A-jY7jvedsqUPmHEiwS" start="20221125211200 +0000" stop="20221125230700 +0000" catchup-id="SglElSR_hiclYcA7lS08bvl8uM2koMrFJLk_yKs8"><title>A Veteran's Christmas</title><date></date><icon src="https://m7be2.solocoo.tv/m7be2iphone/mmchan/mpimages/208x308/FKbu01gFNU64uiwQCfRYxQ.jpg"></icon><desc>Grace is afgezwaaid bij de marine en is vlak voor kerst op weg naar een nieuwe toekomst in Cincinnati. Ze krijgt autopech, maar gelukkig komt ze rechter Joe tegen. Grace mag in zijn gasthuis verblijven. Grace wordt verwelkomd door de familie van Joe en doet al snel mee aan alle kerstactiviteiten. Ze wordt verliefd op Joe, maar is bang dat hij nog gevoelens heeft voor zijn ex, Marnie.</desc><category></category></programme><programme channel="ps7Lvqxl4O_1RkifJVXq6A-jY7jvedsqUPmHEiwS" start="20221125230700 +0000" stop="20221126000800 +0000" catchup-id="PuNBzh5z0M_KgGVLeDsp8i0kwUDMDtAsk7LUrB_s"><title>Murder, She Wrote : Wheel of Death</title><date></date><icon src="https://m7be2.solocoo.tv/m7be2iphone/mmchan/mpimages/208x308/71xibAE8r_SUhfxyuZYm7w.jpg"></icon><desc>Een reizend circus doet Cabot Cove aan. De komst valt samen met een serie inbraken. Als de eigenaar van het circus wordt vermoord, krijgen twee medewerkers de schuld.</desc><category></category></programme><programme channel="ps7Lvqxl4O_1RkifJVXq6A-jY7jvedsqUPmHEiwS" start="20221126000800 +0000" stop="20221126010800 +0000" catchup-id="iYufqyUz5siJZBiFCnNlWrYTXVyXVfIOMZ1GtD-K"><title>Teleshop 8: Mediashop : Homeshopping</title><date></date><icon src="https://m7be2.solocoo.tv/m7be2iphone/mmchan/mpimages/208x308/l3fymPeHIRGOQMfW1R45hQ.jpg"></icon><desc>Homeshopping</desc><category></category></programme><programme channel="ps7Lvqxl4O_1RkifJVXq6A-jY7jvedsqUPmHEiwS" start="20221126010800 +0000" stop="20221126014300 +0000" catchup-id="91LfpkhY1EDmtswb1P55b9DcO7e6QGAEiZFbBD4-"><title>Teleshop 8: Mediashop : Homeshopping</title><date></date><icon src="https://m7be2.solocoo.tv/m7be2iphone/mmchan/mpimages/208x308/l3fymPeHIRGOQMfW1R45hQ.jpg"></icon><desc>Homeshopping</desc><category></category></programme><programme channel="ps7Lvqxl4O_1RkifJVXq6A-jY7jvedsqUPmHEiwS" start="20221126014300 +0000" stop="20221126053300 +0000" catchup-id="bhTowz5BpMAkM8O2T361g5LR_tMfwZtKlDJiY90R"><title>Homeshopping : Mediashop - RTL 8 ZoomML_V01_05</title><date></date><icon src="https://m7be2.solocoo.tv/m7be2iphone/mmchan/mpimages/208x308/23HoQjZUmRU73btJ7ttDDg.jpg"></icon><desc></desc><category></category></programme><programme channel="ps7Lvqxl4O_1RkifJVXq6A-jY7jvedsqUPmHEiwS" start="20221126053300 +0000" stop="20221126160300 +0000" catchup-id="kbwUUkX61J3Ip8Ez6LwglKYnc9L0kTw4hWJN1wBB"><title>Teleshop 8: Mediashop : Homeshopping</title><date></date><icon src="https://m7be2.solocoo.tv/m7be2iphone/mmchan/mpimages/208x308/l3fymPeHIRGOQMfW1R45hQ.jpg"></icon><desc>Homeshopping</desc><category></category></programme><programme channel="ps7Lvqxl4O_1RkifJVXq6A-jY7jvedsqUPmHEiwS" start="20221126160300 +0000" stop="20221126170400 +0000" catchup-id="im4m_SqGdluRJRH_6gTG-uXfcCM8WJeCk6IqE3jB"><title>Murder, She Wrote : Amsterdam Kill</title><date></date><icon src="https://m7be2.solocoo.tv/m7be2iphone/mmchan/mpimages/208x308/71xibAE8r_SUhfxyuZYm7w.jpg"></icon><desc>Jessica is op vakantie in Amsterdam als een bevriende schrijver wordt ontvoerd. Vervolgens raakt ze betrokken in de duistere wereld van diamantsmokkel.</desc><category></category></programme><programme channel="ps7Lvqxl4O_1RkifJVXq6A-jY7jvedsqUPmHEiwS" start="20221126170400 +0000" stop="20221126185900 +0000" catchup-id="2tzBIDnvdTU5YW5CY5FqyNWvCtkROO5Vba1lwkXj"><title>A Sweet Christmas Romance</title><date></date><icon src="https://m7be2.solocoo.tv/m7be2iphone/mmchan/mpimages/260x145/Xx6UTIU7qmtC-eoxqLmc5w.jpg"></icon><desc>Holly ontdekt dat de eigenaresse van de favoriete bakkerij uit haar jeugd met pensioen gaat. Ze hoopt met een bakwedstrijd rond de kerstdagen een waardige opvolger te vinden. Holly besluit mee te doen, net als de plaatselijke patissier Brad. Terwijl de strijd tussen de deelnemers aanwakkert, groeien Holly en Brad steeds dichter naar elkaar toe.</desc><category></category></programme><programme channel="ps7Lvqxl4O_1RkifJVXq6A-jY7jvedsqUPmHEiwS" start="20221126185900 +0000" stop="20221126204400 +0000" catchup-id="IVP5fOCL2Fp1mwkKhIrvcV5ckkSdo6myXJ4SZVaO"><title>Romance At Reindeer Lodge</title><date></date><icon src="https://m7be2.solocoo.tv/m7be2iphone/mmchan/mpimages/260x145/IxpeYRobg8FvW1LjJVFHJw.jpg"></icon><desc>Molly denkt een vakantie naar het Caribische Jamaica te hebben gewonnen, maar het gaat om Jamaica in het ijskoude New England. Vluchten terug zijn er voorlopig niet. Samen met medepassagier Jared dompelt ze zich onder in de kerstsfeer.</desc><category></category></programme><programme channel="ps7Lvqxl4O_1RkifJVXq6A-jY7jvedsqUPmHEiwS" start="20221126204400 +0000" stop="20221126223700 +0000" catchup-id="cnuAczfoJBwWZ6sFLw0LdocPNU4GCTDC3LIUJU2u"><title>A Christmas Family Reunion</title><date></date><icon src="https://m7be2.solocoo.tv/m7be2iphone/mmchan/mpimages/260x145/Ldr8zbzHmL40kjTmLl8j4g.jpg"></icon><desc>De pas ontslagen eventplanner Amy wordt door popster Tiffanie ingehuurd om een familiereünie te organiseren. Tiffanies neefje, fotograaf Calvin, helpt ook mee. Amy wordt verliefd op hem en samen proberen ze de beste familiereünie ooit te realiseren.</desc><category></category></programme><programme channel="ps7Lvqxl4O_1RkifJVXq6A-jY7jvedsqUPmHEiwS" start="20221126223700 +0000" stop="20221127002600 +0000" catchup-id="rdSijfLJHNL2qsLzyIcD9ytgJq1F2ITFNtQpJ58s"><title>The christmas temp</title><date></date><icon src="https://m7be2.solocoo.tv/m7be2iphone/mmchan/mpimages/260x145/9y6Yc-fzR01-uZJEApo86Q.jpg"></icon><desc>Hazel heeft moeite om de eindjes aan elkaar te knopen. Ze vindt een uitzendbureau dat bedrijven invallers levert tijdens de feestdagen en hoopt rond kerst veel uren te kunnen werken. Maar dat valt nog niet mee als ze verliefd wordt op de knappe HR-manager.</desc><category></category></programme><programme channel="ps7Lvqxl4O_1RkifJVXq6A-jY7jvedsqUPmHEiwS" start="20221127002600 +0000" stop="20221127011100 +0000" catchup-id="1dgiTBXApg2BXR9MSNdlMy_Cx4TAqW9B9vdGvL4N"><title>Teleshop 8: Mediashop : Homeshopping</title><date></date><icon src="https://m7be2.solocoo.tv/m7be2iphone/mmchan/mpimages/260x145/l3fymPeHIRGOQMfW1R45hQ.jpg"></icon><desc>Homeshopping</desc><category></category></programme><programme channel="ps7Lvqxl4O_1RkifJVXq6A-jY7jvedsqUPmHEiwS" start="20221127011100 +0000" stop="20221127053600 +0000" catchup-id="jDp9wG_pv7HHi27c-D3sEIlYyD1xlSKqGkjSd2Wg"><title>Teleshop 8: Mediashop : Homeshopping</title><date></date><icon src="https://m7be2.solocoo.tv/m7be2iphone/mmchan/mpimages/260x145/l3fymPeHIRGOQMfW1R45hQ.jpg"></icon><desc>Homeshopping</desc><category></category></programme><programme channel="ps7Lvqxl4O_1RkifJVXq6A-jY7jvedsqUPmHEiwS" start="20221127053600 +0000" stop="20221127160600 +0000" catchup-id="uNxZCwnFTjh2WKKjG-64RmzURDCT2syJBsLtsHzP"><title>Teleshop 8: Mediashop : Homeshopping</title><date></date><icon src="https://m7be2.solocoo.tv/m7be2iphone/mmchan/mpimages/260x145/l3fymPeHIRGOQMfW1R45hQ.jpg"></icon><desc>Homeshopping</desc><category></category></programme><programme channel="ps7Lvqxl4O_1RkifJVXq6A-jY7jvedsqUPmHEiwS" start="20221127160600 +0000" stop="20221127171300 +0000" catchup-id="aK9sVCIN0SQyLdHmPvErnPdd5nO7Y0cfzRhwLyyr"><title>Murder, She Wrote : A Nest Of Vipers</title><date></date><icon src="https://m7be2.solocoo.tv/m7be2iphone/mmchan/mpimages/260x145/71xibAE8r_SUhfxyuZYm7w.jpg"></icon><desc>Voor een nieuw boek doet Jessica onderzoek in een dierentuin in Californië. Daar wordt een moord gepleegd met een zwarte mamba in de hoofdrol.</desc><category></category></programme><programme channel="ps7Lvqxl4O_1RkifJVXq6A-jY7jvedsqUPmHEiwS" start="20221127171300 +0000" stop="20221127190000 +0000" catchup-id="bxF5NBMtha9Lfs--wGr9DjAGdK7NIqquBZRv_I1R"><title>Entertaining Christmas</title><date></date><icon src="https://m7be2.solocoo.tv/m7be2iphone/mmchan/mpimages/260x145/Elc1__e_qYKlElYVbuhWQg.jpg"></icon><desc>Candace heeft nooit kunnen voldoen aan de verwachtingen van haar moeder, een succesvolle schrijfster van kookboeken en tv-persoonlijkheid. Deze kerst krijgt Candace de mogelijkheid om haar moeder trots te maken als ze haar plaats inneemt om een feest te organiseren.</desc><category></category></programme><programme channel="ps7Lvqxl4O_1RkifJVXq6A-jY7jvedsqUPmHEiwS" start="20221127190000 +0000" stop="20221127204600 +0000" catchup-id="g3erzdHm02ZBnDN0Tyn167Odo6McIyWbEVVETzVw"><title>If I Only Had Christmas</title><date></date><icon src="https://m7be2.solocoo.tv/m7be2iphone/mmchan/mpimages/260x145/fZhfhp3Udq9Y0PxVx76u4w.jpg"></icon><desc>Darcy werkt voor een groot PR-bureau en ze is gek op kerstmis. Voor een groot bedrijf mag ze een kerst-liefdadigheidsevenement organiseren. Het enige nadeel is dat ze samen moet werken met Glenn, de vicepresident van het bedrijf, die behoorlijk knorrig kan zijn. Als ze elkaar beter leren kennen, beseffen ze dat ze veel met elkaar gemeen hebben, maar een geheim van Glenn staat de opbloeiende romance in de weg.</desc><category></category></programme><programme channel="ps7Lvqxl4O_1RkifJVXq6A-jY7jvedsqUPmHEiwS" start="20221127204600 +0000" stop="20221127224000 +0000" catchup-id="drzOsBwzQFWML-MFNgJc-H5Kq2knpVPOSTSMiO0Q"><title>Project Christmas Wish</title><date></date><icon src="https://m7be2.solocoo.tv/m7be2iphone/mmchan/mpimages/260x145/2AC0gcBUY5Z8ClgYR9Hwcg.jpg"></icon><desc>Lucy werkt in een speelgoedwinkel en speelt al jaren voor kerstman. Als kerstman laat ze de wensen van de hele buurt uitkomen. Ook dit jaar kondigt ze bij het lokale radiostation aan dat inwoners hun wensen kunnen insturen. Het jonge meisje Max en haar vader, een weduwnaar, horen het bericht en Max doet haar grootste wens: een kerst zoals vroeger, toen haar moeder nog leefde. Dan merkt Lucy dat onverwachts haar eigen wensen uitkomen in het leven én in de liefde.</desc><category></category></programme><programme channel="ps7Lvqxl4O_1RkifJVXq6A-jY7jvedsqUPmHEiwS" start="20221127224000 +0000" stop="20221128003600 +0000" catchup-id="A-Ec1_NgZIG9BNTyZhhuccOgMxauZYzR4ev0xQM4"><title>Christmas on the River</title><date></date><icon src="https://m7be2.solocoo.tv/m7be2iphone/mmchan/mpimages/260x145/3iMDavRsyw-lrQj7bCMayg.jpg"></icon><desc>Advocate Sarah gaat tijdens de kerstdagen naar haar geboortedorp in Louisiana. In het dorp wordt een groot feest georganiseerd. Tijdens de voorbereidingen wordt de band tussen Sarah, haar moeder en oma versterkt én hangt er liefde in de lucht.</desc><category></category></programme><programme channel="ps7Lvqxl4O_1RkifJVXq6A-jY7jvedsqUPmHEiwS" start="20221128003600 +0000" stop="20221128010600 +0000" catchup-id="wajxAo8dBC3tLqQVz5zRXIURL2GQWdrx0tXo31JV"><title>Teleshop 8: Mediashop : Homeshopping</title><date></date><icon src="https://m7be2.solocoo.tv/m7be2iphone/mmchan/mpimages/260x145/l3fymPeHIRGOQMfW1R45hQ.jpg"></icon><desc>Homeshopping</desc><category></category></programme><programme channel="ps7Lvqxl4O_1RkifJVXq6A-jY7jvedsqUPmHEiwS" start="20221128010600 +0000" stop="20221128053100 +0000" catchup-id="RM9pE_W_NI3YNvjlPmg_bIMyRmQvBOOCAxLUqPw_"><title>Teleshop 8: Mediashop : Homeshopping</title><date></date><icon src="https://m7be2.solocoo.tv/m7be2iphone/mmchan/mpimages/260x145/l3fymPeHIRGOQMfW1R45hQ.jpg"></icon><desc>Homeshopping</desc><category></category></programme><programme channel="ps7Lvqxl4O_1RkifJVXq6A-jY7jvedsqUPmHEiwS" start="20221128053100 +0000" stop="20221128160500 +0000" catchup-id="QwOcOP-c5Sg4DbnXaIEe28GIsr5YT22c9na4CB3Z"><title>Teleshop 8: Mediashop : Homeshopping</title><date></date><icon src="https://m7be2.solocoo.tv/m7be2iphone/mmchan/mpimages/260x145/l3fymPeHIRGOQMfW1R45hQ.jpg"></icon><desc>Homeshopping</desc><category></category></programme><programme channel="ps7Lvqxl4O_1RkifJVXq6A-jY7jvedsqUPmHEiwS" start="20221128160500 +0000" stop="20221128170500 +0000" catchup-id="UEsrczJ8Ts08GIwEnq4zm7e1Lq8x0LKRAv6cgT4F"><title>Murder, She Wrote : To Kill A Legend</title><date></date><icon src="https://m7be2.solocoo.tv/m7be2iphone/mmchan/mpimages/260x145/PlvXiXlk3nEYq59aCusrFA.jpg"></icon><desc>Jessica ontdekt bij toeval een brief van George Washington. De vondst leidt tot een held die van zijn voetsstuk valt en de moord op een regisseur.</desc><category></category></programme><programme channel="ps7Lvqxl4O_1RkifJVXq6A-jY7jvedsqUPmHEiwS" start="20221128170500 +0000" stop="20221128173000 +0000" catchup-id="rcu8Che_R-oE8vtwM9XAIqZ1MrzM6TmjbU4AorX6"><title>Mooi en Meedogenloos</title><date></date><icon src="https://m7be2.solocoo.tv/m7be2iphone/mmchan/mpimages/260x145/FpNtbiGHVG_liLQsvqqIyQ.jpg"></icon><desc></desc><category></category></programme><programme channel="ps7Lvqxl4O_1RkifJVXq6A-jY7jvedsqUPmHEiwS" start="20221128173000 +0000" stop="20221128183000 +0000" catchup-id="TgUVEjD28KLP00NQDqNIP0wvOKxi0DR2rCD8OlVj"><title>ER : Faith</title><date></date><icon src="https://m7be2.solocoo.tv/m7be2iphone/mmchan/mpimages/260x145/6-V_0wpxvUsK5zuqeotY7Q.jpg"></icon><desc></desc><category></category></programme><programme channel="ps7Lvqxl4O_1RkifJVXq6A-jY7jvedsqUPmHEiwS" start="20221128183000 +0000" stop="20221128192500 +0000" catchup-id="jRonhGqcA-YziUuv7836AA2vOv4mR0uEFv7WHQLU"><title>ER : Tribes</title><date></date><icon src="https://m7be2.solocoo.tv/m7be2iphone/mmchan/mpimages/260x145/9_r-zaQZLOu6WVKvj4RykQ.jpg"></icon><desc></desc><category></category></programme><programme channel="ps7Lvqxl4O_1RkifJVXq6A-jY7jvedsqUPmHEiwS" start="20221128192500 +0000" stop="20221128211000 +0000" catchup-id="gBprhd1hB-qlj0TYDVXjWg8FEAyc9aQer8wy-iGc"><title>Swept Up By Christmas</title><date></date><icon src="https://m7be2.solocoo.tv/m7be2iphone/mmchan/mpimages/260x145/JHdABcVWJtmrys7buGQs3w.jpg"></icon><desc>Antiekexpert Gwen is gevraagd de inboedel van een rijke weduwnaar te taxeren. De oude man heeft ook een schoonmaakbedrijf ingehuurd. De eigenaar daarvan, Reed, ligt voortdurend overhoop met Gwen. Toch proberen ze samen het kerstgevoel terug te brengen in de villa van de weduwnaar.</desc><category></category></programme><programme channel="ps7Lvqxl4O_1RkifJVXq6A-jY7jvedsqUPmHEiwS" start="20221128211000 +0000" stop="20221128231000 +0000" catchup-id="TEeoxxdgHqudPPR4DfF7MJALUrfOrzsxoPTNJXk5"><title>Two Turtle Doves</title><date></date><icon src="https://m7be2.solocoo.tv/m7be2iphone/mmchan/mpimages/260x145/c2SZ3Y0HG2Qx15y0ZPwVpw.jpg"></icon><desc>Sharon werkt als wetenschapper in New York, maar keert tijdens de kerstdagen terug naar haar geboorteplaats. Eerder dat jaar overleed haar oma, en Sharon erft haar huis. Ze moet dan wel eerst een opdracht uitvoeren, om zo te ontdekken of ze New York achter zich wil laten en in het huis wil gaan wonen. Sharon krijgt daarbij hulp van de buurman en zijn dochtertje.</desc><category></category></programme><programme channel="ps7Lvqxl4O_1RkifJVXq6A-jY7jvedsqUPmHEiwS" start="20221128231000 +0000" stop="20221129000900 +0000" catchup-id="D_iy84r8YQEtJJHO-r8fFwV0IL69g6k_nUjfbVjM"><title>ER : Faith</title><date></date><icon src="https://m7be2.solocoo.tv/m7be2iphone/mmchan/mpimages/260x145/6-V_0wpxvUsK5zuqeotY7Q.jpg"></icon><desc></desc><category></category></programme><programme channel="ps7Lvqxl4O_1RkifJVXq6A-jY7jvedsqUPmHEiwS" start="20221129000900 +0000" stop="20221129010100 +0000" catchup-id="ReyDYYiOTjf_kSz15TNe5-zI7bd321Ye4VT9hrfp"><title>Teleshop 8: Mediashop : Homeshopping</title><date></date><icon src="https://m7be2.solocoo.tv/m7be2iphone/mmchan/mpimages/260x145/l3fymPeHIRGOQMfW1R45hQ.jpg"></icon><desc>Homeshopping</desc><category></category></programme><programme channel="ps7Lvqxl4O_1RkifJVXq6A-jY7jvedsqUPmHEiwS" start="20221129010100 +0000" stop="20221129053000 +0000" catchup-id="tfgqvow_Pn_eI9h5A0lwqS4VSjzviC_VHVu6OT33"><title>Teleshop 8: Mediashop : Homeshopping</title><date></date><icon src="https://m7be2.solocoo.tv/m7be2iphone/mmchan/mpimages/260x145/l3fymPeHIRGOQMfW1R45hQ.jpg"></icon><desc>Homeshopping</desc><category></category></programme><programme channel="ps7Lvqxl4O_1RkifJVXq6A-jY7jvedsqUPmHEiwS" start="20221129053000 +0000" stop="20221129153500 +0000" catchup-id="75CJloD6ilpzqXWsm285eH7GATkTWhMNH4vKEFAZ"><title>Teleshop 8: Mediashop : Homeshopping</title><date></date><icon src="https://m7be2.solocoo.tv/m7be2iphone/mmchan/mpimages/260x145/l3fymPeHIRGOQMfW1R45hQ.jpg"></icon><desc>Homeshopping</desc><category></category></programme><programme channel="ps7Lvqxl4O_1RkifJVXq6A-jY7jvedsqUPmHEiwS" start="20221129153500 +0000" stop="20221129160500 +0000" catchup-id="pElwPuF-HQuBZbrbpgFmJiBwxM9ML7bBv1v7oSDA"><title>Goede tijden, slechte tijden</title><date></date><icon src="https://m7be2.solocoo.tv/m7be2iphone/mmchan/mpimages/260x145/gmbiqlD9VcA_htVM8z6klg.jpg"></icon><desc>Nola mag thuis verder herstellen, maar dat valt niet mee. Stefano is tevreden als hij weer een klik heeft met Ludo. Ondertussen raken Cato en Daan ook steeds beter bevriend. En gaat het Linda dan eindelijk lukken om Luuk te veroveren?</desc><category></category></programme><programme channel="ps7Lvqxl4O_1RkifJVXq6A-jY7jvedsqUPmHEiwS" start="20221129160500 +0000" stop="20221129170500 +0000" catchup-id="3xs8Spjmqtz-TvKFP1zrOFPWMcFIetspQbvn3Lim"><title>Murder, She Wrote : Death in Hawaii</title><date></date><icon src="https://m7be2.solocoo.tv/m7be2iphone/mmchan/mpimages/260x145/71xibAE8r_SUhfxyuZYm7w.jpg"></icon><desc>Jessica is op vakantie in Honolulu. Er ontstaat chaos als de zoon van de gastheer plotseling verdwijnt, tijdens een verkiezingscampagne voor de senaat.</desc><category></category></programme><programme channel="ps7Lvqxl4O_1RkifJVXq6A-jY7jvedsqUPmHEiwS" start="20221129170500 +0000" stop="20221129173000 +0000" catchup-id="KfXaCrJApeWwpysredS7Rfpmf9axJCGyvBv0NdFe"><title>Mooi en Meedogenloos</title><date></date><icon src="https://m7be2.solocoo.tv/m7be2iphone/mmchan/mpimages/260x145/FpNtbiGHVG_liLQsvqqIyQ.jpg"></icon><desc></desc><category></category></programme><programme channel="ps7Lvqxl4O_1RkifJVXq6A-jY7jvedsqUPmHEiwS" start="20221129173000 +0000" stop="20221129183000 +0000" catchup-id="8G1anyLwrJA8PXhNlJ888U1mirU-vwTif47yKNrj"><title>ER : You Bet Your Life</title><date></date><icon src="https://m7be2.solocoo.tv/m7be2iphone/mmchan/mpimages/260x145/FyXbab2chwFWNZ03axHVOQ.jpg"></icon><desc></desc><category></category></programme><programme channel="ps7Lvqxl4O_1RkifJVXq6A-jY7jvedsqUPmHEiwS" start="20221129183000 +0000" stop="20221129192500 +0000" catchup-id="J3PaBcJXUbeI03PtDDJGThZKzn4zsZ63ASpovqIJ"><title>ER : Calling Dr. Hathaway</title><date></date><icon src="https://m7be2.solocoo.tv/m7be2iphone/mmchan/mpimages/260x145/Br9awVN3_ySa-wQO2Y1aKg.jpg"></icon><desc></desc><category></category></programme><programme channel="ps7Lvqxl4O_1RkifJVXq6A-jY7jvedsqUPmHEiwS" start="20221129192500 +0000" stop="20221129211000 +0000" catchup-id="w5wi0hbg0MN7E8xGt_jrAAb_gh16G23IMnQ7YmN9"><title>Christmas At Castle Hart</title><date></date><icon src="https://m7be2.solocoo.tv/m7be2iphone/mmchan/mpimages/260x145/BTdNHwD3doknB5wYBKMXmw.jpg"></icon><desc>Zussen Brooke en Margot zijn onverwacht werkloos met de feestdagen. Ze besluiten hun spaargeld te gebruiken om zich in Ierland te verdiepen in hun afkomst. Daar ontmoeten ze de charmante Aiden Hart, graaf van Glaslough. Door een leugentje regelt Margot een klus voor hun als evenementenplanners voor het kerstgala in zijn kasteel. Brooke stemt met tegenzin in. Terwijl ze werken in zijn kasteel, bloeit er iets op tussen Aiden en Brooke.</desc><category></category></programme><programme channel="ps7Lvqxl4O_1RkifJVXq6A-jY7jvedsqUPmHEiwS" start="20221129211000 +0000" stop="20221129230000 +0000" catchup-id="G6hqLyRSeba6_siwMqcfA9KUR2jU4V2NXgzcJBHD"><title>One Royal Holiday</title><date></date><icon src="https://m7be2.solocoo.tv/m7be2iphone/mmchan/mpimages/260x145/qfLgScztfZgd1jLjoN8BeA.jpg"></icon><desc>Tijdens een sneeuwstorm biedt Anna Jordan onderdak aan een gestrande moeder en zoon. Het blijken koningin Gabriella en prins James van de koninklijke familie van Galwick te zijn. Anna zorgt dat de twee in het hotel van haar vader mogen slapen en ze laat prins James zien hoe ze kerst vieren in haar geboorteplaats. James heeft daar eigenlijk helemaal geen zin in, maar beetje bij beetje weet Anna zijn hart te ontdooien.</desc><category></category></programme><programme channel="ps7Lvqxl4O_1RkifJVXq6A-jY7jvedsqUPmHEiwS" start="20221129230000 +0000" stop="20221129235500 +0000" catchup-id="NtYK24FiIg_8bjP8YkwKqhMEP197F0vQPVq3lP1P"><title>ER : You Bet Your Life</title><date></date><icon src="https://m7be2.solocoo.tv/m7be2iphone/mmchan/mpimages/260x145/FyXbab2chwFWNZ03axHVOQ.jpg"></icon><desc></desc><category></category></programme><programme channel="ps7Lvqxl4O_1RkifJVXq6A-jY7jvedsqUPmHEiwS" start="20221129235500 +0000" stop="20221130010100 +0000" catchup-id="qNLJEIONnbA-xWQ6P4EqV7z__mArFHHZbYZRrcYh"><title>Teleshop 8: Mediashop : Homeshopping</title><date></date><icon src="https://m7be2.solocoo.tv/m7be2iphone/mmchan/mpimages/260x145/l3fymPeHIRGOQMfW1R45hQ.jpg"></icon><desc>Homeshopping</desc><category></category></programme><programme channel="ps7Lvqxl4O_1RkifJVXq6A-jY7jvedsqUPmHEiwS" start="20221130010100 +0000" stop="20221130053000 +0000" catchup-id="I6N6eUab8M3T2eRLPhy6ytAYZ-oFcVtqAOtLjIIl"><title>Teleshop 8: Mediashop : Homeshopping</title><date></date><icon src="https://m7be2.solocoo.tv/m7be2iphone/mmchan/mpimages/260x145/l3fymPeHIRGOQMfW1R45hQ.jpg"></icon><desc>Homeshopping</desc><category></category></programme><programme channel="ps7Lvqxl4O_1RkifJVXq6A-jY7jvedsqUPmHEiwS" start="20221130053000 +0000" stop="20221130153500 +0000" catchup-id="FUP7n9lLxzYQLQKMJkNZy4COiQaI-IKEPYDiA2gW"><title>Teleshop 8: Mediashop : Homeshopping</title><date></date><icon src="https://m7be2.solocoo.tv/m7be2iphone/mmchan/mpimages/260x145/l3fymPeHIRGOQMfW1R45hQ.jpg"></icon><desc>Homeshopping</desc><category></category></programme><programme channel="ps7Lvqxl4O_1RkifJVXq6A-jY7jvedsqUPmHEiwS" start="20221130153500 +0000" stop="20221130160500 +0000" catchup-id="NWNWMUqF7t-XK-VYHmaB9wth2sCU-V5RB4Jp7EpO"><title>Goede tijden, slechte tijden</title><date></date><icon src="https://m7be2.solocoo.tv/m7be2iphone/mmchan/mpimages/260x145/gmbiqlD9VcA_htVM8z6klg.jpg"></icon><desc>De Verduyn-kinderen hebben het druk: Demi is van plan om wat extra's te verdienen en gaat op zoek naar meer oppaskinderen. Ondertussen is Steef van plan om ook dit jaar gewoon Sinterklaas te vieren. Merel mag stage lopen op het politiebureau van Meerdijk en ontmoet haar stagebegeleider.</desc><category></category></programme><programme channel="ps7Lvqxl4O_1RkifJVXq6A-jY7jvedsqUPmHEiwS" start="20221130160500 +0000" stop="20221130170500 +0000" catchup-id="NxSE5BL-RSAyP0mv2qA_fdvKq9Px7M4b3njk_Ftv"><title>Murder, She Wrote : Dear Deadly</title><date></date><icon src="https://m7be2.solocoo.tv/m7be2iphone/mmchan/mpimages/260x145/71xibAE8r_SUhfxyuZYm7w.jpg"></icon><desc>Een gestoorde schutter heeft het voorzien op de columniste van een krant.</desc><category></category></programme><programme channel="ps7Lvqxl4O_1RkifJVXq6A-jY7jvedsqUPmHEiwS" start="20221130170500 +0000" stop="20221130173000 +0000" catchup-id="fn5x5q_Uxji_EWmARR1jj41pPboQUtOx6xOfid90"><title>Mooi en Meedogenloos</title><date></date><icon src="https://m7be2.solocoo.tv/m7be2iphone/mmchan/mpimages/260x145/FpNtbiGHVG_liLQsvqqIyQ.jpg"></icon><desc></desc><category></category></programme><programme channel="ps7Lvqxl4O_1RkifJVXq6A-jY7jvedsqUPmHEiwS" start="20221130173000 +0000" stop="20221130183000 +0000" catchup-id="y7htH37Y8_uFA3DESlpT7BRbjyvk12MzWmToMm6s"><title>ER : Random Acts</title><date></date><icon src="https://m7be2.solocoo.tv/m7be2iphone/mmchan/mpimages/260x145/VGjPteoTH61znuABVaWmjg.jpg"></icon><desc></desc><category></category></programme><programme channel="ps7Lvqxl4O_1RkifJVXq6A-jY7jvedsqUPmHEiwS" start="20221130183000 +0000" stop="20221130192500 +0000" catchup-id="KkGBvDLhDYmg4VWMyqzt72JsIOu-QvjzUzTWBcff"><title>ER : Make a Wish</title><date></date><icon src="https://m7be2.solocoo.tv/m7be2iphone/mmchan/mpimages/260x145/96RSPpPzHjkgWSh_hkTgyQ.jpg"></icon><desc></desc><category></category></programme><programme channel="ps7Lvqxl4O_1RkifJVXq6A-jY7jvedsqUPmHEiwS" start="20221130192500 +0000" stop="20221130212000 +0000" catchup-id="7dVZdK5We0W5Ucj976zNKJmsQmMgSDlmWuAI5tz2"><title>Good Morning Christmas!</title><date></date><icon src="https://m7be2.solocoo.tv/m7be2iphone/mmchan/mpimages/260x145/z9e-EFedVP9EjX2yuXYHdA.jpg"></icon><desc>Melissa en Brian presenteren de ochtendshow Bright &amp; Merry. Voor de camera vormen ze een perfect duo, maar achter de schermen is dat wel anders. Het helpt ook niet dat Brian stiekem besluit ontslag te nemen en Melissa zo opzadelt met een probleem. Hun producer besluit de show te stoppen, maar eerst moeten de twee nog kerstprogramma's maken. Nu het einde van hun samenwerking nadert, komen er plots veel gevoelens om de hoek kijken.</desc><category></category></programme><programme channel="ps7Lvqxl4O_1RkifJVXq6A-jY7jvedsqUPmHEiwS" start="20221130212000 +0000" stop="20221130230500 +0000" catchup-id="cpbUChCriGzULXszF77uBFpPUd2JxMF1sYm-8qkK"><title>Christmas Made to Order</title><date></date><icon src="https://m7be2.solocoo.tv/m7be2iphone/mmchan/mpimages/260x145/DW6EMAiRChk5tO7fQbfAEw.jpg"></icon><desc>Architect Steven heeft zijn familie uitgenodigd voor kerst, maar weet niet goed hoe hij alles moet regelen. Daarom huurt hij feestdagenexpert Gretchen in. Zij zorgt voor de ultieme kerstsfeer in huize Steven en er springt een vonk over tussen de twee. Als Gretchen een belangrijke kans krijgt, moeten ze beslissen wat écht belangrijk is in het leven.</desc><category></category></programme><programme channel="ps7Lvqxl4O_1RkifJVXq6A-jY7jvedsqUPmHEiwS" start="20221130230500 +0000" stop="20221201000000 +0000" catchup-id="8UnKkubxOdBeP9HWy7h4kISF7sHcNoA4a2Jz7h-_"><title>ER : Random Acts</title><date></date><icon src="https://m7be2.solocoo.tv/m7be2iphone/mmchan/mpimages/260x145/VGjPteoTH61znuABVaWmjg.jpg"></icon><desc></desc><category></category></programme><programme channel="ps7Lvqxl4O_1RkifJVXq6A-jY7jvedsqUPmHEiwS" start="20221201000000 +0000" stop="20221201010100 +0000" catchup-id="OCdfji20NVBeU6exh8WUAozuqwGKCSIaCW1GWwb9"><title>Teleshop 8: Mediashop : Homeshopping</title><date></date><icon src="https://m7be2.solocoo.tv/m7be2iphone/mmchan/mpimages/260x145/l3fymPeHIRGOQMfW1R45hQ.jpg"></icon><desc>Homeshopping</desc><category></category></programme><programme channel="ps7Lvqxl4O_1RkifJVXq6A-jY7jvedsqUPmHEiwS" start="20221201010100 +0000" stop="20221201053000 +0000" catchup-id="x4VTgyM3btzFWy9Xal4uzmJZzGt6Jk4zRkk4Dzha"><title>Teleshop 8: Mediashop : Homeshopping</title><date></date><icon src="https://m7be2.solocoo.tv/m7be2iphone/mmchan/mpimages/260x145/l3fymPeHIRGOQMfW1R45hQ.jpg"></icon><desc>Homeshopping</desc><category></category></programme><programme channel="ps7Lvqxl4O_1RkifJVXq6A-jY7jvedsqUPmHEiwS" start="20221201053000 +0000" stop="20221201153500 +0000" catchup-id="q3AYG2oAGMILY6EJ3x5Pv4_iHEfGvGBgAASTcayL"><title>Teleshop 8: Mediashop : Homeshopping</title><date></date><icon src="https://m7be2.solocoo.tv/m7be2iphone/mmchan/mpimages/260x145/l3fymPeHIRGOQMfW1R45hQ.jpg"></icon><desc>Homeshopping</desc><category></category></programme><programme channel="ps7Lvqxl4O_1RkifJVXq6A-jY7jvedsqUPmHEiwS" start="20221201153500 +0000" stop="20221201160500 +0000" catchup-id="JvctL2vbm3A-PxrohKdHqpa49GK1K5InBHz89Vq5"><title>Goede tijden, slechte tijden</title><date></date><icon src="https://m7be2.solocoo.tv/m7be2iphone/mmchan/mpimages/260x145/gmbiqlD9VcA_htVM8z6klg.jpg"></icon><desc>Merel roept de hulp in van de al veel te drukke Steef om een enorme blunder op te lossen. Rik raakt geëmotioneerd als Laura stelt dat liefde soms niet genoeg is om pijn te kunnen verzachten. Shanti trekt het werk in de Koning niet meer en vertrekt.</desc><category></category></programme><programme channel="ps7Lvqxl4O_1RkifJVXq6A-jY7jvedsqUPmHEiwS" start="20221201160500 +0000" stop="20221201170500 +0000" catchup-id="YibGw3GlFvCIG6-QwCvvlyWVKzzxXfcczd5_HijN"><title>Murder, She Wrote : Murder Channel</title><date></date><icon src="https://m7be2.solocoo.tv/m7be2iphone/mmchan/mpimages/260x145/PlvXiXlk3nEYq59aCusrFA.jpg"></icon><desc>Jessica ontdekt dat haar buren onbedoeld zijn aangesloten op een beveiligingssysteem en is getuige van een moord.</desc><category></category></programme><programme channel="ps7Lvqxl4O_1RkifJVXq6A-jY7jvedsqUPmHEiwS" start="20221201170500 +0000" stop="20221201173000 +0000" catchup-id="b1gndHim6Y2wN5RG2mY9f5KfA0n2sj17F9dNPSXk"><title>Mooi en Meedogenloos</title><date></date><icon src="https://m7be2.solocoo.tv/m7be2iphone/mmchan/mpimages/260x145/FpNtbiGHVG_liLQsvqqIyQ.jpg"></icon><desc></desc><category></category></programme><programme channel="ps7Lvqxl4O_1RkifJVXq6A-jY7jvedsqUPmHEiwS" start="20221201173000 +0000" stop="20221201183000 +0000" catchup-id="HUx6nS6nGnKEImObvJVFAaNzXdkQRydN0hDTQcaD"><title>ER : One More for the Road</title><date></date><icon src="https://m7be2.solocoo.tv/m7be2iphone/mmchan/mpimages/260x145/SBtKAgKUA5H9EP-11lX3MA.jpg"></icon><desc></desc><category></category></programme><programme channel="ps7Lvqxl4O_1RkifJVXq6A-jY7jvedsqUPmHEiwS" start="20221201183000 +0000" stop="20221201192500 +0000" catchup-id="J0Jnos_RdOHGcJs9j46LSbmGXMmrbPyxK14G5A1D"><title>ER : Ambush</title><date></date><icon src="https://m7be2.solocoo.tv/m7be2iphone/mmchan/mpimages/260x145/YNnafJ0k1Pss1bOEjO2fYQ.jpg"></icon><desc></desc><category></category></programme><programme channel="ps7Lvqxl4O_1RkifJVXq6A-jY7jvedsqUPmHEiwS" start="20221201192500 +0000" stop="20221201211000 +0000" catchup-id="gYxHum4OCw2mJa2Sj0uQ8lhyfUGnNGNFusZXgqqr"><title>Unlocking Christmas</title><date></date><icon src="https://m7be2.solocoo.tv/m7be2iphone/mmchan/mpimages/260x145/3mxVDPwTdZBaFBG0oxfsVg.jpg"></icon><desc>Kate is net begonnen aan een medische specialisatie in een ziekenhuis. Kevin keert terug naar huis nadat hij bij de luchtmacht heeft gediend. Hun levens staan in het teken van het helpen van anderen. Als ze allebei een mysterieuze sleutel en een raadsel ontvangen, is dat het begin van een gezamenlijk kerstavontuur dat hen leert dat ze ook hulp mogen ontvangen.</desc><category></category></programme><programme channel="ps7Lvqxl4O_1RkifJVXq6A-jY7jvedsqUPmHEiwS" start="20221201211000 +0000" stop="20221201230000 +0000" catchup-id="9rgenl6V6qQeYINkEUJjGRfmDtpL1Fl5AbDFkE9l"><title>My Christmas Love</title><date></date><icon src="https://m7be2.solocoo.tv/m7be2iphone/mmchan/mpimages/260x145/15uo0BAbiU6F2oOwgGRnKQ.jpg"></icon><desc>Cynthia is dol op romantiek, maar wordt vlak voor kerst gedumpt. Haar zus staat op het punt te gaan trouwen en Cynthia besluit haar goede vriend Liam mee te nemen naar de bruiloft. Daar wordt ze verrast met allerlei cadeautjes. Cynthia denkt dat deze attente Kerstman de ware is, maar wie is hij?</desc><category></category></programme><programme channel="ps7Lvqxl4O_1RkifJVXq6A-jY7jvedsqUPmHEiwS" start="20221201230000 +0000" stop="20221201235500 +0000" catchup-id="whUtcLfjLaNNVwNqdMFJZA9-TxGwYFRqQGVHExCI"><title>ER : One More for the Road</title><date></date><icon src="https://m7be2.solocoo.tv/m7be2iphone/mmchan/mpimages/260x145/SBtKAgKUA5H9EP-11lX3MA.jpg"></icon><desc></desc><category></category></programme><programme channel="ps7Lvqxl4O_1RkifJVXq6A-jY7jvedsqUPmHEiwS" start="20221201235500 +0000" stop="20221202010100 +0000" catchup-id="RHUmrZrTm0mHl6BRoc6hw52YLIAigQCc9ghzCGPi"><title>Teleshop 8: Mediashop : Homeshopping</title><date></date><icon src="https://m7be2.solocoo.tv/m7be2iphone/mmchan/mpimages/260x145/l3fymPeHIRGOQMfW1R45hQ.jpg"></icon><desc>Homeshopping</desc><category></category></programme><programme channel="ps7Lvqxl4O_1RkifJVXq6A-jY7jvedsqUPmHEiwS" start="20221202010100 +0000" stop="20221202053000 +0000" catchup-id="j8risSwjs_zBOlJ_hADobkiH4FEisDZ7Ii3pqwPE"><title>Teleshop 8: Mediashop : Homeshopping</title><date></date><icon src="https://m7be2.solocoo.tv/m7be2iphone/mmchan/mpimages/260x145/l3fymPeHIRGOQMfW1R45hQ.jpg"></icon><desc>Homeshopping</desc><category></category></programme><programme channel="ps7Lvqxl4O_1RkifJVXq6A-jY7jvedsqUPmHEiwS" start="20221202053000 +0000" stop="20221202153500 +0000" catchup-id="gw84LMSaye1FMab-hUZ2LfFxrYO7mSGNv_PDvIqv"><title>Teleshop 8: Mediashop : Homeshopping</title><date></date><icon src="https://m7be2.solocoo.tv/m7be2iphone/mmchan/mpimages/260x145/l3fymPeHIRGOQMfW1R45hQ.jpg"></icon><desc>Homeshopping</desc><category></category></programme><programme channel="ps7Lvqxl4O_1RkifJVXq6A-jY7jvedsqUPmHEiwS" start="20221202153500 +0000" stop="20221202160500 +0000" catchup-id="sZej7SACazu94E_Jx3E1K3ZqBqMT-4_oMWZpcCde"><title>Goede tijden, slechte tijden</title><date></date><icon src="https://m7be2.solocoo.tv/m7be2iphone/mmchan/mpimages/260x145/gmbiqlD9VcA_htVM8z6klg.jpg"></icon><desc>Ludo schrikt van het nieuws van Nina en Bing en neemt direct de touwtjes in handen. Daan krijgt een nieuwe baan aangeboden en zal moeten nadenken over zijn toekomst. Rik zet een grote stap in zijn rouwproces.</desc><category></category></programme><programme channel="ps7Lvqxl4O_1RkifJVXq6A-jY7jvedsqUPmHEiwS" start="20221202160500 +0000" stop="20221202170500 +0000" catchup-id="lLGgLbQg15vG0QfQGXV6BJiB98q2eMFeKF2fjMEo"><title>Murder, She Wrote : Fatal Paradise</title><date></date><icon src="https://m7be2.solocoo.tv/m7be2iphone/mmchan/mpimages/260x145/PlvXiXlk3nEYq59aCusrFA.jpg"></icon><desc>Jessica voelt zich verantwoordelijk nadat ze een koppel heeft geholpen om samen weg te lopen, en een van hen om het leven komt.</desc><category></category></programme><programme channel="ps7Lvqxl4O_1RkifJVXq6A-jY7jvedsqUPmHEiwS" start="20221202170500 +0000" stop="20221202173000 +0000" catchup-id="ibyFqg3q1jQ-OcDcWGV8-FUbw32M7lxazDQ5aBTa"><title>Mooi en Meedogenloos</title><date></date><icon src="https://m7be2.solocoo.tv/m7be2iphone/mmchan/mpimages/260x145/FpNtbiGHVG_liLQsvqqIyQ.jpg"></icon><desc></desc><category></category></programme><programme channel="ps7Lvqxl4O_1RkifJVXq6A-jY7jvedsqUPmHEiwS" start="20221202173000 +0000" stop="20221202183000 +0000" catchup-id="pWUf32npsBFtc0J_URKoFt1D5zhmx8UwF9iezDSu"><title>ER : Something New</title><date></date><icon src="https://m7be2.solocoo.tv/m7be2iphone/mmchan/mpimages/260x145/YNnafJ0k1Pss1bOEjO2fYQ.jpg"></icon><desc></desc><category></category></programme><programme channel="ps7Lvqxl4O_1RkifJVXq6A-jY7jvedsqUPmHEiwS" start="20221202183000 +0000" stop="20221202192500 +0000" catchup-id="8Un4FWXdUW5ECaiqS6z3jhPoFsYjUeur3kLyshfr"><title>ER : Friendly Fire</title><date></date><icon src="https://m7be2.solocoo.tv/m7be2iphone/mmchan/mpimages/260x145/YNnafJ0k1Pss1bOEjO2fYQ.jpg"></icon><desc></desc><category></category></programme><programme channel="ps7Lvqxl4O_1RkifJVXq6A-jY7jvedsqUPmHEiwS" start="20221202192500 +0000" stop="20221202211000 +0000" catchup-id="NHKUAKL0Gzr1QGKonsxXdNcy77e_K0ZFfOvljsOz"><title>The Christmas Bow</title><date></date><icon src="https://m7be2.solocoo.tv/m7be2iphone/mmchan/mpimages/260x145/-mqu1Wg-O1zu-dn8Tdv1Tw.jpg"></icon><desc>Haar hele leven lang droomt Kate al van een carrière als violist bij het Rocky Mountain Philharmonic. Maar de droom dreigt in duigen te vallen door een ongeluk. Met de kerst gaat Kate naar haar ouderlijk huis en begint met fysiotherapie. Haar therapeut is Patrick, een vriend van vroeger. Niet veel later ontstaat er een romance, maar dan hoort Kate dat Patrick bij Artsen zonder Grenzen gaat werken in Soedan.</desc><category></category></programme><programme channel="ps7Lvqxl4O_1RkifJVXq6A-jY7jvedsqUPmHEiwS" start="20221202211000 +0000" stop="20221202230000 +0000" catchup-id="I_nad6JskEySDrjUAGu8Xo7yBE1IZ1XnnFRWCaYj"><title>Chateau Christmas</title><date></date><icon src="https://m7be2.solocoo.tv/m7be2iphone/mmchan/mpimages/260x145/hOg7gxQkU9toofufKmbQ8Q.jpg"></icon><desc>Als Margots familie haar vraagt de Kerst op een romantisch kasteel te komen vieren, grijpt ze de uitnodiging met beide handen aan. De beroemde pianiste heeft een druk leven en is hard toe aan wat ontspanning. Maar eenmaal op het kasteel loopt het toch iets anders dan Margot had bedacht. Ze loopt haar oud-geliefde Jackson tegen het lijf. En als uitgerekend Jackson haar vraagt om op te treden, zit Margot met haar handen in het haar.</desc><category></category></programme><programme channel="ps7Lvqxl4O_1RkifJVXq6A-jY7jvedsqUPmHEiwS" start="20221202230000 +0000" stop="20221202235500 +0000" catchup-id="m-0XUiNJjQr0ln7lxRBDGm12YFoGlMF2woS4_KiO"><title>ER : Something New</title><date></date><icon src="https://m7be2.solocoo.tv/m7be2iphone/mmchan/mpimages/260x145/YNnafJ0k1Pss1bOEjO2fYQ.jpg"></icon><desc></desc><category></category></programme><programme channel="ps7Lvqxl4O_1RkifJVXq6A-jY7jvedsqUPmHEiwS" start="20221202235500 +0000" stop="20221203010100 +0000" catchup-id="eZid_OWbjnyy7JWoANTwnVV3GILxqz0DglLEz2P4"><title>Teleshop 8: Mediashop : Homeshopping</title><date></date><icon src="https://m7be2.solocoo.tv/m7be2iphone/mmchan/mpimages/260x145/l3fymPeHIRGOQMfW1R45hQ.jpg"></icon><desc>Homeshopping</desc><category></category></programme><programme channel="ps7Lvqxl4O_1RkifJVXq6A-jY7jvedsqUPmHEiwS" start="20221203010100 +0000" stop="20221203053000 +0000" catchup-id="y1veHLEvnU9wg2HdkcyN6B3oD0B1FJwENigYf_pe"><title>Teleshop 8: Mediashop : Homeshopping</title><date></date><icon src="https://m7be2.solocoo.tv/m7be2iphone/mmchan/mpimages/260x145/l3fymPeHIRGOQMfW1R45hQ.jpg"></icon><desc>Homeshopping</desc><category></category></programme><programme channel="ps7Lvqxl4O_1RkifJVXq6A-jY7jvedsqUPmHEiwS" start="20221203053000 +0000" stop="20221203160000 +0000" catchup-id="SieXLqnWf3YuIOSc6fHANu-pfGBVQNPvEemIlZdn"><title>Teleshop 8: Mediashop : Homeshopping</title><date></date><icon src="https://m7be2.solocoo.tv/m7be2iphone/mmchan/mpimages/260x145/l3fymPeHIRGOQMfW1R45hQ.jpg"></icon><desc>Homeshopping</desc><category></category></programme><programme channel="ps7Lvqxl4O_1RkifJVXq6A-jY7jvedsqUPmHEiwS" start="20221203160000 +0000" stop="20221203171000 +0000" catchup-id="fBkHOsD_DqHFtXZVWdjHvAECAc2ujIyTep30SFR8"><title>Murder, She Wrote : Crimson Harvest</title><date></date><icon src="https://m7be2.solocoo.tv/m7be2iphone/mmchan/mpimages/260x145/PlvXiXlk3nEYq59aCusrFA.jpg"></icon><desc>De zoon van een wijnboer en zijn rivaal komen op mysterieuze wijze om het leven. Jessica betreedt een wereld vol hebzucht en bedrog.</desc><category></category></programme><programme channel="ps7Lvqxl4O_1RkifJVXq6A-jY7jvedsqUPmHEiwS" start="20221203171000 +0000" stop="20221203190000 +0000" catchup-id="Yh6PTGltcm59_iz_pbNyBM1r0UXtEDrL9RZ-V6R2"><title>The Magical Christmas Shoes</title><date></date><icon src="https://m7be2.solocoo.tv/m7be2iphone/mmchan/mpimages/260x145/QBXJRKSB5UW4t_Ff9nCPsA.jpg"></icon><desc>De sceptische Kayla maakt opnieuw kennis met de kerstgedachte dankzij de hulp van een paar betoverde schoenen. En misschien komt de liefde ook weer op haar pad!</desc><category></category></programme><programme channel="ps7Lvqxl4O_1RkifJVXq6A-jY7jvedsqUPmHEiwS" start="20221203190000 +0000" stop="20221203204500 +0000" catchup-id="kizSEQvUik3fy6e4ToNmf5pywrKvBz7OKR8lVBcF"><title>Magic Stocking</title><date></date><icon src="https://m7be2.solocoo.tv/m7be2iphone/mmchan/mpimages/260x145/O6yODzzh90SAcIngHC7SDQ.jpg"></icon><desc>Lindsey rouwt om de dood van haar man. Als haar dochter Hannah op een kerstmarkt een traditionele kerstsok koopt, blijkt die magische krachten te hebben. Lindseys geloof in het leven keert terug en ook de liefde krijgt weer een kans als ze een knappe kunstenaar ontmoet.</desc><category></category></programme><programme channel="ps7Lvqxl4O_1RkifJVXq6A-jY7jvedsqUPmHEiwS" start="20221203204500 +0000" stop="20221203224500 +0000" catchup-id="UMtyr__Qc8g_59TVV-jZzUCaXC9x-r3lCcI3x92Z"><title>Mrs. Miracle</title><date></date><icon src="https://m7be2.solocoo.tv/m7be2iphone/mmchan/mpimages/260x145/67P2vuu32XWFLTmEGcIzeA.jpg"></icon><desc></desc><category></category></programme><programme channel="ps7Lvqxl4O_1RkifJVXq6A-jY7jvedsqUPmHEiwS" start="20221203224500 +0000" stop="20221204003000 +0000" catchup-id="66AtiXSnnFrA22f4A3Jxn-M4s875gD92KwYOyenF"><title>Call Me Mrs. Miracle</title><date></date><icon src="https://m7be2.solocoo.tv/m7be2iphone/mmchan/mpimages/260x145/FMJ7gd9dhytPef-h5yV8rQ.jpg"></icon><desc></desc><category></category></programme>