<programme channel="uzzOPjn9-HFO22_9TIFik_kYR33hCvPGAG-X04lw" start="20221119233000 +0000" stop="20221120010000 +0000" catchup-id="s5PoYfjpbzOi_Ui7TsWsIaCCTJiBv0BUJQFV0P3s"><title>0 Men: Wet Wife Lez Life</title><date></date><icon src="https://m7be2.solocoo.tv/m7be2iphone/mmchan/mpimages/208x308/tDlD6E6HGZRK07SlD4vubw.jpg"></icon><desc></desc><category></category></programme><programme channel="uzzOPjn9-HFO22_9TIFik_kYR33hCvPGAG-X04lw" start="20221120010000 +0000" stop="20221120023000 +0000" catchup-id="l0X6n5VEK1N2JxC19TJLeR8v82sTEiRGT-M8yjpe"><title>Knob-Knead &amp; Pop on My XL Knockers!</title><date></date><icon src="https://m7be2.solocoo.tv/m7be2iphone/mmchan/mpimages/208x308/tDlD6E6HGZRK07SlD4vubw.jpg"></icon><desc></desc><category></category></programme><programme channel="uzzOPjn9-HFO22_9TIFik_kYR33hCvPGAG-X04lw" start="20221120023000 +0000" stop="20221120040000 +0000" catchup-id="E66iatBhWKTZsQNZNviLkViPJlwQTfsA2optbaBd"><title>Natural Beauties Seduced</title><date></date><icon src="https://m7be2.solocoo.tv/m7be2iphone/mmchan/mpimages/208x308/tDlD6E6HGZRK07SlD4vubw.jpg"></icon><desc></desc><category></category></programme><programme channel="uzzOPjn9-HFO22_9TIFik_kYR33hCvPGAG-X04lw" start="20221120040000 +0000" stop="20221120043000 +0000" catchup-id="L12Qk4CABEiut3y35DzO-G8xC7pTiLqXEDLt6VPO"><title>Hustler TV Clips</title><date></date><icon src="https://m7be2.solocoo.tv/m7be2iphone/mmchan/mpimages/208x308/tDlD6E6HGZRK07SlD4vubw.jpg"></icon><desc></desc><category></category></programme><programme channel="uzzOPjn9-HFO22_9TIFik_kYR33hCvPGAG-X04lw" start="20221120043000 +0000" stop="20221120060000 +0000" catchup-id="0jwx_zCrHr6n0zfqsW70oneCE5mMww2Dh0qTci__"><title>Don't Tell Dad! Stepmoms Slurp 20YOs</title><date></date><icon src="https://m7be2.solocoo.tv/m7be2iphone/mmchan/mpimages/208x308/tDlD6E6HGZRK07SlD4vubw.jpg"></icon><desc></desc><category></category></programme><programme channel="uzzOPjn9-HFO22_9TIFik_kYR33hCvPGAG-X04lw" start="20221120060000 +0000" stop="20221120073000 +0000" catchup-id="222bRARRQ5MzHlYRNsTtmlOhJNIfTrySkMELuKeH"><title>Busty Euro Babes Bang</title><date></date><icon src="https://m7be2.solocoo.tv/m7be2iphone/mmchan/mpimages/208x308/tDlD6E6HGZRK07SlD4vubw.jpg"></icon><desc></desc><category></category></programme><programme channel="uzzOPjn9-HFO22_9TIFik_kYR33hCvPGAG-X04lw" start="20221120073000 +0000" stop="20221120090000 +0000" catchup-id="Grf_PKu-fcYc37yBFCtp4hwZqrVM-q9W_zBaby8k"><title>99lb Lesbian Lookalikes Go Anal</title><date></date><icon src="https://m7be2.solocoo.tv/m7be2iphone/mmchan/mpimages/208x308/tDlD6E6HGZRK07SlD4vubw.jpg"></icon><desc></desc><category></category></programme><programme channel="uzzOPjn9-HFO22_9TIFik_kYR33hCvPGAG-X04lw" start="20221120090000 +0000" stop="20221120103000 +0000" catchup-id="fFpSGD1Ha052xOV773b8i9HllSRGckQ1P4JubLYw"><title>Ravenous E-Cup MILFs</title><date></date><icon src="https://m7be2.solocoo.tv/m7be2iphone/mmchan/mpimages/208x308/tDlD6E6HGZRK07SlD4vubw.jpg"></icon><desc></desc><category></category></programme><programme channel="uzzOPjn9-HFO22_9TIFik_kYR33hCvPGAG-X04lw" start="20221120103000 +0000" stop="20221120120000 +0000" catchup-id="L715GVWRN_qG0RJNda7nzsEJu_lMECSDZhS_rtnt"><title>Wreck My Wet Slot With Your Large Rod!</title><date></date><icon src="https://m7be2.solocoo.tv/m7be2iphone/mmchan/mpimages/208x308/tDlD6E6HGZRK07SlD4vubw.jpg"></icon><desc></desc><category></category></programme><programme channel="uzzOPjn9-HFO22_9TIFik_kYR33hCvPGAG-X04lw" start="20221120120000 +0000" stop="20221120133000 +0000" catchup-id="F4lddniMJuw6AxjAB7hdzLSXTq3mzzCFL0bZL9hA"><title>Juicy-Jugged Wives Lick Shaft Clean</title><date></date><icon src="https://m7be2.solocoo.tv/m7be2iphone/mmchan/mpimages/208x308/tDlD6E6HGZRK07SlD4vubw.jpg"></icon><desc></desc><category></category></programme><programme channel="uzzOPjn9-HFO22_9TIFik_kYR33hCvPGAG-X04lw" start="20221120133000 +0000" stop="20221120150000 +0000" catchup-id="ZpnXWOToHWJMXEPLG_1rcIr1ZwmT3I2wIGHvYzRJ"><title>Perfect Petite Pinks Pumped By Rod</title><date></date><icon src="https://m7be2.solocoo.tv/m7be2iphone/mmchan/mpimages/208x308/tDlD6E6HGZRK07SlD4vubw.jpg"></icon><desc></desc><category></category></programme><programme channel="uzzOPjn9-HFO22_9TIFik_kYR33hCvPGAG-X04lw" start="20221120150000 +0000" stop="20221120163000 +0000" catchup-id="76be9vDBnHS6NVgWNWbdc818haBw68niq_7EdJ9Y"><title>Xtra Thick Hotwife Bush!</title><date></date><icon src="https://m7be2.solocoo.tv/m7be2iphone/mmchan/mpimages/208x308/tDlD6E6HGZRK07SlD4vubw.jpg"></icon><desc></desc><category></category></programme><programme channel="uzzOPjn9-HFO22_9TIFik_kYR33hCvPGAG-X04lw" start="20221120163000 +0000" stop="20221120180000 +0000" catchup-id="feJFRUFm2U9L0_ECBDYJoYp3rSZ6EvtoXZ0QKnoa"><title>2 Studs Stuff 1 Stunner</title><date></date><icon src="https://m7be2.solocoo.tv/m7be2iphone/mmchan/mpimages/208x308/tDlD6E6HGZRK07SlD4vubw.jpg"></icon><desc></desc><category></category></programme><programme channel="uzzOPjn9-HFO22_9TIFik_kYR33hCvPGAG-X04lw" start="20221120180000 +0000" stop="20221120193000 +0000" catchup-id="dMEjdHO4xCPt__DmpOT_XNnMpB5C6mefYQlv-x89"><title>35YO Ebony Mommas Screw!</title><date></date><icon src="https://m7be2.solocoo.tv/m7be2iphone/mmchan/mpimages/208x308/tDlD6E6HGZRK07SlD4vubw.jpg"></icon><desc></desc><category></category></programme><programme channel="uzzOPjn9-HFO22_9TIFik_kYR33hCvPGAG-X04lw" start="20221120193000 +0000" stop="20221120210000 +0000" catchup-id="wElgc1p23MoZx8wQJndcsfp5xcip9VTacODtbb8p"><title>Deep Bubble-Butt Amateur Anal</title><date></date><icon src="https://m7be2.solocoo.tv/m7be2iphone/mmchan/mpimages/208x308/tDlD6E6HGZRK07SlD4vubw.jpg"></icon><desc></desc><category></category></programme><programme channel="uzzOPjn9-HFO22_9TIFik_kYR33hCvPGAG-X04lw" start="20221120210000 +0000" stop="20221120220000 +0000" catchup-id="Jfyk2-dxuofzyG_IoSZfQ4kQIEnPY4m5BBh4ZX8J"><title>Stepfamily Facials</title><date></date><icon src="https://m7be2.solocoo.tv/m7be2iphone/mmchan/mpimages/208x308/tDlD6E6HGZRK07SlD4vubw.jpg"></icon><desc></desc><category></category></programme><programme channel="uzzOPjn9-HFO22_9TIFik_kYR33hCvPGAG-X04lw" start="20221120220000 +0000" stop="20221120233000 +0000" catchup-id="2Qc33FWY8VfL8ziIeb1i10bOm07-oUaF2GK-8z1o"><title>GILFs Loving Hung Black Studs</title><date></date><icon src="https://m7be2.solocoo.tv/m7be2iphone/mmchan/mpimages/208x308/tDlD6E6HGZRK07SlD4vubw.jpg"></icon><desc></desc><category></category></programme><programme channel="uzzOPjn9-HFO22_9TIFik_kYR33hCvPGAG-X04lw" start="20221120233000 +0000" stop="20221121010000 +0000" catchup-id="q0MsciYnUhKvLeTVqHzd4GeKgRtg78lFx0rQq4bV"><title>30YO Hotwives Crave Creampies</title><date></date><icon src="https://m7be2.solocoo.tv/m7be2iphone/mmchan/mpimages/208x308/tDlD6E6HGZRK07SlD4vubw.jpg"></icon><desc></desc><category></category></programme><programme channel="uzzOPjn9-HFO22_9TIFik_kYR33hCvPGAG-X04lw" start="20221121010000 +0000" stop="20221121023000 +0000" catchup-id="6KwYuuEL22m2fFYL0t3coydu3n7Ci-rerN-UtGst"><title>Euro Cutie Creampies</title><date></date><icon src="https://m7be2.solocoo.tv/m7be2iphone/mmchan/mpimages/208x308/tDlD6E6HGZRK07SlD4vubw.jpg"></icon><desc></desc><category></category></programme><programme channel="uzzOPjn9-HFO22_9TIFik_kYR33hCvPGAG-X04lw" start="20221121023000 +0000" stop="20221121040000 +0000" catchup-id="5YOBTC1CTp6ORXiIhWdo6FrMmSR3Ec8voBUyZxkQ"><title>Wife Watchers: Hotwives' Cheat Week</title><date></date><icon src="https://m7be2.solocoo.tv/m7be2iphone/mmchan/mpimages/208x308/tDlD6E6HGZRK07SlD4vubw.jpg"></icon><desc></desc><category></category></programme><programme channel="uzzOPjn9-HFO22_9TIFik_kYR33hCvPGAG-X04lw" start="20221121040000 +0000" stop="20221121043000 +0000" catchup-id="YZNd3ah6V6Fem-MgQmcSopG-gX834fL11220M82H"><title>Hustler TV Clips</title><date></date><icon src="https://m7be2.solocoo.tv/m7be2iphone/mmchan/mpimages/208x308/tDlD6E6HGZRK07SlD4vubw.jpg"></icon><desc></desc><category></category></programme><programme channel="uzzOPjn9-HFO22_9TIFik_kYR33hCvPGAG-X04lw" start="20221121043000 +0000" stop="20221121060000 +0000" catchup-id="fMlsfM5SfNznmrXyXcoh6YKKxxXfhCfnz9klNb0K"><title>Revealing Starlets Spread &amp; Spunked</title><date></date><icon src="https://m7be2.solocoo.tv/m7be2iphone/mmchan/mpimages/208x308/tDlD6E6HGZRK07SlD4vubw.jpg"></icon><desc></desc><category></category></programme><programme channel="uzzOPjn9-HFO22_9TIFik_kYR33hCvPGAG-X04lw" start="20221121060000 +0000" stop="20221121073000 +0000" catchup-id="ROq2y6puMO4L816OnasNglGj5GsniwugY9_DK7p2"><title>0 Men: Wet Wife Lez Life</title><date></date><icon src="https://m7be2.solocoo.tv/m7be2iphone/mmchan/mpimages/208x308/tDlD6E6HGZRK07SlD4vubw.jpg"></icon><desc></desc><category></category></programme><programme channel="uzzOPjn9-HFO22_9TIFik_kYR33hCvPGAG-X04lw" start="20221121073000 +0000" stop="20221121090000 +0000" catchup-id="RarzCPhSeWF3Ko02-yI4mHBxoYLViObgiXEnl51F"><title>Lingerie &amp; Curves: Sensual Beauties</title><date></date><icon src="https://m7be2.solocoo.tv/m7be2iphone/mmchan/mpimages/208x308/tDlD6E6HGZRK07SlD4vubw.jpg"></icon><desc></desc><category></category></programme><programme channel="uzzOPjn9-HFO22_9TIFik_kYR33hCvPGAG-X04lw" start="20221121090000 +0000" stop="20221121103000 +0000" catchup-id="iszD-3xHjNIzWDiWbcxqs3R4-csoJp0Hl6HVYmt2"><title>Pristine Petites Tag-Team Shaft</title><date></date><icon src="https://m7be2.solocoo.tv/m7be2iphone/mmchan/mpimages/208x308/tDlD6E6HGZRK07SlD4vubw.jpg"></icon><desc></desc><category></category></programme><programme channel="uzzOPjn9-HFO22_9TIFik_kYR33hCvPGAG-X04lw" start="20221121103000 +0000" stop="20221121120000 +0000" catchup-id="PWBimfZeXTygMx4L6wHWJYAtDD2-CatohLwPZAqg"><title>Drippin Lesbo Lickin</title><date></date><icon src="https://m7be2.solocoo.tv/m7be2iphone/mmchan/mpimages/208x308/tDlD6E6HGZRK07SlD4vubw.jpg"></icon><desc></desc><category></category></programme><programme channel="uzzOPjn9-HFO22_9TIFik_kYR33hCvPGAG-X04lw" start="20221121120000 +0000" stop="20221121133000 +0000" catchup-id="itpZcMtjAra2MhOieo0Iuvoq34sMzwLfbyo-nXQL"><title>Farmers Daughter</title><date></date><icon src="https://m7be2.solocoo.tv/m7be2iphone/mmchan/mpimages/208x308/tDlD6E6HGZRK07SlD4vubw.jpg"></icon><desc></desc><category></category></programme><programme channel="uzzOPjn9-HFO22_9TIFik_kYR33hCvPGAG-X04lw" start="20221121133000 +0000" stop="20221121150000 +0000" catchup-id="fMDaw_9Gru8xZoYEyFQ5tELMwHxjDDWSeuDKTrmH"><title>Wives Back Up on 10'' Bone</title><date></date><icon src="https://m7be2.solocoo.tv/m7be2iphone/mmchan/mpimages/208x308/tDlD6E6HGZRK07SlD4vubw.jpg"></icon><desc></desc><category></category></programme><programme channel="uzzOPjn9-HFO22_9TIFik_kYR33hCvPGAG-X04lw" start="20221121150000 +0000" stop="20221121163000 +0000" catchup-id="_Cg5lV02ZKwT4xMmS1cfRNzMn7sAJCjHYCqIn4mC"><title>All Stars: Bi Orgy</title><date></date><icon src="https://m7be2.solocoo.tv/m7be2iphone/mmchan/mpimages/208x308/tDlD6E6HGZRK07SlD4vubw.jpg"></icon><desc></desc><category></category></programme><programme channel="uzzOPjn9-HFO22_9TIFik_kYR33hCvPGAG-X04lw" start="20221121163000 +0000" stop="20221121180000 +0000" catchup-id="q_LQYieX7mVp01OwlQUipEn_wfFr8aENd-uiwRmT"><title>60YO G-Cup GILF vs 25YO Lesbians</title><date></date><icon src="https://m7be2.solocoo.tv/m7be2iphone/mmchan/mpimages/208x308/tDlD6E6HGZRK07SlD4vubw.jpg"></icon><desc></desc><category></category></programme><programme channel="uzzOPjn9-HFO22_9TIFik_kYR33hCvPGAG-X04lw" start="20221121180000 +0000" stop="20221121193000 +0000" catchup-id="2Zp-Jhb90KPMmK7JXv5ce3O42PT1eJGscR_iYA7g"><title>Stacked Petites Bounce on Shaft</title><date></date><icon src="https://m7be2.solocoo.tv/m7be2iphone/mmchan/mpimages/208x308/tDlD6E6HGZRK07SlD4vubw.jpg"></icon><desc></desc><category></category></programme><programme channel="uzzOPjn9-HFO22_9TIFik_kYR33hCvPGAG-X04lw" start="20221121193000 +0000" stop="20221121210000 +0000" catchup-id="ALMFQ2N1G62UfFJOT2CZgnHoVGjarJ6hjRc-ic1P"><title>Legal Lez Stepsister Slot-Suckers</title><date></date><icon src="https://m7be2.solocoo.tv/m7be2iphone/mmchan/mpimages/208x308/tDlD6E6HGZRK07SlD4vubw.jpg"></icon><desc></desc><category></category></programme><programme channel="uzzOPjn9-HFO22_9TIFik_kYR33hCvPGAG-X04lw" start="20221121210000 +0000" stop="20221121220000 +0000" catchup-id="0iS2yvBY4fwdatxVbKVGpMvb4sep2GugapBl5DM4"><title>DD MILFs DP'd</title><date></date><icon src="https://m7be2.solocoo.tv/m7be2iphone/mmchan/mpimages/208x308/tDlD6E6HGZRK07SlD4vubw.jpg"></icon><desc></desc><category></category></programme><programme channel="uzzOPjn9-HFO22_9TIFik_kYR33hCvPGAG-X04lw" start="20221121220000 +0000" stop="20221121233000 +0000" catchup-id="J9YcXKii8_7FMeQdhw6XEqrVAfy1mWBPgwg4N36I"><title>10 Best: Double-Penetrated 3-Way Babes</title><date></date><icon src="https://m7be2.solocoo.tv/m7be2iphone/mmchan/mpimages/208x308/tDlD6E6HGZRK07SlD4vubw.jpg"></icon><desc></desc><category></category></programme><programme channel="uzzOPjn9-HFO22_9TIFik_kYR33hCvPGAG-X04lw" start="20221121233000 +0000" stop="20221122010000 +0000" catchup-id="7jVyrkGU5DBavbDYmv3_NKNuHA33G4mIbnoAC194"><title>I Nailed My Horny Stepsister!</title><date></date><icon src="https://m7be2.solocoo.tv/m7be2iphone/mmchan/mpimages/208x308/tDlD6E6HGZRK07SlD4vubw.jpg"></icon><desc></desc><category></category></programme><programme channel="uzzOPjn9-HFO22_9TIFik_kYR33hCvPGAG-X04lw" start="20221122010000 +0000" stop="20221122023000 +0000" catchup-id="X6UfOSTXMT1Y2F9wla_K68WNgR8a82ZenccHYzi3"><title>DD Office MILF Bangings</title><date></date><icon src="https://m7be2.solocoo.tv/m7be2iphone/mmchan/mpimages/208x308/tDlD6E6HGZRK07SlD4vubw.jpg"></icon><desc></desc><category></category></programme><programme channel="uzzOPjn9-HFO22_9TIFik_kYR33hCvPGAG-X04lw" start="20221122023000 +0000" stop="20221122040000 +0000" catchup-id="3YRinvPnMv-pEgCEGPvSUupZAE7ys7AucR_pIV52"><title>Deep Bubble-Butt Amateur Anal</title><date></date><icon src="https://m7be2.solocoo.tv/m7be2iphone/mmchan/mpimages/208x308/tDlD6E6HGZRK07SlD4vubw.jpg"></icon><desc></desc><category></category></programme><programme channel="uzzOPjn9-HFO22_9TIFik_kYR33hCvPGAG-X04lw" start="20221122040000 +0000" stop="20221122043000 +0000" catchup-id="ir_U5K2w9DpjdeFCKoII678JdcyV-eXxTMH67CD-"><title>Hustler TV Clips</title><date></date><icon src="https://m7be2.solocoo.tv/m7be2iphone/mmchan/mpimages/208x308/tDlD6E6HGZRK07SlD4vubw.jpg"></icon><desc></desc><category></category></programme><programme channel="uzzOPjn9-HFO22_9TIFik_kYR33hCvPGAG-X04lw" start="20221122043000 +0000" stop="20221122060000 +0000" catchup-id="4fsJnbmRTR8bD6MxIvxain_bx2Se3LadZERs6PSq"><title>GILFs Loving Hung Black Studs</title><date></date><icon src="https://m7be2.solocoo.tv/m7be2iphone/mmchan/mpimages/208x308/tDlD6E6HGZRK07SlD4vubw.jpg"></icon><desc></desc><category></category></programme><programme channel="uzzOPjn9-HFO22_9TIFik_kYR33hCvPGAG-X04lw" start="20221122060000 +0000" stop="20221122073000 +0000" catchup-id="RoOkINglsEz_jObgW-k0q7-levXDRlgnYQlRu2Fz"><title>Sweet 18YO DP'd!</title><date></date><icon src="https://m7be2.solocoo.tv/m7be2iphone/mmchan/mpimages/208x308/tDlD6E6HGZRK07SlD4vubw.jpg"></icon><desc></desc><category></category></programme><programme channel="uzzOPjn9-HFO22_9TIFik_kYR33hCvPGAG-X04lw" start="20221122073000 +0000" stop="20221122090000 +0000" catchup-id="VG1vtKalCdC8vvdRJP8NGZdH0pJ1UaKcT4F3sk8O"><title>All Natural Black Boobs</title><date></date><icon src="https://m7be2.solocoo.tv/m7be2iphone/mmchan/mpimages/208x308/tDlD6E6HGZRK07SlD4vubw.jpg"></icon><desc></desc><category></category></programme><programme channel="uzzOPjn9-HFO22_9TIFik_kYR33hCvPGAG-X04lw" start="20221122090000 +0000" stop="20221122103000 +0000" catchup-id="G8FAIZhzfIcIZ2pl5JMjrcVks4iiXh72C3c4y0V4"><title>Plunge Into My Petite Lez Backdoor!</title><date></date><icon src="https://m7be2.solocoo.tv/m7be2iphone/mmchan/mpimages/208x308/tDlD6E6HGZRK07SlD4vubw.jpg"></icon><desc></desc><category></category></programme><programme channel="uzzOPjn9-HFO22_9TIFik_kYR33hCvPGAG-X04lw" start="20221122103000 +0000" stop="20221122120000 +0000" catchup-id="rZHLSzr3tHeFDUD6V51HT5tRtieJVg-yM-R1mZ7K"><title>Office 3-Ways: DP'd My Secretary</title><date></date><icon src="https://m7be2.solocoo.tv/m7be2iphone/mmchan/mpimages/208x308/tDlD6E6HGZRK07SlD4vubw.jpg"></icon><desc></desc><category></category></programme><programme channel="uzzOPjn9-HFO22_9TIFik_kYR33hCvPGAG-X04lw" start="20221122120000 +0000" stop="20221122133000 +0000" catchup-id="vBF0w9JfGMeX6r1Y116xVcJyeGXfZiiLvwwe47ob"><title>Stepdad Owns My 18YO Butt!</title><date></date><icon src="https://m7be2.solocoo.tv/m7be2iphone/mmchan/mpimages/208x308/tDlD6E6HGZRK07SlD4vubw.jpg"></icon><desc></desc><category></category></programme><programme channel="uzzOPjn9-HFO22_9TIFik_kYR33hCvPGAG-X04lw" start="20221122133000 +0000" stop="20221122150000 +0000" catchup-id="AlIOBtECvmQhbqQZKuUR23sPbnnZ9Vgtb58oTF5_"><title>11'' Black Rod: Anal Creampies &amp; More</title><date></date><icon src="https://m7be2.solocoo.tv/m7be2iphone/mmchan/mpimages/208x308/tDlD6E6HGZRK07SlD4vubw.jpg"></icon><desc></desc><category></category></programme><programme channel="uzzOPjn9-HFO22_9TIFik_kYR33hCvPGAG-X04lw" start="20221122150000 +0000" stop="20221122163000 +0000" catchup-id="6XPMeGvTH53glUnmbTLVPzD4uEiN6Vs0UpafP0Tk"><title>DD Lesbian Box-Lickers #2</title><date></date><icon src="https://m7be2.solocoo.tv/m7be2iphone/mmchan/mpimages/208x308/tDlD6E6HGZRK07SlD4vubw.jpg"></icon><desc></desc><category></category></programme><programme channel="uzzOPjn9-HFO22_9TIFik_kYR33hCvPGAG-X04lw" start="20221122163000 +0000" stop="20221122180000 +0000" catchup-id="Pwf3vPNjZkt-Jld7DBpb-7M8lzt1eWyytzzUgQ1V"><title>Petite Chicks Split By Mondo-Meat</title><date></date><icon src="https://m7be2.solocoo.tv/m7be2iphone/mmchan/mpimages/208x308/tDlD6E6HGZRK07SlD4vubw.jpg"></icon><desc></desc><category></category></programme><programme channel="uzzOPjn9-HFO22_9TIFik_kYR33hCvPGAG-X04lw" start="20221122180000 +0000" stop="20221122193000 +0000" catchup-id="74ctJJzopp9A6f9t9qUVYA2mXEiagQ-PKdPZjrYc"><title>Giant Natural Boobs!</title><date></date><icon src="https://m7be2.solocoo.tv/m7be2iphone/mmchan/mpimages/208x308/tDlD6E6HGZRK07SlD4vubw.jpg"></icon><desc></desc><category></category></programme><programme channel="uzzOPjn9-HFO22_9TIFik_kYR33hCvPGAG-X04lw" start="20221122193000 +0000" stop="20221122210000 +0000" catchup-id="RuqZmV6g5jjTV88uwISTeARoAS4sPzY6fyUKD1zd"><title>Don't Tell Dad! Stepmoms Slurp 20YOs</title><date></date><icon src="https://m7be2.solocoo.tv/m7be2iphone/mmchan/mpimages/208x308/tDlD6E6HGZRK07SlD4vubw.jpg"></icon><desc></desc><category></category></programme><programme channel="uzzOPjn9-HFO22_9TIFik_kYR33hCvPGAG-X04lw" start="20221122210000 +0000" stop="20221122220000 +0000" catchup-id="Te-6WcKSoYMP8HS6FRzYw1ExS_HdURBJEI1iB4eb"><title>Xtra Big Bootys Twerk on Shaft</title><date></date><icon src="https://m7be2.solocoo.tv/m7be2iphone/mmchan/mpimages/208x308/tDlD6E6HGZRK07SlD4vubw.jpg"></icon><desc></desc><category></category></programme><programme channel="uzzOPjn9-HFO22_9TIFik_kYR33hCvPGAG-X04lw" start="20221122220000 +0000" stop="20221122233000 +0000" catchup-id="shBRSS0PvUB3432c5B9qfR5QQL8OESuFtEf3FOEu"><title>Toying With All-Natural Lesbians</title><date></date><icon src="https://m7be2.solocoo.tv/m7be2iphone/mmchan/mpimages/208x308/tDlD6E6HGZRK07SlD4vubw.jpg"></icon><desc></desc><category></category></programme><programme channel="uzzOPjn9-HFO22_9TIFik_kYR33hCvPGAG-X04lw" start="20221122233000 +0000" stop="20221123010000 +0000" catchup-id="AMielYubIEqPa_3cOdFTPa4yOSj7FsItIempAg8K"><title>Perky-Chested Teens Screw</title><date></date><icon src="https://m7be2.solocoo.tv/m7be2iphone/mmchan/mpimages/208x308/tDlD6E6HGZRK07SlD4vubw.jpg"></icon><desc></desc><category></category></programme><programme channel="uzzOPjn9-HFO22_9TIFik_kYR33hCvPGAG-X04lw" start="20221123010000 +0000" stop="20221123023000 +0000" catchup-id="riawdhXhLDoEFSt7RpN4TO5Mn-8mEeYfQy1tnfVB"><title>Wives Punish Cheaters</title><date></date><icon src="https://m7be2.solocoo.tv/m7be2iphone/mmchan/mpimages/208x308/tDlD6E6HGZRK07SlD4vubw.jpg"></icon><desc></desc><category></category></programme><programme channel="uzzOPjn9-HFO22_9TIFik_kYR33hCvPGAG-X04lw" start="20221123023000 +0000" stop="20221123040000 +0000" catchup-id="A1Nk90l8f_N4Z1eRqIQSs7K650ouFKJ20XcTVglW"><title>Deep Bubble-Butt Amateur Anal</title><date></date><icon src="https://m7be2.solocoo.tv/m7be2iphone/mmchan/mpimages/208x308/tDlD6E6HGZRK07SlD4vubw.jpg"></icon><desc></desc><category></category></programme><programme channel="uzzOPjn9-HFO22_9TIFik_kYR33hCvPGAG-X04lw" start="20221123040000 +0000" stop="20221123043000 +0000" catchup-id="P-cVb6u-Bmop4y9t2US6Irp2KhSoeEfQyiQtZ91G"><title>Hustler TV Clips</title><date></date><icon src="https://m7be2.solocoo.tv/m7be2iphone/mmchan/mpimages/208x308/tDlD6E6HGZRK07SlD4vubw.jpg"></icon><desc></desc><category></category></programme><programme channel="uzzOPjn9-HFO22_9TIFik_kYR33hCvPGAG-X04lw" start="20221123043000 +0000" stop="20221123060000 +0000" catchup-id="SSdThBLvd7RVyUoTCc_0MOrK3hzSmVri0IP7kCzz"><title>10 Best: Double-Penetrated 3-Way Babes</title><date></date><icon src="https://m7be2.solocoo.tv/m7be2iphone/mmchan/mpimages/208x308/tDlD6E6HGZRK07SlD4vubw.jpg"></icon><desc></desc><category></category></programme><programme channel="uzzOPjn9-HFO22_9TIFik_kYR33hCvPGAG-X04lw" start="20221123060000 +0000" stop="20221123073000 +0000" catchup-id="sbW2f2dKEJuu0AVGmnxDu4bSBILhWWV45y_A2dZM"><title>Facials For Sweet Teens</title><date></date><icon src="https://m7be2.solocoo.tv/m7be2iphone/mmchan/mpimages/208x308/tDlD6E6HGZRK07SlD4vubw.jpg"></icon><desc></desc><category></category></programme><programme channel="uzzOPjn9-HFO22_9TIFik_kYR33hCvPGAG-X04lw" start="20221123073000 +0000" stop="20221123090000 +0000" catchup-id="xeWxwr0WtnN8jMobxn_Xzab2rQWZ-6Hgln98aWS6"><title>Jigglin' Big Juggs</title><date></date><icon src="https://m7be2.solocoo.tv/m7be2iphone/mmchan/mpimages/208x308/tDlD6E6HGZRK07SlD4vubw.jpg"></icon><desc></desc><category></category></programme><programme channel="uzzOPjn9-HFO22_9TIFik_kYR33hCvPGAG-X04lw" start="20221123090000 +0000" stop="20221123103000 +0000" catchup-id="uFgN94p4-GCrbFmBJ8-24Ogz_ISgmUMOpHlGmcJu"><title>Teens Ride Shaft Outdoors</title><date></date><icon src="https://m7be2.solocoo.tv/m7be2iphone/mmchan/mpimages/208x308/tDlD6E6HGZRK07SlD4vubw.jpg"></icon><desc></desc><category></category></programme><programme channel="uzzOPjn9-HFO22_9TIFik_kYR33hCvPGAG-X04lw" start="20221123103000 +0000" stop="20221123120000 +0000" catchup-id="kAyo_gLrdGgL5xQUPHAMIcgRs75iLivgKseNn12S"><title>Desires Of A Young, Wet Housewife</title><date></date><icon src="https://m7be2.solocoo.tv/m7be2iphone/mmchan/mpimages/208x308/tDlD6E6HGZRK07SlD4vubw.jpg"></icon><desc></desc><category></category></programme><programme channel="uzzOPjn9-HFO22_9TIFik_kYR33hCvPGAG-X04lw" start="20221123120000 +0000" stop="20221123133000 +0000" catchup-id="BZWRgBrD4es_IQIcuI_jL4Lik0Ugialr6j0iynEh"><title>Grinding With Latina Babes</title><date></date><icon src="https://m7be2.solocoo.tv/m7be2iphone/mmchan/mpimages/208x308/tDlD6E6HGZRK07SlD4vubw.jpg"></icon><desc></desc><category></category></programme><programme channel="uzzOPjn9-HFO22_9TIFik_kYR33hCvPGAG-X04lw" start="20221123133000 +0000" stop="20221123150000 +0000" catchup-id="VGP8ZyPrEH3yGUJKzSocpH0qjpVN301cn-aH16Hg"><title>Squirting Hotwives Soak Shaft</title><date></date><icon src="https://m7be2.solocoo.tv/m7be2iphone/mmchan/mpimages/208x308/tDlD6E6HGZRK07SlD4vubw.jpg"></icon><desc></desc><category></category></programme><programme channel="uzzOPjn9-HFO22_9TIFik_kYR33hCvPGAG-X04lw" start="20221123150000 +0000" stop="20221123163000 +0000" catchup-id="dbBDgzMFuvNnPPWYWAXPiDc_Ujjarkq049iLsxr8"><title>Facials For Flirty Teens</title><date></date><icon src="https://m7be2.solocoo.tv/m7be2iphone/mmchan/mpimages/208x308/tDlD6E6HGZRK07SlD4vubw.jpg"></icon><desc></desc><category></category></programme><programme channel="uzzOPjn9-HFO22_9TIFik_kYR33hCvPGAG-X04lw" start="20221123163000 +0000" stop="20221123180000 +0000" catchup-id="K68JL9wGjhZvWTAXTAuqSMJvucBL8k4nPH8NKcGl"><title>Wife Keeps Begging Me To Try Bi!</title><date></date><icon src="https://m7be2.solocoo.tv/m7be2iphone/mmchan/mpimages/208x308/tDlD6E6HGZRK07SlD4vubw.jpg"></icon><desc></desc><category></category></programme><programme channel="uzzOPjn9-HFO22_9TIFik_kYR33hCvPGAG-X04lw" start="20221123180000 +0000" stop="20221123193000 +0000" catchup-id="-qPyAF8UJsTJP1v2icOGPF_2sJAb1E6SQEgxkN02"><title>Revealing Starlets Spread &amp; Spunked</title><date></date><icon src="https://m7be2.solocoo.tv/m7be2iphone/mmchan/mpimages/208x308/tDlD6E6HGZRK07SlD4vubw.jpg"></icon><desc></desc><category></category></programme><programme channel="uzzOPjn9-HFO22_9TIFik_kYR33hCvPGAG-X04lw" start="20221123193000 +0000" stop="20221123210000 +0000" catchup-id="iFt-Qs9eum2MV0pKUUD-_bb8CcB9kJu7JPc8N8HM"><title>0 Men: Wet Wife Lez Life</title><date></date><icon src="https://m7be2.solocoo.tv/m7be2iphone/mmchan/mpimages/208x308/tDlD6E6HGZRK07SlD4vubw.jpg"></icon><desc></desc><category></category></programme><programme channel="uzzOPjn9-HFO22_9TIFik_kYR33hCvPGAG-X04lw" start="20221123210000 +0000" stop="20221123220000 +0000" catchup-id="oazmKbWp-yygjqz22VmwiDoPdxoGK_USYWaNEwhi"><title>Lesbian Interracial</title><date></date><icon src="https://m7be2.solocoo.tv/m7be2iphone/mmchan/mpimages/208x308/tDlD6E6HGZRK07SlD4vubw.jpg"></icon><desc></desc><category></category></programme><programme channel="uzzOPjn9-HFO22_9TIFik_kYR33hCvPGAG-X04lw" start="20221123220000 +0000" stop="20221123233000 +0000" catchup-id="8kDcKEQbD6EWyUHmFECwcHxuT817IT5iIA2BHniQ"><title>Got Caught &amp; Creamed!</title><date></date><icon src="https://m7be2.solocoo.tv/m7be2iphone/mmchan/mpimages/208x308/tDlD6E6HGZRK07SlD4vubw.jpg"></icon><desc></desc><category></category></programme><programme channel="uzzOPjn9-HFO22_9TIFik_kYR33hCvPGAG-X04lw" start="20221123233000 +0000" stop="20221124010000 +0000" catchup-id="n0SBTGcbGm31T1dbt4CFp4gFuwgnVMRzl1GBIGco"><title>Legal Secret Stepfamily Sexfests!</title><date></date><icon src="https://m7be2.solocoo.tv/m7be2iphone/mmchan/mpimages/208x308/tDlD6E6HGZRK07SlD4vubw.jpg"></icon><desc></desc><category></category></programme><programme channel="uzzOPjn9-HFO22_9TIFik_kYR33hCvPGAG-X04lw" start="20221124010000 +0000" stop="20221124023000 +0000" catchup-id="7Zw49ePbLr9dS0ww1wd3MpOAC2HIREig7KHFmvn_"><title>Tag-Teaming 20YO Nympho 3-Ways</title><date></date><icon src="https://m7be2.solocoo.tv/m7be2iphone/mmchan/mpimages/208x308/tDlD6E6HGZRK07SlD4vubw.jpg"></icon><desc></desc><category></category></programme><programme channel="uzzOPjn9-HFO22_9TIFik_kYR33hCvPGAG-X04lw" start="20221124023000 +0000" stop="20221124040000 +0000" catchup-id="yeeD7Sbd11SVIjmEb-n6Dchsbc2rVIs1N0Nrj3Se"><title>Legal Lez Stepsister Slot-Suckers</title><date></date><icon src="https://m7be2.solocoo.tv/m7be2iphone/mmchan/mpimages/208x308/tDlD6E6HGZRK07SlD4vubw.jpg"></icon><desc></desc><category></category></programme><programme channel="uzzOPjn9-HFO22_9TIFik_kYR33hCvPGAG-X04lw" start="20221124040000 +0000" stop="20221124043000 +0000" catchup-id="wyzhvfaKutb3LttGyR2MKYStB2BpZ0aDTaemjZqO"><title>Hustler TV Clips</title><date></date><icon src="https://m7be2.solocoo.tv/m7be2iphone/mmchan/mpimages/208x308/tDlD6E6HGZRK07SlD4vubw.jpg"></icon><desc></desc><category></category></programme><programme channel="uzzOPjn9-HFO22_9TIFik_kYR33hCvPGAG-X04lw" start="20221124043000 +0000" stop="20221124060000 +0000" catchup-id="SqIqjc5YXXy8J5hY5cyNFg3w-hd0vT2DwJ9KnfcH"><title>Toying With All-Natural Lesbians</title><date></date><icon src="https://m7be2.solocoo.tv/m7be2iphone/mmchan/mpimages/208x308/tDlD6E6HGZRK07SlD4vubw.jpg"></icon><desc></desc><category></category></programme><programme channel="uzzOPjn9-HFO22_9TIFik_kYR33hCvPGAG-X04lw" start="20221124060000 +0000" stop="20221124073000 +0000" catchup-id="KLlksjDurRqWmbrszAPjph3xdpGFKeQHpIC-q_55"><title>35YO Ebony Mommas Screw!</title><date></date><icon src="https://m7be2.solocoo.tv/m7be2iphone/mmchan/mpimages/208x308/tDlD6E6HGZRK07SlD4vubw.jpg"></icon><desc></desc><category></category></programme><programme channel="uzzOPjn9-HFO22_9TIFik_kYR33hCvPGAG-X04lw" start="20221124073000 +0000" stop="20221124090000 +0000" catchup-id="dEMdunHEhBP4E0qyunhJram6VqGvaVhGtAkHkKbm"><title>Busty Euro Babes Bang</title><date></date><icon src="https://m7be2.solocoo.tv/m7be2iphone/mmchan/mpimages/208x308/tDlD6E6HGZRK07SlD4vubw.jpg"></icon><desc></desc><category></category></programme><programme channel="uzzOPjn9-HFO22_9TIFik_kYR33hCvPGAG-X04lw" start="20221124090000 +0000" stop="20221124103000 +0000" catchup-id="Efml666_xLR80MbE2qIaZof4ELaHVrdaRbAR6_YJ"><title>Lingerie &amp; Curves: Sensual Beauties</title><date></date><icon src="https://m7be2.solocoo.tv/m7be2iphone/mmchan/mpimages/208x308/tDlD6E6HGZRK07SlD4vubw.jpg"></icon><desc></desc><category></category></programme><programme channel="uzzOPjn9-HFO22_9TIFik_kYR33hCvPGAG-X04lw" start="20221124103000 +0000" stop="20221124120000 +0000" catchup-id="4zXoGGc-oaVQe8B1JpMwh_ERplzIjZPohZk-Ep90"><title>Legal Nannys Straddle the Boss</title><date></date><icon src="https://m7be2.solocoo.tv/m7be2iphone/mmchan/mpimages/208x308/tDlD6E6HGZRK07SlD4vubw.jpg"></icon><desc></desc><category></category></programme><programme channel="uzzOPjn9-HFO22_9TIFik_kYR33hCvPGAG-X04lw" start="20221124120000 +0000" stop="20221124133000 +0000" catchup-id="ywFKWzq96fH05WybPB8fANdqbBvaO48OTPE0CxYG"><title>Young Wives' Creampies</title><date></date><icon src="https://m7be2.solocoo.tv/m7be2iphone/mmchan/mpimages/208x308/tDlD6E6HGZRK07SlD4vubw.jpg"></icon><desc></desc><category></category></programme><programme channel="uzzOPjn9-HFO22_9TIFik_kYR33hCvPGAG-X04lw" start="20221124133000 +0000" stop="20221124150000 +0000" catchup-id="DeUsvYc96x4RSGFJsZoe2q_ng5s6WO-ChqJyrWF7"><title>Naughty Bi Nature</title><date></date><icon src="https://m7be2.solocoo.tv/m7be2iphone/mmchan/mpimages/208x308/tDlD6E6HGZRK07SlD4vubw.jpg"></icon><desc></desc><category></category></programme><programme channel="uzzOPjn9-HFO22_9TIFik_kYR33hCvPGAG-X04lw" start="20221124150000 +0000" stop="20221124163000 +0000" catchup-id="BnHxILMG9oT1fPNm9Jv7kkdvndax7tKtsI-Ngq67"><title>E-Cup 3-Ways, Load-Glazed Melons</title><date></date><icon src="https://m7be2.solocoo.tv/m7be2iphone/mmchan/mpimages/208x308/tDlD6E6HGZRK07SlD4vubw.jpg"></icon><desc></desc><category></category></programme><programme channel="uzzOPjn9-HFO22_9TIFik_kYR33hCvPGAG-X04lw" start="20221124163000 +0000" stop="20221124180000 +0000" catchup-id="J9AaCJVYz_zKEXcKvqU6U56fDL5kmTWZ7qJPH68v"><title>Rough And Depraved</title><date></date><icon src="https://m7be2.solocoo.tv/m7be2iphone/mmchan/mpimages/208x308/tDlD6E6HGZRK07SlD4vubw.jpg"></icon><desc></desc><category></category></programme><programme channel="uzzOPjn9-HFO22_9TIFik_kYR33hCvPGAG-X04lw" start="20221124180000 +0000" stop="20221124193000 +0000" catchup-id="b930VQPBCBqg3HR_jrMZRJz_3qy69W1DAW1iNl-q"><title>Two Women Ride One Stud</title><date></date><icon src="https://m7be2.solocoo.tv/m7be2iphone/mmchan/mpimages/208x308/tDlD6E6HGZRK07SlD4vubw.jpg"></icon><desc></desc><category></category></programme><programme channel="uzzOPjn9-HFO22_9TIFik_kYR33hCvPGAG-X04lw" start="20221124193000 +0000" stop="20221124210000 +0000" catchup-id="0uDk24VPtnLtsBqTCy30PxFeZNUbJHkr8CISNUXe"><title>GILFs Loving Hung Black Studs</title><date></date><icon src="https://m7be2.solocoo.tv/m7be2iphone/mmchan/mpimages/208x308/tDlD6E6HGZRK07SlD4vubw.jpg"></icon><desc></desc><category></category></programme><programme channel="uzzOPjn9-HFO22_9TIFik_kYR33hCvPGAG-X04lw" start="20221124210000 +0000" stop="20221124220000 +0000" catchup-id="Wlqj-btBmHqsTpmTZFtSs0JT22qr4tWnT_Z0GOJY"><title>T-Girl Butts: 18YO &amp; Ready 4 Rod</title><date></date><icon src="https://m7be2.solocoo.tv/m7be2iphone/mmchan/mpimages/208x308/tDlD6E6HGZRK07SlD4vubw.jpg"></icon><desc></desc><category></category></programme><programme channel="uzzOPjn9-HFO22_9TIFik_kYR33hCvPGAG-X04lw" start="20221124220000 +0000" stop="20221124233000 +0000" catchup-id="hUun3Q38vitWTuehy8k2QqY5WY79xMyluz-M9ZrA"><title>10 Best: Step18YO Nymphs</title><date></date><icon src="https://m7be2.solocoo.tv/m7be2iphone/mmchan/mpimages/208x308/tDlD6E6HGZRK07SlD4vubw.jpg"></icon><desc></desc><category></category></programme><programme channel="uzzOPjn9-HFO22_9TIFik_kYR33hCvPGAG-X04lw" start="20221124233000 +0000" stop="20221125010000 +0000" catchup-id="s401MC1xWdsKprvp6-ZhLTkJ_6jRM8Y5VOxaiWJN"><title>Office 3-Ways: DP'd My Secretary</title><date></date><icon src="https://m7be2.solocoo.tv/m7be2iphone/mmchan/mpimages/208x308/tDlD6E6HGZRK07SlD4vubw.jpg"></icon><desc></desc><category></category></programme><programme channel="uzzOPjn9-HFO22_9TIFik_kYR33hCvPGAG-X04lw" start="20221125010000 +0000" stop="20221125023000 +0000" catchup-id="JybarUrAQBSKMe3xBh4kDTXcCU9wx_eGg248fHl2"><title>Real Boobs on Horny Babes</title><date></date><icon src="https://m7be2.solocoo.tv/m7be2iphone/mmchan/mpimages/208x308/tDlD6E6HGZRK07SlD4vubw.jpg"></icon><desc></desc><category></category></programme><programme channel="uzzOPjn9-HFO22_9TIFik_kYR33hCvPGAG-X04lw" start="20221125023000 +0000" stop="20221125040000 +0000" catchup-id="AX0qte746gHdpX7UlAtw6BusmwQmbwnrzFUTJw48"><title>Don't Tell Dad! Stepmoms Slurp 20YOs</title><date></date><icon src="https://m7be2.solocoo.tv/m7be2iphone/mmchan/mpimages/208x308/tDlD6E6HGZRK07SlD4vubw.jpg"></icon><desc></desc><category></category></programme><programme channel="uzzOPjn9-HFO22_9TIFik_kYR33hCvPGAG-X04lw" start="20221125040000 +0000" stop="20221125043000 +0000" catchup-id="wkLkz91XAvmCW2l1ep80lXmmwJCn3gKWwk3V3bqu"><title>Hustler TV Clips</title><date></date><icon src="https://m7be2.solocoo.tv/m7be2iphone/mmchan/mpimages/208x308/tDlD6E6HGZRK07SlD4vubw.jpg"></icon><desc></desc><category></category></programme><programme channel="uzzOPjn9-HFO22_9TIFik_kYR33hCvPGAG-X04lw" start="20221125043000 +0000" stop="20221125060000 +0000" catchup-id="JkxYvKLfwKVWsvIqR59S-bsAI42bxC7vbnWKe1lk"><title>Got Caught &amp; Creamed!</title><date></date><icon src="https://m7be2.solocoo.tv/m7be2iphone/mmchan/mpimages/208x308/tDlD6E6HGZRK07SlD4vubw.jpg"></icon><desc></desc><category></category></programme><programme channel="uzzOPjn9-HFO22_9TIFik_kYR33hCvPGAG-X04lw" start="20221125060000 +0000" stop="20221125073000 +0000" catchup-id="qPyiQqmkxkPrP8YnefTlK2bQeakqx9365EcPWuLm"><title>Drippin Lesbo Lickin</title><date></date><icon src="https://m7be2.solocoo.tv/m7be2iphone/mmchan/mpimages/208x308/tDlD6E6HGZRK07SlD4vubw.jpg"></icon><desc></desc><category></category></programme><programme channel="uzzOPjn9-HFO22_9TIFik_kYR33hCvPGAG-X04lw" start="20221125073000 +0000" stop="20221125090000 +0000" catchup-id="CzxpBicZYEUmQMK1ZX2CWimv_T-Eb99g-ZEiwfiI"><title>2 Studs Stuff 1 Stunner</title><date></date><icon src="https://m7be2.solocoo.tv/m7be2iphone/mmchan/mpimages/208x308/tDlD6E6HGZRK07SlD4vubw.jpg"></icon><desc></desc><category></category></programme><programme channel="uzzOPjn9-HFO22_9TIFik_kYR33hCvPGAG-X04lw" start="20221125090000 +0000" stop="20221125103000 +0000" catchup-id="5HHe5XAo4MfsVUkJRTuihCI8xRnLeYJal28aBHVb"><title>Cram My Tight Coed Pink!</title><date></date><icon src="https://m7be2.solocoo.tv/m7be2iphone/mmchan/mpimages/208x308/tDlD6E6HGZRK07SlD4vubw.jpg"></icon><desc></desc><category></category></programme><programme channel="uzzOPjn9-HFO22_9TIFik_kYR33hCvPGAG-X04lw" start="20221125103000 +0000" stop="20221125120000 +0000" catchup-id="3RBqZN0Cs_Mo9PZgKDQD9hg2ej8BZEj_XLRiY5zv"><title>99lb Lesbian Lookalikes Go Anal</title><date></date><icon src="https://m7be2.solocoo.tv/m7be2iphone/mmchan/mpimages/208x308/tDlD6E6HGZRK07SlD4vubw.jpg"></icon><desc></desc><category></category></programme><programme channel="uzzOPjn9-HFO22_9TIFik_kYR33hCvPGAG-X04lw" start="20221125120000 +0000" stop="20221125133000 +0000" catchup-id="kpz3KTGtbbs7W8rXfLXvKdvbWYUGE5BsRthYWv8T"><title>Mature Pinks Fingered &amp; Goo-Glazed</title><date></date><icon src="https://m7be2.solocoo.tv/m7be2iphone/mmchan/mpimages/208x308/tDlD6E6HGZRK07SlD4vubw.jpg"></icon><desc></desc><category></category></programme><programme channel="uzzOPjn9-HFO22_9TIFik_kYR33hCvPGAG-X04lw" start="20221125133000 +0000" stop="20221125150000 +0000" catchup-id="gdZy_8_ZnhCWA8dz3Sq9ZgQrD4pZ8YBBZz_QdToa"><title>Petite Japanese Cuties Creampied</title><date></date><icon src="https://m7be2.solocoo.tv/m7be2iphone/mmchan/mpimages/208x308/tDlD6E6HGZRK07SlD4vubw.jpg"></icon><desc></desc><category></category></programme><programme channel="uzzOPjn9-HFO22_9TIFik_kYR33hCvPGAG-X04lw" start="20221125150000 +0000" stop="20221125163000 +0000" catchup-id="pdusJcaKDZ-5Kdqt0AkC2N5EWX_nvDl9RwLAVR-C"><title>Anal-Stuffing By My Hung Masseur!</title><date></date><icon src="https://m7be2.solocoo.tv/m7be2iphone/mmchan/mpimages/208x308/tDlD6E6HGZRK07SlD4vubw.jpg"></icon><desc></desc><category></category></programme><programme channel="uzzOPjn9-HFO22_9TIFik_kYR33hCvPGAG-X04lw" start="20221125163000 +0000" stop="20221125180000 +0000" catchup-id="f1XfIzvUKdBNeuYyC2uundr3N3nde5WDexi1hgtz"><title>Knob-Knead &amp; Pop on My XL Knockers!</title><date></date><icon src="https://m7be2.solocoo.tv/m7be2iphone/mmchan/mpimages/208x308/tDlD6E6HGZRK07SlD4vubw.jpg"></icon><desc></desc><category></category></programme><programme channel="uzzOPjn9-HFO22_9TIFik_kYR33hCvPGAG-X04lw" start="20221125180000 +0000" stop="20221125193000 +0000" catchup-id="rkVoJIXJhUz7X5BCIRT_WcYi0qZmwmq-NHj0Bpvn"><title>Wives Punish Cheaters</title><date></date><icon src="https://m7be2.solocoo.tv/m7be2iphone/mmchan/mpimages/208x308/tDlD6E6HGZRK07SlD4vubw.jpg"></icon><desc></desc><category></category></programme><programme channel="uzzOPjn9-HFO22_9TIFik_kYR33hCvPGAG-X04lw" start="20221125193000 +0000" stop="20221125210000 +0000" catchup-id="2BHKZ_FN5JkP6e48doeE6bgpZhOhAFX9x70JWaQ5"><title>10 Best: Double-Penetrated 3-Way Babes</title><date></date><icon src="https://m7be2.solocoo.tv/m7be2iphone/mmchan/mpimages/208x308/tDlD6E6HGZRK07SlD4vubw.jpg"></icon><desc></desc><category></category></programme><programme channel="uzzOPjn9-HFO22_9TIFik_kYR33hCvPGAG-X04lw" start="20221125210000 +0000" stop="20221125220000 +0000" catchup-id="rCimMQhrGalCiojRm5uFblDkobcsu_Z08_XLYLUO"><title>Stepfamily Facials</title><date></date><icon src="https://m7be2.solocoo.tv/m7be2iphone/mmchan/mpimages/208x308/tDlD6E6HGZRK07SlD4vubw.jpg"></icon><desc></desc><category></category></programme><programme channel="uzzOPjn9-HFO22_9TIFik_kYR33hCvPGAG-X04lw" start="20221125220000 +0000" stop="20221125233000 +0000" catchup-id="ya7KIf6LOfvsRT_ipz9ip0iN7Vm9xgvEulVBEEJs"><title>MILFs With Natural Boobs &amp; Bush</title><date></date><icon src="https://m7be2.solocoo.tv/m7be2iphone/mmchan/mpimages/208x308/tDlD6E6HGZRK07SlD4vubw.jpg"></icon><desc></desc><category></category></programme><programme channel="uzzOPjn9-HFO22_9TIFik_kYR33hCvPGAG-X04lw" start="20221125233000 +0000" stop="20221126010000 +0000" catchup-id="uWCGeTcgEONgeFjG0uLv5UZpIJuWsFZ_XRo9qafj"><title>Dirty Step-Siblings</title><date></date><icon src="https://m7be2.solocoo.tv/m7be2iphone/mmchan/mpimages/208x308/tDlD6E6HGZRK07SlD4vubw.jpg"></icon><desc></desc><category></category></programme><programme channel="uzzOPjn9-HFO22_9TIFik_kYR33hCvPGAG-X04lw" start="20221126010000 +0000" stop="20221126023000 +0000" catchup-id="z4A7btjwwScvEtkaF8dAlvlTjglwAgcInnOnqacC"><title>Revealing Starlets Spread &amp; Spunked</title><date></date><icon src="https://m7be2.solocoo.tv/m7be2iphone/mmchan/mpimages/208x308/tDlD6E6HGZRK07SlD4vubw.jpg"></icon><desc></desc><category></category></programme><programme channel="uzzOPjn9-HFO22_9TIFik_kYR33hCvPGAG-X04lw" start="20221126023000 +0000" stop="20221126040000 +0000" catchup-id="yDG1DWlODJQd0pOk0PXkc8VfJS_kYqY17kOBYtj9"><title>0 Men: Wet Wife Lez Life</title><date></date><icon src="https://m7be2.solocoo.tv/m7be2iphone/mmchan/mpimages/208x308/tDlD6E6HGZRK07SlD4vubw.jpg"></icon><desc></desc><category></category></programme><programme channel="uzzOPjn9-HFO22_9TIFik_kYR33hCvPGAG-X04lw" start="20221126040000 +0000" stop="20221126043000 +0000" catchup-id="PbS4ZOk5b2W3nf1Pa7mP6jgKNKzBEOKElQ78kE0s"><title>Hustler TV Clips</title><date></date><icon src="https://m7be2.solocoo.tv/m7be2iphone/mmchan/mpimages/208x308/tDlD6E6HGZRK07SlD4vubw.jpg"></icon><desc></desc><category></category></programme><programme channel="uzzOPjn9-HFO22_9TIFik_kYR33hCvPGAG-X04lw" start="20221126043000 +0000" stop="20221126060000 +0000" catchup-id="0VDHmEDxK-oqWRhoyYJYTV0ZocgCfVg5W5vX19gY"><title>10 Best: Step18YO Nymphs</title><date></date><icon src="https://m7be2.solocoo.tv/m7be2iphone/mmchan/mpimages/208x308/tDlD6E6HGZRK07SlD4vubw.jpg"></icon><desc></desc><category></category></programme><programme channel="uzzOPjn9-HFO22_9TIFik_kYR33hCvPGAG-X04lw" start="20221126060000 +0000" stop="20221126073000 +0000" catchup-id="LaQPoggzdOd8TdHj0WCRYOzqhOAZW6qKL4pWDI6f"><title>Jigglin' Big Juggs</title><date></date><icon src="https://m7be2.solocoo.tv/m7be2iphone/mmchan/mpimages/208x308/tDlD6E6HGZRK07SlD4vubw.jpg"></icon><desc></desc><category></category></programme><programme channel="uzzOPjn9-HFO22_9TIFik_kYR33hCvPGAG-X04lw" start="20221126073000 +0000" stop="20221126090000 +0000" catchup-id="wd6nzpJeURvmlLM-XrMe6xkPcqmL_4wYDHyQxxY8"><title>Wife's BFF Has A Tighter Butt!</title><date></date><icon src="https://m7be2.solocoo.tv/m7be2iphone/mmchan/mpimages/208x308/tDlD6E6HGZRK07SlD4vubw.jpg"></icon><desc></desc><category></category></programme><programme channel="uzzOPjn9-HFO22_9TIFik_kYR33hCvPGAG-X04lw" start="20221126090000 +0000" stop="20221126103000 +0000" catchup-id="HRzvupSxyNNQA7MACqcS7s6faLi7fjhZy-6McOAQ"><title>My Asian Girlfriend Loves Hard Sex</title><date></date><icon src="https://m7be2.solocoo.tv/m7be2iphone/mmchan/mpimages/208x308/tDlD6E6HGZRK07SlD4vubw.jpg"></icon><desc></desc><category></category></programme><programme channel="uzzOPjn9-HFO22_9TIFik_kYR33hCvPGAG-X04lw" start="20221126103000 +0000" stop="20221126120000 +0000" catchup-id="zvjTwJQmkhng9KQSxhN3hChBh-_GNg97-WBu-jlL"><title>Wreck My Wet Slot With Your Large Rod!</title><date></date><icon src="https://m7be2.solocoo.tv/m7be2iphone/mmchan/mpimages/208x308/tDlD6E6HGZRK07SlD4vubw.jpg"></icon><desc></desc><category></category></programme><programme channel="uzzOPjn9-HFO22_9TIFik_kYR33hCvPGAG-X04lw" start="20221126120000 +0000" stop="20221126133000 +0000" catchup-id="Hkl4HAtm_58OQL3fnmisevAqh6M_IrQKGg5Yvn0I"><title>Euro Cutie Creampies</title><date></date><icon src="https://m7be2.solocoo.tv/m7be2iphone/mmchan/mpimages/208x308/tDlD6E6HGZRK07SlD4vubw.jpg"></icon><desc></desc><category></category></programme><programme channel="uzzOPjn9-HFO22_9TIFik_kYR33hCvPGAG-X04lw" start="20221126133000 +0000" stop="20221126150000 +0000" catchup-id="LdMZsGNUhogrNWyutBoxGZ8yAZXIijwPRxAsq3fm"><title>Swingers, Fantasies &amp; More!</title><date></date><icon src="https://m7be2.solocoo.tv/m7be2iphone/mmchan/mpimages/208x308/tDlD6E6HGZRK07SlD4vubw.jpg"></icon><desc></desc><category></category></programme><programme channel="uzzOPjn9-HFO22_9TIFik_kYR33hCvPGAG-X04lw" start="20221126150000 +0000" stop="20221126163000 +0000" catchup-id="3Wcu_My69Z2stScoby_LFzdSBX7c6hV8dc2DDHQD"><title>I Nailed My Horny Stepsister!</title><date></date><icon src="https://m7be2.solocoo.tv/m7be2iphone/mmchan/mpimages/208x308/tDlD6E6HGZRK07SlD4vubw.jpg"></icon><desc></desc><category></category></programme><programme channel="uzzOPjn9-HFO22_9TIFik_kYR33hCvPGAG-X04lw" start="20221126163000 +0000" stop="20221126180000 +0000" catchup-id="fkXGHxm3eUsCrrgshscQGyu6EP-TQnfibAAMu5W7"><title>Untamed Young Hotwives</title><date></date><icon src="https://m7be2.solocoo.tv/m7be2iphone/mmchan/mpimages/260x145/tDlD6E6HGZRK07SlD4vubw.jpg"></icon><desc></desc><category></category></programme><programme channel="uzzOPjn9-HFO22_9TIFik_kYR33hCvPGAG-X04lw" start="20221126180000 +0000" stop="20221126193000 +0000" catchup-id="Kx2NiMNKXhvH2oPGw1yqJdvQfEOfBwAilbJVX3WK"><title>18YO Cheer Squad Orgy</title><date></date><icon src="https://m7be2.solocoo.tv/m7be2iphone/mmchan/mpimages/260x145/tDlD6E6HGZRK07SlD4vubw.jpg"></icon><desc></desc><category></category></programme><programme channel="uzzOPjn9-HFO22_9TIFik_kYR33hCvPGAG-X04lw" start="20221126193000 +0000" stop="20221126210000 +0000" catchup-id="-6Kjg_IP3DssJJybR1rk6Lt4AUk-gfG3shJsxXV6"><title>Toying With All-Natural Lesbians</title><date></date><icon src="https://m7be2.solocoo.tv/m7be2iphone/mmchan/mpimages/260x145/tDlD6E6HGZRK07SlD4vubw.jpg"></icon><desc></desc><category></category></programme><programme channel="uzzOPjn9-HFO22_9TIFik_kYR33hCvPGAG-X04lw" start="20221126210000 +0000" stop="20221126220000 +0000" catchup-id="ghEWy9GgTWQ3GZYHNvVFg8Ljn6ylqW-ezIjVnkJX"><title>DD MILFs DP'd</title><date></date><icon src="https://m7be2.solocoo.tv/m7be2iphone/mmchan/mpimages/260x145/tDlD6E6HGZRK07SlD4vubw.jpg"></icon><desc></desc><category></category></programme><programme channel="uzzOPjn9-HFO22_9TIFik_kYR33hCvPGAG-X04lw" start="20221126220000 +0000" stop="20221126233000 +0000" catchup-id="9YNZSJzWxDOgvzoLonYbR1aYubXPi3VwupLlj9zD"><title>10 Best: All-Natural Teen Massages #2</title><date></date><icon src="https://m7be2.solocoo.tv/m7be2iphone/mmchan/mpimages/260x145/tDlD6E6HGZRK07SlD4vubw.jpg"></icon><desc></desc><category></category></programme><programme channel="uzzOPjn9-HFO22_9TIFik_kYR33hCvPGAG-X04lw" start="20221126233000 +0000" stop="20221127010000 +0000" catchup-id="zhOF107qeFw8XchJinU3dsCuybDRWbjquLEBGwWI"><title>Plump-Rump Hotwife Romps</title><date></date><icon src="https://m7be2.solocoo.tv/m7be2iphone/mmchan/mpimages/260x145/tDlD6E6HGZRK07SlD4vubw.jpg"></icon><desc></desc><category></category></programme><programme channel="uzzOPjn9-HFO22_9TIFik_kYR33hCvPGAG-X04lw" start="20221127010000 +0000" stop="20221127023000 +0000" catchup-id="Hnp6xjzEdPScny0-hN8LjljtVl3YHd5jLLpS_LDc"><title>Pristine Petites Tag-Team Shaft</title><date></date><icon src="https://m7be2.solocoo.tv/m7be2iphone/mmchan/mpimages/260x145/tDlD6E6HGZRK07SlD4vubw.jpg"></icon><desc></desc><category></category></programme><programme channel="uzzOPjn9-HFO22_9TIFik_kYR33hCvPGAG-X04lw" start="20221127023000 +0000" stop="20221127040000 +0000" catchup-id="xrNsWJ5pOtjdmu201vpI-hmiy6eJY1C22tDGyhGz"><title>GILFs Loving Hung Black Studs</title><date></date><icon src="https://m7be2.solocoo.tv/m7be2iphone/mmchan/mpimages/260x145/tDlD6E6HGZRK07SlD4vubw.jpg"></icon><desc></desc><category></category></programme><programme channel="uzzOPjn9-HFO22_9TIFik_kYR33hCvPGAG-X04lw" start="20221127040000 +0000" stop="20221127043000 +0000" catchup-id="C6aAlSa_pioxUMqj3GJuwoDxXWkD6a-zkDjXsg-m"><title>Hustler TV Clips</title><date></date><icon src="https://m7be2.solocoo.tv/m7be2iphone/mmchan/mpimages/260x145/tDlD6E6HGZRK07SlD4vubw.jpg"></icon><desc></desc><category></category></programme><programme channel="uzzOPjn9-HFO22_9TIFik_kYR33hCvPGAG-X04lw" start="20221127043000 +0000" stop="20221127060000 +0000" catchup-id="pYa6szyGwhiMgPFbfqO2pOfuTEA0vrLiORlRGtid"><title>MILFs With Natural Boobs &amp; Bush</title><date></date><icon src="https://m7be2.solocoo.tv/m7be2iphone/mmchan/mpimages/260x145/tDlD6E6HGZRK07SlD4vubw.jpg"></icon><desc></desc><category></category></programme><programme channel="uzzOPjn9-HFO22_9TIFik_kYR33hCvPGAG-X04lw" start="20221127060000 +0000" stop="20221127073000 +0000" catchup-id="aX438YOgIncsOLK-xarlbY9OYFr4kIb-FK8RNTMw"><title>All Stars: Bi Orgy</title><date></date><icon src="https://m7be2.solocoo.tv/m7be2iphone/mmchan/mpimages/260x145/tDlD6E6HGZRK07SlD4vubw.jpg"></icon><desc></desc><category></category></programme><programme channel="uzzOPjn9-HFO22_9TIFik_kYR33hCvPGAG-X04lw" start="20221127073000 +0000" stop="20221127090000 +0000" catchup-id="1LC0Ye_AOCaRh8bapDgfY-teZEiDmCWin2niKnHA"><title>DD Office MILF Bangings</title><date></date><icon src="https://m7be2.solocoo.tv/m7be2iphone/mmchan/mpimages/260x145/tDlD6E6HGZRK07SlD4vubw.jpg"></icon><desc></desc><category></category></programme><programme channel="uzzOPjn9-HFO22_9TIFik_kYR33hCvPGAG-X04lw" start="20221127090000 +0000" stop="20221127103000 +0000" catchup-id="Zv1G-UpZgUCB_e6N8VjJFZ_jDWbVRPBTXckPdHrT"><title>Gangbangs, DPs &amp; Anal Pool Orgies!</title><date></date><icon src="https://m7be2.solocoo.tv/m7be2iphone/mmchan/mpimages/260x145/tDlD6E6HGZRK07SlD4vubw.jpg"></icon><desc></desc><category></category></programme><programme channel="uzzOPjn9-HFO22_9TIFik_kYR33hCvPGAG-X04lw" start="20221127103000 +0000" stop="20221127120000 +0000" catchup-id="HMYTJvxVWcjSGwBnoY918HY7I6wiaG4ZlKga7B0T"><title>3-Way All Girl Meals</title><date></date><icon src="https://m7be2.solocoo.tv/m7be2iphone/mmchan/mpimages/260x145/tDlD6E6HGZRK07SlD4vubw.jpg"></icon><desc></desc><category></category></programme><programme channel="uzzOPjn9-HFO22_9TIFik_kYR33hCvPGAG-X04lw" start="20221127120000 +0000" stop="20221127133000 +0000" catchup-id="rnasx1O_X2S43JSoHkEF0j8unQ2M3jNUbCvCFwoG"><title>Sweet 18YO DP'd!</title><date></date><icon src="https://m7be2.solocoo.tv/m7be2iphone/mmchan/mpimages/260x145/tDlD6E6HGZRK07SlD4vubw.jpg"></icon><desc></desc><category></category></programme><programme channel="uzzOPjn9-HFO22_9TIFik_kYR33hCvPGAG-X04lw" start="20221127133000 +0000" stop="20221127150000 +0000" catchup-id="fhoXy_gGFE7de6ZiRUZpqHPuYadU_1ySq233WCH9"><title>30YO Hotwives Crave Creampies</title><date></date><icon src="https://m7be2.solocoo.tv/m7be2iphone/mmchan/mpimages/260x145/tDlD6E6HGZRK07SlD4vubw.jpg"></icon><desc></desc><category></category></programme><programme channel="uzzOPjn9-HFO22_9TIFik_kYR33hCvPGAG-X04lw" start="20221127150000 +0000" stop="20221127163000 +0000" catchup-id="h55lbzhtfewwGvacBSV4wvMIzF2ypXQZrW7xar2N"><title>Barely Legal A-Cup Petites</title><date></date><icon src="https://m7be2.solocoo.tv/m7be2iphone/mmchan/mpimages/260x145/tDlD6E6HGZRK07SlD4vubw.jpg"></icon><desc></desc><category></category></programme><programme channel="uzzOPjn9-HFO22_9TIFik_kYR33hCvPGAG-X04lw" start="20221127163000 +0000" stop="20221127180000 +0000" catchup-id="zDqgzmbknOS9ubUBFVD34fEd5ASdYEKyNzCMidxq"><title>Ravenous E-Cup MILFs</title><date></date><icon src="https://m7be2.solocoo.tv/m7be2iphone/mmchan/mpimages/260x145/tDlD6E6HGZRK07SlD4vubw.jpg"></icon><desc></desc><category></category></programme><programme channel="uzzOPjn9-HFO22_9TIFik_kYR33hCvPGAG-X04lw" start="20221127180000 +0000" stop="20221127193000 +0000" catchup-id="83MakctrQUleYXtRdzHDZMlZ7YlfGxVoJw6_c-WM"><title>Petite Chicks Split By Mondo-Meat</title><date></date><icon src="https://m7be2.solocoo.tv/m7be2iphone/mmchan/mpimages/260x145/tDlD6E6HGZRK07SlD4vubw.jpg"></icon><desc></desc><category></category></programme><programme channel="uzzOPjn9-HFO22_9TIFik_kYR33hCvPGAG-X04lw" start="20221127193000 +0000" stop="20221127210000 +0000" catchup-id="OZY96y9ic7wvY49wspThPZUFmRPszS-zcu5zRJIp"><title>Got Caught &amp; Creamed!</title><date></date><icon src="https://m7be2.solocoo.tv/m7be2iphone/mmchan/mpimages/260x145/tDlD6E6HGZRK07SlD4vubw.jpg"></icon><desc></desc><category></category></programme><programme channel="uzzOPjn9-HFO22_9TIFik_kYR33hCvPGAG-X04lw" start="20221127210000 +0000" stop="20221127220000 +0000" catchup-id="iVAyF1UCzoLTcb1lZm6nMRlRz_b_U30AQhh-KQpO"><title>Xtra Big Bootys Twerk on Shaft</title><date></date><icon src="https://m7be2.solocoo.tv/m7be2iphone/mmchan/mpimages/260x145/tDlD6E6HGZRK07SlD4vubw.jpg"></icon><desc></desc><category></category></programme><programme channel="uzzOPjn9-HFO22_9TIFik_kYR33hCvPGAG-X04lw" start="20221127220000 +0000" stop="20221127233000 +0000" catchup-id="DmBUnU2xdmUZtdvdX5MXRVwIAQQlI9WqoY_OEcq8"><title>Yummy Trans Bootys Bang Better!</title><date></date><icon src="https://m7be2.solocoo.tv/m7be2iphone/mmchan/mpimages/260x145/tDlD6E6HGZRK07SlD4vubw.jpg"></icon><desc></desc><category></category></programme><programme channel="uzzOPjn9-HFO22_9TIFik_kYR33hCvPGAG-X04lw" start="20221127233000 +0000" stop="20221128010000 +0000" catchup-id="M9sjBrC4KfqQL6XxWF8TFtYDX4_lGSxIXTF66BpQ"><title>Interracial Anal Slams</title><date></date><icon src="https://m7be2.solocoo.tv/m7be2iphone/mmchan/mpimages/260x145/tDlD6E6HGZRK07SlD4vubw.jpg"></icon><desc></desc><category></category></programme><programme channel="uzzOPjn9-HFO22_9TIFik_kYR33hCvPGAG-X04lw" start="20221128010000 +0000" stop="20221128023000 +0000" catchup-id="KSCLvwCVnMDPoltKRsYYZmapiJDE-DabM4skugLZ"><title>College Students Disciplined</title><date></date><icon src="https://m7be2.solocoo.tv/m7be2iphone/mmchan/mpimages/260x145/tDlD6E6HGZRK07SlD4vubw.jpg"></icon><desc></desc><category></category></programme><programme channel="uzzOPjn9-HFO22_9TIFik_kYR33hCvPGAG-X04lw" start="20221128023000 +0000" stop="20221128040000 +0000" catchup-id="79KLim9_FhbCySod57H05zWY7gFWaCjmRnteLNqM"><title>10 Best: Double-Penetrated 3-Way Babes</title><date></date><icon src="https://m7be2.solocoo.tv/m7be2iphone/mmchan/mpimages/260x145/tDlD6E6HGZRK07SlD4vubw.jpg"></icon><desc></desc><category></category></programme><programme channel="uzzOPjn9-HFO22_9TIFik_kYR33hCvPGAG-X04lw" start="20221128040000 +0000" stop="20221128043000 +0000" catchup-id="XJc5VfDa-Uf-4nB7mFcLUCGC-s9Mm3VN1j3gGwdi"><title>Hustler TV Clips</title><date></date><icon src="https://m7be2.solocoo.tv/m7be2iphone/mmchan/mpimages/260x145/tDlD6E6HGZRK07SlD4vubw.jpg"></icon><desc></desc><category></category></programme><programme channel="uzzOPjn9-HFO22_9TIFik_kYR33hCvPGAG-X04lw" start="20221128043000 +0000" stop="20221128060000 +0000" catchup-id="EGAbhx1i6bKLLQccySVS-Aqplt4VOJRteiumTB1B"><title>10 Best: All-Natural Teen Massages #2</title><date></date><icon src="https://m7be2.solocoo.tv/m7be2iphone/mmchan/mpimages/260x145/tDlD6E6HGZRK07SlD4vubw.jpg"></icon><desc></desc><category></category></programme><programme channel="uzzOPjn9-HFO22_9TIFik_kYR33hCvPGAG-X04lw" start="20221128060000 +0000" stop="20221128073000 +0000" catchup-id="IHF91SaF-yBHQuzax8waIyDoTo6tbsQJ8RC0pDZy"><title>Plump-Rump Hotwife Romps</title><date></date><icon src="https://m7be2.solocoo.tv/m7be2iphone/mmchan/mpimages/260x145/tDlD6E6HGZRK07SlD4vubw.jpg"></icon><desc></desc><category></category></programme><programme channel="uzzOPjn9-HFO22_9TIFik_kYR33hCvPGAG-X04lw" start="20221128073000 +0000" stop="20221128090000 +0000" catchup-id="BO0pQjqGVg4t6C0S21z8WHM4IqNkbGfvOf4GvwZX"><title>Perky-Chested Teens Screw</title><date></date><icon src="https://m7be2.solocoo.tv/m7be2iphone/mmchan/mpimages/260x145/tDlD6E6HGZRK07SlD4vubw.jpg"></icon><desc></desc><category></category></programme><programme channel="uzzOPjn9-HFO22_9TIFik_kYR33hCvPGAG-X04lw" start="20221128090000 +0000" stop="20221128103000 +0000" catchup-id="bMPPDC6MrslhG2lw_Xj3xEfHiuw4CieVeEYzDUgX"><title>All Natural Black Boobs</title><date></date><icon src="https://m7be2.solocoo.tv/m7be2iphone/mmchan/mpimages/260x145/tDlD6E6HGZRK07SlD4vubw.jpg"></icon><desc></desc><category></category></programme><programme channel="uzzOPjn9-HFO22_9TIFik_kYR33hCvPGAG-X04lw" start="20221128103000 +0000" stop="20221128120000 +0000" catchup-id="ItLivfGklo_HxJAQQn5avxKsfKek9n2ocLdt1tKt"><title>Watched My 20YO GF Ride My Friend</title><date></date><icon src="https://m7be2.solocoo.tv/m7be2iphone/mmchan/mpimages/260x145/tDlD6E6HGZRK07SlD4vubw.jpg"></icon><desc></desc><category></category></programme><programme channel="uzzOPjn9-HFO22_9TIFik_kYR33hCvPGAG-X04lw" start="20221128120000 +0000" stop="20221128133000 +0000" catchup-id="_MTdJhWvszVCD5T9U4_jPQop4dZDrHvLTWi2g27a"><title>MILFs Bend Over For Boning</title><date></date><icon src="https://m7be2.solocoo.tv/m7be2iphone/mmchan/mpimages/260x145/tDlD6E6HGZRK07SlD4vubw.jpg"></icon><desc></desc><category></category></programme><programme channel="uzzOPjn9-HFO22_9TIFik_kYR33hCvPGAG-X04lw" start="20221128133000 +0000" stop="20221128150000 +0000" catchup-id="nXxzPV6pfMHsD5oupW931wLrIDqg2vuCxfB3K_Vo"><title>60YO G-Cup GILF vs 25YO Lesbians</title><date></date><icon src="https://m7be2.solocoo.tv/m7be2iphone/mmchan/mpimages/260x145/tDlD6E6HGZRK07SlD4vubw.jpg"></icon><desc></desc><category></category></programme><programme channel="uzzOPjn9-HFO22_9TIFik_kYR33hCvPGAG-X04lw" start="20221128150000 +0000" stop="20221128163000 +0000" catchup-id="2_pLwIwbSY6yJlnUxRUd8hYUCcvO3_o8Dh1SmyAK"><title>Farmers Daughter</title><date></date><icon src="https://m7be2.solocoo.tv/m7be2iphone/mmchan/mpimages/260x145/tDlD6E6HGZRK07SlD4vubw.jpg"></icon><desc></desc><category></category></programme><programme channel="uzzOPjn9-HFO22_9TIFik_kYR33hCvPGAG-X04lw" start="20221128163000 +0000" stop="20221128180000 +0000" catchup-id="UP3BuqjRPj7WmmN-xD_wvHy_0vPmiBNCFWKPabQz"><title>MILF Wife Creampies</title><date></date><icon src="https://m7be2.solocoo.tv/m7be2iphone/mmchan/mpimages/260x145/tDlD6E6HGZRK07SlD4vubw.jpg"></icon><desc></desc><category></category></programme><programme channel="uzzOPjn9-HFO22_9TIFik_kYR33hCvPGAG-X04lw" start="20221128180000 +0000" stop="20221128193000 +0000" catchup-id="OTVWDxcjm4l-kyJD1bA7Vxcrxv3WstuzPwmL79QY"><title>11'' Black Rod: Anal Creampies &amp; More</title><date></date><icon src="https://m7be2.solocoo.tv/m7be2iphone/mmchan/mpimages/260x145/tDlD6E6HGZRK07SlD4vubw.jpg"></icon><desc></desc><category></category></programme><programme channel="uzzOPjn9-HFO22_9TIFik_kYR33hCvPGAG-X04lw" start="20221128193000 +0000" stop="20221128210000 +0000" catchup-id="8fNUuINTZL-wGgQvmJDK4ZkJytY4bCYdPNYz5doV"><title>10 Best: Step18YO Nymphs</title><date></date><icon src="https://m7be2.solocoo.tv/m7be2iphone/mmchan/mpimages/260x145/tDlD6E6HGZRK07SlD4vubw.jpg"></icon><desc></desc><category></category></programme><programme channel="uzzOPjn9-HFO22_9TIFik_kYR33hCvPGAG-X04lw" start="20221128210000 +0000" stop="20221128220000 +0000" catchup-id="QX2_STbMX96zEETIkw2wwqaO8O3LoaLdiQ2DYPGy"><title>Lesbian Interracial</title><date></date><icon src="https://m7be2.solocoo.tv/m7be2iphone/mmchan/mpimages/260x145/tDlD6E6HGZRK07SlD4vubw.jpg"></icon><desc></desc><category></category></programme><programme channel="uzzOPjn9-HFO22_9TIFik_kYR33hCvPGAG-X04lw" start="20221128220000 +0000" stop="20221128233000 +0000" catchup-id="_WdPzZwIsQW3W-p-5eD9Kcrn1LPr_4jg7jGskdec"><title>Wives Take It Up the Butt</title><date></date><icon src="https://m7be2.solocoo.tv/m7be2iphone/mmchan/mpimages/260x145/tDlD6E6HGZRK07SlD4vubw.jpg"></icon><desc></desc><category></category></programme><programme channel="uzzOPjn9-HFO22_9TIFik_kYR33hCvPGAG-X04lw" start="20221128233000 +0000" stop="20221129010000 +0000" catchup-id="NaqLRE0O-bnjmKHMssfFilRvlBOawBUnjQUD0K7K"><title>Perfect Petite Pinks Pumped By Rod</title><date></date><icon src="https://m7be2.solocoo.tv/m7be2iphone/mmchan/mpimages/260x145/tDlD6E6HGZRK07SlD4vubw.jpg"></icon><desc></desc><category></category></programme><programme channel="uzzOPjn9-HFO22_9TIFik_kYR33hCvPGAG-X04lw" start="20221129010000 +0000" stop="20221129023000 +0000" catchup-id="Q8BiuBcggMMICO3vkd9vX9oISlfaJ7SAmZSe27P2"><title>MILF Tutors Spread For College Boys</title><date></date><icon src="https://m7be2.solocoo.tv/m7be2iphone/mmchan/mpimages/260x145/tDlD6E6HGZRK07SlD4vubw.jpg"></icon><desc></desc><category></category></programme><programme channel="uzzOPjn9-HFO22_9TIFik_kYR33hCvPGAG-X04lw" start="20221129023000 +0000" stop="20221129040000 +0000" catchup-id="rFs5GW_oMGWp-l_uJIzFO0cjy4GNAm9_maTFvxtm"><title>Toying With All-Natural Lesbians</title><date></date><icon src="https://m7be2.solocoo.tv/m7be2iphone/mmchan/mpimages/260x145/tDlD6E6HGZRK07SlD4vubw.jpg"></icon><desc></desc><category></category></programme><programme channel="uzzOPjn9-HFO22_9TIFik_kYR33hCvPGAG-X04lw" start="20221129040000 +0000" stop="20221129043000 +0000" catchup-id="vLL9U0o7wDPERhbVwMQeBW_l75j7W8mH6gb6CjrO"><title>Hustler TV Clips</title><date></date><icon src="https://m7be2.solocoo.tv/m7be2iphone/mmchan/mpimages/260x145/tDlD6E6HGZRK07SlD4vubw.jpg"></icon><desc></desc><category></category></programme><programme channel="uzzOPjn9-HFO22_9TIFik_kYR33hCvPGAG-X04lw" start="20221129043000 +0000" stop="20221129060000 +0000" catchup-id="cFZhZ0nSYlsahIFZAjjAqgJqA6GkVvCcDq-dRLF2"><title>Yummy Trans Bootys Bang Better!</title><date></date><icon src="https://m7be2.solocoo.tv/m7be2iphone/mmchan/mpimages/260x145/tDlD6E6HGZRK07SlD4vubw.jpg"></icon><desc></desc><category></category></programme><programme channel="uzzOPjn9-HFO22_9TIFik_kYR33hCvPGAG-X04lw" start="20221129060000 +0000" stop="20221129073000 +0000" catchup-id="YifqiKpiRYO8W4LPkqy_LhQgLWG1D8Tx4YZrXXTI"><title>Wives Back Up on 10'' Bone</title><date></date><icon src="https://m7be2.solocoo.tv/m7be2iphone/mmchan/mpimages/260x145/tDlD6E6HGZRK07SlD4vubw.jpg"></icon><desc></desc><category></category></programme><programme channel="uzzOPjn9-HFO22_9TIFik_kYR33hCvPGAG-X04lw" start="20221129073000 +0000" stop="20221129090000 +0000" catchup-id="hw_dH1iHJp-lzqy1lHI8Pm0dmHRrdFJVuWeqGDvN"><title>Facials For Sweet Teens</title><date></date><icon src="https://m7be2.solocoo.tv/m7be2iphone/mmchan/mpimages/260x145/tDlD6E6HGZRK07SlD4vubw.jpg"></icon><desc></desc><category></category></programme><programme channel="uzzOPjn9-HFO22_9TIFik_kYR33hCvPGAG-X04lw" start="20221129090000 +0000" stop="20221129103000 +0000" catchup-id="pLElpAEx2BIxI5jeikyQpBpKTUsWR4D7QJEsLMrU"><title>This Ain't Conan The Barbarian</title><date></date><icon src="https://m7be2.solocoo.tv/m7be2iphone/mmchan/mpimages/260x145/tDlD6E6HGZRK07SlD4vubw.jpg"></icon><desc></desc><category></category></programme><programme channel="uzzOPjn9-HFO22_9TIFik_kYR33hCvPGAG-X04lw" start="20221129103000 +0000" stop="20221129120000 +0000" catchup-id="4C-YkvJ3Xyrt0E5FMSv3Q1UUUoJnVHQFHqvPcygz"><title>Lesbian Affairs: GILF &amp; 18YOs</title><date></date><icon src="https://m7be2.solocoo.tv/m7be2iphone/mmchan/mpimages/260x145/tDlD6E6HGZRK07SlD4vubw.jpg"></icon><desc></desc><category></category></programme><programme channel="uzzOPjn9-HFO22_9TIFik_kYR33hCvPGAG-X04lw" start="20221129120000 +0000" stop="20221129133000 +0000" catchup-id="V3lSXVPIdLfLTjY0QjvKeFszh5I_EWz7GwTQHpjC"><title>3-Ways: Two DD Babes</title><date></date><icon src="https://m7be2.solocoo.tv/m7be2iphone/mmchan/mpimages/260x145/tDlD6E6HGZRK07SlD4vubw.jpg"></icon><desc></desc><category></category></programme><programme channel="uzzOPjn9-HFO22_9TIFik_kYR33hCvPGAG-X04lw" start="20221129133000 +0000" stop="20221129150000 +0000" catchup-id="WHQcIge9xifECiovwBXWnfialteTB97NwcuFPQa2"><title>Erotic A-Cup Wives Pump Pole</title><date></date><icon src="https://m7be2.solocoo.tv/m7be2iphone/mmchan/mpimages/260x145/tDlD6E6HGZRK07SlD4vubw.jpg"></icon><desc></desc><category></category></programme><programme channel="uzzOPjn9-HFO22_9TIFik_kYR33hCvPGAG-X04lw" start="20221129150000 +0000" stop="20221129163000 +0000" catchup-id="DHQDMGOB12f-7531vws3uLHQ3-Nj2yJE4HxRFyOL"><title>Juggy Lesbians Go Str8 For Creampies</title><date></date><icon src="https://m7be2.solocoo.tv/m7be2iphone/mmchan/mpimages/260x145/tDlD6E6HGZRK07SlD4vubw.jpg"></icon><desc></desc><category></category></programme><programme channel="uzzOPjn9-HFO22_9TIFik_kYR33hCvPGAG-X04lw" start="20221129163000 +0000" stop="20221129180000 +0000" catchup-id="HZPF67uCsfgrac5c3JZRfrKu8n74c7f8hKuD5q6Z"><title>Juicy-Jugged Wives Lick Shaft Clean</title><date></date><icon src="https://m7be2.solocoo.tv/m7be2iphone/mmchan/mpimages/260x145/tDlD6E6HGZRK07SlD4vubw.jpg"></icon><desc></desc><category></category></programme><programme channel="uzzOPjn9-HFO22_9TIFik_kYR33hCvPGAG-X04lw" start="20221129180000 +0000" stop="20221129193000 +0000" catchup-id="35xLGVK7yX0yhhyT99a3ceTH76Ik5n3oB4PDBjd6"><title>Stepdad Owns My 18YO Butt!</title><date></date><icon src="https://m7be2.solocoo.tv/m7be2iphone/mmchan/mpimages/260x145/tDlD6E6HGZRK07SlD4vubw.jpg"></icon><desc></desc><category></category></programme><programme channel="uzzOPjn9-HFO22_9TIFik_kYR33hCvPGAG-X04lw" start="20221129193000 +0000" stop="20221129210000 +0000" catchup-id="vkz3trSQx5E5bkNoQNIIx3m5cPXDN_o4gljjet3p"><title>MILFs With Natural Boobs &amp; Bush</title><date></date><icon src="https://m7be2.solocoo.tv/m7be2iphone/mmchan/mpimages/260x145/tDlD6E6HGZRK07SlD4vubw.jpg"></icon><desc></desc><category></category></programme><programme channel="uzzOPjn9-HFO22_9TIFik_kYR33hCvPGAG-X04lw" start="20221129210000 +0000" stop="20221129220000 +0000" catchup-id="9Ytff2kXdf3_NvtW-VeEoTWPhjYC1Z3_vRJ2W1FI"><title>T-Girl Butts: 18YO &amp; Ready 4 Rod</title><date></date><icon src="https://m7be2.solocoo.tv/m7be2iphone/mmchan/mpimages/260x145/tDlD6E6HGZRK07SlD4vubw.jpg"></icon><desc></desc><category></category></programme><programme channel="uzzOPjn9-HFO22_9TIFik_kYR33hCvPGAG-X04lw" start="20221129220000 +0000" stop="20221129233000 +0000" catchup-id="AGmJDnYNtO-1K1T30jEp3RoiH7eqFS7xEN6tZ4cS"><title>Extra-Curvy MILF Queens Penetrated</title><date></date><icon src="https://m7be2.solocoo.tv/m7be2iphone/mmchan/mpimages/260x145/tDlD6E6HGZRK07SlD4vubw.jpg"></icon><desc></desc><category></category></programme><programme channel="uzzOPjn9-HFO22_9TIFik_kYR33hCvPGAG-X04lw" start="20221129233000 +0000" stop="20221130010000 +0000" catchup-id="gqRpDbKE8ZlqgI7Dv_6c9HUXs2WGSdLVz1oFV5k2"><title>Plunge Into My Petite Lez Backdoor!</title><date></date><icon src="https://m7be2.solocoo.tv/m7be2iphone/mmchan/mpimages/260x145/tDlD6E6HGZRK07SlD4vubw.jpg"></icon><desc></desc><category></category></programme><programme channel="uzzOPjn9-HFO22_9TIFik_kYR33hCvPGAG-X04lw" start="20221130010000 +0000" stop="20221130023000 +0000" catchup-id="Z82TCMJmi8RivsJCkDrubv_wFmcrDK-eE0J4y8yX"><title>Giant Natural Boobs!</title><date></date><icon src="https://m7be2.solocoo.tv/m7be2iphone/mmchan/mpimages/260x145/tDlD6E6HGZRK07SlD4vubw.jpg"></icon><desc></desc><category></category></programme><programme channel="uzzOPjn9-HFO22_9TIFik_kYR33hCvPGAG-X04lw" start="20221130023000 +0000" stop="20221130040000 +0000" catchup-id="w3MG8_0tG5l-9LmNhodNdqXmzmMeBEv2P4uXXoFy"><title>Got Caught &amp; Creamed!</title><date></date><icon src="https://m7be2.solocoo.tv/m7be2iphone/mmchan/mpimages/260x145/tDlD6E6HGZRK07SlD4vubw.jpg"></icon><desc></desc><category></category></programme><programme channel="uzzOPjn9-HFO22_9TIFik_kYR33hCvPGAG-X04lw" start="20221130040000 +0000" stop="20221130043000 +0000" catchup-id="fxxUPchXzs7nPCk-qm3K6brAJsPeQZuO1FxNU7rl"><title>Hustler TV Clips</title><date></date><icon src="https://m7be2.solocoo.tv/m7be2iphone/mmchan/mpimages/260x145/tDlD6E6HGZRK07SlD4vubw.jpg"></icon><desc></desc><category></category></programme><programme channel="uzzOPjn9-HFO22_9TIFik_kYR33hCvPGAG-X04lw" start="20221130043000 +0000" stop="20221130060000 +0000" catchup-id="7p7UL_khgDe-wVRIZpBpcf0F9JRScobfDIYwQHm4"><title>Wives Take It Up the Butt</title><date></date><icon src="https://m7be2.solocoo.tv/m7be2iphone/mmchan/mpimages/260x145/tDlD6E6HGZRK07SlD4vubw.jpg"></icon><desc></desc><category></category></programme><programme channel="uzzOPjn9-HFO22_9TIFik_kYR33hCvPGAG-X04lw" start="20221130060000 +0000" stop="20221130073000 +0000" catchup-id="LNl3XDIW9ZDfOU-XI2DCLONATMjLWv98sZ1v8gwg"><title>Stacked Petites Bounce on Shaft</title><date></date><icon src="https://m7be2.solocoo.tv/m7be2iphone/mmchan/mpimages/260x145/tDlD6E6HGZRK07SlD4vubw.jpg"></icon><desc></desc><category></category></programme><programme channel="uzzOPjn9-HFO22_9TIFik_kYR33hCvPGAG-X04lw" start="20221130073000 +0000" stop="20221130090000 +0000" catchup-id="coWqVQVcj4U4NQY6cVoO04UyeWhIePZ56RwYllEd"><title>Grinding With Latina Babes</title><date></date><icon src="https://m7be2.solocoo.tv/m7be2iphone/mmchan/mpimages/260x145/tDlD6E6HGZRK07SlD4vubw.jpg"></icon><desc></desc><category></category></programme><programme channel="uzzOPjn9-HFO22_9TIFik_kYR33hCvPGAG-X04lw" start="20221130090000 +0000" stop="20221130103000 +0000" catchup-id="0tymKRIp_3Nq0PuUelMGn6ziAAwqBzFoQhOqpqZg"><title>Xtra Thick Hotwife Bush!</title><date></date><icon src="https://m7be2.solocoo.tv/m7be2iphone/mmchan/mpimages/260x145/tDlD6E6HGZRK07SlD4vubw.jpg"></icon><desc></desc><category></category></programme><programme channel="uzzOPjn9-HFO22_9TIFik_kYR33hCvPGAG-X04lw" start="20221130103000 +0000" stop="20221130120000 +0000" catchup-id="ErNe0Iow6PBs3ZE41ge5OWD2EVeilLNf6dcv-CXu"><title>Teens Orgasm Outdoors</title><date></date><icon src="https://m7be2.solocoo.tv/m7be2iphone/mmchan/mpimages/260x145/tDlD6E6HGZRK07SlD4vubw.jpg"></icon><desc></desc><category></category></programme><programme channel="uzzOPjn9-HFO22_9TIFik_kYR33hCvPGAG-X04lw" start="20221130120000 +0000" stop="20221130133000 +0000" catchup-id="AXQxCSq8V29CfZFkr8tjVQEEW18EXdV3JGmVaCqk"><title>Wife Keeps Begging Me To Try Bi!</title><date></date><icon src="https://m7be2.solocoo.tv/m7be2iphone/mmchan/mpimages/260x145/tDlD6E6HGZRK07SlD4vubw.jpg"></icon><desc></desc><category></category></programme><programme channel="uzzOPjn9-HFO22_9TIFik_kYR33hCvPGAG-X04lw" start="20221130133000 +0000" stop="20221130150000 +0000" catchup-id="qFeKeEaWZvCb9bjIuQGnNCrdjkz4uLlAl7OeE-Cb"><title>Teens Ride Shaft Outdoors</title><date></date><icon src="https://m7be2.solocoo.tv/m7be2iphone/mmchan/mpimages/260x145/tDlD6E6HGZRK07SlD4vubw.jpg"></icon><desc></desc><category></category></programme><programme channel="uzzOPjn9-HFO22_9TIFik_kYR33hCvPGAG-X04lw" start="20221130150000 +0000" stop="20221130163000 +0000" catchup-id="0devZhQ6Jx9znnRIGMLjJCl6LPdckIHDO7GKbA2t"><title>Young A-Cup Wives Drain Rod</title><date></date><icon src="https://m7be2.solocoo.tv/m7be2iphone/mmchan/mpimages/260x145/tDlD6E6HGZRK07SlD4vubw.jpg"></icon><desc></desc><category></category></programme><programme channel="uzzOPjn9-HFO22_9TIFik_kYR33hCvPGAG-X04lw" start="20221130163000 +0000" stop="20221130180000 +0000" catchup-id="XA7AXGmqNsvFOsgVMMaJJX3hUGhlwJgf9qyp4blB"><title>Lesbians Explore Curvy Lovers</title><date></date><icon src="https://m7be2.solocoo.tv/m7be2iphone/mmchan/mpimages/260x145/tDlD6E6HGZRK07SlD4vubw.jpg"></icon><desc></desc><category></category></programme><programme channel="uzzOPjn9-HFO22_9TIFik_kYR33hCvPGAG-X04lw" start="20221130180000 +0000" stop="20221130193000 +0000" catchup-id="mUu6Zt4pX3lGUKrysngb_MPdJXwJdJ7grf9VWWqy"><title>10 Best: All-Natural Teen Massages #2</title><date></date><icon src="https://m7be2.solocoo.tv/m7be2iphone/mmchan/mpimages/260x145/tDlD6E6HGZRK07SlD4vubw.jpg"></icon><desc></desc><category></category></programme><programme channel="uzzOPjn9-HFO22_9TIFik_kYR33hCvPGAG-X04lw" start="20221130193000 +0000" stop="20221130210000 +0000" catchup-id="q2E4IUwuwFTQBnp5V0vUbdG8XWrVEmMI0xYYBmCY"><title>Plump-Rump Hotwife Romps</title><date></date><icon src="https://m7be2.solocoo.tv/m7be2iphone/mmchan/mpimages/260x145/tDlD6E6HGZRK07SlD4vubw.jpg"></icon><desc></desc><category></category></programme><programme channel="uzzOPjn9-HFO22_9TIFik_kYR33hCvPGAG-X04lw" start="20221130210000 +0000" stop="20221130220000 +0000" catchup-id="UiHdjt5QiXfvK29wO01IUuS69ceeQAllFsIyBCPx"><title>Stepfamily Facials</title><date></date><icon src="https://m7be2.solocoo.tv/m7be2iphone/mmchan/mpimages/260x145/tDlD6E6HGZRK07SlD4vubw.jpg"></icon><desc></desc><category></category></programme><programme channel="uzzOPjn9-HFO22_9TIFik_kYR33hCvPGAG-X04lw" start="20221130220000 +0000" stop="20221130233000 +0000" catchup-id="Vvfce7eF-TvvzhvpPDldNBABf6kQzfemXJXLDAxL"><title>Young GILFs Gag on Girth</title><date></date><icon src="https://m7be2.solocoo.tv/m7be2iphone/mmchan/mpimages/260x145/tDlD6E6HGZRK07SlD4vubw.jpg"></icon><desc></desc><category></category></programme><programme channel="uzzOPjn9-HFO22_9TIFik_kYR33hCvPGAG-X04lw" start="20221130233000 +0000" stop="20221201010000 +0000" catchup-id="LYNlURN1JVjqoxQvFi0rmHzsdeko5sHzJMkYsYPe"><title>Sensual 19YO SchoolGirl Seductions</title><date></date><icon src="https://m7be2.solocoo.tv/m7be2iphone/mmchan/mpimages/260x145/tDlD6E6HGZRK07SlD4vubw.jpg"></icon><desc></desc><category></category></programme><programme channel="uzzOPjn9-HFO22_9TIFik_kYR33hCvPGAG-X04lw" start="20221201010000 +0000" stop="20221201023000 +0000" catchup-id="HGeF6YZCp5TXmRcxkbnFjmrXLVF_kUJrKeEgm4Hf"><title>Desires Of A Young, Wet Housewife</title><date></date><icon src="https://m7be2.solocoo.tv/m7be2iphone/mmchan/mpimages/260x145/tDlD6E6HGZRK07SlD4vubw.jpg"></icon><desc></desc><category></category></programme><programme channel="uzzOPjn9-HFO22_9TIFik_kYR33hCvPGAG-X04lw" start="20221201023000 +0000" stop="20221201040000 +0000" catchup-id="hj_d3sZUGSCuJPkBAVasmdm-Y7VbHkVahUb8Ju6k"><title>10 Best: Step18YO Nymphs</title><date></date><icon src="https://m7be2.solocoo.tv/m7be2iphone/mmchan/mpimages/260x145/tDlD6E6HGZRK07SlD4vubw.jpg"></icon><desc></desc><category></category></programme><programme channel="uzzOPjn9-HFO22_9TIFik_kYR33hCvPGAG-X04lw" start="20221201040000 +0000" stop="20221201043000 +0000" catchup-id="6rHmzueEweSXcG4oQqyRV2zUW7Uuwg5IkfaWUybJ"><title>Hustler TV Clips</title><date></date><icon src="https://m7be2.solocoo.tv/m7be2iphone/mmchan/mpimages/260x145/tDlD6E6HGZRK07SlD4vubw.jpg"></icon><desc></desc><category></category></programme><programme channel="uzzOPjn9-HFO22_9TIFik_kYR33hCvPGAG-X04lw" start="20221201043000 +0000" stop="20221201060000 +0000" catchup-id="lFEr_vJDDsmJYo_qbU4fJLC5O5QbYIPIsNHgyWRv"><title>Extra-Curvy MILF Queens Penetrated</title><date></date><icon src="https://m7be2.solocoo.tv/m7be2iphone/mmchan/mpimages/260x145/tDlD6E6HGZRK07SlD4vubw.jpg"></icon><desc></desc><category></category></programme><programme channel="uzzOPjn9-HFO22_9TIFik_kYR33hCvPGAG-X04lw" start="20221201060000 +0000" stop="20221201073000 +0000" catchup-id="ESdHf_jtTB9anSuhFIbvfpCXNsAzRfYUKFE53JEZ"><title>Naturally Busty &amp; 25YOs</title><date></date><icon src="https://m7be2.solocoo.tv/m7be2iphone/mmchan/mpimages/260x145/tDlD6E6HGZRK07SlD4vubw.jpg"></icon><desc></desc><category></category></programme><programme channel="uzzOPjn9-HFO22_9TIFik_kYR33hCvPGAG-X04lw" start="20221201073000 +0000" stop="20221201090000 +0000" catchup-id="KjzfnRNAZhlKva7qK_D0jrzvbNFMYPbuMpjmnzCh"><title>Lesbian Love Triangles #38</title><date></date><icon src="https://m7be2.solocoo.tv/m7be2iphone/mmchan/mpimages/260x145/tDlD6E6HGZRK07SlD4vubw.jpg"></icon><desc></desc><category></category></programme><programme channel="uzzOPjn9-HFO22_9TIFik_kYR33hCvPGAG-X04lw" start="20221201090000 +0000" stop="20221201103000 +0000" catchup-id="iY9l5QkfNJzTuWGLu96UfXSAXtYZKtj15UPfhZOK"><title>Handyman Threeways: Interracial</title><date></date><icon src="https://m7be2.solocoo.tv/m7be2iphone/mmchan/mpimages/260x145/tDlD6E6HGZRK07SlD4vubw.jpg"></icon><desc></desc><category></category></programme><programme channel="uzzOPjn9-HFO22_9TIFik_kYR33hCvPGAG-X04lw" start="20221201103000 +0000" stop="20221201120000 +0000" catchup-id="x6Gw4INkS1S9D3vrqcwfrf-e4KzbVuaA0CVcQYEM"><title>Lingerie Petites: Creampied &amp; More!</title><date></date><icon src="https://m7be2.solocoo.tv/m7be2iphone/mmchan/mpimages/260x145/tDlD6E6HGZRK07SlD4vubw.jpg"></icon><desc></desc><category></category></programme><programme channel="uzzOPjn9-HFO22_9TIFik_kYR33hCvPGAG-X04lw" start="20221201120000 +0000" stop="20221201133000 +0000" catchup-id="c2g1CBqn-GxSbXjlo2O6vm8m67819QhoT34jl15r"><title>Ravenous Busty Blondes Boned</title><date></date><icon src="https://m7be2.solocoo.tv/m7be2iphone/mmchan/mpimages/260x145/tDlD6E6HGZRK07SlD4vubw.jpg"></icon><desc></desc><category></category></programme><programme channel="uzzOPjn9-HFO22_9TIFik_kYR33hCvPGAG-X04lw" start="20221201133000 +0000" stop="20221201150000 +0000" catchup-id="E0T2wY3aORQ-4lg-XiTAQPJdaFWtdq1mKMnyv6EO"><title>Eager Wives Drilled And Filled</title><date></date><icon src="https://m7be2.solocoo.tv/m7be2iphone/mmchan/mpimages/260x145/tDlD6E6HGZRK07SlD4vubw.jpg"></icon><desc></desc><category></category></programme><programme channel="uzzOPjn9-HFO22_9TIFik_kYR33hCvPGAG-X04lw" start="20221201150000 +0000" stop="20221201163000 +0000" catchup-id="280OqPYp-UWHipG0x5wS_ygm36Jpu3XgIMPycyQe"><title>9-1-1 Cop Knockers</title><date></date><icon src="https://m7be2.solocoo.tv/m7be2iphone/mmchan/mpimages/260x145/tDlD6E6HGZRK07SlD4vubw.jpg"></icon><desc></desc><category></category></programme><programme channel="uzzOPjn9-HFO22_9TIFik_kYR33hCvPGAG-X04lw" start="20221201163000 +0000" stop="20221201180000 +0000" catchup-id="wQwvgs3GhSkd9V_tOVUDjOO_YHBXVhD1eLVhfoKP"><title>Legal Student Body Bangs</title><date></date><icon src="https://m7be2.solocoo.tv/m7be2iphone/mmchan/mpimages/260x145/tDlD6E6HGZRK07SlD4vubw.jpg"></icon><desc></desc><category></category></programme><programme channel="uzzOPjn9-HFO22_9TIFik_kYR33hCvPGAG-X04lw" start="20221201180000 +0000" stop="20221201193000 +0000" catchup-id="Y-Qu8S0gmcj99AFvcv5Wdkm6vnmkeEyDCQcmtqZL"><title>MILF Butts Gape For Big Black Shaft</title><date></date><icon src="https://m7be2.solocoo.tv/m7be2iphone/mmchan/mpimages/260x145/tDlD6E6HGZRK07SlD4vubw.jpg"></icon><desc></desc><category></category></programme><programme channel="uzzOPjn9-HFO22_9TIFik_kYR33hCvPGAG-X04lw" start="20221201193000 +0000" stop="20221201210000 +0000" catchup-id="oa_j0ELmRNO6n_9ACg3Tthch6dgWwtm16tPJpWgF"><title>Yummy Trans Bootys Bang Better!</title><date></date><icon src="https://m7be2.solocoo.tv/m7be2iphone/mmchan/mpimages/260x145/tDlD6E6HGZRK07SlD4vubw.jpg"></icon><desc></desc><category></category></programme><programme channel="uzzOPjn9-HFO22_9TIFik_kYR33hCvPGAG-X04lw" start="20221201210000 +0000" stop="20221201220000 +0000" catchup-id="HafjXMKnMkXLMB0SJnHNG76yA6DxwCUh74q90IXL"><title>MILF Bush Gets Lovin' &amp; Stuffin'!</title><date></date><icon src="https://m7be2.solocoo.tv/m7be2iphone/mmchan/mpimages/260x145/tDlD6E6HGZRK07SlD4vubw.jpg"></icon><desc></desc><category></category></programme><programme channel="uzzOPjn9-HFO22_9TIFik_kYR33hCvPGAG-X04lw" start="20221201220000 +0000" stop="20221201233000 +0000" catchup-id="DlhiTEQJlVh_5jrrQPmBl-6P09ifFLZHIbYBqNrz"><title>A-Cup Angels Gone Filthy</title><date></date><icon src="https://m7be2.solocoo.tv/m7be2iphone/mmchan/mpimages/260x145/tDlD6E6HGZRK07SlD4vubw.jpg"></icon><desc></desc><category></category></programme><programme channel="uzzOPjn9-HFO22_9TIFik_kYR33hCvPGAG-X04lw" start="20221201233000 +0000" stop="20221202010000 +0000" catchup-id="7dCZueFSdQ4k3sG8Tk1hv-K-asGvvEGdWv_lo3Ke"><title>Perfect Wives Ride Hung Hubbys</title><date></date><icon src="https://m7be2.solocoo.tv/m7be2iphone/mmchan/mpimages/260x145/tDlD6E6HGZRK07SlD4vubw.jpg"></icon><desc></desc><category></category></programme><programme channel="uzzOPjn9-HFO22_9TIFik_kYR33hCvPGAG-X04lw" start="20221202010000 +0000" stop="20221202023000 +0000" catchup-id="yMNUB7LqY98CN2m7O-KC7Nt6AIRUbzyCdBSzo86M"><title>Perky Babes Want Pole</title><date></date><icon src="https://m7be2.solocoo.tv/m7be2iphone/mmchan/mpimages/260x145/tDlD6E6HGZRK07SlD4vubw.jpg"></icon><desc></desc><category></category></programme><programme channel="uzzOPjn9-HFO22_9TIFik_kYR33hCvPGAG-X04lw" start="20221202023000 +0000" stop="20221202040000 +0000" catchup-id="AEX773Ay37I_m-MzG1hQRubAAkR6wV2XrxCRh04Y"><title>MILFs With Natural Boobs &amp; Bush</title><date></date><icon src="https://m7be2.solocoo.tv/m7be2iphone/mmchan/mpimages/260x145/tDlD6E6HGZRK07SlD4vubw.jpg"></icon><desc></desc><category></category></programme><programme channel="uzzOPjn9-HFO22_9TIFik_kYR33hCvPGAG-X04lw" start="20221202040000 +0000" stop="20221202043000 +0000" catchup-id="Z0dN-BZ_y0Imp9lt-IIaIqUXXYVAoc3ZqHBhz-7s"><title>Hustler TV Clips</title><date></date><icon src="https://m7be2.solocoo.tv/m7be2iphone/mmchan/mpimages/260x145/tDlD6E6HGZRK07SlD4vubw.jpg"></icon><desc></desc><category></category></programme><programme channel="uzzOPjn9-HFO22_9TIFik_kYR33hCvPGAG-X04lw" start="20221202043000 +0000" stop="20221202060000 +0000" catchup-id="0a53ghNDAVBSV1LJk1PL92Ktjn_KNeoXPNhwA2-M"><title>Young GILFs Gag on Girth</title><date></date><icon src="https://m7be2.solocoo.tv/m7be2iphone/mmchan/mpimages/260x145/tDlD6E6HGZRK07SlD4vubw.jpg"></icon><desc></desc><category></category></programme><programme channel="uzzOPjn9-HFO22_9TIFik_kYR33hCvPGAG-X04lw" start="20221202060000 +0000" stop="20221202073000 +0000" catchup-id="O4A_vKvFIhNhXCVXSR--CE1B_8cL1uwAXH9DrNrd"><title>Raw &amp; Risque Wives In Red Lingerie</title><date></date><icon src="https://m7be2.solocoo.tv/m7be2iphone/mmchan/mpimages/260x145/tDlD6E6HGZRK07SlD4vubw.jpg"></icon><desc></desc><category></category></programme><programme channel="uzzOPjn9-HFO22_9TIFik_kYR33hCvPGAG-X04lw" start="20221202073000 +0000" stop="20221202090000 +0000" catchup-id="5m9s9K3IMhRLWWAmY_9Dbe4kj3OVJXiX9PxFl1Bc"><title>Big-Boob Lesbian Licks &amp; Fingerbangs</title><date></date><icon src="https://m7be2.solocoo.tv/m7be2iphone/mmchan/mpimages/260x145/tDlD6E6HGZRK07SlD4vubw.jpg"></icon><desc></desc><category></category></programme><programme channel="uzzOPjn9-HFO22_9TIFik_kYR33hCvPGAG-X04lw" start="20221202090000 +0000" stop="20221202103000 +0000" catchup-id="65UDh0ODe7FXF6v_VoT4q69HNgnzNzskVpbp2ERx"><title>Foot Fetish Foxes</title><date></date><icon src="https://m7be2.solocoo.tv/m7be2iphone/mmchan/mpimages/260x145/tDlD6E6HGZRK07SlD4vubw.jpg"></icon><desc></desc><category></category></programme><programme channel="uzzOPjn9-HFO22_9TIFik_kYR33hCvPGAG-X04lw" start="20221202103000 +0000" stop="20221202120000 +0000" catchup-id="VQUVR4lIwI0zWm60DJLitE5gqgK1aH63KlZm6iPT"><title>20YO Asian College Student Sex</title><date></date><icon src="https://m7be2.solocoo.tv/m7be2iphone/mmchan/mpimages/260x145/tDlD6E6HGZRK07SlD4vubw.jpg"></icon><desc></desc><category></category></programme><programme channel="uzzOPjn9-HFO22_9TIFik_kYR33hCvPGAG-X04lw" start="20221202120000 +0000" stop="20221202133000 +0000" catchup-id="WtJzCkd215ZklrgWn1GV__9RSp5Mq1Lm4ORDrmFy"><title>Plaid-Clad 18YOs Seduce Professors</title><date></date><icon src="https://m7be2.solocoo.tv/m7be2iphone/mmchan/mpimages/260x145/tDlD6E6HGZRK07SlD4vubw.jpg"></icon><desc></desc><category></category></programme><programme channel="uzzOPjn9-HFO22_9TIFik_kYR33hCvPGAG-X04lw" start="20221202133000 +0000" stop="20221202150000 +0000" catchup-id="5k-ebs3hHW6gFmjxKEhQ3xlPZZugmdB8KhVwguKE"><title>Spunked And Pumped Curvy Wives</title><date></date><icon src="https://m7be2.solocoo.tv/m7be2iphone/mmchan/mpimages/260x145/tDlD6E6HGZRK07SlD4vubw.jpg"></icon><desc></desc><category></category></programme><programme channel="uzzOPjn9-HFO22_9TIFik_kYR33hCvPGAG-X04lw" start="20221202150000 +0000" stop="20221202163000 +0000" catchup-id="eaAIfsuvVF0OW4yhH_P0uDzaPsWMUYwhlecW-zvH"><title>Pristine Teens Love Big Pole</title><date></date><icon src="https://m7be2.solocoo.tv/m7be2iphone/mmchan/mpimages/260x145/tDlD6E6HGZRK07SlD4vubw.jpg"></icon><desc></desc><category></category></programme><programme channel="uzzOPjn9-HFO22_9TIFik_kYR33hCvPGAG-X04lw" start="20221202163000 +0000" stop="20221202180000 +0000" catchup-id="X3qF-bztmTJAyvXbsVhYrHNoF7MVWqigCcDD7EbA"><title>99lb Young Wife Massages</title><date></date><icon src="https://m7be2.solocoo.tv/m7be2iphone/mmchan/mpimages/260x145/tDlD6E6HGZRK07SlD4vubw.jpg"></icon><desc></desc><category></category></programme><programme channel="uzzOPjn9-HFO22_9TIFik_kYR33hCvPGAG-X04lw" start="20221202180000 +0000" stop="20221202193000 +0000" catchup-id="sbPtknis8zdh7DRirAyVjWbOmsTvmtzoQ6RgJFVX"><title>3-Ways: Big Booty Babes Analed</title><date></date><icon src="https://m7be2.solocoo.tv/m7be2iphone/mmchan/mpimages/260x145/tDlD6E6HGZRK07SlD4vubw.jpg"></icon><desc></desc><category></category></programme><programme channel="uzzOPjn9-HFO22_9TIFik_kYR33hCvPGAG-X04lw" start="20221202193000 +0000" stop="20221202210000 +0000" catchup-id="gRCYzcED53QDy_seqLqmZPEvWGyxe0ihHauFS9wh"><title>Wives Take It Up the Butt</title><date></date><icon src="https://m7be2.solocoo.tv/m7be2iphone/mmchan/mpimages/260x145/tDlD6E6HGZRK07SlD4vubw.jpg"></icon><desc></desc><category></category></programme><programme channel="uzzOPjn9-HFO22_9TIFik_kYR33hCvPGAG-X04lw" start="20221202210000 +0000" stop="20221202220000 +0000" catchup-id="GV6ozcvP-v2rxCK2IQbO-gENJ7jz0NFt0QkVxGHW"><title>Barely Legal #182: Solo, Then Stuffed</title><date></date><icon src="https://m7be2.solocoo.tv/m7be2iphone/mmchan/mpimages/260x145/tDlD6E6HGZRK07SlD4vubw.jpg"></icon><desc></desc><category></category></programme><programme channel="uzzOPjn9-HFO22_9TIFik_kYR33hCvPGAG-X04lw" start="20221202220000 +0000" stop="20221202233000 +0000" catchup-id="IpA71XarcjqwYrrf1ZJIxEQDs_IJQruAkD9fwz3D"><title>Real Boob Babes Banged</title><date></date><icon src="https://m7be2.solocoo.tv/m7be2iphone/mmchan/mpimages/260x145/tDlD6E6HGZRK07SlD4vubw.jpg"></icon><desc></desc><category></category></programme><programme channel="uzzOPjn9-HFO22_9TIFik_kYR33hCvPGAG-X04lw" start="20221202233000 +0000" stop="20221203010000 +0000" catchup-id="gmULLPyIj94yoNvWxiYGouRjdVJ9gho2pOqidnnl"><title>Hardcore College Cuties Cram</title><date></date><icon src="https://m7be2.solocoo.tv/m7be2iphone/mmchan/mpimages/260x145/tDlD6E6HGZRK07SlD4vubw.jpg"></icon><desc></desc><category></category></programme><programme channel="uzzOPjn9-HFO22_9TIFik_kYR33hCvPGAG-X04lw" start="20221203010000 +0000" stop="20221203023000 +0000" catchup-id="p9jozw4pxcLZ8dFJYFfj8jFV1JEJZU9aQ4OI5KBG"><title>10 Best: All-Natural Teen Massages #2</title><date></date><icon src="https://m7be2.solocoo.tv/m7be2iphone/mmchan/mpimages/260x145/tDlD6E6HGZRK07SlD4vubw.jpg"></icon><desc></desc><category></category></programme><programme channel="uzzOPjn9-HFO22_9TIFik_kYR33hCvPGAG-X04lw" start="20221203023000 +0000" stop="20221203040000 +0000" catchup-id="of3lbh4_9KBUOzWEgB0-NuQ_nyH5k3QLMXANqrvX"><title>Plump-Rump Hotwife Romps</title><date></date><icon src="https://m7be2.solocoo.tv/m7be2iphone/mmchan/mpimages/260x145/tDlD6E6HGZRK07SlD4vubw.jpg"></icon><desc></desc><category></category></programme><programme channel="uzzOPjn9-HFO22_9TIFik_kYR33hCvPGAG-X04lw" start="20221203040000 +0000" stop="20221203043000 +0000" catchup-id="HHnDaGUyDs-HwJw-ReXCt4-iIALhhQXX3T5-AzRO"><title>Hustler TV Clips</title><date></date><icon src="https://m7be2.solocoo.tv/m7be2iphone/mmchan/mpimages/260x145/tDlD6E6HGZRK07SlD4vubw.jpg"></icon><desc></desc><category></category></programme><programme channel="uzzOPjn9-HFO22_9TIFik_kYR33hCvPGAG-X04lw" start="20221203043000 +0000" stop="20221203060000 +0000" catchup-id="fQPdkmyZBC92yVOsIz1cmSgQyASAIjdF61Qmc4Jz"><title>A-Cup Angels Gone Filthy</title><date></date><icon src="https://m7be2.solocoo.tv/m7be2iphone/mmchan/mpimages/260x145/tDlD6E6HGZRK07SlD4vubw.jpg"></icon><desc></desc><category></category></programme><programme channel="uzzOPjn9-HFO22_9TIFik_kYR33hCvPGAG-X04lw" start="20221203060000 +0000" stop="20221203073000 +0000" catchup-id="KdcwerEy9uHF_UCPAyWNDgcJYIRVB-wDVuYKaxLE"><title>Perfect Wives Ride Hung Hubbys</title><date></date><icon src="https://m7be2.solocoo.tv/m7be2iphone/mmchan/mpimages/260x145/tDlD6E6HGZRK07SlD4vubw.jpg"></icon><desc></desc><category></category></programme><programme channel="uzzOPjn9-HFO22_9TIFik_kYR33hCvPGAG-X04lw" start="20221203073000 +0000" stop="20221203090000 +0000" catchup-id="5jZyj2ML0I6FEsxgbrZqJ7L-NgWkyOhMoGtAiDAr"><title>Threesomes: 2 Chicks Worship 1 Stick</title><date></date><icon src="https://m7be2.solocoo.tv/m7be2iphone/mmchan/mpimages/260x145/tDlD6E6HGZRK07SlD4vubw.jpg"></icon><desc></desc><category></category></programme><programme channel="uzzOPjn9-HFO22_9TIFik_kYR33hCvPGAG-X04lw" start="20221203090000 +0000" stop="20221203103000 +0000" catchup-id="dOBLysSCc8t-mGmlY-jNCqu3deLEpAc4KKgzIbQo"><title>Sinful Wives Gulp Large Loads</title><date></date><icon src="https://m7be2.solocoo.tv/m7be2iphone/mmchan/mpimages/260x145/tDlD6E6HGZRK07SlD4vubw.jpg"></icon><desc></desc><category></category></programme><programme channel="uzzOPjn9-HFO22_9TIFik_kYR33hCvPGAG-X04lw" start="20221203103000 +0000" stop="20221203120000 +0000" catchup-id="Zlb022uXvLjeYWJ2Vd92BogKcRB7uuSQKlJ6Cv8H"><title>Seed-Covered Petite Babes</title><date></date><icon src="https://m7be2.solocoo.tv/m7be2iphone/mmchan/mpimages/260x145/tDlD6E6HGZRK07SlD4vubw.jpg"></icon><desc></desc><category></category></programme><programme channel="uzzOPjn9-HFO22_9TIFik_kYR33hCvPGAG-X04lw" start="20221203120000 +0000" stop="20221203133000 +0000" catchup-id="tBBf6FIL-ToFbvJPFCFoHH0baM3oiIiIj6awmUfp"><title>Young Wives Cheating Fantasies</title><date></date><icon src="https://m7be2.solocoo.tv/m7be2iphone/mmchan/mpimages/260x145/tDlD6E6HGZRK07SlD4vubw.jpg"></icon><desc></desc><category></category></programme><programme channel="uzzOPjn9-HFO22_9TIFik_kYR33hCvPGAG-X04lw" start="20221203133000 +0000" stop="20221203150000 +0000" catchup-id="krkHeBXdmlc61QWAjL8pvys4wCy08SLnD41ZTIUg"><title>Babes Take Big Bones</title><date></date><icon src="https://m7be2.solocoo.tv/m7be2iphone/mmchan/mpimages/260x145/tDlD6E6HGZRK07SlD4vubw.jpg"></icon><desc></desc><category></category></programme><programme channel="uzzOPjn9-HFO22_9TIFik_kYR33hCvPGAG-X04lw" start="20221203150000 +0000" stop="20221203163000 +0000" catchup-id="YZ1crTiu9BtI0EQTd7QbG8WYGwFo333QVpl5GHGN"><title>Please Make Me Lesbian #22</title><date></date><icon src="https://m7be2.solocoo.tv/m7be2iphone/mmchan/mpimages/260x145/tDlD6E6HGZRK07SlD4vubw.jpg"></icon><desc></desc><category></category></programme><programme channel="uzzOPjn9-HFO22_9TIFik_kYR33hCvPGAG-X04lw" start="20221203163000 +0000" stop="20221203180000 +0000" catchup-id="aNuDydPGdPdNQxj5aiBvtpYiTfEwemtP3NDtbMcJ"><title>Freaky Cosplay Bang</title><date></date><icon src="https://m7be2.solocoo.tv/m7be2iphone/mmchan/mpimages/260x145/tDlD6E6HGZRK07SlD4vubw.jpg"></icon><desc></desc><category></category></programme><programme channel="uzzOPjn9-HFO22_9TIFik_kYR33hCvPGAG-X04lw" start="20221203180000 +0000" stop="20221203193000 +0000" catchup-id="EYr_rqXLjzTNDRzyyYMTmUgqRURoCYipTvWFwpq-"><title>DD Pink-Tonguing Lesbian MILFs</title><date></date><icon src="https://m7be2.solocoo.tv/m7be2iphone/mmchan/mpimages/260x145/tDlD6E6HGZRK07SlD4vubw.jpg"></icon><desc></desc><category></category></programme><programme channel="uzzOPjn9-HFO22_9TIFik_kYR33hCvPGAG-X04lw" start="20221203193000 +0000" stop="20221203210000 +0000" catchup-id="Pb1iIgrXF1PHejZ13fKGqWBkIP3jIpzmcoJ0LrbB"><title>Extra-Curvy MILF Queens Penetrated</title><date></date><icon src="https://m7be2.solocoo.tv/m7be2iphone/mmchan/mpimages/260x145/tDlD6E6HGZRK07SlD4vubw.jpg"></icon><desc></desc><category></category></programme><programme channel="uzzOPjn9-HFO22_9TIFik_kYR33hCvPGAG-X04lw" start="20221203210000 +0000" stop="20221203220000 +0000" catchup-id="f8OuDCEN_nA4ojzw_ZalZ0chS-firweAI0aanort"><title>8 Yoga Lesbos Bend Over</title><date></date><icon src="https://m7be2.solocoo.tv/m7be2iphone/mmchan/mpimages/260x145/tDlD6E6HGZRK07SlD4vubw.jpg"></icon><desc></desc><category></category></programme><programme channel="uzzOPjn9-HFO22_9TIFik_kYR33hCvPGAG-X04lw" start="20221203220000 +0000" stop="20221203233000 +0000" catchup-id="YLcdWwWdfGq2yfBd6LSDctYj2jcNlpA37LHlBncC"><title>Gaped Anal MILFs' Interracial Trysts</title><date></date><icon src="https://m7be2.solocoo.tv/m7be2iphone/mmchan/mpimages/260x145/tDlD6E6HGZRK07SlD4vubw.jpg"></icon><desc></desc><category></category></programme>